c ---- [ banner ] ------------------------------------------------------------
c
c Kissat SAT Solver
c 
c Copyright (c) 2021-2024 Armin Biere University of Freiburg
c Copyright (c) 2019-2021 Armin Biere Johannes Kepler University Linz
c 
c Version 4.0.4 unknown
c Apple clang version 17.0.0 (clang-1700.3.19.1) -W -Wall -O3 -DNDEBUG
c Thu Oct 16 20:09:41 UTC 2025 Darwin Tahoe-arm64.local 25.0.0 arm64
c
c ---- [ parsing ] -----------------------------------------------------------
c
c opened and reading DIMACS file:
c
c   /Users/rwalters/lean-genius-erdos85-goal48-sol3/q9-solver-controls/runs/001-N63-m21/input.cnf
c
c parsed 'p cnf 11074 38347' header
c closing input after reading 528820 bytes (516 KB)
c finished parsing after 0.00 seconds
c
c ---- [ options ] -----------------------------------------------------------
c
c --restartint=50                  (different from default '1')
c --target=2                       (different from default '1')
c
c ---- [ solving ] -----------------------------------------------------------
c
c seconds switched rate     size/glue tier1  binary          remaining
c        MB reductions conflicts size  tier2     irredundant
c         level restarts redundant glue  trail          variables
c
c *  0.00  5 0 0 0  0 0   0   0 0.0 0 0 0 0 0% 26995 10968 10930 99%
c (  0.00  5 0 0 0  0 0   0   0 0.0 0 0 0 0 0% 26995 10968 10930 99%
c .  0.01  5 0 0 0  0 0   0   0 0.0 0 0 0 0 0% 26852 10830 10930 99%
c c  0.01  8 0 0 0  0 0   0   0 0.0 0 0 0 0 0% 26914 10770 10863 98%
c d  0.01  8 0 0 0  0 0   0   0 0.0 0 0 0 0 0% 26780 10770 10863 98%
c =  0.03  9 0 0 0  0 0   0   0 0.0 0 0 0 0 0% 26878 10654 10676 96%
c d  0.03  9 0 0 0  0 0   0   0 0.0 0 0 0 0 0% 26729 10616 10676 96%
c f  0.03  9 0 0 0  0 0   0   0 0.0 0 0 0 0 0% 26541 10616 10690 97%
c )  0.03  9 0 0 0  0 0   0   0 0.0 0 0 0 0 0% 26541 10616 10690 97%
c {  0.04  9 0 0 0  0 0   0   0 0.0 0 0 2 6 0% 26541 10616 10690 97%
c i  0.06  9 33 0 0  7 3 636 602 2.9 30 10 5 12 65% 26549 10616 10684 96%
c -  0.07  9 33 0 1 11 2 1001 683 2.7 30 11 4 15 59% 26288 10616 10684 96%
c }  0.07  9 33 1 1 11 2 1001 683 2.7 30 11 4 15 59% 26288 10616 10684 96%
c [  0.07  9 0 1 1 11 0 1001 683 0.0 0 0 2 6 0% 26288 10616 10684 96%
c B  0.07  9 0 1 1 11 0 1001 683 0.0 0 0 2 6 0% 26288 10616 10684 96%
c i  0.07  9 92 1 1 11 92 1002 683 0.0 1 0 2 6 33% 26288 10616 10682 96%
c ]  0.10 10 41 2 1 11 2 1802 1417 1.6 31 19 5 25 63% 26295 10616 10682 96%
c {  0.10 10 33 2 1 11 2 1802 1417 2.7 30 11 4 15 59% 26295 10616 10682 96%
c -  0.11 10 30 2 2 12 2 2003 1482 2.9 31 11 4 14 61% 26294 10616 10682 96%
c u  0.14 11 23 2 2 12 2 2584 2042 3.3 30 9 4 14 64% 26304 10602 10682 96%
c
c seconds  switched rate       size/glue tier1     binary          remaining
c        MB reductions conflicts     size  tier2       irredundant
c         level restarts  redundant    glue    trail          variables
c
c v  0.14 11 23 2 2 12 2 2584 2042 3.3 30 9 4 14 64% 26304 10602 10682 96%
c w  0.14 11 23 2 2 12 2 2584 2042 3.3 30 9 4 14 64% 26304 10602 10682 96%
c d  0.16 11 23 2 2 12 2 2584 2042 3.3 30 9 4 14 64% 26292 10602 10676 96%
c t  0.16 11 23 2 2 12 2 2584 2042 3.3 30 9 4 14 64% 26291 10602 10676 96%
c f  0.16 11 23 2 2 12 2 2584 2042 3.3 30 9 4 14 64% 26290 10602 10677 96%
c u  0.17 11 23 2 2 12 2 2584 2012 3.3 30 9 4 14 64% 26290 10602 10677 96%
c v  0.17 11 23 2 2 12 2 2584 2006 3.3 30 9 4 14 64% 26290 10602 10677 96%
c w  0.17 11 23 2 2 12 2 2584 2004 3.3 30 9 4 14 64% 26290 10602 10677 96%
c t  0.18 11 23 2 2 12 2 2584 2004 3.3 30 9 4 14 64% 26289 10602 10677 96%
c }  0.19 11 22 3 2 12 2 2802 2218 3.4 31 9 4 14 65% 26291 10602 10677 96%
c [  0.19 11 41 3 2 12 2 2802 2218 1.6 31 19 5 25 63% 26291 10602 10677 96%
c W  0.19 12 41 3 2 12 2 2802 2218 1.6 31 19 5 25 63% 26291 10602 10677 96%
c -  0.22 12 37 3 3 12 2 3417 2439 1.7 35 21 5 26 66% 26291 10602 10677 96%
c ]  0.23 12 37 4 3 12 2 3500 2504 1.7 35 21 5 26 66% 26292 10602 10677 96%
c {  0.23 12 22 4 3 12 2 3500 2504 3.4 31 9 4 14 65% 26292 10602 10677 96%
c -  0.30 12 29 4 4 39 2 5150 3600 3.1 34 11 3 12 68% 26301 10602 10677 96%
c }  0.33 12 31 5 4 45 2 5854 4267 3.1 35 11 3 12 67% 26303 10602 10677 96%
c [  0.33 12 37 5 4 45 2 5854 4267 1.7 35 21 5 26 66% 26303 10602 10677 96%
c I  0.33 12 37 5 4 45 2 5854 4267 1.7 35 21 5 26 66% 26303 10602 10677 96%
c -  0.38 12 34 5 5 46 2 7150 4563 1.6 29 17 3 23 59% 26311 10602 10677 96%
c
c seconds  switched rate       size/glue  tier1     binary          remaining
c        MB reductions conflicts     size   tier2       irredundant
c         level restarts  redundant     glue    trail          variables
c
c u  0.42 12 34 5 5 47 2 7960 5236 1.7 29 17 3 23 60% 26313 10602 10677 96%
c v  0.43 13 34 5 5 47 2 7960 5229 1.7 29 17 3 23 60% 26313 10602 10677 96%
c w  0.43 13 34 5 5 47 2 7960 5226 1.7 29 17 3 23 60% 26313 10602 10677 96%
c x  0.44 13 34 5 5 47 2 7960 5226 1.7 29 17 3 23 60% 26315 10599 10669 96%
c =  0.47 13 34 5 5 47 2 7960 5226 1.7 29 17 3 23 60% 26329 10586 10662 96%
c d  0.47 13 34 5 5 47 2 7960 5226 1.7 29 17 3 23 60% 26308 10586 10662 96%
c t  0.48 13 34 5 5 47 2 7960 5226 1.7 29 17 3 23 60% 26299 10586 10662 96%
c b  0.48 13 34 5 5 47 2 7960 5226 1.7 29 17 3 23 60% 26299 10586 10659 96%
c b  0.48 13 34 5 5 47 2 7960 5226 1.7 29 17 3 23 60% 26303 10580 10647 96%
c u  0.49 13 34 5 5 47 2 7960 5146 1.7 29 17 3 23 60% 26309 10580 10647 96%
c v  0.49 13 34 5 5 47 2 7960 5143 1.7 29 17 3 23 60% 26308 10580 10647 96%
c w  0.50 13 34 5 5 47 2 7960 5140 1.7 29 17 3 23 60% 26308 10580 10647 96%
c x  0.50 13 34 5 5 47 2 7960 5140 1.7 29 17 3 23 60% 26330 10551 10641 96%
c =  0.54 13 34 5 5 47 2 7960 5140 1.7 29 17 3 23 60% 26341 10544 10632 96%
c d  0.54 13 34 5 5 47 2 7960 5139 1.7 29 17 3 23 60% 26290 10542 10622 96%
c t  0.54 13 34 5 5 47 2 7960 5139 1.7 29 17 3 23 60% 26286 10542 10622 96%
c f  0.54 13 34 5 5 47 2 7960 5139 1.7 29 17 3 23 60% 26283 10542 10624 96%
c i  0.54 13 34 5 5 47 2 7960 5139 1.7 29 17 3 23 60% 26283 10542 10624 96%
c ]  0.55 13 34 6 5 47 2 8211 5362 1.7 30 17 3 23 61% 26283 10542 10624 96%
c {  0.55 13 31 6 5 47 2 8211 5362 3.1 35 11 3 12 67% 26283 10542 10624 96%
c
c seconds  switched rate       size/glue  tier1     binary          remaining
c        MB reductions conflicts     size   tier2       irredundant
c         level restarts  redundant     glue    trail          variables
c
c i  0.56 13 32 6 5 48 2 8265 5413 3.1 35 11 3 12 67% 26284 10542 10623 96%
c i  0.58 13 34 6 5 50 2 9245 6301 3.2 36 11 3 12 64% 26298 10542 10610 96%
c -  0.59 13 35 6 6 50 2 9387 5317 3.2 35 11 3 12 64% 26184 10542 10610 96%
c i  0.61 13 35 6 6 53 2 9837 5753 3.2 35 11 3 12 63% 26187 10542 10591 96%
c o  0.62 13 34 6 6 54 2 10041 5945 3.4 36 11 3 12 63% 26188 10542 10591 96%
c -  0.67 14 35 6 7 58 2 11838 6359 3.1 33 10 3 11 58% 26177 10542 10591 96%
c }  0.68 14 35 7 7 58 2 12281 6776 3.1 32 10 3 11 57% 26180 10542 10591 96%
c [  0.68 14 34 7 7 58 2 12281 6776 1.7 30 17 3 23 61% 26180 10542 10591 96%
c B  0.68 14 34 7 7 58 2 12281 6776 1.7 30 17 3 23 61% 26180 10542 10591 96%
c s  0.72 14 35 7 7 58 2 12916 7364 1.8 32 18 3 23 62% 26189 10487 10591 96%
c e  0.74 16 35 7 7 58 2 12916 7364 1.8 32 18 3 23 62% 6331 22961 3695 33%
c 2  0.74 16 35 7 7 58 2 12916 7364 1.8 32 18 3 23 62% 6322 22961 3695 33%
c s  0.75 16 35 7 7 58 2 12916 7364 1.8 32 18 3 23 62% 6406 21745 3695 33%
c e  0.75 16 35 7 7 58 2 12916 7364 1.8 32 18 3 23 62% 6089 22015 3624 33%
c ^  0.75 16 35 7 7 58 2 12916 7364 1.8 32 18 3 23 62% 6089 22015 3624 33%
c -  0.80 16 33 7 8 60 2 14483 1644 1.7 30 17 3 22 61% 6092 22012 3624 33%
c u  0.84 16 31 7 8 60 1 16309 2966 1.7 26 15 3 22 56% 6094 22012 3624 33%
c v  0.85 16 31 7 8 60 1 16309 2898 1.7 26 15 3 22 56% 6094 22012 3624 33%
c w  0.86 16 31 7 8 60 1 16309 2854 1.7 26 15 3 22 56% 6094 22012 3624 33%
c x  0.86 16 31 7 8 60 1 16309 2853 1.7 26 15 3 22 56% 6103 21944 3624 33%
c
c seconds  switched rate        size/glue  tier1     binary        remaining
c        MB reductions conflicts      size   tier2      irredundant
c         level restarts   redundant     glue    trail        variables
c
c t  0.91 16 31 7 8 60 1 16309 2853 1.7 26 15 3 22 56% 6010 21944 3621 33%
c f  0.92 16 31 7 8 60 1 16309 2853 1.7 26 15 3 22 56% 6054 21557 3646 33%
c u  0.93 16 31 7 8 60 1 16309 2703 1.7 26 15 3 22 56% 6048 21550 3646 33%
c v  0.94 16 31 7 8 60 1 16309 2656 1.7 26 15 3 22 56% 6048 21550 3646 33%
c w  0.94 16 31 7 8 60 1 16309 2627 1.7 26 15 3 22 56% 6048 21550 3646 33%
c x  0.94 16 31 7 8 60 1 16309 2626 1.7 26 15 3 22 56% 6076 21414 3646 33%
c t  0.95 16 31 7 8 60 1 16309 2626 1.7 26 15 3 22 56% 6059 21414 3645 33%
c f  0.95 16 31 7 8 60 1 16309 2626 1.7 26 15 3 22 56% 6116 21144 3680 33%
c -  0.97 16 30 7 9 61 1 17312 3210 1.7 25 15 4 19 53% 6113 21144 3680 33%
c W  0.98 16 29 7 9 62 1 17812 3602 1.7 25 15 4 19 51% 6113 21142 3680 33%
c ]  0.99 16 29 8 9 62 1 17969 3731 1.7 25 15 4 19 52% 6113 21142 3680 33%
c {  0.99 16 35 8 9 62 2 17969 3731 3.1 32 10 3 11 57% 6113 21142 3680 33%
c o  1.06 16 35 8 9 89 2 20085 5631 2.7 30 11 3 11 58% 6118 21142 3680 33%
c -  1.06 16 36 8 10 93 2 20313 5014 2.7 30 11 3 12 59% 6118 21142 3680 33%
c -  1.14 16 35 8 11 110 2 23479 6620 2.5 27 11 3 12 58% 6123 21142 3680 33%
c }  1.16 16 35 9 11 120 2 24128 7200 2.5 27 11 3 12 58% 6123 21142 3680 33%
c [  1.16 16 29 9 11 120 1 24128 7200 1.7 25 15 4 19 52% 6123 21142 3680 33%
c O  1.22 16 28 9 11 121 1 25344 8152 1.6 25 15 4 19 53% 6123 21142 3680 33%
c s  1.25 16 27 9 11 121 1 26100 8772 1.7 24 15 4 19 54% 6125 20906 3680 33%
c e  1.26 16 27 9 11 121 1 26100 8772 1.7 24 15 4 19 54% 5012 22355 3292 30%
c
c seconds  switched   rate        size/glue  tier1     binary        remaining
c        MB  reductions conflicts       size   tier2      irredundant
c         level  restarts    redundant     glue    trail        variables
c
c 2  1.26 16 27 9 11 121 1 26100 8772 1.7 24 15 4 19 54% 5010 22355 3292 30%
c s  1.27 16 27 9 11 121 1 26100 8772 1.7 24 15 4 19 54% 5012 21944 3292 30%
c e  1.27 16 27 9 11 121 1 26100 8772 1.7 24 15 4 19 54% 4971 21989 3277 30%
c ^  1.27 16 27 9 11 121 1 26100 8772 1.7 24 15 4 19 54% 4971 21989 3277 30%
c -  1.30 17 27 9 12 122 1 26795 3632 1.6 24 15 4 17 54% 4973 21988 3277 30%
c b  1.34 17 27 9 12 122 1 28073 4633 1.6 24 15 4 17 55% 4973 21988 3275 30%
c u  1.35 17 27 9 12 122 1 28073 4535 1.6 24 15 4 17 55% 4973 21988 3275 30%
c v  1.36 17 27 9 12 122 1 28073 4143 1.6 24 15 4 17 55% 4973 21988 3275 30%
c w  1.36 17 27 9 12 122 1 28073 4040 1.6 24 15 4 17 55% 4973 21988 3275 30%
c x  1.37 17 27 9 12 122 1 28073 4040 1.6 24 15 4 17 55% 4997 21801 3275 30%
c t  1.42 17 27 9 12 122 1 28073 4040 1.6 24 15 4 17 55% 4956 21801 3275 30%
c f  1.43 17 27 9 12 122 1 28073 4040 1.6 24 15 4 17 55% 4978 21693 3291 30%
c u  1.44 17 27 9 12 122 1 28073 3927 1.6 24 15 4 17 55% 4978 21693 3291 30%
c v  1.45 17 27 9 12 122 1 28073 3845 1.6 24 15 4 17 55% 4978 21693 3291 30%
c w  1.45 17 27 9 12 122 1 28073 3824 1.6 24 15 4 17 55% 4978 21693 3291 30%
c x  1.46 17 27 9 12 122 1 28073 3824 1.6 24 15 4 17 55% 4992 21584 3291 30%
c t  1.46 17 27 9 12 122 1 28073 3824 1.6 24 15 4 17 55% 4978 21584 3291 30%
c f  1.47 17 27 9 12 122 1 28073 3824 1.6 24 15 4 17 55% 5003 21477 3307 30%
c ]  1.49 17 26 10 12 123 1 28770 4354 1.6 23 14 4 17 55% 5003 21477 3307 30%
c {  1.49 17 35 10 12 123 2 28770 4354 2.5 27 11 3 12 58% 5003 21477 3307 30%
c
c seconds   switched   rate        size/glue  tier1     binary        remaining
c        MB   reductions conflicts       size   tier2      irredundant
c         level   restarts    redundant     glue    trail        variables
c
c -  1.53 17 34 10 13 147 2 30259 4443 2.3 26 11 3 13 58% 4996 21477 3307 30%
c -  1.66 17 33 10 14 197 2 33864 6191 2.1 25 12 4 14 57% 4997 21477 3307 30%
c }  1.76 17 31 11 14 226 2 37397 8996 2.0 24 12 4 14 56% 4999 21477 3307 30%
c [  1.76 17 26 11 14 226 1 37397 8996 1.6 23 14 4 17 55% 4999 21477 3307 30%
c B  1.76 17 26 11 14 226 1 37397 8996 1.6 23 14 4 17 55% 4999 21477 3307 30%
c -  1.76 17 26 11 15 226 1 37605 7747 1.6 23 14 4 17 54% 4999 21477 3307 30%
c -  1.90 17 25 11 16 228 1 41478 8454 1.6 22 14 4 16 54% 5000 21477 3307 30%
c u  1.98 17 24 11 16 230 1 43257 9592 1.6 22 14 4 16 55% 5000 21477 3307 30%
c v  1.99 17 24 11 16 230 1 43257 9473 1.6 22 14 4 16 55% 5000 21477 3307 30%
c w  2.00 17 24 11 16 230 1 43257 8893 1.6 22 14 4 16 55% 5000 21477 3307 30%
c x  2.01 17 24 11 16 230 1 43257 8892 1.6 22 14 4 16 55% 5017 21303 3307 30%
c t  2.01 17 24 11 16 230 1 43257 8892 1.6 22 14 4 16 55% 5006 21303 3307 30%
c f  2.02 17 24 11 16 230 1 43257 8892 1.6 22 14 4 16 55% 5023 21232 3317 30%
c u  2.03 17 24 11 16 230 1 43257 8764 1.6 22 14 4 16 55% 5025 21232 3317 30%
c v  2.05 17 24 11 16 230 1 43257 8705 1.6 22 14 4 16 55% 5025 21232 3317 30%
c w  2.05 17 24 11 16 230 1 43257 8659 1.6 22 14 4 16 55% 5025 21232 3317 30%
c x  2.06 17 24 11 16 230 1 43257 8658 1.6 22 14 4 16 55% 5026 21116 3317 30%
c t  2.13 17 24 11 16 230 1 43257 8658 1.6 22 14 4 16 55% 5025 21116 3317 30%
c f  2.14 17 24 11 16 230 1 43257 8658 1.6 22 14 4 16 55% 5058 21004 3335 30%
c o  2.15 17 24 11 16 230 1 43257 8658 1.6 22 14 4 16 55% 5058 21004 3335 30%
c
c seconds   switched   rate         size/glue  tier1     binary        remaining
c        MB   reductions conflicts        size   tier2      irredundant
c         level   restarts     redundant     glue    trail        variables
c
c ]  2.22 17 27 12 16 231 1 45418 10499 1.5 24 16 4 16 56% 5059 21004 3335 30%
c {  2.22 17 31 12 16 231 2 45418 10499 2.0 24 12 4 14 56% 5059 21004 3335 30%
c -  2.22 17 31 12 17 232 2 45481 7851 2.0 24 12 4 14 56% 5059 21004 3335 30%
c -  2.38 17 32 12 18 291 2 49604 8861 1.9 24 13 4 14 56% 5065 21004 3335 30%
c -  2.52 17 32 12 19 341 2 53849 10005 1.9 24 13 4 14 56% 5073 21003 3335 30%
c s  2.56 17 31 12 19 348 2 54781 10849 1.9 24 13 4 14 56% 5074 20917 3335 30%
c e  2.57 17 31 12 19 348 2 54781 10849 1.9 24 13 4 14 56% 4598 21757 3120 28%
c s  2.57 17 31 12 19 348 2 54781 10849 1.9 24 13 4 14 56% 4600 21522 3120 28%
c e  2.58 17 31 12 19 348 2 54781 10849 1.9 24 13 4 14 56% 4592 21537 3114 28%
c ^  2.58 17 31 12 19 348 2 54781 10849 1.9 24 13 4 14 56% 4592 21537 3114 28%
c }  2.66 17 32 13 19 384 2 56898 10891 1.8 24 13 4 14 56% 4594 21537 3114 28%
c [  2.66 17 27 13 19 384 1 56898 10891 1.5 24 16 4 16 56% 4594 21537 3114 28%
c W  2.66 17 27 13 19 384 1 56898 10891 1.5 24 16 4 16 56% 4594 21537 3114 28%
c -  2.72 17 28 13 20 385 1 58207 9363 1.5 24 16 4 17 56% 4594 21537 3114 28%
c b  2.92 17 29 13 20 387 1 61965 12347 1.5 26 17 4 17 57% 4594 21537 3113 28%
c u  2.94 17 29 13 20 387 1 61965 11966 1.5 26 17 4 17 57% 4597 21537 3113 28%
c v  2.96 17 29 13 20 387 1 61965 11897 1.5 26 17 4 17 57% 4597 21537 3113 28%
c w  2.96 18 29 13 20 387 1 61965 11884 1.5 26 17 4 17 57% 4597 21537 3113 28%
c x  2.98 18 29 13 20 387 1 61965 11884 1.5 26 17 4 17 57% 4608 21343 3113 28%
c t  2.98 18 29 13 20 387 1 61965 11884 1.5 26 17 4 17 57% 4600 21343 3113 28%
c
c seconds   switched   rate         size/glue  tier1     binary        remaining
c        MB   reductions conflicts        size   tier2      irredundant
c         level   restarts     redundant     glue    trail        variables
c
c f  2.99 18 29 13 20 387 1 61965 11884 1.5 26 17 4 17 57% 4602 21296 3121 28%
c u  3.01 18 29 13 20 387 1 61965 11637 1.5 26 17 4 17 57% 4602 21296 3121 28%
c v  3.03 18 29 13 20 387 1 61965 11578 1.5 26 17 4 17 57% 4602 21296 3121 28%
c w  3.04 18 29 13 20 387 1 61965 11530 1.5 26 17 4 17 57% 4602 21296 3121 28%
c x  3.05 18 29 13 20 387 1 61965 11530 1.5 26 17 4 17 57% 4602 21163 3121 28%
c f  3.07 18 29 13 20 387 1 61965 11530 1.5 26 17 4 17 57% 4617 21102 3129 28%
c -  3.11 18 29 13 21 388 1 62679 8755 1.5 26 17 4 17 57% 4613 21102 3129 28%
c ]  3.23 18 29 14 21 390 1 65509 10823 1.5 26 18 4 17 57% 4613 21102 3129 28%
c {  3.23 18 32 14 21 390 2 65509 10823 1.8 24 13 4 14 56% 4613 21102 3129 28%
c -  3.30 18 32 14 22 412 2 67263 8738 1.8 24 13 3 14 56% 4615 21102 3129 28%
c -  3.49 18 32 14 23 472 2 71954 10068 1.8 24 13 3 15 57% 4616 21102 3129 28%
c o  3.53 19 32 14 23 483 2 73501 11459 1.8 24 13 3 15 57% 4618 21102 3129 28%
c -  3.65 19 32 14 24 510 2 76750 11505 1.8 24 13 3 14 57% 4620 21102 3129 28%
c }  3.80 19 32 15 24 555 2 80224 14500 1.8 24 14 3 14 57% 4624 21102 3129 28%
c [  3.80 19 29 15 24 555 1 80224 14500 1.5 26 18 4 17 57% 4624 21102 3129 28%
c I  3.80 19 29 15 24 555 1 80224 14500 1.5 26 18 4 17 57% 4624 21102 3129 28%
c -  3.82 21 29 15 25 556 1 81648 12329 1.5 26 18 4 18 55% 4624 21102 3129 28%
c u  3.94 21 30 15 25 557 1 84333 14463 1.5 27 18 4 18 55% 4626 21102 3129 28%
c v  3.96 21 30 15 25 557 1 84333 14355 1.5 27 18 4 18 55% 4626 21102 3129 28%
c w  3.96 21 30 15 25 557 1 84333 14304 1.5 27 18 4 18 55% 4626 21102 3129 28%
c
c seconds   switched   rate         size/glue  tier1     binary        remaining
c        MB   reductions conflicts        size   tier2      irredundant
c         level   restarts     redundant     glue    trail        variables
c
c x  3.98 21 30 15 25 557 1 84333 14302 1.5 27 18 4 18 55% 4662 20899 3129 28%
c t  3.98 21 30 15 25 557 1 84333 14302 1.5 27 18 4 18 55% 4631 20899 3129 28%
c f  4.00 21 30 15 25 557 1 84333 14302 1.5 27 18 4 18 55% 4647 20803 3145 28%
c u  4.02 21 30 15 25 557 1 84333 14003 1.5 27 18 4 18 55% 4647 20803 3145 28%
c v  4.04 21 30 15 25 557 1 84333 13839 1.5 27 18 4 18 55% 4647 20803 3145 28%
c w  4.04 21 30 15 25 557 1 84333 13771 1.5 27 18 4 18 55% 4647 20803 3145 28%
c x  4.06 21 30 15 25 557 1 84333 13771 1.5 27 18 4 18 55% 4678 20604 3145 28%
c t  4.09 21 30 15 25 557 1 84333 13771 1.5 27 18 4 18 55% 4653 20604 3145 28%
c f  4.10 21 30 15 25 557 1 84333 13771 1.5 27 18 4 18 55% 4655 20592 3147 28%
c -  4.19 22 30 15 26 560 1 86648 11054 1.4 27 19 3 19 55% 4658 20592 3147 28%
c -  4.38 22 31 15 27 561 1 91747 10328 1.4 28 19 3 20 54% 4658 20592 3147 28%
c ]  4.54 22 32 16 27 564 1 95441 13052 1.4 28 20 3 20 55% 4659 20592 3147 28%
c {  4.54 22 32 16 27 564 2 95441 13052 1.8 24 14 3 14 57% 4659 20592 3147 28%
c -  4.57 22 32 16 28 572 2 96943 10537 1.8 24 14 3 14 56% 4663 20592 3147 28%
c s  4.68 22 31 16 28 588 2 101098 14228 1.8 24 14 3 14 55% 4666 20550 3147 28%
c e  4.70 22 31 16 28 588 2 101098 14228 1.8 24 14 3 14 55% 3426 23505 2591 23%
c s  4.70 22 31 16 28 588 2 101098 14228 1.8 24 14 3 14 55% 3427 22678 2591 23%
c e  4.71 22 31 16 28 588 2 101098 14228 1.8 24 14 3 14 55% 3401 22760 2573 23%
c ^  4.71 22 31 16 28 588 2 101098 14228 1.8 24 14 3 14 55% 3401 22760 2573 23%
c -  4.74 22 31 16 29 593 2 102234 8455 1.8 24 14 3 14 55% 3401 22760 2573 23%
c
c seconds   switched   rate          size/glue  tier1     binary        remaining
c        MB   reductions conflicts         size   tier2      irredundant
c         level   restarts      redundant     glue    trail        variables
c
c -  4.89 22 30 16 30 611 2 107621 11572 1.7 23 13 3 14 53% 3402 22760 2573 23%
c u  5.01 22 30 16 30 636 2 110515 13604 1.7 23 13 3 14 53% 3411 22760 2573 23%
c v  5.03 22 30 16 30 636 2 110515 13126 1.7 23 13 3 14 53% 3411 22760 2573 23%
c w  5.04 22 30 16 30 636 2 110515 12821 1.7 23 13 3 14 53% 3411 22760 2573 23%
c x  5.05 22 30 16 30 636 2 110515 12819 1.7 23 13 3 14 53% 3450 22527 2573 23%
c t  5.06 22 30 16 30 636 2 110515 12819 1.7 23 13 3 14 53% 3408 22527 2573 23%
c f  5.07 22 30 16 30 636 2 110515 12819 1.7 23 13 3 14 53% 3427 22405 2583 23%
c u  5.09 22 30 16 30 636 2 110515 12575 1.7 23 13 3 14 53% 3427 22405 2583 23%
c v  5.11 22 30 16 30 636 2 110515 12523 1.7 23 13 3 14 53% 3427 22405 2583 23%
c w  5.12 22 30 16 30 636 2 110515 12390 1.7 23 13 3 14 53% 3427 22405 2583 23%
c x  5.13 22 30 16 30 636 2 110515 12390 1.7 23 13 3 14 53% 3496 22132 2583 23%
c t  5.14 22 30 16 30 636 2 110515 12390 1.7 23 13 3 14 53% 3467 22132 2583 23%
c f  5.15 22 30 16 30 636 2 110515 12390 1.7 23 13 3 14 53% 3468 22121 2584 23%
c -  5.23 22 30 16 31 657 2 113098 12381 1.7 23 13 3 14 53% 3471 22121 2584 23%
c o  5.24 22 30 16 31 662 2 113578 12838 1.7 23 13 3 14 53% 3471 22121 2584 23%
c }  5.25 22 30 17 31 665 2 113778 12996 1.7 23 13 3 14 53% 3471 22121 2584 23%
c [  5.25 22 32 17 31 665 1 113778 12996 1.4 28 20 3 20 55% 3471 22121 2584 23%
c B  5.25 22 32 17 31 665 1 113778 12996 1.4 28 20 3 20 55% 3471 22121 2584 23%
c -  5.44 22 32 17 32 668 1 118665 13496 1.4 28 20 3 21 55% 3472 22121 2584 23%
c -  5.68 22 32 17 33 671 1 124322 12722 1.4 28 20 3 20 56% 3473 22120 2584 23%
c
c seconds   switched   rate          size/glue  tier1     binary        remaining
c        MB   reductions conflicts         size   tier2      irredundant
c         level   restarts      redundant     glue    trail        variables
c
c ]  5.78 22 32 18 33 672 1 126666 14709 1.4 28 20 3 20 56% 3473 22120 2584 23%
c {  5.78 22 30 18 33 672 2 126666 14709 1.7 23 13 3 14 53% 3473 22120 2584 23%
c -  5.92 22 29 18 34 674 2 130066 13979 1.8 23 13 3 14 54% 3474 22120 2584 23%
c -  6.15 22 27 18 35 674 2 135896 16426 1.9 23 12 3 13 54% 3475 22120 2584 23%
c u  6.37 22 25 18 35 674 2 140521 20726 2.0 23 12 3 13 55% 3475 22120 2584 23%
c v  6.40 27 25 18 35 674 2 140521 20584 2.0 23 12 3 13 55% 3475 22120 2584 23%
c w  6.41 27 25 18 35 674 2 140521 20581 2.0 23 12 3 13 55% 3475 22120 2584 23%
c x  6.43 27 25 18 35 674 2 140521 20577 2.0 23 12 3 13 55% 3595 21708 2582 23%
c d  6.43 27 25 18 35 674 2 140521 20577 2.0 23 12 3 13 55% 3600 21693 2581 23%
c t  6.43 27 25 18 35 674 2 140521 20577 2.0 23 12 3 13 55% 3550 21693 2581 23%
c f  6.45 27 25 18 35 674 2 140521 20577 2.0 23 12 3 13 55% 3535 21686 2583 23%
c u  6.47 27 25 18 35 674 2 140521 20332 2.0 23 12 3 13 55% 3535 21686 2583 23%
c v  6.50 27 25 18 35 674 2 140521 20198 2.0 23 12 3 13 55% 3535 21686 2583 23%
c w  6.51 27 25 18 35 674 2 140521 20192 2.0 23 12 3 13 55% 3535 21686 2583 23%
c x  6.53 27 25 18 35 674 2 140521 20183 2.0 23 12 3 13 55% 3563 21403 2583 23%
c t  6.54 27 25 18 35 674 2 140521 20183 2.0 23 12 3 13 55% 3536 21403 2583 23%
c i  6.54 27 25 18 35 674 2 140521 20183 2.0 23 12 3 13 55% 3536 21403 2583 23%
c -  6.59 27 25 18 36 674 2 141814 17839 2.0 23 12 3 12 55% 3529 21403 2583 23%
c -  6.83 27 24 18 37 674 2 147815 19295 2.1 24 12 3 11 56% 3530 21403 2583 23%
c }  6.88 27 24 19 37 674 2 149011 20478 2.1 24 11 3 11 56% 3530 21403 2583 23%
c
c seconds   switched   rate          size/glue  tier1     binary        remaining
c        MB   reductions conflicts         size   tier2      irredundant
c         level   restarts      redundant     glue    trail        variables
c
c [  6.88 27 32 19 37 674 1 149011 20478 1.4 28 20 3 20 56% 3530 21403 2583 23%
c W  6.89 27 32 19 37 674 1 149011 20478 1.4 28 20 3 20 56% 3530 21403 2583 23%
c -  7.11 27 31 19 38 677 1 153897 18297 1.4 28 20 3 20 57% 3530 21403 2583 23%
c -  7.36 27 30 19 39 680 1 160061 16814 1.4 27 19 3 19 57% 3531 21403 2583 23%
c -  7.58 27 30 19 40 684 1 166306 16054 1.4 27 19 3 19 57% 3531 21403 2583 23%
c s  7.61 27 30 19 40 685 1 166910 16530 1.4 27 19 3 19 57% 3537 21272 2583 23%
c e  7.64 27 30 19 40 685 1 166910 16530 1.4 27 19 3 19 57% 2627 24936 2103 19%
c s  7.64 27 30 19 40 685 1 166910 16530 1.4 27 19 3 19 57% 2628 23618 2103 19%
c e  7.65 27 30 19 40 685 1 166910 16530 1.4 27 19 3 19 57% 2598 23741 2087 19%
c ^  7.65 27 30 19 40 685 1 166910 16530 1.4 27 19 3 19 57% 2598 23741 2087 19%
c o  7.65 27 30 19 40 685 1 166910 6474 1.4 27 19 3 19 57% 2598 23741 2087 19%
c ]  7.81 27 31 20 40 687 1 172449 11307 1.4 28 20 3 19 56% 2598 23741 2087 19%
c {  7.81 27 24 20 40 687 2 172449 11307 2.1 24 11 3 11 56% 2598 23741 2087 19%
c -  7.82 27 24 20 41 690 2 172630 8218 2.1 24 11 3 11 56% 2598 23741 2087 19%
c u  7.91 28 24 20 41 724 2 174567 9366 2.1 24 12 3 11 56% 2604 23741 2087 19%
c v  7.94 28 24 20 41 724 2 174567 9189 2.1 24 12 3 11 56% 2604 23741 2087 19%
c w  7.95 28 24 20 41 724 2 174567 9153 2.1 24 12 3 11 56% 2604 23741 2087 19%
c x  7.97 28 24 20 41 724 2 174567 9147 2.1 24 12 3 11 56% 2627 23111 2087 19%
c =  8.16 28 24 20 41 724 2 174567 9147 2.1 24 12 3 11 56% 2627 23106 2084 19%
c t  8.16 28 24 20 41 724 2 174567 9147 2.1 24 12 3 11 56% 2594 23104 2084 19%
c
c seconds   switched   rate         size/glue  tier1     binary        remaining
c        MB   reductions conflicts        size   tier2      irredundant
c         level   restarts     redundant     glue    trail        variables
c
c f  8.18 28 24 20 41 724 2 174567 9147 2.1 24 12 3 11 56% 2603 22953 2091 19%
c u  8.21 28 24 20 41 724 2 174567 8889 2.1 24 12 3 11 56% 2604 22953 2091 19%
c v  8.24 28 24 20 41 724 2 174567 8722 2.1 24 12 3 11 56% 2604 22953 2091 19%
c w  8.25 28 24 20 41 724 2 174567 8691 2.1 24 12 3 11 56% 2604 22953 2091 19%
c x  8.27 28 24 20 41 724 2 174567 8691 2.1 24 12 3 11 56% 2604 22847 2091 19%
c -  8.42 28 25 20 42 767 2 179035 10539 2.0 24 12 3 12 55% 2594 22847 2091 19%
c -  8.65 28 25 20 43 865 2 185515 12609 1.9 24 12 3 12 55% 2594 22847 2091 19%
c -  8.90 28 25 20 44 968 2 192073 13709 1.9 24 13 3 12 55% 2596 22847 2091 19%
c -  9.16 28 26 20 45 1072 2 198707 14196 1.8 24 13 3 13 54% 2597 22847 2091 19%
c }  9.18 28 26 21 45 1074 2 199190 14662 1.8 24 13 3 13 54% 2598 22847 2091 19%
c [  9.18 28 31 21 45 1074 1 199190 14662 1.4 28 20 3 19 56% 2598 22847 2091 19%
c O  9.18 28 31 21 45 1074 1 199190 14662 1.4 28 20 3 19 56% 2598 22847 2091 19%
c -  9.41 28 31 21 46 1079 1 205416 13945 1.4 28 20 3 19 56% 2599 22847 2091 19%
c -  9.69 28 30 21 47 1081 1 212203 13334 1.4 28 20 3 19 56% 2599 22847 2091 19%
c u  9.74 28 30 21 47 1082 1 212617 13082 1.4 28 20 3 19 56% 2603 22847 2091 19%
c v  9.77 28 30 21 47 1082 1 212617 13026 1.4 28 20 3 19 56% 2603 22847 2091 19%
c w  9.79 28 30 21 47 1082 1 212617 12842 1.4 28 20 3 19 56% 2603 22847 2091 19%
c x  9.81 28 30 21 47 1082 1 212617 12831 1.4 28 20 3 19 56% 2624 22054 2091 19%
c t  9.81 28 30 21 47 1082 1 212617 12831 1.4 28 20 3 19 56% 2600 22054 2091 19%
c - 10.09 28 30 21 48 1086 1 219058 12849 1.4 28 20 3 19 56% 2600 22054 2091 19%
c
c seconds   switched    rate          size/glue  tier1     binary        remaining
c        MB   reductions  conflicts         size   tier2      irredundant
c         level    restarts      redundant     glue    trail        variables
c
c ] 10.28 28 31 22 48 1087 1 223613 16564 1.4 28 20 3 19 56% 2600 22054 2091 19%
c { 10.28 28 26 22 48 1087 2 223613 16564 1.8 24 13 3 13 54% 2600 22054 2091 19%
c - 10.34 28 26 22 49 1093 2 225988 13732 1.8 24 13 3 13 54% 2603 22054 2091 19%
c o 10.40 28 25 22 49 1095 2 229433 16354 1.8 23 13 3 13 52% 2608 22054 2091 19%
c i 10.40 28 25 22 49 1095 2 229515 16410 1.8 23 13 3 13 52% 2613 22054 2087 19%
c i 10.46 28 25 22 49 1101 2 231863 18495 1.8 23 13 3 13 52% 2615 22054 2079 19%
c i 10.46 28 25 22 49 1101 2 231920 18509 1.8 23 13 3 13 52% 2617 22054 2068 19%
c - 10.48 28 25 22 50 1103 2 232988 13849 1.8 23 13 3 13 52% 2575 22053 2068 19%
c i 10.59 28 25 22 50 1116 2 237090 17475 1.8 23 13 3 13 51% 2582 22052 2067 19%
c - 10.67 29 26 22 51 1121 2 240060 16225 1.8 23 12 3 13 50% 2580 22052 2067 19%
c i 10.74 31 26 22 51 1131 2 242761 18628 1.8 23 12 3 13 50% 2586 22051 2066 19%
c i 10.74 31 26 22 51 1131 2 242904 18742 1.8 23 12 3 13 50% 2592 22051 2065 19%
c - 10.84 31 26 22 52 1137 2 247201 18920 1.8 22 12 3 12 50% 2586 22050 2065 19%
c s 11.01 31 26 22 52 1161 2 253968 24489 1.8 22 12 3 12 48% 2596 21666 2065 19%
c e 11.03 31 26 22 52 1161 2 253968 24489 1.8 22 12 3 12 48% 1964 27406 1612 15%
c s 11.04 31 26 22 52 1161 2 253968 24489 1.8 22 12 3 12 48% 1965 24626 1612 15%
c e 11.05 31 26 22 52 1161 2 253968 24489 1.8 22 12 3 12 48% 1928 24852 1597 14%
c ! 11.05 31 26 22 52 1161 2 253968 24489 1.8 22 12 3 12 48% 1928 24852 1597 14%
c - 11.06 31 26 22 53 1161 2 254413 10145 1.8 22 12 3 12 48% 1942 24838 1597 14%
c u 11.10 31 26 22 53 1162 2 254907 10370 1.8 22 12 3 12 48% 1942 24838 1597 14%
c
c seconds   switched    rate          size/glue  tier1     binary        remaining
c        MB   reductions  conflicts         size   tier2      irredundant
c         level    restarts      redundant     glue    trail        variables
c
c v 11.12 31 26 22 53 1162 2 254907 10132 1.8 22 12 3 12 48% 1942 24838 1597 14%
c w 11.13 31 26 22 53 1162 2 254907 10044 1.8 22 12 3 12 48% 1942 24838 1597 14%
c x 11.15 31 26 22 53 1162 2 254907 10043 1.8 22 12 3 12 48% 1942 24288 1597 14%
c t 11.32 32 26 22 53 1162 2 254907 10043 1.8 22 12 3 12 48% 1928 24288 1597 14%
c f 11.34 32 26 22 53 1162 2 254907 10043 1.8 22 12 3 12 48% 1947 23994 1610 15%
c u 11.37 32 26 22 53 1162 2 254907 9701 1.8 22 12 3 12 48% 1952 23994 1610 15%
c v 11.40 32 26 22 53 1162 2 254907 9413 1.8 22 12 3 12 48% 1953 23994 1610 15%
c w 11.41 32 26 22 53 1162 2 254907 9347 1.8 22 12 3 12 48% 1953 23994 1610 15%
c x 11.43 32 26 22 53 1162 2 254907 9336 1.8 22 12 3 12 48% 1962 23327 1610 15%
c t 11.43 32 26 22 53 1162 2 254907 9336 1.8 22 12 3 12 48% 1951 23327 1610 15%
c f 11.45 32 26 22 53 1162 2 254907 9336 1.8 22 12 3 12 48% 1954 23289 1612 15%
c } 11.46 32 26 23 53 1163 2 255131 9533 1.8 22 12 3 12 48% 1954 23289 1612 15%
c [ 11.46 32 31 23 53 1163 1 255131 9533 1.4 28 20 3 19 56% 1954 23289 1612 15%
c B 11.46 32 31 23 53 1163 1 255131 9533 1.4 28 20 3 19 56% 1954 23289 1612 15%
c - 11.67 32 31 23 54 1168 1 261693 11603 1.4 29 20 3 20 56% 1954 23289 1612 15%
c - 11.91 32 32 23 55 1171 1 269043 12927 1.4 29 21 3 20 55% 1954 23289 1612 15%
c - 12.18 32 33 23 56 1176 1 276460 14672 1.4 29 21 3 20 55% 1954 23289 1612 15%
c ] 12.23 32 33 24 56 1176 1 278195 16151 1.4 29 21 3 20 55% 1954 23289 1612 15%
c { 12.23 32 26 24 56 1176 2 278195 16151 1.8 22 12 3 12 48% 1954 23289 1612 15%
c - 12.45 32 27 24 57 1273 2 283944 16666 1.8 22 12 3 12 48% 1954 23289 1612 15%
c
c seconds   switched    rate          size/glue  tier1     binary        remaining
c        MB   reductions  conflicts         size   tier2      irredundant
c         level    restarts      redundant     glue    trail        variables
c
c - 12.74 32 28 24 58 1383 2 291493 18458 1.8 22 13 3 13 49% 1955 23289 1612 15%
c - 13.05 32 28 24 59 1483 2 299110 20298 1.7 23 13 3 13 49% 1959 23289 1612 15%
c o 13.07 32 28 24 59 1493 2 299599 20649 1.7 23 13 3 13 49% 1959 23289 1612 15%
c u 13.18 32 28 24 59 1517 2 301339 21830 1.7 23 13 3 13 49% 1962 23289 1612 15%
c v 13.22 32 28 24 59 1517 2 301339 21565 1.7 23 13 3 13 49% 1965 23289 1612 15%
c w 13.24 32 28 24 59 1517 2 301339 21554 1.7 23 13 3 13 49% 1965 23289 1612 15%
c x 13.26 32 28 24 59 1517 2 301339 21544 1.7 23 13 3 13 49% 1975 22662 1612 15%
c t 13.27 32 28 24 59 1517 2 301339 21544 1.7 23 13 3 13 49% 1964 22662 1612 15%
c f 13.29 32 28 24 59 1517 2 301339 21544 1.7 23 13 3 13 49% 1967 22529 1619 15%
c u 13.33 32 28 24 59 1517 2 301339 21012 1.7 23 13 3 13 49% 1973 22529 1619 15%
c v 13.37 32 28 24 59 1517 2 301339 20857 1.7 23 13 3 13 49% 1974 22529 1619 15%
c w 13.38 32 28 24 59 1517 2 301339 20840 1.7 23 13 3 13 49% 1974 22529 1619 15%
c x 13.41 32 28 24 59 1517 2 301339 20837 1.7 23 13 3 13 49% 1998 22141 1619 15%
c t 13.41 32 28 24 59 1517 2 301339 20837 1.7 23 13 3 13 49% 1984 22141 1619 15%
c f 13.44 32 28 24 59 1517 2 301339 20837 1.7 23 13 3 13 49% 1969 22051 1624 15%
c - 13.68 32 29 24 60 1598 2 306792 20525 1.7 23 13 3 13 49% 1970 22051 1624 15%
c - 14.00 32 29 24 61 1674 2 314538 22296 1.7 23 14 3 13 49% 1971 22051 1624 15%
c } 14.02 32 29 25 61 1678 2 314872 22584 1.7 23 14 3 13 49% 1971 22051 1624 15%
c [ 14.02 32 33 25 61 1678 1 314872 22584 1.4 29 21 3 20 55% 1971 22051 1624 15%
c W 14.02 32 33 25 61 1678 1 314872 22584 1.4 29 21 3 20 55% 1971 22051 1624 15%
c
c seconds   switched    rate          size/glue  tier1     binary        remaining
c        MB   reductions  conflicts         size   tier2      irredundant
c         level    restarts      redundant     glue    trail        variables
c
c - 14.30 32 34 25 62 1683 1 322350 21218 1.4 30 22 3 21 55% 1971 22051 1624 15%
c - 14.61 32 34 25 63 1687 1 330224 18699 1.4 30 22 3 21 54% 1971 22051 1624 15%
c - 14.96 32 35 25 64 1691 1 338161 17557 1.4 31 23 3 21 54% 1971 22051 1624 15%
c - 15.31 32 35 25 65 1692 1 346166 17431 1.4 32 23 3 21 54% 1971 22051 1624 15%
c ] 15.48 32 35 26 65 1695 1 349967 20551 1.4 32 23 3 21 55% 1971 22051 1624 15%
c { 15.48 32 29 26 65 1695 2 349967 20551 1.7 23 14 3 13 49% 1971 22051 1624 15%
c u 15.61 32 29 26 65 1714 2 352281 22213 1.7 23 14 3 13 49% 1985 22051 1624 15%
c v 15.66 32 29 26 65 1714 2 352281 22101 1.7 23 14 3 13 49% 1985 22051 1624 15%
c w 15.69 32 29 26 65 1714 2 352281 21841 1.7 23 14 3 13 49% 1985 22051 1624 15%
c x 15.72 32 29 26 65 1714 2 352281 21834 1.7 23 14 3 13 49% 2044 21628 1624 15%
c = 16.03 32 29 26 65 1714 2 352281 21834 1.7 23 14 3 13 49% 2044 21628 1623 15%
c t 16.03 32 29 26 65 1714 2 352281 21834 1.7 23 14 3 13 49% 2017 21627 1623 15%
c u 16.10 32 29 26 65 1714 2 352281 21536 1.7 23 14 3 13 49% 2018 21627 1623 15%
c v 16.15 32 29 26 65 1714 2 352281 21438 1.7 23 14 3 13 49% 2018 21627 1623 15%
c w 16.17 32 29 26 65 1714 2 352281 21388 1.7 23 14 3 13 49% 2018 21627 1623 15%
c x 16.21 32 29 26 65 1714 2 352281 21383 1.7 23 14 3 13 49% 2021 21141 1623 15%
c t 16.21 32 29 26 65 1714 2 352281 21383 1.7 23 14 3 13 49% 2020 21141 1623 15%
c - 16.30 32 30 26 66 1741 2 354229 18718 1.7 24 14 3 13 50% 2016 21141 1623 15%
c - 16.66 32 30 26 67 1841 2 362353 22009 1.7 24 14 3 13 50% 2017 21141 1623 15%
c s 16.73 32 30 26 67 1865 2 363805 23311 1.7 24 14 3 13 50% 2026 20932 1623 15%
c
c seconds   switched    rate          size/glue  tier1     binary        remaining
c        MB   reductions  conflicts         size   tier2      irredundant
c         level    restarts      redundant     glue    trail        variables
c
c e 16.74 32 30 26 67 1865 2 363805 23311 1.7 24 14 3 13 50% 1790 22979 1468 13%
c 2 16.74 32 30 26 67 1865 2 363805 23311 1.7 24 14 3 13 50% 1789 22979 1468 13%
c s 16.75 32 30 26 67 1865 2 363805 23311 1.7 24 14 3 13 50% 1790 22109 1468 13%
c e 16.76 32 30 26 67 1865 2 363805 23311 1.7 24 14 3 13 50% 1777 22184 1460 13%
c - 17.04 32 30 26 68 1942 2 370540 19706 1.7 24 14 3 13 51% 1778 22184 1460 13%
c - 17.43 32 30 26 69 2046 2 378786 22538 1.7 24 14 3 13 51% 1778 22184 1460 13%
c o 17.47 32 30 26 69 2047 2 379980 23666 1.7 24 14 3 13 51% 1778 22184 1460 13%
c - 17.81 32 31 26 70 2145 2 387092 24750 1.7 24 14 3 13 52% 1778 22183 1460 13%
c } 18.04 32 31 27 70 2194 2 392187 29319 1.7 25 14 3 13 52% 1778 22183 1460 13%
c [ 18.04 32 35 27 70 2194 1 392187 29319 1.4 32 23 3 21 55% 1778 22183 1460 13%
c I 18.04 32 35 27 70 2194 1 392187 29319 1.4 32 23 3 21 55% 1778 22183 1460 13%
c - 18.15 32 36 27 71 2196 1 395458 25489 1.4 32 23 3 21 54% 1778 22183 1460 13%
c - 18.47 33 36 27 72 2200 1 403885 23727 1.4 32 23 3 22 54% 1778 22183 1460 13%
c u 18.70 33 36 27 72 2203 1 407790 26235 1.4 32 24 3 22 54% 1781 22183 1460 13%
c v 18.74 33 36 27 72 2203 1 407790 25979 1.4 32 24 3 22 54% 1781 22183 1460 13%
c w 18.77 37 36 27 72 2203 1 407790 25871 1.4 32 24 3 22 54% 1781 22183 1460 13%
c x 18.81 37 36 27 72 2203 1 407790 25860 1.4 32 24 3 22 54% 1785 21552 1460 13%
c = 19.01 38 36 27 72 2203 1 407790 25860 1.4 32 24 3 22 54% 1785 21550 1459 13%
c t 19.02 38 36 27 72 2203 1 407790 25858 1.4 32 24 3 22 54% 1773 21550 1459 13%
c f 19.05 38 36 27 72 2203 1 407790 25858 1.4 32 24 3 22 54% 1758 21446 1465 13%
c
c seconds   switched    rate          size/glue  tier1     binary        remaining
c        MB   reductions  conflicts         size   tier2      irredundant
c         level    restarts      redundant     glue    trail        variables
c
c u 19.11 38 36 27 72 2203 1 407790 25447 1.4 32 24 3 22 54% 1760 21446 1465 13%
c v 19.16 38 36 27 72 2203 1 407790 25097 1.4 32 24 3 22 54% 1760 21446 1465 13%
c w 19.18 37 36 27 72 2203 1 407790 25009 1.4 32 24 3 22 54% 1760 21446 1465 13%
c x 19.22 37 36 27 72 2203 1 407790 25004 1.4 32 24 3 22 54% 1760 20809 1465 13%
c = 19.54 38 36 27 72 2203 1 407790 25004 1.4 32 24 3 22 54% 1760 20795 1464 13%
c t 19.54 38 36 27 72 2203 1 407790 25004 1.4 32 24 3 22 54% 1761 20791 1464 13%
c - 19.74 39 36 27 73 2206 1 412371 21219 1.3 32 24 3 22 54% 1750 20791 1464 13%
c - 20.10 39 36 27 74 2208 1 420916 20624 1.3 32 24 3 22 54% 1750 20791 1464 13%
c - 20.47 39 36 27 75 2212 1 429519 20532 1.3 32 24 3 22 53% 1750 20790 1464 13%
c B 20.56 39 36 27 75 2214 1 431627 21972 1.3 32 24 3 22 53% 1750 20790 1464 13%
c ] 20.74 39 36 28 75 2215 1 436476 26124 1.3 32 24 3 22 53% 1750 20790 1464 13%
c { 20.74 39 31 28 75 2215 2 436476 26124 1.7 25 14 3 13 52% 1750 20790 1464 13%
c - 20.81 39 31 28 76 2232 2 438179 22676 1.7 25 14 3 13 52% 1750 20790 1464 13%
c - 21.17 39 31 28 77 2272 2 446896 26512 1.7 25 14 3 13 52% 1750 20789 1464 13%
c - 21.47 39 31 28 78 2301 2 455672 29157 1.7 25 14 3 13 52% 1751 20789 1464 13%
c - 21.83 39 30 28 79 2328 2 464504 30315 1.8 24 14 3 13 53% 1751 20789 1464 13%
c u 22.00 39 31 28 79 2350 2 467899 32863 1.8 24 14 3 13 53% 1759 20789 1464 13%
c v 22.06 39 31 28 79 2350 2 467899 32796 1.8 24 14 3 13 53% 1759 20789 1464 13%
c w 22.08 39 31 28 79 2350 2 467899 32763 1.8 24 14 3 13 53% 1759 20789 1464 13%
c x 22.12 39 31 28 79 2350 2 467899 32752 1.8 24 14 3 13 53% 1772 20240 1464 13%
c
c seconds   switched    rate          size/glue  tier1     binary        remaining
c        MB   reductions  conflicts         size   tier2      irredundant
c         level    restarts      redundant     glue    trail        variables
c
c = 22.46 39 31 28 79 2350 2 467899 32752 1.8 24 14 3 13 53% 1772 20214 1462 13%
c t 22.47 39 31 28 79 2350 2 467899 32752 1.8 24 14 3 13 53% 1764 20205 1462 13%
c u 22.53 39 31 28 79 2350 2 467899 31942 1.8 24 14 3 13 53% 1765 20205 1462 13%
c v 22.59 39 31 28 79 2350 2 467899 31831 1.8 24 14 3 13 53% 1765 20205 1462 13%
c w 22.61 39 31 28 79 2350 2 467899 31723 1.8 24 14 3 13 53% 1765 20205 1462 13%
c x 22.65 39 31 28 79 2350 2 467899 31714 1.8 24 14 3 13 53% 1776 19400 1462 13%
c t 23.01 39 31 28 79 2350 2 467899 31714 1.8 24 14 3 13 53% 1766 19400 1462 13%
c o 23.14 39 31 28 79 2365 2 470602 34189 1.8 24 14 3 13 53% 1766 19400 1462 13%
c - 23.29 39 31 28 80 2384 2 473393 30349 1.8 24 14 3 13 53% 1757 19400 1462 13%
c - 23.63 39 31 28 81 2422 2 482337 31850 1.8 24 14 3 13 53% 1757 19400 1462 13%
c } 23.71 39 31 29 81 2424 2 484615 33856 1.8 24 14 3 13 53% 1757 19400 1462 13%
c [ 23.71 39 36 29 81 2424 1 484615 33856 1.3 32 24 3 22 53% 1757 19400 1462 13%
c W 23.72 39 36 29 81 2424 1 484615 33856 1.3 32 24 3 22 53% 1757 19400 1462 13%
c - 23.96 39 35 29 82 2429 1 491337 31578 1.3 32 23 3 22 52% 1757 19400 1462 13%
c s 24.31 39 35 29 82 2433 1 499442 38177 1.4 31 23 3 22 52% 1757 19294 1462 13%
c e 24.32 39 35 29 82 2433 1 499442 38177 1.4 31 23 3 22 52% 1655 20001 1405 13%
c s 24.33 39 35 29 82 2433 1 499442 38177 1.4 31 23 3 22 52% 1655 19561 1405 13%
c e 24.33 39 35 29 82 2433 1 499442 38177 1.4 31 23 3 22 52% 1653 19572 1404 13%
c - 24.38 39 35 29 83 2433 1 500392 25876 1.4 31 23 3 22 52% 1653 19572 1404 13%
c - 24.77 39 34 29 84 2438 1 509506 26228 1.4 31 23 3 22 52% 1653 19572 1404 13%
c
c seconds   switched    rate          size/glue  tier1     binary        remaining
c        MB   reductions  conflicts         size   tier2      irredundant
c         level    restarts      redundant     glue    trail        variables
c
c - 25.15 39 35 29 85 2440 1 518674 26258 1.4 31 23 3 22 52% 1653 19572 1404 13%
c ] 25.55 39 35 30 85 2445 1 527303 33037 1.4 31 23 3 22 52% 1653 19572 1404 13%
c { 25.55 39 31 30 85 2445 2 527303 33037 1.8 24 14 3 13 53% 1653 19572 1404 13%
c - 25.59 39 31 30 86 2456 2 527897 25253 1.8 24 14 3 13 53% 1653 19572 1404 13%
c u 25.84 39 30 30 86 2484 2 532944 29040 1.8 24 14 3 13 54% 1659 19572 1404 13%
c v 25.91 39 30 30 86 2484 2 532944 28752 1.8 24 14 3 13 54% 1659 19572 1404 13%
c w 25.94 39 30 30 86 2484 2 532944 28703 1.8 24 14 3 13 54% 1659 19572 1404 13%
c x 25.98 40 30 30 86 2484 2 532944 28698 1.8 24 14 3 13 54% 1669 19053 1404 13%
c t 25.98 40 30 30 86 2484 2 532944 28698 1.8 24 14 3 13 54% 1657 19053 1404 13%
c f 26.00 40 30 30 86 2484 2 532944 28698 1.8 24 14 3 13 54% 1641 18942 1411 13%
c u 26.06 40 30 30 86 2484 2 532944 28412 1.8 24 14 3 13 54% 1641 18942 1411 13%
c v 26.14 39 30 30 86 2484 2 532944 28236 1.8 24 14 3 13 54% 1641 18942 1411 13%
c w 26.16 40 30 30 86 2484 2 532944 28139 1.8 24 14 3 13 54% 1641 18942 1411 13%
c x 26.21 40 30 30 86 2484 2 532944 28134 1.8 24 14 3 13 54% 1656 18681 1411 13%
c t 26.62 40 30 30 86 2484 2 532944 28134 1.8 24 14 3 13 54% 1651 18681 1411 13%
c - 26.81 40 30 30 87 2521 2 537171 27188 1.8 24 14 3 13 54% 1651 18681 1411 13%
c - 27.22 40 30 30 88 2605 2 546501 29884 1.8 24 14 3 13 54% 1651 18681 1411 13%
c - 27.59 40 30 30 89 2660 2 555884 31941 1.8 24 14 3 13 53% 1652 18681 1411 13%
c - 27.94 40 29 30 90 2677 2 565322 33730 1.8 24 13 3 13 53% 1654 18681 1411 13%
c o 28.19 40 29 30 90 2705 2 571651 39167 1.8 24 13 3 13 52% 1654 18681 1411 13%
c
c seconds   switched    rate          size/glue  tier1     binary        remaining
c        MB   reductions  conflicts         size   tier2      irredundant
c         level    restarts      redundant     glue    trail        variables
c
c - 28.35 40 29 30 91 2743 2 574809 34846 1.8 24 13 3 13 52% 1654 18681 1411 13%
c } 28.67 40 29 31 91 2790 2 581741 40579 1.8 23 13 3 13 53% 1654 18681 1411 13%
c [ 28.67 40 35 31 91 2790 1 581741 40579 1.4 31 23 3 22 52% 1654 18681 1411 13%
c O 28.67 40 35 31 91 2790 1 581741 40579 1.4 31 23 3 22 52% 1654 18681 1411 13%
c - 28.77 40 34 31 92 2792 1 584348 35583 1.4 31 23 3 22 52% 1654 18681 1411 13%
c - 29.24 40 33 31 93 2796 1 593943 35115 1.4 31 22 3 22 52% 1654 18681 1411 13%
c u 29.71 40 33 31 93 2803 1 602889 41537 1.4 30 22 3 22 51% 1654 18681 1411 13%
c v 29.78 41 33 31 93 2803 1 602889 40998 1.4 30 22 3 22 51% 1654 18681 1411 13%
c w 29.82 42 33 31 93 2803 1 602889 40676 1.4 30 22 3 22 51% 1654 18681 1411 13%
c x 29.86 42 33 31 93 2803 1 602889 40672 1.4 30 22 3 22 51% 1654 18605 1411 13%
c - 29.91 42 33 31 94 2803 1 603587 31929 1.4 30 22 3 22 51% 1654 18605 1411 13%
c - 30.38 38 33 31 95 2804 1 613283 30712 1.4 30 22 3 22 51% 1654 18605 1411 13%
c - 30.81 38 32 31 96 2811 1 623029 31753 1.4 30 22 3 22 51% 1654 18605 1411 13%
c ] 31.13 38 32 32 96 2814 1 629485 36998 1.4 30 22 3 22 51% 1654 18605 1411 13%
c { 31.13 38 29 32 96 2814 2 629485 36998 1.8 23 13 3 13 53% 1654 18605 1411 13%
c - 31.32 41 29 32 97 2865 2 632829 32345 1.8 24 13 3 13 53% 1654 18605 1411 13%
c - 31.77 41 29 32 98 2951 2 642681 34567 1.7 24 13 3 13 52% 1654 18605 1411 13%
c - 32.19 41 30 32 99 2981 2 652585 37337 1.8 23 13 3 13 52% 1655 18605 1411 13%
c - 32.66 41 30 32 100 3047 2 662535 38703 1.8 23 13 3 13 52% 1656 18605 1411 13%
c s 32.69 41 30 32 100 3049 2 663183 39287 1.8 23 13 3 13 52% 1656 18572 1411 13%
c
c seconds   switched     rate          size/glue  tier1     binary        remaining
c        MB   reductions   conflicts         size   tier2      irredundant
c         level     restarts      redundant     glue    trail        variables
c
c e 32.70 41 30 32 100 3049 2 663183 39287 1.8 23 13 3 13 52% 1620 18926 1385 13%
c s 32.70 41 30 32 100 3049 2 663183 39287 1.8 23 13 3 13 52% 1620 18801 1385 13%
c e 32.71 41 30 32 100 3049 2 663183 39287 1.8 23 13 3 13 52% 1609 18867 1380 12%
c - 33.18 43 30 32 101 3149 2 672542 37456 1.8 24 13 3 13 52% 1609 18867 1380 12%
c u 33.50 43 30 32 101 3185 2 677559 41440 1.8 24 13 3 13 52% 1611 18867 1380 12%
c v 33.59 43 30 32 101 3185 2 677559 41374 1.8 24 13 3 13 52% 1611 18867 1380 12%
c w 33.63 43 30 32 101 3185 2 677559 41279 1.8 24 13 3 13 52% 1611 18867 1380 12%
c x 33.69 43 30 32 101 3185 2 677559 41277 1.8 24 13 3 13 52% 1612 18771 1380 12%
c f 33.70 43 30 32 101 3185 2 677559 41277 1.8 24 13 3 13 52% 1615 18731 1382 12%
c u 33.79 43 30 32 101 3185 2 677559 40896 1.8 24 13 3 13 52% 1618 18731 1382 12%
c v 33.88 43 30 32 101 3185 2 677559 40843 1.8 24 13 3 13 52% 1618 18731 1382 12%
c w 33.92 43 30 32 101 3185 2 677559 40812 1.8 24 13 3 13 52% 1618 18731 1382 12%
c x 33.97 43 30 32 101 3185 2 677559 40812 1.8 24 13 3 13 52% 1618 18717 1382 12%
c = 34.47 43 30 32 101 3185 2 677559 40812 1.8 24 13 3 13 52% 1618 18714 1381 12%
c - 34.73 43 30 32 102 3242 2 682592 34698 1.8 23 13 2 13 52% 1614 18714 1381 12%
c o 34.76 43 30 32 102 3245 2 683600 35458 1.8 23 13 2 13 52% 1614 18714 1381 12%
c } 35.06 43 30 33 102 3282 2 690589 41746 1.8 23 13 2 13 52% 1614 18714 1381 12%
c [ 35.06 43 32 33 102 3282 1 690589 41746 1.4 30 22 3 22 51% 1614 18714 1381 12%
c B 35.06 43 32 33 102 3282 1 690589 41746 1.4 30 22 3 22 51% 1614 18714 1381 12%
c - 35.17 43 32 33 103 3284 1 692691 34837 1.4 30 22 3 22 51% 1614 18714 1381 12%
c
c seconds   switched     rate          size/glue  tier1     binary        remaining
c        MB   reductions   conflicts         size   tier2      irredundant
c         level     restarts      redundant     glue    trail        variables
c
c - 35.61 43 32 33 104 3288 1 702840 32688 1.4 30 22 3 21 50% 1614 18714 1381 12%
c - 36.10 43 32 33 105 3295 1 713038 29685 1.4 30 22 3 21 50% 1614 18714 1381 12%
c - 36.59 43 32 33 106 3296 1 723284 29639 1.4 29 21 3 21 50% 1614 18714 1381 12%
c - 37.08 43 31 33 107 3303 1 733579 30912 1.4 29 21 3 21 50% 1614 18714 1381 12%
c - 37.53 43 30 33 108 3309 1 743923 31713 1.4 28 21 3 21 49% 1614 18714 1381 12%
c W 37.74 43 29 33 108 3310 1 748175 34445 1.4 28 20 3 21 49% 1614 18714 1381 12%
c ] 37.81 43 29 34 108 3311 1 749769 35694 1.4 28 20 3 21 49% 1614 18714 1381 12%
c { 37.81 43 30 34 108 3311 2 749769 35694 1.8 23 13 2 13 52% 1614 18714 1381 12%
c - 37.96 43 29 34 109 3311 2 754315 33697 1.8 23 13 2 13 51% 1615 18713 1381 12%
c u 38.17 43 28 34 109 3311 2 756953 34858 1.8 23 13 2 13 52% 1621 18713 1381 12%
c v 38.30 43 28 34 109 3311 2 756953 27230 1.8 23 13 2 13 52% 1621 18713 1381 12%
c w 38.35 43 28 34 109 3311 2 756953 23523 1.8 23 13 2 13 52% 1621 18713 1381 12%
c t 38.35 43 28 34 109 3311 2 756953 23523 1.8 23 13 2 13 52% 1620 18713 1381 12%
c - 38.61 43 28 34 110 3311 2 764756 28356 1.9 23 12 2 13 51% 1621 18713 1381 12%
c - 39.12 43 27 34 111 3311 1 775244 34677 2.0 23 12 2 12 52% 1622 18713 1381 12%
c - 39.65 44 26 34 112 3311 1 785779 37690 2.1 24 11 2 12 54% 1622 18713 1381 12%
c - 40.19 44 25 34 113 3311 1 796362 39689 2.2 25 11 2 12 54% 1622 18713 1381 12%
c - 40.76 35 24 34 114 3316 1 806992 40369 2.3 25 11 2 12 56% 1622 18713 1381 12%
c - 41.33 43 23 34 115 3329 1 817669 41294 2.4 26 11 2 12 56% 1622 18713 1381 12%
c } 41.35 43 23 35 115 3330 1 817915 41538 2.4 26 11 2 12 56% 1622 18713 1381 12%
c
c seconds   switched     rate          size/glue  tier1     binary        remaining
c        MB   reductions   conflicts         size   tier2      irredundant
c         level     restarts      redundant     glue    trail        variables
c
c [ 41.35 43 29 35 115 3330 1 817915 41538 1.4 28 20 3 21 49% 1622 18713 1381 12%
c I 41.35 43 29 35 115 3330 1 817915 41538 1.4 28 20 3 21 49% 1622 18713 1381 12%
c o 41.35 43 29 35 115 3330 1 817915 41538 1.4 28 20 3 21 49% 1622 18713 1381 12%
c - 41.79 44 30 35 116 3336 1 828394 37517 1.4 28 20 3 21 50% 1622 18713 1381 12%
c - 42.24 44 30 35 117 3343 1 839165 30190 1.4 28 21 3 21 50% 1622 18713 1381 12%
c u 42.40 44 31 35 117 3343 1 841154 30962 1.4 28 21 3 21 50% 1627 18713 1381 12%
c v 42.49 44 31 35 117 3343 1 841154 30708 1.4 28 21 3 21 50% 1627 18713 1381 12%
c w 42.53 45 31 35 117 3343 1 841154 30458 1.4 28 21 3 21 50% 1627 18713 1381 12%
c x 42.59 47 31 35 117 3343 1 841154 30446 1.4 28 21 3 21 50% 1629 18501 1381 12%
c t 42.64 47 31 35 117 3343 1 841154 30446 1.4 28 21 3 21 50% 1628 18501 1381 12%
c - 43.00 48 31 35 118 3344 1 849981 27554 1.4 28 21 3 21 49% 1628 18501 1381 12%
c s 43.22 48 31 35 118 3348 1 855559 32056 1.4 28 21 3 21 49% 1631 18444 1381 12%
c e 43.23 48 31 35 118 3348 1 855559 32056 1.4 28 21 3 21 49% 1605 18532 1375 12%
c s 43.23 48 31 35 118 3348 1 855559 32056 1.4 28 21 3 21 49% 1605 18491 1375 12%
c e 43.23 48 31 35 118 3348 1 855559 32056 1.4 28 21 3 21 49% 1604 18505 1374 12%
c - 43.48 48 31 35 119 3351 1 860844 28717 1.4 28 21 3 21 49% 1606 18505 1374 12%
c - 43.91 48 31 35 120 3358 1 871752 28674 1.4 28 21 3 21 49% 1606 18505 1374 12%
c - 44.39 48 31 35 121 3359 1 882706 27150 1.4 28 21 3 21 49% 1606 18505 1374 12%
c B 44.52 48 31 35 121 3360 1 885600 29311 1.3 28 21 3 21 49% 1606 18505 1374 12%
c ] 44.65 48 31 36 121 3360 1 889084 32081 1.4 28 21 3 21 49% 1606 18505 1374 12%
c
c seconds   switched     rate          size/glue  tier1     binary        remaining
c        MB   reductions   conflicts         size   tier2      irredundant
c         level     restarts      redundant     glue    trail        variables
c
c { 44.65 48 23 36 121 3360 1 889084 32081 2.4 26 11 2 12 56% 1606 18505 1374 12%
c - 44.84 48 24 36 122 3411 1 893706 29733 2.4 26 11 2 12 56% 1606 18505 1374 12%
c - 45.29 48 24 36 123 3569 1 904752 32726 2.2 25 11 2 12 55% 1606 18505 1374 12%
c - 45.75 48 24 36 124 3698 1 915842 34525 2.2 25 12 2 12 54% 1607 18505 1374 12%
c - 46.23 48 24 36 125 3812 1 926978 36463 2.1 25 12 2 12 54% 1609 18505 1374 12%
c u 46.45 52 24 36 125 3842 1 930304 38756 2.1 25 12 2 12 54% 1610 18505 1374 12%
c v 46.54 54 24 36 125 3842 1 930304 38244 2.1 25 12 2 12 54% 1610 18505 1374 12%
c w 46.57 54 24 36 125 3842 1 930304 38065 2.1 25 12 2 12 54% 1610 18505 1374 12%
c x 46.63 58 24 36 125 3842 1 930304 38049 2.1 25 12 2 12 54% 1633 18171 1374 12%
c t 46.63 58 24 36 125 3842 1 930304 38049 2.1 25 12 2 12 54% 1609 18171 1374 12%
c - 47.01 58 25 36 126 3918 1 938158 37185 2.1 25 12 2 12 53% 1609 18171 1374 12%
c o 47.48 58 25 36 126 4022 1 947928 45201 2.0 24 12 2 12 53% 1609 18171 1374 12%
c - 47.55 58 25 36 127 4038 1 949385 38222 2.0 24 12 2 12 53% 1609 18171 1374 12%
c - 48.08 62 25 36 128 4162 2 960658 39178 2.0 24 12 2 12 52% 1612 18171 1374 12%
c } 48.28 62 25 37 128 4207 2 964640 42575 1.9 24 12 2 12 52% 1612 18171 1374 12%
c [ 48.28 62 31 37 128 4207 1 964640 42575 1.4 28 21 3 21 49% 1612 18171 1374 12%
c W 48.29 62 31 37 128 4207 1 964640 42575 1.4 28 21 3 21 49% 1612 18171 1374 12%
c - 48.69 65 31 37 129 4212 1 971972 38573 1.4 28 21 3 21 49% 1612 18171 1374 12%
c - 49.24 67 31 37 130 4219 1 983330 36102 1.4 28 21 3 21 49% 1612 18171 1374 12%
c - 49.74 67 31 37 131 4221 1 994731 33590 1.4 28 21 3 21 49% 1613 18171 1374 12%
c
c seconds   switched     rate           size/glue  tier1     binary        remaining
c        MB   reductions    conflicts         size   tier2      irredundant
c         level     restarts       redundant     glue    trail        variables
c
c - 50.27 67 31 37 132 4228 1 1006176 32192 1.4 29 21 3 21 49% 1613 18171 1374 12%
c - 50.82 64 31 37 133 4234 1 1017665 31159 1.4 29 21 3 21 49% 1613 18171 1374 12%
c u 51.26 64 31 37 133 4236 1 1024542 35126 1.4 29 21 3 21 49% 1613 18171 1374 12%
c v 51.37 65 31 37 133 4236 1 1024542 34707 1.4 29 21 3 21 49% 1613 18171 1374 12%
c w 51.41 66 31 37 133 4236 1 1024542 34691 1.4 29 21 3 21 49% 1613 18171 1374 12%
c x 51.48 69 31 37 133 4236 1 1024542 34670 1.4 29 21 3 21 49% 1641 17845 1374 12%
c t 51.48 69 31 37 133 4236 1 1024542 34670 1.4 29 21 3 21 49% 1611 17845 1374 12%
c - 51.71 72 31 37 134 4236 1 1029197 30463 1.3 29 22 3 21 49% 1611 17845 1374 12%
c ] 51.93 72 31 38 134 4237 1 1034055 34049 1.3 29 22 3 21 49% 1611 17845 1374 12%
c { 51.93 72 25 38 134 4237 2 1034055 34049 1.9 24 12 2 12 52% 1611 17845 1374 12%
c - 52.22 72 25 38 135 4281 2 1040773 33489 1.9 24 12 2 12 51% 1618 17845 1374 12%
c - 52.62 72 26 38 136 4329 2 1052391 37603 1.9 23 12 2 12 50% 1624 17845 1374 12%
c - 53.14 72 26 38 137 4416 2 1064053 39366 1.9 23 12 2 12 49% 1627 17845 1374 12%
c - 53.68 72 27 38 138 4500 2 1075758 40832 1.9 23 12 2 12 48% 1629 17845 1374 12%
c s 53.77 72 27 38 138 4517 2 1077803 42586 1.9 23 12 2 12 48% 1630 17786 1374 12%
c e 53.77 72 27 38 138 4517 2 1077803 42586 1.9 23 12 2 12 48% 1617 17905 1365 12%
c s 53.78 72 27 38 138 4517 2 1077803 42586 1.9 23 12 2 12 48% 1617 17859 1365 12%
c e 53.78 72 27 38 138 4517 2 1077803 42586 1.9 23 12 2 12 48% 1616 17876 1364 12%
c i 54.22 72 27 38 138 4553 2 1086602 49621 1.9 22 12 2 12 47% 1621 17876 1362 12%
c - 54.28 75 27 38 139 4562 2 1087507 41335 1.9 22 12 2 12 47% 1607 17866 1362 12%
c
c seconds   switched     rate           size/glue  tier1     binary        remaining
c        MB   reductions    conflicts         size   tier2      irredundant
c         level     restarts       redundant     glue    trail        variables
c
c o 54.30 75 27 38 139 4567 2 1087971 41758 1.9 22 12 2 12 47% 1607 17866 1362 12%
c i 54.70 75 27 38 139 4627 2 1096675 49389 1.9 22 12 2 12 47% 1613 17866 1349 12%
c - 54.84 75 27 38 140 4643 2 1099297 41179 1.9 22 12 2 12 47% 1591 17866 1349 12%
c i 55.04 75 27 38 140 4673 2 1104336 45490 1.9 22 12 2 12 46% 1600 17866 1348 12%
c - 55.40 75 27 38 141 4720 2 1111133 42229 1.8 22 12 2 12 46% 1590 17866 1348 12%
c } 55.66 75 28 39 141 4778 2 1117390 47805 1.8 22 12 2 12 46% 1595 17866 1348 12%
c [ 55.66 75 31 39 141 4778 1 1117390 47805 1.3 29 22 3 21 49% 1595 17866 1348 12%
c O 55.66 75 31 39 141 4778 1 1117390 47805 1.3 29 22 3 21 49% 1595 17866 1348 12%
c - 55.94 75 31 39 142 4782 1 1123007 42524 1.4 29 21 3 21 49% 1595 17866 1348 12%
c u 56.08 75 31 39 142 4783 1 1123929 42889 1.4 29 21 3 21 49% 1616 17711 1348 12%
c v 56.19 75 31 39 142 4783 1 1123929 42633 1.4 29 21 3 21 49% 1616 17711 1348 12%
c w 56.23 75 31 39 142 4783 1 1123929 42594 1.4 29 21 3 21 49% 1616 17711 1348 12%
c x 56.31 75 31 39 142 4783 1 1123929 42591 1.4 29 21 3 21 49% 1643 17610 1348 12%
c = 56.92 76 31 39 142 4783 1 1123929 42591 1.4 29 21 3 21 49% 1643 17599 1347 12%
c t 56.92 76 31 39 142 4783 1 1123929 42591 1.4 29 21 3 21 49% 1614 17597 1347 12%
c u 57.02 76 31 39 142 4783 1 1123929 42364 1.4 29 21 3 21 49% 1616 17597 1347 12%
c v 57.13 76 31 39 142 4783 1 1123929 42117 1.4 29 21 3 21 49% 1616 17597 1347 12%
c w 57.17 76 31 39 142 4783 1 1123929 42089 1.4 29 21 3 21 49% 1616 17597 1347 12%
c x 57.24 76 31 39 142 4783 1 1123929 42087 1.4 29 21 3 21 49% 1617 17558 1347 12%
c t 57.24 76 31 39 142 4783 1 1123929 42087 1.4 29 21 3 21 49% 1615 17558 1347 12%
c
c seconds   switched     rate           size/glue  tier1     binary        remaining
c        MB   reductions    conflicts         size   tier2      irredundant
c         level     restarts       redundant     glue    trail        variables
c
c - 57.75 76 30 39 143 4789 1 1134923 39984 1.4 28 21 3 21 49% 1611 17558 1347 12%
c - 58.29 76 30 39 144 4792 1 1146881 38955 1.4 28 20 3 21 49% 1611 17558 1347 12%
c - 58.84 76 30 39 145 4799 1 1158881 38162 1.4 28 20 3 20 50% 1611 17558 1347 12%
c - 59.36 76 31 39 146 4806 1 1170926 35456 1.4 29 21 3 21 49% 1611 17558 1347 12%
c - 59.89 76 31 39 147 4807 1 1183009 33645 1.4 29 21 3 21 50% 1611 17558 1347 12%
c - 60.44 63 32 39 148 4808 1 1195133 34808 1.4 30 22 3 21 49% 1611 17558 1347 12%
c ] 60.48 63 32 40 148 4808 1 1195949 35510 1.4 30 22 3 21 49% 1611 17558 1347 12%
c { 60.48 63 28 40 148 4808 2 1195949 35510 1.8 22 12 2 12 46% 1611 17558 1347 12%
c - 60.93 63 28 40 149 4944 2 1207302 38225 1.8 22 12 2 12 46% 1615 17558 1347 12%
c - 61.49 63 28 40 150 5060 2 1219508 41664 1.8 22 12 2 12 46% 1615 17558 1347 12%
c u 61.96 64 27 40 150 5134 2 1228487 48627 1.7 22 12 2 12 45% 1629 17558 1347 12%
c v 62.09 64 27 40 150 5134 2 1228487 48330 1.7 22 12 2 12 45% 1630 17558 1347 12%
c w 62.13 64 27 40 150 5134 2 1228487 48262 1.7 22 12 2 12 45% 1630 17558 1347 12%
c x 62.21 64 27 40 150 5134 2 1228487 48247 1.7 22 12 2 12 45% 1633 17462 1346 12%
c t 62.91 64 27 40 150 5134 2 1228487 48246 1.7 22 12 2 12 45% 1617 17461 1346 12%
c u 63.02 64 27 40 150 5134 2 1228487 47487 1.7 22 12 2 12 45% 1625 17461 1346 12%
c v 63.15 64 27 40 150 5134 2 1228487 47316 1.7 22 12 2 12 45% 1625 17461 1346 12%
c w 63.19 64 27 40 150 5134 2 1228487 47122 1.7 22 12 2 12 45% 1625 17461 1346 12%
c x 63.27 64 27 40 150 5134 2 1228487 47115 1.7 22 12 2 12 45% 1642 17312 1346 12%
c t 63.27 64 27 40 150 5134 2 1228487 47115 1.7 22 12 2 12 45% 1619 17312 1346 12%
c
c seconds   switched     rate           size/glue  tier1     binary        remaining
c        MB   reductions    conflicts         size   tier2      irredundant
c         level     restarts       redundant     glue    trail        variables
c
c i 63.27 64 27 40 150 5134 2 1228487 47115 1.7 22 12 2 12 45% 1619 17312 1346 12%
c - 63.45 64 27 40 151 5169 2 1231757 42196 1.7 22 13 2 12 45% 1614 17312 1346 12%
c i 63.67 64 27 40 151 5187 2 1237652 46899 1.7 22 12 2 12 44% 1619 17312 1341 12%
c o 63.71 64 27 40 151 5191 2 1238507 47629 1.7 22 12 2 12 45% 1619 17312 1341 12%
c - 64.00 64 27 40 152 5236 2 1244045 43056 1.7 22 12 2 12 44% 1607 17312 1341 12%
c - 64.58 64 27 40 153 5327 2 1256375 44573 1.7 21 12 2 12 44% 1610 17312 1341 12%
c - 65.23 63 27 40 154 5415 2 1268750 46803 1.7 22 12 2 12 45% 1611 17312 1341 12%
c - 65.85 64 26 40 155 5484 2 1281160 47698 1.7 21 12 2 12 45% 1611 17312 1341 12%
c } 66.14 64 26 41 155 5507 2 1287423 52738 1.7 21 12 2 12 44% 1611 17312 1341 12%
c [ 66.14 64 32 41 155 5507 1 1287423 52738 1.4 30 22 3 21 49% 1611 17312 1341 12%
c B 66.14 64 32 41 155 5507 1 1287423 52738 1.4 30 22 3 21 49% 1611 17312 1341 12%
c - 66.51 64 32 41 156 5512 1 1293609 46678 1.4 30 22 3 21 49% 1611 17312 1341 12%
c - 67.20 64 33 41 157 5519 1 1306098 41746 1.3 31 23 3 21 49% 1611 17312 1341 12%
c - 67.88 64 34 41 158 5521 1 1318627 38466 1.3 31 23 3 21 49% 1611 17312 1341 12%
c - 68.51 63 34 41 159 5528 1 1331197 39256 1.3 31 23 3 21 50% 1611 17312 1341 12%
c s 68.53 63 34 41 159 5528 1 1331641 39620 1.3 31 23 3 21 50% 1611 17189 1341 12%
c e 68.54 63 34 41 159 5528 1 1331641 39620 1.3 31 23 3 21 50% 1562 17456 1315 12%
c s 68.54 63 34 41 159 5528 1 1331641 39620 1.3 31 23 3 21 50% 1564 17363 1315 12%
c e 68.55 63 34 41 159 5528 1 1331641 39620 1.3 31 23 3 21 50% 1572 17384 1313 12%
c u 68.96 63 34 41 159 5533 1 1338272 40262 1.4 31 23 3 21 50% 1588 17379 1313 12%
c
c seconds   switched     rate           size/glue  tier1     binary        remaining
c        MB   reductions    conflicts         size   tier2      irredundant
c         level     restarts       redundant     glue    trail        variables
c
c v 69.09 63 34 41 159 5533 1 1338272 40010 1.4 31 23 3 21 50% 1588 17379 1313 12%
c w 69.15 64 34 41 159 5533 1 1338272 39924 1.4 31 23 3 21 50% 1588 17379 1313 12%
c x 69.24 64 34 41 159 5533 1 1338272 39913 1.4 31 23 3 21 50% 1621 17247 1306 12%
c t 69.24 64 34 41 159 5533 1 1338272 39911 1.4 31 23 3 21 50% 1598 17189 1306 12%
c f 69.25 64 34 41 159 5533 1 1338272 39911 1.4 31 23 3 21 50% 1592 17161 1308 12%
c u 69.36 63 34 41 159 5533 1 1338272 38900 1.4 31 23 3 21 50% 1595 17161 1308 12%
c v 69.50 64 34 41 159 5533 1 1338272 38554 1.4 31 23 3 21 50% 1596 17161 1308 12%
c w 69.56 63 34 41 159 5533 1 1338272 38423 1.4 31 23 3 21 50% 1596 17161 1308 12%
c x 69.65 63 34 41 159 5533 1 1338272 38423 1.4 31 23 3 21 50% 1596 17114 1303 12%
c t 70.44 45 34 41 159 5533 1 1338272 38407 1.4 31 23 3 21 50% 1594 17090 1303 12%
c i 70.44 45 34 41 159 5533 1 1338272 38407 1.4 31 23 3 21 50% 1594 17090 1303 12%
c - 70.72 45 34 41 160 5535 1 1343807 35307 1.4 30 22 3 21 50% 1548 17090 1303 12%
c - 71.38 45 34 41 161 5537 1 1356456 35567 1.4 30 23 3 21 49% 1548 17090 1303 12%
c ] 71.90 45 34 42 161 5537 1 1368084 45081 1.3 31 23 3 21 49% 1548 17090 1303 12%
c { 71.90 45 26 42 161 5537 2 1368084 45081 1.7 21 12 2 12 44% 1548 17090 1303 12%
c - 71.97 45 26 42 162 5553 2 1369144 35684 1.7 21 12 2 12 44% 1548 17090 1303 12%
c - 72.52 45 26 42 163 5670 2 1381873 39754 1.7 21 13 2 12 44% 1550 17090 1303 12%
c - 73.10 59 26 42 164 5774 2 1394641 43632 1.7 22 13 2 12 44% 1550 17090 1303 12%
c o 73.25 61 26 42 164 5784 2 1398518 46851 1.7 22 13 2 12 44% 1550 17090 1303 12%
c - 73.73 74 26 42 165 5857 2 1407448 46352 1.7 22 13 2 12 44% 1550 17090 1303 12%
c
c seconds   switched     rate           size/glue  tier1     binary        remaining
c        MB   reductions    conflicts         size   tier2      irredundant
c         level     restarts       redundant     glue    trail        variables
c
c - 74.36 74 26 42 166 5956 2 1420296 47823 1.7 22 13 2 12 44% 1551 17090 1303 12%
c - 74.95 74 26 42 167 6038 2 1433184 48735 1.7 21 13 2 12 44% 1551 17090 1303 12%
c - 75.56 74 25 42 168 6104 2 1446106 48765 1.7 21 13 2 12 44% 1551 17090 1303 12%
c u 76.01 75 25 42 168 6134 2 1453354 53178 1.7 21 12 2 12 44% 1574 17090 1303 12%
c v 76.19 76 25 42 168 6134 2 1453354 52155 1.7 21 12 2 12 44% 1574 17090 1303 12%
c w 76.26 76 25 42 168 6134 2 1453354 51927 1.7 21 12 2 12 44% 1574 17090 1303 12%
c t 76.26 76 25 42 168 6134 2 1453354 51927 1.7 21 12 2 12 44% 1555 17090 1303 12%
c - 76.51 76 25 42 169 6161 2 1459068 47882 1.7 21 12 2 12 44% 1555 17090 1303 12%
c } 76.94 77 25 43 169 6222 2 1468057 55503 1.7 21 12 2 12 44% 1555 17090 1303 12%
c [ 76.94 77 34 43 169 6222 1 1468057 55503 1.3 31 23 3 21 49% 1555 17090 1303 12%
c W 76.96 77 34 43 169 6222 1 1468057 55503 1.3 31 23 3 21 49% 1555 17090 1303 12%
c - 77.19 77 35 43 170 6224 1 1472070 47283 1.3 31 23 3 21 49% 1555 17090 1303 12%
c - 77.87 76 35 43 171 6232 1 1485109 42808 1.3 31 23 3 21 49% 1555 17090 1303 12%
c - 78.65 76 35 43 172 6236 1 1498186 38513 1.3 31 23 3 21 49% 1555 17090 1303 12%
c - 79.45 76 35 43 173 6243 1 1511302 38751 1.3 31 23 3 21 50% 1555 17090 1303 12%
c - 80.16 76 34 43 174 6250 1 1524454 40653 1.4 30 22 3 21 51% 1555 17090 1303 12%
c - 80.89 67 33 43 175 6252 1 1537644 42936 1.4 30 22 3 21 51% 1555 17090 1303 12%
c - 81.69 67 32 43 176 6253 1 1550874 44933 1.4 29 21 3 21 51% 1555 17090 1303 12%
c ] 82.01 67 31 44 176 6257 1 1556217 49177 1.4 29 21 3 21 51% 1555 17090 1303 12%
c { 82.01 67 25 44 176 6257 2 1556217 49177 1.7 21 12 2 12 44% 1555 17090 1303 12%
c
c seconds   switched     rate           size/glue  tier1     binary        remaining
c        MB   reductions    conflicts         size   tier2      irredundant
c         level     restarts       redundant     glue    trail        variables
c
c - 82.54 67 25 44 177 6374 2 1564141 46621 1.7 21 13 2 12 45% 1555 17090 1303 12%
c o 82.83 67 25 44 177 6442 2 1569207 50790 1.7 22 13 2 12 45% 1555 17090 1303 12%
c u 83.27 67 25 44 177 6498 2 1573610 53541 1.7 22 13 2 12 46% 1556 17090 1303 12%
c v 83.45 67 25 44 177 6498 2 1573610 53344 1.7 22 13 2 12 46% 1556 17090 1303 12%
c w 83.52 68 25 44 177 6498 2 1573610 53283 1.7 22 13 2 12 46% 1556 17090 1303 12%
c x 83.63 68 25 44 177 6498 2 1573610 53283 1.7 22 13 2 12 46% 1557 17074 1303 12%
c - 83.92 68 25 44 178 6555 2 1577446 45760 1.7 22 13 2 12 46% 1557 17074 1303 12%
c - 84.77 68 26 44 179 6714 2 1590787 46526 1.6 22 13 2 12 47% 1557 17074 1303 12%
c - 85.61 68 26 44 180 6874 2 1604167 47636 1.6 23 14 2 12 48% 1557 17074 1303 12%
c - 86.43 68 26 44 181 7011 2 1617583 48407 1.6 23 14 2 12 49% 1557 17074 1303 12%
c s 86.50 68 26 44 181 7023 2 1618472 49195 1.6 23 14 2 12 49% 1558 17028 1303 12%
c e 86.50 68 26 44 181 7023 2 1618472 49195 1.6 23 14 2 12 49% 1532 17271 1285 12%
c s 86.51 68 26 44 181 7023 2 1618472 49195 1.6 23 14 2 12 49% 1538 17162 1285 12%
c e 86.51 68 26 44 181 7023 2 1618472 49195 1.6 23 14 2 12 49% 1543 17211 1281 12%
c - 87.22 68 27 44 182 7140 2 1631036 48462 1.6 23 14 2 12 50% 1543 17211 1281 12%
c - 88.01 68 27 44 183 7294 2 1644527 48457 1.6 23 14 2 12 50% 1544 17211 1281 12%
c - 88.79 68 27 44 184 7426 2 1658054 48364 1.6 23 15 2 12 51% 1544 17211 1281 12%
c } 89.16 68 27 45 184 7493 2 1665049 54544 1.6 24 15 2 12 51% 1544 17211 1281 12%
c [ 89.16 68 31 45 184 7493 1 1665049 54544 1.4 29 21 3 21 51% 1544 17211 1281 12%
c I 89.16 68 31 45 184 7493 1 1665049 54544 1.4 29 21 3 21 51% 1544 17211 1281 12%
c
c seconds   switched     rate           size/glue  tier1     binary        remaining
c        MB   reductions    conflicts         size   tier2      irredundant
c         level     restarts       redundant     glue    trail        variables
c
c - 89.45 68 31 45 185 7498 1 1671619 48362 1.4 29 21 3 20 51% 1544 17211 1281 12%
c - 90.10 68 31 45 186 7505 1 1685221 46399 1.4 28 20 2 20 50% 1544 17211 1281 12%
c - 90.79 53 32 45 187 7508 1 1698860 42758 1.4 29 21 2 20 50% 1544 17211 1281 12%
c u 91.02 58 32 45 187 7509 1 1699108 41455 1.4 29 21 2 20 50% 1550 17211 1281 12%
c v 91.24 63 32 45 187 7509 1 1699108 39867 1.4 29 21 2 20 50% 1556 17211 1281 12%
c w 91.33 64 32 45 187 7509 1 1699108 39600 1.4 29 21 2 20 50% 1556 17211 1281 12%
c t 91.33 64 32 45 187 7509 1 1699108 39600 1.4 29 21 2 20 50% 1544 17211 1281 12%
c f 91.34 64 32 45 187 7509 1 1699108 39600 1.4 29 21 2 20 50% 1518 17140 1285 12%
c u 91.55 72 32 45 187 7509 1 1699108 38234 1.4 29 21 2 20 50% 1521 17140 1285 12%
c v 91.79 73 32 45 187 7509 1 1699108 37674 1.4 29 21 2 20 50% 1521 17140 1285 12%
c w 91.88 73 32 45 187 7509 1 1699108 37615 1.4 29 21 2 20 50% 1521 17140 1285 12%
c t 92.90 73 32 45 187 7509 1 1699108 37615 1.4 29 21 2 20 50% 1519 17140 1285 12%
c - 93.55 83 32 45 188 7517 1 1712536 37484 1.4 29 21 2 20 49% 1519 17140 1285 12%
c - 93.91 84 31 45 189 7522 1 1726249 38405 1.4 28 20 2 20 46% 1519 17140 1285 12%
c - 94.30 84 29 45 190 7523 1 1739997 39326 1.4 26 19 2 20 44% 1519 17140 1285 12%
c o 94.76 84 29 45 190 7527 1 1751438 48025 1.4 26 19 2 20 44% 1519 17140 1285 12%
c - 94.87 84 29 45 191 7529 1 1753782 40651 1.4 27 19 2 20 44% 1519 17140 1285 12%
c B 95.43 84 29 45 191 7536 1 1766827 51207 1.4 27 19 2 20 45% 1519 17140 1285 12%
c - 95.47 84 29 45 192 7536 1 1767605 39420 1.4 27 19 2 20 45% 1519 17140 1285 12%
c - 96.09 84 30 45 193 7540 1 1781464 38357 1.4 27 20 2 20 45% 1519 17140 1285 12%
c
c seconds   switched     rate           size/glue  tier1     binary        remaining
c        MB   reductions    conflicts         size   tier2      irredundant
c         level     restarts       redundant     glue    trail        variables
c
c - 96.80 84 30 45 194 7548 1 1795357 37764 1.4 27 20 2 20 46% 1519 17140 1285 12%
c ] 97.44 84 30 46 194 7553 1 1807189 47085 1.4 27 20 2 20 47% 1519 17140 1285 12%
c { 97.44 84 27 46 194 7553 2 1807189 47085 1.6 24 15 2 12 51% 1519 17140 1285 12%
c - 97.56 84 27 46 195 7569 2 1809286 39200 1.6 23 15 2 12 51% 1519 17140 1285 12%
c - 98.22 84 27 46 196 7651 2 1823250 43431 1.6 24 15 2 12 52% 1519 17140 1285 12%
c u 98.67 85 27 46 196 7698 2 1829845 47819 1.6 24 15 2 12 52% 1521 17140 1285 12%
c v 98.81 86 27 46 196 7698 2 1829845 47439 1.6 24 15 2 12 52% 1521 17140 1285 12%
c w 98.86 86 27 46 196 7698 2 1829845 47232 1.6 24 15 2 12 52% 1521 17140 1285 12%
c x 98.94 87 27 46 196 7698 2 1829845 47222 1.6 24 15 2 12 52% 1523 17093 1285 12%
c t 98.95 87 27 46 196 7698 2 1829845 47222 1.6 24 15 2 12 52% 1519 17093 1285 12%
c - 99.36 90 26 46 197 7738 2 1837251 45441 1.6 24 15 2 12 52% 1519 17093 1285 12%
c - 100.17 90 27 46 198 7874 2 1851288 47122 1.6 24 15 2 12 53% 1519 17093 1285 12%
c - 100.99 77 26 46 199 7956 2 1865359 48255 1.7 24 15 2 12 54% 1519 17093 1285 12%
c - 101.84 77 26 46 200 8047 2 1879465 49394 1.7 24 14 2 12 54% 1519 17093 1285 12%
c - 102.75 77 26 46 201 8146 2 1893611 49804 1.7 24 14 2 12 55% 1519 17093 1285 12%
c - 103.60 77 25 46 202 8265 2 1907788 50062 1.7 24 14 2 12 55% 1519 17093 1285 12%
c - 104.44 77 25 46 203 8393 2 1922000 50150 1.7 24 14 2 12 55% 1519 17093 1285 12%
c } 104.67 77 25 47 203 8421 2 1925235 52984 1.7 24 14 2 12 55% 1519 17093 1285 12%
c [ 104.67 77 30 47 203 8421 1 1925235 52984 1.4 27 20 2 20 47% 1519 17093 1285 12%
c W 104.71 77 30 47 203 8421 1 1925235 52984 1.4 27 20 2 20 47% 1519 17093 1285 12%
c
c seconds    switched     rate           size/glue  tier1     binary        remaining
c         MB   reductions    conflicts         size   tier2      irredundant
c          level     restarts       redundant     glue    trail        variables
c
c - 105.36 77 30 47 204 8427 1 1936248 49197 1.4 27 20 2 20 47% 1519 17093 1285 12%
c s 105.52 77 30 47 204 8429 1 1939132 51631 1.4 27 20 2 20 47% 1520 17065 1285 12%
c e 105.53 77 30 47 204 8429 1 1939132 51631 1.4 27 20 2 20 47% 1518 17095 1283 12%
c s 105.53 77 30 47 204 8429 1 1939132 51631 1.4 27 20 2 20 47% 1518 17090 1283 12%
c o 106.14 77 30 47 204 8435 1 1949906 60068 1.4 27 20 2 20 48% 1518 17090 1283 12%
c - 106.17 77 30 47 205 8435 1 1950533 46527 1.4 27 20 2 20 48% 1518 17090 1283 12%
c - 106.92 77 30 47 206 8441 1 1964851 44258 1.4 28 20 2 20 49% 1518 17090 1283 12%
c u 107.18 77 30 47 206 8441 1 1965903 43280 1.4 28 20 2 20 49% 1527 17090 1283 12%
c v 107.43 77 30 47 206 8441 1 1965903 42745 1.4 28 20 2 20 49% 1527 17090 1283 12%
c w 107.52 77 30 47 206 8441 1 1965903 42589 1.4 28 20 2 20 49% 1527 17090 1283 12%
c t 107.52 77 30 47 206 8441 1 1965903 42589 1.4 28 20 2 20 49% 1521 17090 1283 12%
c - 108.30 77 31 47 207 8449 1 1979206 39804 1.4 28 20 2 20 50% 1521 17090 1283 12%
c - 109.16 77 30 47 208 8451 1 1993593 41455 1.4 28 20 2 20 50% 1521 17090 1283 12%
c - 110.17 77 30 47 209 8452 1 2008019 43913 1.4 28 20 2 20 50% 1521 17090 1283 12%
c - 111.21 51 30 47 210 8461 1 2022476 44724 1.4 28 20 2 20 51% 1521 17090 1283 12%
c ] 111.79 51 30 48 210 8465 1 2030198 50599 1.4 28 20 2 20 52% 1521 17090 1283 12%
c { 111.79 51 25 48 210 8465 2 2030198 50599 1.7 24 14 2 12 55% 1521 17090 1283 12%
c - 112.25 51 26 48 211 8526 2 2036967 45556 1.7 24 14 2 12 55% 1521 17090 1283 12%
c - 113.27 51 26 48 212 8684 2 2051492 48470 1.7 24 15 2 12 55% 1521 17090 1283 12%
c - 114.21 51 27 48 213 8795 2 2066052 51084 1.7 25 15 2 12 55% 1521 17090 1283 12%
c
c seconds    switched     rate           size/glue  tier1     binary        remaining
c         MB   reductions    conflicts         size   tier2      irredundant
c          level     restarts       redundant     glue    trail        variables
c
c - 115.29 52 28 48 214 8929 2 2080647 51926 1.7 25 15 2 12 55% 1521 17090 1283 12%
c - 116.36 52 28 48 215 9042 2 2095275 52841 1.7 25 15 2 12 54% 1521 17090 1283 12%
c u 117.39 52 28 48 215 9133 2 2107278 62130 1.7 25 15 2 12 54% 1523 17090 1283 12%
c v 117.63 52 28 48 215 9133 2 2107278 61319 1.7 25 15 2 12 54% 1523 17090 1283 12%
c w 117.71 53 28 48 215 9133 2 2107278 60160 1.7 25 15 2 12 54% 1523 17090 1283 12%
c x 117.84 53 28 48 215 9133 2 2107278 60158 1.7 25 15 2 12 54% 1529 17047 1283 12%
c t 117.84 53 28 48 215 9133 2 2107278 60158 1.7 25 15 2 12 54% 1522 17047 1283 12%
c - 118.03 53 29 48 216 9162 2 2109938 50924 1.7 25 15 2 12 54% 1522 17047 1283 12%
c - 118.95 52 28 48 217 9274 2 2124636 51297 1.7 25 15 2 12 54% 1522 17047 1283 12%
c - 119.85 53 28 48 218 9402 2 2139367 52636 1.7 25 15 2 12 54% 1522 17047 1283 12%
c o 120.54 53 29 48 218 9518 2 2150070 62046 1.7 25 15 2 12 54% 1522 17047 1283 12%
c - 120.81 52 29 48 219 9545 2 2154133 52888 1.7 25 15 2 12 54% 1522 17047 1283 12%
c } 121.02 61 28 49 219 9557 2 2157808 55852 1.7 25 15 2 12 53% 1523 17047 1283 12%
c [ 121.02 61 30 49 219 9557 1 2157808 55852 1.4 28 20 2 20 52% 1523 17047 1283 12%
c O 121.02 61 30 49 219 9557 1 2157808 55852 1.4 28 20 2 20 52% 1523 17047 1283 12%
c - 121.67 80 29 49 220 9563 1 2168933 52250 1.4 28 20 2 20 51% 1523 17047 1283 12%
c - 122.55 99 30 49 221 9571 1 2183765 48511 1.4 28 20 2 20 51% 1523 17047 1283 12%
c - 123.34 116 30 49 222 9577 1 2198635 45624 1.4 28 20 2 20 51% 1523 17047 1283 12%
c - 124.15 130 31 49 223 9585 1 2213536 44893 1.4 28 20 2 20 50% 1523 17047 1283 12%
c - 124.97 143 31 49 224 9587 1 2228470 45025 1.4 28 20 2 20 50% 1523 17047 1283 12%
c
c seconds     switched     rate           size/glue  tier1     binary        remaining
c          MB   reductions    conflicts         size   tier2      irredundant
c           level     restarts       redundant     glue    trail        variables
c
c - 126.02 169 31 49 225 9590 1 2243436 45618 1.4 28 20 2 20 49% 1523 17047 1283 12%
c u 127.03 191 31 49 225 9596 1 2254059 52643 1.4 29 20 2 20 49% 1524 17047 1283 12%
c v 127.38 194 31 49 225 9596 1 2254059 52456 1.4 29 20 2 20 49% 1524 17047 1283 12%
c w 127.50 196 31 49 225 9596 1 2254059 52034 1.4 29 20 2 20 49% 1524 17047 1283 12%
c t 127.50 196 31 49 225 9596 1 2254059 52034 1.4 29 20 2 20 49% 1523 17047 1283 12%
c - 127.74 201 31 49 226 9599 1 2258436 44520 1.4 29 21 2 20 49% 1523 17047 1283 12%
c - 128.52 209 32 49 227 9603 1 2273474 44404 1.4 29 21 2 20 49% 1523 17047 1283 12%
c B 128.79 209 32 49 227 9607 1 2278645 48404 1.4 29 21 2 20 49% 1523 17047 1283 12%
c - 129.24 214 33 49 228 9612 1 2288540 42274 1.4 29 22 2 20 49% 1523 17047 1283 12%
c s 129.53 217 33 49 228 9616 1 2294765 47267 1.4 30 22 2 20 49% 1524 17038 1283 12%
c e 129.53 217 33 49 228 9616 1 2294765 47267 1.4 30 22 2 20 49% 1522 17055 1282 12%
c s 129.53 217 33 49 228 9616 1 2294765 47267 1.4 30 22 2 20 49% 1522 17044 1282 12%
c - 129.95 228 33 49 229 9617 1 2303641 41798 1.4 30 22 2 20 49% 1522 17044 1282 12%
c ] 129.97 228 33 50 229 9617 1 2303926 42030 1.4 30 22 2 20 49% 1522 17044 1282 12%
c { 129.97 228 28 50 229 9617 2 2303926 42030 1.7 25 15 2 12 53% 1522 17044 1282 12%
c - 130.61 229 26 50 230 9618 2 2318774 48688 1.8 24 14 2 12 52% 1522 17044 1282 12%
c - 131.34 229 24 50 231 9618 1 2333940 55436 1.8 24 13 2 12 52% 1522 17044 1282 12%
c - 132.26 230 22 50 232 9618 1 2349138 57644 1.9 23 12 2 12 51% 1522 17044 1282 12%
c - 133.18 230 20 50 233 9618 1 2364369 58942 2.0 22 11 2 12 50% 1522 17044 1282 12%
c - 134.10 230 18 50 234 9618 1 2379633 58036 2.0 21 10 2 12 50% 1522 17044 1282 12%
c
c seconds     switched     rate           size/glue  tier1     binary        remaining
c          MB   reductions    conflicts         size   tier2      irredundant
c           level     restarts       redundant     glue    trail        variables
c
c - 134.91 230 17 50 235 9618 1 2394931 59167 2.1 20 10 2 12 49% 1523 17044 1282 12%
c u 135.79 232 16 50 235 9618 1 2406237 66593 2.1 20 9 2 12 49% 1523 17044 1282 12%
c v 136.10 232 16 50 235 9618 1 2406237 52750 2.1 20 9 2 12 49% 1523 17044 1282 12%
c w 136.11 232 16 50 235 9618 1 2406237 52749 2.1 20 9 2 12 49% 1523 17044 1282 12%
c o 136.90 232 16 50 235 9618 1 2406237 52749 2.1 20 9 2 12 49% 1523 17044 1282 12%
c - 137.06 232 15 50 236 9618 1 2410260 49252 2.1 19 9 2 11 48% 1526 17044 1282 12%
c i 137.42 232 15 50 236 9618 1 2419588 56654 2.1 19 9 2 11 48% 1532 17044 1280 12%
c - 137.73 232 14 50 237 9619 1 2425622 48183 2.2 19 9 2 11 48% 1522 17044 1280 12%
c - 138.47 232 14 50 238 9620 1 2441016 52685 2.3 19 8 2 11 50% 1522 17044 1280 12%
c } 138.50 232 14 51 238 9620 1 2441451 53081 2.3 19 8 2 11 50% 1522 17044 1280 12%
c [ 138.50 232 33 51 238 9620 1 2441451 53081 1.4 30 22 2 20 49% 1522 17044 1280 12%
c W 138.52 232 33 51 238 9620 1 2441451 53081 1.4 30 22 2 20 49% 1522 16995 1280 12%
c - 139.34 232 33 51 239 9629 1 2456444 53078 1.4 30 21 2 20 49% 1522 16995 1280 12%
c - 140.01 232 32 51 240 9634 1 2471904 46775 1.4 29 21 2 20 47% 1522 16995 1280 12%
c - 140.90 167 33 51 241 9642 1 2487395 44135 1.4 30 22 2 20 47% 1522 16995 1280 12%
c - 141.78 167 34 51 242 9649 1 2502919 42046 1.4 30 23 2 20 48% 1522 16995 1280 12%
c - 142.69 167 35 51 243 9650 1 2518476 40605 1.3 31 23 2 20 48% 1522 16995 1280 12%
c - 143.57 167 35 51 244 9657 1 2534065 41016 1.3 32 24 2 20 49% 1522 16995 1280 12%
c - 144.43 167 35 51 245 9665 1 2549686 43721 1.4 32 24 2 20 49% 1522 16995 1280 12%
c u 145.48 167 35 51 245 9671 1 2563870 54703 1.4 31 23 2 20 48% 1528 16991 1280 12%
c
c seconds     switched     rate           size/glue  tier1     binary        remaining
c          MB   reductions    conflicts         size   tier2      irredundant
c           level     restarts       redundant     glue    trail        variables
c
c v 145.70 167 35 51 245 9671 1 2563870 54451 1.4 31 23 2 20 48% 1528 16991 1280 12%
c w 145.79 167 35 51 245 9671 1 2563870 54225 1.4 31 23 2 20 48% 1528 16991 1280 12%
c x 145.93 167 35 51 245 9671 1 2563870 54217 1.4 31 23 2 20 48% 1528 16965 1280 12%
c d 145.93 167 35 51 245 9671 1 2563870 54209 1.4 31 23 2 20 48% 1526 16957 1279 12%
c t 145.93 167 35 51 245 9671 1 2563870 54209 1.4 31 23 2 20 48% 1524 16957 1279 12%
c u 146.18 168 35 51 245 9671 1 2563870 52548 1.4 31 23 2 20 48% 1526 16957 1279 12%
c v 146.48 168 35 51 245 9671 1 2563870 51895 1.4 31 23 2 20 48% 1526 16957 1279 12%
c w 146.60 168 35 51 245 9671 1 2563870 51356 1.4 31 23 2 20 48% 1526 16957 1279 12%
c t 146.61 168 35 51 245 9671 1 2563870 51356 1.4 31 23 2 20 48% 1525 16957 1279 12%
c - 146.68 171 35 51 246 9672 1 2565339 43989 1.4 31 23 2 20 48% 1525 16957 1279 12%
c ] 146.78 171 34 52 246 9672 1 2568235 45998 1.4 31 23 2 20 47% 1525 16957 1279 12%
c { 146.78 171 14 52 246 9672 1 2568235 45998 2.3 19 8 2 11 50% 1525 16957 1279 12%
c - 147.54 171 15 52 247 9913 1 2581027 46366 2.1 20 9 2 11 49% 1525 16957 1279 12%
c - 148.52 171 17 52 248 10205 1 2596743 46840 1.9 20 11 2 11 46% 1525 16957 1279 12%
c - 149.58 171 18 52 249 10478 1 2612491 49683 1.8 20 11 2 11 45% 1525 16957 1279 12%
c o 150.52 171 18 52 249 10670 1 2626266 59678 1.7 20 12 2 11 44% 1525 16957 1279 12%
c - 150.67 171 19 52 250 10706 1 2628270 51801 1.7 21 12 2 11 44% 1525 16957 1279 12%
c - 151.61 97 19 52 251 10895 1 2644081 52630 1.7 20 12 2 11 42% 1525 16957 1279 12%
c - 152.50 97 19 52 252 11048 1 2659924 53940 1.6 20 12 2 12 41% 1525 16957 1279 12%
c - 153.21 97 19 52 253 11162 1 2675800 53833 1.6 20 12 2 12 39% 1526 16957 1279 12%
c
c seconds    switched      rate           size/glue  tier1     binary        remaining
c         MB   reductions     conflicts         size   tier2      irredundant
c          level     restarts        redundant     glue    trail        variables
c
c s 153.77 98 19 52 253 11309 1 2686301 62433 1.6 20 13 2 12 41% 1527 16938 1279 12%
c e 153.78 98 19 52 253 11309 1 2686301 62433 1.6 20 13 2 12 41% 1517 17028 1273 11%
c s 153.78 98 19 52 253 11309 1 2686301 62433 1.6 20 13 2 12 41% 1517 17008 1273 11%
c - 154.08 97 20 52 254 11375 1 2691705 54292 1.6 20 13 2 12 41% 1517 17008 1273 11%
c - 154.97 97 21 52 255 11535 1 2707642 53458 1.6 21 13 2 12 42% 1518 17008 1273 11%
c } 155.47 97 21 53 255 11579 1 2716022 60120 1.6 21 13 2 12 42% 1518 17008 1273 11%
c [ 155.47 97 34 53 255 11579 1 2716022 60120 1.4 31 23 2 20 47% 1518 17008 1273 11%
c I 155.47 97 34 53 255 11579 1 2716022 60120 1.4 31 23 2 20 47% 1518 17008 1273 11%
c - 155.80 98 35 53 256 11584 1 2723614 53109 1.4 31 23 2 20 48% 1518 17008 1273 11%
c u 156.13 98 35 53 256 11585 1 2727034 54381 1.4 31 23 2 20 48% 1537 17008 1273 11%
c v 156.36 98 35 53 256 11585 1 2727034 53079 1.4 31 23 2 20 48% 1537 17008 1273 11%
c w 156.44 98 35 53 256 11585 1 2727034 52706 1.4 31 23 2 20 48% 1537 17008 1273 11%
c x 156.59 98 35 53 256 11585 1 2727034 52695 1.4 31 23 2 20 48% 1550 16942 1273 11%
c t 156.59 98 35 53 256 11585 1 2727034 52695 1.4 31 23 2 20 48% 1530 16942 1273 11%
c f 156.60 98 35 53 256 11585 1 2727034 52695 1.4 31 23 2 20 48% 1533 16860 1277 12%
c u 156.82 98 35 53 256 11585 1 2727034 52055 1.4 31 23 2 20 48% 1534 16860 1277 12%
c v 157.05 98 35 53 256 11585 1 2727034 51596 1.4 31 23 2 20 48% 1534 16860 1277 12%
c w 157.13 98 35 53 256 11585 1 2727034 51424 1.4 31 23 2 20 48% 1534 16860 1277 12%
c x 157.29 98 35 53 256 11585 1 2727034 51420 1.4 31 23 2 20 48% 1550 16799 1277 12%
c t 157.29 98 35 53 256 11585 1 2727034 51420 1.4 31 23 2 20 48% 1536 16799 1277 12%
c
c seconds     switched      rate           size/glue  tier1     binary        remaining
c          MB   reductions     conflicts         size   tier2      irredundant
c           level     restarts        redundant     glue    trail        variables
c
c - 158.02 101 34 53 257 11592 1 2739614 46902 1.4 31 23 2 20 48% 1536 16799 1277 12%
c - 158.92 101 33 53 258 11599 1 2755645 46707 1.4 30 22 2 20 49% 1536 16799 1277 12%
c - 159.85 101 32 53 259 11607 1 2771709 47892 1.4 30 21 2 19 50% 1536 16799 1277 12%
c - 160.96 46 32 53 260 11609 1 2787802 45196 1.4 30 22 2 19 51% 1536 16799 1277 12%
c - 161.93 50 33 53 261 11614 1 2803929 43205 1.4 31 22 2 19 53% 1536 16799 1277 12%
c - 162.87 50 35 53 262 11623 1 2820084 42929 1.4 32 23 2 19 52% 1536 16799 1277 12%
c - 163.91 50 37 53 263 11629 1 2836270 42804 1.4 33 24 2 20 52% 1536 16799 1277 12%
c - 164.87 50 38 53 264 11638 1 2852488 43040 1.3 33 25 2 20 52% 1536 16799 1277 12%
c B 165.15 50 39 53 264 11639 1 2857171 47136 1.3 33 25 2 20 52% 1536 16799 1277 12%
c o 165.15 50 39 53 264 11639 1 2857171 47136 1.3 33 25 2 20 52% 1536 16799 1277 12%
c ] 165.52 50 38 54 264 11640 1 2864286 53235 1.4 33 25 2 20 52% 1536 16799 1277 12%
c { 165.52 50 21 54 264 11640 1 2864286 53235 1.6 21 13 2 12 42% 1536 16799 1277 12%
c - 165.72 50 21 54 265 11649 1 2868737 46252 1.6 21 13 2 12 42% 1539 16799 1277 12%
c - 166.62 50 22 54 266 11720 1 2885015 53460 1.6 21 13 2 12 43% 1543 16799 1277 12%
c u 167.36 52 22 54 266 11761 1 2895853 62447 1.6 21 12 2 12 42% 1545 16799 1277 12%
c v 167.58 54 22 54 266 11761 1 2895853 61874 1.6 21 12 2 12 42% 1545 16799 1277 12%
c w 167.66 54 22 54 266 11761 1 2895853 61603 1.6 21 12 2 12 42% 1545 16799 1277 12%
c x 167.81 54 22 54 266 11761 1 2895853 61601 1.6 21 12 2 12 42% 1545 16795 1277 12%
c t 167.82 54 22 54 266 11761 1 2895853 61601 1.6 21 12 2 12 42% 1540 16795 1277 12%
c - 168.16 58 22 54 267 11781 1 2901325 57260 1.6 20 12 2 12 42% 1541 16795 1277 12%
c
c seconds    switched      rate           size/glue  tier1     binary        remaining
c         MB   reductions     conflicts         size   tier2      irredundant
c          level     restarts        redundant     glue    trail        variables
c
c i 168.52 58 22 54 267 11795 1 2908799 62972 1.7 20 12 2 12 41% 1544 16794 1276 12%
c - 168.98 58 23 54 268 11858 2 2917665 58980 1.7 20 12 2 11 41% 1548 16794 1276 12%
c i 169.74 58 23 54 268 11947 2 2929404 68946 1.6 20 12 2 11 41% 1553 16794 1274 12%
c - 169.96 58 23 54 269 11984 2 2934035 54453 1.6 20 12 2 11 41% 1551 16794 1274 12%
c - 170.83 58 24 54 270 12078 2 2950438 57728 1.7 20 12 2 11 40% 1555 16794 1274 12%
c i 171.14 58 24 54 270 12126 2 2955621 62445 1.7 21 12 2 11 40% 1561 16794 1266 11%
c - 171.87 58 25 54 271 12203 2 2966870 59575 1.7 21 12 2 11 40% 1532 16794 1266 11%
c - 172.77 58 25 54 272 12306 2 2983332 61742 1.7 21 12 2 11 40% 1534 16794 1266 11%
c - 173.80 58 25 54 273 12394 2 2999826 62926 1.7 21 12 2 11 39% 1542 16794 1266 11%
c - 174.84 58 25 54 274 12529 2 3016349 64224 1.7 21 12 2 11 39% 1547 16794 1266 11%
c } 175.18 58 25 55 274 12570 2 3022684 69821 1.7 21 12 2 11 39% 1549 16794 1266 11%
c [ 175.18 58 38 55 274 12570 1 3022684 69821 1.4 33 25 2 20 52% 1549 16794 1266 11%
c W 175.24 58 38 55 274 12570 1 3022684 69821 1.4 33 25 2 20 52% 1548 16694 1266 11%
c - 175.85 59 38 55 275 12576 1 3032902 62221 1.4 33 24 2 20 52% 1548 16694 1266 11%
c - 176.85 59 37 55 276 12584 1 3049486 56735 1.3 32 24 2 20 51% 1548 16694 1266 11%
c - 177.90 59 37 55 277 12591 1 3066100 53023 1.4 32 24 2 20 51% 1548 16694 1266 11%
c u 178.45 59 37 55 277 12594 1 3070187 54010 1.3 33 24 2 20 50% 1591 16661 1266 11%
c v 178.78 59 37 55 277 12594 1 3070187 52887 1.3 33 24 2 20 50% 1592 16661 1266 11%
c w 178.90 59 37 55 277 12594 1 3070187 52542 1.3 33 24 2 20 50% 1592 16661 1266 11%
c = 180.44 61 37 55 277 12594 1 3070187 52542 1.3 33 24 2 20 50% 1598 16581 1256 11%
c
c seconds    switched      rate           size/glue  tier1     binary        remaining
c         MB   reductions     conflicts         size   tier2      irredundant
c          level     restarts        redundant     glue    trail        variables
c
c t 180.44 61 37 55 277 12594 1 3070187 52458 1.3 33 24 2 20 50% 1573 16575 1256 11%
c u 180.69 59 37 55 277 12594 1 3070187 52002 1.3 33 24 2 20 50% 1568 16575 1256 11%
c v 180.95 60 37 55 277 12594 1 3070187 51555 1.3 33 24 2 20 50% 1568 16575 1256 11%
c w 181.05 60 37 55 277 12594 1 3070187 51497 1.3 33 24 2 20 50% 1568 16575 1256 11%
c x 181.23 49 37 55 277 12594 1 3070187 51495 1.3 33 24 2 20 50% 1595 16442 1256 11%
c t 181.23 49 37 55 277 12594 1 3070187 51495 1.3 33 24 2 20 50% 1570 16442 1256 11%
c - 182.12 70 38 55 278 12599 1 3082746 48491 1.3 33 24 2 20 50% 1538 16442 1256 11%
c - 183.41 71 37 55 279 12600 1 3099421 49474 1.4 33 24 2 20 50% 1538 16442 1256 11%
c s 184.71 71 37 55 279 12607 1 3114823 62496 1.4 33 24 2 20 49% 1541 16413 1256 11%
c e 184.72 71 37 55 279 12607 1 3114823 62496 1.4 33 24 2 20 49% 1488 16751 1228 11%
c s 184.72 71 37 55 279 12607 1 3114823 62496 1.4 33 24 2 20 49% 1490 16644 1228 11%
c e 184.73 71 37 55 279 12607 1 3114823 62496 1.4 33 24 2 20 49% 1491 16655 1227 11%
c o 184.73 71 37 55 279 12607 1 3114823 59789 1.4 33 24 2 20 49% 1491 16655 1227 11%
c - 184.83 71 37 55 280 12607 1 3116124 48807 1.4 33 24 2 20 50% 1491 16655 1227 11%
c - 185.99 71 37 55 281 12615 1 3132857 49789 1.4 32 23 2 20 50% 1491 16655 1227 11%
c - 187.25 71 37 55 282 12622 1 3149621 50204 1.4 32 23 2 20 50% 1491 16655 1227 11%
c ] 187.38 71 37 56 282 12624 1 3151327 51663 1.4 32 23 2 20 50% 1491 16655 1227 11%
c { 187.38 71 25 56 282 12624 2 3151327 51663 1.7 21 12 2 11 39% 1491 16655 1227 11%
c - 188.44 71 26 56 283 12843 2 3166413 53401 1.7 22 13 2 12 40% 1492 16655 1227 11%
c - 189.74 71 27 56 284 13072 2 3183235 57746 1.7 23 14 2 12 42% 1492 16655 1227 11%
c
c seconds    switched      rate           size/glue  tier1     binary        remaining
c         MB   reductions     conflicts         size   tier2      irredundant
c          level     restarts        redundant     glue    trail        variables
c
c - 191.05 71 28 56 285 13267 2 3200089 60837 1.7 23 14 2 12 43% 1492 16655 1227 11%
c - 192.39 72 28 56 286 13464 2 3216970 62593 1.7 24 14 2 12 44% 1492 16655 1227 11%
c - 193.77 72 28 56 287 13591 2 3233884 64136 1.7 24 14 2 12 45% 1492 16655 1227 11%
c u 195.52 74 28 56 287 13760 2 3250427 77149 1.7 24 15 2 12 46% 1506 16655 1227 11%
c v 195.86 75 28 56 287 13760 2 3250427 76348 1.7 24 15 2 12 46% 1506 16655 1227 11%
c w 195.99 76 28 56 287 13760 2 3250427 76182 1.7 24 15 2 12 46% 1506 16655 1227 11%
c x 196.25 76 28 56 287 13760 2 3250427 76173 1.7 24 15 2 12 46% 1514 16615 1227 11%
c t 196.25 76 28 56 287 13760 2 3250427 76173 1.7 24 15 2 12 46% 1498 16615 1227 11%
c f 196.26 76 28 56 287 13760 2 3250427 76173 1.7 24 15 2 12 46% 1503 16555 1230 11%
c u 196.56 76 28 56 287 13760 2 3250427 74123 1.7 24 15 2 12 46% 1534 16555 1230 11%
c v 196.92 75 28 56 287 13760 2 3250427 73628 1.7 24 15 2 12 46% 1534 16555 1230 11%
c w 197.05 76 28 56 287 13760 2 3250427 73563 1.7 24 15 2 12 46% 1534 16555 1230 11%
c x 197.30 76 28 56 287 13760 2 3250427 73561 1.7 24 15 2 12 46% 1535 16536 1230 11%
c = 199.31 77 28 56 287 13760 2 3250427 73561 1.7 24 15 2 12 46% 1535 16534 1229 11%
c t 199.31 77 28 56 287 13760 2 3250427 73557 1.7 24 15 2 12 46% 1505 16534 1229 11%
c - 199.37 77 28 56 288 13764 2 3250829 61129 1.7 24 15 2 12 46% 1498 16534 1229 11%
c - 200.81 77 28 56 289 13897 2 3267799 62380 1.7 25 15 2 12 47% 1498 16534 1229 11%
c - 202.08 129 28 56 290 14035 2 3284800 63984 1.7 25 15 2 12 48% 1498 16534 1229 11%
c - 203.43 260 28 56 291 14199 2 3301831 64937 1.7 25 15 2 12 49% 1498 16534 1229 11%
c - 204.60 352 28 56 292 14333 2 3318891 65608 1.7 25 15 2 12 49% 1498 16534 1229 11%
c
c seconds     switched      rate           size/glue  tier1     binary        remaining
c          MB   reductions     conflicts         size   tier2      irredundant
c           level     restarts        redundant     glue    trail        variables
c
c } 204.73 368 28 57 292 14350 2 3320669 67239 1.7 25 15 2 12 49% 1498 16534 1229 11%
c [ 204.73 368 37 57 292 14350 1 3320669 67239 1.4 32 23 2 20 50% 1498 16534 1229 11%
c O 204.73 368 37 57 292 14350 1 3320669 67239 1.4 32 23 2 20 50% 1498 16534 1229 11%
c - 205.75 390 35 57 293 14359 1 3335980 63635 1.4 32 23 2 20 51% 1498 16534 1229 11%
c - 206.91 388 35 57 294 14364 1 3353097 59242 1.4 31 22 2 20 51% 1498 16534 1229 11%
c - 208.31 388 35 57 295 14375 1 3370245 56593 1.4 32 22 2 20 52% 1498 16534 1229 11%
c o 208.46 386 35 57 295 14377 1 3372035 57907 1.4 32 22 2 20 53% 1498 16534 1229 11%
c - 209.36 386 34 57 296 14380 1 3387422 56906 1.4 31 22 2 20 52% 1498 16534 1229 11%
c - 210.50 384 33 57 297 14382 1 3404629 58219 1.4 30 21 2 20 52% 1498 16534 1229 11%
c - 211.65 382 32 57 298 14393 1 3421862 57120 1.4 30 21 2 19 52% 1498 16534 1229 11%
c u 213.12 384 33 57 298 14396 1 3436248 65527 1.4 30 21 2 19 51% 1515 16534 1229 11%
c v 213.57 387 33 57 298 14396 1 3436248 63886 1.4 30 21 2 19 51% 1519 16534 1229 11%
c w 213.75 391 33 57 298 14396 1 3436248 60852 1.4 30 21 2 19 51% 1519 16534 1229 11%
c t 213.76 391 33 57 298 14396 1 3436248 60852 1.4 30 21 2 19 51% 1499 16534 1229 11%
c - 214.01 391 33 57 299 14398 1 3439125 51485 1.4 30 21 2 19 51% 1499 16534 1229 11%
c - 215.22 387 32 57 300 14409 1 3456418 50419 1.4 30 21 2 19 51% 1499 16534 1229 11%
c - 216.23 380 32 57 301 14411 1 3473739 52251 1.4 29 21 2 19 50% 1499 16534 1229 11%
c B 216.79 377 31 57 301 14411 1 3483332 59577 1.4 29 21 2 19 50% 1499 16534 1229 11%
c - 217.26 378 32 57 302 14412 1 3491090 52235 1.4 29 21 2 19 50% 1499 16534 1229 11%
c - 218.42 376 33 57 303 14412 1 3508472 49724 1.4 30 21 2 19 49% 1499 16534 1229 11%
c
c seconds     switched      rate           size/glue  tier1     binary        remaining
c          MB   reductions     conflicts         size   tier2      irredundant
c           level     restarts        redundant     glue    trail        variables
c
c ] 218.94 374 33 58 303 14412 1 3515721 55391 1.4 30 22 2 19 49% 1499 16534 1229 11%
c { 218.94 374 28 58 303 14412 2 3515721 55391 1.7 25 15 2 12 49% 1499 16534 1229 11%
c - 219.69 365 28 58 304 14502 2 3525879 50410 1.7 26 15 2 12 50% 1499 16534 1229 11%
c - 220.96 353 28 58 305 14668 2 3543317 54876 1.7 26 15 2 12 51% 1499 16534 1229 11%
c - 222.29 249 28 58 306 14849 2 3560782 57237 1.7 26 15 2 12 51% 1499 16534 1229 11%
c - 223.67 256 29 58 307 15004 2 3578274 59106 1.7 27 16 2 12 52% 1499 16534 1229 11%
c s 223.97 263 29 58 307 15030 2 3582320 62686 1.7 27 15 2 12 52% 1499 16531 1229 11%
c e 223.97 263 29 58 307 15030 2 3582320 62686 1.7 27 15 2 12 52% 1495 16566 1227 11%
c - 225.06 362 29 58 308 15130 2 3595795 61336 1.7 27 16 2 12 53% 1495 16566 1227 11%
c - 226.56 370 29 58 309 15325 2 3613344 61201 1.7 27 16 2 12 52% 1495 16566 1227 11%
c u 228.02 375 29 58 309 15476 2 3627708 70558 1.7 27 16 2 12 53% 1536 16566 1227 11%
c v 228.39 380 29 58 309 15476 2 3627708 70061 1.7 27 16 2 12 53% 1536 16566 1227 11%
c w 228.52 381 29 58 309 15476 2 3627708 69954 1.7 27 16 2 12 53% 1536 16566 1227 11%
c x 228.77 382 29 58 309 15476 2 3627708 69953 1.7 27 16 2 12 53% 1538 16549 1227 11%
c = 230.76 379 29 58 309 15476 2 3627708 69953 1.7 27 16 2 12 53% 1542 16512 1223 11%
c d 230.76 379 29 58 309 15476 2 3627708 69894 1.7 27 16 2 12 53% 1545 16507 1223 11%
c t 230.76 379 29 58 309 15476 2 3627708 69894 1.7 27 16 2 12 53% 1504 16507 1223 11%
c f 230.77 375 29 58 309 15476 2 3627708 69894 1.7 27 16 2 12 53% 1506 16488 1224 11%
c u 231.17 385 29 58 309 15476 2 3627708 68197 1.7 27 16 2 12 53% 1507 16488 1224 11%
c v 231.61 389 29 58 309 15476 2 3627708 67683 1.7 27 16 2 12 53% 1507 16488 1224 11%
c
c seconds     switched      rate           size/glue  tier1     binary        remaining
c          MB   reductions     conflicts         size   tier2      irredundant
c           level     restarts        redundant     glue    trail        variables
c
c w 231.78 389 29 58 309 15476 2 3627708 67521 1.7 27 16 2 12 53% 1507 16488 1224 11%
c = 233.64 253 29 58 309 15476 2 3627708 67521 1.7 27 16 2 12 53% 1507 16461 1221 11%
c t 233.64 253 29 58 309 15476 2 3627708 67518 1.7 27 16 2 12 53% 1517 16450 1221 11%
c - 233.88 254 29 58 310 15494 2 3630923 56371 1.7 27 16 2 12 53% 1491 16450 1221 11%
c o 234.29 252 28 58 310 15503 2 3637933 62519 1.7 27 16 2 12 54% 1491 16450 1221 11%
c - 235.11 252 29 58 311 15589 2 3648531 58637 1.7 27 16 2 12 54% 1491 16450 1221 11%
c - 236.60 341 29 58 312 15752 2 3666166 59741 1.7 27 16 2 12 54% 1491 16450 1221 11%
c - 237.94 384 28 58 313 15833 2 3683831 60075 1.7 27 16 2 12 53% 1491 16450 1221 11%
c } 238.95 374 28 59 313 15928 2 3696350 70950 1.7 27 16 2 12 54% 1491 16450 1221 11%
c [ 238.95 374 33 59 313 15928 1 3696350 70950 1.4 30 22 2 19 49% 1491 16450 1221 11%
c W 238.98 370 33 59 313 15928 1 3696350 70950 1.4 30 22 2 19 49% 1491 16450 1221 11%
c - 239.40 368 33 59 314 15932 1 3701522 60625 1.4 30 22 2 19 49% 1491 16450 1221 11%
c - 240.77 370 33 59 315 15941 1 3719244 55592 1.4 30 22 2 19 48% 1491 16450 1221 11%
c - 242.25 218 34 59 316 15948 1 3736995 50803 1.4 31 23 2 19 49% 1491 16450 1221 11%
c - 243.57 216 34 59 317 15957 1 3754771 50386 1.4 31 23 2 19 50% 1491 16450 1221 11%
c - 244.92 213 33 59 318 15958 1 3772575 51964 1.4 31 22 2 19 51% 1491 16450 1221 11%
c - 246.28 207 32 59 319 15965 1 3790407 54279 1.4 31 22 2 19 52% 1491 16450 1221 11%
c - 247.78 224 33 59 320 15973 1 3808270 53266 1.4 31 22 2 19 52% 1491 16450 1221 11%
c u 249.57 276 33 59 320 15982 1 3824909 64508 1.4 31 22 2 19 52% 1499 16450 1221 11%
c v 250.11 285 33 59 320 15982 1 3824909 63187 1.4 31 22 2 19 52% 1501 16450 1221 11%
c
c seconds     switched      rate           size/glue  tier1     binary        remaining
c          MB   reductions     conflicts         size   tier2      irredundant
c           level     restarts        redundant     glue    trail        variables
c
c w 250.33 290 33 59 320 15982 1 3824909 62199 1.4 31 22 2 19 52% 1501 16450 1221 11%
c = 252.62 158 33 59 320 15982 1 3824909 62199 1.4 31 22 2 19 52% 1501 16440 1220 11%
c t 252.63 158 33 59 320 15982 1 3824909 61791 1.4 31 22 2 19 52% 1494 16437 1220 11%
c u 252.94 168 33 59 320 15982 1 3824909 59675 1.4 31 22 2 19 52% 1503 16437 1220 11%
c v 253.33 171 33 59 320 15982 1 3824909 59166 1.4 31 22 2 19 52% 1503 16437 1220 11%
c w 253.48 174 33 59 320 15982 1 3824909 59124 1.4 31 22 2 19 52% 1503 16437 1220 11%
c x 253.74 184 33 59 320 15982 1 3824909 59119 1.4 31 22 2 19 52% 1513 16335 1220 11%
c t 256.04 192 33 59 320 15982 1 3824909 59119 1.4 31 22 2 19 52% 1497 16335 1220 11%
c - 256.16 200 33 59 321 15983 1 3826160 45526 1.4 31 22 2 19 53% 1478 16335 1220 11%
c - 257.28 222 33 59 322 15988 1 3844080 46164 1.4 31 23 2 19 52% 1478 16335 1220 11%
c - 258.58 253 32 59 323 15990 1 3862025 47230 1.4 31 22 2 19 52% 1478 16335 1220 11%
c ] 259.34 282 32 60 323 15990 1 3873488 56100 1.4 31 22 2 19 52% 1478 16335 1220 11%
c { 259.34 282 28 60 323 15990 2 3873488 56100 1.7 27 16 2 12 54% 1478 16335 1220 11%
c - 259.83 300 28 60 324 16035 2 3880000 50521 1.7 27 16 2 12 54% 1478 16335 1220 11%
c - 261.09 301 28 60 325 16186 2 3898000 54291 1.7 27 16 2 12 53% 1478 16335 1220 11%
c o 261.85 301 28 60 325 16276 2 3908345 63029 1.7 27 16 2 12 53% 1478 16335 1220 11%
c - 262.48 232 28 60 326 16317 2 3916029 56786 1.7 27 16 2 12 53% 1478 16335 1220 11%
c - 264.00 289 28 60 327 16479 2 3934086 58111 1.6 27 16 2 12 53% 1478 16335 1220 11%
c - 265.52 289 28 60 328 16581 2 3952169 59725 1.6 26 16 2 12 53% 1479 16335 1220 11%
c - 267.11 289 28 60 329 16713 2 3970281 61134 1.6 26 16 2 12 53% 1479 16335 1220 11%
c
c seconds     switched      rate           size/glue  tier1     binary        remaining
c          MB   reductions     conflicts         size   tier2      irredundant
c           level     restarts        redundant     glue    trail        variables
c
c - 268.71 289 28 60 330 16839 2 3988422 61870 1.7 26 16 2 12 53% 1479 16335 1220 11%
c - 270.24 289 27 60 331 16959 2 4006587 62869 1.7 26 16 2 12 54% 1479 16335 1220 11%
c - 271.65 289 27 60 332 17068 2 4024781 63154 1.6 26 16 2 12 54% 1479 16335 1220 11%
c u 272.35 167 27 60 332 17098 2 4027964 62865 1.6 26 16 2 12 54% 1496 16335 1220 11%
c v 272.84 170 27 60 332 17098 2 4027964 60988 1.6 26 16 2 12 54% 1496 16335 1220 11%
c w 273.02 170 27 60 332 17098 2 4027964 60229 1.6 26 16 2 12 54% 1496 16335 1220 11%
c t 273.02 170 27 60 332 17098 2 4027964 60229 1.6 26 16 2 12 54% 1483 16335 1220 11%
c - 274.22 262 27 60 333 17190 2 4043002 58953 1.6 26 16 2 12 54% 1483 16335 1220 11%
c - 275.59 290 27 60 334 17319 2 4061251 60164 1.6 26 16 2 12 54% 1484 16335 1220 11%
c } 275.91 291 27 61 334 17332 2 4065741 64286 1.7 26 16 2 12 54% 1484 16335 1220 11%
c [ 275.91 291 32 61 334 17332 1 4065741 64286 1.4 31 22 2 19 52% 1484 16335 1220 11%
c I 275.91 291 32 61 334 17332 1 4065741 64286 1.4 31 22 2 19 52% 1484 16335 1220 11%
c - 276.94 291 34 61 335 17340 1 4079526 56898 1.4 32 23 2 19 53% 1484 16335 1220 11%
c s 277.60 291 34 61 335 17345 1 4089104 64928 1.4 32 24 2 19 53% 1486 16327 1220 11%
c e 277.61 291 34 61 335 17345 1 4089104 64928 1.4 32 24 2 19 53% 1477 16376 1215 11%
c s 277.61 291 34 61 335 17345 1 4089104 64928 1.4 32 24 2 19 53% 1477 16363 1215 11%
c - 278.31 291 35 61 336 17346 1 4097829 49761 1.3 32 24 2 19 52% 1477 16363 1215 11%
c - 279.89 291 36 61 337 17358 1 4116159 46892 1.3 33 25 2 20 51% 1477 16363 1215 11%
c - 281.30 292 37 61 338 17362 1 4134516 45458 1.3 33 25 2 20 50% 1477 16363 1215 11%
c - 282.77 178 37 61 339 17366 1 4152902 45701 1.3 34 26 2 20 50% 1477 16363 1215 11%
c
c seconds     switched      rate           size/glue  tier1     binary        remaining
c          MB   reductions     conflicts         size   tier2      irredundant
c           level     restarts        redundant     glue    trail        variables
c
c - 284.40 178 37 61 340 17376 1 4171313 47267 1.3 34 26 2 20 51% 1477 16363 1215 11%
c o 285.84 178 36 61 340 17384 1 4189000 60739 1.3 33 26 2 20 52% 1477 16363 1215 11%
c - 285.89 178 36 61 341 17384 1 4189752 47683 1.3 33 25 2 20 52% 1477 16363 1215 11%
c - 287.21 178 35 61 342 17392 1 4208218 50221 1.3 33 25 2 20 53% 1477 16363 1215 11%
c - 288.54 179 35 61 343 17393 1 4226712 50421 1.3 33 25 2 20 54% 1477 16363 1215 11%
c u 289.69 181 35 61 343 17394 1 4236760 57411 1.4 33 24 2 20 54% 1477 16363 1215 11%
c v 290.09 181 35 61 343 17394 1 4236760 56142 1.4 33 24 2 20 54% 1477 16363 1215 11%
c w 290.25 183 35 61 343 17394 1 4236760 55056 1.4 33 24 2 20 54% 1477 16363 1215 11%
c x 290.55 183 35 61 343 17394 1 4236760 55054 1.4 33 24 2 20 54% 1477 16336 1215 11%
c t 293.04 53 35 61 343 17394 1 4236760 55054 1.4 33 24 2 20 54% 1475 16336 1215 11%
c - 293.72 75 35 61 344 17394 1 4245234 46407 1.3 33 25 2 20 54% 1475 16336 1215 11%
c B 294.14 75 35 61 344 17394 1 4251076 51241 1.3 33 25 2 20 53% 1475 16336 1215 11%
c ] 294.64 75 35 62 344 17394 1 4257034 55836 1.3 33 25 2 20 53% 1475 16336 1215 11%
c { 294.64 75 27 62 344 17394 2 4257034 55836 1.7 26 16 2 12 54% 1475 16336 1215 11%
c - 295.21 75 27 62 345 17459 2 4263781 47950 1.7 26 16 2 12 54% 1475 16336 1215 11%
c - 296.81 75 27 62 346 17613 2 4282355 54042 1.7 26 16 2 12 54% 1475 16336 1215 11%
c - 298.31 75 27 62 347 17727 2 4300959 59614 1.7 26 16 2 12 55% 1475 16336 1215 11%
c - 299.96 76 28 62 348 17874 2 4319587 62672 1.7 27 16 2 12 55% 1475 16336 1215 11%
c - 301.62 76 27 62 349 18016 2 4338241 63911 1.7 27 16 2 12 56% 1475 16336 1215 11%
c - 303.19 76 27 62 350 18101 2 4356922 65225 1.7 26 16 2 12 56% 1475 16336 1215 11%
c
c seconds    switched      rate           size/glue  tier1     binary        remaining
c         MB   reductions     conflicts         size   tier2      irredundant
c          level     restarts        redundant     glue    trail        variables
c
c - 304.89 77 27 62 351 18218 2 4375631 66667 1.7 26 15 2 12 56% 1475 16336 1215 11%
c - 306.48 77 26 62 352 18311 2 4394365 68445 1.7 26 15 2 12 56% 1475 16336 1215 11%
c - 308.23 77 26 62 353 18487 2 4413128 67511 1.7 26 15 2 12 56% 1475 16336 1215 11%
c - 309.81 77 25 62 354 18581 2 4431917 66969 1.7 25 15 2 12 56% 1475 16336 1215 11%
c - 311.50 77 25 62 355 18728 2 4450731 68455 1.7 25 15 2 12 56% 1475 16336 1215 11%
c u 312.04 78 25 62 355 18728 2 4451320 66923 1.7 25 15 2 12 56% 1480 16336 1215 11%
c v 312.65 86 25 62 355 18728 2 4451320 63724 1.7 25 15 2 12 56% 1480 16336 1215 11%
c w 312.87 87 25 62 355 18728 2 4451320 62650 1.7 25 15 2 12 56% 1480 16336 1215 11%
c t 312.87 87 25 62 355 18728 2 4451320 62650 1.7 25 15 2 12 56% 1476 16336 1215 11%
c } 313.70 106 25 63 355 18784 2 4461246 71305 1.7 25 15 2 12 56% 1476 16336 1215 11%
c [ 313.70 106 35 63 355 18784 1 4461246 71305 1.3 33 25 2 20 53% 1476 16336 1215 11%
c W 313.78 109 35 63 355 18784 1 4461246 71305 1.3 33 25 2 20 53% 1476 16336 1215 11%
c - 314.44 127 35 63 356 18790 1 4469575 62659 1.3 33 25 2 20 53% 1476 16336 1215 11%
c o 315.87 165 35 63 356 18798 1 4485879 75737 1.3 33 24 2 20 54% 1476 16336 1215 11%
c - 316.08 177 35 63 357 18798 1 4488442 59683 1.3 33 24 2 20 54% 1476 16336 1215 11%
c - 317.79 244 34 63 358 18806 1 4507337 55947 1.4 32 24 2 20 54% 1476 16336 1215 11%
c - 319.23 269 35 63 359 18813 1 4526257 53950 1.3 32 24 2 20 53% 1476 16336 1215 11%
c - 320.59 298 36 63 360 18816 1 4545206 52049 1.3 33 24 2 20 53% 1476 16336 1215 11%
c - 322.12 327 37 63 361 18828 1 4564180 50296 1.3 33 25 2 20 53% 1476 16336 1215 11%
c - 323.60 364 37 63 362 18835 1 4583180 50060 1.3 33 25 2 20 53% 1476 16336 1215 11%
c
c seconds     switched      rate           size/glue  tier1     binary        remaining
c          MB   reductions     conflicts         size   tier2      irredundant
c           level     restarts        redundant     glue    trail        variables
c
c - 325.37 360 36 63 363 18844 1 4602207 50951 1.3 33 25 2 20 53% 1476 16336 1215 11%
c - 326.95 348 34 63 364 18845 1 4621259 55869 1.3 32 24 2 20 52% 1476 16336 1215 11%
c e 327.84 340 34 63 364 18846 1 4636618 68261 1.3 31 23 2 20 51% 1474 16354 1214 11%
c s 327.84 340 34 63 364 18846 1 4636618 68261 1.3 31 23 2 20 51% 1474 16335 1214 11%
c - 328.14 346 34 63 365 18846 1 4640338 57642 1.3 31 23 2 20 51% 1474 16335 1214 11%
c - 329.31 348 33 63 366 18848 1 4659447 57203 1.4 30 22 2 20 49% 1474 16335 1214 11%
c O 329.50 347 32 63 366 18849 1 4662314 59424 1.4 30 22 2 20 49% 1474 16335 1214 11%
c u 330.51 351 32 63 366 18854 1 4671658 64272 1.4 30 22 2 20 49% 1476 16335 1214 11%
c v 331.12 355 32 63 366 18854 1 4671658 63552 1.4 30 22 2 20 49% 1476 16335 1214 11%
c w 331.33 357 32 63 366 18854 1 4671658 63202 1.4 30 22 2 20 49% 1476 16335 1214 11%
c t 331.33 357 32 63 366 18854 1 4671658 63202 1.4 30 22 2 20 49% 1474 16335 1214 11%
c - 331.80 357 32 63 367 18859 1 4678578 55862 1.4 30 22 2 20 49% 1474 16335 1214 11%
c ] 331.92 356 32 64 367 18860 1 4680742 57566 1.4 30 22 2 20 49% 1474 16335 1214 11%
c { 331.92 356 25 64 367 18860 2 4680742 57566 1.7 25 15 2 12 56% 1474 16335 1214 11%
c - 333.21 249 26 64 368 19029 2 4697739 57929 1.7 26 15 2 12 55% 1474 16335 1214 11%
c - 334.73 366 27 64 369 19141 2 4716922 62556 1.7 26 15 2 12 55% 1474 16335 1214 11%
c - 336.37 381 26 64 370 19259 2 4736131 66320 1.7 26 15 2 12 56% 1474 16335 1214 11%
c - 338.10 393 27 64 371 19433 2 4755367 67243 1.7 26 15 2 12 55% 1474 16335 1214 11%
c - 339.82 403 27 64 372 19606 2 4774629 66679 1.7 26 15 2 12 54% 1474 16335 1214 11%
c o 340.93 402 27 64 372 19687 2 4786727 77058 1.7 26 15 2 12 54% 1474 16335 1214 11%
c
c seconds     switched      rate           size/glue  tier1     binary        remaining
c          MB   reductions     conflicts         size   tier2      irredundant
c           level     restarts        redundant     glue    trail        variables
c
c - 341.56 406 27 64 373 19748 2 4793918 67803 1.7 26 15 2 12 54% 1474 16335 1214 11%
c - 343.12 405 26 64 374 19869 2 4813234 69962 1.7 26 15 2 12 54% 1474 16335 1214 11%
c - 344.84 316 26 64 375 20012 2 4832573 70743 1.7 26 15 2 12 53% 1474 16335 1214 11%
c - 346.55 415 27 64 376 20180 2 4851940 70131 1.6 25 15 2 12 53% 1474 16335 1214 11%
c - 348.15 416 26 64 377 20304 2 4871330 71102 1.7 25 15 2 12 54% 1474 16335 1214 11%
c - 349.92 420 26 64 378 20480 2 4890748 71075 1.6 25 16 2 12 53% 1474 16335 1214 11%
c } 350.41 418 26 65 378 20517 2 4897244 75984 1.6 25 15 2 12 52% 1475 16334 1214 11%
c [ 350.41 418 32 65 378 20517 1 4897244 75984 1.4 30 22 2 20 49% 1475 16334 1214 11%
c B 350.41 418 32 65 378 20517 1 4897244 75984 1.4 30 22 2 20 49% 1475 16334 1214 11%
c u 350.87 420 32 65 378 20517 1 4897806 74475 1.4 30 22 2 20 49% 1481 16334 1214 11%
c v 351.34 424 32 65 378 20517 1 4897806 66694 1.4 30 22 2 20 49% 1481 16334 1214 11%
c w 351.51 425 32 65 378 20517 1 4897806 64159 1.4 30 22 2 20 49% 1481 16334 1214 11%
c x 351.85 425 32 65 378 20517 1 4897806 64156 1.4 30 22 2 20 49% 1481 16309 1214 11%
c t 354.63 251 32 65 378 20517 1 4897806 64156 1.4 30 22 2 20 49% 1477 16309 1214 11%
c - 355.56 251 32 65 379 20524 1 4910191 58338 1.4 30 22 2 20 49% 1477 16309 1214 11%
c - 357.16 243 31 65 380 20531 1 4929658 60089 1.4 29 21 2 20 49% 1477 16309 1214 11%
c - 358.90 324 29 65 381 20544 1 4949152 64141 1.4 28 20 2 20 49% 1477 16309 1214 11%
c - 360.23 347 28 65 382 20547 1 4968671 65445 1.4 27 19 2 20 49% 1478 16309 1214 11%
c - 361.74 387 27 65 383 20554 1 4988215 64450 1.4 27 19 2 19 48% 1478 16309 1214 11%
c - 363.19 401 27 65 384 20562 1 5007786 65613 1.4 26 18 2 19 48% 1479 16308 1214 11%
c
c seconds     switched      rate           size/glue  tier1     binary        remaining
c          MB   reductions     conflicts         size   tier2      irredundant
c           level     restarts        redundant     glue    trail        variables
c
c - 364.73 248 27 65 385 20572 1 5027381 65748 1.4 26 18 2 19 48% 1479 16308 1214 11%
c - 366.43 276 28 65 386 20578 1 5047003 63881 1.4 27 19 2 19 48% 1479 16308 1214 11%
c - 368.22 319 28 65 387 20579 1 5066655 60801 1.4 27 19 2 19 48% 1479 16308 1214 11%
c - 369.88 365 28 65 388 20579 1 5086327 61720 1.4 27 19 2 19 48% 1479 16308 1214 11%
c - 371.72 390 28 65 389 20586 1 5106028 64061 1.4 27 19 2 19 48% 1479 16308 1214 11%
c W 372.72 388 28 65 389 20592 1 5114529 70372 1.4 27 19 2 19 48% 1479 16308 1214 11%
c o 372.72 388 28 65 389 20592 1 5114529 70372 1.4 27 19 2 19 48% 1479 16308 1214 11%
c ] 372.88 390 28 66 389 20593 1 5116295 71840 1.4 27 19 2 19 49% 1479 16308 1214 11%
c { 372.88 390 26 66 389 20593 2 5116295 71840 1.6 25 15 2 12 52% 1479 16308 1214 11%
c - 373.69 390 25 66 390 20593 2 5125752 68714 1.7 25 15 2 12 53% 1479 16308 1214 11%
c u 374.59 230 25 66 390 20593 2 5129822 70062 1.7 25 15 2 12 53% 1480 16308 1214 11%
c v 375.29 233 25 66 390 20593 2 5129822 68856 1.7 25 15 2 12 53% 1480 16308 1214 11%
c w 375.55 234 25 66 390 20593 2 5129822 67654 1.7 25 15 2 12 53% 1480 16308 1214 11%
c - 376.58 246 23 66 391 20593 1 5145500 72883 1.9 25 13 2 12 54% 1480 16308 1214 11%
c caught signal 15 (SIGTERM)
c
c ---- [ profiling ] ---------------------------------------------------------
c
c         319.12   84.63 %  search
c         162.99   43.22 %  focused
c         156.13   41.40 %  stable
c          57.94   15.36 %  simplify
c          57.15   15.15 %  probe
c          31.81    8.44 %  vivify
c          24.26    6.43 %  sweep
c           1.80    0.48 %  reduce
c           0.58    0.15 %  factor
c           0.43    0.12 %  eliminate
c           0.39    0.10 %  walking
c           0.37    0.10 %  substitute
c           0.12    0.03 %  subsume
c           0.05    0.01 %  transitive
c           0.04    0.01 %  congruence
c           0.03    0.01 %  backbone
c           0.03    0.01 %  preprocess
c           0.00    0.00 %  parse
c           0.00    0.00 %  lucky
c =============================================
c         377.09  100.00 %  total
c
c ---- [ statistics ] --------------------------------------------------------
c
c chronological:                           19                0 %  conflicts
c conflicts:                          5153252            13665.66 per second
c congruent:                               67                1 %  variables
c decisions:                          7197281                1.40 per conflict
c eliminated:                            9494               86 %  variables
c factored:                               247                2 %  variables
c iterations:                              19                0 %  variables
c propagations:                    1003003880          2659818    per second
c reductions:                             391            13180    interval
c reordered:                               32           161039    interval
c rephased:                                44           117119    interval
c restarts:                             20593              250    interval
c strengthened:                          2727                0 %  checks
c substituted:                            166                1 %  variables
c subsumed:                              9938                0 %  checks
c switched:                                66            78080    interval
c vivified:                            285119               43 %  checks
c walks:                                   15           343550    interval
c
c ---- [ glue usage ] --------------------------------------------------------
c
c focused glue 2    used 2505573 clauses 16.05% accumulated 59.71% tier1
c focused glue 3    used 1115238 clauses  7.15% accumulated 66.85%
c focused glue 4-10 used 3249908 clauses 20.82% accumulated 87.67%
c focused glue 11   used  218479 clauses  1.40% accumulated 89.07%
c focused glue 12   used  197802 clauses  1.27% accumulated 90.34% tier2
c
c stable glue 2    used 2723265 clauses 15.64% accumulated 58.17% tier1
c stable glue 3    used 1024398 clauses  5.89% accumulated 64.05%
c stable glue 4-17 used 4231397 clauses 24.31% accumulated 88.36%
c stable glue 18   used  164261 clauses  0.94% accumulated 89.31%
c stable glue 19   used  146517 clauses  0.84% accumulated 90.15% tier2
c
c ---- [ resources ] ---------------------------------------------------------
c
c maximum-resident-set-size:     461138558976 bytes     439776 MB
c process-time:                         6m 17s             377.09 seconds
c raising signal 15 (SIGTERM)
