c ---- [ banner ] ------------------------------------------------------------
c
c Kissat SAT Solver
c 
c Copyright (c) 2021-2024 Armin Biere University of Freiburg
c Copyright (c) 2019-2021 Armin Biere Johannes Kepler University Linz
c 
c Version 4.0.4 unknown
c Apple clang version 17.0.0 (clang-1700.3.19.1) -W -Wall -O3 -DNDEBUG
c Thu Oct 16 20:09:41 UTC 2025 Darwin Tahoe-arm64.local 25.0.0 arm64
c
c ---- [ parsing ] -----------------------------------------------------------
c
c opened and reading DIMACS file:
c
c   /Users/rwalters/lean-genius-erdos85-goal48-sol3/q9-solver-controls/runs/003-N80-m8/input.cnf
c
c parsed 'p cnf 70117 239879' header
c closing input after reading 3742039 bytes (4 MB)
c finished parsing after 0.02 seconds
c
c ---- [ options ] -----------------------------------------------------------
c
c --restartint=50                  (different from default '1')
c --target=2                       (different from default '1')
c
c ---- [ solving ] -----------------------------------------------------------
c
c seconds switched rate     size/glue tier1   binary          remaining
c        MB reductions conflicts size  tier2      irredundant
c         level restarts redundant glue  trail           variables
c
c *  0.02 23 0 0 0  0 0   0   0 0.0 0 0 0 0 0% 167543 68298 68971 98%
c (  0.03 23 0 0 0  0 0   0   0 0.0 0 0 0 0 0% 167543 68298 68971 98%
c .  0.03 23 0 0 0  0 0   0   0 0.0 0 0 0 0 0% 165812 66968 68971 98%
c c  0.07 45 0 0 0  0 0   0   0 0.0 0 0 0 0 0% 166036 66928 67318 96%
c d  0.07 45 0 0 0  0 0   0   0 0.0 0 0 0 0 0% 162546 66928 67318 96%
c =  0.09 45 0 0 0  0 0   0   0 0.0 0 0 0 0 0% 162527 66897 67272 96%
c d  0.09 46 0 0 0  0 0   0   0 0.0 0 0 0 0 0% 162501 66883 67272 96%
c )  0.18 51 0 0 0  0 0   0   0 0.0 0 0 0 0 0% 162494 66883 67272 96%
c {  0.18 51 0 0 0  0 0   0   0 0.0 0 0 2 6 0% 162494 66883 67272 96%
c -  0.29 52 156 0 1  6 3 1003 674 7.2 146 20 12 27 63% 162416 66883 67272 96%
c }  0.29 52 156 1 1  6 3 1003 674 7.2 146 20 12 27 63% 162416 66883 67272 96%
c [  0.29 52 0 1 1  6 0 1003 674 0.0 0 0 2 6 0% 162416 66883 67272 96%
c B  0.29 52 0 1 1  6 0 1003 674 0.0 0 0 2 6 0% 162416 66883 67272 96%
c i  0.29 52 139 1 1  6 139 1004 674 0.0 1 0 2 6 13% 162416 66883 67271 96%
c i  0.29 52 138 1 1  6 47 1006 674 4.0 1 0 2 6 13% 162417 66883 67269 96%
c i  0.29 52 138 1 1  6 21 1010 675 2.2 2 1 2 6 13% 162418 66883 67267 96%
c i  0.29 52 137 1 1  6 11 1017 676 1.7 3 2 2 6 13% 162419 66883 67265 96%
c i  0.29 52 136 1 1  6 8 1022 676 1.6 3 2 2 6 13% 162420 66883 67263 96%
c i  0.29 52 135 1 1  6 6 1028 678 1.7 3 2 2 6 13% 162421 66883 67261 96%
c i  0.29 52 134 1 1  6 5 1036 678 1.7 3 2 2 6 13% 162422 66883 67259 96%
c
c seconds   switched rate      size/glue tier1    binary          remaining
c        MB  reductions conflicts   size  tier2       irredundant
c          level restarts  redundant  glue   trail           variables
c
c i  0.29 52 134 1 1  6 4 1049 683 1.6 3 2 2 6 13% 162424 66883 67257 96%
c i  0.29 52 134 1 1  6 4 1050 683 1.6 3 2 2 6 13% 162424 66883 67256 96%
c i  0.29 52 133 1 1  6 4 1055 686 1.6 3 2 2 6 13% 162424 66883 67253 96%
c i  0.29 52 133 1 1  6 4 1059 689 1.6 3 2 2 6 13% 162424 66883 67249 96%
c i  0.29 52 131 1 1  6 3 1097 717 1.7 4 2 2 6 13% 162429 66883 67217 96%
c i  0.29 52 131 1 1  6 3 1101 720 1.7 4 2 2 6 13% 162429 66883 67213 96%
c i  0.29 52 130 1 1  6 2 1110 723 1.7 4 2 2 6 13% 162432 66883 67209 96%
c i  0.29 52 129 1 1  6 2 1134 732 1.7 4 2 2 6 13% 162438 66883 67207 96%
c i  0.29 52 126 1 1  6 2 1186 767 1.8 4 2 2 6 13% 162443 66883 67205 96%
c i  0.29 52 125 1 1  6 2 1226 788 1.8 4 2 2 3 13% 162450 66883 67203 96%
c i  0.29 52 124 1 1  6 2 1268 809 1.8 4 2 2 3 13% 162457 66883 67201 96%
c i  0.29 52 122 1 1  6 2 1332 844 1.8 4 2 2 3 13% 162465 66883 67199 96%
c i  0.29 52 120 1 1  6 1 1400 886 1.8 4 2 2 3 13% 162473 66883 67197 96%
c i  0.29 52 119 1 1  6 2 1591 1029 1.9 5 3 2 3 13% 162495 66883 67191 96%
c i  0.30 52 118 1 1  6 1 1708 1105 1.9 5 3 2 4 13% 162502 66883 67173 96%
c i  0.30 52 117 1 1  6 1 1817 1166 1.9 5 3 2 4 13% 162508 66883 67169 96%
c i  0.30 52 117 1 1  6 1 1935 1252 1.9 5 3 2 4 13% 162515 66883 67167 96%
c -  0.30 52 117 1 2  6 1 2004 773 1.9 5 3 2 4 13% 162223 66883 67167 96%
c W  0.32 52 117 1 2  6 1 2004 773 1.9 5 3 2 4 13% 162223 66796 67167 96%
c u  0.39 55 105 1 2  7 3 2561 1290 3.8 29 8 2 4 31% 162252 66771 67167 96%
c
c seconds   switched rate       size/glue tier1     binary          remaining
c        MB  reductions conflicts     size  tier2       irredundant
c          level restarts  redundant    glue   trail           variables
c
c v  0.40 55 105 1 2  7 3 2561 1290 3.8 29 8 2 4 31% 162252 66771 67167 96%
c w  0.40 55 105 1 2  7 3 2561 1290 3.8 29 8 2 4 31% 162252 66771 67167 96%
c x  0.41 55 105 1 2  7 3 2561 1290 3.8 29 8 2 4 31% 162313 66682 67109 96%
c d  0.44 55 105 1 2  7 3 2561 1289 3.8 29 8 2 4 31% 162190 66653 67043 96%
c t  0.44 55 105 1 2  7 3 2561 1289 3.8 29 8 2 4 31% 162185 66653 67043 96%
c f  0.45 57 105 1 2  7 3 2561 1289 3.8 29 8 2 4 31% 162142 66653 67052 96%
c d  0.45 57 105 1 2  7 3 2561 1289 3.8 29 8 2 4 31% 162140 66653 67051 96%
c b  0.46 58 105 1 2  7 3 2561 1289 3.8 29 8 2 4 31% 162140 66653 67048 96%
c u  0.46 58 105 1 2  7 3 2561 1258 3.8 29 8 2 4 31% 162145 66653 67048 96%
c v  0.47 58 105 1 2  7 3 2561 1256 3.8 29 8 2 4 31% 162145 66653 67048 96%
c w  0.47 58 105 1 2  7 3 2561 1256 3.8 29 8 2 4 31% 162145 66653 67048 96%
c x  0.47 58 105 1 2  7 3 2561 1256 3.8 29 8 2 4 31% 162151 66647 67048 96%
c d  0.48 58 105 1 2  7 3 2561 1256 3.8 29 8 2 4 31% 162147 66647 67046 96%
c i  0.49 58 105 1 2  7 3 2561 1256 3.8 29 8 2 4 31% 162147 66647 67046 96%
c ]  0.54 58 103 2 2  7 3 2944 1617 2.9 40 14 2 12 38% 162150 66647 67046 96%
c {  0.54 58 156 2 2  7 3 2944 1617 7.2 146 20 12 27 63% 162150 66647 67046 96%
c -  0.59 58 117 2 3  8 3 3419 1602 6.5 122 19 10 25 66% 162023 66647 67046 96%
c }  0.64 58 94 3 3  8 2 3945 2124 6.7 116 17 10 25 67% 162024 66647 67046 96%
c [  0.64 58 103 3 3  8 3 3945 2124 2.9 40 14 2 12 38% 162024 66647 67046 96%
c I  0.68 58 95 3 3  8 2 4267 2439 3.6 52 14 3 20 43% 162024 66647 67046 96%
c
c seconds  switched rate       size/glue  tier1      binary          remaining
c        MB reductions conflicts     size   tier2        irredundant
c         level restarts  redundant     glue    trail           variables
c
c -  0.70 58 79 3 4  9 2 5151 2919 3.2 42 13 4 18 33% 162028 66647 67046 96%
c ]  0.73 58 67 4 4  9 2 5893 3545 2.9 38 13 4 18 28% 162030 66647 67046 96%
c {  0.73 58 94 4 4  9 2 5893 3545 6.7 116 17 10 25 67% 162030 66647 67046 96%
c i  0.74 59 84 4 4  9 2 6236 3836 6.2 102 16 10 25 58% 162034 66647 67039 96%
c i  0.75 59 70 4 4  9 2 6808 4316 5.9 84 14 8 21 48% 162041 66647 67032 96%
c i  0.76 59 74 4 4 10 3 6879 4381 5.8 83 14 8 21 48% 162044 66647 67028 96%
c i  0.76 59 74 4 4 10 3 6880 4381 5.8 83 14 8 21 48% 162044 66647 67020 96%
c -  0.78 59 75 4 5 10 3 7151 4205 5.9 81 14 6 20 50% 161971 66647 67020 96%
c i  0.80 59 79 4 5 11 3 7506 4545 5.9 80 14 6 20 53% 161973 66647 67018 96%
c i  0.80 59 80 4 5 11 3 7537 4568 5.8 80 14 6 20 53% 161975 66647 67007 96%
c i  0.82 59 80 4 5 11 3 7780 4796 5.8 76 13 6 20 51% 161981 66647 67005 96%
c i  0.82 59 80 4 5 11 3 7785 4799 5.8 76 13 6 20 51% 161982 66647 67004 96%
c c  0.86 61 79 4 5 11 3 7884 4895 5.7 75 13 6 20 51% 161918 66611 66997 96%
c d  0.86 63 79 4 5 11 3 7884 4895 5.7 75 13 6 20 51% 161959 66566 66997 96%
c b  0.87 63 79 4 5 11 3 7884 4895 5.7 75 13 6 20 51% 161959 66566 66977 96%
c u  0.88 63 79 4 5 11 3 7884 4779 5.7 75 13 6 20 51% 161959 66566 66977 96%
c v  0.89 63 79 4 5 11 3 7884 4757 5.7 75 13 6 20 51% 161959 66566 66977 96%
c w  0.89 64 79 4 5 11 3 7884 4756 5.7 75 13 6 20 51% 161959 66566 66977 96%
c =  0.95 64 79 4 5 11 3 7884 4756 5.7 75 13 6 20 51% 161978 66544 66969 96%
c d  0.96 64 79 4 5 11 3 7884 4755 5.7 75 13 6 20 51% 161899 66541 66938 95%
c
c seconds  switched rate       size/glue  tier1      binary          remaining
c        MB reductions conflicts     size   tier2        irredundant
c         level restarts  redundant     glue    trail           variables
c
c t  0.96 64 79 4 5 11 3 7884 4755 5.7 75 13 6 20 51% 161897 66541 66938 95%
c b  0.97 64 79 4 5 11 3 7884 4755 5.7 75 13 6 20 51% 161897 66541 66937 95%
c f  0.97 64 79 4 5 11 3 7884 4755 5.7 75 13 6 20 51% 161894 66541 66938 95%
c d  0.98 64 79 4 5 11 3 7884 4755 5.7 75 13 6 20 51% 161893 66540 66937 95%
c b  0.98 64 79 4 5 11 3 7884 4755 5.7 75 13 6 20 51% 161893 66540 66929 95%
c u  1.00 64 79 4 5 11 3 7884 4498 5.7 75 13 6 20 51% 161902 66540 66929 95%
c v  1.01 64 79 4 5 11 3 7884 4273 5.7 75 13 6 20 51% 161902 66540 66929 95%
c w  1.01 64 79 4 5 11 3 7884 4272 5.7 75 13 6 20 51% 161902 66540 66929 95%
c f  1.09 64 79 4 5 11 3 7884 4272 5.7 75 13 6 20 51% 161906 66531 66930 95%
c i  1.09 64 79 4 5 11 3 7886 4272 5.7 75 13 6 20 51% 161907 66531 66923 95%
c i  1.09 64 79 4 5 11 3 7902 4283 5.7 74 13 6 20 50% 161911 66531 66920 95%
c i  1.09 64 79 4 5 11 3 7904 4283 5.7 74 13 6 20 50% 161912 66531 66914 95%
c }  1.11 64 81 5 5 11 3 8248 4613 5.9 73 12 6 20 52% 161913 66531 66914 95%
c [  1.11 64 67 5 5 11 2 8248 4613 2.9 38 13 4 18 28% 161913 66531 66914 95%
c B  1.12 64 67 5 5 11 2 8248 4613 2.9 38 13 4 18 28% 161913 66531 66914 95%
c -  1.24 65 80 5 6 12 2 9387 4757 3.3 53 16 5 20 37% 161787 66531 66914 95%
c ]  1.24 65 80 6 6 12 2 9419 4788 3.3 53 16 5 20 37% 161787 66531 66914 95%
c {  1.24 65 81 6 6 12 3 9419 4788 5.9 73 12 6 20 52% 161787 66531 66914 95%
c o  1.30 65 91 6 6 14 3 10905 6106 5.5 59 11 5 17 46% 161804 66531 66914 95%
c i  1.31 65 95 6 6 14 3 11091 6267 5.4 58 11 5 17 46% 161815 66531 66912 95%
c
c seconds  switched rate        size/glue  tier1      binary          remaining
c        MB reductions conflicts      size   tier2        irredundant
c         level restarts   redundant     glue    trail           variables
c
c i  1.31 65 95 6 6 14 3 11114 6286 5.4 57 11 5 17 45% 161818 66531 66911 95%
c i  1.32 65 95 6 6 14 3 11145 6308 5.4 57 11 5 17 45% 161821 66531 66910 95%
c i  1.32 65 96 6 6 14 3 11249 6403 5.4 56 11 5 17 45% 161821 66531 66908 95%
c i  1.37 65 103 6 6 18 3 11776 6903 5.3 55 10 5 17 45% 161829 66531 66895 95%
c i  1.37 65 103 6 6 18 3 11778 6904 5.3 55 10 5 17 45% 161829 66531 66894 95%
c i  1.37 65 103 6 6 18 3 11792 6910 5.3 55 10 5 17 45% 161834 66530 66883 95%
c -  1.38 65 103 6 7 18 3 11840 5739 5.3 55 10 4 15 45% 161752 66530 66883 95%
c i  1.39 65 105 6 7 20 3 12044 5932 5.3 54 10 4 15 45% 161753 66530 66882 95%
c i  1.40 65 107 6 7 21 3 12210 6088 5.2 54 10 4 15 45% 161756 66530 66872 95%
c i  1.40 65 107 6 7 21 3 12225 6099 5.2 53 10 4 15 45% 161757 66530 66870 95%
c i  1.40 65 107 6 7 21 3 12227 6099 5.2 53 10 4 15 45% 161758 66530 66858 95%
c i  1.40 65 107 6 7 22 3 12268 6136 5.2 53 10 4 15 45% 161759 66530 66850 95%
c i  1.41 65 110 6 7 24 3 12508 6365 5.2 53 10 4 15 45% 161761 66530 66849 95%
c i  1.41 65 111 6 7 26 3 12613 6451 5.1 52 10 4 15 44% 161769 66530 66845 95%
c i  1.42 65 111 6 7 27 4 12664 6499 5.1 52 10 4 15 44% 161770 66530 66843 95%
c 2  1.42 65 111 6 7 27 4 12792 6621 5.0 51 10 4 15 44% 161772 66530 66836 95%
c s  1.43 65 111 6 7 27 4 12792 6621 5.0 51 10 4 15 44% 161772 66451 66836 95%
c e  1.55 82 111 6 7 27 4 12792 6621 5.0 51 10 4 15 44% 30476 132088 20315 29%
c 2  1.55 82 111 6 7 27 4 12792 6621 5.0 51 10 4 15 44% 30465 132088 20315 29%
c s  1.58 82 111 6 7 27 4 12792 6621 5.0 51 10 4 15 44% 30766 130331 20315 29%
c
c seconds   switched rate        size/glue  tier1     binary           remaining
c        MB  reductions conflicts      size   tier2       irredundant
c          level restarts   redundant     glue    trail           variables
c
c e  1.61 82 111 6 7 27 4 12792 6621 5.0 51 10 4 15 44% 29204 131762 20053 29%
c ^  1.61 82 111 6 7 27 4 12792 6621 5.0 51 10 4 15 44% 29204 131762 20053 29%
c i  1.63 83 111 6 7 28 4 13057 537 5.0 50 10 4 15 43% 29214 131762 20049 29%
c i  1.63 83 111 6 7 28 4 13069 542 5.0 50 10 4 15 43% 29217 131762 20043 29%
c i  1.63 83 110 6 7 28 4 13156 600 5.0 49 10 4 15 43% 29223 131760 20040 29%
c }  1.64 83 109 7 7 28 4 13488 920 4.9 49 10 4 15 44% 29223 131760 20040 29%
c [  1.64 83 80 7 7 28 2 13488 920 3.3 53 16 5 20 37% 29223 131760 20040 29%
c W  1.67 83 80 7 7 28 2 13779 1207 3.5 56 16 5 20 39% 29135 131709 20040 29%
c -  1.77 83 83 7 8 28 2 14485 1594 3.5 59 17 5 22 43% 29156 131689 20040 29%
c b  1.93 83 81 7 8 30 2 16147 3157 3.0 61 20 5 22 45% 29157 131689 20034 29%
c u  1.94 84 81 7 8 30 2 16147 2891 3.0 61 20 5 22 45% 29164 131689 20034 29%
c v  1.97 84 81 7 8 30 2 16147 2761 3.0 61 20 5 22 45% 29164 131689 20034 29%
c w  1.99 84 81 7 8 30 2 16147 2756 3.0 61 20 5 22 45% 29164 131689 20034 29%
c x  2.00 84 81 7 8 30 2 16147 2756 3.0 61 20 5 22 45% 29181 131661 20032 29%
c t  2.01 84 81 7 8 30 2 16147 2756 3.0 61 20 5 22 45% 28900 131654 20032 29%
c b  2.01 84 81 7 8 30 2 16147 2756 3.0 61 20 5 22 45% 28900 131654 20029 29%
c f  2.03 85 81 7 8 30 2 16147 2756 3.0 61 20 5 22 45% 28931 130735 20046 29%
c u  2.07 86 81 7 8 30 2 16147 2694 3.0 61 20 5 22 45% 28918 130726 20046 29%
c v  2.10 86 81 7 8 30 2 16147 2516 3.0 61 20 5 22 45% 28918 130726 20046 29%
c w  2.13 86 81 7 8 30 2 16147 2488 3.0 61 20 5 22 45% 28918 130726 20046 29%
c
c seconds  switched rate        size/glue  tier1     binary           remaining
c        MB reductions conflicts      size   tier2       irredundant
c         level restarts   redundant     glue    trail           variables
c
c t  2.25 86 81 7 8 30 2 16147 2488 3.0 61 20 5 22 45% 28900 130726 20046 29%
c f  2.27 86 81 7 8 30 2 16147 2488 3.0 61 20 5 22 45% 28953 129927 20074 29%
c i  2.28 86 81 7 8 30 2 16147 2488 3.0 61 20 5 22 45% 28953 129927 20074 29%
c ]  2.33 86 81 8 8 30 2 16877 3192 2.7 61 22 5 22 45% 28953 129927 20074 29%
c {  2.33 86 109 8 8 30 4 16877 3192 4.9 49 10 4 15 44% 28953 129927 20074 29%
c -  2.38 86 108 8 9 38 4 17313 2596 4.6 49 11 4 16 45% 28954 129927 20074 29%
c -  2.63 86 114 8 10 91 4 20314 4196 3.7 48 13 4 18 47% 28958 129927 20074 29%
c o  2.67 86 114 8 10 101 4 21091 4955 3.6 47 13 4 18 47% 28961 129927 20074 29%
c }  2.84 86 116 9 10 135 4 23036 6874 3.3 47 14 4 18 48% 28962 129927 20074 29%
c [  2.84 86 81 9 10 135 2 23036 6874 2.7 61 22 5 22 45% 28962 129927 20074 29%
c O  2.84 86 81 9 10 135 2 23036 6874 2.7 61 22 5 22 45% 28962 129927 20074 29%
c -  2.87 86 79 9 11 135 2 23476 6134 2.8 62 22 6 30 45% 28962 129927 20074 29%
c s  3.02 86 84 9 11 137 2 25391 8018 2.8 62 22 6 30 47% 28967 129090 20074 29%
c e  3.11 87 84 9 11 137 2 25391 8018 2.8 62 22 6 30 47% 21738 138395 17767 25%
c s  3.14 87 84 9 11 137 2 25391 8018 2.8 62 22 6 30 47% 21789 136643 17767 25%
c e  3.18 87 84 9 11 137 2 25391 8018 2.8 62 22 6 30 47% 21588 136881 17719 25%
c ^  3.18 87 84 9 11 137 2 25391 8018 2.8 62 22 6 30 47% 21588 136881 17719 25%
c -  3.29 87 83 9 12 137 2 26792 3028 3.0 66 22 6 28 49% 21588 136881 17719 25%
c b  3.33 87 84 9 12 138 2 27353 3582 3.0 66 22 6 28 49% 21588 136881 17718 25%
c u  3.34 87 84 9 12 138 2 27353 3180 3.0 66 22 6 28 49% 21590 136881 17718 25%
c
c seconds  switched   rate        size/glue  tier1     binary           remaining
c        MB  reductions conflicts       size   tier2       irredundant
c         level  restarts    redundant     glue    trail           variables
c
c v  3.38 87 84 9 12 138 2 27353 3024 3.0 66 22 6 28 49% 21590 136881 17718 25%
c w  3.39 87 84 9 12 138 2 27353 3024 3.0 66 22 6 28 49% 21590 136881 17718 25%
c t  3.40 87 84 9 12 138 2 27353 3024 3.0 66 22 6 28 49% 21548 136872 17718 25%
c f  3.42 88 84 9 12 138 2 27353 3024 3.0 66 22 6 28 49% 21584 136170 17738 25%
c u  3.44 88 84 9 12 138 2 27353 2951 3.0 66 22 6 28 49% 21584 136170 17738 25%
c v  3.47 88 84 9 12 138 2 27353 2771 3.0 66 22 6 28 49% 21584 136170 17738 25%
c w  3.49 88 84 9 12 138 2 27353 2771 3.0 66 22 6 28 49% 21584 136170 17738 25%
c x  3.50 88 84 9 12 138 2 27353 2771 3.0 66 22 6 28 49% 21585 135723 17738 25%
c f  3.53 88 84 9 12 138 2 27353 2771 3.0 66 22 6 28 49% 21632 134972 17764 25%
c ]  3.73 88 84 10 12 140 2 29414 4745 2.9 67 23 6 28 50% 21632 134972 17764 25%
c {  3.73 88 116 10 12 140 4 29414 4745 3.3 47 14 4 18 48% 21632 134972 17764 25%
c -  3.79 88 116 10 13 150 4 30256 4405 3.3 47 14 4 19 48% 21630 134972 17764 25%
c i  3.88 88 117 10 13 168 4 31837 5912 3.1 46 15 4 19 47% 21641 134972 17761 25%
c i  3.99 88 118 10 13 189 4 33492 7492 3.1 46 15 4 19 47% 21645 134972 17759 25%
c -  4.02 88 117 10 14 194 4 33861 6623 3.1 46 15 5 19 47% 21630 134972 17759 25%
c i  4.15 88 116 10 14 221 4 36141 8781 2.9 44 15 4 19 45% 21653 134972 17751 25%
c -  4.23 88 116 10 15 237 4 37603 8055 2.9 44 15 4 19 45% 21633 134972 17751 25%
c }  4.25 88 116 11 15 241 4 38041 8460 2.9 43 15 4 19 45% 21639 134972 17751 25%
c [  4.25 88 84 11 15 241 2 38041 8460 2.9 67 23 6 28 50% 21639 134972 17751 25%
c B  4.25 88 84 11 15 241 2 38041 8460 2.9 67 23 6 28 50% 21639 134972 17751 25%
c
c seconds   switched   rate        size/glue  tier1     binary           remaining
c        MB   reductions conflicts       size   tier2       irredundant
c         level   restarts    redundant     glue    trail           variables
c
c -  4.61 88 86 11 16 243 2 41475 8570 2.6 70 27 7 34 51% 21640 134972 17751 25%
c u  4.68 88 86 11 16 243 2 41776 8071 2.6 70 27 7 34 51% 21664 134878 17751 25%
c v  4.71 88 86 11 16 243 2 41776 7747 2.6 70 27 7 34 51% 21664 134878 17751 25%
c w  4.73 88 86 11 16 243 2 41776 7746 2.6 70 27 7 34 51% 21664 134878 17751 25%
c t  4.89 88 86 11 16 243 2 41776 7746 2.6 70 27 7 34 51% 21656 134878 17751 25%
c f  4.92 88 86 11 16 243 2 41776 7746 2.6 70 27 7 34 51% 21724 134000 17788 25%
c u  4.97 88 86 11 16 243 2 41776 7342 2.6 70 27 7 34 51% 21757 134000 17786 25%
c v  5.00 88 86 11 16 243 2 41776 7204 2.6 70 27 7 34 51% 21757 134000 17786 25%
c w  5.01 88 86 11 16 243 2 41776 7204 2.6 70 27 7 34 51% 21757 134000 17786 25%
c x  5.03 88 86 11 16 243 2 41776 7204 2.6 70 27 7 34 51% 21761 133355 17786 25%
c t  5.04 88 86 11 16 243 2 41776 7198 2.6 70 27 7 34 51% 21749 133355 17786 25%
c f  5.06 88 86 11 16 243 2 41776 7198 2.6 70 27 7 34 51% 21809 132825 17820 25%
c i  5.06 88 86 11 16 243 2 41776 7198 2.6 70 27 7 34 51% 21809 132825 17820 25%
c o  5.07 88 86 11 16 243 2 41776 7198 2.6 70 27 7 34 51% 21809 132825 17820 25%
c ]  5.20 88 89 12 16 245 2 43589 8962 2.5 71 28 7 34 53% 21809 132825 17820 25%
c {  5.20 88 116 12 16 245 4 43589 8962 2.9 43 15 4 19 45% 21809 132825 17820 25%
c -  5.33 88 116 12 17 272 4 45475 7940 2.8 44 16 4 20 45% 21804 132825 17820 25%
c i  5.37 88 117 12 17 281 4 46286 8718 2.8 44 16 4 20 45% 21808 132825 17816 25%
c -  5.60 88 118 12 18 328 4 49598 9529 2.7 44 16 4 20 45% 21806 132825 17816 25%
c s  5.80 88 117 12 18 357 4 52686 12529 2.7 44 16 4 20 46% 21812 132120 17816 25%
c
c seconds    switched   rate         size/glue  tier1     binary           remaining
c        MB    reductions conflicts        size   tier2       irredundant
c          level   restarts     redundant     glue    trail           variables
c
c e  5.88 88 117 12 18 357 4 52686 12529 2.7 44 16 4 20 46% 21094 133444 17258 25%
c s  5.89 88 117 12 18 357 4 52686 12529 2.7 44 16 4 20 46% 21097 132706 17258 25%
c e  5.93 88 117 12 18 357 4 52686 12529 2.7 44 16 4 20 46% 21078 132736 17249 25%
c ^  5.93 88 117 12 18 357 4 52686 12529 2.7 44 16 4 20 46% 21078 132736 17249 25%
c -  6.01 88 117 12 19 370 4 53841 7882 2.7 44 17 5 20 46% 21080 132736 17249 25%
c }  6.08 88 118 13 19 390 4 55068 9058 2.6 44 17 5 20 46% 21081 132736 17249 25%
c [  6.08 88 89 13 19 390 2 55068 9058 2.5 71 28 7 34 53% 21081 132736 17249 25%
c W  6.09 88 89 13 19 390 2 55068 9058 2.5 71 28 7 34 53% 21081 132736 17249 25%
c -  6.33 88 88 13 20 392 2 58200 9749 2.5 72 29 7 37 53% 21081 132736 17249 25%
c u  6.45 88 87 13 20 393 2 59516 10473 2.4 73 30 7 37 53% 21087 132734 17249 25%
c v  6.48 88 87 13 20 393 2 59516 10152 2.4 73 30 7 37 53% 21087 132734 17249 25%
c w  6.50 88 87 13 20 393 2 59516 10152 2.4 73 30 7 37 53% 21087 132734 17249 25%
c x  6.52 88 87 13 20 393 2 59516 10149 2.4 73 30 7 37 53% 21092 132477 17249 25%
c t  6.53 88 87 13 20 393 2 59516 10149 2.4 73 30 7 37 53% 21088 132477 17249 25%
c f  6.55 88 87 13 20 393 2 59516 10149 2.4 73 30 7 37 53% 21147 131972 17284 25%
c u  6.59 88 87 13 20 393 2 59516 9673 2.4 73 30 7 37 53% 21148 131972 17284 25%
c v  6.62 88 87 13 20 393 2 59516 9527 2.4 73 30 7 37 53% 21148 131972 17284 25%
c w  6.63 88 87 13 20 393 2 59516 9527 2.4 73 30 7 37 53% 21148 131972 17284 25%
c x  6.66 88 87 13 20 393 2 59516 9525 2.4 73 30 7 37 53% 21157 131730 17284 25%
c t  6.66 88 87 13 20 393 2 59516 9525 2.4 73 30 7 37 53% 21155 131730 17281 25%
c
c seconds   switched   rate        size/glue  tier1     binary           remaining
c        MB   reductions conflicts       size   tier2       irredundant
c         level   restarts    redundant     glue    trail           variables
c
c f  6.69 88 87 13 20 393 2 59516 9525 2.4 73 30 7 37 53% 21198 131371 17309 25%
c -  6.97 88 88 13 21 395 2 62675 9778 2.4 74 31 7 38 53% 21188 131371 17309 25%
c ]  7.11 88 89 14 21 396 2 63742 10814 2.4 76 31 7 38 53% 21188 131371 17309 25%
c {  7.11 88 118 14 21 396 4 63742 10814 2.6 44 17 5 20 46% 21188 131371 17309 25%
c -  7.42 88 118 14 22 447 4 67258 11021 2.6 45 17 4 21 47% 21193 131371 17309 25%
c o  7.75 88 120 14 22 505 4 71857 15549 2.6 46 18 4 21 47% 21199 131371 17309 25%
c -  7.76 88 120 14 23 506 4 71948 12692 2.6 46 18 4 21 47% 21199 131371 17309 25%
c i  7.84 88 120 14 23 518 4 72994 13719 2.6 46 18 4 21 48% 21199 131371 17308 25%
c -  8.12 88 120 14 24 559 4 76744 14142 2.6 47 18 4 21 48% 21202 131371 17308 25%
c }  8.24 88 119 15 24 576 4 78457 15830 2.6 47 18 4 21 48% 21204 131371 17308 25%
c [  8.24 88 89 15 24 576 2 78457 15830 2.4 76 31 7 38 53% 21204 131371 17308 25%
c I  8.24 88 89 15 24 576 2 78457 15830 2.4 76 31 7 38 53% 21204 131371 17308 25%
c b  8.43 88 92 15 24 578 2 80697 18021 2.3 78 33 7 38 52% 21216 131348 17306 25%
c u  8.47 88 92 15 24 578 2 80697 17283 2.3 78 33 7 38 52% 21217 131348 17306 25%
c v  8.51 88 92 15 24 578 2 80697 16966 2.3 78 33 7 38 52% 21218 131348 17306 25%
c w  8.54 89 92 15 24 578 2 80697 16965 2.3 78 33 7 38 52% 21218 131348 17306 25%
c x  8.57 89 92 15 24 578 2 80697 16964 2.3 78 33 7 38 52% 21223 131230 17306 25%
c t  8.81 89 92 15 24 578 2 80697 16964 2.3 78 33 7 38 52% 21214 131230 17306 25%
c f  8.84 89 92 15 24 578 2 80697 16964 2.3 78 33 7 38 52% 21267 130797 17339 25%
c u  8.89 89 92 15 24 578 2 80697 16500 2.3 78 33 7 38 52% 21269 130797 17339 25%
c
c seconds   switched   rate         size/glue  tier1     binary           remaining
c        MB   reductions conflicts        size   tier2       irredundant
c         level   restarts     redundant     glue    trail           variables
c
c v  8.94 89 92 15 24 578 2 80697 16449 2.3 78 33 7 38 52% 21269 130797 17339 25%
c w  8.97 88 92 15 24 578 2 80697 16449 2.3 78 33 7 38 52% 21269 130797 17339 25%
c x  9.00 89 92 15 24 578 2 80697 16449 2.3 78 33 7 38 52% 21270 130706 17339 25%
c t  9.01 89 92 15 24 578 2 80697 16449 2.3 78 33 7 38 52% 21269 130706 17339 25%
c f  9.04 89 92 15 24 578 2 80697 16449 2.3 78 33 7 38 52% 21321 130328 17369 25%
c -  9.15 89 91 15 25 578 2 81642 13162 2.3 77 33 7 40 52% 21316 130328 17369 25%
c -  9.63 89 90 15 26 581 2 86643 12687 2.3 78 34 6 39 51% 21317 130328 17369 25%
c ]  9.96 89 86 16 26 582 2 90090 15851 2.2 77 35 6 39 51% 21317 130328 17369 25%
c {  9.96 89 119 16 26 582 4 90090 15851 2.6 47 18 4 21 48% 21317 130328 17369 25%
c - 10.08 89 119 16 27 594 4 91742 12992 2.6 48 18 4 21 47% 21317 130328 17369 25%
c s 10.38 89 120 16 27 627 4 96613 17708 2.6 47 18 4 21 48% 21321 130220 17369 25%
c e 10.47 89 120 16 27 627 4 96613 17708 2.6 47 18 4 21 48% 18279 138295 15762 22%
c s 10.50 89 120 16 27 627 4 96613 17708 2.6 47 18 4 21 48% 18294 136580 15762 22%
c e 10.56 89 120 16 27 627 4 96613 17708 2.6 47 18 4 21 48% 18170 136810 15727 22%
c ^ 10.56 89 120 16 27 627 4 96613 17708 2.6 47 18 4 21 48% 18170 136810 15727 22%
c - 10.59 89 120 16 28 632 4 96938 7221 2.6 47 18 4 21 48% 18171 136810 15727 22%
c - 10.89 89 120 16 29 676 4 102231 11007 2.6 47 18 4 20 48% 18173 136810 15727 22%
c u 11.14 90 120 16 29 701 4 105442 13321 2.6 47 18 4 20 49% 18175 136810 15727 22%
c v 11.19 90 120 16 29 701 4 105442 13002 2.6 47 18 4 20 49% 18175 136810 15727 22%
c w 11.21 90 120 16 29 701 4 105442 12994 2.6 47 18 4 20 49% 18175 136810 15727 22%
c
c seconds    switched   rate          size/glue  tier1     binary           remaining
c        MB    reductions conflicts         size   tier2       irredundant
c          level   restarts      redundant     glue    trail           variables
c
c x 11.24 90 120 16 29 701 4 105442 12987 2.6 47 18 4 20 49% 18183 136049 15727 22%
c t 11.25 90 120 16 29 701 4 105442 12987 2.6 47 18 4 20 49% 18177 136049 15725 22%
c f 11.29 90 120 16 29 701 4 105442 12987 2.6 47 18 4 20 49% 18209 135492 15750 22%
c u 11.33 90 120 16 29 701 4 105442 12411 2.6 47 18 4 20 49% 18215 135479 15750 22%
c v 11.38 90 120 16 29 701 4 105442 12337 2.6 47 18 4 20 49% 18215 135479 15750 22%
c w 11.39 90 120 16 29 701 4 105442 12330 2.6 47 18 4 20 49% 18215 135479 15750 22%
c x 11.43 90 120 16 29 701 4 105442 12330 2.6 47 18 4 20 49% 18215 134582 15750 22%
c t 11.43 90 120 16 29 701 4 105442 12330 2.6 47 18 4 20 49% 18213 134582 15750 22%
c f 11.47 90 120 16 29 701 4 105442 12330 2.6 47 18 4 20 49% 18230 134281 15769 22%
c - 11.59 90 119 16 30 713 4 107616 13225 2.6 47 18 4 20 48% 18224 134281 15769 22%
c } 11.65 90 120 17 30 723 4 108427 14016 2.6 47 18 4 20 49% 18225 134281 15769 22%
c [ 11.65 90 86 17 30 723 2 108427 14016 2.2 77 35 6 39 51% 18225 134281 15769 22%
c B 11.65 90 86 17 30 723 2 108427 14016 2.2 77 35 6 39 51% 18225 134281 15769 22%
c - 12.09 90 86 17 31 726 2 113098 14480 2.3 79 35 6 37 50% 18225 134281 15769 22%
c o 12.51 90 81 17 31 729 2 116634 17484 2.3 80 34 6 37 51% 18225 134281 15769 22%
c - 12.59 98 87 17 32 729 2 118665 14300 2.3 79 35 6 36 50% 18225 134281 15769 22%
c ] 12.75 98 92 18 32 730 2 121175 16724 2.2 80 36 6 36 50% 18225 134281 15769 22%
c { 12.75 98 120 18 32 730 4 121175 16724 2.6 47 18 4 20 49% 18225 134281 15769 22%
c - 12.95 98 114 18 33 731 4 124321 15214 2.7 48 18 4 20 49% 18226 134281 15769 22%
c - 13.41 98 105 18 34 736 4 130065 17165 2.9 50 18 4 19 50% 18226 134281 15769 22%
c
c seconds    switched   rate          size/glue  tier1     binary           remaining
c        MB    reductions conflicts         size   tier2       irredundant
c          level   restarts      redundant     glue    trail           variables
c
c i 13.44 98 104 18 34 738 4 130604 17675 2.9 50 17 4 19 50% 18229 134281 15762 22%
c u 13.60 99 101 18 34 739 3 133838 19577 2.9 50 17 4 19 49% 18266 134203 15762 22%
c v 13.65 100 101 18 34 739 3 133838 19080 2.9 50 17 4 19 49% 18266 134203 15762 22%
c w 13.68 100 101 18 34 739 3 133838 19079 2.9 50 17 4 19 49% 18266 134203 15762 22%
c x 13.72 100 101 18 34 739 3 133838 19079 2.9 50 17 4 19 49% 18267 133912 15762 22%
c t 13.73 100 101 18 34 739 3 133838 19079 2.9 50 17 4 19 49% 18257 133912 15762 22%
c f 13.77 100 101 18 34 739 3 133838 19079 2.9 50 17 4 19 49% 18273 133654 15780 23%
c u 13.82 100 101 18 34 739 3 133838 18305 2.9 50 17 4 19 49% 18276 133654 15780 23%
c v 13.88 109 101 18 34 739 3 133838 18257 2.9 50 17 4 19 49% 18276 133654 15780 23%
c w 13.91 109 101 18 34 739 3 133838 18257 2.9 50 17 4 19 49% 18276 133654 15780 23%
c x 13.94 111 101 18 34 739 3 133838 18257 2.9 50 17 4 19 49% 18278 133621 15780 23%
c t 14.23 111 101 18 34 739 3 133838 18257 2.9 50 17 4 19 49% 18277 133621 15780 23%
c f 14.27 111 101 18 34 739 3 133838 18257 2.9 50 17 4 19 49% 18292 133424 15796 23%
c i 14.28 111 101 18 34 739 3 133839 18257 2.9 50 17 4 19 49% 18292 133424 15795 23%
c i 14.29 111 101 18 34 739 3 134152 18536 2.9 50 17 4 19 49% 18295 133424 15790 23%
c - 14.34 111 100 18 35 740 3 135895 16959 3.0 50 17 4 18 48% 18276 133424 15790 23%
c i 14.34 111 100 18 35 740 3 135927 16966 3.0 50 17 4 18 48% 18292 133424 15789 23%
c - 14.78 111 93 18 36 748 3 141811 18289 3.1 52 17 4 18 49% 18279 133421 15789 23%
c } 14.89 111 92 19 36 752 3 143520 19971 3.1 52 17 4 18 49% 18282 133421 15789 23%
c [ 14.89 111 92 19 36 752 2 143520 19971 2.2 80 36 6 36 50% 18282 133421 15789 23%
c
c seconds    switched   rate          size/glue  tier1     binary           remaining
c         MB   reductions conflicts         size   tier2       irredundant
c          level   restarts      redundant     glue    trail           variables
c
c W 14.91 113 92 19 36 752 2 143520 19971 2.2 80 36 6 36 50% 18282 133359 15789 23%
c - 15.36 113 90 19 37 755 2 147813 18341 2.2 80 37 6 39 50% 18282 133359 15789 23%
c - 16.01 114 87 19 38 758 2 153896 16561 2.2 83 38 5 39 50% 18282 133359 15789 23%
c ] 16.29 114 87 20 38 759 2 156717 19261 2.2 84 38 5 39 50% 18282 133359 15789 23%
c { 16.29 114 92 20 38 759 3 156717 19261 3.1 52 17 4 18 49% 18282 133359 15789 23%
c s 16.47 114 93 20 38 784 3 159042 21517 3.1 52 17 4 18 49% 18288 133125 15789 23%
c e 16.57 114 93 20 38 784 3 159042 21517 3.1 52 17 4 18 49% 15198 144522 14369 20%
c 2 16.57 114 93 20 38 784 3 159042 21517 3.1 52 17 4 18 49% 15196 144522 14369 20%
c s 16.60 114 93 20 38 784 3 159042 21517 3.1 52 17 4 18 49% 15229 140903 14369 20%
c e 16.67 114 93 20 38 784 3 159042 21517 3.1 52 17 4 18 49% 14997 141463 14312 20%
c ^ 16.67 114 93 20 38 784 3 159042 21517 3.1 52 17 4 18 49% 14997 141463 14312 20%
c i 16.67 114 93 20 38 784 3 159105 7624 3.1 52 17 4 18 49% 15006 141463 14311 20%
c - 16.71 114 94 20 39 791 3 160060 6853 3.1 52 17 4 18 48% 14998 141458 14311 20%
c u 17.12 114 96 20 39 857 3 165978 11248 3.0 52 17 4 18 48% 15022 141441 14311 20%
c v 17.21 123 96 20 39 857 3 165978 10835 3.0 52 17 4 18 48% 15022 141441 14311 20%
c w 17.25 123 96 20 39 857 3 165978 10834 3.0 52 17 4 18 48% 15022 141441 14311 20%
c t 17.25 123 96 20 39 857 3 165978 10834 3.0 52 17 4 18 48% 15011 141441 14311 20%
c f 17.29 123 96 20 39 857 3 165978 10834 3.0 52 17 4 18 48% 15027 140813 14325 20%
c u 17.35 123 96 20 39 857 3 165978 10492 3.0 52 17 4 18 48% 15030 140813 14325 20%
c v 17.41 123 96 20 39 857 3 165978 10291 3.0 52 17 4 18 48% 15030 140813 14325 20%
c
c seconds    switched   rate          size/glue  tier1     binary           remaining
c         MB   reductions conflicts         size   tier2       irredundant
c          level   restarts      redundant     glue    trail           variables
c
c w 17.44 123 96 20 39 857 3 165978 10290 3.0 52 17 4 18 48% 15030 140813 14325 20%
c x 17.48 123 96 20 39 857 3 165978 10288 3.0 52 17 4 18 48% 15074 139805 14324 20%
c t 17.49 123 96 20 39 857 3 165978 10288 3.0 52 17 4 18 48% 15070 139797 14323 20%
c f 17.53 123 96 20 39 857 3 165978 10288 3.0 52 17 4 18 48% 15083 139508 14332 20%
c i 17.53 123 96 20 39 857 3 165978 10288 3.0 52 17 4 18 48% 15083 139508 14332 20%
c - 17.54 123 96 20 40 857 3 166304 9627 3.0 51 17 4 18 48% 15073 139508 14332 20%
c o 17.55 123 96 20 40 858 3 166953 10218 3.0 51 17 4 18 48% 15073 139508 14332 20%
c - 17.79 123 99 20 41 908 3 172629 14364 3.0 50 17 4 18 47% 15090 139507 14332 20%
c i 17.88 123 101 20 41 933 3 174512 16168 2.9 49 17 4 18 47% 15092 139507 14331 20%
c - 18.17 123 103 20 42 985 3 179034 17087 2.9 49 17 4 18 47% 15091 139507 14331 20%
c } 18.45 131 105 21 42 1017 3 183456 21377 2.9 50 17 4 18 47% 15093 139507 14331 20%
c [ 18.45 131 87 21 42 1017 2 183456 21377 2.2 84 38 5 39 50% 15093 139507 14331 20%
c O 18.45 131 87 21 42 1017 2 183456 21377 2.2 84 38 5 39 50% 15093 139507 14331 20%
c - 18.66 131 85 21 43 1018 1 185515 18802 2.2 84 38 5 38 50% 15093 139507 14331 20%
c - 19.33 132 83 21 44 1023 1 192074 18503 2.3 86 38 5 37 50% 15094 139506 14331 20%
c ] 19.92 132 82 22 44 1026 1 198099 24207 2.3 86 38 5 37 49% 15095 139506 14331 20%
c { 19.92 132 105 22 44 1026 3 198099 24207 2.9 50 17 4 18 47% 15095 139506 14331 20%
c - 19.96 132 105 22 45 1030 3 198709 17267 2.9 50 17 4 18 47% 15095 139506 14331 20%
c i 20.03 132 105 22 45 1035 3 200225 18676 2.9 50 17 4 18 47% 15106 139505 14328 20%
c i 20.07 132 105 22 45 1036 3 200853 19272 2.9 49 17 4 18 47% 15110 139503 14327 20%
c
c seconds     switched    rate          size/glue  tier1     binary           remaining
c         MB    reductions  conflicts         size   tier2       irredundant
c           level    restarts      redundant     glue    trail           variables
c
c b 20.15 119 104 22 45 1037 3 201985 20325 2.9 49 17 4 18 47% 15122 139427 14324 20%
c u 20.21 120 104 22 45 1037 3 201985 19352 2.9 49 17 4 18 47% 15122 139427 14324 20%
c v 20.27 120 104 22 45 1037 3 201985 18844 2.9 49 17 4 18 47% 15125 139427 14324 20%
c w 20.30 122 104 22 45 1037 3 201985 18844 2.9 49 17 4 18 47% 15125 139427 14324 20%
c x 20.34 122 104 22 45 1037 3 201985 18843 2.9 49 17 4 18 47% 15125 139356 14324 20%
c t 20.35 122 104 22 45 1037 3 201985 18843 2.9 49 17 4 18 47% 15109 139356 14324 20%
c f 20.40 122 104 22 45 1037 3 201985 18843 2.9 49 17 4 18 47% 15118 139044 14332 20%
c u 20.46 122 104 22 45 1037 3 201985 18237 2.9 49 17 4 18 47% 15119 139044 14332 20%
c v 20.52 123 104 22 45 1037 3 201985 18020 2.9 49 17 4 18 47% 15119 139044 14332 20%
c w 20.55 124 104 22 45 1037 3 201985 18013 2.9 49 17 4 18 47% 15119 139044 14332 20%
c x 20.59 124 104 22 45 1037 3 201985 18013 2.9 49 17 4 18 47% 15119 138950 14332 20%
c t 20.60 124 104 22 45 1037 3 201985 18013 2.9 49 17 4 18 47% 15118 138950 14332 20%
c f 20.65 124 104 22 45 1037 3 201985 18013 2.9 49 17 4 18 47% 15126 138764 14338 20%
c i 20.71 124 104 22 45 1039 3 203886 19768 2.9 49 17 4 18 47% 15132 138763 14337 20%
c i 20.71 124 104 22 45 1039 3 203887 19768 2.9 49 17 4 18 47% 15132 138763 14336 20%
c - 20.78 124 104 22 46 1042 3 205417 17139 2.9 48 17 4 18 47% 15107 138763 14336 20%
c i 20.79 124 104 22 46 1042 3 205911 17588 2.9 48 17 4 18 47% 15113 138762 14335 20%
c i 20.79 124 104 22 46 1042 3 205913 17588 2.9 48 17 4 18 47% 15114 138762 14332 20%
c i 20.83 124 104 22 46 1043 3 206566 18215 2.9 48 17 4 18 47% 15115 138762 14331 20%
c i 20.83 124 104 22 46 1043 3 206572 18218 2.9 48 17 4 18 47% 15116 138761 14330 20%
c
c seconds     switched    rate          size/glue  tier1     binary           remaining
c         MB    reductions  conflicts         size   tier2       irredundant
c           level    restarts      redundant     glue    trail           variables
c
c i 20.86 124 103 22 46 1046 3 207128 18715 2.9 48 16 4 18 47% 15131 138760 14324 20%
c i 20.92 124 103 22 46 1049 3 209307 20750 2.9 47 16 4 18 46% 15134 138760 14322 20%
c i 20.96 124 102 22 46 1051 3 210398 21771 2.9 47 16 4 18 46% 15139 138759 14319 20%
c i 21.02 124 102 22 46 1055 3 211745 23028 2.9 47 16 4 18 46% 15143 138759 14317 20%
c - 21.05 124 102 22 47 1055 3 212204 20137 2.9 47 16 4 18 46% 15071 138759 14317 20%
c i 21.20 124 100 22 47 1057 3 216998 24587 3.0 48 16 4 18 46% 15075 138759 14316 20%
c i 21.25 124 99 22 47 1060 3 218624 25911 3.0 47 16 4 18 45% 15084 138759 14315 20%
c i 21.25 124 99 22 47 1060 3 218636 25918 3.0 47 16 4 18 45% 15085 138759 14312 20%
c i 21.25 124 99 22 47 1060 3 218644 25918 3.0 47 16 4 18 45% 15089 138758 14309 20%
c - 21.27 124 99 22 48 1062 3 219062 21944 3.0 47 16 4 17 45% 15070 138758 14309 20%
c i 21.31 124 99 22 48 1064 3 219964 22793 3.0 47 16 4 17 45% 15076 138758 14308 20%
c i 21.31 124 99 22 48 1064 3 220031 22853 3.0 47 16 4 17 45% 15076 138758 14307 20%
c i 21.31 124 99 22 48 1064 3 220115 22927 3.0 47 16 4 17 45% 15079 138757 14305 20%
c i 21.46 124 99 22 48 1073 3 223248 25864 3.0 46 15 4 17 44% 15090 138756 14302 20%
c i 21.57 124 98 22 48 1079 3 225855 28306 3.0 46 15 4 17 45% 15094 138756 14300 20%
c i 21.57 124 98 22 48 1079 3 225856 28306 3.0 46 15 4 17 45% 15094 138756 14299 20%
c i 21.57 125 98 22 48 1079 3 225908 28345 3.0 46 15 4 17 45% 15098 138755 14296 20%
c - 21.58 125 98 22 49 1079 3 225990 23846 3.0 45 15 4 17 44% 15075 138755 14296 20%
c o 21.64 125 98 22 49 1082 3 227931 25648 3.0 45 15 4 17 45% 15076 138754 14296 20%
c } 21.72 125 97 23 49 1082 3 229618 27201 3.0 45 15 4 17 44% 15079 138754 14296 20%
c
c seconds    switched    rate          size/glue  tier1     binary           remaining
c         MB   reductions  conflicts         size   tier2       irredundant
c          level    restarts      redundant     glue    trail           variables
c
c [ 21.72 125 82 23 49 1082 1 229618 27201 2.3 86 38 5 37 49% 15079 138754 14296 20%
c B 21.72 125 82 23 49 1082 1 229618 27201 2.3 86 38 5 37 49% 15079 138754 14296 20%
c - 21.98 125 83 23 50 1084 1 232990 25177 2.3 87 38 5 37 49% 15080 138754 14296 20%
c - 22.68 125 84 23 51 1088 1 240064 24127 2.2 87 39 5 37 50% 15081 138754 14296 20%
c s 22.88 125 84 23 51 1088 1 241702 25613 2.2 87 40 5 37 50% 15083 137828 14296 20%
c e 23.08 130 84 23 51 1088 1 241702 25613 2.2 87 40 5 37 50% 10217 192099 9786 14%
c 2 23.08 130 84 23 51 1088 1 241702 25613 2.2 87 40 5 37 50% 10216 192099 9786 14%
c s 23.24 130 84 23 51 1088 1 241702 25613 2.2 87 40 5 37 50% 10229 189497 9786 14%
c e 23.30 130 84 23 51 1088 1 241702 25613 2.2 87 40 5 37 50% 10195 189708 9772 14%
c ! 23.30 130 84 23 51 1088 1 241702 25613 2.2 87 40 5 37 50% 10195 189708 9772 14%
c b 23.32 132 84 23 51 1088 1 241886 9074 2.2 87 40 5 37 50% 10236 189667 9771 14%
c u 23.37 132 84 23 51 1088 1 241886 8388 2.2 87 40 5 37 50% 10242 189667 9771 14%
c v 23.42 133 84 23 51 1088 1 241886 8040 2.2 87 40 5 37 50% 10242 189667 9771 14%
c w 23.44 133 84 23 51 1088 1 241886 8021 2.2 87 40 5 37 50% 10242 189667 9771 14%
c x 23.48 133 84 23 51 1088 1 241886 8020 2.2 87 40 5 37 50% 10245 189080 9771 14%
c t 23.49 133 84 23 51 1088 1 241886 8020 2.2 87 40 5 37 50% 10235 189080 9769 14%
c f 23.53 133 84 23 51 1088 1 241886 8020 2.2 87 40 5 37 50% 10250 188624 9777 14%
c u 23.59 133 84 23 51 1088 1 241886 7575 2.2 87 40 5 37 50% 10250 188617 9777 14%
c v 23.64 130 84 23 51 1088 1 241886 7229 2.2 87 40 5 37 50% 10250 188617 9777 14%
c w 23.66 130 84 23 51 1088 1 241886 7213 2.2 87 40 5 37 50% 10250 188617 9777 14%
c
c seconds    switched    rate         size/glue  tier1     binary          remaining
c         MB   reductions  conflicts        size   tier2       irredundant
c          level    restarts     redundant     glue    trail          variables
c
c x 23.70 130 84 23 51 1088 1 241886 7213 2.2 87 40 5 37 50% 10252 188043 9777 14%
c f 23.96 132 84 23 51 1088 1 241886 7213 2.2 87 40 5 37 50% 10267 187626 9786 14%
c ] 24.17 132 84 24 51 1091 1 244574 9603 2.2 86 40 5 37 50% 10267 187626 9786 14%
c { 24.17 132 97 24 51 1091 3 244574 9603 3.0 45 15 4 17 44% 10267 187626 9786 14%
c - 24.39 132 98 24 52 1130 3 247205 10265 2.9 45 15 4 17 44% 10255 187626 9786 14%
c - 24.92 133 100 24 53 1231 3 254416 15909 2.8 45 16 4 17 44% 10261 187626 9786 14%
c - 25.46 134 101 24 54 1339 3 261697 20044 2.8 45 16 4 17 44% 10266 187626 9786 14%
c - 25.98 134 102 24 55 1417 3 269047 22573 2.7 45 16 4 17 45% 10268 187626 9786 14%
c - 26.63 135 103 24 56 1517 3 276463 24572 2.7 45 17 4 17 45% 10272 187626 9786 14%
c } 26.99 135 104 25 56 1579 3 281253 29220 2.7 45 17 4 17 45% 10274 187624 9786 14%
c [ 26.99 135 84 25 56 1579 1 281253 29220 2.2 86 40 5 37 50% 10274 187624 9786 14%
c W 27.01 133 84 25 56 1579 1 281253 29220 2.2 86 40 5 37 50% 10274 187624 9786 14%
c - 27.28 134 82 25 57 1581 1 283947 25800 2.2 85 39 5 37 51% 10274 187624 9786 14%
c u 27.59 135 81 25 57 1582 1 286206 26652 2.2 84 39 5 37 51% 10278 187624 9786 14%
c v 27.68 136 81 25 57 1582 1 286206 26482 2.2 84 39 5 37 51% 10278 187624 9786 14%
c w 27.72 137 81 25 57 1582 1 286206 26288 2.2 84 39 5 37 51% 10278 187624 9786 14%
c x 27.78 137 81 25 57 1582 1 286206 26288 2.2 84 39 5 37 51% 10279 187087 9786 14%
c t 27.79 137 81 25 57 1582 1 286206 26288 2.2 84 39 5 37 51% 10273 187087 9786 14%
c f 27.85 137 81 25 57 1582 1 286206 26288 2.2 84 39 5 37 51% 10291 186600 9797 14%
c u 27.93 136 81 25 57 1582 1 286206 25045 2.2 84 39 5 37 51% 10294 186600 9797 14%
c
c seconds    switched    rate          size/glue  tier1     binary          remaining
c         MB   reductions  conflicts         size   tier2       irredundant
c          level    restarts      redundant     glue    trail          variables
c
c v 28.01 137 81 25 57 1582 1 286206 24755 2.2 84 39 5 37 51% 10294 186600 9797 14%
c w 28.05 138 81 25 57 1582 1 286206 24727 2.2 84 39 5 37 51% 10294 186600 9797 14%
c x 28.10 138 81 25 57 1582 1 286206 24727 2.2 84 39 5 37 51% 10297 186001 9797 14%
c t 28.11 138 81 25 57 1582 1 286206 24727 2.2 84 39 5 37 51% 10296 186001 9797 14%
c f 28.16 138 81 25 57 1582 1 286206 24727 2.2 84 39 5 37 51% 10302 185787 9802 14%
c - 28.79 136 78 25 58 1585 1 291496 22139 2.1 83 39 5 37 51% 10302 185787 9802 14%
c - 29.56 137 75 25 59 1590 1 299111 20875 2.1 81 38 5 36 52% 10302 185787 9802 14%
c - 30.43 118 73 25 60 1593 1 306792 20465 2.1 78 38 5 36 52% 10302 185787 9802 14%
c ] 30.49 118 72 26 60 1593 1 307411 20989 2.1 78 38 5 36 52% 10302 185787 9802 14%
c { 30.49 118 104 26 60 1593 3 307411 20989 2.7 45 17 4 17 45% 10302 185787 9802 14%
c o 30.51 118 104 26 60 1596 3 307568 21128 2.7 45 17 4 17 45% 10302 185787 9802 14%
c - 30.95 119 105 26 61 1667 3 314540 23083 2.6 45 17 4 18 45% 10303 185787 9802 14%
c - 31.47 120 105 26 62 1753 3 322350 26016 2.6 45 17 4 17 45% 10307 185787 9802 14%
c - 32.06 122 106 26 63 1851 4 330224 27410 2.5 45 18 4 18 45% 10309 185787 9802 14%
c u 32.40 123 106 26 63 1898 4 334590 29792 2.5 45 18 4 18 45% 10338 185787 9802 14%
c v 32.50 123 106 26 63 1898 4 334590 28992 2.5 45 18 4 18 45% 10336 185787 9802 14%
c w 32.55 124 106 26 63 1898 4 334590 28986 2.5 45 18 4 18 45% 10336 185787 9802 14%
c x 32.63 124 106 26 63 1898 4 334590 28986 2.5 45 18 4 18 45% 10338 185246 9802 14%
c t 32.64 124 106 26 63 1898 4 334590 28986 2.5 45 18 4 18 45% 10329 185246 9802 14%
c f 32.71 124 106 26 63 1898 4 334590 28986 2.5 45 18 4 18 45% 10343 184842 9812 14%
c
c seconds     switched    rate          size/glue  tier1     binary          remaining
c         MB    reductions  conflicts         size   tier2       irredundant
c           level    restarts      redundant     glue    trail          variables
c
c u 32.82 126 106 26 63 1898 4 334590 27885 2.5 45 18 4 18 45% 10350 184842 9812 14%
c v 32.92 127 106 26 63 1898 4 334590 27519 2.5 45 18 4 18 45% 10350 184842 9812 14%
c w 32.97 127 106 26 63 1898 4 334590 27473 2.5 45 18 4 18 45% 10350 184842 9812 14%
c x 33.04 127 106 26 63 1898 4 334590 27471 2.5 45 18 4 18 45% 10354 183832 9812 14%
c t 33.05 127 106 26 63 1898 4 334590 27471 2.5 45 18 4 18 45% 10352 183832 9812 14%
c f 33.12 127 106 26 63 1898 4 334590 27471 2.5 45 18 4 18 45% 10362 183667 9818 14%
c - 33.36 129 106 26 64 1936 4 338161 25382 2.5 45 18 4 18 45% 10363 183667 9818 14%
c - 33.86 130 107 26 65 2020 4 346165 27256 2.5 44 18 4 18 44% 10364 183667 9818 14%
c s 34.06 130 106 26 65 2028 4 347118 28182 2.5 45 18 4 18 45% 10364 182304 9818 14%
c e 34.12 130 106 26 65 2028 4 347118 28182 2.5 45 18 4 18 45% 10229 183230 9742 14%
c s 34.22 130 106 26 65 2028 4 347118 28182 2.5 45 18 4 18 45% 10234 182635 9742 14%
c e 34.26 130 106 26 65 2028 4 347118 28182 2.5 45 18 4 18 45% 10218 182742 9732 14%
c } 34.41 130 106 27 65 2060 4 349629 27733 2.5 44 18 4 18 45% 10218 182742 9732 14%
c [ 34.41 130 72 27 65 2060 1 349629 27733 2.1 78 38 5 36 52% 10218 182742 9732 14%
c I 34.41 130 72 27 65 2060 1 349629 27733 2.1 78 38 5 36 52% 10218 182742 9732 14%
c - 34.89 130 73 27 66 2063 1 354227 25371 2.1 79 38 5 36 52% 10218 182742 9732 14%
c - 35.84 130 71 27 67 2067 1 362352 23961 2.0 78 38 5 35 53% 10218 182742 9732 14%
c - 36.88 131 69 27 68 2073 1 370537 22103 2.0 77 38 5 35 53% 10218 182742 9732 14%
c ] 37.17 131 69 28 68 2073 1 373061 24391 2.0 77 38 5 35 54% 10218 182742 9732 14%
c { 37.17 131 106 28 68 2073 4 373061 24391 2.5 44 18 4 18 45% 10218 182742 9732 14%
c
c seconds     switched    rate          size/glue  tier1     binary          remaining
c         MB    reductions  conflicts         size   tier2       irredundant
c           level    restarts      redundant     glue    trail          variables
c
c - 37.61 133 107 28 69 2136 4 378783 24013 2.5 45 18 4 18 45% 10218 182742 9732 14%
c - 38.18 134 107 28 70 2224 4 387090 28073 2.5 45 18 4 17 46% 10223 182742 9732 14%
c u 38.28 134 107 28 70 2224 4 387116 26533 2.5 45 18 4 17 46% 10223 182742 9732 14%
c v 38.39 134 107 28 70 2224 4 387116 26181 2.5 45 18 4 17 46% 10223 182742 9732 14%
c w 38.44 134 107 28 70 2224 4 387116 26178 2.5 45 18 4 17 46% 10223 182742 9732 14%
c x 38.52 134 107 28 70 2224 4 387116 26173 2.5 45 18 4 17 46% 10226 180010 9732 14%
c t 38.53 134 107 28 70 2224 4 387116 26173 2.5 45 18 4 17 46% 10223 180010 9732 14%
c f 38.61 134 107 28 70 2224 4 387116 26173 2.5 45 18 4 17 46% 10225 179908 9734 14%
c u 38.71 134 107 28 70 2224 4 387116 24257 2.5 45 18 4 17 46% 10229 179908 9734 14%
c v 38.82 135 107 28 70 2224 4 387116 23800 2.5 45 18 4 17 46% 10230 179908 9734 14%
c w 38.87 136 107 28 70 2224 4 387116 23797 2.5 45 18 4 17 46% 10230 179908 9734 14%
c x 38.96 136 107 28 70 2224 4 387116 23790 2.5 45 18 4 17 46% 10232 177399 9734 14%
c t 38.96 136 107 28 70 2224 4 387116 23790 2.5 45 18 4 17 46% 10229 177399 9734 14%
c f 39.04 136 107 28 70 2224 4 387116 23790 2.5 45 18 4 17 46% 10242 177123 9742 14%
c o 39.08 134 108 28 70 2227 4 387710 24357 2.5 45 18 4 17 46% 10242 177123 9742 14%
c - 39.66 137 108 28 71 2304 4 395456 26053 2.5 45 18 4 17 46% 10247 177123 9742 14%
c - 40.29 137 110 28 72 2394 4 403882 28009 2.4 45 19 4 17 46% 10249 177123 9742 14%
c - 40.91 97 111 28 73 2493 4 412367 29529 2.4 46 19 4 17 46% 10250 177123 9742 14%
c - 41.43 97 111 28 74 2570 4 420912 30752 2.4 46 19 4 17 46% 10252 177123 9742 14%
c } 41.45 97 110 29 74 2570 4 421202 31018 2.4 46 19 4 17 46% 10252 177123 9742 14%
c
c seconds   switched    rate          size/glue  tier1     binary          remaining
c        MB   reductions  conflicts         size   tier2       irredundant
c         level    restarts      redundant     glue    trail          variables
c
c [ 41.45 97 69 29 74 2570 1 421202 31018 2.0 77 38 5 35 54% 10252 177123 9742 14%
c B 41.45 97 69 29 74 2570 1 421202 31018 2.0 77 38 5 35 54% 10252 177123 9742 14%
c - 42.14 98 72 29 75 2576 1 429516 29491 2.0 78 39 5 35 53% 10252 177123 9742 14%
c - 43.07 98 70 29 76 2580 1 438176 26255 2.0 78 39 5 34 53% 10252 177123 9742 14%
c u 43.71 100 69 29 76 2583 1 443767 29852 2.0 79 39 5 34 53% 10269 177123 9742 14%
c v 43.80 100 69 29 76 2583 1 443767 28800 2.0 79 39 5 34 53% 10270 177123 9742 14%
c w 43.86 103 69 29 76 2583 1 443767 28490 2.0 79 39 5 34 53% 10270 177123 9742 14%
c x 43.94 103 69 29 76 2583 1 443767 28481 2.0 79 39 5 34 53% 10275 174251 9742 14%
c = 44.54 104 69 29 76 2583 1 443767 28481 2.0 79 39 5 34 53% 10275 174245 9741 14%
c t 44.55 104 69 29 76 2583 1 443767 28481 2.0 79 39 5 34 53% 10262 174245 9741 14%
c f 44.63 104 69 29 76 2583 1 443767 28481 2.0 79 39 5 34 53% 10272 174008 9748 14%
c u 44.74 104 69 29 76 2583 1 443767 27618 2.0 79 39 5 34 53% 10274 174008 9748 14%
c v 44.84 105 69 29 76 2583 1 443767 26867 2.0 79 39 5 34 53% 10274 174008 9748 14%
c w 44.90 108 69 29 76 2583 1 443767 26859 2.0 79 39 5 34 53% 10274 174008 9748 14%
c x 44.98 108 69 29 76 2583 1 443767 26849 2.0 79 39 5 34 53% 10276 171582 9747 14%
c t 44.99 108 69 29 76 2583 1 443767 26849 2.0 79 39 5 34 53% 10274 171560 9747 14%
c b 44.99 108 69 29 76 2583 1 443767 26849 2.0 79 39 5 34 53% 10274 171560 9746 14%
c f 45.07 108 69 29 76 2583 1 443767 26849 2.0 79 39 5 34 53% 10287 171272 9755 14%
c i 45.07 114 69 29 76 2583 1 443767 26849 2.0 79 39 5 34 53% 10287 171272 9755 14%
c - 45.43 116 69 29 77 2584 1 446893 22089 2.0 78 39 5 34 53% 10275 171272 9755 14%
c
c seconds    switched    rate          size/glue  tier1     binary          remaining
c         MB   reductions  conflicts         size   tier2       irredundant
c          level    restarts      redundant     glue    trail          variables
c
c - 46.41 117 67 29 78 2586 1 455669 21848 2.0 77 39 5 34 52% 10275 171272 9755 14%
c ] 46.47 117 67 30 78 2587 1 456188 22227 2.0 77 39 5 34 52% 10275 171272 9755 14%
c { 46.47 117 110 30 78 2587 4 456188 22227 2.4 46 19 4 17 46% 10275 171272 9755 14%
c - 47.03 119 111 30 79 2671 4 464500 25797 2.4 46 19 4 17 47% 10279 171270 9755 14%
c - 47.63 120 112 30 80 2758 4 473392 29771 2.4 46 19 4 17 47% 10286 171270 9755 14%
c s 47.87 120 112 30 80 2782 4 475828 32119 2.4 46 19 4 17 47% 10295 170944 9755 14%
c e 47.94 120 112 30 80 2782 4 475828 32119 2.4 46 19 4 17 47% 10132 172306 9648 14%
c s 48.01 120 112 30 80 2782 4 475828 32119 2.4 46 19 4 17 47% 10133 171714 9648 14%
c e 48.04 120 112 30 80 2782 4 475828 32119 2.4 46 19 4 17 47% 10129 171758 9644 14%
c o 48.18 118 112 30 80 2805 4 477743 31359 2.4 46 19 4 17 47% 10130 171758 9644 14%
c - 48.51 119 113 30 81 2854 4 482336 29662 2.4 46 19 4 17 47% 10133 171758 9644 14%
c - 49.17 120 114 30 82 2942 4 491336 32029 2.4 47 19 4 17 47% 10136 171758 9644 14%
c - 49.75 120 114 30 83 3022 4 500391 34177 2.4 46 19 4 17 47% 10138 171758 9644 14%
c u 50.15 120 114 30 83 3056 4 504619 36987 2.4 47 19 4 17 47% 10144 171758 9644 14%
c v 50.27 121 114 30 83 3056 4 504619 36735 2.4 47 19 4 17 47% 10144 171758 9644 14%
c w 50.32 121 114 30 83 3056 4 504619 36731 2.4 47 19 4 17 47% 10144 171758 9644 14%
c x 50.41 121 114 30 83 3056 4 504619 36724 2.4 47 19 4 17 47% 10146 169671 9644 14%
c t 50.42 121 114 30 83 3056 4 504619 36724 2.4 47 19 4 17 47% 10139 169671 9644 14%
c f 50.50 121 114 30 83 3056 4 504619 36724 2.4 47 19 4 17 47% 10144 169569 9647 14%
c u 50.62 118 114 30 83 3056 4 504619 35490 2.4 47 19 4 17 47% 10146 169569 9647 14%
c
c seconds     switched    rate          size/glue  tier1     binary          remaining
c         MB    reductions  conflicts         size   tier2       irredundant
c           level    restarts      redundant     glue    trail          variables
c
c v 50.73 119 114 30 83 3056 4 504619 35142 2.4 47 19 4 17 47% 10147 169569 9647 14%
c w 50.78 120 114 30 83 3056 4 504619 35132 2.4 47 19 4 17 47% 10147 169569 9647 14%
c x 50.86 120 114 30 83 3056 4 504619 35126 2.4 47 19 4 17 47% 10148 167298 9647 14%
c f 50.95 99 114 30 83 3056 4 504619 35126 2.4 47 19 4 17 47% 10153 167184 9650 14%
c - 51.27 101 114 30 84 3093 4 509502 32971 2.4 47 19 4 17 47% 10156 167184 9650 14%
c } 51.30 101 114 31 84 3093 4 510623 34064 2.4 46 19 4 17 46% 10156 167184 9650 14%
c [ 51.30 101 67 31 84 3093 1 510623 34064 2.0 77 39 5 34 52% 10156 167184 9650 14%
c W 51.32 111 67 31 84 3093 1 510623 34064 2.0 77 39 5 34 52% 10156 167184 9650 14%
c - 52.10 112 65 31 85 3098 1 518667 33431 2.0 78 38 5 33 52% 10156 167184 9650 14%
c - 52.95 114 64 31 86 3103 1 527887 31257 2.1 79 38 5 33 51% 10156 167184 9650 14%
c - 53.86 115 62 31 87 3107 1 537160 29785 2.1 80 37 5 32 51% 10156 167184 9650 14%
c - 54.94 115 61 31 88 3110 1 546487 29761 2.2 81 37 5 32 50% 10156 167184 9650 14%
c ] 55.14 116 61 32 88 3111 1 548288 31274 2.2 81 37 5 32 50% 10156 167184 9650 14%
c { 55.14 116 114 32 88 3111 4 548288 31274 2.4 46 19 4 17 46% 10156 167184 9650 14%
c - 55.63 119 114 32 89 3173 4 555867 32384 2.4 46 19 4 17 47% 10157 167184 9650 14%
c - 56.24 120 114 32 90 3269 4 565301 35585 2.4 47 19 4 17 47% 10158 167184 9650 14%
c u 56.67 120 114 32 90 3314 4 569738 38244 2.4 47 19 4 17 47% 10170 167184 9650 14%
c v 56.79 121 114 32 90 3314 4 569738 37450 2.4 47 19 4 17 47% 10170 167184 9650 14%
c w 56.86 121 114 32 90 3314 4 569738 37443 2.4 47 19 4 17 47% 10170 167184 9650 14%
c x 56.95 120 114 32 90 3314 4 569738 37433 2.4 47 19 4 17 47% 10172 165055 9650 14%
c
c seconds     switched    rate          size/glue  tier1     binary          remaining
c         MB    reductions  conflicts         size   tier2       irredundant
c           level    restarts      redundant     glue    trail          variables
c
c t 56.96 120 114 32 90 3314 4 569738 37433 2.4 47 19 4 17 47% 10165 165055 9650 14%
c f 57.06 120 114 32 90 3314 4 569738 37433 2.4 47 19 4 17 47% 10173 164880 9655 14%
c u 57.19 122 114 32 90 3314 4 569738 35832 2.4 47 19 4 17 47% 10213 164880 9654 14%
c v 57.32 123 114 32 90 3314 4 569738 35484 2.4 47 19 4 17 47% 10213 164880 9654 14%
c w 57.38 124 114 32 90 3314 4 569738 35483 2.4 47 19 4 17 47% 10213 164880 9654 14%
c x 57.48 124 114 32 90 3314 4 569738 35470 2.4 47 19 4 17 47% 10214 162548 9653 14%
c t 57.49 124 114 32 90 3314 4 569738 35470 2.4 47 19 4 17 47% 10199 162533 9653 14%
c b 57.49 124 114 32 90 3314 4 569738 35470 2.4 47 19 4 17 47% 10199 162533 9652 14%
c f 57.58 124 114 32 90 3314 4 569738 35470 2.4 47 19 4 17 47% 10207 162297 9659 14%
c i 57.59 124 114 32 90 3314 4 569738 35470 2.4 47 19 4 17 47% 10207 162297 9659 14%
c - 57.95 123 114 32 91 3359 4 574787 33694 2.4 47 19 4 17 47% 10196 162297 9659 14%
c o 58.20 123 114 32 91 3396 4 577976 36822 2.4 47 19 4 17 47% 10200 162296 9659 14%
c - 58.52 124 114 32 92 3434 4 584327 35948 2.4 46 19 4 17 47% 10200 162296 9659 14%
c - 59.20 124 113 32 93 3516 4 593919 37600 2.4 47 19 4 17 47% 10201 162296 9659 14%
c - 59.94 124 113 32 94 3604 4 603563 37082 2.5 48 19 3 17 48% 10203 162296 9659 14%
c } 60.29 126 113 33 94 3636 3 609392 42719 2.5 48 19 3 17 48% 10205 162296 9659 14%
c [ 60.29 126 61 33 94 3636 1 609392 42719 2.2 81 37 5 32 50% 10205 162296 9659 14%
c O 60.29 126 61 33 94 3636 1 609392 42719 2.2 81 37 5 32 50% 10205 162296 9659 14%
c - 60.70 126 60 33 95 3638 1 613258 36684 2.2 81 37 5 31 50% 10205 162296 9659 14%
c - 61.81 107 58 33 96 3644 1 623004 32964 2.2 81 36 5 31 50% 10205 162296 9659 14%
c
c seconds    switched    rate          size/glue  tier1     binary          remaining
c         MB   reductions  conflicts         size   tier2       irredundant
c          level    restarts      redundant     glue    trail          variables
c
c s 62.45 107 57 33 96 3648 1 629068 38104 2.3 81 36 5 31 49% 10209 161993 9659 14%
c e 62.52 107 57 33 96 3648 1 629068 38104 2.3 81 36 5 31 49% 10066 163143 9564 14%
c 2 62.52 107 57 33 96 3648 1 629068 38104 2.3 81 36 5 31 49% 10065 163143 9564 14%
c s 62.57 107 57 33 96 3648 1 629068 38104 2.3 81 36 5 31 49% 10070 162612 9564 14%
c e 62.60 107 57 33 96 3648 1 629068 38104 2.3 81 36 5 31 49% 10065 162656 9559 14%
c - 63.00 108 57 33 97 3649 1 632801 28090 2.3 81 36 5 31 49% 10065 162656 9559 14%
c u 63.69 109 59 33 97 3650 1 639160 32269 2.2 82 37 5 31 49% 10068 162656 9559 14%
c v 63.82 109 59 33 97 3650 1 639160 31513 2.2 82 37 5 31 49% 10068 162656 9559 14%
c w 63.90 114 59 33 97 3650 1 639160 31405 2.2 82 37 5 31 49% 10068 162656 9559 14%
c x 64.00 113 59 33 97 3650 1 639160 31389 2.2 82 37 5 31 49% 10070 160087 9559 14%
c t 64.01 113 59 33 97 3650 1 639160 31389 2.2 82 37 5 31 49% 10063 160087 9559 14%
c f 64.10 113 59 33 97 3650 1 639160 31389 2.2 82 37 5 31 49% 10069 159980 9563 14%
c u 64.22 114 59 33 97 3650 1 639160 30466 2.2 82 37 5 31 49% 10074 159980 9563 14%
c v 64.34 114 59 33 97 3650 1 639160 29439 2.2 82 37 5 31 49% 10074 159980 9563 14%
c w 64.41 117 59 33 97 3650 1 639160 29417 2.2 82 37 5 31 49% 10074 159980 9563 14%
c x 64.51 117 59 33 97 3650 1 639160 29398 2.2 82 37 5 31 49% 10079 157446 9562 14%
c t 64.52 117 59 33 97 3650 1 639160 29398 2.2 82 37 5 31 49% 10080 157440 9562 14%
c f 64.61 117 59 33 97 3650 1 639160 29398 2.2 82 37 5 31 49% 10086 157335 9566 14%
c i 64.62 117 59 33 97 3650 1 639160 29398 2.2 82 37 5 31 49% 10086 157335 9566 14%
c - 65.03 117 59 33 98 3651 1 642652 24162 2.2 82 37 5 31 49% 10081 157335 9566 14%
c
c seconds    switched    rate          size/glue  tier1     binary          remaining
c         MB   reductions  conflicts         size   tier2       irredundant
c          level    restarts      redundant     glue    trail          variables
c
c ] 65.67 117 60 34 98 3655 1 647684 28737 2.2 82 37 5 31 49% 10081 157335 9566 14%
c { 65.67 117 113 34 98 3655 3 647684 28737 2.5 48 19 3 17 48% 10081 157335 9566 14%
c - 65.97 117 109 34 99 3657 3 652551 26074 2.6 48 19 3 17 48% 10081 157335 9566 14%
c - 66.47 117 101 34 100 3657 3 662500 33068 2.7 49 18 4 17 48% 10081 157335 9566 14%
c i 66.69 118 99 34 100 3658 3 665967 36518 2.7 50 18 4 17 48% 10081 157335 9565 14%
c - 67.00 119 95 34 101 3660 3 672500 37888 2.8 50 18 4 17 47% 10078 157335 9565 14%
c - 67.46 120 89 34 102 3667 3 682550 39917 2.8 49 17 4 16 46% 10080 157335 9565 14%
c - 68.16 122 83 34 103 3670 3 692650 41258 3.0 52 17 4 17 47% 10080 157335 9565 14%
c o 68.18 122 83 34 103 3671 3 692915 41522 3.0 52 17 4 17 47% 10080 157335 9565 14%
c - 68.75 124 78 34 104 3678 3 702798 42277 3.2 53 17 4 16 47% 10082 157335 9565 14%
c u 69.54 128 73 34 104 3692 2 712920 50964 3.3 54 17 4 16 47% 10100 157318 9565 14%
c v 69.68 130 73 34 104 3692 2 712920 50943 3.3 54 17 4 16 47% 10100 157318 9565 14%
c w 69.76 132 73 34 104 3692 2 712920 50942 3.3 54 17 4 16 47% 10100 157318 9565 14%
c x 69.85 132 73 34 104 3692 2 712920 50925 3.3 54 17 4 16 47% 10102 155818 9565 14%
c t 70.50 132 73 34 104 3692 2 712920 50925 3.3 54 17 4 16 47% 10099 155818 9565 14%
c f 70.58 132 73 34 104 3692 2 712920 50925 3.3 54 17 4 16 47% 10104 155716 9569 14%
c u 70.69 131 73 34 104 3692 2 712920 49786 3.3 54 17 4 16 47% 10125 155716 9566 14%
c v 70.81 134 73 34 104 3692 2 712920 49692 3.3 54 17 4 16 47% 10125 155716 9566 14%
c w 70.88 135 73 34 104 3692 2 712920 49690 3.3 54 17 4 16 47% 10125 155716 9566 14%
c x 70.96 135 73 34 104 3692 2 712920 49668 3.3 54 17 4 16 47% 10134 154097 9566 14%
c
c seconds    switched     rate          size/glue  tier1     binary          remaining
c         MB   reductions   conflicts         size   tier2       irredundant
c          level     restarts      redundant     glue    trail          variables
c
c t 70.97 135 73 34 104 3692 2 712920 49666 3.3 54 17 4 16 47% 10130 154097 9566 14%
c f 71.06 135 73 34 104 3692 2 712920 49666 3.3 54 17 4 16 47% 10132 154041 9568 14%
c i 71.06 135 73 34 104 3692 2 712920 49666 3.3 54 17 4 16 47% 10132 154041 9568 14%
c - 71.08 133 73 34 105 3692 2 712997 38526 3.3 54 17 3 16 47% 10128 154041 9568 14%
c } 71.28 135 72 35 105 3693 2 715830 41331 3.3 55 16 3 16 48% 10130 154041 9568 14%
c [ 71.28 135 60 35 105 3693 1 715830 41331 2.2 82 37 5 31 49% 10130 154041 9568 14%
c B 71.28 135 60 35 105 3693 1 715830 41331 2.2 82 37 5 31 49% 10130 154041 9568 14%
c - 71.99 112 59 35 106 3698 1 723244 35250 2.2 82 37 5 30 49% 10130 154041 9568 14%
c - 73.14 113 58 35 107 3704 1 733539 29575 2.2 82 37 5 30 49% 10130 154041 9568 14%
c - 74.22 113 58 35 108 3707 1 743883 25950 2.2 83 37 4 30 48% 10130 154041 9568 14%
c ] 75.13 114 58 36 108 3710 1 752665 33878 2.2 84 37 4 30 48% 10130 154041 9568 14%
c { 75.13 114 72 36 108 3710 2 752665 33878 3.3 55 16 3 16 48% 10130 154041 9568 14%
c - 75.25 115 73 36 109 3727 2 754275 25431 3.3 55 17 3 16 48% 10132 154041 9568 14%
c - 75.94 118 78 36 110 3850 3 764717 30597 3.2 54 17 3 16 48% 10138 154041 9568 14%
c - 76.67 120 82 36 111 3995 3 775206 34590 3.1 53 17 3 16 47% 10145 154041 9568 14%
c - 77.60 121 86 36 112 4155 3 785742 36196 3.0 53 18 3 16 48% 10150 154041 9568 14%
c u 78.15 124 88 36 112 4223 3 791093 39473 2.9 53 18 3 16 48% 10156 154041 9568 14%
c v 78.31 124 88 36 112 4223 3 791093 38912 2.9 53 18 3 16 48% 10156 154041 9568 14%
c w 78.39 125 88 36 112 4223 3 791093 38908 2.9 53 18 3 16 48% 10156 154041 9568 14%
c x 78.50 125 88 36 112 4223 3 791093 38880 2.9 53 18 3 16 48% 10179 150781 9568 14%
c
c seconds    switched     rate          size/glue  tier1     binary          remaining
c         MB   reductions   conflicts         size   tier2       irredundant
c          level     restarts      redundant     glue    trail          variables
c
c t 78.51 125 88 36 112 4223 3 791093 38880 2.9 53 18 3 16 48% 10160 150781 9567 14%
c f 78.63 125 88 36 112 4223 3 791093 38880 2.9 53 18 3 16 48% 10161 150693 9571 14%
c u 78.77 125 88 36 112 4223 3 791093 37984 2.9 53 18 3 16 48% 10166 150691 9571 14%
c v 78.93 126 88 36 112 4223 3 791093 37205 2.9 53 18 3 16 48% 10166 150691 9571 14%
c w 79.00 126 88 36 112 4223 3 791093 37198 2.9 53 18 3 16 48% 10166 150691 9571 14%
c x 79.11 127 88 36 112 4223 3 791093 37155 2.9 53 18 3 16 48% 10180 147799 9570 14%
c t 79.12 127 88 36 112 4223 3 791093 37155 2.9 53 18 3 16 48% 10178 147795 9570 14%
c f 79.24 127 88 36 112 4223 3 791093 37155 2.9 53 18 3 16 48% 10185 147654 9575 14%
c i 79.24 132 88 36 112 4223 3 791093 37155 2.9 53 18 3 16 48% 10185 147654 9575 14%
c - 79.65 135 89 36 113 4290 3 796325 34007 2.9 53 18 3 16 48% 10176 147654 9575 14%
c - 80.44 135 92 36 114 4424 3 806955 36094 2.8 53 19 3 16 48% 10181 147654 9575 14%
c s 80.60 135 93 36 114 4440 3 808116 37227 2.8 53 19 3 16 48% 10190 147240 9575 14%
c e 80.67 135 93 36 114 4440 3 808116 37227 2.8 53 19 3 16 48% 9920 149864 9383 13%
c s 80.72 135 93 36 114 4440 3 808116 37227 2.8 53 19 3 16 48% 9922 148776 9383 13%
c e 80.76 135 93 36 114 4440 3 808116 37227 2.8 53 19 3 16 48% 9910 148847 9377 13%
c o 81.05 136 94 36 114 4479 3 812967 36815 2.8 53 19 3 16 48% 9911 148846 9377 13%
c - 81.40 137 95 36 115 4538 3 817632 33997 2.8 53 19 3 16 48% 9912 148846 9377 13%
c } 82.13 138 98 37 115 4651 3 828222 44351 2.8 53 19 3 16 48% 9913 148846 9377 13%
c [ 82.13 138 58 37 115 4651 1 828222 44351 2.2 84 37 4 30 48% 9913 148846 9377 13%
c W 82.15 115 58 37 115 4651 1 828222 44351 2.2 84 37 4 30 48% 9913 148846 9377 13%
c
c seconds    switched     rate          size/glue  tier1     binary         remaining
c         MB   reductions   conflicts         size   tier2      irredundant
c          level     restarts      redundant     glue    trail         variables
c
c - 82.17 116 58 37 116 4651 1 828355 36953 2.2 84 37 4 30 48% 9913 148846 9377 13%
c - 83.21 117 57 37 117 4657 1 839125 35378 2.2 83 37 4 30 48% 9913 148846 9377 13%
c - 84.34 118 58 37 118 4664 1 849941 30914 2.2 82 37 4 30 48% 9913 148846 9377 13%
c - 85.43 118 58 37 119 4665 1 860803 28789 2.2 83 38 4 30 48% 9913 148846 9377 13%
c - 86.54 118 59 37 120 4672 1 871711 27717 2.2 84 39 4 30 48% 9913 148846 9377 13%
c u 86.88 118 60 37 120 4673 1 873675 27621 2.1 84 39 4 30 47% 9916 148846 9377 13%
c v 87.01 118 60 37 120 4673 1 873675 24975 2.1 84 39 4 30 47% 9921 148846 9377 13%
c w 87.08 120 60 37 120 4673 1 873675 24784 2.1 84 39 4 30 47% 9921 148846 9377 13%
c x 87.19 120 60 37 120 4673 1 873675 24775 2.1 84 39 4 30 47% 9935 142902 9375 13%
c t 87.19 120 60 37 120 4673 1 873675 24775 2.1 84 39 4 30 47% 9924 142870 9375 13%
c f 87.31 120 60 37 120 4673 1 873675 24775 2.1 84 39 4 30 47% 9961 142175 9406 13%
c u 87.44 120 60 37 120 4673 1 873675 22825 2.1 84 39 4 30 47% 10042 142175 9404 13%
c v 87.52 120 60 37 120 4673 1 873675 21831 2.1 84 39 4 30 47% 10042 142175 9404 13%
c w 87.66 129 60 37 120 4673 1 873675 21716 2.1 84 39 4 30 47% 10042 142175 9404 13%
c x 87.75 129 60 37 120 4673 1 873675 21713 2.1 84 39 4 30 47% 10052 137530 9404 13%
c t 87.76 129 60 37 120 4673 1 873675 21709 2.1 84 39 4 30 47% 10032 137530 9404 13%
c f 87.87 129 60 37 120 4673 1 873675 21709 2.1 84 39 4 30 47% 10052 136843 9436 13%
c i 87.87 129 60 37 120 4673 1 873675 21709 2.1 84 39 4 30 47% 10052 136843 9436 13%
c ] 88.49 129 61 38 120 4678 1 880242 27623 2.1 84 40 4 30 47% 10052 136843 9436 13%
c { 88.49 129 98 38 120 4678 3 880242 27623 2.8 53 19 3 16 48% 10052 136843 9436 13%
c
c seconds    switched     rate          size/glue  tier1     binary          remaining
c         MB   reductions   conflicts         size   tier2       irredundant
c          level     restarts      redundant     glue    trail          variables
c
c - 88.61 129 98 38 121 4688 3 882666 22611 2.8 53 19 3 16 48% 10042 136843 9436 13%
c i 88.89 129 97 38 121 4694 3 890015 29416 2.8 52 19 3 16 48% 10053 136840 9435 13%
c i 88.91 129 97 38 121 4694 3 891288 30417 2.8 51 19 3 16 48% 10059 136839 9430 13%
c - 89.02 129 97 38 122 4699 3 893669 28648 2.7 51 18 3 16 48% 10045 136837 9430 13%
c i 89.03 130 97 38 122 4700 3 893864 28836 2.7 51 18 3 16 48% 10045 136837 9429 13%
c i 89.51 130 91 38 122 4700 3 904662 38474 2.7 48 18 3 16 45% 10047 136836 9428 13%
c - 89.51 130 91 38 123 4700 3 904718 33874 2.7 48 18 3 16 45% 10037 136836 9428 13%
c i 89.68 139 91 38 123 4709 3 909434 38172 2.7 47 17 3 16 44% 10044 136836 9427 13%
c i 89.72 139 90 38 123 4711 3 912281 40643 2.7 46 17 3 16 43% 10054 136836 9426 13%
c - 89.88 140 90 38 124 4712 3 915809 36756 2.7 45 17 3 16 43% 10045 136836 9426 13%
c i 90.01 140 90 38 124 4716 3 918578 39349 2.7 45 17 3 16 42% 10046 136835 9423 13%
c - 90.39 141 90 38 125 4727 3 926944 39049 2.7 44 16 3 16 42% 10052 136834 9423 13%
c i 90.50 141 89 38 125 4728 3 928870 40841 2.7 44 16 3 16 42% 10052 136834 9422 13%
c i 90.50 141 89 38 125 4728 3 928888 40856 2.7 44 16 3 16 42% 10052 136834 9421 13%
c i 90.59 142 88 38 125 4731 3 933796 45237 2.7 43 16 3 16 41% 10059 136833 9420 13%
c i 90.59 142 88 38 125 4731 3 933894 45308 2.7 43 16 3 16 41% 10064 136833 9417 13%
c i 90.73 142 88 38 125 4740 3 937095 48238 2.7 42 16 3 16 40% 10073 136833 9414 13%
c - 90.78 142 88 38 126 4742 3 938125 41059 2.7 42 16 3 16 41% 10036 136833 9414 13%
c i 90.89 151 89 38 126 4749 3 939961 42784 2.7 42 16 3 16 40% 10037 136833 9413 13%
c o 91.01 152 89 38 126 4754 3 943125 45691 2.7 42 15 3 16 41% 10039 136833 9413 13%
c
c seconds    switched     rate          size/glue  tier1     binary          remaining
c         MB   reductions   conflicts         size   tier2       irredundant
c          level     restarts      redundant     glue    trail          variables
c
c i 91.08 152 88 38 126 4755 3 945220 47615 2.7 41 15 3 16 40% 10048 136833 9410 13%
c i 91.08 152 88 38 126 4755 3 945221 47615 2.7 41 15 3 16 40% 10048 136833 9409 13%
c i 91.11 152 88 38 126 4756 3 946075 48404 2.7 41 15 3 16 40% 10053 136833 9408 13%
c i 91.19 153 88 38 126 4761 3 947942 50111 2.7 41 15 3 16 40% 10059 136833 9405 13%
c - 91.25 153 88 38 127 4761 3 949349 42596 2.7 41 15 3 16 40% 10030 136833 9405 13%
c i 91.25 153 88 38 127 4761 3 949558 42781 2.7 41 15 3 16 40% 10032 136833 9404 13%
c i 91.38 153 88 38 127 4774 3 953023 45929 2.7 40 15 3 16 40% 10036 136832 9403 13%
c i 91.39 153 88 38 127 4774 3 953029 45931 2.7 40 15 3 16 40% 10037 136831 9400 13%
c i 91.52 153 88 38 127 4787 3 956270 48912 2.7 40 15 3 16 40% 10046 136831 9398 13%
c i 91.53 153 88 38 127 4787 3 956400 48981 2.7 40 15 3 16 39% 10051 136830 9395 13%
c i 91.64 153 88 38 127 4794 3 959754 52118 2.7 39 15 3 16 39% 10055 136830 9394 13%
c - 91.69 153 88 38 128 4795 3 960618 43877 2.7 39 15 3 16 39% 10031 136829 9394 13%
c b 91.72 153 88 38 128 4795 3 960636 43895 2.7 39 15 3 16 39% 10097 136348 9393 13%
c u 91.81 162 88 38 128 4795 3 960636 42558 2.7 39 15 3 16 39% 10103 136348 9393 13%
c v 91.90 163 88 38 128 4795 3 960636 42295 2.7 39 15 3 16 39% 10104 136348 9393 13%
c w 91.94 163 88 38 128 4795 3 960636 42268 2.7 39 15 3 16 39% 10104 136348 9393 13%
c x 92.01 163 88 38 128 4795 3 960636 42259 2.7 39 15 3 16 39% 10113 134796 9392 13%
c t 92.02 163 88 38 128 4795 3 960636 42175 2.7 39 15 3 16 39% 10096 134788 9392 13%
c f 92.10 163 88 38 128 4795 3 960636 42175 2.7 39 15 3 16 39% 10101 134678 9396 13%
c u 92.19 135 88 38 128 4795 3 960636 40781 2.7 39 15 3 16 39% 10105 134678 9396 13%
c
c seconds    switched     rate          size/glue  tier1     binary          remaining
c         MB   reductions   conflicts         size   tier2       irredundant
c          level     restarts      redundant     glue    trail          variables
c
c v 92.29 135 88 38 128 4795 3 960636 40519 2.7 39 15 3 16 39% 10106 134678 9396 13%
c w 92.33 135 88 38 128 4795 3 960636 40494 2.7 39 15 3 16 39% 10106 134678 9396 13%
c x 92.40 135 88 38 128 4795 3 960636 40492 2.7 39 15 3 16 39% 10116 133440 9396 13%
c t 92.41 135 88 38 128 4795 3 960636 40492 2.7 39 15 3 16 39% 10115 133440 9395 13%
c i 92.49 135 88 38 128 4795 3 960636 40492 2.7 39 15 3 16 39% 10115 133440 9395 13%
c } 92.62 135 88 39 128 4800 3 963575 43305 2.7 39 15 3 16 39% 10116 133440 9395 13%
c [ 92.62 135 61 39 128 4800 1 963575 43305 2.1 84 40 4 30 47% 10116 133440 9395 13%
c I 92.62 135 61 39 128 4800 1 963575 43305 2.1 84 40 4 30 47% 10116 133440 9395 13%
c - 93.45 136 64 39 129 4806 1 971931 39172 2.1 84 41 4 30 48% 10099 133440 9395 13%
c - 94.52 136 65 39 130 4812 1 983289 35781 2.1 84 41 4 30 48% 10099 133440 9395 13%
c - 95.47 136 64 39 131 4814 1 994693 34200 2.1 85 40 4 30 48% 10099 133440 9395 13%
c ] 96.27 145 62 40 131 4820 1 1003522 42221 2.1 85 39 4 30 49% 10099 133440 9395 13%
c { 96.27 145 88 40 131 4820 3 1003522 42221 2.7 39 15 3 16 39% 10099 133440 9395 13%
c - 96.45 147 89 40 132 4860 3 1006140 36215 2.7 39 15 3 16 40% 10100 133440 9395 13%
c s 96.99 157 90 40 132 4957 3 1013999 43744 2.6 40 15 3 16 40% 10108 133091 9395 13%
c e 97.03 157 90 40 132 4957 3 1013999 43744 2.6 40 15 3 16 40% 9869 134331 9287 13%
c s 97.05 157 90 40 132 4957 3 1013999 43744 2.6 40 15 3 16 40% 9873 133777 9287 13%
c e 97.08 157 90 40 132 4957 3 1013999 43744 2.6 40 15 3 16 40% 9866 133844 9282 13%
c - 97.38 167 91 40 133 5021 3 1017630 38815 2.6 41 16 3 16 40% 9868 133844 9282 13%
c - 98.38 168 93 40 134 5195 3 1029162 41440 2.6 43 17 3 16 42% 9871 133844 9282 13%
c
c seconds    switched     rate           size/glue  tier1     binary         remaining
c         MB   reductions    conflicts         size   tier2      irredundant
c          level     restarts       redundant     glue    trail         variables
c
c - 99.34 179 94 40 135 5354 3 1040737 43785 2.6 45 17 3 16 43% 9874 133844 9282 13%
c u 100.59 180 95 40 135 5519 3 1052142 52478 2.5 47 18 3 16 44% 9901 133843 9281 13%
c v 100.77 190 95 40 135 5519 3 1052142 51762 2.5 47 18 3 16 44% 9904 133843 9281 13%
c w 100.88 193 95 40 135 5519 3 1052142 51759 2.5 47 18 3 16 44% 9904 133843 9281 13%
c x 101.00 201 95 40 135 5519 3 1052142 51746 2.5 47 18 3 16 44% 9992 132655 9281 13%
c t 101.01 201 95 40 135 5519 3 1052142 51736 2.5 47 18 3 16 44% 9969 132655 9281 13%
c f 101.15 201 95 40 135 5519 3 1052142 51736 2.5 47 18 3 16 44% 9992 132337 9296 13%
c u 101.30 202 95 40 135 5519 3 1052142 49600 2.5 47 18 3 16 44% 10053 132337 9296 13%
c v 101.47 204 95 40 135 5519 3 1052142 48877 2.5 47 18 3 16 44% 10052 132337 9296 13%
c w 101.57 205 95 40 135 5519 3 1052142 48867 2.5 47 18 3 16 44% 10052 132337 9296 13%
c x 101.70 213 95 40 135 5519 3 1052142 48851 2.5 47 18 3 16 44% 10057 132134 9296 13%
c = 102.73 184 95 40 135 5519 3 1052142 48851 2.5 47 18 3 16 44% 10057 132104 9295 13%
c t 102.74 184 95 40 135 5519 3 1052142 48851 2.5 47 18 3 16 44% 10026 132101 9295 13%
c i 102.80 184 95 40 135 5519 3 1052142 48851 2.5 47 18 3 16 44% 10026 132101 9295 13%
c - 102.83 185 95 40 136 5521 3 1052357 39930 2.5 47 18 3 16 44% 10018 132101 9295 13%
c - 103.77 187 96 40 137 5666 3 1064018 41775 2.5 48 19 3 16 45% 10022 132101 9295 13%
c - 104.64 189 97 40 138 5799 3 1075723 43800 2.5 49 19 3 16 46% 10024 132101 9295 13%
c o 105.29 190 97 40 138 5901 3 1083387 51276 2.5 50 20 3 16 46% 10025 132101 9295 13%
c - 105.70 190 98 40 139 5966 3 1087470 44814 2.5 51 20 3 16 47% 10026 132101 9295 13%
c } 106.26 193 97 41 139 6043 3 1094994 52130 2.5 52 21 3 16 47% 10026 132101 9295 13%
c
c seconds     switched     rate           size/glue  tier1     binary          remaining
c          MB   reductions    conflicts         size   tier2       irredundant
c           level     restarts       redundant     glue    trail          variables
c
c [ 106.26 193 62 41 139 6043 1 1094994 52130 2.1 85 39 4 30 49% 10026 132101 9295 13%
c B 106.26 193 62 41 139 6043 1 1094994 52130 2.1 85 39 4 30 49% 10026 132101 9295 13%
c - 106.65 193 61 41 140 6046 1 1099261 45491 2.2 84 39 4 30 49% 10026 132101 9295 13%
c - 107.76 194 59 41 141 6052 1 1111094 44126 2.2 83 38 4 30 51% 10026 132101 9295 13%
c - 108.92 194 57 41 142 6057 1 1122968 39800 2.2 80 37 4 29 51% 10026 132101 9295 13%
c - 110.09 196 56 41 143 6063 1 1134884 39204 2.2 79 37 4 29 52% 10026 132101 9295 13%
c - 111.38 197 58 41 144 6070 1 1146843 39013 2.1 81 38 4 29 53% 10026 132101 9295 13%
c u 111.69 207 58 41 144 6070 1 1148246 38012 2.1 81 38 4 29 54% 10038 132101 9295 13%
c v 111.87 208 58 41 144 6070 1 1148246 36818 2.1 81 38 4 29 54% 10038 132101 9295 13%
c w 111.96 210 58 41 144 6070 1 1148246 36589 2.1 81 38 4 29 54% 10038 132101 9295 13%
c x 112.09 210 58 41 144 6070 1 1148246 36586 2.1 81 38 4 29 54% 10041 131718 9295 13%
c t 112.10 210 58 41 144 6070 1 1148246 36586 2.1 81 38 4 29 54% 10032 131718 9295 13%
c - 113.18 163 58 41 145 6072 1 1158846 33241 2.2 82 38 4 29 55% 10032 131718 9295 13%
c W 114.24 163 58 41 145 6073 1 1167969 41270 2.2 82 38 4 29 55% 10032 131718 9295 13%
c ] 114.50 164 57 42 145 6073 1 1170457 43509 2.2 82 38 4 29 56% 10032 131718 9295 13%
c { 114.50 164 97 42 145 6073 3 1170457 43509 2.5 52 21 3 16 47% 10032 131718 9295 13%
c - 114.55 164 97 42 146 6081 3 1170888 33579 2.5 52 21 3 16 48% 10032 131718 9295 13%
c - 115.42 168 99 42 147 6197 3 1182972 38167 2.5 52 21 3 16 48% 10032 131718 9295 13%
c - 116.41 170 100 42 148 6326 3 1195096 42229 2.5 53 21 3 16 49% 10033 131718 9295 13%
c - 117.32 174 101 42 149 6434 3 1207267 44754 2.6 54 21 3 16 50% 10035 131718 9295 13%
c
c seconds      switched     rate           size/glue  tier1     binary          remaining
c          MB    reductions    conflicts         size   tier2       irredundant
c            level     restarts       redundant     glue    trail          variables
c
c - 118.34 179 101 42 150 6548 3 1219475 46716 2.6 56 21 3 16 50% 10035 131718 9295 13%
c - 119.49 179 102 42 151 6696 3 1231729 47498 2.6 56 22 3 16 50% 10037 131718 9295 13%
c o 119.69 176 102 42 151 6725 3 1233478 49215 2.6 57 22 3 16 51% 10037 131718 9295 13%
c - 120.58 179 102 42 152 6816 3 1244017 48247 2.6 57 22 3 16 51% 10037 131718 9295 13%
c s 120.89 177 102 42 152 6850 3 1247763 51921 2.6 58 22 3 16 52% 10056 131429 9295 13%
c e 120.93 171 102 42 152 6850 3 1247763 51921 2.6 58 22 3 16 52% 9925 132495 9218 13%
c s 120.95 171 102 42 152 6850 3 1247763 51921 2.6 58 22 3 16 52% 9926 131968 9218 13%
c e 120.97 171 102 42 152 6850 3 1247763 51921 2.6 58 22 3 16 52% 9920 132035 9214 13%
c u 121.25 178 102 42 152 6865 3 1249012 47144 2.6 58 22 3 16 52% 9963 132035 9214 13%
c v 121.45 178 102 42 152 6865 3 1249012 46481 2.6 58 22 3 16 52% 9963 132035 9214 13%
c w 121.54 179 102 42 152 6865 3 1249012 46475 2.6 58 22 3 16 52% 9963 132035 9214 13%
c x 121.68 174 102 42 152 6865 3 1249012 46451 2.6 58 22 3 16 52% 9964 131820 9214 13%
c t 121.69 174 102 42 152 6865 3 1249012 46451 2.6 58 22 3 16 52% 9939 131820 9213 13%
c f 121.74 174 102 42 152 6865 3 1249012 46451 2.6 58 22 3 16 52% 9949 131620 9223 13%
c u 121.91 176 102 42 152 6865 3 1249012 44576 2.6 58 22 3 16 52% 9966 131613 9223 13%
c v 122.09 177 102 42 152 6865 3 1249012 43464 2.6 58 22 3 16 52% 9966 131613 9223 13%
c w 122.18 178 102 42 152 6865 3 1249012 43460 2.6 58 22 3 16 52% 9966 131613 9223 13%
c x 122.31 178 102 42 152 6865 3 1249012 43438 2.6 58 22 3 16 52% 9970 131424 9223 13%
c t 122.32 178 102 42 152 6865 3 1249012 43438 2.6 58 22 3 16 52% 9963 131424 9223 13%
c - 122.93 184 101 42 153 6916 3 1256348 41574 2.7 58 22 3 16 52% 9959 131424 9223 13%
c
c seconds      switched     rate           size/glue  tier1     binary         remaining
c          MB    reductions    conflicts         size   tier2      irredundant
c            level     restarts       redundant     glue    trail         variables
c
c - 123.98 120 102 42 154 7025 3 1268721 44063 2.7 58 22 3 16 52% 9959 131424 9223 13%
c } 124.11 117 101 43 154 7035 3 1270430 45732 2.7 59 22 3 16 52% 9960 131424 9223 13%
c [ 124.11 117 57 43 154 7035 1 1270430 45732 2.2 82 38 4 29 56% 9960 131424 9223 13%
c O 124.11 117 57 43 154 7035 1 1270430 45732 2.2 82 38 4 29 56% 9960 131424 9223 13%
c - 125.29 119 56 43 155 7041 1 1281130 43321 2.2 82 36 4 28 56% 9960 131424 9223 13%
c - 126.58 120 55 43 156 7048 1 1293579 39538 2.3 83 36 4 28 57% 9960 131424 9223 13%
c - 127.91 117 54 43 157 7052 1 1306070 36111 2.3 83 36 4 28 57% 9960 131424 9223 13%
c - 129.34 118 53 43 158 7059 1 1318600 33683 2.3 83 36 4 28 57% 9961 131424 9223 13%
c - 130.80 119 52 43 159 7064 1 1331169 33512 2.3 84 36 4 28 57% 9961 131424 9223 13%
c - 132.42 119 52 43 160 7065 1 1343781 34080 2.3 84 36 4 28 58% 9961 131424 9223 13%
c ] 132.90 115 53 44 160 7065 1 1347411 37322 2.3 85 37 4 28 58% 9961 131424 9223 13%
c { 132.90 115 101 44 160 7065 3 1347411 37322 2.7 59 22 3 16 52% 9961 131424 9223 13%
c u 133.59 116 101 44 160 7107 3 1354492 41970 2.7 58 22 3 16 52% 9971 131424 9223 13%
c v 133.82 118 101 44 160 7107 3 1354492 41016 2.7 58 22 3 16 52% 9970 131424 9223 13%
c w 133.95 123 101 44 160 7107 3 1354492 41009 2.7 58 22 3 16 52% 9970 131424 9223 13%
c x 134.12 88 101 44 160 7107 3 1354492 40987 2.7 58 22 3 16 52% 9979 130968 9222 13%
c t 134.13 88 101 44 160 7107 3 1354492 40986 2.7 58 22 3 16 52% 9977 130962 9222 13%
c u 134.34 88 101 44 160 7107 3 1354492 39853 2.7 58 22 3 16 52% 9985 130962 9222 13%
c v 134.58 88 101 44 160 7107 3 1354492 38435 2.7 58 22 3 16 52% 9985 130962 9222 13%
c w 134.71 91 101 44 160 7107 3 1354492 38430 2.7 58 22 3 16 52% 9985 130962 9222 13%
c
c seconds     switched     rate           size/glue  tier1     binary         remaining
c         MB    reductions    conflicts         size   tier2      irredundant
c           level     restarts       redundant     glue    trail         variables
c
c x 134.89 91 101 44 160 7107 3 1354492 38391 2.7 58 22 3 16 52% 9995 130670 9222 13%
c t 134.90 91 101 44 160 7107 3 1354492 38391 2.7 58 22 3 16 52% 9992 130670 9222 13%
c i 134.91 91 101 44 160 7107 3 1354492 38391 2.7 58 22 3 16 52% 9992 130670 9222 13%
c - 135.06 91 101 44 161 7116 3 1356430 32294 2.7 58 22 3 16 52% 9988 130670 9222 13%
c - 135.91 93 100 44 162 7193 3 1369119 38329 2.7 58 21 3 16 52% 9992 130670 9222 13%
c - 136.86 96 97 44 163 7264 3 1381846 41942 2.7 58 21 3 16 51% 9992 130670 9222 13%
c o 137.81 99 96 44 163 7365 3 1393484 53328 2.7 58 21 3 16 51% 9995 130670 9222 13%
c - 137.90 99 96 44 164 7375 3 1394616 43596 2.7 58 21 3 16 51% 9995 130670 9222 13%
c - 138.89 101 96 44 165 7493 3 1407422 44740 2.7 58 21 3 16 51% 9997 130670 9222 13%
c - 139.93 105 96 44 166 7605 3 1420267 46011 2.8 58 21 3 16 51% 9998 130670 9222 13%
c - 140.92 109 96 44 167 7716 3 1433151 47309 2.8 58 21 3 16 51% 10000 130670 9222 13%
c - 141.99 113 96 44 168 7814 3 1446075 48434 2.8 59 21 3 16 51% 10002 130670 9222 13%
c } 142.77 117 96 45 168 7904 3 1456245 58385 2.8 58 21 3 16 51% 10003 130670 9222 13%
c [ 142.77 117 53 45 168 7904 1 1456245 58385 2.3 85 37 4 28 58% 10003 130670 9222 13%
c B 142.77 117 53 45 168 7904 1 1456245 58385 2.3 85 37 4 28 58% 10003 130670 9222 13%
c - 143.09 117 53 45 169 7906 1 1459038 48328 2.3 85 37 4 28 58% 10003 130670 9222 13%
c u 143.98 119 54 45 169 7910 1 1464677 51176 2.3 84 37 4 28 58% 10007 130670 9222 13%
c v 144.19 121 54 45 169 7910 1 1464677 50739 2.3 84 37 4 28 58% 10007 130670 9222 13%
c w 144.29 124 54 45 169 7910 1 1464677 50219 2.3 84 37 4 28 58% 10007 130670 9222 13%
c x 144.43 124 54 45 169 7910 1 1464677 50164 2.3 84 37 4 28 58% 10021 129917 9221 13%
c
c seconds     switched     rate           size/glue  tier1     binary          remaining
c          MB   reductions    conflicts         size   tier2       irredundant
c           level     restarts       redundant     glue    trail          variables
c
c t 144.44 124 54 45 169 7910 1 1464677 50162 2.3 84 37 4 28 58% 10012 129913 9221 13%
c u 144.65 133 54 45 169 7910 1 1464677 49283 2.3 84 37 4 28 58% 10033 129913 9221 13%
c v 144.87 135 54 45 169 7910 1 1464677 48554 2.3 84 37 4 28 58% 10033 129913 9221 13%
c w 144.98 138 54 45 169 7910 1 1464677 48378 2.3 84 37 4 28 58% 10033 129913 9221 13%
c x 145.12 138 54 45 169 7910 1 1464677 48376 2.3 84 37 4 28 58% 10050 129224 9221 13%
c t 145.13 138 54 45 169 7910 1 1464677 48376 2.3 84 37 4 28 58% 10038 129224 9221 13%
c f 145.15 138 54 45 169 7910 1 1464677 48376 2.3 84 37 4 28 58% 10039 129189 9223 13%
c i 145.15 138 54 45 169 7910 1 1464677 48376 2.3 84 37 4 28 58% 10039 129189 9223 13%
c - 145.95 142 53 45 170 7913 1 1472041 40766 2.3 85 37 4 28 58% 10039 129189 9223 13%
c - 147.35 142 51 45 171 7918 1 1485079 37930 2.4 85 36 4 27 59% 10039 129189 9223 13%
c - 148.77 143 49 45 172 7925 1 1498156 38579 2.5 85 35 4 27 59% 10039 129189 9223 13%
c s 150.11 144 49 45 172 7932 1 1511084 50190 2.4 84 35 4 27 59% 10041 128998 9223 13%
c e 150.15 143 49 45 172 7932 1 1511084 50190 2.4 84 35 4 27 59% 9845 130294 9115 13%
c s 150.17 143 49 45 172 7932 1 1511084 50190 2.4 84 35 4 27 59% 9846 129792 9115 13%
c e 150.20 143 49 45 172 7932 1 1511084 50190 2.4 84 35 4 27 59% 9833 129877 9109 13%
c - 150.23 143 49 45 173 7932 1 1511270 33533 2.4 84 35 4 27 59% 9833 129877 9109 13%
c - 151.60 144 49 45 174 7934 1 1524423 33276 2.4 82 34 4 27 59% 9833 129877 9109 13%
c ] 152.63 144 48 46 174 7934 1 1533689 41293 2.4 81 34 4 27 59% 9833 129877 9109 13%
c { 152.63 144 96 46 174 7934 3 1533689 41293 2.8 58 21 3 16 51% 9833 129877 9109 13%
c - 152.93 147 96 46 175 7977 3 1537615 35345 2.8 58 21 3 16 51% 9833 129877 9109 13%
c
c seconds     switched     rate           size/glue  tier1     binary         remaining
c          MB   reductions    conflicts         size   tier2      irredundant
c           level     restarts       redundant     glue    trail         variables
c
c - 153.90 149 96 46 176 8087 3 1550845 40615 2.8 59 21 3 16 51% 9833 129877 9109 13%
c o 155.02 120 97 46 176 8233 3 1563492 52940 2.7 59 22 3 16 52% 9835 129877 9109 13%
c - 155.09 120 98 46 177 8242 3 1564111 43445 2.7 59 22 3 16 52% 9835 129877 9109 13%
c - 156.08 124 98 46 178 8343 3 1577415 45961 2.8 60 22 3 16 52% 9835 129877 9109 13%
c u 156.42 126 97 46 178 8360 3 1579630 44888 2.8 60 22 3 16 52% 9899 129877 9109 13%
c v 156.64 127 97 46 178 8360 3 1579630 43944 2.8 60 22 3 16 52% 9899 129877 9109 13%
c w 156.73 128 97 46 178 8360 3 1579630 43926 2.8 60 22 3 16 52% 9899 129877 9109 13%
c x 156.88 128 97 46 178 8360 3 1579630 43924 2.8 60 22 3 16 52% 9914 129254 9109 13%
c t 156.89 128 97 46 178 8360 3 1579630 43924 2.8 60 22 3 16 52% 9890 129254 9109 13%
c f 156.94 128 97 46 178 8360 3 1579630 43924 2.8 60 22 3 16 52% 9902 129113 9116 13%
c u 157.14 129 97 46 178 8360 3 1579630 42473 2.8 60 22 3 16 52% 9905 129113 9116 13%
c v 157.36 131 97 46 178 8360 3 1579630 41331 2.8 60 22 3 16 52% 9905 129113 9116 13%
c w 157.46 131 97 46 178 8360 3 1579630 41313 2.8 60 22 3 16 52% 9905 129113 9116 13%
c x 157.62 132 97 46 178 8360 3 1579630 41302 2.8 60 22 3 16 52% 10002 128823 9116 13%
c t 157.63 132 97 46 178 8360 3 1579630 41302 2.8 60 22 3 16 52% 9984 128823 9116 13%
c - 158.35 140 96 46 179 8406 3 1590757 42879 2.8 60 21 3 16 52% 9984 128823 9116 13%
c - 159.21 144 98 46 180 8479 3 1604136 45391 2.9 61 21 3 16 52% 9984 128823 9116 13%
c - 160.28 149 99 46 181 8615 3 1617554 46037 2.8 60 21 3 16 52% 9985 128823 9116 13%
c - 161.39 153 100 46 182 8767 3 1631008 45988 2.8 61 22 3 16 52% 9985 128823 9116 13%
c - 162.29 157 98 46 183 8830 3 1644498 47935 2.9 62 21 3 16 53% 9986 128823 9116 13%
c
c seconds     switched     rate           size/glue  tier1     binary         remaining
c          MB   reductions    conflicts         size   tier2      irredundant
c           level     restarts       redundant     glue    trail         variables
c
c } 162.86 160 98 47 183 8900 3 1651733 55008 2.9 62 21 3 16 53% 9986 128823 9116 13%
c [ 162.86 160 48 47 183 8900 1 1651733 55008 2.4 81 34 4 27 59% 9986 128823 9116 13%
c W 162.90 168 48 47 183 8900 1 1651733 55008 2.4 81 34 4 27 59% 9986 128823 9116 13%
c - 163.48 168 49 47 184 8905 1 1658025 47565 2.4 81 34 4 27 59% 9986 128823 9116 13%
c - 164.77 168 48 47 185 8912 1 1671590 43124 2.4 81 34 4 27 60% 9986 128823 9116 13%
c - 166.18 140 47 47 186 8915 1 1685191 39132 2.4 81 33 4 27 61% 9986 128823 9116 13%
c - 167.72 142 46 47 187 8923 1 1698829 39253 2.5 80 33 4 26 61% 9986 128823 9116 13%
c u 167.97 143 46 47 187 8924 1 1699391 37474 2.5 80 33 4 26 61% 9988 128823 9116 13%
c v 168.18 144 46 47 187 8924 1 1699391 36302 2.5 80 33 4 26 61% 9988 128823 9116 13%
c w 168.29 147 46 47 187 8924 1 1699391 36300 2.5 80 33 4 26 61% 9988 128823 9116 13%
c x 168.44 147 46 47 187 8924 1 1699391 36292 2.5 80 33 4 26 61% 9989 128731 9116 13%
c t 168.92 147 46 47 187 8924 1 1699391 36292 2.5 80 33 4 26 61% 9987 128731 9116 13%
c - 170.12 149 45 47 188 8929 1 1712504 37839 2.5 79 32 4 26 61% 9987 128731 9116 13%
c - 171.25 150 45 47 189 8930 1 1726217 39215 2.5 77 31 4 26 60% 9987 128731 9116 13%
c - 172.70 150 45 47 190 8935 1 1739967 38797 2.5 77 31 4 26 60% 9987 128731 9116 13%
c ] 172.93 150 45 48 190 8936 1 1742017 40626 2.5 77 31 4 26 60% 9987 128731 9116 13%
c { 172.93 150 98 48 190 8936 3 1742017 40626 2.9 62 21 3 16 53% 9987 128731 9116 13%
c o 173.05 152 97 48 190 8954 3 1743532 42079 2.9 62 22 3 16 53% 9987 128731 9116 13%
c - 173.82 154 97 48 191 9045 3 1753751 41591 2.8 62 22 3 16 53% 9990 128731 9116 13%
c - 174.89 158 99 48 192 9177 3 1767572 45318 2.8 61 22 3 16 53% 9990 128731 9116 13%
c
c seconds     switched     rate           size/glue  tier1     binary         remaining
c          MB   reductions    conflicts         size   tier2      irredundant
c           level     restarts       redundant     glue    trail         variables
c
c - 175.76 170 98 48 193 9279 3 1781430 47394 2.8 60 22 3 16 52% 9991 128731 9116 13%
c - 176.55 125 98 48 194 9334 3 1795322 49879 2.8 60 21 3 16 51% 9991 128731 9116 13%
c s 177.30 126 98 48 194 9432 3 1805022 59341 2.8 59 21 3 16 51% 10007 128539 9116 13%
c e 177.34 126 98 48 194 9432 3 1805022 59341 2.8 59 21 3 16 51% 9906 129269 9065 13%
c s 177.36 126 98 48 194 9432 3 1805022 59341 2.8 59 21 3 16 51% 9907 128973 9065 13%
c e 177.38 126 98 48 194 9432 3 1805022 59341 2.8 59 21 3 16 51% 9901 129005 9063 13%
c - 177.73 133 98 48 195 9476 3 1809250 49178 2.8 60 21 3 16 51% 9902 129005 9063 13%
c - 178.58 135 97 48 196 9549 3 1823214 50483 2.8 59 21 3 16 51% 9903 129005 9063 13%
c u 178.81 136 97 48 196 9551 3 1823994 48576 2.8 59 21 3 16 51% 9960 129005 9063 13%
c v 179.01 137 97 48 196 9551 3 1823994 47503 2.8 59 21 3 16 51% 9960 129005 9063 13%
c w 179.11 138 97 48 196 9551 3 1823994 47492 2.8 59 21 3 16 51% 9960 129005 9063 13%
c x 179.25 138 97 48 196 9551 3 1823994 47469 2.8 59 21 3 16 51% 9964 128953 9063 13%
c t 179.26 138 97 48 196 9551 3 1823994 47469 2.8 59 21 3 16 51% 9944 128953 9063 13%
c f 179.31 138 97 48 196 9551 3 1823994 47469 2.8 59 21 3 16 51% 9956 128793 9071 13%
c u 179.49 135 97 48 196 9551 3 1823994 45650 2.8 59 21 3 16 51% 9957 128793 9071 13%
c v 179.69 137 97 48 196 9551 3 1823994 44625 2.8 59 21 3 16 51% 9957 128793 9071 13%
c w 179.78 137 97 48 196 9551 3 1823994 44611 2.8 59 21 3 16 51% 9957 128793 9071 13%
c x 179.94 137 97 48 196 9551 3 1823994 44587 2.8 59 21 3 16 51% 9959 128729 9071 13%
c - 180.93 141 96 48 197 9687 3 1837215 46021 2.8 59 21 3 16 51% 9960 128729 9071 13%
c - 181.94 145 97 48 198 9780 3 1851253 48102 2.8 59 21 3 16 51% 9960 128729 9071 13%
c
c seconds     switched     rate           size/glue  tier1     binary         remaining
c          MB   reductions    conflicts         size   tier2      irredundant
c           level     restarts       redundant     glue    trail         variables
c
c - 183.10 146 97 48 199 9927 3 1865324 49524 2.8 59 21 3 16 52% 9961 128729 9071 13%
c } 183.39 148 97 49 199 9957 3 1869629 53708 2.8 59 21 3 16 51% 9962 128729 9071 13%
c [ 183.39 148 45 49 199 9957 1 1869629 53708 2.5 77 31 4 26 60% 9962 128729 9071 13%
c I 183.39 148 45 49 199 9957 1 1869629 53708 2.5 77 31 4 26 60% 9962 128729 9071 13%
c - 184.13 149 50 49 200 9963 1 1879430 47192 2.4 78 33 4 26 59% 9962 128729 9071 13%
c - 185.47 150 53 49 201 9970 1 1893572 42578 2.3 79 34 4 26 59% 9963 128729 9071 13%
c - 187.07 113 55 49 202 9976 1 1907750 38505 2.3 82 36 4 26 59% 9963 128729 9071 13%
c - 188.78 114 57 49 203 9984 1 1921962 35771 2.2 83 37 4 26 59% 9963 128729 9071 13%
c - 190.51 115 58 49 204 9987 1 1936209 35188 2.2 85 39 4 26 59% 9963 128729 9071 13%
c - 192.15 115 58 49 205 9987 1 1950493 35962 2.2 86 39 4 26 59% 9963 128729 9071 13%
c u 192.71 116 58 49 205 9989 1 1953463 35795 2.2 86 39 4 26 59% 9967 128729 9071 13%
c v 192.83 125 58 49 205 9989 1 1953463 33779 2.2 86 39 4 26 59% 9967 128729 9071 13%
c w 193.11 128 58 49 205 9989 1 1953463 33491 2.2 86 39 4 26 59% 9967 128729 9071 13%
c x 193.30 128 58 49 205 9989 1 1953463 33461 2.2 86 39 4 26 59% 9979 128572 9071 13%
c t 193.31 128 58 49 205 9989 1 1953463 33461 2.2 86 39 4 26 59% 9972 128572 9071 13%
c o 193.32 128 58 49 205 9989 1 1953463 33461 2.2 86 39 4 26 59% 9972 128572 9071 13%
c ] 193.57 128 60 50 205 9991 1 1956027 35874 2.1 87 41 4 26 59% 9972 128572 9071 13%
c { 193.57 128 97 50 205 9991 3 1956027 35874 2.8 59 21 3 16 51% 9972 128572 9071 13%
c - 194.23 129 91 50 206 9995 3 1964810 37379 2.9 60 21 3 16 52% 9973 128572 9071 13%
c - 195.03 130 85 50 207 9998 3 1979162 46927 3.1 62 20 3 16 53% 9976 128572 9071 13%
c
c seconds     switched     rate           size/glue  tier1     binary         remaining
c          MB   reductions    conflicts         size   tier2      irredundant
c           level     restarts       redundant     glue    trail         variables
c
c - 195.55 132 80 50 208 9998 2 1993549 52479 3.1 61 19 3 16 50% 9978 128572 9071 13%
c i 195.64 132 79 50 208 9999 2 1996292 55124 3.2 61 19 3 16 50% 9987 128572 9070 13%
c - 196.26 134 74 50 209 9999 2 2007972 55633 3.4 63 19 3 16 49% 9980 128572 9070 13%
c - 197.12 103 69 50 210 9999 2 2022428 57479 3.6 64 18 3 16 49% 9980 128572 9070 13%
c - 197.98 107 64 50 211 10008 2 2036919 59424 3.7 64 17 3 16 48% 9984 128572 9070 13%
c - 198.83 110 61 50 212 10019 2 2051444 59420 3.7 62 17 3 16 49% 9993 128572 9070 13%
c - 199.44 111 59 50 213 10023 2 2066004 59660 3.7 59 16 3 16 48% 9998 128572 9070 13%
c i 199.82 113 57 50 213 10030 2 2073672 67254 3.7 59 16 3 16 48% 10001 128572 9069 13%
c i 199.89 114 56 50 213 10035 2 2074953 68505 3.8 59 16 3 16 48% 10004 128572 9068 13%
c - 200.14 114 56 50 214 10040 2 2080600 60204 3.8 59 16 3 16 48% 9993 128572 9068 13%
c u 200.51 115 56 50 214 10041 2 2087847 65140 3.8 57 15 3 16 47% 10000 128494 9068 13%
c v 200.69 127 56 50 214 10041 2 2087847 65006 3.8 57 15 3 16 47% 10000 128494 9068 13%
c w 200.77 127 56 50 214 10041 2 2087847 65003 3.8 57 15 3 16 47% 10000 128494 9068 13%
c x 200.88 128 56 50 214 10041 2 2087847 64965 3.8 57 15 3 16 47% 10012 128371 9068 13%
c t 200.89 128 56 50 214 10041 2 2087847 64965 3.8 57 15 3 16 47% 10005 128371 9068 13%
c } 201.06 130 56 51 214 10043 2 2093553 70465 3.7 55 15 3 16 45% 10012 128371 9068 13%
c [ 201.06 130 60 51 214 10043 1 2093553 70465 2.1 87 41 4 26 59% 10012 128371 9068 13%
c B 201.06 130 60 51 214 10043 1 2093553 70465 2.1 87 41 4 26 59% 10012 128371 9068 13%
c - 201.23 130 61 51 215 10044 1 2095228 57834 2.1 88 41 4 26 59% 10012 128371 9068 13%
c - 202.88 132 67 51 216 10052 1 2109892 49724 2.1 93 45 4 27 60% 10012 128371 9068 13%
c
c seconds     switched      rate           size/glue  tier1     binary          remaining
c          MB   reductions     conflicts         size   tier2       irredundant
c           level     restarts        redundant     glue    trail          variables
c
c - 204.46 132 68 51 217 10057 1 2124590 41406 2.0 94 46 4 27 60% 10012 128371 9068 13%
c s 205.13 132 69 51 217 10061 1 2130714 47026 2.0 94 46 4 27 60% 10038 128216 9068 13%
c e 205.17 133 69 51 217 10061 1 2130714 47026 2.0 94 46 4 27 60% 9952 128796 9019 13%
c s 205.18 133 69 51 217 10061 1 2130714 47026 2.0 94 46 4 27 60% 9957 128512 9019 13%
c e 205.20 133 69 51 217 10061 1 2130714 47026 2.0 94 46 4 27 60% 9948 128558 9014 13%
c - 206.01 144 68 51 218 10065 1 2139322 39765 2.1 94 45 4 27 60% 9948 128558 9014 13%
c - 207.40 125 67 51 219 10072 1 2154086 41784 2.1 91 45 4 27 58% 9948 128558 9014 13%
c ] 208.14 126 67 52 219 10073 1 2162707 49561 2.0 90 44 4 27 57% 9948 128558 9014 13%
c { 208.14 126 56 52 219 10073 2 2162707 49561 3.7 55 15 3 16 45% 9948 128558 9014 13%
c o 208.16 126 56 52 219 10076 2 2162870 49709 3.7 55 15 3 16 45% 9948 128558 9014 13%
c - 208.62 137 60 52 220 10166 2 2168884 44836 3.6 55 15 3 16 45% 9948 128558 9014 13%
c - 209.73 149 67 52 221 10351 2 2183717 51256 3.4 54 16 3 16 45% 9952 128558 9014 13%
c - 211.06 150 73 52 222 10568 2 2198584 54902 3.2 55 17 3 16 46% 9953 128558 9014 13%
c - 212.34 162 77 52 223 10761 3 2213485 56924 3.0 55 18 3 16 46% 9955 128558 9014 13%
c u 213.77 174 81 52 223 10940 3 2227170 66599 2.9 55 19 3 16 46% 9962 128558 9014 13%
c v 214.02 185 81 52 223 10940 3 2227170 65145 2.9 55 19 3 16 46% 9964 128558 9014 13%
c w 214.16 188 81 52 223 10940 3 2227170 65138 2.9 55 19 3 16 46% 9964 128558 9014 13%
c x 214.34 184 81 52 223 10940 3 2227170 65134 2.9 55 19 3 16 46% 9970 128287 9014 13%
c t 214.35 184 81 52 223 10940 3 2227170 65134 2.9 55 19 3 16 46% 9953 128287 9014 13%
c f 214.39 184 81 52 223 10940 3 2227170 65134 2.9 55 19 3 16 46% 9956 128207 9018 13%
c
c seconds     switched      rate           size/glue  tier1     binary         remaining
c          MB   reductions     conflicts         size   tier2      irredundant
c           level     restarts        redundant     glue    trail         variables
c
c u 214.63 185 81 52 223 10940 3 2227170 63184 2.9 55 19 3 16 46% 9958 128207 9018 13%
c v 214.90 187 81 52 223 10940 3 2227170 61904 2.9 55 19 3 16 46% 9958 128207 9018 13%
c w 215.03 188 81 52 223 10940 3 2227170 61892 2.9 55 19 3 16 46% 9958 128207 9018 13%
c x 215.22 197 81 52 223 10940 3 2227170 61891 2.9 55 19 3 16 46% 9961 128048 9018 13%
c t 215.23 197 81 52 223 10940 3 2227170 61891 2.9 55 19 3 16 46% 9960 128048 9018 13%
c - 215.39 200 82 52 224 10961 3 2228418 51235 2.9 55 19 3 16 46% 9960 128048 9018 13%
c - 216.68 212 85 52 225 11165 3 2243386 53085 2.8 55 20 3 16 47% 9961 128048 9018 13%
c - 217.90 172 88 52 226 11350 3 2258386 54855 2.7 56 20 3 16 47% 9963 128048 9018 13%
c - 219.20 171 90 52 227 11534 3 2273419 56269 2.7 56 21 3 16 47% 9965 128048 9018 13%
c - 220.37 175 93 52 228 11676 3 2288486 57734 2.7 56 21 3 16 47% 9966 128048 9018 13%
c - 221.73 174 95 52 229 11871 3 2303585 58417 2.6 57 22 3 16 48% 9967 128048 9018 13%
c } 222.29 173 96 53 229 11939 3 2310494 65184 2.6 57 22 3 16 48% 9967 128048 9018 13%
c [ 222.29 173 67 53 229 11939 1 2310494 65184 2.0 90 44 4 27 57% 9967 128048 9018 13%
c W 222.34 173 67 53 229 11939 1 2310494 65184 2.0 90 44 4 27 57% 9967 128048 9018 13%
c - 223.07 174 68 53 230 11945 1 2318717 56322 2.0 89 44 4 27 56% 9967 128048 9018 13%
c - 224.54 175 70 53 231 11952 1 2333883 49891 1.9 88 45 4 27 54% 9967 128048 9018 13%
c - 225.60 184 71 53 232 11958 1 2349082 45478 1.9 85 45 4 27 52% 9968 128048 9018 13%
c - 226.56 186 68 53 233 11967 1 2364315 45822 1.9 82 43 4 27 50% 9968 128048 9018 13%
c u 227.30 183 67 53 233 11968 1 2371478 46952 1.9 82 43 4 27 50% 9973 128048 9018 13%
c v 227.50 184 67 53 233 11968 1 2371478 43598 1.9 82 43 4 27 50% 9974 128048 9018 13%
c
c seconds     switched      rate           size/glue  tier1     binary         remaining
c          MB   reductions     conflicts         size   tier2      irredundant
c           level     restarts        redundant     glue    trail         variables
c
c w 227.83 188 67 53 233 11968 1 2371478 42611 1.9 82 43 4 27 50% 9974 128048 9018 13%
c t 227.84 141 67 53 233 11968 1 2371478 42611 1.9 82 43 4 27 50% 9967 128048 9018 13%
c - 228.32 135 64 53 234 11969 1 2379579 39413 1.9 80 41 4 27 49% 9967 128048 9018 13%
c - 229.29 136 60 53 235 11972 1 2394876 41282 2.0 77 40 4 26 48% 9967 128048 9018 13%
c - 230.32 137 57 53 236 11981 1 2410205 42534 2.0 74 38 4 26 47% 9967 128048 9018 13%
c O 231.26 138 53 53 236 11984 1 2424836 54544 2.0 72 36 4 26 46% 9967 128048 9018 13%
c o 231.26 138 53 53 236 11984 1 2424836 54544 2.0 72 36 4 26 46% 9967 128048 9018 13%
c - 231.32 139 53 53 237 11985 1 2425567 45008 2.0 72 36 4 26 46% 9967 128048 9018 13%
c - 232.71 137 53 53 238 11994 1 2440962 45537 2.1 75 36 4 26 49% 9968 128048 9018 13%
c - 234.23 139 52 53 239 11999 1 2456389 41400 2.2 77 35 4 26 51% 9968 128048 9018 13%
c ] 234.89 139 52 54 239 12000 1 2462784 47243 2.2 78 36 4 26 52% 9968 128048 9018 13%
c { 234.89 139 96 54 239 12000 3 2462784 47243 2.6 57 22 3 16 48% 9968 128048 9018 13%
c - 235.39 137 97 54 240 12011 3 2471848 44545 2.6 55 21 3 16 47% 9972 128048 9018 13%
c - 236.06 139 94 54 241 12013 3 2487343 52401 2.6 51 20 3 16 43% 9976 128048 9018 13%
c s 236.15 140 94 54 241 12013 3 2489178 54127 2.5 51 20 3 16 42% 9980 127979 9018 13%
c e 236.18 134 94 54 241 12013 3 2489178 54127 2.5 51 20 3 16 42% 9957 128192 9004 13%
c s 236.19 134 94 54 241 12013 3 2489178 54127 2.5 51 20 3 16 42% 9958 128139 9004 13%
c - 236.89 141 90 54 242 12021 3 2502867 57208 2.6 50 19 3 16 42% 9959 128139 9004 13%
c - 237.57 142 87 54 243 12036 3 2518423 59630 2.6 46 18 3 16 39% 9970 128138 9004 13%
c i 237.62 137 87 54 243 12037 3 2520113 61019 2.6 46 18 3 16 38% 9974 128138 9001 13%
c
c seconds     switched      rate           size/glue  tier1     binary         remaining
c          MB   reductions     conflicts         size   tier2      irredundant
c           level     restarts        redundant     glue    trail         variables
c
c b 237.67 138 87 54 243 12039 3 2520778 60580 2.6 45 18 3 16 38% 9981 128097 8999 13%
c u 237.84 140 87 54 243 12039 3 2520778 56707 2.6 45 18 3 16 38% 10079 128097 8999 13%
c v 238.06 141 87 54 243 12039 3 2520778 56389 2.6 45 18 3 16 38% 10079 128097 8999 13%
c w 238.14 142 87 54 243 12039 3 2520778 56352 2.6 45 18 3 16 38% 10079 128097 8999 13%
c x 238.31 89 87 54 243 12039 3 2520778 56345 2.6 45 18 3 16 38% 10149 127903 8999 13%
c t 238.32 89 87 54 243 12039 3 2520778 56345 2.6 45 18 3 16 38% 10096 127903 8999 13%
c f 238.35 89 87 54 243 12039 3 2520778 56345 2.6 45 18 3 16 38% 10097 127867 9001 13%
c - 239.04 100 88 54 244 12074 3 2534011 55984 2.5 43 17 3 16 38% 10095 127867 9001 13%
c - 239.84 104 87 54 245 12115 3 2549631 58599 2.5 42 17 3 16 37% 10107 127867 9001 13%
c - 240.59 112 87 54 246 12145 3 2565283 61312 2.5 40 16 3 16 36% 10116 127867 9001 13%
c - 241.27 113 85 54 247 12168 3 2580967 63185 2.5 38 15 3 16 35% 10121 127867 9001 13%
c i 241.85 125 87 54 247 12216 3 2594265 75699 2.5 36 15 3 16 34% 10130 127867 9000 13%
c - 241.94 125 87 54 248 12219 3 2596685 65216 2.5 36 15 3 16 34% 10132 127850 9000 13%
c i 242.45 126 88 54 248 12270 3 2609012 76704 2.4 35 14 3 16 33% 10142 127850 8994 13%
c - 242.65 126 88 54 249 12289 3 2612433 67194 2.4 35 14 3 16 34% 10118 127850 8994 13%
c i 242.74 127 88 54 249 12299 3 2614023 68667 2.4 35 14 3 16 34% 10123 127850 8992 13%
c } 243.04 129 88 55 249 12338 3 2621178 75378 2.4 34 14 3 16 34% 10129 127850 8992 13%
c [ 243.04 129 52 55 249 12338 1 2621178 75378 2.2 78 36 4 26 52% 10129 127850 8992 13%
c B 243.04 129 52 55 249 12338 1 2621178 75378 2.2 78 36 4 26 52% 10129 127850 8992 13%
c - 243.61 130 54 55 250 12343 1 2628213 66150 2.2 77 36 4 26 52% 10114 127850 8992 13%
c
c seconds     switched      rate           size/glue  tier1     binary          remaining
c          MB   reductions     conflicts         size   tier2       irredundant
c           level     restarts        redundant     glue    trail          variables
c
c - 245.01 131 59 55 251 12351 1 2644026 61070 2.1 77 37 4 26 51% 10114 127850 8992 13%
c - 246.60 133 62 55 252 12357 1 2659868 55780 2.0 78 38 4 26 50% 10114 127850 8992 13%
c o 247.53 135 67 55 252 12364 1 2671472 66909 2.0 78 39 4 26 50% 10114 127850 8992 13%
c u 248.00 137 67 55 252 12366 1 2675121 67054 2.0 79 39 4 26 51% 10130 127758 8992 13%
c v 248.21 138 67 55 252 12366 1 2675121 65638 2.0 79 39 4 26 51% 10135 127758 8991 13%
c w 248.34 143 67 55 252 12366 1 2675121 65290 2.0 79 39 4 26 51% 10135 127758 8991 13%
c x 248.49 143 67 55 252 12366 1 2675121 65266 2.0 79 39 4 26 51% 10137 127697 8991 13%
c t 248.51 143 67 55 252 12366 1 2675121 65254 2.0 79 39 4 26 51% 10114 127697 8991 13%
c u 248.71 141 67 55 252 12366 1 2675121 63319 2.0 79 39 4 26 51% 10121 127697 8991 13%
c v 248.92 142 67 55 252 12366 1 2675121 61791 2.0 79 39 4 26 51% 10121 127697 8991 13%
c w 249.04 144 67 55 252 12366 1 2675121 61762 2.0 79 39 4 26 51% 10121 127697 8991 13%
c x 249.20 144 67 55 252 12366 1 2675121 61746 2.0 79 39 4 26 51% 10126 127647 8991 13%
c t 249.21 144 67 55 252 12366 1 2675121 61746 2.0 79 39 4 26 51% 10123 127647 8991 13%
c i 249.23 144 67 55 252 12366 1 2675121 61746 2.0 79 39 4 26 51% 10123 127647 8991 13%
c - 249.29 142 67 55 253 12366 1 2675743 48361 2.0 79 39 4 26 51% 10112 127647 8991 13%
c - 250.92 144 66 55 254 12368 1 2691648 49213 2.1 80 39 4 26 52% 10112 127647 8991 13%
c ] 252.44 145 66 56 254 12370 1 2704673 61156 2.1 81 39 4 26 53% 10112 127647 8991 13%
c { 252.44 145 88 56 254 12370 3 2704673 61156 2.4 34 14 3 16 34% 10112 127647 8991 13%
c - 252.69 147 89 56 255 12410 3 2707586 49572 2.4 35 14 3 16 34% 10112 127647 8991 13%
c - 254.08 149 93 56 256 12671 3 2723554 55144 2.4 39 16 3 16 36% 10114 127647 8991 13%
c
c seconds     switched      rate           size/glue  tier1     binary          remaining
c          MB   reductions     conflicts         size   tier2       irredundant
c           level     restarts        redundant     glue    trail          variables
c
c - 255.63 154 95 56 257 12941 3 2739555 59400 2.4 43 18 3 16 39% 10116 127647 8991 13%
c - 257.01 166 97 56 258 13145 3 2755586 62480 2.4 45 19 3 16 40% 10120 127647 8991 13%
c - 258.57 118 99 56 259 13365 3 2771649 65017 2.4 48 20 3 16 42% 10123 127647 8991 13%
c - 260.14 122 100 56 260 13585 3 2787743 66043 2.4 50 21 3 16 44% 10124 127647 8991 13%
c - 261.77 118 101 56 261 13810 3 2803868 66776 2.4 53 22 3 16 45% 10125 127647 8991 13%
c - 263.22 122 100 56 262 13968 3 2820024 68501 2.4 54 22 3 16 46% 10127 127647 8991 13%
c u 264.87 119 101 56 262 14121 3 2834503 78723 2.5 55 23 3 16 47% 10142 127647 8991 13%
c v 265.18 121 101 56 262 14121 3 2834503 77854 2.5 55 23 3 16 47% 10140 127647 8991 13%
c w 265.34 124 101 56 262 14121 3 2834503 77851 2.5 55 23 3 16 47% 10140 127647 8991 13%
c x 265.59 117 101 56 262 14121 3 2834503 77833 2.5 55 23 3 16 47% 10142 127575 8991 13%
c = 267.37 119 101 56 262 14121 3 2834503 77833 2.5 55 23 3 16 47% 10142 127547 8989 13%
c t 267.38 119 101 56 262 14121 3 2834503 77692 2.5 55 23 3 16 47% 10144 127540 8989 13%
c u 267.65 120 101 56 262 14121 3 2834503 75534 2.5 55 23 3 16 47% 10152 127540 8989 13%
c v 267.95 122 101 56 262 14121 3 2834503 74411 2.5 55 23 3 16 47% 10152 127540 8989 13%
c w 268.11 123 101 56 262 14121 3 2834503 74402 2.5 55 23 3 16 47% 10152 127540 8989 13%
c x 268.34 118 101 56 262 14121 3 2834503 74374 2.5 55 23 3 16 47% 10158 127399 8989 13%
c t 268.36 118 101 56 262 14121 3 2834503 74374 2.5 55 23 3 16 47% 10153 127399 8989 13%
c - 268.58 90 101 56 263 14140 3 2836211 62399 2.5 56 23 3 16 47% 10136 127399 8989 13%
c - 270.01 94 101 56 264 14320 3 2852430 63509 2.5 57 23 3 16 48% 10137 127399 8989 13%
c - 271.28 99 102 56 265 14475 3 2868679 65401 2.5 58 23 3 16 48% 10139 127399 8989 13%
c
c seconds      switched      rate           size/glue  tier1     binary          remaining
c          MB    reductions     conflicts         size   tier2       irredundant
c            level     restarts        redundant     glue    trail          variables
c
c } 271.70 101 102 57 265 14533 3 2874016 70623 2.5 58 23 3 16 48% 10139 127399 8989 13%
c [ 271.70 101 66 57 265 14533 1 2874016 70623 2.1 81 39 4 26 53% 10139 127399 8989 13%
c W 271.78 110 66 57 265 14533 1 2874016 70623 2.1 81 39 4 26 53% 10139 127399 8989 13%
c s 272.52 112 65 57 265 14538 1 2881386 77396 2.1 81 39 4 26 54% 10149 127306 8989 13%
c e 272.56 112 65 57 265 14538 1 2881386 77396 2.1 81 39 4 26 54% 10060 127799 8953 13%
c s 272.57 112 65 57 265 14538 1 2881386 77396 2.1 81 39 4 26 54% 10062 127595 8953 13%
c e 272.58 112 65 57 265 14538 1 2881386 77396 2.1 81 39 4 26 54% 10062 127611 8952 13%
c - 273.04 115 65 57 266 14539 1 2884957 61424 2.1 81 39 4 26 54% 10062 127611 8952 13%
c - 274.61 117 62 57 267 14547 1 2901267 56389 2.1 82 38 4 26 56% 10063 127611 8952 13%
c - 276.26 118 59 57 268 14554 1 2917609 53155 2.2 82 37 4 26 57% 10063 127611 8952 13%
c - 277.93 119 57 57 269 14562 1 2933979 51020 2.2 82 37 4 26 58% 10063 127611 8952 13%
c - 279.65 120 55 57 270 14563 1 2950381 51421 2.2 82 37 4 26 59% 10063 127611 8952 13%
c - 281.54 121 53 57 271 14570 1 2966812 53391 2.3 81 36 4 26 60% 10063 127611 8952 13%
c - 283.32 121 53 57 272 14578 1 2983274 54212 2.3 82 36 4 26 60% 10063 127611 8952 13%
c u 285.45 125 52 57 272 14585 1 2998973 64718 2.3 83 37 4 26 61% 10067 127611 8952 13%
c v 285.69 126 52 57 272 14585 1 2998973 62853 2.3 83 37 4 26 61% 10067 127611 8952 13%
c w 286.02 148 52 57 272 14585 1 2998973 60938 2.3 83 37 4 26 61% 10067 127611 8952 13%
c x 286.26 156 52 57 272 14585 1 2998973 60907 2.3 83 37 4 26 61% 10079 127366 8952 13%
c t 286.27 156 52 57 272 14585 1 2998973 60907 2.3 83 37 4 26 61% 10074 127366 8952 13%
c f 286.30 156 52 57 272 14585 1 2998973 60907 2.3 83 37 4 26 61% 10078 127328 8954 13%
c
c seconds     switched      rate           size/glue  tier1     binary          remaining
c          MB   reductions     conflicts         size   tier2       irredundant
c           level     restarts        redundant     glue    trail          variables
c
c u 286.58 156 52 57 272 14585 1 2998973 54981 2.3 83 37 4 26 61% 10159 127328 8954 13%
c v 286.77 156 52 57 272 14585 1 2998973 53518 2.3 83 37 4 26 61% 10159 127328 8954 13%
c w 287.19 171 52 57 272 14585 1 2998973 53339 2.3 83 37 4 26 61% 10159 127328 8954 13%
c x 287.44 171 52 57 272 14585 1 2998973 53336 2.3 83 37 4 26 61% 10229 127098 8953 13%
c t 287.45 171 52 57 272 14585 1 2998973 53336 2.3 83 37 4 26 61% 10203 127098 8953 13%
c i 287.46 171 52 57 272 14585 1 2998973 53336 2.3 83 37 4 26 61% 10203 127098 8953 13%
c o 287.47 171 52 57 272 14585 1 2998973 53336 2.3 83 37 4 26 61% 10203 127098 8953 13%
c - 287.53 171 53 57 273 14585 1 2999767 40589 2.3 83 37 4 26 61% 10193 127098 8953 13%
c I 288.24 171 54 57 273 14591 1 3008255 48435 2.2 84 37 4 26 61% 10193 127098 8953 13%
c ] 288.90 171 59 58 273 14593 1 3015296 55296 2.2 86 38 4 26 61% 10193 127098 8953 13%
c { 288.90 171 102 58 273 14593 3 3015296 55296 2.5 58 23 3 16 48% 10193 127098 8953 13%
c - 289.00 171 102 58 274 14604 3 3016293 42800 2.5 58 23 3 16 48% 10193 127098 8953 13%
c - 289.87 135 103 58 275 14678 3 3032845 48557 2.5 57 23 3 16 47% 10197 127097 8953 13%
c - 290.98 139 105 58 276 14808 3 3049428 54669 2.5 57 23 3 16 48% 10199 127096 8953 13%
c - 292.24 139 106 58 277 14921 3 3066042 56621 2.5 57 22 3 16 48% 10203 127096 8953 13%
c - 293.49 141 106 58 278 15040 3 3082687 58720 2.6 57 22 3 16 49% 10204 127096 8953 13%
c - 294.53 145 105 58 279 15127 3 3099360 60512 2.6 57 22 3 16 49% 10205 127096 8953 13%
c - 295.86 159 106 58 280 15285 3 3116064 61111 2.6 57 22 3 16 50% 10205 127096 8953 13%
c - 297.09 173 106 58 281 15401 3 3132801 61430 2.7 58 22 3 16 50% 10207 127096 8953 13%
c i 297.96 185 106 58 281 15496 3 3145966 74004 2.6 57 22 3 16 50% 10213 127096 8952 13%
c
c seconds      switched      rate           size/glue  tier1     binary          remaining
c          MB    reductions     conflicts         size   tier2       irredundant
c            level     restarts        redundant     glue    trail          variables
c
c - 298.32 186 105 58 282 15542 3 3149564 62408 2.6 57 22 3 16 50% 10206 127096 8952 13%
c - 299.53 199 105 58 283 15649 3 3166358 63503 2.7 57 21 3 16 50% 10207 127096 8952 13%
c u 300.01 210 105 58 283 15670 3 3168550 61358 2.6 57 21 3 16 50% 10224 127074 8949 13%
c v 300.40 211 105 58 283 15670 3 3168550 60062 2.6 57 21 3 16 50% 10224 127074 8949 13%
c w 300.55 212 105 58 283 15670 3 3168550 60045 2.6 57 21 3 16 50% 10224 127074 8949 13%
c t 300.56 172 105 58 283 15670 3 3168550 59989 2.6 57 21 3 16 50% 10222 127029 8949 13%
c u 300.81 181 105 58 283 15670 3 3168550 57083 2.6 57 21 3 16 50% 10256 127029 8949 13%
c v 301.07 182 105 58 283 15670 3 3168550 54465 2.6 57 21 3 16 50% 10257 127029 8949 13%
c w 301.19 183 105 58 283 15670 3 3168550 54441 2.6 57 21 3 16 50% 10257 127029 8949 13%
c x 301.41 183 105 58 283 15670 3 3168550 54435 2.6 57 21 3 16 50% 10258 127001 8949 13%
c t 301.42 183 105 58 283 15670 3 3168550 54435 2.6 57 21 3 16 50% 10242 127001 8949 13%
c i 301.43 183 105 58 283 15670 3 3168550 54435 2.6 57 21 3 16 50% 10242 127001 8949 13%
c - 302.61 195 106 58 284 15811 3 3183180 55172 2.6 57 22 3 16 50% 10224 127001 8949 13%
c } 303.54 207 106 59 284 15904 3 3195928 67661 2.6 56 21 3 16 50% 10226 127001 8949 13%
c [ 303.54 207 59 59 284 15904 1 3195928 67661 2.2 86 38 4 26 61% 10226 127001 8949 13%
c B 303.54 207 59 59 284 15904 1 3195928 67661 2.2 86 38 4 26 61% 10226 127001 8949 13%
c - 303.90 207 61 59 285 15906 1 3200033 56092 2.2 87 39 4 26 61% 10226 127001 8949 13%
c - 305.45 217 61 59 286 15917 1 3216914 51059 2.3 88 39 4 26 62% 10227 127001 8949 13%
c - 307.25 218 59 59 287 15922 1 3233825 45669 2.3 88 38 4 26 61% 10227 127001 8949 13%
c o 308.60 218 57 59 287 15930 1 3246266 56488 2.3 86 38 4 26 61% 10227 127001 8949 13%
c
c seconds     switched      rate           size/glue  tier1     binary          remaining
c          MB   reductions     conflicts         size   tier2       irredundant
c           level     restarts        redundant     glue    trail          variables
c
c - 308.93 227 61 59 288 15932 1 3250767 44756 2.3 88 39 4 26 61% 10227 127001 8949 13%
c - 310.48 245 69 59 289 15934 1 3267737 43139 2.1 93 43 4 26 62% 10227 127001 8949 13%
c - 312.17 204 74 59 290 15940 1 3284739 40610 2.1 97 47 3 26 62% 10227 127001 8949 13%
c - 313.74 204 72 59 291 15948 1 3301772 41161 2.1 97 47 3 26 63% 10227 127001 8949 13%
c s 314.40 204 71 59 291 15949 1 3308314 46999 2.1 97 46 3 26 63% 10241 126897 8949 13%
c e 314.43 204 71 59 291 15949 1 3308314 46999 2.1 97 46 3 26 63% 10179 127313 8919 13%
c s 314.44 204 71 59 291 15949 1 3308314 46999 2.1 97 46 3 26 63% 10181 127167 8919 13%
c - 315.62 204 70 59 292 15955 1 3318832 40834 2.1 97 46 3 26 63% 10181 127167 8919 13%
c ] 316.64 204 69 60 292 15960 1 3327868 48695 2.1 96 46 3 26 63% 10181 127167 8919 13%
c { 316.64 204 106 60 292 15960 3 3327868 48695 2.6 56 21 3 16 50% 10181 127167 8919 13%
c - 317.14 206 105 60 293 15995 3 3335921 44616 2.6 56 21 3 16 50% 10181 127167 8919 13%
c u 317.99 207 105 60 293 16062 3 3343268 48007 2.6 56 21 3 16 50% 10206 127167 8919 13%
c v 318.37 217 105 60 293 16062 3 3343268 44643 2.6 56 21 3 16 50% 10206 127167 8919 13%
c w 318.76 219 105 60 293 16062 3 3343268 44609 2.6 56 21 3 16 50% 10206 127167 8919 13%
c t 318.77 219 105 60 293 16062 3 3343268 44609 2.6 56 21 3 16 50% 10199 127167 8919 13%
c f 318.80 219 105 60 293 16062 3 3343268 44609 2.6 56 21 3 16 50% 10195 127044 8926 13%
c u 319.07 219 105 60 293 16062 3 3343268 43999 2.6 56 21 3 16 50% 10200 127044 8926 13%
c v 319.33 219 105 60 293 16062 3 3343268 41992 2.6 56 21 3 16 50% 10200 127044 8926 13%
c w 319.87 219 105 60 293 16062 3 3343268 41822 2.6 56 21 3 16 50% 10200 127044 8926 13%
c t 319.88 219 105 60 293 16062 3 3343268 41822 2.6 56 21 3 16 50% 10195 127044 8926 13%
c
c seconds      switched      rate           size/glue  tier1     binary          remaining
c          MB    reductions     conflicts         size   tier2       irredundant
c            level     restarts        redundant     glue    trail          variables
c
c - 320.64 157 106 60 294 16174 3 3353038 43269 2.6 57 22 3 16 51% 10196 127044 8926 13%
c - 321.89 158 106 60 295 16344 3 3370186 49955 2.6 57 22 3 16 51% 10197 127044 8926 13%
c - 323.12 170 107 60 296 16480 3 3387362 54798 2.6 57 22 3 16 51% 10199 127044 8926 13%
c - 324.36 182 106 60 297 16620 3 3404568 57980 2.7 58 22 3 16 52% 10199 127044 8926 13%
c - 325.54 205 105 60 298 16736 3 3421801 60490 2.7 58 22 3 16 52% 10199 127044 8926 13%
c - 326.83 219 105 60 299 16881 3 3439063 61922 2.7 58 22 3 16 52% 10200 127044 8926 13%
c - 328.13 242 104 60 300 17022 3 3456355 62693 2.7 58 22 3 16 52% 10201 127044 8926 13%
c - 329.43 257 104 60 301 17149 3 3473675 64355 2.7 58 21 3 16 52% 10201 127044 8926 13%
c - 330.93 220 104 60 302 17320 3 3491025 65442 2.7 58 22 3 16 52% 10202 127044 8926 13%
c o 331.34 219 104 60 302 17360 3 3497019 71201 2.7 58 22 3 16 52% 10202 127044 8926 13%
c - 332.34 220 104 60 303 17471 3 3508404 66322 2.7 58 22 3 16 52% 10202 127044 8926 13%
c } 333.15 220 104 61 303 17571 3 3520121 77710 2.7 58 22 3 16 51% 10202 127044 8926 13%
c [ 333.15 220 69 61 303 17571 1 3520121 77710 2.1 96 46 3 26 63% 10202 127044 8926 13%
c W 333.21 220 69 61 303 17571 1 3520121 77710 2.1 96 46 3 26 63% 10202 127044 8926 13%
c u 333.76 221 69 61 303 17573 1 3523155 77555 2.1 96 46 3 26 62% 10206 127044 8926 13%
c v 334.07 223 69 61 303 17573 1 3523155 77140 2.1 96 46 3 26 62% 10206 127044 8926 13%
c w 334.23 226 69 61 303 17573 1 3523155 77139 2.1 96 46 3 26 62% 10206 127044 8926 13%
c x 334.45 226 69 61 303 17573 1 3523155 77131 2.1 96 46 3 26 62% 10210 127006 8926 13%
c t 334.46 226 69 61 303 17573 1 3523155 77131 2.1 96 46 3 26 62% 10208 127006 8926 13%
c - 334.73 226 69 61 304 17575 1 3525810 62389 2.1 96 46 3 26 62% 10208 127006 8926 13%
c
c seconds     switched      rate           size/glue  tier1     binary          remaining
c          MB   reductions     conflicts         size   tier2       irredundant
c           level     restarts        redundant     glue    trail          variables
c
c - 336.62 243 68 61 305 17584 1 3543246 55106 2.1 95 45 3 26 62% 10208 127006 8926 13%
c - 338.41 228 66 61 306 17591 1 3560713 47683 2.1 95 45 3 26 62% 10208 127006 8926 13%
c - 340.06 235 63 61 307 17600 1 3578206 46874 2.1 93 43 3 26 62% 10208 127006 8926 13%
c - 341.79 152 60 61 308 17601 1 3595728 47545 2.2 92 42 3 26 63% 10208 127006 8926 13%
c - 343.56 153 57 61 309 17608 1 3613277 49026 2.2 90 40 3 26 63% 10208 127006 8926 13%
c - 345.34 150 55 61 310 17616 1 3630858 50118 2.3 88 39 3 26 63% 10208 127006 8926 13%
c - 347.20 152 53 61 311 17625 1 3648467 49232 2.3 85 38 3 26 63% 10208 127006 8926 13%
c ] 348.45 153 52 62 311 17631 1 3660340 59199 2.2 84 38 3 26 63% 10208 127006 8926 13%
c { 348.45 153 104 62 311 17631 3 3660340 59199 2.7 58 22 3 16 51% 10208 127006 8926 13%
c - 348.90 154 104 62 312 17684 3 3666102 51279 2.7 58 22 3 16 52% 10208 127006 8926 13%
c - 350.26 155 104 62 313 17819 3 3683767 57570 2.7 58 22 3 16 52% 10212 127006 8926 13%
c - 351.45 155 102 62 314 17926 3 3701461 62687 2.7 58 21 3 16 52% 10212 127006 8926 13%
c u 352.38 94 103 62 314 17980 3 3708234 63315 2.8 59 21 3 16 52% 10232 127006 8925 13%
c v 352.97 96 103 62 314 17980 3 3708234 60733 2.8 59 21 3 16 52% 10232 127006 8925 13%
c w 353.18 97 103 62 314 17980 3 3708234 60718 2.8 59 21 3 16 52% 10232 127006 8925 13%
c t 353.19 97 103 62 314 17980 3 3708234 60718 2.8 59 21 3 16 52% 10225 127001 8925 13%
c u 353.51 97 103 62 314 17980 3 3708234 59834 2.8 59 21 3 16 52% 10241 127001 8925 13%
c v 354.11 98 103 62 314 17980 3 3708234 54277 2.8 59 21 3 16 52% 10241 127001 8925 13%
c w 354.32 99 103 62 314 17980 3 3708234 54225 2.8 59 21 3 16 52% 10241 127001 8925 13%
c t 354.33 99 103 62 314 17980 3 3708234 54225 2.8 59 21 3 16 52% 10237 127001 8925 13%
c
c seconds     switched      rate           size/glue  tier1     binary          remaining
c         MB    reductions     conflicts         size   tier2       irredundant
c           level     restarts        redundant     glue    trail          variables
c
c i 354.34 99 103 62 314 17980 3 3708234 54225 2.8 59 21 3 16 52% 10237 127001 8925 13%
c - 355.18 103 102 62 315 18088 3 3719184 52096 2.7 59 22 3 16 52% 10233 127001 8925 13%
c - 356.65 110 102 62 316 18271 3 3736932 55279 2.7 59 22 3 16 52% 10236 127001 8925 13%
c - 358.20 116 102 62 317 18450 3 3754710 57907 2.7 60 22 3 16 52% 10237 127001 8925 13%
c o 358.43 118 102 62 317 18473 3 3757556 60704 2.7 59 22 3 16 52% 10237 127001 8925 13%
c s 359.43 120 102 62 317 18603 3 3770867 73639 2.7 60 22 3 16 52% 10241 126968 8925 13%
c e 359.45 120 102 62 317 18603 3 3770867 73639 2.7 60 22 3 16 52% 10234 127048 8920 13%
c s 359.45 120 102 62 317 18603 3 3770867 73639 2.7 60 22 3 16 52% 10234 127013 8920 13%
c - 359.59 128 102 62 318 18609 3 3772515 60118 2.7 60 22 3 16 52% 10234 127013 8920 13%
c - 361.05 133 102 62 319 18771 3 3790350 61917 2.7 60 22 3 16 52% 10234 127013 8920 13%
c - 362.47 139 100 62 320 18918 3 3808212 63297 2.7 61 22 3 16 52% 10235 127013 8920 13%
c - 363.86 146 99 62 321 19065 3 3826104 64850 2.7 61 22 3 16 52% 10236 127013 8920 13%
c - 365.40 155 99 62 322 19251 3 3844020 66030 2.7 62 23 3 16 52% 10236 127013 8920 13%
c - 366.89 163 100 62 323 19414 3 3861964 66906 2.7 62 23 3 16 52% 10237 127013 8920 13%
c } 367.06 165 100 63 323 19425 3 3864550 69409 2.7 62 23 3 16 52% 10237 127013 8920 13%
c [ 367.06 165 52 63 323 19425 1 3864550 69409 2.2 84 38 3 26 63% 10237 127013 8920 13%
c O 367.06 165 52 63 323 19425 1 3864550 69409 2.2 84 38 3 26 63% 10237 127013 8920 13%
c - 368.71 169 52 63 324 19434 1 3879938 63172 2.3 87 37 3 26 63% 10237 127013 8920 13%
c - 370.38 171 54 63 325 19440 1 3897938 54056 2.3 88 39 3 26 63% 10237 127013 8920 13%
c u 370.80 173 54 63 325 19441 1 3898531 49033 2.3 88 39 3 26 63% 10261 127013 8920 13%
c
c seconds     switched      rate           size/glue  tier1     binary          remaining
c          MB   reductions     conflicts         size   tier2       irredundant
c           level     restarts        redundant     glue    trail          variables
c
c v 371.05 174 54 63 325 19441 1 3898531 44220 2.3 88 39 3 26 63% 10258 127013 8920 13%
c w 371.43 177 54 63 325 19441 1 3898531 44087 2.3 88 39 3 26 63% 10258 127013 8920 13%
c t 371.44 177 54 63 325 19441 1 3898531 44087 2.3 88 39 3 26 63% 10247 127013 8920 13%
c - 372.92 124 60 63 326 19452 1 3915969 42467 2.2 90 42 3 26 63% 10247 127013 8920 13%
c - 374.63 131 65 63 327 19455 1 3934025 42525 2.1 93 44 3 26 64% 10247 127013 8920 13%
c - 376.24 132 68 63 328 19460 1 3952110 42945 2.1 96 46 3 26 64% 10247 127013 8920 13%
c - 377.81 140 66 63 329 19469 1 3970222 44300 2.1 95 45 3 26 64% 10247 127013 8920 13%
c - 379.46 142 66 63 330 19477 1 3988360 44159 2.1 96 45 3 26 64% 10248 127013 8920 13%
c - 381.18 144 67 63 331 19485 1 4006526 44504 2.1 96 45 3 26 64% 10248 127013 8920 13%
c - 383.00 113 67 63 332 19486 1 4024719 45361 2.1 96 45 3 26 63% 10248 127013 8920 13%
c B 383.24 113 67 63 332 19486 1 4027214 47762 2.1 96 45 3 26 63% 10248 127013 8920 13%
c ] 384.49 115 68 64 332 19487 1 4040852 60783 2.2 97 45 3 26 63% 10248 127013 8920 13%
c { 384.49 115 100 64 332 19487 3 4040852 60783 2.7 62 23 3 16 52% 10248 127013 8920 13%
c o 384.51 115 100 64 332 19490 3 4041012 60935 2.7 62 23 3 16 52% 10248 127013 8920 13%
c - 384.65 125 100 64 333 19501 3 4042940 45882 2.7 62 23 3 16 52% 10248 127013 8920 13%
c - 386.08 136 101 64 334 19668 3 4061189 51275 2.7 62 23 3 16 52% 10248 127013 8920 13%
c - 387.53 139 101 64 335 19805 3 4079464 57379 2.7 62 23 3 16 52% 10249 127013 8920 13%
c u 388.95 152 101 64 335 19890 3 4094072 68765 2.7 62 23 3 16 52% 10255 127013 8920 13%
c v 389.34 153 101 64 335 19890 3 4094072 67630 2.7 62 23 3 16 52% 10255 127013 8920 13%
c w 389.53 155 101 64 335 19890 3 4094072 67620 2.7 62 23 3 16 52% 10255 127013 8920 13%
c
c seconds      switched      rate           size/glue  tier1     binary          remaining
c          MB    reductions     conflicts         size   tier2       irredundant
c            level     restarts        redundant     glue    trail          variables
c
c x 389.81 164 101 64 335 19890 3 4094072 67596 2.7 62 23 3 16 52% 10258 126961 8920 13%
c t 392.02 164 101 64 335 19890 3 4094072 67596 2.7 62 23 3 16 52% 10256 126961 8920 13%
c - 392.36 166 101 64 336 19921 3 4097767 57493 2.7 62 23 3 16 52% 10256 126961 8920 13%
c - 393.96 144 102 64 337 20085 3 4116099 59756 2.7 62 23 3 16 52% 10260 126961 8920 13%
c - 395.57 159 101 64 338 20253 3 4134457 60957 2.7 63 24 3 16 52% 10262 126961 8920 13%
c - 397.18 173 103 64 339 20413 3 4152842 62699 2.7 64 24 3 16 52% 10263 126961 8920 13%
c - 398.76 181 102 64 340 20555 3 4171254 64577 2.7 64 24 3 16 53% 10264 126961 8920 13%
c - 400.49 189 101 64 341 20730 3 4189696 65387 2.7 65 24 3 16 53% 10264 126961 8920 13%
c - 402.09 197 98 64 342 20878 3 4208163 66186 2.7 66 24 3 16 53% 10264 126961 8920 13%
c - 403.87 206 98 64 343 21073 3 4226656 66909 2.7 67 25 3 16 53% 10266 126961 8920 13%
c - 405.42 163 98 64 344 21228 3 4245176 67818 2.7 67 25 3 16 53% 10269 126961 8920 13%
c } 406.57 167 99 65 344 21346 3 4257351 79646 2.7 67 25 3 16 53% 10269 126961 8920 13%
c [ 406.57 167 68 65 344 21346 1 4257351 79646 2.2 97 45 3 26 63% 10269 126961 8920 13%
c W 406.68 168 68 65 344 21346 1 4257351 79646 2.2 97 45 3 26 63% 10269 126961 8920 13%
c - 407.39 170 67 65 345 21351 1 4263723 66881 2.2 97 44 3 26 63% 10269 126961 8920 13%
c s 408.04 170 67 65 345 21353 1 4269935 72558 2.2 97 44 3 26 63% 10273 126946 8920 13%
c e 408.06 170 67 65 345 21353 1 4269935 72558 2.2 97 44 3 26 63% 10263 126993 8917 13%
c s 408.06 170 67 65 345 21353 1 4269935 72558 2.2 97 44 3 26 63% 10263 126969 8917 13%
c - 409.36 179 66 65 346 21360 1 4282297 60637 2.2 96 44 3 26 63% 10263 126969 8917 13%
c u 411.05 179 66 65 346 21364 1 4294878 66844 2.2 97 44 3 26 63% 10278 126969 8917 13%
c
c seconds     switched      rate           size/glue  tier1     binary          remaining
c          MB   reductions     conflicts         size   tier2       irredundant
c           level     restarts        redundant     glue    trail          variables
c
c v 411.54 181 66 65 346 21364 1 4294878 61701 2.2 97 44 3 26 63% 10279 126969 8917 13%
c w 411.83 187 66 65 346 21364 1 4294878 61285 2.2 97 44 3 26 63% 10279 126969 8917 13%
c t 411.84 187 66 65 346 21364 1 4294878 61285 2.2 97 44 3 26 63% 10268 126969 8917 13%
c - 412.44 187 66 65 347 21367 1 4300898 46331 2.2 97 44 3 26 63% 10268 126969 8917 13%
c - 414.46 190 66 65 348 21375 1 4319526 45215 2.2 94 44 3 26 62% 10268 126969 8917 13%
c - 416.17 131 66 65 349 21376 1 4338181 46541 2.2 93 43 3 26 62% 10268 126969 8917 13%
c o 416.42 131 66 65 349 21378 1 4340480 48674 2.1 93 43 3 26 62% 10268 126969 8917 13%
c - 418.02 132 67 65 350 21387 1 4356862 47005 2.1 92 44 3 26 62% 10268 126969 8917 13%
c - 420.11 133 67 65 351 21394 1 4375571 45383 2.1 92 44 3 26 62% 10268 126969 8917 13%
c - 422.24 135 66 65 352 21405 1 4394305 43644 2.1 91 44 3 26 62% 10268 126969 8917 13%
c - 424.28 136 65 65 353 21407 1 4413067 43188 2.1 92 45 3 26 61% 10268 126969 8917 13%
c - 426.46 98 66 65 354 21408 1 4431855 42776 2.0 93 46 3 26 61% 10268 126969 8917 13%
c ] 426.51 98 66 66 354 21408 1 4432275 43147 2.0 93 46 3 26 61% 10268 126969 8917 13%
c { 426.51 98 99 66 354 21408 3 4432275 43147 2.7 67 25 3 16 53% 10268 126969 8917 13%
c - 427.99 101 87 66 355 21409 3 4450670 53835 2.9 69 24 3 16 52% 10269 126969 8917 13%
c - 429.85 106 77 66 356 21409 2 4469512 67591 3.1 71 23 3 16 52% 10269 126969 8917 13%
c - 431.98 114 68 66 357 21409 2 4488379 73840 3.3 74 22 3 16 52% 10269 126969 8917 13%
c u 433.78 117 63 66 357 21409 2 4500980 82109 3.5 76 22 3 16 51% 10282 126969 8917 13%
c v 434.68 121 63 66 357 21409 2 4500980 79204 3.5 76 22 3 16 51% 10282 126969 8917 13%
c w 435.11 134 63 66 357 21409 2 4500980 79202 3.5 76 22 3 16 51% 10282 126969 8917 13%
c
c seconds     switched      rate           size/glue  tier1     binary          remaining
c          MB   reductions     conflicts         size   tier2       irredundant
c           level     restarts        redundant     glue    trail          variables
c
c t 435.13 134 63 66 357 21409 2 4500980 79202 3.5 76 22 3 16 51% 10277 126969 8917 13%
c - 435.62 146 61 66 358 21410 2 4507275 71157 3.5 75 21 3 16 51% 10277 126969 8917 13%
c - 437.25 147 56 66 359 21410 2 4526195 72905 3.7 77 21 3 16 52% 10277 126969 8917 13%
c - 438.42 149 52 66 360 21412 2 4545144 71665 3.8 77 20 3 16 51% 10279 126969 8917 13%
c i 439.47 152 50 66 360 21416 2 4562137 88451 3.9 77 20 3 16 50% 10288 126968 8914 13%
c - 439.52 152 50 66 361 21416 2 4564117 72225 3.9 76 19 3 16 49% 10281 126968 8914 13%
c - 440.72 154 46 66 362 21417 2 4583117 72511 3.8 71 18 3 16 50% 10282 126968 8914 13%
c - 441.89 156 43 66 363 21417 1 4602143 73090 3.9 69 18 3 16 50% 10282 126968 8914 13%
c - 443.31 158 40 66 364 21421 1 4621196 74384 3.9 67 17 3 16 51% 10282 126968 8914 13%
c - 444.63 160 37 66 365 21423 1 4640275 76093 3.8 65 17 3 16 52% 10282 126968 8914 13%
c - 446.06 161 35 66 366 21431 1 4659380 75692 3.8 64 17 3 16 54% 10282 126968 8914 13%
c } 446.22 161 35 67 366 21433 1 4661391 77640 3.8 64 17 3 16 54% 10282 126968 8914 13%
c [ 446.22 161 66 67 366 21433 1 4661391 77640 2.0 93 46 3 26 61% 10282 126968 8914 13%
c I 446.22 161 66 67 366 21433 1 4661391 77640 2.0 93 46 3 26 61% 10282 126968 8914 13%
c o 446.23 161 66 67 366 21433 1 4661391 77640 2.0 93 46 3 26 61% 10282 126968 8914 13%
c - 447.54 119 72 67 367 21443 1 4678513 69268 2.0 92 45 3 26 60% 10282 126968 8914 13%
c - 449.15 120 77 67 368 21450 1 4697670 57408 2.0 90 46 3 26 57% 10282 126968 8914 13%
c u 450.84 124 78 67 368 21459 1 4712399 66161 2.0 89 45 3 26 56% 10300 126909 8914 13%
c v 451.28 127 78 67 368 21459 1 4712399 62489 2.0 89 45 3 26 56% 10300 126909 8914 13%
c w 451.50 132 78 67 368 21459 1 4712399 62404 2.0 89 45 3 26 56% 10300 126909 8914 13%
c
c seconds     switched      rate           size/glue  tier1     binary          remaining
c          MB   reductions     conflicts         size   tier2       irredundant
c           level     restarts        redundant     glue    trail          variables
c
c t 451.51 132 78 67 368 21459 1 4712399 62404 2.0 89 45 3 26 56% 10294 126909 8914 13%
c - 451.83 140 78 67 369 21461 1 4716855 45217 2.0 89 45 3 26 55% 10294 126909 8914 13%
c - 452.96 142 80 67 370 21463 1 4736064 43807 2.0 92 47 3 26 52% 10294 126909 8914 13%
c - 454.11 144 78 67 371 21470 1 4755299 41441 2.0 92 47 3 27 50% 10294 126909 8914 13%
c - 455.20 144 81 67 372 21478 1 4774564 42210 1.9 93 48 3 27 47% 10294 126909 8914 13%
c - 456.31 144 81 67 373 21490 1 4793851 41470 1.9 91 49 3 27 46% 10294 126909 8914 13%
c s 456.97 144 82 67 373 21493 1 4806404 53360 1.9 90 48 3 27 45% 10302 126893 8914 13%
c e 456.98 144 82 67 373 21493 1 4806404 53360 1.9 90 48 3 27 45% 10293 126910 8909 13%
c s 456.99 144 82 67 373 21493 1 4806404 53360 1.9 90 48 3 27 45% 10293 126884 8909 13%
c - 457.39 147 83 67 374 21494 1 4813164 42360 1.9 91 49 3 27 44% 10293 126884 8909 13%
c - 458.52 125 85 67 375 21495 1 4832503 42049 1.8 92 50 3 27 42% 10293 126884 8909 13%
c B 459.44 126 84 67 375 21495 1 4846726 55096 1.8 91 51 3 27 42% 10293 126884 8909 13%
c - 459.72 127 87 67 376 21495 1 4851869 40325 1.8 93 51 3 27 42% 10293 126884 8909 13%
c - 460.82 118 89 67 377 21503 1 4871259 40215 1.9 97 52 3 27 41% 10293 126884 8909 13%
c - 462.05 126 82 67 378 21510 1 4890676 38520 2.0 97 49 3 27 41% 10293 126884 8909 13%
c - 463.20 122 77 67 379 21523 1 4910119 38661 2.0 93 48 3 27 40% 10293 126884 8909 13%
c ] 463.77 123 74 68 379 21525 1 4920168 47218 1.9 91 47 3 27 40% 10293 126884 8909 13%
c { 463.77 123 35 68 379 21525 1 4920168 47218 3.8 64 17 3 16 54% 10293 126884 8909 13%
c u 464.87 124 41 68 379 21663 2 4929133 53785 3.7 64 17 3 16 54% 10305 126884 8909 13%
c v 465.15 126 41 68 379 21663 2 4929133 50279 3.7 64 17 3 16 54% 10305 126884 8909 13%
c
c seconds     switched      rate           size/glue  tier1     binary          remaining
c          MB   reductions     conflicts         size   tier2       irredundant
c           level     restarts        redundant     glue    trail          variables
c
c w 465.56 131 41 68 379 21663 2 4929133 48192 3.7 64 17 3 16 54% 10305 126884 8909 13%
c t 465.57 131 41 68 379 21663 2 4929133 48192 3.7 64 17 3 16 54% 10301 126884 8909 13%
c - 465.63 124 41 68 380 21670 2 4929586 37699 3.7 64 17 3 16 54% 10301 126884 8909 13%
c - 467.41 125 52 68 381 21949 2 4949079 47760 3.4 63 18 3 16 54% 10301 126884 8909 13%
c o 468.43 128 58 68 381 22084 2 4961410 59899 3.4 62 19 3 16 54% 10302 126884 8909 13%
c - 469.07 84 61 68 382 22161 2 4968598 56018 3.3 62 19 3 16 55% 10302 126884 8909 13%
c - 470.93 85 69 68 383 22386 2 4988143 60193 3.2 62 19 3 16 55% 10302 126884 8909 13%
c - 472.80 86 76 68 384 22604 3 5007716 62399 3.1 61 20 3 16 55% 10303 126884 8909 13%
c - 474.43 85 80 68 385 22767 3 5027311 64973 3.0 60 20 3 16 55% 10303 126884 8909 13%
c - 476.25 86 84 68 386 22956 3 5046933 67044 3.0 60 20 3 16 56% 10303 126884 8909 13%
c - 477.95 86 86 68 387 23125 3 5066580 68428 2.9 58 20 3 16 55% 10303 126884 8909 13%
c - 479.70 86 89 68 388 23317 3 5086252 69766 2.9 58 20 3 16 55% 10303 126884 8909 13%
c - 481.55 87 92 68 389 23524 3 5105950 70463 2.8 58 21 3 16 55% 10303 126884 8909 13%
c - 483.35 86 94 68 390 23723 3 5125673 71247 2.8 58 21 3 16 55% 10304 126884 8909 13%
c - 485.04 87 94 68 391 23888 3 5145422 72441 2.8 59 21 3 16 55% 10304 126884 8909 13%
c u 485.90 86 94 68 391 23926 3 5151237 72295 2.8 59 21 3 16 55% 10307 126884 8909 13%
c v 486.31 87 94 68 391 23926 3 5151237 70706 2.8 59 21 3 16 55% 10307 126884 8909 13%
c w 486.49 88 94 68 391 23926 3 5151237 70689 2.8 59 21 3 16 55% 10307 126884 8909 13%
c x 486.78 90 94 68 391 23926 3 5151237 70652 2.8 59 21 3 16 55% 10318 126776 8909 13%
c t 486.79 90 94 68 391 23926 3 5151237 70652 2.8 59 21 3 16 55% 10314 126776 8909 13%
c
c seconds    switched      rate           size/glue  tier1     binary          remaining
c         MB   reductions     conflicts         size   tier2       irredundant
c          level     restarts        redundant     glue    trail          variables
c
c } 487.75 95 94 69 391 24014 3 5162227 81454 2.8 59 21 3 16 55% 10314 126776 8909 13%
c [ 487.75 95 74 69 391 24014 1 5162227 81454 1.9 91 47 3 27 40% 10314 126776 8909 13%
c W 487.82 104 74 69 391 24014 1 5162227 81454 1.9 91 47 3 27 40% 10314 126776 8909 13%
c - 488.00 112 73 69 392 24016 1 5165195 66409 2.0 90 46 3 27 40% 10314 126776 8909 13%
c - 489.10 114 68 69 393 24027 1 5184997 61588 2.0 87 43 3 27 40% 10314 126776 8909 13%
c - 490.36 112 63 69 394 24035 1 5204823 55271 2.0 83 41 3 27 40% 10314 126776 8909 13%
c - 491.59 114 59 69 395 24043 1 5224672 54325 2.1 80 38 3 27 40% 10314 126776 8909 13%
c - 492.93 115 55 69 396 24045 1 5244548 54334 2.1 78 37 3 27 40% 10314 126776 8909 13%
c - 494.38 116 54 69 397 24057 1 5264447 53283 2.1 78 37 3 27 40% 10314 126776 8909 13%
c - 495.86 118 53 69 398 24065 1 5284371 50417 2.1 77 37 3 27 40% 10314 126776 8909 13%
c o 497.18 120 52 69 398 24074 1 5301697 65257 2.1 77 37 3 27 40% 10314 126776 8909 13%
c - 497.37 122 55 69 399 24074 1 5304321 50732 2.1 78 38 3 27 41% 10314 126776 8909 13%
c - 499.05 125 66 69 400 24075 1 5324295 50648 2.0 86 43 3 27 45% 10314 126776 8909 13%
c - 500.96 105 74 69 401 24076 1 5344295 45193 2.0 91 47 3 27 48% 10314 126776 8909 13%
c O 502.85 112 80 69 401 24080 1 5363295 63391 1.9 97 50 3 27 51% 10314 126776 8909 13%
c - 502.96 113 79 69 402 24081 1 5364320 45014 2.0 97 50 3 27 51% 10314 126776 8909 13%
c u 504.79 128 79 69 402 24089 1 5378705 53512 2.0 98 49 3 27 52% 10328 126776 8909 13%
c v 505.02 129 79 69 402 24089 1 5378705 49295 2.0 98 49 3 27 52% 10328 126776 8909 13%
c w 505.77 138 79 69 402 24089 1 5378705 48597 2.0 98 49 3 27 52% 10328 126776 8909 13%
c t 505.79 138 79 69 402 24089 1 5378705 48597 2.0 98 49 3 27 52% 10323 126776 8909 13%
c
c seconds     switched      rate           size/glue  tier1     binary          remaining
c          MB   reductions     conflicts         size   tier2       irredundant
c           level     restarts        redundant     glue    trail          variables
c
c s 506.02 139 78 69 402 24090 1 5381073 50689 2.0 98 49 3 27 52% 10327 126745 8909 13%
c e 506.05 139 78 69 402 24090 1 5381073 50689 2.0 98 49 3 27 52% 10320 126836 8903 13%
c s 506.05 139 78 69 402 24090 1 5381073 50689 2.0 98 49 3 27 52% 10321 126795 8903 13%
c - 506.32 139 77 69 403 24091 1 5384371 39800 2.0 98 48 3 27 53% 10321 126795 8903 13%
c - 508.14 140 70 69 404 24099 1 5404446 43561 2.1 96 45 3 27 55% 10321 126795 8903 13%
c ] 510.15 141 66 70 404 24106 1 5424449 60408 2.2 94 44 3 27 56% 10321 126795 8903 13%
c { 510.15 141 94 70 404 24106 3 5424449 60408 2.8 59 21 3 16 55% 10321 126795 8903 13%
c - 510.17 141 94 70 405 24107 3 5424546 45045 2.8 59 21 3 16 55% 10321 126795 8903 13%
c - 511.06 143 90 70 406 24136 3 5444671 53746 2.8 54 19 3 16 50% 10324 126795 8903 13%
c - 512.02 145 86 70 407 24142 3 5464821 65631 2.8 50 18 3 16 47% 10327 126795 8903 13%
c - 512.92 149 84 70 408 24172 2 5484995 70923 2.7 45 17 3 16 43% 10336 126795 8903 13%
c - 513.94 162 85 70 409 24220 3 5505194 73898 2.7 43 16 3 16 41% 10344 126795 8903 13%
c - 515.09 175 85 70 410 24298 3 5525417 76309 2.6 41 15 3 16 40% 10349 126795 8903 13%
c i 515.89 188 84 70 410 24343 3 5543315 93040 2.6 39 15 3 16 38% 10355 126795 8902 13%
c - 516.01 188 84 70 411 24352 3 5545670 78771 2.6 38 15 3 16 38% 10352 126795 8902 13%
c i 516.32 200 85 70 411 24371 3 5551887 84724 2.6 38 15 3 16 38% 10359 126795 8901 13%
c - 517.00 202 83 70 412 24417 3 5565943 81205 2.6 37 14 3 16 37% 10355 126795 8901 13%
c - 518.15 216 84 70 413 24515 3 5586240 83526 2.5 35 14 3 16 36% 10365 126795 8901 13%
c - 519.34 229 86 70 414 24635 3 5606565 85906 2.5 34 13 3 16 36% 10373 126795 8901 13%
c u 519.90 242 85 70 414 24654 3 5611566 84727 2.5 34 13 3 16 35% 10390 126771 8901 13%
c
c seconds     switched      rate           size/glue  tier1     binary          remaining
c          MB   reductions     conflicts         size   tier2       irredundant
c           level     restarts        redundant     glue    trail          variables
c
c v 520.36 253 85 70 414 24654 3 5611566 83863 2.5 34 13 3 16 35% 10391 126771 8901 13%
c w 520.54 254 85 70 414 24654 3 5611566 83794 2.5 34 13 3 16 35% 10391 126771 8901 13%
c t 520.55 254 85 70 414 24654 3 5611566 83794 2.5 34 13 3 16 35% 10349 126771 8901 13%
c f 520.56 254 85 70 414 24654 3 5611566 83794 2.5 34 13 3 16 35% 10351 126752 8902 13%
c u 520.85 254 85 70 414 24654 3 5611566 79112 2.5 34 13 3 16 35% 10370 126752 8902 13%
c v 521.18 256 85 70 414 24654 3 5611566 78070 2.5 34 13 3 16 35% 10370 126752 8902 13%
c w 521.30 256 85 70 414 24654 3 5611566 78003 2.5 34 13 3 16 35% 10370 126752 8902 13%
c x 521.52 231 85 70 414 24654 3 5611566 78002 2.5 34 13 3 16 35% 10376 126673 8901 13%
c t 521.53 231 85 70 414 24654 3 5611566 77989 2.5 34 13 3 16 35% 10373 126661 8901 13%
c i 521.55 231 85 70 414 24654 3 5611566 77989 2.5 34 13 3 16 35% 10373 126661 8901 13%
c o 522.08 234 86 70 414 24714 3 5622250 88117 2.5 33 13 3 16 35% 10376 126661 8901 13%
c - 522.33 234 86 70 415 24740 3 5626911 76847 2.5 33 13 3 16 35% 10369 126661 8901 13%
c - 523.45 248 85 70 416 24835 3 5647282 80021 2.5 31 13 3 16 34% 10375 126661 8901 13%
c i 524.39 261 86 70 416 24954 3 5666150 97917 2.4 30 12 3 16 33% 10387 126659 8900 13%
c - 524.49 262 86 70 417 24966 3 5667678 82786 2.4 30 12 3 16 33% 10376 126659 8900 13%
c i 524.99 274 86 70 417 25038 3 5677904 92121 2.4 29 12 3 16 33% 10391 126659 8897 13%
c } 525.12 274 86 71 417 25049 3 5679778 93926 2.4 30 12 3 16 33% 10391 126659 8897 13%
c [ 525.12 274 66 71 417 25049 1 5679778 93926 2.2 94 44 3 27 56% 10391 126659 8897 13%
c B 525.12 274 66 71 417 25049 1 5679778 93926 2.2 94 44 3 27 56% 10391 126659 8897 13%
c - 526.04 275 65 71 418 25055 1 5688102 80174 2.2 95 43 3 27 56% 10382 126659 8897 13%
c
c seconds     switched      rate           size/glue  tier1     binary          remaining
c          MB   reductions     conflicts         size   tier2       irredundant
c           level     restarts        redundant     glue    trail          variables
c
c - 528.32 287 62 71 419 25063 1 5708548 70138 2.3 96 42 3 27 57% 10382 126659 8897 13%
c - 530.96 289 60 71 420 25073 1 5729017 62025 2.3 96 42 3 27 57% 10382 126659 8897 13%
c - 533.49 239 58 71 421 25079 1 5749511 60505 2.3 96 41 3 27 57% 10382 126659 8897 13%
c - 536.15 241 57 71 422 25085 1 5770030 61917 2.4 97 41 3 27 58% 10383 126659 8897 13%
c - 538.53 243 58 71 423 25094 1 5790572 62343 2.4 99 42 3 27 59% 10383 126659 8897 13%
c - 540.88 245 60 71 424 25105 1 5811139 59669 2.3 99 43 3 27 60% 10383 126659 8897 13%
c ] 541.31 245 60 72 424 25107 1 5814638 62722 2.3 99 43 3 27 61% 10383 126659 8897 13%
c { 541.31 245 86 72 424 25107 3 5814638 62722 2.4 30 12 3 16 33% 10383 126659 8897 13%
c - 542.94 179 91 72 425 25414 3 5831730 66078 2.4 34 14 3 16 35% 10387 126659 8897 13%
c u 545.25 186 94 72 425 25712 3 5849842 75987 2.4 38 16 3 16 37% 10457 126612 8897 13%
c v 545.93 187 94 72 425 25712 3 5849842 71267 2.4 38 16 3 16 37% 10454 126612 8897 13%
c w 546.25 191 94 72 425 25712 3 5849842 71237 2.4 38 16 3 16 37% 10454 126612 8897 13%
c t 546.26 191 94 72 425 25712 3 5849842 71237 2.4 38 16 3 16 37% 10423 126612 8897 13%
c f 546.27 191 94 72 425 25712 3 5849842 71237 2.4 38 16 3 16 37% 10423 126595 8898 13%
c u 546.85 201 94 72 425 25712 3 5849842 66409 2.4 38 16 3 16 37% 10459 126595 8898 13%
c v 547.46 202 94 72 425 25712 3 5849842 61696 2.4 38 16 3 16 37% 10461 126595 8898 13%
c w 547.86 205 94 72 425 25712 3 5849842 61668 2.4 38 16 3 16 37% 10461 126595 8898 13%
c t 547.87 205 94 72 425 25712 3 5849842 61668 2.4 38 16 3 16 37% 10440 126595 8898 13%
c - 548.07 210 93 72 426 25734 3 5852348 55202 2.4 38 16 3 16 37% 10440 126595 8898 13%
c - 549.91 224 96 72 427 26021 3 5872987 63501 2.4 41 17 3 16 40% 10441 126595 8898 13%
c
c seconds     switched      rate           size/glue  tier1     binary          remaining
c          MB   reductions     conflicts         size   tier2       irredundant
c           level     restarts        redundant     glue    trail          variables
c
c - 551.87 232 98 72 428 26285 4 5893650 70272 2.4 44 18 3 16 41% 10443 126595 8898 13%
c - 553.57 154 98 72 429 26505 3 5914340 74599 2.4 45 19 3 16 42% 10444 126595 8898 13%
c - 555.61 163 99 72 430 26754 3 5935052 77157 2.4 48 20 3 16 44% 10446 126595 8898 13%
c o 557.12 170 100 72 430 26927 3 5952620 94313 2.4 49 20 3 16 44% 10446 126595 8898 13%
c - 557.50 172 100 72 431 26963 3 5955789 78869 2.4 50 20 3 16 45% 10447 126595 8898 13%
c - 559.31 180 101 72 432 27135 3 5976551 81423 2.5 51 20 3 16 46% 10449 126595 8898 13%
c s 561.08 183 102 72 432 27347 3 5994767 99263 2.5 52 21 3 16 47% 10451 126554 8898 13%
c e 561.10 177 102 72 432 27347 3 5994767 99263 2.5 52 21 3 16 47% 10409 126823 8880 13%
c s 561.10 177 102 72 432 27347 3 5994767 99263 2.5 52 21 3 16 47% 10410 126702 8880 13%
c - 561.26 185 102 72 433 27355 3 5997341 82782 2.5 52 21 3 16 46% 10410 126702 8880 13%
c - 563.22 125 101 72 434 27555 3 6018150 83746 2.5 54 21 3 16 47% 10410 126702 8880 13%
c - 565.21 126 100 72 435 27750 3 6038982 85422 2.6 55 21 3 16 48% 10411 126702 8880 13%
c - 567.18 125 100 72 436 27942 3 6059840 86977 2.6 56 22 3 16 48% 10412 126702 8880 13%
c - 569.07 125 101 72 437 28137 3 6080720 87633 2.6 56 22 3 16 48% 10415 126702 8880 13%
c } 569.36 124 101 73 437 28168 3 6083555 90419 2.6 56 22 3 16 48% 10415 126702 8880 13%
c [ 569.36 124 60 73 437 28168 1 6083555 90419 2.3 99 43 3 27 61% 10415 126702 8880 13%
c W 569.39 133 60 73 437 28168 1 6083555 90419 2.3 99 43 3 27 61% 10415 126702 8880 13%
c u 571.17 138 59 73 437 28174 1 6093562 93449 2.3 98 42 3 27 61% 10425 126702 8880 13%
c v 571.84 142 59 73 437 28174 1 6093562 91525 2.3 98 42 3 27 61% 10425 126702 8880 13%
c w 572.16 147 59 73 437 28174 1 6093562 91070 2.3 98 42 3 27 61% 10425 126702 8880 13%
c
c seconds     switched      rate           size/glue  tier1     binary          remaining
c          MB   reductions     conflicts         size   tier2       irredundant
c           level     restarts        redundant     glue    trail          variables
c
c t 572.18 147 59 73 437 28174 1 6093562 91070 2.3 98 42 3 27 61% 10419 126702 8880 13%
c f 572.19 147 59 73 437 28174 1 6093562 91070 2.3 98 42 3 27 61% 10423 126637 8883 13%
c u 572.60 160 59 73 437 28174 1 6093562 87137 2.3 98 42 3 27 61% 10435 126637 8883 13%
c v 573.09 162 59 73 437 28174 1 6093562 85435 2.3 98 42 3 27 61% 10435 126637 8883 13%
c w 573.34 166 59 73 437 28174 1 6093562 85356 2.3 98 42 3 27 61% 10435 126637 8883 13%
c x 573.69 176 59 73 437 28174 1 6093562 85333 2.3 98 42 3 27 61% 10491 126485 8883 13%
c t 573.70 176 59 73 437 28174 1 6093562 85333 2.3 98 42 3 27 61% 10474 126485 8883 13%
c - 574.68 185 58 73 438 28179 1 6101624 69106 2.3 97 42 3 27 61% 10474 126485 8883 13%
c - 577.15 183 55 73 439 28188 1 6122552 60798 2.4 94 40 3 27 61% 10474 126485 8883 13%
c - 579.80 185 55 73 440 28197 1 6143505 57558 2.3 93 40 3 27 62% 10474 126485 8883 13%
c - 582.51 186 53 73 441 28198 1 6164483 55284 2.3 90 39 3 27 62% 10474 126485 8883 13%
c - 585.22 188 52 73 442 28211 1 6185486 56081 2.3 89 39 3 27 62% 10474 126485 8883 13%
c - 588.00 190 51 73 443 28219 1 6206510 55625 2.3 89 39 3 26 62% 10474 126485 8883 13%
c - 590.70 191 51 73 444 28228 1 6227558 54184 2.3 88 39 3 26 62% 10474 126485 8883 13%
c - 593.52 192 53 73 445 28230 1 6248632 53433 2.2 89 40 3 26 62% 10474 126485 8883 13%
c - 596.38 193 54 73 446 28230 1 6269727 52299 2.2 89 41 3 26 61% 10474 126485 8883 13%
c ] 598.31 194 55 74 446 28233 1 6284132 64205 2.1 89 42 3 26 61% 10474 126485 8883 13%
c { 598.31 194 101 74 446 28233 3 6284132 64205 2.6 56 22 3 16 48% 10474 126485 8883 13%
c - 598.89 201 102 74 447 28291 3 6290846 54142 2.6 56 22 3 16 48% 10474 126485 8883 13%
c o 599.02 201 102 74 447 28310 3 6292720 55983 2.6 56 22 3 16 48% 10474 126485 8883 13%
c
c seconds      switched      rate           size/glue  tier1     binary          remaining
c          MB    reductions     conflicts         size   tier2       irredundant
c            level     restarts        redundant     glue    trail          variables
c
c - 600.74 205 102 74 448 28474 3 6311990 63744 2.6 57 22 3 16 49% 10474 126485 8883 13%
c - 602.74 213 101 74 449 28673 3 6333159 68972 2.6 58 22 3 16 50% 10474 126485 8883 13%
c u 604.01 218 101 74 449 28738 3 6342723 73956 2.6 58 22 3 16 50% 10488 126485 8882 13%
c v 605.04 221 101 74 449 28738 3 6342723 68121 2.6 58 22 3 16 50% 10488 126485 8882 13%
c w 605.41 223 101 74 449 28738 3 6342723 68089 2.6 58 22 3 16 50% 10488 126485 8882 13%
c t 608.75 223 101 74 449 28738 3 6342723 68085 2.6 58 22 3 16 50% 10483 126478 8882 13%
c u 609.19 223 101 74 449 28738 3 6342723 67376 2.6 58 22 3 16 50% 10486 126478 8882 13%
c v 609.89 224 101 74 449 28738 3 6342723 64453 2.6 58 22 3 16 50% 10486 126478 8882 13%
c w 610.13 226 101 74 449 28738 3 6342723 64416 2.6 58 22 3 16 50% 10486 126478 8882 13%
c x 610.57 226 101 74 449 28738 3 6342723 64386 2.6 58 22 3 16 50% 10491 126394 8882 13%
c t 610.58 190 101 74 449 28738 3 6342723 64386 2.6 58 22 3 16 50% 10489 126394 8882 13%
c i 610.60 190 101 74 449 28738 3 6342723 64386 2.6 58 22 3 16 50% 10489 126394 8882 13%
c - 611.63 193 101 74 450 28853 3 6354348 60480 2.6 58 22 3 16 50% 10482 126394 8882 13%
c - 613.59 197 97 74 451 29025 3 6375567 65224 2.7 62 23 3 16 52% 10482 126394 8882 13%
c - 615.51 197 93 74 452 29188 3 6396803 68919 2.8 63 23 3 16 52% 10483 126394 8882 13%
c - 617.47 198 93 74 453 29368 3 6418063 71649 2.8 63 23 3 16 53% 10483 126394 8882 13%
c - 619.35 198 90 74 454 29476 3 6439349 74362 2.8 64 23 3 16 53% 10483 126394 8882 13%
c - 621.49 138 90 74 455 29678 3 6460656 76206 2.8 65 23 3 16 53% 10483 126394 8882 13%
c - 623.49 137 92 74 456 29855 3 6481986 76822 2.8 64 23 3 16 53% 10484 126394 8882 13%
c - 625.85 139 92 74 457 30081 3 6503340 77181 2.8 65 24 3 16 54% 10484 126394 8882 13%
c
c seconds     switched      rate           size/glue  tier1     binary          remaining
c          MB   reductions     conflicts         size   tier2       irredundant
c           level     restarts        redundant     glue    trail          variables
c
c - 627.93 133 91 74 458 30257 3 6524717 78100 2.8 65 24 3 16 54% 10484 126394 8882 13%
c - 629.96 133 91 74 459 30441 3 6546117 79778 2.8 66 24 3 16 54% 10484 126394 8882 13%
c } 631.94 89 92 75 459 30628 3 6566958 100131 2.7 66 24 3 16 54% 10484 126394 8882 13%
c [ 631.94 89 55 75 459 30628 1 6566958 100131 2.1 89 42 3 26 61% 10484 126394 8882 13%
c I 631.94 89 55 75 459 30628 1 6566958 100131 2.1 89 42 3 26 61% 10484 126394 8882 13%
c - 631.99 90 55 75 460 30628 1 6567541 80362 2.1 89 42 3 26 61% 10484 126394 8882 13%
c - 634.10 89 64 75 461 30641 1 6588989 73275 2.0 90 45 3 26 58% 10484 126394 8882 13%
c u 635.49 87 66 75 461 30642 1 6597373 73169 2.0 90 45 3 26 57% 10487 126394 8882 13%
c v 636.16 89 66 75 461 30642 1 6597373 67863 2.0 90 45 3 26 57% 10487 126394 8882 13%
c w 636.47 95 66 75 461 30642 1 6597373 67233 2.0 90 45 3 26 57% 10487 126394 8882 13%
c t 636.48 95 66 75 461 30642 1 6597373 67233 2.0 90 45 3 26 57% 10486 126394 8882 13%
c - 637.60 76 68 75 462 30649 1 6610461 53511 2.0 89 45 3 26 56% 10486 126394 8882 13%
c - 640.21 82 74 75 463 30657 1 6631956 53015 1.9 89 47 3 27 56% 10486 126394 8882 13%
c s 642.49 84 72 75 463 30658 1 6648270 68181 1.9 89 47 3 27 56% 10492 126328 8882 13%
c e 642.52 77 72 75 463 30658 1 6648270 68181 1.9 89 47 3 27 56% 10465 126601 8864 13%
c s 642.53 77 72 75 463 30658 1 6648270 68181 1.9 89 47 3 27 56% 10466 126491 8864 13%
c e 642.54 77 72 75 463 30658 1 6648270 68181 1.9 89 47 3 27 56% 10459 126505 8863 13%
c o 642.55 80 72 75 463 30658 1 6648270 67683 1.9 89 47 3 27 56% 10459 126505 8863 13%
c - 643.06 86 74 75 464 30662 1 6653473 50789 1.9 89 48 3 26 56% 10459 126505 8863 13%
c - 645.34 88 71 75 465 30673 1 6675014 51545 2.0 90 46 3 26 58% 10459 126505 8863 13%
c
c seconds    switched      rate           size/glue  tier1     binary          remaining
c         MB   reductions     conflicts         size   tier2       irredundant
c          level     restarts        redundant     glue    trail          variables
c
c - 647.78 90 66 75 466 30683 1 6696580 52139 2.1 90 44 3 26 60% 10459 126505 8863 13%
c - 650.25 93 61 75 467 30689 1 6718167 54017 2.2 90 42 3 26 61% 10459 126505 8863 13%
c - 653.00 96 59 75 468 30690 1 6739777 53553 2.2 90 40 3 26 62% 10459 126505 8863 13%
c - 655.75 98 56 75 469 30690 1 6761411 53965 2.3 89 39 3 26 62% 10460 126505 8863 13%
c - 658.32 101 56 75 470 30703 1 6783067 53628 2.3 90 40 3 26 62% 10460 126505 8863 13%
c ] 659.01 101 56 76 470 30704 1 6788347 58152 2.3 90 40 3 26 62% 10460 126505 8863 13%
c { 659.01 101 92 76 470 30704 3 6788347 58152 2.7 66 24 3 16 54% 10460 126505 8863 13%
c - 660.28 108 93 76 471 30803 3 6804749 58865 2.7 65 24 3 16 54% 10460 126505 8863 13%
c - 661.95 115 94 76 472 30959 3 6826451 68634 2.7 65 24 3 16 54% 10460 126505 8863 13%
c - 663.73 133 95 76 473 31095 3 6848176 73395 2.8 65 23 3 16 55% 10461 126505 8863 13%
c u 665.08 138 96 76 473 31172 3 6857516 78279 2.8 66 23 3 16 55% 10467 126505 8863 13%
c v 666.13 142 96 76 473 31172 3 6857516 72267 2.8 66 23 3 16 55% 10467 126505 8863 13%
c w 666.53 144 96 76 473 31172 3 6857516 72246 2.8 66 23 3 16 55% 10467 126505 8863 13%
c t 666.54 144 96 76 473 31172 3 6857516 72246 2.8 66 23 3 16 55% 10460 126505 8863 13%
c f 666.56 144 96 76 473 31172 3 6857516 72246 2.8 66 23 3 16 55% 10463 126441 8866 13%
c u 667.00 154 96 76 473 31172 3 6857516 71620 2.8 66 23 3 16 55% 10465 126441 8866 13%
c v 667.61 156 96 76 473 31172 3 6857516 67170 2.8 66 23 3 16 55% 10465 126441 8866 13%
c w 667.87 158 96 76 473 31172 3 6857516 67149 2.8 66 23 3 16 55% 10465 126441 8866 13%
c x 668.29 158 96 76 473 31172 3 6857516 67096 2.8 66 23 3 16 55% 10472 126308 8866 13%
c t 668.31 158 96 76 473 31172 3 6857516 67096 2.8 66 23 3 16 55% 10471 126308 8866 13%
c
c seconds     switched      rate           size/glue  tier1     binary          remaining
c          MB   reductions     conflicts         size   tier2       irredundant
c           level     restarts        redundant     glue    trail          variables
c
c - 669.40 164 97 76 474 31264 3 6869925 63939 2.8 65 23 3 16 55% 10472 126308 8866 13%
c - 671.13 175 99 76 475 31425 3 6891696 69289 2.8 65 23 3 16 55% 10473 126308 8866 13%
c - 673.06 185 100 76 476 31632 3 6913491 72691 2.8 65 23 3 16 54% 10473 126308 8866 13%
c - 674.84 176 101 76 477 31779 3 6935310 75224 2.8 64 23 3 16 54% 10474 126308 8866 13%
c - 676.79 189 101 76 478 31957 3 6957150 77158 2.8 64 23 3 16 53% 10476 126308 8866 13%
c - 678.86 210 102 76 479 32156 3 6979014 77776 2.7 65 24 3 16 54% 10477 126308 8866 13%
c - 680.95 233 102 76 480 32348 3 7000900 78798 2.7 65 24 3 16 54% 10477 126308 8866 13%
c o 681.67 236 101 76 480 32397 3 7009462 87144 2.8 65 24 3 16 54% 10477 126308 8866 13%
c - 682.84 245 100 76 481 32493 3 7022810 81040 2.7 64 23 3 16 54% 10478 126308 8866 13%
c - 684.94 210 101 76 482 32641 3 7044741 83405 2.8 64 23 3 16 54% 10479 126308 8866 13%
c - 687.04 225 100 76 483 32809 3 7066695 84186 2.8 65 23 3 16 54% 10479 126308 8866 13%
c } 688.78 237 101 77 483 32976 3 7085397 102537 2.8 65 23 3 16 54% 10479 126308 8866 13%
c [ 688.78 237 56 77 483 32976 1 7085397 102537 2.3 90 40 3 26 62% 10479 126308 8866 13%
c B 688.78 237 56 77 483 32976 1 7085397 102537 2.3 90 40 3 26 62% 10479 126308 8866 13%
c - 689.13 238 57 77 484 32978 1 7088674 83210 2.2 91 41 3 26 62% 10479 126308 8866 13%
c - 691.51 241 56 77 485 32990 1 7110675 75617 2.3 92 40 3 26 63% 10479 126308 8866 13%
c u 693.63 244 55 77 485 32994 1 7123175 79925 2.4 93 39 3 26 63% 10488 126308 8866 13%
c v 694.35 246 55 77 485 32994 1 7123175 75836 2.4 93 39 3 26 63% 10488 126308 8866 13%
c w 694.72 252 55 77 485 32994 1 7123175 74755 2.4 93 39 3 26 63% 10488 126308 8866 13%
c t 694.73 183 55 77 485 32994 1 7123175 74755 2.4 93 39 3 26 63% 10485 126308 8866 13%
c
c seconds     switched      rate           size/glue  tier1     binary          remaining
c          MB   reductions     conflicts         size   tier2       irredundant
c           level     restarts        redundant     glue    trail          variables
c
c - 695.83 183 55 77 486 33000 1 7132697 55777 2.4 93 39 3 26 63% 10485 126308 8866 13%
c - 698.37 185 55 77 487 33006 1 7154742 53458 2.4 94 40 3 26 63% 10485 126308 8866 13%
c - 701.08 187 56 77 488 33013 1 7176811 52072 2.3 94 41 3 26 63% 10485 126308 8866 13%
c - 703.61 188 57 77 489 33021 1 7198902 52636 2.2 93 41 3 26 62% 10485 126308 8866 13%
c - 705.81 127 54 77 490 33035 1 7221016 55484 2.3 90 39 3 26 63% 10485 126308 8866 13%
c - 708.37 129 50 77 491 33037 1 7243151 58164 2.4 87 37 3 26 63% 10485 126308 8866 13%
c - 711.16 130 48 77 492 33038 1 7265310 59419 2.4 85 36 3 26 63% 10485 126308 8866 13%
c - 713.86 131 47 77 493 33043 1 7287491 58572 2.4 84 35 3 26 63% 10485 126308 8866 13%
c ] 716.20 134 48 78 493 33053 1 7309557 78241 2.4 86 36 3 26 64% 10485 126308 8866 13%
c { 716.20 134 101 78 493 33053 3 7309557 78241 2.8 65 23 3 16 54% 10485 126308 8866 13%
c - 716.22 99 100 78 494 33055 3 7309695 57945 2.8 65 23 3 16 54% 10485 126308 8866 13%
c - 718.34 108 98 78 495 33312 3 7331922 61315 2.7 67 24 3 16 55% 10487 126308 8866 13%
c s 719.27 110 97 78 495 33398 3 7342346 71368 2.7 67 25 3 16 55% 10489 126279 8866 13%
c e 719.29 110 97 78 495 33398 3 7342346 71368 2.7 67 25 3 16 55% 10479 126398 8858 13%
c s 719.30 110 97 78 495 33398 3 7342346 71368 2.7 67 25 3 16 55% 10479 126344 8858 13%
c - 719.71 121 92 78 496 33435 3 7354170 68111 2.6 63 24 3 16 51% 10480 126344 8858 13%
c - 721.85 130 92 78 497 33637 3 7376442 73239 2.7 65 24 3 16 53% 10480 126344 8858 13%
c o 722.06 131 92 78 497 33647 3 7379747 76478 2.7 65 24 3 16 53% 10480 126344 8858 13%
c u 724.17 139 92 78 497 33819 3 7394352 85930 2.7 66 25 3 16 54% 10487 126344 8858 13%
c v 725.20 143 92 78 497 33819 3 7394352 79838 2.7 66 25 3 16 54% 10487 126344 8858 13%
c
c seconds     switched      rate           size/glue  tier1     binary          remaining
c          MB   reductions     conflicts         size   tier2       irredundant
c           level     restarts        redundant     glue    trail          variables
c
c w 725.60 147 92 78 497 33819 3 7394352 79819 2.7 66 25 3 16 54% 10487 126344 8858 13%
c t 725.61 147 92 78 497 33819 3 7394352 79819 2.7 66 25 3 16 54% 10481 126344 8858 13%
c f 725.62 147 92 78 497 33819 3 7394352 79819 2.7 66 25 3 16 54% 10481 126308 8860 13%
c u 726.04 158 92 78 497 33819 3 7394352 79191 2.7 66 25 3 16 54% 10484 126308 8860 13%
c v 726.98 161 92 78 497 33819 3 7394352 71225 2.7 66 25 3 16 54% 10484 126308 8860 13%
c w 727.55 165 92 78 497 33819 3 7394352 70498 2.7 66 25 3 16 54% 10484 126308 8860 13%
c - 727.90 164 92 78 498 33825 3 7398738 59374 2.7 67 25 3 16 54% 10484 126308 8860 13%
c - 729.97 160 92 78 499 34029 3 7421053 64783 2.7 68 25 3 16 55% 10485 126308 8860 13%
c - 732.16 167 90 78 500 34245 3 7443391 68810 2.7 70 26 3 16 55% 10485 126308 8860 13%
c - 734.34 165 91 78 501 34430 3 7465751 71484 2.7 71 26 3 16 56% 10485 126308 8860 13%
c - 736.56 162 89 78 502 34607 3 7488135 73334 2.7 70 26 3 16 56% 10485 126308 8860 13%
c - 738.42 111 87 78 503 34718 3 7510540 75911 2.8 71 26 3 16 57% 10485 126308 8860 13%
c - 740.70 110 89 78 504 34948 3 7532967 77282 2.7 71 26 3 16 57% 10485 126308 8860 13%
c - 743.09 111 90 78 505 35179 3 7555417 76708 2.7 72 27 3 16 56% 10485 126308 8860 13%
c - 745.28 110 90 78 506 35356 3 7577889 77793 2.7 72 27 3 16 57% 10485 126308 8860 13%
c - 747.26 111 87 78 507 35480 3 7600384 79469 2.7 71 26 3 16 56% 10486 126308 8860 13%
c } 749.33 92 87 79 507 35669 3 7621147 99415 2.7 71 27 3 16 56% 10487 126308 8860 13%
c [ 749.33 92 48 79 507 35669 1 7621147 99415 2.4 86 36 3 26 64% 10487 126308 8860 13%
c W 749.40 100 48 79 507 35669 1 7621147 99415 2.4 86 36 3 26 64% 10487 126308 8860 13%
c - 749.60 100 48 79 508 35670 1 7622900 79507 2.4 86 36 3 26 64% 10487 126308 8860 13%
c
c seconds     switched      rate           size/glue  tier1     binary          remaining
c          MB   reductions     conflicts         size   tier2       irredundant
c           level     restarts        redundant     glue    trail          variables
c
c - 751.91 101 50 79 509 35682 1 7645440 72015 2.4 88 37 3 26 64% 10487 126308 8860 13%
c - 754.20 111 50 79 510 35692 1 7668001 61192 2.4 89 37 3 26 64% 10487 126308 8860 13%
c u 754.94 122 51 79 510 35694 1 7671100 58725 2.4 90 37 3 26 64% 10493 126308 8860 13%
c v 755.20 124 51 79 510 35694 1 7671100 53288 2.4 90 37 3 26 64% 10493 126308 8860 13%
c w 755.72 128 51 79 510 35694 1 7671100 53021 2.4 90 37 3 26 64% 10493 126308 8860 13%
c x 756.09 137 51 79 510 35694 1 7671100 53015 2.4 90 37 3 26 64% 10501 126192 8860 13%
c t 756.10 137 51 79 510 35694 1 7671100 53015 2.4 90 37 3 26 64% 10497 126192 8860 13%
c - 758.16 139 52 79 511 35699 1 7690584 51982 2.4 93 38 3 26 64% 10497 126192 8860 13%
c - 760.61 149 53 79 512 35706 1 7713189 51332 2.4 95 39 3 26 64% 10497 126192 8860 13%
c - 762.81 151 55 79 513 35714 1 7735818 52994 2.4 96 40 3 26 64% 10497 126192 8860 13%
c - 765.09 161 53 79 514 35728 1 7758471 52393 2.4 95 39 3 26 65% 10497 126192 8860 13%
c - 767.64 163 51 79 515 35730 1 7781146 51999 2.4 92 38 3 26 64% 10497 126192 8860 13%
c - 770.12 137 50 79 516 35731 1 7803839 52410 2.4 91 38 3 26 65% 10497 126192 8860 13%
c - 772.55 139 48 79 517 35738 1 7826558 53438 2.4 90 37 3 26 65% 10497 126192 8860 13%
c - 775.05 140 47 79 518 35746 1 7849296 54732 2.4 87 36 3 26 65% 10497 126192 8860 13%
c - 777.42 141 46 79 519 35760 1 7872055 54482 2.4 86 36 3 26 65% 10497 126192 8860 13%
c O 777.45 141 46 79 519 35760 1 7872258 54654 2.4 86 36 3 26 65% 10497 126192 8860 13%
c o 777.45 141 46 79 519 35760 1 7872258 54654 2.4 86 36 3 26 65% 10497 126192 8860 13%
c - 779.39 145 48 79 520 35762 1 7894836 54767 2.6 96 36 3 26 65% 10497 126192 8860 13%
c ] 779.49 145 49 80 520 35762 1 7896106 55970 2.6 96 37 3 26 65% 10497 126192 8860 13%
c
c seconds     switched      rate           size/glue  tier1     binary          remaining
c          MB   reductions     conflicts         size   tier2       irredundant
c           level     restarts        redundant     glue    trail          variables
c
c { 779.49 145 87 80 520 35762 3 7896106 55970 2.7 71 27 3 16 56% 10497 126192 8860 13%
c - 780.86 104 86 80 521 35804 2 7917639 61797 2.7 69 26 3 16 55% 10498 126192 8860 13%
c - 782.47 111 85 80 522 35895 2 7940464 67869 2.8 69 25 2 16 54% 10498 126192 8860 13%
c u 783.60 116 84 80 522 35934 2 7953409 78496 2.8 67 24 2 16 54% 10507 126192 8860 13%
c v 784.66 119 84 80 522 35934 2 7953409 73251 2.8 67 24 2 16 54% 10507 126192 8860 13%
c w 784.98 121 84 80 522 35934 2 7953409 73204 2.8 67 24 2 16 54% 10507 126192 8860 13%
c t 784.99 121 84 80 522 35934 2 7953409 73204 2.8 67 24 2 16 54% 10503 126192 8860 13%
c - 785.74 125 84 80 523 35994 2 7963313 65538 2.8 67 24 2 16 55% 10503 126192 8860 13%
c - 787.22 133 85 80 524 36107 2 7986182 70379 2.8 65 23 2 16 54% 10503 126192 8860 13%
c - 788.95 146 86 80 525 36223 2 8009073 73295 2.9 65 22 2 16 55% 10505 126192 8860 13%
c - 790.75 156 84 80 526 36333 2 8031986 75679 2.9 64 22 2 16 54% 10507 126192 8860 13%
c - 792.68 168 85 80 527 36490 2 8054920 77208 2.9 63 21 2 16 54% 10509 126192 8860 13%
c s 794.60 182 86 80 527 36649 2 8077718 99688 2.9 62 21 2 16 54% 10513 126158 8860 13%
c e 794.62 182 86 80 527 36649 2 8077718 99688 2.9 62 21 2 16 54% 10493 126331 8849 13%
c s 794.63 182 86 80 527 36649 2 8077718 99688 2.9 62 21 2 16 54% 10493 126276 8849 13%
c - 794.67 190 86 80 528 36649 2 8077876 77634 2.9 62 21 2 16 54% 10493 126276 8849 13%
c - 796.96 206 85 80 529 36851 3 8100855 78153 2.9 62 21 2 16 53% 10493 126276 8849 13%
c - 798.91 220 86 80 530 37024 3 8123855 78994 2.9 62 21 2 16 53% 10496 126276 8849 13%
c - 800.99 235 85 80 531 37206 3 8146876 80111 3.0 63 21 2 16 53% 10497 126276 8849 13%
c - 803.15 209 84 80 532 37383 3 8169921 80746 3.0 63 21 2 16 53% 10497 126276 8849 13%
c
c seconds     switched      rate           size/glue  tier1     binary          remaining
c          MB   reductions     conflicts         size   tier2       irredundant
c           level     restarts        redundant     glue    trail          variables
c
c - 805.28 232 85 80 533 37576 3 8192986 81440 2.9 62 21 2 16 52% 10497 126276 8849 13%
c - 807.47 247 86 80 534 37774 3 8216072 82264 3.0 62 21 2 16 53% 10498 126276 8849 13%
c } 807.98 250 86 81 534 37819 3 8222549 88543 2.9 62 21 2 16 53% 10498 126276 8849 13%
c [ 807.98 250 49 81 534 37819 1 8222549 88543 2.6 96 37 3 26 65% 10498 126276 8849 13%
c B 807.98 250 49 81 534 37819 1 8222549 88543 2.6 96 37 3 26 65% 10498 126276 8849 13%
c - 809.82 251 54 81 535 37829 1 8239180 75162 2.5 98 39 3 26 65% 10498 126276 8849 13%
c u 810.46 253 54 81 535 37831 1 8241287 73393 2.5 98 40 3 26 65% 10509 126276 8849 13%
c v 811.33 257 54 81 535 37831 1 8241287 65440 2.5 98 40 3 26 65% 10509 126276 8849 13%
c w 811.66 259 54 81 535 37831 1 8241287 65275 2.5 98 40 3 26 65% 10509 126276 8849 13%
c t 811.67 191 54 81 535 37831 1 8241287 65275 2.5 98 40 3 26 65% 10502 126276 8849 13%
c f 811.69 191 54 81 535 37831 1 8241287 65275 2.5 98 40 3 26 65% 10503 126243 8850 13%
c u 812.06 189 54 81 535 37831 1 8241287 64801 2.5 98 40 3 26 65% 10504 126243 8850 13%
c v 812.78 191 54 81 535 37831 1 8241287 57236 2.5 98 40 3 26 65% 10505 126243 8850 13%
c w 813.26 193 54 81 535 37831 1 8241287 57127 2.5 98 40 3 26 65% 10505 126243 8850 13%
c - 815.53 195 59 81 536 37839 1 8262310 49655 2.4 102 42 3 26 64% 10505 126243 8850 13%
c - 818.00 197 58 81 537 37848 1 8285462 47868 2.4 100 41 3 26 64% 10505 126243 8850 13%
c - 820.62 199 58 81 538 37852 1 8308635 48275 2.4 100 41 3 26 63% 10505 126243 8850 13%
c - 823.32 125 58 81 539 37864 1 8331831 47102 2.4 99 42 3 26 63% 10505 126243 8850 13%
c - 826.10 129 58 81 540 37876 1 8355049 47130 2.3 99 42 3 26 63% 10505 126243 8850 13%
c o 826.19 129 58 81 540 37877 1 8355869 47828 2.3 99 42 3 26 63% 10505 126243 8850 13%
c
c seconds     switched      rate           size/glue   tier1     binary          remaining
c          MB   reductions     conflicts         size    tier2       irredundant
c           level     restarts        redundant      glue    trail          variables
c
c - 828.77 133 62 81 541 37880 1 8378286 48071 2.2 100 45 3 26 63% 10505 126243 8850 13%
c - 831.52 141 64 81 542 37881 1 8401545 46548 2.2 100 46 3 26 63% 10505 126243 8850 13%
c - 834.23 118 68 81 543 37886 1 8424827 46845 2.1 102 48 3 26 63% 10505 126243 8850 13%
c - 836.95 135 68 81 544 37896 1 8448130 48939 2.2 104 47 3 26 64% 10505 126243 8850 13%
c ] 838.49 137 67 82 544 37903 1 8461368 60933 2.2 103 47 3 26 64% 10505 126243 8850 13%
c { 838.49 137 86 82 544 37903 3 8461368 60933 2.9 62 21 2 16 53% 10505 126243 8850 13%
c - 839.28 139 80 82 545 37904 2 8471453 56290 3.1 65 21 2 16 54% 10505 126243 8850 13%
c - 841.33 139 68 82 546 37904 2 8494798 71366 3.5 69 20 2 16 55% 10505 126243 8850 13%
c - 843.30 145 61 82 547 37905 2 8518165 81522 3.8 74 19 2 16 56% 10505 126243 8850 13%
c u 845.06 119 56 82 547 37906 2 8534787 96797 4.1 77 19 2 16 57% 10509 126243 8850 13%
c v 846.61 126 56 82 547 37906 2 8534787 93027 4.1 77 19 2 16 57% 10509 126243 8850 13%
c w 847.16 141 56 82 547 37906 2 8534787 93020 4.1 77 19 2 16 57% 10509 126243 8850 13%
c t 847.18 141 56 82 547 37906 2 8534787 93020 4.1 77 19 2 16 57% 10508 126243 8850 13%
c - 847.56 119 54 82 548 37907 2 8541553 80506 4.1 76 18 2 16 57% 10509 126243 8850 13%
c - 849.59 117 48 82 549 37912 2 8564963 82751 4.4 78 18 2 16 56% 10509 126243 8850 13%
c - 851.24 122 44 82 550 37917 2 8588393 84377 4.4 76 17 2 16 56% 10510 126243 8850 13%
c i 852.82 118 43 82 550 37941 1 8611744 107385 4.4 72 16 2 16 54% 10520 126243 8847 13%
c - 852.85 119 43 82 551 37941 1 8611845 84915 4.4 72 16 2 16 54% 10508 126243 8847 13%
c - 853.88 117 44 82 552 37954 1 8635318 85132 4.3 66 15 2 16 52% 10512 126243 8847 13%
c - 855.06 120 42 82 553 37988 1 8658812 85420 4.2 62 15 2 16 50% 10518 126243 8847 13%
c
c seconds     switched      rate           size/glue  tier1     binary          remaining
c          MB   reductions     conflicts         size   tier2       irredundant
c           level     restarts        redundant     glue    trail          variables
c
c - 856.26 122 43 82 554 38033 1 8682328 86587 4.2 59 14 2 16 48% 10531 126243 8847 13%
c - 857.27 122 43 82 555 38070 1 8705865 87443 4.1 54 13 2 16 46% 10540 126243 8847 13%
c i 858.07 114 43 82 555 38126 1 8721670 102993 4.1 53 13 2 16 45% 10546 126243 8846 13%
c - 858.49 121 43 82 556 38151 1 8729424 88599 4.1 52 13 2 16 45% 10546 126243 8846 13%
c i 858.71 118 41 82 556 38155 1 8736181 95013 4.1 51 13 2 16 45% 10554 126243 8843 13%
c - 859.43 122 40 82 557 38198 1 8753003 89275 4.0 48 12 2 16 43% 10531 126243 8843 13%
c o 859.81 115 38 82 557 38199 1 8767306 103170 3.8 45 12 2 16 39% 10531 126243 8843 13%
c - 860.29 117 38 82 558 38259 1 8776604 89483 3.8 44 12 2 16 39% 10539 126243 8843 13%
c i 860.46 120 39 82 558 38275 1 8782945 95453 3.8 43 11 2 16 38% 10545 126243 8842 13%
c - 861.28 120 39 82 559 38380 1 8800228 91644 3.8 43 11 2 16 38% 10548 126243 8842 13%
c } 861.34 120 38 83 559 38380 1 8802975 94327 3.7 42 11 2 16 38% 10548 126243 8842 13%
c [ 861.34 120 67 83 559 38380 1 8802975 94327 2.2 103 47 3 26 64% 10548 126243 8842 13%
c W 861.48 120 67 83 559 38380 1 8802975 94327 2.2 103 47 3 26 64% 10548 126141 8842 13%
c - 863.52 120 64 83 560 38393 1 8823873 80498 2.3 102 45 3 26 64% 10548 126141 8842 13%
c b 864.63 121 63 83 560 38394 1 8833905 89443 2.3 102 44 3 26 64% 10571 126118 8841 13%
c u 864.95 133 63 83 560 38394 1 8833905 86845 2.3 102 44 3 26 64% 10585 126118 8838 13%
c v 865.32 135 63 83 560 38394 1 8833905 84863 2.3 102 44 3 26 64% 10585 126118 8838 13%
c w 865.52 141 63 83 560 38394 1 8833905 84575 2.3 102 44 3 26 64% 10585 126118 8838 13%
c x 865.79 115 63 83 560 38394 1 8833905 84561 2.3 102 44 3 26 64% 10638 125913 8836 13%
c t 865.80 115 63 83 560 38394 1 8833905 84516 2.3 102 44 3 26 64% 10621 125904 8836 13%
c
c seconds     switched      rate           size/glue   tier1     binary          remaining
c          MB   reductions     conflicts         size    tier2       irredundant
c           level     restarts        redundant      glue    trail          variables
c
c u 866.24 116 63 83 560 38394 1 8833905 81423 2.3 102 44 3 26 64% 10655 125904 8835 13%
c v 866.76 117 63 83 560 38394 1 8833905 78879 2.3 102 44 3 26 64% 10655 125904 8835 13%
c w 867.02 122 63 83 560 38394 1 8833905 78829 2.3 102 44 3 26 64% 10655 125904 8835 13%
c = 869.16 122 63 83 560 38394 1 8833905 78829 2.3 102 44 3 26 64% 10655 125890 8834 13%
c t 869.17 122 63 83 560 38394 1 8833905 78826 2.3 102 44 3 26 64% 10638 125889 8834 13%
c i 869.18 122 63 83 560 38394 1 8833905 78826 2.3 102 44 3 26 64% 10638 125889 8834 13%
c - 870.73 113 62 83 561 38401 1 8847537 56284 2.3 102 44 3 26 64% 10585 125889 8834 13%
c s 871.54 114 62 83 561 38407 1 8855125 63124 2.3 102 44 3 26 64% 10590 125798 8834 13%
c e 871.57 115 62 83 561 38407 1 8855125 63124 2.3 102 44 3 26 64% 10517 126211 8805 13%
c s 871.58 115 62 83 561 38407 1 8855125 63124 2.3 102 44 3 26 64% 10517 126081 8805 13%
c e 871.59 115 62 83 561 38407 1 8855125 63124 2.3 102 44 3 26 64% 10516 126098 8804 13%
c - 873.38 125 60 83 562 38410 1 8871226 51553 2.4 100 42 3 26 64% 10516 126098 8804 13%
c - 875.99 127 55 83 563 38417 1 8894932 52487 2.5 98 40 3 26 64% 10516 126098 8804 13%
c - 878.43 124 52 83 564 38426 1 8918659 55992 2.5 96 38 3 26 65% 10516 126098 8804 13%
c - 880.90 127 53 83 565 38439 1 8942408 55299 2.5 95 38 3 26 64% 10516 126098 8804 13%
c - 883.33 125 58 83 566 38441 1 8966178 52514 2.4 98 40 3 26 64% 10517 126098 8804 13%
c - 886.06 77 63 83 567 38442 1 8989969 48410 2.3 101 43 3 26 64% 10517 126098 8804 13%
c ] 886.73 75 64 84 567 38442 1 8995889 53944 2.3 102 44 3 26 64% 10517 126098 8804 13%
c { 886.73 75 38 84 567 38442 1 8995889 53944 3.7 42 11 2 16 38% 10517 126098 8804 13%
c - 888.50 83 50 84 568 38773 2 9013782 55380 3.3 44 13 2 16 39% 10518 126098 8804 13%
c
c seconds    switched      rate           size/glue  tier1     binary          remaining
c         MB   reductions     conflicts         size   tier2       irredundant
c          level     restarts        redundant     glue    trail          variables
c
c - 890.94 85 63 84 569 39199 2 9037614 66441 2.9 47 16 2 16 41% 10518 126098 8804 13%
c - 893.23 87 73 84 570 39545 3 9061469 72421 2.8 49 18 2 16 43% 10521 126098 8804 13%
c - 895.70 86 80 84 571 39854 3 9085344 76804 2.7 51 19 2 16 44% 10521 126098 8804 13%
c - 898.10 89 83 84 572 40141 3 9109240 79495 2.6 53 20 2 16 45% 10524 126098 8804 13%
c - 900.49 86 88 84 573 40413 3 9133156 81891 2.6 54 21 2 16 46% 10525 126098 8804 13%
c u 901.51 87 88 84 573 40479 3 9138658 83973 2.6 54 21 2 16 46% 10547 126098 8804 13%
c v 902.75 87 88 84 573 40479 3 9138658 73482 2.6 54 21 2 16 46% 10550 126098 8804 13%
c w 903.14 89 88 84 573 40479 3 9138658 73446 2.6 54 21 2 16 46% 10550 126098 8804 13%
c t 903.15 89 88 84 573 40479 3 9138658 73446 2.6 54 21 2 16 46% 10533 126098 8804 13%
c f 903.17 89 88 84 573 40479 3 9138658 73446 2.6 54 21 2 16 46% 10536 126023 8808 13%
c u 903.57 99 88 84 573 40479 3 9138658 72852 2.6 54 21 2 16 46% 10542 126023 8808 13%
c v 904.67 101 88 84 573 40479 3 9138658 63253 2.6 54 21 2 16 46% 10542 126023 8808 13%
c w 905.42 103 88 84 573 40479 3 9138658 63131 2.6 54 21 2 16 46% 10542 126023 8808 13%
c t 905.43 103 88 84 573 40479 3 9138658 63131 2.6 54 21 2 16 46% 10539 126023 8808 13%
c - 907.18 116 90 84 574 40677 3 9157093 65696 2.6 55 21 2 16 47% 10541 126023 8808 13%
c o 909.13 123 92 84 574 40900 3 9177423 85615 2.6 55 22 2 16 48% 10544 126023 8808 13%
c - 909.56 126 92 84 575 40940 3 9181052 72441 2.6 56 22 2 16 48% 10544 126023 8808 13%
c - 911.98 140 94 84 576 41179 3 9205035 76834 2.6 57 22 2 16 49% 10544 126023 8808 13%
c - 914.54 156 96 84 577 41415 3 9229036 79222 2.6 58 22 2 16 49% 10546 126023 8808 13%
c - 917.29 170 96 84 578 41673 3 9253056 80427 2.6 59 23 2 16 50% 10546 126023 8808 13%
c
c seconds     switched      rate           size/glue  tier1     binary          remaining
c          MB   reductions     conflicts         size   tier2       irredundant
c           level     restarts        redundant     glue    trail          variables
c
c - 919.65 192 95 84 579 41868 3 9277098 82147 2.6 60 23 2 16 50% 10546 126023 8808 13%
c - 922.30 209 95 84 580 42118 3 9301160 83401 2.6 61 23 2 16 51% 10546 126023 8808 13%
c - 924.64 221 94 84 581 42287 3 9325245 84216 2.7 62 23 2 16 51% 10549 126023 8808 13%
c - 927.13 198 95 84 582 42487 3 9349350 85415 2.7 63 23 2 16 52% 10549 126023 8808 13%
c } 927.51 201 95 85 582 42519 3 9352968 88942 2.7 63 23 2 16 52% 10549 126023 8808 13%
c [ 927.51 201 64 85 582 42519 1 9352968 88942 2.3 102 44 3 26 64% 10549 126023 8808 13%
c I 927.51 201 64 85 582 42519 1 9352968 88942 2.3 102 44 3 26 64% 10549 126023 8808 13%
c - 929.75 206 70 85 583 42531 1 9373474 77093 2.2 102 46 3 26 63% 10549 126023 8808 13%
c - 932.35 207 68 85 584 42540 1 9397620 61430 2.2 100 46 3 26 63% 10549 126023 8808 13%
c - 935.24 209 65 85 585 42549 1 9421787 55402 2.2 98 44 3 26 63% 10549 126023 8808 13%
c - 938.17 155 64 85 586 42556 1 9445974 53850 2.2 99 44 3 26 63% 10550 126023 8808 13%
c u 938.94 157 64 85 586 42558 1 9449055 53524 2.2 99 44 3 26 62% 10557 126023 8808 13%
c v 939.21 158 64 85 586 42558 1 9449055 48825 2.2 99 44 3 26 62% 10557 126023 8808 13%
c w 940.73 161 64 85 586 42558 1 9449055 48145 2.2 99 44 3 26 62% 10557 126023 8808 13%
c t 940.74 161 64 85 586 42558 1 9449055 48145 2.2 99 44 3 26 62% 10555 126023 8808 13%
c - 943.39 161 61 85 587 42567 1 9470182 47595 2.2 97 43 3 26 62% 10555 126023 8808 13%
c - 946.27 163 62 85 588 42579 1 9494410 48973 2.2 98 44 3 26 62% 10555 126023 8808 13%
c - 948.84 104 62 85 589 42581 1 9518658 49414 2.3 100 44 3 26 63% 10555 126023 8808 13%
c - 951.78 106 62 85 590 42581 1 9542927 48059 2.3 101 44 3 26 63% 10556 126023 8808 13%
c - 954.89 107 62 85 591 42592 1 9567216 48551 2.3 101 45 3 26 63% 10556 126023 8808 13%
c
c seconds     switched      rate           size/glue   tier1     binary          remaining
c          MB   reductions     conflicts         size    tier2       irredundant
c           level     restarts        redundant      glue    trail          variables
c
c - 957.88 110 62 85 592 42603 1 9591528 50267 2.3 102 45 3 26 63% 10556 126023 8808 13%
c - 960.71 113 59 85 593 42612 1 9615859 51140 2.2 97 43 3 26 63% 10556 126023 8808 13%
c B 963.79 116 57 85 593 42618 1 9639702 71839 2.3 94 42 3 26 63% 10557 126023 8808 13%
c o 963.80 116 57 85 593 42618 1 9639702 71839 2.3 94 42 3 26 63% 10557 126023 8808 13%
c - 963.86 116 57 85 594 42619 1 9640210 50946 2.3 94 42 3 26 63% 10557 126023 8808 13%
c ] 966.31 118 69 86 594 42627 1 9661363 70726 2.1 100 48 3 26 63% 10557 126023 8808 13%
c { 966.31 118 95 86 594 42627 3 9661363 70726 2.7 63 23 2 16 52% 10557 126023 8808 13%
c - 966.50 120 95 86 595 42632 3 9664585 52914 2.7 62 23 2 16 52% 10557 126023 8808 13%
c i 966.67 122 94 86 595 42638 3 9667077 55333 2.7 62 23 2 16 52% 10560 126023 8807 13%
c s 967.04 123 93 86 595 42639 3 9675278 63070 2.7 60 22 2 16 50% 10564 125980 8807 13%
c e 967.05 123 93 86 595 42639 3 9675278 63070 2.7 60 22 2 16 50% 10550 126018 8804 13%
c s 967.05 123 93 86 595 42639 3 9675278 63070 2.7 60 22 2 16 50% 10551 126009 8804 13%
c - 967.83 132 93 86 596 42654 3 9688979 63187 2.7 56 21 2 16 47% 10552 126009 8804 13%
c - 969.08 115 87 86 597 42667 3 9713393 77977 2.6 50 19 2 16 43% 10554 126009 8804 13%
c - 970.38 118 86 86 598 42705 2 9737827 83199 2.6 46 18 2 16 40% 10558 126009 8804 13%
c i 970.86 120 86 86 598 42717 2 9746272 91170 2.6 45 17 2 16 40% 10563 126009 8803 13%
c - 971.67 122 85 86 599 42745 2 9762281 85643 2.6 43 17 2 16 39% 10552 126009 8803 13%
c u 972.26 124 84 86 599 42745 2 9765120 84368 2.6 42 16 2 16 38% 10574 125989 8803 13%
c v 973.37 127 84 86 599 42745 2 9765120 82697 2.6 42 16 2 16 38% 10574 125989 8803 13%
c w 973.67 127 84 86 599 42745 2 9765120 82424 2.6 42 16 2 16 38% 10574 125989 8803 13%
c
c seconds     switched      rate           size/glue  tier1     binary          remaining
c          MB   reductions     conflicts         size   tier2       irredundant
c           level     restarts        redundant     glue    trail          variables
c
c t 973.68 127 84 86 599 42745 2 9765120 82424 2.6 42 16 2 16 38% 10560 125989 8803 13%
c f 973.70 127 84 86 599 42745 2 9765120 82424 2.6 42 16 2 16 38% 10562 125970 8804 13%
c u 974.09 138 84 86 599 42745 2 9765120 81818 2.6 42 16 2 16 38% 10564 125970 8804 13%
c v 974.80 141 84 86 599 42745 2 9765120 80001 2.6 42 16 2 16 38% 10564 125970 8804 13%
c w 975.03 141 84 86 599 42745 2 9765120 79870 2.6 42 16 2 16 38% 10564 125970 8804 13%
c x 975.50 141 84 86 599 42745 2 9765120 79839 2.6 42 16 2 16 38% 10570 125920 8804 13%
c t 975.51 141 84 86 599 42745 2 9765120 79839 2.6 42 16 2 16 38% 10568 125920 8804 13%
c - 976.73 152 84 86 600 42809 2 9786757 80749 2.6 40 16 2 16 37% 10576 125920 8804 13%
c i 977.01 151 85 86 600 42818 2 9792581 86216 2.6 40 15 2 16 37% 10578 125920 8803 13%
c i 977.03 151 85 86 600 42819 2 9792730 86354 2.6 40 15 2 16 37% 10583 125920 8802 13%
c i 977.75 152 85 86 600 42862 2 9803825 96993 2.6 39 15 2 16 37% 10591 125920 8801 13%
c - 978.19 152 85 86 601 42887 2 9811251 83847 2.6 39 15 2 15 37% 10563 125920 8801 13%
c - 979.56 134 84 86 602 42981 3 9835767 86459 2.6 37 14 2 15 36% 10567 125920 8801 13%
c i 980.97 139 85 86 602 43103 3 9859498 109132 2.6 35 14 2 15 36% 10577 125920 8800 13%
c - 981.03 140 85 86 603 43103 3 9860302 88265 2.5 35 14 2 15 35% 10573 125920 8800 13%
c i 981.32 141 85 86 603 43126 3 9865023 92788 2.5 35 14 2 15 35% 10573 125920 8799 13%
c - 982.32 146 84 86 604 43214 3 9884859 89870 2.5 33 13 2 15 34% 10567 125919 8799 13%
c - 983.72 151 85 86 605 43366 3 9909436 91495 2.5 32 13 2 15 33% 10572 125919 8799 13%
c i 985.05 155 85 86 605 43519 3 9932950 113671 2.5 31 13 2 15 33% 10585 125919 8798 13%
c - 985.14 155 85 86 606 43531 3 9934033 92568 2.5 31 13 2 15 33% 10575 125919 8798 13%
c
c seconds     switched      rate           size/glue  tier1     binary          remaining
c          MB   reductions     conflicts         size   tier2       irredundant
c           level     restarts        redundant     glue    trail          variables
c
c - 986.53 159 84 86 607 43676 3 9958653 93937 2.4 29 12 2 15 32% 10578 125919 8798 13%
c - 988.02 163 85 86 608 43871 3 9983291 95793 2.3 29 12 2 15 32% 10586 125919 8798 13%
c i 988.40 165 84 86 608 43915 3 9991954 104034 2.3 28 12 2 15 31% 10594 125919 8797 13%
c - 989.31 167 84 86 609 44019 3 10007950 97567 2.3 28 12 2 15 31% 10588 125919 8797 13%
c i 990.12 181 84 86 609 44137 3 10022003 110968 2.3 28 12 2 15 31% 10592 125919 8796 13%
c - 990.71 145 84 86 610 44212 3 10032628 98866 2.3 27 12 2 15 31% 10583 125919 8796 13%
c } 990.82 146 84 87 610 44227 3 10034218 100396 2.3 27 12 2 15 31% 10583 125919 8796 13%
c [ 990.82 146 69 87 610 44227 1 10034218 100396 2.1 100 48 3 26 63% 10583 125919 8796 13%
c W 990.89 144 69 87 610 44227 1 10034218 100396 2.1 100 48 3 26 63% 10583 125822 8796 13%
c - 993.34 148 65 87 611 44240 1 10057326 88072 2.2 97 45 3 26 63% 10583 125822 8796 13%
c - 996.46 149 62 87 612 44251 1 10082046 71311 2.2 94 43 3 26 63% 10583 125822 8796 13%
c u 997.60 152 61 87 612 44254 1 10086875 67288 2.2 94 43 3 26 63% 10626 125796 8795 13%
c v 998.02 153 61 87 612 44254 1 10086875 58925 2.2 94 43 3 26 63% 10637 125796 8794 13%
c w 998.59 158 61 87 612 44254 1 10086875 58183 2.2 94 43 3 26 63% 10637 125796 8794 13%
c t 998.60 158 61 87 612 44254 1 10086875 58171 2.2 94 43 3 26 63% 10610 125789 8794 13%
c u 999.07 151 61 87 612 44254 1 10086875 55630 2.2 94 43 3 26 63% 10638 125789 8794 13%
c v 999.28 152 61 87 612 44254 1 10086875 53792 2.2 94 43 3 26 63% 10639 125789 8794 13%
c w 1000.26 155 61 87 612 44254 1 10086875 53650 2.2 94 43 3 26 63% 10639 125789 8794 13%
c t 1000.27 155 61 87 612 44254 1 10086875 53650 2.2 94 43 3 26 63% 10629 125789 8794 13%
c i 1000.28 155 61 87 612 44254 1 10086875 53650 2.2 94 43 3 26 63% 10629 125789 8794 13%
c
c  seconds     switched      rate            size/glue  tier1     binary          remaining
c           MB   reductions     conflicts          size   tier2       irredundant
c            level     restarts         redundant     glue    trail          variables
c
c o 1000.28 155 61 87 612 44254 1 10086875 53650 2.2 94 43 3 26 63% 10629 125789 8794 13%
c - 1002.23 98 78 87 613 44257 1 10106785 49603 1.9 103 54 3 26 63% 10605 125789 8794 13%
c - 1004.67 96 87 87 614 44267 1 10131545 49774 1.8 106 58 3 26 63% 10605 125789 8794 13%
c - 1007.52 99 81 87 615 44278 1 10156324 50825 1.9 105 55 3 26 63% 10605 125789 8794 13%
c - 1010.19 105 76 87 616 44287 1 10181125 51768 2.0 103 52 3 26 64% 10605 125789 8794 13%
c - 1013.04 85 72 87 617 44289 1 10205945 52141 2.0 99 50 3 26 64% 10605 125789 8794 13%
c - 1015.91 86 67 87 618 44289 1 10230786 52289 2.0 98 48 3 26 64% 10605 125789 8794 13%
c - 1018.93 85 65 87 619 44303 1 10255646 54015 2.1 97 47 3 26 64% 10605 125789 8794 13%
c ] 1019.97 85 63 88 619 44305 1 10264785 61476 2.1 96 46 3 26 64% 10605 125789 8794 13%
c { 1019.97 85 84 88 619 44305 3 10264785 61476 2.3 27 12 2 15 31% 10605 125789 8794 13%
c - 1021.59 88 87 88 620 44587 3 10280527 60379 2.3 32 14 2 15 34% 10606 125789 8794 13%
c - 1024.29 87 89 88 621 44993 3 10305426 70455 2.3 38 17 2 15 38% 10610 125789 8794 13%
c - 1027.09 88 91 88 622 45384 3 10330345 76356 2.3 43 19 2 15 41% 10611 125789 8794 13%
c - 1029.62 88 93 88 623 45721 3 10355284 81083 2.3 46 20 2 15 42% 10613 125789 8794 13%
c - 1031.86 89 94 88 624 45969 3 10380243 85252 2.4 49 20 2 15 45% 10616 125789 8794 13%
c - 1034.49 90 95 88 625 46239 3 10405223 87879 2.4 51 21 2 15 46% 10618 125789 8794 13%
c u 1035.96 88 94 88 625 46353 3 10414320 93783 2.4 52 21 2 15 47% 10630 125789 8794 13%
c v 1037.22 86 94 88 625 46353 3 10414320 84844 2.4 52 21 2 15 47% 10631 125789 8794 13%
c w 1037.67 91 94 88 625 46353 3 10414320 84811 2.4 52 21 2 15 47% 10631 125789 8794 13%
c t 1037.69 91 94 88 625 46353 3 10414320 84811 2.4 52 21 2 15 47% 10623 125789 8794 13%
c
c  seconds    switched      rate            size/glue  tier1     binary          remaining
c          MB   reductions     conflicts          size   tier2       irredundant
c           level     restarts         redundant     glue    trail          variables
c
c - 1039.16 88 94 88 626 46485 3 10430223 79595 2.5 54 22 2 15 48% 10624 125789 8794 13%
c - 1041.62 91 93 88 627 46754 3 10455245 82797 2.5 56 22 2 15 49% 10624 125789 8794 13%
c - 1044.19 87 93 88 628 47023 3 10480285 84291 2.5 58 23 2 15 50% 10625 125789 8794 13%
c - 1046.34 89 91 88 629 47207 3 10505344 86249 2.6 58 23 2 15 50% 10625 125789 8794 13%
c o 1048.53 89 91 88 629 47444 3 10527425 107747 2.5 59 23 2 15 50% 10627 125789 8794 13%
c - 1048.78 92 92 88 630 47464 3 10530423 87721 2.5 59 23 2 15 50% 10627 125789 8794 13%
c s 1049.56 88 92 88 630 47543 3 10538841 95967 2.5 59 23 2 15 50% 10628 125721 8794 13%
c e 1049.58 81 92 88 630 47543 3 10538841 95967 2.5 59 23 2 15 50% 10595 125879 8783 13%
c s 1049.58 81 92 88 630 47543 3 10538841 95967 2.5 59 23 2 15 50% 10596 125823 8783 13%
c - 1051.41 99 90 88 631 47689 3 10555522 88003 2.6 60 23 2 15 51% 10596 125823 8783 13%
c - 1053.98 105 89 88 632 47909 3 10580642 88951 2.6 61 24 2 15 52% 10596 125823 8783 13%
c - 1056.52 105 89 88 633 48138 3 10605784 90005 2.6 62 24 2 15 52% 10596 125823 8783 13%
c - 1058.58 106 87 88 634 48285 3 10630943 91486 2.6 61 23 2 15 52% 10596 125823 8783 13%
c } 1060.50 106 86 89 634 48433 3 10653722 113713 2.7 62 23 2 15 51% 10597 125823 8783 13%
c [ 1060.50 106 63 89 634 48433 1 10653722 113713 2.1 96 46 3 26 64% 10597 125823 8783 13%
c O 1060.50 106 63 89 634 48433 1 10653722 113713 2.1 96 46 3 26 64% 10597 125823 8783 13%
c - 1060.78 107 62 89 635 48435 1 10656122 93045 2.1 96 45 3 26 64% 10597 125823 8783 13%
c - 1063.71 107 58 89 636 48447 1 10681322 82578 2.2 94 43 3 26 64% 10597 125823 8783 13%
c - 1066.87 109 55 89 637 48460 1 10706541 65931 2.2 90 41 3 26 64% 10597 125823 8783 13%
c - 1070.05 106 52 89 638 48463 1 10731780 62479 2.3 90 39 3 26 64% 10597 125823 8783 13%
c
c  seconds     switched      rate            size/glue  tier1     binary          remaining
c           MB   reductions     conflicts          size   tier2       irredundant
c            level     restarts         redundant     glue    trail          variables
c
c u 1072.50 105 51 89 638 48470 1 10747485 71965 2.4 90 38 3 26 64% 10607 125823 8783 13%
c v 1072.87 106 51 89 638 48470 1 10747485 67197 2.4 90 38 3 26 64% 10607 125823 8783 13%
c w 1074.67 115 51 89 638 48470 1 10747485 64499 2.4 90 38 3 26 64% 10607 125823 8783 13%
c t 1074.69 115 51 89 638 48470 1 10747485 64499 2.4 90 38 3 26 64% 10595 125823 8783 13%
c f 1074.70 115 51 89 638 48470 1 10747485 64499 2.4 90 38 3 26 64% 10596 125779 8785 13%
c u 1075.15 115 51 89 638 48470 1 10747485 64020 2.4 90 38 3 26 64% 10597 125779 8785 13%
c v 1075.38 115 51 89 638 48470 1 10747485 62494 2.4 90 38 3 26 64% 10597 125779 8785 13%
c w 1077.66 121 51 89 638 48470 1 10747485 62092 2.4 90 38 3 26 64% 10597 125779 8785 13%
c t 1077.67 121 51 89 638 48470 1 10747485 62092 2.4 90 38 3 26 64% 10594 125779 8785 13%
c - 1078.86 128 49 89 639 48477 1 10757039 54166 2.4 89 37 3 26 64% 10594 125779 8785 13%
c - 1082.05 128 47 89 640 48487 1 10782318 56965 2.4 86 36 3 26 64% 10594 125779 8785 13%
c - 1085.03 129 45 89 641 48494 1 10807616 57213 2.4 86 35 3 26 65% 10594 125779 8785 13%
c - 1088.45 99 45 89 642 48495 1 10832935 57387 2.4 84 35 3 26 64% 10594 125779 8785 13%
c - 1092.06 101 46 89 643 48501 1 10858274 55447 2.3 85 36 3 26 64% 10594 125779 8785 13%
c - 1095.48 100 46 89 644 48511 1 10883632 55563 2.3 84 36 3 26 64% 10594 125779 8785 13%
c - 1098.98 97 46 89 645 48525 1 10909009 54294 2.3 83 36 3 26 63% 10594 125779 8785 13%
c - 1102.33 99 45 89 646 48528 1 10934406 54439 2.3 82 36 3 26 63% 10594 125779 8785 13%
c ] 1105.61 100 44 90 646 48541 1 10958657 74564 2.3 81 35 3 26 62% 10594 125779 8785 13%
c { 1105.61 100 86 90 646 48541 3 10958657 74564 2.7 62 23 2 15 51% 10594 125779 8785 13%
c - 1105.75 97 86 90 647 48554 3 10959823 55510 2.7 62 23 2 15 51% 10594 125779 8785 13%
c
c  seconds     switched      rate            size/glue  tier1     binary          remaining
c           MB   reductions     conflicts          size   tier2       irredundant
c            level     restarts         redundant     glue    trail          variables
c
c o 1107.29 101 85 90 647 48669 3 10977809 73208 2.8 62 23 2 15 52% 10594 125779 8785 13%
c - 1107.98 101 85 90 648 48729 3 10985259 67018 2.8 62 23 2 15 52% 10594 125779 8785 13%
c - 1110.41 101 87 90 649 48925 3 11010714 75174 2.8 63 22 2 15 53% 10594 125779 8785 13%
c - 1112.79 103 87 90 650 49088 3 11036191 79517 2.8 63 22 2 15 53% 10594 125779 8785 13%
c - 1115.42 103 88 90 651 49360 3 11061687 80906 2.8 63 23 2 15 52% 10595 125779 8785 13%
c u 1118.27 102 87 90 651 49604 3 11086367 102937 2.8 63 23 2 15 51% 10599 125779 8785 13%
c v 1119.89 106 87 90 651 49604 3 11086367 91313 2.8 63 23 2 15 51% 10599 125779 8785 13%
c w 1120.44 110 87 90 651 49604 3 11086367 91287 2.8 63 23 2 15 51% 10599 125779 8785 13%
c t 1120.46 110 87 90 651 49604 3 11086367 91287 2.8 63 23 2 15 51% 10598 125779 8785 13%
c - 1120.58 100 87 90 652 49615 3 11087202 70352 2.8 63 23 2 15 51% 10598 125779 8785 13%
c - 1122.90 98 86 90 653 49821 3 11112738 75093 2.8 64 23 2 15 52% 10598 125779 8785 13%
c - 1125.31 100 86 90 654 50035 3 11138291 79526 2.8 65 23 2 15 52% 10598 125779 8785 13%
c - 1127.90 99 82 90 655 50214 3 11163867 81256 2.8 65 23 2 15 53% 10598 125779 8785 13%
c - 1130.61 103 82 90 656 50394 3 11189463 82941 2.9 66 23 2 15 53% 10598 125779 8785 13%
c - 1133.53 103 81 90 657 50644 3 11215076 83581 2.8 67 24 2 15 54% 10598 125779 8785 13%
c - 1136.23 103 81 90 658 50842 3 11240709 84252 2.8 67 24 2 15 54% 10598 125779 8785 13%
c - 1139.05 103 81 90 659 51074 3 11266364 85225 2.8 67 24 2 15 54% 10598 125779 8785 13%
c - 1141.70 103 81 90 660 51307 3 11292034 85238 2.8 67 24 2 15 53% 10598 125779 8785 13%
c - 1144.52 102 80 90 661 51489 3 11317724 86184 2.8 68 24 2 15 54% 10598 125779 8785 13%
c - 1147.52 103 81 90 662 51730 3 11343433 86901 2.8 68 25 2 15 54% 10598 125779 8785 13%
c
c  seconds    switched      rate             size/glue  tier1     binary          remaining
c          MB   reductions     conflicts           size   tier2       irredundant
c           level     restarts         redundant      glue    trail          variables
c
c } 1149.68 99 82 91 662 51902 3 11363981 107072 2.8 68 25 2 15 54% 10598 125779 8785 13%
c [ 1149.68 99 44 91 662 51902 1 11363981 107072 2.3 81 35 3 26 62% 10598 125779 8785 13%
c B 1149.68 99 44 91 662 51902 1 11363981 107072 2.3 81 35 3 26 62% 10598 125779 8785 13%
c - 1150.25 101 46 91 663 51906 1 11369162 85121 2.3 82 36 3 26 63% 10598 125779 8785 13%
c - 1153.29 103 47 91 664 51916 1 11394911 75473 2.3 83 36 3 26 62% 10598 125779 8785 13%
c - 1156.50 101 48 91 665 51930 1 11420681 60817 2.2 83 37 3 26 61% 10598 125779 8785 13%
c u 1158.19 108 49 91 665 51932 1 11431016 65789 2.2 83 38 3 26 61% 10603 125779 8785 13%
c v 1158.56 108 49 91 665 51932 1 11431016 58364 2.2 83 38 3 26 61% 10603 125779 8785 13%
c w 1159.52 115 49 91 665 51932 1 11431016 56463 2.2 83 38 3 26 61% 10603 125779 8785 13%
c x 1160.07 117 49 91 665 51932 1 11431016 56435 2.2 83 38 3 26 61% 10608 125688 8785 13%
c t 1160.08 117 49 91 665 51932 1 11431016 56435 2.2 83 38 3 26 61% 10601 125688 8785 13%
c - 1162.10 120 49 91 666 51933 1 11446469 49628 2.2 82 38 3 26 61% 10601 125688 8785 13%
c s 1162.11 120 49 91 666 51933 1 11446479 49638 2.2 82 38 3 26 61% 10603 125678 8785 13%
c e 1162.13 120 49 91 666 51933 1 11446479 49638 2.2 82 38 3 26 61% 10592 125763 8779 13%
c s 1162.14 120 49 91 666 51933 1 11446479 49638 2.2 82 38 3 26 61% 10594 125737 8779 13%
c o 1162.15 120 49 91 666 51933 1 11446479 49117 2.2 82 38 3 26 61% 10594 125737 8779 13%
c - 1165.15 120 53 91 667 51947 1 11472276 51015 2.1 85 40 3 26 62% 10594 125737 8779 13%
c - 1168.22 120 52 91 668 51960 1 11498104 51609 2.2 84 39 3 26 62% 10594 125737 8779 13%
c - 1170.99 121 50 91 669 51963 1 11523949 53709 2.2 82 38 3 26 63% 10594 125737 8779 13%
c - 1174.00 124 50 91 670 51964 1 11549814 54163 2.2 84 38 3 26 64% 10594 125737 8779 13%
c
c  seconds     switched      rate            size/glue  tier1     binary          remaining
c           MB   reductions     conflicts          size   tier2       irredundant
c            level     restarts         redundant     glue    trail          variables
c
c - 1177.39 126 50 91 671 51974 1 11575698 53585 2.2 83 38 3 26 64% 10594 125737 8779 13%
c - 1180.97 127 49 91 672 51985 1 11601602 55170 2.2 82 37 3 26 64% 10594 125737 8779 13%
c - 1184.46 130 48 91 673 51995 1 11627525 56185 2.2 82 37 3 26 64% 10594 125737 8779 13%
c - 1187.80 124 50 91 674 52002 1 11653467 56072 2.1 83 39 3 26 64% 10594 125737 8779 13%
c - 1190.87 135 51 91 675 52013 1 11679431 56702 2.1 83 39 3 26 64% 10594 125737 8779 13%
c W 1191.92 135 51 91 675 52018 1 11688057 64456 2.2 83 39 3 26 63% 10594 125737 8779 13%
c - 1194.03 137 50 91 676 52025 1 11705411 58665 2.2 84 38 3 26 64% 10594 125737 8779 13%
c ] 1194.75 138 51 92 676 52026 1 11711817 64558 2.2 84 38 3 26 64% 10594 125737 8779 13%
c { 1194.75 138 82 92 676 52026 3 11711817 64558 2.8 68 25 2 15 54% 10594 125737 8779 13%
c - 1196.28 163 81 92 677 52104 3 11731411 66148 2.9 68 24 2 15 54% 10594 125737 8779 13%
c - 1199.24 178 84 92 678 52387 3 11757432 74488 2.8 68 25 2 15 54% 10596 125737 8779 13%
c u 1202.29 229 87 92 678 52577 3 11781404 96505 2.8 68 25 2 15 55% 10602 125737 8779 13%
c v 1204.02 234 87 92 678 52577 3 11781404 84126 2.8 68 25 2 15 55% 10602 125737 8779 13%
c w 1204.73 240 87 92 678 52577 3 11781404 84072 2.8 68 25 2 15 55% 10602 125737 8779 13%
c t 1204.75 240 87 92 678 52577 3 11781404 84072 2.8 68 25 2 15 55% 10600 125737 8779 13%
c - 1205.03 240 87 92 679 52600 3 11783470 66194 2.8 68 25 2 15 55% 10600 125737 8779 13%
c - 1207.66 260 90 92 680 52854 3 11809531 72077 2.7 69 25 2 15 54% 10601 125737 8779 13%
c - 1210.39 246 89 92 681 53066 3 11835610 76399 2.7 69 25 2 15 54% 10602 125737 8779 13%
c - 1213.10 262 90 92 682 53257 3 11861707 80250 2.7 69 25 2 15 55% 10602 125737 8779 13%
c - 1215.97 282 91 92 683 53476 3 11887822 82827 2.7 69 25 2 15 55% 10604 125737 8779 13%
c
c  seconds     switched      rate            size/glue  tier1     binary          remaining
c           MB   reductions     conflicts          size   tier2       irredundant
c            level     restarts         redundant     glue    trail          variables
c
c - 1219.04 251 92 92 684 53725 3 11913960 83413 2.7 69 25 2 15 55% 10604 125737 8779 13%
c o 1219.34 253 92 92 684 53757 3 11916842 86256 2.7 69 26 2 15 55% 10604 125737 8779 13%
c - 1222.10 278 91 92 685 53942 3 11940115 83377 2.7 70 26 2 15 55% 10604 125737 8779 13%
c - 1225.06 286 88 92 686 54087 3 11966288 84669 2.8 71 25 2 15 56% 10604 125737 8779 13%
c - 1228.29 282 91 92 687 54315 3 11992479 85980 2.8 71 26 2 15 56% 10605 125737 8779 13%
c - 1231.46 199 90 92 688 54514 3 12018690 86482 2.8 72 26 2 15 56% 10605 125737 8779 13%
c - 1234.61 196 90 92 689 54752 3 12044919 86912 2.8 73 26 2 15 56% 10605 125737 8779 13%
c - 1237.68 200 88 92 690 54935 3 12071167 87048 2.8 73 26 2 15 57% 10605 125737 8779 13%
c - 1241.03 99 87 92 691 55195 3 12097435 86770 2.8 73 26 2 15 57% 10605 125737 8779 13%
c - 1243.63 99 87 92 692 55367 3 12123723 87611 2.8 72 26 2 15 54% 10606 125737 8779 13%
c } 1244.77 98 87 93 692 55444 3 12133821 97586 2.8 72 26 2 15 54% 10606 125737 8779 13%
c [ 1244.77 98 51 93 692 55444 1 12133821 97586 2.2 84 38 3 26 64% 10606 125737 8779 13%
c I 1244.77 98 51 93 692 55444 1 12133821 97586 2.2 84 38 3 26 64% 10606 125737 8779 13%
c u 1245.77 95 54 93 692 55446 1 12137590 97613 2.2 85 39 3 26 64% 10610 125737 8779 13%
c v 1247.26 100 54 93 692 55446 1 12137590 83204 2.2 85 39 3 26 64% 10610 125737 8779 13%
c w 1247.79 104 54 93 692 55446 1 12137590 83068 2.2 85 39 3 26 64% 10610 125737 8779 13%
c t 1247.81 104 54 93 692 55446 1 12137590 83068 2.2 85 39 3 26 64% 10607 125737 8779 13%
c - 1249.06 94 53 93 693 55453 1 12150028 68926 2.3 87 38 3 26 64% 10607 125737 8779 13%
c - 1252.06 97 53 93 694 55465 1 12176353 62531 2.3 89 38 3 26 64% 10607 125737 8779 13%
c - 1255.45 95 53 93 695 55474 1 12202697 56890 2.4 92 38 3 26 63% 10607 125737 8779 13%
c
c  seconds    switched      rate            size/glue  tier1     binary          remaining
c          MB   reductions     conflicts          size   tier2       irredundant
c           level     restarts         redundant     glue    trail          variables
c
c - 1258.94 97 54 93 696 55482 1 12229061 54084 2.4 95 39 3 26 62% 10607 125737 8779 13%
c - 1262.07 96 58 93 697 55495 1 12255444 53248 2.4 97 41 3 26 63% 10607 125737 8779 13%
c - 1265.28 94 59 93 698 55505 1 12281844 53965 2.3 97 42 3 26 64% 10607 125737 8779 13%
c - 1268.56 97 58 93 699 55506 1 12308263 54686 2.4 98 41 3 26 64% 10607 125737 8779 13%
c - 1272.36 96 59 93 700 55509 1 12334701 56173 2.3 99 42 3 26 64% 10607 125737 8779 13%
c - 1276.15 98 58 93 701 55521 1 12361160 56528 2.4 99 42 3 26 64% 10607 125737 8779 13%
c - 1279.16 96 60 93 702 55535 1 12387636 59135 2.3 99 42 3 26 64% 10607 125737 8779 13%
c s 1280.52 97 62 93 702 55537 1 12398876 69214 2.2 99 44 3 26 64% 10607 125734 8779 13%
c s 1280.52 98 62 93 702 55537 1 12398876 69214 2.2 99 44 3 26 64% 10607 125733 8779 13%
c o 1280.53 98 62 93 702 55537 1 12398876 69214 2.2 99 44 3 26 64% 10607 125733 8779 13%
c - 1282.22 94 75 93 703 55539 1 12414132 57185 2.0 105 51 3 26 63% 10607 125733 8779 13%
c - 1285.55 82 87 93 704 55552 1 12440647 53448 1.9 109 58 3 26 62% 10607 125733 8779 13%
c - 1288.88 81 85 93 705 55566 1 12467181 52555 1.9 106 57 3 26 62% 10607 125733 8779 13%
c B 1290.03 79 83 93 705 55567 1 12477194 61682 1.9 104 56 3 26 61% 10607 125733 8779 13%
c - 1291.08 80 97 93 706 55568 1 12493732 54109 1.8 108 62 3 26 57% 10607 125733 8779 13%
c u 1291.87 81 101 93 706 55569 1 12499571 58050 1.7 109 63 3 26 56% 10613 125733 8779 13%
c v 1292.13 82 101 93 706 55569 1 12499571 53615 1.7 109 63 3 26 56% 10613 125733 8779 13%
c w 1293.34 87 101 93 706 55569 1 12499571 52588 1.7 109 63 3 26 56% 10613 125733 8779 13%
c t 1294.06 87 101 93 706 55569 1 12499571 52588 1.7 109 63 3 26 56% 10609 125733 8779 13%
c ] 1295.03 86 105 94 706 55569 1 12512713 64760 1.7 111 65 3 26 54% 10609 125733 8779 13%
c
c  seconds    switched      rate            size/glue  tier1     binary          remaining
c          MB   reductions     conflicts          size   tier2       irredundant
c           level     restarts         redundant     glue    trail          variables
c
c { 1295.03 86 87 94 706 55569 3 12512713 64760 2.8 72 26 2 15 54% 10609 125733 8779 13%
c - 1295.68 80 88 94 707 55620 3 12520306 52516 2.8 71 26 2 15 55% 10609 125733 8779 13%
c - 1297.83 89 95 94 708 55770 3 12546895 66532 2.8 69 25 2 15 56% 10609 125733 8779 13%
c - 1300.37 92 99 94 709 55969 3 12573505 78066 2.8 67 24 2 15 57% 10609 125733 8779 13%
c - 1302.91 95 102 94 710 56158 3 12600139 81860 2.8 66 24 2 15 56% 10610 125733 8779 13%
c - 1305.67 96 105 94 711 56394 3 12626785 84185 2.8 66 24 2 15 56% 10611 125733 8779 13%
c - 1308.45 95 106 94 712 56626 3 12653452 85563 2.7 66 24 2 15 57% 10612 125733 8779 13%
c - 1311.08 96 106 94 713 56833 3 12680136 87008 2.7 65 24 2 15 57% 10612 125733 8779 13%
c - 1313.71 95 106 94 714 57048 3 12706839 88599 2.7 65 24 2 15 57% 10612 125733 8779 13%
c - 1316.18 96 107 94 715 57246 3 12733560 90668 2.7 63 24 2 15 56% 10612 125733 8779 13%
c - 1318.89 96 109 94 716 57479 3 12760299 91288 2.7 64 24 2 15 56% 10613 125733 8779 13%
c - 1321.84 94 110 94 717 57737 3 12787062 91454 2.6 63 24 2 15 55% 10613 125733 8779 13%
c - 1324.39 95 108 94 718 57928 3 12813838 93127 2.6 62 24 2 15 55% 10613 125733 8779 13%
c - 1327.18 94 109 94 719 58145 3 12840633 94755 2.6 62 24 2 15 55% 10613 125733 8779 13%
c u 1330.74 93 108 94 719 58397 3 12867343 116094 2.6 62 24 2 15 55% 10623 125733 8779 13%
c v 1332.09 98 108 94 719 58397 3 12867343 109408 2.6 62 24 2 15 55% 10623 125733 8779 13%
c w 1332.59 102 108 94 719 58397 3 12867343 109385 2.6 62 24 2 15 55% 10623 125733 8779 13%
c t 1332.61 102 108 94 719 58397 3 12867343 109385 2.6 62 24 2 15 55% 10620 125733 8779 13%
c - 1332.64 90 108 94 720 58397 3 12867450 84380 2.6 62 24 2 15 55% 10620 125733 8779 13%
c o 1335.09 96 109 94 720 58611 3 12889737 106358 2.6 63 24 2 15 55% 10620 125733 8779 13%
c
c  seconds     switched      rate            size/glue  tier1     binary          remaining
c          MB    reductions     conflicts          size   tier2       irredundant
c            level     restarts         redundant     glue    trail          variables
c
c - 1335.48 94 109 94 721 58634 3 12894283 86207 2.6 62 24 2 15 55% 10620 125733 8779 13%
c - 1338.27 94 109 94 722 58847 3 12921136 88809 2.6 62 24 2 15 55% 10620 125733 8779 13%
c - 1340.99 96 109 94 723 59065 3 12948006 90314 2.6 62 24 2 15 55% 10620 125733 8779 13%
c } 1341.38 94 109 95 723 59101 3 12951702 93952 2.6 62 24 2 15 55% 10620 125733 8779 13%
c [ 1341.38 94 105 95 723 59101 1 12951702 93952 1.7 111 65 3 26 54% 10620 125733 8779 13%
c W 1341.51 102 105 95 723 59101 1 12951702 93952 1.7 111 65 3 26 54% 10620 125733 8779 13%
c - 1343.17 106 104 95 724 59114 1 12974895 80670 1.7 110 64 3 26 51% 10620 125733 8779 13%
c - 1345.15 116 95 95 725 59126 1 13001804 64440 1.8 109 60 3 26 48% 10620 125733 8779 13%
c - 1347.27 119 89 95 726 59131 1 13028729 58345 1.9 107 57 3 26 46% 10620 125733 8779 13%
c - 1349.41 130 83 95 727 59145 1 13055676 56784 1.9 104 54 3 26 44% 10620 125733 8779 13%
c - 1351.54 140 75 95 728 59156 1 13082638 58809 2.1 104 51 3 26 43% 10620 125733 8779 13%
c - 1353.54 143 75 95 729 59162 1 13109620 57519 2.0 101 51 3 26 42% 10620 125733 8779 13%
c - 1355.62 152 74 95 730 59163 1 13136621 57127 2.0 102 50 3 26 42% 10620 125733 8779 13%
c - 1357.88 155 75 95 731 59173 1 13163640 58644 2.1 105 50 3 26 42% 10620 125733 8779 13%
c - 1360.03 148 76 95 732 59185 1 13190677 59270 2.1 107 51 3 26 42% 10620 125733 8779 13%
c - 1361.99 150 70 95 733 59194 1 13217732 59016 2.2 105 48 3 26 41% 10620 125733 8779 13%
c u 1364.23 155 68 95 733 59201 1 13240936 77132 2.2 104 47 3 26 41% 10630 125733 8779 13%
c v 1364.52 156 68 95 733 59201 1 13240936 70721 2.2 104 47 3 26 41% 10630 125733 8779 13%
c w 1366.17 182 68 95 733 59201 1 13240936 68166 2.2 104 47 3 26 41% 10630 125733 8779 13%
c t 1366.18 182 68 95 733 59201 1 13240936 68166 2.2 104 47 3 26 41% 10625 125733 8779 13%
c
c  seconds     switched      rate            size/glue   tier1     binary          remaining
c           MB   reductions     conflicts          size    tier2       irredundant
c            level     restarts         redundant      glue    trail          variables
c
c - 1366.45 182 68 95 734 59203 1 13244806 51721 2.3 104 46 3 26 41% 10625 125733 8779 13%
c - 1368.52 185 66 95 735 59216 1 13271901 53024 2.3 106 46 3 26 41% 10625 125733 8779 13%
c - 1370.60 150 64 95 736 59225 1 13299011 53094 2.4 106 45 3 26 41% 10625 125733 8779 13%
c O 1371.85 151 63 95 736 59226 1 13314772 67285 2.4 106 44 3 26 41% 10625 125733 8779 13%
c - 1372.65 153 60 95 737 59226 1 13326141 56989 2.5 106 42 3 26 41% 10625 125733 8779 13%
c - 1374.85 151 54 95 738 59227 1 13353291 64746 2.7 106 39 3 26 41% 10625 125733 8779 13%
c - 1377.21 155 52 95 739 59227 1 13380458 64316 2.8 105 38 3 26 41% 10625 125733 8779 13%
c s 1378.62 155 50 95 739 59227 1 13396671 78984 2.9 106 37 3 26 41% 10628 125716 8779 13%
c e 1378.63 147 50 95 739 59227 1 13396671 78984 2.9 106 37 3 26 41% 10626 125732 8778 13%
c s 1378.63 147 50 95 739 59227 1 13396671 78984 2.9 106 37 3 26 41% 10626 125716 8778 13%
c o 1378.65 150 50 95 739 59227 1 13396671 78979 2.9 106 37 3 26 41% 10626 125716 8778 13%
c - 1379.72 128 59 95 740 59227 1 13407642 58688 2.6 109 42 3 26 43% 10626 125716 8778 13%
c - 1382.69 124 63 95 741 59241 1 13434844 57220 2.5 109 44 3 26 48% 10626 125716 8778 13%
c - 1385.79 129 60 95 742 59254 1 13462067 54947 2.5 105 42 3 26 52% 10626 125716 8778 13%
c ] 1386.50 129 59 96 742 59257 1 13468558 60716 2.5 105 41 3 26 53% 10626 125716 8778 13%
c { 1386.50 129 109 96 742 59257 3 13468558 60716 2.6 62 24 2 15 55% 10626 125716 8778 13%
c - 1388.04 128 106 96 743 59344 3 13489308 66733 2.8 63 23 2 15 56% 10626 125716 8778 13%
c - 1390.59 100 103 96 744 59559 3 13516568 78920 2.8 62 23 2 15 56% 10626 125716 8778 13%
c - 1393.39 102 103 96 745 59801 3 13543845 82854 2.8 62 23 2 15 55% 10628 125716 8778 13%
c - 1396.07 102 102 96 746 60006 3 13571139 85872 2.8 62 22 2 15 55% 10629 125716 8778 13%
c
c  seconds      switched      rate            size/glue  tier1     binary          remaining
c           MB    reductions     conflicts          size   tier2       irredundant
c             level     restarts         redundant     glue    trail          variables
c
c - 1399.04 101 102 96 747 60271 3 13598452 87532 2.7 63 23 2 15 55% 10630 125716 8778 13%
c u 1401.68 102 102 96 747 60446 3 13620373 106465 2.8 63 23 2 15 55% 10635 125716 8778 13%
c v 1403.12 105 102 96 747 60446 3 13620373 98136 2.8 63 23 2 15 55% 10635 125716 8778 13%
c w 1403.62 109 102 96 747 60446 3 13620373 98117 2.8 63 23 2 15 55% 10635 125716 8778 13%
c t 1403.63 109 102 96 747 60446 3 13620373 98117 2.8 63 23 2 15 55% 10631 125716 8778 13%
c - 1404.34 101 102 96 748 60510 3 13625788 79702 2.7 63 23 2 15 54% 10631 125716 8778 13%
c - 1407.01 101 101 96 749 60729 3 13653137 83739 2.8 63 23 2 15 54% 10631 125716 8778 13%
c - 1409.58 102 99 96 750 60920 3 13680505 87782 2.8 62 23 2 15 53% 10632 125716 8778 13%
c - 1412.05 103 96 96 751 61167 3 13707896 89597 2.8 62 22 2 15 51% 10636 125716 8778 13%
c - 1414.99 103 97 96 752 61403 3 13735301 90139 2.8 63 23 2 15 51% 10637 125716 8778 13%
c - 1417.57 102 97 96 753 61618 3 13762723 90148 2.8 62 23 2 15 52% 10638 125716 8778 13%
c - 1420.88 99 96 96 754 61911 3 13790163 89695 2.7 64 23 2 15 52% 10639 125716 8778 13%
c - 1423.69 103 95 96 755 62124 3 13817622 90118 2.7 64 23 2 15 52% 10639 125716 8778 13%
c - 1427.05 101 95 96 756 62398 3 13845099 91066 2.8 65 24 2 15 52% 10640 125716 8778 13%
c - 1430.15 101 95 96 757 62653 3 13872595 91559 2.7 66 24 2 15 53% 10640 125716 8778 13%
c - 1433.10 102 95 96 758 62885 3 13900109 92636 2.7 66 24 2 15 53% 10640 125716 8778 13%
c o 1433.81 102 95 96 758 62948 3 13906705 99123 2.7 66 24 2 15 53% 10640 125716 8778 13%
c } 1435.74 102 95 97 758 63102 3 13924822 116958 2.7 66 24 2 15 53% 10640 125716 8778 13%
c [ 1435.74 102 59 97 758 63102 1 13924822 116958 2.5 105 41 3 26 53% 10640 125716 8778 13%
c B 1435.74 102 59 97 758 63102 1 13924822 116958 2.5 105 41 3 26 53% 10640 125716 8778 13%
c
c  seconds     switched      rate            size/glue   tier1     binary          remaining
c           MB   reductions     conflicts          size    tier2       irredundant
c            level     restarts         redundant      glue    trail          variables
c
c - 1436.12 103 58 97 759 63104 1 13927640 92546 2.5 104 41 3 26 53% 10640 125716 8778 13%
c - 1439.62 100 55 97 760 63116 1 13955192 81842 2.5 98 39 3 26 55% 10640 125716 8778 13%
c - 1443.46 102 52 97 761 63131 1 13982761 67137 2.5 93 38 3 26 56% 10640 125716 8778 13%
c u 1447.30 98 51 97 761 63132 1 14005652 81713 2.4 91 38 3 26 56% 10649 125716 8778 13%
c v 1447.83 100 51 97 761 63132 1 14005652 73862 2.4 91 38 3 26 56% 10649 125716 8778 13%
c w 1450.09 110 51 97 761 63132 1 14005652 70064 2.4 91 38 3 26 56% 10649 125716 8778 13%
c t 1450.10 110 51 97 761 63132 1 14005652 70064 2.4 91 38 3 26 56% 10641 125716 8778 13%
c - 1450.76 96 51 97 762 63135 1 14010347 54733 2.4 90 38 3 26 56% 10641 125716 8778 13%
c - 1454.02 100 49 97 763 63147 1 14037952 59483 2.4 88 37 3 26 58% 10641 125716 8778 13%
c - 1457.54 99 49 97 764 63162 1 14065579 60395 2.5 91 37 3 26 59% 10641 125716 8778 13%
c - 1461.34 96 49 97 765 63164 1 14093221 58488 2.5 93 37 3 26 60% 10641 125716 8778 13%
c - 1465.01 99 48 97 766 63164 1 14120880 57836 2.6 95 37 3 26 61% 10641 125716 8778 13%
c - 1468.93 100 48 97 767 63179 1 14148560 58768 2.5 93 37 3 26 61% 10641 125716 8778 13%
c - 1472.74 98 47 97 768 63193 1 14176256 59761 2.5 92 36 3 26 61% 10641 125716 8778 13%
c - 1476.43 101 49 97 769 63196 1 14203968 61292 2.5 95 38 3 26 61% 10641 125716 8778 13%
c - 1479.93 100 51 97 770 63210 1 14231701 60372 2.5 96 39 3 26 62% 10641 125716 8778 13%
c - 1483.12 98 50 97 771 63224 1 14259450 62234 2.5 95 37 3 26 62% 10641 125716 8778 13%
c ] 1486.40 100 48 98 771 63227 1 14285801 85175 2.6 93 36 3 26 63% 10641 125716 8778 13%
c { 1486.40 100 95 98 771 63227 3 14285801 85175 2.7 66 24 2 15 53% 10641 125716 8778 13%
c - 1486.55 101 94 98 772 63230 3 14287216 62210 2.7 66 24 2 15 53% 10641 125716 8778 13%
c
c  seconds    switched      rate            size/glue  tier1     binary          remaining
c          MB   reductions     conflicts          size   tier2       irredundant
c           level     restarts         redundant     glue    trail          variables
c
c - 1489.46 97 78 98 773 63230 2 14315000 77892 3.1 72 23 2 15 55% 10641 125716 8778 13%
c - 1492.69 103 66 98 774 63232 2 14342802 91955 3.3 76 23 2 15 58% 10641 125716 8778 13%
c - 1495.88 104 56 98 775 63232 2 14370622 97181 3.4 75 22 2 15 58% 10641 125716 8778 13%
c u 1499.73 109 49 98 775 63235 2 14396801 119831 3.5 76 22 2 15 59% 10643 125716 8778 13%
c v 1501.05 114 49 98 775 63235 2 14396801 112571 3.5 76 22 2 15 59% 10643 125716 8778 13%
c w 1501.73 134 49 98 775 63235 2 14396801 111188 3.5 76 22 2 15 59% 10643 125716 8778 13%
c x 1502.49 109 49 98 775 63235 2 14396801 111147 3.5 76 22 2 15 59% 10655 125539 8777 13%
c t 1502.52 109 49 98 775 63235 2 14396801 111147 3.5 76 22 2 15 59% 10652 125530 8777 13%
c u 1503.04 106 49 98 775 63235 2 14396801 110980 3.5 76 22 2 15 59% 10657 125530 8777 13%
c v 1504.03 113 49 98 775 63235 2 14396801 106699 3.5 76 22 2 15 59% 10657 125530 8777 13%
c w 1506.78 136 49 98 775 63235 2 14396801 99199 3.5 76 22 2 15 59% 10657 125530 8777 13%
c t 1506.80 136 49 98 775 63235 2 14396801 99199 3.5 76 22 2 15 59% 10655 125530 8777 13%
c i 1506.80 136 49 98 775 63235 2 14396801 99199 3.5 76 22 2 15 59% 10655 125530 8777 13%
c - 1506.91 121 49 98 776 63235 2 14398460 80727 3.5 76 22 2 16 58% 10650 125530 8777 13%
c - 1508.83 125 45 98 777 63238 2 14426316 88924 3.6 73 20 2 16 57% 10652 125530 8777 13%
c o 1508.94 119 44 98 777 63239 2 14428165 90770 3.6 72 20 2 16 57% 10652 125530 8777 13%
c s 1509.70 124 45 98 777 63242 2 14440492 102984 3.7 72 20 2 16 55% 10659 125509 8777 13%
c e 1509.73 115 45 98 777 63242 2 14440492 102984 3.7 72 20 2 16 55% 10609 125701 8766 13%
c s 1509.74 115 45 98 777 63242 2 14440492 102984 3.7 72 20 2 16 55% 10609 125635 8766 13%
c - 1510.46 124 49 98 778 63245 1 14454191 94182 3.6 68 19 2 15 53% 10614 125634 8766 13%
c
c  seconds     switched      rate            size/glue  tier1     binary          remaining
c           MB   reductions     conflicts          size   tier2       irredundant
c            level     restarts         redundant     glue    trail          variables
c
c - 1512.27 124 44 98 779 63255 1 14482084 97073 3.9 69 18 2 15 53% 10615 125634 8766 13%
c - 1513.80 126 44 98 780 63276 1 14509994 98823 4.0 65 16 2 15 51% 10619 125634 8766 13%
c - 1515.29 126 43 98 781 63295 1 14537922 99995 4.1 62 15 2 15 49% 10627 125634 8766 13%
c - 1516.14 125 43 98 782 63309 1 14565868 100698 3.9 54 14 2 15 43% 10631 125633 8766 13%
c - 1517.45 110 41 98 783 63396 1 14593832 101906 3.9 51 13 2 15 41% 10633 125633 8766 13%
c i 1517.74 107 41 98 783 63424 1 14598356 106327 3.9 51 13 2 15 41% 10643 125632 8765 13%
c - 1519.02 114 40 98 784 63485 1 14621814 103565 4.0 51 13 2 15 41% 10643 125632 8765 13%
c i 1519.12 111 40 98 784 63499 1 14623031 104765 4.0 51 13 2 15 41% 10647 125632 8764 12%
c i 1520.78 115 39 98 784 63664 1 14645417 127009 4.0 50 12 2 15 42% 10654 125632 8763 12%
c - 1521.13 116 39 98 785 63701 1 14649814 104017 4.0 50 12 2 15 42% 10639 125632 8763 12%
c - 1522.87 116 40 98 786 63878 2 14677831 105314 4.0 48 12 2 15 40% 10647 125632 8763 12%
c i 1523.70 114 40 98 786 63961 2 14694525 121613 3.9 46 12 2 15 39% 10664 125632 8762 12%
c - 1524.27 112 39 98 787 64007 2 14705867 105920 3.8 45 12 2 15 38% 10646 125632 8762 12%
c - 1525.71 115 38 98 788 64174 2 14733920 106491 3.7 42 11 2 15 36% 10653 125632 8762 12%
c i 1525.77 111 38 98 788 64184 2 14734629 107181 3.7 42 11 2 15 36% 10659 125631 8760 12%
c i 1525.90 113 38 98 788 64210 2 14736479 109010 3.7 42 11 2 15 36% 10660 125631 8759 12%
c } 1526.95 115 38 99 788 64310 2 14759635 131676 3.7 40 11 2 15 35% 10666 125630 8759 12%
c [ 1526.95 115 48 99 788 64310 1 14759635 131676 2.6 93 36 3 26 63% 10666 125630 8759 12%
c W 1527.01 125 48 99 788 64310 1 14759635 131676 2.6 93 36 3 26 63% 10651 125537 8759 12%
c - 1527.26 127 48 99 789 64312 1 14761991 106427 2.6 93 36 3 26 63% 10651 125537 8759 12%
c
c  seconds     switched      rate            size/glue  tier1     binary          remaining
c           MB   reductions     conflicts          size   tier2       irredundant
c            level     restarts         redundant     glue    trail          variables
c
c - 1530.75 132 47 99 790 64324 1 14790081 89580 2.6 93 36 3 26 63% 10651 125537 8759 12%
c u 1531.76 133 47 99 790 64326 1 14793811 86156 2.6 93 36 3 26 63% 10694 125527 8758 12%
c v 1532.45 135 47 99 790 64326 1 14793811 82472 2.6 93 36 3 26 63% 10694 125527 8758 12%
c w 1532.77 137 47 99 790 64326 1 14793811 82461 2.6 93 36 3 26 63% 10694 125527 8758 12%
c t 1532.78 137 47 99 790 64326 1 14793811 82449 2.6 93 36 3 26 63% 10670 125516 8758 12%
c f 1532.80 137 47 99 790 64326 1 14793811 82449 2.6 93 36 3 26 63% 10675 125456 8761 12%
c u 1533.28 149 47 99 790 64326 1 14793811 81340 2.6 93 36 3 26 63% 10698 125456 8760 12%
c v 1534.04 152 47 99 790 64326 1 14793811 70871 2.6 93 36 3 26 63% 10706 125456 8760 12%
c w 1534.38 155 47 99 790 64326 1 14793811 70821 2.6 93 36 3 26 63% 10706 125456 8760 12%
c t 1534.39 155 47 99 790 64326 1 14793811 70815 2.6 93 36 3 26 63% 10697 125443 8760 12%
c i 1534.40 155 47 99 790 64326 1 14793811 70815 2.6 93 36 3 26 63% 10697 125443 8760 12%
c - 1537.45 161 47 99 791 64339 1 14818187 58003 2.6 92 36 3 26 63% 10675 125443 8760 12%
c - 1540.58 163 50 99 792 64344 1 14846311 58232 2.6 94 36 3 26 63% 10675 125443 8760 12%
c - 1544.02 138 49 99 793 64355 1 14874454 58814 2.6 93 36 2 26 63% 10675 125443 8760 12%
c - 1547.30 140 50 99 794 64370 1 14902615 58928 2.5 93 36 2 26 62% 10675 125443 8760 12%
c - 1550.92 138 52 99 795 64372 1 14930793 58117 2.5 96 38 2 26 61% 10675 125443 8760 12%
c - 1554.63 107 56 99 796 64375 1 14958988 56889 2.5 100 40 2 26 61% 10675 125443 8760 12%
c - 1558.59 107 61 99 797 64387 1 14987202 56494 2.4 103 43 2 26 61% 10675 125443 8760 12%
c - 1562.35 106 65 99 798 64402 1 15015435 57068 2.3 107 46 2 26 61% 10675 125443 8760 12%
c ] 1564.04 107 66 100 798 64403 1 15029101 69553 2.3 107 47 2 26 61% 10675 125443 8760 12%
c
c  seconds     switched       rate            size/glue  tier1     binary          remaining
c           MB    reductions     conflicts          size   tier2       irredundant
c            level      restarts         redundant     glue    trail          variables
c
c { 1564.04 107 38 100 798 64403 2 15029101 69553 3.7 40 11 2 15 35% 10675 125443 8760 12%
c o 1564.10 102 38 100 798 64410 2 15029477 69884 3.6 40 11 2 15 35% 10675 125443 8760 12%
c - 1565.78 108 47 100 799 64673 2 15043684 62332 3.3 43 13 2 15 37% 10675 125443 8760 12%
c - 1568.68 108 63 100 800 65151 2 15071950 74934 2.9 47 16 2 15 39% 10676 125443 8760 12%
c - 1571.86 109 72 100 801 65574 3 15100234 82384 2.7 51 19 2 15 41% 10676 125443 8760 12%
c - 1575.12 107 78 100 802 65954 3 15128535 87292 2.6 54 21 2 15 44% 10678 125443 8760 12%
c - 1578.76 106 84 100 803 66339 3 15156854 90222 2.6 57 22 2 15 46% 10678 125443 8760 12%
c - 1582.02 108 88 100 804 66677 3 15185191 92014 2.5 59 23 2 15 46% 10678 125443 8760 12%
c u 1583.96 106 89 100 804 66796 3 15196711 100321 2.5 60 24 2 15 47% 10688 125443 8759 12%
c v 1585.79 106 89 100 804 66796 3 15196711 82877 2.5 60 24 2 15 47% 10690 125443 8759 12%
c w 1586.82 112 89 100 804 66796 3 15196711 82844 2.5 60 24 2 15 47% 10690 125443 8759 12%
c t 1586.84 112 89 100 804 66796 3 15196711 82843 2.5 60 24 2 15 47% 10685 125423 8759 12%
c u 1587.34 105 89 100 804 66796 3 15196711 82500 2.5 60 24 2 15 47% 10689 125423 8759 12%
c v 1588.43 107 89 100 804 66796 3 15196711 75723 2.5 60 24 2 15 47% 10689 125423 8759 12%
c w 1590.29 111 89 100 804 66796 3 15196711 75498 2.5 60 24 2 15 47% 10689 125423 8759 12%
c i 1590.31 111 89 100 804 66796 3 15196711 75498 2.5 60 24 2 15 47% 10689 125423 8759 12%
c - 1592.05 108 91 100 805 66981 3 15213547 73043 2.5 61 24 2 15 47% 10674 125423 8759 12%
c - 1594.89 108 94 100 806 67245 3 15241919 81503 2.6 62 24 2 15 48% 10675 125423 8759 12%
c - 1597.92 107 94 100 807 67539 3 15270310 86282 2.6 64 25 2 15 49% 10675 125423 8759 12%
c - 1601.10 105 94 100 808 67806 3 15298717 88303 2.6 65 25 2 15 50% 10675 125423 8759 12%
c
c  seconds     switched       rate            size/glue  tier1     binary          remaining
c           MB    reductions     conflicts          size   tier2       irredundant
c            level      restarts         redundant     glue    trail          variables
c
c - 1603.98 110 95 100 809 68022 3 15327143 90772 2.6 66 25 2 15 51% 10675 125423 8759 12%
c - 1606.68 110 93 100 810 68241 3 15355585 92742 2.6 66 25 2 15 51% 10675 125423 8759 12%
c - 1609.49 110 93 100 811 68478 3 15384045 93902 2.7 67 25 2 15 51% 10675 125423 8759 12%
c - 1612.41 110 93 100 812 68717 3 15412524 94933 2.7 68 25 2 15 52% 10676 125423 8759 12%
c - 1615.73 107 92 100 813 68952 3 15441021 95689 2.7 69 25 2 15 52% 10677 125423 8759 12%
c - 1618.93 110 92 100 814 69182 3 15469534 96682 2.8 69 25 2 15 53% 10677 125423 8759 12%
c - 1622.03 103 93 100 815 69425 3 15498064 97374 2.7 69 25 2 15 52% 10677 125423 8759 12%
c } 1624.23 108 94 101 815 69592 3 15520800 119816 2.7 69 25 2 15 52% 10677 125423 8759 12%
c [ 1624.23 108 66 101 815 69592 1 15520800 119816 2.3 107 47 2 26 61% 10677 125423 8759 12%
c I 1624.23 108 66 101 815 69592 1 15520800 119816 2.3 107 47 2 26 61% 10677 125423 8759 12%
c - 1624.88 109 71 101 816 69596 1 15526612 96580 2.2 107 48 2 26 61% 10677 125423 8759 12%
c s 1625.32 104 73 101 816 69598 1 15530924 100670 2.2 107 48 2 26 61% 10685 125342 8759 12%
c e 1625.34 99 73 101 816 69598 1 15530924 100670 2.2 107 48 2 26 61% 10620 125557 8744 12%
c s 1625.35 99 73 101 816 69598 1 15530924 100670 2.2 107 48 2 26 61% 10625 125478 8744 12%
c e 1625.36 99 73 101 816 69598 1 15530924 100670 2.2 107 48 2 26 61% 10621 125524 8741 12%
c - 1627.97 115 73 101 817 69608 1 15555177 85226 2.2 105 48 2 26 62% 10621 125524 8741 12%
c o 1629.97 111 69 101 817 69619 1 15572076 99978 2.3 104 46 2 26 62% 10621 125524 8741 12%
c - 1631.16 114 73 101 818 69621 1 15583760 69137 2.2 106 48 2 26 62% 10621 125524 8741 12%
c u 1634.22 112 79 101 818 69625 1 15605503 85643 2.1 110 53 2 26 62% 10632 125524 8741 12%
c v 1634.77 114 79 101 818 69625 1 15605503 76625 2.1 110 53 2 26 62% 10632 125524 8741 12%
c
c  seconds     switched       rate            size/glue   tier1     binary          remaining
c           MB    reductions     conflicts          size    tier2       irredundant
c            level      restarts         redundant      glue    trail          variables
c
c w 1637.10 134 79 101 818 69625 1 15605503 75106 2.1 110 53 2 26 62% 10632 125524 8741 12%
c t 1637.12 134 79 101 818 69625 1 15605503 75106 2.1 110 53 2 26 62% 10627 125524 8741 12%
c f 1637.13 134 79 101 818 69625 1 15605503 75106 2.1 110 53 2 26 62% 10627 125501 8742 12%
c u 1637.64 145 79 101 818 69625 1 15605503 74618 2.1 110 53 2 26 62% 10631 125501 8742 12%
c v 1637.94 146 79 101 818 69625 1 15605503 72421 2.1 110 53 2 26 62% 10631 125501 8742 12%
c w 1641.02 156 79 101 818 69625 1 15605503 72346 2.1 110 53 2 26 62% 10631 125501 8742 12%
c - 1641.73 143 78 101 819 69629 1 15612360 52832 2.1 110 52 2 26 62% 10631 125501 8742 12%
c - 1644.94 146 71 101 820 69642 1 15640978 54207 2.2 107 48 2 26 63% 10631 125501 8742 12%
c - 1648.52 145 64 101 821 69653 1 15669614 58887 2.4 105 44 2 26 63% 10631 125501 8742 12%
c - 1652.40 92 59 101 822 69654 1 15698269 63349 2.5 102 41 2 26 63% 10631 125501 8742 12%
c - 1656.48 91 54 101 823 69661 1 15726941 65747 2.6 99 39 2 26 62% 10631 125501 8742 12%
c - 1659.97 96 54 101 824 69674 1 15755628 66282 2.6 100 39 2 26 62% 10631 125501 8742 12%
c - 1663.25 93 57 101 825 69685 1 15784333 61627 2.4 99 41 2 26 62% 10631 125501 8742 12%
c - 1666.74 95 58 101 826 69694 1 15813055 56492 2.3 98 42 2 26 62% 10631 125501 8742 12%
c - 1670.32 92 57 101 827 69707 1 15841795 56658 2.3 95 42 2 26 62% 10631 125501 8742 12%
c - 1673.77 95 55 101 828 69716 1 15870554 59545 2.3 94 41 2 26 61% 10631 125501 8742 12%
c - 1677.37 94 53 101 829 69717 1 15899331 62192 2.4 93 39 2 26 62% 10631 125501 8742 12%
c B 1680.70 92 50 101 829 69718 1 15924459 83830 2.5 91 37 2 26 62% 10631 125501 8742 12%
c - 1681.07 94 54 101 830 69718 1 15928123 62926 2.4 93 39 2 26 62% 10631 125501 8742 12%
c - 1683.95 96 79 101 831 69718 1 15956933 63360 2.2 107 49 2 26 63% 10631 125501 8742 12%
c
c  seconds    switched       rate            size/glue   tier1     binary          remaining
c          MB    reductions     conflicts          size    tier2       irredundant
c           level      restarts         redundant      glue    trail          variables
c
c ] 1685.12 96 86 102 831 69718 1 15968518 74817 2.1 111 52 2 26 64% 10631 125501 8742 12%
c { 1685.12 96 94 102 831 69718 3 15968518 74817 2.7 69 25 2 15 52% 10631 125501 8742 12%
c - 1686.16 98 90 102 832 69727 3 15985762 65461 2.7 64 23 2 15 49% 10631 125501 8742 12%
c - 1688.28 99 80 102 833 69732 2 16014608 84068 2.7 56 21 2 15 43% 10631 125501 8742 12%
c u 1689.06 105 78 102 833 69732 2 16020215 87066 2.6 54 21 2 15 42% 10635 125501 8742 12%
c v 1691.16 110 78 102 833 69732 2 16020215 85736 2.6 54 21 2 15 42% 10635 125501 8742 12%
c w 1691.67 110 78 102 833 69732 2 16020215 85511 2.6 54 21 2 15 42% 10635 125501 8742 12%
c t 1691.69 110 78 102 833 69732 2 16020215 85511 2.6 54 21 2 15 42% 10633 125501 8742 12%
c - 1692.93 123 74 102 834 69744 2 16043470 92634 2.6 49 19 2 15 38% 10635 125501 8742 12%
c - 1694.60 128 73 102 835 69781 2 16072351 96711 2.6 45 17 2 15 36% 10638 125501 8742 12%
c - 1695.59 131 67 102 836 69797 2 16101249 100097 2.5 39 16 2 15 31% 10642 125501 8742 12%
c o 1696.49 134 65 102 836 69822 2 16122151 119656 2.5 36 15 2 15 28% 10642 125501 8742 12%
c - 1697.03 138 67 102 837 69867 2 16130162 101813 2.5 36 14 2 15 29% 10642 125501 8742 12%
c - 1698.70 169 72 102 838 69999 2 16159093 105313 2.4 34 14 2 15 29% 10644 125501 8742 12%
c i 1700.04 197 75 102 838 70134 2 16183064 128023 2.4 32 13 2 15 29% 10655 125501 8740 12%
c - 1700.40 199 76 102 839 70162 2 16188041 105307 2.4 33 13 2 15 30% 10642 125501 8740 12%
c - 1702.15 229 78 102 840 70324 3 16217006 106852 2.4 31 13 2 15 30% 10644 125501 8740 12%
c - 1703.90 246 77 102 841 70488 3 16245990 108837 2.4 30 13 2 15 29% 10647 125501 8740 12%
c i 1704.78 249 79 102 841 70601 3 16259719 121945 2.4 30 13 2 15 30% 10652 125501 8738 12%
c - 1705.75 255 81 102 842 70712 3 16274991 110231 2.4 29 12 2 15 30% 10642 125501 8738 12%
c
c  seconds     switched       rate             size/glue  tier1     binary          remaining
c           MB    reductions     conflicts           size   tier2       irredundant
c            level      restarts         redundant      glue    trail          variables
c
c i 1706.70 258 82 102 842 70798 3 16292284 126638 2.4 29 12 2 15 30% 10648 125501 8737 12%
c - 1707.47 262 82 102 843 70892 3 16304008 111964 2.4 29 12 2 15 30% 10639 125501 8737 12%
c - 1709.31 270 82 102 844 71144 3 16333045 113769 2.3 28 12 2 15 30% 10643 125501 8737 12%
c - 1711.00 281 80 102 845 71339 3 16362097 114682 2.3 28 12 2 15 29% 10646 125501 8737 12%
c - 1712.90 291 80 102 846 71580 3 16391165 115724 2.3 27 12 2 15 29% 10649 125501 8737 12%
c - 1714.86 299 80 102 847 71821 3 16420254 116973 2.3 27 12 2 15 30% 10654 125501 8737 12%
c u 1716.41 261 79 102 847 71937 3 16440846 130069 2.3 27 12 2 15 29% 10673 125448 8737 12%
c v 1717.00 265 79 102 847 71937 3 16440846 129224 2.3 27 12 2 15 29% 10673 125448 8737 12%
c w 1717.25 266 79 102 847 71937 3 16440846 129190 2.3 27 12 2 15 29% 10673 125448 8737 12%
c x 1717.70 266 79 102 847 71937 3 16440846 129179 2.3 27 12 2 15 29% 10717 125306 8737 12%
c t 1717.72 266 79 102 847 71937 3 16440846 129179 2.3 27 12 2 15 29% 10695 125306 8737 12%
c - 1718.35 269 80 102 848 72024 3 16449357 111164 2.3 27 12 2 15 29% 10696 125306 8737 12%
c } 1719.93 276 77 103 848 72203 3 16478371 138818 2.3 26 11 2 15 29% 10698 125306 8737 12%
c [ 1719.93 276 86 103 848 72203 1 16478371 138818 2.1 111 52 2 26 64% 10698 125306 8737 12%
c W 1720.14 277 86 103 848 72203 1 16478371 138818 2.1 111 52 2 26 64% 10698 125306 8737 12%
c - 1720.17 277 86 103 849 72203 1 16478478 113098 2.1 111 52 2 26 64% 10698 125306 8737 12%
c - 1723.10 280 87 103 850 72217 1 16507617 97184 2.0 109 53 2 26 63% 10698 125306 8737 12%
c - 1726.23 205 81 103 851 72232 1 16536772 75682 2.0 103 51 2 26 63% 10698 125306 8737 12%
c - 1729.30 206 71 103 852 72238 1 16565944 74541 2.1 97 46 2 26 64% 10698 125306 8737 12%
c - 1732.71 210 64 103 853 72250 1 16595134 75324 2.2 93 43 2 26 64% 10698 125306 8737 12%
c
c  seconds     switched       rate            size/glue  tier1     binary          remaining
c           MB    reductions     conflicts          size   tier2       irredundant
c            level      restarts         redundant     glue    trail          variables
c
c - 1735.84 221 60 103 854 72263 1 16624341 77327 2.2 91 41 2 26 63% 10698 125306 8737 12%
c - 1739.25 133 59 103 855 72265 1 16653565 75029 2.2 90 41 2 26 63% 10698 125306 8737 12%
c s 1740.95 142 59 103 855 72265 1 16668566 88491 2.2 90 41 2 26 62% 10698 125242 8737 12%
c e 1740.97 143 59 103 855 72265 1 16668566 88491 2.2 90 41 2 26 62% 10658 125420 8723 12%
c s 1740.98 143 59 103 855 72265 1 16668566 88491 2.2 90 41 2 26 62% 10658 125364 8723 12%
c e 1740.99 143 59 103 855 72265 1 16668566 88491 2.2 90 41 2 26 62% 10656 125377 8722 12%
c - 1742.59 154 60 103 856 72271 1 16682807 73721 2.2 89 41 2 26 62% 10656 125377 8722 12%
c - 1746.40 166 59 103 857 72283 1 16712067 72179 2.1 88 41 2 26 62% 10656 125377 8722 12%
c o 1747.98 168 58 103 857 72293 1 16726498 85119 2.2 89 41 2 26 62% 10656 125377 8722 12%
c - 1749.63 137 65 103 858 72296 1 16741341 72295 2.1 93 44 2 26 62% 10656 125377 8722 12%
c - 1753.17 141 69 103 859 72305 1 16770632 71549 2.0 97 48 2 26 62% 10656 125377 8722 12%
c ] 1756.08 142 63 104 859 72314 1 16794088 92372 2.2 97 44 2 26 63% 10656 125377 8722 12%
c { 1756.08 142 77 104 859 72314 3 16794088 92372 2.3 26 11 2 15 29% 10656 125377 8722 12%
c - 1756.83 150 78 104 860 72422 3 16799940 74822 2.3 29 12 2 15 30% 10656 125377 8722 12%
c - 1760.26 123 84 104 861 72926 3 16829265 87305 2.3 37 16 2 15 35% 10656 125377 8722 12%
c - 1763.74 153 87 104 862 73378 3 16858607 96022 2.3 44 19 2 15 39% 10659 125377 8722 12%
c u 1765.63 159 88 104 862 73505 3 16867415 93477 2.3 45 20 2 15 40% 10683 125377 8722 12%
c v 1767.03 162 88 104 862 73505 3 16867415 80971 2.3 45 20 2 15 40% 10690 125377 8722 12%
c w 1767.92 167 88 104 862 73505 3 16867415 80912 2.3 45 20 2 15 40% 10690 125377 8722 12%
c t 1767.94 167 88 104 862 73505 3 16867415 80912 2.3 45 20 2 15 40% 10678 125377 8722 12%
c
c  seconds     switched       rate            size/glue  tier1     binary          remaining
c           MB    reductions     conflicts          size   tier2       irredundant
c            level      restarts         redundant     glue    trail          variables
c
c f 1767.95 167 88 104 862 73505 3 16867415 80912 2.3 45 20 2 15 40% 10679 125359 8723 12%
c u 1768.53 166 88 104 862 73505 3 16867415 79450 2.3 45 20 2 15 40% 10687 125359 8723 12%
c v 1769.46 167 88 104 862 73505 3 16867415 74296 2.3 45 20 2 15 40% 10687 125359 8723 12%
c w 1771.35 167 88 104 862 73505 3 16867415 74017 2.3 45 20 2 15 40% 10687 125359 8723 12%
c = 1776.63 169 88 104 862 73505 3 16867415 74017 2.3 45 20 2 15 40% 10687 125347 8722 12%
c t 1776.64 169 88 104 862 73505 3 16867415 74014 2.3 45 20 2 15 40% 10682 125345 8722 12%
c - 1778.89 188 89 104 863 73757 3 16887967 76147 2.3 48 21 2 15 41% 10680 125345 8722 12%
c - 1782.19 148 90 104 864 74103 3 16917344 85331 2.4 52 22 2 15 44% 10680 125345 8722 12%
c - 1785.12 156 91 104 865 74379 3 16946737 91354 2.4 55 23 2 15 46% 10680 125345 8722 12%
c - 1788.37 154 93 104 866 74716 3 16976151 94399 2.4 58 24 2 15 47% 10681 125345 8722 12%
c - 1791.22 157 92 104 867 74952 3 17005578 96534 2.5 59 24 2 15 47% 10681 125345 8722 12%
c - 1794.11 113 89 104 868 75193 3 17035022 98808 2.5 60 24 2 15 48% 10681 125345 8722 12%
c - 1797.27 112 89 104 869 75446 3 17064485 99256 2.5 63 25 2 15 49% 10683 125345 8722 12%
c - 1800.39 113 86 104 870 75634 3 17093964 100434 2.6 64 24 2 15 50% 10683 125345 8722 12%
c - 1803.81 113 85 104 871 75890 3 17123461 101974 2.7 65 25 2 15 51% 10683 125345 8722 12%
c - 1807.07 114 85 104 872 76114 3 17152973 103025 2.7 66 25 2 15 52% 10683 125345 8722 12%
c - 1810.47 112 86 104 873 76374 3 17182504 103640 2.7 66 25 2 15 52% 10683 125345 8722 12%
c - 1813.35 115 87 104 874 76534 3 17212051 105863 2.8 67 24 2 15 52% 10685 125345 8722 12%
c - 1817.11 114 83 104 875 76795 3 17241615 105924 2.7 68 25 2 15 53% 10685 125345 8722 12%
c - 1820.49 114 83 104 876 77073 3 17271195 104133 2.7 67 25 2 15 52% 10689 125345 8722 12%
c
c  seconds     switched       rate             size/glue  tier1     binary          remaining
c           MB    reductions     conflicts           size   tier2       irredundant
c            level      restarts         redundant      glue    trail          variables
c
c o 1823.46 114 83 104 876 77288 3 17296808 129113 2.7 68 25 2 15 52% 10689 125345 8722 12%
c u 1824.69 111 83 104 876 77313 3 17299928 126880 2.7 68 25 2 15 52% 10701 125345 8722 12%
c v 1826.43 117 83 104 876 77313 3 17299928 120878 2.7 68 25 2 15 52% 10701 125345 8722 12%
c w 1827.15 123 83 104 876 77313 3 17299928 120855 2.7 68 25 2 15 52% 10701 125345 8722 12%
c t 1827.17 123 83 104 876 77313 3 17299928 120855 2.7 68 25 2 15 52% 10689 125345 8722 12%
c - 1827.28 110 83 104 877 77318 3 17300793 94755 2.7 68 25 2 15 52% 10689 125345 8722 12%
c } 1829.57 113 83 105 877 77488 3 17322383 115906 2.7 68 25 2 15 52% 10689 125345 8722 12%
c [ 1829.57 113 63 105 877 77488 1 17322383 115906 2.2 97 44 2 26 63% 10689 125345 8722 12%
c O 1829.57 113 63 105 877 77488 1 17322383 115906 2.2 97 44 2 26 63% 10689 125345 8722 12%
c - 1830.60 114 62 105 878 77493 1 17330408 94538 2.2 96 43 2 26 63% 10689 125345 8722 12%
c - 1834.42 112 60 105 879 77506 1 17360040 83671 2.3 97 42 2 26 62% 10689 125345 8722 12%
c - 1838.11 111 60 105 880 77518 1 17389687 67733 2.3 98 43 2 26 63% 10689 125345 8722 12%
c - 1841.98 110 60 105 881 77528 1 17419351 62657 2.3 99 43 2 26 62% 10689 125345 8722 12%
c - 1845.83 110 56 105 882 77540 1 17449032 62280 2.4 98 41 2 26 62% 10689 125345 8722 12%
c - 1849.80 108 54 105 883 77549 1 17478730 65006 2.4 96 39 2 26 62% 10689 125345 8722 12%
c - 1853.85 112 54 105 884 77550 1 17508447 64273 2.4 94 40 2 26 62% 10689 125345 8722 12%
c - 1857.79 111 52 105 885 77563 1 17538180 63739 2.4 93 39 2 26 61% 10689 125345 8722 12%
c - 1861.83 110 50 105 886 77575 1 17567932 63600 2.4 91 38 2 26 61% 10689 125345 8722 12%
c - 1865.82 112 48 105 887 77581 1 17597697 62590 2.5 92 37 2 26 61% 10689 125345 8722 12%
c - 1869.98 110 47 105 888 77596 1 17627480 63823 2.5 93 37 2 26 60% 10689 125345 8722 12%
c
c  seconds     switched       rate            size/glue  tier1     binary          remaining
c           MB    reductions     conflicts          size   tier2       irredundant
c            level      restarts         redundant     glue    trail          variables
c
c - 1874.46 107 47 105 889 77610 1 17657279 62286 2.5 93 37 2 26 60% 10689 125345 8722 12%
c - 1878.01 111 47 105 890 77613 1 17687097 64705 2.5 93 37 2 26 59% 10689 125345 8722 12%
c - 1881.40 110 48 105 891 77614 1 17716931 65736 2.5 91 36 2 26 59% 10689 125345 8722 12%
c u 1884.57 107 47 105 891 77614 1 17738409 82200 2.5 91 36 2 26 59% 10692 125345 8722 12%
c v 1885.00 110 47 105 891 77614 1 17738409 77632 2.5 91 36 2 26 59% 10692 125345 8722 12%
c w 1888.60 120 47 105 891 77614 1 17738409 74625 2.5 91 36 2 26 59% 10692 125345 8722 12%
c t 1888.62 120 47 105 891 77614 1 17738409 74625 2.5 91 36 2 26 59% 10691 125345 8722 12%
c - 1889.66 107 47 105 892 77614 1 17746780 59570 2.6 92 36 2 26 60% 10691 125345 8722 12%
c ] 1890.86 108 47 106 892 77614 1 17756517 67952 2.6 92 36 2 26 60% 10691 125345 8722 12%
c { 1890.86 108 83 106 892 77614 3 17756517 67952 2.7 68 25 2 15 52% 10691 125345 8722 12%
c - 1892.69 109 81 106 893 77707 3 17776647 69865 2.8 69 25 2 15 53% 10691 125345 8722 12%
c - 1895.20 113 82 106 894 77863 3 17806533 83799 2.8 68 24 2 15 53% 10693 125345 8722 12%
c - 1897.75 110 82 106 895 78013 2 17836434 90044 2.9 66 23 2 15 52% 10693 125345 8722 12%
c s 1899.37 112 83 106 895 78131 2 17854016 107402 2.9 66 23 2 15 52% 10695 125337 8722 12%
c e 1899.37 103 83 106 895 78131 2 17854016 107402 2.9 66 23 2 15 52% 10690 125359 8720 12%
c s 1899.37 103 83 106 895 78131 2 17854016 107402 2.9 66 23 2 15 52% 10690 125352 8720 12%
c - 1900.68 123 83 106 896 78201 2 17866351 93278 2.9 65 22 2 15 52% 10690 125352 8720 12%
c o 1901.80 131 84 106 896 78294 3 17877508 104301 2.9 65 22 2 15 52% 10691 125352 8720 12%
c - 1903.97 143 84 106 897 78467 3 17896285 94566 2.9 65 23 2 15 52% 10691 125352 8720 12%
c - 1907.28 165 83 106 898 78742 3 17926234 94929 2.9 67 23 2 15 52% 10691 125352 8720 12%
c
c  seconds     switched       rate            size/glue  tier1     binary          remaining
c           MB    reductions     conflicts          size   tier2       irredundant
c            level      restarts         redundant     glue    trail          variables
c
c - 1910.50 190 83 106 899 78973 3 17956200 96734 2.9 67 23 2 15 52% 10692 125352 8720 12%
c - 1913.79 170 84 106 900 79237 3 17986183 98678 2.9 67 23 2 15 52% 10692 125352 8720 12%
c - 1916.68 172 82 106 901 79416 3 18016183 100333 3.0 67 23 2 15 52% 10693 125352 8720 12%
c - 1919.90 170 83 106 902 79649 3 18046199 102102 3.0 67 22 2 15 52% 10697 125352 8720 12%
c - 1922.97 171 81 106 903 79862 3 18076232 103081 3.0 68 22 2 15 51% 10698 125352 8720 12%
c - 1926.48 128 80 106 904 80118 3 18106282 103122 3.0 68 23 2 15 52% 10699 125352 8720 12%
c - 1929.34 125 76 106 905 80270 2 18136351 104693 3.0 67 22 2 15 51% 10700 125352 8720 12%
c - 1931.15 145 70 106 906 80372 2 18166435 107713 3.0 63 21 2 15 47% 10700 125352 8720 12%
c u 1933.62 145 70 106 906 80532 2 18182861 117836 2.9 63 21 2 15 48% 10707 125352 8720 12%
c v 1935.33 150 70 106 906 80532 2 18182861 112315 2.9 63 21 2 15 48% 10707 125352 8720 12%
c w 1935.87 153 70 106 906 80532 2 18182861 111877 2.9 63 21 2 15 48% 10707 125352 8720 12%
c t 1935.89 126 70 106 906 80532 2 18182861 111877 2.9 63 21 2 15 48% 10700 125352 8720 12%
c - 1937.46 117 71 106 907 80659 2 18196534 96847 2.9 64 22 2 15 48% 10700 125352 8720 12%
c - 1940.44 117 74 106 908 80921 2 18226650 96905 3.0 65 22 2 15 49% 10701 125352 8720 12%
c - 1943.21 117 73 106 909 81105 2 18256784 99661 3.0 65 21 2 15 48% 10701 125352 8720 12%
c - 1946.34 118 74 106 910 81358 2 18286933 101389 3.0 66 22 2 15 49% 10701 125352 8720 12%
c } 1948.07 117 76 107 910 81518 3 18303543 117754 3.0 66 22 2 15 50% 10701 125352 8720 12%
c [ 1948.07 117 47 107 910 81518 1 18303543 117754 2.6 92 36 2 26 60% 10701 125352 8720 12%
c B 1948.07 117 47 107 910 81518 1 18303543 117754 2.6 92 36 2 26 60% 10701 125352 8720 12%
c - 1949.50 119 51 107 911 81526 1 18317100 96400 2.5 95 37 2 26 60% 10701 125352 8720 12%
c
c  seconds     switched       rate            size/glue  tier1     binary          remaining
c           MB    reductions     conflicts          size   tier2       irredundant
c            level      restarts         redundant     glue    trail          variables
c
c - 1953.48 115 50 107 912 81539 1 18347282 81389 2.5 94 37 2 26 60% 10701 125352 8720 12%
c - 1957.19 115 48 107 913 81548 1 18377481 69960 2.6 95 36 2 26 60% 10701 125352 8720 12%
c - 1961.06 113 48 107 914 81562 1 18407699 70002 2.7 95 35 2 26 60% 10701 125352 8720 12%
c - 1965.33 111 46 107 915 81576 1 18437931 70691 2.7 95 35 2 26 60% 10701 125352 8720 12%
c - 1969.38 116 51 107 916 81580 1 18468179 68401 2.6 97 38 2 26 60% 10701 125352 8720 12%
c - 1973.29 115 54 107 917 81580 1 18498446 64721 2.5 98 40 2 26 60% 10701 125352 8720 12%
c - 1977.11 113 59 107 918 81595 1 18528728 64335 2.3 99 42 2 26 61% 10701 125352 8720 12%
c - 1981.14 115 64 107 919 81610 1 18559026 63893 2.2 102 46 2 26 61% 10701 125352 8720 12%
c - 1985.04 114 65 107 920 81617 1 18589341 63179 2.2 104 47 2 26 61% 10701 125352 8720 12%
c - 1988.98 114 59 107 921 81630 1 18619674 68307 2.3 100 43 2 26 62% 10701 125352 8720 12%
c o 1989.95 114 58 107 921 81634 1 18627520 75272 2.3 99 42 2 26 62% 10701 125352 8720 12%
c u 1991.06 114 61 107 921 81638 1 18633308 77373 2.3 100 44 2 26 62% 10706 125352 8720 12%
c v 1991.49 115 61 107 921 81638 1 18633308 72321 2.3 100 44 2 26 62% 10706 125352 8720 12%
c w 1994.71 123 61 107 921 81638 1 18633308 70954 2.3 100 44 2 26 62% 10706 125352 8720 12%
c t 1994.72 123 61 107 921 81638 1 18633308 70954 2.3 100 44 2 26 62% 10705 125352 8720 12%
c - 1996.33 112 62 107 922 81642 1 18650022 66046 2.3 101 43 2 26 63% 10705 125352 8720 12%
c - 1999.93 116 63 107 923 81643 1 18680391 64466 2.3 103 44 2 26 64% 10705 125352 8720 12%
c - 2003.53 113 65 107 924 81644 1 18710772 60861 2.3 105 46 2 26 64% 10705 125352 8720 12%
c ] 2004.94 114 66 108 924 81644 1 18723221 72601 2.3 106 46 2 26 64% 10705 125352 8720 12%
c { 2004.94 114 76 108 924 81644 3 18723221 72601 3.0 66 22 2 15 50% 10705 125352 8720 12%
c
c  seconds     switched       rate            size/glue  tier1     binary          remaining
c           MB    reductions     conflicts          size   tier2       irredundant
c            level      restarts         redundant     glue    trail          variables
c
c - 2006.58 114 80 108 925 81847 3 18741169 67807 2.9 65 23 2 15 50% 10706 125352 8720 12%
c - 2009.36 115 86 108 926 82164 3 18771585 81282 2.8 66 24 2 15 51% 10706 125352 8720 12%
c - 2012.26 114 91 108 927 82443 3 18802015 89171 2.7 65 24 2 15 51% 10706 125352 8720 12%
c - 2015.18 118 93 108 928 82688 3 18832463 93913 2.7 65 24 2 15 51% 10706 125352 8720 12%
c - 2018.25 118 94 108 929 82949 3 18862927 96311 2.7 66 24 2 15 51% 10706 125352 8720 12%
c - 2021.28 117 94 108 930 83162 3 18893409 98335 2.7 66 24 2 15 51% 10707 125352 8720 12%
c - 2024.24 118 93 108 931 83395 3 18923905 100321 2.7 65 24 2 15 50% 10707 125352 8720 12%
c - 2027.30 117 92 108 932 83651 3 18954418 101509 2.6 64 24 2 15 49% 10708 125352 8720 12%
c - 2030.41 119 94 108 933 83890 3 18984946 102649 2.7 65 24 2 15 50% 10709 125352 8720 12%
c - 2033.43 118 96 108 934 84114 3 19015491 104958 2.7 65 24 2 15 51% 10710 125352 8720 12%
c - 2036.85 119 96 108 935 84385 3 19046052 105305 2.8 68 25 2 15 51% 10710 125352 8720 12%
c - 2040.12 115 94 108 936 84629 3 19076629 104472 2.7 68 25 2 15 51% 10710 125352 8720 12%
c s 2041.22 117 91 108 936 84696 3 19087874 115430 2.8 68 25 2 15 52% 10712 125343 8720 12%
c e 2041.23 107 91 108 936 84696 3 19087874 115430 2.8 68 25 2 15 52% 10710 125361 8719 12%
c s 2041.23 107 91 108 936 84696 3 19087874 115430 2.8 68 25 2 15 52% 10710 125350 8719 12%
c u 2042.14 114 91 108 936 84710 3 19089774 112060 2.8 68 25 2 15 52% 10713 125350 8719 12%
c v 2044.00 120 91 108 936 84710 3 19089774 99241 2.8 68 25 2 15 52% 10713 125350 8719 12%
c w 2044.64 123 91 108 936 84710 3 19089774 99189 2.8 68 25 2 15 52% 10713 125350 8719 12%
c - 2046.65 116 90 108 937 84853 3 19107224 90670 2.8 68 25 2 15 52% 10714 125350 8719 12%
c - 2049.74 123 92 108 938 85065 3 19137834 95711 2.8 69 24 2 15 53% 10714 125350 8719 12%
c
c  seconds     switched       rate            size/glue  tier1     binary          remaining
c           MB    reductions     conflicts          size   tier2       irredundant
c            level      restarts         redundant     glue    trail          variables
c
c - 2053.07 125 93 108 939 85325 3 19168460 98347 2.8 69 25 2 15 53% 10714 125350 8719 12%
c - 2056.26 125 93 108 940 85565 3 19199105 99252 2.7 68 25 2 15 52% 10714 125350 8719 12%
c o 2059.46 123 96 108 940 85813 3 19227831 127425 2.7 68 25 2 15 52% 10717 125350 8719 12%
c - 2059.69 126 96 108 941 85839 3 19229767 100511 2.7 68 25 2 15 52% 10717 125350 8719 12%
c - 2063.25 125 96 108 942 86121 3 19260442 100586 2.7 69 26 2 15 53% 10718 125350 8719 12%
c } 2066.54 124 96 109 942 86379 3 19289261 128611 2.7 69 26 2 15 52% 10718 125350 8719 12%
c [ 2066.54 124 66 109 942 86379 1 19289261 128611 2.3 106 46 2 26 64% 10718 125350 8719 12%
c W 2066.61 134 66 109 942 86379 1 19289261 128611 2.3 106 46 2 26 64% 10718 125350 8719 12%
c - 2066.87 136 66 109 943 86380 1 19291137 99667 2.3 106 46 2 26 64% 10718 125350 8719 12%
c - 2071.26 135 66 109 944 86393 1 19321845 89306 2.2 101 46 2 26 63% 10718 125350 8719 12%
c - 2075.00 137 71 109 945 86408 1 19352571 76306 2.2 100 45 2 26 60% 10718 125350 8719 12%
c - 2078.68 121 82 109 946 86416 1 19383311 73378 2.1 102 49 2 26 59% 10718 125350 8719 12%
c - 2082.22 121 82 109 947 86431 1 19414069 68736 2.0 101 50 2 26 59% 10718 125350 8719 12%
c - 2086.00 119 75 109 948 86440 1 19444844 67367 2.1 98 47 2 26 56% 10718 125350 8719 12%
c - 2089.90 97 68 109 949 86441 1 19475633 67035 2.1 96 45 2 26 54% 10718 125350 8719 12%
c - 2093.34 100 63 109 950 86454 1 19506440 69204 2.2 93 42 2 26 50% 10718 125350 8719 12%
c - 2097.41 99 65 109 951 86468 1 19537262 70162 2.1 96 45 2 26 49% 10718 125350 8719 12%
c u 2100.07 96 66 109 951 86472 1 19552234 78921 2.1 97 46 2 26 49% 10721 125350 8719 12%
c v 2100.48 98 66 109 951 86472 1 19552234 73438 2.1 97 46 2 26 49% 10721 125350 8719 12%
c w 2103.95 112 66 109 951 86472 1 19552234 71337 2.1 97 46 2 26 49% 10721 125350 8719 12%
c
c  seconds     switched       rate            size/glue  tier1     binary          remaining
c           MB    reductions     conflicts          size   tier2       irredundant
c            level      restarts         redundant     glue    trail          variables
c
c t 2103.97 112 66 109 951 86472 1 19552234 71337 2.1 97 46 2 26 49% 10720 125350 8719 12%
c - 2106.14 97 64 109 952 86472 1 19568100 58479 2.1 96 45 2 26 49% 10720 125350 8719 12%
c - 2109.99 100 63 109 953 86487 1 19598955 60408 2.1 94 45 2 26 48% 10720 125350 8719 12%
c - 2113.82 97 60 109 954 86502 1 19629825 60331 2.1 93 44 2 26 48% 10720 125350 8719 12%
c - 2117.56 100 58 109 955 86504 1 19660711 61646 2.1 93 43 2 26 48% 10720 125350 8719 12%
c - 2121.48 98 58 109 956 86505 1 19691614 62930 2.1 92 43 2 26 48% 10720 125350 8719 12%
c ] 2124.32 99 59 110 956 86505 1 19716041 85151 2.1 91 44 2 26 47% 10720 125350 8719 12%
c { 2124.32 99 96 110 956 86505 3 19716041 85151 2.7 69 26 2 15 52% 10720 125350 8719 12%
c - 2124.88 95 95 110 957 86553 3 19722534 65402 2.7 69 26 2 15 52% 10720 125350 8719 12%
c - 2127.57 97 97 110 958 86738 3 19753471 78161 2.7 69 25 2 15 52% 10721 125350 8719 12%
c - 2129.98 101 98 110 959 86887 3 19784422 91204 2.7 66 24 2 15 52% 10721 125350 8719 12%
c - 2132.57 100 98 110 960 87081 3 19815391 96641 2.8 66 24 2 15 51% 10723 125350 8719 12%
c o 2134.52 101 99 110 960 87245 3 19837997 118859 2.8 66 24 2 15 50% 10723 125350 8719 12%
c - 2135.48 100 99 110 961 87311 3 19846374 98659 2.8 66 24 2 15 50% 10723 125350 8719 12%
c - 2138.16 100 98 110 962 87483 3 19877377 101268 2.8 65 23 2 15 51% 10723 125350 8719 12%
c - 2141.40 100 99 110 963 87760 3 19908394 102881 2.8 65 23 2 15 52% 10723 125350 8719 12%
c - 2144.79 102 99 110 964 88042 3 19939426 102956 2.8 66 24 2 15 52% 10723 125350 8719 12%
c - 2148.16 99 99 110 965 88311 3 19970475 103922 2.8 67 24 2 15 52% 10723 125350 8719 12%
c - 2150.55 102 94 110 966 88502 3 20001542 104685 2.7 63 23 2 15 49% 10723 125350 8719 12%
c u 2153.21 98 95 110 966 88654 3 20020715 118970 2.7 64 23 2 15 49% 10728 125350 8719 12%
c
c  seconds     switched       rate             size/glue  tier1     binary          remaining
c           MB    reductions     conflicts           size   tier2       irredundant
c            level      restarts         redundant      glue    trail          variables
c
c v 2155.27 105 95 110 966 88654 3 20020715 108446 2.7 64 23 2 15 49% 10728 125350 8719 12%
c w 2155.99 108 95 110 966 88654 3 20020715 108421 2.7 64 23 2 15 49% 10728 125350 8719 12%
c t 2156.01 108 95 110 966 88654 3 20020715 108421 2.7 64 23 2 15 49% 10727 125350 8719 12%
c - 2157.00 102 93 110 967 88723 3 20032623 93600 2.7 62 23 2 15 47% 10727 125350 8719 12%
c - 2160.19 101 96 110 968 89018 3 20063719 97944 2.7 62 23 2 15 48% 10727 125350 8719 12%
c - 2163.41 101 96 110 969 89256 3 20094831 100814 2.7 63 23 2 15 49% 10727 125350 8719 12%
c - 2166.79 102 97 110 970 89504 3 20125961 103164 2.7 64 23 2 15 50% 10727 125350 8719 12%
c - 2170.03 102 99 110 971 89758 3 20157106 104896 2.7 63 23 2 15 50% 10728 125350 8719 12%
c - 2173.42 102 99 110 972 90048 3 20188268 105245 2.7 64 24 2 15 50% 10728 125350 8719 12%
c - 2176.81 102 99 110 973 90322 3 20219444 104883 2.7 65 24 2 15 50% 10729 125350 8719 12%
c - 2180.18 103 99 110 974 90587 3 20250636 105164 2.7 65 24 2 15 50% 10729 125350 8719 12%
c - 2183.58 102 100 110 975 90852 3 20281844 106362 2.7 66 24 2 15 51% 10730 125350 8719 12%
c } 2185.52 100 99 111 975 91002 3 20301381 125554 2.7 66 24 2 15 52% 10730 125350 8719 12%
c [ 2185.52 100 59 111 975 91002 1 20301381 125554 2.1 91 44 2 26 47% 10730 125350 8719 12%
c I 2185.52 100 59 111 975 91002 1 20301381 125554 2.1 91 44 2 26 47% 10730 125350 8719 12%
c - 2186.74 102 61 111 976 91008 1 20313068 103262 2.1 94 44 2 26 48% 10730 125350 8719 12%
c - 2190.30 100 59 111 977 91023 1 20344308 90246 2.2 94 42 2 26 53% 10730 125350 8719 12%
c s 2193.45 98 57 111 977 91032 1 20370694 113698 2.3 96 41 2 26 55% 10730 125349 8719 12%
c - 2194.08 99 57 111 978 91032 1 20375564 75382 2.4 96 41 2 26 56% 10730 125349 8719 12%
c - 2197.88 99 53 111 979 91046 1 20406837 73053 2.5 95 39 2 26 58% 10730 125349 8719 12%
c
c  seconds    switched       rate            size/glue  tier1     binary          remaining
c          MB    reductions     conflicts          size   tier2       irredundant
c           level      restarts         redundant     glue    trail          variables
c
c - 2202.07 97 51 111 980 91061 1 20438125 74502 2.5 95 37 2 26 59% 10730 125349 8719 12%
c - 2206.39 100 50 111 981 91064 1 20469430 75055 2.5 94 37 2 26 60% 10730 125349 8719 12%
c u 2210.78 98 49 111 981 91064 1 20495241 92671 2.6 93 37 2 26 60% 10735 125349 8719 12%
c v 2211.29 100 49 111 981 91064 1 20495241 88031 2.6 93 37 2 26 60% 10736 125349 8719 12%
c w 2213.08 114 49 111 981 91064 1 20495241 85415 2.6 93 37 2 26 60% 10736 125349 8719 12%
c x 2213.91 126 49 111 981 91064 1 20495241 85365 2.6 93 37 2 26 60% 10741 125251 8719 12%
c t 2213.92 126 49 111 981 91064 1 20495241 85365 2.6 93 37 2 26 60% 10735 125251 8719 12%
c o 2213.94 126 49 111 981 91064 1 20495241 85365 2.6 93 37 2 26 60% 10735 125251 8719 12%
c - 2214.51 134 53 111 982 91067 1 20500755 65079 2.5 97 39 2 26 60% 10735 125251 8719 12%
c - 2218.49 138 57 111 983 91081 1 20532093 65513 2.4 99 42 2 26 61% 10735 125251 8719 12%
c - 2222.32 137 63 111 984 91094 1 20563446 60788 2.2 101 46 2 26 61% 10735 125251 8719 12%
c - 2226.14 138 68 111 985 91105 1 20594816 59974 2.1 102 49 2 26 62% 10735 125251 8719 12%
c - 2229.70 137 70 111 986 91118 1 20626200 61976 2.1 104 49 2 26 63% 10735 125251 8719 12%
c - 2233.52 137 65 111 987 91126 1 20657600 66962 2.3 105 46 2 26 63% 10735 125251 8719 12%
c - 2237.44 138 61 111 988 91127 1 20689018 69632 2.5 107 43 2 26 63% 10735 125251 8719 12%
c - 2241.50 139 60 111 989 91128 1 20720451 70385 2.6 107 42 2 26 63% 10735 125251 8719 12%
c - 2245.41 150 61 111 990 91128 1 20751901 69663 2.6 109 42 2 26 63% 10735 125251 8719 12%
c ] 2247.40 152 60 112 990 91134 1 20768523 85183 2.6 108 42 2 26 63% 10735 125251 8719 12%
c { 2247.40 152 99 112 990 91134 3 20768523 85183 2.7 66 24 2 15 52% 10735 125251 8719 12%
c - 2248.66 162 100 112 991 91228 3 20783367 74723 2.7 65 24 2 15 51% 10735 125251 8719 12%
c
c  seconds     switched       rate            size/glue  tier1     binary          remaining
c           MB    reductions     conflicts          size   tier2       irredundant
c            level      restarts         redundant     glue    trail          variables
c
c - 2251.36 173 99 112 992 91488 3 20814847 88033 2.7 65 24 2 15 50% 10735 125251 8719 12%
c - 2254.29 190 98 112 993 91748 3 20846345 94196 2.7 65 24 2 15 50% 10736 125250 8719 12%
c - 2257.42 220 98 112 994 92031 3 20877856 98088 2.7 65 24 2 15 49% 10736 125250 8719 12%
c - 2260.24 235 96 112 995 92248 3 20909385 102009 2.7 66 24 2 15 49% 10737 125250 8719 12%
c - 2263.32 214 95 112 996 92510 3 20940929 104538 2.7 65 24 2 15 49% 10737 125250 8719 12%
c - 2266.27 230 92 112 997 92709 3 20972488 106238 2.7 64 24 2 15 48% 10737 125250 8719 12%
c u 2267.26 233 92 112 997 92748 3 20975805 105352 2.7 64 24 2 15 48% 10738 125250 8719 12%
c v 2269.00 238 92 112 997 92748 3 20975805 87571 2.7 64 24 2 15 48% 10738 125250 8719 12%
c w 2270.09 240 92 112 997 92748 3 20975805 87455 2.7 64 24 2 15 48% 10738 125250 8719 12%
c t 2270.11 240 92 112 997 92748 3 20975805 87455 2.7 64 24 2 15 48% 10737 125250 8719 12%
c - 2272.53 191 90 112 998 92945 3 21004063 91391 2.7 64 24 2 15 48% 10738 125250 8719 12%
c - 2275.64 208 88 112 999 93220 3 21035657 96920 2.7 65 24 2 15 48% 10738 125250 8719 12%
c - 2278.68 227 87 112 1000 93472 3 21067264 100501 2.7 64 24 2 15 47% 10738 125250 8719 12%
c - 2281.02 236 78 112 1001 93582 3 21098886 104709 2.8 64 23 2 15 46% 10738 125250 8719 12%
c o 2283.60 184 75 112 1001 93747 3 21125383 130049 2.8 64 23 2 15 47% 10738 125250 8719 12%
c - 2284.20 205 76 112 1002 93793 3 21130526 107607 2.8 64 23 2 15 47% 10738 125250 8719 12%
c - 2287.54 226 78 112 1003 94043 3 21162181 108105 2.8 64 23 2 15 47% 10738 125250 8719 12%
c - 2290.82 228 79 112 1004 94302 3 21193852 108064 2.8 64 23 2 15 47% 10738 125250 8719 12%
c - 2294.09 162 78 112 1005 94553 3 21225538 108366 2.7 64 23 2 15 47% 10738 125250 8719 12%
c - 2297.22 162 80 112 1006 94778 3 21257239 109434 2.8 64 23 2 15 46% 10738 125250 8719 12%
c
c  seconds     switched        rate             size/glue  tier1     binary          remaining
c           MB     reductions     conflicts           size   tier2       irredundant
c            level       restarts         redundant      glue    trail          variables
c
c - 2300.06 158 79 112 1007 94974 3 21288956 110995 2.7 62 23 2 15 44% 10739 125250 8719 12%
c - 2303.03 162 76 112 1008 95151 3 21320690 112059 2.8 62 23 2 15 45% 10739 125250 8719 12%
c - 2305.86 97 74 112 1009 95340 3 21352440 113474 2.7 60 22 2 15 44% 10739 125250 8719 12%
c } 2307.82 100 75 113 1009 95481 3 21373440 133781 2.7 59 22 2 15 44% 10740 125250 8719 12%
c [ 2307.82 100 60 113 1009 95481 1 21373440 133781 2.6 108 42 2 26 63% 10740 125250 8719 12%
c B 2307.82 100 60 113 1009 95481 1 21373440 133781 2.6 108 42 2 26 63% 10740 125250 8719 12%
c - 2308.98 102 61 113 1010 95487 1 21384206 110296 2.6 106 42 2 26 63% 10740 125250 8719 12%
c - 2312.94 100 60 113 1011 95502 1 21415988 93675 2.5 104 42 2 26 63% 10740 125250 8719 12%
c - 2317.15 98 63 113 1012 95511 1 21447784 74376 2.4 104 44 2 26 61% 10740 125250 8719 12%
c u 2319.61 96 63 113 1012 95517 1 21462438 82635 2.4 105 44 2 26 61% 10750 125250 8719 12%
c v 2320.03 98 63 113 1012 95517 1 21462438 74706 2.4 105 44 2 26 61% 10751 125250 8719 12%
c w 2322.60 108 63 113 1012 95517 1 21462438 73272 2.4 105 44 2 26 61% 10751 125250 8719 12%
c t 2322.62 108 63 113 1012 95517 1 21462438 73272 2.4 105 44 2 26 61% 10744 125250 8719 12%
c - 2324.54 97 63 113 1013 95525 1 21479595 62233 2.4 104 44 2 26 61% 10744 125250 8719 12%
c - 2328.51 96 62 113 1014 95540 1 21511422 64162 2.4 104 43 2 26 61% 10744 125250 8719 12%
c - 2332.21 100 67 113 1015 95543 1 21543266 64134 2.3 105 46 2 26 62% 10744 125250 8719 12%
c - 2336.16 98 68 113 1016 95547 1 21575125 62736 2.3 105 46 2 26 62% 10744 125250 8719 12%
c - 2340.51 97 66 113 1017 95561 1 21606999 63590 2.2 102 46 2 26 61% 10744 125250 8719 12%
c - 2344.34 97 60 113 1018 95574 1 21638891 68112 2.3 98 43 2 26 62% 10744 125250 8719 12%
c - 2349.05 100 56 113 1019 95587 1 21670798 68856 2.4 96 41 2 26 62% 10744 125250 8719 12%
c
c  seconds    switched        rate            size/glue  tier1     binary          remaining
c          MB     reductions     conflicts          size   tier2       irredundant
c           level       restarts         redundant     glue    trail          variables
c
c - 2353.29 99 57 113 1020 95601 1 21702721 70048 2.3 95 41 2 26 62% 10744 125250 8719 12%
c s 2353.33 99 57 113 1020 95601 1 21703026 70314 2.3 95 41 2 26 62% 10745 125233 8719 12%
c e 2353.36 91 57 113 1020 95601 1 21703026 70314 2.3 95 41 2 26 62% 10744 125247 8718 12%
c - 2357.42 105 55 113 1021 95606 1 21734658 68041 2.3 92 40 2 26 63% 10744 125247 8718 12%
c - 2361.46 107 55 113 1022 95606 1 21766611 65976 2.2 90 41 2 26 63% 10744 125247 8718 12%
c - 2365.98 110 54 113 1023 95607 1 21798580 66570 2.2 89 40 2 26 64% 10744 125247 8718 12%
c ] 2368.75 110 52 114 1023 95607 1 21817201 82166 2.2 88 39 2 26 64% 10744 125247 8718 12%
c { 2368.75 110 75 114 1023 95607 3 21817201 82166 2.7 59 22 2 15 44% 10744 125247 8718 12%
c - 2370.28 113 69 114 1024 95609 2 21830564 77303 2.8 61 22 2 15 45% 10744 125247 8718 12%
c - 2374.09 111 57 114 1025 95611 2 21862564 98106 3.1 66 21 2 15 49% 10744 125247 8718 12%
c o 2375.23 112 55 114 1025 95613 2 21870411 105421 3.2 67 21 2 15 50% 10744 125247 8718 12%
c - 2376.50 119 54 114 1026 95614 2 21894579 110063 3.4 66 19 2 15 47% 10745 125247 8718 12%
c - 2378.67 124 48 114 1027 95622 2 21926610 115566 4.0 71 18 2 15 48% 10746 125247 8718 12%
c i 2378.87 118 47 114 1027 95623 2 21929370 118258 4.0 71 18 2 15 48% 10750 125247 8717 12%
c u 2380.99 125 44 114 1027 95648 2 21955140 141269 4.2 69 17 2 15 48% 10762 125238 8717 12%
c v 2384.00 138 44 114 1027 95648 2 21955140 139029 4.2 69 17 2 15 48% 10762 125238 8717 12%
c w 2384.86 142 44 114 1027 95648 2 21955140 138977 4.2 69 17 2 15 48% 10762 125238 8717 12%
c t 2384.89 142 44 114 1027 95648 2 21955140 138977 4.2 69 17 2 15 48% 10758 125238 8717 12%
c f 2384.89 142 44 114 1027 95648 2 21955140 138977 4.2 69 17 2 15 48% 10759 125218 8718 12%
c u 2385.53 156 44 114 1027 95648 2 21955140 138708 4.2 69 17 2 15 48% 10759 125218 8718 12%
c
c  seconds     switched        rate             size/glue  tier1     binary          remaining
c           MB     reductions     conflicts           size   tier2       irredundant
c            level       restarts         redundant      glue    trail          variables
c
c v 2388.32 182 44 114 1027 95648 2 21955140 128308 4.2 69 17 2 15 48% 10759 125218 8718 12%
c w 2389.14 187 44 114 1027 95648 2 21955140 128245 4.2 69 17 2 15 48% 10759 125218 8718 12%
c - 2389.43 201 43 114 1028 95651 2 21958657 105029 4.2 69 16 2 15 48% 10745 125218 8718 12%
c - 2391.17 205 42 114 1029 95677 1 21990719 108535 4.2 63 15 2 15 45% 10752 125218 8718 12%
c - 2392.87 207 41 114 1030 95730 1 22022797 113063 4.1 57 14 2 15 43% 10756 125218 8718 12%
c i 2393.28 205 41 114 1030 95758 1 22030059 120247 4.1 56 14 2 15 43% 10767 125218 8717 12%
c - 2394.66 221 42 114 1031 95834 1 22054890 115069 4.0 52 13 2 15 41% 10751 125218 8717 12%
c - 2395.39 203 34 114 1032 95834 1 22086999 115073 3.8 43 11 2 15 33% 10751 125218 8717 12%
c - 2396.56 201 28 114 1033 95835 1 22119123 113991 3.5 36 11 2 15 27% 10751 125218 8717 12%
c - 2398.21 204 29 114 1034 96003 1 22151265 121437 3.4 35 10 2 15 26% 10752 125218 8717 12%
c - 2399.28 204 36 114 1035 96078 1 22183421 125660 3.3 32 10 2 15 24% 10754 125218 8717 12%
c i 2399.46 202 36 114 1035 96105 1 22185955 128116 3.3 32 10 2 15 24% 10764 125218 8714 12%
c i 2400.05 202 36 114 1035 96203 1 22194727 136707 3.3 33 10 2 15 26% 10770 125218 8713 12%
c i 2400.11 203 36 114 1035 96212 1 22195682 137598 3.3 33 10 2 15 26% 10775 125218 8711 12%
c - 2401.76 141 37 114 1036 96472 2 22215593 122084 3.4 35 10 2 15 28% 10737 125218 8711 12%
c - 2403.69 145 39 114 1037 96707 2 22247779 121722 3.4 35 10 2 15 30% 10742 125218 8711 12%
c - 2406.78 148 39 114 1038 97133 2 22279981 124273 3.5 39 11 2 15 33% 10744 125218 8711 12%
c - 2409.40 147 38 114 1039 97447 2 22312200 126033 3.6 41 11 2 15 35% 10747 125218 8711 12%
c i 2410.90 149 39 114 1039 97597 2 22332499 146125 3.7 41 11 2 15 36% 10752 125218 8710 12%
c - 2412.08 100 39 114 1040 97722 2 22344433 127549 3.7 42 11 2 15 37% 10748 125218 8710 12%
c
c  seconds    switched        rate             size/glue  tier1     binary          remaining
c          MB     reductions     conflicts           size   tier2       irredundant
c           level       restarts         redundant      glue    trail          variables
c
c - 2414.15 96 40 114 1041 97912 2 22376684 128303 3.6 40 11 2 15 36% 10750 125218 8710 12%
c - 2416.38 102 38 114 1042 98139 2 22408948 129000 3.6 40 11 2 15 35% 10752 125218 8710 12%
c - 2418.94 99 40 114 1043 98446 2 22441228 130633 3.6 41 11 2 15 37% 10760 125218 8710 12%
c } 2418.96 99 40 115 1043 98446 2 22441978 131373 3.6 41 11 2 15 37% 10760 125218 8710 12%
c [ 2418.96 99 52 115 1043 98446 1 22441978 131373 2.2 88 39 2 26 64% 10760 125218 8710 12%
c W 2419.10 110 52 115 1043 98446 1 22441978 131373 2.2 88 39 2 26 64% 10760 125105 8710 12%
c u 2421.35 116 52 115 1043 98452 1 22453913 133015 2.3 89 39 2 26 64% 10773 125095 8710 12%
c v 2422.31 120 52 115 1043 98452 1 22453913 130649 2.3 89 39 2 26 64% 10773 125095 8710 12%
c w 2422.84 127 52 115 1043 98452 1 22453913 130649 2.3 89 39 2 26 64% 10773 125095 8710 12%
c t 2422.85 127 52 115 1043 98452 1 22453913 130649 2.3 89 39 2 26 64% 10753 125095 8710 12%
c - 2425.55 144 52 115 1044 98460 1 22473524 102755 2.3 90 39 2 26 63% 10753 125095 8710 12%
c - 2430.27 147 50 115 1045 98475 1 22505838 78837 2.4 92 38 2 26 62% 10753 125095 8710 12%
c - 2434.86 149 49 115 1046 98485 1 22538164 75225 2.5 93 37 2 26 62% 10753 125095 8710 12%
c - 2439.65 153 49 115 1047 98500 1 22570506 74688 2.5 93 37 2 26 61% 10753 125095 8710 12%
c - 2445.01 119 49 115 1048 98507 1 22602866 74266 2.5 93 37 2 25 60% 10753 125095 8710 12%
c - 2450.15 122 48 115 1049 98508 1 22635240 75583 2.5 93 37 2 25 59% 10753 125095 8710 12%
c - 2455.14 127 47 115 1050 98523 1 22667629 77458 2.5 93 37 2 25 59% 10753 125095 8710 12%
c - 2460.24 131 50 115 1051 98538 1 22700034 77015 2.5 95 38 2 25 59% 10753 125095 8710 12%
c o 2464.28 133 48 115 1051 98543 1 22724931 97963 2.5 95 37 2 25 60% 10753 125095 8710 12%
c ] 2465.07 135 51 116 1051 98546 1 22731226 103830 2.5 96 39 2 25 60% 10753 125095 8710 12%
c
c  seconds     switched        rate             size/glue  tier1     binary          remaining
c           MB     reductions     conflicts           size   tier2       irredundant
c            level       restarts         redundant      glue    trail          variables
c
c { 2465.07 135 40 116 1051 98546 2 22731226 103830 3.6 41 11 2 15 37% 10753 125095 8710 12%
c - 2465.19 114 41 116 1052 98568 2 22732453 76555 3.5 41 12 2 15 37% 10753 125095 8710 12%
c - 2469.66 147 59 116 1053 99154 2 22764889 87884 2.9 49 17 2 15 41% 10755 125095 8710 12%
c - 2473.86 194 72 116 1054 99671 3 22797340 94881 2.7 54 20 2 15 43% 10755 125095 8710 12%
c - 2477.57 232 80 116 1055 100107 3 22829807 100316 2.6 57 22 2 15 45% 10756 125095 8710 12%
c - 2481.45 259 86 116 1056 100505 3 22862291 103693 2.6 61 24 2 15 46% 10756 125095 8710 12%
c - 2485.45 252 89 116 1057 100868 3 22894787 106012 2.6 64 24 2 15 49% 10756 125095 8710 12%
c - 2489.39 316 90 116 1058 101199 3 22927298 107785 2.6 66 25 2 15 50% 10757 125095 8710 12%
c u 2494.11 364 90 116 1058 101487 3 22958768 131922 2.7 68 26 2 15 51% 10778 125095 8710 12%
c v 2496.89 294 90 116 1058 101487 3 22958768 110001 2.7 68 26 2 15 51% 10782 125095 8710 12%
c w 2498.08 316 90 116 1058 101487 3 22958768 109948 2.7 68 26 2 15 51% 10782 125095 8710 12%
c t 2498.10 316 90 116 1058 101487 3 22958768 109948 2.7 68 26 2 15 51% 10772 125095 8710 12%
c - 2498.27 307 91 116 1059 101497 3 22959825 86894 2.7 68 26 2 15 51% 10772 125095 8710 12%
c - 2501.98 309 92 116 1060 101819 3 22992368 92645 2.6 69 26 2 15 51% 10772 125095 8710 12%
c - 2505.88 201 92 116 1061 102125 3 23024925 97427 2.6 70 27 2 15 52% 10772 125095 8710 12%
c - 2509.62 199 92 116 1062 102392 3 23057498 100459 2.7 71 27 2 15 53% 10772 125095 8710 12%
c s 2512.39 199 94 116 1062 102594 3 23085400 127992 2.7 71 26 2 15 52% 10774 125054 8710 12%
c e 2512.40 191 94 116 1062 102594 3 23085400 127992 2.7 71 26 2 15 52% 10756 125132 8704 12%
c s 2512.40 191 94 116 1062 102594 3 23085400 127992 2.7 71 26 2 15 52% 10756 125089 8704 12%
c e 2512.41 191 94 116 1062 102594 3 23085400 127992 2.7 71 26 2 15 52% 10755 125104 8703 12%
c
c  seconds     switched         rate             size/glue  tier1     binary          remaining
c           MB     reductions      conflicts           size   tier2       irredundant
c            level        restarts         redundant      glue    trail          variables
c
c - 2513.08 201 94 116 1063 102632 3 23090086 103622 2.7 71 26 2 15 52% 10755 125104 8703 12%
c - 2517.03 101 94 116 1064 102913 3 23122690 104993 2.7 72 27 2 15 53% 10755 125104 8703 12%
c - 2520.63 104 94 116 1065 103154 3 23155309 105673 2.7 72 27 2 15 52% 10755 125104 8703 12%
c - 2524.42 103 93 116 1066 103433 3 23187948 106241 2.7 73 27 2 15 52% 10755 125104 8703 12%
c - 2528.08 102 92 116 1067 103685 3 23220597 106374 2.7 73 27 2 15 52% 10755 125104 8703 12%
c - 2532.04 105 90 116 1068 103943 3 23253262 106412 2.7 73 27 2 15 53% 10755 125104 8703 12%
c - 2536.11 105 90 116 1069 104251 3 23285942 106959 2.7 74 27 2 15 52% 10756 125104 8703 12%
c - 2539.74 105 92 116 1070 104498 3 23318642 108114 2.7 73 27 2 15 52% 10756 125104 8703 12%
c - 2543.63 103 92 116 1071 104759 3 23351353 109038 2.7 73 27 2 15 52% 10756 125104 8703 12%
c } 2546.59 102 92 117 1071 104992 3 23376140 133432 2.7 74 27 2 15 52% 10756 125104 8703 12%
c [ 2546.59 102 51 117 1071 104992 1 23376140 133432 2.5 96 39 2 25 60% 10756 125104 8703 12%
c O 2546.59 102 51 117 1071 104992 1 23376140 133432 2.5 96 39 2 25 60% 10756 125104 8703 12%
c - 2547.62 103 51 117 1072 104997 1 23384080 106829 2.5 95 38 2 25 60% 10756 125104 8703 12%
c o 2548.20 104 51 117 1072 104999 1 23388442 110784 2.5 95 38 2 25 60% 10756 125104 8703 12%
c - 2551.71 102 59 117 1073 105012 1 23416821 94653 2.4 99 41 2 25 60% 10757 125104 8703 12%
c - 2555.42 98 58 117 1074 105022 1 23449577 79633 2.5 99 40 2 25 61% 10757 125104 8703 12%
c u 2558.62 100 58 117 1074 105029 1 23469745 91992 2.5 101 40 2 25 62% 10773 125104 8703 12%
c v 2559.24 102 58 117 1074 105029 1 23469745 82896 2.5 101 40 2 25 62% 10773 125104 8703 12%
c w 2562.76 114 58 117 1074 105029 1 23469745 80898 2.5 101 40 2 25 62% 10773 125104 8703 12%
c t 2562.77 114 58 117 1074 105029 1 23469745 80898 2.5 101 40 2 25 62% 10763 125104 8703 12%
c
c  seconds    switched         rate            size/glue  tier1     binary          remaining
c          MB     reductions      conflicts          size   tier2       irredundant
c           level        restarts         redundant     glue    trail          variables
c
c - 2564.30 98 56 117 1075 105036 1 23482348 66252 2.5 99 39 2 25 62% 10763 125104 8703 12%
c - 2568.77 103 51 117 1076 105051 1 23515135 68803 2.6 96 37 2 25 63% 10763 125104 8703 12%
c - 2573.22 101 49 117 1077 105054 1 23547937 68954 2.6 95 36 2 25 63% 10763 125104 8703 12%
c - 2578.14 100 48 117 1078 105060 1 23580754 70742 2.6 95 36 2 25 63% 10763 125104 8703 12%
c - 2582.99 100 50 117 1079 105075 1 23613586 72465 2.6 95 37 2 25 63% 10763 125104 8703 12%
c - 2587.27 96 50 117 1080 105085 1 23646434 70970 2.5 94 37 2 25 63% 10763 125104 8703 12%
c - 2591.44 102 50 117 1081 105099 1 23679299 69629 2.5 95 38 2 25 63% 10763 125104 8703 12%
c - 2595.88 103 53 117 1082 105114 1 23712178 71464 2.5 96 38 2 25 60% 10763 125104 8703 12%
c - 2600.41 101 53 117 1083 105117 1 23745073 71006 2.6 99 38 2 25 57% 10763 125104 8703 12%
c - 2605.02 100 53 117 1084 105118 1 23777981 68812 2.6 101 38 2 25 55% 10763 125104 8703 12%
c - 2609.74 102 53 117 1085 105118 1 23810905 69145 2.7 103 38 2 25 53% 10763 125104 8703 12%
c - 2614.26 102 53 117 1086 105125 1 23843844 72352 2.8 106 38 2 25 52% 10763 125104 8703 12%
c B 2616.59 102 56 117 1086 105140 1 23876634 103805 2.8 104 38 2 25 48% 10763 125104 8703 12%
c - 2616.62 102 56 117 1087 105140 1 23876798 75950 2.8 104 38 2 25 48% 10763 125104 8703 12%
c - 2619.12 101 63 117 1088 105149 1 23909768 69336 2.5 105 42 2 25 46% 10763 125104 8703 12%
c - 2621.63 98 62 117 1089 105164 1 23942752 64259 2.4 103 43 2 25 44% 10764 125104 8703 12%
c - 2624.32 101 57 117 1090 105179 1 23975753 64670 2.5 101 41 2 25 42% 10764 125104 8703 12%
c u 2625.74 99 57 117 1090 105180 1 23986842 72701 2.5 101 40 2 25 42% 10768 125104 8703 12%
c v 2626.01 100 57 117 1090 105180 1 23986842 68773 2.5 101 40 2 25 42% 10768 125104 8703 12%
c w 2628.35 108 57 117 1090 105180 1 23986842 66325 2.5 101 40 2 25 42% 10768 125104 8703 12%
c
c  seconds     switched         rate            size/glue   tier1     binary          remaining
c           MB     reductions      conflicts          size    tier2       irredundant
c            level        restarts         redundant      glue    trail          variables
c
c t 2628.37 108 57 117 1090 105180 1 23986842 66325 2.5 101 40 2 25 42% 10767 125104 8703 12%
c - 2630.15 98 57 117 1091 105181 1 24008768 59295 2.5 102 41 2 25 41% 10767 125104 8703 12%
c ] 2630.38 99 57 118 1091 105181 1 24011696 61954 2.5 102 41 2 25 41% 10767 125104 8703 12%
c { 2630.38 99 92 118 1091 105181 3 24011696 61954 2.7 74 27 2 15 52% 10767 125104 8703 12%
c - 2632.68 102 85 118 1092 105198 2 24041798 75539 2.7 66 24 2 15 48% 10767 125104 8703 12%
c o 2633.95 101 80 118 1092 105205 2 24059003 92192 2.9 66 23 2 15 49% 10767 125104 8703 12%
c - 2635.01 104 78 118 1093 105215 2 24074843 97649 3.0 65 22 2 15 48% 10768 125104 8703 12%
c - 2637.42 104 74 118 1094 105244 2 24107906 107363 3.1 59 19 2 15 45% 10768 125104 8703 12%
c - 2639.42 117 70 118 1095 105252 2 24140981 111753 2.9 51 17 2 15 39% 10770 125104 8703 12%
c - 2641.04 122 65 118 1096 105285 2 24174072 114217 2.8 43 16 2 15 33% 10771 125104 8703 12%
c - 2643.12 143 64 118 1097 105370 2 24207177 116032 2.7 40 15 2 15 32% 10774 125104 8703 12%
c - 2645.11 175 67 118 1098 105502 2 24240299 119717 2.6 37 14 2 15 31% 10780 125104 8703 12%
c - 2646.98 192 68 118 1099 105659 2 24273436 120857 2.5 34 13 2 15 29% 10782 125104 8703 12%
c - 2649.03 192 73 118 1100 105860 3 24306587 122327 2.5 32 13 2 15 30% 10783 125104 8703 12%
c i 2649.90 191 74 118 1100 105952 3 24320020 135057 2.5 32 13 2 15 30% 10790 125104 8702 12%
c - 2651.19 192 75 118 1101 106084 3 24339757 123831 2.5 31 13 2 15 30% 10786 125104 8702 12%
c - 2653.40 193 77 118 1102 106322 3 24372939 125740 2.4 30 12 2 15 30% 10790 125104 8702 12%
c - 2655.56 190 77 118 1103 106531 3 24406135 128036 2.4 29 12 2 15 31% 10790 125104 8702 12%
c - 2657.82 193 78 118 1104 106791 3 24439347 129503 2.4 28 12 2 15 30% 10794 125104 8702 12%
c - 2660.24 193 80 118 1105 107054 3 24472575 130957 2.4 29 12 2 15 31% 10796 125104 8702 12%
c
c  seconds     switched         rate             size/glue  tier1     binary          remaining
c           MB     reductions      conflicts           size   tier2       irredundant
c            level        restarts         redundant      glue    trail          variables
c
c i 2662.25 163 79 118 1105 107289 3 24502128 159031 2.3 28 12 2 15 30% 10801 125104 8701 12%
c - 2662.54 164 79 118 1106 107321 3 24505818 132437 2.3 28 12 2 15 30% 10794 125104 8701 12%
c u 2663.76 157 79 118 1106 107364 3 24510058 124101 2.3 28 12 2 15 30% 10814 125078 8700 12%
c v 2664.83 162 79 118 1106 107364 3 24510058 121582 2.3 28 12 2 15 30% 10814 125078 8700 12%
c w 2665.26 163 79 118 1106 107364 3 24510058 121377 2.3 28 12 2 15 30% 10814 125078 8700 12%
c t 2669.73 163 79 118 1106 107364 3 24510058 121369 2.3 28 12 2 15 30% 10802 125065 8700 12%
c u 2670.55 159 79 118 1106 107364 3 24510058 117415 2.3 28 12 2 15 30% 10810 125065 8700 12%
c v 2671.73 158 79 118 1106 107364 3 24510058 113152 2.3 28 12 2 15 30% 10812 125065 8700 12%
c w 2672.13 160 79 118 1106 107364 3 24510058 112983 2.3 28 12 2 15 30% 10812 125065 8700 12%
c t 2672.15 119 79 118 1106 107364 3 24510058 112983 2.3 28 12 2 15 30% 10811 125065 8700 12%
c i 2672.15 119 79 118 1106 107364 3 24510058 112983 2.3 28 12 2 15 30% 10811 125065 8700 12%
c s 2672.63 120 79 118 1106 107421 3 24518332 120885 2.3 27 12 2 15 29% 10812 125042 8700 12%
c e 2672.64 109 79 118 1106 107421 3 24518332 120885 2.3 27 12 2 15 29% 10795 125077 8698 12%
c s 2672.64 109 79 118 1106 107421 3 24518332 120885 2.3 27 12 2 15 29% 10795 125064 8698 12%
c - 2674.10 121 80 118 1107 107603 3 24539074 113539 2.3 27 12 2 15 30% 10791 125064 8698 12%
c - 2676.30 121 82 118 1108 107881 3 24572345 118548 2.3 27 12 2 15 30% 10797 125064 8698 12%
c - 2678.61 122 82 118 1109 108162 3 24605631 121663 2.3 27 12 2 15 30% 10799 125064 8698 12%
c - 2680.83 119 80 118 1110 108417 3 24638934 124099 2.4 28 12 2 15 31% 10802 125064 8698 12%
c - 2683.02 123 80 118 1111 108699 3 24672251 126190 2.3 27 12 2 15 30% 10804 125064 8698 12%
c } 2683.34 120 80 119 1111 108747 3 24677024 130809 2.3 27 12 2 15 30% 10804 125064 8698 12%
c
c  seconds     switched         rate             size/glue   tier1     binary          remaining
c           MB     reductions      conflicts           size    tier2       irredundant
c            level        restarts         redundant       glue    trail          variables
c
c [ 2683.34 120 57 119 1111 108747 1 24677024 130809 2.5 102 41 2 25 41% 10804 125064 8698 12%
c W 2683.38 130 57 119 1111 108747 1 24677024 130809 2.5 102 41 2 25 41% 10804 125064 8698 12%
c - 2685.70 136 56 119 1112 108761 1 24705582 109741 2.5 102 41 2 25 41% 10804 125064 8698 12%
c - 2688.47 138 54 119 1113 108776 1 24738928 85422 2.5 99 40 2 25 41% 10804 125064 8698 12%
c - 2691.31 141 52 119 1114 108785 1 24772290 78584 2.5 97 39 2 25 41% 10804 125064 8698 12%
c - 2694.30 144 49 119 1115 108801 1 24805668 76938 2.6 97 38 2 25 41% 10804 125064 8698 12%
c - 2697.32 146 49 119 1116 108808 1 24839059 75271 2.6 96 38 2 25 41% 10804 125064 8698 12%
c - 2700.52 148 49 119 1117 108809 1 24872468 74610 2.5 96 38 2 25 41% 10804 125064 8698 12%
c - 2703.74 150 49 119 1118 108824 1 24905890 74361 2.5 95 38 2 25 41% 10804 125064 8698 12%
c o 2704.90 119 48 119 1118 108832 1 24918950 85367 2.5 95 38 2 25 41% 10804 125064 8698 12%
c - 2707.19 124 58 119 1119 108839 1 24939326 77693 2.3 98 42 2 25 44% 10804 125064 8698 12%
c - 2711.35 125 58 119 1120 108851 1 24972779 78933 2.3 99 42 2 25 49% 10804 125064 8698 12%
c - 2715.88 128 57 119 1121 108867 1 25006246 74836 2.3 99 42 2 25 53% 10804 125064 8698 12%
c u 2721.32 133 59 119 1121 108872 1 25039393 97779 2.3 101 44 2 25 55% 10812 125064 8698 12%
c v 2721.76 134 59 119 1121 108872 1 25039393 91995 2.3 101 44 2 25 55% 10819 125064 8698 12%
c w 2723.19 155 59 119 1121 108872 1 25039393 89071 2.3 101 44 2 25 55% 10819 125064 8698 12%
c x 2723.96 167 59 119 1121 108872 1 25039393 89025 2.3 101 44 2 25 55% 10840 124870 8698 12%
c t 2723.98 167 59 119 1121 108872 1 25039393 89025 2.3 101 44 2 25 55% 10834 124870 8698 12%
c - 2724.08 174 59 119 1122 108872 1 25039728 64650 2.3 101 44 2 25 55% 10834 124870 8698 12%
c - 2728.51 178 60 119 1123 108873 1 25073226 66815 2.2 100 44 2 25 57% 10834 124870 8698 12%
c
c  seconds     switched         rate            size/glue  tier1     binary          remaining
c           MB     reductions      conflicts          size   tier2       irredundant
c            level        restarts         redundant     glue    trail          variables
c
c - 2733.16 190 59 119 1124 108873 1 25106739 68358 2.2 99 44 2 25 58% 10834 124870 8698 12%
c ] 2736.39 192 58 120 1124 108873 1 25128506 87435 2.2 100 44 2 25 58% 10834 124870 8698 12%
c { 2736.39 192 80 120 1124 108873 3 25128506 87435 2.3 27 12 2 15 30% 10834 124870 8698 12%
c - 2737.92 208 83 120 1125 109086 3 25140267 73686 2.3 32 14 2 15 33% 10834 124870 8698 12%
c - 2741.96 169 89 120 1126 109636 4 25173809 87512 2.3 43 18 2 15 38% 10836 124870 8698 12%
c - 2746.13 201 93 120 1127 110137 4 25207364 95006 2.4 51 21 2 15 42% 10837 124870 8698 12%
c - 2750.35 186 96 120 1128 110591 4 25240934 100486 2.4 56 23 2 15 45% 10837 124870 8698 12%
c - 2754.55 213 97 120 1129 110973 3 25274522 103989 2.5 61 24 2 15 47% 10837 124870 8698 12%
c - 2758.61 252 96 120 1130 111304 3 25308123 106322 2.5 64 25 2 15 48% 10837 124870 8698 12%
c - 2762.11 223 93 120 1131 111544 3 25341738 109547 2.6 66 25 2 15 49% 10837 124870 8698 12%
c - 2766.68 262 93 120 1132 111918 3 25375369 110504 2.6 68 26 2 15 50% 10837 124870 8698 12%
c - 2770.63 188 90 120 1133 112163 3 25409014 110539 2.7 70 26 2 15 51% 10837 124870 8698 12%
c - 2774.87 188 89 120 1134 112458 3 25442674 111548 2.7 71 26 2 15 52% 10837 124870 8698 12%
c - 2778.70 189 88 120 1135 112690 3 25476348 113041 2.7 70 26 2 15 52% 10837 124870 8698 12%
c - 2783.03 112 85 120 1136 112954 3 25510037 113203 2.7 71 26 2 15 53% 10837 124870 8698 12%
c - 2787.65 113 85 120 1137 113248 3 25543741 112521 2.7 72 27 2 15 53% 10837 124870 8698 12%
c u 2792.59 113 81 120 1137 113422 3 25574884 135631 2.7 72 27 2 15 54% 10844 124870 8698 12%
c v 2795.30 117 81 120 1137 113422 3 25574884 115842 2.7 72 27 2 15 54% 10844 124870 8698 12%
c w 2796.25 123 81 120 1137 113422 3 25574884 115794 2.7 72 27 2 15 54% 10844 124870 8698 12%
c t 2796.27 123 81 120 1137 113422 3 25574884 115794 2.7 72 27 2 15 54% 10842 124870 8698 12%
c
c  seconds     switched         rate            size/glue  tier1     binary          remaining
c           MB     reductions      conflicts          size   tier2       irredundant
c            level        restarts         redundant     glue    trail          variables
c
c - 2796.57 111 81 120 1138 113435 3 25577462 91567 2.7 72 27 2 15 54% 10842 124870 8698 12%
c o 2800.40 109 81 120 1138 113737 3 25608955 122091 2.7 72 27 2 15 54% 10842 124870 8698 12%
c - 2800.77 113 82 120 1139 113765 3 25611198 95720 2.6 72 27 2 15 54% 10842 124870 8698 12%
c - 2804.67 109 79 120 1140 113954 3 25644948 99520 2.7 72 27 2 15 55% 10842 124870 8698 12%
c - 2808.53 111 78 120 1141 114186 2 25678711 102140 2.7 71 27 2 15 55% 10842 124870 8698 12%
c - 2811.93 112 74 120 1142 114350 2 25712490 103155 2.6 69 26 2 15 54% 10842 124870 8698 12%
c - 2815.93 112 72 120 1143 114573 2 25746283 103732 2.6 69 26 2 15 54% 10842 124870 8698 12%
c - 2820.06 111 69 120 1144 114753 2 25780092 104903 2.6 69 26 2 15 55% 10842 124870 8698 12%
c - 2824.20 113 73 120 1145 115002 2 25813916 106594 2.6 69 26 2 15 55% 10842 124870 8698 12%
c } 2824.25 106 73 121 1145 115003 2 25814526 107187 2.7 69 26 2 15 55% 10842 124870 8698 12%
c [ 2824.25 106 58 121 1145 115003 1 25814526 107187 2.2 100 44 2 25 58% 10842 124870 8698 12%
c I 2824.25 106 58 121 1145 115003 1 25814526 107187 2.2 100 44 2 25 58% 10842 124870 8698 12%
c - 2828.10 113 65 121 1146 115018 1 25847756 96162 2.2 100 46 2 25 58% 10842 124870 8698 12%
c - 2832.49 110 64 121 1147 115033 1 25881610 74706 2.2 99 46 2 25 58% 10842 124870 8698 12%
c - 2836.82 109 63 121 1148 115046 1 25915478 70360 2.2 98 46 2 25 58% 10842 124870 8698 12%
c - 2840.71 108 62 121 1149 115061 1 25949362 71271 2.2 98 45 2 25 59% 10842 124870 8698 12%
c - 2844.92 111 64 121 1150 115065 1 25983258 71659 2.1 97 46 2 25 60% 10842 124870 8698 12%
c s 2847.25 107 65 121 1150 115065 1 26002375 88639 2.1 97 47 2 25 59% 10842 124846 8698 12%
c e 2847.28 101 65 121 1150 115065 1 26002375 88639 2.1 97 47 2 25 59% 10797 125010 8687 12%
c s 2847.29 101 65 121 1150 115065 1 26002375 88639 2.1 97 47 2 25 59% 10797 124965 8687 12%
c
c  seconds     switched         rate            size/glue  tier1     binary          remaining
c           MB     reductions      conflicts          size   tier2       irredundant
c            level        restarts         redundant     glue    trail          variables
c
c e 2847.29 101 65 121 1150 115065 1 26002375 88639 2.1 97 47 2 25 59% 10794 124986 8685 12%
c - 2849.24 109 69 121 1151 115070 1 26017169 71693 2.0 98 49 2 25 59% 10794 124986 8685 12%
c - 2853.63 108 73 121 1152 115086 1 26051096 71185 1.9 99 51 2 25 58% 10794 124986 8685 12%
c - 2857.84 105 75 121 1153 115096 1 26085039 69730 1.9 100 52 2 25 57% 10794 124986 8685 12%
c u 2862.65 108 74 121 1153 115110 1 26116522 94276 1.9 99 51 2 25 57% 10800 124986 8685 12%
c v 2863.09 110 74 121 1153 115110 1 26116522 89533 1.9 99 51 2 25 57% 10801 124986 8685 12%
c w 2867.29 128 74 121 1153 115110 1 26116522 86071 1.9 99 51 2 25 57% 10801 124986 8685 12%
c t 2867.30 128 74 121 1153 115110 1 26116522 86071 1.9 99 51 2 25 57% 10799 124986 8685 12%
c f 2867.32 128 74 121 1153 115110 1 26116522 86071 1.9 99 51 2 25 57% 10801 124947 8687 12%
c u 2867.99 140 74 121 1153 115110 1 26116522 85685 1.9 99 51 2 25 57% 10802 124947 8687 12%
c v 2868.27 141 74 121 1153 115110 1 26116522 83481 1.9 99 51 2 25 57% 10802 124947 8687 12%
c w 2872.86 150 74 121 1153 115110 1 26116522 82509 1.9 99 51 2 25 57% 10802 124947 8687 12%
c - 2873.22 154 74 121 1154 115111 1 26118996 60347 1.9 98 51 2 25 57% 10802 124947 8687 12%
c - 2877.45 158 65 121 1155 115126 1 26152971 65534 2.0 92 46 2 25 58% 10802 124947 8687 12%
c - 2882.05 157 60 121 1156 115128 1 26186956 67298 2.1 89 43 2 25 58% 10802 124947 8687 12%
c - 2886.69 155 55 121 1157 115129 1 26220956 68708 2.2 87 41 2 25 59% 10802 124947 8687 12%
c - 2891.58 158 55 121 1158 115129 1 26254974 70330 2.2 88 40 2 25 59% 10802 124947 8687 12%
c - 2897.08 123 55 121 1159 115139 1 26289005 68142 2.1 88 41 2 25 59% 10802 124947 8687 12%
c - 2902.14 127 53 121 1160 115155 1 26323049 69276 2.1 85 40 2 25 59% 10802 124947 8687 12%
c B 2905.73 130 53 121 1160 115160 1 26348926 91716 2.2 85 40 2 25 59% 10802 124947 8687 12%
c
c  seconds     switched         rate            size/glue  tier1     binary          remaining
c           MB     reductions      conflicts          size   tier2       irredundant
c            level        restarts         redundant     glue    trail          variables
c
c o 2905.73 130 53 121 1160 115160 1 26348926 91716 2.2 85 40 2 25 59% 10802 124947 8687 12%
c - 2906.55 139 61 121 1161 115162 1 26357109 69136 2.0 91 44 2 25 59% 10802 124947 8687 12%
c - 2910.39 144 71 121 1162 115178 1 26391183 70397 2.0 95 48 2 25 59% 10802 124947 8687 12%
c ] 2914.01 146 70 122 1162 115191 1 26421491 98127 2.0 95 47 2 25 58% 10802 124947 8687 12%
c { 2914.01 146 73 122 1162 115191 2 26421491 98127 2.7 69 26 2 15 55% 10802 124947 8687 12%
c - 2914.51 150 73 122 1163 115237 2 26425271 65941 2.6 69 26 2 15 55% 10802 124947 8687 12%
c - 2917.33 160 76 122 1164 115442 2 26459374 79366 2.7 69 25 2 15 54% 10802 124947 8687 12%
c - 2920.83 145 81 122 1165 115724 3 26493492 93061 2.8 70 26 2 15 54% 10802 124947 8687 12%
c - 2924.73 176 85 122 1166 116016 3 26527624 96261 2.7 70 26 2 15 54% 10802 124947 8687 12%
c - 2928.15 215 83 122 1167 116227 3 26561770 100289 2.8 69 25 2 15 53% 10802 124947 8687 12%
c - 2931.79 195 86 122 1168 116511 3 26595932 102787 2.8 70 25 2 15 52% 10804 124947 8687 12%
c - 2935.80 223 90 122 1169 116860 3 26630108 103083 2.7 70 26 2 15 52% 10804 124947 8687 12%
c - 2939.84 273 89 122 1170 117101 3 26664299 105048 2.7 70 26 2 15 53% 10806 124947 8687 12%
c u 2940.53 274 89 122 1170 117102 3 26664330 101442 2.7 70 26 2 15 53% 10809 124947 8687 12%
c v 2942.38 277 89 122 1170 117102 3 26664330 83945 2.7 70 26 2 15 53% 10809 124947 8687 12%
c w 2944.25 278 89 122 1170 117102 3 26664330 83598 2.7 70 26 2 15 53% 10809 124947 8687 12%
c - 2947.84 258 90 122 1171 117355 3 26698504 91613 2.7 71 26 2 15 53% 10811 124947 8687 12%
c - 2951.75 285 93 122 1172 117661 3 26732724 97430 2.7 71 26 2 15 53% 10811 124947 8687 12%
c - 2955.85 212 95 122 1173 117982 3 26766958 100013 2.7 73 27 2 15 54% 10814 124947 8687 12%
c - 2959.98 215 93 122 1174 118251 3 26801207 102273 2.7 73 27 2 15 55% 10814 124947 8687 12%
c
c  seconds     switched         rate             size/glue  tier1     binary          remaining
c           MB     reductions      conflicts           size   tier2       irredundant
c            level        restarts         redundant      glue    trail          variables
c
c - 2964.00 216 88 122 1175 118481 3 26835472 103710 2.7 73 27 2 15 54% 10815 124947 8687 12%
c - 2968.26 133 89 122 1176 118774 3 26869750 104446 2.7 73 27 2 15 55% 10815 124947 8687 12%
c - 2972.58 136 80 122 1177 118936 2 26904043 104350 2.7 71 26 2 15 55% 10815 124947 8687 12%
c - 2976.45 105 80 122 1178 119156 2 26938350 105840 2.7 71 26 2 15 55% 10815 124947 8687 12%
c - 2980.77 102 82 122 1179 119425 3 26972673 107999 2.7 71 26 2 15 55% 10815 124947 8687 12%
c - 2985.04 103 83 122 1180 119676 3 27007009 108928 2.7 72 26 2 15 55% 10815 124947 8687 12%
c - 2989.20 97 82 122 1181 119941 3 27041360 109698 2.7 72 26 2 15 55% 10815 124947 8687 12%
c o 2991.50 105 82 122 1181 120096 3 27061225 129209 2.7 72 26 2 15 54% 10815 124947 8687 12%
c - 2993.46 103 81 122 1182 120201 3 27075726 110197 2.7 71 26 2 15 55% 10815 124947 8687 12%
c - 2998.02 106 81 122 1183 120476 3 27110107 111296 2.7 72 27 2 15 55% 10816 124947 8687 12%
c } 3000.22 103 83 123 1183 120622 3 27128471 129369 2.7 72 27 2 15 55% 10817 124947 8687 12%
c [ 3000.22 103 70 123 1183 120622 1 27128471 129369 2.0 95 47 2 25 58% 10817 124947 8687 12%
c W 3000.52 113 70 123 1183 120622 1 27128471 129369 2.0 95 47 2 25 58% 10817 124947 8687 12%
c - 3002.48 117 69 123 1184 120631 1 27144503 107397 2.0 95 47 2 25 59% 10817 124947 8687 12%
c - 3006.87 119 63 123 1185 120648 1 27178913 92921 2.1 93 44 2 25 59% 10817 124947 8687 12%
c - 3011.66 122 60 123 1186 120655 1 27213336 78778 2.2 91 43 2 25 60% 10817 124947 8687 12%
c u 3012.95 123 59 123 1186 120658 1 27218308 78227 2.2 92 42 2 25 60% 10820 124947 8687 12%
c v 3013.42 124 59 123 1186 120658 1 27218308 69326 2.2 92 42 2 25 60% 10820 124947 8687 12%
c w 3015.92 127 59 123 1186 120658 1 27218308 68287 2.2 92 42 2 25 60% 10820 124947 8687 12%
c t 3015.93 127 59 123 1186 120658 1 27218308 68287 2.2 92 42 2 25 60% 10818 124947 8687 12%
c
c  seconds     switched         rate            size/glue  tier1     binary          remaining
c           MB     reductions      conflicts          size   tier2       irredundant
c            level        restarts         redundant     glue    trail          variables
c
c - 3019.60 139 57 123 1187 120671 1 27247774 67514 2.2 91 41 2 25 60% 10818 124947 8687 12%
c - 3023.89 141 54 123 1188 120683 1 27282227 69420 2.3 93 40 2 25 60% 10818 124947 8687 12%
c - 3028.63 145 54 123 1189 120684 1 27316694 70872 2.4 94 40 2 25 61% 10818 124947 8687 12%
c - 3033.79 149 53 123 1190 120699 1 27351175 70988 2.3 94 40 2 25 61% 10818 124947 8687 12%
c - 3038.81 126 53 123 1191 120714 1 27385671 71400 2.3 91 40 2 25 60% 10818 124947 8687 12%
c - 3044.02 130 52 123 1192 120723 1 27420183 70242 2.2 87 40 2 25 60% 10818 124947 8687 12%
c - 3048.68 134 49 123 1193 120740 1 27454709 72598 2.2 84 38 2 25 61% 10818 124947 8687 12%
c - 3053.16 137 48 123 1194 120746 1 27489248 75245 2.3 84 37 2 25 61% 10818 124947 8687 12%
c - 3058.15 140 47 123 1195 120748 1 27523803 74042 2.3 84 37 2 25 61% 10818 124947 8687 12%
c s 3060.17 141 46 123 1195 120748 1 27538014 85791 2.3 84 36 2 25 61% 10818 124943 8687 12%
c e 3060.18 142 46 123 1195 120748 1 27538014 85791 2.3 84 36 2 25 61% 10816 124961 8686 12%
c - 3063.17 125 45 123 1196 120748 1 27558373 74065 2.4 85 36 2 25 61% 10816 124961 8686 12%
c - 3067.96 129 45 123 1197 120753 1 27592958 77042 2.5 88 35 2 25 61% 10816 124961 8686 12%
c - 3072.66 133 46 123 1198 120769 1 27627558 77587 2.6 94 36 2 25 60% 10816 124961 8686 12%
c - 3077.70 135 46 123 1199 120779 1 27662171 72935 2.8 100 36 2 25 59% 10816 124961 8686 12%
c O 3080.91 137 47 123 1199 120789 1 27685909 94370 2.8 102 36 2 25 58% 10816 124961 8686 12%
c - 3082.28 138 46 123 1200 120794 1 27696798 75165 2.9 102 35 2 25 58% 10816 124961 8686 12%
c ] 3085.35 141 48 124 1200 120807 1 27721462 97837 2.8 101 36 2 25 58% 10816 124961 8686 12%
c { 3085.35 141 83 124 1200 120807 3 27721462 97837 2.7 72 27 2 15 55% 10816 124961 8686 12%
c - 3086.23 115 81 124 1201 120835 3 27731442 80885 2.7 72 26 2 15 55% 10816 124961 8686 12%
c
c  seconds     switched         rate            size/glue  tier1     binary          remaining
c           MB     reductions      conflicts          size   tier2       irredundant
c            level        restarts         redundant     glue    trail          variables
c
c - 3089.25 139 80 124 1202 120932 2 27766100 91035 2.9 71 25 2 15 55% 10816 124961 8686 12%
c u 3091.01 146 80 124 1202 120993 2 27778483 101333 2.9 70 24 2 15 55% 10820 124961 8686 12%
c v 3092.68 151 80 124 1202 120993 2 27778483 90488 2.9 70 24 2 15 55% 10821 124961 8686 12%
c w 3095.63 159 80 124 1202 120993 2 27778483 90084 2.9 70 24 2 15 55% 10821 124961 8686 12%
c t 3095.65 159 80 124 1202 120993 2 27778483 90084 2.9 70 24 2 15 55% 10818 124961 8686 12%
c f 3095.66 159 80 124 1202 120993 2 27778483 90084 2.9 70 24 2 15 55% 10820 124942 8687 12%
c u 3096.28 171 80 124 1202 120993 2 27778483 89862 2.9 70 24 2 15 55% 10821 124942 8687 12%
c v 3097.42 173 80 124 1202 120993 2 27778483 84313 2.9 70 24 2 15 55% 10821 124942 8687 12%
c w 3100.99 176 80 124 1202 120993 2 27778483 82975 2.9 70 24 2 15 55% 10821 124942 8687 12%
c o 3101.27 175 80 124 1202 121013 2 27781285 85741 2.9 70 24 2 15 55% 10821 124942 8687 12%
c - 3103.12 185 80 124 1203 121135 2 27800769 85066 2.9 70 24 2 15 54% 10821 124942 8687 12%
c - 3106.38 213 79 124 1204 121341 2 27835454 95520 3.0 69 23 2 15 53% 10822 124942 8687 12%
c - 3110.05 240 78 124 1205 121571 2 27870152 101942 3.0 69 23 2 15 53% 10823 124942 8687 12%
c - 3113.13 225 75 124 1206 121731 2 27904865 107362 3.2 70 22 2 15 53% 10823 124942 8687 12%
c - 3116.86 258 76 124 1207 122004 2 27939593 110116 3.2 69 22 2 15 52% 10823 124942 8687 12%
c - 3120.48 334 75 124 1208 122233 2 27974334 110719 3.1 68 22 2 15 52% 10823 124942 8687 12%
c - 3123.87 290 73 124 1209 122481 2 28009092 113414 3.1 66 21 2 15 50% 10823 124942 8687 12%
c - 3127.36 286 74 124 1210 122748 2 28043862 115484 3.0 64 21 2 15 49% 10823 124942 8687 12%
c - 3131.33 290 75 124 1211 123045 2 28078647 116411 3.0 64 21 2 15 49% 10824 124942 8687 12%
c - 3134.75 195 74 124 1212 123274 2 28113446 117074 3.1 65 21 2 15 49% 10825 124942 8687 12%
c
c  seconds     switched         rate             size/glue  tier1     binary          remaining
c           MB     reductions      conflicts           size   tier2       irredundant
c            level        restarts         redundant      glue    trail          variables
c
c - 3138.69 197 74 124 1213 123576 2 28148261 117821 3.0 65 21 2 15 49% 10825 124942 8687 12%
c - 3143.18 115 75 124 1214 123905 3 28183089 117318 3.0 66 22 2 15 50% 10825 124942 8687 12%
c - 3147.38 110 73 124 1215 124185 2 28217931 117667 3.1 67 22 2 15 51% 10825 124942 8687 12%
c - 3151.63 113 75 124 1216 124484 3 28252788 119045 3.1 67 22 2 15 51% 10825 124942 8687 12%
c - 3155.75 113 74 124 1217 124766 3 28287662 120513 3.1 68 22 2 15 51% 10825 124942 8687 12%
c - 3160.19 114 76 124 1218 125090 3 28322547 121028 3.1 68 22 2 15 51% 10825 124942 8687 12%
c u 3163.58 109 76 124 1218 125262 3 28344851 135560 3.1 68 22 2 15 51% 10829 124942 8687 12%
c v 3166.02 108 76 124 1218 125262 3 28344851 125753 3.1 68 22 2 15 51% 10830 124942 8687 12%
c w 3166.83 119 76 124 1218 125262 3 28344851 125708 3.1 68 22 2 15 51% 10830 124942 8687 12%
c t 3166.85 119 76 124 1218 125262 3 28344851 125708 3.1 68 22 2 15 51% 10827 124942 8687 12%
c - 3168.54 111 76 124 1219 125384 3 28357446 106887 3.0 68 23 2 15 52% 10827 124942 8687 12%
c - 3172.72 114 76 124 1220 125671 3 28392362 110571 3.0 68 23 2 15 53% 10827 124942 8687 12%
c - 3176.94 114 77 124 1221 125975 3 28427290 113279 3.0 69 23 2 15 52% 10827 124942 8687 12%
c } 3179.43 113 79 125 1221 126165 3 28449677 135355 3.0 68 23 2 15 51% 10827 124942 8687 12%
c [ 3179.43 113 48 125 1221 126165 1 28449677 135355 2.8 101 36 2 25 58% 10827 124942 8687 12%
c B 3179.43 113 48 125 1221 126165 1 28449677 135355 2.8 101 36 2 25 58% 10827 124942 8687 12%
c - 3181.03 106 49 125 1222 126172 1 28462233 109733 2.8 101 37 2 25 59% 10827 124942 8687 12%
c - 3186.22 111 55 125 1223 126189 1 28497192 93169 2.5 102 41 2 25 59% 10827 124942 8687 12%
c - 3191.61 111 59 125 1224 126196 1 28532165 75837 2.4 102 43 2 25 59% 10827 124942 8687 12%
c - 3196.72 111 57 125 1225 126213 1 28567150 74741 2.4 101 42 2 25 59% 10827 124942 8687 12%
c
c  seconds     switched         rate            size/glue   tier1     binary          remaining
c           MB     reductions      conflicts          size    tier2       irredundant
c            level        restarts         redundant      glue    trail          variables
c
c - 3201.93 109 54 125 1226 126226 1 28602150 76371 2.5 100 40 2 25 59% 10827 124942 8687 12%
c - 3206.95 108 52 125 1227 126227 1 28637164 77656 2.5 99 39 2 25 59% 10827 124942 8687 12%
c - 3212.40 106 52 125 1228 126242 1 28672194 78224 2.5 97 39 2 25 59% 10827 124942 8687 12%
c - 3218.21 104 53 125 1229 126257 1 28707240 77018 2.4 96 40 2 25 59% 10827 124942 8687 12%
c - 3223.35 111 52 125 1230 126267 1 28742298 78517 2.4 95 39 2 25 59% 10827 124942 8687 12%
c - 3228.30 110 50 125 1231 126283 1 28777369 78922 2.4 94 38 2 25 60% 10827 124942 8687 12%
c - 3233.26 110 48 125 1232 126290 1 28812455 77736 2.5 91 37 2 25 61% 10827 124942 8687 12%
c - 3237.95 110 48 125 1233 126291 1 28847557 79202 2.5 92 37 2 25 62% 10827 124942 8687 12%
c - 3242.92 111 48 125 1234 126291 1 28882673 77924 2.5 92 37 2 25 63% 10827 124942 8687 12%
c u 3248.74 106 46 125 1234 126298 1 28917442 104210 2.6 92 36 2 25 63% 10828 124942 8687 12%
c v 3249.41 110 46 125 1234 126298 1 28917442 96390 2.6 92 36 2 25 63% 10828 124942 8687 12%
c w 3255.03 126 46 125 1234 126298 1 28917442 87757 2.6 92 36 2 25 63% 10828 124942 8687 12%
c t 3255.04 126 46 125 1234 126298 1 28917442 87757 2.6 92 36 2 25 63% 10827 124942 8687 12%
c o 3255.05 126 46 125 1234 126298 1 28917442 87757 2.6 92 36 2 25 63% 10827 124942 8687 12%
c - 3255.10 104 46 125 1235 126298 1 28917801 70435 2.6 92 36 2 25 63% 10827 124942 8687 12%
c - 3259.89 111 52 125 1236 126313 1 28952944 73709 2.6 101 39 2 25 63% 10827 124942 8687 12%
c - 3264.58 109 53 125 1237 126322 1 28988101 69716 2.7 105 39 2 25 62% 10827 124942 8687 12%
c ] 3265.71 109 53 126 1237 126327 1 28996693 77730 2.7 107 39 2 25 62% 10827 124942 8687 12%
c { 3265.71 109 79 126 1237 126327 3 28996693 77730 3.0 68 23 2 15 51% 10827 124942 8687 12%
c - 3268.87 109 83 126 1238 126636 3 29023273 78521 2.8 70 25 2 15 51% 10827 124942 8687 12%
c
c  seconds     switched         rate            size/glue  tier1     binary          remaining
c           MB     reductions      conflicts          size   tier2       irredundant
c            level        restarts         redundant     glue    trail          variables
c
c - 3272.98 109 87 126 1239 126956 3 29058458 92752 2.8 71 26 2 15 52% 10827 124942 8687 12%
c - 3276.68 111 88 126 1240 127250 3 29093659 100071 2.8 72 26 2 15 52% 10827 124942 8687 12%
c s 3280.45 113 89 126 1240 127532 3 29125792 131503 2.7 73 26 2 15 52% 10827 124939 8687 12%
c - 3280.88 112 89 126 1241 127556 3 29128874 103639 2.8 73 26 2 15 52% 10827 124939 8687 12%
c - 3284.77 114 87 126 1242 127812 3 29164101 106699 2.7 73 27 2 15 51% 10828 124939 8687 12%
c - 3288.31 111 79 126 1243 127945 2 29199343 109684 2.9 74 26 2 15 51% 10828 124939 8687 12%
c - 3292.67 113 80 126 1244 128249 3 29234599 110680 2.8 75 26 2 15 51% 10829 124939 8687 12%
c - 3296.81 110 79 126 1245 128490 2 29269870 111678 2.8 75 26 2 15 51% 10829 124939 8687 12%
c - 3300.64 108 73 126 1246 128618 2 29305155 112663 2.8 73 26 2 15 52% 10829 124939 8687 12%
c - 3304.83 112 75 126 1247 128906 2 29340454 112804 2.8 73 26 2 15 51% 10831 124939 8687 12%
c - 3308.82 110 72 126 1248 129078 2 29375766 113320 2.8 72 26 2 15 51% 10831 124939 8687 12%
c - 3313.34 109 71 126 1249 129326 2 29411094 114946 2.8 73 26 2 15 51% 10832 124939 8687 12%
c - 3317.00 114 72 126 1250 129550 2 29446436 117137 2.9 73 26 2 15 51% 10832 124939 8687 12%
c - 3321.22 110 71 126 1251 129777 2 29481793 117572 2.8 72 25 2 15 50% 10832 124939 8687 12%
c u 3323.71 107 73 126 1251 129883 2 29496225 126092 2.9 74 26 2 15 51% 10833 124939 8687 12%
c v 3326.22 115 73 126 1251 129883 2 29496225 108151 2.9 74 26 2 15 51% 10833 124939 8687 12%
c w 3327.31 120 73 126 1251 129883 2 29496225 108108 2.9 74 26 2 15 51% 10833 124939 8687 12%
c t 3327.33 120 73 126 1251 129883 2 29496225 108108 2.9 74 26 2 15 51% 10830 124939 8687 12%
c - 3330.00 104 73 126 1252 130068 2 29517162 97683 2.8 74 26 2 15 52% 10830 124939 8687 12%
c - 3334.32 109 75 126 1253 130323 2 29552546 100609 2.8 75 26 2 15 52% 10830 124939 8687 12%
c
c  seconds     switched         rate             size/glue  tier1     binary          remaining
c           MB     reductions      conflicts           size   tier2       irredundant
c            level        restarts         redundant      glue    trail          variables
c
c - 3338.91 112 74 126 1254 130519 2 29587943 104201 2.9 76 26 2 15 52% 10832 124939 8687 12%
c - 3343.30 114 73 126 1255 130722 2 29623354 107782 2.9 76 26 2 15 52% 10832 124939 8687 12%
c o 3347.06 113 69 126 1255 130865 2 29657496 140807 3.0 74 25 2 15 52% 10832 124939 8687 12%
c - 3347.24 110 69 126 1256 130874 2 29658779 111676 2.9 74 25 2 15 52% 10832 124939 8687 12%
c - 3351.87 114 69 126 1257 131134 2 29694219 112632 2.9 74 25 2 15 52% 10832 124939 8687 12%
c - 3356.07 107 64 126 1258 131288 2 29729674 113499 3.0 76 25 2 15 53% 10832 124939 8687 12%
c } 3358.08 112 64 127 1258 131391 2 29746415 129682 3.0 76 25 2 15 53% 10832 124939 8687 12%
c [ 3358.08 112 53 127 1258 131391 1 29746415 129682 2.7 107 39 2 25 62% 10832 124939 8687 12%
c W 3358.24 123 53 127 1258 131391 1 29746415 129682 2.7 107 39 2 25 62% 10832 124939 8687 12%
c - 3360.76 162 54 127 1259 131403 1 29765143 107954 2.7 108 40 2 25 62% 10832 124939 8687 12%
c - 3365.72 169 58 127 1260 131419 1 29800627 89972 2.6 110 43 2 25 61% 10832 124939 8687 12%
c - 3370.31 169 59 127 1261 131427 1 29836123 74132 2.5 111 44 2 25 61% 10832 124939 8687 12%
c - 3374.69 170 60 127 1262 131443 1 29871633 73268 2.5 111 44 2 25 61% 10832 124939 8687 12%
c - 3379.10 159 59 127 1263 131452 1 29907157 76349 2.5 108 43 2 25 62% 10832 124939 8687 12%
c - 3383.62 162 58 127 1264 131453 1 29942695 77068 2.5 106 42 2 25 62% 10832 124939 8687 12%
c - 3387.90 122 55 127 1265 131471 1 29978250 76656 2.6 103 40 2 25 62% 10832 124939 8687 12%
c - 3392.69 123 53 127 1266 131484 1 30013818 76036 2.6 101 39 2 25 62% 10832 124939 8687 12%
c - 3397.61 126 51 127 1267 131498 1 30049398 75357 2.5 98 38 2 25 62% 10832 124939 8687 12%
c u 3402.70 143 48 127 1267 131513 1 30081254 98791 2.5 93 37 2 25 61% 10833 124939 8687 12%
c v 3403.30 145 48 127 1267 131513 1 30081254 93849 2.5 93 37 2 25 61% 10833 124939 8687 12%
c
c  seconds     switched         rate            size/glue  tier1     binary          remaining
c           MB     reductions      conflicts          size   tier2       irredundant
c            level        restarts         redundant     glue    trail          variables
c
c w 3408.76 158 48 127 1267 131513 1 30081254 87962 2.5 93 37 2 25 61% 10833 124939 8687 12%
c t 3408.77 158 48 127 1267 131513 1 30081254 87962 2.5 93 37 2 25 61% 10831 124939 8687 12%
c - 3409.21 166 48 127 1268 131514 1 30084992 71413 2.5 93 36 2 25 61% 10831 124939 8687 12%
c - 3413.71 171 48 127 1269 131516 1 30120600 74293 2.6 93 36 2 25 61% 10831 124939 8687 12%
c - 3418.71 175 48 127 1270 131517 1 30156224 71637 2.6 93 36 2 25 60% 10831 124939 8687 12%
c - 3423.95 141 48 127 1271 131517 1 30191861 72556 2.5 93 37 2 25 60% 10831 124939 8687 12%
c - 3429.35 146 50 127 1272 131531 1 30227512 72532 2.4 93 39 2 25 60% 10831 124939 8687 12%
c - 3434.25 120 50 127 1273 131547 1 30263179 71435 2.4 92 38 2 25 61% 10831 124939 8687 12%
c - 3438.60 125 49 127 1274 131555 1 30298860 74178 2.5 93 38 2 25 61% 10831 124939 8687 12%
c - 3443.15 129 47 127 1275 131572 1 30334555 76067 2.6 93 36 2 25 62% 10831 124939 8687 12%
c I 3443.67 129 47 127 1275 131576 1 30339050 80031 2.6 93 36 2 25 62% 10831 124939 8687 12%
c - 3447.42 134 64 127 1276 131580 1 30370263 74517 2.2 99 44 2 25 60% 10831 124939 8687 12%
c ] 3448.52 134 66 128 1276 131580 1 30379986 83362 2.2 100 46 2 25 60% 10831 124939 8687 12%
c { 3448.52 134 64 128 1276 131580 2 30379986 83362 3.0 76 25 2 15 53% 10831 124939 8687 12%
c - 3450.93 146 74 128 1277 131760 2 30405985 80379 3.0 73 25 2 15 53% 10832 124939 8687 12%
c o 3451.15 148 74 128 1277 131773 2 30408949 83319 3.0 73 24 2 15 53% 10832 124939 8687 12%
c - 3453.91 159 83 128 1278 131981 3 30441721 96937 2.9 68 24 2 15 52% 10832 124939 8687 12%
c - 3457.27 175 89 128 1279 132229 3 30477471 106999 2.9 67 23 2 15 52% 10832 124939 8687 12%
c - 3460.48 216 89 128 1280 132424 3 30513235 112881 2.9 66 22 2 15 52% 10832 124939 8687 12%
c - 3464.01 247 94 128 1281 132725 3 30549013 115891 2.8 63 22 2 15 50% 10832 124939 8687 12%
c
c  seconds     switched         rate             size/glue  tier1     binary          remaining
c           MB     reductions      conflicts           size   tier2       irredundant
c            level        restarts         redundant      glue    trail          variables
c
c - 3467.59 287 96 128 1282 133032 3 30584805 116771 2.7 61 22 2 15 50% 10834 124939 8687 12%
c - 3471.20 271 96 128 1283 133305 3 30620611 119392 2.8 61 22 2 15 50% 10834 124939 8687 12%
c - 3474.77 320 96 128 1284 133563 3 30656430 122211 2.8 61 22 2 15 51% 10835 124938 8687 12%
c u 3477.26 341 94 128 1284 133691 3 30672503 132490 2.8 61 22 2 15 50% 10840 124938 8687 12%
c v 3479.02 360 94 128 1284 133691 3 30672503 127012 2.8 61 22 2 15 50% 10840 124938 8687 12%
c w 3479.66 362 94 128 1284 133691 3 30672503 126972 2.8 61 22 2 15 50% 10840 124938 8687 12%
c x 3480.76 287 94 128 1284 133691 3 30672503 126926 2.8 61 22 2 15 50% 10868 124801 8687 12%
c t 3480.78 287 94 128 1284 133691 3 30672503 126926 2.8 61 22 2 15 50% 10862 124801 8687 12%
c f 3480.79 287 94 128 1284 133691 3 30672503 126926 2.8 61 22 2 15 50% 10864 124782 8688 12%
c u 3481.56 287 94 128 1284 133691 3 30672503 126406 2.8 61 22 2 15 50% 10868 124782 8688 12%
c v 3484.23 304 94 128 1284 133691 3 30672503 105168 2.8 61 22 2 15 50% 10868 124782 8688 12%
c w 3485.40 306 94 128 1284 133691 3 30672503 104989 2.8 61 22 2 15 50% 10868 124782 8688 12%
c t 3485.42 306 94 128 1284 133691 3 30672503 104989 2.8 61 22 2 15 50% 10866 124782 8688 12%
c - 3487.63 312 95 128 1285 133902 3 30692262 97851 2.7 60 22 2 15 50% 10866 124782 8688 12%
c - 3491.17 208 95 128 1286 134198 3 30728111 105242 2.7 60 22 2 15 50% 10866 124782 8688 12%
c - 3494.80 221 93 128 1287 134469 3 30763971 112297 2.8 60 22 2 15 50% 10866 124782 8688 12%
c s 3495.06 216 93 128 1287 134494 3 30766184 114463 2.7 60 22 2 15 50% 10866 124764 8688 12%
c e 3495.09 217 93 128 1287 134494 3 30766184 114463 2.7 60 22 2 15 50% 10859 124825 8683 12%
c s 3495.09 217 93 128 1287 134494 3 30766184 114463 2.7 60 22 2 15 50% 10859 124796 8683 12%
c - 3498.86 224 94 128 1288 134792 3 30799845 114753 2.7 60 22 2 15 50% 10859 124796 8683 12%
c
c  seconds     switched         rate             size/glue  tier1     binary          remaining
c           MB     reductions      conflicts           size   tier2       irredundant
c            level        restarts         redundant      glue    trail          variables
c
c - 3502.85 140 95 128 1289 135125 3 30835734 116101 2.7 61 23 2 15 50% 10859 124796 8683 12%
c - 3506.45 139 93 128 1290 135384 3 30871636 118054 2.7 61 22 2 15 50% 10861 124796 8683 12%
c - 3509.49 139 93 128 1291 135588 3 30907555 121676 2.7 59 21 2 15 48% 10863 124796 8683 12%
c - 3513.22 108 91 128 1292 135883 3 30943485 123327 2.7 58 21 2 15 49% 10865 124796 8683 12%
c - 3516.71 105 90 128 1293 136157 3 30979432 123240 2.7 58 22 2 15 49% 10866 124796 8683 12%
c - 3520.64 109 88 128 1294 136463 3 31015392 123992 2.6 57 22 2 15 49% 10868 124796 8683 12%
c - 3524.24 108 87 128 1295 136757 3 31051366 125447 2.6 57 22 2 15 49% 10869 124796 8683 12%
c - 3527.70 109 86 128 1296 137015 3 31087352 127598 2.7 57 21 2 15 49% 10870 124796 8683 12%
c - 3531.58 106 87 128 1297 137348 3 31123352 127900 2.6 58 22 2 15 49% 10870 124796 8683 12%
c } 3534.45 107 86 129 1297 137590 3 31151480 155317 2.6 57 22 2 15 49% 10870 124796 8683 12%
c [ 3534.45 107 66 129 1297 137590 1 31151480 155317 2.2 100 46 2 25 60% 10870 124796 8683 12%
c B 3534.45 107 66 129 1297 137590 1 31151480 155317 2.2 100 46 2 25 60% 10870 124796 8683 12%
c - 3535.36 109 69 129 1298 137595 1 31159366 124454 2.2 100 47 2 25 60% 10870 124796 8683 12%
c - 3539.75 107 69 129 1299 137611 1 31195395 107687 2.2 102 47 2 25 60% 10870 124796 8683 12%
c - 3544.61 106 68 129 1300 137620 1 31231438 85223 2.2 104 47 2 25 61% 10870 124796 8683 12%
c - 3549.68 105 68 129 1301 137637 1 31267493 80177 2.2 105 48 2 25 60% 10870 124796 8683 12%
c u 3550.81 103 68 129 1301 137638 1 31269984 74616 2.2 105 48 2 25 60% 10874 124796 8683 12%
c v 3551.15 104 68 129 1301 137638 1 31269984 67995 2.2 105 48 2 25 60% 10874 124796 8683 12%
c w 3552.60 107 68 129 1301 137638 1 31269984 67194 2.2 105 48 2 25 60% 10874 124796 8683 12%
c t 3552.61 107 68 129 1301 137638 1 31269984 67194 2.2 105 48 2 25 60% 10869 124796 8683 12%
c
c  seconds     switched         rate            size/glue   tier1     binary          remaining
c           MB     reductions      conflicts          size    tier2       irredundant
c            level        restarts         redundant      glue    trail          variables
c
c o 3552.62 107 68 129 1301 137638 1 31269984 67194 2.2 105 48 2 25 60% 10869 124796 8683 12%
c - 3557.00 104 68 129 1302 137651 1 31303563 68242 2.3 111 48 2 25 60% 10869 124796 8683 12%
c - 3561.97 104 63 129 1303 137652 1 31339647 69989 2.6 117 45 2 25 59% 10869 124796 8683 12%
c - 3567.48 99 61 129 1304 137667 1 31375745 71562 2.6 117 44 2 25 59% 10869 124796 8683 12%
c caught signal 15 (SIGTERM)
c
c ---- [ profiling ] ---------------------------------------------------------
c
c        3234.31   90.55 %  search
c        1636.65   45.82 %  focused
c        1597.65   44.73 %  stable
c         337.23    9.44 %  simplify
c         331.23    9.27 %  probe
c         298.76    8.36 %  vivify
c          23.77    0.67 %  sweep
c          14.28    0.40 %  reduce
c           4.48    0.13 %  factor
c           4.19    0.12 %  eliminate
c           3.17    0.09 %  substitute
c           1.95    0.05 %  walking
c           1.44    0.04 %  subsume
c           0.47    0.01 %  transitive
c           0.37    0.01 %  congruence
c           0.21    0.01 %  backbone
c           0.15    0.00 %  preprocess
c           0.02    0.00 %  parse
c           0.01    0.00 %  lucky
c =============================================
c        3571.72  100.00 %  total
c
c ---- [ statistics ] --------------------------------------------------------
c
c chronological:                        13704                0 %  conflicts
c conflicts:                         31409633             8793.98 per second
c congruent:                             1655                2 %  variables
c decisions:                         64241616                2.05 per conflict
c eliminated:                           58539               83 %  variables
c factored:                               682                1 %  variables
c iterations:                             157                0 %  variables
c propagations:                   22099094094          6187242    per second
c reductions:                            1304            24087    interval
c reordered:                               77           407917    interval
c rephased:                                82           383044    interval
c restarts:                            137682              228    interval
c strengthened:                         10656                0 %  checks
c substituted:                           1772                3 %  variables
c subsumed:                             25065                0 %  checks
c switched:                               129           243486    interval
c vivified:                           2745152               32 %  checks
c walks:                                   27          1163320    interval
c
c ---- [ glue usage ] --------------------------------------------------------
c
c focused glue 2    used 13379728 clauses 10.80% accumulated 56.02% tier1
c focused glue 3    used  9051916 clauses  7.31% accumulated 63.33%
c focused glue 4-13 used 31708495 clauses 25.60% accumulated 88.93%
c focused glue 14   used  1116595 clauses  0.90% accumulated 89.83%
c focused glue 15   used   996950 clauses  0.80% accumulated 90.63% tier2
c
c stable glue 2    used 17057157 clauses  8.73% accumulated 53.04% tier1
c stable glue 3    used  8733773 clauses  4.47% accumulated 57.51%
c stable glue 4-23 used 61632694 clauses 31.53% accumulated 89.04%
c stable glue 24   used  1370033 clauses  0.70% accumulated 89.74%
c stable glue 25   used  1234157 clauses  0.63% accumulated 90.37% tier2
c
c ---- [ resources ] ---------------------------------------------------------
c
c maximum-resident-set-size:     393241165824 bytes     375024 MB
c process-time:                        59m 32s            3571.72 seconds
c raising signal 15 (SIGTERM)
