instance-synth-drift	AbelRuffiniGaloisExtensionsOQ10
instance-synth-drift	AbelRuffiniOQ03
instance-synth-drift	AbelRuffiniOQ04OQ02
instance-synth-drift	AbelRuffiniOQ04OQ02OQ01
instance-synth-drift	AbelRuffiniOQ04OQ02OQ02OQ06
instance-synth-drift	AbelRuffiniOQ04OQ04
instance-synth-drift	AlgebraicNumbersCountableOQ01OQ01
instance-synth-drift	AlgebraicNumbersCountableOQ01OQ01OQ01
instance-synth-drift	AlgebraicNumbersCountableOQ01OQ03
instance-synth-drift	AngleTrisectionCos20GalOQ01OQ02OQ02
instance-synth-drift	AngleTrisectionEmbedding
instance-synth-drift	AngleTrisectionOQ02OQ03
instance-synth-drift	AngleTrisectionOQ02OQ03OQ01
instance-synth-drift	AngleTrisectionOQ03
instance-synth-drift	AngleTrisectionOQ03OQ01
instance-synth-drift	AngleTrisectionOQ03OQ02
instance-synth-drift	AngleTrisectionOQ03OQ02OQ03
instance-synth-drift	ArithmeticSeriesOQ00OQ02OQ01
instance-synth-drift	BaselProblemOQ01OQ01
instance-synth-drift	BernoulliInequalityOQ01OQ02OQ01
instance-synth-drift	BezoutIdentityOQ02OQ04
instance-synth-drift	BinomialTheoremOQ02OQ04
instance-synth-drift	BorsukUlamOQ04OQ03
instance-synth-drift	CauchySchwarzIntegralOQ01OQ03
instance-synth-drift	CauchySchwarzOQ01OQ04
instance-synth-drift	CayleyHamiltonMinpolyOQ04Backward
instance-synth-drift	CayleyHamiltonMinpolyOQ05OQ02
instance-synth-drift	ChineseRemainderNonCoprimeOQ02OQ01
instance-synth-drift	DenumerabilityRationalsOQ02OQ02
instance-synth-drift	ElementaryQuadraticReciprocityOQ01OQ01OQ03
instance-synth-drift	ElementaryQuadraticReciprocityOQ02OQ01
instance-synth-drift	ElementaryQuadraticReciprocityOQ03OQ02OQ01
instance-synth-drift	ElementaryQuadraticReciprocityOQ03OQ02OQ03
instance-synth-drift	Erdos1007OQ05
instance-synth-drift	Erdos1007Problem
instance-synth-drift	Erdos1024Problem
instance-synth-drift	Erdos102Problem
instance-synth-drift	Erdos1035Problem
instance-synth-drift	Erdos1059OQ03
instance-synth-drift	Erdos1066OQ04
instance-synth-drift	Erdos1070Problem
instance-synth-drift	Erdos1079Problem
instance-synth-drift	Erdos107OQ01
instance-synth-drift	Erdos107OQ01KleinUpperAristotle
instance-synth-drift	Erdos1081Problem
instance-synth-drift	Erdos1083Problem
instance-synth-drift	Erdos1086Problem
instance-synth-drift	Erdos1087Problem
instance-synth-drift	Erdos1097OQ01
instance-synth-drift	Erdos10OQ02Bridge
instance-synth-drift	Erdos10Problem
instance-synth-drift	Erdos1120Problem
instance-synth-drift	Erdos1122Problem
instance-synth-drift	Erdos114OQ01Problem
instance-synth-drift	Erdos11Problem
instance-synth-drift	Erdos1211Problem
instance-synth-drift	Erdos1217Problem
instance-synth-drift	Erdos121Problem
instance-synth-drift	Erdos128Problem
instance-synth-drift	Erdos132Problem
instance-synth-drift	Erdos134Problem
instance-synth-drift	Erdos142Problem
instance-synth-drift	Erdos156Aristotle
instance-synth-drift	Erdos163Problem
instance-synth-drift	Erdos174Problem
instance-synth-drift	Erdos179Aristotle
instance-synth-drift	Erdos179Problem
instance-synth-drift	Erdos180Problem
instance-synth-drift	Erdos184Problem
instance-synth-drift	Erdos184ProblemProvable
instance-synth-drift	Erdos20Problem
instance-synth-drift	Erdos216Problem
instance-synth-drift	Erdos255Problem
instance-synth-drift	Erdos258OQ01
instance-synth-drift	Erdos29OQ02
instance-synth-drift	Erdos336Problem
instance-synth-drift	Erdos353Aristotle
instance-synth-drift	Erdos35ProblemAristotle
instance-synth-drift	Erdos415Problem
instance-synth-drift	Erdos415ProblemAristotle
instance-synth-drift	Erdos426Problem
instance-synth-drift	Erdos431Problem
instance-synth-drift	Erdos435Problem
instance-synth-drift	Erdos438Problem
instance-synth-drift	Erdos450Problem
instance-synth-drift	Erdos469Problem
instance-synth-drift	Erdos470Problem
instance-synth-drift	Erdos472Problem
instance-synth-drift	Erdos485OQ02
instance-synth-drift	Erdos497Problem
instance-synth-drift	Erdos505Problem
instance-synth-drift	Erdos50Problem
instance-synth-drift	Erdos534Problem
instance-synth-drift	Erdos535Problem
instance-synth-drift	Erdos545Problem
instance-synth-drift	Erdos546Problem
instance-synth-drift	Erdos548ProblemAristotle
instance-synth-drift	Erdos549Problem
instance-synth-drift	Erdos54Problem
instance-synth-drift	Erdos551Problem
instance-synth-drift	Erdos552Aristotle
instance-synth-drift	Erdos552Problem
instance-synth-drift	Erdos553Aristotle
instance-synth-drift	Erdos553Problem
instance-synth-drift	Erdos553ProblemAristotle
instance-synth-drift	Erdos555Problem
instance-synth-drift	Erdos556Problem
instance-synth-drift	Erdos559Aristotle
instance-synth-drift	Erdos559Problem
instance-synth-drift	Erdos560Problem
instance-synth-drift	Erdos563Problem
instance-synth-drift	Erdos565Problem
instance-synth-drift	Erdos566Problem
instance-synth-drift	Erdos567Problem
instance-synth-drift	Erdos568Problem
instance-synth-drift	Erdos570Problem
instance-synth-drift	Erdos571Problem
instance-synth-drift	Erdos572Problem
instance-synth-drift	Erdos575Problem
instance-synth-drift	Erdos577Problem
instance-synth-drift	Erdos579Problem
instance-synth-drift	Erdos580Problem
instance-synth-drift	Erdos584Problem
instance-synth-drift	Erdos586Problem
instance-synth-drift	Erdos592Problem
instance-synth-drift	Erdos606Problem
instance-synth-drift	Erdos608Problem
instance-synth-drift	Erdos60Problem
instance-synth-drift	Erdos610Aristotle
instance-synth-drift	Erdos610Problem
instance-synth-drift	Erdos610ProblemAristotle
instance-synth-drift	Erdos611Aristotle
instance-synth-drift	Erdos611Problem
instance-synth-drift	Erdos611ProblemAristotle
instance-synth-drift	Erdos613Aristotle
instance-synth-drift	Erdos613Problem
instance-synth-drift	Erdos613ProblemAristotle
instance-synth-drift	Erdos625Aristotle
instance-synth-drift	Erdos625Problem
instance-synth-drift	Erdos625ProblemAristotle
instance-synth-drift	Erdos636Aristotle
instance-synth-drift	Erdos636Problem
instance-synth-drift	Erdos636ProblemAristotle
instance-synth-drift	Erdos637Problem
instance-synth-drift	Erdos637ProblemAristotle
instance-synth-drift	Erdos642Problem
instance-synth-drift	Erdos669Problem
instance-synth-drift	Erdos670Problem
instance-synth-drift	Erdos676Problem
instance-synth-drift	Erdos714Problem
instance-synth-drift	Erdos715Problem
instance-synth-drift	Erdos715ProblemAristotle
instance-synth-drift	Erdos722Problem
instance-synth-drift	Erdos72Aristotle
instance-synth-drift	Erdos747Problem
instance-synth-drift	Erdos756Problem
instance-synth-drift	Erdos764Problem
instance-synth-drift	Erdos766Problem
instance-synth-drift	Erdos775Problem
instance-synth-drift	Erdos777Problem
instance-synth-drift	Erdos782Problem
instance-synth-drift	Erdos783Problem
instance-synth-drift	Erdos784Problem
instance-synth-drift	Erdos794Problem
instance-synth-drift	Erdos801Problem
instance-synth-drift	Erdos802Problem
instance-synth-drift	Erdos803Problem
instance-synth-drift	Erdos80Problem
instance-synth-drift	Erdos813Problem
instance-synth-drift	Erdos816Problem
instance-synth-drift	Erdos81Problem
instance-synth-drift	Erdos82Problem
instance-synth-drift	Erdos834Problem
instance-synth-drift	Erdos838Problem
instance-synth-drift	Erdos862Problem
instance-synth-drift	Erdos86Problem
instance-synth-drift	Erdos874Problem
instance-synth-drift	Erdos887Problem
instance-synth-drift	Erdos902Problem
instance-synth-drift	Erdos916Problem
instance-synth-drift	Erdos920Problem
instance-synth-drift	Erdos943Problem
instance-synth-drift	Erdos948Problem
instance-synth-drift	Erdos956Problem
instance-synth-drift	Erdos958Problem
instance-synth-drift	Erdos96Problem
instance-synth-drift	Erdos982Problem
instance-synth-drift	Erdos983Problem
instance-synth-drift	Erdos989Problem
instance-synth-drift	Erdos994Problem
instance-synth-drift	EulerIdentityOQ01OQ02OQ01
instance-synth-drift	FactorRemainderNullstellensatzOQ01
instance-synth-drift	FurstenbergCorrespondence
instance-synth-drift	Hilbert20LocalSolvability
instance-synth-drift	Hilbert20OQ01OQ03
instance-synth-drift	Hilbert5OQ02
instance-synth-drift	InverseGalois
instance-synth-drift	InverseGaloisA5
instance-synth-drift	InverseGaloisA5Dedekind
instance-synth-drift	InverseGaloisA5DedekindInstantiation
instance-synth-drift	InverseGaloisA5DedekindMod7
instance-synth-drift	InverseGaloisF20
instance-synth-drift	InverseGaloisOQ06OQ01
instance-synth-drift	InverseGaloisOQ06OQ02
instance-synth-drift	InverseGaloisOQ06OQ02GalBridge
instance-synth-drift	InverseGaloisOQ06OQ02GapChar
instance-synth-drift	InverseGaloisOQ06OQ02P11
instance-synth-drift	KroneckersJugendtraum
instance-synth-drift	KroneckersJugendtraumRealQuadAbelian
instance-synth-drift	KroneckersJugendtraumStarkRankOne
instance-synth-drift	LagrangeTheorem
instance-synth-drift	LagrangeTheoremOQ01OQ02
instance-synth-drift	LagrangeTheoremOQ01OQ03OQ01
instance-synth-drift	LagrangeTheoremOQ02OQ01OQ01
instance-synth-drift	LebesgueMeasureOQ01OQ01
instance-synth-drift	MaschkeAugmentationNoSplitOQ010101
instance-synth-drift	MaschkeLocalRingOQ010102
instance-synth-drift	MaschkeTheoremOQ01
instance-synth-drift	NormEuclideanZsqrtdFamilyOQ03OQ02
instance-synth-drift	NormEuclideanZsqrtdFamilyOQ03OQ02OQ01
instance-synth-drift	OSBridge
instance-synth-drift	PicardIterationExplicitOQ0102
instance-synth-drift	PicksTheoremOQ01OQ01
instance-synth-drift	PrimitiveRootsOQ02
instance-synth-drift	PuiseuxTheoremOQ02
instance-synth-drift	QuadraticReciprocityOQ03
instance-synth-drift	QuadraticReciprocityOQ03OQ01
instance-synth-drift	QuadraticReciprocityOQ03OQ01Exp
instance-synth-drift	SchauderFixedPoint
instance-synth-drift	SchauderFixedPointOQ01
instance-synth-drift	SchauderFixedPointOQ03
instance-synth-drift	TestApi1056
instance-synth-drift	TestApi241
instance-synth-drift	TestApi417
instance-synth-drift	TestCovByApi
instance-synth-drift	ThreeSquares
instance-synth-drift	ThreeSquaresGaussEureka
instance-synth-drift	ThreeSquaresRationalBridge
instance-synth-drift	ThreeSquaresRationalNecessity
instance-synth-drift	ThreeSquaresSquarefreeReduction
instance-synth-drift	ThreeSquaresSufficiency
instance-synth-drift	ThreeSquaresSufficiencyCorrected
instance-synth-drift	ThreeSquaresWitnessObstruction
instance-synth-drift	TriangleInequalityOQ06
instance-synth-drift	ZsqrtdNegTwo
instance-synth-drift	ZsqrtdNegTwoOQ01
namespace-ambiguous	AMGMOperatorMeans
namespace-ambiguous	Erdos1010OQ02Problem
namespace-ambiguous	Erdos280Problem
namespace-ambiguous	Erdos728Problem
noncomputable-required	AmgmInequalityOQ02OQ01OQ02OQ01OQ01OQ01OQ01
noncomputable-required	AmgmInequalityOQ02OQ01OQ02OQ01OQ01OQ01OQ01OQ01
noncomputable-required	BoundedPrimeGapsOQ01OQ02
noncomputable-required	Erdos161Problem
noncomputable-required	Erdos349Problem
noncomputable-required	Erdos554Problem
noncomputable-required	Erdos578Problem
noncomputable-required	Erdos662Problem
noncomputable-required	Erdos716Problem
noncomputable-required	Erdos754Problem
noncomputable-required	Erdos968Problem
noncomputable-required	FourthRoot2GaloisClosure
noncomputable-required	FourthRoot2GaloisClosureOQ03
noncomputable-required	GreensTheorem
noncomputable-required	LagrangeFourSquaresOQ01OQ03
noncomputable-required	PentagonalNumberTheoremOQ01
noncomputable-required	PentagonalNumberTheoremOQ01OQ01
noncomputable-required	PentagonalNumberTheoremOQ01OQ02
noncomputable-required	PicksTheoremOQ01OQ01OQ01
noncomputable-required	SolutionOfCubicOQ03OQ03
noncomputable-required	VandermondeInterpolationOQ01OQ02
noncomputable-required	VandermondeInterpolationOQ01OQ02OQ01
rename-invalid-field	AbelRuffiniGaloisExtensionsOQ03
rename-invalid-field	AbelRuffiniGaloisExtensionsOQ03OQ01
rename-invalid-field	AbelRuffiniOQ04OQ01OQ03Sharpness
rename-invalid-field	AbelRuffiniOQ06
rename-invalid-field	AbelRuffiniOQ06OQ01
rename-invalid-field	AbelRuffiniOQ06OQ01OQ03
rename-invalid-field	AbelRuffiniOQ09
rename-invalid-field	AbelRuffiniObstructionOQ06
rename-invalid-field	AlgebraicNumbersCountableOQ02OQ04
rename-invalid-field	AlgebraicNumbersCountableOQ02OQ04OQ01
rename-invalid-field	AmgmInequalityOQ02
rename-invalid-field	AmgmInequalityOQ02Defs
rename-invalid-field	AmgmInequalityOQ02OQ01OQ02OQ01OQ03
rename-invalid-field	AmgmInequalityOQ02OQ02
rename-invalid-field	AmgmInequalityOQ02OQ02OQ02
rename-invalid-field	AmgmInequalityOQ02OQ03
rename-invalid-field	AmgmInequalityOQ02OQ03OQ03
rename-invalid-field	AmgmInequalityOQ02OQ03OQ03OQ01
rename-invalid-field	AmgmInequalityOQ02OQ03OQ03OQ02
rename-invalid-field	AngleTrisectionOQ02OQ01OQ02
rename-invalid-field	AreaOfCircleOQ02
rename-invalid-field	AreaOfCircleOQ02OQ01
rename-invalid-field	CentralLimitTheoremOQ03OQ01
rename-invalid-field	CentralLimitTheoremOQ03OQ01Aristotle
rename-invalid-field	CramersRule
rename-invalid-field	Erdos1006Problem
rename-invalid-field	Erdos1018Problem
rename-invalid-field	Erdos1036OQ01
rename-invalid-field	Erdos1040Problem
rename-invalid-field	Erdos1067Problem
rename-invalid-field	Erdos1098OQ04
rename-invalid-field	Erdos1111Problem
rename-invalid-field	Erdos1127Problem
rename-invalid-field	Erdos1175Problem
rename-invalid-field	Erdos1216Problem
rename-invalid-field	Erdos133Problem
rename-invalid-field	Erdos146Problem
rename-invalid-field	Erdos149Problem
rename-invalid-field	Erdos154Problem
rename-invalid-field	Erdos192Problem
rename-invalid-field	Erdos202Problem
rename-invalid-field	Erdos276Problem
rename-invalid-field	Erdos279OQ04
rename-invalid-field	Erdos301Problem
rename-invalid-field	Erdos342Problem
rename-invalid-field	Erdos407Problem
rename-invalid-field	Erdos413Problem
rename-invalid-field	Erdos429Problem
rename-invalid-field	Erdos49Problem
rename-invalid-field	Erdos500Problem
rename-invalid-field	Erdos522Problem
rename-invalid-field	Erdos550Problem
rename-invalid-field	Erdos561Problem
rename-invalid-field	Erdos573Problem
rename-invalid-field	Erdos582Problem
rename-invalid-field	Erdos595Problem
rename-invalid-field	Erdos609Problem
rename-invalid-field	Erdos617Problem
rename-invalid-field	Erdos629Problem
rename-invalid-field	Erdos637Aristotle
rename-invalid-field	Erdos648Problem
rename-invalid-field	Erdos675Problem
rename-invalid-field	Erdos717Problem
rename-invalid-field	Erdos718Problem
rename-invalid-field	Erdos730Problem
rename-invalid-field	Erdos73Aristotle
rename-invalid-field	Erdos742Problem
rename-invalid-field	Erdos750Problem
rename-invalid-field	Erdos767Problem
rename-invalid-field	Erdos76OQ02
rename-invalid-field	Erdos772Problem
rename-invalid-field	Erdos778Problem
rename-invalid-field	Erdos795Problem
rename-invalid-field	Erdos795ProblemAristotle
rename-invalid-field	Erdos796Problem
rename-invalid-field	Erdos800Problem
rename-invalid-field	Erdos807Problem
rename-invalid-field	Erdos833Problem
rename-invalid-field	Erdos844Problem
rename-invalid-field	Erdos884Problem
rename-invalid-field	Erdos900Problem
rename-invalid-field	Erdos910Problem
rename-invalid-field	Erdos910ProblemProvable
rename-invalid-field	Erdos922Problem
rename-invalid-field	Erdos925Problem
rename-invalid-field	Erdos928Problem
rename-invalid-field	Erdos962Problem
rename-invalid-field	Erdos965Problem
rename-invalid-field	Erdos993Problem
rename-invalid-field	FeuerbachsTheoremOQ05
rename-invalid-field	FundamentalArithmetic
rename-invalid-field	FurstenbergCorrespondenceOQ02
rename-invalid-field	LHopitalOQ03
rename-invalid-field	LagrangeTheoremOQ01OQ01OQ01ApproachB
rename-invalid-field	MeanValueTheoremOQ04
rename-invalid-field	NewtonLogConcavity
rename-invalid-field	NewtonSignedInputs
rename-invalid-field	ShapleyFolkmanAristotle
rename-invalid-field	SylowTheoremOQ02OQ01Nilpotent
rename-invalid-field	TaylorSinCosConvergenceOQ02
rename-invalid-field	TaylorTheoremOQ02
rename-invalid-field	TestApi1059
rename-invalid-field	TestApi1141
rename-invalid-field	TestApi342
rename-invalid-field	TestApi783
rename-unknown-name	AMGMInequality
rename-unknown-name	AbelRuffini
rename-unknown-name	AbelRuffiniGaloisExtensions
rename-unknown-name	AbelRuffiniGaloisExtensionsOQ04
rename-unknown-name	AbelRuffiniGaloisExtensionsOQ05
rename-unknown-name	AbelRuffiniGaloisExtensionsOQ05OQ01
rename-unknown-name	AbelRuffiniGaloisExtensionsOQ06
rename-unknown-name	AbelRuffiniGaloisExtensionsOQ06GaloisDirection
rename-unknown-name	AbelRuffiniGaloisExtensionsOQ06GaloisDirectionAssembly
rename-unknown-name	AbelRuffiniGaloisExtensionsOQ06GaloisDirectionMainAssembly
rename-unknown-name	AbelRuffiniGaloisExtensionsOQ06GaloisDirectionStep4
rename-unknown-name	AbelRuffiniOQ04
rename-unknown-name	AbelRuffiniOQ04OQ01
rename-unknown-name	AbelRuffiniOQ04OQ09Cyclic
rename-unknown-name	AbelRuffiniOQ10
rename-unknown-name	AbundantNumberOQ0102
rename-unknown-name	AlgebraicNumbersCountableOQ02
rename-unknown-name	AlgebraicNumbersCountableOQ02OQ02
rename-unknown-name	AlgebraicNumbersCountableOQ02OQ02OQ01
rename-unknown-name	AlgebraicNumbersCountableOQ02OQ03
rename-unknown-name	AlgebraicPointsNull
rename-unknown-name	AlgebraicRealsNull
rename-unknown-name	AmgmInequalityOQ03OQ04OQ02
rename-unknown-name	AngleTrisectionOQ02
rename-unknown-name	AngleTrisectionOQ02OQ01OQ02Incomplete01
rename-unknown-name	AngleTrisectionOQ02OQ04
rename-unknown-name	AngleTrisectionOQ02OQ04OQ01
rename-unknown-name	AngleTrisectionOQ02OQ04OQ01Aristotle
rename-unknown-name	ArchimedesMethodOfExhaustion
rename-unknown-name	AreaFromCircumferenceIntegral
rename-unknown-name	AreaOfCircleOQ01OQ02OQ01
rename-unknown-name	AreaOfCircleOQ01OQ02OQ01OQ03
rename-unknown-name	AreaOfCircleOQ01OQ02OQ02OQ01OQ01
rename-unknown-name	AreaOfCircleOQ01OQ02OQ03OQ03
rename-unknown-name	AreaOfCircleOQ02OQ04
rename-unknown-name	AreaOfCircleOQ03OQ02OQ02
rename-unknown-name	AreaOfCircleOQ03OQ02OQ02OQ01
rename-unknown-name	AreaOfCircleOQ05OQ01
rename-unknown-name	AreaOfCircleOQ05OQ01Incomplete01
rename-unknown-name	AreaOfCircleOQ05OQ04
rename-unknown-name	ArithmeticSeriesOQ02OQ02OQ03
rename-unknown-name	ArithmeticSeriesOQ02OQ03
rename-unknown-name	BallotProblem
rename-unknown-name	BallotProblemOQ01OQ02OQ01
rename-unknown-name	BallotProblemOQ01OQ02OQ01Aristotle
rename-unknown-name	BallotProblemOQ01OQ02OQ01OQ01
rename-unknown-name	BallotProblemOQ01OQ02OQ01OQ02
rename-unknown-name	BallotProblemOQ01OQ02OQ01OQ02OQ01
rename-unknown-name	BallotProblemOQ02OQ02
rename-unknown-name	BallotProblemOQ02OQ02OQ05
rename-unknown-name	BaselProblemOQ01OQ01OQ02OQ03
rename-unknown-name	BaselProblemOQ05
rename-unknown-name	BezoutIdentity
rename-unknown-name	BezoutIdentityOQ01OQ02OQ02Descent
rename-unknown-name	BezoutIdentityOQ01OQ02OQ02Transitive
rename-unknown-name	BezoutIdentityOQ02OQ01OQ02OQ02OQ03
rename-unknown-name	BezoutIdentityOQ02OQ02
rename-unknown-name	BezoutIdentityOQ03OQ03
rename-unknown-name	BezoutIdentityOQ03OQ04
rename-unknown-name	BinaryGcdOQ02
rename-unknown-name	BinaryGcdOQ02OQ01
rename-unknown-name	BinomialTheorem
rename-unknown-name	BinomialTheoremOQ01
rename-unknown-name	BinomialTheoremOQ02OQ01
rename-unknown-name	BinomialTheoremOQ02OQ01OQ01OQ02
rename-unknown-name	BirchSwinnertonDyer
rename-unknown-name	BirchSwinnertonDyerOQ01
rename-unknown-name	BirchSwinnertonDyerOQ06
rename-unknown-name	BirchSwinnertonDyerOQ06OQ02
rename-unknown-name	BirthdayProblem
rename-unknown-name	BirthdayProblemOQ01
rename-unknown-name	BirthdayProblemOQ01OQ01
rename-unknown-name	BirthdayProblemOQ01OQ01Aristotle
rename-unknown-name	BirthdayProblemOQ01OQ01OQ03
rename-unknown-name	BirthdayProblemOQ02OQ01
rename-unknown-name	BirthdayProblemOQ03OQ01OQ02
rename-unknown-name	BirthdayProblemOQ03OQ03
rename-unknown-name	BorsukUlamOQ02
rename-unknown-name	BorsukUlamOQ03OQ01
rename-unknown-name	BorsukUlamOQ03OQ03
rename-unknown-name	BoundedPrimeGapsOQ03OQ01
rename-unknown-name	BoundedPrimeGapsOQ03OQ01OQ01
rename-unknown-name	BoundedPrimeGapsOQ03OQ01OQ01OQ01
rename-unknown-name	BoundedPrimeGapsOQ03OQ01OQ04
rename-unknown-name	BoundedPrimeGapsOQ03OQ02
rename-unknown-name	BoundedPrimeGapsOQ03OQ03
rename-unknown-name	BoundedPrimeGapsOQ04OQ01
rename-unknown-name	BrouwerFixedPointOQ01OQ02OQ03OQ01
rename-unknown-name	BrouwerFixedPointOQ01OQ03
rename-unknown-name	BrouwerFixedPointOQ01OQ03OQ01
rename-unknown-name	BrouwerFixedPointOQ01OQ03OQ01OQ01
rename-unknown-name	BrouwerFixedPointOQ02
rename-unknown-name	BrouwerFixedPointOQ02OQ01
rename-unknown-name	BrouwerFixedPointOQ02OQ02
rename-unknown-name	BrouwerFixedPointOQ02OQ02OQ01
rename-unknown-name	BrouwerFixedPointOQ02OQ02OQ01Iteration
rename-unknown-name	BuffonsNeedleOQ01OQ01OQ04
rename-unknown-name	BuffonsNeedleOQ01OQ01OQ04OQ01
rename-unknown-name	BuffonsNeedleOQ01OQ02
rename-unknown-name	BuffonsNeedleOQ02OQ02
rename-unknown-name	BuffonsNeedleOQ02OQ03
rename-unknown-name	BuffonsNoodle
rename-unknown-name	BuffonsNoodleOQ01
rename-unknown-name	BuffonsNoodleOQ01OQ01
rename-unknown-name	BuffonsNoodleOQ01OQ02
rename-unknown-name	BuffonsNoodleOQ02
rename-unknown-name	BurnsideCountingOQ03Aristotle
rename-unknown-name	CantorDiagonalizationOQ01OQ01
rename-unknown-name	CantorDiagonalizationOQ01OQ01OQ02
rename-unknown-name	CantorDiagonalizationOQ01OQ01OQ02OQ03
rename-unknown-name	CantorDiagonalizationOQ04OQ01OQ01
rename-unknown-name	CantorDiagonalizationOQ04OQ01OQ01OQ01
rename-unknown-name	CantorsTheoremOQ01
rename-unknown-name	CantorsTheoremOQ01OQ01
rename-unknown-name	CantorsTheoremOQ01OQ02
rename-unknown-name	CantorsTheoremOQ01OQ03
rename-unknown-name	CantorsTheoremOQ01OQ03OQ04
rename-unknown-name	CatalanNumbersOQ01OQ01OQ02OQ04
rename-unknown-name	CatalanNumbersOQ05OQ02OQ01
rename-unknown-name	CauchyInterlacingIsometryConj
rename-unknown-name	CauchyInterlacingOQ01OQ01OQ01
rename-unknown-name	CauchyInterlacingOQ01OQ01OQ01OQ01
rename-unknown-name	CauchyInterlacingPoincareCompression
rename-unknown-name	CauchySchwarzIntegralLpDualitySynthesis
rename-unknown-name	CauchySchwarzIntegralOQ01OQ01OQ02
rename-unknown-name	CauchySchwarzIntegralOQ01OQ01OQ02OQ01
rename-unknown-name	CauchySchwarzIntegralOQ01OQ01OQ02OQ01OQ01
rename-unknown-name	CauchySchwarzIntegralOQ01OQ01OQ02OQ01OQ01Incomplete01
rename-unknown-name	CauchySchwarzIntegralOQ01OQ01OQ02OQ01OQ01Incomplete01Infra
rename-unknown-name	CauchySchwarzIntegralOQ01OQ01OQ02OQ01OQ01Incomplete01Loc
rename-unknown-name	CauchySchwarzIntegralOQ01OQ01OQ02OQ01OQ01Incomplete01Norm
rename-unknown-name	CauchySchwarzIntegralOQ01OQ03OQ01
rename-unknown-name	CauchySchwarzIntegralOQ02OQ02
rename-unknown-name	CauchySchwarzOQ01OQ02
rename-unknown-name	CauchySchwarzOQ01OQ03
rename-unknown-name	CauchySchwarzOQ02
rename-unknown-name	CauchySchwarzOQ03OQ02
rename-unknown-name	CayleyHamiltonCyclicVectorAllFieldsOQ01OQ02
rename-unknown-name	CayleyHamiltonCyclicVectorAllFieldsOQ02OQ01
rename-unknown-name	CayleyHamiltonCyclicVectorAllFieldsOQ02OQ02
rename-unknown-name	CayleyHamiltonCyclicVectorAllFieldsOQ02OQ02Masa
rename-unknown-name	CayleyHamiltonCyclicVectorAllFieldsOQ02OQ02Range
rename-unknown-name	CayleyHamiltonCyclicVectorAllFieldsOQ02OQ02Scalar
rename-unknown-name	CayleyHamiltonCyclicVectorAllFieldsOQ03
rename-unknown-name	CayleyHamiltonCyclicVectorAllFieldsOQ03Converse
rename-unknown-name	CayleyHamiltonCyclicVectorAllFieldsOQ03OQ02
rename-unknown-name	CayleyHamiltonMinpolyOQ02OQ02
rename-unknown-name	CayleyHamiltonMinpolyOQ03OQ01
rename-unknown-name	CayleyHamiltonMinpolyOQ05OQ01OQ01
rename-unknown-name	CayleyHamiltonMinpolyOQ05OQ01OQ02
rename-unknown-name	CayleyHamiltonMinpolyOQ05OQ01OQ04WIP01
rename-unknown-name	CayleyHamiltonMinpolyOQ05OQ02OQ03
rename-unknown-name	CayleyHamiltonReductionOQ01OQ02
rename-unknown-name	CayleysTheoremOQ01OQ01OQ02OQ02OQ01
rename-unknown-name	CentralLimitTheorem
rename-unknown-name	CentralLimitTheoremOQ01OQ02OQ01OQ01
rename-unknown-name	CentralLimitTheoremOQ02
rename-unknown-name	CentralLimitTheoremOQ02Aristotle
rename-unknown-name	CentralLimitTheoremOQ02OQ02
rename-unknown-name	CentralLimitTheoremOQ02OQ03
rename-unknown-name	CentralLimitTheoremOQ02OQ04
rename-unknown-name	CevasTheoremNonEuclideanOQ02
rename-unknown-name	ChebyshevBoundsOQ03
rename-unknown-name	ChebyshevPNTBridgeOQ01
rename-unknown-name	ChebyshevPNTBridgeOQ04
rename-unknown-name	ChineseRemainderConstructiveOQ03
rename-unknown-name	ChineseRemainderConstructiveOQ03OQ03
rename-unknown-name	ChineseRemainderConstructiveOQ04OQ03
rename-unknown-name	ChineseRemainderExplicitOQ04OQ03OQ01
rename-unknown-name	ChineseRemainderNonCoprimeList
rename-unknown-name	CircumferenceFromArea
rename-unknown-name	CollatzStructuredOQ03
rename-unknown-name	CombinationsFormulaOQ02Aristotle
rename-unknown-name	CombinationsFormulaOQ07OQ04OQ01OQ02
rename-unknown-name	CombinationsFormulaOQ07OQ04OQ01OQ02OQ01
rename-unknown-name	ContinuumHypothesisOQ02
rename-unknown-name	ContinuumHypothesisOQ02OQ01
rename-unknown-name	CramersRuleOQ01OQ04
rename-unknown-name	CramersRuleOQ03OQ03
rename-unknown-name	CramersRuleOQ04OQ01
rename-unknown-name	CyclotomicPolynomialsOQ02OQ04
rename-unknown-name	CyclotomicPolynomialsOQ02OQ06
rename-unknown-name	DeMoivreOQ06
rename-unknown-name	DenumerabilityRationalsOQ01
rename-unknown-name	DenumerabilityRationalsOQ04
rename-unknown-name	DerangementsOQ03OQ01
rename-unknown-name	DerangementsOQ03OQ01OQ02
rename-unknown-name	DescartesRuleOfSignsOQ01OQ02
rename-unknown-name	DescartesRuleOfSignsOQ02
rename-unknown-name	DescartesRuleOfSignsOQ02OQ01
rename-unknown-name	DescartesRuleOfSignsOQ04
rename-unknown-name	DiniTheorem
rename-unknown-name	DirichletApproximationOQ02
rename-unknown-name	DissectionOfCubesOQ01OQ02
rename-unknown-name	DissectionOfCubesOQ02OQ02
rename-unknown-name	DissectionOfCubesOQ04
rename-unknown-name	DissectionOfCubesOQ04Aristotle
rename-unknown-name	DivisibilityBy3
rename-unknown-name	DivisibilityBy3OQ03
rename-unknown-name	DivisibilityByThreeOQ02
rename-unknown-name	ETranscendentalOQ03OQ01
rename-unknown-name	ETranscendentalOQ03Reduction
rename-unknown-name	EhrhartCrossPolytope
rename-unknown-name	EisensteinCriterionOQ01OQ03OQ02OQ01
rename-unknown-name	ElementaryQuadraticReciprocityOQ01
rename-unknown-name	ElementaryQuadraticReciprocityOQ03OQ01OQ02
rename-unknown-name	ElementaryQuadraticReciprocityOQ03OQ03
rename-unknown-name	Erdos1000OQ01
rename-unknown-name	Erdos1000OQ02
rename-unknown-name	Erdos1000Problem
rename-unknown-name	Erdos1002OQ01
rename-unknown-name	Erdos1002OQ01OQ01
rename-unknown-name	Erdos1007OQ01
rename-unknown-name	Erdos1009OQ01
rename-unknown-name	Erdos100OQ01
rename-unknown-name	Erdos100OQ01WIP01
rename-unknown-name	Erdos100OQ02OQ02
rename-unknown-name	Erdos1012OQ01OQ02
rename-unknown-name	Erdos1012OQ03
rename-unknown-name	Erdos1012OQ05
rename-unknown-name	Erdos1012Problem
rename-unknown-name	Erdos1014OQ01
rename-unknown-name	Erdos1014OQ02
rename-unknown-name	Erdos1014OQ03Concrete
rename-unknown-name	Erdos1014OQ04
rename-unknown-name	Erdos1014Problem
rename-unknown-name	Erdos1015OQ05
rename-unknown-name	Erdos1015Problem
rename-unknown-name	Erdos1017OQ01
rename-unknown-name	Erdos1017OQ04
rename-unknown-name	Erdos1017Problem
rename-unknown-name	Erdos1019Problem
rename-unknown-name	Erdos1020Problem
rename-unknown-name	Erdos1022OQ01
rename-unknown-name	Erdos1022OQ03
rename-unknown-name	Erdos1022Problem
rename-unknown-name	Erdos1023OQ01Problem
rename-unknown-name	Erdos1023Problem
rename-unknown-name	Erdos1025Problem
rename-unknown-name	Erdos1026Problem
rename-unknown-name	Erdos1027OQ01
rename-unknown-name	Erdos1027OQ03
rename-unknown-name	Erdos1028Problem
rename-unknown-name	Erdos1029Problem
rename-unknown-name	Erdos1031Problem
rename-unknown-name	Erdos1033Aristotle
rename-unknown-name	Erdos1033Problem
rename-unknown-name	Erdos1034Aristotle
rename-unknown-name	Erdos1034Problem
rename-unknown-name	Erdos1039Aristotle
rename-unknown-name	Erdos1039ProblemAristotle
rename-unknown-name	Erdos1040Aristotle
rename-unknown-name	Erdos1040OQ03
rename-unknown-name	Erdos1044Problem
rename-unknown-name	Erdos1046Problem
rename-unknown-name	Erdos1048Aristotle
rename-unknown-name	Erdos1048Problem
rename-unknown-name	Erdos1048ProblemAristotle
rename-unknown-name	Erdos1049Aristotle
rename-unknown-name	Erdos1049Problem
rename-unknown-name	Erdos104Problem
rename-unknown-name	Erdos1050Aristotle
rename-unknown-name	Erdos1050Problem
rename-unknown-name	Erdos1050ProblemAristotle
rename-unknown-name	Erdos1051Problem
rename-unknown-name	Erdos1052Problem
rename-unknown-name	Erdos1054ConstructionD
rename-unknown-name	Erdos1054OQ01
rename-unknown-name	Erdos1054OQ02
rename-unknown-name	Erdos1056Problem
rename-unknown-name	Erdos1057Problem
rename-unknown-name	Erdos1059OQ02OQ01
rename-unknown-name	Erdos1060Problem
rename-unknown-name	Erdos1061Problem
rename-unknown-name	Erdos1062OQ04
rename-unknown-name	Erdos1062Problem
rename-unknown-name	Erdos1065CunninghamChains
rename-unknown-name	Erdos1065Problem
rename-unknown-name	Erdos106OQ02
rename-unknown-name	Erdos106Problem
rename-unknown-name	Erdos1071Problem
rename-unknown-name	Erdos1076Problem
rename-unknown-name	Erdos1078Problem
rename-unknown-name	Erdos1080OQ03
rename-unknown-name	Erdos1083OQ02
rename-unknown-name	Erdos1084OQ01
rename-unknown-name	Erdos1084Problem
rename-unknown-name	Erdos1085Problem
rename-unknown-name	Erdos1088Problem
rename-unknown-name	Erdos1089Problem
rename-unknown-name	Erdos1095OQ01Problem
rename-unknown-name	Erdos1096Problem
rename-unknown-name	Erdos1097Problem
rename-unknown-name	Erdos109OQ01
rename-unknown-name	Erdos10Incomplete01OQ02
rename-unknown-name	Erdos10OQ01Incomplete01
rename-unknown-name	Erdos10WIP01OQ03
rename-unknown-name	Erdos1100Problem
rename-unknown-name	Erdos1100ProblemAristotle
rename-unknown-name	Erdos1100ProblemProvable
rename-unknown-name	Erdos1103Problem
rename-unknown-name	Erdos1109Problem
rename-unknown-name	Erdos110Problem
rename-unknown-name	Erdos1115Problem
rename-unknown-name	Erdos1116Problem
rename-unknown-name	Erdos1118OQ02
rename-unknown-name	Erdos1118Problem
rename-unknown-name	Erdos1119Problem
rename-unknown-name	Erdos1126Problem
rename-unknown-name	Erdos1129OQ02
rename-unknown-name	Erdos1131OQ01
rename-unknown-name	Erdos1131Problem
rename-unknown-name	Erdos1134Problem
rename-unknown-name	Erdos1136Problem
rename-unknown-name	Erdos1145Problem
rename-unknown-name	Erdos1149Aristotle
rename-unknown-name	Erdos1150Problem
rename-unknown-name	Erdos1151OQ04Aristotle
rename-unknown-name	Erdos1151Problem
rename-unknown-name	Erdos1153Problem
rename-unknown-name	Erdos1157Problem
rename-unknown-name	Erdos1161Problem
rename-unknown-name	Erdos1166Problem
rename-unknown-name	Erdos1167Problem
rename-unknown-name	Erdos1168Problem
rename-unknown-name	Erdos1169Problem
rename-unknown-name	Erdos116Problem
rename-unknown-name	Erdos1171Problem
rename-unknown-name	Erdos1172Problem
rename-unknown-name	Erdos1173Problem
rename-unknown-name	Erdos1178Problem
rename-unknown-name	Erdos1179OQ02
rename-unknown-name	Erdos1179OQ02Extremal
rename-unknown-name	Erdos1179OQ02Rigidity
rename-unknown-name	Erdos1179OQ02Upper
rename-unknown-name	Erdos1179OQ02Witness
rename-unknown-name	Erdos1179Problem
rename-unknown-name	Erdos1181Problem
rename-unknown-name	Erdos1182Problem
rename-unknown-name	Erdos118Problem
rename-unknown-name	Erdos1201Problem
rename-unknown-name	Erdos1202Problem
rename-unknown-name	Erdos1208Problem
rename-unknown-name	Erdos120Problem
rename-unknown-name	Erdos1212Problem
rename-unknown-name	Erdos124CompleteSequences
rename-unknown-name	Erdos136Problem
rename-unknown-name	Erdos13Problem
rename-unknown-name	Erdos140Problem
rename-unknown-name	Erdos147Problem
rename-unknown-name	Erdos14UniqueSums
rename-unknown-name	Erdos153Problem
rename-unknown-name	Erdos155Problem
rename-unknown-name	Erdos156OQ02
rename-unknown-name	Erdos159Problem
rename-unknown-name	Erdos162Problem
rename-unknown-name	Erdos166Problem
rename-unknown-name	Erdos176Problem
rename-unknown-name	Erdos181OQ01
rename-unknown-name	Erdos181Problem
rename-unknown-name	Erdos186Problem
rename-unknown-name	Erdos188Problem
rename-unknown-name	Erdos189Problem
rename-unknown-name	Erdos18OQ01
rename-unknown-name	Erdos190Problem
rename-unknown-name	Erdos191Problem
rename-unknown-name	Erdos193Problem
rename-unknown-name	Erdos195Problem
rename-unknown-name	Erdos19OQ01Problem
rename-unknown-name	Erdos1OQ03
rename-unknown-name	Erdos1OQ03Aristotle
rename-unknown-name	Erdos1OQ04
rename-unknown-name	Erdos1Wip01
rename-unknown-name	Erdos201Problem
rename-unknown-name	Erdos207Problem
rename-unknown-name	Erdos207ProblemAristotle
rename-unknown-name	Erdos226Problem
rename-unknown-name	Erdos232Problem
rename-unknown-name	Erdos235Problem
rename-unknown-name	Erdos250Problem
rename-unknown-name	Erdos252Problem
rename-unknown-name	Erdos256Problem
rename-unknown-name	Erdos25Abel
rename-unknown-name	Erdos260Aristotle
rename-unknown-name	Erdos261Problem
rename-unknown-name	Erdos263Aristotle
rename-unknown-name	Erdos265Problem
rename-unknown-name	Erdos266Problem
rename-unknown-name	Erdos267Problem
rename-unknown-name	Erdos268Aristotle
rename-unknown-name	Erdos268Problem
rename-unknown-name	Erdos268ProblemAristotle
rename-unknown-name	Erdos271Problem
rename-unknown-name	Erdos275Problem
rename-unknown-name	Erdos278Problem
rename-unknown-name	Erdos289Problem
rename-unknown-name	Erdos28AdditiveBases
rename-unknown-name	Erdos28Problem
rename-unknown-name	Erdos296Problem
rename-unknown-name	Erdos299Problem
rename-unknown-name	Erdos29Problem
rename-unknown-name	Erdos2OQ01
rename-unknown-name	Erdos2OQ01Aristotle
rename-unknown-name	Erdos2Problem
rename-unknown-name	Erdos307OQ02
rename-unknown-name	Erdos30Problem
rename-unknown-name	Erdos312Problem
rename-unknown-name	Erdos314Problem
rename-unknown-name	Erdos318Aristotle
rename-unknown-name	Erdos318Problem
rename-unknown-name	Erdos31Problem
rename-unknown-name	Erdos327OQ01
rename-unknown-name	Erdos327OQ01OQ04
rename-unknown-name	Erdos332Problem
rename-unknown-name	Erdos334Problem
rename-unknown-name	Erdos33Problem
rename-unknown-name	Erdos340BhUpperBound
rename-unknown-name	Erdos340GreedyCountUpper
rename-unknown-name	Erdos340GreedyExtension
rename-unknown-name	Erdos340GreedyGrowth
rename-unknown-name	Erdos340GreedyRpowBound
rename-unknown-name	Erdos340GreedySidon
rename-unknown-name	Erdos340GreedySidonExtension
rename-unknown-name	Erdos340GreedySidonOQ02
rename-unknown-name	Erdos340GreedySidonOQ05
rename-unknown-name	Erdos340SidonErdosTuran
rename-unknown-name	Erdos345Problem
rename-unknown-name	Erdos347Problem
rename-unknown-name	Erdos348Problem
rename-unknown-name	Erdos352Problem
rename-unknown-name	Erdos353Problem
rename-unknown-name	Erdos356Problem
rename-unknown-name	Erdos358Problem
rename-unknown-name	Erdos363Problem
rename-unknown-name	Erdos365Problem
rename-unknown-name	Erdos367Problem
rename-unknown-name	Erdos368Problem
rename-unknown-name	Erdos369Problem
rename-unknown-name	Erdos36Problem
rename-unknown-name	Erdos370Problem
rename-unknown-name	Erdos371Problem
rename-unknown-name	Erdos374Problem
rename-unknown-name	Erdos375Aristotle
rename-unknown-name	Erdos380Problem
rename-unknown-name	Erdos382Problem
rename-unknown-name	Erdos383Problem
rename-unknown-name	Erdos384Problem
rename-unknown-name	Erdos386Problem
rename-unknown-name	Erdos390Problem
rename-unknown-name	Erdos393Problem
rename-unknown-name	Erdos395OQ01
rename-unknown-name	Erdos395OQ01Incomplete01
rename-unknown-name	Erdos395Problem
rename-unknown-name	Erdos402Problem
rename-unknown-name	Erdos404Problem
rename-unknown-name	Erdos405Problem
rename-unknown-name	Erdos408Problem
rename-unknown-name	Erdos409Problem
rename-unknown-name	Erdos40Problem
rename-unknown-name	Erdos410Problem
rename-unknown-name	Erdos411Problem
rename-unknown-name	Erdos417Problem
rename-unknown-name	Erdos420Problem
rename-unknown-name	Erdos423Problem
rename-unknown-name	Erdos424Problem
rename-unknown-name	Erdos425Problem
rename-unknown-name	Erdos428Problem
rename-unknown-name	Erdos432Problem
rename-unknown-name	Erdos433Aristotle
rename-unknown-name	Erdos433Problem
rename-unknown-name	Erdos434Frobenius
rename-unknown-name	Erdos434Problem
rename-unknown-name	Erdos437Aristotle
rename-unknown-name	Erdos437Problem
rename-unknown-name	Erdos43Problem
rename-unknown-name	Erdos444Problem
rename-unknown-name	Erdos447Problem
rename-unknown-name	Erdos44Problem
rename-unknown-name	Erdos44SidonLowerBound
rename-unknown-name	Erdos451Problem
rename-unknown-name	Erdos453OQ02
rename-unknown-name	Erdos453Problem
rename-unknown-name	Erdos454Aristotle
rename-unknown-name	Erdos454Problem
rename-unknown-name	Erdos454ProblemAristotle
rename-unknown-name	Erdos45Problem
rename-unknown-name	Erdos461Problem
rename-unknown-name	Erdos464Problem
rename-unknown-name	Erdos465Problem
rename-unknown-name	Erdos475Problem
rename-unknown-name	Erdos476OQ05Aristotle
rename-unknown-name	Erdos476OQ05Problem
rename-unknown-name	Erdos476Problem
rename-unknown-name	Erdos477Problem
rename-unknown-name	Erdos478Problem
rename-unknown-name	Erdos479Problem
rename-unknown-name	Erdos483OQ02
rename-unknown-name	Erdos483Problem
rename-unknown-name	Erdos484Problem
rename-unknown-name	Erdos485OQ01
rename-unknown-name	Erdos488Problem
rename-unknown-name	Erdos48Problem
rename-unknown-name	Erdos490Aristotle
rename-unknown-name	Erdos490ProblemAristotle
rename-unknown-name	Erdos498Problem
rename-unknown-name	Erdos508Problem
rename-unknown-name	Erdos509Problem
rename-unknown-name	Erdos514Problem
rename-unknown-name	Erdos515Problem
rename-unknown-name	Erdos516Problem
rename-unknown-name	Erdos521Problem
rename-unknown-name	Erdos524Problem
rename-unknown-name	Erdos525OQ02
rename-unknown-name	Erdos527Problem
rename-unknown-name	Erdos528Problem
rename-unknown-name	Erdos529Problem
rename-unknown-name	Erdos530Problem
rename-unknown-name	Erdos533Problem
rename-unknown-name	Erdos537Problem
rename-unknown-name	Erdos538Problem
rename-unknown-name	Erdos548Aristotle
rename-unknown-name	Erdos548Problem
rename-unknown-name	Erdos551ProblemAristotle
rename-unknown-name	Erdos57OddClosedWalk
rename-unknown-name	Erdos57OddGirthBound
rename-unknown-name	Erdos57Problem
rename-unknown-name	Erdos57ProblemAristotle
rename-unknown-name	Erdos583Problem
rename-unknown-name	Erdos585Problem
rename-unknown-name	Erdos590Problem
rename-unknown-name	Erdos597Problem
rename-unknown-name	Erdos59Problem
rename-unknown-name	Erdos600Problem
rename-unknown-name	Erdos601Aristotle
rename-unknown-name	Erdos601Problem
rename-unknown-name	Erdos603Problem
rename-unknown-name	Erdos606OQ03
rename-unknown-name	Erdos608ProblemAristotle
rename-unknown-name	Erdos612Problem
rename-unknown-name	Erdos612ProblemAristotle
rename-unknown-name	Erdos614Problem
rename-unknown-name	Erdos615Problem
rename-unknown-name	Erdos616Problem
rename-unknown-name	Erdos619Problem
rename-unknown-name	Erdos621Problem
rename-unknown-name	Erdos629Aristotle
rename-unknown-name	Erdos632Aristotle
rename-unknown-name	Erdos635Problem
rename-unknown-name	Erdos642Aristotle
rename-unknown-name	Erdos649Problem
rename-unknown-name	Erdos650Problem
rename-unknown-name	Erdos651Problem
rename-unknown-name	Erdos652Problem
rename-unknown-name	Erdos655Problem
rename-unknown-name	Erdos658Problem
rename-unknown-name	Erdos65OQ03
rename-unknown-name	Erdos661Problem
rename-unknown-name	Erdos667Problem
rename-unknown-name	Erdos668Problem
rename-unknown-name	Erdos673Problem
rename-unknown-name	Erdos674Aristotle
rename-unknown-name	Erdos677Problem
rename-unknown-name	Erdos678Aristotle
rename-unknown-name	Erdos678Problem
rename-unknown-name	Erdos679Aristotle
rename-unknown-name	Erdos680Problem
rename-unknown-name	Erdos681Problem
rename-unknown-name	Erdos682Problem
rename-unknown-name	Erdos683Problem
rename-unknown-name	Erdos684Problem
rename-unknown-name	Erdos687Problem
rename-unknown-name	Erdos690Problem
rename-unknown-name	Erdos693Problem
rename-unknown-name	Erdos696Problem
rename-unknown-name	Erdos697Problem
rename-unknown-name	Erdos700Problem
rename-unknown-name	Erdos702Problem
rename-unknown-name	Erdos708Problem
rename-unknown-name	Erdos709Problem
rename-unknown-name	Erdos70OQ01Problem
rename-unknown-name	Erdos719Problem
rename-unknown-name	Erdos720Problem
rename-unknown-name	Erdos724Problem
rename-unknown-name	Erdos726Problem
rename-unknown-name	Erdos727Problem
rename-unknown-name	Erdos731Problem
rename-unknown-name	Erdos732Problem
rename-unknown-name	Erdos733LimitBounds
rename-unknown-name	Erdos733Problem
rename-unknown-name	Erdos736Problem
rename-unknown-name	Erdos737Problem
rename-unknown-name	Erdos739Problem
rename-unknown-name	Erdos73Problem
rename-unknown-name	Erdos740Problem
rename-unknown-name	Erdos740ProblemProvable
rename-unknown-name	Erdos741Problem
rename-unknown-name	Erdos741ProblemAPNPartI
rename-unknown-name	Erdos743Problem
rename-unknown-name	Erdos745Problem
rename-unknown-name	Erdos749Problem
rename-unknown-name	Erdos752Problem
rename-unknown-name	Erdos757Problem
rename-unknown-name	Erdos770Problem
rename-unknown-name	Erdos771Problem
rename-unknown-name	Erdos773Problem
rename-unknown-name	Erdos776Problem
rename-unknown-name	Erdos780Aristotle
rename-unknown-name	Erdos781Problem
rename-unknown-name	Erdos787Problem
rename-unknown-name	Erdos789Problem
rename-unknown-name	Erdos790Problem
rename-unknown-name	Erdos791Problem
rename-unknown-name	Erdos799Problem
rename-unknown-name	Erdos805Problem
rename-unknown-name	Erdos808Problem
rename-unknown-name	Erdos809Problem
rename-unknown-name	Erdos814Problem
rename-unknown-name	Erdos817Aristotle
rename-unknown-name	Erdos817Problem
rename-unknown-name	Erdos818Aristotle
rename-unknown-name	Erdos820Problem
rename-unknown-name	Erdos822Problem
rename-unknown-name	Erdos824Problem
rename-unknown-name	Erdos824ProblemProvable
rename-unknown-name	Erdos827Problem
rename-unknown-name	Erdos832Problem
rename-unknown-name	Erdos836Problem
rename-unknown-name	Erdos839Problem
rename-unknown-name	Erdos841Problem
rename-unknown-name	Erdos846Problem
rename-unknown-name	Erdos847Problem
rename-unknown-name	Erdos848Problem
rename-unknown-name	Erdos848ProblemOQ01
rename-unknown-name	Erdos850Problem
rename-unknown-name	Erdos852Problem
rename-unknown-name	Erdos853Problem
rename-unknown-name	Erdos854Problem
rename-unknown-name	Erdos856Problem
rename-unknown-name	Erdos857Problem
rename-unknown-name	Erdos859Aristotle
rename-unknown-name	Erdos863Aristotle
rename-unknown-name	Erdos863Problem
rename-unknown-name	Erdos864Problem
rename-unknown-name	Erdos866Aristotle
rename-unknown-name	Erdos873ProblemProvable
rename-unknown-name	Erdos875Problem
rename-unknown-name	Erdos876ProblemAristotle
rename-unknown-name	Erdos877ProblemAristotle
rename-unknown-name	Erdos882Problem
rename-unknown-name	Erdos882ProblemOQ03
rename-unknown-name	Erdos890Problem
rename-unknown-name	Erdos893Problem
rename-unknown-name	Erdos896Problem
rename-unknown-name	Erdos8Problem
rename-unknown-name	Erdos903Problem
rename-unknown-name	Erdos905Problem
rename-unknown-name	Erdos909OQ01Problem
rename-unknown-name	Erdos909Problem
rename-unknown-name	Erdos90Problem
rename-unknown-name	Erdos917Problem
rename-unknown-name	Erdos919Problem
rename-unknown-name	Erdos91Problem
rename-unknown-name	Erdos921Problem
rename-unknown-name	Erdos922Aristotle
rename-unknown-name	Erdos927Problem
rename-unknown-name	Erdos934Problem
rename-unknown-name	Erdos936Problem
rename-unknown-name	Erdos94OQ02
rename-unknown-name	Erdos94Problem
rename-unknown-name	Erdos955Problem
rename-unknown-name	Erdos959Problem
rename-unknown-name	Erdos95Problem
rename-unknown-name	Erdos960Problem
rename-unknown-name	Erdos963Problem
rename-unknown-name	Erdos964Aristotle
rename-unknown-name	Erdos967Problem
rename-unknown-name	Erdos975Problem
rename-unknown-name	Erdos976Problem
rename-unknown-name	Erdos977Aristotle
rename-unknown-name	Erdos977ProblemAristotle
rename-unknown-name	Erdos986Problem
rename-unknown-name	Erdos98Problem
rename-unknown-name	Erdos990Problem
rename-unknown-name	ErdosMordellChordIdentity
rename-unknown-name	ErdosMordellInequalityOQ01
rename-unknown-name	EulerPolyhedralFormulaOQ01OQ02
rename-unknown-name	EulerTotientOQ01OQ02OQ03
rename-unknown-name	FactorRemainderTheoremOQ02
rename-unknown-name	FactorRemainderTheoremOQ03
rename-unknown-name	FairGamesTheoremOQ02
rename-unknown-name	FairGamesTheoremOQ03Aristotle
rename-unknown-name	FeuerbachsTheoremOQ01OQ03
rename-unknown-name	FourColorTheoremOQ01
rename-unknown-name	FourSquareDistributionOQ04Arrange
rename-unknown-name	FourSquareDistributionOQ04ArrangeProof
rename-unknown-name	FourSquareDistributionOQ04Bridge
rename-unknown-name	FourSquareDistributionOQ04Decomp
rename-unknown-name	FourSquareDistributionOQ04Keystone
rename-unknown-name	FourierSeriesOQ01
rename-unknown-name	FourierSeriesOQ02OQ03OQ02
rename-unknown-name	FourthRoot2Degree4OQ02
rename-unknown-name	FourthRoot2SplittingFieldOQ01
rename-unknown-name	FriendshipTheorem
rename-unknown-name	FriendshipTheoremOQ01
rename-unknown-name	FriendshipTheoremOQ04
rename-unknown-name	FriendshipTheoremOQ04Universal
rename-unknown-name	FrobeniusNumber
rename-unknown-name	FrobeniusNumberOQ01
rename-unknown-name	FrobeniusNumberOQ01OQ03
rename-unknown-name	FrobeniusNumberOQ01OQ03OQ01
rename-unknown-name	FrobeniusNumberOQ01OQ04
rename-unknown-name	FrobeniusNumberOQ02
rename-unknown-name	FrobeniusNumberOQ02OQ01
rename-unknown-name	FrobeniusNumberOQ02OQ02
rename-unknown-name	FrobeniusNumberOQ03
rename-unknown-name	FundamentalArithmeticOQ01
rename-unknown-name	FundamentalArithmeticOQ02
rename-unknown-name	FundamentalTheoremAlgebra
rename-unknown-name	FundamentalTheoremCalculus
rename-unknown-name	FundamentalTheoremCalculusOQ04
rename-unknown-name	FurstenbergCorrespondenceOQ01
rename-unknown-name	GcdAlgorithmOQ02
rename-unknown-name	GeometricSeriesOQ02OQ03
rename-unknown-name	GoemansWilliamsonMaxCut
rename-unknown-name	GreensTheoremOQ01OQ01OQ02
rename-unknown-name	GreensTheoremOQ01OQ01OQ02OQ01
rename-unknown-name	GreensTheoremOQ01OQ01OQ02OQ02
rename-unknown-name	GreensTheoremOQ01OQ01OQ02OQ03
rename-unknown-name	GreensTheoremOQ01OQ01OQ03
rename-unknown-name	GreensTheoremOQ03OQ04
rename-unknown-name	HarmonicDivergence
rename-unknown-name	HarmonicDivergenceOQ02
rename-unknown-name	HarmonicDivergenceOQ04
rename-unknown-name	HermiteLegendreFactorialOQ02
rename-unknown-name	HeronsFormulaOQ01
rename-unknown-name	Hilbert15SchubertCalculus
rename-unknown-name	Hilbert15SchubertCalculusOQ01
rename-unknown-name	Hilbert19Regularity
rename-unknown-name	Hilbert22Uniformization
rename-unknown-name	Hilbert23CalculusVariationsOQ01
rename-unknown-name	Hilbert4Geodesics
rename-unknown-name	Hilbert5LieGroups
rename-unknown-name	HurwitzTheoremOQ04
rename-unknown-name	InclusionExclusionSecondBonferroni
rename-unknown-name	InfinitudePrimes
rename-unknown-name	InfinitudePrimes4k1
rename-unknown-name	InfinitudePrimes4k1OQ03
rename-unknown-name	InfinitudePrimes4k3OQ03
rename-unknown-name	IntermediateValueTheoremOQ03
rename-unknown-name	InverseGaloisD4
rename-unknown-name	InverseGaloisD4OQ01
rename-unknown-name	InverseGaloisD4OQ01External
rename-unknown-name	InverseGaloisD4OQ02
rename-unknown-name	InverseGaloisD4OQ02OQ03
rename-unknown-name	InverseGaloisD4OQ02OQ03OQ01
rename-unknown-name	InverseGaloisD4OQ02OQ03OQ01OQ01
rename-unknown-name	InverseGaloisD4OQ02OQ03OQ01OQ01OQ01
rename-unknown-name	InverseGaloisD4OQ02OQ04
rename-unknown-name	InverseGaloisD4OQ03
rename-unknown-name	InverseGaloisOQ01
rename-unknown-name	InverseGaloisOQ02
rename-unknown-name	InverseGaloisOQ03
rename-unknown-name	IsoperimetricTheoremOQ01
rename-unknown-name	IsoperimetricTheoremOQ02
rename-unknown-name	KnightsTourOblique
rename-unknown-name	KnightsTourObliqueOQ02
rename-unknown-name	KnightsTourObliqueOQ02Order16
rename-unknown-name	KnightsTourObliqueOQ02Palindrome
rename-unknown-name	KnightsTourObliqueOQ02Reverse
rename-unknown-name	KnightsTourObliqueOQ02ReverseCount
rename-unknown-name	KnightsTourObliqueOQ03
rename-unknown-name	Konigsberg
rename-unknown-name	KonigsbergOQ01OQ02
rename-unknown-name	KonigsbergOQ01OQ02Recipe
rename-unknown-name	KonigsbergOQ02
rename-unknown-name	KonigsbergOQ02OQ01
rename-unknown-name	KonigsbergOQ02OQ01Aristotle
rename-unknown-name	KonigsbergOQ04
rename-unknown-name	KummerTheorem
rename-unknown-name	KummerTheoremOQ02
rename-unknown-name	KummerTheoremOQ03
rename-unknown-name	LagrangeTheoremOQ01
rename-unknown-name	LagrangeTheoremOQ01OQ01
rename-unknown-name	LagrangeTheoremOQ01OQ01OQ01
rename-unknown-name	LagrangeTheoremOQ01OQ03
rename-unknown-name	LagrangeTheoremOQ02OQ02
rename-unknown-name	LagrangeTheoremOQ02OQ02OQ01
rename-unknown-name	LawOfCosinesOQ03OQ02
rename-unknown-name	LawsOfLargeNumbers
rename-unknown-name	LawsOfLargeNumbersOQ01
rename-unknown-name	LawsOfLargeNumbersOQ01OQ02
rename-unknown-name	LawsOfLargeNumbersOQ01OQ02OQ01
rename-unknown-name	LawsOfLargeNumbersOQ02
rename-unknown-name	LawsOfLargeNumbersOQ03
rename-unknown-name	LawsOfLargeNumbersOQ03Aristotle
rename-unknown-name	LebesgueMeasure
rename-unknown-name	LebesgueMeasureOQ01OQ01OQ02
rename-unknown-name	LebesgueMeasureOQ01OQ01OQ02Riemann
rename-unknown-name	LebesgueMeasureOQ06
rename-unknown-name	LebesgueMeasureOQ06OQ01
rename-unknown-name	LiouvilleTheoremOQ03
rename-unknown-name	LovaszLocalLemmaOQ01
rename-unknown-name	MathematicalInductionOQ01
rename-unknown-name	MathematicalInductionOQ03
rename-unknown-name	MeanValueTheorem
rename-unknown-name	MinkowskiTheoremOQ02
rename-unknown-name	MinkowskiTheoremOQ03
rename-unknown-name	MorleysTheorem
rename-unknown-name	MotivicFlagMapsPartialFlags
rename-unknown-name	NavierStokes
rename-unknown-name	NewtonInductiveStepOQ01
rename-unknown-name	NewtonInductiveStepOQ01Aristotle
rename-unknown-name	NewtonInductiveStepOQ02
rename-unknown-name	PartitionTheoremOQ01
rename-unknown-name	PartitionTheoremOQ01OQ01
rename-unknown-name	PartitionTheoremOQ03
rename-unknown-name	PartitionTheoremOQ04
rename-unknown-name	PartitionTheoremOQ04Aristotle
rename-unknown-name	PascalsHexagonOQ03Incomplete01Derangements
rename-unknown-name	PellEquationOQ01
rename-unknown-name	PerfectNumbers
rename-unknown-name	PerfectNumbersOQ03
rename-unknown-name	PicardLindelofOQ01OQ01OQ01
rename-unknown-name	PoincareConjecture
rename-unknown-name	PrimeGapBoundsOQ01
rename-unknown-name	PrimeReciprocalDivergenceOQ03
rename-unknown-name	ProbMethodAlterationOQ03
rename-unknown-name	ProbMethodExpectationOQ04
rename-unknown-name	ProbMethodSecondMomentOQ04OQ03
rename-unknown-name	ProductOfSegmentsOfChordsConverse
rename-unknown-name	ProductOfSegmentsOfChordsOQ01
rename-unknown-name	PropertyBFirstMomentRecoloring
rename-unknown-name	PtolemysComplexProofOQ02
rename-unknown-name	PtolemysTheoremOQ01OQ01
rename-unknown-name	PtolemysTheoremOQ01OQ02
rename-unknown-name	PythagoreanTheoremOQ03
rename-unknown-name	PythagoreanTriplesOQ04OQ01OQ01
rename-unknown-name	RamanujanSumFallacy
rename-unknown-name	RamseysTheorem
rename-unknown-name	RamseysTheoremOQ02
rename-unknown-name	RamseysTheoremOQ04
rename-unknown-name	RandomizedMaxCut
rename-unknown-name	RandomizedMaxCutOQ03
rename-unknown-name	RandomizedMaxCutOQ05
rename-unknown-name	RothTheorem
rename-unknown-name	RothTheoremOQ03
rename-unknown-name	RothTheoremQuantitative
rename-unknown-name	RothTheoremQuantitativeAristotle
rename-unknown-name	RothTriangleRemoval
rename-unknown-name	SchroederBernsteinOQ02
rename-unknown-name	SchursTheorem
rename-unknown-name	SearchMathlib
rename-unknown-name	ShannonChannelCodingOQ03Aristotle
rename-unknown-name	ShannonSourceCodingOQ01
rename-unknown-name	ShannonSourceCodingOQ03
rename-unknown-name	ShapleyFolkman
rename-unknown-name	ShapleyFolkmanOQ01
rename-unknown-name	ShapleyFolkmanOQ03
rename-unknown-name	ShapleyFolkmanOQ04
rename-unknown-name	SkolemNoetherMatrixAut
rename-unknown-name	SkolemNoetherMatrixAutAristotle
rename-unknown-name	SpernerGrid
rename-unknown-name	SpernerGridAristotle
rename-unknown-name	SpernerNDimMathlibOQ01
rename-unknown-name	SpernerNDimOQ01
rename-unknown-name	SpernerTuckerAntipodalParityEngine
rename-unknown-name	Sqrt2MinpolyOQ01
rename-unknown-name	Sqrt2OQ01
rename-unknown-name	SubsetCount
rename-unknown-name	SubsetCountOQ02
rename-unknown-name	SubsetCountOQ02OQ01
rename-unknown-name	SumOfDivisorsOQ01SpecialPrime
rename-unknown-name	SumOfKthPowers
rename-unknown-name	SylowTheorem
rename-unknown-name	SylowTheoremOQ01
rename-unknown-name	SylowTheoremOQ02
rename-unknown-name	SylowTheoremOQ02Orbit
rename-unknown-name	SylowTheoremOQ03
rename-unknown-name	SylowTheoremOQ03B
rename-unknown-name	SylowTheoremOQ04
rename-unknown-name	SylowTheoremOQ04OQ03
rename-unknown-name	SynthesisCurvaturePtolemy
rename-unknown-name	SynthesisCurvaturePtolemyOQ01
rename-unknown-name	SynthesisCurvaturePtolemyOQ02
rename-unknown-name	SzemerediCoreOQ01
rename-unknown-name	SzemerediCoreOQ01Aristotle
rename-unknown-name	SzemerediCounting
rename-unknown-name	SzemerediRegularity
rename-unknown-name	SzemerediRegularityOQ01
rename-unknown-name	SzemerediRegularityOQ01Trivial
rename-unknown-name	SzemerediRegularityOQ02
rename-unknown-name	SzemerediRegularityOQ02OQ02
rename-unknown-name	SzemerediRegularityOQ03
rename-unknown-name	SzemerediRegularityOQ04
rename-unknown-name	SzemerediRegularityOQ04Assembly
rename-unknown-name	SzemerediRegularityOQ04Bridge
rename-unknown-name	SzemerediRegularityOQ04Energy
rename-unknown-name	SzemerediRegularityOQ04Product
rename-unknown-name	SzemerediRegularityOQ04Witness
rename-unknown-name	TaylorSinCosConvergenceOQ03Aristotle
rename-unknown-name	TaylorSinCosConvergenceOQ04
rename-unknown-name	TaylorTheorem
rename-unknown-name	TaylorTheoremOQ03
rename-unknown-name	TestApi1061
rename-unknown-name	TestApi1159b
rename-unknown-name	TestApi203
rename-unknown-name	TestApi234
rename-unknown-name	TestApi249
rename-unknown-name	TestApi361
rename-unknown-name	TestApi385
rename-unknown-name	TestApi513
rename-unknown-name	TestApi654
rename-unknown-name	TestApi688
rename-unknown-name	TestApi847
rename-unknown-name	TestApi889
rename-unknown-name	TestApi960
rename-unknown-name	TestApi963
rename-unknown-name	TestConvexHull
rename-unknown-name	TestDerangConvApi
rename-unknown-name	TestHLTension
rename-unknown-name	TestHolderApi
rename-unknown-name	TestWolstenholme
rename-unknown-name	ThreeSubgroupsLemmaOQ0101
rename-unknown-name	ThreeSubgroupsLemmaOQ01OQ01
rename-unknown-name	TriangleAngleSum
rename-unknown-name	TriangleAngleSumOQ02
rename-unknown-name	TriangleInequality
rename-unknown-name	TriangleInequalityOQ01
rename-unknown-name	TriangularNumberReciprocals
rename-unknown-name	TriangularReciprocalGeneralized
rename-unknown-name	TriangularReciprocalsFigurate
rename-unknown-name	WilsonsTheoremOQ01
rename-unknown-name	WilsonsTheoremOQ02
rename-unknown-name	WilsonsTheoremOQ02Ext
rename-unknown-name	WilsonsTheoremOQ02ExtOQ01
rename-unknown-name	WilsonsTheoremOQ02ExtOQ02
rename-unknown-name	WilsonsTheoremOQ04
rename-unknown-name	WolstenholmeTheoremOQ02OQ02
rename-unknown-name	YangMills2DOQ02
rename-unknown-name	YangMillsMassGap
signature-type-mismatch	AbelRuffiniGaloisExtensionsOQ01
signature-type-mismatch	AbelRuffiniGaloisExtensionsOQ02
signature-type-mismatch	AbelRuffiniGaloisExtensionsOQ02OQ01
signature-type-mismatch	AbelRuffiniOQ04OQ01OQ03
signature-type-mismatch	AbelRuffiniOQ04OQ01OQ03Sharp
signature-type-mismatch	AbelRuffiniOQ04OQ03
signature-type-mismatch	AbelRuffiniOQ04OQ07OQ02
signature-type-mismatch	AbelRuffiniOQ07NotSolvable
signature-type-mismatch	AbelRuffiniOQ11
signature-type-mismatch	AmgmInequalityOQ02OQ01OQ02OQ01Aristotle
signature-type-mismatch	AmgmInequalityOQ03OQ04
signature-type-mismatch	AmgmInequalityOQ04OQ02
signature-type-mismatch	AngleTrisection
signature-type-mismatch	AngleTrisectionCos20Gal
signature-type-mismatch	AngleTrisectionCos20GalOQ01
signature-type-mismatch	AngleTrisectionCos20GalOQ01OQ01
signature-type-mismatch	AngleTrisectionCos20GalOQ01OQ02
signature-type-mismatch	AngleTrisectionCos20GalOQ03
signature-type-mismatch	AngleTrisectionCos20GalOQ03OQ01
signature-type-mismatch	AreaOfCircleOQ01OQ02OQ02
signature-type-mismatch	AreaOfCircleOQ01OQ02OQ02OQ01OQ01Fourier
signature-type-mismatch	AreaOfCircleOQ01OQ02OQ02OQ01OQ01IFT
signature-type-mismatch	AreaOfCircleOQ01OQ02OQ02OQ01OQ01Iso
signature-type-mismatch	AreaOfCircleOQ01OQ02OQ02OQ01OQ01OQ01
signature-type-mismatch	AreaOfCircleOQ01OQ02OQ02OQ01OQ01OQ02
signature-type-mismatch	AreaOfCircleOQ01OQ02OQ02OQ01OQ01Reparam
signature-type-mismatch	AreaOfCircleOQ01OQ02OQ02OQ02
signature-type-mismatch	AreaOfCircleOQ01OQ02OQ02OQ02OQ01
signature-type-mismatch	AreaOfCircleOQ01OQ02OQ02OQ02OQ02
signature-type-mismatch	AreaOfCircleOQ01OQ03
signature-type-mismatch	AreaOfCircleOQ01OQ03OQ01
signature-type-mismatch	AreaOfCircleOQ01OQ03OQ02
signature-type-mismatch	AreaOfCircleOQ03OQ02OQ01
signature-type-mismatch	AreaOfCircleOQ05OQ03OQ05
signature-type-mismatch	AreaOfCircleOQ07OQ03OQ02
signature-type-mismatch	AreaOfCircleOQ07OQ05
signature-type-mismatch	AreaOfCircleOQ07OQ05OQ01
signature-type-mismatch	AreaOfCircleOQ07OQ05OQ01OQ01
signature-type-mismatch	AreaOfCircleOQ07OQ05OQ01OQ02
signature-type-mismatch	AreaOfCircleOQ07OQ05OQ02
signature-type-mismatch	ArithmeticSeriesOQ02OQ04OQ01
signature-type-mismatch	BallotProblemOQ01OQ04
signature-type-mismatch	BallotProblemOQ01OQ04Core
signature-type-mismatch	BallotProblemOQ01OQ04OQ01
signature-type-mismatch	BallotProblemOQ03
signature-type-mismatch	BallotProblemOQ03OQ01OQ01
signature-type-mismatch	BallotProblemOQ03OQ01OQ01OQ01
signature-type-mismatch	BallotProblemOQ03OQ01OQ01OQ01Aristotle
signature-type-mismatch	BallotProblemOQ03OQ01OQ02
signature-type-mismatch	BallotProblemOQ03OQ01OQ02Aristotle
signature-type-mismatch	BallotProblemOQ03OQ01OQ02Helpers
signature-type-mismatch	BallotProblemOQ03OQ02
signature-type-mismatch	BallotProblemOQ03OQ03
signature-type-mismatch	BaselProblemOQ03OQ01
signature-type-mismatch	BaselProblemOQ09
signature-type-mismatch	BaselProblemOQ0901
signature-type-mismatch	BaselProblemOQ09OQ01
signature-type-mismatch	BaselProblemOQ10OQ01
signature-type-mismatch	BetaCentralBinomialExplicitRate
signature-type-mismatch	BetaCentralBinomialExplicitRateOQ02
signature-type-mismatch	BetaCentralBinomialOGF
signature-type-mismatch	BezoutIdentityOQ02OQ01OQ01OQ01OQ01
signature-type-mismatch	BezoutIdentityOQ02OQ01OQ02
signature-type-mismatch	BezoutIdentityOQ02OQ01OQ02OQ03
signature-type-mismatch	BezoutIdentityOQ02OQ02OQ01OQ03
signature-type-mismatch	BezoutIdentityOQ03OQ01OQ01OQ02OQ02
signature-type-mismatch	BezoutIdentityOQ04OQ01
signature-type-mismatch	BinomialTheoremOQ02OQ02
signature-type-mismatch	BinomialTheoremOQ02OQ03
signature-type-mismatch	BinomialTheoremOQ02OQ04OQ02
signature-type-mismatch	BorsukUlamOQ02OQ03
signature-type-mismatch	BorsukUlamOQ03OQ02
signature-type-mismatch	BrianchonTheorem
signature-type-mismatch	BrouwerFixedPointOQ02OQ03
signature-type-mismatch	BrouwerFixedPointOQ04OQ02
signature-type-mismatch	BrouwerFixedPointOQ04OQ03
signature-type-mismatch	BrouwerFixedPointOQ04OQ04
signature-type-mismatch	BuffonConstantAsymptotic
signature-type-mismatch	BuffonsNeedleOQ01
signature-type-mismatch	BuffonsNeedleOQ01OQ01
signature-type-mismatch	BuffonsNeedleOQ01OQ01OQ01
signature-type-mismatch	BuffonsNeedleOQ01OQ01OQ02
signature-type-mismatch	BuffonsNeedleOQ01OQ01OQ05
signature-type-mismatch	BuffonsNeedleOQ01OQ04
signature-type-mismatch	BuffonsNeedleOQ02OQ01
signature-type-mismatch	BuffonsNeedleOQ02OQ01OQ01
signature-type-mismatch	CantorDiagonalizationOQ02OQ03
signature-type-mismatch	CantorDiagonalizationOQ03OQ01Incomplete01
signature-type-mismatch	CantorDiagonalizationOQ04
signature-type-mismatch	CauchySchwarz
signature-type-mismatch	CauchySchwarzOQ03
signature-type-mismatch	CauchySchwarzOQ07OQ01
signature-type-mismatch	CayleyHamiltonMinpolyOQ01OQ01
signature-type-mismatch	CayleyHamiltonMinpolyOQ04BackwardAristotle
signature-type-mismatch	CayleyHamiltonMinpolyOQ05
signature-type-mismatch	CayleyHamiltonOQ01
signature-type-mismatch	CayleyHamiltonOQ01OQ01
signature-type-mismatch	CayleyHamiltonOQ01OQ01OQ01
signature-type-mismatch	CayleyHamiltonOQ01OQ01OQ01OQ01
signature-type-mismatch	CayleyHamiltonOQ01OQ02
signature-type-mismatch	CayleyHamiltonOQ01OQ03
signature-type-mismatch	CayleyHamiltonOQ02
signature-type-mismatch	CayleyHamiltonOQ02OQ01Analytic
signature-type-mismatch	CayleyHamiltonOQ04OQ02
signature-type-mismatch	CayleyHamiltonReductionOQ01
signature-type-mismatch	CayleyHamiltonReductionOQ02
signature-type-mismatch	CayleysTheoremOQ01OQ02OQ02
signature-type-mismatch	CentralLimitTheoremOQ01OQ02OQ01OQ03
signature-type-mismatch	ChebyshevBoundsOQ03OQ02
signature-type-mismatch	ChebyshevBoundsOQ0601
signature-type-mismatch	ChineseRemainderNonCoprimeOQ01
signature-type-mismatch	ChineseRemainderNonCoprimeOQ01OQ01
signature-type-mismatch	ChineseRemainderNonCoprimeOQ02
signature-type-mismatch	ChineseRemainderNonCoprimeOQ03OQ02
signature-type-mismatch	CollatzCyclesOQ04
signature-type-mismatch	CombinationsFormulaOQ01OQ04
signature-type-mismatch	ComplexityCore
signature-type-mismatch	ConjugacyClassEquationOQ01
signature-type-mismatch	ConjugacyClassEquationOQ0102
signature-type-mismatch	CramersRuleOQ01OQ02OQ03
signature-type-mismatch	CramersRuleOQ01OQ03
signature-type-mismatch	CramersRuleOQ05
signature-type-mismatch	CramersRuleOQ05OQ01
signature-type-mismatch	CramersRuleOQ05OQ02
signature-type-mismatch	CubeRoot3IrrationalOQ02OQ01
signature-type-mismatch	DeMoivreOQ03OQ01
signature-type-mismatch	DerangementsConvergenceOQ05
signature-type-mismatch	DerangementsConvergenceOQ05OQ01
signature-type-mismatch	DesarguesTheorem
signature-type-mismatch	DiniTheoremOQ01OQ01
signature-type-mismatch	DirichletApproximationOQ04OQ02
signature-type-mismatch	DirichletsTheorem
signature-type-mismatch	DirichletsTheoremOQ01OQ01
signature-type-mismatch	DirichletsTheoremOQ03
signature-type-mismatch	DivisibilityByThreeOQ01OQ02Aristotle
signature-type-mismatch	DivisibilityRules
signature-type-mismatch	DivisibilityRulesOQ01
signature-type-mismatch	DivisibilityRulesOQ02
signature-type-mismatch	DivisibilityTruncationGeneralOQ01OQ01
signature-type-mismatch	DivisibilityTruncationGeneralOQ03
signature-type-mismatch	DyckCatalanCountOQ01OQ01
signature-type-mismatch	ElementaryQuadraticReciprocityOQ03OQ01
signature-type-mismatch	Erdos1001OQ02OQ01
signature-type-mismatch	Erdos1005ProblemOQ02
signature-type-mismatch	Erdos1007OQ01OQ01
signature-type-mismatch	Erdos1008OQ01
signature-type-mismatch	Erdos1008OQ02
signature-type-mismatch	Erdos1008Problem
signature-type-mismatch	Erdos100OQ02
signature-type-mismatch	Erdos1011OQ03
signature-type-mismatch	Erdos1011Problem
signature-type-mismatch	Erdos1013ConstantRatio
signature-type-mismatch	Erdos1013UnconditionalRatio
signature-type-mismatch	Erdos1014OQ03
signature-type-mismatch	Erdos1014OQ03LogIncrement
signature-type-mismatch	Erdos1014OQ03Obstruction
signature-type-mismatch	Erdos1018OQ04
signature-type-mismatch	Erdos1018OQ04Incomplete01
signature-type-mismatch	Erdos101OQ01
signature-type-mismatch	Erdos101OQ01OQ02
signature-type-mismatch	Erdos101OQ04
signature-type-mismatch	Erdos101OQ04OQ01
signature-type-mismatch	Erdos1021OQ01Incomplete01
signature-type-mismatch	Erdos1023OQ01
signature-type-mismatch	Erdos1029LowerBound
signature-type-mismatch	Erdos1039Conformal
signature-type-mismatch	Erdos1053Problem
signature-type-mismatch	Erdos1054AlmostAllOQ01
signature-type-mismatch	Erdos1054AlmostAllOQ0103
signature-type-mismatch	Erdos1056Aristotle
signature-type-mismatch	Erdos105OQ05
signature-type-mismatch	Erdos1068Problem
signature-type-mismatch	Erdos1091Problem
signature-type-mismatch	Erdos1093OQ02FactorialGrowth
signature-type-mismatch	Erdos109OQ01Aristotle
signature-type-mismatch	Erdos1104OQ01
signature-type-mismatch	Erdos1104Problem
signature-type-mismatch	Erdos1128Problem
signature-type-mismatch	Erdos1130Problem
signature-type-mismatch	Erdos1142Problem
signature-type-mismatch	Erdos1156Problem
signature-type-mismatch	Erdos1176Problem
signature-type-mismatch	Erdos1179OQ01OQ02
signature-type-mismatch	Erdos14Problem
signature-type-mismatch	Erdos167Problem
signature-type-mismatch	Erdos171Problem
signature-type-mismatch	Erdos183Problem
signature-type-mismatch	Erdos206Problem
signature-type-mismatch	Erdos230LowerBound
signature-type-mismatch	Erdos25LogDensity
signature-type-mismatch	Erdos25Problem
signature-type-mismatch	Erdos321Problem
signature-type-mismatch	Erdos350Problem
signature-type-mismatch	Erdos396OQ04OQ01OQ01
signature-type-mismatch	Erdos396OQ04OQ01OQ01OQ02
signature-type-mismatch	Erdos396OQ04OQ01OQ01OQ02OQ01
signature-type-mismatch	Erdos396OQ04OQ01OQ01OQ02OQ02
signature-type-mismatch	Erdos396OQ04OQ01OQ01OQ03
signature-type-mismatch	Erdos39Problem
signature-type-mismatch	Erdos414Problem
signature-type-mismatch	Erdos421Problem
signature-type-mismatch	Erdos490OQ01
signature-type-mismatch	Erdos549ProblemAristotle
signature-type-mismatch	Erdos557Problem
signature-type-mismatch	Erdos558Problem
signature-type-mismatch	Erdos596Problem
signature-type-mismatch	Erdos620Problem
signature-type-mismatch	Erdos620ProblemAristotle
signature-type-mismatch	Erdos626Aristotle
signature-type-mismatch	Erdos626Problem
signature-type-mismatch	Erdos626ProblemAristotle
signature-type-mismatch	Erdos627Aristotle
signature-type-mismatch	Erdos627Problem
signature-type-mismatch	Erdos627ProblemAristotle
signature-type-mismatch	Erdos628Aristotle
signature-type-mismatch	Erdos628Problem
signature-type-mismatch	Erdos628ProblemAristotle
signature-type-mismatch	Erdos630Aristotle
signature-type-mismatch	Erdos630Problem
signature-type-mismatch	Erdos630ProblemAristotle
signature-type-mismatch	Erdos631Aristotle
signature-type-mismatch	Erdos631Problem
signature-type-mismatch	Erdos631ProblemAristotle
signature-type-mismatch	Erdos640Problem
signature-type-mismatch	Erdos641Problem
signature-type-mismatch	Erdos663Problem
signature-type-mismatch	Erdos667Aristotle
signature-type-mismatch	Erdos671Problem
signature-type-mismatch	Erdos671ProblemAristotle
signature-type-mismatch	Erdos673Aristotle
signature-type-mismatch	Erdos699Problem
signature-type-mismatch	Erdos705Problem
signature-type-mismatch	Erdos751Problem
signature-type-mismatch	Erdos780Problem
signature-type-mismatch	Erdos79Incomplete01
signature-type-mismatch	Erdos79Incomplete01OQ01
signature-type-mismatch	Erdos79Problem
signature-type-mismatch	Erdos79ProblemAristotle
signature-type-mismatch	Erdos810Problem
signature-type-mismatch	Erdos820Aristotle
signature-type-mismatch	Erdos842Problem
signature-type-mismatch	Erdos846ProblemAPN
signature-type-mismatch	Erdos85Problem
signature-type-mismatch	Erdos868Problem
signature-type-mismatch	Erdos871Problem
signature-type-mismatch	Erdos882ProblemOQ03OQ02
signature-type-mismatch	Erdos883Problem
signature-type-mismatch	Erdos88Problem
signature-type-mismatch	Erdos913Problem
signature-type-mismatch	Erdos923Problem
signature-type-mismatch	Erdos924Problem
signature-type-mismatch	Erdos949Problem
signature-type-mismatch	Erdos950Problem
signature-type-mismatch	Erdos966Problem
signature-type-mismatch	ErdosKoRado
signature-type-mismatch	ErdosRamseyLowerBound
signature-type-mismatch	EulerTotientOQ02OQ02OQ01
signature-type-mismatch	EulerTotientOQ06OQ02
signature-type-mismatch	FactorRemainderTheorem
signature-type-mismatch	FairGamesTheorem
signature-type-mismatch	FairGamesTheoremOQ02OQ01
signature-type-mismatch	FairGamesTheoremOQ02OQ01OQ01
signature-type-mismatch	FairGamesTheoremOQ03
signature-type-mismatch	FermatTwoSquaresOQ04
signature-type-mismatch	FermatTwoSquaresOQ04OQ01
signature-type-mismatch	FermatsLastTheoremOQ03
signature-type-mismatch	FeuerbachsTheoremDefsOQ04
signature-type-mismatch	FibonacciIdentitiesOQ02
signature-type-mismatch	FibonacciIdentitiesOQ02OQ02PrimeIndex
signature-type-mismatch	FourierSeriesOQ04OQ01
signature-type-mismatch	FourierSeriesOQ04OQ01Incomplete01
signature-type-mismatch	FundamentalTheoremAlgebraOQ04OQ04
signature-type-mismatch	FundamentalTheoremCalculusStokes
signature-type-mismatch	FundamentalTheoremCalculusStokesAristotle
signature-type-mismatch	GCDAlgorithmOQ01OQ03OQ01
signature-type-mismatch	GCDAlgorithmOQ01OQ03OQ01OQ01
signature-type-mismatch	GcdAlgorithmOQ02OQ01
signature-type-mismatch	GraphCore
signature-type-mismatch	GreensTheoremOQ04
signature-type-mismatch	GroupOrderPrimeSquaredAbelianIsoOQ01OQ01OQ02
signature-type-mismatch	HierholzerAlgorithm
signature-type-mismatch	Hilbert14InvariantsOQ01
signature-type-mismatch	Hilbert15OQ02OQ03OQ01
signature-type-mismatch	Hilbert16
signature-type-mismatch	Hilbert20OQ01OQ03Aristotle
signature-type-mismatch	Hilbert21RiemannHilbert
signature-type-mismatch	Hilbert22OQ01OQ03Pseudohyperbolic
signature-type-mismatch	Hilbert6PhysicsAxioms
signature-type-mismatch	InfinitudePrimes4k3OQ01
signature-type-mismatch	InfinitudePrimes4k3OQ01Q12Q24
signature-type-mismatch	InfinitudePrimesOQ01
signature-type-mismatch	InverseGaloisF20OQ02
signature-type-mismatch	KonigsbergOQ02OQ01OQ02OQ01Splice
signature-type-mismatch	KonigsbergOQ03
signature-type-mismatch	KummerTheoremOQ01OQ01
signature-type-mismatch	LHopitalOQ02Incomplete01
signature-type-mismatch	LHopitalOQ04
signature-type-mismatch	LHopitalOQ04OQ01
signature-type-mismatch	LagrangeFourSquaresOQ02OQ02
signature-type-mismatch	LagrangeFourSquaresOQ05
signature-type-mismatch	LagrangeTheoremOQ03OQ02
signature-type-mismatch	LagrangeTheoremOQ05
signature-type-mismatch	LawOfCosines
signature-type-mismatch	LawOfCosinesOQ01OQ01OQ03
signature-type-mismatch	LawOfCosinesOQ01OQ04
signature-type-mismatch	LawOfCosinesOQ04OQ01
signature-type-mismatch	LawOfCosinesOQ04OQ01Bisector
signature-type-mismatch	LawOfCosinesOQ07OQ01
signature-type-mismatch	LebesgueMeasureOQ04
signature-type-mismatch	MatrixSimilarityInvariantsOQ01
signature-type-mismatch	MeanValueTheoremOQ02
signature-type-mismatch	MeanValueTheoremOQ02OQ01
signature-type-mismatch	MeanValueTheoremOQ02OQ01OQ01
signature-type-mismatch	MeanValueTheoremOQ02OQ01OQ02
signature-type-mismatch	MeanValueTheoremOQ02OQ02UIcc
signature-type-mismatch	MeanValueTheoremOQ02OQ04
signature-type-mismatch	MeanValueTheoremOQ02OQ04OQ01
signature-type-mismatch	MeanValueTheoremOQ03
signature-type-mismatch	MinpolyCharpolyOQ01
signature-type-mismatch	MinpolyCharpolyOQ03
signature-type-mismatch	MinpolyCharpolyOQ03OQ01
signature-type-mismatch	PNPBarriersLegacy
signature-type-mismatch	PNPBarriersSound
signature-type-mismatch	PNPBarriersUnified
signature-type-mismatch	PascalsHexagon
signature-type-mismatch	PascalsHexagonOQ02
signature-type-mismatch	PascalsHexagonOQ03
signature-type-mismatch	PicksTheoremOQ02
signature-type-mismatch	PrimitiveRoots
signature-type-mismatch	PuiseuxTheorem
signature-type-mismatch	PuiseuxTheoremOQ03
signature-type-mismatch	PythagoreanTheorem
signature-type-mismatch	RamseyR4kExtensions
signature-type-mismatch	RamseyR4kExtensionsOQ03
signature-type-mismatch	RamseyR4kExtensionsOQ03OQ02
signature-type-mismatch	RationalCanonicalFormExists
signature-type-mismatch	RothTheoremOQ01
signature-type-mismatch	RothTheoremOQ01Primes
signature-type-mismatch	RothTheoremOQ01RecipSufficient
signature-type-mismatch	RothTheoremOQ01Reciprocal
signature-type-mismatch	RothTheoremOQ01Weighted
signature-type-mismatch	SchroederBernsteinOQ03
signature-type-mismatch	ShannonChannelCoding
signature-type-mismatch	ShannonChannelCodingAWGN
signature-type-mismatch	ShannonChannelCodingAWGNOQ01
signature-type-mismatch	ShannonChannelCodingAWGNOQ03
signature-type-mismatch	ShannonChannelCodingAWGNOQ03OQ01Monotone
signature-type-mismatch	ShannonChannelCodingBEC
signature-type-mismatch	ShannonChannelCodingBECOQ01
signature-type-mismatch	ShannonChannelCodingBECOQ02
signature-type-mismatch	ShannonChannelCodingBECOQ04
signature-type-mismatch	ShannonChannelCodingOQ01
signature-type-mismatch	ShannonChannelCodingOQ01OQ01
signature-type-mismatch	ShannonChannelCodingOQ02
signature-type-mismatch	ShannonChannelCodingOQ02OQ01
signature-type-mismatch	ShannonChannelCodingOQ02OQ01Aristotle
signature-type-mismatch	ShannonChannelCodingOQ02OQ03
signature-type-mismatch	ShannonChannelCodingOQ02OQ04
signature-type-mismatch	ShannonChannelCodingOQ03
signature-type-mismatch	ShannonChannelCodingOQ04OQ01
signature-type-mismatch	ShannonChannelCodingOQ04OQ01OQ01
signature-type-mismatch	ShannonEntropyAristotle
signature-type-mismatch	ShannonEntropyOQ01
signature-type-mismatch	ShannonEntropyOQ01OQ01
signature-type-mismatch	SpernerFreudenthal
signature-type-mismatch	SpernerFreudenthalSimplex
signature-type-mismatch	SpernerGridBase
signature-type-mismatch	SpernerGridCell
signature-type-mismatch	SpernerMathlib
signature-type-mismatch	SpernerMathlib4
signature-type-mismatch	SpernerMathlib4OQ03
signature-type-mismatch	SpernerMathlibHyper
signature-type-mismatch	SpernerMathlibOQ02
signature-type-mismatch	SpernerMathlibOQ03
signature-type-mismatch	SpernerNDim
signature-type-mismatch	SpernerNDimMathlib
signature-type-mismatch	SpernerNDimMathlibOQ01OQ04
signature-type-mismatch	SpernerNDimMathlibOQ02
signature-type-mismatch	SpernerNDimOQ02
signature-type-mismatch	SpernerNDimOQ02Cell
signature-type-mismatch	SpernerNDimOQ02Obstruction
signature-type-mismatch	SpernerNDimOQ03
signature-type-mismatch	SpernerNDimOQ03OQ01
signature-type-mismatch	SpernerNDimOQ04
signature-type-mismatch	SpernerNDimOQ06
signature-type-mismatch	SpernerSimplicialBridge
signature-type-mismatch	SpernerSimplicialBridgeOQ01
signature-type-mismatch	SpernerSimplicialBridgeOQ02
signature-type-mismatch	SpernerSimplicialBridgeOQ03
signature-type-mismatch	SpernerSimplicialInstance
signature-type-mismatch	SpernerSimplicialInstanceOQ01
signature-type-mismatch	SpernerSimplicialInstanceOQ03
signature-type-mismatch	SpernerSimplicialInstanceOQ03Tower
signature-type-mismatch	SpernerSimplicialInstanceOQ04
signature-type-mismatch	SpernerSimplicialInstanceOQ05
signature-type-mismatch	SpernerSimplicialInstanceOQ05Scarf1d
signature-type-mismatch	SpernerTuckerCrossPolytopeBoundary
signature-type-mismatch	SpernerTuckerCrossPolytopeConnected
signature-type-mismatch	SpernerTuckerCrossPolytopeEdgeCount
signature-type-mismatch	SpernerTuckerCrossPolytopeEquator
signature-type-mismatch	SpernerTuckerCrossPolytopeEquatorAut
signature-type-mismatch	SpernerTuckerCrossPolytopeHemisphere
signature-type-mismatch	SpernerTuckerCrossPolytopeHemisphereIso
signature-type-mismatch	SpernerTuckerCrossPolytopeLabelling
signature-type-mismatch	SpernerTuckerEndpointTransport
signature-type-mismatch	SpernerTuckerEquatorMatchingGraph
signature-type-mismatch	StirlingFormulaOQ02OQ01
signature-type-mismatch	SumOfKthPowersOQ04
signature-type-mismatch	SumOfKthPowersOQ05
signature-type-mismatch	SumOfKthPowersOQ05OQ01
signature-type-mismatch	SumOfKthPowersOQ05OQ01OQ01
signature-type-mismatch	TaylorTheoremOQ01
signature-type-mismatch	TaylorTheoremOQ03OQ01
signature-type-mismatch	TaylorTheoremOQ03OQ02
signature-type-mismatch	TestApi689
signature-type-mismatch	TriangularReciprocalsOQ04OQ01
signature-type-mismatch	UrysohnsLemmaOQ01OQ01OQ01
signature-type-mismatch	UrysohnsLemmaOQ01OQ01OQ01OQ01
signature-type-mismatch	UrysohnsLemmaOQ01OQ01OQ02
signature-type-mismatch	UrysohnsLemmaOQ01OQ01OQ02OQ01
signature-type-mismatch	UrysohnsLemmaOQ01OQ01OQ02OQ02
signature-type-mismatch	WaringGgLowerBoundsOQ02
tactic-drift-or-other	AmgmInequalityOQ03OQ02OQ01OQ02
tactic-drift-or-other	AmgmInequalityOQ05OQ01
tactic-drift-or-other	AngleTrisectionOQ02OQ01OQ02Aristotle
tactic-drift-or-other	AngleTrisectionOQ05OQ02
tactic-drift-or-other	AngleTrisectionOQ05OQ03
tactic-drift-or-other	AreaOfCircleOQ01OQ02OQ01OQ01
tactic-drift-or-other	AreaOfCircleOQ01OQ02OQ01OQ01OQ01
tactic-drift-or-other	AreaOfCircleOQ03OQ01
tactic-drift-or-other	AreaOfCircleOQ05OQ01Aristotle
tactic-drift-or-other	AreaOfCircleOQ07OQ02OQ02
tactic-drift-or-other	AreaOfCircleOQ07OQ04OQ01
tactic-drift-or-other	AreaOfCircleOQ07OQ04OQ01OQ01
tactic-drift-or-other	ArsinhLogFormulaOQ01OQ01OQ01
tactic-drift-or-other	ArsinhLogFormulaOQ01OQ01OQ01OQ01
tactic-drift-or-other	ArsinhLogFormulaOQ01OQ01OQ02
tactic-drift-or-other	BallotProblemOQ02OQ03
tactic-drift-or-other	BallotProblemOQ04OQ02
tactic-drift-or-other	BallotProblemOQ04OQ02OQ01
tactic-drift-or-other	BaselProblemOQ01OQ01OQ02
tactic-drift-or-other	BaselProblemOQ02
tactic-drift-or-other	BaselProblemOQ10OQ03
tactic-drift-or-other	BaselProblemOQ11
tactic-drift-or-other	BaselProblemOQ13
tactic-drift-or-other	BaselProblemOQ13OQ01
tactic-drift-or-other	BaselProblemOQ13OQ02
tactic-drift-or-other	BaselProblemOQ14
tactic-drift-or-other	BertrandsPostulateOQ03
tactic-drift-or-other	BertrandsPostulateOQ03OQ04
tactic-drift-or-other	BertrandsPostulateOQ03OQ04Aristotle
tactic-drift-or-other	BertrandsPostulateOQ03OQ04OQ03
tactic-drift-or-other	BetaIntegralRecurrenceOQ01OQ03OQ01
tactic-drift-or-other	BetaIntegralRecurrenceOQ01OQ03OQ01OQ02
tactic-drift-or-other	BezoutIdentityOQ03OQ02OQ01
tactic-drift-or-other	BinomialTheoremOQ02OQ01OQ03
tactic-drift-or-other	BinomialTheoremOQ02OQ01OQ04
tactic-drift-or-other	BinomialTheoremOQ04
tactic-drift-or-other	BirthdayProblemOQ03OQ01
tactic-drift-or-other	BorsukUlamOQ02OQ02
tactic-drift-or-other	BuffonsNeedleOQ01OQ01OQ04OQ01Beta
tactic-drift-or-other	BuffonsNeedleOQ02
tactic-drift-or-other	CantorDiagonalizationOQ01OQ01OQ02OQ01
tactic-drift-or-other	CantorDiagonalizationOQ01OQ01OQ02OQ01Phase3b
tactic-drift-or-other	CantorDiagonalizationOQ04OQ01
tactic-drift-or-other	CatalanNumbersOQ01OQ04OQ02
tactic-drift-or-other	CauchyInterlacingMajorizationPositivity
tactic-drift-or-other	CauchySchwarzIntegralLpDualityGluing
tactic-drift-or-other	CauchySchwarzIntegralLpDualityIngredients
tactic-drift-or-other	CauchySchwarzIntegralLpDualityMaximal
tactic-drift-or-other	CauchySchwarzIntegralOQ02OQ02OQ01
tactic-drift-or-other	CauchySchwarzIntegralOQ03
tactic-drift-or-other	CauchySchwarzOQ01OQ01OQ01
tactic-drift-or-other	CauchySchwarzOQ01OQ01OQ02
tactic-drift-or-other	CauchySchwarzOQ01OQ01OQ02OQ01
tactic-drift-or-other	CauchySchwarzOQ03OQ02OQ01
tactic-drift-or-other	CayleyHamiltonCyclicVectorAllFieldsOQ03Bridge
tactic-drift-or-other	CayleyHamiltonMinpolyOQ05OQ01OQ04WIP03
tactic-drift-or-other	CentralLimitTheoremOQ03
tactic-drift-or-other	CevasTheorem
tactic-drift-or-other	CevasTheoremNonEuclidean
tactic-drift-or-other	CevasTheoremNonEuclideanOQ01
tactic-drift-or-other	CevasTheoremNonEuclideanOQ01OQ01
tactic-drift-or-other	CevasTheoremNonEuclideanOQ01OQ02
tactic-drift-or-other	CevasTheoremNonEuclideanOQ03
tactic-drift-or-other	CollatzStructuredOQ02OQ01
tactic-drift-or-other	DeMoivreOQ01OQ03
tactic-drift-or-other	DeMoivreOQ01OQ03OQ01
tactic-drift-or-other	DeMoivreOQ01OQ03OQ01OQ01
tactic-drift-or-other	DeMoivreOQ01OQ03OQ01OQ01OQ01
tactic-drift-or-other	DeMoivreOQ01OQ03OQ01OQ01OQ02
tactic-drift-or-other	DeMoivreOQ01OQ03OQ02
tactic-drift-or-other	DeMoivreOQ02OQ02
tactic-drift-or-other	DescartesRuleOfSignsOQ01OQ01
tactic-drift-or-other	DescartesRuleOfSignsOQ02Parity
tactic-drift-or-other	DissectionOfCubesOQ03
tactic-drift-or-other	DissectionOfCubesOQ03OQ02
tactic-drift-or-other	EgorovTheorem
tactic-drift-or-other	EgorovTheoremOQ01OQ02
tactic-drift-or-other	EgorovTheoremOQ01OQ03
tactic-drift-or-other	Erdos1006OQ01
tactic-drift-or-other	Erdos1006OQ01OQ02
tactic-drift-or-other	Erdos1006OQ02
tactic-drift-or-other	Erdos1006OQ03
tactic-drift-or-other	Erdos1006OQ04
tactic-drift-or-other	Erdos1006OQ04Decidability
tactic-drift-or-other	Erdos1007OQ04
tactic-drift-or-other	Erdos1008ProblemProvable
tactic-drift-or-other	Erdos1009OQ02Problem
tactic-drift-or-other	Erdos1010OQ01
tactic-drift-or-other	Erdos1010Problem
tactic-drift-or-other	Erdos1013Problem
tactic-drift-or-other	Erdos1018Aristotle
tactic-drift-or-other	Erdos1018OQ01
tactic-drift-or-other	Erdos1018OQ01OQ01
tactic-drift-or-other	Erdos1018OQ01OQ01OQ01
tactic-drift-or-other	Erdos1018OQ01OQ01OQ01OQ01
tactic-drift-or-other	Erdos1018OQ04Incomplete01Aristotle
tactic-drift-or-other	Erdos1021Aristotle
tactic-drift-or-other	Erdos1021OQ01
tactic-drift-or-other	Erdos1021Problem
tactic-drift-or-other	Erdos1021Wip01
tactic-drift-or-other	Erdos1021Wip02
tactic-drift-or-other	Erdos1026OQ05Extremal
tactic-drift-or-other	Erdos1026OQ05KMonotonic
tactic-drift-or-other	Erdos1034OQ02
tactic-drift-or-other	Erdos1036OQ01OQ01
tactic-drift-or-other	Erdos1036Problem
tactic-drift-or-other	Erdos1038Problem
tactic-drift-or-other	Erdos1038WIP01
tactic-drift-or-other	Erdos103OQ02Bounds
tactic-drift-or-other	Erdos1041Problem
tactic-drift-or-other	Erdos1043Aristotle
tactic-drift-or-other	Erdos1054Problem
tactic-drift-or-other	Erdos1055Problem
tactic-drift-or-other	Erdos1059Problem
tactic-drift-or-other	Erdos1075Problem
tactic-drift-or-other	Erdos1080Problem
tactic-drift-or-other	Erdos1082Problem
tactic-drift-or-other	Erdos109Problem
tactic-drift-or-other	Erdos1101Problem
tactic-drift-or-other	Erdos1108Problem
tactic-drift-or-other	Erdos110HigherCardinals
tactic-drift-or-other	Erdos1110OQ01
tactic-drift-or-other	Erdos1117Problem
tactic-drift-or-other	Erdos111Problem
tactic-drift-or-other	Erdos112Problem
tactic-drift-or-other	Erdos1132Problem
tactic-drift-or-other	Erdos1135Problem
tactic-drift-or-other	Erdos1138Problem
tactic-drift-or-other	Erdos113Problem
tactic-drift-or-other	Erdos1155OQ01
tactic-drift-or-other	Erdos1155OQ01OQ01
tactic-drift-or-other	Erdos1155OQ01OQ07
tactic-drift-or-other	Erdos1155OQ02
tactic-drift-or-other	Erdos1155Problem
tactic-drift-or-other	Erdos1158Problem
tactic-drift-or-other	Erdos1159Problem
tactic-drift-or-other	Erdos115OQ01Problem
tactic-drift-or-other	Erdos1165Problem
tactic-drift-or-other	Erdos1174Problem
tactic-drift-or-other	Erdos1177Problem
tactic-drift-or-other	Erdos127Problem
tactic-drift-or-other	Erdos129Problem
tactic-drift-or-other	Erdos12Problem
tactic-drift-or-other	Erdos130Problem
tactic-drift-or-other	Erdos130WIP01
tactic-drift-or-other	Erdos141Problem
tactic-drift-or-other	Erdos145Problem
tactic-drift-or-other	Erdos152ProblemAPN
tactic-drift-or-other	Erdos156ProblemAristotle
tactic-drift-or-other	Erdos158Problem
tactic-drift-or-other	Erdos15Problem
tactic-drift-or-other	Erdos168Problem
tactic-drift-or-other	Erdos16Problem
tactic-drift-or-other	Erdos170Problem
tactic-drift-or-other	Erdos173Problem
tactic-drift-or-other	Erdos177Problem
tactic-drift-or-other	Erdos17Problem
tactic-drift-or-other	Erdos182Problem
tactic-drift-or-other	Erdos185Problem
tactic-drift-or-other	Erdos196Problem
tactic-drift-or-other	Erdos19Problem
tactic-drift-or-other	Erdos208Problem
tactic-drift-or-other	Erdos215Problem
tactic-drift-or-other	Erdos217Problem
tactic-drift-or-other	Erdos225Aristotle
tactic-drift-or-other	Erdos229Problem
tactic-drift-or-other	Erdos230ProblemAristotle
tactic-drift-or-other	Erdos233Problem
tactic-drift-or-other	Erdos236Problem
tactic-drift-or-other	Erdos240Aristotle
tactic-drift-or-other	Erdos241Problem
tactic-drift-or-other	Erdos24Problem
tactic-drift-or-other	Erdos251Problem
tactic-drift-or-other	Erdos258Problem
tactic-drift-or-other	Erdos259Problem
tactic-drift-or-other	Erdos26Problem
tactic-drift-or-other	Erdos283Problem
tactic-drift-or-other	Erdos284Problem
tactic-drift-or-other	Erdos286Problem
tactic-drift-or-other	Erdos287Problem
tactic-drift-or-other	Erdos291Problem
tactic-drift-or-other	Erdos297Problem
tactic-drift-or-other	Erdos298Problem
tactic-drift-or-other	Erdos302Aristotle
tactic-drift-or-other	Erdos304Problem
tactic-drift-or-other	Erdos307Aristotle
tactic-drift-or-other	Erdos313Problem
tactic-drift-or-other	Erdos322Problem
tactic-drift-or-other	Erdos324Problem
tactic-drift-or-other	Erdos325Problem
tactic-drift-or-other	Erdos326Problem
tactic-drift-or-other	Erdos329Problem
tactic-drift-or-other	Erdos330Problem
tactic-drift-or-other	Erdos341Problem
tactic-drift-or-other	Erdos351Problem
tactic-drift-or-other	Erdos354Problem
tactic-drift-or-other	Erdos359Problem
tactic-drift-or-other	Erdos361Problem
tactic-drift-or-other	Erdos364Problem
tactic-drift-or-other	Erdos379Problem
tactic-drift-or-other	Erdos385Problem
tactic-drift-or-other	Erdos38Problem
tactic-drift-or-other	Erdos399Problem
tactic-drift-or-other	Erdos400Problem
tactic-drift-or-other	Erdos418Problem
tactic-drift-or-other	Erdos41Problem
tactic-drift-or-other	Erdos422Problem
tactic-drift-or-other	Erdos427Problem
tactic-drift-or-other	Erdos42Problem
tactic-drift-or-other	Erdos434Aristotle
tactic-drift-or-other	Erdos436Problem
tactic-drift-or-other	Erdos442Problem
tactic-drift-or-other	Erdos457Problem
tactic-drift-or-other	Erdos466Problem
tactic-drift-or-other	Erdos46Problem
tactic-drift-or-other	Erdos474Problem
tactic-drift-or-other	Erdos476Aristotle
tactic-drift-or-other	Erdos485Problem
tactic-drift-or-other	Erdos486Problem
tactic-drift-or-other	Erdos494Problem
tactic-drift-or-other	Erdos495Problem
tactic-drift-or-other	Erdos507Problem
tactic-drift-or-other	Erdos510Problem
tactic-drift-or-other	Erdos520Problem
tactic-drift-or-other	Erdos526Problem
tactic-drift-or-other	Erdos536Problem
tactic-drift-or-other	Erdos53Problem
tactic-drift-or-other	Erdos541Problem
tactic-drift-or-other	Erdos547Problem
tactic-drift-or-other	Erdos55Problem
tactic-drift-or-other	Erdos588Problem
tactic-drift-or-other	Erdos58Problem
tactic-drift-or-other	Erdos591Problem
tactic-drift-or-other	Erdos598Problem
tactic-drift-or-other	Erdos5Problem
tactic-drift-or-other	Erdos604Problem
tactic-drift-or-other	Erdos61Problem
tactic-drift-or-other	Erdos620Aristotle
tactic-drift-or-other	Erdos634Aristotle
tactic-drift-or-other	Erdos634Problem
tactic-drift-or-other	Erdos638Problem
tactic-drift-or-other	Erdos639Problem
tactic-drift-or-other	Erdos63Problem
tactic-drift-or-other	Erdos645Problem
tactic-drift-or-other	Erdos646Problem
tactic-drift-or-other	Erdos64Problem
tactic-drift-or-other	Erdos654Problem
tactic-drift-or-other	Erdos656Problem
tactic-drift-or-other	Erdos65Problem
tactic-drift-or-other	Erdos660Aristotle
tactic-drift-or-other	Erdos665Problem
tactic-drift-or-other	Erdos666Problem
tactic-drift-or-other	Erdos66Problem
tactic-drift-or-other	Erdos672Problem
tactic-drift-or-other	Erdos67Problem
tactic-drift-or-other	Erdos685Problem
tactic-drift-or-other	Erdos698Problem
tactic-drift-or-other	Erdos6Problem
tactic-drift-or-other	Erdos706Problem
tactic-drift-or-other	Erdos707Problem
tactic-drift-or-other	Erdos70Problem
tactic-drift-or-other	Erdos71Problem
tactic-drift-or-other	Erdos721Problem
tactic-drift-or-other	Erdos723Problem
tactic-drift-or-other	Erdos738Problem
tactic-drift-or-other	Erdos753Problem
tactic-drift-or-other	Erdos758Problem
tactic-drift-or-other	Erdos75Problem
tactic-drift-or-other	Erdos760Problem
tactic-drift-or-other	Erdos761Problem
tactic-drift-or-other	Erdos762Problem
tactic-drift-or-other	Erdos765Problem
tactic-drift-or-other	Erdos768Problem
tactic-drift-or-other	Erdos769Problem
tactic-drift-or-other	Erdos779Problem
tactic-drift-or-other	Erdos77Problem
tactic-drift-or-other	Erdos786Problem
tactic-drift-or-other	Erdos788Problem
tactic-drift-or-other	Erdos795Aristotle
tactic-drift-or-other	Erdos797Problem
tactic-drift-or-other	Erdos811Problem
tactic-drift-or-other	Erdos819Problem
tactic-drift-or-other	Erdos830Problem
tactic-drift-or-other	Erdos835Problem
tactic-drift-or-other	Erdos845Problem
tactic-drift-or-other	Erdos849Problem
tactic-drift-or-other	Erdos84Problem
tactic-drift-or-other	Erdos851Problem
tactic-drift-or-other	Erdos855Problem
tactic-drift-or-other	Erdos869Problem
tactic-drift-or-other	Erdos870Aristotle
tactic-drift-or-other	Erdos870Problem
tactic-drift-or-other	Erdos872Problem
tactic-drift-or-other	Erdos873Problem
tactic-drift-or-other	Erdos87Problem
tactic-drift-or-other	Erdos885Problem
tactic-drift-or-other	Erdos888Problem
tactic-drift-or-other	Erdos889Problem
tactic-drift-or-other	Erdos895CounterexampleFin18
tactic-drift-or-other	Erdos895OQ01Problem
tactic-drift-or-other	Erdos895Problem
tactic-drift-or-other	Erdos895ProblemAristotle
tactic-drift-or-other	Erdos89Problem
tactic-drift-or-other	Erdos8OQ02
tactic-drift-or-other	Erdos904Problem
tactic-drift-or-other	Erdos906Problem
tactic-drift-or-other	Erdos915Problem
tactic-drift-or-other	Erdos918Problem
tactic-drift-or-other	Erdos926Problem
tactic-drift-or-other	Erdos92Problem
tactic-drift-or-other	Erdos930Problem
tactic-drift-or-other	Erdos939Problem
tactic-drift-or-other	Erdos942Problem
tactic-drift-or-other	Erdos944Problem
tactic-drift-or-other	Erdos945Problem
tactic-drift-or-other	Erdos946Problem
tactic-drift-or-other	Erdos953Problem
tactic-drift-or-other	Erdos954Problem
tactic-drift-or-other	Erdos970Problem
tactic-drift-or-other	Erdos971Problem
tactic-drift-or-other	Erdos979Problem
tactic-drift-or-other	Erdos97Problem
tactic-drift-or-other	Erdos984Problem
tactic-drift-or-other	Erdos992Problem
tactic-drift-or-other	Erdos995Problem
tactic-drift-or-other	Erdos996Problem
tactic-drift-or-other	EulerPolyhedralFormula
tactic-drift-or-other	EulerPolyhedralOQ01OQ04
tactic-drift-or-other	EulerTotientOQ01OQ01OQ01
tactic-drift-or-other	EulerTotientOQ01OQ02OQ01
tactic-drift-or-other	EulerTotientOQ01OQ02OQ02
tactic-drift-or-other	EulerTotientOQ02OQ01
tactic-drift-or-other	FactorRemainderTheoremOQ01OQ01OQ02
tactic-drift-or-other	FatouLemmaOQ01OQ02
tactic-drift-or-other	FeuerbachsTheoremOQ01Aristotle
tactic-drift-or-other	FiveColorTheorem
tactic-drift-or-other	FourColorTheorem
tactic-drift-or-other	FourColorTheoremOQ02
tactic-drift-or-other	FourierSeriesOQ02
tactic-drift-or-other	FourierSeriesOQ02Incomplete01
tactic-drift-or-other	FourierSeriesOQ02OQ02
tactic-drift-or-other	FourierSeriesOQ02OQ03WIP01
tactic-drift-or-other	FourierSeriesOQ02OQ04
tactic-drift-or-other	FourierSeriesOQ04
tactic-drift-or-other	FriendshipTheoremOQ04Amalgam
tactic-drift-or-other	FundamentalTheoremAlgebraOQ04OQ03OQ01OQ01
tactic-drift-or-other	FundamentalTheoremAlgebraOQ04OQ03OQ01OQ02
tactic-drift-or-other	FundamentalTheoremCalculusLebesgueOQ04
tactic-drift-or-other	GeneralQuartic
tactic-drift-or-other	GeneralQuarticAxiomsDischarge
tactic-drift-or-other	GeometricSeriesOQ07
tactic-drift-or-other	GeometricSeriesOQ07OQ01OQ01OQ01OQ06OQ01
tactic-drift-or-other	GeometricSeriesOQ07OQ02
tactic-drift-or-other	GeometricSeriesOQ10
tactic-drift-or-other	HermiteFloorIdentity
tactic-drift-or-other	HermiteFloorIdentityOQ01
tactic-drift-or-other	HermiteFloorIdentityOQ02
tactic-drift-or-other	HermiteFloorIdentityOQ03
tactic-drift-or-other	HermiteLegendreFactorial
tactic-drift-or-other	HermiteLegendreFactorialOQ01
tactic-drift-or-other	HermiteSawtoothIdentity
tactic-drift-or-other	HermiteSawtoothIdentityOQ02
tactic-drift-or-other	Hilbert11_QuadraticFormsAristotle
tactic-drift-or-other	Hilbert14Invariants
tactic-drift-or-other	Hilbert22OQ01
tactic-drift-or-other	Hilbert22OQ01OQ03
tactic-drift-or-other	Hilbert22OQ01OQ03Universal
tactic-drift-or-other	Hilbert23CalculusVariations
tactic-drift-or-other	Hilbert9Reciprocity
tactic-drift-or-other	InclusionExclusion
tactic-drift-or-other	InverseGaloisA5OQ02
tactic-drift-or-other	IsoperimetricTheorem
tactic-drift-or-other	KnightsTourObliqueOQ01
tactic-drift-or-other	KnightsTourObliqueOQ01OQ02
tactic-drift-or-other	KonigsbergOQ01
tactic-drift-or-other	LagrangeTheoremOQ03
tactic-drift-or-other	LawOfCosinesOQ01OQ01OQ01
tactic-drift-or-other	LebesgueMeasureOQ01
tactic-drift-or-other	LebesgueMeasureOQ01OQ01OQ01OQ02
tactic-drift-or-other	LebesgueMeasureOQ03
tactic-drift-or-other	LebesgueMeasureOQ03OQ01
tactic-drift-or-other	LeibnizPiOQ03
tactic-drift-or-other	LittleWedderburnOQ01OQ02
tactic-drift-or-other	LovaszLocalLemmaOQ01StrongInduction
tactic-drift-or-other	LovaszLocalLemmaOQ01SymmetricStep
tactic-drift-or-other	MaschkeModularCounterexampleOQ01
tactic-drift-or-other	MinkowskiFundamentalTheoremOQ02
tactic-drift-or-other	MinkowskiTheoremOQ04OQ03
tactic-drift-or-other	NewtonIndStep2
tactic-drift-or-other	PACLearning
tactic-drift-or-other	PicksTheoremOQ01
tactic-drift-or-other	PicksTheoremOQ01OQ02
tactic-drift-or-other	PicksTheoremOQ03
tactic-drift-or-other	PlatonicSolidsOQ02
tactic-drift-or-other	PrimitiveRootsOQ03
tactic-drift-or-other	ProbMethodSecondMomentOQ01
tactic-drift-or-other	PtolemysTheoremOQ01Incomplete01
tactic-drift-or-other	PythagoreanTheoremOQ01
tactic-drift-or-other	PythagoreanTriplesOQ02
tactic-drift-or-other	RandomizedMaxcutOQ02
tactic-drift-or-other	RandomizedMaxcutOQ04
tactic-drift-or-other	RothTheoremOQ03OQ01OQ01
tactic-drift-or-other	RothTheoremOQ03OQ01OQ01OQ01
tactic-drift-or-other	RothTheoremOQ03OQ01OQ01OQ01OQ01
tactic-drift-or-other	SchroederBernsteinOQ01
tactic-drift-or-other	ShannonChannelCodingAWGNOQ03OQ01EqualNoise
tactic-drift-or-other	ShannonEntropyOQ02
tactic-drift-or-other	SolutionOfCubicOQ03OQ01
tactic-drift-or-other	SolutionOfCubicOQ03OQ02
tactic-drift-or-other	SolutionOfCubicOQ05
tactic-drift-or-other	SophieGermain
tactic-drift-or-other	SophieGermainOQ02
tactic-drift-or-other	SpectralTraceDetEigenvaluesOQ01OQ01
tactic-drift-or-other	SpectralTraceDetEigenvaluesOQ01OQ01OQ02OQ02
tactic-drift-or-other	SpectralTraceDetEigenvaluesOQ02
tactic-drift-or-other	SpernerTuckerAntipodalMatchingSeed
tactic-drift-or-other	SpernerTuckerDoorGraph
tactic-drift-or-other	SpernerTuckerDoorGraphTower
tactic-drift-or-other	SpernerTuckerHexagonDirectedEngine
tactic-drift-or-other	SpernerTuckerHexagonPseudomanifold
tactic-drift-or-other	SpernerTuckerSimplexBoundaryDoorGraph
tactic-drift-or-other	SpernerTuckerSimplexBoundaryPseudomanifold
tactic-drift-or-other	SpernerTuckerSimplexFacetPair
tactic-drift-or-other	SumOfKthPowersOQ03
tactic-drift-or-other	SumOfOddsStatementOnly
tactic-drift-or-other	SylowTheoremsOQ05
tactic-drift-or-other	SylvesterSequenceOQ01OQ03
tactic-drift-or-other	SzemerediHypergraphCore
tactic-drift-or-other	SzemerediHypergraphGowers
tactic-drift-or-other	TaxicabNumberOQ01
tactic-drift-or-other	TestApi1148
tactic-drift-or-other	TestApi423
tactic-drift-or-other	TestApi457
tactic-drift-or-other	TestApi913
tactic-drift-or-other	TractatusQuantifiers
tactic-drift-or-other	TriangleInequalityOQ04
tactic-drift-or-other	UnitDistanceIndependence
tactic-drift-or-other	UnitDistanceIndependenceOQ04
tactic-drift-or-other	UnitDistanceIndependenceOQ04Embed
tactic-drift-or-other	WilsonsTheoremOQ07
tactic-drift-or-other	WolstenholmeTheoremOQ01
tactic-drift-or-other	WolstenholmeTheoremOQ03
tactic-drift-or-other	YangMills2DOQ01
tactic-drift-or-other	ZsqrtdNegTwoOQ03
tactic-drift-or-other	ZsqrtdNegTwoOQ03OQ01
tactic-drift-or-other	ZsqrtdNegTwoOQ03OQ06
tactic-unsolved-goals	AbelRuffiniOQ07Order6
tactic-unsolved-goals	AmgmInequalityOQ02OQ01OQ02
tactic-unsolved-goals	AngleTrisectionOQ02OQ03Ext
tactic-unsolved-goals	AreaOfCircleOQ01OQ03Aristotle
tactic-unsolved-goals	AreaOfCircleOQ03OQ03OQ02
tactic-unsolved-goals	ArithmeticSeriesOQ00OQ02
tactic-unsolved-goals	ArithmeticSeriesOQ02OQ02OQ03OQ01
tactic-unsolved-goals	BallVolumeSurfaceDuality
tactic-unsolved-goals	BallotProblemOQ03OQ02OQ01
tactic-unsolved-goals	BallotProblemOQ03OQ02OQ03
tactic-unsolved-goals	BaselProblemOQ01OQ01OQ02Aristotle
tactic-unsolved-goals	BernoulliInequalityOQ01OQ02
tactic-unsolved-goals	BinomialTheoremOQ03OQ02OQ03
tactic-unsolved-goals	BorsukUlamOQ03
tactic-unsolved-goals	BoundedPrimeGapsOQ04
tactic-unsolved-goals	BoundedPrimeGapsOQ04OQ01Aristotle
tactic-unsolved-goals	BoundedPrimeGapsOQ04OQ02
tactic-unsolved-goals	BrianchonTheoremOQ01OQ02
tactic-unsolved-goals	BuffonsNeedleOQ01OQ01OQ04OQ01OQ01OQ01
tactic-unsolved-goals	BuffonsNoodleOQ03OQ01
tactic-unsolved-goals	BurnsideCountingOQ03OQ03
tactic-unsolved-goals	CauchyInterlacingWeylDual
tactic-unsolved-goals	CauchySchwarzIntegralOQ01OQ01OQ01OQ02
tactic-unsolved-goals	CauchySchwarzIntegralOQ01OQ01OQ01OQ02OQ03
tactic-unsolved-goals	CentralLimitTheoremOQ01OQ01
tactic-unsolved-goals	CentralLimitTheoremOQ01OQ01OQ04
tactic-unsolved-goals	CevasTheoremOQ01OQ03
tactic-unsolved-goals	ChebyshevBoundsOQ04Aristotle
tactic-unsolved-goals	CircumferenceViaDifferentiationOQ01
tactic-unsolved-goals	CircumferenceViaDifferentiationOQ02
tactic-unsolved-goals	CircumferenceViaDifferentiationOQ03
tactic-unsolved-goals	CombinationsFormulaOQ02
tactic-unsolved-goals	CombinationsFormulaOQ03OQ06
tactic-unsolved-goals	CubeRoot3IrrationalOQ02OQ02
tactic-unsolved-goals	DedekindFrobeniusBridge
tactic-unsolved-goals	DerangementsConvergence
tactic-unsolved-goals	DerangementsConvergenceOQ01
tactic-unsolved-goals	DerangementsConvergenceOQ01OQ01
tactic-unsolved-goals	DerangementsConvergenceOQ02
tactic-unsolved-goals	DerangementsConvergenceOQ02OQ01
tactic-unsolved-goals	DerangementsConvergenceOQ03
tactic-unsolved-goals	DerangementsConvergenceOQ03OQ01
tactic-unsolved-goals	DerangementsConvergenceOQ03OQ01OQ02
tactic-unsolved-goals	DerangementsConvergenceOQ03OQ03
tactic-unsolved-goals	DerangementsConvergenceOQ06
tactic-unsolved-goals	DerangementsConvergenceOQ06OQ01
tactic-unsolved-goals	DerangementsOQ03
tactic-unsolved-goals	DerangementsOQ03OQ02
tactic-unsolved-goals	DerangementsOQ04OQ01OQ01
tactic-unsolved-goals	DesarguesTheoremOQ01OQ01
tactic-unsolved-goals	DiamondImpliesCH
tactic-unsolved-goals	DivisibilityBy3OQ03OQ02
tactic-unsolved-goals	ElementaryQuadraticReciprocityOQ01OQ03
tactic-unsolved-goals	ElementaryQuadraticReciprocityOQ01OQ03OQ01
tactic-unsolved-goals	ElementaryQuadraticReciprocityOQ01OQ03OQ01OQ01
tactic-unsolved-goals	ElementaryQuadraticReciprocityOQ01OQ03OQ01OQ01OQ01
tactic-unsolved-goals	ElementaryQuadraticReciprocityOQ01OQ03OQ01OQ01OQ01OQ01
tactic-unsolved-goals	ElementaryQuadraticReciprocityOQ01OQ03OQ01OQ01OQ01OQ01OQ01
tactic-unsolved-goals	ElementaryQuadraticReciprocityOQ01OQ03OQ01OQ01OQ01OQ01OQ01OQ01
tactic-unsolved-goals	ElementaryQuadraticReciprocityOQ01OQ03OQ01OQ01OQ01OQ01OQ01OQ01OQ02
tactic-unsolved-goals	ElementaryQuadraticReciprocityOQ01OQ03OQ01OQ01OQ01OQ01OQ01OQ02
tactic-unsolved-goals	ElementaryQuadraticReciprocityOQ01OQ03OQ01OQ01OQ01OQ01OQ01OQ02OQ01
tactic-unsolved-goals	ElementaryQuadraticReciprocityOQ01OQ03OQ01OQ01OQ01OQ01OQ01OQ02OQ02
tactic-unsolved-goals	Erdos1002OQ01OQ01Aristotle
tactic-unsolved-goals	Erdos1003OQ02
tactic-unsolved-goals	Erdos1009Problem
tactic-unsolved-goals	Erdos1040Convex
tactic-unsolved-goals	Erdos10OQ01
tactic-unsolved-goals	Erdos1107Problem
tactic-unsolved-goals	Erdos1124Problem
tactic-unsolved-goals	Erdos1125Problem
tactic-unsolved-goals	Erdos1170Problem
tactic-unsolved-goals	Erdos1206Problem
tactic-unsolved-goals	Erdos179ProblemAristotle
tactic-unsolved-goals	Erdos199Problem
tactic-unsolved-goals	Erdos203Problem
tactic-unsolved-goals	Erdos225Problem
tactic-unsolved-goals	Erdos249OQ01
tactic-unsolved-goals	Erdos249Problem
tactic-unsolved-goals	Erdos285Problem
tactic-unsolved-goals	Erdos306Problem
tactic-unsolved-goals	Erdos315Problem
tactic-unsolved-goals	Erdos355Problem
tactic-unsolved-goals	Erdos360Aristotle
tactic-unsolved-goals	Erdos360Problem
tactic-unsolved-goals	Erdos381Problem
tactic-unsolved-goals	Erdos381ProblemAristotle
tactic-unsolved-goals	Erdos397Problem
tactic-unsolved-goals	Erdos3LogHarmonic
tactic-unsolved-goals	Erdos3Problem
tactic-unsolved-goals	Erdos416Problem
tactic-unsolved-goals	Erdos441Aristotle
tactic-unsolved-goals	Erdos503Problem
tactic-unsolved-goals	Erdos519Problem
tactic-unsolved-goals	Erdos52Problem
tactic-unsolved-goals	Erdos540Problem
tactic-unsolved-goals	Erdos542Problem
tactic-unsolved-goals	Erdos587Problem
tactic-unsolved-goals	Erdos688Problem
tactic-unsolved-goals	Erdos694Problem
tactic-unsolved-goals	Erdos69Problem
tactic-unsolved-goals	Erdos74Problem
tactic-unsolved-goals	Erdos798Aristotle
tactic-unsolved-goals	Erdos812Problem
tactic-unsolved-goals	Erdos911Problem
tactic-unsolved-goals	Erdos932Problem
tactic-unsolved-goals	Erdos934ProblemAristotle
tactic-unsolved-goals	Erdos937Problem
tactic-unsolved-goals	Erdos956Aristotle
tactic-unsolved-goals	EulerIdentityOQ01
tactic-unsolved-goals	FeuerbachsTheoremOQ04TangentLine
tactic-unsolved-goals	FourSquareDistributionOQ01
tactic-unsolved-goals	FourierSeriesOQ02OQ03
tactic-unsolved-goals	FriendshipTheoremOQ01OQ02
tactic-unsolved-goals	GreensTheoremOQ01OQ01OQ01OQ01
tactic-unsolved-goals	Hilbert17RobinsonRationalSOS
tactic-unsolved-goals	HodgeConjecture
tactic-unsolved-goals	IncidenceCauchySchwarzDual
tactic-unsolved-goals	LagrangeFourSquaresOQ02
tactic-unsolved-goals	LagrangeFourSquaresOQ04
tactic-unsolved-goals	LiouvilleTheoremOQ04
tactic-unsolved-goals	MeanValueTheoremOQ04OQ03
tactic-unsolved-goals	PappusTheoremOQ02
tactic-unsolved-goals	PowerMeanLimitOQ
tactic-unsolved-goals	ProbMethodExpectationOQ01
tactic-unsolved-goals	PythagoreanTheoremOQ05
tactic-unsolved-goals	QuadraticReciprocityAlgorithmOQ03
tactic-unsolved-goals	QuadraticReciprocityAlgorithmOQ03FieldBridge
tactic-unsolved-goals	QuadraticReciprocityAlgorithmOQ03M2
tactic-unsolved-goals	QuadraticReciprocityAlgorithmOQ03M2Capstone
tactic-unsolved-goals	QuadraticReciprocityAlgorithmOQ03Zolotarev
tactic-unsolved-goals	ShannonSourceCodingOQ02
tactic-unsolved-goals	SolutionOfCubicOQ03OQ05
tactic-unsolved-goals	Sqrt2MinpolyOQ01OQ02
tactic-unsolved-goals	StirlingExpansion
tactic-unsolved-goals	StirlingExpansionAristotle
tactic-unsolved-goals	SylowTheoremOQ05
tactic-unsolved-goals	TestApi1159c
tactic-unsolved-goals	TestSphereLocEuc
tactic-unsolved-goals	TestZetaNonzero
tactic-unsolved-goals	VietasFormulasOQ03OQ01
transitive-dep-failed	AbelRuffiniGaloisExtensionsOQ04OQ03
transitive-dep-failed	AlgebraicNumbersCountableOQ04
transitive-dep-failed	AmgmInequalityOQ02Aristotle
transitive-dep-failed	AreaOfCircleOQ03OQ03
transitive-dep-failed	BallotProblemOQ01OQ02OQ04
transitive-dep-failed	BaselProblemOQ01OQ02
transitive-dep-failed	BaselProblemOQ02Aristotle
transitive-dep-failed	BaselProblemOQ04OQ03
transitive-dep-failed	BertrandsPostulateOQ03OQ04OQ01
transitive-dep-failed	BezoutIdentityOQ04OQ01OQ01
transitive-dep-failed	BinomialTheoremOQ02OQ01OQ02OQ03
transitive-dep-failed	BorsukUlamOQ02OQ01OQ01OQ02
transitive-dep-failed	BorsukUlamOQ02OQ01OQ01OQ02OQ03
transitive-dep-failed	BorsukUlamOQ02OQ01OQ01OQ02OQ03OQ01
transitive-dep-failed	BorsukUlamOQ02OQ01OQ04
transitive-dep-failed	BorsukUlamOQ02OQ01OQ04OQ01
transitive-dep-failed	CantorDiagonalizationOQ03
transitive-dep-failed	CantorDiagonalizationOQ04OQ03
transitive-dep-failed	CantorDiagonalizationOQ04OQ03Aristotle
transitive-dep-failed	CayleyHamiltonMinpolyOQ02OQ01OQ02
transitive-dep-failed	CayleyHamiltonMinpolyOQ02OQ03
transitive-dep-failed	CentralLimitTheoremOQ01OQ03
transitive-dep-failed	CoprimeKTupleDensity
transitive-dep-failed	CubeRoot10Irrational
transitive-dep-failed	CubeRoot2Irrational
transitive-dep-failed	CubeRoot3Irrational
transitive-dep-failed	CubeRoot3IrrationalOQ02
transitive-dep-failed	CubeRoot3IrrationalOQ03
transitive-dep-failed	CubeRoot3IrrationalOQ03OQ01
transitive-dep-failed	CubeRoot3IrrationalOQ03OQ02
transitive-dep-failed	CubeRoot3IrrationalOQ03OQ03
transitive-dep-failed	CubeRoot3IrrationalOQ04
transitive-dep-failed	CubeRoot3IrrationalOQ04A12
transitive-dep-failed	CubeRoot3IrrationalOQ04Degree
transitive-dep-failed	CubeRoot3IrrationalOQ04Helpers
transitive-dep-failed	CubeRoot3IrrationalOQ04Mobius
transitive-dep-failed	CubeRoot3IrrationalOQ04NotQuadratic
transitive-dep-failed	CubeRoot3IrrationalOQ04Stream
transitive-dep-failed	CubeRoot3IrrationalOQ04StreamCanonical
transitive-dep-failed	CubeRoot5Irrational
transitive-dep-failed	CubeRoot6Irrational
transitive-dep-failed	CubeRoot7Irrational
transitive-dep-failed	CubeRoot9Irrational
transitive-dep-failed	DeMoivre
transitive-dep-failed	ETranscendentalOQ01
transitive-dep-failed	ETranscendentalOQ01OQ01
transitive-dep-failed	ETranscendentalOQ02
transitive-dep-failed	ETranscendentalOQ02OQ06
transitive-dep-failed	ETranscendentalOQ02Rational
transitive-dep-failed	ETranscendentalOQ03
transitive-dep-failed	Erdos1005Problem
transitive-dep-failed	Erdos1032Problem
transitive-dep-failed	Erdos1042Problem
transitive-dep-failed	Erdos1045Problem
transitive-dep-failed	Erdos1059OQ04
transitive-dep-failed	Erdos1066Problem
transitive-dep-failed	Erdos1073Problem
transitive-dep-failed	Erdos1098OQ01
transitive-dep-failed	Erdos1098OQ01OQ01
transitive-dep-failed	Erdos1098OQ03
transitive-dep-failed	Erdos1098Problem
transitive-dep-failed	Erdos1112Problem
transitive-dep-failed	Erdos1113Problem
transitive-dep-failed	Erdos1114Problem
transitive-dep-failed	Erdos1121Problem
transitive-dep-failed	Erdos1123Problem
transitive-dep-failed	Erdos1132Aristotle
transitive-dep-failed	Erdos1149Problem
transitive-dep-failed	Erdos115Problem
transitive-dep-failed	Erdos1162Problem
transitive-dep-failed	Erdos117Problem
transitive-dep-failed	Erdos1183Problem
transitive-dep-failed	Erdos1196Problem
transitive-dep-failed	Erdos119Problem
transitive-dep-failed	Erdos1213Problem
transitive-dep-failed	Erdos1214Problem
transitive-dep-failed	Erdos124Problem
transitive-dep-failed	Erdos125Problem
transitive-dep-failed	Erdos126Problem
transitive-dep-failed	Erdos144Problem
transitive-dep-failed	Erdos148Problem
transitive-dep-failed	Erdos150Problem
transitive-dep-failed	Erdos152OQ01
transitive-dep-failed	Erdos152Problem
transitive-dep-failed	Erdos164Problem
transitive-dep-failed	Erdos169Problem
transitive-dep-failed	Erdos178Problem
transitive-dep-failed	Erdos194Problem
transitive-dep-failed	Erdos209Problem
transitive-dep-failed	Erdos210Problem
transitive-dep-failed	Erdos211Problem
transitive-dep-failed	Erdos21Problem
transitive-dep-failed	Erdos220Aristotle
transitive-dep-failed	Erdos220Problem
transitive-dep-failed	Erdos220ProblemProvable
transitive-dep-failed	Erdos221Problem
transitive-dep-failed	Erdos222Problem
transitive-dep-failed	Erdos223Problem
transitive-dep-failed	Erdos231Problem
transitive-dep-failed	Erdos234Problem
transitive-dep-failed	Erdos237Problem
transitive-dep-failed	Erdos239Problem
transitive-dep-failed	Erdos242Problem
transitive-dep-failed	Erdos246Problem
transitive-dep-failed	Erdos247Problem
transitive-dep-failed	Erdos254Problem
transitive-dep-failed	Erdos257Problem
transitive-dep-failed	Erdos262Problem
transitive-dep-failed	Erdos263Problem
transitive-dep-failed	Erdos264Problem
transitive-dep-failed	Erdos270Problem
transitive-dep-failed	Erdos272Problem
transitive-dep-failed	Erdos274Problem
transitive-dep-failed	Erdos27Problem
transitive-dep-failed	Erdos281Problem
transitive-dep-failed	Erdos288Problem
transitive-dep-failed	Erdos292Problem
transitive-dep-failed	Erdos293Problem
transitive-dep-failed	Erdos294Problem
transitive-dep-failed	Erdos300Problem
transitive-dep-failed	Erdos302Problem
transitive-dep-failed	Erdos308Problem
transitive-dep-failed	Erdos309Problem
transitive-dep-failed	Erdos310Problem
transitive-dep-failed	Erdos319Problem
transitive-dep-failed	Erdos320Problem
transitive-dep-failed	Erdos321ProblemR1
transitive-dep-failed	Erdos323Problem
transitive-dep-failed	Erdos328Problem
transitive-dep-failed	Erdos333Problem
transitive-dep-failed	Erdos337Aristotle
transitive-dep-failed	Erdos337Problem
transitive-dep-failed	Erdos338Aristotle
transitive-dep-failed	Erdos338Problem
transitive-dep-failed	Erdos339Aristotle
transitive-dep-failed	Erdos339Problem
transitive-dep-failed	Erdos343Problem
transitive-dep-failed	Erdos344Problem
transitive-dep-failed	Erdos346Problem
transitive-dep-failed	Erdos357Problem
transitive-dep-failed	Erdos35Problem
transitive-dep-failed	Erdos362Problem
transitive-dep-failed	Erdos372Problem
transitive-dep-failed	Erdos375Problem
transitive-dep-failed	Erdos377Problem
transitive-dep-failed	Erdos388Problem
transitive-dep-failed	Erdos391Problem
transitive-dep-failed	Erdos394Problem
transitive-dep-failed	Erdos403Problem
transitive-dep-failed	Erdos419Problem
transitive-dep-failed	Erdos439Problem
transitive-dep-failed	Erdos440Problem
transitive-dep-failed	Erdos443Problem
transitive-dep-failed	Erdos445Problem
transitive-dep-failed	Erdos446Problem
transitive-dep-failed	Erdos449Problem
transitive-dep-failed	Erdos452Problem
transitive-dep-failed	Erdos456Aristotle
transitive-dep-failed	Erdos456Problem
transitive-dep-failed	Erdos459Problem
transitive-dep-failed	Erdos468Problem
transitive-dep-failed	Erdos471Problem
transitive-dep-failed	Erdos473Problem
transitive-dep-failed	Erdos47Problem
transitive-dep-failed	Erdos481Problem
transitive-dep-failed	Erdos487Problem
transitive-dep-failed	Erdos489Problem
transitive-dep-failed	Erdos491Problem
transitive-dep-failed	Erdos492Problem
transitive-dep-failed	Erdos496Problem
transitive-dep-failed	Erdos499Problem
transitive-dep-failed	Erdos501Aristotle
transitive-dep-failed	Erdos501Problem
transitive-dep-failed	Erdos501ProblemProvable
transitive-dep-failed	Erdos502Problem
transitive-dep-failed	Erdos506Problem
transitive-dep-failed	Erdos512Aristotle
transitive-dep-failed	Erdos512Problem
transitive-dep-failed	Erdos51Problem
transitive-dep-failed	Erdos523Problem
transitive-dep-failed	Erdos525Problem
transitive-dep-failed	Erdos531Problem
transitive-dep-failed	Erdos532Problem
transitive-dep-failed	Erdos539Problem
transitive-dep-failed	Erdos543Problem
transitive-dep-failed	Erdos562Problem
transitive-dep-failed	Erdos569Problem
transitive-dep-failed	Erdos576Problem
transitive-dep-failed	Erdos581Problem
transitive-dep-failed	Erdos593Problem
transitive-dep-failed	Erdos594Problem
transitive-dep-failed	Erdos599Problem
transitive-dep-failed	Erdos605Problem
transitive-dep-failed	Erdos607Problem
transitive-dep-failed	Erdos618Problem
transitive-dep-failed	Erdos622OQ04
transitive-dep-failed	Erdos622Problem
transitive-dep-failed	Erdos623Aristotle
transitive-dep-failed	Erdos623Problem
transitive-dep-failed	Erdos623ProblemAristotle
transitive-dep-failed	Erdos643Problem
transitive-dep-failed	Erdos644Problem
transitive-dep-failed	Erdos644ProblemAristotle
transitive-dep-failed	Erdos657Problem
transitive-dep-failed	Erdos664Problem
transitive-dep-failed	Erdos674Problem
transitive-dep-failed	Erdos674ProblemAristotle
transitive-dep-failed	Erdos679Problem
transitive-dep-failed	Erdos679ProblemAristotle
transitive-dep-failed	Erdos691Problem
transitive-dep-failed	Erdos692Problem
transitive-dep-failed	Erdos701Problem
transitive-dep-failed	Erdos704Problem
transitive-dep-failed	Erdos710Problem
transitive-dep-failed	Erdos711Problem
transitive-dep-failed	Erdos712Problem
transitive-dep-failed	Erdos713Problem
transitive-dep-failed	Erdos725Problem
transitive-dep-failed	Erdos72Problem
transitive-dep-failed	Erdos734Problem
transitive-dep-failed	Erdos763Problem
transitive-dep-failed	Erdos774Problem
transitive-dep-failed	Erdos785Problem
transitive-dep-failed	Erdos792Problem
transitive-dep-failed	Erdos804Problem
transitive-dep-failed	Erdos806Problem
transitive-dep-failed	Erdos821Problem
transitive-dep-failed	Erdos823Problem
transitive-dep-failed	Erdos825Problem
transitive-dep-failed	Erdos826Problem
transitive-dep-failed	Erdos829Problem
transitive-dep-failed	Erdos831Problem
transitive-dep-failed	Erdos843Problem
transitive-dep-failed	Erdos858Problem
transitive-dep-failed	Erdos859Problem
transitive-dep-failed	Erdos859ProblemAristotle
transitive-dep-failed	Erdos860Problem
transitive-dep-failed	Erdos860ProblemAristotle
transitive-dep-failed	Erdos861Problem
transitive-dep-failed	Erdos865Problem
transitive-dep-failed	Erdos867Problem
transitive-dep-failed	Erdos876Problem
transitive-dep-failed	Erdos878Problem
transitive-dep-failed	Erdos879Problem
transitive-dep-failed	Erdos880Problem
transitive-dep-failed	Erdos886Problem
transitive-dep-failed	Erdos894Problem
transitive-dep-failed	Erdos901Aristotle
transitive-dep-failed	Erdos901Problem
transitive-dep-failed	Erdos901ProblemAristotle
transitive-dep-failed	Erdos907Problem
transitive-dep-failed	Erdos908Problem
transitive-dep-failed	Erdos912Problem
transitive-dep-failed	Erdos914Problem
transitive-dep-failed	Erdos933Problem
transitive-dep-failed	Erdos933ProblemAristotle
transitive-dep-failed	Erdos935Problem
transitive-dep-failed	Erdos940Problem
transitive-dep-failed	Erdos947Problem
transitive-dep-failed	Erdos957Problem
transitive-dep-failed	Erdos961Problem
transitive-dep-failed	Erdos964Problem
transitive-dep-failed	Erdos969Problem
transitive-dep-failed	Erdos973Problem
transitive-dep-failed	Erdos974Problem
transitive-dep-failed	Erdos977Problem
transitive-dep-failed	Erdos978Problem
transitive-dep-failed	Erdos980Problem
transitive-dep-failed	Erdos981Problem
transitive-dep-failed	Erdos987Problem
transitive-dep-failed	Erdos988Problem
transitive-dep-failed	Erdos997Problem
transitive-dep-failed	Erdos998Problem
transitive-dep-failed	Erdos999Problem
transitive-dep-failed	Erdos99Problem
transitive-dep-failed	Erdos9Problem
transitive-dep-failed	EulerTotientOQ02
transitive-dep-failed	FactorRemainderNullstellensatzOQ02
transitive-dep-failed	FriendshipTheoremOQ03
transitive-dep-failed	GelfondSchneider
transitive-dep-failed	GeometricSeries
transitive-dep-failed	GeometricSeriesOQ01
transitive-dep-failed	GeometricSeriesOQ01Neumann
transitive-dep-failed	GeometricSeriesOQ01OQ02
transitive-dep-failed	GeometricSeriesOQ02OQ05
transitive-dep-failed	GeometricSeriesOQ03
transitive-dep-failed	GeometricSeriesOQ08
transitive-dep-failed	HermiteLindemann
transitive-dep-failed	Hilbert11OQ01Aristotle
transitive-dep-failed	Hilbert14NonReductive
transitive-dep-failed	Hilbert17OQ01
transitive-dep-failed	Hilbert20BoundaryValue
transitive-dep-failed	Hilbert3ScissorsCongruence
transitive-dep-failed	Hilbert9CyclotomicReciprocity
transitive-dep-failed	Hilbert9QuadraticSubfield
transitive-dep-failed	LawOfSinesOQ06
transitive-dep-failed	LawsOfLargeNumbersOQ01Aristotle
transitive-dep-failed	LawsOfLargeNumbersOQ01OQ01
transitive-dep-failed	LawsOfLargeNumbersOQ01OQ03
transitive-dep-failed	LeibnizPi
transitive-dep-failed	LeibnizPiOQ02
transitive-dep-failed	LeibnizPiOQ02Aristotle
transitive-dep-failed	LiouvilleTheorem
transitive-dep-failed	NapoleonsTheorem
transitive-dep-failed	NapoleonsTheoremOQ02
transitive-dep-failed	NapoleonsTheoremOQ03
transitive-dep-failed	NewtonInductiveStepOQ03
transitive-dep-failed	PartitionTheorem
transitive-dep-failed	PiTranscendental
transitive-dep-failed	PrimeNumberTheoremOQ01OQ01
transitive-dep-failed	RamseyHypergraph
transitive-dep-failed	RiemannHypothesis
transitive-dep-failed	RiemannHypothesisConsequences
transitive-dep-failed	SchauderFixedPointOQ03OQ01
transitive-dep-failed	SophieGermainOQ01
transitive-dep-failed	Sqrt2Irrational
transitive-dep-failed	Sqrt2PlusSqrt3Irrational
transitive-dep-failed	Sqrt2PlusSqrt3PlusSqrt5IrrationalOQ01
transitive-dep-failed	Sqrt2PlusSqrt3PlusSqrt5IrrationalOQ02
transitive-dep-failed	StirlingFormula
transitive-dep-failed	TestApi1061b
transitive-dep-failed	TestApi301
transitive-dep-failed	TestApi312
transitive-dep-failed	TestApi321
transitive-dep-failed	TestApi472
transitive-dep-failed	TestApi635
transitive-dep-failed	TestApi693
transitive-dep-failed	TestApi826
transitive-dep-failed	TestApi959
transitive-dep-failed	TestErdos43Api
transitive-dep-failed	TwinPrimesSpecialOQ01
transitive-dep-failed	VietasFormulasOQ02
transitive-dep-failed	eTranscendental
