AMGMInequality	FAIL
AMGMInequalityAristotle	PASS
AMGMInequalityOQ02OQ01	PASS
AMGMOperatorMeans	FAIL
AbelRuffini	FAIL
AbelRuffiniGaloisExtensions	FAIL
AbelRuffiniGaloisExtensionsOQ01	FAIL
AbelRuffiniGaloisExtensionsOQ02	FAIL
AbelRuffiniGaloisExtensionsOQ02OQ01	FAIL
AbelRuffiniGaloisExtensionsOQ03	FAIL
AbelRuffiniGaloisExtensionsOQ03OQ01	FAIL
AbelRuffiniGaloisExtensionsOQ04	FAIL
AbelRuffiniGaloisExtensionsOQ04OQ01	PASS
AbelRuffiniGaloisExtensionsOQ04OQ01OQ01	PASS
AbelRuffiniGaloisExtensionsOQ04OQ02	PASS
AbelRuffiniGaloisExtensionsOQ04OQ03	FAIL
AbelRuffiniGaloisExtensionsOQ05	FAIL
AbelRuffiniGaloisExtensionsOQ05OQ01	FAIL
AbelRuffiniGaloisExtensionsOQ05OQ02	PASS
AbelRuffiniGaloisExtensionsOQ06	FAIL
AbelRuffiniGaloisExtensionsOQ06GaloisDirection	FAIL
AbelRuffiniGaloisExtensionsOQ06GaloisDirectionAssembly	FAIL
AbelRuffiniGaloisExtensionsOQ06GaloisDirectionMainAssembly	FAIL
AbelRuffiniGaloisExtensionsOQ06GaloisDirectionStep1	PASS
AbelRuffiniGaloisExtensionsOQ06GaloisDirectionStep4	FAIL
AbelRuffiniGaloisExtensionsOQ07	PASS
AbelRuffiniGaloisExtensionsOQ10	FAIL
AbelRuffiniGaloisExtensionsOQ11	PASS
AbelRuffiniOQ03	FAIL
AbelRuffiniOQ04	FAIL
AbelRuffiniOQ04OQ01	FAIL
AbelRuffiniOQ04OQ01OQ01	PASS
AbelRuffiniOQ04OQ01OQ01OQ01	PASS
AbelRuffiniOQ04OQ01OQ02	PASS
AbelRuffiniOQ04OQ01OQ03	FAIL
AbelRuffiniOQ04OQ01OQ03OQ01	PASS
AbelRuffiniOQ04OQ01OQ03Sharp	FAIL
AbelRuffiniOQ04OQ01OQ03Sharpness	FAIL
AbelRuffiniOQ04OQ01OQ04	PASS
AbelRuffiniOQ04OQ01OQ04OQ01	PASS
AbelRuffiniOQ04OQ02	FAIL
AbelRuffiniOQ04OQ02OQ01	FAIL
AbelRuffiniOQ04OQ02OQ02	PASS
AbelRuffiniOQ04OQ02OQ02OQ01	PASS
AbelRuffiniOQ04OQ02OQ02OQ06	FAIL
AbelRuffiniOQ04OQ02OQ02OQ08	PASS
AbelRuffiniOQ04OQ02OQ02OQ08OQ01	PASS
AbelRuffiniOQ04OQ02OQ02OQ08OQ01OQ01	PASS
AbelRuffiniOQ04OQ02OQ02OQ08OQ01OQ01OQ01	PASS
AbelRuffiniOQ04OQ02OQ02OQ08OQ01OQ01OQ01OQ01	PASS
AbelRuffiniOQ04OQ02OQ02OQ08OQ01OQ01OQ01OQ01OQ01	PASS
AbelRuffiniOQ04OQ02OQ02OQ08OQ01OQ01OQ01OQ01OQ01OQ01	PASS
AbelRuffiniOQ04OQ02OQ02OQ08OQ01OQ01OQ01OQ01OQ01OQ01OQ01	PASS
AbelRuffiniOQ04OQ02OQ03	PASS
AbelRuffiniOQ04OQ02OQ04	PASS
AbelRuffiniOQ04OQ02OQ04OQ03	PASS
AbelRuffiniOQ04OQ03	FAIL
AbelRuffiniOQ04OQ04	FAIL
AbelRuffiniOQ04OQ07	PASS
AbelRuffiniOQ04OQ07OQ02	FAIL
AbelRuffiniOQ04OQ09Cyclic	FAIL
AbelRuffiniOQ06	FAIL
AbelRuffiniOQ06Aristotle	PASS
AbelRuffiniOQ06OQ01	FAIL
AbelRuffiniOQ06OQ01OQ03	FAIL
AbelRuffiniOQ07	PASS
AbelRuffiniOQ07ComplexConj	PASS
AbelRuffiniOQ07Discriminant	PASS
AbelRuffiniOQ07DiscriminantOQ01	PASS
AbelRuffiniOQ07DiscriminantOQ01OQ01	PASS
AbelRuffiniOQ07NotSolvable	FAIL
AbelRuffiniOQ07Order6	FAIL
AbelRuffiniOQ09	FAIL
AbelRuffiniOQ10	FAIL
AbelRuffiniOQ11	FAIL
AbelRuffiniObstructionOQ06	FAIL
AbundantDeficientDvdOQ04	PASS
AbundantMultiplesOQ01	PASS
AbundantNumberOQ01	PASS
AbundantNumberOQ0102	FAIL
AbundantNumberOQ02	PASS
AbundantNumberOQ02OQ01	PASS
AbundantNumberOQ02OQ01Capstone	PASS
AbundantNumberOQ02OQ01ExponentBound	PASS
AbundantNumberOQ02OQ01GeneralBound	PASS
AbundantNumberOQ02OQ01LowerBound	PASS
AbundantNumberOQ02OQ01Minimality	PASS
AbundantNumberOQ02OQ01OmegaSevenPrimes	PASS
AbundantNumberOQ02OQ01SevenPrimeExponents	PASS
AbundantNumberOQ02OQ01Squarefree	PASS
AbundantNumberOQ02OQ01Unconditional	PASS
AbundantOddCountingOQ0302	PASS
AbundantOddDensityOQ0301	PASS
AbundantOddDensityOQ030103	PASS
AbundantOddInfiniteOQ03	PASS
AbundantPrimitiveInfiniteOQ0104	PASS
AbundantPrimitiveOQ040102	PASS
AbundantStrictAbundancyOQ0401	PASS
AlgebraicNumbersCountable	PASS
AlgebraicNumbersCountableAristotle	PASS
AlgebraicNumbersCountableOQ01	PASS
AlgebraicNumbersCountableOQ01OQ01	FAIL
AlgebraicNumbersCountableOQ01OQ01OQ01	FAIL
AlgebraicNumbersCountableOQ01OQ03	FAIL
AlgebraicNumbersCountableOQ02	FAIL
AlgebraicNumbersCountableOQ02OQ02	FAIL
AlgebraicNumbersCountableOQ02OQ02OQ01	FAIL
AlgebraicNumbersCountableOQ02OQ02OQ03	PASS
AlgebraicNumbersCountableOQ02OQ03	FAIL
AlgebraicNumbersCountableOQ02OQ03OQ02	PASS
AlgebraicNumbersCountableOQ02OQ03OQ02OQ01	PASS
AlgebraicNumbersCountableOQ02OQ04	FAIL
AlgebraicNumbersCountableOQ02OQ04OQ01	FAIL
AlgebraicNumbersCountableOQ02OQ05	PASS
AlgebraicNumbersCountableOQ04	FAIL
AlgebraicNumbersCountableOQ05	PASS
AlgebraicNumbersCountableOQ05OQ01	PASS
AlgebraicNumbersCountableOQ05OQ04	PASS
AlgebraicNumbersCountableOQ05OQ04OQ01	PASS
AlgebraicPointsNull	FAIL
AlgebraicRealsMeager	PASS
AlgebraicRealsMeagerDenseGDelta	PASS
AlgebraicRealsMeagerDenseGDeltaOQ01	PASS
AlgebraicRealsMeagerDenseGDeltaOQ02	PASS
AlgebraicRealsMeagerDenseGDeltaOQ03	PASS
AlgebraicRealsMeagerOQ02	PASS
AlgebraicRealsMeagerOQ02OQ01	PASS
AlgebraicRealsMeagerOQ02OQ01Dense	PASS
AlgebraicRealsMeagerOQ02OQ01Equivariant	PASS
AlgebraicRealsMeagerOQ02OQ01Product	PASS
AlgebraicRealsMeagerOQ03	PASS
AlgebraicRealsNull	FAIL
AlternatingSeriesBooleSummation	PASS
AlternatingSeriesBooleSummationOQ01	PASS
AlternatingSeriesBooleSummationOQ01OQ02	PASS
AlternatingSeriesBooleSummationOQ01OQ02OQ02	PASS
AlternatingSeriesBooleSummationOQ02	PASS
AlternatingSeriesBooleSummationOQ03	PASS
AlternatingSeriesBooleSummationOQ03OQ01	PASS
AlternatingSeriesTestOQ01	PASS
AlternatingSeriesTestOQ01OQ01	PASS
AlternatingSeriesTestOQ01OQ01OQ02	PASS
AlternatingSeriesTestOQ01OQ02	PASS
AlternatingSeriesTestOQ01OQ02OQ01	PASS
AlternatingSeriesTestOQ01OQ02OQ02	PASS
AmgmInequalityOQ02	FAIL
AmgmInequalityOQ02Aristotle	FAIL
AmgmInequalityOQ02Defs	FAIL
AmgmInequalityOQ02OQ01OQ01	PASS
AmgmInequalityOQ02OQ01OQ01OQ01	PASS
AmgmInequalityOQ02OQ01OQ01OQ02	PASS
AmgmInequalityOQ02OQ01OQ02	FAIL
AmgmInequalityOQ02OQ01OQ02OQ01	PASS
AmgmInequalityOQ02OQ01OQ02OQ01Aristotle	FAIL
AmgmInequalityOQ02OQ01OQ02OQ01OQ01	PASS
AmgmInequalityOQ02OQ01OQ02OQ01OQ01OQ01	PASS
AmgmInequalityOQ02OQ01OQ02OQ01OQ01OQ01OQ01	FAIL
AmgmInequalityOQ02OQ01OQ02OQ01OQ01OQ01OQ01OQ01	FAIL
AmgmInequalityOQ02OQ01OQ02OQ01OQ03	FAIL
AmgmInequalityOQ02OQ01OQ03	PASS
AmgmInequalityOQ02OQ01OQ03Finset	PASS
AmgmInequalityOQ02OQ01OQ03OQ01	PASS
AmgmInequalityOQ02OQ01OQ03OQ01OQ01	PASS
AmgmInequalityOQ02OQ01OQ03OQ01OQ01OQ02	PASS
AmgmInequalityOQ02OQ01OQ04	PASS
AmgmInequalityOQ02OQ01OQ05	PASS
AmgmInequalityOQ02OQ01OQ05OQ01	PASS
AmgmInequalityOQ02OQ02	FAIL
AmgmInequalityOQ02OQ02OQ02	FAIL
AmgmInequalityOQ02OQ02OQ03	PASS
AmgmInequalityOQ02OQ02OQ05	PASS
AmgmInequalityOQ02OQ03	FAIL
AmgmInequalityOQ02OQ03OQ03	FAIL
AmgmInequalityOQ02OQ03OQ03OQ01	FAIL
AmgmInequalityOQ02OQ03OQ03OQ02	FAIL
AmgmInequalityOQ02OQ03OQ03OQ03	PASS
AmgmInequalityOQ02OQ04	PASS
AmgmInequalityOQ02OQ05	PASS
AmgmInequalityOQ03	PASS
AmgmInequalityOQ03OQ01OQ01	PASS
AmgmInequalityOQ03OQ01OQ02	PASS
AmgmInequalityOQ03OQ02OQ01	PASS
AmgmInequalityOQ03OQ02OQ01OQ01	PASS
AmgmInequalityOQ03OQ02OQ01OQ02	FAIL
AmgmInequalityOQ03OQ02OQ02	PASS
AmgmInequalityOQ03OQ02OQ04	PASS
AmgmInequalityOQ03OQ02OQ04OQ02	PASS
AmgmInequalityOQ03OQ03	PASS
AmgmInequalityOQ03OQ03OQ02	PASS
AmgmInequalityOQ03OQ04	FAIL
AmgmInequalityOQ03OQ04OQ02	FAIL
AmgmInequalityOQ04	PASS
AmgmInequalityOQ04OQ01	PASS
AmgmInequalityOQ04OQ02	FAIL
AmgmInequalityOQ04OQ03	PASS
AmgmInequalityOQ04OQ03Wallis	PASS
AmgmInequalityOQ04OQ04	PASS
AmgmInequalityOQ04OQ05	PASS
AmgmInequalityOQ05	PASS
AmgmInequalityOQ05OQ01	FAIL
AmgmInequalityOQ05OQ02	PASS
AmgmInequalityOQ05OQ02OQ01	PASS
AmgmInequalityPowerMeanLimits	PASS
AngleTrisection	FAIL
AngleTrisectionAristotle	PASS
AngleTrisectionCos20Gal	FAIL
AngleTrisectionCos20GalOQ01	FAIL
AngleTrisectionCos20GalOQ01OQ01	FAIL
AngleTrisectionCos20GalOQ01OQ02	FAIL
AngleTrisectionCos20GalOQ01OQ02OQ02	FAIL
AngleTrisectionCos20GalOQ01OQ03	PASS
AngleTrisectionCos20GalOQ02	PASS
AngleTrisectionCos20GalOQ02OQ01	PASS
AngleTrisectionCos20GalOQ02OQ02	PASS
AngleTrisectionCos20GalOQ03	FAIL
AngleTrisectionCos20GalOQ03OQ01	FAIL
AngleTrisectionEmbedding	FAIL
AngleTrisectionOQ01	PASS
AngleTrisectionOQ01OQ02	PASS
AngleTrisectionOQ01OQ04	PASS
AngleTrisectionOQ01OQ04OQ02	PASS
AngleTrisectionOQ02	FAIL
AngleTrisectionOQ02OQ01	PASS
AngleTrisectionOQ02OQ01OQ01	PASS
AngleTrisectionOQ02OQ01OQ01OQ01	PASS
AngleTrisectionOQ02OQ01OQ01OQ01OQ01	PASS
AngleTrisectionOQ02OQ01OQ01OQ01OQ01OQ05	PASS
AngleTrisectionOQ02OQ01OQ01OQ01OQ01OQ05OQ02	PASS
AngleTrisectionOQ02OQ01OQ02	FAIL
AngleTrisectionOQ02OQ01OQ02Aristotle	FAIL
AngleTrisectionOQ02OQ01OQ02Incomplete01	FAIL
AngleTrisectionOQ02OQ01OQ02Incomplete01Aristotle	TIMEOUT
AngleTrisectionOQ02OQ01OQ02OQ02	PASS
AngleTrisectionOQ02OQ01OQ02OQ03	PASS
AngleTrisectionOQ02OQ01OQ03	PASS
AngleTrisectionOQ02OQ02	PASS
AngleTrisectionOQ02OQ02OQ02	PASS
AngleTrisectionOQ02OQ02OQ03	PASS
AngleTrisectionOQ02OQ03	FAIL
AngleTrisectionOQ02OQ03Ext	FAIL
AngleTrisectionOQ02OQ03ExtOQ01	PASS
AngleTrisectionOQ02OQ03OQ01	FAIL
AngleTrisectionOQ02OQ03OQ03	PASS
AngleTrisectionOQ02OQ04	FAIL
AngleTrisectionOQ02OQ04OQ01	FAIL
AngleTrisectionOQ02OQ04OQ01Aristotle	FAIL
AngleTrisectionOQ03	FAIL
AngleTrisectionOQ03OQ01	FAIL
AngleTrisectionOQ03OQ02	FAIL
AngleTrisectionOQ03OQ02OQ03	FAIL
AngleTrisectionOQ03OQ03	PASS
AngleTrisectionOQ04	PASS
AngleTrisectionOQ04OQ01	PASS
AngleTrisectionOQ04OQ02	PASS
AngleTrisectionOQ04OQ03	PASS
AngleTrisectionOQ04OQ04	PASS
AngleTrisectionOQ05	PASS
AngleTrisectionOQ05OQ01	PASS
AngleTrisectionOQ05OQ02	FAIL
AngleTrisectionOQ05OQ03	FAIL
AngleTrisectionOQ05OQ04	PASS
AngleTrisectionOQ05OQ04Incomplete01	PASS
AntitoneIntegralSumComparison	PASS
AntitoneIntegralSumComparisonOQ01OQ01	PASS
AntitoneIntegralSumComparisonOQ01OQ01OQ02	PASS
AntitoneIntegralSumComparisonOQ01OQ01OQ02OQ01	PASS
AntitoneIntegralSumComparisonOQ01OQ02	PASS
AntitoneIntegralSumComparisonOQ01OQ02OQ02	PASS
AntitoneIntegralSumComparisonOQ01OQ02OQ02OQ01	PASS
AntitoneIntegralTest	PASS
ArchimedesMethodOfExhaustion	FAIL
AreaFromCircumferenceIntegral	FAIL
AreaOfCircle	PASS
AreaOfCircleOQ01OQ02OQ01	FAIL
AreaOfCircleOQ01OQ02OQ01OQ01	FAIL
AreaOfCircleOQ01OQ02OQ01OQ01OQ01	FAIL
AreaOfCircleOQ01OQ02OQ01OQ01OQ01OQ02	PASS
AreaOfCircleOQ01OQ02OQ01OQ01OQ02	PASS
AreaOfCircleOQ01OQ02OQ01OQ01OQ02OQ01	PASS
AreaOfCircleOQ01OQ02OQ01OQ01OQ02OQ01OQ03	PASS
AreaOfCircleOQ01OQ02OQ01OQ02	PASS
AreaOfCircleOQ01OQ02OQ01OQ03	FAIL
AreaOfCircleOQ01OQ02OQ02	FAIL
AreaOfCircleOQ01OQ02OQ02OQ01	PASS
AreaOfCircleOQ01OQ02OQ02OQ01OQ01	FAIL
AreaOfCircleOQ01OQ02OQ02OQ01OQ01CauchySchwarz	PASS
AreaOfCircleOQ01OQ02OQ02OQ01OQ01Fourier	FAIL
AreaOfCircleOQ01OQ02OQ02OQ01OQ01IFT	FAIL
AreaOfCircleOQ01OQ02OQ02OQ01OQ01Iso	FAIL
AreaOfCircleOQ01OQ02OQ02OQ01OQ01OQ01	FAIL
AreaOfCircleOQ01OQ02OQ02OQ01OQ01OQ02	FAIL
AreaOfCircleOQ01OQ02OQ02OQ01OQ01Reparam	FAIL
AreaOfCircleOQ01OQ02OQ02OQ02	FAIL
AreaOfCircleOQ01OQ02OQ02OQ02OQ01	FAIL
AreaOfCircleOQ01OQ02OQ02OQ02OQ02	FAIL
AreaOfCircleOQ01OQ02OQ03	PASS
AreaOfCircleOQ01OQ02OQ03OQ03	FAIL
AreaOfCircleOQ01OQ03	FAIL
AreaOfCircleOQ01OQ03Aristotle	FAIL
AreaOfCircleOQ01OQ03OQ01	FAIL
AreaOfCircleOQ01OQ03OQ02	FAIL
AreaOfCircleOQ01OQ03OQ02Aristotle	PASS
AreaOfCircleOQ02	FAIL
AreaOfCircleOQ02OQ01	FAIL
AreaOfCircleOQ02OQ02	PASS
AreaOfCircleOQ02OQ03	PASS
AreaOfCircleOQ02OQ03OQ02	PASS
AreaOfCircleOQ02OQ04	FAIL
AreaOfCircleOQ03OQ01	FAIL
AreaOfCircleOQ03OQ02	PASS
AreaOfCircleOQ03OQ02OQ01	FAIL
AreaOfCircleOQ03OQ02OQ02	FAIL
AreaOfCircleOQ03OQ02OQ02OQ01	FAIL
AreaOfCircleOQ03OQ03	FAIL
AreaOfCircleOQ03OQ03OQ01	PASS
AreaOfCircleOQ03OQ03OQ02	FAIL
AreaOfCircleOQ05	PASS
AreaOfCircleOQ05Incomplete01	PASS
AreaOfCircleOQ05Incomplete01OQ01	PASS
AreaOfCircleOQ05Incomplete01OQ01OQ01	PASS
AreaOfCircleOQ05OQ01	FAIL
AreaOfCircleOQ05OQ01Aristotle	FAIL
AreaOfCircleOQ05OQ01Incomplete01	FAIL
AreaOfCircleOQ05OQ02	PASS
AreaOfCircleOQ05OQ03	PASS
AreaOfCircleOQ05OQ03OQ01	PASS
AreaOfCircleOQ05OQ03OQ02	PASS
AreaOfCircleOQ05OQ03OQ03	PASS
AreaOfCircleOQ05OQ03OQ04	PASS
AreaOfCircleOQ05OQ03OQ05	FAIL
AreaOfCircleOQ05OQ04	FAIL
AreaOfCircleOQ07	PASS
AreaOfCircleOQ07OQ01	PASS
AreaOfCircleOQ07OQ02	PASS
AreaOfCircleOQ07OQ02OQ02	FAIL
AreaOfCircleOQ07OQ03	PASS
AreaOfCircleOQ07OQ03OQ01	PASS
AreaOfCircleOQ07OQ03OQ02	FAIL
AreaOfCircleOQ07OQ03OQ03	PASS
AreaOfCircleOQ07OQ04	PASS
AreaOfCircleOQ07OQ04OQ01	FAIL
AreaOfCircleOQ07OQ04OQ01OQ01	FAIL
AreaOfCircleOQ07OQ04OQ01OQ01OQ02	PASS
AreaOfCircleOQ07OQ05	FAIL
AreaOfCircleOQ07OQ05OQ01	FAIL
AreaOfCircleOQ07OQ05OQ01OQ01	FAIL
AreaOfCircleOQ07OQ05OQ01OQ02	FAIL
AreaOfCircleOQ07OQ05OQ02	FAIL
ArithmeticSeries	PASS
ArithmeticSeriesOQ00	PASS
ArithmeticSeriesOQ00OQ01	PASS
ArithmeticSeriesOQ00OQ02	FAIL
ArithmeticSeriesOQ00OQ02OQ01	FAIL
ArithmeticSeriesOQ00OQ02OQ02	PASS
ArithmeticSeriesOQ02	PASS
ArithmeticSeriesOQ02OQ01	PASS
ArithmeticSeriesOQ02OQ01OQ01	PASS
ArithmeticSeriesOQ02OQ01OQ01OQ01	PASS
ArithmeticSeriesOQ02OQ01OQ01OQ03	PASS
ArithmeticSeriesOQ02OQ02	PASS
ArithmeticSeriesOQ02OQ02OQ01	PASS
ArithmeticSeriesOQ02OQ02OQ01OQ03	PASS
ArithmeticSeriesOQ02OQ02OQ02	PASS
ArithmeticSeriesOQ02OQ02OQ03	FAIL
ArithmeticSeriesOQ02OQ02OQ03OQ01	FAIL
ArithmeticSeriesOQ02OQ02OQ03OQ02	PASS
ArithmeticSeriesOQ02OQ02OQ03OQ04	PASS
ArithmeticSeriesOQ02OQ03	FAIL
ArithmeticSeriesOQ02OQ03Aristotle	PASS
ArithmeticSeriesOQ02OQ04	PASS
ArithmeticSeriesOQ02OQ04OQ01	FAIL
ArithmeticSeriesOQ02OQ04OQ01OQ01	PASS
ArithmeticSeriesOQ02OQ04OQ01OQ01OQ02	PASS
ArithmeticSeriesOQ02OQ04OQ01OQ03	PASS
ArithmeticSeriesOQ02OQ04OQ01OQ03OQ01	PASS
ArithmeticSeriesOQ02OQ04OQ01OQ03OQ02	PASS
ArithmeticSeriesOQ02OQ04OQ01OQ03OQ02OQ03	PASS
ArithmeticSeriesOQ02OQ04OQ01OQ03OQ02OQ03OQ02	PASS
ArithmeticSeriesOQ04	PASS
ArithmeticSeriesOQ04OQ01	PASS
ArithmeticSeriesOQ04OQ02	PASS
ArithmeticSeriesOQ04OQ03	PASS
ArsinhLogFormulaOQ01	PASS
ArsinhLogFormulaOQ01OQ01	PASS
ArsinhLogFormulaOQ01OQ01OQ01	FAIL
ArsinhLogFormulaOQ01OQ01OQ01OQ01	FAIL
ArsinhLogFormulaOQ01OQ01OQ02	FAIL
ArsinhLogFormulaOQ01OQ02	PASS
ArsinhLogFormulaOQ01OQ02OQ01	PASS
ArsinhLogFormulaOQ01OQ02OQ01OQ01	PASS
AutomorphicNumberOQ01	PASS
AutomorphicNumberOQ01OQ01	PASS
AutomorphicNumberOQ01OQ01OQ01	PASS
AutomorphicNumberOQ01OQ01OQ02	PASS
AutomorphicNumberOQ01OQ02	PASS
AutomorphicNumberOQ01OQ02OQ01	PASS
AutomorphicNumberOQ01OQ02OQ01OQ02	PASS
AutomorphicNumberOQ01OQ03	PASS
AutomorphicNumberOQ01OQ03OQ01	PASS
AutomorphicNumberOQ01OQ03OQ02	PASS
BaireCantorBendixsonOQ010202	PASS
BaireCategoryTheoremOQ01	PASS
BaireCategoryTheoremOQ01OQ01	PASS
BaireCategoryTheoremOQ01OQ01OQ01	PASS
BaireCategoryTheoremOQ01OQ01OQ02	PASS
BaireCategoryTheoremOQ01OQ02	PASS
BaireCategoryTheoremOQ01OQ03	PASS
BairePerfectContinuumOQ0102	PASS
BallVolumeSurfaceDuality	FAIL
BallotProblem	FAIL
BallotProblemOQ01	PASS
BallotProblemOQ01OQ01	PASS
BallotProblemOQ01OQ01OQ02	PASS
BallotProblemOQ01OQ01OQ02OQ01	PASS
BallotProblemOQ01OQ02	PASS
BallotProblemOQ01OQ02OQ01	FAIL
BallotProblemOQ01OQ02OQ01Aristotle	FAIL
BallotProblemOQ01OQ02OQ01OQ01	FAIL
BallotProblemOQ01OQ02OQ01OQ02	FAIL
BallotProblemOQ01OQ02OQ01OQ02OQ01	FAIL
BallotProblemOQ01OQ02OQ02	PASS
BallotProblemOQ01OQ02OQ04	FAIL
BallotProblemOQ01OQ03	PASS
BallotProblemOQ01OQ04	FAIL
BallotProblemOQ01OQ04Core	FAIL
BallotProblemOQ01OQ04OQ01	FAIL
BallotProblemOQ02	PASS
BallotProblemOQ02OQ02	FAIL
BallotProblemOQ02OQ02OQ05	FAIL
BallotProblemOQ02OQ03	FAIL
BallotProblemOQ02OQ04	PASS
BallotProblemOQ02OQ05	PASS
BallotProblemOQ03	FAIL
BallotProblemOQ03OQ01OQ01	FAIL
BallotProblemOQ03OQ01OQ01OQ01	FAIL
BallotProblemOQ03OQ01OQ01OQ01Aristotle	FAIL
BallotProblemOQ03OQ01OQ02	FAIL
BallotProblemOQ03OQ01OQ02Aristotle	FAIL
BallotProblemOQ03OQ01OQ02Helpers	FAIL
BallotProblemOQ03OQ01OQ04	PASS
BallotProblemOQ03OQ02	FAIL
BallotProblemOQ03OQ02OQ01	FAIL
BallotProblemOQ03OQ02OQ03	FAIL
BallotProblemOQ03OQ03	FAIL
BallotProblemOQ04	PASS
BallotProblemOQ04OQ01	PASS
BallotProblemOQ04OQ02	FAIL
BallotProblemOQ04OQ02OQ01	FAIL
BallotProblemOQ04OQ02OQ01Aristotle	PASS
BallotProblemOQ05	PASS
BallotProblemOQ05OQ02	PASS
BanachFixedPointOQ01	PASS
BanachFixedPointOQ01OQ02	PASS
BanachPerturbationIdentityOQ01OQ02	PASS
BanachPicardInverseOQ01OQ02OQ01	PASS
BanachSteinhausTheoremOQ01	PASS
BanachSteinhausTheoremOQ01OQ02	PASS
BaselProblem	PASS
BaselProblemOQ01OQ01	FAIL
BaselProblemOQ01OQ01OQ02	FAIL
BaselProblemOQ01OQ01OQ02Aristotle	FAIL
BaselProblemOQ01OQ01OQ02OQ01	PASS
BaselProblemOQ01OQ01OQ02OQ01OQ01	PASS
BaselProblemOQ01OQ01OQ02OQ02	PASS
BaselProblemOQ01OQ01OQ02OQ03	FAIL
BaselProblemOQ01OQ01OQ03	PASS
BaselProblemOQ01OQ02	FAIL
BaselProblemOQ01OQ03	PASS
BaselProblemOQ01OQ05	PASS
BaselProblemOQ02	FAIL
BaselProblemOQ02Aristotle	FAIL
BaselProblemOQ03	PASS
BaselProblemOQ03OQ01	FAIL
BaselProblemOQ03OQ02	PASS
BaselProblemOQ04	PASS
BaselProblemOQ04OQ03	FAIL
BaselProblemOQ05	FAIL
BaselProblemOQ05OQ03	PASS
BaselProblemOQ06	PASS
BaselProblemOQ06OQ01	PASS
BaselProblemOQ08	PASS
BaselProblemOQ08OQ02	PASS
BaselProblemOQ08OQ02OQ01	PASS
BaselProblemOQ09	FAIL
BaselProblemOQ0901	FAIL
BaselProblemOQ09OQ01	FAIL
BaselProblemOQ10	PASS
BaselProblemOQ10OQ01	FAIL
BaselProblemOQ10OQ03	FAIL
BaselProblemOQ11	FAIL
BaselProblemOQ11OQ01	PASS
BaselProblemOQ12	PASS
BaselProblemOQ13	FAIL
BaselProblemOQ13OQ01	FAIL
BaselProblemOQ13OQ01OQ01	PASS
BaselProblemOQ13OQ02	FAIL
BaselProblemOQ14	FAIL
BaselProblemOQ14OQ01	PASS
BaselProblemOQ15	PASS
BellNumbersOQ01	PASS
BellNumbersOQ01OQ01	PASS
BellNumbersOQ01OQ02	PASS
BellNumbersOQ01OQ03	PASS
BernoulliInequalityOQ01	PASS
BernoulliInequalityOQ01OQ01	PASS
BernoulliInequalityOQ01OQ01OQ01	PASS
BernoulliInequalityOQ01OQ01OQ01OQ01	PASS
BernoulliInequalityOQ01OQ01OQ02	PASS
BernoulliInequalityOQ01OQ01OQ02OQ01	PASS
BernoulliInequalityOQ01OQ02	FAIL
BernoulliInequalityOQ01OQ02OQ01	FAIL
BertrandsPostulate	PASS
BertrandsPostulateOQ03	FAIL
BertrandsPostulateOQ03OQ04	FAIL
BertrandsPostulateOQ03OQ04Aristotle	FAIL
BertrandsPostulateOQ03OQ04OQ01	FAIL
BertrandsPostulateOQ03OQ04OQ03	FAIL
BertrandsPostulateOQ05	PASS
BertrandsPostulateOQ05OQ02	PASS
BetaCentralBinomial	PASS
BetaCentralBinomialAsymptotic	PASS
BetaCentralBinomialExplicitRate	FAIL
BetaCentralBinomialExplicitRateOQ02	FAIL
BetaCentralBinomialOGF	FAIL
BetaDiagEffectiveRate	PASS
BetaIntegralHalfValue	PASS
BetaIntegralRecurrence	PASS
BetaIntegralRecurrenceOQ01OQ02OQ01	PASS
BetaIntegralRecurrenceOQ01OQ02OQ01OQ01	PASS
BetaIntegralRecurrenceOQ01OQ03	PASS
BetaIntegralRecurrenceOQ01OQ03OQ01	FAIL
BetaIntegralRecurrenceOQ01OQ03OQ01OQ02	FAIL
BezoutIdentity	FAIL
BezoutIdentityOQ01	PASS
BezoutIdentityOQ01Aristotle	PASS
BezoutIdentityOQ01OQ01	PASS
BezoutIdentityOQ01OQ01OQ01	PASS
BezoutIdentityOQ01OQ01OQ01OQ02	PASS
BezoutIdentityOQ01OQ01OQ01OQ04	PASS
BezoutIdentityOQ01OQ01OQ02	PASS
BezoutIdentityOQ01OQ01OQ02OQ01	PASS
BezoutIdentityOQ01OQ02	PASS
BezoutIdentityOQ01OQ02OQ01	PASS
BezoutIdentityOQ01OQ02OQ02	PASS
BezoutIdentityOQ01OQ02OQ02Descent	FAIL
BezoutIdentityOQ01OQ02OQ02Transitive	FAIL
BezoutIdentityOQ02	PASS
BezoutIdentityOQ02OQ01	PASS
BezoutIdentityOQ02OQ01OQ01	PASS
BezoutIdentityOQ02OQ01OQ01OQ01	PASS
BezoutIdentityOQ02OQ01OQ01OQ01OQ01	FAIL
BezoutIdentityOQ02OQ01OQ01OQ01OQ02	PASS
BezoutIdentityOQ02OQ01OQ01OQ02	PASS
BezoutIdentityOQ02OQ01OQ02	FAIL
BezoutIdentityOQ02OQ01OQ02OQ02	PASS
BezoutIdentityOQ02OQ01OQ02OQ02OQ02	PASS
BezoutIdentityOQ02OQ01OQ02OQ02OQ03	FAIL
BezoutIdentityOQ02OQ01OQ02OQ03	FAIL
BezoutIdentityOQ02OQ01OQ02OQ04	PASS
BezoutIdentityOQ02OQ01OQ03	PASS
BezoutIdentityOQ02OQ01OQ03OQ01	PASS
BezoutIdentityOQ02OQ02	FAIL
BezoutIdentityOQ02OQ02OQ01	PASS
BezoutIdentityOQ02OQ02OQ01OQ01	PASS
BezoutIdentityOQ02OQ02OQ01OQ02	PASS
BezoutIdentityOQ02OQ02OQ01OQ03	FAIL
BezoutIdentityOQ02OQ02OQ01OQ03OQ01	PASS
BezoutIdentityOQ02OQ02OQ01OQ04	PASS
BezoutIdentityOQ02OQ02OQ03	PASS
BezoutIdentityOQ02OQ04	FAIL
BezoutIdentityOQ03	PASS
BezoutIdentityOQ03OQ01	PASS
BezoutIdentityOQ03OQ01OQ01	PASS
BezoutIdentityOQ03OQ01OQ01OQ01	PASS
BezoutIdentityOQ03OQ01OQ01OQ02	PASS
BezoutIdentityOQ03OQ01OQ01OQ02OQ02	FAIL
BezoutIdentityOQ03OQ01OQ01OQ03	PASS
BezoutIdentityOQ03OQ01OQ02	PASS
BezoutIdentityOQ03OQ01OQ02OQ01	PASS
BezoutIdentityOQ03OQ02	PASS
BezoutIdentityOQ03OQ02OQ01	FAIL
BezoutIdentityOQ03OQ03	FAIL
BezoutIdentityOQ03OQ04	FAIL
BezoutIdentityOQ03OQ04OQ01	PASS
BezoutIdentityOQ03OQ04OQ01OQ01	PASS
BezoutIdentityOQ03OQ05	PASS
BezoutIdentityOQ04	PASS
BezoutIdentityOQ04OQ01	FAIL
BezoutIdentityOQ04OQ01OQ01	FAIL
BezoutIdentityOQ04OQ01OQ03	PASS
BezoutIdentityOQ04OQ02	PASS
BezoutIdentityOQ04OQ02OQ01	PASS
BinaryGcdOQ01	PASS
BinaryGcdOQ01OQ01	PASS
BinaryGcdOQ01OQ01OQ01	PASS
BinaryGcdOQ01OQ03	PASS
BinaryGcdOQ01OQ04	PASS
BinaryGcdOQ01OQ04OQ01	PASS
BinaryGcdOQ01OQ04OQ02	PASS
BinaryGcdOQ01OQ04OQ03	PASS
BinaryGcdOQ01OQ04OQ04	PASS
BinaryGcdOQ02	FAIL
BinaryGcdOQ02OQ01	FAIL
BinaryGcdOQ02OQ02	PASS
BinaryGcdOQ02OQ03	PASS
BinaryGcdOQ03	PASS
BinaryGcdOQ03OQ01	PASS
BinaryGcdOQ03OQ02	PASS
BinaryGcdOQ03OQ02Incomplete01	PASS
BinaryGcdOQ03OQ02Incomplete01OQ01	PASS
BinaryGcdOQ03OQ02PathA	PASS
BinaryGcdOQ04	PASS
BinaryGcdOQ04OQ01	PASS
BinomialTheorem	FAIL
BinomialTheoremOQ01	FAIL
BinomialTheoremOQ01Aristotle	PASS
BinomialTheoremOQ01OQ01	PASS
BinomialTheoremOQ01OQ01OQ02	PASS
BinomialTheoremOQ01OQ01OQ03	PASS
BinomialTheoremOQ02	PASS
BinomialTheoremOQ02OQ01	FAIL
BinomialTheoremOQ02OQ01OQ01	PASS
BinomialTheoremOQ02OQ01OQ01Incomplete01	PASS
BinomialTheoremOQ02OQ01OQ01OQ01	PASS
BinomialTheoremOQ02OQ01OQ01OQ01OQ01	PASS
BinomialTheoremOQ02OQ01OQ01OQ01OQ02	PASS
BinomialTheoremOQ02OQ01OQ01OQ02	FAIL
BinomialTheoremOQ02OQ01OQ01OQ02OQ01	PASS
BinomialTheoremOQ02OQ01OQ01OQ03	PASS
BinomialTheoremOQ02OQ01OQ01OQ04	PASS
BinomialTheoremOQ02OQ01OQ02	PASS
BinomialTheoremOQ02OQ01OQ02OQ01	PASS
BinomialTheoremOQ02OQ01OQ02OQ02	PASS
BinomialTheoremOQ02OQ01OQ02OQ03	FAIL
BinomialTheoremOQ02OQ01OQ03	FAIL
BinomialTheoremOQ02OQ01OQ04	FAIL
BinomialTheoremOQ02OQ01OQ04OQ03	PASS
BinomialTheoremOQ02OQ02	FAIL
BinomialTheoremOQ02OQ02OQ01	PASS
BinomialTheoremOQ02OQ02OQ01OQ03	PASS
BinomialTheoremOQ02OQ02OQ02	PASS
BinomialTheoremOQ02OQ02OQ02OQ03	PASS
BinomialTheoremOQ02OQ03	FAIL
BinomialTheoremOQ02OQ04	FAIL
BinomialTheoremOQ02OQ04OQ02	FAIL
BinomialTheoremOQ03	PASS
BinomialTheoremOQ03OQ01	PASS
BinomialTheoremOQ03OQ01OQ01	PASS
BinomialTheoremOQ03OQ01OQ02	PASS
BinomialTheoremOQ03OQ01OQ03	PASS
BinomialTheoremOQ03OQ02	PASS
BinomialTheoremOQ03OQ02OQ03	FAIL
BinomialTheoremOQ03OQ02OQ03OQ01	PASS
BinomialTheoremOQ03OQ03	PASS
BinomialTheoremOQ04	FAIL
BinomialTheoremOQ04OQ01	PASS
BinomialTheoremOQ04OQ01OQ03	PASS
BinomialTheoremOQ04OQ02	PASS
BinomialTheoremOQ04OQ02OQ01	PASS
BinomialTheoremOQ04OQ02OQ03	PASS
BinomialTheoremOQ04OQ03	PASS
BinomialTheoremOQ04OQ04	PASS
BinomialTheoremOQ05	PASS
BinomialTheoremOQ05OQ01	PASS
BinomialTheoremOQ05OQ02	PASS
BinomialTheoremOQ06OQ01	PASS
BinomialTheoremOQ06OQ01OQ02	PASS
BirchSwinnertonDyer	FAIL
BirchSwinnertonDyerAristotle	PASS
BirchSwinnertonDyerOQ01	FAIL
BirchSwinnertonDyerOQ06	FAIL
BirchSwinnertonDyerOQ06OQ01	PASS
BirchSwinnertonDyerOQ06OQ02	FAIL
BirthdayProblem	FAIL
BirthdayProblemAsymptotics	PASS
BirthdayProblemOQ01	FAIL
BirthdayProblemOQ01OQ01	FAIL
BirthdayProblemOQ01OQ01Aristotle	FAIL
BirthdayProblemOQ01OQ01OQ03	FAIL
BirthdayProblemOQ01OQ01OQ03Schur	PASS
BirthdayProblemOQ01OQ02	PASS
BirthdayProblemOQ02	PASS
BirthdayProblemOQ02OQ01	FAIL
BirthdayProblemOQ02OQ01OQ02	PASS
BirthdayProblemOQ02OQ01OQ02OQ01	PASS
BirthdayProblemOQ02OQ01OQ02OQ01OQ01	PASS
BirthdayProblemOQ02OQ01OQ02OQ02	PASS
BirthdayProblemOQ02OQ01OQ03	PASS
BirthdayProblemOQ03	PASS
BirthdayProblemOQ03OQ01	FAIL
BirthdayProblemOQ03OQ01OQ01	TIMEOUT
BirthdayProblemOQ03OQ01OQ01OQ02	PASS
BirthdayProblemOQ03OQ01OQ01OQ03	PASS
BirthdayProblemOQ03OQ01OQ01OQ03OQ01	PASS
BirthdayProblemOQ03OQ01OQ01OQ03OQ03	PASS
BirthdayProblemOQ03OQ01OQ01OQ05	PASS
BirthdayProblemOQ03OQ01OQ01OQ05OQ01	PASS
BirthdayProblemOQ03OQ01OQ02	FAIL
BirthdayProblemOQ03OQ03	FAIL
BonferroniInequalities	PASS
BorsukUlam	PASS
BorsukUlamOQ01	PASS
BorsukUlamOQ02	FAIL
BorsukUlamOQ02OQ01	PASS
BorsukUlamOQ02OQ01OQ01	PASS
BorsukUlamOQ02OQ01OQ01OQ02	FAIL
BorsukUlamOQ02OQ01OQ01OQ02OQ03	FAIL
BorsukUlamOQ02OQ01OQ01OQ02OQ03OQ01	FAIL
BorsukUlamOQ02OQ01OQ01OQ02OQ03OQ02	PASS
BorsukUlamOQ02OQ01OQ02	PASS
BorsukUlamOQ02OQ01OQ03	PASS
BorsukUlamOQ02OQ01OQ03OQ01	PASS
BorsukUlamOQ02OQ01OQ03OQ02	PASS
BorsukUlamOQ02OQ01OQ04	FAIL
BorsukUlamOQ02OQ01OQ04OQ01	FAIL
BorsukUlamOQ02OQ02	FAIL
BorsukUlamOQ02OQ02WIP01	PASS
BorsukUlamOQ02OQ03	FAIL
BorsukUlamOQ02OQ04	PASS
BorsukUlamOQ03	FAIL
BorsukUlamOQ03OQ01	FAIL
BorsukUlamOQ03OQ01OQ01	PASS
BorsukUlamOQ03OQ02	FAIL
BorsukUlamOQ03OQ03	FAIL
BorsukUlamOQ03OQ04	PASS
BorsukUlamOQ04	PASS
BorsukUlamOQ04OQ03	FAIL
BoundedPrimeGaps	PASS
BoundedPrimeGapsOQ01	PASS
BoundedPrimeGapsOQ01OQ01	PASS
BoundedPrimeGapsOQ01OQ02	FAIL
BoundedPrimeGapsOQ01OQ03	PASS
BoundedPrimeGapsOQ02	PASS
BoundedPrimeGapsOQ02Chebyshev	PASS
BoundedPrimeGapsOQ03	PASS
BoundedPrimeGapsOQ03OQ01	FAIL
BoundedPrimeGapsOQ03OQ01ChebyshevLower	PASS
BoundedPrimeGapsOQ03OQ01OQ01	FAIL
BoundedPrimeGapsOQ03OQ01OQ01OQ01	FAIL
BoundedPrimeGapsOQ03OQ01OQ04	FAIL
BoundedPrimeGapsOQ03OQ02	FAIL
BoundedPrimeGapsOQ03OQ03	FAIL
BoundedPrimeGapsOQ04	FAIL
BoundedPrimeGapsOQ04OQ01	FAIL
BoundedPrimeGapsOQ04OQ01Aristotle	FAIL
BoundedPrimeGapsOQ04OQ01Incomplete01	PASS
BoundedPrimeGapsOQ04OQ01Incomplete01OQ01	PASS
BoundedPrimeGapsOQ04OQ01WIP01	PASS
BoundedPrimeGapsOQ04OQ02	FAIL
BoundedPrimeGapsOQ04OQ03	PASS
BoundedPrimeGapsOQ05	PASS
BoundedPrimeGapsSieve	PASS
BoundedPrimeGapsTPC	PASS
BrianchonTheorem	FAIL
BrianchonTheoremAristotle	PASS
BrianchonTheoremOQ01OQ01	PASS
BrianchonTheoremOQ01OQ01OQ01	PASS
BrianchonTheoremOQ01OQ02	FAIL
BritishFlagDefect	PASS
BritishFlagEvenMomentOQ010202	PASS
BritishFlagFourthMomentOQ010201	PASS
BritishFlagOrthotopeOQ0102	PASS
BritishFlagParallelepipedOQ010201	PASS
BritishFlagSimplexOQ010102	PASS
BritishFlagTheorem	PASS
BritishFlagTheoremOQ0103	PASS
BritishFlagTheoremOQ01OQ01	PASS
BrouwerFixedPoint	PASS
BrouwerFixedPointOQ01	PASS
BrouwerFixedPointOQ01OQ01	PASS
BrouwerFixedPointOQ01OQ02	PASS
BrouwerFixedPointOQ01OQ02G10	PASS
BrouwerFixedPointOQ01OQ02G11	PASS
BrouwerFixedPointOQ01OQ02G12	PASS
BrouwerFixedPointOQ01OQ02G6	PASS
BrouwerFixedPointOQ01OQ02G7	PASS
BrouwerFixedPointOQ01OQ02G8	PASS
BrouwerFixedPointOQ01OQ02OQ01	PASS
BrouwerFixedPointOQ01OQ02OQ02	PASS
BrouwerFixedPointOQ01OQ02OQ03	PASS
BrouwerFixedPointOQ01OQ02OQ03OQ01	FAIL
BrouwerFixedPointOQ01OQ03	FAIL
BrouwerFixedPointOQ01OQ03OQ01	FAIL
BrouwerFixedPointOQ01OQ03OQ01OQ01	FAIL
BrouwerFixedPointOQ02	FAIL
BrouwerFixedPointOQ02Ext	PASS
BrouwerFixedPointOQ02OQ01	FAIL
BrouwerFixedPointOQ02OQ02	FAIL
BrouwerFixedPointOQ02OQ02OQ01	FAIL
BrouwerFixedPointOQ02OQ02OQ01Adversary	PASS
BrouwerFixedPointOQ02OQ02OQ01AdversaryFamily	PASS
BrouwerFixedPointOQ02OQ02OQ01Iteration	FAIL
BrouwerFixedPointOQ02OQ02OQ01Tightness	PASS
BrouwerFixedPointOQ02OQ03	FAIL
BrouwerFixedPointOQ02Stability	PASS
BrouwerFixedPointOQ04	PASS
BrouwerFixedPointOQ04OQ01	PASS
BrouwerFixedPointOQ04OQ02	FAIL
BrouwerFixedPointOQ04OQ03	FAIL
BrouwerFixedPointOQ04OQ03OQ01	PASS
BrouwerFixedPointOQ04OQ04	FAIL
BuffonConstantAsymptotic	FAIL
BuffonsNeedle	PASS
BuffonsNeedleOQ01	FAIL
BuffonsNeedleOQ01OQ01	FAIL
BuffonsNeedleOQ01OQ01OQ01	FAIL
BuffonsNeedleOQ01OQ01OQ01OQ02	PASS
BuffonsNeedleOQ01OQ01OQ02	FAIL
BuffonsNeedleOQ01OQ01OQ04	FAIL
BuffonsNeedleOQ01OQ01OQ04OQ01	FAIL
BuffonsNeedleOQ01OQ01OQ04OQ01Beta	FAIL
BuffonsNeedleOQ01OQ01OQ04OQ01OQ01OQ01	FAIL
BuffonsNeedleOQ01OQ01OQ04OQ01OQ01OQ01OQ02	PASS
BuffonsNeedleOQ01OQ01OQ05	FAIL
BuffonsNeedleOQ01OQ02	FAIL
BuffonsNeedleOQ01OQ02OQ01	PASS
BuffonsNeedleOQ01OQ04	FAIL
BuffonsNeedleOQ01OQ04OQ01	PASS
BuffonsNeedleOQ02	FAIL
BuffonsNeedleOQ02OQ01	FAIL
BuffonsNeedleOQ02OQ01OQ01	FAIL
BuffonsNeedleOQ02OQ02	FAIL
BuffonsNeedleOQ02OQ02OQ01	PASS
BuffonsNeedleOQ02OQ02OQ01OQ01	PASS
BuffonsNeedleOQ02OQ02OQ01OQ01OQ01	PASS
BuffonsNeedleOQ02OQ03	FAIL
BuffonsNoodle	FAIL
BuffonsNoodleOQ01	FAIL
BuffonsNoodleOQ01OQ01	FAIL
BuffonsNoodleOQ01OQ02	FAIL
BuffonsNoodleOQ02	FAIL
BuffonsNoodleOQ03	PASS
BuffonsNoodleOQ03OQ01	FAIL
BuffonsNoodleOQ03OQ02	PASS
BurnsideCounting	PASS
BurnsideCountingOQ03	PASS
BurnsideCountingOQ03Aristotle	FAIL
BurnsideCountingOQ03OQ02	PASS
BurnsideCountingOQ03OQ02OQ01	PASS
BurnsideCountingOQ03OQ02OQ01OQ02	PASS
BurnsideCountingOQ03OQ02OQ02	PASS
BurnsideCountingOQ03OQ03	FAIL
BurnsideCountingOQ04	PASS
BurnsideCountingOQ04OQ01	PASS
BurnsideCountingOQ04OQ01OQ01	PASS
BurnsideCountingOQ04OQ01OQ01OQ01	PASS
BurnsideCountingOQ04OQ01OQ02	PASS
BurnsideCountingOQ04OQ02	PASS
BurnsideCountingOQ04OQ02OQ01	PASS
BurnsideCountingOQ04OQ02OQ02	PASS
BurnsideCountingOQ05	PASS
BurnsideCountingOQ05OQ01	PASS
BurnsideCountingOQ05OQ02	PASS
BurnsideCountingOQ06	PASS
BurnsideCountingOQ06OQ01	PASS
BurnsideCountingOQ06OQ02	PASS
BurnsidePaQbSolvable	PASS
CantorDiagonalization	PASS
CantorDiagonalizationOQ01	PASS
CantorDiagonalizationOQ01OQ01	FAIL
CantorDiagonalizationOQ01OQ01OQ02	FAIL
CantorDiagonalizationOQ01OQ01OQ02OQ01	FAIL
CantorDiagonalizationOQ01OQ01OQ02OQ01Phase3b	FAIL
CantorDiagonalizationOQ01OQ01OQ02OQ03	FAIL
CantorDiagonalizationOQ01OQ01OQ03	PASS
CantorDiagonalizationOQ01OQ01Wip01	PASS
CantorDiagonalizationOQ01OQ02	PASS
CantorDiagonalizationOQ01OQ03	PASS
CantorDiagonalizationOQ02	PASS
CantorDiagonalizationOQ02OQ01	PASS
CantorDiagonalizationOQ02OQ03	FAIL
CantorDiagonalizationOQ02OQ03OQ02	PASS
CantorDiagonalizationOQ02OQ03OQ02Aristotle	PASS
CantorDiagonalizationOQ02OQ03OQ02OQ01	PASS
CantorDiagonalizationOQ03	FAIL
CantorDiagonalizationOQ03OQ01	PASS
CantorDiagonalizationOQ03OQ01Incomplete01	FAIL
CantorDiagonalizationOQ03OQ01Incomplete01OQ01	PASS
CantorDiagonalizationOQ03OQ01Incomplete01OQ01OQ03	PASS
CantorDiagonalizationOQ03OQ01OQ02	PASS
CantorDiagonalizationOQ03OQ01OQ03	PASS
CantorDiagonalizationOQ03OQ01OQ04	PASS
CantorDiagonalizationOQ03OQ02	PASS
CantorDiagonalizationOQ04	FAIL
CantorDiagonalizationOQ04OQ01	FAIL
CantorDiagonalizationOQ04OQ01OQ01	FAIL
CantorDiagonalizationOQ04OQ01OQ01OQ01	FAIL
CantorDiagonalizationOQ04OQ01OQ03	PASS
CantorDiagonalizationOQ04OQ03	FAIL
CantorDiagonalizationOQ04OQ03Aristotle	FAIL
CantorDiagonalizationOQ05	PASS
CantorDiagonalizationOQ06	PASS
CantorDiagonalizationOQ07	PASS
CantorDiagonalizationOQ07OQ01	PASS
CantorsTheorem	PASS
CantorsTheoremOQ01	FAIL
CantorsTheoremOQ01OQ01	FAIL
CantorsTheoremOQ01OQ02	FAIL
CantorsTheoremOQ01OQ03	FAIL
CantorsTheoremOQ01OQ03OQ04	FAIL
CantorsTheoremOQ01OQ04	PASS
CantorsTheoremOQ02	PASS
CantorsTheoremOQ02OQ03	PASS
CantorsTheoremOQ02OQ04	PASS
CantorsTheoremOQ03	PASS
CantorsTheoremOQ03OQ02	PASS
CantorsTheoremOQ05	PASS
CarnotTheorem	PASS
CarnotTheoremOQ01OQ01	PASS
CarnotTheoremOQ01OQ01OQ01	PASS
CarnotTheoremOQ01OQ01OQ02	PASS
CarnotTheoremOQ01OQ02	PASS
CarnotTheoremOQ01OQ03	PASS
CarnotTheoremOQ01OQ03OQ01	PASS
CarnotTheoremOQ01OQ03OQ02	PASS
CassiniIdentityOQ01	PASS
CassiniIdentityOQ01OQ01	PASS
CassiniIdentityOQ01OQ01OQ01	PASS
CassiniIdentityOQ01OQ02	PASS
CastingOutNines	PASS
CatalanAndreReflection	PASS
CatalanGeneralizedBallot	PASS
CatalanNumbersOQ01	PASS
CatalanNumbersOQ01OQ01OQ02	PASS
CatalanNumbersOQ01OQ01OQ02OQ03	PASS
CatalanNumbersOQ01OQ01OQ02OQ04	FAIL
CatalanNumbersOQ01OQ01OQ03	PASS
CatalanNumbersOQ01OQ02	PASS
CatalanNumbersOQ01OQ02OQ01	PASS
CatalanNumbersOQ01OQ02OQ01OQ01	PASS
CatalanNumbersOQ01OQ02OQ02	PASS
CatalanNumbersOQ01OQ04	PASS
CatalanNumbersOQ01OQ04OQ02	FAIL
CatalanNumbersOQ05	PASS
CatalanNumbersOQ05OQ01	PASS
CatalanNumbersOQ05OQ02	PASS
CatalanNumbersOQ05OQ02OQ01	FAIL
CatalanReflectionFormOQ01	PASS
CauchyGroupTheoremOQ01	PASS
CauchyGroupTheoremOQ01OQ01	PASS
CauchyGroupTheoremOQ01OQ01OQ01	PASS
CauchyGroupTheoremOQ01OQ01OQ01OQ01	PASS
CauchyGroupTheoremOQ01OQ01OQ01OQ01OQ03	PASS
CauchyGroupTheoremOQ01OQ01OQ01OQ01OQ03OQ02	PASS
CauchyGroupTheoremOQ01OQ01OQ01OQ01OQ03OQ02OQ01	PASS
CauchyGroupTheoremOQ01OQ01OQ01OQ01OQ03OQ02OQ01OQ02	PASS
CauchyGroupTheoremOQ01OQ01OQ01OQ01OQ03OQ02OQ02	PASS
CauchyGroupTheoremOQ01OQ01OQ01OQ03	PASS
CauchyGroupTheoremOQ01OQ02	PASS
CauchyGroupTheoremOQ01OQ02OQ03	PASS
CauchyGroupTheoremOQ01OQ03	PASS
CauchyInterlacingAssembly	PASS
CauchyInterlacingCompression	PASS
CauchyInterlacingIsometryConj	FAIL
CauchyInterlacingKeystone	PASS
CauchyInterlacingKyFan	PASS
CauchyInterlacingMajorizationPositivity	FAIL
CauchyInterlacingOQ01OQ01	PASS
CauchyInterlacingOQ01OQ01OQ01	FAIL
CauchyInterlacingOQ01OQ01OQ01OQ01	FAIL
CauchyInterlacingOQ01OQ01OQ01OQ03	PASS
CauchyInterlacingOQ01OQ01OQ02	PASS
CauchyInterlacingOQ030101Stability	PASS
CauchyInterlacingOQ030102Residual	PASS
CauchyInterlacingPoincare	PASS
CauchyInterlacingPoincareCompression	FAIL
CauchyInterlacingPoincareSubmatrix	PASS
CauchyInterlacingWeyl	PASS
CauchyInterlacingWeylDual	FAIL
CauchySchwarz	FAIL
CauchySchwarzIntegral	PASS
CauchySchwarzIntegralLpDualityAnnihilator	PASS
CauchySchwarzIntegralLpDualityConsistency	PASS
CauchySchwarzIntegralLpDualityExtension	PASS
CauchySchwarzIntegralLpDualityGluing	FAIL
CauchySchwarzIntegralLpDualityIngredients	FAIL
CauchySchwarzIntegralLpDualityMaximal	FAIL
CauchySchwarzIntegralLpDualitySpanning	PASS
CauchySchwarzIntegralLpDualitySynthesis	FAIL
CauchySchwarzIntegralLpSigmaFiniteSupport	PASS
CauchySchwarzIntegralOQ01	PASS
CauchySchwarzIntegralOQ01OQ01	PASS
CauchySchwarzIntegralOQ01OQ01OQ01	PASS
CauchySchwarzIntegralOQ01OQ01OQ01OQ02	FAIL
CauchySchwarzIntegralOQ01OQ01OQ01OQ02OQ01OQ01	PASS
CauchySchwarzIntegralOQ01OQ01OQ01OQ02OQ01OQ01OQ01	PASS
CauchySchwarzIntegralOQ01OQ01OQ01OQ02OQ02	PASS
CauchySchwarzIntegralOQ01OQ01OQ01OQ02OQ03	FAIL
CauchySchwarzIntegralOQ01OQ01OQ01OQ02OQ03OQ02	PASS
CauchySchwarzIntegralOQ01OQ01OQ01OQ02OQ03OQ02OQ02	PASS
CauchySchwarzIntegralOQ01OQ01OQ02	FAIL
CauchySchwarzIntegralOQ01OQ01OQ02OQ01	FAIL
CauchySchwarzIntegralOQ01OQ01OQ02OQ01OQ01	FAIL
CauchySchwarzIntegralOQ01OQ01OQ02OQ01OQ01Incomplete01	FAIL
CauchySchwarzIntegralOQ01OQ01OQ02OQ01OQ01Incomplete01Infra	FAIL
CauchySchwarzIntegralOQ01OQ01OQ02OQ01OQ01Incomplete01Loc	FAIL
CauchySchwarzIntegralOQ01OQ01OQ02OQ01OQ01Incomplete01Norm	FAIL
CauchySchwarzIntegralOQ01OQ01OQ02OQ01OQ01Incomplete01OQ01	PASS
CauchySchwarzIntegralOQ01OQ02	PASS
CauchySchwarzIntegralOQ01OQ02OQ01	PASS
CauchySchwarzIntegralOQ01OQ03	FAIL
CauchySchwarzIntegralOQ01OQ03OQ01	FAIL
CauchySchwarzIntegralOQ02	PASS
CauchySchwarzIntegralOQ02OQ01	PASS
CauchySchwarzIntegralOQ02OQ02	FAIL
CauchySchwarzIntegralOQ02OQ02OQ01	FAIL
CauchySchwarzIntegralOQ02OQ03	PASS
CauchySchwarzIntegralOQ02OQ03OQ01	PASS
CauchySchwarzIntegralOQ03	FAIL
CauchySchwarzIntegralOQ04	PASS
CauchySchwarzOQ01	PASS
CauchySchwarzOQ01OQ01	PASS
CauchySchwarzOQ01OQ01OQ01	FAIL
CauchySchwarzOQ01OQ01OQ02	FAIL
CauchySchwarzOQ01OQ01OQ02OQ01	FAIL
CauchySchwarzOQ01OQ02	FAIL
CauchySchwarzOQ01OQ02OQ01	PASS
CauchySchwarzOQ01OQ02OQ01OQ03	PASS
CauchySchwarzOQ01OQ03	FAIL
CauchySchwarzOQ01OQ03OQ02	PASS
CauchySchwarzOQ01OQ03OQ02OQ01	PASS
CauchySchwarzOQ01OQ04	FAIL
CauchySchwarzOQ01OQ04OQ04	PASS
CauchySchwarzOQ01OQ05	PASS
CauchySchwarzOQ01OQ05OQ01	PASS
CauchySchwarzOQ02	FAIL
CauchySchwarzOQ02OQ01	PASS
CauchySchwarzOQ02OQ02	PASS
CauchySchwarzOQ02OQ02OQ01	PASS
CauchySchwarzOQ02OQ02OQ01OQ01	PASS
CauchySchwarzOQ02OQ03	PASS
CauchySchwarzOQ02OQ04	PASS
CauchySchwarzOQ02OQ04OQ01	PASS
CauchySchwarzOQ02OQ04OQ01OQ01	PASS
CauchySchwarzOQ02OQ04OQ02	PASS
CauchySchwarzOQ02OQ05	PASS
CauchySchwarzOQ03	FAIL
CauchySchwarzOQ03OQ01	PASS
CauchySchwarzOQ03OQ02	FAIL
CauchySchwarzOQ03OQ02OQ01	FAIL
CauchySchwarzOQ03OQ03	PASS
CauchySchwarzOQ04	PASS
CauchySchwarzOQ04OQ01	PASS
CauchySchwarzOQ04OQ02	PASS
CauchySchwarzOQ04OQ02OQ01	PASS
CauchySchwarzOQ05	PASS
CauchySchwarzOQ05OQ01	PASS
CauchySchwarzOQ05OQ02	PASS
CauchySchwarzOQ06	PASS
CauchySchwarzOQ06OQ01	PASS
CauchySchwarzOQ07	PASS
CauchySchwarzOQ07OQ01	FAIL
CauchySchwarzOQ07OQ02	PASS
CauchySchwarzOQ08	PASS
CauchySchwarzOQ08OQ01	PASS
CayleyHamilton	PASS
CayleyHamiltonCyclicVectorAllFields	PASS
CayleyHamiltonCyclicVectorAllFieldsAristotle	PASS
CayleyHamiltonCyclicVectorAllFieldsOQ01OQ01	PASS
CayleyHamiltonCyclicVectorAllFieldsOQ01OQ02	FAIL
CayleyHamiltonCyclicVectorAllFieldsOQ01OQ02OQ05	PASS
CayleyHamiltonCyclicVectorAllFieldsOQ02	PASS
CayleyHamiltonCyclicVectorAllFieldsOQ02OQ01	FAIL
CayleyHamiltonCyclicVectorAllFieldsOQ02OQ02	FAIL
CayleyHamiltonCyclicVectorAllFieldsOQ02OQ02Masa	FAIL
CayleyHamiltonCyclicVectorAllFieldsOQ02OQ02Range	FAIL
CayleyHamiltonCyclicVectorAllFieldsOQ02OQ02Scalar	FAIL
CayleyHamiltonCyclicVectorAllFieldsOQ03	FAIL
CayleyHamiltonCyclicVectorAllFieldsOQ03Bridge	FAIL
CayleyHamiltonCyclicVectorAllFieldsOQ03Converse	FAIL
CayleyHamiltonCyclicVectorAllFieldsOQ03OQ02	FAIL
CayleyHamiltonCyclicVectorAllFieldsOQ03PID	PASS
CayleyHamiltonCyclicVectorCommRingOQ01	PASS
CayleyHamiltonCyclicVectorZMod4Counterexample	PASS
CayleyHamiltonMinpolyOQ01	PASS
CayleyHamiltonMinpolyOQ01OQ01	FAIL
CayleyHamiltonMinpolyOQ01OQ01OQ02	PASS
CayleyHamiltonMinpolyOQ01OQ02	PASS
CayleyHamiltonMinpolyOQ01OQ04	PASS
CayleyHamiltonMinpolyOQ02	PASS
CayleyHamiltonMinpolyOQ02OQ01	PASS
CayleyHamiltonMinpolyOQ02OQ01OQ02	FAIL
CayleyHamiltonMinpolyOQ02OQ02	FAIL
CayleyHamiltonMinpolyOQ02OQ02OQ01	PASS
CayleyHamiltonMinpolyOQ02OQ02OQ02	PASS
CayleyHamiltonMinpolyOQ02OQ03	FAIL
CayleyHamiltonMinpolyOQ03	PASS
CayleyHamiltonMinpolyOQ03Aristotle	PASS
CayleyHamiltonMinpolyOQ03OQ01	FAIL
CayleyHamiltonMinpolyOQ03OQ02	PASS
CayleyHamiltonMinpolyOQ03OQ03	PASS
CayleyHamiltonMinpolyOQ03OQ03OQ01	PASS
CayleyHamiltonMinpolyOQ04	PASS
CayleyHamiltonMinpolyOQ04Backward	FAIL
CayleyHamiltonMinpolyOQ04BackwardAristotle	FAIL
CayleyHamiltonMinpolyOQ04BackwardIncomplete01	PASS
CayleyHamiltonMinpolyOQ04BackwardIncomplete01OQ01	PASS
CayleyHamiltonMinpolyOQ04BackwardIncomplete01OQ02	PASS
CayleyHamiltonMinpolyOQ04OQ01	PASS
CayleyHamiltonMinpolyOQ05	FAIL
CayleyHamiltonMinpolyOQ05OQ01	PASS
CayleyHamiltonMinpolyOQ05OQ01OQ01	FAIL
CayleyHamiltonMinpolyOQ05OQ01OQ02	FAIL
CayleyHamiltonMinpolyOQ05OQ01OQ03	PASS
CayleyHamiltonMinpolyOQ05OQ01OQ04	PASS
CayleyHamiltonMinpolyOQ05OQ01OQ04WIP01	FAIL
CayleyHamiltonMinpolyOQ05OQ01OQ04WIP02	PASS
CayleyHamiltonMinpolyOQ05OQ01OQ04WIP03	FAIL
CayleyHamiltonMinpolyOQ05OQ01OQ04WIP04	PASS
CayleyHamiltonMinpolyOQ05OQ01OQ04WIP05	PASS
CayleyHamiltonMinpolyOQ05OQ02	FAIL
CayleyHamiltonMinpolyOQ05OQ02OQ03	FAIL
CayleyHamiltonMinpolyOQ06	PASS
CayleyHamiltonMinpolyOQ06OQ01	PASS
CayleyHamiltonMinpolyOQ06OQ02	PASS
CayleyHamiltonMinpolyOQ07	PASS
CayleyHamiltonMinpolyOQ07OQ01	PASS
CayleyHamiltonMinpolyOQ07OQ02	PASS
CayleyHamiltonOQ01	FAIL
CayleyHamiltonOQ01OQ01	FAIL
CayleyHamiltonOQ01OQ01OQ01	FAIL
CayleyHamiltonOQ01OQ01OQ01OQ01	FAIL
CayleyHamiltonOQ01OQ02	FAIL
CayleyHamiltonOQ01OQ03	FAIL
CayleyHamiltonOQ01OQ04	PASS
CayleyHamiltonOQ02	FAIL
CayleyHamiltonOQ02OQ01	PASS
CayleyHamiltonOQ02OQ01Analytic	FAIL
CayleyHamiltonOQ02OQ02	PASS
CayleyHamiltonOQ02OQ02OQ01	PASS
CayleyHamiltonOQ02OQ04	PASS
CayleyHamiltonOQ04	PASS
CayleyHamiltonOQ04OQ01	PASS
CayleyHamiltonOQ04OQ02	FAIL
CayleyHamiltonReductionOQ01	FAIL
CayleyHamiltonReductionOQ01OQ02	FAIL
CayleyHamiltonReductionOQ01OQ02OQ01	PASS
CayleyHamiltonReductionOQ02	FAIL
CayleyHamiltonReductionOQ02OQ01	PASS
CayleyHamiltonReductionOQ02OQ01Aristotle	PASS
CayleyHamiltonReductionOQ02OQ01WIP01	PASS
CayleyHamiltonReductionOQ02OQ03	PASS
CayleyMengerDeterminantOQ0503	PASS
CayleyMengerHeronOQ05	PASS
CayleyMengerHeronOQ0503	PASS
CayleysTheoremOQ01	PASS
CayleysTheoremOQ01OQ01	PASS
CayleysTheoremOQ01OQ01OQ01	PASS
CayleysTheoremOQ01OQ01OQ02	PASS
CayleysTheoremOQ01OQ01OQ02OQ01	PASS
CayleysTheoremOQ01OQ01OQ02OQ01OQ02	PASS
CayleysTheoremOQ01OQ01OQ02OQ01OQ02OQ01	PASS
CayleysTheoremOQ01OQ01OQ02OQ01OQ02OQ01OQ01	PASS
CayleysTheoremOQ01OQ01OQ02OQ02	PASS
CayleysTheoremOQ01OQ01OQ02OQ02OQ01	FAIL
CayleysTheoremOQ01OQ02	PASS
CayleysTheoremOQ01OQ02OQ02	FAIL
CenteredHexagonalSum	PASS
CenteredHexagonalSumOQ01OQ01	PASS
CenteredHexagonalSumOQ01OQ02	PASS
CentralLimitTheorem	FAIL
CentralLimitTheoremOQ01	PASS
CentralLimitTheoremOQ01OQ01	FAIL
CentralLimitTheoremOQ01OQ01OQ01	PASS
CentralLimitTheoremOQ01OQ01OQ03	PASS
CentralLimitTheoremOQ01OQ01OQ04	FAIL
CentralLimitTheoremOQ01OQ02	PASS
CentralLimitTheoremOQ01OQ02OQ01	PASS
CentralLimitTheoremOQ01OQ02OQ01OQ01	FAIL
CentralLimitTheoremOQ01OQ02OQ01OQ03	FAIL
CentralLimitTheoremOQ01OQ03	FAIL
CentralLimitTheoremOQ01OQ04	PASS
CentralLimitTheoremOQ02	FAIL
CentralLimitTheoremOQ02Aristotle	FAIL
CentralLimitTheoremOQ02OQ02	FAIL
CentralLimitTheoremOQ02OQ03	FAIL
CentralLimitTheoremOQ02OQ04	FAIL
CentralLimitTheoremOQ03	FAIL
CentralLimitTheoremOQ03OQ01	FAIL
CentralLimitTheoremOQ03OQ01Aristotle	FAIL
CentralLimitTheoremOQ03OQ02	PASS
CentralLimitTheoremOQ04	PASS
CevasTheorem	FAIL
CevasTheoremNonEuclidean	FAIL
CevasTheoremNonEuclideanOQ01	FAIL
CevasTheoremNonEuclideanOQ01OQ01	FAIL
CevasTheoremNonEuclideanOQ01OQ02	FAIL
CevasTheoremNonEuclideanOQ02	FAIL
CevasTheoremNonEuclideanOQ02OQ01	PASS
CevasTheoremNonEuclideanOQ02OQ01OQ01	PASS
CevasTheoremNonEuclideanOQ03	FAIL
CevasTheoremOQ01	PASS
CevasTheoremOQ01OQ01	PASS
CevasTheoremOQ01OQ03	FAIL
CevasTheoremOQ02	PASS
CevasTheoremOQ02OQ01	PASS
CevasTheoremOQ02OQ01OQ02	PASS
CevasTheoremOQ02OQ01OQ02OQ01	PASS
CevasTheoremOQ02OQ01OQ03	PASS
CevasTheoremOQ02OQ02	PASS
CevasTheoremOQ02OQ04	PASS
CevasTheoremOQ02OQ04OQ01	PASS
CevasTheoremOQ04	PASS
CevasTheoremOQ04OQ01	PASS
CevasTheoremOQ04OQ01OQ01	PASS
CevasTheoremOQ04OQ04	PASS
CevasTheoremOQ04OQ04OQ02	PASS
CevasTheoremSinRatio	PASS
ChebyshevBounds	PASS
ChebyshevBoundsOQ02	PASS
ChebyshevBoundsOQ02OQ01	PASS
ChebyshevBoundsOQ02OQ01OQ01	PASS
ChebyshevBoundsOQ02OQ01OQ02	PASS
ChebyshevBoundsOQ02OQ02	PASS
ChebyshevBoundsOQ03	FAIL
ChebyshevBoundsOQ03OQ01	PASS
ChebyshevBoundsOQ03OQ02	FAIL
ChebyshevBoundsOQ04	PASS
ChebyshevBoundsOQ04Aristotle	FAIL
ChebyshevBoundsOQ04OQ01	PASS
ChebyshevBoundsOQ04OQ01Mertens	PASS
ChebyshevBoundsOQ04OQ01OQ01WeakMertensStatementOnly	PASS
ChebyshevBoundsOQ06	PASS
ChebyshevBoundsOQ0601	FAIL
ChebyshevCovarianceOQ010303	PASS
ChebyshevPNTBridge	PASS
ChebyshevPNTBridgeOQ01	FAIL
ChebyshevPNTBridgeOQ01Aristotle	PASS
ChebyshevPNTBridgeOQ01OQ02	PASS
ChebyshevPNTBridgeOQ01OQ04	PASS
ChebyshevPNTBridgeOQ02	PASS
ChebyshevPNTBridgeOQ03	PASS
ChebyshevPNTBridgeOQ03OQ01	PASS
ChebyshevPNTBridgeOQ04	FAIL
ChebyshevPNTBridgeOQ04Tail	PASS
ChebyshevPNTBridgeOQ05	PASS
ChebyshevPNTBridgeOQ05OQ01	PASS
ChebyshevPNTBridgeOQ06	PASS
ChebyshevPNTBridgeOQ06OQ01	PASS
ChebyshevPNTBridgeOQ06OQ02	PASS
ChebyshevPolynomialsOQ01	PASS
ChebyshevPolynomialsOQ01OQ01	PASS
ChebyshevPolynomialsOQ01OQ01OQ01	PASS
ChebyshevPolynomialsOQ01OQ02	PASS
ChebyshevSumIntegralOQ0103	PASS
ChebyshevSumIntegralOQ01OQ01OQ01	PASS
ChebyshevSumMonotoneOQ01	PASS
ChebyshevSumWeightedOQ01OQ01	PASS
ChebyshevSumWeightedOQ01OQ01OQ02	PASS
ChebyshevSumWeightedOQ01OQ01OQ03	PASS
ChebyshevThetaFourPow	PASS
ChevalleyWarningTheoremOQ01	PASS
ChevalleyWarningTheoremOQ01OQ01	PASS
ChevalleyWarningTheoremOQ01OQ01OQ01	PASS
ChevalleyWarningTheoremOQ01OQ02	PASS
ChineseRemainderConstructive	PASS
ChineseRemainderConstructiveOQ03	FAIL
ChineseRemainderConstructiveOQ03OQ01	PASS
ChineseRemainderConstructiveOQ03OQ02	PASS
ChineseRemainderConstructiveOQ03OQ03	FAIL
ChineseRemainderConstructiveOQ04	PASS
ChineseRemainderConstructiveOQ04OQ02	PASS
ChineseRemainderConstructiveOQ04OQ03	FAIL
ChineseRemainderConstructiveOQ04OQ04	PASS
ChineseRemainderConstructiveOQ04OQ05	PASS
ChineseRemainderConstructiveOQ05	PASS
ChineseRemainderConstructiveOQ05OQ01	PASS
ChineseRemainderConstructiveOQ05OQ01OQ01	PASS
ChineseRemainderConstructiveOQ05OQ02	PASS
ChineseRemainderExplicitOQ04OQ03OQ01	FAIL
ChineseRemainderNonCoprime	PASS
ChineseRemainderNonCoprimeList	FAIL
ChineseRemainderNonCoprimeOQ01	FAIL
ChineseRemainderNonCoprimeOQ01OQ01	FAIL
ChineseRemainderNonCoprimeOQ02	FAIL
ChineseRemainderNonCoprimeOQ02OQ01	FAIL
ChineseRemainderNonCoprimeOQ03	PASS
ChineseRemainderNonCoprimeOQ03Aristotle	PASS
ChineseRemainderNonCoprimeOQ03OQ01	PASS
ChineseRemainderNonCoprimeOQ03OQ02	FAIL
ChineseRemainderNonCoprimeOQ03OQ03	PASS
ChineseRemainderNonCoprimeOQ04	PASS
CircumferenceFromArea	FAIL
CircumferenceViaDifferentiation	PASS
CircumferenceViaDifferentiationOQ01	FAIL
CircumferenceViaDifferentiationOQ01OQ02	PASS
CircumferenceViaDifferentiationOQ02	FAIL
CircumferenceViaDifferentiationOQ03	FAIL
CollatzCycles	PASS
CollatzCyclesOQ02	PASS
CollatzCyclesOQ02OQ01	PASS
CollatzCyclesOQ03	PASS
CollatzCyclesOQ04	FAIL
CollatzStructured	PASS
CollatzStructuredOQ01	PASS
CollatzStructuredOQ02OQ01	FAIL
CollatzStructuredOQ02OQ02	PASS
CollatzStructuredOQ02OQ03	PASS
CollatzStructuredOQ03	FAIL
CollatzStructuredOQ03OQ03	PASS
CombinationsFigurateClosedForm	PASS
CombinationsFigurateDescClosedForm	PASS
CombinationsFigurateTower	PASS
CombinationsFormula	PASS
CombinationsFormulaOQ01	PASS
CombinationsFormulaOQ01OQ01	PASS
CombinationsFormulaOQ01OQ01OQ01	PASS
CombinationsFormulaOQ01OQ01OQ01OQ02	PASS
CombinationsFormulaOQ01OQ01OQ02	PASS
CombinationsFormulaOQ01OQ02	PASS
CombinationsFormulaOQ01OQ03	PASS
CombinationsFormulaOQ01OQ04	FAIL
CombinationsFormulaOQ02	FAIL
CombinationsFormulaOQ02Aristotle	FAIL
CombinationsFormulaOQ02OQ01	PASS
CombinationsFormulaOQ02OQ02	PASS
CombinationsFormulaOQ02OQ03	PASS
CombinationsFormulaOQ03	PASS
CombinationsFormulaOQ0302	PASS
CombinationsFormulaOQ03OQ03	PASS
CombinationsFormulaOQ03OQ06	FAIL
CombinationsFormulaOQ04	PASS
CombinationsFormulaOQ04OQ01	PASS
CombinationsFormulaOQ04OQ03	PASS
CombinationsFormulaOQ05	PASS
CombinationsFormulaOQ05OQ01	PASS
CombinationsFormulaOQ05OQ01OQ01	PASS
CombinationsFormulaOQ05OQ01OQ01OQ01	PASS
CombinationsFormulaOQ05OQ02	PASS
CombinationsFormulaOQ06	PASS
CombinationsFormulaOQ06OQ02	PASS
CombinationsFormulaOQ06OQ03	PASS
CombinationsFormulaOQ07	PASS
CombinationsFormulaOQ07OQ01	PASS
CombinationsFormulaOQ07OQ01OQ01	PASS
CombinationsFormulaOQ07OQ02	PASS
CombinationsFormulaOQ07OQ03	PASS
CombinationsFormulaOQ07OQ03OQ01	PASS
CombinationsFormulaOQ07OQ04	PASS
CombinationsFormulaOQ07OQ04OQ01	PASS
CombinationsFormulaOQ07OQ04OQ01OQ02	FAIL
CombinationsFormulaOQ07OQ04OQ01OQ02OQ01	FAIL
CombinationsFormulaOQ07OQ04OQ01OQ03	PASS
CombinationsFormulaOQ07OQ04OQ01OQ03OQ01	PASS
CombinationsFormulaOQ07OQ04OQ02	PASS
CombinationsFormulaOQ07OQ05	PASS
CombinationsFormulaOQ07OQ06	PASS
CombinationsFormulaOQ08	PASS
CombinationsFormulaOQ08OQ01	PASS
CombinationsFormulaOQ08OQ02	PASS
CombinationsFormulaOQ09	PASS
CombinationsFormulaOQ09OQ01	PASS
CombinationsFormulaOQ10	PASS
CombinationsFormulaOQ10OQ01	PASS
CompactnessFiniteSubcover	PASS
CompactnessFiniteSubcoverOQ01OQ02OQ01OQ02	PASS
CompactnessFiniteSubcoverOq01Oq01	PASS
CompactnessFiniteSubcoverOq01Oq01Oq01	PASS
CompactnessFiniteSubcoverOq01Oq02	PASS
CompactnessFiniteSubcoverOq01Oq02Oq01	PASS
CompactnessFiniteSubcoverOq01Oq02Oq02	PASS
CompactnessFiniteSubcoverOq02	PASS
CompactnessFiniteSubcoverOq02Oq01	PASS
CompactnessFiniteSubcoverOq02Oq02	PASS
ComplexityCore	FAIL
CompositionCard2PowOQ01	PASS
CompositionCard2PowOQ01OQ01	PASS
CompositionPartsChooseOQ01	PASS
CompositionPartsChooseOQ01OQ01	PASS
CompositionPartsChooseOQ01OQ01OQ01	PASS
CompositionPartsChooseOQ01OQ01OQ01OQ02	PASS
CompositionPartsChooseOQ01OQ03	PASS
ConjugacyClassEquationOQ01	FAIL
ConjugacyClassEquationOQ0102	FAIL
ConjugacyClassEquationOQ01OQ01	PASS
ConnectedSpaceOQ01	PASS
ConnectedSpaceOQ01OQ01	PASS
ConnectedSpaceOQ01OQ02	PASS
ContinuumHypothesis	PASS
ContinuumHypothesisOQ01	PASS
ContinuumHypothesisOQ02	FAIL
ContinuumHypothesisOQ02OQ01	FAIL
CoprimeKTupleDensity	FAIL
CramersRule	FAIL
CramersRuleOQ01	PASS
CramersRuleOQ01OQ02	PASS
CramersRuleOQ01OQ02OQ01	PASS
CramersRuleOQ01OQ02OQ01OQ01	PASS
CramersRuleOQ01OQ02OQ03	FAIL
CramersRuleOQ01OQ03	FAIL
CramersRuleOQ01OQ04	FAIL
CramersRuleOQ01OQ04OQ03	PASS
CramersRuleOQ02	PASS
CramersRuleOQ02OQ01	PASS
CramersRuleOQ02OQ01OQ01	PASS
CramersRuleOQ02OQ02	PASS
CramersRuleOQ03	PASS
CramersRuleOQ03OQ01	PASS
CramersRuleOQ03OQ03	FAIL
CramersRuleOQ04	PASS
CramersRuleOQ04OQ01	FAIL
CramersRuleOQ04OQ01OQ01	PASS
CramersRuleOQ04OQ01OQ01OQ01	PASS
CramersRuleOQ05	FAIL
CramersRuleOQ05OQ01	FAIL
CramersRuleOQ05OQ02	FAIL
CramersRuleOQ06	PASS
CubeRoot10Irrational	FAIL
CubeRoot2Irrational	FAIL
CubeRoot2IrrationalOQ01	PASS
CubeRoot2IrrationalOQ03	PASS
CubeRoot2IrrationalOQ05	PASS
CubeRoot2IrrationalOQ05OQ01	PASS
CubeRoot2IrrationalOQ05OQ01OQ01	PASS
CubeRoot2IrrationalOQ05OQ02	PASS
CubeRoot3Irrational	FAIL
CubeRoot3IrrationalOQ01	PASS
CubeRoot3IrrationalOQ01OQ02	PASS
CubeRoot3IrrationalOQ01OQ03	PASS
CubeRoot3IrrationalOQ02	FAIL
CubeRoot3IrrationalOQ02OQ01	FAIL
CubeRoot3IrrationalOQ02OQ02	FAIL
CubeRoot3IrrationalOQ02OQ03	PASS
CubeRoot3IrrationalOQ02OQ03Aristotle	PASS
CubeRoot3IrrationalOQ02OQ04	PASS
CubeRoot3IrrationalOQ03	FAIL
CubeRoot3IrrationalOQ03OQ01	FAIL
CubeRoot3IrrationalOQ03OQ02	FAIL
CubeRoot3IrrationalOQ03OQ03	FAIL
CubeRoot3IrrationalOQ04	FAIL
CubeRoot3IrrationalOQ04A12	FAIL
CubeRoot3IrrationalOQ04Degree	FAIL
CubeRoot3IrrationalOQ04Helpers	FAIL
CubeRoot3IrrationalOQ04Mobius	FAIL
CubeRoot3IrrationalOQ04NotQuadratic	FAIL
CubeRoot3IrrationalOQ04Stream	FAIL
CubeRoot3IrrationalOQ04StreamCanonical	FAIL
CubeRoot5Irrational	FAIL
CubeRoot6Irrational	FAIL
CubeRoot7Irrational	FAIL
CubeRoot9Irrational	FAIL
CycleDoubleCover	PASS
CyclotomicPolynomialsOQ01	PASS
CyclotomicPolynomialsOQ02	PASS
CyclotomicPolynomialsOQ02OQ01	PASS
CyclotomicPolynomialsOQ02OQ02	PASS
CyclotomicPolynomialsOQ02OQ03	PASS
CyclotomicPolynomialsOQ02OQ04	FAIL
CyclotomicPolynomialsOQ02OQ05	PASS
CyclotomicPolynomialsOQ02OQ06	FAIL
DeGuaTheorem	PASS
DeMoivre	FAIL
DeMoivreOQ01	PASS
DeMoivreOQ01OQ01	PASS
DeMoivreOQ01OQ01OQ01	PASS
DeMoivreOQ01OQ01OQ01OQ01	PASS
DeMoivreOQ01OQ02	PASS
DeMoivreOQ01OQ02OQ02	PASS
DeMoivreOQ01OQ03	FAIL
DeMoivreOQ01OQ03OQ01	FAIL
DeMoivreOQ01OQ03OQ01OQ01	FAIL
DeMoivreOQ01OQ03OQ01OQ01OQ01	FAIL
DeMoivreOQ01OQ03OQ01OQ01OQ02	FAIL
DeMoivreOQ01OQ03OQ02	FAIL
DeMoivreOQ02	PASS
DeMoivreOQ02OQ02	FAIL
DeMoivreOQ02OQ02OQ01	PASS
DeMoivreOQ02OQ02OQ01OQ02	PASS
DeMoivreOQ02OQ03	PASS
DeMoivreOQ02OQ03OQ02	PASS
DeMoivreOQ02OQ03OQ02OQ01	PASS
DeMoivreOQ02OQ03OQ02OQ02	PASS
DeMoivreOQ02OQ03UniqueAristotle	PASS
DeMoivreOQ03	PASS
DeMoivreOQ03OQ01	FAIL
DeMoivreOQ03OQ01OQ01	PASS
DeMoivreOQ03OQ02	PASS
DeMoivreOQ04	PASS
DeMoivreOQ04OQ01	PASS
DeMoivreOQ04OQ03	PASS
DeMoivreOQ05	PASS
DeMoivreOQ05OQ01	PASS
DeMoivreOQ05OQ01OQ01	PASS
DeMoivreOQ05OQ01OQ01OQ01	PASS
DeMoivreOQ05OQ01OQ01OQ01OQ03	PASS
DeMoivreOQ05OQ01OQ01OQ01OQ03OQ01	PASS
DeMoivreOQ05OQ02	PASS
DeMoivreOQ05OQ02OQ03	PASS
DeMoivreOQ06	FAIL
DedekindFrobeniusBridge	FAIL
DedekindInertiaTower	PASS
DedekindKummerStep1	PASS
DedekindKummerToTower	PASS
DenumerabilityRationals	PASS
DenumerabilityRationalsOQ01	FAIL
DenumerabilityRationalsOQ02	PASS
DenumerabilityRationalsOQ02OQ02	FAIL
DenumerabilityRationalsOQ03	PASS
DenumerabilityRationalsOQ03OQ02	PASS
DenumerabilityRationalsOQ04	FAIL
DenumerabilityRationalsOQ04OQ04	PASS
DenumerabilityRationalsOQ05	PASS
DenumerabilityRationalsOQ05OQ01	PASS
DenumerabilityRationalsOQ05OQ01OQ01	PASS
DenumerabilityRationalsOQ05OQ01OQ01OQ01	PASS
DenumerabilityRationalsOQ05OQ01OQ01OQ01OQ01	PASS
DenumerabilityRationalsOQ06	PASS
DenumerabilityRationalsOQ07	PASS
Derangements	PASS
DerangementsConvergence	FAIL
DerangementsConvergenceOQ01	FAIL
DerangementsConvergenceOQ01OQ01	FAIL
DerangementsConvergenceOQ02	FAIL
DerangementsConvergenceOQ02OQ01	FAIL
DerangementsConvergenceOQ03	FAIL
DerangementsConvergenceOQ03OQ01	FAIL
DerangementsConvergenceOQ03OQ01OQ02	FAIL
DerangementsConvergenceOQ03OQ02	PASS
DerangementsConvergenceOQ03OQ03	FAIL
DerangementsConvergenceOQ04	PASS
DerangementsConvergenceOQ04OQ01	PASS
DerangementsConvergenceOQ04OQ02	PASS
DerangementsConvergenceOQ04OQ03	PASS
DerangementsConvergenceOQ04OQ04	PASS
DerangementsConvergenceOQ04OQ04OQ01	PASS
DerangementsConvergenceOQ05	FAIL
DerangementsConvergenceOQ05OQ01	FAIL
DerangementsConvergenceOQ05OQ03	PASS
DerangementsConvergenceOQ06	FAIL
DerangementsConvergenceOQ06OQ01	FAIL
DerangementsConvergenceOQ07	PASS
DerangementsConvergenceOQ07OQ01	PASS
DerangementsConvergenceOQ07OQ02	PASS
DerangementsOQ02	PASS
DerangementsOQ02OQ01	PASS
DerangementsOQ02OQ01OQ01	PASS
DerangementsOQ02OQ02	PASS
DerangementsOQ02OQ02OQ01	PASS
DerangementsOQ02OQ04	PASS
DerangementsOQ03	FAIL
DerangementsOQ03OQ01	FAIL
DerangementsOQ03OQ01OQ02	FAIL
DerangementsOQ03OQ02	FAIL
DerangementsOQ03OQ03	PASS
DerangementsOQ03OQ03OQ01	PASS
DerangementsOQ04	PASS
DerangementsOQ04OQ01	PASS
DerangementsOQ04OQ01OQ01	FAIL
DesarguesTheorem	FAIL
DesarguesTheoremOQ01	PASS
DesarguesTheoremOQ01OQ01	FAIL
DesarguesTheoremOQ02	PASS
DesarguesTheoremOQ03	PASS
DesarguesTheoremOQ03OQ01	PASS
DesarguesTheoremOQ04	PASS
DescartesCircleParityOQ010201	PASS
DescartesCircleTheorem	PASS
DescartesCircleTheoremOQ01OQ01	PASS
DescartesCircleTheoremOQ01OQ02	PASS
DescartesRuleOfSigns	PASS
DescartesRuleOfSignsOQ01	PASS
DescartesRuleOfSignsOQ01OQ01	FAIL
DescartesRuleOfSignsOQ01OQ01OQ02	PASS
DescartesRuleOfSignsOQ01OQ01OQ03	PASS
DescartesRuleOfSignsOQ01OQ02	FAIL
DescartesRuleOfSignsOQ01OQ03	PASS
DescartesRuleOfSignsOQ01OQ04	PASS
DescartesRuleOfSignsOQ01OQ04OQ02	PASS
DescartesRuleOfSignsOQ01OQ04OQ03	PASS
DescartesRuleOfSignsOQ02	FAIL
DescartesRuleOfSignsOQ02OQ01	FAIL
DescartesRuleOfSignsOQ02OQ01OQ02	PASS
DescartesRuleOfSignsOQ02OQ01OQ03	PASS
DescartesRuleOfSignsOQ02OQ01OQ03OQ02	PASS
DescartesRuleOfSignsOQ02OQ03	PASS
DescartesRuleOfSignsOQ02OQ04	PASS
DescartesRuleOfSignsOQ02Parity	FAIL
DescartesRuleOfSignsOQ03	PASS
DescartesRuleOfSignsOQ04	FAIL
DetConjugateTransposeOQ01	PASS
DetConjugateTransposeOQ01OQ03	PASS
DiamondImpliesCH	FAIL
DilworthErdosSzekeresOQ010103	PASS
DilworthHardOQ01OQ02	PASS
DilworthMirskyHardOQ01	PASS
DilworthTheoremOQ01	PASS
DilworthTheoremOQ01OQ01OQ02	PASS
DilworthTheoremOQ01OQ01OQ03	PASS
DiniTheorem	FAIL
DiniTheoremOQ01	PASS
DiniTheoremOQ01OQ01	FAIL
DiniTheoremOQ01OQ02	PASS
DiniTheoremOQ01OQ02OQ01	PASS
DiniTheoremOQ01OQ02OQ01OQ01	PASS
DirichletApproximation	PASS
DirichletApproximationOQ01	PASS
DirichletApproximationOQ01OQ01	PASS
DirichletApproximationOQ01OQ03	PASS
DirichletApproximationOQ02	FAIL
DirichletApproximationOQ03	PASS
DirichletApproximationOQ03OQ03	PASS
DirichletApproximationOQ04	PASS
DirichletApproximationOQ04OQ02	FAIL
DirichletApproximationOQ05	PASS
DirichletApproximationOQ05OQ02	PASS
DirichletsTheorem	FAIL
DirichletsTheoremOQ01	PASS
DirichletsTheoremOQ01OQ01	FAIL
DirichletsTheoremOQ01OQ01OQ04	PASS
DirichletsTheoremOQ02	PASS
DirichletsTheoremOQ02OQ01	PASS
DirichletsTheoremOQ02OQ03	PASS
DirichletsTheoremOQ03	FAIL
DirichletsTheoremOQ03Incomplete01	PASS
DirichletsTheoremOQ03OQ01	PASS
DirichletsTheoremOQ03OQ01OQ01	PASS
DirichletsTheoremOQ03OQ01OQ02	PASS
DissectionOfCubes	PASS
DissectionOfCubesOQ01	PASS
DissectionOfCubesOQ01OQ01	PASS
DissectionOfCubesOQ01OQ01OQ01	PASS
DissectionOfCubesOQ01OQ02	FAIL
DissectionOfCubesOQ01OQ03	PASS
DissectionOfCubesOQ02	PASS
DissectionOfCubesOQ02OQ02	FAIL
DissectionOfCubesOQ02WIP01	PASS
DissectionOfCubesOQ03	FAIL
DissectionOfCubesOQ03OQ02	FAIL
DissectionOfCubesOQ04	FAIL
DissectionOfCubesOQ04Aristotle	FAIL
DissectionOfCubesOQ04OQ02	PASS
DivisibilityBy3	FAIL
DivisibilityBy3OQ01OQ02	PASS
DivisibilityBy3OQ01OQ03	PASS
DivisibilityBy3OQ02	PASS
DivisibilityBy3OQ02OQ01	PASS
DivisibilityBy3OQ02OQ01OQ01	PASS
DivisibilityBy3OQ02OQ02	PASS
DivisibilityBy3OQ03	FAIL
DivisibilityBy3OQ03OQ02	FAIL
DivisibilityBy3OQ03OQ02OQ01	PASS
DivisibilityBy3OQ04	PASS
DivisibilityBy3OQ04OQ02	PASS
DivisibilityByThreeOQ01	PASS
DivisibilityByThreeOQ01OQ02	PASS
DivisibilityByThreeOQ01OQ02Aristotle	FAIL
DivisibilityByThreeOQ01OQ03	PASS
DivisibilityByThreeOQ02	FAIL
DivisibilityByThreeOQ02OQ01	PASS
DivisibilityRules	FAIL
DivisibilityRulesOQ01	FAIL
DivisibilityRulesOQ01OQ01	PASS
DivisibilityRulesOQ01OQ01OQ01	PASS
DivisibilityRulesOQ01OQ01OQ02	PASS
DivisibilityRulesOQ01OQ02	PASS
DivisibilityRulesOQ01OQ02OQ01	PASS
DivisibilityRulesOQ02	FAIL
DivisibilityRulesOQ04	PASS
DivisibilityRulesOQ04OQ01	PASS
DivisibilityRulesOQ04OQ01OQ01	PASS
DivisibilityTruncationGeneral	PASS
DivisibilityTruncationGeneralOQ01	PASS
DivisibilityTruncationGeneralOQ01OQ01	FAIL
DivisibilityTruncationGeneralOQ01OQ02	PASS
DivisibilityTruncationGeneralOQ03	FAIL
DivisibilityTruncationGeneralOQ03OQ01	PASS
DyckCatalanCountOQ01	PASS
DyckCatalanCountOQ01OQ01	FAIL
ETranscendentalOQ01	FAIL
ETranscendentalOQ01OQ01	FAIL
ETranscendentalOQ02	FAIL
ETranscendentalOQ02OQ06	FAIL
ETranscendentalOQ02Rational	FAIL
ETranscendentalOQ03	FAIL
ETranscendentalOQ03CF	PASS
ETranscendentalOQ03OQ01	FAIL
ETranscendentalOQ03Reduction	FAIL
EgorovMarching	PASS
EgorovTheorem	FAIL
EgorovTheoremOQ01OQ02	FAIL
EgorovTheoremOQ01OQ03	FAIL
EhrhartCrossPolytope	FAIL
EhrhartCubeProven	PASS
EhrhartCubeProvenOQ03	PASS
EhrhartCubeProvenOQ04	PASS
EhrhartCubeProvenOQ05	PASS
EhrhartPolynomialOQ03	PASS
EhrhartPolynomials	PASS
EhrhartSimplexProven	PASS
EisensteinCriterionOQ01	PASS
EisensteinCriterionOQ01OQ01	PASS
EisensteinCriterionOQ01OQ02	PASS
EisensteinCriterionOQ01OQ03	PASS
EisensteinCriterionOQ01OQ03OQ02	PASS
EisensteinCriterionOQ01OQ03OQ02OQ01	FAIL
EisensteinCriterionOQ01OQ03OQ02OQ02	PASS
ElementaryQuadraticReciprocity	PASS
ElementaryQuadraticReciprocityOQ01	FAIL
ElementaryQuadraticReciprocityOQ01OQ01	PASS
ElementaryQuadraticReciprocityOQ01OQ01OQ01	PASS
ElementaryQuadraticReciprocityOQ01OQ01OQ01OQ02	PASS
ElementaryQuadraticReciprocityOQ01OQ01OQ01OQ02OQ01	PASS
ElementaryQuadraticReciprocityOQ01OQ01OQ02	PASS
ElementaryQuadraticReciprocityOQ01OQ01OQ03	FAIL
ElementaryQuadraticReciprocityOQ01OQ02	PASS
ElementaryQuadraticReciprocityOQ01OQ03	FAIL
ElementaryQuadraticReciprocityOQ01OQ03OQ01	FAIL
ElementaryQuadraticReciprocityOQ01OQ03OQ01OQ01	FAIL
ElementaryQuadraticReciprocityOQ01OQ03OQ01OQ01OQ01	FAIL
ElementaryQuadraticReciprocityOQ01OQ03OQ01OQ01OQ01OQ01	FAIL
ElementaryQuadraticReciprocityOQ01OQ03OQ01OQ01OQ01OQ01OQ01	FAIL
ElementaryQuadraticReciprocityOQ01OQ03OQ01OQ01OQ01OQ01OQ01OQ01	FAIL
ElementaryQuadraticReciprocityOQ01OQ03OQ01OQ01OQ01OQ01OQ01OQ01OQ02	FAIL
ElementaryQuadraticReciprocityOQ01OQ03OQ01OQ01OQ01OQ01OQ01OQ02	FAIL
ElementaryQuadraticReciprocityOQ01OQ03OQ01OQ01OQ01OQ01OQ01OQ02OQ01	FAIL
ElementaryQuadraticReciprocityOQ01OQ03OQ01OQ01OQ01OQ01OQ01OQ02OQ02	FAIL
ElementaryQuadraticReciprocityOQ02	PASS
ElementaryQuadraticReciprocityOQ02OQ01	FAIL
ElementaryQuadraticReciprocityOQ03	PASS
ElementaryQuadraticReciprocityOQ03OQ01	FAIL
ElementaryQuadraticReciprocityOQ03OQ01OQ01	PASS
ElementaryQuadraticReciprocityOQ03OQ01OQ01OQ04	PASS
ElementaryQuadraticReciprocityOQ03OQ01OQ02	FAIL
ElementaryQuadraticReciprocityOQ03OQ02	PASS
ElementaryQuadraticReciprocityOQ03OQ02OQ01	FAIL
ElementaryQuadraticReciprocityOQ03OQ02OQ03	FAIL
ElementaryQuadraticReciprocityOQ03OQ03	FAIL
Erdos1000OQ01	FAIL
Erdos1000OQ01Aristotle	PASS
Erdos1000OQ02	FAIL
Erdos1000OQ03	PASS
Erdos1000OQ03OQ01	PASS
Erdos1000OQ03OQ01OQ01	PASS
Erdos1000OQ03OQ02	PASS
Erdos1000OQ03OQ03	PASS
Erdos1000Problem	FAIL
Erdos1001OQ02	PASS
Erdos1001OQ02OQ01	FAIL
Erdos1001OQ02OQ01Aristotle	PASS
Erdos1001OQ03	PASS
Erdos1001Problem	PASS
Erdos1002OQ01	FAIL
Erdos1002OQ01OQ01	FAIL
Erdos1002OQ01OQ01Aristotle	FAIL
Erdos1002OQ01OQ01Incomplete01	PASS
Erdos1002OQ02	PASS
Erdos1002OQ03	PASS
Erdos1002OQ04	PASS
Erdos1002OQ04Liouville	PASS
Erdos1002Problem	PASS
Erdos1003OQ02	FAIL
Erdos1003OQ03	PASS
Erdos1003OQ04	PASS
Erdos1003Problem	PASS
Erdos1004OQ02	PASS
Erdos1004OQ0201	PASS
Erdos1004OQ03	PASS
Erdos1004OQ04	PASS
Erdos1004Problem	PASS
Erdos1005Problem	FAIL
Erdos1005ProblemOQ02	FAIL
Erdos1005ProblemOQ03	PASS
Erdos1005ProblemOQ03OQ01	PASS
Erdos1005ProblemOQ04	PASS
Erdos1005ProblemProvable	PASS
Erdos1006OQ01	FAIL
Erdos1006OQ01OQ02	FAIL
Erdos1006OQ02	FAIL
Erdos1006OQ03	FAIL
Erdos1006OQ04	FAIL
Erdos1006OQ04Decidability	FAIL
Erdos1006Problem	FAIL
Erdos1007OQ01	FAIL
Erdos1007OQ01Aristotle	PASS
Erdos1007OQ01OQ01	FAIL
Erdos1007OQ04	FAIL
Erdos1007OQ05	FAIL
Erdos1007OQ05OQ01	PASS
Erdos1007Problem	FAIL
Erdos1008OQ01	FAIL
Erdos1008OQ02	FAIL
Erdos1008OQ02OQ02	PASS
Erdos1008OQ04	PASS
Erdos1008Problem	FAIL
Erdos1008ProblemProvable	FAIL
Erdos1009OQ01	FAIL
Erdos1009OQ02Problem	FAIL
Erdos1009OQ03	PASS
Erdos1009OQ03OQ01	PASS
Erdos1009Problem	FAIL
Erdos100OQ01	FAIL
Erdos100OQ01Incomplete01	PASS
Erdos100OQ01WIP01	FAIL
Erdos100OQ02	FAIL
Erdos100OQ02OQ02	FAIL
Erdos100OQ03	PASS
Erdos100OQ05	PASS
Erdos100OQ05OQ01	PASS
Erdos100OQ05OQ01OQ01	PASS
Erdos100OQ05OQ03	PASS
Erdos100Problem	PASS
Erdos1010OQ01	FAIL
Erdos1010OQ02OQ01	PASS
Erdos1010OQ02Problem	FAIL
Erdos1010Problem	FAIL
Erdos1011OQ01	PASS
Erdos1011OQ03	FAIL
Erdos1011Problem	FAIL
Erdos1012OQ01	PASS
Erdos1012OQ01OQ02	FAIL
Erdos1012OQ02	PASS
Erdos1012OQ02OQ01	PASS
Erdos1012OQ03	FAIL
Erdos1012OQ03Aristotle	PASS
Erdos1012OQ03OQ02	PASS
Erdos1012OQ04	PASS
Erdos1012OQ05	FAIL
Erdos1012Problem	FAIL
Erdos1013BoundedRatio	PASS
Erdos1013ConstantRatio	FAIL
Erdos1013Problem	FAIL
Erdos1013UnconditionalRatio	FAIL
Erdos1014OQ01	FAIL
Erdos1014OQ02	FAIL
Erdos1014OQ03	FAIL
Erdos1014OQ03Concrete	FAIL
Erdos1014OQ03LogIncrement	FAIL
Erdos1014OQ03Obstruction	FAIL
Erdos1014OQ04	FAIL
Erdos1014Problem	FAIL
Erdos1015OQ01	PASS
Erdos1015OQ05	FAIL
Erdos1015OQ05OQ01	PASS
Erdos1015Problem	FAIL
Erdos1016Problem	PASS
Erdos1017OQ01	FAIL
Erdos1017OQ02	PASS
Erdos1017OQ03	PASS
Erdos1017OQ03OQ01	PASS
Erdos1017OQ04	FAIL
Erdos1017OQ05	PASS
Erdos1017Problem	FAIL
Erdos1018Aristotle	FAIL
Erdos1018OQ01	FAIL
Erdos1018OQ01OQ01	FAIL
Erdos1018OQ01OQ01OQ01	FAIL
Erdos1018OQ01OQ01OQ01OQ01	FAIL
Erdos1018OQ02	PASS
Erdos1018OQ03	PASS
Erdos1018OQ04	FAIL
Erdos1018OQ04Incomplete01	FAIL
Erdos1018OQ04Incomplete01Aristotle	FAIL
Erdos1018OQ04Incomplete01OQ01	PASS
Erdos1018Problem	FAIL
Erdos1019Aristotle	PASS
Erdos1019Problem	FAIL
Erdos101OQ01	FAIL
Erdos101OQ01Incomplete01	PASS
Erdos101OQ01OQ01	PASS
Erdos101OQ01OQ02	FAIL
Erdos101OQ02	PASS
Erdos101OQ04	FAIL
Erdos101OQ04OQ01	FAIL
Erdos101Problem	PASS
Erdos101ProblemOQ02	PASS
Erdos1020OQ02	PASS
Erdos1020OQ02Threshold	PASS
Erdos1020Problem	FAIL
Erdos1021Aristotle	FAIL
Erdos1021OQ01	FAIL
Erdos1021OQ01Aristotle	PASS
Erdos1021OQ01Incomplete01	FAIL
Erdos1021Problem	FAIL
Erdos1021Wip01	FAIL
Erdos1021Wip02	FAIL
Erdos1022OQ01	FAIL
Erdos1022OQ02	PASS
Erdos1022OQ03	FAIL
Erdos1022OQ04	PASS
Erdos1022Problem	FAIL
Erdos1023InterFree	PASS
Erdos1023OQ01	FAIL
Erdos1023OQ01OQ01	PASS
Erdos1023OQ01Problem	FAIL
Erdos1023OQ03	PASS
Erdos1023OQ04	PASS
Erdos1023OQ05	PASS
Erdos1023Problem	FAIL
Erdos1023ProblemOQ03	PASS
Erdos1024Problem	FAIL
Erdos1025OQ04	PASS
Erdos1025Problem	FAIL
Erdos1026OQ02	PASS
Erdos1026OQ05	PASS
Erdos1026OQ05ErdosSzekeres	PASS
Erdos1026OQ05Extremal	FAIL
Erdos1026OQ05IncreasingIdentity	PASS
Erdos1026OQ05KMonotonic	FAIL
Erdos1026Problem	FAIL
Erdos1027Aristotle	PASS
Erdos1027OQ01	FAIL
Erdos1027OQ03	FAIL
Erdos1027Problem	PASS
Erdos1028Problem	FAIL
Erdos1029LowerBound	FAIL
Erdos1029Problem	FAIL
Erdos102Problem	FAIL
Erdos1030Problem	PASS
Erdos1031Problem	FAIL
Erdos1032Problem	FAIL
Erdos1033Aristotle	FAIL
Erdos1033Problem	FAIL
Erdos1034Aristotle	FAIL
Erdos1034OQ02	FAIL
Erdos1034Problem	FAIL
Erdos1035Problem	FAIL
Erdos1036HypergraphOQ03	PASS
Erdos1036OQ01	FAIL
Erdos1036OQ01OQ01	FAIL
Erdos1036Problem	FAIL
Erdos1037Aristotle	PASS
Erdos1037Problem	PASS
Erdos1038Problem	FAIL
Erdos1038WIP01	FAIL
Erdos1039Aristotle	FAIL
Erdos1039Conformal	FAIL
Erdos1039Problem	PASS
Erdos1039ProblemAristotle	FAIL
Erdos103OQ01	PASS
Erdos103OQ02	PASS
Erdos103OQ02Bounds	FAIL
Erdos103OQ02Finite	PASS
Erdos103OQ02N2	PASS
Erdos103OQ02SmallCases	PASS
Erdos103Problem	PASS
Erdos1040Aristotle	FAIL
Erdos1040Convex	FAIL
Erdos1040OQ03	FAIL
Erdos1040OQ03OQ01	PASS
Erdos1040OQ03OQ02	PASS
Erdos1040Problem	FAIL
Erdos1041Problem	FAIL
Erdos1042OQ02	PASS
Erdos1042OQ03	PASS
Erdos1042Problem	FAIL
Erdos1043Aristotle	FAIL
Erdos1043Problem	PASS
Erdos1044Problem	FAIL
Erdos1045Problem	FAIL
Erdos1046Problem	FAIL
Erdos1047Main	PASS
Erdos1047OQ02	PASS
Erdos1047OQ02Certificate	PASS
Erdos1047OQ02ChordExit	PASS
Erdos1047OQ02Reduction	PASS
Erdos1047Problem	PASS
Erdos1048Aristotle	FAIL
Erdos1048Problem	FAIL
Erdos1048ProblemAristotle	FAIL
Erdos1049Aristotle	FAIL
Erdos1049Problem	FAIL
Erdos1049ProblemAristotle	PASS
Erdos104Problem	FAIL
Erdos1050Aristotle	FAIL
Erdos1050Problem	FAIL
Erdos1050ProblemAristotle	FAIL
Erdos1051Problem	FAIL
Erdos1052Aristotle	PASS
Erdos1052Problem	FAIL
Erdos1053Problem	FAIL
Erdos1054AlmostAllOQ01	FAIL
Erdos1054AlmostAllOQ0103	FAIL
Erdos1054ConstructionD	FAIL
Erdos1054ConstructionDOQ01	PASS
Erdos1054ConstructionDOQ02	PASS
Erdos1054OQ01	FAIL
Erdos1054OQ02	FAIL
Erdos1054Problem	FAIL
Erdos1055Problem	FAIL
Erdos1056Aristotle	FAIL
Erdos1056OQ01	PASS
Erdos1056Problem	FAIL
Erdos1057OQ04	PASS
Erdos1057Problem	FAIL
Erdos1058OQ03	PASS
Erdos1058Problem	PASS
Erdos1059OQ01	PASS
Erdos1059OQ01OQ01	PASS
Erdos1059OQ02	PASS
Erdos1059OQ02OQ01	FAIL
Erdos1059OQ03	FAIL
Erdos1059OQ04	FAIL
Erdos1059OQ05	PASS
Erdos1059Problem	FAIL
Erdos105OQ01	PASS
Erdos105OQ01OQ01	PASS
Erdos105OQ02	PASS
Erdos105OQ05	FAIL
Erdos105Problem	PASS
Erdos1060Problem	FAIL
Erdos1061Problem	FAIL
Erdos1062OQ04	FAIL
Erdos1062Problem	FAIL
Erdos1063Problem	PASS
Erdos1064Problem	PASS
Erdos1065BatemanHorn	PASS
Erdos1065CunninghamChains	FAIL
Erdos1065Incomplete01	PASS
Erdos1065OQ01	PASS
Erdos1065Problem	FAIL
Erdos1066OQ04	FAIL
Erdos1066OQ04OQ03	PASS
Erdos1066Problem	FAIL
Erdos1067Problem	FAIL
Erdos1068Problem	FAIL
Erdos1069Problem	PASS
Erdos106OQ02	FAIL
Erdos106Problem	FAIL
Erdos1070OQ05	PASS
Erdos1070Problem	FAIL
Erdos1071Problem	FAIL
Erdos1072Problem	PASS
Erdos1073Problem	FAIL
Erdos1074Problem	PASS
Erdos1075Problem	FAIL
Erdos1076Problem	FAIL
Erdos1077Problem	PASS
Erdos1078Problem	FAIL
Erdos1079Problem	FAIL
Erdos107Aristotle	PASS
Erdos107OQ01	FAIL
Erdos107OQ01KleinUpperAristotle	FAIL
Erdos107Problem	PASS
Erdos1080OQ03	FAIL
Erdos1080Problem	FAIL
Erdos1081Problem	FAIL
Erdos1082OQ01	PASS
Erdos1082Problem	FAIL
Erdos1083OQ02	FAIL
Erdos1083Problem	FAIL
Erdos1084OQ01	FAIL
Erdos1084Problem	FAIL
Erdos1085Problem	FAIL
Erdos1086Problem	FAIL
Erdos1087Problem	FAIL
Erdos1088Problem	FAIL
Erdos1089Problem	FAIL
Erdos108Problem	PASS
Erdos1090Problem	PASS
Erdos1091Problem	FAIL
Erdos1092OQ02	PASS
Erdos1092Problem	PASS
Erdos1093OQ02FactorialGrowth	FAIL
Erdos1093Problem	PASS
Erdos1093ProblemOQ02	PASS
Erdos1094Problem	PASS
Erdos1095OQ01Problem	FAIL
Erdos1095Problem	PASS
Erdos1096Problem	FAIL
Erdos1097OQ01	FAIL
Erdos1097Problem	FAIL
Erdos1098OQ01	FAIL
Erdos1098OQ01OQ01	FAIL
Erdos1098OQ01OQ03	PASS
Erdos1098OQ03	FAIL
Erdos1098OQ04	FAIL
Erdos1098Problem	FAIL
Erdos1099Problem	PASS
Erdos109OQ01	FAIL
Erdos109OQ01Aristotle	FAIL
Erdos109Problem	FAIL
Erdos10Incomplete01	PASS
Erdos10Incomplete01OQ01	PASS
Erdos10Incomplete01OQ02	FAIL
Erdos10OQ01	FAIL
Erdos10OQ01Incomplete01	FAIL
Erdos10OQ02	PASS
Erdos10OQ02Bridge	FAIL
Erdos10OQ02Decidable	PASS
Erdos10OQ02Popcount	PASS
Erdos10PrimePlusPowers	PASS
Erdos10Problem	FAIL
Erdos10S1Density	PASS
Erdos10WIP01	PASS
Erdos10WIP01OQ01	PASS
Erdos10WIP01OQ02	PASS
Erdos10WIP01OQ03	FAIL
Erdos1100Incomplete01	PASS
Erdos1100OQ01Aristotle	PASS
Erdos1100OQ02	PASS
Erdos1100Problem	FAIL
Erdos1100ProblemAristotle	FAIL
Erdos1100ProblemProvable	FAIL
Erdos1101OQ01	PASS
Erdos1101Problem	FAIL
Erdos1102Problem	PASS
Erdos1103Problem	FAIL
Erdos1104OQ01	FAIL
Erdos1104Problem	FAIL
Erdos1105Aristotle	PASS
Erdos1105Problem	PASS
Erdos1106Problem	PASS
Erdos1107OQ02	PASS
Erdos1107OQ02OQ01	PASS
Erdos1107Problem	FAIL
Erdos1108Problem	FAIL
Erdos1109Problem	FAIL
Erdos110HigherCardinals	FAIL
Erdos110Problem	FAIL
Erdos1110OQ01	FAIL
Erdos1110Problem	PASS
Erdos1111Problem	FAIL
Erdos1112Problem	FAIL
Erdos1113Problem	FAIL
Erdos1114Problem	FAIL
Erdos1115Problem	FAIL
Erdos1116Problem	FAIL
Erdos1117Problem	FAIL
Erdos1118OQ02	FAIL
Erdos1118Problem	FAIL
Erdos1119Problem	FAIL
Erdos111OQ01	PASS
Erdos111Problem	FAIL
Erdos1120Problem	FAIL
Erdos1121Problem	FAIL
Erdos1122Problem	FAIL
Erdos1123Problem	FAIL
Erdos1124OQ01	PASS
Erdos1124Problem	FAIL
Erdos1125Problem	FAIL
Erdos1126OQ01Aristotle	PASS
Erdos1126OQ01Problem	PASS
Erdos1126Problem	FAIL
Erdos1127Problem	FAIL
Erdos1128Problem	FAIL
Erdos1129OQ02	FAIL
Erdos1129Problem	PASS
Erdos112Problem	FAIL
Erdos1130Problem	FAIL
Erdos1131OQ01	FAIL
Erdos1131Problem	FAIL
Erdos1132Aristotle	FAIL
Erdos1132Problem	FAIL
Erdos1133Problem	PASS
Erdos1134Problem	FAIL
Erdos1135Problem	FAIL
Erdos1136Problem	FAIL
Erdos1137Problem	PASS
Erdos1138OQ03	PASS
Erdos1138OQ03OQ01	PASS
Erdos1138Problem	FAIL
Erdos1139Problem	PASS
Erdos113Problem	FAIL
Erdos1140Problem	PASS
Erdos1141Problem	PASS
Erdos1142Problem	FAIL
Erdos1143Problem	PASS
Erdos1144OQ03	PASS
Erdos1144Problem	PASS
Erdos1145Problem	FAIL
Erdos1146OQ04	PASS
Erdos1146Problem	PASS
Erdos1147Problem	PASS
Erdos1148Problem	PASS
Erdos1149Aristotle	FAIL
Erdos1149Problem	FAIL
Erdos114OQ01Problem	FAIL
Erdos114OQ04Problem	PASS
Erdos114Problem	PASS
Erdos1150Problem	FAIL
Erdos1151OQ04	PASS
Erdos1151OQ04Aristotle	FAIL
Erdos1151Problem	FAIL
Erdos1153Problem	FAIL
Erdos1155OQ01	FAIL
Erdos1155OQ01OQ01	FAIL
Erdos1155OQ01OQ06	PASS
Erdos1155OQ01OQ07	FAIL
Erdos1155OQ02	FAIL
Erdos1155Problem	FAIL
Erdos1156Problem	FAIL
Erdos1157Problem	FAIL
Erdos1158Problem	FAIL
Erdos1159Problem	FAIL
Erdos115OQ01Problem	FAIL
Erdos115Problem	FAIL
Erdos1160Problem	PASS
Erdos1161Problem	FAIL
Erdos1162OQ04	PASS
Erdos1162Problem	FAIL
Erdos1165Problem	FAIL
Erdos1166Problem	FAIL
Erdos1167Problem	FAIL
Erdos1168Aristotle	PASS
Erdos1168OQ01	PASS
Erdos1168Problem	FAIL
Erdos1168Sierpinski	PASS
Erdos1169Problem	FAIL
Erdos116Problem	FAIL
Erdos1170Problem	FAIL
Erdos1171Problem	FAIL
Erdos1172Problem	FAIL
Erdos1173Problem	FAIL
Erdos1174Problem	FAIL
Erdos1175Problem	FAIL
Erdos1176Problem	FAIL
Erdos1177Problem	FAIL
Erdos1178Problem	FAIL
Erdos1179OQ01	PASS
Erdos1179OQ01OQ02	FAIL
Erdos1179OQ02	FAIL
Erdos1179OQ02Extremal	FAIL
Erdos1179OQ02Rigidity	FAIL
Erdos1179OQ02Upper	FAIL
Erdos1179OQ02Witness	FAIL
Erdos1179Problem	FAIL
Erdos117OQ01	PASS
Erdos117OQ01Aristotle	PASS
Erdos117OQ01OQ01	PASS
Erdos117Problem	FAIL
Erdos1181Problem	FAIL
Erdos1182Problem	FAIL
Erdos1183Problem	FAIL
Erdos118Problem	FAIL
Erdos1196Aristotle	PASS
Erdos1196Problem	FAIL
Erdos119Problem	FAIL
Erdos11OQ03	PASS
Erdos11Problem	FAIL
Erdos11WIP01	PASS
Erdos11WIP01OQ01	PASS
Erdos11WIP01OQ02	PASS
Erdos1201Problem	FAIL
Erdos1202Problem	FAIL
Erdos1204A4	PASS
Erdos1204A5	PASS
Erdos1204A6	PASS
Erdos1204A7	PASS
Erdos1204A8	PASS
Erdos1204B	PASS
Erdos1204Problem	PASS
Erdos1205Problem	PASS
Erdos1206Problem	FAIL
Erdos1207OQ03	PASS
Erdos1207Problem	PASS
Erdos1208Problem	FAIL
Erdos1209Problem	PASS
Erdos120Problem	FAIL
Erdos1210Problem	PASS
Erdos1211Problem	FAIL
Erdos1212Problem	FAIL
Erdos1213Problem	FAIL
Erdos1214Problem	FAIL
Erdos1215Problem	PASS
Erdos1215UnitCircleRadius	PASS
Erdos1216Problem	FAIL
Erdos1217Problem	FAIL
Erdos121Problem	FAIL
Erdos122Problem	PASS
Erdos123Problem	PASS
Erdos124CompleteSequences	FAIL
Erdos124CompleteSequencesOQ02	PASS
Erdos124CompleteSequencesOQ02OQ01	PASS
Erdos124Problem	FAIL
Erdos124SingleBaseSharpness	PASS
Erdos125PositiveLowerDensity	PASS
Erdos125PositiveLowerDensityAristotle	PASS
Erdos125Problem	FAIL
Erdos126Problem	FAIL
Erdos127Problem	FAIL
Erdos128Problem	FAIL
Erdos128WIP01	PASS
Erdos128WIP01OQ01	PASS
Erdos128WIP01OQ01OQ01	PASS
Erdos128WIP01OQ01OQ01OQ01	PASS
Erdos128WIP01OQ01OQ01OQ01OQ01	PASS
Erdos129Problem	FAIL
Erdos129WIP01	PASS
Erdos12Problem	FAIL
Erdos12ProblemAPNPartI	PASS
Erdos12ProblemAPNPartII	PASS
Erdos12WIP01	PASS
Erdos12WIP01OQ01	PASS
Erdos130Problem	FAIL
Erdos130WIP01	FAIL
Erdos130WIP01OQ03	PASS
Erdos131DavenportBound	PASS
Erdos131DavenportConstant	PASS
Erdos131DavenportDirectSum	PASS
Erdos131DavenportPower	PASS
Erdos131DavenportRank2	PASS
Erdos131EGZBound	PASS
Erdos131Problem	PASS
Erdos132Problem	FAIL
Erdos133Problem	FAIL
Erdos134Problem	FAIL
Erdos135Problem	PASS
Erdos136Problem	FAIL
Erdos137Problem	PASS
Erdos138FirstMomentBridge	PASS
Erdos138Problem	PASS
Erdos139Problem	PASS
Erdos13Problem	FAIL
Erdos140Problem	FAIL
Erdos141Problem	FAIL
Erdos142Problem	FAIL
Erdos143Problem	PASS
Erdos144Problem	FAIL
Erdos145Problem	FAIL
Erdos146Problem	FAIL
Erdos147Problem	FAIL
Erdos148Problem	FAIL
Erdos149Problem	FAIL
Erdos14Problem	FAIL
Erdos14UniqueSums	FAIL
Erdos150Problem	FAIL
Erdos151Problem	PASS
Erdos152OQ01	FAIL
Erdos152Problem	FAIL
Erdos152ProblemAPN	FAIL
Erdos153OQ03	PASS
Erdos153Problem	FAIL
Erdos154Problem	FAIL
Erdos155Problem	FAIL
Erdos156Aristotle	FAIL
Erdos156OQ02	FAIL
Erdos156Problem	PASS
Erdos156ProblemAristotle	FAIL
Erdos157Problem	PASS
Erdos158Problem	FAIL
Erdos159Problem	FAIL
Erdos15Problem	FAIL
Erdos160Aristotle	PASS
Erdos160Incomplete01	PASS
Erdos160Problem	PASS
Erdos160ProblemAristotle	PASS
Erdos161Problem	FAIL
Erdos162Problem	FAIL
Erdos163Problem	FAIL
Erdos164Problem	FAIL
Erdos165Problem	PASS
Erdos166Problem	FAIL
Erdos167Problem	FAIL
Erdos168Problem	FAIL
Erdos169Problem	FAIL
Erdos16Problem	FAIL
Erdos170Problem	FAIL
Erdos171Problem	FAIL
Erdos172Problem	PASS
Erdos173Problem	FAIL
Erdos174Problem	FAIL
Erdos175Problem	PASS
Erdos176Problem	FAIL
Erdos177OQ04	PASS
Erdos177Problem	FAIL
Erdos178Problem	FAIL
Erdos179Aristotle	FAIL
Erdos179Incomplete01	PASS
Erdos179Problem	FAIL
Erdos179ProblemAristotle	FAIL
Erdos17Problem	FAIL
Erdos180Problem	FAIL
Erdos181OQ01	FAIL
Erdos181Problem	FAIL
Erdos182Problem	FAIL
Erdos183Problem	FAIL
Erdos184Problem	FAIL
Erdos184ProblemProvable	FAIL
Erdos185Problem	FAIL
Erdos186Problem	FAIL
Erdos187Problem	PASS
Erdos188Problem	FAIL
Erdos189Problem	FAIL
Erdos18OQ01	FAIL
Erdos18Problem	PASS
Erdos190Problem	FAIL
Erdos191Incomplete01	PASS
Erdos191Problem	FAIL
Erdos192Problem	FAIL
Erdos193Problem	FAIL
Erdos194Problem	FAIL
Erdos195Problem	FAIL
Erdos196Problem	FAIL
Erdos197Problem	PASS
Erdos198Problem	PASS
Erdos199Problem	FAIL
Erdos19OQ01Problem	FAIL
Erdos19OQ02Problem	PASS
Erdos19Problem	FAIL
Erdos1OQ01	PASS
Erdos1OQ02	PASS
Erdos1OQ02OQ01	PASS
Erdos1OQ02OQ01OQ01	PASS
Erdos1OQ03	FAIL
Erdos1OQ03Aristotle	FAIL
Erdos1OQ03Incomplete01	PASS
Erdos1OQ04	FAIL
Erdos1Problem	PASS
Erdos1Wip01	FAIL
Erdos1Wip01OQ02	PASS
Erdos1Wip01OQ03	PASS
Erdos200Problem	PASS
Erdos201Problem	FAIL
Erdos202Problem	FAIL
Erdos203Problem	FAIL
Erdos204Problem	PASS
Erdos205Problem	PASS
Erdos206Problem	FAIL
Erdos207Problem	FAIL
Erdos207ProblemAristotle	FAIL
Erdos208Problem	FAIL
Erdos209Problem	FAIL
Erdos20Problem	FAIL
Erdos210Problem	FAIL
Erdos211Problem	FAIL
Erdos211SteinerLineCount	PASS
Erdos212Problem	PASS
Erdos213Problem	PASS
Erdos214Incomplete01OQ01	PASS
Erdos214Problem	PASS
Erdos214ProblemAristotle	PASS
Erdos215Problem	FAIL
Erdos216Problem	FAIL
Erdos217Problem	FAIL
Erdos218Problem	PASS
Erdos219Problem	PASS
Erdos21Problem	FAIL
Erdos220Aristotle	FAIL
Erdos220Incomplete01	PASS
Erdos220OQ01	PASS
Erdos220Problem	FAIL
Erdos220ProblemProvable	FAIL
Erdos221Problem	FAIL
Erdos222Problem	FAIL
Erdos223Problem	FAIL
Erdos224Problem	PASS
Erdos225Aristotle	FAIL
Erdos225Problem	FAIL
Erdos226Problem	FAIL
Erdos227Problem	PASS
Erdos228Problem	PASS
Erdos229Problem	FAIL
Erdos22Problem	PASS
Erdos230LowerBound	FAIL
Erdos230Parseval	PASS
Erdos230Problem	PASS
Erdos230ProblemAristotle	FAIL
Erdos231Problem	FAIL
Erdos232Problem	FAIL
Erdos233Problem	FAIL
Erdos234Problem	FAIL
Erdos235Problem	FAIL
Erdos236Problem	FAIL
Erdos237Problem	FAIL
Erdos238Problem	PASS
Erdos239Problem	FAIL
Erdos23Problem	PASS
Erdos240Aristotle	FAIL
Erdos240Problem	PASS
Erdos240ProblemAristotle	PASS
Erdos241Problem	FAIL
Erdos242Problem	FAIL
Erdos243Problem	PASS
Erdos244Problem	PASS
Erdos245Problem	PASS
Erdos246Problem	FAIL
Erdos247Aristotle	PASS
Erdos247Problem	FAIL
Erdos247RatioGrowth	PASS
Erdos248Problem	PASS
Erdos249OQ01	FAIL
Erdos249Problem	FAIL
Erdos24Problem	FAIL
Erdos250Problem	FAIL
Erdos251Problem	FAIL
Erdos252Problem	FAIL
Erdos253Problem	PASS
Erdos254Problem	FAIL
Erdos255Problem	FAIL
Erdos256Problem	FAIL
Erdos257Problem	FAIL
Erdos258OQ01	FAIL
Erdos258Problem	FAIL
Erdos259Problem	FAIL
Erdos25Abel	FAIL
Erdos25LogDensity	FAIL
Erdos25Problem	FAIL
Erdos260Aristotle	FAIL
Erdos260Problem	PASS
Erdos261Problem	FAIL
Erdos262Problem	FAIL
Erdos263Aristotle	FAIL
Erdos263Problem	FAIL
Erdos264Problem	FAIL
Erdos265Aristotle	PASS
Erdos265Problem	FAIL
Erdos266Problem	FAIL
Erdos267Problem	FAIL
Erdos268Aristotle	FAIL
Erdos268Problem	FAIL
Erdos268ProblemAristotle	FAIL
Erdos269Problem	PASS
Erdos26APN_Tenenbaum	PASS
Erdos26Problem	FAIL
Erdos270Problem	FAIL
Erdos271Problem	FAIL
Erdos272Problem	FAIL
Erdos273Problem	PASS
Erdos274Problem	FAIL
Erdos275Problem	FAIL
Erdos276Problem	FAIL
Erdos277PrimePowerAristotle	PASS
Erdos277Problem	PASS
Erdos278Problem	FAIL
Erdos279OQ04	FAIL
Erdos279Problem	PASS
Erdos27Problem	FAIL
Erdos280Problem	FAIL
Erdos281Problem	FAIL
Erdos282Problem	PASS
Erdos283Problem	FAIL
Erdos284Problem	FAIL
Erdos285Problem	FAIL
Erdos286MonotoneOQ02	PASS
Erdos286OQ01	PASS
Erdos286Problem	FAIL
Erdos287Problem	FAIL
Erdos288Problem	FAIL
Erdos289Problem	FAIL
Erdos28AdditiveBases	FAIL
Erdos28Problem	FAIL
Erdos290Problem	PASS
Erdos291Problem	FAIL
Erdos292Problem	FAIL
Erdos293Problem	FAIL
Erdos294Problem	FAIL
Erdos295Problem	PASS
Erdos296Problem	FAIL
Erdos297Problem	FAIL
Erdos298Problem	FAIL
Erdos299Problem	FAIL
Erdos29OQ02	FAIL
Erdos29Problem	FAIL
Erdos2OQ01	FAIL
Erdos2OQ01Aristotle	FAIL
Erdos2OQ03	PASS
Erdos2Problem	FAIL
Erdos300Problem	FAIL
Erdos301Problem	FAIL
Erdos302Aristotle	FAIL
Erdos302Problem	FAIL
Erdos303Problem	PASS
Erdos304Problem	FAIL
Erdos305EgyptianExists	PASS
Erdos305Problem	PASS
Erdos306Problem	FAIL
Erdos307Aristotle	FAIL
Erdos307OQ02	FAIL
Erdos307OQ02OQ01	PASS
Erdos307Problem	PASS
Erdos308OQ03	PASS
Erdos308Problem	FAIL
Erdos309Aristotle	PASS
Erdos309Problem	FAIL
Erdos309UpperBound	PASS
Erdos30Problem	FAIL
Erdos310Problem	FAIL
Erdos311Problem	PASS
Erdos312Problem	FAIL
Erdos313Problem	FAIL
Erdos314Problem	FAIL
Erdos315Problem	FAIL
Erdos316Problem	PASS
Erdos317Problem	PASS
Erdos318Aristotle	FAIL
Erdos318Problem	FAIL
Erdos319Problem	FAIL
Erdos31PrimesDensity	PASS
Erdos31PrimesDensityReciprocalOQ03	PASS
Erdos31Problem	FAIL
Erdos320Problem	FAIL
Erdos321Problem	FAIL
Erdos321ProblemR1	FAIL
Erdos322Problem	FAIL
Erdos323Problem	FAIL
Erdos324Problem	FAIL
Erdos325Problem	FAIL
Erdos326Problem	FAIL
Erdos327OQ01	FAIL
Erdos327OQ01OQ04	FAIL
Erdos327Problem	PASS
Erdos328Problem	FAIL
Erdos329Problem	FAIL
Erdos32IncompleteOQ01	PASS
Erdos32Problem	PASS
Erdos330Problem	FAIL
Erdos331Problem	PASS
Erdos332Problem	FAIL
Erdos333Problem	FAIL
Erdos334Aristotle	PASS
Erdos334Problem	FAIL
Erdos335Problem	PASS
Erdos336Problem	FAIL
Erdos337Aristotle	FAIL
Erdos337Problem	FAIL
Erdos338Aristotle	FAIL
Erdos338Problem	FAIL
Erdos339Aristotle	FAIL
Erdos339Problem	FAIL
Erdos33Problem	FAIL
Erdos340BhUpperBound	FAIL
Erdos340GreedyCountUpper	FAIL
Erdos340GreedyExtension	FAIL
Erdos340GreedyGrowth	FAIL
Erdos340GreedyRpowBound	FAIL
Erdos340GreedySidon	FAIL
Erdos340GreedySidonExtension	FAIL
Erdos340GreedySidonOQ02	FAIL
Erdos340GreedySidonOQ05	FAIL
Erdos340Problem	PASS
Erdos340SidonErdosTuran	FAIL
Erdos341Problem	FAIL
Erdos342Problem	FAIL
Erdos343Problem	FAIL
Erdos344Problem	FAIL
Erdos345Problem	FAIL
Erdos346Problem	FAIL
Erdos347Problem	FAIL
Erdos348Problem	FAIL
Erdos349Problem	FAIL
Erdos34Problem	PASS
Erdos350Problem	FAIL
Erdos351Problem	FAIL
Erdos352Problem	FAIL
Erdos353Aristotle	FAIL
Erdos353Problem	FAIL
Erdos354Problem	FAIL
Erdos355Problem	FAIL
Erdos356Problem	FAIL
Erdos357OQ04	PASS
Erdos357Problem	FAIL
Erdos358Problem	FAIL
Erdos359Problem	FAIL
Erdos35Aristotle	PASS
Erdos35Problem	FAIL
Erdos35ProblemAristotle	FAIL
Erdos360Aristotle	FAIL
Erdos360Problem	FAIL
Erdos361Problem	FAIL
Erdos362Aristotle	PASS
Erdos362Problem	FAIL
Erdos363Problem	FAIL
Erdos364Problem	FAIL
Erdos365Problem	FAIL
Erdos366Problem	PASS
Erdos367Problem	FAIL
Erdos368Problem	FAIL
Erdos369Problem	FAIL
Erdos36Problem	FAIL
Erdos370Problem	FAIL
Erdos371Problem	FAIL
Erdos372Problem	FAIL
Erdos373Problem	PASS
Erdos374Problem	FAIL
Erdos375Aristotle	FAIL
Erdos375Problem	FAIL
Erdos376Problem	PASS
Erdos377Problem	FAIL
Erdos378Aristotle	PASS
Erdos378Problem	PASS
Erdos379Problem	FAIL
Erdos37Problem	PASS
Erdos380Problem	FAIL
Erdos381Problem	FAIL
Erdos381ProblemAristotle	FAIL
Erdos382Problem	FAIL
Erdos383Problem	FAIL
Erdos384Problem	FAIL
Erdos385Problem	FAIL
Erdos386Problem	FAIL
Erdos387Problem	PASS
Erdos388Problem	FAIL
Erdos389Problem	PASS
Erdos38Problem	FAIL
Erdos390Problem	FAIL
Erdos391Problem	FAIL
Erdos392Problem	PASS
Erdos393Problem	FAIL
Erdos394Problem	FAIL
Erdos395OQ01	FAIL
Erdos395OQ01Incomplete01	FAIL
Erdos395OQ02	PASS
Erdos395OQ02Aristotle	PASS
Erdos395Problem	FAIL
Erdos396OQ04	PASS
Erdos396OQ04OQ01	PASS
Erdos396OQ04OQ01OQ01	FAIL
Erdos396OQ04OQ01OQ01OQ01	PASS
Erdos396OQ04OQ01OQ01OQ01OQ02	PASS
Erdos396OQ04OQ01OQ01OQ02	FAIL
Erdos396OQ04OQ01OQ01OQ02OQ01	FAIL
Erdos396OQ04OQ01OQ01OQ02OQ02	FAIL
Erdos396OQ04OQ01OQ01OQ02OQ02OQ01	PASS
Erdos396OQ04OQ01OQ01OQ02OQ02OQ01OQ01	PASS
Erdos396OQ04OQ01OQ01OQ02OQ02OQ02	PASS
Erdos396OQ04OQ01OQ01OQ02OQ02OQ02OQ01	PASS
Erdos396OQ04OQ01OQ01OQ02OQ02OQ02OQ01OQ01	PASS
Erdos396OQ04OQ01OQ01OQ03	FAIL
Erdos396Problem	PASS
Erdos397Problem	FAIL
Erdos398Problem	PASS
Erdos399Problem	FAIL
Erdos39Problem	FAIL
Erdos3LogHarmonic	FAIL
Erdos3Problem	FAIL
Erdos400Problem	FAIL
Erdos401Problem	PASS
Erdos402Problem	FAIL
Erdos403Problem	FAIL
Erdos404Problem	FAIL
Erdos405Problem	FAIL
Erdos406Problem	PASS
Erdos407Problem	FAIL
Erdos408Problem	FAIL
Erdos409Problem	FAIL
Erdos40Problem	FAIL
Erdos410Problem	FAIL
Erdos411Problem	FAIL
Erdos412Problem	PASS
Erdos413Problem	FAIL
Erdos414Problem	FAIL
Erdos415Aristotle	PASS
Erdos415OQ01	PASS
Erdos415Problem	FAIL
Erdos415ProblemAristotle	FAIL
Erdos416Problem	FAIL
Erdos417Problem	FAIL
Erdos418Problem	FAIL
Erdos419Problem	FAIL
Erdos41Problem	FAIL
Erdos420Problem	FAIL
Erdos421Problem	FAIL
Erdos422Problem	FAIL
Erdos423Problem	FAIL
Erdos424Problem	FAIL
Erdos425Problem	FAIL
Erdos426Problem	FAIL
Erdos427Problem	FAIL
Erdos428Problem	FAIL
Erdos429Problem	FAIL
Erdos42Problem	FAIL
Erdos430Problem	PASS
Erdos431Problem	FAIL
Erdos432Problem	FAIL
Erdos433Aristotle	FAIL
Erdos433Problem	FAIL
Erdos434Aristotle	FAIL
Erdos434Frobenius	FAIL
Erdos434Problem	FAIL
Erdos435NonPrimePower	PASS
Erdos435PrimePowerObstruction	PASS
Erdos435Problem	FAIL
Erdos436Improvements	PASS
Erdos436Problem	FAIL
Erdos437Aristotle	FAIL
Erdos437Problem	FAIL
Erdos438Problem	FAIL
Erdos439Problem	FAIL
Erdos43Problem	FAIL
Erdos440Problem	FAIL
Erdos441Aristotle	FAIL
Erdos441LowerBound	PASS
Erdos441Problem	PASS
Erdos442Problem	FAIL
Erdos443Problem	FAIL
Erdos444Problem	FAIL
Erdos445Problem	FAIL
Erdos446Problem	FAIL
Erdos447Problem	FAIL
Erdos448IncompleteOQ01	PASS
Erdos448Problem	PASS
Erdos449Problem	FAIL
Erdos44Aristotle	PASS
Erdos44Problem	FAIL
Erdos44SidonLowerBound	FAIL
Erdos450Problem	FAIL
Erdos451Problem	FAIL
Erdos452Problem	FAIL
Erdos453OQ02	FAIL
Erdos453OQ02OQ01	PASS
Erdos453Problem	FAIL
Erdos454Aristotle	FAIL
Erdos454Problem	FAIL
Erdos454ProblemAristotle	FAIL
Erdos455OQ04	PASS
Erdos455Problem	PASS
Erdos456Aristotle	FAIL
Erdos456Problem	FAIL
Erdos457Problem	FAIL
Erdos458OQ05	PASS
Erdos458Problem	PASS
Erdos459Problem	FAIL
Erdos45Problem	FAIL
Erdos460Problem	PASS
Erdos461Problem	FAIL
Erdos462Problem	PASS
Erdos463Problem	PASS
Erdos464Problem	FAIL
Erdos465Problem	FAIL
Erdos466Problem	FAIL
Erdos467Problem	PASS
Erdos468Problem	FAIL
Erdos469Problem	FAIL
Erdos46Problem	FAIL
Erdos470Problem	FAIL
Erdos471Problem	FAIL
Erdos472Problem	FAIL
Erdos473Problem	FAIL
Erdos474Problem	FAIL
Erdos475Problem	FAIL
Erdos476Aristotle	FAIL
Erdos476OQ05APEndpoint	PASS
Erdos476OQ05Aristotle	FAIL
Erdos476OQ05ETransform	PASS
Erdos476OQ05Problem	FAIL
Erdos476Problem	FAIL
Erdos477Problem	FAIL
Erdos478Problem	FAIL
Erdos479Problem	FAIL
Erdos47Problem	FAIL
Erdos480Problem	PASS
Erdos481Problem	FAIL
Erdos482Problem	PASS
Erdos483OQ02	FAIL
Erdos483Problem	FAIL
Erdos484Problem	FAIL
Erdos485OQ01	FAIL
Erdos485OQ02	FAIL
Erdos485Problem	FAIL
Erdos486Problem	FAIL
Erdos487Problem	FAIL
Erdos488Problem	FAIL
Erdos489Problem	FAIL
Erdos48Problem	FAIL
Erdos490Aristotle	FAIL
Erdos490Chebyshev	PASS
Erdos490OQ01	FAIL
Erdos490Problem	PASS
Erdos490ProblemAristotle	FAIL
Erdos491Problem	FAIL
Erdos492Aristotle	PASS
Erdos492Problem	FAIL
Erdos493OQ01	PASS
Erdos493OQ01C2	PASS
Erdos493Problem	PASS
Erdos494Problem	FAIL
Erdos495Problem	FAIL
Erdos496Problem	FAIL
Erdos497Problem	FAIL
Erdos498Problem	FAIL
Erdos499Problem	FAIL
Erdos49Problem	FAIL
Erdos4Problem	PASS
Erdos500Problem	FAIL
Erdos501Aristotle	FAIL
Erdos501Fubini	PASS
Erdos501Hull	PASS
Erdos501Problem	FAIL
Erdos501ProblemProvable	FAIL
Erdos502Problem	FAIL
Erdos503Problem	FAIL
Erdos504OQ01	PASS
Erdos504OQ03	PASS
Erdos504Problem	PASS
Erdos505Problem	FAIL
Erdos506Problem	FAIL
Erdos507Problem	FAIL
Erdos508Problem	FAIL
Erdos509Problem	FAIL
Erdos50Problem	FAIL
Erdos510Problem	FAIL
Erdos511Problem	PASS
Erdos512Aristotle	FAIL
Erdos512Problem	FAIL
Erdos513Problem	PASS
Erdos514Problem	FAIL
Erdos515Problem	FAIL
Erdos516Problem	FAIL
Erdos517Problem	PASS
Erdos518Problem	PASS
Erdos519Problem	FAIL
Erdos51Problem	FAIL
Erdos520Problem	FAIL
Erdos521Problem	FAIL
Erdos522Problem	FAIL
Erdos523Problem	FAIL
Erdos524Problem	FAIL
Erdos525OQ02	FAIL
Erdos525Problem	FAIL
Erdos526Problem	FAIL
Erdos527Problem	FAIL
Erdos528Problem	FAIL
Erdos529Problem	FAIL
Erdos52OQ02CommRing	PASS
Erdos52Problem	FAIL
Erdos530Problem	FAIL
Erdos531Aristotle	PASS
Erdos531Problem	FAIL
Erdos532Problem	FAIL
Erdos533Problem	FAIL
Erdos534Problem	FAIL
Erdos535Problem	FAIL
Erdos536Problem	FAIL
Erdos537Problem	FAIL
Erdos538Problem	FAIL
Erdos539Problem	FAIL
Erdos53Problem	FAIL
Erdos540Problem	FAIL
Erdos541Problem	FAIL
Erdos542Problem	FAIL
Erdos543Problem	FAIL
Erdos544Problem	PASS
Erdos545Aristotle	PASS
Erdos545Problem	FAIL
Erdos545ProblemAristotle	PASS
Erdos546Problem	FAIL
Erdos547Problem	FAIL
Erdos548Aristotle	FAIL
Erdos548Problem	FAIL
Erdos548ProblemAristotle	FAIL
Erdos549Problem	FAIL
Erdos549ProblemAristotle	FAIL
Erdos54Problem	FAIL
Erdos550Problem	FAIL
Erdos551Problem	FAIL
Erdos551ProblemAristotle	FAIL
Erdos552Aristotle	FAIL
Erdos552Problem	FAIL
Erdos553Aristotle	FAIL
Erdos553Problem	FAIL
Erdos553ProblemAristotle	FAIL
Erdos554Problem	FAIL
Erdos555Problem	FAIL
Erdos556Problem	FAIL
Erdos557Problem	FAIL
Erdos558Problem	FAIL
Erdos559Aristotle	FAIL
Erdos559Problem	FAIL
Erdos559ProblemAristotle	PASS
Erdos55Problem	FAIL
Erdos560Problem	FAIL
Erdos561Problem	FAIL
Erdos562Problem	FAIL
Erdos563Problem	FAIL
Erdos564Incomplete01	PASS
Erdos564Problem	PASS
Erdos565Problem	FAIL
Erdos566Problem	FAIL
Erdos567Problem	FAIL
Erdos568Problem	FAIL
Erdos569Problem	FAIL
Erdos56Problem	PASS
Erdos570Problem	FAIL
Erdos571Problem	FAIL
Erdos572Problem	FAIL
Erdos573Problem	FAIL
Erdos574Problem	PASS
Erdos575Problem	FAIL
Erdos576Problem	FAIL
Erdos577Problem	FAIL
Erdos578Problem	FAIL
Erdos579Problem	FAIL
Erdos57Aristotle	PASS
Erdos57OddClosedWalk	FAIL
Erdos57OddGirthBound	FAIL
Erdos57Problem	FAIL
Erdos57ProblemAristotle	FAIL
Erdos580Problem	FAIL
Erdos581Problem	FAIL
Erdos582Problem	FAIL
Erdos583Problem	FAIL
Erdos584Problem	FAIL
Erdos585Problem	FAIL
Erdos586Problem	FAIL
Erdos587Problem	FAIL
Erdos588Problem	FAIL
Erdos589Aristotle	PASS
Erdos589Problem	PASS
Erdos58Problem	FAIL
Erdos590Problem	FAIL
Erdos591Problem	FAIL
Erdos592Problem	FAIL
Erdos593Problem	FAIL
Erdos594Problem	FAIL
Erdos595Problem	FAIL
Erdos596Problem	FAIL
Erdos597Problem	FAIL
Erdos598Problem	FAIL
Erdos599Problem	FAIL
Erdos59Problem	FAIL
Erdos5PrimeGaps	PASS
Erdos5Problem	FAIL
Erdos600Problem	FAIL
Erdos601Aristotle	FAIL
Erdos601Problem	FAIL
Erdos602Problem	PASS
Erdos603Problem	FAIL
Erdos604Problem	FAIL
Erdos605Problem	FAIL
Erdos606OQ01	PASS
Erdos606OQ03	FAIL
Erdos606OQ03OQ03	PASS
Erdos606OQ03WIP01	PASS
Erdos606Problem	FAIL
Erdos607Problem	FAIL
Erdos608Aristotle	PASS
Erdos608Problem	FAIL
Erdos608ProblemAristotle	FAIL
Erdos609Problem	FAIL
Erdos60Problem	FAIL
Erdos610Aristotle	FAIL
Erdos610Problem	FAIL
Erdos610ProblemAristotle	FAIL
Erdos611Aristotle	FAIL
Erdos611Problem	FAIL
Erdos611ProblemAristotle	FAIL
Erdos612Problem	FAIL
Erdos612ProblemAristotle	FAIL
Erdos613Aristotle	FAIL
Erdos613Problem	FAIL
Erdos613ProblemAristotle	FAIL
Erdos614Problem	FAIL
Erdos615Problem	FAIL
Erdos616Problem	FAIL
Erdos617Problem	FAIL
Erdos618Problem	FAIL
Erdos619Problem	FAIL
Erdos61Problem	FAIL
Erdos620Aristotle	FAIL
Erdos620Problem	FAIL
Erdos620ProblemAristotle	FAIL
Erdos621Problem	FAIL
Erdos622OQ04	FAIL
Erdos622Problem	FAIL
Erdos623Aristotle	FAIL
Erdos623Problem	FAIL
Erdos623ProblemAristotle	FAIL
Erdos624Problem	PASS
Erdos625Aristotle	FAIL
Erdos625Problem	FAIL
Erdos625ProblemAristotle	FAIL
Erdos626Aristotle	FAIL
Erdos626Problem	FAIL
Erdos626ProblemAristotle	FAIL
Erdos627Aristotle	FAIL
Erdos627Problem	FAIL
Erdos627ProblemAristotle	FAIL
Erdos628Aristotle	FAIL
Erdos628Problem	FAIL
Erdos628ProblemAristotle	FAIL
Erdos629Aristotle	FAIL
Erdos629Problem	FAIL
Erdos62Problem	PASS
Erdos630Aristotle	FAIL
Erdos630Problem	FAIL
Erdos630ProblemAristotle	FAIL
Erdos631Aristotle	FAIL
Erdos631Problem	FAIL
Erdos631ProblemAristotle	FAIL
Erdos632Aristotle	FAIL
Erdos632Problem	PASS
Erdos632ProblemAristotle	PASS
Erdos633Aristotle	PASS
Erdos633Problem	PASS
Erdos633ProblemAristotle	PASS
Erdos634AreaCollapse	PASS
Erdos634Aristotle	FAIL
Erdos634MedialCentralEdgeOQ03	PASS
Erdos634MedialCongruence	PASS
Erdos634MedialCongruenceOQ01	PASS
Erdos634MedialCongruenceOQ02	PASS
Erdos634MedialCoveringOQ02	PASS
Erdos634MedialDisjointOQ02	PASS
Erdos634Problem	FAIL
Erdos635Problem	FAIL
Erdos636Aristotle	FAIL
Erdos636Problem	FAIL
Erdos636ProblemAristotle	FAIL
Erdos637Aristotle	FAIL
Erdos637Problem	FAIL
Erdos637ProblemAristotle	FAIL
Erdos638Problem	FAIL
Erdos639Problem	FAIL
Erdos63Problem	FAIL
Erdos640Problem	FAIL
Erdos641Problem	FAIL
Erdos642Aristotle	FAIL
Erdos642Problem	FAIL
Erdos643Problem	FAIL
Erdos643StarLowerBound	PASS
Erdos644Aristotle	PASS
Erdos644Problem	FAIL
Erdos644ProblemAristotle	FAIL
Erdos645Problem	FAIL
Erdos646Problem	FAIL
Erdos647Problem	PASS
Erdos648Problem	FAIL
Erdos649Problem	FAIL
Erdos64Problem	FAIL
Erdos650Problem	FAIL
Erdos651Problem	FAIL
Erdos652Problem	FAIL
Erdos653LowerBound	PASS
Erdos653Problem	PASS
Erdos654Problem	FAIL
Erdos655Problem	FAIL
Erdos656Problem	FAIL
Erdos657Problem	FAIL
Erdos658Problem	FAIL
Erdos659OQ01	PASS
Erdos659OQ01OQ02	PASS
Erdos659OQ05	PASS
Erdos659OQ06	PASS
Erdos659Problem	PASS
Erdos65OQ03	FAIL
Erdos65Problem	FAIL
Erdos660Aristotle	FAIL
Erdos660Convexity	PASS
Erdos660Problem	PASS
Erdos660ProblemAristotle	PASS
Erdos661Problem	FAIL
Erdos662Problem	FAIL
Erdos663Problem	FAIL
Erdos664Problem	FAIL
Erdos665Problem	FAIL
Erdos666Problem	FAIL
Erdos667Aristotle	FAIL
Erdos667Problem	FAIL
Erdos668Problem	FAIL
Erdos669Problem	FAIL
Erdos66Problem	FAIL
Erdos670Problem	FAIL
Erdos671Aristotle	PASS
Erdos671EquidistantOrphan	PASS
Erdos671Problem	FAIL
Erdos671ProblemAristotle	FAIL
Erdos672Problem	FAIL
Erdos673Aristotle	FAIL
Erdos673Problem	FAIL
Erdos673ProblemAristotle	PASS
Erdos674Aristotle	FAIL
Erdos674Problem	FAIL
Erdos674ProblemAristotle	FAIL
Erdos675Problem	FAIL
Erdos676Problem	FAIL
Erdos677Problem	FAIL
Erdos678Aristotle	FAIL
Erdos678Problem	FAIL
Erdos679Aristotle	FAIL
Erdos679Problem	FAIL
Erdos679ProblemAristotle	FAIL
Erdos67Problem	FAIL
Erdos680Problem	FAIL
Erdos681Problem	FAIL
Erdos682Problem	FAIL
Erdos683Problem	FAIL
Erdos684Problem	FAIL
Erdos685Problem	FAIL
Erdos686Problem	PASS
Erdos687Problem	FAIL
Erdos688Problem	FAIL
Erdos689Problem	PASS
Erdos68Problem	PASS
Erdos690Problem	FAIL
Erdos691Problem	FAIL
Erdos692Problem	FAIL
Erdos693Problem	FAIL
Erdos694Problem	FAIL
Erdos695Aristotle	PASS
Erdos695Problem	PASS
Erdos696Problem	FAIL
Erdos697Problem	FAIL
Erdos698Problem	FAIL
Erdos699Problem	FAIL
Erdos69Problem	FAIL
Erdos6Problem	FAIL
Erdos700Problem	FAIL
Erdos701Problem	FAIL
Erdos702Problem	FAIL
Erdos703Problem	PASS
Erdos704Problem	FAIL
Erdos705Problem	FAIL
Erdos706Problem	FAIL
Erdos707Problem	FAIL
Erdos708Problem	FAIL
Erdos709Problem	FAIL
Erdos70OQ01Problem	FAIL
Erdos70Problem	FAIL
Erdos710Problem	FAIL
Erdos711Problem	FAIL
Erdos712Problem	FAIL
Erdos713Problem	FAIL
Erdos714Problem	FAIL
Erdos715Aristotle	PASS
Erdos715Problem	FAIL
Erdos715ProblemAristotle	FAIL
Erdos716Problem	FAIL
Erdos717Problem	FAIL
Erdos718Problem	FAIL
Erdos719Problem	FAIL
Erdos71Problem	FAIL
Erdos720Problem	FAIL
Erdos721Problem	FAIL
Erdos722Problem	FAIL
Erdos723Problem	FAIL
Erdos724Problem	FAIL
Erdos725Problem	FAIL
Erdos726Problem	FAIL
Erdos727Problem	FAIL
Erdos728FactorialDivisibility	SKIP
Erdos728FactorialDivisibilityOQ04	PASS
Erdos728Problem	FAIL
Erdos729DigitSumBound	PASS
Erdos729LegendreGeneral	PASS
Erdos729LegendreMultinomial	PASS
Erdos729LegendrePrimeRecurrence	PASS
Erdos729LegendreRecurrence	PASS
Erdos729Problem	PASS
Erdos72Aristotle	FAIL
Erdos72Problem	FAIL
Erdos730Problem	FAIL
Erdos731Problem	FAIL
Erdos732Problem	FAIL
Erdos733LimitBounds	FAIL
Erdos733Problem	FAIL
Erdos733RichLines	PASS
Erdos734Problem	FAIL
Erdos735OQ04	PASS
Erdos735OQ04Tetrahedron	PASS
Erdos735Problem	PASS
Erdos736Problem	FAIL
Erdos737Problem	FAIL
Erdos738Problem	FAIL
Erdos739Problem	FAIL
Erdos73Aristotle	FAIL
Erdos73Problem	FAIL
Erdos740BipartiteIncomplete01	PASS
Erdos740Problem	FAIL
Erdos740ProblemProvable	FAIL
Erdos741Problem	FAIL
Erdos741ProblemAPNPartI	FAIL
Erdos741ProblemAPNPartII	PASS
Erdos742Problem	FAIL
Erdos743Problem	FAIL
Erdos744Problem	PASS
Erdos745Problem	FAIL
Erdos746Problem	PASS
Erdos747Problem	FAIL
Erdos748Aristotle	PASS
Erdos748Problem	PASS
Erdos749Problem	FAIL
Erdos74Problem	FAIL
Erdos750Problem	FAIL
Erdos751Problem	FAIL
Erdos752Problem	FAIL
Erdos753Problem	FAIL
Erdos754Problem	FAIL
Erdos755Aristotle	PASS
Erdos755Problem	PASS
Erdos756Problem	FAIL
Erdos757Problem	FAIL
Erdos758Problem	FAIL
Erdos759Problem	PASS
Erdos75Problem	FAIL
Erdos760Problem	FAIL
Erdos761Problem	FAIL
Erdos762Problem	FAIL
Erdos763Problem	FAIL
Erdos764Problem	FAIL
Erdos765Problem	FAIL
Erdos766Problem	FAIL
Erdos767Problem	FAIL
Erdos768Problem	FAIL
Erdos769Problem	FAIL
Erdos76OQ02	FAIL
Erdos76Problem	PASS
Erdos770Problem	FAIL
Erdos771Aristotle	PASS
Erdos771Construction	PASS
Erdos771Problem	FAIL
Erdos771ProblemAristotle	PASS
Erdos772Problem	FAIL
Erdos773Problem	FAIL
Erdos774Problem	FAIL
Erdos775Problem	FAIL
Erdos776Problem	FAIL
Erdos777Problem	FAIL
Erdos778Problem	FAIL
Erdos779Problem	FAIL
Erdos77Problem	FAIL
Erdos780Aristotle	FAIL
Erdos780Problem	FAIL
Erdos781Problem	FAIL
Erdos782Problem	FAIL
Erdos783Problem	FAIL
Erdos784Problem	FAIL
Erdos785Problem	FAIL
Erdos786Problem	FAIL
Erdos787Problem	FAIL
Erdos788Problem	FAIL
Erdos789Problem	FAIL
Erdos78Problem	PASS
Erdos790Problem	FAIL
Erdos791Problem	FAIL
Erdos792Problem	FAIL
Erdos793OQ03	PASS
Erdos793Problem	PASS
Erdos794Problem	FAIL
Erdos795Aristotle	FAIL
Erdos795Problem	FAIL
Erdos795ProblemAristotle	FAIL
Erdos796Problem	FAIL
Erdos797Problem	FAIL
Erdos798Aristotle	FAIL
Erdos798Problem	PASS
Erdos798ProblemAristotle	PASS
Erdos799Problem	FAIL
Erdos79Aristotle	PASS
Erdos79Incomplete01	FAIL
Erdos79Incomplete01OQ01	FAIL
Erdos79Problem	FAIL
Erdos79ProblemAristotle	FAIL
Erdos7Problem	PASS
Erdos800Problem	FAIL
Erdos801Problem	FAIL
Erdos802Problem	FAIL
Erdos803Problem	FAIL
Erdos804Problem	FAIL
Erdos805Problem	FAIL
Erdos806Problem	FAIL
Erdos807Problem	FAIL
Erdos808Problem	FAIL
Erdos809Problem	FAIL
Erdos80Problem	FAIL
Erdos810Problem	FAIL
Erdos811Problem	FAIL
Erdos812Problem	FAIL
Erdos813Problem	FAIL
Erdos814Problem	FAIL
Erdos815Problem	PASS
Erdos816OQ01	PASS
Erdos816Problem	FAIL
Erdos817Aristotle	FAIL
Erdos817Problem	FAIL
Erdos818Aristotle	FAIL
Erdos818Problem	PASS
Erdos819Problem	FAIL
Erdos81Problem	FAIL
Erdos820Aristotle	FAIL
Erdos820Problem	FAIL
Erdos821Problem	FAIL
Erdos822Problem	FAIL
Erdos823Problem	FAIL
Erdos823SigmaValues	PASS
Erdos824Problem	FAIL
Erdos824ProblemProvable	FAIL
Erdos825Problem	FAIL
Erdos826Problem	FAIL
Erdos827Problem	FAIL
Erdos828Problem	PASS
Erdos829Problem	FAIL
Erdos82Problem	FAIL
Erdos830Problem	FAIL
Erdos831Problem	FAIL
Erdos832Problem	FAIL
Erdos833Problem	FAIL
Erdos834Problem	FAIL
Erdos835Incomplete01	PASS
Erdos835Problem	FAIL
Erdos836Problem	FAIL
Erdos837Problem	PASS
Erdos837ProblemOQ05	PASS
Erdos838Problem	FAIL
Erdos839Problem	FAIL
Erdos83LowerBound	PASS
Erdos83Problem	PASS
Erdos840Aristotle	PASS
Erdos840Problem	PASS
Erdos841OQ01	PASS
Erdos841Problem	FAIL
Erdos842Problem	FAIL
Erdos843Problem	FAIL
Erdos844Problem	FAIL
Erdos845Problem	FAIL
Erdos846Problem	FAIL
Erdos846ProblemAPN	FAIL
Erdos847Problem	FAIL
Erdos848Problem	FAIL
Erdos848ProblemOQ01	FAIL
Erdos849Problem	FAIL
Erdos84Problem	FAIL
Erdos850Problem	FAIL
Erdos851Problem	FAIL
Erdos852Problem	FAIL
Erdos853Problem	FAIL
Erdos854Problem	FAIL
Erdos855Problem	FAIL
Erdos856Problem	FAIL
Erdos857Problem	FAIL
Erdos858OQ03	PASS
Erdos858Problem	FAIL
Erdos859Aristotle	FAIL
Erdos859Problem	FAIL
Erdos859ProblemAristotle	FAIL
Erdos85Problem	FAIL
Erdos860Problem	FAIL
Erdos860ProblemAristotle	FAIL
Erdos861Problem	FAIL
Erdos862OQ03Problem	PASS
Erdos862Problem	FAIL
Erdos863Aristotle	FAIL
Erdos863Problem	FAIL
Erdos864Problem	FAIL
Erdos865Problem	FAIL
Erdos866Aristotle	FAIL
Erdos866OQ01	PASS
Erdos866Problem	PASS
Erdos866Wip01	PASS
Erdos866Wip01OQ01	PASS
Erdos867Problem	FAIL
Erdos868Problem	FAIL
Erdos869Problem	FAIL
Erdos86Problem	FAIL
Erdos870Aristotle	FAIL
Erdos870Problem	FAIL
Erdos871Problem	FAIL
Erdos872Problem	FAIL
Erdos873Problem	FAIL
Erdos873ProblemProvable	FAIL
Erdos874Problem	FAIL
Erdos875Problem	FAIL
Erdos876Problem	FAIL
Erdos876ProblemAristotle	FAIL
Erdos877Aristotle	PASS
Erdos877Problem	PASS
Erdos877ProblemAristotle	FAIL
Erdos878Problem	FAIL
Erdos879Problem	FAIL
Erdos87Problem	FAIL
Erdos880Problem	FAIL
Erdos881Problem	PASS
Erdos882Problem	FAIL
Erdos882ProblemOQ03	FAIL
Erdos882ProblemOQ03OQ01	PASS
Erdos882ProblemOQ03OQ02	FAIL
Erdos883Problem	FAIL
Erdos884Problem	FAIL
Erdos885Problem	FAIL
Erdos886Problem	FAIL
Erdos887Problem	FAIL
Erdos888Problem	FAIL
Erdos889Problem	FAIL
Erdos88Problem	FAIL
Erdos890Problem	FAIL
Erdos891Problem	PASS
Erdos892Aristotle	PASS
Erdos892Problem	PASS
Erdos893Problem	FAIL
Erdos894Problem	FAIL
Erdos895Aristotle	PASS
Erdos895CounterexampleFin18	FAIL
Erdos895OQ01Problem	FAIL
Erdos895Problem	FAIL
Erdos895ProblemAristotle	FAIL
Erdos896Problem	FAIL
Erdos897OQ01	PASS
Erdos897Problem	PASS
Erdos898Aristotle	PASS
Erdos898Problem	PASS
Erdos899Problem	PASS
Erdos89Problem	FAIL
Erdos8OQ02	FAIL
Erdos8Problem	FAIL
Erdos900Problem	FAIL
Erdos901Aristotle	FAIL
Erdos901Problem	FAIL
Erdos901ProblemAristotle	FAIL
Erdos902Problem	FAIL
Erdos903Problem	FAIL
Erdos904Problem	FAIL
Erdos905Problem	FAIL
Erdos906Problem	FAIL
Erdos907Problem	FAIL
Erdos908Problem	FAIL
Erdos909OQ01OQ02	PASS
Erdos909OQ01Problem	FAIL
Erdos909Problem	FAIL
Erdos90Problem	FAIL
Erdos910OQ01	PASS
Erdos910Problem	FAIL
Erdos910ProblemProvable	FAIL
Erdos911Problem	FAIL
Erdos912Problem	FAIL
Erdos913Problem	FAIL
Erdos914Problem	FAIL
Erdos915Problem	FAIL
Erdos916Problem	FAIL
Erdos917Problem	FAIL
Erdos918Problem	FAIL
Erdos919Problem	FAIL
Erdos91Problem	FAIL
Erdos920Problem	FAIL
Erdos921Problem	FAIL
Erdos922Aristotle	FAIL
Erdos922Problem	FAIL
Erdos923Problem	FAIL
Erdos924Problem	FAIL
Erdos925Problem	FAIL
Erdos926Problem	FAIL
Erdos927Problem	FAIL
Erdos928Problem	FAIL
Erdos929Problem	PASS
Erdos92Problem	FAIL
Erdos930Problem	FAIL
Erdos931Aristotle	PASS
Erdos931Problem	PASS
Erdos932Problem	FAIL
Erdos933Aristotle	PASS
Erdos933OQ05	PASS
Erdos933Problem	FAIL
Erdos933ProblemAristotle	FAIL
Erdos934Problem	FAIL
Erdos934ProblemAristotle	FAIL
Erdos935Problem	FAIL
Erdos936Problem	FAIL
Erdos937Problem	FAIL
Erdos938Problem	PASS
Erdos939Problem	FAIL
Erdos93Problem	PASS
Erdos940Problem	FAIL
Erdos941Problem	PASS
Erdos942Problem	FAIL
Erdos943Problem	FAIL
Erdos944Problem	FAIL
Erdos945Problem	FAIL
Erdos946Problem	FAIL
Erdos947Problem	FAIL
Erdos948Problem	FAIL
Erdos949Problem	FAIL
Erdos94OQ02	FAIL
Erdos94OQ02Incomplete01	PASS
Erdos94Problem	FAIL
Erdos950Problem	FAIL
Erdos951Problem	PASS
Erdos952Problem	PASS
Erdos953Problem	FAIL
Erdos954Problem	FAIL
Erdos955Problem	FAIL
Erdos956Aristotle	FAIL
Erdos956Problem	FAIL
Erdos957Problem	FAIL
Erdos958Problem	FAIL
Erdos959Problem	FAIL
Erdos95OQ04	PASS
Erdos95Problem	FAIL
Erdos960Problem	FAIL
Erdos961Aristotle	PASS
Erdos961Problem	FAIL
Erdos962Problem	FAIL
Erdos963Problem	FAIL
Erdos964Aristotle	FAIL
Erdos964Problem	FAIL
Erdos965Problem	FAIL
Erdos966Problem	FAIL
Erdos967Problem	FAIL
Erdos968Problem	FAIL
Erdos969Problem	FAIL
Erdos96Problem	FAIL
Erdos970Problem	FAIL
Erdos971Problem	FAIL
Erdos972Problem	PASS
Erdos972ProblemProvable	PASS
Erdos973Problem	FAIL
Erdos974Problem	FAIL
Erdos975Problem	FAIL
Erdos976Problem	FAIL
Erdos977Aristotle	FAIL
Erdos977Problem	FAIL
Erdos977ProblemAristotle	FAIL
Erdos978OQ01	PASS
Erdos978Problem	FAIL
Erdos979Problem	FAIL
Erdos97Problem	FAIL
Erdos980Problem	FAIL
Erdos981Problem	FAIL
Erdos982Aristotle	PASS
Erdos982Problem	FAIL
Erdos982ThinVertex	PASS
Erdos983Problem	FAIL
Erdos984Problem	FAIL
Erdos985Problem	PASS
Erdos986Problem	FAIL
Erdos987Problem	FAIL
Erdos988Problem	FAIL
Erdos989Problem	FAIL
Erdos98Problem	FAIL
Erdos990Problem	FAIL
Erdos991Problem	PASS
Erdos992Problem	FAIL
Erdos993Problem	FAIL
Erdos994Problem	FAIL
Erdos995Problem	FAIL
Erdos996Problem	FAIL
Erdos997Problem	FAIL
Erdos998Problem	FAIL
Erdos998ThreeGapOQ04	PASS
Erdos999Problem	FAIL
Erdos99Problem	FAIL
Erdos9Problem	FAIL
ErdosDivisibilityPigeonhole	PASS
ErdosDivisibilityPigeonholeOQ01	PASS
ErdosDivisibilityPigeonholeOQ01OQ01	PASS
ErdosDivisibilityPigeonholeOQ01OQ01OQ01	PASS
ErdosDivisibilityPigeonholeOQ01OQ01OQ01OQ01	PASS
ErdosDivisibilityPigeonholeOQ02	PASS
ErdosDivisibilityPigeonholeOQ03	PASS
ErdosGallaiNecessity	PASS
ErdosGinzburgZivOQ01	PASS
ErdosGinzburgZivOQ01OQ01	PASS
ErdosKoRado	FAIL
ErdosKoRadoOQ01	PASS
ErdosKoRadoOQ02	PASS
ErdosKoRadoOQ03	PASS
ErdosMordellChordIdentity	FAIL
ErdosMordellChordReduction	PASS
ErdosMordellFeetAngleAristotle	PASS
ErdosMordellInequalityOQ01	FAIL
ErdosRamseyLowerBound	FAIL
ErdosSzekeres	PASS
EulerCriterionSquaresOQ01	PASS
EulerCriterionSquaresOQ01OQ01	PASS
EulerCriterionSquaresOQ01OQ01OQ01	PASS
EulerCriterionSquaresOQ01OQ01OQ02	PASS
EulerCriterionSquaresOQ01OQ02	PASS
EulerCriterionSquaresOQ01OQ02OQ03	PASS
EulerCriterionSquaresOQ01OQ03	PASS
EulerCriterionSquaresOQ01OQ03OQ01	PASS
EulerIdentity	PASS
EulerIdentityOQ01	FAIL
EulerIdentityOQ01OQ01	PASS
EulerIdentityOQ01OQ01OQ01	PASS
EulerIdentityOQ01OQ01OQ01OQ01	PASS
EulerIdentityOQ01OQ02	PASS
EulerIdentityOQ01OQ02OQ01	FAIL
EulerIdentityOQ01OQ03	PASS
EulerIdentityOQ01OQ04	PASS
EulerIdentityOQ02	PASS
EulerIdentityOQ05	PASS
EulerPolyhedralDescartes	PASS
EulerPolyhedralFormula	FAIL
EulerPolyhedralFormulaOQ01OQ02	FAIL
EulerPolyhedralOQ01	PASS
EulerPolyhedralOQ01OQ03	PASS
EulerPolyhedralOQ01OQ04	FAIL
EulerPolyhedralOQ02	PASS
EulerPolyhedralOQ02OQ01	PASS
EulerPolyhedralOQ02OQ02	PASS
EulerTotient	PASS
EulerTotientOQ01	PASS
EulerTotientOQ01OQ01	PASS
EulerTotientOQ01OQ01OQ01	FAIL
EulerTotientOQ01OQ01OQ02	PASS
EulerTotientOQ01OQ02	PASS
EulerTotientOQ01OQ02OQ01	FAIL
EulerTotientOQ01OQ02OQ02	FAIL
EulerTotientOQ01OQ02OQ03	FAIL
EulerTotientOQ01OQ03	PASS
EulerTotientOQ01OQ03Keygen	PASS
EulerTotientOQ01OQ03Minimal	PASS
EulerTotientOQ02	FAIL
EulerTotientOQ02OQ01	FAIL
EulerTotientOQ02OQ02	PASS
EulerTotientOQ02OQ02OQ01	FAIL
EulerTotientOQ02OQ04	PASS
EulerTotientOQ03	PASS
EulerTotientOQ03OQ02	PASS
EulerTotientOQ03OQ03	PASS
EulerTotientOQ03OQ03OQ01	PASS
EulerTotientOQ04	PASS
EulerTotientOQ04OQ01	PASS
EulerTotientOQ04OQ02	PASS
EulerTotientOQ04OQ03	PASS
EulerTotientOQ05	PASS
EulerTotientOQ05OQ01	PASS
EulerTotientOQ05OQ02	PASS
EulerTotientOQ06	PASS
EulerTotientOQ06OQ01	PASS
EulerTotientOQ06OQ02	FAIL
EulerTotientOQ07	PASS
EulerTotientOQ07OQ01	PASS
EulerTotientOQ07OQ03	PASS
EulerTotientOQ07OQ04	PASS
EulerTotientOQ08	PASS
EulerTotientOQ08OQ01	PASS
EulerTotientOQ09	PASS
EulerTotientOQ09OQ01	PASS
EulerTotientOQ09OQ02	PASS
EulerTotientOQ10	PASS
FactorRemainderHasseDerivativeFq	PASS
FactorRemainderHasseDerivativeFqOQ01	PASS
FactorRemainderHasseDerivativeFqOQ01OQ01	PASS
FactorRemainderHasseDerivativeFqOQ02	PASS
FactorRemainderNullstellensatzOQ01	FAIL
FactorRemainderNullstellensatzOQ01OQ02	PASS
FactorRemainderNullstellensatzOQ02	FAIL
FactorRemainderTheorem	FAIL
FactorRemainderTheoremOQ01	PASS
FactorRemainderTheoremOQ01OQ01	PASS
FactorRemainderTheoremOQ01OQ01OQ01	PASS
FactorRemainderTheoremOQ01OQ01OQ01OQ01	PASS
FactorRemainderTheoremOQ01OQ01OQ02	FAIL
FactorRemainderTheoremOQ01OQ02	PASS
FactorRemainderTheoremOQ01OQ02OQ01	PASS
FactorRemainderTheoremOQ02	FAIL
FactorRemainderTheoremOQ03	FAIL
FactorRemainderTheoremOQ05	PASS
FactorRemainderTheoremOQ05OQ02	PASS
FactorRemainderTheoremOQ06	PASS
FactorRemainderTheoremOQ06OQ01	PASS
FactorialTelescopingSumOQ01	PASS
FactorialTelescopingSumOQ01OQ01	PASS
FactorialTelescopingSumOQ02	PASS
FairGamesTheorem	FAIL
FairGamesTheoremOQ01	PASS
FairGamesTheoremOQ02	FAIL
FairGamesTheoremOQ02OQ01	FAIL
FairGamesTheoremOQ02OQ01OQ01	FAIL
FairGamesTheoremOQ02OQ03	PASS
FairGamesTheoremOQ02OQ04	PASS
FairGamesTheoremOQ03	FAIL
FairGamesTheoremOQ03Aristotle	FAIL
FatouLemma	PASS
FatouLemmaOQ01OQ01	PASS
FatouLemmaOQ01OQ02	FAIL
FatouLemmaOQ01OQ02OQ01	PASS
FermatDefectOne	PASS
FermatDefectOneAristotle	PASS
FermatDefectOneBounded	PASS
FermatDefectOneFamilies	PASS
FermatDefectOneNegInfinitude	PASS
FermatDefectOneOQ03	PASS
FermatDefectOneOQ04	PASS
FermatDefectOneOQ06	PASS
FermatDefectOneOQ06OQ01	PASS
FermatPrimeExponent	PASS
FermatTwoSquares	PASS
FermatTwoSquaresOQ01	PASS
FermatTwoSquaresOQ01OQ01	PASS
FermatTwoSquaresOQ01OQ03	PASS
FermatTwoSquaresOQ01OQ03OQ01	PASS
FermatTwoSquaresOQ04	FAIL
FermatTwoSquaresOQ04OQ01	FAIL
FermatTwoSquaresOQ05	PASS
FermatTwoSquaresOQ06	PASS
FermatTwoSquaresOQ06OQ02	PASS
FermatTwoSquaresOQ07	PASS
FermatTwoSquaresOQ07OQ01	PASS
FermatTwoSquaresOQ08	PASS
FermatTwoSquaresOQ09	PASS
FermatsLastTheorem	PASS
FermatsLastTheoremOQ03	FAIL
FeuerbachOQ02MurakamiOQ01_ConjugateRadii	PASS
FeuerbachsTheorem	PASS
FeuerbachsTheoremDefs	PASS
FeuerbachsTheoremDefsOQ01	PASS
FeuerbachsTheoremDefsOQ01OQ01	PASS
FeuerbachsTheoremDefsOQ01OQ01OQ01	PASS
FeuerbachsTheoremDefsOQ01OQ01OQ01OQ01	PASS
FeuerbachsTheoremDefsOQ01OQ01OQ01OQ02	PASS
FeuerbachsTheoremDefsOQ01OQ01OQ01OQ02OQ01	PASS
FeuerbachsTheoremDefsOQ01OQ01OQ02	PASS
FeuerbachsTheoremDefsOQ01OQ02	PASS
FeuerbachsTheoremDefsOQ02	PASS
FeuerbachsTheoremDefsOQ02OQ01	PASS
FeuerbachsTheoremDefsOQ02OQ01OQ01	PASS
FeuerbachsTheoremDefsOQ02OQ01OQ01OQ01	PASS
FeuerbachsTheoremDefsOQ02OQ01OQ01OQ01OQ01	PASS
FeuerbachsTheoremDefsOQ02OQ01OQ01OQ01OQ01OQ01	PASS
FeuerbachsTheoremDefsOQ03	PASS
FeuerbachsTheoremDefsOQ04	FAIL
FeuerbachsTheoremDefsOQ04OQ03	PASS
FeuerbachsTheoremDefsOQ05	PASS
FeuerbachsTheoremOQ01	PASS
FeuerbachsTheoremOQ01Aristotle	FAIL
FeuerbachsTheoremOQ01OQ03	FAIL
FeuerbachsTheoremOQ02	PASS
FeuerbachsTheoremOQ02Aristotle	PASS
FeuerbachsTheoremOQ04	PASS
FeuerbachsTheoremOQ04Antipode	PASS
FeuerbachsTheoremOQ04Circumcircle	PASS
FeuerbachsTheoremOQ04Midpoint	PASS
FeuerbachsTheoremOQ04TangentLine	FAIL
FeuerbachsTheoremOQ05	FAIL
FibonacciDivisibilityOQ07	PASS
FibonacciDivisibilityOQ07OQ03	PASS
FibonacciIdentities	PASS
FibonacciIdentitiesOQ01	PASS
FibonacciIdentitiesOQ01OQ02	PASS
FibonacciIdentitiesOQ01OQ02OQ01	PASS
FibonacciIdentitiesOQ01OQ03	PASS
FibonacciIdentitiesOQ01OQ04	PASS
FibonacciIdentitiesOQ02	FAIL
FibonacciIdentitiesOQ02OQ01	PASS
FibonacciIdentitiesOQ02OQ01OQ01	PASS
FibonacciIdentitiesOQ02OQ01OQ01OQ01	PASS
FibonacciIdentitiesOQ02OQ01OQ01OQ02	PASS
FibonacciIdentitiesOQ02OQ01OQ01OQ02OQ01	PASS
FibonacciIdentitiesOQ02OQ02	PASS
FibonacciIdentitiesOQ02OQ02OQ01	PASS
FibonacciIdentitiesOQ02OQ02PrimeIndex	FAIL
FibonacciIdentitiesOQ03	PASS
FibonacciIdentitiesOQ03OQ01	PASS
FibonacciIdentitiesOQ03OQ02	PASS
FibonacciIdentitiesOQ03OQ02OQ01	PASS
FibonacciIdentitiesOQ03OQ02OQ02	PASS
FibonacciIdentitiesOQ03OQ03	PASS
FibonacciIdentitiesOQ04	PASS
FibonacciIdentitiesOQ04OQ01	PASS
FibonacciIdentitiesOQ04OQ01OQ01	PASS
FibonacciIdentitiesOQ04OQ01OQ02	PASS
FibonacciIdentitiesOQ04OQ02	PASS
FibonacciIdentitiesOQ04OQ03	PASS
FibonacciIdentitiesOQ05	PASS
FibonacciIdentitiesOQ05OQ01	PASS
FibonacciIdentitiesOQ05OQ01OQ02	PASS
FibonacciIdentitiesOQ05OQ02	PASS
FibonacciIdentitiesOQ05OQ03	PASS
FibonacciIdentitiesOQ06	PASS
FibonacciIdentitiesOQ06OQ01	PASS
FibonacciIdentitiesOQ06OQ01OQ02	PASS
FibonacciIdentitiesOQ06OQ01OQ03	PASS
FibonacciIdentitiesOQ07	PASS
FibonacciIdentitiesOQ07OQ01	PASS
FibonacciIdentitiesOQ08	PASS
FibonacciIdentitiesOQ08OQ01	PASS
FiveColorTheorem	FAIL
FodorPressingDown	PASS
FourColorTheorem	FAIL
FourColorTheoremOQ01	FAIL
FourColorTheoremOQ02	FAIL
FourSquareDistribution	PASS
FourSquareDistributionOQ01	FAIL
FourSquareDistributionOQ01OQ01	PASS
FourSquareDistributionOQ02	PASS
FourSquareDistributionOQ04	PASS
FourSquareDistributionOQ04Arrange	FAIL
FourSquareDistributionOQ04ArrangeFinal	PASS
FourSquareDistributionOQ04ArrangeProof	FAIL
FourSquareDistributionOQ04Bridge	FAIL
FourSquareDistributionOQ04Decomp	FAIL
FourSquareDistributionOQ04Keystone	FAIL
FourSquareDistributionOQ04M8	PASS
FourSquareDistributionOQ04Sign	PASS
FourSquareDistributionOQ04Surj	PASS
FourSquareDistributionOQ05	PASS
FourSquareDistributionOQ06	PASS
FourSquareDistributionOQ06OQ01	PASS
FourSquareDistributionOQ06OQ02	PASS
FourSquareDistributionOQ06OQ03	PASS
FourSquareDistributionOQ07	PASS
FourSquareRepresentations	PASS
FourierDivergenceLebesgueReduction	PASS
FourierDivergenceResonance	PASS
FourierSeries	PASS
FourierSeriesOQ01	FAIL
FourierSeriesOQ02	FAIL
FourierSeriesOQ02Incomplete01	FAIL
FourierSeriesOQ02Incomplete01Aristotle	PASS
FourierSeriesOQ02OQ01	PASS
FourierSeriesOQ02OQ02	FAIL
FourierSeriesOQ02OQ03	FAIL
FourierSeriesOQ02OQ03OQ02	FAIL
FourierSeriesOQ02OQ03OQ02Aristotle	PASS
FourierSeriesOQ02OQ03WIP01	FAIL
FourierSeriesOQ02OQ04	FAIL
FourierSeriesOQ03	PASS
FourierSeriesOQ04	FAIL
FourierSeriesOQ04OQ01	FAIL
FourierSeriesOQ04OQ01Incomplete01	FAIL
FourierSeriesOQ04WIP01	PASS
FourierSeriesOQ04WIP01OQ01	PASS
FourthRoot2Degree4	PASS
FourthRoot2Degree4OQ02	FAIL
FourthRoot2Degree4OQ02OQ01	PASS
FourthRoot2GaloisClosure	FAIL
FourthRoot2GaloisClosureOQ03	FAIL
FourthRoot2IrrationalOQ02	PASS
FourthRoot2SplittingFieldOQ01	FAIL
FriendshipTheorem	FAIL
FriendshipTheoremOQ01	FAIL
FriendshipTheoremOQ01OQ01	PASS
FriendshipTheoremOQ01OQ02	FAIL
FriendshipTheoremOQ02	PASS
FriendshipTheoremOQ03	FAIL
FriendshipTheoremOQ04	FAIL
FriendshipTheoremOQ04Amalgam	FAIL
FriendshipTheoremOQ04Universal	FAIL
FrobeniusEndomorphismOQ01	PASS
FrobeniusEndomorphismOQ01OQ01	PASS
FrobeniusEndomorphismOQ01OQ02	PASS
FrobeniusEndomorphismOQ01OQ02OQ02	PASS
FrobeniusEndomorphismOQ01OQ03	PASS
FrobeniusEndomorphismOQ02	PASS
FrobeniusEndomorphismOQ02OQ01	PASS
FrobeniusEndomorphismOQ02OQ01OQ01	PASS
FrobeniusEndomorphismOQ02OQ01OQ01OQ02	PASS
FrobeniusNumber	FAIL
FrobeniusNumberOQ01	FAIL
FrobeniusNumberOQ01OQ01	PASS
FrobeniusNumberOQ01OQ03	FAIL
FrobeniusNumberOQ01OQ03OQ01	FAIL
FrobeniusNumberOQ01OQ04	FAIL
FrobeniusNumberOQ02	FAIL
FrobeniusNumberOQ02OQ01	FAIL
FrobeniusNumberOQ02OQ02	FAIL
FrobeniusNumberOQ02OQ02Hypersurface	PASS
FrobeniusNumberOQ03	FAIL
FrobeniusNumberOQ04	PASS
FundamentalArithmetic	FAIL
FundamentalArithmeticOQ01	FAIL
FundamentalArithmeticOQ01OQ01	PASS
FundamentalArithmeticOQ02	FAIL
FundamentalArithmeticOQ03	PASS
FundamentalTheoremAlgebra	FAIL
FundamentalTheoremAlgebraOQ01	PASS
FundamentalTheoremAlgebraOQ02	PASS
FundamentalTheoremAlgebraOQ04	PASS
FundamentalTheoremAlgebraOQ04OQ03	PASS
FundamentalTheoremAlgebraOQ04OQ03OQ01	PASS
FundamentalTheoremAlgebraOQ04OQ03OQ01OQ01	FAIL
FundamentalTheoremAlgebraOQ04OQ03OQ01OQ02	FAIL
FundamentalTheoremAlgebraOQ04OQ04	FAIL
FundamentalTheoremAlgebraOQ06	PASS
FundamentalTheoremAlgebraOQ06OQ01	PASS
FundamentalTheoremCalculus	FAIL
FundamentalTheoremCalculusLebesgue	PASS
FundamentalTheoremCalculusLebesgueOQ01	PASS
FundamentalTheoremCalculusLebesgueOQ04	FAIL
FundamentalTheoremCalculusOQ04	FAIL
FundamentalTheoremCalculusStokes	FAIL
FundamentalTheoremCalculusStokesAristotle	FAIL
FurstenbergCorrespondence	FAIL
FurstenbergCorrespondenceOQ01	FAIL
FurstenbergCorrespondenceOQ02	FAIL
FurstenbergCorrespondenceOQ02OQ02	PASS
FurstenbergCorrespondenceOQ03	PASS
FurstenbergCorrespondenceOQ03OQ01	PASS
FurstenbergShiftChaos	PASS
FurstenbergShiftTransitive	PASS
GCDAlgorithm	PASS
GCDAlgorithmOQ01	PASS
GCDAlgorithmOQ01OQ03	PASS
GCDAlgorithmOQ01OQ03OQ01	FAIL
GCDAlgorithmOQ01OQ03OQ01OQ01	FAIL
GCDAlgorithmOQ01OQ04	PASS
GCDAlgorithmOQ01OQ05	PASS
GCDAlgorithmOQ05	PASS
GammaLogConvexityOQ01	PASS
GammaLogConvexityOQ01OQ01	PASS
GammaReflectionFormulaOQ01	PASS
GammaReflectionFormulaOQ01OQ01	PASS
GammaReflectionFormulaOQ01OQ01OQ01	PASS
GammaReflectionFormulaOQ01OQ02	PASS
GammaReflectionFormulaOQ01OQ03	PASS
GammaReflectionFormulaOQ01OQ03OQ01	PASS
GammaReflectionFormulaOQ01OQ03OQ01OQ01	PASS
GaussLemmaPrimitiveOQ01	PASS
GaussLemmaPrimitiveOQ01OQ02	PASS
GaussWilsonNonCyclic	PASS
GaussWilsonNonCyclicOQ01	PASS
GaussWilsonNonCyclicOQ01A	PASS
GaussWilsonNonCyclicOQ01B	PASS
GaussWilsonNonCyclicOQ03	PASS
GaussWilsonNonCyclicOQ04	PASS
GcdAlgorithmOQ01OQ01	PASS
GcdAlgorithmOQ01OQ02	PASS
GcdAlgorithmOQ02	FAIL
GcdAlgorithmOQ02OQ01	FAIL
GcdAlgorithmOQ03	PASS
GcdAlgorithmOQ04	PASS
GcdAlgorithmOQ04OQ01	PASS
GelfondSchneider	FAIL
GelfondSchneiderOQ01	PASS
GelfondSchneiderOQ04	PASS
GeneralQuartic	FAIL
GeneralQuarticAxiomsDischarge	FAIL
GeometricSeries	FAIL
GeometricSeriesOQ01	FAIL
GeometricSeriesOQ01Neumann	FAIL
GeometricSeriesOQ01OQ01	PASS
GeometricSeriesOQ01OQ01OQ01	PASS
GeometricSeriesOQ01OQ01OQ02	PASS
GeometricSeriesOQ01OQ02	FAIL
GeometricSeriesOQ01OQ03	PASS
GeometricSeriesOQ01OQ03OQ01	PASS
GeometricSeriesOQ02	PASS
GeometricSeriesOQ02OQ03	FAIL
GeometricSeriesOQ02OQ03OQ01	PASS
GeometricSeriesOQ02OQ03OQ01OQ03	PASS
GeometricSeriesOQ02OQ05	FAIL
GeometricSeriesOQ03	FAIL
GeometricSeriesOQ04	PASS
GeometricSeriesOQ04OQ03	PASS
GeometricSeriesOQ06	PASS
GeometricSeriesOQ06OQ02	PASS
GeometricSeriesOQ07	FAIL
GeometricSeriesOQ07OQ01	PASS
GeometricSeriesOQ07OQ01OQ01	PASS
GeometricSeriesOQ07OQ01OQ01OQ01	PASS
GeometricSeriesOQ07OQ01OQ01OQ01OQ01	PASS
GeometricSeriesOQ07OQ01OQ01OQ01OQ01OQ01	PASS
GeometricSeriesOQ07OQ01OQ01OQ01OQ01OQ01OQ01	PASS
GeometricSeriesOQ07OQ01OQ01OQ01OQ01OQ03OQ02	PASS
GeometricSeriesOQ07OQ01OQ01OQ01OQ02	PASS
GeometricSeriesOQ07OQ01OQ01OQ01OQ02OQ01	PASS
GeometricSeriesOQ07OQ01OQ01OQ01OQ02OQ01OQ01	PASS
GeometricSeriesOQ07OQ01OQ01OQ01OQ02OQ01OQ01OQ01	PASS
GeometricSeriesOQ07OQ01OQ01OQ01OQ02OQ02	PASS
GeometricSeriesOQ07OQ01OQ01OQ01OQ03	PASS
GeometricSeriesOQ07OQ01OQ01OQ01OQ03OQ01	PASS
GeometricSeriesOQ07OQ01OQ01OQ01OQ04	PASS
GeometricSeriesOQ07OQ01OQ01OQ01OQ05	PASS
GeometricSeriesOQ07OQ01OQ01OQ01OQ06	PASS
GeometricSeriesOQ07OQ01OQ01OQ01OQ06OQ01	FAIL
GeometricSeriesOQ07OQ01OQ01OQ02	PASS
GeometricSeriesOQ07OQ01OQ01OQ03	PASS
GeometricSeriesOQ07OQ02	FAIL
GeometricSeriesOQ08	FAIL
GeometricSeriesOQ08OQ01	PASS
GeometricSeriesOQ08OQ01OQ01	PASS
GeometricSeriesOQ08OQ01OQ01OQ01	PASS
GeometricSeriesOQ08OQ01OQ01OQ01OQ02	PASS
GeometricSeriesOQ08OQ01OQ01OQ01OQ02OQ01	PASS
GeometricSeriesOQ08OQ01OQ01OQ01OQ02OQ01OQ01	PASS
GeometricSeriesOQ08OQ03	PASS
GeometricSeriesOQ08OQ03OQ01	PASS
GeometricSeriesOQ08OQ03OQ01OQ01	PASS
GeometricSeriesOQ09	PASS
GeometricSeriesOQ09OQ01	PASS
GeometricSeriesOQ09OQ01OQ01	PASS
GeometricSeriesOQ09OQ01OQ01OQ01	PASS
GeometricSeriesOQ09OQ01OQ01OQ01OQ01	PASS
GeometricSeriesOQ09OQ01OQ01OQ02	PASS
GeometricSeriesOQ10	FAIL
GeometricSeriesOQ11	PASS
GnedenkoKolmogorov	PASS
GodelFirstIncompletenessOQ01	PASS
GodelFirstIncompletenessOQ01OQ01	PASS
GodelFirstIncompletenessOQ01OQ02	PASS
GodelFirstIncompletenessOQ01OQ03	PASS
GodelFirstIncompletenessOQ01OQ04	PASS
GodelIncompleteness	PASS
GodelIncompletenessOQ02	PASS
GodelIncompletenessOQ03	PASS
GodelIncompletenessOQ04	PASS
GodelSecondIncompletenessOQ02	PASS
GodelSecondIncompletenessOQ02Companion	PASS
GodelSecondIncompletenessOQ02GLSyntax	PASS
GodelSecondIncompletenessOQ02OQ03	PASS
GodelSecondIncompletenessOQ02Soundness	PASS
GodelSecondIncompletenessOQ02Translate	PASS
GoemansWilliamsonMaxCut	FAIL
GramHadamardMatrixOQ01OQ01OQ02	PASS
GramLinearIndependenceOQ01	PASS
GramLinearIndependenceOQ01OQ01	PASS
GramLinearIndependenceOQ01OQ01OQ02OQ01	PASS
GramLinearIndependenceOQ01OQ02	PASS
GramLinearIndependenceOQ01OQ03	PASS
GramLinearIndependenceOQ01OQ03OQ01	PASS
GraphCore	FAIL
GreensTheorem	FAIL
GreensTheoremOQ01	PASS
GreensTheoremOQ01OQ01	PASS
GreensTheoremOQ01OQ01OQ01	PASS
GreensTheoremOQ01OQ01OQ01OQ01	FAIL
GreensTheoremOQ01OQ01OQ02	FAIL
GreensTheoremOQ01OQ01OQ02OQ01	FAIL
GreensTheoremOQ01OQ01OQ02OQ02	FAIL
GreensTheoremOQ01OQ01OQ02OQ03	FAIL
GreensTheoremOQ01OQ01OQ03	FAIL
GreensTheoremOQ01OQ02	PASS
GreensTheoremOQ01OQ03	PASS
GreensTheoremOQ01OQ03OQ02	PASS
GreensTheoremOQ02	PASS
GreensTheoremOQ02Corrected	PASS
GreensTheoremOQ02Counterexample	PASS
GreensTheoremOQ02FubiniBridge	PASS
GreensTheoremOQ02OQ04	PASS
GreensTheoremOQ03	PASS
GreensTheoremOQ03OQ04	FAIL
GreensTheoremOQ04	FAIL
GroupOrderPrimeSquaredAbelian	PASS
GroupOrderPrimeSquaredAbelianClassificationOQ01OQ01OQ02	PASS
GroupOrderPrimeSquaredAbelianCountOQ03	PASS
GroupOrderPrimeSquaredAbelianElementCountsOQ03	PASS
GroupOrderPrimeSquaredAbelianExponentOQ01	PASS
GroupOrderPrimeSquaredAbelianIsoOQ01OQ01OQ02	FAIL
HadamardThreeLines	PASS
HallMarriageTheoremOQ01	PASS
HallMarriageTheoremOQ01OQ01	PASS
HallMarriageTheoremOQ01OQ01OQ01	PASS
HallMarriageTheoremOQ01OQ01OQ01OQ01	PASS
HallMarriageTheoremOQ01OQ02	PASS
HallsTheoremOQ01	PASS
HallsTheoremOQ01OQ01	PASS
HallsTheoremOQ01OQ02	PASS
HallsTheoremOQ01OQ03	PASS
HallsTheoremOQ02	PASS
HallsTheoremOQ02OQ01	PASS
HaltingApproximation	PASS
HaltingArithmeticalHierarchy	PASS
HaltingProblem	PASS
HaltingProblemOQ02	PASS
HandshakeLemma	PASS
HandshakeLemmaOQ01	PASS
HappyNumberOQ01	PASS
HarmonicDivergence	FAIL
HarmonicDivergenceOQ01	PASS
HarmonicDivergenceOQ01OQ02	PASS
HarmonicDivergenceOQ02	FAIL
HarmonicDivergenceOQ02OQ01	PASS
HarmonicDivergenceOQ03	PASS
HarmonicDivergenceOQ03OQ01	PASS
HarmonicDivergenceOQ04	FAIL
HarmonicDivergenceOQ05	PASS
HarmonicDivergenceOQ05OQ01	PASS
HarmonicDivergenceOQ05OQ02	PASS
HarmonicDivergenceOQ06	PASS
HarmonicDivergenceOQ06OQ02	PASS
HellingerToeplitzSharpOQ010101	PASS
HermiteFloorIdentity	FAIL
HermiteFloorIdentityOQ01	FAIL
HermiteFloorIdentityOQ02	FAIL
HermiteFloorIdentityOQ03	FAIL
HermiteLegendreFactorial	FAIL
HermiteLegendreFactorialOQ01	FAIL
HermiteLegendreFactorialOQ02	FAIL
HermiteLindemann	FAIL
HermiteSawtoothIdentity	FAIL
HermiteSawtoothIdentityOQ01	PASS
HermiteSawtoothIdentityOQ01OQ03	PASS
HermiteSawtoothIdentityOQ02	FAIL
HeronsFormula	PASS
HeronsFormulaOQ01	FAIL
HeronsFormulaOQ03	PASS
HeronsFormulaOQ04	PASS
HeronsFormulaOQ06	PASS
HeronsFormulaOQ0601	PASS
HeronsFormulaOQ06OQ02	PASS
HeronsFormulaOQ07	PASS
HierholzerAlgorithm	FAIL
Hilbert10	PASS
Hilbert10OQ01	PASS
Hilbert10OQ01OQ02	PASS
Hilbert10OQ03	PASS
Hilbert10OQ04	PASS
Hilbert10OQ04OQ03	PASS
Hilbert10OQ04OQ03OQ01	PASS
Hilbert10OQ04OQ03OQ01OQ01	PASS
Hilbert10OQ04OQ03OQ02	PASS
Hilbert10OQ04OQ03OQ02OQ01	PASS
Hilbert10OQ04OQ03OQ03	PASS
Hilbert11OQ01	PASS
Hilbert11OQ01Aristotle	FAIL
Hilbert11OQ01OQ01	PASS
Hilbert11OQ01OQ01Aristotle	PASS
Hilbert11OQ02	PASS
Hilbert11_QuadraticForms	PASS
Hilbert11_QuadraticFormsAristotle	FAIL
Hilbert13GeneralSpaces	PASS
Hilbert13OQ02	PASS
Hilbert13OQ02OQ01	PASS
Hilbert13OQ03	PASS
Hilbert13Superposition	PASS
Hilbert14Invariants	FAIL
Hilbert14InvariantsOQ01	FAIL
Hilbert14NonReductive	FAIL
Hilbert14OQ02	PASS
Hilbert14OQ02OQ01	PASS
Hilbert14OQ02OQ02	PASS
Hilbert14OQ04	PASS
Hilbert15OQ01	PASS
Hilbert15OQ02	PASS
Hilbert15OQ02OQ03	PASS
Hilbert15OQ02OQ03OQ01	FAIL
Hilbert15SchubertCalculus	FAIL
Hilbert15SchubertCalculusOQ01	FAIL
Hilbert16	FAIL
Hilbert17MotzkinNotSOS	PASS
Hilbert17MotzkinRationalSOS	PASS
Hilbert17OQ01	FAIL
Hilbert17OQ01OQ01	PASS
Hilbert17OQ01OQ01CoprimeNormalization	PASS
Hilbert17OQ01OQ01OQ01	PASS
Hilbert17OQ01OQ01RootMultiplicity	PASS
Hilbert17OQ01OQ04	PASS
Hilbert17OQ02	PASS
Hilbert17OQ03OQ05	PASS
Hilbert17QuadraticGram	PASS
Hilbert17RobinsonNotSOS	PASS
Hilbert17RobinsonRationalSOS	FAIL
Hilbert17SumOfSquares	PASS
Hilbert17UnivariatePSDSOS	PASS
Hilbert19OQ03	PASS
Hilbert19Regularity	FAIL
Hilbert20BoundaryValue	FAIL
Hilbert20LocalSolvability	FAIL
Hilbert20OQ01OQ03	FAIL
Hilbert20OQ01OQ03Aristotle	FAIL
Hilbert21RiemannHilbert	FAIL
Hilbert22OQ01	FAIL
Hilbert22OQ01OQ03	FAIL
Hilbert22OQ01OQ03Pseudohyperbolic	FAIL
Hilbert22OQ01OQ03Universal	FAIL
Hilbert22Uniformization	FAIL
Hilbert23CalculusVariations	FAIL
Hilbert23CalculusVariationsOQ01	FAIL
Hilbert3OQ01	PASS
Hilbert3OQ02	PASS
Hilbert3OQ04NivenTetrahedron	PASS
Hilbert3ScissorsCongruence	FAIL
Hilbert4Geodesics	FAIL
Hilbert4OQ04	PASS
Hilbert5LieGroups	FAIL
Hilbert5OQ02	FAIL
Hilbert6PhysicsAxioms	FAIL
Hilbert9ConstantReciprocity	PASS
Hilbert9CyclotomicReciprocity	FAIL
Hilbert9QuadraticSubfield	FAIL
Hilbert9Reciprocity	FAIL
HockeyStickCatalanOQ0602	PASS
HodgeConjecture	FAIL
HolderIntegralInequality	PASS
HurwitzCommSharp	PASS
HurwitzOnlyIf	PASS
HurwitzTheorem	PASS
HurwitzTheoremOQ02	PASS
HurwitzTheoremOQ03WIP01	PASS
HurwitzTheoremOQ04	FAIL
HurwitzUniversal	PASS
HyperbolicLawCosinesModelOQ0301	PASS
IncidenceCauchySchwarz	PASS
IncidenceCauchySchwarzDual	FAIL
InclusionExclusion	FAIL
InclusionExclusionBonferroniGeneral	PASS
InclusionExclusionGeneral	PASS
InclusionExclusionOQ01	PASS
InclusionExclusionOQ01OQ03	PASS
InclusionExclusionOQ03	PASS
InclusionExclusionOQ0301	PASS
InclusionExclusionOQ05OQ01	PASS
InclusionExclusionSecondBonferroni	FAIL
InclusionExclusionSieve	PASS
InclusionExclusionSieveDerangements	PASS
InclusionExclusionSieveDerangementsBonferroni	PASS
InclusionExclusionSieveSurjections	PASS
InfinitudePrimes	FAIL
InfinitudePrimes3k2	PASS
InfinitudePrimes4k1	FAIL
InfinitudePrimes4k1OQ01	PASS
InfinitudePrimes4k1OQ02	PASS
InfinitudePrimes4k1OQ02OQ01	PASS
InfinitudePrimes4k1OQ03	FAIL
InfinitudePrimes4k3	PASS
InfinitudePrimes4k3OQ01	FAIL
InfinitudePrimes4k3OQ01Klein2	PASS
InfinitudePrimes4k3OQ01OQ01	PASS
InfinitudePrimes4k3OQ01Q12Q24	FAIL
InfinitudePrimes4k3OQ01Tower	PASS
InfinitudePrimes4k3OQ02	PASS
InfinitudePrimes4k3OQ03	FAIL
InfinitudePrimes4k3OQ03OQ01	PASS
InfinitudePrimesOQ01	FAIL
InfinitudePrimesOQ04	PASS
InfinitudePrimesOQ05	PASS
InfinitudePrimesOQ06	PASS
IntegralRootTheoremOQ01	PASS
IntermediateValueTheorem	PASS
IntermediateValueTheoremOQ01	PASS
IntermediateValueTheoremOQ01OQ01	PASS
IntermediateValueTheoremOQ02	PASS
IntermediateValueTheoremOQ02OQ01	PASS
IntermediateValueTheoremOQ02OQ02	PASS
IntermediateValueTheoremOQ02OQ03	PASS
IntermediateValueTheoremOQ02OQ03OQ01	PASS
IntermediateValueTheoremOQ03	FAIL
IntermediateValueTheoremOQ03OQ01	PASS
IntermediateValueTheoremOQ04	PASS
InverseGalois	FAIL
InverseGaloisA5	FAIL
InverseGaloisA5Dedekind	FAIL
InverseGaloisA5DedekindInstantiation	FAIL
InverseGaloisA5DedekindKummer	PASS
InverseGaloisA5DedekindMod7	FAIL
InverseGaloisA5OQ02	FAIL
InverseGaloisA5OQ03	PASS
InverseGaloisA5Resultant	PASS
InverseGaloisA5Resultant2	PASS
InverseGaloisA5ResultantDet	PASS
InverseGaloisD4	FAIL
InverseGaloisD4OQ01	FAIL
InverseGaloisD4OQ01External	FAIL
InverseGaloisD4OQ02	FAIL
InverseGaloisD4OQ02OQ03	FAIL
InverseGaloisD4OQ02OQ03OQ01	FAIL
InverseGaloisD4OQ02OQ03OQ01OQ01	FAIL
InverseGaloisD4OQ02OQ03OQ01OQ01OQ01	FAIL
InverseGaloisD4OQ02OQ04	FAIL
InverseGaloisD4OQ03	FAIL
InverseGaloisD4OQ03Incomplete01	PASS
InverseGaloisF20	FAIL
InverseGaloisF20OQ02	FAIL
InverseGaloisOQ01	FAIL
InverseGaloisOQ02	FAIL
InverseGaloisOQ02Aristotle	PASS
InverseGaloisOQ03	FAIL
InverseGaloisOQ05	PASS
InverseGaloisOQ06OQ01	FAIL
InverseGaloisOQ06OQ02	FAIL
InverseGaloisOQ06OQ02Cycle	PASS
InverseGaloisOQ06OQ02GalAction	PASS
InverseGaloisOQ06OQ02GalBridge	FAIL
InverseGaloisOQ06OQ02GapChar	FAIL
InverseGaloisOQ06OQ02GenCycle	PASS
InverseGaloisOQ06OQ02InertiaDvd	PASS
InverseGaloisOQ06OQ02P11	FAIL
IsoperimetricFourierOQ0101	PASS
IsoperimetricTheorem	FAIL
IsoperimetricTheoremOQ01	FAIL
IsoperimetricTheoremOQ02	FAIL
IsoperimetricTheoremOQ02OQ03	PASS
IsoperimetricTheoremOQ02OQ03OQ01	PASS
IsoperimetricTheoremOQ03	PASS
IsoscelesTriangle	PASS
IsoscelesTriangleOQ01	PASS
IsoscelesTriangleOQ02	PASS
IsoscelesTriangleOQ02OQ01	PASS
IsoscelesTriangleOQ02OQ02	PASS
JacobiSumDiagonalIntegral	PASS
JacobiSymbolOQ01	PASS
JacobiSymbolOQ0101	PASS
JacobiSymbolOQ0103	PASS
JensenInequalityOQ01	PASS
JensenInequalityOQ01OQ01	PASS
JensenInequalityOQ01OQ01OQ01	PASS
JensenInequalityOQ01OQ01OQ01OQ01	PASS
JensenInequalityOQ01OQ01OQ01OQ01OQ01	PASS
JensenInequalityOQ01OQ01OQ01OQ01OQ01OQ01	PASS
JensenInequalityOQ01OQ01OQ01OQ02	PASS
JensenInequalityOQ01OQ01OQ01OQ03	PASS
JensenInequalityOQ01OQ01OQ01OQ04	PASS
JensenInequalityOQ01OQ02	PASS
JensenInequalityOQ01OQ03	PASS
KaprekarConstantOQ01	PASS
KeithNumberOQ01	PASS
KeithNumberOQ01OQ02	PASS
KeplerConjecture	PASS
KeplerConjectureOQ01	PASS
KeplerConjectureOQ04	PASS
KeplerConjectureOQ04Interval	PASS
KnightsTourOblique	FAIL
KnightsTourObliqueOQ01	FAIL
KnightsTourObliqueOQ01OQ02	FAIL
KnightsTourObliqueOQ02	FAIL
KnightsTourObliqueOQ02Order16	FAIL
KnightsTourObliqueOQ02Palindrome	FAIL
KnightsTourObliqueOQ02Reverse	FAIL
KnightsTourObliqueOQ02ReverseCount	FAIL
KnightsTourObliqueOQ03	FAIL
KnightsTourObliqueOQ04	PASS
Konigsberg	FAIL
KonigsbergOQ01	FAIL
KonigsbergOQ01OQ02	FAIL
KonigsbergOQ01OQ02Incomplete01	PASS
KonigsbergOQ01OQ02Recipe	FAIL
KonigsbergOQ02	FAIL
KonigsbergOQ02OQ01	FAIL
KonigsbergOQ02OQ01Aristotle	FAIL
KonigsbergOQ02OQ01OQ02	PASS
KonigsbergOQ02OQ01OQ02OQ01	PASS
KonigsbergOQ02OQ01OQ02OQ01Boundary	PASS
KonigsbergOQ02OQ01OQ02OQ01Dev	PASS
KonigsbergOQ02OQ01OQ02OQ01Splice	FAIL
KonigsbergOQ03	FAIL
KonigsbergOQ03OQ01	PASS
KonigsbergOQ03OQ02	PASS
KonigsbergOQ04	FAIL
KonigsbergOQ04OQ01MatrixTree	PASS
KonigsbergOQ05	PASS
KroneckersJugendtraum	FAIL
KroneckersJugendtraumOQ01	PASS
KroneckersJugendtraumRealQuadAbelian	FAIL
KroneckersJugendtraumStarkRankOne	FAIL
KummerTheorem	FAIL
KummerTheoremOQ01	PASS
KummerTheoremOQ01Aristotle	PASS
KummerTheoremOQ01OQ01	FAIL
KummerTheoremOQ02	FAIL
KummerTheoremOQ02OQ03	PASS
KummerTheoremOQ03	FAIL
KummerTheoremOQ04	PASS
KummerTheoremOQ04OQ01	PASS
KummerTheoremOQ04OQ01OQ01	PASS
KummerTheoremOQ04OQ02	PASS
KummerTheoremOQ05	PASS
LHopital	PASS
LHopitalOQ01	PASS
LHopitalOQ01OQ01	PASS
LHopitalOQ02	PASS
LHopitalOQ02Aristotle	PASS
LHopitalOQ02Incomplete01	FAIL
LHopitalOQ03	FAIL
LHopitalOQ04	FAIL
LHopitalOQ04OQ01	FAIL
LHopitalOQ05	PASS
LHopitalOQ05OQ01	PASS
LHopitalOQ05OQ02	PASS
LagrangeFourSquares	PASS
LagrangeFourSquaresOQ01	PASS
LagrangeFourSquaresOQ01OQ01	PASS
LagrangeFourSquaresOQ01OQ03	FAIL
LagrangeFourSquaresOQ01OQ03Bound	PASS
LagrangeFourSquaresOQ01OQ03Even	PASS
LagrangeFourSquaresOQ02	FAIL
LagrangeFourSquaresOQ02OQ02	FAIL
LagrangeFourSquaresOQ03	PASS
LagrangeFourSquaresOQ03OQ01	PASS
LagrangeFourSquaresOQ04	FAIL
LagrangeFourSquaresOQ04OQ01	PASS
LagrangeFourSquaresOQ05	FAIL
LagrangeFourSquaresWaringG2	PASS
LagrangeFourSquaresWaringG2OQ01	PASS
LagrangeFourSquaresWaringG2OQ01Counting	PASS
LagrangeFourSquaresWaringG2OQ01CountingG4	PASS
LagrangeFourSquaresWaringG2OQ01CountingG5	PASS
LagrangeFourSquaresWaringG2OQ01CountingG6	PASS
LagrangeFourSquaresWaringG2OQ01CountingG7	PASS
LagrangeFourSquaresWaringG2OQ01CountingG8	PASS
LagrangeFourSquaresWaringG2OQ01CountingTemplate	PASS
LagrangeFourSquaresWaringG2OQ01ExactValue	PASS
LagrangeFourSquaresWaringG2OQ01General	PASS
LagrangeFourSquaresWaringG2OQ03OQ03	PASS
LagrangeFourSquaresWaringG2OQ03OQ04	PASS
LagrangeFourSquaresWaringG2OQ03OQ05	PASS
LagrangeFourSquaresWaringG2OQ03OQ05OQ01	PASS
LagrangeFourSquaresWaringG2OQ03OQ05OQ01OQ01	PASS
LagrangeFourSquaresWaringG2OQ03OQ07	PASS
LagrangeFourSquaresWaringG2OQ03OQ07OQ01	PASS
LagrangeFourSquaresWaringG2OQ03OQ07OQ01OQ02	PASS
LagrangeFourSquaresWaringG2OQ03OQ08	PASS
LagrangeTheorem	FAIL
LagrangeTheoremOQ01	FAIL
LagrangeTheoremOQ01OQ01	FAIL
LagrangeTheoremOQ01OQ01OQ01	FAIL
LagrangeTheoremOQ01OQ01OQ01ApproachB	FAIL
LagrangeTheoremOQ01OQ01OQ02	PASS
LagrangeTheoremOQ01OQ02	FAIL
LagrangeTheoremOQ01OQ03	FAIL
LagrangeTheoremOQ01OQ03OQ01	FAIL
LagrangeTheoremOQ01OQ03OQ02	PASS
LagrangeTheoremOQ01PSquare	PASS
LagrangeTheoremOQ02	PASS
LagrangeTheoremOQ02OQ01	PASS
LagrangeTheoremOQ02OQ01OQ01	FAIL
LagrangeTheoremOQ02OQ01OQ02	PASS
LagrangeTheoremOQ02OQ02	FAIL
LagrangeTheoremOQ02OQ02OQ01	FAIL
LagrangeTheoremOQ02OQ02OQ01OQ01	PASS
LagrangeTheoremOQ02OQ02OQ01OQ01OQ01	PASS
LagrangeTheoremOQ02OQ02OQ01OQ01OQ01OQ01	PASS
LagrangeTheoremOQ02OQ02OQ01OQ02	PASS
LagrangeTheoremOQ02OQ03	PASS
LagrangeTheoremOQ03	FAIL
LagrangeTheoremOQ03OQ02	FAIL
LagrangeTheoremOQ05	FAIL
LagrangeTheoremOQ06	PASS
LagrangeTheoremOQ07	PASS
LagrangeTheoremOQ07OQ02	PASS
LagrangeTheoremOQ08	PASS
LagrangeTheoremOQ08OQ01	PASS
LagrangeTheoremOQ09	PASS
LagrangeTheoremOQ10	PASS
LawOfCosines	FAIL
LawOfCosinesOQ01OQ01	PASS
LawOfCosinesOQ01OQ01OQ01	FAIL
LawOfCosinesOQ01OQ01OQ01OQ02	PASS
LawOfCosinesOQ01OQ01OQ03	FAIL
LawOfCosinesOQ01OQ02	PASS
LawOfCosinesOQ01OQ04	FAIL
LawOfCosinesOQ03	PASS
LawOfCosinesOQ03OQ02	FAIL
LawOfCosinesOQ03OQ03	PASS
LawOfCosinesOQ04	PASS
LawOfCosinesOQ04OQ01	FAIL
LawOfCosinesOQ04OQ01Bisector	FAIL
LawOfCosinesOQ04OQ02	PASS
LawOfCosinesOQ04OQ02OQ01	PASS
LawOfCosinesOQ05	PASS
LawOfCosinesOQ07	PASS
LawOfCosinesOQ07OQ01	FAIL
LawOfCosinesOQ07OQ02	PASS
LawOfCosinesOQ07OQ02OQ01	PASS
LawOfCosinesOQ08	PASS
LawOfCosinesOQ09	PASS
LawOfSinesOQ06	FAIL
LawsOfLargeNumbers	FAIL
LawsOfLargeNumbersOQ01	FAIL
LawsOfLargeNumbersOQ01Aristotle	FAIL
LawsOfLargeNumbersOQ01OQ01	FAIL
LawsOfLargeNumbersOQ01OQ01OQ02	PASS
LawsOfLargeNumbersOQ01OQ02	FAIL
LawsOfLargeNumbersOQ01OQ02OQ01	FAIL
LawsOfLargeNumbersOQ01OQ02OQ01OQ02	PASS
LawsOfLargeNumbersOQ01OQ03	FAIL
LawsOfLargeNumbersOQ02	FAIL
LawsOfLargeNumbersOQ03	FAIL
LawsOfLargeNumbersOQ03Aristotle	FAIL
LawsOfLargeNumbersOQ04	PASS
LawsOfLargeNumbersOQ04OQ03	PASS
LawsOfLargeNumbersOQ04OQ03Bracketing	PASS
LawsOfLargeNumbersOQ04OQ03BracketingDisproof	PASS
LawsOfLargeNumbersOQ04OQ03QuantileBracketing	PASS
LebesgueMeasure	FAIL
LebesgueMeasureOQ01	FAIL
LebesgueMeasureOQ01OQ01	FAIL
LebesgueMeasureOQ01OQ01OQ01	PASS
LebesgueMeasureOQ01OQ01OQ01OQ02	FAIL
LebesgueMeasureOQ01OQ01OQ02	FAIL
LebesgueMeasureOQ01OQ01OQ02OQ02	PASS
LebesgueMeasureOQ01OQ01OQ02OQ02OQ02	PASS
LebesgueMeasureOQ01OQ01OQ02Riemann	FAIL
LebesgueMeasureOQ01OQ02	PASS
LebesgueMeasureOQ01OQ03	PASS
LebesgueMeasureOQ02	PASS
LebesgueMeasureOQ03	FAIL
LebesgueMeasureOQ03OQ01	FAIL
LebesgueMeasureOQ03WIP01	PASS
LebesgueMeasureOQ04	FAIL
LebesgueMeasureOQ05	PASS
LebesgueMeasureOQ06	FAIL
LebesgueMeasureOQ06Aristotle	PASS
LebesgueMeasureOQ06OQ01	FAIL
LegendreFactorialFormulaOQ01	PASS
LegendreFactorialFormulaOQ01OQ01	PASS
LegendreFactorialFormulaOQ01OQ01OQ01	PASS
LegendreFactorialFormulaOQ01OQ02	PASS
LegendreGapEquivalence	PASS
LegendrePartial	PASS
LegendrePartialOQ04	PASS
LegendrePrimeGapSqrtBoundSuffices	PASS
LeibnizPi	FAIL
LeibnizPiOQ01OQ01	PASS
LeibnizPiOQ01OQ02	PASS
LeibnizPiOQ01OQ03	PASS
LeibnizPiOQ02	FAIL
LeibnizPiOQ02Aristotle	FAIL
LeibnizPiOQ03	FAIL
LeibnizPiOQ04	PASS
LiftingTheExponentOQ01	PASS
LiftingTheExponentOQ01OQ01	PASS
LiftingTheExponentOQ02	PASS
LiftingTheExponentOQ02OQ01	PASS
LiouvilleTheorem	FAIL
LiouvilleTheoremOQ03	FAIL
LiouvilleTheoremOQ04	FAIL
LiouvilleTheoremOQ05	PASS
LittleWedderburnOQ01	PASS
LittleWedderburnOQ01OQ01	PASS
LittleWedderburnOQ01OQ01OQ01	PASS
LittleWedderburnOQ01OQ02	FAIL
LittleWedderburnOQ02	PASS
LittleWedderburnOQ02OQ02	PASS
LittleWedderburnSubfieldLatticeOQ020101	PASS
LovaszLocalLemma	PASS
LovaszLocalLemmaOQ01	FAIL
LovaszLocalLemmaOQ01BayesSplit	PASS
LovaszLocalLemmaOQ01ChainRule	PASS
LovaszLocalLemmaOQ01CondIndep	PASS
LovaszLocalLemmaOQ01ConditionalAvoidance	PASS
LovaszLocalLemmaOQ01DenominatorRecursion	PASS
LovaszLocalLemmaOQ01DenominatorStep	PASS
LovaszLocalLemmaOQ01DependencySplit	PASS
LovaszLocalLemmaOQ01EulerThreshold	PASS
LovaszLocalLemmaOQ01InclusionExclusion	PASS
LovaszLocalLemmaOQ01InductionStep	PASS
LovaszLocalLemmaOQ01Pairwise	PASS
LovaszLocalLemmaOQ01Quantitative	PASS
LovaszLocalLemmaOQ01StrongInduction	FAIL
LovaszLocalLemmaOQ01SubsetHistoryPos	PASS
LovaszLocalLemmaOQ01SymmetricStep	FAIL
LovaszLocalLemmaOQ01UnionBound	PASS
LovaszLocalLemmaOQ02	PASS
LovaszLocalLemmaOQ02Aristotle	PASS
LovaszLocalLemmaOQ02Wip01	PASS
LovaszLocalLemmaOQ04	PASS
LovaszLocalLemmaOQ04Separation	PASS
LucasLehmerTestOQ01	PASS
LucasLehmerTestOQ01OQ01	PASS
LucasSequenceDegree2Identities	PASS
LucasSequenceDegree2IdentitiesOQ01	PASS
LucasSequenceDegree2IdentitiesOQ01OQ01	PASS
LucasSequenceDegree2IdentitiesOQ02	PASS
LucasSequenceDegree2IdentitiesOQ02OQ01	PASS
LucasSequenceDegree2IdentitiesOQ02OQ01OQ01	PASS
LucasSumOQ01	PASS
LucasSumOQ01OQ01	PASS
LucasSumOQ01OQ02	PASS
LucasTheoremOQ01	PASS
LucasTheoremOQ01OQ01	PASS
LucasTheoremOQ01OQ01OQ01	PASS
LucasTheoremOQ01OQ01OQ02	PASS
LucasTheoremOQ01OQ02	PASS
LucasTheoremOQ01OQ02OQ01	PASS
MachinFromAddition	PASS
MantelStabilityOQ01	PASS
MantelTheorem	PASS
MantelTheoremOQ01OQ02	PASS
MantelTheoremOQ03	PASS
MantelTheoremOQ03OQ01	PASS
MantelTheoremOQ03OQ01OQ02	PASS
MantelTheoremOQ04	PASS
MantelTheoremOQ04OQ01	PASS
MantelTheoremOQ04OQ02	PASS
MantelTheoremUniqueness	PASS
MarkovCoprime	PASS
MarkovDegenerate	PASS
MarkovEquation	PASS
MarkovEquationOQ02	PASS
MarkovEquationOQ05	PASS
MarkovEquationOQ06	PASS
MarkovEquationOQ06OQ01	PASS
MarkovHurwitz	PASS
MarkovHurwitzOQ03OQ01	PASS
MaschkeAugmentationNoSplitOQ010101	FAIL
MaschkeLocalRingOQ010102	FAIL
MaschkeModularCounterexampleOQ01	FAIL
MaschkeTheoremOQ01	FAIL
MasonStothersOQ01	PASS
MasonStothersOQ01OQ01	PASS
MasonStothersOQ01OQ02	PASS
MathematicalInduction	PASS
MathematicalInductionOQ01	FAIL
MathematicalInductionOQ01OQ01	PASS
MathematicalInductionOQ01OQ04	PASS
MathematicalInductionOQ03	FAIL
MatrixPosDefSqrtOQ01	PASS
MatrixPosDefSqrtOQ01OQ01	PASS
MatrixPosDefSqrtOQ01OQ01OQ01	PASS
MatrixSimilarityInvariantsOQ01	FAIL
MatrixSimilarityInvariantsOQ01OQ01	PASS
MatrixSimilarityInvariantsOQ01OQ01OQ02	PASS
MatrixSimilarityInvariantsOQ01OQ02	PASS
MeanValueTheorem	FAIL
MeanValueTheoremOQ02	FAIL
MeanValueTheoremOQ02OQ01	FAIL
MeanValueTheoremOQ02OQ01OQ01	FAIL
MeanValueTheoremOQ02OQ01OQ02	FAIL
MeanValueTheoremOQ02OQ02UIcc	FAIL
MeanValueTheoremOQ02OQ04	FAIL
MeanValueTheoremOQ02OQ04OQ01	FAIL
MeanValueTheoremOQ03	FAIL
MeanValueTheoremOQ04	FAIL
MeanValueTheoremOQ04OQ01	PASS
MeanValueTheoremOQ04OQ03	FAIL
MeanValueTheoremOQ05	PASS
MeanValueTheoremOQ06	PASS
MellinPowerConvergenceOQ01	PASS
MellinPowerConvergenceOQ01OQ01	PASS
MenelausTheorem	PASS
MenelausTheoremOQ01	PASS
MenelausTheoremOQ01OQ01OQ01	PASS
MenelausTheoremOQ01OQ02	PASS
MenelausTheoremOQ01OQ03	PASS
MersennePrimeExponent	PASS
MersennePrimeExponentOQ02	PASS
MidyTheorem	PASS
MinkowskiFundamentalTheorem	PASS
MinkowskiFundamentalTheoremOQ01	PASS
MinkowskiFundamentalTheoremOQ01OQ01	PASS
MinkowskiFundamentalTheoremOQ01OQ02	PASS
MinkowskiFundamentalTheoremOQ02	FAIL
MinkowskiFundamentalTheoremOQ03	PASS
MinkowskiFundamentalTheoremOQ03OQ01	PASS
MinkowskiFundamentalTheoremOQ04	PASS
MinkowskiFundamentalTheoremOQ05	PASS
MinkowskiTheoremOQ02	FAIL
MinkowskiTheoremOQ02OQ01	PASS
MinkowskiTheoremOQ02OQ03	PASS
MinkowskiTheoremOQ03	FAIL
MinkowskiTheoremOQ04	PASS
MinkowskiTheoremOQ04OQ02	PASS
MinkowskiTheoremOQ04OQ03	FAIL
MinkowskiTheoremOQ05	PASS
MinkowskiTheoremOQ06	PASS
MinpolyCharpoly	PASS
MinpolyCharpolyOQ01	FAIL
MinpolyCharpolyOQ01OQ01	PASS
MinpolyCharpolyOQ02	PASS
MinpolyCharpolyOQ02Incomplete01	PASS
MinpolyCharpolyOQ03	FAIL
MinpolyCharpolyOQ03OQ01	FAIL
MiquelPivotTheoremOQ01	PASS
MobiusInversionIE	PASS
MorleysTheorem	FAIL
MorleysTheoremOQ01	PASS
MorleysTheoremOQ01OQ01	PASS
MorleysTheoremOQ03	PASS
MoserTardos	PASS
MotivicFlagMaps	PASS
MotivicFlagMapsOQ03	PASS
MotivicFlagMapsPartialFlags	FAIL
MotivicFlagMapsProvable	PASS
NakayamaLemmaOQ01	PASS
NakayamaLemmaOQ01OQ01	PASS
NakayamaLemmaOQ01OQ02	PASS
NapoleonAreaOQ04	PASS
NapoleonOrbitOQ0301	PASS
NapoleonsTheorem	FAIL
NapoleonsTheoremOQ02	FAIL
NapoleonsTheoremOQ03	FAIL
NarcissisticNumberOQ01	PASS
NavierStokes	FAIL
NavierStokesOQ0101	PASS
NesbittInequalityOQ01	PASS
NesbittInequalityOQ01OQ01	PASS
NesbittInequalityOQ01OQ02	PASS
NewtonIndStep2	FAIL
NewtonInductiveStep	PASS
NewtonInductiveStepOQ01	FAIL
NewtonInductiveStepOQ01Aristotle	FAIL
NewtonInductiveStepOQ01OQ02	PASS
NewtonInductiveStepOQ02	FAIL
NewtonInductiveStepOQ02OQ02	PASS
NewtonInductiveStepOQ03	FAIL
NewtonLogConcavity	FAIL
NewtonPowerSumIdentitiesOQ01	PASS
NewtonPowerSumIdentitiesOQ01OQ01	PASS
NewtonPowerSumIdentitiesOQ01OQ02	PASS
NewtonPowerSumIdentitiesOQ01OQ03	PASS
NewtonSignedInputs	FAIL
NicomachusFifthPowers	PASS
NicomachusFourthPowers	PASS
NicomachusOddCubes	PASS
NicomachusSumOfCubes	PASS
NivenTheorem	PASS
NivenTheoremOQ01OQ02	PASS
NivenTheoremOQ01OQ03	PASS
NivenTheoremOQ02	PASS
NivenTheoremOQ03	PASS
NormEuclideanZsqrtdFamilyOQ03	PASS
NormEuclideanZsqrtdFamilyOQ03OQ02	FAIL
NormEuclideanZsqrtdFamilyOQ03OQ02OQ01	FAIL
NormalAutDegreeFormula	PASS
NormalAutFinSepDegreeEquality	PASS
NthRootIrrational	PASS
NthRootIrrationalOQ01	PASS
NthRootIrrationalOQ01OQ01	PASS
NthRootIrrationalOQ01OQ01Cos	PASS
NthRootIrrationalOQ01OQ01CosRational	PASS
NthRootIrrationalOQ01OQ01Degree	PASS
NthRootIrrationalOQ01OQ01Real	PASS
NthRootIrrationalOQ02	PASS
NthRootIrrationalOQ02OQ02	PASS
OSBridge	FAIL
OddCubesSum	PASS
OddSquaresSum	PASS
OnePlusOne	PASS
OnePlusOneOQ01	PASS
OnePlusOneOQ02	PASS
OnePlusOneOQ04	PASS
OpenMappingTheoremOQ01	PASS
OrderOneAddMulPrimeOQ01	PASS
OrderOneAddMulPrimeOQ0101	PASS
OrthonormalExpansionRate	PASS
PACLearning	FAIL
PACLearningBoundsWIP01	PASS
PACLearningBoundsWIP01OQ01	PASS
PACLearningBoundsWIP01OQ02OQ04	PASS
PACLearningBoundsWIP01SauerShelah	PASS
PACLearningOQ01	PASS
PACLearningOQ01OQ01	PASS
PACLearningOQ01OQ07	PASS
PACLearningOQ04	PASS
PNPBarriersLegacy	FAIL
PNPBarriersOQ01	PASS
PNPBarriersSound	FAIL
PNPBarriersUnified	FAIL
PSeriesConvergenceOQ01	PASS
PappusTheoremOQ02	FAIL
ParallelPostulateIndependence	PASS
ParallelPostulateIndependenceOQ02	PASS
PartitionTheorem	FAIL
PartitionTheoremOQ01	FAIL
PartitionTheoremOQ01OQ01	FAIL
PartitionTheoremOQ02	PASS
PartitionTheoremOQ03	FAIL
PartitionTheoremOQ03OQ03	PASS
PartitionTheoremOQ04	FAIL
PartitionTheoremOQ04Aristotle	FAIL
PascalsHexagon	FAIL
PascalsHexagonIncomplete01	PASS
PascalsHexagonIncomplete01OQ01	PASS
PascalsHexagonIncomplete01OQ03	PASS
PascalsHexagonIncomplete01OQ03OQ01	PASS
PascalsHexagonOQ02	FAIL
PascalsHexagonOQ03	FAIL
PascalsHexagonOQ03Incomplete01	PASS
PascalsHexagonOQ03Incomplete01Derangements	FAIL
PellEquation	PASS
PellEquationOQ01	FAIL
PellEquationOQ01OQ04	PASS
PellEquationOQ01OQ04OQ01	PASS
PellEquationOQ01OQ04OQ02	PASS
PellEquationOQ01OQ04OQ02OQ01	PASS
PellEquationOQ01OQ04OQ02OQ02	PASS
PellEquationOQ01OQ04OQ03	PASS
PellEquationOQ02	PASS
PellEquationOQ03	PASS
PellEquationOQ04	PASS
PellEquationOQ04OQ01	PASS
PellEquationOQ05	PASS
PellEquationOQ06	PASS
PellEquationOQ06OQ01	PASS
PellEquationOQ06OQ01OQ02	PASS
PellEquationOQ06OQ02	PASS
PellEquationOQ06OQ03	PASS
PellEquationOQ06OQ03OQ03	PASS
PellEquationOQ06OQ04	PASS
PellEquationOQ06OQ05	PASS
PellEquationOQ06OQ06	PASS
PellEquationOQ06OQ07	PASS
PellEquationOQ07	PASS
PellEquationOQ07OQ01	PASS
PellEquationOQ07OQ01OQ01	PASS
PellEquationOQ07OQ01OQ02	PASS
PellEquationOQ08	PASS
PentagonalNumberTheoremOQ01	FAIL
PentagonalNumberTheoremOQ01OQ01	FAIL
PentagonalNumberTheoremOQ01OQ02	FAIL
PentagonalNumberTheoremOQ01OQ03	PASS
PerfectNumbers	FAIL
PerfectNumbersOQ02	PASS
PerfectNumbersOQ03	FAIL
PerfectNumbersOQ05	PASS
PerfectNumbersOQ05OQ01	PASS
PerfectNumbersOQ06	PASS
PiTranscendental	FAIL
PicardIterationExplicitOQ0102	FAIL
PicardLindelofOQ01	PASS
PicardLindelofOQ01OQ01OQ01	FAIL
PicksTheorem	PASS
PicksTheoremOQ01	FAIL
PicksTheoremOQ01OQ01	FAIL
PicksTheoremOQ01OQ01OQ01	FAIL
PicksTheoremOQ01OQ01OQ01OQ02	PASS
PicksTheoremOQ01OQ02	FAIL
PicksTheoremOQ02	FAIL
PicksTheoremOQ03	FAIL
PicksTheoremOQ03CrossPoly	PASS
PicksTheoremOQ03Ext	PASS
PicksTheoremOQ03ExtOQ02	PASS
PicksTheoremOQ03Product	PASS
PicksTheoremOQ04	PASS
PicksTheoremOQ04FanApex	PASS
PicksTheoremOQ04OQ02	PASS
PlanarGraphDischarging	PASS
PlatonicSolids	PASS
PlatonicSolidsOQ01	PASS
PlatonicSolidsOQ02	FAIL
PlatonicSolidsOQ02OQ01	PASS
PlatonicSolidsOQ03	PASS
PlatonicSolidsOQ03OQ01	PASS
PoincareConjecture	FAIL
PolynomialDerivativeLeibnizOQ01	PASS
PolynomialDerivativeLeibnizOQ01OQ01	PASS
PompeiuTheorem	PASS
PowerMeanCrossZeroOQ	PASS
PowerMeanEqualityOQ	PASS
PowerMeanLimitOQ	FAIL
PowerMeanMonotoneOQ	PASS
PrimeGapBounds	PASS
PrimeGapBoundsOQ01	FAIL
PrimeGapBoundsOQ03	PASS
PrimeGapsUnbounded	PASS
PrimeNumberTheorem	PASS
PrimeNumberTheoremOQ01	PASS
PrimeNumberTheoremOQ01OQ01	FAIL
PrimeNumberTheoremOQ03	PASS
PrimeReciprocalDivergence	PASS
PrimeReciprocalDivergenceOQ01	PASS
PrimeReciprocalDivergenceOQ02	PASS
PrimeReciprocalDivergenceOQ03	FAIL
PrimitiveRoots	FAIL
PrimitiveRootsOQ02	FAIL
PrimitiveRootsOQ03	FAIL
PrimitiveRootsOQ04	PASS
PrimitiveRootsOQ05	PASS
ProbMethodAlteration	PASS
ProbMethodAlterationOQ01	PASS
ProbMethodAlterationOQ02	PASS
ProbMethodAlterationOQ03	FAIL
ProbMethodApplications	PASS
ProbMethodApplicationsOQ03	PASS
ProbMethodApplicationsWIP	PASS
ProbMethodApplicationsWIPOQ01	PASS
ProbMethodApplicationsWIPOQ02	PASS
ProbMethodApplicationsWIPOQ03	PASS
ProbMethodExpectation	PASS
ProbMethodExpectationOQ01	FAIL
ProbMethodExpectationOQ04	FAIL
ProbMethodExpectationOQ05	PASS
ProbMethodLovaszLocalOQ02	PASS
ProbMethodLovaszLocalOQ03	PASS
ProbMethodSecondMoment	PASS
ProbMethodSecondMomentOQ01	FAIL
ProbMethodSecondMomentOQ01OQ01	PASS
ProbMethodSecondMomentOQ01OQ03	PASS
ProbMethodSecondMomentOQ02	PASS
ProbMethodSecondMomentOQ04	PASS
ProbMethodSecondMomentOQ04OQ03	FAIL
ProbMethodSecondMomentOQ04OQ03OQ01	PASS
ProductOfSegmentsOfChords	PASS
ProductOfSegmentsOfChordsConverse	FAIL
ProductOfSegmentsOfChordsOQ01	FAIL
ProductOfSegmentsOfChordsOQ03	PASS
ProductOfSegmentsOfChordsOQ04	PASS
ProductOfSegmentsOfChordsOQ05	PASS
ProductOfSegmentsOfChordsOQ05OQ01	PASS
PropertyBFirstMoment	PASS
PropertyBFirstMomentAsymmetric	PASS
PropertyBFirstMomentConditionalOpt	PASS
PropertyBFirstMomentIndepRecoloring	PASS
PropertyBFirstMomentOQ03	PASS
PropertyBFirstMomentRamsey	PASS
PropertyBFirstMomentRecoloring	FAIL
PropertyBUpperBound	PASS
PtolemyInequalityInnerProduct	PASS
PtolemysComplexProof	PASS
PtolemysComplexProofOQ01	PASS
PtolemysComplexProofOQ02	FAIL
PtolemysComplexProofOQ02OQ02	PASS
PtolemysTheorem	PASS
PtolemysTheoremOQ01	PASS
PtolemysTheoremOQ01Incomplete01	FAIL
PtolemysTheoremOQ01OQ01	FAIL
PtolemysTheoremOQ01OQ01OQ03	PASS
PtolemysTheoremOQ01OQ01OQ03OQ01	PASS
PtolemysTheoremOQ01OQ01OQ03OQ02	PASS
PtolemysTheoremOQ01OQ02	FAIL
PtolemysTheoremOQ03	PASS
PtolemysTheoremOQ04	PASS
PuiseuxTheorem	FAIL
PuiseuxTheoremOQ01	PASS
PuiseuxTheoremOQ02	FAIL
PuiseuxTheoremOQ03	FAIL
PvsNP	PASS
PythagoreanTheorem	FAIL
PythagoreanTheoremOQ01	FAIL
PythagoreanTheoremOQ01Dissection	PASS
PythagoreanTheoremOQ01Garfield	PASS
PythagoreanTheoremOQ03	FAIL
PythagoreanTheoremOQ03OQ02	PASS
PythagoreanTheoremOQ04	PASS
PythagoreanTheoremOQ04OQ01	PASS
PythagoreanTheoremOQ05	FAIL
PythagoreanTheoremOQ06	PASS
PythagoreanTriples	PASS
PythagoreanTriplesOQ01	PASS
PythagoreanTriplesOQ01Aristotle	PASS
PythagoreanTriplesOQ02	FAIL
PythagoreanTriplesOQ02OQ01	PASS
PythagoreanTriplesOQ03	PASS
PythagoreanTriplesOQ04	PASS
PythagoreanTriplesOQ04OQ01	PASS
PythagoreanTriplesOQ04OQ01OQ01	FAIL
PythagoreanTriplesOQ04OQ04	PASS
PythagoreanTriplesOQ05	PASS
PythagoreanTriplesOQ06	PASS
PythagoreanTriplesOQ06OQ01	PASS
PythagoreanTriplesOQ06OQ01OQ01	PASS
PythagoreanTriplesOQ06OQ01OQ01OQ01	PASS
PythagoreanTriplesOQ06OQ01OQ01OQ02	PASS
PythagoreanTriplesOQ07	PASS
PythagoreanTriplesOQ07OQ01	PASS
PythagoreanTriplesOQ08	PASS
PythagoreanTriplesOQ08OQ01	PASS
PythagoreanTriplesOQ09	PASS
PythagoreanTriplesOQ10	PASS
QuadraticGaussSumDiagonal	PASS
QuadraticGaussSumNormParseval	PASS
QuadraticGaussSumSignReduction	PASS
QuadraticGaussSumSignSmall	PASS
QuadraticGaussSumSignSmallEleven	PASS
QuadraticGaussSumSignSmallFive	PASS
QuadraticGaussSumSignSmallSeven	PASS
QuadraticGaussSumSignSmallThirteen	PASS
QuadraticGaussSumSquare	PASS
QuadraticGaussSumSquareOQ01	PASS
QuadraticGaussSumSquareOQ02	PASS
QuadraticGaussSumSquareOQ02OQ01	PASS
QuadraticGaussSumSquareOQ02OQ02	PASS
QuadraticGaussSumSquareOQ03	PASS
QuadraticGaussSumSquareOQ04	PASS
QuadraticGaussSumSquareOQ04OQ01	PASS
QuadraticGaussSumTwist	PASS
QuadraticReciprocity	PASS
QuadraticReciprocityAlgorithmOQ01	PASS
QuadraticReciprocityAlgorithmOQ02	PASS
QuadraticReciprocityAlgorithmOQ02OQ01	PASS
QuadraticReciprocityAlgorithmOQ03	FAIL
QuadraticReciprocityAlgorithmOQ03FieldBridge	FAIL
QuadraticReciprocityAlgorithmOQ03M2	FAIL
QuadraticReciprocityAlgorithmOQ03M2Capstone	FAIL
QuadraticReciprocityAlgorithmOQ03Zolotarev	FAIL
QuadraticReciprocityOQ03	FAIL
QuadraticReciprocityOQ03OQ01	FAIL
QuadraticReciprocityOQ03OQ01Exp	FAIL
QuadraticReciprocityOQ03OQ02	PASS
QuadraticReciprocityOQ03OQ03	PASS
QuadraticReciprocityOQ04	PASS
QuadraticReciprocityOQ04OQ01	PASS
QuadraticReciprocityOQ04OQ02	PASS
RamanujanSumFallacy	FAIL
RamanujanSumFallacyOQ02	PASS
RamseyFirstMoment	PASS
RamseyFirstMomentOQ01	PASS
RamseyFirstMomentOffDiagonal	PASS
RamseyHypergraph	FAIL
RamseyLLLDependency	PASS
RamseyR4k	PASS
RamseyR4kExtensions	FAIL
RamseyR4kExtensionsOQ03	FAIL
RamseyR4kExtensionsOQ03Deletion	PASS
RamseyR4kExtensionsOQ03OQ01	PASS
RamseyR4kExtensionsOQ03OQ02	FAIL
RamseyR4kOQ01	PASS
RamseyR4kOQ02	PASS
RamseyR4kOQ04	PASS
RamseyR4kOQ05	PASS
RamseysTheorem	FAIL
RamseysTheoremOQ02	FAIL
RamseysTheoremOQ04	FAIL
RamseysTheoremOQ04OQ01	PASS
RamseysTheoremOQ04OQ03	PASS
RandomizedMaxCut	FAIL
RandomizedMaxCutOQ03	FAIL
RandomizedMaxCutOQ05	FAIL
RandomizedMaxcutOQ02	FAIL
RandomizedMaxcutOQ04	FAIL
RationalCanonicalFormExists	FAIL
RearrangementChebyshevEqOQ01	PASS
RearrangementChebyshevEqOQ01OQ02	PASS
RearrangementChebyshevStrictOQ01OQ01	PASS
RearrangementChebyshevStrictOQ01OQ02	PASS
RearrangementChebyshevStrictOQ01OQ02OQ01	PASS
RearrangementWeightedChebyshev	PASS
RelativizedHalting	PASS
RelativizedHaltingBridge	PASS
RepunitDivisibilityOQ01	PASS
RepunitDivisibilityOQ02	PASS
RepunitDivisibilityOQ02OQ01	PASS
RiemannHypothesis	FAIL
RiemannHypothesisConsequences	FAIL
RiemannHypothesisConsequencesOQ01	PASS
RiemannHypothesisConsequencesOQ02	PASS
RiemannHypothesisConsequencesOQ03	PASS
RothTheorem	FAIL
RothTheoremAristotle	PASS
RothTheoremModulusDecay	PASS
RothTheoremOQ01	FAIL
RothTheoremOQ01Primes	FAIL
RothTheoremOQ01RecipSufficient	FAIL
RothTheoremOQ01Reciprocal	FAIL
RothTheoremOQ01Weighted	FAIL
RothTheoremOQ02	PASS
RothTheoremOQ03	FAIL
RothTheoremOQ03OQ01	PASS
RothTheoremOQ03OQ01OQ01	FAIL
RothTheoremOQ03OQ01OQ01OQ01	FAIL
RothTheoremOQ03OQ01OQ01OQ01OQ01	FAIL
RothTheoremQuantitative	FAIL
RothTheoremQuantitativeAristotle	FAIL
RothTriangleRemoval	FAIL
SchauderFixedPoint	FAIL
SchauderFixedPointOQ01	FAIL
SchauderFixedPointOQ03	FAIL
SchauderFixedPointOQ03OQ01	FAIL
SchauderFixedPointOQ04	PASS
SchnirelmannBasis	PASS
SchnirelmannCounting	PASS
SchnirelmannInequality	PASS
SchnirelmannTheorem	PASS
SchroderGeneratingFunction	PASS
SchroderHolonomicODE	PASS
SchroderLinearRecurrence	PASS
SchroderLinearRecurrenceAristotle	PASS
SchroderNumbersOQ01	PASS
SchroderNumbersOQ0101	PASS
SchroderNumbersOQ010102	PASS
SchroederBernstein	PASS
SchroederBernsteinOQ01	FAIL
SchroederBernsteinOQ02	FAIL
SchroederBernsteinOQ02OQ01	PASS
SchroederBernsteinOQ03	FAIL
SchroederBernsteinOQ03Aristotle	PASS
SchroederBernsteinOQ03OQ01	PASS
SchroederBernsteinOQ03OQ02	PASS
SchroederBernsteinOQ03StatementOnly	PASS
SchroederBernsteinOQ04	PASS
SchroederBernsteinOQ04OQ01	PASS
SchroederBernsteinOQ04OQ01OQ01	PASS
SchroederBernsteinOQ05	PASS
SchurHornMajorization	PASS
SchurZassenhausConjugacyAbelianOQ03OQ01	PASS
SchursLemma	PASS
SchursLemmaOQ01OQ02	PASS
SchursLemmaOQ02	PASS
SchursTheorem	FAIL
SearchMathlib	FAIL
SecondIsomorphismTheoremModulesOQ01	PASS
SecondIsomorphismTheoremModulesOQ01OQ01	PASS
ShannonChannelCoding	FAIL
ShannonChannelCodingAWGN	FAIL
ShannonChannelCodingAWGNOQ01	FAIL
ShannonChannelCodingAWGNOQ02	PASS
ShannonChannelCodingAWGNOQ02OQ02	PASS
ShannonChannelCodingAWGNOQ03	FAIL
ShannonChannelCodingAWGNOQ03OQ01	PASS
ShannonChannelCodingAWGNOQ03OQ01EqualNoise	FAIL
ShannonChannelCodingAWGNOQ03OQ01Greatest	PASS
ShannonChannelCodingAWGNOQ03OQ01Monotone	FAIL
ShannonChannelCodingBEC	FAIL
ShannonChannelCodingBECOQ01	FAIL
ShannonChannelCodingBECOQ02	FAIL
ShannonChannelCodingBECOQ04	FAIL
ShannonChannelCodingOQ01	FAIL
ShannonChannelCodingOQ01OQ01	FAIL
ShannonChannelCodingOQ02	FAIL
ShannonChannelCodingOQ02OQ01	FAIL
ShannonChannelCodingOQ02OQ01Aristotle	FAIL
ShannonChannelCodingOQ02OQ02	PASS
ShannonChannelCodingOQ02OQ03	FAIL
ShannonChannelCodingOQ02OQ04	FAIL
ShannonChannelCodingOQ03	FAIL
ShannonChannelCodingOQ03Aristotle	FAIL
ShannonChannelCodingOQ04	PASS
ShannonChannelCodingOQ04OQ01	FAIL
ShannonChannelCodingOQ04OQ01OQ01	FAIL
ShannonEntropy	PASS
ShannonEntropyAristotle	FAIL
ShannonEntropyOQ01	FAIL
ShannonEntropyOQ01Aristotle	PASS
ShannonEntropyOQ01OQ01	FAIL
ShannonEntropyOQ02	FAIL
ShannonEntropyOQ04	PASS
ShannonEntropySSA	PASS
ShannonEntropySSAAristotle	PASS
ShannonEntropySSAEq	PASS
ShannonSourceCoding	PASS
ShannonSourceCodingOQ01	FAIL
ShannonSourceCodingOQ01OQ03	PASS
ShannonSourceCodingOQ02	FAIL
ShannonSourceCodingOQ03	FAIL
ShannonSourceCodingOQ04	PASS
ShannonSourceCodingOQ04Aristotle	PASS
ShannonSourceCodingOQ04Incomplete01	PASS
ShannonSourceCodingOQ06	PASS
ShannonSourceCodingWIP01	PASS
ShannonSourceCodingWIP01OQ01	PASS
ShannonSourceCodingWIP01OQ02	PASS
ShapleyFolkman	FAIL
ShapleyFolkmanAristotle	FAIL
ShapleyFolkmanOQ01	FAIL
ShapleyFolkmanOQ03	FAIL
ShapleyFolkmanOQ04	FAIL
SimsonLineTheorem	PASS
SimsonLineTheoremOQ01	PASS
SimsonLineTheoremOQ01OQ01	PASS
SkolemNoetherCSA	PASS
SkolemNoetherMatrixAut	FAIL
SkolemNoetherMatrixAutAristotle	FAIL
SolutionOfCubic	PASS
SolutionOfCubicOQ01	PASS
SolutionOfCubicOQ01OQ01	PASS
SolutionOfCubicOQ01OQ01OQ02	PASS
SolutionOfCubicOQ01OQ02	PASS
SolutionOfCubicOQ01OQ03	PASS
SolutionOfCubicOQ01OQ04	PASS
SolutionOfCubicOQ03	PASS
SolutionOfCubicOQ03OQ01	FAIL
SolutionOfCubicOQ03OQ01OQ04	PASS
SolutionOfCubicOQ03OQ02	FAIL
SolutionOfCubicOQ03OQ03	FAIL
SolutionOfCubicOQ03OQ03OQ02	PASS
SolutionOfCubicOQ03OQ04	PASS
SolutionOfCubicOQ03OQ05	FAIL
SolutionOfCubicOQ04	PASS
SolutionOfCubicOQ05	FAIL
SophieGermain	FAIL
SophieGermainOQ01	FAIL
SophieGermainOQ0103	PASS
SophieGermainOQ01OQ02	PASS
SophieGermainOQ02	FAIL
SophieGermainOQ03	PASS
SophieGermainOQ04	PASS
SpectralTraceDetEigenvaluesOQ01	PASS
SpectralTraceDetEigenvaluesOQ01OQ01	FAIL
SpectralTraceDetEigenvaluesOQ01OQ01OQ02	PASS
SpectralTraceDetEigenvaluesOQ01OQ01OQ02OQ01	PASS
SpectralTraceDetEigenvaluesOQ01OQ01OQ02OQ02	FAIL
SpectralTraceDetEigenvaluesOQ02	FAIL
SpectralTraceDetEigenvaluesOQ02OQ01	PASS
SpernerDoorCountingParity	PASS
SpernerFreudenthal	FAIL
SpernerFreudenthalAristotle	PASS
SpernerFreudenthalSimplex	FAIL
SpernerGrid	FAIL
SpernerGridAristotle	FAIL
SpernerGridBase	FAIL
SpernerGridCell	FAIL
SpernerMathlib	FAIL
SpernerMathlib4	FAIL
SpernerMathlib4OQ03	FAIL
SpernerMathlibHyper	FAIL
SpernerMathlibOQ02	FAIL
SpernerMathlibOQ03	FAIL
SpernerNDim	FAIL
SpernerNDimMathlib	FAIL
SpernerNDimMathlibOQ01	FAIL
SpernerNDimMathlibOQ01OQ04	FAIL
SpernerNDimMathlibOQ02	FAIL
SpernerNDimMathlibOQ03	PASS
SpernerNDimOQ01	FAIL
SpernerNDimOQ01OQ01	PASS
SpernerNDimOQ02	FAIL
SpernerNDimOQ02Cell	FAIL
SpernerNDimOQ02Obstruction	FAIL
SpernerNDimOQ03	FAIL
SpernerNDimOQ03OQ01	FAIL
SpernerNDimOQ04	FAIL
SpernerNDimOQ06	FAIL
SpernerSimplicialBridge	FAIL
SpernerSimplicialBridgeOQ01	FAIL
SpernerSimplicialBridgeOQ02	FAIL
SpernerSimplicialBridgeOQ03	FAIL
SpernerSimplicialInstance	FAIL
SpernerSimplicialInstanceOQ01	FAIL
SpernerSimplicialInstanceOQ03	FAIL
SpernerSimplicialInstanceOQ03Tower	FAIL
SpernerSimplicialInstanceOQ04	FAIL
SpernerSimplicialInstanceOQ05	FAIL
SpernerSimplicialInstanceOQ05Scarf1d	FAIL
SpernerTuckerAntipodalMatchingSeed	FAIL
SpernerTuckerAntipodalParity	PASS
SpernerTuckerAntipodalParityEngine	FAIL
SpernerTuckerAntipodalSymmetry	PASS
SpernerTuckerBorsukUlamOneDim	PASS
SpernerTuckerBoundaryParity	PASS
SpernerTuckerCrossPolytopeBoundary	FAIL
SpernerTuckerCrossPolytopeConnected	FAIL
SpernerTuckerCrossPolytopeEdgeCount	FAIL
SpernerTuckerCrossPolytopeEquator	FAIL
SpernerTuckerCrossPolytopeEquatorAut	FAIL
SpernerTuckerCrossPolytopeHemisphere	FAIL
SpernerTuckerCrossPolytopeHemisphereIso	FAIL
SpernerTuckerCrossPolytopeLabelling	FAIL
SpernerTuckerDirectedAntipodalNoGo	PASS
SpernerTuckerDirectedBoundarySymmetry	PASS
SpernerTuckerDirectedIncidenceFlow	PASS
SpernerTuckerDirectedInteriorSource	PASS
SpernerTuckerDirectedLocalBoundaryBalance	PASS
SpernerTuckerDoorGraph	FAIL
SpernerTuckerDoorGraphTower	FAIL
SpernerTuckerDoorIncidenceParity	PASS
SpernerTuckerDoorInteriorBoundarySplit	PASS
SpernerTuckerDoorLemma	PASS
SpernerTuckerEndpointTransport	FAIL
SpernerTuckerEquatorMatchingGraph	FAIL
SpernerTuckerFixedPointParity	PASS
SpernerTuckerHemisphere	PASS
SpernerTuckerHexagon	PASS
SpernerTuckerHexagonComplementaryEdge	PASS
SpernerTuckerHexagonDirectedEngine	FAIL
SpernerTuckerHexagonDirectedFlow	PASS
SpernerTuckerHexagonDirectedInteriorSeed	PASS
SpernerTuckerHexagonDirectedSignDoor	PASS
SpernerTuckerHexagonDoorObstruction	PASS
SpernerTuckerHexagonFullDoorGraph	PASS
SpernerTuckerHexagonInteriorSeedWitnessGap	PASS
SpernerTuckerHexagonPseudomanifold	FAIL
SpernerTuckerHexagonSignDegree	PASS
SpernerTuckerHexagonSignFlipCycles	PASS
SpernerTuckerInductiveTower	PASS
SpernerTuckerOneDim	PASS
SpernerTuckerPathFollowing	PASS
SpernerTuckerSignDegreeOneDim	PASS
SpernerTuckerSimplexBoundaryDoorGraph	FAIL
SpernerTuckerSimplexBoundaryPseudomanifold	FAIL
SpernerTuckerSimplexFacetPair	FAIL
SpernerTuckerTriforceDirectedFlow	PASS
SphericalExcessGirard	PASS
SphericalLawOfCosines	PASS
SphericalLawOfCosinesOQ03	PASS
SphericalLawOfCosinesOQ03Bidual	PASS
SphericalLawOfCosinesOQ03OQ01	PASS
SphericalLawOfCosinesOQ03Primal	PASS
SphericalLawOfCosinesOQ04	PASS
SphericalLawOfCosinesOQ05	PASS
SphericalLawOfSines	PASS
SphericalLawOfSinesOQ01	PASS
SphericalLawOfSinesOQ02	PASS
SphericalLawOfSinesOQ03	PASS
Sqrt2	PASS
Sqrt2FromAxiomsOQ01	PASS
Sqrt2FromAxiomsOQ02	PASS
Sqrt2Irrational	FAIL
Sqrt2IrrationalFromAxioms	PASS
Sqrt2IrrationalOQ02	PASS
Sqrt2IrrationalOQ03	PASS
Sqrt2Minpoly	PASS
Sqrt2MinpolyOQ01	FAIL
Sqrt2MinpolyOQ01OQ02	FAIL
Sqrt2MinpolyOQ01OQ02Composite	PASS
Sqrt2MinpolyOQ01OQ02OQ01	PASS
Sqrt2MinpolyOQ01OQ02PrimePow	PASS
Sqrt2MinpolyOQ02	PASS
Sqrt2MinpolyOQ03	PASS
Sqrt2OQ01	FAIL
Sqrt2OQ01OQ01	PASS
Sqrt2OQ01OQ03	PASS
Sqrt2PlusSqrt3Irrational	FAIL
Sqrt2PlusSqrt3IrrationalOQ02	PASS
Sqrt2PlusSqrt3IrrationalOQ02Relative	PASS
Sqrt2PlusSqrt3IrrationalOQ03	PASS
Sqrt2PlusSqrt3IrrationalOQ03Aristotle	PASS
Sqrt2PlusSqrt3PlusSqrt5IrrationalOQ01	FAIL
Sqrt2PlusSqrt3PlusSqrt5IrrationalOQ02	FAIL
Sqrt2PlusSqrt3PlusSqrt5IrrationalOQ03	PASS
Sqrt2PlusSqrt3PlusSqrt5IrrationalOQ04	PASS
Sqrt2PlusSqrt3PlusSqrt5PlusSqrt7IrrationalOQ01	PASS
Sqrt2Sqrt3Sqrt5MultiquadraticOQ04	PASS
Sqrt2Sqrt3Sqrt5MultiquadraticOQ04OQ01	PASS
StarsAndBarsLastPartRecurrenceOQ01OQ01	PASS
StarsAndBarsWeakCompositions	PASS
StarsAndBarsWeakCompositionsOQ01	PASS
StarsAndBarsWeakCompositionsOQ01OQ01	PASS
StarsAndBarsWeakCompositionsOQ01OQ02	PASS
StarsAndBarsWeakCompositionsOQ01OQ03	PASS
StarsAndBarsWeakCompositionsOQ02	PASS
StarsAndBarsWeakCompositionsOQ02OQ02	PASS
StarsAndBarsWeakCompositionsOQ03	PASS
StarsAndBarsWeakCompositionsOQ04	PASS
StarsAndBarsWeakCompositionsOQ04OQ02	PASS
StarsAndBarsWeakCompositionsOQ05	PASS
StatementOnly_FeuerbachOQ02Murakami_GraceTrirectangular	PASS
StatementOnly_FourSquareDistributionOQ04_ArrangementCard	PASS
StatementOnly_GreensOQ02_FTCofLipschitz	PASS
SteinerLehmusTheoremOQ01	PASS
SternBrocotTreeOQ01	PASS
SternBrocotTreeOQ01OQ01	PASS
SternBrocotTreeOQ01OQ01OQ02	PASS
StirlingExpansion	FAIL
StirlingExpansionAristotle	FAIL
StirlingFirstKindOQ01	PASS
StirlingFirstKindOQ01OQ01	PASS
StirlingFirstKindOQ01OQ01OQ01	PASS
StirlingFirstKindOQ01OQ02	PASS
StirlingFirstKindOQ02	PASS
StirlingFirstKindOQ02OQ01	PASS
StirlingFirstKindOQ02OQ02	PASS
StirlingFormula	FAIL
StirlingFormulaOQ01OQ01	PASS
StirlingFormulaOQ02	PASS
StirlingFormulaOQ02OQ01	FAIL
StirlingFormulaOQ03	PASS
StirlingFormulaOQ03OQ01	PASS
StirlingFormulaOQ03OQ02	PASS
StirlingFormulaOQ03OQ02OQ01	PASS
StirlingSecondKindOQ01	PASS
StirlingSecondKindOQ01OQ01	PASS
StirlingSecondKindOQ01OQ01OQ01	PASS
StirlingSecondKindOQ01OQ02	PASS
StirlingSecondKindOQ01OQ03	PASS
StrongGoldbachSymmetric	PASS
StrongGoldbachSymmetricOffset	PASS
SubsetCount	FAIL
SubsetCountMultisetOQ01	PASS
SubsetCountMultisetOQ02	PASS
SubsetCountOQ01	PASS
SubsetCountOQ02	FAIL
SubsetCountOQ02OQ01	FAIL
SubsetCountOQ02OQ02	PASS
SubsetCountOQ04	PASS
SumOfDivisors	PASS
SumOfDivisorsOQ01	PASS
SumOfDivisorsOQ01Assembly	PASS
SumOfDivisorsOQ01OQ01	PASS
SumOfDivisorsOQ01SpecialPrime	FAIL
SumOfDivisorsOQ01SquarePacking	PASS
SumOfDivisorsOQ02	PASS
SumOfDivisorsOQ03	PASS
SumOfDivisorsOQ04	PASS
SumOfDivisorsOQ04OQ01	PASS
SumOfDivisorsOQ05	PASS
SumOfDivisorsOQ06	PASS
SumOfDivisorsOQ06OQ01	PASS
SumOfDivisorsOQ07	PASS
SumOfKthPowers	FAIL
SumOfKthPowersOQ01	PASS
SumOfKthPowersOQ02	PASS
SumOfKthPowersOQ03	FAIL
SumOfKthPowersOQ04	FAIL
SumOfKthPowersOQ04Aristotle	PASS
SumOfKthPowersOQ05	FAIL
SumOfKthPowersOQ05OQ01	FAIL
SumOfKthPowersOQ05OQ01OQ01	FAIL
SumOfOddsStatementOnly	FAIL
SummationByPartsOQ01	PASS
SummationByPartsOQ01OQ01	PASS
SummationByPartsOQ01OQ01OQ01	PASS
SummationByPartsOQ01OQ01OQ01OQ02	PASS
SummationByPartsOQ01OQ01OQ01OQ02OQ01	PASS
SummationByPartsOQ01OQ01OQ01OQ02OQ02	PASS
SummationByPartsOQ01OQ01OQ01OQ02OQ02OQ01	PASS
SummationByPartsOQ01OQ02	PASS
SummationByPartsOQ01OQ02OQ01	PASS
SylowTheorem	FAIL
SylowTheoremOQ01	FAIL
SylowTheoremOQ01OQ02	PASS
SylowTheoremOQ01OQ02OQ01	PASS
SylowTheoremOQ02	FAIL
SylowTheoremOQ02OQ01Nilpotent	FAIL
SylowTheoremOQ02OQ01OQ01	PASS
SylowTheoremOQ02OQ02	PASS
SylowTheoremOQ02Orbit	FAIL
SylowTheoremOQ03	FAIL
SylowTheoremOQ03B	FAIL
SylowTheoremOQ03OQ02	PASS
SylowTheoremOQ04	FAIL
SylowTheoremOQ04OQ03	FAIL
SylowTheoremOQ05	FAIL
SylowTheoremSchurZassenhausOQ03	PASS
SylowTheoremsOQ05	FAIL
SylvesterGallaiOQ01	PASS
SylvesterSequenceOQ01	PASS
SylvesterSequenceOQ01OQ01	PASS
SylvesterSequenceOQ01OQ02	PASS
SylvesterSequenceOQ01OQ03	FAIL
SylvesterSequenceOQ02	PASS
SylvesterSequenceOQ02OQ01	PASS
SylvesterSequenceOQ03	PASS
SynthesisCurvaturePtolemy	FAIL
SynthesisCurvaturePtolemyOQ01	FAIL
SynthesisCurvaturePtolemyOQ02	FAIL
SynthesisCurvaturePtolemyOQ03	PASS
SzemerediCore	PASS
SzemerediCoreOQ01	FAIL
SzemerediCoreOQ01Aristotle	FAIL
SzemerediCoreOQ03	PASS
SzemerediCoreOQ04	PASS
SzemerediCounting	FAIL
SzemerediCountingOQ01	PASS
SzemerediCountingOQ01OQ01	PASS
SzemerediCountingOQ02	PASS
SzemerediFullOQ02	PASS
SzemerediHypergraphCore	FAIL
SzemerediHypergraphCoreOQ01	PASS
SzemerediHypergraphCoreOQ02	PASS
SzemerediHypergraphGowers	FAIL
SzemerediRegularity	FAIL
SzemerediRegularityOQ01	FAIL
SzemerediRegularityOQ01Trivial	FAIL
SzemerediRegularityOQ02	FAIL
SzemerediRegularityOQ02OQ02	FAIL
SzemerediRegularityOQ03	FAIL
SzemerediRegularityOQ04	FAIL
SzemerediRegularityOQ04Assembly	FAIL
SzemerediRegularityOQ04Bridge	FAIL
SzemerediRegularityOQ04Energy	FAIL
SzemerediRegularityOQ04Fresh	PASS
SzemerediRegularityOQ04Product	FAIL
SzemerediRegularityOQ04Witness	FAIL
SzemerediTheorem	PASS
SzemerediTheoremOQ01	PASS
TangentAdditionFormula	PASS
TangentAdditionFormulaOQ01	PASS
TangentAdditionFormulaOQ01OQ01	PASS
TaxicabNumberOQ01	FAIL
TaylorSinCosConvergence	PASS
TaylorSinCosConvergenceOQ01	PASS
TaylorSinCosConvergenceOQ02	FAIL
TaylorSinCosConvergenceOQ02Aristotle	PASS
TaylorSinCosConvergenceOQ03	PASS
TaylorSinCosConvergenceOQ03Aristotle	FAIL
TaylorSinCosConvergenceOQ03Incomplete01	PASS
TaylorSinCosConvergenceOQ04	FAIL
TaylorTheorem	FAIL
TaylorTheoremOQ01	FAIL
TaylorTheoremOQ02	FAIL
TaylorTheoremOQ03	FAIL
TaylorTheoremOQ03OQ01	FAIL
TaylorTheoremOQ03OQ02	FAIL
TaylorTheoremOQ04	PASS
TelescopingProductOQ01	PASS
TestAdmissible50	PASS
TestApi1056	FAIL
TestApi1059	FAIL
TestApi1061	FAIL
TestApi1061b	FAIL
TestApi1141	FAIL
TestApi1142	PASS
TestApi1144	PASS
TestApi1146	PASS
TestApi1148	FAIL
TestApi1159	PASS
TestApi1159b	FAIL
TestApi1159c	FAIL
TestApi196	PASS
TestApi203	FAIL
TestApi234	FAIL
TestApi241	FAIL
TestApi249	FAIL
TestApi288	PASS
TestApi301	FAIL
TestApi312	FAIL
TestApi321	FAIL
TestApi342	FAIL
TestApi361	FAIL
TestApi385	FAIL
TestApi386	PASS
TestApi390	PASS
TestApi417	FAIL
TestApi423	FAIL
TestApi428	PASS
TestApi457	FAIL
TestApi472	FAIL
TestApi483	PASS
TestApi513	FAIL
TestApi538	PASS
TestApi635	FAIL
TestApi654	FAIL
TestApi688	FAIL
TestApi689	FAIL
TestApi693	FAIL
TestApi783	FAIL
TestApi826	FAIL
TestApi828	PASS
TestApi831	PASS
TestApi847	FAIL
TestApi889	FAIL
TestApi911	PASS
TestApi913	FAIL
TestApi952	PASS
TestApi959	FAIL
TestApi960	FAIL
TestApi963	FAIL
TestColumnCoverage	PASS
TestConvexHull	FAIL
TestCovByApi	FAIL
TestDenumApi	PASS
TestDerangConvApi	FAIL
TestDivApi	PASS
TestErdos1054Api2	PASS
TestErdos281	PASS
TestErdos43Api	FAIL
TestHLTension	FAIL
TestHolderApi	FAIL
TestSchauderApi	PASS
TestSphereLocEuc	FAIL
TestSquarefreeApi	PASS
TestWolstenholme	FAIL
TestZeroStrip	PASS
TestZetaNonzero	FAIL
TetrahedralNumberFormula	PASS
TetrahedralNumberFormulaOQ01	PASS
TetrahedralNumberFormulaOQ01Absorption	PASS
ThreePlaceIdentity	PASS
ThreePlaceIdentityOQ01	PASS
ThreePlaceIdentityOQ02	PASS
ThreeSquares	FAIL
ThreeSquaresDavenportCassels	PASS
ThreeSquaresGaussEureka	FAIL
ThreeSquaresRationalBridge	FAIL
ThreeSquaresRationalNecessity	FAIL
ThreeSquaresResidue3	PASS
ThreeSquaresResidue3Obstruction	PASS
ThreeSquaresSingleAP	PASS
ThreeSquaresSliceMinkowski	PASS
ThreeSquaresSquarefreeReduction	FAIL
ThreeSquaresSufficiency	FAIL
ThreeSquaresSufficiencyCorrected	FAIL
ThreeSquaresWitnessObstruction	FAIL
ThreeSubgroupsLemmaOQ01	PASS
ThreeSubgroupsLemmaOQ0101	FAIL
ThreeSubgroupsLemmaOQ01OQ01	FAIL
ThueMorse	PASS
TietzeExtensionTheoremOQ01	PASS
TietzeExtensionTheoremOQ01OQ01	PASS
TietzeExtensionTheoremOQ01OQ01OQ01	PASS
TractatusOntology	PASS
TractatusOntologyEquiv	PASS
TractatusOntologyHorn	PASS
TractatusOntologySpectrum	PASS
TractatusQuantifiers	FAIL
TriangleAngleSum	FAIL
TriangleAngleSumOQ01	PASS
TriangleAngleSumOQ02	FAIL
TriangleAngleSumOQ03	PASS
TriangleAngleSumOQ04	PASS
TriangleAngleSumOQ06	PASS
TriangleAngleSumOQ07	PASS
TriangleInequality	FAIL
TriangleInequalityOQ01	FAIL
TriangleInequalityOQ02	PASS
TriangleInequalityOQ03	PASS
TriangleInequalityOQ04	FAIL
TriangleInequalityOQ04OQ01	PASS
TriangleInequalityOQ05	PASS
TriangleInequalityOQ06	FAIL
TriangleInequalityOQ06OQ02	PASS
TriangleInequalityOQ07	PASS
TriangularNumberReciprocals	FAIL
TriangularReciprocalAlternatingOQ03	PASS
TriangularReciprocalGeneralized	FAIL
TriangularReciprocalsFigurate	FAIL
TriangularReciprocalsOQ02	PASS
TriangularReciprocalsOQ02Aristotle	PASS
TriangularReciprocalsOQ02OQ03	PASS
TriangularReciprocalsOQ02OQ04	PASS
TriangularReciprocalsOQ04	PASS
TriangularReciprocalsOQ04OQ01	FAIL
TriangularSingleEightMulAddOneSquare	PASS
TuranEdgeBound	PASS
TwinPrimes	PASS
TwinPrimesSpecialOQ01	FAIL
TwinPrimesSpecialOQ02	PASS
TwoTrianglesTwoSquares	PASS
UniformBellMultinomialOQ01	PASS
UniformBellMultinomialOQ01OQ01	PASS
UnitDistanceHN7	PASS
UnitDistanceHN7Aristotle	PASS
UnitDistanceIndependence	FAIL
UnitDistanceIndependenceOQ01	PASS
UnitDistanceIndependenceOQ04	FAIL
UnitDistanceIndependenceOQ04Embed	FAIL
UrysohnsLemmaOQ01	PASS
UrysohnsLemmaOQ01OQ01	PASS
UrysohnsLemmaOQ01OQ01OQ01	FAIL
UrysohnsLemmaOQ01OQ01OQ01OQ01	FAIL
UrysohnsLemmaOQ01OQ01OQ02	FAIL
UrysohnsLemmaOQ01OQ01OQ02OQ01	FAIL
UrysohnsLemmaOQ01OQ01OQ02OQ02	FAIL
UrysohnsLemmaOQ01OQ02	PASS
VanAubelTheoremOQ01	PASS
VanAubelTheoremOQ01OQ01	PASS
VanDerWaerdenFirstMoment	PASS
VanDerWaerdenFirstMomentOQ01	PASS
VanDerWaerdenFirstMomentOQ01OQ01	PASS
VanDerWaerdenFirstMomentOQ02	PASS
VandermondeConvolutionOQ06	PASS
VandermondeInterpolationOQ01	PASS
VandermondeInterpolationOQ01OQ01	PASS
VandermondeInterpolationOQ01OQ02	FAIL
VandermondeInterpolationOQ01OQ02OQ01	FAIL
VarignonSignedArea	PASS
VarignonTheorem	PASS
VarignonTheoremOQ01OQ01	PASS
VietaGeneralOQ030505OQ01	PASS
VietasFormulas	PASS
VietasFormulasOQ01	PASS
VietasFormulasOQ02	FAIL
VietasFormulasOQ03	PASS
VietasFormulasOQ0303	PASS
VietasFormulasOQ03OQ01	FAIL
VietasFormulasOQ03OQ05	PASS
VietasFormulasOQ04	PASS
VietasFormulasOQ04OQ01	PASS
VietasFormulasOQ05	PASS
VivianiTheorem	PASS
VivianiTheoremOQ01OQ01	PASS
VivianiTheoremOQ01OQ01OQ01	PASS
VivianiTheoremOQ01OQ01OQ02	PASS
VivianiTheoremOQ01OQ02	PASS
WaringGgLowerBoundsOQ02	FAIL
WeakGoldbach	PASS
WeierstrassApproximationTheoremOQ01	PASS
WeitzenbockInequalityOQ01	PASS
WeitzenbockInequalityOQ01OQ01	PASS
WilsonsClementTwinPrimeOQ0103	PASS
WilsonsTheorem	PASS
WilsonsTheoremOQ01	FAIL
WilsonsTheoremOQ01OQ01	PASS
WilsonsTheoremOQ02	FAIL
WilsonsTheoremOQ02Ext	FAIL
WilsonsTheoremOQ02ExtOQ01	FAIL
WilsonsTheoremOQ02ExtOQ02	FAIL
WilsonsTheoremOQ02ExtOQ03	PASS
WilsonsTheoremOQ02OQ02	PASS
WilsonsTheoremOQ03	PASS
WilsonsTheoremOQ03OQ01	PASS
WilsonsTheoremOQ03OQ02	PASS
WilsonsTheoremOQ03OQ03	PASS
WilsonsTheoremOQ04	FAIL
WilsonsTheoremOQ04OQ02	PASS
WilsonsTheoremOQ04OQ02OQ01	PASS
WilsonsTheoremOQ05	PASS
WilsonsTheoremOQ05OQ01	PASS
WilsonsTheoremOQ05OQ01OQ01	PASS
WilsonsTheoremOQ05OQ01OQ01OQ01	PASS
WilsonsTheoremOQ05OQ01OQ01OQ01OQ01	PASS
WilsonsTheoremOQ05OQ01OQ02	PASS
WilsonsTheoremOQ06	PASS
WilsonsTheoremOQ07	FAIL
WilsonsTheoremOQ08	PASS
WolstenholmePrimeMod4	PASS
WolstenholmeTheorem	PASS
WolstenholmeTheoremOQ01	FAIL
WolstenholmeTheoremOQ02	PASS
WolstenholmeTheoremOQ02OQ02	FAIL
WolstenholmeTheoremOQ03	FAIL
YangMills2DOQ01	FAIL
YangMills2DOQ02	FAIL
YangMillsLatticeOQ01	PASS
YangMillsMassGap	FAIL
YangMillsTransferMatrixOQ01	PASS
ZeckendorfRepresentationOQ01	PASS
ZetaFiveIrrationality	PASS
ZetaRegularization	PASS
ZsqrtdNegTwo	FAIL
ZsqrtdNegTwoOQ01	FAIL
ZsqrtdNegTwoOQ02	PASS
ZsqrtdNegTwoOQ03	FAIL
ZsqrtdNegTwoOQ03OQ01	FAIL
ZsqrtdNegTwoOQ03OQ06	FAIL
eTranscendental	FAIL
