c ---- [ banner ] ------------------------------------------------------------
c
c Kissat SAT Solver
c 
c Copyright (c) 2021-2024 Armin Biere University of Freiburg
c Copyright (c) 2019-2021 Armin Biere Johannes Kepler University Linz
c 
c Version 4.0.4 unknown
c Apple clang version 17.0.0 (clang-1700.3.19.1) -W -Wall -O3 -DNDEBUG
c Thu Oct 16 20:09:41 UTC 2025 Darwin Tahoe-arm64.local 25.0.0 arm64
c
c ---- [ parsing ] -----------------------------------------------------------
c
c opened and reading DIMACS file:
c
c   /Users/rwalters/lean-genius-erdos85-goal48-sol3/q9-solver-controls/runs/007-N80-m5/input.cnf
c
c parsed 'p cnf 115022 392448' header
c closing input after reading 6272827 bytes (6 MB)
c finished parsing after 0.04 seconds
c
c ---- [ options ] -----------------------------------------------------------
c
c --restartint=50                  (different from default '1')
c --target=2                       (different from default '1')
c
c ---- [ solving ] -----------------------------------------------------------
c
c seconds switched rate     size/glue tier1   binary            remaining
c        MB reductions conflicts size  tier2      irredundant
c         level restarts redundant glue  trail            variables
c
c *  0.04 33 0 0 0  0 0   0   0 0.0 0 0 0 0 0% 277372 114375 114983 100%
c (  0.05 40 0 0 0  0 0   0   0 0.0 0 0 0 0 0% 277372 114375 114983 100%
c .  0.05 40 0 0 0  0 0   0   0 0.0 0 0 0 0 0% 277334 114343 114983 100%
c c  0.12 63 0 0 0  0 0   0   0 0.0 0 0 0 0 0% 277402 114277 114909 100%
c d  0.13 63 0 0 0  0 0   0   0 0.0 0 0 0 0 0% 277254 114277 114909 100%
c )  0.15 64 0 0 0  0 0   0   0 0.0 0 0 0 0 0% 277186 114277 114909 100%
c {  0.16 64 0 0 0  0 0   0   0 0.0 0 0 2 6 0% 277186 114277 114909 100%
c -  0.29 65 226 0 1 11 6 1000 676 5.2 111 21 11 32 63% 277193 114277 114909 100%
c }  0.29 65 226 1 1 11 6 1000 676 5.2 111 21 11 32 63% 277193 114277 114909 100%
c [  0.29 65 0 1 1 11 0 1000 676 0.0 0 0 2 6 0% 277193 114277 114909 100%
c B  0.29 65 249 1 1 11 68 1001 677 2.5 10 4 2 6 54% 277193 114277 114909 100%
c i  0.29 65 139 1 1 11 54 1003 677 2.6 4 2 2 6 22% 277194 114277 114906 100%
c i  0.29 65 87 1 1 11 41 1019 692 1.6 5 3 2 6 9% 277194 114277 114905 100%
c i  0.29 65 100 1 1 11 37 1021 692 1.6 5 3 2 6 10% 277195 114277 114903 100%
c i  0.29 65 189 1 1 11 11 1081 735 2.2 6 2 2 3 18% 277203 114277 114902 100%
c i  0.29 65 191 1 1 11 10 1087 740 2.3 6 3 2 3 18% 277203 114277 114900 100%
c -  0.31 65 206 1 2 11 2 2001 1369 2.4 10 4 2 6 21% 277134 114277 114871 100%
c W  0.34 77 205 1 2 11 2 2003 1371 2.4 10 4 2 6 21% 277134 114245 114871 100%
c u  0.38 77 193 1 2 12 2 2660 1973 4.4 38 9 2 6 25% 277151 114229 114854 100%
c v  0.39 78 193 1 2 12 2 2660 1972 4.4 38 9 2 6 25% 277151 114229 114854 100%
c
c seconds   switched rate       size/glue tier1     binary            remaining
c        MB  reductions conflicts     size  tier2       irredundant
c          level restarts  redundant    glue   trail            variables
c
c w  0.39 78 193 1 2 12 2 2660 1971 4.4 38 9 2 6 25% 277151 114229 114854 100%
c x  0.40 78 193 1 2 12 2 2660 1971 4.4 38 9 2 6 25% 277218 114129 114799 100%
c d  0.40 78 193 1 2 12 2 2660 1896 4.4 38 9 2 6 25% 277104 114103 114736 100%
c t  0.41 78 193 1 2 12 2 2660 1896 4.4 38 9 2 6 25% 277101 114103 114736 100%
c c  0.48 86 193 1 2 12 2 2660 1896 4.4 38 9 2 6 25% 276868 114100 114728 100%
c d  0.49 86 193 1 2 12 2 2660 1895 4.4 38 9 2 6 25% 276868 114096 114728 100%
c u  0.50 86 193 1 2 12 2 2660 1876 4.4 38 9 2 6 25% 276866 114096 114718 100%
c v  0.51 86 193 1 2 12 2 2660 1875 4.4 38 9 2 6 25% 276866 114096 114718 100%
c w  0.51 86 193 1 2 12 2 2660 1874 4.4 38 9 2 6 25% 276866 114096 114718 100%
c x  0.52 86 193 1 2 12 2 2660 1874 4.4 38 9 2 6 25% 276874 114083 114718 100%
c d  0.56 86 193 1 2 12 2 2660 1834 4.4 38 9 2 6 25% 276871 114083 114715 100%
c i  0.56 86 193 1 2 12 2 2660 1834 4.4 38 9 2 6 25% 276871 114083 114715 100%
c -  0.63 86 174 1 3 13 2 3415 2266 3.9 55 14 3 23 33% 276842 114083 114715 100%
c ]  0.66 86 170 2 3 13 2 3634 2479 4.2 64 15 3 23 37% 276842 114083 114715 100%
c {  0.66 86 226 2 3 13 6 3634 2479 5.2 111 21 11 32 63% 276842 114083 114715 100%
c }  0.75 86 134 3 3 14 4 4634 3473 6.6 122 18 11 31 65% 276842 114083 114715 100%
c [  0.75 86 170 3 3 14 2 4634 3473 4.2 64 15 3 23 37% 276842 114083 114715 100%
c I  0.75 86 170 3 3 14 2 4634 3473 4.2 64 15 3 23 37% 276842 114083 114715 100%
c -  0.78 86 196 3 4 14 3 5148 3627 3.9 58 15 4 23 36% 276843 114083 114715 100%
c ]  0.82 86 210 4 4 14 3 5594 4056 3.5 57 16 4 23 36% 276844 114083 114715 100%
c
c seconds   switched rate       size/glue   tier1       binary            remaining
c        MB  reductions conflicts     size     tier2        irredundant
c          level restarts  redundant      glue     trail            variables
c
c {  0.82 86 134 4 4 14 4 5594 4056 6.6 122 18 11 31 65% 276844 114083 114715 100%
c i  0.89 94 163 4 4 16 4 6589 4979 5.9 92 16 11 31 56% 276863 114083 114694 100%
c -  0.95 95 183 4 5 21 5 7149 4722 5.5 83 15 5 23 54% 276819 114083 114694 100%
c }  1.02 95 169 5 5 21 4 7947 5462 5.1 72 14 5 23 57% 276819 114083 114694 100%
c [  1.02 95 210 5 5 21 3 7947 5462 3.5 57 16 4 23 36% 276819 114083 114694 100%
c u  1.08 95 203 5 5 21 3 8190 5506 3.5 56 16 4 23 38% 276845 114055 114691 100%
c v  1.10 95 203 5 5 21 3 8190 5456 3.5 56 16 4 23 38% 276842 114055 114691 100%
c w  1.11 95 203 5 5 21 3 8190 5455 3.5 56 16 4 23 38% 276842 114055 114691 100%
c d  1.12 95 203 5 5 21 3 8190 5448 3.5 56 16 4 23 38% 276838 114049 114684 100%
c t  1.13 95 203 5 5 21 3 8190 5448 3.5 56 16 4 23 38% 276825 114049 114684 100%
c d  1.14 95 203 5 5 21 3 8190 5448 3.5 56 16 4 23 38% 276819 114049 114681 100%
c u  1.16 95 203 5 5 21 3 8190 5369 3.5 56 16 4 23 38% 276825 114049 114672 100%
c v  1.18 95 203 5 5 21 3 8190 5348 3.5 56 16 4 23 38% 276825 114049 114672 100%
c w  1.18 95 203 5 5 21 3 8190 5348 3.5 56 16 4 23 38% 276825 114049 114672 100%
c d  1.20 95 203 5 5 21 3 8190 5332 3.5 56 16 4 23 38% 276827 114037 114669 100%
c b  1.21 95 203 5 5 21 3 8190 5332 3.5 56 16 4 23 38% 276827 114037 114665 100%
c i  1.21 95 203 5 5 21 3 8190 5332 3.5 56 16 4 23 38% 276827 114037 114665 100%
c B  1.22 95 193 5 5 21 3 8405 5526 3.4 54 16 4 23 37% 276828 114037 114665 100%
c -  1.31 95 174 5 6 22 2 9385 5485 3.7 61 16 4 24 43% 276770 114037 114665 100%
c ]  1.41 95 170 6 6 23 2 10314 6391 4.8 84 18 4 24 48% 276770 114037 114665 100%
c
c seconds   switched rate        size/glue  tier1      binary            remaining
c        MB  reductions conflicts      size   tier2        irredundant
c          level restarts   redundant     glue    trail            variables
c
c {  1.41 95 169 6 6 23 4 10314 6391 5.1 72 14 5 23 57% 276770 114037 114665 100%
c i  1.42 95 169 6 6 24 4 10392 6464 5.2 74 14 5 23 57% 276773 114037 114659 100%
c o  1.43 95 169 6 6 24 4 10392 6464 5.2 74 14 5 23 57% 276773 114037 114659 100%
c i  1.43 95 169 6 6 24 4 10395 6466 5.2 74 14 5 23 57% 276773 114037 114658 100%
c i  1.43 95 169 6 6 24 4 10397 6466 5.2 74 14 5 23 57% 276774 114037 114656 100%
c i  1.44 95 165 6 6 27 4 10690 6697 5.0 71 14 5 23 54% 276781 114037 114646 100%
c i  1.45 95 164 6 6 28 4 10786 6787 4.9 70 14 5 23 53% 276784 114037 114645 100%
c i  1.45 95 164 6 6 28 4 10788 6787 4.9 70 14 5 23 53% 276785 114037 114625 100%
c i  1.45 95 162 6 6 29 4 10868 6859 4.9 69 14 5 23 53% 276787 114037 114611 100%
c i  1.47 95 173 6 6 30 5 11082 7055 4.8 67 14 5 20 52% 276796 114037 114601 100%
c i  1.47 95 172 6 6 30 5 11084 7055 4.8 67 14 5 20 52% 276797 114037 114598 100%
c i  1.47 95 172 6 6 30 5 11085 7055 4.8 67 14 5 20 52% 276797 114037 114597 100%
c i  1.47 95 172 6 6 30 5 11087 7055 4.8 67 14 5 20 52% 276798 114037 114589 100%
c i  1.47 95 172 6 6 30 5 11089 7055 4.8 67 14 5 20 52% 276799 114037 114575 100%
c i  1.47 95 172 6 6 30 5 11092 7057 4.8 67 14 5 20 52% 276799 114037 114573 100%
c i  1.47 95 172 6 6 30 5 11094 7057 4.8 67 14 5 20 52% 276800 114037 114557 100%
c -  1.53 95 172 6 7 32 5 11834 6408 4.7 63 13 4 20 51% 276543 114037 114557 100%
c i  1.55 95 175 6 7 33 5 12095 6653 4.7 62 13 4 20 52% 276545 114037 114551 100%
c 2  1.64 96 183 6 7 35 5 13290 7778 4.6 57 12 4 20 50% 276558 114037 114544 100%
c s  1.66 96 183 6 7 35 5 13290 7778 4.6 57 12 4 20 50% 276558 113930 114544 100%
c
c seconds    switched rate        size/glue  tier1     binary           remaining
c         MB  reductions conflicts      size   tier2       irredundant
c           level restarts   redundant     glue    trail           variables
c
c e  1.86 135 183 6 7 35 5 13290 7778 4.6 57 12 4 20 50% 48829 228690 33889 29%
c 2  1.86 135 183 6 7 35 5 13290 7778 4.6 57 12 4 20 50% 48824 228690 33889 29%
c s  1.92 135 183 6 7 35 5 13290 7778 4.6 57 12 4 20 50% 49515 226401 33889 29%
c e  1.99 135 183 6 7 35 5 13290 7778 4.6 57 12 4 20 50% 46171 229535 33329 29%
c ^  1.99 135 183 6 7 35 5 13290 7778 4.6 57 12 4 20 50% 46171 229535 33329 29%
c i  2.00 135 183 6 7 35 5 13309 227 4.6 57 12 4 20 50% 46174 229535 33326 29%
c i  2.01 135 183 6 7 37 5 13492 382 4.5 56 12 4 20 50% 46178 229533 33324 29%
c i  2.01 135 182 6 7 38 5 13528 410 4.5 55 12 4 20 49% 46178 229532 33320 29%
c i  2.01 135 182 6 7 38 5 13549 423 4.5 55 12 4 20 49% 46182 229531 33319 29%
c }  2.03 135 179 7 7 38 5 14383 1218 4.4 52 12 4 20 48% 46184 229531 33319 29%
c [  2.03 135 170 7 7 38 2 14383 1218 4.8 84 18 4 24 48% 46184 229531 33319 29%
c W  2.06 135 170 7 7 38 2 14383 1218 4.8 84 18 4 24 48% 46138 229509 33319 29%
c -  2.09 135 171 7 8 38 2 14479 1266 4.7 84 18 5 25 48% 46169 229478 33319 29%
c c  2.47 135 170 7 8 40 2 16775 3514 3.8 97 26 5 25 51% 46236 229472 33317 29%
c d  2.47 135 170 7 8 40 2 16775 3513 3.8 97 26 5 25 51% 46232 229472 33317 29%
c b  2.48 135 170 7 8 40 2 16775 3513 3.8 97 26 5 25 51% 46232 229472 33296 29%
c u  2.50 135 170 7 8 40 2 16775 3305 3.8 97 26 5 25 51% 46241 229472 33286 29%
c v  2.55 135 170 7 8 40 2 16775 3103 3.8 97 26 5 25 51% 46241 229472 33286 29%
c w  2.58 135 170 7 8 40 2 16775 3103 3.8 97 26 5 25 51% 46241 229472 33286 29%
c =  2.72 135 170 7 8 40 2 16775 3103 3.8 97 26 5 25 51% 46243 229393 33285 29%
c
c seconds    switched rate        size/glue  tier1     binary           remaining
c         MB  reductions conflicts      size   tier2       irredundant
c           level restarts   redundant     glue    trail           variables
c
c d  2.72 135 170 7 8 40 2 16775 3103 3.8 97 26 5 25 51% 46327 229306 33285 29%
c d  2.73 135 170 7 8 40 2 16775 3103 3.8 97 26 5 25 51% 46319 229302 33281 29%
c t  2.74 135 170 7 8 40 2 16775 3103 3.8 97 26 5 25 51% 45986 229302 33281 29%
c f  3.75 135 170 7 8 40 2 16775 3103 3.8 97 26 5 25 51% 47489 217472 34219 30%
c u  3.78 135 170 7 8 40 2 16775 3038 3.8 97 26 5 25 51% 47492 217472 34219 30%
c v  3.83 135 170 7 8 40 2 16775 2774 3.8 97 26 5 25 51% 47492 217472 34219 30%
c w  3.86 135 170 7 8 40 2 16775 2772 3.8 97 26 5 25 51% 47492 217472 34219 30%
c t  3.88 135 170 7 8 40 2 16775 2772 3.8 97 26 5 25 51% 47491 217472 34219 30%
c i  3.91 135 170 7 8 40 2 16775 2772 3.8 97 26 5 25 51% 47491 217472 34219 30%
c ]  3.95 135 171 8 8 40 2 17129 3120 3.6 98 27 5 25 51% 47491 217472 34219 30%
c {  3.95 135 179 8 8 40 5 17129 3120 4.4 52 12 4 20 48% 47491 217472 34219 30%
c -  3.97 135 179 8 9 43 5 17307 2304 4.2 52 13 4 18 48% 47384 217472 34219 30%
c -  4.31 135 191 8 10 92 5 20308 4054 3.5 51 15 4 21 49% 47395 217472 34219 30%
c o  4.33 135 191 8 10 94 5 20414 4159 3.5 51 15 4 21 49% 47395 217472 34219 30%
c }  4.66 135 199 9 10 144 6 23289 6975 3.1 52 17 4 21 49% 47405 217471 34219 30%
c [  4.66 135 171 9 10 144 2 23289 6975 3.6 98 27 5 25 51% 47405 217471 34219 30%
c O  4.66 135 171 9 10 144 2 23289 6975 3.6 98 27 5 25 51% 47405 217471 34219 30%
c -  4.69 135 169 9 11 144 2 23470 6030 3.6 98 27 6 35 51% 47405 217471 34219 30%
c s  5.05 135 149 9 11 146 2 26226 8749 3.7 107 29 6 35 52% 47420 216020 34219 30%
c e  5.25 135 149 9 11 146 2 26226 8749 3.7 107 29 6 35 52% 37771 228452 30967 27%
c
c seconds    switched   rate        size/glue   tier1     binary           remaining
c         MB   reductions conflicts       size    tier2       irredundant
c           level  restarts    redundant      glue    trail           variables
c
c 2  5.25 135 149 9 11 146 2 26226 8749 3.7 107 29 6 35 52% 37770 228452 30967 27%
c s  5.29 135 149 9 11 146 2 26226 8749 3.7 107 29 6 35 52% 37982 226952 30967 27%
c e  5.40 135 149 9 11 146 2 26226 8749 3.7 107 29 6 35 52% 37242 227803 30815 27%
c ^  5.40 135 149 9 11 146 2 26226 8749 3.7 107 29 6 35 52% 37242 227803 30815 27%
c -  5.52 135 148 9 12 146 2 26786 2515 3.6 108 30 7 37 52% 37243 227803 30815 27%
c b  5.71 135 150 9 12 147 2 28259 3938 3.5 108 31 7 37 51% 37246 227802 30813 27%
c u  5.74 135 150 9 12 147 2 28259 3497 3.5 108 31 7 37 51% 37252 227802 30811 27%
c v  5.78 135 150 9 12 147 2 28259 3133 3.5 108 31 7 37 51% 37252 227802 30811 27%
c w  5.80 135 150 9 12 147 2 28259 3131 3.5 108 31 7 37 51% 37252 227802 30811 27%
c x  5.83 135 150 9 12 147 2 28259 3131 3.5 108 31 7 37 51% 37280 227206 30810 27%
c t  5.85 135 150 9 12 147 2 28259 3131 3.5 108 31 7 37 51% 37172 227204 30810 27%
c f  5.88 135 150 9 12 147 2 28259 3131 3.5 108 31 7 37 51% 37194 226969 30829 27%
c u  5.90 135 150 9 12 147 2 28259 3053 3.5 108 31 7 37 51% 37194 226969 30829 27%
c v  5.95 135 150 9 12 147 2 28259 2681 3.5 108 31 7 37 51% 37194 226969 30829 27%
c w  6.01 135 150 9 12 147 2 28259 2676 3.5 108 31 7 37 51% 37194 226969 30829 27%
c f  6.06 135 150 9 12 147 2 28259 2676 3.5 108 31 7 37 51% 37215 226767 30849 27%
c i  6.06 135 150 9 12 147 2 28259 2676 3.5 108 31 7 37 51% 37215 226767 30849 27%
c ]  6.11 135 150 10 12 148 2 28569 2983 3.5 108 31 7 37 52% 37215 226767 30849 27%
c {  6.11 135 199 10 12 148 6 28569 2983 3.1 52 17 4 21 49% 37215 226767 30849 27%
c -  6.22 135 197 10 13 161 6 30251 3813 3.0 50 17 5 23 48% 37202 226767 30849 27%
c
c seconds     switched   rate        size/glue  tier1     binary           remaining
c         MB    reductions conflicts       size   tier2       irredundant
c           level   restarts    redundant     glue    trail           variables
c
c i  6.35 135 194 10 13 180 6 32496 5911 2.9 48 17 5 23 47% 37246 226767 30843 27%
c -  6.45 135 196 10 14 191 6 33857 6530 2.9 47 16 5 22 46% 37221 226767 30843 27%
c }  6.75 135 197 11 14 237 6 37196 9826 2.8 47 17 5 22 46% 37229 226766 30843 27%
c [  6.75 135 150 11 14 237 2 37196 9826 3.5 108 31 7 37 52% 37229 226766 30843 27%
c B  6.75 135 150 11 14 237 2 37196 9826 3.5 108 31 7 37 52% 37229 226766 30843 27%
c -  6.82 135 152 11 15 237 2 37600 8604 3.4 109 32 7 39 52% 37229 226766 30843 27%
c ]  7.40 135 146 12 15 239 2 40628 11499 3.1 116 38 7 39 52% 37229 226766 30843 27%
c {  7.40 135 197 12 15 239 6 40628 11499 2.8 47 17 5 22 46% 37229 226766 30843 27%
c o  7.41 135 197 12 15 240 6 40682 11553 2.8 47 17 5 22 46% 37229 226766 30843 27%
c -  7.49 135 197 12 16 252 6 41472 9186 2.8 47 17 5 23 46% 37229 226766 30843 27%
c u  7.71 135 199 12 16 268 6 43043 10064 2.8 48 17 5 23 47% 37257 226721 30843 27%
c v  7.76 135 199 12 16 268 6 43043 9996 2.8 48 17 5 23 47% 37257 226721 30843 27%
c w  7.78 135 199 12 16 268 6 43043 9996 2.8 48 17 5 23 47% 37257 226721 30843 27%
c x  7.81 135 199 12 16 268 6 43043 9990 2.8 48 17 5 23 47% 37277 226252 30839 27%
c d  8.04 135 199 12 16 268 6 43043 9990 2.8 48 17 5 23 47% 37285 226234 30838 27%
c t  8.05 135 199 12 16 268 6 43043 9990 2.8 48 17 5 23 47% 37269 226234 30838 27%
c f  8.08 135 199 12 16 268 6 43043 9990 2.8 48 17 5 23 47% 37296 226092 30861 27%
c u  8.14 135 199 12 16 268 6 43043 9236 2.8 48 17 5 23 47% 37322 226092 30855 27%
c v  8.18 135 199 12 16 268 6 43043 9067 2.8 48 17 5 23 47% 37322 226092 30855 27%
c w  8.20 135 199 12 16 268 6 43043 9066 2.8 48 17 5 23 47% 37322 226092 30855 27%
c
c seconds     switched   rate        size/glue  tier1     binary           remaining
c         MB    reductions conflicts       size   tier2       irredundant
c           level   restarts    redundant     glue    trail           variables
c
c x  8.23 135 199 12 16 268 6 43043 9063 2.8 48 17 5 23 47% 37346 225557 30855 27%
c t  8.25 135 199 12 16 268 6 43043 9051 2.8 48 17 5 23 47% 37338 225557 30855 27%
c f  8.28 135 199 12 16 268 6 43043 9051 2.8 48 17 5 23 47% 37364 225415 30878 27%
c i  8.28 135 199 12 16 268 6 43043 9051 2.8 48 17 5 23 47% 37364 225415 30878 27%
c i  8.28 135 199 12 16 268 6 43057 9064 2.8 48 17 5 23 47% 37364 225415 30877 27%
c -  8.50 136 201 12 17 297 6 45472 8577 2.7 48 18 5 23 47% 37343 225415 30877 27%
c -  8.89 136 203 12 18 359 6 49596 10369 2.6 49 19 5 24 47% 37357 225415 30877 27%
c }  9.15 136 203 13 18 397 6 52107 12843 2.6 50 19 5 24 48% 37363 225415 30877 27%
c [  9.15 136 146 13 18 397 2 52107 12843 3.1 116 38 7 39 52% 37363 225415 30877 27%
c W  9.17 136 146 13 18 397 2 52107 12843 3.1 116 38 7 39 52% 37363 225413 30877 27%
c -  9.41 136 144 13 19 398 2 53838 11546 3.0 116 39 7 47 52% 37364 225413 30877 27%
c s  9.50 136 144 13 19 399 2 54200 11901 3.0 117 39 7 47 52% 37368 224683 30877 27%
c e  9.66 136 144 13 19 399 2 54200 11901 3.0 117 39 7 47 52% 35687 227998 29738 26%
c s  9.70 136 144 13 19 399 2 54200 11901 3.0 117 39 7 47 52% 35734 226806 29738 26%
c e  9.79 136 144 13 19 399 2 54200 11901 3.0 117 39 7 47 52% 35557 227011 29697 26%
c ^  9.79 136 144 13 19 399 2 54200 11901 3.0 117 39 7 47 52% 35557 227011 29697 26%
c - 10.14 136 142 13 20 401 2 58196 8905 3.0 115 38 7 45 51% 35557 227011 29697 26%
c ] 10.55 136 147 14 20 403 2 60930 11565 2.8 117 41 7 45 51% 35557 227011 29697 26%
c { 10.55 136 203 14 20 403 6 60930 11565 2.6 50 19 5 24 48% 35557 227011 29697 26%
c u 10.64 136 203 14 20 408 6 61227 11027 2.6 50 19 5 24 48% 35563 227011 29697 26%
c
c seconds     switched   rate         size/glue  tier1     binary           remaining
c         MB    reductions conflicts        size   tier2       irredundant
c           level   restarts     redundant     glue    trail           variables
c
c v 10.69 136 203 14 20 408 6 61227 10581 2.6 50 19 5 24 48% 35563 227011 29697 26%
c w 10.73 139 203 14 20 408 6 61227 10580 2.6 50 19 5 24 48% 35563 227011 29697 26%
c x 10.77 139 203 14 20 408 6 61227 10579 2.6 50 19 5 24 48% 35575 226281 29697 26%
c t 10.79 139 203 14 20 408 6 61227 10579 2.6 50 19 5 24 48% 35561 226281 29696 26%
c f 10.83 139 203 14 20 408 6 61227 10579 2.6 50 19 5 24 48% 35594 226078 29723 26%
c b 10.84 139 203 14 20 408 6 61227 10579 2.6 50 19 5 24 48% 35598 226068 29721 26%
c u 10.89 139 203 14 20 408 6 61227 9992 2.6 50 19 5 24 48% 35602 226068 29719 26%
c v 10.94 139 203 14 20 408 6 61227 9854 2.6 50 19 5 24 48% 35602 226068 29719 26%
c w 10.97 139 203 14 20 408 6 61227 9854 2.6 50 19 5 24 48% 35602 226068 29719 26%
c x 11.00 139 203 14 20 408 6 61227 9850 2.6 50 19 5 24 48% 35627 225357 29713 26%
c t 11.02 139 203 14 20 408 6 61227 9831 2.6 50 19 5 24 48% 35631 225333 29713 26%
c f 11.06 139 203 14 20 408 6 61227 9831 2.6 50 19 5 24 48% 35662 225020 29751 26%
c i 11.07 139 203 14 20 408 6 61227 9831 2.6 50 19 5 24 48% 35662 225020 29751 26%
c - 11.20 139 202 14 21 429 6 62669 8880 2.6 51 19 5 24 48% 35634 225020 29751 26%
c - 11.61 140 204 14 22 474 6 67251 10667 2.6 51 20 5 24 48% 35652 225020 29751 26%
c o 11.94 140 203 14 22 514 6 70727 14077 2.6 52 20 5 25 49% 35655 225020 29751 26%
c - 12.03 140 203 14 23 521 6 71941 12715 2.6 52 20 5 24 49% 35655 225020 29751 26%
c } 12.38 140 204 15 23 560 6 75645 16343 2.6 52 20 5 24 49% 35658 225020 29751 26%
c [ 12.38 140 147 15 23 560 2 75645 16343 2.8 117 41 7 45 51% 35658 225020 29751 26%
c I 12.38 140 147 15 23 560 2 75645 16343 2.8 117 41 7 45 51% 35658 225020 29751 26%
c
c seconds     switched   rate         size/glue   tier1     binary           remaining
c         MB    reductions conflicts        size    tier2       irredundant
c           level   restarts     redundant      glue    trail           variables
c
c - 12.47 140 147 15 24 561 2 76740 14364 2.8 115 41 7 47 51% 35660 225020 29751 26%
c - 13.02 141 142 15 25 564 2 81638 14827 2.8 114 41 7 47 50% 35661 225020 29751 26%
c u 13.26 141 143 15 25 565 2 82934 15295 2.8 113 41 7 47 50% 35679 225020 29751 26%
c v 13.32 141 143 15 25 565 2 82934 14845 2.8 113 41 7 47 50% 35679 225020 29751 26%
c w 13.35 141 143 15 25 565 2 82934 14844 2.8 113 41 7 47 50% 35679 225020 29751 26%
c x 13.39 141 143 15 25 565 2 82934 14843 2.8 113 41 7 47 50% 35682 224091 29751 26%
c t 13.40 141 143 15 25 565 2 82934 14843 2.8 113 41 7 47 50% 35669 224091 29750 26%
c b 13.41 141 143 15 25 565 2 82934 14843 2.8 113 41 7 47 50% 35669 224091 29745 26%
c f 13.45 141 143 15 25 565 2 82934 14843 2.8 113 41 7 47 50% 35692 223896 29770 26%
c u 13.55 143 143 15 25 565 2 82934 14327 2.8 113 41 7 47 50% 35697 223849 29770 26%
c v 13.60 143 143 15 25 565 2 82934 14196 2.8 113 41 7 47 50% 35697 223849 29770 26%
c w 13.63 144 143 15 25 565 2 82934 14195 2.8 113 41 7 47 50% 35697 223849 29770 26%
c x 13.67 144 143 15 25 565 2 82934 14195 2.8 113 41 7 47 50% 35700 223019 29770 26%
c t 13.96 144 143 15 25 565 2 82934 14195 2.8 113 41 7 47 50% 35697 223019 29770 26%
c f 14.01 144 143 15 25 565 2 82934 14195 2.8 113 41 7 47 50% 35715 222860 29791 26%
c ] 14.49 144 149 16 25 566 2 86149 17348 2.7 118 44 7 47 51% 35715 222860 29791 26%
c { 14.49 144 204 16 25 566 6 86149 17348 2.6 52 20 5 24 49% 35715 222860 29791 26%
c - 14.52 145 203 16 26 569 6 86639 12867 2.6 52 20 5 24 49% 35715 222860 29791 26%
c - 15.02 145 203 16 27 622 6 91739 14153 2.6 54 20 5 24 49% 35721 222860 29791 26%
c - 15.53 145 202 16 28 687 6 96935 16274 2.6 54 21 5 25 50% 35722 222860 29791 26%
c
c seconds     switched   rate         size/glue  tier1     binary           remaining
c         MB    reductions conflicts        size   tier2       irredundant
c           level   restarts     redundant     glue    trail           variables
c
c s 15.75 146 200 16 28 705 6 99232 18504 2.6 54 21 5 25 50% 35725 222626 29791 26%
c e 15.94 146 200 16 28 705 6 99232 18504 2.6 54 21 5 25 50% 30528 235836 27180 24%
c s 15.99 146 200 16 28 705 6 99232 18504 2.6 54 21 5 25 50% 30582 234103 27180 24%
c e 16.11 146 200 16 28 705 6 99232 18504 2.6 54 21 5 25 50% 30208 234660 27081 24%
c ^ 16.11 146 200 16 28 705 6 99232 18504 2.6 54 21 5 25 50% 30208 234660 27081 24%
c - 16.42 146 200 16 29 743 6 102229 10264 2.6 55 21 5 25 50% 30213 234659 27081 24%
c } 16.61 147 199 17 29 763 6 104486 12447 2.6 55 21 5 25 49% 30214 234659 27081 24%
c [ 16.61 147 149 17 29 763 2 104486 12447 2.7 118 44 7 47 51% 30214 234659 27081 24%
c B 16.61 147 149 17 29 763 2 104486 12447 2.7 118 44 7 47 51% 30214 234659 27081 24%
c - 17.04 147 149 17 30 765 2 107614 13258 2.6 120 46 7 50 50% 30214 234659 27081 24%
c u 17.22 148 150 17 30 765 2 108290 12601 2.5 121 48 7 50 50% 30216 234659 27081 24%
c v 17.28 148 150 17 30 765 2 108290 12281 2.5 121 48 7 50 50% 30216 234659 27081 24%
c w 17.32 149 150 17 30 765 2 108290 12281 2.5 121 48 7 50 50% 30216 234659 27081 24%
c x 17.37 149 150 17 30 765 2 108290 12280 2.5 121 48 7 50 50% 30230 233354 27077 24%
c t 17.38 149 150 17 30 765 2 108290 12279 2.5 121 48 7 50 50% 30231 233336 27076 24%
c f 17.43 149 150 17 30 765 2 108290 12279 2.5 121 48 7 50 50% 30248 232929 27091 24%
c u 17.51 158 150 17 30 765 2 108290 11008 2.5 121 48 7 50 50% 30270 232923 27091 24%
c v 17.58 159 150 17 30 765 2 108290 10632 2.5 121 48 7 50 50% 30270 232923 27091 24%
c w 17.61 160 150 17 30 765 2 108290 10631 2.5 121 48 7 50 50% 30270 232923 27091 24%
c x 17.66 160 150 17 30 765 2 108290 10631 2.5 121 48 7 50 50% 30299 232397 27087 24%
c
c seconds     switched   rate          size/glue   tier1     binary           remaining
c         MB    reductions conflicts         size    tier2       irredundant
c           level   restarts      redundant      glue    trail           variables
c
c t 17.68 160 150 17 30 765 2 108290 10631 2.5 121 48 7 50 50% 30301 232377 27084 24%
c f 17.72 160 150 17 30 765 2 108290 10631 2.5 121 48 7 50 50% 30308 232304 27089 24%
c i 17.73 160 150 17 30 765 2 108290 10631 2.5 121 48 7 50 50% 30308 232304 27089 24%
c - 18.23 160 152 17 31 769 2 113093 11806 2.5 120 48 7 50 50% 30257 232304 27089 24%
c ] 18.88 161 153 18 31 770 2 117363 15977 2.4 122 51 7 50 50% 30259 232304 27089 24%
c { 18.88 161 199 18 31 770 6 117363 15977 2.6 55 21 5 25 49% 30259 232304 27089 24%
c o 18.89 161 199 18 31 772 6 117465 16072 2.6 55 21 5 25 49% 30260 232304 27089 24%
c - 18.97 161 195 18 32 772 5 118660 12756 2.6 55 21 5 24 49% 30260 232304 27089 24%
c - 19.09 161 185 18 33 774 5 124317 14771 2.6 51 19 5 23 47% 30267 232304 27089 24%
c - 19.18 161 176 18 34 774 5 130061 17412 2.6 48 19 5 21 43% 30267 232304 27089 24%
c - 19.30 162 168 18 35 774 4 135892 19033 2.6 46 18 4 19 41% 30267 232304 27089 24%
c u 19.38 163 166 18 35 774 4 137409 19552 2.6 46 18 4 19 40% 30274 232292 27089 24%
c v 19.43 165 166 18 35 774 4 137409 19087 2.6 46 18 4 19 40% 30274 232292 27089 24%
c w 19.44 165 166 18 35 774 4 137409 19082 2.6 46 18 4 19 40% 30274 232292 27089 24%
c x 19.48 165 166 18 35 774 4 137409 19082 2.6 46 18 4 19 40% 30276 231046 27089 24%
c f 19.53 165 166 18 35 774 4 137409 19082 2.6 46 18 4 19 40% 30285 230967 27096 24%
c u 19.58 174 166 18 35 774 4 137409 18637 2.6 46 18 4 19 40% 30287 230967 27096 24%
c v 19.63 177 166 18 35 774 4 137409 18492 2.6 46 18 4 19 40% 30287 230967 27096 24%
c w 19.64 177 166 18 35 774 4 137409 18474 2.6 46 18 4 19 40% 30287 230967 27096 24%
c x 19.67 177 166 18 35 774 4 137409 18474 2.6 46 18 4 19 40% 30287 229537 27096 24%
c
c seconds     switched   rate          size/glue  tier1     binary           remaining
c         MB    reductions conflicts         size   tier2       irredundant
c           level   restarts      redundant     glue    trail           variables
c
c f 19.72 177 166 18 35 774 4 137409 18474 2.6 46 18 4 19 40% 30288 229515 27098 24%
c i 19.75 177 164 18 35 774 4 138915 19816 2.6 45 18 4 19 40% 30301 229515 27093 24%
c } 19.77 177 162 19 35 774 4 139708 20587 2.5 44 17 4 19 40% 30301 229515 27093 24%
c [ 19.77 177 153 19 35 774 2 139708 20587 2.4 122 51 7 50 50% 30301 229515 27093 24%
c W 19.80 177 153 19 35 774 2 139708 20587 2.4 122 51 7 50 50% 30285 229464 27093 24%
c - 20.08 177 152 19 36 776 2 141809 18130 2.4 123 50 7 51 50% 30285 229464 27093 24%
c ] 20.32 177 151 20 36 776 2 143480 19755 2.4 123 50 7 51 50% 30285 229464 27093 24%
c { 20.32 177 162 20 36 776 4 143480 19755 2.5 44 17 4 19 40% 30285 229464 27093 24%
c - 20.68 149 165 20 37 823 4 147810 18137 2.6 45 18 4 19 41% 30290 229464 27093 24%
c - 21.26 150 168 20 38 906 4 153894 18758 2.6 46 18 4 19 41% 30302 229463 27093 24%
c - 21.82 150 170 20 39 981 4 160058 20041 2.6 47 18 4 19 42% 30311 229463 27093 24%
c s 22.16 150 171 20 39 1018 5 163256 23186 2.6 48 19 4 19 42% 30318 228954 27093 24%
c e 22.35 150 171 20 39 1018 5 163256 23186 2.6 48 19 4 19 42% 26028 245290 24990 22%
c s 22.41 150 171 20 39 1018 5 163256 23186 2.6 48 19 4 19 42% 26058 241968 24990 22%
c e 22.53 150 171 20 39 1018 5 163256 23186 2.6 48 19 4 19 42% 25903 242404 24937 22%
c ^ 22.53 150 171 20 39 1018 5 163256 23186 2.6 48 19 4 19 42% 25903 242404 24937 22%
c - 22.78 162 173 20 40 1053 5 166303 12228 2.5 48 19 4 20 43% 25907 242404 24937 22%
c o 22.88 162 173 20 40 1068 5 167475 13381 2.5 48 19 4 20 43% 25907 242404 24937 22%
c } 23.12 163 175 21 40 1102 5 170220 16018 2.5 48 19 4 20 43% 25912 242404 24937 22%
c [ 23.12 163 151 21 40 1102 2 170220 16018 2.4 123 50 7 51 50% 25912 242404 24937 22%
c
c seconds     switched    rate          size/glue   tier1     binary           remaining
c         MB    reductions  conflicts         size    tier2       irredundant
c           level    restarts      redundant      glue    trail           variables
c
c O 23.12 163 151 21 40 1102 2 170220 16018 2.4 123 50 7 51 50% 25912 242404 24937 22%
c u 23.21 163 150 21 40 1102 2 170348 14870 2.4 123 50 7 51 50% 25924 242402 24936 22%
c v 23.28 163 150 21 40 1102 2 170348 14371 2.4 123 50 7 51 50% 25924 242402 24936 22%
c w 23.32 164 150 21 40 1102 2 170348 14371 2.4 123 50 7 51 50% 25924 242402 24936 22%
c x 23.38 164 150 21 40 1102 2 170348 14367 2.4 123 50 7 51 50% 25929 241267 24935 22%
c t 23.39 164 150 21 40 1102 2 170348 14361 2.4 123 50 7 51 50% 25927 241249 24934 22%
c f 23.44 164 150 21 40 1102 2 170348 14361 2.4 123 50 7 51 50% 25950 240747 24948 22%
c u 23.56 164 150 21 40 1102 2 170348 13428 2.4 123 50 7 51 50% 25944 240740 24948 22%
c v 23.63 164 150 21 40 1102 2 170348 13026 2.4 123 50 7 51 50% 25944 240740 24948 22%
c w 23.66 164 150 21 40 1102 2 170348 13018 2.4 123 50 7 51 50% 25944 240740 24948 22%
c x 23.71 164 150 21 40 1102 2 170348 13015 2.4 123 50 7 51 50% 25950 240013 24948 22%
c t 24.11 164 150 21 40 1102 2 170348 13015 2.4 123 50 7 51 50% 25945 240013 24948 22%
c f 24.16 164 150 21 40 1102 2 170348 13015 2.4 123 50 7 51 50% 25956 239822 24956 22%
c i 24.17 164 150 21 40 1102 2 170348 13015 2.4 123 50 7 51 50% 25956 239822 24956 22%
c - 24.45 164 153 21 41 1104 2 172628 12703 2.4 125 52 7 51 51% 25956 239822 24956 22%
c - 25.37 165 159 21 42 1108 2 179034 13738 2.3 135 57 6 53 53% 25957 239822 24956 22%
c - 25.99 165 151 21 43 1111 2 185516 14319 2.4 134 56 6 51 51% 25966 239821 24956 22%
c ] 26.59 165 147 22 43 1114 2 189313 17965 2.4 133 55 6 51 51% 25967 239821 24956 22%
c { 26.59 165 175 22 43 1114 5 189313 17965 2.5 48 19 4 20 43% 25967 239821 24956 22%
c i 26.60 165 175 22 43 1116 5 189491 18108 2.5 48 19 4 20 43% 25969 239820 24954 22%
c
c seconds     switched    rate          size/glue  tier1     binary           remaining
c         MB    reductions  conflicts         size   tier2       irredundant
c           level    restarts      redundant     glue    trail           variables
c
c i 26.68 165 173 22 43 1117 5 191462 19984 2.5 48 19 4 20 43% 25972 239818 24951 22%
c - 26.72 165 172 22 44 1117 5 192075 15977 2.5 47 19 4 19 43% 25959 239818 24951 22%
c - 26.96 166 165 22 45 1119 4 198709 18313 2.6 47 18 4 19 42% 25959 239818 24951 22%
c i 26.98 166 164 22 45 1120 4 199184 18773 2.6 47 18 4 19 42% 25959 239818 24950 22%
c i 26.98 166 164 22 45 1120 4 199189 18776 2.6 47 18 4 19 42% 25959 239818 24949 22%
c i 26.98 166 164 22 45 1120 4 199223 18793 2.6 47 18 4 19 42% 25965 239817 24946 22%
c i 26.98 166 164 22 45 1120 4 199225 18793 2.6 47 18 4 19 42% 25966 239817 24945 22%
c i 27.05 166 163 22 45 1123 4 200786 20252 2.6 47 18 4 19 41% 25970 239817 24944 22%
c i 27.05 166 163 22 45 1123 4 200860 20318 2.6 47 18 4 19 41% 25971 239817 24942 22%
c i 27.05 166 163 22 45 1123 4 200867 20318 2.6 47 18 4 19 41% 25973 239817 24941 22%
c i 27.12 166 163 22 45 1124 4 202178 21551 2.6 46 18 4 19 41% 25983 239817 24939 22%
c i 27.17 166 163 22 45 1125 4 203249 22558 2.6 46 18 4 19 41% 25989 239817 24937 22%
c i 27.17 166 163 22 45 1125 4 203255 22559 2.6 46 18 4 19 41% 25992 239817 24936 22%
c i 27.24 166 162 22 45 1128 4 204286 23539 2.6 46 18 4 19 41% 26001 239817 24935 22%
c i 27.25 166 162 22 45 1128 4 204325 23561 2.6 46 18 4 19 41% 26011 239816 24933 22%
c - 27.30 182 162 22 46 1130 4 205419 20448 2.6 46 18 4 19 41% 25946 239815 24933 22%
c d 27.37 182 164 22 46 1130 4 207286 22216 2.6 45 17 4 19 40% 26000 239597 24932 22%
c b 27.38 182 164 22 46 1130 4 207286 22216 2.6 45 17 4 19 40% 26000 239597 24928 22%
c u 27.45 183 164 22 46 1130 4 207286 20898 2.6 45 17 4 19 40% 26016 239597 24928 22%
c v 27.53 184 164 22 46 1130 4 207286 20260 2.6 45 17 4 19 40% 26016 239597 24928 22%
c
c seconds     switched    rate          size/glue  tier1     binary           remaining
c         MB    reductions  conflicts         size   tier2       irredundant
c           level    restarts      redundant     glue    trail           variables
c
c w 27.57 184 164 22 46 1130 4 207286 20243 2.6 45 17 4 19 40% 26016 239597 24928 22%
c x 27.63 184 164 22 46 1130 4 207286 20242 2.6 45 17 4 19 40% 26030 238778 24928 22%
c t 27.64 184 164 22 46 1130 4 207286 20242 2.6 45 17 4 19 40% 26010 238778 24927 22%
c f 27.70 184 164 22 46 1130 4 207286 20242 2.6 45 17 4 19 40% 26017 238636 24933 22%
c i 27.71 184 165 22 46 1130 4 207399 20336 2.6 45 17 4 19 40% 26020 238635 24932 22%
c i 27.71 184 165 22 46 1130 4 207408 20337 2.6 45 17 4 19 40% 26021 238635 24931 22%
c i 27.71 184 165 22 46 1130 4 207409 20337 2.6 45 17 4 19 40% 26021 238635 24929 22%
c i 27.71 184 165 22 46 1130 4 207410 20337 2.6 45 17 4 19 40% 26021 238635 24928 22%
c i 27.78 184 164 22 46 1133 4 208785 21649 2.6 45 17 4 19 40% 26026 238633 24927 22%
c i 27.92 184 162 22 46 1136 4 211257 23994 2.6 44 17 4 19 40% 26033 238632 24926 22%
c i 27.93 184 162 22 46 1136 4 211277 24008 2.6 44 17 4 19 40% 26035 238631 24923 22%
c i 27.93 184 162 22 46 1136 4 211401 24118 2.6 44 17 4 19 40% 26041 238630 24922 22%
c i 27.93 184 162 22 46 1136 4 211402 24118 2.6 44 17 4 19 40% 26041 238630 24921 22%
c - 27.97 184 162 22 47 1137 4 212201 20571 2.6 44 17 4 19 40% 25985 238630 24921 22%
c i 28.05 184 161 22 47 1140 4 214112 22340 2.6 44 17 4 19 40% 25993 238630 24919 22%
c i 28.07 184 161 22 47 1142 4 214334 22557 2.6 44 17 4 19 40% 25994 238630 24918 22%
c i 28.07 184 161 22 47 1142 4 214335 22557 2.6 44 17 4 19 40% 25994 238630 24917 22%
c i 28.07 184 161 22 47 1142 4 214354 22566 2.6 44 17 4 19 40% 25996 238629 24916 22%
c i 28.07 184 161 22 47 1142 4 214373 22569 2.6 44 17 4 19 40% 26001 238629 24913 22%
c i 28.07 184 161 22 47 1142 4 214396 22582 2.6 44 17 4 19 40% 26003 238628 24912 22%
c
c seconds     switched    rate          size/glue  tier1     binary           remaining
c         MB    reductions  conflicts         size   tier2       irredundant
c           level    restarts      redundant     glue    trail           variables
c
c i 28.07 184 161 22 47 1142 4 214402 22582 2.6 44 17 4 19 40% 26005 238628 24911 22%
c i 28.14 184 160 22 47 1146 4 215771 23883 2.6 44 17 4 19 40% 26009 238628 24910 22%
c - 28.26 184 156 22 48 1146 4 219057 22248 2.6 43 16 4 18 39% 25966 238628 24910 22%
c i 28.26 184 156 22 48 1146 4 219059 22248 2.6 43 16 4 18 39% 25967 238628 24909 22%
c i 28.26 184 156 22 48 1146 4 219243 22385 2.6 43 16 4 18 39% 25971 238628 24907 22%
c } 28.33 184 154 23 48 1146 4 220830 23917 2.6 43 16 4 18 39% 25971 238628 24907 22%
c [ 28.33 184 147 23 48 1146 2 220830 23917 2.4 133 55 6 51 51% 25971 238628 24907 22%
c B 28.33 184 147 23 48 1146 2 220830 23917 2.4 133 55 6 51 51% 25971 238628 24907 22%
c i 28.34 184 147 23 48 1146 2 220867 23952 2.4 133 55 6 51 51% 25972 238628 24906 22%
c i 28.57 184 145 23 48 1147 2 222582 25609 2.4 133 55 6 51 51% 25972 238628 24902 22%
c - 29.11 184 140 23 49 1150 2 225985 22532 2.4 133 55 6 50 51% 25947 238628 24902 22%
c ] 29.91 184 134 24 49 1152 2 230386 26565 2.5 133 54 6 50 50% 25947 238628 24902 22%
c { 29.91 184 154 24 49 1152 4 230386 26565 2.6 43 16 4 18 39% 25947 238628 24902 22%
c o 29.95 185 154 24 49 1156 4 230598 26775 2.6 43 16 4 18 39% 25947 238628 24902 22%
c - 30.17 185 156 24 50 1188 4 232985 22181 2.6 43 17 4 18 39% 25948 238628 24902 22%
c - 30.88 157 159 24 51 1294 4 240056 24223 2.6 44 17 4 18 40% 25955 238628 24902 22%
c i 31.24 157 161 24 51 1352 4 244420 28486 2.6 44 17 4 18 40% 25958 238628 24901 22%
c - 31.50 157 163 24 52 1387 4 247198 26431 2.5 45 18 4 19 40% 25960 238627 24901 22%
c s 31.63 157 163 24 52 1400 4 248071 27285 2.5 45 18 4 19 40% 25964 237734 24901 22%
c e 31.88 180 163 24 52 1400 4 248071 27285 2.5 45 18 4 19 40% 17145 337599 16699 15%
c
c seconds     switched    rate          size/glue  tier1     binary           remaining
c         MB    reductions  conflicts         size   tier2       irredundant
c           level    restarts      redundant     glue    trail           variables
c
c s 32.12 180 163 24 52 1400 4 248071 27285 2.5 45 18 4 19 40% 17161 334631 16699 15%
c e 32.23 180 163 24 52 1400 4 248071 27285 2.5 45 18 4 19 40% 17147 334798 16689 15%
c ! 32.23 180 163 24 52 1400 4 248071 27285 2.5 45 18 4 19 40% 17147 334798 16689 15%
c b 32.27 200 163 24 52 1402 4 248214 9081 2.5 45 18 4 19 40% 17185 334760 16688 15%
c u 32.35 201 163 24 52 1402 4 248214 7816 2.5 45 18 4 19 40% 17191 334760 16687 15%
c v 32.42 201 163 24 52 1402 4 248214 7137 2.5 45 18 4 19 40% 17192 334760 16687 15%
c w 32.44 201 163 24 52 1402 4 248214 7117 2.5 45 18 4 19 40% 17192 334760 16687 15%
c x 32.52 201 163 24 52 1402 4 248214 7117 2.5 45 18 4 19 40% 17201 333716 16687 15%
c t 32.53 201 163 24 52 1402 4 248214 7116 2.5 45 18 4 19 40% 17192 333716 16687 15%
c f 32.61 201 163 24 52 1402 4 248214 7116 2.5 45 18 4 19 40% 17208 333203 16696 15%
c u 32.71 201 163 24 52 1402 4 248214 6362 2.5 45 18 4 19 40% 17232 333203 16696 15%
c v 32.77 201 163 24 52 1402 4 248214 6070 2.5 45 18 4 19 40% 17233 333203 16696 15%
c w 32.79 201 163 24 52 1402 4 248214 6026 2.5 45 18 4 19 40% 17233 333203 16696 15%
c x 32.87 201 163 24 52 1402 4 248214 6026 2.5 45 18 4 19 40% 17233 331407 16696 15%
c t 32.88 201 163 24 52 1402 4 248214 6026 2.5 45 18 4 19 40% 17225 331407 16696 15%
c f 32.98 201 163 24 52 1402 4 248214 6026 2.5 45 18 4 19 40% 17239 330889 16706 15%
c i 32.99 201 163 24 52 1402 4 248214 6026 2.5 45 18 4 19 40% 17239 330889 16706 15%
c i 33.39 201 165 24 52 1463 4 253071 10691 2.5 45 18 4 19 41% 17251 330889 16705 15%
c - 33.56 218 166 24 53 1480 5 254410 11133 2.5 45 18 4 19 41% 17234 330853 16705 15%
c - 34.31 219 168 24 54 1579 5 261690 17257 2.5 46 18 4 19 41% 17237 330853 16705 15%
c
c seconds     switched    rate          size/glue  tier1     binary           remaining
c         MB    reductions  conflicts         size   tier2       irredundant
c           level    restarts      redundant     glue    trail           variables
c
c } 34.90 219 170 25 54 1662 5 267063 22473 2.5 47 19 4 19 42% 17243 330853 16705 15%
c [ 34.90 219 134 25 54 1662 2 267063 22473 2.5 133 54 6 50 50% 17243 330853 16705 15%
c W 34.94 221 134 25 54 1662 2 267063 22473 2.5 133 54 6 50 50% 17243 330853 16705 15%
c - 35.27 222 132 25 55 1663 2 269039 20255 2.5 133 54 7 48 50% 17243 330853 16705 15%
c - 36.57 222 123 25 56 1668 2 276455 20297 2.5 133 52 7 46 50% 17243 330853 16705 15%
c - 37.98 223 116 25 57 1672 2 283939 18719 2.6 131 51 7 45 50% 17243 330853 16705 15%
c ] 38.86 224 112 26 57 1675 2 288505 22971 2.6 131 51 7 45 50% 17243 330853 16705 15%
c { 38.86 224 170 26 57 1675 5 288505 22971 2.5 47 19 4 19 42% 17243 330853 16705 15%
c - 39.15 225 170 26 58 1705 5 291488 19738 2.5 47 19 4 19 42% 17244 330853 16705 15%
c u 39.54 226 170 26 58 1731 5 294145 20569 2.5 47 19 4 19 42% 17249 330853 16705 15%
c v 39.68 243 170 26 58 1731 5 294145 19789 2.5 47 19 4 19 42% 17249 330853 16705 15%
c w 39.77 245 170 26 58 1731 5 294145 19789 2.5 47 19 4 19 42% 17249 330853 16705 15%
c x 39.85 245 170 26 58 1731 5 294145 19789 2.5 47 19 4 19 42% 17249 329128 16705 15%
c t 39.86 245 170 26 58 1731 5 294145 19789 2.5 47 19 4 19 42% 17236 329128 16705 15%
c f 39.99 245 170 26 58 1731 5 294145 19789 2.5 47 19 4 19 42% 17253 328503 16717 15%
c u 40.12 245 170 26 58 1731 5 294145 19274 2.5 47 19 4 19 42% 17271 328503 16717 15%
c v 40.28 245 170 26 58 1731 5 294145 17725 2.5 47 19 4 19 42% 17271 328503 16717 15%
c w 40.37 262 170 26 58 1731 5 294145 17724 2.5 47 19 4 19 42% 17271 328503 16717 15%
c x 40.45 262 170 26 58 1731 5 294145 17724 2.5 47 19 4 19 42% 17271 327725 16717 15%
c t 40.47 262 170 26 58 1731 5 294145 17724 2.5 47 19 4 19 42% 17263 327725 16717 15%
c
c seconds     switched    rate          size/glue  tier1     binary           remaining
c         MB    reductions  conflicts         size   tier2       irredundant
c           level    restarts      redundant     glue    trail           variables
c
c f 40.61 262 170 26 58 1731 5 294145 17724 2.5 47 19 4 19 42% 17281 327103 16729 15%
c - 41.11 225 171 26 59 1775 5 299103 18957 2.5 47 19 4 19 43% 17281 327103 16729 15%
c o 41.28 225 171 26 59 1796 5 300631 20427 2.5 47 19 4 19 43% 17283 327103 16729 15%
c - 41.93 226 172 26 60 1864 5 306784 21855 2.5 48 19 4 19 43% 17289 327103 16729 15%
c - 42.70 227 172 26 61 1949 5 314531 23920 2.5 49 19 4 19 44% 17291 327103 16729 15%
c - 43.46 228 173 26 62 2029 5 322341 25683 2.5 49 19 4 19 45% 17296 327103 16729 15%
c - 44.31 228 174 26 63 2120 5 330219 27205 2.5 50 20 4 19 45% 17297 327103 16729 15%
c } 44.37 228 174 27 63 2127 5 330723 27692 2.5 50 20 4 19 45% 17297 327103 16729 15%
c [ 44.37 228 112 27 63 2127 2 330723 27692 2.6 131 51 7 45 50% 17297 327103 16729 15%
c I 44.37 228 112 27 63 2127 2 330723 27692 2.6 131 51 7 45 50% 17297 327103 16729 15%
c - 45.71 229 115 27 64 2132 2 338156 25864 2.6 134 52 7 44 52% 17297 327103 16729 15%
c b 46.77 230 116 27 64 2135 2 344269 31745 2.5 132 52 7 44 51% 17297 327103 16728 15%
c u 46.89 230 116 27 64 2135 2 344269 30074 2.5 132 52 7 44 51% 17297 327103 16728 15%
c v 47.03 230 116 27 64 2135 2 344269 29638 2.5 132 52 7 44 51% 17297 327103 16728 15%
c w 47.12 232 116 27 64 2135 2 344269 29638 2.5 132 52 7 44 51% 17297 327103 16728 15%
c x 47.19 232 116 27 64 2135 2 344269 29638 2.5 132 52 7 44 51% 17299 327036 16728 15%
c t 47.21 232 116 27 64 2135 2 344269 29638 2.5 132 52 7 44 51% 17297 327036 16728 15%
c f 47.32 232 116 27 64 2135 2 344269 29638 2.5 132 52 7 44 51% 17314 326572 16739 15%
c u 47.54 234 116 27 64 2135 2 344269 28235 2.5 132 52 7 44 51% 17332 326572 16739 15%
c v 47.73 235 116 27 64 2135 2 344269 27252 2.5 132 52 7 44 51% 17332 326572 16739 15%
c
c seconds     switched    rate          size/glue   tier1     binary           remaining
c         MB    reductions  conflicts         size    tier2       irredundant
c           level    restarts      redundant      glue    trail           variables
c
c w 47.82 237 116 27 64 2135 2 344269 27249 2.5 132 52 7 44 51% 17332 326572 16739 15%
c t 48.39 238 116 27 64 2135 2 344269 27249 2.5 132 52 7 44 51% 17321 326572 16739 15%
c f 48.51 238 116 27 64 2135 2 344269 27249 2.5 132 52 7 44 51% 17333 326328 16746 15%
c - 48.77 238 116 27 65 2136 2 346156 19716 2.5 132 52 7 44 51% 17334 326327 16746 15%
c - 50.00 239 113 27 66 2140 2 354219 20494 2.6 132 51 7 44 51% 17334 326327 16746 15%
c s 50.77 241 111 27 66 2141 2 357371 23557 2.6 133 50 7 44 51% 17334 324128 16746 15%
c e 50.90 259 111 27 66 2141 2 357371 23557 2.6 133 50 7 44 51% 17151 325044 16653 14%
c s 51.09 259 111 27 66 2141 2 357371 23557 2.6 133 50 7 44 51% 17152 324440 16653 14%
c e 51.16 185 111 27 66 2141 2 357371 23557 2.6 133 50 7 44 51% 17124 324540 16637 14%
c ] 51.29 185 110 28 66 2141 2 358257 21571 2.6 132 50 7 44 50% 17124 324540 16637 14%
c { 51.29 185 174 28 66 2141 5 358257 21571 2.5 50 20 4 19 45% 17124 324540 16637 14%
c - 51.80 186 174 28 67 2201 5 362343 20284 2.5 50 20 4 19 45% 17127 324540 16637 14%
c i 52.26 186 174 28 67 2259 5 366727 24512 2.5 50 20 4 19 45% 17129 324540 16636 14%
c - 52.75 187 174 28 68 2318 5 370528 23428 2.5 51 20 4 19 45% 17125 324540 16636 14%
c - 53.74 187 175 28 69 2422 5 378774 25951 2.5 52 21 4 20 46% 17126 324540 16636 14%
c o 53.99 187 175 28 69 2454 5 380631 27772 2.5 52 21 4 20 46% 17126 324540 16636 14%
c - 54.88 188 176 28 70 2559 5 387080 27627 2.5 53 22 4 20 46% 17131 324540 16636 14%
c - 55.92 188 177 28 71 2679 5 395446 28982 2.5 54 22 4 20 46% 17134 324540 16636 14%
c u 56.48 188 176 28 71 2725 5 398697 30510 2.5 55 22 4 20 46% 17145 324529 16636 14%
c v 56.63 188 176 28 71 2725 5 398697 29968 2.5 55 22 4 20 46% 17145 324529 16636 14%
c
c seconds     switched    rate          size/glue  tier1     binary           remaining
c         MB    reductions  conflicts         size   tier2       irredundant
c           level    restarts      redundant     glue    trail           variables
c
c w 56.71 189 176 28 71 2725 5 398697 29967 2.5 55 22 4 20 46% 17145 324529 16636 14%
c x 56.80 189 176 28 71 2725 5 398697 29957 2.5 55 22 4 20 46% 17152 323319 16636 14%
c t 56.82 189 176 28 71 2725 5 398697 29957 2.5 55 22 4 20 46% 17149 323319 16636 14%
c f 56.94 188 176 28 71 2725 5 398697 29957 2.5 55 22 4 20 46% 17157 323151 16642 14%
c u 57.09 195 176 28 71 2725 5 398697 29045 2.5 55 22 4 20 46% 17162 323151 16642 14%
c v 57.24 196 176 28 71 2725 5 398697 28181 2.5 55 22 4 20 46% 17162 323151 16642 14%
c w 57.32 197 176 28 71 2725 5 398697 28179 2.5 55 22 4 20 46% 17162 323151 16642 14%
c x 57.43 197 176 28 71 2725 5 398697 28145 2.5 55 22 4 20 46% 17165 320130 16642 14%
c t 57.44 197 176 28 71 2725 5 398697 28145 2.5 55 22 4 20 46% 17163 320130 16642 14%
c f 57.57 197 176 28 71 2725 5 398697 28145 2.5 55 22 4 20 46% 17176 319870 16650 14%
c - 58.28 202 176 28 72 2801 5 403873 26812 2.5 56 23 4 20 46% 17180 319870 16650 14%
c } 58.61 202 176 29 72 2841 5 406398 29298 2.5 56 23 4 20 47% 17183 319870 16650 14%
c [ 58.61 202 110 29 72 2841 2 406398 29298 2.6 132 50 7 44 50% 17183 319870 16650 14%
c B 58.61 202 110 29 72 2841 2 406398 29298 2.6 132 50 7 44 50% 17183 319870 16650 14%
c - 59.46 203 115 29 73 2845 2 412358 26978 2.6 133 51 7 43 51% 17183 319870 16650 14%
c - 60.76 203 112 29 74 2850 2 420903 25580 2.6 133 51 6 42 51% 17183 319870 16650 14%
c - 61.87 132 116 29 75 2854 2 429508 24866 2.6 133 51 6 42 51% 17183 319870 16650 14%
c - 63.19 133 118 29 76 2855 2 438168 23592 2.5 134 53 6 43 51% 17183 319870 16650 14%
c - 64.26 133 119 29 77 2861 2 446885 23479 2.5 132 53 6 43 51% 17183 319870 16650 14%
c ] 64.51 133 120 30 77 2862 2 448634 25180 2.5 132 54 6 43 51% 17183 319870 16650 14%
c
c seconds     switched    rate          size/glue  tier1     binary           remaining
c         MB    reductions  conflicts         size   tier2       irredundant
c           level    restarts      redundant     glue    trail           variables
c
c { 64.51 133 176 30 77 2862 5 448634 25180 2.5 56 23 4 20 47% 17183 319870 16650 14%
c - 65.32 133 177 30 78 2948 5 455659 25947 2.5 57 23 4 20 47% 17188 319870 16650 14%
c u 65.63 134 178 30 78 2953 5 457400 25934 2.5 57 23 4 20 47% 17190 319870 16650 14%
c v 65.81 134 178 30 78 2953 5 457400 24630 2.5 57 23 4 20 47% 17190 319870 16650 14%
c w 65.89 134 178 30 78 2953 5 457400 24605 2.5 57 23 4 20 47% 17190 319870 16650 14%
c x 66.02 134 178 30 78 2953 5 457400 24577 2.5 57 23 4 20 47% 17202 312613 16650 14%
c t 66.04 134 178 30 78 2953 5 457400 24577 2.5 57 23 4 20 47% 17197 312613 16650 14%
c f 66.20 134 178 30 78 2953 5 457400 24577 2.5 57 23 4 20 47% 17211 312351 16659 14%
c u 66.38 135 178 30 78 2953 5 457400 23451 2.5 57 23 4 20 47% 17216 312351 16659 14%
c v 66.56 136 178 30 78 2953 5 457400 22395 2.5 57 23 4 20 47% 17216 312351 16659 14%
c w 66.64 136 178 30 78 2953 5 457400 22381 2.5 57 23 4 20 47% 17216 312351 16659 14%
c x 66.77 137 178 30 78 2953 5 457400 22357 2.5 57 23 4 20 47% 17223 304891 16659 14%
c t 66.79 137 178 30 78 2953 5 457400 22357 2.5 57 23 4 20 47% 17220 304891 16659 14%
c f 66.94 137 178 30 78 2953 5 457400 22357 2.5 57 23 4 20 47% 17230 304684 16666 14%
c - 67.77 157 178 30 79 3025 5 464490 25010 2.5 58 23 4 20 47% 17230 304684 16666 14%
c o 68.36 158 179 30 79 3086 5 470836 31210 2.5 58 23 4 20 48% 17235 304684 16666 14%
c - 68.56 158 179 30 80 3102 5 473379 28426 2.5 58 23 4 20 48% 17235 304684 16666 14%
c - 69.73 159 179 30 81 3220 5 482323 30139 2.5 59 24 4 20 48% 17238 304684 16666 14%
c s 70.95 159 179 30 81 3323 5 490723 38408 2.5 60 24 4 20 48% 17243 304389 16666 14%
c e 71.07 156 179 30 81 3323 5 490723 38408 2.5 60 24 4 20 48% 17091 305527 16572 14%
c
c seconds     switched    rate          size/glue  tier1     binary           remaining
c         MB    reductions  conflicts         size   tier2       irredundant
c           level    restarts      redundant     glue    trail           variables
c
c s 71.17 156 179 30 81 3323 5 490723 38408 2.5 60 24 4 20 48% 17091 305064 16572 14%
c e 71.22 156 179 30 81 3323 5 490723 38408 2.5 60 24 4 20 48% 17076 305154 16565 14%
c - 71.30 156 179 30 82 3333 5 491324 28307 2.5 60 24 4 21 48% 17076 305154 16565 14%
c - 72.37 114 181 30 83 3431 5 500380 30652 2.5 61 25 4 21 49% 17081 305154 16565 14%
c } 72.72 114 181 31 83 3472 5 503068 33294 2.5 62 25 4 21 49% 17083 305154 16565 14%
c [ 72.72 114 120 31 83 3472 2 503068 33294 2.5 132 54 6 43 51% 17083 305154 16565 14%
c W 72.75 123 120 31 83 3472 2 503068 33294 2.5 132 54 6 43 51% 17082 305154 16565 14%
c - 73.49 125 123 31 84 3477 2 509492 31459 2.5 132 53 6 43 51% 17082 305154 16565 14%
c - 74.72 126 125 31 85 3481 2 518659 29541 2.4 132 54 6 43 51% 17083 305154 16565 14%
c u 75.08 127 126 31 85 3482 2 520317 29115 2.4 132 54 6 43 51% 17122 305154 16564 14%
c v 75.24 128 126 31 85 3482 2 520317 28324 2.4 132 54 6 43 51% 17122 305154 16564 14%
c w 75.32 129 126 31 85 3482 2 520317 28323 2.4 132 54 6 43 51% 17122 305154 16564 14%
c x 75.45 129 126 31 85 3482 2 520317 28305 2.4 132 54 6 43 51% 17132 297815 16563 14%
c t 75.46 129 126 31 85 3482 2 520317 28302 2.4 132 54 6 43 51% 17119 297801 16562 14%
c f 75.59 129 126 31 85 3482 2 520317 28302 2.4 132 54 6 43 51% 17122 297758 16564 14%
c u 75.75 132 126 31 85 3482 2 520317 27020 2.4 132 54 6 43 51% 17131 297749 16564 14%
c v 75.91 133 126 31 85 3482 2 520317 26169 2.4 132 54 6 43 51% 17131 297749 16564 14%
c w 75.99 134 126 31 85 3482 2 520317 26169 2.4 132 54 6 43 51% 17131 297749 16564 14%
c x 76.10 134 126 31 85 3482 2 520317 26165 2.4 132 54 6 43 51% 17137 290221 16564 14%
c t 76.12 134 126 31 85 3482 2 520317 26165 2.4 132 54 6 43 51% 17135 290221 16564 14%
c
c seconds     switched    rate          size/glue   tier1     binary           remaining
c         MB    reductions  conflicts         size    tier2       irredundant
c           level    restarts      redundant      glue    trail           variables
c
c f 76.25 134 126 31 85 3482 2 520317 26165 2.4 132 54 6 43 51% 17143 290110 16569 14%
c i 76.25 134 126 31 85 3482 2 520317 26165 2.4 132 54 6 43 51% 17143 290110 16569 14%
c - 77.38 136 127 31 86 3486 2 527879 23916 2.4 132 56 6 44 52% 17125 290110 16569 14%
c - 78.86 137 124 31 87 3488 2 537153 23914 2.4 134 55 6 44 52% 17125 290110 16569 14%
c - 80.09 138 124 31 88 3493 2 546480 24785 2.4 133 55 6 43 51% 17126 290110 16569 14%
c ] 80.27 138 124 32 88 3493 2 547845 26117 2.4 133 55 6 43 51% 17126 290110 16569 14%
c { 80.27 138 181 32 88 3493 5 547845 26117 2.5 62 25 4 21 49% 17126 290110 16569 14%
c - 80.91 140 180 32 89 3547 5 555860 28102 2.5 61 24 4 21 49% 17131 290110 16569 14%
c - 81.93 141 181 32 90 3646 5 565293 31626 2.5 61 24 4 21 49% 17136 290110 16569 14%
c o 82.46 109 181 32 90 3703 5 570883 37023 2.5 61 24 4 21 48% 17142 290110 16569 14%
c - 82.84 109 181 32 91 3737 5 574779 33665 2.5 61 24 4 21 48% 17143 290110 16569 14%
c - 83.86 110 181 32 92 3826 5 584318 35472 2.5 61 24 4 21 48% 17143 290110 16569 14%
c u 84.33 110 181 32 92 3860 5 587473 36218 2.5 61 24 4 21 48% 17145 290110 16569 14%
c v 84.50 110 181 32 92 3860 5 587473 35146 2.5 61 24 4 21 48% 17145 290110 16569 14%
c w 84.58 111 181 32 92 3860 5 587473 35138 2.5 61 24 4 21 48% 17145 290110 16569 14%
c x 84.72 117 181 32 92 3860 5 587473 35130 2.5 61 24 4 21 48% 17145 285808 16569 14%
c t 84.73 117 181 32 92 3860 5 587473 35130 2.5 61 24 4 21 48% 17140 285808 16569 14%
c f 84.86 117 181 32 92 3860 5 587473 35130 2.5 61 24 4 21 48% 17149 285672 16575 14%
c u 85.05 126 181 32 92 3860 5 587473 34160 2.5 61 24 4 21 48% 17154 285672 16575 14%
c v 85.21 126 181 32 92 3860 5 587473 33223 2.5 61 24 4 21 48% 17154 285672 16575 14%
c
c seconds     switched    rate          size/glue  tier1     binary           remaining
c         MB    reductions  conflicts         size   tier2       irredundant
c           level    restarts      redundant     glue    trail           variables
c
c w 85.28 126 181 32 92 3860 5 587473 33173 2.5 61 24 4 21 48% 17154 285672 16575 14%
c x 85.41 126 181 32 92 3860 5 587473 33163 2.5 61 24 4 21 48% 17156 281736 16575 14%
c f 86.59 128 181 32 92 3860 5 587473 33163 2.5 61 24 4 21 48% 17159 281638 16577 14%
c - 87.29 129 181 32 93 3920 5 593911 32434 2.5 61 24 4 21 48% 17164 281637 16577 14%
c - 88.46 130 181 32 94 4025 5 603554 34306 2.5 61 25 4 21 48% 17165 281637 16577 14%
c } 89.06 131 181 33 94 4090 5 608951 39587 2.5 61 25 4 21 48% 17166 281637 16577 14%
c [ 89.06 131 124 33 94 4090 2 608951 39587 2.4 133 55 6 43 51% 17166 281637 16577 14%
c O 89.06 131 124 33 94 4090 2 608951 39587 2.4 133 55 6 43 51% 17166 281637 16577 14%
c - 89.57 131 122 33 95 4093 2 613250 35056 2.4 132 54 5 43 50% 17166 281637 16577 14%
c - 90.44 131 122 33 96 4098 2 622996 34080 2.4 131 53 5 43 49% 17172 281636 16577 14%
c - 91.34 132 123 33 97 4103 2 632794 32677 2.4 129 53 5 43 49% 17175 281636 16577 14%
c - 92.36 132 123 33 98 4105 2 642642 31577 2.4 129 53 5 43 48% 17179 281636 16577 14%
c s 93.36 101 123 33 98 4110 2 649160 37895 2.4 129 54 5 43 48% 17179 281354 16577 14%
c e 93.47 101 123 33 98 4110 2 649160 37895 2.4 129 54 5 43 48% 17072 282056 16526 14%
c s 93.52 101 123 33 98 4110 2 649160 37895 2.4 129 54 5 43 48% 17075 281686 16526 14%
c e 93.55 101 123 33 98 4110 2 649160 37895 2.4 129 54 5 43 48% 17069 281719 16524 14%
c - 93.99 103 123 33 99 4111 2 652542 30648 2.4 129 54 5 43 49% 17069 281719 16524 14%
c u 94.91 105 125 33 99 4115 2 658994 35067 2.4 130 54 5 43 49% 17074 281719 16524 14%
c v 95.08 105 125 33 99 4115 2 658994 33700 2.4 130 54 5 43 49% 17074 281719 16524 14%
c w 95.19 108 125 33 99 4115 2 658994 33698 2.4 130 54 5 43 49% 17074 281719 16524 14%
c
c seconds     switched    rate          size/glue   tier1     binary           remaining
c         MB    reductions  conflicts         size    tier2       irredundant
c           level    restarts      redundant      glue    trail           variables
c
c x 95.32 108 125 33 99 4115 2 658994 33678 2.4 130 54 5 43 49% 17079 278002 16524 14%
c t 95.34 108 125 33 99 4115 2 658994 33678 2.4 130 54 5 43 49% 17073 278002 16524 14%
c f 95.47 108 125 33 99 4115 2 658994 33678 2.4 130 54 5 43 49% 17075 277983 16525 14%
c u 95.64 108 125 33 99 4115 2 658994 32909 2.4 130 54 5 43 49% 17082 277983 16525 14%
c v 95.81 108 125 33 99 4115 2 658994 31497 2.4 130 54 5 43 49% 17082 277983 16525 14%
c w 95.90 111 125 33 99 4115 2 658994 31492 2.4 130 54 5 43 49% 17082 277983 16525 14%
c x 96.04 111 125 33 99 4115 2 658994 31477 2.4 130 54 5 43 49% 17087 274091 16525 14%
c t 96.05 111 125 33 99 4115 2 658994 31477 2.4 130 54 5 43 49% 17083 274091 16525 14%
c f 96.18 111 125 33 99 4115 2 658994 31477 2.4 130 54 5 43 49% 17087 274005 16527 14%
c B 96.49 111 126 33 99 4117 2 661738 34114 2.4 131 54 5 43 49% 17088 274005 16527 14%
c - 96.55 111 127 33 100 4118 2 662492 27050 2.4 131 54 5 43 49% 17088 274005 16527 14%
c ] 97.13 112 127 34 100 4119 2 668721 33056 2.5 134 55 5 43 49% 17090 274005 16527 14%
c { 97.13 112 181 34 100 4119 5 668721 33056 2.5 61 25 4 21 48% 17090 274005 16527 14%
c i 97.30 112 176 34 100 4120 5 671977 36246 2.5 62 24 4 21 47% 17096 274005 16526 14%
c - 97.33 112 176 34 101 4120 5 672493 29282 2.5 62 24 4 21 47% 17097 274005 16526 14%
c i 97.56 113 173 34 101 4122 5 675433 32205 2.6 63 24 4 21 47% 17101 274005 16525 14%
c o 97.89 114 167 34 101 4125 5 681847 38502 2.6 62 24 4 21 47% 17106 274005 16525 14%
c - 97.91 114 167 34 102 4125 5 682543 33899 2.6 62 24 4 21 46% 17101 274005 16525 14%
c i 98.11 115 159 34 102 4126 4 692197 43225 2.6 59 22 4 21 44% 17112 274004 16522 14%
c i 98.11 115 159 34 102 4126 4 692245 43262 2.6 59 22 4 21 44% 17115 274004 16521 14%
c
c seconds     switched     rate          size/glue  tier1     binary           remaining
c         MB    reductions   conflicts         size   tier2       irredundant
c           level     restarts      redundant     glue    trail           variables
c
c - 98.13 115 159 34 103 4126 4 692642 38459 2.6 59 22 4 20 44% 17101 274004 16521 14%
c - 98.57 116 148 34 104 4131 4 702791 40859 2.7 59 22 4 20 43% 17106 274004 16521 14%
c i 98.93 116 142 34 104 4138 4 711478 49079 2.8 58 21 4 20 42% 17144 274004 16517 14%
c i 98.94 116 142 34 104 4138 4 711579 49151 2.8 58 21 4 20 42% 17150 274004 16516 14%
c - 99.02 116 141 34 105 4140 4 712991 41824 2.8 58 21 4 20 41% 17138 274004 16516 14%
c - 99.55 117 134 34 106 4147 4 723238 43268 2.9 57 20 4 20 41% 17153 274004 16516 14%
c - 99.98 118 127 34 107 4151 3 733534 45941 3.0 57 19 4 20 40% 17158 274004 16516 14%
c u 100.12 121 126 34 107 4151 3 734928 46243 3.0 57 19 4 20 40% 17186 273831 16516 14%
c v 100.23 125 126 34 107 4151 3 734928 46125 3.0 57 19 4 20 40% 17186 273831 16516 14%
c w 100.28 126 126 34 107 4151 3 734928 46124 3.0 57 19 4 20 40% 17186 273831 16516 14%
c x 100.36 126 126 34 107 4151 3 734928 46104 3.0 57 19 4 20 40% 17190 271812 16514 14%
c t 100.37 126 126 34 107 4151 3 734928 46103 3.0 57 19 4 20 40% 17166 271808 16514 14%
c f 100.44 126 126 34 107 4151 3 734928 46103 3.0 57 19 4 20 40% 17170 271761 16516 14%
c i 100.45 126 126 34 107 4151 3 734928 46103 3.0 57 19 4 20 40% 17170 271761 16516 14%
c } 100.49 126 124 35 107 4151 3 736867 47946 3.0 57 19 4 20 39% 17177 271761 16516 14%
c [ 100.49 126 127 35 107 4151 2 736867 47946 2.5 134 55 5 43 49% 17177 271761 16516 14%
c W 100.53 126 127 35 107 4151 2 736867 47946 2.5 134 55 5 43 49% 17169 271761 16516 14%
c - 101.63 127 126 35 108 4156 2 743878 44014 2.5 136 55 5 43 49% 17169 271761 16516 14%
c - 103.20 129 124 35 109 4161 2 754270 40619 2.5 137 55 5 43 49% 17169 271761 16516 14%
c ] 103.34 129 124 36 109 4163 2 756145 42438 2.5 136 55 5 43 49% 17169 271761 16516 14%
c
c seconds      switched     rate          size/glue  tier1     binary           remaining
c          MB    reductions   conflicts         size   tier2       irredundant
c            level     restarts      redundant     glue    trail           variables
c
c { 103.34 129 124 36 109 4163 3 756145 42438 3.0 57 19 4 20 39% 17169 271761 16516 14%
c - 104.22 118 131 36 110 4280 3 764710 41794 2.9 57 19 4 20 40% 17172 271761 16516 14%
c - 105.42 122 138 36 111 4433 4 775198 45028 2.8 57 20 4 20 41% 17176 271761 16516 14%
c - 106.63 123 145 36 112 4575 4 785733 47176 2.8 58 21 4 20 42% 17181 271761 16516 14%
c - 107.86 124 150 36 113 4723 4 796316 49142 2.7 58 21 4 20 43% 17186 271760 16516 14%
c o 108.52 124 153 36 113 4800 4 801888 54610 2.7 59 22 4 20 43% 17187 271760 16516 14%
c - 109.13 125 155 36 114 4869 4 806947 50759 2.7 59 22 4 20 43% 17188 271760 16516 14%
c u 110.33 125 158 36 114 4978 4 815418 56200 2.7 60 22 4 20 44% 17214 271760 16516 14%
c v 110.55 126 158 36 114 4978 4 815418 55618 2.7 60 22 4 20 44% 17215 271760 16516 14%
c w 110.66 129 158 36 114 4978 4 815418 55616 2.7 60 22 4 20 44% 17215 271760 16516 14%
c x 110.84 129 158 36 114 4978 4 815418 55597 2.7 60 22 4 20 44% 17222 267666 16515 14%
c t 110.86 129 158 36 114 4978 4 815418 55597 2.7 60 22 4 20 44% 17202 267662 16515 14%
c f 111.01 129 158 36 114 4978 4 815418 55597 2.7 60 22 4 20 44% 17218 267443 16524 14%
c u 111.22 130 158 36 114 4978 4 815418 52451 2.7 60 22 4 20 44% 17233 267443 16519 14%
c v 111.42 132 158 36 114 4978 4 815418 51355 2.7 60 22 4 20 44% 17233 267443 16519 14%
c w 111.52 133 158 36 114 4978 4 815418 51354 2.7 60 22 4 20 44% 17233 267443 16519 14%
c x 111.67 132 158 36 114 4978 4 815418 51339 2.7 60 22 4 20 44% 17251 262949 16515 14%
c t 111.69 132 158 36 114 4978 4 815418 51151 2.7 60 22 4 20 44% 17248 262915 16515 14%
c f 111.84 132 158 36 114 4978 4 815418 51151 2.7 60 22 4 20 44% 17261 262730 16523 14%
c i 111.85 133 158 36 114 4978 4 815418 51151 2.7 60 22 4 20 44% 17261 262730 16523 14%
c
c seconds      switched     rate          size/glue  tier1     binary           remaining
c          MB    reductions   conflicts         size   tier2       irredundant
c            level     restarts      redundant     glue    trail           variables
c
c - 112.05 136 158 36 115 4995 4 817627 44606 2.7 59 22 4 20 44% 17227 262730 16523 14%
c - 113.33 138 163 36 116 5133 5 828350 46632 2.6 60 23 4 20 44% 17234 262730 16523 14%
c } 113.73 138 164 37 116 5174 5 831701 49870 2.6 60 23 4 20 45% 17238 262730 16523 14%
c [ 113.73 138 124 37 116 5174 2 831701 49870 2.5 136 55 5 43 49% 17238 262730 16523 14%
c I 113.73 138 124 37 116 5174 2 831701 49870 2.5 136 55 5 43 49% 17238 262730 16523 14%
c s 114.16 106 126 37 116 5175 2 833620 51750 2.5 137 55 5 43 49% 17252 262273 16523 14%
c e 114.30 106 126 37 116 5175 2 833620 51750 2.5 137 55 5 43 49% 16996 263920 16387 14%
c s 114.37 106 126 37 116 5175 2 833620 51750 2.5 137 55 5 43 49% 16997 263203 16387 14%
c e 114.43 106 126 37 116 5175 2 833620 51750 2.5 137 55 5 43 49% 16974 263375 16377 14%
c - 115.37 107 125 37 117 5179 2 839124 42653 2.5 138 56 5 43 50% 16974 263375 16377 14%
c - 117.16 107 119 37 118 5185 2 849940 41470 2.6 139 54 5 42 51% 16974 263375 16377 14%
c - 119.03 108 114 37 119 5188 2 860802 41363 2.6 140 53 5 41 52% 16974 263375 16377 14%
c - 120.90 109 109 37 120 5194 2 871713 41326 2.7 142 52 5 40 54% 16974 263375 16377 14%
c - 122.60 111 104 37 121 5200 2 882672 40931 2.8 142 51 5 40 55% 16974 263375 16377 14%
c ] 123.04 111 103 38 121 5202 1 885080 43168 2.8 142 51 5 40 55% 16974 263375 16377 14%
c { 123.04 111 164 38 121 5202 5 885080 43168 2.6 60 23 4 20 45% 16974 263375 16377 14%
c i 123.15 113 157 38 121 5206 4 891253 48653 2.6 58 22 4 20 42% 16979 263375 16376 14%
c i 123.23 113 157 38 121 5207 4 893213 50521 2.6 57 22 4 20 42% 16980 263374 16375 14%
c i 123.24 113 157 38 121 5207 4 893284 50578 2.6 57 22 4 20 42% 16984 263373 16374 14%
c i 123.24 113 157 38 121 5207 4 893287 50576 2.6 57 22 4 20 42% 16986 263373 16373 14%
c
c seconds      switched     rate          size/glue  tier1     binary           remaining
c          MB    reductions   conflicts         size   tier2       irredundant
c            level     restarts      redundant     glue    trail           variables
c
c - 123.26 114 157 38 122 5207 4 893672 43028 2.6 57 22 4 19 42% 16967 263373 16373 14%
c i 123.51 115 157 38 122 5216 4 898067 47164 2.6 56 21 4 19 41% 16977 263373 16372 14%
c i 123.65 115 156 38 122 5219 4 900359 49343 2.6 56 21 4 19 41% 16984 263373 16369 14%
c b 123.67 115 156 38 122 5219 4 900370 49342 2.6 56 21 4 19 41% 17000 263305 16368 14%
c u 123.87 116 156 38 122 5219 4 900370 44194 2.6 56 21 4 19 41% 17140 263305 16361 14%
c v 124.09 116 156 38 122 5219 4 900370 42696 2.6 56 21 4 19 41% 17133 263305 16361 14%
c w 124.21 117 156 38 122 5219 4 900370 42685 2.6 56 21 4 19 41% 17133 263305 16361 14%
c x 124.39 99 156 38 122 5219 4 900370 42652 2.6 56 21 4 19 41% 17154 259036 16361 14%
c t 124.41 99 156 38 122 5219 4 900370 42616 2.6 56 21 4 19 41% 17080 259036 16360 14%
c f 124.58 99 156 38 122 5219 4 900370 42616 2.6 56 21 4 19 41% 17081 259015 16361 14%
c u 124.80 104 156 38 122 5219 4 900370 40111 2.6 56 21 4 19 41% 17097 259012 16361 14%
c v 125.01 105 156 38 122 5219 4 900370 38500 2.6 56 21 4 19 41% 17097 259012 16361 14%
c w 125.12 106 156 38 122 5219 4 900370 38474 2.6 56 21 4 19 41% 17097 259012 16361 14%
c x 125.28 106 156 38 122 5219 4 900370 38448 2.6 56 21 4 19 41% 17106 253799 16361 14%
c t 125.30 106 156 38 122 5219 4 900370 38448 2.6 56 21 4 19 41% 17102 253799 16361 14%
c f 125.46 106 156 38 122 5219 4 900370 38448 2.6 56 21 4 19 41% 17109 253602 16367 14%
c i 125.47 106 156 38 122 5219 4 900370 38448 2.6 56 21 4 19 41% 17109 253602 16367 14%
c i 125.50 106 156 38 122 5219 4 901818 39649 2.6 55 21 4 19 41% 17118 253602 16363 14%
c i 125.51 106 156 38 122 5219 4 901882 39685 2.6 55 21 4 19 41% 17125 253599 16362 14%
c i 125.56 108 156 38 122 5222 4 903064 40768 2.6 55 21 4 19 41% 17127 253599 16361 14%
c
c seconds      switched     rate          size/glue  tier1     binary           remaining
c          MB    reductions   conflicts         size   tier2       irredundant
c            level     restarts      redundant     glue    trail           variables
c
c - 125.60 108 156 38 123 5222 4 904718 36740 2.6 54 21 4 19 40% 17056 253599 16361 14%
c i 125.60 108 156 38 123 5222 4 904727 36746 2.6 54 21 4 19 40% 17056 253599 16360 14%
c - 125.89 109 150 38 124 5222 4 915809 41256 2.5 50 20 4 19 37% 17054 253599 16360 14%
c i 126.03 109 150 38 124 5227 4 918445 43731 2.5 50 20 4 19 37% 17059 253599 16358 14%
c i 126.03 109 150 38 124 5227 4 918622 43852 2.5 50 20 4 19 37% 17069 253598 16356 14%
c i 126.03 109 150 38 124 5227 4 918628 43853 2.5 50 20 4 19 37% 17073 253598 16355 14%
c i 126.03 109 150 38 124 5227 4 918639 43856 2.5 50 20 4 19 37% 17075 253598 16353 14%
c i 126.12 110 149 38 124 5228 4 920845 45910 2.5 49 20 4 19 37% 17079 253598 16351 14%
c i 126.15 110 149 38 124 5230 4 921705 46709 2.5 49 20 4 19 37% 17085 253597 16350 14%
c i 126.16 110 149 38 124 5230 4 921932 46925 2.5 49 20 4 19 37% 17088 253597 16349 14%
c i 126.25 110 148 38 124 5231 4 924920 49588 2.5 48 19 4 19 36% 17102 253596 16345 14%
c i 126.25 110 148 38 124 5231 4 924921 49588 2.5 48 19 4 19 36% 17102 253596 16344 14%
c i 126.30 110 147 38 124 5232 4 926386 50992 2.5 48 19 4 19 36% 17102 253596 16343 14%
c i 126.30 110 147 38 124 5232 4 926405 51005 2.5 48 19 4 19 36% 17104 253595 16340 14%
c i 126.30 110 147 38 124 5232 4 926407 51006 2.5 48 19 4 19 36% 17104 253595 16338 14%
c - 126.33 110 147 38 125 5232 4 926944 44401 2.5 48 19 4 19 36% 17045 253595 16338 14%
c o 126.59 111 146 38 125 5238 4 932040 49211 2.5 47 19 4 19 36% 17048 253595 16338 14%
c i 126.76 111 147 38 125 5250 4 935100 52028 2.5 47 19 4 19 36% 17061 253595 16337 14%
c i 126.76 111 147 38 125 5250 4 935117 52037 2.5 47 19 4 19 36% 17063 253594 16336 14%
c i 126.82 112 148 38 125 5252 4 936352 53218 2.5 47 19 4 19 36% 17067 253594 16335 14%
c
c seconds      switched     rate          size/glue  tier1     binary           remaining
c          MB    reductions   conflicts         size   tier2       irredundant
c            level     restarts      redundant     glue    trail           variables
c
c - 126.89 112 147 38 126 5252 4 938126 46543 2.5 46 19 4 19 36% 17047 253594 16335 14%
c - 127.23 112 142 38 127 5256 4 949351 49538 2.5 44 18 4 19 34% 17059 253594 16335 14%
c i 127.39 113 143 38 127 5263 4 952696 52658 2.5 43 18 4 19 34% 17068 253594 16334 14%
c - 127.75 113 141 38 128 5273 4 960620 52219 2.4 42 17 4 19 33% 17079 253593 16334 14%
c i 127.95 114 143 38 128 5282 4 965341 56518 2.4 41 17 4 19 34% 17092 253593 16333 14%
c } 128.10 114 142 39 128 5287 4 968413 59376 2.4 41 17 4 19 33% 17099 253593 16333 14%
c [ 128.10 114 103 39 128 5287 1 968413 59376 2.8 142 51 5 40 55% 17099 253593 16333 14%
c B 128.10 114 103 39 128 5287 1 968413 59376 2.8 142 51 5 40 55% 17099 253593 16333 14%
c - 128.72 114 101 39 129 5289 1 971933 53450 2.8 143 51 4 39 55% 17091 253593 16333 14%
c - 130.75 115 96 39 130 5296 1 983290 51565 3.0 145 49 4 38 55% 17091 253593 16333 14%
c b 131.67 115 94 39 130 5300 1 989814 57751 3.0 144 48 4 38 55% 17159 253187 16331 14%
c u 131.80 118 94 39 130 5300 1 989814 56112 3.0 144 48 4 38 55% 17175 253187 16331 14%
c v 131.93 118 94 39 130 5300 1 989814 55609 3.0 144 48 4 38 55% 17175 253187 16331 14%
c w 132.03 124 94 39 130 5300 1 989814 55605 3.0 144 48 4 38 55% 17175 253187 16331 14%
c x 132.14 124 94 39 130 5300 1 989814 55597 3.0 144 48 4 38 55% 17183 249785 16331 14%
c t 132.16 124 94 39 130 5300 1 989814 55597 3.0 144 48 4 38 55% 17156 249785 16330 14%
c f 132.26 124 94 39 130 5300 1 989814 55597 3.0 144 48 4 38 55% 17170 249500 16340 14%
c u 132.44 130 94 39 130 5300 1 989814 53865 3.0 144 48 4 38 55% 17239 249495 16339 14%
c v 132.58 131 94 39 130 5300 1 989814 53222 3.0 144 48 4 38 55% 17239 249495 16339 14%
c w 132.67 136 94 39 130 5300 1 989814 53222 3.0 144 48 4 38 55% 17239 249495 16339 14%
c
c seconds     switched     rate          size/glue   tier1     binary           remaining
c          MB   reductions   conflicts         size    tier2       irredundant
c           level     restarts      redundant      glue    trail           variables
c
c x 132.77 136 94 39 130 5300 1 989814 53215 3.0 144 48 4 38 55% 17244 244641 16339 14%
c t 133.61 136 94 39 130 5300 1 989814 53197 3.0 144 48 4 38 55% 17214 244641 16339 14%
c f 133.72 136 94 39 130 5300 1 989814 53197 3.0 144 48 4 38 55% 17233 243965 16363 14%
c i 133.73 136 94 39 130 5300 1 989814 53197 3.0 144 48 4 38 55% 17233 243965 16363 14%
c - 134.47 140 96 39 131 5301 1 994691 45904 2.9 144 49 4 38 55% 17229 243965 16363 14%
c ] 134.47 140 96 40 131 5301 1 994718 45930 2.9 144 49 4 38 55% 17229 243965 16363 14%
c { 134.47 140 142 40 131 5301 4 994718 45930 2.4 41 17 4 19 33% 17229 243965 16363 14%
c - 135.80 143 148 40 132 5496 4 1006136 48680 2.4 43 18 4 19 35% 17235 243965 16363 14%
c - 137.15 144 153 40 133 5682 4 1017626 52145 2.4 45 19 4 19 36% 17240 243964 16363 14%
c - 138.55 145 157 40 134 5874 4 1029158 54360 2.4 48 20 4 19 38% 17247 243964 16363 14%
c - 139.83 146 160 40 135 6032 5 1040733 56487 2.4 49 20 4 19 39% 17252 243964 16363 14%
c s 140.48 150 161 40 135 6103 5 1045396 61088 2.4 50 21 4 19 39% 17261 243491 16363 14%
c e 140.59 151 161 40 135 6103 5 1045396 61088 2.4 50 21 4 19 39% 16978 245189 16241 14%
c s 140.65 151 161 40 135 6103 5 1045396 61088 2.4 50 21 4 19 39% 16987 244431 16241 14%
c e 140.69 151 161 40 135 6103 5 1045396 61088 2.4 50 21 4 19 39% 16985 244462 16239 14%
c - 141.53 152 162 40 136 6205 5 1052353 55510 2.4 51 21 4 19 40% 16986 244462 16239 14%
c - 142.90 153 164 40 137 6376 5 1064015 57163 2.4 53 22 4 19 41% 16990 244462 16239 14%
c o 143.76 153 165 40 137 6483 5 1072429 65463 2.5 54 22 4 19 42% 16994 244462 16239 14%
c - 144.23 153 166 40 138 6538 5 1075720 58742 2.4 55 23 4 19 42% 16995 244462 16239 14%
c u 145.36 119 168 40 138 6638 5 1083767 63290 2.5 56 23 4 19 42% 17005 244462 16239 14%
c
c seconds      switched     rate           size/glue  tier1     binary           remaining
c          MB    reductions    conflicts         size   tier2       irredundant
c            level     restarts       redundant     glue    trail           variables
c
c v 145.61 119 168 40 138 6638 5 1083767 62416 2.5 56 23 4 19 42% 17005 244462 16239 14%
c w 145.74 120 168 40 138 6638 5 1083767 62411 2.5 56 23 4 19 42% 17005 244462 16239 14%
c x 145.91 120 168 40 138 6638 5 1083767 62397 2.5 56 23 4 19 42% 17014 235833 16239 14%
c t 145.93 120 168 40 138 6638 5 1083767 62397 2.5 56 23 4 19 42% 16986 235833 16239 14%
c f 146.11 120 168 40 138 6638 5 1083767 62397 2.5 56 23 4 19 42% 17040 234089 16311 14%
c u 146.34 125 168 40 138 6638 5 1083767 60522 2.5 56 23 4 19 42% 17049 234089 16311 14%
c v 146.56 126 168 40 138 6638 5 1083767 59126 2.5 56 23 4 19 42% 17049 234089 16311 14%
c w 146.67 128 168 40 138 6638 5 1083767 59081 2.5 56 23 4 19 42% 17049 234089 16311 14%
c x 146.84 127 168 40 138 6638 5 1083767 59080 2.5 56 23 4 19 42% 17053 228733 16311 14%
c t 146.85 127 168 40 138 6638 5 1083767 59080 2.5 56 23 4 19 42% 17045 228733 16310 14%
c f 147.00 127 168 40 138 6638 5 1083767 59080 2.5 56 23 4 19 42% 17065 227801 16354 14%
c } 147.18 129 168 41 138 6649 5 1086190 61468 2.5 57 23 4 19 43% 17065 227801 16354 14%
c [ 147.18 129 96 41 138 6649 1 1086190 61468 2.9 144 49 4 38 55% 17065 227801 16354 14%
c W 147.21 129 96 41 138 6649 1 1086190 61468 2.9 144 49 4 38 55% 17060 227779 16354 14%
c - 147.38 129 96 41 139 6650 1 1087467 53238 2.9 143 49 4 38 55% 17060 227779 16354 14%
c - 148.96 130 94 41 140 6656 1 1099256 51943 3.0 143 48 4 38 55% 17060 227779 16354 14%
c - 151.02 131 92 41 141 6663 1 1111089 47710 3.0 145 49 4 37 56% 17060 227779 16354 14%
c - 153.34 131 90 41 142 6666 1 1122964 44927 3.0 148 50 4 37 56% 17060 227779 16354 14%
c - 155.53 108 88 41 143 6673 1 1134881 44311 3.0 149 50 4 37 55% 17060 227779 16354 14%
c - 157.62 110 88 41 144 6678 1 1146839 44820 2.9 149 51 4 37 55% 17060 227779 16354 14%
c
c seconds     switched     rate           size/glue   tier1     binary           remaining
c          MB   reductions    conflicts         size    tier2       irredundant
c           level     restarts       redundant      glue    trail           variables
c
c ] 158.17 110 88 42 144 6678 1 1150053 47855 2.9 148 52 4 37 55% 17060 227779 16354 14%
c { 158.17 110 168 42 144 6678 5 1150053 47855 2.5 57 23 4 19 43% 17060 227779 16354 14%
c - 159.23 115 170 42 145 6792 5 1158839 48274 2.5 57 23 4 19 43% 17063 227779 16354 14%
c - 160.68 116 172 42 146 6952 5 1170882 53158 2.5 58 24 4 19 44% 17068 227779 16354 14%
c u 162.26 123 174 42 146 7095 5 1182075 58392 2.5 60 24 4 19 44% 17097 227777 16354 14%
c v 162.55 124 174 42 146 7095 5 1182075 56639 2.5 60 24 4 19 44% 17097 227777 16354 14%
c w 162.71 126 174 42 146 7095 5 1182075 56636 2.5 60 24 4 19 44% 17097 227777 16354 14%
c x 162.93 126 174 42 146 7095 5 1182075 56634 2.5 60 24 4 19 44% 17104 222201 16353 14%
c t 162.95 126 174 42 146 7095 5 1182075 56631 2.5 60 24 4 19 44% 17091 222193 16353 14%
c f 163.21 126 174 42 146 7095 5 1182075 56631 2.5 60 24 4 19 44% 17093 222173 16354 14%
c i 163.21 127 174 42 146 7095 5 1182075 56631 2.5 60 24 4 19 44% 17093 222173 16354 14%
c - 163.36 134 174 42 147 7107 5 1182966 48894 2.5 60 24 4 19 44% 17088 222173 16354 14%
c - 164.76 137 175 42 148 7255 5 1195091 51344 2.5 61 25 4 19 45% 17090 222173 16354 14%
c - 166.12 115 175 42 149 7401 5 1207257 53583 2.5 62 25 4 19 45% 17095 222173 16354 14%
c - 167.52 122 177 42 150 7556 5 1219464 51761 2.5 64 25 3 19 46% 17096 222173 16354 14%
c o 167.85 122 177 42 150 7594 5 1222483 54745 2.5 64 26 3 19 46% 17096 222173 16354 14%
c - 168.77 122 177 42 151 7684 5 1231712 52050 2.5 64 26 3 19 46% 17097 222173 16354 14%
c - 170.14 123 178 42 152 7811 5 1244004 52854 2.5 65 26 3 19 47% 17103 222173 16354 14%
c } 170.76 128 178 43 152 7876 5 1250026 58768 2.5 65 26 3 19 47% 17103 222173 16354 14%
c [ 170.76 128 88 43 152 7876 1 1250026 58768 2.9 148 52 4 37 55% 17103 222173 16354 14%
c
c seconds     switched     rate           size/glue   tier1     binary           remaining
c          MB   reductions    conflicts         size    tier2       irredundant
c           level     restarts       redundant      glue    trail           variables
c
c O 170.76 128 88 43 152 7876 1 1250026 58768 2.9 148 52 4 37 55% 17103 222173 16354 14%
c - 171.82 128 86 43 153 7881 1 1256333 51688 2.9 148 51 4 36 56% 17103 222173 16354 14%
c - 174.10 130 82 43 154 7888 1 1268705 47522 3.0 150 49 4 36 57% 17103 222173 16354 14%
c - 176.33 108 80 43 155 7890 1 1281114 43444 3.1 153 49 4 35 58% 17103 222173 16354 14%
c b 176.98 108 79 43 155 7893 1 1285019 47126 3.2 154 49 4 35 58% 17103 222173 16353 14%
c u 177.22 112 79 43 155 7893 1 1285019 42796 3.2 154 49 4 35 58% 17226 222173 16351 14%
c v 177.36 112 79 43 155 7893 1 1285019 40828 3.2 154 49 4 35 58% 17231 222173 16351 14%
c w 177.68 117 79 43 155 7893 1 1285019 40812 3.2 154 49 4 35 58% 17231 222173 16351 14%
c x 177.91 124 79 43 155 7893 1 1285019 40791 3.2 154 49 4 35 58% 17364 220403 16350 14%
c t 177.92 124 79 43 155 7893 1 1285019 40788 3.2 154 49 4 35 58% 17280 220392 16350 14%
c u 178.37 124 79 43 155 7893 1 1285019 38176 3.2 154 49 4 35 58% 17304 220392 16350 14%
c v 178.47 125 79 43 155 7893 1 1285019 37421 3.2 154 49 4 35 58% 17304 220392 16350 14%
c w 178.86 129 79 43 155 7893 1 1285019 37357 3.2 154 49 4 35 58% 17304 220392 16350 14%
c x 179.06 129 79 43 155 7893 1 1285019 37334 3.2 154 49 4 35 58% 17306 220108 16350 14%
c t 179.08 129 79 43 155 7893 1 1285019 37334 3.2 154 49 4 35 58% 17294 220108 16350 14%
c i 179.09 129 79 43 155 7893 1 1285019 37334 3.2 154 49 4 35 58% 17294 220108 16350 14%
c s 179.20 130 79 43 155 7893 1 1285420 37693 3.2 154 49 4 35 58% 17310 219720 16350 14%
c e 179.29 132 79 43 155 7893 1 1285420 37693 3.2 154 49 4 35 58% 17081 221313 16232 14%
c 2 179.29 132 79 43 155 7893 1 1285420 37693 3.2 154 49 4 35 58% 17079 221313 16232 14%
c s 179.32 132 79 43 155 7893 1 1285420 37693 3.2 154 49 4 35 58% 17086 220836 16232 14%
c
c seconds     switched     rate           size/glue   tier1     binary           remaining
c          MB   reductions    conflicts         size    tier2       irredundant
c           level     restarts       redundant      glue    trail           variables
c
c e 179.36 132 79 43 155 7893 1 1285420 37693 3.2 154 49 4 35 58% 17062 220942 16222 14%
c - 180.92 133 80 43 156 7897 1 1293565 30686 3.1 155 49 4 35 59% 17061 220942 16222 14%
c - 183.13 134 79 43 157 7904 1 1306056 31067 3.1 154 50 4 35 59% 17061 220942 16222 14%
c - 185.49 135 78 43 158 7906 1 1318585 30933 3.1 153 50 4 35 59% 17061 220942 16222 14%
c ] 185.50 135 78 44 158 7906 1 1318651 30998 3.1 153 50 4 35 59% 17061 220942 16222 14%
c { 185.50 135 178 44 158 7906 5 1318651 30998 2.5 65 26 3 19 47% 17061 220942 16222 14%
c - 186.81 137 179 44 159 8041 5 1331154 35312 2.5 66 26 3 19 47% 17066 220942 16222 14%
c - 188.09 143 178 44 160 8164 5 1343763 40937 2.5 66 26 3 19 48% 17072 220942 16222 14%
c - 189.34 144 178 44 161 8277 5 1356412 43811 2.6 67 26 3 19 48% 17075 220942 16222 14%
c - 190.49 145 177 44 162 8370 5 1369102 45828 2.6 67 26 3 19 48% 17080 220942 16222 14%
c - 191.65 145 174 44 163 8468 5 1381829 47382 2.6 67 26 3 19 47% 17080 220942 16222 14%
c o 191.72 147 174 44 163 8474 5 1382505 48047 2.6 67 26 3 19 47% 17080 220942 16222 14%
c u 193.09 152 174 44 163 8559 5 1392736 54852 2.6 67 26 3 19 48% 17108 220942 16222 14%
c v 193.38 153 174 44 163 8559 5 1392736 53663 2.6 67 26 3 19 48% 17108 220942 16222 14%
c w 193.53 154 174 44 163 8559 5 1392736 53649 2.6 67 26 3 19 48% 17108 220942 16222 14%
c x 193.74 158 174 44 163 8559 5 1392736 53613 2.6 67 26 3 19 48% 17117 220655 16222 14%
c t 193.76 158 174 44 163 8559 5 1392736 53613 2.6 67 26 3 19 48% 17088 220655 16222 14%
c f 193.85 158 174 44 163 8559 5 1392736 53613 2.6 67 26 3 19 48% 17107 220299 16238 14%
c u 194.10 163 174 44 163 8559 5 1392736 52196 2.6 67 26 3 19 48% 17177 220299 16238 14%
c v 194.38 165 174 44 163 8559 5 1392736 50681 2.6 67 26 3 19 48% 17177 220299 16238 14%
c
c seconds      switched     rate           size/glue  tier1     binary           remaining
c          MB    reductions    conflicts         size   tier2       irredundant
c            level     restarts       redundant     glue    trail           variables
c
c w 194.51 166 174 44 163 8559 5 1392736 50603 2.6 67 26 3 19 48% 17177 220299 16238 14%
c x 194.73 166 174 44 163 8559 5 1392736 50583 2.6 67 26 3 19 48% 17179 220017 16238 14%
c t 194.74 166 174 44 163 8559 5 1392736 50583 2.6 67 26 3 19 48% 17151 220017 16238 14%
c - 194.94 169 175 44 164 8573 5 1394597 41804 2.6 67 26 3 19 48% 17151 220017 16238 14%
c - 196.16 176 172 44 165 8698 4 1407403 43655 2.7 68 26 3 19 47% 17154 220017 16238 14%
c - 197.32 146 171 44 166 8796 4 1420249 45655 2.7 68 25 3 19 47% 17157 220017 16238 14%
c } 198.02 146 171 45 166 8854 4 1427483 52813 2.7 68 25 3 19 47% 17160 220017 16238 14%
c [ 198.02 146 78 45 166 8854 1 1427483 52813 3.1 153 50 4 35 59% 17160 220017 16238 14%
c B 198.02 146 78 45 166 8854 1 1427483 52813 3.1 153 50 4 35 59% 17160 220017 16238 14%
c - 199.03 147 78 45 167 8858 1 1433135 44518 3.0 153 50 4 35 59% 17160 220017 16238 14%
c - 201.30 148 78 45 168 8866 1 1446061 38759 3.0 151 51 4 35 59% 17160 220017 16238 14%
c - 203.61 149 77 45 169 8868 1 1459024 34254 2.9 150 51 4 35 58% 17160 220017 16238 14%
c - 206.08 150 76 45 170 8875 1 1472024 33261 3.0 150 51 4 35 58% 17160 220017 16238 14%
c - 208.63 108 75 45 171 8883 1 1485062 33175 3.0 152 51 4 34 58% 17160 220017 16238 14%
c ] 209.55 108 74 46 171 8883 1 1490582 38354 3.0 152 50 4 34 58% 17160 220017 16238 14%
c { 209.55 108 171 46 171 8883 4 1490582 38354 2.7 68 25 3 19 47% 17160 220017 16238 14%
c - 210.32 116 171 46 172 8951 4 1498139 36433 2.7 68 25 3 19 48% 17161 220017 16238 14%
c u 211.32 118 172 46 172 9029 4 1505267 40778 2.7 68 25 3 19 48% 17214 220017 16238 14%
c v 211.64 119 172 46 172 9029 4 1505267 37555 2.7 68 25 3 19 48% 17214 220017 16238 14%
c w 211.82 120 172 46 172 9029 4 1505267 37531 2.7 68 25 3 19 48% 17214 220017 16238 14%
c
c seconds      switched     rate           size/glue  tier1     binary           remaining
c          MB    reductions    conflicts         size   tier2       irredundant
c            level     restarts       redundant     glue    trail           variables
c
c x 212.08 125 172 46 172 9029 4 1505267 37460 2.7 68 25 3 19 48% 17233 219578 16236 14%
c t 212.09 125 172 46 172 9029 4 1505267 37459 2.7 68 25 3 19 48% 17211 219554 16236 14%
c u 212.32 126 172 46 172 9029 4 1505267 36947 2.7 68 25 3 19 48% 17232 219554 16236 14%
c v 212.55 126 172 46 172 9029 4 1505267 35084 2.7 68 25 3 19 48% 17232 219554 16236 14%
c w 212.87 129 172 46 172 9029 4 1505267 34921 2.7 68 25 3 19 48% 17232 219554 16236 14%
c x 213.12 131 172 46 172 9029 4 1505267 34834 2.7 68 25 3 19 48% 17252 218741 16234 14%
c t 213.14 131 172 46 172 9029 4 1505267 34834 2.7 68 25 3 19 48% 17250 218724 16234 14%
c i 213.16 131 172 46 172 9029 4 1505267 34834 2.7 68 25 3 19 48% 17250 218724 16234 14%
c - 213.82 137 173 46 173 9092 4 1511253 34729 2.7 69 25 3 19 48% 17233 218724 16234 14%
c - 215.23 140 175 46 174 9240 5 1524407 39409 2.7 69 26 3 19 49% 17240 218724 16234 14%
c - 216.58 141 176 46 175 9360 5 1537599 43039 2.7 69 26 3 19 49% 17243 218724 16234 14%
c - 217.93 142 176 46 176 9467 5 1550830 45548 2.7 69 26 3 19 49% 17245 218724 16234 14%
c o 218.19 146 176 46 176 9488 4 1553367 48058 2.7 69 26 3 19 49% 17245 218724 16234 14%
c s 218.36 147 176 46 176 9505 4 1554339 49008 2.7 69 26 3 19 49% 17270 218342 16234 14%
c e 218.43 147 176 46 176 9505 4 1554339 49008 2.7 69 26 3 19 49% 17090 219559 16141 14%
c 2 218.43 147 176 46 176 9505 4 1554339 49008 2.7 69 26 3 19 49% 17089 219559 16141 14%
c s 218.45 147 176 46 176 9505 4 1554339 49008 2.7 69 26 3 19 49% 17091 219062 16141 14%
c e 218.49 147 176 46 176 9505 4 1554339 49008 2.7 69 26 3 19 49% 17079 219124 16137 14%
c - 219.57 129 177 46 177 9605 5 1564096 44954 2.7 69 26 3 19 50% 17081 219124 16137 14%
c - 220.91 130 176 46 178 9716 4 1577402 47079 2.7 69 26 3 19 50% 17084 219124 16137 14%
c
c seconds      switched     rate           size/glue  tier1     binary           remaining
c          MB    reductions    conflicts         size   tier2       irredundant
c            level     restarts       redundant     glue    trail           variables
c
c - 222.50 131 178 46 179 9857 5 1590744 48386 2.7 70 26 3 19 50% 17089 219124 16137 14%
c - 223.87 138 179 46 180 9984 5 1604124 49256 2.7 69 26 3 19 50% 17093 219124 16137 14%
c } 224.38 138 179 47 180 10036 5 1608627 53681 2.7 69 26 3 19 50% 17093 219124 16137 14%
c [ 224.38 138 74 47 180 10036 1 1608627 53681 3.0 152 50 4 34 58% 17093 219124 16137 14%
c W 224.41 146 74 47 180 10036 1 1608627 53681 3.0 152 50 4 34 58% 17093 219124 16137 14%
c - 225.97 148 74 47 181 10042 1 1617542 46952 3.0 151 50 4 34 59% 17093 219124 16137 14%
c u 227.03 154 73 47 181 10044 1 1622659 48477 3.0 151 50 4 34 59% 17103 219124 16137 14%
c v 227.32 154 73 47 181 10044 1 1622659 46575 3.0 151 50 4 34 59% 17103 219124 16137 14%
c w 227.50 156 73 47 181 10044 1 1622659 46558 3.0 151 50 4 34 59% 17103 219124 16137 14%
c x 227.71 164 73 47 181 10044 1 1622659 46542 3.0 151 50 4 34 59% 17112 218350 16137 14%
c t 229.39 165 73 47 181 10044 1 1622659 46542 3.0 151 50 4 34 59% 17085 218350 16137 14%
c f 229.46 165 73 47 181 10044 1 1622659 46542 3.0 151 50 4 34 59% 17097 218196 16145 14%
c u 229.72 168 73 47 181 10044 1 1622659 45240 3.0 151 50 4 34 59% 17160 218196 16145 14%
c v 229.98 169 73 47 181 10044 1 1622659 43085 3.0 151 50 4 34 59% 17160 218196 16145 14%
c w 230.12 172 73 47 181 10044 1 1622659 43074 3.0 151 50 4 34 59% 17160 218196 16145 14%
c x 230.33 130 73 47 181 10044 1 1622659 43074 3.0 151 50 4 34 59% 17167 217712 16145 14%
c t 230.34 130 73 47 181 10044 1 1622659 43074 3.0 151 50 4 34 59% 17147 217712 16145 14%
c - 231.69 129 72 47 182 10049 1 1630996 35552 3.1 152 49 4 34 60% 17147 217712 16145 14%
c - 233.98 129 73 47 183 10053 1 1644486 33460 3.1 154 49 4 34 60% 17147 217712 16145 14%
c - 236.44 129 72 47 184 10061 1 1658014 31740 3.1 154 49 4 34 60% 17147 217712 16145 14%
c
c seconds     switched      rate           size/glue   tier1     binary           remaining
c          MB   reductions     conflicts         size    tier2       irredundant
c           level     restarts        redundant      glue    trail           variables
c
c - 238.68 129 73 47 185 10065 1 1671579 31768 3.1 156 50 4 34 61% 17147 217712 16145 14%
c - 240.77 91 72 47 186 10066 1 1685185 32988 3.2 157 49 4 34 62% 17147 217712 16145 14%
c ] 241.67 91 71 48 186 10066 1 1690517 38048 3.2 158 49 4 34 62% 17147 217712 16145 14%
c { 241.67 91 179 48 186 10066 5 1690517 38048 2.7 69 26 3 19 50% 17147 217712 16145 14%
c - 242.62 97 180 48 187 10151 5 1698823 36323 2.6 69 26 3 19 50% 17148 217712 16145 14%
c - 243.90 98 179 48 188 10271 5 1712499 42295 2.6 68 26 3 19 49% 17148 217712 16145 14%
c - 245.25 100 178 48 189 10383 5 1726210 45962 2.6 68 26 3 19 49% 17152 217712 16145 14%
c o 246.06 105 179 48 189 10458 5 1733610 53246 2.6 68 26 3 19 49% 17153 217712 16145 14%
c - 246.79 107 179 48 190 10523 5 1739957 47882 2.6 68 26 3 19 49% 17154 217712 16145 14%
c u 247.55 107 179 48 190 10563 5 1744938 49887 2.7 69 26 3 19 49% 17195 217712 16145 14%
c v 247.90 108 179 48 190 10563 5 1744938 47679 2.7 69 26 3 19 49% 17195 217712 16145 14%
c w 248.06 108 179 48 190 10563 5 1744938 47664 2.7 69 26 3 19 49% 17195 217712 16145 14%
c x 248.33 116 179 48 190 10563 5 1744938 47663 2.7 69 26 3 19 49% 17207 217127 16145 14%
c t 248.34 116 179 48 190 10563 5 1744938 47663 2.7 69 26 3 19 49% 17187 217127 16145 14%
c - 249.37 122 180 48 191 10657 5 1753742 44826 2.7 69 26 3 19 50% 17189 217127 16145 14%
c - 250.78 123 181 48 192 10759 4 1767562 47188 2.7 69 26 3 19 50% 17189 217127 16145 14%
c - 252.41 130 183 48 193 10891 5 1781420 48723 2.7 70 26 3 19 51% 17194 217127 16145 14%
c - 254.20 131 182 48 194 11055 5 1795313 49435 2.7 71 26 3 19 51% 17198 217127 16145 14%
c - 255.85 138 182 48 195 11209 5 1809242 50003 2.7 71 26 3 19 51% 17198 217127 16145 14%
c } 256.74 139 180 49 195 11283 5 1818127 58734 2.7 71 26 3 19 51% 17198 217127 16145 14%
c
c seconds     switched      rate           size/glue   tier1     binary           remaining
c          MB   reductions     conflicts         size    tier2       irredundant
c           level     restarts        redundant      glue    trail           variables
c
c [ 256.74 139 71 49 195 11283 1 1818127 58734 3.2 158 49 4 34 62% 17198 217127 16145 14%
c I 256.74 139 71 49 195 11283 1 1818127 58734 3.2 158 49 4 34 62% 17198 217127 16145 14%
c - 257.34 139 76 49 196 11286 1 1823206 49720 3.2 156 49 4 33 62% 17198 217127 16145 14%
c - 259.43 141 76 49 197 11295 1 1837207 44491 3.2 159 49 4 33 62% 17198 217127 16145 14%
c - 261.56 116 76 49 198 11298 1 1851245 37905 3.2 159 50 4 34 62% 17198 217127 16145 14%
c s 262.13 116 77 49 198 11300 1 1854509 41002 3.2 159 50 4 34 62% 17213 216945 16145 14%
c e 262.20 118 77 49 198 11300 1 1854509 41002 3.2 159 50 4 34 62% 17050 218069 16063 14%
c s 262.22 118 77 49 198 11300 1 1854509 41002 3.2 159 50 4 34 62% 17050 217866 16063 14%
c e 262.24 118 77 49 198 11300 1 1854509 41002 3.2 159 50 4 34 62% 17048 217894 16061 14%
c - 264.10 119 80 49 199 11306 1 1865318 36200 3.0 160 53 4 34 63% 17048 217894 16061 14%
c u 265.48 122 80 49 199 11311 1 1872145 38846 3.0 160 53 4 34 63% 17089 217894 16061 14%
c v 265.62 123 80 49 199 11311 1 1872145 36377 3.0 160 53 4 34 63% 17090 217894 16061 14%
c w 266.06 128 80 49 199 11311 1 1872145 36021 3.0 160 53 4 34 63% 17090 217894 16061 14%
c x 266.30 133 80 49 199 11311 1 1872145 36005 3.0 160 53 4 34 63% 17214 217473 16061 14%
c t 266.31 133 80 49 199 11311 1 1872145 36005 3.0 160 53 4 34 63% 17182 217473 16061 14%
c f 266.40 133 80 49 199 11311 1 1872145 36005 3.0 160 53 4 34 63% 17210 217093 16079 14%
c u 266.63 137 80 49 199 11311 1 1872145 35341 3.0 160 53 4 34 63% 17243 217093 16079 14%
c v 266.72 137 80 49 199 11311 1 1872145 34544 3.0 160 53 4 34 63% 17243 217093 16079 14%
c w 267.29 141 80 49 199 11311 1 1872145 34308 3.0 160 53 4 34 63% 17243 217093 16079 14%
c x 267.52 141 80 49 199 11311 1 1872145 34304 3.0 160 53 4 34 63% 17245 217024 16079 14%
c
c seconds     switched      rate           size/glue   tier1     binary           remaining
c          MB   reductions     conflicts         size    tier2       irredundant
c           level     restarts        redundant      glue    trail           variables
c
c t 267.53 141 80 49 199 11311 1 1872145 34304 3.0 160 53 4 34 63% 17236 217024 16079 14%
c - 268.76 142 79 49 200 11312 1 1879429 30052 3.0 160 52 4 34 63% 17236 217024 16079 14%
c - 271.32 142 77 49 201 11313 1 1893572 31304 3.1 159 52 4 34 63% 17236 217024 16079 14%
c ] 274.00 142 75 50 201 11319 1 1906420 43245 3.1 159 51 4 34 63% 17236 217024 16079 14%
c { 274.00 142 180 50 201 11319 5 1906420 43245 2.7 71 26 3 19 51% 17236 217024 16079 14%
c - 274.23 114 178 50 202 11323 5 1907751 32190 2.7 72 26 3 19 51% 17236 217024 16079 14%
c - 274.84 116 164 50 203 11324 4 1921963 40937 2.8 70 25 3 19 49% 17240 217024 16079 14%
c o 275.06 116 159 50 203 11325 4 1926533 45457 2.9 71 25 3 19 48% 17240 217024 16079 14%
c - 275.37 117 154 50 204 11327 4 1936211 49566 2.9 69 24 3 19 46% 17242 217024 16079 14%
c - 275.77 119 146 50 205 11329 3 1950493 53332 3.0 67 22 3 19 43% 17248 217023 16079 14%
c i 276.21 123 138 50 205 11337 3 1959655 62283 3.1 67 22 3 19 43% 17268 217023 16078 14%
c - 276.42 124 134 50 206 11338 3 1964810 54959 3.1 66 21 3 19 42% 17261 217023 16078 14%
c i 276.55 124 128 50 206 11341 3 1971883 61474 3.1 62 20 3 19 40% 17270 217022 16076 14%
c - 276.98 125 122 50 207 11344 3 1979162 55346 3.1 62 20 3 19 41% 17259 217022 16076 14%
c - 277.55 127 114 50 208 11345 3 1993550 55990 3.2 61 19 3 19 40% 17265 217022 16076 14%
c u 278.29 133 110 50 208 11365 3 2004319 63301 3.2 59 18 3 19 39% 17303 216972 16076 14%
c v 278.62 139 110 50 208 11365 3 2004319 63237 3.2 59 18 3 19 39% 17303 216972 16076 14%
c w 278.76 139 110 50 208 11365 3 2004319 63229 3.2 59 18 3 19 39% 17303 216972 16076 14%
c t 278.78 139 110 50 208 11365 3 2004319 63229 3.2 59 18 3 19 39% 17289 216972 16076 14%
c i 278.89 139 109 50 208 11366 3 2007551 66377 3.3 59 18 3 19 39% 17295 216972 16073 14%
c
c seconds      switched      rate           size/glue  tier1     binary           remaining
c          MB    reductions     conflicts         size   tier2       irredundant
c            level     restarts        redundant     glue    trail           variables
c
c - 278.91 139 109 50 209 11366 3 2007973 55849 3.3 59 18 3 19 39% 17280 216972 16073 14%
c i 279.01 139 105 50 209 11367 3 2013329 60918 3.3 58 18 3 19 38% 17292 216972 16069 14%
c - 279.33 141 104 50 210 11375 2 2022429 55832 3.3 56 17 3 19 37% 17280 216972 16069 14%
c i 279.58 141 102 50 210 11384 2 2029507 62714 3.2 54 17 3 19 37% 17300 216972 16068 14%
c i 279.60 141 101 50 210 11384 2 2030596 63768 3.2 54 17 3 19 37% 17307 216972 16066 14%
c - 279.78 142 99 50 211 11385 2 2036920 57110 3.2 53 16 3 19 36% 17291 216972 16066 14%
c } 279.94 142 96 51 211 11390 2 2043945 64086 3.3 52 16 3 19 35% 17295 216972 16066 14%
c [ 279.94 142 75 51 211 11390 1 2043945 64086 3.1 159 51 4 34 63% 17295 216972 16066 14%
c B 279.94 142 75 51 211 11390 1 2043945 64086 3.1 159 51 4 34 63% 17295 216972 16066 14%
c - 281.22 143 82 51 212 11395 1 2051447 55135 3.0 160 54 4 34 63% 17295 216972 16066 14%
c - 283.93 145 83 51 213 11403 1 2066007 47093 2.9 162 55 4 34 64% 17295 216972 16066 14%
c ] 285.88 146 84 52 213 11404 1 2075740 56114 2.9 163 56 4 34 64% 17295 216972 16066 14%
c { 285.88 146 96 52 213 11404 2 2075740 56114 3.3 52 16 3 19 35% 17295 216972 16066 14%
c - 286.49 124 100 52 214 11480 2 2080602 42714 3.2 52 16 3 19 36% 17296 216972 16066 14%
c - 287.92 130 111 52 215 11685 3 2095230 48340 3.0 53 17 3 19 36% 17299 216972 16066 14%
c - 289.68 147 123 52 216 11930 3 2109895 54375 2.9 54 19 3 19 38% 17304 216972 16066 14%
c - 291.46 148 132 52 217 12161 4 2124591 56939 2.8 56 20 3 19 39% 17306 216972 16066 14%
c o 291.69 153 133 52 217 12193 4 2126681 58987 2.8 56 20 3 19 39% 17306 216972 16066 14%
c - 293.20 156 140 52 218 12373 4 2139323 59102 2.7 57 21 3 19 40% 17306 216972 16066 14%
c b 293.42 156 141 52 218 12391 4 2141514 61261 2.7 57 21 3 19 41% 17319 216799 16064 14%
c
c seconds      switched      rate           size/glue  tier1     binary           remaining
c          MB    reductions     conflicts         size   tier2       irredundant
c            level     restarts        redundant     glue    trail           variables
c
c u 293.66 156 141 52 218 12391 4 2141514 57504 2.7 57 21 3 19 41% 17386 216799 16064 14%
c v 293.95 156 141 52 218 12391 4 2141514 55238 2.7 57 21 3 19 41% 17388 216799 16064 14%
c w 294.08 156 141 52 218 12391 4 2141514 55215 2.7 57 21 3 19 41% 17388 216799 16064 14%
c x 294.29 163 141 52 218 12391 4 2141514 55181 2.7 57 21 3 19 41% 17398 216656 16064 14%
c t 294.31 163 141 52 218 12391 4 2141514 55181 2.7 57 21 3 19 41% 17362 216656 16063 14%
c u 294.58 165 141 52 218 12391 4 2141514 52656 2.7 57 21 3 19 41% 17383 216643 16063 14%
c v 294.86 166 141 52 218 12391 4 2141514 50303 2.7 57 21 3 19 41% 17383 216643 16063 14%
c w 294.99 167 141 52 218 12391 4 2141514 50278 2.7 57 21 3 19 41% 17383 216643 16063 14%
c x 295.21 167 141 52 218 12391 4 2141514 50253 2.7 57 21 3 19 41% 17387 216544 16063 14%
c t 295.23 167 141 52 218 12391 4 2141514 50253 2.7 57 21 3 19 41% 17378 216544 16063 14%
c f 295.25 167 141 52 218 12391 4 2141514 50253 2.7 57 21 3 19 41% 17380 216525 16064 14%
c - 296.65 142 146 52 219 12561 4 2154090 51680 2.6 58 22 3 19 41% 17378 216525 16064 14%
c - 298.21 160 152 52 220 12760 4 2168888 54584 2.6 59 23 3 19 41% 17379 216525 16064 14%
c - 300.13 176 158 52 221 12974 5 2183720 56283 2.5 60 24 3 19 42% 17386 216525 16064 14%
c s 300.51 176 160 52 221 13008 5 2187049 59542 2.5 60 24 3 19 42% 17423 216237 16064 14%
c e 300.57 177 160 52 221 13008 5 2187049 59542 2.5 60 24 3 19 42% 17259 217307 15982 14%
c s 300.60 177 160 52 221 13008 5 2187049 59542 2.5 60 24 3 19 42% 17267 216985 15982 14%
c e 300.62 177 160 52 221 13008 5 2187049 59542 2.5 60 24 3 19 42% 17259 217018 15979 14%
c - 301.94 193 163 52 222 13154 5 2198588 55729 2.5 61 24 3 19 43% 17261 217018 15979 14%
c - 303.42 195 166 52 223 13311 5 2213487 57963 2.5 61 25 3 19 43% 17261 217018 15979 14%
c
c seconds      switched      rate           size/glue  tier1     binary           remaining
c          MB    reductions     conflicts         size   tier2       irredundant
c            level     restarts        redundant     glue    trail           variables
c
c } 304.54 195 168 53 223 13432 5 2223527 67823 2.5 61 25 3 19 44% 17262 217018 15979 14%
c [ 304.54 195 84 53 223 13432 1 2223527 67823 2.9 163 56 4 34 64% 17262 217018 15979 14%
c W 304.57 195 84 53 223 13432 1 2223527 67823 2.9 163 56 4 34 64% 17262 217018 15979 14%
c - 305.47 195 83 53 224 13435 1 2228420 57869 2.9 161 55 4 34 63% 17262 217018 15979 14%
c - 308.00 158 79 53 225 13444 1 2243389 52064 2.9 158 54 4 34 62% 17262 217018 15979 14%
c - 310.72 175 76 53 226 13448 1 2258389 44051 2.9 153 52 4 34 61% 17262 217018 15979 14%
c - 313.20 168 73 53 227 13457 1 2273422 41777 2.9 151 52 4 34 60% 17262 217018 15979 14%
c u 315.36 173 71 53 227 13461 1 2283743 45899 2.9 149 51 4 34 60% 17303 217018 15978 14%
c v 315.47 173 71 53 227 13461 1 2283743 43958 2.9 149 51 4 34 60% 17302 217018 15978 14%
c w 315.96 181 71 53 227 13461 1 2283743 42731 2.9 149 51 4 34 60% 17302 217018 15978 14%
c x 316.26 181 71 53 227 13461 1 2283743 42692 2.9 149 51 4 34 60% 17311 216826 15978 14%
c t 316.28 181 71 53 227 13461 1 2283743 42683 2.9 149 51 4 34 60% 17276 216826 15978 14%
c f 316.34 169 71 53 227 13461 1 2283743 42683 2.9 149 51 4 34 60% 17285 216585 15990 14%
c u 316.65 176 71 53 227 13461 1 2283743 41124 2.9 149 51 4 34 60% 17366 216585 15990 14%
c v 316.71 177 71 53 227 13461 1 2283743 40626 2.9 149 51 4 34 60% 17366 216585 15990 14%
c w 317.44 198 71 53 227 13461 1 2283743 40614 2.9 149 51 4 34 60% 17366 216585 15990 14%
c x 317.73 192 71 53 227 13461 1 2283743 40565 2.9 149 51 4 34 60% 17402 216142 15990 14%
c t 317.75 192 71 53 227 13461 1 2283743 40565 2.9 149 51 4 34 60% 17363 216142 15990 14%
c i 317.77 192 71 53 227 13461 1 2283743 40565 2.9 149 51 4 34 60% 17363 216142 15990 14%
c - 318.69 152 70 53 228 13461 1 2288488 33831 2.9 148 50 4 34 60% 17362 216142 15990 14%
c
c seconds     switched      rate           size/glue   tier1     binary           remaining
c          MB   reductions     conflicts         size    tier2       irredundant
c           level     restarts        redundant      glue    trail           variables
c
c - 321.52 153 71 53 229 13462 1 2303590 34593 2.9 149 51 4 34 59% 17362 216142 15990 14%
c ] 324.40 155 71 54 229 13470 1 2318565 47745 2.9 150 53 4 34 58% 17362 216142 15990 14%
c { 324.40 155 168 54 229 13470 5 2318565 47745 2.5 61 25 3 19 44% 17362 216142 15990 14%
c - 324.43 155 167 54 230 13472 5 2318722 33892 2.5 61 25 3 19 44% 17363 216142 15990 14%
c i 324.51 156 167 54 230 13473 5 2320948 35943 2.5 61 25 3 19 43% 17372 216142 15988 14%
c i 324.79 158 167 54 230 13475 5 2327233 41921 2.5 59 24 3 19 42% 17376 216142 15987 14%
c - 324.95 159 160 54 231 13475 4 2333887 42735 2.5 57 23 3 19 40% 17371 216142 15987 14%
c o 325.21 160 159 54 231 13478 4 2337570 46307 2.5 56 23 3 19 40% 17373 216142 15987 14%
c i 325.60 161 156 54 231 13482 4 2345551 53840 2.4 54 22 3 19 39% 17381 216142 15985 14%
c - 325.77 162 156 54 232 13487 4 2349085 52134 2.4 53 22 3 19 39% 17372 216142 15985 14%
c - 326.46 163 149 54 233 13499 4 2364319 56195 2.4 50 20 3 19 36% 17388 216142 15985 14%
c i 327.12 164 141 54 233 13507 4 2378064 69146 2.5 48 19 3 18 35% 17393 216142 15984 14%
c - 327.23 164 141 54 234 13510 4 2379583 59182 2.5 48 19 3 18 36% 17391 216142 15984 14%
c - 327.98 165 138 54 235 13519 3 2394880 61949 2.5 45 18 3 18 34% 17398 216142 15984 14%
c i 328.14 156 136 54 235 13520 3 2398440 65332 2.5 45 18 3 18 33% 17401 216142 15983 14%
c i 328.27 160 136 54 235 13524 3 2400889 67672 2.5 44 18 3 18 33% 17407 216142 15982 14%
c - 328.71 123 134 54 236 13538 3 2410211 63901 2.5 43 17 3 18 33% 17395 216142 15982 14%
c i 329.17 124 128 54 236 13546 3 2425153 77817 2.4 40 16 3 18 30% 17402 216142 15981 14%
c i 329.18 124 128 54 236 13546 3 2425232 77874 2.4 40 16 3 18 30% 17404 216142 15980 14%
c - 329.21 125 128 54 237 13546 3 2425573 65655 2.4 40 16 3 18 30% 17395 216142 15980 14%
c
c seconds      switched      rate           size/glue  tier1     binary           remaining
c          MB    reductions     conflicts         size   tier2       irredundant
c            level     restarts        redundant     glue    trail           variables
c
c b 329.44 125 128 54 237 13553 3 2431056 70815 2.4 39 16 3 18 30% 17420 216040 15978 14%
c u 329.65 125 128 54 237 13553 3 2431056 67184 2.4 39 16 3 18 30% 17441 216040 15977 14%
c v 329.89 126 128 54 237 13553 3 2431056 66345 2.4 39 16 3 18 30% 17439 216040 15977 14%
c w 329.98 126 128 54 237 13553 3 2431056 66237 2.4 39 16 3 18 30% 17439 216040 15977 14%
c x 330.18 129 128 54 237 13553 3 2431056 66236 2.4 39 16 3 18 30% 17453 215729 15977 14%
c t 330.20 129 128 54 237 13553 3 2431056 66234 2.4 39 16 3 18 30% 17427 215729 15977 14%
c u 330.48 129 128 54 237 13553 3 2431056 62975 2.4 39 16 3 18 30% 17447 215729 15977 14%
c v 330.71 129 128 54 237 13553 3 2431056 62063 2.4 39 16 3 18 30% 17447 215729 15977 14%
c w 330.80 129 128 54 237 13553 3 2431056 61996 2.4 39 16 3 18 30% 17447 215729 15977 14%
c x 331.00 130 128 54 237 13553 3 2431056 61995 2.4 39 16 3 18 30% 17465 215538 15976 14%
c t 331.16 130 128 54 237 13553 3 2431056 61991 2.4 39 16 3 18 30% 17460 215527 15976 14%
c i 331.18 130 128 54 237 13553 3 2431056 61991 2.4 39 16 3 18 30% 17460 215527 15976 14%
c - 331.67 131 127 54 238 13566 3 2440967 59108 2.4 37 16 3 18 29% 17459 215527 15976 14%
c - 331.90 131 115 54 239 13566 3 2456395 61078 2.3 34 15 3 18 26% 17461 215527 15976 14%
c - 332.47 137 112 54 240 13606 3 2471855 62507 2.3 32 14 3 18 25% 17478 215527 15976 14%
c } 332.57 137 110 55 240 13608 3 2476960 67118 2.3 32 14 3 18 24% 17480 215527 15976 14%
c [ 332.57 137 71 55 240 13608 1 2476960 67118 2.9 150 53 4 34 58% 17480 215527 15976 14%
c O 332.57 137 71 55 240 13608 1 2476960 67118 2.9 150 53 4 34 58% 17480 215527 15976 14%
c - 334.25 138 78 55 241 13614 1 2487351 59015 2.8 155 55 4 34 59% 17480 215527 15976 14%
c - 336.53 142 80 55 242 13622 1 2502879 51848 2.8 156 55 4 34 58% 17480 215527 15976 14%
c
c seconds     switched      rate           size/glue   tier1     binary           remaining
c          MB   reductions     conflicts         size    tier2       irredundant
c           level     restarts        redundant      glue    trail           variables
c
c - 338.71 122 84 55 243 13629 1 2518435 49598 2.8 154 55 4 34 57% 17480 215527 15976 14%
c ] 340.66 123 82 56 243 13635 1 2529711 60373 2.8 153 54 4 34 56% 17480 215527 15976 14%
c { 340.66 123 110 56 243 13635 3 2529711 60373 2.3 32 14 3 18 24% 17480 215527 15976 14%
c - 341.01 128 111 56 244 13679 3 2534023 50810 2.3 32 14 3 18 24% 17480 215527 15976 14%
c - 342.75 131 120 56 245 13937 3 2549643 56354 2.3 35 16 3 18 27% 17485 215527 15976 14%
c s 343.17 132 121 56 245 13991 3 2553013 59656 2.3 36 16 3 18 28% 17490 215207 15976 14%
c e 343.24 132 121 56 245 13991 3 2553013 59656 2.3 36 16 3 18 28% 17292 216259 15895 14%
c s 343.26 132 121 56 245 13991 3 2553013 59656 2.3 36 16 3 18 28% 17297 215882 15895 14%
c e 343.29 132 121 56 245 13991 3 2553013 59656 2.3 36 16 3 18 28% 17274 215970 15887 14%
c o 343.74 136 123 56 245 14051 3 2557617 61943 2.3 37 16 3 18 29% 17275 215970 15887 14%
c - 344.72 138 127 56 246 14182 4 2565295 60345 2.3 39 17 3 18 30% 17280 215970 15887 14%
c - 346.62 139 134 56 247 14430 4 2580980 63719 2.3 42 18 3 18 32% 17282 215970 15887 14%
c u 347.33 145 134 56 247 14473 4 2583448 60382 2.3 42 18 3 18 33% 17362 215970 15887 14%
c v 347.80 162 134 56 247 14473 4 2583448 56331 2.3 42 18 3 18 33% 17362 215970 15887 14%
c w 348.00 162 134 56 247 14473 4 2583448 56281 2.3 42 18 3 18 33% 17362 215970 15887 14%
c t 348.02 162 134 56 247 14473 4 2583448 56281 2.3 42 18 3 18 33% 17315 215970 15887 14%
c f 348.09 162 134 56 247 14473 4 2583448 56281 2.3 42 18 3 18 33% 17326 215755 15898 14%
c u 348.39 162 134 56 247 14473 4 2583448 54714 2.3 42 18 3 18 33% 17331 215755 15898 14%
c v 348.72 162 134 56 247 14473 4 2583448 52405 2.3 42 18 3 18 33% 17331 215755 15898 14%
c w 348.86 162 134 56 247 14473 4 2583448 52367 2.3 42 18 3 18 33% 17331 215755 15898 14%
c
c seconds      switched      rate           size/glue  tier1     binary           remaining
c          MB    reductions     conflicts         size   tier2       irredundant
c            level     restarts        redundant     glue    trail           variables
c
c x 349.14 119 134 56 247 14473 4 2583448 52360 2.3 42 18 3 18 33% 17445 215452 15898 14%
c t 349.16 119 134 56 247 14473 4 2583448 52360 2.3 42 18 3 18 33% 17427 215452 15898 14%
c - 350.61 137 138 56 248 14643 4 2596697 54255 2.3 44 19 3 18 34% 17428 215452 15898 14%
c - 352.17 144 139 56 249 14823 4 2612446 58543 2.4 46 19 3 18 36% 17435 215452 15898 14%
c - 353.73 145 140 56 250 14987 4 2628226 61306 2.4 47 20 3 18 37% 17436 215452 15898 14%
c - 355.17 168 141 56 251 15136 4 2644038 63586 2.4 49 20 3 18 38% 17439 215452 15898 14%
c - 357.02 170 145 56 252 15351 4 2659883 64007 2.5 51 21 3 18 39% 17443 215452 15898 14%
c - 358.95 162 149 56 253 15571 4 2675757 64138 2.5 53 21 3 18 41% 17447 215452 15898 14%
c - 360.74 169 152 56 254 15729 4 2691663 65269 2.6 57 22 3 18 42% 17452 215452 15898 14%
c } 361.66 170 154 57 254 15811 4 2699054 72551 2.6 57 22 3 18 43% 17453 215452 15898 14%
c [ 361.66 170 82 57 254 15811 1 2699054 72551 2.8 153 54 4 34 56% 17453 215452 15898 14%
c B 361.66 170 82 57 254 15811 1 2699054 72551 2.8 153 54 4 34 56% 17453 215452 15898 14%
c - 362.64 170 90 57 255 15817 1 2707600 63119 2.7 151 57 4 34 55% 17453 215452 15898 14%
c - 364.59 173 93 57 256 15824 1 2723569 55789 2.5 147 58 4 34 53% 17453 215452 15898 14%
c - 366.72 176 100 57 257 15831 1 2739569 51625 2.4 144 59 4 34 52% 17454 215452 15898 14%
c u 367.23 179 101 57 257 15832 1 2740980 48586 2.4 144 59 4 34 52% 17518 215452 15898 14%
c v 367.43 181 101 57 257 15832 1 2740980 45408 2.4 144 59 4 34 52% 17518 215452 15898 14%
c w 367.77 182 101 57 257 15832 1 2740980 45268 2.4 144 59 4 34 52% 17518 215452 15898 14%
c x 368.04 187 101 57 257 15832 1 2740980 45232 2.4 144 59 4 34 52% 17528 215328 15897 14%
c t 368.06 187 101 57 257 15832 1 2740980 45231 2.4 144 59 4 34 52% 17494 215318 15897 14%
c
c seconds      switched      rate           size/glue   tier1     binary           remaining
c          MB    reductions     conflicts         size    tier2       irredundant
c            level     restarts        redundant      glue    trail           variables
c
c u 368.40 187 101 57 257 15832 1 2740980 42949 2.4 144 59 4 34 52% 17506 215318 15897 14%
c v 368.53 187 101 57 257 15832 1 2740980 41793 2.4 144 59 4 34 52% 17506 215318 15897 14%
c w 368.92 187 101 57 257 15832 1 2740980 41368 2.4 144 59 4 34 52% 17506 215318 15897 14%
c x 369.17 131 101 57 257 15832 1 2740980 41364 2.4 144 59 4 34 52% 17507 215281 15897 14%
c t 369.19 131 101 57 257 15832 1 2740980 41364 2.4 144 59 4 34 52% 17503 215281 15897 14%
c i 369.20 131 101 57 257 15832 1 2740980 41364 2.4 144 59 4 34 52% 17503 215281 15897 14%
c - 370.90 133 104 57 258 15839 1 2755600 42889 2.4 142 58 4 34 51% 17502 215281 15897 14%
c - 372.61 135 104 57 259 15841 1 2771662 42523 2.3 140 60 4 35 49% 17502 215281 15897 14%
c - 374.46 138 106 57 260 15847 1 2787756 42096 2.3 139 60 4 35 48% 17503 215281 15897 14%
c o 374.76 138 106 57 260 15848 1 2789339 43619 2.3 139 60 4 35 48% 17503 215281 15897 14%
c - 376.90 140 119 57 261 15855 1 2803882 43716 2.2 142 64 4 35 49% 17503 215281 15897 14%
c - 379.91 105 118 57 262 15861 1 2820038 42037 2.2 146 65 4 35 50% 17505 215281 15897 14%
c W 381.15 113 115 57 262 15864 1 2826522 48103 2.3 147 64 4 35 50% 17505 215281 15897 14%
c ] 382.24 115 112 58 262 15869 1 2832898 54187 2.4 148 63 4 35 51% 17505 215281 15897 14%
c { 382.24 115 154 58 262 15869 4 2832898 54187 2.6 57 22 3 18 43% 17505 215281 15897 14%
c - 382.61 117 154 58 263 15907 4 2836224 44508 2.6 58 22 3 18 43% 17505 215281 15897 14%
c - 383.75 124 157 58 264 15996 4 2852441 53355 2.6 56 22 3 18 44% 17513 215281 15897 14%
c - 385.15 126 158 58 265 16131 4 2868690 60283 2.6 55 21 3 18 45% 17515 215280 15897 14%
c - 386.62 127 160 58 266 16274 4 2884969 62804 2.5 54 21 3 18 45% 17519 215280 15897 14%
c - 388.45 134 163 58 267 16470 4 2901278 64028 2.5 56 22 3 18 46% 17519 215280 15897 14%
c
c seconds      switched      rate           size/glue  tier1     binary           remaining
c          MB    reductions     conflicts         size   tier2       irredundant
c            level     restarts        redundant     glue    trail           variables
c
c u 389.19 137 163 58 267 16503 4 2903658 61306 2.5 56 22 3 18 46% 17567 215280 15897 14%
c v 389.80 140 163 58 267 16503 4 2903658 55061 2.5 56 22 3 18 46% 17568 215280 15897 14%
c w 390.02 141 163 58 267 16503 4 2903658 54954 2.5 56 22 3 18 46% 17568 215280 15897 14%
c t 390.03 141 163 58 267 16503 4 2903658 54954 2.5 56 22 3 18 46% 17542 215280 15897 14%
c - 391.53 143 164 58 268 16647 4 2917620 55452 2.5 56 22 3 18 46% 17544 215280 15897 14%
c - 393.18 150 166 58 269 16811 4 2933990 59035 2.5 57 22 3 18 47% 17544 215280 15897 14%
c - 394.88 151 167 58 270 16985 4 2950392 61286 2.5 58 23 3 18 47% 17546 215280 15897 14%
c s 395.28 156 167 58 270 17023 4 2953356 64211 2.5 58 23 3 18 47% 17575 215074 15897 14%
c e 395.34 156 167 58 270 17023 4 2953356 64211 2.5 58 23 3 18 47% 17497 215729 15853 14%
c s 395.36 156 167 58 270 17023 4 2953356 64211 2.5 58 23 3 18 47% 17497 215522 15853 14%
c e 395.38 156 167 58 270 17023 4 2953356 64211 2.5 58 23 3 18 47% 17488 215601 15848 14%
c - 396.69 162 168 58 271 17152 4 2966823 60878 2.5 58 23 3 18 48% 17492 215601 15848 14%
c - 398.31 163 168 58 272 17299 4 2983286 62433 2.5 59 23 3 18 48% 17494 215601 15848 14%
c - 400.15 130 169 58 273 17474 4 2999778 63580 2.5 59 23 3 18 48% 17496 215601 15848 14%
c } 401.60 137 170 59 273 17621 4 3013528 77191 2.5 60 24 3 18 49% 17497 215601 15848 14%
c [ 401.60 137 112 59 273 17621 1 3013528 77191 2.4 148 63 4 35 51% 17497 215601 15848 14%
c I 401.60 137 112 59 273 17621 1 3013528 77191 2.4 148 63 4 35 51% 17497 215601 15848 14%
c - 401.89 137 115 59 274 17623 1 3016303 63615 2.4 147 63 4 35 51% 17497 215601 15848 14%
c o 403.19 141 119 59 274 17631 1 3029979 76446 2.3 145 63 4 35 50% 17497 215601 15848 14%
c - 403.55 142 122 59 275 17633 1 3032855 58192 2.3 145 63 4 35 50% 17497 215601 15848 14%
c
c seconds      switched      rate           size/glue   tier1     binary           remaining
c          MB    reductions     conflicts         size    tier2       irredundant
c            level     restarts        redundant      glue    trail           variables
c
c - 405.97 144 121 59 276 17638 1 3049439 51478 2.4 147 61 4 35 50% 17498 215601 15848 14%
c - 408.23 146 120 59 277 17648 1 3066054 49738 2.4 145 62 4 35 50% 17498 215601 15848 14%
c u 409.44 150 119 59 277 17650 1 3071534 50983 2.4 144 61 4 35 49% 17504 215601 15848 14%
c v 409.68 151 119 59 277 17650 1 3071534 48060 2.4 144 61 4 35 49% 17504 215601 15848 14%
c w 410.09 155 119 59 277 17650 1 3071534 48048 2.4 144 61 4 35 49% 17504 215601 15848 14%
c x 410.40 115 119 59 277 17650 1 3071534 48015 2.4 144 61 4 35 49% 17511 215517 15848 14%
c t 410.41 115 119 59 277 17650 1 3071534 48015 2.4 144 61 4 35 49% 17490 215517 15848 14%
c f 410.46 115 119 59 277 17650 1 3071534 48015 2.4 144 61 4 35 49% 17497 215429 15852 14%
c u 410.84 120 119 59 277 17650 1 3071534 46363 2.4 144 61 4 35 49% 17544 215429 15852 14%
c v 411.02 121 119 59 277 17650 1 3071534 45031 2.4 144 61 4 35 49% 17543 215429 15852 14%
c w 411.92 140 119 59 277 17650 1 3071534 44811 2.4 144 61 4 35 49% 17543 215429 15852 14%
c t 411.94 140 119 59 277 17650 1 3071534 44811 2.4 144 61 4 35 49% 17519 215429 15852 14%
c - 413.66 140 119 59 278 17651 1 3082697 40663 2.4 146 60 4 35 50% 17519 215429 15852 14%
c - 416.07 140 114 59 279 17654 1 3099373 40575 2.5 149 60 4 35 51% 17519 215429 15852 14%
c - 418.59 140 108 59 280 17664 1 3116077 39622 2.6 151 59 4 35 52% 17519 215429 15852 14%
c - 421.20 140 102 59 281 17670 1 3132812 40052 2.6 151 58 4 35 52% 17519 215429 15852 14%
c ] 422.59 156 104 60 281 17676 1 3143274 50262 2.6 150 57 4 35 52% 17519 215429 15852 14%
c { 422.59 156 170 60 281 17676 4 3143274 50262 2.5 60 24 3 18 49% 17519 215429 15852 14%
c - 423.43 156 170 60 282 17771 5 3149575 43846 2.5 62 24 3 18 49% 17520 215429 15852 14%
c - 425.29 173 172 60 283 17973 5 3166368 50556 2.5 63 25 3 18 49% 17521 215429 15852 14%
c
c seconds      switched      rate           size/glue  tier1     binary           remaining
c          MB    reductions     conflicts         size   tier2       irredundant
c            level     restarts        redundant     glue    trail           variables
c
c - 427.38 189 172 60 284 18181 5 3183190 55192 2.5 66 26 3 18 50% 17521 215429 15852 14%
c - 429.40 190 173 60 285 18374 5 3200042 57625 2.6 68 27 3 18 51% 17522 215429 15852 14%
c - 431.61 168 174 60 286 18616 5 3216923 58730 2.6 71 28 3 18 51% 17522 215429 15852 14%
c - 433.53 169 175 60 287 18789 5 3233835 60011 2.6 73 28 3 18 52% 17523 215429 15852 14%
c u 435.07 185 173 60 287 18889 5 3244639 66607 2.6 74 28 3 18 51% 17551 215429 15852 14%
c v 435.75 186 173 60 287 18889 5 3244639 57690 2.6 74 28 3 18 51% 17551 215429 15852 14%
c w 436.34 189 173 60 287 18889 5 3244639 57649 2.6 74 28 3 18 51% 17551 215429 15852 14%
c t 436.36 189 173 60 287 18889 5 3244639 57649 2.6 74 28 3 18 51% 17539 215429 15852 14%
c - 437.14 189 174 60 288 18968 5 3250776 50969 2.6 75 29 3 18 51% 17539 215429 15852 14%
c - 439.22 206 175 60 289 19154 5 3267746 54367 2.6 77 29 3 18 52% 17539 215429 15852 14%
c o 440.67 222 175 60 289 19275 5 3280675 67102 2.6 77 29 3 18 52% 17541 215428 15852 14%
c - 441.29 223 175 60 290 19333 5 3284746 57389 2.6 78 30 3 18 52% 17541 215428 15852 14%
c - 443.63 183 175 60 291 19548 5 3301775 58549 2.6 81 31 3 18 53% 17541 215428 15852 14%
c - 445.96 200 175 60 292 19747 5 3318834 59368 2.6 83 32 3 18 53% 17542 215428 15852 14%
c } 448.01 201 175 61 292 19920 5 3335526 75882 2.6 84 32 3 18 53% 17544 215428 15852 14%
c [ 448.01 201 104 61 292 19920 1 3335526 75882 2.6 150 57 4 35 52% 17544 215428 15852 14%
c B 448.01 201 104 61 292 19920 1 3335526 75882 2.6 150 57 4 35 52% 17544 215428 15852 14%
c - 448.09 201 104 61 293 19920 1 3335923 60608 2.6 150 57 4 35 53% 17544 215428 15852 14%
c - 450.54 201 98 61 294 19931 1 3353040 58370 2.7 146 54 4 35 52% 17544 215428 15852 14%
c - 453.37 202 97 61 295 19936 1 3370187 51447 2.7 146 54 4 35 53% 17544 215428 15852 14%
c
c seconds     switched      rate           size/glue   tier1     binary           remaining
c          MB   reductions     conflicts         size    tier2       irredundant
c           level     restarts        redundant      glue    trail           variables
c
c - 456.34 163 95 61 296 19947 1 3387363 48256 2.7 144 53 4 35 53% 17544 215428 15852 14%
c s 456.56 163 97 61 296 19948 1 3389151 50031 2.7 144 53 4 35 53% 17556 215340 15852 14%
c e 456.59 163 97 61 296 19948 1 3389151 50031 2.7 144 53 4 35 53% 17532 215572 15837 14%
c s 456.60 163 97 61 296 19948 1 3389151 50031 2.7 144 53 4 35 53% 17533 215518 15837 14%
c - 458.64 164 106 61 297 19950 1 3404570 47961 2.7 150 55 4 35 54% 17534 215518 15837 14%
c - 461.17 180 109 61 298 19954 1 3421803 45682 2.7 155 57 4 35 56% 17534 215518 15837 14%
c u 461.67 181 109 61 298 19955 1 3422993 42877 2.7 154 57 4 35 55% 17556 215518 15837 14%
c v 461.82 181 109 61 298 19955 1 3422993 40105 2.7 154 57 4 35 55% 17556 215518 15837 14%
c w 462.35 181 109 61 298 19955 1 3422993 39763 2.7 154 57 4 35 55% 17556 215518 15837 14%
c x 462.82 185 109 61 298 19955 1 3422993 39674 2.7 154 57 4 35 55% 17579 215323 15837 14%
c t 462.84 185 109 61 298 19955 1 3422993 39674 2.7 154 57 4 35 55% 17556 215323 15837 14%
c f 462.87 173 109 61 298 19955 1 3422993 39674 2.7 154 57 4 35 55% 17562 215247 15841 14%
c u 463.16 181 109 61 298 19955 1 3422993 39040 2.7 154 57 4 35 55% 17575 215247 15841 14%
c v 463.25 181 109 61 298 19955 1 3422993 38078 2.7 154 57 4 35 55% 17575 215247 15841 14%
c w 463.73 182 109 61 298 19955 1 3422993 36694 2.7 154 57 4 35 55% 17575 215247 15841 14%
c t 463.74 182 109 61 298 19955 1 3422993 36694 2.7 154 57 4 35 55% 17571 215247 15841 14%
c - 465.68 125 110 61 299 19964 1 3439066 38803 2.7 152 56 4 35 54% 17571 215247 15841 14%
c - 467.50 126 111 61 300 19970 1 3456360 43206 2.7 149 55 4 35 53% 17573 215247 15841 14%
c - 469.69 143 114 61 301 19979 1 3473681 45840 2.7 146 55 4 35 53% 17574 215247 15841 14%
c W 471.28 150 111 61 301 19981 1 3483714 55308 2.7 145 54 4 35 54% 17574 215247 15841 14%
c
c seconds      switched      rate           size/glue   tier1     binary           remaining
c          MB    reductions     conflicts         size    tier2       irredundant
c            level     restarts        redundant      glue    trail           variables
c
c - 472.23 151 110 61 302 19981 1 3491032 44089 2.7 146 55 4 35 55% 17574 215247 15841 14%
c ] 473.94 152 108 62 302 19982 1 3503470 56045 2.7 149 55 4 35 56% 17574 215247 15841 14%
c { 473.94 152 175 62 302 19982 5 3503470 56045 2.6 84 32 3 18 53% 17574 215247 15841 14%
c - 474.50 150 174 62 303 20025 5 3508410 43919 2.6 83 32 3 18 53% 17575 215247 15841 14%
c - 476.22 122 175 62 304 20139 4 3525816 49855 2.6 83 32 3 18 53% 17576 215247 15841 14%
c o 477.50 123 175 62 304 20204 4 3541520 65182 2.7 81 30 3 18 53% 17578 215247 15841 14%
c - 477.73 124 176 62 305 20222 4 3543251 55600 2.7 81 30 3 18 53% 17578 215247 15841 14%
c - 479.66 123 175 62 306 20359 4 3560717 58400 2.7 81 30 3 19 53% 17578 215247 15841 14%
c - 481.54 124 176 62 307 20510 4 3578209 59583 2.7 80 30 3 19 53% 17580 215247 15841 14%
c - 483.36 123 175 62 308 20645 4 3595730 61003 2.7 80 30 3 19 52% 17580 215247 15841 14%
c u 484.85 117 175 62 308 20723 4 3606617 67456 2.7 79 29 3 19 53% 17601 215247 15841 14%
c v 485.28 121 175 62 308 20723 4 3606617 64480 2.7 79 29 3 19 53% 17601 215247 15841 14%
c w 485.49 123 175 62 308 20723 4 3606617 64442 2.7 79 29 3 19 53% 17601 215247 15841 14%
c x 485.81 127 175 62 308 20723 4 3606617 64432 2.7 79 29 3 19 53% 17611 214991 15841 14%
c t 485.83 127 175 62 308 20723 4 3606617 64432 2.7 79 29 3 19 53% 17608 214991 15841 14%
c - 486.57 108 175 62 309 20779 4 3613281 55969 2.7 79 29 3 19 53% 17608 214991 15841 14%
c - 488.52 126 175 62 310 20944 4 3630861 58113 2.7 79 29 3 19 52% 17609 214991 15841 14%
c - 490.33 143 174 62 311 21089 4 3648467 59838 2.7 79 29 3 19 53% 17610 214991 15841 14%
c - 492.26 144 175 62 312 21262 4 3666102 61180 2.7 79 29 3 19 52% 17614 214991 15841 14%
c - 494.14 162 173 62 313 21412 4 3683767 62433 2.7 78 29 3 19 52% 17616 214991 15841 14%
c
c seconds      switched      rate           size/glue  tier1     binary           remaining
c          MB    reductions     conflicts         size   tier2       irredundant
c            level     restarts        redundant     glue    trail           variables
c
c - 495.99 179 174 62 314 21561 4 3701459 63713 2.7 77 29 3 19 52% 17619 214991 15841 14%
c } 496.61 179 173 63 314 21608 4 3707679 69826 2.7 77 29 3 19 52% 17619 214991 15841 14%
c [ 496.61 179 108 63 314 21608 1 3707679 69826 2.7 149 55 4 35 56% 17619 214991 15841 14%
c O 496.61 179 108 63 314 21608 1 3707679 69826 2.7 149 55 4 35 56% 17619 214991 15841 14%
c - 497.96 196 111 63 315 21614 1 3719179 62246 2.7 147 54 4 35 57% 17620 214991 15841 14%
c - 500.50 197 111 63 316 21622 1 3736928 56203 2.7 147 55 4 35 58% 17620 214991 15841 14%
c - 503.52 197 108 63 317 21631 1 3754704 49718 2.7 150 55 4 35 59% 17620 214991 15841 14%
c - 506.21 197 102 63 318 21637 1 3772508 47241 2.7 147 55 4 35 58% 17620 214991 15841 14%
c - 508.83 146 97 63 319 21639 1 3790342 48336 2.7 141 53 4 35 57% 17621 214991 15841 14%
c u 509.98 160 95 63 319 21643 1 3795530 48363 2.7 140 52 4 35 56% 17658 214991 15841 14%
c v 510.16 160 95 63 319 21643 1 3795530 45562 2.7 140 52 4 35 56% 17659 214991 15841 14%
c w 511.41 165 95 63 319 21643 1 3795530 44993 2.7 140 52 4 35 56% 17659 214991 15841 14%
c t 514.37 166 95 63 319 21643 1 3795530 44993 2.7 140 52 4 35 56% 17646 214991 15841 14%
c - 516.10 166 94 63 320 21650 1 3808202 43591 2.7 138 52 4 35 56% 17646 214991 15841 14%
c o 517.89 166 90 63 320 21656 1 3824630 59311 2.7 134 49 4 35 58% 17646 214991 15841 14%
c - 517.99 166 92 63 321 21656 1 3826090 47265 2.7 134 50 4 35 58% 17646 214991 15841 14%
c - 520.58 114 97 63 322 21667 1 3844007 46677 2.7 139 52 4 35 59% 17646 214991 15841 14%
c s 523.11 115 93 63 322 21669 1 3861330 62685 2.7 139 52 4 35 60% 17654 214889 15841 14%
c e 523.17 116 93 63 322 21669 1 3861330 62685 2.7 139 52 4 35 60% 17598 215295 15813 14%
c s 523.18 116 93 63 322 21669 1 3861330 62685 2.7 139 52 4 35 60% 17599 215189 15813 14%
c
c seconds     switched      rate           size/glue   tier1     binary           remaining
c          MB   reductions     conflicts         size    tier2       irredundant
c           level     restarts        redundant      glue    trail           variables
c
c ] 523.23 116 93 64 322 21669 1 3861544 61750 2.7 139 52 4 35 60% 17599 215189 15813 14%
c { 523.23 116 173 64 322 21669 4 3861544 61750 2.7 77 29 3 19 52% 17599 215189 15813 14%
c - 523.31 122 173 64 323 21676 4 3861951 42620 2.7 77 29 3 19 52% 17599 215189 15813 14%
c - 524.73 125 173 64 324 21757 4 3879924 50542 2.7 77 28 3 19 52% 17600 215189 15813 14%
c - 526.35 132 173 64 325 21862 4 3897924 59081 2.8 76 27 3 19 52% 17601 215189 15813 14%
c - 527.90 134 174 64 326 21954 4 3915952 62717 2.8 75 26 3 19 53% 17602 215189 15813 14%
c - 529.53 135 176 64 327 22100 4 3934007 64459 2.8 73 26 3 19 53% 17604 215189 15813 14%
c - 531.34 123 178 64 328 22272 4 3952091 65055 2.8 72 26 3 19 52% 17607 215189 15813 14%
c - 532.90 124 177 64 329 22396 4 3970203 66778 2.8 72 26 3 19 53% 17609 215189 15813 14%
c - 534.32 131 174 64 330 22504 4 3988342 69160 2.8 71 25 3 19 53% 17611 215189 15813 14%
c u 534.85 135 174 64 330 22517 4 3989771 65041 2.8 71 26 3 19 53% 17638 215189 15813 14%
c v 535.52 138 174 64 330 22517 4 3989771 57472 2.8 71 26 3 19 53% 17639 215189 15813 14%
c w 535.79 141 174 64 330 22517 4 3989771 57335 2.8 71 26 3 19 53% 17639 215189 15813 14%
c t 535.81 141 174 64 330 22517 4 3989771 57335 2.8 71 26 3 19 53% 17618 215189 15813 14%
c f 535.84 141 174 64 330 22517 4 3989771 57335 2.8 71 26 3 19 53% 17622 215112 15817 14%
c u 536.14 141 174 64 330 22517 4 3989771 56500 2.8 71 26 3 19 53% 17625 215112 15817 14%
c v 536.60 141 174 64 330 22517 4 3989771 52831 2.8 71 26 3 19 53% 17626 215112 15817 14%
c w 536.78 142 174 64 330 22517 4 3989771 52803 2.8 71 26 3 19 53% 17626 215112 15817 14%
c x 537.09 143 174 64 330 22517 4 3989771 52801 2.8 71 26 3 19 53% 17635 214956 15817 14%
c t 537.11 143 174 64 330 22517 4 3989771 52801 2.8 71 26 3 19 53% 17632 214956 15817 14%
c
c seconds      switched      rate           size/glue  tier1     binary           remaining
c          MB    reductions     conflicts         size   tier2       irredundant
c            level     restarts        redundant     glue    trail           variables
c
c - 538.64 149 172 64 331 22631 4 4006508 57410 2.9 72 25 3 19 53% 17633 214956 15817 14%
c - 540.57 150 174 64 332 22809 4 4024701 61064 2.8 72 25 3 19 53% 17634 214956 15817 14%
c - 542.34 131 174 64 333 22964 4 4042922 63006 2.8 72 25 3 19 53% 17635 214956 15817 14%
c - 544.15 139 176 64 334 23140 4 4061171 64858 2.8 71 26 3 19 53% 17636 214956 15817 14%
c } 546.04 147 176 65 334 23310 4 4078044 81493 2.8 72 26 3 19 53% 17637 214956 15817 14%
c [ 546.04 147 93 65 334 23310 1 4078044 81493 2.7 139 52 4 35 60% 17637 214956 15817 14%
c B 546.04 147 93 65 334 23310 1 4078044 81493 2.7 139 52 4 35 60% 17637 214956 15817 14%
c - 546.25 147 92 65 335 23311 1 4079446 65602 2.7 139 51 4 35 60% 17637 214956 15817 14%
c - 549.17 151 93 65 336 23322 1 4097749 59439 2.7 141 53 4 35 60% 17637 214956 15817 14%
c - 552.39 117 90 65 337 23329 1 4116079 49757 2.7 143 54 4 35 60% 17637 214956 15817 14%
c o 554.05 117 89 65 337 23334 1 4125207 58392 2.7 144 54 4 35 59% 17637 214956 15817 14%
c - 555.25 119 96 65 338 23338 1 4134436 47442 2.6 146 56 4 35 60% 17637 214956 15817 14%
c - 557.88 122 99 65 339 23340 1 4152822 49492 2.6 147 56 4 35 60% 17637 214956 15817 14%
c - 559.95 125 102 65 340 23347 1 4171233 50836 2.6 144 55 4 35 58% 17637 214956 15817 14%
c u 562.20 128 107 65 340 23355 1 4189362 64269 2.6 145 56 4 35 56% 17657 214956 15817 14%
c v 562.51 128 107 65 340 23355 1 4189362 59617 2.6 145 56 4 35 56% 17657 214956 15817 14%
c w 563.77 142 107 65 340 23355 1 4189362 59480 2.6 145 56 4 35 56% 17657 214956 15817 14%
c t 563.79 142 107 65 340 23355 1 4189362 59480 2.6 145 56 4 35 56% 17652 214956 15817 14%
c - 563.85 142 107 65 341 23355 1 4189672 44946 2.6 145 56 4 35 56% 17652 214956 15817 14%
c - 566.13 142 107 65 342 23365 1 4208139 44666 2.5 145 57 4 35 56% 17652 214956 15817 14%
c
c seconds      switched      rate           size/glue   tier1     binary           remaining
c          MB    reductions     conflicts         size    tier2       irredundant
c            level     restarts        redundant      glue    trail           variables
c
c - 568.42 142 105 65 343 23371 1 4226632 43351 2.5 145 58 4 35 56% 17652 214956 15817 14%
c ] 568.80 142 104 66 343 23371 1 4229928 46418 2.5 145 58 4 35 56% 17652 214956 15817 14%
c { 568.80 142 176 66 343 23371 4 4229928 46418 2.8 72 26 3 19 53% 17652 214956 15817 14%
c i 569.14 142 172 66 343 23374 4 4233631 50023 2.8 73 26 3 19 53% 17660 214956 15816 14%
c - 569.96 159 162 66 344 23374 4 4245153 51299 2.9 71 25 3 19 52% 17650 214956 15816 14%
c - 571.00 164 144 66 345 23376 3 4263700 63575 3.0 70 23 3 19 50% 17652 214956 15816 14%
c - 572.07 167 129 66 346 23384 3 4282274 68931 3.2 70 22 3 19 49% 17656 214956 15816 14%
c - 572.80 168 113 66 347 23386 3 4300875 70889 3.2 66 21 3 19 45% 17659 214956 15816 14%
c - 573.17 168 100 66 348 23386 2 4319502 71649 3.2 59 19 3 19 40% 17660 214956 15816 14%
c - 573.69 170 88 66 349 23386 2 4338156 73515 3.1 53 17 3 18 35% 17661 214956 15816 14%
c - 574.13 134 86 66 350 23389 2 4356838 76840 3.2 49 16 3 18 33% 17665 214956 15816 14%
c s 574.55 137 79 66 350 23404 2 4370762 90730 3.3 51 15 3 18 32% 17675 214874 15816 14%
c e 574.59 138 79 66 350 23404 2 4370762 90730 3.3 51 15 3 18 32% 17632 215045 15804 14%
c s 574.59 138 79 66 350 23404 2 4370762 90730 3.3 51 15 3 18 32% 17632 215014 15804 14%
c - 574.86 146 78 66 351 23425 2 4375548 77362 3.4 51 15 3 18 32% 17636 215014 15804 14%
c i 575.11 162 76 66 351 23427 2 4382563 84350 3.5 52 15 3 18 32% 17637 215014 15802 14%
c - 575.53 165 76 66 352 23447 2 4394282 79099 3.5 50 14 3 18 32% 17647 215014 15802 14%
c u 575.85 168 76 66 352 23447 2 4394330 73739 3.5 50 14 3 18 32% 17665 214986 15802 14%
c v 576.28 180 76 66 352 23447 2 4394330 73083 3.5 50 14 3 18 32% 17665 214986 15802 14%
c w 576.43 182 76 66 352 23447 2 4394330 73045 3.5 50 14 3 18 32% 17665 214986 15802 14%
c
c seconds     switched      rate           size/glue  tier1     binary           remaining
c          MB   reductions     conflicts         size   tier2       irredundant
c           level     restarts        redundant     glue    trail           variables
c
c t 576.45 182 76 66 352 23447 2 4394330 73045 3.5 50 14 3 18 32% 17645 214986 15802 14%
c f 576.47 182 76 66 352 23447 2 4394330 73045 3.5 50 14 3 18 32% 17650 214908 15806 14%
c u 576.80 182 76 66 352 23447 2 4394330 69234 3.5 50 14 3 18 32% 17700 214908 15805 14%
c v 577.22 206 76 66 352 23447 2 4394330 67870 3.5 50 14 3 18 32% 17700 214908 15805 14%
c w 577.37 206 76 66 352 23447 2 4394330 67811 3.5 50 14 3 18 32% 17700 214908 15805 14%
c t 577.38 206 76 66 352 23447 2 4394330 67808 3.5 50 14 3 18 32% 17685 214895 15805 14%
c i 577.40 206 76 66 352 23447 2 4394330 67808 3.5 50 14 3 18 32% 17685 214895 15805 14%
c i 577.62 208 75 66 352 23465 2 4399416 72844 3.5 50 14 3 18 32% 17690 214894 15804 14%
c - 578.15 225 73 66 353 23508 2 4413044 70672 3.6 49 14 3 18 31% 17695 214893 15804 14%
c o 578.53 225 70 66 353 23522 2 4422259 79863 3.7 50 14 3 18 31% 17697 214893 15804 14%
c - 578.73 226 71 66 354 23524 2 4431833 72451 3.6 47 13 3 18 30% 17700 214893 15804 14%
c - 579.15 226 72 66 355 23524 2 4450648 73481 3.5 43 12 3 18 27% 17701 214893 15804 14%
c } 579.37 230 70 67 355 23539 2 4459044 81595 3.4 41 12 3 18 26% 17705 214893 15804 14%
c [ 579.37 230 104 67 355 23539 1 4459044 81595 2.5 145 58 4 35 56% 17705 214893 15804 14%
c W 579.40 230 104 67 355 23539 1 4459044 81595 2.5 145 58 4 35 56% 17705 214880 15804 14%
c - 580.39 231 103 67 356 23545 1 4469489 71188 2.5 143 57 4 35 57% 17705 214880 15804 14%
c - 582.23 249 107 67 357 23553 1 4488359 63716 2.5 139 56 4 35 54% 17706 214880 15804 14%
c - 584.20 213 105 67 358 23563 1 4507255 57094 2.5 138 56 4 35 52% 17706 214880 15804 14%
c - 586.71 215 104 67 359 23569 1 4526176 53227 2.3 134 57 4 36 51% 17706 214880 15804 14%
c ] 588.08 215 102 68 359 23569 1 4536149 62368 2.3 133 58 4 36 50% 17706 214880 15804 14%
c
c seconds     switched      rate           size/glue  tier1     binary           remaining
c          MB   reductions     conflicts         size   tier2       irredundant
c           level     restarts        redundant     glue    trail           variables
c
c { 588.08 215 70 68 359 23569 2 4536149 62368 3.4 41 12 3 18 26% 17706 214880 15804 14%
c - 589.26 224 80 68 360 23730 2 4545125 54534 3.3 43 13 3 18 29% 17706 214880 15804 14%
c - 591.85 230 96 68 361 24079 3 4564099 63212 3.0 48 16 3 18 33% 17708 214880 15804 14%
c - 594.25 174 109 68 362 24378 3 4583100 69610 2.8 51 18 3 18 36% 17709 214880 15804 14%
c - 596.90 180 121 68 363 24702 4 4602128 73367 2.7 54 20 3 18 38% 17711 214880 15804 14%
c u 597.61 181 123 68 363 24744 4 4604699 70420 2.7 54 20 3 18 38% 17719 214880 15804 14%
c v 598.01 182 123 68 363 24744 4 4604699 66731 2.7 54 20 3 18 38% 17720 214880 15804 14%
c w 598.20 183 123 68 363 24744 4 4604699 66714 2.7 54 20 3 18 38% 17720 214880 15804 14%
c x 598.53 187 123 68 363 24744 4 4604699 66699 2.7 54 20 3 18 38% 17834 214582 15804 14%
c t 598.55 187 123 68 363 24744 4 4604699 66699 2.7 54 20 3 18 38% 17811 214582 15804 14%
c - 600.95 192 131 68 364 25020 4 4621180 67135 2.6 57 22 3 18 40% 17812 214582 15804 14%
c - 603.51 200 138 68 365 25310 4 4640259 69765 2.6 60 23 3 18 42% 17816 214582 15804 14%
c - 605.88 140 143 68 366 25558 4 4659363 72134 2.5 61 24 3 18 44% 17817 214582 15804 14%
c - 608.08 148 147 68 367 25782 4 4678496 74345 2.5 63 25 3 18 45% 17819 214582 15804 14%
c - 610.19 154 150 68 368 25979 4 4697654 76033 2.5 63 25 3 18 46% 17820 214582 15804 14%
c - 612.17 157 151 68 369 26166 4 4716838 77673 2.5 63 25 3 18 47% 17821 214582 15804 14%
c o 612.92 163 151 68 369 26243 4 4722558 83305 2.5 64 25 3 18 47% 17821 214582 15804 14%
c - 614.24 165 153 68 370 26356 4 4736051 79294 2.5 64 25 3 18 48% 17823 214582 15804 14%
c - 616.07 128 152 68 371 26497 4 4755286 80897 2.6 64 25 3 18 48% 17825 214582 15804 14%
c - 618.13 136 153 68 372 26697 4 4774547 81969 2.6 65 25 3 18 49% 17826 214582 15804 14%
c
c seconds      switched      rate           size/glue  tier1     binary           remaining
c          MB    reductions     conflicts         size   tier2       irredundant
c            level     restarts        redundant     glue    trail           variables
c
c } 618.54 136 154 69 372 26737 4 4778210 85574 2.6 65 25 3 18 49% 17826 214582 15804 14%
c [ 618.55 136 102 69 372 26737 1 4778210 85574 2.3 133 58 4 36 50% 17826 214582 15804 14%
c I 618.55 136 102 69 372 26737 1 4778210 85574 2.3 133 58 4 36 50% 17826 214582 15804 14%
c - 620.44 137 106 69 373 26746 1 4793834 79302 2.3 132 57 4 36 52% 17826 214582 15804 14%
c - 623.39 141 106 69 374 26754 1 4813150 70281 2.3 132 57 4 36 53% 17826 214582 15804 14%
c u 625.05 143 106 69 374 26758 1 4820488 66303 2.4 134 57 4 36 53% 17882 214582 15804 14%
c v 625.47 144 106 69 374 26758 1 4820488 59434 2.4 134 57 4 36 53% 17884 214582 15804 14%
c w 626.29 153 106 69 374 26758 1 4820488 59293 2.4 134 57 4 36 53% 17884 214582 15804 14%
c t 626.30 121 106 69 374 26758 1 4820488 59293 2.4 134 57 4 36 53% 17861 214582 15803 14%
c u 626.72 123 106 69 374 26758 1 4820488 58053 2.4 134 57 4 36 53% 17880 214563 15803 14%
c v 627.01 123 106 69 374 26758 1 4820488 55809 2.4 134 57 4 36 53% 17880 214563 15803 14%
c w 627.68 131 106 69 374 26758 1 4820488 55757 2.4 134 57 4 36 53% 17880 214563 15803 14%
c x 628.08 136 106 69 374 26758 1 4820488 55718 2.4 134 57 4 36 53% 17886 214438 15803 14%
c t 628.10 136 106 69 374 26758 1 4820488 55718 2.4 134 57 4 36 53% 17878 214438 15803 14%
c - 629.73 139 106 69 375 26765 1 4832492 48664 2.4 135 56 4 35 54% 17876 214438 15803 14%
c - 632.48 141 108 69 376 26767 1 4851857 49167 2.4 142 58 4 36 56% 17876 214438 15803 14%
c - 635.39 142 109 69 377 26774 1 4871247 49334 2.5 147 59 4 36 57% 17876 214438 15803 14%
c - 638.35 113 106 69 378 26782 1 4890664 50268 2.6 149 58 4 36 57% 17876 214438 15803 14%
c - 641.67 115 101 69 379 26793 1 4910107 49058 2.6 152 58 4 36 57% 17876 214438 15803 14%
c s 643.06 115 99 69 379 26797 1 4918353 56801 2.7 153 57 4 36 57% 17901 214309 15803 14%
c
c seconds     switched      rate           size/glue   tier1     binary           remaining
c          MB   reductions     conflicts         size    tier2       irredundant
c           level     restarts        redundant      glue    trail           variables
c
c e 643.10 117 99 69 379 26797 1 4918353 56801 2.7 153 57 4 36 57% 17826 214763 15771 14%
c s 643.12 117 99 69 379 26797 1 4918353 56801 2.7 153 57 4 36 57% 17827 214642 15771 14%
c - 644.94 117 98 69 380 26798 1 4929575 47755 2.6 152 58 4 36 57% 17827 214642 15771 14%
c - 647.97 119 98 69 381 26799 1 4949070 46564 2.6 153 60 4 36 56% 17827 214642 15771 14%
c B 650.27 120 98 69 381 26799 1 4963544 60338 2.6 154 60 4 36 57% 17827 214642 15771 14%
c ] 650.44 120 101 70 381 26799 1 4964939 61717 2.5 154 61 4 36 56% 17827 214642 15771 14%
c { 650.44 120 154 70 381 26799 4 4964939 61717 2.6 65 25 3 18 49% 17827 214642 15771 14%
c - 650.61 96 154 70 382 26808 4 4968590 47865 2.6 64 25 3 18 48% 17830 214642 15771 14%
c - 651.45 101 146 70 383 26819 4 4988134 59437 2.5 58 23 3 18 44% 17841 214641 15771 14%
c i 652.30 104 136 70 383 26824 3 5007085 77668 2.5 54 22 3 18 40% 17848 214641 15769 14%
c - 652.34 104 137 70 384 26824 3 5007706 69679 2.5 53 22 3 18 40% 17836 214641 15769 14%
c - 653.04 105 133 70 385 26828 3 5027305 74171 2.4 48 20 3 18 36% 17843 214641 15769 14%
c o 653.27 105 132 70 385 26829 3 5033690 79923 2.4 47 20 3 18 35% 17843 214641 15769 14%
c u 654.13 111 129 70 385 26832 3 5041701 81768 2.4 45 19 3 18 34% 17875 214629 15769 14%
c v 654.97 113 129 70 385 26832 3 5041701 80786 2.4 45 19 3 18 34% 17875 214629 15769 14%
c w 655.23 114 129 70 385 26832 3 5041701 80524 2.4 45 19 3 18 34% 17875 214629 15769 14%
c t 655.25 114 129 70 385 26832 3 5041701 80524 2.4 45 19 3 18 34% 17847 214629 15769 14%
c f 655.28 114 129 70 385 26832 3 5041701 80524 2.4 45 19 3 18 34% 17848 214606 15770 14%
c u 655.65 114 129 70 385 26832 3 5041701 79637 2.4 45 19 3 18 34% 17855 214606 15770 14%
c v 656.53 116 129 70 385 26832 3 5041701 77220 2.4 45 19 3 18 34% 17855 214606 15770 14%
c
c seconds      switched      rate           size/glue  tier1     binary           remaining
c          MB    reductions     conflicts         size   tier2       irredundant
c            level     restarts        redundant     glue    trail           variables
c
c w 656.78 117 129 70 385 26832 3 5041701 77131 2.4 45 19 3 18 34% 17855 214606 15770 14%
c t 656.80 117 129 70 385 26832 3 5041701 77131 2.4 45 19 3 18 34% 17854 214606 15770 14%
c - 657.09 119 128 70 386 26842 3 5046926 66595 2.4 45 19 3 18 33% 17856 214606 15770 14%
c - 658.04 124 128 70 387 26880 3 5066573 69928 2.4 42 18 3 18 32% 17865 214606 15770 14%
c - 659.06 125 127 70 388 26930 3 5086246 72934 2.4 40 17 3 18 33% 17873 214606 15770 14%
c i 659.37 129 128 70 388 26943 3 5092632 79023 2.4 40 16 3 18 33% 17882 214606 15769 14%
c - 660.00 131 130 70 389 26973 3 5105943 75582 2.4 38 16 3 18 32% 17878 214605 15769 14%
c i 660.75 133 131 70 389 27031 3 5120243 89155 2.4 37 15 3 18 32% 17892 214605 15767 14%
c i 661.05 133 131 70 389 27055 3 5125540 94076 2.4 36 15 3 18 32% 17900 214605 15766 14%
c - 661.07 133 131 70 390 27055 3 5125666 77794 2.4 36 15 3 18 32% 17878 214605 15766 14%
c - 662.01 140 129 70 391 27119 3 5145414 80449 2.3 34 15 3 18 32% 17884 214605 15766 14%
c i 662.73 141 125 70 391 27153 3 5161164 95132 2.3 32 14 3 18 31% 17896 214604 15765 14%
c - 662.97 141 126 70 392 27175 3 5165188 82981 2.3 32 14 3 18 31% 17890 214604 15765 14%
c i 663.47 146 127 70 392 27226 3 5173563 90992 2.3 32 14 3 18 31% 17895 214604 15764 14%
c i 663.56 147 128 70 392 27237 3 5175254 92615 2.3 31 14 3 18 31% 17899 214604 15763 14%
c - 663.97 148 124 70 393 27257 3 5184988 85577 2.3 30 13 3 18 30% 17888 214603 15763 14%
c i 664.77 149 121 70 393 27317 3 5202321 101776 2.2 29 13 3 18 29% 17898 214601 15762 14%
c - 664.95 149 122 70 394 27336 3 5204813 87279 2.2 29 13 3 18 29% 17892 214601 15762 14%
c i 665.28 155 123 70 394 27366 3 5211176 93299 2.2 28 13 3 18 29% 17899 214601 15760 14%
c i 665.35 155 124 70 394 27377 3 5212725 94714 2.2 28 13 3 18 28% 17902 214601 15759 14%
c
c seconds      switched      rate            size/glue  tier1     binary           remaining
c          MB    reductions     conflicts          size   tier2       irredundant
c            level     restarts        redundant      glue    trail           variables
c
c i 665.60 156 123 70 394 27398 3 5218600 100186 2.2 28 13 3 18 28% 17904 214601 15758 14%
c } 665.71 156 123 71 394 27407 3 5220267 101800 2.2 28 13 3 18 28% 17904 214601 15758 14%
c [ 665.71 156 101 71 394 27407 1 5220267 101800 2.5 154 61 4 36 56% 17904 214601 15758 14%
c W 665.78 170 101 71 394 27407 1 5220267 101800 2.5 154 61 4 36 56% 17878 214491 15758 14%
c - 666.36 172 103 71 395 27410 1 5224664 87214 2.5 155 61 4 36 57% 17878 214491 15758 14%
c - 669.01 174 104 71 396 27420 1 5244538 81092 2.5 151 59 4 36 55% 17878 214491 15758 14%
c - 671.99 145 103 71 397 27428 1 5264439 72957 2.7 154 58 4 36 55% 17878 214491 15758 14%
c u 672.88 148 101 71 397 27431 1 5268403 71994 2.7 157 57 4 36 55% 17897 214482 15758 14%
c v 673.19 149 101 71 397 27431 1 5268403 66770 2.7 157 57 4 36 55% 17903 214482 15758 14%
c w 673.43 157 101 71 397 27431 1 5268403 66767 2.7 157 57 4 36 55% 17903 214482 15758 14%
c x 673.72 160 101 71 397 27431 1 5268403 66736 2.7 157 57 4 36 55% 17906 214417 15758 14%
c t 673.74 160 101 71 397 27431 1 5268403 66736 2.7 157 57 4 36 55% 17890 214417 15758 14%
c - 676.18 161 104 71 398 27436 1 5284363 62294 2.7 159 59 4 36 55% 17890 214417 15758 14%
c - 679.39 161 105 71 399 27439 1 5304312 62624 2.6 158 61 4 36 54% 17890 214417 15758 14%
c ] 682.10 163 98 72 399 27450 1 5322476 79773 2.7 156 58 4 36 54% 17890 214417 15758 14%
c { 682.10 163 123 72 399 27450 3 5322476 79773 2.2 28 13 3 18 28% 17890 214417 15758 14%
c - 682.33 125 124 72 400 27481 3 5324287 65349 2.2 28 13 3 18 28% 17890 214417 15758 14%
c - 684.91 133 133 72 401 27831 4 5344287 73914 2.2 35 15 3 18 32% 17895 214417 15758 14%
c o 686.22 134 138 72 401 27996 4 5353763 83237 2.2 38 17 3 18 33% 17898 214417 15758 14%
c - 687.58 136 141 72 402 28161 4 5364313 80889 2.3 40 18 3 18 35% 17906 214417 15758 14%
c
c seconds      switched      rate           size/glue  tier1     binary           remaining
c          MB    reductions     conflicts         size   tier2       irredundant
c            level     restarts        redundant     glue    trail           variables
c
c - 690.17 143 147 72 403 28473 4 5384363 84381 2.3 44 19 3 18 37% 17908 214417 15758 14%
c - 692.68 117 151 72 404 28749 5 5404438 87233 2.3 48 21 3 18 39% 17910 214417 15758 14%
c - 695.01 124 154 72 405 28995 5 5424538 89500 2.3 50 22 3 18 40% 17913 214417 15758 14%
c - 697.05 132 155 72 406 29196 5 5444663 91758 2.4 53 22 3 18 41% 17914 214417 15758 14%
c - 699.70 140 159 72 407 29464 5 5464812 92840 2.4 56 23 3 18 43% 17916 214417 15758 14%
c - 702.09 148 159 72 408 29698 5 5484987 93653 2.4 58 24 3 18 43% 17918 214417 15758 14%
c u 704.70 158 161 72 408 29878 5 5500572 95092 2.5 60 24 3 18 44% 17955 214417 15757 14%
c v 705.54 162 161 72 408 29878 5 5500572 88203 2.5 60 24 3 18 44% 17956 214417 15757 14%
c w 705.97 166 161 72 408 29878 5 5500572 88194 2.5 60 24 3 18 44% 17956 214417 15757 14%
c t 705.99 166 161 72 408 29878 5 5500572 88184 2.5 60 24 3 18 44% 17940 214406 15756 14%
c u 706.58 181 161 72 408 29878 5 5500572 84178 2.5 60 24 3 18 44% 17968 214396 15755 14%
c v 707.44 183 161 72 408 29878 5 5500572 74750 2.5 60 24 3 18 44% 17968 214396 15755 14%
c w 708.02 185 161 72 408 29878 5 5500572 74699 2.5 60 24 3 18 44% 17968 214396 15755 14%
c = 711.57 185 161 72 408 29878 5 5500572 74699 2.5 60 24 3 18 44% 17968 214379 15754 14%
c t 711.59 185 161 72 408 29878 5 5500572 74698 2.5 60 24 3 18 44% 17959 214377 15754 14%
c i 711.60 185 161 72 408 29878 5 5500572 74698 2.5 60 24 3 18 44% 17959 214377 15754 14%
c s 712.13 190 162 72 408 29931 5 5504918 78991 2.5 60 24 3 18 45% 17962 214305 15754 14%
c e 712.16 190 162 72 408 29931 5 5504918 78991 2.5 60 24 3 18 45% 17879 214689 15728 14%
c s 712.17 190 162 72 408 29931 5 5504918 78991 2.5 60 24 3 18 45% 17879 214587 15728 14%
c e 712.19 190 162 72 408 29931 5 5504918 78991 2.5 60 24 3 18 45% 17876 214635 15725 14%
c
c seconds      switched      rate           size/glue  tier1     binary           remaining
c          MB    reductions     conflicts         size   tier2       irredundant
c            level     restarts        redundant     glue    trail           variables
c
c - 712.25 190 162 72 409 29935 5 5505186 64287 2.5 60 24 3 18 45% 17871 214635 15725 14%
c - 714.49 151 165 72 410 30170 5 5525413 70078 2.5 62 25 3 18 46% 17875 214635 15725 14%
c - 716.75 159 167 72 411 30397 5 5545661 75367 2.5 63 25 3 18 46% 17883 214635 15725 14%
c - 719.10 160 168 72 412 30617 5 5565936 77956 2.5 65 26 3 18 47% 17883 214635 15725 14%
c - 721.13 160 168 72 413 30772 5 5586233 80295 2.6 66 26 3 18 48% 17883 214635 15725 14%
c } 721.66 157 168 73 413 30813 5 5591392 85386 2.6 67 26 3 18 48% 17883 214635 15725 14%
c [ 721.66 157 98 73 413 30813 1 5591392 85386 2.7 156 58 4 36 54% 17883 214635 15725 14%
c O 721.66 157 98 73 413 30813 1 5591392 85386 2.7 156 58 4 36 54% 17883 214635 15725 14%
c - 724.12 159 93 73 414 30822 1 5606555 75861 2.8 156 56 4 36 55% 17883 214635 15725 14%
c - 727.78 113 89 73 415 30830 1 5626901 65067 2.9 157 55 4 36 56% 17883 214635 15725 14%
c - 731.57 106 89 73 416 30841 1 5647273 58566 2.8 158 56 4 36 56% 17883 214635 15725 14%
c - 735.18 107 92 73 417 30843 1 5667669 57295 2.7 159 58 4 36 57% 17883 214635 15725 14%
c - 738.49 109 92 73 418 30853 1 5688089 56134 2.6 156 59 4 36 57% 17883 214635 15725 14%
c o 739.03 109 92 73 418 30856 1 5691866 59631 2.6 155 59 4 36 56% 17883 214635 15725 14%
c - 741.07 112 115 73 419 30861 1 5708534 56739 2.4 158 67 4 36 56% 17883 214635 15725 14%
c - 744.03 107 119 73 420 30872 1 5729003 57077 2.4 159 67 4 36 57% 17883 214635 15725 14%
c u 745.86 110 115 73 420 30873 1 5738247 61021 2.4 159 66 4 36 58% 17906 214635 15724 14%
c v 746.05 110 115 73 420 30873 1 5738247 58447 2.4 159 66 4 36 58% 17906 214635 15724 14%
c w 748.05 115 115 73 420 30873 1 5738247 57652 2.4 159 66 4 36 58% 17906 214635 15724 14%
c t 748.07 115 115 73 420 30873 1 5738247 57652 2.4 159 66 4 36 58% 17896 214623 15724 14%
c
c seconds     switched      rate           size/glue   tier1     binary           remaining
c         MB    reductions     conflicts         size    tier2       irredundant
c           level     restarts        redundant      glue    trail           variables
c
c f 748.09 98 115 73 420 30873 1 5738247 57652 2.4 159 66 4 36 58% 17900 214543 15728 14%
c u 748.54 107 115 73 420 30873 1 5738247 57035 2.4 159 66 4 36 58% 17910 214543 15728 14%
c v 748.67 107 115 73 420 30873 1 5738247 55765 2.4 159 66 4 36 58% 17910 214543 15728 14%
c w 749.91 110 115 73 420 30873 1 5738247 55638 2.4 159 66 4 36 58% 17910 214543 15728 14%
c x 750.43 109 115 73 420 30873 1 5738247 55548 2.4 159 66 4 36 58% 17935 214342 15727 14%
c t 750.44 109 115 73 420 30873 1 5738247 55548 2.4 159 66 4 36 58% 17921 214338 15727 14%
c i 750.47 109 115 73 420 30873 1 5738247 55548 2.4 159 66 4 36 58% 17921 214338 15727 14%
c - 752.29 111 111 73 421 30874 1 5749498 48957 2.5 159 64 3 36 58% 17902 214338 15727 14%
c - 755.63 113 106 73 422 30875 1 5770016 49234 2.5 160 64 3 36 59% 17902 214338 15727 14%
c ] 758.50 114 101 74 422 30875 1 5786882 65172 2.6 162 62 3 36 59% 17902 214338 15727 14%
c { 758.50 114 168 74 422 30875 5 5786882 65172 2.6 67 26 3 18 48% 17902 214338 15727 14%
c - 758.84 112 168 74 423 30904 5 5790560 50568 2.6 67 26 3 18 48% 17905 214338 15727 14%
c - 760.53 117 167 74 424 31050 4 5811126 61422 2.6 66 25 3 18 47% 17907 214338 15727 14%
c - 762.24 116 168 74 425 31182 4 5831718 70502 2.6 65 25 3 18 48% 17909 214338 15727 14%
c - 763.88 119 168 74 426 31308 4 5852333 73679 2.6 64 24 3 18 48% 17909 214338 15727 14%
c - 765.97 119 170 74 427 31503 4 5872973 75173 2.6 64 24 3 18 47% 17911 214338 15727 14%
c - 767.63 118 171 74 428 31623 4 5893636 76912 2.6 63 24 3 18 47% 17912 214338 15727 14%
c - 769.63 119 171 74 429 31822 4 5914326 78796 2.6 62 24 3 18 47% 17917 214338 15727 14%
c - 771.62 101 171 74 430 32015 4 5935039 79643 2.6 62 24 3 18 47% 17917 214338 15727 14%
c - 773.86 101 169 74 431 32225 4 5955776 80659 2.6 62 24 3 18 47% 17920 214338 15727 14%
c
c seconds      switched      rate           size/glue  tier1     binary           remaining
c          MB    reductions     conflicts         size   tier2       irredundant
c            level     restarts        redundant     glue    trail           variables
c
c - 776.23 101 169 74 432 32439 4 5976536 81670 2.6 63 24 3 18 47% 17921 214338 15727 14%
c u 777.27 99 168 74 432 32479 4 5981448 79900 2.6 63 24 3 18 47% 17958 214338 15727 14%
c v 778.17 95 168 74 432 32479 4 5981448 70505 2.6 63 24 3 18 47% 17960 214338 15727 14%
c w 778.50 99 168 74 432 32479 4 5981448 70468 2.6 63 24 3 18 47% 17960 214338 15727 14%
c t 778.52 99 168 74 432 32479 4 5981448 70468 2.6 63 24 3 18 47% 17936 214338 15727 14%
c - 780.28 100 170 74 433 32657 4 5997324 69855 2.6 63 25 3 18 47% 17937 214338 15727 14%
c - 782.35 100 168 74 434 32840 4 6018134 74567 2.6 63 25 3 18 46% 17943 214338 15727 14%
c o 783.55 99 166 74 434 32941 4 6031899 88071 2.6 63 24 3 18 45% 17945 214338 15727 14%
c - 784.19 100 165 74 435 32988 4 6038966 78109 2.6 63 24 3 18 45% 17947 214338 15727 14%
c - 786.71 101 167 74 436 33216 4 6059823 79314 2.6 63 25 3 18 45% 17947 214338 15727 14%
c } 787.76 100 168 75 436 33315 4 6069709 89097 2.6 64 25 3 18 46% 17949 214338 15727 14%
c [ 787.76 100 101 75 436 33315 1 6069709 89097 2.6 162 62 3 36 59% 17949 214338 15727 14%
c B 787.76 100 101 75 436 33315 1 6069709 89097 2.6 162 62 3 36 59% 17949 214338 15727 14%
c - 789.40 100 98 75 437 33321 1 6080703 75137 2.7 162 61 3 36 59% 17949 214338 15727 14%
c - 792.78 94 91 75 438 33329 1 6101608 65199 2.8 163 58 4 36 60% 17949 214338 15727 14%
c - 796.25 96 87 75 439 33342 1 6122539 57814 2.9 162 57 4 36 61% 17949 214338 15727 14%
c s 797.63 97 85 75 439 33344 1 6131327 66046 2.9 162 56 4 36 61% 17956 214251 15727 14%
c e 797.67 86 85 75 439 33344 1 6131327 66046 2.9 162 56 4 36 61% 17919 214495 15707 14%
c s 797.68 86 85 75 439 33344 1 6131327 66046 2.9 162 56 4 36 61% 17919 214405 15707 14%
c - 799.85 100 83 75 440 33345 1 6143491 57707 2.9 161 55 3 36 61% 17919 214405 15707 14%
c
c seconds     switched      rate           size/glue   tier1     binary           remaining
c          MB   reductions     conflicts         size    tier2       irredundant
c           level     restarts        redundant      glue    trail           variables
c
c - 803.19 103 83 75 441 33353 1 6164468 58831 2.9 157 53 3 36 60% 17919 214405 15707 14%
c - 806.00 105 86 75 442 33361 1 6185470 58977 2.9 157 53 3 36 60% 17919 214405 15707 14%
c - 809.16 109 85 75 443 33374 1 6206496 57714 3.1 162 53 3 35 60% 17919 214405 15707 14%
c - 812.79 111 81 75 444 33376 1 6227545 57298 3.3 168 51 3 35 61% 17919 214405 15707 14%
c u 813.69 116 81 75 444 33376 1 6230207 55071 3.3 169 51 3 35 61% 17941 214405 15707 14%
c v 813.85 117 81 75 444 33376 1 6230207 53337 3.3 169 51 3 35 61% 17941 214405 15707 14%
c w 815.02 123 81 75 444 33376 1 6230207 53241 3.3 169 51 3 35 61% 17941 214405 15707 14%
c x 815.51 130 81 75 444 33376 1 6230207 53229 3.3 169 51 3 35 61% 17953 214150 15707 14%
c t 815.52 130 81 75 444 33376 1 6230207 53229 3.3 169 51 3 35 61% 17941 214150 15707 14%
c f 815.55 130 81 75 444 33376 1 6230207 53229 3.3 169 51 3 35 61% 17944 214110 15709 14%
c u 815.94 134 81 75 444 33376 1 6230207 52695 3.3 169 51 3 35 61% 17958 214110 15709 14%
c v 816.07 134 81 75 444 33376 1 6230207 51533 3.3 169 51 3 35 61% 17958 214110 15709 14%
c w 818.14 138 81 75 444 33376 1 6230207 50946 3.3 169 51 3 35 61% 17958 214110 15709 14%
c t 818.15 138 81 75 444 33376 1 6230207 50946 3.3 169 51 3 35 61% 17951 214110 15709 14%
c ] 820.99 139 79 76 444 33377 1 6247839 67209 3.3 170 51 3 35 61% 17951 214110 15709 14%
c { 820.99 139 168 76 444 33377 4 6247839 67209 2.6 64 25 3 18 46% 17951 214110 15709 14%
c - 821.12 145 168 76 445 33387 4 6248616 47467 2.6 64 25 3 18 46% 17951 214110 15709 14%
c - 823.51 155 171 76 446 33653 4 6269711 56131 2.5 66 26 3 18 47% 17951 214110 15709 14%
c - 825.79 157 174 76 447 33892 5 6290831 65917 2.6 68 27 3 18 48% 17951 214110 15709 14%
c - 828.26 165 176 76 448 34125 5 6311975 70372 2.5 70 28 3 18 48% 17957 214110 15709 14%
c
c seconds      switched      rate           size/glue  tier1     binary           remaining
c          MB    reductions     conflicts         size   tier2       irredundant
c            level     restarts        redundant     glue    trail           variables
c
c - 830.77 173 180 76 449 34370 5 6333141 72727 2.5 71 28 3 18 48% 17959 214110 15709 14%
c - 833.15 181 180 76 450 34579 5 6354331 74696 2.5 72 29 3 18 48% 17963 214110 15709 14%
c - 835.69 190 180 76 451 34799 5 6375545 76545 2.5 73 29 3 18 48% 17965 214110 15709 14%
c o 836.37 195 180 76 451 34846 5 6382269 83137 2.5 73 29 3 18 49% 17966 214110 15709 14%
c - 838.10 198 180 76 452 34981 5 6396782 78020 2.6 75 29 3 18 49% 17968 214110 15709 14%
c - 840.66 206 180 76 453 35209 5 6418043 79311 2.6 76 30 3 18 49% 17970 214110 15709 14%
c - 843.14 214 178 76 454 35406 4 6439326 80899 2.6 77 30 3 18 49% 17971 214110 15709 14%
c - 845.60 238 176 76 455 35603 4 6460635 82360 2.6 77 30 3 18 49% 17972 214110 15709 14%
c - 848.40 226 177 76 456 35854 4 6481968 82737 2.6 79 30 3 18 50% 17972 214110 15709 14%
c u 849.20 231 177 76 456 35879 4 6484508 77823 2.6 79 31 3 18 50% 17989 214110 15709 14%
c v 850.00 232 177 76 456 35879 4 6484508 66367 2.6 79 31 3 18 50% 17990 214110 15709 14%
c w 850.76 234 177 76 456 35879 4 6484508 66218 2.6 79 31 3 18 50% 17990 214110 15709 14%
c t 850.78 234 177 76 456 35879 4 6484508 66218 2.6 79 31 3 18 50% 17974 214110 15709 14%
c - 853.15 241 177 76 457 36082 4 6503323 68255 2.6 80 31 3 18 50% 17975 214110 15709 14%
c - 855.79 249 177 76 458 36295 4 6524703 72768 2.6 80 31 3 18 50% 17976 214110 15709 14%
c } 858.18 257 178 77 458 36462 4 6544891 92701 2.6 81 31 3 18 50% 17976 214110 15709 14%
c [ 858.18 257 79 77 458 36462 1 6544891 92701 3.3 170 51 3 35 61% 17976 214110 15709 14%
c W 858.32 202 79 77 458 36462 1 6544891 92701 3.3 170 51 3 35 61% 17976 214110 15709 14%
c - 858.53 204 79 77 459 36463 1 6546104 75316 3.3 170 51 3 35 61% 17976 214110 15709 14%
c - 861.34 207 77 77 460 36475 1 6567530 69635 3.3 166 51 3 35 59% 17976 214110 15709 14%
c
c seconds     switched      rate           size/glue   tier1     binary           remaining
c          MB   reductions     conflicts         size    tier2       irredundant
c           level     restarts        redundant      glue    trail           variables
c
c - 864.25 209 79 77 461 36483 1 6588977 61361 3.2 163 51 3 35 59% 17976 214110 15709 14%
c - 867.68 212 77 77 462 36491 1 6610447 60056 3.2 160 50 3 35 60% 17976 214110 15709 14%
c - 871.14 151 80 77 463 36496 1 6631941 57638 3.1 161 52 3 35 61% 17976 214110 15709 14%
c - 874.64 155 84 77 464 36507 1 6653464 56329 3.0 159 54 3 35 60% 17976 214110 15709 14%
c - 878.04 158 90 77 465 36517 1 6675004 56694 2.9 157 54 3 35 60% 17976 214110 15709 14%
c - 880.85 161 95 77 466 36523 1 6696568 57210 2.7 152 56 3 35 60% 17976 214110 15709 14%
c - 884.02 112 92 77 467 36524 1 6718155 55173 2.7 150 56 3 35 59% 17977 214110 15709 14%
c - 887.65 113 89 77 468 36524 1 6739767 53024 2.6 148 56 3 35 57% 17977 214110 15709 14%
c u 888.74 119 89 77 468 36527 1 6744417 53559 2.7 148 56 3 35 57% 17989 214110 15709 14%
c v 888.87 119 89 77 468 36527 1 6744417 51767 2.7 148 56 3 35 57% 17989 214110 15709 14%
c w 890.21 124 89 77 468 36527 1 6744417 51188 2.7 148 56 3 35 57% 17989 214110 15709 14%
c x 890.76 131 89 77 468 36527 1 6744417 51160 2.7 148 56 3 35 57% 18090 213781 15709 14%
c t 890.78 131 89 77 468 36527 1 6744417 51160 2.7 148 56 3 35 57% 18072 213781 15709 14%
c o 890.80 131 89 77 468 36527 1 6744417 51160 2.7 148 56 3 35 57% 18072 213781 15709 14%
c - 892.80 135 92 77 469 36537 1 6761401 49450 2.7 149 56 3 35 59% 18072 213781 15709 14%
c I 893.91 136 91 77 469 36539 1 6770457 58012 2.7 150 56 3 35 59% 18072 213781 15709 14%
c - 895.60 153 103 77 470 36546 1 6783058 51931 2.5 151 61 3 35 60% 18072 213781 15709 14%
c ] 896.46 153 106 78 470 36549 1 6789390 58125 2.5 152 62 3 35 60% 18072 213781 15709 14%
c { 896.46 153 178 78 470 36549 4 6789390 58125 2.6 81 31 3 18 50% 18072 213781 15709 14%
c s 897.27 158 178 78 470 36586 4 6798340 66928 2.6 80 31 3 18 51% 18083 213716 15709 14%
c
c seconds      switched      rate           size/glue  tier1     binary           remaining
c          MB    reductions     conflicts         size   tier2       irredundant
c            level     restarts        redundant     glue    trail           variables
c
c e 897.32 159 178 78 470 36586 4 6798340 66928 2.6 80 31 3 18 51% 18017 214147 15680 14%
c s 897.34 159 178 78 470 36586 4 6798340 66928 2.6 80 31 3 18 51% 18017 213981 15680 14%
c e 897.35 159 178 78 470 36586 4 6798340 66928 2.6 80 31 3 18 51% 18016 213994 15679 14%
c - 897.90 161 179 78 471 36613 4 6804737 57377 2.6 79 30 3 18 51% 18016 213994 15679 14%
c - 899.26 163 174 78 472 36659 4 6826439 68541 2.7 76 29 3 18 51% 18018 213993 15679 14%
c - 901.17 171 174 78 473 36762 4 6848164 75212 2.7 73 27 3 18 51% 18020 213993 15679 14%
c - 903.27 172 173 78 474 36918 4 6869915 76967 2.6 71 27 3 18 50% 18022 213992 15679 14%
c - 904.89 179 170 78 475 37007 4 6891687 79525 2.7 68 26 3 18 50% 18025 213992 15679 14%
c - 906.88 133 171 78 476 37155 4 6913481 82039 2.7 66 25 3 18 50% 18027 213992 15679 14%
c - 908.94 138 172 78 477 37324 4 6935298 82962 2.6 65 25 3 18 50% 18030 213992 15679 14%
c - 910.93 142 171 78 478 37485 4 6957138 84416 2.6 63 24 3 18 50% 18030 213992 15679 14%
c - 913.23 150 171 78 479 37681 4 6979002 86027 2.6 62 24 3 18 49% 18033 213992 15679 14%
c - 915.52 158 171 78 480 37876 4 7000889 87259 2.6 61 24 3 18 49% 18035 213992 15679 14%
c u 917.07 180 170 78 480 37974 4 7009919 87741 2.5 62 24 3 18 49% 18068 213992 15679 14%
c v 917.94 182 170 78 480 37974 4 7009919 80300 2.5 62 24 3 18 49% 18068 213992 15679 14%
c w 918.28 184 170 78 480 37974 4 7009919 80283 2.5 62 24 3 18 49% 18068 213992 15679 14%
c t 918.30 152 170 78 480 37974 4 7009919 80283 2.5 62 24 3 18 49% 18043 213992 15679 14%
c f 918.33 152 170 78 480 37974 4 7009919 80283 2.5 62 24 3 18 49% 18047 213949 15681 14%
c u 918.73 152 170 78 480 37974 4 7009919 79382 2.5 62 24 3 18 49% 18055 213949 15681 14%
c v 919.59 152 170 78 480 37974 4 7009919 69972 2.5 62 24 3 18 49% 18056 213949 15681 14%
c
c seconds      switched      rate           size/glue  tier1     binary           remaining
c          MB    reductions     conflicts         size   tier2       irredundant
c            level     restarts        redundant     glue    trail           variables
c
c w 920.12 169 170 78 480 37974 4 7009919 69901 2.5 62 24 3 18 49% 18056 213949 15681 14%
c t 920.14 169 170 78 480 37974 4 7009919 69901 2.5 62 24 3 18 49% 18053 213949 15681 14%
c - 921.54 177 171 78 481 38099 4 7022797 67619 2.5 62 24 3 18 49% 18054 213949 15681 14%
c i 922.87 178 171 78 481 38202 4 7036934 81498 2.6 61 24 3 18 49% 18061 213948 15680 14%
c - 923.79 178 171 78 482 38287 4 7044728 74078 2.6 62 24 3 18 50% 18055 213948 15680 14%
c - 925.88 186 172 78 483 38471 4 7066682 78833 2.5 61 24 3 18 49% 18055 213948 15680 14%
c - 928.31 141 173 78 484 38675 4 7088661 81082 2.5 61 24 3 18 50% 18055 213948 15680 14%
c } 929.55 148 173 79 484 38776 4 7100982 93123 2.5 61 24 3 18 49% 18056 213948 15680 14%
c [ 929.55 148 106 79 484 38776 1 7100982 93123 2.5 152 62 3 35 60% 18056 213948 15680 14%
c B 929.55 148 106 79 484 38776 1 7100982 93123 2.5 152 62 3 35 60% 18056 213948 15680 14%
c - 930.93 149 108 79 485 38782 1 7110661 79142 2.5 151 61 3 35 60% 18056 213948 15680 14%
c o 931.94 149 106 79 485 38786 1 7117381 85707 2.5 152 61 3 35 60% 18056 213948 15680 14%
c - 934.12 153 117 79 486 38790 1 7132684 69783 2.4 154 64 3 35 59% 18057 213948 15680 14%
c - 937.73 156 114 79 487 38804 1 7154732 60910 2.4 153 63 3 35 59% 18057 213948 15680 14%
c - 941.19 116 105 79 488 38806 1 7176802 58330 2.5 152 60 3 35 59% 18057 213948 15680 14%
c - 944.84 121 100 79 489 38816 1 7198893 56988 2.6 152 59 3 35 60% 18057 213948 15680 14%
c - 948.28 123 92 79 490 38826 1 7221007 57633 2.8 155 56 3 35 60% 18057 213948 15680 14%
c - 951.91 124 89 79 491 38836 1 7243143 57276 2.8 156 56 3 35 61% 18057 213948 15680 14%
c - 956.04 126 88 79 492 38838 1 7265301 55459 2.8 159 57 3 35 62% 18057 213948 15680 14%
c u 959.39 131 85 79 492 38838 1 7281063 65339 2.8 160 57 3 35 62% 18075 213934 15679 14%
c
c seconds     switched      rate           size/glue   tier1     binary           remaining
c          MB   reductions     conflicts         size    tier2       irredundant
c           level     restarts        redundant      glue    trail           variables
c
c v 959.55 132 85 79 492 38838 1 7281063 63255 2.8 160 57 3 35 62% 18077 213934 15679 14%
c w 962.34 146 85 79 492 38838 1 7281063 61869 2.8 160 57 3 35 62% 18077 213934 15679 14%
c t 962.36 122 85 79 492 38838 1 7281063 61864 2.8 160 57 3 35 62% 18075 213920 15679 14%
c u 962.76 122 85 79 492 38838 1 7281063 61336 2.8 160 57 3 35 62% 18076 213920 15679 14%
c v 962.87 122 85 79 492 38838 1 7281063 60222 2.8 160 57 3 35 62% 18076 213920 15679 14%
c w 964.67 122 85 79 492 38838 1 7281063 60168 2.8 160 57 3 35 62% 18076 213920 15679 14%
c x 965.25 126 85 79 492 38838 1 7281063 60140 2.8 160 57 3 35 62% 18082 213804 15679 14%
c t 965.26 126 85 79 492 38838 1 7281063 60140 2.8 160 57 3 35 62% 18078 213804 15679 14%
c f 965.28 126 85 79 492 38838 1 7281063 60140 2.8 160 57 3 35 62% 18079 213785 15680 14%
c i 965.29 125 85 79 492 38838 1 7281063 60140 2.8 160 57 3 35 62% 18079 213785 15680 14%
c - 966.42 128 84 79 493 38838 1 7287483 46934 2.9 160 56 3 35 62% 18066 213785 15680 14%
c ] 967.27 128 82 80 493 38838 1 7292802 51935 2.9 160 55 3 35 63% 18066 213785 15680 14%
c { 967.27 128 173 80 493 38838 4 7292802 51935 2.5 61 24 3 18 49% 18066 213785 15680 14%
c - 969.17 139 177 80 494 39054 4 7309686 56941 2.5 62 25 3 18 50% 18067 213785 15680 14%
c - 971.83 141 179 80 495 39347 5 7331913 67518 2.5 65 26 3 18 50% 18067 213785 15680 14%
c - 974.41 150 181 80 496 39589 5 7354162 72842 2.5 67 27 3 18 50% 18068 213785 15680 14%
c - 977.15 174 183 80 497 39848 5 7376433 76518 2.5 68 27 3 18 50% 18070 213785 15680 14%
c - 979.74 182 184 80 498 40090 5 7398726 78752 2.5 70 28 3 18 50% 18074 213785 15680 14%
c - 982.42 191 184 80 499 40319 5 7421042 80781 2.5 71 28 3 18 50% 18074 213785 15680 14%
c - 985.10 162 184 80 500 40571 5 7443381 82094 2.5 72 29 3 18 50% 18076 213785 15680 14%
c
c seconds      switched      rate           size/glue  tier1     binary           remaining
c          MB    reductions     conflicts         size   tier2       irredundant
c            level     restarts        redundant     glue    trail           variables
c
c - 987.53 170 183 80 501 40752 5 7465742 83661 2.6 73 29 3 18 50% 18078 213785 15680 14%
c - 990.07 178 183 80 502 40982 5 7488125 85249 2.5 74 29 3 18 50% 18078 213785 15680 14%
c o 991.17 184 183 80 502 41066 5 7497684 94649 2.6 74 29 3 18 50% 18079 213785 15680 14%
c s 992.31 186 183 80 502 41163 5 7506726 103580 2.6 75 29 3 18 50% 18082 213734 15680 14%
c e 992.34 186 183 80 502 41163 5 7506726 103580 2.6 75 29 3 18 50% 18063 213819 15673 14%
c s 992.35 186 183 80 502 41163 5 7506726 103580 2.6 75 29 3 18 50% 18063 213794 15673 14%
c - 992.78 203 183 80 503 41194 5 7510530 86112 2.6 75 29 3 18 50% 18063 213794 15673 14%
c - 995.55 186 181 80 504 41437 5 7532957 86891 2.6 76 30 3 18 50% 18064 213794 15673 14%
c - 997.95 194 183 80 505 41611 4 7555406 88455 2.6 76 29 3 18 50% 18065 213794 15673 14%
c u 998.83 199 183 80 505 41642 4 7557829 82603 2.6 76 29 3 18 50% 18085 213794 15673 14%
c v 999.79 194 183 80 505 41642 4 7557829 70513 2.6 76 29 3 18 50% 18086 213794 15673 14%
c w 1000.50 198 183 80 505 41642 4 7557829 70398 2.6 76 29 3 18 50% 18086 213794 15673 14%
c t 1000.52 198 183 80 505 41642 4 7557829 70398 2.6 76 29 3 18 50% 18080 213794 15673 14%
c - 1002.85 200 183 80 506 41819 4 7577878 73682 2.6 76 29 3 18 50% 18081 213794 15673 14%
c - 1005.24 201 183 80 507 42010 4 7600374 78542 2.6 75 29 3 18 50% 18082 213794 15673 14%
c } 1006.93 200 179 81 507 42132 4 7619247 97027 2.7 76 29 3 18 49% 18085 213794 15673 14%
c [ 1006.93 200 82 81 507 42132 1 7619247 97027 2.9 160 55 3 35 63% 18085 213794 15673 14%
c W 1006.98 157 82 81 507 42132 1 7619247 97027 2.9 160 55 3 35 63% 18085 213794 15673 14%
c - 1007.61 158 82 81 508 42134 1 7622893 81065 2.9 159 55 3 35 62% 18085 213794 15673 14%
c - 1011.46 161 85 81 509 42146 1 7645431 72543 2.8 157 57 3 35 62% 18085 213794 15673 14%
c
c  seconds     switched      rate           size/glue   tier1     binary           remaining
c           MB   reductions     conflicts         size    tier2       irredundant
c            level     restarts        redundant      glue    trail           variables
c
c - 1015.00 163 83 81 510 42156 1 7667994 61783 2.8 156 56 3 35 61% 18085 213794 15673 14%
c - 1018.18 124 86 81 511 42162 1 7690577 60510 2.8 154 56 3 35 59% 18085 213794 15673 14%
c - 1021.17 127 89 81 512 42169 1 7713184 60488 2.7 150 56 3 35 57% 18085 213794 15673 14%
c - 1024.52 129 85 81 513 42179 1 7735812 59477 2.6 143 55 3 35 57% 18085 213794 15673 14%
c - 1027.92 131 80 81 514 42191 1 7758461 59235 2.6 139 53 3 35 57% 18085 213794 15673 14%
c - 1031.59 109 77 81 515 42193 1 7781133 59468 2.6 138 52 3 35 55% 18085 213794 15673 14%
c - 1035.12 110 74 81 516 42194 1 7803826 58957 2.7 137 51 3 35 54% 18085 213794 15673 14%
c - 1038.59 111 71 81 517 42201 1 7826542 60531 2.7 136 50 3 35 54% 18085 213794 15673 14%
c u 1041.02 117 70 81 517 42208 1 7840279 69244 2.8 138 49 3 35 55% 18093 213794 15673 14%
c v 1041.23 118 70 81 517 42208 1 7840279 66953 2.8 138 49 3 35 55% 18093 213794 15673 14%
c w 1043.86 130 70 81 517 42208 1 7840279 66412 2.8 138 49 3 35 55% 18093 213794 15673 14%
c t 1043.88 130 70 81 517 42208 1 7840279 66412 2.8 138 49 3 35 55% 18088 213794 15673 14%
c - 1045.15 112 69 81 518 42210 1 7849280 55973 2.9 138 48 3 35 55% 18088 213794 15673 14%
c ] 1047.24 113 67 82 518 42218 1 7862859 68591 2.9 139 48 3 35 56% 18088 213794 15673 14%
c { 1047.24 113 179 82 518 42218 4 7862859 68591 2.7 76 29 3 18 49% 18088 213794 15673 14%
c - 1048.18 117 167 82 519 42222 4 7872040 59563 2.8 79 28 3 18 49% 18088 213794 15673 14%
c - 1049.59 120 142 82 520 42230 3 7894821 72565 3.0 78 26 3 18 46% 18089 213794 15673 14%
c o 1050.10 114 134 82 520 42232 3 7903290 80913 3.1 78 26 3 18 45% 18090 213794 15673 14%
c - 1050.71 118 131 82 521 42234 3 7917625 82686 3.0 73 24 3 18 45% 18094 213794 15673 14%
c - 1051.39 120 117 82 522 42234 3 7940451 87630 3.2 68 21 3 18 42% 18099 213794 15673 14%
c
c  seconds      switched      rate           size/glue  tier1     binary           remaining
c           MB    reductions     conflicts         size   tier2       irredundant
c             level     restarts        redundant     glue    trail           variables
c
c - 1052.46 112 104 82 523 42234 2 7963298 89761 3.4 68 20 3 18 42% 18100 213794 15673 14%
c - 1053.48 119 97 82 524 42238 2 7986168 92443 3.5 65 18 3 18 40% 18107 213794 15673 14%
c - 1054.27 117 96 82 525 42252 2 8009059 94533 3.5 58 17 3 18 38% 18110 213794 15673 14%
c - 1055.05 121 85 82 526 42267 2 8031971 93282 3.7 58 16 3 18 36% 18111 213794 15673 14%
c - 1055.94 120 76 82 527 42278 2 8054905 95238 3.8 58 15 3 18 35% 18112 213794 15673 14%
c i 1056.56 119 70 82 527 42288 2 8070265 110506 3.9 57 15 3 18 35% 18113 213794 15672 14%
c - 1056.79 120 67 82 528 42295 2 8077861 97598 3.9 55 14 3 18 34% 18113 213794 15672 14%
c - 1057.74 119 60 82 529 42317 2 8100840 97994 4.1 57 14 3 18 32% 18114 213794 15672 14%
c - 1058.71 120 59 82 530 42370 2 8123840 97895 4.0 53 13 3 18 32% 18118 213794 15672 14%
c u 1059.36 126 60 82 530 42391 2 8128414 96231 4.0 53 13 3 18 32% 18134 213771 15672 14%
c v 1059.90 136 60 82 530 42391 2 8128414 95715 4.0 53 13 3 18 32% 18134 213771 15672 14%
c w 1060.08 140 60 82 530 42391 2 8128414 95683 4.0 53 13 3 18 32% 18134 213771 15672 14%
c t 1062.01 140 60 82 530 42391 2 8128414 95683 4.0 53 13 3 18 32% 18124 213771 15672 14%
c - 1062.64 128 59 82 531 42437 2 8146861 90537 3.9 49 13 3 18 30% 18134 213771 15672 14%
c - 1063.63 129 62 82 532 42538 2 8169905 91520 3.8 47 12 3 18 30% 18146 213770 15672 14%
c - 1064.80 129 62 82 533 42666 2 8192970 93519 3.8 47 12 3 17 31% 18153 213770 15672 14%
c } 1065.15 125 65 83 533 42689 2 8204466 104814 3.8 45 12 3 17 30% 18162 213770 15672 14%
c [ 1065.15 125 67 83 533 42689 1 8204466 104814 2.9 139 48 3 35 56% 18162 213770 15672 14%
c O 1065.15 125 67 83 533 42689 1 8204466 104814 2.9 139 48 3 35 56% 18162 213770 15672 14%
c - 1066.86 127 68 83 534 42695 1 8216056 89602 3.0 141 48 3 35 56% 18162 213770 15672 14%
c
c  seconds     switched      rate           size/glue   tier1     binary           remaining
c           MB   reductions     conflicts         size    tier2       irredundant
c            level     restarts        redundant      glue    trail           variables
c
c - 1070.38 115 71 83 535 42705 1 8239166 76296 3.0 147 49 3 35 57% 18162 213770 15672 14%
c s 1072.97 119 71 83 535 42716 1 8257252 93705 3.1 149 48 3 35 57% 18168 213718 15672 14%
c e 1072.98 109 71 83 535 42716 1 8257252 93705 3.1 149 48 3 35 57% 18163 213758 15669 14%
c s 1072.98 109 71 83 535 42716 1 8257252 93705 3.1 149 48 3 35 57% 18164 213749 15669 14%
c e 1072.99 109 71 83 535 42716 1 8257252 93705 3.1 149 48 3 35 57% 18163 213765 15668 14%
c - 1073.83 121 71 83 536 42718 1 8262296 68341 3.1 149 48 3 35 57% 18163 213765 15668 14%
c - 1076.90 99 68 83 537 42719 1 8285448 69114 3.2 146 46 3 35 56% 18163 213765 15668 14%
c - 1079.94 102 68 83 538 42733 1 8308623 69728 3.2 142 45 3 35 54% 18163 213765 15668 14%
c ] 1080.30 102 68 84 538 42734 1 8311172 72161 3.1 142 45 3 35 54% 18163 213765 15668 14%
c { 1080.30 102 65 84 538 42734 2 8311172 72161 3.8 45 12 3 17 30% 18163 213765 15668 14%
c o 1080.32 102 65 84 538 42736 2 8311278 72256 3.7 45 12 3 17 30% 18163 213765 15668 14%
c - 1083.06 102 84 84 539 43094 2 8331818 74638 3.3 47 14 3 17 33% 18164 213765 15668 14%
c - 1086.15 103 101 84 540 43478 3 8355035 83048 3.0 50 17 3 17 36% 18166 213765 15668 14%
c - 1089.23 104 115 84 541 43844 4 8378272 87839 2.9 53 18 3 17 38% 18170 213765 15668 14%
c - 1092.05 104 125 84 542 44162 4 8401532 91614 2.8 54 20 3 17 40% 18174 213765 15668 14%
c u 1095.45 101 132 84 542 44437 4 8422232 100357 2.7 56 20 3 17 42% 18247 213765 15668 14%
c v 1096.55 103 132 84 542 44437 4 8422232 91474 2.7 56 20 3 17 42% 18247 213765 15668 14%
c w 1097.04 107 132 84 542 44437 4 8422232 91473 2.7 56 20 3 17 42% 18247 213765 15668 14%
c t 1097.06 107 132 84 542 44437 4 8422232 91473 2.7 56 20 3 17 42% 18208 213765 15668 14%
c f 1097.08 88 132 84 542 44437 4 8422232 91473 2.7 56 20 3 17 42% 18210 213746 15669 14%
c
c  seconds     switched      rate           size/glue  tier1     binary           remaining
c          MB    reductions     conflicts         size   tier2       irredundant
c            level     restarts        redundant     glue    trail           variables
c
c u 1097.57 99 132 84 542 44437 4 8422232 90024 2.7 56 20 3 17 42% 18222 213746 15669 14%
c v 1098.37 101 132 84 542 44437 4 8422232 84882 2.7 56 20 3 17 42% 18222 213746 15669 14%
c w 1098.69 106 132 84 542 44437 4 8422232 84874 2.7 56 20 3 17 42% 18222 213746 15669 14%
c x 1099.23 102 132 84 542 44437 4 8422232 84807 2.7 56 20 3 17 42% 18229 213659 15669 14%
c t 1099.25 102 132 84 542 44437 4 8422232 84807 2.7 56 20 3 17 42% 18219 213659 15669 14%
c - 1099.54 112 132 84 543 44452 4 8424813 70821 2.7 56 20 3 17 42% 18219 213659 15669 14%
c - 1102.02 120 138 84 544 44699 4 8448119 77148 2.7 57 21 3 17 43% 18220 213659 15669 14%
c - 1104.46 123 142 84 545 44933 4 8471443 82934 2.7 58 21 3 17 44% 18224 213659 15669 14%
c - 1107.07 132 145 84 546 45209 4 8494788 85748 2.7 58 22 3 17 44% 18227 213659 15669 14%
c - 1109.68 140 147 84 547 45441 4 8518154 87705 2.6 58 22 3 17 45% 18227 213659 15669 14%
c - 1112.50 152 150 84 548 45703 4 8541542 89574 2.6 59 22 3 17 45% 18231 213659 15669 14%
c - 1115.32 161 151 84 549 45962 4 8564952 90592 2.6 61 23 3 17 46% 18233 213659 15669 14%
c - 1118.13 170 153 84 550 46200 4 8588383 91848 2.6 62 23 3 17 47% 18233 213659 15669 14%
c - 1120.54 160 151 84 551 46381 4 8611836 93763 2.7 62 23 3 17 47% 18233 213659 15669 14%
c - 1123.17 173 151 84 552 46591 4 8635309 95290 2.7 63 23 3 17 47% 18238 213659 15669 14%
c - 1125.87 184 154 84 553 46826 4 8658803 96017 2.7 63 24 3 17 48% 18240 213659 15669 14%
c } 1127.02 191 154 85 553 46932 4 8668251 105369 2.7 64 24 3 17 48% 18242 213659 15669 14%
c [ 1127.02 191 68 85 553 46932 1 8668251 105369 3.1 142 45 3 35 54% 18242 213659 15669 14%
c B 1127.02 191 68 85 553 46932 1 8668251 105369 3.1 142 45 3 35 54% 18242 213659 15669 14%
c - 1128.99 192 74 85 554 46940 1 8682318 91393 3.1 143 47 3 35 54% 18242 213659 15669 14%
c
c  seconds     switched      rate           size/glue   tier1     binary           remaining
c           MB   reductions     conflicts         size    tier2       irredundant
c            level     restarts        redundant      glue    trail           variables
c
c - 1132.55 157 86 85 555 46950 1 8705858 78945 2.7 145 54 3 35 52% 18242 213659 15669 14%
c u 1135.60 163 90 85 555 46960 1 8721783 83918 2.6 147 56 3 35 52% 18283 213659 15669 14%
c v 1136.15 165 90 85 555 46960 1 8721783 73903 2.6 147 56 3 35 52% 18283 213659 15669 14%
c w 1137.59 198 90 85 555 46960 1 8721783 72880 2.6 147 56 3 35 52% 18283 213659 15669 14%
c t 1137.61 198 90 85 555 46960 1 8721783 72880 2.6 147 56 3 35 52% 18262 213659 15669 14%
c o 1137.63 198 90 85 555 46960 1 8721783 72880 2.6 147 56 3 35 52% 18262 213659 15669 14%
c - 1138.62 198 103 85 556 46961 1 8729416 56221 2.5 151 61 3 35 53% 18262 213659 15669 14%
c - 1142.46 198 133 85 557 46965 1 8752996 55962 2.1 162 77 3 35 55% 18262 213659 15669 14%
c - 1146.23 152 129 85 558 46977 1 8776597 56015 2.2 163 75 3 35 56% 18262 213659 15669 14%
c - 1150.20 152 117 85 559 46988 1 8800221 56750 2.3 160 71 3 35 58% 18262 213659 15669 14%
c - 1154.12 152 106 85 560 46993 1 8823865 57963 2.5 161 66 3 35 59% 18262 213659 15669 14%
c - 1158.55 126 97 85 561 46994 1 8847533 58917 2.6 159 62 3 35 60% 18262 213659 15669 14%
c - 1163.16 128 89 85 562 46999 1 8871220 60676 2.7 157 58 3 35 59% 18262 213659 15669 14%
c - 1167.01 128 85 85 563 47009 1 8894926 62072 2.7 153 56 3 35 59% 18262 213659 15669 14%
c - 1170.28 136 86 85 564 47023 1 8918657 63962 2.8 149 54 3 35 58% 18263 213659 15669 14%
c ] 1170.55 136 90 86 564 47023 1 8922405 67641 2.7 150 55 3 35 57% 18263 213659 15669 14%
c { 1170.55 136 154 86 564 47023 4 8922405 67641 2.7 64 24 3 17 48% 18263 213659 15669 14%
c - 1171.23 136 142 86 565 47030 4 8942405 73061 2.6 57 22 3 17 42% 18267 213659 15669 14%
c - 1172.15 144 124 86 566 47035 3 8966175 83482 2.5 51 20 3 17 37% 18268 213659 15669 14%
c - 1173.45 146 118 86 567 47051 3 8989970 90686 2.5 47 18 3 17 35% 18269 213659 15669 14%
c
c  seconds      switched      rate           size/glue  tier1     binary           remaining
c           MB    reductions     conflicts         size   tier2       irredundant
c             level     restarts        redundant     glue    trail           variables
c
c - 1174.82 153 119 86 568 47089 3 9013781 94090 2.5 43 17 3 17 33% 18277 213659 15669 14%
c u 1176.27 156 122 86 568 47117 3 9027072 98268 2.5 41 17 3 17 33% 18313 213659 15669 14%
c v 1177.54 160 122 86 568 47117 3 9027072 96203 2.5 41 17 3 17 33% 18313 213659 15669 14%
c w 1177.93 161 122 86 568 47117 3 9027072 95996 2.5 41 17 3 17 33% 18313 213659 15669 14%
c t 1177.95 161 122 86 568 47117 3 9027072 95996 2.5 41 17 3 17 33% 18296 213659 15669 14%
c - 1178.49 165 123 86 569 47146 3 9037614 87000 2.4 40 16 3 17 32% 18297 213659 15669 14%
c s 1179.22 168 124 86 569 47188 3 9050695 99498 2.4 39 16 3 17 33% 18320 213582 15669 14%
c e 1179.26 169 124 86 569 47188 3 9050695 99498 2.4 39 16 3 17 33% 18307 213686 15663 14%
c s 1179.26 169 124 86 569 47188 3 9050695 99498 2.4 39 16 3 17 33% 18307 213645 15663 14%
c - 1179.81 185 123 86 570 47221 3 9061467 90480 2.4 37 15 3 17 32% 18312 213645 15663 14%
c - 1180.94 188 118 86 571 47294 3 9085343 93455 2.4 34 14 3 17 30% 18318 213645 15663 14%
c - 1181.79 195 111 86 572 47344 3 9109238 95860 2.3 32 14 3 17 28% 18322 213645 15663 14%
c i 1181.86 195 111 86 572 47356 3 9110370 96943 2.3 32 14 3 17 28% 18327 213645 15662 14%
c i 1182.03 196 112 86 572 47388 3 9113916 100281 2.3 31 14 3 17 27% 18329 213645 15661 14%
c i 1183.01 197 115 86 572 47488 3 9129909 115482 2.3 30 13 3 17 28% 18333 213645 15660 14%
c - 1183.09 197 115 86 573 47490 3 9133154 99032 2.3 30 13 3 17 28% 18309 213645 15660 14%
c o 1183.57 202 115 86 573 47531 3 9142455 107875 2.3 29 13 3 17 27% 18312 213645 15660 14%
c - 1184.32 204 116 86 574 47601 3 9157091 101534 2.2 28 13 3 17 27% 18314 213645 15660 14%
c - 1185.81 205 118 86 575 47762 3 9181049 104537 2.2 27 12 3 17 26% 18317 213645 15660 14%
c i 1186.12 226 119 86 575 47800 4 9185502 108810 2.2 27 12 3 17 27% 18324 213645 15659 14%
c
c  seconds      switched      rate            size/glue  tier1     binary           remaining
c           MB    reductions     conflicts          size   tier2       irredundant
c             level     restarts        redundant      glue    trail           variables
c
c i 1186.67 227 120 86 575 47867 4 9193521 116450 2.2 27 12 3 17 27% 18332 213645 15658 14%
c i 1186.73 228 120 86 575 47874 4 9194171 117081 2.2 27 12 3 17 27% 18332 213645 15657 14%
c - 1187.50 229 121 86 576 47978 4 9205028 107264 2.2 26 12 3 17 27% 18316 213645 15657 14%
c i 1188.43 196 117 86 576 48087 4 9223065 124156 2.1 26 12 3 17 26% 18326 213645 15656 14%
c - 1188.84 215 118 86 577 48143 4 9229029 109484 2.1 25 12 3 17 26% 18322 213645 15656 14%
c - 1190.13 217 118 86 578 48301 4 9253049 111890 2.1 24 12 3 17 26% 18334 213644 15656 14%
c - 1191.61 240 120 86 579 48500 4 9277091 114304 2.1 24 12 3 17 26% 18344 213643 15656 14%
c i 1192.17 240 120 86 579 48578 4 9286069 122852 2.1 24 11 3 17 25% 18357 213642 15655 14%
c i 1192.56 241 121 86 579 48641 4 9291658 128251 2.1 24 12 3 17 25% 18357 213642 15654 14%
c i 1192.72 241 121 86 579 48663 4 9293891 130314 2.1 24 11 3 17 25% 18365 213642 15653 14%
c } 1192.79 241 120 87 579 48676 4 9295260 131605 2.0 24 11 3 17 25% 18365 213642 15653 14%
c [ 1192.79 241 90 87 579 48676 1 9295260 131605 2.7 150 55 3 35 57% 18365 213642 15653 14%
c W 1192.84 249 90 87 579 48676 1 9295260 131605 2.7 150 55 3 35 57% 18337 213541 15653 14%
c - 1193.37 245 95 87 580 48680 1 9301154 113852 2.7 150 56 3 35 56% 18337 213541 15653 14%
c - 1196.60 248 104 87 581 48690 1 9325238 103026 2.5 148 60 3 35 56% 18337 213541 15653 14%
c b 1198.50 203 103 87 581 48697 1 9338123 115390 2.5 149 60 3 35 56% 18353 213525 15652 14%
c u 1199.07 206 103 87 581 48697 1 9338123 106869 2.5 149 60 3 35 56% 18364 213525 15652 14%
c v 1199.69 207 103 87 581 48697 1 9338123 101999 2.5 149 60 3 35 56% 18364 213525 15652 14%
c w 1200.09 218 103 87 581 48697 1 9338123 101998 2.5 149 60 3 35 56% 18364 213525 15652 14%
c t 1200.12 218 103 87 581 48697 1 9338123 101998 2.5 149 60 3 35 56% 18342 213524 15652 14%
c
c  seconds      switched      rate           size/glue   tier1     binary           remaining
c           MB    reductions     conflicts         size    tier2       irredundant
c             level     restarts        redundant      glue    trail           variables
c
c u 1200.73 218 103 87 581 48697 1 9338123 97193 2.5 149 60 3 35 56% 18353 213524 15652 14%
c v 1201.36 218 103 87 581 48697 1 9338123 92402 2.5 149 60 3 35 56% 18354 213524 15652 14%
c w 1201.73 223 103 87 581 48697 1 9338123 92398 2.5 149 60 3 35 56% 18354 213524 15652 14%
c t 1201.75 223 103 87 581 48697 1 9338123 92398 2.5 149 60 3 35 56% 18353 213524 15652 14%
c - 1203.47 224 99 87 582 48704 1 9349341 74685 2.6 150 58 3 35 57% 18333 213524 15652 14%
c - 1207.55 224 93 87 583 48706 1 9373466 74216 2.7 153 56 3 35 58% 18333 213524 15652 14%
c - 1211.94 160 86 87 584 48719 1 9397611 73767 2.8 152 54 3 35 58% 18333 213524 15652 14%
c - 1215.83 162 85 87 585 48728 1 9421778 74915 2.9 154 53 3 35 59% 18333 213524 15652 14%
c - 1219.73 164 81 87 586 48737 1 9445964 74449 2.9 151 52 3 35 59% 18333 213524 15652 14%
c ] 1220.92 164 80 88 586 48737 1 9453813 81821 2.9 150 52 3 35 59% 18333 213524 15652 14%
c { 1220.92 164 120 88 586 48737 4 9453813 81821 2.0 24 11 3 17 25% 18333 213524 15652 14%
c - 1222.99 121 130 88 587 49024 5 9470171 80829 2.1 29 14 3 17 28% 18335 213524 15652 14%
c - 1226.21 129 141 88 588 49436 5 9494399 92627 2.2 36 17 3 17 32% 18335 213524 15652 14%
c - 1229.34 137 149 88 589 49816 5 9518647 99362 2.2 42 19 3 17 35% 18337 213524 15652 14%
c - 1232.69 139 155 88 590 50199 5 9542918 103298 2.3 48 21 3 17 38% 18338 213524 15652 14%
c - 1235.76 147 160 88 591 50532 5 9567207 106177 2.3 51 22 3 17 40% 18345 213524 15652 14%
c o 1236.48 153 161 88 591 50611 5 9572528 111371 2.3 52 23 3 17 40% 18345 213524 15652 14%
c - 1238.96 155 165 88 592 50850 5 9591519 108994 2.3 54 23 3 17 41% 18346 213524 15652 14%
c - 1241.76 163 165 88 593 51106 5 9615851 111443 2.4 56 24 3 17 42% 18346 213524 15652 14%
c - 1244.90 172 168 88 594 51383 5 9640204 113229 2.4 59 25 3 17 43% 18349 213524 15652 14%
c
c  seconds      switched      rate            size/glue  tier1     binary           remaining
c           MB    reductions     conflicts          size   tier2       irredundant
c             level     restarts        redundant      glue    trail           variables
c
c u 1247.83 141 169 88 594 51547 5 9654930 111221 2.4 60 25 3 17 44% 18412 213524 15651 14%
c v 1249.17 145 169 88 594 51547 5 9654930 95535 2.4 60 25 3 17 44% 18410 213524 15651 14%
c w 1249.83 148 169 88 594 51547 5 9654930 95459 2.4 60 25 3 17 44% 18410 213524 15651 14%
c t 1249.85 148 169 88 594 51547 5 9654930 95459 2.4 60 25 3 17 44% 18387 213517 15651 14%
c u 1250.56 148 169 88 594 51547 5 9654930 93646 2.4 60 25 3 17 44% 18404 213517 15651 14%
c v 1251.43 151 169 88 594 51547 5 9654930 87853 2.4 60 25 3 17 44% 18404 213517 15651 14%
c w 1252.07 155 169 88 594 51547 5 9654930 87758 2.4 60 25 3 17 44% 18404 213517 15651 14%
c x 1252.80 162 169 88 594 51547 5 9654930 87694 2.4 60 25 3 17 44% 18433 213192 15651 14%
c t 1252.82 162 169 88 594 51547 5 9654930 87694 2.4 60 25 3 17 44% 18426 213192 15651 14%
c i 1252.85 162 169 88 594 51547 5 9654930 87694 2.4 60 25 3 17 44% 18426 213192 15651 14%
c - 1254.08 166 170 88 595 51655 5 9664577 80396 2.4 61 25 3 17 44% 18417 213192 15651 14%
c - 1257.15 143 173 88 596 51948 5 9688971 86843 2.4 64 26 3 17 45% 18418 213192 15651 14%
c - 1260.21 151 172 88 597 52202 5 9713384 92241 2.4 66 27 3 17 46% 18419 213192 15651 14%
c - 1263.56 160 174 88 598 52470 5 9737818 95109 2.5 67 27 3 17 47% 18421 213192 15651 14%
c - 1266.70 168 174 88 599 52707 5 9762272 97148 2.5 68 28 3 17 47% 18421 213192 15651 14%
c - 1270.06 139 174 88 600 52958 5 9786748 98583 2.5 70 28 3 17 48% 18422 213192 15651 14%
c - 1273.37 147 175 88 601 53225 5 9811244 99108 2.5 70 28 3 17 48% 18422 213192 15651 14%
c - 1276.30 155 173 88 602 53429 5 9835761 100660 2.5 71 28 3 17 48% 18423 213192 15651 14%
c } 1277.08 152 173 89 602 53484 4 9842750 107530 2.5 71 28 3 17 48% 18424 213192 15651 14%
c [ 1277.08 152 80 89 602 53484 1 9842750 107530 2.9 150 52 3 35 59% 18424 213192 15651 14%
c
c  seconds     switched      rate            size/glue   tier1     binary           remaining
c           MB   reductions     conflicts          size    tier2       irredundant
c            level     restarts        redundant       glue    trail           variables
c
c I 1277.08 152 80 89 602 53484 1 9842750 107530 2.9 150 52 3 35 59% 18424 213192 15651 14%
c - 1279.89 154 91 89 603 53495 1 9860296 96329 2.8 150 53 3 35 59% 18424 213192 15651 14%
c - 1283.81 123 97 89 604 53505 1 9884853 86649 2.8 148 53 3 35 59% 18424 213192 15651 14%
c s 1284.22 113 99 89 604 53505 1 9887793 89536 2.8 147 53 3 35 59% 18432 213087 15651 14%
c e 1284.26 115 99 89 604 53505 1 9887793 89536 2.8 147 53 3 35 59% 18373 213363 15630 14%
c s 1284.27 115 99 89 604 53505 1 9887793 89536 2.8 147 53 3 35 59% 18373 213273 15630 14%
c e 1284.29 115 99 89 604 53505 1 9887793 89536 2.8 147 53 3 35 59% 18372 213289 15629 14%
c - 1287.51 119 95 89 605 53514 1 9909433 82527 2.9 149 51 3 35 59% 18372 213289 15629 14%
c - 1291.80 107 90 89 606 53521 1 9934030 79740 3.2 157 49 3 35 59% 18372 213289 15629 14%
c - 1296.05 119 90 89 607 53530 1 9958647 76989 3.2 157 50 3 35 59% 18372 213289 15629 14%
c u 1300.87 117 87 89 607 53542 1 9977504 85947 3.1 156 50 3 35 59% 18399 213289 15629 14%
c v 1301.15 118 87 89 607 53542 1 9977504 83682 3.1 156 50 3 35 59% 18399 213289 15629 14%
c w 1304.12 132 87 89 607 53542 1 9977504 83658 3.1 156 50 3 35 59% 18399 213289 15629 14%
c t 1304.15 132 87 89 607 53542 1 9977504 83658 3.1 156 50 3 35 59% 18381 213289 15629 14%
c f 1304.17 107 87 89 607 53542 1 9977504 83658 3.1 156 50 3 35 59% 18382 213271 15630 14%
c u 1304.87 118 87 89 607 53542 1 9977504 82884 3.1 156 50 3 35 59% 18388 213271 15630 14%
c v 1305.07 118 87 89 607 53542 1 9977504 81455 3.1 156 50 3 35 59% 18388 213271 15630 14%
c w 1308.22 127 87 89 607 53542 1 9977504 80107 3.1 156 50 3 35 59% 18388 213271 15630 14%
c t 1308.24 111 87 89 607 53542 1 9977504 80107 3.1 156 50 3 35 59% 18387 213271 15630 14%
c - 1309.23 104 88 89 608 53544 1 9983284 61933 3.1 157 51 3 35 59% 18387 213271 15630 14%
c
c  seconds     switched      rate            size/glue   tier1     binary           remaining
c           MB   reductions     conflicts          size    tier2       irredundant
c            level     restarts         redundant      glue    trail           variables
c
c - 1313.23 107 99 89 609 53546 1 10007942 60279 2.8 163 58 3 35 58% 18387 213271 15630 14%
c - 1318.12 109 107 89 610 53546 1 10032619 58015 2.7 168 62 3 35 57% 18387 213271 15630 14%
c o 1321.30 111 108 89 610 53556 1 10054006 78874 2.7 166 62 3 35 56% 18387 213271 15630 14%
c - 1321.69 113 113 89 611 53558 1 10057318 58250 2.6 165 63 3 35 55% 18387 213271 15630 14%
c - 1325.77 117 128 89 612 53568 1 10082038 61533 2.5 164 67 3 35 56% 18387 213271 15630 14%
c - 1329.07 119 131 89 613 53577 1 10106776 63107 2.4 159 65 3 35 54% 18387 213271 15630 14%
c B 1332.38 122 132 89 613 53583 1 10129486 85071 2.4 153 64 3 35 53% 18387 213271 15630 14%
c - 1332.73 123 133 89 614 53584 1 10131534 65041 2.4 153 64 3 35 53% 18387 213271 15630 14%
c - 1336.71 126 137 89 615 53594 1 10156313 64376 2.3 149 66 3 35 52% 18387 213271 15630 14%
c ] 1338.25 129 134 90 615 53599 1 10166569 74273 2.3 148 65 3 35 52% 18387 213271 15630 14%
c { 1338.25 129 173 90 615 53599 4 10166569 74273 2.5 71 28 3 17 48% 18387 213271 15630 14%
c - 1339.74 135 173 90 616 53695 4 10181112 69156 2.6 70 27 3 17 48% 18387 213271 15630 14%
c - 1342.62 143 175 90 617 53908 4 10205932 79841 2.6 70 27 3 17 49% 18388 213271 15630 14%
c - 1345.83 151 176 90 618 54143 4 10230773 86231 2.6 71 27 3 17 50% 18390 213271 15630 14%
c - 1349.20 160 178 90 619 54379 4 10255633 89509 2.6 71 28 3 17 50% 18391 213271 15630 14%
c - 1352.51 168 178 90 620 54615 4 10280512 91838 2.6 72 28 3 17 50% 18394 213271 15630 14%
c - 1356.01 155 179 90 621 54874 4 10305411 93722 2.6 73 28 3 17 51% 18395 213271 15630 14%
c u 1356.67 159 179 90 621 54877 4 10305889 87625 2.6 73 28 3 17 51% 18414 213271 15630 14%
c v 1357.63 160 179 90 621 54877 4 10305889 75584 2.6 73 28 3 17 51% 18415 213271 15630 14%
c w 1359.14 162 179 90 621 54877 4 10305889 74919 2.6 73 28 3 17 51% 18415 213271 15630 14%
c
c  seconds      switched      rate            size/glue  tier1     binary           remaining
c           MB    reductions     conflicts          size   tier2       irredundant
c             level     restarts         redundant     glue    trail           variables
c
c t 1359.16 162 179 90 621 54877 4 10305889 74919 2.6 73 28 3 17 51% 18404 213271 15630 14%
c - 1362.32 170 180 90 622 55088 4 10330330 80733 2.6 73 28 3 17 51% 18404 213271 15630 14%
c - 1365.46 179 181 90 623 55311 4 10355272 86784 2.6 74 28 3 17 51% 18404 213271 15630 14%
c - 1369.15 147 180 90 624 55551 4 10380231 89955 2.7 75 28 3 17 52% 18405 213271 15630 14%
c - 1372.46 157 182 90 625 55805 4 10405211 91507 2.6 75 29 3 17 52% 18408 213271 15630 14%
c - 1375.73 169 181 90 626 56020 4 10430211 93228 2.7 76 29 3 17 52% 18409 213271 15630 14%
c - 1379.19 147 181 90 627 56254 4 10455231 94558 2.7 77 29 3 17 53% 18410 213271 15630 14%
c - 1382.54 161 181 90 628 56481 4 10480270 95919 2.7 78 29 3 17 53% 18411 213270 15630 14%
c o 1385.52 171 179 90 628 56684 4 10504117 119375 2.7 78 29 3 17 53% 18412 213270 15630 14%
c - 1385.73 171 180 90 629 56699 4 10505330 97117 2.7 78 29 3 17 53% 18413 213270 15630 14%
c - 1388.99 180 180 90 630 56909 4 10530409 98256 2.7 78 29 3 17 53% 18415 213270 15630 14%
c - 1392.68 153 179 90 631 57175 4 10555508 98871 2.7 79 30 3 17 53% 18415 213270 15630 14%
c } 1395.04 162 179 91 631 57348 4 10571889 115079 2.7 80 30 3 17 53% 18419 213270 15630 14%
c [ 1395.04 162 134 91 631 57348 1 10571889 115079 2.3 148 65 3 35 52% 18419 213270 15630 14%
c W 1395.26 176 134 91 631 57348 1 10571889 115079 2.3 148 65 3 35 52% 18419 213270 15630 14%
c - 1396.69 179 132 91 632 57354 1 10580629 96389 2.3 147 64 3 35 53% 18419 213270 15630 14%
c - 1401.19 182 123 91 633 57364 1 10605768 87253 2.3 144 62 3 35 52% 18419 213270 15630 14%
c - 1405.81 145 113 91 634 57377 1 10630929 77038 2.3 138 60 3 35 51% 18419 213270 15630 14%
c u 1408.01 151 111 91 634 57378 1 10640089 76864 2.3 139 59 3 35 51% 18434 213270 15630 14%
c v 1408.34 152 111 91 634 57378 1 10640089 71291 2.3 139 59 3 35 51% 18434 213270 15630 14%
c
c  seconds      switched      rate            size/glue   tier1     binary           remaining
c           MB    reductions     conflicts          size    tier2       irredundant
c             level     restarts         redundant      glue    trail           variables
c
c w 1410.74 161 111 91 634 57378 1 10640089 70745 2.3 139 59 3 35 51% 18434 213270 15630 14%
c t 1410.76 161 111 91 634 57378 1 10640089 70745 2.3 139 59 3 35 51% 18427 213270 15630 14%
c - 1413.28 161 105 91 635 57381 1 10656108 63023 2.4 138 58 3 35 52% 18427 213270 15630 14%
c - 1416.80 127 105 91 636 57393 1 10681308 65705 2.4 139 57 3 35 54% 18428 213270 15630 14%
c - 1420.76 129 101 91 637 57406 1 10706531 67091 2.6 143 55 3 35 55% 18428 213270 15630 14%
c - 1425.73 131 95 91 638 57409 1 10731769 64225 2.7 148 56 3 35 55% 18428 213270 15630 14%
c - 1430.98 109 89 91 639 57410 1 10757027 59713 2.7 152 55 3 35 56% 18428 213270 15630 14%
c s 1433.38 109 88 91 639 57411 1 10769145 71092 2.7 152 56 3 35 55% 18437 213234 15630 14%
c e 1433.39 111 88 91 639 57411 1 10769145 71092 2.7 152 56 3 35 55% 18433 213282 15627 14%
c s 1433.39 111 88 91 639 57411 1 10769145 71092 2.7 152 56 3 35 55% 18433 213269 15627 14%
c - 1436.03 112 84 91 640 57419 1 10782307 60459 2.8 152 55 3 35 55% 18433 213269 15627 14%
c - 1440.81 114 80 91 641 57430 1 10807605 62815 3.0 158 53 3 35 56% 18433 213269 15627 14%
c - 1445.13 117 79 91 642 57440 1 10832923 63382 2.9 153 53 3 35 56% 18433 213269 15627 14%
c ] 1447.97 117 77 92 642 57441 1 10848064 77480 2.9 153 53 3 35 57% 18433 213269 15627 14%
c { 1447.97 117 179 92 642 57441 4 10848064 77480 2.7 80 30 3 17 53% 18433 213269 15627 14%
c - 1449.27 132 180 92 643 57541 4 10858262 66778 2.7 80 30 3 17 53% 18433 213269 15627 14%
c - 1451.90 141 180 92 644 57727 4 10883620 78050 2.7 79 29 3 17 53% 18433 213269 15627 14%
c - 1454.92 149 181 92 645 57948 4 10908997 86662 2.7 78 29 3 17 52% 18433 213269 15627 14%
c - 1458.15 158 180 92 646 58191 4 10934393 90333 2.6 77 29 3 17 52% 18434 213269 15627 14%
c - 1461.53 167 180 92 647 58446 4 10959809 92907 2.6 77 29 3 17 52% 18435 213269 15627 14%
c
c  seconds      switched      rate            size/glue  tier1     binary           remaining
c           MB    reductions     conflicts          size   tier2       irredundant
c             level     restarts         redundant     glue    trail           variables
c
c o 1462.05 172 181 92 647 58489 4 10964277 97323 2.6 77 29 3 17 52% 18435 213269 15627 14%
c u 1464.78 177 180 92 647 58632 4 10980125 107185 2.6 77 29 3 17 52% 18445 213269 15627 14%
c v 1466.10 181 180 92 647 58632 4 10980125 92293 2.6 77 29 3 17 52% 18445 213269 15627 14%
c w 1468.17 186 180 92 647 58632 4 10980125 92088 2.6 77 29 3 17 52% 18445 213269 15627 14%
c t 1468.19 150 180 92 647 58632 4 10980125 92088 2.6 77 29 3 17 52% 18434 213269 15627 14%
c - 1468.68 152 180 92 648 58653 4 10985248 78586 2.6 77 29 3 17 52% 18434 213269 15627 14%
c - 1471.73 161 179 92 649 58877 4 11010704 84491 2.7 77 29 3 17 53% 18434 213269 15627 14%
c - 1474.90 171 180 92 650 59135 4 11036181 88932 2.6 77 29 3 17 52% 18434 213269 15627 14%
c - 1477.99 199 180 92 651 59355 4 11061677 91392 2.7 78 29 3 17 52% 18434 213269 15627 14%
c - 1481.15 170 179 92 652 59599 4 11087192 93535 2.6 78 29 3 17 52% 18435 213269 15627 14%
c - 1484.44 185 181 92 653 59839 4 11112726 94977 2.6 77 29 3 17 52% 18436 213269 15627 14%
c - 1487.77 195 180 92 654 60080 4 11138279 96105 2.6 77 29 3 17 52% 18436 213269 15627 14%
c - 1491.31 161 181 92 655 60353 4 11163854 96778 2.6 77 30 3 17 52% 18436 213269 15627 14%
c - 1494.81 172 182 92 656 60612 4 11189452 97759 2.6 77 30 3 17 52% 18436 213269 15627 14%
c - 1497.84 180 181 92 657 60827 4 11215067 99562 2.6 78 30 3 17 52% 18436 213269 15627 14%
c - 1501.10 146 180 92 658 61062 4 11240699 100502 2.6 78 30 3 17 52% 18436 213269 15627 14%
c - 1504.80 158 179 92 659 61340 4 11266353 100556 2.6 78 30 3 17 52% 18436 213269 15627 14%
c } 1505.33 161 179 93 659 61385 4 11270069 104216 2.6 79 30 3 17 52% 18436 213269 15627 14%
c [ 1505.33 161 77 93 659 61385 1 11270069 104216 2.9 153 53 3 35 57% 18436 213269 15627 14%
c O 1505.33 161 77 93 659 61385 1 11270069 104216 2.9 153 53 3 35 57% 18436 213269 15627 14%
c
c  seconds     switched      rate            size/glue   tier1     binary           remaining
c           MB   reductions     conflicts          size    tier2       irredundant
c            level     restarts         redundant      glue    trail           variables
c
c - 1509.39 165 83 93 660 61398 1 11292025 92088 2.9 159 56 3 35 57% 18436 213269 15627 14%
c - 1513.66 178 90 93 661 61409 1 11317715 79162 2.9 166 58 3 35 57% 18436 213269 15627 14%
c u 1515.95 181 88 93 661 61413 1 11325998 77526 2.9 165 57 3 35 58% 18455 213269 15627 14%
c v 1516.31 181 88 93 661 61413 1 11325998 70604 2.9 165 57 3 35 58% 18457 213269 15627 14%
c w 1518.84 180 88 93 661 61413 1 11325998 69883 2.9 165 57 3 35 58% 18457 213269 15627 14%
c t 1518.86 180 88 93 661 61413 1 11325998 69883 2.9 165 57 3 35 58% 18452 213269 15627 14%
c - 1521.97 191 85 93 662 61415 1 11343425 62282 2.9 165 56 3 35 57% 18452 213269 15627 14%
c - 1526.67 143 81 93 663 61426 1 11369154 62532 3.0 165 55 3 35 58% 18452 213269 15627 14%
c - 1530.59 144 82 93 664 61437 1 11394902 66910 3.1 168 54 3 35 59% 18452 213269 15627 14%
c - 1535.18 135 80 93 665 61446 1 11420670 66445 3.1 167 53 3 35 58% 18452 213269 15627 14%
c - 1539.94 104 77 93 666 61447 1 11446457 63922 3.2 169 53 3 35 58% 18452 213269 15627 14%
c - 1544.88 106 76 93 667 61452 1 11472263 63485 3.2 168 53 3 35 57% 18452 213269 15627 14%
c - 1549.50 101 82 93 668 61462 1 11498091 63969 2.9 167 57 3 35 58% 18452 213269 15627 14%
c - 1553.96 105 82 93 669 61476 1 11523937 64234 2.9 163 57 3 35 57% 18452 213269 15627 14%
c - 1558.56 98 81 93 670 61479 1 11549804 65718 2.8 157 57 3 35 57% 18452 213269 15627 14%
c o 1558.58 98 81 93 670 61480 1 11549940 65853 2.8 157 57 3 35 57% 18452 213269 15627 14%
c ] 1562.54 104 88 94 670 61493 1 11574554 89384 2.7 154 58 3 35 57% 18452 213269 15627 14%
c { 1562.54 104 179 94 670 61493 4 11574554 89384 2.6 79 30 3 17 52% 18452 213269 15627 14%
c - 1562.71 106 179 94 671 61505 4 11575688 66683 2.6 79 30 3 17 52% 18452 213269 15627 14%
c - 1564.72 106 177 94 672 61605 4 11601592 78003 2.7 77 29 3 17 52% 18453 213269 15627 14%
c
c  seconds      switched      rate            size/glue  tier1     binary           remaining
c           MB    reductions     conflicts          size   tier2       irredundant
c             level     restarts         redundant     glue    trail           variables
c
c - 1566.62 104 172 94 673 61724 4 11627514 90558 2.6 71 27 3 17 49% 18453 213269 15627 14%
c - 1569.18 108 170 94 674 61900 4 11653456 95514 2.7 72 26 3 17 49% 18454 213269 15627 14%
c u 1572.38 125 171 94 674 62087 4 11677763 113923 2.7 70 26 3 17 49% 18471 213269 15627 14%
c v 1573.79 129 171 94 674 62087 4 11677763 102189 2.7 70 26 3 17 49% 18471 213269 15627 14%
c w 1574.31 133 171 94 674 62087 4 11677763 102165 2.7 70 26 3 17 49% 18471 213269 15627 14%
c x 1575.19 138 171 94 674 62087 4 11677763 102136 2.7 70 26 3 17 49% 18544 213049 15627 14%
c t 1581.56 134 171 94 674 62087 4 11677763 102136 2.7 70 26 3 17 49% 18520 213049 15627 14%
c - 1581.80 145 171 94 675 62103 4 11679418 84412 2.7 70 26 3 17 49% 18520 213049 15627 14%
c s 1583.31 153 169 94 675 62211 4 11695509 100166 2.7 69 26 3 17 49% 18522 213014 15627 14%
c e 1583.34 153 169 94 675 62211 4 11695509 100166 2.7 69 26 3 17 49% 18502 213151 15617 14%
c s 1583.35 153 169 94 675 62211 4 11695509 100166 2.7 69 26 3 17 49% 18502 213116 15617 14%
c - 1584.59 173 170 94 676 62306 4 11705400 88715 2.7 69 26 3 17 49% 18502 213116 15617 14%
c - 1586.81 181 165 94 677 62462 4 11731400 94403 2.7 67 25 3 17 48% 18503 213116 15617 14%
c - 1589.36 190 166 94 678 62678 4 11757421 97424 2.7 65 25 3 17 47% 18504 213116 15617 14%
c - 1592.08 198 166 94 679 62903 4 11783462 98680 2.6 64 24 3 17 47% 18505 213116 15617 14%
c - 1594.69 206 166 94 680 63109 4 11809519 100583 2.6 63 24 3 17 46% 18508 213116 15617 14%
c - 1597.46 192 167 94 681 63336 4 11835595 102145 2.6 63 24 3 17 46% 18510 213116 15617 14%
c - 1600.63 207 168 94 682 63613 4 11861692 102838 2.6 63 25 3 17 46% 18515 213116 15617 14%
c - 1603.67 216 168 94 683 63853 4 11887808 103741 2.6 65 25 3 17 47% 18516 213116 15617 14%
c - 1606.80 229 168 94 684 64112 4 11913943 105221 2.6 65 25 3 17 47% 18517 213116 15617 14%
c
c  seconds      switched      rate             size/glue  tier1     binary           remaining
c           MB    reductions     conflicts           size   tier2       irredundant
c             level     restarts         redundant      glue    trail           variables
c
c - 1610.09 186 169 94 685 64363 4 11940097 106149 2.6 67 25 3 17 48% 18518 213116 15617 14%
c - 1612.62 194 163 94 686 64545 4 11966271 107841 2.6 66 25 3 17 46% 18522 213116 15617 14%
c - 1616.06 225 165 94 687 64831 4 11992462 108380 2.6 67 25 3 17 47% 18524 213116 15617 14%
c } 1618.25 234 165 95 687 65005 4 12013542 128925 2.6 65 25 3 17 46% 18525 213116 15617 14%
c [ 1618.25 234 88 95 687 65005 1 12013542 128925 2.7 154 58 3 35 57% 18525 213116 15617 14%
c B 1618.25 234 88 95 687 65005 1 12013542 128925 2.7 154 58 3 35 57% 18525 213116 15617 14%
c - 1618.99 181 92 95 688 65009 1 12018673 106839 2.6 154 58 3 35 57% 18525 213116 15617 14%
c o 1620.54 183 96 95 688 65016 1 12031012 118697 2.6 151 59 3 35 57% 18525 213116 15617 14%
c u 1622.01 187 102 95 688 65018 1 12035375 110628 2.5 151 60 3 35 57% 18543 213116 15617 14%
c v 1623.24 190 102 95 688 65018 1 12035375 97625 2.5 151 60 3 35 57% 18544 213116 15617 14%
c w 1623.88 203 102 95 688 65018 1 12035375 97373 2.5 151 60 3 35 57% 18544 213116 15617 14%
c t 1623.91 203 102 95 688 65018 1 12035375 97373 2.5 151 60 3 35 57% 18530 213116 15617 14%
c f 1623.92 203 102 95 688 65018 1 12035375 97373 2.5 151 60 3 35 57% 18531 213098 15618 14%
c u 1624.54 203 102 95 688 65018 1 12035375 96214 2.5 151 60 3 35 57% 18536 213098 15618 14%
c v 1625.33 205 102 95 688 65018 1 12035375 90795 2.5 151 60 3 35 57% 18536 213098 15618 14%
c w 1626.91 215 102 95 688 65018 1 12035375 90574 2.5 151 60 3 35 57% 18536 213098 15618 14%
c t 1626.93 215 102 95 688 65018 1 12035375 90574 2.5 151 60 3 35 57% 18535 213098 15618 14%
c - 1628.28 215 101 95 689 65019 1 12044903 72299 2.5 151 59 3 35 57% 18535 213098 15618 14%
c - 1632.24 147 105 95 690 65034 1 12071151 68463 2.5 148 59 3 35 56% 18535 213098 15618 14%
c - 1636.36 147 109 95 691 65037 1 12097420 66633 2.6 157 61 3 35 56% 18535 213098 15618 14%
c
c  seconds      switched      rate            size/glue   tier1     binary           remaining
c           MB    reductions     conflicts          size    tier2       irredundant
c             level     restarts         redundant      glue    trail           variables
c
c - 1640.39 150 107 95 692 65050 1 12123708 64287 2.5 154 61 3 35 56% 18535 213098 15618 14%
c - 1645.24 113 99 95 693 65064 1 12150014 63215 2.5 149 60 3 35 57% 18535 213098 15618 14%
c - 1649.73 115 93 95 694 65066 1 12176339 62738 2.5 149 58 3 35 57% 18535 213098 15618 14%
c - 1654.29 116 89 95 695 65067 1 12202684 62332 2.6 153 58 3 35 58% 18535 213098 15618 14%
c - 1658.95 119 87 95 696 65080 1 12229046 62280 2.6 152 59 3 35 58% 18535 213098 15618 14%
c - 1663.78 121 85 95 697 65089 1 12255427 63446 2.5 149 59 3 35 58% 18535 213098 15618 14%
c - 1668.01 122 82 95 698 65098 1 12281828 62616 2.5 148 58 3 35 57% 18535 213098 15618 14%
c ] 1669.46 122 81 96 698 65098 1 12290955 71083 2.6 148 58 3 35 58% 18535 213098 15618 14%
c { 1669.46 122 165 96 698 65098 4 12290955 71083 2.6 65 25 3 17 46% 18535 213098 15618 14%
c - 1671.33 147 167 96 699 65272 4 12308248 71661 2.6 66 25 3 17 47% 18536 213098 15618 14%
c - 1674.39 155 167 96 700 65557 4 12334688 85930 2.6 67 26 3 17 48% 18537 213098 15618 14%
c - 1677.42 163 167 96 701 65823 4 12361146 92923 2.6 68 26 3 17 49% 18537 213098 15618 14%
c - 1680.57 132 168 96 702 66107 4 12387622 96657 2.6 69 26 3 17 50% 18538 213098 15618 14%
c u 1682.46 139 167 96 702 66211 4 12398908 102641 2.6 70 27 3 18 50% 18546 213098 15618 14%
c v 1683.75 142 167 96 702 66211 4 12398908 88530 2.6 70 27 3 18 50% 18546 213098 15618 14%
c w 1685.77 145 167 96 702 66211 4 12398908 88277 2.6 70 27 3 18 50% 18546 213098 15618 14%
c t 1685.79 145 167 96 702 66211 4 12398908 88277 2.6 70 27 3 18 50% 18540 213098 15618 14%
c - 1687.29 147 167 96 703 66326 4 12414117 85036 2.6 70 26 3 18 50% 18540 213098 15618 14%
c - 1690.47 161 167 96 704 66592 4 12440632 91725 2.7 71 27 3 18 51% 18540 213098 15618 14%
c - 1693.85 172 168 96 705 66885 4 12467166 94886 2.6 72 27 3 18 51% 18542 213098 15618 14%
c
c  seconds      switched      rate            size/glue  tier1     binary           remaining
c           MB    reductions     conflicts          size   tier2       irredundant
c             level     restarts         redundant     glue    trail           variables
c
c - 1697.20 188 168 96 706 67164 4 12493718 96940 2.6 73 28 3 18 51% 18543 213098 15618 14%
c - 1700.46 204 169 96 707 67414 4 12520289 99263 2.6 73 28 3 18 50% 18544 213098 15618 14%
c o 1700.57 207 169 96 707 67423 4 12521170 100135 2.6 73 28 3 18 50% 18544 213098 15618 14%
c - 1703.55 169 168 96 708 67648 4 12546879 101307 2.6 74 28 3 18 51% 18544 213098 15618 14%
c - 1706.76 181 168 96 709 67906 4 12573487 102795 2.7 75 28 3 18 51% 18544 213098 15618 14%
c - 1709.59 189 166 96 710 68117 4 12600114 104406 2.7 74 28 3 18 50% 18544 213098 15618 14%
c - 1712.64 200 163 96 711 68350 4 12626760 105876 2.7 74 28 3 18 50% 18544 213098 15618 14%
c - 1715.92 165 164 96 712 68599 4 12653424 106814 2.7 76 28 3 18 50% 18544 213098 15618 14%
c s 1717.23 172 164 96 712 68690 4 12667547 120583 2.7 74 27 3 18 49% 18549 213087 15618 14%
c s 1717.24 172 164 96 712 68690 4 12667547 120583 2.7 74 27 3 18 49% 18549 213086 15618 14%
c - 1719.03 179 164 96 713 68843 4 12680109 107814 2.7 75 28 3 18 50% 18549 213086 15618 14%
c - 1722.14 190 164 96 714 69070 4 12706813 108798 2.7 75 28 3 18 50% 18550 213086 15618 14%
c - 1725.54 156 162 96 715 69351 4 12733537 109170 2.7 76 29 3 18 50% 18550 213086 15618 14%
c } 1727.27 180 161 97 715 69479 4 12747218 122695 2.7 77 28 3 18 50% 18551 213086 15618 14%
c [ 1727.27 180 81 97 715 69479 1 12747218 122695 2.6 148 58 3 35 58% 18551 213086 15618 14%
c W 1727.32 194 81 97 715 69479 1 12747218 122695 2.6 148 58 3 35 58% 18551 213086 15618 14%
c - 1729.52 198 81 97 716 69486 1 12760276 104586 2.6 150 57 3 35 58% 18551 213086 15618 14%
c u 1731.66 202 82 97 716 69492 1 12768353 101284 2.6 150 58 3 35 58% 18562 213086 15618 14%
c v 1732.76 205 82 97 716 69492 1 12768353 89241 2.6 150 58 3 35 58% 18563 213086 15618 14%
c w 1734.10 214 82 97 716 69492 1 12768353 88553 2.6 150 58 3 35 58% 18563 213086 15618 14%
c
c  seconds     switched      rate            size/glue   tier1     binary           remaining
c           MB   reductions     conflicts          size    tier2       irredundant
c            level     restarts         redundant      glue    trail           variables
c
c t 1734.12 214 82 97 716 69492 1 12768353 88553 2.6 150 58 3 35 58% 18558 213086 15618 14%
c - 1737.44 176 82 97 717 69499 1 12787039 73953 2.7 153 57 3 35 59% 18558 213086 15618 14%
c - 1741.62 188 86 97 718 69509 1 12813815 67074 2.7 157 58 3 35 59% 18558 213086 15618 14%
c - 1746.05 189 91 97 719 69516 1 12840611 67049 2.8 160 57 3 35 59% 18558 213086 15618 14%
c - 1750.25 141 101 97 720 69529 1 12867425 67586 2.6 162 62 3 35 58% 18558 213086 15618 14%
c - 1754.66 141 101 97 721 69539 1 12894257 66981 2.7 161 61 3 35 58% 18558 213086 15618 14%
c - 1760.00 141 96 97 722 69541 1 12921108 65159 2.8 164 60 3 35 58% 18558 213086 15618 14%
c - 1765.38 114 91 97 723 69544 1 12947978 63594 2.9 168 59 3 35 58% 18558 213086 15618 14%
c - 1770.43 120 86 97 724 69556 1 12974866 64913 2.9 167 57 3 35 58% 18558 213086 15618 14%
c - 1775.09 121 87 97 725 69571 1 13001773 68110 2.9 167 57 3 35 58% 18558 213086 15618 14%
c - 1779.61 121 90 97 726 69575 1 13028699 68851 2.9 166 58 3 35 58% 18558 213086 15618 14%
c o 1780.02 121 90 97 726 69577 1 13031115 71221 2.9 166 57 3 35 58% 18558 213086 15618 14%
c - 1783.31 130 103 97 727 69587 1 13055643 69912 2.7 163 60 3 35 58% 18558 213086 15618 14%
c ] 1784.28 130 104 98 727 69590 1 13062877 76881 2.7 164 60 3 35 58% 18558 213086 15618 14%
c { 1784.28 130 161 98 727 69590 4 13062877 76881 2.7 77 28 3 18 50% 18558 213086 15618 14%
c - 1786.49 147 140 98 728 69605 4 13082606 79695 3.0 82 28 3 18 51% 18560 213086 15618 14%
c - 1787.66 149 124 98 729 69608 3 13109588 95783 3.0 74 25 3 18 47% 18562 213086 15618 14%
c i 1788.68 145 113 98 729 69613 3 13125024 111024 3.1 74 24 3 18 46% 18572 213086 15617 14%
c i 1789.12 148 108 98 729 69618 3 13133329 119189 3.1 73 23 3 18 46% 18576 213086 15616 14%
c - 1789.20 148 106 98 730 69618 3 13136588 104582 3.1 72 23 3 18 45% 18563 213086 15616 14%
c
c  seconds      switched      rate             size/glue  tier1     binary           remaining
c           MB    reductions     conflicts           size   tier2       irredundant
c             level     restarts         redundant      glue    trail           variables
c
c u 1789.94 150 102 98 730 69618 3 13143711 105485 3.1 69 22 3 18 43% 18584 213047 15616 14%
c v 1791.43 154 102 98 730 69618 3 13143711 93970 3.1 69 22 3 18 43% 18584 213047 15616 14%
c w 1793.03 157 102 98 730 69618 3 13143711 93210 3.1 69 22 3 18 43% 18584 213047 15616 14%
c t 1793.06 157 102 98 730 69618 3 13143711 93210 3.1 69 22 3 18 43% 18579 213047 15616 14%
c - 1793.42 144 92 98 731 69618 2 13163607 93923 3.1 62 20 3 18 38% 18584 213047 15616 14%
c - 1794.32 149 82 98 732 69625 2 13190644 100653 3.1 57 19 3 18 36% 18589 213047 15616 14%
c - 1795.38 147 76 98 733 69642 2 13217699 106066 3.3 57 17 3 18 35% 18593 213047 15616 14%
c - 1796.05 149 78 98 734 69642 2 13244773 108254 3.1 50 16 3 17 31% 18594 213047 15616 14%
c - 1796.95 149 76 98 735 69658 2 13271865 109606 3.1 47 15 3 17 30% 18599 213047 15616 14%
c - 1798.00 152 75 98 736 69694 2 13298976 113182 3.1 44 14 3 17 30% 18610 213047 15616 14%
c - 1798.95 150 64 98 737 69724 2 13326105 112695 3.5 46 13 3 17 29% 18613 213047 15616 14%
c - 1799.91 149 58 98 738 69744 1 13353254 113954 3.7 47 13 3 17 28% 18618 213047 15616 14%
c - 1801.10 152 58 98 739 69829 1 13380420 117278 3.6 45 12 3 17 29% 18630 213047 15616 14%
c i 1801.40 149 59 98 739 69868 2 13384986 121767 3.6 45 12 3 17 30% 18638 213047 15615 14%
c - 1802.38 152 60 98 740 69944 2 13407604 115532 3.6 42 12 3 17 29% 18637 213047 15615 14%
c - 1803.29 125 56 98 741 70017 2 13434806 115423 3.4 39 12 3 17 27% 18638 213047 15615 14%
c - 1803.98 123 52 98 742 70055 2 13462027 116621 3.2 34 11 3 17 24% 18638 213047 15615 14%
c - 1804.55 124 45 98 743 70055 1 13489267 115702 3.0 29 10 3 17 20% 18640 213047 15615 14%
c - 1805.85 125 48 98 744 70262 2 13516525 118793 3.0 30 10 3 17 21% 18650 213047 15615 14%
c u 1806.56 124 48 98 744 70321 2 13525007 122819 3.1 30 10 3 17 22% 18653 213033 15615 14%
c
c  seconds     switched      rate             size/glue  tier1     binary           remaining
c           MB   reductions     conflicts           size   tier2       irredundant
c            level     restarts         redundant      glue    trail           variables
c
c v 1806.93 126 48 98 744 70321 2 13525007 118139 3.1 30 10 3 17 22% 18653 213033 15615 14%
c w 1807.10 128 48 98 744 70321 2 13525007 118115 3.1 30 10 3 17 22% 18653 213033 15615 14%
c t 1807.12 128 48 98 744 70321 2 13525007 118115 3.1 30 10 3 17 22% 18625 213033 15615 14%
c } 1807.97 124 50 99 744 70474 2 13536712 129674 3.1 31 10 3 17 23% 18633 213033 15615 14%
c [ 1807.97 124 104 99 744 70474 1 13536712 129674 2.7 164 60 3 35 58% 18633 213033 15615 14%
c I 1807.97 124 104 99 744 70474 1 13536712 129674 2.7 164 60 3 35 58% 18633 213033 15615 14%
c - 1808.90 125 106 99 745 70479 1 13543802 113402 2.7 163 60 3 35 58% 18633 213033 15615 14%
c o 1809.02 115 106 99 745 70480 1 13544924 114485 2.7 162 60 3 35 58% 18633 213033 15615 14%
c - 1812.99 138 106 99 746 70490 1 13571097 101140 2.7 162 60 3 35 57% 18634 213033 15615 14%
c - 1817.74 140 101 99 747 70503 1 13598411 87546 2.8 164 58 3 35 58% 18634 213033 15615 14%
c - 1821.75 151 102 99 748 70510 1 13625744 85678 2.8 161 57 3 35 58% 18634 213033 15615 14%
c - 1825.56 154 105 99 749 70521 1 13653093 85266 2.7 157 58 3 35 57% 18634 213033 15615 14%
c ] 1828.48 149 106 100 749 70533 1 13672863 104425 2.7 156 59 3 35 58% 18634 213033 15615 14%
c { 1828.48 149 50 100 749 70533 2 13672863 104425 3.1 31 10 3 17 23% 18634 213033 15615 14%
c - 1829.59 102 59 100 750 70674 2 13680460 88488 2.9 33 11 3 17 25% 18635 213033 15615 14%
c s 1830.31 105 65 100 750 70776 2 13685923 93870 2.9 35 12 3 17 26% 18645 212996 15615 14%
c e 1830.32 91 65 100 750 70776 2 13685923 93870 2.9 35 12 3 17 26% 18639 213046 15611 14%
c s 1830.32 91 65 100 750 70776 2 13685923 93870 2.9 35 12 3 17 26% 18642 213026 15611 14%
c e 1830.33 91 65 100 750 70776 2 13685923 93870 2.9 35 12 3 17 26% 18639 213054 15609 14%
c - 1833.24 115 86 100 751 71157 3 13707848 100066 2.7 39 15 3 17 30% 18641 213054 15609 14%
c
c  seconds      switched       rate             size/glue  tier1     binary           remaining
c           MB     reductions     conflicts           size   tier2       irredundant
c             level      restarts         redundant      glue    trail           variables
c
c - 1837.02 139 105 100 752 71592 4 13735255 111782 2.5 42 17 3 17 34% 18642 213054 15609 14%
c - 1840.76 148 121 100 753 72004 4 13762677 117613 2.5 46 19 3 17 36% 18644 213054 15609 14%
c - 1844.64 156 131 100 754 72376 4 13790118 121196 2.4 49 20 3 17 39% 18644 213054 15609 14%
c - 1848.41 167 141 100 755 72744 5 13817578 124157 2.4 51 21 3 17 40% 18645 213054 15609 14%
c - 1851.91 146 145 100 756 73074 5 13845055 126247 2.4 53 22 3 17 41% 18647 213054 15609 14%
c - 1855.65 156 151 100 757 73392 5 13872551 128375 2.4 54 23 3 17 42% 18650 213054 15609 14%
c - 1858.89 165 151 100 758 73658 5 13900067 130127 2.4 55 23 3 17 42% 18651 213054 15609 14%
c u 1861.82 175 153 100 758 73795 5 13912271 119075 2.4 56 23 3 17 43% 18720 213054 15608 14%
c v 1863.41 178 153 100 758 73795 5 13912271 101119 2.4 56 23 3 17 43% 18721 213054 15608 14%
c w 1864.08 181 153 100 758 73795 5 13912271 101016 2.4 56 23 3 17 43% 18721 213054 15608 14%
c t 1864.10 149 153 100 758 73795 5 13912271 101007 2.4 56 23 3 17 43% 18687 213041 15608 14%
c u 1864.92 150 153 100 758 73795 5 13912271 98216 2.4 56 23 3 17 43% 18702 213041 15608 14%
c v 1865.91 152 153 100 758 73795 5 13912271 92200 2.4 56 23 3 17 43% 18702 213041 15608 14%
c w 1866.72 155 153 100 758 73795 5 13912271 92010 2.4 56 23 3 17 43% 18702 213041 15608 14%
c x 1867.58 161 153 100 758 73795 5 13912271 91950 2.4 56 23 3 17 43% 18711 212933 15608 14%
c t 1867.60 161 153 100 758 73795 5 13912271 91950 2.4 56 23 3 17 43% 18701 212933 15608 14%
c f 1867.62 161 153 100 758 73795 5 13912271 91950 2.4 56 23 3 17 43% 18703 212914 15609 14%
c i 1867.63 161 153 100 758 73795 5 13912271 91950 2.4 56 23 3 17 43% 18703 212914 15609 14%
c - 1869.63 176 154 100 759 73973 5 13927598 88933 2.4 57 24 3 17 44% 18703 212914 15609 14%
c - 1872.93 180 157 100 760 74274 5 13955147 97072 2.4 58 24 3 17 44% 18703 212914 15609 14%
c
c  seconds      switched       rate             size/glue  tier1     binary           remaining
c           MB     reductions     conflicts           size   tier2       irredundant
c             level      restarts         redundant      glue    trail           variables
c
c - 1876.08 173 161 100 761 74527 5 13982717 103265 2.4 58 24 3 17 45% 18705 212914 15609 14%
c - 1879.51 183 161 100 762 74802 5 14010305 106544 2.4 59 24 3 17 46% 18706 212914 15609 14%
c - 1882.74 189 162 100 763 75043 4 14037909 108787 2.5 60 24 3 17 47% 18706 212914 15609 14%
c o 1886.54 169 162 100 763 75366 5 14065052 135445 2.4 61 25 3 17 47% 18706 212914 15609 14%
c - 1886.62 170 163 100 764 75370 5 14065531 109923 2.4 61 25 3 17 47% 18706 212914 15609 14%
c - 1890.01 180 163 100 765 75640 4 14093171 111075 2.4 61 25 3 17 48% 18706 212914 15609 14%
c - 1893.10 194 163 100 766 75847 4 14120829 113196 2.5 62 25 3 17 48% 18708 212914 15609 14%
c - 1896.16 148 163 100 767 76055 4 14148506 114989 2.5 62 25 3 17 48% 18709 212914 15609 14%
c } 1898.28 155 164 101 767 76215 4 14164564 130783 2.5 62 25 3 17 48% 18709 212914 15609 14%
c [ 1898.28 155 106 101 767 76215 1 14164564 130783 2.7 156 59 3 35 58% 18709 212914 15609 14%
c B 1898.28 155 106 101 767 76215 1 14164564 130783 2.7 156 59 3 35 58% 18709 212914 15609 14%
c - 1900.14 156 104 101 768 76221 1 14176202 110536 2.6 153 58 3 35 57% 18709 212914 15609 14%
c - 1905.07 158 96 101 769 76235 1 14203916 95591 2.6 147 57 3 35 57% 18709 212914 15609 14%
c - 1910.47 120 89 101 770 76245 1 14231646 83479 2.6 141 55 3 35 57% 18709 212914 15609 14%
c - 1915.84 122 83 101 771 76253 1 14259395 81730 2.5 136 53 3 35 58% 18709 212914 15609 14%
c - 1920.25 125 79 101 772 76266 1 14287162 83333 2.6 138 52 3 35 57% 18709 212914 15609 14%
c u 1924.20 133 78 101 772 76275 1 14305496 90004 2.7 140 52 3 35 57% 18728 212914 15609 14%
c v 1924.46 134 78 101 772 76275 1 14305496 87294 2.7 140 52 3 35 57% 18728 212914 15609 14%
c w 1928.00 172 78 101 772 76275 1 14305496 85830 2.7 140 52 3 35 57% 18728 212914 15609 14%
c t 1928.02 172 78 101 772 76275 1 14305496 85830 2.7 140 52 3 35 57% 18721 212914 15609 14%
c
c  seconds     switched       rate            size/glue   tier1     binary           remaining
c           MB    reductions     conflicts          size    tier2       irredundant
c            level      restarts         redundant      glue    trail           variables
c
c - 1929.31 186 79 101 773 76276 1 14314946 70096 2.7 139 51 3 35 57% 18721 212914 15609 14%
c - 1933.19 190 94 101 774 76277 1 14342748 72293 2.6 144 56 3 35 56% 18721 212914 15609 14%
c - 1937.15 163 104 101 775 76284 1 14370568 70835 2.5 146 59 3 35 56% 18721 212914 15609 14%
c - 1941.15 167 102 101 776 76295 1 14398406 71387 2.4 142 58 3 35 57% 18721 212914 15609 14%
c - 1945.87 169 94 101 777 76307 1 14426262 70897 2.6 143 55 3 35 57% 18721 212914 15609 14%
c - 1950.98 124 89 101 778 76315 1 14454138 68943 2.7 145 55 3 35 58% 18721 212914 15609 14%
c - 1955.61 127 87 101 779 76328 1 14482035 68972 2.5 143 56 3 35 59% 18721 212914 15609 14%
c - 1960.44 130 87 101 780 76339 1 14509946 65242 2.4 142 59 3 35 60% 18721 212914 15609 14%
c W 1961.91 143 86 101 780 76339 1 14517734 72702 2.4 142 59 3 35 61% 18721 212914 15609 14%
c - 1965.18 147 83 101 781 76340 1 14537876 63578 2.4 139 59 3 35 61% 18721 212914 15609 14%
c ] 1966.62 147 83 102 781 76340 1 14547119 71946 2.3 137 59 3 35 62% 18721 212914 15609 14%
c { 1966.62 147 164 102 781 76340 4 14547119 71946 2.5 62 25 3 17 48% 18721 212914 15609 14%
c - 1967.80 154 154 102 782 76357 4 14565826 75574 2.5 58 23 3 17 44% 18726 212914 15609 14%
c - 1969.24 156 145 102 783 76367 3 14593794 95730 2.4 50 21 3 17 38% 18729 212914 15609 14%
c o 1969.40 156 144 102 783 76369 3 14596444 98226 2.4 50 21 3 17 38% 18730 212914 15609 14%
c i 1970.39 158 139 102 783 76379 3 14611650 112674 2.4 48 20 3 17 37% 18736 212914 15608 14%
c - 1971.17 127 137 102 784 76387 3 14621778 105275 2.5 47 19 3 17 37% 18729 212914 15608 14%
c - 1973.02 134 135 102 785 76442 3 14649779 110039 2.4 44 18 3 17 36% 18737 212914 15608 14%
c - 1973.95 135 113 102 786 76455 3 14677796 112928 2.4 39 16 3 17 30% 18737 212914 15608 14%
c u 1976.69 162 114 102 786 76529 3 14704713 126510 2.4 37 15 3 17 29% 18761 212897 15608 14%
c
c  seconds      switched       rate             size/glue  tier1     binary           remaining
c           MB     reductions     conflicts           size   tier2       irredundant
c             level      restarts         redundant      glue    trail           variables
c
c v 1978.13 168 114 102 786 76529 3 14704713 121277 2.4 37 15 3 17 29% 18761 212897 15608 14%
c w 1978.64 169 114 102 786 76529 3 14704713 120161 2.4 37 15 3 17 29% 18761 212897 15608 14%
c t 1978.66 169 114 102 786 76529 3 14704713 120161 2.4 37 15 3 17 29% 18744 212897 15608 14%
c - 1978.80 170 115 102 787 76540 3 14705832 97849 2.4 37 15 3 17 29% 18744 212897 15608 14%
c - 1980.40 174 114 102 788 76636 3 14733885 105202 2.4 34 14 3 17 29% 18750 212897 15608 14%
c s 1981.38 163 116 102 788 76697 3 14751293 121751 2.3 33 14 3 17 28% 18766 212808 15608 14%
c e 1981.41 163 116 102 788 76697 3 14751293 121751 2.3 33 14 3 17 28% 18734 213021 15594 14%
c s 1981.42 163 116 102 788 76697 3 14751293 121751 2.3 33 14 3 17 28% 18734 212958 15594 14%
c - 1982.13 190 115 102 789 76734 3 14761956 109316 2.3 32 14 3 17 28% 18735 212958 15594 14%
c - 1983.98 192 118 102 790 76878 3 14790046 113152 2.3 30 13 3 17 28% 18739 212958 15594 14%
c - 1985.93 208 120 102 791 77059 3 14818152 116215 2.2 29 13 3 17 28% 18743 212958 15594 14%
c - 1987.73 216 119 102 792 77242 4 14846277 119229 2.2 27 12 3 17 27% 18745 212958 15594 14%
c - 1989.76 217 119 102 793 77446 4 14874421 122300 2.2 26 12 3 17 27% 18757 212958 15594 14%
c - 1992.05 200 121 102 794 77695 4 14902582 125435 2.1 25 12 3 17 27% 18762 212958 15594 14%
c - 1993.92 201 118 102 795 77893 4 14930762 128053 2.1 24 12 3 17 26% 18767 212958 15594 14%
c - 1995.80 208 114 102 796 78071 4 14958958 129990 2.1 24 11 3 17 25% 18771 212958 15594 14%
c - 1997.74 210 115 102 797 78288 4 14987172 131822 2.0 23 11 3 17 25% 18775 212958 15594 14%
c - 1999.92 217 116 102 798 78561 4 15015403 134355 2.0 23 11 3 17 25% 18780 212957 15594 14%
c - 2002.10 167 117 102 799 78810 4 15043653 136480 2.0 22 11 3 17 25% 18788 212957 15594 14%
c i 2002.24 169 117 102 799 78827 4 15045107 137873 2.0 22 11 3 17 25% 18790 212957 15593 14%
c
c  seconds      switched       rate             size/glue  tier1     binary           remaining
c           MB     reductions     conflicts           size   tier2       irredundant
c             level      restarts         redundant      glue    trail           variables
c
c } 2003.21 172 118 103 799 78939 4 15056972 149152 2.0 22 11 3 17 25% 18793 212956 15593 14%
c [ 2003.21 172 83 103 799 78939 1 15056972 149152 2.3 137 59 3 35 62% 18793 212956 15593 14%
c O 2003.21 172 83 103 799 78939 1 15056972 149152 2.3 137 59 3 35 62% 18793 212956 15593 14%
c - 2005.86 173 90 103 800 78948 1 15071920 130948 2.3 142 61 3 35 61% 18775 212956 15593 14%
c - 2011.03 212 92 103 801 78960 1 15100205 115018 2.4 149 63 3 35 60% 18775 212956 15593 14%
c u 2013.70 168 93 103 801 78966 1 15109920 111805 2.4 148 63 3 35 59% 18791 212955 15593 14%
c v 2014.55 168 93 103 801 78966 1 15109920 103381 2.4 148 63 3 35 59% 18793 212955 15593 14%
c w 2015.29 175 93 103 801 78966 1 15109920 103062 2.4 148 63 3 35 59% 18793 212955 15593 14%
c t 2015.31 175 93 103 801 78966 1 15109920 103062 2.4 148 63 3 35 59% 18765 212955 15593 14%
c f 2015.33 175 93 103 801 78966 1 15109920 103062 2.4 148 63 3 35 59% 18767 212936 15594 14%
c u 2016.25 175 93 103 801 78966 1 15109920 94775 2.4 148 63 3 35 59% 18782 212936 15594 14%
c v 2016.77 175 93 103 801 78966 1 15109920 92252 2.4 148 63 3 35 59% 18782 212936 15594 14%
c w 2017.96 176 93 103 801 78966 1 15109920 92055 2.4 148 63 3 35 59% 18782 212936 15594 14%
c t 2017.98 176 93 103 801 78966 1 15109920 92055 2.4 148 63 3 35 59% 18774 212936 15594 14%
c - 2021.55 176 93 103 802 78969 1 15128506 78979 2.4 150 63 3 35 59% 18774 212936 15594 14%
c o 2026.38 127 93 103 802 78979 1 15153346 102261 2.4 154 63 3 35 58% 18774 212936 15594 14%
c - 2026.91 129 98 103 803 78981 1 15156826 79194 2.4 156 65 3 35 58% 18774 212936 15594 14%
c - 2031.95 132 109 103 804 78992 1 15185163 80471 2.3 163 70 3 35 57% 18774 212936 15594 14%
c - 2037.35 162 102 103 805 79000 1 15213517 80595 2.5 163 66 3 35 58% 18774 212936 15594 14%
c - 2042.47 164 97 103 806 79001 1 15241889 82907 2.6 163 63 3 35 59% 18774 212936 15594 14%
c
c  seconds     switched       rate            size/glue   tier1     binary           remaining
c           MB    reductions     conflicts          size    tier2       irredundant
c            level      restarts         redundant      glue    trail           variables
c
c - 2047.71 156 96 103 807 79012 1 15270280 85881 2.6 163 62 3 35 58% 18774 212936 15594 14%
c ] 2049.61 161 95 104 807 79016 1 15283243 98550 2.6 159 60 3 35 56% 18774 212936 15594 14%
c { 2049.61 161 118 104 807 79016 4 15283243 98550 2.0 22 11 3 17 25% 18774 212936 15594 14%
c - 2052.02 168 125 104 808 79296 5 15298688 94427 2.1 27 13 3 17 28% 18775 212936 15594 14%
c - 2056.54 168 135 104 809 79786 5 15327113 105992 2.2 35 16 3 17 33% 18781 212936 15594 14%
c - 2060.99 116 143 104 810 80228 5 15355556 115022 2.2 41 18 3 17 36% 18781 212936 15594 14%
c - 2064.99 119 147 104 811 80597 5 15384016 120474 2.3 46 20 3 17 39% 18782 212936 15594 14%
c - 2068.95 117 149 104 812 80942 5 15412494 124267 2.4 49 21 3 17 40% 18787 212936 15594 14%
c - 2073.31 117 152 104 813 81315 5 15440989 126524 2.4 53 22 3 17 42% 18791 212936 15594 14%
c - 2077.39 116 155 104 814 81641 5 15469503 128227 2.4 55 23 3 17 43% 18793 212936 15594 14%
c - 2081.32 120 156 104 815 81924 5 15498033 129976 2.5 58 23 3 17 45% 18795 212936 15594 14%
c u 2086.08 119 157 104 815 82165 4 15521149 135576 2.5 60 24 3 17 46% 18829 212936 15594 14%
c v 2088.24 114 157 104 815 82165 4 15521149 117048 2.5 60 24 3 17 46% 18830 212936 15594 14%
c w 2089.21 122 157 104 815 82165 4 15521149 117020 2.5 60 24 3 17 46% 18830 212936 15594 14%
c t 2089.24 122 157 104 815 82165 4 15521149 117020 2.5 60 24 3 17 46% 18804 212936 15594 14%
c - 2090.18 119 157 104 816 82232 4 15526581 101214 2.5 60 24 3 17 46% 18805 212936 15594 14%
c - 2093.96 120 159 104 817 82501 4 15555146 107308 2.6 62 24 3 17 47% 18805 212936 15594 14%
c - 2098.00 104 160 104 818 82769 4 15583730 112699 2.6 64 25 3 17 48% 18807 212936 15594 14%
c - 2101.55 104 158 104 819 83010 4 15612332 115258 2.6 64 24 3 17 48% 18808 212936 15594 14%
c - 2105.69 105 160 104 820 83303 4 15640950 116512 2.6 65 25 3 17 48% 18809 212936 15594 14%
c
c  seconds      switched       rate             size/glue  tier1     binary           remaining
c           MB     reductions     conflicts           size   tier2       irredundant
c             level      restarts         redundant      glue    trail           variables
c
c - 2109.48 104 159 104 821 83559 4 15669585 117411 2.7 66 25 3 17 48% 18810 212936 15594 14%
c - 2113.62 105 158 104 822 83836 4 15698239 118433 2.7 68 25 3 17 49% 18810 212936 15594 14%
c o 2114.25 102 159 104 822 83872 4 15703397 123545 2.7 68 25 3 17 49% 18810 212936 15594 14%
c - 2117.16 105 158 104 823 84058 4 15726909 119542 2.7 66 25 3 17 48% 18810 212936 15594 14%
c - 2121.13 105 158 104 824 84324 4 15755596 120448 2.7 68 25 3 17 49% 18810 212936 15594 14%
c - 2124.86 105 160 104 825 84578 4 15784301 120860 2.7 68 25 3 17 50% 18811 212936 15594 14%
c } 2128.38 104 158 105 825 84818 4 15811538 147823 2.7 67 25 3 17 49% 18811 212936 15594 14%
c [ 2128.38 104 95 105 825 84818 1 15811538 147823 2.6 159 60 3 35 56% 18811 212936 15594 14%
c B 2128.38 104 95 105 825 84818 1 15811538 147823 2.6 159 60 3 35 56% 18811 212936 15594 14%
c - 2128.64 105 97 105 826 84819 1 15813023 120624 2.6 159 61 3 35 56% 18811 212936 15594 14%
c - 2133.56 142 108 105 827 84832 1 15841765 108517 2.4 156 64 3 35 55% 18811 212936 15594 14%
c s 2136.87 145 107 105 827 84845 1 15864247 129992 2.4 151 62 3 35 54% 18813 212910 15594 14%
c e 2136.88 145 107 105 827 84845 1 15864247 129992 2.4 151 62 3 35 54% 18807 212930 15593 14%
c s 2136.89 145 107 105 827 84845 1 15864247 129992 2.4 151 62 3 35 54% 18807 212918 15593 14%
c - 2138.01 167 104 105 828 84847 1 15870522 93299 2.4 150 61 3 35 54% 18807 212918 15593 14%
c - 2142.89 156 98 105 829 84853 1 15899297 92926 2.6 146 56 3 35 52% 18807 212918 15593 14%
c - 2146.26 192 100 105 830 84865 1 15928089 91805 2.6 148 56 3 35 50% 18807 212918 15593 14%
c u 2148.32 192 100 105 830 84870 1 15938398 90282 2.6 147 56 3 35 50% 18821 212918 15593 14%
c v 2148.72 192 100 105 830 84870 1 15938398 86237 2.6 147 56 3 35 50% 18821 212918 15593 14%
c w 2151.59 196 100 105 830 84870 1 15938398 85422 2.6 147 56 3 35 50% 18821 212918 15593 14%
c
c  seconds      switched       rate            size/glue   tier1     binary           remaining
c           MB     reductions     conflicts          size    tier2       irredundant
c             level      restarts         redundant      glue    trail           variables
c
c t 2151.61 196 100 105 830 84870 1 15938398 85422 2.6 147 56 3 35 50% 18815 212918 15593 14%
c - 2154.52 170 105 105 831 84878 1 15956898 73056 2.7 153 57 3 35 51% 18815 212918 15593 14%
c - 2160.59 186 102 105 832 84880 1 15985725 71042 2.8 164 58 3 35 52% 18815 212918 15593 14%
c - 2166.68 156 101 105 833 84886 1 16014570 70299 2.9 173 59 3 35 53% 18815 212918 15593 14%
c - 2171.53 166 101 105 834 84898 1 16043432 72747 2.9 175 61 3 35 54% 18815 212918 15593 14%
c - 2176.76 170 104 105 835 84910 1 16072311 72185 2.8 176 63 3 35 55% 18815 212918 15593 14%
c - 2180.59 171 113 105 836 84918 1 16101208 74247 2.6 175 68 3 35 54% 18816 212918 15593 14%
c - 2184.41 193 109 105 837 84932 1 16130123 73714 2.6 174 67 3 35 53% 18817 212918 15593 14%
c - 2189.22 169 104 105 838 84942 1 16159054 75533 2.7 172 63 3 35 53% 18818 212918 15593 14%
c - 2194.51 172 93 105 839 84943 1 16188003 75550 2.9 170 58 3 35 52% 18818 212918 15593 14%
c W 2195.71 192 91 105 839 84943 1 16194709 81967 3.0 170 57 3 35 52% 18818 212918 15593 14%
c - 2200.43 187 87 105 840 84944 1 16216970 76131 3.0 170 56 3 35 53% 18818 212918 15593 14%
c ] 2204.06 188 85 106 840 84944 1 16234854 93398 3.0 170 56 3 35 52% 18818 212918 15593 14%
c { 2204.06 188 158 106 840 84944 4 16234854 93398 2.7 67 25 3 17 49% 18818 212918 15593 14%
c - 2205.59 192 161 106 841 85070 4 16245954 80415 2.6 67 25 3 17 49% 18819 212918 15593 14%
c o 2207.93 199 165 106 841 85266 4 16263536 97813 2.6 67 26 3 17 50% 18821 212918 15593 14%
c - 2209.74 208 168 106 842 85413 4 16274954 93169 2.6 68 26 3 17 50% 18821 212918 15593 14%
c - 2213.96 160 174 106 843 85732 4 16303971 101626 2.6 70 27 3 17 50% 18823 212918 15593 14%
c - 2217.96 189 177 106 844 86009 4 16333005 106079 2.6 70 27 3 17 50% 18826 212918 15593 14%
c u 2223.04 190 179 106 844 86314 4 16361688 126923 2.6 71 28 3 17 50% 18839 212918 15593 14%
c
c  seconds      switched       rate             size/glue  tier1     binary           remaining
c           MB     reductions     conflicts           size   tier2       irredundant
c             level      restarts         redundant      glue    trail           variables
c
c v 2224.84 196 179 106 844 86314 4 16361688 110203 2.6 71 28 3 17 50% 18841 212918 15593 14%
c w 2227.30 208 179 106 844 86314 4 16361688 109954 2.6 71 28 3 17 50% 18841 212918 15593 14%
c t 2227.32 208 179 106 844 86314 4 16361688 109954 2.6 71 28 3 17 50% 18836 212918 15593 14%
c - 2227.43 208 179 106 845 86319 4 16362057 88819 2.6 71 28 3 17 50% 18836 212918 15593 14%
c - 2231.31 157 181 106 846 86601 4 16391129 95507 2.6 71 28 3 17 50% 18838 212918 15593 14%
c - 2234.81 173 180 106 847 86853 4 16420216 101834 2.6 71 28 3 17 49% 18840 212918 15593 14%
c - 2238.80 190 180 106 848 87116 4 16449326 105203 2.6 72 28 3 17 50% 18840 212918 15593 14%
c - 2242.68 173 181 106 849 87354 4 16478446 107307 2.7 73 28 3 17 51% 18841 212918 15593 14%
c - 2246.55 190 183 106 850 87624 4 16507585 108711 2.7 74 28 3 17 51% 18842 212918 15593 14%
c - 2250.87 206 185 106 851 87940 4 16536742 109413 2.6 74 28 3 17 51% 18845 212918 15593 14%
c - 2255.09 197 184 106 852 88212 4 16565914 110199 2.6 74 28 3 17 51% 18846 212918 15593 14%
c - 2259.21 214 185 106 853 88507 4 16595103 111254 2.6 75 29 3 17 51% 18847 212918 15593 14%
c - 2263.92 167 185 106 854 88826 4 16624310 111796 2.6 77 29 3 17 50% 18847 212918 15593 14%
c - 2268.23 185 182 106 855 89078 4 16653533 113109 2.6 77 29 3 17 51% 18850 212918 15593 14%
c - 2272.54 204 183 106 856 89339 4 16682773 114823 2.6 77 29 3 17 51% 18853 212918 15593 14%
c - 2277.12 181 182 106 857 89575 4 16712031 115459 2.7 79 29 3 17 51% 18854 212918 15593 14%
c - 2281.35 198 181 106 858 89817 4 16741305 116500 2.7 78 29 3 17 51% 18856 212918 15593 14%
c - 2286.09 188 183 106 859 90138 4 16770598 116906 2.7 78 29 3 17 51% 18859 212918 15593 14%
c } 2287.86 197 183 107 859 90260 4 16781879 128032 2.7 78 29 3 17 51% 18860 212918 15593 14%
c [ 2287.86 197 85 107 859 90260 1 16781879 128032 3.0 170 56 3 35 52% 18860 212918 15593 14%
c
c  seconds     switched       rate             size/glue   tier1     binary           remaining
c           MB    reductions     conflicts           size    tier2       irredundant
c            level      restarts         redundant       glue    trail           variables
c
c I 2287.86 197 85 107 859 90260 1 16781879 128032 3.0 170 56 3 35 52% 18860 212918 15593 14%
c u 2290.49 219 92 107 859 90266 1 16791020 123848 2.9 167 57 3 35 53% 18886 212918 15593 14%
c v 2292.19 222 92 107 859 90266 1 16791020 110100 2.9 167 57 3 35 53% 18886 212918 15593 14%
c w 2293.82 229 92 107 859 90266 1 16791020 109936 2.9 167 57 3 35 53% 18886 212918 15593 14%
c = 2300.15 150 92 107 859 90266 1 16791020 109936 2.9 167 57 3 35 53% 18886 212905 15592 14%
c t 2300.17 150 92 107 859 90266 1 16791020 109934 2.9 167 57 3 35 53% 18870 212904 15592 14%
c u 2301.02 150 92 107 859 90266 1 16791020 108708 2.9 167 57 3 35 53% 18871 212904 15592 14%
c v 2302.17 150 92 107 859 90266 1 16791020 102411 2.9 167 57 3 35 53% 18871 212904 15592 14%
c w 2303.41 156 92 107 859 90266 1 16791020 102286 2.9 167 57 3 35 53% 18871 212904 15592 14%
c x 2304.42 161 92 107 859 90266 1 16791020 102207 2.9 167 57 3 35 53% 18882 212644 15592 14%
c t 2304.45 161 92 107 859 90266 1 16791020 102207 2.9 167 57 3 35 53% 18877 212644 15592 14%
c - 2305.96 193 90 107 860 90271 1 16799907 82091 3.0 168 57 3 35 53% 18875 212644 15592 14%
c - 2311.20 166 97 107 861 90284 1 16829234 76041 2.7 167 61 3 35 53% 18875 212644 15592 14%
c - 2316.47 176 103 107 862 90290 1 16858578 71618 2.5 163 65 3 35 53% 18875 212644 15592 14%
c o 2317.46 176 104 107 862 90291 1 16863923 76733 2.5 163 66 3 35 53% 18875 212644 15592 14%
c - 2321.40 126 112 107 863 90304 1 16887938 71800 2.4 166 68 3 35 56% 18875 212644 15592 14%
c - 2326.55 138 118 107 864 90319 1 16917314 75829 2.4 160 66 3 35 55% 18875 212644 15592 14%
c - 2332.33 96 112 107 865 90322 1 16946708 75784 2.5 162 65 3 35 55% 18875 212644 15592 14%
c - 2337.58 91 108 107 866 90322 1 16976121 72842 2.6 165 64 3 35 54% 18875 212644 15592 14%
c - 2342.27 109 100 107 867 90337 1 17005548 75712 2.7 160 60 3 35 54% 18875 212644 15592 14%
c
c  seconds     switched       rate            size/glue   tier1     binary           remaining
c           MB    reductions     conflicts          size    tier2       irredundant
c            level      restarts         redundant      glue    trail           variables
c
c s 2345.29 103 99 107 867 90346 1 17025414 94450 2.6 158 60 3 35 53% 18877 212609 15592 14%
c e 2345.33 105 99 107 867 90346 1 17025414 94450 2.6 158 60 3 35 53% 18844 212839 15578 14%
c s 2345.34 105 99 107 867 90346 1 17025414 94450 2.6 158 60 3 35 53% 18844 212763 15578 14%
c - 2346.59 115 99 107 868 90351 1 17034993 78334 2.6 156 59 3 35 53% 18844 212763 15578 14%
c - 2351.19 119 107 107 869 90356 1 17064454 75751 2.4 152 64 3 35 52% 18844 212763 15578 14%
c - 2354.99 124 105 107 870 90369 1 17093933 74690 2.3 147 63 3 35 50% 18844 212763 15578 14%
c - 2359.68 130 112 107 871 90383 1 17123431 77212 2.2 144 65 3 35 50% 18844 212763 15578 14%
c - 2365.59 133 113 107 872 90385 1 17152943 73996 2.1 143 69 3 35 49% 18844 212763 15578 14%
c - 2371.42 122 114 107 873 90386 1 17182474 70128 2.0 145 73 3 35 48% 18844 212763 15578 14%
c B 2371.94 122 114 107 873 90386 1 17185534 73117 2.0 145 73 3 35 48% 18844 212763 15578 14%
c - 2376.41 127 134 107 874 90386 1 17212021 72248 2.0 149 73 3 35 48% 18844 212763 15578 14%
c u 2379.76 132 143 107 874 90386 1 17226395 82684 2.0 154 76 3 35 47% 18850 212763 15578 14%
c v 2379.99 133 143 107 874 90386 1 17226395 79945 2.0 154 76 3 35 47% 18850 212763 15578 14%
c w 2385.27 178 143 107 874 90386 1 17226395 79526 2.0 154 76 3 35 47% 18850 212763 15578 14%
c t 2385.29 178 143 107 874 90386 1 17226395 79526 2.0 154 76 3 35 47% 18843 212763 15578 14%
c f 2385.31 179 143 107 874 90386 1 17226395 79526 2.0 154 76 3 35 47% 18848 212690 15581 14%
c u 2385.96 193 143 107 874 90386 1 17226395 79132 2.0 154 76 3 35 47% 18849 212690 15581 14%
c v 2386.10 193 143 107 874 90386 1 17226395 77714 2.0 154 76 3 35 47% 18849 212690 15581 14%
c w 2391.37 204 143 107 874 90386 1 17226395 75651 2.0 154 76 3 35 47% 18849 212690 15581 14%
c ] 2391.84 204 143 108 874 90386 1 17229012 78119 2.0 153 76 3 35 47% 18849 212690 15581 14%
c
c  seconds      switched       rate            size/glue  tier1     binary           remaining
c           MB     reductions     conflicts          size   tier2       irredundant
c             level      restarts         redundant     glue    trail           variables
c
c { 2391.84 204 183 108 874 90386 4 17229012 78119 2.7 78 29 3 17 51% 18849 212690 15581 14%
c - 2393.39 204 184 108 875 90493 4 17241584 69727 2.6 78 29 3 17 51% 18849 212690 15581 14%
c - 2396.49 157 185 108 876 90713 4 17271166 86083 2.6 74 29 3 17 50% 18850 212690 15581 14%
c - 2400.10 166 189 108 877 90972 4 17300763 98576 2.6 73 28 3 17 51% 18852 212690 15581 14%
c - 2404.09 176 192 108 878 91245 4 17330379 102990 2.5 73 29 3 17 52% 18854 212690 15581 14%
c - 2408.44 153 193 108 879 91543 4 17360013 105273 2.5 73 29 3 17 52% 18856 212690 15581 14%
c - 2412.40 168 196 108 880 91825 5 17389660 107276 2.5 73 29 3 17 52% 18858 212690 15581 14%
c - 2416.78 185 195 108 881 92142 5 17419324 109031 2.5 73 30 3 17 51% 18859 212690 15581 14%
c o 2420.27 167 194 108 881 92387 5 17443971 133309 2.5 73 30 3 17 51% 18860 212690 15581 14%
c - 2420.90 168 196 108 882 92416 5 17449008 110676 2.5 74 30 3 17 51% 18860 212690 15581 14%
c - 2424.71 185 196 108 883 92659 4 17478707 113278 2.5 73 29 3 17 51% 18862 212690 15581 14%
c - 2429.04 202 195 108 884 92945 4 17508424 114464 2.5 74 30 3 17 51% 18862 212690 15581 14%
c - 2433.04 185 196 108 885 93209 4 17538156 115372 2.5 72 29 3 17 51% 18863 212690 15581 14%
c - 2437.78 202 195 108 886 93541 5 17567905 116066 2.5 74 30 3 17 52% 18864 212690 15581 14%
c - 2442.10 153 194 108 887 93838 5 17597670 116495 2.5 75 30 3 17 52% 18866 212690 15581 14%
c - 2446.42 170 194 108 888 94120 5 17627452 117606 2.5 76 30 3 17 51% 18866 212690 15581 14%
c - 2451.17 191 192 108 889 94460 5 17657252 118092 2.5 77 31 3 17 51% 18867 212690 15581 14%
c u 2453.59 160 192 108 889 94551 5 17667841 115729 2.5 76 31 3 17 51% 18881 212690 15581 14%
c v 2455.11 161 192 108 889 94551 5 17667841 99952 2.5 76 31 3 17 51% 18881 212690 15581 14%
c w 2456.93 164 192 108 889 94551 5 17667841 99709 2.5 76 31 3 17 51% 18881 212690 15581 14%
c
c  seconds      switched       rate            size/glue  tier1     binary           remaining
c           MB     reductions     conflicts          size   tier2       irredundant
c             level      restarts         redundant     glue    trail           variables
c
c t 2456.95 164 192 108 889 94551 5 17667841 99709 2.5 76 31 3 17 51% 18876 212690 15581 14%
c - 2459.52 169 193 108 890 94707 4 17687071 95342 2.5 75 30 3 17 51% 18876 212690 15581 14%
c - 2463.43 133 195 108 891 94953 4 17716903 101847 2.5 76 30 3 17 52% 18876 212690 15581 14%
c - 2467.98 150 195 108 892 95249 4 17746752 105513 2.5 76 31 3 17 52% 18876 212690 15581 14%
c - 2472.93 168 196 108 893 95525 4 17776619 107390 2.5 76 30 3 17 52% 18877 212690 15581 14%
c } 2475.92 162 195 109 893 95693 4 17795053 125611 2.5 76 31 3 17 52% 18878 212690 15581 14%
c [ 2475.92 162 143 109 893 95693 1 17795053 125611 2.0 153 76 3 35 47% 18878 212690 15581 14%
c W 2476.16 179 143 109 893 95693 1 17795053 125611 2.0 153 76 3 35 47% 18878 212690 15581 14%
c - 2478.15 183 139 109 894 95699 1 17806502 106962 2.1 151 73 3 35 48% 18878 212690 15581 14%
c - 2482.88 191 139 109 895 95714 1 17836402 97224 2.1 153 71 3 35 52% 18878 212690 15581 14%
c - 2488.18 145 131 109 896 95723 1 17866322 84756 2.2 153 69 3 35 54% 18878 212690 15581 14%
c - 2493.48 162 123 109 897 95736 1 17896255 80039 2.3 156 68 3 35 56% 18878 212690 15581 14%
c - 2499.40 147 108 109 898 95748 1 17926204 78224 2.4 154 63 3 35 55% 18878 212690 15581 14%
c - 2505.43 147 96 109 899 95754 1 17956170 76637 2.6 154 59 3 35 54% 18878 212690 15581 14%
c - 2511.56 129 87 109 900 95755 1 17986153 77045 2.7 154 57 3 35 53% 18878 212690 15581 14%
c - 2516.21 130 87 109 901 95769 1 18016155 82298 2.7 147 55 3 35 51% 18878 212690 15581 14%
c - 2520.78 132 85 109 902 95784 1 18046171 84192 2.6 141 54 3 35 49% 18878 212690 15581 14%
c o 2525.54 134 86 109 902 95789 1 18076022 112802 2.6 138 54 3 35 49% 18878 212690 15581 14%
c - 2525.57 135 87 109 903 95789 1 18076205 83143 2.6 138 54 3 35 49% 18878 212690 15581 14%
c - 2530.76 156 99 109 904 95801 1 18106255 83957 2.5 139 57 3 35 50% 18878 212690 15581 14%
c
c  seconds     switched       rate            size/glue   tier1     binary           remaining
c           MB    reductions     conflicts          size    tier2       irredundant
c            level      restarts         redundant      glue    trail           variables
c
c u 2533.14 161 99 109 904 95808 1 18115382 85156 2.5 140 57 3 35 51% 18887 212690 15581 14%
c v 2533.50 162 99 109 904 95808 1 18115382 80086 2.5 140 57 3 35 51% 18887 212690 15581 14%
c w 2537.54 172 99 109 904 95808 1 18115382 77936 2.5 140 57 3 35 51% 18887 212690 15581 14%
c t 2537.56 146 99 109 904 95808 1 18115382 77936 2.5 140 57 3 35 51% 18883 212690 15581 14%
c - 2541.37 148 97 109 905 95816 1 18136321 70334 2.5 146 58 3 35 52% 18883 212690 15581 14%
c - 2546.99 166 104 109 906 95818 1 18166405 70760 2.6 158 61 3 35 54% 18883 212690 15581 14%
c - 2552.68 160 108 109 907 95819 1 18196504 70382 2.6 168 64 3 35 55% 18883 212690 15581 14%
c O 2556.93 169 110 109 907 95819 1 18219579 92932 2.7 172 64 3 35 56% 18883 212690 15581 14%
c - 2558.00 150 105 109 908 95819 1 18226621 74063 2.8 172 62 3 35 56% 18883 212690 15581 14%
c s 2559.56 154 101 109 908 95819 1 18235367 82694 3.0 177 59 3 35 55% 18885 212674 15581 14%
c e 2559.58 170 101 109 908 95819 1 18235367 82694 3.0 177 59 3 35 55% 18884 212688 15580 14%
c s 2559.59 170 101 109 908 95819 1 18235367 82694 3.0 177 59 3 35 55% 18884 212680 15580 14%
c ] 2559.66 171 101 110 908 95819 1 18235683 82993 3.0 177 60 3 35 55% 18884 212680 15580 14%
c { 2559.66 171 195 110 908 95819 4 18235683 82993 2.5 76 31 3 17 52% 18884 212680 15580 14%
c - 2561.89 196 189 110 909 95926 4 18256754 88306 2.6 75 30 3 17 52% 18884 212680 15580 14%
c - 2565.24 235 182 110 910 96101 4 18286903 100640 2.6 74 28 3 17 51% 18886 212680 15580 14%
c - 2568.24 206 175 110 911 96241 4 18317069 107161 2.7 71 27 3 17 50% 18888 212680 15580 14%
c - 2571.80 206 169 110 912 96445 4 18347253 110821 2.7 70 26 3 17 49% 18889 212680 15580 14%
c - 2575.61 205 163 110 913 96672 4 18377453 113133 2.7 68 25 3 17 49% 18890 212680 15580 14%
c - 2579.88 148 162 110 914 96959 4 18407670 114887 2.7 69 25 3 17 49% 18892 212680 15580 14%
c
c  seconds      switched       rate             size/glue  tier1     binary           remaining
c           MB     reductions     conflicts           size   tier2       irredundant
c             level      restarts         redundant      glue    trail           variables
c
c - 2583.50 149 158 110 915 97188 4 18437903 116662 2.7 67 25 3 17 48% 18894 212680 15580 14%
c - 2587.65 151 156 110 916 97468 4 18468153 118534 2.7 67 25 3 17 48% 18895 212680 15580 14%
c - 2591.52 108 156 110 917 97738 4 18498419 120055 2.7 66 25 3 17 47% 18898 212680 15580 14%
c - 2595.03 104 151 110 918 97954 4 18528702 122405 2.8 67 24 3 17 47% 18900 212680 15580 14%
c - 2599.26 114 152 110 919 98251 4 18559000 123767 2.7 67 25 3 17 47% 18901 212680 15580 14%
c u 2601.58 107 151 110 919 98356 4 18569014 121875 2.7 67 25 3 17 47% 18915 212680 15580 14%
c v 2603.31 106 151 110 919 98356 4 18569014 104802 2.7 67 25 3 17 47% 18916 212680 15580 14%
c w 2604.94 116 151 110 919 98356 4 18569014 104551 2.7 67 25 3 17 47% 18916 212680 15580 14%
c t 2604.96 116 151 110 919 98356 4 18569014 104551 2.7 67 25 3 17 47% 18904 212680 15580 14%
c - 2607.56 112 152 110 920 98537 4 18589315 100855 2.7 66 24 3 17 46% 18905 212680 15580 14%
c - 2611.46 113 155 110 921 98808 4 18619647 107897 2.7 66 25 3 17 47% 18906 212680 15580 14%
c - 2615.31 105 153 110 922 99093 4 18649997 112477 2.7 66 24 3 17 47% 18907 212680 15580 14%
c o 2618.63 114 154 110 922 99348 4 18676098 138132 2.7 65 24 3 17 47% 18909 212679 15580 14%
c - 2619.16 115 154 110 923 99387 4 18680361 114689 2.7 65 24 3 17 46% 18909 212679 15580 14%
c - 2623.15 109 155 110 924 99687 4 18710742 116230 2.6 65 24 3 17 46% 18909 212679 15580 14%
c - 2627.44 114 155 110 925 100003 4 18741139 116944 2.6 65 25 3 17 47% 18909 212679 15580 14%
c - 2631.66 112 155 110 926 100315 4 18771553 117993 2.6 66 25 3 17 47% 18909 212679 15580 14%
c - 2635.68 115 157 110 927 100608 4 18801985 119829 2.7 67 25 3 17 48% 18910 212679 15580 14%
c } 2638.26 113 156 111 927 100813 4 18821023 138659 2.7 68 26 3 17 48% 18910 212679 15580 14%
c [ 2638.26 113 101 111 927 100813 1 18821023 138659 3.0 177 60 3 35 55% 18910 212679 15580 14%
c
c  seconds      switched        rate             size/glue   tier1     binary           remaining
c           MB     reductions      conflicts           size    tier2       irredundant
c             level       restarts         redundant       glue    trail           variables
c
c B 2638.26 113 101 111 927 100813 1 18821023 138659 3.0 177 60 3 35 55% 18910 212679 15580 14%
c - 2640.29 117 103 111 928 100819 1 18832432 116247 2.9 177 60 3 35 56% 18910 212679 15580 14%
c - 2646.31 116 95 111 929 100834 1 18862896 103431 3.0 170 57 3 35 57% 18910 212679 15580 14%
c - 2652.15 99 92 111 930 100843 1 18893376 91716 2.9 166 57 3 35 59% 18910 212679 15580 14%
c - 2657.93 92 91 111 931 100857 1 18923871 89560 2.9 167 57 3 35 60% 18910 212679 15580 14%
c - 2663.38 113 84 111 932 100871 1 18954383 90699 3.0 160 54 3 35 60% 18910 212679 15580 14%
c - 2668.13 117 85 111 933 100874 1 18984911 93220 2.9 153 52 3 35 59% 18910 212679 15580 14%
c - 2672.49 112 83 111 934 100875 1 19015458 95886 2.9 144 50 3 35 59% 18910 212679 15580 14%
c u 2675.40 111 82 111 934 100882 1 19028768 97817 2.9 141 49 3 35 58% 18927 212679 15580 14%
c v 2675.97 113 82 111 934 100882 1 19028768 92928 2.9 141 49 3 35 58% 18928 212679 15580 14%
c w 2679.87 123 82 111 934 100882 1 19028768 91918 2.9 141 49 3 35 58% 18928 212679 15580 14%
c t 2679.90 123 82 111 934 100882 1 19028768 91918 2.9 141 49 3 35 58% 18922 212679 15580 14%
c - 2682.74 94 81 111 935 100890 1 19046020 82158 2.9 142 49 3 35 58% 18922 212679 15580 14%
c - 2688.03 98 83 111 936 100905 1 19076597 80412 2.8 144 51 3 35 57% 18922 212679 15580 14%
c - 2692.95 113 85 111 937 100912 1 19107192 77031 2.5 138 55 3 35 55% 18922 212679 15580 14%
c - 2698.57 108 87 111 938 100925 1 19137804 73654 2.3 134 58 3 35 55% 18922 212679 15580 14%
c - 2702.77 112 87 111 939 100937 1 19168430 79768 2.4 131 55 3 35 55% 18922 212679 15580 14%
c - 2707.07 109 82 111 940 100938 1 19199073 84720 2.5 133 52 3 35 55% 18922 212679 15580 14%
c - 2711.90 116 78 111 941 100939 1 19229733 85224 2.8 137 50 3 35 55% 18922 212679 15580 14%
c ] 2715.36 117 77 112 941 100939 1 19251603 106341 2.8 137 49 3 35 55% 18922 212679 15580 14%
c
c  seconds      switched        rate             size/glue  tier1     binary           remaining
c           MB     reductions      conflicts           size   tier2       irredundant
c             level       restarts         redundant      glue    trail           variables
c
c { 2715.36 117 156 112 941 100939 4 19251603 106341 2.7 68 26 3 17 48% 18922 212679 15580 14%
c - 2716.76 116 159 112 942 101057 4 19260411 89553 2.6 69 26 3 17 48% 18922 212679 15580 14%
c o 2720.17 118 164 112 942 101332 4 19286120 114888 2.6 70 27 3 17 49% 18922 212679 15580 14%
c - 2720.98 117 165 112 943 101394 4 19291103 99020 2.6 70 27 3 17 49% 18922 212679 15580 14%
c - 2725.10 117 169 112 944 101716 4 19321811 107625 2.6 71 28 3 17 49% 18923 212679 15580 14%
c - 2729.31 120 170 112 945 102032 4 19352535 112220 2.6 72 28 3 17 50% 18924 212678 15580 14%
c - 2733.74 119 169 112 946 102372 4 19383275 114758 2.5 75 29 3 17 50% 18924 212678 15580 14%
c - 2737.67 118 169 112 947 102648 4 19414033 117422 2.6 76 29 3 17 50% 18925 212678 15580 14%
c - 2741.62 120 168 112 948 102934 4 19444807 120374 2.6 75 29 3 17 49% 18926 212678 15580 14%
c - 2745.62 118 165 112 949 103218 4 19475596 121930 2.6 76 29 3 17 49% 18926 212678 15580 14%
c u 2749.17 114 164 112 949 103416 4 19494665 130529 2.6 78 30 3 17 49% 18944 212678 15580 14%
c v 2750.85 118 164 112 949 103416 4 19494665 113634 2.6 78 30 3 17 49% 18945 212678 15580 14%
c w 2753.07 124 164 112 949 103416 4 19494665 113507 2.6 78 30 3 17 49% 18945 212678 15580 14%
c t 2753.09 124 164 112 949 103416 4 19494665 113507 2.6 78 30 3 17 49% 18943 212678 15580 14%
c s 2753.12 108 164 112 949 103417 4 19494710 113552 2.6 78 30 3 17 49% 18948 212664 15580 14%
c e 2753.13 110 164 112 949 103417 4 19494710 113552 2.6 78 30 3 17 49% 18937 212720 15577 14%
c s 2753.13 110 164 112 949 103417 4 19494710 113552 2.6 78 30 3 17 49% 18937 212713 15577 14%
c - 2754.77 128 165 112 950 103539 4 19506402 99788 2.6 78 30 3 17 49% 18937 212713 15577 14%
c - 2758.60 142 166 112 951 103813 4 19537224 106038 2.6 80 30 3 17 50% 18938 212713 15577 14%
c - 2762.28 147 165 112 952 104060 4 19568063 111866 2.6 79 30 3 17 49% 18938 212713 15577 14%
c
c  seconds      switched        rate             size/glue  tier1     binary           remaining
c           MB     reductions      conflicts           size   tier2       irredundant
c             level       restarts         redundant      glue    trail           variables
c
c - 2766.21 153 163 112 953 104326 4 19598918 114875 2.7 80 30 3 17 50% 18939 212713 15577 14%
c - 2770.22 153 163 112 954 104592 4 19629790 116626 2.7 80 30 3 17 50% 18940 212713 15577 14%
c - 2774.12 153 166 112 955 104873 4 19660677 117891 2.6 79 30 3 17 50% 18940 212713 15577 14%
c - 2778.15 153 164 112 956 105155 4 19691580 118631 2.6 79 30 3 17 49% 18941 212713 15577 14%
c - 2782.54 153 162 112 957 105456 4 19722500 119181 2.6 81 31 3 17 50% 18941 212713 15577 14%
c - 2786.24 153 160 112 958 105692 4 19753435 119965 2.6 81 31 3 17 50% 18941 212713 15577 14%
c - 2790.32 127 160 112 959 105942 4 19784386 121455 2.7 82 30 3 17 50% 18942 212713 15577 14%
c - 2794.30 128 162 112 960 106227 4 19815354 122294 2.7 81 31 3 17 50% 18942 212713 15577 14%
c - 2798.63 129 161 112 961 106546 4 19846338 122214 2.6 82 31 3 17 50% 18943 212713 15577 14%
c } 2799.73 135 159 113 961 106609 4 19856520 132233 2.7 82 31 3 17 50% 18944 212713 15577 14%
c [ 2799.73 135 77 113 961 106609 1 19856520 132233 2.8 137 49 3 35 55% 18944 212713 15577 14%
c W 2799.85 149 77 113 961 106609 1 19856520 132233 2.8 137 49 3 35 55% 18944 212713 15577 14%
c - 2802.21 155 83 113 962 106622 1 19877338 118000 2.8 136 49 3 35 54% 18944 212713 15577 14%
c - 2806.81 161 92 113 963 106636 1 19908355 107858 2.7 133 50 3 35 54% 18944 212713 15577 14%
c o 2808.75 163 89 113 963 106639 1 19922148 121007 2.7 135 49 3 35 53% 18944 212713 15577 14%
c - 2810.67 137 122 113 964 106640 1 19939390 97082 2.3 143 62 3 35 53% 18944 212713 15577 14%
c u 2816.30 152 119 113 964 106654 1 19966684 110342 2.3 143 61 3 35 53% 18962 212713 15577 14%
c v 2816.91 156 119 113 964 106654 1 19966684 102771 2.3 143 61 3 35 53% 18962 212713 15577 14%
c w 2820.15 173 119 113 964 106654 1 19966684 101636 2.3 143 61 3 35 53% 18962 212713 15577 14%
c t 2820.18 136 119 113 964 106654 1 19966684 101636 2.3 143 61 3 35 53% 18954 212713 15577 14%
c
c  seconds      switched        rate             size/glue   tier1     binary           remaining
c           MB     reductions      conflicts           size    tier2       irredundant
c             level       restarts         redundant       glue    trail           variables
c
c f 2820.19 106 119 113 964 106654 1 19966684 101636 2.3 143 61 3 35 53% 18955 212691 15578 14%
c u 2820.93 118 119 113 964 106654 1 19966684 100568 2.3 143 61 3 35 53% 18958 212691 15578 14%
c v 2821.29 119 119 113 964 106654 1 19966684 98145 2.3 143 61 3 35 53% 18958 212691 15578 14%
c w 2825.21 132 119 113 964 106654 1 19966684 97442 2.3 143 61 3 35 53% 18958 212691 15578 14%
c t 2825.24 132 119 113 964 106654 1 19966684 97442 2.3 143 61 3 35 53% 18957 212691 15578 14%
c - 2825.97 100 118 113 965 106654 1 19970440 73243 2.3 142 61 3 35 53% 18957 212691 15578 14%
c - 2830.82 119 119 113 966 106669 1 20001504 78217 2.4 142 59 3 35 53% 18957 212691 15578 14%
c - 2835.40 108 126 113 967 106671 1 20032586 80955 2.4 147 62 3 35 54% 18957 212691 15578 14%
c - 2840.67 119 127 113 968 106678 1 20063682 78202 2.1 144 68 3 35 54% 18957 212691 15578 14%
c - 2845.97 123 116 113 969 106693 1 20094795 78965 2.2 144 64 3 35 54% 18957 212691 15578 14%
c - 2852.15 103 109 113 970 106702 1 20125924 78402 2.3 146 63 3 35 55% 18957 212691 15578 14%
c - 2858.07 107 104 113 971 106716 1 20157068 76932 2.4 150 63 3 35 56% 18957 212691 15578 14%
c - 2862.96 119 105 113 972 106730 1 20188229 79482 2.4 150 62 3 35 55% 18957 212691 15578 14%
c - 2868.51 106 99 113 973 106734 1 20219406 80091 2.5 151 60 3 35 57% 18957 212691 15578 14%
c - 2874.80 102 94 113 974 106735 1 20250600 78723 2.6 155 59 3 35 58% 18957 212691 15578 14%
c - 2880.87 104 92 113 975 106735 1 20281810 78656 2.6 155 59 3 35 59% 18957 212691 15578 14%
c ] 2885.54 117 89 114 975 106735 1 20305558 100620 2.6 154 59 3 35 60% 18957 212691 15578 14%
c { 2885.54 117 159 114 975 106735 4 20305558 100620 2.7 82 31 3 17 50% 18957 212691 15578 14%
c - 2886.57 115 151 114 976 106738 4 20313034 82069 2.8 85 30 3 17 50% 18957 212691 15578 14%
c - 2887.78 121 138 114 977 106746 3 20344274 102126 2.8 74 26 3 17 44% 18960 212691 15578 14%
c
c  seconds      switched        rate             size/glue  tier1     binary           remaining
c           MB     reductions      conflicts           size   tier2       irredundant
c             level       restarts         redundant      glue    trail           variables
c
c - 2888.80 124 125 114 978 106752 3 20375530 118002 2.8 62 22 3 17 38% 18961 212691 15578 14%
c - 2889.64 116 100 114 979 106752 2 20406802 126094 2.8 54 19 3 17 33% 18961 212691 15578 14%
c - 2890.85 119 80 114 980 106752 2 20438091 128848 2.7 49 18 3 17 29% 18961 212691 15578 14%
c u 2892.05 120 77 114 980 106752 2 20444848 128388 2.7 48 18 3 17 28% 18972 212691 15578 14%
c v 2893.69 135 77 114 980 106752 2 20444848 128270 2.7 48 18 3 17 28% 18972 212691 15578 14%
c w 2894.16 135 77 114 980 106752 2 20444848 128209 2.7 48 18 3 17 28% 18972 212691 15578 14%
c x 2895.17 126 77 114 980 106752 2 20444848 128188 2.7 48 18 3 17 28% 19039 212396 15578 14%
c t 2895.19 126 77 114 980 106752 2 20444848 128188 2.7 48 18 3 17 28% 19024 212396 15578 14%
c - 2895.96 139 85 114 981 106753 2 20469395 126759 2.7 43 16 3 17 27% 19028 212396 15578 14%
c - 2897.26 139 78 114 982 106810 2 20500716 128586 2.8 42 15 3 17 27% 19033 212396 15578 14%
c - 2898.31 142 75 114 983 106839 2 20532052 128222 3.0 41 14 3 17 27% 19034 212396 15578 14%
c o 2899.20 139 76 114 983 106856 2 20554389 150012 3.1 40 13 3 17 27% 19037 212396 15578 14%
c - 2899.65 142 76 114 984 106883 2 20563405 129358 3.1 38 12 3 17 27% 19041 212396 15578 14%
c - 2901.41 137 74 114 985 107053 2 20594774 131138 3.2 39 12 3 17 28% 19044 212396 15578 14%
c i 2902.72 139 73 114 985 107161 2 20621598 157617 3.3 39 12 3 17 28% 19057 212395 15577 14%
c - 2903.03 140 72 114 986 107197 2 20626158 133991 3.3 39 12 3 17 28% 19050 212395 15577 14%
c - 2904.71 143 67 114 987 107358 2 20657559 135635 3.3 37 11 3 17 28% 19055 212395 15577 14%
c - 2905.39 139 63 114 988 107376 2 20688975 134331 3.1 31 10 3 17 23% 19055 212395 15577 14%
c - 2907.36 143 64 114 989 107638 2 20720408 136364 3.2 34 10 3 17 25% 19073 212395 15577 14%
c i 2907.75 139 64 114 989 107684 2 20728661 144516 3.3 34 10 3 17 25% 19083 212394 15576 14%
c
c  seconds     switched        rate             size/glue  tier1     binary           remaining
c           MB    reductions      conflicts           size   tier2       irredundant
c            level       restarts         redundant      glue    trail           variables
c
c i 2908.54 142 66 114 989 107828 2 20739876 155649 3.2 35 11 3 17 26% 19090 212394 15575 14%
c - 2909.05 143 63 114 990 107881 2 20751856 140928 3.2 34 11 3 17 25% 19075 212394 15575 14%
c i 2909.88 142 57 114 990 107973 2 20773096 160895 3.1 32 10 3 17 23% 19081 212394 15574 14%
c i 2910.30 143 57 114 990 108025 2 20777254 165011 3.1 33 11 3 17 24% 19086 212392 15573 14%
c - 2910.79 141 58 114 991 108088 2 20783321 141975 3.1 33 11 3 17 24% 19073 212392 15573 14%
c s 2911.96 118 58 114 991 108215 2 20804048 162352 3.1 33 11 3 17 25% 19079 212273 15573 14%
c e 2912.00 100 58 114 991 108215 2 20804048 162352 3.1 33 11 3 17 25% 18996 212677 15549 14%
c s 2912.01 100 58 114 991 108215 2 20804048 162352 3.1 33 11 3 17 25% 18998 212559 15549 14%
c - 2912.81 130 58 114 992 108327 2 20814803 142947 3.2 34 11 3 17 26% 19001 212559 15549 14%
c - 2913.58 150 58 114 993 108343 2 20846299 144466 3.1 31 10 3 17 23% 19004 212558 15549 14%
c - 2915.43 162 60 114 994 108573 2 20877810 146353 3.1 31 10 3 17 24% 19010 212557 15549 14%
c i 2917.01 170 62 114 994 108832 2 20900226 168468 3.2 33 11 3 17 26% 19017 212557 15548 14%
c - 2917.55 173 61 114 995 108889 2 20909337 152675 3.1 33 10 3 17 26% 19011 212557 15548 14%
c u 2919.86 191 63 114 995 109108 2 20929155 165184 3.2 34 11 3 17 27% 19034 212539 15548 14%
c v 2920.56 196 63 114 995 109108 2 20929155 164520 3.2 34 11 3 17 27% 19034 212539 15548 14%
c w 2920.90 201 63 114 995 109108 2 20929155 164468 3.2 34 11 3 17 27% 19034 212539 15548 14%
c t 2920.92 201 63 114 995 109108 2 20929155 164468 3.2 34 11 3 17 27% 19002 212539 15548 14%
c f 2920.96 201 63 114 995 109108 2 20929155 164468 3.2 34 11 3 17 27% 19007 212439 15553 14%
c u 2921.65 221 63 114 995 109108 2 20929155 160869 3.2 34 11 3 17 27% 19008 212439 15553 14%
c v 2922.34 225 63 114 995 109108 2 20929155 159342 3.2 34 11 3 17 27% 19008 212439 15553 14%
c
c  seconds     switched        rate             size/glue  tier1     binary           remaining
c           MB    reductions      conflicts           size   tier2       irredundant
c            level       restarts         redundant      glue    trail           variables
c
c w 2922.67 230 63 114 995 109108 2 20929155 159270 3.2 34 11 3 17 27% 19008 212439 15553 14%
c } 2922.79 230 63 115 995 109116 2 20930335 160445 3.2 35 11 3 17 27% 19008 212439 15553 14%
c [ 2922.79 230 89 115 995 109116 1 20930335 160445 2.6 154 59 3 35 60% 19008 212439 15553 14%
c I 2922.79 230 89 115 995 109116 1 20930335 160445 2.6 154 59 3 35 60% 19008 212439 15553 14%
c - 2924.43 230 95 115 996 109122 1 20940880 135903 2.6 152 59 3 35 59% 19008 212439 15553 14%
c - 2929.92 241 89 115 997 109137 1 20972439 119548 2.8 156 56 3 35 60% 19008 212439 15553 14%
c - 2935.29 209 97 115 998 109146 1 21004014 102440 2.6 160 62 3 35 60% 19008 212439 15553 14%
c - 2941.16 224 98 115 999 109160 1 21035606 97786 2.6 162 63 3 35 60% 19008 212439 15553 14%
c - 2947.57 178 91 115 1000 109175 1 21067212 97869 2.6 159 61 3 35 59% 19008 212439 15553 14%
c - 2953.83 212 86 115 1001 109178 1 21098835 96862 2.8 162 59 3 35 57% 19008 212439 15553 14%
c ] 2958.16 223 84 116 1001 109178 1 21118548 115404 2.9 164 58 3 35 57% 19008 212439 15553 14%
c { 2958.16 223 63 116 1001 109178 2 21118548 115404 3.2 35 11 3 17 27% 19008 212439 15553 14%
c - 2960.32 197 75 116 1002 109390 3 21130474 103096 3.0 38 13 3 17 30% 19010 212439 15553 14%
c - 2965.71 219 102 116 1003 109932 4 21162128 118804 2.7 44 17 3 17 35% 19012 212439 15553 14%
c - 2970.72 189 122 116 1004 110415 4 21193798 131031 2.5 48 19 3 17 38% 19013 212439 15553 14%
c o 2970.83 205 122 116 1004 110424 4 21194488 131710 2.5 48 19 3 17 38% 19013 212439 15553 14%
c - 2975.59 233 135 116 1005 110824 4 21225483 138109 2.5 51 21 3 17 40% 19016 212439 15553 14%
c - 2980.42 278 144 116 1006 111202 5 21257184 143035 2.4 53 22 3 17 42% 19018 212439 15553 14%
c - 2985.59 258 150 116 1007 111598 5 21288906 145659 2.4 57 23 3 17 44% 19020 212439 15553 14%
c - 2989.93 305 151 116 1008 111888 5 21320639 148278 2.5 58 23 3 17 45% 19020 212439 15553 14%
c
c  seconds      switched         rate             size/glue  tier1     binary           remaining
c           MB      reductions      conflicts           size   tier2       irredundant
c             level        restarts         redundant      glue    trail           variables
c
c - 2994.83 277 155 116 1009 112235 5 21352388 150201 2.5 60 24 3 17 46% 19020 212439 15553 14%
c - 2999.96 325 157 116 1010 112599 5 21384152 150856 2.5 63 25 3 17 47% 19022 212439 15553 14%
c - 3004.74 371 159 116 1011 112906 4 21415933 152634 2.5 64 25 3 17 47% 19022 212439 15553 14%
c u 3006.94 296 159 116 1011 112933 4 21419635 129378 2.6 64 25 3 17 47% 19064 212439 15552 14%
c v 3008.72 299 159 116 1011 112933 4 21419635 111750 2.6 64 25 3 17 47% 19063 212439 15552 14%
c w 3010.42 301 159 116 1011 112933 4 21419635 111460 2.6 64 25 3 17 47% 19063 212439 15552 14%
c t 3010.45 301 159 116 1011 112933 4 21419635 111459 2.6 64 25 3 17 47% 19044 212427 15552 14%
c u 3011.50 302 159 116 1011 112933 4 21419635 108144 2.6 64 25 3 17 47% 19056 212427 15552 14%
c v 3012.67 318 159 116 1011 112933 4 21419635 101617 2.6 64 25 3 17 47% 19056 212427 15552 14%
c w 3015.65 320 159 116 1011 112933 4 21419635 100037 2.6 64 25 3 17 47% 19057 212427 15552 14%
c t 3015.67 203 159 116 1011 112933 4 21419635 100037 2.6 64 25 3 17 47% 19048 212427 15552 14%
c i 3015.69 203 159 116 1011 112933 4 21419635 100037 2.6 64 25 3 17 47% 19048 212427 15552 14%
c - 3019.60 225 163 116 1012 113211 4 21447729 107248 2.5 64 25 3 17 48% 19046 212427 15552 14%
c - 3023.59 247 164 116 1013 113483 4 21479543 117422 2.5 64 25 3 17 48% 19047 212427 15552 14%
c - 3027.99 209 165 116 1014 113784 4 21511371 122690 2.5 64 25 3 17 48% 19048 212427 15552 14%
c - 3032.49 230 165 116 1015 114070 4 21543215 124903 2.5 64 26 3 17 48% 19050 212427 15552 14%
c - 3037.06 231 165 116 1016 114380 4 21575074 126536 2.5 65 26 3 17 49% 19051 212427 15552 14%
c - 3041.53 152 163 116 1017 114684 4 21606950 128139 2.5 66 26 3 17 48% 19053 212427 15552 14%
c - 3045.45 157 162 116 1018 114933 4 21638841 129983 2.5 63 25 3 17 47% 19053 212427 15552 14%
c - 3050.28 119 163 116 1019 115244 4 21670748 131183 2.5 65 26 3 17 48% 19054 212427 15552 14%
c
c  seconds      switched         rate             size/glue  tier1     binary           remaining
c           MB      reductions      conflicts           size   tier2       irredundant
c             level        restarts         redundant      glue    trail           variables
c
c - 3054.04 118 161 116 1020 115467 4 21702669 132498 2.5 64 25 3 17 47% 19056 212427 15552 14%
c - 3058.96 119 163 116 1021 115788 4 21734606 132991 2.6 65 26 3 17 47% 19059 212427 15552 14%
c } 3062.88 118 161 117 1021 116042 4 21763462 161315 2.5 65 26 3 17 47% 19060 212427 15552 14%
c [ 3062.88 118 84 117 1021 116042 1 21763462 161315 2.9 164 58 3 35 57% 19060 212427 15552 14%
c B 3062.88 118 84 117 1021 116042 1 21763462 161315 2.9 164 58 3 35 57% 19060 212427 15552 14%
c - 3063.43 119 88 117 1022 116044 1 21766560 132033 2.8 164 58 3 35 57% 19060 212427 15552 14%
c - 3070.23 120 96 117 1023 116059 1 21798528 116684 2.5 159 63 3 35 58% 19060 212427 15552 14%
c - 3076.18 101 99 117 1024 116072 1 21830512 98564 2.6 161 62 3 35 58% 19060 212427 15552 14%
c - 3082.51 95 95 117 1025 116083 1 21862514 95715 2.7 164 60 3 35 58% 19060 212427 15552 14%
c - 3089.01 98 89 117 1026 116097 1 21894529 94300 2.8 160 57 3 35 59% 19060 212427 15552 14%
c u 3094.45 111 83 117 1026 116103 1 21916312 100626 2.9 160 54 3 35 59% 19076 212427 15552 14%
c v 3094.81 111 83 117 1026 116103 1 21916312 97528 2.9 160 54 3 35 59% 19076 212427 15552 14%
c w 3099.80 124 83 117 1026 116103 1 21916312 95988 2.9 160 54 3 35 59% 19076 212427 15552 14%
c t 3099.82 124 83 117 1026 116103 1 21916312 95988 2.9 160 54 3 35 59% 19064 212427 15552 14%
c o 3099.84 124 83 117 1026 116103 1 21916312 95988 2.9 160 54 3 35 59% 19064 212427 15552 14%
c - 3101.05 91 102 117 1027 116103 1 21926562 78545 2.7 162 61 3 35 59% 19064 212427 15552 14%
c - 3106.83 95 127 117 1028 116104 1 21958609 77184 2.4 174 73 3 35 59% 19065 212427 15552 14%
c - 3112.64 98 123 117 1029 116119 1 21990674 74517 2.5 176 71 3 35 60% 19065 212427 15552 14%
c - 3118.63 110 109 117 1030 116134 1 22022753 80305 2.6 167 64 3 35 59% 19065 212427 15552 14%
c - 3126.33 115 95 117 1031 116143 1 22054847 83933 2.7 159 58 3 35 59% 19065 212427 15552 14%
c
c  seconds     switched         rate            size/glue   tier1     binary           remaining
c           MB     reductions      conflicts          size    tier2       irredundant
c            level        restarts         redundant      glue    trail           variables
c
c - 3133.06 114 86 117 1032 116157 1 22086958 82372 2.9 158 55 3 35 58% 19065 212427 15552 14%
c - 3139.82 98 85 117 1033 116166 1 22119082 81077 2.9 162 56 3 35 58% 19065 212427 15552 14%
c - 3147.26 91 84 117 1034 116167 1 22151226 79357 3.0 168 56 3 35 58% 19065 212427 15552 14%
c s 3149.82 99 85 117 1034 116168 1 22163892 91623 3.0 166 56 3 35 58% 19073 212384 15552 14%
c e 3149.84 90 85 117 1034 116168 1 22163892 91623 3.0 166 56 3 35 58% 19043 212483 15544 14%
c s 3149.85 90 85 117 1034 116168 1 22163892 91623 3.0 166 56 3 35 58% 19043 212447 15544 14%
c - 3154.34 101 88 117 1035 116168 1 22183382 79581 2.9 169 58 3 35 58% 19043 212447 15544 14%
c - 3162.05 125 92 117 1036 116168 1 22215553 78018 2.8 173 61 3 35 58% 19043 212447 15544 14%
c ] 3167.87 136 96 118 1036 116180 1 22241072 102102 2.7 174 64 3 35 57% 19043 212447 15544 14%
c { 3167.87 136 161 118 1036 116180 4 22241072 102102 2.5 65 26 3 17 47% 19043 212447 15544 14%
c - 3168.51 155 159 118 1037 116187 4 22247739 81178 2.6 64 25 3 17 46% 19044 212447 15544 14%
c - 3170.20 160 144 118 1038 116198 3 22279941 102272 2.5 54 22 3 17 39% 19046 212447 15544 14%
c - 3170.98 162 121 118 1039 116198 3 22312161 117603 2.3 44 19 3 17 31% 19046 212447 15544 14%
c - 3171.92 162 101 118 1040 116198 2 22344396 122637 2.2 37 17 3 17 24% 19046 212447 15544 14%
c - 3173.64 200 99 118 1041 116263 2 22376645 128215 2.2 33 15 3 16 23% 19052 212447 15544 14%
c - 3175.58 224 98 118 1042 116382 3 22408910 132179 2.2 31 14 3 16 23% 19055 212447 15544 14%
c u 3177.55 227 101 118 1042 116429 3 22419186 130581 2.2 31 14 3 16 24% 19072 212447 15544 14%
c v 3179.88 229 101 118 1042 116429 3 22419186 122719 2.2 31 14 3 16 24% 19072 212447 15544 14%
c w 3180.66 229 101 118 1042 116429 3 22419186 121708 2.2 31 14 3 16 24% 19072 212447 15544 14%
c = 3188.37 211 101 118 1042 116429 3 22419186 121708 2.2 31 14 3 16 24% 19072 212438 15543 14%
c
c  seconds      switched         rate             size/glue  tier1     binary           remaining
c           MB      reductions      conflicts           size   tier2       irredundant
c             level        restarts         redundant      glue    trail           variables
c
c t 3188.39 211 101 118 1042 116429 3 22419186 121706 2.2 31 14 3 16 24% 19056 212437 15543 14%
c u 3189.35 210 101 118 1042 116429 3 22419186 119752 2.2 31 14 3 16 24% 19058 212437 15543 14%
c v 3192.04 229 101 118 1042 116429 3 22419186 105782 2.2 31 14 3 16 24% 19058 212437 15543 14%
c w 3192.78 229 101 118 1042 116429 3 22419186 105384 2.2 31 14 3 16 24% 19058 212437 15543 14%
c - 3194.13 177 103 118 1043 116503 3 22441190 105576 2.2 29 13 3 16 23% 19051 212437 15543 14%
c - 3196.42 197 112 118 1044 116705 3 22473485 118257 2.1 28 13 3 16 25% 19053 212437 15543 14%
c - 3198.61 199 112 118 1045 116879 3 22505795 125898 2.1 26 12 3 16 24% 19056 212437 15543 14%
c - 3201.42 221 117 118 1046 117153 4 22538121 130736 2.1 26 12 3 16 26% 19061 212437 15543 14%
c - 3203.88 192 116 118 1047 117371 4 22570462 135004 2.1 25 12 3 16 25% 19065 212437 15543 14%
c o 3204.21 210 115 118 1047 117405 4 22576354 140552 2.1 25 12 3 16 25% 19065 212437 15543 14%
c - 3205.97 214 113 118 1048 117578 4 22602819 137942 2.1 24 11 3 16 24% 19069 212437 15543 14%
c - 3208.47 236 113 118 1049 117853 4 22635191 141135 2.0 23 11 3 16 24% 19071 212437 15543 14%
c - 3211.28 259 115 118 1050 118163 4 22667579 144356 2.0 23 11 3 16 25% 19071 212437 15543 14%
c - 3214.28 222 117 118 1051 118485 4 22699984 147482 2.0 23 11 3 16 25% 19072 212437 15543 14%
c - 3217.21 245 118 118 1052 118795 5 22732403 149647 2.0 23 11 3 16 25% 19076 212437 15543 14%
c - 3220.12 269 121 118 1053 119107 5 22764838 151059 2.0 23 11 3 16 25% 19080 212437 15543 14%
c i 3220.48 288 117 118 1053 119142 5 22771753 157384 2.0 22 11 3 16 25% 19082 212437 15542 14%
c i 3222.36 292 119 118 1053 119356 5 22792479 177424 2.0 23 11 3 16 25% 19089 212437 15541 14%
c - 3222.76 293 119 118 1054 119393 5 22797287 153484 2.0 23 11 3 16 25% 19070 212437 15541 14%
c - 3225.52 242 120 118 1055 119661 5 22829752 156497 2.0 23 11 3 16 26% 19075 212437 15541 14%
c
c  seconds      switched         rate             size/glue  tier1     binary           remaining
c           MB      reductions      conflicts           size   tier2       irredundant
c             level        restarts         redundant      glue    trail           variables
c
c - 3228.19 242 121 118 1056 119952 5 22862233 159622 2.0 23 11 3 16 25% 19078 212437 15541 14%
c - 3230.86 242 121 118 1057 120224 5 22894731 162133 2.0 22 11 3 16 25% 19081 212437 15541 14%
c } 3231.80 240 120 119 1057 120336 5 22906400 173378 2.0 22 11 3 16 25% 19082 212437 15541 14%
c [ 3231.80 240 96 119 1057 120336 1 22906400 173378 2.7 174 64 3 35 57% 19082 212437 15541 14%
c W 3231.97 255 96 119 1057 120336 1 22906400 173378 2.7 174 64 3 35 57% 19082 212423 15541 14%
c - 3236.23 178 92 119 1058 120349 1 22927244 153781 2.8 172 62 3 35 58% 19082 212423 15541 14%
c u 3237.54 175 92 119 1058 120349 1 22928255 140919 2.8 172 62 3 35 58% 19090 212422 15541 14%
c v 3238.74 177 92 119 1058 120349 1 22928255 136807 2.8 172 62 3 35 58% 19090 212422 15541 14%
c w 3239.34 179 92 119 1058 120349 1 22928255 136720 2.8 172 62 3 35 58% 19090 212422 15541 14%
c t 3239.36 179 92 119 1058 120349 1 22928255 136720 2.8 172 62 3 35 58% 19078 212422 15541 14%
c f 3239.37 162 92 119 1058 120349 1 22928255 136720 2.8 172 62 3 35 58% 19079 212404 15542 14%
c u 3240.54 176 92 119 1058 120349 1 22928255 128354 2.8 172 62 3 35 58% 19088 212404 15542 14%
c v 3241.78 177 92 119 1058 120349 1 22928255 118794 2.8 172 62 3 35 58% 19090 212404 15542 14%
c w 3242.31 178 92 119 1058 120349 1 22928255 118616 2.8 172 62 3 35 58% 19090 212404 15542 14%
c t 3242.33 178 92 119 1058 120349 1 22928255 118616 2.8 172 62 3 35 58% 19087 212404 15542 14%
c - 3249.16 103 87 119 1059 120364 1 22959770 108134 2.8 165 58 3 35 58% 19087 212404 15542 14%
c - 3256.08 128 86 119 1060 120369 1 22992313 102698 2.8 165 58 3 35 58% 19087 212404 15542 14%
c - 3262.82 145 86 119 1061 120384 1 23024872 99460 2.7 162 59 3 35 58% 19087 212404 15542 14%
c - 3268.65 175 84 119 1062 120397 1 23057444 99453 2.7 158 58 3 35 60% 19087 212404 15542 14%
c - 3274.76 194 83 119 1063 120398 1 23090036 99563 2.7 155 57 3 35 60% 19087 212404 15542 14%
c
c  seconds     switched         rate             size/glue   tier1     binary           remaining
c           MB     reductions      conflicts           size    tier2       irredundant
c            level        restarts         redundant       glue    trail           variables
c
c - 3280.16 212 85 119 1064 120411 1 23122639 103830 2.7 152 56 3 35 61% 19087 212404 15542 14%
c - 3285.31 189 86 119 1065 120426 1 23155258 104996 2.7 155 56 3 35 60% 19087 212404 15542 14%
c - 3291.57 207 96 119 1066 120432 1 23187894 103383 2.6 157 60 3 35 59% 19087 212404 15542 14%
c ] 3294.62 228 100 120 1066 120442 1 23204881 119772 2.5 156 62 3 35 59% 19087 212404 15542 14%
c { 3294.62 228 120 120 1066 120442 5 23204881 119772 2.0 22 11 3 16 25% 19087 212404 15542 14%
c - 3297.37 190 128 120 1067 120724 5 23220543 110005 2.1 29 14 3 16 29% 19087 212404 15542 14%
c o 3301.51 211 138 120 1067 121164 5 23246367 135522 2.2 37 17 3 16 33% 19088 212404 15542 14%
c - 3302.78 210 140 120 1068 121282 5 23253208 125602 2.2 39 18 3 16 34% 19088 212404 15542 14%
c - 3308.33 155 149 120 1069 121784 5 23285888 137107 2.3 47 20 3 16 39% 19088 212404 15542 14%
c - 3314.06 155 153 120 1070 122256 5 23318585 143000 2.4 54 23 3 16 42% 19089 212404 15542 14%
c - 3319.53 117 156 120 1071 122675 5 23351297 146716 2.4 59 24 3 16 44% 19089 212404 15542 14%
c - 3325.05 118 158 120 1072 123091 5 23384023 148711 2.5 63 26 3 16 46% 19089 212404 15542 14%
c - 3330.42 114 159 120 1073 123431 5 23416764 150637 2.5 66 26 3 16 47% 19090 212404 15542 14%
c u 3336.71 114 160 120 1073 123748 5 23443544 153915 2.5 68 27 3 16 48% 19120 212404 15540 14%
c v 3339.02 106 160 120 1073 123748 5 23443544 134221 2.5 68 27 3 16 48% 19121 212404 15540 14%
c w 3341.28 122 160 120 1073 123748 5 23443544 134137 2.5 68 27 3 16 48% 19121 212404 15540 14%
c t 3341.31 122 160 120 1073 123748 5 23443544 134128 2.5 68 27 3 16 48% 19120 212385 15540 14%
c u 3342.49 110 160 120 1073 123748 5 23443544 132119 2.5 68 27 3 16 48% 19126 212385 15540 14%
c v 3343.97 113 160 120 1073 123748 5 23443544 124196 2.5 68 27 3 16 48% 19126 212385 15540 14%
c w 3345.78 120 160 120 1073 123748 5 23443544 124078 2.5 68 27 3 16 48% 19126 212385 15540 14%
c
c  seconds      switched         rate             size/glue  tier1     binary           remaining
c           MB      reductions      conflicts           size   tier2       irredundant
c             level        restarts         redundant      glue    trail           variables
c
c x 3347.23 125 160 120 1073 123748 5 23443544 124022 2.5 68 27 3 16 48% 19140 212253 15540 14%
c t 3347.26 125 160 120 1073 123748 5 23443544 124022 2.5 68 27 3 16 48% 19136 212253 15540 14%
c i 3347.29 125 160 120 1073 123748 5 23443544 124022 2.5 68 27 3 16 48% 19136 212253 15540 14%
c - 3347.89 137 161 120 1074 123779 5 23449521 106480 2.5 68 27 3 16 48% 19108 212253 15540 14%
c - 3352.40 148 162 120 1075 124114 5 23482292 114960 2.5 69 27 3 16 48% 19108 212253 15540 14%
c - 3357.28 168 164 120 1076 124439 4 23515079 122602 2.5 70 28 3 16 49% 19108 212253 15540 14%
c - 3361.86 180 163 120 1077 124716 4 23547882 126530 2.6 72 28 3 16 50% 19109 212253 15540 14%
c s 3365.57 164 164 120 1077 124950 4 23574805 153143 2.6 72 28 3 16 50% 19113 212224 15540 14%
c e 3365.62 164 164 120 1077 124950 4 23574805 153143 2.6 72 28 3 16 50% 19093 212351 15532 14%
c s 3365.62 164 164 120 1077 124950 4 23574805 153143 2.6 72 28 3 16 50% 19093 212300 15532 14%
c - 3366.49 181 163 120 1078 124990 4 23580699 129243 2.6 72 28 3 16 50% 19093 212300 15532 14%
c - 3371.47 200 164 120 1079 125311 4 23613531 130502 2.6 73 28 3 16 51% 19095 212300 15532 14%
c - 3376.21 179 163 120 1080 125606 4 23646380 131305 2.6 73 28 3 16 51% 19095 212300 15532 14%
c - 3381.47 197 161 120 1081 125964 4 23679243 131758 2.6 75 29 3 16 51% 19095 212300 15532 14%
c - 3386.04 190 162 120 1082 126230 4 23712121 132689 2.6 74 28 3 16 51% 19096 212300 15532 14%
c - 3391.14 212 161 120 1083 126560 4 23745014 133776 2.6 74 29 3 16 51% 19096 212300 15532 14%
c - 3396.13 174 161 120 1084 126873 4 23777923 134162 2.6 74 29 3 16 51% 19096 212300 15532 14%
c - 3400.63 190 160 120 1085 127167 4 23810847 135244 2.6 74 28 3 16 51% 19096 212300 15532 14%
c - 3405.66 206 160 120 1086 127490 4 23843786 135666 2.6 75 29 3 16 51% 19096 212300 15532 14%
c - 3410.71 177 159 120 1087 127826 4 23876741 134612 2.6 75 29 3 16 50% 19096 212300 15532 14%
c
c  seconds      switched         rate             size/glue  tier1     binary           remaining
c           MB      reductions      conflicts           size   tier2       irredundant
c             level        restarts         redundant      glue    trail           variables
c
c } 3412.89 187 158 121 1087 127971 4 23890901 148597 2.6 76 29 3 16 50% 19096 212300 15532 14%
c [ 3412.89 187 100 121 1087 127971 1 23890901 148597 2.5 156 62 3 35 59% 19096 212300 15532 14%
c O 3412.89 187 100 121 1087 127971 1 23890901 148597 2.5 156 62 3 35 59% 19096 212300 15532 14%
c - 3416.16 194 101 121 1088 127983 1 23909711 127839 2.6 154 60 3 35 58% 19096 212300 15532 14%
c - 3422.86 153 99 121 1089 127998 1 23942695 113068 2.6 153 59 3 35 58% 19096 212300 15532 14%
c o 3425.03 154 95 121 1089 128001 1 23956490 126457 2.7 153 56 3 35 58% 19096 212300 15532 14%
c u 3427.22 159 109 121 1089 128001 1 23965067 120500 2.5 155 61 3 35 57% 19104 212300 15532 14%
c v 3428.07 161 109 121 1089 128001 1 23965067 112530 2.5 155 61 3 35 57% 19104 212300 15532 14%
c w 3431.98 182 109 121 1089 128001 1 23965067 112064 2.5 155 61 3 35 57% 19104 212300 15532 14%
c t 3432.01 182 109 121 1089 128001 1 23965067 112064 2.5 155 61 3 35 57% 19099 212300 15532 14%
c f 3432.02 182 109 121 1089 128001 1 23965067 112064 2.5 155 61 3 35 57% 19101 212279 15533 14%
c u 3432.97 198 109 121 1089 128001 1 23965067 110882 2.5 155 61 3 35 57% 19102 212279 15533 14%
c v 3433.56 200 109 121 1089 128001 1 23965067 107488 2.5 155 61 3 35 57% 19102 212279 15533 14%
c w 3438.24 219 109 121 1089 128001 1 23965067 106520 2.5 155 61 3 35 57% 19102 212279 15533 14%
c t 3438.26 187 109 121 1089 128001 1 23965067 106520 2.5 155 61 3 35 57% 19101 212279 15533 14%
c - 3439.64 201 116 121 1090 128004 1 23975696 81267 2.5 153 62 3 35 56% 19101 212279 15533 14%
c - 3443.53 217 119 121 1091 128019 1 24008711 85246 2.5 150 59 3 35 56% 19101 212279 15533 14%
c - 3448.24 191 111 121 1092 128032 1 24041741 84756 2.6 154 59 3 35 57% 19101 212279 15533 14%
c - 3453.57 208 114 121 1093 128033 1 24074786 79536 2.6 159 61 3 35 58% 19101 212279 15533 14%
c - 3458.36 199 109 121 1094 128046 1 24107847 80300 2.6 157 59 3 35 58% 19101 212279 15533 14%
c
c  seconds      switched         rate            size/glue   tier1     binary           remaining
c           MB      reductions      conflicts          size    tier2       irredundant
c             level        restarts         redundant      glue    trail           variables
c
c - 3463.65 212 106 121 1095 128061 1 24140922 87190 2.6 147 56 3 35 56% 19101 212279 15533 14%
c - 3468.34 163 113 121 1096 128068 1 24174015 89462 2.6 146 56 3 35 56% 19101 212279 15533 14%
c - 3473.72 180 114 121 1097 128083 1 24207122 86098 2.5 148 59 3 35 55% 19101 212279 15533 14%
c - 3478.91 158 110 121 1098 128095 1 24240242 83058 2.5 148 59 3 35 55% 19101 212279 15533 14%
c - 3484.38 172 104 121 1099 128096 1 24273379 84105 2.6 148 58 3 35 55% 19101 212279 15533 14%
c - 3491.00 135 100 121 1100 128097 1 24306530 82530 2.6 149 58 3 35 55% 19101 212279 15533 14%
c - 3497.39 156 97 121 1101 128097 1 24339696 82718 2.6 150 58 3 35 55% 19101 212279 15533 14%
c - 3504.21 171 89 121 1102 128111 1 24372877 83180 2.6 145 56 3 35 55% 19101 212279 15533 14%
c B 3507.88 171 84 121 1102 128119 1 24391396 100119 2.6 142 54 3 35 55% 19101 212279 15533 14%
c - 3509.37 210 95 121 1103 128126 1 24406074 83766 2.6 143 56 3 35 56% 19101 212279 15533 14%
c - 3513.82 232 95 121 1104 128134 1 24439286 85893 2.6 146 56 3 35 57% 19102 212279 15533 14%
c - 3518.64 219 97 121 1105 128149 1 24472512 84310 2.6 148 57 3 35 58% 19102 212279 15533 14%
c u 3522.91 225 91 121 1105 128158 1 24492834 99183 2.8 151 55 3 35 58% 19104 212279 15533 14%
c v 3523.22 227 91 121 1105 128158 1 24492834 95095 2.8 151 55 3 35 58% 19104 212279 15533 14%
c w 3529.68 243 91 121 1105 128158 1 24492834 94306 2.8 151 55 3 35 58% 19104 212279 15533 14%
c t 3529.71 195 91 121 1105 128158 1 24492834 94306 2.8 151 55 3 35 58% 19101 212279 15533 14%
c - 3532.07 165 93 121 1106 128159 1 24505753 75436 2.7 152 56 3 35 58% 19101 212279 15533 14%
c ] 3533.39 169 94 122 1106 128159 1 24513452 82776 2.7 153 57 3 35 58% 19101 212279 15533 14%
c { 3533.39 169 158 122 1106 128159 4 24513452 82776 2.6 76 29 3 16 50% 19101 212279 15533 14%
c - 3536.53 183 160 122 1107 128354 4 24539009 86279 2.7 76 29 3 16 52% 19101 212279 15533 14%
c
c  seconds      switched         rate             size/glue  tier1     binary           remaining
c           MB      reductions      conflicts           size   tier2       irredundant
c             level        restarts         redundant      glue    trail           variables
c
c - 3540.51 112 161 122 1108 128606 4 24572281 103426 2.7 76 28 3 16 53% 19102 212279 15533 14%
c - 3545.00 112 161 122 1109 128903 4 24605568 111271 2.7 76 28 3 16 53% 19104 212279 15533 14%
c - 3549.77 110 160 122 1110 129226 4 24638869 115845 2.7 76 28 3 16 53% 19105 212279 15533 14%
c o 3550.71 114 162 122 1110 129294 4 24647123 123911 2.7 76 28 3 16 53% 19105 212279 15533 14%
c - 3554.19 109 163 122 1111 129500 4 24672187 119783 2.7 76 28 3 16 54% 19105 212279 15533 14%
c - 3559.37 117 162 122 1112 129830 4 24705518 122528 2.7 76 28 3 16 54% 19105 212279 15533 14%
c - 3564.00 116 161 122 1113 130123 4 24738864 124868 2.7 76 28 3 16 54% 19105 212279 15533 14%
c - 3568.72 117 161 122 1114 130412 4 24772225 127689 2.7 76 28 3 16 54% 19106 212279 15533 14%
c - 3574.02 115 159 122 1115 130764 4 24805601 128766 2.7 78 29 3 16 54% 19106 212279 15533 14%
c - 3578.33 116 157 122 1116 131020 4 24838992 130410 2.7 76 28 3 16 53% 19106 212279 15533 14%
c - 3581.87 119 151 122 1117 131187 4 24872398 133811 2.8 74 27 3 16 54% 19106 212279 15533 14%
c - 3586.36 119 150 122 1118 131495 4 24905821 134532 2.7 74 27 3 16 53% 19107 212279 15533 14%
c - 3591.44 120 149 122 1119 131849 4 24939258 132998 2.7 75 28 3 16 53% 19107 212279 15533 14%
c - 3596.77 120 149 122 1120 132212 4 24972710 132309 2.7 77 28 3 16 53% 19108 212279 15533 14%
c caught signal 15 (SIGTERM)
c
c ---- [ profiling ] ---------------------------------------------------------
c
c        3217.40   89.45 %  search
c        1626.94   45.23 %  focused
c        1590.45   44.22 %  stable
c         379.32   10.55 %  simplify
c         370.45   10.30 %  probe
c         322.26    8.96 %  vivify
c          34.08    0.95 %  sweep
c          14.49    0.40 %  reduce
c           7.97    0.22 %  factor
c           7.11    0.20 %  eliminate
c           4.40    0.12 %  substitute
c           2.54    0.07 %  subsume
c           1.86    0.05 %  walking
c           0.80    0.02 %  transitive
c           0.58    0.02 %  congruence
c           0.36    0.01 %  backbone
c           0.11    0.00 %  preprocess
c           0.04    0.00 %  parse
c           0.01    0.00 %  lucky
c =============================================
c        3596.87  100.00 %  total
c
c ---- [ statistics ] --------------------------------------------------------
c
c chronological:                        32660                0 %  conflicts
c conflicts:                         24973206             6943.03 per second
c congruent:                               78                0 %  variables
c decisions:                         72767248                2.91 per conflict
c eliminated:                          100238               87 %  variables
c factored:                              1585                1 %  variables
c iterations:                             154                0 %  variables
c propagations:                   25095608139          6977059    per second
c reductions:                            1120            22298    interval
c reordered:                               70           356760    interval
c rephased:                                73           342099    interval
c restarts:                            132221              189    interval
c strengthened:                         18847                0 %  checks
c substituted:                            164                0 %  variables
c subsumed:                             28196                0 %  checks
c switched:                               122           204698    interval
c vivified:                           3101226               31 %  checks
c walks:                                   24          1040550    interval
c
c ---- [ glue usage ] --------------------------------------------------------
c
c focused glue 3    used  7668033 clauses  9.07% accumulated 58.32% tier1
c focused glue 4    used  5779349 clauses  6.84% accumulated 65.16%
c focused glue 5-14 used 19704248 clauses 23.31% accumulated 88.47%
c focused glue 15   used   724165 clauses  0.86% accumulated 89.33%
c focused glue 16   used   641988 clauses  0.76% accumulated 90.09% tier2
c
c stable glue 3    used  8474781 clauses  6.08% accumulated 53.84% tier1
c stable glue 4    used  5720404 clauses  4.10% accumulated 57.95%
c stable glue 5-33 used 43890192 clauses 31.48% accumulated 89.43%
c stable glue 34   used   614265 clauses  0.44% accumulated 89.87%
c stable glue 35   used   562762 clauses  0.40% accumulated 90.27% tier2
c
c ---- [ resources ] ---------------------------------------------------------
c
c maximum-resident-set-size:     399666839552 bytes     381152 MB
c process-time:                        59m 57s            3596.87 seconds
c raising signal 15 (SIGTERM)
