c ---- [ banner ] ------------------------------------------------------------
c
c Kissat SAT Solver
c 
c Copyright (c) 2021-2024 Armin Biere University of Freiburg
c Copyright (c) 2019-2021 Armin Biere Johannes Kepler University Linz
c 
c Version 4.0.4 unknown
c Apple clang version 17.0.0 (clang-1700.3.19.1) -W -Wall -O3 -DNDEBUG
c Thu Oct 16 20:09:41 UTC 2025 Darwin Tahoe-arm64.local 25.0.0 arm64
c
c ---- [ parsing ] -----------------------------------------------------------
c
c opened and reading DIMACS file:
c
c   /Users/rwalters/lean-genius-erdos85-goal48-sol3/q9-solver-controls/runs/016-N78-m2/input.cnf
c
c parsed 'p cnf 273898 931282' header
c closing input after reading 15979489 bytes (15 MB)
c finished parsing after 0.10 seconds
c
c ---- [ options ] -----------------------------------------------------------
c
c --restartint=50                  (different from default '1')
c --target=2                       (different from default '1')
c
c ---- [ solving ] -----------------------------------------------------------
c
c seconds switched rate     size/glue tier1   binary            remaining
c        MB reductions conflicts size  tier2      irredundant
c         level restarts redundant glue  trail            variables
c
c *  0.10 79 0 0 0  0 0   0   0 0.0 0 0 0 0 0% 655636 271806 272851 100%
c (  0.12 90 0 0 0  0 0   0   0 0.0 0 0 0 0 0% 655636 271806 272851 100%
c .  0.13 90 0 0 0  0 0   0   0 0.0 0 0 0 0 0% 654590 271026 272851 100%
c c  0.31 140 0 0 0  0 0   0   0 0.0 0 0 0 0 0% 654590 271026 272547 100%
c d  0.33 155 0 0 0  0 0   0   0 0.0 0 0 0 0 0% 653982 271026 272547 100%
c )  0.39 159 0 0 0  0 0   0   0 0.0 0 0 0 0 0% 653982 271026 272547 100%
c {  0.40 159 0 0 0  0 0   0   0 0.0 0 0 2 6 0% 653982 271026 272547 100%
c i  0.40 159 350 0 0  0 75   5   4 3.1 18 6 2 6 51% 653982 271026 272546 100%
c i  0.40 159 326 0 0  0 47   8   4 3.2 12 4 2 6 50% 653983 271026 272542 100%
c i  0.40 159 317 0 0  0 41  10   4 3.2 10 3 2 6 49% 653984 271026 272541 100%
c i  0.45 159 426 0 0  5 14 316 281 2.6 36 14 10 42 56% 654010 271026 272539 100%
c i  0.47 160 448 0 0  8 14 479 427 2.6 37 14 10 42 56% 654023 271026 272527 99%
c i  0.50 160 574 0 0  9 16 592 523 2.5 36 14 10 42 55% 654035 271026 272525 99%
c i  0.59 160 525 0 0 15 15 886 794 2.5 39 16 10 42 60% 654057 271026 272514 99%
c i  0.59 160 524 0 0 15 15 888 794 2.5 39 16 10 42 60% 654057 271026 272502 99%
c i  0.60 160 515 0 0 16 15 935 837 2.5 39 15 10 42 59% 654059 271026 272495 99%
c i  0.60 160 515 0 0 16 15 936 837 2.5 39 15 10 42 59% 654059 271026 272487 99%
c i  0.60 160 513 0 0 16 15 940 837 2.5 39 15 10 42 59% 654060 271026 272463 99%
c -  0.62 160 508 0 1 16 14 1000 680 2.5 38 15 11 30 59% 653851 271026 272463 99%
c }  0.62 160 508 1 1 16 14 1000 680 2.5 38 15 11 30 59% 653851 271026 272463 99%
c
c seconds  switched rate      size/glue tier1   binary            remaining
c         MB reductions conflicts  size  tier2      irredundant
c          level restarts redundant  glue  trail            variables
c
c [  0.62 160 0 1 1 16 0 1000 680 0.0 0 0 2 6 0% 653851 271026 272463 99%
c i  0.62 161 239 1 1 16 239 1001 680 0.0 1 0 2 6 9% 653851 271026 272462 99%
c B  0.62 161 239 1 1 16 239 1001 680 0.0 1 0 2 6 9% 653851 271026 272462 99%
c i  0.62 161 120 1 1 16 120 1002 680 0.0 1 0 2 6 5% 653851 271026 272461 99%
c i  0.62 161 198 1 1 16 80 1006 680 3.0 2 1 2 6 8% 653854 271026 272460 99%
c i  0.62 161 214 1 1 16 44 1011 681 2.6 2 1 2 6 9% 653856 271026 272456 99%
c i  0.63 161 280 1 1 16 31 1020 689 3.2 3 1 2 6 11% 653856 271026 272455 99%
c i  0.63 161 329 1 1 16 13 1051 710 2.9 7 2 2 6 13% 653860 271026 272445 99%
c i  0.63 161 338 1 1 16 8 1132 780 4.4 15 4 3 8 14% 653867 271026 272444 99%
c i  0.63 161 347 1 1 16 9 1147 791 4.3 14 3 3 8 15% 653870 271026 272441 99%
c i  0.63 161 349 1 1 16 8 1150 792 4.3 14 3 3 8 15% 653871 271026 272440 99%
c i  0.63 161 371 1 1 16 7 1185 822 3.9 13 3 3 8 16% 653874 271026 272438 99%
c i  0.64 161 391 1 1 16 7 1267 901 4.1 15 4 3 8 18% 653876 271026 272434 99%
c i  0.64 161 406 1 1 16 8 1310 933 3.8 14 4 3 8 20% 653886 271026 272433 99%
c i  0.71 161 581 1 1 16 6 1773 1380 6.9 117 17 6 32 44% 653891 271026 272432 99%
c i  0.72 162 591 1 1 16 5 1843 1447 7.1 137 19 6 32 46% 653891 271026 272428 99%
c i  0.73 162 597 1 1 16 5 1915 1515 7.2 162 22 6 32 47% 653892 271026 272427 99%
c i  0.73 162 602 1 1 16 5 1962 1556 7.0 173 25 6 32 48% 653893 271026 272424 99%
c -  0.75 162 606 1 2 16 5 2000 1510 6.8 182 27 8 61 49% 653679 271026 272384 99%
c W  0.81 177 606 1 2 16 6 2003 1513 6.6 183 28 8 61 49% 653679 270886 272384 99%
c
c seconds    switched rate       size/glue   tier1      binary            remaining
c         MB  reductions conflicts     size    tier2        irredundant
c           level restarts  redundant      glue    trail            variables
c
c ]  0.96 181 586 2 2 17 6 2707 2196 5.3 189 35 9 59 55% 653692 270886 272384 99%
c {  0.96 181 508 2 2 17 14 2707 2196 2.5 38 15 11 30 59% 653692 270886 272384 99%
c u  1.20 132 444 2 2 18 12 2921 2281 2.8 40 14 9 30 56% 653812 270768 272384 99%
c v  1.22 132 444 2 2 18 12 2921 2275 2.8 40 14 9 30 56% 653812 270768 272384 99%
c w  1.24 132 444 2 2 18 12 2921 2275 2.8 40 14 9 30 56% 653812 270768 272384 99%
c x  1.26 132 444 2 2 18 12 2921 2275 2.8 40 14 9 30 56% 653877 270675 272328 99%
c d  1.28 132 444 2 2 18 12 2921 2275 2.8 40 14 9 30 56% 653570 270646 272170 99%
c b  1.30 132 444 2 2 18 12 2921 2275 2.8 40 14 9 30 56% 653570 270646 272169 99%
c d  1.32 132 444 2 2 18 12 2921 2275 2.8 40 14 9 30 56% 653569 270645 272168 99%
c u  1.35 132 444 2 2 18 12 2921 2232 2.8 40 14 9 30 56% 653571 270645 272168 99%
c v  1.37 132 444 2 2 18 12 2921 2222 2.8 40 14 9 30 56% 653572 270645 272168 99%
c w  1.39 132 444 2 2 18 12 2921 2222 2.8 40 14 9 30 56% 653572 270645 272168 99%
c b  1.52 132 444 2 2 18 12 2921 2222 2.8 40 14 9 30 56% 653572 270645 272153 99%
c i  1.52 132 444 2 2 18 12 2921 2222 2.8 40 14 9 30 56% 653572 270645 272153 99%
c i  1.54 132 408 2 2 19 11 3043 2338 3.2 46 14 9 30 55% 653576 270645 272152 99%
c i  1.55 132 399 2 2 20 11 3078 2370 3.3 47 14 9 30 55% 653576 270645 272151 99%
c -  1.60 133 330 2 3 24 9 3414 2383 3.9 56 14 7 25 55% 653372 270645 272151 99%
c i  1.61 133 326 2 3 24 9 3438 2406 3.9 56 14 7 25 54% 653372 270645 272143 99%
c }  1.63 133 289 3 3 24 8 3708 2670 4.3 59 14 7 25 54% 653378 270645 272143 99%
c [  1.63 133 586 3 3 24 6 3708 2670 5.3 189 35 9 59 55% 653378 270645 272143 99%
c
c seconds    switched rate       size/glue   tier1      binary            remaining
c         MB  reductions conflicts     size    tier2        irredundant
c           level restarts  redundant      glue    trail            variables
c
c I  1.70 133 508 3 3 24 5 4264 3203 5.0 163 33 9 51 56% 653389 270645 272143 99%
c i  1.70 133 507 3 3 24 5 4277 3213 5.0 162 33 9 51 56% 653390 270645 272142 99%
c i  1.70 133 506 3 3 24 5 4285 3220 5.0 162 33 9 51 56% 653390 270645 272141 99%
c i  1.70 133 505 3 3 24 5 4314 3238 5.0 160 32 9 51 55% 653395 270645 272140 99%
c i  1.70 133 505 3 3 24 5 4333 3256 5.0 159 32 9 51 55% 653395 270645 272133 99%
c ]  1.79 133 509 4 3 25 5 4800 3694 4.8 143 29 9 51 56% 653413 270645 272122 99%
c {  1.79 133 289 4 3 25 8 4800 3694 4.3 59 14 7 25 54% 653413 270645 272122 99%
c -  1.89 133 291 4 4 31 8 5147 3627 4.1 60 15 7 23 55% 653342 270645 272122 99%
c i  1.97 133 328 4 4 36 10 5467 3913 3.8 58 15 7 23 55% 653364 270645 272118 99%
c i  1.97 133 328 4 4 36 10 5469 3914 3.8 58 15 7 23 55% 653364 270645 272115 99%
c i  2.03 133 332 4 4 39 10 5800 4205 3.7 55 15 7 23 55% 653400 270645 272114 99%
c i  2.09 133 362 4 4 43 10 6143 4513 3.5 53 15 7 23 55% 653428 270645 272106 99%
c i  2.11 133 363 4 4 44 10 6223 4580 3.5 53 15 7 23 55% 653437 270645 272091 99%
c i  2.11 133 362 4 4 44 10 6230 4583 3.5 53 15 7 23 55% 653440 270645 272090 99%
c i  2.11 133 362 4 4 44 10 6235 4586 3.5 53 15 7 23 55% 653441 270645 272089 99%
c i  2.11 133 361 4 4 44 10 6249 4596 3.5 52 15 7 23 55% 653442 270645 272080 99%
c i  2.11 133 360 4 4 44 10 6271 4616 3.5 52 15 7 23 54% 653443 270645 272056 99%
c -  2.26 133 387 4 5 50 10 7148 4778 3.3 48 14 7 24 53% 653353 270645 272056 99%
c }  2.26 133 387 5 5 50 10 7152 4780 3.3 48 14 7 24 53% 653355 270645 272056 99%
c [  2.26 133 509 5 5 50 5 7152 4780 4.8 143 29 9 51 56% 653355 270645 272056 99%
c
c seconds    switched rate       size/glue   tier1      binary            remaining
c         MB  reductions conflicts     size    tier2        irredundant
c           level restarts  redundant      glue    trail            variables
c
c i  2.30 133 507 5 5 50 5 7596 5187 4.5 129 28 9 43 53% 653360 270645 272049 99%
c B  2.36 133 503 5 5 50 5 8035 5613 4.2 120 29 9 43 50% 653361 270645 272026 99%
c b  2.71 177 484 5 5 51 4 8997 6540 4.4 135 31 9 43 54% 653415 270426 272007 99%
c u  2.75 177 484 5 5 51 4 8997 6287 4.4 135 31 9 43 54% 653438 270426 272005 99%
c v  2.79 177 484 5 5 51 4 8997 6253 4.4 135 31 9 43 54% 653438 270426 272005 99%
c w  2.82 177 484 5 5 51 4 8997 6252 4.4 135 31 9 43 54% 653438 270426 272005 99%
c d  2.84 177 484 5 5 51 4 8997 6252 4.4 135 31 9 43 54% 653318 270413 271940 99%
c t  2.86 177 484 5 5 51 4 8997 6252 4.4 135 31 9 43 54% 653314 270413 271934 99%
c b  2.87 177 484 5 5 51 4 8997 6252 4.4 135 31 9 43 54% 653314 270413 271929 99%
c d  2.88 177 484 5 5 51 4 8997 6251 4.4 135 31 9 43 54% 653316 270392 271923 99%
c b  2.90 177 484 5 5 51 4 8997 6251 4.4 135 31 9 43 54% 653316 270392 271903 99%
c u  2.93 177 484 5 5 51 4 8997 6102 4.4 135 31 9 43 54% 653316 270392 271903 99%
c v  2.96 177 484 5 5 51 4 8997 6055 4.4 135 31 9 43 54% 653316 270392 271903 99%
c w  2.98 177 484 5 5 51 4 8997 6055 4.4 135 31 9 43 54% 653316 270392 271903 99%
c x  3.00 177 484 5 5 51 4 8997 6055 4.4 135 31 9 43 54% 653413 270246 271838 99%
c d  3.02 177 484 5 5 51 4 8997 6055 4.4 135 31 9 43 54% 653233 270210 271741 99%
c t  3.04 177 484 5 5 51 4 8997 6055 4.4 135 31 9 43 54% 653232 270210 271741 99%
c b  3.05 177 484 5 5 51 4 8997 6055 4.4 135 31 9 43 54% 653232 270210 271728 99%
c i  3.05 177 484 5 5 51 4 8997 6055 4.4 135 31 9 43 54% 653232 270210 271728 99%
c -  3.13 177 480 5 6 52 4 9386 5192 4.3 131 30 8 42 55% 652850 270210 271728 99%
c
c seconds    switched rate        size/glue   tier1      binary            remaining
c         MB  reductions conflicts      size    tier2        irredundant
c           level restarts   redundant      glue    trail            variables
c
c ]  3.24 177 465 6 6 52 4 10193 5978 4.3 137 32 8 42 57% 652852 270210 271728 99%
c {  3.24 177 387 6 6 52 10 10193 5978 3.3 48 14 7 24 53% 652852 270210 271728 99%
c o  3.27 177 387 6 6 53 10 10243 6025 3.3 48 14 7 24 53% 652854 270210 271728 99%
c i  3.27 177 387 6 6 53 10 10244 6025 3.3 48 14 7 24 53% 652854 270210 271727 99%
c i  3.27 177 387 6 6 53 10 10245 6025 3.3 48 14 7 24 53% 652854 270210 271726 99%
c i  3.27 177 387 6 6 53 10 10247 6025 3.3 48 14 7 24 53% 652854 270210 271723 99%
c i  3.27 177 387 6 6 53 10 10249 6025 3.3 48 14 7 24 53% 652855 270210 271722 99%
c i  3.27 177 388 6 6 53 10 10251 6025 3.3 48 14 7 24 53% 652856 270210 271715 99%
c i  3.27 177 388 6 6 53 10 10252 6025 3.3 48 14 7 24 53% 652856 270210 271714 99%
c i  3.27 177 388 6 6 53 10 10256 6025 3.3 48 14 7 24 53% 652858 270210 271713 99%
c i  3.27 177 389 6 6 53 10 10260 6026 3.3 48 14 7 24 53% 652858 270210 271704 99%
c i  3.27 177 390 6 6 53 10 10271 6034 3.3 48 14 7 24 53% 652858 270210 271702 99%
c i  3.27 177 392 6 6 53 10 10293 6050 3.3 48 14 7 24 53% 652860 270210 271701 99%
c i  3.28 177 393 6 6 54 11 10306 6059 3.3 48 15 7 24 53% 652863 270210 271676 99%
c i  3.28 177 393 6 6 54 11 10311 6063 3.3 48 15 7 24 53% 652863 270210 271675 99%
c i  3.28 177 394 6 6 54 11 10318 6067 3.3 48 15 7 24 53% 652865 270210 271673 99%
c i  3.28 177 394 6 6 54 11 10320 6067 3.3 48 15 7 24 53% 652866 270210 271671 99%
c i  3.28 177 395 6 6 54 11 10325 6071 3.3 48 15 7 24 53% 652866 270210 271669 99%
c i  3.28 177 395 6 6 54 11 10332 6076 3.3 48 15 7 24 53% 652866 270210 271665 99%
c i  3.28 177 397 6 6 55 11 10345 6085 3.2 48 15 7 24 52% 652869 270210 271651 99%
c
c seconds    switched  rate        size/glue  tier1      binary            remaining
c         MB  reductions conflicts       size   tier2        irredundant
c           level restarts    redundant     glue    trail            variables
c
c i  3.28 177 397 6 6 55 11 10347 6085 3.2 48 15 7 24 52% 652870 270210 271647 99%
c i  3.28 177 398 6 6 55 11 10371 6105 3.2 48 15 7 24 52% 652873 270210 271645 99%
c i  3.30 177 394 6 6 57 11 10576 6272 3.2 46 15 7 24 51% 652895 270210 271630 99%
c i  3.30 177 392 6 6 57 11 10626 6310 3.2 46 15 7 24 51% 652905 270210 271628 99%
c i  3.31 177 390 6 6 57 11 10703 6378 3.2 46 14 7 24 50% 652913 270210 271614 99%
c i  3.31 177 389 6 6 57 11 10756 6425 3.1 45 14 7 24 50% 652916 270210 271605 99%
c i  3.38 177 414 6 6 60 11 11409 7004 3.1 43 14 7 24 49% 652967 270210 271584 99%
c i  3.39 177 413 6 6 60 11 11415 7009 3.1 43 14 7 24 49% 652967 270210 271582 99%
c i  3.42 177 408 6 6 61 10 11615 7184 3.1 42 14 7 24 49% 652985 270210 271566 99%
c i  3.42 177 408 6 6 61 10 11618 7186 3.1 42 14 7 24 49% 652985 270210 271564 99%
c -  3.43 177 402 6 7 61 10 11835 5940 3.0 41 14 6 23 48% 652616 270210 271562 99%
c i  3.46 177 406 6 7 62 11 12039 6123 3.0 41 13 6 23 48% 652630 270210 271557 99%
c i  3.46 177 406 6 7 62 11 12041 6124 3.0 41 13 6 23 48% 652630 270210 271556 99%
c i  3.46 177 406 6 7 62 11 12044 6124 3.0 41 13 6 23 48% 652631 270210 271555 99%
c i  3.46 177 406 6 7 62 11 12045 6124 3.0 41 13 6 23 47% 652631 270210 271533 99%
c i  3.47 177 405 6 7 62 11 12073 6147 3.0 40 13 6 23 47% 652635 270210 271532 99%
c i  3.69 177 380 6 7 63 10 13461 7378 3.0 38 13 6 23 47% 652753 270210 271528 99%
c i  3.69 177 381 6 7 63 10 13481 7392 3.0 37 13 6 23 47% 652755 270210 271524 99%
c i  3.69 177 381 6 7 63 10 13483 7392 3.0 37 13 6 23 47% 652756 270210 271523 99%
c i  3.69 177 381 6 7 63 10 13488 7393 3.0 37 13 6 23 47% 652757 270210 271507 99%
c
c seconds    switched  rate        size/glue  tier1      binary            remaining
c         MB  reductions conflicts       size   tier2        irredundant
c           level restarts    redundant     glue    trail            variables
c
c i  3.70 177 381 6 7 63 10 13549 7443 3.0 37 12 6 23 47% 652765 270210 271502 99%
c i  3.71 177 381 6 7 63 10 13593 7483 3.0 37 12 6 23 46% 652766 270210 271483 99%
c i  3.71 177 381 6 7 63 10 13596 7485 3.0 37 12 6 23 46% 652766 270210 271479 99%
c i  3.72 177 379 6 7 63 10 13769 7641 3.0 37 12 6 23 46% 652769 270210 271477 99%
c i  3.73 177 374 6 7 64 10 13999 7853 2.9 36 12 6 23 44% 652772 270210 271455 99%
c i  3.73 177 374 6 7 64 10 14002 7854 2.9 36 12 6 23 44% 652773 270210 271452 99%
c i  3.76 177 371 6 7 65 10 14224 8052 2.9 36 12 6 23 45% 652794 270210 271431 99%
c }  3.77 177 376 7 7 65 10 14262 8085 2.9 36 12 6 23 45% 652796 270210 271431 99%
c [  3.77 177 465 7 7 65 4 14262 8085 4.3 137 32 8 42 57% 652796 270210 271431 99%
c W  3.86 179 465 7 7 65 4 14262 8085 4.3 137 32 8 42 57% 652493 269947 271431 99%
c -  3.92 182 459 7 8 65 4 14484 7031 4.2 138 33 8 44 57% 652495 269947 271431 99%
c 2  3.95 182 456 7 8 65 4 14601 7147 4.2 140 33 8 44 57% 652495 269947 271422 99%
c e  4.80 302 456 7 8 65 4 14601 7147 4.2 140 33 8 44 57% 87642 555377 77980 28%
c 2  4.80 302 456 7 8 65 4 14601 7147 4.2 140 33 8 44 57% 87637 555377 77980 28%
c s  4.92 305 456 7 8 65 4 14601 7147 4.2 140 33 8 44 57% 87909 523630 77980 28%
c e  5.07 305 456 7 8 65 4 14601 7147 4.2 140 33 8 44 57% 86151 525038 77300 28%
c ^  5.07 305 456 7 8 65 4 14601 7147 4.2 140 33 8 44 57% 86151 525038 77300 28%
c -  5.66 304 425 7 9 67 4 17312 1904 3.0 166 55 12 63 53% 86154 525034 77300 28%
c b  5.84 304 412 7 9 68 3 18427 2994 3.0 175 59 12 63 52% 86157 525032 77219 28%
c u  5.85 304 412 7 9 68 3 18427 2880 3.0 175 59 12 63 52% 86167 525032 77219 28%
c
c seconds    switched rate        size/glue   tier1      binary           remaining
c         MB  reductions conflicts      size     tier2       irredundant
c           level restarts   redundant      glue     trail           variables
c
c v  5.88 304 412 7 9 68 3 18427 2794 3.0 175 59 12 63 52% 86167 525032 77219 28%
c w  5.98 304 412 7 9 68 3 18427 2792 3.0 175 59 12 63 52% 86167 525032 77219 28%
c x  6.03 305 412 7 9 68 3 18427 2792 3.0 175 59 12 63 52% 86401 524374 77219 28%
c =  6.28 305 412 7 9 68 3 18427 2792 3.0 175 59 12 63 52% 86405 524364 77211 28%
c d  6.29 305 412 7 9 68 3 18427 2792 3.0 175 59 12 63 52% 86416 524342 77211 28%
c t  6.31 305 412 7 9 68 3 18427 2792 3.0 175 59 12 63 52% 86345 524342 77124 28%
c b  6.32 305 412 7 9 68 3 18427 2792 3.0 175 59 12 63 52% 86345 524342 77121 28%
c f  8.16 307 412 7 9 68 3 18427 2792 3.0 175 59 12 63 52% 87027 521726 77706 28%
c b  8.27 311 412 7 9 68 3 18427 2792 3.0 175 59 12 63 52% 86631 521365 77655 28%
c u  8.28 311 412 7 9 68 3 18427 2776 3.0 175 59 12 63 52% 86630 521365 77655 28%
c v  8.31 311 412 7 9 68 3 18427 2661 3.0 175 59 12 63 52% 86630 521365 77655 28%
c w  8.41 311 412 7 9 68 3 18427 2656 3.0 175 59 12 63 52% 86630 521365 77655 28%
c x  8.47 311 412 7 9 68 3 18427 2655 3.0 175 59 12 63 52% 86749 521057 77655 28%
c t  8.50 311 412 7 9 68 3 18427 2655 3.0 175 59 12 63 52% 86693 521057 77622 28%
c ]  8.58 311 410 8 9 68 3 18772 2996 3.0 172 58 12 63 52% 86693 521057 77622 28%
c {  8.58 311 376 8 9 68 10 18772 2996 2.9 36 12 6 23 45% 86693 521057 77622 28%
c o  8.77 311 397 8 9 94 11 20268 4315 2.7 35 13 5 20 43% 86744 521048 77622 28%
c -  8.78 311 398 8 10 94 11 20313 3632 2.7 36 13 5 21 43% 86484 521048 77622 28%
c -  9.16 311 427 8 11 147 12 23475 5731 2.4 35 14 5 23 41% 86577 521026 77622 28%
c }  9.37 311 441 9 11 172 13 24931 7084 2.4 35 15 5 23 41% 86609 521023 77622 28%
c
c seconds    switched   rate        size/glue   tier1      binary           remaining
c         MB   reductions conflicts       size     tier2       irredundant
c           level  restarts    redundant      glue     trail           variables
c
c [  9.37 311 410 9 11 172 3 24931 7084 3.0 172 58 12 63 52% 86609 521023 77622 28%
c O  9.37 311 410 9 11 172 3 24931 7084 3.0 172 58 12 63 52% 86609 521023 77622 28%
c i  9.40 311 392 9 11 172 3 25579 7689 3.0 168 57 12 63 50% 86616 521021 77621 28%
c -  9.50 311 394 9 12 173 3 26792 7306 2.9 166 57 13 64 49% 86612 521020 77620 28%
c s  9.79 311 400 9 12 174 3 28495 8992 2.8 175 62 13 64 48% 86632 518920 77618 28%
c e 10.15 311 400 9 12 174 3 28495 8992 2.8 175 62 13 64 48% 77484 531896 72941 27%
c 2 10.15 311 400 9 12 174 3 28495 8992 2.8 175 62 13 64 48% 77482 531896 72941 27%
c s 10.22 311 400 9 12 174 3 28495 8992 2.8 175 62 13 64 48% 77546 531635 72941 27%
c e 10.27 311 400 9 12 174 3 28495 8992 2.8 175 62 13 64 48% 77513 531680 72929 27%
c ^ 10.27 311 400 9 12 174 3 28495 8992 2.8 175 62 13 64 48% 77513 531680 72929 27%
c - 10.43 311 395 9 13 176 3 30256 4027 2.8 171 61 14 67 47% 77518 531677 72929 27%
c b 10.51 311 395 9 13 176 3 30784 4543 2.8 170 61 14 67 46% 77541 531654 72916 27%
c u 10.54 311 395 9 13 176 3 30784 3940 2.8 170 61 14 67 46% 77572 531654 72916 27%
c v 10.60 311 395 9 13 176 3 30784 3552 2.8 170 61 14 67 46% 77572 531654 72916 27%
c w 10.63 311 395 9 13 176 3 30784 3552 2.8 170 61 14 67 46% 77572 531654 72916 27%
c x 10.67 311 395 9 13 176 3 30784 3538 2.8 170 61 14 67 46% 77623 531278 72916 27%
c t 10.90 311 395 9 13 176 3 30784 3538 2.8 170 61 14 67 46% 77560 531278 72911 27%
c f 10.95 311 395 9 13 176 3 30784 3538 2.8 170 61 14 67 46% 77562 531269 72913 27%
c b 10.98 311 395 9 13 176 3 30784 3538 2.8 170 61 14 67 46% 77569 531255 72912 27%
c u 11.00 311 395 9 13 176 3 30784 3407 2.8 170 61 14 67 46% 77577 531255 72912 27%
c
c seconds    switched   rate        size/glue   tier1      binary           remaining
c         MB   reductions conflicts       size     tier2       irredundant
c           level  restarts    redundant      glue     trail           variables
c
c v 11.05 311 395 9 13 176 3 30784 3077 2.8 170 61 14 67 46% 77577 531255 72912 27%
c w 11.09 311 395 9 13 176 3 30784 3068 2.8 170 61 14 67 46% 77577 531255 72912 27%
c x 11.13 311 395 9 13 176 3 30784 3061 2.8 170 61 14 67 46% 77617 530418 72912 27%
c t 11.16 311 395 9 13 176 3 30784 3061 2.8 170 61 14 67 46% 77613 530418 72907 27%
c f 11.21 311 395 9 13 176 3 30784 3061 2.8 170 61 14 67 46% 77617 530402 72911 27%
c ] 11.42 311 405 10 13 177 3 32250 4500 2.7 168 62 14 67 46% 77618 530401 72911 27%
c { 11.42 311 441 10 13 177 13 32250 4500 2.4 35 15 5 23 41% 77618 530401 72911 27%
c - 11.58 311 441 10 14 192 13 33862 5073 2.3 35 15 5 23 40% 77569 530396 72911 27%
c - 11.86 311 446 10 15 232 13 37609 7462 2.2 33 15 5 23 38% 77676 530394 72911 27%
c o 12.10 311 450 10 15 261 13 40288 9922 2.2 32 15 5 23 36% 77750 530386 72911 27%
c } 12.16 311 454 11 15 268 13 40879 10480 2.2 32 15 5 23 36% 77757 530384 72911 27%
c [ 12.16 311 405 11 15 268 3 40879 10480 2.7 168 62 14 67 46% 77757 530384 72911 27%
c B 12.16 311 405 11 15 268 3 40879 10480 2.7 168 62 14 67 46% 77757 530384 72911 27%
c - 12.27 311 411 11 16 268 3 41481 9257 2.6 167 63 14 70 46% 77757 530384 72911 27%
c ] 12.87 311 410 12 16 270 3 44226 11950 2.7 178 65 14 70 47% 77761 530382 72911 27%
c { 12.87 311 454 12 16 270 13 44226 11950 2.2 32 15 5 23 36% 77761 530382 72911 27%
c - 13.07 311 456 12 17 291 13 45483 10394 2.2 33 15 5 22 37% 77772 530380 72911 27%
c b 13.28 311 458 12 17 311 13 46696 11529 2.2 33 15 5 22 37% 77798 530360 72909 27%
c u 13.34 311 458 12 17 311 13 46696 10394 2.2 33 15 5 22 37% 77810 530360 72908 27%
c v 13.40 311 458 12 17 311 13 46696 10075 2.2 33 15 5 22 37% 77811 530360 72908 27%
c
c seconds     switched    rate         size/glue  tier1     binary           remaining
c         MB    reductions  conflicts        size   tier2       irredundant
c           level   restarts      redundant     glue    trail           variables
c
c w 13.44 311 458 12 17 311 13 46696 10071 2.2 33 15 5 22 37% 77811 530360 72908 27%
c x 13.49 311 458 12 17 311 13 46696 10042 2.2 33 15 5 22 37% 77858 529237 72908 27%
c d 13.50 311 458 12 17 311 13 46696 10040 2.2 33 15 5 22 37% 77856 529235 72907 27%
c t 13.53 311 458 12 17 311 13 46696 10040 2.2 33 15 5 22 37% 77796 529235 72907 27%
c b 13.53 311 458 12 17 311 13 46696 10040 2.2 33 15 5 22 37% 77796 529235 72906 27%
c f 13.58 311 458 12 17 311 13 46696 10040 2.2 33 15 5 22 37% 77799 529225 72908 27%
c u 13.73 321 458 12 17 311 13 46696 9415 2.2 33 15 5 22 37% 77862 529224 72907 27%
c v 13.80 321 458 12 17 311 13 46696 9011 2.2 33 15 5 22 37% 77862 529224 72907 27%
c w 13.83 321 458 12 17 311 13 46696 9011 2.2 33 15 5 22 37% 77862 529224 72907 27%
c x 13.88 321 458 12 17 311 13 46696 9006 2.2 33 15 5 22 37% 77885 528125 72907 27%
c t 14.17 321 458 12 17 311 13 46696 9006 2.2 33 15 5 22 37% 77846 528125 72907 27%
c i 14.24 321 458 12 17 311 13 46696 9006 2.2 33 15 5 22 37% 77846 528125 72907 27%
c - 14.68 321 469 12 18 357 13 49606 9525 2.1 34 16 5 23 37% 77871 528122 72907 27%
c - 15.30 321 477 12 19 419 13 53848 11284 2.1 35 17 5 23 38% 77904 528112 72907 27%
c } 15.55 321 478 13 19 448 14 55705 13059 2.1 35 17 5 23 38% 77914 528111 72907 27%
c [ 15.55 321 410 13 19 448 3 55705 13059 2.7 178 65 14 70 47% 77914 528111 72907 27%
c W 15.61 323 410 13 19 448 3 55705 13059 2.7 178 65 14 70 47% 77914 528111 72907 27%
c - 16.04 323 399 13 20 450 3 58206 12380 2.6 178 68 12 70 46% 77916 528110 72907 27%
c s 16.17 323 396 13 20 450 3 58599 12761 2.6 178 67 12 70 46% 77919 523409 72907 27%
c e 16.57 323 396 13 20 450 3 58599 12761 2.6 178 67 12 70 46% 74235 530428 70452 26%
c
c seconds     switched   rate         size/glue   tier1      binary           remaining
c         MB    reductions conflicts        size     tier2       irredundant
c           level   restarts     redundant      glue     trail           variables
c
c 2 16.57 323 396 13 20 450 3 58599 12761 2.6 178 67 12 70 46% 74234 530428 70452 26%
c s 16.66 323 396 13 20 450 3 58599 12761 2.6 178 67 12 70 46% 74277 527134 70452 26%
c e 16.88 323 396 13 20 450 3 58599 12761 2.6 178 67 12 70 46% 73747 528182 70114 26%
c ^ 16.88 323 396 13 20 450 3 58599 12761 2.6 178 67 12 70 46% 73747 528182 70114 26%
c - 17.53 323 394 13 21 453 3 62678 8928 2.6 174 67 12 69 47% 73749 528181 70114 26%
c ] 18.06 323 389 14 21 454 3 65716 11916 2.6 176 67 12 69 47% 73752 528179 70114 26%
c { 18.06 323 478 14 21 454 14 65716 11916 2.1 35 17 5 23 38% 73752 528179 70114 26%
c b 18.16 323 478 14 21 460 13 66266 12435 2.1 35 17 5 23 38% 73756 528178 70113 26%
c u 18.23 323 478 14 21 460 13 66266 11096 2.1 35 17 5 23 38% 73792 528178 70113 26%
c v 18.34 323 478 14 21 460 13 66266 10351 2.1 35 17 5 23 38% 73792 528178 70113 26%
c w 18.41 323 478 14 21 460 13 66266 10350 2.1 35 17 5 23 38% 73792 528178 70113 26%
c x 18.48 323 478 14 21 460 13 66266 10310 2.1 35 17 5 23 38% 73833 526464 70113 26%
c t 18.52 323 478 14 21 460 13 66266 10310 2.1 35 17 5 23 38% 73790 526464 70113 26%
c f 18.59 323 478 14 21 460 13 66266 10310 2.1 35 17 5 23 38% 73793 526443 70116 26%
c u 18.67 323 478 14 21 460 13 66266 10055 2.1 35 17 5 23 38% 73799 526443 70116 26%
c v 18.79 323 478 14 21 460 13 66266 9104 2.1 35 17 5 23 38% 73799 526443 70116 26%
c w 18.86 323 478 14 21 460 13 66266 9102 2.1 35 17 5 23 38% 73799 526443 70116 26%
c x 18.94 323 478 14 21 460 13 66266 9068 2.1 35 17 5 23 38% 73845 524175 70116 26%
c d 18.95 323 478 14 21 460 13 66266 9068 2.1 35 17 5 23 38% 73843 524174 70115 26%
c t 18.98 323 478 14 21 460 13 66266 9068 2.1 35 17 5 23 38% 73838 524174 70114 26%
c
c seconds     switched    rate        size/glue  tier1     binary           remaining
c         MB    reductions  conflicts       size   tier2       irredundant
c           level   restarts     redundant     glue    trail           variables
c
c f 19.06 323 478 14 21 460 13 66266 9068 2.1 35 17 5 23 38% 73841 524154 70117 26%
c - 19.25 323 479 14 22 477 14 67260 8451 2.1 36 17 5 23 38% 73841 524152 70117 26%
c o 19.72 324 485 14 22 528 14 70294 11303 2.0 36 18 5 24 38% 73862 524147 70117 26%
c - 19.97 324 486 14 23 557 14 71951 10746 2.0 36 18 5 24 38% 73873 524143 70117 26%
c - 20.72 325 491 14 24 634 14 76746 12715 2.0 38 19 5 25 39% 73912 524139 70117 26%
c } 21.31 325 493 15 24 695 14 80432 16233 2.0 39 19 5 25 39% 73931 524136 70117 26%
c [ 21.31 325 389 15 24 695 3 80432 16233 2.6 176 67 12 69 47% 73931 524136 70117 26%
c I 21.31 325 389 15 24 695 3 80432 16233 2.6 176 67 12 69 47% 73931 524136 70117 26%
c - 21.43 254 391 15 25 696 3 81645 14270 2.6 170 65 11 67 46% 73936 524134 70117 26%
c - 22.27 254 384 15 26 700 3 86645 15077 2.6 165 63 11 65 47% 73938 524134 70117 26%
c u 23.01 255 382 15 26 701 3 89602 15869 2.6 165 62 11 65 47% 73984 524120 70117 26%
c v 23.13 255 382 15 26 701 3 89602 15283 2.6 165 62 11 65 47% 73984 524120 70117 26%
c w 23.20 256 382 15 26 701 3 89602 15283 2.6 165 62 11 65 47% 73984 524120 70117 26%
c x 23.28 256 382 15 26 701 3 89602 15249 2.6 165 62 11 65 47% 74053 521122 70117 26%
c t 23.31 256 382 15 26 701 3 89602 15249 2.6 165 62 11 65 47% 74004 521122 70117 26%
c f 23.39 256 382 15 26 701 3 89602 15249 2.6 165 62 11 65 47% 74010 521075 70123 26%
c u 23.49 256 382 15 26 701 3 89602 14934 2.6 165 62 11 65 47% 74021 521075 70123 26%
c v 23.65 256 382 15 26 701 3 89602 13492 2.6 165 62 11 65 47% 74021 521075 70123 26%
c w 23.71 257 382 15 26 701 3 89602 13490 2.6 165 62 11 65 47% 74021 521075 70123 26%
c x 23.79 257 382 15 26 701 3 89602 13458 2.6 165 62 11 65 47% 74087 518155 70123 26%
c
c seconds     switched   rate         size/glue   tier1      binary           remaining
c         MB    reductions conflicts        size     tier2       irredundant
c           level   restarts     redundant      glue     trail           variables
c
c t 24.32 257 382 15 26 701 3 89602 13458 2.6 165 62 11 65 47% 74080 518155 70123 26%
c f 24.40 257 382 15 26 701 3 89602 13458 2.6 165 62 11 65 47% 74082 518141 70125 26%
c - 24.88 257 382 15 27 701 3 91744 11632 2.7 168 63 10 64 47% 74082 518141 70125 26%
c ] 25.06 257 382 16 27 701 3 92338 12221 2.7 171 64 10 64 47% 74082 518141 70125 26%
c { 25.06 257 493 16 27 701 14 92338 12221 2.0 39 19 5 25 39% 74082 518141 70125 26%
c - 25.76 258 494 16 28 767 14 96943 12867 2.0 39 20 5 26 39% 74117 518137 70125 26%
c - 26.57 258 495 16 29 838 14 102235 14855 2.0 40 20 5 26 40% 74155 518133 70125 26%
c s 27.46 259 494 16 29 914 14 107024 19443 2.0 41 21 5 26 40% 74200 516238 70125 26%
c e 27.88 260 494 16 29 914 14 107024 19443 2.0 41 21 5 26 40% 61920 560080 58976 22%
c 2 27.88 260 494 16 29 914 14 107024 19443 2.0 41 21 5 26 40% 61917 560080 58976 22%
c s 28.05 260 494 16 29 914 14 107024 19443 2.0 41 21 5 26 40% 61962 552407 58976 22%
c e 28.30 260 494 16 29 914 14 107024 19443 2.0 41 21 5 26 40% 61724 552935 58861 21%
c ^ 28.30 260 494 16 29 914 14 107024 19443 2.0 41 21 5 26 40% 61724 552935 58861 21%
c - 28.47 261 495 16 30 925 14 107620 8014 2.0 41 21 5 26 40% 61727 552935 58861 21%
c o 28.92 263 498 16 30 967 14 110331 10554 2.0 41 21 5 26 40% 61752 552927 58861 21%
c } 28.98 263 498 17 30 973 14 110675 10873 2.0 41 21 5 26 40% 61756 552927 58861 21%
c [ 28.98 263 382 17 30 973 3 110675 10873 2.7 171 64 10 64 47% 61756 552927 58861 21%
c B 28.98 263 382 17 30 973 3 110675 10873 2.7 171 64 10 64 47% 61756 552927 58861 21%
c - 29.54 263 393 17 31 975 3 113097 11155 2.5 177 70 10 67 47% 61756 552927 58861 21%
c u 30.27 276 394 17 31 978 3 116845 12909 2.4 179 73 10 67 47% 61812 552927 58861 21%
c
c seconds     switched   rate          size/glue   tier1      binary           remaining
c         MB    reductions conflicts         size     tier2       irredundant
c           level   restarts      redundant      glue     trail           variables
c
c v 30.44 276 394 17 31 978 3 116845 11403 2.4 179 73 10 67 47% 61814 552927 58861 21%
c w 30.53 276 394 17 31 978 3 116845 11402 2.4 179 73 10 67 47% 61814 552927 58861 21%
c x 30.62 276 394 17 31 978 3 116845 11392 2.4 179 73 10 67 47% 61832 547439 58861 21%
c t 30.66 276 394 17 31 978 3 116845 11392 2.4 179 73 10 67 47% 61755 547439 58861 21%
c f 30.75 276 394 17 31 978 3 116845 11392 2.4 179 73 10 67 47% 61760 547404 58864 21%
c u 30.85 276 394 17 31 978 3 116845 11111 2.4 179 73 10 67 47% 61765 547404 58864 21%
c v 30.97 276 394 17 31 978 3 116845 10266 2.4 179 73 10 67 47% 61765 547404 58864 21%
c w 31.12 276 394 17 31 978 3 116845 10262 2.4 179 73 10 67 47% 61765 547404 58864 21%
c x 31.20 276 394 17 31 978 3 116845 10262 2.4 179 73 10 67 47% 61765 543075 58864 21%
c t 31.23 276 394 17 31 978 3 116845 10262 2.4 179 73 10 67 47% 61762 543075 58864 21%
c f 31.33 276 394 17 31 978 3 116845 10262 2.4 179 73 10 67 47% 61766 543032 58868 21%
c - 31.56 182 395 17 32 978 3 118664 9728 2.4 176 72 10 68 47% 61768 543030 58868 21%
c - 32.51 182 390 17 33 981 2 124321 11880 2.5 174 71 9 67 47% 61770 543029 58868 21%
c ] 33.17 214 387 18 33 984 2 128589 16083 2.5 173 69 9 67 47% 61770 543029 58868 21%
c { 33.17 214 498 18 33 984 14 128589 16083 2.0 41 21 5 26 40% 61770 543029 58868 21%
c - 33.24 214 485 18 34 987 13 130066 13880 2.0 43 21 5 26 39% 61772 543027 58868 21%
c - 33.43 215 446 18 35 990 12 135896 16050 2.1 42 20 5 25 38% 61814 543024 58868 21%
c i 33.50 215 419 18 35 992 11 140051 20102 2.2 42 19 5 25 37% 61817 543024 58867 21%
c i 33.51 215 419 18 35 992 11 140095 20118 2.2 42 19 5 25 37% 61831 543024 58865 21%
c - 33.59 215 410 18 36 998 11 141813 17992 2.2 42 19 5 24 36% 61825 543023 58865 21%
c
c seconds     switched     rate          size/glue  tier1     binary           remaining
c         MB    reductions   conflicts         size   tier2       irredundant
c           level    restarts       redundant     glue    trail           variables
c
c - 33.74 215 384 18 37 1001 10 147814 19850 2.3 42 18 5 22 35% 61857 543023 58865 21%
c u 33.84 215 383 18 37 1001 10 148174 19085 2.3 42 18 5 22 35% 61862 542987 58865 21%
c v 33.90 216 383 18 37 1001 10 148174 18868 2.3 42 18 5 22 35% 61862 542987 58865 21%
c w 33.93 216 383 18 37 1001 10 148174 18866 2.3 42 18 5 22 35% 61862 542987 58865 21%
c x 33.98 216 383 18 37 1001 10 148174 18866 2.3 42 18 5 22 35% 61862 540754 58865 21%
c t 34.02 216 383 18 37 1001 10 148174 18866 2.3 42 18 5 22 35% 61828 540754 58865 21%
c f 34.08 216 383 18 37 1001 10 148174 18866 2.3 42 18 5 22 35% 61829 540743 58866 21%
c u 34.18 216 383 18 37 1001 10 148174 17954 2.3 42 18 5 22 35% 61841 540743 58866 21%
c v 34.25 216 383 18 37 1001 10 148174 17771 2.3 42 18 5 22 35% 61841 540743 58866 21%
c w 34.27 216 383 18 37 1001 10 148174 17762 2.3 42 18 5 22 35% 61841 540743 58866 21%
c x 34.32 216 383 18 37 1001 10 148174 17762 2.3 42 18 5 22 35% 61841 538582 58866 21%
c t 34.35 216 383 18 37 1001 10 148174 17762 2.3 42 18 5 22 35% 61835 538582 58866 21%
c f 34.41 216 383 18 37 1001 10 148174 17762 2.3 42 18 5 22 35% 61837 538562 58868 21%
c } 34.51 216 371 19 37 1002 10 150934 20363 2.3 41 18 5 22 34% 61864 538561 58868 21%
c [ 34.51 216 387 19 37 1002 2 150934 20363 2.5 173 69 9 67 47% 61864 538561 58868 21%
c W 34.57 237 387 19 37 1002 2 150934 20363 2.5 173 69 9 67 47% 61864 538561 58868 21%
c ] 35.22 239 386 20 37 1004 2 153663 23049 2.5 178 73 9 67 47% 61864 538561 58868 21%
c { 35.22 239 371 20 37 1004 10 153663 23049 2.3 41 18 5 22 34% 61864 538561 58868 21%
c - 35.28 239 371 20 38 1008 10 153896 17996 2.3 41 18 5 22 34% 61864 538561 58868 21%
c - 36.16 242 380 20 39 1094 10 160061 18576 2.3 42 19 4 22 35% 61889 538558 58868 21%
c
c seconds     switched     rate          size/glue  tier1     binary           remaining
c         MB    reductions   conflicts         size   tier2       irredundant
c           level    restarts       redundant     glue    trail           variables
c
c o 36.20 242 381 20 39 1098 10 160362 18864 2.3 42 19 4 22 35% 61890 538558 58868 21%
c - 36.84 243 390 20 40 1169 10 166307 20399 2.2 42 19 4 22 35% 61916 538556 58868 21%
c - 37.57 244 401 20 41 1248 10 172631 22003 2.2 42 19 4 22 36% 61943 538554 58868 21%
c s 38.02 244 404 20 41 1294 10 175992 25264 2.2 42 19 4 22 36% 61971 537301 58868 21%
c e 38.45 277 404 20 41 1294 10 175992 25264 2.2 42 19 4 22 36% 56277 568034 53900 20%
c 2 38.45 277 404 20 41 1294 10 175992 25264 2.2 42 19 4 22 36% 56273 568034 53900 20%
c s 38.65 279 404 20 41 1294 10 175992 25264 2.2 42 19 4 22 36% 56315 563225 53900 20%
c e 38.90 279 404 20 41 1294 10 175992 25264 2.2 42 19 4 22 36% 56143 563936 53790 20%
c ^ 38.90 279 404 20 41 1294 10 175992 25264 2.2 42 19 4 22 36% 56143 563936 53790 20%
c - 39.33 280 409 20 42 1339 11 179034 12898 2.2 42 19 4 22 36% 56153 563934 53790 20%
c } 39.44 280 410 21 42 1352 10 180402 14223 2.2 42 19 4 22 36% 56155 563934 53790 20%
c [ 39.44 280 386 21 42 1352 2 180402 14223 2.5 178 73 9 67 47% 56155 563934 53790 20%
c O 39.44 280 386 21 42 1352 2 180402 14223 2.5 178 73 9 67 47% 56155 563934 53790 20%
c u 39.84 281 375 21 42 1354 2 183610 15005 2.5 175 71 9 67 46% 56248 563933 53789 20%
c v 39.96 281 375 21 42 1354 2 183610 14107 2.5 175 71 9 67 46% 56248 563933 53789 20%
c w 40.02 282 375 21 42 1354 2 183610 14095 2.5 175 71 9 67 46% 56248 563933 53789 20%
c x 40.10 282 375 21 42 1354 2 183610 14095 2.5 175 71 9 67 46% 56249 560529 53789 20%
c t 40.65 282 375 21 42 1354 2 183610 14094 2.5 175 71 9 67 46% 56164 560529 53789 20%
c f 40.75 282 375 21 42 1354 2 183610 14094 2.5 175 71 9 67 46% 56165 560511 53790 20%
c i 40.76 282 375 21 42 1354 2 183610 14094 2.5 175 71 9 67 46% 56165 560511 53790 20%
c
c seconds     switched    rate          size/glue   tier1     binary           remaining
c         MB    reductions  conflicts         size    tier2       irredundant
c           level    restarts      redundant      glue    trail           variables
c
c - 41.06 282 373 21 43 1355 2 185514 13995 2.5 174 70 9 65 46% 56158 560511 53790 20%
c - 41.94 237 367 21 44 1358 2 192073 16023 2.5 173 70 9 66 45% 56159 560511 53790 20%
c - 42.83 237 369 21 45 1363 2 198706 16536 2.5 169 69 9 65 46% 56159 560511 53790 20%
c ] 43.62 237 366 22 45 1365 2 204215 21969 2.5 168 68 9 64 45% 56159 560511 53790 20%
c { 43.62 237 410 22 45 1365 10 204215 21969 2.2 42 19 4 22 36% 56159 560511 53790 20%
c - 43.70 237 409 22 46 1370 10 205414 17475 2.2 42 19 4 22 36% 56163 560507 53790 20%
c i 43.89 237 404 22 46 1376 10 208860 20746 2.2 41 19 4 22 35% 56169 560506 53789 20%
c - 44.06 237 396 22 47 1379 10 212198 18962 2.2 40 19 4 22 36% 56173 560501 53789 20%
c - 44.38 237 382 22 48 1386 9 219053 20833 2.2 39 18 4 21 34% 56185 560495 53789 20%
c i 44.43 237 381 22 48 1388 9 219617 21358 2.2 39 18 4 21 34% 56187 560495 53788 20%
c i 44.48 237 380 22 48 1389 9 220355 22044 2.2 38 18 4 21 34% 56193 560491 53787 20%
c o 44.54 237 371 22 48 1390 9 223136 24484 2.2 38 17 4 21 33% 56205 560486 53787 20%
c b 44.57 237 371 22 48 1390 9 223405 24722 2.2 37 17 4 21 33% 56214 560462 53785 20%
c u 44.66 237 371 22 48 1390 9 223405 22644 2.2 37 17 4 21 33% 56219 560462 53785 20%
c v 44.77 237 371 22 48 1390 9 223405 22166 2.2 37 17 4 21 33% 56219 560462 53785 20%
c w 44.82 237 371 22 48 1390 9 223405 22132 2.2 37 17 4 21 33% 56219 560462 53785 20%
c x 44.89 239 371 22 48 1390 9 223405 22132 2.2 37 17 4 21 33% 56221 557265 53785 20%
c t 44.92 239 371 22 48 1390 9 223405 22132 2.2 37 17 4 21 33% 56205 557265 53785 20%
c u 45.21 259 371 22 48 1390 9 223405 20599 2.2 37 17 4 21 33% 56240 557265 53785 20%
c v 45.30 259 371 22 48 1390 9 223405 20128 2.2 37 17 4 21 33% 56242 557265 53785 20%
c
c seconds     switched    rate          size/glue  tier1     binary           remaining
c         MB    reductions  conflicts         size   tier2       irredundant
c           level    restarts      redundant     glue    trail           variables
c
c w 45.34 259 371 22 48 1390 9 223405 20106 2.2 37 17 4 21 33% 56242 557265 53785 20%
c x 45.42 259 371 22 48 1390 9 223405 20106 2.2 37 17 4 21 33% 56242 553974 53785 20%
c t 45.45 259 371 22 48 1390 9 223405 20106 2.2 37 17 4 21 33% 56219 553974 53785 20%
c - 45.68 259 368 22 49 1392 9 225981 17994 2.1 37 17 4 21 33% 56222 553973 53785 20%
c i 45.84 259 364 22 49 1396 8 229449 21310 2.1 36 17 4 21 33% 56225 553971 53784 20%
c i 46.04 259 359 22 49 1406 8 232336 24062 2.1 36 17 4 21 32% 56230 553969 53783 20%
c - 46.10 259 358 22 50 1410 8 232982 20131 2.1 36 17 4 20 32% 56223 553969 53783 20%
c i 46.15 259 357 22 50 1412 8 233692 20803 2.1 36 17 4 20 32% 56226 553966 53782 20%
c } 46.22 259 354 23 50 1412 8 235731 22644 2.1 35 17 4 20 32% 56234 553963 53782 20%
c [ 46.22 259 366 23 50 1412 2 235731 22644 2.5 168 68 9 64 45% 56234 553963 53782 20%
c B 46.22 259 366 23 50 1412 2 235731 22644 2.5 168 68 9 64 45% 56234 553963 53782 20%
c - 47.28 259 365 23 51 1415 2 240053 21324 2.5 171 69 9 63 46% 56232 553961 53782 20%
c ] 48.07 259 364 24 51 1418 2 244435 25656 2.5 171 69 9 63 46% 56232 553961 53782 20%
c { 48.07 259 354 24 51 1418 8 244435 25656 2.1 35 17 4 20 32% 56232 553961 53782 20%
c - 48.64 291 356 24 52 1469 8 247194 21464 2.1 36 17 4 20 32% 56234 553961 53782 20%
c - 49.93 292 359 24 53 1603 9 254405 23444 2.1 39 18 4 21 33% 56243 553959 53782 20%
c - 51.27 293 361 24 54 1736 9 261686 25322 2.1 41 19 4 21 34% 56254 553959 53782 20%
c s 52.43 233 364 24 54 1842 9 267373 30900 2.1 43 20 4 21 35% 56269 552510 53782 20%
c e 53.00 235 364 24 54 1842 9 267373 30900 2.1 43 20 4 21 35% 39856 738713 37983 14%
c 2 53.00 235 364 24 54 1842 9 267373 30900 2.1 43 20 4 21 35% 39854 738713 37983 14%
c
c seconds     switched    rate          size/glue  tier1     binary           remaining
c         MB    reductions  conflicts         size   tier2       irredundant
c           level    restarts      redundant     glue    trail           variables
c
c s 53.36 236 364 24 54 1842 9 267373 30900 2.1 43 20 4 21 35% 39877 727433 37983 14%
c e 53.63 236 364 24 54 1842 9 267373 30900 2.1 43 20 4 21 35% 39854 727647 37969 14%
c ! 53.64 236 364 24 54 1842 9 267373 30900 2.1 43 20 4 21 35% 39854 727647 37969 14%
c b 53.74 273 364 24 54 1844 9 267460 10439 2.1 43 20 4 21 35% 39857 727644 37966 14%
c u 53.86 277 364 24 54 1844 9 267460 8876 2.1 43 20 4 21 35% 39881 727644 37966 14%
c v 53.99 277 364 24 54 1844 9 267460 7494 2.1 43 20 4 21 35% 39881 727644 37966 14%
c w 54.05 277 364 24 54 1844 9 267460 7448 2.1 43 20 4 21 35% 39881 727644 37966 14%
c x 54.24 278 364 24 54 1844 9 267460 7448 2.1 43 20 4 21 35% 39884 721826 37966 14%
c t 54.28 278 364 24 54 1844 9 267460 7448 2.1 43 20 4 21 35% 39849 721826 37965 14%
c u 54.58 279 364 24 54 1844 9 267460 7191 2.1 43 20 4 21 35% 39852 721816 37965 14%
c v 54.66 279 364 24 54 1844 9 267460 6692 2.1 43 20 4 21 35% 39852 721816 37965 14%
c w 54.71 279 364 24 54 1844 9 267460 6553 2.1 43 20 4 21 35% 39852 721816 37965 14%
c x 54.90 279 364 24 54 1844 9 267460 6553 2.1 43 20 4 21 35% 39852 714390 37965 14%
c - 55.51 279 365 24 55 1874 9 269035 7351 2.1 44 20 4 22 35% 39840 714389 37965 14%
c - 56.99 279 368 24 56 1997 9 276454 13514 2.1 45 21 4 22 36% 39855 714387 37965 14%
c } 58.01 280 370 25 56 2075 10 281112 18065 2.1 46 22 4 22 36% 39859 714387 37965 14%
c [ 58.01 280 364 25 56 2075 2 281112 18065 2.5 171 69 9 63 46% 39859 714387 37965 14%
c W 58.09 294 364 25 56 2075 2 281112 18065 2.5 171 69 9 63 46% 39859 714387 37965 14%
c - 58.73 295 363 25 57 2077 2 283937 18261 2.5 172 70 9 64 46% 39859 714387 37965 14%
c - 59.92 295 360 25 58 2081 2 291488 19109 2.5 172 70 9 63 46% 39860 714387 37965 14%
c
c seconds     switched    rate          size/glue   tier1     binary           remaining
c         MB    reductions  conflicts         size    tier2       irredundant
c           level    restarts      redundant      glue    trail           variables
c
c o 60.23 295 360 25 58 2082 2 293439 21034 2.5 173 70 9 63 46% 39860 714387 37965 14%
c - 61.11 295 367 25 59 2086 2 299103 18907 2.4 172 70 9 63 46% 39860 714386 37965 14%
c - 62.54 215 369 25 60 2089 2 306785 18934 2.5 175 71 9 63 47% 39862 714384 37965 14%
c - 64.29 215 370 25 61 2090 2 314530 18022 2.4 182 76 9 65 48% 39863 714384 37965 14%
c I 64.77 215 368 25 61 2092 2 316465 19908 2.4 182 76 9 65 48% 39863 714384 37965 14%
c u 64.95 215 369 25 61 2092 2 317133 19328 2.4 181 76 9 65 48% 39875 714384 37965 14%
c v 65.19 216 369 25 61 2092 2 317133 16628 2.4 181 76 9 65 48% 39876 714384 37965 14%
c w 65.43 217 369 25 61 2092 2 317133 16610 2.4 181 76 9 65 48% 39876 714384 37965 14%
c x 65.62 220 369 25 61 2092 2 317133 16610 2.4 181 76 9 65 48% 39881 709941 37965 14%
c t 65.66 220 369 25 61 2092 2 317133 16610 2.4 181 76 9 65 48% 39864 709941 37965 14%
c f 65.85 220 369 25 61 2092 2 317133 16610 2.4 181 76 9 65 48% 39866 709902 37967 14%
c u 66.00 236 369 25 61 2092 2 317133 16434 2.4 181 76 9 65 48% 39866 709902 37967 14%
c v 66.14 236 369 25 61 2092 2 317133 15407 2.4 181 76 9 65 48% 39866 709902 37967 14%
c w 66.48 236 369 25 61 2092 2 317133 15277 2.4 181 76 9 65 48% 39866 709902 37967 14%
c f 67.97 272 369 25 61 2092 2 317133 15277 2.4 181 76 9 65 48% 39871 709807 37971 14%
c ] 68.48 272 364 26 61 2095 2 321697 19706 2.4 178 74 9 65 47% 39872 709806 37971 14%
c { 68.48 272 370 26 61 2095 10 321697 19706 2.1 46 22 4 22 36% 39872 709806 37971 14%
c - 68.62 272 370 26 62 2102 10 322340 15341 2.1 46 22 4 22 36% 39875 709806 37971 14%
c - 70.23 307 369 26 63 2224 10 330216 19403 2.1 47 22 4 23 37% 39893 709805 37971 14%
c - 72.06 308 370 26 64 2362 10 338153 22035 2.2 50 23 4 23 38% 39906 709805 37971 14%
c
c seconds     switched     rate          size/glue  tier1     binary           remaining
c         MB    reductions   conflicts         size   tier2       irredundant
c           level    restarts       redundant     glue    trail           variables
c
c - 73.81 252 370 26 65 2487 10 346153 23868 2.2 51 24 4 23 38% 39913 709804 37971 14%
c - 75.39 253 373 26 66 2593 10 354215 25388 2.2 51 24 4 24 39% 39923 709804 37971 14%
c - 76.33 253 371 26 67 2661 10 362342 26503 2.2 51 24 4 23 38% 39932 709803 37971 14%
c } 76.73 253 370 27 67 2691 10 363915 28053 2.2 51 24 4 23 38% 39933 709803 37971 14%
c [ 76.73 253 364 27 67 2691 2 363915 28053 2.4 178 74 9 65 47% 39933 709803 37971 14%
c B 76.73 253 364 27 67 2691 2 363915 28053 2.4 178 74 9 65 47% 39933 709803 37971 14%
c - 78.36 254 368 27 68 2696 2 370529 25205 2.3 184 79 9 66 48% 39934 709803 37971 14%
c u 78.67 254 368 27 68 2696 2 371350 23649 2.3 184 79 9 66 48% 39962 709803 37971 14%
c v 78.97 254 368 27 68 2696 2 371350 20095 2.3 184 79 9 66 48% 39963 709803 37971 14%
c w 79.31 254 368 27 68 2696 2 371350 19938 2.3 184 79 9 66 48% 39963 709803 37971 14%
c t 79.35 254 368 27 68 2696 2 371350 19938 2.3 184 79 9 66 48% 39934 709803 37971 14%
c f 79.55 254 368 27 68 2696 2 371350 19938 2.3 184 79 9 66 48% 39939 709718 37975 14%
c u 79.72 254 368 27 68 2696 2 371350 19578 2.3 184 79 9 66 48% 39947 709718 37975 14%
c v 79.91 254 368 27 68 2696 2 371350 18148 2.3 184 79 9 66 48% 39947 709718 37975 14%
c w 80.19 254 368 27 68 2696 2 371350 17956 2.3 184 79 9 66 48% 39947 709718 37975 14%
c t 80.38 257 368 27 68 2696 2 371350 17956 2.3 184 79 9 66 48% 39944 709718 37975 14%
c f 80.58 257 368 27 68 2696 2 371350 17956 2.3 184 79 9 66 48% 39947 709680 37977 14%
c o 81.00 257 362 27 68 2698 2 376233 22739 2.3 181 77 9 66 48% 39949 709680 37977 14%
c - 81.55 257 365 27 69 2700 2 378776 18961 2.3 181 77 9 65 48% 39949 709680 37977 14%
c s 83.23 261 360 27 69 2704 2 385723 25829 2.3 178 76 9 65 48% 39972 707221 37977 14%
c
c seconds     switched    rate          size/glue   tier1     binary           remaining
c         MB    reductions  conflicts         size    tier2       irredundant
c           level    restarts      redundant      glue    trail           variables
c
c e 83.58 266 360 27 69 2704 2 385723 25829 2.3 178 76 9 65 48% 38729 721790 36782 13%
c s 84.15 183 360 27 69 2704 2 385723 25829 2.3 178 76 9 65 48% 38732 721060 36782 13%
c e 84.30 183 360 27 69 2704 2 385723 25829 2.3 178 76 9 65 48% 38725 721171 36775 13%
c - 84.44 184 360 27 70 2704 2 387083 18470 2.3 177 76 9 64 47% 38725 721171 36775 13%
c - 85.27 184 355 27 71 2705 2 395449 19979 2.3 175 75 8 64 46% 38727 721170 36775 13%
c - 86.22 185 350 27 72 2711 2 403875 20918 2.4 176 75 8 65 45% 38731 721169 36775 13%
c W 86.77 227 349 27 72 2712 2 407626 24590 2.3 175 75 8 65 45% 38732 721168 36775 13%
c - 87.56 228 349 27 73 2715 2 412360 21577 2.4 175 74 8 64 45% 38733 721168 36775 13%
c ] 88.52 229 351 28 73 2718 2 417036 26195 2.4 174 74 8 64 45% 38733 721168 36775 13%
c { 88.52 229 370 28 73 2718 10 417036 26195 2.2 51 24 4 23 38% 38733 721168 36775 13%
c - 89.40 231 371 28 74 2780 10 420904 22896 2.2 52 24 4 23 38% 38736 721168 36775 13%
c - 91.29 232 372 28 75 2923 10 429508 25147 2.2 55 25 4 24 39% 38746 721168 36775 13%
c u 91.70 242 371 28 75 2933 10 430230 24278 2.2 55 25 4 24 39% 38763 721168 36775 13%
c v 92.02 242 371 28 75 2933 10 430230 21341 2.2 55 25 4 24 39% 38763 721168 36775 13%
c w 92.27 242 371 28 75 2933 10 430230 21303 2.2 55 25 4 24 39% 38763 721168 36775 13%
c t 92.31 242 371 28 75 2933 10 430230 21303 2.2 55 25 4 24 39% 38747 721168 36775 13%
c - 94.14 242 373 28 76 3048 10 438169 23724 2.2 56 26 4 24 40% 38756 721167 36775 13%
c - 95.92 242 373 28 77 3182 10 446886 26413 2.2 58 27 4 24 40% 38758 721167 36775 13%
c - 97.83 242 374 28 78 3327 10 455661 29078 2.2 60 28 5 25 41% 38768 721165 36775 13%
c - 99.62 242 376 28 79 3458 10 464492 30753 2.2 62 28 5 25 42% 38773 721165 36775 13%
c
c seconds     switched     rate          size/glue  tier1     binary           remaining
c         MB    reductions   conflicts         size   tier2       irredundant
c           level    restarts       redundant     glue    trail           variables
c
c } 99.77 242 375 29 79 3471 10 465174 31424 2.2 62 28 5 25 42% 38773 721165 36775 13%
c [ 99.77 242 351 29 79 3471 2 465174 31424 2.4 174 74 8 64 45% 38773 721165 36775 13%
c O 99.77 242 351 29 79 3471 2 465174 31424 2.4 174 74 8 64 45% 38773 721165 36775 13%
c o 100.09 242 348 29 79 3473 2 467230 33450 2.4 174 73 8 64 45% 38773 721165 36775 13%
c - 100.86 243 349 29 80 3476 2 473380 30299 2.4 174 74 8 64 45% 38774 721165 36775 13%
c - 102.33 243 349 29 81 3481 2 482325 28079 2.3 175 75 8 65 45% 38776 721165 36775 13%
c - 103.83 244 338 29 82 3485 2 491327 27288 2.3 175 74 8 64 45% 38776 721165 36775 13%
c u 104.39 278 338 29 82 3485 2 493936 26715 2.4 175 74 8 64 45% 38786 721165 36775 13%
c v 104.63 279 338 29 82 3485 2 493936 24350 2.4 175 74 8 64 45% 38786 721165 36775 13%
c w 105.06 282 338 29 82 3485 2 493936 24238 2.4 175 74 8 64 45% 38786 721165 36775 13%
c t 105.11 282 338 29 82 3485 2 493936 24238 2.4 175 74 8 64 45% 38778 721165 36775 13%
c f 105.33 283 338 29 82 3485 2 493936 24238 2.4 175 74 8 64 45% 38779 721143 36776 13%
c u 105.57 283 338 29 82 3485 2 493936 23777 2.4 175 74 8 64 45% 38787 721143 36776 13%
c v 105.73 283 338 29 82 3485 2 493936 22752 2.4 175 74 8 64 45% 38787 721143 36776 13%
c w 106.07 283 338 29 82 3485 2 493936 22558 2.4 175 74 8 64 45% 38787 721143 36776 13%
c t 106.30 214 338 29 82 3485 2 493936 22558 2.4 175 74 8 64 45% 38782 721143 36776 13%
c b 106.30 214 338 29 82 3485 2 493936 22558 2.4 175 74 8 64 45% 38782 721143 36775 13%
c - 107.33 248 342 29 83 3488 2 500383 22705 2.4 173 73 8 64 45% 38782 721143 36775 13%
c - 109.02 250 341 29 84 3492 2 509494 24518 2.4 176 74 8 64 46% 38782 721143 36775 13%
c B 110.43 251 338 29 84 3498 2 517962 32873 2.4 174 73 8 64 46% 38786 721143 36775 13%
c
c seconds      switched    rate          size/glue   tier1     binary           remaining
c          MB    reductions  conflicts         size    tier2       irredundant
c            level    restarts      redundant      glue    trail           variables
c
c - 110.57 251 340 29 85 3499 2 518661 25363 2.4 174 73 8 64 46% 38787 721142 36775 13%
c ] 111.53 252 345 30 85 3500 2 526932 33494 2.4 173 71 8 64 47% 38787 721142 36775 13%
c { 111.53 252 375 30 85 3500 10 526932 33494 2.2 62 28 5 25 42% 38787 721142 36775 13%
c - 111.73 253 376 30 86 3511 10 527880 26988 2.2 62 28 5 25 42% 38788 721142 36775 13%
c s 112.78 253 377 30 86 3536 10 530285 29329 2.2 62 29 5 25 42% 38794 719980 36775 13%
c e 112.98 255 377 30 86 3536 10 530285 29329 2.2 62 29 5 25 42% 38739 720440 36738 13%
c s 113.59 255 377 30 86 3536 10 530285 29329 2.2 62 29 5 25 42% 38740 720086 36738 13%
c e 113.69 255 377 30 86 3536 10 530285 29329 2.2 62 29 5 25 42% 38735 720137 36735 13%
c - 114.98 256 385 30 87 3614 10 537153 29035 2.2 62 28 5 25 42% 38757 720137 36735 13%
c - 116.64 196 393 30 88 3708 10 546480 30066 2.1 61 28 4 25 42% 38777 720137 36735 13%
c - 118.36 196 399 30 89 3810 10 555860 31471 2.1 61 28 4 26 43% 38794 720136 36735 13%
c u 119.69 197 402 30 89 3874 10 562457 35227 2.1 60 28 4 26 42% 38838 720136 36735 13%
c v 120.18 197 402 30 89 3874 10 562457 32012 2.1 60 28 4 26 42% 38839 720136 36735 13%
c w 120.35 197 402 30 89 3874 10 562457 31989 2.1 60 28 4 26 42% 38839 720136 36735 13%
c t 120.39 197 402 30 89 3874 10 562457 31989 2.1 60 28 4 26 42% 38793 720136 36735 13%
c f 120.60 197 402 30 89 3874 10 562457 31989 2.1 60 28 4 26 42% 38795 720089 36737 13%
c u 120.81 227 402 30 89 3874 10 562457 31612 2.1 60 28 4 26 42% 38799 720089 36737 13%
c v 121.24 229 402 30 89 3874 10 562457 28609 2.1 60 28 4 26 42% 38799 720089 36737 13%
c w 121.53 262 402 30 89 3874 10 562457 28576 2.1 60 28 4 26 42% 38799 720089 36737 13%
c t 122.07 267 402 30 89 3874 10 562457 28576 2.1 60 28 4 26 42% 38797 720089 36737 13%
c
c seconds      switched     rate          size/glue  tier1     binary           remaining
c          MB    reductions   conflicts         size   tier2       irredundant
c            level    restarts       redundant     glue    trail           variables
c
c f 122.27 267 402 30 89 3874 10 562457 28576 2.1 60 28 4 26 42% 38799 720046 36739 13%
c - 122.83 336 403 30 90 3910 10 565293 25234 2.1 60 28 4 25 42% 38804 720045 36739 13%
c o 123.26 337 403 30 90 3934 10 567469 27364 2.1 60 28 4 25 42% 38804 720045 36739 13%
c - 124.47 339 407 30 91 4018 10 574780 28339 2.1 60 28 4 26 42% 38811 720045 36739 13%
c } 125.55 340 415 31 91 4084 10 581367 34736 2.1 59 28 4 26 42% 38820 720044 36739 13%
c [ 125.55 340 345 31 91 4084 2 581367 34736 2.4 173 71 8 64 47% 38820 720044 36739 13%
c W 125.63 381 345 31 91 4084 2 581367 34736 2.4 173 71 8 64 47% 38820 720044 36739 13%
c - 126.21 384 347 31 92 4086 2 584319 30173 2.4 174 72 8 63 47% 38820 720044 36739 13%
c - 128.02 350 352 31 93 4091 2 593911 28704 2.4 176 74 8 63 47% 38821 720044 36739 13%
c - 129.32 351 346 31 94 4097 2 603554 27464 2.4 174 73 8 63 47% 38822 720044 36739 13%
c - 130.05 352 349 31 95 4098 2 613252 28059 2.4 170 71 8 62 46% 38824 720044 36739 13%
c - 131.21 353 352 31 96 4105 2 622998 28906 2.4 167 71 8 62 45% 38826 720044 36739 13%
c - 133.17 354 348 31 97 4111 2 632795 28554 2.4 169 70 8 61 45% 38826 720044 36739 13%
c u 133.78 355 348 31 97 4112 2 635838 29303 2.4 168 69 8 61 45% 38850 720044 36739 13%
c v 134.11 356 348 31 97 4112 2 635838 27147 2.4 168 69 8 61 45% 38851 720044 36739 13%
c w 134.49 356 348 31 97 4112 2 635838 27096 2.4 168 69 8 61 45% 38851 720044 36739 13%
c d 134.51 356 348 31 97 4112 2 635838 27096 2.4 168 69 8 61 45% 38849 720037 36738 13%
c t 134.55 356 348 31 97 4112 2 635838 27096 2.4 168 69 8 61 45% 38828 720037 36738 13%
c f 134.75 356 348 31 97 4112 2 635838 27096 2.4 168 69 8 61 45% 38831 719962 36741 13%
c u 134.97 356 348 31 97 4112 2 635838 26796 2.4 168 69 8 61 45% 38846 719962 36741 13%
c
c seconds      switched    rate          size/glue   tier1     binary           remaining
c          MB    reductions  conflicts         size    tier2       irredundant
c            level    restarts      redundant      glue    trail           variables
c
c v 135.20 356 348 31 97 4112 2 635838 25548 2.4 168 69 8 61 45% 38846 719962 36741 13%
c w 135.44 356 348 31 97 4112 2 635838 25500 2.4 168 69 8 61 45% 38846 719962 36741 13%
c x 135.62 356 348 31 97 4112 2 635838 25483 2.4 168 69 8 61 45% 38881 719340 36741 13%
c t 135.66 356 348 31 97 4112 2 635838 25483 2.4 168 69 8 61 45% 38871 719340 36741 13%
c f 135.86 356 348 31 97 4112 2 635838 25483 2.4 168 69 8 61 45% 38872 719321 36742 13%
c ] 136.76 356 351 32 97 4113 2 639652 29248 2.4 170 71 8 61 45% 38872 719321 36742 13%
c { 136.76 356 415 32 97 4113 10 639652 29248 2.1 59 28 4 26 42% 38872 719321 36742 13%
c - 137.31 391 414 32 98 4145 10 642645 23887 2.1 59 28 4 26 42% 38880 719320 36742 13%
c - 139.29 306 413 32 99 4263 10 652545 27405 2.1 60 28 4 26 42% 38887 719320 36742 13%
c - 141.27 308 410 32 100 4393 10 662495 30912 2.1 60 28 4 26 42% 38896 719320 36742 13%
c - 143.56 309 410 32 101 4524 10 672495 32952 2.1 61 29 4 26 43% 38904 719320 36742 13%
c o 144.62 309 409 32 101 4588 10 677548 37902 2.1 61 29 4 26 43% 38910 719320 36742 13%
c - 145.75 309 408 32 102 4651 10 682545 34463 2.1 61 29 4 26 43% 38914 719319 36742 13%
c - 148.15 310 408 32 103 4787 10 692645 35671 2.1 62 29 4 26 44% 38921 719319 36742 13%
c } 149.85 310 407 33 103 4890 10 700756 43673 2.1 62 29 4 26 44% 38926 719319 36742 13%
c [ 149.85 310 351 33 103 4890 2 700756 43673 2.4 170 71 8 61 45% 38926 719319 36742 13%
c I 149.85 310 351 33 103 4890 2 700756 43673 2.4 170 71 8 61 45% 38926 719319 36742 13%
c - 150.27 195 351 33 104 4891 2 702794 36405 2.4 169 71 7 61 46% 38926 719319 36742 13%
c s 150.97 201 351 33 104 4891 2 702799 36410 2.4 169 71 7 61 46% 38947 716694 36742 13%
c e 151.24 202 351 33 104 4891 2 702799 36410 2.4 169 71 7 61 46% 38651 718346 36581 13%
c
c seconds      switched     rate          size/glue   tier1     binary           remaining
c          MB    reductions   conflicts         size    tier2       irredundant
c            level     restarts      redundant      glue    trail           variables
c
c s 151.56 202 351 33 104 4891 2 702799 36410 2.4 169 71 7 61 46% 38654 717145 36581 13%
c e 151.74 202 351 33 104 4891 2 702799 36410 2.4 169 71 7 61 46% 38576 717573 36546 13%
c - 153.64 203 347 33 105 4896 2 712992 32704 2.4 170 71 7 61 47% 38578 717573 36546 13%
c u 154.10 203 346 33 105 4898 2 714141 30692 2.4 169 71 7 61 47% 38628 717573 36546 13%
c v 154.47 204 346 33 105 4898 2 714141 27249 2.4 169 71 7 61 47% 38629 717573 36546 13%
c w 155.07 204 346 33 105 4898 2 714141 26998 2.4 169 71 7 61 47% 38629 717573 36546 13%
c t 155.11 204 346 33 105 4898 2 714141 26998 2.4 169 71 7 61 47% 38587 717573 36546 13%
c f 155.41 204 346 33 105 4898 2 714141 26998 2.4 169 71 7 61 47% 38590 717519 36549 13%
c u 155.72 261 346 33 105 4898 2 714141 26562 2.4 169 71 7 61 47% 38608 717519 36549 13%
c v 155.96 263 346 33 105 4898 2 714141 25031 2.4 169 71 7 61 47% 38608 717519 36549 13%
c w 156.41 265 346 33 105 4898 2 714141 24572 2.4 169 71 7 61 47% 38608 717519 36549 13%
c x 156.67 265 346 33 105 4898 2 714141 24412 2.4 169 71 7 61 47% 38664 696071 36546 13%
c d 156.69 265 346 33 105 4898 2 714141 24412 2.4 169 71 7 61 47% 38664 696058 36545 13%
c d 156.70 265 346 33 105 4898 2 714141 24412 2.4 169 71 7 61 47% 38662 696058 36544 13%
c t 156.72 265 346 33 105 4898 2 714141 24412 2.4 169 71 7 61 47% 38649 696058 36544 13%
c f 157.01 265 346 33 105 4898 2 714141 24412 2.4 169 71 7 61 47% 38650 696039 36545 13%
c i 157.03 287 346 33 105 4898 2 714141 24412 2.4 169 71 7 61 47% 38650 696039 36545 13%
c - 159.09 296 344 33 106 4903 2 723240 24718 2.4 174 72 7 61 48% 38638 696039 36545 13%
c - 161.58 270 344 33 107 4904 2 733536 25046 2.5 185 76 7 61 49% 38638 696039 36545 13%
c - 163.60 272 339 33 108 4911 2 743880 25682 2.5 186 76 7 61 49% 38639 696039 36545 13%
c
c seconds      switched     rate          size/glue   tier1     binary           remaining
c          MB    reductions   conflicts         size    tier2       irredundant
c            level     restarts      redundant      glue    trail           variables
c
c - 165.82 273 338 33 109 4918 2 754272 26374 2.5 193 78 7 61 49% 38639 696039 36545 13%
c ] 167.05 273 342 34 109 4919 2 759241 31285 2.5 198 80 7 61 50% 38639 696039 36545 13%
c { 167.05 273 407 34 109 4919 10 759241 31285 2.1 62 29 4 26 44% 38639 696039 36545 13%
c - 167.22 274 390 34 110 4921 9 764713 27756 2.1 61 29 4 26 42% 38642 696039 36545 13%
c - 167.38 275 360 34 111 4921 9 775201 31653 2.1 58 28 4 25 39% 38644 696039 36545 13%
c - 167.57 276 333 34 112 4921 8 785736 35873 2.1 56 27 5 25 36% 38644 696039 36545 13%
c - 167.76 276 308 34 113 4921 7 796320 38252 2.1 54 26 5 24 33% 38645 696039 36545 13%
c u 168.02 277 306 34 113 4921 7 797113 37041 2.1 54 26 5 24 33% 38678 696039 36545 13%
c v 168.25 280 306 34 113 4921 7 797113 36880 2.1 54 26 5 24 33% 38678 696039 36545 13%
c w 168.34 280 306 34 113 4921 7 797113 36719 2.1 54 26 5 24 33% 38678 696039 36545 13%
c x 168.50 280 306 34 113 4921 7 797113 36547 2.1 54 26 5 24 33% 38706 683576 36544 13%
c t 168.54 280 306 34 113 4921 7 797113 36547 2.1 54 26 5 24 33% 38684 683571 36544 13%
c u 168.97 280 306 34 113 4921 7 797113 36045 2.1 54 26 5 24 33% 38689 683571 36544 13%
c v 169.23 281 306 34 113 4921 7 797113 35871 2.1 54 26 5 24 33% 38689 683571 36544 13%
c w 169.33 281 306 34 113 4921 7 797113 35765 2.1 54 26 5 24 33% 38689 683571 36544 13%
c x 169.52 281 306 34 113 4921 7 797113 35677 2.1 54 26 5 24 33% 38703 668057 36544 13%
c t 169.57 281 306 34 113 4921 7 797113 35677 2.1 54 26 5 24 33% 38701 668057 36544 13%
c i 169.78 281 306 34 113 4921 7 797113 35677 2.1 54 26 5 24 33% 38701 668057 36544 13%
c o 169.85 281 305 34 113 4922 7 798081 36579 2.1 54 26 5 24 33% 38712 668057 36544 13%
c - 170.25 281 287 34 114 4937 7 806950 36191 2.1 54 25 5 24 32% 38742 668055 36544 13%
c
c seconds      switched     rate          size/glue  tier1     binary           remaining
c          MB    reductions   conflicts         size   tier2       irredundant
c            level     restarts      redundant     glue    trail           variables
c
c - 170.63 282 273 34 115 4946 6 817628 36643 2.2 52 24 5 24 31% 38785 668053 36544 13%
c } 171.00 283 267 35 115 4953 6 827388 46040 2.2 51 23 5 24 31% 38803 668052 36544 13%
c [ 171.00 283 342 35 115 4953 2 827388 46040 2.5 198 80 7 61 50% 38803 668052 36544 13%
c B 171.00 283 342 35 115 4953 2 827388 46040 2.5 198 80 7 61 50% 38803 668052 36544 13%
c - 171.21 283 342 35 116 4953 2 828351 37354 2.5 198 80 7 61 50% 38803 668052 36544 13%
c ] 173.10 290 340 36 116 4959 2 836779 45671 2.5 201 81 7 61 50% 38804 668052 36544 13%
c { 173.10 290 267 36 116 4959 6 836779 45671 2.2 51 23 5 24 31% 38804 668052 36544 13%
c - 173.69 230 270 36 117 4996 6 839121 35644 2.2 51 23 5 24 32% 38805 668051 36544 13%
c - 175.95 234 284 36 118 5162 7 849938 35980 2.2 52 24 5 24 33% 38813 668051 36544 13%
c - 178.32 235 297 36 119 5326 7 860802 39139 2.2 53 25 5 24 34% 38830 668048 36544 13%
c - 180.65 236 308 36 120 5484 7 871710 41477 2.2 55 25 5 24 35% 38833 668048 36544 13%
c - 183.04 237 317 36 121 5639 8 882664 43480 2.2 56 26 5 24 37% 38844 668047 36544 13%
c b 183.52 166 318 36 121 5668 8 884703 45494 2.2 56 26 5 24 37% 38844 668047 36543 13%
c u 183.80 167 318 36 121 5668 8 884703 41400 2.2 56 26 5 24 37% 38872 668047 36543 13%
c v 184.12 167 318 36 121 5668 8 884703 39601 2.2 56 26 5 24 37% 38872 668047 36543 13%
c w 184.26 167 318 36 121 5668 8 884703 39597 2.2 56 26 5 24 37% 38872 668047 36543 13%
c x 184.48 170 318 36 121 5668 8 884703 39508 2.2 56 26 5 24 37% 38891 649112 36543 13%
c t 184.52 170 318 36 121 5668 8 884703 39508 2.2 56 26 5 24 37% 38844 649112 36543 13%
c f 184.74 170 318 36 121 5668 8 884703 39508 2.2 56 26 5 24 37% 38845 649092 36544 13%
c - 186.73 186 326 36 122 5802 8 893664 39882 2.2 57 26 5 24 38% 38851 649091 36544 13%
c
c seconds      switched     rate          size/glue  tier1     binary           remaining
c          MB    reductions   conflicts         size   tier2       irredundant
c            level     restarts      redundant     glue    trail           variables
c
c s 189.53 188 337 36 122 5976 8 904678 50734 2.2 59 27 5 24 39% 38872 647967 36544 13%
c e 189.83 190 337 36 122 5976 8 904678 50734 2.2 59 27 5 24 39% 38152 653391 36067 13%
c s 190.18 192 337 36 122 5976 8 904678 50734 2.2 59 27 5 24 39% 38162 651782 36067 13%
c e 190.34 192 337 36 122 5976 8 904678 50734 2.2 59 27 5 24 39% 38084 652285 36025 13%
c - 190.38 193 337 36 123 5976 8 904709 34420 2.2 59 27 5 24 39% 38084 652285 36025 13%
c } 191.86 193 344 37 123 6082 9 912335 41934 2.2 59 28 5 24 39% 38086 652285 36025 13%
c [ 191.86 193 340 37 123 6082 2 912335 41934 2.5 201 81 7 61 50% 38086 652285 36025 13%
c W 191.93 229 340 37 123 6082 2 912335 41934 2.5 201 81 7 61 50% 38086 652285 36025 13%
c - 192.49 229 335 37 124 6084 2 915800 37657 2.5 200 80 7 61 50% 38086 652285 36025 13%
c - 194.42 230 333 37 125 6091 2 926937 39103 2.5 199 79 7 60 50% 38086 652285 36025 13%
c o 194.88 230 331 37 125 6093 2 929783 41898 2.5 198 79 7 60 50% 38087 652284 36025 13%
c - 196.55 231 343 37 126 6096 2 938117 37684 2.5 198 79 7 60 50% 38087 652284 36025 13%
c - 198.22 232 348 37 127 6100 2 949345 36420 2.4 198 81 7 61 49% 38087 652283 36025 13%
c - 200.35 233 340 37 128 6106 2 960617 36228 2.4 198 81 7 60 48% 38088 652283 36025 13%
c - 202.16 233 337 37 129 6111 2 971930 37089 2.4 197 81 7 60 49% 38089 652283 36025 13%
c b 203.30 233 335 37 129 6111 2 977058 42133 2.4 198 82 7 60 49% 38089 652283 36024 13%
c u 203.65 235 335 37 129 6111 2 977058 36430 2.4 198 82 7 60 49% 38158 652283 36023 13%
c v 203.87 235 335 37 129 6111 2 977058 34257 2.4 198 82 7 60 49% 38157 652283 36023 13%
c w 204.31 239 335 37 129 6111 2 977058 34244 2.4 198 82 7 60 49% 38157 652283 36023 13%
c x 204.59 239 335 37 129 6111 2 977058 34163 2.4 198 82 7 60 49% 38174 626682 36023 13%
c
c seconds      switched     rate          size/glue   tier1     binary           remaining
c          MB    reductions   conflicts         size    tier2       irredundant
c            level     restarts      redundant      glue    trail           variables
c
c = 206.59 200 335 37 129 6111 2 977058 34163 2.4 198 82 7 60 49% 38176 626678 36022 13%
c d 206.60 200 335 37 129 6111 2 977058 34160 2.4 198 82 7 60 49% 38172 626678 36022 13%
c t 206.64 200 335 37 129 6111 2 977058 34160 2.4 198 82 7 60 49% 38128 626678 36022 13%
c f 206.93 200 335 37 129 6111 2 977058 34160 2.4 198 82 7 60 49% 38131 626634 36024 13%
c u 207.25 216 335 37 129 6111 2 977058 33259 2.4 198 82 7 60 49% 38162 626634 36023 13%
c v 207.40 216 335 37 129 6111 2 977058 32234 2.4 198 82 7 60 49% 38162 626634 36023 13%
c w 208.00 216 335 37 129 6111 2 977058 32187 2.4 198 82 7 60 49% 38162 626634 36023 13%
c x 208.27 216 335 37 129 6111 2 977058 32147 2.4 198 82 7 60 49% 38170 600338 36023 13%
c t 208.30 216 335 37 129 6111 2 977058 32146 2.4 198 82 7 60 49% 38158 600338 36023 13%
c f 208.57 216 335 37 129 6111 2 977058 32146 2.4 198 82 7 60 49% 38164 600242 36028 13%
c i 208.59 216 335 37 129 6111 2 977058 32146 2.4 198 82 7 60 49% 38164 600242 36028 13%
c - 209.59 217 331 37 130 6112 2 983291 28715 2.4 199 82 7 60 49% 38150 600242 36028 13%
c O 210.83 217 327 37 130 6112 2 990763 36062 2.5 203 83 7 60 49% 38152 600240 36028 13%
c - 211.04 217 317 37 131 6113 2 994692 30751 2.5 199 81 7 60 48% 38153 600240 36028 13%
c ] 212.01 220 322 38 131 6119 2 1003704 39562 2.5 193 78 7 60 47% 38153 600240 36028 13%
c { 212.01 220 344 38 131 6119 9 1003704 39562 2.2 59 28 5 24 39% 38153 600240 36028 13%
c - 212.20 221 343 38 132 6121 8 1006137 34275 2.2 59 27 5 24 39% 38153 600240 36028 13%
c - 212.62 221 331 38 133 6123 8 1017626 37610 2.1 55 26 5 24 36% 38157 600238 36028 13%
c - 212.92 222 326 38 134 6124 7 1029158 40747 2.1 52 25 5 24 34% 38166 600232 36028 13%
c - 213.24 223 309 38 135 6125 6 1040734 43669 2.1 49 23 5 23 31% 38176 600228 36028 13%
c
c seconds      switched     rate           size/glue  tier1     binary           remaining
c          MB    reductions    conflicts         size   tier2       irredundant
c            level     restarts       redundant     glue    trail           variables
c
c - 213.53 223 300 38 136 6125 6 1052354 43380 2.1 46 22 4 23 28% 38181 600228 36028 13%
c - 213.81 225 291 38 137 6125 5 1064015 44152 2.0 43 21 4 22 26% 38182 600228 36028 13%
c o 214.03 225 285 38 137 6129 5 1070262 49832 2.0 41 20 4 22 26% 38190 600227 36028 13%
c b 214.24 226 282 38 137 6132 5 1073679 53001 2.0 40 20 4 22 25% 38193 600226 36027 13%
c u 214.35 226 282 38 137 6132 5 1073679 50872 2.0 40 20 4 22 25% 38196 600226 36027 13%
c v 214.48 229 282 38 137 6132 5 1073679 49257 2.0 40 20 4 22 25% 38196 600226 36027 13%
c w 214.54 229 282 38 137 6132 5 1073679 49057 2.0 40 20 4 22 25% 38196 600226 36027 13%
c x 214.66 229 282 38 137 6132 5 1073679 49031 2.0 40 20 4 22 25% 38203 590442 36027 13%
c t 214.70 229 282 38 137 6132 5 1073679 49031 2.0 40 20 4 22 25% 38197 590442 36027 13%
c f 214.82 229 282 38 137 6132 5 1073679 49031 2.0 40 20 4 22 25% 38199 590422 36028 13%
c - 214.96 229 281 38 138 6134 5 1075719 42692 2.0 40 20 4 22 25% 38195 590421 36028 13%
c i 215.30 229 277 38 138 6136 5 1085608 52130 2.0 39 19 4 22 24% 38200 590417 36027 13%
c } 215.36 229 276 39 138 6136 5 1087037 53482 2.0 39 19 4 22 24% 38200 590417 36027 13%
c [ 215.36 229 322 39 138 6136 2 1087037 53482 2.5 193 78 7 60 47% 38200 590417 36027 13%
c B 215.36 229 322 39 138 6136 2 1087037 53482 2.5 193 78 7 60 47% 38200 590417 36027 13%
c - 215.49 229 322 39 139 6136 2 1087468 44849 2.5 193 78 7 60 47% 38197 590417 36027 13%
c - 217.68 229 327 39 140 6142 2 1099259 43149 2.4 193 80 7 60 47% 38197 590417 36027 13%
c ] 219.09 229 332 40 140 6149 2 1108420 52191 2.4 191 79 7 60 46% 38198 590417 36027 13%
c { 219.09 229 276 40 140 6149 5 1108420 52191 2.0 39 19 4 22 24% 38198 590417 36027 13%
c - 219.66 231 280 40 141 6197 5 1111095 41607 2.0 39 19 4 22 24% 38200 590417 36027 13%
c
c seconds      switched     rate           size/glue  tier1     binary           remaining
c          MB    reductions    conflicts         size   tier2       irredundant
c            level     restarts       redundant     glue    trail           variables
c
c - 221.77 232 294 40 142 6386 6 1122970 45335 2.0 40 20 4 22 26% 38211 590417 36027 13%
c - 223.82 233 305 40 143 6575 7 1134889 49013 2.0 42 21 4 22 28% 38217 590417 36027 13%
c s 223.95 233 305 40 143 6575 7 1134984 49091 2.0 42 21 4 22 28% 38232 589570 36027 13%
c e 224.20 235 305 40 143 6575 7 1134984 49091 2.0 42 21 4 22 28% 37744 594238 35635 13%
c s 224.43 235 305 40 143 6575 7 1134984 49091 2.0 42 21 4 22 28% 37751 593453 35635 13%
c e 224.53 235 305 40 143 6575 7 1134984 49091 2.0 42 21 4 22 28% 37714 593649 35618 13%
c - 226.51 170 315 40 144 6748 7 1146847 48891 2.0 43 21 4 22 29% 37721 593649 35618 13%
c - 228.68 170 325 40 145 6934 8 1158847 51476 2.0 45 22 4 22 31% 37731 593649 35618 13%
c - 230.89 171 334 40 146 7123 8 1170888 52913 2.1 47 23 4 22 32% 37739 593649 35618 13%
c u 232.05 171 339 40 146 7193 8 1175232 52624 2.1 47 23 4 22 32% 37799 593647 35618 13%
c v 232.40 171 339 40 146 7193 8 1175232 49930 2.1 47 23 4 22 32% 37799 593647 35618 13%
c w 232.57 172 339 40 146 7193 8 1175232 49923 2.1 47 23 4 22 32% 37799 593647 35618 13%
c x 232.83 174 339 40 146 7193 8 1175232 49903 2.1 47 23 4 22 32% 37807 569000 35618 13%
c t 232.87 174 339 40 146 7193 8 1175232 49903 2.1 47 23 4 22 32% 37768 569000 35618 13%
c f 233.11 174 339 40 146 7193 8 1175232 49903 2.1 47 23 4 22 32% 37770 568981 35619 13%
c u 233.44 176 339 40 146 7193 8 1175232 45863 2.1 47 23 4 22 32% 37787 568981 35619 13%
c v 233.78 178 339 40 146 7193 8 1175232 42760 2.1 47 23 4 22 32% 37787 568981 35619 13%
c w 233.93 179 339 40 146 7193 8 1175232 42735 2.1 47 23 4 22 32% 37787 568981 35619 13%
c x 234.18 179 339 40 146 7193 8 1175232 42694 2.1 47 23 4 22 32% 37807 546302 35618 13%
c t 234.22 179 339 40 146 7193 8 1175232 42694 2.1 47 23 4 22 32% 37802 546297 35618 13%
c
c seconds      switched     rate           size/glue  tier1     binary           remaining
c          MB    reductions    conflicts         size   tier2       irredundant
c            level     restarts       redundant     glue    trail           variables
c
c f 234.46 179 339 40 146 7193 8 1175232 42694 2.1 47 23 4 22 32% 37808 546156 35624 13%
c i 234.48 179 339 40 146 7193 8 1175232 42694 2.1 47 23 4 22 32% 37808 546156 35624 13%
c - 235.82 187 344 40 147 7314 9 1182971 41165 2.1 48 23 4 22 33% 37810 546156 35624 13%
c - 237.77 188 352 40 148 7499 9 1195095 44454 2.1 50 24 4 22 34% 37815 546156 35624 13%
c } 238.51 189 354 41 148 7567 9 1199892 49176 2.1 50 24 4 22 34% 37822 546156 35624 13%
c [ 238.51 189 332 41 148 7567 2 1199892 49176 2.4 191 79 7 60 46% 37822 546156 35624 13%
c W 238.59 205 332 41 148 7567 2 1199892 49176 2.4 191 79 7 60 46% 37822 546156 35624 13%
c - 239.87 207 334 41 149 7572 2 1207260 45347 2.4 189 78 7 60 47% 37822 546156 35624 13%
c - 241.74 208 326 41 150 7579 2 1219466 42899 2.4 188 77 7 60 47% 37822 546156 35624 13%
c o 241.89 208 327 41 150 7580 2 1220410 43836 2.4 188 77 7 60 47% 37822 546156 35624 13%
c - 242.55 209 335 41 151 7581 2 1231713 38412 2.2 184 82 7 61 43% 37822 546156 35624 13%
c - 244.25 210 341 41 152 7588 2 1244001 37269 2.2 182 81 6 61 43% 37822 546156 35624 13%
c - 246.01 211 346 41 153 7595 2 1256329 39807 2.2 181 80 6 61 43% 37822 546156 35624 13%
c - 247.05 211 360 41 154 7597 2 1268698 41501 2.3 177 78 6 60 43% 37822 546156 35624 13%
c u 248.65 198 370 41 154 7597 2 1281050 49892 2.2 177 80 6 60 42% 37893 546156 35624 13%
c v 248.86 199 370 41 154 7597 2 1281050 47631 2.2 177 80 6 60 42% 37893 546156 35624 13%
c w 249.19 204 370 41 154 7597 2 1281050 47596 2.2 177 80 6 60 42% 37893 546156 35624 13%
c x 249.43 207 370 41 154 7597 2 1281050 47581 2.2 177 80 6 60 42% 37902 521849 35624 13%
c t 249.46 207 370 41 154 7597 2 1281050 47581 2.2 177 80 6 60 42% 37876 521849 35624 13%
c f 249.68 207 370 41 154 7597 2 1281050 47581 2.2 177 80 6 60 42% 37883 521601 35630 13%
c
c seconds      switched     rate           size/glue   tier1     binary           remaining
c          MB    reductions    conflicts         size    tier2       irredundant
c            level     restarts       redundant      glue    trail           variables
c
c u 250.01 207 370 41 154 7597 2 1281050 45984 2.2 177 80 6 60 42% 37921 521601 35630 13%
c v 250.18 207 370 41 154 7597 2 1281050 44764 2.2 177 80 6 60 42% 37920 521601 35630 13%
c w 250.51 207 370 41 154 7597 2 1281050 44738 2.2 177 80 6 60 42% 37920 521601 35630 13%
c x 250.75 237 370 41 154 7597 2 1281050 44338 2.2 177 80 6 60 42% 38006 507590 35630 13%
c t 250.79 237 370 41 154 7597 2 1281050 44338 2.2 177 80 6 60 42% 37973 507590 35630 13%
c f 250.99 237 370 41 154 7597 2 1281050 44338 2.2 177 80 6 60 42% 37976 507502 35634 13%
c - 251.04 237 370 41 155 7597 2 1281107 33031 2.2 177 80 6 61 42% 37977 507502 35634 13%
c - 252.55 237 371 41 156 7604 2 1293557 33512 2.2 175 79 6 61 42% 37978 507502 35634 13%
c I 252.90 237 371 41 156 7606 2 1295609 35537 2.2 175 79 6 61 42% 37978 507502 35634 13%
c - 254.24 237 369 41 157 7611 2 1306046 36343 2.2 170 76 6 60 42% 37978 507502 35634 13%
c ] 256.17 237 364 42 157 7614 2 1316460 46508 2.2 178 80 6 60 43% 37980 507502 35634 13%
c { 256.17 237 354 42 157 7614 9 1316460 46508 2.1 50 24 4 22 34% 37980 507502 35634 13%
c - 256.50 237 353 42 158 7629 9 1318578 37106 2.1 50 24 4 22 35% 37982 507502 35634 13%
c - 258.39 237 359 42 159 7732 9 1331147 40177 2.1 50 24 4 22 36% 37995 507502 35634 13%
c - 260.10 237 358 42 160 7842 9 1343756 45205 2.1 49 24 4 22 37% 38006 507502 35634 13%
c - 261.74 237 359 42 161 7948 9 1356406 47820 2.1 49 23 4 22 37% 38012 507501 35634 13%
c - 263.45 269 360 42 162 8066 9 1369095 49800 2.1 49 23 4 22 38% 38025 507501 35634 13%
c o 265.15 270 361 42 162 8175 9 1380575 61044 2.1 48 23 4 22 38% 38031 507501 35634 13%
c - 265.33 270 363 42 163 8184 9 1381822 51530 2.1 48 23 4 22 38% 38031 507501 35634 13%
c u 267.11 270 363 42 163 8286 9 1391207 56303 2.1 48 23 4 22 39% 38061 507501 35634 13%
c
c seconds      switched     rate           size/glue  tier1     binary           remaining
c          MB    reductions    conflicts         size   tier2       irredundant
c            level     restarts       redundant     glue    trail           variables
c
c v 267.44 270 363 42 163 8286 9 1391207 53109 2.1 48 23 4 22 39% 38061 507501 35634 13%
c w 267.60 271 363 42 163 8286 9 1391207 53074 2.1 48 23 4 22 39% 38061 507501 35634 13%
c x 267.92 275 363 42 163 8286 9 1391207 52865 2.1 48 23 4 22 39% 38071 495593 35634 13%
c t 267.96 275 363 42 163 8286 9 1391207 52865 2.1 48 23 4 22 39% 38040 495593 35634 13%
c f 268.18 275 363 42 163 8286 9 1391207 52865 2.1 48 23 4 22 39% 38125 491322 35801 13%
c u 268.49 275 363 42 163 8286 9 1391207 51958 2.1 48 23 4 22 39% 38179 491322 35801 13%
c v 268.86 275 363 42 163 8286 9 1391207 47483 2.1 48 23 4 22 39% 38179 491322 35801 13%
c w 269.01 275 363 42 163 8286 9 1391207 47449 2.1 48 23 4 22 39% 38179 491322 35801 13%
c x 269.28 229 363 42 163 8286 9 1391207 47285 2.1 48 23 4 22 39% 38265 472728 35800 13%
c t 269.31 229 363 42 163 8286 9 1391207 47285 2.1 48 23 4 22 39% 38233 472716 35800 13%
c f 269.53 229 363 42 163 8286 9 1391207 47285 2.1 48 23 4 22 39% 38272 470497 35894 13%
c i 269.55 229 363 42 163 8286 9 1391207 47285 2.1 48 23 4 22 39% 38272 470497 35894 13%
c s 270.26 230 364 42 163 8323 9 1394538 50555 2.1 48 23 4 22 39% 38310 469301 35894 13%
c e 270.51 231 364 42 163 8323 9 1394538 50555 2.1 48 23 4 22 39% 36273 493871 34157 12%
c 2 270.51 231 364 42 163 8323 9 1394538 50555 2.1 48 23 4 22 39% 36272 493871 34157 12%
c s 270.70 231 364 42 163 8323 9 1394538 50555 2.1 48 23 4 22 39% 36290 490462 34157 12%
c e 270.85 231 364 42 163 8323 9 1394538 50555 2.1 48 23 4 22 39% 36207 490927 34117 12%
c - 270.90 232 363 42 164 8323 9 1394589 31050 2.1 48 23 4 22 39% 36207 490927 34117 12%
c - 272.35 234 363 42 165 8432 9 1407395 38154 2.1 48 23 4 22 39% 36212 490926 34117 12%
c } 273.54 235 363 43 165 8516 9 1416434 46928 2.1 47 23 4 22 39% 36215 490925 34117 12%
c
c seconds      switched     rate           size/glue   tier1     binary           remaining
c          MB    reductions    conflicts         size    tier2       irredundant
c            level     restarts       redundant      glue    trail           variables
c
c [ 273.54 235 364 43 165 8516 2 1416434 46928 2.2 178 80 6 60 43% 36215 490925 34117 12%
c B 273.54 235 364 43 165 8516 2 1416434 46928 2.2 178 80 6 60 43% 36215 490925 34117 12%
c - 274.33 235 364 43 166 8518 2 1420241 43411 2.2 181 81 6 61 44% 36215 490925 34117 12%
c - 276.52 236 363 43 167 8526 2 1433126 41998 2.2 183 81 6 61 45% 36215 490925 34117 12%
c - 277.72 237 366 43 168 8530 2 1446048 39694 2.3 181 80 6 61 43% 36216 490925 34117 12%
c - 279.29 190 370 43 169 8537 2 1459010 39151 2.2 178 79 6 61 43% 36216 490925 34117 12%
c - 281.65 190 367 43 170 8544 2 1472011 38651 2.3 180 80 6 61 44% 36216 490925 34117 12%
c - 284.16 195 361 43 171 8546 2 1485050 37510 2.3 188 82 6 61 44% 36216 490925 34117 12%
c - 286.10 197 359 43 172 8546 2 1498128 35585 2.2 195 88 7 62 44% 36216 490925 34117 12%
c ] 286.78 199 358 44 172 8550 2 1503073 40462 2.2 194 87 7 62 44% 36217 490925 34117 12%
c { 286.78 199 363 44 172 8550 9 1503073 40462 2.1 47 23 4 22 39% 36217 490925 34117 12%
c u 287.47 203 364 44 172 8587 9 1505697 39604 2.1 47 23 4 22 39% 36279 490925 34117 12%
c v 287.65 203 364 44 172 8587 9 1505697 36976 2.1 47 23 4 22 39% 36279 490925 34117 12%
c w 288.20 206 364 44 172 8587 9 1505697 36769 2.1 47 23 4 22 39% 36279 490925 34117 12%
c x 288.50 207 364 44 172 8587 9 1505697 36709 2.1 47 23 4 22 39% 36299 468125 34117 12%
c t 290.60 163 364 44 172 8587 9 1505697 36709 2.1 47 23 4 22 39% 36261 468125 34117 12%
c f 290.83 163 364 44 172 8587 9 1505697 36709 2.1 47 23 4 22 39% 36301 467010 34171 12%
c u 291.08 168 364 44 172 8587 9 1505697 36252 2.1 47 23 4 22 39% 36316 467010 34171 12%
c v 291.20 169 364 44 172 8587 9 1505697 35259 2.1 47 23 4 22 39% 36316 467010 34171 12%
c w 291.86 172 364 44 172 8587 9 1505697 34705 2.1 47 23 4 22 39% 36316 467010 34171 12%
c
c seconds      switched     rate           size/glue  tier1     binary           remaining
c          MB    reductions    conflicts         size   tier2       irredundant
c            level     restarts       redundant     glue    trail           variables
c
c x 292.16 172 364 44 172 8587 9 1505697 34549 2.1 47 23 4 22 39% 36498 451318 34171 12%
c d 292.17 172 364 44 172 8587 9 1505697 34549 2.1 47 23 4 22 39% 36496 451289 34170 12%
c t 292.20 172 364 44 172 8587 9 1505697 34549 2.1 47 23 4 22 39% 36471 451289 34170 12%
c f 292.49 172 364 44 172 8587 9 1505697 34549 2.1 47 23 4 22 39% 36496 450374 34212 12%
c - 293.48 184 366 44 173 8672 9 1511242 32141 2.1 48 23 4 22 40% 36502 450373 34212 12%
c - 295.71 186 370 44 174 8867 9 1524396 39891 2.1 50 24 4 23 40% 36509 450373 34212 12%
c - 297.84 188 374 44 175 9042 10 1537586 45122 2.1 51 24 4 23 40% 36515 450373 34212 12%
c o 300.31 189 378 44 175 9246 10 1550577 57928 2.1 53 25 4 23 41% 36526 450371 34212 12%
c - 300.37 189 378 44 176 9248 10 1550814 47859 2.1 53 25 4 23 41% 36526 450371 34212 12%
c - 302.58 190 380 44 177 9431 10 1564081 49697 2.1 54 26 4 23 41% 36535 450371 34212 12%
c - 304.70 191 394 44 178 9593 10 1577385 51511 2.1 54 26 4 23 41% 36548 450370 34212 12%
c - 306.63 191 407 44 179 9725 10 1590729 52884 2.1 53 26 4 23 41% 36564 450369 34212 12%
c - 308.70 192 419 44 180 9875 10 1604108 54291 2.0 53 26 4 23 41% 36578 450369 34212 12%
c } 309.91 192 425 45 180 9972 11 1611904 61900 2.0 53 26 4 23 41% 36591 450368 34212 12%
c [ 309.91 192 358 45 180 9972 2 1611904 61900 2.2 194 87 7 62 44% 36591 450368 34212 12%
c W 310.05 237 358 45 180 9972 2 1611904 61900 2.2 194 87 7 62 44% 36591 450368 34212 12%
c - 310.83 172 355 45 181 9976 2 1617525 53951 2.2 193 87 7 62 44% 36591 450368 34212 12%
c u 311.92 175 353 45 181 9979 2 1624784 55871 2.2 190 85 7 62 44% 36684 450368 34212 12%
c v 312.36 176 353 45 181 9979 2 1624784 50533 2.2 190 85 7 62 44% 36684 450368 34212 12%
c w 312.63 210 353 45 181 9979 2 1624784 50519 2.2 190 85 7 62 44% 36684 450368 34212 12%
c
c seconds      switched     rate           size/glue   tier1     binary           remaining
c          MB    reductions    conflicts         size    tier2       irredundant
c            level     restarts       redundant      glue    trail           variables
c
c x 312.98 222 353 45 181 9979 2 1624784 50518 2.2 190 85 7 62 44% 36686 450361 34212 12%
c t 313.01 222 353 45 181 9979 2 1624784 50518 2.2 190 85 7 62 44% 36632 450361 34212 12%
c - 314.34 227 355 45 182 9984 2 1630978 43349 2.2 188 84 7 62 44% 36632 450361 34212 12%
c - 316.78 228 362 45 183 9986 2 1644469 41983 2.2 189 85 7 62 44% 36633 450361 34212 12%
c - 318.70 229 369 45 184 9994 2 1657996 41457 2.2 187 84 7 62 44% 36633 450361 34212 12%
c - 320.53 230 371 45 185 10001 2 1671562 42601 2.2 185 83 7 62 45% 36633 450360 34212 12%
c s 321.88 231 377 45 185 10002 2 1681363 52265 2.2 186 83 7 62 45% 36681 449505 34212 12%
c e 322.11 233 377 45 185 10002 2 1681363 52265 2.2 186 83 7 62 45% 34522 479553 32215 12%
c 2 322.11 233 377 45 185 10002 2 1681363 52265 2.2 186 83 7 62 45% 34521 479553 32215 12%
c s 322.29 233 377 45 185 10002 2 1681363 52265 2.2 186 83 7 62 45% 34529 477020 32215 12%
c e 322.43 233 377 45 185 10002 2 1681363 52265 2.2 186 83 7 62 45% 34507 477207 32199 12%
c - 323.19 233 379 45 186 10002 2 1685163 35289 2.2 187 84 7 62 45% 34508 477207 32199 12%
c - 325.03 234 381 45 187 10006 2 1698801 38438 2.2 188 84 7 62 45% 34508 477207 32199 12%
c - 327.00 234 378 45 188 10015 2 1712475 41505 2.3 185 82 7 62 45% 34509 477207 32199 12%
c - 328.46 234 372 45 189 10017 2 1726186 40283 2.2 190 85 7 62 44% 34509 477207 32199 12%
c O 328.47 234 372 45 189 10017 2 1726244 40341 2.2 190 85 7 62 44% 34509 477207 32199 12%
c ] 328.83 234 370 46 189 10020 2 1730241 44274 2.2 187 83 7 62 43% 34510 477206 32199 12%
c { 328.83 234 425 46 189 10020 11 1730241 44274 2.0 53 26 4 23 41% 34510 477206 32199 12%
c o 328.89 234 425 46 189 10026 11 1730609 44633 2.0 53 26 4 23 41% 34511 477206 32199 12%
c - 329.50 234 428 46 190 10061 10 1739934 42736 2.0 51 25 4 23 40% 34539 477206 32199 12%
c
c seconds      switched       rate           size/glue  tier1     binary           remaining
c          MB    reductions      conflicts         size   tier2       irredundant
c            level     restarts         redundant     glue    trail           variables
c
c u 330.51 266 429 46 190 10106 10 1749055 48050 2.0 49 25 4 23 40% 34663 477206 32198 12%
c v 330.85 267 429 46 190 10106 10 1749055 44453 2.0 49 25 4 23 40% 34663 477206 32198 12%
c w 331.43 267 429 46 190 10106 10 1749055 43948 2.0 49 25 4 23 40% 34663 477206 32198 12%
c t 331.46 267 429 46 190 10106 10 1749055 43946 2.0 49 25 4 23 40% 34604 477175 32198 12%
c f 331.68 267 429 46 190 10106 10 1749055 43946 2.0 49 25 4 23 40% 34622 476739 32220 12%
c u 331.93 267 429 46 190 10106 10 1749055 43258 2.0 49 25 4 23 40% 34660 476739 32220 12%
c v 332.19 267 429 46 190 10106 10 1749055 41376 2.0 49 25 4 23 40% 34662 476739 32220 12%
c w 332.56 267 429 46 190 10106 10 1749055 40479 2.0 49 25 4 23 40% 34662 476739 32220 12%
c x 332.80 229 429 46 190 10106 10 1749055 40479 2.0 49 25 4 23 40% 34663 476736 32220 12%
c t 332.83 229 429 46 190 10106 10 1749055 40479 2.0 49 25 4 23 40% 34650 476736 32220 12%
c f 333.06 229 429 46 190 10106 10 1749055 40479 2.0 49 25 4 23 40% 34668 476387 32238 12%
c i 333.08 229 429 46 190 10106 10 1749055 40479 2.0 49 25 4 23 40% 34668 476387 32238 12%
c - 333.55 242 428 46 191 10133 10 1753718 39737 2.0 49 24 4 23 40% 34673 476387 32238 12%
c - 334.80 244 423 46 192 10222 10 1767538 46313 2.0 48 24 4 23 39% 34723 476387 32238 12%
c i 335.18 245 430 46 192 10240 9 1774529 52782 2.0 46 23 4 23 38% 34746 476387 32237 12%
c - 335.84 245 428 46 193 10295 9 1781396 51016 2.0 46 23 4 23 37% 34770 476386 32237 12%
c i 335.86 245 428 46 193 10296 9 1781623 51230 2.0 46 23 4 23 37% 34770 476386 32236 12%
c - 336.66 246 426 46 194 10345 9 1795290 53562 2.0 44 22 4 23 36% 34800 476386 32236 12%
c - 337.64 247 430 46 195 10423 8 1809218 55608 2.0 43 22 4 23 35% 34829 476386 32236 12%
c - 338.76 248 421 46 196 10520 8 1823182 56938 2.0 41 21 4 23 34% 34865 476386 32236 12%
c
c seconds      switched      rate           size/glue  tier1     binary           remaining
c          MB    reductions     conflicts         size   tier2       irredundant
c            level     restarts        redundant     glue    trail           variables
c
c i 338.97 248 421 46 196 10542 8 1824480 58220 2.0 41 21 4 23 34% 34865 476386 32235 12%
c - 339.98 249 423 46 197 10613 8 1837182 58126 2.0 40 21 4 22 33% 34886 476385 32235 12%
c } 341.20 249 421 47 197 10728 8 1848285 68870 1.9 40 21 4 22 33% 34908 476385 32235 12%
c [ 341.20 249 370 47 197 10728 2 1848285 68870 2.2 187 83 7 62 43% 34908 476385 32235 12%
c B 341.20 249 370 47 197 10728 2 1848285 68870 2.2 187 83 7 62 43% 34908 476385 32235 12%
c - 341.59 250 373 47 198 10730 2 1851218 59665 2.2 187 83 7 62 43% 34908 476385 32235 12%
c - 343.01 204 374 47 199 10738 2 1865291 58230 2.2 180 81 7 62 43% 34909 476385 32235 12%
c b 345.03 210 376 47 199 10742 2 1879161 71918 2.2 182 81 7 62 44% 34909 476337 32234 12%
c u 345.38 214 376 47 199 10742 2 1879161 66330 2.2 182 81 7 62 44% 34969 476337 32234 12%
c v 345.77 215 376 47 199 10742 2 1879161 62203 2.2 182 81 7 62 44% 34968 476337 32234 12%
c w 346.05 222 376 47 199 10742 2 1879161 62197 2.2 182 81 7 62 44% 34968 476337 32234 12%
c t 346.09 222 376 47 199 10742 2 1879161 62197 2.2 182 81 7 62 44% 34850 476324 32233 12%
c u 346.73 264 376 47 199 10742 2 1879161 58986 2.2 182 81 7 62 44% 35054 476293 32233 12%
c v 347.02 265 376 47 199 10742 2 1879161 56576 2.2 182 81 7 62 44% 35056 476293 32233 12%
c w 347.38 272 376 47 199 10742 2 1879161 56558 2.2 182 81 7 62 44% 35056 476293 32233 12%
c t 347.42 272 376 47 199 10742 2 1879161 56558 2.2 182 81 7 62 44% 34958 476293 32233 12%
c - 347.72 272 376 47 200 10742 2 1879397 42793 2.2 181 81 7 62 44% 34958 476293 32233 12%
c - 349.38 280 376 47 201 10750 2 1893539 44617 2.3 179 78 7 61 45% 34960 476293 32233 12%
c - 351.79 282 377 47 202 10757 2 1907716 45384 2.3 183 81 7 62 45% 34960 476293 32233 12%
c ] 353.11 283 376 48 202 10758 2 1915535 53129 2.2 187 84 7 62 46% 34960 476293 32233 12%
c
c seconds      switched      rate           size/glue  tier1     binary           remaining
c          MB    reductions     conflicts         size   tier2       irredundant
c            level     restarts        redundant     glue    trail           variables
c
c { 353.11 283 421 48 202 10758 8 1915535 53129 1.9 40 21 4 22 33% 34960 476293 32233 12%
c o 354.15 242 419 48 202 10848 8 1920638 58173 2.0 41 21 4 22 34% 34964 476293 32233 12%
c - 354.41 242 419 48 203 10867 9 1921930 45966 2.0 41 21 4 22 34% 34964 476293 32233 12%
c - 357.07 243 414 48 204 11094 9 1936177 50709 2.0 45 23 4 23 35% 34975 476293 32233 12%
c - 360.03 244 411 48 205 11333 9 1950462 55053 2.0 50 25 4 23 37% 34977 476293 32233 12%
c - 362.86 257 408 48 206 11564 10 1964779 57588 2.1 54 26 4 23 39% 34984 476293 32233 12%
c - 365.55 190 407 48 207 11770 10 1979131 59786 2.1 57 28 4 23 40% 34989 476293 32233 12%
c - 367.91 191 402 48 208 11956 10 1993520 61627 2.1 60 29 4 23 40% 34995 476293 32233 12%
c s 369.08 191 400 48 208 12045 10 2000686 68685 2.1 60 29 4 23 40% 35029 475650 32233 12%
c e 369.17 192 400 48 208 12045 10 2000686 68685 2.1 60 29 4 23 40% 34944 476394 32180 12%
c 2 369.18 192 400 48 208 12045 10 2000686 68685 2.1 60 29 4 23 40% 34943 476394 32180 12%
c s 369.22 192 400 48 208 12045 10 2000686 68685 2.1 60 29 4 23 40% 34959 476042 32180 12%
c e 369.27 192 400 48 208 12045 10 2000686 68685 2.1 60 29 4 23 40% 34950 476094 32177 12%
c - 370.72 199 400 48 209 12151 10 2007942 61600 2.1 63 30 4 23 41% 34950 476094 32177 12%
c u 372.09 210 398 48 209 12232 10 2014535 63094 2.1 64 30 4 23 41% 35027 476094 32177 12%
c v 372.56 211 398 48 209 12232 10 2014535 56997 2.1 64 30 4 23 41% 35026 476094 32177 12%
c w 372.99 244 398 48 209 12232 10 2014535 56938 2.1 64 30 4 23 41% 35026 476094 32177 12%
c x 373.40 250 398 48 209 12232 10 2014535 56873 2.1 64 30 4 23 41% 35037 473377 32177 12%
c t 373.43 250 398 48 209 12232 10 2014535 56873 2.1 64 30 4 23 41% 34982 473377 32177 12%
c f 373.80 250 398 48 209 12232 10 2014535 56873 2.1 64 30 4 23 41% 34997 473150 32188 12%
c
c seconds      switched       rate           size/glue  tier1     binary           remaining
c          MB    reductions      conflicts         size   tier2       irredundant
c            level     restarts         redundant     glue    trail           variables
c
c u 374.12 250 398 48 209 12232 10 2014535 56298 2.1 64 30 4 23 41% 35012 473150 32188 12%
c v 374.45 250 398 48 209 12232 10 2014535 53483 2.1 64 30 4 23 41% 35012 473150 32188 12%
c w 375.61 250 398 48 209 12232 10 2014535 52895 2.1 64 30 4 23 41% 35012 473150 32188 12%
c t 375.65 250 398 48 209 12232 10 2014535 52895 2.1 64 30 4 23 41% 35007 473150 32188 12%
c - 377.09 250 398 48 210 12326 10 2022400 50140 2.1 65 31 4 23 42% 35012 473150 32188 12%
c - 379.76 250 397 48 211 12516 10 2036891 54082 2.1 67 31 4 23 42% 35019 473150 32188 12%
c } 380.94 250 396 49 211 12602 10 2043145 60260 2.1 67 32 4 23 43% 35021 473150 32188 12%
c [ 380.94 250 376 49 211 12602 2 2043145 60260 2.2 187 84 7 62 46% 35021 473150 32188 12%
c W 381.00 258 376 49 211 12602 2 2043145 60260 2.2 187 84 7 62 46% 35021 473150 32188 12%
c - 381.99 258 369 49 212 12608 2 2051416 55453 2.3 185 82 7 62 45% 35021 473150 32188 12%
c - 384.23 291 365 49 213 12615 2 2065976 52649 2.2 185 83 7 62 46% 35021 473150 32188 12%
c - 386.31 221 368 49 214 12620 2 2080571 48939 2.2 185 84 7 62 46% 35023 473150 32188 12%
c - 388.04 231 369 49 215 12629 2 2095199 49999 2.2 178 80 7 62 46% 35025 473150 32188 12%
c - 389.36 233 375 49 216 12632 2 2109863 52008 2.2 175 78 7 62 46% 35027 473150 32188 12%
c - 391.82 234 384 49 217 12632 2 2124559 50254 2.2 184 82 7 62 47% 35027 473150 32188 12%
c o 391.96 234 385 49 217 12633 2 2125263 50955 2.2 184 82 7 62 47% 35027 473150 32188 12%
c - 393.70 236 392 49 218 12641 2 2139289 50082 2.2 179 80 7 62 47% 35027 473150 32188 12%
c - 395.09 237 377 49 219 12647 2 2154053 52306 2.3 175 77 6 61 46% 35028 473150 32188 12%
c u 395.52 244 376 49 219 12647 2 2155109 49747 2.3 175 77 6 61 47% 35069 473150 32188 12%
c v 395.72 245 376 49 219 12647 2 2155109 47592 2.3 175 77 6 61 47% 35069 473150 32188 12%
c
c seconds      switched      rate           size/glue   tier1     binary           remaining
c          MB    reductions     conflicts         size    tier2       irredundant
c            level     restarts        redundant      glue    trail           variables
c
c w 396.23 248 376 49 219 12647 2 2155109 47292 2.3 175 77 6 61 47% 35069 473150 32188 12%
c x 396.55 248 376 49 219 12647 2 2155109 47022 2.3 175 77 6 61 47% 35183 444817 32187 12%
c t 396.59 186 376 49 219 12647 2 2155109 47022 2.3 175 77 6 61 47% 35130 444810 32187 12%
c u 396.92 187 376 49 219 12647 2 2155109 46488 2.3 175 77 6 61 47% 35151 444810 32187 12%
c v 397.07 187 376 49 219 12647 2 2155109 45230 2.3 175 77 6 61 47% 35151 444810 32187 12%
c w 397.71 187 376 49 219 12647 2 2155109 43954 2.3 175 77 6 61 47% 35151 444810 32187 12%
c x 398.04 187 376 49 219 12647 2 2155109 43569 2.3 175 77 6 61 47% 35311 431223 32185 12%
c t 399.76 188 376 49 219 12647 2 2155109 43569 2.3 175 77 6 61 47% 35282 431210 32184 12%
c i 399.81 188 376 49 219 12647 2 2155109 43569 2.3 175 77 6 61 47% 35282 431210 32184 12%
c - 401.83 190 379 49 220 12654 2 2168852 45594 2.3 172 75 6 61 47% 35271 431210 32184 12%
c I 402.92 191 378 49 220 12660 2 2177384 54042 2.3 171 74 6 61 48% 35271 431210 32184 12%
c - 403.81 192 380 49 221 12662 2 2183686 47843 2.3 173 74 6 61 48% 35271 431210 32184 12%
c - 406.52 193 371 49 222 12663 2 2198553 45776 2.3 186 79 6 61 49% 35272 431210 32184 12%
c ] 407.01 193 370 50 222 12663 2 2200530 47722 2.4 189 80 6 61 49% 35272 431210 32184 12%
c { 407.01 193 396 50 222 12663 10 2200530 47722 2.1 67 32 4 23 43% 35272 431210 32184 12%
c - 407.54 155 360 50 223 12669 9 2213452 48500 2.2 68 30 4 23 41% 35277 431210 32184 12%
c - 407.92 155 323 50 224 12671 8 2228386 55781 2.3 68 29 4 24 38% 35299 431209 32184 12%
c - 408.32 156 305 50 225 12673 7 2243352 58295 2.4 66 27 4 23 35% 35315 431207 32184 12%
c - 408.73 158 286 50 226 12681 6 2258353 59879 2.4 62 25 4 23 33% 35353 431206 32184 12%
c - 409.16 175 289 50 227 12682 6 2273386 61427 2.4 57 24 4 23 31% 35360 431206 32184 12%
c
c seconds      switched      rate           size/glue  tier1     binary           remaining
c          MB    reductions     conflicts         size   tier2       irredundant
c            level     restarts        redundant     glue    trail           variables
c
c - 409.64 181 263 50 228 12691 5 2288452 62883 2.4 54 23 4 23 30% 35397 431205 32184 12%
c u 410.22 184 240 50 228 12691 5 2299792 70137 2.4 53 22 4 23 30% 35407 431203 32184 12%
c v 410.45 188 240 50 228 12691 5 2299792 69870 2.4 53 22 4 23 30% 35407 431203 32184 12%
c w 410.55 188 240 50 228 12691 5 2299792 69793 2.4 53 22 4 23 30% 35407 431203 32184 12%
c x 410.75 195 240 50 228 12691 5 2299792 69756 2.4 53 22 4 23 30% 35410 431146 32184 12%
c t 410.79 195 240 50 228 12691 5 2299792 69756 2.4 53 22 4 23 30% 35375 431146 32184 12%
c - 410.93 195 238 50 229 12691 5 2303552 59669 2.4 52 22 4 23 30% 35384 431146 32184 12%
c - 411.19 192 217 50 230 12694 4 2318684 61524 2.3 47 20 4 23 27% 35412 431145 32184 12%
c - 411.55 194 194 50 231 12699 4 2333849 62360 2.4 45 19 4 22 26% 35423 431145 32184 12%
c } 411.63 194 188 51 231 12699 4 2338055 66328 2.4 45 18 4 22 26% 35423 431145 32184 12%
c [ 411.63 194 370 51 231 12699 2 2338055 66328 2.4 189 80 6 61 49% 35423 431145 32184 12%
c B 411.63 194 370 51 231 12699 2 2338055 66328 2.4 189 80 6 61 49% 35423 431145 32184 12%
c o 411.64 194 370 51 231 12699 2 2338055 66328 2.4 189 80 6 61 49% 35423 431145 32184 12%
c - 413.11 198 376 51 232 12705 2 2349047 62194 2.4 185 79 6 61 49% 35424 431144 32184 12%
c s 414.05 199 376 51 232 12709 2 2354504 67605 2.3 185 79 6 61 49% 35504 430339 32184 12%
c e 414.23 200 376 51 232 12709 2 2354504 67605 2.3 185 79 6 61 49% 35060 433488 31943 12%
c s 414.29 200 376 51 232 12709 2 2354504 67605 2.3 185 79 6 61 49% 35074 432093 31943 12%
c e 414.38 200 376 51 232 12709 2 2354504 67605 2.3 185 79 6 61 49% 35034 432380 31923 12%
c - 415.43 201 370 51 233 12713 2 2364279 55105 2.3 185 80 6 61 47% 35035 432380 31923 12%
c ] 416.13 201 369 52 233 12716 2 2373660 64311 2.3 184 80 6 61 46% 35037 432380 31923 12%
c
c seconds      switched      rate           size/glue  tier1     binary           remaining
c          MB    reductions     conflicts         size   tier2       irredundant
c            level     restarts        redundant     glue    trail           variables
c
c { 416.13 201 188 52 233 12716 4 2373660 64311 2.4 45 18 4 22 26% 35037 432380 31923 12%
c - 417.06 203 197 52 234 12814 4 2379544 55145 2.4 45 19 4 22 27% 35038 432380 31923 12%
c - 419.39 207 222 52 235 13046 5 2394841 60327 2.3 47 20 4 22 29% 35042 432380 31923 12%
c - 421.96 208 244 52 236 13275 6 2410171 64925 2.3 49 21 4 22 31% 35050 432379 31923 12%
c - 424.68 210 264 52 237 13522 7 2425534 67791 2.3 52 23 4 22 33% 35067 432379 31923 12%
c - 427.29 210 280 52 238 13750 7 2440929 69994 2.2 54 24 4 22 35% 35072 432379 31923 12%
c u 429.21 211 292 52 238 13877 7 2449797 68486 2.2 54 25 4 22 35% 35235 432379 31923 12%
c v 429.76 167 292 52 238 13877 7 2449797 61650 2.2 54 25 4 22 35% 35235 432379 31923 12%
c w 430.05 168 292 52 238 13877 7 2449797 61631 2.2 54 25 4 22 35% 35235 432379 31923 12%
c t 430.09 168 292 52 238 13877 7 2449797 61631 2.2 54 25 4 22 35% 35120 432379 31923 12%
c f 430.18 168 292 52 238 13877 7 2449797 61631 2.2 54 25 4 22 35% 35155 431673 31958 12%
c u 430.50 168 292 52 238 13877 7 2449797 59913 2.2 54 25 4 22 35% 35194 431673 31958 12%
c v 430.86 169 292 52 238 13877 7 2449797 56587 2.2 54 25 4 22 35% 35192 431673 31958 12%
c w 431.10 171 292 52 238 13877 7 2449797 56561 2.2 54 25 4 22 35% 35192 431673 31958 12%
c x 431.43 176 292 52 238 13877 7 2449797 56477 2.2 54 25 4 22 35% 35195 431592 31958 12%
c t 431.47 176 292 52 238 13877 7 2449797 56477 2.2 54 25 4 22 35% 35183 431592 31958 12%
c - 432.71 180 301 52 239 13967 8 2456356 52109 2.2 55 25 4 23 36% 35193 431591 31958 12%
c - 435.19 181 314 52 240 14172 8 2471816 56483 2.2 57 26 4 23 37% 35201 431591 31958 12%
c - 437.03 182 336 52 241 14315 8 2487307 59999 2.2 56 26 4 23 37% 35207 431591 31958 12%
c - 439.63 183 346 52 242 14543 8 2502832 61590 2.2 58 26 4 23 38% 35211 431591 31958 12%
c
c seconds      switched      rate           size/glue  tier1     binary           remaining
c          MB    reductions     conflicts         size   tier2       irredundant
c            level     restarts        redundant     glue    trail           variables
c
c - 442.08 188 352 52 243 14744 8 2518388 62241 2.2 59 27 4 23 39% 35215 431591 31958 12%
c } 442.56 189 353 53 243 14784 8 2521448 65220 2.2 60 27 4 23 39% 35219 431591 31958 12%
c [ 442.56 189 369 53 243 14784 2 2521448 65220 2.3 184 80 6 61 46% 35219 431591 31958 12%
c W 442.67 205 369 53 243 14784 2 2521448 65220 2.3 184 80 6 61 46% 35219 431591 31958 12%
c - 444.11 205 366 53 244 14791 2 2533976 60529 2.3 183 79 7 61 46% 35219 431591 31958 12%
c - 446.52 207 363 53 245 14798 2 2549597 55570 2.3 182 80 6 61 46% 35219 431591 31958 12%
c o 448.11 229 358 53 245 14802 2 2558364 64258 2.3 184 80 6 61 47% 35219 431591 31958 12%
c - 448.87 233 364 53 246 14805 2 2565249 52806 2.3 181 79 6 62 47% 35219 431591 31958 12%
c - 451.11 235 368 53 247 14813 2 2580933 53282 2.3 179 79 6 61 47% 35219 431591 31958 12%
c - 453.89 203 359 53 248 14814 2 2596651 52908 2.2 180 80 6 62 47% 35219 431591 31958 12%
c u 455.67 205 352 53 248 14816 2 2605189 55704 2.2 183 83 6 62 47% 35287 431591 31958 12%
c v 455.89 205 352 53 248 14816 2 2605189 52928 2.2 183 83 6 62 47% 35287 431591 31958 12%
c w 457.03 245 352 53 248 14816 2 2605189 52372 2.2 183 83 6 62 47% 35287 431591 31958 12%
c t 457.07 245 352 53 248 14816 2 2605189 52372 2.2 183 83 6 62 47% 35243 431591 31958 12%
c - 458.09 245 356 53 249 14821 2 2612399 44709 2.2 182 81 7 62 47% 35244 431591 31958 12%
c - 460.38 245 362 53 250 14828 2 2628178 47777 2.3 179 79 7 62 48% 35244 431591 31958 12%
c - 462.32 245 366 53 251 14835 2 2643989 50113 2.3 175 77 6 61 47% 35244 431591 31958 12%
c - 464.37 190 365 53 252 14843 2 2659832 50780 2.3 173 76 6 61 47% 35244 431591 31958 12%
c ] 465.48 190 363 54 252 14844 2 2668217 59075 2.3 175 76 6 61 48% 35244 431591 31958 12%
c { 465.48 190 353 54 252 14844 8 2668217 59075 2.2 60 27 4 23 39% 35244 431591 31958 12%
c
c seconds      switched      rate           size/glue  tier1     binary           remaining
c          MB    reductions     conflicts         size   tier2       irredundant
c            level     restarts        redundant     glue    trail           variables
c
c - 465.68 190 343 54 253 14848 8 2675706 52660 2.2 57 27 4 23 37% 35250 431590 31958 12%
c - 465.92 190 315 54 254 14849 7 2691612 56759 2.1 52 24 4 22 33% 35257 431588 31958 12%
c - 466.41 190 311 54 255 14856 6 2707551 60526 2.1 48 23 4 22 33% 35270 431585 31958 12%
c - 466.90 192 293 54 256 14865 6 2723519 62498 2.1 44 21 4 22 30% 35282 431582 31958 12%
c - 467.43 194 281 54 257 14874 5 2739519 64572 2.1 41 20 4 22 27% 35288 431582 31958 12%
c s 467.51 194 281 54 257 14874 5 2740517 65528 2.1 41 20 4 22 27% 35347 431203 31958 12%
c e 467.61 196 281 54 257 14874 5 2740517 65528 2.1 41 20 4 22 27% 35267 431895 31913 12%
c s 467.64 196 281 54 257 14874 5 2740517 65528 2.1 41 20 4 22 27% 35274 431637 31913 12%
c e 467.68 196 281 54 257 14874 5 2740517 65528 2.1 41 20 4 22 27% 35261 431709 31909 12%
c - 468.37 197 278 54 258 14900 5 2755551 62294 2.1 38 19 4 22 26% 35288 431700 31909 12%
c u 469.07 198 269 54 258 14913 5 2765958 65250 2.0 36 18 4 22 24% 35303 431700 31909 12%
c v 469.38 198 269 54 258 14913 5 2765958 63915 2.0 36 18 4 22 24% 35303 431700 31909 12%
c w 469.52 198 269 54 258 14913 5 2765958 63827 2.0 36 18 4 22 24% 35303 431700 31909 12%
c t 469.55 198 269 54 258 14913 5 2765958 63827 2.0 36 18 4 22 24% 35271 431700 31909 12%
c f 469.60 198 269 54 258 14913 5 2765958 63827 2.0 36 18 4 22 24% 35278 431532 31917 12%
c u 469.87 191 269 54 258 14913 5 2765958 60005 2.0 36 18 4 22 24% 35338 431532 31917 12%
c v 470.10 192 269 54 258 14913 5 2765958 58753 2.0 36 18 4 22 24% 35338 431532 31917 12%
c w 470.19 192 269 54 258 14913 5 2765958 58698 2.0 36 18 4 22 24% 35338 431532 31917 12%
c x 470.45 198 269 54 258 14913 5 2765958 58599 2.0 36 18 4 22 24% 35352 431403 31917 12%
c t 470.48 198 269 54 258 14913 5 2765958 58599 2.0 36 18 4 22 24% 35333 431403 31917 12%
c
c seconds      switched      rate           size/glue  tier1     binary           remaining
c          MB    reductions     conflicts         size   tier2       irredundant
c            level     restarts        redundant     glue    trail           variables
c
c - 470.73 199 274 54 259 14918 5 2771613 55855 2.0 35 17 4 22 24% 35341 431402 31917 12%
c - 471.19 201 264 54 260 14928 5 2787708 60411 2.0 33 16 4 22 22% 35363 431400 31917 12%
c o 471.22 201 264 54 260 14930 5 2788919 61531 2.0 33 16 4 22 22% 35363 431400 31917 12%
c - 471.70 202 266 54 261 14948 5 2803833 64545 2.0 31 16 4 22 21% 35384 431398 31917 12%
c - 472.15 203 251 54 262 14980 4 2819991 67442 1.9 28 15 4 22 19% 35404 431397 31917 12%
c } 472.47 203 249 55 262 15000 4 2826611 73691 1.9 28 14 4 22 19% 35411 431396 31917 12%
c [ 472.47 203 363 55 262 15000 2 2826611 73691 2.3 175 76 6 61 48% 35411 431396 31917 12%
c O 472.47 203 363 55 262 15000 2 2826611 73691 2.3 175 76 6 61 48% 35411 431396 31917 12%
c - 473.24 203 354 55 263 15006 2 2836177 68880 2.3 172 74 7 61 47% 35411 431396 31917 12%
c - 476.00 203 351 55 264 15014 2 2852394 66381 2.3 183 80 7 62 47% 35411 431396 31917 12%
c - 477.74 203 342 55 265 15021 2 2868645 64975 2.3 181 78 7 62 46% 35411 431396 31917 12%
c ] 478.54 201 345 56 265 15024 2 2875382 71633 2.3 180 77 7 62 45% 35411 431396 31917 12%
c { 478.54 201 249 56 265 15024 4 2875382 71633 1.9 28 14 4 22 19% 35411 431396 31917 12%
c - 480.32 209 266 56 266 15199 5 2884923 69798 1.9 30 16 4 22 21% 35413 431396 31917 12%
c - 483.36 211 290 56 267 15488 7 2901234 75340 1.9 33 17 4 22 24% 35429 431396 31917 12%
c - 486.45 176 310 56 268 15776 8 2917574 79578 1.9 35 18 4 22 27% 35435 431396 31917 12%
c u 489.81 212 327 56 268 16033 9 2932154 84999 1.9 38 20 4 22 29% 35484 431396 31917 12%
c v 490.37 214 327 56 268 16033 9 2932154 77400 1.9 38 20 4 22 29% 35486 431396 31917 12%
c w 490.64 216 327 56 268 16033 9 2932154 77386 1.9 38 20 4 22 29% 35486 431396 31917 12%
c t 490.67 216 327 56 268 16033 9 2932154 77386 1.9 38 20 4 22 29% 35455 431396 31917 12%
c
c seconds      switched      rate           size/glue  tier1     binary           remaining
c          MB    reductions     conflicts         size   tier2       irredundant
c            level     restarts        redundant     glue    trail           variables
c
c - 491.07 250 328 56 269 16063 9 2933947 67627 1.9 39 20 4 22 29% 35457 431396 31917 12%
c - 494.03 250 343 56 270 16332 9 2950348 71694 1.9 41 21 4 22 31% 35473 431395 31917 12%
c - 496.80 250 356 56 271 16579 10 2966780 75684 1.9 43 22 4 22 33% 35476 431395 31917 12%
c - 499.38 282 373 56 272 16798 10 2983243 78007 1.9 44 23 4 22 34% 35483 431395 31917 12%
c - 501.55 282 395 56 273 16991 10 2999737 79146 1.9 44 23 4 22 35% 35498 431395 31917 12%
c - 503.59 314 410 56 274 17170 11 3016262 79541 1.9 43 23 4 22 36% 35515 431395 31917 12%
c o 505.04 315 420 56 274 17301 11 3028924 91824 1.9 43 23 4 22 36% 35522 431395 31917 12%
c - 505.64 315 424 56 275 17348 11 3032815 80942 1.9 43 23 4 22 36% 35524 431395 31917 12%
c } 507.08 315 431 57 275 17483 11 3044725 92595 1.9 43 23 4 22 37% 35529 431395 31917 12%
c [ 507.08 315 345 57 275 17483 2 3044725 92595 2.3 180 77 7 62 45% 35529 431395 31917 12%
c B 507.08 315 345 57 275 17483 2 3044725 92595 2.3 180 77 7 62 45% 35529 431395 31917 12%
c - 507.59 264 349 57 276 17486 2 3049398 81407 2.3 178 76 7 61 45% 35530 431395 31917 12%
c - 509.92 264 355 57 277 17496 2 3066011 77869 2.3 176 76 7 61 46% 35530 431395 31917 12%
c - 512.27 297 359 57 278 17501 2 3082654 72005 2.3 181 78 7 62 46% 35530 431395 31917 12%
c - 513.71 297 359 57 279 17511 2 3099327 72891 2.3 171 73 7 61 45% 35530 431395 31917 12%
c u 514.68 297 359 57 279 17512 2 3103782 71120 2.4 169 72 7 61 45% 35547 431395 31917 12%
c v 514.92 297 359 57 279 17512 2 3103782 68011 2.4 169 72 7 61 45% 35547 431395 31917 12%
c w 515.44 329 359 57 279 17512 2 3103782 67750 2.4 169 72 7 61 45% 35547 431395 31917 12%
c x 515.88 334 359 57 279 17512 2 3103782 67463 2.4 169 72 7 61 45% 35562 431133 31917 12%
c t 515.92 334 359 57 279 17512 2 3103782 67463 2.4 169 72 7 61 45% 35531 431133 31917 12%
c
c seconds      switched      rate           size/glue   tier1     binary           remaining
c          MB    reductions     conflicts         size    tier2       irredundant
c            level     restarts        redundant      glue    trail           variables
c
c - 518.58 262 355 57 280 17513 2 3116030 63640 2.4 184 77 7 62 47% 35531 431133 31917 12%
c - 521.85 262 343 57 281 17518 2 3132764 60460 2.4 195 82 7 62 48% 35531 431133 31917 12%
c - 523.94 262 348 57 282 17527 2 3149530 62672 2.3 190 81 7 62 48% 35532 431132 31917 12%
c s 525.79 262 350 57 282 17531 2 3162857 75842 2.3 188 81 7 62 47% 35540 430861 31917 12%
c e 525.92 262 350 57 282 17531 2 3162857 75842 2.3 188 81 7 62 47% 35400 432184 31828 12%
c s 525.95 262 350 57 282 17531 2 3162857 75842 2.3 188 81 7 62 47% 35402 431654 31828 12%
c e 526.00 262 350 57 282 17531 2 3162857 75842 2.3 188 81 7 62 47% 35390 431753 31822 12%
c - 526.49 267 349 57 283 17534 2 3166323 61657 2.3 187 80 7 62 47% 35390 431753 31822 12%
c - 528.78 181 346 57 284 17542 2 3183145 64244 2.4 185 78 7 62 48% 35391 431753 31822 12%
c - 531.44 183 357 57 285 17544 2 3199997 65383 2.3 186 80 7 62 47% 35391 431753 31822 12%
c W 533.49 203 365 57 285 17545 2 3214819 79989 2.3 190 82 7 62 47% 35391 431753 31822 12%
c - 533.83 203 365 57 286 17545 2 3216879 63674 2.3 190 83 7 62 46% 35391 431753 31822 12%
c ] 534.40 203 364 58 286 17545 2 3219854 66593 2.3 192 83 7 62 46% 35391 431753 31822 12%
c { 534.40 203 431 58 286 17545 11 3219854 66593 1.9 43 23 4 22 37% 35391 431753 31822 12%
c - 536.04 218 440 58 287 17658 11 3233791 67210 1.9 43 23 4 22 37% 35398 431753 31822 12%
c - 538.35 222 450 58 288 17844 11 3250733 73191 1.9 42 22 4 22 38% 35409 431753 31822 12%
c - 540.57 195 455 58 289 18017 11 3267710 76600 1.9 42 22 4 22 38% 35422 431753 31822 12%
c o 542.18 195 461 58 289 18143 11 3279678 88238 1.9 42 22 4 22 38% 35430 431753 31822 12%
c u 542.91 202 462 58 289 18159 11 3280887 80632 1.9 42 22 4 22 38% 35590 431753 31822 12%
c v 543.44 204 462 58 289 18159 11 3280887 74402 1.9 42 22 4 22 38% 35589 431753 31822 12%
c
c seconds      switched       rate           size/glue  tier1     binary           remaining
c          MB    reductions      conflicts         size   tier2       irredundant
c            level     restarts         redundant     glue    trail           variables
c
c w 543.67 206 462 58 289 18159 11 3280887 74340 1.9 42 22 4 22 38% 35589 431753 31822 12%
c x 544.15 217 462 58 289 18159 11 3280887 74326 1.9 42 22 4 22 38% 35595 431503 31822 12%
c t 544.19 217 462 58 289 18159 11 3280887 74326 1.9 42 22 4 22 38% 35524 431503 31822 12%
c f 544.25 217 462 58 289 18159 11 3280887 74326 1.9 42 22 4 22 38% 35536 431217 31836 12%
c u 544.69 220 462 58 289 18159 11 3280887 72116 1.9 42 22 4 22 38% 35593 431217 31836 12%
c v 545.20 220 462 58 289 18159 11 3280887 66685 1.9 42 22 4 22 38% 35595 431217 31836 12%
c w 546.12 222 462 58 289 18159 11 3280887 66044 1.9 42 22 4 22 38% 35595 431217 31836 12%
c t 546.16 222 462 58 289 18159 11 3280887 66044 1.9 42 22 4 22 38% 35576 431217 31836 12%
c - 546.66 224 463 58 290 18195 11 3284710 58002 1.9 42 22 4 22 38% 35578 431217 31836 12%
c - 548.85 226 467 58 291 18371 11 3301740 63200 1.8 41 22 4 22 38% 35586 431217 31836 12%
c - 551.21 184 471 58 292 18563 11 3318801 67740 1.9 41 22 4 22 39% 35600 431217 31836 12%
c - 553.63 190 475 58 293 18746 11 3335891 69622 1.8 41 22 4 22 39% 35611 431217 31836 12%
c - 556.05 192 478 58 294 18942 11 3353008 71116 1.8 41 22 4 22 39% 35621 431217 31836 12%
c - 558.56 193 481 58 295 19151 11 3370155 72995 1.8 42 23 4 22 39% 35629 431216 31836 12%
c - 561.03 198 481 58 296 19342 11 3387331 74661 1.8 42 23 4 22 39% 35639 431216 31836 12%
c } 563.09 200 485 59 296 19502 11 3400483 87507 1.8 42 23 4 22 40% 35645 431216 31836 12%
c [ 563.09 200 364 59 296 19502 2 3400483 87507 2.3 192 83 7 62 46% 35645 431216 31836 12%
c I 563.09 200 364 59 296 19502 2 3400483 87507 2.3 192 83 7 62 46% 35645 431216 31836 12%
c - 563.58 200 366 59 297 19504 2 3404536 75498 2.3 189 82 7 62 46% 35645 431216 31836 12%
c - 565.50 201 366 59 298 19515 2 3421770 71982 2.3 184 82 7 62 45% 35647 431216 31836 12%
c
c seconds      switched      rate           size/glue   tier1     binary           remaining
c          MB    reductions     conflicts         size    tier2       irredundant
c            level     restarts        redundant      glue    trail           variables
c
c - 567.57 201 364 59 299 19521 2 3439032 67554 2.3 184 80 7 62 46% 35647 431216 31836 12%
c - 570.43 203 363 59 300 19530 2 3456324 65390 2.3 188 83 7 62 46% 35647 431216 31836 12%
c u 571.72 205 356 59 300 19531 2 3463511 64501 2.3 191 83 7 62 46% 35735 431216 31836 12%
c v 571.93 205 356 59 300 19531 2 3463511 61491 2.3 191 83 7 62 46% 35733 431216 31836 12%
c w 572.60 217 356 59 300 19531 2 3463511 61414 2.3 191 83 7 62 46% 35733 431216 31836 12%
c x 573.05 217 356 59 300 19531 2 3463511 61410 2.3 191 83 7 62 46% 35743 431162 31836 12%
c t 576.25 192 356 59 300 19531 2 3463511 61410 2.3 191 83 7 62 46% 35697 431162 31836 12%
c - 578.13 192 353 59 301 19532 2 3473644 52144 2.3 198 85 7 62 46% 35697 431162 31836 12%
c - 580.95 192 347 59 302 19539 2 3490993 52277 2.4 204 85 7 62 46% 35697 431162 31836 12%
c - 582.98 192 350 59 303 19547 2 3508374 56424 2.4 197 82 7 62 47% 35697 431162 31836 12%
c - 585.28 192 347 59 304 19554 2 3525780 57623 2.5 199 80 7 62 48% 35699 431162 31836 12%
c o 586.89 192 347 59 304 19562 2 3540080 71778 2.5 192 78 7 62 48% 35699 431162 31836 12%
c - 587.18 192 355 59 305 19562 2 3543216 57089 2.4 191 79 7 62 48% 35699 431162 31836 12%
c - 587.79 194 350 59 306 19563 2 3560681 52907 2.2 180 83 7 62 42% 35700 431162 31836 12%
c - 589.61 198 350 59 307 19564 2 3578173 49857 2.2 182 82 7 62 40% 35700 431162 31836 12%
c B 590.67 199 352 59 307 19564 2 3585817 57333 2.3 188 82 7 62 40% 35700 431162 31836 12%
c ] 591.28 201 354 60 307 19564 2 3590588 62014 2.3 190 84 7 62 40% 35700 431162 31836 12%
c { 591.28 201 485 60 307 19564 11 3590588 62014 1.8 42 23 4 22 40% 35700 431162 31836 12%
c - 591.79 205 486 60 308 19596 11 3595694 53165 1.8 42 23 4 22 39% 35703 431162 31836 12%
c - 593.74 207 488 60 309 19756 11 3613244 61832 1.8 41 22 4 22 40% 35728 431161 31836 12%
c
c seconds      switched       rate           size/glue  tier1     binary           remaining
c          MB    reductions      conflicts         size   tier2       irredundant
c            level     restarts         redundant     glue    trail           variables
c
c s 594.87 210 490 60 309 19845 11 3622629 70999 1.8 41 22 4 22 39% 35799 430857 31836 12%
c e 594.95 211 490 60 309 19845 11 3622629 70999 1.8 41 22 4 22 39% 35757 431225 31812 12%
c s 594.97 211 490 60 309 19845 11 3622629 70999 1.8 41 22 4 22 39% 35763 431077 31812 12%
c e 595.01 211 490 60 309 19845 11 3622629 70999 1.8 41 22 4 22 39% 35748 431179 31806 12%
c - 596.04 165 490 60 310 19917 11 3630822 68243 1.8 40 22 4 22 39% 35750 431179 31806 12%
c - 598.25 167 489 60 311 20091 11 3648428 72009 1.8 40 22 4 22 39% 35759 431178 31806 12%
c u 599.05 186 488 60 311 20125 11 3651672 68166 1.8 40 22 4 22 39% 35831 431178 31806 12%
c v 599.58 190 488 60 311 20125 11 3651672 59845 1.8 40 22 4 22 39% 35831 431178 31806 12%
c w 600.26 192 488 60 311 20125 11 3651672 59277 1.8 40 22 4 22 39% 35831 431178 31806 12%
c t 600.30 192 488 60 311 20125 11 3651672 59277 1.8 40 22 4 22 39% 35769 431178 31806 12%
c f 600.34 192 488 60 311 20125 11 3651672 59277 1.8 40 22 4 22 39% 35774 431093 31810 12%
c u 600.64 187 488 60 311 20125 11 3651672 58495 1.8 40 22 4 22 39% 35797 431093 31810 12%
c v 600.99 189 488 60 311 20125 11 3651672 55376 1.8 40 22 4 22 39% 35797 431093 31810 12%
c w 601.64 190 488 60 311 20125 11 3651672 54274 1.8 40 22 4 22 39% 35797 431093 31810 12%
c t 601.67 190 488 60 311 20125 11 3651672 54274 1.8 40 22 4 22 39% 35790 431093 31810 12%
c - 603.43 195 485 60 312 20269 11 3666063 58466 1.8 39 22 4 22 39% 35800 431092 31810 12%
c - 604.76 196 473 60 313 20372 10 3683726 65520 1.8 38 21 4 22 37% 35807 431092 31810 12%
c - 607.11 198 475 60 314 20568 11 3701418 69902 1.8 38 21 4 22 37% 35816 431092 31810 12%
c - 609.64 199 477 60 315 20770 11 3719139 73068 1.8 38 21 4 22 38% 35826 431092 31810 12%
c - 611.81 200 474 60 316 20938 11 3736888 75142 1.8 37 21 4 22 38% 35836 431091 31810 12%
c
c seconds      switched       rate           size/glue  tier1     binary           remaining
c          MB    reductions      conflicts         size   tier2       irredundant
c            level     restarts         redundant     glue    trail           variables
c
c - 614.04 206 471 60 317 21112 11 3754664 77036 1.8 37 21 4 22 37% 35849 431091 31810 12%
c - 616.66 208 473 60 318 21326 11 3772469 79353 1.8 38 21 4 22 38% 35856 431091 31810 12%
c } 618.11 208 476 61 318 21443 11 3782840 89331 1.8 38 21 4 22 38% 35860 431091 31810 12%
c [ 618.11 208 354 61 318 21443 2 3782840 89331 2.3 190 84 7 62 40% 35860 431091 31810 12%
c W 618.21 204 354 61 318 21443 2 3782840 89331 2.3 190 84 7 62 40% 35860 431091 31810 12%
c - 619.48 208 351 61 319 21448 2 3790302 79263 2.3 190 83 7 62 41% 35860 431091 31810 12%
c - 621.94 211 345 61 320 21457 2 3808162 75137 2.3 186 80 7 62 41% 35863 431091 31810 12%
c o 622.72 211 337 61 320 21459 2 3816711 83522 2.3 185 79 7 62 41% 35863 431091 31810 12%
c - 623.72 212 342 61 321 21464 2 3826051 71676 2.3 181 78 7 62 40% 35864 431091 31810 12%
c - 625.88 212 348 61 322 21472 2 3843968 69512 2.2 184 82 7 62 40% 35864 431091 31810 12%
c u 626.50 212 349 61 322 21472 2 3845399 61406 2.2 183 81 7 62 40% 35920 431091 31810 12%
c v 626.73 212 349 61 322 21472 2 3845399 58004 2.2 183 81 7 62 40% 35921 431091 31810 12%
c w 627.29 212 349 61 322 21472 2 3845399 57451 2.2 183 81 7 62 40% 35921 431091 31810 12%
c x 627.74 224 349 61 322 21472 2 3845399 57429 2.2 183 81 7 62 40% 36255 430354 31810 12%
c t 627.78 224 349 61 322 21472 2 3845399 57429 2.2 183 81 7 62 40% 36188 430354 31810 12%
c - 629.43 229 355 61 323 21473 2 3861915 57990 2.3 178 77 7 62 41% 36188 430354 31810 12%
c - 631.47 232 360 61 324 21483 2 3879891 61155 2.3 174 75 7 62 41% 36188 430354 31810 12%
c - 633.75 233 352 61 325 21489 2 3897891 61598 2.3 176 76 7 62 42% 36188 430354 31810 12%
c - 635.86 235 353 61 326 21500 2 3915918 61681 2.4 173 74 7 62 43% 36188 430354 31810 12%
c - 637.68 236 365 61 327 21504 2 3933974 61680 2.4 176 75 7 62 43% 36188 430354 31810 12%
c
c seconds      switched      rate           size/glue   tier1     binary           remaining
c          MB    reductions     conflicts         size    tier2       irredundant
c            level     restarts        redundant      glue    trail           variables
c
c - 640.09 192 370 61 328 21505 2 3952059 56974 2.3 184 81 7 62 42% 36189 430354 31810 12%
c ] 641.96 193 372 62 328 21505 2 3965726 70426 2.3 189 83 7 62 41% 36190 430353 31810 12%
c { 641.96 193 476 62 328 21505 11 3965726 70426 1.8 38 21 4 22 38% 36190 430353 31810 12%
c - 642.35 198 475 62 329 21538 11 3970169 55046 1.8 38 21 4 22 38% 36196 430353 31810 12%
c - 643.93 201 476 62 330 21675 11 3988307 62339 1.8 37 21 4 22 37% 36230 430352 31810 12%
c - 645.11 205 467 62 331 21790 10 4006472 70220 1.8 35 20 4 22 35% 36238 430352 31810 12%
c - 646.51 207 463 62 332 21932 10 4024665 74386 1.8 34 19 4 22 34% 36264 430351 31810 12%
c - 648.77 208 454 62 333 22152 10 4042886 77255 1.8 36 20 4 22 34% 36274 430351 31810 12%
c u 649.52 209 454 62 333 22179 10 4044705 71599 1.8 36 20 4 22 35% 36363 430351 31810 12%
c v 650.08 209 454 62 333 22179 10 4044705 63293 1.8 36 20 4 22 35% 36367 430351 31810 12%
c w 650.70 210 454 62 333 22179 10 4044705 62927 1.8 36 20 4 22 35% 36367 430351 31810 12%
c t 650.74 210 454 62 333 22179 10 4044705 62927 1.8 36 20 4 22 35% 36312 430351 31810 12%
c - 652.69 214 451 62 334 22355 10 4061135 67097 1.8 37 20 4 22 35% 36318 430351 31810 12%
c - 655.15 216 446 62 335 22577 10 4079411 72645 1.8 38 21 4 22 35% 36324 430351 31810 12%
c o 657.39 217 447 62 335 22773 10 4096721 89454 1.9 39 21 4 22 36% 36334 430351 31810 12%
c - 657.54 217 447 62 336 22784 10 4097714 76026 1.9 39 21 4 22 36% 36334 430351 31810 12%
c - 659.72 218 449 62 337 22959 10 4116045 78471 1.9 39 21 4 22 36% 36342 430351 31810 12%
c s 660.38 228 449 62 337 23020 10 4120770 83121 1.9 39 21 4 22 36% 36429 429947 31810 12%
c e 660.48 230 449 62 337 23020 10 4120770 83121 1.9 39 21 4 22 36% 36341 430901 31743 12%
c 2 660.48 230 449 62 337 23020 10 4120770 83121 1.9 39 21 4 22 36% 36339 430901 31743 12%
c
c seconds      switched       rate           size/glue  tier1     binary           remaining
c          MB    reductions      conflicts         size   tier2       irredundant
c            level     restarts         redundant     glue    trail           variables
c
c s 660.52 230 449 62 337 23020 10 4120770 83121 1.9 39 21 4 22 36% 36350 430513 31743 12%
c e 660.57 230 449 62 337 23020 10 4120770 83121 1.9 39 21 4 22 36% 36340 430598 31737 12%
c - 662.22 182 443 62 338 23162 10 4134402 78669 1.9 40 21 4 22 36% 36345 430598 31737 12%
c - 664.64 183 438 62 339 23375 10 4152786 81070 1.9 41 22 4 22 36% 36352 430598 31737 12%
c } 666.89 184 438 63 339 23566 10 4169935 97821 1.9 42 22 4 22 37% 36357 430597 31737 12%
c [ 666.89 184 372 63 339 23566 2 4169935 97821 2.3 189 83 7 62 41% 36357 430597 31737 12%
c O 666.89 184 372 63 339 23566 2 4169935 97821 2.3 189 83 7 62 41% 36357 430597 31737 12%
c - 667.04 184 368 63 340 23567 2 4171198 83012 2.3 189 83 7 62 41% 36357 430597 31737 12%
c - 669.33 195 362 63 341 23578 2 4189637 80721 2.3 181 79 7 62 41% 36359 430596 31737 12%
c - 671.54 197 369 63 342 23585 2 4208103 73971 2.2 180 81 7 62 41% 36361 430596 31737 12%
c - 673.42 198 361 63 343 23594 2 4226596 72834 2.3 172 76 7 62 40% 36361 430596 31737 12%
c - 675.24 199 353 63 344 23596 2 4245121 74243 2.3 170 74 7 62 40% 36361 430596 31737 12%
c u 676.20 199 353 63 344 23596 2 4249634 68743 2.3 172 76 7 62 40% 36444 430596 31737 12%
c v 676.46 200 353 63 344 23596 2 4249634 65166 2.3 172 76 7 62 40% 36444 430596 31737 12%
c w 677.02 208 353 63 344 23596 2 4249634 65021 2.3 172 76 7 62 40% 36444 430596 31737 12%
c x 677.48 213 353 63 344 23596 2 4249634 64815 2.3 172 76 7 62 40% 36457 430318 31737 12%
c t 677.51 213 353 63 344 23596 2 4249634 64815 2.3 172 76 7 62 40% 36366 430318 31737 12%
c f 677.58 213 353 63 344 23596 2 4249634 64815 2.3 172 76 7 62 40% 36380 429989 31754 12%
c u 677.96 213 353 63 344 23596 2 4249634 63477 2.3 172 76 7 62 40% 36413 429989 31754 12%
c v 678.14 214 353 63 344 23596 2 4249634 62167 2.3 172 76 7 62 40% 36413 429989 31754 12%
c
c seconds      switched      rate           size/glue   tier1     binary           remaining
c          MB    reductions     conflicts         size    tier2       irredundant
c            level     restarts        redundant      glue    trail           variables
c
c w 678.89 219 353 63 344 23596 2 4249634 61460 2.3 172 76 7 62 40% 36413 429989 31754 12%
c x 679.36 220 353 63 344 23596 2 4249634 61264 2.3 172 76 7 62 40% 36433 429610 31754 12%
c t 679.39 220 353 63 344 23596 2 4249634 61264 2.3 172 76 7 62 40% 36422 429610 31754 12%
c - 681.16 222 348 63 345 23603 2 4263669 57828 2.3 170 74 7 62 40% 36423 429610 31754 12%
c - 683.47 184 341 63 346 23611 2 4282243 59722 2.3 170 73 7 62 42% 36423 429610 31754 12%
c - 685.72 203 343 63 347 23621 2 4300845 61665 2.3 166 72 7 62 42% 36423 429610 31754 12%
c - 687.65 205 343 63 348 23627 2 4319473 62547 2.3 163 70 7 61 41% 36423 429610 31754 12%
c - 689.35 206 362 63 349 23628 2 4338128 61577 2.3 163 70 7 61 43% 36424 429610 31754 12%
c - 691.08 207 365 63 350 23628 2 4356810 59927 2.4 164 70 7 61 43% 36424 429610 31754 12%
c ] 692.03 207 365 64 350 23628 2 4366955 69888 2.4 169 71 7 61 42% 36424 429610 31754 12%
c { 692.03 207 438 64 350 23628 10 4366955 69888 1.9 42 22 4 22 37% 36424 429610 31754 12%
c - 693.41 214 436 64 351 23732 10 4375519 60147 1.9 43 22 4 22 37% 36427 429610 31754 12%
c o 695.02 187 442 64 351 23848 10 4386771 71125 1.9 42 22 4 22 37% 36431 429610 31754 12%
c - 696.11 195 444 64 352 23927 10 4394253 66224 1.9 42 22 4 22 38% 36432 429610 31754 12%
c - 698.96 201 451 64 353 24151 11 4413014 72185 1.9 42 22 4 22 38% 36443 429608 31754 12%
c - 701.68 203 455 64 354 24372 11 4431802 75903 1.9 42 22 4 22 38% 36456 429608 31754 12%
c - 704.61 204 460 64 355 24603 11 4450620 78531 1.9 42 23 4 22 39% 36466 429608 31754 12%
c u 706.55 217 462 64 355 24728 11 4460182 80764 1.8 42 23 4 22 39% 36528 429608 31754 12%
c v 707.20 217 462 64 355 24728 11 4460182 70605 1.8 42 23 4 22 39% 36530 429608 31754 12%
c w 707.48 218 462 64 355 24728 11 4460182 70494 1.8 42 23 4 22 39% 36530 429608 31754 12%
c
c seconds      switched       rate           size/glue  tier1     binary           remaining
c          MB    reductions      conflicts         size   tier2       irredundant
c            level     restarts         redundant     glue    trail           variables
c
c x 707.98 223 462 64 355 24728 11 4460182 69910 1.8 42 23 4 22 39% 36593 428678 31754 12%
c t 708.02 223 462 64 355 24728 11 4460182 69910 1.8 42 23 4 22 39% 36544 428678 31754 12%
c - 709.32 224 464 64 356 24821 11 4469463 65903 1.8 42 23 4 22 39% 36548 428678 31754 12%
c - 712.06 230 466 64 357 25038 11 4488332 71410 1.8 42 23 4 22 39% 36558 428678 31754 12%
c - 714.78 232 467 64 358 25255 11 4507226 75602 1.8 42 23 4 22 39% 36563 428678 31754 12%
c - 717.71 192 469 64 359 25482 12 4526146 78474 1.8 43 23 4 22 39% 36574 428678 31754 12%
c - 720.29 206 467 64 360 25692 11 4545094 81120 1.8 43 23 4 22 40% 36580 428678 31754 12%
c - 723.15 208 467 64 361 25914 11 4564068 83095 1.8 43 24 4 22 40% 36592 428677 31754 12%
c - 726.15 222 471 64 362 26152 11 4583069 84473 1.8 44 24 4 22 40% 36596 428677 31754 12%
c } 726.19 222 471 65 362 26155 11 4583454 84850 1.8 44 24 4 22 40% 36596 428677 31754 12%
c [ 726.19 222 365 65 362 26155 2 4583454 84850 2.4 169 71 7 61 42% 36596 428677 31754 12%
c B 726.19 222 365 65 362 26155 2 4583454 84850 2.4 169 71 7 61 42% 36596 428677 31754 12%
c - 728.68 192 368 65 363 26167 2 4602095 81653 2.4 168 70 7 61 43% 36596 428677 31754 12%
c - 731.64 201 368 65 364 26173 2 4621150 73984 2.3 175 75 7 61 43% 36598 428676 31754 12%
c - 733.69 204 366 65 365 26183 2 4640229 72357 2.3 170 73 7 61 44% 36598 428676 31754 12%
c s 736.67 205 368 65 365 26185 2 4658246 90202 2.4 179 76 7 61 45% 36672 428333 31754 12%
c e 736.83 206 368 65 365 26185 2 4658246 90202 2.4 179 76 7 61 45% 36496 429980 31642 12%
c 2 736.83 206 368 65 365 26185 2 4658246 90202 2.4 179 76 7 61 45% 36494 429980 31642 12%
c s 736.87 206 368 65 365 26185 2 4658246 90202 2.4 179 76 7 61 45% 36505 429313 31642 12%
c e 736.93 206 368 65 365 26185 2 4658246 90202 2.4 179 76 7 61 45% 36487 429457 31633 12%
c
c seconds      switched      rate           size/glue   tier1     binary           remaining
c          MB    reductions     conflicts         size    tier2       irredundant
c            level     restarts        redundant      glue    trail           variables
c
c - 737.08 206 367 65 366 26185 2 4659333 70068 2.4 179 76 7 61 45% 36487 429457 31633 12%
c u 739.50 234 361 65 366 26192 2 4676367 78139 2.4 177 74 7 61 44% 36579 429457 31633 12%
c v 739.84 235 361 65 366 26192 2 4676367 73977 2.4 177 74 7 61 44% 36579 429457 31633 12%
c w 740.74 276 361 65 366 26192 2 4676367 73864 2.4 177 74 7 61 44% 36579 429457 31633 12%
c x 741.30 281 361 65 366 26192 2 4676367 73829 2.4 177 74 7 61 44% 36594 429339 31633 12%
c t 741.34 281 361 65 366 26192 2 4676367 73829 2.4 177 74 7 61 44% 36493 429339 31633 12%
c f 741.42 281 361 65 366 26192 2 4676367 73829 2.4 177 74 7 61 44% 36509 428881 31655 12%
c u 741.82 281 361 65 366 26192 2 4676367 73080 2.4 177 74 7 61 44% 36523 428881 31655 12%
c v 742.05 281 361 65 366 26192 2 4676367 71337 2.4 177 74 7 61 44% 36523 428881 31655 12%
c w 744.01 291 361 65 366 26192 2 4676367 70498 2.4 177 74 7 61 44% 36523 428881 31655 12%
c t 744.06 291 361 65 366 26192 2 4676367 70498 2.4 177 74 7 61 44% 36520 428881 31655 12%
c - 744.36 291 360 65 367 26193 2 4678464 55882 2.4 177 74 7 61 44% 36520 428881 31655 12%
c - 746.45 291 362 65 368 26200 2 4697621 59475 2.4 173 73 7 61 43% 36521 428881 31655 12%
c o 746.63 291 364 65 368 26202 2 4699420 61246 2.3 173 74 7 61 43% 36521 428881 31655 12%
c - 749.27 244 363 65 369 26212 2 4716807 61228 2.3 176 76 7 61 44% 36521 428881 31655 12%
c - 751.67 245 359 65 370 26216 2 4736019 61055 2.3 174 75 7 61 43% 36521 428881 31655 12%
c - 754.52 246 353 65 371 26217 2 4755254 58695 2.3 178 79 7 61 44% 36521 428881 31655 12%
c - 757.58 247 354 65 372 26217 2 4774517 58311 2.3 183 79 7 61 45% 36521 428881 31655 12%
c - 760.53 168 358 65 373 26225 2 4793804 59240 2.3 186 81 7 61 46% 36521 428881 31655 12%
c W 761.74 189 353 65 373 26230 2 4800738 66108 2.3 186 80 7 61 46% 36521 428881 31655 12%
c
c seconds      switched      rate           size/glue   tier1     binary           remaining
c          MB    reductions     conflicts         size    tier2       irredundant
c            level     restarts        redundant      glue    trail           variables
c
c ] 762.69 190 354 66 373 26232 2 4807352 72667 2.3 186 81 7 61 46% 36521 428881 31655 12%
c { 762.69 190 471 66 373 26232 11 4807352 72667 1.8 44 24 4 22 40% 36521 428881 31655 12%
c - 762.88 192 450 66 374 26236 11 4813118 61995 1.9 45 23 4 22 39% 36525 428881 31655 12%
c - 763.41 195 391 66 375 26251 9 4832457 69489 2.1 46 22 4 22 36% 36541 428880 31655 12%
c - 763.97 197 355 66 376 26264 8 4851822 75972 2.1 43 20 4 21 33% 36572 428880 31655 12%
c - 764.28 198 320 66 377 26267 7 4871212 78148 2.1 38 18 4 21 29% 36593 428880 31655 12%
c - 764.66 199 304 66 378 26267 6 4890628 80494 2.1 35 17 4 21 26% 36598 428879 31655 12%
c u 765.20 202 293 66 378 26267 6 4898257 80641 2.1 34 16 4 21 25% 36609 428879 31655 12%
c v 765.55 204 293 66 378 26267 6 4898257 78454 2.1 34 16 4 21 25% 36610 428879 31655 12%
c w 765.59 204 293 66 378 26267 6 4898257 78105 2.1 34 16 4 21 25% 36610 428879 31655 12%
c x 766.06 207 293 66 378 26267 6 4898257 78104 2.1 34 16 4 21 25% 36627 428794 31655 12%
c t 766.09 207 293 66 378 26267 6 4898257 78104 2.1 34 16 4 21 25% 36613 428794 31655 12%
c - 766.51 210 274 66 379 26294 5 4910070 74737 2.1 33 16 4 21 25% 36627 428794 31655 12%
c - 766.72 211 243 66 380 26296 5 4929537 79510 2.1 30 14 4 21 22% 36639 428794 31655 12%
c - 767.22 213 221 66 381 26340 4 4949030 82379 2.1 28 13 4 21 20% 36697 428790 31655 12%
c - 767.83 215 200 66 382 26406 4 4968549 87886 2.1 27 13 4 21 19% 36748 428787 31655 12%
c - 768.17 216 180 66 383 26420 4 4988094 93528 2.1 25 12 4 21 18% 36768 428786 31655 12%
c - 768.93 220 177 66 384 26533 4 5007664 97361 2.2 25 12 4 21 18% 36822 428785 31655 12%
c o 768.96 220 173 66 384 26534 3 5010122 99475 2.2 25 12 4 21 18% 36825 428785 31655 12%
c - 769.69 228 171 66 385 26637 3 5027259 100732 2.2 25 11 4 21 18% 36864 428782 31655 12%
c
c seconds      switched      rate            size/glue  tier1     binary           remaining
c          MB    reductions     conflicts          size   tier2       irredundant
c            level     restarts        redundant      glue    trail           variables
c
c } 770.12 229 167 67 385 26704 4 5036467 109594 2.2 25 11 4 21 18% 36883 428780 31655 12%
c [ 770.12 229 354 67 385 26704 2 5036467 109594 2.3 186 81 7 61 46% 36883 428780 31655 12%
c I 770.12 229 354 67 385 26704 2 5036467 109594 2.3 186 81 7 61 46% 36883 428780 31655 12%
c - 771.25 231 353 67 386 26710 2 5046880 103067 2.3 180 78 7 61 46% 36883 428780 31655 12%
c - 773.53 232 354 67 387 26718 2 5066526 101845 2.2 177 79 7 61 47% 36884 428780 31655 12%
c - 776.11 234 356 67 388 26729 2 5086203 99779 2.3 174 76 7 61 47% 36884 428780 31655 12%
c ] 776.87 239 355 68 388 26732 2 5093173 106660 2.3 171 75 7 61 47% 36886 428780 31655 12%
c { 776.87 239 167 68 388 26732 4 5093173 106660 2.2 25 11 4 21 18% 36886 428780 31655 12%
c - 779.30 246 190 68 389 26968 5 5105900 102576 2.2 30 14 4 21 21% 36889 428780 31655 12%
c - 783.16 192 220 68 390 27334 6 5125623 106483 2.1 38 18 4 21 25% 36890 428780 31655 12%
c u 783.71 197 220 68 390 27338 6 5125873 97958 2.1 38 18 4 21 25% 36976 428780 31655 12%
c v 784.10 200 220 68 390 27338 6 5125873 91525 2.1 38 18 4 21 25% 36975 428780 31655 12%
c w 784.45 203 220 68 390 27338 6 5125873 91271 2.1 38 18 4 21 25% 36975 428780 31655 12%
c t 784.48 203 220 68 390 27338 6 5125873 91271 2.1 38 18 4 21 25% 36865 428780 31655 12%
c - 788.33 209 246 68 391 27692 7 5145371 96330 2.1 45 21 4 21 28% 36865 428780 31655 12%
c - 792.41 223 267 68 392 28042 8 5165144 101365 2.1 50 24 4 21 31% 36865 428780 31655 12%
c - 796.43 225 285 68 393 28370 8 5184942 103137 2.1 56 26 4 21 33% 36867 428780 31655 12%
c - 800.16 226 298 68 394 28681 9 5204766 105104 2.1 61 29 4 21 35% 36872 428780 31655 12%
c - 803.55 240 312 68 395 28944 9 5224615 107388 2.1 64 30 4 21 37% 36877 428779 31655 12%
c s 805.55 241 317 68 395 29104 9 5235883 118529 2.1 67 31 4 21 37% 36943 428431 31655 12%
c
c seconds      switched      rate            size/glue  tier1     binary           remaining
c          MB    reductions     conflicts          size   tier2       irredundant
c            level     restarts        redundant      glue    trail           variables
c
c e 805.63 241 317 68 395 29104 9 5235883 118529 2.1 67 31 4 21 37% 36889 428948 31620 12%
c 2 805.63 241 317 68 395 29104 9 5235883 118529 2.1 67 31 4 21 37% 36888 428948 31620 12%
c s 805.66 241 317 68 395 29104 9 5235883 118529 2.1 67 31 4 21 37% 36895 428723 31620 12%
c e 805.69 241 317 68 395 29104 9 5235883 118529 2.1 67 31 4 21 37% 36891 428739 31619 12%
c - 807.32 182 320 68 396 29217 9 5244490 106650 2.2 68 31 4 21 38% 36891 428739 31619 12%
c - 810.52 184 326 68 397 29436 9 5264390 108505 2.2 69 32 4 21 39% 36891 428739 31619 12%
c - 814.00 186 336 68 398 29675 9 5284314 110123 2.2 71 33 4 21 40% 36894 428739 31619 12%
c - 817.19 200 341 68 399 29917 9 5304263 110759 2.2 74 34 4 21 41% 36895 428739 31619 12%
c - 820.55 202 347 68 400 30158 9 5324237 111304 2.2 76 35 4 21 42% 36897 428739 31619 12%
c o 821.48 212 348 68 400 30212 9 5330201 117182 2.2 77 35 4 21 42% 36897 428739 31619 12%
c } 822.28 214 350 69 400 30269 9 5335232 122131 2.2 77 35 4 21 42% 36898 428739 31619 12%
c [ 822.28 214 355 69 400 30269 2 5335232 122131 2.3 171 75 7 61 47% 36898 428739 31619 12%
c B 822.28 214 355 69 400 30269 2 5335232 122131 2.3 171 75 7 61 47% 36898 428739 31619 12%
c - 823.39 215 356 69 401 30275 2 5344237 110584 2.3 170 74 7 61 47% 36898 428739 31619 12%
c u 826.15 222 358 69 401 30282 2 5359227 103444 2.3 165 72 7 61 46% 37115 428739 31619 12%
c v 826.76 226 358 69 401 30282 2 5359227 94975 2.3 165 72 7 61 46% 37060 428739 31619 12%
c w 827.95 232 358 69 401 30282 2 5359227 94687 2.3 165 72 7 61 46% 37060 428739 31619 12%
c t 832.67 193 358 69 401 30282 2 5359227 94687 2.3 165 72 7 61 46% 36977 428739 31619 12%
c f 832.71 193 358 69 401 30282 2 5359227 94687 2.3 165 72 7 61 46% 36983 428620 31625 12%
c u 833.35 216 358 69 401 30282 2 5359227 91529 2.3 165 72 7 61 46% 37026 428620 31625 12%
c
c seconds      switched      rate           size/glue   tier1     binary           remaining
c          MB    reductions     conflicts         size    tier2       irredundant
c            level     restarts        redundant      glue    trail           variables
c
c v 833.72 217 358 69 401 30282 2 5359227 88386 2.3 165 72 7 61 46% 37026 428620 31625 12%
c w 834.71 223 358 69 401 30282 2 5359227 87833 2.3 165 72 7 61 46% 37026 428620 31625 12%
c x 835.37 234 358 69 401 30282 2 5359227 87826 2.3 165 72 7 61 46% 37042 428500 31625 12%
c t 835.41 234 358 69 401 30282 2 5359227 87826 2.3 165 72 7 61 46% 37024 428500 31625 12%
c - 835.91 269 358 69 402 30283 2 5364261 73188 2.3 165 72 7 61 46% 37024 428500 31625 12%
c - 837.90 269 363 69 403 30293 2 5384311 73581 2.3 161 70 7 61 45% 37028 428500 31625 12%
c - 841.34 270 362 69 404 30299 2 5404389 73956 2.3 173 74 7 61 47% 37028 428500 31625 12%
c - 845.59 220 344 69 405 30305 2 5424489 70005 2.3 192 82 7 61 49% 37029 428500 31625 12%
c - 848.82 221 346 69 406 30314 2 5444613 70342 2.3 192 83 7 61 48% 37030 428499 31625 12%
c - 851.52 225 338 69 407 30324 2 5464763 71686 2.3 190 83 7 61 47% 37030 428499 31625 12%
c - 853.67 226 338 69 408 30330 2 5484937 72363 2.3 187 83 7 62 46% 37032 428498 31625 12%
c - 855.83 187 339 69 409 30331 2 5505136 72382 2.2 188 84 7 62 45% 37032 428498 31625 12%
c - 857.89 189 334 69 410 30331 2 5525361 68618 2.3 194 86 7 62 44% 37032 428498 31625 12%
c - 860.24 190 337 69 411 30340 2 5545612 65614 2.3 194 86 7 62 43% 37032 428498 31625 12%
c - 863.31 193 341 69 412 30347 2 5565888 66266 2.2 194 87 7 62 43% 37032 428498 31625 12%
c W 865.16 202 346 69 412 30354 2 5577713 77928 2.2 194 86 7 62 43% 37032 428498 31625 12%
c - 866.40 202 340 69 413 30360 2 5586185 66666 2.3 191 85 7 62 44% 37034 428498 31625 12%
c u 868.33 203 340 69 413 30362 2 5598355 73979 2.3 189 82 7 62 45% 37073 428498 31625 12%
c v 868.62 204 340 69 413 30362 2 5598355 70133 2.3 189 82 7 62 45% 37073 428498 31625 12%
c w 870.52 212 340 69 413 30362 2 5598355 69534 2.3 189 82 7 62 45% 37073 428498 31625 12%
c
c seconds      switched      rate           size/glue   tier1     binary           remaining
c          MB    reductions     conflicts         size    tier2       irredundant
c            level     restarts        redundant      glue    trail           variables
c
c t 870.56 212 340 69 413 30362 2 5598355 69534 2.3 189 82 7 62 45% 37055 428498 31625 12%
c - 872.16 208 347 69 414 30362 2 5606507 58908 2.3 193 83 7 62 45% 37055 428498 31625 12%
c ] 874.79 212 353 70 414 30369 2 5623955 76189 2.3 197 85 7 62 46% 37055 428498 31625 12%
c { 874.79 212 350 70 414 30369 9 5623955 76189 2.2 77 35 4 21 42% 37055 428498 31625 12%
c - 875.13 212 352 70 415 30373 8 5626853 59422 2.2 76 35 4 21 42% 37055 428498 31625 12%
c - 875.90 212 332 70 416 30373 7 5647225 65671 2.1 66 31 4 21 36% 37055 428498 31625 12%
c - 876.75 164 299 70 417 30375 6 5667623 72746 2.1 60 28 4 21 32% 37062 428497 31625 12%
c o 877.06 164 287 70 417 30376 6 5674875 79609 2.1 59 27 4 21 31% 37063 428497 31625 12%
c - 877.80 174 286 70 418 30386 6 5688044 76454 2.1 55 26 4 21 30% 37068 428497 31625 12%
c - 878.64 176 272 70 419 30389 5 5708490 80130 2.1 50 24 4 21 27% 37071 428497 31625 12%
c - 879.40 178 268 70 420 30398 4 5728959 82150 2.0 45 22 4 21 27% 37076 428497 31625 12%
c - 880.35 181 265 70 421 30427 4 5749454 84098 2.0 41 20 4 21 26% 37085 428497 31625 12%
c - 881.42 192 263 70 422 30465 4 5769972 87557 2.0 38 19 4 21 25% 37102 428497 31625 12%
c - 882.34 194 257 70 423 30497 4 5790516 90911 1.9 35 18 4 21 23% 37110 428496 31625 12%
c - 882.95 195 238 70 424 30519 4 5811082 93612 1.9 32 17 4 21 21% 37118 428495 31625 12%
c - 883.82 196 236 70 425 30565 4 5831673 97032 1.9 29 16 4 21 19% 37130 428495 31625 12%
c u 884.86 197 240 70 425 30602 4 5843263 99754 1.9 28 15 4 21 19% 37153 428494 31625 12%
c v 885.27 199 240 70 425 30602 4 5843263 97918 1.9 28 15 4 21 19% 37153 428494 31625 12%
c w 885.43 199 240 70 425 30602 4 5843263 97819 1.9 28 15 4 21 19% 37153 428494 31625 12%
c t 885.47 199 240 70 425 30602 4 5843263 97819 1.9 28 15 4 21 19% 37141 428494 31625 12%
c
c seconds      switched      rate           size/glue  tier1     binary           remaining
c          MB    reductions     conflicts         size   tier2       irredundant
c            level     restarts        redundant     glue    trail           variables
c
c - 886.07 206 238 70 426 30631 4 5852290 91116 1.8 27 15 4 21 19% 37152 428494 31625 12%
c s 886.18 207 238 70 426 30636 4 5854616 93229 1.8 27 15 4 21 20% 37199 428322 31625 12%
c e 886.23 208 238 70 426 30636 4 5854616 93229 1.8 27 15 4 21 20% 37179 428488 31615 12%
c 2 886.23 208 238 70 426 30636 4 5854616 93229 1.8 27 15 4 21 20% 37178 428488 31615 12%
c s 886.25 208 238 70 426 30636 4 5854616 93229 1.8 27 15 4 21 20% 37182 428409 31615 12%
c e 886.27 208 238 70 426 30636 4 5854616 93229 1.8 27 15 4 21 20% 37179 428426 31614 12%
c - 887.28 217 239 70 427 30710 4 5872929 95774 1.8 25 14 4 21 19% 37195 428426 31614 12%
c } 887.64 217 239 71 427 30729 5 5879282 101547 1.8 25 14 4 21 19% 37201 428426 31614 12%
c [ 887.64 217 353 71 427 30729 2 5879282 101547 2.3 197 85 7 62 46% 37201 428426 31614 12%
c O 887.64 217 353 71 427 30729 2 5879282 101547 2.3 197 85 7 62 46% 37201 428426 31614 12%
c - 888.23 218 355 71 428 30737 2 5893592 97456 2.3 186 82 7 62 44% 37201 428426 31614 12%
c - 890.88 220 348 71 429 30746 2 5914280 94823 2.3 187 82 7 62 44% 37202 428426 31614 12%
c - 893.63 230 350 71 430 30757 2 5934993 92787 2.3 181 79 7 62 44% 37202 428426 31614 12%
c - 895.59 231 341 71 431 30759 2 5955729 92058 2.3 178 78 7 62 44% 37202 428426 31614 12%
c - 898.03 202 339 71 432 30769 2 5976490 91091 2.3 176 77 7 62 44% 37202 428426 31614 12%
c - 901.43 203 343 71 433 30777 2 5997275 90306 2.2 179 81 7 62 45% 37202 428426 31614 12%
c ] 901.66 207 344 72 433 30779 2 5999444 92443 2.2 178 80 7 62 45% 37202 428426 31614 12%
c { 901.66 207 239 72 433 30779 5 5999444 92443 1.8 25 14 4 21 19% 37202 428426 31614 12%
c o 904.48 217 260 72 433 31043 6 6014889 107535 1.8 28 15 4 21 22% 37210 428426 31614 12%
c - 905.16 217 263 72 434 31101 6 6018083 94695 1.8 29 16 4 21 23% 37213 428426 31614 12%
c
c seconds      switched      rate            size/glue  tier1     binary           remaining
c          MB    reductions     conflicts          size   tier2       irredundant
c            level     restarts        redundant      glue    trail           variables
c
c - 909.37 181 287 72 435 31464 7 6038916 102723 1.9 34 18 4 21 26% 37218 428426 31614 12%
c - 913.56 183 306 72 436 31828 8 6059772 107405 1.9 38 20 4 21 29% 37220 428426 31614 12%
c - 917.84 229 323 72 437 32166 9 6080652 110812 1.9 42 22 4 21 32% 37225 428426 31614 12%
c u 921.34 235 331 72 437 32377 10 6093982 103963 1.9 44 23 4 21 33% 37300 428426 31614 12%
c v 922.05 239 331 72 437 32377 10 6093982 92616 1.9 44 23 4 21 33% 37300 428426 31614 12%
c w 922.86 242 331 72 437 32377 10 6093982 92374 1.9 44 23 4 21 33% 37300 428426 31614 12%
c t 922.90 242 331 72 437 32377 10 6093982 92374 1.9 44 23 4 21 33% 37250 428426 31614 12%
c f 922.93 242 331 72 437 32377 10 6093982 92374 1.9 44 23 4 21 33% 37252 428406 31615 12%
c u 923.55 264 331 72 437 32377 10 6093982 87426 1.9 44 23 4 21 33% 37285 428406 31615 12%
c v 923.96 266 331 72 437 32377 10 6093982 83923 1.9 44 23 4 21 33% 37285 428406 31615 12%
c w 924.66 269 331 72 437 32377 10 6093982 83524 1.9 44 23 4 21 33% 37285 428406 31615 12%
c x 925.26 279 331 72 437 32377 10 6093982 83422 1.9 44 23 4 21 33% 37641 427669 31615 12%
c t 925.30 279 331 72 437 32377 10 6093982 83422 1.9 44 23 4 21 33% 37592 427669 31615 12%
c - 926.91 285 336 72 438 32503 10 6101558 77138 1.9 46 24 4 21 34% 37592 427669 31615 12%
c - 930.52 255 347 72 439 32790 10 6122486 84231 1.9 48 24 4 21 35% 37594 427669 31615 12%
c - 934.15 255 365 72 440 33056 10 6143440 90288 1.9 48 25 4 21 36% 37606 427669 31615 12%
c - 936.85 289 385 72 441 33244 10 6164416 93531 1.9 46 24 4 21 36% 37614 427669 31615 12%
c - 939.85 289 403 72 442 33453 10 6185419 95737 1.9 46 24 4 21 36% 37616 427669 31615 12%
c - 943.15 264 420 72 443 33697 11 6206442 98023 1.9 46 24 4 21 37% 37622 427669 31615 12%
c - 946.61 296 432 72 444 33939 11 6227492 99841 1.9 46 24 4 21 37% 37626 427669 31615 12%
c
c seconds      switched       rate            size/glue  tier1     binary           remaining
c          MB    reductions      conflicts          size   tier2       irredundant
c            level     restarts         redundant      glue    trail           variables
c
c - 950.01 298 442 72 445 34174 11 6248563 101678 1.9 46 25 4 21 37% 37633 427669 31615 12%
c } 953.24 330 450 73 445 34393 11 6268360 121040 1.8 46 25 4 21 38% 37639 427669 31615 12%
c [ 953.24 330 344 73 445 34393 2 6268360 121040 2.2 178 80 7 62 45% 37639 427669 31615 12%
c B 953.24 330 344 73 445 34393 2 6268360 121040 2.2 178 80 7 62 45% 37639 427669 31615 12%
c - 953.51 282 346 73 446 34394 2 6269659 103344 2.2 178 81 7 62 45% 37639 427669 31615 12%
c - 956.65 284 335 73 447 34406 2 6290779 98922 2.2 177 79 7 62 45% 37640 427669 31615 12%
c - 959.65 284 345 73 448 34414 2 6311921 91384 2.2 176 79 7 62 46% 37640 427669 31615 12%
c - 963.02 284 349 73 449 34422 2 6333087 89449 2.2 179 80 7 62 46% 37640 427669 31615 12%
c u 966.93 250 344 73 449 34424 2 6350516 95950 2.3 190 84 7 62 47% 37703 427669 31615 12%
c v 967.25 250 344 73 449 34424 2 6350516 91315 2.3 190 84 7 62 47% 37703 427669 31615 12%
c w 969.51 273 344 73 449 34424 2 6350516 91214 2.3 190 84 7 62 47% 37703 427669 31615 12%
c t 969.56 273 344 73 449 34424 2 6350516 91214 2.3 190 84 7 62 47% 37681 427669 31615 12%
c - 970.13 273 346 73 450 34426 2 6354276 73196 2.3 188 83 7 62 47% 37681 427669 31615 12%
c o 972.26 273 347 73 450 34434 2 6366882 85694 2.3 186 82 7 62 48% 37681 427669 31615 12%
c - 973.85 273 353 73 451 34438 2 6375489 73784 2.2 187 83 7 62 48% 37681 427669 31615 12%
c - 977.24 205 344 73 452 34447 2 6396728 76718 2.3 184 80 7 62 48% 37681 427669 31615 12%
c - 979.57 237 351 73 453 34454 2 6417990 78185 2.3 180 77 7 62 48% 37681 427669 31615 12%
c - 982.55 238 343 73 454 34455 2 6439273 78395 2.5 185 74 7 62 48% 37681 427669 31615 12%
c - 988.31 202 344 73 455 34455 2 6460581 74048 2.5 205 81 7 62 49% 37681 427669 31615 12%
c - 992.25 202 349 73 456 34465 2 6481911 70478 2.5 203 82 7 62 49% 37681 427669 31615 12%
c
c seconds      switched      rate           size/glue   tier1     binary           remaining
c          MB    reductions     conflicts         size    tier2       irredundant
c            level     restarts        redundant      glue    trail           variables
c
c - 994.65 235 341 73 457 34474 2 6503265 74022 2.5 193 77 7 62 48% 37681 427669 31615 12%
c s 996.20 235 348 73 457 34481 2 6515370 86015 2.5 189 76 7 62 48% 37717 427520 31615 12%
c e 996.28 235 348 73 457 34481 2 6515370 86015 2.5 189 76 7 62 48% 37635 428278 31565 12%
c s 996.32 235 348 73 457 34481 2 6515370 86015 2.5 189 76 7 62 48% 37643 428008 31565 12%
c e 996.36 235 348 73 457 34481 2 6515370 86015 2.5 189 76 7 62 48% 37637 428069 31561 12%
c - 997.78 235 350 73 458 34485 2 6524642 72768 2.5 188 76 7 62 49% 37637 428069 31561 12%
c W 999.40 230 348 73 458 34486 2 6537063 85075 2.5 186 74 7 62 49% 37637 428069 31561 12%
c ] 1000.12 232 343 74 458 34486 2 6544587 92495 2.5 189 75 7 62 48% 37637 428069 31561 12%
c { 1000.12 232 450 74 458 34486 11 6544587 92495 1.8 46 25 4 21 38% 37637 428069 31561 12%
c - 1000.39 236 450 74 459 34501 11 6546044 71663 1.8 46 25 4 21 38% 37637 428069 31561 12%
c - 1003.04 237 462 74 460 34660 11 6567469 77220 1.8 44 24 4 21 39% 37650 428069 31561 12%
c - 1005.67 270 466 74 461 34831 10 6588918 84901 1.8 43 24 4 21 38% 37654 428069 31561 12%
c - 1008.51 270 470 74 462 35033 10 6610388 88910 1.8 43 23 4 21 39% 37661 428069 31561 12%
c u 1009.32 270 470 74 462 35063 10 6612914 84436 1.8 43 23 4 21 39% 37704 428069 31561 12%
c v 1009.97 262 470 74 462 35063 10 6612914 74948 1.8 43 23 4 21 39% 37704 428069 31561 12%
c w 1010.78 263 470 74 462 35063 10 6612914 74269 1.8 43 23 4 21 39% 37704 428069 31561 12%
c x 1011.47 269 470 74 462 35063 10 6612914 74177 1.8 43 23 4 21 39% 37716 427894 31561 12%
c t 1011.50 269 470 74 462 35063 10 6612914 74177 1.8 43 23 4 21 39% 37678 427894 31561 12%
c f 1011.55 269 470 74 462 35063 10 6612914 74177 1.8 43 23 4 21 39% 37686 427722 31569 12%
c u 1011.91 274 470 74 462 35063 10 6612914 73609 1.8 43 23 4 21 39% 37699 427722 31569 12%
c
c  seconds      switched       rate           size/glue  tier1     binary           remaining
c           MB    reductions      conflicts         size   tier2       irredundant
c             level     restarts         redundant     glue    trail           variables
c
c v 1012.33 276 470 74 462 35063 10 6612914 70254 1.8 43 23 4 21 39% 37699 427722 31569 12%
c w 1013.27 277 470 74 462 35063 10 6612914 68779 1.8 43 23 4 21 39% 37699 427722 31569 12%
c t 1013.30 277 470 74 462 35063 10 6612914 68779 1.8 43 23 4 21 39% 37694 427722 31569 12%
c - 1015.77 283 471 74 463 35227 10 6631882 74255 1.8 42 23 4 21 39% 37698 427722 31569 12%
c - 1018.70 285 477 74 464 35440 10 6653401 82925 1.8 42 23 4 21 39% 37703 427722 31569 12%
c - 1021.90 210 481 74 465 35677 11 6674942 87529 1.8 42 23 4 21 40% 37710 427722 31569 12%
c - 1025.31 212 482 74 466 35916 11 6696505 90510 1.8 42 23 4 21 40% 37712 427722 31569 12%
c - 1028.85 259 485 74 467 36172 11 6718093 92875 1.8 42 23 4 21 40% 37716 427722 31569 12%
c o 1030.28 260 486 74 467 36278 11 6727165 101761 1.8 42 23 4 21 40% 37717 427722 31569 12%
c - 1032.56 230 489 74 468 36436 11 6739703 95110 1.8 42 23 4 21 41% 37719 427722 31569 12%
c - 1036.51 235 490 74 469 36706 11 6761336 97068 1.8 43 24 4 21 41% 37727 427722 31569 12%
c - 1040.09 251 492 74 470 36944 11 6782992 98730 1.8 43 24 4 21 41% 37731 427721 31569 12%
c - 1043.99 217 494 74 471 37218 11 6804671 99942 1.8 44 24 4 21 42% 37740 427720 31569 12%
c - 1046.88 219 491 74 472 37412 11 6826373 100869 1.8 43 24 4 21 42% 37743 427720 31569 12%
c } 1047.05 225 491 75 472 37424 11 6827411 101892 1.8 43 24 4 21 42% 37743 427720 31569 12%
c [ 1047.05 225 343 75 472 37424 2 6827411 101892 2.5 189 75 7 62 48% 37743 427720 31569 12%
c I 1047.05 225 343 75 472 37424 2 6827411 101892 2.5 189 75 7 62 48% 37743 427720 31569 12%
c - 1049.81 231 342 75 473 37437 2 6848098 96752 2.5 184 73 7 61 47% 37743 427720 31569 12%
c - 1052.75 233 348 75 474 37445 2 6869846 90256 2.5 180 72 7 61 48% 37743 427720 31569 12%
c u 1054.66 261 349 75 474 37452 2 6881176 89588 2.5 175 71 7 61 48% 37805 427720 31569 12%
c
c  seconds      switched      rate           size/glue   tier1     binary           remaining
c           MB    reductions     conflicts         size    tier2       irredundant
c             level     restarts        redundant      glue    trail           variables
c
c v 1055.08 262 349 75 474 37452 2 6881176 83472 2.5 175 71 7 61 48% 37805 427720 31569 12%
c w 1057.22 267 349 75 474 37452 2 6881176 81890 2.5 175 71 7 61 48% 37805 427720 31569 12%
c t 1057.26 267 349 75 474 37452 2 6881176 81890 2.5 175 71 7 61 48% 37782 427720 31569 12%
c - 1058.35 267 347 75 475 37453 2 6891618 72458 2.5 173 69 7 61 48% 37783 427720 31569 12%
c - 1061.97 267 355 75 476 37457 2 6913412 73781 2.6 182 70 7 61 48% 37783 427720 31569 12%
c - 1064.38 218 360 75 477 37469 2 6935230 74008 2.6 176 69 7 61 47% 37783 427720 31569 12%
c - 1067.28 251 350 75 478 37479 2 6957072 74488 2.5 175 69 7 61 47% 37784 427720 31569 12%
c - 1070.05 251 358 75 479 37485 2 6978935 72634 2.5 184 75 7 61 48% 37785 427720 31569 12%
c - 1073.68 251 353 75 480 37486 2 7000821 67847 2.3 203 86 7 62 48% 37785 427720 31569 12%
c - 1077.42 195 337 75 481 37486 2 7022730 65740 2.4 211 89 7 62 49% 37785 427720 31569 12%
c - 1080.27 227 342 75 482 37499 2 7044664 69373 2.3 204 87 7 62 49% 37785 427720 31569 12%
c - 1082.76 253 348 75 483 37508 2 7066618 73714 2.4 195 82 7 62 49% 37786 427720 31569 12%
c - 1085.11 256 347 75 484 37516 2 7088596 75226 2.4 187 79 7 62 47% 37786 427720 31569 12%
c o 1087.30 257 359 75 484 37518 2 7106548 92974 2.4 189 78 7 62 47% 37786 427720 31569 12%
c - 1087.72 233 360 75 485 37520 2 7110599 75754 2.4 186 77 7 62 46% 37786 427720 31569 12%
c B 1088.09 233 359 75 485 37523 2 7114144 79267 2.4 183 76 7 62 46% 37786 427720 31569 12%
c - 1090.53 267 359 75 486 37532 2 7132621 76194 2.4 182 77 7 62 46% 37786 427720 31569 12%
c ] 1091.78 267 354 76 486 37535 2 7142398 85771 2.3 183 78 7 62 45% 37786 427720 31569 12%
c { 1091.78 267 491 76 486 37535 11 7142398 85771 1.8 43 24 4 21 42% 37786 427720 31569 12%
c - 1093.40 267 491 76 487 37660 11 7154667 78847 1.8 43 24 4 21 42% 37787 427720 31569 12%
c
c  seconds      switched       rate           size/glue  tier1     binary           remaining
c           MB    reductions      conflicts         size   tier2       irredundant
c             level     restarts         redundant     glue    trail           variables
c
c u 1093.96 267 491 76 487 37667 11 7155358 73640 1.8 43 24 4 21 42% 37804 427720 31569 12%
c v 1094.31 267 491 76 487 37667 11 7155358 68532 1.8 43 24 4 21 42% 37803 427720 31569 12%
c w 1095.26 267 491 76 487 37667 11 7155358 66737 1.8 43 24 4 21 42% 37803 427720 31569 12%
c x 1095.98 271 491 76 487 37667 11 7155358 66288 1.8 43 24 4 21 42% 37847 427031 31569 12%
c t 1096.02 271 491 76 487 37667 11 7155358 66288 1.8 43 24 4 21 42% 37829 427031 31569 12%
c - 1098.06 207 484 76 488 37813 10 7176735 75257 1.8 42 23 4 21 40% 37834 427031 31569 12%
c - 1100.29 240 483 76 489 37981 10 7198825 84758 1.8 41 22 4 21 40% 37838 427031 31569 12%
c s 1103.12 240 474 76 489 38212 10 7219001 104476 1.8 42 23 4 21 40% 37858 426863 31569 12%
c e 1103.25 240 474 76 489 38212 10 7219001 104476 1.8 42 23 4 21 40% 37720 427997 31493 11%
c s 1103.28 240 474 76 489 38212 10 7219001 104476 1.8 42 23 4 21 40% 37723 427549 31493 11%
c e 1103.33 240 474 76 489 38212 10 7219001 104476 1.8 42 23 4 21 40% 37718 427610 31489 11%
c - 1103.70 249 474 76 490 38236 10 7220938 87832 1.8 42 23 4 21 40% 37719 427610 31489 11%
c - 1106.77 254 476 76 491 38468 10 7243073 91707 1.9 42 23 4 21 41% 37725 427610 31489 11%
c - 1109.53 256 469 76 492 38678 10 7265231 94325 1.9 42 22 4 21 39% 37728 427610 31489 11%
c - 1113.28 270 460 76 493 39001 10 7287415 96149 1.9 44 24 4 21 40% 37728 427610 31489 11%
c - 1116.59 273 464 76 494 39262 10 7309618 99042 1.9 45 24 4 21 41% 37732 427610 31489 11%
c - 1119.73 203 464 76 495 39488 10 7331846 101254 1.9 45 24 4 21 41% 37742 427609 31489 11%
c - 1122.87 204 462 76 496 39726 10 7354094 102695 1.9 46 24 4 21 41% 37746 427609 31489 11%
c - 1126.10 218 462 76 497 39966 10 7376365 104049 1.9 47 24 4 21 41% 37749 427609 31489 11%
c - 1129.63 221 462 76 498 40226 10 7398658 104972 1.9 47 25 4 21 41% 37752 427609 31489 11%
c
c  seconds      switched       rate            size/glue  tier1     binary           remaining
c           MB    reductions      conflicts          size   tier2       irredundant
c             level     restarts         redundant      glue    trail           variables
c
c - 1133.00 203 465 76 499 40466 10 7420975 106286 1.9 48 25 4 21 42% 37753 427609 31489 11%
c u 1135.69 209 467 76 499 40620 10 7435417 106974 1.9 48 25 4 21 42% 37815 427609 31489 11%
c v 1136.59 213 467 76 499 40620 10 7435417 95503 1.9 48 25 4 21 42% 37815 427609 31489 11%
c w 1137.67 215 467 76 499 40620 10 7435417 95175 1.9 48 25 4 21 42% 37815 427609 31489 11%
c t 1137.71 215 467 76 499 40620 10 7435417 95175 1.9 48 25 4 21 42% 37764 427609 31489 11%
c f 1137.76 220 467 76 499 40620 10 7435417 95175 1.9 48 25 4 21 42% 37777 427322 31503 12%
c u 1138.21 237 467 76 499 40620 10 7435417 94059 1.9 48 25 4 21 42% 37788 427322 31503 12%
c v 1138.81 240 467 76 499 40620 10 7435417 89356 1.9 48 25 4 21 42% 37788 427322 31503 12%
c w 1139.63 241 467 76 499 40620 10 7435417 88941 1.9 48 25 4 21 42% 37788 427322 31503 12%
c x 1140.30 252 467 76 499 40620 10 7435417 88932 1.9 48 25 4 21 42% 37795 427274 31503 12%
c t 1140.34 252 467 76 499 40620 10 7435417 88932 1.9 48 25 4 21 42% 37791 427274 31503 12%
c } 1140.95 255 468 77 499 40659 10 7439448 92843 1.9 47 25 4 21 42% 37792 427274 31503 12%
c [ 1140.95 255 354 77 499 40659 2 7439448 92843 2.3 183 78 7 62 45% 37792 427274 31503 12%
c W 1141.08 274 354 77 499 40659 2 7439448 92843 2.3 183 78 7 62 45% 37792 427274 31503 12%
c - 1141.73 280 352 77 500 40661 2 7443314 78762 2.3 184 79 7 62 46% 37792 427274 31503 12%
c - 1145.15 316 355 77 501 40673 2 7465675 77875 2.3 185 79 7 62 46% 37792 427274 31503 12%
c - 1148.55 316 356 77 502 40683 2 7488061 75158 2.4 184 78 7 62 46% 37792 427274 31503 12%
c o 1148.63 316 356 77 502 40684 2 7488687 75779 2.4 184 78 7 62 46% 37792 427274 31503 12%
c - 1151.28 316 370 77 503 40689 2 7510466 72798 2.3 185 79 7 62 45% 37792 427274 31503 12%
c - 1154.00 349 384 77 504 40696 2 7532897 71134 2.3 187 81 7 62 44% 37793 427274 31503 12%
c
c  seconds      switched      rate           size/glue   tier1     binary           remaining
c           MB    reductions     conflicts         size    tier2       irredundant
c             level     restarts        redundant      glue    trail           variables
c
c - 1157.39 284 388 77 505 40705 2 7555346 71299 2.2 190 87 7 62 44% 37793 427274 31503 12%
c - 1160.18 284 392 77 506 40718 2 7577818 72741 2.2 183 84 7 62 44% 37793 427274 31503 12%
c - 1162.37 284 386 77 507 40720 2 7600312 70851 2.2 192 88 7 62 42% 37793 427274 31503 12%
c - 1164.94 316 375 77 508 40721 2 7622829 69014 2.2 192 88 7 62 41% 37793 427274 31503 12%
c - 1166.83 316 359 77 509 40728 2 7645369 72353 2.2 186 85 7 62 39% 37795 427274 31503 12%
c - 1169.42 235 370 77 510 40736 2 7667930 75566 2.2 179 82 7 62 40% 37795 427274 31503 12%
c - 1172.91 268 375 77 511 40750 2 7690513 77336 2.2 175 80 7 62 41% 37797 427274 31503 12%
c - 1175.27 277 375 77 512 40752 2 7713120 77478 2.2 173 78 7 62 41% 37797 427274 31503 12%
c u 1176.51 280 373 77 512 40755 2 7721430 79545 2.2 172 78 7 62 41% 37807 427274 31503 12%
c v 1176.83 281 373 77 512 40755 2 7721430 74860 2.2 172 78 7 62 41% 37807 427274 31503 12%
c w 1178.95 289 373 77 512 40755 2 7721430 72634 2.2 172 78 7 62 41% 37807 427274 31503 12%
c t 1183.62 233 373 77 512 40755 2 7721430 72634 2.2 172 78 7 62 41% 37800 427274 31503 12%
c - 1185.42 258 374 77 513 40763 2 7735747 66826 2.2 173 77 7 62 41% 37800 427274 31503 12%
c O 1186.42 260 377 77 513 40767 2 7744642 75527 2.2 173 77 7 62 42% 37800 427274 31503 12%
c ] 1186.71 260 360 78 513 40767 2 7750106 80828 2.3 171 75 7 62 41% 37801 427274 31503 12%
c { 1186.71 260 468 78 513 40767 10 7750106 80828 1.9 47 25 4 21 42% 37801 427274 31503 12%
c - 1187.30 263 454 78 514 40798 10 7758397 73436 1.9 47 24 4 21 41% 37807 427274 31503 12%
c - 1188.27 298 437 78 515 40841 8 7781068 82221 1.9 43 22 4 21 37% 37821 427274 31503 12%
c - 1188.88 298 431 78 516 40867 7 7803762 87018 1.9 39 20 4 21 33% 37846 427274 31503 12%
c - 1189.93 298 421 78 517 40939 6 7826478 90333 1.9 36 19 4 21 32% 37861 427274 31503 12%
c
c  seconds      switched      rate           size/glue  tier1     binary           remaining
c           MB    reductions     conflicts         size   tier2       irredundant
c             level     restarts        redundant     glue    trail           variables
c
c - 1190.31 330 396 78 518 40942 6 7849215 92049 1.8 33 18 4 21 30% 37871 427274 31503 12%
c - 1190.64 331 407 78 519 40942 5 7871975 95223 1.8 30 16 4 21 27% 37873 427274 31503 12%
c - 1191.10 331 415 78 520 40942 4 7894756 98125 1.8 28 15 4 21 25% 37874 427274 31503 12%
c o 1191.22 331 416 78 520 40943 4 7900213 103319 1.8 28 15 4 21 25% 37874 427274 31503 12%
c - 1192.38 304 397 78 521 41059 4 7917560 101957 1.8 28 15 4 20 24% 37890 427274 31503 12%
c - 1194.71 309 381 78 522 41332 5 7940387 102696 1.9 29 16 4 20 26% 37913 427271 31503 12%
c - 1196.89 341 366 78 523 41569 5 7963234 103615 1.9 30 16 4 20 27% 37939 427270 31503 12%
c s 1197.42 342 365 78 523 41620 6 7966276 106612 1.9 31 16 4 20 27% 37969 427132 31503 12%
c e 1197.47 342 365 78 523 41620 6 7966276 106612 1.9 31 16 4 20 27% 37950 427348 31490 11%
c 2 1197.47 342 365 78 523 41620 6 7966276 106612 1.9 31 16 4 20 27% 37949 427348 31490 11%
c s 1197.48 342 365 78 523 41620 6 7966276 106612 1.9 31 16 4 20 27% 37953 427275 31490 11%
c e 1197.51 342 365 78 523 41620 6 7966276 106612 1.9 31 16 4 20 27% 37950 427292 31489 11%
c - 1199.22 374 351 78 524 41786 6 7986103 105529 1.9 31 16 4 20 27% 37986 427291 31489 11%
c - 1200.38 376 337 78 525 41886 5 8008995 107884 1.9 30 16 4 20 26% 38004 427289 31489 11%
c u 1201.28 376 336 78 525 41928 6 8013384 101033 1.9 30 16 4 20 26% 38031 427289 31489 11%
c v 1201.72 376 336 78 525 41928 6 8013384 97582 1.9 30 16 4 20 26% 38031 427289 31489 11%
c w 1201.94 376 336 78 525 41928 6 8013384 97362 1.9 30 16 4 20 26% 38031 427289 31489 11%
c t 1201.98 376 336 78 525 41928 6 8013384 97362 1.9 30 16 4 20 26% 37954 427289 31489 11%
c f 1202.01 376 336 78 525 41928 6 8013384 97362 1.9 30 16 4 20 26% 37959 427215 31493 11%
c u 1202.40 381 336 78 525 41928 6 8013384 89862 1.9 30 16 4 20 26% 38042 427215 31493 11%
c
c  seconds      switched      rate           size/glue  tier1     binary           remaining
c           MB    reductions     conflicts         size   tier2       irredundant
c             level     restarts        redundant     glue    trail           variables
c
c v 1202.78 382 336 78 525 41928 6 8013384 84597 1.9 30 16 4 20 26% 38043 427215 31493 11%
c w 1202.94 383 336 78 525 41928 6 8013384 84475 1.9 30 16 4 20 26% 38043 427215 31493 11%
c x 1203.26 274 336 78 525 41928 6 8013384 84475 1.9 30 16 4 20 26% 38050 427193 31493 11%
c t 1203.30 274 336 78 525 41928 6 8013384 84475 1.9 30 16 4 20 26% 38009 427193 31493 11%
c - 1204.90 280 331 78 526 42106 6 8031907 85689 1.9 30 16 4 20 26% 38038 427193 31493 11%
c - 1207.00 283 321 78 527 42334 6 8054842 91653 1.9 31 16 4 20 27% 38051 427193 31493 11%
c } 1207.72 293 320 79 527 42407 6 8061696 98362 1.9 32 16 4 20 27% 38057 427193 31493 11%
c [ 1207.72 293 360 79 527 42407 2 8061696 98362 2.3 171 75 7 62 41% 38057 427193 31493 11%
c B 1207.72 293 360 79 527 42407 2 8061696 98362 2.3 171 75 7 62 41% 38057 427193 31493 11%
c - 1209.84 296 362 79 528 42416 2 8077798 90353 2.3 173 76 7 62 41% 38057 427193 31493 11%
c - 1213.12 198 371 79 529 42427 2 8100776 84285 2.3 177 77 7 62 43% 38057 427193 31493 11%
c - 1215.77 203 370 79 530 42436 2 8123778 83009 2.3 170 73 7 62 43% 38058 427193 31493 11%
c - 1219.76 208 382 79 531 42440 2 8146799 80027 2.2 182 81 7 62 45% 38058 427193 31493 11%
c - 1222.38 212 374 79 532 42452 2 8169843 79038 2.2 174 78 7 62 45% 38058 427193 31493 11%
c - 1225.18 187 367 79 533 42462 2 8192909 80114 2.2 172 78 7 62 45% 38058 427193 31493 11%
c ] 1226.46 194 358 80 533 42467 2 8206837 93848 2.2 170 77 7 62 44% 38058 427193 31493 11%
c { 1226.46 194 320 80 533 42467 6 8206837 93848 1.9 32 16 4 20 27% 38058 427193 31493 11%
c - 1228.31 201 326 80 534 42618 7 8215995 82511 1.9 33 17 4 20 29% 38058 427193 31493 11%
c - 1233.07 204 337 80 535 43017 8 8239105 89537 1.9 37 19 4 20 31% 38059 427193 31493 11%
c - 1237.32 218 344 80 536 43408 9 8262236 96290 1.9 41 21 4 20 33% 38059 427193 31493 11%
c
c  seconds      switched      rate            size/glue  tier1     binary           remaining
c           MB    reductions     conflicts          size   tier2       irredundant
c             level     restarts        redundant      glue    trail           variables
c
c - 1241.55 220 349 80 537 43770 9 8285387 100430 2.0 44 23 4 20 34% 38059 427193 31493 11%
c o 1244.43 234 354 80 537 43991 9 8300248 115069 2.0 46 24 4 20 35% 38062 427193 31493 11%
c - 1246.18 235 356 80 538 44116 10 8308562 103783 2.0 47 24 4 20 36% 38063 427193 31493 11%
c u 1247.38 242 357 80 538 44154 10 8311342 93906 2.0 48 24 4 20 36% 38133 427193 31493 11%
c v 1248.03 245 357 80 538 44154 10 8311342 83278 2.0 48 24 4 20 36% 38133 427193 31493 11%
c w 1249.61 247 357 80 538 44154 10 8311342 81670 2.0 48 24 4 20 36% 38133 427193 31493 11%
c t 1249.65 199 357 80 538 44154 10 8311342 81670 2.0 48 24 4 20 36% 38097 427193 31493 11%
c - 1253.55 215 361 80 539 44455 10 8331757 85305 2.0 50 25 4 20 37% 38100 427193 31493 11%
c - 1257.58 219 377 80 540 44738 10 8354973 92181 2.0 51 26 4 21 38% 38103 427193 31493 11%
c - 1261.52 203 401 80 541 45002 10 8378210 96161 1.9 50 26 4 21 38% 38106 427193 31493 11%
c - 1265.38 219 419 80 542 45248 11 8401469 98284 1.9 50 26 4 21 39% 38111 427193 31493 11%
c - 1269.13 235 433 80 543 45500 11 8424749 100446 1.9 49 26 4 21 40% 38112 427193 31493 11%
c - 1273.07 217 443 80 544 45754 11 8448055 102094 1.9 49 26 4 21 40% 38115 427193 31493 11%
c - 1277.24 220 454 80 545 46032 11 8471378 103817 1.9 50 26 4 21 41% 38125 427193 31493 11%
c - 1281.17 236 459 80 546 46306 11 8494723 105263 1.9 50 27 4 21 41% 38128 427192 31493 11%
c - 1285.20 220 466 80 547 46585 11 8518089 106184 1.9 51 27 4 21 41% 38133 427192 31493 11%
c } 1287.79 235 469 81 547 46766 11 8533281 121130 1.9 51 27 4 21 42% 38136 427191 31493 11%
c [ 1287.79 235 358 81 547 46766 2 8533281 121130 2.2 170 77 7 62 44% 38136 427191 31493 11%
c W 1288.04 280 358 81 547 46766 2 8533281 121130 2.2 170 77 7 62 44% 38136 427191 31493 11%
c - 1289.08 284 356 81 548 46771 2 8541478 105147 2.2 170 77 7 62 44% 38136 427191 31493 11%
c
c  seconds      switched      rate           size/glue   tier1     binary           remaining
c           MB    reductions     conflicts         size    tier2       irredundant
c             level     restarts        redundant      glue    trail           variables
c
c - 1292.32 287 359 81 549 46780 2 8564888 98579 2.2 176 78 7 62 45% 38136 427191 31493 11%
c - 1295.07 287 362 81 550 46794 2 8588319 93431 2.2 170 76 7 62 45% 38136 427191 31493 11%
c - 1297.72 239 348 81 551 46796 2 8611774 92116 2.2 171 77 7 61 45% 38136 427191 31493 11%
c u 1298.88 272 346 81 551 46796 2 8615302 83500 2.2 172 77 7 61 45% 38192 427191 31493 11%
c v 1299.18 272 346 81 551 46796 2 8615302 79390 2.2 172 77 7 61 45% 38192 427191 31493 11%
c w 1300.91 272 346 81 551 46796 2 8615302 77481 2.2 172 77 7 61 45% 38192 427191 31493 11%
c t 1300.94 272 346 81 551 46796 2 8615302 77481 2.2 172 77 7 61 45% 38168 427191 31493 11%
c - 1303.47 304 340 81 552 46809 2 8635247 75474 2.3 173 76 7 61 46% 38168 427191 31493 11%
c - 1306.39 304 340 81 553 46818 2 8658741 78782 2.4 175 75 7 61 47% 38168 427191 31493 11%
c - 1308.98 234 336 81 554 46827 2 8682256 78949 2.3 173 74 7 61 46% 38168 427191 31493 11%
c - 1311.12 267 326 81 555 46828 2 8705793 76969 2.3 173 74 7 61 44% 38170 427191 31493 11%
c - 1313.44 267 321 81 556 46828 2 8729352 77100 2.4 169 72 7 61 45% 38170 427191 31493 11%
c o 1313.65 267 320 81 556 46830 2 8731340 79069 2.4 169 72 7 61 45% 38170 427191 31493 11%
c - 1316.31 267 328 81 557 46842 2 8752931 77782 2.3 170 72 7 61 44% 38170 427191 31493 11%
c s 1316.83 267 328 81 557 46843 2 8758016 82792 2.4 171 72 7 61 44% 38206 427049 31493 11%
c e 1316.87 267 328 81 557 46843 2 8758016 82792 2.4 171 72 7 61 44% 38196 427135 31488 11%
c s 1316.88 267 328 81 557 46843 2 8758016 82792 2.4 171 72 7 61 44% 38200 427105 31488 11%
c e 1316.90 267 328 81 557 46843 2 8758016 82792 2.4 171 72 7 61 44% 38198 427123 31487 11%
c - 1320.51 196 340 81 558 46851 2 8776533 75897 2.4 175 74 7 61 45% 38198 427123 31487 11%
c - 1324.09 198 340 81 559 46859 2 8800156 74708 2.3 182 79 7 61 45% 38198 427123 31487 11%
c
c  seconds      switched      rate           size/glue   tier1     binary           remaining
c           MB    reductions     conflicts         size    tier2       irredundant
c             level     restarts        redundant      glue    trail           variables
c
c - 1327.34 201 345 81 560 46866 2 8823799 73898 2.2 185 84 7 62 46% 38198 427123 31487 11%
c - 1330.91 170 357 81 561 46877 2 8847463 75716 2.2 187 83 7 61 46% 38198 427123 31487 11%
c I 1333.22 198 358 81 561 46888 2 8866954 95009 2.3 181 81 7 61 46% 38198 427123 31487 11%
c - 1333.74 199 360 81 562 46889 2 8871148 77968 2.2 180 81 7 61 46% 38198 427123 31487 11%
c - 1336.97 202 355 81 563 46891 2 8894854 79072 2.2 178 80 7 61 45% 38199 427122 31487 11%
c - 1341.47 236 344 81 564 46891 2 8918581 76342 2.3 190 84 7 62 46% 38199 427122 31487 11%
c u 1343.15 261 341 81 564 46891 2 8925260 76772 2.2 192 86 7 62 46% 38227 427122 31487 11%
c v 1343.40 262 341 81 564 46891 2 8925260 72605 2.2 192 86 7 62 46% 38227 427122 31487 11%
c w 1345.97 300 341 81 564 46891 2 8925260 70993 2.2 192 86 7 62 46% 38227 427122 31487 11%
c t 1346.01 300 341 81 564 46891 2 8925260 70993 2.2 192 86 7 62 46% 38198 427122 31487 11%
c ] 1346.26 317 340 82 564 46891 2 8926101 71831 2.2 192 86 7 62 46% 38198 427122 31487 11%
c { 1346.26 317 469 82 564 46891 11 8926101 71831 1.9 51 27 4 21 42% 38198 427122 31487 11%
c - 1346.68 317 418 82 565 46898 10 8942330 70064 1.9 48 25 4 21 39% 38210 427122 31487 11%
c - 1347.15 317 353 82 566 46904 8 8966099 82913 1.9 43 22 4 21 35% 38216 427122 31487 11%
c - 1347.86 317 328 82 567 46910 7 8989889 92213 2.0 41 21 4 21 32% 38230 427122 31487 11%
c - 1348.34 317 288 82 568 46916 6 9013701 96253 2.0 36 18 4 20 27% 38243 427122 31487 11%
c - 1348.82 350 251 82 569 46936 5 9037533 98307 2.0 32 16 4 20 24% 38259 427121 31487 11%
c - 1349.16 350 210 82 570 46936 4 9061386 100046 2.0 29 15 4 20 20% 38260 427121 31487 11%
c - 1349.79 350 188 82 571 46987 4 9085260 104833 2.0 27 13 4 20 18% 38274 427121 31487 11%
c - 1350.30 350 173 82 572 47017 3 9109156 107850 2.0 25 12 4 20 18% 38299 427121 31487 11%
c
c  seconds      switched      rate            size/glue  tier1     binary           remaining
c           MB    reductions     conflicts          size   tier2       irredundant
c             level     restarts        redundant      glue    trail           variables
c
c - 1350.86 381 166 82 573 47066 3 9133072 112805 2.1 24 12 4 20 17% 38314 427120 31487 11%
c o 1351.60 343 164 82 573 47163 3 9151389 130473 2.2 25 11 4 20 17% 38341 427119 31487 11%
c - 1352.05 345 163 82 574 47240 3 9157010 119129 2.2 26 12 4 20 18% 38357 427119 31487 11%
c - 1352.55 345 152 82 575 47260 3 9180968 122239 2.2 24 11 4 20 16% 38365 427118 31487 11%
c - 1353.35 378 145 82 576 47360 3 9204947 125059 2.2 23 10 4 20 16% 38384 427115 31487 11%
c - 1354.12 380 134 82 577 47451 3 9228947 128454 2.2 22 10 4 20 15% 38405 427113 31487 11%
c u 1355.10 381 138 82 577 47579 3 9241266 136410 2.2 23 10 4 20 16% 38452 427112 31487 11%
c v 1355.28 381 138 82 577 47579 3 9241266 132807 2.2 23 10 4 20 16% 38437 427112 31487 11%
c w 1355.39 381 138 82 577 47579 3 9241266 132672 2.2 23 10 4 20 16% 38437 427112 31487 11%
c x 1355.60 386 138 82 577 47579 3 9241266 132670 2.2 23 10 4 20 16% 38442 427087 31487 11%
c t 1355.65 386 138 82 577 47579 3 9241266 132670 2.2 23 10 4 20 16% 38381 427087 31487 11%
c - 1356.40 424 140 82 578 47679 3 9252967 126995 2.3 23 10 4 20 17% 38395 427087 31487 11%
c } 1357.18 425 141 83 578 47819 3 9267707 141029 2.3 24 10 4 20 17% 38407 427087 31487 11%
c [ 1357.18 425 340 83 578 47819 2 9267707 141029 2.2 192 86 7 62 46% 38407 427087 31487 11%
c B 1357.18 425 340 83 578 47819 2 9267707 141029 2.2 192 86 7 62 46% 38407 427087 31487 11%
c - 1359.15 425 344 83 579 47825 2 9277008 128907 2.2 196 89 7 62 47% 38407 427087 31487 11%
c - 1362.65 328 335 83 580 47834 2 9301070 125553 2.3 192 84 7 62 46% 38407 427087 31487 11%
c - 1365.50 328 344 83 581 47847 2 9325153 124241 2.3 183 80 7 62 44% 38407 427087 31487 11%
c - 1367.87 362 346 83 582 47849 2 9349256 122373 2.3 186 82 7 62 42% 38407 427087 31487 11%
c ] 1368.79 362 345 84 582 47856 2 9358292 131335 2.3 182 80 7 62 41% 38407 427087 31487 11%
c
c  seconds      switched      rate            size/glue  tier1     binary           remaining
c           MB    reductions     conflicts          size   tier2       irredundant
c             level     restarts        redundant      glue    trail           variables
c
c { 1368.79 362 141 84 582 47856 3 9358292 131335 2.3 24 10 4 20 17% 38407 427087 31487 11%
c - 1372.09 396 177 84 583 48137 5 9373380 126082 2.2 28 13 4 20 21% 38407 427087 31487 11%
c - 1377.14 306 225 84 584 48578 7 9397525 134858 2.1 34 16 4 20 26% 38409 427087 31487 11%
c - 1382.61 340 265 84 585 49010 8 9421693 140778 2.0 40 20 4 20 30% 38411 427087 31487 11%
c - 1388.11 244 295 84 586 49421 9 9445881 144955 2.0 45 22 4 20 33% 38414 427087 31487 11%
c - 1393.86 280 321 84 587 49827 10 9470090 147995 2.0 50 25 4 20 36% 38415 427087 31487 11%
c - 1398.83 209 341 84 588 50165 10 9494320 150526 2.0 54 26 4 20 38% 38418 427087 31487 11%
c - 1403.74 245 356 84 589 50488 10 9518568 152393 2.0 57 28 4 20 40% 38418 427087 31487 11%
c - 1408.53 247 370 84 590 50800 10 9542837 153819 2.1 59 29 4 20 42% 38418 427087 31487 11%
c u 1413.53 284 380 84 590 51024 10 9563333 143626 2.1 60 29 4 20 43% 38500 427087 31487 11%
c v 1414.55 284 380 84 590 51024 10 9563333 130628 2.1 60 29 4 20 43% 38500 427087 31487 11%
c w 1415.88 319 380 84 590 51024 10 9563333 130400 2.1 60 29 4 20 43% 38500 427087 31487 11%
c t 1415.92 319 380 84 590 51024 10 9563333 130400 2.1 60 29 4 20 43% 38476 427087 31487 11%
c - 1416.86 319 382 84 591 51083 10 9567126 114845 2.1 61 29 4 20 43% 38476 427087 31487 11%
c o 1419.56 353 387 84 591 51261 10 9581399 128967 2.1 61 30 4 20 43% 38476 427087 31487 11%
c - 1421.23 262 387 84 592 51361 10 9591436 119649 2.1 62 30 4 20 43% 38476 427087 31487 11%
c s 1421.80 262 388 84 592 51395 10 9595031 123195 2.1 62 30 4 20 43% 38520 426922 31487 11%
c e 1421.85 262 388 84 592 51395 10 9595031 123195 2.1 62 30 4 20 43% 38502 427131 31473 11%
c s 1421.86 262 388 84 592 51395 10 9595031 123195 2.1 62 30 4 20 43% 38506 427063 31473 11%
c e 1421.89 262 388 84 592 51395 10 9595031 123195 2.1 62 30 4 20 43% 38505 427080 31472 11%
c
c  seconds      switched       rate            size/glue  tier1     binary           remaining
c           MB    reductions      conflicts          size   tier2       irredundant
c             level     restarts         redundant      glue    trail           variables
c
c - 1425.60 297 393 84 593 51628 10 9615767 123648 2.1 63 30 4 20 45% 38507 427080 31472 11%
c - 1430.37 332 400 84 594 51930 10 9640118 126099 2.1 65 31 4 20 45% 38507 427080 31472 11%
c - 1434.67 276 404 84 595 52205 10 9664491 127284 2.1 66 32 4 20 46% 38507 427080 31472 11%
c - 1439.15 311 409 84 596 52476 9 9688886 128436 2.1 67 32 4 20 46% 38509 427080 31472 11%
c - 1443.49 261 408 84 597 52736 9 9713299 129128 2.1 68 32 4 20 46% 38509 427080 31472 11%
c } 1443.82 261 408 85 597 52759 9 9715370 131184 2.1 68 32 4 20 46% 38509 427080 31472 11%
c [ 1443.82 261 345 85 597 52759 2 9715370 131184 2.3 182 80 7 62 41% 38509 427080 31472 11%
c W 1443.92 280 345 85 597 52759 2 9715370 131184 2.3 182 80 7 62 41% 38509 427080 31472 11%
c - 1447.13 314 355 85 598 52772 2 9737732 123422 2.3 181 80 7 62 42% 38509 427080 31472 11%
c - 1449.90 317 348 85 599 52782 2 9762187 113351 2.2 177 79 7 62 41% 38509 427080 31472 11%
c - 1453.17 317 352 85 600 52789 2 9786661 109640 2.3 174 76 7 62 40% 38510 427080 31472 11%
c - 1456.67 260 348 85 601 52798 2 9811157 106627 2.2 178 80 7 62 41% 38510 427080 31472 11%
c - 1460.22 262 337 85 602 52809 2 9835673 103492 2.3 177 78 7 62 42% 38510 427080 31472 11%
c - 1462.82 262 342 85 603 52819 2 9860209 104407 2.3 168 74 7 62 42% 38510 427080 31472 11%
c - 1465.10 262 330 85 604 52821 2 9884765 106489 2.3 161 70 7 61 42% 38510 427080 31472 11%
c u 1467.63 205 337 85 604 52821 2 9891480 95621 2.3 170 74 7 61 43% 38577 427080 31472 11%
c v 1467.97 205 337 85 604 52821 2 9891480 90871 2.3 170 74 7 61 43% 38577 427080 31472 11%
c w 1470.46 238 337 85 604 52821 2 9891480 90625 2.3 170 74 7 61 43% 38577 427080 31472 11%
c t 1470.50 238 337 85 604 52821 2 9891480 90625 2.3 170 74 7 61 43% 38531 427080 31472 11%
c f 1470.53 238 337 85 604 52821 2 9891480 90625 2.3 170 74 7 61 43% 38535 427021 31475 11%
c
c  seconds      switched      rate           size/glue   tier1     binary           remaining
c           MB    reductions     conflicts         size    tier2       irredundant
c             level     restarts        redundant      glue    trail           variables
c
c u 1471.13 261 337 85 604 52821 2 9891480 88934 2.3 170 74 7 61 43% 38542 427021 31475 11%
c v 1471.36 262 337 85 604 52821 2 9891480 87355 2.3 170 74 7 61 43% 38542 427021 31475 11%
c w 1474.24 301 337 85 604 52821 2 9891480 85278 2.3 170 74 7 61 43% 38542 427021 31475 11%
c t 1474.29 301 337 85 604 52821 2 9891480 85278 2.3 170 74 7 61 43% 38540 427021 31475 11%
c - 1477.34 304 347 85 605 52821 2 9909344 77059 2.2 181 84 7 62 43% 38540 427021 31475 11%
c - 1480.69 304 331 85 606 52835 2 9933941 74489 2.2 183 84 7 62 45% 38540 427021 31475 11%
c - 1484.21 304 358 85 607 52844 2 9958560 76100 2.1 188 89 7 62 46% 38540 427021 31475 11%
c - 1487.74 225 348 85 608 52852 2 9983197 75259 2.2 190 87 7 62 47% 38540 427021 31475 11%
c - 1490.95 251 340 85 609 52861 2 10007855 74982 2.3 191 84 7 62 46% 38541 427021 31475 11%
c o 1493.33 255 349 85 609 52869 2 10028333 95175 2.3 188 83 7 62 46% 38541 427021 31475 11%
c - 1493.74 255 351 85 610 52871 2 10032532 74678 2.2 185 83 7 62 46% 38541 427021 31475 11%
c - 1497.15 289 345 85 611 52882 2 10057230 74695 2.3 187 82 7 62 45% 38541 427021 31475 11%
c O 1500.52 305 332 85 611 52884 2 10078441 95625 2.4 201 84 7 62 45% 38541 427021 31475 11%
c - 1500.68 254 323 85 612 52884 2 10081949 73045 2.4 197 82 7 62 44% 38541 427021 31475 11%
c - 1501.80 254 268 85 613 52884 2 10106688 80803 2.6 194 75 7 61 40% 38541 427021 31475 11%
c - 1504.49 260 297 85 614 52885 2 10131446 84842 2.6 200 76 7 61 39% 38541 427021 31475 11%
c - 1507.13 293 327 85 615 52885 2 10156227 78947 2.6 202 78 7 61 39% 38541 427021 31475 11%
c - 1510.29 293 350 85 616 52890 2 10181027 74958 2.5 210 83 7 61 39% 38541 427021 31475 11%
c ] 1512.18 293 350 86 616 52899 2 10198500 92229 2.5 203 81 7 61 39% 38542 427021 31475 11%
c { 1512.18 293 408 86 616 52899 9 10198500 92229 2.1 68 32 4 20 46% 38542 427021 31475 11%
c
c  seconds      switched      rate            size/glue  tier1     binary           remaining
c           MB    reductions     conflicts          size   tier2       irredundant
c             level     restarts         redundant     glue    trail           variables
c
c - 1512.54 220 400 86 617 52904 9 10205847 78291 2.1 66 31 4 20 45% 38544 427021 31475 11%
c u 1514.07 279 373 86 617 52914 8 10225704 90008 2.1 59 29 4 20 40% 38579 427021 31475 11%
c v 1514.70 281 373 86 617 52914 8 10225704 82948 2.1 59 29 4 20 40% 38579 427021 31475 11%
c w 1516.27 285 373 86 617 52914 8 10225704 80395 2.1 59 29 4 20 40% 38579 427021 31475 11%
c t 1516.31 285 373 86 617 52914 8 10225704 80395 2.1 59 29 4 20 40% 38571 427021 31475 11%
c - 1516.47 285 365 86 618 52916 8 10230686 72267 2.1 57 28 4 20 39% 38572 427021 31475 11%
c - 1516.84 285 319 86 619 52916 6 10255545 81748 1.9 50 26 4 20 31% 38573 427021 31475 11%
c - 1517.34 283 282 86 620 52916 5 10280424 89699 1.9 44 24 4 20 25% 38573 427021 31475 11%
c - 1518.09 284 258 86 621 52919 4 10305323 94354 1.9 40 21 4 20 22% 38578 427020 31475 11%
c - 1518.85 284 242 86 622 52929 4 10330242 95317 1.9 36 19 4 20 20% 38583 427020 31475 11%
c - 1519.78 318 230 86 623 52963 4 10355181 97652 1.9 32 17 4 20 20% 38597 427020 31475 11%
c - 1521.04 318 233 86 624 53029 4 10380140 101485 1.8 29 16 4 20 20% 38609 427020 31475 11%
c - 1522.25 350 226 86 625 53102 4 10405126 106325 1.8 27 15 4 20 19% 38628 427020 31475 11%
c - 1523.42 296 228 86 626 53171 4 10430126 111001 1.8 25 14 4 20 18% 38633 427020 31475 11%
c - 1524.93 297 232 86 627 53282 5 10455146 115129 1.7 23 13 4 20 18% 38652 427019 31475 11%
c s 1526.28 297 226 86 627 53407 5 10478141 136318 1.7 22 13 4 20 17% 38669 426945 31475 11%
c e 1526.31 297 226 86 627 53407 5 10478141 136318 1.7 22 13 4 20 17% 38662 427014 31471 11%
c s 1526.32 297 226 86 627 53407 5 10478141 136318 1.7 22 13 4 20 17% 38663 426996 31471 11%
c o 1526.38 298 226 86 627 53409 5 10478346 136512 1.7 22 13 4 20 17% 38663 426996 31471 11%
c - 1526.62 304 227 86 628 53427 5 10480185 118349 1.7 22 13 4 20 18% 38663 426996 31471 11%
c
c  seconds      switched      rate             size/glue  tier1     binary           remaining
c           MB    reductions     conflicts           size   tier2       irredundant
c             level     restarts         redundant      glue    trail           variables
c
c - 1528.11 307 219 86 629 53568 5 10505247 122198 1.7 20 12 4 20 17% 38674 426994 31471 11%
c - 1529.31 309 208 86 630 53668 5 10530326 126588 1.7 19 11 4 20 16% 38687 426994 31471 11%
c - 1530.63 310 203 86 631 53785 5 10555426 131570 1.7 18 11 4 20 15% 38697 426994 31471 11%
c u 1531.55 311 202 86 631 53848 5 10566034 136687 1.7 18 11 4 20 15% 38708 426994 31471 11%
c v 1531.85 311 202 86 631 53848 5 10566034 135480 1.7 18 11 4 20 15% 38709 426994 31471 11%
c w 1531.98 311 202 86 631 53848 5 10566034 135407 1.7 18 11 4 20 15% 38709 426994 31471 11%
c x 1532.29 317 202 86 631 53848 5 10566034 135406 1.7 18 11 4 20 15% 38714 426962 31471 11%
c t 1532.33 317 202 86 631 53848 5 10566034 135406 1.7 18 11 4 20 15% 38688 426962 31471 11%
c f 1532.36 317 202 86 631 53848 5 10566034 135406 1.7 18 11 4 20 15% 38690 426924 31473 11%
c u 1532.80 325 202 86 631 53848 5 10566034 127472 1.7 18 11 4 20 15% 38696 426924 31473 11%
c v 1533.20 326 202 86 631 53848 5 10566034 124761 1.7 18 11 4 20 15% 38695 426924 31473 11%
c w 1533.38 327 202 86 631 53848 5 10566034 124642 1.7 18 11 4 20 15% 38695 426924 31473 11%
c t 1533.42 222 202 86 631 53848 5 10566034 124642 1.7 18 11 4 20 15% 38694 426924 31473 11%
c } 1533.67 224 198 87 631 53867 5 10571355 129492 1.7 18 11 4 20 14% 38696 426924 31473 11%
c [ 1533.67 224 350 87 631 53867 2 10571355 129492 2.5 203 81 7 61 39% 38696 426924 31473 11%
c B 1533.67 224 350 87 631 53867 2 10571355 129492 2.5 203 81 7 61 39% 38696 426924 31473 11%
c - 1535.13 225 351 87 632 53873 2 10580545 119117 2.5 202 81 7 61 41% 38696 426924 31473 11%
c - 1538.71 228 349 87 633 53883 2 10605685 118124 2.4 202 84 7 61 43% 38696 426924 31473 11%
c - 1542.28 230 352 87 634 53896 2 10630844 117846 2.4 195 83 7 61 44% 38696 426924 31473 11%
c - 1545.58 191 357 87 635 53900 2 10656023 118149 2.3 198 85 7 61 44% 38696 426924 31473 11%
c
c  seconds      switched      rate             size/glue   tier1     binary           remaining
c           MB    reductions     conflicts           size    tier2       irredundant
c             level     restarts         redundant       glue    trail           variables
c
c - 1548.78 196 356 87 636 53912 2 10681222 119814 2.3 190 81 7 61 45% 38696 426924 31473 11%
c - 1552.29 200 358 87 637 53925 2 10706442 122319 2.3 181 79 7 61 44% 38696 426924 31473 11%
c ] 1553.41 204 362 88 637 53927 2 10714943 130698 2.3 180 79 7 61 44% 38696 426924 31473 11%
c { 1553.41 204 198 88 637 53927 5 10714943 130698 1.7 18 11 4 20 14% 38696 426924 31473 11%
c - 1557.21 213 225 88 638 54239 6 10731680 126858 1.7 23 13 4 20 19% 38697 426924 31473 11%
c - 1562.73 216 257 88 639 54685 8 10756939 134130 1.8 30 16 4 20 24% 38700 426924 31473 11%
c - 1568.68 199 283 88 640 55138 9 10782223 140091 1.9 37 19 4 20 29% 38705 426924 31473 11%
c - 1574.54 201 303 88 641 55567 9 10807521 144533 1.9 42 22 4 20 32% 38707 426924 31473 11%
c - 1580.55 216 320 88 642 55983 10 10832839 147811 2.0 48 24 4 20 35% 38709 426924 31473 11%
c - 1586.03 232 331 88 643 56347 10 10858177 150576 2.0 52 26 4 20 37% 38712 426924 31473 11%
c - 1591.67 246 342 88 644 56714 10 10883534 153129 2.0 55 27 4 20 39% 38712 426924 31473 11%
c - 1596.39 250 343 88 645 57006 10 10908912 155353 2.1 57 28 4 20 39% 38714 426924 31473 11%
c u 1598.74 262 344 88 645 57054 10 10912496 126348 2.1 58 28 4 20 39% 38779 426924 31473 11%
c v 1599.55 265 344 88 645 57054 10 10912496 115241 2.1 58 28 4 20 39% 38780 426924 31473 11%
c w 1601.30 274 344 88 645 57054 10 10912496 114371 2.1 58 28 4 20 39% 38780 426924 31473 11%
c t 1601.34 274 344 88 645 57054 10 10912496 114371 2.1 58 28 4 20 39% 38767 426924 31473 11%
c - 1604.81 226 342 88 646 57279 9 10934308 116550 2.1 58 28 4 20 39% 38769 426924 31473 11%
c o 1605.60 227 342 88 646 57333 9 10938405 120618 2.1 59 28 4 20 39% 38769 426924 31473 11%
c - 1609.82 231 350 88 647 57608 9 10959725 121702 2.1 61 29 4 20 41% 38771 426923 31473 11%
c - 1614.88 215 356 88 648 57936 9 10985163 124454 2.1 63 30 4 20 42% 38772 426923 31473 11%
c
c  seconds      switched      rate             size/glue  tier1     binary           remaining
c           MB    reductions     conflicts           size   tier2       irredundant
c             level     restarts         redundant      glue    trail           variables
c
c - 1620.22 232 359 88 649 58273 9 11010619 125516 2.1 66 31 4 20 43% 38773 426923 31473 11%
c - 1625.06 248 365 88 650 58550 9 11036095 127788 2.1 67 32 4 20 44% 38774 426923 31473 11%
c - 1630.09 264 368 88 651 58833 9 11061591 129257 2.1 68 32 4 20 44% 38776 426923 31473 11%
c - 1634.93 280 369 88 652 59114 9 11087106 129219 2.1 69 32 4 20 44% 38778 426923 31473 11%
c } 1638.02 294 370 89 652 59299 9 11103881 145822 2.1 69 33 4 20 44% 38779 426923 31473 11%
c [ 1638.02 294 362 89 652 59299 2 11103881 145822 2.3 180 79 7 61 44% 38779 426923 31473 11%
c W 1638.31 276 362 89 652 59299 2 11103881 145822 2.3 180 79 7 61 44% 38779 426923 31473 11%
c - 1639.52 282 360 89 653 59305 2 11112640 126810 2.3 178 79 7 61 44% 38779 426923 31473 11%
c - 1642.71 284 361 89 654 59315 2 11138193 119586 2.3 180 77 7 61 44% 38779 426923 31473 11%
c - 1645.76 284 364 89 655 59328 2 11163766 113240 2.4 171 72 7 61 45% 38781 426923 31473 11%
c - 1648.00 317 381 89 656 59332 2 11189360 112430 2.5 171 70 7 61 46% 38782 426923 31473 11%
c - 1651.33 271 370 89 657 59344 2 11214973 108663 2.4 173 72 7 61 46% 38782 426923 31473 11%
c - 1655.37 271 360 89 658 59358 2 11240605 104653 2.4 175 73 7 61 46% 38782 426923 31473 11%
c u 1660.73 305 346 89 658 59360 2 11265094 114861 2.3 190 82 7 61 48% 38823 426923 31473 11%
c v 1661.12 305 346 89 658 59360 2 11265094 109663 2.3 190 82 7 61 48% 38823 426923 31473 11%
c w 1664.63 332 346 89 658 59360 2 11265094 109344 2.3 190 82 7 61 48% 38823 426923 31473 11%
c t 1671.52 278 346 89 658 59360 2 11265094 109344 2.3 190 82 7 61 48% 38813 426923 31473 11%
c - 1671.79 278 344 89 659 59360 2 11266256 83202 2.3 190 81 7 61 48% 38813 426923 31473 11%
c - 1676.05 196 325 89 660 59361 2 11291928 80502 2.5 204 83 7 61 51% 38813 426923 31473 11%
c - 1680.37 196 310 89 661 59372 2 11317619 81185 2.5 202 82 7 61 51% 38813 426923 31473 11%
c
c  seconds      switched      rate            size/glue   tier1     binary           remaining
c           MB    reductions     conflicts          size    tier2       irredundant
c             level     restarts         redundant      glue    trail           variables
c
c - 1684.23 229 316 89 662 59383 2 11343328 82637 2.5 196 79 7 61 51% 38814 426923 31473 11%
c - 1687.75 229 338 89 663 59392 2 11369058 82636 2.4 189 80 7 61 50% 38814 426923 31473 11%
c - 1692.18 229 345 89 664 59399 2 11394806 79256 2.2 193 87 7 61 49% 38815 426923 31473 11%
c s 1693.90 261 345 89 664 59407 2 11408016 92294 2.2 190 85 7 61 49% 38824 426889 31473 11%
c e 1693.94 261 345 89 664 59407 2 11408016 92294 2.2 190 85 7 61 49% 38819 426956 31469 11%
c s 1693.94 261 345 89 664 59407 2 11408016 92294 2.2 190 85 7 61 49% 38819 426923 31469 11%
c o 1694.99 261 353 89 664 59408 2 11415717 99911 2.2 192 85 7 61 48% 38819 426923 31469 11%
c - 1695.84 261 357 89 665 59411 2 11420574 78797 2.2 191 85 7 61 48% 38819 426923 31469 11%
c - 1700.47 221 360 89 666 59422 2 11446362 80738 2.3 197 86 7 61 50% 38819 426923 31469 11%
c - 1704.07 221 359 89 667 59424 2 11472169 78427 2.2 200 90 7 61 48% 38819 426923 31469 11%
c I 1708.98 253 360 89 667 59424 2 11497244 102654 2.0 214 105 7 61 47% 38819 426923 31469 11%
c - 1709.08 253 361 89 668 59425 2 11497998 73863 2.0 212 105 7 62 47% 38819 426923 31469 11%
c - 1712.65 213 365 89 669 59425 2 11523847 71985 2.0 220 108 7 62 45% 38819 426923 31469 11%
c - 1716.20 213 365 89 670 59425 2 11549712 69339 2.0 239 119 7 63 44% 38819 426923 31469 11%
c - 1719.08 244 360 89 671 59432 2 11575596 72282 2.0 235 115 7 63 42% 38819 426923 31469 11%
c ] 1721.98 269 356 90 671 59443 2 11599547 95938 2.1 223 107 7 63 42% 38819 426923 31469 11%
c { 1721.98 269 370 90 671 59443 9 11599547 95938 2.1 69 33 4 20 44% 38819 426923 31469 11%
c - 1722.26 271 370 90 672 59455 9 11601503 80341 2.1 69 32 4 20 44% 38819 426923 31469 11%
c u 1725.84 276 381 90 672 59601 9 11623855 96219 2.1 67 31 4 20 45% 38833 426923 31469 11%
c v 1726.35 277 381 90 672 59601 9 11623855 88870 2.1 67 31 4 20 45% 38833 426923 31469 11%
c
c  seconds      switched      rate            size/glue  tier1     binary           remaining
c           MB    reductions     conflicts          size   tier2       irredundant
c             level     restarts         redundant     glue    trail           variables
c
c w 1728.77 282 381 90 672 59601 9 11623855 85582 2.1 67 31 4 20 45% 38833 426923 31469 11%
c t 1728.82 282 381 90 672 59601 9 11623855 85582 2.1 67 31 4 20 45% 38825 426923 31469 11%
c f 1728.84 282 381 90 672 59601 9 11623855 85582 2.1 67 31 4 20 45% 38826 426903 31470 11%
c u 1729.26 298 381 90 672 59601 9 11623855 85108 2.1 67 31 4 20 45% 38831 426903 31470 11%
c v 1729.58 298 381 90 672 59601 9 11623855 82875 2.1 67 31 4 20 45% 38831 426903 31470 11%
c w 1731.67 298 381 90 672 59601 9 11623855 78690 2.1 67 31 4 20 45% 38831 426903 31470 11%
c t 1731.71 298 381 90 672 59601 9 11623855 78690 2.1 67 31 4 20 45% 38829 426903 31470 11%
c - 1732.34 298 382 90 673 59634 9 11627425 70298 2.1 66 31 4 20 45% 38829 426903 31470 11%
c - 1736.27 247 391 90 674 59842 9 11653367 84479 2.1 64 30 4 20 45% 38829 426903 31470 11%
c - 1740.42 280 394 90 675 60088 9 11679331 94956 2.1 64 30 4 20 45% 38831 426903 31470 11%
c - 1744.82 314 398 90 676 60349 9 11705312 99789 2.1 64 30 4 20 45% 38835 426903 31470 11%
c - 1749.27 282 398 90 677 60606 9 11731314 103013 2.1 63 30 4 20 45% 38838 426903 31470 11%
c - 1753.60 316 398 90 678 60879 9 11757333 105289 2.1 63 30 4 20 45% 38841 426903 31470 11%
c - 1758.23 283 400 90 679 61155 9 11783372 107184 2.1 63 30 4 20 45% 38841 426903 31470 11%
c - 1762.72 317 403 90 680 61420 9 11809430 108808 2.1 63 30 4 20 45% 38841 426903 31470 11%
c - 1767.53 351 405 90 681 61719 9 11835506 110442 2.1 64 31 4 20 45% 38841 426903 31470 11%
c - 1772.24 319 404 90 682 61999 9 11861601 111689 2.1 64 31 4 20 46% 38841 426903 31470 11%
c - 1777.07 354 405 90 683 62290 9 11887717 112156 2.1 66 31 4 20 46% 38842 426903 31470 11%
c o 1778.40 354 405 90 683 62375 9 11895737 119949 2.1 66 31 4 20 46% 38843 426903 31470 11%
c - 1781.31 304 403 90 684 62550 9 11913851 112205 2.1 66 31 4 20 46% 38843 426903 31470 11%
c
c  seconds      switched      rate             size/glue  tier1     binary           remaining
c           MB    reductions     conflicts           size   tier2       irredundant
c             level     restarts         redundant      glue    trail           variables
c
c - 1786.07 340 403 90 685 62838 9 11940004 112885 2.1 67 32 4 20 46% 38846 426903 31470 11%
c - 1790.77 375 402 90 686 63126 9 11966177 113728 2.1 67 32 4 20 46% 38847 426903 31470 11%
c u 1795.46 321 402 90 686 63365 9 11988773 123672 2.1 68 32 4 20 45% 38863 426903 31470 11%
c v 1796.43 321 402 90 686 63365 9 11988773 110492 2.1 68 32 4 20 45% 38863 426903 31470 11%
c w 1798.00 355 402 90 686 63365 9 11988773 110298 2.1 68 32 4 20 45% 38863 426903 31470 11%
c x 1799.03 365 402 90 686 63365 9 11988773 110221 2.1 68 32 4 20 45% 39110 426426 31470 11%
c t 1799.08 365 402 90 686 63365 9 11988773 110221 2.1 68 32 4 20 45% 39054 426426 31470 11%
c - 1799.96 365 402 90 687 63413 9 11992368 92283 2.1 68 32 4 20 45% 39054 426426 31470 11%
c } 1802.21 399 403 91 687 63545 9 12004867 104621 2.1 69 32 4 20 45% 39054 426426 31470 11%
c [ 1802.21 399 356 91 687 63545 2 12004867 104621 2.1 223 107 7 63 42% 39054 426426 31470 11%
c B 1802.21 399 356 91 687 63545 2 12004867 104621 2.1 223 107 7 63 42% 39054 426426 31470 11%
c - 1804.51 309 353 91 688 63553 2 12018578 93184 2.1 220 106 7 63 43% 39054 426426 31470 11%
c - 1808.80 342 353 91 689 63565 2 12044808 88214 2.1 215 103 7 63 44% 39054 426426 31470 11%
c - 1812.11 342 357 91 690 63575 2 12071056 84503 2.1 203 97 7 63 43% 39054 426426 31470 11%
c - 1815.46 213 355 91 691 63582 2 12097324 85721 2.1 192 91 7 63 43% 39054 426426 31470 11%
c - 1819.34 247 355 91 692 63593 2 12123610 85681 2.1 191 90 7 63 43% 39054 426426 31470 11%
c - 1823.20 247 357 91 693 63605 2 12149917 86413 2.1 186 87 7 63 44% 39054 426426 31470 11%
c - 1826.34 214 349 91 694 63607 2 12176241 88077 2.2 183 82 7 63 44% 39056 426426 31470 11%
c - 1829.40 247 336 91 695 63608 2 12202585 86610 2.3 188 82 7 63 43% 39056 426426 31470 11%
c - 1833.97 247 333 91 696 63622 2 12228948 84590 2.3 191 83 7 63 44% 39056 426426 31470 11%
c
c  seconds      switched      rate            size/glue   tier1     binary           remaining
c           MB    reductions     conflicts          size    tier2       irredundant
c             level     restarts         redundant      glue    trail           variables
c
c - 1838.49 213 339 91 697 63636 2 12255329 84394 2.3 192 84 7 63 45% 39056 426426 31470 11%
c - 1842.75 247 350 91 698 63638 2 12281729 85846 2.3 195 85 7 63 46% 39056 426426 31470 11%
c - 1847.21 247 350 91 699 63652 2 12308149 86064 2.3 196 85 7 63 46% 39056 426426 31470 11%
c - 1850.82 246 349 91 700 63665 2 12334587 87976 2.3 189 82 7 63 46% 39056 426426 31470 11%
c u 1855.54 247 359 91 700 63669 2 12359884 105784 2.3 208 91 7 63 46% 39073 426426 31470 11%
c v 1855.90 247 359 91 700 63669 2 12359884 100259 2.3 208 91 7 63 46% 39073 426426 31470 11%
c w 1860.03 305 359 91 700 63669 2 12359884 100094 2.3 208 91 7 63 46% 39073 426426 31470 11%
c t 1860.09 305 359 91 700 63669 2 12359884 100094 2.3 208 91 7 63 46% 39067 426426 31470 11%
c - 1860.29 305 359 91 701 63669 2 12361048 75360 2.3 207 91 7 63 46% 39067 426426 31470 11%
c s 1865.31 240 370 91 701 63670 2 12385388 99336 2.2 221 101 7 63 48% 39079 426381 31470 11%
c e 1865.38 240 370 91 701 63670 2 12385388 99336 2.2 221 101 7 63 48% 39049 426629 31452 11%
c s 1865.40 240 370 91 701 63670 2 12385388 99336 2.2 221 101 7 63 48% 39053 426545 31452 11%
c - 1865.78 246 369 91 702 63670 2 12387525 72375 2.2 220 101 7 63 48% 39053 426545 31452 11%
c o 1868.28 246 367 91 702 63671 2 12398774 83463 2.1 228 106 7 63 49% 39053 426545 31452 11%
c - 1870.42 246 398 91 703 63671 2 12414020 70577 2.0 228 113 7 63 47% 39053 426545 31452 11%
c ] 1870.84 246 404 92 703 63671 2 12417405 73884 2.0 228 114 7 63 47% 39053 426545 31452 11%
c { 1870.84 246 403 92 703 63671 9 12417405 73884 2.1 69 32 4 20 45% 39053 426545 31452 11%
c - 1873.53 279 417 92 704 63824 9 12440534 80523 2.1 66 31 4 20 45% 39054 426545 31452 11%
c - 1877.57 251 426 92 705 64081 9 12467066 95456 2.1 65 31 4 20 45% 39056 426545 31452 11%
c - 1881.90 254 429 92 706 64341 9 12493618 101897 2.1 65 31 4 20 45% 39056 426545 31452 11%
c
c  seconds      switched      rate             size/glue  tier1     binary           remaining
c           MB    reductions     conflicts           size   tier2       irredundant
c             level     restarts         redundant      glue    trail           variables
c
c - 1886.48 288 429 92 707 64618 9 12520192 105948 2.1 65 31 4 20 46% 39060 426545 31452 11%
c - 1891.11 249 431 92 708 64908 9 12546782 108895 2.1 66 31 4 20 46% 39060 426545 31452 11%
c - 1895.79 284 428 92 709 65192 9 12573391 111152 2.1 67 32 4 20 46% 39061 426545 31452 11%
c - 1900.47 250 428 92 710 65478 9 12600018 113164 2.1 67 32 4 20 46% 39062 426545 31452 11%
c - 1905.08 250 434 92 711 65744 9 12626664 115036 2.1 68 32 4 20 46% 39065 426545 31452 11%
c - 1909.58 250 436 92 712 66018 9 12653329 116751 2.1 69 32 4 20 46% 39067 426545 31452 11%
c - 1914.16 183 430 92 713 66306 9 12680012 117918 2.1 70 33 4 21 46% 39067 426545 31452 11%
c - 1918.97 184 426 92 714 66607 9 12706715 118512 2.1 71 33 4 21 46% 39070 426545 31452 11%
c - 1924.11 170 427 92 715 66905 9 12733435 119497 2.1 73 34 4 21 47% 39070 426545 31452 11%
c u 1925.31 179 428 92 715 66932 9 12737181 111206 2.1 73 34 4 21 47% 39094 426545 31452 11%
c v 1926.13 181 428 92 715 66932 9 12737181 100812 2.1 73 34 4 21 47% 39092 426545 31452 11%
c w 1928.41 183 428 92 715 66932 9 12737181 99435 2.1 73 34 4 21 47% 39092 426545 31452 11%
c t 1928.46 183 428 92 715 66932 9 12737181 99435 2.1 73 34 4 21 47% 39071 426545 31452 11%
c f 1928.49 152 428 92 715 66932 9 12737181 99435 2.1 73 34 4 21 47% 39072 426461 31456 11%
c u 1928.98 171 428 92 715 66932 9 12737181 98345 2.1 73 34 4 21 47% 39074 426461 31456 11%
c v 1929.52 173 428 92 715 66932 9 12737181 93664 2.1 73 34 4 21 47% 39074 426461 31456 11%
c w 1931.48 177 428 92 715 66932 9 12737181 90635 2.1 73 34 4 21 47% 39074 426461 31456 11%
c t 1931.52 177 428 92 715 66932 9 12737181 90635 2.1 73 34 4 21 47% 39073 426461 31456 11%
c - 1935.48 192 428 92 716 67152 9 12760175 94386 2.1 73 34 4 21 47% 39073 426461 31456 11%
c - 1939.90 208 442 92 717 67412 8 12786933 102317 2.1 73 34 4 21 47% 39074 426461 31456 11%
c
c  seconds      switched      rate             size/glue  tier1     binary           remaining
c           MB    reductions     conflicts           size   tier2       irredundant
c             level     restarts         redundant      glue    trail           variables
c
c - 1944.41 225 441 92 718 67670 8 12813710 105108 2.2 73 34 4 21 47% 39074 426461 31456 11%
c } 1949.18 241 441 93 718 67941 9 12839409 130473 2.1 73 34 4 21 47% 39075 426461 31456 11%
c [ 1949.18 241 404 93 718 67941 2 12839409 130473 2.0 228 114 7 63 47% 39075 426461 31456 11%
c W 1949.41 287 404 93 718 67941 2 12839409 130473 2.0 228 114 7 63 47% 39075 426461 31456 11%
c - 1949.61 289 405 93 719 67942 2 12840505 105903 2.0 227 114 7 63 47% 39075 426461 31456 11%
c - 1953.75 293 399 93 720 67955 2 12867320 101751 2.1 214 103 7 63 47% 39075 426461 31456 11%
c - 1958.07 293 396 93 721 67969 2 12894152 93831 2.2 206 95 7 63 47% 39075 426461 31456 11%
c o 1959.49 283 395 93 721 67971 2 12905075 104619 2.2 204 93 7 63 48% 39075 426461 31456 11%
c - 1960.75 284 424 93 722 67971 2 12921005 89704 2.1 197 94 7 63 45% 39075 426461 31456 11%
c - 1964.78 284 417 93 723 67986 2 12947875 88600 2.1 190 89 7 63 45% 39075 426461 31456 11%
c - 1968.49 317 402 93 724 67999 2 12974763 90607 2.2 186 85 7 63 46% 39075 426461 31456 11%
c - 1972.00 248 371 93 725 68002 2 13001670 90753 2.2 183 82 7 63 45% 39076 426461 31456 11%
c - 1975.88 248 365 93 726 68003 2 13028595 90197 2.2 184 83 7 63 44% 39077 426461 31456 11%
c - 1979.12 248 367 93 727 68016 2 13055540 92106 2.3 180 80 7 63 45% 39077 426461 31456 11%
c - 1983.32 232 373 93 728 68026 2 13082504 92167 2.3 184 81 7 63 47% 39077 426461 31456 11%
c - 1987.01 232 366 93 729 68034 2 13109487 91842 2.2 180 80 7 63 46% 39077 426461 31456 11%
c u 1989.38 264 358 93 729 68037 2 13120719 94041 2.2 182 82 7 63 46% 39087 426461 31456 11%
c v 1989.79 265 358 93 729 68037 2 13120719 88550 2.2 182 82 7 63 46% 39087 426461 31456 11%
c w 1993.21 280 358 93 729 68037 2 13120719 87089 2.2 182 82 7 63 46% 39087 426461 31456 11%
c - 1995.11 228 351 93 730 68046 2 13136487 78598 2.2 177 79 7 63 44% 39087 426461 31456 11%
c
c  seconds      switched      rate            size/glue   tier1     binary           remaining
c           MB    reductions     conflicts          size    tier2       irredundant
c             level     restarts         redundant      glue    trail           variables
c
c - 1998.13 228 351 93 731 68056 2 13163507 83717 2.3 173 76 7 63 46% 39088 426461 31456 11%
c - 2001.67 260 350 93 732 68065 2 13190546 85954 2.2 176 79 7 63 48% 39088 426461 31456 11%
c - 2004.04 260 348 93 733 68066 2 13217601 85759 2.3 179 77 7 63 50% 39088 426461 31456 11%
c - 2006.92 260 348 93 734 68067 2 13244676 85425 2.2 184 83 7 63 51% 39088 426461 31456 11%
c O 2009.36 260 346 93 734 68067 2 13263934 104289 2.1 193 92 7 63 51% 39088 426461 31456 11%
c - 2009.93 292 331 93 735 68067 2 13271768 82833 2.1 189 89 7 63 51% 39088 426461 31456 11%
c - 2012.75 292 288 93 736 68067 2 13298879 80266 2.2 198 88 7 63 50% 39088 426461 31456 11%
c - 2016.30 261 297 93 737 68082 2 13326009 81795 2.2 193 86 7 63 50% 39089 426461 31456 11%
c ] 2018.09 261 306 94 737 68088 2 13338235 93837 2.2 192 86 7 63 50% 39089 426461 31456 11%
c { 2018.09 261 441 94 737 68088 9 13338235 93837 2.1 73 34 4 21 47% 39089 426461 31456 11%
c - 2020.55 293 435 94 738 68182 8 13353156 89036 2.1 70 33 4 21 47% 39090 426461 31456 11%
c - 2025.31 278 424 94 739 68403 8 13380322 97637 2.1 68 32 4 21 46% 39093 426461 31456 11%
c - 2029.63 312 408 94 740 68608 8 13407507 105091 2.1 65 31 4 21 45% 39094 426461 31456 11%
c s 2029.76 312 406 94 740 68611 8 13410940 108215 2.1 64 30 4 21 45% 39099 426443 31456 11%
c e 2029.78 313 406 94 740 68611 8 13410940 108215 2.1 64 30 4 21 45% 39098 426443 31455 11%
c o 2030.57 313 406 94 740 68645 8 13415182 112368 2.1 64 30 4 21 45% 39098 426443 31455 11%
c - 2034.26 346 400 94 741 68813 8 13434710 109184 2.1 62 30 4 21 45% 39099 426443 31455 11%
c - 2039.63 323 396 94 742 69100 8 13461932 112461 2.1 62 30 4 21 45% 39101 426443 31455 11%
c - 2044.24 325 385 94 743 69332 8 13489175 113878 2.1 59 29 4 21 46% 39102 426443 31455 11%
c u 2049.27 286 383 94 743 69559 8 13510498 124648 2.1 60 29 4 21 45% 39110 426443 31455 11%
c
c  seconds      switched      rate             size/glue  tier1     binary           remaining
c           MB    reductions     conflicts           size   tier2       irredundant
c             level     restarts         redundant      glue    trail           variables
c
c v 2050.41 286 383 94 743 69559 8 13510498 109687 2.1 60 29 4 21 45% 39110 426443 31455 11%
c w 2052.85 318 383 94 743 69559 8 13510498 108567 2.1 60 29 4 21 45% 39110 426443 31455 11%
c t 2052.89 318 383 94 743 69559 8 13510498 108567 2.1 60 29 4 21 45% 39108 426443 31455 11%
c - 2054.15 319 382 94 744 69615 8 13516434 94007 2.1 59 29 4 21 46% 39108 426443 31455 11%
c - 2059.69 264 379 94 745 69912 8 13543710 101577 2.1 59 29 4 21 45% 39114 426443 31455 11%
c - 2065.53 298 377 94 746 70227 9 13571005 108023 2.1 60 29 4 21 45% 39116 426443 31455 11%
c - 2071.51 250 374 94 747 70543 9 13598318 110971 2.1 60 29 4 21 44% 39120 426442 31455 11%
c - 2077.33 285 375 94 748 70847 9 13625649 112760 2.1 60 29 4 21 44% 39124 426442 31455 11%
c - 2083.12 251 372 94 749 71141 9 13652998 114774 2.1 61 29 4 21 44% 39126 426442 31455 11%
c - 2088.84 287 371 94 750 71446 9 13680365 115499 2.1 61 29 4 21 44% 39127 426442 31455 11%
c - 2094.77 252 372 94 751 71754 9 13707752 116594 2.1 61 30 4 21 44% 39130 426442 31455 11%
c - 2100.25 287 371 94 752 72046 9 13735157 117978 2.1 62 30 4 21 43% 39130 426442 31455 11%
c - 2105.81 252 372 94 753 72329 9 13762580 119641 2.1 62 30 4 21 44% 39130 426442 31455 11%
c } 2108.27 285 370 95 753 72447 8 13777221 133822 2.1 62 30 4 21 44% 39131 426442 31455 11%
c [ 2108.27 285 306 95 753 72447 2 13777221 133822 2.2 192 86 7 63 50% 39131 426442 31455 11%
c B 2108.27 285 306 95 753 72447 2 13777221 133822 2.2 192 86 7 63 50% 39131 426442 31455 11%
c - 2110.30 287 318 95 754 72454 2 13790020 117749 2.3 191 85 7 63 50% 39131 426442 31455 11%
c - 2114.38 287 322 95 755 72467 2 13817479 111757 2.3 183 80 7 63 49% 39131 426442 31455 11%
c - 2118.17 249 336 95 756 72477 2 13844957 105054 2.3 190 84 7 63 49% 39131 426442 31455 11%
c - 2121.47 249 336 95 757 72485 2 13872453 102644 2.3 188 80 7 63 48% 39131 426442 31455 11%
c
c  seconds      switched      rate             size/glue   tier1     binary           remaining
c           MB    reductions     conflicts           size    tier2       irredundant
c             level     restarts         redundant       glue    trail           variables
c
c - 2123.95 283 340 95 758 72498 2 13899968 106185 2.3 170 75 7 63 44% 39131 426442 31455 11%
c u 2125.99 283 342 95 758 72501 2 13906516 99124 2.3 172 76 7 63 44% 39162 426442 31455 11%
c v 2126.39 283 342 95 758 72501 2 13906516 94440 2.3 172 76 7 63 44% 39162 426442 31455 11%
c w 2129.32 318 342 95 758 72501 2 13906516 91978 2.3 172 76 7 63 44% 39162 426442 31455 11%
c t 2129.37 235 342 95 758 72501 2 13906516 91978 2.3 172 76 7 63 44% 39138 426442 31455 11%
c - 2132.39 244 355 95 759 72508 2 13927500 88120 2.3 173 76 7 63 46% 39138 426442 31455 11%
c o 2134.60 245 358 95 759 72509 2 13941511 102001 2.3 178 77 7 63 46% 39138 426442 31455 11%
c - 2135.12 246 395 95 760 72509 2 13955050 85170 2.2 171 79 7 63 43% 39138 426442 31455 11%
c - 2136.65 250 429 95 761 72515 2 13982618 81382 2.0 165 83 7 64 39% 39140 426442 31455 11%
c - 2140.37 210 415 95 762 72527 2 14010204 86425 2.1 169 82 7 64 43% 39140 426442 31455 11%
c - 2145.32 213 398 95 763 72539 2 14037808 91068 2.1 176 83 7 64 45% 39140 426442 31455 11%
c - 2151.72 191 402 95 764 72547 2 14065430 89075 2.1 190 90 7 64 46% 39140 426442 31455 11%
c - 2155.59 194 378 95 765 72558 2 14093070 88436 2.2 193 88 7 64 45% 39140 426442 31455 11%
c - 2159.72 198 381 95 766 72570 2 14120728 91745 2.2 192 86 7 64 46% 39140 426442 31455 11%
c - 2164.30 190 365 95 767 72572 2 14148405 93310 2.2 189 85 7 64 45% 39140 426442 31455 11%
c - 2169.64 193 348 95 768 72573 2 14176100 91769 2.2 190 88 7 64 44% 39141 426442 31455 11%
c - 2174.45 196 329 95 769 72573 2 14203812 91094 2.2 190 88 7 64 43% 39141 426442 31455 11%
c W 2178.60 242 319 95 769 72573 2 14222995 109991 2.2 193 89 7 64 43% 39141 426442 31455 11%
c - 2180.19 245 317 95 770 72573 2 14231543 90632 2.2 195 91 7 64 43% 39141 426442 31455 11%
c - 2184.15 249 319 95 771 72587 2 14259291 95245 2.2 189 87 7 64 44% 39141 426442 31455 11%
c
c  seconds      switched      rate            size/glue   tier1     binary           remaining
c           MB    reductions     conflicts          size    tier2       irredundant
c             level     restarts         redundant      glue    trail           variables
c
c - 2187.79 249 327 95 772 72599 2 14287059 97095 2.2 180 83 7 64 44% 39141 426442 31455 11%
c u 2191.88 283 324 95 772 72604 2 14308801 111070 2.2 184 83 7 64 45% 39158 426442 31455 11%
c v 2192.37 283 324 95 772 72604 2 14308801 104957 2.2 184 83 7 64 45% 39158 426442 31455 11%
c w 2195.10 297 324 95 772 72604 2 14308801 104796 2.2 184 83 7 64 45% 39158 426442 31455 11%
c x 2196.20 306 324 95 772 72604 2 14308801 104635 2.2 184 83 7 64 45% 39170 426239 31455 11%
c t 2196.24 306 324 95 772 72604 2 14308801 104635 2.2 184 83 7 64 45% 39162 426239 31455 11%
c - 2197.51 306 327 95 773 72604 2 14314843 84768 2.2 185 83 7 64 45% 39162 426239 31455 11%
c ] 2198.00 306 328 96 773 72604 2 14317113 87021 2.2 186 83 7 64 45% 39162 426239 31455 11%
c { 2198.00 306 370 96 773 72604 8 14317113 87021 2.1 62 30 4 21 44% 39162 426239 31455 11%
c - 2202.67 288 373 96 774 72866 8 14342646 92418 2.1 62 30 4 21 44% 39163 426239 31455 11%
c - 2207.42 322 375 96 775 73143 8 14370466 103514 2.1 63 30 4 21 44% 39163 426239 31455 11%
c - 2212.99 283 377 96 776 73460 9 14398304 109330 2.1 64 31 4 21 44% 39163 426239 31455 11%
c - 2217.83 318 375 96 777 73741 8 14426162 111939 2.1 65 31 4 21 44% 39165 426239 31455 11%
c - 2223.24 286 377 96 778 74039 8 14454037 114458 2.1 65 31 4 21 44% 39165 426239 31455 11%
c o 2226.72 319 378 96 778 74245 8 14471511 131719 2.1 67 32 4 21 44% 39167 426238 31455 11%
c - 2228.99 321 380 96 779 74363 8 14481929 116591 2.1 68 32 4 21 45% 39167 426238 31455 11%
c s 2229.71 321 380 96 779 74401 8 14485364 119954 2.1 68 32 4 21 45% 39179 426182 31455 11%
c e 2229.79 321 380 96 779 74401 8 14485364 119954 2.1 68 32 4 21 45% 39150 426414 31440 11%
c s 2229.80 321 380 96 779 74401 8 14485364 119954 2.1 68 32 4 21 45% 39150 426323 31440 11%
c - 2234.98 287 379 96 780 74674 9 14509840 117418 2.1 69 33 4 21 45% 39152 426323 31440 11%
c
c  seconds      switched      rate             size/glue  tier1     binary           remaining
c           MB    reductions     conflicts           size   tier2       irredundant
c             level     restarts         redundant      glue    trail           variables
c
c - 2240.83 323 383 96 781 75000 9 14537768 118659 2.1 72 34 4 21 45% 39153 426323 31440 11%
c - 2246.58 305 384 96 782 75315 9 14565714 119797 2.1 75 35 4 21 45% 39153 426323 31440 11%
c - 2252.49 342 384 96 783 75620 9 14593680 119882 2.2 76 35 4 21 45% 39156 426323 31440 11%
c - 2257.86 287 380 96 784 75918 8 14621662 119841 2.2 77 36 4 21 45% 39156 426323 31440 11%
c - 2262.83 287 381 96 785 76175 8 14649662 120006 2.2 77 35 4 21 45% 39156 426323 31440 11%
c - 2267.56 286 381 96 786 76428 8 14677679 120415 2.2 76 35 4 21 45% 39156 426323 31440 11%
c - 2272.96 184 378 96 787 76708 8 14705714 121207 2.2 78 36 4 21 45% 39156 426323 31440 11%
c u 2276.07 213 378 96 787 76838 8 14717365 118945 2.2 79 36 4 21 45% 39181 426323 31440 11%
c v 2277.04 216 378 96 787 76838 8 14717365 107089 2.2 79 36 4 21 45% 39181 426323 31440 11%
c w 2281.18 220 378 96 787 76838 8 14717365 105487 2.2 79 36 4 21 45% 39181 426323 31440 11%
c t 2281.23 220 378 96 787 76838 8 14717365 105487 2.2 79 36 4 21 45% 39169 426323 31440 11%
c - 2284.41 253 379 96 788 76998 8 14733767 98932 2.2 79 36 4 21 45% 39169 426323 31440 11%
c - 2289.84 288 381 96 789 77282 8 14761838 104548 2.2 81 37 4 21 46% 39170 426323 31440 11%
c } 2292.29 321 382 97 789 77415 8 14773376 115941 2.2 82 37 4 21 46% 39170 426323 31440 11%
c [ 2292.29 321 328 97 789 77415 2 14773376 115941 2.2 186 83 7 64 45% 39170 426323 31440 11%
c I 2292.29 321 328 97 789 77415 2 14773376 115941 2.2 186 83 7 64 45% 39170 426323 31440 11%
c - 2295.39 254 334 97 790 77425 2 14789929 105008 2.3 188 83 7 64 46% 39171 426322 31440 11%
c - 2299.23 254 335 97 791 77436 2 14818035 97507 2.3 186 82 7 64 44% 39171 426322 31440 11%
c - 2303.14 254 335 97 792 77445 2 14846162 91613 2.2 183 82 7 64 43% 39172 426322 31440 11%
c - 2309.02 219 359 97 793 77458 2 14874305 90102 2.2 189 86 7 64 45% 39172 426322 31440 11%
c
c  seconds      switched      rate            size/glue   tier1     binary           remaining
c           MB    reductions     conflicts          size    tier2       irredundant
c             level     restarts         redundant      glue    trail           variables
c
c - 2313.62 219 364 97 794 77469 2 14902467 89198 2.2 194 89 7 64 46% 39172 426322 31440 11%
c - 2319.35 216 357 97 795 77476 2 14930645 87874 2.2 204 91 7 64 49% 39172 426322 31440 11%
c - 2322.92 218 324 97 796 77477 2 14958841 86457 2.2 201 90 7 64 46% 39173 426322 31440 11%
c - 2325.64 218 311 97 797 77488 2 14987054 87693 2.2 194 87 7 64 43% 39174 426322 31440 11%
c - 2329.86 251 321 97 798 77499 2 15015287 91145 2.3 189 83 7 64 44% 39174 426322 31440 11%
c o 2329.89 251 321 97 798 77500 2 15015478 91336 2.3 189 83 7 64 44% 39174 426322 31440 11%
c - 2332.47 251 322 97 799 77508 2 15043536 94304 2.3 177 78 7 64 42% 39174 426322 31440 11%
c - 2335.07 251 327 97 800 77521 2 15071802 95719 2.3 171 75 7 64 40% 39175 426322 31440 11%
c - 2338.96 286 333 97 801 77533 2 15100088 95540 2.2 168 75 7 64 40% 39175 426322 31440 11%
c - 2342.25 236 322 97 802 77539 2 15128390 95624 2.3 172 74 7 64 41% 39175 426322 31440 11%
c u 2343.43 236 321 97 802 77539 2 15132228 90979 2.4 177 74 7 64 41% 39185 426322 31440 11%
c v 2343.85 236 321 97 802 77539 2 15132228 85578 2.4 177 74 7 64 41% 39185 426322 31440 11%
c w 2346.29 277 321 97 802 77539 2 15132228 83010 2.4 177 74 7 64 41% 39185 426322 31440 11%
c t 2346.33 277 321 97 802 77539 2 15132228 83010 2.4 177 74 7 64 41% 39182 426322 31440 11%
c - 2351.94 277 327 97 803 77540 2 15156710 80321 2.3 187 81 7 64 43% 39182 426322 31440 11%
c - 2358.95 225 325 97 804 77541 2 15185047 79857 2.3 203 89 7 64 46% 39182 426322 31440 11%
c - 2366.58 225 315 97 805 77541 2 15213402 77155 2.4 224 94 7 64 46% 39182 426322 31440 11%
c B 2373.47 216 310 97 805 77547 2 15240768 104140 2.5 241 97 7 64 47% 39182 426322 31440 11%
c - 2373.71 216 311 97 806 77548 2 15241776 75629 2.5 240 97 7 64 47% 39182 426322 31440 11%
c ] 2376.54 216 322 98 806 77556 2 15258471 92019 2.4 234 96 7 64 48% 39182 426322 31440 11%
c
c  seconds      switched      rate            size/glue  tier1     binary           remaining
c           MB    reductions     conflicts          size   tier2       irredundant
c             level     restarts         redundant     glue    trail           variables
c
c { 2376.54 216 382 98 806 77556 8 15258471 92019 2.2 82 37 4 21 46% 39182 426322 31440 11%
c - 2377.07 216 348 98 807 77558 7 15270167 85598 2.3 82 36 4 21 44% 39182 426322 31440 11%
c - 2377.67 249 294 98 808 77560 6 15298575 99721 2.3 70 30 4 21 37% 39187 426322 31440 11%
c - 2378.25 251 252 98 809 77560 5 15327000 108166 2.3 59 26 4 21 30% 39189 426322 31440 11%
c - 2378.91 251 219 98 810 77560 4 15355442 113869 2.2 51 23 4 21 25% 39191 426322 31440 11%
c - 2379.73 251 193 98 811 77560 3 15383902 119263 2.2 45 21 4 21 21% 39191 426322 31440 11%
c - 2380.43 251 173 98 812 77560 3 15412381 121919 2.1 39 19 4 21 18% 39192 426322 31440 11%
c - 2381.27 251 158 98 813 77560 2 15440876 121755 2.0 35 17 4 21 16% 39192 426322 31440 11%
c - 2381.80 247 161 98 814 77566 2 15469389 123417 2.0 30 15 4 21 15% 39200 426322 31440 11%
c - 2382.60 251 150 98 815 77624 2 15497920 117432 2.0 28 14 4 21 14% 39215 426321 31440 11%
c - 2383.28 251 139 98 816 77667 2 15526468 117335 2.0 25 12 4 21 14% 39228 426321 31440 11%
c u 2385.37 287 140 98 816 77774 2 15553412 122795 2.1 25 12 4 21 15% 39261 426320 31440 11%
c v 2386.30 287 140 98 816 77774 2 15553412 105082 2.1 25 12 4 21 15% 39262 426320 31440 11%
c w 2386.75 319 140 98 816 77774 2 15553412 104325 2.1 25 12 4 21 15% 39262 426320 31440 11%
c t 2386.79 319 140 98 816 77774 2 15553412 104325 2.1 25 12 4 21 15% 39245 426320 31440 11%
c - 2386.96 319 141 98 817 77795 2 15555033 90804 2.1 25 12 4 21 15% 39245 426320 31440 11%
c o 2387.34 319 136 98 817 77838 2 15566235 101079 2.1 24 11 4 21 15% 39255 426320 31440 11%
c - 2388.18 319 140 98 818 77950 3 15583617 103632 2.2 24 11 4 21 16% 39266 426320 31440 11%
c s 2389.19 319 134 98 818 78069 3 15609333 128020 2.2 24 11 4 21 16% 39297 426236 31440 11%
c e 2389.23 351 134 98 818 78069 3 15609333 128020 2.2 24 11 4 21 16% 39275 426369 31432 11%
c
c  seconds      switched      rate             size/glue  tier1     binary           remaining
c           MB    reductions     conflicts           size   tier2       irredundant
c             level     restarts         redundant      glue    trail           variables
c
c s 2389.24 351 134 98 818 78069 3 15609333 128020 2.2 24 11 4 21 16% 39277 426312 31432 11%
c - 2389.34 351 134 98 819 78069 3 15612218 111544 2.2 23 11 4 21 16% 39278 426312 31432 11%
c - 2390.85 351 133 98 820 78282 3 15640836 117100 2.3 25 11 4 21 17% 39306 426311 31432 11%
c - 2392.18 335 137 98 821 78444 3 15669471 122182 2.4 25 11 4 21 18% 39333 426311 31432 11%
c - 2394.07 367 137 98 822 78711 3 15698124 127090 2.4 26 11 4 21 19% 39350 426311 31432 11%
c - 2395.81 371 132 98 823 78949 3 15726795 132460 2.4 26 11 4 21 19% 39377 426308 31432 11%
c } 2396.15 371 133 99 823 78993 3 15732305 137781 2.4 26 11 4 21 19% 39387 426307 31432 11%
c [ 2396.15 371 322 99 823 78993 2 15732305 137781 2.4 234 96 7 64 48% 39387 426307 31432 11%
c W 2396.21 401 322 99 823 78993 2 15732305 137781 2.4 234 96 7 64 48% 39387 426307 31432 11%
c - 2400.83 440 326 99 824 79006 2 15755484 130273 2.4 228 95 7 64 49% 39387 426307 31432 11%
c - 2405.84 359 334 99 825 79020 2 15784190 124237 2.4 215 91 7 64 49% 39387 426307 31432 11%
c - 2408.47 359 323 99 826 79023 2 15812912 118845 2.2 205 92 7 64 44% 39389 426307 31432 11%
c - 2412.75 392 328 99 827 79038 2 15841655 119903 2.3 192 85 7 64 44% 39389 426307 31432 11%
c - 2415.76 394 331 99 828 79052 2 15870412 125637 2.3 183 81 7 64 43% 39390 426307 31432 11%
c ] 2416.69 276 337 100 828 79053 2 15876407 131525 2.2 182 81 7 64 43% 39390 426307 31432 11%
c { 2416.69 276 133 100 828 79053 3 15876407 131525 2.4 26 11 4 21 19% 39390 426307 31432 11%
c - 2421.70 311 182 100 829 79471 6 15899186 132757 2.2 30 14 4 21 24% 39393 426307 31432 11%
c - 2428.83 255 231 100 830 79993 7 15927979 140326 2.1 38 18 4 21 29% 39396 426307 31432 11%
c - 2435.74 258 265 100 831 80496 9 15956789 146715 2.1 44 21 4 21 32% 39396 426307 31432 11%
c u 2442.84 296 287 100 831 80880 9 15980922 144522 2.1 47 23 4 21 34% 39428 426306 31432 11%
c
c  seconds      switched       rate             size/glue  tier1     binary           remaining
c           MB     reductions     conflicts           size   tier2       irredundant
c             level      restarts         redundant      glue    trail           variables
c
c v 2444.09 296 287 100 831 80880 9 15980922 129441 2.1 47 23 4 21 34% 39428 426306 31432 11%
c w 2445.30 335 287 100 831 80880 9 15980922 129178 2.1 47 23 4 21 34% 39428 426306 31432 11%
c t 2445.35 335 287 100 831 80880 9 15980922 129178 2.1 47 23 4 21 34% 39384 426306 31432 11%
c f 2445.38 335 287 100 831 80880 9 15980922 129178 2.1 47 23 4 21 34% 39386 426284 31433 11%
c u 2446.45 361 287 100 831 80880 9 15980922 121157 2.1 47 23 4 21 34% 39420 426284 31433 11%
c v 2447.20 363 287 100 831 80880 9 15980922 116660 2.1 47 23 4 21 34% 39420 426284 31433 11%
c w 2449.28 400 287 100 831 80880 9 15980922 115670 2.1 47 23 4 21 34% 39420 426284 31433 11%
c t 2449.78 401 287 100 831 80880 9 15980922 115670 2.1 47 23 4 21 34% 39411 426284 31433 11%
c - 2450.16 401 283 100 832 80895 9 15985616 101514 2.1 47 23 4 21 33% 39411 426284 31433 11%
c - 2455.87 340 300 100 833 81292 9 16014460 111644 2.1 50 24 4 21 34% 39411 426284 31433 11%
c - 2462.21 375 317 100 834 81722 10 16043322 120851 2.0 53 26 4 21 36% 39411 426284 31433 11%
c - 2468.67 290 329 100 835 82115 10 16072202 124682 2.0 56 27 4 21 37% 39414 426284 31433 11%
c - 2475.26 221 338 100 836 82516 10 16101098 128079 2.0 59 29 4 21 38% 39417 426284 31433 11%
c o 2480.50 257 345 100 836 82846 10 16126286 152904 2.1 61 30 4 21 39% 39417 426284 31433 11%
c - 2481.36 257 346 100 837 82890 10 16130012 130583 2.1 62 30 4 21 39% 39417 426284 31433 11%
c - 2487.21 294 352 100 838 83240 10 16158942 132772 2.1 64 31 4 21 40% 39417 426284 31433 11%
c - 2492.92 331 356 100 839 83566 9 16187891 135075 2.1 66 31 4 21 40% 39419 426284 31433 11%
c - 2498.41 266 358 100 840 83882 9 16216857 137249 2.1 67 32 4 21 41% 39420 426284 31433 11%
c - 2504.21 268 358 100 841 84207 9 16245839 139017 2.1 69 32 4 21 41% 39422 426284 31433 11%
c - 2509.77 183 359 100 842 84508 9 16274839 140388 2.1 70 33 4 21 41% 39423 426284 31433 11%
c
c  seconds      switched       rate             size/glue  tier1     binary           remaining
c           MB     reductions     conflicts           size   tier2       irredundant
c             level      restarts         redundant      glue    trail           variables
c
c - 2515.54 186 360 100 843 84814 9 16303856 141932 2.1 71 33 4 21 41% 39424 426284 31433 11%
c - 2520.89 187 360 100 844 85103 8 16332890 143313 2.1 71 33 4 21 41% 39425 426284 31433 11%
c - 2525.24 187 352 100 845 85355 8 16361941 143080 2.1 70 33 4 21 39% 39426 426284 31433 11%
c } 2526.45 188 352 101 845 85427 8 16368105 149181 2.1 71 33 4 21 39% 39426 426284 31433 11%
c [ 2526.45 188 337 101 845 85427 2 16368105 149181 2.2 182 81 7 64 43% 39426 426284 31433 11%
c O 2526.45 188 337 101 845 85427 2 16368105 149181 2.2 182 81 7 64 43% 39426 426284 31433 11%
c - 2529.75 181 339 101 846 85440 2 16391010 138055 2.3 177 78 7 64 43% 39426 426284 31433 11%
c u 2534.64 187 344 101 846 85450 2 16414790 146313 2.2 177 79 7 64 43% 39455 426284 31433 11%
c v 2535.58 188 344 101 846 85450 2 16414790 135429 2.2 177 79 7 64 43% 39455 426284 31433 11%
c w 2539.59 203 344 101 846 85450 2 16414790 135125 2.2 177 79 7 64 43% 39455 426284 31433 11%
c t 2539.65 203 344 101 846 85450 2 16414790 135125 2.2 177 79 7 64 43% 39448 426284 31433 11%
c - 2540.85 177 343 101 847 85454 2 16420097 103840 2.3 179 79 7 64 44% 39448 426284 31433 11%
c - 2545.74 182 324 101 848 85457 2 16449200 97008 2.3 188 83 7 64 43% 39448 426284 31433 11%
c - 2549.79 186 342 101 849 85472 2 16478320 97102 2.3 182 80 7 64 43% 39448 426284 31433 11%
c - 2555.19 182 352 101 850 85486 2 16507457 98726 2.3 184 81 7 64 44% 39449 426284 31433 11%
c - 2559.74 185 355 101 851 85489 2 16536616 93935 2.2 191 87 7 64 43% 39449 426284 31433 11%
c - 2567.43 174 376 101 852 85490 2 16565788 86582 2.2 219 99 7 64 44% 39449 426284 31433 11%
c - 2571.42 182 374 101 853 85504 2 16594978 88423 2.2 203 92 7 64 43% 39449 426284 31433 11%
c - 2574.87 185 375 101 854 85519 2 16624184 92254 2.2 192 87 7 64 42% 39450 426284 31433 11%
c - 2578.18 181 381 101 855 85526 2 16653409 92130 2.3 196 85 7 64 41% 39450 426284 31433 11%
c
c  seconds      switched       rate            size/glue   tier1     binary           remaining
c           MB     reductions     conflicts          size    tier2       irredundant
c             level      restarts         redundant      glue    trail           variables
c
c - 2583.08 186 373 101 856 85538 2 16682650 91332 2.3 194 85 7 64 42% 39450 426284 31433 11%
c o 2585.77 180 377 101 856 85549 2 16700491 109029 2.3 187 81 7 64 42% 39450 426284 31433 11%
c - 2587.81 182 390 101 857 85550 2 16711908 92010 2.2 194 87 7 64 43% 39450 426284 31433 11%
c - 2592.98 184 383 101 858 85552 2 16741182 89416 2.3 209 93 7 64 44% 39450 426284 31433 11%
c - 2598.16 186 376 101 859 85553 2 16770475 82768 2.2 226 103 7 64 44% 39450 426284 31433 11%
c s 2600.03 171 373 101 859 85553 2 16783537 95618 2.1 228 106 7 64 44% 39468 426192 31433 11%
c e 2600.06 175 373 101 859 85553 2 16783537 95618 2.1 228 106 7 64 44% 39458 426277 31427 11%
c s 2600.08 175 373 101 859 85553 2 16783537 95618 2.1 228 106 7 64 44% 39460 426257 31427 11%
c e 2600.10 175 373 101 859 85553 2 16783537 95618 2.1 228 106 7 64 44% 39459 426273 31426 11%
c - 2602.48 187 366 101 860 85553 2 16799783 83579 2.2 226 104 7 64 44% 39459 426273 31426 11%
c - 2607.53 190 353 101 861 85555 2 16829108 84596 2.1 224 106 7 64 44% 39459 426273 31426 11%
c u 2612.24 198 351 101 861 85568 2 16855008 102292 2.2 214 99 7 64 44% 39473 426273 31426 11%
c v 2612.58 201 351 101 861 85568 2 16855008 97692 2.2 214 99 7 64 44% 39473 426273 31426 11%
c w 2617.89 218 351 101 861 85568 2 16855008 96220 2.2 214 99 7 64 44% 39473 426273 31426 11%
c t 2617.94 218 351 101 861 85568 2 16855008 96220 2.2 214 99 7 64 44% 39461 426273 31426 11%
c f 2617.97 218 351 101 861 85568 2 16855008 96220 2.2 214 99 7 64 44% 39464 426212 31429 11%
c u 2618.51 232 351 101 861 85568 2 16855008 95596 2.2 214 99 7 64 44% 39466 426212 31429 11%
c v 2618.73 233 351 101 861 85568 2 16855008 94090 2.2 214 99 7 64 44% 39466 426212 31429 11%
c w 2622.31 272 351 101 861 85568 2 16855008 91448 2.2 214 99 7 64 44% 39466 426212 31429 11%
c x 2623.60 283 351 101 861 85568 2 16855008 91149 2.2 214 99 7 64 44% 39498 425837 31429 11%
c
c  seconds      switched       rate            size/glue   tier1     binary           remaining
c           MB     reductions     conflicts          size    tier2       irredundant
c             level      restarts         redundant      glue    trail           variables
c
c t 2623.65 283 351 101 861 85568 2 16855008 91149 2.2 214 99 7 64 44% 39486 425837 31429 11%
c - 2624.47 285 350 101 862 85568 2 16858453 71803 2.2 215 99 7 64 44% 39486 425837 31429 11%
c B 2626.29 285 354 101 862 85574 2 16868600 81881 2.2 212 98 7 64 44% 39486 425837 31429 11%
c - 2629.63 285 356 101 863 85583 2 16887813 77712 2.2 217 98 7 64 47% 39486 425837 31429 11%
c - 2636.98 265 346 101 864 85590 2 16917189 80153 2.3 224 99 7 64 48% 39486 425837 31429 11%
c ] 2637.97 265 342 102 864 85594 2 16924661 87553 2.3 219 96 7 64 48% 39486 425837 31429 11%
c { 2637.97 265 352 102 864 85594 8 16924661 87553 2.1 71 33 4 21 39% 39486 425837 31429 11%
c - 2639.26 265 322 102 865 85612 7 16946584 88580 2.1 63 30 4 21 36% 39503 425836 31429 11%
c - 2640.10 298 293 102 866 85620 6 16975995 100997 2.1 52 25 4 21 31% 39512 425836 31429 11%
c - 2641.08 299 262 102 867 85633 5 17005422 108645 2.0 44 22 4 21 26% 39524 425836 31429 11%
c - 2642.39 299 245 102 868 85675 5 17034866 114838 2.0 38 19 4 21 23% 39533 425836 31429 11%
c - 2643.44 332 218 102 869 85699 4 17064328 119739 1.9 33 17 4 21 20% 39546 425836 31429 11%
c - 2644.99 334 210 102 870 85781 4 17093808 125386 1.9 29 16 4 21 19% 39567 425836 31429 11%
c - 2646.48 286 207 102 871 85869 4 17123303 129784 1.8 26 14 4 21 18% 39584 425836 31429 11%
c - 2647.81 320 201 102 872 85941 4 17152815 134769 1.8 24 13 4 20 16% 39598 425836 31429 11%
c - 2649.91 322 203 102 873 86098 5 17182345 140928 1.7 22 13 4 20 16% 39609 425836 31429 11%
c - 2651.77 323 191 102 874 86253 5 17211891 146214 1.7 21 12 4 20 15% 39618 425836 31429 11%
c - 2653.65 323 186 102 875 86406 5 17241455 150145 1.7 19 12 4 20 14% 39632 425835 31429 11%
c - 2655.92 357 187 102 876 86617 5 17271037 154588 1.7 19 11 4 20 14% 39644 425834 31429 11%
c o 2656.81 291 192 102 876 86700 6 17280524 163509 1.6 18 11 4 20 15% 39647 425834 31429 11%
c
c  seconds      switched       rate             size/glue  tier1     binary           remaining
c           MB     reductions     conflicts           size   tier2       irredundant
c             level      restarts         redundant      glue    trail           variables
c
c - 2658.21 292 187 102 877 86838 6 17300636 159272 1.6 18 11 4 20 14% 39655 425834 31429 11%
c u 2658.99 292 186 102 877 86838 6 17301564 148663 1.6 18 11 4 20 14% 39666 425834 31429 11%
c v 2659.79 292 186 102 877 86838 6 17301564 144900 1.6 18 11 4 20 14% 39666 425834 31429 11%
c w 2660.14 292 186 102 877 86838 6 17301564 144774 1.6 18 11 4 20 14% 39666 425834 31429 11%
c t 2660.18 292 186 102 877 86838 6 17301564 144774 1.6 18 11 4 20 14% 39643 425834 31429 11%
c - 2662.15 325 191 102 878 87019 6 17330252 151033 1.6 17 11 4 20 14% 39653 425834 31429 11%
c - 2664.55 327 190 102 879 87264 6 17359884 159036 1.6 17 11 4 20 14% 39665 425834 31429 11%
c - 2666.94 257 195 102 880 87511 6 17389532 165492 1.6 17 10 4 20 14% 39677 425834 31429 11%
c - 2669.55 258 192 102 881 87786 6 17419198 172147 1.6 16 10 4 20 14% 39693 425834 31429 11%
c } 2670.84 258 192 103 881 87920 7 17434515 186342 1.6 16 10 4 20 14% 39700 425834 31429 11%
c [ 2670.84 258 342 103 881 87920 2 17434515 186342 2.3 219 96 7 64 48% 39700 425834 31429 11%
c W 2671.03 290 342 103 881 87920 2 17434515 186342 2.3 219 96 7 64 48% 39700 425834 31429 11%
c - 2673.14 294 348 103 882 87928 2 17448880 175553 2.3 213 93 7 64 48% 39700 425834 31429 11%
c - 2679.35 226 349 103 883 87941 2 17478578 171068 2.3 213 93 7 64 49% 39700 425834 31429 11%
c - 2684.66 226 338 103 884 87950 2 17508293 166903 2.3 204 88 7 64 48% 39701 425834 31429 11%
c - 2689.96 221 351 103 885 87964 2 17538025 168223 2.3 197 85 7 64 48% 39701 425834 31429 11%
c - 2696.07 223 348 103 886 87977 2 17567774 168914 2.3 198 85 7 64 49% 39701 425834 31429 11%
c - 2700.28 223 345 103 887 87981 2 17597539 167835 2.3 194 83 7 64 47% 39701 425834 31429 11%
c - 2705.12 258 371 103 888 87982 2 17627321 162598 2.1 210 98 7 64 46% 39701 425834 31429 11%
c - 2709.75 262 382 103 889 87997 2 17657123 162938 2.1 200 94 7 64 47% 39701 425834 31429 11%
c
c  seconds      switched       rate             size/glue   tier1     binary           remaining
c           MB     reductions     conflicts           size    tier2       irredundant
c             level      restarts         redundant       glue    trail           variables
c
c ] 2711.07 262 388 104 889 87997 2 17662506 168280 2.1 200 94 7 64 47% 39701 425834 31429 11%
c { 2711.07 262 192 104 889 87997 7 17662506 168280 1.6 16 10 4 20 14% 39701 425834 31429 11%
c - 2717.21 259 234 104 890 88448 8 17686939 175791 1.7 24 14 4 20 21% 39702 425834 31429 11%
c - 2725.28 192 275 104 891 88988 9 17716772 186455 1.8 33 18 4 20 27% 39704 425834 31429 11%
c - 2733.34 207 304 104 892 89506 10 17746621 193826 1.9 41 22 4 20 31% 39704 425834 31429 11%
c u 2737.31 214 311 104 892 89638 10 17754507 168062 1.9 43 22 4 20 32% 39776 425834 31429 11%
c v 2738.40 217 311 104 892 89638 10 17754507 153429 1.9 43 22 4 20 32% 39776 425834 31429 11%
c w 2740.66 221 311 104 892 89638 10 17754507 152538 1.9 43 22 4 20 32% 39776 425834 31429 11%
c t 2740.72 221 311 104 892 89638 10 17754507 152538 1.9 43 22 4 20 32% 39750 425834 31429 11%
c - 2744.57 236 335 104 893 89834 10 17776487 154935 1.9 42 22 4 20 34% 39752 425834 31429 11%
c - 2750.35 239 347 104 894 90176 9 17806370 163620 1.9 46 24 4 20 37% 39753 425834 31429 11%
c - 2757.52 254 356 104 895 90617 10 17836271 169221 1.9 50 25 4 20 39% 39754 425834 31429 11%
c - 2764.64 223 364 104 896 91027 10 17866189 171468 2.0 53 27 4 20 40% 39754 425834 31429 11%
c o 2765.36 232 364 104 896 91068 10 17870577 175650 2.0 53 27 4 20 40% 39754 425834 31429 11%
c - 2771.62 239 369 104 897 91405 10 17896122 172696 2.0 56 28 4 20 41% 39756 425834 31429 11%
c - 2779.16 224 373 104 898 91820 10 17926072 173504 2.0 60 30 4 20 42% 39757 425834 31429 11%
c - 2786.53 247 379 104 899 92207 10 17956038 172902 2.0 63 31 4 20 43% 39758 425834 31429 11%
c - 2793.56 233 379 104 900 92547 9 17986022 173334 2.0 64 31 4 20 43% 39762 425834 31429 11%
c s 2798.87 239 378 104 900 92806 9 18008633 195592 2.0 65 32 4 20 43% 39770 425759 31429 11%
c e 2798.97 240 378 104 900 92806 9 18008633 195592 2.0 65 32 4 20 43% 39717 426233 31399 11%
c
c  seconds      switched       rate             size/glue  tier1     binary           remaining
c           MB     reductions     conflicts           size   tier2       irredundant
c             level      restarts         redundant      glue    trail           variables
c
c s 2798.99 240 378 104 900 92806 9 18008633 195592 2.0 65 32 4 20 43% 39718 426074 31399 11%
c - 2801.02 244 378 104 901 92903 9 18016025 173042 2.0 65 32 4 20 43% 39718 426074 31399 11%
c - 2807.61 214 379 104 902 93214 9 18046041 173071 2.1 66 32 4 20 43% 39719 426074 31399 11%
c - 2814.99 231 382 104 903 93587 9 18076075 172050 2.1 68 33 4 20 44% 39719 426074 31399 11%
c - 2821.91 248 385 104 904 93913 9 18106125 171940 2.1 70 33 4 20 44% 39719 426074 31399 11%
c - 2828.66 224 385 104 905 94240 9 18136191 171636 2.1 70 34 4 20 44% 39720 426074 31399 11%
c - 2836.28 239 386 104 906 94597 9 18166275 170673 2.1 72 34 4 20 45% 39721 426074 31399 11%
c } 2841.52 255 387 105 906 94853 9 18190801 194783 2.1 73 34 4 20 44% 39721 426074 31399 11%
c [ 2841.52 255 388 105 906 94853 2 18190801 194783 2.1 200 94 7 64 47% 39721 426074 31399 11%
c I 2841.52 255 388 105 906 94853 2 18190801 194783 2.1 200 94 7 64 47% 39721 426074 31399 11%
c - 2842.54 256 388 105 907 94857 2 18196376 168360 2.1 197 94 7 64 47% 39721 426074 31399 11%
c u 2847.05 267 379 105 907 94866 2 18213860 150733 2.1 190 89 7 64 46% 39750 426074 31399 11%
c v 2848.22 268 379 105 907 94866 2 18213860 138102 2.1 190 89 7 64 46% 39750 426074 31399 11%
c w 2852.49 276 379 105 907 94866 2 18213860 136789 2.1 190 89 7 64 46% 39750 426074 31399 11%
c t 2852.54 228 379 105 907 94866 2 18213860 136789 2.1 190 89 7 64 46% 39729 426074 31399 11%
c f 2852.58 228 379 105 907 94866 2 18213860 136789 2.1 190 89 7 64 46% 39735 425970 31404 11%
c u 2853.67 253 379 105 907 94866 2 18213860 133938 2.1 190 89 7 64 46% 39748 425970 31404 11%
c v 2854.36 255 379 105 907 94866 2 18213860 129462 2.1 190 89 7 64 46% 39747 425970 31404 11%
c w 2859.84 297 379 105 907 94866 2 18213860 125409 2.1 190 89 7 64 46% 39747 425970 31404 11%
c t 2859.89 297 379 105 907 94866 2 18213860 125409 2.1 190 89 7 64 46% 39743 425970 31404 11%
c
c  seconds      switched       rate             size/glue   tier1     binary           remaining
c           MB     reductions     conflicts           size    tier2       irredundant
c             level      restarts         redundant       glue    trail           variables
c
c - 2863.40 297 385 105 908 94870 2 18226492 105489 2.1 196 93 7 64 46% 39743 425970 31404 11%
c - 2869.54 297 375 105 909 94883 2 18256627 99856 2.1 204 95 7 64 48% 39743 425970 31404 11%
c - 2872.84 332 371 105 910 94892 2 18286776 99460 2.2 197 91 7 64 46% 39743 425970 31404 11%
c - 2879.28 260 352 105 911 94905 2 18316942 97209 2.2 201 91 7 64 47% 39743 425970 31404 11%
c - 2883.52 293 343 105 912 94914 2 18347124 93629 2.2 194 88 7 64 45% 39743 425970 31404 11%
c - 2887.36 295 355 105 913 94915 2 18377323 92566 2.3 193 86 7 64 45% 39743 425970 31404 11%
c - 2891.03 218 358 105 914 94928 2 18407538 94750 2.3 186 82 7 64 44% 39743 425970 31404 11%
c - 2896.74 252 361 105 915 94941 2 18437772 95192 2.2 191 86 7 64 45% 39744 425970 31404 11%
c - 2900.56 252 342 105 916 94946 2 18468021 94399 2.3 190 84 7 64 45% 39744 425970 31404 11%
c o 2900.91 252 341 105 916 94948 2 18470862 97216 2.3 190 83 7 64 45% 39744 425970 31404 11%
c - 2905.32 218 349 105 917 94961 2 18498287 96834 2.3 186 81 7 64 46% 39745 425970 31404 11%
c - 2909.57 220 340 105 918 94976 2 18528571 97497 2.3 186 81 7 64 45% 39745 425970 31404 11%
c - 2914.61 195 359 105 919 94978 2 18558871 95222 2.2 198 89 7 64 47% 39745 425970 31404 11%
c - 2921.95 199 389 105 920 94979 2 18589186 88908 2.1 217 104 7 64 47% 39745 425970 31404 11%
c - 2928.53 202 387 105 921 94979 2 18619517 85109 2.1 230 110 7 64 49% 39745 425970 31404 11%
c - 2935.52 210 385 105 922 94979 2 18649864 85431 2.1 238 114 7 64 49% 39745 425970 31404 11%
c u 2941.34 221 374 105 922 94994 2 18679630 108076 2.2 225 104 7 64 49% 39755 425970 31404 11%
c v 2941.71 225 374 105 922 94994 2 18679630 103533 2.2 225 104 7 64 49% 39755 425970 31404 11%
c w 2947.74 269 374 105 922 94994 2 18679630 102350 2.2 225 104 7 64 49% 39755 425970 31404 11%
c t 2947.79 269 374 105 922 94994 2 18679630 102350 2.2 225 104 7 64 49% 39752 425970 31404 11%
c
c  seconds      switched       rate            size/glue    tier1     binary           remaining
c           MB     reductions     conflicts          size     tier2       irredundant
c             level      restarts         redundant      glue     trail           variables
c
c - 2947.95 271 374 105 923 94994 2 18680228 81298 2.2 224 104 7 64 49% 39752 425970 31404 11%
c - 2951.41 276 362 105 924 95009 2 18710608 89352 2.2 204 93 7 64 47% 39752 425970 31404 11%
c B 2952.83 277 374 105 924 95010 2 18725201 103773 2.2 197 90 7 64 46% 39752 425970 31404 11%
c - 2955.36 313 383 105 925 95017 2 18741008 92330 2.1 198 95 7 64 46% 39752 425970 31404 11%
c - 2959.19 326 377 105 926 95031 2 18771421 93493 2.2 189 87 7 64 46% 39752 425970 31404 11%
c - 2964.53 249 372 105 927 95041 2 18801851 93865 2.2 189 87 7 64 46% 39752 425970 31404 11%
c - 2969.07 255 349 105 928 95042 2 18832298 87077 2.1 202 95 7 64 44% 39752 425970 31404 11%
c ] 2969.54 256 346 106 928 95042 2 18835860 90576 2.1 203 95 7 64 43% 39752 425970 31404 11%
c { 2969.54 256 387 106 928 95042 9 18835860 90576 2.1 73 34 4 20 44% 39752 425970 31404 11%
c - 2973.88 278 392 106 929 95243 8 18862761 93318 2.1 69 33 4 20 45% 39753 425970 31404 11%
c - 2978.81 235 394 106 930 95487 8 18893240 108062 2.1 67 32 4 20 44% 39755 425970 31404 11%
c - 2985.03 251 394 106 931 95799 8 18923737 114467 2.1 67 32 4 20 45% 39756 425970 31404 11%
c - 2991.12 220 391 106 932 96093 8 18954249 118568 2.1 67 32 4 20 45% 39758 425970 31404 11%
c - 2997.41 237 390 106 933 96420 8 18984778 121404 2.1 67 32 4 20 45% 39758 425970 31404 11%
c - 3004.06 252 389 106 934 96758 9 19015323 123429 2.1 68 32 4 20 45% 39758 425970 31404 11%
c - 3010.71 277 392 106 935 97088 9 19045884 125457 2.1 68 32 4 20 45% 39759 425970 31404 11%
c - 3016.86 232 387 106 936 97395 9 19076463 127040 2.1 68 32 4 21 44% 39761 425969 31404 11%
c o 3017.92 234 388 106 936 97452 9 19080894 131406 2.1 68 32 4 21 44% 39761 425969 31404 11%
c - 3023.37 252 387 106 937 97724 9 19107057 127533 2.1 68 32 4 21 44% 39761 425969 31404 11%
c - 3029.42 280 385 106 938 98040 9 19137668 127233 2.1 68 32 4 21 43% 39761 425969 31404 11%
c
c  seconds      switched       rate             size/glue  tier1     binary           remaining
c           MB     reductions     conflicts           size   tier2       irredundant
c             level      restarts         redundant      glue    trail           variables
c
c u 3033.30 289 386 106 938 98199 9 19151827 126862 2.1 68 33 4 21 43% 39775 425969 31404 11%
c v 3034.49 294 386 106 938 98199 9 19151827 112460 2.1 68 33 4 21 43% 39774 425969 31404 11%
c w 3038.64 299 386 106 938 98199 9 19151827 110079 2.1 68 33 4 21 43% 39774 425969 31404 11%
c t 3038.69 235 386 106 938 98199 9 19151827 110079 2.1 68 33 4 21 43% 39770 425969 31404 11%
c - 3041.71 249 386 106 939 98349 9 19168295 102149 2.1 68 32 4 21 43% 39770 425969 31404 11%
c - 3048.05 267 386 106 940 98680 9 19198940 109607 2.1 68 33 4 21 43% 39770 425969 31404 11%
c - 3054.38 233 389 106 941 98998 9 19229599 114909 2.1 68 33 4 21 43% 39770 425969 31404 11%
c - 3059.90 236 384 106 942 99302 8 19260275 117776 2.1 67 33 4 21 42% 39770 425969 31404 11%
c s 3064.94 188 389 106 942 99560 8 19285250 142450 2.1 68 33 4 21 43% 39779 425950 31404 11%
c e 3064.97 160 389 106 942 99560 8 19285250 142450 2.1 68 33 4 21 43% 39776 425969 31403 11%
c s 3064.97 160 389 106 942 99560 8 19285250 142450 2.1 68 33 4 21 43% 39776 425958 31403 11%
c - 3066.22 197 388 106 943 99623 9 19290968 120241 2.1 68 33 4 21 43% 39776 425958 31403 11%
c - 3073.34 223 388 106 944 99988 9 19321678 121975 2.1 70 34 4 21 43% 39778 425958 31403 11%
c - 3079.64 249 389 106 945 100310 9 19352402 123423 2.1 71 34 4 21 43% 39778 425958 31403 11%
c } 3085.18 277 388 107 945 100598 8 19382885 153260 2.1 71 34 4 21 43% 39780 425958 31403 11%
c [ 3085.18 277 346 107 945 100598 2 19382885 153260 2.1 203 95 7 64 43% 39780 425958 31403 11%
c W 3085.28 288 346 107 945 100598 2 19382885 153260 2.1 203 95 7 64 43% 39780 425958 31403 11%
c - 3085.34 288 346 107 946 100598 2 19383143 125024 2.1 203 94 7 64 43% 39780 425958 31403 11%
c - 3089.50 246 340 107 947 100612 2 19413900 119584 2.2 195 89 7 64 43% 39780 425958 31403 11%
c - 3094.23 260 341 107 948 100627 2 19444675 108454 2.2 190 86 7 64 44% 39780 425958 31403 11%
c
c  seconds      switched        rate             size/glue   tier1     binary           remaining
c           MB     reductions      conflicts           size    tier2       irredundant
c             level       restarts         redundant       glue    trail           variables
c
c - 3098.72 271 330 107 949 100635 2 19475465 106948 2.4 193 80 7 64 45% 39780 425958 31403 11%
c - 3104.30 277 347 107 950 100650 2 19506271 106955 2.3 190 82 7 64 46% 39780 425958 31403 11%
c - 3109.22 283 369 107 951 100659 2 19537094 104011 2.2 195 89 7 64 46% 39780 425958 31403 11%
c - 3114.04 289 388 107 952 100660 2 19567932 101302 2.2 200 93 7 64 47% 39780 425958 31403 11%
c - 3118.88 295 395 107 953 100673 2 19598786 102399 2.1 200 95 7 64 48% 39780 425958 31403 11%
c - 3122.47 306 387 107 954 100686 2 19629659 105904 2.1 188 89 7 64 45% 39780 425958 31403 11%
c u 3123.34 307 387 107 954 100687 2 19630453 93747 2.1 188 89 7 64 45% 39796 425958 31403 11%
c v 3123.72 308 387 107 954 100687 2 19630453 88238 2.1 188 89 7 64 45% 39796 425958 31403 11%
c w 3125.21 312 387 107 954 100687 2 19630453 85696 2.1 188 89 7 64 45% 39796 425958 31403 11%
c t 3125.25 312 387 107 954 100687 2 19630453 85696 2.1 188 89 7 64 45% 39790 425958 31403 11%
c - 3131.07 319 397 107 955 100691 2 19660545 87307 2.1 195 92 7 64 45% 39790 425958 31403 11%
c - 3135.96 324 392 107 956 100706 2 19691449 91262 2.2 189 88 7 64 45% 39790 425958 31403 11%
c o 3137.35 325 387 107 956 100713 2 19703017 102718 2.2 187 85 7 64 46% 39790 425958 31403 11%
c - 3140.76 334 399 107 957 100721 2 19722368 92753 2.1 188 88 7 64 46% 39790 425958 31403 11%
c - 3147.61 278 363 107 958 100723 2 19753304 91914 2.3 199 88 7 64 48% 39790 425958 31403 11%
c - 3154.93 281 318 107 959 100724 2 19784256 89547 2.4 208 87 7 64 48% 39791 425958 31403 11%
c - 3161.55 286 280 107 960 100724 2 19815223 87222 2.4 213 88 7 64 47% 39791 425958 31403 11%
c - 3167.72 294 261 107 961 100727 2 19846208 86071 2.4 214 89 7 64 46% 39791 425958 31403 11%
c - 3173.04 307 298 107 962 100741 2 19877208 91169 2.3 209 89 7 64 48% 39792 425958 31403 11%
c - 3177.00 312 312 107 963 100755 2 19908224 97380 2.3 192 82 7 64 47% 39792 425958 31403 11%
c
c  seconds      switched        rate            size/glue   tier1     binary           remaining
c           MB     reductions      conflicts          size    tier2       irredundant
c             level       restarts         redundant      glue    trail           variables
c
c - 3181.85 322 323 107 964 100765 2 19939256 98598 2.3 188 82 7 64 48% 39794 425958 31403 11%
c O 3181.99 322 323 107 964 100765 2 19940324 99657 2.3 187 82 7 64 48% 39794 425958 31403 11%
c ] 3184.85 328 317 108 964 100773 2 19960710 119779 2.3 186 79 7 64 47% 39794 425958 31403 11%
c { 3184.85 328 388 108 964 100773 8 19960710 119779 2.1 71 34 4 21 43% 39794 425958 31403 11%
c - 3186.40 331 392 108 965 100837 8 19970304 101188 2.1 70 33 4 21 43% 39794 425958 31403 11%
c - 3190.39 281 406 108 966 101010 8 20001370 111563 2.1 67 32 4 21 44% 39800 425958 31403 11%
c - 3195.55 298 414 108 967 101258 8 20032450 119831 2.1 65 31 4 21 45% 39801 425958 31403 11%
c - 3200.73 235 420 108 968 101517 8 20063547 123670 2.1 64 30 4 21 45% 39801 425958 31403 11%
c - 3206.54 253 424 108 969 101803 8 20094661 126883 2.1 63 30 4 21 45% 39803 425958 31403 11%
c u 3210.51 267 420 108 969 101969 8 20115536 137001 2.1 61 30 4 21 45% 39810 425958 31403 11%
c v 3211.85 269 420 108 969 101969 8 20115536 120812 2.1 61 30 4 21 45% 39810 425958 31403 11%
c w 3215.84 273 420 108 969 101969 8 20115536 118329 2.1 61 30 4 21 45% 39810 425958 31403 11%
c t 3215.89 225 420 108 969 101969 8 20115536 118329 2.1 61 30 4 21 45% 39805 425958 31403 11%
c - 3217.04 231 414 108 970 102028 8 20125789 105217 2.1 60 29 4 21 43% 39805 425958 31403 11%
c - 3220.72 236 400 108 971 102244 8 20156933 113278 2.0 57 28 4 21 41% 39806 425958 31403 11%
c - 3226.31 252 408 108 972 102579 8 20188093 120227 2.0 58 29 4 21 42% 39807 425958 31403 11%
c - 3232.26 269 414 108 973 102900 8 20219274 122197 2.0 59 29 4 21 43% 39807 425958 31403 11%
c - 3237.41 221 407 108 974 103180 8 20250466 124288 2.0 57 28 4 21 42% 39808 425958 31403 11%
c - 3243.64 248 411 108 975 103537 8 20281675 125426 2.0 60 29 4 21 43% 39811 425958 31403 11%
c - 3249.81 267 417 108 976 103870 9 20312903 126466 2.0 61 30 4 21 43% 39811 425958 31403 11%
c
c  seconds      switched        rate             size/glue  tier1     binary           remaining
c           MB     reductions      conflicts           size   tier2       irredundant
c             level       restarts         redundant      glue    trail           variables
c
c o 3252.64 282 413 108 976 104018 8 20333044 145829 2.0 60 29 4 21 43% 39811 425958 31403 11%
c - 3255.48 288 417 108 977 104163 9 20344143 126294 2.0 61 30 4 21 44% 39812 425958 31403 11%
c - 3261.75 251 421 108 978 104494 9 20375400 127293 2.1 62 30 4 21 44% 39814 425958 31403 11%
c - 3267.88 280 424 108 979 104833 9 20406674 128661 2.1 63 30 4 21 45% 39815 425958 31403 11%
c - 3272.88 251 420 108 980 105104 8 20437962 130464 2.1 63 30 4 21 44% 39815 425958 31403 11%
c - 3279.40 282 423 108 981 105456 9 20469266 131986 2.1 65 31 4 21 44% 39815 425958 31403 11%
c - 3285.50 253 429 108 982 105779 9 20500586 133060 2.1 66 32 4 21 45% 39819 425958 31403 11%
c } 3290.59 271 431 109 982 106050 9 20526750 158903 2.1 66 32 4 21 45% 39820 425957 31403 11%
c [ 3290.59 271 317 109 982 106050 2 20526750 158903 2.3 186 79 7 64 47% 39820 425957 31403 11%
c B 3290.59 271 317 109 982 106050 2 20526750 158903 2.3 186 79 7 64 47% 39820 425957 31403 11%
c - 3291.38 277 321 109 983 106054 2 20531923 133356 2.3 185 79 7 64 47% 39820 425957 31403 11%
c - 3297.21 235 345 109 984 106067 2 20563275 124976 2.3 188 82 7 64 48% 39820 425957 31403 11%
c - 3301.67 246 363 109 985 106080 2 20594645 115021 2.3 182 79 7 64 48% 39821 425957 31403 11%
c u 3304.80 276 369 109 985 106080 2 20607101 111395 2.3 186 81 7 64 48% 39846 425957 31403 11%
c v 3305.32 277 369 109 985 106080 2 20607101 103854 2.3 186 81 7 64 48% 39846 425957 31403 11%
c w 3308.65 325 369 109 985 106080 2 20607101 102965 2.3 186 81 7 64 48% 39846 425957 31403 11%
c x 3310.12 288 369 109 985 106080 2 20607101 102963 2.3 186 81 7 64 48% 39854 425897 31403 11%
c t 3310.17 288 369 109 985 106080 2 20607101 102963 2.3 186 81 7 64 48% 39845 425897 31403 11%
c s 3311.07 288 368 109 985 106085 2 20613979 109760 2.3 184 79 7 64 47% 39847 425878 31403 11%
c e 3311.09 288 368 109 985 106085 2 20613979 109760 2.3 184 79 7 64 47% 39845 425889 31402 11%
c
c  seconds      switched        rate             size/glue   tier1     binary           remaining
c           MB     reductions      conflicts           size    tier2       irredundant
c             level       restarts         redundant       glue    trail           variables
c
c s 3311.10 288 368 109 985 106085 2 20613979 109760 2.3 184 79 7 64 47% 39845 425888 31402 11%
c - 3312.39 288 364 109 986 106091 2 20626029 94308 2.3 176 76 7 64 46% 39845 425888 31402 11%
c - 3316.72 323 370 109 987 106105 2 20657429 97000 2.3 172 75 7 64 45% 39845 425888 31402 11%
c - 3320.56 275 369 109 988 106111 2 20688846 99349 2.3 168 72 7 64 44% 39845 425888 31402 11%
c - 3323.89 275 383 109 989 106112 2 20720279 98107 2.2 176 79 7 64 42% 39845 425888 31402 11%
c - 3328.83 309 385 109 990 106127 2 20751728 96453 2.2 178 79 7 64 44% 39845 425888 31402 11%
c - 3333.11 270 375 109 991 106142 2 20783192 99119 2.2 173 80 7 64 43% 39845 425888 31402 11%
c - 3337.81 272 375 109 992 106150 2 20814672 99889 2.3 174 77 7 64 43% 39845 425888 31402 11%
c - 3342.46 304 376 109 993 106164 2 20846168 101232 2.3 174 77 7 64 43% 39845 425888 31402 11%
c - 3347.84 254 372 109 994 106174 2 20877680 100211 2.3 178 79 7 64 44% 39845 425888 31402 11%
c - 3351.29 254 345 109 995 106175 2 20909207 100576 2.4 180 77 7 64 43% 39845 425888 31402 11%
c - 3355.13 286 353 109 996 106176 2 20940750 100089 2.3 186 80 7 64 43% 39845 425888 31402 11%
c - 3360.26 219 380 109 997 106176 2 20972309 96508 2.1 193 91 7 64 43% 39845 425888 31402 11%
c o 3363.15 219 390 109 997 106179 2 20988463 112430 2.0 204 101 7 64 43% 39845 425888 31402 11%
c - 3365.65 219 400 109 998 106187 2 21003884 93259 2.0 205 103 7 64 43% 39845 425888 31402 11%
c - 3370.27 212 381 109 999 106201 2 21035475 94685 2.1 198 96 7 64 43% 39845 425888 31402 11%
c - 3376.27 215 352 109 1000 106207 2 21067082 95734 2.2 208 95 7 64 44% 39846 425888 31402 11%
c - 3381.81 219 328 109 1001 106222 2 21098704 96698 2.3 206 91 7 64 45% 39846 425888 31402 11%
c u 3383.52 213 326 109 1001 106225 2 21105119 94977 2.3 204 89 7 64 46% 39852 425888 31402 11%
c v 3383.83 213 326 109 1001 106225 2 21105119 90697 2.3 204 89 7 64 46% 39852 425888 31402 11%
c
c  seconds      switched         rate            size/glue   tier1     binary           remaining
c           MB      reductions      conflicts          size    tier2       irredundant
c             level        restarts         redundant      glue    trail           variables
c
c w 3386.81 222 326 109 1001 106225 2 21105119 87845 2.3 204 89 7 64 46% 39852 425888 31402 11%
c t 3386.86 222 326 109 1001 106225 2 21105119 87845 2.3 204 89 7 64 46% 39849 425888 31402 11%
c W 3387.57 235 327 109 1001 106228 2 21107569 90280 2.3 202 88 7 64 46% 39849 425888 31402 11%
c - 3390.56 243 340 109 1002 106237 2 21130343 89022 2.3 196 86 7 64 46% 39849 425888 31402 11%
c ] 3390.73 243 340 110 1002 106237 2 21131316 89991 2.3 197 86 7 64 46% 39849 425888 31402 11%
c { 3390.73 243 431 110 1002 106237 9 21131316 89991 2.1 66 32 4 21 45% 39849 425888 31402 11%
c - 3395.97 245 428 110 1003 106496 9 21161998 102026 2.1 65 31 4 21 46% 39851 425888 31402 11%
c - 3402.22 246 424 110 1004 106812 9 21193670 112913 2.1 65 31 4 21 47% 39855 425888 31402 11%
c - 3408.22 179 424 110 1005 107102 9 21225355 118490 2.1 66 31 4 21 47% 39856 425888 31402 11%
c - 3414.59 186 422 110 1006 107410 9 21257057 122310 2.1 66 31 4 21 48% 39858 425888 31402 11%
c - 3420.80 189 420 110 1007 107699 8 21288776 124973 2.2 66 31 4 21 48% 39858 425888 31402 11%
c - 3427.71 187 417 110 1008 108068 9 21320509 126749 2.2 68 31 4 21 48% 39860 425888 31402 11%
c - 3434.03 184 416 110 1009 108376 8 21352258 128549 2.2 69 32 4 21 48% 39860 425888 31402 11%
c - 3440.61 189 415 110 1010 108695 8 21384024 130436 2.2 69 32 4 21 48% 39861 425888 31402 11%
c - 3447.16 188 415 110 1011 109026 8 21415804 131573 2.2 70 32 4 21 49% 39866 425888 31402 11%
c - 3453.74 189 413 110 1012 109344 8 21447600 132396 2.2 71 32 4 21 49% 39867 425888 31402 11%
c - 3460.52 189 413 110 1013 109682 8 21479411 132722 2.2 71 33 4 21 48% 39869 425888 31402 11%
c - 3467.13 188 415 110 1014 109994 8 21511238 132755 2.2 72 33 4 21 48% 39870 425888 31402 11%
c - 3473.71 188 414 110 1015 110318 8 21543081 133660 2.2 73 33 4 21 49% 39870 425888 31402 11%
c - 3479.98 187 418 110 1016 110613 8 21574940 134912 2.2 74 33 4 21 49% 39872 425888 31402 11%
c
c  seconds      switched         rate             size/glue  tier1     binary           remaining
c           MB      reductions      conflicts           size   tier2       irredundant
c             level        restarts         redundant      glue    trail           variables
c
c - 3486.98 187 418 110 1017 110961 8 21606814 135952 2.2 75 34 4 21 49% 39872 425888 31402 11%
c u 3488.16 178 417 110 1017 110973 8 21609620 125335 2.2 75 34 4 21 49% 39891 425888 31402 11%
c v 3489.27 182 417 110 1017 110973 8 21609620 113257 2.2 75 34 4 21 49% 39891 425888 31402 11%
c w 3492.50 187 417 110 1017 110973 8 21609620 111735 2.2 75 34 4 21 49% 39891 425888 31402 11%
c t 3492.55 187 417 110 1017 110973 8 21609620 111735 2.2 75 34 4 21 49% 39882 425888 31402 11%
c o 3498.76 176 417 110 1017 111281 8 21638485 140327 2.2 75 34 4 21 49% 39882 425888 31402 11%
c - 3498.86 178 417 110 1018 111283 8 21638704 113998 2.2 75 34 4 21 49% 39882 425888 31402 11%
c - 3505.43 188 419 110 1019 111607 8 21670612 121021 2.2 75 34 4 21 50% 39883 425888 31402 11%
c - 3511.63 189 419 110 1020 111890 8 21702533 124699 2.2 75 34 4 21 50% 39884 425888 31402 11%
c } 3514.68 187 419 111 1020 112049 8 21716655 138682 2.2 76 34 4 21 50% 39884 425888 31402 11%
c [ 3514.68 187 340 111 1020 112049 2 21716655 138682 2.3 197 86 7 64 46% 39884 425888 31402 11%
c I 3514.68 187 340 111 1020 112049 2 21716655 138682 2.3 197 86 7 64 46% 39884 425888 31402 11%
c - 3517.43 178 339 111 1021 112060 2 21734471 123215 2.3 194 83 7 64 47% 39884 425888 31402 11%
c - 3523.58 186 338 111 1022 112074 2 21766424 113914 2.4 193 82 7 64 47% 39885 425888 31402 11%
c - 3526.39 177 347 111 1023 112079 2 21798393 107499 2.3 182 78 7 64 43% 39885 425888 31402 11%
c - 3530.65 185 361 111 1024 112094 2 21830378 106895 2.3 177 77 7 64 42% 39885 425888 31402 11%
c - 3535.48 178 368 111 1025 112109 2 21862378 106315 2.3 173 76 7 64 43% 39885 425888 31402 11%
c - 3542.10 183 355 111 1026 112111 2 21894394 103453 2.3 191 83 7 64 45% 39885 425888 31402 11%
c - 3547.27 169 352 111 1027 112119 2 21926425 100442 2.3 193 83 7 64 45% 39885 425888 31402 11%
c - 3551.95 183 355 111 1028 112133 2 21958473 103378 2.3 192 82 7 64 44% 39886 425887 31402 11%
c
c  seconds      switched         rate             size/glue   tier1     binary           remaining
c           MB      reductions      conflicts           size    tier2       irredundant
c             level        restarts         redundant       glue    trail           variables
c
c - 3557.75 186 334 111 1029 112142 2 21990535 104091 2.4 193 81 7 64 44% 39886 425887 31402 11%
c s 3558.52 169 329 111 1029 112142 2 21995429 108928 2.4 195 81 7 64 44% 39887 425870 31402 11%
c - 3563.20 184 337 111 1030 112157 2 22022613 104846 2.4 190 79 7 64 45% 39887 425870 31402 11%
c - 3568.83 188 335 111 1031 112172 2 22054706 107328 2.4 190 77 7 64 46% 39887 425870 31402 11%
c - 3574.49 179 360 111 1032 112174 2 22086815 103591 2.2 204 92 7 64 46% 39887 425870 31402 11%
c - 3581.65 156 364 111 1033 112175 2 22118939 94717 2.2 238 108 7 64 48% 39887 425870 31402 11%
c u 3582.58 150 363 111 1033 112175 2 22120634 85699 2.2 236 107 7 64 48% 39897 425870 31402 11%
c v 3582.83 151 363 111 1033 112175 2 22120634 81180 2.2 236 107 7 64 48% 39897 425870 31402 11%
c w 3583.86 155 363 111 1033 112175 2 22120634 79600 2.2 236 107 7 64 48% 39897 425870 31402 11%
c t 3583.90 155 363 111 1033 112175 2 22120634 79600 2.2 236 107 7 64 48% 39895 425870 31402 11%
c - 3590.61 183 344 111 1034 112175 2 22151079 78234 2.2 244 113 7 65 47% 39895 425870 31402 11%
c - 3596.17 179 335 111 1035 112181 2 22183235 81721 2.1 238 111 7 65 46% 39895 425870 31402 11%
c caught signal 15 (SIGTERM)
c
c ---- [ profiling ] ---------------------------------------------------------
c
c        3235.44   89.92 %  search
c        1691.91   47.02 %  focused
c        1543.53   42.90 %  stable
c         362.20   10.07 %  simplify
c         341.53    9.49 %  probe
c         286.38    7.96 %  vivify
c          28.99    0.81 %  sweep
c          18.59    0.52 %  reduce
c          17.86    0.50 %  eliminate
c          14.65    0.41 %  factor
c           7.80    0.22 %  substitute
c           7.58    0.21 %  subsume
c           3.06    0.09 %  walking
c           1.64    0.05 %  transitive
c           1.36    0.04 %  congruence
c           0.72    0.02 %  backbone
c           0.27    0.01 %  preprocess
c           0.10    0.00 %  parse
c           0.04    0.00 %  lucky
c =============================================
c        3598.04  100.00 %  total
c
c ---- [ statistics ] --------------------------------------------------------
c
c chronological:                       115030                1 %  conflicts
c conflicts:                         22194550             6168.50 per second
c congruent:                              304                0 %  variables
c decisions:                        114708519                5.17 per conflict
c eliminated:                          240899               88 %  variables
c factored:                              1229                0 %  variables
c iterations:                             109                0 %  variables
c propagations:                   24797895737          6892048    per second
c reductions:                            1035            21444    interval
c reordered:                               66           336281    interval
c rephased:                                81           274007    interval
c restarts:                            112187              198    interval
c strengthened:                         42752                0 %  checks
c substituted:                            639                0 %  variables
c subsumed:                             99962                0 %  checks
c switched:                               111           199951    interval
c vivified:                           3679257               33 %  checks
c walks:                                   27           822020    interval
c
c ---- [ glue usage ] --------------------------------------------------------
c
c focused glue 4    used  4622473 clauses 10.11% accumulated 52.48% tier1
c focused glue 5    used  3245599 clauses  7.10% accumulated 59.59%
c focused glue 6-19 used 13402209 clauses 29.32% accumulated 88.91%
c focused glue 20   used   308439 clauses  0.67% accumulated 89.59%
c focused glue 21   used   284619 clauses  0.62% accumulated 90.21% tier2
c
c stable glue 7    used  2291154 clauses  2.88% accumulated 51.56% tier1
c stable glue 8    used  1990013 clauses  2.50% accumulated 54.07%
c stable glue 9-63 used 28405485 clauses 35.75% accumulated 89.82%
c stable glue 64   used   140195 clauses  0.18% accumulated 89.99%
c stable glue 65   used   132414 clauses  0.17% accumulated 90.16% tier2
c
c ---- [ resources ] ---------------------------------------------------------
c
c maximum-resident-set-size:     475617296384 bytes     453584 MB
c process-time:                        59m 58s            3598.04 seconds
c raising signal 15 (SIGTERM)
