c ---- [ banner ] ------------------------------------------------------------
c
c Kissat SAT Solver
c 
c Copyright (c) 2021-2024 Armin Biere University of Freiburg
c Copyright (c) 2019-2021 Armin Biere Johannes Kepler University Linz
c 
c Version 4.0.4 unknown
c Apple clang version 17.0.0 (clang-1700.3.19.1) -W -Wall -O3 -DNDEBUG
c Thu Oct 16 20:09:41 UTC 2025 Darwin Tahoe-arm64.local 25.0.0 arm64
c
c ---- [ parsing ] -----------------------------------------------------------
c
c opened and reading DIMACS file:
c
c   /Users/rwalters/lean-genius-erdos85-goal48-sol3/q9-solver-controls/runs/008-N80-m4/input.cnf
c
c parsed 'p cnf 144957 494089' header
c closing input after reading 8065831 bytes (8 MB)
c finished parsing after 0.04 seconds
c
c ---- [ options ] -----------------------------------------------------------
c
c --restartint=50                  (different from default '1')
c --target=2                       (different from default '1')
c
c ---- [ solving ] -----------------------------------------------------------
c
c seconds switched rate     size/glue tier1   binary            remaining
c        MB reductions conflicts size  tier2      irredundant
c         level restarts redundant glue  trail            variables
c
c *  0.04 38 0 0 0  0 0   0   0 0.0 0 0 0 0 0% 344650 141200 142665 98%
c (  0.05 42 0 0 0  0 0   0   0 0.0 0 0 0 0 0% 344650 141200 142665 98%
c .  0.06 42 0 0 0  0 0   0   0 0.0 0 0 0 0 0% 341150 138500 142665 98%
c c  0.15 75 0 0 0  0 0   0   0 0.0 0 0 0 0 0% 342507 138499 139279 96%
c d  0.16 75 0 0 0  0 0   0   0 0.0 0 0 0 0 0% 334379 138499 139279 96%
c )  0.19 76 0 0 0  0 0   0   0 0.0 0 0 0 0 0% 334377 138499 139279 96%
c {  0.20 76 0 0 0  0 0   0   0 0.0 0 0 2 6 0% 334377 138499 139279 96%
c i  0.20 76 244 0 0  0 8  41  40 3.2 62 19 2 6 68% 334377 138499 139278 96%
c -  0.33 77 251 0 1  7 6 1000 689 4.6 78 17 9 27 65% 334362 138499 139272 96%
c }  0.33 77 251 1 1  7 6 1000 689 4.6 78 17 9 27 65% 334362 138499 139272 96%
c [  0.33 77 0 1 1  7 0 1000 689 0.0 0 0 2 6 0% 334362 138499 139272 96%
c B  0.33 77 221 1 1  7 40 1001 690 1.8 9 5 2 6 66% 334362 138499 139272 96%
c i  0.33 77 162 1 1  7 72 1002 690 2.0 5 2 2 6 36% 334362 138499 139271 96%
c i  0.33 77 133 1 1  7 36 1004 690 2.2 3 1 2 6 22% 334363 138499 139269 96%
c i  0.33 77 122 1 1  7 24 1006 690 2.5 2 1 2 6 17% 334363 138499 139266 96%
c i  0.34 77 167 1 1  7 4 1230 907 3.8 19 5 2 6 16% 334368 138499 139259 96%
c i  0.34 77 156 1 1  7 4 1248 921 3.6 18 5 2 6 15% 334369 138499 139245 96%
c i  0.34 77 154 1 1  7 4 1251 921 3.6 18 5 2 6 15% 334370 138499 139233 96%
c i  0.35 77 173 1 1  7 4 1569 1209 3.0 15 5 3 7 20% 334375 138499 139232 96%
c -  0.37 77 183 1 2  7 3 2001 1406 2.6 19 7 4 11 23% 334262 138499 139226 96%
c
c seconds   switched rate       size/glue tier1      binary            remaining
c        MB  reductions conflicts     size  tier2        irredundant
c          level restarts  redundant    glue    trail            variables
c
c W  0.39 89 183 1 2  7 3 2002 1407 2.6 19 7 4 11 23% 334262 138454 139226 96%
c u  0.56 112 178 1 2  8 3 2705 2055 6.3 84 13 4 12 39% 334294 138423 139226 96%
c v  0.57 112 178 1 2  8 3 2705 2054 6.3 84 13 4 12 39% 334294 138423 139226 96%
c w  0.58 112 178 1 2  8 3 2705 2053 6.3 84 13 4 12 39% 334294 138423 139226 96%
c x  0.59 112 178 1 2  8 3 2705 2053 6.3 84 13 4 12 39% 334347 138344 139174 96%
c d  0.60 112 178 1 2  8 3 2705 2053 6.3 84 13 4 12 39% 334206 138317 139099 96%
c t  0.61 112 178 1 2  8 3 2705 2053 6.3 84 13 4 12 39% 334205 138317 139099 96%
c d  0.62 112 178 1 2  8 3 2705 2053 6.3 84 13 4 12 39% 334203 138317 139098 96%
c b  0.62 112 178 1 2  8 3 2705 2053 6.3 84 13 4 12 39% 334203 138317 139095 96%
c u  0.63 112 178 1 2  8 3 2705 2050 6.3 84 13 4 12 39% 334203 138317 139095 96%
c v  0.64 112 178 1 2  8 3 2705 2050 6.3 84 13 4 12 39% 334203 138317 139095 96%
c w  0.65 112 178 1 2  8 3 2705 2050 6.3 84 13 4 12 39% 334203 138317 139095 96%
c x  0.66 112 178 1 2  8 3 2705 2050 6.3 84 13 4 12 39% 334207 138313 139095 96%
c d  0.70 113 178 1 2  8 3 2705 2050 6.3 84 13 4 12 39% 334205 138313 139094 96%
c i  0.71 113 178 1 2  8 3 2705 2050 6.3 84 13 4 12 39% 334205 138313 139094 96%
c ]  0.76 113 217 2 2  9 3 3071 2406 4.9 97 20 5 25 44% 334205 138313 139094 96%
c {  0.76 113 251 2 2  9 6 3071 2406 4.6 78 17 9 27 65% 334205 138313 139094 96%
c -  0.81 113 204 2 3 11 5 3415 2423 5.1 88 17 9 25 62% 334046 138313 139094 96%
c }  0.85 113 145 3 3 11 4 4071 3076 5.9 95 16 9 25 51% 334046 138313 139094 96%
c [  0.85 113 217 3 3 11 3 4071 3076 4.9 97 20 5 25 44% 334046 138313 139094 96%
c
c seconds    switched rate       size/glue  tier1      binary            remaining
c         MB  reductions conflicts     size   tier2        irredundant
c           level restarts  redundant     glue    trail            variables
c
c I  0.86 113 202 3 3 11 3 4262 3266 5.0 98 20 5 25 43% 334046 138313 139094 96%
c i  0.86 113 201 3 3 11 3 4300 3284 5.0 96 19 6 26 43% 334056 138313 139079 96%
c i  0.86 113 201 3 3 11 3 4320 3291 5.0 95 19 6 26 42% 334067 138313 139068 96%
c i  0.86 113 199 3 3 11 3 4375 3330 4.9 94 19 6 26 41% 334072 138313 139054 96%
c i  0.87 113 198 3 3 11 3 4487 3409 4.8 90 19 6 26 40% 334088 138313 139017 96%
c i  0.87 113 199 3 3 11 3 4503 3423 4.8 90 19 6 26 40% 334089 138313 139012 96%
c i  0.87 113 199 3 3 11 3 4505 3421 4.8 90 19 6 26 40% 334090 138313 139010 96%
c -  0.91 114 270 3 4 12 3 5148 3672 4.4 81 18 5 25 42% 333876 138313 138998 96%
c ]  0.94 114 263 4 4 12 3 5339 3863 4.5 84 19 5 25 43% 333876 138313 138998 96%
c {  0.94 114 145 4 4 12 4 5339 3863 5.9 95 16 9 25 51% 333876 138313 138998 96%
c i  0.95 114 150 4 4 14 4 5444 3967 5.8 94 16 9 25 52% 333876 138313 138992 96%
c i  0.96 114 146 4 4 15 4 5602 4111 5.7 90 16 9 25 51% 333879 138313 138991 96%
c i  0.97 114 150 4 4 16 4 5794 4294 5.5 87 16 9 25 51% 333883 138313 138990 96%
c -  1.11 114 175 4 5 20 4 7148 4912 4.8 67 14 7 20 51% 333862 138313 138990 96%
c }  1.17 114 180 5 5 22 4 7691 5446 4.6 64 14 7 20 52% 333862 138313 138990 96%
c [  1.17 114 263 5 5 22 3 7691 5446 4.5 84 19 5 25 43% 333862 138313 138990 96%
c B  1.20 114 252 5 5 22 3 8033 5771 4.4 78 18 5 25 46% 333862 138313 138990 96%
c u  1.35 115 243 5 5 22 3 8333 5925 4.5 84 18 5 25 48% 333905 138181 138983 96%
c v  1.37 115 243 5 5 22 3 8333 5913 4.5 84 18 5 25 48% 333905 138181 138983 96%
c w  1.38 115 243 5 5 22 3 8333 5912 4.5 84 18 5 25 48% 333905 138181 138983 96%
c
c seconds    switched rate       size/glue  tier1      binary            remaining
c         MB  reductions conflicts     size   tier2        irredundant
c           level restarts  redundant     glue    trail            variables
c
c d  1.39 115 243 5 5 22 3 8333 5912 4.5 84 18 5 25 48% 333861 138181 138961 96%
c t  1.40 115 243 5 5 22 3 8333 5912 4.5 84 18 5 25 48% 333858 138181 138961 96%
c u  1.44 115 243 5 5 22 3 8333 5827 4.5 84 18 5 25 48% 333877 138181 138961 96%
c v  1.46 115 243 5 5 22 3 8333 5807 4.5 84 18 5 25 48% 333878 138181 138961 96%
c w  1.47 115 243 5 5 22 3 8333 5807 4.5 84 18 5 25 48% 333878 138181 138961 96%
c d  1.48 115 243 5 5 22 3 8333 5807 4.5 84 18 5 25 48% 333876 138180 138960 96%
c ]  1.67 115 235 6 5 23 3 9315 6772 4.1 101 24 5 25 52% 333876 138180 138960 96%
c {  1.67 115 180 6 5 23 4 9315 6772 4.6 64 14 7 20 52% 333876 138180 138960 96%
c i  1.68 115 181 6 5 24 4 9366 6821 4.6 65 14 7 20 53% 333876 138180 138957 96%
c -  1.69 115 181 6 6 24 4 9385 5426 4.5 65 14 6 19 52% 333836 138180 138957 96%
c i  1.69 115 181 6 6 24 4 9386 5426 4.5 65 14 6 19 52% 333836 138180 138954 96%
c i  1.69 115 181 6 6 24 4 9388 5426 4.5 65 14 6 19 52% 333837 138180 138951 96%
c i  1.69 115 181 6 6 24 4 9391 5427 4.5 65 14 6 19 52% 333838 138180 138939 96%
c i  1.70 115 174 6 6 26 4 9840 5828 4.4 60 14 6 19 49% 333848 138180 138921 96%
c i  1.70 115 174 6 6 26 4 9846 5829 4.4 60 14 6 19 49% 333850 138180 138920 96%
c i  1.72 115 161 6 6 26 4 10618 6574 4.2 55 13 6 19 44% 333850 138180 138918 96%
c o  1.73 115 161 6 6 26 4 10618 6574 4.2 55 13 6 19 44% 333850 138180 138918 96%
c i  1.73 115 161 6 6 26 4 10620 6574 4.2 55 13 6 19 44% 333851 138180 138911 96%
c i  1.74 115 163 6 6 26 4 10636 6583 4.2 55 13 6 19 44% 333853 138180 138906 96%
c i  1.76 115 169 6 6 26 4 10741 6679 4.1 54 13 5 18 44% 333854 138180 138899 96%
c
c seconds    switched rate        size/glue  tier1      binary            remaining
c         MB  reductions conflicts      size   tier2        irredundant
c           level restarts   redundant     glue    trail            variables
c
c i  1.76 115 169 6 6 26 4 10745 6679 4.1 54 13 5 18 44% 333855 138180 138884 96%
c i  1.76 115 169 6 6 26 4 10747 6679 4.1 54 13 5 18 44% 333856 138180 138880 96%
c i  1.80 115 177 6 6 26 4 11083 6989 4.0 52 13 5 18 42% 333861 138180 138878 96%
c i  1.83 115 180 6 6 26 4 11288 7188 4.0 51 13 5 18 42% 333862 138180 138874 96%
c i  1.83 115 180 6 6 26 4 11302 7197 4.0 51 13 5 18 42% 333862 138180 138871 96%
c i  1.85 115 184 6 6 27 4 11499 7363 3.9 50 13 5 18 41% 333872 138180 138859 96%
c i  1.85 115 184 6 6 27 4 11500 7363 3.9 50 13 5 18 41% 333872 138180 138858 96%
c i  1.85 115 184 6 6 27 4 11503 7362 3.9 50 13 5 18 41% 333873 138180 138850 96%
c i  1.85 115 184 6 6 27 4 11514 7368 3.9 50 13 5 18 41% 333876 138180 138840 96%
c i  1.85 115 185 6 6 27 4 11519 7368 3.9 50 13 5 18 41% 333878 138180 138832 96%
c i  1.85 115 185 6 6 27 4 11532 7373 3.9 50 13 5 18 41% 333885 138180 138830 96%
c i  1.87 115 184 6 6 27 4 11734 7562 3.9 48 12 5 18 40% 333889 138180 138818 96%
c i  1.87 115 184 6 6 27 4 11758 7574 3.9 48 12 5 18 40% 333893 138180 138789 96%
c -  1.88 115 184 6 7 27 4 11838 6169 3.9 48 12 4 17 40% 333503 138180 138789 96%
c i  1.92 115 195 6 7 29 4 12418 6699 3.9 46 12 4 17 40% 333519 138180 138735 96%
c i  1.92 115 195 6 7 29 4 12419 6699 3.9 46 12 4 17 40% 333519 138180 138734 96%
c i  1.92 115 195 6 7 29 4 12420 6699 3.9 46 12 4 17 40% 333519 138180 138732 96%
c i  1.93 115 192 6 7 30 4 12605 6863 3.9 46 12 4 17 40% 333524 138180 138716 96%
c i  1.93 115 192 6 7 30 5 12613 6870 3.9 46 12 4 17 40% 333524 138180 138714 96%
c i  1.93 115 193 6 7 30 5 12627 6882 3.8 46 12 4 17 40% 333525 138180 138711 96%
c
c seconds    switched rate        size/glue  tier1      binary            remaining
c         MB  reductions conflicts      size   tier2        irredundant
c           level restarts   redundant     glue    trail            variables
c
c i  1.93 115 193 6 7 30 4 12638 6887 3.8 46 12 4 17 40% 333528 138180 138709 96%
c i  1.93 115 193 6 7 30 4 12639 6887 3.8 46 12 4 17 40% 333528 138180 138706 96%
c i  1.94 115 193 6 7 30 5 12777 7020 3.8 45 12 4 17 40% 333529 138180 138700 96%
c }  1.96 115 193 7 7 30 4 13385 7578 3.7 43 11 4 17 38% 333531 138180 138700 96%
c [  1.96 115 235 7 7 30 3 13385 7578 4.1 101 24 5 25 52% 333531 138180 138700 96%
c s  2.00 116 234 7 7 30 3 13525 7704 4.1 98 24 5 25 51% 333531 137938 138689 96%
c e  2.37 169 234 7 7 30 3 13525 7704 4.1 98 24 5 25 51% 47845 281855 40425 28%
c 2  2.37 169 234 7 7 30 3 13525 7704 4.1 98 24 5 25 51% 47839 281855 40425 28%
c s  2.44 169 234 7 7 30 3 13525 7704 4.1 98 24 5 25 51% 48242 278232 40425 28%
c e  2.52 169 234 7 7 30 3 13525 7704 4.1 98 24 5 25 51% 45572 280677 39855 27%
c ^  2.52 169 234 7 7 30 3 13525 7704 4.1 98 24 5 25 51% 45572 280677 39855 27%
c W  2.56 169 234 7 7 30 3 13564 195 4.1 98 24 5 25 51% 45441 280677 39855 27%
c -  2.71 169 224 7 8 31 3 14483 871 4.0 101 26 7 36 52% 45452 280667 39855 27%
c ]  3.03 169 214 8 8 32 3 16615 2946 3.3 110 34 7 36 52% 45455 280666 39855 27%
c {  3.03 169 193 8 8 32 4 16615 2946 3.7 43 11 4 17 38% 45455 280666 39855 27%
c i  3.05 169 193 8 8 35 4 16770 3089 3.6 44 12 4 17 38% 45456 280666 39854 27%
c b  3.10 169 193 8 8 40 4 17069 3376 3.5 44 12 4 17 38% 45464 280653 39809 27%
c u  3.12 169 193 8 8 40 4 17069 3229 3.5 44 12 4 17 38% 45474 280653 39809 27%
c v  3.14 169 193 8 8 40 4 17069 2984 3.5 44 12 4 17 38% 45474 280653 39809 27%
c w  3.24 169 193 8 8 40 4 17069 2974 3.5 44 12 4 17 38% 45474 280653 39809 27%
c
c seconds    switched rate        size/glue  tier1     binary           remaining
c         MB  reductions conflicts      size   tier2       irredundant
c           level restarts   redundant     glue    trail           variables
c
c t  3.43 169 193 8 8 40 4 17069 2974 3.5 44 12 4 17 38% 45551 280439 39776 27%
c f  4.53 169 193 8 8 40 4 17069 2974 3.5 44 12 4 17 38% 46650 267302 40443 28%
c b  4.59 175 193 8 8 40 4 17069 2974 3.5 44 12 4 17 38% 46491 267172 40440 28%
c u  4.60 175 193 8 8 40 4 17069 2954 3.5 44 12 4 17 38% 46492 267172 40440 28%
c v  4.62 175 193 8 8 40 4 17069 2822 3.5 44 12 4 17 38% 46492 267172 40440 28%
c w  4.71 175 193 8 8 40 4 17069 2810 3.5 44 12 4 17 38% 46492 267172 40440 28%
c t  4.72 175 193 8 8 40 4 17069 2810 3.5 44 12 4 17 38% 46464 267169 40440 28%
c -  4.79 175 198 8 9 45 5 17312 2206 3.5 45 13 4 17 39% 46458 267169 40440 28%
c -  5.15 175 214 8 10 101 6 20312 4153 3.0 49 16 5 21 42% 46469 267168 40440 28%
c o  5.20 175 214 8 10 108 6 20667 4502 3.0 50 17 5 21 42% 46471 267168 40440 28%
c i  5.24 175 218 8 10 114 6 20991 4815 2.9 50 17 5 21 43% 46473 267168 40439 28%
c }  5.45 175 222 9 10 143 6 22774 6560 2.8 52 18 5 21 44% 46481 267168 40437 28%
c [  5.45 175 214 9 10 143 3 22774 6560 3.3 110 34 7 36 52% 46481 267168 40437 28%
c O  5.45 175 214 9 10 143 3 22774 6560 3.3 110 34 7 36 52% 46481 267168 40437 28%
c i  5.46 175 213 9 10 143 3 22813 6592 3.3 110 34 7 36 52% 46483 267166 40434 28%
c -  5.55 175 208 9 11 143 3 23474 6045 3.3 113 34 9 45 52% 46465 267166 40434 28%
c s  6.16 176 211 9 11 145 2 26618 9098 2.8 128 46 9 45 51% 46472 265950 40434 28%
c e  6.36 176 211 9 11 145 2 26618 9098 2.8 128 46 9 45 51% 39867 275196 37303 26%
c s  6.41 177 211 9 11 145 2 26618 9098 2.8 128 46 9 45 51% 39906 273931 37303 26%
c e  6.51 177 211 9 11 145 2 26618 9098 2.8 128 46 9 45 51% 39687 274181 37210 26%
c
c seconds    switched   rate        size/glue   tier1     binary           remaining
c         MB   reductions conflicts       size    tier2       irredundant
c           level  restarts    redundant      glue    trail           variables
c
c ^  6.51 177 211 9 11 145 2 26618 9098 2.8 128 46 9 45 51% 39687 274181 37210 26%
c -  6.53 177 211 9 12 145 2 26790 2590 2.8 128 46 11 58 51% 39687 274181 37210 26%
c ]  6.61 177 208 10 12 146 2 27294 3090 2.8 129 47 11 58 51% 39687 274181 37210 26%
c {  6.61 177 222 10 12 146 6 27294 3090 2.8 52 18 5 21 44% 39687 274181 37210 26%
c b  6.80 193 223 10 12 172 6 28688 4440 2.8 54 20 5 21 44% 39707 274173 37206 26%
c u  6.83 193 223 10 12 172 6 28688 3945 2.8 54 20 5 21 44% 39709 274173 37206 26%
c v  6.88 193 223 10 12 172 6 28688 3474 2.8 54 20 5 21 44% 39709 274173 37206 26%
c w  6.91 193 223 10 12 172 6 28688 3473 2.8 54 20 5 21 44% 39709 274173 37206 26%
c x  6.95 193 223 10 12 172 6 28688 3469 2.8 54 20 5 21 44% 39733 273450 37201 26%
c t  6.96 193 223 10 12 172 6 28688 3469 2.8 54 20 5 21 44% 39733 273423 37197 26%
c b  6.96 193 223 10 12 172 6 28688 3469 2.8 54 20 5 21 44% 39733 273423 37194 26%
c f  7.00 193 223 10 12 172 6 28688 3469 2.8 54 20 5 21 44% 39743 273335 37204 26%
c u  7.03 193 223 10 12 172 6 28688 3403 2.8 54 20 5 21 44% 39761 273304 37204 26%
c v  7.07 193 223 10 12 172 6 28688 3168 2.8 54 20 5 21 44% 39761 273304 37204 26%
c w  7.16 193 223 10 12 172 6 28688 3165 2.8 54 20 5 21 44% 39761 273304 37204 26%
c t  7.18 193 223 10 12 172 6 28688 3165 2.8 54 20 5 21 44% 39760 273304 37204 26%
c f  7.21 193 223 10 12 172 6 28688 3165 2.8 54 20 5 21 44% 39767 273254 37212 26%
c i  7.22 193 223 10 12 172 6 28688 3165 2.8 54 20 5 21 44% 39767 273254 37212 26%
c -  7.40 193 228 10 13 193 6 30254 4006 2.7 54 20 6 27 44% 39738 273253 37212 26%
c -  7.74 193 238 10 14 233 7 33859 6804 2.6 54 20 6 28 43% 39778 273253 37212 26%
c
c seconds     switched   rate        size/glue  tier1     binary           remaining
c         MB    reductions conflicts       size   tier2       irredundant
c           level   restarts    redundant     glue    trail           variables
c
c }  7.92 193 242 11 14 255 7 35921 8805 2.6 54 21 6 28 43% 39788 273253 37212 26%
c [  7.92 193 208 11 14 255 2 35921 8805 2.8 129 47 11 58 51% 39788 273253 37212 26%
c B  7.92 193 208 11 14 255 2 35921 8805 2.8 129 47 11 58 51% 39788 273253 37212 26%
c -  8.17 193 213 11 15 256 2 37602 8368 2.6 135 52 12 64 50% 39789 273253 37212 26%
c -  8.69 193 220 11 16 259 2 41475 8865 2.3 137 61 11 72 49% 39790 273253 37212 26%
c ]  8.82 193 218 12 16 260 2 42259 9611 2.2 136 61 11 72 49% 39790 273253 37212 26%
c {  8.82 193 242 12 16 260 7 42259 9611 2.6 54 21 6 28 43% 39790 273253 37212 26%
c o  8.83 193 242 12 16 261 7 42311 9662 2.6 54 21 6 28 43% 39790 273253 37212 26%
c u  9.06 193 243 12 16 284 7 43647 10053 2.6 55 21 6 28 44% 39802 273252 37211 26%
c v  9.11 193 243 12 16 284 7 43647 9909 2.6 55 21 6 28 44% 39802 273252 37211 26%
c w  9.14 193 243 12 16 284 7 43647 9907 2.6 55 21 6 28 44% 39802 273252 37211 26%
c x  9.17 193 243 12 16 284 7 43647 9905 2.6 55 21 6 28 44% 39819 272955 37211 26%
c d  9.42 193 243 12 16 284 7 43647 9884 2.6 55 21 6 28 44% 39815 272954 37209 26%
c t  9.44 193 243 12 16 284 7 43647 9884 2.6 55 21 6 28 44% 39793 272954 37209 26%
c f  9.47 193 243 12 16 284 7 43647 9884 2.6 55 21 6 28 44% 39801 272901 37217 26%
c b  9.53 194 243 12 16 284 7 43647 9884 2.6 55 21 6 28 44% 39812 272901 37216 26%
c u  9.56 194 243 12 16 284 7 43647 9515 2.6 55 21 6 28 44% 39833 272901 37216 26%
c v  9.62 194 243 12 16 284 7 43647 9272 2.6 55 21 6 28 44% 39833 272901 37216 26%
c w  9.65 194 243 12 16 284 7 43647 9269 2.6 55 21 6 28 44% 39833 272901 37216 26%
c x  9.68 194 243 12 16 284 7 43647 9261 2.6 55 21 6 28 44% 39861 272182 37216 26%
c
c seconds     switched   rate        size/glue  tier1     binary           remaining
c         MB    reductions conflicts       size   tier2       irredundant
c           level   restarts    redundant     glue    trail           variables
c
c t  9.70 194 243 12 16 284 7 43647 9261 2.6 55 21 6 28 44% 39840 272182 37214 26%
c b  9.70 194 243 12 16 284 7 43647 9261 2.6 55 21 6 28 44% 39840 272182 37213 26%
c f  9.74 194 243 12 16 284 7 43647 9261 2.6 55 21 6 28 44% 39865 272047 37238 26%
c i  9.74 194 243 12 16 284 7 43647 9261 2.6 55 21 6 28 44% 39865 272047 37238 26%
c i  9.77 194 243 12 16 287 7 43932 9519 2.6 55 21 6 28 43% 39872 272045 37236 26%
c i  9.77 194 243 12 16 287 7 43937 9521 2.6 55 21 6 28 43% 39873 272044 37235 26%
c i  9.77 194 243 12 16 287 7 43943 9519 2.6 55 21 6 28 43% 39876 272044 37233 26%
c -  9.94 194 244 12 17 307 7 45475 8340 2.6 55 21 6 29 44% 39840 272044 37227 26%
c - 10.44 194 248 12 18 357 7 49598 10253 2.5 55 22 6 29 45% 39845 272044 37227 26%
c } 10.96 210 252 13 18 413 7 53739 14307 2.5 56 22 6 29 45% 39851 272044 37227 26%
c [ 10.96 210 218 13 18 413 2 53739 14307 2.2 136 61 11 72 49% 39851 272044 37227 26%
c W 11.00 210 218 13 18 413 2 53739 14307 2.2 136 61 11 72 49% 39851 271983 37227 26%
c - 11.01 210 218 13 19 413 2 53840 11937 2.2 136 61 11 72 49% 39851 271983 37227 26%
c s 11.17 210 213 13 19 414 2 54922 12992 2.3 134 59 11 72 49% 39853 271437 37227 26%
c e 11.33 210 213 13 19 414 2 54922 12992 2.3 134 59 11 72 49% 38362 274690 36088 25%
c 2 11.33 210 213 13 19 414 2 54922 12992 2.3 134 59 11 72 49% 38361 274690 36088 25%
c s 11.37 210 213 13 19 414 2 54922 12992 2.3 134 59 11 72 49% 38381 273262 36088 25%
c e 11.46 210 213 13 19 414 2 54922 12992 2.3 134 59 11 72 49% 38298 273422 36039 25%
c ^ 11.46 210 213 13 19 414 2 54922 12992 2.3 134 59 11 72 49% 38298 273422 36039 25%
c - 11.87 210 212 13 20 416 2 58199 8411 2.2 136 62 10 69 48% 38305 273415 36039 25%
c
c seconds     switched   rate         size/glue   tier1      binary           remaining
c         MB    reductions conflicts        size     tier2       irredundant
c           level   restarts     redundant      glue     trail           variables
c
c b 12.37 210 209 13 20 419 2 62048 12202 2.3 138 60 10 69 49% 38305 273415 36033 25%
c u 12.42 210 209 13 20 419 2 62048 11120 2.3 138 60 10 69 49% 38310 273415 36033 25%
c v 12.48 210 209 13 20 419 2 62048 10841 2.3 138 60 10 69 49% 38310 273415 36033 25%
c w 12.53 211 209 13 20 419 2 62048 10840 2.3 138 60 10 69 49% 38310 273415 36033 25%
c x 12.57 211 209 13 20 419 2 62048 10829 2.3 138 60 10 69 49% 38343 272210 36028 25%
c d 12.58 211 209 13 20 419 2 62048 10829 2.3 138 60 10 69 49% 38352 272184 36027 25%
c t 12.59 211 209 13 20 419 2 62048 10829 2.3 138 60 10 69 49% 38335 272184 36021 25%
c f 12.64 211 209 13 20 419 2 62048 10829 2.3 138 60 10 69 49% 38347 272104 36033 25%
c b 12.66 211 209 13 20 419 2 62048 10829 2.3 138 60 10 69 49% 38366 272046 36030 25%
c u 12.70 211 209 13 20 419 2 62048 10294 2.3 138 60 10 69 49% 38377 272046 36030 25%
c v 12.77 211 209 13 20 419 2 62048 10036 2.3 138 60 10 69 49% 38377 272046 36030 25%
c w 12.80 211 209 13 20 419 2 62048 10034 2.3 138 60 10 69 49% 38377 272046 36030 25%
c x 12.84 211 209 13 20 419 2 62048 10034 2.3 138 60 10 69 49% 38381 269952 36030 25%
c t 12.86 211 209 13 20 419 2 62048 10034 2.3 138 60 10 69 49% 38371 269952 36029 25%
c f 12.90 211 209 13 20 419 2 62048 10034 2.3 138 60 10 69 49% 38398 269693 36063 25%
c i 12.90 211 209 13 20 419 2 62048 10034 2.3 138 60 10 69 49% 38398 269693 36063 25%
c - 12.99 211 207 13 21 419 2 62671 8444 2.3 137 60 9 66 49% 38329 269693 36063 25%
c ] 13.16 211 204 14 21 419 2 63799 9544 2.3 136 59 9 66 49% 38330 269693 36063 25%
c { 13.16 211 252 14 21 419 7 63799 9544 2.5 56 22 6 29 45% 38330 269693 36063 25%
c - 13.57 211 253 14 22 468 7 67253 10802 2.5 57 23 6 29 46% 38339 269693 36063 25%
c
c seconds     switched   rate         size/glue  tier1     binary           remaining
c         MB    reductions conflicts        size   tier2       irredundant
c           level   restarts     redundant     glue    trail           variables
c
c i 13.67 211 254 14 22 482 7 68053 11581 2.5 57 23 6 29 46% 38344 269693 36062 25%
c - 14.11 211 255 14 23 534 7 71943 12593 2.5 58 23 6 30 46% 38340 269693 36062 25%
c o 14.14 211 255 14 23 537 7 72466 13100 2.5 58 23 6 30 46% 38341 269693 36062 25%
c - 14.60 211 254 14 24 590 7 76738 13810 2.5 59 24 5 30 46% 38359 269693 36062 25%
c } 14.79 211 254 15 24 610 7 78514 15566 2.5 60 24 5 30 46% 38359 269693 36062 25%
c [ 14.79 211 204 15 24 610 2 78514 15566 2.3 136 59 9 66 49% 38359 269693 36062 25%
c I 14.79 211 204 15 24 610 2 78514 15566 2.3 136 59 9 66 49% 38359 269693 36062 25%
c - 15.17 211 208 15 25 612 2 81637 14416 2.3 134 59 9 65 48% 38360 269693 36062 25%
c b 15.44 211 209 15 25 614 2 84004 16745 2.2 133 60 9 65 48% 38368 269677 36058 25%
c u 15.51 211 209 15 25 614 2 84004 15578 2.2 133 60 9 65 48% 38372 269677 36058 25%
c v 15.58 211 209 15 25 614 2 84004 15123 2.2 133 60 9 65 48% 38372 269677 36058 25%
c w 15.63 227 209 15 25 614 2 84004 15122 2.2 133 60 9 65 48% 38372 269677 36058 25%
c x 15.67 227 209 15 25 614 2 84004 15120 2.2 133 60 9 65 48% 38407 267124 36056 25%
c t 15.69 227 209 15 25 614 2 84004 15119 2.2 133 60 9 65 48% 38407 267110 36054 25%
c f 15.74 227 209 15 25 614 2 84004 15119 2.2 133 60 9 65 48% 38430 266855 36091 25%
c u 15.82 227 209 15 25 614 2 84004 14449 2.2 133 60 9 65 48% 38449 266843 36091 25%
c v 15.89 227 209 15 25 614 2 84004 14262 2.2 133 60 9 65 48% 38449 266843 36091 25%
c w 15.92 227 209 15 25 614 2 84004 14260 2.2 133 60 9 65 48% 38449 266843 36091 25%
c x 15.97 227 209 15 25 614 2 84004 14260 2.2 133 60 9 65 48% 38479 266786 36089 25%
c t 16.33 227 209 15 25 614 2 84004 14260 2.2 133 60 9 65 48% 38472 266783 36087 25%
c
c seconds     switched   rate         size/glue   tier1     binary           remaining
c         MB    reductions conflicts        size    tier2       irredundant
c           level   restarts     redundant      glue    trail           variables
c
c f 16.37 227 209 15 25 614 2 84004 14260 2.2 133 60 9 65 48% 38490 266607 36114 25%
c i 16.38 227 209 15 25 614 2 84004 14260 2.2 133 60 9 65 48% 38490 266607 36114 25%
c - 16.68 227 210 15 26 615 2 86637 12310 2.3 135 58 9 64 48% 38451 266607 36114 25%
c ] 17.35 227 213 16 26 616 2 90598 16255 2.4 139 58 9 64 47% 38452 266607 36114 25%
c { 17.35 227 254 16 26 616 7 90598 16255 2.5 60 24 5 30 46% 38452 266607 36114 25%
c i 17.42 227 254 16 26 623 7 91153 16782 2.5 60 24 5 30 46% 38455 266607 36112 25%
c - 17.48 227 254 16 27 627 7 91737 13010 2.5 59 24 5 29 46% 38446 266607 36111 25%
c i 17.84 227 252 16 27 667 7 95794 16868 2.5 59 24 5 29 46% 38480 266605 36109 25%
c i 17.84 227 252 16 27 667 7 95795 16868 2.5 59 24 5 29 46% 38480 266605 36108 25%
c i 17.84 227 252 16 27 667 7 95801 16870 2.5 59 24 5 29 46% 38481 266605 36105 25%
c i 17.84 227 252 16 27 667 7 95804 16870 2.5 59 24 5 29 46% 38481 266605 36098 25%
c i 17.84 227 252 16 27 667 7 95824 16879 2.5 59 24 5 29 46% 38483 266605 36093 25%
c - 17.98 227 253 16 28 682 7 96933 14214 2.5 59 24 5 29 46% 38446 266605 36092 25%
c i 18.05 227 252 16 28 688 7 97917 15151 2.5 59 24 5 29 46% 38446 266605 36088 25%
c i 18.24 227 251 16 28 707 7 99974 17143 2.5 58 24 5 29 46% 38451 266605 36086 25%
c s 18.30 227 250 16 28 709 7 100488 17648 2.5 59 24 5 29 46% 38457 266137 36086 25%
c e 18.51 227 250 16 28 709 7 100488 17648 2.5 59 24 5 29 46% 33229 286022 31272 22%
c s 18.58 227 250 16 28 709 7 100488 17648 2.5 59 24 5 29 46% 33239 282283 31272 22%
c e 18.70 227 250 16 28 709 7 100488 17648 2.5 59 24 5 29 46% 33084 282589 31189 22%
c ^ 18.70 227 250 16 28 709 7 100488 17648 2.5 59 24 5 29 46% 33084 282589 31189 22%
c
c seconds     switched   rate         size/glue  tier1     binary           remaining
c         MB    reductions conflicts        size   tier2       irredundant
c           level   restarts     redundant     glue    trail           variables
c
c - 18.83 227 248 16 29 712 7 102224 8229 2.5 59 23 5 28 46% 33110 282571 31189 22%
c - 19.25 244 250 16 30 754 7 107611 12314 2.5 59 23 5 28 46% 33116 282571 31189 22%
c } 19.35 244 250 17 30 766 7 108937 13590 2.5 59 23 5 28 46% 33123 282571 31189 22%
c [ 19.35 244 213 17 30 766 2 108937 13590 2.4 139 58 9 64 47% 33123 282571 31189 22%
c B 19.36 244 213 17 30 766 2 108937 13590 2.4 139 58 9 64 47% 33123 282571 31189 22%
c u 19.54 247 215 17 30 766 2 109646 13102 2.4 138 57 9 64 48% 33128 282571 31189 22%
c v 19.60 247 215 17 30 766 2 109646 12802 2.4 138 57 9 64 48% 33128 282571 31189 22%
c w 19.64 247 215 17 30 766 2 109646 12795 2.4 138 57 9 64 48% 33128 282571 31189 22%
c x 19.68 247 215 17 30 766 2 109646 12793 2.4 138 57 9 64 48% 33152 281942 31188 22%
c t 19.70 247 215 17 30 766 2 109646 12793 2.4 138 57 9 64 48% 33144 281936 31185 22%
c f 19.75 247 215 17 30 766 2 109646 12793 2.4 138 57 9 64 48% 33155 281722 31201 22%
c u 19.83 247 215 17 30 766 2 109646 12053 2.4 138 57 9 64 48% 33163 281717 31201 22%
c v 19.90 247 215 17 30 766 2 109646 11760 2.4 138 57 9 64 48% 33163 281717 31201 22%
c w 19.93 247 215 17 30 766 2 109646 11748 2.4 138 57 9 64 48% 33163 281717 31201 22%
c x 19.98 247 215 17 30 766 2 109646 11748 2.4 138 57 9 64 48% 33163 280291 31201 22%
c t 20.00 247 215 17 30 766 2 109646 11748 2.4 138 57 9 64 48% 33162 280291 31201 22%
c f 20.05 247 215 17 30 766 2 109646 11748 2.4 138 57 9 64 48% 33173 280074 31221 22%
c i 20.06 247 215 17 30 766 2 109646 11748 2.4 138 57 9 64 48% 33173 280074 31221 22%
c - 20.46 208 213 17 31 769 2 113088 12861 2.4 135 56 9 62 48% 33161 280074 31221 22%
c o 20.99 208 204 17 31 772 2 117149 16829 2.5 135 55 9 62 48% 33162 280074 31221 22%
c
c seconds     switched   rate          size/glue   tier1     binary           remaining
c         MB    reductions conflicts         size    tier2       irredundant
c           level   restarts      redundant      glue    trail           variables
c
c - 21.36 208 211 17 32 772 2 118655 13778 2.4 137 58 8 60 48% 33162 280074 31221 22%
c ] 21.61 208 215 18 32 772 2 119551 14662 2.3 140 61 8 60 49% 33162 280074 31221 22%
c { 21.61 208 250 18 32 772 7 119551 14662 2.5 59 23 5 28 46% 33162 280074 31221 22%
c - 21.77 208 234 18 33 776 6 124311 15015 2.6 60 23 5 27 44% 33165 280074 31221 22%
c - 21.99 209 226 18 34 776 6 130055 17677 2.8 61 22 6 24 42% 33166 280074 31221 22%
c - 22.23 210 219 18 35 776 5 135888 19769 3.0 63 21 6 23 41% 33166 280074 31221 22%
c u 22.44 210 215 18 35 777 5 139122 22208 3.1 64 21 6 23 40% 33171 280073 31221 22%
c v 22.53 213 215 18 35 777 5 139122 21887 3.1 64 21 6 23 40% 33172 280073 31221 22%
c w 22.56 213 215 18 35 777 5 139122 21887 3.1 64 21 6 23 40% 33172 280073 31221 22%
c x 22.61 227 215 18 35 777 5 139122 21887 3.1 64 21 6 23 40% 33174 278876 31221 22%
c t 22.63 227 215 18 35 777 5 139122 21887 3.1 64 21 6 23 40% 33170 278876 31221 22%
c f 22.67 228 215 18 35 777 5 139122 21887 3.1 64 21 6 23 40% 33174 278800 31228 22%
c u 22.75 229 215 18 35 777 5 139122 21244 3.1 64 21 6 23 40% 33175 278800 31228 22%
c v 22.83 243 215 18 35 777 5 139122 21241 3.1 64 21 6 23 40% 33175 278800 31228 22%
c w 22.85 244 215 18 35 777 5 139122 21241 3.1 64 21 6 23 40% 33175 278800 31228 22%
c x 22.90 244 215 18 35 777 5 139122 21232 3.1 64 21 6 23 40% 33188 278471 31228 22%
c t 22.92 244 215 18 35 777 5 139122 21232 3.1 64 21 6 23 40% 33188 278471 31227 22%
c f 22.96 244 215 18 35 777 5 139122 21232 3.1 64 21 6 23 40% 33190 278415 31232 22%
c i 23.05 244 210 18 35 779 5 141004 23048 3.1 64 21 6 23 40% 33196 278415 31231 22%
c - 23.08 244 210 18 36 779 5 141805 20235 3.1 64 20 6 22 40% 33193 278415 31231 22%
c
c seconds     switched   rate          size/glue  tier1     binary           remaining
c         MB    reductions conflicts         size   tier2       irredundant
c           level   restarts      redundant     glue    trail           variables
c
c } 23.08 244 209 19 36 779 5 141896 20324 3.1 64 20 6 22 40% 33194 278415 31231 22%
c [ 23.08 244 215 19 36 779 2 141896 20324 2.3 140 61 8 60 49% 33194 278415 31231 22%
c W 23.12 244 215 19 36 779 2 141896 20324 2.3 140 61 8 60 49% 33194 278407 31231 22%
c ] 23.76 244 215 20 36 781 2 145169 23484 2.2 145 65 8 60 50% 33194 278407 31231 22%
c { 23.76 244 209 20 36 781 5 145169 23484 3.1 64 20 6 22 40% 33194 278407 31231 22%
c - 24.12 260 210 20 37 826 5 147807 19339 3.1 64 21 6 22 40% 33196 278407 31231 22%
c - 24.91 261 212 20 38 921 5 153890 18691 3.0 65 22 6 23 41% 33205 278407 31231 22%
c - 25.69 262 213 20 39 1022 5 160055 19604 2.9 66 22 5 23 42% 33207 278407 31231 22%
c s 26.36 262 214 20 39 1097 5 165295 24759 2.9 66 23 5 23 42% 33212 277871 31231 22%
c e 26.56 262 214 20 39 1097 5 165295 24759 2.9 66 23 5 23 42% 31227 288592 29710 20%
c s 26.63 262 214 20 39 1097 5 165295 24759 2.9 66 23 5 23 42% 31241 285389 29710 20%
c e 26.73 262 214 20 39 1097 5 165295 24759 2.9 66 23 5 23 42% 31132 285720 29651 20%
c ^ 26.73 262 214 20 39 1097 5 165295 24759 2.9 66 23 5 23 42% 31132 285720 29651 20%
c - 26.84 262 214 20 40 1107 5 166299 11579 2.9 66 23 5 23 42% 31133 285720 29651 20%
c o 26.95 262 214 20 40 1123 5 167173 12437 2.9 66 23 5 23 42% 31133 285720 29651 20%
c } 27.50 262 216 21 40 1191 5 171909 17083 2.8 67 24 5 23 43% 31136 285720 29651 20%
c [ 27.50 262 215 21 40 1191 2 171909 17083 2.2 145 65 8 60 50% 31136 285720 29651 20%
c O 27.51 262 215 21 40 1191 2 171909 17083 2.2 145 65 8 60 50% 31136 285720 29651 20%
c b 27.61 262 213 21 40 1191 2 172475 17628 2.3 145 64 8 60 50% 31139 285717 29650 20%
c u 27.70 262 213 21 40 1191 2 172475 15460 2.3 145 64 8 60 50% 31147 285717 29650 20%
c
c seconds     switched    rate          size/glue   tier1     binary           remaining
c         MB    reductions  conflicts         size    tier2       irredundant
c           level    restarts      redundant      glue    trail           variables
c
c v 27.80 262 213 21 40 1191 2 172475 14999 2.3 145 64 8 60 50% 31147 285717 29650 20%
c w 27.86 262 213 21 40 1191 2 172475 14999 2.3 145 64 8 60 50% 31147 285717 29650 20%
c x 27.93 262 213 21 40 1191 2 172475 14996 2.3 145 64 8 60 50% 31160 284704 29650 20%
c t 27.95 262 213 21 40 1191 2 172475 14996 2.3 145 64 8 60 50% 31149 284704 29649 20%
c f 28.02 262 213 21 40 1191 2 172475 14996 2.3 145 64 8 60 50% 31164 284187 29663 20%
c u 28.12 262 213 21 40 1191 2 172475 14226 2.3 145 64 8 60 50% 31183 284181 29663 20%
c v 28.23 262 213 21 40 1191 2 172475 13502 2.3 145 64 8 60 50% 31183 284181 29663 20%
c w 28.28 262 213 21 40 1191 2 172475 13492 2.3 145 64 8 60 50% 31183 284181 29663 20%
c x 28.35 262 213 21 40 1191 2 172475 13490 2.3 145 64 8 60 50% 31191 282341 29663 20%
c t 28.89 262 213 21 40 1191 2 172475 13490 2.3 145 64 8 60 50% 31188 282341 29662 20%
c f 28.95 262 213 21 40 1191 2 172475 13490 2.3 145 64 8 60 50% 31190 282202 29667 20%
c - 28.99 262 213 21 41 1191 2 172623 11747 2.3 145 64 7 60 50% 31174 282202 29667 20%
c - 29.78 278 205 21 42 1196 2 179026 14885 2.3 143 62 7 59 50% 31180 282202 29667 20%
c - 30.83 210 192 21 43 1199 2 185507 15806 2.4 143 60 7 56 50% 31182 282201 29667 20%
c - 31.58 211 182 21 44 1203 2 192067 16776 2.5 143 57 7 54 50% 31183 282201 29667 20%
c ] 32.15 211 178 22 44 1204 2 196338 20945 2.5 142 57 7 54 49% 31183 282201 29667 20%
c { 32.15 211 216 22 44 1204 5 196338 20945 2.8 67 24 5 23 43% 31183 282201 29667 20%
c i 32.17 211 216 22 44 1206 5 196455 21049 2.8 67 24 5 23 43% 31187 282200 29665 20%
c i 32.17 211 216 22 44 1206 5 196470 21056 2.8 67 24 5 23 43% 31189 282200 29664 20%
c i 32.19 211 215 22 44 1207 5 196858 21401 2.8 66 23 5 23 43% 31201 282197 29662 20%
c
c seconds     switched    rate          size/glue  tier1     binary           remaining
c         MB    reductions  conflicts         size   tier2       irredundant
c           level    restarts      redundant     glue    trail           variables
c
c - 32.27 211 214 22 45 1209 5 198700 17525 2.8 65 23 5 23 42% 31188 282197 29662 20%
c i 32.50 211 210 22 45 1212 5 201870 20567 2.8 64 23 5 23 41% 31193 282197 29658 20%
c i 32.50 211 210 22 45 1212 5 201890 20570 2.8 64 23 5 23 41% 31199 282194 29657 20%
c - 32.69 211 207 22 46 1212 5 205410 19122 2.8 62 22 5 23 40% 31187 282194 29657 20%
c i 32.81 212 205 22 46 1214 5 207773 21399 2.8 61 22 5 23 39% 31188 282194 29656 20%
c b 32.97 221 203 22 46 1214 5 209836 23383 2.7 60 22 5 23 39% 31218 282090 29652 20%
c u 33.06 223 203 22 46 1214 5 209836 21836 2.7 60 22 5 23 39% 31221 282090 29652 20%
c v 33.15 224 203 22 46 1214 5 209836 21230 2.7 60 22 5 23 39% 31221 282090 29652 20%
c w 33.20 224 203 22 46 1214 5 209836 21204 2.7 60 22 5 23 39% 31221 282090 29652 20%
c x 33.25 224 203 22 46 1214 5 209836 21204 2.7 60 22 5 23 39% 31223 280926 29652 20%
c t 33.27 224 203 22 46 1214 5 209836 21204 2.7 60 22 5 23 39% 31207 280926 29652 20%
c f 33.33 224 203 22 46 1214 5 209836 21204 2.7 60 22 5 23 39% 31208 280901 29653 20%
c u 33.44 224 203 22 46 1214 5 209836 20150 2.7 60 22 5 23 39% 31210 280901 29653 20%
c v 33.53 224 203 22 46 1214 5 209836 20024 2.7 60 22 5 23 39% 31210 280901 29653 20%
c w 33.58 225 203 22 46 1214 5 209836 20015 2.7 60 22 5 23 39% 31210 280901 29653 20%
c x 33.64 225 203 22 46 1214 5 209836 20015 2.7 60 22 5 23 39% 31210 279779 29653 20%
c t 33.65 225 203 22 46 1214 5 209836 20015 2.7 60 22 5 23 39% 31209 279779 29653 20%
c f 33.73 225 203 22 46 1214 5 209836 20015 2.7 60 22 5 23 39% 31213 279739 29655 20%
c - 33.89 228 202 22 47 1216 5 212194 18496 2.7 59 22 5 23 38% 31198 279739 29655 20%
c i 34.06 228 198 22 47 1218 5 214878 21074 2.7 58 21 5 23 38% 31199 279738 29654 20%
c
c seconds     switched    rate          size/glue  tier1     binary           remaining
c         MB    reductions  conflicts         size   tier2       irredundant
c           level    restarts      redundant     glue    trail           variables
c
c i 34.15 229 195 22 47 1218 5 218190 24140 2.7 57 21 5 23 37% 31208 279738 29652 20%
c i 34.16 229 195 22 47 1218 5 218317 24249 2.7 57 21 5 23 37% 31213 279737 29651 20%
c - 34.22 229 194 22 48 1220 5 219049 20627 2.7 56 21 5 22 37% 31202 279737 29651 20%
c i 34.50 229 187 22 48 1224 4 225920 27194 2.7 54 20 5 22 35% 31210 279736 29648 20%
c - 34.50 229 187 22 49 1224 4 225979 22655 2.7 54 20 5 22 35% 31207 279736 29648 20%
c i 34.50 229 187 22 49 1224 4 226030 22677 2.7 54 20 5 22 35% 31216 279734 29644 20%
c i 34.51 230 186 22 49 1225 4 226226 22857 2.7 54 20 5 22 35% 31218 279734 29642 20%
c i 34.51 230 186 22 49 1225 4 226241 22863 2.7 54 20 5 22 35% 31220 279734 29638 20%
c o 34.58 230 186 22 49 1227 4 227691 24196 2.7 53 20 5 22 35% 31221 279734 29638 20%
c i 34.58 230 186 22 49 1227 4 227817 24298 2.7 53 20 5 22 35% 31227 279734 29637 20%
c } 34.58 230 186 23 49 1227 4 227854 24332 2.7 53 20 5 22 35% 31228 279734 29637 20%
c [ 34.58 230 178 23 49 1227 2 227854 24332 2.5 142 57 7 54 49% 31228 279734 29637 20%
c B 34.58 230 178 23 49 1227 2 227854 24332 2.5 142 57 7 54 49% 31228 279734 29637 20%
c - 35.13 230 182 23 50 1230 2 232979 23477 2.5 140 57 6 53 49% 31203 279734 29637 20%
c - 36.09 231 180 23 51 1233 2 240050 23105 2.5 142 57 6 53 49% 31203 279734 29637 20%
c ] 36.67 231 181 24 51 1236 2 243948 26939 2.5 142 57 6 53 49% 31203 279734 29637 20%
c { 36.67 231 186 24 51 1236 4 243948 26939 2.7 53 20 5 22 35% 31203 279734 29637 20%
c - 37.06 232 189 24 52 1278 4 247191 23921 2.7 53 20 5 22 36% 31212 279734 29637 20%
c s 37.55 230 192 24 52 1329 5 251104 27718 2.7 54 20 5 22 36% 31221 278923 29637 20%
c e 37.82 234 192 24 52 1329 5 251104 27718 2.7 54 20 5 22 36% 21750 388496 20581 14%
c
c seconds     switched    rate          size/glue  tier1     binary           remaining
c         MB    reductions  conflicts         size   tier2       irredundant
c           level    restarts      redundant     glue    trail           variables
c
c s 38.08 234 192 24 52 1329 5 251104 27718 2.7 54 20 5 22 36% 21761 377497 20581 14%
c e 38.20 234 192 24 52 1329 5 251104 27718 2.7 54 20 5 22 36% 21724 377788 20563 14%
c ! 38.20 234 192 24 52 1329 5 251104 27718 2.7 54 20 5 22 36% 21724 377788 20563 14%
c b 38.25 237 192 24 52 1332 5 251219 8771 2.7 54 20 5 22 36% 21734 377778 20562 14%
c u 38.33 238 192 24 52 1332 5 251219 7737 2.7 54 20 5 22 36% 21745 377778 20562 14%
c v 38.40 238 192 24 52 1332 5 251219 7187 2.7 54 20 5 22 36% 21746 377778 20562 14%
c w 38.44 238 192 24 52 1332 5 251219 7169 2.7 54 20 5 22 36% 21746 377778 20562 14%
c x 38.51 238 192 24 52 1332 5 251219 7169 2.7 54 20 5 22 36% 21746 376234 20562 14%
c t 38.53 238 192 24 52 1332 5 251219 7169 2.7 54 20 5 22 36% 21726 376234 20562 14%
c f 38.61 238 192 24 52 1332 5 251219 7169 2.7 54 20 5 22 36% 21731 376062 20566 14%
c u 38.72 238 192 24 52 1332 5 251219 6385 2.7 54 20 5 22 36% 21741 376062 20565 14%
c v 38.77 238 192 24 52 1332 5 251219 6085 2.7 54 20 5 22 36% 21741 376062 20565 14%
c w 38.81 238 192 24 52 1332 5 251219 6028 2.7 54 20 5 22 36% 21741 376062 20565 14%
c x 38.89 238 192 24 52 1332 5 251219 6028 2.7 54 20 5 22 36% 21743 374253 20565 14%
c t 38.90 238 192 24 52 1332 5 251219 6027 2.7 54 20 5 22 36% 21739 374253 20565 14%
c f 38.99 238 192 24 52 1332 5 251219 6027 2.7 54 20 5 22 36% 21742 374157 20568 14%
c i 39.00 238 192 24 52 1332 5 251219 6027 2.7 54 20 5 22 36% 21742 374157 20568 14%
c - 39.46 260 193 24 53 1383 5 254403 8392 2.6 54 20 5 22 37% 21740 374157 20568 14%
c - 40.43 262 197 24 54 1490 5 261683 14521 2.6 54 21 5 22 38% 21751 374157 20568 14%
c - 41.28 193 201 24 55 1595 5 269031 19189 2.6 55 21 5 22 39% 21761 374157 20568 14%
c
c seconds     switched    rate          size/glue  tier1     binary           remaining
c         MB    reductions  conflicts         size   tier2       irredundant
c           level    restarts      redundant     glue    trail           variables
c
c - 42.25 194 205 24 56 1699 5 276447 21830 2.6 56 22 5 22 39% 21773 374157 20568 14%
c } 42.79 194 207 25 56 1760 5 280626 25902 2.5 56 22 5 22 40% 21779 374157 20568 14%
c [ 42.79 194 181 25 56 1760 2 280626 25902 2.5 142 57 6 53 49% 21779 374157 20568 14%
c W 42.83 198 181 25 56 1760 2 280626 25902 2.5 142 57 6 53 49% 21779 374157 20568 14%
c - 43.36 200 178 25 57 1762 2 283933 22832 2.5 142 57 6 52 49% 21779 374157 20568 14%
c - 44.63 200 169 25 58 1766 2 291483 20795 2.4 142 58 6 53 49% 21779 374157 20568 14%
c u 45.84 202 161 25 58 1770 2 297650 24245 2.4 143 59 6 53 49% 21784 374157 20568 14%
c v 45.98 202 161 25 58 1770 2 297650 23267 2.4 143 59 6 53 49% 21784 374157 20568 14%
c w 46.09 208 161 25 58 1770 2 297650 23264 2.4 143 59 6 53 49% 21784 374157 20568 14%
c x 46.18 208 161 25 58 1770 2 297650 23264 2.4 143 59 6 53 49% 21784 372188 20568 14%
c t 46.20 208 161 25 58 1770 2 297650 23264 2.4 143 59 6 53 49% 21769 372188 20568 14%
c f 46.33 208 161 25 58 1770 2 297650 23264 2.4 143 59 6 53 49% 21773 372011 20573 14%
c u 46.48 224 161 25 58 1770 2 297650 22372 2.4 143 59 6 53 49% 21797 372011 20573 14%
c v 46.64 225 161 25 58 1770 2 297650 20902 2.4 143 59 6 53 49% 21797 372011 20573 14%
c w 46.73 230 161 25 58 1770 2 297650 20902 2.4 143 59 6 53 49% 21797 372011 20573 14%
c x 46.84 230 161 25 58 1770 2 297650 20902 2.4 143 59 6 53 49% 21802 371819 20573 14%
c d 46.85 230 161 25 58 1770 2 297650 20902 2.4 143 59 6 53 49% 21800 371818 20572 14%
c t 46.87 230 161 25 58 1770 2 297650 20902 2.4 143 59 6 53 49% 21791 371818 20572 14%
c f 47.00 230 161 25 58 1770 2 297650 20902 2.4 143 59 6 53 49% 21795 371637 20577 14%
c - 47.24 230 160 25 59 1772 2 299098 14151 2.4 142 59 7 53 48% 21795 371637 20577 14%
c
c seconds     switched    rate          size/glue   tier1     binary           remaining
c         MB    reductions  conflicts         size    tier2       irredundant
c           level    restarts      redundant      glue    trail           variables
c
c - 48.26 247 157 25 60 1774 2 306779 16139 2.4 140 58 7 53 49% 21795 371637 20577 14%
c ] 48.77 248 155 26 60 1774 2 309949 19132 2.4 139 58 7 53 49% 21795 371637 20577 14%
c { 48.77 248 207 26 60 1774 5 309949 19132 2.5 56 22 5 22 40% 21795 371637 20577 14%
c o 48.78 248 207 26 60 1775 5 310001 19178 2.5 56 22 5 22 40% 21795 371637 20577 14%
c - 49.41 251 208 26 61 1839 5 314525 19005 2.5 56 22 5 22 40% 21797 371637 20577 14%
c - 50.45 252 210 26 62 1939 5 322338 22315 2.5 57 23 5 22 42% 21801 371636 20577 14%
c - 51.52 168 212 26 63 2046 6 330212 24399 2.5 58 23 4 22 43% 21807 371636 20577 14%
c - 52.54 168 214 26 64 2143 6 338149 25863 2.5 59 23 4 23 43% 21814 371635 20577 14%
c - 53.64 169 215 26 65 2247 6 346149 27192 2.5 60 24 4 23 44% 21817 371635 20577 14%
c u 54.03 169 215 26 65 2267 6 348339 27227 2.5 60 24 4 23 44% 21826 371635 20577 14%
c v 54.19 169 215 26 65 2267 6 348339 26792 2.5 60 24 4 23 44% 21826 371635 20577 14%
c w 54.27 169 215 26 65 2267 6 348339 26792 2.5 60 24 4 23 44% 21826 371635 20577 14%
c x 54.35 169 215 26 65 2267 6 348339 26792 2.5 60 24 4 23 44% 21826 371570 20577 14%
c t 55.00 170 215 26 65 2267 6 348339 26792 2.5 60 24 4 23 44% 21817 371570 20577 14%
c f 55.11 170 215 26 65 2267 6 348339 26792 2.5 60 24 4 23 44% 21822 371366 20583 14%
c u 55.30 170 215 26 65 2267 6 348339 25997 2.5 60 24 4 23 44% 21838 371366 20583 14%
c v 55.56 170 215 26 65 2267 6 348339 24711 2.5 60 24 4 23 44% 21840 371366 20583 14%
c w 55.65 171 215 26 65 2267 6 348339 24699 2.5 60 24 4 23 44% 21840 371366 20583 14%
c t 55.66 171 215 26 65 2267 6 348339 24699 2.5 60 24 4 23 44% 21836 371366 20583 14%
c f 55.79 170 215 26 65 2267 6 348339 24699 2.5 60 24 4 23 44% 21839 371301 20585 14%
c
c seconds     switched    rate          size/glue  tier1     binary           remaining
c         MB    reductions  conflicts         size   tier2       irredundant
c           level    restarts      redundant     glue    trail           variables
c
c } 56.39 174 217 27 65 2332 6 352167 28477 2.5 60 24 4 23 45% 21842 371301 20585 14%
c [ 56.39 174 155 27 65 2332 2 352167 28477 2.4 139 58 7 53 49% 21842 371301 20585 14%
c I 56.39 174 155 27 65 2332 2 352167 28477 2.4 139 58 7 53 49% 21842 371301 20585 14%
c - 56.70 174 158 27 66 2333 2 354215 23934 2.4 139 58 7 53 49% 21842 371301 20585 14%
c s 58.36 175 159 27 66 2338 2 361586 31174 2.4 139 58 7 53 49% 21843 369370 20585 14%
c e 58.50 175 159 27 66 2338 2 361586 31174 2.4 139 58 7 53 49% 21696 370258 20506 14%
c s 58.68 175 159 27 66 2338 2 361586 31174 2.4 139 58 7 53 49% 21700 369637 20506 14%
c e 58.76 175 159 27 66 2338 2 361586 31174 2.4 139 58 7 53 49% 21663 369929 20484 14%
c - 58.86 175 159 27 67 2338 2 362339 20178 2.4 138 58 7 53 49% 21663 369929 20484 14%
c - 60.17 176 163 27 68 2343 2 370526 19601 2.4 141 60 6 52 51% 21664 369929 20484 14%
c - 61.86 117 161 27 69 2346 2 378773 19376 2.4 144 61 6 51 51% 21664 369929 20484 14%
c ] 63.09 117 159 28 69 2346 2 384393 24498 2.3 146 62 6 51 52% 21664 369929 20484 14%
c { 63.09 117 217 28 69 2346 6 384393 24498 2.5 60 24 4 23 45% 21664 369929 20484 14%
c - 63.46 118 217 28 70 2380 6 387079 19479 2.5 61 24 4 23 45% 21667 369929 20484 14%
c o 63.84 118 217 28 70 2422 6 390003 22340 2.5 61 24 4 23 45% 21671 369929 20484 14%
c - 64.62 118 218 28 71 2498 6 395446 22669 2.5 62 25 4 23 46% 21673 369929 20484 14%
c u 65.88 119 219 28 71 2607 6 403382 28526 2.5 63 25 4 23 46% 21691 369929 20484 14%
c v 66.08 119 219 28 71 2607 6 403382 27381 2.5 63 25 4 23 46% 21691 369929 20484 14%
c w 66.20 119 219 28 71 2607 6 403382 27378 2.5 63 25 4 23 46% 21691 369929 20484 14%
c x 66.30 119 219 28 71 2607 6 403382 27378 2.5 63 25 4 23 46% 21691 369846 20484 14%
c
c seconds     switched    rate          size/glue  tier1     binary           remaining
c         MB    reductions  conflicts         size   tier2       irredundant
c           level    restarts      redundant     glue    trail           variables
c
c d 66.31 119 219 28 71 2607 6 403382 27377 2.5 63 25 4 23 46% 21689 369841 20483 14%
c t 66.33 119 219 28 71 2607 6 403382 27377 2.5 63 25 4 23 46% 21683 369841 20483 14%
c f 66.49 119 219 28 71 2607 6 403382 27377 2.5 63 25 4 23 46% 21684 369817 20484 14%
c - 66.61 137 219 28 72 2616 6 403872 23341 2.5 63 25 4 23 46% 21685 369817 20484 14%
c - 67.81 140 220 28 73 2734 6 412357 25678 2.5 65 26 4 23 47% 21689 369817 20484 14%
c - 69.04 141 220 28 74 2844 6 420902 27351 2.5 66 26 4 23 48% 21692 369815 20484 14%
c - 70.08 142 220 28 75 2934 6 429506 28888 2.5 67 27 4 23 48% 21695 369815 20484 14%
c } 70.45 142 220 29 75 2964 6 432532 31854 2.5 67 27 4 23 48% 21696 369815 20484 14%
c [ 70.45 142 159 29 75 2964 2 432532 31854 2.3 146 62 6 51 52% 21696 369815 20484 14%
c B 70.45 142 159 29 75 2964 2 432532 31854 2.3 146 62 6 51 52% 21696 369815 20484 14%
c - 71.51 143 161 29 76 2968 2 438166 27980 2.3 149 63 6 51 52% 21696 369815 20484 14%
c - 73.21 144 158 29 77 2972 2 446883 24094 2.3 152 65 6 52 53% 21696 369815 20484 14%
c - 75.01 144 154 29 78 2977 2 455657 21906 2.4 157 66 6 51 54% 21697 369815 20484 14%
c u 76.54 145 152 29 78 2978 2 462818 26596 2.4 158 66 6 51 54% 21711 369815 20484 14%
c v 76.76 145 152 29 78 2978 2 462818 24358 2.4 158 66 6 51 54% 21711 369815 20484 14%
c w 77.16 150 152 29 78 2978 2 462818 24337 2.4 158 66 6 51 54% 21711 369815 20484 14%
c t 77.18 150 152 29 78 2978 2 462818 24337 2.4 158 66 6 51 54% 21705 369815 20484 14%
c f 77.35 154 152 29 78 2978 2 462818 24337 2.4 158 66 6 51 54% 21709 369735 20488 14%
c u 77.51 166 152 29 78 2978 2 462818 23867 2.4 158 66 6 51 54% 21713 369735 20488 14%
c v 77.66 167 152 29 78 2978 2 462818 22953 2.4 158 66 6 51 54% 21713 369735 20488 14%
c
c seconds     switched    rate          size/glue   tier1     binary           remaining
c         MB    reductions  conflicts         size    tier2       irredundant
c           level    restarts      redundant      glue    trail           variables
c
c w 78.15 172 152 29 78 2978 2 462818 22766 2.4 158 66 6 51 54% 21713 369735 20488 14%
c t 78.17 172 152 29 78 2978 2 462818 22766 2.4 158 66 6 51 54% 21711 369735 20488 14%
c f 78.33 176 152 29 78 2978 2 462818 22766 2.4 158 66 6 51 54% 21714 369658 20491 14%
c - 78.60 187 152 29 79 2978 2 464488 18037 2.4 159 66 5 50 54% 21714 369658 20491 14%
c ] 79.15 188 153 30 79 2981 2 467509 21033 2.4 159 66 5 50 54% 21714 369658 20491 14%
c { 79.15 188 220 30 79 2981 6 467509 21033 2.5 67 27 4 23 48% 21714 369658 20491 14%
c - 79.95 192 221 30 80 3046 6 473378 21315 2.5 67 27 4 23 49% 21720 369657 20491 14%
c o 80.73 193 223 30 80 3105 6 480013 27817 2.5 67 27 4 23 49% 21724 369657 20491 14%
c - 81.10 193 223 30 81 3141 6 482322 25296 2.5 68 27 4 23 49% 21727 369656 20491 14%
c - 82.30 194 225 30 82 3250 6 491323 27810 2.5 68 27 4 23 49% 21733 369656 20491 14%
c s 83.14 194 225 30 82 3323 6 496461 32878 2.5 68 28 4 23 50% 21737 369249 20491 14%
c e 83.23 162 225 30 82 3323 6 496461 32878 2.5 68 28 4 23 50% 21706 369400 20470 14%
c s 83.28 162 225 30 82 3323 6 496461 32878 2.5 68 28 4 23 50% 21709 369257 20470 14%
c e 83.32 162 225 30 82 3323 6 496461 32878 2.5 68 28 4 23 50% 21706 369299 20467 14%
c - 83.93 162 225 30 83 3374 6 500378 28716 2.5 69 28 4 23 50% 21707 369299 20467 14%
c - 85.17 162 228 30 84 3486 6 509488 30294 2.5 69 28 4 23 50% 21711 369299 20467 14%
c - 86.39 163 228 30 85 3596 6 518653 31700 2.5 70 28 4 23 50% 21715 369299 20467 14%
c } 86.83 163 229 31 85 3639 6 521943 34926 2.5 70 29 4 23 50% 21721 369299 20467 14%
c [ 86.83 163 153 31 85 3639 2 521943 34926 2.4 159 66 5 50 54% 21721 369299 20467 14%
c W 86.86 182 153 31 85 3639 2 521943 34926 2.4 159 66 5 50 54% 21721 369299 20467 14%
c
c seconds     switched    rate          size/glue   tier1     binary           remaining
c         MB    reductions  conflicts         size    tier2       irredundant
c           level    restarts      redundant      glue    trail           variables
c
c u 87.70 186 153 31 85 3642 2 526746 37338 2.4 158 66 5 50 54% 21726 369299 20467 14%
c v 87.90 186 153 31 85 3642 2 526746 36633 2.4 158 66 5 50 54% 21726 369299 20467 14%
c w 88.02 189 153 31 85 3642 2 526746 36630 2.4 158 66 5 50 54% 21726 369299 20467 14%
c x 88.16 182 153 31 85 3642 2 526746 36556 2.4 158 66 5 50 54% 21763 365470 20466 14%
c t 88.18 182 153 31 85 3642 2 526746 36556 2.4 158 66 5 50 54% 21758 365455 20465 14%
c f 88.33 182 153 31 85 3642 2 526746 36556 2.4 158 66 5 50 54% 21759 365422 20466 14%
c u 88.53 198 153 31 85 3642 2 526746 35451 2.4 158 66 5 50 54% 21780 365414 20466 14%
c v 88.85 199 153 31 85 3642 2 526746 33467 2.4 158 66 5 50 54% 21780 365414 20466 14%
c w 88.99 203 153 31 85 3642 2 526746 33453 2.4 158 66 5 50 54% 21780 365414 20466 14%
c t 89.01 203 153 31 85 3642 2 526746 33453 2.4 158 66 5 50 54% 21770 365414 20466 14%
c f 89.16 203 153 31 85 3642 2 526746 33453 2.4 158 66 5 50 54% 21773 365289 20471 14%
c i 89.17 203 153 31 85 3642 2 526746 33453 2.4 158 66 5 50 54% 21773 365289 20471 14%
c - 89.36 203 153 31 86 3643 2 527872 26262 2.4 158 66 5 50 54% 21764 365289 20471 14%
c - 91.17 221 152 31 87 3648 2 537145 24322 2.4 158 66 5 49 54% 21764 365289 20471 14%
c - 92.74 222 149 31 88 3652 2 546472 22681 2.4 160 66 5 49 55% 21764 365289 20471 14%
c - 94.85 171 147 31 89 3655 2 555853 21305 2.4 164 68 5 49 55% 21764 365289 20471 14%
c ] 95.90 172 143 32 89 3659 2 561631 26766 2.5 166 67 5 49 55% 21764 365289 20471 14%
c { 95.90 172 229 32 89 3659 6 561631 26766 2.5 70 29 4 23 50% 21764 365289 20471 14%
c - 96.43 174 229 32 90 3704 6 565288 22489 2.5 70 29 4 23 50% 21765 365289 20471 14%
c - 97.45 175 230 32 91 3783 6 574774 27060 2.5 71 29 4 23 51% 21775 365288 20471 14%
c
c seconds     switched    rate          size/glue  tier1     binary           remaining
c         MB    reductions  conflicts         size   tier2       irredundant
c           level    restarts      redundant     glue    trail           variables
c
c o 98.03 175 231 32 91 3826 6 580067 32247 2.5 71 29 4 23 51% 21780 365288 20471 14%
c - 98.55 176 232 32 92 3874 6 584314 30756 2.5 71 29 4 23 51% 21783 365287 20471 14%
c - 99.66 176 233 32 93 3957 6 593906 32550 2.5 71 29 4 23 51% 21785 365287 20471 14%
c u 100.02 176 234 32 93 3971 6 595153 31466 2.5 72 29 4 23 51% 21795 365287 20471 14%
c v 100.26 177 234 32 93 3971 6 595153 30255 2.5 72 29 4 23 51% 21795 365287 20471 14%
c w 100.36 177 234 32 93 3971 6 595153 30249 2.5 72 29 4 23 51% 21795 365287 20471 14%
c x 100.53 177 234 32 93 3971 6 595153 30144 2.5 72 29 4 23 51% 21814 357922 20471 14%
c t 100.55 177 234 32 93 3971 6 595153 30144 2.5 72 29 4 23 51% 21805 357922 20470 14%
c b 100.55 177 234 32 93 3971 6 595153 30144 2.5 72 29 4 23 51% 21805 357922 20469 14%
c f 100.74 177 234 32 93 3971 6 595153 30144 2.5 72 29 4 23 51% 21806 357833 20473 14%
c u 100.91 180 234 32 93 3971 6 595153 29708 2.5 72 29 4 23 51% 21813 357827 20470 14%
c v 101.16 182 234 32 93 3971 6 595153 28313 2.5 72 29 4 23 51% 21813 357827 20470 14%
c w 101.26 182 234 32 93 3971 6 595153 28261 2.5 72 29 4 23 51% 21813 357827 20470 14%
c x 101.43 182 234 32 93 3971 6 595153 28218 2.5 72 29 4 23 51% 21832 354564 20470 14%
c = 102.71 184 234 32 93 3971 6 595153 28218 2.5 72 29 4 23 51% 21832 354557 20469 14%
c t 102.73 184 234 32 93 3971 6 595153 28218 2.5 72 29 4 23 51% 21831 354553 20466 14%
c f 102.90 184 234 32 93 3971 6 595153 28218 2.5 72 29 4 23 51% 21833 354516 20468 14%
c i 102.91 184 234 32 93 3971 6 595153 28218 2.5 72 29 4 23 51% 21833 354516 20468 14%
c - 103.68 204 233 32 94 4021 6 603549 29571 2.5 71 28 4 23 51% 21788 354516 20468 14%
c - 104.77 205 236 32 95 4097 5 613244 31736 2.5 71 28 4 23 51% 21793 354515 20468 14%
c
c seconds      switched    rate          size/glue  tier1     binary           remaining
c          MB    reductions  conflicts         size   tier2       irredundant
c            level    restarts      redundant     glue    trail           variables
c
c } 105.73 206 236 33 95 4163 5 622736 41096 2.6 72 28 4 23 52% 21794 354515 20468 14%
c [ 105.73 206 143 33 95 4163 2 622736 41096 2.5 166 67 5 49 55% 21794 354515 20468 14%
c O 105.73 206 143 33 95 4163 2 622736 41096 2.5 166 67 5 49 55% 21794 354515 20468 14%
c - 105.78 142 143 33 96 4163 2 622990 33270 2.5 166 67 5 49 55% 21794 354515 20468 14%
c - 107.41 143 142 33 97 4169 2 632787 31316 2.5 166 67 5 48 56% 21794 354515 20468 14%
c - 109.31 144 140 33 98 4175 2 642637 27317 2.5 166 67 5 48 56% 21794 354515 20468 14%
c - 111.36 144 135 33 99 4177 2 652537 24999 2.5 166 67 5 47 57% 21794 354515 20468 14%
c s 112.48 145 133 33 99 4179 1 657418 29668 2.5 167 66 5 47 57% 21801 354255 20468 14%
c e 112.62 145 133 33 99 4179 1 657418 29668 2.5 167 66 5 47 57% 21499 355971 20311 14%
c s 112.74 145 133 33 99 4179 1 657418 29668 2.5 167 66 5 47 57% 21499 355364 20311 14%
c e 112.80 145 133 33 99 4179 1 657418 29668 2.5 167 66 5 47 57% 21471 355545 20298 14%
c ] 113.31 145 132 34 99 4181 1 659727 27163 2.5 167 66 5 47 57% 21471 355545 20298 14%
c { 113.31 145 236 34 99 4181 5 659727 27163 2.6 72 28 4 23 52% 21471 355545 20298 14%
c - 113.50 145 231 34 100 4183 5 662486 23018 2.6 72 28 4 23 52% 21471 355545 20298 14%
c u 113.95 148 220 34 100 4183 5 667978 26151 2.6 72 28 4 23 51% 21484 355543 20298 14%
c v 114.16 150 220 34 100 4183 5 667978 25110 2.6 72 28 4 23 51% 21484 355543 20298 14%
c w 114.25 151 220 34 100 4183 5 667978 25088 2.6 72 28 4 23 51% 21484 355543 20298 14%
c x 114.39 151 220 34 100 4183 5 667978 25031 2.6 72 28 4 23 51% 21490 343992 20298 14%
c t 114.41 151 220 34 100 4183 5 667978 25031 2.6 72 28 4 23 51% 21487 343992 20298 14%
c - 114.86 152 214 34 101 4185 5 672486 26810 2.6 71 27 4 23 51% 21495 343991 20298 14%
c
c seconds      switched     rate          size/glue  tier1     binary           remaining
c          MB    reductions   conflicts         size   tier2       irredundant
c            level     restarts      redundant     glue    trail           variables
c
c - 115.40 153 199 34 102 4187 5 682536 32444 2.7 71 26 4 23 51% 21495 343991 20298 14%
c - 116.03 127 185 34 103 4191 4 692635 35075 2.8 71 25 4 23 50% 21498 343991 20298 14%
c o 116.23 127 183 34 103 4192 4 696776 39206 2.8 71 25 4 23 50% 21498 343991 20298 14%
c - 116.50 129 174 34 104 4193 4 702783 36159 2.9 70 25 4 22 50% 21503 343991 20298 14%
c - 116.97 131 163 34 105 4196 4 712982 37137 3.0 71 24 4 22 48% 21507 343991 20298 14%
c i 117.24 132 156 34 105 4197 3 719647 43735 3.1 71 23 4 22 48% 21513 343991 20295 14%
c i 117.32 132 154 34 105 4198 3 722267 46259 3.1 71 23 4 22 47% 21525 343991 20291 14%
c - 117.37 133 153 34 106 4199 3 723229 37719 3.1 71 23 4 22 47% 21509 343990 20291 14%
c } 117.58 133 148 35 106 4201 3 727874 42285 3.1 71 23 4 22 47% 21511 343990 20291 14%
c [ 117.58 133 132 35 106 4201 1 727874 42285 2.5 167 66 5 47 57% 21511 343990 20291 14%
c B 117.58 133 132 35 106 4201 1 727874 42285 2.5 167 66 5 47 57% 21511 343990 20291 14%
c - 118.67 133 130 35 107 4205 1 733527 35750 2.5 166 66 5 47 58% 21511 343990 20291 14%
c ] 120.77 135 127 36 107 4210 1 743787 45307 2.5 167 66 5 47 58% 21511 343990 20291 14%
c { 120.77 135 148 36 107 4210 3 743787 45307 3.1 71 23 4 22 47% 21511 343990 20291 14%
c - 120.80 135 148 36 108 4211 3 743871 30511 3.1 71 23 4 22 47% 21511 343990 20291 14%
c u 121.14 138 149 36 108 4235 3 745248 30342 3.1 71 23 4 22 47% 21530 343879 20291 14%
c v 121.28 140 149 36 108 4235 3 745248 29521 3.1 71 23 4 22 47% 21530 343879 20291 14%
c w 121.35 140 149 36 108 4235 3 745248 29502 3.1 71 23 4 22 47% 21530 343879 20291 14%
c x 121.44 140 149 36 108 4235 3 745248 29471 3.1 71 23 4 22 47% 21534 336544 20291 14%
c t 121.46 140 149 36 108 4235 3 745248 29471 3.1 71 23 4 22 47% 21532 336544 20291 14%
c
c seconds      switched     rate          size/glue  tier1     binary           remaining
c          MB    reductions   conflicts         size   tier2       irredundant
c            level     restarts      redundant     glue    trail           variables
c
c f 121.56 140 149 36 108 4235 3 745248 29471 3.1 71 23 4 22 47% 21534 336504 20293 14%
c u 121.70 140 149 36 108 4235 3 745248 28756 3.1 71 23 4 22 47% 21535 336504 20293 14%
c v 121.84 140 149 36 108 4235 3 745248 27753 3.1 71 23 4 22 47% 21535 336504 20293 14%
c w 121.91 141 149 36 108 4235 3 745248 27740 3.1 71 23 4 22 47% 21535 336504 20293 14%
c x 122.01 141 149 36 108 4235 3 745248 27733 3.1 71 23 4 22 47% 21537 328811 20293 14%
c f 122.13 141 149 36 108 4235 3 745248 27733 3.1 71 23 4 22 47% 21539 328790 20294 14%
c - 123.33 146 156 36 109 4364 4 754265 27998 3.0 71 23 4 22 47% 21546 328790 20294 14%
c - 124.72 147 162 36 110 4507 4 764706 32356 3.0 71 24 4 22 47% 21548 328790 20294 14%
c - 126.06 148 168 36 111 4643 4 775195 35147 2.9 71 25 4 22 48% 21551 328790 20294 14%
c - 127.48 148 173 36 112 4784 4 785731 37114 2.9 72 25 4 22 48% 21552 328789 20294 14%
c - 128.99 149 179 36 113 4940 5 796314 38465 2.8 72 26 4 22 48% 21557 328789 20294 14%
c - 130.35 149 183 36 114 5055 5 806946 40019 2.8 72 26 4 22 49% 21561 328789 20294 14%
c o 131.60 149 186 36 114 5173 5 816937 49844 2.8 72 26 4 22 49% 21569 328789 20294 14%
c - 131.69 150 187 36 115 5181 5 817624 41415 2.8 72 26 4 22 49% 21569 328789 20294 14%
c } 131.94 150 187 37 115 5209 5 819343 43112 2.8 72 26 4 22 49% 21571 328789 20294 14%
c [ 131.94 150 127 37 115 5209 1 819343 43112 2.5 167 66 5 47 58% 21571 328789 20294 14%
c W 132.01 167 127 37 115 5209 1 819343 43112 2.5 167 66 5 47 58% 21571 328789 20294 14%
c b 133.42 169 123 37 115 5214 1 826912 50003 2.6 168 65 5 47 59% 21571 328789 20293 14%
c u 133.63 171 123 37 115 5214 1 826912 46746 2.6 168 65 5 47 59% 21578 328789 20293 14%
c v 133.88 172 123 37 115 5214 1 826912 45619 2.6 168 65 5 47 59% 21578 328789 20293 14%
c
c seconds      switched     rate          size/glue   tier1     binary           remaining
c          MB    reductions   conflicts         size    tier2       irredundant
c            level     restarts      redundant      glue    trail           variables
c
c w 134.07 177 123 37 115 5214 1 826912 45614 2.6 168 65 5 47 59% 21578 328789 20293 14%
c x 134.27 177 123 37 115 5214 1 826912 45601 2.6 168 65 5 47 59% 21587 321352 20293 14%
c t 134.29 177 123 37 115 5214 1 826912 45601 2.6 168 65 5 47 59% 21578 321352 20292 14%
c b 134.30 177 123 37 115 5214 1 826912 45601 2.6 168 65 5 47 59% 21578 321352 20291 14%
c f 134.46 177 123 37 115 5214 1 826912 45601 2.6 168 65 5 47 59% 21591 321119 20300 14%
c b 134.49 177 123 37 115 5214 1 826912 45600 2.6 168 65 5 47 59% 21598 321104 20299 14%
c u 134.69 177 123 37 115 5214 1 826912 43682 2.6 168 65 5 47 59% 21613 321104 20299 14%
c v 134.93 179 123 37 115 5214 1 826912 42520 2.6 168 65 5 47 59% 21613 321104 20299 14%
c w 135.09 183 123 37 115 5214 1 826912 42519 2.6 168 65 5 47 59% 21613 321104 20299 14%
c x 135.28 183 123 37 115 5214 1 826912 42501 2.6 168 65 5 47 59% 21623 314574 20299 14%
c t 135.30 183 123 37 115 5214 1 826912 42501 2.6 168 65 5 47 59% 21616 314574 20297 14%
c f 135.47 184 123 37 115 5214 1 826912 42501 2.6 168 65 5 47 59% 21635 314165 20313 14%
c - 135.80 184 122 37 116 5215 1 828348 31724 2.6 168 65 5 46 59% 21610 314165 20313 14%
c - 137.98 148 116 37 117 5221 1 839118 27483 2.7 170 64 5 45 59% 21610 314165 20313 14%
c s 139.40 148 115 37 117 5223 1 845266 33351 2.7 170 63 5 45 59% 21614 313634 20313 14%
c e 139.55 148 115 37 117 5223 1 845266 33351 2.7 170 63 5 45 59% 21266 317160 20063 14%
c s 139.64 148 115 37 117 5223 1 845266 33351 2.7 170 63 5 45 59% 21266 316481 20063 14%
c e 139.71 148 115 37 117 5223 1 845266 33351 2.7 170 63 5 45 59% 21246 316603 20054 14%
c - 140.65 149 114 37 118 5223 1 849934 23425 2.7 172 64 5 45 59% 21246 316603 20054 14%
c - 142.85 150 112 37 119 5230 1 860797 23700 2.7 174 64 5 44 60% 21246 316603 20054 14%
c
c seconds      switched     rate          size/glue   tier1     binary           remaining
c          MB    reductions   conflicts         size    tier2       irredundant
c            level     restarts      redundant      glue    trail           variables
c
c - 144.87 150 112 37 120 5236 1 871706 24828 2.7 174 64 5 44 60% 21246 316603 20054 14%
c ] 145.05 150 111 38 120 5236 1 872590 25675 2.7 174 64 5 44 60% 21246 316603 20054 14%
c { 145.05 150 187 38 120 5236 5 872590 25675 2.8 72 26 4 22 49% 21246 316603 20054 14%
c i 145.12 151 187 38 120 5238 5 873488 26520 2.7 72 26 4 22 49% 21250 316603 20050 14%
c - 145.62 151 185 38 121 5240 4 882660 30015 2.7 69 25 4 22 47% 21250 316602 20050 14%
c i 145.81 151 184 38 121 5242 4 885518 32738 2.7 68 25 4 22 47% 21251 316602 20049 14%
c i 145.82 151 184 38 121 5242 4 885616 32810 2.7 68 25 4 22 46% 21259 316602 20048 14%
c i 145.86 151 184 38 121 5245 4 886027 33197 2.7 68 25 4 22 46% 21259 316602 20047 14%
c i 145.86 151 184 38 121 5245 4 886031 33199 2.7 68 25 4 22 46% 21260 316602 20043 14%
c i 146.10 152 182 38 121 5249 4 891211 38052 2.7 66 24 4 22 46% 21273 316600 20041 14%
c i 146.10 152 182 38 121 5249 4 891236 38070 2.7 66 24 4 22 46% 21273 316600 20040 14%
c i 146.23 152 181 38 121 5250 4 893392 40125 2.7 65 24 4 22 45% 21280 316599 20038 14%
c - 146.25 152 181 38 122 5250 4 893661 36200 2.7 65 24 4 22 45% 21243 316599 20038 14%
c i 146.34 152 180 38 122 5254 4 895400 37832 2.7 65 24 4 22 45% 21248 316599 20030 14%
c i 146.34 152 180 38 122 5254 4 895417 37845 2.7 65 24 4 22 45% 21248 316599 20029 14%
c i 146.34 152 180 38 122 5254 4 895468 37871 2.7 65 24 4 22 45% 21252 316599 20026 14%
c i 146.35 152 180 38 122 5255 4 895666 38052 2.7 65 24 4 22 45% 21254 316598 20025 14%
c i 146.37 152 180 38 122 5256 4 896059 38421 2.7 65 24 4 22 45% 21257 316598 20023 14%
c i 146.37 152 180 38 122 5256 4 896063 38422 2.7 65 24 4 22 45% 21259 316598 20021 14%
c i 146.37 152 180 38 122 5256 4 896068 38422 2.7 65 24 4 22 45% 21261 316598 20020 14%
c
c seconds      switched     rate          size/glue  tier1     binary           remaining
c          MB    reductions   conflicts         size   tier2       irredundant
c            level     restarts      redundant     glue    trail           variables
c
c i 146.37 152 180 38 122 5256 4 896071 38422 2.7 65 24 4 22 45% 21263 316598 20018 14%
c i 146.39 153 180 38 122 5257 4 896317 38631 2.7 65 24 4 22 45% 21273 316596 20015 14%
c i 146.48 154 181 38 122 5258 4 898751 40900 2.7 64 24 4 22 44% 21277 316595 20014 14%
c i 146.62 155 180 38 122 5261 4 901461 43491 2.7 63 23 4 22 43% 21281 316595 20013 14%
c i 146.62 155 180 38 122 5261 4 901463 43491 2.7 63 23 4 22 43% 21282 316595 20005 14%
c - 146.73 155 178 38 123 5263 4 904706 39198 2.7 62 23 4 22 42% 21197 316595 20005 14%
c d 146.89 156 173 38 123 5263 4 912998 46574 2.7 58 22 4 22 39% 21263 316208 20004 14%
c b 146.90 156 173 38 123 5263 4 912998 46574 2.7 58 22 4 22 39% 21263 316208 19998 14%
c u 147.08 157 173 38 123 5263 4 912998 43522 2.7 58 22 4 22 39% 21276 316208 19997 14%
c v 147.28 158 173 38 123 5263 4 912998 42761 2.7 58 22 4 22 39% 21276 316208 19997 14%
c w 147.38 159 173 38 123 5263 4 912998 42701 2.7 58 22 4 22 39% 21276 316208 19997 14%
c x 147.56 158 173 38 123 5263 4 912998 42663 2.7 58 22 4 22 39% 21286 309242 19996 14%
c t 147.58 158 173 38 123 5263 4 912998 42656 2.7 58 22 4 22 39% 21266 309231 19995 14%
c f 147.74 158 173 38 123 5263 4 912998 42656 2.7 58 22 4 22 39% 21270 309193 19997 14%
c u 147.95 159 173 38 123 5263 4 912998 39928 2.7 58 22 4 22 39% 21330 309186 19997 14%
c v 148.15 159 173 38 123 5263 4 912998 38805 2.7 58 22 4 22 39% 21330 309186 19997 14%
c w 148.24 159 173 38 123 5263 4 912998 38784 2.7 58 22 4 22 39% 21330 309186 19997 14%
c x 148.42 120 173 38 123 5263 4 912998 38750 2.7 58 22 4 22 39% 21336 301964 19997 14%
c t 148.44 120 173 38 123 5263 4 912998 38750 2.7 58 22 4 22 39% 21320 301964 19997 14%
c f 148.60 120 173 38 123 5263 4 912998 38750 2.7 58 22 4 22 39% 21333 301677 20007 14%
c
c seconds      switched     rate          size/glue  tier1     binary           remaining
c          MB    reductions   conflicts         size   tier2       irredundant
c            level     restarts      redundant     glue    trail           variables
c
c i 148.61 121 173 38 123 5263 4 912998 38750 2.7 58 22 4 22 39% 21333 301677 20007 14%
c - 148.70 121 172 38 124 5263 4 915796 33797 2.6 57 22 4 22 39% 21294 301677 20007 14%
c - 149.10 121 169 38 125 5263 4 926931 36807 2.6 54 21 4 21 36% 21295 301677 20007 14%
c i 149.31 122 168 38 125 5264 4 931727 41378 2.6 53 20 4 21 35% 21301 301677 20006 14%
c i 149.41 123 167 38 125 5266 4 933206 42770 2.6 52 20 4 21 35% 21310 301677 20005 14%
c - 149.63 140 166 38 126 5267 3 938112 40553 2.6 52 20 4 21 34% 21304 301677 20005 14%
c i 149.64 140 166 38 126 5268 3 938522 40927 2.6 52 20 4 21 34% 21307 301677 20004 14%
c o 149.93 141 161 38 126 5275 3 947530 49370 2.5 49 19 4 21 33% 21312 301676 20004 14%
c i 149.93 141 161 38 126 5275 3 947531 49370 2.5 49 19 4 21 33% 21312 301676 20002 14%
c i 149.97 141 161 38 126 5275 3 948968 50727 2.5 49 19 4 21 32% 21319 301674 20001 14%
c - 149.98 141 161 38 127 5275 3 949339 43000 2.5 49 19 4 21 32% 21300 301674 20001 14%
c i 149.99 141 161 38 127 5275 3 949409 43045 2.5 49 19 4 21 32% 21310 301674 19999 14%
c i 150.05 142 161 38 127 5278 3 950972 44498 2.5 48 19 4 21 32% 21314 301674 19998 14%
c i 150.07 142 161 38 127 5279 3 951219 44726 2.5 48 19 4 21 32% 21317 301674 19996 14%
c } 150.14 142 160 39 127 5280 3 955923 48982 2.5 47 19 4 21 31% 21320 301674 19995 14%
c [ 150.14 142 111 39 127 5280 1 955923 48982 2.7 174 64 5 44 60% 21320 301674 19995 14%
c I 150.14 142 111 39 127 5280 1 955923 48982 2.7 174 64 5 44 60% 21320 301674 19995 14%
c - 150.95 143 115 39 128 5283 1 960608 41945 2.7 173 64 4 44 59% 21299 301674 19995 14%
c - 152.60 144 119 39 129 5289 1 971921 38931 2.7 171 63 4 43 58% 21299 301674 19995 14%
c ] 154.44 144 119 40 129 5294 1 982416 49152 2.7 171 63 4 43 58% 21300 301674 19995 14%
c
c seconds      switched     rate          size/glue  tier1     binary           remaining
c          MB    reductions   conflicts         size   tier2       irredundant
c            level     restarts      redundant     glue    trail           variables
c
c { 154.44 144 160 40 129 5294 3 982416 49152 2.5 47 19 4 21 31% 21300 301674 19995 14%
c - 154.61 145 161 40 130 5310 3 983280 37179 2.5 47 19 4 21 31% 21300 301674 19995 14%
c i 155.50 147 166 40 130 5416 4 992001 45624 2.5 47 19 4 21 32% 21317 301674 19993 14%
c i 155.63 148 166 40 130 5433 4 993282 46871 2.5 47 19 4 21 32% 21319 301674 19992 14%
c - 155.77 149 167 40 131 5450 4 994681 40522 2.5 47 19 4 21 33% 21306 301674 19992 14%
c b 156.86 151 171 40 131 5567 4 1003562 49244 2.4 48 20 4 21 34% 21347 301514 19990 14%
c u 157.00 151 171 40 131 5567 4 1003562 46810 2.4 48 20 4 21 34% 21349 301514 19990 14%
c v 157.18 151 171 40 131 5567 4 1003562 45753 2.4 48 20 4 21 34% 21349 301514 19990 14%
c w 157.27 153 171 40 131 5567 4 1003562 45742 2.4 48 20 4 21 34% 21349 301514 19990 14%
c x 157.42 152 171 40 131 5567 4 1003562 45687 2.4 48 20 4 21 34% 21352 296232 19990 14%
c t 157.44 152 171 40 131 5567 4 1003562 45687 2.4 48 20 4 21 34% 21342 296232 19989 14%
c f 157.56 153 171 40 131 5567 4 1003562 45687 2.4 48 20 4 21 34% 21350 295967 19999 14%
c u 157.74 153 171 40 131 5567 4 1003562 44197 2.4 48 20 4 21 34% 21363 295962 19997 14%
c v 157.92 153 171 40 131 5567 4 1003562 43218 2.4 48 20 4 21 34% 21363 295962 19997 14%
c w 158.00 153 171 40 131 5567 4 1003562 43210 2.4 48 20 4 21 34% 21363 295962 19997 14%
c x 158.15 152 171 40 131 5567 4 1003562 43171 2.4 48 20 4 21 34% 21376 291118 19997 14%
c t 159.21 153 171 40 131 5567 4 1003562 43154 2.4 48 20 4 21 34% 21371 291118 19995 14%
c f 159.33 153 171 40 131 5567 4 1003562 43154 2.4 48 20 4 21 34% 21381 290713 20010 14%
c i 159.34 153 171 40 131 5567 4 1003562 43154 2.4 48 20 4 21 34% 21381 290713 20010 14%
c - 159.70 156 173 40 132 5601 4 1006126 39493 2.5 48 20 4 21 34% 21351 290713 20010 14%
c
c seconds      switched     rate           size/glue  tier1     binary           remaining
c          MB    reductions    conflicts         size   tier2       irredundant
c            level     restarts       redundant     glue    trail           variables
c
c i 160.36 157 176 40 132 5672 4 1012842 46080 2.5 48 20 4 21 35% 21359 290713 20008 14%
c - 160.97 158 178 40 133 5737 4 1017615 43134 2.5 49 20 4 21 36% 21354 290713 20008 14%
c - 162.54 159 183 40 134 5899 5 1029149 45666 2.4 50 21 4 21 37% 21360 290712 20008 14%
c i 163.07 159 184 40 134 5957 5 1033482 49912 2.4 50 21 4 21 37% 21365 290712 20007 14%
c - 163.92 159 187 40 135 6047 5 1040725 47197 2.4 51 21 4 21 38% 21367 290712 20007 14%
c i 164.51 159 187 40 135 6115 5 1047590 53862 2.4 51 21 4 21 38% 21371 290711 20006 14%
c - 165.01 160 188 40 136 6161 5 1052343 49012 2.4 51 21 4 21 39% 21363 290710 20006 14%
c s 165.96 160 190 40 136 6261 5 1059951 56497 2.4 51 21 4 21 39% 21380 290197 20006 14%
c e 166.10 160 190 40 136 6261 5 1059951 56497 2.4 51 21 4 21 39% 20590 300043 19350 13%
c 2 166.10 160 190 40 136 6261 5 1059951 56497 2.4 51 21 4 21 39% 20589 300043 19350 13%
c s 166.22 160 190 40 136 6261 5 1059951 56497 2.4 51 21 4 21 39% 20594 299269 19350 13%
c e 166.29 160 190 40 136 6261 5 1059951 56497 2.4 51 21 4 21 39% 20577 299380 19342 13%
c - 166.76 165 190 40 137 6311 5 1064004 42322 2.4 51 21 4 21 39% 20578 299380 19342 13%
c } 167.88 166 192 41 137 6441 5 1073892 52023 2.4 52 22 4 21 40% 20580 299380 19342 13%
c [ 167.88 166 119 41 137 6441 1 1073892 52023 2.7 171 63 4 43 58% 20580 299380 19342 13%
c B 167.88 166 119 41 137 6441 1 1073892 52023 2.7 171 63 4 43 58% 20580 299380 19342 13%
c - 168.13 166 121 41 138 6442 1 1075709 45722 2.7 171 63 4 43 58% 20580 299380 19342 13%
c - 169.73 127 125 41 139 6449 2 1087464 44855 2.6 168 64 4 43 57% 20580 299380 19342 13%
c o 169.96 127 126 41 139 6451 2 1090317 47665 2.6 166 63 4 43 57% 20580 299380 19342 13%
c u 171.17 139 135 41 139 6455 2 1098670 52582 2.5 163 64 4 43 55% 20648 299377 19342 13%
c
c seconds      switched     rate           size/glue   tier1     binary           remaining
c          MB    reductions    conflicts         size    tier2       irredundant
c            level     restarts       redundant      glue    trail           variables
c
c v 171.41 139 135 41 139 6455 2 1098670 51070 2.5 163 64 4 43 55% 20648 299377 19342 13%
c w 171.55 144 135 41 139 6455 2 1098670 51067 2.5 163 64 4 43 55% 20648 299377 19342 13%
c x 171.74 148 135 41 139 6455 2 1098670 51000 2.5 163 64 4 43 55% 20655 293482 19342 13%
c t 171.76 148 135 41 139 6455 2 1098670 51000 2.5 163 64 4 43 55% 20628 293482 19342 13%
c f 171.94 148 135 41 139 6455 2 1098670 51000 2.5 163 64 4 43 55% 20630 293462 19343 13%
c u 172.15 148 135 41 139 6455 2 1098670 48720 2.5 163 64 4 43 55% 20640 293462 19343 13%
c v 172.39 164 135 41 139 6455 2 1098670 46825 2.5 163 64 4 43 55% 20640 293462 19343 13%
c w 172.51 170 135 41 139 6455 2 1098670 46813 2.5 163 64 4 43 55% 20640 293462 19343 13%
c x 172.71 170 135 41 139 6455 2 1098670 46751 2.5 163 64 4 43 55% 20656 288523 19343 13%
c d 172.72 170 135 41 139 6455 2 1098670 46750 2.5 163 64 4 43 55% 20654 288523 19342 13%
c t 172.73 170 135 41 139 6455 2 1098670 46750 2.5 163 64 4 43 55% 20650 288523 19342 13%
c f 172.90 170 135 41 139 6455 2 1098670 46750 2.5 163 64 4 43 55% 20653 288359 19349 13%
c - 173.02 173 135 41 140 6455 2 1099254 34597 2.5 163 64 4 43 55% 20653 288359 19349 13%
c - 174.90 175 135 41 141 6459 2 1111086 34496 2.6 165 64 4 43 55% 20653 288359 19349 13%
c - 176.26 193 140 41 142 6465 2 1122960 35362 2.5 161 64 4 43 53% 20653 288359 19349 13%
c - 177.74 194 145 41 143 6470 2 1134876 37291 2.6 160 63 4 43 53% 20653 288359 19349 13%
c - 179.15 195 145 41 144 6471 2 1146834 38174 2.6 158 61 4 43 53% 20653 288359 19349 13%
c W 179.20 195 145 41 144 6471 2 1146867 38207 2.6 158 61 4 43 53% 20653 288359 19349 13%
c ] 180.45 193 147 42 144 6473 2 1157482 48396 2.5 159 64 4 43 52% 20653 288359 19349 13%
c { 180.45 193 192 42 144 6473 5 1157482 48396 2.4 52 22 4 21 40% 20653 288359 19349 13%
c
c seconds      switched     rate           size/glue  tier1     binary           remaining
c          MB    reductions    conflicts         size   tier2       irredundant
c            level     restarts       redundant     glue    trail           variables
c
c - 180.60 195 193 42 145 6491 5 1158836 37130 2.4 52 22 4 21 40% 20655 288359 19349 13%
c - 182.00 197 199 42 146 6654 5 1170878 37125 2.4 53 22 3 21 41% 20663 288359 19349 13%
c - 183.46 216 204 42 147 6820 6 1182962 41624 2.4 54 23 3 21 41% 20675 288359 19349 13%
c - 184.93 217 208 42 148 6980 6 1195086 44091 2.3 54 23 3 21 42% 20680 288359 19349 13%
c u 185.49 217 210 42 148 7017 6 1198507 43872 2.3 54 23 3 21 42% 20703 288359 19349 13%
c v 185.74 218 210 42 148 7017 6 1198507 41913 2.3 54 23 3 21 42% 20703 288359 19349 13%
c w 185.86 218 210 42 148 7017 6 1198507 41884 2.3 54 23 3 21 42% 20703 288359 19349 13%
c x 186.07 218 210 42 148 7017 6 1198507 41841 2.3 54 23 3 21 42% 20725 277460 19348 13%
c d 186.08 218 210 42 148 7017 6 1198507 41839 2.3 54 23 3 21 42% 20727 277448 19346 13%
c t 186.09 218 210 42 148 7017 6 1198507 41839 2.3 54 23 3 21 42% 20706 277448 19346 13%
c f 186.29 219 210 42 148 7017 6 1198507 41839 2.3 54 23 3 21 42% 20729 276745 19375 13%
c u 186.52 220 210 42 148 7017 6 1198507 40949 2.3 54 23 3 21 42% 20794 276745 19375 13%
c v 186.80 221 210 42 148 7017 6 1198507 38611 2.3 54 23 3 21 42% 20795 276745 19375 13%
c w 186.91 222 210 42 148 7017 6 1198507 38572 2.3 54 23 3 21 42% 20795 276745 19375 13%
c x 187.10 222 210 42 148 7017 6 1198507 38561 2.3 54 23 3 21 42% 20832 267210 19375 13%
c t 187.12 222 210 42 148 7017 6 1198507 38561 2.3 54 23 3 21 42% 20812 267210 19375 13%
c f 187.30 222 210 42 148 7017 6 1198507 38561 2.3 54 23 3 21 42% 20826 266615 19403 13%
c i 187.31 222 210 42 148 7017 6 1198507 38561 2.3 54 23 3 21 42% 20826 266615 19403 13%
c - 188.34 225 213 42 149 7131 6 1207252 38211 2.3 55 24 3 21 42% 20824 266615 19403 13%
c - 189.83 226 215 42 150 7284 6 1219460 41397 2.3 56 24 3 21 42% 20834 266615 19403 13%
c
c seconds      switched     rate           size/glue  tier1     binary           remaining
c          MB    reductions    conflicts         size   tier2       irredundant
c            level     restarts       redundant     glue    trail           variables
c
c - 191.24 187 220 42 151 7436 6 1231708 43704 2.3 56 24 3 21 43% 20845 266615 19403 13%
c o 192.33 188 221 42 151 7551 6 1240353 52239 2.3 57 25 3 21 43% 20846 266615 19403 13%
c - 192.75 188 222 42 152 7590 6 1243996 45093 2.3 57 25 3 21 44% 20847 266615 19403 13%
c - 194.29 189 224 42 153 7752 6 1256324 46060 2.3 58 25 3 21 44% 20855 266615 19403 13%
c } 194.45 191 224 43 153 7773 6 1257455 47174 2.3 58 25 3 21 44% 20857 266615 19403 13%
c [ 194.45 191 147 43 153 7773 2 1257455 47174 2.5 159 64 4 43 52% 20857 266615 19403 13%
c O 194.45 191 147 43 153 7773 2 1257455 47174 2.5 159 64 4 43 52% 20857 266615 19403 13%
c - 195.79 193 147 43 154 7779 2 1268694 43248 2.5 161 65 4 43 51% 20858 266615 19403 13%
c - 197.56 194 149 43 155 7786 2 1281103 39026 2.5 160 64 4 43 51% 20860 266614 19403 13%
c - 199.58 195 150 43 156 7790 2 1293553 37698 2.5 161 64 4 43 51% 20860 266614 19403 13%
c u 201.08 196 151 43 156 7795 2 1302658 43577 2.5 161 64 4 43 50% 20890 266614 19403 13%
c v 201.34 132 151 43 156 7795 2 1302658 40377 2.5 161 64 4 43 50% 20890 266614 19403 13%
c w 201.55 141 151 43 156 7795 2 1302658 40366 2.5 161 64 4 43 50% 20890 266614 19403 13%
c x 201.76 142 151 43 156 7795 2 1302658 40358 2.5 161 64 4 43 50% 20909 261703 19403 13%
c t 201.78 142 151 43 156 7795 2 1302658 40358 2.5 161 64 4 43 50% 20895 261703 19401 13%
c f 202.02 142 151 43 156 7795 2 1302658 40358 2.5 161 64 4 43 50% 20898 261583 19406 13%
c u 202.25 146 151 43 156 7795 2 1302658 39803 2.5 161 64 4 43 50% 20927 261562 19406 13%
c v 202.41 147 151 43 156 7795 2 1302658 38269 2.5 161 64 4 43 50% 20928 261562 19406 13%
c w 202.74 152 151 43 156 7795 2 1302658 38257 2.5 161 64 4 43 50% 20928 261562 19406 13%
c x 202.96 152 151 43 156 7795 2 1302658 38253 2.5 161 64 4 43 50% 20936 258456 19406 13%
c
c seconds      switched     rate           size/glue   tier1     binary           remaining
c          MB    reductions    conflicts         size    tier2       irredundant
c            level     restarts       redundant      glue    trail           variables
c
c t 202.98 152 151 43 156 7795 2 1302658 38253 2.5 161 64 4 43 50% 20920 258456 19406 13%
c s 203.35 153 150 43 156 7795 2 1303363 38950 2.5 161 64 4 43 50% 20951 257875 19406 13%
c e 203.48 155 150 43 156 7795 2 1303363 38950 2.5 161 64 4 43 50% 20094 266930 18763 13%
c 2 203.48 155 150 43 156 7795 2 1303363 38950 2.5 161 64 4 43 50% 20093 266930 18763 13%
c s 203.55 155 150 43 156 7795 2 1303363 38950 2.5 161 64 4 43 50% 20097 265893 18763 13%
c e 203.61 155 150 43 156 7795 2 1303363 38950 2.5 161 64 4 43 50% 20062 266092 18747 13%
c - 203.97 156 152 43 157 7797 2 1306044 26139 2.5 160 64 4 43 50% 20061 266092 18747 13%
c - 205.55 157 157 43 158 7802 2 1318574 29392 2.5 159 63 4 43 51% 20061 266092 18747 13%
c - 207.29 158 160 43 159 7803 2 1331143 31009 2.5 160 65 4 43 51% 20061 266092 18747 13%
c B 208.87 158 159 43 159 7805 2 1341493 41004 2.4 159 66 4 43 51% 20061 266092 18747 13%
c ] 209.08 158 160 44 159 7806 2 1343115 42614 2.4 159 66 4 43 51% 20061 266092 18747 13%
c { 209.08 158 224 44 159 7806 6 1343115 42614 2.3 58 25 3 21 44% 20061 266092 18747 13%
c - 209.16 159 224 44 160 7814 6 1343752 31331 2.3 58 25 3 21 44% 20061 266092 18747 13%
c - 210.60 164 224 44 161 7980 6 1356401 35719 2.3 59 26 3 21 44% 20063 266092 18747 13%
c - 212.04 138 225 44 162 8143 6 1369089 40210 2.3 61 26 3 21 45% 20066 266092 18747 13%
c - 213.62 139 225 44 163 8305 6 1381818 42860 2.3 62 27 3 21 46% 20068 266092 18747 13%
c - 215.17 139 223 44 164 8470 6 1394587 44779 2.4 63 27 3 21 46% 20071 266092 18747 13%
c o 215.86 139 223 44 164 8536 6 1400369 50469 2.4 64 27 3 21 46% 20072 266092 18747 13%
c - 216.74 140 223 44 165 8622 6 1407393 46315 2.4 65 27 3 21 46% 20073 266092 18747 13%
c u 217.47 145 222 44 165 8671 6 1411475 47413 2.4 66 28 3 21 46% 20111 266092 18747 13%
c
c seconds      switched     rate           size/glue  tier1     binary           remaining
c          MB    reductions    conflicts         size   tier2       irredundant
c            level     restarts       redundant     glue    trail           variables
c
c v 217.75 146 222 44 165 8671 6 1411475 44909 2.4 66 28 3 21 46% 20111 266092 18747 13%
c w 217.91 147 222 44 165 8671 6 1411475 44892 2.4 66 28 3 21 46% 20111 266092 18747 13%
c x 218.15 153 222 44 165 8671 6 1411475 44866 2.4 66 28 3 21 46% 20261 263855 18746 13%
c d 218.16 153 222 44 165 8671 6 1411475 44866 2.4 66 28 3 21 46% 20263 263846 18745 13%
c t 218.18 153 222 44 165 8671 6 1411475 44866 2.4 66 28 3 21 46% 20231 263846 18745 13%
c f 218.37 153 222 44 165 8671 6 1411475 44866 2.4 66 28 3 21 46% 20258 263258 18772 13%
c u 218.60 156 222 44 165 8671 6 1411475 44367 2.4 66 28 3 21 46% 20279 263258 18772 13%
c v 218.92 158 222 44 165 8671 6 1411475 39984 2.4 66 28 3 21 46% 20279 263258 18772 13%
c w 219.05 158 222 44 165 8671 6 1411475 39971 2.4 66 28 3 21 46% 20279 263258 18772 13%
c x 219.28 159 222 44 165 8671 6 1411475 39931 2.4 66 28 3 21 46% 20288 262280 18772 13%
c t 219.30 159 222 44 165 8671 6 1411475 39931 2.4 66 28 3 21 46% 20279 262280 18772 13%
c i 219.43 159 222 44 165 8671 6 1411475 39931 2.4 66 28 3 21 46% 20279 262280 18772 13%
c - 220.39 162 222 44 166 8755 6 1420238 39360 2.4 66 28 3 21 46% 20274 262280 18772 13%
c - 222.28 136 222 44 167 8940 6 1433124 42205 2.4 68 28 3 21 47% 20276 262280 18772 13%
c - 223.94 137 222 44 168 9093 6 1446046 44006 2.4 69 29 3 21 47% 20284 262280 18772 13%
c } 224.56 142 222 45 168 9152 6 1451947 49775 2.4 69 29 3 21 47% 20287 262280 18772 13%
c [ 224.56 142 160 45 168 9152 2 1451947 49775 2.4 159 66 4 43 51% 20287 262280 18772 13%
c W 224.62 152 160 45 168 9152 2 1451947 49775 2.4 159 66 4 43 51% 20287 262280 18772 13%
c - 225.77 154 157 45 169 9157 2 1459007 43287 2.4 159 65 4 43 52% 20287 262280 18772 13%
c - 228.08 156 149 45 170 9164 2 1472014 37924 2.5 159 64 4 42 52% 20287 262280 18772 13%
c
c seconds      switched     rate           size/glue   tier1     binary           remaining
c          MB    reductions    conflicts         size    tier2       irredundant
c            level     restarts       redundant      glue    trail           variables
c
c - 229.91 157 151 45 171 9167 2 1485054 35467 2.5 158 64 4 42 52% 20287 262280 18772 13%
c - 231.21 161 157 45 172 9175 2 1498130 36348 2.4 154 63 4 42 51% 20288 262280 18772 13%
c - 232.57 143 162 45 173 9181 2 1511245 37392 2.4 151 62 4 42 51% 20288 262280 18772 13%
c - 234.23 144 164 45 174 9182 2 1524398 38009 2.5 151 61 4 42 51% 20288 262280 18772 13%
c u 234.56 145 165 45 174 9182 2 1525246 36418 2.5 150 61 4 42 51% 20319 262280 18771 13%
c v 234.75 147 165 45 174 9182 2 1525246 34174 2.5 150 61 4 42 51% 20319 262280 18771 13%
c w 235.04 149 165 45 174 9182 2 1525246 34093 2.5 150 61 4 42 51% 20319 262280 18771 13%
c x 235.28 155 165 45 174 9182 2 1525246 34025 2.5 150 61 4 42 51% 20333 261279 18771 13%
c t 235.30 155 165 45 174 9182 2 1525246 34025 2.5 150 61 4 42 51% 20312 261279 18770 13%
c u 235.54 155 165 45 174 9182 2 1525246 33594 2.5 150 61 4 42 51% 20330 261276 18770 13%
c v 235.68 155 165 45 174 9182 2 1525246 32505 2.5 150 61 4 42 51% 20330 261276 18770 13%
c w 236.06 155 165 45 174 9182 2 1525246 32258 2.5 150 61 4 42 51% 20330 261276 18770 13%
c x 236.29 155 165 45 174 9182 2 1525246 32168 2.5 150 61 4 42 51% 20345 260258 18769 13%
c t 238.05 156 165 45 174 9182 2 1525246 32168 2.5 150 61 4 42 51% 20335 260243 18769 13%
c i 238.08 156 165 45 174 9182 2 1525246 32168 2.5 150 61 4 42 51% 20335 260243 18769 13%
c - 240.24 158 169 45 175 9185 2 1537588 32555 2.5 151 62 4 42 52% 20320 260243 18769 13%
c ] 241.11 158 166 46 175 9189 2 1542981 37793 2.5 152 62 4 42 52% 20320 260243 18769 13%
c { 241.11 158 222 46 175 9189 6 1542981 37793 2.4 69 29 3 21 47% 20320 260243 18769 13%
c - 241.98 164 222 46 176 9253 6 1550816 34967 2.4 69 29 3 21 47% 20321 260243 18769 13%
c - 243.35 133 220 46 177 9348 6 1564084 40093 2.4 68 28 3 21 48% 20328 260242 18769 13%
c
c seconds      switched     rate           size/glue  tier1     binary           remaining
c          MB    reductions    conflicts         size   tier2       irredundant
c            level     restarts       redundant     glue    trail           variables
c
c o 244.03 133 221 46 177 9406 6 1570569 46408 2.4 67 28 3 21 47% 20329 260242 18769 13%
c s 244.64 134 221 46 177 9458 6 1575430 51185 2.4 67 28 3 21 48% 20353 259605 18769 13%
c e 244.73 134 221 46 177 9458 6 1575430 51185 2.4 67 28 3 21 48% 20059 261282 18623 13%
c 2 244.73 134 221 46 177 9458 6 1575430 51185 2.4 67 28 3 21 48% 20057 261282 18623 13%
c s 244.77 134 221 46 177 9458 6 1575430 51185 2.4 67 28 3 21 48% 20062 260377 18623 13%
c e 244.82 134 221 46 177 9458 6 1575430 51185 2.4 67 28 3 21 48% 20043 260501 18612 13%
c - 245.07 138 221 46 178 9479 6 1577389 40557 2.4 67 28 3 21 48% 20046 260501 18612 13%
c - 246.61 141 219 46 179 9622 6 1590730 43997 2.4 68 28 3 21 48% 20049 260501 18612 13%
c - 248.05 142 218 46 180 9743 6 1604111 46793 2.4 68 28 3 21 49% 20052 260501 18612 13%
c - 249.70 143 217 46 181 9898 6 1617527 48340 2.4 69 28 3 21 49% 20057 260501 18612 13%
c - 251.29 143 216 46 182 10040 6 1630980 49411 2.5 70 28 3 21 49% 20058 260501 18612 13%
c b 252.88 160 215 46 182 10184 6 1643910 62118 2.5 70 29 3 21 49% 20063 260501 18611 13%
c u 253.15 164 215 46 182 10184 6 1643910 58429 2.5 70 29 3 21 49% 20096 260501 18611 13%
c v 253.45 166 215 46 182 10184 6 1643910 56557 2.5 70 29 3 21 49% 20096 260501 18611 13%
c w 253.63 170 215 46 182 10184 6 1643910 56552 2.5 70 29 3 21 49% 20096 260501 18611 13%
c x 253.86 149 215 46 182 10184 6 1643910 56501 2.5 70 29 3 21 49% 20103 259683 18611 13%
c t 253.87 149 215 46 182 10184 6 1643910 56501 2.5 70 29 3 21 49% 20072 259683 18611 13%
c f 253.99 149 215 46 182 10184 6 1643910 56501 2.5 70 29 3 21 49% 20086 259430 18622 13%
c u 254.22 153 215 46 182 10184 6 1643910 55998 2.5 70 29 3 21 49% 20097 259430 18622 13%
c v 254.57 155 215 46 182 10184 6 1643910 50490 2.5 70 29 3 21 49% 20097 259430 18622 13%
c
c seconds      switched      rate           size/glue  tier1     binary           remaining
c          MB    reductions     conflicts         size   tier2       irredundant
c            level     restarts        redundant     glue    trail           variables
c
c w 254.73 158 215 46 182 10184 6 1643910 50467 2.5 70 29 3 21 49% 20097 259430 18622 13%
c x 254.98 158 215 46 182 10184 6 1643910 50394 2.5 70 29 3 21 49% 20117 258167 18622 13%
c t 255.00 158 215 46 182 10184 6 1643910 50394 2.5 70 29 3 21 49% 20114 258167 18621 13%
c - 255.15 159 215 46 183 10192 6 1644471 40554 2.5 71 29 3 21 49% 20097 258167 18621 13%
c - 256.64 165 212 46 184 10299 5 1657998 43599 2.5 71 29 3 21 49% 20099 258167 18621 13%
c } 256.97 165 213 47 184 10332 5 1661028 46572 2.5 71 29 3 21 49% 20100 258167 18621 13%
c [ 256.97 165 166 47 184 10332 2 1661028 46572 2.5 152 62 4 42 52% 20100 258167 18621 13%
c I 256.97 165 166 47 184 10332 2 1661028 46572 2.5 152 62 4 42 52% 20100 258167 18621 13%
c - 258.50 166 165 47 185 10338 2 1671562 43582 2.5 152 62 4 42 52% 20101 258167 18621 13%
c - 260.91 167 155 47 186 10345 2 1685167 38149 2.5 154 61 4 42 53% 20101 258167 18621 13%
c - 263.42 167 146 47 187 10350 2 1698808 33801 2.6 157 61 4 42 54% 20101 258167 18621 13%
c - 265.36 128 145 47 188 10359 2 1712483 34188 2.6 156 60 4 42 54% 20101 258167 18621 13%
c - 267.34 130 149 47 189 10361 2 1726196 35588 2.5 158 63 4 42 54% 20101 258167 18621 13%
c - 269.93 131 153 47 190 10362 2 1739945 34821 2.5 161 65 4 42 55% 20101 258167 18621 13%
c ] 271.20 131 152 48 190 10365 2 1747160 41813 2.5 161 65 4 42 54% 20101 258167 18621 13%
c { 271.20 131 213 48 190 10365 5 1747160 41813 2.5 71 29 3 21 49% 20101 258167 18621 13%
c o 271.61 136 213 48 190 10397 5 1750625 45216 2.5 71 29 3 21 49% 20103 258167 18621 13%
c - 271.94 137 213 48 191 10423 5 1753729 37264 2.5 71 29 3 21 49% 20106 258167 18621 13%
c u 273.61 139 214 48 191 10524 5 1767479 48365 2.5 70 28 3 21 50% 20133 258164 18621 13%
c v 273.99 140 214 48 191 10524 5 1767479 43321 2.5 70 28 3 21 50% 20134 258164 18621 13%
c
c seconds      switched      rate           size/glue  tier1     binary           remaining
c          MB    reductions     conflicts         size   tier2       irredundant
c            level     restarts        redundant     glue    trail           variables
c
c w 274.24 141 214 48 191 10524 5 1767479 43278 2.5 70 28 3 21 50% 20134 258164 18621 13%
c x 274.52 143 214 48 191 10524 5 1767479 43196 2.5 70 28 3 21 50% 20153 255153 18620 13%
c t 274.53 143 214 48 191 10524 5 1767479 43196 2.5 70 28 3 21 50% 20135 255146 18620 13%
c u 274.78 143 214 48 191 10524 5 1767479 42858 2.5 70 28 3 21 50% 20147 255146 18619 13%
c v 275.03 144 214 48 191 10524 5 1767479 40574 2.5 70 28 3 21 50% 20147 255146 18619 13%
c w 275.46 147 214 48 191 10524 5 1767479 40501 2.5 70 28 3 21 50% 20147 255146 18619 13%
c x 275.73 135 214 48 191 10524 5 1767479 40498 2.5 70 28 3 21 50% 20155 252059 18619 13%
c t 275.75 135 214 48 191 10524 5 1767479 40496 2.5 70 28 3 21 50% 20155 252059 18619 13%
c i 275.77 135 214 48 191 10524 5 1767479 40496 2.5 70 28 3 21 50% 20155 252059 18619 13%
c - 275.79 136 215 48 192 10525 5 1767550 34018 2.5 70 28 3 21 50% 20146 252059 18619 13%
c - 277.30 158 216 48 193 10646 5 1781407 40200 2.5 70 28 3 21 50% 20149 252059 18619 13%
c - 278.59 159 214 48 194 10728 5 1795300 45614 2.5 68 27 3 21 50% 20152 252059 18619 13%
c - 279.96 160 215 48 195 10837 5 1809228 48338 2.5 68 27 3 21 50% 20156 252059 18619 13%
c - 280.83 161 214 48 196 10901 5 1823192 49961 2.5 64 26 3 21 47% 20161 252058 18619 13%
c - 282.27 167 214 48 197 11026 5 1837193 51644 2.5 64 26 3 21 47% 20164 252058 18619 13%
c - 283.58 169 213 48 198 11137 5 1851228 52239 2.5 63 26 3 21 47% 20165 252058 18619 13%
c - 285.19 169 213 48 199 11285 5 1865300 53013 2.5 64 26 3 21 47% 20166 252058 18619 13%
c } 286.29 175 213 49 199 11394 5 1874772 62323 2.4 64 26 3 21 47% 20167 252058 18619 13%
c [ 286.29 175 152 49 199 11394 2 1874772 62323 2.5 161 65 4 42 54% 20167 252058 18619 13%
c B 286.29 175 152 49 199 11394 2 1874772 62323 2.5 161 65 4 42 54% 20167 252058 18619 13%
c
c seconds      switched      rate           size/glue   tier1     binary           remaining
c          MB    reductions     conflicts         size    tier2       irredundant
c            level     restarts        redundant      glue    trail           variables
c
c s 286.83 176 155 49 199 11396 2 1878834 66317 2.5 160 65 4 42 54% 20183 251677 18619 13%
c e 286.92 176 155 49 199 11396 2 1878834 66317 2.5 160 65 4 42 54% 20011 252908 18527 13%
c s 286.95 176 155 49 199 11396 2 1878834 66317 2.5 160 65 4 42 54% 20021 252364 18527 13%
c e 286.99 176 155 49 199 11396 2 1878834 66317 2.5 160 65 4 42 54% 19997 252454 18518 13%
c - 287.09 178 155 49 200 11397 2 1879407 50483 2.5 160 65 4 42 54% 19997 252454 18518 13%
c - 288.26 180 156 49 201 11406 2 1893549 47477 2.4 157 64 4 41 52% 19998 252454 18518 13%
c u 288.65 182 157 49 201 11407 2 1895859 46025 2.5 156 63 4 41 52% 20012 252454 18518 13%
c v 288.91 182 157 49 201 11407 2 1895859 43334 2.5 156 63 4 41 52% 20012 252454 18518 13%
c w 289.04 184 157 49 201 11407 2 1895859 43304 2.5 156 63 4 41 52% 20012 252454 18518 13%
c x 289.25 184 157 49 201 11407 2 1895859 43303 2.5 156 63 4 41 52% 20027 251145 18518 13%
c t 289.26 184 157 49 201 11407 2 1895859 43303 2.5 156 63 4 41 52% 20020 251145 18518 13%
c f 289.33 184 157 49 201 11407 2 1895859 43303 2.5 156 63 4 41 52% 20032 250909 18530 13%
c u 289.55 184 157 49 201 11407 2 1895859 42741 2.5 156 63 4 41 52% 20056 250909 18530 13%
c v 289.84 184 157 49 201 11407 2 1895859 38619 2.5 156 63 4 41 52% 20056 250909 18530 13%
c w 289.96 184 157 49 201 11407 2 1895859 38598 2.5 156 63 4 41 52% 20056 250909 18530 13%
c x 290.16 184 157 49 201 11407 2 1895859 38594 2.5 156 63 4 41 52% 20077 250036 18530 13%
c t 290.18 184 157 49 201 11407 2 1895859 38594 2.5 156 63 4 41 52% 20066 250036 18530 13%
c - 291.87 201 168 49 202 11409 2 1907728 36528 2.4 157 66 4 42 51% 20066 250036 18530 13%
c - 294.08 202 167 49 203 11417 2 1921940 35847 2.3 160 68 4 42 53% 20066 250036 18530 13%
c - 296.23 204 161 49 204 11423 2 1936187 34706 2.4 161 68 4 42 54% 20066 250036 18530 13%
c
c seconds      switched      rate           size/glue   tier1     binary           remaining
c          MB    reductions     conflicts         size    tier2       irredundant
c            level     restarts        redundant      glue    trail           variables
c
c - 298.43 172 165 49 205 11424 2 1950472 34660 2.3 164 71 4 42 54% 20066 250036 18530 13%
c o 300.24 190 169 49 205 11429 2 1961953 45877 2.3 165 73 4 42 53% 20066 250036 18530 13%
c - 300.50 190 171 49 206 11430 2 1964789 35198 2.3 163 72 4 42 53% 20066 250036 18530 13%
c ] 300.92 191 173 50 206 11431 2 1968921 39270 2.3 162 72 4 42 53% 20066 250036 18530 13%
c { 300.92 191 213 50 206 11431 5 1968921 39270 2.4 64 26 3 21 47% 20066 250036 18530 13%
c i 301.06 191 210 50 206 11434 5 1971117 41407 2.5 64 26 3 21 47% 20073 250036 18528 13%
c - 301.15 192 196 50 207 11434 5 1979141 41089 2.4 60 25 3 21 44% 20068 250036 18528 13%
c i 301.48 196 183 50 207 11440 4 1990527 52081 2.5 58 23 3 21 42% 20093 250035 18525 13%
c - 301.62 196 179 50 208 11441 4 1993528 48581 2.5 58 23 3 21 42% 20078 250035 18525 13%
c - 302.12 198 164 50 209 11445 4 2007950 54486 2.6 57 22 3 21 40% 20089 250035 18525 13%
c - 302.59 200 147 50 210 11449 4 2022406 56334 2.7 59 21 3 21 38% 20094 250034 18525 13%
c u 303.11 201 139 50 210 11450 3 2029184 60135 2.8 59 21 3 21 37% 20119 249950 18525 13%
c v 303.43 208 139 50 210 11450 3 2029184 59906 2.8 59 21 3 21 37% 20119 249950 18525 13%
c w 303.55 208 139 50 210 11450 3 2029184 59862 2.8 59 21 3 21 37% 20119 249950 18525 13%
c x 303.76 208 139 50 210 11450 3 2029184 59833 2.8 59 21 3 21 37% 20248 249624 18525 13%
c t 303.78 208 139 50 210 11450 3 2029184 59833 2.8 59 21 3 21 37% 20227 249624 18525 13%
c i 303.82 208 139 50 210 11450 3 2029641 60232 2.8 59 21 3 21 36% 20234 249624 18522 13%
c - 304.01 216 133 50 211 11453 3 2036897 54043 2.9 58 20 3 20 35% 20235 249624 18522 13%
c - 304.53 218 124 50 212 11470 3 2051424 55442 3.0 58 19 3 20 35% 20259 249623 18522 13%
c - 304.94 218 114 50 213 11470 3 2065984 55827 3.2 60 19 3 20 34% 20259 249623 18522 13%
c
c seconds      switched      rate           size/glue  tier1     binary           remaining
c          MB    reductions     conflicts         size   tier2       irredundant
c            level     restarts        redundant     glue    trail           variables
c
c - 305.39 222 106 50 214 11477 3 2080578 56895 3.3 59 18 3 20 33% 20277 249623 18522 13%
c i 305.51 223 105 50 214 11479 3 2084207 60429 3.2 58 18 3 20 32% 20279 249623 18521 13%
c - 305.83 224 97 50 215 11481 2 2095207 57130 3.3 57 18 3 20 32% 20276 249623 18521 13%
c } 306.22 227 92 51 215 11486 2 2106446 68274 3.3 56 17 3 20 31% 20283 249622 18521 13%
c [ 306.22 227 173 51 215 11486 2 2106446 68274 2.3 162 72 4 42 53% 20283 249622 18521 13%
c W 306.29 233 173 51 215 11486 2 2106446 68274 2.3 162 72 4 42 53% 20283 249555 18521 13%
c - 306.73 251 173 51 216 11488 2 2109869 55791 2.3 161 72 4 42 53% 20283 249555 18521 13%
c - 308.63 202 163 51 217 11497 2 2124565 51267 2.3 157 69 4 42 52% 20284 249554 18521 13%
c ] 310.61 203 153 52 217 11500 2 2138857 65145 2.3 155 67 4 42 51% 20284 249554 18521 13%
c { 310.61 203 92 52 217 11500 2 2138857 65145 3.3 56 17 3 20 31% 20284 249554 18521 13%
c - 310.68 205 93 52 218 11508 2 2139295 43811 3.2 56 17 3 20 31% 20284 249554 18521 13%
c - 312.52 211 112 52 219 11749 3 2154059 46521 3.0 57 19 3 20 33% 20298 249553 18521 13%
c o 313.58 216 122 52 219 11879 3 2162002 54366 2.9 57 19 3 20 34% 20301 249553 18521 13%
c b 314.38 217 128 52 219 11968 4 2167565 59820 2.9 57 20 3 20 35% 20308 249548 18519 13%
c u 314.57 217 128 52 219 11968 4 2167565 57488 2.9 57 20 3 20 35% 20329 249548 18517 13%
c v 314.78 218 128 52 219 11968 4 2167565 55968 2.9 57 20 3 20 35% 20329 249548 18517 13%
c w 314.90 220 128 52 219 11968 4 2167565 55955 2.9 57 20 3 20 35% 20329 249548 18517 13%
c x 315.08 226 128 52 219 11968 4 2167565 55947 2.9 57 20 3 20 35% 20336 249434 18517 13%
c t 315.09 226 128 52 219 11968 4 2167565 55910 2.9 57 20 3 20 35% 20316 249434 18517 13%
c u 315.39 227 128 52 219 11968 4 2167565 53506 2.9 57 20 3 20 35% 20403 249434 18513 13%
c
c seconds      switched      rate           size/glue  tier1     binary           remaining
c          MB    reductions     conflicts         size   tier2       irredundant
c            level     restarts        redundant     glue    trail           variables
c
c v 315.72 229 128 52 219 11968 4 2167565 48568 2.9 57 20 3 20 35% 20405 249434 18513 13%
c w 315.86 230 128 52 219 11968 4 2167565 48563 2.9 57 20 3 20 35% 20405 249434 18513 13%
c t 315.88 230 128 52 219 11968 4 2167565 48541 2.9 57 20 3 20 35% 20376 249379 18512 13%
c i 315.90 230 128 52 219 11968 4 2167565 48541 2.9 57 20 3 20 35% 20376 249379 18512 13%
c - 316.06 233 129 52 220 11985 4 2168857 41606 2.9 57 20 3 20 35% 20337 249379 18512 13%
c - 318.07 240 143 52 221 12223 4 2183689 46561 2.7 58 21 3 20 36% 20342 249379 18512 13%
c - 320.25 185 156 52 222 12462 5 2198555 50560 2.6 59 23 3 20 38% 20352 249379 18512 13%
c - 322.08 185 166 52 223 12657 5 2213454 53081 2.6 59 23 3 20 39% 20356 249379 18512 13%
c s 322.19 187 166 52 223 12660 5 2214403 54009 2.6 59 23 3 20 39% 20376 248989 18512 13%
c e 322.27 189 166 52 223 12660 5 2214403 54009 2.6 59 23 3 20 39% 20117 250629 18384 13%
c s 322.31 189 166 52 223 12660 5 2214403 54009 2.6 59 23 3 20 39% 20118 250063 18384 13%
c e 322.34 189 166 52 223 12660 5 2214403 54009 2.6 59 23 3 20 39% 20115 250065 18382 13%
c - 324.36 192 175 52 224 12870 5 2228388 52575 2.5 60 24 3 20 40% 20115 250065 18382 13%
c - 326.21 193 183 52 225 13069 5 2243355 54647 2.5 61 25 3 20 41% 20117 250065 18382 13%
c - 328.19 201 189 52 226 13268 5 2258355 56080 2.4 62 26 3 20 42% 20123 250065 18382 13%
c - 330.13 202 195 52 227 13464 6 2273389 57319 2.4 63 26 3 20 43% 20125 250065 18382 13%
c } 331.89 209 201 53 227 13634 6 2286645 70345 2.4 63 26 3 20 43% 20129 250065 18382 13%
c [ 331.89 209 153 53 227 13634 2 2286645 70345 2.3 155 67 4 42 51% 20129 250065 18382 13%
c O 331.89 209 153 53 227 13634 2 2286645 70345 2.3 155 67 4 42 51% 20129 250065 18382 13%
c - 332.10 154 152 53 228 13635 2 2288455 58010 2.3 156 66 4 42 51% 20129 250065 18382 13%
c
c seconds      switched      rate           size/glue   tier1     binary           remaining
c          MB    reductions     conflicts         size    tier2       irredundant
c            level     restarts        redundant      glue    trail           variables
c
c - 334.42 155 152 53 229 13644 2 2303554 52990 2.4 161 67 4 42 52% 20129 250065 18382 13%
c u 336.11 159 151 53 229 13647 2 2311032 55912 2.4 162 68 4 42 52% 20200 250065 18382 13%
c v 336.50 160 151 53 229 13647 2 2311032 49409 2.4 162 68 4 42 52% 20200 250065 18382 13%
c w 336.80 167 151 53 229 13647 2 2311032 49405 2.4 162 68 4 42 52% 20200 250065 18382 13%
c x 337.09 173 151 53 229 13647 2 2311032 49371 2.4 162 68 4 42 52% 20202 249965 18382 13%
c t 337.11 173 151 53 229 13647 2 2311032 49371 2.4 162 68 4 42 52% 20159 249965 18382 13%
c f 337.18 173 151 53 229 13647 2 2311032 49371 2.4 162 68 4 42 52% 20184 249543 18403 13%
c u 337.46 174 151 53 229 13647 2 2311032 48769 2.4 162 68 4 42 52% 20209 249543 18403 13%
c v 337.70 175 151 53 229 13647 2 2311032 46336 2.4 162 68 4 42 52% 20210 249543 18403 13%
c w 338.75 181 151 53 229 13647 2 2311032 46105 2.4 162 68 4 42 52% 20210 249543 18403 13%
c = 341.12 182 151 53 229 13647 2 2311032 46105 2.4 162 68 4 42 52% 20210 249537 18400 13%
c t 341.14 182 151 53 229 13647 2 2311032 46104 2.4 162 68 4 42 52% 20203 249535 18400 13%
c - 342.62 134 150 53 230 13648 2 2318688 36595 2.4 163 68 4 42 53% 20189 249535 18400 13%
c - 345.45 136 150 53 231 13658 2 2333854 37109 2.4 163 68 4 41 53% 20189 249535 18400 13%
c - 348.22 137 148 53 232 13663 1 2349053 38057 2.4 164 68 4 41 54% 20189 249535 18400 13%
c - 351.20 138 145 53 233 13664 1 2364285 37311 2.4 167 69 4 42 54% 20189 249535 18400 13%
c o 352.76 113 145 53 233 13671 1 2376908 49685 2.4 164 68 4 41 53% 20189 249535 18400 13%
c - 352.88 114 148 53 234 13671 1 2379549 38334 2.4 163 69 4 42 52% 20189 249535 18400 13%
c - 354.72 115 149 53 235 13679 1 2394847 40293 2.4 160 68 4 42 52% 20190 249535 18400 13%
c ] 356.53 117 145 54 235 13683 2 2405874 51098 2.4 160 66 4 42 52% 20190 249535 18400 13%
c
c seconds      switched      rate           size/glue  tier1     binary           remaining
c          MB    reductions     conflicts         size   tier2       irredundant
c            level     restarts        redundant     glue    trail           variables
c
c { 356.53 117 201 54 235 13683 6 2405874 51098 2.4 63 26 3 20 43% 20190 249535 18400 13%
c - 356.77 120 201 54 236 13689 6 2410176 42420 2.4 62 26 3 20 43% 20191 249535 18400 13%
c - 357.24 121 186 54 237 13689 5 2425539 49209 2.4 56 24 3 20 38% 20193 249535 18400 13%
c - 357.89 123 169 54 238 13689 4 2440934 54325 2.3 52 22 3 20 34% 20194 249535 18400 13%
c i 358.26 119 164 54 238 13691 4 2448830 61342 2.3 50 22 3 20 33% 20200 249534 18399 13%
c i 358.26 119 164 54 238 13691 4 2448910 61399 2.3 50 22 3 20 33% 20202 249534 18398 13%
c i 358.26 119 164 54 238 13691 4 2448936 61415 2.3 50 22 3 20 33% 20204 249534 18394 13%
c i 358.26 119 164 54 238 13691 4 2448938 61413 2.3 50 22 3 20 33% 20205 249534 18393 13%
c i 358.44 120 164 54 238 13694 4 2453485 65687 2.3 50 21 3 20 33% 20219 249533 18392 13%
c i 358.52 121 165 54 238 13700 4 2454665 66850 2.4 49 21 3 20 33% 20219 249533 18391 13%
c - 358.59 121 164 54 239 13700 4 2456363 58204 2.3 49 21 3 19 33% 20193 249533 18391 13%
c u 359.14 138 165 54 239 13708 4 2459643 57623 2.3 49 21 3 19 33% 20284 249398 18388 13%
c v 359.75 141 165 54 239 13708 4 2459643 51901 2.3 49 21 3 19 33% 20284 249398 18388 13%
c w 359.94 142 165 54 239 13708 4 2459643 51519 2.3 49 21 3 19 33% 20284 249398 18388 13%
c t 359.96 142 165 54 239 13708 4 2459643 51496 2.3 49 21 3 19 33% 20262 249366 18388 13%
c u 360.23 142 165 54 239 13708 4 2459643 50608 2.3 49 21 3 19 33% 20274 249366 18386 13%
c v 360.61 145 165 54 239 13708 4 2459643 49106 2.3 49 21 3 19 33% 20276 249366 18386 13%
c w 360.75 146 165 54 239 13708 4 2459643 49017 2.3 49 21 3 19 33% 20276 249366 18386 13%
c x 361.04 152 165 54 239 13708 4 2459643 48957 2.3 49 21 3 19 33% 20285 249197 18386 13%
c t 361.05 152 165 54 239 13708 4 2459643 48956 2.3 49 21 3 19 33% 20282 249197 18385 13%
c
c seconds      switched      rate           size/glue  tier1     binary           remaining
c          MB    reductions     conflicts         size   tier2       irredundant
c            level     restarts        redundant     glue    trail           variables
c
c i 361.08 152 165 54 239 13708 4 2459643 48956 2.3 49 21 3 19 33% 20282 249197 18385 13%
c - 361.65 152 162 54 240 13719 4 2471822 51082 2.3 46 20 3 19 32% 20254 249197 18385 13%
c i 362.11 153 159 54 240 13727 4 2482662 61242 2.3 44 19 3 19 31% 20266 249196 18384 13%
c i 362.21 154 159 54 240 13731 4 2484325 62838 2.3 44 19 3 19 31% 20267 249196 18383 13%
c - 362.36 154 159 54 241 13733 4 2487315 54660 2.3 43 19 3 19 31% 20257 249196 18383 13%
c - 362.98 151 155 54 242 13748 4 2502840 56891 2.3 40 18 3 19 28% 20267 249195 18383 13%
c - 363.35 153 145 54 243 13756 3 2518396 58040 2.2 37 17 3 19 26% 20271 249195 18383 13%
c i 363.43 153 138 54 243 13758 3 2524338 63442 2.2 36 16 3 19 24% 20274 249195 18381 13%
c i 363.62 154 138 54 243 13765 3 2529143 67676 2.2 35 16 3 19 24% 20285 249195 18380 13%
c i 363.88 154 140 54 243 13777 3 2533876 72189 2.2 35 16 3 19 24% 20297 249195 18379 13%
c - 363.90 154 140 54 244 13777 3 2533985 60209 2.2 35 16 3 19 24% 20274 249195 18379 13%
c - 364.74 153 143 54 245 13839 3 2549606 62179 2.1 33 15 3 19 24% 20301 249192 18379 13%
c } 365.28 154 139 55 245 13878 3 2564268 75319 2.1 31 15 3 19 24% 20315 249190 18379 13%
c [ 365.28 154 145 55 245 13878 2 2564268 75319 2.4 160 66 4 42 52% 20315 249190 18379 13%
c B 365.28 154 145 55 245 13878 2 2564268 75319 2.4 160 66 4 42 52% 20315 249190 18379 13%
c - 365.48 154 144 55 246 13878 2 2565258 62868 2.4 161 66 4 41 53% 20315 249190 18379 13%
c - 368.36 156 137 55 247 13888 1 2580942 56606 2.5 166 65 4 41 54% 20315 249190 18379 13%
c s 368.76 146 138 55 247 13890 1 2583557 59186 2.5 166 66 4 41 54% 20326 248855 18379 13%
c e 368.84 148 138 55 247 13890 1 2583557 59186 2.5 166 66 4 41 54% 20226 249485 18329 13%
c s 368.86 148 138 55 247 13890 1 2583557 59186 2.5 166 66 4 41 54% 20231 249236 18329 13%
c
c seconds      switched      rate           size/glue   tier1     binary           remaining
c          MB    reductions     conflicts         size    tier2       irredundant
c            level     restarts        redundant      glue    trail           variables
c
c e 368.89 148 138 55 247 13890 1 2583557 59186 2.5 166 66 4 41 54% 20218 249300 18325 13%
c - 371.15 151 136 55 248 13892 1 2596658 49581 2.6 168 65 3 41 55% 20218 249300 18325 13%
c o 371.54 151 135 55 248 13895 1 2599133 51999 2.6 168 65 3 41 55% 20218 249300 18325 13%
c - 373.75 120 142 55 249 13902 1 2612406 48941 2.5 171 67 3 41 55% 20218 249300 18325 13%
c ] 373.84 120 142 56 249 13902 1 2612905 49431 2.5 171 68 3 41 55% 20218 249300 18325 13%
c { 373.84 120 139 56 249 13902 3 2612905 49431 2.1 31 15 3 19 24% 20218 249300 18325 13%
c u 374.25 121 139 56 249 13910 3 2613382 43809 2.1 32 15 3 19 24% 20265 249290 18318 13%
c v 374.39 121 139 56 249 13910 3 2613382 40762 2.1 32 15 3 19 24% 20269 249290 18318 13%
c w 374.84 123 139 56 249 13910 3 2613382 40552 2.1 32 15 3 19 24% 20269 249290 18318 13%
c t 374.85 123 139 56 249 13910 3 2613382 40504 2.1 32 15 3 19 24% 20254 249232 18315 13%
c f 374.90 107 139 56 249 13910 3 2613382 40504 2.1 32 15 3 19 24% 20260 249117 18321 13%
c u 375.15 115 139 56 249 13910 3 2613382 39352 2.1 32 15 3 19 24% 20276 249097 18320 13%
c v 375.24 116 139 56 249 13910 3 2613382 38396 2.1 32 15 3 19 24% 20276 249097 18320 13%
c w 375.56 117 139 56 249 13910 3 2613382 38141 2.1 32 15 3 19 24% 20276 249097 18320 13%
c x 375.78 117 139 56 249 13910 3 2613382 38076 2.1 32 15 3 19 24% 20288 248955 18320 13%
c t 375.79 117 139 56 249 13910 3 2613382 38070 2.1 32 15 3 19 24% 20282 248955 18320 13%
c i 375.82 117 139 56 249 13910 3 2613382 38070 2.1 32 15 3 19 24% 20282 248955 18320 13%
c - 377.95 121 152 56 250 14180 4 2628188 44382 2.1 36 17 3 19 27% 20212 248955 18320 13%
c - 380.24 123 162 56 251 14454 4 2644000 52862 2.2 40 19 3 19 30% 20221 248955 18320 13%
c - 382.61 124 171 56 252 14703 5 2659842 57268 2.2 44 20 3 19 33% 20227 248955 18320 13%
c
c seconds      switched      rate           size/glue  tier1     binary           remaining
c          MB    reductions     conflicts         size   tier2       irredundant
c            level     restarts        redundant     glue    trail           variables
c
c - 384.85 123 179 56 253 14951 5 2675716 60140 2.2 47 21 3 19 35% 20229 248955 18320 13%
c - 386.92 124 187 56 254 15173 5 2691621 62128 2.2 50 22 3 19 37% 20236 248955 18320 13%
c - 388.98 124 192 56 255 15380 5 2707558 63837 2.3 52 23 3 19 39% 20237 248955 18320 13%
c - 391.14 124 197 56 256 15610 6 2723526 64811 2.3 55 24 3 19 41% 20239 248955 18320 13%
c - 393.23 124 202 56 257 15814 6 2739526 65526 2.3 57 25 3 19 42% 20242 248955 18320 13%
c - 395.16 124 205 56 258 15997 6 2755557 66644 2.3 59 25 3 19 43% 20244 248955 18320 13%
c - 397.28 124 208 56 259 16190 6 2771619 67223 2.3 60 26 3 19 44% 20245 248955 18320 13%
c u 397.78 118 208 56 259 16200 6 2772306 62073 2.3 61 26 3 19 44% 20332 248955 18319 13%
c v 398.19 120 208 56 259 16200 6 2772306 57535 2.3 61 26 3 19 44% 20332 248955 18319 13%
c w 398.37 121 208 56 259 16200 6 2772306 57513 2.3 61 26 3 19 44% 20332 248955 18319 13%
c x 398.71 124 208 56 259 16200 6 2772306 57386 2.3 61 26 3 19 44% 20361 248538 18318 13%
c t 398.73 124 208 56 259 16200 6 2772306 57386 2.3 61 26 3 19 44% 20323 248506 18318 13%
c b 398.73 124 208 56 259 16200 6 2772306 57386 2.3 61 26 3 19 44% 20323 248506 18316 13%
c u 399.06 124 208 56 259 16200 6 2772306 56313 2.3 61 26 3 19 44% 20372 248503 18315 13%
c v 399.47 124 208 56 259 16200 6 2772306 50643 2.3 61 26 3 19 44% 20374 248503 18315 13%
c w 399.74 125 208 56 259 16200 6 2772306 50577 2.3 61 26 3 19 44% 20374 248503 18315 13%
c x 400.07 128 208 56 259 16200 6 2772306 50571 2.3 61 26 3 19 44% 20395 248282 18314 13%
c = 402.71 128 208 56 259 16200 6 2772306 50571 2.3 61 26 3 19 44% 20395 248269 18312 13%
c t 402.73 128 208 56 259 16200 6 2772306 50571 2.3 61 26 3 19 44% 20384 248268 18312 13%
c f 402.75 114 208 56 259 16200 6 2772306 50571 2.3 61 26 3 19 44% 20385 248250 18313 13%
c
c seconds      switched      rate           size/glue  tier1     binary           remaining
c          MB    reductions     conflicts         size   tier2       irredundant
c            level     restarts        redundant     glue    trail           variables
c
c i 402.75 119 208 56 259 16200 6 2772306 50571 2.3 61 26 3 19 44% 20385 248250 18313 13%
c } 403.92 127 209 57 259 16305 6 2782247 60357 2.3 61 26 3 19 45% 20387 248249 18313 13%
c [ 403.92 127 142 57 259 16305 1 2782247 60357 2.5 171 68 3 41 55% 20387 248249 18313 13%
c W 404.01 149 142 57 259 16305 1 2782247 60357 2.5 171 68 3 41 55% 20350 248249 18313 13%
c - 404.86 150 140 57 260 16309 1 2787713 51821 2.5 171 67 3 41 55% 20350 248249 18313 13%
c - 407.52 153 135 57 261 16318 1 2803837 50187 2.6 170 66 3 41 54% 20350 248249 18313 13%
c - 409.80 154 142 57 262 16323 1 2819997 47605 2.6 169 66 3 41 54% 20350 248249 18313 13%
c o 410.92 157 148 57 262 16329 2 2829445 56886 2.5 167 67 3 41 54% 20350 248249 18313 13%
c - 411.79 158 155 57 263 16333 2 2836183 46736 2.4 169 69 3 41 54% 20351 248249 18313 13%
c - 414.21 159 152 57 264 16335 1 2852401 44633 2.4 166 70 3 41 53% 20351 248249 18313 13%
c - 416.87 161 143 57 265 16339 1 2868649 44340 2.4 163 67 3 41 52% 20351 248249 18313 13%
c - 418.96 123 141 57 266 16349 1 2884928 45643 2.4 161 67 3 41 51% 20351 248249 18313 13%
c - 421.11 126 148 57 267 16353 2 2901237 46315 2.3 160 68 3 42 51% 20351 248249 18313 13%
c I 422.77 129 154 57 267 16363 2 2916486 61272 2.3 157 69 3 42 50% 20351 248249 18313 13%
c - 422.88 130 156 57 268 16363 2 2917580 46998 2.3 157 69 3 42 50% 20351 248249 18313 13%
c - 425.39 131 159 57 269 16366 2 2933950 47264 2.3 157 69 3 42 51% 20351 248249 18313 13%
c u 426.07 135 159 57 269 16366 2 2936398 47388 2.2 156 70 3 42 50% 20398 248249 18313 13%
c v 426.24 135 159 57 269 16366 2 2936398 44657 2.2 156 70 3 42 50% 20398 248249 18313 13%
c w 427.06 139 159 57 269 16366 2 2936398 44088 2.2 156 70 3 42 50% 20398 248249 18313 13%
c t 427.08 139 159 57 269 16366 2 2936398 44088 2.2 156 70 3 42 50% 20379 248249 18313 13%
c
c seconds      switched      rate           size/glue   tier1     binary           remaining
c          MB    reductions     conflicts         size    tier2       irredundant
c            level     restarts        redundant      glue    trail           variables
c
c ] 427.30 139 159 58 269 16366 2 2938097 45735 2.2 156 69 3 42 50% 20379 248249 18313 13%
c { 427.30 139 209 58 269 16366 6 2938097 45735 2.3 61 26 3 19 45% 20379 248249 18313 13%
c - 428.61 145 210 58 270 16480 6 2950354 46365 2.3 61 26 3 19 45% 20383 248249 18313 13%
c - 430.23 147 210 58 271 16617 6 2966787 54579 2.3 61 26 3 19 46% 20385 248249 18313 13%
c - 432.15 148 212 58 272 16781 6 2983253 58984 2.3 61 26 3 19 46% 20390 248249 18313 13%
c s 432.70 152 213 58 272 16822 6 2987426 63116 2.4 61 26 3 19 46% 20425 247831 18313 13%
c e 432.78 153 213 58 272 16822 6 2987426 63116 2.4 61 26 3 19 46% 20239 248999 18225 13%
c s 432.80 153 213 58 272 16822 6 2987426 63116 2.4 61 26 3 19 46% 20249 248478 18225 13%
c e 432.84 153 213 58 272 16822 6 2987426 63116 2.4 61 26 3 19 46% 20217 248601 18215 13%
c - 434.30 155 214 58 273 16940 6 2999749 59341 2.3 61 26 3 19 47% 20223 248601 18215 13%
c - 436.22 156 214 58 274 17104 6 3016271 61810 2.4 62 26 3 19 47% 20225 248601 18215 13%
c - 438.17 164 215 58 275 17284 6 3032823 62938 2.4 62 26 3 19 47% 20229 248601 18215 13%
c - 440.11 165 216 58 276 17448 6 3049407 63827 2.4 63 26 3 19 47% 20233 248601 18215 13%
c - 442.11 155 216 58 277 17650 6 3066020 64282 2.4 64 27 3 19 47% 20239 248601 18215 13%
c o 442.47 156 216 58 277 17682 6 3069699 67892 2.4 64 27 3 19 47% 20239 248601 18215 13%
c - 443.91 157 216 58 278 17810 6 3082665 65220 2.4 63 27 3 19 47% 20244 248601 18215 13%
c - 444.93 163 209 58 279 17888 5 3099340 66916 2.3 61 26 3 19 44% 20248 248601 18215 13%
c u 445.93 164 209 58 279 17952 5 3105732 67598 2.3 60 26 3 19 44% 20287 248601 18215 13%
c v 446.28 165 209 58 279 17952 5 3105732 64330 2.3 60 26 3 19 44% 20287 248601 18215 13%
c w 446.44 167 209 58 279 17952 5 3105732 64031 2.3 60 26 3 19 44% 20287 248601 18215 13%
c
c seconds      switched      rate           size/glue  tier1     binary           remaining
c          MB    reductions     conflicts         size   tier2       irredundant
c            level     restarts        redundant     glue    trail           variables
c
c x 446.74 172 209 58 279 17952 5 3105732 64029 2.3 60 26 3 19 44% 20306 248454 18215 13%
c t 446.76 172 209 58 279 17952 5 3105732 64029 2.3 60 26 3 19 44% 20269 248454 18215 13%
c f 446.81 162 209 58 279 17952 5 3105732 64029 2.3 60 26 3 19 44% 20280 248285 18223 13%
c u 447.11 173 209 58 279 17952 5 3105732 63339 2.3 60 26 3 19 44% 20312 248285 18223 13%
c v 447.59 191 209 58 279 17952 5 3105732 56877 2.3 60 26 3 19 44% 20312 248285 18223 13%
c w 448.07 193 209 58 279 17952 5 3105732 56734 2.3 60 26 3 19 44% 20312 248285 18223 13%
c t 448.09 193 209 58 279 17952 5 3105732 56734 2.3 60 26 3 19 44% 20301 248285 18223 13%
c - 449.34 191 211 58 280 18077 5 3116050 54790 2.3 61 26 3 19 44% 20304 248285 18223 13%
c } 449.55 191 210 59 280 18092 5 3118726 57353 2.3 61 26 3 19 45% 20304 248285 18223 13%
c [ 449.55 191 159 59 280 18092 2 3118726 57353 2.2 156 69 3 42 50% 20304 248285 18223 13%
c B 449.55 191 159 59 280 18092 2 3118726 57353 2.2 156 69 3 42 50% 20304 248285 18223 13%
c - 451.19 153 160 59 281 18100 2 3132783 53946 2.2 153 69 3 42 50% 20304 248285 18223 13%
c - 452.91 153 169 59 282 18106 2 3149547 51459 2.2 149 67 3 42 50% 20304 248285 18223 13%
c - 455.22 149 168 59 283 18116 2 3166339 49288 2.2 150 67 3 42 50% 20304 248285 18223 13%
c - 457.72 151 158 59 284 18121 2 3183164 46397 2.3 153 66 3 42 51% 20304 248285 18223 13%
c - 460.30 152 154 59 285 18122 2 3200017 43136 2.3 160 69 3 42 50% 20304 248285 18223 13%
c - 462.80 115 152 59 286 18132 1 3216898 39950 2.2 165 74 3 42 50% 20304 248285 18223 13%
c - 465.48 108 148 59 287 18138 1 3233809 40368 2.2 166 75 3 42 50% 20304 248285 18223 13%
c - 468.10 111 142 59 288 18148 1 3250750 41954 2.2 166 74 4 43 50% 20304 248285 18223 13%
c ] 468.68 111 140 60 288 18151 1 3255241 46302 2.3 165 73 4 43 50% 20304 248285 18223 13%
c
c seconds      switched      rate           size/glue  tier1     binary           remaining
c          MB    reductions     conflicts         size   tier2       irredundant
c            level     restarts        redundant     glue    trail           variables
c
c { 468.68 111 210 60 288 18151 5 3255241 46302 2.3 61 26 3 19 45% 20304 248285 18223 13%
c - 470.15 113 212 60 289 18298 5 3267722 48714 2.3 61 27 3 19 45% 20305 248285 18223 13%
c u 471.80 115 213 60 289 18436 5 3280334 58575 2.3 62 27 3 19 46% 20326 248285 18223 13%
c v 472.17 115 213 60 289 18436 5 3280334 52680 2.3 62 27 3 19 46% 20326 248285 18223 13%
c w 473.30 117 213 60 289 18436 5 3280334 52338 2.3 62 27 3 19 46% 20326 248285 18223 13%
c t 473.32 117 213 60 289 18436 5 3280334 52338 2.3 62 27 3 19 46% 20313 248285 18223 13%
c - 473.93 113 214 60 290 18501 5 3284722 48071 2.3 63 27 3 19 46% 20315 248285 18223 13%
c - 475.83 115 216 60 291 18680 5 3301751 54202 2.3 63 27 3 19 46% 20320 248285 18223 13%
c - 477.79 116 217 60 292 18868 5 3318809 58859 2.3 64 28 3 19 47% 20324 248285 18223 13%
c o 477.87 109 217 60 292 18875 5 3319760 59796 2.3 64 28 3 19 47% 20324 248285 18223 13%
c - 479.77 115 217 60 293 19044 5 3335897 61202 2.3 66 28 3 19 47% 20328 248285 18223 13%
c - 481.91 116 219 60 294 19253 6 3353014 62752 2.3 67 29 3 19 47% 20329 248285 18223 13%
c - 483.75 116 219 60 295 19431 6 3370160 64014 2.3 68 29 3 19 47% 20334 248285 18223 13%
c - 485.76 112 220 60 296 19611 5 3387336 65419 2.4 69 29 3 19 47% 20337 248284 18223 13%
c - 487.95 116 221 60 297 19821 6 3404542 66378 2.4 71 30 3 19 48% 20339 248284 18223 13%
c - 489.63 116 220 60 298 19962 5 3421775 67448 2.4 69 29 3 19 46% 20341 248284 18223 13%
c s 490.28 116 220 60 298 20023 5 3427002 72632 2.4 70 30 3 19 47% 20359 248054 18223 13%
c e 490.33 104 220 60 298 20023 5 3427002 72632 2.4 70 30 3 19 47% 20312 248297 18203 13%
c s 490.34 104 220 60 298 20023 5 3427002 72632 2.4 70 30 3 19 47% 20315 248136 18203 13%
c e 490.36 104 220 60 298 20023 5 3427002 72632 2.4 70 30 3 19 47% 20312 248149 18201 13%
c
c seconds      switched      rate           size/glue  tier1     binary           remaining
c          MB    reductions     conflicts         size   tier2       irredundant
c            level     restarts        redundant     glue    trail           variables
c
c - 491.66 122 221 60 299 20123 5 3439039 67898 2.4 71 29 3 19 47% 20315 248149 18201 13%
c } 492.66 123 222 61 299 20221 5 3447496 76214 2.4 71 30 3 19 47% 20316 248149 18201 13%
c [ 492.66 123 140 61 299 20221 1 3447496 76214 2.3 165 73 4 43 50% 20316 248149 18201 13%
c W 492.69 141 140 61 299 20221 1 3447496 76214 2.3 165 73 4 43 50% 20316 248149 18201 13%
c - 493.50 144 141 61 300 20227 1 3456330 66657 2.3 163 71 3 42 50% 20317 248149 18201 13%
c u 494.13 145 142 61 300 20228 1 3460232 65364 2.3 162 71 3 42 49% 20363 248149 18201 13%
c v 494.59 146 142 61 300 20228 1 3460232 58467 2.3 162 71 3 42 49% 20363 248149 18201 13%
c w 494.80 150 142 61 300 20228 1 3460232 58455 2.3 162 71 3 42 49% 20363 248149 18201 13%
c x 495.14 155 142 61 300 20228 1 3460232 58394 2.3 162 71 3 42 49% 20495 247694 18201 13%
c t 495.16 155 142 61 300 20228 1 3460232 58394 2.3 162 71 3 42 49% 20455 247694 18201 13%
c f 495.19 155 142 61 300 20228 1 3460232 58394 2.3 162 71 3 42 49% 20462 247561 18208 13%
c u 495.46 157 142 61 300 20228 1 3460232 57760 2.3 162 71 3 42 49% 20486 247561 18208 13%
c v 495.83 159 142 61 300 20228 1 3460232 52914 2.3 162 71 3 42 49% 20486 247561 18208 13%
c w 496.71 159 142 61 300 20228 1 3460232 52585 2.3 162 71 3 42 49% 20486 247561 18208 13%
c t 496.73 159 142 61 300 20228 1 3460232 52585 2.3 162 71 3 42 49% 20478 247561 18208 13%
c - 497.83 159 151 61 301 20235 2 3473650 48638 2.3 161 70 3 42 48% 20485 247561 18208 13%
c - 500.05 175 153 61 302 20242 2 3491004 47216 2.3 162 71 3 42 49% 20486 247561 18208 13%
c - 502.87 177 143 61 303 20250 1 3508383 45544 2.4 164 69 3 42 50% 20486 247561 18208 13%
c - 506.06 178 135 61 304 20251 1 3525790 43781 2.5 167 67 3 42 51% 20486 247561 18208 13%
c - 508.79 178 130 61 305 20260 1 3543228 45375 2.5 166 66 4 42 53% 20486 247561 18208 13%
c
c seconds      switched      rate           size/glue   tier1     binary           remaining
c          MB    reductions     conflicts         size    tier2       irredundant
c            level     restarts        redundant      glue    trail           variables
c
c - 510.31 194 135 61 306 20266 1 3560692 48894 2.6 165 64 3 42 52% 20489 247561 18208 13%
c - 511.92 195 133 61 307 20276 1 3578184 48582 2.6 162 62 3 42 50% 20493 247561 18208 13%
c - 513.97 196 122 61 308 20282 1 3595707 45908 2.6 159 61 4 42 49% 20493 247561 18208 13%
c O 514.82 196 118 61 308 20282 1 3602860 52636 2.6 159 61 4 42 49% 20494 247561 18208 13%
c o 514.82 196 118 61 308 20282 1 3602860 52636 2.6 159 61 4 42 49% 20494 247561 18208 13%
c - 515.91 197 115 61 309 20283 1 3613256 45596 2.7 161 59 4 42 50% 20495 247561 18208 13%
c ] 518.29 198 123 62 309 20283 1 3629522 61436 2.7 167 62 4 42 51% 20495 247561 18208 13%
c { 518.29 198 222 62 309 20283 5 3629522 61436 2.4 71 30 3 19 47% 20495 247561 18208 13%
c - 518.47 183 221 62 310 20289 5 3630834 47332 2.4 71 30 3 19 47% 20495 247561 18208 13%
c b 519.22 186 212 62 310 20316 5 3645425 61526 2.5 70 28 3 19 47% 20513 247561 18207 13%
c u 519.49 186 212 62 310 20316 5 3645425 59122 2.5 70 28 3 19 47% 20544 247561 18207 13%
c v 519.86 187 212 62 310 20316 5 3645425 55118 2.5 70 28 3 19 47% 20544 247561 18207 13%
c w 520.30 192 212 62 310 20316 5 3645425 54779 2.5 70 28 3 19 47% 20544 247561 18207 13%
c x 520.64 191 212 62 310 20316 5 3645425 54697 2.5 70 28 3 19 47% 20546 247429 18207 13%
c = 523.41 191 212 62 310 20316 5 3645425 54697 2.5 70 28 3 19 47% 20546 247424 18206 13%
c t 523.42 191 212 62 310 20316 5 3645425 54697 2.5 70 28 3 19 47% 20532 247409 18206 13%
c u 523.70 191 212 62 310 20316 5 3645425 54384 2.5 70 28 3 19 47% 20540 247409 18206 13%
c v 523.98 190 212 62 310 20316 5 3645425 52079 2.5 70 28 3 19 47% 20540 247409 18206 13%
c w 524.56 193 212 62 310 20316 5 3645425 51886 2.5 70 28 3 19 47% 20540 247409 18206 13%
c x 524.91 193 212 62 310 20316 5 3645425 51810 2.5 70 28 3 19 47% 20549 247267 18206 13%
c
c seconds      switched      rate           size/glue  tier1     binary           remaining
c          MB    reductions     conflicts         size   tier2       irredundant
c            level     restarts        redundant     glue    trail           variables
c
c t 524.92 193 212 62 310 20316 5 3645425 51810 2.5 70 28 3 19 47% 20546 247267 18206 13%
c - 525.05 194 211 62 311 20316 5 3648440 44784 2.5 69 28 3 19 46% 20539 247267 18206 13%
c - 526.52 199 209 62 312 20397 5 3666075 55006 2.5 69 27 3 19 47% 20542 247267 18206 13%
c - 527.87 200 203 62 313 20472 4 3683739 60681 2.5 67 26 3 19 47% 20548 247267 18206 13%
c - 529.38 166 197 62 314 20566 4 3701431 63204 2.6 66 26 3 19 47% 20550 247267 18206 13%
c - 530.85 173 194 62 315 20663 4 3719152 65398 2.6 65 25 3 19 47% 20552 247267 18206 13%
c - 532.27 175 190 62 316 20775 4 3736900 66976 2.6 64 24 3 19 46% 20559 247267 18206 13%
c - 533.55 182 183 62 317 20851 4 3754676 68291 2.7 62 23 3 19 46% 20570 247267 18206 13%
c - 535.06 189 180 62 318 20962 4 3772481 69714 2.7 61 23 3 19 46% 20574 247267 18206 13%
c - 536.49 191 174 62 319 21089 4 3790314 70756 2.7 61 23 3 19 45% 20579 247267 18206 13%
c - 538.29 199 175 62 320 21246 4 3808174 71583 2.7 60 23 3 19 45% 20586 247267 18206 13%
c - 539.96 166 174 62 321 21385 4 3826062 72508 2.7 60 22 3 19 45% 20589 247267 18206 13%
c } 540.75 172 173 63 321 21468 4 3833731 80025 2.7 60 22 3 19 44% 20590 247267 18206 13%
c [ 540.75 172 123 63 321 21468 1 3833731 80025 2.7 167 62 4 42 51% 20590 247267 18206 13%
c B 540.75 172 123 63 321 21468 1 3833731 80025 2.7 167 62 4 42 51% 20590 247267 18206 13%
c u 541.39 173 127 63 321 21470 1 3835956 76860 2.7 168 63 4 42 51% 20602 247267 18206 13%
c v 541.74 175 127 63 321 21470 1 3835956 74535 2.7 168 63 4 42 51% 20603 247267 18206 13%
c w 541.94 181 127 63 321 21470 1 3835956 74512 2.7 168 63 4 42 51% 20603 247267 18206 13%
c x 542.21 187 127 63 321 21470 1 3835956 74441 2.7 168 63 4 42 51% 20616 247115 18206 13%
c t 542.23 187 127 63 321 21470 1 3835956 74441 2.7 168 63 4 42 51% 20594 247115 18206 13%
c
c seconds      switched      rate           size/glue   tier1     binary           remaining
c          MB    reductions     conflicts         size    tier2       irredundant
c            level     restarts        redundant      glue    trail           variables
c
c - 543.40 188 129 63 322 21474 1 3843979 62273 2.6 167 63 4 42 52% 20594 247115 18206 13%
c - 546.05 189 128 63 323 21482 1 3861923 54709 2.6 166 63 4 42 52% 20594 247115 18206 13%
c - 548.56 191 126 63 324 21491 1 3879895 50671 2.6 164 62 4 42 53% 20594 247115 18206 13%
c - 550.48 144 128 63 325 21497 1 3897896 51163 2.6 160 61 4 42 52% 20594 247115 18206 13%
c s 550.97 145 130 63 325 21498 1 3903240 56421 2.6 160 62 4 42 51% 20604 246901 18206 13%
c e 551.04 146 130 63 325 21498 1 3903240 56421 2.6 160 62 4 42 51% 20466 247835 18139 13%
c s 551.07 146 130 63 325 21498 1 3903240 56421 2.6 160 62 4 42 51% 20469 247461 18139 13%
c e 551.10 146 130 63 325 21498 1 3903240 56421 2.6 160 62 4 42 51% 20465 247488 18137 13%
c o 551.11 147 130 63 325 21498 1 3903240 54724 2.6 160 62 4 42 51% 20465 247488 18137 13%
c - 553.22 152 154 63 326 21499 1 3915923 46910 2.2 172 77 4 42 51% 20465 247488 18137 13%
c - 555.67 154 158 63 327 21510 1 3933978 45961 2.2 170 77 4 42 51% 20465 247488 18137 13%
c - 557.55 156 153 63 328 21516 1 3952064 48806 2.3 167 73 4 42 51% 20465 247488 18137 13%
c ] 558.76 156 158 64 328 21523 1 3964490 61118 2.3 167 73 4 42 50% 20465 247488 18137 13%
c { 558.76 156 173 64 328 21523 4 3964490 61118 2.7 60 22 3 19 44% 20465 247488 18137 13%
c - 559.51 163 176 64 329 21605 4 3970176 51668 2.6 60 23 3 19 45% 20473 247488 18137 13%
c - 561.85 135 184 64 330 21871 5 3988314 57253 2.6 61 24 3 19 45% 20476 247488 18137 13%
c - 564.16 141 191 64 331 22101 5 4006479 63201 2.5 63 25 3 19 46% 20479 247488 18137 13%
c - 566.60 144 197 64 332 22344 5 4024672 66013 2.5 64 26 3 19 46% 20485 247488 18137 13%
c u 568.00 151 199 64 332 22449 5 4031851 68044 2.5 65 26 3 19 47% 20551 247488 18137 13%
c v 568.61 152 199 64 332 22449 5 4031851 58786 2.5 65 26 3 19 47% 20551 247488 18137 13%
c
c seconds      switched      rate           size/glue  tier1     binary           remaining
c          MB    reductions     conflicts         size   tier2       irredundant
c            level     restarts        redundant     glue    trail           variables
c
c w 568.95 153 199 64 332 22449 5 4031851 58773 2.5 65 26 3 19 47% 20551 247488 18137 13%
c x 569.38 160 199 64 332 22449 5 4031851 58670 2.5 65 26 3 19 47% 20575 247097 18137 13%
c t 569.40 160 199 64 332 22449 5 4031851 58670 2.5 65 26 3 19 47% 20539 247097 18137 13%
c f 569.46 160 199 64 332 22449 5 4031851 58670 2.5 65 26 3 19 47% 20544 247000 18142 13%
c u 569.74 164 199 64 332 22449 5 4031851 58104 2.5 65 26 3 19 47% 20563 247000 18142 13%
c v 570.14 165 199 64 332 22449 5 4031851 54412 2.5 65 26 3 19 47% 20563 247000 18142 13%
c w 570.81 168 199 64 332 22449 5 4031851 54246 2.5 65 26 3 19 47% 20563 247000 18142 13%
c x 571.23 168 199 64 332 22449 5 4031851 54245 2.5 65 26 3 19 47% 20572 246819 18141 13%
c t 571.25 168 199 64 332 22449 5 4031851 54245 2.5 65 26 3 19 47% 20567 246801 18141 13%
c i 571.27 168 199 64 332 22449 5 4031851 54245 2.5 65 26 3 19 47% 20567 246801 18141 13%
c - 572.67 176 203 64 333 22573 5 4042892 52420 2.5 65 27 3 19 47% 20572 246801 18141 13%
c - 574.84 177 207 64 334 22772 5 4061142 58862 2.4 66 27 3 19 48% 20576 246801 18141 13%
c - 577.25 185 210 64 335 23001 5 4079418 62809 2.4 68 28 3 19 48% 20577 246801 18141 13%
c - 579.71 194 211 64 336 23231 5 4097722 64634 2.4 70 29 3 19 49% 20579 246801 18141 13%
c i 579.74 194 211 64 336 23232 5 4098034 64931 2.4 70 29 3 19 49% 20580 246801 18140 13%
c - 582.04 202 214 64 337 23429 5 4116054 66402 2.4 71 29 3 19 49% 20580 246801 18140 13%
c - 584.01 167 216 64 338 23573 5 4134411 68511 2.4 70 29 3 19 49% 20586 246801 18140 13%
c - 586.30 175 217 64 339 23771 5 4152795 69720 2.4 71 29 3 19 50% 20588 246801 18140 13%
c i 587.50 182 217 64 339 23871 5 4163377 80174 2.4 72 30 3 19 50% 20588 246801 18138 13%
c - 588.45 183 218 64 340 23952 5 4171206 70514 2.4 72 30 3 19 50% 20583 246801 18138 13%
c
c seconds      switched      rate           size/glue  tier1     binary           remaining
c          MB    reductions     conflicts         size   tier2       irredundant
c            level     restarts        redundant     glue    trail           variables
c
c } 589.55 190 217 65 340 24042 5 4180991 80225 2.4 72 30 3 19 50% 20583 246801 18138 13%
c [ 589.55 190 158 65 340 24042 1 4180991 80225 2.3 167 73 4 42 50% 20583 246801 18138 13%
c W 589.65 202 158 65 340 24042 1 4180991 80225 2.3 167 73 4 42 50% 20583 246771 18138 13%
c o 590.11 204 156 65 340 24046 1 4186120 85240 2.3 167 72 4 42 50% 20583 246771 18138 13%
c - 590.67 205 163 65 341 24048 1 4189645 68431 2.2 168 75 3 42 50% 20583 246771 18138 13%
c - 593.01 207 164 65 342 24056 2 4208113 62435 2.3 165 73 3 42 50% 20583 246771 18138 13%
c - 595.08 166 160 65 343 24064 2 4226607 57838 2.4 163 69 3 42 49% 20583 246771 18138 13%
c b 596.23 167 155 65 343 24069 2 4233126 64115 2.4 163 68 3 42 50% 20588 246766 18137 13%
c u 596.57 169 155 65 343 24069 2 4233126 59377 2.4 163 68 3 42 50% 20618 246766 18136 13%
c v 596.88 169 155 65 343 24069 2 4233126 53631 2.4 163 68 3 42 50% 20618 246766 18136 13%
c w 598.16 175 155 65 343 24069 2 4233126 53293 2.4 163 68 3 42 50% 20618 246766 18136 13%
c t 598.18 175 155 65 343 24069 2 4233126 53293 2.4 163 68 3 42 50% 20607 246746 18136 13%
c u 598.47 175 155 65 343 24069 2 4233126 52674 2.4 163 68 3 42 50% 20623 246746 18136 13%
c v 598.66 175 155 65 343 24069 2 4233126 50799 2.4 163 68 3 42 50% 20624 246746 18136 13%
c w 599.51 177 155 65 343 24069 2 4233126 50574 2.4 163 68 3 42 50% 20624 246746 18136 13%
c x 599.89 183 155 65 343 24069 2 4233126 50562 2.4 163 68 3 42 50% 20754 246420 18136 13%
c t 599.91 183 155 65 343 24069 2 4233126 50562 2.4 163 68 3 42 50% 20723 246420 18136 13%
c i 599.93 183 155 65 343 24069 2 4233126 50562 2.4 163 68 3 42 50% 20723 246420 18136 13%
c - 601.80 185 155 65 344 24071 1 4245128 45280 2.4 166 69 3 42 51% 20712 246420 18136 13%
c - 604.82 187 155 65 345 24073 1 4263675 44945 2.4 171 72 3 42 53% 20712 246420 18136 13%
c
c seconds      switched      rate           size/glue   tier1     binary           remaining
c          MB    reductions     conflicts         size    tier2       irredundant
c            level     restarts        redundant      glue    trail           variables
c
c - 607.63 163 146 65 346 24085 1 4282250 46748 2.5 172 69 3 42 54% 20712 246420 18136 13%
c - 610.58 165 147 65 347 24091 1 4300851 47653 2.5 176 70 3 42 56% 20712 246420 18136 13%
c - 613.53 166 140 65 348 24101 1 4319479 47921 2.6 175 68 3 42 57% 20712 246420 18136 13%
c - 616.61 167 131 65 349 24103 1 4338133 46003 2.6 177 67 3 42 57% 20712 246420 18136 13%
c ] 619.47 169 124 66 349 24104 1 4356111 63199 2.7 179 67 3 42 58% 20712 246420 18136 13%
c { 619.47 169 217 66 349 24104 5 4356111 63199 2.4 72 30 3 19 50% 20712 246420 18136 13%
c - 619.52 139 215 66 350 24105 5 4356814 44113 2.4 72 29 3 19 50% 20714 246420 18136 13%
c - 620.26 143 194 66 351 24110 5 4375523 55747 2.6 70 27 3 19 47% 20720 246420 18136 13%
c - 620.71 153 176 66 352 24111 4 4394258 66822 2.6 64 25 3 19 43% 20726 246420 18136 13%
c - 621.28 157 162 66 353 24114 4 4413019 70194 2.6 61 23 3 19 40% 20732 246420 18136 13%
c s 621.42 158 158 66 353 24115 3 4417021 74146 2.6 60 23 3 19 39% 20763 246231 18136 13%
c e 621.49 158 158 66 353 24115 3 4417021 74146 2.6 60 23 3 19 39% 20566 247216 18059 12%
c s 621.52 158 158 66 353 24115 3 4417021 74146 2.6 60 23 3 19 39% 20569 246884 18059 12%
c e 621.55 158 158 66 353 24115 3 4417021 74146 2.6 60 23 3 19 39% 20562 246967 18054 12%
c - 621.95 173 142 66 354 24117 3 4431808 71178 2.8 61 22 3 19 37% 20562 246967 18054 12%
c u 622.42 175 133 66 354 24117 3 4439812 75779 2.9 61 21 3 19 36% 20613 246967 18054 12%
c v 623.41 188 133 66 354 24117 3 4439812 73145 2.9 61 21 3 19 36% 20613 246967 18054 12%
c w 623.67 190 133 66 354 24117 3 4439812 73079 2.9 61 21 3 19 36% 20613 246967 18054 12%
c t 623.69 190 133 66 354 24117 3 4439812 73079 2.9 61 21 3 19 36% 20582 246967 18054 12%
c f 623.75 190 133 66 354 24117 3 4439812 73079 2.9 61 21 3 19 36% 20593 246700 18067 12%
c
c seconds      switched      rate           size/glue  tier1     binary           remaining
c          MB    reductions     conflicts         size   tier2       irredundant
c            level     restarts        redundant     glue    trail           variables
c
c u 624.00 190 133 66 354 24117 3 4439812 72616 2.9 61 21 3 19 36% 20607 246700 18067 12%
c v 624.99 197 133 66 354 24117 3 4439812 64691 2.9 61 21 3 19 36% 20608 246700 18067 12%
c w 625.21 197 133 66 354 24117 3 4439812 64493 2.9 61 21 3 19 36% 20608 246700 18067 12%
c t 627.99 215 133 66 354 24117 3 4439812 64493 2.9 61 21 3 19 36% 20604 246700 18067 12%
c - 628.43 217 130 66 355 24125 3 4450622 61572 2.9 59 20 3 19 36% 20610 246700 18067 12%
c - 628.77 218 120 66 356 24133 3 4469464 65885 2.8 52 18 3 19 32% 20613 246699 18067 12%
c o 628.98 218 116 66 356 24134 2 4479735 75800 2.8 49 18 3 19 30% 20615 246699 18067 12%
c - 629.26 238 114 66 357 24144 2 4488331 68637 2.8 48 17 3 19 30% 20624 246699 18067 12%
c i 629.46 239 111 66 357 24146 2 4493158 73435 2.9 49 17 3 19 31% 20628 246699 18066 12%
c i 629.80 240 107 66 357 24158 2 4501707 81870 2.9 49 17 3 19 31% 20634 246698 18065 12%
c - 629.97 209 107 66 358 24167 2 4507225 71830 2.9 48 16 3 19 30% 20631 246698 18065 12%
c - 630.42 213 94 66 359 24174 2 4526146 73792 3.1 47 15 3 19 28% 20634 246698 18065 12%
c i 630.53 215 93 66 359 24178 2 4529049 76654 3.1 47 15 3 19 29% 20640 246698 18064 12%
c - 631.17 218 89 66 360 24222 2 4545094 74773 3.1 47 15 3 19 29% 20652 246698 18064 12%
c - 631.49 221 82 66 361 24227 2 4564068 74638 3.2 45 14 3 19 26% 20654 246698 18064 12%
c - 632.07 226 78 66 362 24258 2 4583068 75441 3.3 46 14 3 19 26% 20669 246698 18064 12%
c } 632.14 226 78 67 362 24263 2 4585226 77566 3.3 45 14 3 19 26% 20671 246698 18064 12%
c [ 632.14 226 124 67 362 24263 1 4585226 77566 2.7 179 67 3 42 58% 20671 246698 18064 12%
c I 632.14 226 124 67 362 24263 1 4585226 77566 2.7 179 67 3 42 58% 20671 246698 18064 12%
c - 634.56 230 129 67 363 24273 1 4602094 68654 2.6 177 67 3 42 58% 20671 246698 18064 12%
c
c seconds      switched      rate           size/glue   tier1     binary           remaining
c          MB    reductions     conflicts         size    tier2       irredundant
c            level     restarts        redundant      glue    trail           variables
c
c - 637.74 232 123 67 364 24280 1 4621147 55878 2.6 174 66 3 42 58% 20671 246698 18064 12%
c ] 638.89 232 120 68 364 24284 1 4628694 62974 2.6 174 66 3 42 58% 20671 246698 18064 12%
c { 638.89 232 78 68 364 24284 2 4628694 62974 3.3 45 14 3 19 26% 20671 246698 18064 12%
c - 640.48 175 94 68 365 24480 2 4640225 56919 3.1 47 15 3 19 29% 20675 246698 18064 12%
c u 642.31 181 108 68 365 24687 3 4651954 64489 2.9 48 16 3 19 31% 20692 246649 18063 12%
c v 642.60 181 108 68 365 24687 3 4651954 61421 2.9 48 16 3 19 31% 20692 246649 18063 12%
c w 642.76 183 108 68 365 24687 3 4651954 61419 2.9 48 16 3 19 31% 20692 246649 18063 12%
c x 642.99 189 108 68 365 24687 3 4651954 61401 2.9 48 16 3 19 31% 20693 246592 18063 12%
c t 643.01 189 108 68 365 24687 3 4651954 61384 2.9 48 16 3 19 31% 20682 246592 18063 12%
c u 643.34 190 108 68 365 24687 3 4651954 58557 2.9 48 16 3 19 31% 20743 246592 18062 12%
c v 643.72 192 108 68 365 24687 3 4651954 52294 2.9 48 16 3 19 31% 20744 246592 18062 12%
c w 644.03 194 108 68 365 24687 3 4651954 52249 2.9 48 16 3 19 31% 20744 246592 18062 12%
c t 644.04 194 108 68 365 24687 3 4651954 52237 2.9 48 16 3 19 31% 20720 246572 18062 12%
c i 644.06 194 108 68 365 24687 3 4651954 52237 2.9 48 16 3 19 31% 20720 246572 18062 12%
c - 645.05 196 116 68 366 24816 3 4659329 50660 2.8 49 17 3 19 32% 20712 246572 18062 12%
c - 647.52 204 134 68 367 25118 4 4678462 59190 2.7 50 19 3 19 35% 20715 246572 18062 12%
c - 649.91 205 148 68 368 25391 4 4697620 65137 2.6 52 20 3 19 37% 20719 246572 18062 12%
c - 652.33 158 161 68 369 25643 5 4716803 68364 2.5 53 21 3 19 39% 20721 246572 18062 12%
c - 654.89 166 171 68 370 25904 5 4736012 70307 2.5 54 22 3 19 40% 20727 246572 18062 12%
c - 657.50 174 179 68 371 26160 5 4755247 71069 2.4 56 23 3 19 42% 20730 246572 18062 12%
c
c seconds      switched      rate           size/glue  tier1     binary           remaining
c          MB    reductions     conflicts         size   tier2       irredundant
c            level     restarts        redundant     glue    trail           variables
c
c - 659.99 182 185 68 372 26388 5 4774509 72039 2.4 58 24 3 19 43% 20734 246572 18062 12%
c o 660.69 188 187 68 372 26454 5 4779766 77244 2.4 58 24 3 19 44% 20734 246572 18062 12%
c - 662.34 153 192 68 373 26598 5 4793797 73359 2.4 58 25 3 19 44% 20742 246572 18062 12%
c - 664.93 161 196 68 374 26838 5 4813111 74345 2.4 59 25 3 19 45% 20743 246572 18062 12%
c - 667.47 169 200 68 375 27063 6 4832451 75143 2.4 60 26 3 19 46% 20746 246572 18062 12%
c - 669.88 177 203 68 376 27266 5 4851815 76184 2.4 61 26 3 19 47% 20747 246572 18062 12%
c u 672.66 146 205 68 376 27468 5 4869570 86891 2.4 63 26 3 19 48% 20787 246572 18062 12%
c v 673.61 150 205 68 376 27468 5 4869570 73130 2.4 63 26 3 19 48% 20790 246572 18062 12%
c w 674.25 153 205 68 376 27468 5 4869570 73094 2.4 63 26 3 19 48% 20790 246572 18062 12%
c t 674.28 153 205 68 376 27468 5 4869570 73094 2.4 63 26 3 19 48% 20766 246572 18062 12%
c } 674.45 148 205 69 376 27479 5 4870754 74258 2.4 63 26 3 19 48% 20766 246572 18062 12%
c [ 674.45 148 120 69 376 27479 1 4870754 74258 2.6 174 66 3 42 58% 20766 246572 18062 12%
c B 674.45 148 120 69 376 27479 1 4870754 74258 2.6 174 66 3 42 58% 20766 246572 18062 12%
c - 674.54 148 121 69 377 27479 1 4871205 59863 2.6 174 66 3 42 58% 20766 246572 18062 12%
c - 678.08 151 131 69 378 27491 1 4890622 55315 2.4 178 74 3 43 59% 20766 246572 18062 12%
c - 681.04 152 139 69 379 27499 1 4910065 48610 2.3 178 76 3 43 59% 20766 246572 18062 12%
c - 683.53 116 148 69 380 27508 1 4929534 50546 2.3 173 74 3 43 57% 20766 246572 18062 12%
c - 686.79 118 148 69 381 27509 1 4949027 50494 2.3 174 75 3 43 58% 20766 246572 18062 12%
c - 689.81 119 147 69 382 27519 1 4968547 50654 2.4 173 73 3 43 59% 20766 246572 18062 12%
c s 689.93 109 148 69 382 27520 1 4969251 51351 2.4 173 73 3 43 59% 20795 246468 18062 12%
c
c seconds      switched      rate           size/glue   tier1     binary           remaining
c          MB    reductions     conflicts         size    tier2       irredundant
c            level     restarts        redundant      glue    trail           variables
c
c e 689.98 112 148 69 382 27520 1 4969251 51351 2.4 173 73 3 43 59% 20756 246649 18046 12%
c s 689.99 112 148 69 382 27520 1 4969251 51351 2.4 173 73 3 43 59% 20756 246569 18046 12%
c e 690.01 112 148 69 382 27520 1 4969251 51351 2.4 173 73 3 43 59% 20752 246587 18045 12%
c - 692.68 121 151 69 383 27527 1 4988091 52893 2.4 171 72 3 43 59% 20753 246587 18045 12%
c - 695.75 123 146 69 384 27538 1 5007662 51698 2.4 171 72 3 43 59% 20753 246587 18045 12%
c - 698.82 125 152 69 385 27540 1 5027257 50843 2.4 174 74 3 43 59% 20753 246587 18045 12%
c - 701.91 126 154 69 386 27541 1 5046880 49653 2.4 182 74 3 43 58% 20753 246587 18045 12%
c W 704.79 133 155 69 386 27541 1 5063895 66400 2.5 187 74 3 43 58% 20753 246587 18045 12%
c - 705.25 134 156 69 387 27541 1 5066527 48899 2.5 187 74 3 43 58% 20753 246587 18045 12%
c ] 705.32 134 156 70 387 27541 1 5066930 49299 2.5 186 74 3 43 58% 20753 246587 18045 12%
c { 705.32 134 205 70 387 27541 5 5066930 49299 2.4 63 26 3 19 48% 20753 246587 18045 12%
c - 706.33 137 195 70 388 27551 5 5086199 58842 2.3 56 24 3 19 43% 20757 246587 18045 12%
c u 706.88 139 190 70 388 27554 5 5092663 61515 2.3 54 24 3 19 41% 20793 246586 18045 12%
c v 707.89 143 190 70 388 27554 5 5092663 57261 2.3 54 24 3 19 41% 20793 246586 18045 12%
c w 708.56 144 190 70 388 27554 5 5092663 56743 2.3 54 24 3 19 41% 20793 246586 18045 12%
c t 708.57 144 190 70 388 27554 5 5092663 56743 2.3 54 24 3 19 41% 20775 246586 18045 12%
c f 708.60 144 190 70 388 27554 5 5092663 56743 2.3 54 24 3 19 41% 20780 246528 18048 12%
c u 708.90 145 190 70 388 27554 5 5092663 56193 2.3 54 24 3 19 41% 20789 246528 18048 12%
c v 709.73 147 190 70 388 27554 5 5092663 53282 2.3 54 24 3 19 41% 20789 246528 18048 12%
c w 710.04 148 190 70 388 27554 5 5092663 52885 2.3 54 24 3 19 41% 20789 246528 18048 12%
c
c seconds      switched      rate           size/glue  tier1     binary           remaining
c          MB    reductions     conflicts         size   tier2       irredundant
c            level     restarts        redundant     glue    trail           variables
c
c x 710.54 147 190 70 388 27554 5 5092663 52812 2.3 54 24 3 19 41% 20804 246364 18048 12%
c t 710.55 147 190 70 388 27554 5 5092663 52812 2.3 54 24 3 19 41% 20796 246364 18048 12%
c o 710.58 147 190 70 388 27554 5 5092663 52812 2.3 54 24 3 19 41% 20796 246364 18048 12%
c - 711.19 149 185 70 389 27560 4 5105897 59168 2.3 51 22 3 19 39% 20799 246364 18048 12%
c i 711.83 154 180 70 389 27576 4 5118373 71070 2.3 49 22 3 19 38% 20808 246364 18047 12%
c - 712.21 156 178 70 390 27587 4 5125621 67158 2.3 48 21 3 19 37% 20801 246364 18047 12%
c - 713.21 158 173 70 391 27613 4 5145370 71881 2.3 46 20 3 19 35% 20815 246363 18047 12%
c i 713.71 158 168 70 391 27616 4 5158164 83774 2.3 43 19 3 19 33% 20821 246363 18046 12%
c - 714.08 159 168 70 392 27624 4 5165144 74299 2.2 42 19 3 19 32% 20819 246363 18046 12%
c - 714.55 162 158 70 393 27632 3 5184943 75389 2.2 37 17 3 19 28% 20820 246363 18046 12%
c i 715.50 166 157 70 393 27687 3 5203684 93149 2.2 35 16 3 19 28% 20830 246362 18045 12%
c - 715.57 166 156 70 394 27687 3 5204769 77601 2.2 35 16 3 19 27% 20826 246362 18045 12%
c - 716.61 154 156 70 395 27728 3 5224619 80037 2.1 33 16 3 19 27% 20836 246360 18045 12%
c - 717.51 156 152 70 396 27781 3 5244494 82265 2.1 32 15 3 19 26% 20846 246358 18045 12%
c - 718.63 162 149 70 397 27856 3 5264394 84293 2.1 30 14 3 19 26% 20853 246357 18045 12%
c - 719.85 165 150 70 398 27962 3 5284320 86328 2.1 29 14 3 19 26% 20870 246356 18045 12%
c i 720.11 165 150 70 398 27984 3 5289446 91134 2.1 29 14 3 19 26% 20882 246356 18044 12%
c - 720.97 166 149 70 399 28056 4 5304270 88287 2.0 28 14 3 19 25% 20877 246356 18044 12%
c u 722.26 172 148 70 399 28159 4 5321273 97391 2.0 27 13 3 19 25% 20903 246319 18044 12%
c v 722.62 173 148 70 399 28159 4 5321273 95942 2.0 27 13 3 19 25% 20903 246319 18044 12%
c
c seconds      switched      rate           size/glue  tier1     binary           remaining
c          MB    reductions     conflicts         size   tier2       irredundant
c            level     restarts        redundant     glue    trail           variables
c
c w 722.77 173 148 70 399 28159 4 5321273 95907 2.0 27 13 3 19 25% 20903 246319 18044 12%
c t 722.79 173 148 70 399 28159 4 5321273 95907 2.0 27 13 3 19 25% 20868 246319 18044 12%
c } 722.86 173 149 71 399 28163 4 5322259 96860 2.0 27 13 3 19 25% 20870 246318 18044 12%
c [ 722.86 173 156 71 399 28163 1 5322259 96860 2.5 186 74 3 43 58% 20870 246318 18044 12%
c O 722.86 173 156 71 399 28163 1 5322259 96860 2.5 186 74 3 43 58% 20870 246318 18044 12%
c - 723.15 174 154 71 400 28164 1 5324244 81781 2.5 186 73 3 43 58% 20870 246318 18044 12%
c - 726.32 176 151 71 401 28176 1 5344246 74960 2.5 183 73 3 43 58% 20870 246318 18044 12%
c - 729.67 146 151 71 402 28184 1 5364272 64859 2.4 181 74 3 43 58% 20870 246318 18044 12%
c - 732.88 147 141 71 403 28192 1 5384321 62052 2.5 180 72 3 43 59% 20870 246318 18044 12%
c - 736.16 148 131 71 404 28194 1 5404396 60973 2.6 180 70 3 43 59% 20870 246318 18044 12%
c ] 738.76 151 127 72 404 28204 1 5421576 77686 2.6 178 68 3 43 58% 20870 246318 18044 12%
c { 738.76 151 149 72 404 28204 4 5421576 77686 2.0 27 13 3 19 25% 20870 246318 18044 12%
c o 738.79 151 149 72 404 28206 4 5421683 77792 2.0 27 13 3 19 25% 20870 246318 18044 12%
c - 739.22 156 150 72 405 28256 4 5424495 63769 2.0 28 14 3 18 26% 20870 246318 18044 12%
c - 741.96 136 159 72 406 28609 4 5444619 73569 2.1 33 16 3 18 30% 20875 246318 18044 12%
c - 744.84 143 167 72 407 28950 5 5464768 80538 2.2 39 18 3 18 33% 20879 246318 18044 12%
c - 747.53 146 172 72 408 29249 5 5484942 84064 2.2 43 19 3 18 35% 20882 246318 18044 12%
c - 750.33 153 175 72 409 29539 5 5505141 86921 2.2 46 21 3 18 38% 20887 246318 18044 12%
c - 752.93 162 178 72 410 29789 5 5525366 89063 2.3 49 21 3 18 40% 20889 246318 18044 12%
c - 755.82 170 182 72 411 30052 5 5545615 90762 2.3 53 22 3 18 42% 20892 246318 18044 12%
c
c seconds      switched      rate           size/glue  tier1     binary           remaining
c          MB    reductions     conflicts         size   tier2       irredundant
c            level     restarts        redundant     glue    trail           variables
c
c u 757.75 177 183 72 411 30174 5 5555408 88284 2.4 54 23 3 18 43% 20962 246318 18044 12%
c v 758.62 178 183 72 411 30174 5 5555408 76231 2.4 54 23 3 18 43% 20964 246318 18044 12%
c w 759.45 184 183 72 411 30174 5 5555408 76111 2.4 54 23 3 18 43% 20964 246318 18044 12%
c t 759.47 184 183 72 411 30174 5 5555408 76111 2.4 54 23 3 18 43% 20937 246318 18044 12%
c s 760.25 190 184 72 411 30251 5 5560780 81422 2.4 54 23 3 18 43% 20951 246109 18044 12%
c e 760.30 191 184 72 411 30251 5 5560780 81422 2.4 54 23 3 18 43% 20881 246386 18022 12%
c s 760.31 191 184 72 411 30251 5 5560780 81422 2.4 54 23 3 18 43% 20884 246274 18022 12%
c e 760.33 191 184 72 411 30251 5 5560780 81422 2.4 54 23 3 18 43% 20882 246281 18021 12%
c - 760.98 199 184 72 412 30307 5 5565888 70771 2.4 55 23 3 18 43% 20882 246281 18021 12%
c - 763.42 173 184 72 413 30547 5 5586185 75652 2.4 57 24 3 18 44% 20886 246281 18021 12%
c - 765.60 181 184 72 414 30736 5 5606509 79948 2.4 58 24 3 18 45% 20887 246281 18021 12%
c - 767.97 186 186 72 415 30948 5 5626857 82145 2.4 59 24 3 18 46% 20891 246281 18021 12%
c - 770.52 194 187 72 416 31171 5 5647228 83191 2.5 61 25 3 18 46% 20893 246281 18021 12%
c - 773.01 204 188 72 417 31385 5 5667624 84464 2.5 63 25 3 18 47% 20894 246281 18021 12%
c - 775.28 174 187 72 418 31574 5 5688045 86020 2.5 63 25 3 18 47% 20898 246281 18021 12%
c } 775.60 175 187 73 418 31606 5 5690492 88441 2.5 63 25 3 18 47% 20898 246281 18021 12%
c [ 775.60 175 127 73 418 31606 1 5690492 88441 2.6 178 68 3 43 58% 20898 246281 18021 12%
c B 775.60 175 127 73 418 31606 1 5690492 88441 2.6 178 68 3 43 58% 20898 246281 18021 12%
c - 777.77 178 128 73 419 31617 1 5708492 79038 2.6 179 68 3 43 57% 20902 246281 18021 12%
c - 779.93 180 135 73 420 31625 1 5728962 65575 2.4 182 75 3 43 54% 20903 246281 18021 12%
c
c seconds      switched      rate           size/glue   tier1     binary           remaining
c          MB    reductions     conflicts         size    tier2       irredundant
c            level     restarts        redundant      glue    trail           variables
c
c - 782.11 181 130 73 421 31635 1 5749455 61000 2.5 181 73 3 43 52% 20904 246281 18021 12%
c - 783.90 183 128 73 422 31636 1 5769973 62876 2.5 176 70 3 43 51% 20905 246281 18021 12%
c o 784.29 184 128 73 422 31639 1 5774567 67406 2.6 175 69 3 43 50% 20905 246281 18021 12%
c - 786.71 146 132 73 423 31648 1 5790517 63925 2.5 175 69 3 43 52% 20905 246281 18021 12%
c u 788.02 150 131 73 423 31650 1 5795099 61889 2.5 174 69 3 43 52% 20944 246281 18021 12%
c v 788.21 150 131 73 423 31650 1 5795099 58082 2.5 174 69 3 43 52% 20944 246281 18021 12%
c w 789.68 156 131 73 423 31650 1 5795099 57604 2.5 174 69 3 43 52% 20944 246281 18021 12%
c t 789.70 156 131 73 423 31650 1 5795099 57604 2.5 174 69 3 43 52% 20922 246281 18021 12%
c f 789.72 156 131 73 423 31650 1 5795099 57604 2.5 174 69 3 43 52% 20926 246210 18024 12%
c u 790.09 156 131 73 423 31650 1 5795099 56839 2.5 174 69 3 43 52% 20945 246210 18024 12%
c v 790.19 156 131 73 423 31650 1 5795099 55677 2.5 174 69 3 43 52% 20945 246210 18024 12%
c w 791.86 156 131 73 423 31650 1 5795099 55011 2.5 174 69 3 43 52% 20945 246210 18024 12%
c t 795.38 156 131 73 423 31650 1 5795099 55011 2.5 174 69 3 43 52% 20939 246210 18024 12%
c - 798.30 133 123 73 424 31656 1 5811084 52086 2.6 171 67 3 43 53% 20939 246210 18024 12%
c - 801.92 136 119 73 425 31666 1 5831675 51813 2.6 175 67 3 43 54% 20939 246210 18024 12%
c - 805.66 138 110 73 426 31667 1 5852290 52191 2.7 174 64 3 43 56% 20939 246210 18024 12%
c - 809.71 140 103 73 427 31668 1 5872930 52372 2.8 174 62 3 43 56% 20939 246210 18024 12%
c - 813.38 141 100 73 428 31674 1 5893593 53076 2.9 177 61 3 43 57% 20939 246210 18024 12%
c W 815.47 159 104 73 428 31681 1 5907776 66958 2.9 174 60 3 43 57% 20939 246210 18024 12%
c - 816.47 160 103 73 429 31683 1 5914283 55762 2.9 175 61 3 43 57% 20939 246210 18024 12%
c
c seconds      switched      rate           size/glue   tier1     binary           remaining
c          MB    reductions     conflicts         size    tier2       irredundant
c            level     restarts        redundant      glue    trail           variables
c
c ] 817.37 161 103 74 429 31684 1 5920393 61688 2.9 176 61 3 43 57% 20939 246210 18024 12%
c { 817.37 161 187 74 429 31684 5 5920393 61688 2.5 63 25 3 18 47% 20939 246210 18024 12%
c - 819.16 172 191 74 430 31847 5 5934996 59265 2.5 64 25 3 18 48% 20939 246210 18024 12%
c - 821.73 180 198 74 431 32096 5 5955733 66295 2.5 64 26 3 18 48% 20942 246210 18024 12%
c - 824.27 181 203 74 432 32330 5 5976493 71290 2.4 64 26 3 19 48% 20943 246210 18024 12%
c - 827.16 189 208 74 433 32602 5 5997277 73942 2.4 65 27 3 19 48% 20946 246209 18024 12%
c - 829.89 197 212 74 434 32852 6 6018085 75641 2.4 66 28 3 19 48% 20948 246209 18024 12%
c - 832.49 168 214 74 435 33077 6 6038917 77383 2.4 67 28 3 19 48% 20953 246209 18024 12%
c u 833.07 172 214 74 435 33098 6 6040360 74911 2.4 67 28 3 19 48% 20970 246209 18024 12%
c v 833.75 173 214 74 435 33098 6 6040360 63502 2.4 67 28 3 19 48% 20971 246209 18024 12%
c w 834.43 174 214 74 435 33098 6 6040360 63235 2.4 67 28 3 19 48% 20971 246209 18024 12%
c x 835.00 179 214 74 435 33098 6 6040360 63042 2.4 67 28 3 19 48% 20997 245851 18024 12%
c t 835.02 179 214 74 435 33098 6 6040360 63042 2.4 67 28 3 19 48% 20985 245851 18024 12%
c - 837.41 201 218 74 436 33305 6 6059773 67315 2.4 68 29 3 19 49% 20985 245851 18024 12%
c - 839.72 205 221 74 437 33497 5 6080654 72908 2.4 67 28 3 19 49% 20990 245851 18024 12%
c - 842.24 210 223 74 438 33707 5 6101558 75782 2.4 68 29 3 19 49% 20992 245851 18024 12%
c o 843.97 190 224 74 438 33859 5 6114843 88942 2.4 69 29 3 19 50% 20993 245851 18024 12%
c - 844.94 192 225 74 439 33938 5 6122486 77093 2.4 69 29 3 19 49% 20994 245851 18024 12%
c - 847.62 216 226 74 440 34166 5 6143440 78146 2.4 70 30 3 19 50% 20996 245851 18024 12%
c - 850.33 224 227 74 441 34401 5 6164416 79178 2.4 71 30 3 19 50% 20996 245851 18024 12%
c
c seconds      switched      rate           size/glue  tier1     binary           remaining
c          MB    reductions     conflicts         size   tier2       irredundant
c            level     restarts        redundant     glue    trail           variables
c
c - 853.26 251 227 74 442 34630 6 6185418 79916 2.4 72 30 3 19 50% 20997 245851 18024 12%
c s 854.07 210 227 74 442 34690 5 6192459 86893 2.4 72 30 3 19 50% 21010 245747 18024 12%
c e 854.13 210 227 74 442 34690 5 6192459 86893 2.4 72 30 3 19 50% 20943 246133 17995 12%
c s 854.14 210 227 74 442 34690 5 6192459 86893 2.4 72 30 3 19 50% 20945 245937 17995 12%
c e 854.16 210 227 74 442 34690 5 6192459 86893 2.4 72 30 3 19 50% 20940 245956 17994 12%
c } 855.37 219 227 75 442 34779 5 6203218 97160 2.4 73 30 3 19 50% 20940 245956 17994 12%
c [ 855.37 219 103 75 442 34779 1 6203218 97160 2.9 176 61 3 43 57% 20940 245956 17994 12%
c I 855.37 219 103 75 442 34779 1 6203218 97160 2.9 176 61 3 43 57% 20940 245956 17994 12%
c - 855.88 228 108 75 443 34781 1 6206441 79634 2.8 176 63 3 43 57% 20940 245956 17994 12%
c - 859.17 231 109 75 444 34792 1 6227488 72219 2.8 176 62 3 43 58% 20940 245956 17994 12%
c - 862.73 233 106 75 445 34801 1 6248561 61485 2.9 179 62 3 42 59% 20940 245956 17994 12%
c - 865.88 178 110 75 446 34809 1 6269656 59231 2.9 183 62 3 42 59% 20940 245956 17994 12%
c - 869.10 181 116 75 447 34814 1 6290774 56840 2.9 189 66 3 42 57% 20940 245956 17994 12%
c u 869.55 185 116 75 447 34814 1 6291205 51927 2.9 189 66 3 42 57% 20975 245956 17994 12%
c v 869.70 185 116 75 447 34814 1 6291205 48938 2.9 189 66 3 42 57% 20975 245956 17994 12%
c w 870.35 188 116 75 447 34814 1 6291205 48529 2.9 189 66 3 42 57% 20975 245956 17994 12%
c t 870.37 188 116 75 447 34814 1 6291205 48529 2.9 189 66 3 42 57% 20954 245956 17994 12%
c f 870.40 188 116 75 447 34814 1 6291205 48529 2.9 189 66 3 42 57% 20956 245902 17997 12%
c u 870.70 188 116 75 447 34814 1 6291205 47916 2.9 189 66 3 42 57% 20965 245902 17997 12%
c v 870.80 188 116 75 447 34814 1 6291205 46909 2.9 189 66 3 42 57% 20965 245902 17997 12%
c
c seconds      switched      rate           size/glue   tier1     binary           remaining
c          MB    reductions     conflicts         size    tier2       irredundant
c            level     restarts        redundant      glue    trail           variables
c
c w 871.38 203 116 75 447 34814 1 6291205 45292 2.9 189 66 3 42 57% 20965 245902 17997 12%
c t 871.40 203 116 75 447 34814 1 6291205 45292 2.9 189 66 3 42 57% 20963 245902 17997 12%
c - 874.44 205 112 75 448 34824 1 6311919 48648 2.9 185 64 3 42 58% 20963 245902 17997 12%
c - 878.00 142 106 75 449 34834 1 6333085 51204 3.0 184 62 3 42 58% 20963 245902 17997 12%
c - 881.31 144 104 75 450 34840 1 6354275 51759 3.0 184 61 3 42 59% 20963 245902 17997 12%
c - 884.90 146 101 75 451 34841 1 6375488 51323 3.2 188 59 3 42 58% 20963 245902 17997 12%
c - 888.62 174 99 75 452 34841 1 6396727 52100 3.2 192 59 4 42 58% 20963 245902 17997 12%
c - 892.32 189 97 75 453 34853 1 6417987 53932 3.2 186 58 4 42 58% 20963 245902 17997 12%
c ] 893.31 189 96 76 453 34855 1 6423049 58727 3.2 185 58 4 42 58% 20963 245902 17997 12%
c { 893.31 189 227 76 453 34855 5 6423049 58727 2.4 73 30 3 19 50% 20963 245902 17997 12%
c - 894.95 191 224 76 454 34955 5 6439270 59470 2.4 72 29 3 19 50% 20965 245902 17997 12%
c - 897.21 191 223 76 455 35110 5 6460578 68715 2.4 70 29 3 19 51% 20968 245902 17997 12%
c o 897.65 191 222 76 455 35138 5 6465240 73300 2.4 70 29 3 19 51% 20969 245902 17997 12%
c - 899.60 140 221 76 456 35281 5 6481908 73242 2.4 69 28 3 19 50% 20976 245902 17997 12%
c - 902.03 144 219 76 457 35461 5 6503262 76033 2.5 69 28 3 19 50% 20980 245902 17997 12%
c - 904.35 166 216 76 458 35636 5 6524639 78145 2.4 67 28 3 19 49% 20983 245902 17997 12%
c - 906.74 165 215 76 459 35812 5 6546039 80319 2.4 66 27 3 19 49% 20986 245902 17997 12%
c u 907.30 162 215 76 459 35825 5 6547654 77346 2.4 66 27 3 19 49% 21007 245902 17997 12%
c v 908.04 164 215 76 459 35825 5 6547654 64839 2.4 66 27 3 19 49% 21008 245902 17997 12%
c w 908.55 165 215 76 459 35825 5 6547654 64637 2.4 66 27 3 19 49% 21008 245902 17997 12%
c
c seconds      switched      rate           size/glue  tier1     binary           remaining
c          MB    reductions     conflicts         size   tier2       irredundant
c            level     restarts        redundant     glue    trail           variables
c
c x 909.10 170 215 76 459 35825 5 6547654 64636 2.4 66 27 3 19 49% 21021 245778 17997 12%
c t 909.12 170 215 76 459 35825 5 6547654 64636 2.4 66 27 3 19 49% 21005 245778 17997 12%
c f 909.13 158 215 76 459 35825 5 6547654 64636 2.4 66 27 3 19 49% 21007 245759 17998 12%
c u 909.44 169 215 76 459 35825 5 6547654 64222 2.4 66 27 3 19 49% 21014 245759 17998 12%
c v 909.91 187 215 76 459 35825 5 6547654 60505 2.4 66 27 3 19 49% 21014 245759 17998 12%
c w 911.10 188 215 76 459 35825 5 6547654 59465 2.4 66 27 3 19 49% 21014 245759 17998 12%
c t 911.12 188 215 76 459 35825 5 6547654 59465 2.4 66 27 3 19 49% 21012 245759 17998 12%
c - 913.38 189 213 76 460 36014 5 6567463 65766 2.4 66 27 3 19 50% 21014 245759 17998 12%
c - 915.79 191 212 76 461 36216 5 6588910 72734 2.4 67 27 3 19 49% 21020 245759 17998 12%
c - 918.15 191 212 76 462 36397 5 6610380 76661 2.4 66 27 3 19 49% 21025 245759 17998 12%
c - 920.73 152 212 76 463 36614 5 6631877 79113 2.4 66 27 3 19 49% 21026 245759 17998 12%
c - 923.18 152 210 76 464 36801 5 6653396 80897 2.4 66 27 3 19 50% 21026 245759 17998 12%
c - 925.59 152 209 76 465 37007 5 6674937 82133 2.4 66 27 3 19 49% 21029 245759 17998 12%
c - 928.15 152 209 76 466 37228 5 6696502 83001 2.4 67 27 3 19 49% 21032 245759 17998 12%
c - 930.58 152 208 76 467 37417 5 6718089 84223 2.4 66 27 3 19 49% 21033 245759 17998 12%
c } 930.70 144 207 77 467 37419 5 6720100 86188 2.4 66 27 3 19 49% 21033 245759 17998 12%
c [ 930.70 144 96 77 467 37419 1 6720100 86188 3.2 185 58 4 42 58% 21033 245759 17998 12%
c B 930.70 144 96 77 467 37419 1 6720100 86188 3.2 185 58 4 42 58% 21033 245759 17998 12%
c - 933.93 118 100 77 468 37431 1 6739700 76915 3.0 183 60 4 42 59% 21033 245759 17998 12%
c - 937.39 121 102 77 469 37440 1 6761333 64017 2.9 180 62 4 42 59% 21033 245759 17998 12%
c
c seconds      switched      rate           size/glue   tier1     binary           remaining
c          MB    reductions     conflicts         size    tier2       irredundant
c            level     restarts        redundant      glue    trail           variables
c
c - 940.07 117 107 77 470 37448 1 6782993 62970 2.8 171 61 4 42 58% 21033 245759 17998 12%
c - 942.36 119 116 77 471 37452 1 6804672 63750 2.6 164 64 4 42 55% 21033 245759 17998 12%
c u 943.41 114 120 77 471 37455 1 6809751 62498 2.6 163 63 4 42 55% 21048 245759 17998 12%
c v 943.67 116 120 77 471 37455 1 6809751 57560 2.6 163 63 4 42 55% 21048 245759 17998 12%
c w 945.37 121 120 77 471 37455 1 6809751 56699 2.6 163 63 4 42 55% 21048 245759 17998 12%
c t 945.39 121 120 77 471 37455 1 6809751 56699 2.6 163 63 4 42 55% 21033 245759 17998 12%
c - 947.86 116 128 77 472 37463 1 6826374 53684 2.5 162 64 4 42 55% 21033 245759 17998 12%
c - 950.59 119 132 77 473 37472 1 6848099 54738 2.5 160 65 4 42 54% 21033 245759 17998 12%
c o 950.64 119 132 77 473 37473 1 6848394 55030 2.5 160 65 4 42 54% 21033 245759 17998 12%
c s 952.70 120 148 77 473 37479 1 6865069 71359 2.4 164 70 4 42 54% 21049 245688 17998 12%
c e 952.74 109 148 77 473 37479 1 6865069 71359 2.4 164 70 4 42 54% 21032 245836 17988 12%
c s 952.75 109 148 77 473 37479 1 6865069 71359 2.4 164 70 4 42 54% 21033 245775 17988 12%
c - 953.44 119 149 77 474 37480 1 6869848 54191 2.4 165 70 4 42 55% 21033 245775 17988 12%
c - 957.32 121 146 77 475 37481 1 6891620 51378 2.4 173 73 4 42 55% 21034 245775 17988 12%
c - 961.39 123 144 77 476 37481 1 6913414 47837 2.4 180 77 4 43 54% 21034 245775 17988 12%
c - 964.88 124 135 77 477 37493 1 6935231 49013 2.4 181 74 4 43 55% 21034 245775 17988 12%
c ] 967.02 125 128 78 477 37496 1 6948859 62123 2.5 182 72 4 43 55% 21034 245775 17988 12%
c { 967.02 125 207 78 477 37496 5 6948859 62123 2.4 66 27 3 19 49% 21034 245775 17988 12%
c - 968.04 133 208 78 478 37585 5 6957073 54418 2.4 66 27 3 19 49% 21034 245775 17988 12%
c - 970.52 141 209 78 479 37801 5 6978936 64635 2.4 66 27 3 19 49% 21035 245775 17988 12%
c
c seconds      switched      rate           size/glue  tier1     binary           remaining
c          MB    reductions     conflicts         size   tier2       irredundant
c            level     restarts        redundant     glue    trail           variables
c
c - 973.01 143 209 78 480 37996 5 7000823 73658 2.4 66 27 3 19 49% 21036 245775 17988 12%
c - 975.94 151 210 78 481 38250 5 7022731 77400 2.4 67 28 3 19 49% 21036 245775 17988 12%
c - 978.71 159 210 78 482 38480 5 7044662 79522 2.4 69 28 3 19 49% 21038 245775 17988 12%
c - 981.41 175 208 78 483 38689 5 7066616 82020 2.4 70 29 3 19 49% 21040 245775 17988 12%
c u 983.24 183 209 78 483 38821 5 7077503 87786 2.4 70 29 3 19 49% 21051 245775 17988 12%
c v 984.09 184 209 78 483 38821 5 7077503 73331 2.4 70 29 3 19 49% 21051 245775 17988 12%
c w 985.55 187 209 78 483 38821 5 7077503 73056 2.4 70 29 3 19 49% 21051 245775 17988 12%
c t 985.57 187 209 78 483 38821 5 7077503 73056 2.4 70 29 3 19 49% 21042 245775 17988 12%
c - 987.02 189 210 78 484 38945 5 7088593 68508 2.4 70 29 3 19 49% 21043 245775 17988 12%
c - 989.87 167 211 78 485 39190 5 7110594 73258 2.4 72 30 3 19 49% 21044 245775 17988 12%
c - 992.71 175 211 78 486 39437 5 7132619 77120 2.4 73 30 3 19 49% 21045 245775 17988 12%
c - 995.11 179 211 78 487 39637 5 7154665 79831 2.4 72 30 3 19 47% 21048 245775 17988 12%
c - 997.40 187 208 78 488 39823 5 7176733 82212 2.4 72 30 3 19 47% 21049 245775 17988 12%
c - 1000.16 155 209 78 489 40067 5 7198823 83513 2.4 73 30 3 19 47% 21052 245775 17988 12%
c o 1002.76 163 209 78 489 40286 5 7218424 102856 2.4 74 31 3 19 48% 21052 245775 17988 12%
c - 1003.13 165 208 78 490 40313 5 7220937 83956 2.4 74 31 3 19 48% 21052 245775 17988 12%
c - 1005.80 177 209 78 491 40508 5 7243072 85288 2.4 75 31 3 19 48% 21056 245775 17988 12%
c } 1007.71 201 208 79 491 40664 5 7260449 102350 2.5 76 31 3 19 48% 21057 245775 17988 12%
c [ 1007.71 201 128 79 491 40664 1 7260449 102350 2.5 182 72 4 43 55% 21057 245775 17988 12%
c W 1007.86 218 128 79 491 40664 1 7260449 102350 2.5 182 72 4 43 55% 21057 245775 17988 12%
c
c  seconds      switched      rate           size/glue   tier1     binary           remaining
c           MB    reductions     conflicts         size    tier2       irredundant
c             level     restarts        redundant      glue    trail           variables
c
c - 1008.56 220 127 79 492 40667 1 7265231 84253 2.5 183 72 4 43 55% 21057 245775 17988 12%
c - 1011.70 191 124 79 493 40678 1 7287412 75907 2.6 179 70 4 42 56% 21057 245775 17988 12%
c - 1015.05 194 119 79 494 40688 1 7309615 65216 2.6 179 68 4 42 56% 21057 245775 17988 12%
c - 1017.96 197 114 79 495 40694 1 7331844 62087 2.7 177 66 4 42 54% 21057 245775 17988 12%
c u 1021.12 201 109 79 495 40701 1 7350938 74309 2.7 174 64 4 42 52% 21074 245775 17988 12%
c v 1021.34 203 109 79 495 40701 1 7350938 69590 2.7 174 64 4 42 52% 21074 245775 17988 12%
c w 1022.73 220 109 79 495 40701 1 7350938 69508 2.7 174 64 4 42 52% 21074 245775 17988 12%
c x 1023.27 192 109 79 495 40701 1 7350938 69467 2.7 174 64 4 42 52% 21223 245395 17988 12%
c t 1023.29 192 109 79 495 40701 1 7350938 69467 2.7 174 64 4 42 52% 21198 245395 17988 12%
c - 1023.87 194 109 79 496 40701 1 7354092 52443 2.7 173 64 4 42 52% 21198 245395 17988 12%
c - 1027.22 196 114 79 497 40711 1 7376363 53634 2.6 173 66 4 42 51% 21200 245395 17988 12%
c - 1030.36 197 125 79 498 40723 1 7398656 54053 2.6 173 67 4 42 52% 21200 245395 17988 12%
c - 1034.54 161 126 79 499 40725 1 7420971 51588 2.5 175 71 4 43 53% 21200 245395 17988 12%
c - 1038.70 164 124 79 500 40726 1 7443311 48644 2.5 180 73 4 43 53% 21200 245395 17988 12%
c - 1043.22 166 120 79 501 40733 1 7465671 49063 2.5 181 72 4 43 54% 21200 245395 17988 12%
c ] 1046.65 130 118 80 501 40741 1 7487329 70108 2.6 180 70 4 43 54% 21200 245395 17988 12%
c { 1046.65 130 208 80 501 40741 5 7487329 70108 2.5 76 31 3 19 48% 21200 245395 17988 12%
c - 1046.78 133 208 80 502 40752 5 7488054 52731 2.5 76 31 3 19 48% 21200 245395 17988 12%
c - 1049.29 143 212 80 503 40940 5 7510460 63498 2.5 75 31 3 19 48% 21201 245395 17988 12%
c - 1051.98 147 216 80 504 41142 5 7532887 73186 2.4 75 31 3 19 49% 21203 245395 17988 12%
c
c  seconds      switched      rate           size/glue  tier1     binary           remaining
c           MB    reductions     conflicts         size   tier2       irredundant
c             level     restarts        redundant     glue    trail           variables
c
c - 1054.85 155 219 80 505 41367 5 7555337 76997 2.4 75 31 3 19 49% 21208 245395 17988 12%
c - 1057.55 180 222 80 506 41571 5 7577809 79669 2.4 74 31 3 19 50% 21209 245395 17988 12%
c s 1057.81 182 222 80 506 41596 5 7579449 81291 2.4 75 31 3 19 50% 21219 245334 17988 12%
c e 1057.86 183 222 80 506 41596 5 7579449 81291 2.4 75 31 3 19 50% 21161 245765 17960 12%
c s 1057.87 183 222 80 506 41596 5 7579449 81291 2.4 75 31 3 19 50% 21161 245596 17960 12%
c e 1057.89 183 222 80 506 41596 5 7579449 81291 2.4 75 31 3 19 50% 21160 245611 17959 12%
c o 1060.19 195 223 80 506 41756 5 7599097 100071 2.5 75 31 3 19 50% 21160 245611 17959 12%
c - 1060.39 204 224 80 507 41769 5 7600304 81630 2.5 75 31 3 19 50% 21160 245611 17959 12%
c - 1063.01 228 224 80 508 41938 5 7622820 83750 2.5 75 30 3 19 50% 21164 245611 17959 12%
c u 1064.45 234 224 80 508 42023 5 7630038 86051 2.5 75 30 3 19 50% 21192 245611 17959 12%
c v 1065.33 180 224 80 508 42023 5 7630038 72652 2.5 75 30 3 19 50% 21193 245611 17959 12%
c w 1067.13 187 224 80 508 42023 5 7630038 72187 2.5 75 30 3 19 50% 21193 245611 17959 12%
c t 1067.16 187 224 80 508 42023 5 7630038 72187 2.5 75 30 3 19 50% 21178 245611 17959 12%
c f 1067.19 187 224 80 508 42023 5 7630038 72187 2.5 75 30 3 19 50% 21182 245551 17962 12%
c u 1067.55 187 224 80 508 42023 5 7630038 71764 2.5 75 30 3 19 50% 21187 245551 17962 12%
c v 1068.08 188 224 80 508 42023 5 7630038 67337 2.5 75 30 3 19 50% 21188 245551 17962 12%
c w 1070.26 191 224 80 508 42023 5 7630038 65587 2.5 75 30 3 19 50% 21188 245551 17962 12%
c t 1071.37 191 224 80 508 42023 5 7630038 65587 2.5 75 30 3 19 50% 21187 245551 17962 12%
c - 1073.31 215 225 80 509 42165 5 7645358 66248 2.5 76 30 3 19 50% 21189 245551 17962 12%
c - 1075.71 161 224 80 510 42345 5 7667920 73935 2.5 75 30 3 19 50% 21194 245551 17962 12%
c
c  seconds      switched      rate           size/glue  tier1     binary           remaining
c           MB    reductions     conflicts         size   tier2       irredundant
c             level     restarts        redundant     glue    trail           variables
c
c - 1078.67 167 224 80 511 42592 5 7690504 78613 2.5 75 30 3 19 50% 21196 245551 17962 12%
c - 1081.76 178 226 80 512 42838 5 7713109 80266 2.5 76 31 3 19 50% 21199 245551 17962 12%
c - 1084.94 188 227 80 513 43072 5 7735737 82057 2.5 77 31 3 19 50% 21201 245551 17962 12%
c - 1087.84 156 226 80 514 43293 5 7758386 83908 2.5 77 31 3 19 50% 21204 245551 17962 12%
c - 1090.96 184 225 80 515 43540 5 7781059 84686 2.5 78 32 3 19 50% 21204 245551 17962 12%
c - 1093.97 196 226 80 516 43770 5 7803754 85550 2.5 79 32 3 19 50% 21210 245551 17962 12%
c } 1095.32 203 226 81 516 43878 5 7813772 95440 2.5 79 32 3 19 50% 21210 245551 17962 12%
c [ 1095.32 203 118 81 516 43878 1 7813772 95440 2.6 180 70 4 43 54% 21210 245551 17962 12%
c O 1095.32 203 118 81 516 43878 1 7813772 95440 2.6 180 70 4 43 54% 21210 245551 17962 12%
c - 1097.57 204 113 81 517 43885 1 7826469 82265 2.7 180 68 4 42 55% 21210 245551 17962 12%
c - 1101.65 176 106 81 518 43895 1 7849206 73190 2.8 182 65 4 42 55% 21210 245551 17962 12%
c - 1104.59 181 116 81 519 43907 1 7871965 68672 2.8 176 62 4 42 55% 21210 245551 17962 12%
c - 1107.21 196 134 81 520 43908 1 7894747 67714 2.7 176 66 4 42 54% 21210 245551 17962 12%
c u 1110.03 202 136 81 520 43921 1 7914881 81289 2.6 169 65 4 42 55% 21226 245551 17962 12%
c v 1110.46 202 136 81 520 43921 1 7914881 74527 2.6 169 65 4 42 55% 21226 245551 17962 12%
c w 1112.63 212 136 81 520 43921 1 7914881 74262 2.6 169 65 4 42 55% 21226 245551 17962 12%
c t 1112.65 164 136 81 520 43921 1 7914881 74262 2.6 169 65 4 42 55% 21218 245551 17962 12%
c - 1113.01 164 139 81 521 43922 1 7917550 56553 2.6 168 65 4 42 55% 21218 245551 17962 12%
c - 1115.82 181 145 81 522 43930 1 7940375 60303 2.6 164 64 4 42 55% 21218 245551 17962 12%
c - 1119.55 184 153 81 523 43939 1 7963223 57568 2.3 169 73 4 42 55% 21218 245551 17962 12%
c
c  seconds      switched      rate           size/glue   tier1     binary           remaining
c           MB    reductions     conflicts         size    tier2       irredundant
c             level     restarts        redundant      glue    trail           variables
c
c - 1123.26 137 156 81 524 43940 1 7986093 53486 2.3 173 77 4 43 56% 21218 245551 17962 12%
c - 1127.05 154 155 81 525 43940 1 8008984 52335 2.2 178 80 4 43 57% 21218 245551 17962 12%
c o 1128.08 155 152 81 525 43945 1 8015842 58966 2.3 177 79 4 43 57% 21218 245551 17962 12%
c - 1130.25 156 161 81 526 43954 1 8031897 53883 2.2 178 80 4 43 56% 21218 245551 17962 12%
c - 1133.72 154 160 81 527 43962 1 8054831 57446 2.2 177 80 4 43 57% 21218 245551 17962 12%
c B 1136.65 156 156 81 527 43970 1 8073623 75803 2.3 176 78 4 43 58% 21218 245551 17962 12%
c - 1137.19 156 161 81 528 43971 1 8077788 57830 2.2 176 78 4 43 58% 21218 245551 17962 12%
c ] 1137.35 156 162 82 528 43971 1 8079142 59163 2.2 177 79 4 43 58% 21218 245551 17962 12%
c { 1137.35 156 226 82 528 43971 5 8079142 59163 2.5 79 32 3 19 50% 21218 245551 17962 12%
c - 1138.73 173 197 82 529 43975 4 8100766 68844 2.6 78 30 3 19 50% 21218 245551 17962 12%
c - 1140.00 176 170 82 530 43980 4 8123766 82641 2.7 76 28 3 19 49% 21229 245551 17962 12%
c - 1140.67 177 148 82 531 43980 3 8146787 88061 2.7 68 25 3 19 46% 21233 245551 17962 12%
c - 1141.34 178 131 82 532 43980 3 8169830 88251 2.7 61 23 3 19 42% 21238 245551 17962 12%
c - 1142.19 198 117 82 533 43992 3 8192896 91691 2.7 57 21 3 19 40% 21245 245551 17962 12%
c b 1142.57 200 110 82 533 43995 2 8205454 104141 2.8 57 20 3 19 39% 21251 245551 17960 12%
c u 1143.00 216 110 82 533 43995 2 8205454 99103 2.8 57 20 3 19 39% 21280 245551 17960 12%
c v 1144.20 185 110 82 533 43995 2 8205454 89294 2.8 57 20 3 19 39% 21282 245551 17960 12%
c w 1144.50 200 110 82 533 43995 2 8205454 88135 2.8 57 20 3 19 39% 21280 245551 17960 12%
c t 1144.52 200 110 82 533 43995 2 8205454 88135 2.8 57 20 3 19 39% 21267 245517 17960 12%
c u 1144.87 203 110 82 533 43995 2 8205454 87453 2.8 57 20 3 19 39% 21281 245517 17959 12%
c
c  seconds      switched      rate           size/glue  tier1     binary           remaining
c           MB    reductions     conflicts         size   tier2       irredundant
c             level     restarts        redundant     glue    trail           variables
c
c v 1145.67 202 110 82 533 43995 2 8205454 78380 2.8 57 20 3 19 39% 21282 245517 17959 12%
c w 1145.90 204 110 82 533 43995 2 8205454 77848 2.8 57 20 3 19 39% 21282 245517 17959 12%
c x 1146.38 210 110 82 533 43995 2 8205454 77771 2.8 57 20 3 19 39% 21291 245356 17957 12%
c t 1146.40 210 110 82 533 43995 2 8205454 77753 2.8 57 20 3 19 39% 21290 245343 17957 12%
c i 1146.43 210 110 82 533 43995 2 8205454 77753 2.8 57 20 3 19 39% 21290 245343 17957 12%
c - 1146.72 211 105 82 534 43997 2 8215982 75516 2.9 58 20 3 19 38% 21264 245343 17957 12%
c i 1147.19 228 104 82 534 44009 2 8229623 89076 3.0 57 19 3 19 36% 21269 245343 17956 12%
c - 1147.57 230 100 82 535 44019 2 8239091 82266 3.1 56 18 3 19 36% 21274 245343 17956 12%
c i 1147.58 231 100 82 535 44020 2 8239186 82349 3.1 56 18 3 19 36% 21276 245343 17955 12%
c - 1148.08 232 96 82 536 44023 2 8262222 85704 3.0 49 16 3 19 32% 21274 245343 17955 12%
c - 1148.37 233 85 82 537 44023 2 8285373 86177 2.9 42 15 3 19 27% 21279 245343 17955 12%
c i 1148.44 225 84 82 537 44024 2 8287904 88439 2.9 42 15 3 19 26% 21284 245343 17954 12%
c - 1149.17 232 80 82 538 44085 2 8308546 89296 3.0 42 14 3 19 27% 21292 245343 17954 12%
c - 1149.79 234 73 82 539 44108 2 8331740 94019 3.2 43 13 3 19 25% 21307 245343 17954 12%
c s 1149.96 221 71 82 539 44108 2 8336333 98596 3.3 44 13 3 19 25% 21318 245239 17954 12%
c e 1150.01 224 71 82 539 44108 2 8336333 98596 3.3 44 13 3 19 25% 21254 245565 17930 12%
c s 1150.02 224 71 82 539 44108 2 8336333 98596 3.3 44 13 3 19 25% 21255 245441 17930 12%
c e 1150.03 224 71 82 539 44108 2 8336333 98596 3.3 44 13 3 19 25% 21252 245471 17928 12%
c - 1150.60 232 67 82 540 44129 2 8354956 93792 3.6 46 13 3 19 24% 21256 245471 17928 12%
c i 1150.71 233 67 82 540 44133 2 8360805 99399 3.5 45 13 3 19 24% 21269 245471 17926 12%
c
c  seconds     switched      rate           size/glue  tier1     binary           remaining
c           MB   reductions     conflicts         size   tier2       irredundant
c            level     restarts        redundant     glue    trail           variables
c
c - 1151.29 231 74 82 541 44176 2 8378193 94789 3.5 42 12 3 19 24% 21258 245471 17926 12%
c i 1151.69 233 74 82 541 44207 2 8389833 106214 3.5 41 12 3 19 24% 21276 245471 17925 12%
c - 1152.14 228 72 82 542 44260 2 8401453 94170 3.5 41 12 3 19 24% 21267 245470 17925 12%
c o 1152.56 232 68 82 542 44297 2 8417223 109247 3.3 38 11 3 19 23% 21280 245470 17925 12%
c } 1152.67 233 69 83 542 44305 2 8420748 112700 3.3 38 11 3 19 23% 21286 245470 17925 12%
c [ 1152.67 233 162 83 542 44305 1 8420748 112700 2.2 177 79 4 43 58% 21286 245470 17925 12%
c W 1152.70 222 162 83 542 44305 1 8420748 112700 2.2 177 79 4 43 58% 21286 245437 17925 12%
c - 1153.25 238 161 83 543 44307 1 8424735 93386 2.3 177 79 4 43 58% 21286 245437 17925 12%
c - 1156.19 194 160 83 544 44319 1 8448038 84291 2.2 169 75 4 43 56% 21287 245437 17925 12%
c - 1159.30 195 154 83 545 44331 1 8471361 74072 2.3 166 74 4 43 54% 21287 245437 17925 12%
c - 1161.77 213 149 83 546 44335 1 8494706 71108 2.4 168 70 4 43 53% 21287 245437 17925 12%
c u 1163.09 215 146 83 546 44335 1 8501750 70086 2.4 169 70 4 43 53% 21316 245426 17924 12%
c v 1163.35 208 146 83 546 44335 1 8501750 65469 2.4 169 70 4 43 53% 21319 245426 17924 12%
c w 1163.92 218 146 83 546 44335 1 8501750 65461 2.4 169 70 4 43 53% 21319 245426 17924 12%
c t 1163.94 218 146 83 546 44335 1 8501750 65439 2.4 169 70 4 43 53% 21300 245413 17924 12%
c f 1163.97 199 146 83 546 44335 1 8501750 65439 2.4 169 70 4 43 53% 21304 245352 17927 12%
c u 1164.41 210 146 83 546 44335 1 8501750 61274 2.4 169 70 4 43 53% 21359 245352 17923 12%
c v 1164.56 210 146 83 546 44335 1 8501750 59888 2.4 169 70 4 43 53% 21361 245352 17922 12%
c w 1165.20 217 146 83 546 44335 1 8501750 59538 2.4 169 70 4 43 53% 21360 245352 17922 12%
c t 1165.22 217 146 83 546 44335 1 8501750 59522 2.4 169 70 4 43 53% 21342 245283 17922 12%
c
c  seconds      switched      rate           size/glue   tier1     binary           remaining
c           MB    reductions     conflicts         size    tier2       irredundant
c             level     restarts        redundant      glue    trail           variables
c
c i 1165.23 217 146 83 546 44335 1 8501750 59522 2.4 169 70 4 43 53% 21342 245283 17922 12%
c ] 1166.90 209 144 84 546 44344 1 8516614 73973 2.4 169 70 4 43 51% 21342 245283 17922 12%
c { 1166.90 209 69 84 546 44344 2 8516614 73973 3.3 38 11 3 19 23% 21342 245283 17922 12%
c - 1167.10 168 71 84 547 44371 2 8518073 52770 3.3 38 12 3 19 23% 21316 245283 17922 12%
c - 1170.19 169 101 84 548 44777 3 8541462 62567 2.9 44 15 3 19 28% 21320 245283 17922 12%
c - 1173.60 171 125 84 549 45193 4 8564871 72973 2.7 49 19 3 19 33% 21322 245283 17922 12%
c - 1176.81 172 143 84 550 45559 4 8588302 77830 2.6 54 21 3 19 36% 21324 245283 17922 12%
c - 1180.18 122 158 84 551 45927 5 8611757 81035 2.5 60 24 3 19 39% 21324 245283 17922 12%
c - 1183.70 124 170 84 552 46282 5 8635231 83210 2.5 64 26 3 19 41% 21327 245283 17922 12%
c - 1187.03 123 179 84 553 46590 5 8658726 85191 2.5 68 27 3 19 44% 21327 245283 17922 12%
c - 1190.56 124 187 84 554 46925 5 8682243 86506 2.5 72 29 3 19 45% 21327 245283 17922 12%
c - 1193.78 122 191 84 555 47200 5 8705780 87604 2.4 74 30 3 19 46% 21327 245283 17922 12%
c - 1197.19 122 195 84 556 47471 5 8729339 89187 2.5 76 31 3 19 47% 21331 245283 17922 12%
c - 1200.67 122 199 84 557 47763 5 8752919 89652 2.5 79 32 3 19 48% 21333 245283 17922 12%
c - 1203.83 119 201 84 558 47984 5 8776519 90751 2.5 81 32 3 19 49% 21333 245283 17922 12%
c - 1207.24 124 202 84 559 48246 5 8800143 91474 2.5 83 33 3 19 49% 21333 245283 17922 12%
c u 1208.26 122 203 84 559 48280 5 8803828 87711 2.5 83 33 3 19 50% 21368 245283 17922 12%
c v 1209.13 123 203 84 559 48280 5 8803828 73992 2.5 83 33 3 19 50% 21368 245283 17922 12%
c w 1210.67 125 203 84 559 48280 5 8803828 73625 2.5 83 33 3 19 50% 21368 245283 17922 12%
c t 1210.70 125 203 84 559 48280 5 8803828 73625 2.5 83 33 3 19 50% 21352 245283 17922 12%
c
c  seconds      switched      rate           size/glue  tier1     binary           remaining
c           MB    reductions     conflicts         size   tier2       irredundant
c             level     restarts        redundant     glue    trail           variables
c
c - 1213.62 123 204 84 560 48501 5 8823787 74967 2.5 84 34 3 19 50% 21353 245283 17922 12%
c o 1214.17 120 205 84 560 48542 5 8827271 78416 2.5 84 34 3 19 50% 21353 245283 17922 12%
c - 1217.16 122 207 84 561 48759 5 8847451 79576 2.5 85 34 3 19 51% 21353 245283 17922 12%
c - 1220.40 121 211 84 562 48967 5 8871136 82931 2.5 85 34 3 19 51% 21355 245283 17922 12%
c } 1220.79 122 210 85 562 48998 5 8873693 85467 2.5 85 34 3 19 51% 21355 245283 17922 12%
c [ 1220.79 122 144 85 562 48998 1 8873693 85467 2.4 169 70 4 43 51% 21355 245283 17922 12%
c I 1220.79 122 144 85 562 48998 1 8873693 85467 2.4 169 70 4 43 51% 21355 245283 17922 12%
c - 1224.44 124 152 85 563 49011 1 8894843 77874 2.3 166 72 4 43 51% 21355 245283 17922 12%
c - 1227.40 119 156 85 564 49019 2 8918573 67539 2.3 161 72 4 43 49% 21356 245283 17922 12%
c - 1231.94 122 154 85 565 49028 1 8942321 63891 2.3 161 71 4 43 50% 21356 245283 17922 12%
c - 1236.33 118 145 85 566 49035 1 8966090 62603 2.3 158 69 4 43 50% 21356 245283 17922 12%
c - 1240.46 121 143 85 567 49045 1 8989881 62850 2.3 157 69 4 43 52% 21356 245283 17922 12%
c - 1244.54 122 138 85 568 49058 1 9013692 62294 2.3 159 68 4 43 55% 21356 245283 17922 12%
c - 1249.14 100 130 85 569 49059 1 9037525 59032 2.4 167 68 4 43 57% 21356 245283 17922 12%
c - 1253.84 117 124 85 570 49060 1 9061378 56349 2.4 168 69 4 43 58% 21356 245283 17922 12%
c - 1258.37 110 122 85 571 49070 1 9085258 57462 2.4 167 69 4 43 57% 21357 245283 17922 12%
c - 1260.98 115 123 85 572 49080 1 9109154 60075 2.5 168 67 4 43 54% 21358 245283 17922 12%
c u 1261.69 118 123 85 572 49081 1 9111689 58300 2.5 168 67 4 43 53% 21391 245283 17922 12%
c v 1261.85 118 123 85 572 49081 1 9111689 54916 2.5 168 67 4 43 53% 21391 245283 17922 12%
c w 1263.09 123 123 85 572 49081 1 9111689 53656 2.5 168 67 4 43 53% 21391 245283 17922 12%
c
c  seconds      switched      rate           size/glue   tier1     binary           remaining
c           MB    reductions     conflicts         size    tier2       irredundant
c             level     restarts        redundant      glue    trail           variables
c
c t 1263.11 123 123 85 572 49081 1 9111689 53656 2.5 168 67 4 43 53% 21376 245283 17922 12%
c - 1265.49 115 122 85 573 49090 1 9133070 51926 2.5 172 68 4 43 52% 21376 245283 17922 12%
c s 1265.84 115 122 85 573 49091 1 9136478 55152 2.5 172 69 4 43 52% 21395 245184 17922 12%
c e 1265.86 117 122 85 573 49091 1 9136478 55152 2.5 172 69 4 43 52% 21353 245349 17907 12%
c s 1265.87 117 122 85 573 49091 1 9136478 55152 2.5 172 69 4 43 52% 21354 245249 17907 12%
c - 1268.23 124 123 85 574 49095 1 9157007 50964 2.4 173 71 4 43 50% 21354 245249 17907 12%
c B 1268.62 124 123 85 574 49097 1 9160426 54327 2.4 173 71 4 43 50% 21354 245249 17907 12%
c - 1271.06 126 119 85 575 49106 1 9180965 51572 2.5 174 70 4 43 49% 21354 245249 17907 12%
c - 1274.22 127 112 85 576 49119 1 9204945 50917 2.6 179 69 4 43 49% 21356 245249 17907 12%
c - 1277.32 130 108 85 577 49122 1 9228945 50710 2.7 184 68 4 43 48% 21356 245249 17907 12%
c ] 1278.31 132 107 86 577 49123 1 9235132 56713 2.7 185 68 4 43 48% 21356 245249 17907 12%
c { 1278.31 132 210 86 577 49123 5 9235132 56713 2.5 85 34 3 19 51% 21356 245249 17907 12%
c - 1278.70 138 217 86 578 49126 4 9252966 60432 2.4 76 31 3 19 45% 21357 245249 17907 12%
c o 1278.87 139 216 86 578 49127 4 9260448 67539 2.4 73 30 3 19 42% 21357 245249 17907 12%
c - 1279.94 139 206 86 579 49131 4 9277007 76382 2.4 67 28 3 19 39% 21360 245249 17907 12%
c - 1281.44 158 190 86 580 49133 3 9301071 84026 2.3 59 26 3 19 34% 21360 245249 17907 12%
c - 1282.69 160 176 86 581 49137 3 9325154 87396 2.2 52 24 3 19 30% 21365 245248 17907 12%
c i 1283.40 178 162 86 581 49144 3 9346348 107082 2.1 47 22 3 19 27% 21367 245248 17906 12%
c - 1283.61 180 161 86 582 49148 3 9349258 89872 2.2 47 22 3 19 28% 21360 245248 17906 12%
c - 1284.88 183 158 86 583 49177 3 9373383 90602 2.1 43 20 3 19 26% 21367 245247 17906 12%
c
c  seconds      switched      rate           size/glue  tier1     binary           remaining
c           MB    reductions     conflicts         size   tier2       irredundant
c             level     restarts        redundant     glue    trail           variables
c
c - 1286.36 202 145 86 584 49192 3 9397529 91232 2.3 43 19 3 19 28% 21369 245247 17906 12%
c - 1287.49 204 138 86 585 49204 2 9421696 92789 2.3 40 17 3 19 26% 21372 245246 17906 12%
c u 1288.23 222 137 86 585 49208 2 9425362 86673 2.3 39 17 3 19 25% 21403 245244 17906 12%
c v 1288.97 229 137 86 585 49208 2 9425362 85448 2.3 39 17 3 19 25% 21403 245244 17906 12%
c w 1289.24 229 137 86 585 49208 2 9425362 84695 2.3 39 17 3 19 25% 21403 245244 17906 12%
c t 1289.26 229 137 86 585 49208 2 9425362 84695 2.3 39 17 3 19 25% 21388 245244 17906 12%
c f 1289.28 229 137 86 585 49208 2 9425362 84695 2.3 39 17 3 19 25% 21390 245224 17907 12%
c u 1289.69 229 137 86 585 49208 2 9425362 83645 2.3 39 17 3 19 25% 21397 245224 17906 12%
c v 1290.28 252 137 86 585 49208 2 9425362 82179 2.3 39 17 3 19 25% 21397 245224 17906 12%
c w 1290.47 253 137 86 585 49208 2 9425362 82128 2.3 39 17 3 19 25% 21397 245224 17906 12%
c x 1290.88 252 137 86 585 49208 2 9425362 82098 2.3 39 17 3 19 25% 21400 245160 17906 12%
c t 1290.90 252 137 86 585 49208 2 9425362 82098 2.3 39 17 3 19 25% 21398 245160 17906 12%
c i 1290.92 252 137 86 585 49208 2 9425362 82098 2.3 39 17 3 19 25% 21398 245160 17906 12%
c - 1291.72 270 138 86 586 49231 2 9445882 81875 2.2 36 16 3 19 24% 21389 245160 17906 12%
c - 1292.51 272 132 86 587 49258 2 9470090 84367 2.2 32 15 3 18 22% 21407 245160 17906 12%
c - 1293.75 291 137 86 588 49330 3 9494318 86963 2.1 30 14 3 18 22% 21420 245160 17906 12%
c - 1294.58 294 142 86 589 49391 3 9518567 88660 2.1 28 13 3 18 20% 21423 245159 17906 12%
c - 1295.93 314 139 86 590 49519 3 9542839 91293 2.0 26 13 3 18 20% 21428 245159 17906 12%
c i 1296.69 316 141 86 590 49605 3 9555012 102786 2.0 25 13 3 18 20% 21439 245159 17905 12%
c - 1297.18 316 142 86 591 49659 3 9567128 93515 2.0 25 13 3 18 20% 21431 245159 17905 12%
c
c  seconds      switched      rate           size/glue  tier1     binary           remaining
c           MB    reductions     conflicts         size   tier2       irredundant
c             level     restarts        redundant     glue    trail           variables
c
c - 1298.42 337 137 86 592 49792 3 9591440 95228 1.9 23 12 3 18 19% 21442 245158 17905 12%
c i 1298.67 337 136 86 592 49816 3 9595359 98908 1.9 23 12 3 18 19% 21442 245158 17904 12%
c } 1299.26 338 130 87 592 49882 3 9607987 110535 1.9 23 12 3 18 19% 21444 245158 17904 12%
c [ 1299.26 338 107 87 592 49882 1 9607987 110535 2.7 185 68 4 43 48% 21444 245158 17904 12%
c W 1299.36 342 107 87 592 49882 1 9607987 110535 2.7 185 68 4 43 48% 21435 245129 17904 12%
c - 1301.05 344 106 87 593 49887 1 9615772 93071 2.8 186 67 4 43 49% 21437 245129 17904 12%
c - 1304.92 333 110 87 594 49896 1 9640125 81544 2.7 185 68 4 43 49% 21437 245129 17904 12%
c - 1307.66 348 119 87 595 49910 1 9664497 72882 2.6 181 69 4 43 48% 21438 245129 17904 12%
c - 1310.66 349 119 87 596 49912 1 9688889 70945 2.6 180 69 4 43 48% 21439 245129 17904 12%
c - 1314.10 368 117 87 597 49926 1 9713302 67774 2.6 182 71 4 43 47% 21441 245129 17904 12%
c - 1318.04 297 116 87 598 49937 1 9737736 64517 2.6 187 73 4 43 47% 21443 245129 17904 12%
c b 1319.14 298 115 87 598 49941 1 9744835 71057 2.5 187 74 4 43 47% 21445 245127 17903 12%
c u 1319.78 300 115 87 598 49941 1 9744835 58338 2.5 187 74 4 43 47% 21489 245127 17903 12%
c v 1319.85 300 115 87 598 49941 1 9744835 57229 2.5 187 74 4 43 47% 21489 245127 17903 12%
c w 1321.45 323 115 87 598 49941 1 9744835 56432 2.5 187 74 4 43 47% 21489 245127 17903 12%
c t 1321.47 323 115 87 598 49941 1 9744835 56432 2.5 187 74 4 43 47% 21453 245127 17903 12%
c u 1321.94 324 115 87 598 49941 1 9744835 55101 2.5 187 74 4 43 47% 21471 245127 17903 12%
c v 1321.98 324 115 87 598 49941 1 9744835 54695 2.5 187 74 4 43 47% 21471 245127 17903 12%
c w 1323.88 341 115 87 598 49941 1 9744835 53441 2.5 187 74 4 43 47% 21471 245127 17903 12%
c = 1326.95 343 115 87 598 49941 1 9744835 53441 2.5 187 74 4 43 47% 21471 245121 17902 12%
c
c  seconds      switched      rate           size/glue   tier1     binary           remaining
c           MB    reductions     conflicts         size    tier2       irredundant
c             level     restarts        redundant      glue    trail           variables
c
c t 1326.97 343 115 87 598 49941 1 9744835 53440 2.5 187 74 4 43 47% 21467 245121 17902 12%
c o 1326.99 343 115 87 598 49941 1 9744835 53440 2.5 187 74 4 43 47% 21467 245121 17902 12%
c - 1330.19 245 136 87 599 49943 1 9762190 49165 2.4 188 79 4 43 48% 21447 245121 17902 12%
c ] 1331.95 245 140 88 599 49943 1 9771017 57728 2.4 189 80 4 43 49% 21447 245121 17902 12%
c { 1331.95 245 130 88 599 49943 3 9771017 57728 1.9 23 12 3 18 19% 21447 245121 17902 12%
c - 1334.30 265 141 88 600 50213 4 9786664 59548 2.0 28 14 3 18 23% 21450 245121 17902 12%
c - 1337.96 285 155 88 601 50623 5 9811158 72551 2.0 35 17 3 18 27% 21456 245121 17902 12%
c - 1341.93 181 168 88 602 51028 5 9835673 81403 2.1 42 20 3 18 32% 21456 245121 17902 12%
c - 1346.03 223 178 88 603 51409 5 9860208 86048 2.2 47 22 3 18 35% 21458 245121 17902 12%
c - 1350.06 266 187 88 604 51763 6 9884764 89073 2.2 52 24 3 18 38% 21463 245121 17902 12%
c - 1353.93 248 194 88 605 52096 6 9909341 91476 2.2 55 25 3 18 40% 21464 245121 17902 12%
c - 1357.44 290 198 88 606 52373 6 9933937 93688 2.3 58 26 3 18 42% 21469 245121 17902 12%
c - 1361.36 294 201 88 607 52679 6 9958555 95558 2.3 62 27 3 18 44% 21471 245121 17902 12%
c s 1364.89 185 203 88 607 52951 6 9980615 117339 2.4 65 27 3 18 45% 21485 245048 17902 12%
c e 1364.92 171 203 88 607 52951 6 9980615 117339 2.4 65 27 3 18 45% 21466 245178 17894 12%
c s 1364.93 171 203 88 607 52951 6 9980615 117339 2.4 65 27 3 18 45% 21467 245109 17894 12%
c - 1365.31 183 203 88 608 52974 6 9983192 96389 2.4 65 28 3 18 46% 21467 245109 17894 12%
c - 1368.84 182 206 88 609 53229 6 10007850 97909 2.4 67 28 3 18 47% 21469 245109 17894 12%
c - 1372.53 181 208 88 610 53491 5 10032528 99412 2.4 69 28 3 18 48% 21471 245109 17894 12%
c - 1375.81 126 208 88 611 53706 5 10057226 100975 2.5 70 28 3 18 49% 21473 245109 17894 12%
c
c  seconds      switched      rate             size/glue  tier1     binary           remaining
c           MB    reductions     conflicts           size   tier2       irredundant
c             level     restarts         redundant      glue    trail           variables
c
c u 1378.23 118 209 88 611 53842 5 10070144 104466 2.5 71 28 3 18 49% 21508 245109 17894 12%
c v 1379.41 123 209 88 611 53842 5 10070144 87826 2.5 71 28 3 18 49% 21509 245109 17894 12%
c w 1380.94 128 209 88 611 53842 5 10070144 87673 2.5 71 28 3 18 49% 21509 245109 17894 12%
c t 1380.96 128 209 88 611 53842 5 10070144 87673 2.5 71 28 3 18 49% 21494 245109 17894 12%
c - 1382.59 124 211 88 612 53971 5 10081948 81447 2.5 72 29 3 18 50% 21496 245109 17894 12%
c - 1385.75 124 212 88 613 54211 5 10106686 86411 2.5 72 29 3 18 50% 21499 245109 17894 12%
c - 1388.78 123 212 88 614 54423 5 10131444 90680 2.5 73 29 3 18 51% 21500 245109 17894 12%
c - 1392.07 125 213 88 615 54666 5 10156223 92926 2.5 73 29 3 18 51% 21503 245109 17894 12%
c } 1392.41 121 212 89 615 54686 5 10159954 96586 2.5 73 29 3 18 51% 21503 245109 17894 12%
c [ 1392.41 121 140 89 615 54686 1 10159954 96586 2.4 189 80 4 43 49% 21503 245109 17894 12%
c O 1392.41 121 140 89 615 54686 1 10159954 96586 2.4 189 80 4 43 49% 21503 245109 17894 12%
c - 1395.76 124 133 89 616 54699 1 10181024 86967 2.4 181 76 4 43 50% 21503 245109 17894 12%
c o 1397.40 125 133 89 616 54703 1 10194819 100495 2.4 174 73 4 43 50% 21503 245109 17894 12%
c - 1399.02 102 142 89 617 54708 1 10205844 75698 2.3 176 76 4 43 50% 21503 245109 17894 12%
c - 1403.18 106 137 89 618 54716 1 10230685 68227 2.4 179 74 4 43 51% 21503 245109 17894 12%
c - 1407.29 108 132 89 619 54725 1 10255545 64655 2.5 180 72 4 43 52% 21503 245109 17894 12%
c - 1411.27 115 121 89 620 54736 1 10280425 67207 2.6 174 67 3 43 53% 21503 245109 17894 12%
c - 1415.72 105 116 89 621 54746 1 10305325 66510 2.6 173 66 3 43 54% 21503 245109 17894 12%
c - 1420.03 107 114 89 622 54748 1 10330245 63249 2.6 173 66 3 43 55% 21503 245109 17894 12%
c - 1424.68 101 112 89 623 54748 1 10355185 60081 2.6 178 68 4 43 56% 21503 245109 17894 12%
c
c  seconds      switched      rate            size/glue   tier1     binary           remaining
c           MB    reductions     conflicts          size    tier2       irredundant
c             level     restarts         redundant      glue    trail           variables
c
c - 1428.73 120 115 89 624 54762 1 10380144 60847 2.6 174 67 4 43 56% 21503 245109 17894 12%
c u 1432.49 117 122 89 624 54770 1 10401316 77061 2.6 175 67 4 43 57% 21516 245109 17894 12%
c v 1432.71 118 122 89 624 54770 1 10401316 74261 2.6 175 67 4 43 57% 21516 245109 17894 12%
c w 1436.79 136 122 89 624 54770 1 10401316 74093 2.6 175 67 4 43 57% 21516 245109 17894 12%
c t 1436.81 136 122 89 624 54770 1 10401316 74093 2.6 175 67 4 43 57% 21508 245109 17894 12%
c - 1437.45 116 124 89 625 54773 1 10405125 57565 2.6 175 67 3 43 57% 21508 245109 17894 12%
c - 1441.43 104 137 89 626 54779 1 10430125 58518 2.5 176 70 3 43 57% 21508 245109 17894 12%
c - 1445.85 122 136 89 627 54789 1 10455144 58219 2.5 176 71 3 43 58% 21508 245109 17894 12%
c B 1449.28 111 128 89 627 54797 1 10474536 76461 2.5 178 70 3 43 59% 21508 245109 17894 12%
c ] 1449.50 116 130 90 627 54798 1 10476212 78117 2.5 177 71 3 43 59% 21508 245109 17894 12%
c { 1449.50 116 212 90 627 54798 5 10476212 78117 2.5 73 29 3 18 51% 21508 245109 17894 12%
c - 1449.93 121 213 90 628 54824 5 10480183 58427 2.5 73 29 3 18 51% 21509 245109 17894 12%
c - 1452.75 122 213 90 629 55048 5 10505244 68629 2.5 73 29 3 18 52% 21510 245109 17894 12%
c - 1455.46 119 212 90 630 55242 5 10530323 80215 2.5 72 28 3 18 52% 21511 245109 17894 12%
c - 1458.80 124 213 90 631 55496 5 10555423 84866 2.5 72 29 3 18 52% 21516 245109 17894 12%
c - 1461.87 121 213 90 632 55717 5 10580542 87442 2.5 72 29 3 18 52% 21517 245109 17894 12%
c - 1465.46 125 212 90 633 56004 5 10605681 89225 2.5 73 29 3 18 52% 21518 245109 17894 12%
c - 1468.59 124 213 90 634 56212 5 10630843 91041 2.5 74 29 3 18 53% 21519 245109 17894 12%
c o 1470.44 124 212 90 634 56351 5 10644866 104865 2.5 74 29 3 18 52% 21519 245109 17894 12%
c - 1471.91 122 211 90 635 56455 5 10656022 92939 2.5 74 29 3 18 52% 21520 245109 17894 12%
c
c  seconds      switched      rate            size/glue  tier1     binary           remaining
c           MB    reductions     conflicts          size   tier2       irredundant
c             level     restarts         redundant     glue    trail           variables
c
c - 1475.18 125 207 90 636 56678 5 10681225 94101 2.6 75 29 3 18 53% 21523 245109 17894 12%
c - 1478.44 124 206 90 637 56919 5 10706446 95260 2.6 75 29 3 18 53% 21525 245109 17894 12%
c - 1482.16 125 208 90 638 57191 5 10731684 95624 2.5 76 30 3 18 53% 21530 245109 17894 12%
c u 1483.46 124 208 90 638 57236 5 10738350 94933 2.6 76 30 3 18 53% 21541 245109 17894 12%
c v 1484.46 126 208 90 638 57236 5 10738350 80258 2.6 76 30 3 18 53% 21541 245109 17894 12%
c w 1486.22 128 208 90 638 57236 5 10738350 79806 2.6 76 30 3 18 53% 21541 245109 17894 12%
c t 1486.24 128 208 90 638 57236 5 10738350 79806 2.6 76 30 3 18 53% 21533 245109 17894 12%
c - 1488.69 124 208 90 639 57403 5 10756946 79536 2.6 76 29 3 18 53% 21534 245109 17894 12%
c - 1491.84 123 210 90 640 57639 5 10782224 85557 2.6 77 30 3 18 53% 21535 245109 17894 12%
c - 1495.08 124 210 90 641 57886 5 10807523 88193 2.6 76 30 3 18 52% 21539 245109 17894 12%
c - 1498.42 125 211 90 642 58127 5 10832843 89666 2.6 77 30 3 18 53% 21542 245109 17894 12%
c - 1501.43 123 210 90 643 58347 5 10858181 91435 2.5 76 30 3 18 52% 21545 245109 17894 12%
c s 1502.83 118 210 90 643 58455 5 10869436 102557 2.5 76 30 3 18 52% 21551 245081 17894 12%
c e 1502.84 119 210 90 643 58455 5 10869436 102557 2.5 76 30 3 18 52% 21549 245097 17893 12%
c e 1502.85 119 210 90 643 58455 5 10869436 102557 2.5 76 30 3 18 52% 21546 245116 17892 12%
c } 1504.55 125 209 91 643 58591 5 10881532 113740 2.5 77 30 3 18 52% 21546 245116 17892 12%
c [ 1504.55 125 130 91 643 58591 1 10881532 113740 2.5 177 71 3 43 59% 21546 245116 17892 12%
c W 1504.59 143 130 91 643 58591 1 10881532 113740 2.5 177 71 3 43 59% 21546 245116 17892 12%
c - 1504.97 155 131 91 644 58592 1 10883538 91282 2.5 177 71 3 43 59% 21546 245116 17892 12%
c - 1509.23 163 127 91 645 58605 1 10908915 82628 2.6 178 69 3 43 58% 21546 245116 17892 12%
c
c  seconds      switched      rate            size/glue   tier1     binary           remaining
c           MB    reductions     conflicts          size    tier2       irredundant
c             level     restarts         redundant      glue    trail           variables
c
c - 1513.29 161 123 91 646 58618 1 10934311 72211 2.6 172 65 3 43 56% 21546 245116 17892 12%
c - 1517.39 163 112 91 647 58621 1 10959727 68744 2.6 162 62 3 43 55% 21546 245116 17892 12%
c - 1521.98 174 102 91 648 58635 1 10985165 64668 2.6 156 60 4 43 53% 21546 245116 17892 12%
c - 1526.73 175 94 91 649 58645 1 11010621 65853 2.7 156 58 4 43 53% 21546 245116 17892 12%
c - 1531.71 173 87 91 650 58652 1 11036096 65228 2.8 155 56 4 43 52% 21546 245116 17892 12%
c - 1536.70 174 82 91 651 58653 1 11061593 67034 2.8 152 55 4 43 52% 21546 245116 17892 12%
c u 1541.03 181 79 91 651 58656 1 11081271 80205 2.8 153 54 4 43 52% 21565 245116 17892 12%
c v 1541.24 181 79 91 651 58656 1 11081271 77617 2.8 153 54 4 43 52% 21566 245116 17892 12%
c w 1545.68 200 79 91 651 58656 1 11081271 75604 2.8 153 54 4 43 52% 21566 245116 17892 12%
c t 1545.71 165 79 91 651 58656 1 11081271 75604 2.8 153 54 4 43 52% 21555 245116 17892 12%
c f 1545.72 165 79 91 651 58656 1 11081271 75604 2.8 153 54 4 43 52% 21555 245079 17894 12%
c u 1546.08 172 79 91 651 58656 1 11081271 75084 2.8 153 54 4 43 52% 21563 245079 17894 12%
c v 1546.21 172 79 91 651 58656 1 11081271 73803 2.8 153 54 4 43 52% 21563 245079 17894 12%
c w 1548.84 188 79 91 651 58656 1 11081271 73685 2.8 153 54 4 43 52% 21563 245079 17894 12%
c x 1549.58 190 79 91 651 58656 1 11081271 73544 2.8 153 54 4 43 52% 21590 244824 17893 12%
c t 1549.61 190 79 91 651 58656 1 11081271 73544 2.8 153 54 4 43 52% 21584 244813 17893 12%
c i 1549.64 190 79 91 651 58656 1 11081271 73544 2.8 153 54 4 43 52% 21584 244813 17893 12%
c - 1550.67 190 80 91 652 58660 1 11087109 58011 2.8 151 55 4 43 52% 21583 244813 17893 12%
c - 1555.54 190 81 91 653 58670 1 11112645 57438 2.7 152 57 4 43 52% 21583 244813 17893 12%
c - 1560.08 191 81 91 654 58683 1 11138199 57221 2.7 151 57 4 43 52% 21583 244813 17893 12%
c
c  seconds     switched      rate            size/glue   tier1     binary           remaining
c           MB   reductions     conflicts          size    tier2       irredundant
c            level     restarts         redundant      glue    trail           variables
c
c ] 1564.32 190 81 92 654 58686 1 11162239 79871 2.7 155 57 4 43 52% 21583 244813 17893 12%
c { 1564.32 190 209 92 654 58686 5 11162239 79871 2.5 77 30 3 18 52% 21583 244813 17893 12%
c o 1564.35 190 209 92 654 58688 5 11162345 79972 2.5 77 30 3 18 52% 21583 244813 17893 12%
c - 1564.58 190 209 92 655 58705 5 11163772 59335 2.5 77 30 3 18 52% 21583 244813 17893 12%
c - 1567.70 152 210 92 656 58928 5 11189366 69006 2.5 76 30 3 18 52% 21585 244813 17893 12%
c - 1570.85 176 211 92 657 59162 5 11214978 80645 2.5 75 30 3 19 52% 21587 244813 17893 12%
c - 1574.22 199 211 92 658 59409 5 11240610 85116 2.5 75 30 3 19 51% 21591 244813 17893 12%
c - 1577.71 243 210 92 659 59673 5 11266261 87900 2.5 75 30 3 19 51% 21593 244813 17893 12%
c - 1581.46 286 209 92 660 59941 5 11291932 89885 2.5 76 31 3 19 51% 21594 244813 17893 12%
c - 1584.89 330 209 92 661 60176 5 11317623 91589 2.5 76 31 3 19 51% 21596 244813 17893 12%
c - 1588.44 316 208 92 662 60414 5 11343333 93482 2.5 76 30 3 19 51% 21596 244813 17893 12%
c - 1592.16 361 208 92 663 60689 5 11369064 94709 2.5 77 31 3 19 51% 21601 244813 17893 12%
c - 1595.69 405 208 92 664 60922 5 11394812 95819 2.5 77 31 3 19 50% 21604 244813 17893 12%
c - 1599.04 362 207 92 665 61131 5 11420580 97476 2.5 77 30 3 19 50% 21605 244813 17893 12%
c u 1600.98 384 208 92 665 61241 5 11430060 99555 2.5 77 31 3 19 50% 21629 244813 17893 12%
c v 1602.08 403 208 92 665 61241 5 11430060 83424 2.5 77 31 3 19 50% 21629 244813 17893 12%
c w 1604.01 407 208 92 665 61241 5 11430060 83122 2.5 77 31 3 19 50% 21629 244813 17893 12%
c = 1609.48 277 208 92 665 61241 5 11430060 83122 2.5 77 31 3 19 50% 21629 244799 17891 12%
c t 1609.50 277 208 92 665 61241 5 11430060 83122 2.5 77 31 3 19 50% 21618 244798 17891 12%
c u 1609.89 277 208 92 665 61241 5 11430060 82584 2.5 77 31 3 19 50% 21625 244798 17891 12%
c
c  seconds      switched      rate            size/glue  tier1     binary           remaining
c           MB    reductions     conflicts          size   tier2       irredundant
c             level     restarts         redundant     glue    trail           variables
c
c v 1610.56 293 208 92 665 61241 5 11430060 77586 2.5 77 31 3 19 50% 21625 244798 17891 12%
c w 1613.13 299 208 92 665 61241 5 11430060 76283 2.5 77 31 3 19 50% 21625 244798 17891 12%
c t 1613.15 299 208 92 665 61241 5 11430060 76283 2.5 77 31 3 19 50% 21623 244798 17891 12%
c - 1614.76 319 202 92 666 61351 5 11446367 75358 2.5 76 30 3 19 49% 21615 244798 17891 12%
c - 1617.84 341 203 92 667 61565 5 11472174 83648 2.5 76 30 3 19 50% 21616 244798 17891 12%
c - 1621.49 251 205 92 668 61854 5 11498000 87910 2.5 76 30 3 19 49% 21620 244798 17891 12%
c - 1625.01 295 205 92 669 62108 5 11523845 89488 2.5 76 31 3 19 49% 21621 244798 17891 12%
c - 1628.82 317 207 92 670 62397 5 11549711 91149 2.5 77 31 3 19 49% 21622 244798 17891 12%
c - 1632.58 207 208 92 671 62682 5 11575596 92281 2.5 78 32 3 19 49% 21624 244798 17891 12%
c } 1633.56 205 210 93 671 62745 5 11584243 100835 2.5 78 31 3 19 49% 21625 244798 17891 12%
c [ 1633.56 205 81 93 671 62745 1 11584243 100835 2.7 155 57 4 43 52% 21625 244798 17891 12%
c I 1633.56 205 81 93 671 62745 1 11584243 100835 2.7 155 57 4 43 52% 21625 244798 17891 12%
c - 1636.30 207 92 93 672 62755 1 11601501 87631 2.7 158 59 4 43 54% 21625 244798 17891 12%
c - 1640.85 185 100 93 673 62766 1 11627425 75308 2.6 162 63 4 43 54% 21625 244798 17891 12%
c o 1641.81 108 102 93 673 62770 1 11633474 81246 2.6 162 63 4 43 54% 21625 244798 17891 12%
c - 1644.83 107 113 93 674 62775 1 11653368 67921 2.5 168 67 4 43 56% 21625 244798 17891 12%
c - 1649.17 100 116 93 675 62783 1 11679330 63887 2.5 180 71 4 43 59% 21625 244798 17891 12%
c - 1653.75 123 117 93 676 62796 1 11705310 64219 2.6 177 69 4 43 58% 21625 244798 17891 12%
c - 1656.88 121 129 93 677 62805 1 11731310 69668 2.5 168 67 4 43 56% 21625 244798 17891 12%
c - 1660.60 123 136 93 678 62807 1 11757332 69518 2.3 163 71 4 43 54% 21625 244798 17891 12%
c
c  seconds      switched      rate            size/glue   tier1     binary           remaining
c           MB    reductions     conflicts          size    tier2       irredundant
c             level     restarts         redundant      glue    trail           variables
c
c - 1664.22 117 139 93 679 62810 1 11783372 66541 2.2 160 74 4 43 53% 21625 244798 17891 12%
c u 1664.88 121 139 93 679 62810 1 11784785 62048 2.2 160 75 4 43 53% 21639 244798 17891 12%
c v 1665.12 122 139 93 679 62810 1 11784785 57948 2.2 160 75 4 43 53% 21639 244798 17891 12%
c w 1666.37 124 139 93 679 62810 1 11784785 57161 2.2 160 75 4 43 53% 21639 244798 17891 12%
c t 1666.39 124 139 93 679 62810 1 11784785 57161 2.2 160 75 4 43 53% 21635 244798 17891 12%
c s 1668.97 118 137 93 679 62821 1 11803659 75377 2.1 156 73 4 43 53% 21646 244723 17891 12%
c e 1669.02 119 137 93 679 62821 1 11803659 75377 2.1 156 73 4 43 53% 21616 245003 17872 12%
c s 1669.03 119 137 93 679 62821 1 11803659 75377 2.1 156 73 4 43 53% 21617 244885 17872 12%
c - 1669.77 125 136 93 680 62822 1 11809429 58451 2.1 153 72 4 43 53% 21617 244885 17872 12%
c - 1673.05 127 129 93 681 62836 1 11835505 63798 2.1 148 69 4 43 54% 21617 244885 17872 12%
c - 1676.90 129 122 93 682 62838 1 11861600 63784 2.2 145 67 4 43 55% 21617 244885 17872 12%
c - 1681.31 131 113 93 683 62852 1 11887717 62618 2.2 143 65 4 43 55% 21617 244885 17872 12%
c - 1684.97 135 110 93 684 62865 1 11913851 64415 2.2 141 64 4 43 56% 21618 244885 17872 12%
c B 1686.78 136 109 93 684 62868 1 11927615 77704 2.2 141 64 4 43 55% 21618 244885 17872 12%
c - 1688.81 137 108 93 685 62869 1 11940004 66233 2.2 141 63 4 43 55% 21618 244885 17872 12%
c ] 1690.40 139 105 94 685 62870 1 11949611 75447 2.3 142 62 4 43 56% 21618 244885 17872 12%
c { 1690.40 139 210 94 685 62870 5 11949611 75447 2.5 78 31 3 19 49% 21618 244885 17872 12%
c - 1692.20 152 212 94 686 62976 5 11966177 72417 2.5 76 31 3 19 50% 21618 244885 17872 12%
c - 1695.35 161 213 94 687 63188 5 11992368 83556 2.5 75 30 3 19 50% 21620 244885 17872 12%
c - 1698.74 174 215 94 688 63427 5 12018580 89523 2.5 74 30 3 19 50% 21622 244885 17872 12%
c
c  seconds      switched      rate            size/glue  tier1     binary           remaining
c           MB    reductions     conflicts          size   tier2       irredundant
c             level     restarts         redundant     glue    trail           variables
c
c - 1702.04 186 216 94 689 63665 5 12044810 93025 2.5 73 30 3 19 50% 21625 244885 17872 12%
c - 1705.23 201 218 94 690 63891 5 12071058 95588 2.4 71 29 3 19 49% 21629 244885 17872 12%
c - 1708.63 171 218 94 691 64135 5 12097326 97558 2.4 71 29 3 19 50% 21631 244885 17872 12%
c o 1710.61 179 218 94 691 64285 5 12114058 113985 2.4 71 29 3 19 50% 21632 244885 17872 12%
c - 1711.95 182 219 94 692 64388 5 12123614 99084 2.4 71 29 3 19 50% 21634 244885 17872 12%
c u 1715.48 196 218 94 692 64612 5 12145423 113971 2.4 72 30 3 19 50% 21654 244885 17872 12%
c v 1716.82 198 218 94 692 64612 5 12145423 96389 2.4 72 30 3 19 50% 21655 244885 17872 12%
c w 1718.45 208 218 94 692 64612 5 12145423 96255 2.4 72 30 3 19 50% 21655 244885 17872 12%
c t 1723.86 161 218 94 692 64612 5 12145423 96255 2.4 72 30 3 19 50% 21642 244885 17872 12%
c f 1723.88 161 218 94 692 64612 5 12145423 96255 2.4 72 30 3 19 50% 21644 244848 17874 12%
c u 1724.30 161 218 94 692 64612 5 12145423 95714 2.4 72 30 3 19 50% 21646 244848 17874 12%
c v 1725.12 161 218 94 692 64612 5 12145423 89269 2.4 72 30 3 19 50% 21646 244848 17874 12%
c w 1727.44 163 218 94 692 64612 5 12145423 88793 2.4 72 30 3 19 50% 21646 244848 17874 12%
c t 1727.47 163 218 94 692 64612 5 12145423 88793 2.4 72 30 3 19 50% 21645 244848 17874 12%
c - 1728.14 166 218 94 693 64663 5 12149920 74897 2.4 72 30 3 19 50% 21645 244848 17874 12%
c - 1731.18 176 218 94 694 64888 5 12176244 82929 2.4 72 30 3 19 50% 21647 244848 17874 12%
c - 1734.66 192 218 94 695 65149 5 12202588 90206 2.4 72 30 3 19 50% 21648 244848 17874 12%
c - 1738.02 208 219 94 696 65395 5 12228950 93404 2.4 72 30 3 19 50% 21650 244848 17874 12%
c - 1741.32 223 217 94 697 65635 5 12255331 95756 2.4 71 30 3 19 50% 21650 244848 17874 12%
c - 1745.06 206 219 94 698 65931 5 12281731 96933 2.4 72 30 3 19 50% 21653 244848 17874 12%
c
c  seconds      switched      rate            size/glue  tier1     binary           remaining
c           MB    reductions     conflicts          size   tier2       irredundant
c             level     restarts         redundant     glue    trail           variables
c
c - 1748.41 222 220 94 699 66165 5 12308150 98477 2.4 72 30 3 19 50% 21654 244848 17874 12%
c - 1752.01 238 219 94 700 66423 5 12334588 99839 2.4 73 30 3 19 50% 21654 244848 17874 12%
c - 1755.67 182 218 94 701 66687 5 12361046 100057 2.4 74 30 3 19 50% 21654 244848 17874 12%
c - 1758.99 198 216 94 702 66917 5 12387522 100340 2.4 73 30 3 19 50% 21656 244848 17874 12%
c } 1759.09 199 216 95 702 66925 5 12388596 101407 2.4 73 30 3 19 50% 21656 244848 17874 12%
c [ 1759.09 199 105 95 702 66925 1 12388596 101407 2.3 142 62 4 43 56% 21656 244848 17874 12%
c W 1759.30 217 105 95 702 66925 1 12388596 101407 2.3 142 62 4 43 56% 21656 244848 17874 12%
c - 1763.66 226 104 95 703 66939 1 12414018 91314 2.4 148 62 4 43 56% 21656 244848 17874 12%
c - 1767.97 173 105 95 704 66952 1 12440533 77541 2.4 150 62 4 43 56% 21656 244848 17874 12%
c - 1772.11 188 107 95 705 66955 1 12467066 73779 2.4 148 62 4 43 55% 21656 244848 17874 12%
c - 1777.03 191 104 95 706 66969 1 12493617 70604 2.3 147 63 4 43 54% 21656 244848 17874 12%
c u 1780.71 136 105 95 706 66977 1 12512030 80454 2.3 146 62 4 43 54% 21675 244848 17874 12%
c v 1781.00 136 105 95 706 66977 1 12512030 77201 2.3 146 62 4 43 54% 21675 244848 17874 12%
c w 1784.47 151 105 95 706 66977 1 12512030 75512 2.3 146 62 4 43 54% 21675 244848 17874 12%
c t 1784.49 151 105 95 706 66977 1 12512030 75512 2.3 146 62 4 43 54% 21664 244848 17874 12%
c - 1785.92 151 107 95 707 66981 1 12520187 60924 2.4 147 62 4 43 54% 21664 244848 17874 12%
c - 1790.32 151 108 95 708 66986 1 12546777 64047 2.4 150 62 4 43 55% 21664 244848 17874 12%
c - 1794.65 151 108 95 709 66987 1 12573385 63819 2.4 148 63 4 43 54% 21664 244848 17874 12%
c - 1798.89 151 107 95 710 66997 1 12600012 63890 2.4 147 62 4 43 51% 21664 244848 17874 12%
c o 1801.60 152 110 95 710 67005 1 12620261 83493 2.3 148 64 4 43 50% 21664 244848 17874 12%
c
c  seconds      switched      rate            size/glue   tier1     binary           remaining
c           MB    reductions     conflicts          size    tier2       irredundant
c             level     restarts         redundant      glue    trail           variables
c
c - 1802.55 154 120 95 711 67009 1 12626659 64442 2.3 151 67 4 43 50% 21664 244848 17874 12%
c - 1806.91 193 133 95 712 67018 1 12653323 62149 2.1 163 76 4 43 54% 21664 244848 17874 12%
c - 1811.48 228 140 95 713 67026 1 12680011 58487 2.1 171 82 4 43 57% 21664 244848 17874 12%
c - 1816.46 233 131 95 714 67039 1 12706713 61770 2.2 169 76 4 43 57% 21664 244848 17874 12%
c ] 1818.77 234 125 96 714 67047 1 12721470 76037 2.3 170 74 4 43 58% 21664 244848 17874 12%
c { 1818.77 234 216 96 714 67047 5 12721470 76037 2.4 73 30 3 19 50% 21664 244848 17874 12%
c - 1820.26 236 214 96 715 67128 5 12733434 69665 2.5 74 30 3 19 50% 21666 244848 17874 12%
c - 1823.50 178 211 96 716 67337 5 12760174 82016 2.5 73 29 3 19 52% 21666 244848 17874 12%
c s 1826.12 186 211 96 716 67498 5 12783927 105471 2.5 71 29 3 19 51% 21677 244831 17874 12%
c e 1826.14 186 211 96 716 67498 5 12783927 105471 2.5 71 29 3 19 51% 21670 244883 17871 12%
c s 1826.14 186 211 96 716 67498 5 12783927 105471 2.5 71 29 3 19 51% 21670 244845 17871 12%
c - 1826.62 205 211 96 717 67525 5 12786932 91666 2.5 72 29 3 19 51% 21670 244845 17871 12%
c - 1830.31 231 210 96 718 67771 5 12813708 95653 2.5 72 29 3 19 51% 21672 244845 17871 12%
c - 1834.05 222 210 96 719 68022 5 12840504 97821 2.5 72 29 3 19 51% 21674 244845 17871 12%
c - 1837.68 233 208 96 720 68260 5 12867318 99772 2.5 71 29 3 19 50% 21676 244845 17871 12%
c u 1840.15 239 203 96 720 68381 4 12884603 110950 2.5 71 28 3 19 50% 21686 244845 17871 12%
c v 1841.48 260 203 96 720 68381 4 12884603 93796 2.5 71 28 3 19 50% 21686 244845 17871 12%
c w 1843.67 265 203 96 720 68381 4 12884603 93362 2.5 71 28 3 19 50% 21686 244845 17871 12%
c t 1843.70 265 203 96 720 68381 4 12884603 93362 2.5 71 28 3 19 50% 21678 244845 17871 12%
c - 1845.16 210 203 96 721 68484 5 12894156 83827 2.5 71 28 3 19 50% 21679 244845 17871 12%
c
c  seconds      switched      rate            size/glue  tier1     binary           remaining
c           MB    reductions     conflicts          size   tier2       irredundant
c             level     restarts         redundant     glue    trail           variables
c
c - 1848.11 241 197 96 722 68687 4 12921008 90999 2.5 69 28 3 19 47% 21679 244845 17871 12%
c - 1851.91 250 198 96 723 68968 5 12947882 95600 2.4 70 29 3 19 48% 21679 244845 17871 12%
c - 1855.56 181 197 96 724 69213 5 12974771 97222 2.5 70 29 3 19 48% 21680 244845 17871 12%
c - 1859.04 183 199 96 725 69447 5 13001678 99649 2.5 71 28 3 19 49% 21682 244845 17871 12%
c - 1862.73 183 199 96 726 69696 5 13028606 101184 2.5 71 29 3 19 49% 21683 244845 17871 12%
c - 1867.16 124 201 96 727 69996 5 13055550 101671 2.5 72 29 3 19 50% 21683 244845 17871 12%
c - 1871.30 125 201 96 728 70298 5 13082513 102131 2.5 74 29 3 19 50% 21683 244845 17871 12%
c - 1875.06 126 203 96 729 70572 5 13109495 103083 2.5 73 29 3 19 49% 21683 244845 17871 12%
c o 1876.31 126 201 96 729 70656 5 13120311 113601 2.5 73 29 3 19 49% 21683 244845 17871 12%
c - 1878.74 127 203 96 730 70818 5 13136495 104559 2.5 73 29 3 19 49% 21686 244845 17871 12%
c - 1882.47 127 202 96 731 71085 5 13163515 105206 2.5 73 29 3 19 49% 21688 244845 17871 12%
c } 1884.27 126 201 97 731 71213 5 13177733 119250 2.5 73 29 3 19 49% 21688 244845 17871 12%
c [ 1884.27 126 125 97 731 71213 1 13177733 119250 2.3 170 74 4 43 58% 21688 244845 17871 12%
c O 1884.27 126 125 97 731 71213 1 13177733 119250 2.3 170 74 4 43 58% 21688 244845 17871 12%
c - 1886.39 128 120 97 732 71220 1 13190554 100577 2.4 170 71 4 43 59% 21688 244845 17871 12%
c - 1891.12 129 113 97 733 71233 1 13217610 87761 2.5 171 68 4 43 59% 21688 244845 17871 12%
c - 1893.83 132 118 97 734 71243 1 13244683 81760 2.5 162 64 4 43 56% 21689 244845 17871 12%
c u 1896.01 128 124 97 734 71246 1 13263139 90962 2.5 158 63 4 43 53% 21700 244845 17871 12%
c v 1896.54 129 124 97 734 71246 1 13263139 83762 2.5 158 63 4 43 53% 21700 244845 17871 12%
c w 1898.14 144 124 97 734 71246 1 13263139 83446 2.5 158 63 4 43 53% 21700 244845 17871 12%
c
c  seconds      switched      rate            size/glue   tier1     binary           remaining
c           MB    reductions     conflicts          size    tier2       irredundant
c             level     restarts         redundant      glue    trail           variables
c
c x 1898.94 166 124 97 734 71246 1 13263139 83416 2.5 158 63 4 43 53% 21815 244544 17870 12%
c t 1904.41 166 124 97 734 71246 1 13263139 83416 2.5 158 63 4 43 53% 21806 244539 17870 12%
c u 1904.90 167 124 97 734 71246 1 13263139 82611 2.5 158 63 4 43 53% 21818 244539 17870 12%
c v 1905.21 167 124 97 734 71246 1 13263139 80156 2.5 158 63 4 43 53% 21818 244539 17870 12%
c w 1908.27 177 124 97 734 71246 1 13263139 78811 2.5 158 63 4 43 53% 21818 244539 17870 12%
c t 1908.29 177 124 97 734 71246 1 13263139 78811 2.5 158 63 4 43 53% 21817 244539 17870 12%
c i 1908.31 177 124 97 734 71246 1 13263139 78811 2.5 158 63 4 43 53% 21817 244539 17870 12%
c - 1909.17 177 126 97 735 71250 1 13271775 64753 2.5 156 63 4 43 52% 21814 244539 17870 12%
c - 1911.62 186 127 97 736 71264 1 13298886 67783 2.5 153 61 4 43 49% 21815 244539 17870 12%
c - 1914.53 147 118 97 737 71274 1 13326015 71133 2.6 152 58 4 43 48% 21816 244539 17870 12%
c - 1917.71 183 106 97 738 71275 1 13353163 72590 2.8 153 54 4 43 47% 21816 244539 17870 12%
c - 1921.44 186 96 97 739 71280 1 13380331 72020 3.0 156 52 4 43 46% 21816 244539 17870 12%
c - 1923.68 185 115 97 740 71291 1 13407515 74318 2.8 151 54 4 43 44% 21818 244539 17870 12%
c - 1927.22 186 116 97 741 71305 1 13434717 73103 2.8 154 55 4 43 46% 21819 244539 17870 12%
c - 1932.74 186 107 97 742 71311 1 13461938 67238 2.9 163 56 4 43 47% 21819 244539 17870 12%
c - 1938.16 199 106 97 743 71321 1 13489177 60833 2.7 165 61 4 43 47% 21819 244539 17870 12%
c - 1942.76 198 106 97 744 71336 1 13516436 61265 2.7 165 61 4 43 48% 21819 244539 17870 12%
c - 1948.24 159 103 97 745 71338 1 13543714 61895 2.7 173 63 4 43 49% 21819 244539 17870 12%
c B 1949.57 166 102 97 745 71338 1 13550803 68705 2.7 174 64 4 43 49% 21819 244539 17870 12%
c - 1952.16 179 131 97 746 71338 1 13571009 61609 2.4 172 71 4 43 49% 21819 244539 17870 12%
c
c  seconds      switched      rate            size/glue   tier1     binary           remaining
c           MB    reductions     conflicts          size    tier2       irredundant
c             level     restarts         redundant      glue    trail           variables
c
c ] 1957.49 183 134 98 746 71339 1 13596535 86591 2.4 174 72 4 43 49% 21819 244539 17870 12%
c { 1957.49 183 201 98 746 71339 5 13596535 86591 2.5 73 29 3 19 49% 21819 244539 17870 12%
c - 1957.62 184 198 98 747 71340 5 13598322 65508 2.5 73 29 3 19 49% 21819 244539 17870 12%
c - 1959.04 184 163 98 748 71341 4 13625653 80267 2.8 75 26 3 19 45% 21822 244539 17870 12%
c o 1959.18 184 159 98 748 71342 4 13631450 85989 2.8 73 26 3 19 43% 21822 244539 17870 12%
c u 1960.68 186 148 98 748 71343 3 13647649 97723 2.8 69 24 3 19 43% 21848 244539 17870 12%
c v 1961.95 190 148 98 748 71343 3 13647649 88163 2.8 69 24 3 19 43% 21848 244539 17870 12%
c w 1963.92 195 148 98 748 71343 3 13647649 87343 2.8 69 24 3 19 43% 21848 244539 17870 12%
c t 1963.95 195 148 98 748 71343 3 13647649 87343 2.8 69 24 3 19 43% 21838 244539 17870 12%
c - 1964.21 195 148 98 749 71347 3 13653002 84233 2.8 67 24 3 19 42% 21839 244539 17870 12%
c - 1964.72 195 128 98 750 71349 3 13680370 91822 2.7 56 20 3 19 35% 21840 244539 17870 12%
c - 1965.55 195 115 98 751 71354 2 13707756 97981 2.7 50 19 3 19 32% 21844 244539 17870 12%
c - 1966.38 200 101 98 752 71370 2 13735161 105011 2.9 49 17 3 19 29% 21848 244539 17870 12%
c - 1967.41 204 88 98 753 71393 2 13762583 107784 3.2 51 16 3 19 29% 21851 244538 17870 12%
c - 1968.34 225 79 98 754 71418 2 13790024 106839 3.2 50 15 3 19 27% 21855 244538 17870 12%
c s 1968.97 174 69 98 754 71418 2 13810925 127729 3.6 53 15 3 19 26% 21860 244472 17870 12%
c e 1969.01 174 69 98 754 71418 2 13810925 127729 3.6 53 15 3 19 26% 21833 244640 17859 12%
c s 1969.02 174 69 98 754 71418 2 13810925 127729 3.6 53 15 3 19 26% 21833 244590 17859 12%
c - 1969.32 195 70 98 755 71427 2 13817483 106969 3.5 52 15 3 19 26% 21840 244590 17859 12%
c - 1970.25 218 70 98 756 71462 2 13844961 108756 3.5 48 14 3 19 25% 21851 244590 17859 12%
c
c  seconds     switched      rate             size/glue  tier1     binary           remaining
c           MB   reductions     conflicts           size   tier2       irredundant
c            level     restarts         redundant      glue    trail           variables
c
c - 1971.12 239 70 98 757 71505 2 13872456 106574 3.3 42 13 3 19 24% 21861 244590 17859 12%
c - 1971.85 242 68 98 758 71518 2 13899970 106847 3.1 37 12 3 19 21% 21865 244590 17859 12%
c - 1973.17 264 75 98 759 71690 2 13927503 110079 3.2 37 12 3 18 23% 21882 244589 17859 12%
c i 1974.10 283 77 98 759 71783 2 13953364 135597 3.2 36 11 3 18 23% 21890 244589 17858 12%
c i 1974.11 283 77 98 759 71783 2 13953371 135598 3.2 36 11 3 18 23% 21892 244589 17855 12%
c - 1974.24 285 76 98 760 71798 2 13955054 111269 3.2 36 11 3 18 23% 21873 244589 17855 12%
c - 1975.48 306 76 98 761 71935 2 13982623 113133 3.4 38 11 3 18 24% 21889 244588 17855 12%
c - 1976.87 314 73 98 762 72100 2 14010209 113469 3.6 40 11 3 18 25% 21899 244588 17855 12%
c i 1976.98 330 74 98 762 72112 2 14012869 116041 3.6 40 11 3 18 25% 21902 244588 17854 12%
c i 1976.99 331 74 98 762 72112 2 14012946 116100 3.6 40 11 3 18 25% 21906 244588 17853 12%
c - 1978.22 338 74 98 763 72250 2 14037813 113064 3.6 40 11 3 18 25% 21904 244588 17853 12%
c b 1978.25 338 74 98 763 72251 2 14038176 113427 3.6 40 11 3 18 25% 21914 244507 17852 12%
c u 1978.63 356 74 98 763 72251 2 14038176 105609 3.6 40 11 3 18 25% 21921 244507 17852 12%
c v 1979.13 364 74 98 763 72251 2 14038176 102160 3.6 40 11 3 18 25% 21921 244507 17852 12%
c w 1979.32 366 74 98 763 72251 2 14038176 102083 3.6 40 11 3 18 25% 21921 244507 17852 12%
c t 1979.34 312 74 98 763 72251 2 14038176 102083 3.6 40 11 3 18 25% 21899 244498 17852 12%
c f 1979.37 312 74 98 763 72251 2 14038176 102083 3.6 40 11 3 18 25% 21901 244478 17853 12%
c - 1980.43 329 75 98 764 72357 2 14065435 104085 3.5 38 11 3 18 24% 21905 244478 17853 12%
c } 1980.70 332 75 99 764 72393 2 14070369 108992 3.5 38 11 3 18 24% 21907 244478 17853 12%
c [ 1980.70 332 134 99 764 72393 1 14070369 108992 2.4 174 72 4 43 49% 21907 244478 17853 12%
c
c  seconds      switched      rate             size/glue   tier1     binary           remaining
c           MB    reductions     conflicts           size    tier2       irredundant
c             level     restarts         redundant       glue    trail           variables
c
c W 1980.75 348 134 99 764 72393 1 14070369 108992 2.4 174 72 4 43 49% 21907 244478 17853 12%
c - 1983.65 384 141 99 765 72406 1 14093078 96868 2.4 169 70 4 43 49% 21907 244478 17853 12%
c - 1988.06 388 144 99 766 72419 1 14120737 82474 2.3 168 71 4 43 50% 21907 244478 17853 12%
c - 1993.06 311 145 99 767 72423 1 14148415 73017 2.3 171 74 4 43 52% 21907 244478 17853 12%
c o 1994.95 312 141 99 767 72429 1 14158540 82879 2.3 172 73 4 43 53% 21907 244478 17853 12%
c - 1997.67 326 146 99 768 72437 1 14176109 69660 2.3 177 76 4 43 56% 21907 244478 17853 12%
c ] 2000.20 327 141 100 768 72444 1 14191388 84245 2.3 177 76 4 43 57% 21907 244478 17853 12%
c { 2000.20 327 75 100 768 72444 2 14191388 84245 3.5 38 11 3 18 24% 21907 244478 17853 12%
c - 2002.47 243 91 100 769 72675 3 14203821 75879 3.1 42 13 3 18 27% 21907 244478 17853 12%
c - 2007.26 252 121 100 770 73180 4 14231551 88595 2.7 48 18 3 18 32% 21910 244478 17853 12%
c - 2012.12 172 143 100 771 73632 4 14259299 99212 2.6 54 21 3 18 36% 21910 244478 17853 12%
c - 2017.22 206 159 100 772 74085 5 14287065 104498 2.5 58 24 3 18 39% 21913 244478 17853 12%
c - 2022.13 173 173 100 773 74472 5 14314850 107971 2.4 61 25 3 18 41% 21919 244478 17853 12%
c - 2026.79 193 184 100 774 74827 5 14342655 110840 2.4 64 27 3 18 43% 21920 244478 17853 12%
c - 2031.30 210 190 100 775 75156 5 14370475 112881 2.4 67 28 3 18 45% 21921 244478 17853 12%
c - 2035.73 180 195 100 776 75478 5 14398315 114890 2.4 69 29 3 18 46% 21922 244478 17853 12%
c - 2040.83 204 199 100 777 75841 5 14426172 115974 2.4 73 30 3 18 47% 21923 244478 17853 12%
c d 2042.42 228 200 100 777 75956 5 14434717 124454 2.4 74 30 3 18 48% 21921 244476 17852 12%
c u 2043.40 229 200 100 777 75956 5 14434717 108013 2.4 74 30 3 18 48% 21998 244476 17851 12%
c v 2044.63 234 200 100 777 75956 5 14434717 90485 2.4 74 30 3 18 48% 21999 244476 17851 12%
c
c  seconds      switched       rate            size/glue  tier1     binary           remaining
c           MB     reductions     conflicts          size   tier2       irredundant
c             level      restarts         redundant     glue    trail           variables
c
c w 2046.91 239 200 100 777 75956 5 14434717 90210 2.4 74 30 3 18 48% 21999 244476 17851 12%
c t 2046.94 191 200 100 777 75956 5 14434717 90195 2.4 74 30 3 18 48% 21975 244457 17850 12%
c u 2047.50 191 200 100 777 75956 5 14434717 88623 2.4 74 30 3 18 48% 22001 244449 17850 12%
c v 2048.21 191 200 100 777 75956 5 14434717 82960 2.4 74 30 3 18 48% 22001 244449 17850 12%
c w 2051.50 194 200 100 777 75956 5 14434717 81333 2.4 74 30 3 18 48% 22001 244449 17850 12%
c = 2057.92 130 200 100 777 75956 5 14434717 81333 2.4 74 30 3 18 48% 22001 244448 17849 12%
c t 2057.95 130 200 100 777 75956 5 14434717 81333 2.4 74 30 3 18 48% 21990 244447 17849 12%
c i 2057.96 130 200 100 777 75956 5 14434717 81333 2.4 74 30 3 18 48% 21990 244447 17849 12%
c - 2061.09 141 202 100 778 76165 5 14454046 81637 2.4 75 31 3 18 48% 21964 244447 17849 12%
c - 2065.38 156 205 100 779 76453 5 14481940 90322 2.4 76 31 3 18 49% 21965 244447 17849 12%
c - 2069.54 147 207 100 780 76732 5 14509851 95730 2.4 76 31 3 18 49% 21968 244447 17849 12%
c - 2074.02 144 211 100 781 77014 5 14537779 98191 2.4 77 32 3 18 50% 21970 244447 17849 12%
c - 2078.51 157 212 100 782 77297 5 14565725 99744 2.4 78 32 3 18 50% 21970 244447 17849 12%
c - 2082.97 121 212 100 783 77570 5 14593690 101092 2.4 79 32 3 18 51% 21971 244447 17849 12%
c - 2087.18 124 213 100 784 77802 5 14621674 102670 2.5 80 32 3 18 51% 21971 244447 17849 12%
c - 2091.86 124 212 100 785 78075 5 14649674 103947 2.5 80 32 3 18 51% 21973 244447 17849 12%
c - 2095.88 122 211 100 786 78323 5 14677692 104624 2.5 80 32 3 18 51% 21974 244447 17849 12%
c } 2096.79 119 212 101 786 78388 5 14683087 109961 2.5 80 33 3 18 51% 21976 244447 17849 12%
c [ 2096.79 119 141 101 786 78388 1 14683087 109961 2.3 177 76 4 43 57% 21976 244447 17849 12%
c I 2096.79 119 141 101 786 78388 1 14683087 109961 2.3 177 76 4 43 57% 21976 244447 17849 12%
c
c  seconds      switched       rate             size/glue   tier1     binary           remaining
c           MB     reductions     conflicts           size    tier2       irredundant
c             level      restarts         redundant       glue    trail           variables
c
c o 2098.92 122 146 101 786 78395 1 14695400 122030 2.3 174 76 4 43 57% 21976 244447 17849 12%
c - 2100.71 129 153 101 787 78401 1 14705727 98349 2.3 172 75 4 43 57% 21976 244447 17849 12%
c - 2104.56 109 163 101 788 78414 2 14733780 87544 2.2 163 73 4 43 55% 21977 244447 17849 12%
c - 2106.80 124 176 101 789 78418 2 14761853 84328 2.1 151 71 4 43 52% 21978 244447 17849 12%
c - 2111.31 124 173 101 790 78433 2 14789942 81983 2.2 152 70 4 43 53% 21978 244447 17849 12%
c - 2116.31 109 157 101 791 78446 2 14818048 76173 2.2 154 69 4 43 54% 21978 244447 17849 12%
c u 2119.98 119 155 101 791 78449 2 14837305 86432 2.3 157 70 4 43 54% 21999 244447 17849 12%
c v 2120.33 119 155 101 791 78449 2 14837305 80289 2.3 157 70 4 43 54% 22000 244447 17849 12%
c w 2124.36 134 155 101 791 78449 2 14837305 79720 2.3 157 70 4 43 54% 22000 244447 17849 12%
c t 2124.39 134 155 101 791 78449 2 14837305 79720 2.3 157 70 4 43 54% 21993 244447 17849 12%
c - 2125.71 101 154 101 792 78449 1 14846172 62916 2.3 159 69 4 43 55% 21993 244447 17849 12%
c - 2130.55 104 151 101 793 78450 1 14874314 65149 2.3 163 70 4 43 56% 21993 244447 17849 12%
c s 2132.42 112 149 101 793 78455 1 14885271 75819 2.4 166 70 4 43 56% 22009 244359 17849 12%
c e 2132.44 104 149 101 793 78455 1 14885271 75819 2.4 166 70 4 43 56% 21965 244550 17836 12%
c s 2132.45 104 149 101 793 78455 1 14885271 75819 2.4 166 70 4 43 56% 21965 244466 17836 12%
c e 2132.47 104 149 101 793 78455 1 14885271 75819 2.4 166 70 4 43 56% 21964 244483 17835 12%
c - 2134.77 111 150 101 794 78464 1 14902475 67100 2.4 165 69 4 43 56% 21964 244483 17835 12%
c - 2138.54 130 151 101 795 78477 1 14930655 69327 2.4 164 68 4 43 56% 21964 244483 17835 12%
c - 2142.93 151 148 101 796 78481 1 14958851 65963 2.3 167 72 4 43 57% 21964 244483 17835 12%
c - 2147.26 182 143 101 797 78496 1 14987064 63540 2.3 168 72 4 43 57% 21964 244483 17835 12%
c
c  seconds      switched       rate            size/glue   tier1     binary           remaining
c           MB     reductions     conflicts          size    tier2       irredundant
c             level      restarts         redundant      glue    trail           variables
c
c - 2152.36 200 130 101 798 78509 1 15015298 64743 2.4 168 69 4 43 56% 21964 244483 17835 12%
c - 2157.64 218 123 101 799 78512 1 15043548 63668 2.5 169 68 4 43 56% 21964 244483 17835 12%
c - 2163.74 252 115 101 800 78513 1 15071814 62236 2.5 170 67 4 43 57% 21964 244483 17835 12%
c B 2166.84 259 111 101 800 78514 1 15086742 76229 2.6 170 66 4 43 57% 21964 244483 17835 12%
c - 2169.12 228 137 101 801 78514 1 15100098 62579 2.4 173 72 4 43 56% 21964 244483 17835 12%
c - 2173.57 245 177 101 802 78514 1 15128399 63086 2.1 176 82 4 43 54% 21964 244483 17835 12%
c ] 2177.64 275 188 102 802 78521 1 15152680 86803 2.0 177 88 4 43 52% 21964 244483 17835 12%
c { 2177.64 275 212 102 802 78521 5 15152680 86803 2.5 80 33 3 18 51% 21964 244483 17835 12%
c - 2177.73 276 209 102 803 78523 5 15156718 65034 2.4 78 32 3 18 49% 21965 244483 17835 12%
c - 2179.30 226 192 102 804 78529 4 15185055 80482 2.5 69 28 3 18 43% 21965 244483 17835 12%
c - 2181.57 228 169 102 805 78531 3 15213409 96807 2.4 62 25 3 18 38% 21965 244483 17835 12%
c o 2183.42 249 155 102 805 78547 3 15237122 119606 2.4 57 23 3 18 35% 21967 244483 17835 12%
c - 2183.52 249 153 102 806 78547 3 15241781 102710 2.4 55 23 3 18 34% 21967 244483 17835 12%
c u 2184.38 258 152 102 806 78549 3 15245938 99172 2.4 55 22 3 18 33% 21980 244483 17835 12%
c v 2186.65 262 152 102 806 78549 3 15245938 90411 2.4 55 22 3 18 33% 21980 244483 17835 12%
c w 2187.56 263 152 102 806 78549 3 15245938 89938 2.4 55 22 3 18 33% 21980 244483 17835 12%
c t 2187.58 263 152 102 806 78549 3 15245938 89938 2.4 55 22 3 18 33% 21973 244483 17835 12%
c f 2187.61 263 152 102 806 78549 3 15245938 89938 2.4 55 22 3 18 33% 21983 244399 17839 12%
c u 2188.06 263 152 102 806 78549 3 15245938 89033 2.4 55 22 3 18 33% 21985 244399 17839 12%
c v 2189.78 283 152 102 806 78549 3 15245938 83107 2.4 55 22 3 18 33% 21985 244399 17839 12%
c
c  seconds      switched       rate            size/glue  tier1     binary           remaining
c           MB     reductions     conflicts          size   tier2       irredundant
c             level      restarts         redundant     glue    trail           variables
c
c w 2191.37 286 152 102 806 78549 3 15245938 82846 2.4 55 22 3 18 33% 21985 244399 17839 12%
c t 2191.40 212 152 102 806 78549 3 15245938 82846 2.4 55 22 3 18 33% 21984 244399 17839 12%
c - 2192.98 215 152 102 807 78576 3 15270171 88955 2.4 50 21 3 18 32% 21989 244399 17839 12%
c - 2194.61 218 153 102 808 78613 3 15298578 97355 2.3 44 19 3 18 30% 21992 244399 17839 12%
c - 2196.07 239 146 102 809 78671 3 15327003 101713 2.3 39 17 3 18 28% 21995 244399 17839 12%
c i 2197.27 241 139 102 809 78721 3 15351093 124206 2.2 36 16 3 18 26% 22004 244399 17838 12%
c - 2197.42 241 138 102 810 78728 3 15355447 104250 2.2 35 16 3 18 26% 21999 244399 17838 12%
c - 2199.42 263 145 102 811 78860 3 15383907 107728 2.2 33 15 3 18 26% 22002 244399 17838 12%
c - 2200.16 284 119 102 812 78889 3 15412386 108461 2.1 29 14 3 18 22% 22003 244399 17838 12%
c - 2201.67 244 116 102 813 79017 3 15440881 109508 2.0 27 13 3 18 21% 22004 244399 17838 12%
c - 2203.50 246 121 102 814 79210 3 15469396 112959 2.0 26 13 3 18 21% 22009 244399 17838 12%
c - 2205.41 268 124 102 815 79384 4 15497926 116632 1.9 25 13 3 18 21% 22012 244399 17838 12%
c - 2207.08 270 123 102 816 79542 4 15526476 118800 1.9 23 12 3 18 21% 22017 244399 17838 12%
c - 2209.05 293 126 102 817 79764 4 15555041 120963 1.9 23 12 3 18 21% 22027 244399 17838 12%
c - 2210.94 316 123 102 818 79983 4 15583626 123086 1.9 22 12 3 18 20% 22031 244399 17838 12%
c - 2213.10 238 123 102 819 80187 4 15612226 125643 1.8 21 12 3 18 20% 22038 244399 17838 12%
c - 2215.43 262 128 102 820 80468 5 15640845 129409 1.8 21 12 3 18 21% 22045 244399 17838 12%
c u 2217.02 285 123 102 820 80595 4 15660628 139340 1.8 21 11 3 18 20% 22053 244394 17838 12%
c v 2217.56 287 123 102 820 80595 4 15660628 138329 1.8 21 11 3 18 20% 22053 244394 17838 12%
c w 2217.81 287 123 102 820 80595 4 15660628 138261 1.8 21 11 3 18 20% 22053 244394 17838 12%
c
c  seconds      switched       rate             size/glue  tier1     binary           remaining
c           MB     reductions     conflicts           size   tier2       irredundant
c             level      restarts         redundant      glue    trail           variables
c
c x 2218.28 293 123 102 820 80595 4 15660628 138241 1.8 21 11 3 18 20% 22056 244353 17838 12%
c t 2218.30 293 123 102 820 80595 4 15660628 138241 1.8 21 11 3 18 20% 22037 244353 17838 12%
c } 2218.43 311 123 103 820 80604 4 15662532 139999 1.8 21 11 3 18 20% 22037 244353 17838 12%
c [ 2218.43 311 188 103 820 80604 1 15662532 139999 2.0 177 88 4 43 52% 22037 244353 17838 12%
c W 2218.64 315 188 103 820 80604 1 15662532 139999 2.0 177 88 4 43 52% 22037 244353 17838 12%
c - 2219.82 318 185 103 821 80609 1 15669480 119989 2.0 174 86 4 43 52% 22037 244353 17838 12%
c - 2224.47 230 172 103 822 80621 1 15698133 109506 2.1 169 80 4 43 53% 22037 244353 17838 12%
c - 2229.03 252 176 103 823 80633 1 15726805 97328 2.1 172 81 4 43 53% 22037 244353 17838 12%
c - 2235.02 163 167 103 824 80641 1 15755495 92880 2.2 175 79 4 43 54% 22037 244353 17838 12%
c - 2240.80 181 164 103 825 80655 1 15784201 92085 2.3 177 78 4 43 54% 22037 244353 17838 12%
c - 2246.23 185 157 103 826 80665 1 15812926 92699 2.3 181 78 4 43 57% 22037 244353 17838 12%
c - 2252.35 155 142 103 827 80666 1 15841667 89569 2.5 186 75 4 43 59% 22037 244353 17838 12%
c - 2258.73 104 131 103 828 80673 1 15870425 86923 2.5 189 74 4 43 60% 22037 244353 17838 12%
c ] 2260.89 111 127 104 828 80680 1 15880087 96130 2.6 190 74 4 43 60% 22037 244353 17838 12%
c { 2260.89 111 123 104 828 80680 4 15880087 96130 1.8 21 11 3 18 20% 22037 244353 17838 12%
c o 2260.91 111 123 104 828 80682 4 15880196 96238 1.8 21 12 3 18 20% 22037 244353 17838 12%
c - 2264.50 123 138 104 829 81031 5 15899200 97147 2.0 29 15 3 18 25% 22038 244353 17838 12%
c - 2270.02 121 157 104 830 81530 5 15927992 112780 2.1 40 19 3 18 31% 22042 244353 17838 12%
c - 2276.14 122 171 104 831 82022 6 15956802 119937 2.1 49 23 3 18 36% 22042 244353 17838 12%
c - 2281.74 119 181 104 832 82444 6 15985629 124482 2.2 56 25 3 18 39% 22043 244353 17838 12%
c
c  seconds      switched       rate             size/glue  tier1     binary           remaining
c           MB     reductions     conflicts           size   tier2       irredundant
c             level      restarts         redundant      glue    trail           variables
c
c s 2286.01 123 187 104 832 82737 6 16007613 146220 2.3 60 27 3 18 42% 22048 244309 17838 12%
c e 2286.04 108 187 104 832 82737 6 16007613 146220 2.3 60 27 3 18 42% 22043 244344 17836 12%
c s 2286.05 108 187 104 832 82737 6 16007613 146220 2.3 60 27 3 18 42% 22043 244313 17836 12%
c - 2287.31 137 188 104 833 82810 6 16014473 128388 2.3 61 27 3 18 43% 22044 244313 17836 12%
c - 2292.51 172 192 104 834 83146 6 16043334 130970 2.3 66 28 3 18 45% 22044 244313 17836 12%
c - 2297.69 188 197 104 835 83480 5 16072213 132520 2.4 70 29 3 18 47% 22045 244313 17836 12%
c u 2300.63 189 199 104 835 83600 5 16081385 118076 2.4 71 30 3 18 48% 22100 244313 17836 12%
c v 2302.01 192 199 104 835 83600 5 16081385 100582 2.4 71 30 3 18 48% 22090 244313 17836 12%
c w 2304.81 197 199 104 835 83600 5 16081385 100299 2.4 71 30 3 18 48% 22090 244313 17836 12%
c t 2304.84 161 199 104 835 83600 5 16081385 100299 2.4 71 30 3 18 48% 22075 244313 17836 12%
c - 2308.03 155 203 104 836 83807 5 16101109 98698 2.4 72 30 3 18 48% 22078 244313 17836 12%
c - 2312.90 158 206 104 837 84137 5 16130024 104783 2.4 75 31 3 18 50% 22078 244313 17836 12%
c - 2317.63 157 208 104 838 84446 5 16158955 108640 2.4 77 32 3 18 50% 22079 244313 17836 12%
c - 2322.00 157 210 104 839 84705 5 16187903 111158 2.4 77 32 3 18 50% 22079 244313 17836 12%
c - 2327.37 126 214 104 840 85028 5 16216868 112402 2.4 79 33 3 18 51% 22080 244313 17836 12%
c - 2332.08 126 214 104 841 85285 5 16245850 113306 2.5 80 32 3 18 51% 22083 244313 17836 12%
c - 2336.56 125 213 104 842 85532 5 16274850 114502 2.5 81 32 3 18 51% 22085 244313 17836 12%
c - 2341.47 125 214 104 843 85817 5 16303868 115201 2.5 82 33 3 18 52% 22086 244313 17836 12%
c - 2346.14 125 216 104 844 86078 5 16332902 115354 2.5 83 33 3 18 52% 22087 244313 17836 12%
c - 2351.01 125 216 104 845 86380 5 16361954 115595 2.5 82 33 3 18 51% 22089 244313 17836 12%
c
c  seconds      switched       rate             size/glue  tier1     binary           remaining
c           MB     reductions     conflicts           size   tier2       irredundant
c             level      restarts         redundant      glue    trail           variables
c
c - 2355.75 125 217 104 846 86652 5 16391022 115716 2.5 84 33 3 18 52% 22091 244313 17836 12%
c } 2358.73 125 217 105 846 86824 5 16408383 132968 2.5 85 33 3 18 52% 22092 244313 17836 12%
c [ 2358.74 125 127 105 846 86824 1 16408383 132968 2.6 190 74 4 43 60% 22092 244313 17836 12%
c O 2358.74 125 127 105 846 86824 1 16408383 132968 2.6 190 74 4 43 60% 22092 244313 17836 12%
c - 2361.09 130 120 105 847 86830 1 16420108 112957 2.7 186 70 4 43 60% 22092 244313 17836 12%
c - 2366.98 131 109 105 848 86844 1 16449211 101195 2.8 183 66 4 43 61% 22092 244313 17836 12%
c o 2368.33 132 109 105 848 86848 1 16455547 107377 2.8 182 65 4 43 61% 22092 244313 17836 12%
c - 2371.84 135 118 105 849 86854 1 16478331 88452 2.7 180 67 4 43 59% 22092 244313 17836 12%
c - 2375.89 106 118 105 850 86865 1 16507469 84571 2.6 173 66 4 43 56% 22092 244313 17836 12%
c u 2376.78 109 118 105 850 86866 1 16508234 75199 2.6 173 66 4 43 56% 22113 244313 17836 12%
c v 2377.04 109 118 105 850 86866 1 16508234 71740 2.6 173 66 4 43 56% 22113 244313 17836 12%
c w 2378.48 112 118 105 850 86866 1 16508234 70470 2.6 173 66 4 43 56% 22113 244313 17836 12%
c t 2385.51 112 118 105 850 86866 1 16508234 70470 2.6 173 66 4 43 56% 22103 244313 17836 12%
c - 2388.99 104 126 105 851 86878 1 16536623 68189 2.5 178 72 4 43 53% 22103 244313 17836 12%
c - 2392.68 106 116 105 852 86885 1 16565794 66971 2.6 176 68 4 43 51% 22103 244313 17836 12%
c - 2396.62 109 112 105 853 86886 1 16594985 66665 2.7 185 68 4 43 50% 22103 244313 17836 12%
c - 2400.72 106 117 105 854 86899 1 16624191 68894 2.6 180 68 4 43 49% 22103 244313 17836 12%
c - 2404.37 126 128 105 855 86911 1 16653414 74173 2.6 174 66 4 43 49% 22103 244313 17836 12%
c - 2409.36 104 124 105 856 86917 1 16682655 72903 2.6 177 68 4 43 51% 22103 244313 17836 12%
c - 2414.25 107 119 105 857 86932 1 16711912 69203 2.6 175 67 4 43 53% 22103 244313 17836 12%
c
c  seconds      switched       rate            size/glue   tier1     binary           remaining
c           MB     reductions     conflicts          size    tier2       irredundant
c             level      restarts         redundant      glue    trail           variables
c
c - 2419.55 125 112 105 858 86946 1 16741188 72490 2.6 167 64 4 43 53% 22103 244313 17836 12%
c - 2423.63 122 125 105 859 86949 1 16770480 76005 2.6 162 62 4 43 53% 22103 244313 17836 12%
c - 2427.19 109 147 105 860 86949 1 16799788 75156 2.2 158 71 4 43 50% 22104 244313 17836 12%
c - 2430.85 105 150 105 861 86950 1 16829114 72882 2.3 158 69 4 43 50% 22104 244313 17836 12%
c B 2432.86 115 151 105 861 86950 1 16843485 86976 2.3 158 69 4 43 50% 22104 244313 17836 12%
c - 2435.40 109 165 105 862 86950 1 16858459 73389 2.2 162 75 4 43 50% 22104 244313 17836 12%
c - 2439.22 107 181 105 863 86963 1 16887820 74903 2.1 159 76 4 43 49% 22105 244313 17836 12%
c - 2444.04 110 179 105 864 86976 1 16917196 76840 2.2 159 74 4 43 51% 22105 244313 17836 12%
c u 2449.83 123 159 105 864 86981 1 16941182 95743 2.3 160 70 4 43 52% 22114 244313 17836 12%
c v 2450.31 123 159 105 864 86981 1 16941182 90366 2.3 160 70 4 43 52% 22114 244313 17836 12%
c w 2455.17 137 159 105 864 86981 1 16941182 89523 2.3 160 70 4 43 52% 22114 244313 17836 12%
c - 2456.40 100 156 105 865 86981 1 16946590 67033 2.3 161 69 4 43 52% 22114 244313 17836 12%
c ] 2459.97 115 146 106 865 86990 1 16963878 83976 2.4 162 67 4 43 53% 22114 244313 17836 12%
c { 2459.97 115 217 106 865 86990 5 16963878 83976 2.5 85 33 3 18 52% 22114 244313 17836 12%
c - 2461.25 120 217 106 866 87040 5 16976001 73154 2.6 83 32 3 18 53% 22115 244313 17836 12%
c - 2463.73 119 216 106 867 87148 4 17005428 88635 2.6 79 30 3 18 52% 22121 244313 17836 12%
c o 2466.05 125 217 106 867 87275 4 17025662 108658 2.6 77 30 3 18 52% 22123 244313 17836 12%
c - 2467.07 124 217 106 868 87332 4 17034873 98780 2.6 76 29 3 18 52% 22123 244313 17836 12%
c - 2470.50 126 216 106 869 87516 4 17064334 102510 2.6 73 28 3 18 52% 22127 244313 17836 12%
c - 2474.46 126 219 106 870 87748 4 17093812 105211 2.6 72 28 3 18 51% 22128 244313 17836 12%
c
c  seconds      switched       rate             size/glue  tier1     binary           remaining
c           MB     reductions     conflicts           size   tier2       irredundant
c             level      restarts         redundant      glue    trail           variables
c
c - 2478.28 126 220 106 871 87990 4 17123311 106867 2.6 71 28 3 18 52% 22130 244313 17836 12%
c - 2482.29 118 217 106 872 88215 4 17152823 108797 2.6 72 27 3 18 52% 22130 244313 17836 12%
c s 2485.69 126 217 106 872 88424 4 17178540 134247 2.6 72 27 3 18 53% 22137 244294 17836 12%
c - 2486.30 123 217 106 873 88450 4 17182352 110521 2.6 72 27 3 18 52% 22137 244294 17836 12%
c - 2490.73 123 217 106 874 88746 4 17211901 111312 2.6 72 28 3 18 52% 22138 244294 17836 12%
c - 2495.13 127 216 106 875 89026 5 17241465 111697 2.6 72 28 3 18 52% 22140 244294 17836 12%
c - 2499.20 125 214 106 876 89292 5 17271045 112550 2.6 72 28 3 18 52% 22142 244294 17836 12%
c - 2502.98 127 212 106 877 89528 4 17300643 113936 2.6 72 28 3 18 52% 22144 244294 17836 12%
c - 2507.37 126 214 106 878 89796 5 17330257 114086 2.6 73 28 3 18 52% 22144 244294 17836 12%
c - 2511.23 124 211 106 879 90027 4 17359888 114819 2.6 72 28 3 18 52% 22144 244294 17836 12%
c u 2514.75 124 211 106 879 90210 4 17380246 124733 2.6 72 28 3 18 51% 22174 244294 17836 12%
c v 2516.35 117 211 106 879 90210 4 17380246 109519 2.6 72 28 3 18 51% 22175 244294 17836 12%
c w 2517.89 129 211 106 879 90210 4 17380246 109383 2.6 72 28 3 18 51% 22175 244294 17836 12%
c t 2517.92 129 211 106 879 90210 4 17380246 109383 2.6 72 28 3 18 51% 22165 244294 17836 12%
c - 2519.09 126 212 106 880 90288 4 17389535 94242 2.5 72 28 3 18 51% 22165 244294 17836 12%
c - 2523.03 124 216 106 881 90562 5 17419201 98726 2.6 73 28 3 18 52% 22167 244294 17836 12%
c - 2526.55 126 212 106 882 90776 4 17448883 104215 2.6 74 28 3 18 53% 22167 244294 17836 12%
c - 2530.59 123 212 106 883 91020 4 17478581 107299 2.6 74 28 3 18 53% 22168 244294 17836 12%
c - 2534.98 126 214 106 884 91294 4 17508296 107988 2.6 75 29 3 18 53% 22170 244294 17836 12%
c } 2535.30 123 214 107 884 91315 4 17510904 110578 2.6 75 29 3 18 53% 22170 244294 17836 12%
c
c  seconds      switched       rate             size/glue   tier1     binary           remaining
c           MB     reductions     conflicts           size    tier2       irredundant
c             level      restarts         redundant       glue    trail           variables
c
c [ 2535.30 123 146 107 884 91315 1 17510904 110578 2.4 162 67 4 43 53% 22170 244294 17836 12%
c W 2535.42 141 146 107 884 91315 1 17510904 110578 2.4 162 67 4 43 53% 22170 244294 17836 12%
c - 2539.25 157 139 107 885 91329 1 17538028 96445 2.5 171 68 4 43 52% 22174 244294 17836 12%
c - 2544.85 159 127 107 886 91343 1 17567777 79212 2.6 174 66 4 43 53% 22174 244294 17836 12%
c - 2551.26 181 114 107 887 91349 1 17597544 74731 2.7 174 64 4 43 54% 22174 244294 17836 12%
c o 2554.17 182 111 107 887 91358 1 17611378 88045 2.8 173 63 4 43 55% 22174 244294 17836 12%
c - 2557.75 186 132 107 888 91362 1 17627326 73728 2.4 180 75 4 43 55% 22174 244294 17836 12%
c - 2563.59 197 127 107 889 91375 1 17657126 74842 2.5 177 72 4 43 57% 22174 244294 17836 12%
c - 2569.92 190 112 107 890 91377 1 17686945 75670 2.6 174 66 4 43 57% 22174 244294 17836 12%
c - 2576.51 191 101 107 891 91384 1 17716777 76926 2.7 170 62 4 43 57% 22174 244294 17836 12%
c - 2582.10 145 98 107 892 91397 1 17746626 78503 2.7 162 60 4 43 54% 22174 244294 17836 12%
c - 2585.38 151 114 107 893 91408 1 17776493 79944 2.6 157 60 4 43 52% 22175 244294 17836 12%
c - 2588.61 154 116 107 894 91419 1 17806378 81217 2.7 158 59 4 43 50% 22175 244294 17836 12%
c u 2591.34 173 119 107 894 91426 1 17825431 92969 2.6 156 60 4 43 48% 22188 244294 17836 12%
c v 2591.77 174 119 107 894 91426 1 17825431 87746 2.6 156 60 4 43 48% 22188 244294 17836 12%
c w 2596.42 187 119 107 894 91426 1 17825431 85840 2.6 156 60 4 43 48% 22188 244294 17836 12%
c t 2596.44 187 119 107 894 91426 1 17825431 85840 2.6 156 60 4 43 48% 22187 244294 17836 12%
c - 2598.14 187 122 107 895 91432 1 17836280 70574 2.6 155 60 4 43 49% 22187 244294 17836 12%
c - 2601.40 187 130 107 896 91439 1 17866197 72733 2.5 154 61 4 43 49% 22187 244294 17836 12%
c - 2604.70 203 133 107 897 91440 1 17896131 71106 2.4 160 66 4 43 48% 22187 244294 17836 12%
c
c  seconds      switched       rate            size/glue   tier1     binary           remaining
c           MB     reductions     conflicts          size    tier2       irredundant
c             level      restarts         redundant      glue    trail           variables
c
c - 2608.38 221 136 107 898 91441 1 17926082 67474 2.3 165 71 4 43 48% 22187 244294 17836 12%
c ] 2611.40 231 138 108 898 91441 1 17948664 89440 2.3 170 73 4 43 48% 22187 244294 17836 12%
c { 2611.40 231 214 108 898 91441 4 17948664 89440 2.6 75 29 3 18 53% 22187 244294 17836 12%
c - 2612.18 234 214 108 899 91489 4 17956048 70659 2.6 74 29 3 18 52% 22188 244294 17836 12%
c - 2615.98 246 213 108 900 91771 5 17986032 86703 2.6 73 28 3 18 52% 22191 244294 17836 12%
c - 2620.11 197 212 108 901 92054 5 18016032 97443 2.5 72 28 3 18 51% 22194 244294 17836 12%
c - 2624.27 215 212 108 902 92328 5 18046053 102424 2.5 71 28 3 18 51% 22196 244294 17836 12%
c - 2628.89 179 210 108 903 92631 5 18076088 105584 2.5 71 28 3 18 51% 22201 244294 17836 12%
c - 2633.45 201 210 108 904 92936 5 18106137 107750 2.5 71 29 3 18 51% 22201 244294 17836 12%
c - 2638.41 239 209 108 905 93273 5 18136204 109090 2.5 73 29 3 18 50% 22202 244294 17836 12%
c - 2643.06 213 209 108 906 93584 5 18166287 110355 2.5 74 30 3 18 51% 22204 244294 17836 12%
c - 2647.20 262 208 108 907 93820 5 18196387 112672 2.5 74 29 3 18 51% 22207 244294 17836 12%
c o 2648.04 283 208 108 907 93873 5 18201576 117807 2.5 74 29 3 18 51% 22209 244294 17836 12%
c - 2651.82 225 206 108 908 94110 5 18226503 114070 2.5 74 29 3 18 50% 22210 244294 17836 12%
c - 2656.26 246 207 108 909 94385 5 18256637 115271 2.5 74 29 3 18 51% 22212 244294 17836 12%
c u 2660.22 261 206 108 909 94597 5 18276763 125042 2.5 74 30 3 18 51% 22229 244294 17836 12%
c v 2661.84 263 206 108 909 94597 5 18276763 104125 2.5 74 30 3 18 51% 22229 244294 17836 12%
c w 2664.19 267 206 108 909 94597 5 18276763 103927 2.5 74 30 3 18 51% 22229 244294 17836 12%
c t 2664.22 195 206 108 909 94597 5 18276763 103927 2.5 74 30 3 18 51% 22221 244294 17836 12%
c - 2665.79 197 207 108 910 94691 5 18286787 91750 2.5 75 30 3 18 51% 22221 244294 17836 12%
c
c  seconds      switched       rate            size/glue  tier1     binary           remaining
c           MB     reductions     conflicts          size   tier2       irredundant
c             level      restarts         redundant     glue    trail           variables
c
c - 2670.84 220 209 108 911 95043 5 18316953 97675 2.5 76 30 3 18 51% 22222 244294 17836 12%
c - 2675.32 172 209 108 912 95326 5 18347138 103041 2.5 76 30 3 18 51% 22225 244294 17836 12%
c - 2680.08 196 208 108 913 95642 5 18377337 105785 2.5 77 31 3 18 51% 22226 244294 17836 12%
c s 2683.09 212 209 108 913 95836 5 18398717 126891 2.5 76 30 3 18 50% 22228 244276 17836 12%
c e 2683.10 212 209 108 913 95836 5 18398717 126891 2.5 76 30 3 18 50% 22218 244307 17834 12%
c s 2683.10 212 209 108 913 95836 5 18398717 126891 2.5 76 30 3 18 50% 22218 244284 17834 12%
c - 2684.60 195 210 108 914 95921 5 18407552 107328 2.5 76 30 3 18 50% 22218 244284 17834 12%
c - 2689.21 221 208 108 915 96208 5 18437785 108967 2.5 77 31 3 18 51% 22219 244284 17834 12%
c - 2694.18 246 208 108 916 96523 5 18468035 110051 2.5 78 31 3 18 51% 22220 244284 17834 12%
c - 2699.32 194 207 108 917 96841 5 18498300 110636 2.5 79 32 3 18 51% 22222 244284 17834 12%
c } 2702.12 192 208 109 917 97032 5 18514704 126896 2.5 79 32 3 18 51% 22222 244284 17834 12%
c [ 2702.12 192 138 109 917 97032 1 18514704 126896 2.3 170 73 4 43 48% 22222 244284 17834 12%
c I 2702.12 192 138 109 917 97032 1 18514704 126896 2.3 170 73 4 43 48% 22222 244284 17834 12%
c - 2704.18 197 142 109 918 97040 1 18528582 107414 2.3 169 72 4 43 48% 22222 244284 17834 12%
c - 2709.78 141 143 109 919 97053 1 18558880 95189 2.4 172 72 4 43 51% 22222 244284 17834 12%
c - 2714.03 143 143 109 920 97062 1 18589196 85287 2.4 168 71 4 43 51% 22222 244284 17834 12%
c - 2718.16 141 148 109 921 97076 1 18619527 85488 2.4 166 69 4 43 51% 22222 244284 17834 12%
c - 2722.67 135 145 109 922 97090 1 18649875 86024 2.4 162 69 4 43 51% 22222 244284 17834 12%
c - 2726.58 140 149 109 923 97094 1 18680240 84732 2.3 162 71 4 43 53% 22222 244284 17834 12%
c - 2730.81 143 149 109 924 97094 1 18710622 83600 2.3 163 71 4 43 53% 22222 244284 17834 12%
c
c  seconds      switched       rate            size/glue   tier1     binary           remaining
c           MB     reductions     conflicts          size    tier2       irredundant
c             level      restarts         redundant      glue    trail           variables
c
c u 2735.00 142 150 109 924 97108 1 18734244 97674 2.3 160 68 4 43 54% 22236 244284 17834 12%
c v 2735.48 143 150 109 924 97108 1 18734244 90840 2.3 160 68 4 43 54% 22236 244284 17834 12%
c w 2740.06 153 150 109 924 97108 1 18734244 90300 2.3 160 68 4 43 54% 22236 244284 17834 12%
c t 2740.09 153 150 109 924 97108 1 18734244 90300 2.3 160 68 4 43 54% 22229 244284 17834 12%
c - 2741.25 135 151 109 925 97109 1 18741019 73225 2.3 160 69 4 43 54% 22229 244284 17834 12%
c - 2746.69 139 145 109 926 97124 1 18771434 74699 2.4 165 69 3 43 55% 22229 244284 17834 12%
c - 2752.89 118 133 109 927 97132 1 18801864 72444 2.5 170 67 4 43 56% 22229 244284 17834 12%
c o 2757.16 129 124 109 927 97142 1 18827416 96909 2.6 171 65 4 43 58% 22229 244284 17834 12%
c - 2757.97 135 131 109 928 97145 1 18832310 72726 2.5 173 68 4 43 58% 22229 244284 17834 12%
c - 2762.81 140 149 109 929 97156 1 18862775 75543 2.4 170 72 4 43 57% 22229 244284 17834 12%
c - 2768.51 113 156 109 930 97157 1 18893257 72740 2.3 175 78 4 43 57% 22229 244284 17834 12%
c - 2773.11 116 165 109 931 97158 1 18923752 69675 2.1 179 84 4 43 56% 22229 244284 17834 12%
c - 2777.63 112 175 109 932 97158 1 18954265 68262 2.0 184 93 4 43 56% 22229 244284 17834 12%
c B 2781.83 135 180 109 932 97164 1 18982095 95508 1.9 185 97 4 43 55% 22229 244284 17834 12%
c - 2782.21 118 179 109 933 97165 1 18984793 68778 1.9 184 95 4 44 55% 22229 244284 17834 12%
c - 2785.50 129 178 109 934 97180 1 19015339 77213 2.0 171 85 4 44 53% 22229 244284 17834 12%
c ] 2786.81 130 176 110 934 97184 1 19023922 85569 2.0 170 85 4 44 54% 22229 244284 17834 12%
c { 2786.81 130 208 110 934 97184 5 19023922 85569 2.5 79 32 3 18 51% 22229 244284 17834 12%
c - 2789.59 132 214 110 935 97358 5 19045900 87035 2.5 78 31 3 18 52% 22232 244284 17834 12%
c - 2793.64 129 216 110 936 97608 5 19076479 97162 2.5 77 31 3 18 52% 22232 244284 17834 12%
c
c  seconds      switched       rate             size/glue  tier1     binary           remaining
c           MB     reductions     conflicts           size   tier2       irredundant
c             level      restarts         redundant      glue    trail           variables
c
c - 2797.71 133 218 110 937 97846 5 19107073 105068 2.5 77 31 3 18 53% 22233 244284 17834 12%
c - 2802.07 130 218 110 938 98131 5 19137685 109081 2.5 77 31 3 18 53% 22234 244284 17834 12%
c - 2806.36 132 217 110 939 98376 5 19168311 111599 2.5 77 30 3 18 53% 22234 244284 17834 12%
c u 2811.48 131 217 110 939 98640 5 19197895 134254 2.5 77 31 3 18 53% 22239 244284 17834 12%
c v 2813.10 134 217 110 939 98640 5 19197895 115000 2.5 77 31 3 18 53% 22239 244284 17834 12%
c w 2816.33 142 217 110 939 98640 5 19197895 114754 2.5 77 31 3 18 53% 22239 244284 17834 12%
c t 2816.35 142 217 110 939 98640 5 19197895 114754 2.5 77 31 3 18 53% 22238 244284 17834 12%
c - 2816.63 130 217 110 940 98655 5 19198954 92728 2.5 77 31 3 18 53% 22238 244284 17834 12%
c - 2820.84 133 219 110 941 98926 5 19229613 99375 2.5 76 31 3 18 52% 22239 244284 17834 12%
c - 2824.99 129 219 110 942 99188 5 19260288 106224 2.5 76 30 3 18 53% 22239 244284 17834 12%
c - 2829.72 128 220 110 943 99512 5 19290980 109008 2.5 77 31 3 18 53% 22240 244284 17834 12%
c - 2834.73 130 218 110 944 99839 5 19321688 110352 2.5 78 31 3 18 53% 22241 244284 17834 12%
c - 2839.30 131 217 110 945 100113 5 19352414 112316 2.5 79 31 3 18 53% 22242 244284 17834 12%
c - 2844.20 134 219 110 946 100432 5 19383157 113818 2.5 79 32 3 18 53% 22243 244284 17834 12%
c - 2848.83 135 221 110 947 100727 5 19413914 114490 2.5 79 32 3 18 53% 22244 244284 17834 12%
c o 2852.41 127 220 110 947 100940 5 19437537 137787 2.5 78 32 3 18 53% 22245 244284 17834 12%
c - 2853.54 135 221 110 948 101000 5 19444692 115397 2.5 78 32 3 18 53% 22245 244284 17834 12%
c - 2858.36 135 218 110 949 101300 5 19475481 115630 2.5 79 32 3 18 53% 22246 244284 17834 12%
c - 2863.41 133 219 110 950 101619 5 19506288 116265 2.5 80 32 3 18 53% 22247 244284 17834 12%
c - 2867.92 134 218 110 951 101872 5 19537110 117795 2.5 81 32 3 18 54% 22247 244284 17834 12%
c
c  seconds      switched        rate             size/glue  tier1     binary           remaining
c           MB     reductions      conflicts           size   tier2       irredundant
c             level       restarts         redundant      glue    trail           variables
c
c - 2873.21 135 216 110 952 102196 5 19567950 118411 2.5 83 33 3 18 54% 22250 244284 17834 12%
c - 2878.33 134 216 110 953 102503 5 19598804 118645 2.5 83 33 3 18 54% 22251 244284 17834 12%
c } 2879.89 135 216 111 953 102591 5 19609260 128972 2.5 83 33 3 18 54% 22253 244284 17834 12%
c [ 2879.89 135 176 111 953 102591 1 19609260 128972 2.0 170 85 4 44 54% 22253 244284 17834 12%
c W 2880.32 153 176 111 953 102591 1 19609260 128972 2.0 170 85 4 44 54% 22253 244284 17834 12%
c - 2883.44 163 163 111 954 102603 1 19629674 113498 2.1 170 79 4 44 56% 22253 244284 17834 12%
c - 2889.16 170 145 111 955 102617 1 19660561 99092 2.3 170 75 4 43 58% 22253 244284 17834 12%
c u 2891.03 165 142 111 955 102620 1 19667741 95155 2.3 170 73 4 43 58% 22265 244284 17834 12%
c v 2891.62 166 142 111 955 102620 1 19667741 85474 2.3 170 73 4 43 58% 22266 244284 17834 12%
c w 2895.82 171 142 111 955 102620 1 19667741 84210 2.3 170 73 4 43 58% 22266 244284 17834 12%
c t 2903.59 171 142 111 955 102620 1 19667741 84210 2.3 170 73 4 43 58% 22262 244284 17834 12%
c - 2908.15 138 149 111 956 102622 1 19691464 73224 2.2 177 79 4 44 57% 22266 244280 17834 12%
c - 2913.35 141 141 111 957 102636 1 19722383 74949 2.3 175 75 4 44 59% 22266 244280 17834 12%
c - 2918.36 162 130 111 958 102651 1 19753318 77800 2.4 170 70 4 43 60% 22266 244280 17834 12%
c - 2923.34 155 112 111 959 102653 1 19784270 79900 2.5 163 64 4 43 59% 22266 244280 17834 12%
c - 2928.77 128 99 111 960 102660 1 19815237 79600 2.6 156 60 4 43 57% 22266 244280 17834 12%
c - 2933.53 127 102 111 961 102674 1 19846220 84074 2.6 151 58 4 43 56% 22266 244280 17834 12%
c - 2938.50 131 104 111 962 102684 1 19877221 84262 2.5 148 60 4 43 55% 22266 244280 17834 12%
c - 2943.73 129 109 111 963 102697 1 19908240 81376 2.5 148 60 4 43 54% 22266 244280 17834 12%
c - 2948.38 133 116 111 964 102711 1 19939272 82752 2.4 146 60 4 43 53% 22266 244280 17834 12%
c
c  seconds      switched        rate            size/glue   tier1     binary           remaining
c           MB     reductions      conflicts          size    tier2       irredundant
c             level       restarts         redundant      glue    trail           variables
c
c - 2953.92 128 116 111 965 102715 1 19970321 81628 2.4 146 61 4 43 52% 22266 244280 17834 12%
c - 2958.61 131 106 111 966 102716 1 20001386 78709 2.4 142 59 4 43 49% 22266 244280 17834 12%
c - 2963.92 123 97 111 967 102717 1 20032467 77885 2.5 140 57 4 43 48% 22266 244280 17834 12%
c - 2969.50 128 91 111 968 102717 1 20063564 81429 2.5 141 56 4 43 47% 22266 244280 17834 12%
c o 2972.41 130 91 111 968 102726 1 20082048 98959 2.5 139 55 4 43 46% 22266 244280 17834 12%
c - 2973.96 126 107 111 969 102732 1 20094677 84467 2.5 144 58 4 43 48% 22266 244280 17834 12%
c O 2974.40 126 107 111 969 102732 1 20098632 88384 2.5 145 58 4 43 49% 22266 244280 17834 12%
c - 2979.28 135 106 111 970 102746 1 20125807 86687 2.6 153 58 4 43 51% 22266 244280 17834 12%
c u 2983.56 132 102 111 970 102748 1 20143760 100041 2.7 155 58 4 43 52% 22279 244280 17834 12%
c v 2983.99 134 102 111 970 102748 1 20143760 95048 2.7 155 58 4 43 52% 22279 244280 17834 12%
c w 2987.98 154 102 111 970 102748 1 20143760 94894 2.7 155 58 4 43 52% 22279 244280 17834 12%
c x 2989.26 136 102 111 970 102748 1 20143760 94714 2.7 155 58 4 43 52% 22306 243981 17834 12%
c t 2989.29 136 102 111 970 102748 1 20143760 94714 2.7 155 58 4 43 52% 22298 243981 17834 12%
c ] 2989.76 139 102 112 970 102748 1 20146086 96998 2.7 155 58 4 43 52% 22298 243981 17834 12%
c { 2989.76 139 216 112 970 102748 5 20146086 96998 2.5 83 33 3 18 54% 22298 243981 17834 12%
c - 2991.23 149 215 112 971 102817 5 20156951 78137 2.5 82 33 3 18 53% 22298 243981 17834 12%
c - 2994.74 149 212 112 972 102976 4 20188111 91074 2.6 81 31 3 18 53% 22298 243981 17834 12%
c - 2998.05 153 206 112 973 103130 4 20219288 104185 2.7 79 30 3 19 51% 22303 243981 17834 12%
c - 3002.10 150 207 112 974 103342 4 20250481 109108 2.7 76 28 3 19 51% 22307 243981 17834 12%
c - 3006.53 151 205 112 975 103596 4 20281689 111370 2.6 74 28 3 19 50% 22313 243981 17834 12%
c
c  seconds      switched        rate             size/glue  tier1     binary           remaining
c           MB     reductions      conflicts           size   tier2       irredundant
c             level       restarts         redundant      glue    trail           variables
c
c - 3009.74 149 189 112 976 103756 4 20312913 113117 2.7 73 27 3 19 47% 22313 243981 17834 12%
c - 3013.85 153 186 112 977 104021 4 20344154 114818 2.7 72 27 3 19 47% 22316 243981 17834 12%
c - 3017.59 148 182 112 978 104237 4 20375410 116998 2.7 71 26 3 19 46% 22318 243981 17834 12%
c - 3022.22 155 182 112 979 104512 4 20406682 117887 2.7 72 27 3 19 46% 22320 243981 17834 12%
c - 3026.74 153 188 112 980 104785 4 20437970 118861 2.6 70 27 3 19 47% 22321 243981 17834 12%
c - 3030.72 147 183 112 981 105001 4 20469274 120582 2.6 68 26 3 19 46% 22323 243981 17834 12%
c - 3035.47 154 185 112 982 105315 4 20500594 121518 2.6 69 26 3 19 46% 22324 243981 17834 12%
c - 3039.95 153 189 112 983 105608 4 20531930 121593 2.6 70 27 3 19 48% 22326 243981 17834 12%
c - 3044.68 149 189 112 984 105907 4 20563284 122075 2.6 70 27 3 19 48% 22329 243981 17834 12%
c - 3049.56 154 191 112 985 106218 4 20594653 122811 2.6 70 27 3 19 48% 22335 243981 17834 12%
c u 3055.49 143 194 112 985 106525 5 20625943 141991 2.6 72 28 3 19 49% 22350 243981 17834 12%
c v 3057.75 154 194 112 985 106525 5 20625943 122452 2.6 72 28 3 19 49% 22351 243981 17834 12%
c w 3059.31 162 194 112 985 106525 5 20625943 122381 2.6 72 28 3 19 49% 22351 243981 17834 12%
c t 3059.34 162 194 112 985 106525 5 20625943 122381 2.6 72 28 3 19 49% 22336 243981 17834 12%
c - 3059.41 143 195 112 986 106526 5 20626038 97218 2.6 72 28 3 19 49% 22336 243981 17834 12%
c - 3063.29 150 191 112 987 106741 4 20657439 104624 2.6 72 27 3 19 49% 22337 243981 17834 12%
c - 3067.69 152 194 112 988 107012 4 20688855 111868 2.6 71 27 3 19 49% 22340 243981 17834 12%
c o 3071.39 153 197 112 988 107255 4 20712229 135011 2.6 71 27 3 19 49% 22344 243981 17834 12%
c - 3072.75 154 199 112 989 107335 5 20720289 113731 2.6 71 27 3 19 49% 22344 243981 17834 12%
c } 3077.93 154 201 113 989 107648 5 20751004 144204 2.6 72 28 3 19 49% 22344 243981 17834 12%
c
c  seconds      switched        rate             size/glue   tier1     binary           remaining
c           MB     reductions      conflicts           size    tier2       irredundant
c             level       restarts         redundant       glue    trail           variables
c
c [ 3077.93 154 102 113 989 107648 1 20751004 144204 2.7 155 58 4 43 52% 22344 243981 17834 12%
c B 3077.93 154 102 113 989 107648 1 20751004 144204 2.7 155 58 4 43 52% 22344 243981 17834 12%
c - 3078.12 154 103 113 990 107648 1 20751738 114947 2.7 155 58 4 43 52% 22344 243981 17834 12%
c - 3084.03 151 115 113 991 107662 1 20783202 103530 2.6 160 63 4 43 53% 22344 243981 17834 12%
c - 3091.45 127 115 113 992 107677 1 20814684 85748 2.6 170 65 4 43 55% 22344 243981 17834 12%
c - 3099.95 120 114 113 993 107686 1 20846180 79405 2.7 182 68 4 43 56% 22344 243981 17834 12%
c - 3107.17 124 107 113 994 107700 1 20877691 78276 2.8 183 66 4 43 58% 22344 243981 17834 12%
c - 3114.62 150 98 113 995 107709 1 20909223 79324 2.9 185 63 4 43 58% 22344 243981 17834 12%
c - 3122.57 147 97 113 996 107710 1 20940766 78551 3.0 193 63 4 43 59% 22344 243981 17834 12%
c - 3130.82 123 97 113 997 107724 1 20972325 76318 3.1 200 65 4 43 59% 22344 243981 17834 12%
c s 3135.29 137 97 113 997 107732 1 20989168 92605 3.1 203 66 4 43 58% 22351 243899 17834 12%
c e 3135.36 127 97 113 997 107732 1 20989168 92605 3.1 203 66 4 43 58% 22320 244155 17817 12%
c s 3135.36 127 97 113 997 107732 1 20989168 92605 3.1 203 66 4 43 58% 22320 244023 17817 12%
c e 3135.39 127 97 113 997 107732 1 20989168 92605 3.1 203 66 4 43 58% 22318 244041 17816 12%
c - 3139.08 122 100 113 998 107739 1 21003900 75644 3.0 203 68 4 43 58% 22318 244041 17816 12%
c - 3145.10 149 111 113 999 107746 1 21035495 78847 2.9 203 69 4 43 58% 22318 244041 17816 12%
c - 3152.19 165 101 113 1000 107760 1 21067101 79228 3.0 198 65 4 43 59% 22318 244041 17816 12%
c - 3159.38 182 93 113 1001 107772 1 21098724 79088 3.1 194 62 4 43 60% 22318 244041 17816 12%
c u 3163.75 187 89 113 1001 107773 1 21114353 87330 3.2 192 61 4 43 60% 22326 244041 17816 12%
c v 3164.00 187 89 113 1001 107773 1 21114353 83800 3.2 192 61 4 43 60% 22326 244041 17816 12%
c
c  seconds     switched         rate            size/glue   tier1     binary           remaining
c           MB     reductions      conflicts          size    tier2       irredundant
c            level        restarts         redundant      glue    trail           variables
c
c w 3172.92 220 89 113 1001 107773 1 21114353 82843 3.2 192 61 4 43 60% 22326 244041 17816 12%
c t 3172.94 188 89 113 1001 107773 1 21114353 82843 3.2 192 61 4 43 60% 22321 244041 17816 12%
c f 3172.97 188 89 113 1001 107773 1 21114353 82843 3.2 192 61 4 43 60% 22322 244005 17818 12%
c u 3173.58 195 89 113 1001 107773 1 21114353 82267 3.2 192 61 4 43 60% 22329 244005 17818 12%
c v 3173.73 196 89 113 1001 107773 1 21114353 81150 3.2 192 61 4 43 60% 22329 244005 17818 12%
c w 3182.20 206 89 113 1001 107773 1 21114353 79607 3.2 192 61 4 43 60% 22329 244005 17818 12%
c t 3182.22 206 89 113 1001 107773 1 21114353 79607 3.2 192 61 4 43 60% 22325 244005 17818 12%
c - 3185.64 165 90 113 1002 107773 1 21130364 67321 3.1 191 62 4 43 60% 22325 244005 17818 12%
c ] 3187.48 165 90 114 1002 107773 1 21138776 75383 3.1 190 62 4 43 60% 22325 244005 17818 12%
c { 3187.48 165 201 114 1002 107773 5 21138776 75383 2.6 72 28 3 19 49% 22325 244005 17818 12%
c - 3188.70 168 177 114 1003 107784 4 21162019 83587 2.6 67 25 3 19 47% 22332 244005 17818 12%
c - 3190.21 168 144 114 1004 107791 3 21193689 106393 2.9 66 22 3 19 40% 22336 244005 17818 12%
c - 3191.47 177 125 114 1005 107803 3 21225375 115622 2.9 59 20 3 19 36% 22343 244005 17818 12%
c - 3192.12 179 108 114 1006 107803 2 21257076 118535 2.8 48 17 3 18 29% 22344 244005 17818 12%
c - 3192.77 182 97 114 1007 107804 2 21288793 120389 2.7 40 15 3 18 24% 22345 244005 17818 12%
c - 3193.70 187 88 114 1008 107821 2 21320527 125435 3.0 42 14 3 18 23% 22347 244005 17818 12%
c i 3193.71 187 88 114 1008 107822 2 21320836 125740 3.0 42 14 3 18 23% 22350 244005 17817 12%
c - 3194.96 212 84 114 1009 107887 2 21352276 126029 3.0 41 13 3 18 24% 22353 244005 17817 12%
c o 3195.09 213 82 114 1009 107888 2 21356870 130621 3.1 42 13 3 18 24% 22353 244005 17817 12%
c i 3196.25 237 79 114 1009 107967 2 21381265 154824 3.2 42 13 3 18 25% 22367 244005 17816 12%
c
c  seconds     switched         rate             size/glue  tier1     binary           remaining
c           MB     reductions      conflicts           size   tier2       irredundant
c            level        restarts         redundant      glue    trail           variables
c
c - 3196.42 238 81 114 1010 107982 2 21384040 127158 3.2 42 13 3 18 25% 22365 244005 17816 12%
c - 3198.08 262 77 114 1011 108131 2 21415821 128712 3.2 40 12 3 18 25% 22379 244005 17816 12%
c - 3199.51 287 79 114 1012 108247 2 21447618 129849 3.2 38 12 3 18 25% 22388 244005 17816 12%
c - 3200.37 310 78 114 1013 108296 2 21479429 131146 3.1 34 11 3 18 23% 22395 244005 17816 12%
c - 3201.41 333 81 114 1014 108428 2 21511256 131250 3.0 31 10 3 18 21% 22399 244005 17816 12%
c - 3203.16 359 78 114 1015 108668 2 21543100 133599 3.3 35 11 3 18 23% 22405 244005 17816 12%
c - 3205.12 385 79 114 1016 108891 2 21574959 136709 3.3 35 11 3 18 24% 22421 244005 17816 12%
c - 3206.46 354 79 114 1017 109013 2 21606833 137593 3.1 33 10 3 18 23% 22435 244005 17816 12%
c u 3207.28 360 79 114 1017 109037 2 21608985 128624 3.1 33 10 3 18 23% 22449 243986 17816 12%
c v 3207.92 364 79 114 1017 109037 2 21608985 124478 3.1 33 10 3 18 23% 22449 243986 17816 12%
c w 3208.23 365 79 114 1017 109037 2 21608985 124374 3.1 33 10 3 18 23% 22449 243986 17816 12%
c t 3208.25 365 79 114 1017 109037 2 21608985 124374 3.1 33 10 3 18 23% 22422 243986 17816 12%
c i 3208.75 386 78 114 1017 109085 2 21618657 133806 3.1 32 10 3 18 24% 22424 243986 17815 12%
c i 3208.75 386 78 114 1017 109085 2 21618658 133806 3.1 32 10 3 18 24% 22424 243986 17814 12%
c i 3209.05 388 77 114 1017 109135 2 21624523 139650 3.1 33 10 3 18 24% 22426 243986 17813 12%
c - 3209.96 391 78 114 1018 109249 2 21638723 125393 3.2 33 11 3 18 25% 22404 243986 17813 12%
c - 3211.69 401 78 114 1019 109473 2 21670631 129596 3.1 33 11 3 18 25% 22416 243986 17813 12%
c - 3213.21 411 77 114 1020 109655 2 21702552 129983 3.1 32 10 3 18 24% 22427 243986 17813 12%
c - 3214.94 422 75 114 1021 109874 2 21734489 130486 3.1 32 10 3 18 24% 22439 243986 17813 12%
c } 3216.19 429 71 115 1021 110060 2 21763554 158719 3.1 32 10 3 18 24% 22446 243986 17813 12%
c
c  seconds     switched         rate             size/glue   tier1     binary           remaining
c           MB     reductions      conflicts           size    tier2       irredundant
c            level        restarts         redundant       glue    trail           variables
c
c [ 3216.19 429 90 115 1021 110060 1 21763554 158719 3.1 190 62 4 43 60% 22446 243986 17813 12%
c W 3216.35 433 90 115 1021 110060 1 21763554 158719 3.1 190 62 4 43 60% 22446 243965 17813 12%
c - 3216.93 338 90 115 1022 110062 1 21766442 130300 3.1 189 62 4 43 60% 22446 243965 17813 12%
c - 3223.27 387 92 115 1023 110076 1 21798410 113256 3.0 189 63 4 43 61% 22446 243965 17813 12%
c - 3229.58 267 89 115 1024 110090 1 21830395 94729 3.0 185 61 4 43 61% 22446 243965 17813 12%
c - 3235.85 271 88 115 1025 110101 1 21862396 92497 3.0 181 59 4 43 60% 22446 243965 17813 12%
c - 3241.99 140 92 115 1026 110115 1 21894414 95128 3.0 175 59 4 43 60% 22446 243965 17813 12%
c ] 3247.34 142 88 116 1026 110121 1 21921863 121443 3.1 178 58 4 43 60% 22446 243965 17813 12%
c { 3247.34 142 71 116 1026 110121 2 21921863 121443 3.1 32 10 3 18 24% 22446 243965 17813 12%
c - 3248.29 154 78 116 1027 110204 2 21926446 95513 3.0 34 11 3 18 25% 22446 243965 17813 12%
c - 3254.20 175 118 116 1028 110781 4 21958494 108890 2.6 44 17 3 18 31% 22449 243965 17813 12%
c - 3260.34 195 145 116 1029 111321 5 21990560 120917 2.5 53 21 3 18 36% 22453 243965 17813 12%
c o 3263.44 203 156 116 1029 111577 5 22006924 137051 2.4 56 23 3 18 38% 22454 243965 17813 12%
c - 3266.77 179 165 116 1030 111828 5 22022639 126997 2.4 60 25 3 18 40% 22457 243965 17813 12%
c - 3272.74 204 180 116 1031 112264 5 22054732 131751 2.4 64 27 3 18 42% 22462 243965 17813 12%
c - 3278.74 228 189 116 1032 112685 5 22086841 135552 2.4 68 29 3 18 44% 22462 243965 17813 12%
c u 3283.98 266 193 116 1032 112924 5 22109873 135534 2.4 69 29 3 18 45% 22558 243961 17813 12%
c v 3285.72 268 193 116 1032 112924 5 22109873 113745 2.4 69 29 3 18 45% 22558 243961 17813 12%
c w 3288.00 275 193 116 1032 112924 5 22109873 113556 2.4 69 29 3 18 45% 22558 243961 17813 12%
c t 3288.03 195 193 116 1032 112924 5 22109873 113556 2.4 69 29 3 18 45% 22513 243961 17813 12%
c
c  seconds      switched         rate            size/glue  tier1     binary           remaining
c           MB      reductions      conflicts          size   tier2       irredundant
c             level        restarts         redundant     glue    trail           variables
c
c - 3289.88 201 196 116 1033 113039 5 22118967 99883 2.4 70 30 3 18 46% 22513 243961 17813 12%
c - 3295.42 227 204 116 1034 113426 5 22151107 106898 2.4 73 31 3 18 47% 22514 243961 17813 12%
c - 3300.90 204 207 116 1035 113766 5 22183262 112351 2.4 75 32 3 18 48% 22516 243961 17813 12%
c - 3305.63 241 209 116 1036 114059 5 22215434 116507 2.4 76 32 3 18 48% 22517 243961 17813 12%
c - 3310.96 211 212 116 1037 114377 5 22247621 119217 2.4 76 32 3 18 48% 22518 243961 17813 12%
c - 3316.50 236 213 116 1038 114698 5 22279824 119931 2.4 77 32 3 18 48% 22523 243961 17813 12%
c - 3321.97 196 215 116 1039 115001 5 22312045 120701 2.4 79 33 3 18 49% 22525 243961 17813 12%
c - 3327.66 200 216 116 1040 115326 5 22344278 121371 2.4 80 33 3 18 49% 22526 243961 17813 12%
c s 3330.44 203 217 116 1040 115486 5 22360494 137408 2.4 81 33 3 18 50% 22540 243860 17813 12%
c e 3330.47 188 217 116 1040 115486 5 22360494 137408 2.4 81 33 3 18 50% 22503 244059 17801 12%
c s 3330.48 188 217 116 1040 115486 5 22360494 137408 2.4 81 33 3 18 50% 22504 243965 17801 12%
c e 3330.50 188 217 116 1040 115486 5 22360494 137408 2.4 81 33 3 18 50% 22502 243983 17800 12%
c - 3333.27 168 217 116 1041 115634 5 22376528 122130 2.4 81 34 3 18 49% 22504 243983 17800 12%
c - 3338.78 164 217 116 1042 115933 5 22408792 123574 2.4 82 34 3 18 49% 22504 243983 17800 12%
c - 3344.25 164 217 116 1043 116234 5 22441072 124691 2.4 82 34 3 18 50% 22505 243983 17800 12%
c - 3350.34 168 216 116 1044 116560 5 22473369 124723 2.4 83 34 3 18 50% 22506 243983 17800 12%
c - 3355.91 141 215 116 1045 116878 5 22505679 124729 2.5 85 34 3 18 50% 22506 243983 17800 12%
c - 3360.73 139 215 116 1046 117128 5 22538006 126276 2.5 84 34 3 18 50% 22508 243983 17800 12%
c } 3365.81 140 214 117 1046 117416 5 22566777 154707 2.5 84 34 3 18 50% 22509 243983 17800 12%
c [ 3365.81 140 88 117 1046 117416 1 22566777 154707 3.1 178 58 4 43 60% 22509 243983 17800 12%
c
c  seconds     switched         rate             size/glue   tier1     binary           remaining
c           MB     reductions      conflicts           size    tier2       irredundant
c            level        restarts         redundant       glue    trail           variables
c
c I 3365.81 140 88 117 1046 117416 1 22566777 154707 3.1 178 58 4 43 60% 22509 243983 17800 12%
c - 3366.54 141 93 117 1047 117418 1 22570349 126004 3.0 177 58 4 43 59% 22509 243983 17800 12%
c - 3373.25 138 103 117 1048 117433 1 22602707 113863 3.0 181 61 4 43 60% 22509 243983 17800 12%
c u 3376.97 135 104 117 1048 117441 1 22617019 113612 3.0 179 61 4 43 59% 22540 243983 17800 12%
c v 3377.98 138 104 117 1048 117441 1 22617019 100133 3.0 179 61 4 43 59% 22540 243983 17800 12%
c w 3382.69 149 104 117 1048 117441 1 22617019 99322 3.0 179 61 4 43 59% 22540 243983 17800 12%
c t 3382.72 149 104 117 1048 117441 1 22617019 99322 3.0 179 61 4 43 59% 22530 243983 17800 12%
c f 3382.74 122 104 117 1048 117441 1 22617019 99322 3.0 179 61 4 43 59% 22532 243961 17801 12%
c u 3383.55 135 104 117 1048 117441 1 22617019 98155 3.0 179 61 4 43 59% 22536 243961 17801 12%
c v 3384.11 136 104 117 1048 117441 1 22617019 94149 3.0 179 61 4 43 59% 22536 243961 17801 12%
c w 3389.61 148 104 117 1048 117441 1 22617019 92121 3.0 179 61 4 43 59% 22536 243961 17801 12%
c t 3398.05 148 104 117 1048 117441 1 22617019 92121 3.0 179 61 4 43 59% 22535 243961 17801 12%
c - 3401.46 111 104 117 1049 117446 1 22635079 74086 3.0 180 61 4 43 58% 22535 243961 17801 12%
c - 3407.43 139 113 117 1050 117459 1 22667467 73079 2.7 185 67 4 43 58% 22535 243961 17801 12%
c - 3414.33 155 107 117 1051 117473 1 22699870 71253 2.8 183 66 4 43 58% 22535 243961 17801 12%
c o 3414.84 155 106 117 1051 117475 1 22702192 73493 2.8 183 66 4 43 58% 22535 243961 17801 12%
c - 3421.03 195 147 117 1052 117478 1 22732289 69708 2.3 199 87 4 43 59% 22535 243961 17801 12%
c - 3428.50 246 175 117 1053 117479 1 22764724 65673 2.0 215 106 4 43 59% 22535 243961 17801 12%
c - 3434.38 258 159 117 1054 117494 1 22797173 67721 2.2 215 96 4 43 61% 22535 243961 17801 12%
c - 3441.57 278 133 117 1055 117509 1 22829638 71902 2.5 212 84 4 43 62% 22535 243961 17801 12%
c
c  seconds      switched         rate            size/glue   tier1     binary           remaining
c           MB      reductions      conflicts          size    tier2       irredundant
c             level        restarts         redundant      glue    trail           variables
c
c - 3448.78 280 114 117 1056 117519 1 22862119 74619 2.8 210 74 4 43 62% 22535 243961 17801 12%
c - 3455.54 200 107 117 1057 117534 1 22894615 78806 2.9 199 69 4 43 62% 22535 243961 17801 12%
c - 3461.02 201 106 117 1058 117540 1 22927127 81022 2.9 189 65 4 43 60% 22535 243961 17801 12%
c - 3466.91 156 121 117 1059 117541 1 22959653 78322 2.6 181 71 4 43 57% 22535 243961 17801 12%
c - 3472.64 156 122 117 1060 117542 1 22992195 75942 2.5 175 71 4 43 55% 22535 243961 17801 12%
c - 3478.97 180 125 117 1061 117542 1 23024753 75458 2.4 175 73 4 43 54% 22535 243961 17801 12%
c - 3484.57 228 118 117 1062 117557 1 23057328 78268 2.4 169 69 4 43 53% 22535 243961 17801 12%
c - 3490.37 180 117 117 1063 117572 1 23089916 82194 2.6 168 66 4 43 54% 22535 243961 17801 12%
c B 3492.36 180 120 117 1063 117573 1 23101176 93179 2.5 167 66 4 43 54% 22535 243961 17801 12%
c - 3496.52 181 117 117 1064 117582 1 23122519 80197 2.5 167 66 4 43 55% 22535 243961 17801 12%
c ] 3497.91 181 116 118 1064 117587 1 23130294 87578 2.5 167 66 4 43 55% 22535 243961 17801 12%
c { 3497.91 181 214 118 1064 117587 5 23130294 87578 2.5 84 34 3 18 50% 22535 243961 17801 12%
c u 3498.60 181 214 118 1064 117589 5 23130414 84188 2.5 84 34 3 18 50% 22543 243961 17801 12%
c v 3498.91 181 214 118 1064 117589 5 23130414 78937 2.5 84 34 3 18 50% 22543 243961 17801 12%
c w 3503.75 185 214 118 1064 117589 5 23130414 76575 2.5 84 34 3 18 50% 22543 243961 17801 12%
c t 3503.77 156 214 118 1064 117589 5 23130414 76575 2.5 84 34 3 18 50% 22541 243961 17801 12%
c - 3505.31 156 200 118 1065 117598 4 23155139 81073 2.4 74 31 3 18 44% 22542 243961 17801 12%
c - 3507.32 157 175 118 1066 117610 4 23187773 102123 2.5 64 26 3 18 38% 22545 243961 17801 12%
c - 3508.27 159 152 118 1067 117619 3 23220423 111778 2.3 52 22 3 18 31% 22545 243961 17801 12%
c - 3509.96 181 140 118 1068 117642 3 23253087 116471 2.5 50 20 3 18 29% 22547 243961 17801 12%
c
c  seconds      switched         rate             size/glue  tier1     binary           remaining
c           MB      reductions      conflicts           size   tier2       irredundant
c             level        restarts         redundant      glue    trail           variables
c
c i 3510.40 198 140 118 1068 117654 3 23259391 122483 2.5 49 20 3 18 30% 22569 243961 17800 12%
c - 3511.79 204 140 118 1069 117687 3 23285767 119766 2.4 44 18 3 18 28% 22542 243961 17800 12%
c - 3512.67 226 124 118 1070 117710 2 23318463 121206 2.3 37 16 3 18 23% 22544 243961 17800 12%
c - 3514.95 231 129 118 1071 117845 3 23351173 124833 2.2 34 15 3 18 24% 22549 243961 17800 12%
c i 3515.55 251 130 118 1071 117886 3 23360320 133484 2.2 33 15 3 18 24% 22551 243961 17799 12%
c o 3516.40 253 132 118 1071 117942 3 23372817 145270 2.2 32 15 3 18 24% 22553 243961 17799 12%
c - 3517.30 255 135 118 1072 118009 3 23383901 127076 2.2 31 14 3 18 25% 22548 243961 17799 12%
c - 3519.52 279 137 118 1073 118167 3 23416643 130096 2.1 29 14 3 18 24% 22552 243961 17799 12%
c - 3520.50 302 110 118 1074 118211 3 23449401 130834 2.0 26 13 3 18 20% 22557 243961 17799 12%
c - 3522.71 327 117 118 1075 118407 3 23482173 133283 2.0 24 12 3 18 20% 22564 243960 17799 12%
c i 3522.82 345 117 118 1075 118419 3 23483560 134614 2.0 24 12 3 18 20% 22565 243960 17798 12%
c - 3525.24 298 122 118 1076 118646 4 23514960 136703 1.9 23 12 3 18 21% 22566 243960 17798 12%
c - 3527.86 307 125 118 1077 118916 4 23547762 139432 1.9 23 12 3 18 21% 22571 243960 17798 12%
c - 3530.60 315 130 118 1078 119207 4 23580579 141263 1.9 23 12 3 18 21% 22576 243960 17798 12%
c - 3533.20 323 131 118 1079 119453 4 23613411 144142 1.9 22 12 3 18 22% 22581 243960 17798 12%
c - 3535.74 250 130 118 1080 119730 5 23646259 147108 1.8 22 12 3 18 22% 22590 243960 17798 12%
c u 3537.03 255 131 118 1080 119773 5 23650082 134818 1.8 22 12 3 18 22% 22603 243934 17798 12%
c v 3538.00 257 131 118 1080 119773 5 23650082 131991 1.8 22 12 3 18 22% 22603 243934 17798 12%
c w 3538.41 257 131 118 1080 119773 5 23650082 131892 1.8 22 12 3 18 22% 22603 243934 17798 12%
c t 3538.43 257 131 118 1080 119773 5 23650082 131892 1.8 22 12 3 18 22% 22584 243934 17798 12%
c
c  seconds      switched         rate             size/glue  tier1     binary           remaining
c           MB      reductions      conflicts           size   tier2       irredundant
c             level        restarts         redundant      glue    trail           variables
c
c - 3540.02 280 124 118 1081 119940 4 23679122 131241 1.8 21 12 3 18 20% 22588 243934 17798 12%
c - 3542.86 282 130 118 1082 120273 5 23712000 136211 1.8 21 12 3 18 21% 22592 243934 17798 12%
c - 3545.22 289 125 118 1083 120524 5 23744893 139908 1.8 21 11 3 18 20% 22600 243932 17798 12%
c - 3547.90 209 123 118 1084 120803 5 23777801 143335 1.8 20 11 3 18 20% 22606 243932 17798 12%
c s 3548.17 212 122 118 1084 120822 5 23783391 148556 1.8 20 11 3 18 20% 22627 243905 17798 12%
c e 3548.19 213 122 118 1084 120822 5 23783391 148556 1.8 20 11 3 18 20% 22622 243931 17796 12%
c s 3548.19 213 122 118 1084 120822 5 23783391 148556 1.8 20 11 3 18 20% 22622 243913 17796 12%
c } 3548.94 222 119 119 1084 120900 4 23795622 159637 1.8 20 11 3 18 19% 22622 243913 17796 12%
c [ 3548.94 222 116 119 1084 120900 1 23795622 159637 2.5 167 66 4 43 55% 22622 243913 17796 12%
c W 3548.96 242 116 119 1084 120900 1 23795622 159637 2.5 167 66 4 43 55% 22622 243913 17796 12%
c - 3551.59 255 121 119 1085 120909 1 23810726 140466 2.5 166 66 4 43 56% 22622 243913 17796 12%
c - 3557.37 258 130 119 1086 120924 1 23843666 126654 2.4 162 67 4 43 54% 22622 243913 17796 12%
c - 3563.11 174 135 119 1087 120930 1 23876622 115579 2.3 158 68 4 43 52% 22622 243913 17796 12%
c - 3567.78 177 139 119 1088 120945 1 23909592 112062 2.2 157 70 4 43 49% 22624 243913 17796 12%
c - 3571.28 197 137 119 1089 120960 1 23942576 114143 2.3 154 68 4 43 47% 22624 243913 17796 12%
c - 3575.05 158 129 119 1090 120962 1 23975578 116352 2.4 153 65 4 43 45% 22624 243913 17796 12%
c - 3578.53 160 124 119 1091 120972 1 24008593 114789 2.3 153 65 4 43 43% 22625 243913 17796 12%
c - 3582.72 164 119 119 1092 120987 1 24041624 114558 2.4 151 63 4 43 43% 22626 243913 17796 12%
c o 3585.86 167 120 119 1092 120994 1 24074654 146882 2.5 151 60 4 43 43% 22626 243913 17796 12%
c - 3585.89 167 120 119 1093 120994 1 24074669 117280 2.5 151 60 4 43 43% 22626 243913 17796 12%
c
c  seconds      switched         rate             size/glue   tier1     binary           remaining
c           MB      reductions      conflicts           size    tier2       irredundant
c             level        restarts         redundant       glue    trail           variables
c
c - 3591.40 174 131 119 1094 121009 1 24107729 117327 2.4 158 66 4 43 48% 22626 243913 17796 12%
c caught signal 15 (SIGTERM)
c
c ---- [ profiling ] ---------------------------------------------------------
c
c        3191.54   88.73 %  search
c        1600.89   44.51 %  stable
c        1590.65   44.22 %  focused
c         405.05   11.26 %  simplify
c         394.74   10.97 %  probe
c         308.66    8.58 %  vivify
c          70.13    1.95 %  sweep
c          14.82    0.41 %  reduce
c           9.25    0.26 %  factor
c           8.24    0.23 %  eliminate
c           4.74    0.13 %  substitute
c           2.84    0.08 %  subsume
c           2.21    0.06 %  walking
c           0.85    0.02 %  transitive
c           0.74    0.02 %  congruence
c           0.38    0.01 %  backbone
c           0.14    0.00 %  preprocess
c           0.04    0.00 %  parse
c           0.01    0.00 %  lucky
c =============================================
c        3596.78  100.00 %  total
c
c ---- [ statistics ] --------------------------------------------------------
c
c chronological:                        38456                0 %  conflicts
c conflicts:                         24139297             6711.35 per second
c congruent:                             3386                2 %  variables
c decisions:                         76183732                3.16 per conflict
c eliminated:                          121631               84 %  variables
c factored:                              1218                1 %  variables
c iterations:                             165                0 %  variables
c propagations:                   25067753215          6969488    per second
c reductions:                            1094            22065    interval
c reordered:                               69           349845    interval
c rephased:                                77           313497    interval
c restarts:                            121023              199    interval
c strengthened:                         23264                0 %  checks
c substituted:                           3497                2 %  variables
c subsumed:                             43808                0 %  checks
c switched:                               119           202851    interval
c vivified:                           3113503               33 %  checks
c walks:                                   26           928434    interval
c
c ---- [ glue usage ] --------------------------------------------------------
c
c focused glue 3    used  6499460 clauses  8.53% accumulated 55.94% tier1
c focused glue 4    used  5117998 clauses  6.72% accumulated 62.66%
c focused glue 5-16 used 20057691 clauses 26.34% accumulated 89.00%
c focused glue 17   used   578359 clauses  0.76% accumulated 89.76%
c focused glue 18   used   516648 clauses  0.68% accumulated 90.44% tier2
c
c stable glue 4    used  4697705 clauses  3.69% accumulated 53.27% tier1
c stable glue 5    used  4174441 clauses  3.28% accumulated 56.55%
c stable glue 6-41 used 41889146 clauses 32.93% accumulated 89.48%
c stable glue 42   used   455320 clauses  0.36% accumulated 89.84%
c stable glue 43   used   417175 clauses  0.33% accumulated 90.17% tier2
c
c ---- [ resources ] ---------------------------------------------------------
c
c maximum-resident-set-size:     483049603072 bytes     460672 MB
c process-time:                        59m 57s            3596.78 seconds
c raising signal 15 (SIGTERM)
