c ---- [ banner ] ------------------------------------------------------------
c
c Kissat SAT Solver
c 
c Copyright (c) 2021-2024 Armin Biere University of Freiburg
c Copyright (c) 2019-2021 Armin Biere Johannes Kepler University Linz
c 
c Version 4.0.4 unknown
c Apple clang version 17.0.0 (clang-1700.3.19.1) -W -Wall -O3 -DNDEBUG
c Thu Oct 16 20:09:41 UTC 2025 Darwin Tahoe-arm64.local 25.0.0 arm64
c
c ---- [ parsing ] -----------------------------------------------------------
c
c opened and reading DIMACS file:
c
c   /Users/rwalters/lean-genius-erdos85-goal48-sol3/q9-solver-controls/runs/006-N80-m8/input.cnf
c
c parsed 'p cnf 70117 239879' header
c closing input after reading 3742039 bytes (4 MB)
c finished parsing after 0.02 seconds
c
c ---- [ options ] -----------------------------------------------------------
c
c --restartint=50                  (different from default '1')
c --target=2                       (different from default '1')
c
c ---- [ solving ] -----------------------------------------------------------
c
c seconds switched rate     size/glue tier1   binary          remaining
c        MB reductions conflicts size  tier2      irredundant
c         level restarts redundant glue  trail           variables
c
c *  0.02 23 0 0 0  0 0   0   0 0.0 0 0 0 0 0% 167543 68298 68971 98%
c (  0.03 23 0 0 0  0 0   0   0 0.0 0 0 0 0 0% 167543 68298 68971 98%
c .  0.03 23 0 0 0  0 0   0   0 0.0 0 0 0 0 0% 165812 66968 68971 98%
c c  0.07 50 0 0 0  0 0   0   0 0.0 0 0 0 0 0% 166036 66928 67318 96%
c d  0.07 50 0 0 0  0 0   0   0 0.0 0 0 0 0 0% 162546 66928 67318 96%
c =  0.09 50 0 0 0  0 0   0   0 0.0 0 0 0 0 0% 162527 66897 67272 96%
c d  0.10 51 0 0 0  0 0   0   0 0.0 0 0 0 0 0% 162501 66883 67272 96%
c )  0.18 51 0 0 0  0 0   0   0 0.0 0 0 0 0 0% 162494 66883 67272 96%
c {  0.18 51 0 0 0  0 0   0   0 0.0 0 0 2 6 0% 162494 66883 67272 96%
c -  0.28 52 156 0 1  6 3 1003 674 7.2 146 20 12 27 63% 162416 66883 67272 96%
c }  0.28 52 156 1 1  6 3 1003 674 7.2 146 20 12 27 63% 162416 66883 67272 96%
c [  0.28 52 0 1 1  6 0 1003 674 0.0 0 0 2 6 0% 162416 66883 67272 96%
c B  0.28 52 0 1 1  6 0 1003 674 0.0 0 0 2 6 0% 162416 66883 67272 96%
c i  0.28 52 139 1 1  6 139 1004 674 0.0 1 0 2 6 13% 162416 66883 67271 96%
c i  0.28 52 138 1 1  6 47 1006 674 4.0 1 0 2 6 13% 162417 66883 67269 96%
c i  0.28 52 138 1 1  6 21 1010 675 2.2 2 1 2 6 13% 162418 66883 67267 96%
c i  0.28 52 137 1 1  6 11 1017 676 1.7 3 2 2 6 13% 162419 66883 67265 96%
c i  0.28 52 136 1 1  6 8 1022 676 1.6 3 2 2 6 13% 162420 66883 67263 96%
c i  0.28 52 135 1 1  6 6 1028 678 1.7 3 2 2 6 13% 162421 66883 67261 96%
c i  0.28 52 134 1 1  6 5 1036 678 1.7 3 2 2 6 13% 162422 66883 67259 96%
c
c seconds   switched rate      size/glue tier1    binary          remaining
c        MB  reductions conflicts   size  tier2       irredundant
c          level restarts  redundant  glue   trail           variables
c
c i  0.28 52 134 1 1  6 4 1049 683 1.6 3 2 2 6 13% 162424 66883 67257 96%
c i  0.28 52 134 1 1  6 4 1050 683 1.6 3 2 2 6 13% 162424 66883 67256 96%
c i  0.28 52 133 1 1  6 4 1055 686 1.6 3 2 2 6 13% 162424 66883 67253 96%
c i  0.29 52 133 1 1  6 4 1059 689 1.6 3 2 2 6 13% 162424 66883 67249 96%
c i  0.29 52 131 1 1  6 3 1097 717 1.7 4 2 2 6 13% 162429 66883 67217 96%
c i  0.29 52 131 1 1  6 3 1101 720 1.7 4 2 2 6 13% 162429 66883 67213 96%
c i  0.29 52 130 1 1  6 2 1110 723 1.7 4 2 2 6 13% 162432 66883 67209 96%
c i  0.29 52 129 1 1  6 2 1134 732 1.7 4 2 2 6 13% 162438 66883 67207 96%
c i  0.29 52 126 1 1  6 2 1186 767 1.8 4 2 2 6 13% 162443 66883 67205 96%
c i  0.29 52 125 1 1  6 2 1226 788 1.8 4 2 2 3 13% 162450 66883 67203 96%
c i  0.29 52 124 1 1  6 2 1268 809 1.8 4 2 2 3 13% 162457 66883 67201 96%
c i  0.29 52 122 1 1  6 2 1332 844 1.8 4 2 2 3 13% 162465 66883 67199 96%
c i  0.29 52 120 1 1  6 1 1400 886 1.8 4 2 2 3 13% 162473 66883 67197 96%
c i  0.29 53 119 1 1  6 2 1591 1029 1.9 5 3 2 3 13% 162495 66883 67191 96%
c i  0.29 53 118 1 1  6 1 1708 1105 1.9 5 3 2 4 13% 162502 66883 67173 96%
c i  0.29 53 117 1 1  6 1 1817 1166 1.9 5 3 2 4 13% 162508 66883 67169 96%
c i  0.30 53 117 1 1  6 1 1935 1252 1.9 5 3 2 4 13% 162515 66883 67167 96%
c -  0.30 53 117 1 2  6 1 2004 773 1.9 5 3 2 4 13% 162223 66883 67167 96%
c W  0.31 58 117 1 2  6 1 2004 773 1.9 5 3 2 4 13% 162223 66796 67167 96%
c u  0.39 61 105 1 2  7 3 2561 1290 3.8 29 8 2 4 31% 162252 66771 67167 96%
c
c seconds   switched rate       size/glue tier1     binary          remaining
c        MB  reductions conflicts     size  tier2       irredundant
c          level restarts  redundant    glue   trail           variables
c
c v  0.40 61 105 1 2  7 3 2561 1290 3.8 29 8 2 4 31% 162252 66771 67167 96%
c w  0.40 61 105 1 2  7 3 2561 1290 3.8 29 8 2 4 31% 162252 66771 67167 96%
c x  0.41 61 105 1 2  7 3 2561 1290 3.8 29 8 2 4 31% 162313 66682 67109 96%
c d  0.44 61 105 1 2  7 3 2561 1289 3.8 29 8 2 4 31% 162190 66653 67043 96%
c t  0.44 61 105 1 2  7 3 2561 1289 3.8 29 8 2 4 31% 162185 66653 67043 96%
c f  0.45 65 105 1 2  7 3 2561 1289 3.8 29 8 2 4 31% 162142 66653 67052 96%
c d  0.45 65 105 1 2  7 3 2561 1289 3.8 29 8 2 4 31% 162140 66653 67051 96%
c b  0.45 65 105 1 2  7 3 2561 1289 3.8 29 8 2 4 31% 162140 66653 67048 96%
c u  0.46 65 105 1 2  7 3 2561 1258 3.8 29 8 2 4 31% 162145 66653 67048 96%
c v  0.46 65 105 1 2  7 3 2561 1256 3.8 29 8 2 4 31% 162145 66653 67048 96%
c w  0.47 65 105 1 2  7 3 2561 1256 3.8 29 8 2 4 31% 162145 66653 67048 96%
c x  0.47 65 105 1 2  7 3 2561 1256 3.8 29 8 2 4 31% 162151 66647 67048 96%
c d  0.47 65 105 1 2  7 3 2561 1256 3.8 29 8 2 4 31% 162147 66647 67046 96%
c i  0.48 65 105 1 2  7 3 2561 1256 3.8 29 8 2 4 31% 162147 66647 67046 96%
c ]  0.53 65 103 2 2  7 3 2944 1617 2.9 40 14 2 12 38% 162150 66647 67046 96%
c {  0.53 65 156 2 2  7 3 2944 1617 7.2 146 20 12 27 63% 162150 66647 67046 96%
c -  0.58 65 117 2 3  8 3 3419 1602 6.5 122 19 10 25 66% 162023 66647 67046 96%
c }  0.63 65 94 3 3  8 2 3945 2124 6.7 116 17 10 25 67% 162024 66647 67046 96%
c [  0.63 65 103 3 3  8 3 3945 2124 2.9 40 14 2 12 38% 162024 66647 67046 96%
c I  0.66 65 95 3 3  8 2 4267 2439 3.6 52 14 3 20 43% 162024 66647 67046 96%
c
c seconds  switched rate       size/glue  tier1      binary          remaining
c        MB reductions conflicts     size   tier2        irredundant
c         level restarts  redundant     glue    trail           variables
c
c -  0.69 66 79 3 4  9 2 5151 2919 3.2 42 13 4 18 33% 162028 66647 67046 96%
c ]  0.72 66 67 4 4  9 2 5893 3545 2.9 38 13 4 18 28% 162030 66647 67046 96%
c {  0.72 66 94 4 4  9 2 5893 3545 6.7 116 17 10 25 67% 162030 66647 67046 96%
c i  0.73 66 84 4 4  9 2 6236 3836 6.2 102 16 10 25 58% 162034 66647 67039 96%
c i  0.74 66 70 4 4  9 2 6808 4316 5.9 84 14 8 21 48% 162041 66647 67032 96%
c i  0.75 66 74 4 4 10 3 6879 4381 5.8 83 14 8 21 48% 162044 66647 67028 96%
c i  0.75 66 74 4 4 10 3 6880 4381 5.8 83 14 8 21 48% 162044 66647 67020 96%
c -  0.77 66 75 4 5 10 3 7151 4205 5.9 81 14 6 20 50% 161971 66647 67020 96%
c i  0.79 66 79 4 5 11 3 7506 4545 5.9 80 14 6 20 53% 161973 66647 67018 96%
c i  0.80 66 80 4 5 11 3 7537 4568 5.8 80 14 6 20 53% 161975 66647 67007 96%
c i  0.81 66 80 4 5 11 3 7780 4796 5.8 76 13 6 20 51% 161981 66647 67005 96%
c i  0.81 66 80 4 5 11 3 7785 4799 5.8 76 13 6 20 51% 161982 66647 67004 96%
c c  0.85 72 79 4 5 11 3 7884 4895 5.7 75 13 6 20 51% 161918 66611 66997 96%
c d  0.85 74 79 4 5 11 3 7884 4895 5.7 75 13 6 20 51% 161959 66566 66997 96%
c b  0.86 74 79 4 5 11 3 7884 4895 5.7 75 13 6 20 51% 161959 66566 66977 96%
c u  0.87 74 79 4 5 11 3 7884 4779 5.7 75 13 6 20 51% 161959 66566 66977 96%
c v  0.89 74 79 4 5 11 3 7884 4757 5.7 75 13 6 20 51% 161959 66566 66977 96%
c w  0.89 74 79 4 5 11 3 7884 4756 5.7 75 13 6 20 51% 161959 66566 66977 96%
c =  0.95 74 79 4 5 11 3 7884 4756 5.7 75 13 6 20 51% 161978 66544 66969 96%
c d  0.95 75 79 4 5 11 3 7884 4755 5.7 75 13 6 20 51% 161899 66541 66938 95%
c
c seconds  switched rate       size/glue  tier1      binary          remaining
c        MB reductions conflicts     size   tier2        irredundant
c         level restarts  redundant     glue    trail           variables
c
c t  0.96 75 79 4 5 11 3 7884 4755 5.7 75 13 6 20 51% 161897 66541 66938 95%
c b  0.96 75 79 4 5 11 3 7884 4755 5.7 75 13 6 20 51% 161897 66541 66937 95%
c f  0.97 75 79 4 5 11 3 7884 4755 5.7 75 13 6 20 51% 161894 66541 66938 95%
c d  0.97 75 79 4 5 11 3 7884 4755 5.7 75 13 6 20 51% 161893 66540 66937 95%
c b  0.98 75 79 4 5 11 3 7884 4755 5.7 75 13 6 20 51% 161893 66540 66929 95%
c u  0.99 75 79 4 5 11 3 7884 4498 5.7 75 13 6 20 51% 161902 66540 66929 95%
c v  1.00 75 79 4 5 11 3 7884 4273 5.7 75 13 6 20 51% 161902 66540 66929 95%
c w  1.01 75 79 4 5 11 3 7884 4272 5.7 75 13 6 20 51% 161902 66540 66929 95%
c f  1.08 75 79 4 5 11 3 7884 4272 5.7 75 13 6 20 51% 161906 66531 66930 95%
c i  1.08 75 79 4 5 11 3 7886 4272 5.7 75 13 6 20 51% 161907 66531 66923 95%
c i  1.09 75 79 4 5 11 3 7902 4283 5.7 74 13 6 20 50% 161911 66531 66920 95%
c i  1.09 75 79 4 5 11 3 7904 4283 5.7 74 13 6 20 50% 161912 66531 66914 95%
c }  1.11 75 81 5 5 11 3 8248 4613 5.9 73 12 6 20 52% 161913 66531 66914 95%
c [  1.11 75 67 5 5 11 2 8248 4613 2.9 38 13 4 18 28% 161913 66531 66914 95%
c B  1.12 75 67 5 5 11 2 8248 4613 2.9 38 13 4 18 28% 161913 66531 66914 95%
c -  1.23 76 80 5 6 12 2 9387 4757 3.3 53 16 5 20 37% 161787 66531 66914 95%
c ]  1.23 76 80 6 6 12 2 9419 4788 3.3 53 16 5 20 37% 161787 66531 66914 95%
c {  1.23 76 81 6 6 12 3 9419 4788 5.9 73 12 6 20 52% 161787 66531 66914 95%
c o  1.29 76 91 6 6 14 3 10905 6106 5.5 59 11 5 17 46% 161804 66531 66914 95%
c i  1.31 76 95 6 6 14 3 11091 6267 5.4 58 11 5 17 46% 161815 66531 66912 95%
c
c seconds  switched rate        size/glue  tier1      binary          remaining
c        MB reductions conflicts      size   tier2        irredundant
c         level restarts   redundant     glue    trail           variables
c
c i  1.31 76 95 6 6 14 3 11114 6286 5.4 57 11 5 17 45% 161818 66531 66911 95%
c i  1.32 76 95 6 6 14 3 11145 6308 5.4 57 11 5 17 45% 161821 66531 66910 95%
c i  1.32 76 96 6 6 14 3 11249 6403 5.4 56 11 5 17 45% 161821 66531 66908 95%
c i  1.37 76 103 6 6 18 3 11776 6903 5.3 55 10 5 17 45% 161829 66531 66895 95%
c i  1.37 76 103 6 6 18 3 11778 6904 5.3 55 10 5 17 45% 161829 66531 66894 95%
c i  1.37 76 103 6 6 18 3 11792 6910 5.3 55 10 5 17 45% 161834 66530 66883 95%
c -  1.38 76 103 6 7 18 3 11840 5739 5.3 55 10 4 15 45% 161752 66530 66883 95%
c i  1.39 76 105 6 7 20 3 12044 5932 5.3 54 10 4 15 45% 161753 66530 66882 95%
c i  1.40 76 107 6 7 21 3 12210 6088 5.2 54 10 4 15 45% 161756 66530 66872 95%
c i  1.40 76 107 6 7 21 3 12225 6099 5.2 53 10 4 15 45% 161757 66530 66870 95%
c i  1.40 76 107 6 7 21 3 12227 6099 5.2 53 10 4 15 45% 161758 66530 66858 95%
c i  1.40 76 107 6 7 22 3 12268 6136 5.2 53 10 4 15 45% 161759 66530 66850 95%
c i  1.41 76 110 6 7 24 3 12508 6365 5.2 53 10 4 15 45% 161761 66530 66849 95%
c i  1.42 76 111 6 7 26 3 12613 6451 5.1 52 10 4 15 44% 161769 66530 66845 95%
c i  1.42 76 111 6 7 27 4 12664 6499 5.1 52 10 4 15 44% 161770 66530 66843 95%
c 2  1.42 76 111 6 7 27 4 12792 6621 5.0 51 10 4 15 44% 161772 66530 66836 95%
c s  1.43 76 111 6 7 27 4 12792 6621 5.0 51 10 4 15 44% 161772 66451 66836 95%
c e  1.55 92 111 6 7 27 4 12792 6621 5.0 51 10 4 15 44% 30476 132088 20315 29%
c 2  1.55 92 111 6 7 27 4 12792 6621 5.0 51 10 4 15 44% 30465 132088 20315 29%
c s  1.58 92 111 6 7 27 4 12792 6621 5.0 51 10 4 15 44% 30766 130331 20315 29%
c
c seconds   switched rate        size/glue  tier1     binary           remaining
c        MB  reductions conflicts      size   tier2       irredundant
c          level restarts   redundant     glue    trail           variables
c
c e  1.62 92 111 6 7 27 4 12792 6621 5.0 51 10 4 15 44% 29204 131762 20053 29%
c ^  1.62 92 111 6 7 27 4 12792 6621 5.0 51 10 4 15 44% 29204 131762 20053 29%
c i  1.63 93 111 6 7 28 4 13057 537 5.0 50 10 4 15 43% 29214 131762 20049 29%
c i  1.63 93 111 6 7 28 4 13069 542 5.0 50 10 4 15 43% 29217 131762 20043 29%
c i  1.63 93 110 6 7 28 4 13156 600 5.0 49 10 4 15 43% 29223 131760 20040 29%
c }  1.65 93 109 7 7 28 4 13488 920 4.9 49 10 4 15 44% 29223 131760 20040 29%
c [  1.65 93 80 7 7 28 2 13488 920 3.3 53 16 5 20 37% 29223 131760 20040 29%
c W  1.69 93 80 7 7 28 2 13779 1207 3.5 56 16 5 20 39% 29135 131709 20040 29%
c -  1.78 93 83 7 8 28 2 14485 1594 3.5 59 17 5 22 43% 29156 131689 20040 29%
c b  1.95 93 81 7 8 30 2 16147 3157 3.0 61 20 5 22 45% 29157 131689 20034 29%
c u  1.96 93 81 7 8 30 2 16147 2891 3.0 61 20 5 22 45% 29164 131689 20034 29%
c v  1.99 93 81 7 8 30 2 16147 2761 3.0 61 20 5 22 45% 29164 131689 20034 29%
c w  2.01 93 81 7 8 30 2 16147 2756 3.0 61 20 5 22 45% 29164 131689 20034 29%
c x  2.02 93 81 7 8 30 2 16147 2756 3.0 61 20 5 22 45% 29181 131661 20032 29%
c t  2.03 93 81 7 8 30 2 16147 2756 3.0 61 20 5 22 45% 28900 131654 20032 29%
c b  2.04 93 81 7 8 30 2 16147 2756 3.0 61 20 5 22 45% 28900 131654 20029 29%
c f  2.05 94 81 7 8 30 2 16147 2756 3.0 61 20 5 22 45% 28931 130735 20046 29%
c u  2.09 94 81 7 8 30 2 16147 2694 3.0 61 20 5 22 45% 28918 130726 20046 29%
c v  2.12 94 81 7 8 30 2 16147 2516 3.0 61 20 5 22 45% 28918 130726 20046 29%
c w  2.15 94 81 7 8 30 2 16147 2488 3.0 61 20 5 22 45% 28918 130726 20046 29%
c
c seconds  switched rate        size/glue  tier1     binary           remaining
c        MB reductions conflicts      size   tier2       irredundant
c         level restarts   redundant     glue    trail           variables
c
c t  2.29 94 81 7 8 30 2 16147 2488 3.0 61 20 5 22 45% 28900 130726 20046 29%
c f  2.31 94 81 7 8 30 2 16147 2488 3.0 61 20 5 22 45% 28953 129927 20074 29%
c i  2.31 94 81 7 8 30 2 16147 2488 3.0 61 20 5 22 45% 28953 129927 20074 29%
c ]  2.37 94 81 8 8 30 2 16877 3192 2.7 61 22 5 22 45% 28953 129927 20074 29%
c {  2.37 94 109 8 8 30 4 16877 3192 4.9 49 10 4 15 44% 28953 129927 20074 29%
c -  2.42 94 108 8 9 38 4 17313 2596 4.6 49 11 4 16 45% 28954 129927 20074 29%
c -  2.67 94 114 8 10 91 4 20314 4196 3.7 48 13 4 18 47% 28958 129927 20074 29%
c o  2.72 94 114 8 10 101 4 21091 4955 3.6 47 13 4 18 47% 28961 129927 20074 29%
c }  2.89 94 116 9 10 135 4 23036 6874 3.3 47 14 4 18 48% 28962 129927 20074 29%
c [  2.89 94 81 9 10 135 2 23036 6874 2.7 61 22 5 22 45% 28962 129927 20074 29%
c O  2.89 94 81 9 10 135 2 23036 6874 2.7 61 22 5 22 45% 28962 129927 20074 29%
c -  2.92 94 79 9 11 135 2 23476 6134 2.8 62 22 6 30 45% 28962 129927 20074 29%
c s  3.08 94 84 9 11 137 2 25391 8018 2.8 62 22 6 30 47% 28967 129090 20074 29%
c e  3.17 94 84 9 11 137 2 25391 8018 2.8 62 22 6 30 47% 21738 138395 17767 25%
c s  3.21 94 84 9 11 137 2 25391 8018 2.8 62 22 6 30 47% 21789 136643 17767 25%
c e  3.25 94 84 9 11 137 2 25391 8018 2.8 62 22 6 30 47% 21588 136881 17719 25%
c ^  3.25 94 84 9 11 137 2 25391 8018 2.8 62 22 6 30 47% 21588 136881 17719 25%
c -  3.36 94 83 9 12 137 2 26792 3028 3.0 66 22 6 28 49% 21588 136881 17719 25%
c b  3.40 94 84 9 12 138 2 27353 3582 3.0 66 22 6 28 49% 21588 136881 17718 25%
c u  3.42 94 84 9 12 138 2 27353 3180 3.0 66 22 6 28 49% 21590 136881 17718 25%
c
c seconds  switched   rate        size/glue  tier1     binary           remaining
c        MB  reductions conflicts       size   tier2       irredundant
c         level  restarts    redundant     glue    trail           variables
c
c v  3.46 94 84 9 12 138 2 27353 3024 3.0 66 22 6 28 49% 21590 136881 17718 25%
c w  3.47 94 84 9 12 138 2 27353 3024 3.0 66 22 6 28 49% 21590 136881 17718 25%
c t  3.48 94 84 9 12 138 2 27353 3024 3.0 66 22 6 28 49% 21548 136872 17718 25%
c f  3.50 94 84 9 12 138 2 27353 3024 3.0 66 22 6 28 49% 21584 136170 17738 25%
c u  3.52 94 84 9 12 138 2 27353 2951 3.0 66 22 6 28 49% 21584 136170 17738 25%
c v  3.55 94 84 9 12 138 2 27353 2771 3.0 66 22 6 28 49% 21584 136170 17738 25%
c w  3.57 94 84 9 12 138 2 27353 2771 3.0 66 22 6 28 49% 21584 136170 17738 25%
c x  3.58 94 84 9 12 138 2 27353 2771 3.0 66 22 6 28 49% 21585 135723 17738 25%
c f  3.61 94 84 9 12 138 2 27353 2771 3.0 66 22 6 28 49% 21632 134972 17764 25%
c ]  3.80 94 84 10 12 140 2 29414 4745 2.9 67 23 6 28 50% 21632 134972 17764 25%
c {  3.80 94 116 10 12 140 4 29414 4745 3.3 47 14 4 18 48% 21632 134972 17764 25%
c -  3.86 94 116 10 13 150 4 30256 4405 3.3 47 14 4 19 48% 21630 134972 17764 25%
c i  3.94 94 117 10 13 168 4 31837 5912 3.1 46 15 4 19 47% 21641 134972 17761 25%
c i  4.05 94 118 10 13 189 4 33492 7492 3.1 46 15 4 19 47% 21645 134972 17759 25%
c -  4.08 94 117 10 14 194 4 33861 6623 3.1 46 15 5 19 47% 21630 134972 17759 25%
c i  4.21 94 116 10 14 221 4 36141 8781 2.9 44 15 4 19 45% 21653 134972 17751 25%
c -  4.29 94 116 10 15 237 4 37603 8055 2.9 44 15 4 19 45% 21633 134972 17751 25%
c }  4.31 94 116 11 15 241 4 38041 8460 2.9 43 15 4 19 45% 21639 134972 17751 25%
c [  4.31 94 84 11 15 241 2 38041 8460 2.9 67 23 6 28 50% 21639 134972 17751 25%
c B  4.31 94 84 11 15 241 2 38041 8460 2.9 67 23 6 28 50% 21639 134972 17751 25%
c
c seconds   switched   rate        size/glue  tier1     binary           remaining
c        MB   reductions conflicts       size   tier2       irredundant
c         level   restarts    redundant     glue    trail           variables
c
c -  4.65 94 86 11 16 243 2 41475 8570 2.6 70 27 7 34 51% 21640 134972 17751 25%
c u  4.72 94 86 11 16 243 2 41776 8071 2.6 70 27 7 34 51% 21664 134878 17751 25%
c v  4.76 94 86 11 16 243 2 41776 7747 2.6 70 27 7 34 51% 21664 134878 17751 25%
c w  4.78 94 86 11 16 243 2 41776 7746 2.6 70 27 7 34 51% 21664 134878 17751 25%
c t  4.94 94 86 11 16 243 2 41776 7746 2.6 70 27 7 34 51% 21656 134878 17751 25%
c f  4.96 94 86 11 16 243 2 41776 7746 2.6 70 27 7 34 51% 21724 134000 17788 25%
c u  5.02 94 86 11 16 243 2 41776 7342 2.6 70 27 7 34 51% 21757 134000 17786 25%
c v  5.04 94 86 11 16 243 2 41776 7204 2.6 70 27 7 34 51% 21757 134000 17786 25%
c w  5.06 94 86 11 16 243 2 41776 7204 2.6 70 27 7 34 51% 21757 134000 17786 25%
c x  5.08 94 86 11 16 243 2 41776 7204 2.6 70 27 7 34 51% 21761 133355 17786 25%
c t  5.09 94 86 11 16 243 2 41776 7198 2.6 70 27 7 34 51% 21749 133355 17786 25%
c f  5.11 94 86 11 16 243 2 41776 7198 2.6 70 27 7 34 51% 21809 132825 17820 25%
c i  5.11 94 86 11 16 243 2 41776 7198 2.6 70 27 7 34 51% 21809 132825 17820 25%
c o  5.12 94 86 11 16 243 2 41776 7198 2.6 70 27 7 34 51% 21809 132825 17820 25%
c ]  5.26 94 89 12 16 245 2 43589 8962 2.5 71 28 7 34 53% 21809 132825 17820 25%
c {  5.26 94 116 12 16 245 4 43589 8962 2.9 43 15 4 19 45% 21809 132825 17820 25%
c -  5.40 94 116 12 17 272 4 45475 7940 2.8 44 16 4 20 45% 21804 132825 17820 25%
c i  5.45 94 117 12 17 281 4 46286 8718 2.8 44 16 4 20 45% 21808 132825 17816 25%
c -  5.70 94 118 12 18 328 4 49598 9529 2.7 44 16 4 20 45% 21806 132825 17816 25%
c s  5.90 94 117 12 18 357 4 52686 12529 2.7 44 16 4 20 46% 21812 132120 17816 25%
c
c seconds    switched   rate         size/glue  tier1     binary           remaining
c        MB    reductions conflicts        size   tier2       irredundant
c          level   restarts     redundant     glue    trail           variables
c
c e  5.98 94 117 12 18 357 4 52686 12529 2.7 44 16 4 20 46% 21094 133444 17258 25%
c s  6.00 94 117 12 18 357 4 52686 12529 2.7 44 16 4 20 46% 21097 132706 17258 25%
c e  6.04 94 117 12 18 357 4 52686 12529 2.7 44 16 4 20 46% 21078 132736 17249 25%
c ^  6.04 94 117 12 18 357 4 52686 12529 2.7 44 16 4 20 46% 21078 132736 17249 25%
c -  6.11 94 117 12 19 370 4 53841 7882 2.7 44 17 5 20 46% 21080 132736 17249 25%
c }  6.19 94 118 13 19 390 4 55068 9058 2.6 44 17 5 20 46% 21081 132736 17249 25%
c [  6.19 94 89 13 19 390 2 55068 9058 2.5 71 28 7 34 53% 21081 132736 17249 25%
c W  6.20 94 89 13 19 390 2 55068 9058 2.5 71 28 7 34 53% 21081 132736 17249 25%
c -  6.44 94 88 13 20 392 2 58200 9749 2.5 72 29 7 37 53% 21081 132736 17249 25%
c u  6.55 94 87 13 20 393 2 59516 10473 2.4 73 30 7 37 53% 21087 132734 17249 25%
c v  6.58 94 87 13 20 393 2 59516 10152 2.4 73 30 7 37 53% 21087 132734 17249 25%
c w  6.60 94 87 13 20 393 2 59516 10152 2.4 73 30 7 37 53% 21087 132734 17249 25%
c x  6.62 94 87 13 20 393 2 59516 10149 2.4 73 30 7 37 53% 21092 132477 17249 25%
c t  6.63 94 87 13 20 393 2 59516 10149 2.4 73 30 7 37 53% 21088 132477 17249 25%
c f  6.65 94 87 13 20 393 2 59516 10149 2.4 73 30 7 37 53% 21147 131972 17284 25%
c u  6.69 94 87 13 20 393 2 59516 9673 2.4 73 30 7 37 53% 21148 131972 17284 25%
c v  6.72 94 87 13 20 393 2 59516 9527 2.4 73 30 7 37 53% 21148 131972 17284 25%
c w  6.73 94 87 13 20 393 2 59516 9527 2.4 73 30 7 37 53% 21148 131972 17284 25%
c x  6.75 94 87 13 20 393 2 59516 9525 2.4 73 30 7 37 53% 21157 131730 17284 25%
c t  6.76 94 87 13 20 393 2 59516 9525 2.4 73 30 7 37 53% 21155 131730 17281 25%
c
c seconds   switched   rate        size/glue  tier1     binary           remaining
c        MB   reductions conflicts       size   tier2       irredundant
c         level   restarts    redundant     glue    trail           variables
c
c f  6.79 94 87 13 20 393 2 59516 9525 2.4 73 30 7 37 53% 21198 131371 17309 25%
c -  7.06 94 88 13 21 395 2 62675 9778 2.4 74 31 7 38 53% 21188 131371 17309 25%
c ]  7.20 94 89 14 21 396 2 63742 10814 2.4 76 31 7 38 53% 21188 131371 17309 25%
c {  7.20 94 118 14 21 396 4 63742 10814 2.6 44 17 5 20 46% 21188 131371 17309 25%
c -  7.50 94 118 14 22 447 4 67258 11021 2.6 45 17 4 21 47% 21193 131371 17309 25%
c o  7.83 94 120 14 22 505 4 71857 15549 2.6 46 18 4 21 47% 21199 131371 17309 25%
c -  7.84 94 120 14 23 506 4 71948 12692 2.6 46 18 4 21 47% 21199 131371 17309 25%
c i  7.91 94 120 14 23 518 4 72994 13719 2.6 46 18 4 21 48% 21199 131371 17308 25%
c -  8.18 94 120 14 24 559 4 76744 14142 2.6 47 18 4 21 48% 21202 131371 17308 25%
c }  8.29 94 119 15 24 576 4 78457 15830 2.6 47 18 4 21 48% 21204 131371 17308 25%
c [  8.29 94 89 15 24 576 2 78457 15830 2.4 76 31 7 38 53% 21204 131371 17308 25%
c I  8.29 94 89 15 24 576 2 78457 15830 2.4 76 31 7 38 53% 21204 131371 17308 25%
c b  8.48 94 92 15 24 578 2 80697 18021 2.3 78 33 7 38 52% 21216 131348 17306 25%
c u  8.52 94 92 15 24 578 2 80697 17283 2.3 78 33 7 38 52% 21217 131348 17306 25%
c v  8.56 94 92 15 24 578 2 80697 16966 2.3 78 33 7 38 52% 21218 131348 17306 25%
c w  8.59 95 92 15 24 578 2 80697 16965 2.3 78 33 7 38 52% 21218 131348 17306 25%
c x  8.62 95 92 15 24 578 2 80697 16964 2.3 78 33 7 38 52% 21223 131230 17306 25%
c t  8.86 95 92 15 24 578 2 80697 16964 2.3 78 33 7 38 52% 21214 131230 17306 25%
c f  8.89 95 92 15 24 578 2 80697 16964 2.3 78 33 7 38 52% 21267 130797 17339 25%
c u  8.94 95 92 15 24 578 2 80697 16500 2.3 78 33 7 38 52% 21269 130797 17339 25%
c
c seconds   switched   rate         size/glue  tier1     binary           remaining
c        MB   reductions conflicts        size   tier2       irredundant
c         level   restarts     redundant     glue    trail           variables
c
c v  8.98 95 92 15 24 578 2 80697 16449 2.3 78 33 7 38 52% 21269 130797 17339 25%
c w  9.01 94 92 15 24 578 2 80697 16449 2.3 78 33 7 38 52% 21269 130797 17339 25%
c x  9.04 95 92 15 24 578 2 80697 16449 2.3 78 33 7 38 52% 21270 130706 17339 25%
c t  9.05 95 92 15 24 578 2 80697 16449 2.3 78 33 7 38 52% 21269 130706 17339 25%
c f  9.08 95 92 15 24 578 2 80697 16449 2.3 78 33 7 38 52% 21321 130328 17369 25%
c -  9.19 95 91 15 25 578 2 81642 13162 2.3 77 33 7 40 52% 21316 130328 17369 25%
c -  9.66 95 90 15 26 581 2 86643 12687 2.3 78 34 6 39 51% 21317 130328 17369 25%
c ]  9.97 95 86 16 26 582 2 90090 15851 2.2 77 35 6 39 51% 21317 130328 17369 25%
c {  9.97 95 119 16 26 582 4 90090 15851 2.6 47 18 4 21 48% 21317 130328 17369 25%
c - 10.09 95 119 16 27 594 4 91742 12992 2.6 48 18 4 21 47% 21317 130328 17369 25%
c s 10.39 95 120 16 27 627 4 96613 17708 2.6 47 18 4 21 48% 21321 130220 17369 25%
c e 10.48 95 120 16 27 627 4 96613 17708 2.6 47 18 4 21 48% 18279 138295 15762 22%
c s 10.51 95 120 16 27 627 4 96613 17708 2.6 47 18 4 21 48% 18294 136580 15762 22%
c e 10.57 95 120 16 27 627 4 96613 17708 2.6 47 18 4 21 48% 18170 136810 15727 22%
c ^ 10.57 95 120 16 27 627 4 96613 17708 2.6 47 18 4 21 48% 18170 136810 15727 22%
c - 10.60 95 120 16 28 632 4 96938 7221 2.6 47 18 4 21 48% 18171 136810 15727 22%
c - 10.89 95 120 16 29 676 4 102231 11007 2.6 47 18 4 20 48% 18173 136810 15727 22%
c u 11.14 95 120 16 29 701 4 105442 13321 2.6 47 18 4 20 49% 18175 136810 15727 22%
c v 11.19 95 120 16 29 701 4 105442 13002 2.6 47 18 4 20 49% 18175 136810 15727 22%
c w 11.21 95 120 16 29 701 4 105442 12994 2.6 47 18 4 20 49% 18175 136810 15727 22%
c
c seconds    switched   rate          size/glue  tier1     binary           remaining
c        MB    reductions conflicts         size   tier2       irredundant
c          level   restarts      redundant     glue    trail           variables
c
c x 11.24 95 120 16 29 701 4 105442 12987 2.6 47 18 4 20 49% 18183 136049 15727 22%
c t 11.25 95 120 16 29 701 4 105442 12987 2.6 47 18 4 20 49% 18177 136049 15725 22%
c f 11.28 95 120 16 29 701 4 105442 12987 2.6 47 18 4 20 49% 18209 135492 15750 22%
c u 11.33 95 120 16 29 701 4 105442 12411 2.6 47 18 4 20 49% 18215 135479 15750 22%
c v 11.37 95 120 16 29 701 4 105442 12337 2.6 47 18 4 20 49% 18215 135479 15750 22%
c w 11.39 95 120 16 29 701 4 105442 12330 2.6 47 18 4 20 49% 18215 135479 15750 22%
c x 11.42 95 120 16 29 701 4 105442 12330 2.6 47 18 4 20 49% 18215 134582 15750 22%
c t 11.43 95 120 16 29 701 4 105442 12330 2.6 47 18 4 20 49% 18213 134582 15750 22%
c f 11.47 95 120 16 29 701 4 105442 12330 2.6 47 18 4 20 49% 18230 134281 15769 22%
c - 11.59 95 119 16 30 713 4 107616 13225 2.6 47 18 4 20 48% 18224 134281 15769 22%
c } 11.65 95 120 17 30 723 4 108427 14016 2.6 47 18 4 20 49% 18225 134281 15769 22%
c [ 11.65 95 86 17 30 723 2 108427 14016 2.2 77 35 6 39 51% 18225 134281 15769 22%
c B 11.65 95 86 17 30 723 2 108427 14016 2.2 77 35 6 39 51% 18225 134281 15769 22%
c - 12.09 95 86 17 31 726 2 113098 14480 2.3 79 35 6 37 50% 18225 134281 15769 22%
c o 12.49 95 81 17 31 729 2 116634 17484 2.3 80 34 6 37 51% 18225 134281 15769 22%
c - 12.58 103 87 17 32 729 2 118665 14300 2.3 79 35 6 36 50% 18225 134281 15769 22%
c ] 12.72 104 92 18 32 730 2 121175 16724 2.2 80 36 6 36 50% 18225 134281 15769 22%
c { 12.72 104 120 18 32 730 4 121175 16724 2.6 47 18 4 20 49% 18225 134281 15769 22%
c - 12.92 104 114 18 33 731 4 124321 15214 2.7 48 18 4 20 49% 18226 134281 15769 22%
c - 13.37 104 105 18 34 736 4 130065 17165 2.9 50 18 4 19 50% 18226 134281 15769 22%
c
c seconds     switched   rate          size/glue  tier1     binary           remaining
c         MB    reductions conflicts         size   tier2       irredundant
c           level   restarts      redundant     glue    trail           variables
c
c i 13.40 104 104 18 34 738 4 130604 17675 2.9 50 17 4 19 50% 18229 134281 15762 22%
c u 13.56 105 101 18 34 739 3 133838 19577 2.9 50 17 4 19 49% 18266 134203 15762 22%
c v 13.61 106 101 18 34 739 3 133838 19080 2.9 50 17 4 19 49% 18266 134203 15762 22%
c w 13.64 106 101 18 34 739 3 133838 19079 2.9 50 17 4 19 49% 18266 134203 15762 22%
c x 13.68 106 101 18 34 739 3 133838 19079 2.9 50 17 4 19 49% 18267 133912 15762 22%
c t 13.69 106 101 18 34 739 3 133838 19079 2.9 50 17 4 19 49% 18257 133912 15762 22%
c f 13.73 106 101 18 34 739 3 133838 19079 2.9 50 17 4 19 49% 18273 133654 15780 23%
c u 13.78 106 101 18 34 739 3 133838 18305 2.9 50 17 4 19 49% 18276 133654 15780 23%
c v 13.84 114 101 18 34 739 3 133838 18257 2.9 50 17 4 19 49% 18276 133654 15780 23%
c w 13.86 115 101 18 34 739 3 133838 18257 2.9 50 17 4 19 49% 18276 133654 15780 23%
c x 13.90 115 101 18 34 739 3 133838 18257 2.9 50 17 4 19 49% 18278 133621 15780 23%
c t 14.19 115 101 18 34 739 3 133838 18257 2.9 50 17 4 19 49% 18277 133621 15780 23%
c f 14.23 115 101 18 34 739 3 133838 18257 2.9 50 17 4 19 49% 18292 133424 15796 23%
c i 14.23 115 101 18 34 739 3 133839 18257 2.9 50 17 4 19 49% 18292 133424 15795 23%
c i 14.24 115 101 18 34 739 3 134152 18536 2.9 50 17 4 19 49% 18295 133424 15790 23%
c - 14.29 115 100 18 35 740 3 135895 16959 3.0 50 17 4 18 48% 18276 133424 15790 23%
c i 14.30 115 100 18 35 740 3 135927 16966 3.0 50 17 4 18 48% 18292 133424 15789 23%
c - 14.71 115 93 18 36 748 3 141811 18289 3.1 52 17 4 18 49% 18279 133421 15789 23%
c } 14.81 115 92 19 36 752 3 143520 19971 3.1 52 17 4 18 49% 18282 133421 15789 23%
c [ 14.81 115 92 19 36 752 2 143520 19971 2.2 80 36 6 36 50% 18282 133421 15789 23%
c
c seconds    switched   rate          size/glue  tier1     binary           remaining
c         MB   reductions conflicts         size   tier2       irredundant
c          level   restarts      redundant     glue    trail           variables
c
c W 14.83 115 92 19 36 752 2 143520 19971 2.2 80 36 6 36 50% 18282 133359 15789 23%
c - 15.27 115 90 19 37 755 2 147813 18341 2.2 80 37 6 39 50% 18282 133359 15789 23%
c - 15.89 115 87 19 38 758 2 153896 16561 2.2 83 38 5 39 50% 18282 133359 15789 23%
c ] 16.17 115 87 20 38 759 2 156717 19261 2.2 84 38 5 39 50% 18282 133359 15789 23%
c { 16.17 115 92 20 38 759 3 156717 19261 3.1 52 17 4 18 49% 18282 133359 15789 23%
c s 16.34 116 93 20 38 784 3 159042 21517 3.1 52 17 4 18 49% 18288 133125 15789 23%
c e 16.45 116 93 20 38 784 3 159042 21517 3.1 52 17 4 18 49% 15198 144522 14369 20%
c 2 16.45 116 93 20 38 784 3 159042 21517 3.1 52 17 4 18 49% 15196 144522 14369 20%
c s 16.48 116 93 20 38 784 3 159042 21517 3.1 52 17 4 18 49% 15229 140903 14369 20%
c e 16.54 116 93 20 38 784 3 159042 21517 3.1 52 17 4 18 49% 14997 141463 14312 20%
c ^ 16.54 116 93 20 38 784 3 159042 21517 3.1 52 17 4 18 49% 14997 141463 14312 20%
c i 16.55 116 93 20 38 784 3 159105 7624 3.1 52 17 4 18 49% 15006 141463 14311 20%
c - 16.58 116 94 20 39 791 3 160060 6853 3.1 52 17 4 18 48% 14998 141458 14311 20%
c u 16.99 116 96 20 39 857 3 165978 11248 3.0 52 17 4 18 48% 15022 141441 14311 20%
c v 17.08 124 96 20 39 857 3 165978 10835 3.0 52 17 4 18 48% 15022 141441 14311 20%
c w 17.12 124 96 20 39 857 3 165978 10834 3.0 52 17 4 18 48% 15022 141441 14311 20%
c t 17.13 124 96 20 39 857 3 165978 10834 3.0 52 17 4 18 48% 15011 141441 14311 20%
c f 17.17 124 96 20 39 857 3 165978 10834 3.0 52 17 4 18 48% 15027 140813 14325 20%
c u 17.22 124 96 20 39 857 3 165978 10492 3.0 52 17 4 18 48% 15030 140813 14325 20%
c v 17.28 124 96 20 39 857 3 165978 10291 3.0 52 17 4 18 48% 15030 140813 14325 20%
c
c seconds    switched   rate          size/glue  tier1     binary           remaining
c         MB   reductions conflicts         size   tier2       irredundant
c          level   restarts      redundant     glue    trail           variables
c
c w 17.31 124 96 20 39 857 3 165978 10290 3.0 52 17 4 18 48% 15030 140813 14325 20%
c x 17.35 124 96 20 39 857 3 165978 10288 3.0 52 17 4 18 48% 15074 139805 14324 20%
c t 17.35 124 96 20 39 857 3 165978 10288 3.0 52 17 4 18 48% 15070 139797 14323 20%
c f 17.39 124 96 20 39 857 3 165978 10288 3.0 52 17 4 18 48% 15083 139508 14332 20%
c i 17.39 124 96 20 39 857 3 165978 10288 3.0 52 17 4 18 48% 15083 139508 14332 20%
c - 17.40 124 96 20 40 857 3 166304 9627 3.0 51 17 4 18 48% 15073 139508 14332 20%
c o 17.42 124 96 20 40 858 3 166953 10218 3.0 51 17 4 18 48% 15073 139508 14332 20%
c - 17.65 124 99 20 41 908 3 172629 14364 3.0 50 17 4 18 47% 15090 139507 14332 20%
c i 17.74 124 101 20 41 933 3 174512 16168 2.9 49 17 4 18 47% 15092 139507 14331 20%
c - 18.04 124 103 20 42 985 3 179034 17087 2.9 49 17 4 18 47% 15091 139507 14331 20%
c } 18.32 133 105 21 42 1017 3 183456 21377 2.9 50 17 4 18 47% 15093 139507 14331 20%
c [ 18.32 133 87 21 42 1017 2 183456 21377 2.2 84 38 5 39 50% 15093 139507 14331 20%
c O 18.32 133 87 21 42 1017 2 183456 21377 2.2 84 38 5 39 50% 15093 139507 14331 20%
c - 18.52 133 85 21 43 1018 1 185515 18802 2.2 84 38 5 38 50% 15093 139507 14331 20%
c - 19.17 133 83 21 44 1023 1 192074 18503 2.3 86 38 5 37 50% 15094 139506 14331 20%
c ] 19.76 133 82 22 44 1026 1 198099 24207 2.3 86 38 5 37 49% 15095 139506 14331 20%
c { 19.76 133 105 22 44 1026 3 198099 24207 2.9 50 17 4 18 47% 15095 139506 14331 20%
c - 19.80 134 105 22 45 1030 3 198709 17267 2.9 50 17 4 18 47% 15095 139506 14331 20%
c i 19.87 134 105 22 45 1035 3 200225 18676 2.9 50 17 4 18 47% 15106 139505 14328 20%
c i 19.90 134 105 22 45 1036 3 200853 19272 2.9 49 17 4 18 47% 15110 139503 14327 20%
c
c seconds     switched    rate          size/glue  tier1     binary           remaining
c         MB    reductions  conflicts         size   tier2       irredundant
c           level    restarts      redundant     glue    trail           variables
c
c b 19.98 134 104 22 45 1037 3 201985 20325 2.9 49 17 4 18 47% 15122 139427 14324 20%
c u 20.04 134 104 22 45 1037 3 201985 19352 2.9 49 17 4 18 47% 15122 139427 14324 20%
c v 20.10 134 104 22 45 1037 3 201985 18844 2.9 49 17 4 18 47% 15125 139427 14324 20%
c w 20.13 135 104 22 45 1037 3 201985 18844 2.9 49 17 4 18 47% 15125 139427 14324 20%
c x 20.17 121 104 22 45 1037 3 201985 18843 2.9 49 17 4 18 47% 15125 139356 14324 20%
c t 20.18 121 104 22 45 1037 3 201985 18843 2.9 49 17 4 18 47% 15109 139356 14324 20%
c f 20.23 121 104 22 45 1037 3 201985 18843 2.9 49 17 4 18 47% 15118 139044 14332 20%
c u 20.29 121 104 22 45 1037 3 201985 18237 2.9 49 17 4 18 47% 15119 139044 14332 20%
c v 20.35 121 104 22 45 1037 3 201985 18020 2.9 49 17 4 18 47% 15119 139044 14332 20%
c w 20.38 128 104 22 45 1037 3 201985 18013 2.9 49 17 4 18 47% 15119 139044 14332 20%
c x 20.42 129 104 22 45 1037 3 201985 18013 2.9 49 17 4 18 47% 15119 138950 14332 20%
c t 20.43 129 104 22 45 1037 3 201985 18013 2.9 49 17 4 18 47% 15118 138950 14332 20%
c f 20.48 129 104 22 45 1037 3 201985 18013 2.9 49 17 4 18 47% 15126 138764 14338 20%
c i 20.54 129 104 22 45 1039 3 203886 19768 2.9 49 17 4 18 47% 15132 138763 14337 20%
c i 20.54 129 104 22 45 1039 3 203887 19768 2.9 49 17 4 18 47% 15132 138763 14336 20%
c - 20.61 129 104 22 46 1042 3 205417 17139 2.9 48 17 4 18 47% 15107 138763 14336 20%
c i 20.62 129 104 22 46 1042 3 205911 17588 2.9 48 17 4 18 47% 15113 138762 14335 20%
c i 20.62 129 104 22 46 1042 3 205913 17588 2.9 48 17 4 18 47% 15114 138762 14332 20%
c i 20.65 129 104 22 46 1043 3 206566 18215 2.9 48 17 4 18 47% 15115 138762 14331 20%
c i 20.65 129 104 22 46 1043 3 206572 18218 2.9 48 17 4 18 47% 15116 138761 14330 20%
c
c seconds     switched    rate          size/glue  tier1     binary           remaining
c         MB    reductions  conflicts         size   tier2       irredundant
c           level    restarts      redundant     glue    trail           variables
c
c i 20.68 129 103 22 46 1046 3 207128 18715 2.9 48 16 4 18 47% 15131 138760 14324 20%
c i 20.74 129 103 22 46 1049 3 209307 20750 2.9 47 16 4 18 46% 15134 138760 14322 20%
c i 20.78 129 102 22 46 1051 3 210398 21771 2.9 47 16 4 18 46% 15139 138759 14319 20%
c i 20.84 129 102 22 46 1055 3 211745 23028 2.9 47 16 4 18 46% 15143 138759 14317 20%
c - 20.86 129 102 22 47 1055 3 212204 20137 2.9 47 16 4 18 46% 15071 138759 14317 20%
c i 21.01 129 100 22 47 1057 3 216998 24587 3.0 48 16 4 18 46% 15075 138759 14316 20%
c i 21.06 129 99 22 47 1060 3 218624 25911 3.0 47 16 4 18 45% 15084 138759 14315 20%
c i 21.06 129 99 22 47 1060 3 218636 25918 3.0 47 16 4 18 45% 15085 138759 14312 20%
c i 21.06 129 99 22 47 1060 3 218644 25918 3.0 47 16 4 18 45% 15089 138758 14309 20%
c - 21.08 129 99 22 48 1062 3 219062 21944 3.0 47 16 4 17 45% 15070 138758 14309 20%
c i 21.11 129 99 22 48 1064 3 219964 22793 3.0 47 16 4 17 45% 15076 138758 14308 20%
c i 21.12 129 99 22 48 1064 3 220031 22853 3.0 47 16 4 17 45% 15076 138758 14307 20%
c i 21.12 129 99 22 48 1064 3 220115 22927 3.0 47 16 4 17 45% 15079 138757 14305 20%
c i 21.26 129 99 22 48 1073 3 223248 25864 3.0 46 15 4 17 44% 15090 138756 14302 20%
c i 21.37 130 98 22 48 1079 3 225855 28306 3.0 46 15 4 17 45% 15094 138756 14300 20%
c i 21.38 130 98 22 48 1079 3 225856 28306 3.0 46 15 4 17 45% 15094 138756 14299 20%
c i 21.38 130 98 22 48 1079 3 225908 28345 3.0 46 15 4 17 45% 15098 138755 14296 20%
c - 21.38 130 98 22 49 1079 3 225990 23846 3.0 45 15 4 17 44% 15075 138755 14296 20%
c o 21.45 130 98 22 49 1082 3 227931 25648 3.0 45 15 4 17 45% 15076 138754 14296 20%
c } 21.52 130 97 23 49 1082 3 229618 27201 3.0 45 15 4 17 44% 15079 138754 14296 20%
c
c seconds    switched    rate          size/glue  tier1     binary           remaining
c         MB   reductions  conflicts         size   tier2       irredundant
c          level    restarts      redundant     glue    trail           variables
c
c [ 21.52 130 82 23 49 1082 1 229618 27201 2.3 86 38 5 37 49% 15079 138754 14296 20%
c B 21.52 130 82 23 49 1082 1 229618 27201 2.3 86 38 5 37 49% 15079 138754 14296 20%
c - 21.77 130 83 23 50 1084 1 232990 25177 2.3 87 38 5 37 49% 15080 138754 14296 20%
c - 22.45 130 84 23 51 1088 1 240064 24127 2.2 87 39 5 37 50% 15081 138754 14296 20%
c s 22.64 131 84 23 51 1088 1 241702 25613 2.2 87 40 5 37 50% 15083 137828 14296 20%
c e 22.84 133 84 23 51 1088 1 241702 25613 2.2 87 40 5 37 50% 10217 192099 9786 14%
c 2 22.84 133 84 23 51 1088 1 241702 25613 2.2 87 40 5 37 50% 10216 192099 9786 14%
c s 23.00 133 84 23 51 1088 1 241702 25613 2.2 87 40 5 37 50% 10229 189497 9786 14%
c e 23.05 133 84 23 51 1088 1 241702 25613 2.2 87 40 5 37 50% 10195 189708 9772 14%
c ! 23.05 133 84 23 51 1088 1 241702 25613 2.2 87 40 5 37 50% 10195 189708 9772 14%
c b 23.08 143 84 23 51 1088 1 241886 9074 2.2 87 40 5 37 50% 10236 189667 9771 14%
c u 23.12 143 84 23 51 1088 1 241886 8388 2.2 87 40 5 37 50% 10242 189667 9771 14%
c v 23.17 144 84 23 51 1088 1 241886 8040 2.2 87 40 5 37 50% 10242 189667 9771 14%
c w 23.19 144 84 23 51 1088 1 241886 8021 2.2 87 40 5 37 50% 10242 189667 9771 14%
c x 23.22 144 84 23 51 1088 1 241886 8020 2.2 87 40 5 37 50% 10245 189080 9771 14%
c t 23.23 144 84 23 51 1088 1 241886 8020 2.2 87 40 5 37 50% 10235 189080 9769 14%
c f 23.28 144 84 23 51 1088 1 241886 8020 2.2 87 40 5 37 50% 10250 188624 9777 14%
c u 23.33 144 84 23 51 1088 1 241886 7575 2.2 87 40 5 37 50% 10250 188617 9777 14%
c v 23.38 144 84 23 51 1088 1 241886 7229 2.2 87 40 5 37 50% 10250 188617 9777 14%
c w 23.40 144 84 23 51 1088 1 241886 7213 2.2 87 40 5 37 50% 10250 188617 9777 14%
c
c seconds    switched    rate         size/glue  tier1     binary          remaining
c         MB   reductions  conflicts        size   tier2       irredundant
c          level    restarts     redundant     glue    trail          variables
c
c x 23.44 144 84 23 51 1088 1 241886 7213 2.2 87 40 5 37 50% 10252 188043 9777 14%
c f 23.69 144 84 23 51 1088 1 241886 7213 2.2 87 40 5 37 50% 10267 187626 9786 14%
c ] 23.88 144 84 24 51 1091 1 244574 9603 2.2 86 40 5 37 50% 10267 187626 9786 14%
c { 23.88 144 97 24 51 1091 3 244574 9603 3.0 45 15 4 17 44% 10267 187626 9786 14%
c - 24.07 144 98 24 52 1130 3 247205 10265 2.9 45 15 4 17 44% 10255 187626 9786 14%
c - 24.55 144 100 24 53 1231 3 254416 15909 2.8 45 16 4 17 44% 10261 187626 9786 14%
c - 25.09 144 101 24 54 1339 3 261697 20044 2.8 45 16 4 17 44% 10266 187626 9786 14%
c - 25.60 144 102 24 55 1417 3 269047 22573 2.7 45 16 4 17 45% 10268 187626 9786 14%
c - 26.19 145 103 24 56 1517 3 276463 24572 2.7 45 17 4 17 45% 10272 187626 9786 14%
c } 26.53 145 104 25 56 1579 3 281253 29220 2.7 45 17 4 17 45% 10274 187624 9786 14%
c [ 26.53 145 84 25 56 1579 1 281253 29220 2.2 86 40 5 37 50% 10274 187624 9786 14%
c W 26.55 145 84 25 56 1579 1 281253 29220 2.2 86 40 5 37 50% 10274 187624 9786 14%
c - 26.79 145 82 25 57 1581 1 283947 25800 2.2 85 39 5 37 51% 10274 187624 9786 14%
c u 27.08 145 81 25 57 1582 1 286206 26652 2.2 84 39 5 37 51% 10278 187624 9786 14%
c v 27.16 146 81 25 57 1582 1 286206 26482 2.2 84 39 5 37 51% 10278 187624 9786 14%
c w 27.20 147 81 25 57 1582 1 286206 26288 2.2 84 39 5 37 51% 10278 187624 9786 14%
c x 27.27 147 81 25 57 1582 1 286206 26288 2.2 84 39 5 37 51% 10279 187087 9786 14%
c t 27.27 147 81 25 57 1582 1 286206 26288 2.2 84 39 5 37 51% 10273 187087 9786 14%
c f 27.34 155 81 25 57 1582 1 286206 26288 2.2 84 39 5 37 51% 10291 186600 9797 14%
c u 27.42 156 81 25 57 1582 1 286206 25045 2.2 84 39 5 37 51% 10294 186600 9797 14%
c
c seconds    switched    rate          size/glue  tier1     binary          remaining
c         MB   reductions  conflicts         size   tier2       irredundant
c          level    restarts      redundant     glue    trail          variables
c
c v 27.50 157 81 25 57 1582 1 286206 24755 2.2 84 39 5 37 51% 10294 186600 9797 14%
c w 27.54 159 81 25 57 1582 1 286206 24727 2.2 84 39 5 37 51% 10294 186600 9797 14%
c x 27.60 159 81 25 57 1582 1 286206 24727 2.2 84 39 5 37 51% 10297 186001 9797 14%
c t 27.61 159 81 25 57 1582 1 286206 24727 2.2 84 39 5 37 51% 10296 186001 9797 14%
c f 27.67 159 81 25 57 1582 1 286206 24727 2.2 84 39 5 37 51% 10302 185787 9802 14%
c - 28.31 159 78 25 58 1585 1 291496 22139 2.1 83 39 5 37 51% 10302 185787 9802 14%
c - 29.08 159 75 25 59 1590 1 299111 20875 2.1 81 38 5 36 52% 10302 185787 9802 14%
c - 29.91 159 73 25 60 1593 1 306792 20465 2.1 78 38 5 36 52% 10302 185787 9802 14%
c ] 29.97 159 72 26 60 1593 1 307411 20989 2.1 78 38 5 36 52% 10302 185787 9802 14%
c { 29.97 159 104 26 60 1593 3 307411 20989 2.7 45 17 4 17 45% 10302 185787 9802 14%
c o 29.99 159 104 26 60 1596 3 307568 21128 2.7 45 17 4 17 45% 10302 185787 9802 14%
c - 30.42 134 105 26 61 1667 3 314540 23083 2.6 45 17 4 18 45% 10303 185787 9802 14%
c - 30.92 134 105 26 62 1753 3 322350 26016 2.6 45 17 4 17 45% 10307 185787 9802 14%
c - 31.50 146 106 26 63 1851 4 330224 27410 2.5 45 18 4 18 45% 10309 185787 9802 14%
c u 31.85 147 106 26 63 1898 4 334590 29792 2.5 45 18 4 18 45% 10338 185787 9802 14%
c v 31.93 147 106 26 63 1898 4 334590 28992 2.5 45 18 4 18 45% 10336 185787 9802 14%
c w 31.98 148 106 26 63 1898 4 334590 28986 2.5 45 18 4 18 45% 10336 185787 9802 14%
c x 32.05 148 106 26 63 1898 4 334590 28986 2.5 45 18 4 18 45% 10338 185246 9802 14%
c t 32.06 148 106 26 63 1898 4 334590 28986 2.5 45 18 4 18 45% 10329 185246 9802 14%
c f 32.13 148 106 26 63 1898 4 334590 28986 2.5 45 18 4 18 45% 10343 184842 9812 14%
c
c seconds     switched    rate          size/glue  tier1     binary          remaining
c         MB    reductions  conflicts         size   tier2       irredundant
c           level    restarts      redundant     glue    trail          variables
c
c u 32.24 159 106 26 63 1898 4 334590 27885 2.5 45 18 4 18 45% 10350 184842 9812 14%
c v 32.33 160 106 26 63 1898 4 334590 27519 2.5 45 18 4 18 45% 10350 184842 9812 14%
c w 32.38 160 106 26 63 1898 4 334590 27473 2.5 45 18 4 18 45% 10350 184842 9812 14%
c x 32.45 161 106 26 63 1898 4 334590 27471 2.5 45 18 4 18 45% 10354 183832 9812 14%
c t 32.46 161 106 26 63 1898 4 334590 27471 2.5 45 18 4 18 45% 10352 183832 9812 14%
c f 32.53 161 106 26 63 1898 4 334590 27471 2.5 45 18 4 18 45% 10362 183667 9818 14%
c - 32.77 161 106 26 64 1936 4 338161 25382 2.5 45 18 4 18 45% 10363 183667 9818 14%
c - 33.27 161 107 26 65 2020 4 346165 27256 2.5 44 18 4 18 44% 10364 183667 9818 14%
c s 33.47 161 106 26 65 2028 4 347118 28182 2.5 45 18 4 18 45% 10364 182304 9818 14%
c e 33.53 161 106 26 65 2028 4 347118 28182 2.5 45 18 4 18 45% 10229 183230 9742 14%
c s 33.63 161 106 26 65 2028 4 347118 28182 2.5 45 18 4 18 45% 10234 182635 9742 14%
c e 33.67 161 106 26 65 2028 4 347118 28182 2.5 45 18 4 18 45% 10218 182742 9732 14%
c } 33.81 161 106 27 65 2060 4 349629 27733 2.5 44 18 4 18 45% 10218 182742 9732 14%
c [ 33.81 161 72 27 65 2060 1 349629 27733 2.1 78 38 5 36 52% 10218 182742 9732 14%
c I 33.81 161 72 27 65 2060 1 349629 27733 2.1 78 38 5 36 52% 10218 182742 9732 14%
c - 34.28 161 73 27 66 2063 1 354227 25371 2.1 79 38 5 36 52% 10218 182742 9732 14%
c - 35.22 161 71 27 67 2067 1 362352 23961 2.0 78 38 5 35 53% 10218 182742 9732 14%
c - 36.28 161 69 27 68 2073 1 370537 22103 2.0 77 38 5 35 53% 10218 182742 9732 14%
c ] 36.59 161 69 28 68 2073 1 373061 24391 2.0 77 38 5 35 54% 10218 182742 9732 14%
c { 36.59 161 106 28 68 2073 4 373061 24391 2.5 44 18 4 18 45% 10218 182742 9732 14%
c
c seconds     switched    rate          size/glue  tier1     binary          remaining
c         MB    reductions  conflicts         size   tier2       irredundant
c           level    restarts      redundant     glue    trail          variables
c
c - 37.05 173 107 28 69 2136 4 378783 24013 2.5 45 18 4 18 45% 10218 182742 9732 14%
c - 37.63 174 107 28 70 2224 4 387090 28073 2.5 45 18 4 17 46% 10223 182742 9732 14%
c u 37.73 174 107 28 70 2224 4 387116 26533 2.5 45 18 4 17 46% 10223 182742 9732 14%
c v 37.84 174 107 28 70 2224 4 387116 26181 2.5 45 18 4 17 46% 10223 182742 9732 14%
c w 37.89 174 107 28 70 2224 4 387116 26178 2.5 45 18 4 17 46% 10223 182742 9732 14%
c x 37.98 182 107 28 70 2224 4 387116 26173 2.5 45 18 4 17 46% 10226 180010 9732 14%
c t 37.99 182 107 28 70 2224 4 387116 26173 2.5 45 18 4 17 46% 10223 180010 9732 14%
c f 38.07 183 107 28 70 2224 4 387116 26173 2.5 45 18 4 17 46% 10225 179908 9734 14%
c u 38.17 183 107 28 70 2224 4 387116 24257 2.5 45 18 4 17 46% 10229 179908 9734 14%
c v 38.27 184 107 28 70 2224 4 387116 23800 2.5 45 18 4 17 46% 10230 179908 9734 14%
c w 38.32 185 107 28 70 2224 4 387116 23797 2.5 45 18 4 17 46% 10230 179908 9734 14%
c x 38.40 185 107 28 70 2224 4 387116 23790 2.5 45 18 4 17 46% 10232 177399 9734 14%
c t 38.41 185 107 28 70 2224 4 387116 23790 2.5 45 18 4 17 46% 10229 177399 9734 14%
c f 38.50 185 107 28 70 2224 4 387116 23790 2.5 45 18 4 17 46% 10242 177123 9742 14%
c o 38.54 185 108 28 70 2227 4 387710 24357 2.5 45 18 4 17 46% 10242 177123 9742 14%
c - 39.11 186 108 28 71 2304 4 395456 26053 2.5 45 18 4 17 46% 10247 177123 9742 14%
c - 39.72 186 110 28 72 2394 4 403882 28009 2.4 45 19 4 17 46% 10249 177123 9742 14%
c - 40.34 187 111 28 73 2493 4 412367 29529 2.4 46 19 4 17 46% 10250 177123 9742 14%
c - 40.85 160 111 28 74 2570 4 420912 30752 2.4 46 19 4 17 46% 10252 177123 9742 14%
c } 40.87 160 110 29 74 2570 4 421202 31018 2.4 46 19 4 17 46% 10252 177123 9742 14%
c
c seconds    switched    rate          size/glue  tier1     binary          remaining
c         MB   reductions  conflicts         size   tier2       irredundant
c          level    restarts      redundant     glue    trail          variables
c
c [ 40.87 160 69 29 74 2570 1 421202 31018 2.0 77 38 5 35 54% 10252 177123 9742 14%
c B 40.87 160 69 29 74 2570 1 421202 31018 2.0 77 38 5 35 54% 10252 177123 9742 14%
c - 41.54 161 72 29 75 2576 1 429516 29491 2.0 78 39 5 35 53% 10252 177123 9742 14%
c - 42.48 162 70 29 76 2580 1 438176 26255 2.0 78 39 5 34 53% 10252 177123 9742 14%
c u 43.11 164 69 29 76 2583 1 443767 29852 2.0 79 39 5 34 53% 10269 177123 9742 14%
c v 43.20 164 69 29 76 2583 1 443767 28800 2.0 79 39 5 34 53% 10270 177123 9742 14%
c w 43.27 167 69 29 76 2583 1 443767 28490 2.0 79 39 5 34 53% 10270 177123 9742 14%
c x 43.35 167 69 29 76 2583 1 443767 28481 2.0 79 39 5 34 53% 10275 174251 9742 14%
c = 43.96 168 69 29 76 2583 1 443767 28481 2.0 79 39 5 34 53% 10275 174245 9741 14%
c t 43.97 168 69 29 76 2583 1 443767 28481 2.0 79 39 5 34 53% 10262 174245 9741 14%
c f 44.05 168 69 29 76 2583 1 443767 28481 2.0 79 39 5 34 53% 10272 174008 9748 14%
c u 44.15 168 69 29 76 2583 1 443767 27618 2.0 79 39 5 34 53% 10274 174008 9748 14%
c v 44.25 168 69 29 76 2583 1 443767 26867 2.0 79 39 5 34 53% 10274 174008 9748 14%
c w 44.30 171 69 29 76 2583 1 443767 26859 2.0 79 39 5 34 53% 10274 174008 9748 14%
c x 44.38 171 69 29 76 2583 1 443767 26849 2.0 79 39 5 34 53% 10276 171582 9747 14%
c t 44.39 171 69 29 76 2583 1 443767 26849 2.0 79 39 5 34 53% 10274 171560 9747 14%
c b 44.39 171 69 29 76 2583 1 443767 26849 2.0 79 39 5 34 53% 10274 171560 9746 14%
c f 44.47 171 69 29 76 2583 1 443767 26849 2.0 79 39 5 34 53% 10287 171272 9755 14%
c i 44.48 171 69 29 76 2583 1 443767 26849 2.0 79 39 5 34 53% 10287 171272 9755 14%
c - 44.81 167 69 29 77 2584 1 446893 22089 2.0 78 39 5 34 53% 10275 171272 9755 14%
c
c seconds    switched    rate          size/glue  tier1     binary          remaining
c         MB   reductions  conflicts         size   tier2       irredundant
c          level    restarts      redundant     glue    trail          variables
c
c - 45.77 168 67 29 78 2586 1 455669 21848 2.0 77 39 5 34 52% 10275 171272 9755 14%
c ] 45.82 168 67 30 78 2587 1 456188 22227 2.0 77 39 5 34 52% 10275 171272 9755 14%
c { 45.82 168 110 30 78 2587 4 456188 22227 2.4 46 19 4 17 46% 10275 171272 9755 14%
c - 46.38 170 111 30 79 2671 4 464500 25797 2.4 46 19 4 17 47% 10279 171270 9755 14%
c - 46.99 171 112 30 80 2758 4 473392 29771 2.4 46 19 4 17 47% 10286 171270 9755 14%
c s 47.24 171 112 30 80 2782 4 475828 32119 2.4 46 19 4 17 47% 10295 170944 9755 14%
c e 47.31 171 112 30 80 2782 4 475828 32119 2.4 46 19 4 17 47% 10132 172306 9648 14%
c s 47.37 171 112 30 80 2782 4 475828 32119 2.4 46 19 4 17 47% 10133 171714 9648 14%
c e 47.40 171 112 30 80 2782 4 475828 32119 2.4 46 19 4 17 47% 10129 171758 9644 14%
c o 47.55 172 112 30 80 2805 4 477743 31359 2.4 46 19 4 17 47% 10130 171758 9644 14%
c - 47.88 173 113 30 81 2854 4 482336 29662 2.4 46 19 4 17 47% 10133 171758 9644 14%
c - 48.53 174 114 30 82 2942 4 491336 32029 2.4 47 19 4 17 47% 10136 171758 9644 14%
c - 49.10 174 114 30 83 3022 4 500391 34177 2.4 46 19 4 17 47% 10138 171758 9644 14%
c u 49.49 175 114 30 83 3056 4 504619 36987 2.4 47 19 4 17 47% 10144 171758 9644 14%
c v 49.59 175 114 30 83 3056 4 504619 36735 2.4 47 19 4 17 47% 10144 171758 9644 14%
c w 49.65 175 114 30 83 3056 4 504619 36731 2.4 47 19 4 17 47% 10144 171758 9644 14%
c x 49.73 175 114 30 83 3056 4 504619 36724 2.4 47 19 4 17 47% 10146 169671 9644 14%
c t 49.74 175 114 30 83 3056 4 504619 36724 2.4 47 19 4 17 47% 10139 169671 9644 14%
c f 49.82 175 114 30 83 3056 4 504619 36724 2.4 47 19 4 17 47% 10144 169569 9647 14%
c u 49.92 172 114 30 83 3056 4 504619 35490 2.4 47 19 4 17 47% 10146 169569 9647 14%
c
c seconds     switched    rate          size/glue  tier1     binary          remaining
c         MB    reductions  conflicts         size   tier2       irredundant
c           level    restarts      redundant     glue    trail          variables
c
c v 50.02 173 114 30 83 3056 4 504619 35142 2.4 47 19 4 17 47% 10147 169569 9647 14%
c w 50.07 174 114 30 83 3056 4 504619 35132 2.4 47 19 4 17 47% 10147 169569 9647 14%
c x 50.15 174 114 30 83 3056 4 504619 35126 2.4 47 19 4 17 47% 10148 167298 9647 14%
c f 50.24 174 114 30 83 3056 4 504619 35126 2.4 47 19 4 17 47% 10153 167184 9650 14%
c - 50.57 174 114 30 84 3093 4 509502 32971 2.4 47 19 4 17 47% 10156 167184 9650 14%
c } 50.60 174 114 31 84 3093 4 510623 34064 2.4 46 19 4 17 46% 10156 167184 9650 14%
c [ 50.60 174 67 31 84 3093 1 510623 34064 2.0 77 39 5 34 52% 10156 167184 9650 14%
c W 50.62 172 67 31 84 3093 1 510623 34064 2.0 77 39 5 34 52% 10156 167184 9650 14%
c - 51.41 121 65 31 85 3098 1 518667 33431 2.0 78 38 5 33 52% 10156 167184 9650 14%
c - 52.25 122 64 31 86 3103 1 527887 31257 2.1 79 38 5 33 51% 10156 167184 9650 14%
c - 53.11 123 62 31 87 3107 1 537160 29785 2.1 80 37 5 32 51% 10156 167184 9650 14%
c - 54.14 123 61 31 88 3110 1 546487 29761 2.2 81 37 5 32 50% 10156 167184 9650 14%
c ] 54.33 123 61 32 88 3111 1 548288 31274 2.2 81 37 5 32 50% 10156 167184 9650 14%
c { 54.33 123 114 32 88 3111 4 548288 31274 2.4 46 19 4 17 46% 10156 167184 9650 14%
c - 54.82 127 114 32 89 3173 4 555867 32384 2.4 46 19 4 17 47% 10157 167184 9650 14%
c - 55.43 129 114 32 90 3269 4 565301 35585 2.4 47 19 4 17 47% 10158 167184 9650 14%
c u 55.84 130 114 32 90 3314 4 569738 38244 2.4 47 19 4 17 47% 10170 167184 9650 14%
c v 55.96 130 114 32 90 3314 4 569738 37450 2.4 47 19 4 17 47% 10170 167184 9650 14%
c w 56.02 131 114 32 90 3314 4 569738 37443 2.4 47 19 4 17 47% 10170 167184 9650 14%
c x 56.11 131 114 32 90 3314 4 569738 37433 2.4 47 19 4 17 47% 10172 165055 9650 14%
c
c seconds     switched    rate          size/glue  tier1     binary          remaining
c         MB    reductions  conflicts         size   tier2       irredundant
c           level    restarts      redundant     glue    trail          variables
c
c t 56.12 131 114 32 90 3314 4 569738 37433 2.4 47 19 4 17 47% 10165 165055 9650 14%
c f 56.22 131 114 32 90 3314 4 569738 37433 2.4 47 19 4 17 47% 10173 164880 9655 14%
c u 56.35 132 114 32 90 3314 4 569738 35832 2.4 47 19 4 17 47% 10213 164880 9654 14%
c v 56.47 133 114 32 90 3314 4 569738 35484 2.4 47 19 4 17 47% 10213 164880 9654 14%
c w 56.53 134 114 32 90 3314 4 569738 35483 2.4 47 19 4 17 47% 10213 164880 9654 14%
c x 56.62 134 114 32 90 3314 4 569738 35470 2.4 47 19 4 17 47% 10214 162548 9653 14%
c t 56.63 134 114 32 90 3314 4 569738 35470 2.4 47 19 4 17 47% 10199 162533 9653 14%
c b 56.63 134 114 32 90 3314 4 569738 35470 2.4 47 19 4 17 47% 10199 162533 9652 14%
c f 56.73 134 114 32 90 3314 4 569738 35470 2.4 47 19 4 17 47% 10207 162297 9659 14%
c i 56.73 134 114 32 90 3314 4 569738 35470 2.4 47 19 4 17 47% 10207 162297 9659 14%
c - 57.07 136 114 32 91 3359 4 574787 33694 2.4 47 19 4 17 47% 10196 162297 9659 14%
c o 57.33 136 114 32 91 3396 4 577976 36822 2.4 47 19 4 17 47% 10200 162296 9659 14%
c - 57.64 137 114 32 92 3434 4 584327 35948 2.4 46 19 4 17 47% 10200 162296 9659 14%
c - 58.30 137 113 32 93 3516 4 593919 37600 2.4 47 19 4 17 47% 10201 162296 9659 14%
c - 59.01 137 113 32 94 3604 4 603563 37082 2.5 48 19 3 17 48% 10203 162296 9659 14%
c } 59.34 139 113 33 94 3636 3 609392 42719 2.5 48 19 3 17 48% 10205 162296 9659 14%
c [ 59.34 139 61 33 94 3636 1 609392 42719 2.2 81 37 5 32 50% 10205 162296 9659 14%
c O 59.34 139 61 33 94 3636 1 609392 42719 2.2 81 37 5 32 50% 10205 162296 9659 14%
c - 59.73 140 60 33 95 3638 1 613258 36684 2.2 81 37 5 31 50% 10205 162296 9659 14%
c - 60.80 141 58 33 96 3644 1 623004 32964 2.2 81 36 5 31 50% 10205 162296 9659 14%
c
c seconds    switched    rate          size/glue  tier1     binary          remaining
c         MB   reductions  conflicts         size   tier2       irredundant
c          level    restarts      redundant     glue    trail          variables
c
c s 61.45 100 57 33 96 3648 1 629068 38104 2.3 81 36 5 31 49% 10209 161993 9659 14%
c e 61.53 101 57 33 96 3648 1 629068 38104 2.3 81 36 5 31 49% 10066 163143 9564 14%
c 2 61.53 101 57 33 96 3648 1 629068 38104 2.3 81 36 5 31 49% 10065 163143 9564 14%
c s 61.58 101 57 33 96 3648 1 629068 38104 2.3 81 36 5 31 49% 10070 162612 9564 14%
c e 61.61 101 57 33 96 3648 1 629068 38104 2.3 81 36 5 31 49% 10065 162656 9559 14%
c - 62.01 101 57 33 97 3649 1 632801 28090 2.3 81 36 5 31 49% 10065 162656 9559 14%
c u 62.71 103 59 33 97 3650 1 639160 32269 2.2 82 37 5 31 49% 10068 162656 9559 14%
c v 62.83 103 59 33 97 3650 1 639160 31513 2.2 82 37 5 31 49% 10068 162656 9559 14%
c w 62.91 107 59 33 97 3650 1 639160 31405 2.2 82 37 5 31 49% 10068 162656 9559 14%
c x 63.01 107 59 33 97 3650 1 639160 31389 2.2 82 37 5 31 49% 10070 160087 9559 14%
c t 63.01 107 59 33 97 3650 1 639160 31389 2.2 82 37 5 31 49% 10063 160087 9559 14%
c f 63.11 107 59 33 97 3650 1 639160 31389 2.2 82 37 5 31 49% 10069 159980 9563 14%
c u 63.23 107 59 33 97 3650 1 639160 30466 2.2 82 37 5 31 49% 10074 159980 9563 14%
c v 63.34 107 59 33 97 3650 1 639160 29439 2.2 82 37 5 31 49% 10074 159980 9563 14%
c w 63.41 110 59 33 97 3650 1 639160 29417 2.2 82 37 5 31 49% 10074 159980 9563 14%
c x 63.51 110 59 33 97 3650 1 639160 29398 2.2 82 37 5 31 49% 10079 157446 9562 14%
c t 63.52 110 59 33 97 3650 1 639160 29398 2.2 82 37 5 31 49% 10080 157440 9562 14%
c f 63.61 110 59 33 97 3650 1 639160 29398 2.2 82 37 5 31 49% 10086 157335 9566 14%
c i 63.62 110 59 33 97 3650 1 639160 29398 2.2 82 37 5 31 49% 10086 157335 9566 14%
c - 64.01 110 59 33 98 3651 1 642652 24162 2.2 82 37 5 31 49% 10081 157335 9566 14%
c
c seconds    switched    rate          size/glue  tier1     binary          remaining
c         MB   reductions  conflicts         size   tier2       irredundant
c          level    restarts      redundant     glue    trail          variables
c
c ] 64.67 110 60 34 98 3655 1 647684 28737 2.2 82 37 5 31 49% 10081 157335 9566 14%
c { 64.67 110 113 34 98 3655 3 647684 28737 2.5 48 19 3 17 48% 10081 157335 9566 14%
c - 64.98 110 109 34 99 3657 3 652551 26074 2.6 48 19 3 17 48% 10081 157335 9566 14%
c - 65.48 111 101 34 100 3657 3 662500 33068 2.7 49 18 4 17 48% 10081 157335 9566 14%
c i 65.69 111 99 34 100 3658 3 665967 36518 2.7 50 18 4 17 48% 10081 157335 9565 14%
c - 66.00 112 95 34 101 3660 3 672500 37888 2.8 50 18 4 17 47% 10078 157335 9565 14%
c - 66.47 113 89 34 102 3667 3 682550 39917 2.8 49 17 4 16 46% 10080 157335 9565 14%
c - 67.15 115 83 34 103 3670 3 692650 41258 3.0 52 17 4 17 47% 10080 157335 9565 14%
c o 67.18 115 83 34 103 3671 3 692915 41522 3.0 52 17 4 17 47% 10080 157335 9565 14%
c - 67.76 117 78 34 104 3678 3 702798 42277 3.2 53 17 4 16 47% 10082 157335 9565 14%
c u 68.54 121 73 34 104 3692 2 712920 50964 3.3 54 17 4 16 47% 10100 157318 9565 14%
c v 68.67 124 73 34 104 3692 2 712920 50943 3.3 54 17 4 16 47% 10100 157318 9565 14%
c w 68.75 125 73 34 104 3692 2 712920 50942 3.3 54 17 4 16 47% 10100 157318 9565 14%
c x 68.84 125 73 34 104 3692 2 712920 50925 3.3 54 17 4 16 47% 10102 155818 9565 14%
c t 69.49 125 73 34 104 3692 2 712920 50925 3.3 54 17 4 16 47% 10099 155818 9565 14%
c f 69.58 125 73 34 104 3692 2 712920 50925 3.3 54 17 4 16 47% 10104 155716 9569 14%
c u 69.69 135 73 34 104 3692 2 712920 49786 3.3 54 17 4 16 47% 10125 155716 9566 14%
c v 69.82 139 73 34 104 3692 2 712920 49692 3.3 54 17 4 16 47% 10125 155716 9566 14%
c w 69.88 140 73 34 104 3692 2 712920 49690 3.3 54 17 4 16 47% 10125 155716 9566 14%
c x 69.97 140 73 34 104 3692 2 712920 49668 3.3 54 17 4 16 47% 10134 154097 9566 14%
c
c seconds    switched     rate          size/glue  tier1     binary          remaining
c         MB   reductions   conflicts         size   tier2       irredundant
c          level     restarts      redundant     glue    trail          variables
c
c t 69.98 140 73 34 104 3692 2 712920 49666 3.3 54 17 4 16 47% 10130 154097 9566 14%
c f 70.06 140 73 34 104 3692 2 712920 49666 3.3 54 17 4 16 47% 10132 154041 9568 14%
c i 70.07 146 73 34 104 3692 2 712920 49666 3.3 54 17 4 16 47% 10132 154041 9568 14%
c - 70.09 155 73 34 105 3692 2 712997 38526 3.3 54 17 3 16 47% 10128 154041 9568 14%
c } 70.28 156 72 35 105 3693 2 715830 41331 3.3 55 16 3 16 48% 10130 154041 9568 14%
c [ 70.28 156 60 35 105 3693 1 715830 41331 2.2 82 37 5 31 49% 10130 154041 9568 14%
c B 70.28 156 60 35 105 3693 1 715830 41331 2.2 82 37 5 31 49% 10130 154041 9568 14%
c - 71.00 157 59 35 106 3698 1 723244 35250 2.2 82 37 5 30 49% 10130 154041 9568 14%
c - 72.17 141 58 35 107 3704 1 733539 29575 2.2 82 37 5 30 49% 10130 154041 9568 14%
c - 73.27 141 58 35 108 3707 1 743883 25950 2.2 83 37 4 30 48% 10130 154041 9568 14%
c ] 74.15 142 58 36 108 3710 1 752665 33878 2.2 84 37 4 30 48% 10130 154041 9568 14%
c { 74.15 142 72 36 108 3710 2 752665 33878 3.3 55 16 3 16 48% 10130 154041 9568 14%
c - 74.27 144 73 36 109 3727 2 754275 25431 3.3 55 17 3 16 48% 10132 154041 9568 14%
c - 74.95 143 78 36 110 3850 3 764717 30597 3.2 54 17 3 16 48% 10138 154041 9568 14%
c - 75.66 145 82 36 111 3995 3 775206 34590 3.1 53 17 3 16 47% 10145 154041 9568 14%
c - 76.56 146 86 36 112 4155 3 785742 36196 3.0 53 18 3 16 48% 10150 154041 9568 14%
c u 77.10 146 88 36 112 4223 3 791093 39473 2.9 53 18 3 16 48% 10156 154041 9568 14%
c v 77.26 147 88 36 112 4223 3 791093 38912 2.9 53 18 3 16 48% 10156 154041 9568 14%
c w 77.34 148 88 36 112 4223 3 791093 38908 2.9 53 18 3 16 48% 10156 154041 9568 14%
c x 77.46 148 88 36 112 4223 3 791093 38880 2.9 53 18 3 16 48% 10179 150781 9568 14%
c
c seconds    switched     rate          size/glue  tier1     binary          remaining
c         MB   reductions   conflicts         size   tier2       irredundant
c          level     restarts      redundant     glue    trail          variables
c
c t 77.47 148 88 36 112 4223 3 791093 38880 2.9 53 18 3 16 48% 10160 150781 9567 14%
c f 77.59 148 88 36 112 4223 3 791093 38880 2.9 53 18 3 16 48% 10161 150693 9571 14%
c u 77.74 148 88 36 112 4223 3 791093 37984 2.9 53 18 3 16 48% 10166 150691 9571 14%
c v 77.90 149 88 36 112 4223 3 791093 37205 2.9 53 18 3 16 48% 10166 150691 9571 14%
c w 77.98 150 88 36 112 4223 3 791093 37198 2.9 53 18 3 16 48% 10166 150691 9571 14%
c x 78.09 150 88 36 112 4223 3 791093 37155 2.9 53 18 3 16 48% 10180 147799 9570 14%
c t 78.10 150 88 36 112 4223 3 791093 37155 2.9 53 18 3 16 48% 10178 147795 9570 14%
c f 78.23 150 88 36 112 4223 3 791093 37155 2.9 53 18 3 16 48% 10185 147654 9575 14%
c i 78.23 150 88 36 112 4223 3 791093 37155 2.9 53 18 3 16 48% 10185 147654 9575 14%
c - 78.66 150 89 36 113 4290 3 796325 34007 2.9 53 18 3 16 48% 10176 147654 9575 14%
c - 79.47 151 92 36 114 4424 3 806955 36094 2.8 53 19 3 16 48% 10181 147654 9575 14%
c s 79.62 151 93 36 114 4440 3 808116 37227 2.8 53 19 3 16 48% 10190 147240 9575 14%
c e 79.69 151 93 36 114 4440 3 808116 37227 2.8 53 19 3 16 48% 9920 149864 9383 13%
c s 79.74 151 93 36 114 4440 3 808116 37227 2.8 53 19 3 16 48% 9922 148776 9383 13%
c e 79.78 151 93 36 114 4440 3 808116 37227 2.8 53 19 3 16 48% 9910 148847 9377 13%
c o 80.06 153 94 36 114 4479 3 812967 36815 2.8 53 19 3 16 48% 9911 148846 9377 13%
c - 80.40 154 95 36 115 4538 3 817632 33997 2.8 53 19 3 16 48% 9912 148846 9377 13%
c } 81.08 154 98 37 115 4651 3 828222 44351 2.8 53 19 3 16 48% 9913 148846 9377 13%
c [ 81.08 154 58 37 115 4651 1 828222 44351 2.2 84 37 4 30 48% 9913 148846 9377 13%
c W 81.09 152 58 37 115 4651 1 828222 44351 2.2 84 37 4 30 48% 9913 148846 9377 13%
c
c seconds    switched     rate          size/glue  tier1     binary         remaining
c         MB   reductions   conflicts         size   tier2      irredundant
c          level     restarts      redundant     glue    trail         variables
c
c - 81.11 153 58 37 116 4651 1 828355 36953 2.2 84 37 4 30 48% 9913 148846 9377 13%
c - 82.14 154 57 37 117 4657 1 839125 35378 2.2 83 37 4 30 48% 9913 148846 9377 13%
c - 83.29 115 58 37 118 4664 1 849941 30914 2.2 82 37 4 30 48% 9913 148846 9377 13%
c - 84.38 115 58 37 119 4665 1 860803 28789 2.2 83 38 4 30 48% 9913 148846 9377 13%
c - 85.47 116 59 37 120 4672 1 871711 27717 2.2 84 39 4 30 48% 9913 148846 9377 13%
c u 85.81 118 60 37 120 4673 1 873675 27621 2.1 84 39 4 30 47% 9916 148846 9377 13%
c v 85.94 118 60 37 120 4673 1 873675 24975 2.1 84 39 4 30 47% 9921 148846 9377 13%
c w 86.02 120 60 37 120 4673 1 873675 24784 2.1 84 39 4 30 47% 9921 148846 9377 13%
c x 86.12 120 60 37 120 4673 1 873675 24775 2.1 84 39 4 30 47% 9935 142902 9375 13%
c t 86.12 120 60 37 120 4673 1 873675 24775 2.1 84 39 4 30 47% 9924 142870 9375 13%
c f 86.24 120 60 37 120 4673 1 873675 24775 2.1 84 39 4 30 47% 9961 142175 9406 13%
c u 86.37 120 60 37 120 4673 1 873675 22825 2.1 84 39 4 30 47% 10042 142175 9404 13%
c v 86.45 120 60 37 120 4673 1 873675 21831 2.1 84 39 4 30 47% 10042 142175 9404 13%
c w 86.59 121 60 37 120 4673 1 873675 21716 2.1 84 39 4 30 47% 10042 142175 9404 13%
c x 86.69 121 60 37 120 4673 1 873675 21713 2.1 84 39 4 30 47% 10052 137530 9404 13%
c t 86.69 121 60 37 120 4673 1 873675 21709 2.1 84 39 4 30 47% 10032 137530 9404 13%
c f 86.81 121 60 37 120 4673 1 873675 21709 2.1 84 39 4 30 47% 10052 136843 9436 13%
c i 86.82 126 60 37 120 4673 1 873675 21709 2.1 84 39 4 30 47% 10052 136843 9436 13%
c ] 87.43 128 61 38 120 4678 1 880242 27623 2.1 84 40 4 30 47% 10052 136843 9436 13%
c { 87.43 128 98 38 120 4678 3 880242 27623 2.8 53 19 3 16 48% 10052 136843 9436 13%
c
c seconds    switched     rate          size/glue  tier1     binary          remaining
c         MB   reductions   conflicts         size   tier2       irredundant
c          level     restarts      redundant     glue    trail          variables
c
c - 87.55 129 98 38 121 4688 3 882666 22611 2.8 53 19 3 16 48% 10042 136843 9436 13%
c i 87.82 129 97 38 121 4694 3 890015 29416 2.8 52 19 3 16 48% 10053 136840 9435 13%
c i 87.83 129 97 38 121 4694 3 891288 30417 2.8 51 19 3 16 48% 10059 136839 9430 13%
c - 87.95 129 97 38 122 4699 3 893669 28648 2.7 51 18 3 16 48% 10045 136837 9430 13%
c i 87.96 129 97 38 122 4700 3 893864 28836 2.7 51 18 3 16 48% 10045 136837 9429 13%
c i 88.44 130 91 38 122 4700 3 904662 38474 2.7 48 18 3 16 45% 10047 136836 9428 13%
c - 88.45 130 91 38 123 4700 3 904718 33874 2.7 48 18 3 16 45% 10037 136836 9428 13%
c i 88.60 139 91 38 123 4709 3 909434 38172 2.7 47 17 3 16 44% 10044 136836 9427 13%
c i 88.64 139 90 38 123 4711 3 912281 40643 2.7 46 17 3 16 43% 10054 136836 9426 13%
c - 88.80 140 90 38 124 4712 3 915809 36756 2.7 45 17 3 16 43% 10045 136836 9426 13%
c i 88.93 140 90 38 124 4716 3 918578 39349 2.7 45 17 3 16 42% 10046 136835 9423 13%
c - 89.32 141 90 38 125 4727 3 926944 39049 2.7 44 16 3 16 42% 10052 136834 9423 13%
c i 89.43 141 89 38 125 4728 3 928870 40841 2.7 44 16 3 16 42% 10052 136834 9422 13%
c i 89.43 141 89 38 125 4728 3 928888 40856 2.7 44 16 3 16 42% 10052 136834 9421 13%
c i 89.53 141 88 38 125 4731 3 933796 45237 2.7 43 16 3 16 41% 10059 136833 9420 13%
c i 89.54 141 88 38 125 4731 3 933894 45308 2.7 43 16 3 16 41% 10064 136833 9417 13%
c i 89.68 142 88 38 125 4740 3 937095 48238 2.7 42 16 3 16 40% 10073 136833 9414 13%
c - 89.73 142 88 38 126 4742 3 938125 41059 2.7 42 16 3 16 41% 10036 136833 9414 13%
c i 89.84 151 89 38 126 4749 3 939961 42784 2.7 42 16 3 16 40% 10037 136833 9413 13%
c o 89.96 151 89 38 126 4754 3 943125 45691 2.7 42 15 3 16 41% 10039 136833 9413 13%
c
c seconds    switched     rate          size/glue  tier1     binary          remaining
c         MB   reductions   conflicts         size   tier2       irredundant
c          level     restarts      redundant     glue    trail          variables
c
c i 90.04 152 88 38 126 4755 3 945220 47615 2.7 41 15 3 16 40% 10048 136833 9410 13%
c i 90.04 152 88 38 126 4755 3 945221 47615 2.7 41 15 3 16 40% 10048 136833 9409 13%
c i 90.08 152 88 38 126 4756 3 946075 48404 2.7 41 15 3 16 40% 10053 136833 9408 13%
c i 90.16 152 88 38 126 4761 3 947942 50111 2.7 41 15 3 16 40% 10059 136833 9405 13%
c - 90.22 152 88 38 127 4761 3 949349 42596 2.7 41 15 3 16 40% 10030 136833 9405 13%
c i 90.23 152 88 38 127 4761 3 949558 42781 2.7 41 15 3 16 40% 10032 136833 9404 13%
c i 90.37 153 88 38 127 4774 3 953023 45929 2.7 40 15 3 16 40% 10036 136832 9403 13%
c i 90.37 153 88 38 127 4774 3 953029 45931 2.7 40 15 3 16 40% 10037 136831 9400 13%
c i 90.51 153 88 38 127 4787 3 956270 48912 2.7 40 15 3 16 40% 10046 136831 9398 13%
c i 90.51 153 88 38 127 4787 3 956400 48981 2.7 40 15 3 16 39% 10051 136830 9395 13%
c i 90.64 153 88 38 127 4794 3 959754 52118 2.7 39 15 3 16 39% 10055 136830 9394 13%
c - 90.69 153 88 38 128 4795 3 960618 43877 2.7 39 15 3 16 39% 10031 136829 9394 13%
c b 90.72 153 88 38 128 4795 3 960636 43895 2.7 39 15 3 16 39% 10097 136348 9393 13%
c u 90.80 162 88 38 128 4795 3 960636 42558 2.7 39 15 3 16 39% 10103 136348 9393 13%
c v 90.89 163 88 38 128 4795 3 960636 42295 2.7 39 15 3 16 39% 10104 136348 9393 13%
c w 90.93 163 88 38 128 4795 3 960636 42268 2.7 39 15 3 16 39% 10104 136348 9393 13%
c x 90.99 163 88 38 128 4795 3 960636 42259 2.7 39 15 3 16 39% 10113 134796 9392 13%
c t 91.00 163 88 38 128 4795 3 960636 42175 2.7 39 15 3 16 39% 10096 134788 9392 13%
c f 91.08 163 88 38 128 4795 3 960636 42175 2.7 39 15 3 16 39% 10101 134678 9396 13%
c u 91.17 163 88 38 128 4795 3 960636 40781 2.7 39 15 3 16 39% 10105 134678 9396 13%
c
c seconds    switched     rate          size/glue  tier1     binary          remaining
c         MB   reductions   conflicts         size   tier2       irredundant
c          level     restarts      redundant     glue    trail          variables
c
c v 91.27 163 88 38 128 4795 3 960636 40519 2.7 39 15 3 16 39% 10106 134678 9396 13%
c w 91.31 163 88 38 128 4795 3 960636 40494 2.7 39 15 3 16 39% 10106 134678 9396 13%
c x 91.38 163 88 38 128 4795 3 960636 40492 2.7 39 15 3 16 39% 10116 133440 9396 13%
c t 91.38 163 88 38 128 4795 3 960636 40492 2.7 39 15 3 16 39% 10115 133440 9395 13%
c i 91.47 163 88 38 128 4795 3 960636 40492 2.7 39 15 3 16 39% 10115 133440 9395 13%
c } 91.60 163 88 39 128 4800 3 963575 43305 2.7 39 15 3 16 39% 10116 133440 9395 13%
c [ 91.60 163 61 39 128 4800 1 963575 43305 2.1 84 40 4 30 47% 10116 133440 9395 13%
c I 91.60 163 61 39 128 4800 1 963575 43305 2.1 84 40 4 30 47% 10116 133440 9395 13%
c - 92.45 164 64 39 129 4806 1 971931 39172 2.1 84 41 4 30 48% 10099 133440 9395 13%
c - 93.53 138 65 39 130 4812 1 983289 35781 2.1 84 41 4 30 48% 10099 133440 9395 13%
c - 94.51 138 64 39 131 4814 1 994693 34200 2.1 85 40 4 30 48% 10099 133440 9395 13%
c ] 95.30 139 62 40 131 4820 1 1003522 42221 2.1 85 39 4 30 49% 10099 133440 9395 13%
c { 95.30 139 88 40 131 4820 3 1003522 42221 2.7 39 15 3 16 39% 10099 133440 9395 13%
c - 95.49 141 89 40 132 4860 3 1006140 36215 2.7 39 15 3 16 40% 10100 133440 9395 13%
c s 96.04 144 90 40 132 4957 3 1013999 43744 2.6 40 15 3 16 40% 10108 133091 9395 13%
c e 96.08 144 90 40 132 4957 3 1013999 43744 2.6 40 15 3 16 40% 9869 134331 9287 13%
c s 96.11 144 90 40 132 4957 3 1013999 43744 2.6 40 15 3 16 40% 9873 133777 9287 13%
c e 96.14 144 90 40 132 4957 3 1013999 43744 2.6 40 15 3 16 40% 9866 133844 9282 13%
c - 96.43 148 91 40 133 5021 3 1017630 38815 2.6 41 16 3 16 40% 9868 133844 9282 13%
c - 97.41 150 93 40 134 5195 3 1029162 41440 2.6 43 17 3 16 42% 9871 133844 9282 13%
c
c seconds    switched     rate           size/glue  tier1     binary         remaining
c         MB   reductions    conflicts         size   tier2      irredundant
c          level     restarts       redundant     glue    trail         variables
c
c - 98.38 153 94 40 135 5354 3 1040737 43785 2.6 45 17 3 16 43% 9874 133844 9282 13%
c u 99.60 154 95 40 135 5519 3 1052142 52478 2.5 47 18 3 16 44% 9901 133843 9281 13%
c v 99.78 157 95 40 135 5519 3 1052142 51762 2.5 47 18 3 16 44% 9904 133843 9281 13%
c w 99.88 159 95 40 135 5519 3 1052142 51759 2.5 47 18 3 16 44% 9904 133843 9281 13%
c x 100.02 168 95 40 135 5519 3 1052142 51746 2.5 47 18 3 16 44% 9992 132655 9281 13%
c t 100.03 168 95 40 135 5519 3 1052142 51736 2.5 47 18 3 16 44% 9969 132655 9281 13%
c f 100.16 168 95 40 135 5519 3 1052142 51736 2.5 47 18 3 16 44% 9992 132337 9296 13%
c u 100.31 168 95 40 135 5519 3 1052142 49600 2.5 47 18 3 16 44% 10053 132337 9296 13%
c v 100.48 170 95 40 135 5519 3 1052142 48877 2.5 47 18 3 16 44% 10052 132337 9296 13%
c w 100.58 171 95 40 135 5519 3 1052142 48867 2.5 47 18 3 16 44% 10052 132337 9296 13%
c x 100.71 180 95 40 135 5519 3 1052142 48851 2.5 47 18 3 16 44% 10057 132134 9296 13%
c = 101.78 180 95 40 135 5519 3 1052142 48851 2.5 47 18 3 16 44% 10057 132104 9295 13%
c t 101.79 180 95 40 135 5519 3 1052142 48851 2.5 47 18 3 16 44% 10026 132101 9295 13%
c i 101.86 180 95 40 135 5519 3 1052142 48851 2.5 47 18 3 16 44% 10026 132101 9295 13%
c - 101.89 181 95 40 136 5521 3 1052357 39930 2.5 47 18 3 16 44% 10018 132101 9295 13%
c - 102.89 183 96 40 137 5666 3 1064018 41775 2.5 48 19 3 16 45% 10022 132101 9295 13%
c - 103.79 140 97 40 138 5799 3 1075723 43800 2.5 49 19 3 16 46% 10024 132101 9295 13%
c o 104.46 140 97 40 138 5901 3 1083387 51276 2.5 50 20 3 16 46% 10025 132101 9295 13%
c - 104.89 141 98 40 139 5966 3 1087470 44814 2.5 51 20 3 16 47% 10026 132101 9295 13%
c } 105.46 143 97 41 139 6043 3 1094994 52130 2.5 52 21 3 16 47% 10026 132101 9295 13%
c
c seconds     switched     rate           size/glue  tier1     binary          remaining
c          MB   reductions    conflicts         size   tier2       irredundant
c           level     restarts       redundant     glue    trail          variables
c
c [ 105.46 143 62 41 139 6043 1 1094994 52130 2.1 85 39 4 30 49% 10026 132101 9295 13%
c B 105.46 143 62 41 139 6043 1 1094994 52130 2.1 85 39 4 30 49% 10026 132101 9295 13%
c - 105.85 144 61 41 140 6046 1 1099261 45491 2.2 84 39 4 30 49% 10026 132101 9295 13%
c - 107.05 144 59 41 141 6052 1 1111094 44126 2.2 83 38 4 30 51% 10026 132101 9295 13%
c - 108.24 144 57 41 142 6057 1 1122968 39800 2.2 80 37 4 29 51% 10026 132101 9295 13%
c - 109.44 147 56 41 143 6063 1 1134884 39204 2.2 79 37 4 29 52% 10026 132101 9295 13%
c - 110.77 148 58 41 144 6070 1 1146843 39013 2.1 81 38 4 29 53% 10026 132101 9295 13%
c u 111.07 150 58 41 144 6070 1 1148246 38012 2.1 81 38 4 29 54% 10038 132101 9295 13%
c v 111.24 150 58 41 144 6070 1 1148246 36818 2.1 81 38 4 29 54% 10038 132101 9295 13%
c w 111.32 152 58 41 144 6070 1 1148246 36589 2.1 81 38 4 29 54% 10038 132101 9295 13%
c x 111.44 152 58 41 144 6070 1 1148246 36586 2.1 81 38 4 29 54% 10041 131718 9295 13%
c t 111.45 152 58 41 144 6070 1 1148246 36586 2.1 81 38 4 29 54% 10032 131718 9295 13%
c - 112.52 154 58 41 145 6072 1 1158846 33241 2.2 82 38 4 29 55% 10032 131718 9295 13%
c W 113.65 154 58 41 145 6073 1 1167969 41270 2.2 82 38 4 29 55% 10032 131718 9295 13%
c ] 113.92 154 57 42 145 6073 1 1170457 43509 2.2 82 38 4 29 56% 10032 131718 9295 13%
c { 113.92 154 97 42 145 6073 3 1170457 43509 2.5 52 21 3 16 47% 10032 131718 9295 13%
c - 113.98 103 97 42 146 6081 3 1170888 33579 2.5 52 21 3 16 48% 10032 131718 9295 13%
c - 114.86 107 99 42 147 6197 3 1182972 38167 2.5 52 21 3 16 48% 10032 131718 9295 13%
c - 115.85 109 100 42 148 6326 3 1195096 42229 2.5 53 21 3 16 49% 10033 131718 9295 13%
c - 116.79 113 101 42 149 6434 3 1207267 44754 2.6 54 21 3 16 50% 10035 131718 9295 13%
c
c seconds      switched     rate           size/glue  tier1     binary          remaining
c          MB    reductions    conflicts         size   tier2       irredundant
c            level     restarts       redundant     glue    trail          variables
c
c - 117.81 118 101 42 150 6548 3 1219475 46716 2.6 56 21 3 16 50% 10035 131718 9295 13%
c - 118.99 122 102 42 151 6696 3 1231729 47498 2.6 56 22 3 16 50% 10037 131718 9295 13%
c o 119.19 123 102 42 151 6725 3 1233478 49215 2.6 57 22 3 16 51% 10037 131718 9295 13%
c - 120.13 126 102 42 152 6816 3 1244017 48247 2.6 57 22 3 16 51% 10037 131718 9295 13%
c s 120.45 128 102 42 152 6850 3 1247763 51921 2.6 58 22 3 16 52% 10056 131429 9295 13%
c e 120.50 128 102 42 152 6850 3 1247763 51921 2.6 58 22 3 16 52% 9925 132495 9218 13%
c s 120.52 128 102 42 152 6850 3 1247763 51921 2.6 58 22 3 16 52% 9926 131968 9218 13%
c e 120.54 128 102 42 152 6850 3 1247763 51921 2.6 58 22 3 16 52% 9920 132035 9214 13%
c u 120.83 133 102 42 152 6865 3 1249012 47144 2.6 58 22 3 16 52% 9963 132035 9214 13%
c v 121.01 133 102 42 152 6865 3 1249012 46481 2.6 58 22 3 16 52% 9963 132035 9214 13%
c w 121.11 134 102 42 152 6865 3 1249012 46475 2.6 58 22 3 16 52% 9963 132035 9214 13%
c x 121.25 134 102 42 152 6865 3 1249012 46451 2.6 58 22 3 16 52% 9964 131820 9214 13%
c t 121.26 134 102 42 152 6865 3 1249012 46451 2.6 58 22 3 16 52% 9939 131820 9213 13%
c f 121.32 134 102 42 152 6865 3 1249012 46451 2.6 58 22 3 16 52% 9949 131620 9223 13%
c u 121.48 135 102 42 152 6865 3 1249012 44576 2.6 58 22 3 16 52% 9966 131613 9223 13%
c v 121.66 136 102 42 152 6865 3 1249012 43464 2.6 58 22 3 16 52% 9966 131613 9223 13%
c w 121.75 137 102 42 152 6865 3 1249012 43460 2.6 58 22 3 16 52% 9966 131613 9223 13%
c x 121.89 137 102 42 152 6865 3 1249012 43438 2.6 58 22 3 16 52% 9970 131424 9223 13%
c t 121.90 137 102 42 152 6865 3 1249012 43438 2.6 58 22 3 16 52% 9963 131424 9223 13%
c - 122.52 145 101 42 153 6916 3 1256348 41574 2.7 58 22 3 16 52% 9959 131424 9223 13%
c
c seconds      switched     rate           size/glue  tier1     binary         remaining
c          MB    reductions    conflicts         size   tier2      irredundant
c            level     restarts       redundant     glue    trail         variables
c
c - 123.57 146 102 42 154 7025 3 1268721 44063 2.7 58 22 3 16 52% 9959 131424 9223 13%
c } 123.70 143 101 43 154 7035 3 1270430 45732 2.7 59 22 3 16 52% 9960 131424 9223 13%
c [ 123.70 143 57 43 154 7035 1 1270430 45732 2.2 82 38 4 29 56% 9960 131424 9223 13%
c O 123.70 143 57 43 154 7035 1 1270430 45732 2.2 82 38 4 29 56% 9960 131424 9223 13%
c - 124.84 120 56 43 155 7041 1 1281130 43321 2.2 82 36 4 28 56% 9960 131424 9223 13%
c - 126.12 121 55 43 156 7048 1 1293579 39538 2.3 83 36 4 28 57% 9960 131424 9223 13%
c - 127.44 118 54 43 157 7052 1 1306070 36111 2.3 83 36 4 28 57% 9960 131424 9223 13%
c - 128.96 119 53 43 158 7059 1 1318600 33683 2.3 83 36 4 28 57% 9961 131424 9223 13%
c - 130.42 120 52 43 159 7064 1 1331169 33512 2.3 84 36 4 28 57% 9961 131424 9223 13%
c - 132.08 121 52 43 160 7065 1 1343781 34080 2.3 84 36 4 28 58% 9961 131424 9223 13%
c ] 132.55 116 53 44 160 7065 1 1347411 37322 2.3 85 37 4 28 58% 9961 131424 9223 13%
c { 132.55 116 101 44 160 7065 3 1347411 37322 2.7 59 22 3 16 52% 9961 131424 9223 13%
c u 133.22 117 101 44 160 7107 3 1354492 41970 2.7 58 22 3 16 52% 9971 131424 9223 13%
c v 133.45 119 101 44 160 7107 3 1354492 41016 2.7 58 22 3 16 52% 9970 131424 9223 13%
c w 133.58 124 101 44 160 7107 3 1354492 41009 2.7 58 22 3 16 52% 9970 131424 9223 13%
c x 133.74 124 101 44 160 7107 3 1354492 40987 2.7 58 22 3 16 52% 9979 130968 9222 13%
c t 133.75 124 101 44 160 7107 3 1354492 40986 2.7 58 22 3 16 52% 9977 130962 9222 13%
c u 133.95 124 101 44 160 7107 3 1354492 39853 2.7 58 22 3 16 52% 9985 130962 9222 13%
c v 134.18 124 101 44 160 7107 3 1354492 38435 2.7 58 22 3 16 52% 9985 130962 9222 13%
c w 134.30 127 101 44 160 7107 3 1354492 38430 2.7 58 22 3 16 52% 9985 130962 9222 13%
c
c seconds      switched     rate           size/glue  tier1     binary         remaining
c          MB    reductions    conflicts         size   tier2      irredundant
c            level     restarts       redundant     glue    trail         variables
c
c x 134.47 121 101 44 160 7107 3 1354492 38391 2.7 58 22 3 16 52% 9995 130670 9222 13%
c t 134.48 121 101 44 160 7107 3 1354492 38391 2.7 58 22 3 16 52% 9992 130670 9222 13%
c i 134.49 121 101 44 160 7107 3 1354492 38391 2.7 58 22 3 16 52% 9992 130670 9222 13%
c - 134.63 123 101 44 161 7116 3 1356430 32294 2.7 58 22 3 16 52% 9988 130670 9222 13%
c - 135.45 89 100 44 162 7193 3 1369119 38329 2.7 58 21 3 16 52% 9992 130670 9222 13%
c - 136.33 88 97 44 163 7264 3 1381846 41942 2.7 58 21 3 16 51% 9992 130670 9222 13%
c o 137.23 87 96 44 163 7365 3 1393484 53328 2.7 58 21 3 16 51% 9995 130670 9222 13%
c - 137.32 88 96 44 164 7375 3 1394616 43596 2.7 58 21 3 16 51% 9995 130670 9222 13%
c - 138.31 90 96 44 165 7493 3 1407422 44740 2.7 58 21 3 16 51% 9997 130670 9222 13%
c - 139.32 89 96 44 166 7605 3 1420267 46011 2.8 58 21 3 16 51% 9998 130670 9222 13%
c - 140.27 89 96 44 167 7716 3 1433151 47309 2.8 58 21 3 16 51% 10000 130670 9222 13%
c - 141.27 89 96 44 168 7814 3 1446075 48434 2.8 59 21 3 16 51% 10002 130670 9222 13%
c } 142.01 89 96 45 168 7904 3 1456245 58385 2.8 58 21 3 16 51% 10003 130670 9222 13%
c [ 142.01 89 53 45 168 7904 1 1456245 58385 2.3 85 37 4 28 58% 10003 130670 9222 13%
c B 142.01 89 53 45 168 7904 1 1456245 58385 2.3 85 37 4 28 58% 10003 130670 9222 13%
c - 142.34 89 53 45 169 7906 1 1459038 48328 2.3 85 37 4 28 58% 10003 130670 9222 13%
c u 143.13 88 54 45 169 7910 1 1464677 51176 2.3 84 37 4 28 58% 10007 130670 9222 13%
c v 143.33 89 54 45 169 7910 1 1464677 50739 2.3 84 37 4 28 58% 10007 130670 9222 13%
c w 143.42 92 54 45 169 7910 1 1464677 50219 2.3 84 37 4 28 58% 10007 130670 9222 13%
c x 143.55 86 54 45 169 7910 1 1464677 50164 2.3 84 37 4 28 58% 10021 129917 9221 13%
c
c seconds    switched     rate           size/glue  tier1     binary          remaining
c         MB   reductions    conflicts         size   tier2       irredundant
c          level     restarts       redundant     glue    trail          variables
c
c t 143.56 86 54 45 169 7910 1 1464677 50162 2.3 84 37 4 28 58% 10012 129913 9221 13%
c u 143.75 96 54 45 169 7910 1 1464677 49283 2.3 84 37 4 28 58% 10033 129913 9221 13%
c v 143.94 97 54 45 169 7910 1 1464677 48554 2.3 84 37 4 28 58% 10033 129913 9221 13%
c w 144.04 100 54 45 169 7910 1 1464677 48378 2.3 84 37 4 28 58% 10033 129913 9221 13%
c x 144.17 100 54 45 169 7910 1 1464677 48376 2.3 84 37 4 28 58% 10050 129224 9221 13%
c t 144.18 100 54 45 169 7910 1 1464677 48376 2.3 84 37 4 28 58% 10038 129224 9221 13%
c f 144.19 100 54 45 169 7910 1 1464677 48376 2.3 84 37 4 28 58% 10039 129189 9223 13%
c i 144.19 100 54 45 169 7910 1 1464677 48376 2.3 84 37 4 28 58% 10039 129189 9223 13%
c - 145.01 104 53 45 170 7913 1 1472041 40766 2.3 85 37 4 28 58% 10039 129189 9223 13%
c - 146.49 104 51 45 171 7918 1 1485079 37930 2.4 85 36 4 27 59% 10039 129189 9223 13%
c - 147.88 105 49 45 172 7925 1 1498156 38579 2.5 85 35 4 27 59% 10039 129189 9223 13%
c s 149.28 106 49 45 172 7932 1 1511084 50190 2.4 84 35 4 27 59% 10041 128998 9223 13%
c e 149.33 107 49 45 172 7932 1 1511084 50190 2.4 84 35 4 27 59% 9845 130294 9115 13%
c s 149.35 107 49 45 172 7932 1 1511084 50190 2.4 84 35 4 27 59% 9846 129792 9115 13%
c e 149.38 107 49 45 172 7932 1 1511084 50190 2.4 84 35 4 27 59% 9833 129877 9109 13%
c - 149.41 107 49 45 173 7932 1 1511270 33533 2.4 84 35 4 27 59% 9833 129877 9109 13%
c - 150.83 108 49 45 174 7934 1 1524423 33276 2.4 82 34 4 27 59% 9833 129877 9109 13%
c ] 151.95 108 48 46 174 7934 1 1533689 41293 2.4 81 34 4 27 59% 9833 129877 9109 13%
c { 151.95 108 96 46 174 7934 3 1533689 41293 2.8 58 21 3 16 51% 9833 129877 9109 13%
c - 152.27 112 96 46 175 7977 3 1537615 35345 2.8 58 21 3 16 51% 9833 129877 9109 13%
c
c seconds     switched     rate           size/glue  tier1     binary         remaining
c          MB   reductions    conflicts         size   tier2      irredundant
c           level     restarts       redundant     glue    trail         variables
c
c - 153.26 113 96 46 176 8087 3 1550845 40615 2.8 59 21 3 16 51% 9833 129877 9109 13%
c o 154.35 117 97 46 176 8233 3 1563492 52940 2.7 59 22 3 16 52% 9835 129877 9109 13%
c - 154.41 117 98 46 177 8242 3 1564111 43445 2.7 59 22 3 16 52% 9835 129877 9109 13%
c - 155.38 121 98 46 178 8343 3 1577415 45961 2.8 60 22 3 16 52% 9835 129877 9109 13%
c u 155.73 120 97 46 178 8360 3 1579630 44888 2.8 60 22 3 16 52% 9899 129877 9109 13%
c v 155.97 121 97 46 178 8360 3 1579630 43944 2.8 60 22 3 16 52% 9899 129877 9109 13%
c w 156.07 122 97 46 178 8360 3 1579630 43926 2.8 60 22 3 16 52% 9899 129877 9109 13%
c x 156.22 118 97 46 178 8360 3 1579630 43924 2.8 60 22 3 16 52% 9914 129254 9109 13%
c t 156.23 118 97 46 178 8360 3 1579630 43924 2.8 60 22 3 16 52% 9890 129254 9109 13%
c f 156.29 118 97 46 178 8360 3 1579630 43924 2.8 60 22 3 16 52% 9902 129113 9116 13%
c u 156.49 119 97 46 178 8360 3 1579630 42473 2.8 60 22 3 16 52% 9905 129113 9116 13%
c v 156.71 121 97 46 178 8360 3 1579630 41331 2.8 60 22 3 16 52% 9905 129113 9116 13%
c w 156.81 121 97 46 178 8360 3 1579630 41313 2.8 60 22 3 16 52% 9905 129113 9116 13%
c x 156.97 98 97 46 178 8360 3 1579630 41302 2.8 60 22 3 16 52% 10002 128823 9116 13%
c t 156.98 98 97 46 178 8360 3 1579630 41302 2.8 60 22 3 16 52% 9984 128823 9116 13%
c - 157.70 106 96 46 179 8406 3 1590757 42879 2.8 60 21 3 16 52% 9984 128823 9116 13%
c - 158.61 106 98 46 180 8479 3 1604136 45391 2.9 61 21 3 16 52% 9984 128823 9116 13%
c - 159.67 106 99 46 181 8615 3 1617554 46037 2.8 60 21 3 16 52% 9985 128823 9116 13%
c - 160.81 106 100 46 182 8767 3 1631008 45988 2.8 61 22 3 16 52% 9985 128823 9116 13%
c - 161.78 106 98 46 183 8830 3 1644498 47935 2.9 62 21 3 16 53% 9986 128823 9116 13%
c
c seconds     switched     rate           size/glue  tier1     binary         remaining
c          MB   reductions    conflicts         size   tier2      irredundant
c           level     restarts       redundant     glue    trail         variables
c
c } 162.41 105 98 47 183 8900 3 1651733 55008 2.9 62 21 3 16 53% 9986 128823 9116 13%
c [ 162.41 105 48 47 183 8900 1 1651733 55008 2.4 81 34 4 27 59% 9986 128823 9116 13%
c W 162.45 114 48 47 183 8900 1 1651733 55008 2.4 81 34 4 27 59% 9986 128823 9116 13%
c - 163.05 115 49 47 184 8905 1 1658025 47565 2.4 81 34 4 27 59% 9986 128823 9116 13%
c - 164.35 116 48 47 185 8912 1 1671590 43124 2.4 81 34 4 27 60% 9986 128823 9116 13%
c - 165.80 118 47 47 186 8915 1 1685191 39132 2.4 81 33 4 27 61% 9986 128823 9116 13%
c - 167.34 119 46 47 187 8923 1 1698829 39253 2.5 80 33 4 26 61% 9986 128823 9116 13%
c u 167.59 116 46 47 187 8924 1 1699391 37474 2.5 80 33 4 26 61% 9988 128823 9116 13%
c v 167.81 118 46 47 187 8924 1 1699391 36302 2.5 80 33 4 26 61% 9988 128823 9116 13%
c w 167.91 121 46 47 187 8924 1 1699391 36300 2.5 80 33 4 26 61% 9988 128823 9116 13%
c x 168.06 116 46 47 187 8924 1 1699391 36292 2.5 80 33 4 26 61% 9989 128731 9116 13%
c t 168.55 117 46 47 187 8924 1 1699391 36292 2.5 80 33 4 26 61% 9987 128731 9116 13%
c - 169.81 119 45 47 188 8929 1 1712504 37839 2.5 79 32 4 26 61% 9987 128731 9116 13%
c - 171.05 120 45 47 189 8930 1 1726217 39215 2.5 77 31 4 26 60% 9987 128731 9116 13%
c - 172.56 120 45 47 190 8935 1 1739967 38797 2.5 77 31 4 26 60% 9987 128731 9116 13%
c ] 172.81 115 45 48 190 8936 1 1742017 40626 2.5 77 31 4 26 60% 9987 128731 9116 13%
c { 172.81 115 98 48 190 8936 3 1742017 40626 2.9 62 21 3 16 53% 9987 128731 9116 13%
c o 172.94 118 97 48 190 8954 3 1743532 42079 2.9 62 22 3 16 53% 9987 128731 9116 13%
c - 173.78 120 97 48 191 9045 3 1753751 41591 2.8 62 22 3 16 53% 9990 128731 9116 13%
c - 174.91 121 99 48 192 9177 3 1767572 45318 2.8 61 22 3 16 53% 9990 128731 9116 13%
c
c seconds     switched     rate           size/glue  tier1     binary         remaining
c          MB   reductions    conflicts         size   tier2      irredundant
c           level     restarts       redundant     glue    trail         variables
c
c - 175.81 121 98 48 193 9279 3 1781430 47394 2.8 60 22 3 16 52% 9991 128731 9116 13%
c - 176.62 120 98 48 194 9334 3 1795322 49879 2.8 60 21 3 16 51% 9991 128731 9116 13%
c s 177.38 90 98 48 194 9432 3 1805022 59341 2.8 59 21 3 16 51% 10007 128539 9116 13%
c e 177.42 82 98 48 194 9432 3 1805022 59341 2.8 59 21 3 16 51% 9906 129269 9065 13%
c s 177.44 82 98 48 194 9432 3 1805022 59341 2.8 59 21 3 16 51% 9907 128973 9065 13%
c e 177.46 82 98 48 194 9432 3 1805022 59341 2.8 59 21 3 16 51% 9901 129005 9063 13%
c - 177.82 93 98 48 195 9476 3 1809250 49178 2.8 60 21 3 16 51% 9902 129005 9063 13%
c - 178.71 94 97 48 196 9549 3 1823214 50483 2.8 59 21 3 16 51% 9903 129005 9063 13%
c u 178.96 92 97 48 196 9551 3 1823994 48576 2.8 59 21 3 16 51% 9960 129005 9063 13%
c v 179.17 93 97 48 196 9551 3 1823994 47503 2.8 59 21 3 16 51% 9960 129005 9063 13%
c w 179.27 93 97 48 196 9551 3 1823994 47492 2.8 59 21 3 16 51% 9960 129005 9063 13%
c x 179.43 93 97 48 196 9551 3 1823994 47469 2.8 59 21 3 16 51% 9964 128953 9063 13%
c t 179.44 93 97 48 196 9551 3 1823994 47469 2.8 59 21 3 16 51% 9944 128953 9063 13%
c f 179.48 93 97 48 196 9551 3 1823994 47469 2.8 59 21 3 16 51% 9956 128793 9071 13%
c u 179.68 101 97 48 196 9551 3 1823994 45650 2.8 59 21 3 16 51% 9957 128793 9071 13%
c v 179.89 101 97 48 196 9551 3 1823994 44625 2.8 59 21 3 16 51% 9957 128793 9071 13%
c w 179.97 101 97 48 196 9551 3 1823994 44611 2.8 59 21 3 16 51% 9957 128793 9071 13%
c x 180.13 101 97 48 196 9551 3 1823994 44587 2.8 59 21 3 16 51% 9959 128729 9071 13%
c - 181.14 101 96 48 197 9687 3 1837215 46021 2.8 59 21 3 16 51% 9960 128729 9071 13%
c - 182.14 100 97 48 198 9780 3 1851253 48102 2.8 59 21 3 16 51% 9960 128729 9071 13%
c
c seconds     switched     rate           size/glue  tier1     binary         remaining
c          MB   reductions    conflicts         size   tier2      irredundant
c           level     restarts       redundant     glue    trail         variables
c
c - 183.37 102 97 48 199 9927 3 1865324 49524 2.8 59 21 3 16 52% 9961 128729 9071 13%
c } 183.68 100 97 49 199 9957 3 1869629 53708 2.8 59 21 3 16 51% 9962 128729 9071 13%
c [ 183.68 100 45 49 199 9957 1 1869629 53708 2.5 77 31 4 26 60% 9962 128729 9071 13%
c I 183.68 100 45 49 199 9957 1 1869629 53708 2.5 77 31 4 26 60% 9962 128729 9071 13%
c - 184.46 101 50 49 200 9963 1 1879430 47192 2.4 78 33 4 26 59% 9962 128729 9071 13%
c - 185.89 102 53 49 201 9970 1 1893572 42578 2.3 79 34 4 26 59% 9963 128729 9071 13%
c - 187.68 99 55 49 202 9976 1 1907750 38505 2.3 82 36 4 26 59% 9963 128729 9071 13%
c - 189.45 99 57 49 203 9984 1 1921962 35771 2.2 83 37 4 26 59% 9963 128729 9071 13%
c - 191.14 100 58 49 204 9987 1 1936209 35188 2.2 85 39 4 26 59% 9963 128729 9071 13%
c - 192.90 101 58 49 205 9987 1 1950493 35962 2.2 86 39 4 26 59% 9963 128729 9071 13%
c u 193.48 98 58 49 205 9989 1 1953463 35795 2.2 86 39 4 26 59% 9967 128729 9071 13%
c v 193.59 98 58 49 205 9989 1 1953463 33779 2.2 86 39 4 26 59% 9967 128729 9071 13%
c w 193.88 101 58 49 205 9989 1 1953463 33491 2.2 86 39 4 26 59% 9967 128729 9071 13%
c x 194.07 97 58 49 205 9989 1 1953463 33461 2.2 86 39 4 26 59% 9979 128572 9071 13%
c t 194.08 97 58 49 205 9989 1 1953463 33461 2.2 86 39 4 26 59% 9972 128572 9071 13%
c o 194.09 97 58 49 205 9989 1 1953463 33461 2.2 86 39 4 26 59% 9972 128572 9071 13%
c ] 194.36 98 60 50 205 9991 1 1956027 35874 2.1 87 41 4 26 59% 9972 128572 9071 13%
c { 194.36 98 97 50 205 9991 3 1956027 35874 2.8 59 21 3 16 51% 9972 128572 9071 13%
c - 195.07 99 91 50 206 9995 3 1964810 37379 2.9 60 21 3 16 52% 9973 128572 9071 13%
c - 195.91 100 85 50 207 9998 3 1979162 46927 3.1 62 20 3 16 53% 9976 128572 9071 13%
c
c seconds     switched     rate           size/glue  tier1     binary         remaining
c          MB   reductions    conflicts         size   tier2      irredundant
c           level     restarts       redundant     glue    trail         variables
c
c - 196.43 101 80 50 208 9998 2 1993549 52479 3.1 61 19 3 16 50% 9978 128572 9071 13%
c i 196.52 102 79 50 208 9999 2 1996292 55124 3.2 61 19 3 16 50% 9987 128572 9070 13%
c - 197.14 104 74 50 209 9999 2 2007972 55633 3.4 63 19 3 16 49% 9980 128572 9070 13%
c - 198.03 89 69 50 210 9999 2 2022428 57479 3.6 64 18 3 16 49% 9980 128572 9070 13%
c - 198.92 93 64 50 211 10008 2 2036919 59424 3.7 64 17 3 16 48% 9984 128572 9070 13%
c - 199.79 93 61 50 212 10019 2 2051444 59420 3.7 62 17 3 16 49% 9993 128572 9070 13%
c - 200.43 94 59 50 213 10023 2 2066004 59660 3.7 59 16 3 16 48% 9998 128572 9070 13%
c i 200.82 91 57 50 213 10030 2 2073672 67254 3.7 59 16 3 16 48% 10001 128572 9069 13%
c i 200.89 92 56 50 213 10035 2 2074953 68505 3.8 59 16 3 16 48% 10004 128572 9068 13%
c - 201.15 93 56 50 214 10040 2 2080600 60204 3.8 59 16 3 16 48% 9993 128572 9068 13%
c u 201.53 88 56 50 214 10041 2 2087847 65140 3.8 57 15 3 16 47% 10000 128494 9068 13%
c v 201.72 93 56 50 214 10041 2 2087847 65006 3.8 57 15 3 16 47% 10000 128494 9068 13%
c w 201.80 94 56 50 214 10041 2 2087847 65003 3.8 57 15 3 16 47% 10000 128494 9068 13%
c x 201.92 96 56 50 214 10041 2 2087847 64965 3.8 57 15 3 16 47% 10012 128371 9068 13%
c t 201.94 96 56 50 214 10041 2 2087847 64965 3.8 57 15 3 16 47% 10005 128371 9068 13%
c } 202.11 98 56 51 214 10043 2 2093553 70465 3.7 55 15 3 16 45% 10012 128371 9068 13%
c [ 202.11 98 60 51 214 10043 1 2093553 70465 2.1 87 41 4 26 59% 10012 128371 9068 13%
c B 202.11 98 60 51 214 10043 1 2093553 70465 2.1 87 41 4 26 59% 10012 128371 9068 13%
c - 202.30 104 61 51 215 10044 1 2095228 57834 2.1 88 41 4 26 59% 10012 128371 9068 13%
c - 204.04 105 67 51 216 10052 1 2109892 49724 2.1 93 45 4 27 60% 10012 128371 9068 13%
c
c seconds     switched      rate           size/glue  tier1     binary          remaining
c          MB   reductions     conflicts         size   tier2       irredundant
c           level     restarts        redundant     glue    trail          variables
c
c - 205.66 114 68 51 217 10057 1 2124590 41406 2.0 94 46 4 27 60% 10012 128371 9068 13%
c s 206.36 114 69 51 217 10061 1 2130714 47026 2.0 94 46 4 27 60% 10038 128216 9068 13%
c e 206.40 115 69 51 217 10061 1 2130714 47026 2.0 94 46 4 27 60% 9952 128796 9019 13%
c s 206.41 115 69 51 217 10061 1 2130714 47026 2.0 94 46 4 27 60% 9957 128512 9019 13%
c e 206.43 115 69 51 217 10061 1 2130714 47026 2.0 94 46 4 27 60% 9948 128558 9014 13%
c - 207.27 126 68 51 218 10065 1 2139322 39765 2.1 94 45 4 27 60% 9948 128558 9014 13%
c - 208.69 128 67 51 219 10072 1 2154086 41784 2.1 91 45 4 27 58% 9948 128558 9014 13%
c ] 209.46 128 67 52 219 10073 1 2162707 49561 2.0 90 44 4 27 57% 9948 128558 9014 13%
c { 209.46 128 56 52 219 10073 2 2162707 49561 3.7 55 15 3 16 45% 9948 128558 9014 13%
c o 209.48 128 56 52 219 10076 2 2162870 49709 3.7 55 15 3 16 45% 9948 128558 9014 13%
c - 209.93 139 60 52 220 10166 2 2168884 44836 3.6 55 15 3 16 45% 9948 128558 9014 13%
c - 211.04 151 67 52 221 10351 2 2183717 51256 3.4 54 16 3 16 45% 9952 128558 9014 13%
c - 212.41 152 73 52 222 10568 2 2198584 54902 3.2 55 17 3 16 46% 9953 128558 9014 13%
c - 213.78 164 77 52 223 10761 3 2213485 56924 3.0 55 18 3 16 46% 9955 128558 9014 13%
c u 215.19 177 81 52 223 10940 3 2227170 66599 2.9 55 19 3 16 46% 9962 128558 9014 13%
c v 215.46 187 81 52 223 10940 3 2227170 65145 2.9 55 19 3 16 46% 9964 128558 9014 13%
c w 215.60 190 81 52 223 10940 3 2227170 65138 2.9 55 19 3 16 46% 9964 128558 9014 13%
c x 215.78 199 81 52 223 10940 3 2227170 65134 2.9 55 19 3 16 46% 9970 128287 9014 13%
c t 215.79 199 81 52 223 10940 3 2227170 65134 2.9 55 19 3 16 46% 9953 128287 9014 13%
c f 215.82 199 81 52 223 10940 3 2227170 65134 2.9 55 19 3 16 46% 9956 128207 9018 13%
c
c seconds     switched      rate           size/glue  tier1     binary         remaining
c          MB   reductions     conflicts         size   tier2      irredundant
c           level     restarts        redundant     glue    trail         variables
c
c u 216.06 200 81 52 223 10940 3 2227170 63184 2.9 55 19 3 16 46% 9958 128207 9018 13%
c v 216.34 202 81 52 223 10940 3 2227170 61904 2.9 55 19 3 16 46% 9958 128207 9018 13%
c w 216.47 204 81 52 223 10940 3 2227170 61892 2.9 55 19 3 16 46% 9958 128207 9018 13%
c x 216.66 213 81 52 223 10940 3 2227170 61891 2.9 55 19 3 16 46% 9961 128048 9018 13%
c t 216.67 213 81 52 223 10940 3 2227170 61891 2.9 55 19 3 16 46% 9960 128048 9018 13%
c - 216.84 215 82 52 224 10961 3 2228418 51235 2.9 55 19 3 16 46% 9960 128048 9018 13%
c - 218.15 227 85 52 225 11165 3 2243386 53085 2.8 55 20 3 16 47% 9961 128048 9018 13%
c - 219.41 222 88 52 226 11350 3 2258386 54855 2.7 56 20 3 16 47% 9963 128048 9018 13%
c - 220.74 232 90 52 227 11534 3 2273419 56269 2.7 56 21 3 16 47% 9965 128048 9018 13%
c - 221.96 236 93 52 228 11676 3 2288486 57734 2.7 56 21 3 16 47% 9966 128048 9018 13%
c - 223.32 260 95 52 229 11871 3 2303585 58417 2.6 57 22 3 16 48% 9967 128048 9018 13%
c } 223.92 272 96 53 229 11939 3 2310494 65184 2.6 57 22 3 16 48% 9967 128048 9018 13%
c [ 223.92 272 67 53 229 11939 1 2310494 65184 2.0 90 44 4 27 57% 9967 128048 9018 13%
c W 223.97 272 67 53 229 11939 1 2310494 65184 2.0 90 44 4 27 57% 9967 128048 9018 13%
c - 224.76 272 68 53 230 11945 1 2318717 56322 2.0 89 44 4 27 56% 9967 128048 9018 13%
c - 226.45 274 70 53 231 11952 1 2333883 49891 1.9 88 45 4 27 54% 9967 128048 9018 13%
c - 227.61 283 71 53 232 11958 1 2349082 45478 1.9 85 45 4 27 52% 9968 128048 9018 13%
c - 228.60 284 68 53 233 11967 1 2364315 45822 1.9 82 43 4 27 50% 9968 128048 9018 13%
c u 229.38 236 67 53 233 11968 1 2371478 46952 1.9 82 43 4 27 50% 9973 128048 9018 13%
c v 229.59 245 67 53 233 11968 1 2371478 43598 1.9 82 43 4 27 50% 9974 128048 9018 13%
c
c seconds     switched      rate           size/glue  tier1     binary         remaining
c          MB   reductions     conflicts         size   tier2      irredundant
c           level     restarts        redundant     glue    trail         variables
c
c w 229.93 249 67 53 233 11968 1 2371478 42611 1.9 82 43 4 27 50% 9974 128048 9018 13%
c t 229.94 249 67 53 233 11968 1 2371478 42611 1.9 82 43 4 27 50% 9967 128048 9018 13%
c - 230.45 249 64 53 234 11969 1 2379579 39413 1.9 80 41 4 27 49% 9967 128048 9018 13%
c - 231.47 249 60 53 235 11972 1 2394876 41282 2.0 77 40 4 26 48% 9967 128048 9018 13%
c - 232.55 258 57 53 236 11981 1 2410205 42534 2.0 74 38 4 26 47% 9967 128048 9018 13%
c O 233.51 258 53 53 236 11984 1 2424836 54544 2.0 72 36 4 26 46% 9967 128048 9018 13%
c o 233.52 258 53 53 236 11984 1 2424836 54544 2.0 72 36 4 26 46% 9967 128048 9018 13%
c - 233.57 259 53 53 237 11985 1 2425567 45008 2.0 72 36 4 26 46% 9967 128048 9018 13%
c - 235.00 262 53 53 238 11994 1 2440962 45537 2.1 75 36 4 26 49% 9968 128048 9018 13%
c - 236.58 270 52 53 239 11999 1 2456389 41400 2.2 77 35 4 26 51% 9968 128048 9018 13%
c ] 237.26 271 52 54 239 12000 1 2462784 47243 2.2 78 36 4 26 52% 9968 128048 9018 13%
c { 237.26 271 96 54 239 12000 3 2462784 47243 2.6 57 22 3 16 48% 9968 128048 9018 13%
c - 237.77 273 97 54 240 12011 3 2471848 44545 2.6 55 21 3 16 47% 9972 128048 9018 13%
c - 238.44 283 94 54 241 12013 3 2487343 52401 2.6 51 20 3 16 43% 9976 128048 9018 13%
c s 238.53 283 94 54 241 12013 3 2489178 54127 2.5 51 20 3 16 42% 9980 127979 9018 13%
c e 238.56 283 94 54 241 12013 3 2489178 54127 2.5 51 20 3 16 42% 9957 128192 9004 13%
c s 238.57 283 94 54 241 12013 3 2489178 54127 2.5 51 20 3 16 42% 9958 128139 9004 13%
c - 239.29 215 90 54 242 12021 3 2502867 57208 2.6 50 19 3 16 42% 9959 128139 9004 13%
c - 239.95 217 87 54 243 12036 3 2518423 59630 2.6 46 18 3 16 39% 9970 128138 9004 13%
c i 239.99 217 87 54 243 12037 3 2520113 61019 2.6 46 18 3 16 38% 9974 128138 9001 13%
c
c seconds     switched      rate           size/glue  tier1     binary         remaining
c          MB   reductions     conflicts         size   tier2      irredundant
c           level     restarts        redundant     glue    trail         variables
c
c b 240.05 225 87 54 243 12039 3 2520778 60580 2.6 45 18 3 16 38% 9981 128097 8999 13%
c u 240.22 226 87 54 243 12039 3 2520778 56707 2.6 45 18 3 16 38% 10079 128097 8999 13%
c v 240.44 228 87 54 243 12039 3 2520778 56389 2.6 45 18 3 16 38% 10079 128097 8999 13%
c w 240.54 228 87 54 243 12039 3 2520778 56352 2.6 45 18 3 16 38% 10079 128097 8999 13%
c x 240.71 237 87 54 243 12039 3 2520778 56345 2.6 45 18 3 16 38% 10149 127903 8999 13%
c t 240.72 237 87 54 243 12039 3 2520778 56345 2.6 45 18 3 16 38% 10096 127903 8999 13%
c f 240.75 237 87 54 243 12039 3 2520778 56345 2.6 45 18 3 16 38% 10097 127867 9001 13%
c - 241.45 240 88 54 244 12074 3 2534011 55984 2.5 43 17 3 16 38% 10095 127867 9001 13%
c - 242.30 251 87 54 245 12115 3 2549631 58599 2.5 42 17 3 16 37% 10107 127867 9001 13%
c - 243.05 263 87 54 246 12145 3 2565283 61312 2.5 40 16 3 16 36% 10116 127867 9001 13%
c - 243.71 264 85 54 247 12168 3 2580967 63185 2.5 38 15 3 16 35% 10121 127867 9001 13%
c i 244.32 276 87 54 247 12216 3 2594265 75699 2.5 36 15 3 16 34% 10130 127867 9000 13%
c - 244.41 276 87 54 248 12219 3 2596685 65216 2.5 36 15 3 16 34% 10132 127850 9000 13%
c i 244.88 277 88 54 248 12270 3 2609012 76704 2.4 35 14 3 16 33% 10142 127850 8994 13%
c - 245.07 277 88 54 249 12289 3 2612433 67194 2.4 35 14 3 16 34% 10118 127850 8994 13%
c i 245.16 287 88 54 249 12299 3 2614023 68667 2.4 35 14 3 16 34% 10123 127850 8992 13%
c } 245.46 289 88 55 249 12338 3 2621178 75378 2.4 34 14 3 16 34% 10129 127850 8992 13%
c [ 245.46 289 52 55 249 12338 1 2621178 75378 2.2 78 36 4 26 52% 10129 127850 8992 13%
c B 245.46 289 52 55 249 12338 1 2621178 75378 2.2 78 36 4 26 52% 10129 127850 8992 13%
c - 246.02 290 54 55 250 12343 1 2628213 66150 2.2 77 36 4 26 52% 10114 127850 8992 13%
c
c seconds     switched      rate           size/glue  tier1     binary          remaining
c          MB   reductions     conflicts         size   tier2       irredundant
c           level     restarts        redundant     glue    trail          variables
c
c - 247.47 300 59 55 251 12351 1 2644026 61070 2.1 77 37 4 26 51% 10114 127850 8992 13%
c - 249.11 301 62 55 252 12357 1 2659868 55780 2.0 78 38 4 26 50% 10114 127850 8992 13%
c o 250.08 228 67 55 252 12364 1 2671472 66909 2.0 78 39 4 26 50% 10114 127850 8992 13%
c u 250.58 230 67 55 252 12366 1 2675121 67054 2.0 79 39 4 26 51% 10130 127758 8992 13%
c v 250.81 230 67 55 252 12366 1 2675121 65638 2.0 79 39 4 26 51% 10135 127758 8991 13%
c w 250.94 235 67 55 252 12366 1 2675121 65290 2.0 79 39 4 26 51% 10135 127758 8991 13%
c x 251.10 235 67 55 252 12366 1 2675121 65266 2.0 79 39 4 26 51% 10137 127697 8991 13%
c t 251.11 235 67 55 252 12366 1 2675121 65254 2.0 79 39 4 26 51% 10114 127697 8991 13%
c u 251.33 235 67 55 252 12366 1 2675121 63319 2.0 79 39 4 26 51% 10121 127697 8991 13%
c v 251.57 235 67 55 252 12366 1 2675121 61791 2.0 79 39 4 26 51% 10121 127697 8991 13%
c w 251.69 236 67 55 252 12366 1 2675121 61762 2.0 79 39 4 26 51% 10121 127697 8991 13%
c x 251.86 230 67 55 252 12366 1 2675121 61746 2.0 79 39 4 26 51% 10126 127647 8991 13%
c t 251.87 230 67 55 252 12366 1 2675121 61746 2.0 79 39 4 26 51% 10123 127647 8991 13%
c i 251.89 230 67 55 252 12366 1 2675121 61746 2.0 79 39 4 26 51% 10123 127647 8991 13%
c - 251.96 231 67 55 253 12366 1 2675743 48361 2.0 79 39 4 26 51% 10112 127647 8991 13%
c - 253.72 232 66 55 254 12368 1 2691648 49213 2.1 80 39 4 26 52% 10112 127647 8991 13%
c ] 255.26 233 66 56 254 12370 1 2704673 61156 2.1 81 39 4 26 53% 10112 127647 8991 13%
c { 255.26 233 88 56 254 12370 3 2704673 61156 2.4 34 14 3 16 34% 10112 127647 8991 13%
c - 255.50 232 89 56 255 12410 3 2707586 49572 2.4 35 14 3 16 34% 10112 127647 8991 13%
c - 256.93 234 93 56 256 12671 3 2723554 55144 2.4 39 16 3 16 36% 10114 127647 8991 13%
c
c seconds     switched      rate           size/glue  tier1     binary          remaining
c          MB   reductions     conflicts         size   tier2       irredundant
c           level     restarts        redundant     glue    trail          variables
c
c - 258.55 234 95 56 257 12941 3 2739555 59400 2.4 43 18 3 16 39% 10116 127647 8991 13%
c - 259.93 127 97 56 258 13145 3 2755586 62480 2.4 45 19 3 16 40% 10120 127647 8991 13%
c - 261.52 124 99 56 259 13365 3 2771649 65017 2.4 48 20 3 16 42% 10123 127647 8991 13%
c - 263.14 128 100 56 260 13585 3 2787743 66043 2.4 50 21 3 16 44% 10124 127647 8991 13%
c - 264.87 124 101 56 261 13810 3 2803868 66776 2.4 53 22 3 16 45% 10125 127647 8991 13%
c - 266.34 128 100 56 262 13968 3 2820024 68501 2.4 54 22 3 16 46% 10127 127647 8991 13%
c u 267.97 125 101 56 262 14121 3 2834503 78723 2.5 55 23 3 16 47% 10142 127647 8991 13%
c v 268.29 127 101 56 262 14121 3 2834503 77854 2.5 55 23 3 16 47% 10140 127647 8991 13%
c w 268.47 130 101 56 262 14121 3 2834503 77851 2.5 55 23 3 16 47% 10140 127647 8991 13%
c x 268.71 123 101 56 262 14121 3 2834503 77833 2.5 55 23 3 16 47% 10142 127575 8991 13%
c = 270.57 84 101 56 262 14121 3 2834503 77833 2.5 55 23 3 16 47% 10142 127547 8989 13%
c t 270.58 84 101 56 262 14121 3 2834503 77692 2.5 55 23 3 16 47% 10144 127540 8989 13%
c u 270.88 85 101 56 262 14121 3 2834503 75534 2.5 55 23 3 16 47% 10152 127540 8989 13%
c v 271.20 87 101 56 262 14121 3 2834503 74411 2.5 55 23 3 16 47% 10152 127540 8989 13%
c w 271.37 89 101 56 262 14121 3 2834503 74402 2.5 55 23 3 16 47% 10152 127540 8989 13%
c x 271.62 90 101 56 262 14121 3 2834503 74374 2.5 55 23 3 16 47% 10158 127399 8989 13%
c t 271.63 90 101 56 262 14121 3 2834503 74374 2.5 55 23 3 16 47% 10153 127399 8989 13%
c - 271.86 97 101 56 263 14140 3 2836211 62399 2.5 56 23 3 16 47% 10136 127399 8989 13%
c - 273.40 101 101 56 264 14320 3 2852430 63509 2.5 57 23 3 16 48% 10137 127399 8989 13%
c - 274.75 106 102 56 265 14475 3 2868679 65401 2.5 58 23 3 16 48% 10139 127399 8989 13%
c
c seconds      switched      rate           size/glue  tier1     binary          remaining
c          MB    reductions     conflicts         size   tier2       irredundant
c            level     restarts        redundant     glue    trail          variables
c
c } 275.20 108 102 57 265 14533 3 2874016 70623 2.5 58 23 3 16 48% 10139 127399 8989 13%
c [ 275.20 108 66 57 265 14533 1 2874016 70623 2.1 81 39 4 26 53% 10139 127399 8989 13%
c W 275.28 117 66 57 265 14533 1 2874016 70623 2.1 81 39 4 26 53% 10139 127399 8989 13%
c s 276.09 119 65 57 265 14538 1 2881386 77396 2.1 81 39 4 26 54% 10149 127306 8989 13%
c e 276.13 119 65 57 265 14538 1 2881386 77396 2.1 81 39 4 26 54% 10060 127799 8953 13%
c s 276.14 119 65 57 265 14538 1 2881386 77396 2.1 81 39 4 26 54% 10062 127595 8953 13%
c e 276.15 119 65 57 265 14538 1 2881386 77396 2.1 81 39 4 26 54% 10062 127611 8952 13%
c - 276.62 122 65 57 266 14539 1 2884957 61424 2.1 81 39 4 26 54% 10062 127611 8952 13%
c - 278.37 124 62 57 267 14547 1 2901267 56389 2.1 82 38 4 26 56% 10063 127611 8952 13%
c - 280.26 125 59 57 268 14554 1 2917609 53155 2.2 82 37 4 26 57% 10063 127611 8952 13%
c - 282.16 126 57 57 269 14562 1 2933979 51020 2.2 82 37 4 26 58% 10063 127611 8952 13%
c - 284.12 127 55 57 270 14563 1 2950381 51421 2.2 82 37 4 26 59% 10063 127611 8952 13%
c - 286.21 128 53 57 271 14570 1 2966812 53391 2.3 81 36 4 26 60% 10063 127611 8952 13%
c - 288.27 128 53 57 272 14578 1 2983274 54212 2.3 82 36 4 26 60% 10063 127611 8952 13%
c u 290.64 132 52 57 272 14585 1 2998973 64718 2.3 83 37 4 26 61% 10067 127611 8952 13%
c v 290.92 133 52 57 272 14585 1 2998973 62853 2.3 83 37 4 26 61% 10067 127611 8952 13%
c w 291.32 155 52 57 272 14585 1 2998973 60938 2.3 83 37 4 26 61% 10067 127611 8952 13%
c x 291.60 163 52 57 272 14585 1 2998973 60907 2.3 83 37 4 26 61% 10079 127366 8952 13%
c t 291.61 163 52 57 272 14585 1 2998973 60907 2.3 83 37 4 26 61% 10074 127366 8952 13%
c f 291.64 163 52 57 272 14585 1 2998973 60907 2.3 83 37 4 26 61% 10078 127328 8954 13%
c
c seconds     switched      rate           size/glue  tier1     binary          remaining
c          MB   reductions     conflicts         size   tier2       irredundant
c           level     restarts        redundant     glue    trail          variables
c
c u 291.96 164 52 57 272 14585 1 2998973 54981 2.3 83 37 4 26 61% 10159 127328 8954 13%
c v 292.16 164 52 57 272 14585 1 2998973 53518 2.3 83 37 4 26 61% 10159 127328 8954 13%
c w 292.61 128 52 57 272 14585 1 2998973 53339 2.3 83 37 4 26 61% 10159 127328 8954 13%
c x 292.87 129 52 57 272 14585 1 2998973 53336 2.3 83 37 4 26 61% 10229 127098 8953 13%
c t 292.89 129 52 57 272 14585 1 2998973 53336 2.3 83 37 4 26 61% 10203 127098 8953 13%
c i 292.90 129 52 57 272 14585 1 2998973 53336 2.3 83 37 4 26 61% 10203 127098 8953 13%
c o 292.90 129 52 57 272 14585 1 2998973 53336 2.3 83 37 4 26 61% 10203 127098 8953 13%
c - 292.98 129 53 57 273 14585 1 2999767 40589 2.3 83 37 4 26 61% 10193 127098 8953 13%
c I 293.75 129 54 57 273 14591 1 3008255 48435 2.2 84 37 4 26 61% 10193 127098 8953 13%
c ] 294.46 129 59 58 273 14593 1 3015296 55296 2.2 86 38 4 26 61% 10193 127098 8953 13%
c { 294.46 129 102 58 273 14593 3 3015296 55296 2.5 58 23 3 16 48% 10193 127098 8953 13%
c - 294.57 129 102 58 274 14604 3 3016293 42800 2.5 58 23 3 16 48% 10193 127098 8953 13%
c - 295.49 132 103 58 275 14678 3 3032845 48557 2.5 57 23 3 16 47% 10197 127097 8953 13%
c - 296.70 133 105 58 276 14808 3 3049428 54669 2.5 57 23 3 16 48% 10199 127096 8953 13%
c - 297.98 134 106 58 277 14921 3 3066042 56621 2.5 57 22 3 16 48% 10203 127096 8953 13%
c - 299.27 138 106 58 278 15040 3 3082687 58720 2.6 57 22 3 16 49% 10204 127096 8953 13%
c - 300.49 142 105 58 279 15127 3 3099360 60512 2.6 57 22 3 16 49% 10205 127096 8953 13%
c - 301.86 165 106 58 280 15285 3 3116064 61111 2.6 57 22 3 16 50% 10205 127096 8953 13%
c - 303.22 139 106 58 281 15401 3 3132801 61430 2.7 58 22 3 16 50% 10207 127096 8953 13%
c i 304.20 152 106 58 281 15496 3 3145966 74004 2.6 57 22 3 16 50% 10213 127096 8952 13%
c
c seconds      switched      rate           size/glue  tier1     binary          remaining
c          MB    reductions     conflicts         size   tier2       irredundant
c            level     restarts        redundant     glue    trail          variables
c
c - 304.59 153 105 58 282 15542 3 3149564 62408 2.6 57 22 3 16 50% 10206 127096 8952 13%
c - 305.85 165 105 58 283 15649 3 3166358 63503 2.7 57 21 3 16 50% 10207 127096 8952 13%
c u 306.35 177 105 58 283 15670 3 3168550 61358 2.6 57 21 3 16 50% 10224 127074 8949 13%
c v 306.73 178 105 58 283 15670 3 3168550 60062 2.6 57 21 3 16 50% 10224 127074 8949 13%
c w 306.89 178 105 58 283 15670 3 3168550 60045 2.6 57 21 3 16 50% 10224 127074 8949 13%
c t 306.90 178 105 58 283 15670 3 3168550 59989 2.6 57 21 3 16 50% 10222 127029 8949 13%
c u 307.15 187 105 58 283 15670 3 3168550 57083 2.6 57 21 3 16 50% 10256 127029 8949 13%
c v 307.40 188 105 58 283 15670 3 3168550 54465 2.6 57 21 3 16 50% 10257 127029 8949 13%
c w 307.51 189 105 58 283 15670 3 3168550 54441 2.6 57 21 3 16 50% 10257 127029 8949 13%
c x 307.71 189 105 58 283 15670 3 3168550 54435 2.6 57 21 3 16 50% 10258 127001 8949 13%
c t 307.72 189 105 58 283 15670 3 3168550 54435 2.6 57 21 3 16 50% 10242 127001 8949 13%
c i 307.73 189 105 58 283 15670 3 3168550 54435 2.6 57 21 3 16 50% 10242 127001 8949 13%
c - 308.96 202 106 58 284 15811 3 3183180 55172 2.6 57 22 3 16 50% 10224 127001 8949 13%
c } 309.90 213 106 59 284 15904 3 3195928 67661 2.6 56 21 3 16 50% 10226 127001 8949 13%
c [ 309.90 213 59 59 284 15904 1 3195928 67661 2.2 86 38 4 26 61% 10226 127001 8949 13%
c B 309.90 213 59 59 284 15904 1 3195928 67661 2.2 86 38 4 26 61% 10226 127001 8949 13%
c - 310.27 214 61 59 285 15906 1 3200033 56092 2.2 87 39 4 26 61% 10226 127001 8949 13%
c - 311.93 223 61 59 286 15917 1 3216914 51059 2.3 88 39 4 26 62% 10227 127001 8949 13%
c - 313.95 179 59 59 287 15922 1 3233825 45669 2.3 88 38 4 26 61% 10227 127001 8949 13%
c o 315.47 179 57 59 287 15930 1 3246266 56488 2.3 86 38 4 26 61% 10227 127001 8949 13%
c
c seconds     switched      rate           size/glue  tier1     binary          remaining
c          MB   reductions     conflicts         size   tier2       irredundant
c           level     restarts        redundant     glue    trail          variables
c
c - 315.86 188 61 59 288 15932 1 3250767 44756 2.3 88 39 4 26 61% 10227 127001 8949 13%
c - 317.61 190 69 59 289 15934 1 3267737 43139 2.1 93 43 4 26 62% 10227 127001 8949 13%
c - 319.50 198 74 59 290 15940 1 3284739 40610 2.1 97 47 3 26 62% 10227 127001 8949 13%
c - 321.27 207 72 59 291 15948 1 3301772 41161 2.1 97 47 3 26 63% 10227 127001 8949 13%
c s 321.99 208 71 59 291 15949 1 3308314 46999 2.1 97 46 3 26 63% 10241 126897 8949 13%
c e 322.03 208 71 59 291 15949 1 3308314 46999 2.1 97 46 3 26 63% 10179 127313 8919 13%
c s 322.04 208 71 59 291 15949 1 3308314 46999 2.1 97 46 3 26 63% 10181 127167 8919 13%
c - 323.42 217 70 59 292 15955 1 3318832 40834 2.1 97 46 3 26 63% 10181 127167 8919 13%
c ] 324.70 218 69 60 292 15960 1 3327868 48695 2.1 96 46 3 26 63% 10181 127167 8919 13%
c { 324.70 218 106 60 292 15960 3 3327868 48695 2.6 56 21 3 16 50% 10181 127167 8919 13%
c - 325.28 168 105 60 293 15995 3 3335921 44616 2.6 56 21 3 16 50% 10181 127167 8919 13%
c u 326.19 170 105 60 293 16062 3 3343268 48007 2.6 56 21 3 16 50% 10206 127167 8919 13%
c v 326.59 179 105 60 293 16062 3 3343268 44643 2.6 56 21 3 16 50% 10206 127167 8919 13%
c w 327.04 181 105 60 293 16062 3 3343268 44609 2.6 56 21 3 16 50% 10206 127167 8919 13%
c t 327.05 181 105 60 293 16062 3 3343268 44609 2.6 56 21 3 16 50% 10199 127167 8919 13%
c f 327.08 181 105 60 293 16062 3 3343268 44609 2.6 56 21 3 16 50% 10195 127044 8926 13%
c u 327.37 181 105 60 293 16062 3 3343268 43999 2.6 56 21 3 16 50% 10200 127044 8926 13%
c v 327.67 181 105 60 293 16062 3 3343268 41992 2.6 56 21 3 16 50% 10200 127044 8926 13%
c w 328.31 181 105 60 293 16062 3 3343268 41822 2.6 56 21 3 16 50% 10200 127044 8926 13%
c t 328.32 181 105 60 293 16062 3 3343268 41822 2.6 56 21 3 16 50% 10195 127044 8926 13%
c
c seconds      switched      rate           size/glue  tier1     binary          remaining
c          MB    reductions     conflicts         size   tier2       irredundant
c            level     restarts        redundant     glue    trail          variables
c
c - 329.20 192 106 60 294 16174 3 3353038 43269 2.6 57 22 3 16 51% 10196 127044 8926 13%
c - 330.58 193 106 60 295 16344 3 3370186 49955 2.6 57 22 3 16 51% 10197 127044 8926 13%
c - 331.98 205 107 60 296 16480 3 3387362 54798 2.6 57 22 3 16 51% 10199 127044 8926 13%
c - 333.36 217 106 60 297 16620 3 3404568 57980 2.7 58 22 3 16 52% 10199 127044 8926 13%
c - 334.61 240 105 60 298 16736 3 3421801 60490 2.7 58 22 3 16 52% 10199 127044 8926 13%
c - 336.02 186 105 60 299 16881 3 3439063 61922 2.7 58 22 3 16 52% 10200 127044 8926 13%
c - 337.34 208 104 60 300 17022 3 3456355 62693 2.7 58 22 3 16 52% 10201 127044 8926 13%
c - 338.75 223 104 60 301 17149 3 3473675 64355 2.7 58 21 3 16 52% 10201 127044 8926 13%
c - 340.32 235 104 60 302 17320 3 3491025 65442 2.7 58 22 3 16 52% 10202 127044 8926 13%
c o 340.78 234 104 60 302 17360 3 3497019 71201 2.7 58 22 3 16 52% 10202 127044 8926 13%
c - 341.79 234 104 60 303 17471 3 3508404 66322 2.7 58 22 3 16 52% 10202 127044 8926 13%
c } 342.65 235 104 61 303 17571 3 3520121 77710 2.7 58 22 3 16 51% 10202 127044 8926 13%
c [ 342.65 235 69 61 303 17571 1 3520121 77710 2.1 96 46 3 26 63% 10202 127044 8926 13%
c W 342.71 235 69 61 303 17571 1 3520121 77710 2.1 96 46 3 26 63% 10202 127044 8926 13%
c u 343.31 235 69 61 303 17573 1 3523155 77555 2.1 96 46 3 26 62% 10206 127044 8926 13%
c v 343.63 237 69 61 303 17573 1 3523155 77140 2.1 96 46 3 26 62% 10206 127044 8926 13%
c w 343.80 241 69 61 303 17573 1 3523155 77139 2.1 96 46 3 26 62% 10206 127044 8926 13%
c x 344.03 241 69 61 303 17573 1 3523155 77131 2.1 96 46 3 26 62% 10210 127006 8926 13%
c t 344.04 241 69 61 303 17573 1 3523155 77131 2.1 96 46 3 26 62% 10208 127006 8926 13%
c - 344.33 241 69 61 304 17575 1 3525810 62389 2.1 96 46 3 26 62% 10208 127006 8926 13%
c
c seconds     switched      rate           size/glue  tier1     binary          remaining
c          MB   reductions     conflicts         size   tier2       irredundant
c           level     restarts        redundant     glue    trail          variables
c
c - 346.43 184 68 61 305 17584 1 3543246 55106 2.1 95 45 3 26 62% 10208 127006 8926 13%
c - 348.52 169 66 61 306 17591 1 3560713 47683 2.1 95 45 3 26 62% 10208 127006 8926 13%
c - 350.34 176 63 61 307 17600 1 3578206 46874 2.1 93 43 3 26 62% 10208 127006 8926 13%
c - 352.23 178 60 61 308 17601 1 3595728 47545 2.2 92 42 3 26 63% 10208 127006 8926 13%
c - 354.20 180 57 61 309 17608 1 3613277 49026 2.2 90 40 3 26 63% 10208 127006 8926 13%
c - 356.16 176 55 61 310 17616 1 3630858 50118 2.3 88 39 3 26 63% 10208 127006 8926 13%
c - 358.20 95 53 61 311 17625 1 3648467 49232 2.3 85 38 3 26 63% 10208 127006 8926 13%
c ] 359.62 96 52 62 311 17631 1 3660340 59199 2.2 84 38 3 26 63% 10208 127006 8926 13%
c { 359.62 96 104 62 311 17631 3 3660340 59199 2.7 58 22 3 16 51% 10208 127006 8926 13%
c - 360.12 97 104 62 312 17684 3 3666102 51279 2.7 58 22 3 16 52% 10208 127006 8926 13%
c - 361.50 98 104 62 313 17819 3 3683767 57570 2.7 58 22 3 16 52% 10212 127006 8926 13%
c - 362.80 98 102 62 314 17926 3 3701461 62687 2.7 58 21 3 16 52% 10212 127006 8926 13%
c u 363.83 104 103 62 314 17980 3 3708234 63315 2.8 59 21 3 16 52% 10232 127006 8925 13%
c v 364.43 106 103 62 314 17980 3 3708234 60733 2.8 59 21 3 16 52% 10232 127006 8925 13%
c w 364.66 107 103 62 314 17980 3 3708234 60718 2.8 59 21 3 16 52% 10232 127006 8925 13%
c t 364.67 107 103 62 314 17980 3 3708234 60718 2.8 59 21 3 16 52% 10225 127001 8925 13%
c u 365.00 107 103 62 314 17980 3 3708234 59834 2.8 59 21 3 16 52% 10241 127001 8925 13%
c v 365.66 109 103 62 314 17980 3 3708234 54277 2.8 59 21 3 16 52% 10241 127001 8925 13%
c w 365.88 111 103 62 314 17980 3 3708234 54225 2.8 59 21 3 16 52% 10241 127001 8925 13%
c t 365.90 111 103 62 314 17980 3 3708234 54225 2.8 59 21 3 16 52% 10237 127001 8925 13%
c
c seconds      switched      rate           size/glue  tier1     binary          remaining
c          MB    reductions     conflicts         size   tier2       irredundant
c            level     restarts        redundant     glue    trail          variables
c
c i 365.90 111 103 62 314 17980 3 3708234 54225 2.8 59 21 3 16 52% 10237 127001 8925 13%
c - 366.78 115 102 62 315 18088 3 3719184 52096 2.7 59 22 3 16 52% 10233 127001 8925 13%
c - 368.33 117 102 62 316 18271 3 3736932 55279 2.7 59 22 3 16 52% 10236 127001 8925 13%
c - 369.94 119 102 62 317 18450 3 3754710 57907 2.7 60 22 3 16 52% 10237 127001 8925 13%
c o 370.19 117 102 62 317 18473 3 3757556 60704 2.7 59 22 3 16 52% 10237 127001 8925 13%
c s 371.29 120 102 62 317 18603 3 3770867 73639 2.7 60 22 3 16 52% 10241 126968 8925 13%
c e 371.31 111 102 62 317 18603 3 3770867 73639 2.7 60 22 3 16 52% 10234 127048 8920 13%
c s 371.31 111 102 62 317 18603 3 3770867 73639 2.7 60 22 3 16 52% 10234 127013 8920 13%
c - 371.45 123 102 62 318 18609 3 3772515 60118 2.7 60 22 3 16 52% 10234 127013 8920 13%
c - 373.05 124 102 62 319 18771 3 3790350 61917 2.7 60 22 3 16 52% 10234 127013 8920 13%
c - 374.53 125 100 62 320 18918 3 3808212 63297 2.7 61 22 3 16 52% 10235 127013 8920 13%
c - 376.11 125 99 62 321 19065 3 3826104 64850 2.7 61 22 3 16 52% 10236 127013 8920 13%
c - 377.76 126 99 62 322 19251 3 3844020 66030 2.7 62 23 3 16 52% 10236 127013 8920 13%
c - 379.36 92 100 62 323 19414 3 3861964 66906 2.7 62 23 3 16 52% 10237 127013 8920 13%
c } 379.51 90 100 63 323 19425 3 3864550 69409 2.7 62 23 3 16 52% 10237 127013 8920 13%
c [ 379.51 90 52 63 323 19425 1 3864550 69409 2.2 84 38 3 26 63% 10237 127013 8920 13%
c O 379.51 90 52 63 323 19425 1 3864550 69409 2.2 84 38 3 26 63% 10237 127013 8920 13%
c - 381.24 94 52 63 324 19434 1 3879938 63172 2.3 87 37 3 26 63% 10237 127013 8920 13%
c - 383.10 92 54 63 325 19440 1 3897938 54056 2.3 88 39 3 26 63% 10237 127013 8920 13%
c u 383.55 90 54 63 325 19441 1 3898531 49033 2.3 88 39 3 26 63% 10261 127013 8920 13%
c
c seconds    switched      rate           size/glue  tier1     binary          remaining
c         MB   reductions     conflicts         size   tier2       irredundant
c          level     restarts        redundant     glue    trail          variables
c
c v 383.83 92 54 63 325 19441 1 3898531 44220 2.3 88 39 3 26 63% 10258 127013 8920 13%
c w 384.26 94 54 63 325 19441 1 3898531 44087 2.3 88 39 3 26 63% 10258 127013 8920 13%
c t 384.27 94 54 63 325 19441 1 3898531 44087 2.3 88 39 3 26 63% 10247 127013 8920 13%
c - 385.91 82 60 63 326 19452 1 3915969 42467 2.2 90 42 3 26 63% 10247 127013 8920 13%
c - 387.88 90 65 63 327 19455 1 3934025 42525 2.1 93 44 3 26 64% 10247 127013 8920 13%
c - 389.66 91 68 63 328 19460 1 3952110 42945 2.1 96 46 3 26 64% 10247 127013 8920 13%
c - 391.39 88 66 63 329 19469 1 3970222 44300 2.1 95 45 3 26 64% 10247 127013 8920 13%
c - 393.21 90 66 63 330 19477 1 3988360 44159 2.1 96 45 3 26 64% 10248 127013 8920 13%
c - 395.18 91 67 63 331 19485 1 4006526 44504 2.1 96 45 3 26 64% 10248 127013 8920 13%
c - 397.12 89 67 63 332 19486 1 4024719 45361 2.1 96 45 3 26 63% 10248 127013 8920 13%
c B 397.37 89 67 63 332 19486 1 4027214 47762 2.1 96 45 3 26 63% 10248 127013 8920 13%
c ] 398.66 92 68 64 332 19487 1 4040852 60783 2.2 97 45 3 26 63% 10248 127013 8920 13%
c { 398.66 92 100 64 332 19487 3 4040852 60783 2.7 62 23 3 16 52% 10248 127013 8920 13%
c o 398.68 84 100 64 332 19490 3 4041012 60935 2.7 62 23 3 16 52% 10248 127013 8920 13%
c - 398.82 90 100 64 333 19501 3 4042940 45882 2.7 62 23 3 16 52% 10248 127013 8920 13%
c - 400.27 89 101 64 334 19668 3 4061189 51275 2.7 62 23 3 16 52% 10248 127013 8920 13%
c - 401.77 92 101 64 335 19805 3 4079464 57379 2.7 62 23 3 16 52% 10249 127013 8920 13%
c u 403.17 92 101 64 335 19890 3 4094072 68765 2.7 62 23 3 16 52% 10255 127013 8920 13%
c v 403.58 94 101 64 335 19890 3 4094072 67630 2.7 62 23 3 16 52% 10255 127013 8920 13%
c w 403.78 95 101 64 335 19890 3 4094072 67620 2.7 62 23 3 16 52% 10255 127013 8920 13%
c
c seconds     switched      rate           size/glue  tier1     binary          remaining
c         MB    reductions     conflicts         size   tier2       irredundant
c           level     restarts        redundant     glue    trail          variables
c
c x 404.08 97 101 64 335 19890 3 4094072 67596 2.7 62 23 3 16 52% 10258 126961 8920 13%
c t 406.38 97 101 64 335 19890 3 4094072 67596 2.7 62 23 3 16 52% 10256 126961 8920 13%
c - 406.74 102 101 64 336 19921 3 4097767 57493 2.7 62 23 3 16 52% 10256 126961 8920 13%
c - 408.44 107 102 64 337 20085 3 4116099 59756 2.7 62 23 3 16 52% 10260 126961 8920 13%
c - 410.12 122 101 64 338 20253 3 4134457 60957 2.7 63 24 3 16 52% 10262 126961 8920 13%
c - 411.79 128 103 64 339 20413 3 4152842 62699 2.7 64 24 3 16 52% 10263 126961 8920 13%
c - 413.46 135 102 64 340 20555 3 4171254 64577 2.7 64 24 3 16 53% 10264 126961 8920 13%
c - 415.30 153 101 64 341 20730 3 4189696 65387 2.7 65 24 3 16 53% 10264 126961 8920 13%
c - 417.00 161 98 64 342 20878 3 4208163 66186 2.7 66 24 3 16 53% 10264 126961 8920 13%
c - 418.85 170 98 64 343 21073 3 4226656 66909 2.7 67 25 3 16 53% 10266 126961 8920 13%
c - 420.56 178 98 64 344 21228 3 4245176 67818 2.7 67 25 3 16 53% 10269 126961 8920 13%
c } 421.80 182 99 65 344 21346 3 4257351 79646 2.7 67 25 3 16 53% 10269 126961 8920 13%
c [ 421.80 182 68 65 344 21346 1 4257351 79646 2.2 97 45 3 26 63% 10269 126961 8920 13%
c W 421.91 149 68 65 344 21346 1 4257351 79646 2.2 97 45 3 26 63% 10269 126961 8920 13%
c - 422.68 151 67 65 345 21351 1 4263723 66881 2.2 97 44 3 26 63% 10269 126961 8920 13%
c s 423.40 151 67 65 345 21353 1 4269935 72558 2.2 97 44 3 26 63% 10273 126946 8920 13%
c e 423.42 151 67 65 345 21353 1 4269935 72558 2.2 97 44 3 26 63% 10263 126993 8917 13%
c s 423.43 151 67 65 345 21353 1 4269935 72558 2.2 97 44 3 26 63% 10263 126969 8917 13%
c - 424.87 160 66 65 346 21360 1 4282297 60637 2.2 96 44 3 26 63% 10263 126969 8917 13%
c u 426.71 164 66 65 346 21364 1 4294878 66844 2.2 97 44 3 26 63% 10278 126969 8917 13%
c
c seconds     switched      rate           size/glue  tier1     binary          remaining
c          MB   reductions     conflicts         size   tier2       irredundant
c           level     restarts        redundant     glue    trail          variables
c
c v 427.26 165 66 65 346 21364 1 4294878 61701 2.2 97 44 3 26 63% 10279 126969 8917 13%
c w 427.55 184 66 65 346 21364 1 4294878 61285 2.2 97 44 3 26 63% 10279 126969 8917 13%
c t 427.56 184 66 65 346 21364 1 4294878 61285 2.2 97 44 3 26 63% 10268 126969 8917 13%
c - 428.17 192 66 65 347 21367 1 4300898 46331 2.2 97 44 3 26 63% 10268 126969 8917 13%
c - 430.28 193 66 65 348 21375 1 4319526 45215 2.2 94 44 3 26 62% 10268 126969 8917 13%
c - 432.06 145 66 65 349 21376 1 4338181 46541 2.2 93 43 3 26 62% 10268 126969 8917 13%
c o 432.31 145 66 65 349 21378 1 4340480 48674 2.1 93 43 3 26 62% 10268 126969 8917 13%
c - 434.00 146 67 65 350 21387 1 4356862 47005 2.1 92 44 3 26 62% 10268 126969 8917 13%
c - 436.24 148 67 65 351 21394 1 4375571 45383 2.1 92 44 3 26 62% 10268 126969 8917 13%
c - 438.60 148 66 65 352 21405 1 4394305 43644 2.1 91 44 3 26 62% 10268 126969 8917 13%
c - 440.78 149 65 65 353 21407 1 4413067 43188 2.1 92 45 3 26 61% 10268 126969 8917 13%
c - 443.13 120 66 65 354 21408 1 4431855 42776 2.0 93 46 3 26 61% 10268 126969 8917 13%
c ] 443.19 120 66 66 354 21408 1 4432275 43147 2.0 93 46 3 26 61% 10268 126969 8917 13%
c { 443.19 120 99 66 354 21408 3 4432275 43147 2.7 67 25 3 16 53% 10268 126969 8917 13%
c - 444.84 122 87 66 355 21409 3 4450670 53835 2.9 69 24 3 16 52% 10269 126969 8917 13%
c - 446.86 142 77 66 356 21409 2 4469512 67591 3.1 71 23 3 16 52% 10269 126969 8917 13%
c - 449.12 149 68 66 357 21409 2 4488379 73840 3.3 74 22 3 16 52% 10269 126969 8917 13%
c u 450.95 152 63 66 357 21409 2 4500980 82109 3.5 76 22 3 16 51% 10282 126969 8917 13%
c v 451.87 157 63 66 357 21409 2 4500980 79204 3.5 76 22 3 16 51% 10282 126969 8917 13%
c w 452.32 170 63 66 357 21409 2 4500980 79202 3.5 76 22 3 16 51% 10282 126969 8917 13%
c
c seconds     switched      rate           size/glue  tier1     binary          remaining
c          MB   reductions     conflicts         size   tier2       irredundant
c           level     restarts        redundant     glue    trail          variables
c
c t 452.33 170 63 66 357 21409 2 4500980 79202 3.5 76 22 3 16 51% 10277 126969 8917 13%
c - 452.83 171 61 66 358 21410 2 4507275 71157 3.5 75 21 3 16 51% 10277 126969 8917 13%
c - 454.51 117 56 66 359 21410 2 4526195 72905 3.7 77 21 3 16 52% 10277 126969 8917 13%
c - 455.69 126 52 66 360 21412 2 4545144 71665 3.8 77 20 3 16 51% 10279 126969 8917 13%
c i 456.81 129 50 66 360 21416 2 4562137 88451 3.9 77 20 3 16 50% 10288 126968 8914 13%
c - 456.87 129 50 66 361 21416 2 4564117 72225 3.9 76 19 3 16 49% 10281 126968 8914 13%
c - 458.19 140 46 66 362 21417 2 4583117 72511 3.8 71 18 3 16 50% 10282 126968 8914 13%
c - 459.43 142 43 66 363 21417 1 4602143 73090 3.9 69 18 3 16 50% 10282 126968 8914 13%
c - 461.01 153 40 66 364 21421 1 4621196 74384 3.9 67 17 3 16 51% 10282 126968 8914 13%
c - 462.40 154 37 66 365 21423 1 4640275 76093 3.8 65 17 3 16 52% 10282 126968 8914 13%
c - 463.92 156 35 66 366 21431 1 4659380 75692 3.8 64 17 3 16 54% 10282 126968 8914 13%
c } 464.07 156 35 67 366 21433 1 4661391 77640 3.8 64 17 3 16 54% 10282 126968 8914 13%
c [ 464.07 156 66 67 366 21433 1 4661391 77640 2.0 93 46 3 26 61% 10282 126968 8914 13%
c I 464.07 156 66 67 366 21433 1 4661391 77640 2.0 93 46 3 26 61% 10282 126968 8914 13%
c o 464.07 156 66 67 366 21433 1 4661391 77640 2.0 93 46 3 26 61% 10282 126968 8914 13%
c - 465.51 168 72 67 367 21443 1 4678513 69268 2.0 92 45 3 26 60% 10282 126968 8914 13%
c - 467.36 178 77 67 368 21450 1 4697670 57408 2.0 90 46 3 26 57% 10282 126968 8914 13%
c u 469.19 190 78 67 368 21459 1 4712399 66161 2.0 89 45 3 26 56% 10300 126909 8914 13%
c v 469.69 193 78 67 368 21459 1 4712399 62489 2.0 89 45 3 26 56% 10300 126909 8914 13%
c w 469.95 198 78 67 368 21459 1 4712399 62404 2.0 89 45 3 26 56% 10300 126909 8914 13%
c
c seconds     switched      rate           size/glue  tier1     binary          remaining
c          MB   reductions     conflicts         size   tier2       irredundant
c           level     restarts        redundant     glue    trail          variables
c
c t 469.96 198 78 67 368 21459 1 4712399 62404 2.0 89 45 3 26 56% 10294 126909 8914 13%
c - 470.32 198 78 67 369 21461 1 4716855 45217 2.0 89 45 3 26 55% 10294 126909 8914 13%
c - 471.55 198 80 67 370 21463 1 4736064 43807 2.0 92 47 3 26 52% 10294 126909 8914 13%
c - 472.85 198 78 67 371 21470 1 4755299 41441 2.0 92 47 3 27 50% 10294 126909 8914 13%
c - 474.05 198 81 67 372 21478 1 4774564 42210 1.9 93 48 3 27 47% 10294 126909 8914 13%
c - 475.26 200 81 67 373 21490 1 4793851 41470 1.9 91 49 3 27 46% 10294 126909 8914 13%
c s 475.98 200 82 67 373 21493 1 4806404 53360 1.9 90 48 3 27 45% 10302 126893 8914 13%
c e 475.99 153 82 67 373 21493 1 4806404 53360 1.9 90 48 3 27 45% 10293 126910 8909 13%
c s 475.99 153 82 67 373 21493 1 4806404 53360 1.9 90 48 3 27 45% 10293 126884 8909 13%
c - 476.42 157 83 67 374 21494 1 4813164 42360 1.9 91 49 3 27 44% 10293 126884 8909 13%
c - 477.68 159 85 67 375 21495 1 4832503 42049 1.8 92 50 3 27 42% 10293 126884 8909 13%
c B 478.69 159 84 67 375 21495 1 4846726 55096 1.8 91 51 3 27 42% 10293 126884 8909 13%
c - 479.00 160 87 67 376 21495 1 4851869 40325 1.8 93 51 3 27 42% 10293 126884 8909 13%
c - 480.20 185 89 67 377 21503 1 4871259 40215 1.9 97 52 3 27 41% 10293 126884 8909 13%
c - 481.59 193 82 67 378 21510 1 4890676 38520 2.0 97 49 3 27 41% 10293 126884 8909 13%
c - 482.88 194 77 67 379 21523 1 4910119 38661 2.0 93 48 3 27 40% 10293 126884 8909 13%
c ] 483.50 194 74 68 379 21525 1 4920168 47218 1.9 91 47 3 27 40% 10293 126884 8909 13%
c { 483.50 194 35 68 379 21525 1 4920168 47218 3.8 64 17 3 16 54% 10293 126884 8909 13%
c u 484.65 194 41 68 379 21663 2 4929133 53785 3.7 64 17 3 16 54% 10305 126884 8909 13%
c v 484.96 194 41 68 379 21663 2 4929133 50279 3.7 64 17 3 16 54% 10305 126884 8909 13%
c
c seconds     switched      rate           size/glue  tier1     binary          remaining
c          MB   reductions     conflicts         size   tier2       irredundant
c           level     restarts        redundant     glue    trail          variables
c
c w 485.38 200 41 68 379 21663 2 4929133 48192 3.7 64 17 3 16 54% 10305 126884 8909 13%
c t 485.39 200 41 68 379 21663 2 4929133 48192 3.7 64 17 3 16 54% 10301 126884 8909 13%
c - 485.45 200 41 68 380 21670 2 4929586 37699 3.7 64 17 3 16 54% 10301 126884 8909 13%
c - 487.37 168 52 68 381 21949 2 4949079 47760 3.4 63 18 3 16 54% 10301 126884 8909 13%
c o 488.49 171 58 68 381 22084 2 4961410 59899 3.4 62 19 3 16 54% 10302 126884 8909 13%
c - 489.20 183 61 68 382 22161 2 4968598 56018 3.3 62 19 3 16 55% 10302 126884 8909 13%
c - 491.15 208 69 68 383 22386 2 4988143 60193 3.2 62 19 3 16 55% 10302 126884 8909 13%
c - 493.14 221 76 68 384 22604 3 5007716 62399 3.1 61 20 3 16 55% 10303 126884 8909 13%
c - 494.89 221 80 68 385 22767 3 5027311 64973 3.0 60 20 3 16 55% 10303 126884 8909 13%
c - 496.82 221 84 68 386 22956 3 5046933 67044 3.0 60 20 3 16 56% 10303 126884 8909 13%
c - 498.64 163 86 68 387 23125 3 5066580 68428 2.9 58 20 3 16 55% 10303 126884 8909 13%
c - 500.57 163 89 68 388 23317 3 5086252 69766 2.9 58 20 3 16 55% 10303 126884 8909 13%
c - 502.58 164 92 68 389 23524 3 5105950 70463 2.8 58 21 3 16 55% 10303 126884 8909 13%
c - 504.57 163 94 68 390 23723 3 5125673 71247 2.8 58 21 3 16 55% 10304 126884 8909 13%
c - 506.39 164 94 68 391 23888 3 5145422 72441 2.8 59 21 3 16 55% 10304 126884 8909 13%
c u 507.21 163 94 68 391 23926 3 5151237 72295 2.8 59 21 3 16 55% 10307 126884 8909 13%
c v 507.63 165 94 68 391 23926 3 5151237 70706 2.8 59 21 3 16 55% 10307 126884 8909 13%
c w 507.82 166 94 68 391 23926 3 5151237 70689 2.8 59 21 3 16 55% 10307 126884 8909 13%
c x 508.12 160 94 68 391 23926 3 5151237 70652 2.8 59 21 3 16 55% 10318 126776 8909 13%
c t 508.13 101 94 68 391 23926 3 5151237 70652 2.8 59 21 3 16 55% 10314 126776 8909 13%
c
c seconds     switched      rate           size/glue  tier1     binary          remaining
c          MB   reductions     conflicts         size   tier2       irredundant
c           level     restarts        redundant     glue    trail          variables
c
c } 509.18 103 94 69 391 24014 3 5162227 81454 2.8 59 21 3 16 55% 10314 126776 8909 13%
c [ 509.18 103 74 69 391 24014 1 5162227 81454 1.9 91 47 3 27 40% 10314 126776 8909 13%
c W 509.26 112 74 69 391 24014 1 5162227 81454 1.9 91 47 3 27 40% 10314 126776 8909 13%
c - 509.46 114 73 69 392 24016 1 5165195 66409 2.0 90 46 3 27 40% 10314 126776 8909 13%
c - 510.63 116 68 69 393 24027 1 5184997 61588 2.0 87 43 3 27 40% 10314 126776 8909 13%
c - 511.93 117 63 69 394 24035 1 5204823 55271 2.0 83 41 3 27 40% 10314 126776 8909 13%
c - 513.28 117 59 69 395 24043 1 5224672 54325 2.1 80 38 3 27 40% 10314 126776 8909 13%
c - 514.68 117 55 69 396 24045 1 5244548 54334 2.1 78 37 3 27 40% 10314 126776 8909 13%
c - 516.27 126 54 69 397 24057 1 5264447 53283 2.1 78 37 3 27 40% 10314 126776 8909 13%
c - 517.90 128 53 69 398 24065 1 5284371 50417 2.1 77 37 3 27 40% 10314 126776 8909 13%
c o 519.33 124 52 69 398 24074 1 5301697 65257 2.1 77 37 3 27 40% 10314 126776 8909 13%
c - 519.53 126 55 69 399 24074 1 5304321 50732 2.1 78 38 3 27 41% 10314 126776 8909 13%
c - 521.43 137 66 69 400 24075 1 5324295 50648 2.0 86 43 3 27 45% 10314 126776 8909 13%
c - 523.52 139 74 69 401 24076 1 5344295 45193 2.0 91 47 3 27 48% 10314 126776 8909 13%
c O 525.62 146 80 69 401 24080 1 5363295 63391 1.9 97 50 3 27 51% 10314 126776 8909 13%
c - 525.75 147 79 69 402 24081 1 5364320 45014 2.0 97 50 3 27 51% 10314 126776 8909 13%
c u 527.82 162 79 69 402 24089 1 5378705 53512 2.0 98 49 3 27 52% 10328 126776 8909 13%
c v 528.08 162 79 69 402 24089 1 5378705 49295 2.0 98 49 3 27 52% 10328 126776 8909 13%
c w 528.85 184 79 69 402 24089 1 5378705 48597 2.0 98 49 3 27 52% 10328 126776 8909 13%
c t 528.86 141 79 69 402 24089 1 5378705 48597 2.0 98 49 3 27 52% 10323 126776 8909 13%
c
c seconds     switched      rate           size/glue  tier1     binary          remaining
c          MB   reductions     conflicts         size   tier2       irredundant
c           level     restarts        redundant     glue    trail          variables
c
c s 529.10 143 78 69 402 24090 1 5381073 50689 2.0 98 49 3 27 52% 10327 126745 8909 13%
c e 529.12 143 78 69 402 24090 1 5381073 50689 2.0 98 49 3 27 52% 10320 126836 8903 13%
c s 529.12 143 78 69 402 24090 1 5381073 50689 2.0 98 49 3 27 52% 10321 126795 8903 13%
c - 529.42 143 77 69 403 24091 1 5384371 39800 2.0 98 48 3 27 53% 10321 126795 8903 13%
c - 531.50 143 70 69 404 24099 1 5404446 43561 2.1 96 45 3 27 55% 10321 126795 8903 13%
c ] 533.69 145 66 70 404 24106 1 5424449 60408 2.2 94 44 3 27 56% 10321 126795 8903 13%
c { 533.69 145 94 70 404 24106 3 5424449 60408 2.8 59 21 3 16 55% 10321 126795 8903 13%
c - 533.71 145 94 70 405 24107 3 5424546 45045 2.8 59 21 3 16 55% 10321 126795 8903 13%
c - 534.64 148 90 70 406 24136 3 5444671 53746 2.8 54 19 3 16 50% 10324 126795 8903 13%
c - 535.62 148 86 70 407 24142 3 5464821 65631 2.8 50 18 3 16 47% 10327 126795 8903 13%
c - 536.53 151 84 70 408 24172 2 5484995 70923 2.7 45 17 3 16 43% 10336 126795 8903 13%
c - 537.63 156 85 70 409 24220 3 5505194 73898 2.7 43 16 3 16 41% 10344 126795 8903 13%
c - 538.87 118 85 70 410 24298 3 5525417 76309 2.6 41 15 3 16 40% 10349 126795 8903 13%
c i 539.69 122 84 70 410 24343 3 5543315 93040 2.6 39 15 3 16 38% 10355 126795 8902 13%
c - 539.81 123 84 70 411 24352 3 5545670 78771 2.6 38 15 3 16 38% 10352 126795 8902 13%
c i 540.14 134 85 70 411 24371 3 5551887 84724 2.6 38 15 3 16 38% 10359 126795 8901 13%
c - 540.81 136 83 70 412 24417 3 5565943 81205 2.6 37 14 3 16 37% 10355 126795 8901 13%
c - 541.89 141 84 70 413 24515 3 5586240 83526 2.5 35 14 3 16 36% 10365 126795 8901 13%
c - 543.04 145 86 70 414 24635 3 5606565 85906 2.5 34 13 3 16 36% 10373 126795 8901 13%
c u 543.62 147 85 70 414 24654 3 5611566 84727 2.5 34 13 3 16 35% 10390 126771 8901 13%
c
c seconds     switched      rate           size/glue  tier1     binary          remaining
c          MB   reductions     conflicts         size   tier2       irredundant
c           level     restarts        redundant     glue    trail          variables
c
c v 544.08 149 85 70 414 24654 3 5611566 83863 2.5 34 13 3 16 35% 10391 126771 8901 13%
c w 544.26 150 85 70 414 24654 3 5611566 83794 2.5 34 13 3 16 35% 10391 126771 8901 13%
c t 544.27 150 85 70 414 24654 3 5611566 83794 2.5 34 13 3 16 35% 10349 126771 8901 13%
c f 544.28 150 85 70 414 24654 3 5611566 83794 2.5 34 13 3 16 35% 10351 126752 8902 13%
c u 544.57 150 85 70 414 24654 3 5611566 79112 2.5 34 13 3 16 35% 10370 126752 8902 13%
c v 544.89 152 85 70 414 24654 3 5611566 78070 2.5 34 13 3 16 35% 10370 126752 8902 13%
c w 545.01 152 85 70 414 24654 3 5611566 78003 2.5 34 13 3 16 35% 10370 126752 8902 13%
c x 545.24 152 85 70 414 24654 3 5611566 78002 2.5 34 13 3 16 35% 10376 126673 8901 13%
c t 545.25 152 85 70 414 24654 3 5611566 77989 2.5 34 13 3 16 35% 10373 126661 8901 13%
c i 545.26 152 85 70 414 24654 3 5611566 77989 2.5 34 13 3 16 35% 10373 126661 8901 13%
c o 545.80 155 86 70 414 24714 3 5622250 88117 2.5 33 13 3 16 35% 10376 126661 8901 13%
c - 546.06 162 86 70 415 24740 3 5626911 76847 2.5 33 13 3 16 35% 10369 126661 8901 13%
c - 547.13 175 85 70 416 24835 3 5647282 80021 2.5 31 13 3 16 34% 10375 126661 8901 13%
c i 548.07 179 86 70 416 24954 3 5666150 97917 2.4 30 12 3 16 33% 10387 126659 8900 13%
c - 548.16 179 86 70 417 24966 3 5667678 82786 2.4 30 12 3 16 33% 10376 126659 8900 13%
c i 548.63 192 86 70 417 25038 3 5677904 92121 2.4 29 12 3 16 33% 10391 126659 8897 13%
c } 548.76 192 86 71 417 25049 3 5679778 93926 2.4 30 12 3 16 33% 10391 126659 8897 13%
c [ 548.76 192 66 71 417 25049 1 5679778 93926 2.2 94 44 3 27 56% 10391 126659 8897 13%
c B 548.76 192 66 71 417 25049 1 5679778 93926 2.2 94 44 3 27 56% 10391 126659 8897 13%
c - 549.65 158 65 71 418 25055 1 5688102 80174 2.2 95 43 3 27 56% 10382 126659 8897 13%
c
c seconds     switched      rate           size/glue  tier1     binary          remaining
c          MB   reductions     conflicts         size   tier2       irredundant
c           level     restarts        redundant     glue    trail          variables
c
c - 552.07 161 62 71 419 25063 1 5708548 70138 2.3 96 42 3 27 57% 10382 126659 8897 13%
c - 554.70 163 60 71 420 25073 1 5729017 62025 2.3 96 42 3 27 57% 10382 126659 8897 13%
c - 557.40 164 58 71 421 25079 1 5749511 60505 2.3 96 41 3 27 57% 10382 126659 8897 13%
c - 560.21 114 57 71 422 25085 1 5770030 61917 2.4 97 41 3 27 58% 10383 126659 8897 13%
c - 562.60 116 58 71 423 25094 1 5790572 62343 2.4 99 42 3 27 59% 10383 126659 8897 13%
c - 564.95 118 60 71 424 25105 1 5811139 59669 2.3 99 43 3 27 60% 10383 126659 8897 13%
c ] 565.39 118 60 72 424 25107 1 5814638 62722 2.3 99 43 3 27 61% 10383 126659 8897 13%
c { 565.39 118 86 72 424 25107 3 5814638 62722 2.4 30 12 3 16 33% 10383 126659 8897 13%
c - 566.99 124 91 72 425 25414 3 5831730 66078 2.4 34 14 3 16 35% 10387 126659 8897 13%
c u 569.19 132 94 72 425 25712 3 5849842 75987 2.4 38 16 3 16 37% 10457 126612 8897 13%
c v 569.84 133 94 72 425 25712 3 5849842 71267 2.4 38 16 3 16 37% 10454 126612 8897 13%
c w 570.14 136 94 72 425 25712 3 5849842 71237 2.4 38 16 3 16 37% 10454 126612 8897 13%
c t 570.16 136 94 72 425 25712 3 5849842 71237 2.4 38 16 3 16 37% 10423 126612 8897 13%
c f 570.16 136 94 72 425 25712 3 5849842 71237 2.4 38 16 3 16 37% 10423 126595 8898 13%
c u 570.73 123 94 72 425 25712 3 5849842 66409 2.4 38 16 3 16 37% 10459 126595 8898 13%
c v 571.30 124 94 72 425 25712 3 5849842 61696 2.4 38 16 3 16 37% 10461 126595 8898 13%
c w 571.70 127 94 72 425 25712 3 5849842 61668 2.4 38 16 3 16 37% 10461 126595 8898 13%
c t 571.71 127 94 72 425 25712 3 5849842 61668 2.4 38 16 3 16 37% 10440 126595 8898 13%
c - 571.90 131 93 72 426 25734 3 5852348 55202 2.4 38 16 3 16 37% 10440 126595 8898 13%
c - 573.67 145 96 72 427 26021 3 5872987 63501 2.4 41 17 3 16 40% 10441 126595 8898 13%
c
c seconds     switched      rate           size/glue  tier1     binary          remaining
c          MB   reductions     conflicts         size   tier2       irredundant
c           level     restarts        redundant     glue    trail          variables
c
c - 575.54 154 98 72 428 26285 4 5893650 70272 2.4 44 18 3 16 41% 10443 126595 8898 13%
c - 577.13 162 98 72 429 26505 3 5914340 74599 2.4 45 19 3 16 42% 10444 126595 8898 13%
c - 579.07 166 99 72 430 26754 3 5935052 77157 2.4 48 20 3 16 44% 10446 126595 8898 13%
c o 580.58 141 100 72 430 26927 3 5952620 94313 2.4 49 20 3 16 44% 10446 126595 8898 13%
c - 580.96 138 100 72 431 26963 3 5955789 78869 2.4 50 20 3 16 45% 10447 126595 8898 13%
c - 582.64 139 101 72 432 27135 3 5976551 81423 2.5 51 20 3 16 46% 10449 126595 8898 13%
c s 584.33 137 102 72 432 27347 3 5994767 99263 2.5 52 21 3 16 47% 10451 126554 8898 13%
c e 584.35 132 102 72 432 27347 3 5994767 99263 2.5 52 21 3 16 47% 10409 126823 8880 13%
c s 584.36 132 102 72 432 27347 3 5994767 99263 2.5 52 21 3 16 47% 10410 126702 8880 13%
c - 584.51 139 102 72 433 27355 3 5997341 82782 2.5 52 21 3 16 46% 10410 126702 8880 13%
c - 586.34 141 101 72 434 27555 3 6018150 83746 2.5 54 21 3 16 47% 10410 126702 8880 13%
c - 588.24 142 100 72 435 27750 3 6038982 85422 2.6 55 21 3 16 48% 10411 126702 8880 13%
c - 590.10 141 100 72 436 27942 3 6059840 86977 2.6 56 22 3 16 48% 10412 126702 8880 13%
c - 591.95 103 101 72 437 28137 3 6080720 87633 2.6 56 22 3 16 48% 10415 126702 8880 13%
c } 592.23 102 101 73 437 28168 3 6083555 90419 2.6 56 22 3 16 48% 10415 126702 8880 13%
c [ 592.23 102 60 73 437 28168 1 6083555 90419 2.3 99 43 3 27 61% 10415 126702 8880 13%
c W 592.26 111 60 73 437 28168 1 6083555 90419 2.3 99 43 3 27 61% 10415 126702 8880 13%
c u 593.98 116 59 73 437 28174 1 6093562 93449 2.3 98 42 3 27 61% 10425 126702 8880 13%
c v 594.61 120 59 73 437 28174 1 6093562 91525 2.3 98 42 3 27 61% 10425 126702 8880 13%
c w 594.93 125 59 73 437 28174 1 6093562 91070 2.3 98 42 3 27 61% 10425 126702 8880 13%
c
c seconds     switched      rate           size/glue  tier1     binary          remaining
c          MB   reductions     conflicts         size   tier2       irredundant
c           level     restarts        redundant     glue    trail          variables
c
c t 594.94 125 59 73 437 28174 1 6093562 91070 2.3 98 42 3 27 61% 10419 126702 8880 13%
c f 594.96 125 59 73 437 28174 1 6093562 91070 2.3 98 42 3 27 61% 10423 126637 8883 13%
c u 595.34 137 59 73 437 28174 1 6093562 87137 2.3 98 42 3 27 61% 10435 126637 8883 13%
c v 595.76 139 59 73 437 28174 1 6093562 85435 2.3 98 42 3 27 61% 10435 126637 8883 13%
c w 595.99 139 59 73 437 28174 1 6093562 85356 2.3 98 42 3 27 61% 10435 126637 8883 13%
c x 596.32 150 59 73 437 28174 1 6093562 85333 2.3 98 42 3 27 61% 10491 126485 8883 13%
c t 596.33 150 59 73 437 28174 1 6093562 85333 2.3 98 42 3 27 61% 10474 126485 8883 13%
c - 597.31 159 58 73 438 28179 1 6101624 69106 2.3 97 42 3 27 61% 10474 126485 8883 13%
c - 599.71 157 55 73 439 28188 1 6122552 60798 2.4 94 40 3 27 61% 10474 126485 8883 13%
c - 602.16 159 55 73 440 28197 1 6143505 57558 2.3 93 40 3 27 62% 10474 126485 8883 13%
c - 604.71 156 53 73 441 28198 1 6164483 55284 2.3 90 39 3 27 62% 10474 126485 8883 13%
c - 607.25 159 52 73 442 28211 1 6185486 56081 2.3 89 39 3 27 62% 10474 126485 8883 13%
c - 609.87 157 51 73 443 28219 1 6206510 55625 2.3 89 39 3 26 62% 10474 126485 8883 13%
c - 612.41 120 51 73 444 28228 1 6227558 54184 2.3 88 39 3 26 62% 10474 126485 8883 13%
c - 615.21 121 53 73 445 28230 1 6248632 53433 2.2 89 40 3 26 62% 10474 126485 8883 13%
c - 617.92 119 54 73 446 28230 1 6269727 52299 2.2 89 41 3 26 61% 10474 126485 8883 13%
c ] 619.75 120 55 74 446 28233 1 6284132 64205 2.1 89 42 3 26 61% 10474 126485 8883 13%
c { 619.75 120 101 74 446 28233 3 6284132 64205 2.6 56 22 3 16 48% 10474 126485 8883 13%
c - 620.34 127 102 74 447 28291 3 6290846 54142 2.6 56 22 3 16 48% 10474 126485 8883 13%
c o 620.48 128 102 74 447 28310 3 6292720 55983 2.6 56 22 3 16 48% 10474 126485 8883 13%
c
c seconds      switched      rate           size/glue  tier1     binary          remaining
c          MB    reductions     conflicts         size   tier2       irredundant
c            level     restarts        redundant     glue    trail          variables
c
c - 622.12 131 102 74 448 28474 3 6311990 63744 2.6 57 22 3 16 49% 10474 126485 8883 13%
c - 623.99 111 101 74 449 28673 3 6333159 68972 2.6 58 22 3 16 50% 10474 126485 8883 13%
c u 625.18 116 101 74 449 28738 3 6342723 73956 2.6 58 22 3 16 50% 10488 126485 8882 13%
c v 626.19 119 101 74 449 28738 3 6342723 68121 2.6 58 22 3 16 50% 10488 126485 8882 13%
c w 626.53 121 101 74 449 28738 3 6342723 68089 2.6 58 22 3 16 50% 10488 126485 8882 13%
c t 629.90 121 101 74 449 28738 3 6342723 68085 2.6 58 22 3 16 50% 10483 126478 8882 13%
c u 630.30 130 101 74 449 28738 3 6342723 67376 2.6 58 22 3 16 50% 10486 126478 8882 13%
c v 630.95 133 101 74 449 28738 3 6342723 64453 2.6 58 22 3 16 50% 10486 126478 8882 13%
c w 631.20 135 101 74 449 28738 3 6342723 64416 2.6 58 22 3 16 50% 10486 126478 8882 13%
c x 631.63 143 101 74 449 28738 3 6342723 64386 2.6 58 22 3 16 50% 10491 126394 8882 13%
c t 631.64 143 101 74 449 28738 3 6342723 64386 2.6 58 22 3 16 50% 10489 126394 8882 13%
c i 631.66 143 101 74 449 28738 3 6342723 64386 2.6 58 22 3 16 50% 10489 126394 8882 13%
c - 632.66 153 101 74 450 28853 3 6354348 60480 2.6 58 22 3 16 50% 10482 126394 8882 13%
c - 634.57 166 97 74 451 29025 3 6375567 65224 2.7 62 23 3 16 52% 10482 126394 8882 13%
c - 636.47 174 93 74 452 29188 3 6396803 68919 2.8 63 23 3 16 52% 10483 126394 8882 13%
c - 638.35 182 93 74 453 29368 3 6418063 71649 2.8 63 23 3 16 53% 10483 126394 8882 13%
c - 640.17 190 90 74 454 29476 3 6439349 74362 2.8 64 23 3 16 53% 10483 126394 8882 13%
c - 642.30 190 90 74 455 29678 3 6460656 76206 2.8 65 23 3 16 53% 10483 126394 8882 13%
c - 644.21 189 92 74 456 29855 3 6481986 76822 2.8 64 23 3 16 53% 10484 126394 8882 13%
c - 646.46 142 92 74 457 30081 3 6503340 77181 2.8 65 24 3 16 54% 10484 126394 8882 13%
c
c seconds     switched      rate           size/glue  tier1     binary          remaining
c          MB   reductions     conflicts         size   tier2       irredundant
c           level     restarts        redundant     glue    trail          variables
c
c - 648.49 136 91 74 458 30257 3 6524717 78100 2.8 65 24 3 16 54% 10484 126394 8882 13%
c - 650.53 137 91 74 459 30441 3 6546117 79778 2.8 66 24 3 16 54% 10484 126394 8882 13%
c } 652.49 141 92 75 459 30628 3 6566958 100131 2.7 66 24 3 16 54% 10484 126394 8882 13%
c [ 652.49 141 55 75 459 30628 1 6566958 100131 2.1 89 42 3 26 61% 10484 126394 8882 13%
c I 652.49 141 55 75 459 30628 1 6566958 100131 2.1 89 42 3 26 61% 10484 126394 8882 13%
c - 652.54 141 55 75 460 30628 1 6567541 80362 2.1 89 42 3 26 61% 10484 126394 8882 13%
c - 654.64 140 64 75 461 30641 1 6588989 73275 2.0 90 45 3 26 58% 10484 126394 8882 13%
c u 656.01 93 66 75 461 30642 1 6597373 73169 2.0 90 45 3 26 57% 10487 126394 8882 13%
c v 656.67 95 66 75 461 30642 1 6597373 67863 2.0 90 45 3 26 57% 10487 126394 8882 13%
c w 656.98 100 66 75 461 30642 1 6597373 67233 2.0 90 45 3 26 57% 10487 126394 8882 13%
c t 656.99 100 66 75 461 30642 1 6597373 67233 2.0 90 45 3 26 57% 10486 126394 8882 13%
c - 658.12 82 68 75 462 30649 1 6610461 53511 2.0 89 45 3 26 56% 10486 126394 8882 13%
c - 660.74 87 74 75 463 30657 1 6631956 53015 1.9 89 47 3 27 56% 10486 126394 8882 13%
c s 662.95 89 72 75 463 30658 1 6648270 68181 1.9 89 47 3 27 56% 10492 126328 8882 13%
c e 662.99 83 72 75 463 30658 1 6648270 68181 1.9 89 47 3 27 56% 10465 126601 8864 13%
c s 662.99 83 72 75 463 30658 1 6648270 68181 1.9 89 47 3 27 56% 10466 126491 8864 13%
c e 663.00 83 72 75 463 30658 1 6648270 68181 1.9 89 47 3 27 56% 10459 126505 8863 13%
c o 663.01 86 72 75 463 30658 1 6648270 67683 1.9 89 47 3 27 56% 10459 126505 8863 13%
c - 663.54 88 74 75 464 30662 1 6653473 50789 1.9 89 48 3 26 56% 10459 126505 8863 13%
c - 665.89 90 71 75 465 30673 1 6675014 51545 2.0 90 46 3 26 58% 10459 126505 8863 13%
c
c seconds    switched      rate           size/glue  tier1     binary          remaining
c         MB   reductions     conflicts         size   tier2       irredundant
c          level     restarts        redundant     glue    trail          variables
c
c - 668.38 89 66 75 466 30683 1 6696580 52139 2.1 90 44 3 26 60% 10459 126505 8863 13%
c - 670.85 92 61 75 467 30689 1 6718167 54017 2.2 90 42 3 26 61% 10459 126505 8863 13%
c - 673.62 91 59 75 468 30690 1 6739777 53553 2.2 90 40 3 26 62% 10459 126505 8863 13%
c - 676.47 93 56 75 469 30690 1 6761411 53965 2.3 89 39 3 26 62% 10460 126505 8863 13%
c - 679.06 91 56 75 470 30703 1 6783067 53628 2.3 90 40 3 26 62% 10460 126505 8863 13%
c ] 679.71 91 56 76 470 30704 1 6788347 58152 2.3 90 40 3 26 62% 10460 126505 8863 13%
c { 679.71 91 92 76 470 30704 3 6788347 58152 2.7 66 24 3 16 54% 10460 126505 8863 13%
c - 680.93 90 93 76 471 30803 3 6804749 58865 2.7 65 24 3 16 54% 10460 126505 8863 13%
c - 682.63 94 94 76 472 30959 3 6826451 68634 2.7 65 24 3 16 54% 10460 126505 8863 13%
c - 684.40 91 95 76 473 31095 3 6848176 73395 2.8 65 23 3 16 55% 10461 126505 8863 13%
c u 685.76 92 96 76 473 31172 3 6857516 78279 2.8 66 23 3 16 55% 10467 126505 8863 13%
c v 686.80 95 96 76 473 31172 3 6857516 72267 2.8 66 23 3 16 55% 10467 126505 8863 13%
c w 687.18 97 96 76 473 31172 3 6857516 72246 2.8 66 23 3 16 55% 10467 126505 8863 13%
c t 687.19 97 96 76 473 31172 3 6857516 72246 2.8 66 23 3 16 55% 10460 126505 8863 13%
c f 687.21 97 96 76 473 31172 3 6857516 72246 2.8 66 23 3 16 55% 10463 126441 8866 13%
c u 687.65 108 96 76 473 31172 3 6857516 71620 2.8 66 23 3 16 55% 10465 126441 8866 13%
c v 688.29 110 96 76 473 31172 3 6857516 67170 2.8 66 23 3 16 55% 10465 126441 8866 13%
c w 688.57 112 96 76 473 31172 3 6857516 67149 2.8 66 23 3 16 55% 10465 126441 8866 13%
c x 689.02 112 96 76 473 31172 3 6857516 67096 2.8 66 23 3 16 55% 10472 126308 8866 13%
c t 689.03 112 96 76 473 31172 3 6857516 67096 2.8 66 23 3 16 55% 10471 126308 8866 13%
c
c seconds     switched      rate           size/glue  tier1     binary          remaining
c          MB   reductions     conflicts         size   tier2       irredundant
c           level     restarts        redundant     glue    trail          variables
c
c - 690.18 125 97 76 474 31264 3 6869925 63939 2.8 65 23 3 16 55% 10472 126308 8866 13%
c - 692.04 140 99 76 475 31425 3 6891696 69289 2.8 65 23 3 16 55% 10473 126308 8866 13%
c - 694.08 142 100 76 476 31632 3 6913491 72691 2.8 65 23 3 16 54% 10473 126308 8866 13%
c - 695.87 141 101 76 477 31779 3 6935310 75224 2.8 64 23 3 16 54% 10474 126308 8866 13%
c - 697.85 142 101 76 478 31957 3 6957150 77158 2.8 64 23 3 16 53% 10476 126308 8866 13%
c - 699.97 142 102 76 479 32156 3 6979014 77776 2.7 65 24 3 16 54% 10477 126308 8866 13%
c - 702.07 143 102 76 480 32348 3 7000900 78798 2.7 65 24 3 16 54% 10477 126308 8866 13%
c o 702.74 142 101 76 480 32397 3 7009462 87144 2.8 65 24 3 16 54% 10477 126308 8866 13%
c - 703.90 137 100 76 481 32493 3 7022810 81040 2.7 64 23 3 16 54% 10478 126308 8866 13%
c - 705.86 140 101 76 482 32641 3 7044741 83405 2.8 64 23 3 16 54% 10479 126308 8866 13%
c - 707.97 123 100 76 483 32809 3 7066695 84186 2.8 65 23 3 16 54% 10479 126308 8866 13%
c } 709.72 123 101 77 483 32976 3 7085397 102537 2.8 65 23 3 16 54% 10479 126308 8866 13%
c [ 709.73 123 56 77 483 32976 1 7085397 102537 2.3 90 40 3 26 62% 10479 126308 8866 13%
c B 709.73 123 56 77 483 32976 1 7085397 102537 2.3 90 40 3 26 62% 10479 126308 8866 13%
c - 710.07 124 57 77 484 32978 1 7088674 83210 2.2 91 41 3 26 62% 10479 126308 8866 13%
c - 712.53 123 56 77 485 32990 1 7110675 75617 2.3 92 40 3 26 63% 10479 126308 8866 13%
c u 714.54 122 55 77 485 32994 1 7123175 79925 2.4 93 39 3 26 63% 10488 126308 8866 13%
c v 715.24 124 55 77 485 32994 1 7123175 75836 2.4 93 39 3 26 63% 10488 126308 8866 13%
c w 715.58 131 55 77 485 32994 1 7123175 74755 2.4 93 39 3 26 63% 10488 126308 8866 13%
c t 715.59 131 55 77 485 32994 1 7123175 74755 2.4 93 39 3 26 63% 10485 126308 8866 13%
c
c seconds     switched      rate           size/glue  tier1     binary          remaining
c          MB   reductions     conflicts         size   tier2       irredundant
c           level     restarts        redundant     glue    trail          variables
c
c - 716.71 121 55 77 486 33000 1 7132697 55777 2.4 93 39 3 26 63% 10485 126308 8866 13%
c - 719.38 92 55 77 487 33006 1 7154742 53458 2.4 94 40 3 26 63% 10485 126308 8866 13%
c - 722.16 90 56 77 488 33013 1 7176811 52072 2.3 94 41 3 26 63% 10485 126308 8866 13%
c - 724.80 91 57 77 489 33021 1 7198902 52636 2.2 93 41 3 26 62% 10485 126308 8866 13%
c - 727.08 87 54 77 490 33035 1 7221016 55484 2.3 90 39 3 26 63% 10485 126308 8866 13%
c - 729.84 91 50 77 491 33037 1 7243151 58164 2.4 87 37 3 26 63% 10485 126308 8866 13%
c - 732.76 92 48 77 492 33038 1 7265310 59419 2.4 85 36 3 26 63% 10485 126308 8866 13%
c - 735.58 88 47 77 493 33043 1 7287491 58572 2.4 84 35 3 26 63% 10485 126308 8866 13%
c ] 738.02 92 48 78 493 33053 1 7309557 78241 2.4 86 36 3 26 64% 10485 126308 8866 13%
c { 738.02 92 101 78 493 33053 3 7309557 78241 2.8 65 23 3 16 54% 10485 126308 8866 13%
c - 738.04 92 100 78 494 33055 3 7309695 57945 2.8 65 23 3 16 54% 10485 126308 8866 13%
c - 740.29 93 98 78 495 33312 3 7331922 61315 2.7 67 24 3 16 55% 10487 126308 8866 13%
c s 741.22 92 97 78 495 33398 3 7342346 71368 2.7 67 25 3 16 55% 10489 126279 8866 13%
c e 741.24 84 97 78 495 33398 3 7342346 71368 2.7 67 25 3 16 55% 10479 126398 8858 13%
c s 741.25 84 97 78 495 33398 3 7342346 71368 2.7 67 25 3 16 55% 10479 126344 8858 13%
c - 741.69 99 92 78 496 33435 3 7354170 68111 2.6 63 24 3 16 51% 10480 126344 8858 13%
c - 743.85 104 92 78 497 33637 3 7376442 73239 2.7 65 24 3 16 53% 10480 126344 8858 13%
c o 744.08 101 92 78 497 33647 3 7379747 76478 2.7 65 24 3 16 53% 10480 126344 8858 13%
c u 746.19 100 92 78 497 33819 3 7394352 85930 2.7 66 25 3 16 54% 10487 126344 8858 13%
c v 747.24 104 92 78 497 33819 3 7394352 79838 2.7 66 25 3 16 54% 10487 126344 8858 13%
c
c seconds     switched      rate           size/glue  tier1     binary          remaining
c          MB   reductions     conflicts         size   tier2       irredundant
c           level     restarts        redundant     glue    trail          variables
c
c w 747.67 109 92 78 497 33819 3 7394352 79819 2.7 66 25 3 16 54% 10487 126344 8858 13%
c t 747.68 109 92 78 497 33819 3 7394352 79819 2.7 66 25 3 16 54% 10481 126344 8858 13%
c f 747.70 109 92 78 497 33819 3 7394352 79819 2.7 66 25 3 16 54% 10481 126308 8860 13%
c u 748.12 120 92 78 497 33819 3 7394352 79191 2.7 66 25 3 16 54% 10484 126308 8860 13%
c v 749.10 122 92 78 497 33819 3 7394352 71225 2.7 66 25 3 16 54% 10484 126308 8860 13%
c w 749.73 123 92 78 497 33819 3 7394352 70498 2.7 66 25 3 16 54% 10484 126308 8860 13%
c - 750.10 123 92 78 498 33825 3 7398738 59374 2.7 67 25 3 16 54% 10484 126308 8860 13%
c - 752.28 119 92 78 499 34029 3 7421053 64783 2.7 68 25 3 16 55% 10485 126308 8860 13%
c - 754.62 126 90 78 500 34245 3 7443391 68810 2.7 70 26 3 16 55% 10485 126308 8860 13%
c - 756.91 124 91 78 501 34430 3 7465751 71484 2.7 71 26 3 16 56% 10485 126308 8860 13%
c - 759.25 121 89 78 502 34607 3 7488135 73334 2.7 70 26 3 16 56% 10485 126308 8860 13%
c - 761.26 126 87 78 503 34718 3 7510540 75911 2.8 71 26 3 16 57% 10485 126308 8860 13%
c - 763.70 125 89 78 504 34948 3 7532967 77282 2.7 71 26 3 16 57% 10485 126308 8860 13%
c - 766.18 127 90 78 505 35179 3 7555417 76708 2.7 72 27 3 16 56% 10485 126308 8860 13%
c - 768.55 125 90 78 506 35356 3 7577889 77793 2.7 72 27 3 16 57% 10485 126308 8860 13%
c - 770.60 126 87 78 507 35480 3 7600384 79469 2.7 71 26 3 16 56% 10486 126308 8860 13%
c } 772.83 94 87 79 507 35669 3 7621147 99415 2.7 71 27 3 16 56% 10487 126308 8860 13%
c [ 772.83 94 48 79 507 35669 1 7621147 99415 2.4 86 36 3 26 64% 10487 126308 8860 13%
c W 772.90 103 48 79 507 35669 1 7621147 99415 2.4 86 36 3 26 64% 10487 126308 8860 13%
c - 773.10 104 48 79 508 35670 1 7622900 79507 2.4 86 36 3 26 64% 10487 126308 8860 13%
c
c seconds     switched      rate           size/glue  tier1     binary          remaining
c          MB   reductions     conflicts         size   tier2       irredundant
c           level     restarts        redundant     glue    trail          variables
c
c - 775.65 108 50 79 509 35682 1 7645440 72015 2.4 88 37 3 26 64% 10487 126308 8860 13%
c - 778.29 108 50 79 510 35692 1 7668001 61192 2.4 89 37 3 26 64% 10487 126308 8860 13%
c u 779.10 111 51 79 510 35694 1 7671100 58725 2.4 90 37 3 26 64% 10493 126308 8860 13%
c v 779.38 111 51 79 510 35694 1 7671100 53288 2.4 90 37 3 26 64% 10493 126308 8860 13%
c w 779.94 115 51 79 510 35694 1 7671100 53021 2.4 90 37 3 26 64% 10493 126308 8860 13%
c x 780.32 115 51 79 510 35694 1 7671100 53015 2.4 90 37 3 26 64% 10501 126192 8860 13%
c t 780.33 115 51 79 510 35694 1 7671100 53015 2.4 90 37 3 26 64% 10497 126192 8860 13%
c - 782.59 121 52 79 511 35699 1 7690584 51982 2.4 93 38 3 26 64% 10497 126192 8860 13%
c - 785.26 120 53 79 512 35706 1 7713189 51332 2.4 95 39 3 26 64% 10497 126192 8860 13%
c - 787.64 122 55 79 513 35714 1 7735818 52994 2.4 96 40 3 26 64% 10497 126192 8860 13%
c - 790.12 122 53 79 514 35728 1 7758471 52393 2.4 95 39 3 26 65% 10497 126192 8860 13%
c - 793.08 124 51 79 515 35730 1 7781146 51999 2.4 92 38 3 26 64% 10497 126192 8860 13%
c - 796.10 126 50 79 516 35731 1 7803839 52410 2.4 91 38 3 26 65% 10497 126192 8860 13%
c - 798.74 127 48 79 517 35738 1 7826558 53438 2.4 90 37 3 26 65% 10497 126192 8860 13%
c - 801.54 129 47 79 518 35746 1 7849296 54732 2.4 87 36 3 26 65% 10497 126192 8860 13%
c - 804.39 113 46 79 519 35760 1 7872055 54482 2.4 86 36 3 26 65% 10497 126192 8860 13%
c O 804.41 113 46 79 519 35760 1 7872258 54654 2.4 86 36 3 26 65% 10497 126192 8860 13%
c o 804.41 113 46 79 519 35760 1 7872258 54654 2.4 86 36 3 26 65% 10497 126192 8860 13%
c - 806.54 117 48 79 520 35762 1 7894836 54767 2.6 96 36 3 26 65% 10497 126192 8860 13%
c ] 806.65 117 49 80 520 35762 1 7896106 55970 2.6 96 37 3 26 65% 10497 126192 8860 13%
c
c seconds     switched      rate           size/glue  tier1     binary          remaining
c          MB   reductions     conflicts         size   tier2       irredundant
c           level     restarts        redundant     glue    trail          variables
c
c { 806.65 117 87 80 520 35762 3 7896106 55970 2.7 71 27 3 16 56% 10497 126192 8860 13%
c - 808.08 121 86 80 521 35804 2 7917639 61797 2.7 69 26 3 16 55% 10498 126192 8860 13%
c - 809.77 129 85 80 522 35895 2 7940464 67869 2.8 69 25 2 16 54% 10498 126192 8860 13%
c u 810.99 142 84 80 522 35934 2 7953409 78496 2.8 67 24 2 16 54% 10507 126192 8860 13%
c v 812.20 144 84 80 522 35934 2 7953409 73251 2.8 67 24 2 16 54% 10507 126192 8860 13%
c w 812.58 162 84 80 522 35934 2 7953409 73204 2.8 67 24 2 16 54% 10507 126192 8860 13%
c t 812.59 162 84 80 522 35934 2 7953409 73204 2.8 67 24 2 16 54% 10503 126192 8860 13%
c - 813.41 162 84 80 523 35994 2 7963313 65538 2.8 67 24 2 16 55% 10503 126192 8860 13%
c - 815.02 143 85 80 524 36107 2 7986182 70379 2.8 65 23 2 16 54% 10503 126192 8860 13%
c - 816.87 155 86 80 525 36223 2 8009073 73295 2.9 65 22 2 16 55% 10505 126192 8860 13%
c - 818.76 162 84 80 526 36333 2 8031986 75679 2.9 64 22 2 16 54% 10507 126192 8860 13%
c - 820.65 175 85 80 527 36490 2 8054920 77208 2.9 63 21 2 16 54% 10509 126192 8860 13%
c s 822.54 188 86 80 527 36649 2 8077718 99688 2.9 62 21 2 16 54% 10513 126158 8860 13%
c e 822.57 188 86 80 527 36649 2 8077718 99688 2.9 62 21 2 16 54% 10493 126331 8849 13%
c s 822.57 188 86 80 527 36649 2 8077718 99688 2.9 62 21 2 16 54% 10493 126276 8849 13%
c - 822.62 188 86 80 528 36649 2 8077876 77634 2.9 62 21 2 16 54% 10493 126276 8849 13%
c - 824.90 205 85 80 529 36851 3 8100855 78153 2.9 62 21 2 16 53% 10493 126276 8849 13%
c - 826.82 190 86 80 530 37024 3 8123855 78994 2.9 62 21 2 16 53% 10496 126276 8849 13%
c - 828.84 205 85 80 531 37206 3 8146876 80111 3.0 63 21 2 16 53% 10497 126276 8849 13%
c - 830.92 219 84 80 532 37383 3 8169921 80746 3.0 63 21 2 16 53% 10497 126276 8849 13%
c
c seconds     switched      rate           size/glue  tier1     binary          remaining
c          MB   reductions     conflicts         size   tier2       irredundant
c           level     restarts        redundant     glue    trail          variables
c
c - 832.88 234 85 80 533 37576 3 8192986 81440 2.9 62 21 2 16 52% 10497 126276 8849 13%
c - 835.09 259 86 80 534 37774 3 8216072 82264 3.0 62 21 2 16 53% 10498 126276 8849 13%
c } 835.59 272 86 81 534 37819 3 8222549 88543 2.9 62 21 2 16 53% 10498 126276 8849 13%
c [ 835.59 272 49 81 534 37819 1 8222549 88543 2.6 96 37 3 26 65% 10498 126276 8849 13%
c B 835.59 272 49 81 534 37819 1 8222549 88543 2.6 96 37 3 26 65% 10498 126276 8849 13%
c - 837.44 224 54 81 535 37829 1 8239180 75162 2.5 98 39 3 26 65% 10498 126276 8849 13%
c u 838.10 226 54 81 535 37831 1 8241287 73393 2.5 98 40 3 26 65% 10509 126276 8849 13%
c v 838.94 229 54 81 535 37831 1 8241287 65440 2.5 98 40 3 26 65% 10509 126276 8849 13%
c w 839.26 232 54 81 535 37831 1 8241287 65275 2.5 98 40 3 26 65% 10509 126276 8849 13%
c t 839.27 232 54 81 535 37831 1 8241287 65275 2.5 98 40 3 26 65% 10502 126276 8849 13%
c f 839.28 232 54 81 535 37831 1 8241287 65275 2.5 98 40 3 26 65% 10503 126243 8850 13%
c u 839.67 232 54 81 535 37831 1 8241287 64801 2.5 98 40 3 26 65% 10504 126243 8850 13%
c v 840.42 234 54 81 535 37831 1 8241287 57236 2.5 98 40 3 26 65% 10505 126243 8850 13%
c w 840.92 238 54 81 535 37831 1 8241287 57127 2.5 98 40 3 26 65% 10505 126243 8850 13%
c - 843.37 240 59 81 536 37839 1 8262310 49655 2.4 102 42 3 26 64% 10505 126243 8850 13%
c - 846.08 174 58 81 537 37848 1 8285462 47868 2.4 100 41 3 26 64% 10505 126243 8850 13%
c - 848.95 176 58 81 538 37852 1 8308635 48275 2.4 100 41 3 26 63% 10505 126243 8850 13%
c - 851.94 178 58 81 539 37864 1 8331831 47102 2.4 99 42 3 26 63% 10505 126243 8850 13%
c - 854.82 198 58 81 540 37876 1 8355049 47130 2.3 99 42 3 26 63% 10505 126243 8850 13%
c o 854.92 198 58 81 540 37877 1 8355869 47828 2.3 99 42 3 26 63% 10505 126243 8850 13%
c
c seconds     switched      rate           size/glue   tier1     binary          remaining
c          MB   reductions     conflicts         size    tier2       irredundant
c           level     restarts        redundant      glue    trail          variables
c
c - 857.51 127 62 81 541 37880 1 8378286 48071 2.2 100 45 3 26 63% 10505 126243 8850 13%
c - 860.31 128 64 81 542 37881 1 8401545 46548 2.2 100 46 3 26 63% 10505 126243 8850 13%
c - 863.08 138 68 81 543 37886 1 8424827 46845 2.1 102 48 3 26 63% 10505 126243 8850 13%
c - 865.66 145 68 81 544 37896 1 8448130 48939 2.2 104 47 3 26 64% 10505 126243 8850 13%
c ] 867.19 147 67 82 544 37903 1 8461368 60933 2.2 103 47 3 26 64% 10505 126243 8850 13%
c { 867.19 147 86 82 544 37903 3 8461368 60933 2.9 62 21 2 16 53% 10505 126243 8850 13%
c - 867.99 105 80 82 545 37904 2 8471453 56290 3.1 65 21 2 16 54% 10505 126243 8850 13%
c - 870.06 105 68 82 546 37904 2 8494798 71366 3.5 69 20 2 16 55% 10505 126243 8850 13%
c - 871.98 111 61 82 547 37905 2 8518165 81522 3.8 74 19 2 16 56% 10505 126243 8850 13%
c u 873.77 117 56 82 547 37906 2 8534787 96797 4.1 77 19 2 16 57% 10509 126243 8850 13%
c v 875.33 124 56 82 547 37906 2 8534787 93027 4.1 77 19 2 16 57% 10509 126243 8850 13%
c w 875.90 158 56 82 547 37906 2 8534787 93020 4.1 77 19 2 16 57% 10509 126243 8850 13%
c t 875.92 159 56 82 547 37906 2 8534787 93020 4.1 77 19 2 16 57% 10508 126243 8850 13%
c - 876.30 149 54 82 548 37907 2 8541553 80506 4.1 76 18 2 16 57% 10509 126243 8850 13%
c - 878.35 147 48 82 549 37912 2 8564963 82751 4.4 78 18 2 16 56% 10509 126243 8850 13%
c - 880.01 152 44 82 550 37917 2 8588393 84377 4.4 76 17 2 16 56% 10510 126243 8850 13%
c i 881.54 148 43 82 550 37941 1 8611744 107385 4.4 72 16 2 16 54% 10520 126243 8847 13%
c - 881.56 149 43 82 551 37941 1 8611845 84915 4.4 72 16 2 16 54% 10508 126243 8847 13%
c - 882.65 147 44 82 552 37954 1 8635318 85132 4.3 66 15 2 16 52% 10512 126243 8847 13%
c - 883.88 150 42 82 553 37988 1 8658812 85420 4.2 62 15 2 16 50% 10518 126243 8847 13%
c
c seconds     switched      rate           size/glue  tier1     binary          remaining
c          MB   reductions     conflicts         size   tier2       irredundant
c           level     restarts        redundant     glue    trail          variables
c
c - 885.20 152 43 82 554 38033 1 8682328 86587 4.2 59 14 2 16 48% 10531 126243 8847 13%
c - 886.28 152 43 82 555 38070 1 8705865 87443 4.1 54 13 2 16 46% 10540 126243 8847 13%
c i 887.12 144 43 82 555 38126 1 8721670 102993 4.1 53 13 2 16 45% 10546 126243 8846 13%
c - 887.55 151 43 82 556 38151 1 8729424 88599 4.1 52 13 2 16 45% 10546 126243 8846 13%
c i 887.79 148 41 82 556 38155 1 8736181 95013 4.1 51 13 2 16 45% 10554 126243 8843 13%
c - 888.54 104 40 82 557 38198 1 8753003 89275 4.0 48 12 2 16 43% 10531 126243 8843 13%
c o 888.94 97 38 82 557 38199 1 8767306 103170 3.8 45 12 2 16 39% 10531 126243 8843 13%
c - 889.44 99 38 82 558 38259 1 8776604 89483 3.8 44 12 2 16 39% 10539 126243 8843 13%
c i 889.62 102 39 82 558 38275 1 8782945 95453 3.8 43 11 2 16 38% 10545 126243 8842 13%
c - 890.47 102 39 82 559 38380 1 8800228 91644 3.8 43 11 2 16 38% 10548 126243 8842 13%
c } 890.53 102 38 83 559 38380 1 8802975 94327 3.7 42 11 2 16 38% 10548 126243 8842 13%
c [ 890.53 102 67 83 559 38380 1 8802975 94327 2.2 103 47 3 26 64% 10548 126243 8842 13%
c W 890.68 111 67 83 559 38380 1 8802975 94327 2.2 103 47 3 26 64% 10548 126141 8842 13%
c - 892.91 115 64 83 560 38393 1 8823873 80498 2.3 102 45 3 26 64% 10548 126141 8842 13%
c b 894.05 116 63 83 560 38394 1 8833905 89443 2.3 102 44 3 26 64% 10571 126118 8841 13%
c u 894.38 117 63 83 560 38394 1 8833905 86845 2.3 102 44 3 26 64% 10585 126118 8838 13%
c v 894.78 120 63 83 560 38394 1 8833905 84863 2.3 102 44 3 26 64% 10585 126118 8838 13%
c w 895.01 126 63 83 560 38394 1 8833905 84575 2.3 102 44 3 26 64% 10585 126118 8838 13%
c x 895.29 137 63 83 560 38394 1 8833905 84561 2.3 102 44 3 26 64% 10638 125913 8836 13%
c t 895.31 137 63 83 560 38394 1 8833905 84516 2.3 102 44 3 26 64% 10621 125904 8836 13%
c
c seconds     switched      rate           size/glue   tier1     binary          remaining
c          MB   reductions     conflicts         size    tier2       irredundant
c           level     restarts        redundant      glue    trail          variables
c
c u 895.78 137 63 83 560 38394 1 8833905 81423 2.3 102 44 3 26 64% 10655 125904 8835 13%
c v 896.34 139 63 83 560 38394 1 8833905 78879 2.3 102 44 3 26 64% 10655 125904 8835 13%
c w 896.64 144 63 83 560 38394 1 8833905 78829 2.3 102 44 3 26 64% 10655 125904 8835 13%
c = 898.95 144 63 83 560 38394 1 8833905 78829 2.3 102 44 3 26 64% 10655 125890 8834 13%
c t 898.97 144 63 83 560 38394 1 8833905 78826 2.3 102 44 3 26 64% 10638 125889 8834 13%
c i 898.97 144 63 83 560 38394 1 8833905 78826 2.3 102 44 3 26 64% 10638 125889 8834 13%
c - 900.58 152 62 83 561 38401 1 8847537 56284 2.3 102 44 3 26 64% 10585 125889 8834 13%
c s 901.55 152 62 83 561 38407 1 8855125 63124 2.3 102 44 3 26 64% 10590 125798 8834 13%
c e 901.57 152 62 83 561 38407 1 8855125 63124 2.3 102 44 3 26 64% 10517 126211 8805 13%
c s 901.58 152 62 83 561 38407 1 8855125 63124 2.3 102 44 3 26 64% 10517 126081 8805 13%
c e 901.59 152 62 83 561 38407 1 8855125 63124 2.3 102 44 3 26 64% 10516 126098 8804 13%
c - 903.63 152 60 83 562 38410 1 8871226 51553 2.4 100 42 3 26 64% 10516 126098 8804 13%
c - 906.55 152 55 83 563 38417 1 8894932 52487 2.5 98 40 3 26 64% 10516 126098 8804 13%
c - 909.34 120 52 83 564 38426 1 8918659 55992 2.5 96 38 3 26 65% 10516 126098 8804 13%
c - 912.04 123 53 83 565 38439 1 8942408 55299 2.5 95 38 3 26 64% 10516 126098 8804 13%
c - 914.65 124 58 83 566 38441 1 8966178 52514 2.4 98 40 3 26 64% 10517 126098 8804 13%
c - 917.54 126 63 83 567 38442 1 8989969 48410 2.3 101 43 3 26 64% 10517 126098 8804 13%
c ] 918.25 129 64 84 567 38442 1 8995889 53944 2.3 102 44 3 26 64% 10517 126098 8804 13%
c { 918.25 129 38 84 567 38442 1 8995889 53944 3.7 42 11 2 16 38% 10517 126098 8804 13%
c - 920.07 112 50 84 568 38773 2 9013782 55380 3.3 44 13 2 16 39% 10518 126098 8804 13%
c
c seconds     switched      rate           size/glue  tier1     binary          remaining
c          MB   reductions     conflicts         size   tier2       irredundant
c           level     restarts        redundant     glue    trail          variables
c
c - 922.49 137 63 84 569 39199 2 9037614 66441 2.9 47 16 2 16 41% 10518 126098 8804 13%
c - 924.81 177 73 84 570 39545 3 9061469 72421 2.8 49 18 2 16 43% 10521 126098 8804 13%
c - 927.31 246 80 84 571 39854 3 9085344 76804 2.7 51 19 2 16 44% 10521 126098 8804 13%
c - 929.70 276 83 84 572 40141 3 9109240 79495 2.6 53 20 2 16 45% 10524 126098 8804 13%
c - 932.12 329 88 84 573 40413 3 9133156 81891 2.6 54 21 2 16 46% 10525 126098 8804 13%
c u 933.14 343 88 84 573 40479 3 9138658 83973 2.6 54 21 2 16 46% 10547 126098 8804 13%
c v 934.39 357 88 84 573 40479 3 9138658 73482 2.6 54 21 2 16 46% 10550 126098 8804 13%
c w 934.80 359 88 84 573 40479 3 9138658 73446 2.6 54 21 2 16 46% 10550 126098 8804 13%
c t 934.81 359 88 84 573 40479 3 9138658 73446 2.6 54 21 2 16 46% 10533 126098 8804 13%
c f 934.83 359 88 84 573 40479 3 9138658 73446 2.6 54 21 2 16 46% 10536 126023 8808 13%
c u 935.23 359 88 84 573 40479 3 9138658 72852 2.6 54 21 2 16 46% 10542 126023 8808 13%
c v 936.31 359 88 84 573 40479 3 9138658 63253 2.6 54 21 2 16 46% 10542 126023 8808 13%
c w 937.01 359 88 84 573 40479 3 9138658 63131 2.6 54 21 2 16 46% 10542 126023 8808 13%
c t 937.02 359 88 84 573 40479 3 9138658 63131 2.6 54 21 2 16 46% 10539 126023 8808 13%
c - 938.76 385 90 84 574 40677 3 9157093 65696 2.6 55 21 2 16 47% 10541 126023 8808 13%
c o 940.64 345 92 84 574 40900 3 9177423 85615 2.6 55 22 2 16 48% 10544 126023 8808 13%
c - 941.06 358 92 84 575 40940 3 9181052 72441 2.6 56 22 2 16 48% 10544 126023 8808 13%
c - 943.48 385 94 84 576 41179 3 9205035 76834 2.6 57 22 2 16 49% 10544 126023 8808 13%
c - 945.93 385 96 84 577 41415 3 9229036 79222 2.6 58 22 2 16 49% 10546 126023 8808 13%
c - 948.51 385 96 84 578 41673 3 9253056 80427 2.6 59 23 2 16 50% 10546 126023 8808 13%
c
c seconds     switched      rate           size/glue  tier1     binary          remaining
c          MB   reductions     conflicts         size   tier2       irredundant
c           level     restarts        redundant     glue    trail          variables
c
c - 950.80 262 95 84 579 41868 3 9277098 82147 2.6 60 23 2 16 50% 10546 126023 8808 13%
c - 953.46 262 95 84 580 42118 3 9301160 83401 2.6 61 23 2 16 51% 10546 126023 8808 13%
c - 955.83 262 94 84 581 42287 3 9325245 84216 2.7 62 23 2 16 51% 10549 126023 8808 13%
c - 958.27 262 95 84 582 42487 3 9349350 85415 2.7 63 23 2 16 52% 10549 126023 8808 13%
c } 958.66 261 95 85 582 42519 3 9352968 88942 2.7 63 23 2 16 52% 10549 126023 8808 13%
c [ 958.66 261 64 85 582 42519 1 9352968 88942 2.3 102 44 3 26 64% 10549 126023 8808 13%
c I 958.66 261 64 85 582 42519 1 9352968 88942 2.3 102 44 3 26 64% 10549 126023 8808 13%
c - 960.95 123 70 85 583 42531 1 9373474 77093 2.2 102 46 3 26 63% 10549 126023 8808 13%
c - 963.69 126 68 85 584 42540 1 9397620 61430 2.2 100 46 3 26 63% 10549 126023 8808 13%
c - 966.63 124 65 85 585 42549 1 9421787 55402 2.2 98 44 3 26 63% 10549 126023 8808 13%
c - 969.64 126 64 85 586 42556 1 9445974 53850 2.2 99 44 3 26 63% 10550 126023 8808 13%
c u 970.41 125 64 85 586 42558 1 9449055 53524 2.2 99 44 3 26 62% 10557 126023 8808 13%
c v 970.69 125 64 85 586 42558 1 9449055 48825 2.2 99 44 3 26 62% 10557 126023 8808 13%
c w 972.25 128 64 85 586 42558 1 9449055 48145 2.2 99 44 3 26 62% 10557 126023 8808 13%
c t 972.26 95 64 85 586 42558 1 9449055 48145 2.2 99 44 3 26 62% 10555 126023 8808 13%
c - 975.02 91 61 85 587 42567 1 9470182 47595 2.2 97 43 3 26 62% 10555 126023 8808 13%
c - 977.95 93 62 85 588 42579 1 9494410 48973 2.2 98 44 3 26 62% 10555 126023 8808 13%
c - 980.65 90 62 85 589 42581 1 9518658 49414 2.3 100 44 3 26 63% 10555 126023 8808 13%
c - 983.66 92 62 85 590 42581 1 9542927 48059 2.3 101 44 3 26 63% 10556 126023 8808 13%
c - 986.71 93 62 85 591 42592 1 9567216 48551 2.3 101 45 3 26 63% 10556 126023 8808 13%
c
c seconds    switched      rate           size/glue   tier1     binary          remaining
c         MB   reductions     conflicts         size    tier2       irredundant
c          level     restarts        redundant      glue    trail          variables
c
c - 989.72 92 62 85 592 42603 1 9591528 50267 2.3 102 45 3 26 63% 10556 126023 8808 13%
c - 992.53 91 59 85 593 42612 1 9615859 51140 2.2 97 43 3 26 63% 10556 126023 8808 13%
c B 995.35 94 57 85 593 42618 1 9639702 71839 2.3 94 42 3 26 63% 10557 126023 8808 13%
c o 995.35 94 57 85 593 42618 1 9639702 71839 2.3 94 42 3 26 63% 10557 126023 8808 13%
c - 995.41 89 57 85 594 42619 1 9640210 50946 2.3 94 42 3 26 63% 10557 126023 8808 13%
c ] 997.84 92 69 86 594 42627 1 9661363 70726 2.1 100 48 3 26 63% 10557 126023 8808 13%
c { 997.84 92 95 86 594 42627 3 9661363 70726 2.7 63 23 2 16 52% 10557 126023 8808 13%
c - 998.03 90 95 86 595 42632 3 9664585 52914 2.7 62 23 2 16 52% 10557 126023 8808 13%
c i 998.20 91 94 86 595 42638 3 9667077 55333 2.7 62 23 2 16 52% 10560 126023 8807 13%
c s 998.58 92 93 86 595 42639 3 9675278 63070 2.7 60 22 2 16 50% 10564 125980 8807 13%
c e 998.59 85 93 86 595 42639 3 9675278 63070 2.7 60 22 2 16 50% 10550 126018 8804 13%
c s 998.60 85 93 86 595 42639 3 9675278 63070 2.7 60 22 2 16 50% 10551 126009 8804 13%
c - 999.37 98 93 86 596 42654 3 9688979 63187 2.7 56 21 2 16 47% 10552 126009 8804 13%
c - 1000.69 102 87 86 597 42667 3 9713393 77977 2.6 50 19 2 16 43% 10554 126009 8804 13%
c - 1002.01 100 86 86 598 42705 2 9737827 83199 2.6 46 18 2 16 40% 10558 126009 8804 13%
c i 1002.51 103 86 86 598 42717 2 9746272 91170 2.6 45 17 2 16 40% 10563 126009 8803 13%
c - 1003.35 99 85 86 599 42745 2 9762281 85643 2.6 43 17 2 16 39% 10552 126009 8803 13%
c u 1003.95 103 84 86 599 42745 2 9765120 84368 2.6 42 16 2 16 38% 10574 125989 8803 13%
c v 1005.13 106 84 86 599 42745 2 9765120 82697 2.6 42 16 2 16 38% 10574 125989 8803 13%
c w 1005.44 106 84 86 599 42745 2 9765120 82424 2.6 42 16 2 16 38% 10574 125989 8803 13%
c
c  seconds     switched      rate           size/glue  tier1     binary          remaining
c           MB   reductions     conflicts         size   tier2       irredundant
c            level     restarts        redundant     glue    trail          variables
c
c t 1005.46 106 84 86 599 42745 2 9765120 82424 2.6 42 16 2 16 38% 10560 125989 8803 13%
c f 1005.47 106 84 86 599 42745 2 9765120 82424 2.6 42 16 2 16 38% 10562 125970 8804 13%
c u 1005.86 117 84 86 599 42745 2 9765120 81818 2.6 42 16 2 16 38% 10564 125970 8804 13%
c v 1006.57 119 84 86 599 42745 2 9765120 80001 2.6 42 16 2 16 38% 10564 125970 8804 13%
c w 1006.80 120 84 86 599 42745 2 9765120 79870 2.6 42 16 2 16 38% 10564 125970 8804 13%
c x 1007.27 120 84 86 599 42745 2 9765120 79839 2.6 42 16 2 16 38% 10570 125920 8804 13%
c t 1007.28 120 84 86 599 42745 2 9765120 79839 2.6 42 16 2 16 38% 10568 125920 8804 13%
c - 1008.48 130 84 86 600 42809 2 9786757 80749 2.6 40 16 2 16 37% 10576 125920 8804 13%
c i 1008.78 132 85 86 600 42818 2 9792581 86216 2.6 40 15 2 16 37% 10578 125920 8803 13%
c i 1008.79 132 85 86 600 42819 2 9792730 86354 2.6 40 15 2 16 37% 10583 125920 8802 13%
c i 1009.54 134 85 86 600 42862 2 9803825 96993 2.6 39 15 2 16 37% 10591 125920 8801 13%
c - 1010.00 135 85 86 601 42887 2 9811251 83847 2.6 39 15 2 15 37% 10563 125920 8801 13%
c - 1011.39 135 84 86 602 42981 3 9835767 86459 2.6 37 14 2 15 36% 10567 125920 8801 13%
c i 1012.75 150 85 86 602 43103 3 9859498 109132 2.6 35 14 2 15 36% 10577 125920 8800 13%
c - 1012.81 150 85 86 603 43103 3 9860302 88265 2.5 35 14 2 15 35% 10573 125920 8800 13%
c i 1013.08 152 85 86 603 43126 3 9865023 92788 2.5 35 14 2 15 35% 10573 125920 8799 13%
c - 1014.09 166 84 86 604 43214 3 9884859 89870 2.5 33 13 2 15 34% 10567 125919 8799 13%
c - 1015.49 172 85 86 605 43366 3 9909436 91495 2.5 32 13 2 15 33% 10572 125919 8799 13%
c i 1016.80 175 85 86 605 43519 3 9932950 113671 2.5 31 13 2 15 33% 10585 125919 8798 13%
c - 1016.89 176 85 86 606 43531 3 9934033 92568 2.5 31 13 2 15 33% 10575 125919 8798 13%
c
c  seconds     switched      rate           size/glue  tier1     binary          remaining
c           MB   reductions     conflicts         size   tier2       irredundant
c            level     restarts        redundant     glue    trail          variables
c
c - 1018.27 180 84 86 607 43676 3 9958653 93937 2.4 29 12 2 15 32% 10578 125919 8798 13%
c - 1019.78 184 85 86 608 43871 3 9983291 95793 2.3 29 12 2 15 32% 10586 125919 8798 13%
c i 1020.18 185 84 86 608 43915 3 9991954 104034 2.3 28 12 2 15 31% 10594 125919 8797 13%
c - 1021.13 188 84 86 609 44019 3 10007950 97567 2.3 28 12 2 15 31% 10588 125919 8797 13%
c i 1022.00 191 84 86 609 44137 3 10022003 110968 2.3 28 12 2 15 31% 10592 125919 8796 13%
c - 1022.61 192 84 86 610 44212 3 10032628 98866 2.3 27 12 2 15 31% 10583 125919 8796 13%
c } 1022.73 193 84 87 610 44227 3 10034218 100396 2.3 27 12 2 15 31% 10583 125919 8796 13%
c [ 1022.73 193 69 87 610 44227 1 10034218 100396 2.1 100 48 3 26 63% 10583 125919 8796 13%
c W 1022.79 190 69 87 610 44227 1 10034218 100396 2.1 100 48 3 26 63% 10583 125822 8796 13%
c - 1025.17 194 65 87 611 44240 1 10057326 88072 2.2 97 45 3 26 63% 10583 125822 8796 13%
c - 1028.22 151 62 87 612 44251 1 10082046 71311 2.2 94 43 3 26 63% 10583 125822 8796 13%
c u 1029.33 154 61 87 612 44254 1 10086875 67288 2.2 94 43 3 26 63% 10626 125796 8795 13%
c v 1029.74 155 61 87 612 44254 1 10086875 58925 2.2 94 43 3 26 63% 10637 125796 8794 13%
c w 1030.29 160 61 87 612 44254 1 10086875 58183 2.2 94 43 3 26 63% 10637 125796 8794 13%
c t 1030.31 160 61 87 612 44254 1 10086875 58171 2.2 94 43 3 26 63% 10610 125789 8794 13%
c u 1030.76 160 61 87 612 44254 1 10086875 55630 2.2 94 43 3 26 63% 10638 125789 8794 13%
c v 1030.98 160 61 87 612 44254 1 10086875 53792 2.2 94 43 3 26 63% 10639 125789 8794 13%
c w 1031.96 161 61 87 612 44254 1 10086875 53650 2.2 94 43 3 26 63% 10639 125789 8794 13%
c t 1031.97 161 61 87 612 44254 1 10086875 53650 2.2 94 43 3 26 63% 10629 125789 8794 13%
c i 1031.98 161 61 87 612 44254 1 10086875 53650 2.2 94 43 3 26 63% 10629 125789 8794 13%
c
c  seconds     switched      rate            size/glue  tier1     binary          remaining
c           MB   reductions     conflicts          size   tier2       irredundant
c            level     restarts         redundant     glue    trail          variables
c
c o 1031.98 161 61 87 612 44254 1 10086875 53650 2.2 94 43 3 26 63% 10629 125789 8794 13%
c - 1033.92 163 78 87 613 44257 1 10106785 49603 1.9 103 54 3 26 63% 10605 125789 8794 13%
c - 1036.28 115 87 87 614 44267 1 10131545 49774 1.8 106 58 3 26 63% 10605 125789 8794 13%
c - 1039.07 132 81 87 615 44278 1 10156324 50825 1.9 105 55 3 26 63% 10605 125789 8794 13%
c - 1041.78 141 76 87 616 44287 1 10181125 51768 2.0 103 52 3 26 64% 10605 125789 8794 13%
c - 1044.61 151 72 87 617 44289 1 10205945 52141 2.0 99 50 3 26 64% 10605 125789 8794 13%
c - 1047.51 152 67 87 618 44289 1 10230786 52289 2.0 98 48 3 26 64% 10605 125789 8794 13%
c - 1050.62 151 65 87 619 44303 1 10255646 54015 2.1 97 47 3 26 64% 10605 125789 8794 13%
c ] 1051.76 151 63 88 619 44305 1 10264785 61476 2.1 96 46 3 26 64% 10605 125789 8794 13%
c { 1051.76 151 84 88 619 44305 3 10264785 61476 2.3 27 12 2 15 31% 10605 125789 8794 13%
c - 1053.43 154 87 88 620 44587 3 10280527 60379 2.3 32 14 2 15 34% 10606 125789 8794 13%
c - 1056.10 153 89 88 621 44993 3 10305426 70455 2.3 38 17 2 15 38% 10610 125789 8794 13%
c - 1058.86 106 91 88 622 45384 3 10330345 76356 2.3 43 19 2 15 41% 10611 125789 8794 13%
c - 1061.31 106 93 88 623 45721 3 10355284 81083 2.3 46 20 2 15 42% 10613 125789 8794 13%
c - 1063.56 107 94 88 624 45969 3 10380243 85252 2.4 49 20 2 15 45% 10616 125789 8794 13%
c - 1066.13 108 95 88 625 46239 3 10405223 87879 2.4 51 21 2 15 46% 10618 125789 8794 13%
c u 1067.69 106 94 88 625 46353 3 10414320 93783 2.4 52 21 2 15 47% 10630 125789 8794 13%
c v 1069.04 104 94 88 625 46353 3 10414320 84844 2.4 52 21 2 15 47% 10631 125789 8794 13%
c w 1069.52 109 94 88 625 46353 3 10414320 84811 2.4 52 21 2 15 47% 10631 125789 8794 13%
c t 1069.53 109 94 88 625 46353 3 10414320 84811 2.4 52 21 2 15 47% 10623 125789 8794 13%
c
c  seconds     switched      rate            size/glue  tier1     binary          remaining
c           MB   reductions     conflicts          size   tier2       irredundant
c            level     restarts         redundant     glue    trail          variables
c
c - 1071.07 106 94 88 626 46485 3 10430223 79595 2.5 54 22 2 15 48% 10624 125789 8794 13%
c - 1073.62 109 93 88 627 46754 3 10455245 82797 2.5 56 22 2 15 49% 10624 125789 8794 13%
c - 1076.24 105 93 88 628 47023 3 10480285 84291 2.5 58 23 2 15 50% 10625 125789 8794 13%
c - 1078.47 107 91 88 629 47207 3 10505344 86249 2.6 58 23 2 15 50% 10625 125789 8794 13%
c o 1080.73 107 91 88 629 47444 3 10527425 107747 2.5 59 23 2 15 50% 10627 125789 8794 13%
c - 1080.99 109 92 88 630 47464 3 10530423 87721 2.5 59 23 2 15 50% 10627 125789 8794 13%
c s 1081.81 106 92 88 630 47543 3 10538841 95967 2.5 59 23 2 15 50% 10628 125721 8794 13%
c e 1081.83 99 92 88 630 47543 3 10538841 95967 2.5 59 23 2 15 50% 10595 125879 8783 13%
c s 1081.84 99 92 88 630 47543 3 10538841 95967 2.5 59 23 2 15 50% 10596 125823 8783 13%
c - 1083.69 109 90 88 631 47689 3 10555522 88003 2.6 60 23 2 15 51% 10596 125823 8783 13%
c - 1086.36 108 89 88 632 47909 3 10580642 88951 2.6 61 24 2 15 52% 10596 125823 8783 13%
c - 1088.95 108 89 88 633 48138 3 10605784 90005 2.6 62 24 2 15 52% 10596 125823 8783 13%
c - 1091.09 109 87 88 634 48285 3 10630943 91486 2.6 61 23 2 15 52% 10596 125823 8783 13%
c } 1093.09 110 86 89 634 48433 3 10653722 113713 2.7 62 23 2 15 51% 10597 125823 8783 13%
c [ 1093.09 110 63 89 634 48433 1 10653722 113713 2.1 96 46 3 26 64% 10597 125823 8783 13%
c O 1093.09 110 63 89 634 48433 1 10653722 113713 2.1 96 46 3 26 64% 10597 125823 8783 13%
c - 1093.38 111 62 89 635 48435 1 10656122 93045 2.1 96 45 3 26 64% 10597 125823 8783 13%
c - 1096.48 111 58 89 636 48447 1 10681322 82578 2.2 94 43 3 26 64% 10597 125823 8783 13%
c - 1099.86 113 55 89 637 48460 1 10706541 65931 2.2 90 41 3 26 64% 10597 125823 8783 13%
c - 1103.24 109 52 89 638 48463 1 10731780 62479 2.3 90 39 3 26 64% 10597 125823 8783 13%
c
c  seconds     switched      rate            size/glue  tier1     binary          remaining
c           MB   reductions     conflicts          size   tier2       irredundant
c            level     restarts         redundant     glue    trail          variables
c
c u 1105.87 108 51 89 638 48470 1 10747485 71965 2.4 90 38 3 26 64% 10607 125823 8783 13%
c v 1106.26 109 51 89 638 48470 1 10747485 67197 2.4 90 38 3 26 64% 10607 125823 8783 13%
c w 1108.27 118 51 89 638 48470 1 10747485 64499 2.4 90 38 3 26 64% 10607 125823 8783 13%
c t 1108.28 118 51 89 638 48470 1 10747485 64499 2.4 90 38 3 26 64% 10595 125823 8783 13%
c f 1108.29 118 51 89 638 48470 1 10747485 64499 2.4 90 38 3 26 64% 10596 125779 8785 13%
c u 1108.78 132 51 89 638 48470 1 10747485 64020 2.4 90 38 3 26 64% 10597 125779 8785 13%
c v 1109.02 133 51 89 638 48470 1 10747485 62494 2.4 90 38 3 26 64% 10597 125779 8785 13%
c w 1111.42 138 51 89 638 48470 1 10747485 62092 2.4 90 38 3 26 64% 10597 125779 8785 13%
c t 1111.43 138 51 89 638 48470 1 10747485 62092 2.4 90 38 3 26 64% 10594 125779 8785 13%
c - 1112.69 138 49 89 639 48477 1 10757039 54166 2.4 89 37 3 26 64% 10594 125779 8785 13%
c - 1116.07 138 47 89 640 48487 1 10782318 56965 2.4 86 36 3 26 64% 10594 125779 8785 13%
c - 1119.34 139 45 89 641 48494 1 10807616 57213 2.4 86 35 3 26 65% 10594 125779 8785 13%
c - 1122.91 140 45 89 642 48495 1 10832935 57387 2.4 84 35 3 26 64% 10594 125779 8785 13%
c - 1126.55 102 46 89 643 48501 1 10858274 55447 2.3 85 36 3 26 64% 10594 125779 8785 13%
c - 1130.00 105 46 89 644 48511 1 10883632 55563 2.3 84 36 3 26 64% 10594 125779 8785 13%
c - 1133.54 107 46 89 645 48525 1 10909009 54294 2.3 83 36 3 26 63% 10594 125779 8785 13%
c - 1136.98 109 45 89 646 48528 1 10934406 54439 2.3 82 36 3 26 63% 10594 125779 8785 13%
c ] 1140.43 110 44 90 646 48541 1 10958657 74564 2.3 81 35 3 26 62% 10594 125779 8785 13%
c { 1140.43 110 86 90 646 48541 3 10958657 74564 2.7 62 23 2 15 51% 10594 125779 8785 13%
c - 1140.57 119 86 90 647 48554 3 10959823 55510 2.7 62 23 2 15 51% 10594 125779 8785 13%
c
c  seconds     switched      rate            size/glue  tier1     binary          remaining
c           MB   reductions     conflicts          size   tier2       irredundant
c            level     restarts         redundant     glue    trail          variables
c
c o 1142.15 135 85 90 647 48669 3 10977809 73208 2.8 62 23 2 15 52% 10594 125779 8785 13%
c - 1142.83 148 85 90 648 48729 3 10985259 67018 2.8 62 23 2 15 52% 10594 125779 8785 13%
c - 1145.21 199 87 90 649 48925 3 11010714 75174 2.8 63 22 2 15 53% 10594 125779 8785 13%
c - 1147.70 241 87 90 650 49088 3 11036191 79517 2.8 63 22 2 15 53% 10594 125779 8785 13%
c - 1150.53 296 88 90 651 49360 3 11061687 80906 2.8 63 23 2 15 52% 10595 125779 8785 13%
c u 1153.62 351 87 90 651 49604 3 11086367 102937 2.8 63 23 2 15 51% 10599 125779 8785 13%
c v 1155.36 354 87 90 651 49604 3 11086367 91313 2.8 63 23 2 15 51% 10599 125779 8785 13%
c w 1155.97 358 87 90 651 49604 3 11086367 91287 2.8 63 23 2 15 51% 10599 125779 8785 13%
c t 1155.99 358 87 90 651 49604 3 11086367 91287 2.8 63 23 2 15 51% 10598 125779 8785 13%
c - 1156.12 358 87 90 652 49615 3 11087202 70352 2.8 63 23 2 15 51% 10598 125779 8785 13%
c - 1158.62 314 86 90 653 49821 3 11112738 75093 2.8 64 23 2 15 52% 10598 125779 8785 13%
c - 1161.23 357 86 90 654 50035 3 11138291 79526 2.8 65 23 2 15 52% 10598 125779 8785 13%
c - 1163.99 382 82 90 655 50214 3 11163867 81256 2.8 65 23 2 15 53% 10598 125779 8785 13%
c - 1166.82 387 82 90 656 50394 3 11189463 82941 2.9 66 23 2 15 53% 10598 125779 8785 13%
c - 1169.97 296 81 90 657 50644 3 11215076 83581 2.8 67 24 2 15 54% 10598 125779 8785 13%
c - 1172.83 295 81 90 658 50842 3 11240709 84252 2.8 67 24 2 15 54% 10598 125779 8785 13%
c - 1175.79 296 81 90 659 51074 3 11266364 85225 2.8 67 24 2 15 54% 10598 125779 8785 13%
c - 1178.60 172 81 90 660 51307 3 11292034 85238 2.8 67 24 2 15 53% 10598 125779 8785 13%
c - 1181.55 172 80 90 661 51489 3 11317724 86184 2.8 68 24 2 15 54% 10598 125779 8785 13%
c - 1184.71 172 81 90 662 51730 3 11343433 86901 2.8 68 25 2 15 54% 10598 125779 8785 13%
c
c  seconds     switched      rate             size/glue  tier1     binary          remaining
c           MB   reductions     conflicts           size   tier2       irredundant
c            level     restarts         redundant      glue    trail          variables
c
c } 1187.07 169 82 91 662 51902 3 11363981 107072 2.8 68 25 2 15 54% 10598 125779 8785 13%
c [ 1187.07 169 44 91 662 51902 1 11363981 107072 2.3 81 35 3 26 62% 10598 125779 8785 13%
c B 1187.07 169 44 91 662 51902 1 11363981 107072 2.3 81 35 3 26 62% 10598 125779 8785 13%
c - 1187.71 170 46 91 663 51906 1 11369162 85121 2.3 82 36 3 26 63% 10598 125779 8785 13%
c - 1190.87 97 47 91 664 51916 1 11394911 75473 2.3 83 36 3 26 62% 10598 125779 8785 13%
c - 1194.15 95 48 91 665 51930 1 11420681 60817 2.2 83 37 3 26 61% 10598 125779 8785 13%
c u 1195.89 101 49 91 665 51932 1 11431016 65789 2.2 83 38 3 26 61% 10603 125779 8785 13%
c v 1196.27 102 49 91 665 51932 1 11431016 58364 2.2 83 38 3 26 61% 10603 125779 8785 13%
c w 1197.31 108 49 91 665 51932 1 11431016 56463 2.2 83 38 3 26 61% 10603 125779 8785 13%
c x 1197.88 110 49 91 665 51932 1 11431016 56435 2.2 83 38 3 26 61% 10608 125688 8785 13%
c t 1197.89 110 49 91 665 51932 1 11431016 56435 2.2 83 38 3 26 61% 10601 125688 8785 13%
c - 1199.94 114 49 91 666 51933 1 11446469 49628 2.2 82 38 3 26 61% 10601 125688 8785 13%
c s 1199.95 114 49 91 666 51933 1 11446479 49638 2.2 82 38 3 26 61% 10603 125678 8785 13%
c e 1199.97 114 49 91 666 51933 1 11446479 49638 2.2 82 38 3 26 61% 10592 125763 8779 13%
c s 1199.97 114 49 91 666 51933 1 11446479 49638 2.2 82 38 3 26 61% 10594 125737 8779 13%
c o 1199.98 114 49 91 666 51933 1 11446479 49117 2.2 82 38 3 26 61% 10594 125737 8779 13%
c - 1203.01 117 53 91 667 51947 1 11472276 51015 2.1 85 40 3 26 62% 10594 125737 8779 13%
c - 1206.09 119 52 91 668 51960 1 11498104 51609 2.2 84 39 3 26 62% 10594 125737 8779 13%
c - 1208.89 121 50 91 669 51963 1 11523949 53709 2.2 82 38 3 26 63% 10594 125737 8779 13%
c - 1211.81 124 50 91 670 51964 1 11549814 54163 2.2 84 38 3 26 64% 10594 125737 8779 13%
c
c  seconds     switched      rate            size/glue  tier1     binary          remaining
c           MB   reductions     conflicts          size   tier2       irredundant
c            level     restarts         redundant     glue    trail          variables
c
c - 1214.86 103 50 91 671 51974 1 11575698 53585 2.2 83 38 3 26 64% 10594 125737 8779 13%
c - 1218.20 104 49 91 672 51985 1 11601602 55170 2.2 82 37 3 26 64% 10594 125737 8779 13%
c - 1221.50 106 48 91 673 51995 1 11627525 56185 2.2 82 37 3 26 64% 10594 125737 8779 13%
c - 1224.68 109 50 91 674 52002 1 11653467 56072 2.1 83 39 3 26 64% 10594 125737 8779 13%
c - 1227.56 112 51 91 675 52013 1 11679431 56702 2.1 83 39 3 26 64% 10594 125737 8779 13%
c W 1228.54 121 51 91 675 52018 1 11688057 64456 2.2 83 39 3 26 63% 10594 125737 8779 13%
c - 1230.49 124 50 91 676 52025 1 11705411 58665 2.2 84 38 3 26 64% 10594 125737 8779 13%
c ] 1231.23 125 51 92 676 52026 1 11711817 64558 2.2 84 38 3 26 64% 10594 125737 8779 13%
c { 1231.23 125 82 92 676 52026 3 11711817 64558 2.8 68 25 2 15 54% 10594 125737 8779 13%
c - 1232.69 133 81 92 677 52104 3 11731411 66148 2.9 68 24 2 15 54% 10594 125737 8779 13%
c - 1235.48 147 84 92 678 52387 3 11757432 74488 2.8 68 25 2 15 54% 10596 125737 8779 13%
c u 1238.39 159 87 92 678 52577 3 11781404 96505 2.8 68 25 2 15 55% 10602 125737 8779 13%
c v 1240.01 164 87 92 678 52577 3 11781404 84126 2.8 68 25 2 15 55% 10602 125737 8779 13%
c w 1240.68 170 87 92 678 52577 3 11781404 84072 2.8 68 25 2 15 55% 10602 125737 8779 13%
c t 1240.70 170 87 92 678 52577 3 11781404 84072 2.8 68 25 2 15 55% 10600 125737 8779 13%
c - 1240.99 179 87 92 679 52600 3 11783470 66194 2.8 68 25 2 15 55% 10600 125737 8779 13%
c - 1243.64 187 90 92 680 52854 3 11809531 72077 2.7 69 25 2 15 54% 10601 125737 8779 13%
c - 1246.29 227 89 92 681 53066 3 11835610 76399 2.7 69 25 2 15 54% 10602 125737 8779 13%
c - 1248.92 230 90 92 682 53257 3 11861707 80250 2.7 69 25 2 15 55% 10602 125737 8779 13%
c - 1251.90 298 91 92 683 53476 3 11887822 82827 2.7 69 25 2 15 55% 10604 125737 8779 13%
c
c  seconds     switched      rate            size/glue  tier1     binary          remaining
c           MB   reductions     conflicts          size   tier2       irredundant
c            level     restarts         redundant     glue    trail          variables
c
c - 1254.95 382 92 92 684 53725 3 11913960 83413 2.7 69 25 2 15 55% 10604 125737 8779 13%
c o 1255.26 393 92 92 684 53757 3 11916842 86256 2.7 69 26 2 15 55% 10604 125737 8779 13%
c - 1257.93 352 91 92 685 53942 3 11940115 83377 2.7 70 26 2 15 55% 10604 125737 8779 13%
c - 1260.76 352 88 92 686 54087 3 11966288 84669 2.8 71 25 2 15 56% 10604 125737 8779 13%
c - 1263.73 348 91 92 687 54315 3 11992479 85980 2.8 71 26 2 15 56% 10605 125737 8779 13%
c - 1266.76 351 90 92 688 54514 3 12018690 86482 2.8 72 26 2 15 56% 10605 125737 8779 13%
c - 1269.95 240 90 92 689 54752 3 12044919 86912 2.8 73 26 2 15 56% 10605 125737 8779 13%
c - 1272.84 244 88 92 690 54935 3 12071167 87048 2.8 73 26 2 15 57% 10605 125737 8779 13%
c - 1275.98 244 87 92 691 55195 3 12097435 86770 2.8 73 26 2 15 57% 10605 125737 8779 13%
c - 1278.48 119 87 92 692 55367 3 12123723 87611 2.8 72 26 2 15 54% 10606 125737 8779 13%
c } 1279.49 117 87 93 692 55444 3 12133821 97586 2.8 72 26 2 15 54% 10606 125737 8779 13%
c [ 1279.49 117 51 93 692 55444 1 12133821 97586 2.2 84 38 3 26 64% 10606 125737 8779 13%
c I 1279.49 117 51 93 692 55444 1 12133821 97586 2.2 84 38 3 26 64% 10606 125737 8779 13%
c u 1280.38 115 54 93 692 55446 1 12137590 97613 2.2 85 39 3 26 64% 10610 125737 8779 13%
c v 1281.72 119 54 93 692 55446 1 12137590 83204 2.2 85 39 3 26 64% 10610 125737 8779 13%
c w 1282.20 123 54 93 692 55446 1 12137590 83068 2.2 85 39 3 26 64% 10610 125737 8779 13%
c t 1282.21 123 54 93 692 55446 1 12137590 83068 2.2 85 39 3 26 64% 10607 125737 8779 13%
c - 1283.37 113 53 93 693 55453 1 12150028 68926 2.3 87 38 3 26 64% 10607 125737 8779 13%
c - 1286.17 116 53 93 694 55465 1 12176353 62531 2.3 89 38 3 26 64% 10607 125737 8779 13%
c - 1289.37 114 53 93 695 55474 1 12202697 56890 2.4 92 38 3 26 63% 10607 125737 8779 13%
c
c  seconds     switched      rate            size/glue  tier1     binary          remaining
c           MB   reductions     conflicts          size   tier2       irredundant
c            level     restarts         redundant     glue    trail          variables
c
c - 1292.80 117 54 93 696 55482 1 12229061 54084 2.4 95 39 3 26 62% 10607 125737 8779 13%
c - 1295.87 115 58 93 697 55495 1 12255444 53248 2.4 97 41 3 26 63% 10607 125737 8779 13%
c - 1299.06 114 59 93 698 55505 1 12281844 53965 2.3 97 42 3 26 64% 10607 125737 8779 13%
c - 1302.06 117 58 93 699 55506 1 12308263 54686 2.4 98 41 3 26 64% 10607 125737 8779 13%
c - 1305.58 115 59 93 700 55509 1 12334701 56173 2.3 99 42 3 26 64% 10607 125737 8779 13%
c - 1309.06 117 58 93 701 55521 1 12361160 56528 2.4 99 42 3 26 64% 10607 125737 8779 13%
c - 1311.91 115 60 93 702 55535 1 12387636 59135 2.3 99 42 3 26 64% 10607 125737 8779 13%
c s 1313.19 116 62 93 702 55537 1 12398876 69214 2.2 99 44 3 26 64% 10607 125734 8779 13%
c s 1313.20 117 62 93 702 55537 1 12398876 69214 2.2 99 44 3 26 64% 10607 125733 8779 13%
c o 1313.20 117 62 93 702 55537 1 12398876 69214 2.2 99 44 3 26 64% 10607 125733 8779 13%
c - 1314.79 113 75 93 703 55539 1 12414132 57185 2.0 105 51 3 26 63% 10607 125733 8779 13%
c - 1317.97 101 87 93 704 55552 1 12440647 53448 1.9 109 58 3 26 62% 10607 125733 8779 13%
c - 1321.12 100 85 93 705 55566 1 12467181 52555 1.9 106 57 3 26 62% 10607 125733 8779 13%
c B 1322.21 99 83 93 705 55567 1 12477194 61682 1.9 104 56 3 26 61% 10607 125733 8779 13%
c - 1323.22 99 97 93 706 55568 1 12493732 54109 1.8 108 62 3 26 57% 10607 125733 8779 13%
c u 1324.00 100 101 93 706 55569 1 12499571 58050 1.7 109 63 3 26 56% 10613 125733 8779 13%
c v 1324.24 101 101 93 706 55569 1 12499571 53615 1.7 109 63 3 26 56% 10613 125733 8779 13%
c w 1325.33 106 101 93 706 55569 1 12499571 52588 1.7 109 63 3 26 56% 10613 125733 8779 13%
c t 1326.05 107 101 93 706 55569 1 12499571 52588 1.7 109 63 3 26 56% 10609 125733 8779 13%
c ] 1326.97 106 105 94 706 55569 1 12512713 64760 1.7 111 65 3 26 54% 10609 125733 8779 13%
c
c  seconds     switched      rate            size/glue  tier1     binary          remaining
c           MB   reductions     conflicts          size   tier2       irredundant
c            level     restarts         redundant     glue    trail          variables
c
c { 1326.97 106 87 94 706 55569 3 12512713 64760 2.8 72 26 2 15 54% 10609 125733 8779 13%
c - 1327.58 99 88 94 707 55620 3 12520306 52516 2.8 71 26 2 15 55% 10609 125733 8779 13%
c - 1329.63 108 95 94 708 55770 3 12546895 66532 2.8 69 25 2 15 56% 10609 125733 8779 13%
c - 1331.98 112 99 94 709 55969 3 12573505 78066 2.8 67 24 2 15 57% 10609 125733 8779 13%
c - 1334.37 114 102 94 710 56158 3 12600139 81860 2.8 66 24 2 15 56% 10610 125733 8779 13%
c - 1337.07 115 105 94 711 56394 3 12626785 84185 2.8 66 24 2 15 56% 10611 125733 8779 13%
c - 1339.81 115 106 94 712 56626 3 12653452 85563 2.7 66 24 2 15 57% 10612 125733 8779 13%
c - 1342.36 115 106 94 713 56833 3 12680136 87008 2.7 65 24 2 15 57% 10612 125733 8779 13%
c - 1344.90 114 106 94 714 57048 3 12706839 88599 2.7 65 24 2 15 57% 10612 125733 8779 13%
c - 1347.29 115 107 94 715 57246 3 12733560 90668 2.7 63 24 2 15 56% 10612 125733 8779 13%
c - 1349.87 116 109 94 716 57479 3 12760299 91288 2.7 64 24 2 15 56% 10613 125733 8779 13%
c - 1352.66 114 110 94 717 57737 3 12787062 91454 2.6 63 24 2 15 55% 10613 125733 8779 13%
c - 1355.10 114 108 94 718 57928 3 12813838 93127 2.6 62 24 2 15 55% 10613 125733 8779 13%
c - 1357.78 113 109 94 719 58145 3 12840633 94755 2.6 62 24 2 15 55% 10613 125733 8779 13%
c u 1361.13 112 108 94 719 58397 3 12867343 116094 2.6 62 24 2 15 55% 10623 125733 8779 13%
c v 1362.36 117 108 94 719 58397 3 12867343 109408 2.6 62 24 2 15 55% 10623 125733 8779 13%
c w 1362.85 121 108 94 719 58397 3 12867343 109385 2.6 62 24 2 15 55% 10623 125733 8779 13%
c t 1362.87 121 108 94 719 58397 3 12867343 109385 2.6 62 24 2 15 55% 10620 125733 8779 13%
c - 1362.91 109 108 94 720 58397 3 12867450 84380 2.6 62 24 2 15 55% 10620 125733 8779 13%
c o 1365.18 115 109 94 720 58611 3 12889737 106358 2.6 63 24 2 15 55% 10620 125733 8779 13%
c
c  seconds      switched      rate            size/glue  tier1     binary          remaining
c           MB    reductions     conflicts          size   tier2       irredundant
c             level     restarts         redundant     glue    trail          variables
c
c - 1365.55 114 109 94 721 58634 3 12894283 86207 2.6 62 24 2 15 55% 10620 125733 8779 13%
c - 1368.08 113 109 94 722 58847 3 12921136 88809 2.6 62 24 2 15 55% 10620 125733 8779 13%
c - 1370.57 115 109 94 723 59065 3 12948006 90314 2.6 62 24 2 15 55% 10620 125733 8779 13%
c } 1370.93 113 109 95 723 59101 3 12951702 93952 2.6 62 24 2 15 55% 10620 125733 8779 13%
c [ 1370.93 113 105 95 723 59101 1 12951702 93952 1.7 111 65 3 26 54% 10620 125733 8779 13%
c W 1371.06 114 105 95 723 59101 1 12951702 93952 1.7 111 65 3 26 54% 10620 125733 8779 13%
c - 1372.63 117 104 95 724 59114 1 12974895 80670 1.7 110 64 3 26 51% 10620 125733 8779 13%
c - 1374.44 128 95 95 725 59126 1 13001804 64440 1.8 109 60 3 26 48% 10620 125733 8779 13%
c - 1376.38 130 89 95 726 59131 1 13028729 58345 1.9 107 57 3 26 46% 10620 125733 8779 13%
c - 1378.31 129 83 95 727 59145 1 13055676 56784 1.9 104 54 3 26 44% 10620 125733 8779 13%
c - 1380.23 127 75 95 728 59156 1 13082638 58809 2.1 104 51 3 26 43% 10620 125733 8779 13%
c - 1382.10 130 75 95 729 59162 1 13109620 57519 2.0 101 51 3 26 42% 10620 125733 8779 13%
c - 1384.04 127 74 95 730 59163 1 13136621 57127 2.0 102 50 3 26 42% 10620 125733 8779 13%
c - 1386.14 130 75 95 731 59173 1 13163640 58644 2.1 105 50 3 26 42% 10620 125733 8779 13%
c - 1388.10 102 76 95 732 59185 1 13190677 59270 2.1 107 51 3 26 42% 10620 125733 8779 13%
c - 1389.90 100 70 95 733 59194 1 13217732 59016 2.2 105 48 3 26 41% 10620 125733 8779 13%
c u 1391.99 100 68 95 733 59201 1 13240936 77132 2.2 104 47 3 26 41% 10630 125733 8779 13%
c v 1392.26 102 68 95 733 59201 1 13240936 70721 2.2 104 47 3 26 41% 10630 125733 8779 13%
c w 1393.78 115 68 95 733 59201 1 13240936 68166 2.2 104 47 3 26 41% 10630 125733 8779 13%
c t 1393.80 115 68 95 733 59201 1 13240936 68166 2.2 104 47 3 26 41% 10625 125733 8779 13%
c
c  seconds    switched      rate            size/glue   tier1     binary          remaining
c          MB   reductions     conflicts          size    tier2       irredundant
c           level     restarts         redundant      glue    trail          variables
c
c - 1394.05 98 68 95 734 59203 1 13244806 51721 2.3 104 46 3 26 41% 10625 125733 8779 13%
c - 1396.02 102 66 95 735 59216 1 13271901 53024 2.3 106 46 3 26 41% 10625 125733 8779 13%
c - 1398.02 99 64 95 736 59225 1 13299011 53094 2.4 106 45 3 26 41% 10625 125733 8779 13%
c O 1399.20 100 63 95 736 59226 1 13314772 67285 2.4 106 44 3 26 41% 10625 125733 8779 13%
c - 1399.95 102 60 95 737 59226 1 13326141 56989 2.5 106 42 3 26 41% 10625 125733 8779 13%
c - 1402.04 101 54 95 738 59227 1 13353291 64746 2.7 106 39 3 26 41% 10625 125733 8779 13%
c - 1404.28 106 52 95 739 59227 1 13380458 64316 2.8 105 38 3 26 41% 10625 125733 8779 13%
c s 1405.65 101 50 95 739 59227 1 13396671 78984 2.9 106 37 3 26 41% 10628 125716 8779 13%
c e 1405.66 97 50 95 739 59227 1 13396671 78984 2.9 106 37 3 26 41% 10626 125732 8778 13%
c s 1405.66 97 50 95 739 59227 1 13396671 78984 2.9 106 37 3 26 41% 10626 125716 8778 13%
c o 1405.67 100 50 95 739 59227 1 13396671 78979 2.9 106 37 3 26 41% 10626 125716 8778 13%
c - 1406.71 104 59 95 740 59227 1 13407642 58688 2.6 109 42 3 26 43% 10626 125716 8778 13%
c - 1409.49 100 63 95 741 59241 1 13434844 57220 2.5 109 44 3 26 48% 10626 125716 8778 13%
c - 1412.40 105 60 95 742 59254 1 13462067 54947 2.5 105 42 3 26 52% 10626 125716 8778 13%
c ] 1413.08 105 59 96 742 59257 1 13468558 60716 2.5 105 41 3 26 53% 10626 125716 8778 13%
c { 1413.08 105 109 96 742 59257 3 13468558 60716 2.6 62 24 2 15 55% 10626 125716 8778 13%
c - 1414.53 104 106 96 743 59344 3 13489308 66733 2.8 63 23 2 15 56% 10626 125716 8778 13%
c - 1416.97 106 103 96 744 59559 3 13516568 78920 2.8 62 23 2 15 56% 10626 125716 8778 13%
c - 1419.59 108 103 96 745 59801 3 13543845 82854 2.8 62 23 2 15 55% 10628 125716 8778 13%
c - 1422.02 108 102 96 746 60006 3 13571139 85872 2.8 62 22 2 15 55% 10629 125716 8778 13%
c
c  seconds      switched      rate            size/glue  tier1     binary          remaining
c           MB    reductions     conflicts          size   tier2       irredundant
c             level     restarts         redundant     glue    trail          variables
c
c - 1424.82 107 102 96 747 60271 3 13598452 87532 2.7 63 23 2 15 55% 10630 125716 8778 13%
c u 1427.38 108 102 96 747 60446 3 13620373 106465 2.8 63 23 2 15 55% 10635 125716 8778 13%
c v 1428.75 111 102 96 747 60446 3 13620373 98136 2.8 63 23 2 15 55% 10635 125716 8778 13%
c w 1429.21 114 102 96 747 60446 3 13620373 98117 2.8 63 23 2 15 55% 10635 125716 8778 13%
c t 1429.23 114 102 96 747 60446 3 13620373 98117 2.8 63 23 2 15 55% 10631 125716 8778 13%
c - 1429.91 107 102 96 748 60510 3 13625788 79702 2.7 63 23 2 15 54% 10631 125716 8778 13%
c - 1432.52 107 101 96 749 60729 3 13653137 83739 2.8 63 23 2 15 54% 10631 125716 8778 13%
c - 1434.89 108 99 96 750 60920 3 13680505 87782 2.8 62 23 2 15 53% 10632 125716 8778 13%
c - 1437.27 108 96 96 751 61167 3 13707896 89597 2.8 62 22 2 15 51% 10636 125716 8778 13%
c - 1440.04 109 97 96 752 61403 3 13735301 90139 2.8 63 23 2 15 51% 10637 125716 8778 13%
c - 1442.57 108 97 96 753 61618 3 13762723 90148 2.8 62 23 2 15 52% 10638 125716 8778 13%
c - 1445.68 105 96 96 754 61911 3 13790163 89695 2.7 64 23 2 15 52% 10639 125716 8778 13%
c - 1448.34 108 95 96 755 62124 3 13817622 90118 2.7 64 23 2 15 52% 10639 125716 8778 13%
c - 1451.39 107 95 96 756 62398 3 13845099 91066 2.8 65 24 2 15 52% 10640 125716 8778 13%
c - 1454.20 107 95 96 757 62653 3 13872595 91559 2.7 66 24 2 15 53% 10640 125716 8778 13%
c - 1457.00 108 95 96 758 62885 3 13900109 92636 2.7 66 24 2 15 53% 10640 125716 8778 13%
c o 1457.65 108 95 96 758 62948 3 13906705 99123 2.7 66 24 2 15 53% 10640 125716 8778 13%
c } 1459.49 108 95 97 758 63102 3 13924822 116958 2.7 66 24 2 15 53% 10640 125716 8778 13%
c [ 1459.49 108 59 97 758 63102 1 13924822 116958 2.5 105 41 3 26 53% 10640 125716 8778 13%
c B 1459.49 108 59 97 758 63102 1 13924822 116958 2.5 105 41 3 26 53% 10640 125716 8778 13%
c
c  seconds     switched      rate            size/glue   tier1     binary          remaining
c           MB   reductions     conflicts          size    tier2       irredundant
c            level     restarts         redundant      glue    trail          variables
c
c - 1459.87 108 58 97 759 63104 1 13927640 92546 2.5 104 41 3 26 53% 10640 125716 8778 13%
c - 1463.18 106 55 97 760 63116 1 13955192 81842 2.5 98 39 3 26 55% 10640 125716 8778 13%
c - 1466.79 108 52 97 761 63131 1 13982761 67137 2.5 93 38 3 26 56% 10640 125716 8778 13%
c u 1470.40 104 51 97 761 63132 1 14005652 81713 2.4 91 38 3 26 56% 10649 125716 8778 13%
c v 1470.92 106 51 97 761 63132 1 14005652 73862 2.4 91 38 3 26 56% 10649 125716 8778 13%
c w 1473.01 116 51 97 761 63132 1 14005652 70064 2.4 91 38 3 26 56% 10649 125716 8778 13%
c t 1473.03 116 51 97 761 63132 1 14005652 70064 2.4 91 38 3 26 56% 10641 125716 8778 13%
c - 1473.66 102 51 97 762 63135 1 14010347 54733 2.4 90 38 3 26 56% 10641 125716 8778 13%
c - 1476.69 105 49 97 763 63147 1 14037952 59483 2.4 88 37 3 26 58% 10641 125716 8778 13%
c - 1479.94 104 49 97 764 63162 1 14065579 60395 2.5 91 37 3 26 59% 10641 125716 8778 13%
c - 1483.50 102 49 97 765 63164 1 14093221 58488 2.5 93 37 3 26 60% 10641 125716 8778 13%
c - 1486.88 104 48 97 766 63164 1 14120880 57836 2.6 95 37 3 26 61% 10641 125716 8778 13%
c - 1490.63 106 48 97 767 63179 1 14148560 58768 2.5 93 37 3 26 61% 10641 125716 8778 13%
c - 1494.35 104 47 97 768 63193 1 14176256 59761 2.5 92 36 3 26 61% 10641 125716 8778 13%
c - 1497.89 106 49 97 769 63196 1 14203968 61292 2.5 95 38 3 26 61% 10641 125716 8778 13%
c - 1501.20 106 51 97 770 63210 1 14231701 60372 2.5 96 39 3 26 62% 10641 125716 8778 13%
c - 1504.20 104 50 97 771 63224 1 14259450 62234 2.5 95 37 3 26 62% 10641 125716 8778 13%
c ] 1507.34 106 48 98 771 63227 1 14285801 85175 2.6 93 36 3 26 63% 10641 125716 8778 13%
c { 1507.34 106 95 98 771 63227 3 14285801 85175 2.7 66 24 2 15 53% 10641 125716 8778 13%
c - 1507.48 106 94 98 772 63230 3 14287216 62210 2.7 66 24 2 15 53% 10641 125716 8778 13%
c
c  seconds     switched      rate            size/glue  tier1     binary          remaining
c           MB   reductions     conflicts          size   tier2       irredundant
c            level     restarts         redundant     glue    trail          variables
c
c - 1510.33 103 78 98 773 63230 2 14315000 77892 3.1 72 23 2 15 55% 10641 125716 8778 13%
c - 1513.58 109 66 98 774 63232 2 14342802 91955 3.3 76 23 2 15 58% 10641 125716 8778 13%
c - 1516.53 110 56 98 775 63232 2 14370622 97181 3.4 75 22 2 15 58% 10641 125716 8778 13%
c u 1520.23 115 49 98 775 63235 2 14396801 119831 3.5 76 22 2 15 59% 10643 125716 8778 13%
c v 1521.49 119 49 98 775 63235 2 14396801 112571 3.5 76 22 2 15 59% 10643 125716 8778 13%
c w 1522.16 140 49 98 775 63235 2 14396801 111188 3.5 76 22 2 15 59% 10643 125716 8778 13%
c x 1522.88 156 49 98 775 63235 2 14396801 111147 3.5 76 22 2 15 59% 10655 125539 8777 13%
c t 1522.90 156 49 98 775 63235 2 14396801 111147 3.5 76 22 2 15 59% 10652 125530 8777 13%
c u 1523.41 167 49 98 775 63235 2 14396801 110980 3.5 76 22 2 15 59% 10657 125530 8777 13%
c v 1524.39 174 49 98 775 63235 2 14396801 106699 3.5 76 22 2 15 59% 10657 125530 8777 13%
c w 1527.09 197 49 98 775 63235 2 14396801 99199 3.5 76 22 2 15 59% 10657 125530 8777 13%
c t 1527.11 197 49 98 775 63235 2 14396801 99199 3.5 76 22 2 15 59% 10655 125530 8777 13%
c i 1527.11 197 49 98 775 63235 2 14396801 99199 3.5 76 22 2 15 59% 10655 125530 8777 13%
c - 1527.23 223 49 98 776 63235 2 14398460 80727 3.5 76 22 2 16 58% 10650 125530 8777 13%
c - 1529.17 227 45 98 777 63238 2 14426316 88924 3.6 73 20 2 16 57% 10652 125530 8777 13%
c o 1529.29 227 44 98 777 63239 2 14428165 90770 3.6 72 20 2 16 57% 10652 125530 8777 13%
c s 1530.04 227 45 98 777 63242 2 14440492 102984 3.7 72 20 2 16 55% 10659 125509 8777 13%
c e 1530.07 227 45 98 777 63242 2 14440492 102984 3.7 72 20 2 16 55% 10609 125701 8766 13%
c s 1530.07 227 45 98 777 63242 2 14440492 102984 3.7 72 20 2 16 55% 10609 125635 8766 13%
c - 1530.80 254 49 98 778 63245 1 14454191 94182 3.6 68 19 2 15 53% 10614 125634 8766 13%
c
c  seconds     switched      rate            size/glue  tier1     binary          remaining
c           MB   reductions     conflicts          size   tier2       irredundant
c            level     restarts         redundant     glue    trail          variables
c
c - 1532.72 269 44 98 779 63255 1 14482084 97073 3.9 69 18 2 15 53% 10615 125634 8766 13%
c - 1534.30 285 44 98 780 63276 1 14509994 98823 4.0 65 16 2 15 51% 10619 125634 8766 13%
c - 1535.71 300 43 98 781 63295 1 14537922 99995 4.1 62 15 2 15 49% 10627 125634 8766 13%
c - 1536.55 315 43 98 782 63309 1 14565868 100698 3.9 54 14 2 15 43% 10631 125633 8766 13%
c - 1537.81 308 41 98 783 63396 1 14593832 101906 3.9 51 13 2 15 41% 10633 125633 8766 13%
c i 1538.09 321 41 98 783 63424 1 14598356 106327 3.9 51 13 2 15 41% 10643 125632 8765 13%
c - 1539.37 327 40 98 784 63485 1 14621814 103565 4.0 51 13 2 15 41% 10643 125632 8765 13%
c i 1539.47 339 40 98 784 63499 1 14623031 104765 4.0 51 13 2 15 41% 10647 125632 8764 12%
c i 1541.20 374 39 98 784 63664 1 14645417 127009 4.0 50 12 2 15 42% 10654 125632 8763 12%
c - 1541.57 390 39 98 785 63701 1 14649814 104017 4.0 50 12 2 15 42% 10639 125632 8763 12%
c - 1543.29 436 40 98 786 63878 2 14677831 105314 4.0 48 12 2 15 40% 10647 125632 8763 12%
c i 1544.13 434 40 98 786 63961 2 14694525 121613 3.9 46 12 2 15 39% 10664 125632 8762 12%
c - 1544.69 432 39 98 787 64007 2 14705867 105920 3.8 45 12 2 15 38% 10646 125632 8762 12%
c - 1546.16 435 38 98 788 64174 2 14733920 106491 3.7 42 11 2 15 36% 10653 125632 8762 12%
c i 1546.21 431 38 98 788 64184 2 14734629 107181 3.7 42 11 2 15 36% 10659 125631 8760 12%
c i 1546.35 433 38 98 788 64210 2 14736479 109010 3.7 42 11 2 15 36% 10660 125631 8759 12%
c } 1547.47 435 38 99 788 64310 2 14759635 131676 3.7 40 11 2 15 35% 10666 125630 8759 12%
c [ 1547.47 435 48 99 788 64310 1 14759635 131676 2.6 93 36 3 26 63% 10666 125630 8759 12%
c W 1547.53 376 48 99 788 64310 1 14759635 131676 2.6 93 36 3 26 63% 10651 125537 8759 12%
c - 1547.78 376 48 99 789 64312 1 14761991 106427 2.6 93 36 3 26 63% 10651 125537 8759 12%
c
c  seconds     switched      rate            size/glue  tier1     binary          remaining
c           MB   reductions     conflicts          size   tier2       irredundant
c            level     restarts         redundant     glue    trail          variables
c
c - 1551.29 379 47 99 790 64324 1 14790081 89580 2.6 93 36 3 26 63% 10651 125537 8759 12%
c u 1552.32 391 47 99 790 64326 1 14793811 86156 2.6 93 36 3 26 63% 10694 125527 8758 12%
c v 1553.04 394 47 99 790 64326 1 14793811 82472 2.6 93 36 3 26 63% 10694 125527 8758 12%
c w 1553.37 396 47 99 790 64326 1 14793811 82461 2.6 93 36 3 26 63% 10694 125527 8758 12%
c t 1553.38 396 47 99 790 64326 1 14793811 82449 2.6 93 36 3 26 63% 10670 125516 8758 12%
c f 1553.40 396 47 99 790 64326 1 14793811 82449 2.6 93 36 3 26 63% 10675 125456 8761 12%
c u 1553.89 407 47 99 790 64326 1 14793811 81340 2.6 93 36 3 26 63% 10698 125456 8760 12%
c v 1554.69 406 47 99 790 64326 1 14793811 70871 2.6 93 36 3 26 63% 10706 125456 8760 12%
c w 1555.05 410 47 99 790 64326 1 14793811 70821 2.6 93 36 3 26 63% 10706 125456 8760 12%
c t 1555.06 410 47 99 790 64326 1 14793811 70815 2.6 93 36 3 26 63% 10697 125443 8760 12%
c i 1555.07 410 47 99 790 64326 1 14793811 70815 2.6 93 36 3 26 63% 10697 125443 8760 12%
c - 1558.09 301 47 99 791 64339 1 14818187 58003 2.6 92 36 3 26 63% 10675 125443 8760 12%
c - 1561.23 298 50 99 792 64344 1 14846311 58232 2.6 94 36 3 26 63% 10675 125443 8760 12%
c - 1564.85 302 49 99 793 64355 1 14874454 58814 2.6 93 36 2 26 63% 10675 125443 8760 12%
c - 1568.28 141 50 99 794 64370 1 14902615 58928 2.5 93 36 2 26 62% 10675 125443 8760 12%
c - 1571.99 139 52 99 795 64372 1 14930793 58117 2.5 96 38 2 26 61% 10675 125443 8760 12%
c - 1575.85 142 56 99 796 64375 1 14958988 56889 2.5 100 40 2 26 61% 10675 125443 8760 12%
c - 1579.95 96 61 99 797 64387 1 14987202 56494 2.4 103 43 2 26 61% 10675 125443 8760 12%
c - 1583.83 95 65 99 798 64402 1 15015435 57068 2.3 107 46 2 26 61% 10675 125443 8760 12%
c ] 1585.58 96 66 100 798 64403 1 15029101 69553 2.3 107 47 2 26 61% 10675 125443 8760 12%
c
c  seconds    switched       rate            size/glue  tier1     binary          remaining
c          MB    reductions     conflicts          size   tier2       irredundant
c           level      restarts         redundant     glue    trail          variables
c
c { 1585.58 96 38 100 798 64403 2 15029101 69553 3.7 40 11 2 15 35% 10675 125443 8760 12%
c o 1585.63 91 38 100 798 64410 2 15029477 69884 3.6 40 11 2 15 35% 10675 125443 8760 12%
c - 1587.24 96 47 100 799 64673 2 15043684 62332 3.3 43 13 2 15 37% 10675 125443 8760 12%
c - 1590.16 97 63 100 800 65151 2 15071950 74934 2.9 47 16 2 15 39% 10676 125443 8760 12%
c - 1593.10 98 72 100 801 65574 3 15100234 82384 2.7 51 19 2 15 41% 10676 125443 8760 12%
c - 1596.21 96 78 100 802 65954 3 15128535 87292 2.6 54 21 2 15 44% 10678 125443 8760 12%
c - 1599.80 95 84 100 803 66339 3 15156854 90222 2.6 57 22 2 15 46% 10678 125443 8760 12%
c - 1603.07 97 88 100 804 66677 3 15185191 92014 2.5 59 23 2 15 46% 10678 125443 8760 12%
c u 1605.01 94 89 100 804 66796 3 15196711 100321 2.5 60 24 2 15 47% 10688 125443 8759 12%
c v 1606.76 95 89 100 804 66796 3 15196711 82877 2.5 60 24 2 15 47% 10690 125443 8759 12%
c w 1607.82 101 89 100 804 66796 3 15196711 82844 2.5 60 24 2 15 47% 10690 125443 8759 12%
c t 1607.83 101 89 100 804 66796 3 15196711 82843 2.5 60 24 2 15 47% 10685 125423 8759 12%
c u 1608.32 94 89 100 804 66796 3 15196711 82500 2.5 60 24 2 15 47% 10689 125423 8759 12%
c v 1609.40 96 89 100 804 66796 3 15196711 75723 2.5 60 24 2 15 47% 10689 125423 8759 12%
c w 1611.22 99 89 100 804 66796 3 15196711 75498 2.5 60 24 2 15 47% 10689 125423 8759 12%
c i 1611.24 99 89 100 804 66796 3 15196711 75498 2.5 60 24 2 15 47% 10689 125423 8759 12%
c - 1613.02 96 91 100 805 66981 3 15213547 73043 2.5 61 24 2 15 47% 10674 125423 8759 12%
c - 1615.84 97 94 100 806 67245 3 15241919 81503 2.6 62 24 2 15 48% 10675 125423 8759 12%
c - 1618.93 96 94 100 807 67539 3 15270310 86282 2.6 64 25 2 15 49% 10675 125423 8759 12%
c - 1622.11 94 94 100 808 67806 3 15298717 88303 2.6 65 25 2 15 50% 10675 125423 8759 12%
c
c  seconds    switched       rate            size/glue  tier1     binary          remaining
c          MB    reductions     conflicts          size   tier2       irredundant
c           level      restarts         redundant     glue    trail          variables
c
c - 1625.05 99 95 100 809 68022 3 15327143 90772 2.6 66 25 2 15 51% 10675 125423 8759 12%
c - 1627.94 99 93 100 810 68241 3 15355585 92742 2.6 66 25 2 15 51% 10675 125423 8759 12%
c - 1630.88 99 93 100 811 68478 3 15384045 93902 2.7 67 25 2 15 51% 10675 125423 8759 12%
c - 1633.91 99 93 100 812 68717 3 15412524 94933 2.7 68 25 2 15 52% 10676 125423 8759 12%
c - 1637.26 96 92 100 813 68952 3 15441021 95689 2.7 69 25 2 15 52% 10677 125423 8759 12%
c - 1640.43 99 92 100 814 69182 3 15469534 96682 2.8 69 25 2 15 53% 10677 125423 8759 12%
c - 1643.57 92 93 100 815 69425 3 15498064 97374 2.7 69 25 2 15 52% 10677 125423 8759 12%
c } 1645.74 97 94 101 815 69592 3 15520800 119816 2.7 69 25 2 15 52% 10677 125423 8759 12%
c [ 1645.74 97 66 101 815 69592 1 15520800 119816 2.3 107 47 2 26 61% 10677 125423 8759 12%
c I 1645.74 97 66 101 815 69592 1 15520800 119816 2.3 107 47 2 26 61% 10677 125423 8759 12%
c - 1646.41 98 71 101 816 69596 1 15526612 96580 2.2 107 48 2 26 61% 10677 125423 8759 12%
c s 1646.85 93 73 101 816 69598 1 15530924 100670 2.2 107 48 2 26 61% 10685 125342 8759 12%
c e 1646.87 88 73 101 816 69598 1 15530924 100670 2.2 107 48 2 26 61% 10620 125557 8744 12%
c s 1646.88 88 73 101 816 69598 1 15530924 100670 2.2 107 48 2 26 61% 10625 125478 8744 12%
c e 1646.89 88 73 101 816 69598 1 15530924 100670 2.2 107 48 2 26 61% 10621 125524 8741 12%
c - 1649.45 104 73 101 817 69608 1 15555177 85226 2.2 105 48 2 26 62% 10621 125524 8741 12%
c o 1651.36 105 69 101 817 69619 1 15572076 99978 2.3 104 46 2 26 62% 10621 125524 8741 12%
c - 1652.60 107 73 101 818 69621 1 15583760 69137 2.2 106 48 2 26 62% 10621 125524 8741 12%
c u 1655.65 110 79 101 818 69625 1 15605503 85643 2.1 110 53 2 26 62% 10632 125524 8741 12%
c v 1656.20 111 79 101 818 69625 1 15605503 76625 2.1 110 53 2 26 62% 10632 125524 8741 12%
c
c  seconds     switched       rate            size/glue   tier1     binary          remaining
c           MB    reductions     conflicts          size    tier2       irredundant
c            level      restarts         redundant      glue    trail          variables
c
c w 1658.61 131 79 101 818 69625 1 15605503 75106 2.1 110 53 2 26 62% 10632 125524 8741 12%
c t 1658.63 131 79 101 818 69625 1 15605503 75106 2.1 110 53 2 26 62% 10627 125524 8741 12%
c f 1658.64 131 79 101 818 69625 1 15605503 75106 2.1 110 53 2 26 62% 10627 125501 8742 12%
c u 1659.15 142 79 101 818 69625 1 15605503 74618 2.1 110 53 2 26 62% 10631 125501 8742 12%
c v 1659.45 143 79 101 818 69625 1 15605503 72421 2.1 110 53 2 26 62% 10631 125501 8742 12%
c w 1662.57 143 79 101 818 69625 1 15605503 72346 2.1 110 53 2 26 62% 10631 125501 8742 12%
c - 1663.29 151 78 101 819 69629 1 15612360 52832 2.1 110 52 2 26 62% 10631 125501 8742 12%
c - 1666.49 151 71 101 820 69642 1 15640978 54207 2.2 107 48 2 26 63% 10631 125501 8742 12%
c - 1670.14 154 64 101 821 69653 1 15669614 58887 2.4 105 44 2 26 63% 10631 125501 8742 12%
c - 1674.06 155 59 101 822 69654 1 15698269 63349 2.5 102 41 2 26 63% 10631 125501 8742 12%
c - 1678.11 154 54 101 823 69661 1 15726941 65747 2.6 99 39 2 26 62% 10631 125501 8742 12%
c - 1681.66 154 54 101 824 69674 1 15755628 66282 2.6 100 39 2 26 62% 10631 125501 8742 12%
c - 1684.97 155 57 101 825 69685 1 15784333 61627 2.4 99 41 2 26 62% 10631 125501 8742 12%
c - 1688.58 155 58 101 826 69694 1 15813055 56492 2.3 98 42 2 26 62% 10631 125501 8742 12%
c - 1692.17 165 57 101 827 69707 1 15841795 56658 2.3 95 42 2 26 62% 10631 125501 8742 12%
c - 1695.58 129 55 101 828 69716 1 15870554 59545 2.3 94 41 2 26 61% 10631 125501 8742 12%
c - 1699.21 132 53 101 829 69717 1 15899331 62192 2.4 93 39 2 26 62% 10631 125501 8742 12%
c B 1702.67 135 50 101 829 69718 1 15924459 83830 2.5 91 37 2 26 62% 10631 125501 8742 12%
c - 1703.03 137 54 101 830 69718 1 15928123 62926 2.4 93 39 2 26 62% 10631 125501 8742 12%
c - 1705.97 142 79 101 831 69718 1 15956933 63360 2.2 107 49 2 26 63% 10631 125501 8742 12%
c
c  seconds     switched       rate            size/glue   tier1     binary          remaining
c           MB    reductions     conflicts          size    tier2       irredundant
c            level      restarts         redundant      glue    trail          variables
c
c ] 1707.16 143 86 102 831 69718 1 15968518 74817 2.1 111 52 2 26 64% 10631 125501 8742 12%
c { 1707.16 143 94 102 831 69718 3 15968518 74817 2.7 69 25 2 15 52% 10631 125501 8742 12%
c - 1708.22 157 90 102 832 69727 3 15985762 65461 2.7 64 23 2 15 49% 10631 125501 8742 12%
c - 1710.36 162 80 102 833 69732 2 16014608 84068 2.7 56 21 2 15 43% 10631 125501 8742 12%
c u 1711.16 164 78 102 833 69732 2 16020215 87066 2.6 54 21 2 15 42% 10635 125501 8742 12%
c v 1713.37 183 78 102 833 69732 2 16020215 85736 2.6 54 21 2 15 42% 10635 125501 8742 12%
c w 1713.88 184 78 102 833 69732 2 16020215 85511 2.6 54 21 2 15 42% 10635 125501 8742 12%
c t 1713.89 184 78 102 833 69732 2 16020215 85511 2.6 54 21 2 15 42% 10633 125501 8742 12%
c - 1715.18 184 74 102 834 69744 2 16043470 92634 2.6 49 19 2 15 38% 10635 125501 8742 12%
c - 1716.92 152 73 102 835 69781 2 16072351 96711 2.6 45 17 2 15 36% 10638 125501 8742 12%
c - 1717.92 155 67 102 836 69797 2 16101249 100097 2.5 39 16 2 15 31% 10642 125501 8742 12%
c o 1718.82 159 65 102 836 69822 2 16122151 119656 2.5 36 15 2 15 28% 10642 125501 8742 12%
c - 1719.35 162 67 102 837 69867 2 16130162 101813 2.5 36 14 2 15 29% 10642 125501 8742 12%
c - 1721.02 171 72 102 838 69999 2 16159093 105313 2.4 34 14 2 15 29% 10644 125501 8742 12%
c i 1722.43 176 75 102 838 70134 2 16183064 128023 2.4 32 13 2 15 29% 10655 125501 8740 12%
c - 1722.79 178 76 102 839 70162 2 16188041 105307 2.4 33 13 2 15 30% 10642 125501 8740 12%
c - 1724.57 185 78 102 840 70324 3 16217006 106852 2.4 31 13 2 15 30% 10644 125501 8740 12%
c - 1726.36 192 77 102 841 70488 3 16245990 108837 2.4 30 13 2 15 29% 10647 125501 8740 12%
c i 1727.22 195 79 102 841 70601 3 16259719 121945 2.4 30 13 2 15 30% 10652 125501 8738 12%
c - 1728.23 164 81 102 842 70712 3 16274991 110231 2.4 29 12 2 15 30% 10642 125501 8738 12%
c
c  seconds     switched       rate             size/glue  tier1     binary          remaining
c           MB    reductions     conflicts           size   tier2       irredundant
c            level      restarts         redundant      glue    trail          variables
c
c i 1729.26 167 82 102 842 70798 3 16292284 126638 2.4 29 12 2 15 30% 10648 125501 8737 12%
c - 1730.06 171 82 102 843 70892 3 16304008 111964 2.4 29 12 2 15 30% 10639 125501 8737 12%
c - 1731.94 179 82 102 844 71144 3 16333045 113769 2.3 28 12 2 15 30% 10643 125501 8737 12%
c - 1733.72 190 80 102 845 71339 3 16362097 114682 2.3 28 12 2 15 29% 10646 125501 8737 12%
c - 1735.68 200 80 102 846 71580 3 16391165 115724 2.3 27 12 2 15 29% 10649 125501 8737 12%
c - 1737.63 208 80 102 847 71821 3 16420254 116973 2.3 27 12 2 15 30% 10654 125501 8737 12%
c u 1739.21 163 79 102 847 71937 3 16440846 130069 2.3 27 12 2 15 29% 10673 125448 8737 12%
c v 1739.83 167 79 102 847 71937 3 16440846 129224 2.3 27 12 2 15 29% 10673 125448 8737 12%
c w 1740.08 168 79 102 847 71937 3 16440846 129190 2.3 27 12 2 15 29% 10673 125448 8737 12%
c x 1740.52 168 79 102 847 71937 3 16440846 129179 2.3 27 12 2 15 29% 10717 125306 8737 12%
c t 1740.53 168 79 102 847 71937 3 16440846 129179 2.3 27 12 2 15 29% 10695 125306 8737 12%
c - 1741.18 171 80 102 848 72024 3 16449357 111164 2.3 27 12 2 15 29% 10696 125306 8737 12%
c } 1742.76 166 77 103 848 72203 3 16478371 138818 2.3 26 11 2 15 29% 10698 125306 8737 12%
c [ 1742.76 166 86 103 848 72203 1 16478371 138818 2.1 111 52 2 26 64% 10698 125306 8737 12%
c W 1742.97 167 86 103 848 72203 1 16478371 138818 2.1 111 52 2 26 64% 10698 125306 8737 12%
c - 1743.00 167 86 103 849 72203 1 16478478 113098 2.1 111 52 2 26 64% 10698 125306 8737 12%
c - 1746.21 170 87 103 850 72217 1 16507617 97184 2.0 109 53 2 26 63% 10698 125306 8737 12%
c - 1749.58 127 81 103 851 72232 1 16536772 75682 2.0 103 51 2 26 63% 10698 125306 8737 12%
c - 1752.91 124 71 103 852 72238 1 16565944 74541 2.1 97 46 2 26 64% 10698 125306 8737 12%
c - 1756.62 128 64 103 853 72250 1 16595134 75324 2.2 93 43 2 26 64% 10698 125306 8737 12%
c
c  seconds    switched       rate            size/glue  tier1     binary          remaining
c          MB    reductions     conflicts          size   tier2       irredundant
c           level      restarts         redundant     glue    trail          variables
c
c - 1759.80 98 60 103 854 72263 1 16624341 77327 2.2 91 41 2 26 63% 10698 125306 8737 12%
c - 1763.14 101 59 103 855 72265 1 16653565 75029 2.2 90 41 2 26 63% 10698 125306 8737 12%
c s 1764.88 96 59 103 855 72265 1 16668566 88491 2.2 90 41 2 26 62% 10698 125242 8737 12%
c e 1764.90 91 59 103 855 72265 1 16668566 88491 2.2 90 41 2 26 62% 10658 125420 8723 12%
c s 1764.91 91 59 103 855 72265 1 16668566 88491 2.2 90 41 2 26 62% 10658 125364 8723 12%
c e 1764.92 91 59 103 855 72265 1 16668566 88491 2.2 90 41 2 26 62% 10656 125377 8722 12%
c - 1766.58 104 60 103 856 72271 1 16682807 73721 2.2 89 41 2 26 62% 10656 125377 8722 12%
c - 1770.62 106 59 103 857 72283 1 16712067 72179 2.1 88 41 2 26 62% 10656 125377 8722 12%
c o 1772.28 108 58 103 857 72293 1 16726498 85119 2.2 89 41 2 26 62% 10656 125377 8722 12%
c - 1773.99 110 65 103 858 72296 1 16741341 72295 2.1 93 44 2 26 62% 10656 125377 8722 12%
c - 1777.61 112 69 103 859 72305 1 16770632 71549 2.0 97 48 2 26 62% 10656 125377 8722 12%
c ] 1780.53 114 63 104 859 72314 1 16794088 92372 2.2 97 44 2 26 63% 10656 125377 8722 12%
c { 1780.53 114 77 104 859 72314 3 16794088 92372 2.3 26 11 2 15 29% 10656 125377 8722 12%
c - 1781.26 122 78 104 860 72422 3 16799940 74822 2.3 29 12 2 15 30% 10656 125377 8722 12%
c - 1784.45 123 84 104 861 72926 3 16829265 87305 2.3 37 16 2 15 35% 10656 125377 8722 12%
c - 1787.93 122 87 104 862 73378 3 16858607 96022 2.3 44 19 2 15 39% 10659 125377 8722 12%
c u 1789.84 121 88 104 862 73505 3 16867415 93477 2.3 45 20 2 15 40% 10683 125377 8722 12%
c v 1791.33 120 88 104 862 73505 3 16867415 80971 2.3 45 20 2 15 40% 10690 125377 8722 12%
c w 1792.28 124 88 104 862 73505 3 16867415 80912 2.3 45 20 2 15 40% 10690 125377 8722 12%
c t 1792.30 124 88 104 862 73505 3 16867415 80912 2.3 45 20 2 15 40% 10678 125377 8722 12%
c
c  seconds     switched       rate            size/glue  tier1     binary          remaining
c           MB    reductions     conflicts          size   tier2       irredundant
c            level      restarts         redundant     glue    trail          variables
c
c f 1792.31 124 88 104 862 73505 3 16867415 80912 2.3 45 20 2 15 40% 10679 125359 8723 12%
c u 1792.92 135 88 104 862 73505 3 16867415 79450 2.3 45 20 2 15 40% 10687 125359 8723 12%
c v 1793.86 137 88 104 862 73505 3 16867415 74296 2.3 45 20 2 15 40% 10687 125359 8723 12%
c w 1795.77 139 88 104 862 73505 3 16867415 74017 2.3 45 20 2 15 40% 10687 125359 8723 12%
c = 1801.08 141 88 104 862 73505 3 16867415 74017 2.3 45 20 2 15 40% 10687 125347 8722 12%
c t 1801.09 141 88 104 862 73505 3 16867415 74014 2.3 45 20 2 15 40% 10682 125345 8722 12%
c - 1803.18 146 89 104 863 73757 3 16887967 76147 2.3 48 21 2 15 41% 10680 125345 8722 12%
c - 1806.30 159 90 104 864 74103 3 16917344 85331 2.4 52 22 2 15 44% 10680 125345 8722 12%
c - 1809.26 159 91 104 865 74379 3 16946737 91354 2.4 55 23 2 15 46% 10680 125345 8722 12%
c - 1812.59 156 93 104 866 74716 3 16976151 94399 2.4 58 24 2 15 47% 10681 125345 8722 12%
c - 1815.49 160 92 104 867 74952 3 17005578 96534 2.5 59 24 2 15 47% 10681 125345 8722 12%
c - 1818.50 159 89 104 868 75193 3 17035022 98808 2.5 60 24 2 15 48% 10681 125345 8722 12%
c - 1821.78 158 89 104 869 75446 3 17064485 99256 2.5 63 25 2 15 49% 10683 125345 8722 12%
c - 1824.94 119 86 104 870 75634 3 17093964 100434 2.6 64 24 2 15 50% 10683 125345 8722 12%
c - 1828.31 119 85 104 871 75890 3 17123461 101974 2.7 65 25 2 15 51% 10683 125345 8722 12%
c - 1831.58 120 85 104 872 76114 3 17152973 103025 2.7 66 25 2 15 52% 10683 125345 8722 12%
c - 1834.89 118 86 104 873 76374 3 17182504 103640 2.7 66 25 2 15 52% 10683 125345 8722 12%
c - 1837.68 120 87 104 874 76534 3 17212051 105863 2.8 67 24 2 15 52% 10685 125345 8722 12%
c - 1841.25 136 83 104 875 76795 3 17241615 105924 2.7 68 25 2 15 53% 10685 125345 8722 12%
c - 1844.72 136 83 104 876 77073 3 17271195 104133 2.7 67 25 2 15 52% 10689 125345 8722 12%
c
c  seconds     switched       rate             size/glue  tier1     binary          remaining
c           MB    reductions     conflicts           size   tier2       irredundant
c            level      restarts         redundant      glue    trail          variables
c
c o 1847.68 136 83 104 876 77288 3 17296808 129113 2.7 68 25 2 15 52% 10689 125345 8722 12%
c u 1848.89 133 83 104 876 77313 3 17299928 126880 2.7 68 25 2 15 52% 10701 125345 8722 12%
c v 1850.67 139 83 104 876 77313 3 17299928 120878 2.7 68 25 2 15 52% 10701 125345 8722 12%
c w 1851.40 145 83 104 876 77313 3 17299928 120855 2.7 68 25 2 15 52% 10701 125345 8722 12%
c t 1851.42 145 83 104 876 77313 3 17299928 120855 2.7 68 25 2 15 52% 10689 125345 8722 12%
c - 1851.53 132 83 104 877 77318 3 17300793 94755 2.7 68 25 2 15 52% 10689 125345 8722 12%
c } 1853.81 135 83 105 877 77488 3 17322383 115906 2.7 68 25 2 15 52% 10689 125345 8722 12%
c [ 1853.81 135 63 105 877 77488 1 17322383 115906 2.2 97 44 2 26 63% 10689 125345 8722 12%
c O 1853.81 135 63 105 877 77488 1 17322383 115906 2.2 97 44 2 26 63% 10689 125345 8722 12%
c - 1854.87 136 62 105 878 77493 1 17330408 94538 2.2 96 43 2 26 63% 10689 125345 8722 12%
c - 1858.67 134 60 105 879 77506 1 17360040 83671 2.3 97 42 2 26 62% 10689 125345 8722 12%
c - 1862.49 133 60 105 880 77518 1 17389687 67733 2.3 98 43 2 26 63% 10689 125345 8722 12%
c - 1866.46 132 60 105 881 77528 1 17419351 62657 2.3 99 43 2 26 62% 10689 125345 8722 12%
c - 1870.28 131 56 105 882 77540 1 17449032 62280 2.4 98 41 2 26 62% 10689 125345 8722 12%
c - 1874.31 129 54 105 883 77549 1 17478730 65006 2.4 96 39 2 26 62% 10689 125345 8722 12%
c - 1878.49 101 54 105 884 77550 1 17508447 64273 2.4 94 40 2 26 62% 10689 125345 8722 12%
c - 1882.38 101 52 105 885 77563 1 17538180 63739 2.4 93 39 2 26 61% 10689 125345 8722 12%
c - 1886.26 99 50 105 886 77575 1 17567932 63600 2.4 91 38 2 26 61% 10689 125345 8722 12%
c - 1890.15 102 48 105 887 77581 1 17597697 62590 2.5 92 37 2 26 61% 10689 125345 8722 12%
c - 1894.28 99 47 105 888 77596 1 17627480 63823 2.5 93 37 2 26 60% 10689 125345 8722 12%
c
c  seconds    switched       rate            size/glue  tier1     binary          remaining
c          MB    reductions     conflicts          size   tier2       irredundant
c           level      restarts         redundant     glue    trail          variables
c
c - 1898.66 97 47 105 889 77610 1 17657279 62286 2.5 93 37 2 26 60% 10689 125345 8722 12%
c - 1902.19 101 47 105 890 77613 1 17687097 64705 2.5 93 37 2 26 59% 10689 125345 8722 12%
c - 1905.67 99 48 105 891 77614 1 17716931 65736 2.5 91 36 2 26 59% 10689 125345 8722 12%
c u 1908.96 97 47 105 891 77614 1 17738409 82200 2.5 91 36 2 26 59% 10692 125345 8722 12%
c v 1909.43 100 47 105 891 77614 1 17738409 77632 2.5 91 36 2 26 59% 10692 125345 8722 12%
c w 1912.90 110 47 105 891 77614 1 17738409 74625 2.5 91 36 2 26 59% 10692 125345 8722 12%
c t 1912.92 110 47 105 891 77614 1 17738409 74625 2.5 91 36 2 26 59% 10691 125345 8722 12%
c - 1914.00 97 47 105 892 77614 1 17746780 59570 2.6 92 36 2 26 60% 10691 125345 8722 12%
c ] 1915.23 98 47 106 892 77614 1 17756517 67952 2.6 92 36 2 26 60% 10691 125345 8722 12%
c { 1915.23 98 83 106 892 77614 3 17756517 67952 2.7 68 25 2 15 52% 10691 125345 8722 12%
c - 1917.03 98 81 106 893 77707 3 17776647 69865 2.8 69 25 2 15 53% 10691 125345 8722 12%
c - 1919.46 102 82 106 894 77863 3 17806533 83799 2.8 68 24 2 15 53% 10693 125345 8722 12%
c - 1922.00 100 82 106 895 78013 2 17836434 90044 2.9 66 23 2 15 52% 10693 125345 8722 12%
c s 1923.58 102 83 106 895 78131 2 17854016 107402 2.9 66 23 2 15 52% 10695 125337 8722 12%
c e 1923.58 93 83 106 895 78131 2 17854016 107402 2.9 66 23 2 15 52% 10690 125359 8720 12%
c s 1923.58 93 83 106 895 78131 2 17854016 107402 2.9 66 23 2 15 52% 10690 125352 8720 12%
c - 1924.85 113 83 106 896 78201 2 17866351 93278 2.9 65 22 2 15 52% 10690 125352 8720 12%
c o 1925.90 117 84 106 896 78294 3 17877508 104301 2.9 65 22 2 15 52% 10691 125352 8720 12%
c - 1928.02 117 84 106 897 78467 3 17896285 94566 2.9 65 23 2 15 52% 10691 125352 8720 12%
c - 1931.33 119 83 106 898 78742 3 17926234 94929 2.9 67 23 2 15 52% 10691 125352 8720 12%
c
c  seconds     switched       rate            size/glue  tier1     binary          remaining
c           MB    reductions     conflicts          size   tier2       irredundant
c            level      restarts         redundant     glue    trail          variables
c
c - 1934.56 117 83 106 899 78973 3 17956200 96734 2.9 67 23 2 15 52% 10692 125352 8720 12%
c - 1937.90 117 84 106 900 79237 3 17986183 98678 2.9 67 23 2 15 52% 10692 125352 8720 12%
c - 1940.78 119 82 106 901 79416 3 18016183 100333 3.0 67 23 2 15 52% 10693 125352 8720 12%
c - 1944.10 117 83 106 902 79649 3 18046199 102102 3.0 67 22 2 15 52% 10697 125352 8720 12%
c - 1947.15 118 81 106 903 79862 3 18076232 103081 3.0 68 22 2 15 51% 10698 125352 8720 12%
c - 1950.64 118 80 106 904 80118 3 18106282 103122 3.0 68 23 2 15 52% 10699 125352 8720 12%
c - 1953.55 115 76 106 905 80270 2 18136351 104693 3.0 67 22 2 15 51% 10700 125352 8720 12%
c - 1955.41 118 70 106 906 80372 2 18166435 107713 3.0 63 21 2 15 47% 10700 125352 8720 12%
c u 1957.89 119 70 106 906 80532 2 18182861 117836 2.9 63 21 2 15 48% 10707 125352 8720 12%
c v 1959.66 123 70 106 906 80532 2 18182861 112315 2.9 63 21 2 15 48% 10707 125352 8720 12%
c w 1960.22 127 70 106 906 80532 2 18182861 111877 2.9 63 21 2 15 48% 10707 125352 8720 12%
c t 1960.24 127 70 106 906 80532 2 18182861 111877 2.9 63 21 2 15 48% 10700 125352 8720 12%
c - 1961.80 118 71 106 907 80659 2 18196534 96847 2.9 64 22 2 15 48% 10700 125352 8720 12%
c - 1964.77 118 74 106 908 80921 2 18226650 96905 3.0 65 22 2 15 49% 10701 125352 8720 12%
c - 1967.46 118 73 106 909 81105 2 18256784 99661 3.0 65 21 2 15 48% 10701 125352 8720 12%
c - 1970.54 119 74 106 910 81358 2 18286933 101389 3.0 66 22 2 15 49% 10701 125352 8720 12%
c } 1972.30 118 76 107 910 81518 3 18303543 117754 3.0 66 22 2 15 50% 10701 125352 8720 12%
c [ 1972.30 118 47 107 910 81518 1 18303543 117754 2.6 92 36 2 26 60% 10701 125352 8720 12%
c B 1972.30 118 47 107 910 81518 1 18303543 117754 2.6 92 36 2 26 60% 10701 125352 8720 12%
c - 1973.75 120 51 107 911 81526 1 18317100 96400 2.5 95 37 2 26 60% 10701 125352 8720 12%
c
c  seconds     switched       rate            size/glue  tier1     binary          remaining
c           MB    reductions     conflicts          size   tier2       irredundant
c            level      restarts         redundant     glue    trail          variables
c
c - 1977.76 116 50 107 912 81539 1 18347282 81389 2.5 94 37 2 26 60% 10701 125352 8720 12%
c - 1981.53 116 48 107 913 81548 1 18377481 69960 2.6 95 36 2 26 60% 10701 125352 8720 12%
c - 1985.44 114 48 107 914 81562 1 18407699 70002 2.7 95 35 2 26 60% 10701 125352 8720 12%
c - 1989.57 112 46 107 915 81576 1 18437931 70691 2.7 95 35 2 26 60% 10701 125352 8720 12%
c - 1993.68 117 51 107 916 81580 1 18468179 68401 2.6 97 38 2 26 60% 10701 125352 8720 12%
c - 1997.72 116 54 107 917 81580 1 18498446 64721 2.5 98 40 2 26 60% 10701 125352 8720 12%
c - 2001.59 114 59 107 918 81595 1 18528728 64335 2.3 99 42 2 26 61% 10701 125352 8720 12%
c - 2005.51 116 64 107 919 81610 1 18559026 63893 2.2 102 46 2 26 61% 10701 125352 8720 12%
c - 2009.44 115 65 107 920 81617 1 18589341 63179 2.2 104 47 2 26 61% 10701 125352 8720 12%
c - 2013.29 115 59 107 921 81630 1 18619674 68307 2.3 100 43 2 26 62% 10701 125352 8720 12%
c o 2014.28 115 58 107 921 81634 1 18627520 75272 2.3 99 42 2 26 62% 10701 125352 8720 12%
c u 2015.36 115 61 107 921 81638 1 18633308 77373 2.3 100 44 2 26 62% 10706 125352 8720 12%
c v 2015.76 116 61 107 921 81638 1 18633308 72321 2.3 100 44 2 26 62% 10706 125352 8720 12%
c w 2019.07 124 61 107 921 81638 1 18633308 70954 2.3 100 44 2 26 62% 10706 125352 8720 12%
c t 2019.08 124 61 107 921 81638 1 18633308 70954 2.3 100 44 2 26 62% 10705 125352 8720 12%
c - 2020.76 113 62 107 922 81642 1 18650022 66046 2.3 101 43 2 26 63% 10705 125352 8720 12%
c - 2024.38 116 63 107 923 81643 1 18680391 64466 2.3 103 44 2 26 64% 10705 125352 8720 12%
c - 2028.02 114 65 107 924 81644 1 18710772 60861 2.3 105 46 2 26 64% 10705 125352 8720 12%
c ] 2029.44 115 66 108 924 81644 1 18723221 72601 2.3 106 46 2 26 64% 10705 125352 8720 12%
c { 2029.44 115 76 108 924 81644 3 18723221 72601 3.0 66 22 2 15 50% 10705 125352 8720 12%
c
c  seconds     switched       rate            size/glue  tier1     binary          remaining
c           MB    reductions     conflicts          size   tier2       irredundant
c            level      restarts         redundant     glue    trail          variables
c
c - 2031.11 115 80 108 925 81847 3 18741169 67807 2.9 65 23 2 15 50% 10706 125352 8720 12%
c - 2033.91 116 86 108 926 82164 3 18771585 81282 2.8 66 24 2 15 51% 10706 125352 8720 12%
c - 2036.99 115 91 108 927 82443 3 18802015 89171 2.7 65 24 2 15 51% 10706 125352 8720 12%
c - 2039.94 119 93 108 928 82688 3 18832463 93913 2.7 65 24 2 15 51% 10706 125352 8720 12%
c - 2042.87 118 94 108 929 82949 3 18862927 96311 2.7 66 24 2 15 51% 10706 125352 8720 12%
c - 2045.78 118 94 108 930 83162 3 18893409 98335 2.7 66 24 2 15 51% 10707 125352 8720 12%
c - 2048.64 119 93 108 931 83395 3 18923905 100321 2.7 65 24 2 15 50% 10707 125352 8720 12%
c - 2051.53 118 92 108 932 83651 3 18954418 101509 2.6 64 24 2 15 49% 10708 125352 8720 12%
c - 2054.61 119 94 108 933 83890 3 18984946 102649 2.7 65 24 2 15 50% 10709 125352 8720 12%
c - 2057.61 119 96 108 934 84114 3 19015491 104958 2.7 65 24 2 15 51% 10710 125352 8720 12%
c - 2061.08 120 96 108 935 84385 3 19046052 105305 2.8 68 25 2 15 51% 10710 125352 8720 12%
c - 2064.40 116 94 108 936 84629 3 19076629 104472 2.7 68 25 2 15 51% 10710 125352 8720 12%
c s 2065.54 118 91 108 936 84696 3 19087874 115430 2.8 68 25 2 15 52% 10712 125343 8720 12%
c e 2065.55 108 91 108 936 84696 3 19087874 115430 2.8 68 25 2 15 52% 10710 125361 8719 12%
c s 2065.55 108 91 108 936 84696 3 19087874 115430 2.8 68 25 2 15 52% 10710 125350 8719 12%
c u 2066.47 115 91 108 936 84710 3 19089774 112060 2.8 68 25 2 15 52% 10713 125350 8719 12%
c v 2068.36 120 91 108 936 84710 3 19089774 99241 2.8 68 25 2 15 52% 10713 125350 8719 12%
c w 2069.02 124 91 108 936 84710 3 19089774 99189 2.8 68 25 2 15 52% 10713 125350 8719 12%
c - 2071.08 117 90 108 937 84853 3 19107224 90670 2.8 68 25 2 15 52% 10714 125350 8719 12%
c - 2074.31 116 92 108 938 85065 3 19137834 95711 2.8 69 24 2 15 53% 10714 125350 8719 12%
c
c  seconds     switched       rate            size/glue  tier1     binary          remaining
c           MB    reductions     conflicts          size   tier2       irredundant
c            level      restarts         redundant     glue    trail          variables
c
c - 2077.72 118 93 108 939 85325 3 19168460 98347 2.8 69 25 2 15 53% 10714 125350 8719 12%
c - 2080.91 118 93 108 940 85565 3 19199105 99252 2.7 68 25 2 15 52% 10714 125350 8719 12%
c o 2084.31 116 96 108 940 85813 3 19227831 127425 2.7 68 25 2 15 52% 10717 125350 8719 12%
c - 2084.54 119 96 108 941 85839 3 19229767 100511 2.7 68 25 2 15 52% 10717 125350 8719 12%
c - 2088.08 118 96 108 942 86121 3 19260442 100586 2.7 69 26 2 15 53% 10718 125350 8719 12%
c } 2091.56 116 96 109 942 86379 3 19289261 128611 2.7 69 26 2 15 52% 10718 125350 8719 12%
c [ 2091.56 116 66 109 942 86379 1 19289261 128611 2.3 106 46 2 26 64% 10718 125350 8719 12%
c W 2091.62 115 66 109 942 86379 1 19289261 128611 2.3 106 46 2 26 64% 10718 125350 8719 12%
c - 2091.91 117 66 109 943 86380 1 19291137 99667 2.3 106 46 2 26 64% 10718 125350 8719 12%
c - 2096.62 119 66 109 944 86393 1 19321845 89306 2.2 101 46 2 26 63% 10718 125350 8719 12%
c - 2100.50 121 71 109 945 86408 1 19352571 76306 2.2 100 45 2 26 60% 10718 125350 8719 12%
c - 2104.21 121 82 109 946 86416 1 19383311 73378 2.1 102 49 2 26 59% 10718 125350 8719 12%
c - 2107.77 121 82 109 947 86431 1 19414069 68736 2.0 101 50 2 26 59% 10718 125350 8719 12%
c - 2111.53 119 75 109 948 86440 1 19444844 67367 2.1 98 47 2 26 56% 10718 125350 8719 12%
c - 2115.49 118 68 109 949 86441 1 19475633 67035 2.1 96 45 2 26 54% 10718 125350 8719 12%
c - 2118.91 121 63 109 950 86454 1 19506440 69204 2.2 93 42 2 26 50% 10718 125350 8719 12%
c - 2123.01 120 65 109 951 86468 1 19537262 70162 2.1 96 45 2 26 49% 10718 125350 8719 12%
c u 2125.63 117 66 109 951 86472 1 19552234 78921 2.1 97 46 2 26 49% 10721 125350 8719 12%
c v 2126.04 119 66 109 951 86472 1 19552234 73438 2.1 97 46 2 26 49% 10721 125350 8719 12%
c w 2129.57 133 66 109 951 86472 1 19552234 71337 2.1 97 46 2 26 49% 10721 125350 8719 12%
c
c  seconds     switched       rate            size/glue  tier1     binary          remaining
c           MB    reductions     conflicts          size   tier2       irredundant
c            level      restarts         redundant     glue    trail          variables
c
c t 2129.58 133 66 109 951 86472 1 19552234 71337 2.1 97 46 2 26 49% 10720 125350 8719 12%
c - 2131.67 118 64 109 952 86472 1 19568100 58479 2.1 96 45 2 26 49% 10720 125350 8719 12%
c - 2135.40 121 63 109 953 86487 1 19598955 60408 2.1 94 45 2 26 48% 10720 125350 8719 12%
c - 2139.21 118 60 109 954 86502 1 19629825 60331 2.1 93 44 2 26 48% 10720 125350 8719 12%
c - 2142.84 121 58 109 955 86504 1 19660711 61646 2.1 93 43 2 26 48% 10720 125350 8719 12%
c - 2146.77 119 58 109 956 86505 1 19691614 62930 2.1 92 43 2 26 48% 10720 125350 8719 12%
c ] 2149.57 120 59 110 956 86505 1 19716041 85151 2.1 91 44 2 26 47% 10720 125350 8719 12%
c { 2149.57 120 96 110 956 86505 3 19716041 85151 2.7 69 26 2 15 52% 10720 125350 8719 12%
c - 2150.12 115 95 110 957 86553 3 19722534 65402 2.7 69 26 2 15 52% 10720 125350 8719 12%
c - 2152.79 118 97 110 958 86738 3 19753471 78161 2.7 69 25 2 15 52% 10721 125350 8719 12%
c - 2155.20 122 98 110 959 86887 3 19784422 91204 2.7 66 24 2 15 52% 10721 125350 8719 12%
c - 2157.92 121 98 110 960 87081 3 19815391 96641 2.8 66 24 2 15 51% 10723 125350 8719 12%
c o 2159.94 122 99 110 960 87245 3 19837997 118859 2.8 66 24 2 15 50% 10723 125350 8719 12%
c - 2160.91 121 99 110 961 87311 3 19846374 98659 2.8 66 24 2 15 50% 10723 125350 8719 12%
c - 2163.63 121 98 110 962 87483 3 19877377 101268 2.8 65 23 2 15 51% 10723 125350 8719 12%
c - 2166.81 121 99 110 963 87760 3 19908394 102881 2.8 65 23 2 15 52% 10723 125350 8719 12%
c - 2170.14 123 99 110 964 88042 3 19939426 102956 2.8 66 24 2 15 52% 10723 125350 8719 12%
c - 2173.46 120 99 110 965 88311 3 19970475 103922 2.8 67 24 2 15 52% 10723 125350 8719 12%
c - 2175.87 123 94 110 966 88502 3 20001542 104685 2.7 63 23 2 15 49% 10723 125350 8719 12%
c u 2178.55 119 95 110 966 88654 3 20020715 118970 2.7 64 23 2 15 49% 10728 125350 8719 12%
c
c  seconds     switched       rate             size/glue  tier1     binary          remaining
c           MB    reductions     conflicts           size   tier2       irredundant
c            level      restarts         redundant      glue    trail          variables
c
c v 2180.55 126 95 110 966 88654 3 20020715 108446 2.7 64 23 2 15 49% 10728 125350 8719 12%
c w 2181.23 129 95 110 966 88654 3 20020715 108421 2.7 64 23 2 15 49% 10728 125350 8719 12%
c t 2181.25 129 95 110 966 88654 3 20020715 108421 2.7 64 23 2 15 49% 10727 125350 8719 12%
c - 2182.20 123 93 110 967 88723 3 20032623 93600 2.7 62 23 2 15 47% 10727 125350 8719 12%
c - 2185.39 122 96 110 968 89018 3 20063719 97944 2.7 62 23 2 15 48% 10727 125350 8719 12%
c - 2188.53 122 96 110 969 89256 3 20094831 100814 2.7 63 23 2 15 49% 10727 125350 8719 12%
c - 2191.79 122 97 110 970 89504 3 20125961 103164 2.7 64 23 2 15 50% 10727 125350 8719 12%
c - 2194.89 123 99 110 971 89758 3 20157106 104896 2.7 63 23 2 15 50% 10728 125350 8719 12%
c - 2198.22 123 99 110 972 90048 3 20188268 105245 2.7 64 24 2 15 50% 10728 125350 8719 12%
c - 2201.52 123 99 110 973 90322 3 20219444 104883 2.7 65 24 2 15 50% 10729 125350 8719 12%
c - 2204.92 124 99 110 974 90587 3 20250636 105164 2.7 65 24 2 15 50% 10729 125350 8719 12%
c - 2208.23 123 100 110 975 90852 3 20281844 106362 2.7 66 24 2 15 51% 10730 125350 8719 12%
c } 2210.18 121 99 111 975 91002 3 20301381 125554 2.7 66 24 2 15 52% 10730 125350 8719 12%
c [ 2210.18 121 59 111 975 91002 1 20301381 125554 2.1 91 44 2 26 47% 10730 125350 8719 12%
c I 2210.18 121 59 111 975 91002 1 20301381 125554 2.1 91 44 2 26 47% 10730 125350 8719 12%
c - 2211.46 123 61 111 976 91008 1 20313068 103262 2.1 94 44 2 26 48% 10730 125350 8719 12%
c - 2215.13 121 59 111 977 91023 1 20344308 90246 2.2 94 42 2 26 53% 10730 125350 8719 12%
c s 2218.39 118 57 111 977 91032 1 20370694 113698 2.3 96 41 2 26 55% 10730 125349 8719 12%
c - 2219.03 120 57 111 978 91032 1 20375564 75382 2.4 96 41 2 26 56% 10730 125349 8719 12%
c - 2222.85 120 53 111 979 91046 1 20406837 73053 2.5 95 39 2 26 58% 10730 125349 8719 12%
c
c  seconds     switched       rate            size/glue  tier1     binary          remaining
c           MB    reductions     conflicts          size   tier2       irredundant
c            level      restarts         redundant     glue    trail          variables
c
c - 2227.06 118 51 111 980 91061 1 20438125 74502 2.5 95 37 2 26 59% 10730 125349 8719 12%
c - 2231.21 121 50 111 981 91064 1 20469430 75055 2.5 94 37 2 26 60% 10730 125349 8719 12%
c u 2235.63 118 49 111 981 91064 1 20495241 92671 2.6 93 37 2 26 60% 10735 125349 8719 12%
c v 2236.17 121 49 111 981 91064 1 20495241 88031 2.6 93 37 2 26 60% 10736 125349 8719 12%
c w 2238.01 135 49 111 981 91064 1 20495241 85415 2.6 93 37 2 26 60% 10736 125349 8719 12%
c x 2238.92 119 49 111 981 91064 1 20495241 85365 2.6 93 37 2 26 60% 10741 125251 8719 12%
c t 2238.93 119 49 111 981 91064 1 20495241 85365 2.6 93 37 2 26 60% 10735 125251 8719 12%
c o 2238.95 119 49 111 981 91064 1 20495241 85365 2.6 93 37 2 26 60% 10735 125251 8719 12%
c - 2239.53 120 53 111 982 91067 1 20500755 65079 2.5 97 39 2 26 60% 10735 125251 8719 12%
c - 2243.67 120 57 111 983 91081 1 20532093 65513 2.4 99 42 2 26 61% 10735 125251 8719 12%
c - 2247.55 119 63 111 984 91094 1 20563446 60788 2.2 101 46 2 26 61% 10735 125251 8719 12%
c - 2251.50 116 68 111 985 91105 1 20594816 59974 2.1 102 49 2 26 62% 10735 125251 8719 12%
c - 2255.11 120 70 111 986 91118 1 20626200 61976 2.1 104 49 2 26 63% 10735 125251 8719 12%
c - 2259.09 119 65 111 987 91126 1 20657600 66962 2.3 105 46 2 26 63% 10735 125251 8719 12%
c - 2263.17 121 61 111 988 91127 1 20689018 69632 2.5 107 43 2 26 63% 10735 125251 8719 12%
c - 2267.51 120 60 111 989 91128 1 20720451 70385 2.6 107 42 2 26 63% 10735 125251 8719 12%
c - 2271.60 117 61 111 990 91128 1 20751901 69663 2.6 109 42 2 26 63% 10735 125251 8719 12%
c ] 2273.82 120 60 112 990 91134 1 20768523 85183 2.6 108 42 2 26 63% 10735 125251 8719 12%
c { 2273.82 120 99 112 990 91134 3 20768523 85183 2.7 66 24 2 15 52% 10735 125251 8719 12%
c - 2275.19 121 100 112 991 91228 3 20783367 74723 2.7 65 24 2 15 51% 10735 125251 8719 12%
c
c  seconds     switched       rate            size/glue  tier1     binary          remaining
c           MB    reductions     conflicts          size   tier2       irredundant
c            level      restarts         redundant     glue    trail          variables
c
c - 2278.15 120 99 112 992 91488 3 20814847 88033 2.7 65 24 2 15 50% 10735 125251 8719 12%
c - 2281.27 121 98 112 993 91748 3 20846345 94196 2.7 65 24 2 15 50% 10736 125250 8719 12%
c - 2284.66 122 98 112 994 92031 3 20877856 98088 2.7 65 24 2 15 49% 10736 125250 8719 12%
c - 2287.65 121 96 112 995 92248 3 20909385 102009 2.7 66 24 2 15 49% 10737 125250 8719 12%
c - 2291.02 124 95 112 996 92510 3 20940929 104538 2.7 65 24 2 15 49% 10737 125250 8719 12%
c - 2294.24 124 92 112 997 92709 3 20972488 106238 2.7 64 24 2 15 48% 10737 125250 8719 12%
c u 2295.34 119 92 112 997 92748 3 20975805 105352 2.7 64 24 2 15 48% 10738 125250 8719 12%
c v 2297.17 123 92 112 997 92748 3 20975805 87571 2.7 64 24 2 15 48% 10738 125250 8719 12%
c w 2298.28 126 92 112 997 92748 3 20975805 87455 2.7 64 24 2 15 48% 10738 125250 8719 12%
c t 2298.29 126 92 112 997 92748 3 20975805 87455 2.7 64 24 2 15 48% 10737 125250 8719 12%
c - 2300.87 122 90 112 998 92945 3 21004063 91391 2.7 64 24 2 15 48% 10738 125250 8719 12%
c - 2304.19 117 88 112 999 93220 3 21035657 96920 2.7 65 24 2 15 48% 10738 125250 8719 12%
c - 2307.24 122 87 112 1000 93472 3 21067264 100501 2.7 64 24 2 15 47% 10738 125250 8719 12%
c - 2309.63 123 78 112 1001 93582 3 21098886 104709 2.8 64 23 2 15 46% 10738 125250 8719 12%
c o 2312.20 123 75 112 1001 93747 3 21125383 130049 2.8 64 23 2 15 47% 10738 125250 8719 12%
c - 2312.81 119 76 112 1002 93793 3 21130526 107607 2.8 64 23 2 15 47% 10738 125250 8719 12%
c - 2316.13 121 78 112 1003 94043 3 21162181 108105 2.8 64 23 2 15 47% 10738 125250 8719 12%
c - 2319.41 123 79 112 1004 94302 3 21193852 108064 2.8 64 23 2 15 47% 10738 125250 8719 12%
c - 2322.70 123 78 112 1005 94553 3 21225538 108366 2.7 64 23 2 15 47% 10738 125250 8719 12%
c - 2325.83 123 80 112 1006 94778 3 21257239 109434 2.8 64 23 2 15 46% 10738 125250 8719 12%
c
c  seconds     switched        rate             size/glue  tier1     binary          remaining
c           MB     reductions     conflicts           size   tier2       irredundant
c            level       restarts         redundant      glue    trail          variables
c
c - 2328.70 119 79 112 1007 94974 3 21288956 110995 2.7 62 23 2 15 44% 10739 125250 8719 12%
c - 2331.66 123 76 112 1008 95151 3 21320690 112059 2.8 62 23 2 15 45% 10739 125250 8719 12%
c - 2334.43 118 74 112 1009 95340 3 21352440 113474 2.7 60 22 2 15 44% 10739 125250 8719 12%
c } 2336.33 121 75 113 1009 95481 3 21373440 133781 2.7 59 22 2 15 44% 10740 125250 8719 12%
c [ 2336.33 121 60 113 1009 95481 1 21373440 133781 2.6 108 42 2 26 63% 10740 125250 8719 12%
c B 2336.33 121 60 113 1009 95481 1 21373440 133781 2.6 108 42 2 26 63% 10740 125250 8719 12%
c - 2337.45 123 61 113 1010 95487 1 21384206 110296 2.6 106 42 2 26 63% 10740 125250 8719 12%
c - 2341.33 121 60 113 1011 95502 1 21415988 93675 2.5 104 42 2 26 63% 10740 125250 8719 12%
c - 2345.50 119 63 113 1012 95511 1 21447784 74376 2.4 104 44 2 26 61% 10740 125250 8719 12%
c u 2347.92 117 63 113 1012 95517 1 21462438 82635 2.4 105 44 2 26 61% 10750 125250 8719 12%
c v 2348.33 119 63 113 1012 95517 1 21462438 74706 2.4 105 44 2 26 61% 10751 125250 8719 12%
c w 2350.83 129 63 113 1012 95517 1 21462438 73272 2.4 105 44 2 26 61% 10751 125250 8719 12%
c t 2350.84 129 63 113 1012 95517 1 21462438 73272 2.4 105 44 2 26 61% 10744 125250 8719 12%
c - 2352.84 118 63 113 1013 95525 1 21479595 62233 2.4 104 44 2 26 61% 10744 125250 8719 12%
c - 2356.73 117 62 113 1014 95540 1 21511422 64162 2.4 104 43 2 26 61% 10744 125250 8719 12%
c - 2360.64 121 67 113 1015 95543 1 21543266 64134 2.3 105 46 2 26 62% 10744 125250 8719 12%
c - 2364.93 119 68 113 1016 95547 1 21575125 62736 2.3 105 46 2 26 62% 10744 125250 8719 12%
c - 2369.43 118 66 113 1017 95561 1 21606999 63590 2.2 102 46 2 26 61% 10744 125250 8719 12%
c - 2373.43 118 60 113 1018 95574 1 21638891 68112 2.3 98 43 2 26 62% 10744 125250 8719 12%
c - 2378.20 121 56 113 1019 95587 1 21670798 68856 2.4 96 41 2 26 62% 10744 125250 8719 12%
c
c  seconds     switched        rate            size/glue  tier1     binary          remaining
c           MB     reductions     conflicts          size   tier2       irredundant
c            level       restarts         redundant     glue    trail          variables
c
c - 2382.41 120 57 113 1020 95601 1 21702721 70048 2.3 95 41 2 26 62% 10744 125250 8719 12%
c s 2382.46 120 57 113 1020 95601 1 21703026 70314 2.3 95 41 2 26 62% 10745 125233 8719 12%
c e 2382.49 112 57 113 1020 95601 1 21703026 70314 2.3 95 41 2 26 62% 10744 125247 8718 12%
c - 2386.48 126 55 113 1021 95606 1 21734658 68041 2.3 92 40 2 26 63% 10744 125247 8718 12%
c - 2390.58 124 55 113 1022 95606 1 21766611 65976 2.2 90 41 2 26 63% 10744 125247 8718 12%
c - 2394.72 127 54 113 1023 95607 1 21798580 66570 2.2 89 40 2 26 64% 10744 125247 8718 12%
c ] 2397.12 123 52 114 1023 95607 1 21817201 82166 2.2 88 39 2 26 64% 10744 125247 8718 12%
c { 2397.12 123 75 114 1023 95607 3 21817201 82166 2.7 59 22 2 15 44% 10744 125247 8718 12%
c - 2398.49 126 69 114 1024 95609 2 21830564 77303 2.8 61 22 2 15 45% 10744 125247 8718 12%
c - 2402.40 124 57 114 1025 95611 2 21862564 98106 3.1 66 21 2 15 49% 10744 125247 8718 12%
c o 2403.53 124 55 114 1025 95613 2 21870411 105421 3.2 67 21 2 15 50% 10744 125247 8718 12%
c - 2404.79 132 54 114 1026 95614 2 21894579 110063 3.4 66 19 2 15 47% 10745 125247 8718 12%
c - 2406.96 137 48 114 1027 95622 2 21926610 115566 4.0 71 18 2 15 48% 10746 125247 8718 12%
c i 2407.17 131 47 114 1027 95623 2 21929370 118258 4.0 71 18 2 15 48% 10750 125247 8717 12%
c u 2409.30 154 44 114 1027 95648 2 21955140 141269 4.2 69 17 2 15 48% 10762 125238 8717 12%
c v 2412.34 167 44 114 1027 95648 2 21955140 139029 4.2 69 17 2 15 48% 10762 125238 8717 12%
c w 2413.27 193 44 114 1027 95648 2 21955140 138977 4.2 69 17 2 15 48% 10762 125238 8717 12%
c t 2413.30 193 44 114 1027 95648 2 21955140 138977 4.2 69 17 2 15 48% 10758 125238 8717 12%
c f 2413.30 194 44 114 1027 95648 2 21955140 138977 4.2 69 17 2 15 48% 10759 125218 8718 12%
c u 2413.99 194 44 114 1027 95648 2 21955140 138708 4.2 69 17 2 15 48% 10759 125218 8718 12%
c
c  seconds     switched        rate             size/glue  tier1     binary          remaining
c           MB     reductions     conflicts           size   tier2       irredundant
c            level       restarts         redundant      glue    trail          variables
c
c v 2416.87 193 44 114 1027 95648 2 21955140 128308 4.2 69 17 2 15 48% 10759 125218 8718 12%
c w 2417.71 193 44 114 1027 95648 2 21955140 128245 4.2 69 17 2 15 48% 10759 125218 8718 12%
c - 2418.01 194 43 114 1028 95651 2 21958657 105029 4.2 69 16 2 15 48% 10745 125218 8718 12%
c - 2419.77 192 42 114 1029 95677 1 21990719 108535 4.2 63 15 2 15 45% 10752 125218 8718 12%
c - 2421.45 193 41 114 1030 95730 1 22022797 113063 4.1 57 14 2 15 43% 10756 125218 8718 12%
c i 2421.85 192 41 114 1030 95758 1 22030059 120247 4.1 56 14 2 15 43% 10767 125218 8717 12%
c - 2423.23 207 42 114 1031 95834 1 22054890 115069 4.0 52 13 2 15 41% 10751 125218 8717 12%
c - 2423.96 189 34 114 1032 95834 1 22086999 115073 3.8 43 11 2 15 33% 10751 125218 8717 12%
c - 2425.12 188 28 114 1033 95835 1 22119123 113991 3.5 36 11 2 15 27% 10751 125218 8717 12%
c - 2426.77 191 29 114 1034 96003 1 22151265 121437 3.4 35 10 2 15 26% 10752 125218 8717 12%
c - 2427.84 145 36 114 1035 96078 1 22183421 125660 3.3 32 10 2 15 24% 10754 125218 8717 12%
c i 2428.02 143 36 114 1035 96105 1 22185955 128116 3.3 32 10 2 15 24% 10764 125218 8714 12%
c i 2428.61 143 36 114 1035 96203 1 22194727 136707 3.3 33 10 2 15 26% 10770 125218 8713 12%
c i 2428.67 144 36 114 1035 96212 1 22195682 137598 3.3 33 10 2 15 26% 10775 125218 8711 12%
c - 2430.33 144 37 114 1036 96472 2 22215593 122084 3.4 35 10 2 15 28% 10737 125218 8711 12%
c - 2432.26 148 39 114 1037 96707 2 22247779 121722 3.4 35 10 2 15 30% 10742 125218 8711 12%
c - 2435.35 151 39 114 1038 97133 2 22279981 124273 3.5 39 11 2 15 33% 10744 125218 8711 12%
c - 2438.03 116 38 114 1039 97447 2 22312200 126033 3.6 41 11 2 15 35% 10747 125218 8711 12%
c i 2439.53 117 39 114 1039 97597 2 22332499 146125 3.7 41 11 2 15 36% 10752 125218 8710 12%
c - 2440.73 118 39 114 1040 97722 2 22344433 127549 3.7 42 11 2 15 37% 10748 125218 8710 12%
c
c  seconds     switched        rate             size/glue  tier1     binary          remaining
c           MB     reductions     conflicts           size   tier2       irredundant
c            level       restarts         redundant      glue    trail          variables
c
c - 2442.76 114 40 114 1041 97912 2 22376684 128303 3.6 40 11 2 15 36% 10750 125218 8710 12%
c - 2444.94 120 38 114 1042 98139 2 22408948 129000 3.6 40 11 2 15 35% 10752 125218 8710 12%
c - 2447.46 117 40 114 1043 98446 2 22441228 130633 3.6 41 11 2 15 37% 10760 125218 8710 12%
c } 2447.49 117 40 115 1043 98446 2 22441978 131373 3.6 41 11 2 15 37% 10760 125218 8710 12%
c [ 2447.49 117 52 115 1043 98446 1 22441978 131373 2.2 88 39 2 26 64% 10760 125218 8710 12%
c W 2447.62 128 52 115 1043 98446 1 22441978 131373 2.2 88 39 2 26 64% 10760 125105 8710 12%
c u 2449.82 150 52 115 1043 98452 1 22453913 133015 2.3 89 39 2 26 64% 10773 125095 8710 12%
c v 2450.77 154 52 115 1043 98452 1 22453913 130649 2.3 89 39 2 26 64% 10773 125095 8710 12%
c w 2451.27 160 52 115 1043 98452 1 22453913 130649 2.3 89 39 2 26 64% 10773 125095 8710 12%
c t 2451.29 160 52 115 1043 98452 1 22453913 130649 2.3 89 39 2 26 64% 10753 125095 8710 12%
c - 2453.96 173 52 115 1044 98460 1 22473524 102755 2.3 90 39 2 26 63% 10753 125095 8710 12%
c - 2458.48 173 50 115 1045 98475 1 22505838 78837 2.4 92 38 2 26 62% 10753 125095 8710 12%
c - 2462.96 134 49 115 1046 98485 1 22538164 75225 2.5 93 37 2 26 62% 10753 125095 8710 12%
c - 2467.65 147 49 115 1047 98500 1 22570506 74688 2.5 93 37 2 26 61% 10753 125095 8710 12%
c - 2472.83 161 49 115 1048 98507 1 22602866 74266 2.5 93 37 2 25 60% 10753 125095 8710 12%
c - 2477.90 173 48 115 1049 98508 1 22635240 75583 2.5 93 37 2 25 59% 10753 125095 8710 12%
c - 2483.11 187 47 115 1050 98523 1 22667629 77458 2.5 93 37 2 25 59% 10753 125095 8710 12%
c - 2488.40 152 50 115 1051 98538 1 22700034 77015 2.5 95 38 2 25 59% 10753 125095 8710 12%
c o 2492.57 165 48 115 1051 98543 1 22724931 97963 2.5 95 37 2 25 60% 10753 125095 8710 12%
c ] 2493.24 176 51 116 1051 98546 1 22731226 103830 2.5 96 39 2 25 60% 10753 125095 8710 12%
c
c  seconds     switched        rate             size/glue  tier1     binary          remaining
c           MB     reductions     conflicts           size   tier2       irredundant
c            level       restarts         redundant      glue    trail          variables
c
c { 2493.24 176 40 116 1051 98546 2 22731226 103830 3.6 41 11 2 15 37% 10753 125095 8710 12%
c - 2493.37 179 41 116 1052 98568 2 22732453 76555 3.5 41 12 2 15 37% 10753 125095 8710 12%
c - 2497.69 236 59 116 1053 99154 2 22764889 87884 2.9 49 17 2 15 41% 10755 125095 8710 12%
c - 2502.06 377 72 116 1054 99671 3 22797340 94881 2.7 54 20 2 15 43% 10755 125095 8710 12%
c - 2505.91 416 80 116 1055 100107 3 22829807 100316 2.6 57 22 2 15 45% 10756 125095 8710 12%
c - 2509.83 415 86 116 1056 100505 3 22862291 103693 2.6 61 24 2 15 46% 10756 125095 8710 12%
c - 2513.94 432 89 116 1057 100868 3 22894787 106012 2.6 64 24 2 15 49% 10756 125095 8710 12%
c - 2517.98 332 90 116 1058 101199 3 22927298 107785 2.6 66 25 2 15 50% 10757 125095 8710 12%
c u 2522.57 332 90 116 1058 101487 3 22958768 131922 2.7 68 26 2 15 51% 10778 125095 8710 12%
c v 2525.22 335 90 116 1058 101487 3 22958768 110001 2.7 68 26 2 15 51% 10782 125095 8710 12%
c w 2526.35 343 90 116 1058 101487 3 22958768 109948 2.7 68 26 2 15 51% 10782 125095 8710 12%
c t 2526.37 203 90 116 1058 101487 3 22958768 109948 2.7 68 26 2 15 51% 10772 125095 8710 12%
c - 2526.53 192 91 116 1059 101497 3 22959825 86894 2.7 68 26 2 15 51% 10772 125095 8710 12%
c - 2530.25 194 92 116 1060 101819 3 22992368 92645 2.6 69 26 2 15 51% 10772 125095 8710 12%
c - 2534.18 192 92 116 1061 102125 3 23024925 97427 2.6 70 27 2 15 52% 10772 125095 8710 12%
c - 2538.00 102 92 116 1062 102392 3 23057498 100459 2.7 71 27 2 15 53% 10772 125095 8710 12%
c s 2540.67 102 94 116 1062 102594 3 23085400 127992 2.7 71 26 2 15 52% 10774 125054 8710 12%
c e 2540.69 95 94 116 1062 102594 3 23085400 127992 2.7 71 26 2 15 52% 10756 125132 8704 12%
c s 2540.69 95 94 116 1062 102594 3 23085400 127992 2.7 71 26 2 15 52% 10756 125089 8704 12%
c e 2540.70 95 94 116 1062 102594 3 23085400 127992 2.7 71 26 2 15 52% 10755 125104 8703 12%
c
c  seconds     switched         rate             size/glue  tier1     binary          remaining
c           MB     reductions      conflicts           size   tier2       irredundant
c            level        restarts         redundant      glue    trail          variables
c
c - 2541.34 114 94 116 1063 102632 3 23090086 103622 2.7 71 26 2 15 52% 10755 125104 8703 12%
c - 2545.31 176 94 116 1064 102913 3 23122690 104993 2.7 72 27 2 15 53% 10755 125104 8703 12%
c - 2548.98 212 94 116 1065 103154 3 23155309 105673 2.7 72 27 2 15 52% 10755 125104 8703 12%
c - 2552.93 280 93 116 1066 103433 3 23187948 106241 2.7 73 27 2 15 52% 10755 125104 8703 12%
c - 2556.75 335 92 116 1067 103685 3 23220597 106374 2.7 73 27 2 15 52% 10755 125104 8703 12%
c - 2560.75 261 90 116 1068 103943 3 23253262 106412 2.7 73 27 2 15 53% 10755 125104 8703 12%
c - 2564.72 261 90 116 1069 104251 3 23285942 106959 2.7 74 27 2 15 52% 10756 125104 8703 12%
c - 2568.36 147 92 116 1070 104498 3 23318642 108114 2.7 73 27 2 15 52% 10756 125104 8703 12%
c - 2572.31 145 92 116 1071 104759 3 23351353 109038 2.7 73 27 2 15 52% 10756 125104 8703 12%
c } 2575.34 143 92 117 1071 104992 3 23376140 133432 2.7 74 27 2 15 52% 10756 125104 8703 12%
c [ 2575.34 143 51 117 1071 104992 1 23376140 133432 2.5 96 39 2 25 60% 10756 125104 8703 12%
c O 2575.34 143 51 117 1071 104992 1 23376140 133432 2.5 96 39 2 25 60% 10756 125104 8703 12%
c - 2576.40 145 51 117 1072 104997 1 23384080 106829 2.5 95 38 2 25 60% 10756 125104 8703 12%
c o 2576.96 145 51 117 1072 104999 1 23388442 110784 2.5 95 38 2 25 60% 10756 125104 8703 12%
c - 2580.64 103 59 117 1073 105012 1 23416821 94653 2.4 99 41 2 25 60% 10757 125104 8703 12%
c - 2584.50 100 58 117 1074 105022 1 23449577 79633 2.5 99 40 2 25 61% 10757 125104 8703 12%
c u 2587.81 102 58 117 1074 105029 1 23469745 91992 2.5 101 40 2 25 62% 10773 125104 8703 12%
c v 2588.46 103 58 117 1074 105029 1 23469745 82896 2.5 101 40 2 25 62% 10773 125104 8703 12%
c w 2592.35 115 58 117 1074 105029 1 23469745 80898 2.5 101 40 2 25 62% 10773 125104 8703 12%
c t 2592.36 115 58 117 1074 105029 1 23469745 80898 2.5 101 40 2 25 62% 10763 125104 8703 12%
c
c  seconds     switched         rate            size/glue  tier1     binary          remaining
c           MB     reductions      conflicts          size   tier2       irredundant
c            level        restarts         redundant     glue    trail          variables
c
c - 2594.04 100 56 117 1075 105036 1 23482348 66252 2.5 99 39 2 25 62% 10763 125104 8703 12%
c - 2598.80 104 51 117 1076 105051 1 23515135 68803 2.6 96 37 2 25 63% 10763 125104 8703 12%
c - 2603.50 103 49 117 1077 105054 1 23547937 68954 2.6 95 36 2 25 63% 10763 125104 8703 12%
c - 2608.16 102 48 117 1078 105060 1 23580754 70742 2.6 95 36 2 25 63% 10763 125104 8703 12%
c - 2612.70 101 50 117 1079 105075 1 23613586 72465 2.6 95 37 2 25 63% 10763 125104 8703 12%
c - 2617.10 97 50 117 1080 105085 1 23646434 70970 2.5 94 37 2 25 63% 10763 125104 8703 12%
c - 2621.35 104 50 117 1081 105099 1 23679299 69629 2.5 95 38 2 25 63% 10763 125104 8703 12%
c - 2625.24 104 53 117 1082 105114 1 23712178 71464 2.5 96 38 2 25 60% 10763 125104 8703 12%
c - 2629.63 103 53 117 1083 105117 1 23745073 71006 2.6 99 38 2 25 57% 10763 125104 8703 12%
c - 2634.26 101 53 117 1084 105118 1 23777981 68812 2.6 101 38 2 25 55% 10763 125104 8703 12%
c - 2639.01 104 53 117 1085 105118 1 23810905 69145 2.7 103 38 2 25 53% 10763 125104 8703 12%
c - 2643.54 104 53 117 1086 105125 1 23843844 72352 2.8 106 38 2 25 52% 10763 125104 8703 12%
c B 2645.88 104 56 117 1086 105140 1 23876634 103805 2.8 104 38 2 25 48% 10763 125104 8703 12%
c - 2645.91 104 56 117 1087 105140 1 23876798 75950 2.8 104 38 2 25 48% 10763 125104 8703 12%
c - 2648.47 103 63 117 1088 105149 1 23909768 69336 2.5 105 42 2 25 46% 10763 125104 8703 12%
c - 2651.00 99 62 117 1089 105164 1 23942752 64259 2.4 103 43 2 25 44% 10764 125104 8703 12%
c - 2653.59 102 57 117 1090 105179 1 23975753 64670 2.5 101 41 2 25 42% 10764 125104 8703 12%
c u 2655.02 100 57 117 1090 105180 1 23986842 72701 2.5 101 40 2 25 42% 10768 125104 8703 12%
c v 2655.29 102 57 117 1090 105180 1 23986842 68773 2.5 101 40 2 25 42% 10768 125104 8703 12%
c w 2657.68 110 57 117 1090 105180 1 23986842 66325 2.5 101 40 2 25 42% 10768 125104 8703 12%
c
c  seconds     switched         rate            size/glue   tier1     binary          remaining
c           MB     reductions      conflicts          size    tier2       irredundant
c            level        restarts         redundant      glue    trail          variables
c
c t 2657.69 110 57 117 1090 105180 1 23986842 66325 2.5 101 40 2 25 42% 10767 125104 8703 12%
c - 2659.49 100 57 117 1091 105181 1 24008768 59295 2.5 102 41 2 25 41% 10767 125104 8703 12%
c ] 2659.72 100 57 118 1091 105181 1 24011696 61954 2.5 102 41 2 25 41% 10767 125104 8703 12%
c { 2659.72 100 92 118 1091 105181 3 24011696 61954 2.7 74 27 2 15 52% 10767 125104 8703 12%
c - 2662.06 104 85 118 1092 105198 2 24041798 75539 2.7 66 24 2 15 48% 10767 125104 8703 12%
c o 2663.19 103 80 118 1092 105205 2 24059003 92192 2.9 66 23 2 15 49% 10767 125104 8703 12%
c - 2664.28 105 78 118 1093 105215 2 24074843 97649 3.0 65 22 2 15 48% 10768 125104 8703 12%
c - 2666.78 105 74 118 1094 105244 2 24107906 107363 3.1 59 19 2 15 45% 10768 125104 8703 12%
c - 2668.77 118 70 118 1095 105252 2 24140981 111753 2.9 51 17 2 15 39% 10770 125104 8703 12%
c - 2670.37 124 65 118 1096 105285 2 24174072 114217 2.8 43 16 2 15 33% 10771 125104 8703 12%
c - 2672.46 144 64 118 1097 105370 2 24207177 116032 2.7 40 15 2 15 32% 10774 125104 8703 12%
c - 2674.43 179 67 118 1098 105502 2 24240299 119717 2.6 37 14 2 15 31% 10780 125104 8703 12%
c - 2676.29 192 68 118 1099 105659 2 24273436 120857 2.5 34 13 2 15 29% 10782 125104 8703 12%
c - 2678.31 204 73 118 1100 105860 3 24306587 122327 2.5 32 13 2 15 30% 10783 125104 8703 12%
c i 2679.20 207 74 118 1100 105952 3 24320020 135057 2.5 32 13 2 15 30% 10790 125104 8702 12%
c - 2680.52 208 75 118 1101 106084 3 24339757 123831 2.5 31 13 2 15 30% 10786 125104 8702 12%
c - 2682.76 209 77 118 1102 106322 3 24372939 125740 2.4 30 12 2 15 30% 10790 125104 8702 12%
c - 2684.98 190 77 118 1103 106531 3 24406135 128036 2.4 29 12 2 15 31% 10790 125104 8702 12%
c - 2687.31 192 78 118 1104 106791 3 24439347 129503 2.4 28 12 2 15 30% 10794 125104 8702 12%
c - 2689.78 193 80 118 1105 107054 3 24472575 130957 2.4 29 12 2 15 31% 10796 125104 8702 12%
c
c  seconds     switched         rate             size/glue  tier1     binary          remaining
c           MB     reductions      conflicts           size   tier2       irredundant
c            level        restarts         redundant      glue    trail          variables
c
c i 2691.89 192 79 118 1105 107289 3 24502128 159031 2.3 28 12 2 15 30% 10801 125104 8701 12%
c - 2692.19 193 79 118 1106 107321 3 24505818 132437 2.3 28 12 2 15 30% 10794 125104 8701 12%
c u 2693.47 186 79 118 1106 107364 3 24510058 124101 2.3 28 12 2 15 30% 10814 125078 8700 12%
c v 2694.60 191 79 118 1106 107364 3 24510058 121582 2.3 28 12 2 15 30% 10814 125078 8700 12%
c w 2695.04 192 79 118 1106 107364 3 24510058 121377 2.3 28 12 2 15 30% 10814 125078 8700 12%
c t 2699.62 143 79 118 1106 107364 3 24510058 121369 2.3 28 12 2 15 30% 10802 125065 8700 12%
c u 2700.48 139 79 118 1106 107364 3 24510058 117415 2.3 28 12 2 15 30% 10810 125065 8700 12%
c v 2701.75 139 79 118 1106 107364 3 24510058 113152 2.3 28 12 2 15 30% 10812 125065 8700 12%
c w 2702.19 140 79 118 1106 107364 3 24510058 112983 2.3 28 12 2 15 30% 10812 125065 8700 12%
c t 2702.21 140 79 118 1106 107364 3 24510058 112983 2.3 28 12 2 15 30% 10811 125065 8700 12%
c i 2702.22 140 79 118 1106 107364 3 24510058 112983 2.3 28 12 2 15 30% 10811 125065 8700 12%
c s 2702.72 142 79 118 1106 107421 3 24518332 120885 2.3 27 12 2 15 29% 10812 125042 8700 12%
c e 2702.73 131 79 118 1106 107421 3 24518332 120885 2.3 27 12 2 15 29% 10795 125077 8698 12%
c s 2702.73 131 79 118 1106 107421 3 24518332 120885 2.3 27 12 2 15 29% 10795 125064 8698 12%
c - 2704.29 150 80 118 1107 107603 3 24539074 113539 2.3 27 12 2 15 30% 10791 125064 8698 12%
c - 2706.58 115 82 118 1108 107881 3 24572345 118548 2.3 27 12 2 15 30% 10797 125064 8698 12%
c - 2709.00 116 82 118 1109 108162 3 24605631 121663 2.3 27 12 2 15 30% 10799 125064 8698 12%
c - 2711.38 112 80 118 1110 108417 3 24638934 124099 2.4 28 12 2 15 31% 10802 125064 8698 12%
c - 2713.68 117 80 118 1111 108699 3 24672251 126190 2.3 27 12 2 15 30% 10804 125064 8698 12%
c } 2714.01 114 80 119 1111 108747 3 24677024 130809 2.3 27 12 2 15 30% 10804 125064 8698 12%
c
c  seconds     switched         rate             size/glue   tier1     binary          remaining
c           MB     reductions      conflicts           size    tier2       irredundant
c            level        restarts         redundant       glue    trail          variables
c
c [ 2714.01 114 57 119 1111 108747 1 24677024 130809 2.5 102 41 2 25 41% 10804 125064 8698 12%
c W 2714.05 124 57 119 1111 108747 1 24677024 130809 2.5 102 41 2 25 41% 10804 125064 8698 12%
c - 2716.50 129 56 119 1112 108761 1 24705582 109741 2.5 102 41 2 25 41% 10804 125064 8698 12%
c - 2719.45 129 54 119 1113 108776 1 24738928 85422 2.5 99 40 2 25 41% 10804 125064 8698 12%
c - 2722.33 142 52 119 1114 108785 1 24772290 78584 2.5 97 39 2 25 41% 10804 125064 8698 12%
c - 2725.42 154 49 119 1115 108801 1 24805668 76938 2.6 97 38 2 25 41% 10804 125064 8698 12%
c - 2728.47 156 49 119 1116 108808 1 24839059 75271 2.6 96 38 2 25 41% 10804 125064 8698 12%
c - 2731.79 168 49 119 1117 108809 1 24872468 74610 2.5 96 38 2 25 41% 10804 125064 8698 12%
c - 2735.10 170 49 119 1118 108824 1 24905890 74361 2.5 95 38 2 25 41% 10804 125064 8698 12%
c o 2736.30 179 48 119 1118 108832 1 24918950 85367 2.5 95 38 2 25 41% 10804 125064 8698 12%
c - 2738.72 154 58 119 1119 108839 1 24939326 77693 2.3 98 42 2 25 44% 10804 125064 8698 12%
c - 2743.06 158 58 119 1120 108851 1 24972779 78933 2.3 99 42 2 25 49% 10804 125064 8698 12%
c - 2747.70 160 57 119 1121 108867 1 25006246 74836 2.3 99 42 2 25 53% 10804 125064 8698 12%
c u 2753.20 121 59 119 1121 108872 1 25039393 97779 2.3 101 44 2 25 55% 10812 125064 8698 12%
c v 2753.64 122 59 119 1121 108872 1 25039393 91995 2.3 101 44 2 25 55% 10819 125064 8698 12%
c w 2755.12 143 59 119 1121 108872 1 25039393 89071 2.3 101 44 2 25 55% 10819 125064 8698 12%
c x 2755.94 145 59 119 1121 108872 1 25039393 89025 2.3 101 44 2 25 55% 10840 124870 8698 12%
c t 2755.95 145 59 119 1121 108872 1 25039393 89025 2.3 101 44 2 25 55% 10834 124870 8698 12%
c - 2756.05 151 59 119 1122 108872 1 25039728 64650 2.3 101 44 2 25 55% 10834 124870 8698 12%
c - 2760.70 155 60 119 1123 108873 1 25073226 66815 2.2 100 44 2 25 57% 10834 124870 8698 12%
c
c  seconds     switched         rate            size/glue  tier1     binary          remaining
c           MB     reductions      conflicts          size   tier2       irredundant
c            level        restarts         redundant     glue    trail          variables
c
c - 2765.55 159 59 119 1124 108873 1 25106739 68358 2.2 99 44 2 25 58% 10834 124870 8698 12%
c ] 2768.90 160 58 120 1124 108873 1 25128506 87435 2.2 100 44 2 25 58% 10834 124870 8698 12%
c { 2768.90 160 80 120 1124 108873 3 25128506 87435 2.3 27 12 2 15 30% 10834 124870 8698 12%
c - 2770.46 177 83 120 1125 109086 3 25140267 73686 2.3 32 14 2 15 33% 10834 124870 8698 12%
c - 2774.83 204 89 120 1126 109636 4 25173809 87512 2.3 43 18 2 15 38% 10836 124870 8698 12%
c - 2779.32 190 93 120 1127 110137 4 25207364 95006 2.4 51 21 2 15 42% 10837 124870 8698 12%
c - 2783.64 220 96 120 1128 110591 4 25240934 100486 2.4 56 23 2 15 45% 10837 124870 8698 12%
c - 2787.85 186 97 120 1129 110973 3 25274522 103989 2.5 61 24 2 15 47% 10837 124870 8698 12%
c - 2792.08 226 96 120 1130 111304 3 25308123 106322 2.5 64 25 2 15 48% 10837 124870 8698 12%
c - 2795.58 249 93 120 1131 111544 3 25341738 109547 2.6 66 25 2 15 49% 10837 124870 8698 12%
c - 2799.97 196 93 120 1132 111918 3 25375369 110504 2.6 68 26 2 15 50% 10837 124870 8698 12%
c - 2803.85 197 90 120 1133 112163 3 25409014 110539 2.7 70 26 2 15 51% 10837 124870 8698 12%
c - 2807.99 126 89 120 1134 112458 3 25442674 111548 2.7 71 26 2 15 52% 10837 124870 8698 12%
c - 2811.77 127 88 120 1135 112690 3 25476348 113041 2.7 70 26 2 15 52% 10837 124870 8698 12%
c - 2815.96 126 85 120 1136 112954 3 25510037 113203 2.7 71 26 2 15 53% 10837 124870 8698 12%
c - 2820.31 127 85 120 1137 113248 3 25543741 112521 2.7 72 27 2 15 53% 10837 124870 8698 12%
c u 2825.00 127 81 120 1137 113422 3 25574884 135631 2.7 72 27 2 15 54% 10844 124870 8698 12%
c v 2827.75 131 81 120 1137 113422 3 25574884 115842 2.7 72 27 2 15 54% 10844 124870 8698 12%
c w 2828.76 137 81 120 1137 113422 3 25574884 115794 2.7 72 27 2 15 54% 10844 124870 8698 12%
c t 2828.78 137 81 120 1137 113422 3 25574884 115794 2.7 72 27 2 15 54% 10842 124870 8698 12%
c
c  seconds     switched         rate            size/glue  tier1     binary          remaining
c           MB     reductions      conflicts          size   tier2       irredundant
c            level        restarts         redundant     glue    trail          variables
c
c - 2829.10 125 81 120 1138 113435 3 25577462 91567 2.7 72 27 2 15 54% 10842 124870 8698 12%
c o 2833.11 123 81 120 1138 113737 3 25608955 122091 2.7 72 27 2 15 54% 10842 124870 8698 12%
c - 2833.50 126 82 120 1139 113765 3 25611198 95720 2.6 72 27 2 15 54% 10842 124870 8698 12%
c - 2837.32 122 79 120 1140 113954 3 25644948 99520 2.7 72 27 2 15 55% 10842 124870 8698 12%
c - 2841.27 124 78 120 1141 114186 2 25678711 102140 2.7 71 27 2 15 55% 10842 124870 8698 12%
c - 2844.78 125 74 120 1142 114350 2 25712490 103155 2.6 69 26 2 15 54% 10842 124870 8698 12%
c - 2848.89 125 72 120 1143 114573 2 25746283 103732 2.6 69 26 2 15 54% 10842 124870 8698 12%
c - 2852.96 125 69 120 1144 114753 2 25780092 104903 2.6 69 26 2 15 55% 10842 124870 8698 12%
c - 2857.18 127 73 120 1145 115002 2 25813916 106594 2.6 69 26 2 15 55% 10842 124870 8698 12%
c } 2857.23 120 73 121 1145 115003 2 25814526 107187 2.7 69 26 2 15 55% 10842 124870 8698 12%
c [ 2857.23 120 58 121 1145 115003 1 25814526 107187 2.2 100 44 2 25 58% 10842 124870 8698 12%
c I 2857.23 120 58 121 1145 115003 1 25814526 107187 2.2 100 44 2 25 58% 10842 124870 8698 12%
c - 2861.15 126 65 121 1146 115018 1 25847756 96162 2.2 100 46 2 25 58% 10842 124870 8698 12%
c - 2865.47 124 64 121 1147 115033 1 25881610 74706 2.2 99 46 2 25 58% 10842 124870 8698 12%
c - 2869.85 123 63 121 1148 115046 1 25915478 70360 2.2 98 46 2 25 58% 10842 124870 8698 12%
c - 2873.84 122 62 121 1149 115061 1 25949362 71271 2.2 98 45 2 25 59% 10842 124870 8698 12%
c - 2877.97 125 64 121 1150 115065 1 25983258 71659 2.1 97 46 2 25 60% 10842 124870 8698 12%
c s 2880.35 121 65 121 1150 115065 1 26002375 88639 2.1 97 47 2 25 59% 10842 124846 8698 12%
c e 2880.38 115 65 121 1150 115065 1 26002375 88639 2.1 97 47 2 25 59% 10797 125010 8687 12%
c s 2880.38 115 65 121 1150 115065 1 26002375 88639 2.1 97 47 2 25 59% 10797 124965 8687 12%
c
c  seconds     switched         rate            size/glue  tier1     binary          remaining
c           MB     reductions      conflicts          size   tier2       irredundant
c            level        restarts         redundant     glue    trail          variables
c
c e 2880.39 115 65 121 1150 115065 1 26002375 88639 2.1 97 47 2 25 59% 10794 124986 8685 12%
c - 2882.37 123 69 121 1151 115070 1 26017169 71693 2.0 98 49 2 25 59% 10794 124986 8685 12%
c - 2887.02 122 73 121 1152 115086 1 26051096 71185 1.9 99 51 2 25 58% 10794 124986 8685 12%
c - 2891.32 119 75 121 1153 115096 1 26085039 69730 1.9 100 52 2 25 57% 10794 124986 8685 12%
c u 2896.20 122 74 121 1153 115110 1 26116522 94276 1.9 99 51 2 25 57% 10800 124986 8685 12%
c v 2896.65 123 74 121 1153 115110 1 26116522 89533 1.9 99 51 2 25 57% 10801 124986 8685 12%
c w 2900.94 142 74 121 1153 115110 1 26116522 86071 1.9 99 51 2 25 57% 10801 124986 8685 12%
c t 2900.95 142 74 121 1153 115110 1 26116522 86071 1.9 99 51 2 25 57% 10799 124986 8685 12%
c f 2900.97 142 74 121 1153 115110 1 26116522 86071 1.9 99 51 2 25 57% 10801 124947 8687 12%
c u 2901.64 154 74 121 1153 115110 1 26116522 85685 1.9 99 51 2 25 57% 10802 124947 8687 12%
c v 2901.92 154 74 121 1153 115110 1 26116522 83481 1.9 99 51 2 25 57% 10802 124947 8687 12%
c w 2906.58 156 74 121 1153 115110 1 26116522 82509 1.9 99 51 2 25 57% 10802 124947 8687 12%
c - 2906.93 135 74 121 1154 115111 1 26118996 60347 1.9 98 51 2 25 57% 10802 124947 8687 12%
c - 2911.29 139 65 121 1155 115126 1 26152971 65534 2.0 92 46 2 25 58% 10802 124947 8687 12%
c - 2916.17 139 60 121 1156 115128 1 26186956 67298 2.1 89 43 2 25 58% 10802 124947 8687 12%
c - 2920.98 133 55 121 1157 115129 1 26220956 68708 2.2 87 41 2 25 59% 10802 124947 8687 12%
c - 2926.05 136 55 121 1158 115129 1 26254974 70330 2.2 88 40 2 25 59% 10802 124947 8687 12%
c - 2931.70 136 55 121 1159 115139 1 26289005 68142 2.1 88 41 2 25 59% 10802 124947 8687 12%
c - 2937.05 131 53 121 1160 115155 1 26323049 69276 2.1 85 40 2 25 59% 10802 124947 8687 12%
c B 2940.76 135 53 121 1160 115160 1 26348926 91716 2.2 85 40 2 25 59% 10802 124947 8687 12%
c
c  seconds     switched         rate            size/glue  tier1     binary          remaining
c           MB     reductions      conflicts          size   tier2       irredundant
c            level        restarts         redundant     glue    trail          variables
c
c o 2940.76 135 53 121 1160 115160 1 26348926 91716 2.2 85 40 2 25 59% 10802 124947 8687 12%
c - 2941.58 131 61 121 1161 115162 1 26357109 69136 2.0 91 44 2 25 59% 10802 124947 8687 12%
c - 2945.37 136 71 121 1162 115178 1 26391183 70397 2.0 95 48 2 25 59% 10802 124947 8687 12%
c ] 2948.92 134 70 122 1162 115191 1 26421491 98127 2.0 95 47 2 25 58% 10802 124947 8687 12%
c { 2948.92 134 73 122 1162 115191 2 26421491 98127 2.7 69 26 2 15 55% 10802 124947 8687 12%
c - 2949.41 134 73 122 1163 115237 2 26425271 65941 2.6 69 26 2 15 55% 10802 124947 8687 12%
c - 2952.28 136 76 122 1164 115442 2 26459374 79366 2.7 69 25 2 15 54% 10802 124947 8687 12%
c - 2955.82 105 81 122 1165 115724 3 26493492 93061 2.8 70 26 2 15 54% 10802 124947 8687 12%
c - 2959.75 105 85 122 1166 116016 3 26527624 96261 2.7 70 26 2 15 54% 10802 124947 8687 12%
c - 2963.25 106 83 122 1167 116227 3 26561770 100289 2.8 69 25 2 15 53% 10802 124947 8687 12%
c - 2967.02 104 86 122 1168 116511 3 26595932 102787 2.8 70 25 2 15 52% 10804 124947 8687 12%
c - 2971.20 104 90 122 1169 116860 3 26630108 103083 2.7 70 26 2 15 52% 10804 124947 8687 12%
c - 2975.44 107 89 122 1170 117101 3 26664299 105048 2.7 70 26 2 15 53% 10806 124947 8687 12%
c u 2976.17 104 89 122 1170 117102 3 26664330 101442 2.7 70 26 2 15 53% 10809 124947 8687 12%
c v 2978.16 107 89 122 1170 117102 3 26664330 83945 2.7 70 26 2 15 53% 10809 124947 8687 12%
c w 2980.07 108 89 122 1170 117102 3 26664330 83598 2.7 70 26 2 15 53% 10809 124947 8687 12%
c - 2983.70 106 90 122 1171 117355 3 26698504 91613 2.7 71 26 2 15 53% 10811 124947 8687 12%
c - 2987.79 104 93 122 1172 117661 3 26732724 97430 2.7 71 26 2 15 53% 10811 124947 8687 12%
c - 2992.04 103 95 122 1173 117982 3 26766958 100013 2.7 73 27 2 15 54% 10814 124947 8687 12%
c - 2996.30 106 93 122 1174 118251 3 26801207 102273 2.7 73 27 2 15 55% 10814 124947 8687 12%
c
c  seconds     switched         rate             size/glue  tier1     binary          remaining
c           MB     reductions      conflicts           size   tier2       irredundant
c            level        restarts         redundant      glue    trail          variables
c
c - 3000.46 107 88 122 1175 118481 3 26835472 103710 2.7 73 27 2 15 54% 10815 124947 8687 12%
c - 3004.87 102 89 122 1176 118774 3 26869750 104446 2.7 73 27 2 15 55% 10815 124947 8687 12%
c - 3009.38 105 80 122 1177 118936 2 26904043 104350 2.7 71 26 2 15 55% 10815 124947 8687 12%
c - 3013.38 107 80 122 1178 119156 2 26938350 105840 2.7 71 26 2 15 55% 10815 124947 8687 12%
c - 3017.75 104 82 122 1179 119425 3 26972673 107999 2.7 71 26 2 15 55% 10815 124947 8687 12%
c - 3022.15 105 83 122 1180 119676 3 27007009 108928 2.7 72 26 2 15 55% 10815 124947 8687 12%
c - 3026.41 99 82 122 1181 119941 3 27041360 109698 2.7 72 26 2 15 55% 10815 124947 8687 12%
c o 3028.81 106 82 122 1181 120096 3 27061225 129209 2.7 72 26 2 15 54% 10815 124947 8687 12%
c - 3030.87 104 81 122 1182 120201 3 27075726 110197 2.7 71 26 2 15 55% 10815 124947 8687 12%
c - 3035.64 108 81 122 1183 120476 3 27110107 111296 2.7 72 27 2 15 55% 10816 124947 8687 12%
c } 3037.88 105 83 123 1183 120622 3 27128471 129369 2.7 72 27 2 15 55% 10817 124947 8687 12%
c [ 3037.88 105 70 123 1183 120622 1 27128471 129369 2.0 95 47 2 25 58% 10817 124947 8687 12%
c W 3038.18 115 70 123 1183 120622 1 27128471 129369 2.0 95 47 2 25 58% 10817 124947 8687 12%
c - 3040.21 119 69 123 1184 120631 1 27144503 107397 2.0 95 47 2 25 59% 10817 124947 8687 12%
c - 3044.64 121 63 123 1185 120648 1 27178913 92921 2.1 93 44 2 25 59% 10817 124947 8687 12%
c - 3049.36 121 60 123 1186 120655 1 27213336 78778 2.2 91 43 2 25 60% 10817 124947 8687 12%
c u 3050.66 123 59 123 1186 120658 1 27218308 78227 2.2 92 42 2 25 60% 10820 124947 8687 12%
c v 3051.13 123 59 123 1186 120658 1 27218308 69326 2.2 92 42 2 25 60% 10820 124947 8687 12%
c w 3053.67 127 59 123 1186 120658 1 27218308 68287 2.2 92 42 2 25 60% 10820 124947 8687 12%
c t 3053.68 127 59 123 1186 120658 1 27218308 68287 2.2 92 42 2 25 60% 10818 124947 8687 12%
c
c  seconds     switched         rate            size/glue  tier1     binary          remaining
c           MB     reductions      conflicts          size   tier2       irredundant
c            level        restarts         redundant     glue    trail          variables
c
c - 3057.44 126 57 123 1187 120671 1 27247774 67514 2.2 91 41 2 25 60% 10818 124947 8687 12%
c - 3061.79 128 54 123 1188 120683 1 27282227 69420 2.3 93 40 2 25 60% 10818 124947 8687 12%
c - 3066.58 132 54 123 1189 120684 1 27316694 70872 2.4 94 40 2 25 61% 10818 124947 8687 12%
c - 3071.83 136 53 123 1190 120699 1 27351175 70988 2.3 94 40 2 25 61% 10818 124947 8687 12%
c - 3076.85 139 53 123 1191 120714 1 27385671 71400 2.3 91 40 2 25 60% 10818 124947 8687 12%
c - 3081.88 143 52 123 1192 120723 1 27420183 70242 2.2 87 40 2 25 60% 10818 124947 8687 12%
c - 3086.50 148 49 123 1193 120740 1 27454709 72598 2.2 84 38 2 25 61% 10818 124947 8687 12%
c - 3091.07 151 48 123 1194 120746 1 27489248 75245 2.3 84 37 2 25 61% 10818 124947 8687 12%
c - 3096.33 153 47 123 1195 120748 1 27523803 74042 2.3 84 37 2 25 61% 10818 124947 8687 12%
c s 3098.40 154 46 123 1195 120748 1 27538014 85791 2.3 84 36 2 25 61% 10818 124943 8687 12%
c e 3098.41 155 46 123 1195 120748 1 27538014 85791 2.3 84 36 2 25 61% 10816 124961 8686 12%
c - 3101.55 160 45 123 1196 120748 1 27558373 74065 2.4 85 36 2 25 61% 10816 124961 8686 12%
c - 3106.62 164 45 123 1197 120753 1 27592958 77042 2.5 88 35 2 25 61% 10816 124961 8686 12%
c - 3111.37 167 46 123 1198 120769 1 27627558 77587 2.6 94 36 2 25 60% 10816 124961 8686 12%
c - 3116.49 151 46 123 1199 120779 1 27662171 72935 2.8 100 36 2 25 59% 10816 124961 8686 12%
c O 3119.72 154 47 123 1199 120789 1 27685909 94370 2.8 102 36 2 25 58% 10816 124961 8686 12%
c - 3121.08 154 46 123 1200 120794 1 27696798 75165 2.9 102 35 2 25 58% 10816 124961 8686 12%
c ] 3124.19 158 48 124 1200 120807 1 27721462 97837 2.8 101 36 2 25 58% 10816 124961 8686 12%
c { 3124.19 158 83 124 1200 120807 3 27721462 97837 2.7 72 27 2 15 55% 10816 124961 8686 12%
c - 3125.08 172 81 124 1201 120835 3 27731442 80885 2.7 72 26 2 15 55% 10816 124961 8686 12%
c
c  seconds     switched         rate            size/glue  tier1     binary          remaining
c           MB     reductions      conflicts          size   tier2       irredundant
c            level        restarts         redundant     glue    trail          variables
c
c - 3128.10 185 80 124 1202 120932 2 27766100 91035 2.9 71 25 2 15 55% 10816 124961 8686 12%
c u 3129.86 193 80 124 1202 120993 2 27778483 101333 2.9 70 24 2 15 55% 10820 124961 8686 12%
c v 3131.57 198 80 124 1202 120993 2 27778483 90488 2.9 70 24 2 15 55% 10821 124961 8686 12%
c w 3134.60 206 80 124 1202 120993 2 27778483 90084 2.9 70 24 2 15 55% 10821 124961 8686 12%
c t 3134.61 206 80 124 1202 120993 2 27778483 90084 2.9 70 24 2 15 55% 10818 124961 8686 12%
c f 3134.62 206 80 124 1202 120993 2 27778483 90084 2.9 70 24 2 15 55% 10820 124942 8687 12%
c u 3135.24 218 80 124 1202 120993 2 27778483 89862 2.9 70 24 2 15 55% 10821 124942 8687 12%
c v 3136.38 220 80 124 1202 120993 2 27778483 84313 2.9 70 24 2 15 55% 10821 124942 8687 12%
c w 3140.08 223 80 124 1202 120993 2 27778483 82975 2.9 70 24 2 15 55% 10821 124942 8687 12%
c o 3140.39 175 80 124 1202 121013 2 27781285 85741 2.9 70 24 2 15 55% 10821 124942 8687 12%
c - 3142.25 193 80 124 1203 121135 2 27800769 85066 2.9 70 24 2 15 54% 10821 124942 8687 12%
c - 3145.55 210 79 124 1204 121341 2 27835454 95520 3.0 69 23 2 15 53% 10822 124942 8687 12%
c - 3149.27 236 78 124 1205 121571 2 27870152 101942 3.0 69 23 2 15 53% 10823 124942 8687 12%
c - 3152.37 194 75 124 1206 121731 2 27904865 107362 3.2 70 22 2 15 53% 10823 124942 8687 12%
c - 3156.22 243 76 124 1207 122004 2 27939593 110116 3.2 69 22 2 15 52% 10823 124942 8687 12%
c - 3159.84 291 75 124 1208 122233 2 27974334 110719 3.1 68 22 2 15 52% 10823 124942 8687 12%
c - 3163.30 261 73 124 1209 122481 2 28009092 113414 3.1 66 21 2 15 50% 10823 124942 8687 12%
c - 3166.90 274 74 124 1210 122748 2 28043862 115484 3.0 64 21 2 15 49% 10823 124942 8687 12%
c - 3170.97 193 75 124 1211 123045 2 28078647 116411 3.0 64 21 2 15 49% 10824 124942 8687 12%
c - 3174.49 193 74 124 1212 123274 2 28113446 117074 3.1 65 21 2 15 49% 10825 124942 8687 12%
c
c  seconds     switched         rate             size/glue  tier1     binary          remaining
c           MB     reductions      conflicts           size   tier2       irredundant
c            level        restarts         redundant      glue    trail          variables
c
c - 3178.53 194 74 124 1213 123576 2 28148261 117821 3.0 65 21 2 15 49% 10825 124942 8687 12%
c - 3182.93 108 75 124 1214 123905 3 28183089 117318 3.0 66 22 2 15 50% 10825 124942 8687 12%
c - 3187.33 104 73 124 1215 124185 2 28217931 117667 3.1 67 22 2 15 51% 10825 124942 8687 12%
c - 3191.89 107 75 124 1216 124484 3 28252788 119045 3.1 67 22 2 15 51% 10825 124942 8687 12%
c - 3196.29 107 74 124 1217 124766 3 28287662 120513 3.1 68 22 2 15 51% 10825 124942 8687 12%
c - 3200.89 108 76 124 1218 125090 3 28322547 121028 3.1 68 22 2 15 51% 10825 124942 8687 12%
c u 3204.43 103 76 124 1218 125262 3 28344851 135560 3.1 68 22 2 15 51% 10829 124942 8687 12%
c v 3206.95 102 76 124 1218 125262 3 28344851 125753 3.1 68 22 2 15 51% 10830 124942 8687 12%
c w 3207.80 113 76 124 1218 125262 3 28344851 125708 3.1 68 22 2 15 51% 10830 124942 8687 12%
c t 3207.82 113 76 124 1218 125262 3 28344851 125708 3.1 68 22 2 15 51% 10827 124942 8687 12%
c - 3209.54 105 76 124 1219 125384 3 28357446 106887 3.0 68 23 2 15 52% 10827 124942 8687 12%
c - 3213.80 108 76 124 1220 125671 3 28392362 110571 3.0 68 23 2 15 53% 10827 124942 8687 12%
c - 3218.14 108 77 124 1221 125975 3 28427290 113279 3.0 69 23 2 15 52% 10827 124942 8687 12%
c } 3220.62 107 79 125 1221 126165 3 28449677 135355 3.0 68 23 2 15 51% 10827 124942 8687 12%
c [ 3220.62 107 48 125 1221 126165 1 28449677 135355 2.8 101 36 2 25 58% 10827 124942 8687 12%
c B 3220.62 107 48 125 1221 126165 1 28449677 135355 2.8 101 36 2 25 58% 10827 124942 8687 12%
c - 3222.21 99 49 125 1222 126172 1 28462233 109733 2.8 101 37 2 25 59% 10827 124942 8687 12%
c - 3227.50 105 55 125 1223 126189 1 28497192 93169 2.5 102 41 2 25 59% 10827 124942 8687 12%
c - 3232.91 105 59 125 1224 126196 1 28532165 75837 2.4 102 43 2 25 59% 10827 124942 8687 12%
c - 3238.07 104 57 125 1225 126213 1 28567150 74741 2.4 101 42 2 25 59% 10827 124942 8687 12%
c
c  seconds     switched         rate            size/glue   tier1     binary          remaining
c           MB     reductions      conflicts          size    tier2       irredundant
c            level        restarts         redundant      glue    trail          variables
c
c - 3243.23 103 54 125 1226 126226 1 28602150 76371 2.5 100 40 2 25 59% 10827 124942 8687 12%
c - 3248.29 101 52 125 1227 126227 1 28637164 77656 2.5 99 39 2 25 59% 10827 124942 8687 12%
c - 3253.75 100 52 125 1228 126242 1 28672194 78224 2.5 97 39 2 25 59% 10827 124942 8687 12%
c - 3259.57 98 53 125 1229 126257 1 28707240 77018 2.4 96 40 2 25 59% 10827 124942 8687 12%
c - 3264.61 105 52 125 1230 126267 1 28742298 78517 2.4 95 39 2 25 59% 10827 124942 8687 12%
c - 3269.60 104 50 125 1231 126283 1 28777369 78922 2.4 94 38 2 25 60% 10827 124942 8687 12%
c - 3274.62 104 48 125 1232 126290 1 28812455 77736 2.5 91 37 2 25 61% 10827 124942 8687 12%
c - 3279.38 104 48 125 1233 126291 1 28847557 79202 2.5 92 37 2 25 62% 10827 124942 8687 12%
c - 3284.48 104 48 125 1234 126291 1 28882673 77924 2.5 92 37 2 25 63% 10827 124942 8687 12%
c u 3290.32 99 46 125 1234 126298 1 28917442 104210 2.6 92 36 2 25 63% 10828 124942 8687 12%
c v 3291.01 104 46 125 1234 126298 1 28917442 96390 2.6 92 36 2 25 63% 10828 124942 8687 12%
c w 3296.76 120 46 125 1234 126298 1 28917442 87757 2.6 92 36 2 25 63% 10828 124942 8687 12%
c t 3296.78 120 46 125 1234 126298 1 28917442 87757 2.6 92 36 2 25 63% 10827 124942 8687 12%
c o 3296.78 120 46 125 1234 126298 1 28917442 87757 2.6 92 36 2 25 63% 10827 124942 8687 12%
c - 3296.83 97 46 125 1235 126298 1 28917801 70435 2.6 92 36 2 25 63% 10827 124942 8687 12%
c - 3301.87 105 52 125 1236 126313 1 28952944 73709 2.6 101 39 2 25 63% 10827 124942 8687 12%
c - 3306.45 103 53 125 1237 126322 1 28988101 69716 2.7 105 39 2 25 62% 10827 124942 8687 12%
c ] 3307.54 103 53 126 1237 126327 1 28996693 77730 2.7 107 39 2 25 62% 10827 124942 8687 12%
c { 3307.54 103 79 126 1237 126327 3 28996693 77730 3.0 68 23 2 15 51% 10827 124942 8687 12%
c - 3310.48 102 83 126 1238 126636 3 29023273 78521 2.8 70 25 2 15 51% 10827 124942 8687 12%
c
c  seconds     switched         rate            size/glue  tier1     binary          remaining
c           MB     reductions      conflicts          size   tier2       irredundant
c            level        restarts         redundant     glue    trail          variables
c
c - 3314.14 102 87 126 1239 126956 3 29058458 92752 2.8 71 26 2 15 52% 10827 124942 8687 12%
c - 3317.76 104 88 126 1240 127250 3 29093659 100071 2.8 72 26 2 15 52% 10827 124942 8687 12%
c s 3321.56 107 89 126 1240 127532 3 29125792 131503 2.7 73 26 2 15 52% 10827 124939 8687 12%
c - 3321.99 105 89 126 1241 127556 3 29128874 103639 2.8 73 26 2 15 52% 10827 124939 8687 12%
c - 3325.88 107 87 126 1242 127812 3 29164101 106699 2.7 73 27 2 15 51% 10828 124939 8687 12%
c - 3329.56 105 79 126 1243 127945 2 29199343 109684 2.9 74 26 2 15 51% 10828 124939 8687 12%
c - 3334.17 107 80 126 1244 128249 3 29234599 110680 2.8 75 26 2 15 51% 10829 124939 8687 12%
c - 3338.63 104 79 126 1245 128490 2 29269870 111678 2.8 75 26 2 15 51% 10829 124939 8687 12%
c - 3342.53 101 73 126 1246 128618 2 29305155 112663 2.8 73 26 2 15 52% 10829 124939 8687 12%
c - 3346.82 105 75 126 1247 128906 2 29340454 112804 2.8 73 26 2 15 51% 10831 124939 8687 12%
c - 3350.64 104 72 126 1248 129078 2 29375766 113320 2.8 72 26 2 15 51% 10831 124939 8687 12%
c - 3355.12 103 71 126 1249 129326 2 29411094 114946 2.8 73 26 2 15 51% 10832 124939 8687 12%
c - 3358.84 108 72 126 1250 129550 2 29446436 117137 2.9 73 26 2 15 51% 10832 124939 8687 12%
c - 3363.08 104 71 126 1251 129777 2 29481793 117572 2.8 72 25 2 15 50% 10832 124939 8687 12%
c u 3365.60 101 73 126 1251 129883 2 29496225 126092 2.9 74 26 2 15 51% 10833 124939 8687 12%
c v 3368.21 109 73 126 1251 129883 2 29496225 108151 2.9 74 26 2 15 51% 10833 124939 8687 12%
c w 3369.39 114 73 126 1251 129883 2 29496225 108108 2.9 74 26 2 15 51% 10833 124939 8687 12%
c t 3369.41 114 73 126 1251 129883 2 29496225 108108 2.9 74 26 2 15 51% 10830 124939 8687 12%
c - 3372.26 98 73 126 1252 130068 2 29517162 97683 2.8 74 26 2 15 52% 10830 124939 8687 12%
c - 3376.34 102 75 126 1253 130323 2 29552546 100609 2.8 75 26 2 15 52% 10830 124939 8687 12%
c
c  seconds     switched         rate             size/glue  tier1     binary          remaining
c           MB     reductions      conflicts           size   tier2       irredundant
c            level        restarts         redundant      glue    trail          variables
c
c - 3380.68 106 74 126 1254 130519 2 29587943 104201 2.9 76 26 2 15 52% 10832 124939 8687 12%
c - 3384.87 107 73 126 1255 130722 2 29623354 107782 2.9 76 26 2 15 52% 10832 124939 8687 12%
c o 3388.52 107 69 126 1255 130865 2 29657496 140807 3.0 74 25 2 15 52% 10832 124939 8687 12%
c - 3388.70 104 69 126 1256 130874 2 29658779 111676 2.9 74 25 2 15 52% 10832 124939 8687 12%
c - 3393.35 108 69 126 1257 131134 2 29694219 112632 2.9 74 25 2 15 52% 10832 124939 8687 12%
c - 3397.59 101 64 126 1258 131288 2 29729674 113499 3.0 76 25 2 15 53% 10832 124939 8687 12%
c } 3399.67 106 64 127 1258 131391 2 29746415 129682 3.0 76 25 2 15 53% 10832 124939 8687 12%
c [ 3399.67 106 53 127 1258 131391 1 29746415 129682 2.7 107 39 2 25 62% 10832 124939 8687 12%
c W 3399.84 116 53 127 1258 131391 1 29746415 129682 2.7 107 39 2 25 62% 10832 124939 8687 12%
c - 3402.43 123 54 127 1259 131403 1 29765143 107954 2.7 108 40 2 25 62% 10832 124939 8687 12%
c - 3407.36 128 58 127 1260 131419 1 29800627 89972 2.6 110 43 2 25 61% 10832 124939 8687 12%
c - 3412.02 141 59 127 1261 131427 1 29836123 74132 2.5 111 44 2 25 61% 10832 124939 8687 12%
c - 3416.48 144 60 127 1262 131443 1 29871633 73268 2.5 111 44 2 25 61% 10832 124939 8687 12%
c - 3420.97 147 59 127 1263 131452 1 29907157 76349 2.5 108 43 2 25 62% 10832 124939 8687 12%
c - 3425.53 151 58 127 1264 131453 1 29942695 77068 2.5 106 42 2 25 62% 10832 124939 8687 12%
c - 3429.78 154 55 127 1265 131471 1 29978250 76656 2.6 103 40 2 25 62% 10832 124939 8687 12%
c - 3434.65 156 53 127 1266 131484 1 30013818 76036 2.6 101 39 2 25 62% 10832 124939 8687 12%
c - 3439.65 159 51 127 1267 131498 1 30049398 75357 2.5 98 38 2 25 62% 10832 124939 8687 12%
c u 3444.60 175 48 127 1267 131513 1 30081254 98791 2.5 93 37 2 25 61% 10833 124939 8687 12%
c v 3445.17 178 48 127 1267 131513 1 30081254 93849 2.5 93 37 2 25 61% 10833 124939 8687 12%
c
c  seconds     switched         rate            size/glue  tier1     binary          remaining
c           MB     reductions      conflicts          size   tier2       irredundant
c            level        restarts         redundant     glue    trail          variables
c
c w 3449.99 191 48 127 1267 131513 1 30081254 87962 2.5 93 37 2 25 61% 10833 124939 8687 12%
c t 3450.00 191 48 127 1267 131513 1 30081254 87962 2.5 93 37 2 25 61% 10831 124939 8687 12%
c - 3450.44 199 48 127 1268 131514 1 30084992 71413 2.5 93 36 2 25 61% 10831 124939 8687 12%
c - 3455.02 166 48 127 1269 131516 1 30120600 74293 2.6 93 36 2 25 61% 10831 124939 8687 12%
c - 3460.19 170 48 127 1270 131517 1 30156224 71637 2.6 93 36 2 25 60% 10831 124939 8687 12%
c - 3465.39 118 48 127 1271 131517 1 30191861 72556 2.5 93 37 2 25 60% 10831 124939 8687 12%
c - 3470.75 123 50 127 1272 131531 1 30227512 72532 2.4 93 39 2 25 60% 10831 124939 8687 12%
c - 3475.75 126 50 127 1273 131547 1 30263179 71435 2.4 92 38 2 25 61% 10831 124939 8687 12%
c - 3480.22 131 49 127 1274 131555 1 30298860 74178 2.5 93 38 2 25 61% 10831 124939 8687 12%
c - 3484.87 135 47 127 1275 131572 1 30334555 76067 2.6 93 36 2 25 62% 10831 124939 8687 12%
c I 3485.42 135 47 127 1275 131576 1 30339050 80031 2.6 93 36 2 25 62% 10831 124939 8687 12%
c - 3489.21 139 64 127 1276 131580 1 30370263 74517 2.2 99 44 2 25 60% 10831 124939 8687 12%
c ] 3490.32 139 66 128 1276 131580 1 30379986 83362 2.2 100 46 2 25 60% 10831 124939 8687 12%
c { 3490.32 139 64 128 1276 131580 2 30379986 83362 3.0 76 25 2 15 53% 10831 124939 8687 12%
c - 3492.71 152 74 128 1277 131760 2 30405985 80379 3.0 73 25 2 15 53% 10832 124939 8687 12%
c o 3492.94 153 74 128 1277 131773 2 30408949 83319 3.0 73 24 2 15 53% 10832 124939 8687 12%
c - 3495.80 164 83 128 1278 131981 3 30441721 96937 2.9 68 24 2 15 52% 10832 124939 8687 12%
c - 3499.36 181 89 128 1279 132229 3 30477471 106999 2.9 67 23 2 15 52% 10832 124939 8687 12%
c - 3502.60 198 89 128 1280 132424 3 30513235 112881 2.9 66 22 2 15 52% 10832 124939 8687 12%
c - 3506.20 240 94 128 1281 132725 3 30549013 115891 2.8 63 22 2 15 50% 10832 124939 8687 12%
c
c  seconds     switched         rate             size/glue  tier1     binary          remaining
c           MB     reductions      conflicts           size   tier2       irredundant
c            level        restarts         redundant      glue    trail          variables
c
c - 3509.86 249 96 128 1282 133032 3 30584805 116771 2.7 61 22 2 15 50% 10834 124939 8687 12%
c - 3513.51 322 96 128 1283 133305 3 30620611 119392 2.8 61 22 2 15 50% 10834 124939 8687 12%
c - 3517.11 370 96 128 1284 133563 3 30656430 122211 2.8 61 22 2 15 51% 10835 124938 8687 12%
c u 3519.67 391 94 128 1284 133691 3 30672503 132490 2.8 61 22 2 15 50% 10840 124938 8687 12%
c v 3521.55 338 94 128 1284 133691 3 30672503 127012 2.8 61 22 2 15 50% 10840 124938 8687 12%
c w 3522.24 341 94 128 1284 133691 3 30672503 126972 2.8 61 22 2 15 50% 10840 124938 8687 12%
c x 3523.40 341 94 128 1284 133691 3 30672503 126926 2.8 61 22 2 15 50% 10868 124801 8687 12%
c t 3523.42 341 94 128 1284 133691 3 30672503 126926 2.8 61 22 2 15 50% 10862 124801 8687 12%
c f 3523.43 341 94 128 1284 133691 3 30672503 126926 2.8 61 22 2 15 50% 10864 124782 8688 12%
c u 3524.23 341 94 128 1284 133691 3 30672503 126406 2.8 61 22 2 15 50% 10868 124782 8688 12%
c v 3527.09 359 94 128 1284 133691 3 30672503 105168 2.8 61 22 2 15 50% 10868 124782 8688 12%
c w 3528.37 360 94 128 1284 133691 3 30672503 104989 2.8 61 22 2 15 50% 10868 124782 8688 12%
c t 3528.38 360 94 128 1284 133691 3 30672503 104989 2.8 61 22 2 15 50% 10866 124782 8688 12%
c - 3530.68 240 95 128 1285 133902 3 30692262 97851 2.7 60 22 2 15 50% 10866 124782 8688 12%
c - 3534.25 244 95 128 1286 134198 3 30728111 105242 2.7 60 22 2 15 50% 10866 124782 8688 12%
c - 3537.94 241 93 128 1287 134469 3 30763971 112297 2.8 60 22 2 15 50% 10866 124782 8688 12%
c s 3538.21 235 93 128 1287 134494 3 30766184 114463 2.7 60 22 2 15 50% 10866 124764 8688 12%
c e 3538.24 237 93 128 1287 134494 3 30766184 114463 2.7 60 22 2 15 50% 10859 124825 8683 12%
c s 3538.24 237 93 128 1287 134494 3 30766184 114463 2.7 60 22 2 15 50% 10859 124796 8683 12%
c - 3542.09 141 94 128 1288 134792 3 30799845 114753 2.7 60 22 2 15 50% 10859 124796 8683 12%
c
c  seconds     switched         rate             size/glue  tier1     binary          remaining
c           MB     reductions      conflicts           size   tier2       irredundant
c            level        restarts         redundant      glue    trail          variables
c
c - 3546.19 183 95 128 1289 135125 3 30835734 116101 2.7 61 23 2 15 50% 10859 124796 8683 12%
c - 3549.97 231 93 128 1290 135384 3 30871636 118054 2.7 61 22 2 15 50% 10861 124796 8683 12%
c - 3553.30 259 93 128 1291 135588 3 30907555 121676 2.7 59 21 2 15 48% 10863 124796 8683 12%
c - 3557.36 259 91 128 1292 135883 3 30943485 123327 2.7 58 21 2 15 49% 10865 124796 8683 12%
c - 3561.04 160 90 128 1293 136157 3 30979432 123240 2.7 58 22 2 15 49% 10866 124796 8683 12%
c - 3565.15 163 88 128 1294 136463 3 31015392 123992 2.6 57 22 2 15 49% 10868 124796 8683 12%
c - 3568.85 163 87 128 1295 136757 3 31051366 125447 2.6 57 22 2 15 49% 10869 124796 8683 12%
c - 3572.57 106 86 128 1296 137015 3 31087352 127598 2.7 57 21 2 15 49% 10870 124796 8683 12%
c - 3576.66 104 87 128 1297 137348 3 31123352 127900 2.6 58 22 2 15 49% 10870 124796 8683 12%
c } 3579.65 105 86 129 1297 137590 3 31151480 155317 2.6 57 22 2 15 49% 10870 124796 8683 12%
c [ 3579.65 105 66 129 1297 137590 1 31151480 155317 2.2 100 46 2 25 60% 10870 124796 8683 12%
c B 3579.65 105 66 129 1297 137590 1 31151480 155317 2.2 100 46 2 25 60% 10870 124796 8683 12%
c - 3580.59 106 69 129 1298 137595 1 31159366 124454 2.2 100 47 2 25 60% 10870 124796 8683 12%
c - 3585.09 107 69 129 1299 137611 1 31195395 107687 2.2 102 47 2 25 60% 10870 124796 8683 12%
c - 3590.04 106 68 129 1300 137620 1 31231438 85223 2.2 104 47 2 25 61% 10870 124796 8683 12%
c - 3595.10 104 68 129 1301 137637 1 31267493 80177 2.2 105 48 2 25 60% 10870 124796 8683 12%
c u 3596.21 103 68 129 1301 137638 1 31269984 74616 2.2 105 48 2 25 60% 10874 124796 8683 12%
c v 3596.55 104 68 129 1301 137638 1 31269984 67995 2.2 105 48 2 25 60% 10874 124796 8683 12%
c w 3597.96 107 68 129 1301 137638 1 31269984 67194 2.2 105 48 2 25 60% 10874 124796 8683 12%
c t 3597.97 107 68 129 1301 137638 1 31269984 67194 2.2 105 48 2 25 60% 10869 124796 8683 12%
c
c  seconds     switched         rate            size/glue   tier1     binary          remaining
c           MB     reductions      conflicts          size    tier2       irredundant
c            level        restarts         redundant      glue    trail          variables
c
c o 3597.98 107 68 129 1301 137638 1 31269984 67194 2.2 105 48 2 25 60% 10869 124796 8683 12%
c - 3602.32 104 68 129 1302 137651 1 31303563 68242 2.3 111 48 2 25 60% 10869 124796 8683 12%
c - 3607.25 104 63 129 1303 137652 1 31339647 69989 2.6 117 45 2 25 59% 10869 124796 8683 12%
c - 3612.83 99 61 129 1304 137667 1 31375745 71562 2.6 117 44 2 25 59% 10869 124796 8683 12%
c - 3617.31 101 60 129 1305 137682 1 31411859 75483 2.6 111 43 2 25 59% 10869 124796 8683 12%
c - 3621.96 105 59 129 1306 137695 1 31447983 77383 2.6 107 42 2 25 61% 10869 124796 8683 12%
c - 3626.96 105 59 129 1307 137712 1 31484124 73972 2.4 105 43 2 25 61% 10869 124796 8683 12%
c - 3631.80 105 58 129 1308 137715 1 31520277 75582 2.5 103 42 2 25 62% 10869 124796 8683 12%
c - 3636.68 104 60 129 1309 137716 1 31556446 77061 2.4 103 43 2 25 63% 10869 124796 8683 12%
c - 3641.41 106 61 129 1310 137716 1 31592626 76176 2.4 105 43 2 25 63% 10869 124796 8683 12%
c - 3646.39 99 62 129 1311 137728 1 31628820 77430 2.4 103 44 2 25 63% 10869 124796 8683 12%
c - 3650.79 104 57 129 1312 137745 1 31665027 80417 2.5 101 41 2 25 63% 10869 124796 8683 12%
c - 3655.34 106 53 129 1313 137754 1 31701249 78253 2.5 99 39 2 25 63% 10869 124796 8683 12%
c - 3659.72 105 52 129 1314 137769 1 31737484 77733 2.6 98 38 2 25 63% 10869 124796 8683 12%
c ] 3660.48 100 53 130 1314 137774 1 31743717 83424 2.6 98 38 2 25 63% 10869 124796 8683 12%
c { 3660.48 100 86 130 1314 137774 3 31743717 83424 2.6 57 22 2 15 49% 10869 124796 8683 12%
c - 3663.63 104 71 130 1315 137778 2 31773733 93511 2.9 63 22 2 15 53% 10869 124796 8683 12%
c - 3667.93 101 57 130 1316 137784 2 31809995 114859 3.2 68 21 2 15 57% 10869 124796 8683 12%
c - 3671.60 114 47 130 1317 137790 2 31846273 127245 3.5 72 20 2 15 59% 10869 124796 8683 12%
c u 3675.25 117 43 130 1317 137803 2 31873737 151961 3.8 75 20 2 15 59% 10870 124796 8683 12%
c
c  seconds     switched         rate             size/glue  tier1     binary          remaining
c           MB     reductions      conflicts           size   tier2       irredundant
c            level        restarts         redundant      glue    trail          variables
c
c v 3677.75 122 43 130 1317 137803 2 31873737 139605 3.8 75 20 2 15 59% 10870 124796 8683 12%
c w 3680.81 165 43 130 1317 137803 2 31873737 129824 3.8 75 20 2 15 59% 10870 124796 8683 12%
c - 3681.17 178 45 130 1318 137803 2 31882564 111435 3.7 71 19 2 15 56% 10870 124796 8683 12%
c - 3682.55 182 43 130 1319 137804 1 31918868 119668 3.7 60 16 2 15 48% 10871 124796 8683 12%
c - 3684.44 204 38 130 1320 137829 1 31955186 127109 3.8 57 15 2 15 45% 10874 124796 8683 12%
c - 3686.35 214 35 130 1321 137891 1 31991519 131415 3.7 51 14 2 15 44% 10876 124796 8683 12%
c - 3688.49 238 35 130 1322 137989 1 32027864 131504 3.8 49 13 2 15 42% 10878 124796 8683 12%
c o 3689.27 246 38 130 1322 138017 1 32041545 145103 3.7 48 13 2 15 41% 10879 124796 8683 12%
c - 3690.55 260 38 130 1323 138106 1 32064225 132126 3.6 45 12 2 15 39% 10883 124796 8683 12%
c - 3692.00 274 37 130 1324 138189 1 32100598 133140 3.5 39 11 2 15 34% 10883 124796 8683 12%
c - 3694.33 306 36 130 1325 138449 1 32136984 133971 3.6 41 11 2 15 34% 10885 124796 8683 12%
c i 3696.66 317 37 130 1325 138729 2 32168353 165100 3.7 42 11 2 15 35% 10893 124796 8682 12%
c - 3696.90 317 36 130 1326 138741 2 32173384 135119 3.7 42 11 2 15 35% 10885 124796 8682 12%
c - 3698.27 327 39 130 1327 138812 1 32209798 136748 3.7 38 10 2 15 32% 10890 124796 8682 12%
c - 3701.31 391 39 130 1328 139186 2 32246226 136905 3.7 40 11 2 15 34% 10893 124796 8682 12%
c - 3703.67 368 37 130 1329 139435 2 32282667 136784 3.6 39 11 2 15 33% 10894 124796 8682 12%
c i 3706.32 415 36 130 1329 139774 2 32311098 165006 3.7 42 11 2 15 35% 10902 124796 8681 12%
c - 3706.92 424 36 130 1330 139829 2 32319122 138209 3.6 42 11 2 15 35% 10898 124796 8681 12%
c i 3709.19 457 37 130 1330 140059 2 32348765 167456 3.6 42 11 2 15 36% 10906 124796 8680 12%
c - 3709.88 470 37 130 1331 140126 2 32355595 139913 3.6 42 12 2 15 37% 10894 124796 8680 12%
c
c  seconds     switched         rate             size/glue  tier1     binary          remaining
c           MB     reductions      conflicts           size   tier2       irredundant
c            level        restarts         redundant      glue    trail          variables
c
c - 3712.10 504 35 130 1332 140308 2 32392079 142184 3.6 40 11 2 15 36% 10897 124796 8680 12%
c - 3714.95 418 37 130 1333 140634 2 32428575 143597 3.6 41 11 2 15 36% 10903 124796 8680 12%
c s 3716.89 441 36 130 1333 140806 2 32459667 174400 3.6 39 11 2 15 35% 10915 124727 8680 12%
c e 3716.90 441 36 130 1333 140806 2 32459667 174400 3.6 39 11 2 15 35% 10891 124852 8673 12%
c s 3716.90 441 36 130 1333 140806 2 32459667 174400 3.6 39 11 2 15 35% 10891 124793 8673 12%
c e 3716.91 441 36 130 1333 140806 2 32459667 174400 3.6 39 11 2 15 35% 10888 124810 8672 12%
c - 3717.15 455 39 130 1334 140815 2 32465085 142019 3.6 39 11 2 15 35% 10889 124810 8672 12%
c u 3719.79 471 39 130 1334 141025 2 32483759 150161 3.6 40 11 2 15 36% 10901 124809 8672 12%
c v 3720.98 478 39 130 1334 141025 2 32483759 148250 3.6 40 11 2 15 36% 10901 124809 8672 12%
c w 3721.51 479 39 130 1334 141025 2 32483759 148238 3.6 40 11 2 15 36% 10901 124809 8672 12%
c t 3725.91 325 39 130 1334 141025 2 32483759 148238 3.6 40 11 2 15 36% 10883 124809 8672 12%
c f 3725.92 325 39 130 1334 141025 2 32483759 148238 3.6 40 11 2 15 36% 10884 124789 8673 12%
c u 3726.83 332 39 130 1334 141025 2 32483759 145679 3.6 40 11 2 15 36% 10897 124789 8673 12%
c v 3728.16 333 39 130 1334 141025 2 32483759 142639 3.6 40 11 2 15 36% 10897 124789 8673 12%
c w 3728.69 333 39 130 1334 141025 2 32483759 142622 3.6 40 11 2 15 36% 10897 124789 8673 12%
c t 3728.71 333 39 130 1334 141025 2 32483759 142622 3.6 40 11 2 15 36% 10893 124789 8673 12%
c i 3729.55 349 39 130 1334 141109 2 32493800 152557 3.6 40 11 2 15 36% 10900 124789 8671 12%
c - 3730.03 347 38 130 1335 141135 2 32501608 128477 3.6 40 11 2 15 36% 10879 124789 8671 12%
c } 3732.24 347 35 131 1335 141361 2 32537251 163352 3.6 39 11 2 14 35% 10881 124789 8671 12%
c [ 3732.24 347 53 131 1335 141361 1 32537251 163352 2.6 98 38 2 25 63% 10881 124789 8671 12%
c
c  seconds     switched         rate             size/glue  tier1     binary          remaining
c           MB     reductions      conflicts           size   tier2       irredundant
c            level        restarts         redundant      glue    trail          variables
c
c W 3732.27 347 53 131 1335 141361 1 32537251 163352 2.6 98 38 2 25 63% 10881 124774 8671 12%
c - 3732.38 347 53 131 1336 141361 1 32538147 131041 2.6 98 38 2 25 63% 10881 124774 8671 12%
c - 3737.34 149 54 131 1337 141379 1 32574698 109734 2.5 97 39 2 25 62% 10881 124774 8671 12%
c - 3742.70 156 51 131 1338 141391 1 32611263 82565 2.6 98 38 2 25 62% 10881 124774 8671 12%
c - 3748.39 101 49 131 1339 141406 1 32647841 77189 2.6 97 37 2 25 62% 10881 124774 8671 12%
c - 3754.88 103 50 131 1340 141421 1 32684434 75384 2.5 97 39 2 25 62% 10881 124774 8671 12%
c - 3760.27 102 49 131 1341 141423 1 32721040 74689 2.5 98 39 2 25 62% 10881 124774 8671 12%
c - 3765.27 101 50 131 1342 141437 1 32757660 77109 2.5 97 39 2 25 63% 10881 124774 8671 12%
c - 3769.78 99 53 131 1343 141453 1 32794294 80575 2.4 96 40 2 25 63% 10881 124774 8671 12%
c - 3774.20 104 72 131 1344 141464 1 32830944 80129 2.1 100 47 2 25 61% 10881 124774 8671 12%
c - 3778.83 103 65 131 1345 141482 1 32867608 77008 2.2 97 44 2 25 61% 10881 124774 8671 12%
c - 3783.18 103 64 131 1346 141486 1 32904287 78170 2.3 99 44 2 25 62% 10881 124774 8671 12%
c - 3788.65 102 68 131 1347 141487 1 32940977 76249 2.2 103 47 2 25 61% 10881 124774 8671 12%
c ] 3790.63 102 70 132 1347 141487 1 32953907 88091 2.2 104 48 2 25 60% 10881 124774 8671 12%
c { 3790.63 102 35 132 1347 141487 2 32953907 88091 3.6 39 11 2 14 35% 10881 124774 8671 12%
c o 3790.69 103 35 132 1347 141494 2 32954292 88448 3.6 40 11 2 14 35% 10881 124774 8671 12%
c - 3793.34 104 51 132 1348 141919 2 32977678 83306 3.1 45 15 2 14 37% 10881 124774 8671 12%
c - 3797.80 102 66 132 1349 142526 3 33014393 99459 2.8 51 18 2 14 41% 10881 124774 8671 12%
c - 3802.27 104 75 132 1350 143025 3 33051123 109831 2.7 56 20 2 14 44% 10881 124774 8671 12%
c - 3806.85 99 79 132 1351 143456 3 33087865 117257 2.7 59 22 2 14 46% 10882 124774 8671 12%
c
c  seconds     switched         rate             size/glue  tier1     binary          remaining
c           MB     reductions      conflicts           size   tier2       irredundant
c            level        restarts         redundant      glue    trail          variables
c
c u 3809.10 101 80 132 1351 143570 3 33100053 123692 2.7 59 22 2 14 46% 10892 124770 8671 12%
c v 3811.53 100 80 132 1351 143570 3 33100053 104196 2.7 59 22 2 14 46% 10893 124770 8671 12%
c w 3813.77 109 80 132 1351 143570 3 33100053 103937 2.7 59 22 2 14 46% 10893 124770 8671 12%
c t 3813.79 109 80 132 1351 143570 3 33100053 103937 2.7 59 22 2 14 46% 10891 124770 8671 12%
c - 3816.48 106 82 132 1352 143795 3 33124621 103414 2.8 62 22 2 14 48% 10891 124770 8671 12%
c - 3820.77 106 83 132 1353 144162 3 33161390 111665 2.8 64 23 2 14 49% 10891 124770 8671 12%
c - 3825.06 98 83 132 1354 144464 3 33198174 116533 2.8 65 23 2 14 50% 10891 124770 8671 12%
c - 3829.06 106 81 132 1355 144720 3 33234970 120179 2.9 67 23 2 14 51% 10891 124770 8671 12%
c - 3833.45 107 78 132 1356 145006 3 33271780 122217 2.9 68 24 2 14 52% 10891 124770 8671 12%
c - 3837.58 106 76 132 1357 145257 3 33308604 124364 2.9 67 23 2 14 52% 10891 124770 8671 12%
c - 3841.73 101 75 132 1358 145486 3 33345442 126673 2.9 67 23 2 14 52% 10891 124770 8671 12%
c - 3846.21 100 74 132 1359 145770 3 33382293 127735 2.8 66 24 2 15 53% 10892 124770 8671 12%
c - 3850.57 101 75 132 1360 146047 3 33419158 128626 2.8 67 24 2 15 52% 10892 124770 8671 12%
c - 3854.77 106 74 132 1361 146296 3 33456036 130340 2.9 68 24 2 14 52% 10893 124770 8671 12%
c - 3859.14 106 74 132 1362 146563 3 33492927 131586 2.9 68 23 2 15 52% 10893 124770 8671 12%
c - 3863.52 108 74 132 1363 146865 3 33529832 131765 2.8 68 24 2 15 52% 10893 124770 8671 12%
c - 3867.70 108 73 132 1364 147090 2 33566750 132068 2.8 67 24 2 15 52% 10893 124770 8671 12%
c - 3872.23 107 72 132 1365 147342 2 33603682 132662 2.8 66 24 2 15 53% 10894 124770 8671 12%
c - 3876.65 107 71 132 1366 147604 2 33640627 131199 2.8 67 24 2 15 52% 10894 124770 8671 12%
c - 3880.54 106 72 132 1367 147862 2 33677588 131570 2.8 66 24 2 15 51% 10894 124770 8671 12%
c
c  seconds     switched         rate             size/glue  tier1     binary          remaining
c           MB     reductions      conflicts           size   tier2       irredundant
c            level        restarts         redundant      glue    trail          variables
c
c - 3884.92 105 73 132 1368 148156 2 33714560 132385 2.8 66 24 2 15 51% 10894 124770 8671 12%
c u 3886.85 102 73 132 1368 148216 2 33722615 131819 2.8 66 24 2 15 51% 10899 124770 8671 12%
c v 3889.61 108 73 132 1368 148216 2 33722615 119558 2.8 66 24 2 15 51% 10899 124770 8671 12%
c w 3890.53 112 73 132 1368 148216 2 33722615 119332 2.8 66 24 2 15 51% 10899 124770 8671 12%
c t 3890.55 112 73 132 1368 148216 2 33722615 119332 2.8 66 24 2 15 51% 10893 124770 8671 12%
c o 3892.58 106 70 132 1368 148330 2 33744845 140351 2.8 65 24 2 15 50% 10894 124770 8671 12%
c - 3893.45 102 70 132 1369 148372 2 33751547 114653 2.8 65 24 2 15 51% 10894 124770 8671 12%
c } 3895.27 101 70 133 1369 148472 2 33769748 132034 2.7 64 23 2 15 51% 10894 124770 8671 12%
c [ 3895.27 101 70 133 1369 148472 1 33769748 132034 2.2 104 48 2 25 60% 10894 124770 8671 12%
c O 3895.27 101 70 133 1369 148472 1 33769748 132034 2.2 104 48 2 25 60% 10894 124770 8671 12%
c - 3897.56 105 65 133 1370 148484 1 33788549 114115 2.3 105 46 2 25 60% 10894 124770 8671 12%
c - 3902.09 92 66 133 1371 148500 1 33825564 97045 2.3 105 46 2 25 60% 10894 124770 8671 12%
c - 3907.08 105 65 133 1372 148509 1 33862591 77353 2.3 107 46 2 25 60% 10894 124770 8671 12%
c - 3912.29 104 66 133 1373 148527 1 33899631 73395 2.3 107 46 2 25 60% 10894 124770 8671 12%
c - 3917.16 103 63 133 1374 148534 1 33936685 73875 2.3 104 45 2 25 60% 10894 124770 8671 12%
c - 3922.29 100 62 133 1375 148540 1 33973752 71045 2.3 103 45 2 25 60% 10894 124770 8671 12%
c - 3927.68 104 60 133 1376 148556 1 34010832 71392 2.3 102 44 2 25 60% 10894 124770 8671 12%
c - 3933.51 104 58 133 1377 148565 1 34047926 73176 2.3 101 44 2 25 60% 10894 124770 8671 12%
c - 3939.22 105 56 133 1378 148583 1 34085034 73533 2.4 100 43 2 25 60% 10894 124770 8671 12%
c - 3944.46 105 56 133 1379 148596 1 34122155 75709 2.3 99 42 2 25 60% 10894 124770 8671 12%
c
c  seconds     switched         rate            size/glue  tier1     binary          remaining
c           MB     reductions      conflicts          size   tier2       irredundant
c            level        restarts         redundant     glue    trail          variables
c
c - 3950.36 104 57 133 1380 148597 1 34159289 73321 2.3 99 43 2 25 60% 10894 124770 8671 12%
c - 3955.80 103 58 133 1381 148598 1 34196438 71705 2.3 99 44 2 25 60% 10894 124770 8671 12%
c s 3957.19 104 57 133 1381 148598 1 34206756 80882 2.3 99 43 2 25 60% 10894 124732 8671 12%
c e 3957.20 95 57 133 1381 148598 1 34206756 80882 2.3 99 43 2 25 60% 10890 124758 8669 12%
c s 3957.20 95 57 133 1381 148598 1 34206756 80882 2.3 99 43 2 25 60% 10890 124750 8669 12%
c - 3961.17 110 55 133 1382 148602 1 34233599 74633 2.3 97 42 2 25 60% 10890 124750 8669 12%
c - 3967.02 115 52 133 1383 148620 1 34270775 77436 2.4 95 39 2 25 60% 10890 124750 8669 12%
c - 3972.71 118 48 133 1384 148629 1 34307963 79546 2.6 96 37 2 25 60% 10890 124750 8669 12%
c - 3978.63 123 47 133 1385 148646 1 34345167 81775 2.6 96 36 2 25 60% 10890 124750 8669 12%
c u 3980.32 126 47 133 1385 148650 1 34351472 84537 2.6 96 36 2 25 60% 10895 124750 8669 12%
c v 3980.75 126 47 133 1385 148650 1 34351472 81456 2.6 96 36 2 25 60% 10895 124750 8669 12%
c w 3986.89 135 47 133 1385 148650 1 34351472 79848 2.6 96 36 2 25 60% 10895 124750 8669 12%
c - 3991.94 148 46 133 1386 148660 1 34382385 74800 2.6 94 36 2 25 60% 10895 124750 8669 12%
c ] 3994.93 150 46 134 1386 148661 1 34402566 92407 2.7 95 36 2 25 61% 10895 124750 8669 12%
c { 3994.93 150 70 134 1386 148661 2 34402566 92407 2.7 64 23 2 15 51% 10895 124750 8669 12%
c - 3996.29 157 68 134 1387 148674 2 34419614 82302 2.8 63 22 2 15 49% 10896 124750 8669 12%
c - 3998.82 162 69 134 1388 148694 2 34456857 105073 2.7 53 20 2 15 42% 10901 124750 8669 12%
c - 4001.04 168 63 134 1389 148715 2 34494112 118727 2.5 45 18 2 15 35% 10904 124750 8669 12%
c - 4003.55 184 69 134 1390 148838 2 34531382 123543 2.6 41 16 2 15 35% 10910 124750 8669 12%
c o 4004.39 186 69 134 1390 148871 2 34544874 136450 2.6 40 16 2 15 35% 10911 124750 8669 12%
c
c  seconds     switched         rate             size/glue  tier1     binary          remaining
c           MB     reductions      conflicts           size   tier2       irredundant
c            level        restarts         redundant      glue    trail          variables
c
c - 4005.64 194 70 134 1391 148916 2 34568665 126993 2.5 38 15 2 15 33% 10911 124750 8669 12%
c - 4008.30 233 75 134 1392 149138 2 34605961 129584 2.5 36 14 2 15 33% 10912 124750 8669 12%
c - 4010.93 269 77 134 1393 149356 3 34643270 131707 2.5 35 14 2 14 34% 10914 124750 8669 12%
c - 4013.70 320 80 134 1394 149590 3 34680596 134489 2.5 33 13 2 14 34% 10916 124750 8669 12%
c - 4016.10 372 79 134 1395 149802 3 34717932 136740 2.4 31 13 2 14 32% 10919 124750 8669 12%
c - 4018.79 425 80 134 1396 150080 3 34755282 139272 2.4 30 13 2 14 32% 10920 124750 8669 12%
c - 4021.55 425 81 134 1397 150355 3 34792646 141028 2.4 29 12 2 14 31% 10921 124750 8669 12%
c - 4024.17 479 80 134 1398 150652 3 34830023 142708 2.3 28 12 2 14 30% 10922 124750 8669 12%
c - 4026.74 515 78 134 1399 150922 3 34867415 144464 2.3 28 12 2 14 29% 10925 124750 8669 12%
c - 4029.39 416 78 134 1400 151222 3 34904818 146044 2.3 27 12 2 14 29% 10925 124750 8669 12%
c - 4032.23 415 79 134 1401 151553 3 34942235 147249 2.3 27 12 2 14 29% 10927 124750 8669 12%
c - 4034.87 415 78 134 1402 151873 3 34979667 148917 2.3 27 12 2 14 29% 10929 124750 8669 12%
c u 4036.67 411 78 134 1402 151943 3 34986647 138863 2.3 27 12 2 14 29% 10947 124750 8669 12%
c v 4038.15 416 78 134 1402 151943 3 34986647 135739 2.3 27 12 2 14 29% 10943 124750 8669 12%
c w 4038.73 416 78 134 1402 151943 3 34986647 135604 2.3 27 12 2 14 29% 10943 124750 8669 12%
c t 4038.75 416 78 134 1402 151943 3 34986647 135604 2.3 27 12 2 14 29% 10933 124750 8669 12%
c - 4040.88 263 79 134 1403 152205 3 35017110 131721 2.2 27 12 2 14 29% 10934 124750 8669 12%
c - 4042.96 266 73 134 1404 152421 3 35054567 133263 2.2 26 12 2 14 27% 10936 124750 8669 12%
c - 4045.46 267 75 134 1405 152769 3 35092038 135128 2.2 26 12 2 14 27% 10937 124750 8669 12%
c - 4048.32 267 80 134 1406 153155 3 35129522 137593 2.2 27 12 2 14 29% 10941 124750 8669 12%
c
c  seconds     switched         rate             size/glue  tier1     binary          remaining
c           MB     reductions      conflicts           size   tier2       irredundant
c            level        restarts         redundant      glue    trail          variables
c
c - 4051.17 109 82 134 1407 153480 3 35167018 140075 2.2 27 12 2 14 29% 10945 124750 8669 12%
c - 4053.68 107 79 134 1408 153752 3 35204528 142332 2.3 27 12 2 14 29% 10949 124750 8669 12%
c i 4055.05 109 78 134 1408 153899 3 35226437 163107 2.3 27 12 2 14 29% 10954 124749 8668 12%
c } 4056.18 110 79 135 1408 154033 3 35240980 177207 2.2 27 12 2 14 29% 10954 124749 8668 12%
c [ 4056.18 110 46 135 1408 154033 1 35240980 177207 2.7 95 36 2 25 61% 10954 124749 8668 12%
c B 4056.18 110 46 135 1408 154033 1 35240980 177207 2.7 95 36 2 25 61% 10954 124749 8668 12%
c - 4056.30 110 47 135 1409 154034 1 35242051 143364 2.7 96 36 2 25 61% 10948 124749 8668 12%
c - 4060.52 107 50 135 1410 154052 1 35279588 123192 2.5 94 37 2 25 61% 10948 124749 8668 12%
c - 4065.14 105 49 135 1411 154063 1 35317139 96879 2.6 94 37 2 25 61% 10948 124749 8668 12%
c - 4070.13 104 48 135 1412 154078 1 35354702 91900 2.6 93 37 2 25 61% 10948 124749 8668 12%
c - 4075.47 106 46 135 1413 154094 1 35392278 92096 2.6 92 36 2 25 62% 10948 124749 8668 12%
c - 4080.54 105 45 135 1414 154095 1 35429867 94384 2.6 92 35 2 25 62% 10948 124749 8668 12%
c o 4084.51 101 44 135 1414 154109 1 35458286 118515 2.7 92 34 2 25 62% 10948 124749 8668 12%
c - 4085.55 104 52 135 1415 154110 1 35467471 95721 2.5 97 39 2 25 62% 10948 124749 8668 12%
c - 4090.01 102 55 135 1416 154126 1 35505087 98088 2.5 99 40 2 25 62% 10948 124749 8668 12%
c - 4094.89 101 55 135 1417 154140 1 35542717 92537 2.5 99 39 2 25 62% 10948 124749 8668 12%
c - 4099.12 107 54 135 1418 154156 1 35580360 93237 2.5 99 39 2 25 62% 10948 124749 8668 12%
c - 4103.55 103 51 135 1419 154158 1 35618017 91977 2.6 96 37 2 25 63% 10948 124749 8668 12%
c u 4105.66 103 50 135 1419 154158 1 35628121 89229 2.6 95 37 2 25 63% 10979 124735 8668 12%
c v 4106.16 104 50 135 1419 154158 1 35628121 81578 2.6 95 37 2 25 63% 10984 124735 8668 12%
c
c  seconds     switched         rate            size/glue  tier1     binary          remaining
c           MB     reductions      conflicts          size   tier2       irredundant
c            level        restarts         redundant     glue    trail          variables
c
c w 4109.69 110 50 135 1419 154158 1 35628121 79622 2.6 95 37 2 25 63% 10984 124735 8668 12%
c t 4109.70 110 50 135 1419 154158 1 35628121 79622 2.6 95 37 2 25 63% 10966 124735 8668 12%
c - 4112.84 102 48 135 1420 154159 1 35655687 76046 2.6 91 36 2 25 63% 10966 124735 8668 12%
c - 4116.99 105 47 135 1421 154159 1 35693370 79572 2.5 88 35 2 25 64% 10966 124735 8668 12%
c - 4121.19 104 47 135 1422 154174 1 35731069 79274 2.4 88 36 2 25 64% 10966 124735 8668 12%
c - 4125.53 105 48 135 1423 154190 1 35768779 81878 2.5 89 36 2 25 64% 10966 124735 8668 12%
c ] 4128.10 102 50 136 1423 154196 1 35788491 99591 2.4 90 37 2 25 63% 10966 124735 8668 12%
c { 4128.10 102 79 136 1423 154196 3 35788491 99591 2.2 27 12 2 14 29% 10966 124735 8668 12%
c - 4130.55 105 82 136 1424 154512 3 35806502 86973 2.3 34 15 2 14 33% 10966 124735 8668 12%
c - 4135.32 104 88 136 1425 155130 3 35844237 97855 2.3 44 19 2 14 39% 10967 124735 8668 12%
c - 4139.84 107 92 136 1426 155636 3 35881987 108516 2.4 51 22 2 14 42% 10968 124735 8668 12%
c - 4144.44 107 94 136 1427 156061 3 35919751 114889 2.4 56 23 2 14 45% 10972 124735 8668 12%
c - 4149.24 108 94 136 1428 156441 3 35957527 118554 2.5 61 24 2 14 47% 10973 124735 8668 12%
c - 4153.55 108 90 136 1429 156724 3 35995316 122298 2.6 63 24 2 14 48% 10973 124735 8668 12%
c s 4155.00 107 90 136 1429 156842 3 36007898 134495 2.6 64 25 2 14 49% 10973 124714 8668 12%
c e 4155.01 95 90 136 1429 156842 3 36007898 134495 2.6 64 25 2 14 49% 10970 124722 8667 12%
c s 4155.01 95 90 136 1429 156842 3 36007898 134495 2.6 64 25 2 14 49% 10970 124718 8667 12%
c - 4158.13 120 87 136 1430 157024 3 36033119 124054 2.7 66 25 2 14 49% 10971 124718 8667 12%
c - 4162.74 192 87 136 1431 157334 3 36070936 125794 2.7 68 25 2 14 51% 10972 124718 8667 12%
c - 4167.31 298 86 136 1432 157659 3 36108769 126259 2.7 69 25 2 14 52% 10972 124718 8667 12%
c
c  seconds     switched         rate             size/glue  tier1     binary          remaining
c           MB     reductions      conflicts           size   tier2       irredundant
c            level        restarts         redundant      glue    trail          variables
c
c - 4170.93 368 79 136 1433 157839 3 36146610 128487 2.8 68 25 2 14 51% 10973 124718 8667 12%
c - 4175.43 469 81 136 1434 158168 3 36184464 130309 2.8 69 25 2 14 51% 10973 124718 8667 12%
c - 4180.04 469 80 136 1435 158481 3 36222335 129836 2.8 70 25 2 14 51% 10973 124718 8667 12%
c - 4184.65 363 81 136 1436 158777 3 36260217 130307 2.8 70 25 2 14 52% 10973 124718 8667 12%
c u 4187.51 361 82 136 1436 158900 3 36275922 137802 2.8 70 25 2 14 52% 10983 124718 8667 12%
c v 4190.23 356 82 136 1436 158900 3 36275922 116022 2.8 70 25 2 14 52% 10984 124718 8667 12%
c w 4191.58 367 82 136 1436 158900 3 36275922 115837 2.8 70 25 2 14 52% 10984 124718 8667 12%
c t 4191.60 367 82 136 1436 158900 3 36275922 115837 2.8 70 25 2 14 52% 10966 124718 8667 12%
c o 4191.93 361 83 136 1436 158933 3 36278374 118236 2.8 71 25 2 14 52% 10966 124718 8667 12%
c - 4193.64 226 81 136 1437 159001 3 36298111 108338 2.9 71 25 2 14 53% 10966 124718 8667 12%
c - 4197.66 226 81 136 1438 159254 3 36336019 114252 2.9 70 25 2 14 52% 10966 124718 8667 12%
c - 4201.89 227 79 136 1439 159557 3 36373939 116372 2.8 70 25 2 14 52% 10967 124718 8667 12%
c - 4206.54 107 82 136 1440 159918 3 36411873 115667 2.7 70 26 2 14 51% 10967 124718 8667 12%
c - 4210.87 108 80 136 1441 160151 3 36449820 117508 2.7 69 25 2 14 51% 10967 124718 8667 12%
c - 4215.42 108 77 136 1442 160431 3 36487781 119624 2.8 70 25 2 14 52% 10967 124718 8667 12%
c - 4219.95 108 78 136 1443 160699 3 36525754 121055 2.7 70 25 2 14 51% 10967 124718 8667 12%
c - 4224.16 108 74 136 1444 160914 2 36563741 122748 2.8 70 25 2 14 51% 10967 124718 8667 12%
c - 4228.59 106 77 136 1445 161206 3 36601743 124131 2.8 69 25 2 14 51% 10967 124718 8667 12%
c - 4232.84 109 72 136 1446 161414 2 36639760 125765 2.8 69 25 2 14 51% 10967 124718 8667 12%
c } 4233.84 107 69 137 1446 161456 2 36649737 135186 2.8 69 25 2 14 50% 10967 124718 8667 12%
c
c  seconds     switched         rate             size/glue  tier1     binary          remaining
c           MB     reductions      conflicts           size   tier2       irredundant
c            level        restarts         redundant      glue    trail          variables
c
c [ 4233.84 107 50 137 1446 161456 1 36649737 135186 2.4 90 37 2 25 63% 10967 124718 8667 12%
c W 4234.00 117 50 137 1446 161456 1 36649737 135186 2.4 90 37 2 25 63% 10967 124718 8667 12%
c - 4237.58 123 49 137 1447 161470 1 36677786 116796 2.4 88 37 2 25 63% 10967 124718 8667 12%
c - 4242.25 138 46 137 1448 161486 1 36715825 99774 2.4 83 35 2 25 64% 10967 124718 8667 12%
c - 4246.64 142 46 137 1449 161500 1 36753877 92727 2.4 81 34 2 25 64% 10967 124718 8667 12%
c - 4251.21 145 46 137 1450 161516 1 36791945 87958 2.4 84 34 2 25 64% 10967 124718 8667 12%
c - 4255.92 149 49 137 1451 161518 1 36830024 81572 2.4 88 36 2 25 63% 10967 124718 8667 12%
c - 4260.72 153 52 137 1452 161532 1 36868115 78574 2.4 92 39 2 25 63% 10967 124718 8667 12%
c - 4265.87 118 53 137 1453 161548 1 36906222 80233 2.3 90 39 2 25 62% 10967 124718 8667 12%
c u 4269.81 122 50 137 1453 161551 1 36930061 95352 2.4 88 37 2 25 61% 10972 124718 8667 12%
c v 4270.27 124 50 137 1453 161551 1 36930061 91801 2.4 88 37 2 25 61% 10972 124718 8667 12%
c w 4275.10 149 50 137 1453 161551 1 36930061 89976 2.4 88 37 2 25 61% 10972 124718 8667 12%
c t 4275.11 149 50 137 1453 161551 1 36930061 89976 2.4 88 37 2 25 61% 10971 124718 8667 12%
c - 4276.89 157 49 137 1454 161559 1 36944340 77452 2.4 87 37 2 25 61% 10971 124718 8667 12%
c - 4281.95 157 47 137 1455 161578 1 36982471 81426 2.4 84 36 2 25 61% 10971 124718 8667 12%
c - 4287.36 159 47 137 1456 161581 1 37020615 78926 2.4 84 36 2 25 60% 10971 124718 8667 12%
c - 4292.88 159 45 137 1457 161582 1 37058772 78303 2.4 84 35 2 25 60% 10971 124718 8667 12%
c - 4298.13 113 44 137 1458 161582 1 37096943 80987 2.4 83 34 2 25 60% 10971 124718 8667 12%
c o 4302.78 119 43 137 1458 161597 1 37133534 112384 2.4 82 34 2 25 60% 10971 124718 8667 12%
c - 4302.96 120 45 137 1459 161597 1 37135126 83346 2.4 82 35 2 25 60% 10971 124718 8667 12%
c
c  seconds     switched         rate            size/glue  tier1     binary          remaining
c           MB     reductions      conflicts          size   tier2       irredundant
c            level        restarts         redundant     glue    trail          variables
c
c - 4308.08 127 66 137 1460 161612 1 37173322 80114 2.0 93 47 2 25 59% 10971 124718 8667 12%
c - 4313.43 131 71 137 1461 161627 1 37211531 69059 1.9 96 51 2 25 57% 10971 124718 8667 12%
c - 4318.19 135 71 137 1462 161643 1 37249755 69045 1.9 95 51 2 25 57% 10971 124718 8667 12%
c - 4323.11 138 71 137 1463 161645 1 37287991 69479 1.9 95 51 2 25 57% 10971 124718 8667 12%
c I 4326.62 140 69 137 1463 161652 1 37315003 92982 1.9 95 51 2 25 57% 10971 124718 8667 12%
c - 4327.63 142 75 137 1464 161658 1 37326240 69846 1.8 95 52 2 25 57% 10971 124718 8667 12%
c - 4331.87 145 79 137 1465 161675 1 37364502 73722 1.8 94 52 2 25 58% 10971 124718 8667 12%
c ] 4333.55 145 79 138 1465 161676 1 37380230 88663 1.8 94 52 2 25 58% 10971 124718 8667 12%
c { 4333.55 145 69 138 1465 161676 2 37380230 88663 2.8 69 25 2 14 50% 10971 124718 8667 12%
c - 4335.58 157 73 138 1466 161824 2 37402777 80710 2.8 68 24 2 14 51% 10971 124718 8667 12%
c - 4339.04 180 83 138 1467 162128 3 37441069 97550 2.8 67 24 2 14 51% 10972 124718 8667 12%
c - 4342.05 198 87 138 1468 162333 3 37479375 110335 2.8 64 23 2 14 51% 10973 124718 8667 12%
c - 4345.65 225 90 138 1469 162598 3 37517690 116964 2.8 63 23 2 14 51% 10973 124718 8667 12%
c - 4349.72 257 92 138 1470 162933 3 37556019 118900 2.7 63 23 2 14 51% 10975 124718 8667 12%
c u 4354.62 294 91 138 1470 163246 3 37590519 147811 2.7 64 24 2 14 52% 10982 124718 8667 12%
c v 4356.88 300 91 138 1470 163246 3 37590519 138201 2.7 64 24 2 14 52% 10982 124718 8667 12%
c w 4357.79 308 91 138 1470 163246 3 37590519 138197 2.7 64 24 2 14 52% 10982 124718 8667 12%
c x 4359.17 253 91 138 1470 163246 3 37590519 138143 2.7 64 24 2 14 52% 10986 124615 8667 12%
c t 4359.19 253 91 138 1470 163246 3 37590519 138143 2.7 64 24 2 14 52% 10984 124615 8667 12%
c - 4359.70 257 91 138 1471 163275 3 37594361 107667 2.7 64 24 2 14 52% 10984 124615 8667 12%
c
c  seconds     switched         rate             size/glue  tier1     binary          remaining
c           MB     reductions      conflicts           size   tier2       irredundant
c            level        restarts         redundant      glue    trail          variables
c
c - 4363.56 300 87 138 1472 163523 3 37632714 112672 2.8 65 23 2 14 52% 10987 124615 8667 12%
c - 4368.12 296 91 138 1473 163899 3 37671082 116786 2.7 65 24 2 14 52% 10988 124615 8667 12%
c - 4372.13 293 91 138 1474 164168 3 37709461 118692 2.7 65 24 2 14 53% 10988 124615 8667 12%
c - 4376.31 290 89 138 1475 164485 3 37747857 121258 2.7 64 24 2 14 52% 10988 124615 8667 12%
c - 4380.58 187 89 138 1476 164765 3 37786262 122944 2.7 64 24 2 14 52% 10988 124615 8667 12%
c - 4385.38 187 91 138 1477 165115 3 37824681 123790 2.7 64 24 2 14 52% 10988 124615 8667 12%
c - 4389.73 110 88 138 1478 165398 3 37863112 124842 2.8 65 24 2 14 53% 10988 124615 8667 12%
c s 4389.83 105 88 138 1478 165406 3 37863601 125319 2.8 65 24 2 14 53% 10990 124609 8667 12%
c e 4389.86 97 88 138 1478 165406 3 37863601 125319 2.8 65 24 2 14 53% 10976 124656 8664 12%
c s 4389.86 97 88 138 1478 165406 3 37863601 125319 2.8 65 24 2 14 53% 10976 124634 8664 12%
c - 4394.46 123 88 138 1479 165720 3 37901556 125824 2.7 65 24 2 14 53% 10976 124634 8664 12%
c - 4398.87 175 88 138 1480 166031 3 37940014 126454 2.8 66 24 2 14 53% 10976 124634 8664 12%
c o 4403.03 226 81 138 1480 166273 3 37975739 160487 2.8 66 24 2 14 54% 10976 124634 8664 12%
c - 4403.43 232 81 138 1481 166289 3 37978484 127728 2.8 66 24 2 14 54% 10976 124634 8664 12%
c - 4408.10 302 80 138 1482 166569 3 38016968 129125 2.7 65 24 2 14 54% 10976 124634 8664 12%
c - 4412.52 231 78 138 1483 166819 3 38055464 130955 2.7 64 23 2 14 53% 10979 124634 8664 12%
c - 4417.25 232 78 138 1484 167084 3 38093973 132695 2.7 63 23 2 14 53% 10979 124634 8664 12%
c - 4422.07 148 80 138 1485 167353 3 38132495 134279 2.7 63 23 2 14 53% 10979 124634 8664 12%
c - 4426.76 150 78 138 1486 167656 3 38171030 135668 2.7 64 23 2 14 53% 10980 124634 8664 12%
c - 4431.46 149 72 138 1487 167898 2 38209580 136744 2.7 63 23 2 14 53% 10980 124634 8664 12%
c
c  seconds     switched         rate             size/glue  tier1     binary          remaining
c           MB     reductions      conflicts           size   tier2       irredundant
c            level        restarts         redundant      glue    trail          variables
c
c - 4436.45 150 72 138 1488 168175 2 38248141 138021 2.7 62 23 2 14 53% 10980 124634 8664 12%
c u 4438.73 146 73 138 1488 168251 2 38257319 137210 2.6 62 23 2 14 53% 10987 124634 8664 12%
c v 4441.54 152 73 138 1488 168251 2 38257319 117750 2.6 62 23 2 14 53% 10987 124634 8664 12%
c w 4442.82 156 73 138 1488 168251 2 38257319 115136 2.6 62 23 2 14 53% 10987 124634 8664 12%
c t 4442.84 156 73 138 1488 168251 2 38257319 115136 2.6 62 23 2 14 53% 10985 124634 8664 12%
c f 4442.84 156 73 138 1488 168251 2 38257319 115136 2.6 62 23 2 14 53% 10986 124614 8665 12%
c u 4443.63 170 73 138 1488 168251 2 38257319 114152 2.6 62 23 2 14 53% 10989 124614 8665 12%
c v 4445.42 174 73 138 1488 168251 2 38257319 103920 2.6 62 23 2 14 53% 10990 124614 8665 12%
c w 4448.34 180 73 138 1488 168251 2 38257319 102602 2.6 62 23 2 14 53% 10990 124614 8665 12%
c t 4448.36 180 73 138 1488 168251 2 38257319 102602 2.6 62 23 2 14 53% 10989 124614 8665 12%
c } 4449.00 180 71 139 1488 168269 2 38264573 109238 2.6 61 23 2 14 53% 10989 124614 8665 12%
c [ 4449.00 180 79 139 1488 168269 1 38264573 109238 1.8 94 52 2 25 58% 10989 124614 8665 12%
c B 4449.00 180 79 139 1488 168269 1 38264573 109238 1.8 94 52 2 25 58% 10989 124614 8665 12%
c - 4451.39 189 78 139 1489 168282 1 38286715 97561 1.9 93 50 2 25 59% 10989 124614 8665 12%
c - 4456.61 192 69 139 1490 168298 1 38325303 88775 2.0 90 46 2 25 59% 10989 124614 8665 12%
c - 4462.49 197 63 139 1491 168310 1 38363904 78512 2.0 89 44 2 25 59% 10989 124614 8665 12%
c - 4467.79 137 57 139 1492 168328 1 38402517 79921 2.2 87 40 2 25 59% 10989 124614 8665 12%
c - 4473.33 143 53 139 1493 168331 1 38441143 81176 2.2 85 38 2 25 59% 10989 124614 8665 12%
c - 4478.59 148 51 139 1494 168343 1 38479782 80958 2.3 84 37 2 25 60% 10989 124614 8665 12%
c - 4483.94 152 53 139 1495 168360 1 38518434 82086 2.2 85 38 2 25 60% 10989 124614 8665 12%
c
c  seconds     switched         rate            size/glue  tier1     binary          remaining
c           MB     reductions      conflicts          size   tier2       irredundant
c            level        restarts         redundant     glue    trail          variables
c
c - 4489.81 156 53 139 1496 168371 1 38557100 78518 2.2 85 39 2 25 60% 10989 124614 8665 12%
c - 4495.58 160 52 139 1497 168390 1 38595778 80273 2.2 83 38 2 25 60% 10989 124614 8665 12%
c - 4500.48 116 50 139 1498 168394 1 38634470 82317 2.2 82 38 2 25 61% 10989 124614 8665 12%
c - 4505.76 118 48 139 1499 168395 1 38673175 79164 2.3 84 36 2 25 61% 10989 124614 8665 12%
c - 4510.87 122 50 139 1500 168395 1 38711891 80633 2.3 85 37 2 25 62% 10989 124614 8665 12%
c - 4516.34 127 51 139 1501 168410 1 38750622 79917 2.2 85 38 2 25 62% 10989 124614 8665 12%
c - 4521.73 141 51 139 1502 168425 1 38789364 80115 2.2 85 38 2 25 62% 10989 124614 8665 12%
c - 4527.29 146 52 139 1503 168440 1 38828120 81380 2.2 84 39 2 25 62% 10989 124614 8665 12%
c - 4532.35 150 50 139 1504 168456 1 38866888 82372 2.3 83 37 2 25 62% 10989 124614 8665 12%
c - 4537.52 152 51 139 1505 168458 1 38905669 81672 2.2 85 38 2 25 62% 10989 124614 8665 12%
c u 4541.36 158 51 139 1505 168465 1 38930485 102025 2.2 84 38 2 25 62% 10990 124614 8665 12%
c v 4541.96 160 51 139 1505 168465 1 38930485 96749 2.2 84 38 2 25 62% 10990 124614 8665 12%
c w 4548.94 189 51 139 1505 168465 1 38930485 92880 2.2 84 38 2 25 62% 10990 124614 8665 12%
c t 4548.96 189 51 139 1505 168465 1 38930485 92880 2.2 84 38 2 25 62% 10989 124614 8665 12%
c o 4548.96 189 51 139 1505 168465 1 38930485 92880 2.2 84 38 2 25 62% 10989 124614 8665 12%
c - 4550.64 187 63 139 1506 168472 1 38944464 68987 2.0 92 45 2 25 62% 10989 124614 8665 12%
c ] 4551.54 187 68 140 1506 168473 1 38952318 76423 2.0 96 49 2 25 62% 10989 124614 8665 12%
c { 4551.54 187 71 140 1506 168473 2 38952318 76423 2.6 61 23 2 14 53% 10989 124614 8665 12%
c - 4554.42 197 78 140 1507 168749 3 38983271 81253 2.6 63 24 2 14 53% 10989 124614 8665 12%
c - 4558.19 206 85 140 1508 169078 3 39022091 97743 2.7 64 24 2 14 53% 10989 124614 8665 12%
c
c  seconds     switched         rate             size/glue  tier1     binary          remaining
c           MB     reductions      conflicts           size   tier2       irredundant
c            level        restarts         redundant      glue    trail          variables
c
c - 4562.63 188 89 140 1509 169432 3 39060923 107201 2.6 65 25 2 14 53% 10989 124614 8665 12%
c - 4567.17 294 91 140 1510 169718 3 39099769 112679 2.7 65 24 2 14 53% 10990 124614 8665 12%
c - 4571.44 294 90 140 1511 170026 3 39138627 116258 2.7 66 25 2 14 52% 10990 124614 8665 12%
c - 4575.74 330 84 140 1512 170259 3 39177498 118866 2.7 65 24 2 14 52% 10990 124614 8665 12%
c - 4580.61 245 84 140 1513 170621 3 39216382 121004 2.6 65 25 2 14 52% 10990 124614 8665 12%
c - 4585.00 241 82 140 1514 170854 3 39255280 123491 2.6 64 24 2 14 51% 10990 124614 8665 12%
c - 4589.74 244 76 140 1515 171055 2 39294190 125811 2.6 63 24 2 14 51% 10991 124614 8665 12%
c - 4594.49 162 73 140 1516 171283 2 39333115 128063 2.6 62 24 2 14 50% 10991 124614 8665 12%
c - 4599.83 158 72 140 1517 171567 2 39372051 129128 2.6 63 24 2 14 51% 10991 124614 8665 12%
c - 4604.43 110 71 140 1518 171798 2 39410999 130297 2.6 61 24 2 14 49% 10991 124614 8665 12%
c - 4608.95 109 62 140 1519 171923 2 39449963 132956 2.5 58 23 2 14 48% 10991 124614 8665 12%
c - 4613.39 110 61 140 1520 172100 2 39488937 135210 2.6 57 22 2 14 48% 10991 124614 8665 12%
c - 4618.23 110 58 140 1521 172273 2 39527926 136930 2.5 56 22 2 14 47% 10991 124614 8665 12%
c - 4622.99 111 61 140 1522 172557 2 39566927 137854 2.5 55 22 2 14 47% 10991 124614 8665 12%
c - 4628.36 110 64 140 1523 172873 2 39605940 136644 2.5 57 23 2 14 48% 10992 124614 8665 12%
c u 4629.93 106 64 140 1523 172898 2 39609997 132451 2.5 57 23 2 14 48% 10995 124614 8665 12%
c v 4633.00 111 64 140 1523 172898 2 39609997 113323 2.5 57 23 2 14 48% 10995 124614 8665 12%
c w 4634.84 117 64 140 1523 172898 2 39609997 110211 2.5 57 23 2 14 48% 10995 124614 8665 12%
c t 4634.86 117 64 140 1523 172898 2 39609997 110211 2.5 57 23 2 14 48% 10993 124614 8665 12%
c - 4639.05 109 68 140 1524 173139 2 39644965 113644 2.5 58 23 2 14 48% 10994 124614 8665 12%
c
c  seconds     switched         rate             size/glue  tier1     binary          remaining
c           MB     reductions      conflicts           size   tier2       irredundant
c            level        restarts         redundant      glue    trail          variables
c
c - 4643.49 107 65 140 1525 173370 2 39684003 120680 2.5 58 23 2 14 49% 10994 124614 8665 12%
c - 4648.23 110 66 140 1526 173610 2 39723054 123996 2.5 58 23 2 14 49% 10994 124614 8665 12%
c - 4652.63 108 65 140 1527 173804 2 39762120 128150 2.5 57 22 2 14 49% 10994 124614 8665 12%
c s 4654.04 109 64 140 1527 173875 2 39774279 139709 2.5 57 22 2 14 49% 10995 124605 8665 12%
c e 4654.05 97 64 140 1527 173875 2 39774279 139709 2.5 57 22 2 14 49% 10986 124652 8662 12%
c s 4654.05 97 64 140 1527 173875 2 39774279 139709 2.5 57 22 2 14 49% 10986 124634 8662 12%
c o 4656.30 106 66 140 1527 174022 2 39792760 157495 2.5 57 23 2 14 49% 10987 124634 8662 12%
c - 4657.34 124 65 140 1528 174067 2 39801196 130551 2.5 57 23 2 14 49% 10987 124634 8662 12%
c - 4662.05 200 63 140 1529 174312 2 39840286 132304 2.5 56 23 2 15 48% 10987 124634 8662 12%
c } 4664.31 223 61 141 1529 174411 2 39860016 150945 2.5 56 23 2 15 49% 10987 124634 8662 12%
c [ 4664.31 223 68 141 1529 174411 1 39860016 150945 2.0 96 49 2 25 62% 10987 124634 8662 12%
c W 4664.35 223 68 141 1529 174411 1 39860016 150945 2.0 96 49 2 25 62% 10987 124634 8662 12%
c - 4666.98 222 70 141 1530 174423 1 39879390 126727 2.0 97 49 2 25 61% 10987 124634 8662 12%
c - 4671.86 240 64 141 1531 174440 1 39918506 108798 2.2 98 45 2 25 60% 10987 124634 8662 12%
c - 4677.58 227 60 141 1532 174451 1 39957633 90148 2.3 96 42 2 25 57% 10987 124634 8662 12%
c - 4682.32 227 56 141 1533 174470 1 39996775 85778 2.5 96 39 2 25 53% 10987 124634 8662 12%
c - 4687.59 146 51 141 1534 174473 1 40035931 90200 2.6 94 35 2 25 51% 10987 124634 8662 12%
c - 4690.94 152 53 141 1535 174485 1 40075097 90514 2.6 93 36 2 25 48% 10987 124634 8662 12%
c - 4694.23 156 54 141 1536 174502 1 40114277 83552 2.5 94 38 2 25 45% 10987 124634 8662 12%
c - 4697.65 111 50 141 1537 174514 1 40153468 80557 2.5 92 36 2 25 43% 10987 124634 8662 12%
c
c  seconds     switched         rate            size/glue  tier1     binary          remaining
c           MB     reductions      conflicts          size   tier2       irredundant
c            level        restarts         redundant     glue    trail          variables
c
c - 4701.43 115 47 141 1538 174533 1 40192672 82530 2.6 89 35 2 25 42% 10987 124634 8662 12%
c - 4705.17 117 51 141 1539 174536 1 40231891 81123 2.4 92 38 2 25 41% 10987 124634 8662 12%
c - 4708.92 120 53 141 1540 174537 1 40271121 76313 2.3 95 40 2 25 40% 10987 124634 8662 12%
c u 4711.93 125 53 141 1540 174537 1 40295902 93430 2.4 95 41 2 25 40% 10989 124634 8662 12%
c v 4712.29 127 53 141 1540 174537 1 40295902 87249 2.4 95 41 2 25 40% 10989 124634 8662 12%
c w 4717.58 142 53 141 1540 174537 1 40295902 85390 2.4 95 41 2 25 40% 10989 124634 8662 12%
c t 4717.59 142 53 141 1540 174537 1 40295902 85390 2.4 95 41 2 25 40% 10986 124634 8662 12%
c - 4719.04 153 53 141 1541 174537 1 40310363 67304 2.3 94 41 2 25 40% 10986 124634 8662 12%
c - 4722.47 157 51 141 1542 174552 1 40349622 71355 2.3 91 40 2 25 39% 10986 124634 8662 12%
c - 4725.92 160 50 141 1543 174568 1 40388893 72363 2.3 89 39 2 25 39% 10986 124634 8662 12%
c - 4729.21 119 56 141 1544 174583 1 40428174 71199 2.2 94 43 2 25 39% 10986 124634 8662 12%
c - 4732.51 121 57 141 1545 174599 1 40467469 73609 2.3 96 42 2 25 39% 10986 124634 8662 12%
c - 4736.09 120 57 141 1546 174600 1 40506775 73811 2.4 97 41 2 25 39% 10986 124634 8662 12%
c - 4739.73 123 54 141 1547 174615 1 40546094 73231 2.4 97 40 2 25 40% 10986 124634 8662 12%
c O 4741.14 121 56 141 1547 174624 1 40562687 88576 2.4 98 40 2 25 40% 10986 124634 8662 12%
c - 4742.83 124 59 141 1548 174631 1 40585425 76748 2.4 102 43 2 25 40% 10986 124634 8662 12%
c - 4745.86 124 63 141 1549 174646 1 40624774 75743 2.3 104 45 2 25 40% 10986 124634 8662 12%
c - 4749.26 117 59 141 1550 174662 1 40664132 69702 2.3 102 44 2 25 39% 10986 124634 8662 12%
c - 4752.52 123 58 141 1551 174663 1 40703502 68681 2.3 101 43 2 25 39% 10986 124634 8662 12%
c - 4756.00 121 57 141 1552 174664 1 40742884 69587 2.4 101 43 2 25 39% 10986 124634 8662 12%
c
c  seconds     switched         rate            size/glue   tier1     binary          remaining
c           MB     reductions      conflicts          size    tier2       irredundant
c            level        restarts         redundant      glue    trail          variables
c
c - 4759.69 118 56 141 1553 174665 1 40782281 70140 2.4 101 42 2 25 39% 10986 124634 8662 12%
c ] 4762.88 124 54 142 1553 174665 1 40816219 99691 2.4 100 41 2 25 39% 10986 124634 8662 12%
c { 4762.88 124 61 142 1553 174665 2 40816219 99691 2.5 56 23 2 15 49% 10986 124634 8662 12%
c o 4762.91 124 61 142 1553 174669 2 40816437 99876 2.5 56 23 2 15 49% 10986 124634 8662 12%
c - 4763.52 125 62 142 1554 174735 2 40821690 75075 2.5 57 23 2 15 49% 10986 124634 8662 12%
c - 4767.46 126 68 142 1555 175036 2 40861110 94477 2.7 61 23 2 15 52% 10986 124634 8662 12%
c - 4771.37 126 70 142 1556 175299 2 40900543 108237 2.9 64 22 2 15 54% 10986 124634 8662 12%
c - 4776.09 126 73 142 1557 175639 2 40939993 113270 3.0 66 22 2 15 55% 10986 124634 8662 12%
c - 4780.98 124 73 142 1558 175981 2 40979451 114623 3.0 68 23 2 14 55% 10986 124634 8662 12%
c u 4782.70 122 74 142 1558 176054 2 40988179 120725 3.0 68 23 2 14 56% 10989 124634 8662 12%
c v 4784.78 127 74 142 1558 176054 2 40988179 99613 3.0 68 23 2 14 56% 10989 124634 8662 12%
c w 4786.61 132 74 142 1558 176054 2 40988179 99380 3.0 68 23 2 14 56% 10989 124634 8662 12%
c - 4789.66 126 74 142 1559 176251 2 41018922 100577 3.0 68 22 2 14 56% 10989 124634 8662 12%
c - 4793.31 127 75 142 1560 176484 2 41058407 110622 3.1 66 21 2 14 55% 10989 124634 8662 12%
c - 4798.20 127 77 142 1561 176876 2 41097903 114597 3.0 67 22 2 14 56% 10989 124634 8662 12%
c - 4802.76 120 76 142 1562 177204 2 41137412 115494 3.0 67 22 2 14 55% 10989 124634 8662 12%
c - 4807.50 128 78 142 1563 177525 2 41176935 118212 3.0 67 22 2 14 56% 10989 124634 8662 12%
c - 4812.09 128 77 142 1564 177822 2 41216470 120888 3.0 67 22 2 14 56% 10989 124634 8662 12%
c - 4817.06 126 79 142 1565 178190 2 41256017 121978 3.0 68 22 2 14 56% 10989 124634 8662 12%
c - 4822.01 128 79 142 1566 178515 2 41295578 122213 3.0 69 23 2 14 57% 10989 124634 8662 12%
c
c  seconds     switched         rate             size/glue  tier1     binary          remaining
c           MB     reductions      conflicts           size   tier2       irredundant
c            level        restarts         redundant      glue    trail          variables
c
c - 4827.01 128 79 142 1567 178846 2 41335150 123264 3.0 69 23 2 14 57% 10989 124634 8662 12%
c - 4831.95 126 78 142 1568 179160 2 41374736 124710 3.1 71 23 2 14 58% 10989 124634 8662 12%
c - 4836.98 125 77 142 1569 179468 2 41414334 126371 3.1 71 23 2 14 57% 10989 124634 8662 12%
c - 4841.47 128 75 142 1570 179699 2 41453947 128468 3.2 71 22 2 14 57% 10989 124634 8662 12%
c - 4846.69 129 76 142 1571 180054 2 41493571 129699 3.2 71 23 2 14 57% 10989 124634 8662 12%
c - 4851.64 129 75 142 1572 180360 2 41533206 130067 3.2 73 23 2 14 57% 10989 124634 8662 12%
c - 4857.28 130 75 142 1573 180723 2 41572854 129995 3.2 74 23 2 14 57% 10989 124634 8662 12%
c - 4862.34 124 72 142 1574 181022 2 41612515 130568 3.3 75 23 2 14 57% 10989 124634 8662 12%
c - 4867.26 130 72 142 1575 181311 2 41652189 132447 3.3 74 23 2 14 57% 10989 124634 8662 12%
c u 4872.65 145 73 142 1575 181592 2 41686853 158224 3.2 74 23 2 14 57% 10993 124634 8662 12%
c v 4876.15 150 73 142 1575 181592 2 41686853 132128 3.2 74 23 2 14 57% 10993 124634 8662 12%
c w 4877.33 161 73 142 1575 181592 2 41686853 132092 3.2 74 23 2 14 57% 10993 124634 8662 12%
c t 4877.35 161 73 142 1575 181592 2 41686853 132092 3.2 74 23 2 14 57% 10990 124634 8662 12%
c - 4877.99 144 73 142 1576 181623 2 41691878 106402 3.2 74 23 2 14 57% 10990 124634 8662 12%
c o 4878.42 139 70 142 1576 181626 2 41697106 111370 3.3 76 23 2 14 57% 10990 124634 8662 12%
c - 4882.36 145 73 142 1577 181880 2 41731577 113789 3.3 74 23 2 14 57% 10990 124634 8662 12%
c s 4883.24 142 72 142 1577 181923 2 41740384 122512 3.3 74 22 2 14 57% 10992 124631 8662 12%
c } 4884.02 144 72 143 1577 181961 2 41747532 129553 3.3 74 22 2 14 57% 10993 124631 8662 12%
c [ 4884.02 144 54 143 1577 181961 1 41747532 129553 2.4 100 41 2 25 39% 10993 124631 8662 12%
c B 4884.02 144 54 143 1577 181961 1 41747532 129553 2.4 100 41 2 25 39% 10993 124631 8662 12%
c
c  seconds     switched         rate             size/glue   tier1     binary          remaining
c           MB     reductions      conflicts           size    tier2       irredundant
c            level        restarts         redundant       glue    trail          variables
c
c - 4885.92 141 61 143 1578 181974 1 41771293 110797 2.3 100 44 2 25 39% 10993 124631 8662 12%
c - 4889.14 145 59 143 1579 181990 1 41811017 92062 2.3 96 43 2 25 39% 10993 124631 8662 12%
c - 4892.80 144 56 143 1580 182005 1 41850753 78885 2.2 93 42 2 25 39% 10993 124631 8662 12%
c - 4896.30 144 55 143 1581 182021 1 41890503 76874 2.3 93 41 2 25 40% 10993 124631 8662 12%
c - 4899.61 142 52 143 1582 182023 1 41930267 78364 2.4 95 40 2 25 40% 10993 124631 8662 12%
c - 4902.98 144 51 143 1583 182038 1 41970041 80776 2.5 96 38 2 25 40% 10993 124631 8662 12%
c - 4906.43 144 52 143 1584 182053 1 42009827 81089 2.4 94 39 2 25 40% 10993 124631 8662 12%
c - 4910.17 143 54 143 1585 182068 1 42049626 77334 2.2 92 41 2 25 39% 10993 124631 8662 12%
c - 4913.96 103 55 143 1586 182084 1 42089440 76207 2.1 91 42 2 25 39% 10993 124631 8662 12%
c - 4917.69 107 54 143 1587 182086 1 42129264 79041 2.2 90 41 2 25 39% 10993 124631 8662 12%
c - 4921.82 107 52 143 1588 182087 1 42169101 80373 2.2 88 40 2 25 39% 10993 124631 8662 12%
c - 4925.83 106 52 143 1589 182090 1 42208952 80892 2.2 87 40 2 25 38% 10993 124631 8662 12%
c - 4929.83 108 51 143 1590 182109 1 42248816 80120 2.1 85 40 2 25 38% 10993 124631 8662 12%
c - 4933.82 106 51 143 1591 182118 1 42288690 80998 2.1 84 40 2 25 38% 10993 124631 8662 12%
c - 4938.07 102 51 143 1592 182139 1 42328577 80218 2.0 83 40 2 25 38% 10993 124631 8662 12%
c - 4942.28 107 52 143 1593 182149 1 42368477 81543 2.0 81 40 2 25 37% 10993 124631 8662 12%
c u 4945.34 102 51 143 1593 182150 1 42391920 98805 2.0 81 40 2 25 37% 10994 124631 8662 12%
c v 4945.75 106 51 143 1593 182150 1 42391920 91835 2.0 81 40 2 25 37% 10994 124631 8662 12%
c w 4950.58 121 51 143 1593 182150 1 42391920 87793 2.0 81 40 2 25 37% 10994 124631 8662 12%
c t 4950.60 121 51 143 1593 182150 1 42391920 87793 2.0 81 40 2 25 37% 10992 124631 8662 12%
c
c  seconds     switched         rate            size/glue  tier1     binary          remaining
c           MB     reductions      conflicts          size   tier2       irredundant
c            level        restarts         redundant     glue    trail          variables
c
c - 4952.17 103 51 143 1594 182154 1 42408390 73275 2.0 79 40 2 25 37% 10992 124631 8662 12%
c - 4955.55 105 49 143 1595 182172 1 42448318 81678 2.2 81 38 2 25 38% 10992 124631 8662 12%
c W 4958.02 112 52 143 1595 182181 1 42475533 106123 2.2 84 39 2 25 38% 10992 124631 8662 12%
c - 4959.18 115 53 143 1596 182184 1 42488256 81455 2.1 84 39 2 25 38% 10992 124631 8662 12%
c - 4962.97 120 53 143 1597 182203 1 42528207 76400 2.1 85 40 2 25 38% 10992 124631 8662 12%
c - 4966.66 124 52 143 1598 182213 1 42568172 72831 2.2 86 39 2 25 39% 10992 124631 8662 12%
c - 4970.35 126 54 143 1599 182214 1 42608148 73543 2.2 89 40 2 25 39% 10992 124631 8662 12%
c - 4974.16 128 55 143 1600 182214 1 42648137 73019 2.2 90 41 2 25 39% 10992 124631 8662 12%
c - 4978.06 131 55 143 1601 182215 1 42688137 74208 2.2 90 42 2 25 39% 10992 124631 8662 12%
c - 4982.00 132 55 143 1602 182215 1 42728149 75326 2.2 91 41 2 25 39% 10992 124631 8662 12%
c - 4986.10 134 53 143 1603 182215 1 42768174 76686 2.2 91 41 2 25 39% 10992 124631 8662 12%
c ] 4988.32 135 52 144 1603 182215 1 42790326 95499 2.3 91 40 2 25 39% 10992 124631 8662 12%
c { 4988.32 135 72 144 1603 182215 2 42790326 95499 3.3 74 22 2 14 57% 10992 124631 8662 12%
c o 4988.35 136 72 144 1603 182219 2 42790545 95698 3.3 74 22 2 14 57% 10992 124631 8662 12%
c - 4990.24 156 77 144 1604 182391 2 42808213 85393 3.2 72 22 2 14 57% 10994 124631 8662 12%
c - 4993.89 191 84 144 1605 182686 3 42848262 102762 3.1 68 22 2 14 56% 10994 124631 8662 12%
c - 4997.94 237 90 144 1606 183033 3 42888324 110486 2.9 65 22 2 14 55% 10994 124631 8662 12%
c - 5002.22 310 93 144 1607 183423 3 42928398 112326 2.8 64 23 2 14 55% 10995 124631 8662 12%
c - 5006.66 344 96 144 1608 183772 3 42968487 114865 2.8 63 23 2 14 55% 10996 124631 8662 12%
c - 5011.53 389 98 144 1609 184155 3 43008587 116801 2.7 62 23 2 14 54% 10996 124631 8662 12%
c
c  seconds     switched         rate             size/glue  tier1     binary          remaining
c           MB     reductions      conflicts           size   tier2       irredundant
c            level        restarts         redundant      glue    trail          variables
c
c - 5015.99 442 99 144 1610 184478 3 43048699 119025 2.7 62 23 2 14 55% 10996 124631 8662 12%
c - 5020.73 345 99 144 1611 184866 3 43088824 121950 2.7 62 23 2 14 54% 10997 124631 8662 12%
c u 5023.17 345 100 144 1611 185003 3 43103382 131178 2.7 62 23 2 14 54% 10999 124631 8662 12%
c v 5025.79 348 100 144 1611 185003 3 43103382 107746 2.7 62 23 2 14 54% 10999 124631 8662 12%
c w 5027.22 352 100 144 1611 185003 3 43103382 107688 2.7 62 23 2 14 54% 10999 124631 8662 12%
c t 5027.24 212 100 144 1611 185003 3 43103382 107688 2.7 62 23 2 14 54% 10996 124631 8662 12%
c - 5029.85 202 100 144 1612 185198 3 43128963 101960 2.7 61 23 2 14 54% 10996 124631 8662 12%
c - 5034.47 204 101 144 1613 185608 3 43169112 109485 2.7 62 23 2 14 54% 10996 124631 8662 12%
c - 5039.13 110 100 144 1614 185972 3 43209275 114142 2.7 64 24 2 14 54% 10996 124631 8662 12%
c - 5043.45 109 99 144 1615 186289 3 43249449 118438 2.7 63 23 2 14 54% 10997 124631 8662 12%
c - 5048.08 110 99 144 1616 186651 3 43289639 121211 2.6 63 24 2 14 54% 10997 124631 8662 12%
c - 5052.93 107 98 144 1617 187001 3 43329840 123547 2.7 65 24 2 14 55% 10997 124631 8662 12%
c - 5057.73 110 99 144 1618 187362 3 43370051 125243 2.7 65 24 2 14 54% 10997 124631 8662 12%
c - 5063.08 110 100 144 1619 187771 3 43410277 125908 2.7 66 24 2 14 55% 10997 124631 8662 12%
c - 5067.67 111 99 144 1620 188084 3 43450515 128175 2.8 66 24 2 14 55% 10997 124631 8662 12%
c - 5072.96 111 100 144 1621 188496 3 43490765 129616 2.7 66 25 2 14 54% 10998 124631 8662 12%
c - 5077.48 111 97 144 1622 188787 3 43531026 130614 2.7 66 24 2 14 54% 10998 124631 8662 12%
c - 5082.27 105 92 144 1623 189077 3 43571303 132070 2.8 66 24 2 14 54% 10999 124631 8662 12%
c - 5087.52 109 96 144 1624 189426 3 43611590 133089 2.7 66 24 2 14 54% 10999 124631 8662 12%
c - 5092.80 110 97 144 1625 189801 3 43651890 133898 2.7 66 24 2 14 54% 10999 124631 8662 12%
c
c  seconds     switched         rate             size/glue  tier1     binary          remaining
c           MB     reductions      conflicts           size   tier2       irredundant
c            level        restarts         redundant      glue    trail          variables
c
c o 5097.24 110 98 144 1625 190091 3 43691245 172505 2.7 66 24 2 14 54% 10999 124631 8662 12%
c - 5097.36 111 98 144 1626 190096 3 43692202 135759 2.7 65 24 2 14 54% 10999 124631 8662 12%
c - 5102.19 110 95 144 1627 190405 3 43732525 137917 2.8 66 24 2 14 54% 10999 124631 8662 12%
c } 5103.95 106 95 145 1627 190543 3 43745511 150739 2.8 66 24 2 14 54% 10999 124631 8662 12%
c [ 5103.95 106 52 145 1627 190543 1 43745511 150739 2.3 91 40 2 25 39% 10999 124631 8662 12%
c I 5103.95 106 52 145 1627 190543 1 43745511 150739 2.3 91 40 2 25 39% 10999 124631 8662 12%
c s 5105.28 110 63 145 1627 190553 1 43762390 166850 2.1 91 42 2 25 39% 10999 124630 8662 12%
c - 5106.33 111 63 145 1628 190557 1 43772861 129390 2.1 89 42 2 25 39% 10999 124630 8662 12%
c - 5111.05 110 69 145 1629 190573 1 43813209 110402 2.1 92 44 2 25 45% 10999 124630 8662 12%
c u 5112.96 108 70 145 1629 190573 1 43821266 107048 2.1 92 44 2 25 47% 11005 124630 8662 12%
c v 5114.21 109 70 145 1629 190573 1 43821266 87231 2.1 92 44 2 25 47% 11005 124630 8662 12%
c w 5117.84 115 70 145 1629 190573 1 43821266 85950 2.1 92 44 2 25 47% 11005 124630 8662 12%
c t 5127.24 115 70 145 1629 190573 1 43821266 85950 2.1 92 44 2 25 47% 11002 124630 8662 12%
c - 5131.05 107 69 145 1630 190588 1 43853569 76081 2.1 92 45 2 25 51% 11002 124630 8662 12%
c - 5135.90 106 61 145 1631 190604 1 43893943 75611 2.1 89 42 2 25 55% 11002 124630 8662 12%
c - 5140.81 107 54 145 1632 190605 1 43934328 79338 2.3 88 39 2 25 57% 11002 124630 8662 12%
c - 5146.22 108 50 145 1633 190620 1 43974728 81730 2.4 88 37 2 25 59% 11002 124630 8662 12%
c - 5151.39 107 47 145 1634 190636 1 44015138 85278 2.5 87 35 2 25 60% 11002 124630 8662 12%
c - 5156.76 107 47 145 1635 190651 1 44055561 87439 2.4 88 36 2 25 61% 11002 124630 8662 12%
c - 5161.73 109 48 145 1636 190667 1 44095997 87110 2.6 93 36 2 25 61% 11002 124630 8662 12%
c
c  seconds     switched         rate            size/glue  tier1     binary          remaining
c           MB     reductions      conflicts          size   tier2       irredundant
c            level        restarts         redundant     glue    trail          variables
c
c - 5166.92 108 46 145 1637 190668 1 44136446 85506 2.8 96 35 2 25 60% 11002 124630 8662 12%
c - 5172.05 108 45 145 1638 190669 1 44176905 83982 2.9 100 34 2 25 60% 11002 124630 8662 12%
c - 5176.80 108 48 145 1639 190677 1 44217379 86322 2.9 102 35 2 25 60% 11002 124630 8662 12%
c - 5181.54 106 44 145 1640 190697 1 44257864 90566 2.9 96 33 2 25 61% 11002 124630 8662 12%
c - 5186.97 105 43 145 1641 190707 1 44298360 88458 2.9 94 32 2 25 61% 11002 124630 8662 12%
c - 5192.51 106 44 145 1642 190728 1 44338871 84739 2.8 94 33 2 25 61% 11002 124630 8662 12%
c - 5197.83 106 45 145 1643 190732 1 44379392 84047 2.7 94 35 2 25 61% 11002 124630 8662 12%
c - 5203.39 104 50 145 1644 190744 1 44419925 79469 2.5 95 38 2 25 61% 11002 124630 8662 12%
c - 5209.41 106 53 145 1645 190762 1 44460474 76286 2.4 96 40 2 25 61% 11002 124630 8662 12%
c B 5214.51 103 53 145 1645 190773 1 44499152 110632 2.4 96 41 2 25 62% 11002 124630 8662 12%
c - 5214.76 105 53 145 1646 190775 1 44501032 77264 2.4 96 41 2 25 62% 11002 124630 8662 12%
c - 5219.40 104 50 145 1647 190793 1 44541605 82588 2.4 92 38 2 25 62% 11002 124630 8662 12%
c u 5220.46 103 50 145 1647 190793 1 44545570 83363 2.4 92 38 2 25 62% 11004 124630 8662 12%
c v 5220.93 105 50 145 1647 190793 1 44545570 77502 2.4 92 38 2 25 62% 11004 124630 8662 12%
c w 5224.09 111 50 145 1647 190793 1 44545570 75732 2.4 92 38 2 25 62% 11004 124630 8662 12%
c t 5224.10 111 50 145 1647 190793 1 44545570 75732 2.4 92 38 2 25 62% 11003 124630 8662 12%
c - 5228.36 106 50 145 1648 190795 1 44582188 76011 2.5 92 37 2 25 62% 11003 124630 8662 12%
c ] 5231.33 101 49 146 1648 190796 1 44606647 97488 2.5 92 37 2 25 62% 11003 124630 8662 12%
c { 5231.33 101 95 146 1648 190796 3 44606647 97488 2.8 66 24 2 14 54% 11003 124630 8662 12%
c o 5231.40 102 95 146 1648 190806 3 44607191 98005 2.7 67 24 2 14 54% 11003 124630 8662 12%
c
c  seconds     switched         rate            size/glue  tier1     binary          remaining
c           MB     reductions      conflicts          size   tier2       irredundant
c            level        restarts         redundant     glue    trail          variables
c
c - 5232.87 106 85 146 1649 190806 3 44622784 84565 3.0 71 23 2 14 54% 11003 124630 8662 12%
c - 5237.09 104 65 146 1650 190806 2 44663392 110488 3.6 77 22 2 14 54% 11003 124630 8662 12%
c - 5241.15 118 52 146 1651 190816 2 44704013 127773 3.8 78 21 2 14 52% 11003 124630 8662 12%
c - 5244.23 119 45 146 1652 190825 2 44744646 135589 3.9 71 18 2 14 47% 11004 124630 8662 12%
c - 5246.37 116 39 146 1653 190825 1 44785290 137661 3.6 56 15 2 14 36% 11004 124630 8662 12%
c - 5248.96 120 35 146 1654 190825 1 44825948 140642 3.3 45 14 2 14 28% 11004 124630 8662 12%
c - 5251.67 118 32 146 1655 190825 1 44866618 145265 3.1 39 12 2 14 23% 11005 124630 8662 12%
c - 5253.07 123 32 146 1656 190896 1 44907299 146981 3.0 34 11 2 14 21% 11007 124630 8662 12%
c - 5254.13 91 29 146 1657 190896 1 44947992 140622 2.7 28 10 2 14 17% 11007 124630 8662 12%
c i 5255.65 98 29 146 1657 191093 1 44981428 173327 2.9 29 10 2 14 21% 11017 124630 8661 12%
c - 5256.26 101 30 146 1658 191194 1 44988698 138805 2.9 30 10 2 14 22% 11003 124630 8661 12%
c - 5258.77 103 31 146 1659 191541 1 45029417 138787 3.1 33 11 2 14 26% 11007 124630 8661 12%
c - 5261.71 105 33 146 1660 191886 2 45070147 142277 3.3 36 11 2 14 29% 11011 124630 8661 12%
c - 5264.81 104 34 146 1661 192231 2 45110891 146388 3.4 38 11 2 14 33% 11011 124630 8661 12%
c - 5267.64 108 33 146 1662 192526 2 45151646 148492 3.5 39 11 2 14 33% 11013 124630 8661 12%
c - 5270.67 107 35 146 1663 192852 2 45192414 151131 3.6 40 11 2 14 34% 11017 124630 8661 12%
c - 5273.38 107 35 146 1664 193131 2 45233193 154606 3.5 39 11 2 14 34% 11018 124630 8661 12%
c - 5277.13 108 36 146 1665 193575 2 45273986 156318 3.6 41 12 2 14 36% 11021 124630 8661 12%
c u 5278.41 103 36 146 1665 193599 2 45276295 146617 3.6 41 12 2 14 36% 11036 124609 8661 12%
c v 5280.33 102 36 146 1665 193599 2 45276295 140155 3.6 41 12 2 14 36% 11037 124609 8661 12%
c
c  seconds     switched         rate             size/glue  tier1     binary          remaining
c           MB     reductions      conflicts           size   tier2       irredundant
c            level        restarts         redundant      glue    trail          variables
c
c w 5281.02 109 36 146 1665 193599 2 45276295 140108 3.6 41 12 2 14 36% 11037 124609 8661 12%
c t 5281.04 109 36 146 1665 193599 2 45276295 140108 3.6 41 12 2 14 36% 11023 124609 8661 12%
c - 5282.76 104 32 146 1666 193748 2 45314790 138946 3.5 37 11 2 14 31% 11023 124609 8661 12%
c - 5284.99 120 30 146 1667 194010 2 45355607 139686 3.4 35 10 2 14 29% 11026 124609 8661 12%
c - 5288.08 168 33 146 1668 194399 2 45396438 145046 3.6 39 11 2 14 33% 11026 124609 8661 12%
c - 5291.12 219 34 146 1669 194757 2 45437279 148229 3.6 40 11 2 14 34% 11031 124609 8661 12%
c - 5293.50 255 32 146 1670 194921 2 45478132 150577 3.8 41 11 2 14 34% 11035 124609 8661 12%
c - 5296.59 312 32 146 1671 195217 2 45518997 151432 3.9 43 11 2 14 35% 11037 124609 8661 12%
c o 5297.48 328 33 146 1671 195296 2 45533032 165345 3.8 42 11 2 14 34% 11039 124609 8661 12%
c - 5299.80 369 33 146 1672 195549 2 45559874 152452 3.8 42 11 2 14 35% 11043 124609 8661 12%
c } 5300.79 382 33 147 1672 195616 2 45585961 177925 3.7 38 10 2 14 31% 11046 124609 8661 12%
c [ 5300.79 382 49 147 1672 195616 1 45585961 177925 2.5 92 37 2 25 62% 11046 124609 8661 12%
c W 5301.19 394 49 147 1672 195616 1 45585961 177925 2.5 92 37 2 25 62% 11046 124609 8661 12%
c - 5302.92 399 51 147 1673 195625 1 45600764 143936 2.4 93 38 2 25 62% 11046 124609 8661 12%
c - 5307.92 411 55 147 1674 195644 1 45641668 114554 2.4 96 40 2 25 62% 11046 124609 8661 12%
c - 5312.94 333 50 147 1675 195656 1 45682582 94659 2.6 97 38 2 25 62% 11046 124609 8661 12%
c - 5318.50 336 50 147 1676 195675 1 45723509 91207 2.6 96 37 2 25 62% 11046 124609 8661 12%
c - 5324.06 192 50 147 1677 195678 1 45764447 90175 2.5 95 38 2 25 61% 11046 124609 8661 12%
c - 5329.60 207 52 147 1678 195692 1 45805398 89984 2.5 96 39 2 25 61% 11046 124609 8661 12%
c s 5334.18 223 51 147 1678 195708 1 45840725 121284 2.5 95 38 2 25 61% 11046 124584 8661 12%
c
c  seconds     switched         rate             size/glue  tier1     binary          remaining
c           MB     reductions      conflicts           size   tier2       irredundant
c            level        restarts         redundant      glue    trail          variables
c
c e 5334.19 129 51 147 1678 195708 1 45840725 121284 2.5 95 38 2 25 61% 11038 124628 8657 12%
c s 5334.19 129 51 147 1678 195708 1 45840725 121284 2.5 95 38 2 25 61% 11038 124611 8657 12%
c - 5334.93 133 52 147 1679 195708 1 45846361 92494 2.5 95 39 2 25 61% 11038 124611 8657 12%
c - 5340.24 137 54 147 1680 195723 1 45887337 93912 2.5 96 39 2 25 61% 11038 124611 8657 12%
c - 5345.52 141 52 147 1681 195739 1 45928324 92536 2.5 95 38 2 25 61% 11038 124611 8657 12%
c - 5350.79 145 52 147 1682 195741 1 45969325 92162 2.4 92 38 2 25 61% 11038 124611 8657 12%
c - 5356.95 149 55 147 1683 195742 1 46010337 91557 2.3 91 40 2 25 61% 11038 124611 8657 12%
c u 5358.24 150 55 147 1683 195742 1 46013464 84958 2.3 92 40 2 25 61% 11075 124611 8656 12%
c v 5358.84 161 55 147 1683 195742 1 46013464 76231 2.3 92 40 2 25 61% 11082 124611 8655 12%
c w 5361.48 181 55 147 1683 195742 1 46013464 75242 2.3 92 40 2 25 61% 11081 124611 8655 12%
c t 5361.49 181 55 147 1683 195742 1 46013464 75213 2.3 92 40 2 25 61% 11071 124570 8655 12%
c u 5362.17 178 55 147 1683 195742 1 46013464 74010 2.3 92 40 2 25 61% 11078 124570 8655 12%
c v 5362.51 180 55 147 1683 195742 1 46013464 71322 2.3 92 40 2 25 61% 11078 124570 8655 12%
c w 5364.79 181 55 147 1683 195742 1 46013464 68172 2.3 92 40 2 25 61% 11078 124570 8655 12%
c x 5366.24 183 55 147 1683 195742 1 46013464 68122 2.3 92 40 2 25 61% 11123 124235 8655 12%
c t 5366.26 183 55 147 1683 195742 1 46013464 68122 2.3 92 40 2 25 61% 11115 124235 8655 12%
c i 5366.27 183 55 147 1683 195742 1 46013464 68122 2.3 92 40 2 25 61% 11115 124235 8655 12%
c - 5371.06 193 58 147 1684 195748 1 46051363 72455 2.3 94 42 2 25 61% 11087 124235 8655 12%
c - 5376.13 197 58 147 1685 195767 1 46092402 76703 2.2 91 42 2 25 60% 11087 124235 8655 12%
c ] 5379.06 200 58 148 1685 195773 1 46115220 95681 2.1 88 42 2 25 59% 11087 124235 8655 12%
c
c  seconds     switched         rate            size/glue  tier1     binary          remaining
c           MB     reductions      conflicts          size   tier2       irredundant
c            level        restarts         redundant     glue    trail          variables
c
c { 5379.06 200 33 148 1685 195773 2 46115220 95681 3.7 38 10 2 14 31% 11087 124235 8655 12%
c - 5381.53 169 45 148 1686 196105 2 46133450 81883 3.2 43 14 2 14 35% 11089 124235 8655 12%
c - 5386.15 221 64 148 1687 196754 3 46174513 98764 2.8 50 18 2 14 40% 11091 124235 8655 12%
c - 5390.70 266 74 148 1688 197269 3 46215587 112795 2.7 54 20 2 14 43% 11094 124235 8655 12%
c - 5395.27 332 78 148 1689 197720 3 46256672 121131 2.7 58 22 2 14 45% 11095 124235 8655 12%
c - 5399.92 258 82 148 1690 198107 3 46297771 126624 2.7 60 22 2 14 47% 11095 124235 8655 12%
c - 5404.32 259 79 148 1691 198408 3 46338880 130399 2.7 61 22 2 14 48% 11095 124235 8655 12%
c - 5408.83 256 76 148 1692 198710 3 46380002 133146 2.8 63 23 2 14 50% 11096 124235 8655 12%
c - 5413.80 157 78 148 1693 199076 3 46421135 134832 2.8 64 23 2 14 51% 11098 124235 8655 12%
c - 5418.40 157 74 148 1694 199367 3 46462283 136806 2.7 64 23 2 14 51% 11098 124235 8655 12%
c o 5418.51 151 74 148 1694 199371 3 46463323 137809 2.7 63 23 2 14 51% 11098 124235 8655 12%
c - 5423.00 106 73 148 1695 199682 3 46503442 139333 2.8 65 23 2 14 51% 11098 124235 8655 12%
c - 5427.40 108 66 148 1696 199848 2 46544613 141605 2.7 63 23 2 14 52% 11098 124235 8655 12%
c - 5432.17 110 65 148 1697 200106 2 46585796 144427 2.7 62 23 2 14 52% 11098 124235 8655 12%
c - 5437.06 108 64 148 1698 200404 2 46626993 144601 2.7 62 23 2 14 52% 11098 124235 8655 12%
c - 5441.34 107 57 148 1699 200532 2 46668199 146777 2.7 60 22 2 14 52% 11098 124235 8655 12%
c - 5446.17 109 53 148 1700 200688 2 46709417 149114 2.7 58 22 2 14 53% 11098 124235 8655 12%
c - 5450.66 109 48 148 1701 200801 2 46750651 150680 2.6 55 21 2 14 52% 11098 124235 8655 12%
c u 5452.42 107 49 148 1701 200854 2 46757047 148234 2.6 55 21 2 14 52% 11112 124235 8654 12%
c v 5455.96 106 49 148 1701 200854 2 46757047 132722 2.6 55 21 2 14 52% 11113 124235 8654 12%
c
c  seconds     switched         rate             size/glue  tier1     binary          remaining
c           MB     reductions      conflicts           size   tier2       irredundant
c            level        restarts         redundant      glue    trail          variables
c
c w 5457.35 118 49 148 1701 200854 2 46757047 130221 2.6 55 21 2 14 52% 11113 124235 8654 12%
c t 5457.37 118 49 148 1701 200854 2 46757047 130221 2.6 55 21 2 14 52% 11102 124235 8654 12%
c u 5458.16 105 49 148 1701 200854 2 46757047 129386 2.6 55 21 2 14 52% 11109 124235 8654 12%
c v 5460.64 113 49 148 1701 200854 2 46757047 110596 2.6 55 21 2 14 52% 11109 124235 8654 12%
c w 5463.75 116 49 148 1701 200854 2 46757047 107397 2.6 55 21 2 14 52% 11109 124235 8654 12%
c t 5463.77 116 49 148 1701 200854 2 46757047 107397 2.6 55 21 2 14 52% 11105 124235 8654 12%
c i 5463.78 116 49 148 1701 200854 2 46757047 107397 2.6 55 21 2 14 52% 11105 124235 8654 12%
c - 5467.35 109 50 148 1702 201092 2 46791894 111738 2.5 54 21 2 14 52% 11094 124235 8654 12%
c - 5471.70 104 50 148 1703 201359 2 46833150 122789 2.4 53 22 2 14 52% 11094 124235 8654 12%
c - 5475.74 110 49 148 1704 201560 2 46874418 129277 2.4 51 21 2 14 52% 11094 124235 8654 12%
c - 5480.49 111 53 148 1705 201839 2 46915698 132895 2.4 52 22 2 14 52% 11094 124235 8654 12%
c - 5485.07 110 55 148 1706 202117 2 46956989 133819 2.5 54 22 2 14 52% 11094 124235 8654 12%
c - 5489.35 109 59 148 1707 202399 2 46998292 135229 2.5 55 22 2 14 52% 11095 124235 8654 12%
c - 5492.92 106 50 148 1708 202535 2 47039607 137082 2.3 50 21 2 14 51% 11095 124235 8654 12%
c - 5497.20 111 51 148 1709 202815 2 47080935 139210 2.3 51 22 2 14 51% 11096 124235 8654 12%
c } 5501.55 110 53 149 1709 203124 2 47118917 174559 2.3 51 22 2 14 51% 11096 124235 8654 12%
c [ 5501.55 110 58 149 1709 203124 1 47118917 174559 2.1 88 42 2 25 59% 11096 124235 8654 12%
c O 5501.55 110 58 149 1709 203124 1 47118917 174559 2.1 88 42 2 25 59% 11096 124235 8654 12%
c - 5501.98 111 57 149 1710 203126 1 47122276 137740 2.1 88 42 2 25 59% 11096 124235 8654 12%
c - 5507.03 112 58 149 1711 203145 1 47163628 120459 2.2 89 41 2 25 59% 11096 124235 8654 12%
c
c  seconds    switched         rate            size/glue  tier1     binary          remaining
c          MB     reductions      conflicts          size   tier2       irredundant
c           level        restarts         redundant     glue    trail          variables
c
c - 5512.44 93 62 149 1712 203157 1 47204992 88295 2.1 92 43 2 25 59% 11096 124235 8654 12%
c - 5518.27 101 55 149 1713 203177 1 47246369 80852 2.2 88 40 2 25 59% 11096 124235 8654 12%
c - 5523.62 100 50 149 1714 203186 1 47287757 84371 2.3 85 36 2 25 59% 11096 124235 8654 12%
c - 5529.46 105 51 149 1715 203195 1 47329157 86164 2.3 86 38 2 25 59% 11096 124235 8654 12%
c - 5536.00 102 50 149 1716 203215 1 47370571 81156 2.2 83 38 2 25 59% 11096 124235 8654 12%
c - 5541.91 104 48 149 1717 203226 1 47411995 83925 2.3 83 36 2 25 59% 11096 124235 8654 12%
c o 5542.69 99 49 149 1717 203231 1 47418243 89583 2.3 83 36 2 25 59% 11096 124235 8654 12%
c - 5546.63 102 61 149 1718 203246 1 47453431 89028 2.2 90 41 2 25 59% 11096 124235 8654 12%
c - 5551.84 104 57 149 1719 203249 1 47494880 85354 2.3 91 39 2 25 60% 11096 124235 8654 12%
c u 5554.15 102 56 149 1719 203249 1 47507073 91535 2.3 90 39 2 25 60% 11100 124235 8654 12%
c v 5554.77 104 56 149 1719 203249 1 47507073 84676 2.3 90 39 2 25 60% 11100 124235 8654 12%
c w 5560.19 113 56 149 1719 203249 1 47507073 82427 2.3 90 39 2 25 60% 11100 124235 8654 12%
c - 5564.14 104 53 149 1720 203250 1 47536341 73985 2.3 88 37 2 25 60% 11100 124235 8654 12%
c - 5569.67 105 52 149 1721 203250 1 47577816 75969 2.3 88 38 2 25 61% 11100 124235 8654 12%
c - 5575.74 106 50 149 1722 203272 1 47619303 76481 2.3 86 37 2 25 62% 11100 124235 8654 12%
c - 5580.86 105 51 149 1723 203282 1 47660799 79779 2.4 91 37 2 25 63% 11100 124235 8654 12%
c - 5586.22 105 48 149 1724 203303 1 47702311 77879 2.5 91 36 2 25 63% 11100 124235 8654 12%
c - 5591.77 105 48 149 1725 203313 1 47743833 76416 2.6 92 36 2 25 62% 11100 124235 8654 12%
c - 5597.04 104 47 149 1726 203320 1 47785368 78845 2.6 91 35 2 25 62% 11100 124235 8654 12%
c - 5602.32 105 46 149 1727 203341 1 47826915 81869 2.7 91 34 2 25 62% 11100 124235 8654 12%
c
c  seconds     switched         rate            size/glue  tier1     binary          remaining
c           MB     reductions      conflicts          size   tier2       irredundant
c            level        restarts         redundant     glue    trail          variables
c
c - 5608.09 105 44 149 1728 203351 1 47868473 79650 2.6 88 33 2 25 62% 11100 124235 8654 12%
c - 5613.48 106 44 149 1729 203372 1 47910043 78938 2.6 88 34 2 25 62% 11100 124235 8654 12%
c B 5613.64 98 44 149 1729 203373 1 47911587 80333 2.6 88 34 2 25 62% 11100 124235 8654 12%
c ] 5613.79 100 46 150 1729 203373 1 47913111 81824 2.6 89 34 2 25 62% 11100 124235 8654 12%
c { 5613.79 100 53 150 1729 203373 2 47913111 81824 2.3 51 22 2 14 51% 11100 124235 8654 12%
c - 5616.18 106 61 150 1730 203419 2 47951627 98662 2.4 46 19 2 14 45% 11102 124235 8654 12%
c s 5617.71 106 61 150 1730 203438 2 47975821 121976 2.5 45 18 2 14 43% 11105 124214 8654 12%
c e 5617.75 95 61 150 1730 203438 2 47975821 121976 2.5 45 18 2 14 43% 11057 124403 8640 12%
c s 5617.75 95 61 150 1730 203438 2 47975821 121976 2.5 45 18 2 14 43% 11057 124329 8640 12%
c - 5618.91 120 62 150 1731 203473 2 47993220 121207 2.5 43 17 2 14 42% 11057 124329 8640 12%
c - 5621.68 117 66 150 1732 203570 2 48034827 130900 2.5 39 16 2 14 38% 11060 124329 8640 12%
c - 5624.45 117 72 150 1733 203724 2 48076444 135362 2.5 37 15 2 14 37% 11060 124329 8640 12%
c - 5626.38 116 69 150 1734 203849 2 48118074 137779 2.4 33 14 2 14 31% 11060 124329 8640 12%
c - 5629.27 122 74 150 1735 204122 3 48159720 140856 2.4 32 13 2 14 31% 11061 124329 8640 12%
c - 5632.12 122 78 150 1736 204405 3 48201373 143692 2.4 30 13 2 14 31% 11063 124329 8640 12%
c - 5635.06 123 79 150 1737 204705 3 48243039 147072 2.4 29 13 2 14 31% 11064 124329 8640 12%
c u 5637.07 117 74 150 1737 204779 3 48263569 155684 2.3 28 12 2 14 29% 11070 124329 8640 12%
c v 5639.96 124 74 150 1737 204779 3 48263569 148192 2.3 28 12 2 14 29% 11070 124329 8640 12%
c w 5640.79 124 74 150 1737 204779 3 48263569 147911 2.3 28 12 2 14 29% 11070 124329 8640 12%
c t 5640.80 124 74 150 1737 204779 3 48263569 147911 2.3 28 12 2 14 29% 11061 124329 8640 12%
c
c  seconds     switched         rate             size/glue  tier1     binary          remaining
c           MB     reductions      conflicts           size   tier2       irredundant
c            level        restarts         redundant      glue    trail          variables
c
c f 5640.82 124 74 150 1737 204779 3 48263569 147911 2.3 28 12 2 14 29% 11067 124269 8643 12%
c u 5641.64 139 74 150 1737 204779 3 48263569 146503 2.3 28 12 2 14 29% 11068 124269 8643 12%
c v 5644.80 143 74 150 1737 204779 3 48263569 122812 2.3 28 12 2 14 29% 11068 124269 8643 12%
c w 5645.59 143 74 150 1737 204779 3 48263569 122537 2.3 28 12 2 14 29% 11068 124269 8643 12%
c t 5645.61 143 74 150 1737 204779 3 48263569 122537 2.3 28 12 2 14 29% 11066 124269 8643 12%
c - 5646.95 147 76 150 1738 204954 3 48284719 116685 2.3 28 12 2 14 29% 11067 124269 8643 12%
c - 5649.40 181 77 150 1739 205229 3 48326408 129446 2.3 27 12 2 14 29% 11068 124269 8643 12%
c - 5651.90 216 76 150 1740 205549 3 48368113 137584 2.2 26 12 2 14 28% 11071 124269 8643 12%
c o 5651.92 216 75 150 1740 205550 3 48368969 138279 2.2 26 12 2 14 28% 11071 124269 8643 12%
c - 5654.61 269 78 150 1741 205886 3 48409827 141323 2.3 27 12 2 14 28% 11072 124268 8643 12%
c - 5657.58 340 78 150 1742 206233 3 48451553 144801 2.3 27 12 2 14 29% 11077 124268 8643 12%
c - 5660.52 396 80 150 1743 206600 3 48493291 147718 2.3 27 12 2 14 29% 11083 124266 8643 12%
c - 5663.53 402 79 150 1744 206969 3 48535040 150440 2.3 27 12 2 14 29% 11085 124266 8643 12%
c - 5666.59 443 79 150 1745 207315 3 48576801 152553 2.3 27 12 2 14 29% 11087 124266 8643 12%
c - 5669.25 482 76 150 1746 207630 3 48618576 154547 2.2 26 12 2 14 28% 11088 124266 8643 12%
c - 5672.27 403 77 150 1747 207966 3 48660361 156834 2.3 26 12 2 14 28% 11090 124266 8643 12%
c - 5675.42 427 76 150 1748 208325 3 48702159 158629 2.2 26 12 2 14 28% 11097 124266 8643 12%
c - 5678.15 451 74 150 1749 208639 3 48743970 160068 2.2 26 12 2 14 27% 11098 124265 8643 12%
c - 5680.89 471 72 150 1750 208931 3 48785792 162265 2.2 25 11 2 14 26% 11100 124264 8643 12%
c - 5683.99 355 74 150 1751 209326 3 48827625 164161 2.3 27 12 2 14 27% 11101 124264 8643 12%
c
c  seconds     switched         rate             size/glue  tier1     binary          remaining
c           MB     reductions      conflicts           size   tier2       irredundant
c            level        restarts         redundant      glue    trail          variables
c
c - 5687.14 384 75 150 1752 209679 3 48869469 166042 2.3 27 12 2 14 28% 11104 124264 8643 12%
c - 5690.07 386 76 150 1753 210011 3 48911326 167908 2.3 27 12 2 14 28% 11106 124264 8643 12%
c } 5692.22 387 77 151 1753 210267 3 48941444 196952 2.3 27 12 2 14 28% 11109 124264 8643 12%
c [ 5692.22 387 46 151 1753 210267 1 48941444 196952 2.6 89 34 2 25 62% 11109 124264 8643 12%
c W 5692.40 208 46 151 1753 210267 1 48941444 196952 2.6 89 34 2 25 62% 11109 124264 8643 12%
c - 5693.64 212 51 151 1754 210273 1 48953194 163251 2.5 91 36 2 25 61% 11109 124264 8643 12%
c - 5699.03 222 54 151 1755 210295 1 48995074 136990 2.4 94 39 2 25 61% 11109 124264 8643 12%
c u 5704.42 157 53 151 1755 210300 1 49026535 144247 2.4 91 38 2 25 61% 11118 124264 8643 12%
c v 5706.09 157 53 151 1755 210300 1 49026535 134689 2.4 91 38 2 25 61% 11119 124264 8643 12%
c w 5707.07 173 53 151 1755 210300 1 49026535 130368 2.4 91 38 2 25 61% 11119 124264 8643 12%
c t 5707.09 173 53 151 1755 210300 1 49026535 130368 2.4 91 38 2 25 61% 11106 124264 8643 12%
c - 5708.46 160 53 151 1756 210306 1 49036966 87182 2.4 92 38 2 25 62% 11106 124264 8643 12%
c - 5713.95 119 50 151 1757 210326 1 49078871 86679 2.5 91 37 2 25 62% 11106 124264 8643 12%
c - 5719.64 120 47 151 1758 210329 1 49120788 88089 2.6 92 36 2 24 62% 11106 124264 8643 12%
c - 5725.22 120 46 151 1759 210343 1 49162716 90129 2.6 91 35 2 24 62% 11106 124264 8643 12%
c - 5730.58 120 45 151 1760 210360 1 49204661 93354 2.7 91 34 2 24 62% 11106 124264 8643 12%
c - 5735.61 122 45 151 1761 210375 1 49246614 90173 2.8 94 34 2 24 63% 11106 124264 8643 12%
c - 5740.53 122 45 151 1762 210391 1 49288578 90900 2.8 95 34 2 24 63% 11106 124264 8643 12%
c - 5746.16 124 47 151 1763 210392 1 49330555 88951 2.8 100 36 2 24 62% 11106 124264 8643 12%
c - 5751.84 122 50 151 1764 210393 1 49372545 86449 2.7 102 37 2 24 62% 11106 124264 8643 12%
c
c  seconds     switched         rate             size/glue   tier1     binary          remaining
c           MB     reductions      conflicts           size    tier2       irredundant
c            level        restarts         redundant       glue    trail          variables
c
c o 5758.00 119 54 151 1764 210402 1 49413943 124544 2.6 106 40 2 24 61% 11106 124264 8643 12%
c - 5758.07 121 54 151 1765 210402 1 49414545 87085 2.6 106 40 2 24 61% 11106 124264 8643 12%
c - 5762.95 123 57 151 1766 210422 1 49456558 89003 2.6 103 40 2 24 61% 11106 124264 8643 12%
c - 5767.86 123 57 151 1767 210434 1 49498581 88540 2.5 99 40 2 24 62% 11106 124264 8643 12%
c - 5773.49 123 56 151 1768 210454 1 49540616 87388 2.4 97 40 2 24 62% 11106 124264 8643 12%
c ] 5773.92 116 56 152 1768 210454 1 49544394 90943 2.4 97 40 2 24 62% 11106 124264 8643 12%
c { 5773.92 116 77 152 1768 210454 3 49544394 90943 2.3 27 12 2 14 28% 11106 124264 8643 12%
c - 5778.62 122 85 152 1769 211112 3 49582666 99137 2.3 41 17 2 14 36% 11108 124264 8643 12%
c - 5783.58 124 91 152 1770 211743 3 49624726 112587 2.4 51 22 2 14 42% 11108 124264 8643 12%
c - 5788.59 124 91 152 1771 212263 3 49666797 120775 2.4 57 24 2 14 47% 11108 124264 8643 12%
c - 5793.60 124 90 152 1772 212684 3 49708880 126340 2.5 62 25 2 14 50% 11109 124264 8643 12%
c - 5798.87 122 87 152 1773 213033 3 49750976 129060 2.6 66 26 2 14 52% 11109 124264 8643 12%
c - 5803.92 124 89 152 1774 213384 3 49793084 132075 2.7 68 26 2 14 53% 11109 124264 8643 12%
c u 5805.24 118 90 152 1774 213400 3 49795979 126561 2.7 69 26 2 14 53% 11120 124264 8643 12%
c v 5807.52 117 90 152 1774 213400 3 49795979 104701 2.7 69 26 2 14 53% 11126 124264 8643 12%
c w 5810.82 126 90 152 1774 213400 3 49795979 104216 2.7 69 26 2 14 53% 11126 124264 8643 12%
c t 5810.84 126 90 152 1774 213400 3 49795979 104216 2.7 69 26 2 14 53% 11122 124264 8643 12%
c - 5814.94 122 82 152 1775 213640 3 49835203 110026 2.6 68 26 2 14 55% 11122 124264 8643 12%
c - 5819.77 122 82 152 1776 213933 3 49877333 117513 2.7 69 26 2 14 55% 11122 124264 8643 12%
c - 5824.67 124 78 152 1777 214220 2 49919476 122828 2.7 70 26 2 14 57% 11122 124264 8643 12%
c
c  seconds     switched         rate             size/glue  tier1     binary          remaining
c           MB     reductions      conflicts           size   tier2       irredundant
c            level        restarts         redundant      glue    trail          variables
c
c - 5829.62 123 83 152 1778 214534 3 49961630 126520 2.7 70 26 2 14 56% 11122 124264 8643 12%
c - 5834.83 125 79 152 1779 214842 2 50003798 127396 2.7 70 26 2 14 57% 11123 124264 8643 12%
c - 5840.41 119 79 152 1780 215166 2 50045977 127680 2.7 70 26 2 14 57% 11124 124264 8643 12%
c - 5845.39 122 76 152 1781 215430 2 50088168 130269 2.8 71 26 2 14 58% 11124 124264 8643 12%
c - 5850.40 125 77 152 1782 215714 2 50130370 132088 2.8 71 26 2 14 57% 11124 124264 8643 12%
c s 5854.68 118 75 152 1782 215931 2 50168011 168387 2.8 71 25 2 14 58% 11124 124238 8643 12%
c e 5854.69 112 75 152 1782 215931 2 50168011 168387 2.8 71 25 2 14 58% 11117 124260 8641 12%
c s 5854.69 112 75 152 1782 215931 2 50168011 168387 2.8 71 25 2 14 58% 11117 124249 8641 12%
c - 5855.39 126 74 152 1783 215958 2 50172583 132199 2.8 71 25 2 14 58% 11117 124249 8641 12%
c - 5860.50 123 73 152 1784 216270 2 50214808 131589 2.8 71 26 2 14 57% 11117 124249 8641 12%
c - 5865.68 125 70 152 1785 216525 2 50257046 131055 2.8 70 25 2 14 58% 11117 124249 8641 12%
c - 5870.74 121 70 152 1786 216801 2 50299297 130361 2.6 67 26 2 14 57% 11118 124249 8641 12%
c - 5875.51 119 66 152 1787 217017 2 50341558 130345 2.6 66 25 2 14 58% 11118 124249 8641 12%
c - 5880.64 120 63 152 1788 217251 2 50383833 131714 2.6 65 25 2 14 58% 11118 124249 8641 12%
c o 5880.87 121 62 152 1788 217255 2 50386457 134235 2.6 65 25 2 14 58% 11118 124249 8641 12%
c - 5885.68 124 67 152 1789 217558 2 50426117 134215 2.6 65 25 2 14 57% 11119 124249 8641 12%
c - 5890.98 126 64 152 1790 217805 2 50468413 135066 2.5 64 25 2 14 57% 11119 124249 8641 12%
c - 5896.55 126 68 152 1791 218131 2 50510722 135500 2.6 65 25 2 14 56% 11119 124249 8641 12%
c - 5901.34 126 64 152 1792 218351 2 50553042 137055 2.6 65 25 2 14 56% 11119 124249 8641 12%
c u 5904.98 123 65 152 1792 218522 2 50571918 146986 2.6 66 25 2 14 56% 11123 124249 8641 12%
c
c  seconds     switched         rate             size/glue  tier1     binary          remaining
c           MB     reductions      conflicts           size   tier2       irredundant
c            level        restarts         redundant      glue    trail          variables
c
c v 5907.95 129 65 152 1792 218522 2 50571918 129010 2.6 66 25 2 14 56% 11123 124249 8641 12%
c w 5910.41 135 65 152 1792 218522 2 50571918 128179 2.6 66 25 2 14 56% 11123 124249 8641 12%
c t 5910.43 135 65 152 1792 218522 2 50571918 128179 2.6 66 25 2 14 56% 11120 124249 8641 12%
c - 5912.91 125 65 152 1793 218657 2 50595374 115109 2.6 64 25 2 14 56% 11120 124249 8641 12%
c } 5913.08 120 66 153 1793 218662 2 50597617 117297 2.6 65 25 2 14 56% 11120 124249 8641 12%
c [ 5913.08 120 56 153 1793 218662 1 50597617 117297 2.4 97 40 2 24 62% 11120 124249 8641 12%
c I 5913.08 120 56 153 1793 218662 1 50597617 117297 2.4 97 40 2 24 62% 11120 124249 8641 12%
c - 5917.40 103 61 153 1794 218682 1 50637717 106384 2.3 96 42 2 24 62% 11120 124249 8641 12%
c - 5922.16 124 63 153 1795 218693 1 50680072 83525 2.2 96 44 2 24 61% 11120 124249 8641 12%
c - 5927.00 123 64 153 1796 218714 1 50722443 76054 2.1 96 46 2 24 58% 11120 124249 8641 12%
c - 5932.25 121 64 153 1797 218724 1 50764822 74476 2.0 95 47 2 24 56% 11120 124249 8641 12%
c - 5937.98 122 64 153 1798 218732 1 50807215 74688 2.0 95 48 2 24 55% 11120 124249 8641 12%
c - 5942.78 122 63 153 1799 218753 1 50849617 79122 2.0 93 45 2 24 57% 11120 124249 8641 12%
c - 5948.15 122 59 153 1800 218765 1 50892031 80003 2.1 91 43 2 24 59% 11120 124249 8641 12%
c - 5953.00 122 56 153 1801 218785 1 50934458 80639 2.3 92 40 2 24 61% 11120 124249 8641 12%
c - 5958.45 121 54 153 1802 218787 1 50976896 80703 2.3 91 40 2 24 62% 11120 124249 8641 12%
c - 5964.23 121 52 153 1803 218788 1 51019345 79207 2.4 91 38 2 24 62% 11120 124249 8641 12%
c - 5970.22 119 50 153 1804 218792 1 51061808 79706 2.4 90 38 2 24 63% 11120 124249 8641 12%
c - 5975.54 120 50 153 1805 218813 1 51104281 81498 2.3 88 38 2 24 62% 11120 124249 8641 12%
c - 5981.60 123 48 153 1806 218825 1 51146766 78735 2.3 83 36 2 24 61% 11120 124249 8641 12%
c
c  seconds     switched         rate            size/glue  tier1     binary          remaining
c           MB     reductions      conflicts          size   tier2       irredundant
c            level        restarts         redundant     glue    trail          variables
c
c - 5988.00 122 46 153 1807 218846 1 51189266 77874 2.3 82 36 2 24 61% 11120 124249 8641 12%
c - 5993.64 117 47 153 1808 218851 1 51231775 80655 2.3 85 36 2 24 61% 11120 124249 8641 12%
c - 5998.69 118 48 153 1809 218865 1 51274295 82054 2.5 89 36 2 24 62% 11120 124249 8641 12%
c - 6003.51 120 49 153 1810 218881 1 51316828 83598 2.5 90 36 2 24 62% 11120 124249 8641 12%
c u 6008.63 123 47 153 1810 218895 1 51354348 114631 2.7 92 35 2 24 62% 11126 124249 8641 12%
c v 6009.38 125 47 153 1810 218895 1 51354348 109187 2.7 92 35 2 24 62% 11126 124249 8641 12%
c w 6016.86 139 47 153 1810 218895 1 51354348 106413 2.7 92 35 2 24 62% 11126 124249 8641 12%
c t 6016.88 139 47 153 1810 218895 1 51354348 106413 2.7 92 35 2 24 62% 11124 124249 8641 12%
c - 6017.44 118 47 153 1811 218896 1 51359374 76464 2.7 92 34 2 24 62% 11124 124249 8641 12%
c o 6018.42 119 47 153 1811 218898 1 51368390 84875 2.7 92 34 2 24 62% 11124 124249 8641 12%
c - 6022.88 119 56 153 1812 218913 1 51401929 75773 2.4 99 41 2 24 60% 11124 124249 8641 12%
c B 6026.55 122 62 153 1812 218914 1 51429993 101196 2.3 103 45 2 24 58% 11124 124249 8641 12%
c - 6028.12 119 73 153 1813 218914 1 51444496 70650 2.1 107 50 2 24 58% 11124 124249 8641 12%
c - 6033.51 124 96 153 1814 218915 1 51487075 69127 1.9 117 61 2 24 59% 11124 124249 8641 12%
c - 6038.99 124 113 153 1815 218916 1 51529668 67664 1.8 125 69 2 24 60% 11124 124249 8641 12%
c ] 6042.21 121 120 154 1815 218916 1 51556755 93642 1.8 127 73 2 24 61% 11124 124249 8641 12%
c { 6042.21 121 66 154 1815 218916 2 51556755 93642 2.6 65 25 2 14 56% 11124 124249 8641 12%
c - 6043.70 124 70 154 1816 219008 2 51572270 75081 2.7 65 24 2 14 55% 11124 124249 8641 12%
c - 6047.71 124 82 154 1817 219386 3 51614885 94878 2.7 66 25 2 14 53% 11124 124249 8641 12%
c - 6052.23 122 90 154 1818 219756 3 51657511 109289 2.6 66 25 2 14 52% 11124 124249 8641 12%
c
c  seconds     switched         rate             size/glue  tier1     binary          remaining
c           MB     reductions      conflicts           size   tier2       irredundant
c            level        restarts         redundant      glue    trail          variables
c
c - 6056.78 124 96 154 1819 220096 3 51700149 115884 2.7 67 25 2 14 52% 11124 124249 8641 12%
c - 6061.62 125 97 154 1820 220449 3 51742798 120164 2.7 67 25 2 14 51% 11124 124249 8641 12%
c - 6066.33 126 95 154 1821 220795 3 51785459 123017 2.7 69 25 2 14 51% 11124 124249 8641 12%
c - 6071.31 121 95 154 1822 221181 3 51828132 124661 2.7 70 26 2 14 51% 11124 124249 8641 12%
c - 6076.42 128 96 154 1823 221536 3 51870818 125976 2.7 71 26 2 14 51% 11124 124249 8641 12%
c - 6081.11 125 94 154 1824 221897 3 51913516 126644 2.7 71 26 2 14 50% 11125 124249 8641 12%
c - 6086.27 123 93 154 1825 222241 3 51956225 127872 2.7 71 26 2 14 50% 11125 124249 8641 12%
c - 6091.30 128 95 154 1826 222549 3 51998945 131233 2.8 71 26 2 14 50% 11125 124249 8641 12%
c - 6096.72 126 95 154 1827 222943 3 52041677 131661 2.7 71 26 2 14 50% 11126 124249 8641 12%
c - 6101.30 124 94 154 1828 223230 3 52084420 132995 2.8 72 25 2 14 51% 11126 124249 8641 12%
c - 6105.93 128 93 154 1829 223517 3 52127175 136328 2.8 71 25 2 14 50% 11126 124249 8641 12%
c u 6108.57 125 94 154 1829 223639 3 52143275 143580 2.9 71 25 2 14 50% 11132 124249 8641 12%
c v 6111.53 130 94 154 1829 223639 3 52143275 118270 2.9 71 25 2 14 50% 11132 124249 8641 12%
c w 6113.55 133 94 154 1829 223639 3 52143275 118123 2.9 71 25 2 14 50% 11132 124249 8641 12%
c t 6113.57 133 94 154 1829 223639 3 52143275 118123 2.9 71 25 2 14 50% 11127 124249 8641 12%
c - 6116.86 125 95 154 1830 223927 3 52169942 109821 2.8 71 26 2 14 50% 11127 124249 8641 12%
c - 6121.46 123 94 154 1831 224279 3 52212720 115459 2.8 71 26 2 14 50% 11128 124249 8641 12%
c - 6126.11 124 93 154 1832 224617 3 52255512 120584 2.8 72 26 2 14 50% 11131 124249 8641 12%
c - 6131.26 126 95 154 1833 224992 3 52298316 124024 2.8 74 26 2 14 51% 11131 124249 8641 12%
c - 6136.18 127 98 154 1834 225352 3 52341132 126319 2.7 72 27 2 14 50% 11133 124249 8641 12%
c
c  seconds     switched         rate             size/glue  tier1     binary          remaining
c           MB     reductions      conflicts           size   tier2       irredundant
c            level        restarts         redundant      glue    trail          variables
c
c o 6137.69 123 96 154 1834 225447 3 52358527 143455 2.8 73 26 2 14 50% 11133 124249 8641 12%
c - 6140.90 124 94 154 1835 225679 3 52383957 128156 2.8 74 26 2 14 50% 11133 124249 8641 12%
c s 6145.04 126 94 154 1835 225963 3 52417797 161283 2.8 74 27 2 14 50% 11133 124247 8641 12%
c - 6146.31 124 93 154 1836 226033 3 52426793 129259 2.8 74 27 2 14 50% 11133 124247 8641 12%
c - 6151.71 126 94 154 1837 226399 3 52469641 129567 2.8 75 27 2 14 50% 11136 124247 8641 12%
c - 6156.83 128 94 154 1838 226761 3 52512502 130075 2.8 75 27 2 14 50% 11136 124247 8641 12%
c - 6161.57 126 87 154 1839 227008 3 52555374 132041 2.9 76 27 2 14 52% 11136 124247 8641 12%
c - 6167.24 127 86 154 1840 227353 3 52598257 133700 2.8 75 27 2 14 52% 11136 124247 8641 12%
c } 6171.77 124 87 155 1840 227691 3 52635116 169932 2.8 75 27 2 14 51% 11136 124247 8641 12%
c [ 6171.77 124 120 155 1840 227691 1 52635116 169932 1.8 127 73 2 24 61% 11136 124247 8641 12%
c W 6171.84 136 120 155 1840 227691 1 52635116 169932 1.8 127 73 2 24 61% 11136 124247 8641 12%
c - 6172.58 140 119 155 1841 227695 1 52641153 131526 1.8 126 72 2 24 61% 11136 124247 8641 12%
c - 6178.31 126 95 155 1842 227715 1 52684061 118388 1.9 113 59 2 24 59% 11136 124247 8641 12%
c - 6184.18 139 77 155 1843 227728 1 52726979 98583 2.1 107 50 2 24 57% 11136 124247 8641 12%
c - 6190.19 140 67 155 1844 227749 1 52769909 93777 2.2 101 45 2 24 56% 11136 124247 8641 12%
c - 6195.98 139 62 155 1845 227753 1 52812852 93093 2.2 96 43 2 24 55% 11136 124247 8641 12%
c - 6201.72 139 58 155 1846 227767 1 52855806 94439 2.3 93 41 2 24 56% 11136 124247 8641 12%
c - 6207.67 140 59 155 1847 227784 1 52898775 92465 2.2 93 42 2 24 56% 11136 124247 8641 12%
c u 6213.52 136 57 155 1847 227799 1 52938721 120653 2.3 92 41 2 24 57% 11140 124247 8641 12%
c v 6214.39 139 57 155 1847 227799 1 52938721 109897 2.3 92 41 2 24 57% 11141 124247 8641 12%
c
c  seconds     switched         rate             size/glue  tier1     binary          remaining
c           MB     reductions      conflicts           size   tier2       irredundant
c            level        restarts         redundant      glue    trail          variables
c
c w 6220.86 155 57 155 1847 227799 1 52938721 103425 2.3 92 41 2 24 57% 11141 124247 8641 12%
c t 6220.88 155 57 155 1847 227799 1 52938721 103425 2.3 92 41 2 24 57% 11136 124247 8641 12%
c - 6221.26 132 57 155 1848 227799 1 52941756 74737 2.3 92 41 2 24 57% 11136 124247 8641 12%
c - 6226.32 133 54 155 1849 227815 1 52984746 78227 2.3 91 39 2 24 59% 11136 124247 8641 12%
c - 6232.10 138 55 155 1850 227816 1 53027748 79754 2.3 92 40 2 24 59% 11136 124247 8641 12%
c - 6238.49 139 57 155 1851 227817 1 53070759 77613 2.3 93 41 2 24 60% 11136 124247 8641 12%
c - 6244.54 134 56 155 1852 227830 1 53113784 80440 2.3 93 40 2 24 60% 11136 124247 8641 12%
c - 6249.82 133 56 155 1853 227847 1 53156822 83449 2.3 93 40 2 24 60% 11136 124247 8641 12%
c - 6255.33 135 55 155 1854 227862 1 53199870 80699 2.4 95 39 2 24 60% 11136 124247 8641 12%
c - 6260.57 136 63 155 1855 227879 1 53242928 83320 2.3 98 43 2 24 60% 11136 124247 8641 12%
c - 6266.51 136 72 155 1856 227880 1 53286000 79776 2.1 103 48 2 24 60% 11136 124247 8641 12%
c - 6271.90 136 68 155 1857 227899 1 53329082 79367 2.2 101 46 2 24 61% 11136 124247 8641 12%
c - 6277.49 134 59 155 1858 227911 1 53372176 83686 2.4 98 41 2 24 61% 11136 124247 8641 12%
c - 6283.44 133 54 155 1859 227933 1 53415283 83650 2.5 97 39 2 24 61% 11136 124247 8641 12%
c - 6290.06 135 53 155 1860 227943 1 53458401 84736 2.5 95 38 2 24 60% 11136 124247 8641 12%
c O 6295.58 138 53 155 1860 227944 1 53494333 117142 2.4 94 39 2 24 59% 11136 124247 8641 12%
c o 6295.58 138 53 155 1860 227944 1 53494333 117142 2.4 94 39 2 24 59% 11136 124247 8641 12%
c - 6296.39 134 52 155 1861 227944 1 53501528 86467 2.6 96 38 2 24 59% 11136 124247 8641 12%
c ] 6299.17 136 50 156 1861 227944 1 53523089 106866 2.9 106 37 2 24 58% 11136 124247 8641 12%
c { 6299.17 136 87 156 1861 227944 3 53523089 106866 2.8 75 27 2 14 51% 11136 124247 8641 12%
c
c  seconds     switched         rate            size/glue  tier1     binary          remaining
c           MB     reductions      conflicts          size   tier2       irredundant
c            level        restarts         redundant     glue    trail          variables
c
c - 6300.88 138 87 156 1862 228006 2 53544667 96763 2.8 74 26 2 14 53% 11136 124247 8641 12%
c - 6304.57 137 83 156 1863 228147 2 53587819 109399 3.0 72 24 2 14 52% 11138 124247 8641 12%
c - 6309.05 140 84 156 1864 228397 2 53630981 120564 3.0 71 23 2 14 53% 11139 124247 8641 12%
c - 6313.52 140 82 156 1865 228630 2 53674157 126871 3.2 70 22 2 14 54% 11139 124247 8641 12%
c - 6318.17 140 83 156 1866 228928 2 53717343 131791 3.1 68 22 2 14 54% 11139 124247 8641 12%
c u 6321.64 141 82 156 1866 229113 2 53740664 150855 3.1 66 21 2 14 54% 11142 124247 8641 12%
c v 6325.19 137 82 156 1866 229113 2 53740664 126853 3.1 66 21 2 14 54% 11144 124247 8641 12%
c w 6327.76 148 82 156 1866 229113 2 53740664 126648 3.1 66 21 2 14 54% 11144 124247 8641 12%
c t 6327.78 148 82 156 1866 229113 2 53740664 126648 3.1 66 21 2 14 54% 11142 124247 8641 12%
c - 6329.97 138 83 156 1867 229272 2 53760540 113180 3.1 66 21 2 14 53% 11142 124247 8641 12%
c - 6334.68 141 83 156 1868 229589 2 53803748 121638 3.1 67 21 2 14 53% 11142 124247 8641 12%
c - 6339.00 140 82 156 1869 229874 2 53846969 128583 3.1 65 21 2 14 52% 11144 124247 8641 12%
c - 6344.31 137 83 156 1870 230263 2 53890201 131497 3.1 65 21 2 14 52% 11144 124247 8641 12%
c - 6349.52 139 84 156 1871 230665 3 53933444 131913 3.1 66 22 2 14 52% 11145 124247 8641 12%
c - 6353.97 142 83 156 1872 230952 2 53976701 134509 3.1 66 21 2 14 52% 11145 124247 8641 12%
c - 6359.13 142 83 156 1873 231320 3 54019967 137116 3.1 65 21 2 14 51% 11145 124247 8641 12%
c - 6364.64 140 82 156 1874 231692 3 54063245 137281 3.1 66 22 2 14 52% 11145 124247 8641 12%
c - 6369.20 139 80 156 1875 231968 2 54106537 140200 3.1 65 21 2 14 51% 11147 124247 8641 12%
c - 6374.51 143 80 156 1876 232329 2 54149838 142264 3.1 66 21 2 14 52% 11148 124247 8641 12%
c - 6379.83 142 81 156 1877 232736 3 54193152 141427 3.1 67 22 2 14 51% 11149 124247 8641 12%
c
c  seconds     switched         rate             size/glue  tier1     binary          remaining
c           MB     reductions      conflicts           size   tier2       irredundant
c            level        restarts         redundant      glue    trail          variables
c
c - 6385.02 143 82 156 1878 233089 3 54236477 142167 3.1 67 22 2 14 52% 11149 124247 8641 12%
c - 6389.88 140 81 156 1879 233419 3 54279812 144643 3.1 66 22 2 14 51% 11150 124247 8641 12%
c - 6395.70 139 81 156 1880 233851 3 54323160 144559 3.0 68 22 2 14 51% 11151 124247 8641 12%
c - 6400.62 141 80 156 1881 234153 3 54366518 145372 3.1 68 22 2 14 52% 11151 124247 8641 12%
c - 6406.48 142 81 156 1882 234530 3 54409888 147078 3.1 70 22 2 14 54% 11151 124247 8641 12%
c - 6411.52 140 78 156 1883 234793 2 54453271 149275 3.2 69 22 2 14 55% 11151 124247 8641 12%
c - 6417.19 139 79 156 1884 235182 2 54496666 150366 3.1 69 22 2 14 54% 11151 124247 8641 12%
c o 6418.21 143 79 156 1884 235260 2 54504441 158080 3.1 69 22 2 14 54% 11151 124247 8641 12%
c - 6422.69 143 80 156 1885 235551 2 54540072 149849 3.1 69 22 2 14 54% 11151 124247 8641 12%
c u 6424.91 156 80 156 1885 235614 2 54549128 147982 3.1 70 22 2 14 54% 11156 124247 8641 12%
c v 6428.00 161 80 156 1885 235614 2 54549128 120982 3.1 70 22 2 14 54% 11156 124247 8641 12%
c w 6429.86 163 80 156 1885 235614 2 54549128 120733 3.1 70 22 2 14 54% 11156 124247 8641 12%
c t 6429.88 163 80 156 1885 235614 2 54549128 120733 3.1 70 22 2 14 54% 11152 124247 8641 12%
c - 6433.95 156 81 156 1886 235890 2 54583488 121974 3.1 69 22 2 14 55% 11152 124247 8641 12%
c } 6439.10 156 80 157 1886 236227 2 54626839 164837 3.1 70 22 2 14 54% 11153 124247 8641 12%
c [ 6439.10 156 50 157 1886 236227 1 54626839 164837 2.9 106 37 2 24 58% 11153 124247 8641 12%
c B 6439.10 156 50 157 1886 236227 1 54626839 164837 2.9 106 37 2 24 58% 11153 124247 8641 12%
c - 6439.14 157 51 157 1887 236227 1 54626916 130384 2.9 106 37 2 24 58% 11153 124247 8641 12%
c - 6444.89 95 59 157 1888 236248 1 54670355 115161 2.5 107 42 2 24 58% 11153 124247 8641 12%
c - 6450.73 94 60 157 1889 236261 1 54713807 87920 2.5 108 44 2 24 57% 11153 124247 8641 12%
c
c  seconds    switched         rate            size/glue   tier1     binary          remaining
c          MB     reductions      conflicts          size    tier2       irredundant
c           level        restarts         redundant      glue    trail          variables
c
c s 6452.19 87 60 157 1889 236268 1 54725619 98622 2.5 108 44 2 24 57% 11153 124246 8641 12%
c - 6456.24 107 59 157 1890 236282 1 54757270 84851 2.6 110 43 2 24 58% 11153 124246 8641 12%
c - 6462.05 105 58 157 1891 236289 1 54800744 84918 2.6 110 42 2 24 58% 11153 124246 8641 12%
c - 6467.94 104 57 157 1892 236303 1 54844230 85319 2.6 111 42 2 24 58% 11153 124246 8641 12%
c - 6473.34 107 55 157 1893 236319 1 54887728 89441 2.6 105 40 2 24 59% 11153 124246 8641 12%
c - 6479.39 106 54 157 1894 236335 1 54931238 89435 2.5 100 40 2 24 59% 11153 124246 8641 12%
c - 6485.79 107 53 157 1895 236351 1 54974760 85717 2.4 96 40 2 24 58% 11153 124246 8641 12%
c - 6491.84 107 49 157 1896 236352 1 55018291 89046 2.5 93 37 2 24 58% 11153 124246 8641 12%
c - 6498.41 107 47 157 1897 236353 1 55061835 91365 2.4 90 37 2 24 57% 11153 124246 8641 12%
c - 6505.48 107 47 157 1898 236366 1 55105389 90240 2.3 88 37 2 24 56% 11153 124246 8641 12%
c - 6512.51 107 47 157 1899 236383 1 55148957 89896 2.3 86 37 2 24 56% 11153 124246 8641 12%
c - 6519.63 107 46 157 1900 236398 1 55192534 90981 2.3 84 37 2 24 56% 11153 124246 8641 12%
c - 6526.88 107 44 157 1901 236415 1 55236122 93597 2.3 83 36 2 24 56% 11153 124246 8641 12%
c - 6534.29 107 44 157 1902 236416 1 55279724 94424 2.3 82 36 2 24 55% 11153 124246 8641 12%
c - 6542.07 104 43 157 1903 236437 1 55323337 93644 2.3 80 35 2 24 55% 11153 124246 8641 12%
c u 6550.02 103 41 157 1903 236447 1 55364139 122814 2.3 79 34 2 24 55% 11157 124246 8641 12%
c v 6550.95 107 41 157 1903 236447 1 55364139 116694 2.3 79 34 2 24 55% 11157 124246 8641 12%
c w 6560.55 124 41 157 1903 236447 1 55364139 106334 2.3 79 34 2 24 55% 11157 124246 8641 12%
c t 6560.57 124 41 157 1903 236447 1 55364139 106334 2.3 79 34 2 24 55% 11152 124246 8641 12%
c - 6560.95 102 41 157 1904 236449 1 55366960 87118 2.3 79 34 2 24 55% 11152 124246 8641 12%
c
c  seconds     switched         rate            size/glue  tier1     binary          remaining
c           MB     reductions      conflicts          size   tier2       irredundant
c            level        restarts         redundant     glue    trail          variables
c
c - 6566.43 107 52 157 1905 236470 1 55410595 90252 2.1 85 39 2 24 57% 11152 124246 8641 12%
c ] 6569.48 103 55 158 1905 236478 1 55434063 111316 2.1 87 41 2 24 57% 11152 124246 8641 12%
c { 6569.48 103 80 158 1905 236478 2 55434063 111316 3.1 70 22 2 14 54% 11152 124246 8641 12%
c - 6572.35 107 84 158 1906 236763 3 55454241 87116 3.0 71 24 2 14 54% 11152 124246 8641 12%
c - 6577.42 107 90 158 1907 237260 3 55497899 101974 2.8 72 26 2 14 54% 11152 124246 8641 12%
c o 6580.23 107 92 158 1907 237507 3 55524460 127891 2.7 71 26 2 14 52% 11152 124246 8641 12%
c - 6582.64 107 92 158 1908 237700 3 55541569 113318 2.7 72 27 2 14 53% 11152 124246 8641 12%
c - 6587.47 108 87 158 1909 237991 3 55585249 119208 2.7 72 26 2 14 51% 11152 124246 8641 12%
c - 6592.46 109 88 158 1910 238301 3 55628942 123669 2.8 74 26 2 14 51% 11153 124246 8641 12%
c - 6598.28 108 86 158 1911 238633 3 55672645 125069 2.7 74 27 2 14 52% 11153 124246 8641 12%
c - 6603.68 106 81 158 1912 238897 2 55716360 125144 2.7 73 27 2 14 52% 11153 124246 8641 12%
c - 6609.24 109 82 158 1913 239269 3 55760089 126340 2.7 75 27 2 14 52% 11153 124246 8641 12%
c - 6614.99 109 81 158 1914 239576 2 55803828 127047 2.8 76 27 2 14 53% 11153 124246 8641 12%
c - 6620.46 110 84 158 1915 239925 3 55847578 128846 2.7 74 28 2 14 51% 11154 124246 8641 12%
c - 6626.07 110 84 158 1916 240279 3 55891340 130156 2.7 75 28 2 14 51% 11154 124246 8641 12%
c - 6631.56 110 85 158 1917 240548 2 55935113 131172 2.7 75 28 2 14 51% 11155 124246 8641 12%
c - 6636.14 111 73 158 1918 240666 2 55978897 131303 2.6 69 26 2 14 50% 11155 124246 8641 12%
c - 6641.70 108 76 158 1919 240998 2 56022691 132102 2.7 71 26 2 14 50% 11155 124246 8641 12%
c - 6647.27 111 77 158 1920 241314 2 56066498 132162 2.6 70 27 2 14 50% 11155 124246 8641 12%
c - 6652.60 108 79 158 1921 241609 2 56110315 133779 2.7 71 27 2 14 50% 11156 124246 8641 12%
c
c  seconds     switched         rate             size/glue  tier1     binary          remaining
c           MB     reductions      conflicts           size   tier2       irredundant
c            level        restarts         redundant      glue    trail          variables
c
c - 6658.07 104 82 158 1922 241899 2 56154145 135767 2.8 74 27 2 14 51% 11156 124246 8641 12%
c u 6662.80 106 79 158 1922 242068 2 56185669 157325 2.8 73 26 2 14 51% 11161 124246 8641 12%
c v 6665.38 113 79 158 1922 242068 2 56185669 144511 2.8 73 26 2 14 51% 11161 124246 8641 12%
c w 6666.38 122 79 158 1922 242068 2 56185669 144477 2.8 73 26 2 14 51% 11161 124246 8641 12%
c x 6667.97 124 79 158 1922 242068 2 56185669 144449 2.8 73 26 2 14 51% 11163 124177 8641 12%
c t 6667.99 124 79 158 1922 242068 2 56185669 144449 2.8 73 26 2 14 51% 11159 124177 8641 12%
c - 6669.68 156 80 158 1923 242187 2 56197985 118017 2.8 73 26 2 14 51% 11159 124177 8641 12%
c - 6674.96 255 77 158 1924 242513 2 56241838 120346 2.7 73 27 2 14 52% 11159 124177 8641 12%
c - 6679.97 303 74 158 1925 242801 2 56285703 122505 2.6 71 27 2 14 51% 11159 124177 8641 12%
c - 6685.02 415 77 158 1926 243094 2 56329577 125860 2.6 71 27 2 14 50% 11159 124177 8641 12%
c - 6690.32 416 74 158 1927 243377 2 56373465 128012 2.6 70 27 2 14 51% 11159 124177 8641 12%
c - 6695.81 471 70 158 1928 243621 2 56417362 128946 2.6 68 27 2 14 51% 11159 124177 8641 12%
c - 6701.41 425 66 158 1929 243882 2 56461271 129302 2.6 69 27 2 14 51% 11159 124177 8641 12%
c - 6706.94 443 69 158 1930 244212 2 56505191 129744 2.5 69 27 2 14 51% 11159 124177 8641 12%
c - 6712.34 300 71 158 1931 244493 2 56549122 131962 2.6 72 27 2 14 51% 11160 124177 8641 12%
c o 6712.98 300 70 158 1931 244514 2 56554593 137099 2.6 71 27 2 14 51% 11160 124177 8641 12%
c } 6713.79 299 72 159 1931 244558 2 56563451 145765 2.6 70 27 2 14 51% 11160 124177 8641 12%
c [ 6713.79 299 55 159 1931 244558 1 56563451 145765 2.1 87 41 2 24 57% 11160 124177 8641 12%
c W 6714.33 299 55 159 1931 244558 1 56563451 145765 2.1 87 41 2 24 57% 11160 124177 8641 12%
c - 6718.21 115 52 159 1932 244572 1 56593065 126771 2.3 89 39 2 24 58% 11160 124177 8641 12%
c
c  seconds     switched         rate             size/glue  tier1     binary          remaining
c           MB     reductions      conflicts           size   tier2       irredundant
c            level        restarts         redundant      glue    trail          variables
c
c - 6724.11 133 55 159 1933 244588 1 56637019 108709 2.3 91 40 2 24 59% 11160 124177 8641 12%
c - 6730.47 159 53 159 1934 244606 1 56680985 94423 2.2 88 39 2 24 59% 11160 124177 8641 12%
c - 6736.59 163 50 159 1935 244619 1 56724964 92982 2.3 86 37 2 24 60% 11160 124177 8641 12%
c - 6743.10 113 48 159 1936 244627 1 56768954 93990 2.3 84 36 2 24 59% 11160 124177 8641 12%
c - 6749.73 118 46 159 1937 244648 1 56812954 94807 2.3 81 35 2 24 58% 11160 124177 8641 12%
c - 6755.20 123 53 159 1938 244661 1 56856965 96551 2.2 85 38 2 24 59% 11160 124177 8641 12%
c - 6760.89 130 53 159 1939 244681 1 56900987 92005 2.3 85 38 2 24 59% 11160 124177 8641 12%
c - 6766.65 132 48 159 1940 244683 1 56945025 91912 2.3 81 36 2 24 59% 11160 124177 8641 12%
c - 6770.12 157 59 159 1941 244684 1 56989070 97634 2.5 93 37 2 24 54% 11160 124177 8641 12%
c u 6773.22 157 65 159 1941 244684 1 57013738 115299 2.6 99 37 2 24 52% 11164 124177 8641 12%
c v 6774.16 161 65 159 1941 244684 1 57013738 106771 2.6 99 37 2 24 52% 11164 124177 8641 12%
c w 6780.74 194 65 159 1941 244684 1 57013738 105690 2.6 99 37 2 24 52% 11164 124177 8641 12%
c - 6786.03 195 68 159 1942 244691 1 57033127 87919 2.6 97 37 2 24 50% 11164 124177 8641 12%
c - 6789.64 207 61 159 1943 244713 1 57077196 90779 2.6 93 35 2 24 47% 11164 124177 8641 12%
c s 6790.86 135 59 159 1943 244715 1 57091878 104352 2.7 96 35 2 24 46% 11164 124175 8641 12%
c - 6793.81 150 57 159 1944 244726 1 57121275 88313 2.6 95 36 2 24 45% 11164 124175 8641 12%
c - 6797.95 154 57 159 1945 244745 1 57165365 82746 2.4 93 38 2 24 43% 11164 124175 8641 12%
c - 6802.02 115 59 159 1946 244747 1 57209469 79501 2.3 93 41 2 24 42% 11164 124175 8641 12%
c - 6806.36 117 60 159 1947 244764 1 57253583 78469 2.2 94 43 2 24 42% 11164 124175 8641 12%
c - 6810.20 122 61 159 1948 244778 1 57297707 79540 2.1 94 44 2 24 41% 11164 124175 8641 12%
c
c  seconds     switched         rate            size/glue  tier1     binary          remaining
c           MB     reductions      conflicts          size   tier2       irredundant
c            level        restarts         redundant     glue    trail          variables
c
c - 6813.66 126 59 159 1949 244799 1 57341843 81795 2.2 92 42 2 24 40% 11164 124175 8641 12%
c - 6817.16 128 56 159 1950 244810 1 57385990 81175 2.2 88 40 2 24 40% 11164 124175 8641 12%
c - 6820.84 131 51 159 1951 244811 1 57430148 81854 2.3 85 38 2 24 40% 11164 124175 8641 12%
c I 6823.44 131 52 159 1951 244811 1 57463467 112674 2.4 89 38 2 24 40% 11164 124175 8641 12%
c - 6824.14 134 68 159 1952 244811 1 57474318 86030 2.2 91 42 2 24 39% 11164 124175 8641 12%
c - 6827.37 141 111 159 1953 244812 1 57518499 83149 1.6 104 63 2 24 37% 11164 124175 8641 12%
c - 6830.90 159 135 159 1954 244812 1 57562692 75261 1.5 113 76 2 24 35% 11164 124175 8641 12%
c - 6834.51 175 150 159 1955 244812 1 57606896 73086 1.4 118 84 2 24 34% 11164 124175 8641 12%
c o 6835.86 176 142 159 1955 244822 1 57627420 92654 1.4 114 80 2 24 35% 11164 124175 8641 12%
c - 6839.04 179 134 159 1956 244832 1 57651112 76660 1.5 117 77 2 24 39% 11164 124175 8641 12%
c - 6844.73 134 123 159 1957 244844 1 57695339 76409 1.6 118 74 2 24 46% 11164 124175 8641 12%
c - 6850.90 139 99 159 1958 244865 1 57739577 76085 1.8 110 62 2 24 51% 11164 124175 8641 12%
c ] 6853.87 139 89 160 1958 244874 1 57760820 94465 1.8 107 58 2 24 52% 11164 124175 8641 12%
c { 6853.87 139 72 160 1958 244874 2 57760820 94465 2.6 70 27 2 14 51% 11164 124175 8641 12%
c - 6856.30 158 77 160 1959 245083 2 57783826 84551 2.6 71 27 2 14 51% 11164 124175 8641 12%
c - 6860.54 182 80 160 1960 245323 2 57828086 103342 2.8 73 26 2 14 53% 11164 124175 8641 12%
c u 6863.48 205 84 160 1960 245502 3 57848378 119892 2.8 73 26 2 14 52% 11165 124175 8641 12%
c v 6865.29 209 84 160 1960 245502 3 57848378 106174 2.8 73 26 2 14 52% 11165 124175 8641 12%
c w 6868.68 218 84 160 1960 245502 3 57848378 105858 2.8 73 26 2 14 52% 11165 124175 8641 12%
c t 6868.70 218 84 160 1960 245502 3 57848378 105858 2.8 73 26 2 14 52% 11164 124175 8641 12%
c
c  seconds     switched         rate             size/glue  tier1     binary          remaining
c           MB     reductions      conflicts           size   tier2       irredundant
c            level        restarts         redundant      glue    trail          variables
c
c - 6871.05 224 86 160 1961 245659 3 57872358 100850 2.8 72 26 2 14 51% 11166 124175 8641 12%
c - 6876.35 250 88 160 1962 246055 3 57916641 108504 2.7 72 26 2 14 51% 11166 124175 8641 12%
c - 6881.68 184 85 160 1963 246392 3 57960936 113443 2.8 73 26 2 14 52% 11166 124175 8641 12%
c - 6886.85 184 86 160 1964 246724 3 58005242 118615 2.8 73 26 2 14 52% 11166 124175 8641 12%
c - 6892.47 116 86 160 1965 247077 3 58049559 122517 2.8 74 26 2 14 53% 11166 124175 8641 12%
c - 6897.81 122 84 160 1966 247420 3 58093888 124499 2.8 74 26 2 14 53% 11166 124175 8641 12%
c - 6903.57 121 84 160 1967 247756 3 58138228 126848 2.8 74 26 2 14 53% 11166 124175 8641 12%
c - 6909.02 121 79 160 1968 247997 3 58182581 129119 2.9 74 26 2 14 54% 11166 124175 8641 12%
c - 6914.22 119 81 160 1969 248317 3 58226943 132146 2.8 72 26 2 14 53% 11166 124175 8641 12%
c - 6919.83 116 81 160 1970 248654 3 58271320 134561 2.8 72 26 2 14 53% 11167 124175 8641 12%
c - 6924.82 119 75 160 1971 248885 2 58315704 135788 2.8 71 25 2 14 54% 11167 124175 8641 12%
c - 6930.28 122 75 160 1972 249195 2 58360100 136711 2.8 71 25 2 14 53% 11167 124175 8641 12%
c - 6935.52 121 70 160 1973 249448 2 58404507 137801 2.8 69 25 2 14 53% 11167 124175 8641 12%
c - 6940.94 121 67 160 1974 249667 2 58448925 140333 2.8 68 24 2 14 53% 11167 124175 8641 12%
c - 6946.81 124 68 160 1975 250006 2 58493354 142073 2.7 68 25 2 14 53% 11167 124175 8641 12%
c - 6952.06 124 62 160 1976 250191 2 58537795 142417 2.9 70 24 2 14 55% 11167 124175 8641 12%
c - 6957.76 124 67 160 1977 250519 2 58582248 144283 2.8 69 25 2 14 54% 11167 124175 8641 12%
c - 6963.85 125 68 160 1978 250844 2 58626713 146003 2.8 69 25 2 14 54% 11167 124175 8641 12%
c - 6969.41 118 68 160 1979 251116 2 58671190 147924 2.8 69 24 2 14 55% 11167 124175 8641 12%
c o 6970.22 123 69 160 1979 251175 2 58677472 154070 2.8 69 24 2 14 55% 11167 124175 8641 12%
c
c  seconds     switched         rate             size/glue  tier1     binary          remaining
c           MB     reductions      conflicts           size   tier2       irredundant
c            level        restarts         redundant      glue    trail          variables
c
c u 6972.96 123 69 160 1979 251277 2 58689562 155736 2.8 69 25 2 14 54% 11167 124175 8641 12%
c v 6976.33 127 69 160 1979 251277 2 58689562 131781 2.8 69 25 2 14 54% 11167 124175 8641 12%
c w 6978.82 134 69 160 1979 251277 2 58689562 130828 2.8 69 25 2 14 54% 11167 124175 8641 12%
c t 6978.84 134 69 160 1979 251277 2 58689562 130828 2.8 69 25 2 14 54% 11166 124175 8641 12%
c - 6981.96 123 66 160 1980 251414 2 58715676 121703 2.8 68 25 2 14 55% 11166 124175 8641 12%
c - 6987.00 123 60 160 1981 251561 2 58760173 127972 2.7 65 24 2 14 55% 11166 124175 8641 12%
c - 6992.70 123 61 160 1982 251893 2 58804681 132331 2.7 66 24 2 14 55% 11166 124175 8641 12%
c - 6997.70 125 63 160 1983 252135 2 58849200 136480 2.7 64 24 2 14 53% 11166 124175 8641 12%
c - 7003.17 125 63 160 1984 252455 2 58893733 139924 2.7 65 24 2 14 54% 11167 124175 8641 12%
c } 7006.06 120 65 161 1984 252653 2 58916095 161489 2.7 66 25 2 14 53% 11167 124175 8641 12%
c [ 7006.06 120 89 161 1984 252653 1 58916095 161489 1.8 107 58 2 24 52% 11167 124175 8641 12%
c B 7006.06 120 89 161 1984 252653 1 58916095 161489 1.8 107 58 2 24 52% 11167 124175 8641 12%
c - 7008.79 129 89 161 1985 252666 1 58938277 130644 1.9 110 58 2 24 53% 11167 124175 8641 12%
c - 7014.15 107 87 161 1986 252683 1 58982832 108841 2.0 112 57 2 24 55% 11167 124175 8641 12%
c - 7020.55 106 85 161 1987 252698 1 59027398 87139 1.9 111 58 2 24 55% 11167 124175 8641 12%
c - 7027.69 117 79 161 1988 252714 1 59071973 80747 2.0 108 55 2 24 56% 11167 124175 8641 12%
c - 7034.26 116 68 161 1989 252718 1 59116560 83013 2.2 105 48 2 24 58% 11167 124175 8641 12%
c - 7040.99 113 66 161 1990 252740 1 59161159 85757 2.2 102 47 2 24 58% 11167 124175 8641 12%
c - 7047.53 116 62 161 1991 252753 1 59205769 86472 2.2 100 45 2 24 59% 11167 124175 8641 12%
c - 7053.73 117 58 161 1992 252775 1 59250393 87040 2.3 98 42 2 24 59% 11167 124175 8641 12%
c
c  seconds     switched         rate            size/glue  tier1     binary          remaining
c           MB     reductions      conflicts          size   tier2       irredundant
c            level        restarts         redundant     glue    trail          variables
c
c - 7060.33 117 55 161 1993 252778 1 59295024 87370 2.4 97 41 2 24 59% 11167 124175 8641 12%
c - 7067.15 119 56 161 1994 252779 1 59339667 88460 2.4 98 41 2 24 60% 11167 124175 8641 12%
c - 7074.54 115 55 161 1995 252786 1 59384321 88415 2.4 98 41 2 24 59% 11167 124175 8641 12%
c - 7081.76 117 54 161 1996 252808 1 59428987 90323 2.4 96 40 2 24 59% 11167 124175 8641 12%
c - 7088.13 119 49 161 1997 252820 1 59473663 91552 2.5 94 37 2 24 60% 11167 124175 8641 12%
c s 7094.89 117 48 161 1997 252840 1 59516922 129052 2.5 93 36 2 24 61% 11167 124173 8641 12%
c - 7095.10 119 48 161 1998 252840 1 59518351 89822 2.5 93 36 2 24 61% 11167 124173 8641 12%
c u 7098.51 115 49 161 1998 252841 1 59537318 102209 2.5 93 37 2 24 62% 11168 124173 8641 12%
c v 7099.07 117 49 161 1998 252841 1 59537318 95528 2.5 93 37 2 24 62% 11168 124173 8641 12%
c w 7107.80 130 49 161 1998 252841 1 59537318 91997 2.5 93 37 2 24 62% 11168 124173 8641 12%
c t 7107.81 130 49 161 1998 252841 1 59537318 91997 2.5 93 37 2 24 62% 11166 124173 8641 12%
c - 7111.61 117 49 161 1999 252842 1 59563049 79185 2.5 92 37 2 24 62% 11166 124173 8641 12%
c - 7117.40 112 50 161 2000 252860 1 59607759 82199 2.5 94 38 2 24 63% 11166 124173 8641 12%
c - 7123.30 119 49 161 2001 252873 1 59652480 83541 2.6 94 37 2 24 63% 11166 124173 8641 12%
c - 7129.68 111 49 161 2002 252895 1 59697213 83110 2.5 93 37 2 24 63% 11166 124173 8641 12%
c - 7136.10 118 47 161 2003 252905 1 59741956 85104 2.5 91 36 2 24 63% 11166 124173 8641 12%
c - 7142.52 118 45 161 2004 252906 1 59786711 86052 2.6 90 35 2 24 63% 11166 124173 8641 12%
c - 7149.40 113 49 161 2005 252906 1 59831477 85581 2.4 92 38 2 24 62% 11166 124173 8641 12%
c ] 7151.07 115 50 162 2005 252907 1 59842714 95535 2.4 92 38 2 24 62% 11166 124173 8641 12%
c { 7151.07 115 65 162 2005 252907 2 59842714 95535 2.7 66 25 2 14 53% 11166 124173 8641 12%
c
c  seconds     switched         rate            size/glue  tier1     binary          remaining
c           MB     reductions      conflicts          size   tier2       irredundant
c            level        restarts         redundant     glue    trail          variables
c
c o 7151.09 115 65 162 2005 252909 2 59842822 95636 2.7 66 25 2 14 54% 11166 124173 8641 12%
c - 7154.57 116 54 162 2006 252909 2 59876254 104066 3.4 77 23 2 14 54% 11166 124173 8641 12%
c - 7159.33 127 44 162 2007 252911 2 59921043 131706 3.7 80 21 2 14 53% 11166 124173 8641 12%
c - 7164.52 137 37 162 2008 252915 1 59965843 140897 4.1 83 20 2 14 52% 11166 124173 8641 12%
c - 7166.65 142 42 162 2009 252918 1 60010653 147909 3.8 64 17 2 14 42% 11166 124173 8641 12%
c - 7168.42 138 46 162 2010 252918 1 60055474 152531 3.5 49 14 2 14 34% 11166 124173 8641 12%
c - 7170.69 143 49 162 2011 252918 1 60100307 154682 3.3 40 12 2 14 29% 11166 124173 8641 12%
c - 7172.94 141 44 162 2012 253042 1 60145151 163852 3.3 38 12 2 14 28% 11166 124173 8641 12%
c - 7175.44 138 46 162 2013 253266 1 60190006 163187 3.2 36 11 2 14 28% 11168 124173 8641 12%
c - 7178.54 139 43 162 2014 253588 1 60234872 157032 3.3 37 11 2 14 30% 11170 124173 8641 12%
c - 7182.61 141 41 162 2015 254054 2 60279750 157384 3.5 41 12 2 14 35% 11173 124173 8641 12%
c - 7186.12 142 41 162 2016 254385 2 60324638 157922 3.6 40 11 2 14 34% 11176 124173 8641 12%
c - 7189.52 143 38 162 2017 254698 2 60369538 159666 3.6 40 11 2 14 33% 11179 124173 8641 12%
c u 7192.55 137 38 162 2017 254917 2 60391644 171073 3.6 41 11 2 14 34% 11190 124173 8640 12%
c v 7196.10 148 38 162 2017 254917 2 60391644 159050 3.6 41 11 2 14 34% 11190 124173 8640 12%
c w 7197.16 149 38 162 2017 254917 2 60391644 158955 3.6 41 11 2 14 34% 11190 124173 8640 12%
c t 7197.18 149 38 162 2017 254917 2 60391644 158925 3.6 41 11 2 14 34% 11187 124160 8640 12%
c u 7198.07 136 38 162 2017 254917 2 60391644 157831 3.6 41 11 2 14 34% 11188 124160 8640 12%
c v 7201.83 139 38 162 2017 254917 2 60391644 129037 3.6 41 11 2 14 34% 11189 124160 8640 12%
c w 7202.86 144 38 162 2017 254917 2 60391644 128925 3.6 41 11 2 14 34% 11189 124160 8640 12%
c
c  seconds     switched         rate             size/glue  tier1     binary          remaining
c           MB     reductions      conflicts           size   tier2       irredundant
c            level        restarts         redundant      glue    trail          variables
c
c t 7202.88 144 38 162 2017 254917 2 60391644 128925 3.6 41 11 2 14 34% 11188 124160 8640 12%
c i 7202.89 144 38 162 2017 254917 2 60391644 128925 3.6 41 11 2 14 34% 11188 124160 8640 12%
c - 7204.77 139 38 162 2018 255100 2 60414449 124665 3.8 43 11 2 14 36% 11180 124160 8640 12%
c - 7208.09 140 38 162 2019 255462 2 60459371 139158 3.8 44 11 2 14 37% 11183 124160 8640 12%
c - 7211.49 140 36 162 2020 255793 2 60504305 149383 3.8 44 12 2 14 38% 11184 124160 8640 12%
c - 7215.21 141 36 162 2021 256149 2 60549249 155029 3.8 44 12 2 14 38% 11185 124160 8640 12%
c - 7218.62 142 36 162 2022 256469 2 60594204 157139 3.8 43 12 2 14 37% 11187 124160 8640 12%
c - 7222.35 142 37 162 2023 256824 2 60639171 159616 3.7 43 11 2 14 37% 11191 124160 8640 12%
c - 7225.29 140 36 162 2024 257051 2 60684148 161413 3.8 43 11 2 14 36% 11192 124160 8640 12%
c - 7228.58 140 35 162 2025 257362 2 60729136 162931 3.7 42 11 2 14 35% 11194 124160 8640 12%
c - 7231.21 142 31 162 2026 257616 2 60774136 163177 3.6 39 11 2 14 33% 11194 124160 8640 12%
c - 7235.15 140 34 162 2027 258064 2 60819147 164346 3.6 42 12 2 14 35% 11198 124160 8640 12%
c - 7238.13 144 37 162 2028 258319 2 60864169 166562 3.6 40 11 2 14 34% 11203 124160 8640 12%
c - 7242.30 142 37 162 2029 258732 2 60909202 168499 3.7 43 12 2 14 36% 11206 124160 8640 12%
c o 7242.71 141 37 162 2029 258780 2 60913090 172375 3.7 43 12 2 14 37% 11206 124160 8640 12%
c i 7245.86 142 38 162 2029 259107 2 60946509 205509 3.7 44 12 2 14 38% 11216 124160 8639 12%
c - 7246.72 142 38 162 2030 259177 2 60954247 169506 3.7 45 12 2 14 38% 11199 124160 8639 12%
c - 7250.32 140 38 162 2031 259482 2 60999303 171510 3.7 44 12 2 14 39% 11201 124160 8639 12%
c } 7252.03 143 37 163 2031 259626 2 61024119 196181 3.8 45 12 2 14 38% 11202 124160 8639 12%
c [ 7252.03 143 50 163 2031 259626 1 61024119 196181 2.4 92 38 2 24 62% 11202 124160 8639 12%
c
c  seconds     switched         rate             size/glue  tier1     binary          remaining
c           MB     reductions      conflicts           size   tier2       irredundant
c            level        restarts         redundant      glue    trail          variables
c
c W 7252.33 155 50 163 2031 259626 1 61024119 196181 2.4 92 38 2 24 62% 11202 124149 8639 12%
c - 7254.75 160 49 163 2032 259638 1 61044372 161610 2.5 93 37 2 24 62% 11202 124149 8639 12%
c - 7261.10 168 46 163 2033 259655 1 61089450 131275 2.6 93 35 2 24 62% 11202 124149 8639 12%
c - 7267.89 172 48 163 2034 259671 1 61134540 106824 2.6 95 36 2 24 61% 11202 124149 8639 12%
c - 7274.76 187 53 163 2035 259687 1 61179640 101456 2.5 97 39 2 24 60% 11202 124149 8639 12%
c - 7281.65 185 56 163 2036 259691 1 61224751 99702 2.4 97 40 2 24 60% 11202 124149 8639 12%
c u 7286.77 167 55 163 2036 259703 1 61252565 113150 2.4 95 40 2 24 60% 11218 124149 8639 12%
c v 7287.54 165 55 163 2036 259703 1 61252565 102729 2.4 95 40 2 24 60% 11221 124149 8639 12%
c w 7292.35 182 55 163 2036 259703 1 61252565 98788 2.4 95 40 2 24 60% 11221 124149 8639 12%
c t 7292.37 138 55 163 2036 259703 1 61252565 98788 2.4 95 40 2 24 60% 11199 124149 8639 12%
c - 7294.76 122 54 163 2037 259713 1 61269873 83440 2.4 94 39 2 24 60% 11199 124149 8639 12%
c - 7301.36 122 51 163 2038 259726 1 61315007 88027 2.4 92 38 2 24 61% 11199 124149 8639 12%
c - 7307.52 124 50 163 2039 259748 1 61360153 91082 2.5 91 36 2 24 60% 11199 124149 8639 12%
c - 7313.88 125 47 163 2040 259751 1 61405309 93043 2.6 89 35 2 24 60% 11199 124149 8639 12%
c - 7320.63 124 48 163 2041 259752 1 61450475 90810 2.5 90 36 2 24 60% 11199 124149 8639 12%
c - 7327.83 120 49 163 2042 259759 1 61495652 90131 2.4 89 36 2 24 60% 11199 124149 8639 12%
c - 7333.89 122 50 163 2043 259782 1 61540844 91789 2.4 88 37 2 24 60% 11199 124149 8639 12%
c - 7339.93 124 51 163 2044 259797 1 61586045 88801 2.3 86 38 2 24 61% 11200 124149 8639 12%
c - 7344.60 125 50 163 2045 259814 1 61631256 96540 2.4 84 34 2 24 57% 11200 124149 8639 12%
c ] 7348.40 124 50 164 2045 259815 1 61663641 127254 2.6 86 33 2 24 56% 11200 124149 8639 12%
c
c  seconds     switched         rate             size/glue  tier1     binary          remaining
c           MB     reductions      conflicts           size   tier2       irredundant
c            level        restarts         redundant      glue    trail          variables
c
c { 7348.40 124 37 164 2045 259815 2 61663641 127254 3.8 45 12 2 14 38% 11200 124149 8639 12%
c - 7350.04 124 45 164 2046 260044 2 61676479 106463 3.5 46 13 2 14 40% 11200 124149 8639 12%
c - 7355.76 126 66 164 2047 260763 3 61721711 118632 2.9 52 18 2 14 43% 11201 124149 8639 12%
c - 7361.43 124 78 164 2048 261394 3 61766955 126916 2.7 55 20 2 14 44% 11201 124149 8639 12%
c - 7367.22 124 85 164 2049 261929 3 61812210 132430 2.7 59 22 2 14 46% 11202 124149 8639 12%
c - 7372.75 122 88 164 2050 262397 3 61857477 136416 2.7 63 23 2 14 48% 11203 124149 8639 12%
c - 7376.69 126 84 164 2051 262677 3 61902754 142627 2.8 61 22 2 14 44% 11203 124149 8639 12%
c - 7383.32 128 86 164 2052 263175 3 61948041 144878 2.8 65 24 2 14 47% 11204 124149 8639 12%
c o 7389.22 127 88 164 2052 263588 3 61993157 189369 2.8 67 24 2 14 49% 11204 124149 8639 12%
c - 7389.27 128 88 164 2053 263591 3 61993340 142754 2.8 68 24 2 14 49% 11204 124149 8639 12%
c s 7390.20 127 88 164 2053 263671 3 62001201 150509 2.8 68 24 2 14 49% 11209 124118 8639 12%
c e 7390.21 114 88 164 2053 263671 3 62001201 150509 2.8 68 24 2 14 49% 11199 124129 8638 12%
c - 7395.40 143 88 164 2054 264013 3 62038652 143654 2.8 69 25 2 14 50% 11199 124129 8638 12%
c - 7401.09 137 89 164 2055 264384 3 62083974 144818 2.8 70 25 2 14 51% 11200 124129 8638 12%
c u 7406.80 137 89 164 2055 264668 3 62120058 172525 2.8 71 25 2 14 52% 11208 124129 8638 12%
c v 7410.77 139 89 164 2055 264668 3 62120058 142612 2.8 71 25 2 14 52% 11209 124129 8638 12%
c w 7413.74 150 89 164 2055 264668 3 62120058 142542 2.8 71 25 2 14 52% 11209 124129 8638 12%
c t 7413.76 150 89 164 2055 264668 3 62120058 142542 2.8 71 25 2 14 52% 11203 124129 8638 12%
c - 7414.88 140 89 164 2056 264739 3 62129306 116889 2.8 71 25 2 14 51% 11203 124129 8638 12%
c - 7419.85 139 88 164 2057 265114 3 62174650 125271 2.8 70 25 2 14 50% 11203 124129 8638 12%
c
c  seconds     switched         rate             size/glue  tier1     binary          remaining
c           MB     reductions      conflicts           size   tier2       irredundant
c            level        restarts         redundant      glue    trail          variables
c
c - 7425.51 141 90 164 2058 265504 3 62220006 131967 2.9 73 25 2 14 52% 11203 124129 8638 12%
c - 7431.27 140 89 164 2059 265857 3 62265372 134330 2.9 74 25 2 14 53% 11205 124129 8638 12%
c - 7436.77 136 87 164 2060 266210 3 62310749 135511 2.9 73 25 2 14 52% 11205 124129 8638 12%
c - 7442.51 141 87 164 2061 266582 3 62356136 136371 2.8 72 26 2 14 52% 11205 124129 8638 12%
c - 7448.50 139 88 164 2062 266955 3 62401535 137295 2.8 73 26 2 14 53% 11206 124129 8638 12%
c - 7453.87 142 87 164 2063 267289 3 62446944 139120 2.9 73 25 2 14 52% 11206 124129 8638 12%
c - 7459.92 108 87 164 2064 267682 3 62492364 140353 2.8 73 26 2 14 52% 11206 124129 8638 12%
c - 7465.85 112 88 164 2065 268036 3 62537798 141595 2.9 73 26 2 14 53% 11206 124129 8638 12%
c - 7471.82 109 87 164 2066 268389 3 62583240 143725 2.9 73 25 2 14 52% 11206 124129 8638 12%
c - 7477.52 113 85 164 2067 268717 3 62628693 145006 2.9 74 25 2 14 53% 11206 124129 8638 12%
c - 7483.74 109 85 164 2068 269097 3 62674159 145664 2.9 74 26 2 14 53% 11207 124129 8638 12%
c - 7489.73 108 85 164 2069 269458 3 62719635 146426 2.9 74 26 2 14 53% 11207 124129 8638 12%
c - 7495.34 113 81 164 2070 269769 3 62765121 147271 2.9 73 25 2 14 53% 11207 124129 8638 12%
c - 7501.43 113 83 164 2071 270128 3 62810618 148545 2.9 73 25 2 14 52% 11207 124129 8638 12%
c - 7507.55 111 85 164 2072 270533 3 62856128 149783 2.8 73 26 2 14 52% 11208 124129 8638 12%
c } 7509.40 105 84 165 2072 270644 3 62871423 164830 2.8 73 26 2 14 53% 11208 124129 8638 12%
c [ 7509.40 105 50 165 2072 270644 1 62871423 164830 2.6 86 33 2 24 56% 11208 124129 8638 12%
c O 7509.40 105 50 165 2072 270644 1 62871423 164830 2.6 86 33 2 24 56% 11208 124129 8638 12%
c - 7513.60 113 50 165 2073 270658 1 62901647 141302 2.6 85 33 2 24 55% 11208 124129 8638 12%
c - 7518.08 96 54 165 2074 270674 1 62947177 121605 2.4 85 35 2 24 50% 11208 124129 8638 12%
c
c  seconds     switched         rate             size/glue  tier1     binary          remaining
c           MB     reductions      conflicts           size   tier2       irredundant
c            level        restarts         redundant      glue    trail          variables
c
c - 7521.97 109 64 165 2075 270695 1 62992718 106994 2.2 87 39 2 24 47% 11208 124129 8638 12%
c u 7523.15 106 64 165 2075 270695 1 62994144 97753 2.2 88 39 2 24 47% 11214 124129 8638 12%
c v 7523.95 107 64 165 2075 270695 1 62994144 84947 2.2 88 39 2 24 47% 11214 124129 8638 12%
c w 7525.53 109 64 165 2075 270695 1 62994144 83497 2.2 88 39 2 24 47% 11214 124129 8638 12%
c t 7525.55 109 64 165 2075 270695 1 62994144 83497 2.2 88 39 2 24 47% 11209 124129 8638 12%
c - 7528.91 106 78 165 2076 270706 1 63038273 83210 1.9 91 48 2 24 44% 11209 124129 8638 12%
c - 7533.25 100 87 165 2077 270716 1 63083836 80357 1.7 96 57 2 24 42% 11209 124129 8638 12%
c o 7535.69 107 94 165 2077 270735 1 63121731 116039 1.6 95 58 2 24 40% 11209 124129 8638 12%
c - 7536.44 103 98 165 2078 270736 1 63129410 83181 1.6 95 60 2 24 40% 11209 124129 8638 12%
c - 7540.65 105 97 165 2079 270751 1 63174995 92385 1.9 100 54 2 24 44% 11209 124129 8638 12%
c - 7546.28 106 80 165 2080 270768 1 63220591 93905 2.1 98 47 2 24 48% 11209 124129 8638 12%
c - 7552.00 93 71 165 2081 270770 1 63266198 92106 2.4 105 43 2 24 50% 11209 124129 8638 12%
c - 7557.19 108 68 165 2082 270770 1 63311815 95630 2.6 105 41 2 24 53% 11209 124129 8638 12%
c - 7563.15 88 65 165 2083 270785 1 63357444 97942 2.7 106 40 2 24 54% 11209 124129 8638 12%
c - 7568.48 90 69 165 2084 270801 1 63403084 99233 2.6 108 42 2 24 55% 11209 124129 8638 12%
c - 7573.91 108 72 165 2085 270819 1 63448735 94977 2.4 103 43 2 24 55% 11209 124129 8638 12%
c - 7579.53 108 75 165 2086 270832 1 63494396 94187 2.3 102 45 2 24 57% 11209 124129 8638 12%
c - 7585.41 89 82 165 2087 270840 1 63540069 92150 2.2 106 48 2 24 58% 11209 124129 8638 12%
c - 7590.99 106 91 165 2088 270863 1 63585753 91352 2.0 106 53 2 24 56% 11209 124129 8638 12%
c - 7596.72 100 92 165 2089 270878 1 63631447 91097 2.0 106 54 2 24 57% 11209 124129 8638 12%
c
c  seconds     switched         rate            size/glue  tier1     binary          remaining
c           MB     reductions      conflicts          size   tier2       irredundant
c            level        restarts         redundant     glue    trail          variables
c
c - 7602.33 107 86 165 2090 270895 1 63677154 92107 1.9 99 52 2 24 58% 11209 124129 8638 12%
c - 7608.10 107 77 165 2091 270896 1 63722873 92118 2.0 97 48 2 24 60% 11209 124129 8638 12%
c - 7614.36 107 73 165 2092 270897 1 63768600 92591 2.0 96 47 2 24 60% 11209 124129 8638 12%
c - 7621.37 107 72 165 2093 270898 1 63814339 91710 2.0 96 47 2 24 59% 11209 124129 8638 12%
c B 7623.11 102 71 165 2093 270898 1 63826841 103078 2.1 97 47 2 24 60% 11209 124129 8638 12%
c - 7627.23 106 70 165 2094 270898 1 63860089 93314 2.1 97 46 2 24 60% 11209 124129 8638 12%
c u 7630.05 107 69 165 2094 270898 1 63874826 102505 2.1 97 46 2 24 60% 11209 124129 8638 12%
c v 7630.68 107 69 165 2094 270898 1 63874826 95714 2.1 97 46 2 24 60% 11209 124129 8638 12%
c w 7637.07 117 69 165 2094 270898 1 63874826 93009 2.1 97 46 2 24 60% 11209 124129 8638 12%
c - 7640.93 105 65 165 2095 270898 1 63905849 83106 2.2 96 44 2 24 60% 11209 124129 8638 12%
c - 7646.85 107 59 165 2096 270913 1 63951621 85436 2.3 94 41 2 24 61% 11210 124129 8638 12%
c - 7653.07 103 59 165 2097 270929 1 63997404 87508 2.4 96 40 2 24 61% 11210 124129 8638 12%
c ] 7656.96 103 67 166 2097 270944 1 64029356 117816 2.2 96 44 2 24 59% 11210 124129 8638 12%
c { 7656.96 103 84 166 2097 270944 3 64029356 117816 2.8 73 26 2 14 53% 11210 124129 8638 12%
c - 7657.81 106 83 166 2098 270955 3 64043198 94080 2.8 69 24 2 14 51% 11210 124129 8638 12%
c - 7660.97 107 82 166 2099 270989 2 64089001 116946 2.9 61 21 2 14 46% 11212 124129 8638 12%
c - 7664.00 109 77 166 2100 271029 2 64134816 138361 2.8 51 18 2 14 40% 11214 124129 8638 12%
c - 7667.19 110 76 166 2101 271136 2 64180641 147072 2.9 47 16 2 14 38% 11217 124128 8638 12%
c o 7669.59 110 68 166 2101 271202 2 64222253 186767 2.8 42 15 2 14 35% 11219 124128 8638 12%
c - 7669.97 112 68 166 2102 271214 2 64226477 152410 2.8 41 15 2 14 35% 11220 124128 8638 12%
c
c  seconds     switched         rate             size/glue  tier1     binary          remaining
c           MB     reductions      conflicts           size   tier2       irredundant
c            level        restarts         redundant      glue    trail          variables
c
c - 7672.73 111 68 166 2103 271393 2 64272326 155169 2.6 36 14 2 14 31% 11220 124128 8638 12%
c - 7675.91 112 71 166 2104 271651 3 64318184 157678 2.6 34 13 2 14 31% 11222 124128 8638 12%
c - 7678.89 112 72 166 2105 271942 3 64364054 160780 2.5 31 13 2 14 30% 11223 124128 8638 12%
c - 7682.12 108 76 166 2106 272282 3 64409936 163452 2.4 29 12 2 14 29% 11225 124128 8638 12%
c - 7685.76 110 78 166 2107 272683 3 64455828 166115 2.3 29 12 2 14 28% 11226 124128 8638 12%
c - 7689.32 112 78 166 2108 273041 3 64501735 169166 2.3 28 12 2 14 29% 11226 124128 8638 12%
c s 7692.54 109 78 166 2108 273411 3 64545086 210631 2.3 28 12 2 14 29% 11231 124117 8638 12%
c e 7692.55 96 78 166 2108 273411 3 64545086 210631 2.3 28 12 2 14 29% 11229 124125 8637 12%
c 2 7692.55 96 78 166 2108 273411 3 64545086 210631 2.3 28 12 2 14 29% 11228 124125 8637 12%
c s 7692.55 96 78 166 2108 273411 3 64545086 210631 2.3 28 12 2 14 29% 11228 124121 8637 12%
c - 7692.88 124 78 166 2109 273443 3 64547648 171485 2.3 28 12 2 14 29% 11228 124121 8637 12%
c - 7696.67 118 77 166 2110 273853 3 64593574 173406 2.3 28 12 2 14 29% 11230 124121 8637 12%
c - 7699.68 126 74 166 2111 274171 3 64639509 173322 2.2 27 12 2 14 27% 11231 124121 8637 12%
c - 7703.20 125 76 166 2112 274557 3 64685455 175888 2.2 27 12 2 14 28% 11233 124121 8637 12%
c - 7706.99 125 78 166 2113 274957 3 64731411 179405 2.3 28 12 2 14 28% 11236 124121 8637 12%
c u 7711.12 120 76 166 2113 275170 3 64762129 187061 2.3 27 12 2 14 28% 11256 124121 8637 12%
c v 7713.31 127 76 166 2113 275170 3 64762129 183881 2.3 27 12 2 14 28% 11256 124121 8636 12%
c w 7714.19 127 76 166 2113 275170 3 64762129 183710 2.3 27 12 2 14 28% 11256 124121 8636 12%
c t 7714.21 127 76 166 2113 275170 3 64762129 183643 2.3 27 12 2 14 28% 11245 124110 8636 12%
c u 7715.57 120 76 166 2113 275170 3 64762129 181371 2.3 27 12 2 14 28% 11249 124110 8636 12%
c
c  seconds     switched         rate             size/glue  tier1     binary          remaining
c           MB     reductions      conflicts           size   tier2       irredundant
c            level        restarts         redundant      glue    trail          variables
c
c v 7718.52 120 76 166 2113 275170 3 64762129 173777 2.3 27 12 2 14 28% 11250 124110 8636 12%
c w 7719.42 123 76 166 2113 275170 3 64762129 173561 2.3 27 12 2 14 28% 11250 124110 8636 12%
c t 7719.44 123 76 166 2113 275170 3 64762129 173561 2.3 27 12 2 14 28% 11249 124110 8636 12%
c i 7719.45 123 76 166 2113 275170 3 64762129 173561 2.3 27 12 2 14 28% 11249 124110 8636 12%
c - 7720.65 122 76 166 2114 275297 3 64777378 150366 2.3 27 12 2 14 28% 11236 124110 8636 12%
c - 7723.68 124 77 166 2115 275660 3 64823361 156144 2.2 26 12 2 14 27% 11236 124110 8636 12%
c - 7727.05 122 77 166 2116 276036 3 64869351 161606 2.3 27 12 2 14 27% 11236 124110 8636 12%
c - 7730.40 125 77 166 2117 276415 3 64915355 165017 2.3 27 12 2 14 27% 11238 124110 8636 12%
c - 7733.92 124 78 166 2118 276835 3 64961365 167564 2.3 27 12 2 14 28% 11240 124110 8636 12%
c - 7737.19 125 75 166 2119 277192 3 65007386 169775 2.2 26 12 2 14 27% 11240 124110 8636 12%
c - 7740.79 123 76 166 2120 277616 3 65053418 171736 2.2 26 12 2 14 27% 11240 124110 8636 12%
c - 7744.36 123 77 166 2121 278019 3 65099461 173434 2.2 26 12 2 14 28% 11241 124110 8636 12%
c - 7748.09 123 77 166 2122 278437 3 65145515 175443 2.2 27 12 2 14 28% 11242 124110 8636 12%
c - 7751.50 125 75 166 2123 278763 3 65191581 177829 2.3 27 12 2 14 28% 11244 124110 8636 12%
c - 7754.88 121 72 166 2124 279127 3 65237657 180043 2.3 27 12 2 14 27% 11245 124110 8636 12%
c } 7756.87 117 72 167 2124 279349 3 65263757 205054 2.3 27 12 2 14 28% 11246 124110 8636 12%
c [ 7756.87 117 67 167 2124 279349 1 65263757 205054 2.2 96 44 2 24 59% 11246 124110 8636 12%
c W 7757.02 130 67 167 2124 279349 1 65263757 205054 2.2 96 44 2 24 59% 11246 124110 8636 12%
c - 7759.49 136 66 167 2125 279361 1 65283743 170521 2.2 94 43 2 24 58% 11246 124110 8636 12%
c - 7764.83 149 69 167 2126 279379 1 65329840 144643 2.4 100 43 2 24 58% 11246 124110 8636 12%
c
c  seconds     switched         rate             size/glue   tier1     binary          remaining
c           MB     reductions      conflicts           size    tier2       irredundant
c            level        restarts         redundant       glue    trail          variables
c
c - 7770.10 169 62 167 2127 279394 1 65375948 121750 2.6 104 40 2 24 61% 11246 124110 8636 12%
c o 7772.35 172 63 167 2127 279406 1 65396004 140376 2.5 105 41 2 24 61% 11246 124110 8636 12%
c - 7775.61 198 63 167 2128 279410 1 65422069 115397 2.5 103 41 2 24 60% 11246 124110 8636 12%
c - 7782.22 213 57 167 2129 279417 1 65468199 114192 2.5 99 39 2 24 59% 11246 124110 8636 12%
c - 7788.14 228 59 167 2130 279440 1 65514342 114405 2.4 98 41 2 24 58% 11246 124110 8636 12%
c - 7794.37 173 59 167 2131 279454 1 65560493 112460 2.4 98 42 2 24 57% 11246 124110 8636 12%
c - 7800.97 180 60 167 2132 279472 1 65606655 112416 2.3 99 42 2 24 57% 11246 124110 8636 12%
c - 7807.76 138 58 167 2133 279474 1 65652829 113542 2.4 99 42 2 24 57% 11246 124110 8636 12%
c u 7809.54 145 58 167 2133 279474 1 65656055 98637 2.4 99 42 2 24 57% 11256 124110 8636 12%
c v 7810.10 146 58 167 2133 279474 1 65656055 91389 2.4 99 42 2 24 57% 11262 124110 8636 12%
c w 7812.67 151 58 167 2133 279474 1 65656055 90350 2.4 99 42 2 24 57% 11262 124110 8636 12%
c t 7812.68 151 58 167 2133 279474 1 65656055 90350 2.4 99 42 2 24 57% 11256 124110 8636 12%
c - 7818.60 154 57 167 2134 279475 1 65699016 92963 2.4 100 41 2 24 58% 11256 124110 8636 12%
c - 7825.13 159 57 167 2135 279489 1 65745211 92749 2.4 100 42 2 24 59% 11256 124110 8636 12%
c - 7831.29 124 55 167 2136 279506 1 65791417 96222 2.5 101 40 2 24 59% 11256 124110 8636 12%
c - 7837.63 140 60 167 2137 279521 1 65837635 95519 2.4 102 43 2 24 59% 11256 124110 8636 12%
c - 7843.40 144 59 167 2138 279537 1 65883864 95250 2.4 99 42 2 24 60% 11256 124110 8636 12%
c - 7849.66 150 60 167 2139 279545 1 65930102 94510 2.3 100 43 2 24 60% 11256 124110 8636 12%
c - 7855.69 156 58 167 2140 279567 1 65976353 92712 2.3 98 42 2 24 60% 11256 124110 8636 12%
c ] 7860.82 160 61 168 2140 279578 1 66015540 127649 2.2 99 44 2 24 61% 11256 124110 8636 12%
c
c  seconds     switched         rate             size/glue  tier1     binary          remaining
c           MB     reductions      conflicts           size   tier2       irredundant
c            level        restarts         redundant      glue    trail          variables
c
c { 7860.82 160 72 168 2140 279578 3 66015540 127649 2.3 27 12 2 14 28% 11256 124110 8636 12%
c - 7861.90 178 74 168 2141 279704 3 66022614 94500 2.3 30 13 2 14 30% 11256 124110 8636 12%
c - 7867.18 250 84 168 2142 280432 3 66068884 111572 2.3 43 18 2 14 36% 11257 124110 8636 12%
c - 7872.64 346 90 168 2143 281040 3 66115166 128375 2.4 51 22 2 14 41% 11258 124110 8636 12%
c - 7878.04 363 92 168 2144 281520 3 66161458 137806 2.5 57 23 2 14 43% 11258 124110 8636 12%
c - 7883.21 372 92 168 2145 281950 3 66207763 143567 2.5 60 24 2 14 44% 11258 124110 8636 12%
c - 7884.42 367 71 168 2146 281950 2 66254078 154235 2.2 46 21 2 14 31% 11258 124110 8636 12%
c - 7887.10 260 63 168 2147 282140 2 66300402 161163 2.2 42 19 2 14 28% 11258 124110 8636 12%
c - 7891.63 260 69 168 2148 282577 2 66346737 160775 2.2 46 21 2 14 32% 11259 124110 8636 12%
c - 7894.85 257 66 168 2149 282818 2 66393083 157692 2.2 45 20 2 14 30% 11260 124110 8636 12%
c - 7900.68 145 76 168 2150 283399 3 66439440 157131 2.3 52 22 2 14 36% 11263 124110 8636 12%
c - 7906.71 146 81 168 2151 283920 3 66485808 148472 2.4 58 24 2 14 42% 11264 124110 8636 12%
c - 7908.58 145 70 168 2152 283973 2 66532188 155049 2.2 49 22 2 14 32% 11264 124110 8636 12%
c o 7909.12 141 66 168 2152 283974 2 66547976 168568 2.1 45 21 2 14 29% 11264 124110 8636 12%
c u 7911.57 142 69 168 2152 284086 2 66556602 168388 2.2 47 22 2 14 30% 11271 124110 8636 12%
c v 7914.92 139 69 168 2152 284086 2 66556602 159154 2.2 47 22 2 14 30% 11272 124110 8636 12%
c w 7915.87 148 69 168 2152 284086 2 66556602 151830 2.2 47 22 2 14 30% 11272 124110 8636 12%
c t 7915.89 148 69 168 2152 284086 2 66556602 151830 2.2 47 22 2 14 30% 11268 124110 8636 12%
c - 7918.73 144 74 168 2153 284361 2 66578579 136220 2.2 51 23 2 14 34% 11268 124110 8636 12%
c - 7924.52 138 81 168 2154 284910 3 66624981 136946 2.4 59 25 2 14 41% 11268 124110 8636 12%
c
c  seconds     switched         rate             size/glue  tier1     binary          remaining
c           MB     reductions      conflicts           size   tier2       irredundant
c            level        restarts         redundant      glue    trail          variables
c
c - 7930.59 143 85 168 2155 285409 3 66671392 134138 2.5 64 26 2 14 45% 11268 124110 8636 12%
c - 7936.21 144 84 168 2156 285769 3 66717813 135347 2.6 67 26 2 14 48% 11270 124110 8636 12%
c - 7942.10 144 85 168 2157 286173 3 66764246 137934 2.6 69 26 2 14 49% 11270 124110 8636 12%
c - 7947.59 144 86 168 2158 286524 3 66810689 141603 2.7 70 26 2 14 50% 11270 124110 8636 12%
c - 7953.62 144 86 168 2159 286901 3 66857143 143266 2.7 71 26 2 14 52% 11270 124110 8636 12%
c - 7959.97 145 83 168 2160 287290 3 66903611 141923 2.7 73 27 2 14 53% 11270 124110 8636 12%
c - 7965.52 141 82 168 2161 287589 3 66950087 143801 2.8 72 26 2 14 52% 11270 124110 8636 12%
c - 7971.90 144 81 168 2162 287984 3 66996574 144859 2.7 72 27 2 14 53% 11270 124110 8636 12%
c - 7977.63 144 78 168 2163 288266 3 67043071 145864 2.8 72 26 2 14 52% 11271 124110 8636 12%
c - 7983.49 145 78 168 2164 288589 3 67089580 148992 2.8 72 26 2 14 53% 11271 124110 8636 12%
c - 7989.83 144 75 168 2165 288980 2 67136099 149152 2.7 71 26 2 14 52% 11271 124110 8636 12%
c s 7990.51 139 71 168 2165 289017 2 67148991 160324 2.7 67 25 2 14 48% 11271 124090 8636 12%
c e 7990.52 130 71 168 2165 289017 2 67148991 160324 2.7 67 25 2 14 48% 11258 124152 8632 12%
c s 7990.53 130 71 168 2165 289017 2 67148991 160324 2.7 67 25 2 14 48% 11258 124123 8632 12%
c e 7990.53 130 71 168 2165 289017 2 67148991 160324 2.7 67 25 2 14 48% 11257 124139 8631 12%
c - 7995.26 158 75 168 2166 289359 2 67182629 150273 2.6 68 26 2 14 49% 11258 124139 8631 12%
c - 8001.38 157 76 168 2167 289768 3 67229169 153150 2.6 67 26 2 14 49% 11258 124139 8631 12%
c - 8007.71 152 76 168 2168 290177 3 67275721 153334 2.6 68 26 2 14 49% 11258 124139 8631 12%
c } 8007.88 156 77 169 2168 290191 3 67276803 154404 2.6 68 26 2 14 49% 11258 124139 8631 12%
c [ 8007.88 156 61 169 2168 290191 1 67276803 154404 2.2 99 44 2 24 61% 11258 124139 8631 12%
c
c  seconds     switched         rate             size/glue  tier1     binary          remaining
c           MB     reductions      conflicts           size   tier2       irredundant
c            level        restarts         redundant      glue    trail          variables
c
c I 8007.88 156 61 169 2168 290191 1 67276803 154404 2.2 99 44 2 24 61% 11258 124139 8631 12%
c - 8013.29 139 62 169 2169 290213 1 67322283 139248 2.2 97 44 2 24 61% 11258 124139 8631 12%
c - 8019.53 139 56 169 2170 290228 1 67368855 108489 2.4 98 40 2 24 60% 11258 124139 8631 12%
c - 8026.14 155 52 169 2171 290250 1 67415439 100481 2.5 98 39 2 24 60% 11258 124139 8631 12%
c - 8033.14 139 56 169 2172 290253 1 67462034 101025 2.5 102 41 2 24 61% 11258 124139 8631 12%
c u 8034.51 136 56 169 2172 290253 1 67463771 92555 2.5 102 41 2 24 61% 11262 124139 8631 12%
c v 8034.91 137 56 169 2172 290253 1 67463771 88071 2.5 102 41 2 24 61% 11262 124139 8631 12%
c w 8037.58 142 56 169 2172 290253 1 67463771 87025 2.5 102 41 2 24 61% 11262 124139 8631 12%
c t 8037.60 142 56 169 2172 290253 1 67463771 87025 2.5 102 41 2 24 61% 11258 124139 8631 12%
c - 8043.24 138 58 169 2173 290271 1 67508638 86743 2.5 103 41 2 24 60% 11258 124139 8631 12%
c - 8049.03 107 53 169 2174 290284 1 67555254 91006 2.7 105 38 2 24 60% 11258 124139 8631 12%
c - 8055.12 104 54 169 2175 290308 1 67601880 90935 2.6 103 39 2 24 60% 11258 124139 8631 12%
c - 8061.14 103 51 169 2176 290316 1 67648516 90495 2.7 100 38 2 24 61% 11258 124139 8631 12%
c - 8067.35 108 48 169 2177 290317 1 67695163 89458 2.7 99 36 2 24 62% 11258 124139 8631 12%
c - 8073.56 108 46 169 2178 290322 1 67741821 93301 2.8 97 35 2 24 62% 11258 124139 8631 12%
c - 8079.91 106 49 169 2179 290345 1 67788492 94813 2.6 98 37 2 24 62% 11258 124139 8631 12%
c o 8084.28 105 51 169 2179 290352 1 67822173 125150 2.6 99 38 2 24 61% 11258 124139 8631 12%
c - 8085.73 88 55 169 2180 290359 1 67835171 90781 2.5 101 40 2 24 61% 11258 124139 8631 12%
c - 8091.48 100 53 169 2181 290378 1 67881863 90753 2.5 98 39 2 24 61% 11258 124139 8631 12%
c - 8097.50 106 54 169 2182 290380 1 67928564 87714 2.4 96 40 2 24 61% 11258 124139 8631 12%
c
c  seconds     switched         rate            size/glue  tier1     binary          remaining
c           MB     reductions      conflicts          size   tier2       irredundant
c            level        restarts         redundant     glue    trail          variables
c
c - 8103.55 106 53 169 2183 290402 1 67975278 88458 2.4 96 39 2 24 62% 11258 124139 8631 12%
c - 8110.15 107 48 169 2184 290417 1 68022001 92689 2.5 92 37 2 24 62% 11258 124139 8631 12%
c - 8117.29 106 46 169 2185 290440 1 68068734 93581 2.6 90 35 2 24 62% 11258 124139 8631 12%
c - 8124.32 108 45 169 2186 290443 1 68115482 95578 2.6 91 35 2 24 62% 11258 124139 8631 12%
c - 8131.37 108 43 169 2187 290444 1 68162238 97353 2.7 90 34 2 24 62% 11258 124139 8631 12%
c - 8138.64 110 43 169 2188 290445 1 68209006 98190 2.7 91 34 2 24 61% 11258 124139 8631 12%
c - 8145.57 110 43 169 2189 290445 1 68255782 97566 2.7 91 34 2 24 61% 11258 124139 8631 12%
c ] 8146.43 103 43 170 2189 290445 1 68262349 103521 2.7 92 34 2 24 61% 11258 124139 8631 12%
c { 8146.43 103 77 170 2189 290445 3 68262349 103521 2.6 68 26 2 14 49% 11258 124139 8631 12%
c - 8150.66 110 83 170 2190 290739 3 68302568 110971 2.7 69 26 2 14 51% 11259 124139 8631 12%
c - 8156.01 111 87 170 2191 291074 3 68349365 122889 2.8 72 26 2 14 53% 11261 124139 8631 12%
c u 8160.33 106 90 170 2191 291300 3 68377590 147378 2.8 72 26 2 14 53% 11266 124139 8631 12%
c v 8163.08 113 90 170 2191 291300 3 68377590 129611 2.8 72 26 2 14 53% 11266 124139 8631 12%
c w 8165.52 122 90 170 2191 291300 3 68377590 129469 2.8 72 26 2 14 53% 11266 124139 8631 12%
c x 8167.56 137 90 170 2191 291300 3 68377590 129432 2.8 72 26 2 14 53% 11283 124015 8631 12%
c - 8169.90 182 92 170 2192 291452 3 68396173 111318 2.7 72 26 2 14 53% 11283 124015 8631 12%
c - 8175.47 230 93 170 2193 291810 3 68442994 119981 2.8 74 26 2 14 54% 11283 124015 8631 12%
c - 8181.37 295 93 170 2194 292202 3 68489823 126637 2.8 75 26 2 14 55% 11283 124015 8631 12%
c - 8187.09 368 93 170 2195 292518 3 68536663 130290 2.9 75 26 2 14 55% 11283 124015 8631 12%
c - 8192.79 375 89 170 2196 292818 3 68583514 133184 2.9 75 26 2 14 55% 11284 124015 8631 12%
c
c  seconds     switched         rate             size/glue  tier1     binary          remaining
c           MB     reductions      conflicts           size   tier2       irredundant
c            level        restarts         redundant      glue    trail          variables
c
c - 8198.85 451 90 170 2197 293211 3 68630376 134036 2.8 75 26 2 14 54% 11284 124015 8631 12%
c - 8204.72 417 90 170 2198 293574 3 68677249 135631 2.8 74 26 2 14 54% 11286 124015 8631 12%
c - 8209.93 424 89 170 2199 293850 3 68724131 137612 2.9 74 26 2 14 54% 11287 124015 8631 12%
c - 8215.76 282 84 170 2200 294144 2 68771025 139191 3.0 76 26 2 14 55% 11288 124015 8631 12%
c - 8221.66 136 84 170 2201 294460 2 68817929 139414 2.9 74 26 2 14 54% 11288 124015 8631 12%
c - 8227.89 134 85 170 2202 294821 2 68864843 140400 2.9 74 26 2 14 54% 11290 124015 8631 12%
c - 8233.88 137 76 170 2203 295072 2 68911768 141008 2.8 73 26 2 14 55% 11290 124015 8631 12%
c - 8239.29 134 76 170 2204 295312 2 68958704 144210 2.9 72 25 2 14 55% 11290 124015 8631 12%
c o 8239.80 135 76 170 2204 295346 2 68962601 147977 2.9 72 25 2 14 55% 11290 124015 8631 12%
c - 8245.92 136 81 170 2205 295756 2 69005650 144905 2.8 73 26 2 14 54% 11290 124015 8631 12%
c - 8252.42 137 77 170 2206 296105 2 69052609 141952 2.8 74 27 2 14 56% 11290 124015 8631 12%
c - 8258.44 134 78 170 2207 296393 2 69099577 144306 2.8 75 27 2 14 56% 11290 124015 8631 12%
c - 8264.44 131 80 170 2208 296689 2 69146555 148988 2.9 75 26 2 14 55% 11290 124015 8631 12%
c - 8270.73 139 80 170 2209 296986 2 69193544 150800 2.9 74 26 2 14 55% 11290 124015 8631 12%
c - 8277.12 136 81 170 2210 297311 2 69240546 151650 2.9 75 26 2 14 55% 11290 124015 8631 12%
c - 8283.26 137 81 170 2211 297613 2 69287556 154306 2.9 75 26 2 14 55% 11290 124015 8631 12%
c u 8285.87 135 79 170 2211 297671 2 69298014 154596 2.9 75 25 2 14 55% 11294 124015 8631 12%
c v 8289.26 130 79 170 2211 297671 2 69298014 131108 2.9 75 25 2 14 55% 11296 124015 8631 12%
c w 8292.55 143 79 170 2211 297671 2 69298014 129823 2.9 75 25 2 14 55% 11296 124015 8631 12%
c t 8292.57 143 79 170 2211 297671 2 69298014 129823 2.9 75 25 2 14 55% 11294 124015 8631 12%
c
c  seconds     switched         rate             size/glue  tier1     binary          remaining
c           MB     reductions      conflicts           size   tier2       irredundant
c            level        restarts         redundant      glue    trail          variables
c
c - 8297.27 136 75 170 2212 297894 2 69334578 127164 2.9 73 26 2 14 56% 11294 124015 8631 12%
c - 8303.68 138 74 170 2213 298236 2 69381609 131863 2.8 73 26 2 14 57% 11294 124015 8631 12%
c - 8310.02 139 71 170 2214 298547 2 69428651 135010 2.8 73 26 2 14 57% 11294 124015 8631 12%
c - 8315.90 138 75 170 2215 298813 2 69475704 139320 2.8 72 26 2 14 56% 11294 124015 8631 12%
c - 8322.32 136 71 170 2216 299169 2 69522768 140936 2.8 73 26 2 14 55% 11294 124015 8631 12%
c } 8326.08 134 72 171 2216 299376 2 69550717 167765 2.7 72 27 2 14 55% 11294 124015 8631 12%
c [ 8326.08 134 43 171 2216 299376 1 69550717 167765 2.7 92 34 2 24 61% 11294 124015 8631 12%
c B 8326.08 134 43 171 2216 299376 1 69550717 167765 2.7 92 34 2 24 61% 11294 124015 8631 12%
c - 8328.28 139 46 171 2217 299388 1 69569842 134918 2.7 94 35 2 24 61% 11294 124015 8631 12%
c - 8334.86 120 45 171 2218 299406 1 69616929 119419 2.9 98 34 2 24 60% 11294 124015 8631 12%
c - 8341.66 112 48 171 2219 299421 1 69664025 100123 2.8 101 36 2 24 58% 11294 124015 8631 12%
c - 8348.17 110 52 171 2220 299437 1 69711131 95548 2.6 102 39 2 24 58% 11294 124015 8631 12%
c - 8355.50 130 52 171 2221 299445 1 69758248 90954 2.5 100 39 2 24 57% 11294 124015 8631 12%
c - 8362.13 129 54 171 2222 299468 1 69805376 94279 2.6 101 39 2 24 58% 11294 124015 8631 12%
c s 8363.07 129 54 171 2222 299469 1 69813300 101706 2.5 100 39 2 24 58% 11295 124004 8631 12%
c - 8368.29 132 53 171 2223 299483 1 69852514 96909 2.5 96 39 2 24 58% 11295 124004 8631 12%
c - 8374.15 131 50 171 2224 299500 1 69899662 96926 2.5 91 37 2 24 60% 11295 124004 8631 12%
c - 8380.32 131 48 171 2225 299502 1 69946821 96093 2.6 92 36 2 24 62% 11295 124004 8631 12%
c - 8386.71 131 45 171 2226 299502 1 69993991 97381 2.7 92 34 2 24 63% 11295 124004 8631 12%
c - 8393.87 132 45 171 2227 299517 1 70041171 99895 2.6 89 34 2 24 62% 11295 124004 8631 12%
c
c  seconds     switched         rate            size/glue  tier1     binary          remaining
c           MB     reductions      conflicts          size   tier2       irredundant
c            level        restarts         redundant     glue    trail          variables
c
c - 8401.02 131 44 171 2228 299533 1 70088363 96710 2.5 86 34 2 24 61% 11295 124004 8631 12%
c - 8409.16 131 46 171 2229 299555 1 70135565 94074 2.5 88 36 2 24 60% 11295 124004 8631 12%
c - 8417.56 131 47 171 2230 299565 1 70182777 91675 2.5 91 37 2 24 60% 11295 124004 8631 12%
c u 8425.55 128 46 171 2230 299577 1 70225110 122956 2.4 90 37 2 24 59% 11299 124004 8631 12%
c v 8426.22 131 46 171 2230 299577 1 70225110 117175 2.4 90 37 2 24 59% 11299 124004 8631 12%
c w 8438.15 148 46 171 2230 299577 1 70225110 109666 2.4 90 37 2 24 59% 11299 124004 8631 12%
c t 8438.17 148 46 171 2230 299577 1 70225110 109666 2.4 90 37 2 24 59% 11293 124004 8631 12%
c o 8438.18 148 46 171 2230 299577 1 70225110 109666 2.4 90 37 2 24 59% 11293 124004 8631 12%
c - 8438.72 125 49 171 2231 299579 1 70229999 82053 2.4 91 38 2 24 59% 11293 124004 8631 12%
c - 8445.23 128 55 171 2232 299596 1 70277236 88766 2.4 95 40 2 24 60% 11293 124004 8631 12%
c - 8451.71 126 52 171 2233 299614 1 70324481 87608 2.5 94 38 2 24 62% 11293 124004 8631 12%
c - 8458.11 131 50 171 2234 299628 1 70371735 89332 2.5 92 37 2 24 62% 11293 124004 8631 12%
c - 8464.86 131 52 171 2235 299629 1 70419000 88755 2.3 91 39 2 24 61% 11293 124004 8631 12%
c - 8471.84 131 53 171 2236 299629 1 70466275 86571 2.2 90 40 2 24 60% 11293 124004 8631 12%
c - 8478.78 130 52 171 2237 299630 1 70513561 87652 2.3 89 40 2 24 60% 11293 124004 8631 12%
c - 8485.77 131 51 171 2238 299630 1 70560859 90216 2.3 89 39 2 24 60% 11293 124004 8631 12%
c W 8486.23 133 51 171 2238 299630 1 70562650 91931 2.3 90 39 2 24 60% 11293 124004 8631 12%
c - 8493.10 147 56 171 2239 299636 1 70608166 91289 2.2 92 41 2 24 61% 11293 124004 8631 12%
c - 8499.23 173 63 171 2240 299659 1 70655484 89656 2.2 94 44 2 24 61% 11293 124004 8631 12%
c ] 8504.57 178 64 172 2240 299668 1 70693545 124194 2.1 96 45 2 24 60% 11293 124004 8631 12%
c
c  seconds     switched         rate             size/glue  tier1     binary          remaining
c           MB     reductions      conflicts           size   tier2       irredundant
c            level        restarts         redundant      glue    trail          variables
c
c { 8504.57 178 72 172 2240 299668 2 70693545 124194 2.7 72 27 2 14 55% 11293 124004 8631 12%
c - 8505.72 225 75 172 2241 299734 2 70702814 89339 2.7 72 27 2 14 55% 11293 124004 8631 12%
c - 8510.77 204 85 172 2242 300090 3 70750155 105058 2.7 72 26 2 14 54% 11293 124004 8631 12%
c - 8514.77 208 87 172 2243 300367 3 70797504 124212 2.7 68 25 2 14 49% 11293 124004 8631 12%
c - 8520.86 140 89 172 2244 300795 3 70844864 130780 2.7 69 25 2 14 50% 11293 124004 8631 12%
c - 8526.67 142 90 172 2245 301175 3 70892234 133801 2.8 70 25 2 14 49% 11293 124004 8631 12%
c - 8533.07 110 91 172 2246 301604 3 70939616 136878 2.8 72 26 2 14 50% 11293 124004 8631 12%
c - 8538.96 111 88 172 2247 301942 3 70987007 138804 2.8 71 25 2 14 50% 11293 124004 8631 12%
c - 8543.81 109 88 172 2248 302216 3 71034410 141753 2.7 67 25 2 14 47% 11293 124004 8631 12%
c - 8549.93 112 87 172 2249 302598 3 71081824 144777 2.8 70 25 2 14 49% 11293 124004 8631 12%
c - 8555.74 112 83 172 2250 302940 3 71129249 144893 2.8 69 25 2 14 48% 11293 124004 8631 12%
c u 8560.71 129 81 172 2250 303145 3 71158854 166427 2.8 69 24 2 14 49% 11294 124004 8631 12%
c v 8564.52 135 81 172 2250 303145 3 71158854 140409 2.8 69 24 2 14 49% 11294 124004 8631 12%
c w 8568.00 143 81 172 2250 303145 3 71158854 140135 2.8 69 24 2 14 49% 11294 124004 8631 12%
c - 8570.45 178 82 172 2251 303323 3 71176683 119432 2.8 69 25 2 14 49% 11294 124004 8631 12%
c - 8575.84 307 83 172 2252 303676 3 71224129 128569 2.7 67 25 2 14 48% 11294 124004 8631 12%
c - 8581.97 486 82 172 2253 304056 3 71271585 134226 2.8 70 25 2 14 49% 11294 124004 8631 12%
c - 8588.47 548 81 172 2254 304421 3 71319050 137367 2.8 70 25 2 14 49% 11295 124004 8631 12%
c - 8594.97 547 81 172 2255 304798 3 71366526 139207 2.7 70 26 2 14 49% 11295 124004 8631 12%
c o 8597.22 549 79 172 2255 304913 3 71385637 157809 2.7 69 25 2 14 49% 11295 124004 8631 12%
c
c  seconds     switched         rate             size/glue  tier1     binary          remaining
c           MB     reductions      conflicts           size   tier2       irredundant
c            level        restarts         redundant      glue    trail          variables
c
c - 8600.71 382 78 172 2256 305050 2 71414012 143536 2.9 73 25 2 14 49% 11295 124004 8631 12%
c - 8607.82 382 79 172 2257 305477 3 71461511 145801 2.8 72 25 2 14 50% 11295 124004 8631 12%
c - 8614.13 195 79 172 2258 305845 3 71509018 146623 2.8 72 25 2 14 49% 11295 124004 8631 12%
c - 8620.15 111 79 172 2259 306161 3 71556536 149491 2.8 70 25 2 14 49% 11295 124004 8631 12%
c - 8626.11 113 73 172 2260 306410 2 71604064 152154 2.8 70 25 2 14 49% 11295 124004 8631 12%
c - 8632.65 113 72 172 2261 306780 2 71651603 153594 2.8 69 25 2 14 48% 11295 124004 8631 12%
c - 8639.08 118 73 172 2262 307104 2 71699152 154018 2.8 70 25 2 14 48% 11295 124004 8631 12%
c - 8646.04 115 74 172 2263 307461 3 71746712 155318 2.8 70 25 2 14 48% 11295 124004 8631 12%
c - 8652.76 112 72 172 2264 307779 2 71794284 156296 2.7 69 25 2 14 49% 11295 124004 8631 12%
c - 8659.69 118 77 172 2265 308205 3 71841866 157125 2.8 71 26 2 14 49% 11295 124004 8631 12%
c - 8666.52 117 76 172 2266 308539 3 71889458 158382 2.8 72 25 2 14 50% 11295 124004 8631 12%
c - 8672.08 118 74 172 2267 308807 2 71937061 160982 2.9 71 25 2 14 49% 11295 124004 8631 12%
c - 8678.84 118 76 172 2268 309176 3 71984674 161663 2.9 71 25 2 14 49% 11296 124004 8631 12%
c } 8682.17 116 75 173 2268 309364 3 72009261 185698 2.8 72 25 2 14 49% 11296 124004 8631 12%
c [ 8682.17 116 64 173 2268 309364 1 72009261 185698 2.1 96 45 2 24 60% 11296 124004 8631 12%
c O 8682.17 116 64 173 2268 309364 1 72009261 185698 2.1 96 45 2 24 60% 11296 124004 8631 12%
c - 8684.85 119 60 173 2269 309377 1 72032298 156596 2.3 95 42 2 24 60% 11296 124004 8631 12%
c - 8690.88 119 58 173 2270 309394 1 72079933 138282 2.3 93 40 2 24 59% 11296 124004 8631 12%
c u 8694.94 115 61 173 2270 309400 1 72099266 145805 2.3 94 41 2 24 59% 11301 124004 8631 12%
c v 8697.34 119 61 173 2270 309400 1 72099266 122251 2.3 94 41 2 24 59% 11301 124004 8631 12%
c
c  seconds     switched         rate             size/glue  tier1     binary          remaining
c           MB     reductions      conflicts           size   tier2       irredundant
c            level        restarts         redundant      glue    trail          variables
c
c w 8702.93 133 61 173 2270 309400 1 72099266 120557 2.3 94 41 2 24 59% 11301 124004 8631 12%
c t 8702.95 133 61 173 2270 309400 1 72099266 120557 2.3 94 41 2 24 59% 11300 124004 8631 12%
c - 8706.61 93 71 173 2271 309412 1 72127578 91678 2.0 95 47 2 24 57% 11300 124004 8631 12%
c - 8713.01 109 68 173 2272 309426 1 72175235 86608 2.1 97 46 2 24 58% 11300 124004 8631 12%
c - 8719.35 104 63 173 2273 309437 1 72222900 87484 2.2 97 44 2 24 60% 11300 124004 8631 12%
c - 8725.18 110 57 173 2274 309456 1 72270576 92156 2.4 97 40 2 24 61% 11300 124004 8631 12%
c - 8731.43 110 54 173 2275 309472 1 72318262 92882 2.5 97 39 2 24 62% 11300 124004 8631 12%
c - 8738.68 110 54 173 2276 309488 1 72365958 94305 2.5 97 39 2 24 61% 11300 124004 8631 12%
c - 8746.05 111 57 173 2277 309490 1 72413665 88801 2.4 98 42 2 24 60% 11300 124004 8631 12%
c - 8753.17 110 56 173 2278 309490 1 72461382 87385 2.4 98 41 2 24 59% 11300 124004 8631 12%
c - 8759.50 105 58 173 2279 309511 1 72509111 91787 2.3 97 41 2 24 59% 11300 124004 8631 12%
c s 8763.17 108 57 173 2279 309521 1 72538359 119152 2.4 97 40 2 24 58% 11300 124001 8631 12%
c - 8765.56 109 55 173 2280 309527 1 72556851 97312 2.5 97 39 2 24 57% 11300 124001 8631 12%
c o 8769.41 108 58 173 2280 309540 1 72587409 125871 2.4 96 40 2 24 55% 11300 124001 8631 12%
c - 8771.54 96 68 173 2281 309550 1 72604601 94676 2.2 101 46 2 24 55% 11300 124001 8631 12%
c - 8777.76 94 75 173 2282 309553 1 72652360 88069 2.1 108 51 2 24 56% 11300 124001 8631 12%
c - 8784.55 110 76 173 2283 309570 1 72700130 83984 2.1 110 53 2 24 57% 11300 124001 8631 12%
c - 8790.52 109 64 173 2284 309585 1 72747911 88928 2.3 106 45 2 24 58% 11300 124001 8631 12%
c - 8796.91 106 61 173 2285 309609 1 72795702 95956 2.4 103 43 2 24 58% 11300 124001 8631 12%
c - 8803.55 90 65 173 2286 309616 1 72843503 94826 2.3 104 46 2 24 59% 11300 124001 8631 12%
c
c  seconds    switched         rate            size/glue   tier1     binary          remaining
c          MB     reductions      conflicts          size    tier2       irredundant
c           level        restarts         redundant      glue    trail          variables
c
c - 8810.62 95 69 173 2287 309617 1 72891320 87434 2.2 106 49 2 24 59% 11300 124001 8631 12%
c - 8817.69 109 72 173 2288 309618 1 72939143 87897 2.1 106 50 2 24 59% 11300 124001 8631 12%
c - 8824.83 109 75 173 2289 309618 1 72986976 88362 2.0 106 52 2 24 59% 11300 124001 8631 12%
c - 8831.94 110 75 173 2290 309618 1 73034820 87518 2.0 106 52 2 24 60% 11300 124001 8631 12%
c u 8834.42 108 75 173 2290 309618 1 73046325 95195 2.0 106 53 2 24 60% 11300 124001 8631 12%
c v 8834.91 109 75 173 2290 309618 1 73046325 89247 2.0 106 53 2 24 60% 11300 124001 8631 12%
c w 8840.50 117 75 173 2290 309618 1 73046325 87590 2.0 106 53 2 24 60% 11300 124001 8631 12%
c B 8840.96 102 76 173 2290 309618 1 73049863 90891 2.0 106 53 2 24 61% 11300 124001 8631 12%
c - 8844.82 109 79 173 2291 309632 1 73082676 82514 2.0 108 53 2 24 60% 11300 124001 8631 12%
c - 8851.03 110 67 173 2292 309649 1 73130540 86933 2.2 101 46 2 24 61% 11300 124001 8631 12%
c ] 8856.45 109 57 174 2292 309664 1 73172952 124183 2.3 95 41 2 24 63% 11300 124001 8631 12%
c { 8856.45 109 75 174 2292 309664 3 73172952 124183 2.8 72 25 2 14 49% 11300 124001 8631 12%
c - 8857.11 103 75 174 2293 309706 3 73178414 91799 2.9 72 25 2 14 50% 11300 124001 8631 12%
c - 8862.45 109 82 174 2294 310065 3 73226299 110398 2.8 70 25 2 14 51% 11302 124001 8631 12%
c - 8867.45 106 85 174 2295 310385 3 73274194 125593 2.8 67 24 2 14 50% 11302 124001 8631 12%
c - 8873.41 111 86 174 2296 310759 3 73322100 133022 2.7 67 24 2 14 51% 11303 124001 8631 12%
c - 8879.42 109 84 174 2297 311118 3 73370022 136472 2.8 68 24 2 14 53% 11303 124001 8631 12%
c - 8885.54 113 77 174 2298 311357 2 73417951 140859 2.8 67 24 2 14 54% 11303 124001 8631 12%
c - 8891.68 115 74 174 2299 311695 2 73465888 144353 2.8 66 24 2 14 54% 11303 124001 8631 12%
c - 8898.25 112 71 174 2300 312021 2 73513836 144262 2.8 68 24 2 14 55% 11304 124001 8631 12%
c
c  seconds     switched         rate             size/glue  tier1     binary          remaining
c           MB     reductions      conflicts           size   tier2       irredundant
c            level        restarts         redundant      glue    trail          variables
c
c - 8905.05 115 73 174 2301 312386 2 73561794 144754 2.7 67 25 2 14 55% 11304 124001 8631 12%
c - 8911.07 116 71 174 2302 312664 2 73609764 148168 2.7 65 24 2 14 54% 11304 124001 8631 12%
c - 8918.30 113 70 174 2303 313022 2 73657743 151207 2.7 65 25 2 14 54% 11304 124001 8631 12%
c - 8925.16 113 69 174 2304 313342 2 73705733 152667 2.7 66 24 2 14 55% 11305 124001 8631 12%
c - 8932.24 117 62 174 2305 313560 2 73753733 155236 2.7 65 24 2 14 56% 11305 124001 8631 12%
c o 8934.68 113 61 174 2305 313657 2 73771752 172251 2.7 64 24 2 14 56% 11305 124001 8631 12%
c - 8939.47 117 63 174 2306 313864 2 73801743 156755 2.7 64 24 2 14 56% 11305 124001 8631 12%
c - 8946.38 118 59 174 2307 314080 2 73849763 159008 2.7 64 23 2 14 56% 11305 124001 8631 12%
c - 8953.18 112 62 174 2308 314408 2 73897795 162280 2.7 64 23 2 14 56% 11305 124001 8631 12%
c - 8960.00 113 59 174 2309 314668 2 73945836 163083 2.7 64 23 2 14 56% 11305 124001 8631 12%
c - 8966.50 118 61 174 2310 314916 2 73993891 165604 2.8 63 23 2 14 56% 11305 124001 8631 12%
c u 8968.72 112 60 174 2310 314929 2 74000079 161113 2.8 63 23 2 14 56% 11307 124001 8631 12%
c v 8973.14 121 60 174 2310 314929 2 74000079 140341 2.8 63 23 2 14 56% 11307 124001 8631 12%
c w 8976.14 127 60 174 2310 314929 2 74000079 135484 2.8 63 23 2 14 56% 11307 124001 8631 12%
c t 8989.68 129 60 174 2310 314929 2 74000079 135484 2.8 63 23 2 14 56% 11305 124001 8631 12%
c - 8995.94 120 61 174 2311 315255 2 74041953 137526 2.7 63 23 2 14 56% 11305 124001 8631 12%
c - 9002.63 119 59 174 2312 315498 2 74090031 144678 2.7 62 23 2 14 57% 11305 124001 8631 12%
c - 9008.97 121 60 174 2313 315845 2 74138117 151128 2.6 61 23 2 14 56% 11306 124001 8631 12%
c - 9015.59 119 59 174 2314 316129 2 74186211 153411 2.6 61 23 2 14 56% 11306 124001 8631 12%
c - 9022.23 112 58 174 2315 316442 2 74234315 154757 2.7 63 23 2 14 57% 11306 124001 8631 12%
c
c  seconds     switched         rate             size/glue  tier1     binary          remaining
c           MB     reductions      conflicts           size   tier2       irredundant
c            level        restarts         redundant      glue    trail          variables
c
c - 9028.98 120 56 174 2316 316690 2 74282430 155412 2.6 61 23 2 14 56% 11306 124001 8631 12%
c - 9035.87 122 55 174 2317 316930 2 74330555 157960 2.7 61 23 2 14 57% 11306 124001 8631 12%
c - 9043.10 121 55 174 2318 317240 2 74378690 161195 2.7 61 23 2 14 57% 11306 124001 8631 12%
c - 9049.75 115 54 174 2319 317469 2 74426835 163337 2.7 61 23 2 14 57% 11306 124001 8631 12%
c - 9056.66 122 56 174 2320 317756 2 74474993 164823 2.7 61 23 2 14 57% 11306 124001 8631 12%
c } 9062.94 119 54 175 2320 318011 2 74516249 202443 2.6 59 23 2 14 57% 11306 124001 8631 12%
c [ 9062.94 119 57 175 2320 318011 1 74516249 202443 2.3 95 41 2 24 63% 11306 124001 8631 12%
c W 9063.50 133 57 175 2320 318011 1 74516249 202443 2.3 95 41 2 24 63% 11306 124001 8631 12%
c - 9064.47 140 58 175 2321 318016 1 74523161 162630 2.3 95 40 2 24 62% 11306 124001 8631 12%
c - 9071.25 152 56 175 2322 318039 1 74571337 144449 2.3 88 38 2 24 60% 11306 124001 8631 12%
c - 9078.92 165 56 175 2323 318055 1 74619526 111614 2.2 85 39 2 24 58% 11306 124001 8631 12%
c - 9085.90 177 51 175 2324 318072 1 74667724 104716 2.3 83 37 2 24 59% 11306 124001 8631 12%
c - 9093.24 180 48 175 2325 318076 1 74715933 103965 2.6 91 35 2 24 59% 11306 124001 8631 12%
c - 9101.15 194 47 175 2326 318100 1 74764151 99184 2.6 92 35 2 24 58% 11306 124001 8631 12%
c - 9107.90 201 47 175 2327 318115 1 74812382 101418 2.5 88 35 2 24 58% 11306 124001 8631 12%
c - 9114.68 165 48 175 2328 318134 1 74860620 98686 2.4 86 36 2 24 59% 11306 124001 8631 12%
c - 9121.14 166 45 175 2329 318136 1 74908869 95937 2.3 80 35 2 24 61% 11306 124001 8631 12%
c - 9127.87 120 43 175 2330 318137 1 74957128 99122 2.3 77 33 2 24 62% 11306 124001 8631 12%
c u 9129.37 127 43 175 2330 318137 1 74960503 95159 2.3 77 33 2 24 62% 11309 124001 8631 12%
c v 9129.84 129 43 175 2330 318137 1 74960503 90898 2.3 77 33 2 24 62% 11309 124001 8631 12%
c
c  seconds     switched         rate            size/glue  tier1     binary          remaining
c           MB     reductions      conflicts          size   tier2       irredundant
c            level        restarts         redundant     glue    trail          variables
c
c w 9133.99 135 43 175 2330 318137 1 74960503 89402 2.3 77 33 2 24 62% 11309 124001 8631 12%
c t 9134.01 135 43 175 2330 318137 1 74960503 89402 2.3 77 33 2 24 62% 11307 124001 8631 12%
c - 9140.83 151 41 175 2331 318152 1 75005398 92969 2.3 73 32 2 24 62% 11307 124001 8631 12%
c - 9148.01 159 50 175 2332 318168 1 75053679 95114 2.1 80 37 2 24 61% 11307 124001 8631 12%
c o 9150.95 161 53 175 2332 318179 1 75073862 113586 2.1 82 38 2 24 61% 11307 124001 8631 12%
c - 9155.04 184 67 175 2333 318190 1 75101969 90475 2.0 92 47 2 24 60% 11307 124001 8631 12%
c - 9162.19 157 62 175 2334 318200 1 75150270 89580 2.1 90 43 2 24 60% 11307 124001 8631 12%
c - 9168.75 168 63 175 2335 318215 1 75198582 88923 2.1 93 43 2 24 61% 11307 124001 8631 12%
c - 9175.43 175 61 175 2336 318231 1 75246904 87672 2.3 98 43 2 24 61% 11307 124001 8631 12%
c - 9182.23 192 60 175 2337 318252 1 75295237 85805 2.4 103 43 2 24 61% 11307 124001 8631 12%
c - 9189.69 172 59 175 2338 318263 1 75343580 86825 2.4 103 42 2 24 60% 11307 124001 8631 12%
c - 9196.95 183 59 175 2339 318264 1 75391932 86853 2.4 102 42 2 24 59% 11307 124001 8631 12%
c - 9205.05 191 59 175 2340 318265 1 75440295 87703 2.4 102 42 2 24 58% 11307 124001 8631 12%
c - 9213.64 141 64 175 2341 318265 1 75488671 87093 2.3 103 45 2 24 58% 11307 124001 8631 12%
c - 9222.19 145 65 175 2342 318265 1 75537055 86369 2.2 103 46 2 24 58% 11307 124001 8631 12%
c - 9230.67 149 66 175 2343 318278 1 75585452 87032 2.2 104 48 2 24 58% 11307 124001 8631 12%
c I 9230.71 149 66 175 2343 318278 1 75585791 87332 2.2 104 48 2 24 58% 11307 124001 8631 12%
c - 9235.33 157 78 175 2344 318296 1 75633856 93230 2.0 99 50 2 24 55% 11307 124001 8631 12%
c - 9239.71 161 75 175 2345 318313 1 75682270 91447 2.0 90 46 2 24 51% 11307 124001 8631 12%
c ] 9240.26 161 76 176 2345 318318 1 75690271 99000 2.0 91 46 2 24 50% 11307 124001 8631 12%
c
c  seconds     switched         rate            size/glue  tier1     binary          remaining
c           MB     reductions      conflicts          size   tier2       irredundant
c            level        restarts         redundant     glue    trail          variables
c
c { 9240.26 161 54 176 2345 318318 2 75690271 99000 2.6 59 23 2 14 57% 11307 124001 8631 12%
c - 9243.81 185 71 176 2346 318642 2 75730695 108747 2.6 58 22 2 14 52% 11308 124001 8631 12%
c - 9246.59 239 68 176 2347 318865 2 75779131 130615 2.5 50 20 2 14 42% 11309 124001 8631 12%
c - 9251.34 348 89 176 2348 319306 3 75827576 140963 2.4 51 21 2 14 42% 11311 124001 8631 12%
c - 9256.80 383 96 176 2349 319789 3 75876032 141770 2.4 54 22 2 14 43% 11313 124001 8631 12%
c - 9262.63 289 99 176 2350 320277 3 75924498 142214 2.5 57 23 2 14 45% 11316 124001 8631 12%
c u 9263.93 290 100 176 2350 320311 3 75927623 140001 2.4 57 23 2 14 45% 11317 124001 8631 12%
c v 9266.58 288 100 176 2350 320311 3 75927623 113831 2.4 57 23 2 14 45% 11319 124001 8631 12%
c w 9270.03 293 100 176 2350 320311 3 75927623 112172 2.4 57 23 2 14 45% 11319 124001 8631 12%
c t 9270.05 293 100 176 2350 320311 3 75927623 112172 2.4 57 23 2 14 45% 11317 124001 8631 12%
c - 9274.99 200 104 176 2351 320705 3 75972975 121805 2.5 59 24 2 14 45% 11318 124001 8631 12%
c - 9278.10 203 94 176 2352 320890 3 76021462 137706 2.4 52 22 2 14 38% 11318 124001 8631 12%
c - 9283.56 113 101 176 2353 321384 3 76069959 144002 2.4 55 23 2 14 41% 11319 124001 8631 12%
c - 9287.58 111 92 176 2354 321688 3 76118466 145577 2.4 53 22 2 14 39% 11321 124001 8631 12%
c - 9292.83 117 99 176 2355 322127 3 76166985 149309 2.4 55 23 2 14 41% 11325 124001 8631 12%
c - 9298.64 110 102 176 2356 322599 3 76215514 147988 2.5 58 23 2 14 43% 11326 124001 8631 12%
c - 9302.49 116 99 176 2357 322902 3 76264053 151019 2.4 55 23 2 14 40% 11327 124001 8631 12%
c o 9303.68 109 100 176 2357 323018 3 76273887 160674 2.4 55 23 2 14 41% 11328 124001 8631 12%
c - 9308.54 117 101 176 2358 323357 3 76312601 152610 2.5 57 23 2 14 42% 11329 124001 8631 12%
c - 9314.87 118 102 176 2359 323791 3 76361160 152245 2.5 58 24 2 14 44% 11329 124001 8631 12%
c
c  seconds     switched         rate             size/glue  tier1     binary          remaining
c           MB     reductions      conflicts           size   tier2       irredundant
c            level        restarts         redundant      glue    trail          variables
c
c - 9320.71 118 97 176 2360 324149 3 76409730 155345 2.5 58 23 2 14 44% 11329 124001 8631 12%
c - 9327.36 116 100 176 2361 324580 3 76458309 157353 2.5 60 24 2 14 44% 11331 124001 8631 12%
c - 9332.70 117 97 176 2362 324930 3 76506899 157722 2.6 61 23 2 14 43% 11331 124001 8631 12%
c - 9338.66 118 100 176 2363 325326 3 76555499 159908 2.7 63 23 2 14 45% 11331 124001 8631 12%
c - 9344.53 117 100 176 2364 325738 3 76604111 161104 2.6 61 24 2 14 45% 11331 124001 8631 12%
c - 9349.76 117 96 176 2365 326126 3 76652732 160724 2.5 60 24 2 14 43% 11332 124001 8631 12%
c - 9354.71 118 95 176 2366 326445 3 76701363 163926 2.5 59 23 2 14 42% 11332 124001 8631 12%
c - 9359.22 107 87 176 2367 326725 3 76750005 168511 2.4 54 22 2 14 38% 11334 124001 8631 12%
c - 9364.67 112 89 176 2368 327143 3 76798657 169525 2.4 55 23 2 14 40% 11334 124001 8631 12%
c - 9369.74 118 91 176 2369 327490 3 76847320 170226 2.4 54 22 2 14 39% 11334 124001 8631 12%
c - 9375.52 112 95 176 2370 327943 3 76895992 170420 2.4 56 23 2 14 41% 11335 124001 8631 12%
c u 9377.25 115 94 176 2370 327960 3 76901441 162158 2.4 55 23 2 14 40% 11342 124001 8631 12%
c v 9380.89 120 94 176 2370 327960 3 76901441 142266 2.4 55 23 2 14 40% 11342 124001 8631 12%
c w 9381.91 121 94 176 2370 327960 3 76901441 141840 2.4 55 23 2 14 40% 11342 124001 8631 12%
c t 9381.93 121 94 176 2370 327960 3 76901441 141840 2.4 55 23 2 14 40% 11332 124001 8631 12%
c - 9386.74 115 96 176 2371 328358 3 76944674 143201 2.5 58 23 2 14 43% 11333 124001 8631 12%
c - 9392.16 116 98 176 2372 328790 3 76993368 148520 2.5 59 24 2 14 43% 11333 124001 8631 12%
c - 9395.75 117 83 176 2373 328993 3 77042071 155865 2.5 54 22 2 14 39% 11334 124001 8631 12%
c } 9396.45 109 73 177 2373 328993 2 77061388 173808 2.4 49 20 2 14 35% 11334 124001 8631 12%
c [ 9396.45 109 76 177 2373 328993 1 77061388 173808 2.0 91 46 2 24 50% 11334 124001 8631 12%
c
c  seconds     switched         rate             size/glue  tier1     binary          remaining
c           MB     reductions      conflicts           size   tier2       irredundant
c            level        restarts         redundant      glue    trail          variables
c
c B 9396.45 109 76 177 2373 328993 1 77061388 173808 2.0 91 46 2 24 50% 11334 124001 8631 12%
c - 9399.03 107 69 177 2374 329007 1 77090786 150087 2.1 90 43 2 24 47% 11334 124001 8631 12%
c - 9403.26 99 63 177 2375 329023 1 77139509 127092 2.2 91 41 2 24 44% 11334 124001 8631 12%
c - 9408.31 94 62 177 2376 329045 1 77188242 102351 2.1 89 43 2 24 41% 11334 124001 8631 12%
c - 9413.12 112 57 177 2377 329055 1 77236986 93139 2.2 89 41 2 24 41% 11334 124001 8631 12%
c - 9418.52 110 55 177 2378 329070 1 77285741 93156 2.2 88 40 2 24 40% 11334 124001 8631 12%
c - 9423.83 105 56 177 2379 329086 1 77334505 96393 2.2 88 41 2 24 40% 11334 124001 8631 12%
c - 9429.37 112 57 177 2380 329108 1 77383279 99519 2.3 91 40 2 24 40% 11334 124001 8631 12%
c - 9433.90 98 58 177 2381 329118 1 77432066 99368 2.3 95 41 2 24 40% 11334 124001 8631 12%
c - 9439.07 97 56 177 2382 329119 1 77480862 92943 2.4 98 41 2 24 40% 11334 124001 8631 12%
c - 9444.42 113 55 177 2383 329126 1 77529667 92666 2.4 99 41 2 24 39% 11334 124001 8631 12%
c o 9447.31 108 53 177 2383 329139 1 77558601 116686 2.4 97 41 2 24 39% 11334 124001 8631 12%
c - 9449.63 94 64 177 2384 329149 1 77578482 93685 2.2 103 46 2 24 42% 11334 124001 8631 12%
c - 9456.00 97 83 177 2385 329164 1 77627308 94588 2.0 108 55 2 24 49% 11334 124001 8631 12%
c - 9463.22 107 76 177 2386 329181 1 77676144 91649 2.1 107 52 2 24 53% 11334 124001 8631 12%
c - 9470.54 109 67 177 2387 329188 1 77724990 92880 2.2 105 47 2 24 56% 11334 124001 8631 12%
c - 9477.18 109 58 177 2388 329211 1 77773846 98276 2.4 101 41 2 24 58% 11334 124001 8631 12%
c - 9484.18 91 54 177 2389 329227 1 77822714 97003 2.5 100 40 2 24 59% 11334 124001 8631 12%
c - 9491.64 107 51 177 2390 329244 1 77871593 97593 2.6 98 37 2 24 60% 11334 124001 8631 12%
c u 9494.00 108 50 177 2390 329245 1 77881956 101160 2.7 99 37 2 24 60% 11336 124001 8631 12%
c
c  seconds     switched         rate            size/glue  tier1     binary          remaining
c           MB     reductions      conflicts          size   tier2       irredundant
c            level        restarts         redundant     glue    trail          variables
c
c v 9494.53 110 50 177 2390 329245 1 77881956 93565 2.7 99 37 2 24 60% 11336 124001 8631 12%
c w 9501.48 121 50 177 2390 329245 1 77881956 91556 2.7 99 37 2 24 60% 11336 124001 8631 12%
c t 9501.49 121 50 177 2390 329245 1 77881956 91556 2.7 99 37 2 24 60% 11335 124001 8631 12%
c - 9506.12 110 49 177 2391 329246 1 77920480 90942 2.6 97 37 2 24 61% 11335 124001 8631 12%
c - 9512.38 108 49 177 2392 329246 1 77969380 91212 2.6 95 37 2 24 62% 11335 124001 8631 12%
c - 9519.01 113 48 177 2393 329247 1 78018289 90121 2.5 93 37 2 24 62% 11335 124001 8631 12%
c - 9525.57 112 52 177 2394 329247 1 78067208 92193 2.4 94 39 2 24 62% 11335 124001 8631 12%
c - 9532.16 114 55 177 2395 329252 1 78116136 90797 2.4 97 41 2 24 62% 11335 124001 8631 12%
c W 9538.83 124 55 177 2395 329272 1 78160136 129510 2.4 97 41 2 24 62% 11335 124001 8631 12%
c - 9539.44 127 55 177 2396 329276 1 78165074 90820 2.4 97 41 2 24 62% 11335 124001 8631 12%
c ] 9544.65 130 54 178 2396 329287 1 78206910 127838 2.5 100 40 2 24 62% 11335 124001 8631 12%
c { 9544.65 130 73 178 2396 329287 2 78206910 127838 2.4 49 20 2 14 35% 11335 124001 8631 12%
c - 9545.46 132 69 178 2397 329290 2 78214023 93161 2.5 51 20 2 14 37% 11335 124001 8631 12%
c - 9550.99 138 53 178 2398 329323 2 78262983 121086 3.2 63 20 2 14 45% 11335 124001 8631 12%
c - 9554.66 145 42 178 2399 329335 2 78311953 151923 3.5 62 18 2 14 43% 11335 124001 8631 12%
c - 9557.27 154 35 178 2400 329371 1 78360932 159231 3.0 49 16 2 14 37% 11336 124001 8631 12%
c - 9558.64 157 33 178 2401 329371 1 78409921 164867 2.8 38 14 2 14 28% 11337 124001 8631 12%
c - 9561.05 179 31 178 2402 329435 1 78458921 165946 3.0 38 13 2 14 29% 11339 124001 8631 12%
c - 9564.25 220 32 178 2403 329677 1 78507931 170521 3.3 40 12 2 14 33% 11339 124001 8631 12%
c - 9568.91 291 34 178 2404 330067 1 78556951 165564 3.6 44 12 2 14 36% 11342 124001 8631 12%
c
c  seconds     switched         rate             size/glue  tier1     binary          remaining
c           MB     reductions      conflicts           size   tier2       irredundant
c            level        restarts         redundant      glue    trail          variables
c
c - 9573.25 357 37 178 2405 330374 2 78605981 167212 3.9 45 12 2 14 38% 11344 124001 8631 12%
c - 9577.23 421 34 178 2406 330706 2 78655022 170326 3.8 43 11 2 14 36% 11346 124001 8631 12%
c - 9580.61 469 32 178 2407 330998 2 78704072 172583 3.6 41 11 2 14 34% 11347 124001 8631 12%
c - 9585.48 487 34 178 2408 331476 2 78753134 177406 3.7 43 12 2 14 37% 11353 124001 8631 12%
c o 9587.90 524 34 178 2408 331700 2 78778609 202706 3.7 44 12 2 14 37% 11356 124001 8631 12%
c - 9590.55 566 35 178 2409 331938 2 78802205 177658 3.8 46 12 2 14 39% 11358 124001 8631 12%
c - 9595.22 430 35 178 2410 332318 2 78851286 180193 3.9 47 12 2 14 40% 11358 124001 8631 12%
c u 9598.70 424 35 178 2410 332534 2 78869167 185560 3.9 49 12 2 14 40% 11372 124001 8631 12%
c v 9602.78 439 35 178 2410 332534 2 78869167 175168 3.9 49 12 2 14 40% 11372 124001 8631 12%
c w 9604.08 441 35 178 2410 332534 2 78869167 175108 3.9 49 12 2 14 40% 11372 124001 8631 12%
c t 9604.10 257 35 178 2410 332534 2 78869167 175108 3.9 49 12 2 14 40% 11360 124001 8631 12%
c - 9606.65 246 34 178 2411 332739 2 78900377 163407 3.9 46 12 2 14 39% 11361 124001 8631 12%
c - 9610.69 244 35 178 2412 333084 2 78949480 169170 3.8 46 12 2 14 39% 11364 124001 8631 12%
c - 9614.64 124 35 178 2413 333392 2 78998592 173518 3.8 44 12 2 14 39% 11366 124001 8631 12%
c - 9619.34 121 36 178 2414 333790 2 79047714 175693 3.8 44 12 2 14 39% 11368 124001 8631 12%
c - 9623.13 123 38 178 2415 334104 2 79096846 177770 3.8 43 11 2 14 37% 11368 124001 8631 12%
c i 9624.32 125 37 178 2415 334221 2 79113478 193883 3.8 42 11 2 14 35% 11374 124001 8630 12%
c - 9627.32 122 37 178 2416 334491 2 79145988 178948 3.8 43 11 2 14 37% 11363 124001 8630 12%
c - 9632.07 127 37 178 2417 334917 2 79195140 181099 3.8 44 12 2 14 38% 11363 124001 8630 12%
c - 9636.80 123 39 178 2418 335293 2 79244302 182903 3.8 45 12 2 14 38% 11363 124001 8630 12%
c
c  seconds     switched         rate             size/glue  tier1     binary          remaining
c           MB     reductions      conflicts           size   tier2       irredundant
c            level        restarts         redundant      glue    trail          variables
c
c - 9640.27 127 35 178 2419 335499 2 79293476 184574 4.2 47 11 2 14 37% 11364 124001 8630 12%
c - 9644.58 124 33 178 2420 335856 2 79342660 185280 4.0 44 11 2 14 35% 11364 124001 8630 12%
c - 9648.65 126 32 178 2421 336177 2 79391854 184696 3.7 42 11 2 14 35% 11365 124001 8630 12%
c - 9653.75 122 33 178 2422 336623 2 79441057 187424 3.7 43 12 2 14 35% 11368 124001 8630 12%
c - 9659.13 127 35 178 2423 337105 2 79490270 188816 3.8 45 12 2 14 37% 11371 124001 8630 12%
c - 9663.93 128 35 178 2424 337460 2 79539493 191566 3.7 44 12 2 14 36% 11371 124001 8630 12%
c - 9668.92 125 35 178 2425 337821 2 79588727 192379 3.7 44 12 2 14 37% 11373 124001 8630 12%
c } 9669.87 123 35 179 2425 337889 2 79606085 209451 3.6 42 12 2 14 35% 11374 124001 8630 12%
c [ 9669.87 123 54 179 2425 337889 1 79606085 209451 2.5 100 40 2 24 62% 11374 124001 8630 12%
c O 9669.87 123 54 179 2425 337889 1 79606085 209451 2.5 100 40 2 24 62% 11374 124001 8630 12%
c - 9674.39 127 51 179 2426 337903 1 79637971 176565 2.7 100 37 2 24 62% 11374 124001 8630 12%
c - 9682.64 126 48 179 2427 337919 1 79687228 141987 2.8 98 35 2 24 61% 11374 124001 8630 12%
c - 9692.04 101 50 179 2428 337944 1 79736492 121811 2.7 98 36 2 24 59% 11374 124001 8630 12%
c - 9701.20 99 58 179 2429 337951 1 79785771 114674 2.4 101 42 2 24 58% 11374 124001 8630 12%
c - 9710.18 99 65 179 2430 337966 1 79835057 110091 2.2 103 46 2 24 57% 11374 124001 8630 12%
c u 9716.38 103 67 179 2430 337981 1 79863103 118643 2.2 104 47 2 24 58% 11401 123980 8630 12%
c v 9717.28 105 67 179 2430 337981 1 79863103 106056 2.2 104 47 2 24 58% 11405 123980 8630 12%
c w 9724.17 123 67 179 2430 337981 1 79863103 102826 2.2 104 47 2 24 58% 11405 123980 8630 12%
c t 9724.19 123 67 179 2430 337981 1 79863103 102826 2.2 104 47 2 24 58% 11385 123980 8630 12%
c - 9727.71 95 68 179 2431 337982 1 79884352 86836 2.2 105 47 2 24 58% 11385 123980 8630 12%
c
c  seconds     switched         rate            size/glue   tier1     binary          remaining
c           MB     reductions      conflicts          size    tier2       irredundant
c            level        restarts         redundant      glue    trail          variables
c
c - 9734.97 111 60 179 2432 338007 1 79933658 91990 2.3 101 43 2 24 58% 11385 123980 8630 12%
c - 9742.17 112 54 179 2433 338014 1 79982973 92303 2.4 96 40 2 24 58% 11385 123980 8630 12%
c - 9749.37 111 47 179 2434 338015 1 80032298 96449 2.6 94 36 2 24 59% 11385 123980 8630 12%
c - 9757.08 99 45 179 2435 338025 1 80081634 99009 2.7 95 35 2 24 59% 11385 123980 8630 12%
c - 9765.00 99 43 179 2436 338046 1 80130980 102536 2.8 94 33 2 24 60% 11385 123980 8630 12%
c o 9767.98 101 44 179 2436 338048 1 80148321 117647 2.8 94 34 2 24 60% 11385 123980 8630 12%
c - 9773.39 117 45 179 2437 338062 1 80180338 106163 2.9 99 34 2 24 59% 11385 123980 8630 12%
c - 9780.20 98 48 179 2438 338078 1 80229704 101574 2.8 101 36 2 24 60% 11385 123980 8630 12%
c - 9786.72 98 51 179 2439 338089 1 80279080 96704 2.8 103 37 2 24 61% 11385 123980 8630 12%
c - 9794.24 94 57 179 2440 338109 1 80328466 94456 2.6 104 41 2 24 60% 11385 123980 8630 12%
c ] 9799.71 102 60 180 2440 338122 1 80363191 125316 2.4 102 43 2 24 59% 11385 123980 8630 12%
c { 9799.71 102 35 180 2440 338122 2 80363191 125316 3.6 42 12 2 14 35% 11385 123980 8630 12%
c - 9802.02 108 43 180 2441 338386 2 80377863 99034 3.3 45 14 2 14 37% 11385 123980 8630 12%
c - 9808.46 112 61 180 2442 339202 2 80427270 117567 3.0 54 18 2 14 41% 11385 123980 8630 12%
c - 9815.51 113 72 180 2443 339861 3 80476686 134475 2.9 59 21 2 14 45% 11386 123980 8630 12%
c - 9822.92 111 76 180 2444 340451 3 80526112 141520 2.9 65 23 2 14 48% 11387 123980 8630 12%
c - 9829.73 113 78 180 2445 340910 3 80575550 145928 2.9 68 23 2 14 49% 11388 123980 8630 12%
c - 9836.37 118 80 180 2446 341363 3 80624996 148308 2.9 70 24 2 14 50% 11389 123980 8630 12%
c - 9843.35 120 78 180 2447 341777 3 80674454 149375 2.9 71 24 2 14 51% 11389 123980 8630 12%
c - 9850.56 120 77 180 2448 342137 3 80723923 151878 3.0 73 24 2 14 52% 11389 123980 8630 12%
c
c  seconds     switched         rate             size/glue  tier1     binary          remaining
c           MB     reductions      conflicts           size   tier2       irredundant
c            level        restarts         redundant      glue    trail          variables
c
c - 9856.93 120 75 180 2449 342467 2 80773401 154527 3.0 73 24 2 14 51% 11390 123980 8630 12%
c - 9863.41 118 75 180 2450 342849 2 80822888 155824 3.1 73 24 2 14 51% 11390 123980 8630 12%
c u 9871.17 119 77 180 2450 343262 3 80863760 187669 3.0 74 25 2 14 51% 11403 123980 8630 12%
c v 9875.98 118 77 180 2450 343262 3 80863760 156148 3.0 74 25 2 14 51% 11404 123980 8630 12%
c w 9880.23 135 77 180 2450 343262 3 80863760 155917 3.0 74 25 2 14 51% 11404 123980 8630 12%
c t 9880.25 135 77 180 2450 343262 3 80863760 155917 3.0 74 25 2 14 51% 11394 123980 8630 12%
c - 9881.46 120 77 180 2451 343330 3 80872385 123463 3.0 74 25 2 14 51% 11394 123980 8630 12%
c - 9887.95 120 78 180 2452 343761 3 80921893 130284 3.0 74 25 2 14 52% 11394 123980 8630 12%
c - 9894.67 120 78 180 2453 344130 3 80971410 138611 3.0 75 25 2 14 53% 11394 123980 8630 12%
c - 9901.65 120 78 180 2454 344520 2 81020938 142010 3.0 76 25 2 14 53% 11394 123980 8630 12%
c - 9908.81 119 77 180 2455 344903 2 81070475 142900 3.1 76 25 2 14 54% 11394 123980 8630 12%
c s 9910.16 116 77 180 2455 344982 2 81081847 154124 3.1 76 25 2 14 53% 11396 123954 8630 12%
c e 9910.17 106 77 180 2455 344982 2 81081847 154124 3.1 76 25 2 14 53% 11381 124025 8626 12%
c s 9910.17 106 77 180 2455 344982 2 81081847 154124 3.1 76 25 2 14 53% 11381 123999 8626 12%
c - 9915.07 134 76 180 2456 345218 2 81120024 145193 3.1 76 25 2 14 52% 11381 123999 8626 12%
c - 9922.00 135 75 180 2457 345561 2 81169583 146803 3.1 75 25 2 14 51% 11383 123999 8626 12%
c - 9929.01 137 74 180 2458 345907 2 81219152 147618 3.1 75 25 2 14 50% 11383 123999 8626 12%
c - 9936.20 135 76 180 2459 346359 2 81268730 147773 3.0 75 25 2 14 50% 11384 123999 8626 12%
c - 9942.42 132 76 180 2460 346711 2 81318318 149879 3.1 77 25 2 14 51% 11384 123999 8626 12%
c - 9948.73 137 78 180 2461 347048 2 81367918 153621 3.1 76 25 2 14 51% 11384 123999 8626 12%
c
c  seconds     switched         rate             size/glue  tier1     binary          remaining
c           MB     reductions      conflicts           size   tier2       irredundant
c            level        restarts         redundant      glue    trail          variables
c
c o 9951.29 136 77 180 2461 347213 2 81388323 173643 3.1 75 25 2 14 50% 11384 123999 8626 12%
c - 9955.76 135 76 180 2462 347463 2 81417527 154956 3.1 76 25 2 14 52% 11384 123999 8626 12%
c - 9962.84 137 79 180 2463 347884 3 81467146 153520 3.0 77 25 2 14 51% 11384 123999 8626 12%
c - 9969.58 136 76 180 2464 348250 2 81516774 153072 3.1 77 25 2 14 52% 11384 123999 8626 12%
c - 9976.80 138 75 180 2465 348620 2 81566413 154181 3.1 78 25 2 14 52% 11385 123999 8626 12%
c - 9984.16 131 74 180 2466 349030 2 81616062 154321 3.1 79 26 2 14 53% 11385 123999 8626 12%
c - 9991.07 137 74 180 2467 349379 2 81665723 155518 3.0 77 26 2 14 53% 11385 123999 8626 12%
c - 9998.28 138 76 180 2468 349759 2 81715391 158319 3.1 78 25 2 14 53% 11385 123999 8626 12%
c - 10005.68 135 72 180 2469 350055 2 81765069 158479 3.1 78 25 2 14 53% 11386 123999 8626 12%
c } 10009.31 133 71 181 2469 350247 2 81790661 183695 3.1 79 25 2 14 53% 11386 123999 8626 12%
c [ 10009.31 133 60 181 2469 350247 1 81790661 183695 2.4 102 43 2 24 59% 11386 123999 8626 12%
c B 10009.31 133 60 181 2469 350247 1 81790661 183695 2.4 102 43 2 24 59% 11386 123999 8626 12%
c - 10013.43 141 57 181 2470 350260 1 81814760 150799 2.5 104 41 2 24 59% 11386 123999 8626 12%
c - 10021.71 115 56 181 2471 350277 1 81864459 131502 2.7 107 40 2 24 60% 11386 123999 8626 12%
c u 10024.17 111 55 181 2471 350277 1 81871142 126716 2.7 107 40 2 24 61% 11391 123999 8626 12%
c v 10025.90 116 55 181 2471 350277 1 81871142 107132 2.7 107 40 2 24 61% 11391 123999 8626 12%
c w 10032.27 122 55 181 2471 350277 1 81871142 105432 2.7 107 40 2 24 61% 11391 123999 8626 12%
c t 10032.29 122 55 181 2471 350277 1 81871142 105432 2.7 107 40 2 24 61% 11387 123999 8626 12%
c - 10038.35 108 59 181 2472 350299 1 81914170 93236 2.6 108 42 2 24 61% 11387 123999 8626 12%
c - 10045.11 124 55 181 2473 350309 1 81963889 93649 2.7 106 40 2 24 62% 11387 123999 8626 12%
c
c   seconds     switched         rate            size/glue   tier1     binary          remaining
c            MB     reductions      conflicts          size    tier2       irredundant
c             level        restarts         redundant      glue    trail          variables
c
c - 10051.75 124 51 181 2474 350324 1 82013619 94718 2.7 102 37 2 24 63% 11387 123999 8626 12%
c - 10058.63 107 53 181 2475 350340 1 82063358 98458 2.7 103 38 2 24 62% 11387 123999 8626 12%
c - 10066.28 109 52 181 2476 350362 1 82113107 96389 2.7 102 38 2 24 62% 11387 123999 8626 12%
c - 10074.47 121 46 181 2477 350372 1 82162866 100360 2.8 97 34 2 24 61% 11387 123999 8626 12%
c - 10082.95 131 42 181 2478 350373 1 82212635 107038 3.0 97 32 2 24 60% 11387 123999 8626 12%
c - 10090.43 137 43 181 2479 350381 1 82262417 108837 3.2 103 33 2 24 61% 11387 123999 8626 12%
c - 10098.16 114 45 181 2480 350403 1 82312206 100409 3.1 104 34 2 24 62% 11387 123999 8626 12%
c - 10105.85 108 49 181 2481 350419 1 82362007 100104 2.8 102 36 2 24 62% 11387 123999 8626 12%
c - 10113.52 111 51 181 2482 350435 1 82411818 99426 2.8 102 37 2 24 62% 11387 123999 8626 12%
c - 10121.62 129 52 181 2483 350446 1 82461637 97080 2.6 99 38 2 24 61% 11387 123999 8626 12%
c - 10129.80 125 57 181 2484 350466 1 82511467 96827 2.4 98 41 2 24 59% 11387 123999 8626 12%
c - 10137.12 128 55 181 2485 350482 1 82561306 96532 2.5 95 39 2 24 60% 11387 123999 8626 12%
c - 10144.69 123 55 181 2486 350499 1 82611157 97390 2.4 94 39 2 24 60% 11387 123999 8626 12%
c - 10152.25 129 54 181 2487 350500 1 82661016 98497 2.5 93 38 2 24 61% 11387 123999 8626 12%
c - 10160.08 122 49 181 2488 350501 1 82710886 100330 2.6 91 35 2 24 61% 11387 123999 8626 12%
c - 10168.31 129 44 181 2489 350501 1 82760765 104229 2.7 88 33 2 24 61% 11387 123999 8626 12%
c - 10177.15 131 43 181 2490 350501 1 82810654 107611 2.7 88 32 2 24 61% 11387 123999 8626 12%
c - 10186.47 112 43 181 2491 350514 1 82860553 107312 2.6 84 33 2 24 60% 11387 123999 8626 12%
c o 10186.52 112 43 181 2491 350515 1 82860774 107517 2.6 84 33 2 24 60% 11387 123999 8626 12%
c u 10190.99 121 55 181 2491 350523 1 82885245 126966 2.3 92 40 2 24 60% 11391 123999 8626 12%
c
c   seconds     switched         rate             size/glue  tier1     binary          remaining
c            MB     reductions      conflicts           size   tier2       irredundant
c             level        restarts         redundant      glue    trail          variables
c
c v 10191.89 124 55 181 2491 350523 1 82885245 119796 2.3 92 40 2 24 60% 11391 123999 8626 12%
c w 10203.80 150 55 181 2491 350523 1 82885245 116857 2.3 92 40 2 24 60% 11391 123999 8626 12%
c t 10203.82 150 55 181 2491 350523 1 82885245 116857 2.3 92 40 2 24 60% 11390 123999 8626 12%
c - 10207.67 112 54 181 2492 350532 1 82910462 96011 2.4 93 39 2 24 60% 11390 123999 8626 12%
c W 10211.76 126 52 181 2492 350539 1 82933713 116778 2.5 94 38 2 24 60% 11390 123999 8626 12%
c - 10215.97 144 51 181 2493 350552 1 82960381 88885 2.6 97 38 2 24 59% 11390 123999 8626 12%
c - 10223.74 140 49 181 2494 350564 1 83010313 89717 2.7 100 37 2 24 59% 11390 123999 8626 12%
c ] 10225.74 137 48 182 2494 350564 1 83023461 101601 2.8 100 36 2 24 58% 11390 123999 8626 12%
c { 10225.74 137 71 182 2494 350564 2 83023461 101601 3.1 79 25 2 14 53% 11390 123999 8626 12%
c - 10227.39 147 70 182 2495 350585 2 83060253 110246 2.9 63 22 2 14 43% 11391 123999 8626 12%
c - 10230.79 149 71 182 2496 350624 2 83110205 142041 2.8 52 19 2 14 38% 11392 123999 8626 12%
c - 10233.92 152 72 182 2497 350723 2 83160164 155016 2.8 45 16 2 14 36% 11392 123999 8626 12%
c - 10236.82 154 65 182 2498 350810 2 83210136 161573 2.7 39 15 2 14 32% 11392 123999 8626 12%
c - 10240.34 155 71 182 2499 351077 2 83260115 165361 2.6 35 14 2 14 32% 11393 123999 8626 12%
c - 10243.49 146 70 182 2500 351311 2 83310105 166435 2.4 32 13 2 14 29% 11395 123999 8626 12%
c - 10246.86 152 73 182 2501 351623 3 83360105 168099 2.4 30 12 2 14 29% 11398 123999 8626 12%
c - 10250.49 156 76 182 2502 352018 3 83410114 172588 2.3 29 12 2 14 29% 11398 123999 8626 12%
c - 10254.54 155 78 182 2503 352447 3 83460135 176134 2.3 28 12 2 14 29% 11400 123999 8626 12%
c - 10258.69 113 79 182 2504 352896 3 83510164 179724 2.3 28 12 2 14 29% 11401 123999 8626 12%
c - 10263.04 110 80 182 2505 353363 3 83560203 183252 2.3 29 12 2 14 30% 11401 123999 8626 12%
c
c   seconds     switched         rate             size/glue  tier1     binary          remaining
c            MB     reductions      conflicts           size   tier2       irredundant
c             level        restarts         redundant      glue    trail          variables
c
c - 10267.07 106 78 182 2506 353737 3 83610255 186335 2.3 28 12 2 14 29% 11402 123999 8626 12%
c - 10271.17 113 77 182 2507 354138 3 83660316 188811 2.4 28 12 2 14 29% 11402 123999 8626 12%
c - 10275.21 105 75 182 2508 354517 3 83710387 191389 2.3 27 12 2 14 28% 11403 123999 8626 12%
c - 10279.79 114 76 182 2509 354986 3 83760466 193537 2.3 28 12 2 14 28% 11404 123999 8626 12%
c - 10283.84 113 73 182 2510 355373 3 83810555 195125 2.3 27 12 2 14 27% 11404 123999 8626 12%
c - 10287.68 115 71 182 2511 355731 3 83860655 196465 2.3 27 12 2 14 26% 11404 123999 8626 12%
c u 10293.83 108 70 182 2511 356114 3 83906097 214823 2.3 27 12 2 14 26% 11410 123999 8626 12%
c v 10296.63 118 70 182 2511 356114 3 83906097 206386 2.3 27 12 2 14 26% 11410 123999 8626 12%
c w 10297.77 119 70 182 2511 356114 3 83906097 206193 2.3 27 12 2 14 26% 11410 123999 8626 12%
c t 10297.79 119 70 182 2511 356114 3 83906097 206193 2.3 27 12 2 14 26% 11406 123999 8626 12%
c - 10298.28 112 71 182 2512 356161 3 83910765 168909 2.3 27 12 2 14 26% 11406 123999 8626 12%
c - 10302.33 112 72 182 2513 356584 3 83960885 174012 2.2 27 12 2 14 27% 11409 123999 8626 12%
c - 10306.15 112 72 182 2514 356962 3 84011014 178238 2.3 27 12 2 14 27% 11412 123999 8626 12%
c s 10309.74 112 76 182 2514 357358 3 84053680 219348 2.3 27 12 2 14 28% 11415 123997 8626 12%
c - 10310.58 112 76 182 2515 357448 3 84061153 180871 2.2 27 12 2 14 28% 11416 123997 8626 12%
c - 10314.58 110 75 182 2516 357821 3 84111303 183549 2.3 27 12 2 14 28% 11416 123997 8626 12%
c o 10315.35 111 75 182 2516 357906 3 84120848 192789 2.3 27 12 2 14 28% 11416 123997 8626 12%
c - 10318.84 106 75 182 2517 358252 3 84161464 186404 2.3 27 12 2 14 27% 11416 123997 8626 12%
c - 10323.24 114 77 182 2518 358694 3 84211634 188443 2.3 28 12 2 14 28% 11416 123997 8626 12%
c - 10327.62 113 78 182 2519 359146 3 84261813 190207 2.3 28 12 2 14 28% 11418 123997 8626 12%
c
c   seconds     switched         rate             size/glue  tier1     binary          remaining
c            MB     reductions      conflicts           size   tier2       irredundant
c             level        restarts         redundant      glue    trail          variables
c
c - 10331.77 114 76 182 2520 359537 3 84312002 192789 2.3 27 12 2 14 28% 11421 123997 8626 12%
c - 10336.19 113 77 182 2521 359986 3 84362205 194943 2.2 27 12 2 14 28% 11422 123997 8626 12%
c - 10340.80 114 77 182 2522 360391 3 84412414 196372 2.2 27 12 2 14 28% 11422 123997 8626 12%
c - 10345.24 111 77 182 2523 360809 3 84462633 198466 2.3 28 12 2 14 28% 11425 123997 8626 12%
c } 10346.69 110 77 183 2523 360974 3 84479461 214659 2.3 27 12 2 14 28% 11425 123997 8626 12%
c [ 10346.69 110 48 183 2523 360974 1 84479461 214659 2.8 100 36 2 24 58% 11425 123997 8626 12%
c I 10346.69 110 48 183 2523 360974 1 84479461 214659 2.8 100 36 2 24 58% 11425 123997 8626 12%
c - 10350.96 125 75 183 2524 360989 1 84512862 180172 2.1 105 49 2 24 57% 11425 123997 8626 12%
c - 10357.29 101 80 183 2525 361006 1 84563102 144064 1.9 100 52 2 24 57% 11425 123997 8626 12%
c - 10363.16 113 71 183 2526 361032 1 84613351 128804 2.0 94 47 2 24 58% 11425 123997 8626 12%
c - 10369.79 100 69 183 2527 361036 1 84663610 127494 2.1 98 46 2 24 59% 11425 123997 8626 12%
c - 10377.02 101 65 183 2528 361055 1 84713881 121903 2.2 99 45 2 24 60% 11425 123997 8626 12%
c - 10384.27 100 61 183 2529 361072 1 84764160 121482 2.3 101 44 2 24 60% 11425 123997 8626 12%
c - 10391.11 100 58 183 2530 361096 1 84814450 122946 2.5 102 41 2 24 60% 11425 123997 8626 12%
c - 10398.16 100 59 183 2531 361099 1 84864751 127697 2.6 106 40 2 24 61% 11425 123997 8626 12%
c - 10406.15 93 59 183 2532 361100 1 84915060 128221 2.7 107 39 2 24 61% 11425 123997 8626 12%
c u 10411.25 103 59 183 2532 361100 1 84933698 122481 2.7 107 40 2 24 60% 11439 123997 8626 12%
c v 10412.11 96 59 183 2532 361100 1 84933698 112471 2.7 107 40 2 24 60% 11445 123997 8626 12%
c w 10415.36 115 59 183 2532 361100 1 84933698 110242 2.7 107 40 2 24 60% 11445 123997 8626 12%
c x 10417.11 125 59 183 2532 361100 1 84933698 110206 2.7 107 40 2 24 60% 11454 123905 8626 12%
c
c   seconds     switched         rate             size/glue   tier1     binary          remaining
c            MB     reductions      conflicts           size    tier2       irredundant
c             level        restarts         redundant       glue    trail          variables
c
c t 10417.12 125 59 183 2532 361100 1 84933698 110206 2.7 107 40 2 24 60% 11441 123905 8626 12%
c - 10422.45 146 58 183 2533 361115 1 84965378 101121 2.6 104 40 2 24 59% 11441 123905 8626 12%
c - 10430.77 181 57 183 2534 361131 1 85015706 100730 2.5 101 41 2 24 57% 11441 123905 8626 12%
c - 10438.75 211 52 183 2535 361154 1 85066045 100193 2.6 99 38 2 24 58% 11441 123905 8626 12%
c - 10447.03 213 55 183 2536 361163 1 85116397 101199 2.5 101 40 2 24 58% 11441 123905 8626 12%
c - 10456.57 243 54 183 2537 361178 1 85166755 99546 2.5 101 41 2 24 58% 11441 123905 8626 12%
c - 10464.71 216 59 183 2538 361194 1 85217124 103190 2.4 103 43 2 24 58% 11441 123905 8626 12%
c - 10473.05 190 60 183 2539 361220 1 85267503 103074 2.4 105 44 2 24 57% 11441 123905 8626 12%
c - 10481.01 159 61 183 2540 361226 1 85317891 104323 2.4 104 43 2 24 58% 11441 123905 8626 12%
c ] 10488.37 175 61 184 2540 361227 1 85360014 142485 2.4 106 44 2 24 58% 11441 123905 8626 12%
c { 10488.37 175 77 184 2540 361227 3 85360014 142485 2.3 27 12 2 14 28% 11441 123905 8626 12%
c - 10489.69 243 79 184 2541 361372 3 85368289 103757 2.3 31 14 2 14 30% 11441 123905 8626 12%
c o 10492.59 245 83 184 2541 361757 3 85391156 126053 2.2 38 17 2 14 34% 11441 123905 8626 12%
c - 10496.24 308 87 184 2542 362149 3 85418699 121885 2.3 44 19 2 14 37% 11441 123905 8626 12%
c - 10503.16 428 92 184 2543 362790 3 85469117 139479 2.4 52 22 2 14 41% 11441 123905 8626 12%
c - 10510.19 465 91 184 2544 363327 3 85519545 148525 2.5 59 24 2 14 45% 11441 123905 8626 12%
c - 10516.37 334 91 184 2545 363664 3 85569983 156570 2.8 66 23 2 14 47% 11441 123905 8626 12%
c - 10522.34 338 90 184 2546 364053 3 85620430 161745 2.7 63 24 2 14 45% 11442 123905 8626 12%
c - 10529.22 220 92 184 2547 364497 3 85670888 162218 2.7 65 24 2 14 46% 11442 123905 8626 12%
c - 10535.93 119 91 184 2548 364942 3 85721358 163124 2.7 65 24 2 14 48% 11443 123905 8626 12%
c
c   seconds     switched         rate             size/glue  tier1     binary          remaining
c            MB     reductions      conflicts           size   tier2       irredundant
c             level        restarts         redundant      glue    trail          variables
c
c - 10542.29 121 91 184 2549 365341 3 85771836 165006 2.8 68 24 2 14 49% 11443 123905 8626 12%
c - 10549.13 118 88 184 2550 365760 3 85822323 165738 2.7 67 25 2 14 49% 11443 123905 8626 12%
c - 10555.99 122 86 184 2551 366201 3 85872821 164537 2.7 67 25 2 14 50% 11443 123905 8626 12%
c - 10562.33 121 83 184 2552 366530 3 85923328 165082 2.7 66 25 2 14 50% 11443 123905 8626 12%
c u 10569.86 118 82 184 2552 366792 3 85968032 196222 2.8 67 24 2 14 51% 11460 123905 8626 12%
c v 10575.03 117 82 184 2552 366792 3 85968032 167046 2.8 67 24 2 14 51% 11463 123905 8626 12%
c w 10579.27 135 82 184 2552 366792 3 85968032 166317 2.8 67 24 2 14 51% 11463 123905 8626 12%
c t 10579.29 135 82 184 2552 366792 3 85968032 166317 2.8 67 24 2 14 51% 11449 123905 8626 12%
c - 10580.20 120 82 184 2553 366860 3 85973845 132848 2.7 67 25 2 14 51% 11450 123905 8626 12%
c - 10586.47 117 83 184 2554 367247 3 86024374 138507 2.8 69 25 2 14 52% 11451 123905 8626 12%
c - 10592.91 116 83 184 2555 367636 3 86074911 143326 2.7 69 25 2 14 52% 11451 123905 8626 12%
c - 10599.08 117 74 184 2556 367877 2 86125458 147268 2.8 69 24 2 14 53% 11452 123905 8626 12%
c - 10605.35 119 78 184 2557 368271 3 86176014 150350 2.8 68 24 2 14 52% 11454 123905 8626 12%
c - 10612.37 120 78 184 2558 368710 3 86226580 149806 2.7 68 25 2 14 52% 11454 123905 8626 12%
c - 10618.93 117 76 184 2559 369041 2 86277156 150206 2.7 68 25 2 14 52% 11454 123905 8626 12%
c - 10625.21 121 77 184 2560 369332 2 86327743 154471 2.8 69 25 2 14 52% 11454 123905 8626 12%
c - 10631.61 113 79 184 2561 369723 3 86378339 157033 2.7 68 25 2 14 51% 11456 123905 8626 12%
c - 10638.25 120 80 184 2562 370115 3 86428946 157344 2.7 68 25 2 14 51% 11456 123905 8626 12%
c - 10644.85 121 78 184 2563 370441 2 86479562 159226 2.7 68 25 2 14 52% 11458 123905 8626 12%
c - 10651.65 123 73 184 2564 370752 2 86530189 160933 2.7 67 25 2 14 52% 11458 123905 8626 12%
c
c   seconds     switched         rate             size/glue  tier1     binary          remaining
c            MB     reductions      conflicts           size   tier2       irredundant
c             level        restarts         redundant      glue    trail          variables
c
c - 10658.53 122 77 184 2565 371172 3 86580825 161531 2.7 67 25 2 14 52% 11458 123905 8626 12%
c - 10665.15 122 75 184 2566 371504 2 86631471 163258 2.7 67 25 2 14 52% 11458 123905 8626 12%
c o 10670.33 122 77 184 2566 371800 3 86671215 201893 2.7 68 25 2 14 53% 11459 123905 8626 12%
c - 10671.71 120 74 184 2567 371845 2 86682127 163861 2.7 67 25 2 14 53% 11459 123905 8626 12%
c - 10678.59 122 75 184 2568 372225 2 86732793 164587 2.7 68 25 2 14 53% 11459 123905 8626 12%
c - 10685.41 120 73 184 2569 372588 2 86783468 165619 2.7 67 25 2 14 52% 11459 123905 8626 12%
c - 10692.63 122 67 184 2570 372872 2 86834156 167129 2.7 67 25 2 14 54% 11460 123905 8626 12%
c } 10694.19 120 68 185 2570 372973 2 86844778 177467 2.7 67 25 2 14 54% 11461 123905 8626 12%
c [ 10694.19 120 61 185 2570 372973 1 86844778 177467 2.4 106 44 2 24 58% 11461 123905 8626 12%
c B 10694.19 120 61 185 2570 372973 1 86844778 177467 2.4 106 44 2 24 58% 11461 123905 8626 12%
c - 10699.57 127 61 185 2571 372993 1 86884853 155502 2.5 105 42 2 24 56% 11461 123905 8626 12%
c - 10707.42 103 59 185 2572 373010 1 86935559 130882 2.4 100 41 2 24 55% 11461 123905 8626 12%
c - 10715.15 100 58 185 2573 373033 1 86986275 117093 2.4 97 40 2 24 54% 11461 123905 8626 12%
c u 10719.99 98 58 185 2573 373035 1 87009113 126251 2.4 98 40 2 24 55% 11462 123905 8626 12%
c v 10720.96 104 58 185 2573 373035 1 87009113 116413 2.4 98 40 2 24 55% 11463 123905 8626 12%
c w 10729.42 122 58 185 2573 373035 1 87009113 112399 2.4 98 40 2 24 55% 11463 123905 8626 12%
c t 10729.44 122 58 185 2573 373035 1 87009113 112399 2.4 98 40 2 24 55% 11458 123905 8626 12%
c - 10733.90 98 60 185 2574 373035 1 87037000 97147 2.4 98 41 2 24 56% 11458 123905 8626 12%
c - 10741.33 111 63 185 2575 373058 1 87087735 99717 2.3 96 42 2 24 56% 11458 123905 8626 12%
c s 10741.39 111 63 185 2575 373059 1 87088122 100083 2.3 96 42 2 24 56% 11459 123902 8626 12%
c
c   seconds     switched         rate             size/glue  tier1     binary          remaining
c            MB     reductions      conflicts           size   tier2       irredundant
c             level        restarts         redundant      glue    trail          variables
c
c e 10741.41 102 63 185 2575 373059 1 87088122 100083 2.3 96 42 2 24 56% 11449 123952 8623 12%
c s 10741.41 102 63 185 2575 373059 1 87088122 100083 2.3 96 42 2 24 56% 11449 123939 8623 12%
c - 10749.18 121 60 185 2576 373076 1 87138479 101617 2.2 91 41 2 24 55% 11449 123939 8623 12%
c - 10756.79 130 55 185 2577 373096 1 87189235 102694 2.3 88 39 2 24 56% 11450 123939 8623 12%
c - 10765.23 142 53 185 2578 373099 1 87239999 104429 2.3 87 37 2 24 57% 11450 123939 8623 12%
c - 10773.47 152 57 185 2579 373099 1 87290773 105294 2.4 93 39 2 24 58% 11450 123939 8623 12%
c - 10782.63 188 59 185 2580 373118 1 87341556 100963 2.4 95 40 2 24 57% 11450 123939 8623 12%
c - 10790.69 203 57 185 2581 373136 1 87392349 103357 2.4 97 40 2 24 59% 11450 123939 8623 12%
c - 10798.66 188 57 185 2582 373159 1 87443154 102408 2.4 95 40 2 24 59% 11450 123939 8623 12%
c - 10805.88 196 55 185 2583 373162 1 87493971 99132 2.4 94 39 2 24 61% 11450 123939 8623 12%
c - 10813.03 137 51 185 2584 373184 1 87544794 98307 2.5 93 37 2 24 62% 11450 123939 8623 12%
c - 10820.96 147 47 185 2585 373201 1 87595627 103873 2.7 94 34 2 24 62% 11450 123939 8623 12%
c - 10829.76 156 45 185 2586 373223 1 87646471 104786 2.8 94 34 2 24 61% 11451 123939 8623 12%
c - 10837.75 179 44 185 2587 373225 1 87697323 105783 2.8 94 33 2 24 61% 11451 123939 8623 12%
c - 10846.40 209 46 185 2588 373226 1 87748186 104765 2.7 94 35 2 24 61% 11451 123939 8623 12%
c - 10855.13 192 48 185 2589 373227 1 87799059 104372 2.7 95 36 2 24 61% 11451 123939 8623 12%
c - 10863.76 181 48 185 2590 373227 1 87849941 104995 2.7 95 36 2 24 61% 11451 123939 8623 12%
c - 10872.06 139 46 185 2591 373233 1 87900834 107269 2.7 94 35 2 24 62% 11451 123939 8623 12%
c - 10880.56 164 46 185 2592 373256 1 87951735 109121 2.7 93 35 2 24 62% 11451 123939 8623 12%
c o 10884.25 177 46 185 2592 373260 1 87977676 132574 2.7 93 35 2 24 63% 11451 123939 8623 12%
c
c   seconds     switched         rate             size/glue  tier1     binary          remaining
c            MB     reductions      conflicts           size   tier2       irredundant
c             level        restarts         redundant      glue    trail          variables
c
c - 10887.72 188 47 185 2593 373273 1 88002649 108903 2.7 92 34 2 24 62% 11451 123939 8623 12%
c W 10892.54 195 44 185 2593 373287 1 88032722 134429 2.7 88 33 2 24 62% 11451 123939 8623 12%
c ] 10893.67 198 45 186 2593 373288 1 88041337 142380 2.7 89 33 2 24 62% 11451 123939 8623 12%
c { 10893.67 198 68 186 2593 373288 2 88041337 142380 2.7 67 25 2 14 54% 11451 123939 8623 12%
c - 10894.92 187 72 186 2594 373396 2 88053571 111881 2.7 67 25 2 14 54% 11451 123939 8623 12%
c u 10896.34 188 73 186 2594 373415 2 88056968 112457 2.7 67 25 2 14 54% 11455 123939 8623 12%
c v 10897.31 188 73 186 2594 373415 2 88056968 104567 2.7 67 25 2 14 54% 11455 123939 8623 12%
c w 10903.02 207 73 186 2594 373415 2 88056968 103030 2.7 67 25 2 14 54% 11455 123939 8623 12%
c t 10903.03 207 73 186 2594 373415 2 88056968 103030 2.7 67 25 2 14 54% 11450 123939 8623 12%
c - 10908.43 168 83 186 2595 373813 3 88104503 116763 2.7 69 25 2 14 54% 11452 123939 8623 12%
c - 10914.42 122 88 186 2596 374203 3 88155445 131729 2.8 71 25 2 14 54% 11452 123939 8623 12%
c - 10920.75 125 88 186 2597 374639 3 88206396 138316 2.9 72 25 2 14 54% 11453 123939 8623 12%
c - 10927.51 123 90 186 2598 375071 3 88257357 142046 2.8 72 25 2 14 53% 11455 123939 8623 12%
c - 10934.44 126 93 186 2599 375504 3 88308328 145364 2.8 72 26 2 14 53% 11456 123939 8623 12%
c - 10941.54 126 89 186 2600 375914 3 88359308 147683 2.9 74 26 2 14 53% 11459 123939 8623 12%
c - 10948.47 128 88 186 2601 376289 3 88410300 149230 2.9 74 26 2 14 53% 11459 123939 8623 12%
c - 10955.93 127 88 186 2602 376725 3 88461301 151240 2.9 75 26 2 14 54% 11459 123939 8623 12%
c - 10962.99 128 89 186 2603 377137 3 88512311 153543 2.9 75 26 2 14 52% 11459 123939 8623 12%
c - 10970.13 130 90 186 2604 377542 3 88563330 155628 2.9 74 26 2 14 52% 11459 123939 8623 12%
c - 10977.45 127 88 186 2605 377927 3 88614360 156716 3.0 77 26 2 14 53% 11459 123939 8623 12%
c
c   seconds     switched         rate             size/glue  tier1     binary          remaining
c            MB     reductions      conflicts           size   tier2       irredundant
c             level        restarts         redundant      glue    trail          variables
c
c - 10985.08 130 89 186 2606 378338 3 88665400 157598 3.0 77 26 2 14 54% 11459 123939 8623 12%
c - 10992.64 126 86 186 2607 378715 3 88716450 159284 2.9 76 26 2 14 54% 11460 123939 8623 12%
c - 11001.15 131 87 186 2608 379135 3 88767510 161020 2.9 77 26 2 14 54% 11460 123939 8623 12%
c - 11009.01 131 87 186 2609 379549 3 88818579 162198 2.9 76 26 2 14 53% 11461 123939 8623 12%
c - 11017.34 130 89 186 2610 379974 3 88869659 163913 2.9 76 26 2 14 53% 11462 123939 8623 12%
c - 11025.24 132 84 186 2611 380322 3 88920749 165939 3.0 77 26 2 14 53% 11462 123939 8623 12%
c - 11032.76 131 88 186 2612 380735 3 88971850 166930 2.9 76 26 2 14 52% 11463 123939 8623 12%
c - 11040.97 133 84 186 2613 381117 3 89022957 167013 3.0 77 26 2 14 54% 11463 123939 8623 12%
c - 11048.45 132 80 186 2614 381423 2 89074074 168617 3.0 77 26 2 14 55% 11463 123939 8623 12%
c u 11056.40 128 83 186 2614 381724 2 89111597 192305 3.0 77 26 2 14 54% 11465 123939 8623 12%
c v 11061.69 136 83 186 2614 381724 2 89111597 162839 3.0 77 26 2 14 54% 11465 123939 8623 12%
c w 11065.39 146 83 186 2614 381724 2 89111597 162765 3.0 77 26 2 14 54% 11465 123939 8623 12%
c t 11065.42 146 83 186 2614 381724 2 89111597 162765 3.0 77 26 2 14 54% 11460 123939 8623 12%
c - 11067.60 127 82 186 2615 381823 2 89125202 134468 3.0 76 26 2 14 54% 11460 123939 8623 12%
c - 11074.01 125 84 186 2616 382179 2 89176341 142097 3.0 76 25 2 14 53% 11461 123939 8623 12%
c - 11081.42 130 87 186 2617 382643 3 89227487 148719 3.0 77 26 2 14 53% 11462 123939 8623 12%
c o 11088.73 132 86 186 2617 383026 3 89277739 197917 2.9 76 26 2 14 53% 11462 123939 8623 12%
c - 11088.96 129 86 186 2618 383038 3 89278643 151466 2.9 76 26 2 14 53% 11462 123939 8623 12%
c - 11096.80 129 85 186 2619 383468 3 89329809 153042 2.9 76 26 2 14 53% 11462 123939 8623 12%
c - 11103.86 128 84 186 2620 383793 3 89380985 156571 3.0 78 26 2 14 53% 11462 123939 8623 12%
c
c   seconds     switched         rate             size/glue  tier1     binary          remaining
c            MB     reductions      conflicts           size   tier2       irredundant
c             level        restarts         redundant      glue    trail          variables
c
c - 11110.60 133 83 186 2621 384145 3 89432171 161830 3.1 79 25 2 14 53% 11462 123939 8623 12%
c - 11118.14 133 82 186 2622 384550 3 89483366 162693 3.0 76 25 2 14 53% 11462 123939 8623 12%
c - 11126.22 132 83 186 2623 384999 3 89534571 160715 2.9 76 26 2 14 53% 11462 123939 8623 12%
c } 11129.17 130 82 187 2623 385139 3 89555097 180392 2.9 75 26 2 14 54% 11462 123939 8623 12%
c [ 11129.17 130 45 187 2623 385139 1 89555097 180392 2.7 89 33 2 24 62% 11462 123939 8623 12%
c O 11129.17 130 45 187 2623 385139 1 89555097 180392 2.7 89 33 2 24 62% 11462 123939 8623 12%
c - 11133.50 128 43 187 2624 385153 1 89585786 156341 2.8 89 32 2 24 62% 11462 123939 8623 12%
c - 11141.86 131 53 187 2625 385169 1 89637010 138277 2.5 92 36 2 24 61% 11462 123939 8623 12%
c - 11150.76 109 63 187 2626 385196 1 89688246 118044 2.3 93 41 2 24 57% 11462 123939 8623 12%
c - 11159.23 108 71 187 2627 385201 1 89739490 114061 2.2 98 44 2 24 56% 11462 123939 8623 12%
c - 11166.90 104 73 187 2628 385221 1 89790746 113649 2.2 99 45 2 24 55% 11462 123939 8623 12%
c - 11175.51 121 65 187 2629 385238 1 89842014 112743 2.3 97 43 2 24 56% 11462 123939 8623 12%
c - 11184.00 124 61 187 2630 385262 1 89893287 111761 2.3 94 41 2 24 57% 11462 123939 8623 12%
c - 11192.79 124 56 187 2631 385264 1 89944570 111458 2.3 88 39 2 24 57% 11462 123939 8623 12%
c - 11202.60 124 51 187 2632 385265 1 89995863 112742 2.3 84 37 2 24 57% 11462 123939 8623 12%
c - 11212.92 119 47 187 2633 385280 1 90047168 116124 2.3 81 35 2 24 58% 11462 123939 8623 12%
c - 11222.04 108 50 187 2634 385298 1 90098483 117548 2.3 83 37 2 24 58% 11462 123939 8623 12%
c - 11229.34 108 55 187 2635 385325 1 90149806 116493 2.2 86 39 2 24 61% 11462 123939 8623 12%
c u 11234.21 110 57 187 2635 385327 1 90172999 128022 2.2 88 40 2 24 61% 11466 123939 8623 12%
c v 11235.52 114 57 187 2635 385327 1 90172999 118490 2.2 88 40 2 24 61% 11466 123939 8623 12%
c
c   seconds     switched         rate             size/glue  tier1     binary          remaining
c            MB     reductions      conflicts           size   tier2       irredundant
c             level        restarts         redundant      glue    trail          variables
c
c w 11246.34 129 57 187 2635 385327 1 90172999 114640 2.2 88 40 2 24 61% 11466 123939 8623 12%
c t 11246.35 129 57 187 2635 385327 1 90172999 114640 2.2 88 40 2 24 61% 11464 123939 8623 12%
c - 11249.91 117 60 187 2636 385328 1 90201138 96316 2.1 88 41 2 24 62% 11464 123939 8623 12%
c - 11256.79 122 59 187 2637 385350 1 90252479 98990 2.2 91 41 2 24 61% 11464 123939 8623 12%
c - 11264.00 106 62 187 2638 385366 1 90303830 97071 2.2 97 44 2 24 61% 11464 123939 8623 12%
c - 11271.92 107 63 187 2639 385389 1 90355191 91331 2.2 99 46 2 24 61% 11464 123939 8623 12%
c - 11279.44 121 64 187 2640 385391 1 90406566 91202 2.1 100 47 2 24 61% 11464 123939 8623 12%
c - 11286.98 120 61 187 2641 385392 1 90457949 93036 2.2 99 46 2 24 61% 11464 123939 8623 12%
c - 11294.90 122 62 187 2642 385393 1 90509339 96130 2.2 99 46 2 24 60% 11464 123939 8623 12%
c - 11303.33 117 60 187 2643 385393 1 90560740 96782 2.2 97 44 2 24 59% 11464 123939 8623 12%
c - 11312.36 121 60 187 2644 385399 1 90612150 96234 2.2 97 45 2 24 58% 11464 123939 8623 12%
c - 11320.96 121 58 187 2645 385423 1 90663572 98728 2.2 94 43 2 24 58% 11464 123939 8623 12%
c - 11330.09 119 58 187 2646 385439 1 90715001 98527 2.1 91 44 2 24 57% 11464 123939 8623 12%
c o 11333.74 120 58 187 2646 385451 1 90737100 117635 2.1 90 43 2 24 56% 11464 123939 8623 12%
c - 11338.16 122 59 187 2647 385455 1 90766442 96591 2.2 92 43 2 24 58% 11464 123939 8623 12%
c B 11339.12 116 59 187 2647 385456 1 90773284 102926 2.2 93 43 2 24 58% 11464 123939 8623 12%
c - 11345.27 101 69 187 2648 385466 1 90817892 98045 2.1 99 46 2 24 59% 11464 123939 8623 12%
c ] 11346.21 102 68 188 2648 385470 1 90824910 104459 2.1 99 46 2 24 59% 11464 123939 8623 12%
c { 11346.21 102 82 188 2648 385470 3 90824910 104459 2.9 75 26 2 14 54% 11464 123939 8623 12%
c - 11350.74 115 86 188 2649 385752 3 90869354 111683 2.9 73 25 2 14 55% 11464 123939 8623 12%
c
c   seconds     switched         rate             size/glue  tier1     binary          remaining
c            MB     reductions      conflicts           size   tier2       irredundant
c             level        restarts         redundant      glue    trail          variables
c
c - 11356.78 120 89 188 2650 386114 3 90920823 133128 3.0 74 25 2 14 55% 11464 123939 8623 12%
c - 11363.95 123 91 188 2651 386533 3 90972301 140896 2.9 72 25 2 14 56% 11464 123939 8623 12%
c - 11371.20 129 92 188 2652 386942 3 91023788 144166 2.9 74 25 2 14 55% 11465 123939 8623 12%
c - 11378.03 125 88 188 2653 387281 3 91075285 148544 2.9 74 25 2 14 56% 11465 123939 8623 12%
c - 11385.39 131 87 188 2654 387667 3 91126792 151177 2.9 74 25 2 14 56% 11466 123939 8623 12%
c - 11392.87 130 87 188 2655 388074 3 91178310 152902 3.0 75 25 2 14 57% 11466 123939 8623 12%
c - 11401.06 130 84 188 2656 388454 3 91229837 154229 2.9 75 26 2 14 57% 11466 123939 8623 12%
c u 11403.73 128 83 188 2656 388510 2 91241173 159489 2.9 74 26 2 14 57% 11467 123939 8623 12%
c v 11407.17 134 83 188 2656 388510 2 91241173 134611 2.9 74 26 2 14 57% 11467 123939 8623 12%
c w 11414.13 139 83 188 2656 388510 2 91241173 133642 2.9 74 26 2 14 57% 11467 123939 8623 12%
c - 11419.81 123 84 188 2657 388831 3 91281373 132093 2.9 74 26 2 14 56% 11467 123939 8623 12%
c - 11426.62 122 87 188 2658 389212 3 91332919 141837 2.9 74 26 2 14 55% 11467 123939 8623 12%
c - 11434.24 131 85 188 2659 389621 3 91384474 146678 2.9 75 26 2 14 55% 11467 123939 8623 12%
c - 11441.52 131 85 188 2660 389973 3 91436040 149424 2.9 75 26 2 14 56% 11467 123939 8623 12%
c - 11449.08 130 83 188 2661 390333 2 91487618 152681 2.9 75 26 2 14 57% 11467 123939 8623 12%
c - 11457.10 126 86 188 2662 390745 3 91539205 154443 2.9 76 26 2 14 56% 11467 123939 8623 12%
c - 11465.08 132 86 188 2663 391130 3 91590801 155384 2.8 76 27 2 14 55% 11468 123939 8623 12%
c - 11473.72 131 84 188 2664 391531 3 91642405 155228 2.8 77 27 2 14 56% 11468 123939 8623 12%
c - 11481.53 130 82 188 2665 391840 2 91694020 156369 2.8 77 27 2 14 56% 11468 123939 8623 12%
c - 11489.59 131 77 188 2666 392152 2 91745643 157651 2.9 77 27 2 14 56% 11468 123939 8623 12%
c
c   seconds     switched         rate             size/glue  tier1     binary          remaining
c            MB     reductions      conflicts           size   tier2       irredundant
c             level        restarts         redundant      glue    trail          variables
c
c - 11496.86 130 79 188 2667 392475 2 91797277 161575 3.0 78 26 2 14 56% 11468 123939 8623 12%
c - 11505.17 131 80 188 2668 392876 2 91848921 165120 3.0 78 26 2 14 56% 11468 123939 8623 12%
c - 11512.88 132 82 188 2669 393222 2 91900573 167233 3.0 76 26 2 14 54% 11469 123939 8623 12%
c - 11520.77 134 82 188 2670 393599 2 91952236 167977 2.9 76 26 2 14 55% 11469 123939 8623 12%
c - 11529.11 133 83 188 2671 393993 2 92003908 167217 2.9 77 26 2 14 56% 11469 123939 8623 12%
c - 11537.45 131 80 188 2672 394320 2 92055589 168171 2.9 77 26 2 14 57% 11469 123939 8623 12%
c o 11537.82 130 80 188 2672 394343 2 92057334 169868 2.9 77 26 2 14 57% 11469 123939 8623 12%
c - 11545.93 129 78 188 2673 394674 2 92107284 169857 3.0 78 26 2 14 58% 11469 123939 8623 12%
c - 11554.34 131 78 188 2674 395040 2 92158986 170097 2.9 77 26 2 14 57% 11469 123939 8623 12%
c - 11562.04 134 76 188 2675 395269 2 92210696 173189 3.0 77 26 2 14 57% 11469 123939 8623 12%
c - 11570.95 126 76 188 2676 395620 2 92262416 175778 3.1 78 26 2 14 58% 11470 123939 8623 12%
c - 11579.32 132 69 188 2677 395913 2 92314149 175415 3.0 76 25 2 14 56% 11471 123939 8623 12%
c u 11581.20 127 70 188 2677 395917 2 92316145 166510 3.0 76 25 2 14 56% 11473 123939 8623 12%
c v 11585.35 128 70 188 2677 395917 2 92316145 138110 3.0 76 25 2 14 56% 11474 123939 8623 12%
c w 11590.86 139 70 188 2677 395917 2 92316145 137181 3.0 76 25 2 14 56% 11474 123939 8623 12%
c t 11590.88 139 70 188 2677 395917 2 92316145 137181 3.0 76 25 2 14 56% 11472 123939 8623 12%
c - 11597.84 125 71 188 2678 396263 2 92365888 144127 2.9 75 25 2 14 55% 11472 123939 8623 12%
c } 11598.11 130 72 189 2678 396274 2 92367899 146115 3.0 75 25 2 14 55% 11472 123939 8623 12%
c [ 11598.11 130 68 189 2678 396274 1 92367899 146115 2.1 99 46 2 24 59% 11472 123939 8623 12%
c W 11598.77 141 68 189 2678 396274 1 92367899 146115 2.1 99 46 2 24 59% 11472 123939 8623 12%
c
c   seconds     switched         rate             size/glue  tier1     binary          remaining
c            MB     reductions      conflicts           size   tier2       irredundant
c             level        restarts         redundant      glue    trail          variables
c
c - 11607.48 155 65 189 2679 396299 1 92417637 134589 2.1 94 45 2 24 59% 11472 123939 8623 12%
c - 11617.04 165 59 189 2680 396317 1 92469398 110165 2.2 90 42 2 24 59% 11472 123939 8623 12%
c - 11625.79 179 54 189 2681 396335 1 92521168 102684 2.2 87 40 2 24 59% 11472 123939 8623 12%
c - 11634.07 178 54 189 2682 396343 1 92572949 105097 2.2 85 39 2 24 60% 11472 123939 8623 12%
c - 11640.98 181 52 189 2683 396366 1 92624738 109210 2.3 87 37 2 24 61% 11472 123939 8623 12%
c - 11648.51 182 51 189 2684 396382 1 92676535 109997 2.4 88 36 2 24 60% 11472 123939 8623 12%
c - 11656.64 207 49 189 2685 396398 1 92728342 105940 2.5 88 36 2 24 60% 11472 123939 8623 12%
c - 11665.39 185 49 189 2686 396400 1 92780158 101433 2.4 88 37 2 24 60% 11472 123939 8623 12%
c - 11674.17 209 48 189 2687 396404 1 92831985 99038 2.4 89 37 2 24 60% 11472 123939 8623 12%
c - 11682.16 213 46 189 2688 396429 1 92883821 103245 2.5 87 36 2 24 60% 11472 123939 8623 12%
c - 11690.61 158 46 189 2689 396446 1 92935667 106235 2.6 90 35 2 24 61% 11472 123939 8623 12%
c - 11697.71 184 46 189 2690 396462 1 92987526 105341 2.6 92 35 2 24 62% 11472 123939 8623 12%
c - 11704.74 216 46 189 2691 396473 1 93039394 103665 2.7 96 35 2 24 63% 11472 123939 8623 12%
c - 11712.07 178 61 189 2692 396494 1 93091269 109610 2.5 95 38 2 24 59% 11472 123939 8623 12%
c - 11718.08 212 69 189 2693 396513 1 93143153 110430 2.3 96 41 2 24 57% 11472 123939 8623 12%
c - 11723.91 181 67 189 2694 396526 1 93195048 106824 2.6 106 41 2 24 56% 11472 123939 8623 12%
c - 11730.90 171 66 189 2695 396527 1 93246955 103888 2.7 113 42 2 24 55% 11472 123939 8623 12%
c - 11737.98 179 63 189 2696 396528 1 93298868 101811 2.8 117 42 2 24 54% 11472 123939 8623 12%
c - 11744.45 122 62 189 2697 396528 1 93350793 103424 2.8 118 41 2 24 54% 11472 123939 8623 12%
c u 11752.56 159 61 189 2697 396528 1 93397887 142700 2.9 119 41 2 24 54% 11474 123939 8623 12%
c
c   seconds     switched         rate             size/glue   tier1     binary          remaining
c            MB     reductions      conflicts           size    tier2       irredundant
c             level        restarts         redundant       glue    trail          variables
c
c v 11753.69 163 61 189 2697 396528 1 93397887 133468 2.9 119 41 2 24 54% 11474 123939 8623 12%
c w 11767.59 210 61 189 2697 396528 1 93397887 129413 2.9 119 41 2 24 54% 11474 123939 8623 12%
c t 11767.62 134 61 189 2697 396528 1 93397887 129413 2.9 119 41 2 24 54% 11473 123939 8623 12%
c o 11767.63 134 61 189 2697 396528 1 93397887 129413 2.9 119 41 2 24 54% 11473 123939 8623 12%
c - 11768.15 147 66 189 2698 396528 1 93402725 93360 2.8 121 44 2 24 54% 11473 123939 8623 12%
c - 11776.21 169 71 189 2699 396547 1 93454669 93865 2.6 122 47 2 24 56% 11473 123939 8623 12%
c - 11784.99 182 64 189 2700 396565 1 93506621 91290 2.6 118 45 2 24 57% 11473 123939 8623 12%
c - 11794.23 167 62 189 2701 396589 1 93558584 90684 2.6 114 45 2 24 57% 11473 123939 8623 12%
c - 11802.92 183 59 189 2702 396591 1 93610557 91261 2.6 113 44 2 24 58% 11473 123939 8623 12%
c I 11803.88 183 59 189 2702 396594 1 93616585 96752 2.6 112 43 2 24 58% 11473 123939 8623 12%
c - 11810.00 199 73 189 2703 396616 1 93662540 95727 2.3 111 49 2 24 56% 11473 123939 8623 12%
c - 11817.58 154 70 189 2704 396634 1 93714532 94787 2.2 106 48 2 24 56% 11473 123939 8623 12%
c - 11825.42 158 66 189 2705 396653 1 93766532 89750 2.2 103 47 2 24 56% 11473 123939 8623 12%
c ] 11828.00 158 64 190 2705 396654 1 93782911 104542 2.2 102 46 2 24 56% 11473 123939 8623 12%
c { 11828.00 158 72 190 2705 396654 2 93782911 104542 3.0 75 25 2 14 55% 11473 123939 8623 12%
c - 11831.74 183 81 190 2706 396898 2 93818543 105930 3.0 74 25 2 14 55% 11474 123939 8623 12%
c - 11838.14 253 90 190 2707 397329 3 93870562 130561 2.9 71 25 2 14 54% 11475 123939 8623 12%
c - 11845.25 340 95 190 2708 397775 3 93922590 140904 2.8 71 25 2 14 53% 11475 123939 8623 12%
c - 11851.48 345 99 190 2709 398118 3 93974628 146845 2.8 70 25 2 14 52% 11479 123939 8623 12%
c - 11857.66 418 96 190 2710 398442 3 94026677 152430 2.9 70 24 2 14 51% 11479 123939 8623 12%
c
c   seconds     switched         rate             size/glue  tier1     binary          remaining
c            MB     reductions      conflicts           size   tier2       irredundant
c             level        restarts         redundant      glue    trail          variables
c
c - 11865.48 319 98 190 2711 398965 3 94078734 153610 2.8 71 26 2 14 52% 11479 123939 8623 12%
c - 11872.41 194 95 190 2712 399338 3 94130803 154509 2.8 70 25 2 14 51% 11479 123939 8623 12%
c - 11879.67 120 97 190 2713 399770 3 94182881 158525 2.8 70 25 2 14 51% 11480 123939 8623 12%
c - 11887.16 119 99 190 2714 400229 3 94234967 161338 2.8 70 25 2 14 50% 11480 123939 8623 12%
c - 11894.46 118 99 190 2715 400618 3 94287063 163299 2.8 69 25 2 14 49% 11480 123939 8623 12%
c - 11901.43 122 98 190 2716 400986 3 94339169 165750 2.8 69 25 2 14 49% 11480 123939 8623 12%
c - 11908.43 122 96 190 2717 401397 3 94391284 168508 2.9 72 25 2 14 50% 11480 123939 8623 12%
c - 11916.25 125 97 190 2718 401872 3 94443409 168357 2.8 72 25 2 14 51% 11480 123939 8623 12%
c u 11923.54 120 94 190 2718 402170 3 94486425 199314 2.9 71 25 2 14 49% 11489 123939 8623 12%
c v 11930.22 116 94 190 2718 402170 3 94486425 164475 2.9 71 25 2 14 49% 11490 123939 8623 12%
c w 11933.12 132 94 190 2718 402170 3 94486425 164289 2.9 71 25 2 14 49% 11490 123939 8623 12%
c t 11933.14 132 94 190 2718 402170 3 94486425 164289 2.9 71 25 2 14 49% 11486 123939 8623 12%
c - 11934.44 120 95 190 2719 402234 3 94495544 133863 2.9 70 24 2 14 49% 11486 123939 8623 12%
c - 11941.32 122 99 190 2720 402689 3 94547688 144150 2.8 69 25 2 14 50% 11486 123939 8623 12%
c - 11948.69 123 100 190 2721 403137 3 94599841 151608 2.7 68 25 2 14 50% 11486 123939 8623 12%
c - 11955.79 115 101 190 2722 403547 3 94652005 155574 2.7 68 25 2 14 49% 11486 123939 8623 12%
c - 11963.52 120 100 190 2723 404033 3 94704181 157191 2.7 69 26 2 14 50% 11487 123939 8623 12%
c o 11968.48 121 100 190 2723 404348 3 94737974 190371 2.7 69 26 2 14 51% 11487 123939 8623 12%
c - 11971.17 118 100 190 2724 404491 3 94756366 159048 2.7 69 26 2 14 50% 11487 123939 8623 12%
c - 11978.40 123 95 190 2725 404845 3 94808557 161818 2.7 68 26 2 14 49% 11490 123939 8623 12%
c
c   seconds     switched         rate             size/glue  tier1     binary          remaining
c            MB     reductions      conflicts           size   tier2       irredundant
c             level        restarts         redundant      glue    trail          variables
c
c - 11986.79 124 95 190 2726 405303 3 94860759 162557 2.7 70 26 2 14 50% 11491 123939 8623 12%
c - 11994.61 123 94 190 2727 405675 3 94912972 163335 2.7 71 26 2 14 51% 11492 123939 8623 12%
c - 12002.11 119 94 190 2728 406068 3 94965194 166269 2.8 73 26 2 14 51% 11492 123939 8623 12%
c - 12009.80 123 92 190 2729 406453 3 95017428 167178 2.9 74 26 2 14 50% 11494 123939 8623 12%
c - 12017.19 123 92 190 2730 406850 3 95069667 167631 2.8 71 25 2 14 49% 11495 123939 8623 12%
c - 12025.14 124 92 190 2731 407216 3 95121918 169525 2.8 72 25 2 14 50% 11495 123939 8623 12%
c - 12033.17 125 93 190 2732 407650 3 95174177 171320 2.8 71 26 2 14 50% 11495 123939 8623 12%
c - 12041.72 122 94 190 2733 408125 3 95226445 171172 2.7 70 26 2 14 50% 11495 123939 8623 12%
c - 12050.18 120 97 190 2734 408598 3 95278723 170539 2.6 70 26 2 14 49% 11496 123939 8623 12%
c - 12058.36 119 93 190 2735 408956 3 95331010 172083 2.7 71 26 2 14 50% 11497 123939 8623 12%
c } 12061.49 123 94 191 2735 409111 3 95355358 195947 2.8 72 26 2 14 50% 11497 123939 8623 12%
c [ 12061.49 123 64 191 2735 409111 1 95355358 195947 2.2 102 46 2 24 56% 11497 123939 8623 12%
c B 12061.49 123 64 191 2735 409111 1 95355358 195947 2.2 102 46 2 24 56% 11497 123939 8623 12%
c - 12065.54 122 66 191 2736 409125 1 95383307 164491 2.2 102 46 2 24 56% 11497 123939 8623 12%
c - 12073.35 99 61 191 2737 409141 1 95435614 139684 2.4 102 43 2 24 58% 11497 123939 8623 12%
c - 12081.64 101 57 191 2738 409168 1 95487932 116527 2.4 100 41 2 24 59% 11497 123939 8623 12%
c - 12090.22 94 51 191 2739 409173 1 95540259 114710 2.6 99 38 2 24 60% 11497 123939 8623 12%
c u 12099.04 109 49 191 2739 409188 1 95581787 137817 2.6 97 37 2 24 61% 11506 123939 8623 12%
c v 12099.98 108 49 191 2739 409188 1 95581787 127822 2.6 97 37 2 24 61% 11507 123939 8623 12%
c w 12112.28 137 49 191 2739 409188 1 95581787 120052 2.6 97 37 2 24 61% 11507 123939 8623 12%
c
c   seconds     switched         rate             size/glue  tier1     binary          remaining
c            MB     reductions      conflicts           size   tier2       irredundant
c             level        restarts         redundant      glue    trail          variables
c
c t 12112.30 137 49 191 2739 409188 1 95581787 120052 2.6 97 37 2 24 61% 11500 123939 8623 12%
c - 12114.18 96 49 191 2740 409194 1 95592594 98243 2.6 97 37 2 24 61% 11500 123939 8623 12%
c - 12122.16 97 52 191 2741 409211 1 95644940 101578 2.6 98 38 2 24 61% 11500 123939 8623 12%
c - 12130.19 99 50 191 2742 409234 1 95697295 102414 2.6 97 37 2 24 61% 11500 123939 8623 12%
c - 12138.60 99 47 191 2743 409237 1 95749661 102954 2.7 98 36 2 24 62% 11500 123939 8623 12%
c - 12147.36 98 46 191 2744 409237 1 95802035 105616 2.8 98 35 2 24 62% 11500 123939 8623 12%
c - 12157.87 92 44 191 2745 409258 1 95854418 107429 2.7 91 34 2 24 61% 11500 123939 8623 12%
c - 12167.01 98 44 191 2746 409275 1 95906811 107922 2.7 92 34 2 24 61% 11500 123939 8623 12%
c - 12175.89 94 44 191 2747 409298 1 95959214 110447 2.9 97 34 2 24 61% 11500 123939 8623 12%
c - 12184.86 96 47 191 2748 409301 1 96011626 107298 2.9 104 36 2 24 61% 11500 123939 8623 12%
c - 12193.66 99 47 191 2749 409328 1 96064047 103789 2.9 103 36 2 24 61% 11500 123939 8623 12%
c o 12199.01 107 44 191 2749 409335 1 96097453 132386 3.0 102 35 2 24 61% 11500 123939 8623 12%
c - 12201.75 96 57 191 2750 409345 1 96116479 103849 2.5 106 42 2 24 59% 11500 123939 8623 12%
c - 12209.67 100 60 191 2751 409362 1 96168919 104835 2.6 111 43 2 24 60% 11500 123939 8623 12%
c - 12217.72 91 66 191 2752 409364 1 96221368 98667 2.5 118 47 2 24 60% 11500 123939 8623 12%
c - 12226.14 98 69 191 2753 409365 1 96273827 95791 2.5 122 49 2 24 60% 11500 123939 8623 12%
c - 12234.68 98 70 191 2754 409365 1 96326296 96079 2.5 124 51 2 24 59% 11500 123939 8623 12%
c - 12242.83 99 74 191 2755 409365 1 96378776 97994 2.4 127 53 2 24 59% 11500 123939 8623 12%
c - 12250.78 96 73 191 2756 409380 1 96431265 99638 2.4 124 52 2 24 59% 11500 123939 8623 12%
c - 12258.36 98 68 191 2757 409396 1 96483764 99309 2.4 116 49 2 24 58% 11500 123939 8623 12%
c
c   seconds    switched         rate            size/glue   tier1     binary          remaining
c           MB     reductions      conflicts          size    tier2       irredundant
c            level        restarts         redundant      glue    trail          variables
c
c - 12265.60 94 69 191 2758 409422 1 96536273 98503 2.3 110 49 2 24 58% 11500 123939 8623 12%
c - 12273.03 113 67 191 2759 409428 1 96588791 101080 2.2 106 47 2 24 59% 11501 123938 8623 12%
c W 12279.56 125 60 191 2759 409444 1 96634795 142712 2.4 102 43 2 24 60% 11501 123938 8623 12%
c - 12280.45 129 59 191 2760 409449 1 96641317 101638 2.4 101 42 2 24 60% 11501 123938 8623 12%
c u 12288.00 138 58 191 2760 409460 1 96683948 137514 2.4 100 42 2 24 60% 11504 123938 8623 12%
c v 12288.89 142 58 191 2760 409460 1 96683948 130984 2.4 100 42 2 24 60% 11504 123938 8623 12%
c w 12303.79 167 58 191 2760 409460 1 96683948 126646 2.4 100 42 2 24 60% 11504 123938 8623 12%
c - 12324.36 181 58 191 2761 409466 1 96693852 91093 2.3 98 42 2 24 60% 11504 123938 8623 12%
c ] 12324.69 181 58 192 2761 409467 1 96696067 93099 2.4 98 42 2 24 60% 11504 123938 8623 12%
c { 12324.69 181 94 192 2761 409467 3 96696067 93099 2.8 72 26 2 14 50% 11504 123938 8623 12%
c - 12330.02 254 96 192 2762 409761 3 96746397 112908 2.9 71 25 2 14 51% 11504 123938 8623 12%
c - 12336.60 346 96 192 2763 410172 3 96798952 137070 2.9 70 25 2 14 51% 11504 123938 8623 12%
c - 12344.51 421 97 192 2764 410709 3 96851518 142152 2.8 71 25 2 14 52% 11504 123938 8623 12%
c - 12351.81 529 95 192 2765 411140 3 96904091 144924 2.8 72 25 2 14 52% 11504 123938 8623 12%
c - 12358.46 472 92 192 2766 411484 3 96956675 149908 2.8 69 25 2 14 50% 11504 123938 8623 12%
c - 12366.54 287 93 192 2767 411950 3 97009269 152497 2.9 72 25 2 14 52% 11504 123938 8623 12%
c - 12373.16 287 95 192 2768 412325 3 97061871 155019 2.9 71 25 2 14 51% 11505 123938 8623 12%
c - 12380.47 118 93 192 2769 412766 3 97114482 158305 2.8 70 25 2 14 50% 11505 123938 8623 12%
c - 12388.33 116 94 192 2770 413201 3 97167103 160802 2.8 69 25 2 14 51% 11505 123938 8623 12%
c - 12396.33 122 93 192 2771 413638 3 97219733 161949 2.8 71 25 2 14 51% 11505 123938 8623 12%
c
c   seconds     switched         rate             size/glue  tier1     binary          remaining
c            MB     reductions      conflicts           size   tier2       irredundant
c             level        restarts         redundant      glue    trail          variables
c
c - 12404.78 115 91 192 2772 414124 3 97272373 161185 2.9 73 26 2 14 52% 11509 123938 8623 12%
c - 12412.72 118 92 192 2773 414571 3 97325022 162364 2.8 73 26 2 14 51% 11510 123938 8623 12%
c - 12420.29 123 88 192 2774 414921 3 97377681 165741 3.0 74 25 2 14 51% 11510 123938 8623 12%
c - 12428.41 125 88 192 2775 415352 3 97430349 167843 3.0 75 25 2 14 52% 11510 123938 8623 12%
c o 12432.71 121 91 192 2775 415620 3 97457494 194637 2.9 75 26 2 14 51% 11510 123938 8623 12%
c - 12436.93 124 91 192 2776 415827 3 97483027 167166 2.9 76 26 2 14 52% 11510 123938 8623 12%
c - 12445.43 126 88 192 2777 416254 3 97535714 167010 2.9 76 26 2 14 53% 11510 123938 8623 12%
c - 12454.02 126 87 192 2778 416665 3 97588411 168912 2.9 78 26 2 14 53% 11511 123938 8623 12%
c - 12461.64 123 83 192 2779 417011 3 97641117 170914 3.0 77 26 2 14 53% 11511 123938 8623 12%
c - 12470.60 126 85 192 2780 417423 3 97693835 172710 3.0 77 26 2 14 53% 11512 123938 8623 12%
c - 12478.60 124 87 192 2781 417790 3 97746560 175217 3.1 79 25 2 14 53% 11512 123938 8623 12%
c u 12489.11 129 85 192 2781 418212 3 97792931 207142 3.0 78 26 2 14 53% 11513 123938 8623 12%
c v 12495.35 120 85 192 2781 418212 3 97792931 172842 3.0 78 26 2 14 53% 11514 123938 8623 12%
c w 12499.07 138 85 192 2781 418212 3 97792931 172745 3.0 78 26 2 14 53% 11514 123938 8623 12%
c t 12499.10 138 85 192 2781 418212 3 97792931 172745 3.0 78 26 2 14 53% 11510 123938 8623 12%
c - 12500.29 122 86 192 2782 418285 3 97799295 136132 3.0 78 26 2 14 53% 11510 123938 8623 12%
c - 12507.76 124 87 192 2783 418702 3 97852040 143143 3.0 77 26 2 14 52% 11510 123938 8623 12%
c - 12515.45 125 88 192 2784 419116 3 97904794 151730 2.9 76 26 2 14 53% 11510 123938 8623 12%
c - 12523.00 124 89 192 2785 419526 3 97957559 155235 2.9 77 26 2 14 52% 11510 123938 8623 12%
c - 12530.69 126 89 192 2786 419942 3 98010334 157686 3.0 78 26 2 14 52% 11510 123938 8623 12%
c
c   seconds     switched         rate             size/glue  tier1     binary          remaining
c            MB     reductions      conflicts           size   tier2       irredundant
c             level        restarts         redundant      glue    trail          variables
c
c - 12538.89 126 91 192 2787 420403 3 98063117 159834 2.9 77 26 2 14 52% 11510 123938 8623 12%
c - 12546.73 123 91 192 2788 420813 3 98115910 163006 3.0 77 26 2 14 53% 11510 123938 8623 12%
c - 12554.57 125 85 192 2789 421172 3 98168711 165290 3.0 77 26 2 14 54% 11510 123938 8623 12%
c - 12563.13 124 87 192 2790 421631 3 98221521 165462 2.9 76 26 2 14 53% 11510 123938 8623 12%
c - 12571.51 127 87 192 2791 422065 3 98274341 165191 3.0 78 27 2 14 53% 11510 123938 8623 12%
c } 12575.27 122 88 193 2791 422289 3 98298203 188670 2.9 79 27 2 14 54% 11510 123938 8623 12%
c [ 12575.27 122 58 193 2791 422289 1 98298203 188670 2.4 98 42 2 24 60% 11510 123938 8623 12%
c O 12575.27 122 58 193 2791 422289 1 98298203 188670 2.4 98 42 2 24 60% 11510 123938 8623 12%
c - 12579.47 128 55 193 2792 422303 1 98327171 157613 2.5 100 40 2 24 59% 11510 123938 8623 12%
c - 12587.42 102 55 193 2793 422319 1 98380012 134257 2.4 99 41 2 24 60% 11510 123938 8623 12%
c - 12595.85 102 54 193 2794 422347 1 98432860 112165 2.4 98 40 2 24 60% 11510 123938 8623 12%
c - 12603.03 100 54 193 2795 422351 1 98485720 109894 2.5 100 40 2 24 60% 11510 123938 8623 12%
c - 12610.98 116 49 193 2796 422373 1 98538589 111286 2.7 96 36 2 24 61% 11510 123938 8623 12%
c - 12618.32 100 45 193 2797 422392 1 98591466 113775 2.7 91 34 2 24 61% 11510 123938 8623 12%
c - 12627.37 98 44 193 2798 422413 1 98644353 112024 2.6 89 34 2 24 61% 11510 123938 8623 12%
c - 12636.58 98 44 193 2799 422415 1 98697249 111905 2.6 87 34 2 24 60% 11510 123938 8623 12%
c - 12645.49 99 44 193 2800 422415 1 98750155 113155 2.5 88 35 2 24 60% 11510 123938 8623 12%
c - 12654.17 97 50 193 2801 422438 1 98803070 110641 2.4 91 38 2 24 60% 11510 123938 8623 12%
c - 12661.69 101 54 193 2802 422457 1 98855996 114371 2.3 90 39 2 24 59% 11510 123938 8623 12%
c o 12664.99 103 54 193 2802 422468 1 98880393 136012 2.3 90 39 2 24 59% 11510 123938 8623 12%
c
c   seconds     switched         rate             size/glue  tier1     binary          remaining
c            MB     reductions      conflicts           size   tier2       irredundant
c             level        restarts         redundant      glue    trail          variables
c
c u 12670.15 121 63 193 2802 422477 1 98908737 154305 2.2 97 44 2 24 59% 11510 123938 8623 12%
c v 12671.54 123 63 193 2802 422477 1 98908737 143394 2.2 97 44 2 24 59% 11510 123938 8623 12%
c w 12683.89 144 63 193 2802 422477 1 98908737 139285 2.2 97 44 2 24 59% 11510 123938 8623 12%
c - 12683.98 92 63 193 2803 422477 1 98908930 95919 2.2 97 44 2 24 59% 11510 123938 8623 12%
c - 12691.41 94 62 193 2804 422484 1 98961874 95522 2.3 101 44 2 24 59% 11510 123938 8623 12%
c - 12698.51 97 60 193 2805 422508 1 99014831 97860 2.3 100 43 2 24 60% 11510 123938 8623 12%
c - 12705.82 99 56 193 2806 422524 1 99067793 101427 2.5 100 40 2 24 62% 11510 123938 8623 12%
c - 12712.92 99 52 193 2807 422541 1 99120765 104454 2.5 96 38 2 24 63% 11510 123938 8623 12%
c - 12720.32 98 52 193 2808 422542 1 99173747 101523 2.5 96 38 2 24 63% 11510 123938 8623 12%
c - 12727.58 98 51 193 2809 422543 1 99226738 99146 2.6 99 39 2 24 64% 11510 123938 8623 12%
c - 12735.21 98 50 193 2810 422543 1 99279738 100401 2.6 100 38 2 24 64% 11510 123938 8623 12%
c - 12742.80 99 52 193 2811 422543 1 99332747 102673 2.5 98 39 2 24 64% 11510 123938 8623 12%
c - 12751.00 92 52 193 2812 422563 1 99385767 101950 2.4 96 40 2 24 63% 11510 123938 8623 12%
c - 12758.62 108 48 193 2813 422581 1 99438796 102699 2.4 91 37 2 24 64% 11510 123938 8623 12%
c - 12766.02 112 51 193 2814 422604 1 99491834 104261 2.3 90 39 2 24 64% 11510 123938 8623 12%
c - 12773.37 98 53 193 2815 422607 1 99544881 102371 2.4 94 40 2 24 64% 11510 123938 8623 12%
c - 12780.36 110 52 193 2816 422635 1 99597937 102108 2.4 92 38 2 24 63% 11510 123938 8623 12%
c B 12781.73 111 50 193 2816 422636 1 99608642 111376 2.4 90 38 2 24 62% 11510 123938 8623 12%
c - 12787.40 98 58 193 2817 422651 1 99651002 100516 2.4 101 42 2 24 62% 11510 123938 8623 12%
c - 12794.37 100 56 193 2818 422668 1 99704077 98472 2.5 101 40 2 24 62% 11510 123938 8623 12%
c
c   seconds     switched         rate            size/glue   tier1     binary          remaining
c            MB     reductions      conflicts          size    tier2       irredundant
c             level        restarts         redundant      glue    trail          variables
c
c - 12802.60 100 54 193 2819 422670 1 99757163 98571 2.6 101 39 2 24 62% 11510 123938 8623 12%
c ] 12807.81 109 53 194 2819 422670 1 99792465 130292 2.6 102 39 2 24 62% 11510 123938 8623 12%
c { 12807.81 109 88 194 2819 422670 3 99792465 130292 2.9 79 27 2 14 54% 11510 123938 8623 12%
c - 12810.95 98 78 194 2820 422675 2 99810258 105240 3.1 80 26 2 14 55% 11510 123938 8623 12%
c s 12818.69 116 59 194 2820 422675 2 99858834 150712 3.3 81 24 2 14 58% 11510 123937 8623 12%
c - 12819.18 115 58 194 2821 422677 2 99863361 128293 3.4 81 24 2 14 59% 11510 123937 8623 12%
c - 12824.60 121 46 194 2822 422693 2 99916474 150365 3.5 77 22 2 14 58% 11510 123937 8623 12%
c - 12829.20 133 37 194 2823 422705 1 99969596 155240 3.8 74 19 2 14 54% 11510 123937 8623 12%
c - 12835.84 133 31 194 2824 422710 1 100022727 166299 4.4 77 18 2 14 53% 11510 123937 8623 12%
c u 12838.74 131 30 194 2824 422712 1 100031362 170640 4.4 77 18 2 14 53% 11512 123937 8623 12%
c v 12845.54 148 30 194 2824 422712 1 100031362 158152 4.4 77 18 2 14 53% 11512 123937 8623 12%
c w 12849.55 161 30 194 2824 422712 1 100031362 157975 4.4 77 18 2 14 53% 11512 123937 8623 12%
c - 12852.17 135 34 194 2825 422753 1 100075868 160387 4.3 65 15 2 14 46% 11513 123937 8623 12%
c - 12855.68 137 34 194 2826 422879 1 100129019 169391 4.3 59 14 2 14 42% 11516 123937 8623 12%
c - 12857.64 134 28 194 2827 422879 1 100182179 172271 4.0 45 11 2 14 33% 11517 123937 8623 12%
c - 12862.31 132 31 194 2828 423373 1 100235348 175185 3.9 45 11 2 14 34% 11518 123937 8623 12%
c o 12864.80 134 33 194 2828 423651 2 100260565 200275 3.9 46 12 2 14 36% 11519 123937 8623 12%
c - 12867.14 137 34 194 2829 423848 2 100288526 180209 3.9 45 12 2 14 35% 11519 123937 8623 12%
c - 12871.51 133 36 194 2830 424181 2 100341714 181194 3.7 41 11 2 14 34% 11520 123937 8623 12%
c - 12877.19 138 36 194 2831 424709 2 100394911 186190 3.8 44 12 2 14 36% 11522 123937 8623 12%
c
c   seconds     switched         rate              size/glue  tier1     binary          remaining
c            MB     reductions       conflicts           size   tier2       irredundant
c             level        restarts          redundant      glue    trail          variables
c
c - 12883.08 128 37 194 2832 425212 2 100448118 188781 3.8 46 12 2 14 38% 11522 123937 8623 12%
c - 12889.26 134 36 194 2833 425662 2 100501335 191611 4.0 49 12 2 14 41% 11522 123937 8623 12%
c - 12892.82 139 30 194 2834 425893 2 100554560 193523 3.9 46 12 2 14 36% 11523 123937 8623 12%
c - 12898.75 138 32 194 2835 426349 2 100607795 195153 3.9 48 12 2 14 39% 11523 123937 8623 12%
c - 12905.00 136 34 194 2836 426846 2 100661039 196079 4.0 50 13 2 14 40% 11524 123937 8623 12%
c - 12908.77 139 39 194 2837 427076 2 100714294 198371 3.8 44 12 2 14 36% 11526 123937 8623 12%
c - 12912.80 138 36 194 2838 427388 2 100767557 199797 3.7 41 11 2 14 34% 11527 123937 8623 12%
c - 12917.91 137 36 194 2839 427849 2 100820829 200242 3.8 44 12 2 14 36% 11529 123937 8623 12%
c - 12922.63 139 34 194 2840 428206 2 100874111 201960 3.7 43 12 2 14 35% 11530 123937 8623 12%
c - 12928.74 132 38 194 2841 428662 2 100927402 204129 3.8 45 12 2 14 37% 11531 123937 8623 12%
c - 12934.27 137 37 194 2842 429062 2 100980704 206203 3.8 46 12 2 14 38% 11533 123937 8623 12%
c - 12939.10 137 34 194 2843 429399 2 101034014 207912 3.9 45 12 2 14 38% 11534 123937 8623 12%
c - 12943.59 140 32 194 2844 429723 2 101087334 209603 4.0 46 11 2 14 37% 11535 123937 8623 12%
c - 12949.53 140 33 194 2845 430189 2 101140663 210649 3.9 47 12 2 14 39% 11540 123937 8623 12%
c u 12954.31 133 34 194 2845 430417 2 101160808 209497 3.9 47 12 2 14 40% 11563 123937 8623 12%
c v 12957.94 147 34 194 2845 430417 2 101160808 205226 3.9 47 12 2 14 40% 11563 123937 8623 12%
c w 12959.33 150 34 194 2845 430417 2 101160808 205183 3.9 47 12 2 14 40% 11563 123937 8623 12%
c t 12959.35 150 34 194 2845 430417 2 101160808 205183 3.9 47 12 2 14 40% 11549 123937 8623 12%
c - 12962.63 138 34 194 2846 430633 2 101194001 187968 4.0 48 12 2 14 40% 11549 123937 8623 12%
c - 12967.55 139 36 194 2847 431011 2 101247350 190749 3.9 46 12 2 14 38% 11549 123937 8623 12%
c
c   seconds     switched         rate              size/glue  tier1     binary          remaining
c            MB     reductions       conflicts           size   tier2       irredundant
c             level        restarts          redundant      glue    trail          variables
c
c - 12972.30 139 34 194 2848 431380 2 101300708 192416 3.7 42 11 2 14 35% 11551 123937 8623 12%
c - 12977.26 135 33 194 2849 431805 2 101354074 194035 3.7 43 11 2 14 35% 11551 123937 8623 12%
c - 12982.72 134 33 194 2850 432271 2 101407450 198359 3.8 44 12 2 14 36% 11553 123937 8623 12%
c } 12984.69 136 34 195 2850 432463 2 101424518 215311 3.8 44 12 2 14 36% 11553 123937 8623 12%
c [ 12984.69 136 53 195 2850 432463 1 101424518 215311 2.6 102 39 2 24 62% 11553 123937 8623 12%
c W 12985.00 149 53 195 2850 432463 1 101424518 215311 2.6 102 39 2 24 62% 11553 123937 8623 12%
c - 12989.88 158 52 195 2851 432480 1 101460835 174878 2.6 101 38 2 24 61% 11553 123937 8623 12%
c - 12997.64 164 50 195 2852 432499 1 101514229 134288 2.6 97 38 2 24 62% 11553 123937 8623 12%
c - 13006.28 185 47 195 2853 432523 1 101567633 114135 2.6 93 36 2 24 62% 11553 123937 8623 12%
c - 13015.59 197 48 195 2854 432525 1 101621047 109700 2.4 90 37 2 24 60% 11553 123937 8623 12%
c - 13025.33 197 48 195 2855 432553 1 101674470 109316 2.4 89 37 2 24 60% 11553 123937 8623 12%
c - 13034.20 198 51 195 2856 432570 1 101727902 113101 2.4 91 38 2 24 61% 11553 123937 8623 12%
c o 13041.24 209 49 195 2856 432587 1 101768950 148265 2.4 89 37 2 24 61% 11553 123937 8623 12%
c - 13042.85 216 60 195 2857 432587 1 101781343 114814 2.2 96 43 2 24 61% 11553 123937 8623 12%
c - 13050.98 193 90 195 2858 432589 1 101834793 109716 1.9 116 60 2 24 59% 11553 123937 8623 12%
c - 13059.40 226 108 195 2859 432593 1 101888254 100181 1.8 131 73 2 24 59% 11553 123937 8623 12%
c - 13067.78 174 89 195 2860 432619 1 101941725 101817 2.0 120 61 2 24 58% 11553 123937 8623 12%
c - 13077.10 179 74 195 2861 432635 1 101995203 103861 2.1 111 52 2 24 58% 11553 123937 8623 12%
c - 13086.33 196 63 195 2862 432652 1 102048691 107383 2.2 102 46 2 24 58% 11553 123937 8623 12%
c - 13095.86 212 57 195 2863 432666 1 102102191 109106 2.3 97 42 2 24 59% 11553 123937 8623 12%
c
c   seconds     switched         rate              size/glue  tier1     binary          remaining
c            MB     reductions       conflicts           size   tier2       irredundant
c             level        restarts          redundant      glue    trail          variables
c
c - 13106.07 163 52 195 2864 432683 1 102155698 112635 2.4 92 38 2 24 59% 11553 123937 8623 12%
c - 13115.93 178 49 195 2865 432707 1 102209215 115348 2.5 92 36 2 24 59% 11553 123937 8623 12%
c - 13124.51 199 45 195 2866 432715 1 102262744 116481 2.7 91 34 2 24 60% 11553 123937 8623 12%
c u 13131.37 163 44 195 2866 432716 1 102297107 135808 2.7 90 33 2 24 61% 11564 123937 8623 12%
c v 13132.83 180 44 195 2866 432716 1 102297107 125173 2.7 90 33 2 24 61% 11567 123937 8623 12%
c w 13144.95 197 44 195 2866 432716 1 102297107 118533 2.7 90 33 2 24 61% 11567 123937 8623 12%
c t 13144.97 197 44 195 2866 432716 1 102297107 118533 2.7 90 33 2 24 61% 11566 123937 8623 12%
c - 13148.00 204 44 195 2867 432716 1 102316279 97687 2.7 90 34 2 24 61% 11566 123937 8623 12%
c ] 13154.69 216 45 196 2867 432717 1 102359993 136668 2.7 91 34 2 24 62% 11566 123937 8623 12%
c { 13154.69 216 34 196 2867 432717 2 102359993 136668 3.8 44 12 2 14 36% 11566 123937 8623 12%
c - 13156.47 225 39 196 2868 432895 2 102369824 105278 3.5 47 14 2 14 38% 11566 123937 8623 12%
c - 13164.98 425 64 196 2869 433790 3 102423378 122480 2.8 57 20 2 14 44% 11566 123937 8623 12%
c - 13173.35 425 77 196 2870 434522 3 102476943 135356 2.7 64 24 2 14 48% 11568 123937 8623 12%
c - 13181.39 317 84 196 2871 435060 3 102530516 143997 2.7 68 25 2 14 50% 11569 123937 8623 12%
c - 13189.96 201 87 196 2872 435582 3 102584097 149980 2.7 71 26 2 14 52% 11573 123937 8623 12%
c - 13197.81 123 87 196 2873 435980 3 102637688 153403 2.8 72 26 2 14 53% 11573 123937 8623 12%
c - 13205.13 119 87 196 2874 436389 3 102691293 157394 2.8 73 26 2 14 55% 11573 123937 8623 12%
c - 13213.12 124 88 196 2875 436794 3 102744904 160461 2.8 73 26 2 14 55% 11573 123937 8623 12%
c - 13221.56 124 88 196 2876 437270 3 102798523 161099 2.8 73 26 2 14 54% 11573 123937 8623 12%
c - 13229.18 121 88 196 2877 437687 3 102852155 163309 2.9 74 26 2 14 55% 11573 123937 8623 12%
c
c   seconds     switched         rate              size/glue  tier1     binary          remaining
c            MB     reductions       conflicts           size   tier2       irredundant
c             level        restarts          redundant      glue    trail          variables
c
c - 13237.34 125 86 196 2878 438145 3 102905796 163530 2.8 75 26 2 14 55% 11573 123937 8623 12%
c - 13245.57 119 88 196 2879 438614 3 102959443 162356 2.8 76 27 2 14 55% 11573 123937 8623 12%
c - 13252.96 122 90 196 2880 438997 3 103013100 164100 2.8 75 27 2 14 55% 11573 123937 8623 12%
c - 13260.80 125 89 196 2881 439397 3 103066766 164979 2.9 76 27 2 14 55% 11574 123937 8623 12%
c - 13269.43 124 88 196 2882 439871 3 103120440 163423 2.8 76 27 2 14 54% 11574 123937 8623 12%
c o 13276.76 123 85 196 2882 440232 3 103170613 212749 2.9 77 27 2 14 54% 11574 123937 8623 12%
c - 13277.55 122 86 196 2883 440270 3 103174124 163928 2.9 77 27 2 14 55% 11574 123937 8623 12%
c s 13283.57 116 87 196 2883 440639 3 103211460 200721 2.8 77 28 2 14 54% 11579 123917 8623 12%
c - 13285.92 125 84 196 2884 440718 3 103227817 164739 2.8 77 27 2 14 54% 11580 123917 8623 12%
c - 13294.24 124 81 196 2885 441064 2 103281519 166007 2.9 78 27 2 14 55% 11580 123917 8623 12%
c - 13302.97 125 82 196 2886 441507 2 103335232 167391 2.9 80 27 2 14 56% 11580 123917 8623 12%
c - 13311.01 127 81 196 2887 441824 2 103388953 169173 3.0 80 26 2 14 57% 11580 123917 8623 12%
c u 13320.43 123 78 196 2887 442151 2 103440256 206270 3.0 79 26 2 14 55% 11589 123917 8623 12%
c v 13326.05 119 78 196 2887 442151 2 103440256 175631 3.0 79 26 2 14 55% 11593 123917 8623 12%
c w 13330.95 140 78 196 2887 442151 2 103440256 174273 3.0 79 26 2 14 55% 11593 123917 8623 12%
c t 13330.98 140 78 196 2887 442151 2 103440256 174273 3.0 79 26 2 14 55% 11584 123917 8623 12%
c - 13331.35 123 78 196 2888 442162 2 103442683 133935 3.0 78 26 2 14 55% 11584 123917 8623 12%
c - 13338.66 124 83 196 2889 442579 2 103496423 141979 2.9 76 26 2 14 55% 11584 123917 8623 12%
c - 13345.85 125 84 196 2890 442997 2 103550172 148942 2.9 76 26 2 14 54% 11584 123917 8623 12%
c - 13353.88 126 87 196 2891 443439 3 103603930 151782 2.9 76 27 2 14 55% 11585 123917 8623 12%
c
c   seconds     switched         rate              size/glue  tier1     binary          remaining
c            MB     reductions       conflicts           size   tier2       irredundant
c             level        restarts          redundant      glue    trail          variables
c
c - 13360.57 116 84 196 2892 443791 3 103657700 155062 2.9 74 26 2 14 53% 11586 123917 8623 12%
c - 13368.40 125 84 196 2893 444219 3 103711479 157067 2.8 74 26 2 14 54% 11586 123917 8623 12%
c - 13376.38 120 86 196 2894 444654 3 103765267 158374 2.8 74 26 2 14 54% 11587 123917 8623 12%
c - 13384.30 120 86 196 2895 445085 3 103819064 159888 2.8 76 27 2 14 54% 11587 123917 8623 12%
c - 13392.40 123 86 196 2896 445493 3 103872869 160809 2.9 77 27 2 14 54% 11587 123917 8623 12%
c - 13400.66 123 84 196 2897 445917 3 103926684 161344 2.9 78 27 2 14 54% 11588 123917 8623 12%
c - 13408.61 125 80 196 2898 446276 2 103980508 161078 2.9 78 27 2 14 55% 11588 123917 8623 12%
c } 13415.47 125 85 197 2898 446664 3 104022191 202114 2.8 78 28 2 14 55% 11589 123917 8623 12%
c [ 13415.47 125 45 197 2898 446664 1 104022191 202114 2.7 91 34 2 24 62% 11589 123917 8623 12%
c I 13415.47 125 45 197 2898 446664 1 104022191 202114 2.7 91 34 2 24 62% 11589 123917 8623 12%
c - 13417.04 121 51 197 2899 446670 1 104034341 158980 2.6 92 36 2 24 61% 11589 123917 8623 12%
c - 13424.24 126 66 197 2900 446694 1 104088183 143929 2.3 94 41 2 24 57% 11589 123917 8623 12%
c - 13431.42 94 72 197 2901 446713 1 104142037 119499 2.1 96 45 2 24 56% 11589 123917 8623 12%
c - 13438.91 96 75 197 2902 446726 1 104195900 111222 2.1 98 47 2 24 57% 11589 123917 8623 12%
c - 13445.90 99 74 197 2903 446741 1 104249770 107375 2.1 98 47 2 24 58% 11589 123917 8623 12%
c - 13453.03 97 75 197 2904 446760 1 104303650 110985 2.2 101 47 2 24 58% 11589 123917 8623 12%
c - 13460.93 99 85 197 2905 446786 1 104357540 110551 2.0 103 52 2 24 57% 11589 123917 8623 12%
c - 13469.12 100 91 197 2906 446789 1 104411438 105333 1.9 109 57 2 24 57% 11589 123917 8623 12%
c - 13477.28 94 95 197 2907 446790 1 104465346 102130 1.9 115 61 2 24 58% 11589 123917 8623 12%
c - 13485.78 99 88 197 2908 446809 1 104519262 103578 1.9 112 58 2 24 58% 11589 123917 8623 12%
c
c   seconds    switched         rate              size/glue   tier1     binary          remaining
c           MB     reductions       conflicts           size    tier2       irredundant
c            level        restarts          redundant       glue    trail          variables
c
c - 13494.04 96 81 197 2909 446828 1 104573189 106462 2.0 108 54 2 24 58% 11589 123917 8623 12%
c u 13497.89 98 80 197 2909 446836 1 104590252 113095 2.0 107 54 2 24 58% 11595 123917 8623 12%
c v 13498.67 100 80 197 2909 446836 1 104590252 105156 2.0 107 54 2 24 58% 11595 123917 8623 12%
c w 13505.64 113 80 197 2909 446836 1 104590252 103106 2.0 107 54 2 24 58% 11595 123917 8623 12%
c x 13507.36 128 80 197 2909 446836 1 104590252 103088 2.0 107 54 2 24 58% 11609 123834 8623 12%
c t 13507.38 128 80 197 2909 446836 1 104590252 103088 2.0 107 54 2 24 58% 11600 123834 8623 12%
c o 13507.39 128 80 197 2909 446836 1 104590252 103088 2.0 107 54 2 24 58% 11600 123834 8623 12%
c - 13512.28 153 81 197 2910 446851 1 104627127 91653 2.0 106 54 2 24 57% 11600 123834 8623 12%
c - 13519.99 170 76 197 2911 446856 1 104681071 93963 2.0 104 52 2 24 58% 11600 123834 8623 12%
c - 13527.44 187 70 197 2912 446882 1 104735024 95019 2.1 104 48 2 24 58% 11600 123834 8623 12%
c - 13535.46 204 68 197 2913 446899 1 104788988 94860 2.2 107 49 2 24 59% 11600 123834 8623 12%
c - 13543.35 217 63 197 2914 446916 1 104842965 93875 2.3 103 46 2 24 59% 11600 123834 8623 12%
c - 13551.75 192 61 197 2915 446917 1 104896946 96696 2.3 101 44 2 24 59% 11600 123834 8623 12%
c - 13560.74 209 60 197 2916 446918 1 104950937 96284 2.3 101 44 2 24 58% 11600 123834 8623 12%
c - 13569.99 152 59 197 2917 446918 1 105004938 96976 2.3 101 44 2 24 57% 11600 123834 8623 12%
c - 13579.87 190 57 197 2918 446918 1 105058948 99936 2.4 100 43 2 24 57% 11600 123834 8623 12%
c - 13588.74 224 57 197 2919 446940 1 105112966 103310 2.4 102 43 2 24 57% 11600 123834 8623 12%
c - 13597.53 189 60 197 2920 446957 1 105166993 100492 2.3 102 44 2 24 58% 11600 123834 8623 12%
c - 13606.28 164 58 197 2921 446980 1 105221032 96589 2.3 100 43 2 24 58% 11600 123834 8623 12%
c - 13614.60 193 56 197 2922 446987 1 105275078 97828 2.3 98 42 2 24 59% 11600 123834 8623 12%
c
c   seconds     switched         rate             size/glue  tier1     binary          remaining
c            MB     reductions       conflicts          size   tier2       irredundant
c             level        restarts          redundant     glue    trail          variables
c
c - 13622.47 155 54 197 2923 447011 1 105329133 97879 2.5 99 40 2 24 59% 11600 123834 8623 12%
c B 13629.73 174 54 197 2923 447027 1 105379589 144115 2.5 100 40 2 24 58% 11600 123834 8623 12%
c - 13630.14 191 57 197 2924 447027 1 105383198 100335 2.5 101 40 2 24 58% 11600 123834 8623 12%
c - 13637.85 226 64 197 2925 447044 1 105437274 97609 2.4 106 44 2 24 59% 11600 123834 8623 12%
c - 13645.92 202 70 197 2926 447045 1 105491357 92893 2.3 110 48 2 24 59% 11600 123834 8623 12%
c - 13654.76 225 77 197 2927 447054 1 105545453 90364 2.1 111 53 2 24 58% 11600 123834 8623 12%
c ] 13655.33 225 77 198 2927 447058 1 105549969 94437 2.1 111 53 2 24 58% 11600 123834 8623 12%
c { 13655.33 225 85 198 2927 447058 3 105549969 94437 2.8 78 28 2 14 55% 11600 123834 8623 12%
c - 13658.99 165 75 198 2928 447081 2 105599555 118136 2.9 67 23 2 14 48% 11601 123834 8623 12%
c - 13662.58 184 73 198 2929 447134 2 105653665 154284 2.8 53 19 2 14 40% 11603 123834 8623 12%
c - 13666.36 147 73 198 2930 447249 2 105707785 165805 2.7 45 17 2 14 36% 11605 123834 8623 12%
c u 13670.43 182 73 198 2930 447355 2 105747084 195882 2.7 40 15 2 14 34% 11610 123834 8623 12%
c v 13678.24 193 73 198 2930 447355 2 105747084 185147 2.7 40 15 2 14 34% 11610 123834 8623 12%
c w 13680.27 194 73 198 2930 447355 2 105747084 184627 2.7 40 15 2 14 34% 11610 123834 8623 12%
c t 13680.29 194 73 198 2930 447355 2 105747084 184627 2.7 40 15 2 14 34% 11606 123834 8623 12%
c - 13681.29 195 72 198 2931 447390 2 105761914 156898 2.7 39 15 2 14 34% 11606 123834 8623 12%
c - 13685.56 227 74 198 2932 447629 2 105816053 166311 2.7 38 14 2 14 35% 11606 123834 8623 12%
c - 13689.54 236 75 198 2933 447944 3 105870200 173379 2.6 34 13 2 14 32% 11606 123834 8623 12%
c - 13693.67 169 76 198 2934 448333 3 105924357 177668 2.5 32 13 2 14 30% 11606 123834 8623 12%
c - 13698.18 171 76 198 2935 448747 3 105978526 181502 2.4 30 12 2 14 30% 11608 123834 8623 12%
c
c   seconds     switched         rate              size/glue  tier1     binary          remaining
c            MB     reductions       conflicts           size   tier2       irredundant
c             level        restarts          redundant      glue    trail          variables
c
c o 13700.40 112 74 198 2935 448968 3 106010285 211892 2.4 29 12 2 14 29% 11608 123834 8623 12%
c - 13702.12 117 74 198 2936 449116 3 106032702 185505 2.4 29 12 2 14 28% 11608 123834 8623 12%
c - 13706.78 112 77 198 2937 449591 3 106086886 188721 2.3 28 12 2 14 28% 11610 123834 8623 12%
c - 13711.39 115 77 198 2938 450020 3 106141082 192032 2.3 28 12 2 14 28% 11610 123834 8623 12%
c - 13715.93 117 76 198 2939 450429 3 106195287 195518 2.3 28 12 2 14 29% 11612 123833 8623 12%
c - 13720.78 117 76 198 2940 450902 3 106249501 198344 2.3 27 12 2 14 28% 11614 123833 8623 12%
c - 13725.54 117 75 198 2941 451352 3 106303722 201160 2.2 27 12 2 14 27% 11617 123833 8623 12%
c - 13730.57 114 75 198 2942 451809 3 106357952 203710 2.3 27 12 2 14 28% 11618 123833 8623 12%
c - 13735.71 116 76 198 2943 452287 3 106412193 206251 2.3 28 12 2 14 28% 11619 123833 8623 12%
c - 13741.00 118 75 198 2944 452759 3 106466442 208676 2.3 28 12 2 14 28% 11619 123833 8623 12%
c - 13745.39 116 72 198 2945 453161 3 106520701 211352 2.3 27 12 2 14 27% 11620 123833 8623 12%
c - 13750.35 119 74 198 2946 453622 3 106574969 213422 2.2 27 12 2 14 27% 11622 123833 8623 12%
c s 13755.28 118 75 198 2946 454086 3 106628762 265477 2.3 27 12 2 14 28% 11622 123827 8623 12%
c e 13755.30 99 75 198 2946 454086 3 106628762 265477 2.3 27 12 2 14 28% 11608 123914 8616 12%
c s 13755.31 99 75 198 2946 454086 3 106628762 265477 2.3 27 12 2 14 28% 11608 123880 8616 12%
c - 13755.40 129 75 198 2947 454091 3 106629246 215514 2.3 27 12 2 14 28% 11608 123880 8616 12%
c - 13760.88 179 74 198 2948 454556 3 106683533 217610 2.3 28 12 2 14 28% 11611 123880 8616 12%
c - 13766.14 228 75 198 2949 455054 3 106737828 219263 2.3 29 12 2 14 28% 11612 123880 8616 12%
c - 13771.01 231 73 198 2950 455471 3 106792134 221298 2.3 28 12 2 14 28% 11613 123880 8616 12%
c - 13776.22 226 74 198 2951 455924 3 106846447 223507 2.4 29 12 2 14 29% 11614 123880 8616 12%
c
c   seconds     switched         rate              size/glue  tier1     binary          remaining
c            MB     reductions       conflicts           size   tier2       irredundant
c             level        restarts          redundant      glue    trail          variables
c
c - 13781.11 231 73 198 2952 456369 3 106900771 225841 2.3 28 12 2 14 28% 11616 123880 8616 12%
c u 13784.50 225 74 198 2952 456446 3 106910761 203746 2.3 28 12 2 14 28% 11641 123880 8616 12%
c v 13787.58 226 74 198 2952 456446 3 106910761 198041 2.3 28 12 2 14 28% 11624 123880 8616 12%
c w 13788.75 227 74 198 2952 456446 3 106910761 197808 2.3 28 12 2 14 28% 11624 123880 8616 12%
c t 13788.78 227 74 198 2952 456446 3 106910761 197808 2.3 28 12 2 14 28% 11613 123880 8616 12%
c - 13792.57 229 75 198 2953 456815 3 106955103 192213 2.3 28 12 2 14 28% 11614 123880 8616 12%
c - 13797.20 164 74 198 2954 457249 3 107009444 196886 2.3 27 12 2 14 27% 11614 123880 8616 12%
c - 13801.64 160 74 198 2955 457692 3 107063794 200005 2.2 27 12 2 14 27% 11614 123880 8616 12%
c - 13806.64 166 74 198 2956 458168 3 107118154 202675 2.3 27 12 2 14 28% 11615 123880 8616 12%
c - 13811.66 161 74 198 2957 458633 3 107172523 205000 2.3 28 12 2 14 29% 11616 123880 8616 12%
c - 13816.39 163 72 198 2958 459040 3 107226901 206744 2.3 28 12 2 14 28% 11617 123880 8616 12%
c } 13817.79 162 73 199 2958 459172 3 107242540 221830 2.3 28 12 2 14 28% 11617 123880 8616 12%
c [ 13817.79 162 77 199 2958 459172 1 107242540 221830 2.1 111 53 2 24 58% 11617 123880 8616 12%
c W 13817.94 175 77 199 2958 459172 1 107242540 221830 2.1 111 53 2 24 58% 11617 123880 8616 12%
c - 13823.46 192 69 199 2959 459191 1 107281290 186490 2.2 106 47 2 24 59% 11617 123880 8616 12%
c - 13832.04 202 63 199 2960 459209 1 107335688 147727 2.3 101 44 2 24 58% 11617 123880 8616 12%
c - 13840.09 228 64 199 2961 459232 1 107390099 129365 2.4 106 45 2 24 59% 11617 123880 8616 12%
c - 13848.48 184 64 199 2962 459239 1 107444515 122946 2.4 108 44 2 24 59% 11617 123880 8616 12%
c o 13855.23 198 62 199 2962 459258 1 107485497 158697 2.3 103 45 2 24 59% 11617 123880 8616 12%
c - 13856.76 208 64 199 2963 459264 1 107498942 121742 2.3 103 45 2 24 59% 11617 123880 8616 12%
c
c   seconds     switched         rate              size/glue  tier1     binary          remaining
c            MB     reductions       conflicts           size   tier2       irredundant
c             level        restarts          redundant      glue    trail          variables
c
c - 13863.97 227 56 199 2964 459280 1 107553377 126009 2.4 98 40 2 24 59% 11617 123880 8616 12%
c - 13871.59 178 54 199 2965 459297 1 107607819 123463 2.2 89 40 2 24 59% 11617 123880 8616 12%
c - 13879.30 184 56 199 2966 459298 1 107662271 121492 2.3 94 41 2 24 59% 11617 123880 8616 12%
c - 13886.55 239 58 199 2967 459308 1 107716731 119959 2.3 99 44 2 24 58% 11617 123880 8616 12%
c - 13894.19 206 60 199 2968 459329 1 107771202 119754 2.1 97 45 2 24 58% 11617 123880 8616 12%
c - 13902.09 216 61 199 2969 459351 1 107825682 119690 2.0 92 47 2 24 57% 11617 123880 8616 12%
c - 13909.73 215 56 199 2970 459361 1 107880170 122291 2.1 91 43 2 24 57% 11617 123880 8616 12%
c - 13916.99 143 54 199 2971 459379 1 107934667 125688 2.2 88 41 2 24 57% 11617 123880 8616 12%
c - 13924.67 123 62 199 2972 459399 1 107989174 128225 2.2 95 44 2 24 58% 11617 123880 8616 12%
c - 13932.77 127 58 199 2973 459422 1 108043690 125130 2.2 94 42 2 24 59% 11617 123880 8616 12%
c u 13940.23 134 56 199 2973 459424 1 108081318 138596 2.3 94 40 2 24 58% 11629 123880 8616 12%
c v 13941.25 132 56 199 2973 459424 1 108081318 128075 2.3 94 40 2 24 58% 11632 123880 8616 12%
c w 13950.92 173 56 199 2973 459424 1 108081318 124421 2.3 94 40 2 24 58% 11632 123880 8616 12%
c t 13950.94 173 56 199 2973 459424 1 108081318 124421 2.3 94 40 2 24 58% 11627 123880 8616 12%
c - 13953.24 155 58 199 2974 459425 1 108098217 100395 2.3 94 42 2 24 58% 11627 123880 8616 12%
c - 13960.68 157 61 199 2975 459425 1 108152751 100599 2.2 95 44 2 24 57% 11627 123880 8616 12%
c - 13968.37 99 61 199 2976 459426 1 108207294 101269 2.2 96 44 2 24 58% 11627 123880 8616 12%
c - 13975.99 100 62 199 2977 459426 1 108261847 101337 2.2 99 45 2 24 58% 11627 123880 8616 12%
c - 13983.78 95 59 199 2978 459440 1 108316408 102622 2.3 98 43 2 24 59% 11627 123880 8616 12%
c ] 13991.13 105 54 200 2978 459457 1 108362734 142773 2.3 93 40 2 24 59% 11627 123880 8616 12%
c
c   seconds     switched         rate              size/glue  tier1     binary          remaining
c            MB     reductions       conflicts           size   tier2       irredundant
c             level        restarts          redundant      glue    trail          variables
c
c { 13991.13 105 73 200 2978 459457 3 108362734 142773 2.3 28 12 2 14 28% 11627 123880 8616 12%
c - 13992.48 113 75 200 2979 459603 3 108370982 108620 2.3 31 14 2 14 30% 11627 123880 8616 12%
c - 14000.13 109 87 200 2980 460504 3 108425562 125779 2.3 47 20 2 14 38% 11627 123880 8616 12%
c - 14007.80 113 92 200 2981 461211 3 108480151 143442 2.4 56 23 2 14 42% 11629 123880 8616 12%
c - 14014.65 119 91 200 2982 461743 3 108534750 153400 2.6 62 24 2 14 45% 11630 123880 8616 12%
c - 14020.66 121 92 200 2983 462159 3 108589357 159054 2.6 63 25 2 14 44% 11630 123880 8616 12%
c - 14027.23 120 89 200 2984 462627 3 108643973 162002 2.5 64 25 2 14 43% 11630 123880 8616 12%
c - 14034.53 121 88 200 2985 463096 3 108698602 164073 2.6 67 26 2 14 46% 11630 123880 8616 12%
c - 14042.04 123 85 200 2986 463548 3 108753238 164266 2.7 71 26 2 14 48% 11630 123880 8616 12%
c - 14049.83 117 84 200 2987 464020 3 108807884 164103 2.7 72 26 2 14 49% 11630 123880 8616 12%
c - 14057.38 122 86 200 2988 464467 3 108862537 163895 2.7 73 27 2 14 49% 11630 123880 8616 12%
c - 14064.60 116 86 200 2989 464863 3 108917199 164733 2.8 73 26 2 14 49% 11630 123880 8616 12%
c o 14065.89 122 85 200 2989 464912 3 108926155 173485 2.8 74 26 2 14 49% 11630 123880 8616 12%
c - 14072.14 124 84 200 2990 465241 3 108971870 164758 2.7 72 26 2 14 48% 11630 123880 8616 12%
c - 14079.44 119 81 200 2991 465622 3 109026551 165127 2.8 72 26 2 14 48% 11630 123880 8616 12%
c - 14087.34 125 81 200 2992 466078 3 109081243 165339 2.7 72 26 2 14 49% 11630 123880 8616 12%
c - 14094.16 123 73 200 2993 466332 2 109135942 166257 2.8 71 26 2 14 50% 11630 123880 8616 12%
c - 14101.25 118 72 200 2994 466679 2 109190650 167949 2.8 71 26 2 14 49% 11630 123880 8616 12%
c - 14108.43 124 71 200 2995 467031 2 109245367 168894 2.7 69 25 2 14 49% 11630 123880 8616 12%
c u 14112.22 118 73 200 2995 467158 2 109258750 169358 2.8 71 26 2 14 49% 11635 123880 8616 12%
c
c   seconds     switched         rate              size/glue  tier1     binary          remaining
c            MB     reductions       conflicts           size   tier2       irredundant
c             level        restarts          redundant      glue    trail          variables
c
c v 14115.59 126 73 200 2995 467158 2 109258750 146021 2.8 71 26 2 14 49% 11635 123880 8616 12%
c w 14121.77 132 73 200 2995 467158 2 109258750 145441 2.8 71 26 2 14 49% 11635 123880 8616 12%
c t 14121.79 132 73 200 2995 467158 2 109258750 145441 2.8 71 26 2 14 49% 11632 123880 8616 12%
c - 14126.49 118 70 200 2996 467402 2 109300093 139943 2.8 73 25 2 14 48% 11632 123880 8616 12%
c - 14134.23 125 74 200 2997 467881 2 109354828 145883 2.7 72 26 2 14 50% 11632 123880 8616 12%
c - 14140.40 121 74 200 2998 468180 2 109409577 150409 2.8 73 26 2 14 50% 11632 123880 8616 12%
c - 14147.70 120 74 200 2999 468576 2 109464330 153673 2.7 71 26 2 14 50% 11632 123880 8616 12%
c - 14154.87 124 73 200 3000 468923 2 109519094 155028 2.7 71 26 2 14 51% 11632 123880 8616 12%
c - 14162.21 124 72 200 3001 469273 2 109573866 156832 2.7 71 26 2 14 50% 11633 123880 8616 12%
c - 14169.29 124 74 200 3002 469625 2 109628647 159758 2.7 71 26 2 14 50% 11634 123880 8616 12%
c - 14177.03 123 76 200 3003 470064 2 109683437 161899 2.7 72 26 2 14 50% 11634 123880 8616 12%
c - 14184.05 125 73 200 3004 470348 2 109738236 161134 2.7 69 26 2 14 49% 11634 123880 8616 12%
c - 14191.36 123 71 200 3005 470667 2 109793045 163100 2.7 70 26 2 14 50% 11634 123880 8616 12%
c - 14198.87 121 68 200 3006 470982 2 109847864 165174 2.7 68 26 2 14 49% 11634 123880 8616 12%
c - 14206.08 125 68 200 3007 471323 2 109902693 166862 2.7 68 26 2 14 49% 11634 123880 8616 12%
c - 14214.37 120 72 200 3008 471770 2 109957530 168088 2.6 69 26 2 14 49% 11634 123880 8616 12%
c - 14222.27 126 71 200 3009 472155 2 110012375 168501 2.6 69 26 2 14 49% 11634 123880 8616 12%
c - 14229.57 125 65 200 3010 472397 2 110067230 171761 2.6 66 25 2 14 48% 11634 123880 8616 12%
c } 14232.22 120 66 201 3010 472546 2 110085904 189864 2.6 67 26 2 14 48% 11634 123880 8616 12%
c [ 14232.22 120 54 201 3010 472546 1 110085904 189864 2.3 93 40 2 24 59% 11634 123880 8616 12%
c
c   seconds     switched         rate              size/glue  tier1     binary          remaining
c            MB     reductions       conflicts           size   tier2       irredundant
c             level        restarts          redundant      glue    trail          variables
c
c O 14232.22 120 54 201 3010 472546 1 110085904 189864 2.3 93 40 2 24 59% 11634 123880 8616 12%
c s 14235.98 124 51 201 3010 472560 1 110111038 212726 2.5 93 37 2 24 60% 11634 123877 8616 12%
c - 14237.62 128 50 201 3011 472563 1 110122093 165294 2.5 93 37 2 24 61% 11634 123877 8616 12%
c - 14246.54 134 65 201 3012 472583 1 110176966 141062 2.2 102 46 2 24 59% 11634 123877 8616 12%
c - 14254.72 98 68 201 3013 472606 1 110231850 121582 2.2 101 46 2 24 59% 11634 123877 8616 12%
c - 14262.75 100 62 201 3014 472611 1 110286742 116396 2.3 98 43 2 24 59% 11634 123877 8616 12%
c - 14271.92 100 68 201 3015 472638 1 110341642 110820 2.1 99 48 2 24 57% 11634 123877 8616 12%
c - 14279.39 93 72 201 3016 472654 1 110396551 111897 2.1 99 48 2 24 57% 11634 123877 8616 12%
c u 14287.40 112 73 201 3016 472670 1 110443057 143291 2.1 100 48 2 24 58% 11637 123877 8616 12%
c v 14288.43 115 73 201 3016 472670 1 110443057 134799 2.1 100 48 2 24 58% 11637 123877 8616 12%
c w 14300.81 146 73 201 3016 472670 1 110443057 129594 2.1 100 48 2 24 58% 11637 123877 8616 12%
c o 14300.84 146 73 201 3016 472670 1 110443057 129594 2.1 100 48 2 24 58% 11637 123877 8616 12%
c - 14301.76 96 76 201 3017 472671 1 110451472 94859 2.0 100 49 2 24 57% 11637 123877 8616 12%
c - 14309.10 100 88 201 3018 472672 1 110506399 102029 2.0 103 52 2 24 56% 11637 123877 8616 12%
c - 14317.09 98 86 201 3019 472682 1 110561335 107117 2.1 105 50 2 24 53% 11637 123877 8616 12%
c - 14324.05 101 75 201 3020 472703 1 110616281 109141 2.2 101 46 2 24 51% 11637 123877 8616 12%
c - 14331.74 98 71 201 3021 472725 1 110671236 103197 2.1 97 45 2 24 50% 11637 123877 8616 12%
c - 14339.78 112 67 201 3022 472735 1 110726200 102091 2.1 93 44 2 24 50% 11637 123877 8616 12%
c - 14348.25 99 63 201 3023 472756 1 110781172 99412 2.2 93 42 2 24 51% 11637 123877 8616 12%
c - 14355.33 111 63 201 3024 472773 1 110836153 104670 2.2 90 42 2 24 51% 11637 123877 8616 12%
c
c   seconds     switched         rate              size/glue  tier1     binary          remaining
c            MB     reductions       conflicts           size   tier2       irredundant
c             level        restarts          redundant      glue    trail          variables
c
c - 14362.72 109 66 201 3025 472797 1 110891143 107589 2.1 88 41 2 24 50% 11637 123877 8616 12%
c caught signal 15 (SIGTERM)
c
c ---- [ profiling ] ---------------------------------------------------------
c
c       13203.09   91.92 %  search
c        6729.56   46.85 %  focused
c        6473.52   45.07 %  stable
c        1160.91    8.08 %  simplify
c        1148.55    8.00 %  probe
c        1061.51    7.39 %  vivify
c          74.04    0.52 %  sweep
c          47.01    0.33 %  reduce
c           7.46    0.05 %  walking
c           6.09    0.04 %  substitute
c           5.31    0.04 %  factor
c           5.05    0.04 %  eliminate
c           1.57    0.01 %  subsume
c           0.82    0.01 %  transitive
c           0.45    0.00 %  congruence
c           0.32    0.00 %  backbone
c           0.16    0.00 %  preprocess
c           0.02    0.00 %  parse
c           0.01    0.00 %  lucky
c =============================================
c       14364.18  100.00 %  total
c
c ---- [ statistics ] --------------------------------------------------------
c
c chronological:                        36273                0 %  conflicts
c conflicts:                        110901501             7720.70 per second
c congruent:                             1655                2 %  variables
c decisions:                        216426794                1.95 per conflict
c eliminated:                           58597               84 %  variables
c factored:                               687                1 %  variables
c iterations:                             165                0 %  variables
c propagations:                   73804792352          5138113    per second
c reductions:                            3025            36662    interval
c reordered:                              146           759599    interval
c rephased:                               138           803634    interval
c restarts:                            472797              235    interval
c strengthened:                         10996                0 %  checks
c substituted:                           1772                3 %  variables
c subsumed:                             25678                0 %  checks
c switched:                               201           551749    interval
c vivified:                           7664104               38 %  checks
c walks:                                   46          2410902    interval
c
c ---- [ glue usage ] --------------------------------------------------------
c
c focused glue 2    used  46835277 clauses  9.70% accumulated 57.88% tier1
c focused glue 3    used  34597947 clauses  7.17% accumulated 65.05%
c focused glue 4-12 used 115208814 clauses 23.86% accumulated 88.91%
c focused glue 13   used   4625178 clauses  0.96% accumulated 89.87%
c focused glue 14   used   4062967 clauses  0.84% accumulated 90.71% tier2
c
c stable glue 2    used  51198280 clauses  6.84% accumulated 56.82% tier1
c stable glue 3    used  26581882 clauses  3.55% accumulated 60.37%
c stable glue 4-22 used 216253234 clauses 28.89% accumulated 89.26%
c stable glue 23   used   5171901 clauses  0.69% accumulated 89.95%
c stable glue 24   used   4715755 clauses  0.63% accumulated 90.58% tier2
c
c ---- [ resources ] ---------------------------------------------------------
c
c maximum-resident-set-size:     699140145152 bytes     666752 MB
c process-time:                     3h 59m 24s           14364.18 seconds
c raising signal 15 (SIGTERM)
