id	profile	cnf_sha256	status	host	instance_type	heap_mb	proof_sha256	proof_bytes	solver_cpu_seconds	checker_cpu_seconds	census_cadical_seconds	certified_copies	all_copies_identical_proof	evidence
h1_0c79d82f56a92899	0	7a12f378bf3ea4ee1221347ee09d0d5d69ab4349073c9c2f11c36d7818fc34ed	CERTIFIED	robb-studio	Mac (Apple silicon), local	12000	36f03548be5c8f23da2c7c24f884b2ff7f0d4f06f729b37a9cadd0fbee439597	24784797770	13976.3	1255.0	71098.1	1	True	artifacts/erdos85-sat49/h1-cert-full-20261001/local-robb-studio/h1_0c79d82f56a92899/receipt.json
h1_766e53c39597bd73	1	34a1c03d18b2c0155f8fc47188362183c2fabf623e70fc0320eedc26764672fd	CERTIFIED	robb-studio	Mac (Apple silicon), local	16000	f18792f34557dcff8cd31a6c3955ac85f036f389ad03c6f110915cac865cc0ff	30959673770	24182.8	2010.0	57562.9	1	True	artifacts/erdos85-sat49/h1-cert-full-20261001/local-robb-studio/h1_766e53c39597bd73/receipt.json
h1_7e1f9451acbf881b	3	6720b261bbe1ff71fb21d4c07305b7f1af32bd225fb5b32f7065cb332053d712	CERTIFIED	i-0ea2e801411c2dc60	r7g.16xlarge	8000	f0494be7327a3d132d0d1d9e8144b11fd249f4a40cea83fc7f740ff6bb4b1b5a	30252868679	70540.7	4732.6	53109.7	1	True	sat49/cert-20261001/results/h1_7e1f9451acbf881b.i-0ea2e801411c2dc60.1791155473.tar.zst
h1_b2c8ff1df5172f4d	2	384dbbceaf42efd74726c483eace4302650e62f0b7f9c7ae6eadd46ed0938cd3	CERTIFIED	i-06827282935a407ba	r7g.4xlarge	16000	731e5482a2fbdb4bd8aac67f313a9e3cc1cc09474f894f66f8251162af1d479d	28078700717	46306.6	2948.7	50445.4	2	True	sat49/cert-20261001/results/h1_b2c8ff1df5172f4d.i-06827282935a407ba.1791224462.tar.zst
h1_975cd491c88d79b8	1	8eef53978a71e514c446bb1d790db09c3b2fba07ce35bcd85835f6b0e78dd805	CERTIFIED	i-06827282935a407ba	r7g.4xlarge	16000	60491065175827ff3432eb1bff40e090607b67ca727322882c2d421ff42b7aaf	28587056874	46347.3	2966.3	50039.4	2	True	sat49/cert-20261001/results/h1_975cd491c88d79b8.i-06827282935a407ba.1791224497.tar.zst
h1_3852b751ff650edd	0	ceb4e38204d5bc1c44eadfad72a5628d73f02e2301b365cfa9d9cbfb575c50f0	CERTIFIED	robb-studio	Mac (Apple silicon), local	16000	981adf613738830d671bbb7a67de0b159d37df02b650cb81c96179ddb093903c	36165375193	29202.8	2408.9	49248.9	1	True	artifacts/erdos85-sat49/h1-cert-full-20261001/local-robb-studio/h1_3852b751ff650edd/receipt.json
h1_3e48ec9850423249	1	01b47b5bc7ae13e1f1cbcaa7479adcf4f4c6a6af55c3b4172c44a3ad683cb20a	CERTIFIED	i-06827282935a407ba	r7g.4xlarge	16000	26bd5ba0371a987ede24264e5e2c931cdb9afa575c13f84213ef1e0fc7d5ff68	27166405418	46333.2	2743.8	49141.3	2	True	sat49/cert-20261001/results/h1_3e48ec9850423249.i-06827282935a407ba.1791224425.tar.zst
h1_2ef484cd8559dc9b	0	83c8f96d41c8856679ed9f03a2f003d65c76bc33ee7d81b9113aa3148ad35dd7	CERTIFIED	i-0ea2e801411c2dc60	r7g.16xlarge	16000	eafb624f6da979d88154e5e48e6224557a6253802820bbb737debd33ee5936c7	32304104662	50723.5	3416.7	45387.9	1	True	sat49/cert-20261001/results/h1_2ef484cd8559dc9b.i-0ea2e801411c2dc60.1791202724.tar.zst
h1_8a40c65c6b646f9c	2	3a9e83599d1421c8e70c97097109abfaaa0e3934e3b6545f4fdf4eae98c28f3f	CERTIFIED	i-0ea2e801411c2dc60	r7g.16xlarge	16000	bfbe5a05fbda3e48a28531b9e805439d22054d50dd90e69f18eeba32177eb839	25010554300	46331.9	2567.1	42736.7	1	True	sat49/cert-20261001/results/h1_8a40c65c6b646f9c.i-0ea2e801411c2dc60.1791192509.tar.zst
h1_4fd3cf47708eb57e	1	380f076a53ae4d768771d4aa38a69412d41fd4d01c1430d2bcbc9617f654498a	CERTIFIED	i-0ea2e801411c2dc60	r7g.16xlarge	8000	26237bcfa8eb372a9b27ea1e33be7ced1a127dd4a87c09774ca66ee1fcbc734f	22382908810	58459.5	3356.8	40330.7	1	True	sat49/cert-20261001/results/h1_4fd3cf47708eb57e.i-0ea2e801411c2dc60.1791142765.tar.zst
h1_c6275a164881424f	0	aca96e9f0d95cff3420aa0a830d05f435f6f3ed5b300ebff6447b73cd57b48e1	CERTIFIED	i-0ea2e801411c2dc60	r7g.16xlarge	16000	6afd68cc3dbcb6548687b5ce30596895b162ec9b9ae4017f687e4d017d59ae80	30772576794	47171.0	3324.6	40307.5	1	True	sat49/cert-20261001/results/h1_c6275a164881424f.i-0ea2e801411c2dc60.1791195619.tar.zst
h1_f4b58bb194ee9900	1	74a985370fd8654c237c29950a8159abbe6ee853f25dea39c36f5c2b56dc5d3c	CERTIFIED	i-0b27ca5b6248c0a7d	r8g.16xlarge	8000	8830a9f2a07ee15e133d782927277f25b9976f78499c5090ece8a8fa959d3626	18270593375	28362.2	1758.0	40067.6	1	True	sat49/cert-20261001/results/h1_f4b58bb194ee9900.i-0b27ca5b6248c0a7d.1791067573.tar.zst
h1_7247196a06035117	2	20fc2cd07396a30dc69cce7be9672d6310cd7048c10c63a7336f69a9529aa5ca	CERTIFIED	i-0ea2e801411c2dc60	r7g.16xlarge	16000	566f1effbe575cdbb54ff51e567de53b350d5acbecef167962df32a7c727027b	24613169061	46209.1	2741.2	39644.3	1	True	sat49/cert-20261001/results/h1_7247196a06035117.i-0ea2e801411c2dc60.1791192959.tar.zst
h1_0c88acb45458e82f	2	d5d1cea15d659d31779531bdd4154fc93453fcd735bd179a689d89b7f22cea33	CERTIFIED	i-0ea2e801411c2dc60	r7g.16xlarge	8000	b5bd5d0433cd00d432b7abb0d6641cf970cce13bc249efe276bd560cd723db0c	18366007174	46076.6	2728.9	39508.6	1	True	sat49/cert-20261001/results/h1_0c88acb45458e82f.i-0ea2e801411c2dc60.1791130412.tar.zst
h1_d0c771a44bae804c	3	8b6629f61071c38a7e95a68f0eaeaa135c36a71da327e4f4ad7f0eb7b9e8f2fd	CERTIFIED	i-0ea2e801411c2dc60	r7g.16xlarge	16000	72ff95101179ad195e9ce91235a82fb6bafd415c289d5002b8ab21f0038672e8	25545757602	42597.8	2611.5	39094.7	1	True	sat49/cert-20261001/results/h1_d0c771a44bae804c.i-0ea2e801411c2dc60.1791185335.tar.zst
h1_e71f7d1083f1770b	2	fb0545f0b4bdda7d3f553960924ae6d88e4bd6e9f8f1c56030b4807d93ae2f81	CERTIFIED	i-0ea2e801411c2dc60	r7g.16xlarge	16000	d33739d5e0ff3c60a7bb8e6334240e11dfb2d76ca52dc72da84fa1f3d7a95549	28299895758	45656.4	3056.9	38827.6	1	True	sat49/cert-20261001/results/h1_e71f7d1083f1770b.i-0ea2e801411c2dc60.1791191696.tar.zst
h1_49cb52d957ff0e39	2	3c66e9e470988e80dc50c1c3cf009b4d3c63fc03b3206495f120ab26e97cd8c0	CERTIFIED	i-0ea2e801411c2dc60	r7g.16xlarge	8000	d85e69a6f32ab78119b51b6004ac23531db3d29e5ba7a59e2333af85b5bf8cf6	16356201547	36261.8	2259.3	38732.3	1	True	sat49/cert-20261001/results/h1_49cb52d957ff0e39.i-0ea2e801411c2dc60.1791120521.tar.zst
h1_11fc301643cb6b2b	1	75b0a988274f51245b389531417d24f95c7ca26bd2131ae01b6778ad2d0a2d9a	CERTIFIED	i-0ea2e801411c2dc60	r7g.16xlarge	8000	78db19b0e21470b5e9a77fb8e042b0caf56defa7f6b5ef205e1905ce3d3ac67f	22972820413	54229.4	3451.1	37470.8	1	True	sat49/cert-20261001/results/h1_11fc301643cb6b2b.i-0ea2e801411c2dc60.1791138754.tar.zst
h1_89d767bece5a5202	2	f7ff250a190c2926e38ab783046b8592c659574fbe7cfbbc8a56ac246948e55b	CERTIFIED	i-0b27ca5b6248c0a7d	r8g.16xlarge	8000	5f5bffedd158a2717513a76043a77a97a5f4560fc9c648f17a5809c769faf6c7	18621154516	28385.0	1834.3	37277.1	1	True	sat49/cert-20261001/results/h1_89d767bece5a5202.i-0b27ca5b6248c0a7d.1791067713.tar.zst
h1_1a57b0f570316ce0	0	8561970cc7292bb311a87b4bc240ab3bdf0a696aaa82e74d488ddb292fc9337e	CERTIFIED	i-0ea2e801411c2dc60	r7g.16xlarge	8000	56d4252ce0934103fc21d2d67d1efd0bbfa9ef23f459035d63ed8b9371f80c96	17653927077	42697.8	2630.4	36999.2	1	True	sat49/cert-20261001/results/h1_1a57b0f570316ce0.i-0ea2e801411c2dc60.1791127075.tar.zst
h1_afb7deaeb4d6961e	4	2c101a66c7f9fa0e1db46a3a2e97754c44b9bd7f6e05712b62007361e3204134	CERTIFIED	i-0ea2e801411c2dc60	r7g.16xlarge	8000	98671101b2657c2b160833b885ca28efb8e8f1945523d62ef1d57ef4999bee5e	15689075940	33542.6	2027.2	36455.9	1	True	sat49/cert-20261001/results/h1_afb7deaeb4d6961e.i-0ea2e801411c2dc60.1791117749.tar.zst
h1_be77d80a79a0dce6	2	c857bede0fd8732404d9a997872e1341774e356573e7cad99706dbb5cfa7b0a4	CERTIFIED	i-0ea2e801411c2dc60	r7g.16xlarge	8000	cce8ed9130e3000a3aa4fabb7e3e5a579c13e9a5230d4f3623d6bf88d40d17cb	15054874940	33504.1	2113.8	35720.5	1	True	sat49/cert-20261001/results/h1_be77d80a79a0dce6.i-0ea2e801411c2dc60.1791117711.tar.zst
h1_0df386cd80006155	4	e612c95f2a0f917b641c2c0fa478b7c00cc530f2edec80399f705d3d9a01b12a	CERTIFIED	i-0ea2e801411c2dc60	r7g.16xlarge	8000	03424812ee7510b0c649ac368082c893100850907fc2f8ce9237c1a32d28d176	22939975869	46316.5	3160.7	34479.0	1	True	sat49/cert-20261001/results/h1_0df386cd80006155.i-0ea2e801411c2dc60.1791130758.tar.zst
h1_28644fb7d6ccb3ef	2	19aa5d0b0c5bf527e037231250defd2046ef129e5977dd52e9084e8cf381c43b	CERTIFIED	i-0b27ca5b6248c0a7d	r8g.16xlarge	8000	91a8d01c476a0a7aa1b7d559390e03b6ad670ed68264fe0f094e7ed7c3159254	13891755483	20078.0	1244.4	34455.3	1	True	sat49/cert-20261001/results/h1_28644fb7d6ccb3ef.i-0b27ca5b6248c0a7d.1791056014.tar.zst
h1_d402ca555527db1f	1	dc09512b083eb54b224f68691e827553613c6f5bcd997cb30306d11b9a691372	CERTIFIED	i-0ea2e801411c2dc60	r7g.16xlarge	8000	896937e94831cd552239b3f4005a071a6522cfea2a3f9e89cd2aa6e5e30360af	22893438043	48489.8	3280.2	34442.1	1	True	sat49/cert-20261001/results/h1_d402ca555527db1f.i-0ea2e801411c2dc60.1791132946.tar.zst
h1_12b393308882cd98	2	cb887837dda05489a2d72e3abff32b51b4aee7d73fbec51c93277935cb416bf6	CERTIFIED	i-0ea2e801411c2dc60	r7g.16xlarge	8000	8d260e757efd8f279d8d6b7d46c92b4ac3338c88623ea4948c0cc1fc5b4d830e	16266701341	39323.0	2356.7	33812.2	1	True	sat49/cert-20261001/results/h1_12b393308882cd98.i-0ea2e801411c2dc60.1791123540.tar.zst
h1_a0e2a6e99df45c84	2	0de37f9a65f3050ba49f0c21fa22b6f1f0065f69255afc800e7fba36cac01f45	CERTIFIED	i-0ea2e801411c2dc60	r7g.16xlarge	8000	223b71bee7b1e2b67fe72a3d421b78f290605fe8202ab446c3627df39f32eae5	21385759773	47940.8	3058.4	33694.6	1	True	sat49/cert-20261001/results/h1_a0e2a6e99df45c84.i-0ea2e801411c2dc60.1791132422.tar.zst
h1_114a559d9e1bb112	2	00438e13d92194306cd6826226eb6a16f1974d96e04c7dc1d9584e3db67aff75	CERTIFIED	i-0ea2e801411c2dc60	r7g.16xlarge	8000	704ccf778683f9176e7cca85e6c085e7711dfba1dc7cce29289d84d303ea4391	18621203714	45706.0	2691.2	32133.1	1	True	sat49/cert-20261001/results/h1_114a559d9e1bb112.i-0ea2e801411c2dc60.1791129999.tar.zst
h1_321a9f26ba8a0d18	3	7749424c0e6b288663a5430f4e29e3ab3d0a4a912f52bca2e4d8f8059b7c29c2	CERTIFIED	i-0ea2e801411c2dc60	r7g.16xlarge	8000	26f020ff4b9cb7ce2526b325d4a2880b79abbe8b7eb25ac42fcca561bb259a05	20028634169	46769.0	3048.7	31027.8	1	True	sat49/cert-20261001/results/h1_321a9f26ba8a0d18.i-0ea2e801411c2dc60.1791131310.tar.zst
h1_ac2e23dfc72d9c5e	2	b64f612015cf418613144b621e6d65fa20019f240f2efeee6fd1aaa61d559aec	CERTIFIED	i-0b27ca5b6248c0a7d	r8g.16xlarge	8000	d46969ddec9341afc302b26d8d96807cac7652fa66eb2326423ca138aa2cdbee	18575750714	27667.5	1819.2	30956.0	1	True	sat49/cert-20261001/results/h1_ac2e23dfc72d9c5e.i-0b27ca5b6248c0a7d.1791066205.tar.zst
h1_e47297e4ea099461	0	0a827791141157183f17f5f9997c130d3bfb30b8ff0daba0b6b33a4f4c60bda6	CERTIFIED	i-0ea2e801411c2dc60	r7g.16xlarge	8000	b5d2d4160bbc82a81aae0d5114756e4f6473368ad44a848e61d5fd4d88b8ec4f	14744693131	33448.2	2047.4	29972.0	1	True	sat49/cert-20261001/results/h1_e47297e4ea099461.i-0ea2e801411c2dc60.1791117663.tar.zst
h1_5fd69398faa7d52b	0	a2719226f0facf409c5017018dd2048de04aebb19b1a0382116faad2b639b805	CERTIFIED	i-0cda2812da1c76d9b	r8g.16xlarge	8000	a4205f300690d5accff465e598b179811f1297adf7e4a708731df91b3947ae53	11174179109	15092.9	946.2	29839.4	1	True	sat49/cert-20261001/results/h1_5fd69398faa7d52b.i-0cda2812da1c76d9b.1791042967.tar.zst
h1_8c8b1363b570b742	0	0b657b1de6718553b6c3b571af3b5375a5d1a1417b6cc668d5a423083b062b12	CERTIFIED	i-0b27ca5b6248c0a7d	r8g.16xlarge	8000	6e9f070a8ded0223ee6a46b1872805debf0aba060b22e420b79af397a32aeb01	10430488709	18834.4	1063.2	29832.9	1	True	sat49/cert-20261001/results/h1_8c8b1363b570b742.i-0b27ca5b6248c0a7d.1791044768.tar.zst
h1_dff98195a8cc987c	2	662871e294caa9e0bdb27225f75e442269ec5f22ff203a99f0ac81d97d40392b	CERTIFIED	i-0ea2e801411c2dc60	r7g.16xlarge	8000	c2317468d4d27561f04147f239c7b72361b14510051f1f233e2f6198503b21af	14690485719	36767.7	2053.3	29749.0	1	True	sat49/cert-20261001/results/h1_dff98195a8cc987c.i-0ea2e801411c2dc60.1791120972.tar.zst
h1_73547147934417cb	1	542f8bd6a43f5bcf6cae691f48f145a553c242201f19855e055e247216fec560	CERTIFIED	i-0ea2e801411c2dc60	r7g.16xlarge	8000	86c4ae20d9e5d3cdbf0cc1c6d29c83b950ef3002172a344cc5499385ad7eec85	20376894996	46936.3	3085.4	29701.8	1	True	sat49/cert-20261001/results/h1_73547147934417cb.i-0ea2e801411c2dc60.1791131499.tar.zst
h1_8e58511f09a2e05a	3	1368213ad101b5559413936ab6d42e2a6236d0baaea263f2f0db429719238dd1	CERTIFIED	i-0cda2812da1c76d9b	r8g.16xlarge	8000	764f1d76db568d7f481ad286ac97a7cc40105a1056265a8744929be3bf2a4abe	13923001869	15173.0	1092.4	29323.3	1	True	sat49/cert-20261001/results/h1_8e58511f09a2e05a.i-0cda2812da1c76d9b.1791042933.tar.zst
h1_6cff5f388ea0d31d	2	a987b6e533aa6f5259a6334e8843cba0a1f1d4f4ce5e2bc0af335e175089fbff	CERTIFIED	i-0ea2e801411c2dc60	r7g.16xlarge	8000	7dc5daeaced6a62d61f5f9d84f68e26d5cf3b7066dc68c605a523d0d2ebbaa59	20040576510	49191.0	3043.7	29278.6	1	True	sat49/cert-20261001/results/h1_6cff5f388ea0d31d.i-0ea2e801411c2dc60.1791133660.tar.zst
h1_5f01c3e1edea0585	1	3f5a428646b867231e965a9fbfd38edf8002576e531d3635bbeef982fce22c5b	CERTIFIED	i-0ea2e801411c2dc60	r7g.16xlarge	8000	7e20ef791c10f453038d4adf11357e43047f5514394b4e74bddd20b970b497a4	12440219749	25565.3	1575.2	28228.1	1	True	sat49/cert-20261001/results/h1_5f01c3e1edea0585.i-0ea2e801411c2dc60.1791109763.tar.zst
h1_756e36fd8371f64e	2	9ce9af4781c2d1deb77edcc54a679b5356edd74a753a63e69d2717f105690d1a	CERTIFIED	i-0b27ca5b6248c0a7d	r8g.16xlarge	8000	158f481ff1de7727f2bbb3ab5167153cf0f85d92de2bc6f70a36bb8845edbd0f	13442332553	18303.8	1198.7	28081.4	1	True	sat49/cert-20261001/results/h1_756e36fd8371f64e.i-0b27ca5b6248c0a7d.1791046849.tar.zst
h1_2b7c5eecc72643bc	3	a761310045907e68746f39c060de27697a0d2aa51be5d13a3fc31d1515a582fe	CERTIFIED	i-0b27ca5b6248c0a7d	r8g.16xlarge	8000	be212144d9ca80cb88a8456961848a922290c6686e8e0e61c2ba057f6897dd12	14273641597	19738.6	1305.6	27843.7	1	True	sat49/cert-20261001/results/h1_2b7c5eecc72643bc.i-0b27ca5b6248c0a7d.1791055729.tar.zst
h1_62958c7b0b7b8fae	1	90bf98e376c36504a11913a5a7a39ebe9acf09f80399cd127ab22c8e63d0fc37	CERTIFIED	i-0ea2e801411c2dc60	r7g.16xlarge	8000	d3b0f705e14dc9b9b67bad0ad81521ac5f3de6d8474e1475b0654cac0189e481	12596148893	25561.9	1611.0	27787.6	1	True	sat49/cert-20261001/results/h1_62958c7b0b7b8fae.i-0ea2e801411c2dc60.1791109767.tar.zst
h1_24e3b660a47b7b78	3	a1debdfb89041d62e5dc7bac4c87bd7e594c58222241b7c176d3a9873339f554	CERTIFIED	i-0b27ca5b6248c0a7d	r8g.16xlarge	8000	86e0318ba0c5d84a84eba8d8a0d76a35844daf5dfd8d35e9dd56fd9f6489d455	14846076574	23446.6	1345.9	27679.1	1	True	sat49/cert-20261001/results/h1_24e3b660a47b7b78.i-0b27ca5b6248c0a7d.1791056388.tar.zst
h1_1db9aff5d0cde4db	2	2e4ac961f755347009552bd87c398b8d74722735355752c763caa47ed7b04ecb	CERTIFIED	i-0ea2e801411c2dc60	r7g.16xlarge	8000	6bd0da41b7144f032d09fe1085781de4cafd541066be792f900ed7b0584e024b	17913151359	43074.2	2519.4	27460.5	1	True	sat49/cert-20261001/results/h1_1db9aff5d0cde4db.i-0ea2e801411c2dc60.1791127361.tar.zst
h1_953f222f3b1fef1f	2	56ce5fdbd9cdd60d3acc0619658a9a4de8ede45444fc37cf4da6146ec14a6f1f	CERTIFIED	i-0b27ca5b6248c0a7d	r8g.16xlarge	8000	bbd2559c00f3ec9365779b8966a50a5e70590b2f7c076fc546684d562ac957c1	14001741571	19314.4	1266.7	27351.8	1	True	sat49/cert-20261001/results/h1_953f222f3b1fef1f.i-0b27ca5b6248c0a7d.1791054773.tar.zst
h1_73db9f0ec77369e8	2	bcf37be57df4ead2d09b91fd87e2038efbdd890a8e40dd2038e9dea429abf709	CERTIFIED	i-0b27ca5b6248c0a7d	r8g.16xlarge	8000	018b393c84e74b05b2f16c0c241689eacb0994b863baddb7c1d32d97087f1e53	15988018736	25782.8	1497.1	27276.6	1	True	sat49/cert-20261001/results/h1_73db9f0ec77369e8.i-0b27ca5b6248c0a7d.1791061506.tar.zst
h1_00642d6d5c6ac629	1	7df4564c650f2707394c99c77cd3de5bc31763f752595bdbc678404670f7c0c3	CERTIFIED	i-0ea2e801411c2dc60	r7g.16xlarge	8000	9e48eedd797276a4ea1ad90e95a408b58b5cdb898747728ee68d66db84b1efd8	12523256827	24492.7	1566.9	27262.5	1	True	sat49/cert-20261001/results/h1_00642d6d5c6ac629.i-0ea2e801411c2dc60.1791108699.tar.zst
h1_b5cbc5b494358f55	0	d53c9e0815ff2daf805502049e8b042c1cd0fa176dc16b908a4a1e499a311d8f	CERTIFIED	i-0b27ca5b6248c0a7d	r8g.16xlarge	8000	e7aae08e0b2ce7406135ceb6f198d26e4830f918ff041c9b7253aba12afe0000	11304848345	17217.3	1079.9	26174.1	1	True	sat49/cert-20261001/results/h1_b5cbc5b494358f55.i-0b27ca5b6248c0a7d.1791039486.tar.zst
h1_25793c0004c374bc	1	3f7e653fcf7b24984a7818c934d851f6ba3e37429f7c9935ae07fbbac1a8d19c	CERTIFIED	i-0ea2e801411c2dc60	r7g.16xlarge	8000	4b33258986ee2862329dc850c0fe745cd95c171344970f7f5a96731b42701dea	12613501131	25471.3	1672.9	26081.5	1	True	sat49/cert-20261001/results/h1_25793c0004c374bc.i-0ea2e801411c2dc60.1791109708.tar.zst
h1_5eb5d6a1107da45a	3	6d6e051c1d48e0f9a31d6b1b724b6cb18a4e7a158f0f6b89a1c15f1ca5968a98	CERTIFIED	i-0ea2e801411c2dc60	r7g.16xlarge	8000	a0ee65cb8bafb88b196608c5f88989dec855cdd488c12230f3140c410df0815e	11212317411	22806.4	1383.5	25504.7	1	True	sat49/cert-20261001/results/h1_5eb5d6a1107da45a.i-0ea2e801411c2dc60.1791106964.tar.zst
h1_aaf8c7c33f9dd771	2	9deecf785257871e000a101de8492b50dbaf927cef1f3212188bbadf1e5d6ab4	CERTIFIED	i-0ea2e801411c2dc60	r7g.16xlarge	8000	11b160c638b1d39b6816189ab2c4d2d38cbb4dfef96ef90536ae1dad330ff056	12047986832	28025.1	1620.5	25293.0	1	True	sat49/cert-20261001/results/h1_aaf8c7c33f9dd771.i-0ea2e801411c2dc60.1791112195.tar.zst
h1_3bcbdbd4fa71bce7	3	530ffe3368d67aee15201e7ad75faae7b22a4cb38ad58de0a96accb128198114	CERTIFIED	i-0b27ca5b6248c0a7d	r8g.16xlarge	8000	68d6632bb585819944c65cf7e417584607529ca523cc9ee64c2b54962ec50ed5	10717956071	16655.8	1003.2	24939.1	1	True	sat49/cert-20261001/results/h1_3bcbdbd4fa71bce7.i-0b27ca5b6248c0a7d.1791038183.tar.zst
h1_3b1fb06c815998c2	1	6a8dc923267224f021124f887bd3434e2c6c76556aa0f660371e66bacbcbe934	CERTIFIED	i-0b27ca5b6248c0a7d	r8g.16xlarge	8000	a1df193ec69fc1dcd7e7a809f3e4cbc26afb535f2faffe4668417402b1f0b4b2	10166120734	16517.6	973.8	24678.5	1	True	sat49/cert-20261001/results/h1_3b1fb06c815998c2.i-0b27ca5b6248c0a7d.1791037511.tar.zst
h1_0b455043f14871f7	3	81dd1e66843d8fb899ebafbe8362668904be5415ffd4dc580d536d565aa610a1	CERTIFIED	i-07c361d997bfe3832	r7g.16xlarge	4000	61706e4445ae5193beadf7248e12c7aa55c7431befcf115c0e0e0afb9798da39	9979803244	26528.9	1718.1	24644.8	1	True	sat49/cert-20261001/results/h1_0b455043f14871f7.i-07c361d997bfe3832.1791029473.tar.zst
h1_b703c73f2e9eed50	2	9918ecda2f660a2e934a6d3d2cf802d78f6683658bd7d4c918694fd43c4e9bf7	CERTIFIED	i-0cda2812da1c76d9b	r8g.16xlarge	8000	1d94aadf8676b8f464d3552da9d9a80b284f9a8262a12036aa01e63e641b3dd8	12313770909	15499.5	994.2	24601.9	1	True	sat49/cert-20261001/results/h1_b703c73f2e9eed50.i-0cda2812da1c76d9b.1791044413.tar.zst
h1_1245eb021836ca64	2	ea2ac6d7cf39407b312c40c8afeab338eb856cae05874cf078a80e6a2a285780	CERTIFIED	i-0ed97058cb2b43497	r6g.16xlarge	4000	6b16dcf1654ab9c991517d56e06102d23f8cca34e8aa9e5d686e4e5ec483b6f6	9860602057	34237.3	2103.9	24273.8	1	True	sat49/cert-20261001/results/h1_1245eb021836ca64.i-0ed97058cb2b43497.1790992778.tar.zst
h1_0127922324824df3	2	880c08fd4733bd826e6865fd6ff999337d71c1f23dae87e9c1b4c14d9d3110e9	CERTIFIED	i-0b27ca5b6248c0a7d	r8g.16xlarge	8000	c3c9925c937f8a4deca502ebb78ce709e5df1a490b81a3467699b92373993f26	13844784809	21883.8	1297.2	24084.9	1	True	sat49/cert-20261001/results/h1_0127922324824df3.i-0b27ca5b6248c0a7d.1791052565.tar.zst
h1_b7ed94a5b6ac0b81	1	b9cd39fd7a0616406a1d269b788e3beef42a45ec3ee3d9a275e1c94abb2642f2	CERTIFIED	i-0b27ca5b6248c0a7d	r8g.16xlarge	8000	45903b9e2e45d2c26299e6048e2d855c0c56f002a4ebb02ddd6be7d6840f29f0	16242506965	21828.0	1462.0	23850.8	1	True	sat49/cert-20261001/results/h1_b7ed94a5b6ac0b81.i-0b27ca5b6248c0a7d.1791060703.tar.zst
h1_f1e5114d25f20598	0	89d8337039457d327738a582cd2be0ae8783abf79be97f492c9564c448039900	CERTIFIED	i-0ed97058cb2b43497	r6g.16xlarge	4000	568dc2286500e4c1d8723ada1e46c2b643e530ded8b47327db5414fb9b793c60	9992957933	33557.6	2347.4	23819.3	1	True	sat49/cert-20261001/results/h1_f1e5114d25f20598.i-0ed97058cb2b43497.1790992391.tar.zst
h1_de20667246de6406	1	2ae00011811614059e7d2f3abff06947b70921685ca79bbdc1bbd1e0fbe30c7b	CERTIFIED	i-0cda2812da1c76d9b	r8g.16xlarge	8000	5e4dca9cd86800382bf3738bfe7f1cb2a9bcf779784cd2371a16e6bbd8eadfb9	13062580773	15049.0	1086.5	23713.5	1	True	sat49/cert-20261001/results/h1_de20667246de6406.i-0cda2812da1c76d9b.1791043765.tar.zst
h1_6c87995b46794f07	1	132c07366b5bf1bd3b294fc1728502647aac870186bae7f9deabb1d9787792a3	CERTIFIED	i-0ea2e801411c2dc60	r7g.16xlarge	8000	0def89e1dfb75cf6908ec57ea561fabf3e5d5cd7eacb34053471f8379cddc90b	17532124979	41145.1	2470.3	23639.0	1	True	sat49/cert-20261001/results/h1_6c87995b46794f07.i-0ea2e801411c2dc60.1791125467.tar.zst
h1_4a6399ee8fd4d7be	2	2f4dc79cbed1450533efe902448ed29b6b6eccfbc15929c97197e54a786eca8e	CERTIFIED	i-0ae49db6e2207b817	r6g.16xlarge	4000	169d23c8bd4e3b8e4168bdf48f9ef58d42387ace46327427e9b09fb06a87f415	10385367348	33947.3	2282.3	23572.5	1	True	sat49/cert-20261001/results/h1_4a6399ee8fd4d7be.i-0ae49db6e2207b817.1790992708.tar.zst
h1_d28f50a46b687687	2	eb3c35e8f6cc107b2aa7aede43fcfb65b1780314b0f7269a56c18f2a4ec5e602	CERTIFIED	i-0ea2e801411c2dc60	r7g.16xlarge	8000	a1fa98f763de991f1374d0151dbadcad6cb7f1a68917efe1d689c347a82dcd93	14071806798	33241.6	1902.7	23552.4	1	True	sat49/cert-20261001/results/h1_d28f50a46b687687.i-0ea2e801411c2dc60.1791117480.tar.zst
h1_0c8e11d7857fc041	3	02369f0682903e715a2ab56392373d23ce904059e98a9c88717972aa836d5088	CERTIFIED	i-0ed97058cb2b43497	r6g.16xlarge	4000	a29d401d7c9ed8cbca179eace8fcebe71af37d2e49f40f7bf206514c112c9306	9845111976	35801.0	2140.7	23490.7	1	True	sat49/cert-20261001/results/h1_0c8e11d7857fc041.i-0ed97058cb2b43497.1790994353.tar.zst
h1_ea8960c643f1bf15	0	ec8e685dd62e7774cdde58fa22a410017a1f0337dd5f6652c6df5a6815274c33	CERTIFIED	i-0cda2812da1c76d9b	r8g.16xlarge	8000	d5cde0645a4f7fc989f956e2b32907b2049d42bc3db6f386c407bca25afdfb5a	11692497874	14928.3	951.6	23422.6	1	True	sat49/cert-20261001/results/h1_ea8960c643f1bf15.i-0cda2812da1c76d9b.1791042124.tar.zst
h1_9d4f9b2d5defd3ed	1	d50f9277f6f3968915219d3e8929a5290fe1cd813a4f3466d39521840eb70dce	CERTIFIED	i-0ea2e801411c2dc60	r7g.16xlarge	8000	ca176a7a24f2e9dc41a36c1203c00c736edaa7c59c0a39cc342393be3ef540c6	17352288854	39643.9	2406.2	23325.5	1	True	sat49/cert-20261001/results/h1_9d4f9b2d5defd3ed.i-0ea2e801411c2dc60.1791123976.tar.zst
h1_62a1b080a06945ab	2	3ab08c0a403545ee487f05b390d3032a89fba9c9473164ef9aa114d0f858b8be	CERTIFIED	i-0ae49db6e2207b817	r6g.16xlarge	4000	67b255d9e1afccf063c66210a3a5e02733807a5396edbe3da810f75453bad70f	9132958816	33192.6	1859.5	23294.3	1	True	sat49/cert-20261001/results/h1_62a1b080a06945ab.i-0ae49db6e2207b817.1790991411.tar.zst
h1_8fe047f12a06d30b	2	1fcf218db3a8c94cfef7b1c54436c27f58634585f78338321fe2b46367623f68	CERTIFIED	i-07c361d997bfe3832	r7g.16xlarge	4000	1ebae586fa17cb1f05fd8eb67f3c88f5c116bbbef4b35131771cc5a956df0d64	9854509949	24843.8	1857.5	23199.4	1	True	sat49/cert-20261001/results/h1_8fe047f12a06d30b.i-07c361d997bfe3832.1791028047.tar.zst
h1_6f3d74d1a1d55aac	2	581085f60852d8d011819b28c6619f4eb3333926ef7fd63d1b01162ee36f29c4	CERTIFIED	i-0b27ca5b6248c0a7d	r8g.16xlarge	8000	56683fc3a15883a3a44a4f58d67a7fe74b6cd8741f83e06944c9ed686890e1e7	11091616770	17890.8	1050.2	23185.5	1	True	sat49/cert-20261001/results/h1_6f3d74d1a1d55aac.i-0b27ca5b6248c0a7d.1791042000.tar.zst
h1_b3436743d052ce8b	2	b132fb91bc6e6d3ef19ea25db2e34a28c770ac1ca9ebe78bc6b0d509e75363ea	CERTIFIED	i-0ea2e801411c2dc60	r7g.16xlarge	8000	18a5198e819554bf429d4047c3d8bc9cb7575160c6099248ff81907e529e93ab	11711566707	25582.1	1570.2	22983.4	1	True	sat49/cert-20261001/results/h1_b3436743d052ce8b.i-0ea2e801411c2dc60.1791109791.tar.zst
h1_cda93716c863e3af	3	c4dda5d8d15beaae233965b5426b825750a2dcab7aeb2d5bdd873264e295d20a	CERTIFIED	i-0b27ca5b6248c0a7d	r8g.16xlarge	8000	241505cae4ce2ca21f2e46d1e5f8348dabd5195e62d8473fac7e870644fe05d5	14243248856	21196.8	1300.6	22956.4	1	True	sat49/cert-20261001/results/h1_cda93716c863e3af.i-0b27ca5b6248c0a7d.1791051299.tar.zst
h1_718a9b2733c6e3b4	1	149806082e4282f6c1a579e5d4fd9bca33e92dc7af0e7c6fe12e1964f2db53c5	CERTIFIED	i-0ea2e801411c2dc60	r7g.16xlarge	8000	5ef1e82bdb7b2f3810b00d17fcf47504e81b9f4406b8cfef5da214225882f9a7	11690427245	24905.8	1514.2	22900.5	1	True	sat49/cert-20261001/results/h1_718a9b2733c6e3b4.i-0ea2e801411c2dc60.1791109122.tar.zst
h1_dcf7290be31590ee	1	74175cf8a466c1f0468b91532b94fa807f9dde7f82169e98b9ffd81395089394	CERTIFIED	i-0b27ca5b6248c0a7d	r8g.16xlarge	4000	3fbeea66a799de14dc13f407e72634f705a09ac5ab7653524e11c3f66629b7ea	9351349069	16471.0	1242.0	22621.6	1	True	sat49/cert-20261001/results/h1_dcf7290be31590ee.i-0b27ca5b6248c0a7d.1791018978.tar.zst
h1_e6f717d2e69cc8e0	0	81d900301a47adae1f0723dd27573434f21f6f535b2f032628c2ed2c6af373ea	CERTIFIED	i-07c361d997bfe3832	r7g.16xlarge	4000	ca7e44e687c34dcc9a61475277193e45b1ea8cb7de9a467c605705300488473a	9218462099	23890.2	1578.8	22473.7	1	True	sat49/cert-20261001/results/h1_e6f717d2e69cc8e0.i-07c361d997bfe3832.1791026735.tar.zst
h1_f6d99f772574411e	3	7466e140994b9bcaa0dfa19b8683ecda4933f3cc8c849508d1815c0b3dbe5e27	CERTIFIED	i-0b27ca5b6248c0a7d	r8g.16xlarge	4000	3d60bef459a965f8a54ece61984ce6aa74f1a36be275446a7507cff606d89e66	10041757442	16758.9	1194.6	22428.8	1	True	sat49/cert-20261001/results/h1_f6d99f772574411e.i-0b27ca5b6248c0a7d.1791019257.tar.zst
h1_c159394c11d26bd3	1	938bc2b51fb41fb362e3a7cb10afb8046fc343a78b4dbbb3d36f72fd3d2924ac	CERTIFIED	i-0ea2e801411c2dc60	r7g.16xlarge	8000	572253fdc9d0f9c8907718d13b6ffc9d07659c4f328996e3e1f342a474e4f0ea	15616111643	30859.9	2103.1	22129.1	1	True	sat49/cert-20261001/results/h1_c159394c11d26bd3.i-0ea2e801411c2dc60.1791138132.tar.zst
h1_bcc0ad0cdf96f2c2	2	2d4eb0f61bda3f83fca0464f9c0cded953d5327cb2e9f3518898b4218020c6e8	CERTIFIED	i-0b27ca5b6248c0a7d	r8g.16xlarge	4000	7ebf890951b30a4bbfc95c74f2719eaafd70c215f3c588a4c938e5f48a9f6525	9217910725	16039.5	1116.3	22083.0	1	True	sat49/cert-20261001/results/h1_bcc0ad0cdf96f2c2.i-0b27ca5b6248c0a7d.1791018437.tar.zst
h1_a70d08395605ce5a	2	668084402e9c53dfd210ba8adaf6d6aa70f55c17db245cf9d9e384da978a684b	CERTIFIED	i-0ae49db6e2207b817	r6g.16xlarge	4000	88e97827c61956dc7023a5ab18db01f7127e322ea70ad106ca32d09230fa0fd7	11469248211	38913.1	2735.2	22046.6	1	True	sat49/cert-20261001/results/h1_a70d08395605ce5a.i-0ae49db6e2207b817.1790998186.tar.zst
h1_06b1014021de3ec4	0	d87bdda765ea5054cbafa249f4b0afaa5063e0dc787fe104df95aeb0cd40ac71	CERTIFIED	i-07c361d997bfe3832	r7g.16xlarge	4000	bd4ed7ff4364e13e47f275239d954817b678b5717daffa89f948904fbda5b8b9	9250043266	24464.7	1629.5	21977.5	1	True	sat49/cert-20261001/results/h1_06b1014021de3ec4.i-07c361d997bfe3832.1791027362.tar.zst
h1_e0a8f9383d42da04	2	05dcf2e49101224189537b585ebf750dec2dea9a0bf98aca391b2220aaad996e	CERTIFIED	i-0b27ca5b6248c0a7d	r8g.16xlarge	4000	ac275c4cf1f1868b114207c218088981e5943d4b1a9a9b5262d8b4a4e3931d46	9427955307	15643.1	1279.0	21890.1	1	True	sat49/cert-20261001/results/h1_e0a8f9383d42da04.i-0b27ca5b6248c0a7d.1791018232.tar.zst
h1_78079daa54a72086	1	6941325304416db44e5f3b78ae3df4c7bba39a5409af0aaa4302c0a544a8ad22	CERTIFIED	i-0ed97058cb2b43497	r6g.16xlarge	4000	b603345b3358cb85d668dfe7d720e4f6396a1f958c05187a25043fb8bb4ac2e9	10227956148	37195.1	2317.2	21876.9	1	True	sat49/cert-20261001/results/h1_78079daa54a72086.i-0ed97058cb2b43497.1790995989.tar.zst
h1_c8bbda6c10aceea1	3	6c041e45a569d62340b3e7729dd68a400e8c5b2d271b7f9cac38926e53937942	CERTIFIED	i-0ed97058cb2b43497	r6g.16xlarge	4000	b3551eb56d29c6c39eb74e800fd0cb76ffb7fd8ad8b50df723e3aab9eb7475ef	9199826321	31278.3	1761.3	21691.6	1	True	sat49/cert-20261001/results/h1_c8bbda6c10aceea1.i-0ed97058cb2b43497.1790989505.tar.zst
h1_ad2d6123db2b1050	3	70e573004912d829ad8315cc7dcb3a64b0424fb9b85cd272bcae1b37819f71e1	CERTIFIED	i-0ed97058cb2b43497	r6g.16xlarge	4000	1254ba92af13238b01aee8cfae62b38b6057df9ca9243a02b367ef5ba71bbe76	9791682924	29618.6	1958.4	21603.5	1	True	sat49/cert-20261001/results/h1_ad2d6123db2b1050.i-0ed97058cb2b43497.1790988142.tar.zst
h1_9fa165ceeb92cdcb	2	5113f57a4ce32422177c2657b1d216771abf39313fd58921fc27f75c3713fee4	CERTIFIED	i-0ed97058cb2b43497	r6g.16xlarge	4000	1b0e49f3ba6f43678f12a4fa041b21dc3ab9d54a167f3a59002bf7de7c0522f8	9128092914	30193.6	1740.1	21518.4	1	True	sat49/cert-20261001/results/h1_9fa165ceeb92cdcb.i-0ed97058cb2b43497.1790988441.tar.zst
h1_1d463971d625bea2	3	da3a80752755aa3a7fe4dbd9e289f72de5199b3aa630d6d6589225f0dcad73c5	CERTIFIED	i-0cda2812da1c76d9b	r8g.16xlarge	8000	2b84f060a44c8a33fedcd9fadb3e2d8e364ada4718056f85d7cbfa244b345e6a	11310413403	14888.9	906.7	21447.6	1	True	sat49/cert-20261001/results/h1_1d463971d625bea2.i-0cda2812da1c76d9b.1791042344.tar.zst
h1_4b712d212ac22d31	2	dd9ac6d040270c26feff7f61579bad241aeebb4b05264fb6d15fde006763739e	CERTIFIED	i-0ae49db6e2207b817	r6g.16xlarge	4000	c2ff647588e92ceda7280b377921823b7be93711c44d82fb425eb009ce9c9683	8787249570	31259.1	1849.2	21387.5	1	True	sat49/cert-20261001/results/h1_4b712d212ac22d31.i-0ae49db6e2207b817.1790989535.tar.zst
h1_c2df612a07f2a3f6	3	343fb416223214ce9cdc31499f88ac99f2583a593f2815bce6b43dd85e47fb4f	CERTIFIED	i-0b27ca5b6248c0a7d	r8g.16xlarge	8000	2471c51c06cc0f0b255c67f62457e616e661b9546048a7b794df1a6b56ab10a0	14192015784	19335.2	1282.4	21356.0	1	True	sat49/cert-20261001/results/h1_c2df612a07f2a3f6.i-0b27ca5b6248c0a7d.1791054664.tar.zst
h1_f233bf1f43505044	3	1005078a7f057970960e315e580344a7e8ef4ef3b79f3dd0eaf4a529908eee5f	CERTIFIED	i-0ea2e801411c2dc60	r7g.16xlarge	8000	e0317ae3170db24d5686dc4123d484cdf34ae8d854e9ea6de0c39f07ce0ae662	13006031691	27131.3	1589.4	21335.0	1	True	sat49/cert-20261001/results/h1_f233bf1f43505044.i-0ea2e801411c2dc60.1791137099.tar.zst
h1_4356bf66d11b183e	2	34ca37e2fca65966d315dc6fec2230e51387b5e48b7a0064ebe57ca0e5ba7293	CERTIFIED	i-07c361d997bfe3832	r7g.16xlarge	4000	7a3fab82ab75c3a89f05d8917d0b5ec1c4aa58cd0807869ac31ec4e4e37adf34	11128245276	26815.2	1982.8	21150.2	1	True	sat49/cert-20261001/results/h1_4356bf66d11b183e.i-07c361d997bfe3832.1791030097.tar.zst
h1_f7691b45225b650e	2	52a48a437ef0210b90c26352bc66f176e03e9d7590d8abfc4d16d9880bfca989	CERTIFIED	i-091c9d3e2101b04bb	r6g.16xlarge	4000	231313ba2f652ee32c6022418d69268cf3056208d5809f84faa133186787836f	9984373832	30851.3	1853.1	21038.6	1	True	sat49/cert-20261001/results/h1_f7691b45225b650e.i-091c9d3e2101b04bb.1790989205.tar.zst
h1_827449ebe8fc0e80	0	e1986874f109a617c8f8747cfcb0967e54619b552c3d7a9ce92f60fec4edf0df	CERTIFIED	i-091c9d3e2101b04bb	r6g.16xlarge	4000	266e50e087675d6b757b4121454832e144541d1d93025c5f21dcd2e0f928a2d1	8895451655	32582.7	2089.3	21036.8	1	True	sat49/cert-20261001/results/h1_827449ebe8fc0e80.i-091c9d3e2101b04bb.1790991111.tar.zst
h1_dcdba6225d16c742	4	f1acfc2ff58a682cdf12ab2e4e436bc227d6c3e13638c1a3c0b778b5162a4c8c	CERTIFIED	i-091c9d3e2101b04bb	r6g.16xlarge	4000	f38f5422d5f7cd1612ad91486777d0fc71beef30059d8e7e07076d05e00a7156	9241178562	29215.3	1726.6	21006.3	1	True	sat49/cert-20261001/results/h1_dcdba6225d16c742.i-091c9d3e2101b04bb.1790987433.tar.zst
h1_3193845c15944bd1	2	15d776f93ed1865f70a6826db11e1c3b046ab127290f43bb10f6370681270634	CERTIFIED	i-0b27ca5b6248c0a7d	r8g.16xlarge	8000	b59019c5f87f683092377d2b0e6b4aa151d1ee588dc5520a19d84be19d8990bb	12701937051	19949.4	1181.7	20987.3	1	True	sat49/cert-20261001/results/h1_3193845c15944bd1.i-0b27ca5b6248c0a7d.1791048520.tar.zst
h1_5bc39ded652c759e	1	48334b0664a6ad72e9a532147d753713d4562abfd355d492e19cd3202a5613e2	CERTIFIED	i-0ae49db6e2207b817	r6g.16xlarge	4000	998c4fd9463ffef8d8e065b2458112d35f4fbd29877e28719ac8ac44421a5f0e	8296855699	32048.6	1675.1	20947.1	1	True	sat49/cert-20261001/results/h1_5bc39ded652c759e.i-0ae49db6e2207b817.1790990060.tar.zst
h1_8995c5d8da874dc0	1	5e61f2377322f30b35e24ddd27dbfa3d3d64dd696b366a63fc6efb88e632d10d	CERTIFIED	i-0ae49db6e2207b817	r6g.16xlarge	4000	72406cb2e6fdc29d58c38113e2647de863179858e093eddf5dd0d3b43a15521d	9566338289	29622.9	2019.1	20926.9	1	True	sat49/cert-20261001/results/h1_8995c5d8da874dc0.i-0ae49db6e2207b817.1790988167.tar.zst
h1_52e126d3c68726ea	2	2f580ed1d396b17fbe9e53efeb92bc056e65fc4ea01376344a26619d7bbaad2f	CERTIFIED	i-0229a266099f8c2ec	r6g.16xlarge	4000	ef63ea41d0635b67dc7ce9334c9121b12c9bdbb8e75175f95f7f095e0b171da5	9003298771	29319.0	1826.0	20766.4	1	True	sat49/cert-20261001/results/h1_52e126d3c68726ea.i-0229a266099f8c2ec.1790987628.tar.zst
h1_f9b0d787ba925e42	2	4e0bf2b3a7c50c41beaa24067b37ef3c3fd1f20c70010f01bc009d04ea1f5fd3	CERTIFIED	i-0ae49db6e2207b817	r6g.16xlarge	4000	a4fa3547fcf00d7897df6eeb9ff00350cea3f24180bac6f8157abfd38d99c5aa	8743979583	29173.6	1740.6	20643.3	1	True	sat49/cert-20261001/results/h1_f9b0d787ba925e42.i-0ae49db6e2207b817.1790987382.tar.zst
h1_1c02b4caf564b4a9	2	dc0ddfb0e568716b0935df8c982f82b1f1ae1338245899243c669cbd135c820b	CERTIFIED	i-0ae49db6e2207b817	r6g.16xlarge	4000	020c3c4716dbe5bc89944678c46937f39cea36ab60f09f5a90a71fac64812583	8939494246	28102.3	1750.6	20305.8	1	True	sat49/cert-20261001/results/h1_1c02b4caf564b4a9.i-0ae49db6e2207b817.1790986398.tar.zst
h1_0cbcd5967689a3d5	1	1a51d4ed6177cd80c8fbd4167affd0f2b701f8a43c72ff40e45b6ee91d71dc65	CERTIFIED	i-07c361d997bfe3832	r7g.16xlarge	4000	51f25ff299a6c4f3873e1d44e5cb5e18529bc5d483815e7738471f54230469df	10546570584	25568.9	1871.2	20241.3	1	True	sat49/cert-20261001/results/h1_0cbcd5967689a3d5.i-07c361d997bfe3832.1791028803.tar.zst
h1_da8640ab030e793b	0	f28667d644baad1b4f0ea9da2613e4ab21800cb9ab33ec6573ab93164f20be5b	CERTIFIED	i-0b27ca5b6248c0a7d	r8g.16xlarge	8000	ec7a08e4b869d8a1015bc98a7556429c588044a965204631f616118cf782019e	11205022706	17678.5	1079.2	19933.0	1	True	sat49/cert-20261001/results/h1_da8640ab030e793b.i-0b27ca5b6248c0a7d.1791041146.tar.zst
h1_15d45921ec0b9c24	2	d6f043941d6ade5376c31a5003a1bfe06188eb5a288d2952dffc450dad6c8bd1	CERTIFIED	i-0ae49db6e2207b817	r6g.16xlarge	4000	a7bc9d50ee940606e71f5d7a81504b7fe08e53cb947c092bdee28b539110a88a	9866579152	27269.7	1789.6	19836.2	1	True	sat49/cert-20261001/results/h1_15d45921ec0b9c24.i-0ae49db6e2207b817.1790985654.tar.zst
h1_74eb3f1a38b6f882	2	264cb5792d18dc4affb03f118c4c70024d2f7d81b90990ceab5e49cb523b85ed	CERTIFIED	i-0ae49db6e2207b817	r6g.16xlarge	4000	127f3e3ceaf35aef94af1c5786ecb5cb67f3b1d2361e3e8c7b02209dc713a59d	8301641578	28182.7	1582.9	19771.7	1	True	sat49/cert-20261001/results/h1_74eb3f1a38b6f882.i-0ae49db6e2207b817.1790986240.tar.zst
h1_f639613195cca237	2	8cc4001a7f23f09d02c395320764591081f1e260e14b83f0b1f43dde340a7ffe	CERTIFIED	i-0cda2812da1c76d9b	r8g.16xlarge	8000	5549f0cc0d19bf1f237f4b6901721e384af9d82eac2fd263a00de331d3ffd053	14514803873	16128.4	1139.4	19717.8	1	True	sat49/cert-20261001/results/h1_f639613195cca237.i-0cda2812da1c76d9b.1791045769.tar.zst
h1_be7d8c6130112a8c	2	fcc7792049c27d97157a35441171591e5828f921a9c1c676c7e206dfaf8e6d6b	CERTIFIED	i-0ae49db6e2207b817	r6g.16xlarge	4000	a1e1ae98de077f177909d35dea51fad5791d62d14de172101668f67d5eb7c68c	8605802664	27111.1	1626.1	19588.1	1	True	sat49/cert-20261001/results/h1_be7d8c6130112a8c.i-0ae49db6e2207b817.1790985242.tar.zst
h1_06d6e9fdaa2bb4b9	3	a0c712f47de14c84be6995eef003bed2dab36cdf0a3d717e524fa70f455065c3	CERTIFIED	i-091c9d3e2101b04bb	r6g.16xlarge	4000	c03cbee02cea710ad1c6bcbda2ee97aace60d9c3f71f885420981e5593cf91b5	9034655112	27750.7	1716.2	19502.6	1	True	sat49/cert-20261001/results/h1_06d6e9fdaa2bb4b9.i-091c9d3e2101b04bb.1790985975.tar.zst
h1_bd324d7076b9abb1	3	0b9bf3033e57c88146b33e0a7e517591b64e25692e5d3348dde122d3b21f2fae	CERTIFIED	i-0cda2812da1c76d9b	r8g.16xlarge	8000	eee592745656046f106b506e521dd19cb5a3214c3595b57505aed8a306ea767a	14561980486	15209.1	1147.4	19496.7	1	True	sat49/cert-20261001/results/h1_bd324d7076b9abb1.i-0cda2812da1c76d9b.1791043911.tar.zst
h1_009aab0988eb7975	1	2e8b00b81d3e93cc1b20b95dd3ac2630dd46b2f9330b0ba8780427d6f67e1156	CERTIFIED	i-0cda2812da1c76d9b	r8g.16xlarge	8000	414d988f521b07bdde0f5b01238ed0ec1740654318447118ebfdf6078b8df217	11894711968	15802.3	969.9	19481.8	1	True	sat49/cert-20261001/results/h1_009aab0988eb7975.i-0cda2812da1c76d9b.1791044002.tar.zst
h1_9879c2612524e609	2	7d09ead20c8f92c8d064649a93eeb8b20afa76c0ceaf72c586b85db86dbf1ef1	CERTIFIED	i-0ea2e801411c2dc60	r7g.16xlarge	8000	c19612f7ebf50f68ddb22e9b16d940ff8ab23f07a238978e24f2a15eb3c0d24a	10280585839	23212.9	1322.4	19459.2	1	True	sat49/cert-20261001/results/h1_9879c2612524e609.i-0ea2e801411c2dc60.1791132485.tar.zst
h1_5ffa75a27e5eb540	2	799c01310a2d8efb8cc6c900257347cd6f4e4346a9fd18ff6f09e011a3ca1cf7	CERTIFIED	i-091c9d3e2101b04bb	r6g.16xlarge	4000	8ce31f2cbd0aaa9f0aee78feb54f277d2a5763d38a591dc2afa55aa1e20bb686	8489443317	27698.1	1571.8	19454.0	1	True	sat49/cert-20261001/results/h1_5ffa75a27e5eb540.i-091c9d3e2101b04bb.1790985726.tar.zst
h1_f0ed549ae5de5189	2	c50a2374ed96117b6c4d88c5c2de01e4e4d0583b92f2c1744e50353f73f49826	CERTIFIED	i-0b27ca5b6248c0a7d	r8g.16xlarge	8000	9cc6d2d52b60ab22e7e43cba00bd55eb39c2a4fda08a7a35eb5652264b855fc9	12038977089	18109.1	1131.0	19413.2	1	True	sat49/cert-20261001/results/h1_f0ed549ae5de5189.i-0b27ca5b6248c0a7d.1791046758.tar.zst
h1_2a8fdf93acbb917f	0	b7dcf230a6d998821983864717cef3f7cb75dbfac61410192aff2d8c33e8b909	CERTIFIED	i-0ed97058cb2b43497	r6g.16xlarge	4000	1c64dfe8c70a797f43a3b1cb889d65ad596efecadddf906f306b5f1cfacdc291	10285347206	39045.4	2418.5	19074.9	1	True	sat49/cert-20261001/results/h1_2a8fdf93acbb917f.i-0ed97058cb2b43497.1790997844.tar.zst
h1_ee71bdae3a8d443f	2	bc1d91599f2a59a867726b516209118b854a14bcfef33b9dbe010743113cf680	CERTIFIED	i-091c9d3e2101b04bb	r6g.16xlarge	4000	40570f7671c5a4e555d46ab65ee06e0f571d3bc17f998ec75912d640ed3da861	8233862119	26691.6	1542.8	18989.3	1	True	sat49/cert-20261001/results/h1_ee71bdae3a8d443f.i-091c9d3e2101b04bb.1790984736.tar.zst
h1_72cf052f8ef4bd0d	0	66ea91126cec84f652a231501862844f051d5d15733e146f0f8e0625a704014c	CERTIFIED	i-0ed97058cb2b43497	r6g.16xlarge	4000	28b69004127fd4630b5b29baabdda283fd1c1b090bc077af1d642d710fefedef	8022421964	26644.1	1655.4	18913.2	1	True	sat49/cert-20261001/results/h1_72cf052f8ef4bd0d.i-0ed97058cb2b43497.1790984810.tar.zst
h1_849aedd0dde9e61b	1	be8547aa3468a3419fdadcb994afc90993fb89bc762b4408b61ed114c4714f51	CERTIFIED	i-0ed97058cb2b43497	r6g.16xlarge	4000	b63c1c510db7a94b8bb4ef0b440b0327e57ceb72f2e58fefbcb31ce1b4a8d55b	8449765720	26880.0	1648.2	18735.1	1	True	sat49/cert-20261001/results/h1_849aedd0dde9e61b.i-0ed97058cb2b43497.1790985021.tar.zst
h1_cb75a1fd6ca099f0	0	785cac9c985274cee8b244f70fa7ce30c7afe56f907c56c6e94a22caac101b32	CERTIFIED	i-091c9d3e2101b04bb	r6g.16xlarge	4000	3e3951e989bb2cdeb4314514da92ebdcaf225a8c39f326f691590a462e930a2e	7799400120	26208.8	1474.5	18657.2	1	True	sat49/cert-20261001/results/h1_cb75a1fd6ca099f0.i-091c9d3e2101b04bb.1790984142.tar.zst
h1_a0887468bb2f6c23	1	62e5fe1a900c633b0cde0c8e685f7fb181cf5f49d540e8bb2edc024742c4392a	CERTIFIED	i-0229a266099f8c2ec	r6g.16xlarge	4000	2fd9a50c13a9096f1bf90ed27aab1feb2ad8769dabfa5f3a197ca266e4c4c9fc	7841138991	28692.5	1475.2	18639.8	1	True	sat49/cert-20261001/results/h1_a0887468bb2f6c23.i-0229a266099f8c2ec.1790986565.tar.zst
h1_f2565d50e97c8d06	3	26e87d5133ae9705e3f0ddd3ec0b1e5aa720bd044527674d78ffab88e2b3a4bf	CERTIFIED	i-0229a266099f8c2ec	r6g.16xlarge	4000	09face8c6e3c6efa9d41d3dde26aaa138999f1ea99d466e15cbedad43369d339	8104645112	26126.1	1567.8	18615.9	1	True	sat49/cert-20261001/results/h1_f2565d50e97c8d06.i-0229a266099f8c2ec.1790984193.tar.zst
h1_c264ce3c96730f73	2	69ab17f7b6f2d4534c1c76d4c6204a95c33044e770da535fa86978be6ca2f7bb	CERTIFIED	i-0cda2812da1c76d9b	r8g.16xlarge	8000	547004b0dee7a1be7895804133c69f81a1c33fbe7b20445dd8d38a5cc6be690d	12409304618	14946.9	1037.6	18520.1	1	True	sat49/cert-20261001/results/h1_c264ce3c96730f73.i-0cda2812da1c76d9b.1791042500.tar.zst
h1_9fcc81c01148a866	2	dfa9037f74fb8364184638f7cd57bde16aab7d718ffa7d09aaeeba30a3242e0e	CERTIFIED	i-0229a266099f8c2ec	r6g.16xlarge	4000	d2f92484f0475be3bae1d41e6ec5be77134530981be2a02f510b3cda39386683	8541134695	25940.0	1596.7	18475.5	1	True	sat49/cert-20261001/results/h1_9fcc81c01148a866.i-0229a266099f8c2ec.1790984092.tar.zst
h1_2676f2c3e943eb9e	1	449590fa603f32dc69808e15fd72ae129cec5d6e89b2d5d09c5bd47130f6ce30	CERTIFIED	i-0cda2812da1c76d9b	r8g.16xlarge	8000	4805ca2080ff5ae48d9f1b4d9acb3fccc7abae3611dbe5906bb8a666816f9b72	11981196801	15409.1	1002.6	18468.4	1	True	sat49/cert-20261001/results/h1_2676f2c3e943eb9e.i-0cda2812da1c76d9b.1791043016.tar.zst
h1_dce6bfbe8b0a6d97	3	edfa31b759bb6c4785021319140834169006618824fe901d4d04aba9c8f23018	CERTIFIED	i-0229a266099f8c2ec	r6g.16xlarge	4000	6ed089bc153b942d0ed4cb2298857ec61ea191dedab80098ce793c9eb9a12b13	8586917401	25395.8	1556.2	18396.7	1	True	sat49/cert-20261001/results/h1_dce6bfbe8b0a6d97.i-0229a266099f8c2ec.1790983566.tar.zst
h1_59b38d317ba10da8	3	53f4946fcb674ccd60803b23cbd3a663e3e6b811edd54c72d7c68172fdc3195a	CERTIFIED	i-0229a266099f8c2ec	r6g.16xlarge	4000	bd6937a2a8ec17df005a2085d9e2874f6d34132cee5cee403f97b278f1bcf714	8051316622	25822.5	1400.1	18234.5	1	True	sat49/cert-20261001/results/h1_59b38d317ba10da8.i-0229a266099f8c2ec.1790983704.tar.zst
h1_30251edd666345c0	3	3d48ebfd58b4d17e05ba863c2fb9b99c38abe7f08df36f306431800711cdc059	CERTIFIED	i-07c361d997bfe3832	r7g.16xlarge	4000	89f169b5b8e6caa7bda38e11ee0241157b8ccf3b54ed095728762444d0038e43	9220264584	23426.8	1448.3	18156.9	1	True	sat49/cert-20261001/results/h1_30251edd666345c0.i-07c361d997bfe3832.1791026176.tar.zst
h1_bc284e9da95e2076	3	f3e67471fefca2a18fbd0d8ce87f6d6c2fb84ea65cac49ad557a2be81d9c7b64	CERTIFIED	i-0229a266099f8c2ec	r6g.16xlarge	4000	8be1bd6ff999fa8efb3cde632f298aab1e50038245f8c46f1c14190636e99540	7708564773	25382.2	1340.5	18151.9	1	True	sat49/cert-20261001/results/h1_bc284e9da95e2076.i-0229a266099f8c2ec.1790983183.tar.zst
h1_2414eb8657a6f2ce	1	4ffbbdedf4b0aebe9ee0f0ae8855a195cd3a24924103cfcc57e7af1939078f5f	CERTIFIED	i-0229a266099f8c2ec	r6g.16xlarge	4000	4f86089a2a3227c8cd939b5a1b3e8e269a865290c01c5d0602a01ae05d39eac5	7924610603	25691.7	1449.0	18116.6	1	True	sat49/cert-20261001/results/h1_2414eb8657a6f2ce.i-0229a266099f8c2ec.1790983681.tar.zst
h1_f363d5a068846aa3	3	f2240573b60abd5395d5f574ae1df28b027b578bd9b58138a78a8d53aac17b63	CERTIFIED	i-0ae49db6e2207b817	r6g.16xlarge	4000	0259ed6599a685aabfadf402f903e2a2baec7b8c0fd03cda8e93c4576ae325b1	10842857409	30945.4	2129.1	18062.1	1	True	sat49/cert-20261001/results/h1_f363d5a068846aa3.i-0ae49db6e2207b817.1790989758.tar.zst
h1_ea3318b989aa4d80	2	26157c354576703f498744ad0be21ac710e8d85a511cbed06bddcffbed43adb3	CERTIFIED	i-0229a266099f8c2ec	r6g.16xlarge	4000	3e2c5f7ffaa13e97c1edf180ddc7571ae787914fbdb8ea65a475a37bdc4e2e58	7612154955	25227.8	1400.6	18045.0	1	True	sat49/cert-20261001/results/h1_ea3318b989aa4d80.i-0229a266099f8c2ec.1790983143.tar.zst
h1_e9ee861a48de190b	3	d5458c686821171d915c04c7f51b9b4a58f8b831c7756b64b1a87539813aff20	CERTIFIED	i-0229a266099f8c2ec	r6g.16xlarge	4000	182bccc17b47bc7e41dcc6c1b3e8876bb4745cf6c18f04bd1aa3eac7b66ad958	8413150477	25205.9	1448.4	18030.5	1	True	sat49/cert-20261001/results/h1_e9ee861a48de190b.i-0229a266099f8c2ec.1790983204.tar.zst
h1_3602e10dd9098784	2	d61d44a6ef0fbb57b0a192a88599939a327ffbcd8bb87dd310bb06094378a870	CERTIFIED	i-0b27ca5b6248c0a7d	r8g.16xlarge	8000	5e799cdd960e2b92c66599115015256e2099be778bbea8cfdcd7ceede956b4da	11568902509	17566.7	1089.9	17974.9	1	True	sat49/cert-20261001/results/h1_3602e10dd9098784.i-0b27ca5b6248c0a7d.1791042752.tar.zst
h1_fc51f8e4525956cf	2	5c425af587105db3940463edbc3f05a263b8632d2adf70937085a868e8280cc7	CERTIFIED	i-0229a266099f8c2ec	r6g.16xlarge	4000	c49cbdaf6457f9f10bdf1421348627ec481144194810ed8cae4a8b992448a3dc	7954481621	25276.1	1433.5	17884.9	1	True	sat49/cert-20261001/results/h1_fc51f8e4525956cf.i-0229a266099f8c2ec.1790983248.tar.zst
h1_3750bfb28cc6a5a9	3	a58fcaac64f20147617c55f4e5b41370d81ec05123f10efa3dd0877521852efb	CERTIFIED	i-0ea2e801411c2dc60	r7g.16xlarge	8000	8f04c93c2cdfcc547e3a52f7b06026a077b3106294f2b083162d394351e0fbed	11886014231	22760.8	1470.9	17864.3	1	True	sat49/cert-20261001/results/h1_3750bfb28cc6a5a9.i-0ea2e801411c2dc60.1791131681.tar.zst
h1_b92cd927cca8f06e	4	b86c496d9dc36fc02adad9e03cad842d5df227c0beabbd3d881ac53c7fb38425	CERTIFIED	i-0ed97058cb2b43497	r6g.16xlarge	4000	639522c24065c8fbeb0794103024600f2cda930f9aae7fc75849a624f6794540	8458538444	25446.1	1555.2	17767.6	1	True	sat49/cert-20261001/results/h1_b92cd927cca8f06e.i-0ed97058cb2b43497.1790983615.tar.zst
h1_e5e60818ab2810b8	2	f6a7c742abc8ab602952f57cb2795106d72228cece707858735b07960ebf4b0e	CERTIFIED	i-0ed97058cb2b43497	r6g.16xlarge	4000	99482cea45de9065f3687fc5c15085ebee5326ba3207ae817cad8bf781dfb598	8070178736	25314.2	1508.7	17699.9	1	True	sat49/cert-20261001/results/h1_e5e60818ab2810b8.i-0ed97058cb2b43497.1790983380.tar.zst
h1_37425911c6e8b7c1	0	3b4f38001e532083d73ef2df62c674abdd7d958092a2b657db3daf1ef1df2bfc	CERTIFIED	i-0ae49db6e2207b817	r6g.16xlarge	4000	f37df8ccacc96fe8cec02e89fbd43f9da6e6a2b9b26873f19e1c2325ef50353a	7345078874	24684.3	1389.2	17661.2	1	True	sat49/cert-20261001/results/h1_37425911c6e8b7c1.i-0ae49db6e2207b817.1790982541.tar.zst
h1_303c60317e36e21a	3	76e867e57a419cb914b0e822875ef080bef4672fb39168ce0a66ce207f784985	CERTIFIED	i-0ed97058cb2b43497	r6g.16xlarge	4000	174f0085fb8a8749a817bf2bd85da267d844622dc06ddd0e0dc867b229a24c38	11363562982	44413.8	2538.4	17623.8	1	True	sat49/cert-20261001/results/h1_303c60317e36e21a.i-0ed97058cb2b43497.1791003216.tar.zst
h1_ade48258495f2bce	2	1363b545c43019e9f6587850dd21078eee1c29e168292b481915ce4b95d2a503	CERTIFIED	i-0ed97058cb2b43497	r6g.16xlarge	4000	aef86c5c94534d82568ab199b51fd693c41081501649bd156bf37b871b52f283	7749354713	24837.0	1392.1	17519.3	1	True	sat49/cert-20261001/results/h1_ade48258495f2bce.i-0ed97058cb2b43497.1790982768.tar.zst
h1_7f9c24d96213318a	2	90ef4f24167d29f501341e20ac0894ff6357f4336afb70748ee311b664ba6337	CERTIFIED	i-091c9d3e2101b04bb	r6g.16xlarge	4000	f0144016c4c11e500ecf626abacd2c07925806e65eb5355f9d59ab4288bb29f3	8275946304	24116.9	1463.2	17513.3	1	True	sat49/cert-20261001/results/h1_7f9c24d96213318a.i-091c9d3e2101b04bb.1790982178.tar.zst
h1_09b8ef1a4d78b977	3	2e87d1b469ecec4bc3e75918f30ce054ba789755c628c94e3dd895755bd0c08b	CERTIFIED	i-0ed97058cb2b43497	r6g.16xlarge	4000	e7051784fc9578d417c5c6845472fd0aa1bc0529711df25a561363f9068f47e0	7799481191	24471.9	1348.0	17473.1	1	True	sat49/cert-20261001/results/h1_09b8ef1a4d78b977.i-0ed97058cb2b43497.1790982338.tar.zst
h1_6c09682fa6f10c07	1	4d93442a3dcbc09ca1d971f955eb61693cdcdf7d0b18053bbe3a65f206fd1f24	CERTIFIED	i-091c9d3e2101b04bb	r6g.16xlarge	4000	b41363776c1ff0e9e97797c3aaa82cc8fb56c732899b4c361db0d129ba338a7a	6979630568	23357.1	1272.8	17221.9	1	True	sat49/cert-20261001/results/h1_6c09682fa6f10c07.i-091c9d3e2101b04bb.1790981112.tar.zst
h1_1e83e055ae6791ec	3	91eaf26d78e7c49c9c7a857bc11b1e9fac86f28c48caf74b7801663251614bcb	CERTIFIED	i-0ed97058cb2b43497	r6g.16xlarge	4000	52217811b467ba62a7ce3549794e06cc7e316724432b27d41e6c42884f1e4353	8560625676	28912.6	1594.2	17083.6	1	True	sat49/cert-20261001/results/h1_1e83e055ae6791ec.i-0ed97058cb2b43497.1790987002.tar.zst
h1_77dd755e1fd60875	1	1d330ccaf9b1a69a6a365c96b95de717fdd2775b689cc3467526e7ffdab85cea	CERTIFIED	i-0ed97058cb2b43497	r6g.16xlarge	4000	a8e03bce5df497bf10032f66ec9321947e8d01475e4d4848dc2ed38e7802daba	6790951752	24247.8	1257.4	17069.6	1	True	sat49/cert-20261001/results/h1_77dd755e1fd60875.i-0ed97058cb2b43497.1790981943.tar.zst
h1_19baa33be97e6c37	4	7ffec5110bdac92b58d913d709e47ab08923f913cd47a92460213694d3c6af0e	CERTIFIED	i-0ae49db6e2207b817	r6g.16xlarge	4000	de2c264ec07b0d5e09100417a39773a03e3e57bb19409ffabef13e0bff49e7c8	7580551196	23777.9	1260.6	17045.4	1	True	sat49/cert-20261001/results/h1_19baa33be97e6c37.i-0ae49db6e2207b817.1790981572.tar.zst
h1_c20876df3a590212	2	de10c870d86c8db93d412f078b953bbd4f3d9c2d70afebf792b75a0903403cfd	CERTIFIED	i-0ed97058cb2b43497	r6g.16xlarge	4000	6f6be46bb318f80e39e5f947da5609fa6eba35f801e293d7ecdcd257cbcf8a78	8917358811	29755.3	1755.3	16903.2	1	True	sat49/cert-20261001/results/h1_c20876df3a590212.i-0ed97058cb2b43497.1790988049.tar.zst
h1_acf84391e5ce7a1f	3	3d323593aa41548b90ca3f41eeec534797a1ad97bbf4b89afd54950a7ba2d6a2	CERTIFIED	i-0b27ca5b6248c0a7d	r8g.16xlarge	8000	85bbd639d137996492aec289c70a846c8b3de3ad2a26e8cc92b5c59c40ef1f7c	11759482036	17297.4	1089.3	16766.3	1	True	sat49/cert-20261001/results/h1_acf84391e5ce7a1f.i-0b27ca5b6248c0a7d.1791039977.tar.zst
h1_141cbfd69cac2587	1	316744ef18d9cb24c97c2836a436fb0dd5d423173ab3302de2e23b99f3b4c80a	CERTIFIED	i-091c9d3e2101b04bb	r6g.16xlarge	4000	e6013d2713b445824558499cba0d35faed0be07d6e92a7fcf3a1f21ba36aa4e0	8159953772	23983.1	1502.3	16727.2	1	True	sat49/cert-20261001/results/h1_141cbfd69cac2587.i-091c9d3e2101b04bb.1790982092.tar.zst
h1_f25a68f489294d7c	3	3bbce9de8151be096acdbd4aeec60de4b6c0be657ff6aba019451cbf6a5c07ac	CERTIFIED	i-07c361d997bfe3832	r7g.16xlarge	4000	cec57e6784e8691213a1edc5545f4281abaeecf057245e491068673fe30e959c	11256098698	28123.6	1976.7	16698.1	1	True	sat49/cert-20261001/results/h1_f25a68f489294d7c.i-07c361d997bfe3832.1791031295.tar.zst
h1_91e446bf19787686	2	e87a11f6d90b2af27d9e0d93471f61b272d2726f14b72abee767bd020caf3c88	CERTIFIED	i-0ae49db6e2207b817	r6g.16xlarge	4000	051e2ad269711a5f532d68af599e408745e66b64bbe4508d2bfe60d254cf6515	8720083653	29189.8	1592.4	16692.4	1	True	sat49/cert-20261001/results/h1_91e446bf19787686.i-0ae49db6e2207b817.1790987293.tar.zst
h1_5f4bf480d7382edc	3	a270105832cdf72c25a736e90c5786843b9eb2a9fbf1d9eaa7feb5cda5a24917	CERTIFIED	i-0ae49db6e2207b817	r6g.16xlarge	4000	475adf04be7c19bd5c3e8e423b8704752b6587a957e78b30ce7604cebae7999d	8575359260	28651.9	1554.1	16621.3	1	True	sat49/cert-20261001/results/h1_5f4bf480d7382edc.i-0ae49db6e2207b817.1790986753.tar.zst
h1_cc464e23bea5f373	2	e3cb06cb2c501035284221ad1450f3ec9f1e29c01b3765e68d17549691349794	CERTIFIED	i-0b27ca5b6248c0a7d	r8g.16xlarge	8000	29314264c8848f684b2712d05f9f4482e11102314ceca92faa5260583967558e	10464945859	17018.3	1021.1	16571.2	1	True	sat49/cert-20261001/results/h1_cc464e23bea5f373.i-0b27ca5b6248c0a7d.1791038925.tar.zst
h1_067fe4bb4329b6d2	2	a0038c857342d64d5314f5f7bb15d1b493e8fb81912b029bf121ca6d24470adc	CERTIFIED	i-07c361d997bfe3832	r7g.16xlarge	4000	371bad2c008ab2e15cdadee9a959f637d3d47d7e436c032c9f87014b2260fcaf	11243008707	28424.9	1974.7	16570.7	1	True	sat49/cert-20261001/results/h1_067fe4bb4329b6d2.i-07c361d997bfe3832.1791031572.tar.zst
h1_c2f0479bdb6390d8	0	0ddcb78621bf517c02a9a395ab4539202994fddfcfff94ed61907c41629037cf	CERTIFIED	i-0b27ca5b6248c0a7d	r8g.16xlarge	4000	49340525b83339dd08b1fe6a93455ff7a5369bb9743789e95cff9e2c2bddd3b7	9663619010	18762.9	1325.6	16521.8	1	True	sat49/cert-20261001/results/h1_c2f0479bdb6390d8.i-0b27ca5b6248c0a7d.1791021361.tar.zst
h1_85a580a0beb39698	4	6f83d4be18868d64f52b93a44a162b01934c67ca6ce1c382080f691e103681b0	CERTIFIED	i-0ae49db6e2207b817	r6g.16xlarge	4000	2139f480ffbe8a19051222eb56b9ce6cdf792d9f40ef00a89e61d2910e7eccc4	7022067294	22838.1	1165.8	16447.0	1	True	sat49/cert-20261001/results/h1_85a580a0beb39698.i-0ae49db6e2207b817.1790980495.tar.zst
h1_aacf2c1db8cee0cc	1	861035191481e4384a844bde5976f0e539bf10bcb53a79092c6c5635e63eae7e	CERTIFIED	i-0229a266099f8c2ec	r6g.16xlarge	4000	404830b1ff6aa7cfd5f101c59b5df5e00985d72dc9342ffdff615b6c3e8bd6ab	7098690683	23140.1	1246.0	16437.4	1	True	sat49/cert-20261001/results/h1_aacf2c1db8cee0cc.i-0229a266099f8c2ec.1790980887.tar.zst
h1_35de3428c3c7c2ee	0	33f6587c1e065dc54b39a37b9f535db4160751631ba9c9d11a2c6abf63b54a85	CERTIFIED	i-0ae49db6e2207b817	r6g.16xlarge	4000	c51f81b0127393a2c744f0b8d75aff14986b8ae3ee86f128251bf05f40428e83	6962183980	23106.3	1260.4	16411.9	1	True	sat49/cert-20261001/results/h1_35de3428c3c7c2ee.i-0ae49db6e2207b817.1790980854.tar.zst
h1_cbc401f83dd56c4d	3	457bb3f54d285651d4442eff8e55f448a04a29bf2ccb3617b51853ffdaf42f35	CERTIFIED	i-0ea2e801411c2dc60	r7g.16xlarge	8000	a315058fe4e473fea427b5f58edc1821202dadba5928739c3fa821adea8fb658	11738560744	21781.3	1474.1	16381.8	1	True	sat49/cert-20261001/results/h1_cbc401f83dd56c4d.i-0ea2e801411c2dc60.1791131798.tar.zst
h1_4a888f0a659b7a95	3	97e54376beaa3bcd66f2f2ad62a943bdbd3c5f1b8289c20c8f33b000094ba636	CERTIFIED	i-091c9d3e2101b04bb	r6g.16xlarge	4000	839f51fd5c39f0ed8fe4f6a4b9fc5b5b20ba0c1b563791b3c099b9a6a7d59e26	7919944182	25973.6	1447.9	16373.8	1	True	sat49/cert-20261001/results/h1_4a888f0a659b7a95.i-091c9d3e2101b04bb.1790983981.tar.zst
h1_033f0edc8558de97	2	58b60bb7a353940b6c9ea615b6a8f180bd0cf96ec028d257330e13161c959232	CERTIFIED	i-091c9d3e2101b04bb	r6g.16xlarge	4000	ccecfd680fd873a9534ebb05aa905913b6f2c97049370961ac5f641260b3d174	8400434040	28406.2	1684.9	16350.0	1	True	sat49/cert-20261001/results/h1_033f0edc8558de97.i-091c9d3e2101b04bb.1790986660.tar.zst
h1_74d0980af91acbe1	2	e4617f00797a2c278cd19adc2c20bf681c1329a29e3a5b43e939ade1affdf52f	CERTIFIED	i-091c9d3e2101b04bb	r6g.16xlarge	4000	5d65c754a8bc969f6bcc873c8a27d07fd3b4b3273550e5835574e5174150bcf6	7179628559	22739.9	1241.7	16325.4	1	True	sat49/cert-20261001/results/h1_74d0980af91acbe1.i-091c9d3e2101b04bb.1790980523.tar.zst
h1_223a4236ad423693	0	18b0f11ae302174f40e0f830b29a35e1f764849ba75d0a7150d17fba373566ba	CERTIFIED	i-0ed97058cb2b43497	r6g.16xlarge	4000	c6017c13f624485e450c54d8196d498c49edda36eec11e3b7c0adae1778ec07a	5730962766	22105.9	1051.3	16303.5	1	True	sat49/cert-20261001/results/h1_223a4236ad423693.i-0ed97058cb2b43497.1790979578.tar.zst
h1_d69a18854b070cb8	3	2a042e069a6090b3d1ef6cc11c5f95c46d682cd9c62a4689dad9dbdd38a76728	CERTIFIED	i-0ed97058cb2b43497	r6g.16xlarge	4000	327f1cd0ef1bc8bbc39b4b8c443d5c8c035fa7a01aef723858915fac8e6c7b40	7605781287	22445.1	1299.5	16236.1	1	True	sat49/cert-20261001/results/h1_d69a18854b070cb8.i-0ed97058cb2b43497.1790980366.tar.zst
h1_fad52045e826c31b	3	1be113b9237fd61ee91d06112e2de6d8891bccf150a38161ec22802ccce3a22a	CERTIFIED	i-091c9d3e2101b04bb	r6g.16xlarge	4000	0284689499f6a3d5edb00ac0f30d12045dd3b15962897138dbb1f67a0f39ac33	7602633596	22971.0	1353.6	16231.5	1	True	sat49/cert-20261001/results/h1_fad52045e826c31b.i-091c9d3e2101b04bb.1790980911.tar.zst
h1_2a87c2ba0573ca1a	1	2a59048a73e2df2842a1074ac8911bfe2ddf31981031f301813b58f1687988a2	CERTIFIED	i-0b27ca5b6248c0a7d	r8g.16xlarge	8000	de949fe896f4ed02f7d10a2366cc74e809ba5617448bb97339a935e30cce10b0	11028155713	16712.7	1050.2	16231.5	1	True	sat49/cert-20261001/results/h1_2a87c2ba0573ca1a.i-0b27ca5b6248c0a7d.1791038370.tar.zst
h1_8c7549c4f54e2fa9	1	b286be0fb032ee7d99f833a99b9f9b789a5b65dd4dc91bf4feddb9f4dd8cbe05	CERTIFIED	i-0ae49db6e2207b817	r6g.16xlarge	4000	82cbdc076da8517cc07c37d38d406e13d967b75f94b3f364d26ee36d7e1eb898	6554524744	22942.5	1136.8	16171.2	1	True	sat49/cert-20261001/results/h1_8c7549c4f54e2fa9.i-0ae49db6e2207b817.1790980506.tar.zst
h1_60daa3b3eac712a4	2	51aabd566783657f25c290526c440c62592f773bf7b0abc539028c544f4ddbb7	CERTIFIED	i-0ed97058cb2b43497	r6g.16xlarge	4000	32ea7a62717a3890b2a2407ef803ad6a3c85d458e7e35744b05bdaf9e2c71534	7959662552	27427.3	1483.6	16109.0	1	True	sat49/cert-20261001/results/h1_60daa3b3eac712a4.i-0ed97058cb2b43497.1790985423.tar.zst
h1_956fa0f87e4a364f	2	ecce2a3fc29888a8910e835058b2cb2f1f02054378a842930f2c8c81b4ba7525	CERTIFIED	i-0ed97058cb2b43497	r6g.16xlarge	4000	e58e5988926bc35162a9dc545d2ea50e3087d68df8c4b8669eece521f164464e	9331787678	28309.1	1687.9	16023.9	1	True	sat49/cert-20261001/results/h1_956fa0f87e4a364f.i-0ed97058cb2b43497.1790986638.tar.zst
h1_7f80c3dd6d57aa90	1	2764da66885d4738bd31ac547d2b13bdc2aab6b42c8e80306b380ff5c6130e60	CERTIFIED	i-0ed97058cb2b43497	r6g.16xlarge	4000	274571886dc38d08c6bc659ac2dbc0a5a994bfbc2a6afc399c1e1827d08d750b	6831700340	21535.7	1165.6	15903.0	1	True	sat49/cert-20261001/results/h1_7f80c3dd6d57aa90.i-0ed97058cb2b43497.1790979243.tar.zst
h1_a49583e2d76fe662	2	37b2f9153a553c07b6723f1ba6e8e3e0f015160f09c3576ce21cd51a98d85921	CERTIFIED	i-0ed97058cb2b43497	r6g.16xlarge	4000	8bf417ee7753af855f3a4b57e12e98f6b87e18d5c53ecbccb5220519f3901c95	6967835158	22539.9	1221.0	15825.3	1	True	sat49/cert-20261001/results/h1_a49583e2d76fe662.i-0ed97058cb2b43497.1790980320.tar.zst
h1_26bd411f980d6a54	2	f52304d4bfa9f22d88659e6a01164aa05f18502b7e3b4670ec910be889303dcc	CERTIFIED	i-0ae49db6e2207b817	r6g.16xlarge	4000	8ded9275335f04ba48ad14129f4178cc636faf48f0a9ef3915aab1057019ba94	7235794422	22176.1	1272.1	15778.6	1	True	sat49/cert-20261001/results/h1_26bd411f980d6a54.i-0ae49db6e2207b817.1790980009.tar.zst
h1_dac19fd2bfe5361f	2	199b24594b2bd2adefcc5cef49dc55f7af065e287f9754c803483a4040cb56d0	CERTIFIED	i-0ae49db6e2207b817	r6g.16xlarge	4000	c58089ee9bfe4f808cc25bf95c50ec0599a5ae9b3b6c31bb660faef0969c6819	7695940055	22754.2	1311.2	15732.4	1	True	sat49/cert-20261001/results/h1_dac19fd2bfe5361f.i-0ae49db6e2207b817.1790980672.tar.zst
h1_26d8e959f2069236	2	ffac99f90d93e4c660f1e9f50ef2b2ed3008b572a34d2404e036f1122667f49d	CERTIFIED	i-0ae49db6e2207b817	r6g.16xlarge	4000	b8bae3239e8a253c27df2097a534821b4326938f652adb8cb31a0d6a061ff215	6671838311	22035.1	1139.8	15666.1	1	True	sat49/cert-20261001/results/h1_26d8e959f2069236.i-0ae49db6e2207b817.1790979682.tar.zst
h1_87fdf985455610c0	2	b83e5feaeb26214bd26742e7ba8d5c644bbdd93ed933a4270f5453d1ded8e145	CERTIFIED	i-0ae49db6e2207b817	r6g.16xlarge	4000	3c3e8b7451414c4c1ba6a1ec913641be6690e0d37a30e0f9e96ed3fcfdceb306	7055885968	22036.7	1202.9	15654.1	1	True	sat49/cert-20261001/results/h1_87fdf985455610c0.i-0ae49db6e2207b817.1790979782.tar.zst
h1_87ff493a7ff8953f	2	4963accd5d4be1ca3cac0ba19e748b1100af91334f347969e5d04d53dd0b6dab	CERTIFIED	i-07c361d997bfe3832	r7g.16xlarge	4000	6239b225f1ad6cccfea828aadf1a1c29afa477be84672e01d5456ecf63149247	10533482542	25522.8	1805.6	15576.3	1	True	sat49/cert-20261001/results/h1_87ff493a7ff8953f.i-07c361d997bfe3832.1791028715.tar.zst
h1_2f1de23f819234a1	3	4c7ae43455c56b06d03f537c37377eaedacbb17f9208a9372f38ce81b920d918	CERTIFIED	i-0b27ca5b6248c0a7d	r8g.16xlarge	4000	97c6eb4df7ad9df2bdf9634bbcc22a41df94879011bd9e96ef0af2fe1d43d22f	9903426502	17363.4	1281.2	15490.9	1	True	sat49/cert-20261001/results/h1_2f1de23f819234a1.i-0b27ca5b6248c0a7d.1791019988.tar.zst
h1_337f47d400ec8979	0	78962fdcb57f9de9e17e42daf0466374efe8c6a59e0be33c14c3205a046d1c5d	CERTIFIED	i-0229a266099f8c2ec	r6g.16xlarge	4000	f7a2bf0f7e46d94ad1df513dfb4d1d7f36e4abfdf63f1e520c9428df66ef35d9	6836456546	22509.0	1222.4	15490.3	1	True	sat49/cert-20261001/results/h1_337f47d400ec8979.i-0229a266099f8c2ec.1790980239.tar.zst
h1_43d4b51f5ec49ef9	2	b3bdf8e49cef69e474b559f666244a074a5457aa802e4467aa09380e4f54227c	CERTIFIED	i-0ae49db6e2207b817	r6g.16xlarge	4000	c93145cbb202adb29f6c3b739e35e5713065ead2827b83f95728dc5c85fd5bb0	6818541280	21989.1	1181.5	15469.2	1	True	sat49/cert-20261001/results/h1_43d4b51f5ec49ef9.i-0ae49db6e2207b817.1790979723.tar.zst
h1_98f362af47129e61	2	f5c87b0ff0c72e299bebf5cdc22d8a5c465f3813d84ab7708ef9f41a1f703b15	CERTIFIED	i-0229a266099f8c2ec	r6g.16xlarge	4000	f0da24af9696b4039385378195a72f353a3ab4c0315527952fce1d591c2ddd65	6798061035	21968.6	1176.9	15428.8	1	True	sat49/cert-20261001/results/h1_98f362af47129e61.i-0229a266099f8c2ec.1790979697.tar.zst
h1_c32ac1bc393ae71e	1	ef069c5a1277bc6f29ccc8e0b6c9eb466ff1780cfaf9b005de966078fcd8c321	CERTIFIED	i-0229a266099f8c2ec	r6g.16xlarge	4000	a033418b3a90092eb3f4149dc49de8e1215a0888da6007505e66e4c389cb6117	6134118662	21137.2	1094.4	15389.8	1	True	sat49/cert-20261001/results/h1_c32ac1bc393ae71e.i-0229a266099f8c2ec.1790978727.tar.zst
h1_330e6920b64c178a	3	d680ab1ae6e7ede9ef66991369aa43f66b5e4749b645e957254c62913e0935f0	CERTIFIED	i-0229a266099f8c2ec	r6g.16xlarge	4000	20a7ddadc5fc59978bec8d7bf47837ec7c04ee2ac94ff4d1d4eb18a883f6d16e	6992561136	20926.7	1198.8	15300.6	1	True	sat49/cert-20261001/results/h1_330e6920b64c178a.i-0229a266099f8c2ec.1790978725.tar.zst
h1_30d12b576f050d1d	3	d51ceb91a76f4372114ab68eb288ad83ada8922fdcd8a21f33e550b1cd3f64a5	CERTIFIED	i-0ae49db6e2207b817	r6g.16xlarge	4000	bb91453629c4ba03aec6eee82887f528252d1f956df64ebe6fe856b30ecc6aeb	6504899187	21295.9	1146.2	15287.9	1	True	sat49/cert-20261001/results/h1_30d12b576f050d1d.i-0ae49db6e2207b817.1790978955.tar.zst
h1_fa9682bba8a2585a	4	d06eb210a6733b33028590da2d55441246c3594bffe7f55c7b02e46be657a64b	CERTIFIED	i-0229a266099f8c2ec	r6g.16xlarge	4000	9e06d9f0f8cf698b5e372d65e42dcf1e8e60736ce880958916d2b2e4348b9738	6399084128	21172.8	1100.4	15258.3	1	True	sat49/cert-20261001/results/h1_fa9682bba8a2585a.i-0229a266099f8c2ec.1790978796.tar.zst
h1_0bbee37fe45d9447	0	23e2b1f4b75f87e1b6e43c7885d6b65e5125b363a19ea0d6de8cac8456e398b2	CERTIFIED	i-0229a266099f8c2ec	r6g.16xlarge	4000	82b11a22ff855a8fc32b1cc43cc69ce93e1acee006a26fbf426ad8860a5a178d	5693576375	20941.9	1029.9	15180.9	1	True	sat49/cert-20261001/results/h1_0bbee37fe45d9447.i-0229a266099f8c2ec.1790978413.tar.zst
h1_80513f683d54108d	3	6b5874425aa3913392565f75b9be46bc25087685bb57129d8b45f7a8cf9a7f02	CERTIFIED	i-0229a266099f8c2ec	r6g.16xlarge	4000	7e85bcdde6b2eeffcc401d6fae886b314ae86c9894ff926b9944f53d5f0a3be9	7037105063	20917.4	1152.4	15068.8	1	True	sat49/cert-20261001/results/h1_80513f683d54108d.i-0229a266099f8c2ec.1790978665.tar.zst
h1_f1e83c1592448d01	1	5dba41f79b8ae111d2a618693b44df4c01366b40b4b42b3c08ca5d3898ea2de8	CERTIFIED	i-0229a266099f8c2ec	r6g.16xlarge	4000	3dc9db0898aee5e5f236b9e1cda43500556056d74000ae1e9ee5df4864235868	6662638156	20525.6	1155.8	15000.8	1	True	sat49/cert-20261001/results/h1_f1e83c1592448d01.i-0229a266099f8c2ec.1790978241.tar.zst
h1_a4338bbcc3209ed0	2	9a8e75b6878abaf45fb86c4d77821a9b2f6ea780df8b83fa9fbc627c706f40b5	CERTIFIED	i-0229a266099f8c2ec	r6g.16xlarge	4000	731413eca258234545fa266d7fcae4daa3bffa9ab93de7e3c2a42d52d0afe19b	6725832481	20362.3	1136.4	14956.1	1	True	sat49/cert-20261001/results/h1_a4338bbcc3209ed0.i-0229a266099f8c2ec.1790978054.tar.zst
h1_0b92dbf9626160c6	3	b27020e96c15436f739e8f7f3e92bd09ae6a637033fd83bb1b89dd8ac673b17a	CERTIFIED	i-091c9d3e2101b04bb	r6g.16xlarge	4000	65130772e9cfac7d4087ef109f8cdebce77b9d191a1b6bdb459ef0057e025b3f	6915977489	21301.1	1137.4	14955.5	1	True	sat49/cert-20261001/results/h1_0b92dbf9626160c6.i-091c9d3e2101b04bb.1790979017.tar.zst
h1_a81e80bf968a15cd	2	8c2d9efc07a542b157c32403557e4fd0a2d54b2e9a24f9a3e5ff6bd99dedd8e0	CERTIFIED	i-091c9d3e2101b04bb	r6g.16xlarge	4000	3a26536983c7adbef245758b0974fe6dd5eb502b7797dac68299fea7748934d4	6835435161	20546.5	1151.4	14869.8	1	True	sat49/cert-20261001/results/h1_a81e80bf968a15cd.i-091c9d3e2101b04bb.1790978302.tar.zst
h1_0a841e4f8d157f7d	3	03e587a3d8fd618efb69dd19f9421dd773fd72f7b713f703c7bdde899bd4a525	CERTIFIED	i-07c361d997bfe3832	r7g.16xlarge	4000	443df332011219cf7f9c6efc5212ecd89f8722abeab875ddb68f2fadeb0ab2d4	9385622299	24173.5	1496.9	14827.1	1	True	sat49/cert-20261001/results/h1_0a841e4f8d157f7d.i-07c361d997bfe3832.1791027000.tar.zst
h1_47776ef65350ff76	2	8320a8613c697cafed2c7d795238eabae1c3d5910122eb40d4b84687c452f41a	CERTIFIED	i-091c9d3e2101b04bb	r6g.16xlarge	4000	f3cb8d6d7cbf1d0b36b0e8c7bb737cdc9b8d7c7f26f09f71cc23b5c5f1952a1f	6178271239	20806.6	1077.8	14779.6	1	True	sat49/cert-20261001/results/h1_47776ef65350ff76.i-091c9d3e2101b04bb.1790978437.tar.zst
h1_3de5f9e7f1d255e7	2	1e79bbf1c3c67059ed716d0997b8b93f2644e26bff5329c7cd4dca2959cb621a	CERTIFIED	i-0b27ca5b6248c0a7d	r8g.16xlarge	4000	b987c3dea7884b09db4829d907c5b3b383510f7b9dbf7a7b5265ea2c5c3dde68	9728374070	16473.5	1178.5	14641.2	1	True	sat49/cert-20261001/results/h1_3de5f9e7f1d255e7.i-0b27ca5b6248c0a7d.1791019003.tar.zst
h1_fd0b41fc4d0c882f	3	3b525e24a63f09671258643078e6d7b52c78bfd89b409008c1b7b09275bd0aa7	CERTIFIED	i-091c9d3e2101b04bb	r6g.16xlarge	4000	f6757e5e436d4ddaac787d0471b4379204c3ee93eee2a699ffe87fd068f6fbf1	7255727540	19422.5	1200.1	14628.3	1	True	sat49/cert-20261001/results/h1_fd0b41fc4d0c882f.i-091c9d3e2101b04bb.1790977315.tar.zst
h1_15161fae06600c42	3	4e9d79bfb127d0d590f6cd8f4c0c28973f8174542de46cb88793217d9362b9ca	CERTIFIED	i-091c9d3e2101b04bb	r6g.16xlarge	4000	99e0ca90184051f6f4534c82d1a823a4552e416b624a2e114bb6df37f069c6c0	6110289141	20518.7	1037.4	14625.7	1	True	sat49/cert-20261001/results/h1_15161fae06600c42.i-091c9d3e2101b04bb.1790978061.tar.zst
h1_6d84ab17c29f5b87	3	e9ef753819f822ead44cbd8ccd75c510c2f6ca1965bf4731137f2865d097feb4	CERTIFIED	i-091c9d3e2101b04bb	r6g.16xlarge	4000	2f16d14ac1725f30ffaf408b810e1f9425b9b8f951406d1b81f494bad57b3ae1	9805186559	32076.8	1902.9	14558.9	1	True	sat49/cert-20261001/results/h1_6d84ab17c29f5b87.i-091c9d3e2101b04bb.1790990627.tar.zst
h1_419ec1a82c02892c	2	495c7000327ddcce794dbfffede8edb8b3d8e2e7958a65eb8a84dff270ed46ac	CERTIFIED	i-0ae49db6e2207b817	r6g.16xlarge	4000	18e0709918f593e36e28c8ed6881c3ad0f7ce50edc2d71347ebc2cc419c53af1	8351177862	32395.4	1628.3	14302.4	1	True	sat49/cert-20261001/results/h1_419ec1a82c02892c.i-0ae49db6e2207b817.1790990511.tar.zst
h1_8c751f2449a1b7ef	2	318a99fe32a0347623162bcc73bcfbe15d1fc71b983dfb0aec144cb85d82a663	CERTIFIED	i-091c9d3e2101b04bb	r6g.16xlarge	4000	eeb57272bc7abee52016b69aa651aaa68fb622eaa2e95f8ddedd6219d1f71152	9758926250	31147.5	1960.5	14268.9	1	True	sat49/cert-20261001/results/h1_8c751f2449a1b7ef.i-091c9d3e2101b04bb.1790989761.tar.zst
h1_bf323a788097cf5f	3	5aab976fcd05fa758d8092b9de4e70204f1fff62b81d7329054274380c9c8c88	CERTIFIED	i-091c9d3e2101b04bb	r6g.16xlarge	4000	6d03cb49653476160f326ab1a870ad92dee5a4f0b8e89293529a09a52a26c9c8	5899231186	19858.3	985.2	14204.8	1	True	sat49/cert-20261001/results/h1_bf323a788097cf5f.i-091c9d3e2101b04bb.1790977361.tar.zst
h1_135b8cb295746a55	2	aeec7b1f01f084cbb61d2fa30c8ae421ebc961627ceeaab28672091aa2eba908	CERTIFIED	i-0ae49db6e2207b817	r6g.16xlarge	4000	01b244bd69e31aa0979ac9f4849025f008332d0af03301246b22208ea5d692f4	6991745303	20621.8	1202.9	14195.5	1	True	sat49/cert-20261001/results/h1_135b8cb295746a55.i-0ae49db6e2207b817.1790978431.tar.zst
h1_b4b7d55a8187b260	2	1c9b75c322311596486251548f2850e69a34da575008ede62b2c1dc5b409c194	CERTIFIED	i-0ae49db6e2207b817	r6g.16xlarge	4000	abbe1ecb322201660bf59b1a8d32f7139c0b9034cbc4767cc8aa300c06c53877	7675664887	19322.4	1266.6	14114.6	1	True	sat49/cert-20261001/results/h1_b4b7d55a8187b260.i-0ae49db6e2207b817.1790977321.tar.zst
h1_b9338b3f4351d04b	3	fc09ab42e857140d1fed2a006d78344f733b01bfcf6aacef3cfdf978daad6d4c	CERTIFIED	i-091c9d3e2101b04bb	r6g.16xlarge	4000	0990bc1fca81b63959a40c8278b3513f4efa6a01230479161affadc7d6029dfb	6664957949	19902.1	1073.7	14012.5	1	True	sat49/cert-20261001/results/h1_b9338b3f4351d04b.i-091c9d3e2101b04bb.1790977564.tar.zst
h1_6f1c51156310f027	2	be5b3f8fa842ce594f822135b4fac950ee7cb60c7af8114139847a785fe3a842	CERTIFIED	i-0ae49db6e2207b817	r6g.16xlarge	4000	7ccd27d440a04b1b28b35e652475898888294cc932d97f3f7f50781a674d1bab	6774035306	20248.8	1137.5	13995.9	1	True	sat49/cert-20261001/results/h1_6f1c51156310f027.i-0ae49db6e2207b817.1790978024.tar.zst
h1_c24f5e5da8c3ca73	1	c982f1bd3d82ec990daf68dbad91c7effffe8798441db08ce93230bcf9499486	CERTIFIED	i-0ae49db6e2207b817	r6g.16xlarge	4000	44b799b0ef73dd230adb926d15fb671fc29c910f24f6d964755418074ee7c720	5456395440	19147.8	935.9	13955.6	1	True	sat49/cert-20261001/results/h1_c24f5e5da8c3ca73.i-0ae49db6e2207b817.1790976567.tar.zst
h1_236554f67ad32957	2	8844a43a492b1208270c89b56b2c984f1f1e93682c4ca8994ce7d7b2bd97fe22	CERTIFIED	i-091c9d3e2101b04bb	r6g.16xlarge	4000	3e644fb89d9012e604a7ee56f1e96c37c7a59a8a104367a3e5564f5d6447de07	6153165711	20010.3	1035.4	13927.7	1	True	sat49/cert-20261001/results/h1_236554f67ad32957.i-091c9d3e2101b04bb.1790977607.tar.zst
h1_35f3fb0441090a1e	3	73e1512f1aae947101744a2637e353c4cd5958d6ae273a9fdb49eab87a528223	CERTIFIED	i-0ae49db6e2207b817	r6g.16xlarge	4000	5b5597bd7259c4746bb8ee6f82d57b0f00f7b4df8a4bb707e6426713451d1966	7324733283	19747.7	1227.0	13912.6	1	True	sat49/cert-20261001/results/h1_35f3fb0441090a1e.i-0ae49db6e2207b817.1790977676.tar.zst
h1_d10478ef4fd0c4d3	3	846db08cc46f83b91e34fe2719836caeef2343b84317ffd7c23d59835e47948b	CERTIFIED	i-091c9d3e2101b04bb	r6g.16xlarge	4000	955ce6bf116d2f54b85c76923007092d8b22c54293ab187941eacb2d3772a1d0	6207276659	19922.6	1015.7	13884.4	1	True	sat49/cert-20261001/results/h1_d10478ef4fd0c4d3.i-091c9d3e2101b04bb.1790977487.tar.zst
h1_a44d875d8a7cf4c1	3	d9ef697606c2e0faa70ae67866b993c5066976f7220ae034523ae061c0139423	CERTIFIED	i-0ae49db6e2207b817	r6g.16xlarge	4000	ea249e5201c42d6fa02bb3d9de331c59b2da5daac827f09eb16e5edbdd910fe0	7147796006	21987.5	1197.4	13839.2	1	True	sat49/cert-20261001/results/h1_a44d875d8a7cf4c1.i-0ae49db6e2207b817.1790979779.tar.zst
h1_1cd7ab6378689d2f	0	89d89c04cb5f0580c17549b14e7174044b189f7ead4c145b9ad6f3ac22b901ea	CERTIFIED	i-0ed97058cb2b43497	r6g.16xlarge	4000	32ae8388a7615c885f76b8b58a24a7616674fe97a68e5e5e88e6c95ff31c6ac2	6026622143	20536.3	1072.0	13830.4	1	True	sat49/cert-20261001/results/h1_1cd7ab6378689d2f.i-0ed97058cb2b43497.1790978165.tar.zst
h1_1198c64c289bcd84	2	c6a6b895272afcd77d60872ba78919905e89bc030e3054ada8b5304cdfd120de	CERTIFIED	i-0ed97058cb2b43497	r6g.16xlarge	4000	e912845c573b6114439425c81aab41e4353489532219268b5178aca569c32f74	5993439629	19476.8	1023.2	13778.0	1	True	sat49/cert-20261001/results/h1_1198c64c289bcd84.i-0ed97058cb2b43497.1790977077.tar.zst
h1_51d3be3e5cf793d9	3	dd46bb5cc60a35a7d7a371489565c305c54a35e05b4b19b1d99be77eb01caaae	CERTIFIED	i-0ed97058cb2b43497	r6g.16xlarge	4000	ecea77641728142425cd9779b9f4f492a4b42ba9232d1c5b1fff2f64525f9a28	6690687209	19806.8	1113.2	13761.7	1	True	sat49/cert-20261001/results/h1_51d3be3e5cf793d9.i-0ed97058cb2b43497.1790977577.tar.zst
h1_df2c5ba8d236e1e6	2	05c4587598c0449ac6ae52dc14a86b789814cccf725c1e3326f9659b5707d5b1	CERTIFIED	i-0ed97058cb2b43497	r6g.16xlarge	4000	3466deca4c7ae996a4cfd71a24711275c96443d67b55037c505060676a4e399a	6025282641	20004.5	1023.7	13752.3	1	True	sat49/cert-20261001/results/h1_df2c5ba8d236e1e6.i-0ed97058cb2b43497.1790977576.tar.zst
h1_867892f60d9bf313	1	0fe876b45ea53c0ea5ae0ef254c3849c07cd276bb6e8d05bdf0d6e6530943615	CERTIFIED	i-0ed97058cb2b43497	r6g.16xlarge	4000	bd6dc2a6c6b66427029694ba7b448e6f22c6e2330836deecee937b99129bbe18	6654034650	19984.1	1164.1	13738.3	1	True	sat49/cert-20261001/results/h1_867892f60d9bf313.i-0ed97058cb2b43497.1790977806.tar.zst
h1_cd055c3a37ef2360	2	51817c137e95123f865bd337c2b6d4ac509d3b96f963c7a340bb89c037712ce1	CERTIFIED	i-0ed97058cb2b43497	r6g.16xlarge	4000	dc6f2e37d92f1d4d6b545b5030009929fb1a5bdf274102415386b80fac5bb202	7572889905	18679.2	1255.2	13690.4	1	True	sat49/cert-20261001/results/h1_cd055c3a37ef2360.i-0ed97058cb2b43497.1790976695.tar.zst
h1_41b5c63ac15072f0	1	556387a5a94bda6a612e2614dbe0eead855642c387edea8cc5646e6c02dfc137	CERTIFIED	i-0ae49db6e2207b817	r6g.16xlarge	4000	229fbacd6512e227a87a02bcbeeb707c2ce2f6e30f16c6525ae507751f08b323	5996002730	19558.5	1042.9	13677.6	1	True	sat49/cert-20261001/results/h1_41b5c63ac15072f0.i-0ae49db6e2207b817.1790977182.tar.zst
h1_f06f0ebdc66990f1	4	2025c7802e83a749a9c0d1d9090aac7431cc99b3e8643b5848bcc2b9f0c32527	CERTIFIED	i-0ed97058cb2b43497	r6g.16xlarge	4000	daf963a2a47c13b791757ee4958f4b51b7e3a6dd1fb259e0b190553d3bf51fa4	7937161417	24973.4	1333.0	13666.0	1	True	sat49/cert-20261001/results/h1_f06f0ebdc66990f1.i-0ed97058cb2b43497.1790982957.tar.zst
h1_a71b8e6f3e4ae776	2	bb9135fbc6b59f04d4df3407587e2b5c30cae357baead9da8af59734c7a7da0c	CERTIFIED	i-0ed97058cb2b43497	r6g.16xlarge	4000	80c8985cc461f285891662b983d73722870fbd699658d78178f29bfdbe1904f4	8676097174	30380.2	1753.1	13600.1	1	True	sat49/cert-20261001/results/h1_a71b8e6f3e4ae776.i-0ed97058cb2b43497.1790988771.tar.zst
h1_abac415607b35ebb	1	ad92df74f7aa1e800dc437956f44c3ec6dcf65a5dcc196094e5d374f29886727	CERTIFIED	i-0ed97058cb2b43497	r6g.16xlarge	4000	cefbe76c37c36abd3fff994ee90e61148ddf67f85c77da11508ae621eea588d8	5995144815	19288.8	1015.6	13586.1	1	True	sat49/cert-20261001/results/h1_abac415607b35ebb.i-0ed97058cb2b43497.1790976869.tar.zst
h1_a255096a57133aef	2	05f750cf119ce0a194476c9c99084ebe8e927d404614a9b6b4bb931737571c04	CERTIFIED	i-0ed97058cb2b43497	r6g.16xlarge	4000	71ef5f31ba8abbf53bf2fd057458ad854750ac1dedaf55ca0a5bff892031a756	5922145336	19304.4	985.1	13564.6	1	True	sat49/cert-20261001/results/h1_a255096a57133aef.i-0ed97058cb2b43497.1790976874.tar.zst
h1_6172dc9509b2d095	3	32444ed4b5089018a70246bfe3ec9195465a2c507fd2338add4361ba9907bb0a	CERTIFIED	i-091c9d3e2101b04bb	r6g.16xlarge	4000	5060382bc1aef25633c31accde234342fd828cd04726f3d97107523681286cf1	6192925494	20397.5	1042.7	13549.8	1	True	sat49/cert-20261001/results/h1_6172dc9509b2d095.i-091c9d3e2101b04bb.1790977981.tar.zst
h1_9d2f641863f1824f	2	0aeafc0c39f0f4fabe131d2ce52849280054bc74e23139f6d52529d1b3c577ca	CERTIFIED	i-0ed97058cb2b43497	r6g.16xlarge	4000	b2c9ba7d4a52ace1dbc3beb5ad384fa6c3fd1985cf74a98e589909de659077cd	5812850396	19514.4	978.1	13498.1	1	True	sat49/cert-20261001/results/h1_9d2f641863f1824f.i-0ed97058cb2b43497.1790977019.tar.zst
h1_0df03b5c3e6a8f3b	2	b37ab8531e12af488707de4910fe811404c0919bb3f3bfa203f71099dca816ee	CERTIFIED	i-091c9d3e2101b04bb	r6g.16xlarge	4000	7471eb0a65d2be76dd0da4a8ecf5069d0ee87f6df3685212a6b870a7ec642c29	5840967720	19461.6	978.6	13490.6	1	True	sat49/cert-20261001/results/h1_0df03b5c3e6a8f3b.i-091c9d3e2101b04bb.1790976957.tar.zst
h1_1eb8dc7f0bd36abd	2	9f09b14df90bc973b7fc744ab40184e3d2226de1013088ee90cb0d9df5127795	CERTIFIED	i-0229a266099f8c2ec	r6g.16xlarge	4000	2ed532b4cc20a0e8e761947875dd030b61e85211462876205f495e23cf5d754a	6314192572	21017.4	1107.4	13485.2	1	True	sat49/cert-20261001/results/h1_1eb8dc7f0bd36abd.i-0229a266099f8c2ec.1790978702.tar.zst
h1_5305a7524bbc110e	0	a584b1460aa016cf37b5b9a8eaac8d53ac5317f509916a77368324ac44e5f635	CERTIFIED	i-0ae49db6e2207b817	r6g.16xlarge	4000	b9d6f825d58c2d48e0a1b9c316cb39c6a9a97f83b214684e90f14a4b8fa13684	8425589909	32337.1	1875.6	13439.3	1	True	sat49/cert-20261001/results/h1_5305a7524bbc110e.i-0ae49db6e2207b817.1790990701.tar.zst
h1_12662a2408a67d37	0	b682ca4b16e32fce87b41dc88b5cdbffec329581b8750d2f9b165616168908f8	CERTIFIED	i-0229a266099f8c2ec	r6g.16xlarge	4000	8a78a6f18a00c8450f5c4a815e1c5257285eeea614f6d211979346368c534605	6836334174	22058.8	1209.1	13423.0	1	True	sat49/cert-20261001/results/h1_12662a2408a67d37.i-0229a266099f8c2ec.1790979861.tar.zst
h1_8625e915ccb1d68a	2	5efb1a608d93f48b3671c0cab1902684ebb05bd70d42d0c652032d72db18cc9c	CERTIFIED	i-0ed97058cb2b43497	r6g.16xlarge	4000	5bbfbae79af3f0e1dfa3244a5bb405c860d9ec9578ebe1ba1a994763717d9fe3	5608644018	19154.0	943.3	13400.1	1	True	sat49/cert-20261001/results/h1_8625e915ccb1d68a.i-0ed97058cb2b43497.1790976642.tar.zst
h1_4697eaa0f77b03fd	3	297b3ac8cff037f200586cabe54ca94f425f73c2b690c63092a0188599be9413	CERTIFIED	i-0ed97058cb2b43497	r6g.16xlarge	4000	fa4e8751ba20868907663395c5d6252feab50a4868004432f6f4e167aef58256	6424864557	22775.7	1095.9	13369.9	1	True	sat49/cert-20261001/results/h1_4697eaa0f77b03fd.i-0ed97058cb2b43497.1790980418.tar.zst
h1_43d0c9cdd990321a	1	61f83530abc22aac7b29dbd282f2d1012d3e4b62faf0d4fda1010f31153e9eba	CERTIFIED	i-0ae49db6e2207b817	r6g.16xlarge	4000	26fb593a9d12de259c7b41db87381b3d61ba0d1a31fef2d679e103e7019486d3	6563123871	21261.9	1091.1	13356.4	1	True	sat49/cert-20261001/results/h1_43d0c9cdd990321a.i-0ae49db6e2207b817.1790978944.tar.zst
h1_35d57761da660d4b	1	6d8b1990e51600c65dd693f4e484bf4f1c66b50df3aa4caafd977fc538be1b5c	CERTIFIED	i-091c9d3e2101b04bb	r6g.16xlarge	4000	c2bd7bd9a11d54111ddea7ccf9e52267335485c8e477a2d852d3a94792ef7d44	6253357347	19140.9	1057.2	13343.1	1	True	sat49/cert-20261001/results/h1_35d57761da660d4b.i-091c9d3e2101b04bb.1790976806.tar.zst
h1_ddb25c214e4547ef	1	5d6672f3b95ee52340742db6b2bca9df6061cbc4da09230d602281c3dbe7e08c	CERTIFIED	i-07c361d997bfe3832	r7g.16xlarge	4000	1e0303af50666d4ca9e071605fa1445b3bdbcd0a9945fe04cdf981762ff490bb	9337518820	23190.8	1538.4	13314.1	1	True	sat49/cert-20261001/results/h1_ddb25c214e4547ef.i-07c361d997bfe3832.1791026080.tar.zst
h1_b59f60fdda6fed55	0	e5ad36e92f2637bfef0d1239d863459561c2616f5978fe0c9aad968fd482c782	CERTIFIED	i-0ae49db6e2207b817	r6g.16xlarge	4000	8ecc6b91089b53408c9947aeb838bda7ebca148dd64b393438d4f22c55405f08	5968744950	19321.5	1034.7	13304.6	1	True	sat49/cert-20261001/results/h1_b59f60fdda6fed55.i-0ae49db6e2207b817.1790976962.tar.zst
h1_59c474459156debd	2	0f9f8e77c4172b03cb7ef7107634d4f98e495f9f04b5d7c97d2c51a1bbb0093c	CERTIFIED	i-0229a266099f8c2ec	r6g.16xlarge	4000	b4af647ba1cfcd28005a9f32d2686102bf49ee580340ddc02f2ef8ba37f28237	6292272502	18897.7	1086.3	13285.7	1	True	sat49/cert-20261001/results/h1_59c474459156debd.i-0229a266099f8c2ec.1790976638.tar.zst
h1_d5a7fd163790f499	1	e8b44f665ea7b1f84756a7d840b53d506450bb2b32f2318bc4da962196fe7178	CERTIFIED	i-0229a266099f8c2ec	r6g.16xlarge	4000	3c110222791639c034e11ac191960d0a1f0e590deef9eefc1f46b8e0a934da6e	6158646653	20775.4	1064.6	13239.5	1	True	sat49/cert-20261001/results/h1_d5a7fd163790f499.i-0229a266099f8c2ec.1790978404.tar.zst
h1_82ecde50d0cffb94	3	e4038eeda648dbde7dd109800cecf48bc5d7a4fda20b9a5a7af7b29309b2a0b4	CERTIFIED	i-091c9d3e2101b04bb	r6g.16xlarge	4000	0042a9f72709ca4fbf0d1ca77e1ea401a9a24d83616502623f9882165586935f	5190643848	18100.5	853.0	13224.7	1	True	sat49/cert-20261001/results/h1_82ecde50d0cffb94.i-091c9d3e2101b04bb.1790975451.tar.zst
h1_6314fd90828a1b6a	2	0bd9e9797223e89a282b092c2cf32825af71a4463b931d580a333f6d29e5830b	CERTIFIED	i-0ae49db6e2207b817	r6g.16xlarge	4000	b7c3561595c743d120479227d621585c1f7ef011a14b9b0ef402cbf456c43ade	5731350221	18703.3	946.5	13115.0	1	True	sat49/cert-20261001/results/h1_6314fd90828a1b6a.i-0ae49db6e2207b817.1790976204.tar.zst
h1_6b12c151dbadf266	3	7d003896e2f28295d7734eb6181a4212483d6a8b6de8317f364fc422de45c300	CERTIFIED	i-0ae49db6e2207b817	r6g.16xlarge	4000	2514a2f8424fd7df73b9a73a04aa8b7b0dcd331417cb616b5a373e78efbe61f5	6381722821	19063.8	1080.1	13087.3	1	True	sat49/cert-20261001/results/h1_6b12c151dbadf266.i-0ae49db6e2207b817.1790976808.tar.zst
h1_995d47719fbf780b	0	aaeea1e53ad8a040c3381ede1040ec6451adf059940124d8122e87e59546c64d	CERTIFIED	i-0ed97058cb2b43497	r6g.16xlarge	4000	da8fc012182d2e1e5eee0dccfcc3e254e68ca83f99194527dba865d66d44e66b	4931143523	17801.6	858.6	13013.2	1	True	sat49/cert-20261001/results/h1_995d47719fbf780b.i-0ed97058cb2b43497.1790975196.tar.zst
h1_884b7735397604be	3	7504e3fcb6d5b9adb5f7031e8649604657429be918f45d4f9a945c9388f24b91	CERTIFIED	i-0229a266099f8c2ec	r6g.16xlarge	4000	53876605757db91a6ed18443be7102cd2688ca81c0822a34992e4f82cf7a38f6	6720100795	18819.8	1076.1	13005.7	1	True	sat49/cert-20261001/results/h1_884b7735397604be.i-0229a266099f8c2ec.1790976585.tar.zst
h1_7d71ec968d570368	2	fa03c8dedb9cfaf3ba03ac3c621e0fd94d60f01589e8c29f9a505c24c86b3c44	CERTIFIED	i-091c9d3e2101b04bb	r6g.16xlarge	4000	4e1bfe2a4df9672c999e8722d7602411564407ea4cf197a77074effd0ae5487d	6643264735	20673.3	1094.8	12983.3	1	True	sat49/cert-20261001/results/h1_7d71ec968d570368.i-091c9d3e2101b04bb.1790978427.tar.zst
h1_734e02f9a2c4548e	1	683b94a642eff4f6e7b71fc2877057527161e8d7ba89c36a3882669525fcabeb	CERTIFIED	i-0229a266099f8c2ec	r6g.16xlarge	4000	150451469e13ee323e50f6737abab0d7e60225856412ad3d04793dd0f2441626	5709033960	17964.9	931.9	12940.2	1	True	sat49/cert-20261001/results/h1_734e02f9a2c4548e.i-0229a266099f8c2ec.1790975498.tar.zst
h1_9e8a6e4f062cd69e	2	c7f20463e9d7ffa458b481e997bb5f2d14e76442e51f1d611336887f693a52ac	CERTIFIED	i-091c9d3e2101b04bb	r6g.16xlarge	4000	277d223595c8a6b16c4535b7a63d837e37654aee1568de1282c8de8b7c67bcef	5929947354	18500.9	988.4	12937.0	1	True	sat49/cert-20261001/results/h1_9e8a6e4f062cd69e.i-091c9d3e2101b04bb.1790976096.tar.zst
h1_ba9f76abae5c180c	2	7f8ae28fbd8b3bb98547babc1ee7bd267b7624c148619817ad05da24dbfa3df4	CERTIFIED	i-0ae49db6e2207b817	r6g.16xlarge	4000	bda3fed8057680acf4273555bf15c4cddc9b26073c3c2b8730e97ecbc7ff7a05	6535248555	18932.7	1064.2	12924.4	1	True	sat49/cert-20261001/results/h1_ba9f76abae5c180c.i-0ae49db6e2207b817.1790976656.tar.zst
h1_087f7ec9906f4d2e	3	eddc00d7553b9c35955df22c4c44dd01cb549d3b3e7079de3c29dca71a7ebd33	CERTIFIED	i-091c9d3e2101b04bb	r6g.16xlarge	4000	5e95eb20a0bbb6f2551f087b49e916aac5a2f1ba23f46b7ac3dbcd8b2dc3f632	5664829723	18488.7	955.4	12916.4	1	True	sat49/cert-20261001/results/h1_087f7ec9906f4d2e.i-091c9d3e2101b04bb.1790976058.tar.zst
h1_4ab8cf1e33e7908c	3	dbb761ae86fdfe2aa2e4a3bfbd6e5251e956ef71b2c0eb60f0db4fb6c615e8ef	CERTIFIED	i-0229a266099f8c2ec	r6g.16xlarge	4000	7d1e46bca51d47cddee34367d52b399954d6899e489301a8313e916bf6373f94	6196260951	18621.0	1020.3	12915.9	1	True	sat49/cert-20261001/results/h1_4ab8cf1e33e7908c.i-0229a266099f8c2ec.1790976299.tar.zst
h1_0128282ab06a0661	2	899c1033f24b79ac4b381a6417aec05e871f48b3d5d11b24a38da1501cc9901c	CERTIFIED	i-091c9d3e2101b04bb	r6g.16xlarge	4000	4b50ab714f1bad0febe897195d22fcd3abec1db0c4508476945f934832f05bb4	5490295442	18112.5	939.6	12841.7	1	True	sat49/cert-20261001/results/h1_0128282ab06a0661.i-091c9d3e2101b04bb.1790975646.tar.zst
h1_4f9e321dbc2bf237	2	aee4fa78c29548bb9bf0f64f170d2ca3e44c0d240615908298a20bbb8925aa77	CERTIFIED	i-0229a266099f8c2ec	r6g.16xlarge	4000	3897ca976e497e6f1fe36e516ddd7a1dccb689e73b6d098631b527975fc02552	6411606203	18340.3	1071.9	12829.9	1	True	sat49/cert-20261001/results/h1_4f9e321dbc2bf237.i-0229a266099f8c2ec.1790976090.tar.zst
h1_9672cf8ed381d0c2	3	4ddf71450642b649b98381245b223062f5910adbe62ed860b3a143c5f650c696	CERTIFIED	i-0ae49db6e2207b817	r6g.16xlarge	4000	5d58a0b7de42cb1f92634132c14254e513b8e8145b80845571a1be58380730e9	6440923527	18503.3	1035.4	12816.1	1	True	sat49/cert-20261001/results/h1_9672cf8ed381d0c2.i-0ae49db6e2207b817.1790976204.tar.zst
h1_b566e5faf5c5d234	2	4c70f70cca5216f3e8acefe4a8f48405c7f0ce63d46bfb694ff792a72ac40a3d	CERTIFIED	i-0ae49db6e2207b817	r6g.16xlarge	4000	f89f8c5ac22db150f61985d465a184291fd64e716185c3f5b9293d0c715ddf72	5057449672	18421.6	861.8	12816.1	1	True	sat49/cert-20261001/results/h1_b566e5faf5c5d234.i-0ae49db6e2207b817.1790975840.tar.zst
h1_d10077db02b03dc9	2	db83b355232eadc1c1bee4274f8e75712a1d321e66c1d13f74f097415557f20f	CERTIFIED	i-091c9d3e2101b04bb	r6g.16xlarge	4000	945d404ed20c5c89fc2ac0939b7ddf0515702aebff40a385600f5404fe295e72	6074638402	18704.6	1001.8	12793.7	1	True	sat49/cert-20261001/results/h1_d10077db02b03dc9.i-091c9d3e2101b04bb.1790976339.tar.zst
h1_d67d8618bf933b97	1	e4e22b65198ba231608a35f3222f68ce35970487429ca8bd6823bbd42b8074fc	CERTIFIED	i-0229a266099f8c2ec	r6g.16xlarge	4000	eab2f42b3d609262e370ae3227609c772a62f1318c73ae2cc72a5a29a66fb0ba	5761576504	17663.9	955.7	12769.2	1	True	sat49/cert-20261001/results/h1_d67d8618bf933b97.i-0229a266099f8c2ec.1790975257.tar.zst
h1_35958b08961b7cfc	2	e77041a0890173aab7b5d04c6582ad7388c2f53be69adc0f794f1f47aedb9a20	CERTIFIED	i-091c9d3e2101b04bb	r6g.16xlarge	4000	79b019892cce95277d69b0ce61f742365272bcb291bd4abc3b63dd0ebb18d417	5772517955	17978.3	939.9	12765.6	1	True	sat49/cert-20261001/results/h1_35958b08961b7cfc.i-091c9d3e2101b04bb.1790975527.tar.zst
h1_88f091d3af2a4a4c	0	1760227191db36c4528fd7b5f1be0ce4a54659a2a9caa472e1b8690d0906695c	CERTIFIED	i-0229a266099f8c2ec	r6g.16xlarge	4000	eeb3d66e45fddd5fca2b949787d5fd5321e7d7a5171ff7560d40fa3f05e3f838	6155473668	18427.4	1050.6	12750.3	1	True	sat49/cert-20261001/results/h1_88f091d3af2a4a4c.i-0229a266099f8c2ec.1790976159.tar.zst
h1_b6fa786974f75d77	2	c8ebe15bac7d6bcba9e38929f641afe7ec06a051d293570fab74e38394686585	CERTIFIED	i-0229a266099f8c2ec	r6g.16xlarge	4000	03f49e97bcc5e43050df98dcddd3c681ec06c8c2bd46b79e2c1cd172c8ee2989	6235386248	18383.0	1044.1	12742.2	1	True	sat49/cert-20261001/results/h1_b6fa786974f75d77.i-0229a266099f8c2ec.1790976118.tar.zst
h1_be9404226f6b40bc	2	05a67eaa1ec8b79c6d089dc34206465b317f1649c60f20b8822a76d007e16ed2	CERTIFIED	i-0ae49db6e2207b817	r6g.16xlarge	4000	36a6fcded1c5b981ab66d10ae1ad29dd50905a9ab7b6b85c1a491691fb6f7b6f	5351324805	18373.4	891.5	12727.4	1	True	sat49/cert-20261001/results/h1_be9404226f6b40bc.i-0ae49db6e2207b817.1790975846.tar.zst
h1_f9cb01bf83dd1053	0	daae46c1860a1f89491f0dd6ba8f568d43e2d6ab7dff47d65a9112589589b129	CERTIFIED	i-0ed97058cb2b43497	r6g.16xlarge	4000	62db5702687e63df14f9fc5e5cdcd3831515f4e206cf8340ebff20acf14ecc4d	9082142416	32878.2	2062.2	12667.7	1	True	sat49/cert-20261001/results/h1_f9cb01bf83dd1053.i-0ed97058cb2b43497.1790991609.tar.zst
h1_c2eee2ca2257cd8b	4	6a542bc1eb2acb48e199cbdbcbe759742d362bc31d4fbe68e68d95a3deb4b91e	CERTIFIED	i-091c9d3e2101b04bb	r6g.16xlarge	4000	d8a4925d0a90537687d499dff2025a42c067eae30f1cf178db39dad910ff418e	5966243191	18109.0	976.9	12650.8	1	True	sat49/cert-20261001/results/h1_c2eee2ca2257cd8b.i-091c9d3e2101b04bb.1790975759.tar.zst
h1_8efb870c313752f1	2	f8cce7d3ebea78032357f6dd48fc038bf5cd4bbef17bd5246152d2eb2a68d957	CERTIFIED	i-0ae49db6e2207b817	r6g.16xlarge	4000	af185d79ab8b3e8ab1a96e4f30344c035845cb0b7da949a63066db4d088ea99b	6035793493	18023.3	982.0	12643.1	1	True	sat49/cert-20261001/results/h1_8efb870c313752f1.i-0ae49db6e2207b817.1790975680.tar.zst
h1_ba3abb9c26f6b2a4	3	a9a3e1449ec28ebf309e81b1e6cdc6f6f6aced56c0616356a129849ce8a87de2	CERTIFIED	i-0ed97058cb2b43497	r6g.16xlarge	4000	5fadaa7370bba063128cc8646d3f6b165cd27e457af94e26c6c5881822e97728	6094662176	18286.9	1002.6	12614.4	1	True	sat49/cert-20261001/results/h1_ba3abb9c26f6b2a4.i-0ed97058cb2b43497.1790975954.tar.zst
h1_03aeeb9e3b51772a	0	10d60376ae36f42aefff3a4a44fcfc6f0a2c35df5b09c331ed7f251477c53a73	CERTIFIED	i-0ed97058cb2b43497	r6g.16xlarge	4000	a5f97d63f73f4b6170e9830cf9bc68befa01beea0c8abf580471c487bd973634	5558175843	18740.3	949.7	12600.5	1	True	sat49/cert-20261001/results/h1_03aeeb9e3b51772a.i-0ed97058cb2b43497.1790976303.tar.zst
h1_1d0a43cbfa4cb41b	0	fb61edc47be0ca4d2eb9c3247df02f8602ce172d4485691c8a1c50b37eac1283	CERTIFIED	i-0ed97058cb2b43497	r6g.16xlarge	4000	ae667bad581b94e3cd3104f168e9a201d66080023efb25e3851f30e54233de8d	6178806456	18142.8	1044.4	12562.7	1	True	sat49/cert-20261001/results/h1_1d0a43cbfa4cb41b.i-0ed97058cb2b43497.1790975868.tar.zst
h1_56d291477c62f587	3	d9307b44ce8a822e2dec6b25c26f16fc2284aab634059e39eb618232686304aa	CERTIFIED	i-0ed97058cb2b43497	r6g.16xlarge	4000	1948720ad7085b67d93a1cdc8f102b8c5e0680c29e6e342631b005e2c9348450	6861753390	18089.1	1125.7	12561.9	1	True	sat49/cert-20261001/results/h1_56d291477c62f587.i-0ed97058cb2b43497.1790975964.tar.zst
h1_e1961f7522c3c8bc	3	fc1410e19396addae35e0d6c7563fd31f4a53da0bee5e166a80808fad315dfda	CERTIFIED	i-0ed97058cb2b43497	r6g.16xlarge	4000	f7285167d98dd54567bca9b2707666a6433abbfd3b96ad1d2e81dbcc890b3c7a	5678869191	18589.1	982.1	12522.2	1	True	sat49/cert-20261001/results/h1_e1961f7522c3c8bc.i-0ed97058cb2b43497.1790994937.tar.zst
h1_aba8738f73de57de	0	b676821c74ceced611493a441770222f0edb8821b07b1aafe49d1f2369d4e993	CERTIFIED	i-0b27ca5b6248c0a7d	r8g.16xlarge	4000	7d8e6208593f2de07087919969ad41498c8a8e79df4564b47350b424a011ef83	5340159286	9021.5	568.0	12483.5	1	True	sat49/cert-20261001/results/h1_aba8738f73de57de.i-0b27ca5b6248c0a7d.1791010876.tar.zst
h1_53b76e1920caff3c	2	2700bce33534652866a405d3e2418f4b538147ffd70e4e757e6d6e0769c96e59	CERTIFIED	i-07c361d997bfe3832	r7g.16xlarge	4000	e5d704a3896666cfc80a8416b5098660ee8d1daf2e49ef6ca43f7fafb6c66632	5677974919	13342.4	808.2	12482.2	1	True	sat49/cert-20261001/results/h1_53b76e1920caff3c.i-07c361d997bfe3832.1791015479.tar.zst
h1_4086c04dd08953e8	2	c3e14c7dd7276e50bbc35bdfbac9df6dceb5a31dbb89f6b3afa27b13e5c00649	CERTIFIED	i-0b27ca5b6248c0a7d	r8g.16xlarge	4000	eed98804b1f876a045c3713c72d9f474a32882625e3693023a0f6fc80a31857a	5928705198	9031.2	613.7	12392.1	1	True	sat49/cert-20261001/results/h1_4086c04dd08953e8.i-0b27ca5b6248c0a7d.1791010984.tar.zst
h1_d5deb27682b3275c	2	9b357245b607dba822789d788c65f56848909e434fd744b483b55528d650e9c6	CERTIFIED	i-07c361d997bfe3832	r7g.16xlarge	4000	7a3e7d4a19c157374f1bdc6401e4d4b95d4264a2c4c8d6cc4e1ca037c0ee2305	6168313036	13154.4	848.2	12367.5	1	True	sat49/cert-20261001/results/h1_d5deb27682b3275c.i-07c361d997bfe3832.1791015363.tar.zst
h1_15719a1de63df481	0	59dbdff5a9212832cf50deaad06412dcd475f42c4f8355e115d86d5a763134be	CERTIFIED	i-0b27ca5b6248c0a7d	r8g.16xlarge	4000	eefb82c7d0a21383d6e03d727baa8ba58e406bad6b02b6c3787f03df7727a8aa	8330671451	14026.3	1005.3	12355.1	1	True	sat49/cert-20261001/results/h1_15719a1de63df481.i-0b27ca5b6248c0a7d.1791016384.tar.zst
h1_230b4584cfe8ee3b	3	00ff1f87e8deeaf56f7f591cfc7b1450e4c033f2ae9c0dc9a88b8f7dd14a7b3c	CERTIFIED	i-0ae49db6e2207b817	r6g.16xlarge	4000	a940809c1f450ea19b6c075d6a1fecfa139ca108e094b31a86450f4225678547	6068183548	18643.9	1055.7	12346.5	1	True	sat49/cert-20261001/results/h1_230b4584cfe8ee3b.i-0ae49db6e2207b817.1790995615.tar.zst
h1_123d4bf81a2f9473	2	d4713dafb0b3aeb497831b40db9a0d936b0ac5b0121638b5345e7e9dec9fa314	CERTIFIED	i-07c361d997bfe3832	r7g.16xlarge	4000	a8085f17ee0fe195089341afefacac4f8764cf58c919889dbe95623c8c6c09cc	5292571135	12534.6	727.5	12332.1	1	True	sat49/cert-20261001/results/h1_123d4bf81a2f9473.i-07c361d997bfe3832.1791014591.tar.zst
h1_3bd90e892cf73c72	1	55eeacba897ce964d7d1f1393fa8bc5fdbdd4c241bddd07255cce32904eb6a7f	CERTIFIED	i-0ae49db6e2207b817	r6g.16xlarge	4000	069e85b5acf479966bd6389e91d57d553fc3a608b5de3e90a2a795fe2f0fccf4	5970449598	18392.0	1021.5	12309.9	1	True	sat49/cert-20261001/results/h1_3bd90e892cf73c72.i-0ae49db6e2207b817.1790995441.tar.zst
h1_e87b916f9c374db1	0	b26afa464b5e11caee03d3e864a1ff1bb3c75529e0b005073dd31d5aa744e592	CERTIFIED	i-0ae49db6e2207b817	r6g.16xlarge	4000	7e3d08b19c150c7d31edd2b354ab1756178f42b9b2bdbbf739be9ee003bdbb1c	5580775378	17863.9	990.0	12296.7	1	True	sat49/cert-20261001/results/h1_e87b916f9c374db1.i-0ae49db6e2207b817.1790994871.tar.zst
h1_134285f8d149f541	0	ce5ae5e7329471b5b594592d482cb78d215c59940a32c932f42539171d4e76eb	CERTIFIED	i-0ed97058cb2b43497	r6g.16xlarge	4000	9f3eedf9d5a71983824819890271b597b476f4fd05dc437eb03aa0e139f0d317	6484487374	27297.9	1264.2	12282.5	1	True	sat49/cert-20261001/results/h1_134285f8d149f541.i-0ed97058cb2b43497.1791004309.tar.zst
h1_21a02ec6f6e58647	4	af09869bf60503445f997a26dfc4b9358e53d8b9e44a17231c8d57893a49b0d2	CERTIFIED	i-0ed97058cb2b43497	r6g.16xlarge	4000	486c7c34f803726c9c0b806bbd38ade170a8f8cc269d75daf0f5536c63c8db2f	5864569859	18502.2	1010.9	12265.4	1	True	sat49/cert-20261001/results/h1_21a02ec6f6e58647.i-0ed97058cb2b43497.1790995687.tar.zst
h1_e00c626fa73c00b4	0	e815a61448bc82c7a4e5c9ebd81e8b1c6b7129234e3194ab0b578a427ddba52d	CERTIFIED	i-0ed97058cb2b43497	r6g.16xlarge	4000	938b3867e93d9075b2aeec5e903e4e688a5e91dbfe7bf5d7ad1dee23baa86fe1	8111952976	28808.6	1704.8	12199.3	1	True	sat49/cert-20261001/results/h1_e00c626fa73c00b4.i-0ed97058cb2b43497.1791006341.tar.zst
h1_e759b0cdfe08c6b7	2	143353cf4cadb8a57a000dd2b3b1d6e145be726247e48314cabc29cbaf3877c8	CERTIFIED	i-0b27ca5b6248c0a7d	r8g.16xlarge	4000	030025f853d04bcaf73214affdc7535472d475807d49e7557ce65e98bd388d55	5313866165	8875.8	573.1	12193.1	1	True	sat49/cert-20261001/results/h1_e759b0cdfe08c6b7.i-0b27ca5b6248c0a7d.1791010758.tar.zst
h1_70715c402855f365	4	5823f9da413647407dc0a7392318a1d92fb987157ceb2e8788886992baa2a381	CERTIFIED	i-07c361d997bfe3832	r7g.16xlarge	4000	b1738fccd9a075181f485cd46646b020d842917d1044b4badd78aca2798bdf60	6096502848	13017.7	799.6	12184.4	1	True	sat49/cert-20261001/results/h1_70715c402855f365.i-07c361d997bfe3832.1791015182.tar.zst
h1_d3b44118407cbcc2	2	62f854674b186eebfefdd2220e18aab9487cca4194e4fb7c10e36f273de880d0	CERTIFIED	i-0b27ca5b6248c0a7d	r8g.16xlarge	4000	46502b022db9ff55bdccc2294913115d4997c36ef3199ddb6694a061f972a745	5857933246	8832.4	586.6	12170.3	1	True	sat49/cert-20261001/results/h1_d3b44118407cbcc2.i-0b27ca5b6248c0a7d.1791010768.tar.zst
h1_f1f1a6b0d0a6bc93	3	0df45995c39fe917d2c69ed075e9d269193c0ec4f37de3fcf250587ca85f63ab	CERTIFIED	i-07c361d997bfe3832	r7g.16xlarge	4000	1dff7bc3cf9c2661382f280ce62c7d7280aa2b631ee7ed86076a591037c251d9	5560202587	12965.3	750.7	12169.4	1	True	sat49/cert-20261001/results/h1_f1f1a6b0d0a6bc93.i-07c361d997bfe3832.1791015050.tar.zst
h1_f16177d2e1b4195f	2	c8c89ebe78f0f00e5f0064e508a85f3a1f2e8e898777c371c60e690d81857f3b	CERTIFIED	i-0b27ca5b6248c0a7d	r8g.16xlarge	4000	19e730dc6a08f92d27b8957f1b3bcccb86f90a621212a788e3368039cbdc0fde	5621288018	8742.1	599.9	12156.7	1	True	sat49/cert-20261001/results/h1_f16177d2e1b4195f.i-0b27ca5b6248c0a7d.1791010694.tar.zst
h1_1f1eba7d727cf68f	0	0313f16467428a00abbf06ff6b00692edde1acc2770b01a535019a386d9b0ca8	CERTIFIED	i-0ae49db6e2207b817	r6g.16xlarge	4000	5dfc4c19dca4d125d10afa23cf23072aa3ff1a652e46f59a942989dd95f74e4b	4999024675	18142.5	874.0	12087.5	1	True	sat49/cert-20261001/results/h1_1f1eba7d727cf68f.i-0ae49db6e2207b817.1790995341.tar.zst
h1_4a1f827d2d44b243	3	660158059d8dfffe8fbf3015065d858cca5288547c5b1493cd6520b063ec0008	CERTIFIED	i-0ea2e801411c2dc60	r7g.16xlarge	16000	90fd6698d55f5ea5dd168f4c7f0eda34796163306048019ced16e34ed02a3ba8	28997054799	43329.5	2946.9	12084.9	1	True	sat49/cert-20261001/results/h1_4a1f827d2d44b243.i-0ea2e801411c2dc60.1791207928.tar.zst
h1_1c7e6501a91092f2	1	7e6a050bf004f3f8818e3d4ccdd01863964c4b2f063bc9e8684a6b4a1f8a9cf6	CERTIFIED	i-07c361d997bfe3832	r7g.16xlarge	4000	8764d22e73736a0583577d870c1d102bdb40e2ebdbeb1fa6aedc67e6a421273d	5606492911	13437.0	768.7	11980.8	1	True	sat49/cert-20261001/results/h1_1c7e6501a91092f2.i-07c361d997bfe3832.1791015538.tar.zst
h1_8598b86c4857990b	3	7112c23eafc228c848c93bd2f16761f98eb7a848e60626718b22bc5fda9dd886	CERTIFIED	i-0ed97058cb2b43497	r6g.16xlarge	4000	a05e06a2f1e45dbb9d8e1c9f7288fee53a8e81f7022a79ea91a26b2a9e0e1191	8461580512	27200.9	1573.5	11975.3	1	True	sat49/cert-20261001/results/h1_8598b86c4857990b.i-0ed97058cb2b43497.1791004990.tar.zst
h1_f64adb013e47c363	3	b7dd93472daa97af46dfc9bba663dc432760a42d777ba982ae4002066563f774	CERTIFIED	i-0b27ca5b6248c0a7d	r8g.16xlarge	4000	52de08525205505ff30a72c908976696296aa4b565629896b63931320e056f3d	5848892864	8707.1	613.1	11974.4	1	True	sat49/cert-20261001/results/h1_f64adb013e47c363.i-0b27ca5b6248c0a7d.1791010685.tar.zst
h1_0836e1fa2996ee47	1	e322a7549901d4ae37f05d92faf4a6a0e25a8ffb530cd152a6333115944fc796	CERTIFIED	i-0ae49db6e2207b817	r6g.16xlarge	4000	96b4db180aa5cb94ddcec518274433b119c98d55f126ccb0087406b5f4c4f94c	7266387114	21949.6	1258.7	11895.8	1	True	sat49/cert-20261001/results/h1_0836e1fa2996ee47.i-0ae49db6e2207b817.1790999980.tar.zst
h1_fff037bc94057136	1	7000beb289133dcd3f8132443f0384de61104653c7b878047d8b214ea9c5f0ef	CERTIFIED	i-07c361d997bfe3832	r7g.16xlarge	4000	557ebf624efc029ac444307a73556405288d0c1baf219b350cc89ad6298f6547	5892405140	12635.0	812.5	11884.9	1	True	sat49/cert-20261001/results/h1_fff037bc94057136.i-07c361d997bfe3832.1791014844.tar.zst
h1_db60db70b43628f1	2	1a8ceca0387977550aab9949e2256bc4e5bf6bb894156975a2450ed65435bdfd	CERTIFIED	i-0b27ca5b6248c0a7d	r8g.16xlarge	4000	235ff3033c4ce358607bf6ac078ff4fa232b91524edb7c7bfaf2595f30dc2d93	5540966354	8477.1	548.9	11788.6	1	True	sat49/cert-20261001/results/h1_db60db70b43628f1.i-0b27ca5b6248c0a7d.1791010370.tar.zst
h1_9384263267866926	2	03af83762cd38018619de1b3d4f6707a54e5a8c0c942e60d6cd62cfde27dc1b4	CERTIFIED	i-0ed97058cb2b43497	r6g.16xlarge	4000	213102f0ff5decc67d11065fbd296a36a11d0399ff9f75c3050454780c987a49	7509817075	25141.6	1361.1	11776.8	1	True	sat49/cert-20261001/results/h1_9384263267866926.i-0ed97058cb2b43497.1791003130.tar.zst
h1_910b1e0fb5d8b9cc	3	f7dfba88437494cc88d62a58b24a0a5b34c97b594dcc6640c4d75b9fc41fde48	CERTIFIED	i-0ae49db6e2207b817	r6g.16xlarge	4000	fdde3216b9c7bab7c70cc98584ce7617ad3ad90665561d23d4399b58bf4ed269	5584997921	17486.1	943.0	11770.6	1	True	sat49/cert-20261001/results/h1_910b1e0fb5d8b9cc.i-0ae49db6e2207b817.1790995272.tar.zst
h1_81663d6489b63999	2	3566c54dd93be667b6a4bf642d0edf640f583c65483dcf4d0ca8864c2f14957d	CERTIFIED	i-0ed97058cb2b43497	r6g.16xlarge	4000	027966eedef39ad3410595929855e807f1d3eab7ccd26859ddedf47129316e36	9158715532	30108.3	1868.1	11749.6	1	True	sat49/cert-20261001/results/h1_81663d6489b63999.i-0ed97058cb2b43497.1791008439.tar.zst
h1_e2a89bb713bd449f	2	26e47b1e38b6602bc279b9eb477c0d885345cde59357fe4a1c8772f0bc32b353	CERTIFIED	i-07c361d997bfe3832	r7g.16xlarge	4000	37a9f8c0f356dc94b142be31e003735079738a0cbd3d5f1ceab5d912366b0313	5415171481	12435.1	768.3	11744.6	1	True	sat49/cert-20261001/results/h1_e2a89bb713bd449f.i-07c361d997bfe3832.1791014566.tar.zst
h1_8241e5bc7cffb970	2	25f42630631feafeb15f60a994709c839b2d54612b75c108f50c78fdcf92d03e	CERTIFIED	i-0ae49db6e2207b817	r6g.16xlarge	4000	2f75e61af5e887115cfa625dfb4f30c65736884142ea3e6af8ed4aa922a6920e	5755146394	17480.1	979.3	11733.5	1	True	sat49/cert-20261001/results/h1_8241e5bc7cffb970.i-0ae49db6e2207b817.1790995463.tar.zst
h1_e6b0e599c6f3fbae	3	1054290099cd8323fe53d4b4413ba7f8049f600111a3b42cab32da33a0f76a2d	CERTIFIED	i-0ed97058cb2b43497	r6g.16xlarge	4000	61abcd204449f31e37d2a3fcdbbd921c68d1ee89fb754f8792b05296f8905c24	5326525280	17674.3	878.5	11724.1	1	True	sat49/cert-20261001/results/h1_e6b0e599c6f3fbae.i-0ed97058cb2b43497.1790995585.tar.zst
h1_1720cc9c1364c4db	3	c1b59117e816c290d88c70b7cb4c46d768b2df02a5bcc68775308ce2eba75cd9	CERTIFIED	i-0ed97058cb2b43497	r6g.16xlarge	4000	c5fecb44b08ec65d64d53f03e252f91090dffa0ae92fa2df80078f7decce2ab5	5418121308	17046.8	899.7	11713.6	1	True	sat49/cert-20261001/results/h1_1720cc9c1364c4db.i-0ed97058cb2b43497.1790995001.tar.zst
h1_feec70808fa448e6	3	bb68711ab90bfddea44e991dfe7a079db9db1c4b1b69984e40725567d8c8a383	CERTIFIED	i-0b27ca5b6248c0a7d	r8g.16xlarge	4000	b66bb83415ef0d8d0b9d77311873cdd03794924c14fcb238e32e5a768968d69b	5787869978	8452.1	592.9	11709.6	1	True	sat49/cert-20261001/results/h1_feec70808fa448e6.i-0b27ca5b6248c0a7d.1791010423.tar.zst
h1_ee035efc51f00401	0	bbf55cace48845627571be884a513292987c4a5677b184c7558cd8678a594719	CERTIFIED	i-0ae49db6e2207b817	r6g.16xlarge	4000	6b88bcc100a79c662ad3bbdf17e79c4c0c7b7bfdce1276fb9caffa90255ae27d	5308677202	17406.9	942.7	11707.9	1	True	sat49/cert-20261001/results/h1_ee035efc51f00401.i-0ae49db6e2207b817.1790995485.tar.zst
h1_f9d0b2176cf9890c	0	322cc099b32f925d92b1d4106f2f7a8787b58ca8dabb164d7c04d5710ab8a9cf	CERTIFIED	i-0ed97058cb2b43497	r6g.16xlarge	4000	521d71ecf601c56a7bb5c7c237f40c35b355be1db14e3b58faf9d60a22e2e54f	5395207335	17075.3	932.3	11677.1	1	True	sat49/cert-20261001/results/h1_f9d0b2176cf9890c.i-0ed97058cb2b43497.1790995219.tar.zst
h1_006a83940561b7bf	1	7794a4bccaecbce52427f78b46224516092e224d199b21aab8f77f9004c20936	CERTIFIED	i-0ed97058cb2b43497	r6g.16xlarge	4000	cf260e295c9f4359707fcae80b2173ac4867c9a565f205b46a4cff4f241dcfcb	5265811527	17661.3	910.7	11652.8	1	True	sat49/cert-20261001/results/h1_006a83940561b7bf.i-0ed97058cb2b43497.1790995824.tar.zst
h1_cbba5d648b0e5433	1	d3856aaae5bd44c929152cddc4a3ff43f838d39a6a47745a953f2fd5c4748ae8	CERTIFIED	i-0ae49db6e2207b817	r6g.16xlarge	4000	eb52a6b945b39b38ee7c99112d3804c1c6685596475d9e299667ec8da8684f8a	5133590796	18649.0	903.8	11635.3	1	True	sat49/cert-20261001/results/h1_cbba5d648b0e5433.i-0ae49db6e2207b817.1790996857.tar.zst
h1_8afef2a897fdd8ba	2	45bf836694b3ea30e6a81de9f891c4a37fade87f5f3d8690f656f00f893e0bdb	CERTIFIED	i-07c361d997bfe3832	r7g.16xlarge	4000	627c19b0e5f24d4dfae90326d434cb5e61962924e92763ec0785491c93b34ab8	5609116942	12340.0	731.8	11601.5	1	True	sat49/cert-20261001/results/h1_8afef2a897fdd8ba.i-07c361d997bfe3832.1791014442.tar.zst
h1_9cad1639d81c3ff3	0	bf9489bd34fad9766168aaf20b0e249b89d3c461b2109a1c032fdafea499765c	CERTIFIED	i-0ae49db6e2207b817	r6g.16xlarge	4000	93bf82ae4cc6e08f685a362d0380f48bff2cd2e816b0d5a07d368249bc0f1cf0	5402830664	17544.6	943.8	11588.0	1	True	sat49/cert-20261001/results/h1_9cad1639d81c3ff3.i-0ae49db6e2207b817.1790995922.tar.zst
h1_08881b313fa69f2c	1	9bf0071918a91618cf1c49318b7596ae03f784ae063dfe47168d4af4a99cffdb	CERTIFIED	i-0b27ca5b6248c0a7d	r8g.16xlarge	4000	e93801c43e49c6b2190a81274477132957dddd34e5b817baef70a2026118b620	5844342803	8385.5	584.6	11560.2	1	True	sat49/cert-20261001/results/h1_08881b313fa69f2c.i-0b27ca5b6248c0a7d.1791010347.tar.zst
h1_40ec89d840cdc66f	3	a32b17ff951c4db2b72bd16f08f040a40d83b84abd380161f5154771fcfb8fd5	CERTIFIED	i-07c361d997bfe3832	r7g.16xlarge	4000	3babf8c68bd315e5a000f6885cf2152b6335340a82c2c628a8abe611a02bdabe	5366992583	12259.4	738.2	11528.4	1	True	sat49/cert-20261001/results/h1_40ec89d840cdc66f.i-07c361d997bfe3832.1791014384.tar.zst
h1_c51a1db5125d0c3d	3	67d7eb096c6aea591905434f810c5d936304953653f30c0f0b4caccfd6101d8c	CERTIFIED	i-0b27ca5b6248c0a7d	r8g.16xlarge	4000	cbb6b5c281b0cc554e40229c921fd275e7cad6b2d7f28f9802819537376af687	5654259937	8234.6	557.9	11521.6	1	True	sat49/cert-20261001/results/h1_c51a1db5125d0c3d.i-0b27ca5b6248c0a7d.1791010155.tar.zst
h1_ab7063258b2a4c1b	3	5255e39773565b1198a3fd5223b35e969233db3770ec5797acfb55b8655b0f62	CERTIFIED	i-0ed97058cb2b43497	r6g.16xlarge	4000	b1168a1eff54fc0fcff5c64adb043f2892d0611aad993e6b3319233a02b2e0a7	5881366825	17711.0	977.8	11513.2	1	True	sat49/cert-20261001/results/h1_ab7063258b2a4c1b.i-0ed97058cb2b43497.1790996482.tar.zst
h1_78e6402bdeadb52d	2	15f64533659d718189e1976abfedf76ceb4c33866f31420c2885eb7c150142c3	CERTIFIED	i-0ed97058cb2b43497	r6g.16xlarge	4000	5be360e878a01568fa3614471f6862493e005dc4c3b6208e41cb67c7e93121eb	4943775743	17489.3	851.0	11485.2	1	True	sat49/cert-20261001/results/h1_78e6402bdeadb52d.i-0ed97058cb2b43497.1790996051.tar.zst
h1_04a82d59d677a074	3	1f12bca1c6959d790a36ce4ae622c632c94856a85e9156384b42c21b4cfb3b24	CERTIFIED	i-07c361d997bfe3832	r7g.16xlarge	4000	0264b631c55fe0edbb57a3abfcca7bc3a63fffd3f224f81acb9da53b160dbe3d	5273276622	12207.0	706.6	11466.6	1	True	sat49/cert-20261001/results/h1_04a82d59d677a074.i-07c361d997bfe3832.1791014283.tar.zst
h1_b7885f6613b52c9e	2	25335427649c358ee6a3a978aa73f48d4d3dfbce192469f522af936d44b43d8f	CERTIFIED	i-0ae49db6e2207b817	r6g.16xlarge	4000	5d2cf330298b4edce34a6fc26870b84cf9469647698229eb01f6ffd2f78bdff4	4972686465	16420.3	839.1	11440.2	1	True	sat49/cert-20261001/results/h1_b7885f6613b52c9e.i-0ae49db6e2207b817.1790995085.tar.zst
h1_a238126158eaf6b9	1	c26f4ad75c25ec68fc614ed1c37858349984abe0625dea48906816b3c801087c	CERTIFIED	i-0ed97058cb2b43497	r6g.16xlarge	4000	ba5ad9a7bddd03a2ab7b4a4485a2b2c197817b2ac4d602198b38e8bd0089d009	4864509158	17067.9	847.3	11371.6	1	True	sat49/cert-20261001/results/h1_a238126158eaf6b9.i-0ed97058cb2b43497.1790995848.tar.zst
h1_4dca9b91b25339f4	2	b3b485fea8ead074ee6b8d1699eda84f17efa0f2dc45d33f5fef211012170bfb	CERTIFIED	i-0b27ca5b6248c0a7d	r8g.16xlarge	4000	4c5e96d7fd52b75e0d71de32e95109707a04ae21ec7eeb5f68032ce39de64977	5036461516	8131.9	510.1	11368.6	1	True	sat49/cert-20261001/results/h1_4dca9b91b25339f4.i-0b27ca5b6248c0a7d.1791009982.tar.zst
h1_a26d1fed988e3716	1	7c84fa7d3512b09155b358bc91f2af55fb95051c02f990ae4ca77de99e53b04e	CERTIFIED	i-0ae49db6e2207b817	r6g.16xlarge	4000	7007d1df96f8ebf1f226776500780e1452facbcd1c51924fc54a15427525391f	5144112323	17924.7	889.2	11358.0	1	True	sat49/cert-20261001/results/h1_a26d1fed988e3716.i-0ae49db6e2207b817.1790996974.tar.zst
h1_a372886e2213fabe	2	a44b75a8070f6db2844838c0e3bc3f7c1e4789f3c5da44c65b1db0040a9ea140	CERTIFIED	i-07c361d997bfe3832	r7g.16xlarge	4000	2daf54a3086b3a7600ff6abd8130bb993b19d81ea8a5db377ab61c1eff7b33aa	5364511375	12052.3	731.3	11350.6	1	True	sat49/cert-20261001/results/h1_a372886e2213fabe.i-07c361d997bfe3832.1791014182.tar.zst
h1_a3b4249aab24dc9c	2	9040add61fc9eafe52e91c27c8109b90b29660203d4087301f2017b186963bf3	CERTIFIED	i-0b27ca5b6248c0a7d	r8g.16xlarge	4000	62e8f59407435ed1bec7984f9fc8baa9a806e010a76dcc8ea00c56713a9ab2ad	5129380899	8190.1	535.3	11313.1	1	True	sat49/cert-20261001/results/h1_a3b4249aab24dc9c.i-0b27ca5b6248c0a7d.1791010069.tar.zst
h1_e3b88aef1a8c3d98	0	6acf5f519e841477d07973fb4602d1fc8cdc94e45e9b0d32f214ca47b9810865	CERTIFIED	i-0ed97058cb2b43497	r6g.16xlarge	4000	8b5beb296c63f7db50316560f193093139674445b0d049ce7e085260154dc9e2	5041946756	16331.3	853.4	11297.1	1	True	sat49/cert-20261001/results/h1_e3b88aef1a8c3d98.i-0ed97058cb2b43497.1790995501.tar.zst
h1_998b3c8afd67a54a	2	0ba2506bd23f0078b5f535667f08164f91e084fd26244d548dc182bcb966a8f3	CERTIFIED	i-07c361d997bfe3832	r7g.16xlarge	4000	7d595bc1deb705b2b720ddb4835309a6d5c6290442ef3c26559a6afe6769c23e	5142652819	11989.5	714.2	11273.5	1	True	sat49/cert-20261001/results/h1_998b3c8afd67a54a.i-07c361d997bfe3832.1791014070.tar.zst
h1_05425d6f810b0523	1	d084c1f6389751ea332c12044e0476530e0ceaa7c4eca4c8c54079efd0936ba8	CERTIFIED	i-0b27ca5b6248c0a7d	r8g.16xlarge	4000	537cfbf98850ace48bfc337d150ab022df2bcd795467d8ae47d70fcea7e3cf2a	7297073456	12271.2	790.0	11267.0	1	True	sat49/cert-20261001/results/h1_05425d6f810b0523.i-0b27ca5b6248c0a7d.1791014417.tar.zst
h1_aed244966351a15e	3	2840de774fe37ebc2f5b9bcbcf26cb13b2c405a97e6418175f42fbf7123272e6	CERTIFIED	i-07c361d997bfe3832	r7g.16xlarge	4000	e0eb91e77ef4b7edf490775eab6b66e30809140ec408a9541ddfe3070e3f2133	5484916034	11834.5	778.6	11228.4	1	True	sat49/cert-20261001/results/h1_aed244966351a15e.i-07c361d997bfe3832.1791014044.tar.zst
h1_5f3c2f1623b71b4f	3	915e40567ae96cb56f2440a955e4267f7a3b84872f4109f66cf95e5bad1d46a2	CERTIFIED	i-0b27ca5b6248c0a7d	r8g.16xlarge	4000	0572d5ab82f4bd90ed2778d79682bc956742f5b25f8511e9c78b50cee508e2e3	5440963638	8051.8	548.9	11223.7	1	True	sat49/cert-20261001/results/h1_5f3c2f1623b71b4f.i-0b27ca5b6248c0a7d.1791009990.tar.zst
h1_8024d41e36fcffac	3	a3ee2c3027eb78b49c57b486d26cade6483cdba06445559aab3dc34fd5976f7a	CERTIFIED	i-07c361d997bfe3832	r7g.16xlarge	4000	5a30d516b3635663c9badc8afc623839276617c52df91bffc709834797cb2c60	5712564619	11734.6	792.7	11190.3	1	True	sat49/cert-20261001/results/h1_8024d41e36fcffac.i-07c361d997bfe3832.1791013989.tar.zst
h1_f8ff70b402102b00	0	11020ca3bb10d3a9ba1b25ea02e89f0878041d802a1b757b0acce3c76a58fc8f	CERTIFIED	i-0ae49db6e2207b817	r6g.16xlarge	4000	9269b3f503703067bf71ad9d119c99124e557ef73a12abbe101a4c1cce4eb50e	6751709929	24872.2	1264.0	11170.2	1	True	sat49/cert-20261001/results/h1_f8ff70b402102b00.i-0ae49db6e2207b817.1791004476.tar.zst
h1_4b33ba7ccf02d6e0	1	d5411d14e0073670c192e95f67fab159652188b0e67e25b3047204de9799f884	CERTIFIED	i-0b27ca5b6248c0a7d	r8g.16xlarge	4000	a9718611b30f9b46ebcd20fe190696ca373b85e2c0e617ca4c06629aac6f94a3	5125308010	8005.4	513.6	11133.6	1	True	sat49/cert-20261001/results/h1_4b33ba7ccf02d6e0.i-0b27ca5b6248c0a7d.1791009889.tar.zst
h1_42ca2e4bd5748233	4	c76038d014ed1d971a21c7b7408532aa09bd0a8ff42da7183471f1c5061ef114	CERTIFIED	i-07c361d997bfe3832	r7g.16xlarge	4000	3cadeb68104a1b455a1e71e96ec7f50ca1f46c66796910ef41589524fbe9386b	5636849061	11729.6	756.2	11108.9	1	True	sat49/cert-20261001/results/h1_42ca2e4bd5748233.i-07c361d997bfe3832.1791013914.tar.zst
h1_05dd8e79156ec278	3	67d262d44ab71a2fbf56aa26a3bb4db478710dbf0f84317ca2097aadc056a5d7	CERTIFIED	i-0b27ca5b6248c0a7d	r8g.16xlarge	4000	9622de6d7edee5579a6a19b25735f1eab696435a17b95f0d11951694af3b69b7	5222958109	8015.4	517.4	11094.3	1	True	sat49/cert-20261001/results/h1_05dd8e79156ec278.i-0b27ca5b6248c0a7d.1791009899.tar.zst
h1_7d233115aa125bba	2	f56840e978266955ace2da6429502be6682fea7b7d35b375759d185aba5a6200	CERTIFIED	i-07c361d997bfe3832	r7g.16xlarge	4000	05cd0a166824b23e4c53b62ccd962bfe41b35cf2cc9361366dbd0edc415e1f2c	4926903161	11792.4	689.7	11085.2	1	True	sat49/cert-20261001/results/h1_7d233115aa125bba.i-07c361d997bfe3832.1791013874.tar.zst
h1_1ef884361530dd36	0	4a8fa8b80dbe403db90858e6f10e9521d98e1edefa31d90a3350ff08c4b8784a	CERTIFIED	i-0b27ca5b6248c0a7d	r8g.16xlarge	4000	5261cfef0a5c3a01a70197601763c95a68dd77a9c66060c23727457ce68c13b4	5208734910	7943.4	533.5	11062.8	1	True	sat49/cert-20261001/results/h1_1ef884361530dd36.i-0b27ca5b6248c0a7d.1791009862.tar.zst
h1_39f7f16df81956f7	4	03d286e586c84daf8f8ec1e3026065de656c23b1e5ae943ebbe74daa50069b9c	CERTIFIED	i-07c361d997bfe3832	r7g.16xlarge	4000	70c053dde3c84e47714600963a57f759c46d7dad7b0044ef9263d3f48f1bf96a	5399371831	11751.4	704.0	11048.4	1	True	sat49/cert-20261001/results/h1_39f7f16df81956f7.i-07c361d997bfe3832.1791013886.tar.zst
h1_91aebd0182d1d2b6	1	34c999f9c5a2b15a0ead15a2440679f4dacce33ac759314ca23ab070f83a1662	CERTIFIED	i-0ae49db6e2207b817	r6g.16xlarge	4000	e849bd8b9b819458f7e2df5100a7d3fac0993b29d81676775151562c661124a1	6870989417	24005.6	1189.0	10995.7	1	True	sat49/cert-20261001/results/h1_91aebd0182d1d2b6.i-0ae49db6e2207b817.1791004078.tar.zst
h1_5f50807b0765d9b1	2	ba295d9621f667a89bca79e770798281a94fc483cf252f1084019bcf00d9bfba	CERTIFIED	i-0ae49db6e2207b817	r6g.16xlarge	4000	52ba8729ba68b072fc51ce3946dab41a2a43da795aa1d8621af8619713cdb810	5171639063	16549.7	854.9	10978.7	1	True	sat49/cert-20261001/results/h1_5f50807b0765d9b1.i-0ae49db6e2207b817.1790996475.tar.zst
h1_0e0ad4ac5337b9b9	0	31e79447d0c49b3aaf896e7e276de601dd06af234beb76f8d498bfe54ec1ac92	CERTIFIED	i-0b27ca5b6248c0a7d	r8g.16xlarge	4000	e5a58f7d175c50f36075e7f723d332f97e1d983991d904ac31c1c5a8f346e39f	5220297417	7610.1	516.0	10975.6	1	True	sat49/cert-20261001/results/h1_0e0ad4ac5337b9b9.i-0b27ca5b6248c0a7d.1791009511.tar.zst
h1_fa19d2163de1cbba	1	952678e64629df1002449f07a64b0021183e22021acdba7a6601c0864c62f945	CERTIFIED	i-0ed97058cb2b43497	r6g.16xlarge	4000	427c2b694f172b33aa99289cf4852794efcca5959f2b6d336f40c3106e38caed	7695050936	24957.7	1372.6	10962.8	1	True	sat49/cert-20261001/results/h1_fa19d2163de1cbba.i-0ed97058cb2b43497.1791005467.tar.zst
h1_3cb87a6f7665c2e4	2	89276106e90226d6230b8a6b7837e8b5b84a1ef3fe7499e7bccbe193e021fd86	CERTIFIED	i-0ed97058cb2b43497	r6g.16xlarge	4000	66c0550f25aa77e3f86cc5566fa0f652770e8c6592f9d395a6c1e9ba82597b2e	5558719676	16878.5	922.6	10914.2	1	True	sat49/cert-20261001/results/h1_3cb87a6f7665c2e4.i-0ed97058cb2b43497.1790997588.tar.zst
h1_758699267f6888e9	2	459d57adee8b961345d20d9bf0ab616940ee96ca737aaba8cb75019dc8c0831f	CERTIFIED	i-0ae49db6e2207b817	r6g.16xlarge	4000	17d4624d98f8248e65e75ebb2e5a68190efc97259cda43b58f955f40b1ab0bed	7260443433	24567.0	1321.1	10893.2	1	True	sat49/cert-20261001/results/h1_758699267f6888e9.i-0ae49db6e2207b817.1791005445.tar.zst
h1_04df606bb844af19	2	51431acae28020b7e0be79f8ca37b775ae8a44a7b978d06baed2b25caa30759f	CERTIFIED	i-07c361d997bfe3832	r7g.16xlarge	4000	2e74da5f24abb802f5eea2e27fadc97d550b8b5147973939c7336add5319a7c6	8356145469	19840.4	1239.7	10861.3	1	True	sat49/cert-20261001/results/h1_04df606bb844af19.i-07c361d997bfe3832.1791022551.tar.zst
h1_8ac79eacda7c2607	3	e21404bdb7e5d48ec748c3e7279678de5e9619cd5e4928c9a6a527cbd58f7989	CERTIFIED	i-0ae49db6e2207b817	r6g.16xlarge	4000	f2a82c394dabafbf305dc23452320bbdcce21985ce5e721064dd367cd8d0c683	5280543514	16411.2	894.8	10857.7	1	True	sat49/cert-20261001/results/h1_8ac79eacda7c2607.i-0ae49db6e2207b817.1790997203.tar.zst
h1_9033701a4a95c977	0	7686c6b47c6c81d65bcb9de8db30c7d02ca0e48af9965175d50ed674c7b38e4c	CERTIFIED	i-0ae49db6e2207b817	r6g.16xlarge	4000	307c36bd8a72ef8deed9353a1f5426842820c37635d247e2cad54bf35e12481e	5976991704	18839.8	1048.3	10849.6	1	True	sat49/cert-20261001/results/h1_9033701a4a95c977.i-0ae49db6e2207b817.1790999844.tar.zst
h1_f503aac20ea047e0	2	4320fb40124d5bf9853bfea8bcd3234a247588a954530f0ad6217fc1f72e8cfd	CERTIFIED	i-0ae49db6e2207b817	r6g.16xlarge	4000	fc79d1a44cadc1cd0ebefc32650e281f4adcb74bbaa4bc2edc2c5298eb941669	7134191648	22795.1	1245.9	10845.4	1	True	sat49/cert-20261001/results/h1_f503aac20ea047e0.i-0ae49db6e2207b817.1791003856.tar.zst
h1_8747ae024de40fd4	2	851e761988b2091fb08228fbc4954f04c37b79da178e6ebe6c769f60f9c5eaad	CERTIFIED	i-0b27ca5b6248c0a7d	r8g.16xlarge	4000	8ec05ea5ff78e5e22e1170aa904d16163785be62704599afdc7817a0b7d054ee	5168916079	7767.0	528.6	10830.2	1	True	sat49/cert-20261001/results/h1_8747ae024de40fd4.i-0b27ca5b6248c0a7d.1791009669.tar.zst
h1_56959384149d2a7a	3	936aa6bbd400a3cb9932b09937c8d47fc71b2953722ab3d1a0d9836f29c59b42	CERTIFIED	i-0ae49db6e2207b817	r6g.16xlarge	4000	43f914086a5f07d1a9fabe331679db9eacab16c313658e94957817c054c11cae	5489283094	16341.2	884.9	10825.6	1	True	sat49/cert-20261001/results/h1_56959384149d2a7a.i-0ae49db6e2207b817.1790997421.tar.zst
h1_570dabc320b62daf	2	760c102972ca40d165b718d8a85e217bdb472b69586220f5dbeab27c022ae6f4	CERTIFIED	i-07c361d997bfe3832	r7g.16xlarge	4000	59d393a012e9fa44ef311fb55712a13d171b1a6561c2ef8f0369f2290cb091b8	5109213219	11460.7	685.6	10808.4	1	True	sat49/cert-20261001/results/h1_570dabc320b62daf.i-07c361d997bfe3832.1791013571.tar.zst
h1_60b3d72bcc859b05	3	f06c0d08f353613d9f4c25692b06e960160cf48b541e830fc3b389ee906eb583	CERTIFIED	i-0ed97058cb2b43497	r6g.16xlarge	4000	503e309142fe0a4c1621f3753e61226d53fd4f30ef745c2f6188e0b391b9ca1c	5147603451	15952.7	856.2	10806.5	1	True	sat49/cert-20261001/results/h1_60b3d72bcc859b05.i-0ed97058cb2b43497.1790997321.tar.zst
h1_e354f0a37bce3d4d	1	c25480c923d2bbf8996a85dcf9015309623d9988745c5d44124bc1c7b44014a1	CERTIFIED	i-0ed97058cb2b43497	r6g.16xlarge	4000	a388f51cf570a4818f18e1e13220f2826283d333d0b5a737d0d7ef9522bbf178	4855906619	16525.5	848.8	10792.4	1	True	sat49/cert-20261001/results/h1_e354f0a37bce3d4d.i-0ed97058cb2b43497.1790997885.tar.zst
h1_35f6d9b47e1b2b37	3	8fd704a73f005c3695bdd9b091984301fb5f2e4b2fedd400e26cac2d7a9051b1	CERTIFIED	i-0ed97058cb2b43497	r6g.16xlarge	4000	21ab5b41290ca4a04be40196bee858d602744bfacdb96bfedcbccaee3452e6e4	5390832719	16602.3	874.6	10790.3	1	True	sat49/cert-20261001/results/h1_35f6d9b47e1b2b37.i-0ed97058cb2b43497.1790998071.tar.zst
h1_67db85d41e2dfca8	2	26aeac863c797401856ba6aba358f2931e541f3edbcb7380d427d66528f6336e	CERTIFIED	i-0ae49db6e2207b817	r6g.16xlarge	4000	995ae3f525cf7b2a4dffd7956a1785a934ed77f948d351f639fdcdc1859fdf8d	4821648292	16250.6	812.7	10777.3	1	True	sat49/cert-20261001/results/h1_67db85d41e2dfca8.i-0ae49db6e2207b817.1790997694.tar.zst
h1_1430bb501b02eb93	3	12ebd67f8ccf791ac5d138310713c99feccd3db98e6cecb1dcaf5dc00fd1e121	CERTIFIED	i-0ae49db6e2207b817	r6g.16xlarge	4000	f8c9139672f1a4576e9c29272c5b79760229edce16d62b3d9a03a30c04c7a7f9	6874847916	21050.9	1142.1	10747.9	1	True	sat49/cert-20261001/results/h1_1430bb501b02eb93.i-0ae49db6e2207b817.1791002768.tar.zst
h1_68f27a3084f0f781	1	60466accad041b111f0dd4bcf3ea51b0ba2d61f5150b73b6edeebb5fc38bd736	CERTIFIED	i-0b27ca5b6248c0a7d	r8g.16xlarge	4000	5a54ed6143a319e902c93cc89ecde4a3c877c4bbb1a48a4dce46abd616a5bc55	5067441956	7801.8	490.6	10745.9	1	True	sat49/cert-20261001/results/h1_68f27a3084f0f781.i-0b27ca5b6248c0a7d.1791009668.tar.zst
h1_166b3d4623100d12	3	1fb4e2029668ee7bffe484978d36268a9946e771a6ed17f3c159dd678342d331	CERTIFIED	i-0ae49db6e2207b817	r6g.16xlarge	4000	f35a26cebc81ea80b54ad38c3317b52b2ec3e1f807ad3ca37575354b5e907e4f	4711965572	16218.6	766.9	10743.6	1	True	sat49/cert-20261001/results/h1_166b3d4623100d12.i-0ae49db6e2207b817.1790997777.tar.zst
h1_e1f24c444829ebb8	1	196a44e45acbbf09b552e690f8e80f34dfbc5d90940a0366247671c2321bd82b	CERTIFIED	i-0ae49db6e2207b817	r6g.16xlarge	4000	55d568bf98341f442eeb2036084673de510f9c1d340d21e17017eac863dd4532	4940545475	15897.8	837.1	10728.9	1	True	sat49/cert-20261001/results/h1_e1f24c444829ebb8.i-0ae49db6e2207b817.1790997755.tar.zst
h1_fbabc5ece1947959	1	af699ce2a98e25408fe2272ab6ef39049696c44f7b9e9b6da1c11b8163a51de4	CERTIFIED	i-07c361d997bfe3832	r7g.16xlarge	4000	33c26257710daab6656382e1e9b8a1757d63312c5fa7d0beae17ef50734d146f	4880100601	11394.1	669.7	10718.9	1	True	sat49/cert-20261001/results/h1_fbabc5ece1947959.i-07c361d997bfe3832.1791013471.tar.zst
h1_38ebc4546fc6ff36	2	97489848d0dfa34aa8f4ed64d322b045befaf278fab125f90604b9ee88561606	CERTIFIED	i-0b27ca5b6248c0a7d	r8g.16xlarge	4000	b4be18c5fda20d8db9bb4cb33bfcc3e531c3be579ebf3e063c04419bc4b9b355	5166644021	7692.4	512.9	10709.6	1	True	sat49/cert-20261001/results/h1_38ebc4546fc6ff36.i-0b27ca5b6248c0a7d.1791009593.tar.zst
h1_432290054b846d79	1	b4bb8c5827bf32cad68a35b0423f54530e20727ad1a4cea21845983a6394f1af	CERTIFIED	i-07c361d997bfe3832	r7g.16xlarge	4000	2a21619e14e520702330464b4e92c6f2ee24253b7b147ffe424c03638ecb9c79	5319081610	11118.9	716.6	10704.8	1	True	sat49/cert-20261001/results/h1_432290054b846d79.i-07c361d997bfe3832.1791013301.tar.zst
h1_42c8289300cd21a8	3	a00568ea9c36fadec1a809ea13302fe6b7001fe612925d1956888d39c19def92	CERTIFIED	i-0ae49db6e2207b817	r6g.16xlarge	4000	645db304957b3d9867a1142f0f7c1216b2e751cc0b465969e710c28cd16c773d	4619573148	15972.2	790.2	10698.2	1	True	sat49/cert-20261001/results/h1_42c8289300cd21a8.i-0ae49db6e2207b817.1790998466.tar.zst
h1_ad91f4263b5a9326	1	b8c3832f0f377498f46917b45a469fed9adc616181806be3bf98195ce83bd6a7	CERTIFIED	i-0ed97058cb2b43497	r6g.16xlarge	4000	cb084592058a7eb3d4b197bd37fe1d85b7b7b149f3a3a5ae0ae82cd5cd42caa1	5247597640	16369.3	912.7	10690.0	1	True	sat49/cert-20261001/results/h1_ad91f4263b5a9326.i-0ed97058cb2b43497.1790999329.tar.zst
h1_6fd79d5ecfae793e	2	92f635ac6c479832d3bcac33f6e69d9a79ae698726f795a94fa2e0a5a2b8e385	CERTIFIED	i-0b27ca5b6248c0a7d	r8g.16xlarge	4000	62ab42303be3204d9f7869127c822e635fe9abfc80a1cff61f0faf2bb3660377	4965114832	7743.1	489.2	10648.2	1	True	sat49/cert-20261001/results/h1_6fd79d5ecfae793e.i-0b27ca5b6248c0a7d.1791009604.tar.zst
h1_d3a6739c54143faf	1	e5fb5434d341cb2b9223395603080d0927e0d85cfe453272fecea2567149dc5e	CERTIFIED	i-07c361d997bfe3832	r7g.16xlarge	4000	030cd62cc8b26c383c5311a34069c428d78445c4edfd9002dc5cc58bd9bf05a3	5202403455	11248.6	689.2	10636.7	1	True	sat49/cert-20261001/results/h1_d3a6739c54143faf.i-07c361d997bfe3832.1791013368.tar.zst
h1_d8df06e3063d9c64	1	fa88d2b6d751d5329c574f6745a8260564fd70763eaaff2f05d25f9e3f51ee7c	CERTIFIED	i-0ed97058cb2b43497	r6g.16xlarge	4000	146d4811613e5274f20f9224d2f86ffdb0a5dd4086ca249db335197c3cb4b0a2	4670462013	16180.0	804.1	10636.6	1	True	sat49/cert-20261001/results/h1_d8df06e3063d9c64.i-0ed97058cb2b43497.1790999399.tar.zst
h1_eafea3aa6f6def01	1	90c35e43141e3d0e6dabd688d0485746786e5880b6532f5c13e7dfc353d4665c	CERTIFIED	i-0ae49db6e2207b817	r6g.16xlarge	4000	ef9bc8fb3ad0ea90c624d6f542fd587ceb31a2487f79132106bc59cdf98fd4a7	5463961218	16386.8	914.6	10556.1	1	True	sat49/cert-20261001/results/h1_eafea3aa6f6def01.i-0ae49db6e2207b817.1790999998.tar.zst
h1_6f68a815992df1e5	1	6124b0ec076d6fea7dc601187b56c0d18b528cb1a30c0d8a1b8010bc3746f3d3	CERTIFIED	i-0ed97058cb2b43497	r6g.16xlarge	4000	b457db33540d575c64bff944aa5179d046ae067345352d56274083f77b946b50	5094493299	16156.6	859.5	10550.4	1	True	sat49/cert-20261001/results/h1_6f68a815992df1e5.i-0ed97058cb2b43497.1790999866.tar.zst
h1_4052a8c1ecc0e874	2	3339e13fb8742d118d1c99d84fbe77697c4d4426453a9c4e715e5cce7628197f	CERTIFIED	i-0ed97058cb2b43497	r6g.16xlarge	4000	aa156f0a386c41e9782ac12b9570158e4eea89422ce2154e920de8f9ca0bd8a7	4745956802	15518.6	832.4	10546.0	1	True	sat49/cert-20261001/results/h1_4052a8c1ecc0e874.i-0ed97058cb2b43497.1790999408.tar.zst
h1_b571f21f6d278325	1	4c571a40dc67c795a7f6c3374d23cb1e7c6ed73f36993b2f02cfc73e3099816b	CERTIFIED	i-0b27ca5b6248c0a7d	r8g.16xlarge	4000	0527fafec3bed596fdc2282ff5c14608424508416da95e22bc29bec7659bc235	5141370072	7763.2	507.8	10542.0	1	True	sat49/cert-20261001/results/h1_b571f21f6d278325.i-0b27ca5b6248c0a7d.1791009660.tar.zst
h1_f0edd139ad4f1163	2	23254dd7015cb4910cfa15667ecce3a5bb9568dd34baeeb279378a75c229f2d9	CERTIFIED	i-07c361d997bfe3832	r7g.16xlarge	4000	cab5509864252cb613510e3fe59b0c160acf5f96dc9bfdb90b5375a0f12ff574	5284355761	12693.9	742.4	10520.1	1	True	sat49/cert-20261001/results/h1_f0edd139ad4f1163.i-07c361d997bfe3832.1791014869.tar.zst
h1_2b26cc8703d91325	0	d9e780e1e41e939ad85e7a9b3f36a67d22f77496d7a85887d7ec1d49d0c54acc	CERTIFIED	i-0b27ca5b6248c0a7d	r8g.16xlarge	4000	43cd463f8b5d70c5bc45917f303443cc6a741b039512b4f6e0ba71d9b9d87c98	4840568149	7630.8	517.6	10497.7	1	True	sat49/cert-20261001/results/h1_2b26cc8703d91325.i-0b27ca5b6248c0a7d.1791009524.tar.zst
h1_b8a63eaa1d8b8db2	1	41f1bd8ef1fa3d56f121380c83e5d839b703822be9f83ee04a1724b351e2223c	CERTIFIED	i-07c361d997bfe3832	r7g.16xlarge	4000	acb169c011e7b3e215e0fa79f51434da13b23ce45475706976b84d29c526081c	7497509402	17932.6	1062.6	10479.3	1	True	sat49/cert-20261001/results/h1_b8a63eaa1d8b8db2.i-07c361d997bfe3832.1791020440.tar.zst
h1_1bfdd5d4f6a36fc7	2	07a027ad6e6f5d6e0ef383902feba1303be9ab8a31cd2eeff80dcf1430538846	CERTIFIED	i-0ed97058cb2b43497	r6g.16xlarge	4000	e279b2b60b28cfc0aab0784bd5a1577dec51caa2b515f47f109d86ef083dffe4	7800056482	23249.3	1336.2	10463.1	1	True	sat49/cert-20261001/results/h1_1bfdd5d4f6a36fc7.i-0ed97058cb2b43497.1791007716.tar.zst
h1_bd9e7770ea09c471	1	d5e3690068a0a6a4161a59019587a9a3a0e8e0099e16b79c12191171a378a5e6	CERTIFIED	i-0b27ca5b6248c0a7d	r8g.16xlarge	4000	a62bb725d4802c2aa4aafff6fb60e4bbafd1b1de255ea22e0bc5cf4f8844f2c8	4484212897	7428.1	456.5	10440.4	1	True	sat49/cert-20261001/results/h1_bd9e7770ea09c471.i-0b27ca5b6248c0a7d.1791009242.tar.zst
h1_0753cd9f9708e804	1	e7eb8e63ecf1433d99097ba40333b4f20541483b63ee294da997abd171177cad	CERTIFIED	i-0ed97058cb2b43497	r6g.16xlarge	4000	03dfb6b4797d37b701e867e612bc269720b30e1ec0a7f644576e03937f0f4caa	4495972046	15152.7	767.2	10439.0	1	True	sat49/cert-20261001/results/h1_0753cd9f9708e804.i-0ed97058cb2b43497.1790999624.tar.zst
h1_0b2b7e54c36298b3	1	1c6a94067192d297c81d1289acd8015584aaa7bb7017f19685517c668a62591c	CERTIFIED	i-07c361d997bfe3832	r7g.16xlarge	4000	dfbb2684735a8b2cbd9d8337b2a1fd6ea2fd2f984c62d21a6b828f3425c7a959	4904565160	11070.9	685.7	10416.7	1	True	sat49/cert-20261001/results/h1_0b2b7e54c36298b3.i-07c361d997bfe3832.1791013209.tar.zst
h1_c37abf1ff10b65b4	0	9ffe30f85158313205f516168281ce4d85847e3e44378c6e59bb65ed5671521b	CERTIFIED	i-0b27ca5b6248c0a7d	r8g.16xlarge	4000	07183573a0fb69b8396bfde386a5625b24d9f1082cf0059e4643acf965f4aeff	5061264073	7464.2	503.1	10416.4	1	True	sat49/cert-20261001/results/h1_c37abf1ff10b65b4.i-0b27ca5b6248c0a7d.1791009365.tar.zst
h1_3da7e541fad64089	2	cf8096574a1d0c35a75c0abff16abfd4c7746b72ef620f7db13cd6bfdf7155e1	CERTIFIED	i-07c361d997bfe3832	r7g.16xlarge	4000	9d1bca5290b3b05a7b9b8c54d0c431533421ec5e9d029b93330ca852f90fd166	5936028375	11057.2	763.1	10403.7	1	True	sat49/cert-20261001/results/h1_3da7e541fad64089.i-07c361d997bfe3832.1791013346.tar.zst
h1_4134e1163487c9dc	1	fa77471882d81d21f43364fb1c9166951ff24626ee7a1dfb0d5ed4dd01a4fb55	CERTIFIED	i-0b27ca5b6248c0a7d	r8g.16xlarge	4000	0876e9f4e649a5cc61506bdf351fd419eb56434fc64d3577fc9f2d1baba91b2a	6442349211	9213.0	641.5	10399.3	1	True	sat49/cert-20261001/results/h1_4134e1163487c9dc.i-0b27ca5b6248c0a7d.1791011267.tar.zst
h1_2414c5c9a7f966ad	3	4b54abbb50fd907da776aac10e5cc8255cee2bcbb2d6e6add806eb61c18a120f	CERTIFIED	i-07c361d997bfe3832	r7g.16xlarge	4000	b7e9513aab64a6fbbba4ce6bcb8fe846092c4f05b0a9e374863538f8691df787	5512107579	11075.3	715.9	10395.3	1	True	sat49/cert-20261001/results/h1_2414c5c9a7f966ad.i-07c361d997bfe3832.1791013281.tar.zst
h1_e9531835da054fe8	0	44f852b4d4c16258efdd20d44a1b8a9863046079ad81888c34f21986a8881565	CERTIFIED	i-0b27ca5b6248c0a7d	r8g.16xlarge	4000	b8681b1fdb97ab75211c0fa422eced20fdcbaafe56fad817d2b4b8886ba8f9e8	5078162613	7475.2	505.5	10394.0	1	True	sat49/cert-20261001/results/h1_e9531835da054fe8.i-0b27ca5b6248c0a7d.1791009391.tar.zst
h1_7e1b066267e5b2fa	2	7a1572088407c1d162c256625cc5f77146dbd650af493dff0fa5fe405b274de6	CERTIFIED	i-07c361d997bfe3832	r7g.16xlarge	4000	06f8030a8c933c0faedad13ba7eca57346d371f41cffb2e92812aa215aff9c1f	5410965121	10982.1	736.5	10351.6	1	True	sat49/cert-20261001/results/h1_7e1b066267e5b2fa.i-07c361d997bfe3832.1791013232.tar.zst
h1_1e625287656f06c9	3	ccbf784052bf50acaf66062195503e6ea6160052b92834cdc96503bf8190b109	CERTIFIED	i-0ed97058cb2b43497	r6g.16xlarge	4000	5edf273f74e012acd75581c246404327f1d21ea3de31dcb8eb76544a49284ad5	5351827911	15373.8	915.2	10348.5	1	True	sat49/cert-20261001/results/h1_1e625287656f06c9.i-0ed97058cb2b43497.1791001159.tar.zst
h1_0cde4277d35ee8b1	2	6622670f347c046efa94ab3b2f1b9e60d6bb6872e6381155044d676ea7c9f211	CERTIFIED	i-0ed97058cb2b43497	r6g.16xlarge	4000	198255d04c8e80145c74ee90b84606bcaa4e62ff066cb445bfd1dbb9709b6ed3	4713447472	15732.8	792.1	10343.8	1	True	sat49/cert-20261001/results/h1_0cde4277d35ee8b1.i-0ed97058cb2b43497.1791001542.tar.zst
h1_a30d2dcc98848122	3	a3df2c63c97a9e695edefafbd07401b750a0239624b2ee74da57a8b1342766ce	CERTIFIED	i-0ae49db6e2207b817	r6g.16xlarge	4000	091fd0833dfc0262c32d76e74ba916d511006ffe1ce68a1b5949505b8b0698f2	5195180499	15513.8	879.0	10294.1	1	True	sat49/cert-20261001/results/h1_a30d2dcc98848122.i-0ae49db6e2207b817.1791001719.tar.zst
h1_a3da846c96a76e08	0	6416c878142057fb16ac76bb263fbddd5b588ca89f46472057e9e9dcd42aaaef	CERTIFIED	i-0ed97058cb2b43497	r6g.16xlarge	4000	28433a02e7d7d61b32c46b839d855e0ff6f6b4fe1e9cf19c7c28d8c30a518b03	4726669910	16537.0	842.4	10288.5	1	True	sat49/cert-20261001/results/h1_a3da846c96a76e08.i-0ed97058cb2b43497.1791002719.tar.zst
h1_d86cf74c681288a3	3	7b0446183d416067fc7b32ddf6c5c7a7a98b2bb1722d5e9d3173539f26105701	CERTIFIED	i-0b27ca5b6248c0a7d	r8g.16xlarge	4000	e4d69566f3b120d0d90a23e20b15e8c6df1d684f67bcefae95d951bb9ddd5d14	8952669642	14124.7	1012.2	10267.0	1	True	sat49/cert-20261001/results/h1_d86cf74c681288a3.i-0b27ca5b6248c0a7d.1791025181.tar.zst
h1_bb6f0b577c0f2c7b	3	0e44ceb7e30bf22b158e08a31fa3c5b9d277dd4505ac7ff67bfa06494aecb12d	CERTIFIED	i-0b27ca5b6248c0a7d	r8g.16xlarge	4000	1dee92514590f849b55eb32a41a545064eb75568c1c8265b96d0744f1a64aeeb	4722246680	7417.9	456.1	10260.6	1	True	sat49/cert-20261001/results/h1_bb6f0b577c0f2c7b.i-0b27ca5b6248c0a7d.1791009250.tar.zst
h1_8f74db1f82fd9a1a	3	a6832550bdc5b6173f5400cb8b218ca60d61fd37a2ef1a56a6f44f7cc4f17f7b	CERTIFIED	i-07c361d997bfe3832	r7g.16xlarge	4000	30005f705a352d43102d111c5eab6c58eb2ae0786c99d08a72b51a506d3a32c5	4434199989	10796.0	621.5	10248.5	1	True	sat49/cert-20261001/results/h1_8f74db1f82fd9a1a.i-07c361d997bfe3832.1791012840.tar.zst
h1_fecd4a0e9fb05960	2	608cdb2350fa7f3efb1d3abb8b9fe0a812c8f352602a71b9121d9c8596951675	CERTIFIED	i-0ae49db6e2207b817	r6g.16xlarge	4000	ce8c843414ec0a9a34c110624e561ca09f13c822b405a789027de04064f02ac6	4610737430	15325.4	771.3	10248.2	1	True	sat49/cert-20261001/results/h1_fecd4a0e9fb05960.i-0ae49db6e2207b817.1791002340.tar.zst
h1_97c6d62a2066abbf	2	ad5bc9cccbe58fb65a91ca96e2fd4241eb51ba7b99ff10dae500f0476738a7c3	CERTIFIED	i-0ae49db6e2207b817	r6g.16xlarge	4000	6038447f96dbe041826c67f8b34a719cf110a16efc49b16aed6d5d816b647e92	5486628344	15392.7	910.4	10229.8	1	True	sat49/cert-20261001/results/h1_97c6d62a2066abbf.i-0ae49db6e2207b817.1791002764.tar.zst
h1_ac7c82e2dd8475f1	1	57ec7858c12341b0a0ea3fffe3888d29cd89d634fcded4cf9d3f5f9bde1cffa0	CERTIFIED	i-07c361d997bfe3832	r7g.16xlarge	4000	d817a6944395af15a074a5253e3aa6214ad6f8d839498e374a41f169b73d1d25	5200757497	10820.6	691.2	10212.8	1	True	sat49/cert-20261001/results/h1_ac7c82e2dd8475f1.i-07c361d997bfe3832.1791013005.tar.zst
h1_147ac44b46ebb4b3	1	2006029d55a6e083182a0d316efeb77db88efdbffc3a8065326cf1eddd95a901	CERTIFIED	i-0ed97058cb2b43497	r6g.16xlarge	4000	1c063c7f588e6548009a4023c5397ea7603402a06b4bf3217f644972df841efd	4205591314	15284.5	749.2	10152.6	1	True	sat49/cert-20261001/results/h1_147ac44b46ebb4b3.i-0ed97058cb2b43497.1791002589.tar.zst
h1_4fa27f7ae62444f6	3	cf37db8ff3e249cc4b8530d4ad5f09650afc6936b138584a9166697fcdc26bf4	CERTIFIED	i-07c361d997bfe3832	r7g.16xlarge	4000	6e7fddc1e87c31bab380336f50ffbd022e98fc586308989fe154df69c5a4d1e6	6367200102	13875.6	888.9	10136.0	1	True	sat49/cert-20261001/results/h1_4fa27f7ae62444f6.i-07c361d997bfe3832.1791016266.tar.zst
h1_f19bc8938e62a8d9	2	8488329740378efd7d949536a6fb05548ea5536c4e899e8826f281ead03b66cb	CERTIFIED	i-0ae49db6e2207b817	r6g.16xlarge	4000	3ea4a18bac4e9f9b7ba9d93d133e827eeff9ac500da8fa978c6c1511aeddae39	4664933522	14986.1	785.8	10123.1	1	True	sat49/cert-20261001/results/h1_f19bc8938e62a8d9.i-0ae49db6e2207b817.1791002532.tar.zst
h1_e75318d8fa63a108	3	4f1c02c85a3d15cf8fc27e2417563c4eecd327891081947cba16e3c6759271fc	CERTIFIED	i-0ed97058cb2b43497	r6g.16xlarge	4000	8e631737a1a60f9939e6a3bd023097008b499f682d041e92c5f6371e5b61fe4c	4753914064	15158.6	801.5	10116.1	1	True	sat49/cert-20261001/results/h1_e75318d8fa63a108.i-0ed97058cb2b43497.1791002909.tar.zst
h1_4145fb5e60b96f30	2	4dccf452d9ffcd93ac9884fd17cd7edb6e14e219f73393f2d6e93ebd86ebec5f	CERTIFIED	i-0ae49db6e2207b817	r6g.16xlarge	4000	f68f6b7ec3c0a1c8396ef512c29ce237b1ac7023e7cc868b71971af6790891c8	4829969885	14817.1	773.1	10050.3	1	True	sat49/cert-20261001/results/h1_4145fb5e60b96f30.i-0ae49db6e2207b817.1791002898.tar.zst
h1_4933c162e0861f5f	3	3a0f1f8b6fcad316280a7268dd88613ed0f94576c9d6d9934f57b54a69fb85e1	CERTIFIED	i-0ae49db6e2207b817	r6g.16xlarge	4000	d4aa72a67136fce72e35fa8b479a3be2b5b0a0f2d0463fe05139a76385b1dde5	5223803295	14762.5	849.0	10041.5	1	True	sat49/cert-20261001/results/h1_4933c162e0861f5f.i-0ae49db6e2207b817.1791003017.tar.zst
h1_08ca12e07da757b8	4	5a0daf25ade3624e770d7942d65045d4ff7f5ab55e99dd18a23f1192e74bd604	CERTIFIED	i-07c361d997bfe3832	r7g.16xlarge	4000	b7a6413873cba06420fe7f257b52b8e26e4a9e704f9145d9e7a4d6fe2a3d88ec	5180488663	10809.8	689.4	10014.1	1	True	sat49/cert-20261001/results/h1_08ca12e07da757b8.i-07c361d997bfe3832.1791012971.tar.zst
h1_02a5d0f587678263	2	c944c2fba0fa3d198c61180baf04a10c42dae4dbe9888e84e52875f19be4f7af	CERTIFIED	i-07c361d997bfe3832	r7g.16xlarge	4000	b51f131a3cba738ba1929b0f547adb810f723989b0c3dec77dbd0ba6ca348193	5157485274	10680.9	680.2	9969.3	1	True	sat49/cert-20261001/results/h1_02a5d0f587678263.i-07c361d997bfe3832.1791012859.tar.zst
h1_351f0996c4c6333c	3	a790780451d388a6bbf58d75f4201505101849098dcc027f8ffe4bdf1971edcf	CERTIFIED	i-0ed97058cb2b43497	r6g.16xlarge	4000	df54b819e4d39ccfe5b5899d1a0c721843be37e088bbef358790ac1df241a2b9	4799011233	15034.1	797.7	9962.6	1	True	sat49/cert-20261001/results/h1_351f0996c4c6333c.i-0ed97058cb2b43497.1791003772.tar.zst
h1_774c9bdb805d049d	1	9747fe024bd2d9ceb6b7869812512eb4bef5069595116b015875c9683efa5686	CERTIFIED	i-0ed97058cb2b43497	r6g.16xlarge	4000	740292f0bffb40973b478f770fc47b82634a5fd3bf9808db961cdd76a13bf776	4500684485	14879.6	761.2	9930.2	1	True	sat49/cert-20261001/results/h1_774c9bdb805d049d.i-0ed97058cb2b43497.1791003685.tar.zst
h1_0bd7473b04b7aefd	1	720b4f0a779ad763497ca1047a650ed86ec8c40f6625b9c949fcdc466c177dc7	CERTIFIED	i-0ae49db6e2207b817	r6g.16xlarge	4000	e65b4709947a421dd20ab157b3b6ee0d243e6032d0b0e2c1038f2f013b3dd30d	4971508150	14403.7	768.7	9893.8	1	True	sat49/cert-20261001/results/h1_0bd7473b04b7aefd.i-0ae49db6e2207b817.1791003343.tar.zst
h1_0dfd6e8b91c40c3d	3	7d7dae1b4d97aee1d15eb15adabae0c69700b284a7cb9d1a17a0f2b91d795467	CERTIFIED	i-0ed97058cb2b43497	r6g.16xlarge	4000	bad1086427d0bf29e5edd9479237ac144c70b84a6fabc1b29650a4a269fa708a	5328340797	14823.9	852.5	9885.4	1	True	sat49/cert-20261001/results/h1_0dfd6e8b91c40c3d.i-0ed97058cb2b43497.1791004018.tar.zst
h1_1a391cb92b42e483	0	a017c57b3cf858333611f5e507d43440bbef9e137da435af60ce5f4e4f8b7a52	CERTIFIED	i-0ed97058cb2b43497	r6g.16xlarge	4000	a388e4d95ebb487d6fa57394b1463942ccf92fa1297fab7c1b556c1a7847d2d5	6807011822	22386.4	1200.1	9868.3	1	True	sat49/cert-20261001/results/h1_1a391cb92b42e483.i-0ed97058cb2b43497.1791011934.tar.zst
h1_05900f4994c8ad66	4	c75f71489c9d31c2290d7a8f3088e1525b216cce25eb87446bca478646d5f64e	CERTIFIED	i-0ed97058cb2b43497	r6g.16xlarge	4000	3674fcef16da75942202491d67a4a1f91f70ae840469cdb0cbb3cb7c24d3a37d	4778567223	11476.0	641.3	9851.5	1	True	sat49/cert-20261001/results/h1_05900f4994c8ad66.i-0ed97058cb2b43497.1791013169.tar.zst
h1_a75fe61710cc0af9	0	f3709887c2936dd245fa56b8313581cb153b9068ed9306a2acd771143277b3a6	CERTIFIED	i-0ed97058cb2b43497	r6g.16xlarge	4000	2aa4154ef4c05602ff8a1a870707d6b8013bc0a6afb3ac67255a10ea11a1ae12	4582797002	14612.8	775.5	9843.7	1	True	sat49/cert-20261001/results/h1_a75fe61710cc0af9.i-0ed97058cb2b43497.1791004766.tar.zst
h1_81f8be66d5233a0e	0	03c9855b1912c3f328160ec95ab673d603c589b307477e34f7ff21d415e99e1c	CERTIFIED	i-0ae49db6e2207b817	r6g.16xlarge	4000	6d881a5d94c2d20ff7ad984f332fac5fe9179aca73f91152251f9df18199e374	5390045989	16242.6	891.4	9823.9	1	True	sat49/cert-20261001/results/h1_81f8be66d5233a0e.i-0ae49db6e2207b817.1791006494.tar.zst
h1_3d9be5db6e9110cb	1	08ceec180f586cc39068ef9d75a3b505ee5fb1cf4b500b8a6917c49393589a2c	CERTIFIED	i-0ae49db6e2207b817	r6g.16xlarge	4000	53c6ca84aee9bf927071059af7636983dcff85afce75363bf2a52bf4d60586cb	4614083411	13982.3	760.2	9822.7	1	True	sat49/cert-20261001/results/h1_3d9be5db6e9110cb.i-0ae49db6e2207b817.1791004388.tar.zst
h1_b7ad33a8d91a1cd3	2	70d3dba3f59e90f6ceb9fd808a133b995456040e96fbc82fbe0a6e391e0f7ef5	CERTIFIED	i-0ed97058cb2b43497	r6g.16xlarge	4000	21871dbf0b42471eec8256ab5cec47912ce944e77f276c60dd80df581e73dea7	5912554802	15336.0	813.0	9787.4	1	True	sat49/cert-20261001/results/h1_b7ad33a8d91a1cd3.i-0ed97058cb2b43497.1791018095.tar.zst
h1_f1d3400615b6dd95	1	445bf8d8de6db4677ac11b25816934b076a9d272521cf15b3e92e5b6f5116ff3	CERTIFIED	i-0b27ca5b6248c0a7d	r8g.16xlarge	4000	fc0c43f4a6a5e0c1cf58318348fdaf03d8cb7c8a07b7a8627e7d07e8d94e7eeb	7042193459	10899.9	734.8	9743.8	1	True	sat49/cert-20261001/results/h1_f1d3400615b6dd95.i-0b27ca5b6248c0a7d.1791021748.tar.zst
h1_35c90676e8f439c4	3	fe8f519f1dde1b276821b28d75dc8e9a742fb6217baaac41303e9357071540b2	CERTIFIED	i-0ae49db6e2207b817	r6g.16xlarge	4000	c66b0ff033091e37ac1279929b8785516b278579c19a4f030866fd49e3f63555	4647367246	13823.9	720.0	9735.1	1	True	sat49/cert-20261001/results/h1_35c90676e8f439c4.i-0ae49db6e2207b817.1791004967.tar.zst
h1_9e8fb1c38694357d	2	1371b0065774f470fbdfcb06cb4c320eaec70585b859d89113784e0a884dbcee	CERTIFIED	i-0ed97058cb2b43497	r6g.16xlarge	4000	a0e339ccb7d3fb54ffd78a86726898e36548dd4a691d5a74f39f78b396cb0409	7714839053	16603.4	1059.0	9709.3	1	True	sat49/cert-20261001/results/h1_9e8fb1c38694357d.i-0ed97058cb2b43497.1791019604.tar.zst
h1_f9aa9ba11edfd07f	3	affe18e486a9b8289abef0efcacdf1dc81aca9549dd5a23822ac2e90ae15a8fd	CERTIFIED	i-0ae49db6e2207b817	r6g.16xlarge	4000	9129cd2dd61b82770975d15660a386f484642be0cd7f84e321c4542ed35fc837	5074874353	13776.8	755.8	9693.2	1	True	sat49/cert-20261001/results/h1_f9aa9ba11edfd07f.i-0ae49db6e2207b817.1791005141.tar.zst
h1_f1649d256b67a081	3	15e47f10afb3e4c6f86a5de473cc23b97a3fa391fda5660e495b6bbfe5eed841	CERTIFIED	i-0ed97058cb2b43497	r6g.16xlarge	4000	bc965b8373de62c394f20292031e633dcde289b06a1ded85c72afca6076a6853	5172198376	11012.6	648.7	9670.4	1	True	sat49/cert-20261001/results/h1_f1649d256b67a081.i-0ed97058cb2b43497.1791014077.tar.zst
h1_18677b9411d87875	2	3c3dfd22fc1d3fc1e2a1a583e8a43f0e6137c74de050cf0ab0a4f9a5315c4a7b	CERTIFIED	i-0ae49db6e2207b817	r6g.16xlarge	4000	b37e3fa45bf6c860f4814d0d4fd28222b0aff7834af924a59bc907a10eabe6e5	4833175667	13945.6	737.4	9660.2	1	True	sat49/cert-20261001/results/h1_18677b9411d87875.i-0ae49db6e2207b817.1791005955.tar.zst
h1_038305797ad2029a	1	2d1adc080b6a881c443ce61a429b802e71aa0ef89c8f0603d2abeac81c4b6c0a	CERTIFIED	i-0ed97058cb2b43497	r6g.16xlarge	4000	ea2ffd45b32ffb9e5c89bc752c03784677b9688a2de864a6d2480f8d32490f19	4701346043	13901.7	749.6	9604.9	1	True	sat49/cert-20261001/results/h1_038305797ad2029a.i-0ed97058cb2b43497.1791006043.tar.zst
h1_d3e89d37deea98c9	1	cfa4329544f4a95f9db0bd279703a74c280a47820bd092427d86a908423dada5	CERTIFIED	i-0ed97058cb2b43497	r6g.16xlarge	4000	6dc49c6bc8007f4837694c5bf30d81070e97912109b97b54e3d53bc91f1a3cc5	4568705473	14053.5	740.6	9585.9	1	True	sat49/cert-20261001/results/h1_d3e89d37deea98c9.i-0ed97058cb2b43497.1791006932.tar.zst
h1_c93dd76caa2e5832	3	4fdb9e467a15bc9e89162a9c53dd79a64ef7adfcb5ca147ebae0cd8f35a74077	CERTIFIED	i-0ae49db6e2207b817	r6g.16xlarge	4000	2560ef2ffd00ae003c3804780eecf636d8cef97612aa572ece3f693492a14fc1	4706933909	13134.0	712.5	9545.5	1	True	sat49/cert-20261001/results/h1_c93dd76caa2e5832.i-0ae49db6e2207b817.1791006366.tar.zst
h1_0194d9f7cd2ccd9b	0	559f38b725c7033199a29859fca754980573e93da57d7e1bb178ad9c0c549f1c	CERTIFIED	i-0ed97058cb2b43497	r6g.16xlarge	4000	03c8c8a08907e969e9f95971965232aafa37e148d619f37dbfde1a4add0de89d	4280437493	13662.5	713.4	9542.1	1	True	sat49/cert-20261001/results/h1_0194d9f7cd2ccd9b.i-0ed97058cb2b43497.1791006894.tar.zst
h1_f122ddafbdb96917	3	80d1bb7a9a5fd188eeab5592f7ddb16c9c86e27e2ec2aae2df88f823c9030242	CERTIFIED	i-0ed97058cb2b43497	r6g.16xlarge	4000	f1cd9135ac57256adeda598aa0efb789667539ff3c053fe92f38b3944555035e	4642444382	14145.3	729.7	9520.4	1	True	sat49/cert-20261001/results/h1_f122ddafbdb96917.i-0ed97058cb2b43497.1791008869.tar.zst
h1_1ea76b0883e5bbeb	1	110543f6da8d29ce77d257432ea0a166fb104f5c4e9822dbc647a38a637edcb7	CERTIFIED	i-0b27ca5b6248c0a7d	r8g.16xlarge	4000	47d76c96adc221966726259e0b4fece9d4674caeaec9aa50039245f785748f8e	4140019770	7048.3	413.8	9512.2	1	True	sat49/cert-20261001/results/h1_1ea76b0883e5bbeb.i-0b27ca5b6248c0a7d.1791017595.tar.zst
h1_79332b2c681e8e21	2	7c829ea8c8d910adf268dbe15773095b68a9ed68a992e0ce61926de44496d77c	CERTIFIED	i-0ed97058cb2b43497	r6g.16xlarge	4000	149b6249afe87a7064d9e291486c3fc7bf457ea36d1bcdf00c2f3201072bf966	4578576749	13528.7	726.3	9510.6	1	True	sat49/cert-20261001/results/h1_79332b2c681e8e21.i-0ed97058cb2b43497.1791008816.tar.zst
h1_2ff00120828f8ebe	1	ea8e8a3458346e0b84a966ddafc484a0c1888b101335eb4bf44c3166c3099902	CERTIFIED	i-0ed97058cb2b43497	r6g.16xlarge	4000	d37363e2384eebb831a3ade8edb61b6a9d732f03bfff6e2df749e3ee5387ce5d	5162471000	13367.5	756.9	9508.0	1	True	sat49/cert-20261001/results/h1_2ff00120828f8ebe.i-0ed97058cb2b43497.1791008751.tar.zst
h1_f2e26de4f67d75ed	3	98d6bc160b582e8a2d85e7bc0197b48026de283e90d1a09b3fa532ddcc243ffb	CERTIFIED	i-0b27ca5b6248c0a7d	r8g.16xlarge	4000	c81e54c9dcd27f8944062e6d22428108a75203c0e52feffd82a43b1b35688d36	4045823811	6912.3	402.3	9488.4	1	True	sat49/cert-20261001/results/h1_f2e26de4f67d75ed.i-0b27ca5b6248c0a7d.1791017530.tar.zst
h1_de8de10092d7f9f2	1	9371529fdb8131e4fda05e8e51b7de8add793b92b4ae92f65edadacfc9a3232d	CERTIFIED	i-0ed97058cb2b43497	r6g.16xlarge	4000	420af39dbd223ec7cf5126f4d2348c347842d35e92cd43a5dfba05e631f66f4a	6985307705	17951.4	1071.1	9479.6	1	True	sat49/cert-20261001/results/h1_de8de10092d7f9f2.i-0ed97058cb2b43497.1791013598.tar.zst
h1_6709b579dc8bb4c1	2	cddfc6332a0e9bead068f90602f90f06ab0b958c5d9f9b3e95ec81744690e3e2	CERTIFIED	i-0b27ca5b6248c0a7d	r8g.16xlarge	4000	7a7a04eaf4ea657dbeb646b7d703060f5b2096eba18924427fe0be50d8ded43a	4594221484	6960.8	458.9	9465.2	1	True	sat49/cert-20261001/results/h1_6709b579dc8bb4c1.i-0b27ca5b6248c0a7d.1791017863.tar.zst
h1_aaf35fcff69a9b02	3	b989976884c7b3878f03c1622902a6d040734abb84b11a78945a929310a87809	CERTIFIED	i-0b27ca5b6248c0a7d	r8g.16xlarge	4000	04d979375e52aaa78e3efa41800c3dddd62f1e66c9c01196db3b07b353c043d2	4696269027	6897.2	448.5	9459.0	1	True	sat49/cert-20261001/results/h1_aaf35fcff69a9b02.i-0b27ca5b6248c0a7d.1791017810.tar.zst
h1_0d1070c9fb3d52b8	2	eda3bcd274981c443aff2efe3899ba01f2f5fccb550c010b73a1aca4754a02d6	CERTIFIED	i-0b27ca5b6248c0a7d	r8g.16xlarge	4000	3c32df58d59330dd4680c7f2444cd1ab12ee9cb41760123607e0e4ad2f4574d0	4663296121	6886.2	452.4	9432.0	1	True	sat49/cert-20261001/results/h1_0d1070c9fb3d52b8.i-0b27ca5b6248c0a7d.1791017859.tar.zst
h1_60379a7915791aae	2	ad36888115c10acb1d2ff199839105a6322ccc21c366dee4b536540157d6d107	CERTIFIED	i-0b27ca5b6248c0a7d	r8g.16xlarge	4000	80295b651bd9c04fb2d56714167da2d8d1609921040389c5710acbf5e392977b	4661597211	6982.0	466.4	9402.6	1	True	sat49/cert-20261001/results/h1_60379a7915791aae.i-0b27ca5b6248c0a7d.1791018230.tar.zst
h1_899b62a08754c430	3	dab51927600ec77e9a36ec7379652670badc4196a1628f0b2d13e263621192dc	CERTIFIED	i-0b27ca5b6248c0a7d	r8g.16xlarge	4000	ed8d5ca188d27a819b98460772efed8e2736d6a5d8d360ebe3ef1272064e36d0	4402948558	6852.4	446.0	9381.6	1	True	sat49/cert-20261001/results/h1_899b62a08754c430.i-0b27ca5b6248c0a7d.1791018093.tar.zst
h1_57934bdfa6cc961e	0	e7d570607f5574559ecd62a5e08b4d70fccf9f6e4f01f42bafd323ca5f5bad90	CERTIFIED	i-0ed97058cb2b43497	r6g.16xlarge	4000	b504d762323dd4257eb1ebafc75161151e135d8647c680b3f8a8fe9f5db1b9c8	4894244177	13178.6	759.4	9366.7	1	True	sat49/cert-20261001/results/h1_57934bdfa6cc961e.i-0ed97058cb2b43497.1791009026.tar.zst
h1_eb76bbe240ef54b4	2	65ef23000ebf1b9a466062c526c3510e5937f70da84b7dc5d991d8c71ddfb10b	CERTIFIED	i-0ed97058cb2b43497	r6g.16xlarge	4000	975a6dc761802a78575c7dd96050f1eaefc29ec1d538a96b02bef2179bd27c33	4486503628	13129.0	705.4	9355.5	1	True	sat49/cert-20261001/results/h1_eb76bbe240ef54b4.i-0ed97058cb2b43497.1791009025.tar.zst
h1_2bc83ffa717dee4b	0	d7a69b7d000d93872c97676887b63de55884c1de2910dbce6913693694baf6cb	CERTIFIED	i-0b27ca5b6248c0a7d	r8g.16xlarge	4000	744ffe6fd36d127d384ade1714eab7fd8b1efc6cbfc5c541d4d2435509f17a8a	4357304133	6826.4	441.2	9328.3	1	True	sat49/cert-20261001/results/h1_2bc83ffa717dee4b.i-0b27ca5b6248c0a7d.1791018124.tar.zst
h1_ef5ce5372c2731ce	2	9ec0c2af1badd99c8f3b8049e3f6783d4f7795350f5e19bf337d71e595056409	CERTIFIED	i-0ed97058cb2b43497	r6g.16xlarge	4000	0f0315a4bb363f20f565e59035ba5327b19f6a1c9c76bfb3819c8760f4fb843c	4522102485	12348.3	694.8	9310.0	1	True	sat49/cert-20261001/results/h1_ef5ce5372c2731ce.i-0ed97058cb2b43497.1791008354.tar.zst
h1_c2f2e6449ecda0ff	1	2d0ed1ba96bd736281f246d5ba2cdc669e087aa74b169d7b26ea6ca1795ea5d6	CERTIFIED	i-0ed97058cb2b43497	r6g.16xlarge	4000	60b6ed545bd85bbd2cbad1c1ab2c0c0b6fc75e46bee2078cb40796ea23182b17	4422776546	13049.2	666.3	9284.0	1	True	sat49/cert-20261001/results/h1_c2f2e6449ecda0ff.i-0ed97058cb2b43497.1791009161.tar.zst
h1_2903d25afa22c635	3	f0373a966d680be0c09397330e0c0d3af0ba50384d1d2190f547f4cea7f2079a	CERTIFIED	i-0ed97058cb2b43497	r6g.16xlarge	4000	b467d142cd9dd1471dd72f31a5dc520adebc268c86924aa1af706b2a7eae5072	4537035604	13133.0	649.7	9264.3	1	True	sat49/cert-20261001/results/h1_2903d25afa22c635.i-0ed97058cb2b43497.1791009270.tar.zst
h1_823c7ce64826a6cd	1	8435fe619a0b5b45fbfc0a61534a43e37030ef1ca2777cda0290f119f52408f2	CERTIFIED	i-0b27ca5b6248c0a7d	r8g.16xlarge	4000	7d898febe2a816c061b6de07e6e8c196151daba0d33821dff6ca4b30f2bceec0	4139172982	6722.2	413.8	9261.6	1	True	sat49/cert-20261001/results/h1_823c7ce64826a6cd.i-0b27ca5b6248c0a7d.1791017980.tar.zst
h1_9e29a1bf42525d95	1	aa9755bc4f06f136aeed3549f8827f067a54126860f35009f0b3936e0f285836	CERTIFIED	i-0ed97058cb2b43497	r6g.16xlarge	4000	fe99aaad69201aa56ee62eea51fad3c4722da69fc04af64f6aea718c3b573175	4309573356	13019.7	671.8	9228.2	1	True	sat49/cert-20261001/results/h1_9e29a1bf42525d95.i-0ed97058cb2b43497.1791009299.tar.zst
h1_fe9418353626746d	0	572505d6fa7aa3c0e768bc7e7ec25b40d93099e69eb9b95b0b637bd7b682f439	CERTIFIED	i-0ed97058cb2b43497	r6g.16xlarge	4000	fa3a353103a77ed051b01e297788ec1dd7cd630998a96a7c98a752eba93b40a9	4448001245	12961.0	678.1	9203.0	1	True	sat49/cert-20261001/results/h1_fe9418353626746d.i-0ed97058cb2b43497.1791009296.tar.zst
h1_99690d3e08296a3a	0	e3e6e20db13f981ceeb5c6c1ff00d1677569780569fadb16530f8b24f05162b5	CERTIFIED	i-0b27ca5b6248c0a7d	r8g.16xlarge	4000	62a0ec6df951357f718eec7e2c90ac5f1d5930aaddd564555abdcec33754ac36	4411646923	6870.4	455.6	9200.9	1	True	sat49/cert-20261001/results/h1_99690d3e08296a3a.i-0b27ca5b6248c0a7d.1791018311.tar.zst
h1_dc38d12fd398d1ae	1	b8c85057614be4d38e748b5e80efa6d69788a7e71c87e738bc6a5e82b522b537	CERTIFIED	i-0ed97058cb2b43497	r6g.16xlarge	4000	9b09da9bdbc3f08e5b34b45e10fa5baf30a93c5acf693fda66716b4d313d3538	4323631294	11960.9	655.5	9191.9	1	True	sat49/cert-20261001/results/h1_dc38d12fd398d1ae.i-0ed97058cb2b43497.1791008709.tar.zst
h1_f44881b277fd2da3	2	f6880a2799e3c126995ab3aaad7e9b7169c19d70b98f293b3e94d78c03b709e0	CERTIFIED	i-0cda2812da1c76d9b	r8g.16xlarge	4000	c310df7c662e8b8d2d805174c77e2bdfafa8ed8ccb1357e95fe9daa11ca9020a	4639387269	7973.9	469.1	9189.8	1	True	sat49/cert-20261001/results/h1_f44881b277fd2da3.i-0cda2812da1c76d9b.1791019451.tar.zst
h1_4617365e4b31cb48	0	470fd574a6711e8616a97139d59bd6ecb6d51c53c28ae7da28d052dfcc88388e	CERTIFIED	i-0b27ca5b6248c0a7d	r8g.16xlarge	4000	cff7c7a6cb173b1613438ec166af9b2f2fd694e6523d205598c4d791e6ab739a	4596664238	6699.7	474.2	9162.3	1	True	sat49/cert-20261001/results/h1_4617365e4b31cb48.i-0b27ca5b6248c0a7d.1791018288.tar.zst
h1_75b858f4ba62eb82	2	51822249c6cd88bede4fb3f0d30b3eaf44d521171820ee6bd8c9b0c5df0ab55e	CERTIFIED	i-0cda2812da1c76d9b	r8g.16xlarge	4000	4e0a2f612491529824f7dcc338fcbf4b9d60785cfd36ed75747bdad0afd76250	4334275277	6411.1	419.0	9161.0	1	True	sat49/cert-20261001/results/h1_75b858f4ba62eb82.i-0cda2812da1c76d9b.1791017889.tar.zst
h1_64735d5b2f373ce5	1	8998efd01611f20a92ae4a3f9a62600e6ff1a9da40c06841721853060ab4d319	CERTIFIED	i-0ed97058cb2b43497	r6g.16xlarge	4000	81ceaa50e3c154e53cd18ba1971c67a5453d723e755ccc5dcfb4c35e03e52c38	4067200407	12137.5	620.9	9130.7	1	True	sat49/cert-20261001/results/h1_64735d5b2f373ce5.i-0ed97058cb2b43497.1791009657.tar.zst
h1_84c372b67580f0ad	2	31bca6c8074996ac71ad65dc3a9626d39757ceca4e9cddf196097a0dd4b96635	CERTIFIED	i-0cda2812da1c76d9b	r8g.16xlarge	4000	2eb8f314c7ab7a6709fa477537d506928ed41422defa029c2c94a1822ab719c1	5580683311	8230.9	562.7	9115.4	1	True	sat49/cert-20261001/results/h1_84c372b67580f0ad.i-0cda2812da1c76d9b.1791019914.tar.zst
h1_78448ba556e17914	1	bef42a6c7fefcb8c902bb0a0a59245e2a1a8815168b34192b109bd9ce3161354	CERTIFIED	i-0ed97058cb2b43497	r6g.16xlarge	4000	2b8560f1951f770a519b693ba971caf269a08f1fba16ed6106cca8ac79075c33	3949541775	12330.0	604.7	9098.3	1	True	sat49/cert-20261001/results/h1_78448ba556e17914.i-0ed97058cb2b43497.1791010109.tar.zst
h1_a3cd11feb863127c	2	f6982e562352ebd6d73049cab703586dd7f53c1093ee4facb9a543f7b6be3fdc	CERTIFIED	i-0cda2812da1c76d9b	r8g.16xlarge	4000	dfc747b04517d2403baf1e3a381217f5f84cf103627e4708b8b4f56279b50fc5	4221253384	6412.0	418.0	9096.2	1	True	sat49/cert-20261001/results/h1_a3cd11feb863127c.i-0cda2812da1c76d9b.1791017940.tar.zst
h1_a1d297189ef154bc	2	6ce637578728c293e1723d6e914409d9abb994ab9272e1ca38ba997785bcae43	CERTIFIED	i-0cda2812da1c76d9b	r8g.16xlarge	4000	3b4d6f85a3b650ffe6bb5ac014c8faf20702b73eab88211e4fbbc1121e24b36f	4197803796	6389.7	399.6	9089.4	1	True	sat49/cert-20261001/results/h1_a1d297189ef154bc.i-0cda2812da1c76d9b.1791017933.tar.zst
h1_d3162da625dc677c	3	0ede66650ec6a5ef8fcc5b6e4b12d90636198a2def81e839917817c6b7c4e582	CERTIFIED	i-0cda2812da1c76d9b	r8g.16xlarge	4000	5bacd227c9dad17510ab959a7620526099693f38ce006842e0150830a948dfa3	7032500368	9916.8	713.2	9063.8	1	True	sat49/cert-20261001/results/h1_d3162da625dc677c.i-0cda2812da1c76d9b.1791021830.tar.zst
h1_76a8c216be42ec5b	0	95d996500548395df62a3bb4c6b5f5de4e5f5d96e54ac280e51364836adea5b2	CERTIFIED	i-0ed97058cb2b43497	r6g.16xlarge	4000	8c67c829d6b3b0a20c9646cc3ee31a909f0809b031d4950093ebf33d46dab584	4617099811	12289.1	677.5	9051.8	1	True	sat49/cert-20261001/results/h1_76a8c216be42ec5b.i-0ed97058cb2b43497.1791010344.tar.zst
h1_0f38e41a024599a1	2	751cdfe0f27193037a0002383439e655526842b693d624103c1dba1364ed47fa	CERTIFIED	i-0ed97058cb2b43497	r6g.16xlarge	4000	d09016ba62dbbc25f292db48a13aa132a669cbd47240038c7e0ee6035b542792	4496613841	12324.9	659.6	9038.4	1	True	sat49/cert-20261001/results/h1_0f38e41a024599a1.i-0ed97058cb2b43497.1791010401.tar.zst
h1_5a9a0b37a0d48124	2	596043263b80a1ca3dcc101925dc34e123b8e7afc2ce59dfab4c2641753f9bcf	CERTIFIED	i-0ed97058cb2b43497	r6g.16xlarge	4000	a350f880114efa64731a769aef3c527ea58f7befb874ee70a1fbdadbcd044c1a	4510381091	12139.1	642.6	9028.6	1	True	sat49/cert-20261001/results/h1_5a9a0b37a0d48124.i-0ed97058cb2b43497.1791010411.tar.zst
h1_bd7b16208d7c2946	2	8b9ca3a4d00bbb696ec90c38fb8fd6e8083239eb0acc89004c307f5390985d48	CERTIFIED	i-0cda2812da1c76d9b	r8g.16xlarge	4000	f8c8c6eedc5544b1c5c58d402e26428b033f2ad33736124c828a450371f7da14	3823337383	6288.5	381.3	9027.5	1	True	sat49/cert-20261001/results/h1_bd7b16208d7c2946.i-0cda2812da1c76d9b.1791017807.tar.zst
h1_67c796da7e38122b	1	ba1d6a49c1d34420524f31ed934cbf02127f87cf3716ade032458e6a79299a9e	CERTIFIED	i-0cda2812da1c76d9b	r8g.16xlarge	4000	691385e0f51fd53770c302189d9bb49c815617efef385c6d59eec92ea4b7260b	3896474207	6350.9	397.6	9021.9	1	True	sat49/cert-20261001/results/h1_67c796da7e38122b.i-0cda2812da1c76d9b.1791017897.tar.zst
h1_ed4ac79ca305319c	2	2b6c5152981bdf6f8ed22d44996a105bc05fb4cc357ad633e672160fb39615ec	CERTIFIED	i-0ed97058cb2b43497	r6g.16xlarge	4000	c036f09cf0d34b8c2762982d5155e6088fdb07d1acb1bdf2fcfa323801bf01a1	4450105891	11855.7	633.3	9011.3	1	True	sat49/cert-20261001/results/h1_ed4ac79ca305319c.i-0ed97058cb2b43497.1791011349.tar.zst
h1_7d58b49f3edcfb78	3	de17e7ec36af977c4d1e0fea075c67e1658d638a07b34190354a925b05d08523	CERTIFIED	i-0ed97058cb2b43497	r6g.16xlarge	4000	2b11cd0422e209b1c3203c63bc04fa8a31c48cd14bdaa06da7837957af300825	4384726297	11702.6	617.3	8992.3	1	True	sat49/cert-20261001/results/h1_7d58b49f3edcfb78.i-0ed97058cb2b43497.1791011257.tar.zst
h1_667c0cd5975bc6c7	2	ec34d05e646c2d4a46fdf33cb06cfeb9849401815b02126ee89d68d357f2a365	CERTIFIED	i-0ed97058cb2b43497	r6g.16xlarge	4000	6d0e00baf3c022eaca60a45ea844359352902e094db10da165b80c496e1932a7	4360045322	11595.1	637.0	8977.2	1	True	sat49/cert-20261001/results/h1_667c0cd5975bc6c7.i-0ed97058cb2b43497.1791011170.tar.zst
h1_d8ce6b0057c8e73d	1	ff76ad28e99a50ff6ec09fb88901220c7157605e1b9d33400069bc0bf65e6ced	CERTIFIED	i-0ed97058cb2b43497	r6g.16xlarge	4000	c0921b977c7008c71a342a910e154ab8267fd0587594a31dd57f4594661883e9	4265818361	11524.7	612.1	8969.3	1	True	sat49/cert-20261001/results/h1_d8ce6b0057c8e73d.i-0ed97058cb2b43497.1791011307.tar.zst
h1_9de06e499360f02d	4	2d89229525706d12002f5abe8ba4ace5568ffb4789cb3ebdedc2fcfc55a8d43c	CERTIFIED	i-0cda2812da1c76d9b	r8g.16xlarge	4000	f3ed7cc9ca24b8e07286c0c9d0347ab2b9a4d6ca5b126f913d6b5f5551c2e61a	5416989282	7153.1	528.5	8940.2	1	True	sat49/cert-20261001/results/h1_9de06e499360f02d.i-0cda2812da1c76d9b.1791018893.tar.zst
h1_b3b2346faaaaf95b	3	c686c213e452294d0a912de39882663cf88091cf56b0a350d834f2eabc174da0	CERTIFIED	i-0ed97058cb2b43497	r6g.16xlarge	4000	05f5c9d7f4f9f3694d3027f95fc914629bb023ffd07c4f1739e17d98b536d910	4247884190	11343.8	596.8	8856.5	1	True	sat49/cert-20261001/results/h1_b3b2346faaaaf95b.i-0ed97058cb2b43497.1791011362.tar.zst
h1_7848204fbdde10b6	2	922a0de9f199ab8ed7b6c1249e5472acadc1e404be1c4e99a30310de02d06973	CERTIFIED	i-0cda2812da1c76d9b	r8g.16xlarge	4000	40d38451564ff8f0717ceaa7ec96440c8bf2171a2670d262aceea3e0b9c9c376	4658348280	6308.9	442.3	8855.8	1	True	sat49/cert-20261001/results/h1_7848204fbdde10b6.i-0cda2812da1c76d9b.1791017960.tar.zst
h1_05523267c3bcb83a	2	2a75a01b0e9d801503f51c4bacbce7b5e5e942ecb635f98d3d90c80dd8888ffb	CERTIFIED	i-0cda2812da1c76d9b	r8g.16xlarge	4000	4eeca9667a5121a73de414d58ccdb34815de890ba7732ce8247ae58dcaa8d5f1	3985710595	6282.7	392.0	8820.3	1	True	sat49/cert-20261001/results/h1_05523267c3bcb83a.i-0cda2812da1c76d9b.1791017846.tar.zst
h1_5f6cd9f51a81a5d7	3	008975cae15aedc4978e3133321e86832512d719143e1906bad92c4c134e0362	CERTIFIED	i-0ed97058cb2b43497	r6g.16xlarge	4000	a9861c6a355039ca0e6b2d720116c878cb5a9bc53c2a305e2b6075dcca737e74	4537057392	10176.7	587.8	8790.3	1	True	sat49/cert-20261001/results/h1_5f6cd9f51a81a5d7.i-0ed97058cb2b43497.1791013440.tar.zst
h1_ab67637329b1ec8a	0	9b5b1104d77404983674c5547b745ce9defbb5e9add745accc613930a24c4800	CERTIFIED	i-0ed97058cb2b43497	r6g.16xlarge	4000	3c503255a4c7117e911ed7e8384455c3f10c2225bfd365e459152c78b9fb4f80	4657244891	10090.9	602.4	8790.3	1	True	sat49/cert-20261001/results/h1_ab67637329b1ec8a.i-0ed97058cb2b43497.1791013461.tar.zst
h1_ab45b66220f815a3	1	74a8a8880e3957d608554b547896b5d877009c883e5d1e966aa2a7e38b6ddbab	CERTIFIED	i-0ed97058cb2b43497	r6g.16xlarge	4000	6bdfa1c0591eff8adaac3be6db466abaef44122d3bfcbac19656978a9142576e	4214250384	9867.6	554.7	8789.1	1	True	sat49/cert-20261001/results/h1_ab45b66220f815a3.i-0ed97058cb2b43497.1791013681.tar.zst
h1_ba919cab84444ea7	2	67a15c19755e68e1b84c46a3108923b2d11610088d91d242dca435e94e4dcbcd	CERTIFIED	i-0ed97058cb2b43497	r6g.16xlarge	4000	320449e008ebcfdc0e6e8c20fb6f11cc13d2d7c353d8dc934b2d1c90e259f0da	4063605149	9868.1	518.9	8788.9	1	True	sat49/cert-20261001/results/h1_ba919cab84444ea7.i-0ed97058cb2b43497.1791013758.tar.zst
h1_a949a5eec2af28b0	2	57f9909063e57919828e4bba247b41f1a1782e6ad760461638c91679eb612bbd	CERTIFIED	i-0ed97058cb2b43497	r6g.16xlarge	4000	5508a2ea269a196d0d8691ee6bd2cf3b32f5d4bff82760679206d70eb67edfb1	4428853088	9795.5	556.8	8788.6	1	True	sat49/cert-20261001/results/h1_a949a5eec2af28b0.i-0ed97058cb2b43497.1791013934.tar.zst
h1_f7026571536d2aef	3	47c69db50d9e4c23ce1a49ff3b4cde1821d3ac365f72467d6785f5fd7f4f3198	CERTIFIED	i-0cda2812da1c76d9b	r8g.16xlarge	4000	88c797ca30b3ad5ebd024a594244fe197169b3060ae309fd9304ab016e1b5274	4588920312	6202.4	454.2	8781.7	1	True	sat49/cert-20261001/results/h1_f7026571536d2aef.i-0cda2812da1c76d9b.1791011490.tar.zst
h1_64033f150f4a3d2a	0	e986d1750b38a1c3d371d81896e47a56a9e3902c114788e331701d6a13125422	CERTIFIED	i-0cda2812da1c76d9b	r8g.16xlarge	4000	d24075ebbd683946d404008d6acee691713f3065507091152018361715aa064a	4186303798	6173.4	407.4	8755.7	1	True	sat49/cert-20261001/results/h1_64033f150f4a3d2a.i-0cda2812da1c76d9b.1791011378.tar.zst
h1_ab2efb1f33589184	2	f4d2f96f99f4eff8cec28b6caff99a246332707114c21c0e9c87ea06574a6c8e	CERTIFIED	i-0cda2812da1c76d9b	r8g.16xlarge	4000	6ca98388ac8ab04fe8bd379e450cd233053d84313eec46f9899cf3e3cbf75136	4157073712	6196.9	403.3	8753.9	1	True	sat49/cert-20261001/results/h1_ab2efb1f33589184.i-0cda2812da1c76d9b.1791011409.tar.zst
h1_5c2cd9206549350e	3	b84d0a2dc30eecf8a8e12325de0758aa03fcda96eb937934f2b8619a54bc796b	CERTIFIED	i-0cda2812da1c76d9b	r8g.16xlarge	4000	ede13bdcea26056c87f0d9d18e6a707424c44c9204e80ef22651854093e0c6b0	4257966466	6338.3	419.4	8735.2	1	True	sat49/cert-20261001/results/h1_5c2cd9206549350e.i-0cda2812da1c76d9b.1791011573.tar.zst
h1_49bef47a66105a25	2	c9a3d51b0f3ce484ebaa05d2a42ae8f633d4abbe54a38b5246c9016b15200337	CERTIFIED	i-0cda2812da1c76d9b	r8g.16xlarge	4000	400efcc1bed577f2bb485a718b7c253795ade174ffe0c510d70934d7484dbd6b	4243158124	6113.6	408.1	8732.8	1	True	sat49/cert-20261001/results/h1_49bef47a66105a25.i-0cda2812da1c76d9b.1791011334.tar.zst
h1_92823329ca67ee45	1	6925a24231e9a621f216cbfb6c02f9acfa0086caabce88c8be195858d3132c55	CERTIFIED	i-0cda2812da1c76d9b	r8g.16xlarge	4000	3b84ae5da52bd1e3c8cb28f7fb313d892fb284a79d1ec162f9d3e8e3c62c516c	4184975667	6295.0	408.9	8726.7	1	True	sat49/cert-20261001/results/h1_92823329ca67ee45.i-0cda2812da1c76d9b.1791011515.tar.zst
h1_ac06b26dfe8fd55d	1	29797c5cf7ba0cec71564e5a2d3333547be3be32fac48eb80ab1b7080dfa133a	CERTIFIED	i-0cda2812da1c76d9b	r8g.16xlarge	4000	fd2812afca5f22fda22046584c931984559f0b90c5c3c6f536af810166a330f3	4109168626	6135.7	399.3	8725.8	1	True	sat49/cert-20261001/results/h1_ac06b26dfe8fd55d.i-0cda2812da1c76d9b.1791011342.tar.zst
h1_7ed99ba1d7dd2abb	2	2e652f8c764c91a76f7e3932901d6d7dff6a13ba4c868fa5efba31cd080e5e86	CERTIFIED	i-0cda2812da1c76d9b	r8g.16xlarge	4000	73b80afe9c6eb4670b6f998ea17bec87118892a0822913741609af41da436813	4011853716	6174.9	377.2	8701.2	1	True	sat49/cert-20261001/results/h1_7ed99ba1d7dd2abb.i-0cda2812da1c76d9b.1791011364.tar.zst
h1_d5266daa5fd38c09	0	2ef573a2da0eef124f6a29f0c22cef4fe8ecf3aa986d5125cb0d204a7c8c709d	CERTIFIED	i-0cda2812da1c76d9b	r8g.16xlarge	4000	0d6a2be4de8259db8bd0566b4659e583da6d5ff4455237aa1a396f7f0509f9c3	4128791801	6214.3	413.1	8693.2	1	True	sat49/cert-20261001/results/h1_d5266daa5fd38c09.i-0cda2812da1c76d9b.1791011441.tar.zst
h1_d579d33100cac6c0	2	fa529ab725ce5963651711c0111224c60bbbfb1281e624d699dbde3463c3bc53	CERTIFIED	i-0cda2812da1c76d9b	r8g.16xlarge	4000	41f90d3041ce7c2bf115bb25116b34d3b4e839dc2721dbfaf870fad0ee7e147c	4273562299	6101.5	405.3	8686.0	1	True	sat49/cert-20261001/results/h1_d579d33100cac6c0.i-0cda2812da1c76d9b.1791011336.tar.zst
h1_b837ff8daedcde40	2	9807faae7efffd14587a2e71264bff022d542db224e691ceac7677032177c65e	CERTIFIED	i-0cda2812da1c76d9b	r8g.16xlarge	4000	9ab510e3f2a41560cf5db5721140ec8fdb10b6f15f69412c5ee2adcbd4ab67e2	4120445623	6135.5	387.2	8665.2	1	True	sat49/cert-20261001/results/h1_b837ff8daedcde40.i-0cda2812da1c76d9b.1791011347.tar.zst
h1_868243cf86819da0	1	b10bb5c7b003fb7d3f05c56c7d0c9c2414f679fef466be48d9741fc23338c58d	CERTIFIED	i-0cda2812da1c76d9b	r8g.16xlarge	4000	d77fd8d5d9e822d628837c2b755196cc03fd98c573b5b393a53fe8e8ccb2b65b	5968072916	9728.7	610.5	8651.8	1	True	sat49/cert-20261001/results/h1_868243cf86819da0.i-0cda2812da1c76d9b.1791015152.tar.zst
h1_213252b6d6024031	1	ffd392b86e054106a4efb2393299e9b4ca5ad41a89e8ede22841f938ffdca1dc	CERTIFIED	i-0cda2812da1c76d9b	r8g.16xlarge	4000	eab125d66c8ea57bcb487fab7910e7e24264d139273c4b84caefc64ad00f63ea	3966870503	6190.5	400.9	8646.4	1	True	sat49/cert-20261001/results/h1_213252b6d6024031.i-0cda2812da1c76d9b.1791011413.tar.zst
h1_e938411f7ac0f0a5	2	36c334e644e916d1d10b8b0f596af9ac3e96d1c47255e5a1b068f6ab84e2280f	CERTIFIED	i-0cda2812da1c76d9b	r8g.16xlarge	4000	3045785dc480185a15be3f71d2b21cd624191ba74e10b13d74bcc86971c67a38	4424128521	6064.2	402.7	8638.9	1	True	sat49/cert-20261001/results/h1_e938411f7ac0f0a5.i-0cda2812da1c76d9b.1791011318.tar.zst
h1_5e233b37b78484cf	3	ab02da97ef64f768ee9ce9fef561e238e0b37140cb965ee50bdc7b005df3ecdd	CERTIFIED	i-0cda2812da1c76d9b	r8g.16xlarge	4000	1d0c78da083f8bd32ca0e6c2297c66bc87005942d9e912a3f0685c4818354765	4468173432	6096.0	408.8	8582.9	1	True	sat49/cert-20261001/results/h1_5e233b37b78484cf.i-0cda2812da1c76d9b.1791011365.tar.zst
h1_8ecb2774ec8800a6	2	ecfdddf8185e01bfb5250b1113c60629893c6f4e0667eaf87a7ba34de62a19b4	CERTIFIED	i-0cda2812da1c76d9b	r8g.16xlarge	4000	4e545c473a98f69cf10b2ce9e608e776e1fdb953c1b47ebaeb3aced006f6d42c	3768020899	6244.3	366.5	8582.7	1	True	sat49/cert-20261001/results/h1_8ecb2774ec8800a6.i-0cda2812da1c76d9b.1791011428.tar.zst
h1_f2bb91759de5a49a	2	47d708188fbe19b805c1909e0615d41efdacf3e8352eee54de618c7fb1d6d670	CERTIFIED	i-0cda2812da1c76d9b	r8g.16xlarge	4000	a28de4b14f184f4e7996aa88e29fe7d2efb66dfb38619ead5bbe3e4fb9252272	4287291346	6123.2	413.4	8545.8	1	True	sat49/cert-20261001/results/h1_f2bb91759de5a49a.i-0cda2812da1c76d9b.1791011399.tar.zst
h1_296061db8c6d07e1	1	4753d6beabc6225288ff16b621d011090c1b77cca402fc53a85c9316190c7492	CERTIFIED	i-0cda2812da1c76d9b	r8g.16xlarge	4000	3ba74d8a569cd028007ebb11a426d00fef3904fc9ec989fe1276a018629e723d	3695102218	6060.3	375.9	8527.8	1	True	sat49/cert-20261001/results/h1_296061db8c6d07e1.i-0cda2812da1c76d9b.1791011255.tar.zst
h1_252c5d63c54e4279	3	6890b5c59ac21b4d6015ba5f3108b340a4afbe8c6bdcad839313b0ab45fa9b75	CERTIFIED	i-0cda2812da1c76d9b	r8g.16xlarge	4000	beb988cf2e8e6077a237fcc23f3840c015c9b7f7e464a89e21aa2744d5f78b88	4278115276	5963.5	411.5	8512.0	1	True	sat49/cert-20261001/results/h1_252c5d63c54e4279.i-0cda2812da1c76d9b.1791011242.tar.zst
h1_f736a4bb51c26df6	0	fed914c8e59dc988cd6672df324142c7b8a39c75f2825d2486155d00af645664	CERTIFIED	i-0cda2812da1c76d9b	r8g.16xlarge	4000	7ad01778bb11dbd1f45834566e88f4bf2c1fc38d92c699272c92602cb01259bf	4254876946	5974.1	400.2	8498.2	1	True	sat49/cert-20261001/results/h1_f736a4bb51c26df6.i-0cda2812da1c76d9b.1791011247.tar.zst
h1_bcc2543f4c22279f	1	10d1fa8c31f4cddfa811a3d99b50ebbdfd65f207d47294696b5852d9e9c57e60	CERTIFIED	i-0cda2812da1c76d9b	r8g.16xlarge	4000	48aaf0305ab6e48b14d8526952829ce63ed50ea099d93d5495729dbf4a6ae31d	4052349480	5979.3	385.5	8479.0	1	True	sat49/cert-20261001/results/h1_bcc2543f4c22279f.i-0cda2812da1c76d9b.1791011230.tar.zst
h1_bc148196f01822a1	3	e84ffae0a5fafb34638f5c7f3bcc09f04bb3e868d0ee7f1ac3173f4a6d80ae73	CERTIFIED	i-0cda2812da1c76d9b	r8g.16xlarge	4000	ac951d93ae73a180f97d73b5efcfb2a55e71d9706c4b40a84186e8899aa284f3	4028665884	5959.2	393.9	8476.1	1	True	sat49/cert-20261001/results/h1_bc148196f01822a1.i-0cda2812da1c76d9b.1791011209.tar.zst
h1_ff02c87327d9799c	3	e64d615a51d9fe14506f1ae5f76125869437014604754d79d57833d6059c4b02	CERTIFIED	i-0cda2812da1c76d9b	r8g.16xlarge	4000	0fb6e878c10d493d7516522914f94c37f0f219e88b47d4e0b633809ad9411e43	3887519766	5957.9	378.8	8467.7	1	True	sat49/cert-20261001/results/h1_ff02c87327d9799c.i-0cda2812da1c76d9b.1791011191.tar.zst
h1_ed691c4d24296968	1	82485089bd551a63d11b20148fd0ffd70f79b0a6aa1719218d627c418ce9f8ab	CERTIFIED	i-0cda2812da1c76d9b	r8g.16xlarge	4000	485078959b029a410e604115b44263e483ac476e4873102292182dec4c0e5211	4022325964	5920.0	394.9	8438.6	1	True	sat49/cert-20261001/results/h1_ed691c4d24296968.i-0cda2812da1c76d9b.1791011201.tar.zst
h1_43bf0e996f6afe88	1	6262606ef0b536c23ad4a6f79a7a5990a092c2fb8c4e29db504d790cad6d1d47	CERTIFIED	i-0cda2812da1c76d9b	r8g.16xlarge	4000	e3a4bafb63fa3a13330e665d9b54182d8d3fe2ba5e2624240cc8e144eeaa98f4	3935026536	5829.5	391.0	8431.8	1	True	sat49/cert-20261001/results/h1_43bf0e996f6afe88.i-0cda2812da1c76d9b.1791011105.tar.zst
h1_c7cfdba4847e21ae	1	07c746d515cef024ac0b93108d5a76d9f570944a5fd2ec0f4e353e1a65ba3e1a	CERTIFIED	i-0cda2812da1c76d9b	r8g.16xlarge	4000	6745950ae54c8984576b2c410b1a3f726f8d5bfe4ccaf345dfe509e0bec74e55	3905194606	6007.5	366.3	8428.8	1	True	sat49/cert-20261001/results/h1_c7cfdba4847e21ae.i-0cda2812da1c76d9b.1791011248.tar.zst
h1_6cae208841fee2d3	2	199206491e5619399c74e4df1401b4e2aafca500eaf2d086ec8b0365e3fee7f4	CERTIFIED	i-0cda2812da1c76d9b	r8g.16xlarge	4000	a8065a5b3c7327812e4121af76d0aea5807e95d254125d64b26a01d541d7a0f1	4267521180	5923.6	387.1	8384.7	1	True	sat49/cert-20261001/results/h1_6cae208841fee2d3.i-0cda2812da1c76d9b.1791011200.tar.zst
h1_b6c54c704b3ae8f6	3	8a01ce49759f6861858ac16473e4121eaf944ed42e839e1e2442d962dba8ab87	CERTIFIED	i-0cda2812da1c76d9b	r8g.16xlarge	4000	1e1360cf0589a29a9b8302da429686652277e77affd73f795b1dd8ad6bb35e4a	3699473841	5926.4	357.9	8382.4	1	True	sat49/cert-20261001/results/h1_b6c54c704b3ae8f6.i-0cda2812da1c76d9b.1791011153.tar.zst
h1_adcde2a0d6a6f7ba	1	e42cca67054cf0864776ab63eb4cd53c357efc20bbe1a6e6e4f23f34622ad8e1	CERTIFIED	i-0cda2812da1c76d9b	r8g.16xlarge	4000	08625737946464f8289256ebd2cdf3a99aa3b46a28f51e46a4ab46281a3d1d41	4524604376	5936.4	422.1	8381.2	1	True	sat49/cert-20261001/results/h1_adcde2a0d6a6f7ba.i-0cda2812da1c76d9b.1791011286.tar.zst
h1_3c5e4f3e9a249544	0	79b9e246b7016f9f9696ddf4e35d7663775e43cbcb795bd0a1ca8c811726e39c	CERTIFIED	i-0cda2812da1c76d9b	r8g.16xlarge	4000	6500a6ccd67d6e15688ccdba6aa261797e6f34d2e83da8959586ce5c6483640f	4131738650	5936.5	396.1	8338.1	1	True	sat49/cert-20261001/results/h1_3c5e4f3e9a249544.i-0cda2812da1c76d9b.1791011230.tar.zst
h1_a7afdefa265f4272	2	cbf0b5d93bd6b62dcdb01d4049770be59d282cceb058959dec37dd68c84dec93	CERTIFIED	i-0cda2812da1c76d9b	r8g.16xlarge	4000	c901b02f464221b6ee86ec652ef73c71693cbd565cdcec7721f4a6751ef2f6fe	3873984009	5917.2	373.5	8333.9	1	True	sat49/cert-20261001/results/h1_a7afdefa265f4272.i-0cda2812da1c76d9b.1791011183.tar.zst
h1_6ccd4827a63028d0	2	527a8500b24703962cb930c58438da1e449e6dfd81bb5adb6fadc40d8665b8e0	CERTIFIED	i-0cda2812da1c76d9b	r8g.16xlarge	4000	3a04ba9bbc1583c5c046b87f10c813a9040f84d6dc637740836cf7816c94aae7	3834308876	5910.3	358.8	8332.2	1	True	sat49/cert-20261001/results/h1_6ccd4827a63028d0.i-0cda2812da1c76d9b.1791011163.tar.zst
h1_8e650bedbccad857	1	58815a3cc2e6660032b1f87724c429369128873d5dfb1227d010935fb20d8ca9	CERTIFIED	i-0cda2812da1c76d9b	r8g.16xlarge	4000	875b9475b284fa4e54c00f2d09257600eecc6fbbfcaa7f4e7ff6e45b6e018588	5887727825	9880.4	626.1	8312.8	1	True	sat49/cert-20261001/results/h1_8e650bedbccad857.i-0cda2812da1c76d9b.1791015384.tar.zst
h1_cb2ae52e0e420eba	1	1cce814ff4364a1f3c9f59f3792a1dbbb92207f723b86e4505069c77aca0295a	CERTIFIED	i-0cda2812da1c76d9b	r8g.16xlarge	4000	4651a46f818c5098b65f1f8a95fe037978c03b01e9b9789b85902e666cb9a100	4073646324	5859.7	391.8	8303.4	1	True	sat49/cert-20261001/results/h1_cb2ae52e0e420eba.i-0cda2812da1c76d9b.1791011160.tar.zst
h1_fa9408e4427ea93e	2	d88fa7b07468a4e3c730e0aeb3ad23261231bdd77781c4b036bad91b02429785	CERTIFIED	i-0cda2812da1c76d9b	r8g.16xlarge	4000	4b5328bf703a894fb214c00120e15a00084ec4c585a22053807243d756f536ad	4147916488	5879.3	394.9	8283.2	1	True	sat49/cert-20261001/results/h1_fa9408e4427ea93e.i-0cda2812da1c76d9b.1791011192.tar.zst
h1_ec89616c48b97b3c	2	e6b2b519220fc22cdb17d8943fe7078e4d53783c2f5df099439c90b8027639b5	CERTIFIED	i-0cda2812da1c76d9b	r8g.16xlarge	4000	c64bfbb8ef328a72845bfdc1d3856b860124e006d6989a95d2c92542d10262f0	4127130481	5926.9	393.0	8253.5	1	True	sat49/cert-20261001/results/h1_ec89616c48b97b3c.i-0cda2812da1c76d9b.1791011237.tar.zst
h1_bf824d7076be9a60	1	fba5fbbde088c4aa2f065018c4223f9208d05adc7db46716638c80209194dcd1	CERTIFIED	i-0cda2812da1c76d9b	r8g.16xlarge	4000	27dbcb8980007944ae244b8be92e29970d6f59a43f3a03331f8a4d503a80e6c8	5399043007	8006.1	532.4	8244.2	1	True	sat49/cert-20261001/results/h1_bf824d7076be9a60.i-0cda2812da1c76d9b.1791013468.tar.zst
h1_a23f37767ddfad07	3	16a1c5d51766b149001ce46ef4507fdcb9f089b158996ded99970443295b1cd9	CERTIFIED	i-0cda2812da1c76d9b	r8g.16xlarge	4000	be560618a6d2b93309d8d7352f9447d7bfb50ac6c0d9652aabcafe4d22797cbf	4270510872	5908.8	415.8	8224.2	1	True	sat49/cert-20261001/results/h1_a23f37767ddfad07.i-0cda2812da1c76d9b.1791011277.tar.zst
h1_34d624f72b7dc7e6	1	8861d000e625efaf1fbb40226967a9b8796771aba238f056822042b4b6db8cb3	CERTIFIED	i-0cda2812da1c76d9b	r8g.16xlarge	4000	a193f1f0bd2f1f9daf17b1ce83fe4c3bcbab81acfda425e391c241f9b5b9f001	3859896646	5799.0	363.4	8212.9	1	True	sat49/cert-20261001/results/h1_34d624f72b7dc7e6.i-0cda2812da1c76d9b.1791011080.tar.zst
h1_0f030a1444ab6ce6	1	56f3c310038ac0634e840722b3d4bbef466214a06e24f0660da7fd82ea448d3b	CERTIFIED	i-0cda2812da1c76d9b	r8g.16xlarge	4000	486ccb719a3444cbf0f59e824ca8602aa842d8f55b95964046bae8769a792591	4240176214	5763.5	398.5	8205.7	1	True	sat49/cert-20261001/results/h1_0f030a1444ab6ce6.i-0cda2812da1c76d9b.1791011104.tar.zst
h1_ad7a97a0a6acc780	2	a0329f61a8f77f1bf3bfe10ef78653aa6aaf376080d15a5246e9752d53250d15	CERTIFIED	i-0cda2812da1c76d9b	r8g.16xlarge	4000	01b9b5b327afb781c6a7291bc6107594e3dcef55c47532c67b40a5161176020e	3790044778	5836.7	371.5	8175.1	1	True	sat49/cert-20261001/results/h1_ad7a97a0a6acc780.i-0cda2812da1c76d9b.1791011126.tar.zst
h1_1e81f4c3c928c55c	3	c770b3f467fafbb56ebc1b38de3ad6174b893e6033d0cf78ce87658b3235b75a	CERTIFIED	i-0cda2812da1c76d9b	r8g.16xlarge	4000	03f5d70ebda21fb8d3ee1441cd331865326ff6e9e5e40306274542a3207ef45d	4115460511	5769.5	368.0	8173.1	1	True	sat49/cert-20261001/results/h1_1e81f4c3c928c55c.i-0cda2812da1c76d9b.1791011084.tar.zst
h1_0e3883c1055d7f60	3	7160c12b3245f192a090a669d5581b547e2cf7887ef7a689ccede298e756c577	CERTIFIED	i-0cda2812da1c76d9b	r8g.16xlarge	4000	304485f1eeaae1043856be6c6c18766ec2775de4db80623fe9d30a6802895ebe	4087606550	5694.4	382.2	8168.7	1	True	sat49/cert-20261001/results/h1_0e3883c1055d7f60.i-0cda2812da1c76d9b.1791011032.tar.zst
h1_e5a37570db130321	2	d3e4b02781507b0221d1a017ab43c72c68ea7c7d02ccadad4493aaeab2984023	CERTIFIED	i-0cda2812da1c76d9b	r8g.16xlarge	4000	598eb9d192f3972209ac668e42bce659622c14514279c0936304e5b5c7a8adb0	3753507305	5848.5	354.3	8134.7	1	True	sat49/cert-20261001/results/h1_e5a37570db130321.i-0cda2812da1c76d9b.1791011134.tar.zst
h1_2abcab0064125782	3	d77e671cff504ff98f74318093a1bd1749c4ba744c976dfbad8bf90c61c349c7	CERTIFIED	i-0cda2812da1c76d9b	r8g.16xlarge	4000	813c0653ee5d4e0c0a439d693165439cf7c26d01ac11b8a2304295776341489e	4107651090	5802.4	368.7	8132.6	1	True	sat49/cert-20261001/results/h1_2abcab0064125782.i-0cda2812da1c76d9b.1791011128.tar.zst
h1_9aba8e0fa3ed2817	3	6d9a07852afaec7716b0ddf7c2891630435ac9a21ade7597d73bf5e5f72b0d01	CERTIFIED	i-0cda2812da1c76d9b	r8g.16xlarge	4000	96fbe08539a721ecf14912203b67d7766f773d3c3be8cd035b546513331c007f	4015734471	5697.5	380.5	8098.8	1	True	sat49/cert-20261001/results/h1_9aba8e0fa3ed2817.i-0cda2812da1c76d9b.1791011037.tar.zst
h1_fd3e01fc49cefb04	2	d5fb0006c8c700793d9d7b73d101793d5118e44f81a0d89ebe221da3f1b1c511	CERTIFIED	i-0cda2812da1c76d9b	r8g.16xlarge	4000	1bfc6732eeb54d9a700cb30be4107486a94647b816842b51f877143c819867a7	3989238003	5774.5	386.1	8067.2	1	True	sat49/cert-20261001/results/h1_fd3e01fc49cefb04.i-0cda2812da1c76d9b.1791011117.tar.zst
h1_8a3cc451b9a70cfc	2	10e68d5b2f8be28028c18b8ac2832ef46033ebf5fb264ab1a6c2fbc2baed2201	CERTIFIED	i-0cda2812da1c76d9b	r8g.16xlarge	4000	4e3879e11f72e7d6c011b5983dd0806d9e7b99fb56b50273f81fbaf5edeb1c4c	4250749535	5844.4	393.2	8066.1	1	True	sat49/cert-20261001/results/h1_8a3cc451b9a70cfc.i-0cda2812da1c76d9b.1791011215.tar.zst
h1_3ac16cf9870258b6	0	9e3dd1b04249912fda611edf0575597c28439f4e3d995e6b2b24eede87de395e	CERTIFIED	i-0cda2812da1c76d9b	r8g.16xlarge	4000	a590fd574ac1500ba29fc6d620c7c6ddbbe3340e91587927155f88708298c68b	4047531678	5954.2	391.1	8049.0	1	True	sat49/cert-20261001/results/h1_3ac16cf9870258b6.i-0cda2812da1c76d9b.1791011308.tar.zst
h1_49ac92512e8bb964	1	730f680de614cb0fabe6e8f5ffbbcd53e14ab02f1e3f970bafdd3704ddeedf5b	CERTIFIED	i-0cda2812da1c76d9b	r8g.16xlarge	4000	ea670f16ff9af4ce433d1c04ded40f97b5916532f2a0a06a936f7d585e83f8f0	3679350939	5672.5	355.4	8006.1	1	True	sat49/cert-20261001/results/h1_49ac92512e8bb964.i-0cda2812da1c76d9b.1791010977.tar.zst
h1_ccd8418ed0b6e6db	4	98b412649aec4065a9bf27db4fde89ac91f84552fac7193948dfa272c6dddcc9	CERTIFIED	i-0cda2812da1c76d9b	r8g.16xlarge	4000	02fbe594bf9aca4dcea22cc8a87cb183dfd5c0a8166e9c9d2adc26db3311c54c	4505532897	5673.2	412.0	7985.2	1	True	sat49/cert-20261001/results/h1_ccd8418ed0b6e6db.i-0cda2812da1c76d9b.1791011097.tar.zst
h1_a2c59002617ee73c	1	0a1b32a0589fdd80402766f5e533550a3f9d6d07a12c995d2611142d3fae560f	CERTIFIED	i-0cda2812da1c76d9b	r8g.16xlarge	4000	e1251d169421be800e08f77917d2653e5c075f3060d123211c552d6e5ea0b896	5907024510	9198.8	606.9	7972.8	1	True	sat49/cert-20261001/results/h1_a2c59002617ee73c.i-0cda2812da1c76d9b.1791014769.tar.zst
h1_f1112aeb33aa0080	0	8db60d7d66bc51b2c9c41467e8fe65ba41727df3b8883d5ffde6b45937042b95	CERTIFIED	i-0cda2812da1c76d9b	r8g.16xlarge	4000	8f891433a6d844866801a1b6a7910ee26d47b0a4d1e5113a11154e4077f12d1f	3847332595	5650.0	367.7	7968.3	1	True	sat49/cert-20261001/results/h1_f1112aeb33aa0080.i-0cda2812da1c76d9b.1791010988.tar.zst
h1_e2de66b44c13daeb	2	632a1004bd01170401a500187886dc228786ddfdbab6c3514464bf04807ad840	CERTIFIED	i-073ccf78f0db3f027	r7g.16xlarge	4000	762b68b02bc9b6bd1054fe380b58946c3f4680c0c931c933269784fc84018af6	5990948308	13302.3	830.3	7965.9	1	True	sat49/cert-20261001/results/h1_e2de66b44c13daeb.i-073ccf78f0db3f027.1791021806.tar.zst
h1_18cf51c8ea59ce67	2	da765e47336a5c36a53271d97677a83b3d5f19618a7f32dd01526632644b8476	CERTIFIED	i-073ccf78f0db3f027	r7g.16xlarge	4000	033854e0f1e77de5ca0eba2deb1f9960866bfb3ff9686aa269d4b5770098d00f	4169762981	8484.9	525.5	7960.5	1	True	sat49/cert-20261001/results/h1_18cf51c8ea59ce67.i-073ccf78f0db3f027.1791016669.tar.zst
h1_b51c66cca7637ff3	2	0affcf5df2ed2e5ac80930af29d8569ea4e3bbdd012160ec00aa86fad14a738e	CERTIFIED	i-073ccf78f0db3f027	r7g.16xlarge	4000	84d88a85d4679f54150a0d62b6a6a8f41d03f1a9765dbdcc78270cfa3ad7d60d	3701368609	8442.1	493.9	7959.0	1	True	sat49/cert-20261001/results/h1_b51c66cca7637ff3.i-073ccf78f0db3f027.1791016566.tar.zst
h1_673168b90ba74915	3	9ecec5f50fe64d5d7b2e61bb9ee8d19d92a71f5f3a3bbba5182e0a13e9180053	CERTIFIED	i-073ccf78f0db3f027	r7g.16xlarge	4000	5b255316ef9a552d3ce8b1bcba335465d43af85067e986dca4ea1785ce17b124	3863340762	8432.2	517.5	7945.7	1	True	sat49/cert-20261001/results/h1_673168b90ba74915.i-073ccf78f0db3f027.1791016604.tar.zst
h1_4377fcdcdd65eef1	2	ae1814e3fbe19c283a44aa268b88d0fdbabb38ac92dc79f9be28f43f0f69c2af	CERTIFIED	i-073ccf78f0db3f027	r7g.16xlarge	4000	5853844d4a34815748f38d2eba22235787a62fb70d591f39901bd9942a86bc62	3885995891	8370.9	481.9	7911.3	1	True	sat49/cert-20261001/results/h1_4377fcdcdd65eef1.i-073ccf78f0db3f027.1791016500.tar.zst
h1_4754a9605817656c	0	c2b10a7c81327ff7ce4b8d5d9e98b570a44b1a60f3ae93c46607638f55c4ffe1	CERTIFIED	i-073ccf78f0db3f027	r7g.16xlarge	4000	d14265748d10a896ed5de2913b84b777c7a23848684398cd174db7fa080f7605	3516066772	8353.8	489.1	7877.1	1	True	sat49/cert-20261001/results/h1_4754a9605817656c.i-073ccf78f0db3f027.1791016465.tar.zst
h1_2f85be6c9c1ff663	2	2745bc2a591512ecc720a3827f566360a71659e2d2dd9de3a8714a9c859e456d	CERTIFIED	i-073ccf78f0db3f027	r7g.16xlarge	4000	4ae3b26d485aac54f45e74174843b9cc0e0db31660a8b5a860e84f78d8b67bec	3521757648	8364.0	461.7	7864.4	1	True	sat49/cert-20261001/results/h1_2f85be6c9c1ff663.i-073ccf78f0db3f027.1791016424.tar.zst
h1_fb7bafac7d55e7c5	2	1bb8c721c957d3e77b6641ae280c1e2ff54cecf469b8f1a281869ee6f5d7ce2e	CERTIFIED	i-073ccf78f0db3f027	r7g.16xlarge	4000	d39894f63477fcc5f6dd0764ac6f66c36f5f2be1ab6ddb7f7f9f277972d62087	3907488364	8443.8	496.6	7862.8	1	True	sat49/cert-20261001/results/h1_fb7bafac7d55e7c5.i-073ccf78f0db3f027.1791016573.tar.zst
h1_48272c11f48328d6	1	5287f5d1b46f974c0d3e9a2da3aabff55939886cc8322460ffc9a6a044c318d4	CERTIFIED	i-073ccf78f0db3f027	r7g.16xlarge	4000	feafd3d902af7ae254202962576e676c1d46f901ce88c773767979e3d5dfeba5	3623810458	8301.4	486.1	7861.9	1	True	sat49/cert-20261001/results/h1_48272c11f48328d6.i-073ccf78f0db3f027.1791016405.tar.zst
h1_dfc73981638788b2	1	5f430fb2d291958587270ec489a7e10cf0a6723c446123a59905dcb9bc4687bb	CERTIFIED	i-073ccf78f0db3f027	r7g.16xlarge	4000	4a1a54a31095359738e9409cc4b6363cf38141db52c7fb85aedda22f2ff8427c	3513234592	8305.0	471.3	7859.3	1	True	sat49/cert-20261001/results/h1_dfc73981638788b2.i-073ccf78f0db3f027.1791016404.tar.zst
h1_168f9e60b5ca8ac3	3	eda0bb62e432a6871279baef06d641ffdf230ee28ae429036e7f438602a8a192	CERTIFIED	i-073ccf78f0db3f027	r7g.16xlarge	4000	570ce58617ae5cf06465c5ce764386d5c4db9d3f93baf3c7fa5e28543a50bc2f	3993587837	8309.2	535.0	7821.8	1	True	sat49/cert-20261001/results/h1_168f9e60b5ca8ac3.i-073ccf78f0db3f027.1791016502.tar.zst
h1_77f398cd43fed9eb	0	f60d545e65f577352e75be7ea8dcffc24d746622bef74f8081c0d9a3d4d2e376	CERTIFIED	i-073ccf78f0db3f027	r7g.16xlarge	4000	e7ba05075905850be610aeef419dc07ff7db4b3ffba05b02d15e37566bee3016	3629006078	8284.9	505.2	7819.7	1	True	sat49/cert-20261001/results/h1_77f398cd43fed9eb.i-073ccf78f0db3f027.1791016430.tar.zst
h1_0f2bbaa8bd823d8e	4	5ac7633fbd4ba2ef99ed795992b79ee1df0be86ccbe316ef22deda83bf920510	CERTIFIED	i-073ccf78f0db3f027	r7g.16xlarge	4000	a1ad3714cd4c4feb08ff3d4ae9e543c06c32500bf47036f80581395f28ce79ff	3853536221	8737.0	494.5	7815.4	1	True	sat49/cert-20261001/results/h1_0f2bbaa8bd823d8e.i-073ccf78f0db3f027.1791016843.tar.zst
h1_a4ee7ebbb0258e4d	1	332afb198f33078d94a2e52f8291d051d645aaac2241e5da8008d5610741d000	CERTIFIED	i-073ccf78f0db3f027	r7g.16xlarge	4000	520d64826a611b726540aae62428189d19e82c8308f9511e96ac71214bafd69d	3539434009	8242.0	481.3	7813.9	1	True	sat49/cert-20261001/results/h1_a4ee7ebbb0258e4d.i-073ccf78f0db3f027.1791016356.tar.zst
h1_dba11866daee2215	0	f860bc98b86a58c6907e6146ef7c01273ca00470b6dabce81ae8220c2a74e6e0	CERTIFIED	i-073ccf78f0db3f027	r7g.16xlarge	4000	cbd428e0d87133cffcf563c12009ff83c06c21277add2924e85109342d7978ac	3391577392	8288.5	457.1	7807.2	1	True	sat49/cert-20261001/results/h1_dba11866daee2215.i-073ccf78f0db3f027.1791016372.tar.zst
h1_5bfa79678b88a1aa	3	6d4e642ed70553c105a56fd8fd14677fba21b9a2362dc44330698d2e6b20c4d7	CERTIFIED	i-073ccf78f0db3f027	r7g.16xlarge	4000	06f10753e3264d0c6c937c5ec21509f7818f14e19632afbed305c91ff665abf1	3928488286	8268.6	506.9	7804.6	1	True	sat49/cert-20261001/results/h1_5bfa79678b88a1aa.i-073ccf78f0db3f027.1791016441.tar.zst
h1_b557479d676e6c21	3	2834ac5bb7a331290e5582216e75a10ad67490e2251faf01a327026823e3a357	CERTIFIED	i-073ccf78f0db3f027	r7g.16xlarge	4000	99afec24d9c208215f1cd6d8d914436dd8e31e629d1698a870df443a9acae5c0	3822532700	8248.5	476.8	7761.0	1	True	sat49/cert-20261001/results/h1_b557479d676e6c21.i-073ccf78f0db3f027.1791016398.tar.zst
h1_e7c1dfc9654d954c	0	1f706a0913d9959f8b06762df490353f3ac0c20513257218d6fa1f797ae7169c	CERTIFIED	i-073ccf78f0db3f027	r7g.16xlarge	4000	171a613aff28884bf1fb5e467519c55ff0ff15dc26701a58d7934ccb6af94bd5	3825434910	8221.1	484.8	7759.4	1	True	sat49/cert-20261001/results/h1_e7c1dfc9654d954c.i-073ccf78f0db3f027.1791016362.tar.zst
h1_1f2611d949e6a98c	1	093b4e516ec79b323c3c8305c9d57c3f229bf66db5020c6c53a6c19492099958	CERTIFIED	i-073ccf78f0db3f027	r7g.16xlarge	4000	cd5248c5aa4aaaec9684874373c1ac79bd2323034b1f0abb5c49e9f44110f2ba	3611485003	8261.6	483.3	7743.4	1	True	sat49/cert-20261001/results/h1_1f2611d949e6a98c.i-073ccf78f0db3f027.1791016387.tar.zst
h1_670f500fffbc8351	3	fcdb930a79d5f3c0b3b14353dda23b16ee49dc678e21fe5e6f67909f1179b488	CERTIFIED	i-073ccf78f0db3f027	r7g.16xlarge	4000	8a458435772c5812cc69eb34478ef6af39fe90a123682408ce2a0aa43d4c6ee3	4058044162	8225.5	531.3	7730.8	1	True	sat49/cert-20261001/results/h1_670f500fffbc8351.i-073ccf78f0db3f027.1791016445.tar.zst
h1_0d57852fd16e9fc6	2	f996a997ade70e627c4ac1eb4ddec5001ab1ba9574b900d58b263cf65fc6aaf5	CERTIFIED	i-073ccf78f0db3f027	r7g.16xlarge	4000	caa32dcecd147aa3b18faa76274919e48b97d94e150efe651b6077fd44ff1e24	3667492420	8241.8	485.9	7709.5	1	True	sat49/cert-20261001/results/h1_0d57852fd16e9fc6.i-073ccf78f0db3f027.1791016395.tar.zst
h1_b6a9324dd7abdabf	2	eee020ec35f0c092721d5bdb8b6433bfab1caa90d6003ebfe4600c07ff7a416e	CERTIFIED	i-073ccf78f0db3f027	r7g.16xlarge	4000	f7ed87758a8d8d92b94faec13dfb48d50ce3562f2d1b782d7135cd8d884b8687	5118815694	8244.2	625.2	7699.1	1	True	sat49/cert-20261001/results/h1_b6a9324dd7abdabf.i-073ccf78f0db3f027.1791016643.tar.zst
h1_6cd5a164021aefd3	2	2841251f41894ee62f964234103bb9694458f88dc14d8661897988b741c9ea5d	CERTIFIED	i-073ccf78f0db3f027	r7g.16xlarge	4000	8c912b2da47b38c4bd63d8b11136f7af843ef633473df4f811c7db5d5d246999	3821403767	8128.6	505.0	7655.7	1	True	sat49/cert-20261001/results/h1_6cd5a164021aefd3.i-073ccf78f0db3f027.1791016312.tar.zst
h1_5305027cc6624a9c	3	a5c788413e2d925694f352f3872b9220efc16f9524336a6557482cb58ac1c516	CERTIFIED	i-073ccf78f0db3f027	r7g.16xlarge	4000	4dc9d99429fecc70010985f2762ac4081d35fb0bd87a69d80d4b9addb3aa76a7	3535046946	8166.9	469.7	7648.6	1	True	sat49/cert-20261001/results/h1_5305027cc6624a9c.i-073ccf78f0db3f027.1791016307.tar.zst
h1_036e4b1c886dd243	2	615c05c48a14e1afcdd07135359529307628fd24e833b1b3fa0d38695935f35e	CERTIFIED	i-073ccf78f0db3f027	r7g.16xlarge	4000	e6d56694b454f3c698143b24510c9a78b690af178aa157f053756255bc5a42f6	3672348589	8016.8	481.5	7639.1	1	True	sat49/cert-20261001/results/h1_036e4b1c886dd243.i-073ccf78f0db3f027.1791016171.tar.zst
h1_a79de120b8239525	1	61839ffd00d4a7fc7f472a5cac73b6080f71daee06b4f6022c5f0d6d1bc55e8c	CERTIFIED	i-073ccf78f0db3f027	r7g.16xlarge	4000	77927b06357c3e2fd0399507ab1efb2099e9a888adff85851f39595850fe3216	4112449988	8222.5	515.2	7623.0	1	True	sat49/cert-20261001/results/h1_a79de120b8239525.i-073ccf78f0db3f027.1791016438.tar.zst
h1_800e8673e930bc64	1	3208010b7011e2b790c383ba214a40e06c58a1e408c157463c2d2d3464855672	CERTIFIED	i-073ccf78f0db3f027	r7g.16xlarge	4000	e6909ddc47c9f7547c44d20a90a13398b7a1f4f4ff28e16fc2650350922d6640	3303122553	8043.8	436.7	7619.3	1	True	sat49/cert-20261001/results/h1_800e8673e930bc64.i-073ccf78f0db3f027.1791016136.tar.zst
h1_0f60c53e650be341	0	c0ea162430a116ac6328289d2032391f8e40f1fa6bbf435b3f6fdba997225826	CERTIFIED	i-073ccf78f0db3f027	r7g.16xlarge	4000	77f452c4701773ce75aa0d8989d4f05d4047ea120d8844ec6416401f70a82b40	3631481477	8083.7	474.1	7593.5	1	True	sat49/cert-20261001/results/h1_0f60c53e650be341.i-073ccf78f0db3f027.1791016254.tar.zst
h1_b9759a74fcc82e8a	3	ed3c00877f002faa23b9fb9104727e5bfc6d0bbf4881dde9ebc33ec5f3198dc6	CERTIFIED	i-073ccf78f0db3f027	r7g.16xlarge	4000	08d71668765e04376a5e572d94ef0c4599450efb5ab822356f63c3b13d8670f6	3974890178	7979.2	497.7	7585.3	1	True	sat49/cert-20261001/results/h1_b9759a74fcc82e8a.i-073ccf78f0db3f027.1791016204.tar.zst
h1_863f715d5bcb94f0	1	6665ea5aae85da291ad4d47dc00115c4fe308624ed6c8aceca7b502dd3877994	CERTIFIED	i-073ccf78f0db3f027	r7g.16xlarge	4000	92f8f5e5ce4c04784217b11896322ede527f1af90146ab776b1e9674e13388a5	3411149714	7730.8	465.8	7549.6	1	True	sat49/cert-20261001/results/h1_863f715d5bcb94f0.i-073ccf78f0db3f027.1791015884.tar.zst
h1_b1b8494450b3e04d	4	f7a64cd7a064a84a25a6fbefb7ecc6e6d7367283560ff817be8d840c3b2a58f0	CERTIFIED	i-073ccf78f0db3f027	r7g.16xlarge	4000	e5d475cae5187bea509265378a36ca0042f0c1df3b66c8a136537391a18c412f	3449092042	7946.2	447.7	7539.4	1	True	sat49/cert-20261001/results/h1_b1b8494450b3e04d.i-073ccf78f0db3f027.1791016084.tar.zst
h1_a983792eae7ac77d	2	bdd988550b5589f275b09f0ea70733ae64bb2a5d2b7f8c1e78ae8f69a0f950d7	CERTIFIED	i-073ccf78f0db3f027	r7g.16xlarge	4000	c7f38e74fdf436b4cf3f7adca47f131bdb72e61b8dfdb0c850907ddded5be221	3753194296	8004.6	478.8	7532.2	1	True	sat49/cert-20261001/results/h1_a983792eae7ac77d.i-073ccf78f0db3f027.1791016218.tar.zst
h1_3f34b3c631f2f3f2	1	caa20eeb2e45d014ac75f49158849a89dd2bb5a6fc645db4fd8ff6efbf501584	CERTIFIED	i-073ccf78f0db3f027	r7g.16xlarge	4000	7801e74109d7e5674823707c23222dcf03e8ea7b964aac24ab433e1ac1a46583	5159781737	12035.5	711.4	7527.4	1	True	sat49/cert-20261001/results/h1_3f34b3c631f2f3f2.i-073ccf78f0db3f027.1791020470.tar.zst
h1_6ccb5402de9a71b8	1	632e705f6b7dfe54a675224ef1890bbe58886476fcee0b8cfda9a89aa89773b2	CERTIFIED	i-073ccf78f0db3f027	r7g.16xlarge	4000	5e04238bd5b83549609562b096f6c5c41e660daf6d944b757eeefc9eba08cd22	3662153924	8023.2	479.8	7524.1	1	True	sat49/cert-20261001/results/h1_6ccb5402de9a71b8.i-073ccf78f0db3f027.1791016222.tar.zst
h1_5f51380ed7fd88a2	2	67e0e855f9135de56f05977ff0d85f00128ff0c5d476be77cb6292ca8632dc80	CERTIFIED	i-073ccf78f0db3f027	r7g.16xlarge	4000	185a8858f0491398a564464defb83efd882db55705f8093fa34eacd65285b192	3541137227	8005.2	453.6	7518.8	1	True	sat49/cert-20261001/results/h1_5f51380ed7fd88a2.i-073ccf78f0db3f027.1791016178.tar.zst
h1_65bf4a6627d665bb	3	ae617b7f8a099597a39baf9a3ea7786a1c280191c5f206012cfcc838f2a4ee79	CERTIFIED	i-073ccf78f0db3f027	r7g.16xlarge	4000	c53dd2773f3da96fe7c3a6d46c068cb3fb22f1a52a036f9f1633802720c3e008	3961932360	8003.8	501.2	7516.4	1	True	sat49/cert-20261001/results/h1_65bf4a6627d665bb.i-073ccf78f0db3f027.1791016272.tar.zst
h1_ca0d0d3a2d00527b	0	0692574ec26004cec44fe0505bf08006c39be708b98c2e6c09bed691f26532e9	CERTIFIED	i-073ccf78f0db3f027	r7g.16xlarge	4000	3e90ab1e6ee291055ec71cb43ab4d383ec48d9e31ce73fa58db0af357e6c3820	3699765105	8011.1	474.2	7501.4	1	True	sat49/cert-20261001/results/h1_ca0d0d3a2d00527b.i-073ccf78f0db3f027.1791016233.tar.zst
h1_ff19260f612101c1	2	ecdf52b9745da7c314cb933f5aa5b8e7b0441ad33b4968a655d85b00ac6cce09	CERTIFIED	i-073ccf78f0db3f027	r7g.16xlarge	4000	98e801c9b8480a300ed03ea5ad0facbd189acaa69ca6cafa475c0a7eefa50c7e	3939453940	7993.2	498.4	7489.1	1	True	sat49/cert-20261001/results/h1_ff19260f612101c1.i-073ccf78f0db3f027.1791016273.tar.zst
h1_a0c2f67464d6f8d0	3	70322bb0b3e71b2b66a601bf2cf46388eb4c8205e1a96723514575f39812f431	CERTIFIED	i-073ccf78f0db3f027	r7g.16xlarge	4000	eece169db45c54e7199bd43764ac025a22d92f7e23645656c05efd317d6a0386	3727624915	8015.7	493.5	7483.3	1	True	sat49/cert-20261001/results/h1_a0c2f67464d6f8d0.i-073ccf78f0db3f027.1791016274.tar.zst
h1_5a2556c322df8219	1	d9f01bc4123c948140ee88f23fcdc796f83ed0b64810798cc0971512af04f8de	CERTIFIED	i-073ccf78f0db3f027	r7g.16xlarge	4000	f49be296e59dc2c8955076db7f69f569cd40e708fc5a1e25224a32b9c1eff09f	3365066186	7928.7	466.8	7481.2	1	True	sat49/cert-20261001/results/h1_5a2556c322df8219.i-073ccf78f0db3f027.1791016136.tar.zst
h1_32422611e9bbec3a	3	fbe5411350e1032042b6b3d1116357ac02b800389c0c710b4ea07c140dd87fcf	CERTIFIED	i-073ccf78f0db3f027	r7g.16xlarge	4000	08ac7e33200d42604185cf1da0def525b205262afbbe1843895d9f600a8c7743	4874792316	10232.4	643.3	7479.8	1	True	sat49/cert-20261001/results/h1_32422611e9bbec3a.i-073ccf78f0db3f027.1791018675.tar.zst
h1_593dd556583abcf0	2	7a3fe0980a464ae5baf1f2dc499b7fad6429d9c5ef8c4befea721a3c090cadaf	CERTIFIED	i-073ccf78f0db3f027	r7g.16xlarge	4000	a6948123b0fdf9c6f28440a40d87452e7db15a3e9e409ef566a8cad29662c127	3517934843	7957.8	467.1	7440.5	1	True	sat49/cert-20261001/results/h1_593dd556583abcf0.i-073ccf78f0db3f027.1791016194.tar.zst
h1_8f13b2e1db2bc71c	2	7914a13c5816969e51bad14b9773904514c939076817ffb81e82c742d2abb187	CERTIFIED	i-073ccf78f0db3f027	r7g.16xlarge	4000	4af7b5ff212f7b1c061ab384cf54b989dfbf91224d57565d3bfa6a2f9f0011a6	3333669749	7887.3	445.9	7436.2	1	True	sat49/cert-20261001/results/h1_8f13b2e1db2bc71c.i-073ccf78f0db3f027.1791016085.tar.zst
h1_90a6d2535371f0ff	2	23910bbe1e98cd08e8de9b01cb3672ca24c53b3454d32b64d05ed89c78a1d6dd	CERTIFIED	i-073ccf78f0db3f027	r7g.16xlarge	4000	294126c6cae5309c816f46d651bf3e2cb935b33143c48a9c3e7d81c823fc12cc	3695765337	7923.9	474.0	7432.7	1	True	sat49/cert-20261001/results/h1_90a6d2535371f0ff.i-073ccf78f0db3f027.1791016184.tar.zst
h1_cd40d9cb4fb00123	2	1e7a2cc96a0f4d24cf613bbc27dcb713c0ea6d5ea43e9195d011148a00446197	CERTIFIED	i-073ccf78f0db3f027	r7g.16xlarge	4000	3743023edd5dd955330bec018878b1ad6a9a042c56aafaea3bada7ae4813b66f	3542673451	7867.9	457.6	7428.0	1	True	sat49/cert-20261001/results/h1_cd40d9cb4fb00123.i-073ccf78f0db3f027.1791016109.tar.zst
h1_c410266291827c8d	3	8ba5c0e03207e2039e84f15b07ef26aaa3a874dbcb10309dde1207f02cc2727b	CERTIFIED	i-073ccf78f0db3f027	r7g.16xlarge	4000	1054ce56cbf5b60b886ae2480b89b2f40b610c6dd200255764fed4ad2fad81a2	3738884725	7927.7	467.7	7421.1	1	True	sat49/cert-20261001/results/h1_c410266291827c8d.i-073ccf78f0db3f027.1791016178.tar.zst
h1_50ef110436add884	3	215a08cf14a843ebb45195a53d100dcaf479dfdbe1de7e04c9a88f24bcae6c09	CERTIFIED	i-073ccf78f0db3f027	r7g.16xlarge	4000	f4ec049edb0aa51a5cd5ae0737776bba8b7c9c9389e58b2706fc86c1b7c7afaa	3661632918	7909.3	475.9	7348.5	1	True	sat49/cert-20261001/results/h1_50ef110436add884.i-073ccf78f0db3f027.1791016175.tar.zst
h1_92bec4dd3e029065	2	8193486463eb9973f2e9fdb57d42c91717c961e350331bcbe207e1d5d8c20bc2	CERTIFIED	i-073ccf78f0db3f027	r7g.16xlarge	4000	d3a2a4b4ec5f3e22ba03c997a1c861ed7d4895a87e103f2e5e504792e45e304f	3336752909	7776.9	430.7	7341.9	1	True	sat49/cert-20261001/results/h1_92bec4dd3e029065.i-073ccf78f0db3f027.1791015977.tar.zst
h1_9cc7fbe1dd681f89	2	469ac6a8daf95ae4e64fe0bc0483c112e9bc3d5e7dd7b41432a7a72931e3a066	CERTIFIED	i-073ccf78f0db3f027	r7g.16xlarge	4000	f01a6ca80c7d68faf941a648eccca8b983a9c31fe47d164049462eab254b66f7	3605123098	7808.3	463.0	7338.6	1	True	sat49/cert-20261001/results/h1_9cc7fbe1dd681f89.i-073ccf78f0db3f027.1791016084.tar.zst
h1_d554905b38fcd3aa	3	ccb98e795818fd5bf89a3f4d7fc8aeedba2e97a59831ffede548ce0ab8fcfd5c	CERTIFIED	i-073ccf78f0db3f027	r7g.16xlarge	4000	5f8dc114acffa0d34022ddb6e0e29c4e0408385391f81c1fc86a8dae302488a4	3500512545	7815.7	469.6	7336.0	1	True	sat49/cert-20261001/results/h1_d554905b38fcd3aa.i-073ccf78f0db3f027.1791016100.tar.zst
h1_3497a66ea5676bb4	2	66a67c08d3817551a0f5b08721e727ba14be397f05bca5b31c38697277067b60	CERTIFIED	i-073ccf78f0db3f027	r7g.16xlarge	4000	f31928d523d494a643766af8538c6a595fc0c05b600af8c0a6eee0f9651e94bb	3998173193	7846.9	487.4	7334.4	1	True	sat49/cert-20261001/results/h1_3497a66ea5676bb4.i-073ccf78f0db3f027.1791016181.tar.zst
h1_45013134ee43bdd5	2	b825d29a6ada699f567381f10e35b0bd19ac5463513089d3914dea739c097817	CERTIFIED	i-073ccf78f0db3f027	r7g.16xlarge	4000	7aa07233176817326ac17d477e5e33819ae0126bc677718fb1dbfd81e064bca5	3520990701	7821.0	461.1	7320.8	1	True	sat49/cert-20261001/results/h1_45013134ee43bdd5.i-073ccf78f0db3f027.1791016090.tar.zst
h1_b28d071a2c82897d	1	8c08b2511948076e516fe224f25c359b0d55de271c01fb6273fbc4a3c4aa5219	CERTIFIED	i-073ccf78f0db3f027	r7g.16xlarge	4000	e1844ca5f5210647f723f63ccd8671de32251d7c9e3e90ab05475dbadde01817	3933494570	7772.2	495.9	7319.9	1	True	sat49/cert-20261001/results/h1_b28d071a2c82897d.i-073ccf78f0db3f027.1791016117.tar.zst
h1_d223b47ee26766a5	2	d9009ba7a8b7807fecd2b600d611153b3f6f5a89dd1ff00a5a73c475ce636172	CERTIFIED	i-073ccf78f0db3f027	r7g.16xlarge	4000	8f2a4885de57ee126dcb40403539d3a9e1fcc3b2fabb31ee86058d90d559ef29	5665833397	12084.4	764.3	7319.0	1	True	sat49/cert-20261001/results/h1_d223b47ee26766a5.i-073ccf78f0db3f027.1791020734.tar.zst
h1_7983296872477a14	4	25124cdd56efbec833a2d0e17a2ac3c0cfd2672397fc2c5c4faf5ffd1ad3e8ad	CERTIFIED	i-073ccf78f0db3f027	r7g.16xlarge	4000	7866fd7d336fe477401a5d93053dbd43e1a3668dca4ba3da03f79df3a5599ee5	4110499089	7790.0	519.1	7302.2	1	True	sat49/cert-20261001/results/h1_7983296872477a14.i-073ccf78f0db3f027.1791016182.tar.zst
h1_947c0c412c929f11	2	cf0d4d81e2ed901f07170389888479f64626ff32446838b9a5e680d9348b8da2	CERTIFIED	i-073ccf78f0db3f027	r7g.16xlarge	4000	8d08dca2d2c474958b76c0473ccf5ac6868f17922c77aa31989e7471c8c9e7bd	3280974109	7762.3	430.7	7298.8	1	True	sat49/cert-20261001/results/h1_947c0c412c929f11.i-073ccf78f0db3f027.1791015999.tar.zst
h1_08ace6baaed713be	2	a8867df2224c6cf51fa7f7a26328cc933d57b54f3206d252919eb70322570a4c	CERTIFIED	i-073ccf78f0db3f027	r7g.16xlarge	4000	8447be4c217c5710e958a0d1d071098b9f624213a09828f2108490e5b5709a53	3659952525	7824.0	466.8	7295.6	1	True	sat49/cert-20261001/results/h1_08ace6baaed713be.i-073ccf78f0db3f027.1791016130.tar.zst
h1_8189af8b40530668	2	5c5e9a2cee1814191e79fbd2bd51c8e6d192bb5f0ee750cbc149133b470fa868	CERTIFIED	i-073ccf78f0db3f027	r7g.16xlarge	4000	1304fe180a9b288c726002a5b05bbd93a73d3d0c96b1423fcfd4852f4bb279d6	3644492376	7790.5	456.4	7293.3	1	True	sat49/cert-20261001/results/h1_8189af8b40530668.i-073ccf78f0db3f027.1791016068.tar.zst
h1_ec179dad6a7903c3	0	73bfe2b71cb129a3dc0998863bdd827e4167f2426c9aa0780a1c8da7be1a4f8f	CERTIFIED	i-073ccf78f0db3f027	r7g.16xlarge	4000	4460da1b98f009d5e9998eee6f5a1234b0bc60777b53e59cf4b2dfb24b327185	3435675488	7775.0	449.3	7292.6	1	True	sat49/cert-20261001/results/h1_ec179dad6a7903c3.i-073ccf78f0db3f027.1791016055.tar.zst
h1_ad21e2dd20a6a5d2	1	02fc799990d744b04af05011ba4d3ea5dc5b546d9ebf2f8d93d98cae14b1994c	CERTIFIED	i-073ccf78f0db3f027	r7g.16xlarge	4000	8d42ca9c1dcc90c9e490c62722b96dc9f8a224c9e79dca8066022ef6ae498d20	3540250679	7515.0	439.6	7283.9	1	True	sat49/cert-20261001/results/h1_ad21e2dd20a6a5d2.i-073ccf78f0db3f027.1791015803.tar.zst
h1_9d547030d9ff2582	1	8320138c106b01fb840f0a517693a4784bf32e6ba1b8369edae83b5bc83af5e1	CERTIFIED	i-073ccf78f0db3f027	r7g.16xlarge	4000	b21d29b4f9ea78c8794eeff22f650b7fd93b67267d75b609040ea0dff8847e0f	3572477232	7728.4	479.5	7258.1	1	True	sat49/cert-20261001/results/h1_9d547030d9ff2582.i-073ccf78f0db3f027.1791016068.tar.zst
h1_88807cf60c75fe73	3	0f81802a3ed821b27495dfdf19c068bcbee328a839bcd7d2771eef825c61bc60	CERTIFIED	i-073ccf78f0db3f027	r7g.16xlarge	4000	774839d75b0cecdd1b60575c77f6526618041b57b30c824575614ea0f3ec9d75	4032753668	7729.1	497.3	7245.4	1	True	sat49/cert-20261001/results/h1_88807cf60c75fe73.i-073ccf78f0db3f027.1791016116.tar.zst
h1_6c5673025eb5a43d	0	b8dc0b81a12e91186f1ebb7181d9d32ee45d0873f0fd9d7359be62b17791fa4d	CERTIFIED	i-073ccf78f0db3f027	r7g.16xlarge	4000	c69a9aee2cc13c3e7d97be95b4b96a3fb50a957bde3d6338e42fc5e3ea7abf1c	3493871769	7753.3	464.5	7231.6	1	True	sat49/cert-20261001/results/h1_6c5673025eb5a43d.i-073ccf78f0db3f027.1791016075.tar.zst
h1_a71dce2443fac55d	1	533d6b966fd37292dd4f6aeadffea93c5df8245441ea5159c2d8ddcb4cae9000	CERTIFIED	i-073ccf78f0db3f027	r7g.16xlarge	4000	0ae264ac4f78bcd51f0f168590259e007aab101a731c438bf24f125c97de39d8	3273001345	7684.5	449.2	7216.0	1	True	sat49/cert-20261001/results/h1_a71dce2443fac55d.i-073ccf78f0db3f027.1791015978.tar.zst
h1_d4251183ae597f8e	3	d6024f72452c41d42fc44ce95befa8c3c1dee4a24bc7aa7e8541d8ecf4c60bfe	CERTIFIED	i-0cda2812da1c76d9b	r8g.16xlarge	4000	d8a65065d872fc0308f6e130dd2bd89657c1cce99255fb5099b2f6450a932bd7	3547495950	5109.5	337.9	7204.0	1	True	sat49/cert-20261001/results/h1_d4251183ae597f8e.i-0cda2812da1c76d9b.1791016642.tar.zst
h1_df26c608358d8542	0	7da2b368dfbf11f6c72a92ca708adc13f494e3e4a1a548c69f62661ef6e715da	CERTIFIED	i-0cda2812da1c76d9b	r8g.16xlarge	4000	38961cb3cfcf70818b41404d237327df4da75fc64aab379121de7fa20f45fff6	3993205831	5895.4	397.1	7200.1	1	True	sat49/cert-20261001/results/h1_df26c608358d8542.i-0cda2812da1c76d9b.1791017489.tar.zst
h1_3ddd27d9cff6e6df	0	eb5efdf9c0eb5da8bdaf48e54c973e5aa623d5c8136996e0075a1d3a53f789f4	CERTIFIED	i-0cda2812da1c76d9b	r8g.16xlarge	4000	c76022cd6506d010b2d1eee06a55e02698f276e51a62bb0f4531163f4ee490db	3445450811	5063.3	344.2	7196.2	1	True	sat49/cert-20261001/results/h1_3ddd27d9cff6e6df.i-0cda2812da1c76d9b.1791016627.tar.zst
h1_9eee93ae944b8260	0	a5bd7025390bdc2443b23e0790dbcd4daf77631e927af3863d73c5066e3c1f74	CERTIFIED	i-0cda2812da1c76d9b	r8g.16xlarge	4000	176e8b56bc626765f398b644cdef932e48d87338392eb17514b6ac3804387207	3474224946	5191.3	337.9	7195.8	1	True	sat49/cert-20261001/results/h1_9eee93ae944b8260.i-0cda2812da1c76d9b.1791016758.tar.zst
h1_a15172b931494b26	1	0bc32206039e5ca7f1e1239a7dc342dfdd03ebe561fd1cdabdc3cf37c6567df5	CERTIFIED	i-0cda2812da1c76d9b	r8g.16xlarge	4000	946a3340c635d8712373e9fd8c54d0ad25112ede38c8cd3ce1f8d7368a8242fd	3467018709	5122.7	339.3	7194.6	1	True	sat49/cert-20261001/results/h1_a15172b931494b26.i-0cda2812da1c76d9b.1791016686.tar.zst
h1_0db404c43c88e287	0	f547ef919f2093a60a54f90092d4b52ab74c6398cebe188431756c2f928b889e	CERTIFIED	i-0cda2812da1c76d9b	r8g.16xlarge	4000	2a2a816acfacb66c6f1f07c700cfc18361b6ce3023be12756c99e75057d50b41	3710292967	5120.7	344.3	7189.2	1	True	sat49/cert-20261001/results/h1_0db404c43c88e287.i-0cda2812da1c76d9b.1791016718.tar.zst
h1_7c1407a31fe5e601	2	fcef76332116c77008332383fde1a8ddfe7252efdbce929e64a6cb4f13f14bb9	CERTIFIED	i-0cda2812da1c76d9b	r8g.16xlarge	4000	000e776b15e7a43860d469c23c3d53410bc7782854da496911b227b1c3b41e1d	3456469588	4998.3	313.4	7186.2	1	True	sat49/cert-20261001/results/h1_7c1407a31fe5e601.i-0cda2812da1c76d9b.1791016564.tar.zst
h1_4a660fe6b1cff770	3	0bd926fc60acdcebfd60b6b8a10ce3c0c2a9359a3544eb12fe3128683fe8b2c6	CERTIFIED	i-0cda2812da1c76d9b	r8g.16xlarge	4000	fc220e83aeae43a8986731ea34b60d77e22be8da296efe5e3c54087d00fd9f38	4392508787	5060.7	388.2	7183.2	1	True	sat49/cert-20261001/results/h1_4a660fe6b1cff770.i-0cda2812da1c76d9b.1791016754.tar.zst
h1_edaa3d963f530044	2	119c7680c727fce628113988d64b6a3bdd8692c721d1b4b562b4ee324d005346	CERTIFIED	i-0cda2812da1c76d9b	r8g.16xlarge	4000	01a1928179e29117f805caff81739e3b50465377ff565fef07a150b4df401055	4206373143	5563.9	400.9	7178.9	1	True	sat49/cert-20261001/results/h1_edaa3d963f530044.i-0cda2812da1c76d9b.1791017264.tar.zst
h1_a15617fed2430baa	2	142e593069be200aeb169a43bf37b5de0d6450f5a227bb0a75fccec4da38bfeb	CERTIFIED	i-0cda2812da1c76d9b	r8g.16xlarge	4000	6fbda47488ef8c0b142bca4d6f26181209c9e1d4a7eccc36b7a36b97e5e96159	3672550039	4997.9	360.1	7169.9	1	True	sat49/cert-20261001/results/h1_a15617fed2430baa.i-0cda2812da1c76d9b.1791016645.tar.zst
h1_c235b2b91b59a6ff	2	cce625013bedcfa42f0295c1fc8c5ecda3cb605d055b5453b11c6c4460c155a0	CERTIFIED	i-0cda2812da1c76d9b	r8g.16xlarge	4000	78c04ded175a08018e8281852c4f0d54a28f4194716e68774b778bab11e0990e	3531767153	4994.6	316.8	7162.9	1	True	sat49/cert-20261001/results/h1_c235b2b91b59a6ff.i-0cda2812da1c76d9b.1791016591.tar.zst
h1_be1d4d28d229eb0b	1	8007b67c5f8ac541df0bb7cd57d7bb71fb74f84152655fad9415390116f0beeb	CERTIFIED	i-0cda2812da1c76d9b	r8g.16xlarge	4000	ce0d27d3a501c4f7cb4f522910cc1a88094b09b10de2888832b65873280d6fe8	3560381484	5115.3	353.6	7153.3	1	True	sat49/cert-20261001/results/h1_be1d4d28d229eb0b.i-0cda2812da1c76d9b.1791016756.tar.zst
h1_0065921c8faf1109	0	6614932f9a1d77e0cd33ec02102de41db96df0d4254f7d733ea725056a3bd7d7	CERTIFIED	i-0cda2812da1c76d9b	r8g.16xlarge	4000	7931b311ec44673e403a7140aaf4d1853fb9ca8e2a26ed0dde3c140938723d42	3407178006	5071.8	331.0	7152.3	1	True	sat49/cert-20261001/results/h1_0065921c8faf1109.i-0cda2812da1c76d9b.1791016697.tar.zst
h1_92500c83c64121be	2	36a0ce09e5be3f893e7ad2b31d3332fbb12d6e89161f3386b8dc6f5f53bab2f0	CERTIFIED	i-0cda2812da1c76d9b	r8g.16xlarge	4000	c4cd7374a9cf5cacc21d445916561cf30fb6c32c64a258f0d1a0355e44d9d3b7	3503781355	4932.7	322.5	7150.1	1	True	sat49/cert-20261001/results/h1_92500c83c64121be.i-0cda2812da1c76d9b.1791016546.tar.zst
h1_6a5251ff840e9903	3	f6268a03de2f58c3bdeadda38763efd57fb6f18af305480af49118ea869095e1	CERTIFIED	i-0cda2812da1c76d9b	r8g.16xlarge	4000	6d002539d2aa35a5cd0d0365ec27e16033acb0dad2cb640de0826166fca8e671	3479612312	5008.6	338.0	7146.9	1	True	sat49/cert-20261001/results/h1_6a5251ff840e9903.i-0cda2812da1c76d9b.1791016652.tar.zst
h1_65fd9104ab1927ba	2	93b5f3f08386f5d02738defe5ac4ec012ba2eeeb16791d80b75a5cc69537816a	CERTIFIED	i-0cda2812da1c76d9b	r8g.16xlarge	4000	ac5b5bcaf31c8b5f0f8661c6c615d38c5fc07382359a52a6d05aa03481fe5898	3752537912	4989.9	336.7	7137.4	1	True	sat49/cert-20261001/results/h1_65fd9104ab1927ba.i-0cda2812da1c76d9b.1791016651.tar.zst
h1_39205a5e34cfedac	2	a387864ff86629ca8841fc1c88d636a04b7637e7d72432b4bf52bb32bb99411b	CERTIFIED	i-0cda2812da1c76d9b	r8g.16xlarge	4000	452fccfc1875cd1cb6f4848e58e035ea12e407e3957171f8da001802007dc660	3393227093	4976.6	318.9	7132.1	1	True	sat49/cert-20261001/results/h1_39205a5e34cfedac.i-0cda2812da1c76d9b.1791016602.tar.zst
h1_8fda747879d8f293	3	8845eacfc9603cd7ce63595a80280902a78713043bec2edf9ae9d2167c4633aa	CERTIFIED	i-0cda2812da1c76d9b	r8g.16xlarge	4000	d4d275758f2bc10b317daf0daad38c368194381ce4e03f8ade49d6ae126c9bbd	3944911034	5003.5	353.4	7123.0	1	True	sat49/cert-20261001/results/h1_8fda747879d8f293.i-0cda2812da1c76d9b.1791016700.tar.zst
h1_c8f87adc010ee084	1	ee973f24682ba3a974e52bf0718c8c59d5386b6ee55ee1280fd63cb70f1174fc	CERTIFIED	i-0cda2812da1c76d9b	r8g.16xlarge	4000	85e740af4ee0a1835a4d1bc15bd4baa5983678ffcfe3685a6f9f8e959c4aa153	3403948222	5001.1	321.6	7102.1	1	True	sat49/cert-20261001/results/h1_c8f87adc010ee084.i-0cda2812da1c76d9b.1791016645.tar.zst
h1_f969a2f01fc8f0b7	2	545f208654fe6bc9630f6feda5bd0c64a9657a1a4900ef1eb590feb0dcf8816a	CERTIFIED	i-0b27ca5b6248c0a7d	r8g.16xlarge	4000	b1bb4f992ed47517ad9bba8a3a2427a600cd9b446af93bfb5afde5f6fd859815	3692020181	5258.1	354.3	7101.8	1	True	sat49/cert-20261001/results/h1_f969a2f01fc8f0b7.i-0b27ca5b6248c0a7d.1791016980.tar.zst
h1_4a882dd2d9cd27c1	3	3f88293cd2660a2964452737de5aff7f35cbdb6998351be1862e1c2ba196b1ef	CERTIFIED	i-0cda2812da1c76d9b	r8g.16xlarge	4000	b6036fb145c378616f6684b906b36b68e3282359c9b14c56ed579691015fe2ee	3812693739	4977.8	348.3	7094.6	1	True	sat49/cert-20261001/results/h1_4a882dd2d9cd27c1.i-0cda2812da1c76d9b.1791016687.tar.zst
h1_ec0ca44a0c525c79	1	01dea57a1635bdfc6a7b73668f1f96a1954e2e9e6dfcd9dfecdcf2cf447f1f63	CERTIFIED	i-0cda2812da1c76d9b	r8g.16xlarge	4000	2f763065287c745d98883c81a2da2d5a6772442146f87dcaf953b1cdc0b33bf3	3524749705	5004.8	337.7	7091.1	1	True	sat49/cert-20261001/results/h1_ec0ca44a0c525c79.i-0cda2812da1c76d9b.1791016699.tar.zst
h1_db951748649e7687	2	a76cee4d8a968dd6657ef8caf3f801318923a30f29215453b8585a604474bbdd	CERTIFIED	i-0cda2812da1c76d9b	r8g.16xlarge	4000	f2b8db90a98c1d0cbbae3b9ab6f08c9a21c7a6d32d60d8f6d0c0127591f01142	3656713425	5062.3	342.3	7087.8	1	True	sat49/cert-20261001/results/h1_db951748649e7687.i-0cda2812da1c76d9b.1791016784.tar.zst
h1_a2d2ae41f37541b3	3	8123dd8b9826b8bba1c657ca165613c16a353be4dc027d1011132437e635bbe4	CERTIFIED	i-0cda2812da1c76d9b	r8g.16xlarge	4000	b3093a05068630a2d461923ec1def39744a862ce4117a91fb19d9f48b4460a11	3691912482	4939.6	350.5	7022.4	1	True	sat49/cert-20261001/results/h1_a2d2ae41f37541b3.i-0cda2812da1c76d9b.1791016694.tar.zst
h1_67a3e802a1824e55	1	014e7a4a37da73899017f700820118376b73e0851841975088633ff5b00bf7d4	CERTIFIED	i-0cda2812da1c76d9b	r8g.16xlarge	4000	94b1e52b2f5d348ddae6868366d95a24a7ab597d25d93a20ae58f7176e2aff10	3481603557	4940.5	331.3	7021.9	1	True	sat49/cert-20261001/results/h1_67a3e802a1824e55.i-0cda2812da1c76d9b.1791016671.tar.zst
h1_e7a8aac5c5d130ed	2	b9efda146b21234762b8723ee72fb5edcec3546107f473c2b5ff4b056c8f87b2	CERTIFIED	i-0cda2812da1c76d9b	r8g.16xlarge	4000	69d6a956779bf00dd49290403c43bc92aa823cadd51b761d59748c523310009c	3597247520	4901.4	333.7	7012.7	1	True	sat49/cert-20261001/results/h1_e7a8aac5c5d130ed.i-0cda2812da1c76d9b.1791016653.tar.zst
h1_bd75fa872316f894	3	ed8a55714b5d532d18a921f59eb57fe9ae8f8b2cc8070a51d02f1cc2f1e38fdf	CERTIFIED	i-0cda2812da1c76d9b	r8g.16xlarge	4000	960565b62b51275579a5628a174289531018b7bac91f56d87f79b68ac6143d8a	3249760994	4922.1	307.5	7007.1	1	True	sat49/cert-20261001/results/h1_bd75fa872316f894.i-0cda2812da1c76d9b.1791016623.tar.zst
h1_33d5eb5af33d6517	2	c8de1f1f88853ef25eacd45eee803566c350cf9f47ae3b9e6262a210cefdcef7	CERTIFIED	i-0cda2812da1c76d9b	r8g.16xlarge	4000	b48cf330cbbab959a66fd08d58cb80864bd0638d1d7c6060ed3ca565da127169	3384504276	4896.8	311.8	7005.2	1	True	sat49/cert-20261001/results/h1_33d5eb5af33d6517.i-0cda2812da1c76d9b.1791016610.tar.zst
h1_bc95fa0b2793a463	1	abfd61d86e36452804b118b24fabceea4f8f363fbbf0dd16739901a5aefc6b2c	CERTIFIED	i-0cda2812da1c76d9b	r8g.16xlarge	4000	3041cb8551c742b8f5488e42eef0ab85deed9afd913c9e319f83c78c5c7dc9bb	3577252728	4937.4	334.3	6994.1	1	True	sat49/cert-20261001/results/h1_bc95fa0b2793a463.i-0cda2812da1c76d9b.1791016710.tar.zst
h1_94aab1325365080f	1	b749a2ae82bef153308572cacf3b2c5f4ef5a84f57859b41ca4742ad24594038	CERTIFIED	i-0cda2812da1c76d9b	r8g.16xlarge	4000	a46eed89f506c6906a24dafb1267adb76bc4597137c4c17834a9dc5a0051f07b	3601397252	4986.1	349.9	6988.2	1	True	sat49/cert-20261001/results/h1_94aab1325365080f.i-0cda2812da1c76d9b.1791016775.tar.zst
h1_95154425ff2857de	0	48d3c9fcd08581327dedccece30aef06496d5e6c69b46bee58fdc86ad9c8c479	CERTIFIED	i-0cda2812da1c76d9b	r8g.16xlarge	4000	baa5e5b1254a857557ca181e2a4fdaa07c4b408a9b6c232c738925230b9b50ac	3819073877	4874.9	378.1	6986.6	1	True	sat49/cert-20261001/results/h1_95154425ff2857de.i-0cda2812da1c76d9b.1791016733.tar.zst
h1_1ed4260d6de77776	2	615770fc1ab9f40f5c35c1f106c0f48e4102792fc4db7b6793f03263e7a21bf1	CERTIFIED	i-0cda2812da1c76d9b	r8g.16xlarge	4000	505442ffe7e9fb4f96a6e166ce01016652f918a470274095692804d7b0e80730	3592948799	5001.0	342.5	6986.0	1	True	sat49/cert-20261001/results/h1_1ed4260d6de77776.i-0cda2812da1c76d9b.1791016822.tar.zst
h1_5cd27df4c5b95060	2	a07fbc55fe6f65c146eb4ba4d80254bd2b41cb0db23d67fb41adf56e0a9bd7c2	CERTIFIED	i-0cda2812da1c76d9b	r8g.16xlarge	4000	b05a083b3bd947ab572448e6c6d017fb3f411cbb303b80811cce319ba8092fe0	3406141518	4968.2	320.5	6982.6	1	True	sat49/cert-20261001/results/h1_5cd27df4c5b95060.i-0cda2812da1c76d9b.1791016772.tar.zst
h1_ed810795c8d7ef31	2	19ae6e1a3097cb418d1aa9a8dbeb122dd0b551f37daaec19a4938c9787070129	CERTIFIED	i-0cda2812da1c76d9b	r8g.16xlarge	4000	4872a7c28ed3f811e1a9a16c52e0f25e4c5330b757692f0d72136d69beaba3eb	3769723402	4950.0	340.3	6980.9	1	True	sat49/cert-20261001/results/h1_ed810795c8d7ef31.i-0cda2812da1c76d9b.1791016784.tar.zst
h1_136e336a56215c40	0	8560c0494b965930aae97d3825686a31bf27813e10cbd751e4ab8bac6c879c67	CERTIFIED	i-0cda2812da1c76d9b	r8g.16xlarge	8000	307d108aa02f48651acfb03e495ab0fcd3eeff43354d78801debe963b3f78074	12098930460	14099.7	971.1	6934.1	1	True	sat49/cert-20261001/results/h1_136e336a56215c40.i-0cda2812da1c76d9b.1791046821.tar.zst
h1_e5625bf376a27ff1	3	3b3c4031519f324b5f18aa3f7f6f5164be4fdef5570a74bd2791ac4221d24001	CERTIFIED	i-0cda2812da1c76d9b	r8g.16xlarge	4000	0330fe3dcd01ca2a775c8c4c9ffa63a33b4a315bcce7ab3ad5699dbff9d69687	3568813806	4856.1	327.2	6930.1	1	True	sat49/cert-20261001/results/h1_e5625bf376a27ff1.i-0cda2812da1c76d9b.1791016694.tar.zst
h1_e3674e266f7620ff	1	5be3ffbba74e3d9f4850fd78e111daf22ecec70bf7dfda099bd2da87de4a888c	CERTIFIED	i-0cda2812da1c76d9b	r8g.16xlarge	4000	ea219f3f445937ac1e02b526d3ac4aab9ff75405c86c74f67f7210d9ca7b089a	3379907642	4831.1	317.5	6925.3	1	True	sat49/cert-20261001/results/h1_e3674e266f7620ff.i-0cda2812da1c76d9b.1791016703.tar.zst
h1_c4c9a8a3cabc3f57	2	e25497bdabf305e543f2fc1913b25ae1428364c44a466cf00ad0bdc2de5e29d8	CERTIFIED	i-0cda2812da1c76d9b	r8g.16xlarge	4000	557f6be51011997df5da3256ba52084d960c5bab0eec83bfa939488f467a54a3	3554990527	4927.2	326.1	6909.7	1	True	sat49/cert-20261001/results/h1_c4c9a8a3cabc3f57.i-0cda2812da1c76d9b.1791016842.tar.zst
h1_88a3f076cdb5dd48	2	8c6111dc07a65e9c48f5f21da5fcb8d555bf313329b9109d6e2fe224dcc05ef6	CERTIFIED	i-0cda2812da1c76d9b	r8g.16xlarge	4000	c2b7ec0681b08a7c6fd9704f1e1f134b062af227df914255c2b41f9e519b13e2	3447969375	4945.8	328.5	6886.5	1	True	sat49/cert-20261001/results/h1_88a3f076cdb5dd48.i-0cda2812da1c76d9b.1791016910.tar.zst
h1_5c35360597c81ff9	3	5809c6992f8dc75c0e6a041871e9a610437aaed59eec53ad7f2e95bfd3ec2bae	CERTIFIED	i-07c361d997bfe3832	r7g.16xlarge	4000	cf4f76fecce5abc3ea2fedd172b8a3ce7d32b0b0626fdcf058f0a26b2324e8b0	3678773754	7358.8	469.2	6884.0	1	True	sat49/cert-20261001/results/h1_5c35360597c81ff9.i-07c361d997bfe3832.1791020832.tar.zst
h1_ac773623d61f3fce	2	086c0984bd0eaaba118e6033fa436680b8ce81fafbad640cb8d827e5117ff2e4	CERTIFIED	i-07c361d997bfe3832	r7g.16xlarge	4000	efbff3bf4b3a7f82ed3a3ae0d5d49c9aaeb701d5007c5ff6b6738c76fb9e41a9	3925381193	7667.5	488.1	6868.6	1	True	sat49/cert-20261001/results/h1_ac773623d61f3fce.i-07c361d997bfe3832.1791021198.tar.zst
h1_fd6b76d230586453	2	f2f2119ad1af334ca385602114ddd873d62499a7180ff204d167769c9eaccaab	CERTIFIED	i-07c361d997bfe3832	r7g.16xlarge	4000	b6f9148a7253565cd18bd4a16870682a6a31e06db1e6423e946e5c1a6e3022cb	3317293739	7308.4	416.1	6865.1	1	True	sat49/cert-20261001/results/h1_fd6b76d230586453.i-07c361d997bfe3832.1791020831.tar.zst
h1_b65763b30aa09cac	1	addcce8848fc39b212c23e766da2d71d8132c44cb017e977be5532aa524d0d53	CERTIFIED	i-07c361d997bfe3832	r7g.16xlarge	4000	727f75778e371784cc757f160e16151625b961c92e02196369aa8acec9f31dcf	3335396567	7339.8	446.7	6863.9	1	True	sat49/cert-20261001/results/h1_b65763b30aa09cac.i-07c361d997bfe3832.1791020940.tar.zst
h1_b849022171a2d889	0	d93612ef153827fb5756a975005a592cc9e17cbcfc5bb57300ddf0aecf78ba1c	CERTIFIED	i-07c361d997bfe3832	r7g.16xlarge	4000	0a99eed57f0f78af0226363cb2ce84b8ae389b6b82f3f6bebe0c5e0d71767174	3394602268	7302.1	456.5	6841.8	1	True	sat49/cert-20261001/results/h1_b849022171a2d889.i-07c361d997bfe3832.1791021122.tar.zst
h1_3fb5f3af247dee2d	3	0e5c6125e18fad7646f9bf0ff95d446bf13df4a04f428b25c72b4d6ef60db030	CERTIFIED	i-07c361d997bfe3832	r7g.16xlarge	4000	31743e0d382b005ce270ddba7512e1eb2c9937fe5677f64eec77d60e12e3bed3	3893111954	7259.2	503.2	6819.3	1	True	sat49/cert-20261001/results/h1_3fb5f3af247dee2d.i-07c361d997bfe3832.1791021198.tar.zst
h1_c41dbd755595b448	3	f9c94394b9781549af5c84df38dbe0f24411677f19fc05432e0261b40e487b91	CERTIFIED	i-07c361d997bfe3832	r7g.16xlarge	4000	2b9eb4b74607ca833413245baa44b85936d63db979f21676556389822e36a405	3537639332	7319.7	446.9	6816.2	1	True	sat49/cert-20261001/results/h1_c41dbd755595b448.i-07c361d997bfe3832.1791021198.tar.zst
h1_8326e78f325bf203	2	a617a92958c9ac3fa8e8bbb9d5f1c5a227df6a0b8095b3cf9a26fdffb0f918e0	CERTIFIED	i-07c361d997bfe3832	r7g.16xlarge	4000	090ac0881c2c12d50b5757670f77bc4b1f6965378aae3c1130e4225307d12d68	3157453081	7278.5	413.5	6811.9	1	True	sat49/cert-20261001/results/h1_8326e78f325bf203.i-07c361d997bfe3832.1791021120.tar.zst
h1_48d98f16942e8d94	2	250827210cb6e66daa2f3c07e0c1fcee619e51a5a344f738acbcf4e8e5f38706	CERTIFIED	i-07c361d997bfe3832	r7g.16xlarge	4000	49ba78fbd186d6efe332a4b26a99cc8bae38e73d1ea124bf64dac242e4dff1f3	3421349639	7168.3	424.0	6807.2	1	True	sat49/cert-20261001/results/h1_48d98f16942e8d94.i-07c361d997bfe3832.1791021083.tar.zst
h1_7a2021eb2fb64f7b	4	de3499eb3fda1a82618be00a8d672fc7074c37df8f989e70c51e83394136aaa9	CERTIFIED	i-07c361d997bfe3832	r7g.16xlarge	4000	c6c79105a2f43b865dd93b869d4ce20e51245f3cde515bb43571c9d649ee9360	3537367659	7214.8	449.1	6806.1	1	True	sat49/cert-20261001/results/h1_7a2021eb2fb64f7b.i-07c361d997bfe3832.1791021177.tar.zst
h1_a8259dfc52918b61	2	731ae3d2f95d57aa0727e657da7c205ebe1b22987e7d81286844a28ef2649463	CERTIFIED	i-0cda2812da1c76d9b	r8g.16xlarge	4000	982897a84643a9f638342b19f7e97121ccc07274b19d15b66bee89e715de41f1	4099942294	6152.3	396.6	6762.3	1	True	sat49/cert-20261001/results/h1_a8259dfc52918b61.i-0cda2812da1c76d9b.1791020081.tar.zst
h1_7a074d93e9a82273	0	4a806153dfb2f3709ee58e497a1cda94dfda1995b0c5fa47fc9b691aa2a89870	CERTIFIED	i-07c361d997bfe3832	r7g.16xlarge	4000	10f385289bf7d1d9db5ebc39ee9d3421e6cf56e7190ce991a476cc130014052f	3560309971	7115.6	453.5	6738.7	1	True	sat49/cert-20261001/results/h1_7a074d93e9a82273.i-07c361d997bfe3832.1791021208.tar.zst
h1_e854cba7cc8c2cc4	3	4dff3f1c2be8d521812542b532c3aecd240b331d591e2705c4dd4dd96344a586	CERTIFIED	i-07c361d997bfe3832	r7g.16xlarge	4000	3bf4fa7abcadc369ee43bde92f9c2752c0cce21246840e1ee4b64056d5cc2e9e	3436984931	7216.7	440.8	6728.6	1	True	sat49/cert-20261001/results/h1_e854cba7cc8c2cc4.i-07c361d997bfe3832.1791021389.tar.zst
h1_5103627409ea3bed	2	92487f35f825e86aa7cc670fcf12fc00edbcdaae1be9dfa695477ce10b419b29	CERTIFIED	i-07c361d997bfe3832	r7g.16xlarge	4000	6e41fd5aaadc4f96dc397fc3bb378907b3fa1cb6b28d64b2399d2f69ac9f7090	3199561597	7180.4	430.6	6726.8	1	True	sat49/cert-20261001/results/h1_5103627409ea3bed.i-07c361d997bfe3832.1791021630.tar.zst
h1_7ee5aa076620a91d	1	7b284c119f6230400e869d87b1eb64dc4b27d2fe231c32488fd44f8ab6a6b6b1	CERTIFIED	i-07c361d997bfe3832	r7g.16xlarge	4000	db8279868fa62631800b4e9b3aef04da7e00b5fa1a2ec94bcedbb669d21bf3d2	2950018658	7043.0	399.3	6712.2	1	True	sat49/cert-20261001/results/h1_7ee5aa076620a91d.i-07c361d997bfe3832.1791021443.tar.zst
h1_116a4ff3f7e73c42	4	8877265a6135cdbf096c31f9b1d6e23123d2bdd368e23157cc435feeb4dea46c	CERTIFIED	i-07c361d997bfe3832	r7g.16xlarge	4000	99a3d3b9a866bb4e90706ce19768252250f780220d9857f2fab92a5760563509	3264986264	7218.5	416.1	6700.5	1	True	sat49/cert-20261001/results/h1_116a4ff3f7e73c42.i-07c361d997bfe3832.1791021683.tar.zst
h1_3c5f947b6f500741	1	ebcb3a2c35bcf4a50e8b031655b2658698b40103a95983fd769bd50b6c766a4d	CERTIFIED	i-07c361d997bfe3832	r7g.16xlarge	4000	2d6b8f222e790f148bb26a951d6742f2a4712e5bf9f40f6fb03f0b5fb604790b	3316039345	7173.5	423.7	6696.7	1	True	sat49/cert-20261001/results/h1_3c5f947b6f500741.i-07c361d997bfe3832.1791021728.tar.zst
h1_4364c31114906cb3	3	e16a9410827afd6b60bae779fa4929e73caad4d476b8b75555be29034d64e965	CERTIFIED	i-07c361d997bfe3832	r7g.16xlarge	4000	a7f4fb132e1a16a9bfc99f0033f1011a52017fc22f469404705e30eccbc4da2f	4112045967	7152.3	546.2	6673.2	1	True	sat49/cert-20261001/results/h1_4364c31114906cb3.i-07c361d997bfe3832.1791021970.tar.zst
h1_31defb71c501ec94	1	05b39b7b5ad9e40bc2f9e6fbf2eaac61aec54ce1c52827020a854589fda594f2	CERTIFIED	i-07c361d997bfe3832	r7g.16xlarge	4000	bc7a28defc7208613eae40f96367433726b0991976c5027c16f2bf09219bd708	2968755809	6968.9	395.7	6624.6	1	True	sat49/cert-20261001/results/h1_31defb71c501ec94.i-07c361d997bfe3832.1791021549.tar.zst
h1_3adfae64c3e19f9b	2	c9983a3f6212e9c221ccd957e65a5ca142685a2b452db327542eb6e8798c8a31	CERTIFIED	i-07c361d997bfe3832	r7g.16xlarge	4000	7d0f340cdad68fec612296a3d827ce42c1d53029ba5af38d73022dd331c2d6ff	3535026596	7024.4	448.4	6620.3	1	True	sat49/cert-20261001/results/h1_3adfae64c3e19f9b.i-07c361d997bfe3832.1791021827.tar.zst
h1_e3706dff7e019473	1	13e0adcab5ed3c648b060e8cd73a1c4589b21bd499b5ead29cba29644cf5c3a0	CERTIFIED	i-07c361d997bfe3832	r7g.16xlarge	4000	4c54b70ddea8c8817015dd0b9ba40111b032758fe5f917b7edee2b4e26e75f90	3194602034	7027.2	428.8	6593.6	1	True	sat49/cert-20261001/results/h1_e3706dff7e019473.i-07c361d997bfe3832.1791021887.tar.zst
h1_d810c37aa5beaeb9	1	b1e6019ebf7a46497fed054791d78bb208ff85db69ecdb13f111f2b713660881	CERTIFIED	i-07c361d997bfe3832	r7g.16xlarge	4000	cef5c0845192b262bf72cb16ac923d849efc1cd26f6680deb2aae59780d2b75d	3255751090	7001.1	435.7	6586.2	1	True	sat49/cert-20261001/results/h1_d810c37aa5beaeb9.i-07c361d997bfe3832.1791021965.tar.zst
h1_cfd2ae6d76e0b60d	3	6abc540f1faeb10a62d05c8c8714486888e53a36ba9b7d685e0a9a230c691b51	CERTIFIED	i-0b27ca5b6248c0a7d	r8g.16xlarge	4000	88341b22f5819010aec278c908e7a30723a2baa9aacecd1f1339842556307765	3287219874	4841.3	310.7	6579.0	1	True	sat49/cert-20261001/results/h1_cfd2ae6d76e0b60d.i-0b27ca5b6248c0a7d.1791019654.tar.zst
h1_32439bf7f5c365d7	1	59622a65658e868df93c5b38ed52b45ecb59ae58e5e2bed4bd2235934da9c50f	CERTIFIED	i-07c361d997bfe3832	r7g.16xlarge	4000	39915828ab3df801185af7a9d716e170e9808a48882f3be4809b4f4eea6479ce	3317396296	7026.7	433.5	6571.7	1	True	sat49/cert-20261001/results/h1_32439bf7f5c365d7.i-07c361d997bfe3832.1791022062.tar.zst
h1_94650f3023126eb2	3	bdddc1ad38e1a72df8afb8ed6ececd41b188b8e8ae8f090c4ade8670f95c1a17	CERTIFIED	i-07c361d997bfe3832	r7g.16xlarge	4000	691d0e002fbad8042b5ccec7bcb7f01c63925c50e268b58745bf6f5aac7e48a6	3504073285	7041.3	453.1	6562.8	1	True	sat49/cert-20261001/results/h1_94650f3023126eb2.i-07c361d997bfe3832.1791022239.tar.zst
h1_82cc5dfe8ca6c13b	2	2bdda932e14bba62d1d0a0123f4b195ad6a18f559ddfff9455d9004baae20eca	CERTIFIED	i-07c361d997bfe3832	r7g.16xlarge	4000	a6e2a624560b36c565be1e37cd2fd17385e097820e815b5fee5e9df30c4d4e68	3081716430	7004.8	399.5	6553.3	1	True	sat49/cert-20261001/results/h1_82cc5dfe8ca6c13b.i-07c361d997bfe3832.1791022132.tar.zst
h1_b62953fe194fcbd3	0	042832dbe27d3a52dee6fa1834ea6b79760db22f0721933b8d5387fe610b6f4d	CERTIFIED	i-0cda2812da1c76d9b	r8g.16xlarge	4000	dd928fb0e67024350710e4fac789511f7abf7e86b1d191f9918fd5c25f8d575d	3197144823	4567.7	304.7	6550.1	1	True	sat49/cert-20261001/results/h1_b62953fe194fcbd3.i-0cda2812da1c76d9b.1791019713.tar.zst
h1_fac3f42517574fa8	0	e892a5e74e211bb916180802126ee30bd8ff8c2df2c6ef1abbfd0eef1478a151	CERTIFIED	i-07c361d997bfe3832	r7g.16xlarge	4000	b5510376ee9908fe857149fc4ba2e999cd8abcf12dfaa4716f26fd8b3da553e5	4084780517	9288.3	546.3	6541.3	1	True	sat49/cert-20261001/results/h1_fac3f42517574fa8.i-07c361d997bfe3832.1791024842.tar.zst
h1_f7add8624f8df230	2	6896f356626bb9adea89989332c294c3d6c22886a2577e35354744d934408a9f	CERTIFIED	i-07c361d997bfe3832	r7g.16xlarge	4000	6abaaa4c5d9c5eb816e35427d398517fa9ab2326134494d92e7db57972c24093	3364940875	6968.6	426.5	6514.9	1	True	sat49/cert-20261001/results/h1_f7add8624f8df230.i-07c361d997bfe3832.1791022425.tar.zst
h1_f1ef43c336d6552f	2	e2c144188be2a42f747ef123308821b0e46454e19d167668ea490f33b509828e	CERTIFIED	i-07c361d997bfe3832	r7g.16xlarge	4000	6219c8f648c8f22d8807b235184d53bdd9cc1e2986bd0aed4f40e205bf726174	2944580306	6980.5	388.3	6514.8	1	True	sat49/cert-20261001/results/h1_f1ef43c336d6552f.i-07c361d997bfe3832.1791022558.tar.zst
h1_e61f5e1fd509457d	2	b1623baef2eb77f863f2468e440310c340db27ae486f43f7c545a160510dba18	CERTIFIED	i-0cda2812da1c76d9b	r8g.16xlarge	4000	6c36e528c110b7bc998e4bc57d28bf51df47b17316390f0dcaac8a6f00d7c373	3043013260	4605.7	281.4	6502.5	1	True	sat49/cert-20261001/results/h1_e61f5e1fd509457d.i-0cda2812da1c76d9b.1791020099.tar.zst
h1_da547f20b5a2c822	1	a58f7227028bd3d0911d969861515b89de44939d889dd76aa6bd212ee92d9a8d	CERTIFIED	i-07c361d997bfe3832	r7g.16xlarge	4000	3e40f435253801e4eb8c5504fd6b1961bb781cb598828e6cb182faa5a9549845	3436415733	6932.4	434.9	6501.8	1	True	sat49/cert-20261001/results/h1_da547f20b5a2c822.i-07c361d997bfe3832.1791022721.tar.zst
h1_2c23fc8431b787fa	3	47702284a763ee0a3dd80692f4a4ef28f3f5e65c08ffd9f269d222d63af310cc	CERTIFIED	i-07c361d997bfe3832	r7g.16xlarge	4000	661c1ed61d2b4d643935e6301f69654d09e3a373318a8eaba65b24d3985e3ed0	3310011140	7072.7	431.5	6496.0	1	True	sat49/cert-20261001/results/h1_2c23fc8431b787fa.i-07c361d997bfe3832.1791023027.tar.zst
h1_a1ca95a07d6ac6cf	2	294bc5f60c2a3645b17cd955e1f244d23fcf88b6dbd2eed5fcd70ae3c15f0705	CERTIFIED	i-0cda2812da1c76d9b	r8g.16xlarge	4000	952463b4ef9127b7df69b43d0eb66ac1efed4a3f650b3023e22c430987a570f7	2981335091	4596.6	286.3	6491.9	1	True	sat49/cert-20261001/results/h1_a1ca95a07d6ac6cf.i-0cda2812da1c76d9b.1791020322.tar.zst
h1_7d7597929a380412	2	6a60bbcafadde796a4525a535c1abc0d18c2d95ab0696a79b7632d128acf8a76	CERTIFIED	i-07c361d997bfe3832	r7g.16xlarge	4000	5ef0bdd13ec2f9e442860ab322b45e323d943d8c90e5368775bee6402fc4e675	3140765791	6990.7	407.0	6484.1	1	True	sat49/cert-20261001/results/h1_7d7597929a380412.i-07c361d997bfe3832.1791023014.tar.zst
h1_b8dbf221eda44728	2	ff2405c009b9be67e126e417b687b7f543576c67580095f297f03cdc1a218110	CERTIFIED	i-07c361d997bfe3832	r7g.16xlarge	4000	eafa6dc515c43a2dcd1cdbae09de040ada1f4aa1e7f24234df81c542714298d0	3637574360	6976.5	454.2	6462.8	1	True	sat49/cert-20261001/results/h1_b8dbf221eda44728.i-07c361d997bfe3832.1791023149.tar.zst
h1_d0ec99bdd2a232b4	1	91669c0fa4540ad00ae374bb8918f379bc4022c9bef07aa3ea062f748b1f5161	CERTIFIED	i-073ccf78f0db3f027	r7g.16xlarge	4000	967371d5d2f728a83858c1510fdc3a64ca48f48ba529b054e9a6088204210aa9	3340157016	6871.9	421.7	6445.6	1	True	sat49/cert-20261001/results/h1_d0ec99bdd2a232b4.i-073ccf78f0db3f027.1791023238.tar.zst
h1_350b6e4c2375982e	2	9339cc8ecca1fc0e73d2b1310bec290c58c72685efc84c2091bc2bd4074af6a7	CERTIFIED	i-073ccf78f0db3f027	r7g.16xlarge	4000	c41e574ee12dee6010e98d7a6cb9032f31721178eb272d28d4904f9f558933f1	3379323312	6930.4	421.1	6442.4	1	True	sat49/cert-20261001/results/h1_350b6e4c2375982e.i-073ccf78f0db3f027.1791023375.tar.zst
h1_f32bae578c8e0005	4	c9ca78bc1a67b7b92d4cddce0fa7fa6dfebe61be41d10c7b02f704c82a65867f	CERTIFIED	i-073ccf78f0db3f027	r7g.16xlarge	4000	4db7d3116d8e99e6ac67473f19ddded321ff6fee2e2317686e22f4b6c52bff8f	3562056385	6897.5	448.4	6441.8	1	True	sat49/cert-20261001/results/h1_f32bae578c8e0005.i-073ccf78f0db3f027.1791023472.tar.zst
h1_88d5f2da7251b7f1	1	6d5e80347f7f4b2ddea1748c34d0f9e3c437bd9c3f9f04b46b2715603c54fd66	CERTIFIED	i-073ccf78f0db3f027	r7g.16xlarge	4000	bcab9f3b243ef4f0de83c71cb616383ddc4dd1848e3bac15df0ab28c533e0150	3169570659	6874.4	411.3	6433.5	1	True	sat49/cert-20261001/results/h1_88d5f2da7251b7f1.i-073ccf78f0db3f027.1791023383.tar.zst
h1_9365ad78205f6725	2	60d9c576487fcf61993905332996b5697fe250cd95fdfbf9f16e280e2aad6208	CERTIFIED	i-073ccf78f0db3f027	r7g.16xlarge	4000	296828e9d451aedba56de0e924fbbbf297ecf14a9e2bd7ae7bcae9af6caf6a62	3092165472	6854.2	399.0	6428.9	1	True	sat49/cert-20261001/results/h1_9365ad78205f6725.i-073ccf78f0db3f027.1791023373.tar.zst
h1_7b9bfc06161540e0	1	ba4e555c931be68b1c05f05e895c1a1947c6f52ef1ae2d17cbe658b1b4e341ca	CERTIFIED	i-073ccf78f0db3f027	r7g.16xlarge	4000	47fbd69af0444837373ee7a2859b7a5ce26486257c2e640563a8a29ae52786ff	3157536617	6555.9	410.3	6422.4	1	True	sat49/cert-20261001/results/h1_7b9bfc06161540e0.i-073ccf78f0db3f027.1791023161.tar.zst
h1_d14d7fc2e91f8223	1	d580c71973ce0292fbdb6e872b2768be2cac3879731ae46fa94245c099afd6e0	CERTIFIED	i-073ccf78f0db3f027	r7g.16xlarge	4000	37b993e12154b6ab522e40fe5231f9d2b50576b86d6457ccf63cc78395378818	3150032557	6864.8	405.9	6400.5	1	True	sat49/cert-20261001/results/h1_d14d7fc2e91f8223.i-073ccf78f0db3f027.1791023470.tar.zst
h1_9fbf67c362624fae	4	150791e769859cb1f7f9f93eee187848ebb865e3bacfb2bedaeaa8627de6f21f	CERTIFIED	i-073ccf78f0db3f027	r7g.16xlarge	4000	c6237971bc328bfefe7c9fa3aba96a0708f6e96373f0b81ad0077dda4cd95658	3361152877	6761.8	421.6	6399.9	1	True	sat49/cert-20261001/results/h1_9fbf67c362624fae.i-073ccf78f0db3f027.1791023391.tar.zst
h1_aacd3c82e94c769a	0	37e120d5f870bb6f00c00e521463fb31e9f2b64b2674c1ac91df24980d56721a	CERTIFIED	i-073ccf78f0db3f027	r7g.16xlarge	4000	bb39ffc136f5eb74b22a2b0f753100434b6995259e7623f4b74eaab4fc8cabaf	3160555649	6838.2	413.7	6394.5	1	True	sat49/cert-20261001/results/h1_aacd3c82e94c769a.i-073ccf78f0db3f027.1791023458.tar.zst
h1_4fcc6c7b4e851030	2	7bb15e4c15ebdaa5fa2690834f9f538811551e0c0d3e4cc5cf44ff7bd6759f8b	CERTIFIED	i-073ccf78f0db3f027	r7g.16xlarge	4000	70d9828e88b69c0057941da7b3c47490a9bf0a34c9d3e700d41b24411cda7d12	3407199914	6809.8	427.8	6366.9	1	True	sat49/cert-20261001/results/h1_4fcc6c7b4e851030.i-073ccf78f0db3f027.1791023459.tar.zst
h1_15f9dbbdd1bfd6df	1	1a00bbc61b448df9f48a13ecb2beaad993dfa3bce4df0e16eb634097bbc05ebe	CERTIFIED	i-073ccf78f0db3f027	r7g.16xlarge	4000	8ce1ade56f4cceaea54d83a793e60d4b7127d90c180bea7adb1f9dfd7e7b9871	3200748499	6841.5	410.2	6356.2	1	True	sat49/cert-20261001/results/h1_15f9dbbdd1bfd6df.i-073ccf78f0db3f027.1791023447.tar.zst
h1_a15e1f8911e1f4a8	3	9c5eec30f654ff1b6bc3043a76f680aeb531d25273cc642d64a3a1d2a257ba25	CERTIFIED	i-073ccf78f0db3f027	r7g.16xlarge	4000	b363047b3a3634692c80c7f75cb75a565fd163ecd21f3076d918636b5313676b	3390943105	6736.0	413.8	6320.2	1	True	sat49/cert-20261001/results/h1_a15e1f8911e1f4a8.i-073ccf78f0db3f027.1791023374.tar.zst
h1_0bb87e3cbed39f14	2	17e1b80c4e26f53f0034c2e540fa7d0384fb2faf60bebea01108885c3605d263	CERTIFIED	i-073ccf78f0db3f027	r7g.16xlarge	4000	ba0f29b9c6b292ce36584fbb6fad848ba41bc2b56abb85d42403897443288875	3187579522	6758.1	398.5	6303.0	1	True	sat49/cert-20261001/results/h1_0bb87e3cbed39f14.i-073ccf78f0db3f027.1791023372.tar.zst
h1_6e120ce7e8e426a9	4	78014c96c7b0c8fcf3039ede64b45f06771bb602a3b9124781e50459ff4fd753	CERTIFIED	i-073ccf78f0db3f027	r7g.16xlarge	4000	1026c67ea92ca13258698faae6be47ed0b6c60f58bc4bc461781efbd72da5511	3380102590	6748.7	410.4	6302.7	1	True	sat49/cert-20261001/results/h1_6e120ce7e8e426a9.i-073ccf78f0db3f027.1791023416.tar.zst
h1_2ed29fbcbdff8185	2	51366fa795bfe37c2b9131a345f2081f6964643c6b11aa3877ad94bcdd239ea1	CERTIFIED	i-073ccf78f0db3f027	r7g.16xlarge	4000	6c7ebebe0bd7227d300e72cf5e59b6679d42db51eceb181203620eb6713169b3	2845096029	6710.3	378.1	6302.5	1	True	sat49/cert-20261001/results/h1_2ed29fbcbdff8185.i-073ccf78f0db3f027.1791023295.tar.zst
h1_6092c41dc184a338	2	3b4e95b69a7b069559e5648ca3e5e56b6b3053ac267b2ccaccfd9726599b1e4b	CERTIFIED	i-073ccf78f0db3f027	r7g.16xlarge	4000	885130ae9ca38fe1754197e17037ea9a073c196f015719d8c7521245deb3167a	3268220266	6775.9	405.5	6299.1	1	True	sat49/cert-20261001/results/h1_6092c41dc184a338.i-073ccf78f0db3f027.1791023434.tar.zst
h1_0275a90ecffe7671	1	575b30092c292eb8b959905bd181c021bcbdd8a9160202dfa7c89d982c847a47	CERTIFIED	i-073ccf78f0db3f027	r7g.16xlarge	4000	4cc57c5f1199d05c5fd67017846f165773a4a604af1edee4372892f100cff2dc	3345111279	6708.4	415.2	6298.6	1	True	sat49/cert-20261001/results/h1_0275a90ecffe7671.i-073ccf78f0db3f027.1791023380.tar.zst
h1_de1dbd94bc743667	2	3acd64e69dc94abd5b7ff60a85e656ab70e1a3c040eae323a0fef7a3cb38a8bf	CERTIFIED	i-073ccf78f0db3f027	r7g.16xlarge	4000	2b9670d9074c1f61cd33701b41959230d4d09bc3f5f905bcff594e2ee5ad579c	3457501242	6728.4	421.8	6290.9	1	True	sat49/cert-20261001/results/h1_de1dbd94bc743667.i-073ccf78f0db3f027.1791023427.tar.zst
h1_fa72c11bbbd57ddb	2	221a368ffa081096113bd3265258a4647a95911aea98ea1a39059dd9f11170e6	CERTIFIED	i-073ccf78f0db3f027	r7g.16xlarge	4000	1572fad40b2d983d4ae5f3e18bc6f01762f9ae7568a5707559682aad058c369e	3147671141	6813.0	398.5	6284.6	1	True	sat49/cert-20261001/results/h1_fa72c11bbbd57ddb.i-073ccf78f0db3f027.1791023476.tar.zst
h1_e9ce75145ec2048e	1	50184e5fa6b04cfe5d794dc06df48fefc70972c467572c66f95b1e509cc93c0c	CERTIFIED	i-073ccf78f0db3f027	r7g.16xlarge	4000	6b8ebd2dc6fb78991c2b4b863307b7f81c6c5655b80302d78267ae9011c3c4bb	3281728663	6785.0	425.6	6280.3	1	True	sat49/cert-20261001/results/h1_e9ce75145ec2048e.i-073ccf78f0db3f027.1791023477.tar.zst
h1_4cc1e26ad624f038	2	bab7c5b10944b0096fa61776df7ba630943da6bea5410f7db15446d71231f697	CERTIFIED	i-073ccf78f0db3f027	r7g.16xlarge	4000	7fddf83e436c6814148ccb8e5b6bc11827d6b83f84711ecaad631e78dea58229	3125725438	6703.8	391.6	6271.6	1	True	sat49/cert-20261001/results/h1_4cc1e26ad624f038.i-073ccf78f0db3f027.1791023390.tar.zst
h1_c1eb2d11cd72730a	2	5640d188e51dff67ba1a0ec976bd11ed154ce127c92f923c1fbf6154e6c0c99b	CERTIFIED	i-073ccf78f0db3f027	r7g.16xlarge	4000	5843234525da2ba2d3c011b1690732866a7cb84e5fa08707b015c9d320bca9db	3318941770	6668.8	407.1	6257.8	1	True	sat49/cert-20261001/results/h1_c1eb2d11cd72730a.i-073ccf78f0db3f027.1791023388.tar.zst
h1_c4d8d7c81a3a3720	1	2bd0fc4493ac5ec41026466cceba99fc28f9832500983c623ff7357db861c45d	CERTIFIED	i-073ccf78f0db3f027	r7g.16xlarge	4000	4691eb485cc3879f4ffc065c7289f9cc971b1151945adb6f69a8c6f233bf5c13	3138848185	6749.3	408.0	6257.5	1	True	sat49/cert-20261001/results/h1_c4d8d7c81a3a3720.i-073ccf78f0db3f027.1791023453.tar.zst
h1_d31c4f4b24cff159	3	b9f43314c2e87b3394ee1100d416a3a80947a9fdb55368c1b089226d4e3052c7	CERTIFIED	i-073ccf78f0db3f027	r7g.16xlarge	4000	75f4ca64722d1e139937673a8e51590d9eaa7cd3d7b8dfe7b77a93a18fca49aa	3217850033	6770.3	419.5	6255.2	1	True	sat49/cert-20261001/results/h1_d31c4f4b24cff159.i-073ccf78f0db3f027.1791023496.tar.zst
h1_7997ea0b3149f074	2	e974bdde426226db3df6adb89ecdd3792ff3b9f42deacde14589d6924a8c2436	CERTIFIED	i-073ccf78f0db3f027	r7g.16xlarge	4000	a3e755c6ac6b9b4dd010f34bb7feb961e4880bdb5d4b344efa5b990d8204ea01	2823803294	6602.9	364.0	6244.4	1	True	sat49/cert-20261001/results/h1_7997ea0b3149f074.i-073ccf78f0db3f027.1791023255.tar.zst
h1_a9994949dd2ee8f3	3	0034210fe6db335fbe38f74e5434a24a30b77f2932dfba63da239be5e86e551e	CERTIFIED	i-073ccf78f0db3f027	r7g.16xlarge	4000	9e2c75bcfb7bfc542a6aaa3f16baccad3d5b2b06d82170ea3436b99bf5a0644d	3279786161	6963.5	399.6	6225.8	1	True	sat49/cert-20261001/results/h1_a9994949dd2ee8f3.i-073ccf78f0db3f027.1791023672.tar.zst
h1_428c499d458d2d59	3	4d82737b5f57333166bdc601f3fa8f9237dfbf972d5d74babd7a35027d51e70f	CERTIFIED	i-073ccf78f0db3f027	r7g.16xlarge	4000	51d4afe29cf3a66b0cbb1aa753afedb1350359789c66a69861d0c5231c874ce9	3251959800	6644.1	394.0	6225.2	1	True	sat49/cert-20261001/results/h1_428c499d458d2d59.i-073ccf78f0db3f027.1791023346.tar.zst
h1_3a31b047bdf36841	2	2ec44315a09036225b70043e6a4c2586a65a92f9afd6131b669bfb768f78b2af	CERTIFIED	i-073ccf78f0db3f027	r7g.16xlarge	4000	cdc62d7665fc0c06f9368b8389e071d860015a293b46347a6a44bc3c2257251c	3076484910	6568.0	386.9	6207.2	1	True	sat49/cert-20261001/results/h1_3a31b047bdf36841.i-073ccf78f0db3f027.1791023267.tar.zst
h1_826f4a76a58cdafb	1	a611d7548c25e1d5d0880a53582509f2cd987987d4b1cb8ec08de51c5874c9c1	CERTIFIED	i-073ccf78f0db3f027	r7g.16xlarge	4000	af1003dec5099371ac56187bc8c375a1309754db9376e600ed27c096efc14a4e	3012448128	6587.4	393.2	6186.7	1	True	sat49/cert-20261001/results/h1_826f4a76a58cdafb.i-073ccf78f0db3f027.1791023300.tar.zst
h1_b441047e67d295ca	3	726b1f33ed5bb2994ed9416eb448f6d54468c71e47a2e6efbcb8cf68a41b2566	CERTIFIED	i-073ccf78f0db3f027	r7g.16xlarge	4000	c203b5959f28abf6614090c5caac2a97ef10999b261230338508f3c42c351f50	3005110024	6587.2	369.3	6165.9	1	True	sat49/cert-20261001/results/h1_b441047e67d295ca.i-073ccf78f0db3f027.1791023304.tar.zst
h1_38fe48a56877e32d	2	94a63cdbe7e7681aa3a1d7bdb474d6786fc78fd496554310887e8208ba831ee4	CERTIFIED	i-073ccf78f0db3f027	r7g.16xlarge	4000	ce9d5cf7b57c19f58af297eb4645ad89fc978084d5d3427b2ce5ac85bc684ce6	3230826371	6570.8	389.1	6162.2	1	True	sat49/cert-20261001/results/h1_38fe48a56877e32d.i-073ccf78f0db3f027.1791023319.tar.zst
h1_488a539310c0627a	0	de1e4cc48049bb022b18d85060987848f70c5250eb930aec1e6ed2a023feffc5	CERTIFIED	i-073ccf78f0db3f027	r7g.16xlarge	4000	7326c93dbfd3bdcce51ec109985982ce7f2e685cb4665502cc6e8be4ba1cccb9	3564949899	7278.5	474.9	6149.6	1	True	sat49/cert-20261001/results/h1_488a539310c0627a.i-073ccf78f0db3f027.1791024132.tar.zst
h1_ac9ee153022c9144	2	8f565172918423a11bccd390ecffe51ae567f9f92a83ae5d021ba72205795145	CERTIFIED	i-073ccf78f0db3f027	r7g.16xlarge	4000	7a42fb172104e4ed9ae3fe3d7413ac9274a5f3e7018931324363f8acf33f8de2	2905541376	6570.0	373.6	6147.2	1	True	sat49/cert-20261001/results/h1_ac9ee153022c9144.i-073ccf78f0db3f027.1791023317.tar.zst
h1_a0f01403038c9c89	3	6dc1a4943dd491e26c6b1fe708b9dab6223ce594897add74ad285bc136b47bae	CERTIFIED	i-07c361d997bfe3832	r7g.16xlarge	4000	f298a2564c8673b65bdd8d5c9b2cba9cd32c9111c86759bd2ddbce0ad3a4fb97	3276706924	6582.4	388.7	6137.7	1	True	sat49/cert-20261001/results/h1_a0f01403038c9c89.i-07c361d997bfe3832.1791023409.tar.zst
h1_4f26aaaf02db2111	1	7f3bd108e41e917a35e2db88391fd51371a3a37bec9925c6aa3ef883e6880c7a	CERTIFIED	i-073ccf78f0db3f027	r7g.16xlarge	4000	0d8f2da26a408e019cc43bd8a53fd1a0eb3de2385432b344a2bf3e49ea1bc25f	2855313690	6494.7	355.6	6128.2	1	True	sat49/cert-20261001/results/h1_4f26aaaf02db2111.i-073ccf78f0db3f027.1791023239.tar.zst
h1_b1f0723008da7e29	1	eb024cf1cd4739cd0b9d3829fd713d871280f5544154abff2b2ffb6686d539d1	CERTIFIED	i-073ccf78f0db3f027	r7g.16xlarge	4000	154e6690357e2e2713dd91d8407978e238f74e5107ebd901c647949a6b7172e3	5092092680	12307.9	708.9	6096.7	1	True	sat49/cert-20261001/results/h1_b1f0723008da7e29.i-073ccf78f0db3f027.1791029360.tar.zst
h1_1f74d4d04586c089	3	5b94df3c801cb8c7425fadf0e485eaf1b5f4cbc425830b305614ca3b83b60d14	CERTIFIED	i-073ccf78f0db3f027	r7g.16xlarge	4000	a5288cfb13d47601405903917f5b23e073b938be35da898a81d17e5fd8ec1454	3305013733	6541.2	403.7	6093.2	1	True	sat49/cert-20261001/results/h1_1f74d4d04586c089.i-073ccf78f0db3f027.1791023356.tar.zst
h1_b3b909c0b6b64042	2	a1a244b3ce0ef913bc703595289f56398715950c9b341f102567c5b08122214b	CERTIFIED	i-073ccf78f0db3f027	r7g.16xlarge	4000	40c32cafe0b74be780e1c26442e1f81845500a2eb1385595270d8d31344c4f72	3006187107	6471.7	364.7	6088.0	1	True	sat49/cert-20261001/results/h1_b3b909c0b6b64042.i-073ccf78f0db3f027.1791023265.tar.zst
h1_da7a7186f65cb6c1	1	c064ad7bf1ec19129995f58769f3d092ccc02ea1e5442c7b57d0e4a191bdd95a	CERTIFIED	i-073ccf78f0db3f027	r7g.16xlarge	4000	05403586aa2de053243d9cfd4cbea56e3149179ef93d1ce3918bbee1da1a946f	3022148817	6464.5	404.5	6087.4	1	True	sat49/cert-20261001/results/h1_da7a7186f65cb6c1.i-073ccf78f0db3f027.1791023333.tar.zst
h1_d96190314b47a74f	1	d9a6cdab0ce539ca592b45c1427902acce666d25991115766a94dce680fef243	CERTIFIED	i-073ccf78f0db3f027	r7g.16xlarge	4000	3a36e270504b29405828791574407ff16be8ca80f1368a4f188e281fbffb7011	2897075545	6403.6	371.8	6072.4	1	True	sat49/cert-20261001/results/h1_d96190314b47a74f.i-073ccf78f0db3f027.1791023257.tar.zst
h1_05f3a4d572af7e15	2	a4243a874fb1d092015c9dfd5c3c469359ec53854f82bc04910db12b968b755e	CERTIFIED	i-073ccf78f0db3f027	r7g.16xlarge	4000	7e680500f277ba02bfdff122b91bdd820306cd3acf762cc31546a24cf1143939	3038641297	6496.5	385.4	6067.4	1	True	sat49/cert-20261001/results/h1_05f3a4d572af7e15.i-073ccf78f0db3f027.1791023379.tar.zst
h1_e13aa48e90861b4c	3	f5c9ece87d3cce3d760ffc1e47557a7944ffbf3226286a54cdef11a4f405e658	CERTIFIED	i-073ccf78f0db3f027	r7g.16xlarge	4000	ee756f27c1ce933f1c2a8796bc3abd932067c569cc5b4c78c8013fc1e3931459	3213020692	6489.0	394.4	6058.7	1	True	sat49/cert-20261001/results/h1_e13aa48e90861b4c.i-073ccf78f0db3f027.1791023408.tar.zst
h1_2a580b5a99da9393	3	716c9e3fec43675153f525bfc887e72def93d373c386dcf44d769ccfcf5791a7	CERTIFIED	i-0b27ca5b6248c0a7d	r8g.16xlarge	4000	869bcfce3b512a371313cfc256acf6a494a2abce8cba00a3c6a8942f5765773c	3123385176	4481.4	285.7	6049.5	1	True	sat49/cert-20261001/results/h1_2a580b5a99da9393.i-0b27ca5b6248c0a7d.1791021234.tar.zst
h1_df71d402d966cb2a	2	23fa6f03463fc6dc2ebecf092d79e8cf7e122c50b533c77c2b937dc33ce31ede	CERTIFIED	i-073ccf78f0db3f027	r7g.16xlarge	4000	5eee6b5c7d023e1182ff5d69b25c45720e9e57a3ffd84521d0d0a311569a90b3	2996088721	6483.4	391.5	6046.5	1	True	sat49/cert-20261001/results/h1_df71d402d966cb2a.i-073ccf78f0db3f027.1791023390.tar.zst
h1_09894418696ac7d4	2	078c2bebaf297defe2cd7f75bc21c65fcac620b8ec3dff3db947444204f706e4	CERTIFIED	i-073ccf78f0db3f027	r7g.16xlarge	4000	9c6851218148d8e90ceb7ab75198a17794561e394a4c2a39adf052041ebf5477	3004122010	6447.3	387.6	6041.3	1	True	sat49/cert-20261001/results/h1_09894418696ac7d4.i-073ccf78f0db3f027.1791023364.tar.zst
h1_5dd353b3c46c6f3d	2	fc46d64d87e6c44c07447eb9506093ab3ad792c79ba77b47c389947fd67656f1	CERTIFIED	i-073ccf78f0db3f027	r7g.16xlarge	4000	660c75a9aab984bca93929789d8a685c5b56e1fa719250544554f135ea16ee2e	2925831686	6462.8	376.9	6033.7	1	True	sat49/cert-20261001/results/h1_5dd353b3c46c6f3d.i-073ccf78f0db3f027.1791023364.tar.zst
h1_ad964b2e9ad728d7	1	55ced5cf49918a4f4f7a7a203cf143b1d4acbc2fc4e582abdd1d50981c99e7e1	CERTIFIED	i-073ccf78f0db3f027	r7g.16xlarge	4000	45c133b252e707e7ff190184cfe0d79e0300ade45cba2a17caded50b7a0e1304	2942515097	6430.8	385.1	6024.4	1	True	sat49/cert-20261001/results/h1_ad964b2e9ad728d7.i-073ccf78f0db3f027.1791023364.tar.zst
h1_c7c8809bd98ed4d5	2	8e0a8280d17a0864ab9e26457683f0104e6a7a24c1ea4049b1facbad73dd6772	CERTIFIED	i-073ccf78f0db3f027	r7g.16xlarge	4000	f89d8900c6fe4abaaf93f5df2a58a97f5fe9cdac54e5b3be8b7ac6d81fd2682c	3162752325	6394.2	382.7	6022.4	1	True	sat49/cert-20261001/results/h1_c7c8809bd98ed4d5.i-073ccf78f0db3f027.1791023318.tar.zst
h1_e6a71181c2e77165	3	4b6f5baa2900d3375eb8603d615e207864c906e0b70662b35507dd941b8563a7	CERTIFIED	i-073ccf78f0db3f027	r7g.16xlarge	4000	c58cddbe76dbf1dc61e4eb44bd11d5dec385f5e9345525e78a9e0d7bc8a0cc85	3237861739	6513.3	396.6	6018.5	1	True	sat49/cert-20261001/results/h1_e6a71181c2e77165.i-073ccf78f0db3f027.1791023487.tar.zst
h1_11dfecd4fdee46a0	2	cd77efcd5349dd662109010f5341d639e473b298cfa366c5966914ed9fc7bca7	CERTIFIED	i-073ccf78f0db3f027	r7g.16xlarge	4000	ca46afb61c2b3432a5872bdfc4dfbf1c2c5c40ce743c653fd4650950ce831f24	3045690866	6447.4	387.4	6014.2	1	True	sat49/cert-20261001/results/h1_11dfecd4fdee46a0.i-073ccf78f0db3f027.1791023414.tar.zst
h1_48dcbc2a4c0bff89	0	431f1cfa1bd4ef30aa857507a416fb7b88b33aa0a3e414895494332d2d367f5e	CERTIFIED	i-073ccf78f0db3f027	r7g.16xlarge	4000	ec00527a4b2e86c9a9c491bfbb88dc72bb960aa6047f91f1e34106f6af9a1408	3164660690	6391.8	416.1	6003.3	1	True	sat49/cert-20261001/results/h1_48dcbc2a4c0bff89.i-073ccf78f0db3f027.1791023398.tar.zst
h1_8ffd69abb40f4cf9	2	8d31dae687ee98025c82715812edd1bf9af42e759733d03aceba6229475c173e	CERTIFIED	i-073ccf78f0db3f027	r7g.16xlarge	4000	4fe21d59a36aeb09c0c6ab003748af7148b93bdf459c59841ddc27862fe34bee	3010169626	6394.5	382.7	5996.2	1	True	sat49/cert-20261001/results/h1_8ffd69abb40f4cf9.i-073ccf78f0db3f027.1791023361.tar.zst
h1_7db8e8205fcf0274	1	6e6be332d7602c2acbaddd8d73c6bf410cccebcfd396617104881d05a917b37d	CERTIFIED	i-073ccf78f0db3f027	r7g.16xlarge	4000	a6af63b61747c45c3e2f5fc275452392bdf28d654821ed9faf7ca52754bd2e62	3147254175	6434.5	400.0	5974.3	1	True	sat49/cert-20261001/results/h1_7db8e8205fcf0274.i-073ccf78f0db3f027.1791023428.tar.zst
h1_98a378dcd87c89e1	1	287982b349615442d47d186741c99de2cf0b6e1f3bbbcd8c6acecf664ac94c29	CERTIFIED	i-073ccf78f0db3f027	r7g.16xlarge	4000	db9fa0a9e99cdea79b1e4d18fee7f0d2aa37f5604ee6aaef0c4b8b64d22f1d2f	2787472663	6329.2	359.3	5972.6	1	True	sat49/cert-20261001/results/h1_98a378dcd87c89e1.i-073ccf78f0db3f027.1791023285.tar.zst
h1_94a9c5977a9d7024	1	1cf0ae37ccb9a30bccb705db32e1588c28b4ad06321b2c963d48b9b46da445d3	CERTIFIED	i-073ccf78f0db3f027	r7g.16xlarge	4000	2362679b55f7e540f535a1f9a228e1d4e1905b5edfcde5c2c2c0e9fcaf12c829	4112728316	9780.1	563.9	5958.6	1	True	sat49/cert-20261001/results/h1_94a9c5977a9d7024.i-073ccf78f0db3f027.1791026971.tar.zst
h1_7be1a62d17b6006a	3	631f673da9ac6c4630fc551cc801fb9a29e74fcc9d3c75ac1f1ddf56917b5919	CERTIFIED	i-073ccf78f0db3f027	r7g.16xlarge	4000	c384d1b66c83d19dae24a545fbf0914a7824daf01ed45b193576b74b070b779c	2954830373	6318.0	379.4	5891.6	1	True	sat49/cert-20261001/results/h1_7be1a62d17b6006a.i-073ccf78f0db3f027.1791023345.tar.zst
h1_cc82a95018850004	0	34631455826eb6a06cc99a0dea4dd93b0237f935ce4c7739c80f0545071f9d60	CERTIFIED	i-0cda2812da1c76d9b	r8g.16xlarge	4000	11f33c25c2f25fc333c2a50ffc67f9a779775feeb2552062e8a3081737abfa9a	3034527968	4162.0	284.8	5881.2	1	True	sat49/cert-20261001/results/h1_cc82a95018850004.i-0cda2812da1c76d9b.1791021061.tar.zst
h1_1dbb313084026fcf	2	1a59ffcbcb1653baa91e90f9e552d72674a52ba6ace6a0df63e7ec23159fe8ca	CERTIFIED	i-0cda2812da1c76d9b	r8g.16xlarge	4000	2b76714aaac65567e81edfd75065569d3c3eeedb93c8d9d52360989e0e661659	3046944064	4181.0	272.8	5880.3	1	True	sat49/cert-20261001/results/h1_1dbb313084026fcf.i-0cda2812da1c76d9b.1791021076.tar.zst
h1_03a07cdadfd896c2	3	c8e161b74936e6c812f43bbe670cefdf6fd0f5770bc8ca8046ae82466f336323	CERTIFIED	i-073ccf78f0db3f027	r7g.16xlarge	4000	433718a1967f4644d967d041bc911797fb31b38363ac36e9651e9a43dbfb0078	3076542300	6286.8	357.1	5879.8	1	True	sat49/cert-20261001/results/h1_03a07cdadfd896c2.i-073ccf78f0db3f027.1791023352.tar.zst
h1_7c4b7ba33bc1f358	4	56b8cffeb75d881ac673de7e7ae61bb3691522bf2713ba8ddc7a0143b8da53cf	CERTIFIED	i-073ccf78f0db3f027	r7g.16xlarge	4000	6b90759d33732585272d09aaa19e8725e20df09ffc56917f830cff1276057944	2936213787	6191.3	372.3	5879.1	1	True	sat49/cert-20261001/results/h1_7c4b7ba33bc1f358.i-073ccf78f0db3f027.1791023296.tar.zst
h1_4629c4d59f52e9f2	2	a546daf76f7e5adae2f30ef6207110da26a0fa6bdfd24dd4ba83aeeb2d11b2f4	CERTIFIED	i-0cda2812da1c76d9b	r8g.16xlarge	4000	cd955d7784c5dd144aeea575a58ba11b9b9f03f6922c1adf27873cd420788a14	2902949742	4180.7	269.1	5868.7	1	True	sat49/cert-20261001/results/h1_4629c4d59f52e9f2.i-0cda2812da1c76d9b.1791021104.tar.zst
h1_9b6a426846610374	1	a44b88cb8de9e891cbf2e82d2ab49b1dc081961f9a649613ab68ae080983d711	CERTIFIED	i-0cda2812da1c76d9b	r8g.16xlarge	4000	f66514257c4b5405443e99d65e1ae06ca36cf8e6adecd5633993e677e6c2758c	2962721826	4247.9	282.0	5860.3	1	True	sat49/cert-20261001/results/h1_9b6a426846610374.i-0cda2812da1c76d9b.1791021191.tar.zst
h1_a50b7b75f6def14d	4	24ba21785a15fe01f21887cd175f71c748256714208d71d6a1e3b13bae578a3f	CERTIFIED	i-073ccf78f0db3f027	r7g.16xlarge	4000	6497a681fdd80b25761a26385fad5405cbd6fba26ec8af8ef7bf9d4c19933ee9	3668803401	7734.8	461.4	5849.8	1	True	sat49/cert-20261001/results/h1_a50b7b75f6def14d.i-073ccf78f0db3f027.1791024944.tar.zst
h1_5185bad8c5db9b9f	0	289443b869de449504047c9f6e2d0eeb29d9d921958ac7cc02d26f967f3cb041	CERTIFIED	i-0cda2812da1c76d9b	r8g.16xlarge	4000	50bf3efa0bd1ded667905605dbdc0f56c36c36c0f834027977641791bf429d8e	2955491579	4159.1	277.6	5830.5	1	True	sat49/cert-20261001/results/h1_5185bad8c5db9b9f.i-0cda2812da1c76d9b.1791021118.tar.zst
h1_224d48c45476eae8	1	aaf567fd233f8bdb0245aeec72a164dbf80d64f2dc15f07637463892f099fe44	CERTIFIED	i-0cda2812da1c76d9b	r8g.16xlarge	4000	5ad423e93df76778b7c3139e2b42d120fd37e62aa327aae1a9146287e10a5264	3262146542	4124.9	292.7	5825.0	1	True	sat49/cert-20261001/results/h1_224d48c45476eae8.i-0cda2812da1c76d9b.1791021124.tar.zst
h1_deaf3c15c7629eaa	1	8d91d00c4611b3e445d9e59b78fa52ab5ffe574f5bed043620e8fa5457ceab57	CERTIFIED	i-0cda2812da1c76d9b	r8g.16xlarge	4000	8d1b2dba06f1814b61c239c6c38a115b631e3861cbc089d63d191ed188211cf2	3030410401	4109.6	286.7	5808.2	1	True	sat49/cert-20261001/results/h1_deaf3c15c7629eaa.i-0cda2812da1c76d9b.1791021093.tar.zst
h1_4b3fab7479f1d165	1	796f50385041dcec6206d2ba6d3509690b24eafc46e58152c14a7976c0e1e4b3	CERTIFIED	i-0cda2812da1c76d9b	r8g.16xlarge	4000	0743c6966023cdf3e7745251b3a1c9f0e452a7f16af508503a06e66cae3aee6b	2687265345	4057.2	255.2	5803.8	1	True	sat49/cert-20261001/results/h1_4b3fab7479f1d165.i-0cda2812da1c76d9b.1791021013.tar.zst
h1_88474a7cbe75ae2f	1	a968654cf62c1cf9eb2f30920bcc73be66d822727b368b4cec5f7394408830da	CERTIFIED	i-0cda2812da1c76d9b	r8g.16xlarge	4000	985172a26f13cf9e394676414647a3be577d03e5942389911e530489b14ad222	2953255391	4119.5	281.1	5796.1	1	True	sat49/cert-20261001/results/h1_88474a7cbe75ae2f.i-0cda2812da1c76d9b.1791021115.tar.zst
h1_26b48d76152436b9	3	007f88884b0f6f4c5cff96a6c6049a82ed7f8fde21b910b8e7035642dc84fd6e	CERTIFIED	i-0cda2812da1c76d9b	r8g.16xlarge	4000	1650c06b55400dfffc104db1f213acfa2a6ee7125758d7483ad7e9cf67033306	3057985642	4078.8	283.4	5790.0	1	True	sat49/cert-20261001/results/h1_26b48d76152436b9.i-0cda2812da1c76d9b.1791021069.tar.zst
h1_f9e557f7e5aedcfb	1	1a7a5d74bc41b8cae547ae94ed2f9cce49dce11e0a9543c50c8474b1bcf37885	CERTIFIED	i-073ccf78f0db3f027	r7g.16xlarge	4000	aa1159729c1c0af65830432b712db9788919938811666ca21c483df7a553b1db	3076571676	6204.7	385.8	5787.3	1	True	sat49/cert-20261001/results/h1_f9e557f7e5aedcfb.i-073ccf78f0db3f027.1791023389.tar.zst
h1_7f49943ed607f8f3	2	2aa6499a58e027063294dcf7680fc4388c7324169c1bf5662e52a07fc6794dbf	CERTIFIED	i-0cda2812da1c76d9b	r8g.16xlarge	4000	31ca3dcc01ea5f27991f045ac74796369eaca8c76665bbb9e15b70db0a1444b4	2817820506	4126.8	269.4	5779.9	1	True	sat49/cert-20261001/results/h1_7f49943ed607f8f3.i-0cda2812da1c76d9b.1791021101.tar.zst
h1_828b6e0a3969bc9f	2	78aa2c6db64f93e4a0f8ccf15f5f31854835b937a24a9cfb65f31bd8042e357f	CERTIFIED	i-0cda2812da1c76d9b	r8g.16xlarge	4000	48bdd721ccee3759a0561abc5284d68d3569ca881b2eb5c1c5b5712b5f42a0d1	2910132039	4116.7	268.4	5776.0	1	True	sat49/cert-20261001/results/h1_828b6e0a3969bc9f.i-0cda2812da1c76d9b.1791021105.tar.zst
h1_3ed856a547503ac9	1	f367ea7c9268555337b0bff77b3ca87d27cf2b93d6fcdbd0b46e509aa27ccc0b	CERTIFIED	i-0cda2812da1c76d9b	r8g.16xlarge	4000	b5ef8c72f17d47d72a270139f49cc3f0893010b0b2399ce8b084f3062d0ae918	2975489079	4112.0	289.2	5754.8	1	True	sat49/cert-20261001/results/h1_3ed856a547503ac9.i-0cda2812da1c76d9b.1791021124.tar.zst
h1_370bb4877765bedb	2	e933ac5b9195f9e657a5d2a209e32621efffc8bee5e8bf9f800c59cf1c251d31	CERTIFIED	i-073ccf78f0db3f027	r7g.16xlarge	4000	66d85a5f7c05a1127429140ac87d89d364e3d4b7d6ddc4b152e88230873a4015	2879600594	6206.4	365.5	5751.1	1	True	sat49/cert-20261001/results/h1_370bb4877765bedb.i-073ccf78f0db3f027.1791023376.tar.zst
h1_1807297277b6fcf2	2	e4a2c75a138b0f0e3a90598adfb51b4b2aafe726cb74424e3b61e8e1dc775297	CERTIFIED	i-0cda2812da1c76d9b	r8g.16xlarge	4000	4bfabdb82db916b7dd17d6b6b61cf3d40b58518799855ab3bc59d8d272e96782	3004301949	4094.3	272.2	5743.6	1	True	sat49/cert-20261001/results/h1_1807297277b6fcf2.i-0cda2812da1c76d9b.1791021109.tar.zst
h1_6b60dadd3173c74c	1	5fa782b1bfa08914575975f540134f47af50242c615217f55c93cbe38a6e031e	CERTIFIED	i-0cda2812da1c76d9b	r8g.16xlarge	4000	f427ffa50c2d94933a1b71c9f6cffb64fc10d2c61fbb08fe91b440b32d5f119a	2844740101	4041.6	274.3	5736.0	1	True	sat49/cert-20261001/results/h1_6b60dadd3173c74c.i-0cda2812da1c76d9b.1791021071.tar.zst
h1_7073e031f0eb1f70	2	602d47e0cea24086dd5aa03d6215a29efa4e5b94c78c57bca36214cdd758233e	CERTIFIED	i-0cda2812da1c76d9b	r8g.16xlarge	4000	84702028d6c812c2c5ac37649eab7d35187d66a5d1fba01da2ad0d011ac5fc3d	2850726657	4066.4	263.4	5735.8	1	True	sat49/cert-20261001/results/h1_7073e031f0eb1f70.i-0cda2812da1c76d9b.1791021081.tar.zst
h1_b51e76d3544feffb	2	1a67fc34335fa79b175f5bc79d25ff3cc21dd19868a7a17584bda7ab840cd084	CERTIFIED	i-0cda2812da1c76d9b	r8g.16xlarge	4000	44eb5453c5d5ac58e48923050cbb203bf019c3381ccc696f037ebfc9c468c348	2827772765	4061.0	264.9	5734.0	1	True	sat49/cert-20261001/results/h1_b51e76d3544feffb.i-0cda2812da1c76d9b.1791021081.tar.zst
h1_a9e4d7fdd6223219	1	b86500cf25fe2b3c704d2c81249b4fb660d2e8dc368ad78ca0a57fed27bcbcb9	CERTIFIED	i-0cda2812da1c76d9b	r8g.16xlarge	4000	5343b18c5846f8d26b17f1617da10afb76aad9b7b9ef361796889286c1f1d3ca	2729575208	3956.9	253.7	5721.9	1	True	sat49/cert-20261001/results/h1_a9e4d7fdd6223219.i-0cda2812da1c76d9b.1791020968.tar.zst
h1_8a1b3955403e1960	1	e5d4e3b41306e32960a5d2f64ff7bc1322d90fc6e089bb10a4ce794af2d41cb0	CERTIFIED	i-0cda2812da1c76d9b	r8g.16xlarge	4000	0588bc39e071590e71a2cf27d3eed7e1bf115569059c1385e0f90f7af6f2bb52	2903718881	4033.6	274.9	5712.4	1	True	sat49/cert-20261001/results/h1_8a1b3955403e1960.i-0cda2812da1c76d9b.1791021074.tar.zst
h1_f62a3044ea7c1176	1	9046397a359cb70def7d3a48d2c4c972b4aaabeee2ed2f99d4f5ed6ec90e51be	CERTIFIED	i-0cda2812da1c76d9b	r8g.16xlarge	4000	b7955c844cf781facccaf4060c803b3bec2ec2b547d86142293f39ae3b641d31	3160073580	4063.4	295.0	5690.6	1	True	sat49/cert-20261001/results/h1_f62a3044ea7c1176.i-0cda2812da1c76d9b.1791021138.tar.zst
h1_517ba64429434d32	0	e0759ab74303ecd5c1ab7e71242fc04e0557eed6c64b279d28da53b54bedf494	CERTIFIED	i-0cda2812da1c76d9b	r8g.16xlarge	4000	6439e463058c3ba4a14456003ca192a9458aa148b1fbea192485f394de75f3b1	2884199786	4036.6	266.1	5673.2	1	True	sat49/cert-20261001/results/h1_517ba64429434d32.i-0cda2812da1c76d9b.1791021077.tar.zst
h1_b4222b49d3e06ad3	2	bf3a303c7d1d15bcd914b8c832e84cc7acad000e378fdbe3dcd35aa75e74f4c5	CERTIFIED	i-0cda2812da1c76d9b	r8g.16xlarge	4000	0f4d78c9f52a35a375c043cc839c55eb628d78b3f7fb4f6b83122ec678830b38	3977161444	4951.1	369.6	5672.2	1	True	sat49/cert-20261001/results/h1_b4222b49d3e06ad3.i-0cda2812da1c76d9b.1791022120.tar.zst
h1_ebbd43ad34d48a1e	3	9c6bd989dba4604604c2fc32fed13c3d4fbaf644a50e8052a1cb07110dd35ac2	CERTIFIED	i-0cda2812da1c76d9b	r8g.16xlarge	4000	cff4701145a48b3bee7323b0a6333edf0cda0408cf8fc662f6d11058b3122191	2740730115	4013.1	260.3	5668.7	1	True	sat49/cert-20261001/results/h1_ebbd43ad34d48a1e.i-0cda2812da1c76d9b.1791021030.tar.zst
h1_289477cc51203ffd	3	690ce795d46879b32c1a4973f3ba0c0f0eab7b5ed6be382441b68d0a8fe72c21	CERTIFIED	i-0cda2812da1c76d9b	r8g.16xlarge	4000	56ac037cc9bd395e568c3e393f0df53c69e2083b146d92b1698ed39ab7f8dc83	2924335480	4013.3	254.5	5664.9	1	True	sat49/cert-20261001/results/h1_289477cc51203ffd.i-0cda2812da1c76d9b.1791021050.tar.zst
h1_54fa2f5f1bcd0053	0	409b1bfb792bec9fcf6d7cc2ff630a5b6d500c225888fc465f4df1cda62d8b93	CERTIFIED	i-0cda2812da1c76d9b	r8g.16xlarge	4000	a094d295bfee67542f6f7a00ac0640fada60240e513f889670a4ae4afae7fdd4	3265231997	4010.7	305.1	5654.6	1	True	sat49/cert-20261001/results/h1_54fa2f5f1bcd0053.i-0cda2812da1c76d9b.1791021146.tar.zst
h1_61f48d9964f49147	2	b26761d3673c84ee372285cbed16e62bd104d46181d795aa64ff30258c5b952f	CERTIFIED	i-0cda2812da1c76d9b	r8g.16xlarge	4000	f9039e624db63716a25a70c33a740ea63acac77dd5b99597b501b9ebf05b85ba	2746558489	4085.5	254.1	5647.3	1	True	sat49/cert-20261001/results/h1_61f48d9964f49147.i-0cda2812da1c76d9b.1791021144.tar.zst
h1_7c7b14b176f7a4b5	3	c7e7ae96a34359244b95b06a3c77eb3eb2fd54c8e396c21cb7d3874d0c21f086	CERTIFIED	i-0cda2812da1c76d9b	r8g.16xlarge	4000	cb953562b44e4dae33059a3c8ff6e2ee70ca4ea814e913afaf5ddf4337c27986	3060206029	3960.6	271.7	5590.3	1	True	sat49/cert-20261001/results/h1_7c7b14b176f7a4b5.i-0cda2812da1c76d9b.1791021069.tar.zst
h1_b3779025b26236cd	1	8aafb5f2f589647bbc284113f58e243b03a44eabcfbcf26444a689f68b6b4dd1	CERTIFIED	i-0cda2812da1c76d9b	r8g.16xlarge	4000	a95f2f86b45f2e76aa11504fd7a09387e7dbd71fa1423af5d43184c00ea21d8a	4719065609	6635.3	469.8	5585.6	1	True	sat49/cert-20261001/results/h1_b3779025b26236cd.i-0cda2812da1c76d9b.1791023956.tar.zst
h1_d68a06de9fd252c9	0	2c25f3f009a6f64fb8cb31eb0f580f311dab765b238075aa059b62d1936e6fdd	CERTIFIED	i-0cda2812da1c76d9b	r8g.16xlarge	4000	8d868de1326443d79e803e8e763d261955bdac7273e93a9d807adeb1e3bd56fa	3023511515	3981.2	273.0	5581.0	1	True	sat49/cert-20261001/results/h1_d68a06de9fd252c9.i-0cda2812da1c76d9b.1791021098.tar.zst
h1_6175bc3f7fcde294	1	8151b3735464945698674fc7087235480e38384e233539fa5750412cc98f7012	CERTIFIED	i-0cda2812da1c76d9b	r8g.16xlarge	4000	d3a67dca9856da879ace50be7de63a7211eeb4d03e07bf5e284886d69080e3ec	2798137491	3982.0	272.2	5580.3	1	True	sat49/cert-20261001/results/h1_6175bc3f7fcde294.i-0cda2812da1c76d9b.1791021089.tar.zst
h1_db94cd969c331b1e	1	84d91e672f6278543c13f290e22ae97b39dddcab3ca7fd9c4f64dc05d414d584	CERTIFIED	i-0cda2812da1c76d9b	r8g.16xlarge	4000	dca827ec7e9d3552b4379a00b1924a3ff65065c31c6a33c1b03c702ed8252a0b	2706562142	3968.8	256.6	5570.8	1	True	sat49/cert-20261001/results/h1_db94cd969c331b1e.i-0cda2812da1c76d9b.1791021065.tar.zst
h1_db2999de0127d444	4	5b2489859ed5f3e32fe0cb244847e27490120d0dd143730567f1d997710f37aa	CERTIFIED	i-0cda2812da1c76d9b	r8g.16xlarge	4000	0385bad07316cc83347a76805f9de0e4baf7f56d40db579cc3622ff1e1f2c2fa	2811291318	3980.9	263.1	5569.6	1	True	sat49/cert-20261001/results/h1_db2999de0127d444.i-0cda2812da1c76d9b.1791021085.tar.zst
h1_6eda0722e3f6a9cd	1	e1910c0a71dcdcae564f6a6e4f649cc8643918d5561688579c2bdbf9a1ad7d02	CERTIFIED	i-0cda2812da1c76d9b	r8g.16xlarge	4000	adba937d12141aefa8886ca8f986c9974ff6f514863a851f09ad1a37dbcf6596	2685912184	3974.5	263.7	5566.2	1	True	sat49/cert-20261001/results/h1_6eda0722e3f6a9cd.i-0cda2812da1c76d9b.1791021107.tar.zst
h1_b8bcb99fae2e435d	1	b2f22cc15fba2a8f4d61b98f3830ab261b4904ef348ddd98380b087de98d2b43	CERTIFIED	i-0cda2812da1c76d9b	r8g.16xlarge	4000	af86cdcd318283d6610e8aa80716f5325b9a8a17acf59fc98bc3be68b2aba2a9	2803038571	3971.3	265.8	5556.1	1	True	sat49/cert-20261001/results/h1_b8bcb99fae2e435d.i-0cda2812da1c76d9b.1791021148.tar.zst
h1_b960ca575c2c7800	3	0ccb1c2377f7263753c5f4aa57b363fd2151b74ec9c97cdf9b0b2f7a95bcd702	CERTIFIED	i-073ccf78f0db3f027	r7g.16xlarge	4000	1b5d3276859a2117e17cec68236a68cd78ebdded2a21c566efdbbf6892d4f108	3322059343	5888.4	388.7	5538.7	1	True	sat49/cert-20261001/results/h1_b960ca575c2c7800.i-073ccf78f0db3f027.1791023308.tar.zst
h1_5e5c8470a8b5debc	0	796824bb4d0ba5d1ebffc3f505315f8544a92f16d5e4dab30e4abf956ffff269	CERTIFIED	i-0cda2812da1c76d9b	r8g.16xlarge	4000	ec94acfd3560d40a80e39ba53975b5ba3189a77b82d7186e04c49e0929ce5657	2782382319	3938.1	258.9	5537.7	1	True	sat49/cert-20261001/results/h1_5e5c8470a8b5debc.i-0cda2812da1c76d9b.1791021171.tar.zst
h1_f6606218fd0b96fa	0	ed2f06429430cecf733d392302c4a5de9f1e83c8b2fac5d611ee4e214dc761aa	CERTIFIED	i-0b27ca5b6248c0a7d	r8g.16xlarge	4000	045f3a2f32d19befee3bcf60ff41488080162c481f7a365cfe394d07480d1d94	2688082137	4085.3	260.9	5531.3	1	True	sat49/cert-20261001/results/h1_f6606218fd0b96fa.i-0b27ca5b6248c0a7d.1791021390.tar.zst
h1_a4a8a58d494cdf96	2	403ed7f53bdb24dddf5583e17a84da738aeba92f75506012163a4bab9140f847	CERTIFIED	i-0cda2812da1c76d9b	r8g.16xlarge	4000	b97b88b5d78e0ebd45e86df2348fda81b854b5eafb0ab4061e5d3feb5978efb1	2925266318	3969.2	260.1	5527.3	1	True	sat49/cert-20261001/results/h1_a4a8a58d494cdf96.i-0cda2812da1c76d9b.1791021559.tar.zst
h1_53d71a31b4330083	1	112e43c7a7ac69e4f6bb169ff9791de61a77b5659efaff6ab2e74c75f39f46b4	CERTIFIED	i-0cda2812da1c76d9b	r8g.16xlarge	4000	b3a70c0a96afd6391e823ff98756caac7fbedfe283dc3b623c87a4034725cdfb	3122309514	4161.1	285.6	5525.6	1	True	sat49/cert-20261001/results/h1_53d71a31b4330083.i-0cda2812da1c76d9b.1791022002.tar.zst
h1_4554f384af43ccc6	1	18c28e294b882f9be3a793c4099913fb7d4ed5efb54abee534c207df0d3e1349	CERTIFIED	i-0b27ca5b6248c0a7d	r8g.16xlarge	4000	b4188606ae00ebc18807cc602d2f9867d839f05e0f450a2dd58f879ce4a28d3a	2822556697	4086.5	283.7	5510.3	1	True	sat49/cert-20261001/results/h1_4554f384af43ccc6.i-0b27ca5b6248c0a7d.1791021979.tar.zst
h1_8d6661f86e6a2f2b	2	62172a6194b2758829e0ff6d9ebcf571cd77b56829d5e726fdfbc6e280586033	CERTIFIED	i-0b27ca5b6248c0a7d	r8g.16xlarge	4000	5ecbd60359ea210e5118004c1ae322b4cdc055b21d2230b91be0cf4468bc3772	3106191747	4099.0	296.9	5506.5	1	True	sat49/cert-20261001/results/h1_8d6661f86e6a2f2b.i-0b27ca5b6248c0a7d.1791022090.tar.zst
h1_74451daa482f9e75	1	a3a3a35de9b343ed6ab4e18b2a7b46e7ae24c7208645dc774d3ccf7e8dd044da	CERTIFIED	i-0cda2812da1c76d9b	r8g.16xlarge	4000	ba7356db7b64cbf1e1d81c284393408f5c67bce9f475920a1a90599b86c1b930	2797072409	3870.0	265.5	5493.6	1	True	sat49/cert-20261001/results/h1_74451daa482f9e75.i-0cda2812da1c76d9b.1791022008.tar.zst
h1_4b0734a4b6caff8f	2	ac8726a1099c14e2f7995dc0f15010a6b17f67a55ebfd3f9a398e845d9d92cc4	CERTIFIED	i-0b27ca5b6248c0a7d	r8g.16xlarge	4000	54627f5332a5bf21d010441556569d1b3af4e862b01c03dfa461cb575bd357b5	2425381157	3958.3	233.8	5488.8	1	True	sat49/cert-20261001/results/h1_4b0734a4b6caff8f.i-0b27ca5b6248c0a7d.1791022051.tar.zst
h1_6ac084adb1fecf38	1	9ede4c75f8a9d45d0dbfccc2bd1f711dcec0276800eaa56edfbd293188a2fa72	CERTIFIED	i-0cda2812da1c76d9b	r8g.16xlarge	4000	e32c3669b551ca7da5e59e8951ebf1728fd1e9830959725d5413011c4bffaf09	2577157148	3913.6	251.4	5485.4	1	True	sat49/cert-20261001/results/h1_6ac084adb1fecf38.i-0cda2812da1c76d9b.1791022060.tar.zst
h1_9538d39f18459d29	4	1ab01b71a30f7ff8aaabdbdc12655e8c355d13b0774e2e10dd9aed38f6500713	CERTIFIED	i-0b27ca5b6248c0a7d	r8g.16xlarge	4000	4f2576ef0a17425aa0ab06fdd1d5f410a2b79adbded35456902b57cbd1ce3fce	2929523970	4014.4	259.7	5483.4	1	True	sat49/cert-20261001/results/h1_9538d39f18459d29.i-0b27ca5b6248c0a7d.1791022201.tar.zst
h1_71feed9c2edc5b81	4	90916ea6913e9b4f29ad1a584dfad14038dfe8765d266fff9c34f8b34a758dc9	CERTIFIED	i-0b27ca5b6248c0a7d	r8g.16xlarge	4000	47b0b369787c33240451d29a506d68716da8fa7b5fe8ef664c7df54876068991	3063670269	4099.5	271.0	5463.4	1	True	sat49/cert-20261001/results/h1_71feed9c2edc5b81.i-0b27ca5b6248c0a7d.1791022321.tar.zst
h1_6e08e0c6ffaff22e	3	7f61ac250dd2515121b2331c232147b42e078ac40fe2160eb2c082ea17ba359b	CERTIFIED	i-0cda2812da1c76d9b	r8g.16xlarge	4000	992dd511ce2251bf707aabd901a0ab00b5723bfbc6d2d979d5f140986157745d	2900366117	3807.2	253.1	5454.6	1	True	sat49/cert-20261001/results/h1_6e08e0c6ffaff22e.i-0cda2812da1c76d9b.1791022010.tar.zst
h1_af1468c41f226482	1	5806dc969be30e70dee1336fc4e6f8d2014d395a18e95b420633e908bc5c7e08	CERTIFIED	i-0cda2812da1c76d9b	r8g.16xlarge	4000	df22f502db431f3ffe7e591234c6404880b92fe6b80852c3377c7433c3ad5dcb	2890100610	3878.5	261.2	5452.4	1	True	sat49/cert-20261001/results/h1_af1468c41f226482.i-0cda2812da1c76d9b.1791022108.tar.zst
h1_dc81b9435fe06b31	3	b7774b583b23a12dbb194df02a72312d767629072fb938d67d6ab061a6eabd14	CERTIFIED	i-0cda2812da1c76d9b	r8g.16xlarge	4000	f6374b38c61a3e8096bb08654abd21b018045baaf8850a256bdd491d871bd3c9	2766722763	3903.8	258.7	5452.1	1	True	sat49/cert-20261001/results/h1_dc81b9435fe06b31.i-0cda2812da1c76d9b.1791022159.tar.zst
h1_ec7ff229c331f606	4	a619de0fd7fa3845b1f266c7df1aa4bd28393894a1005dceb924a3c1f01694d0	CERTIFIED	i-0cda2812da1c76d9b	r8g.16xlarge	4000	35b5d3df233d2c8469f370ccf572edbf2151293a8088651c72f14dd5e13bf635	3210534091	3873.2	286.4	5412.5	1	True	sat49/cert-20261001/results/h1_ec7ff229c331f606.i-0cda2812da1c76d9b.1791022190.tar.zst
h1_f850a92d693dc2e9	1	b69b5c70ce8aa6a84ce6a607870d85b4fa527c0c9215ef49584b317c90221734	CERTIFIED	i-0cda2812da1c76d9b	r8g.16xlarge	4000	1128aac845a5e181994fcb747b3bec047a221109df322313ca92dd15de2284b5	2666595385	3856.3	252.2	5409.0	1	True	sat49/cert-20261001/results/h1_f850a92d693dc2e9.i-0cda2812da1c76d9b.1791022127.tar.zst
h1_ed21491623c9aa92	3	719ccc4226fe2508acaea32b1a5a687230c5b60f110670d215d312bcf8e23f7f	CERTIFIED	i-0b27ca5b6248c0a7d	r8g.16xlarge	4000	bd50db93e4f7991ef5a91e009dc5e1b060f99ee0e4a2d7aee0748dac1f309c66	2835149953	3972.5	265.5	5407.9	1	True	sat49/cert-20261001/results/h1_ed21491623c9aa92.i-0b27ca5b6248c0a7d.1791022295.tar.zst
h1_6bff98b1fdedab3b	2	95c04a13b61599f0885f1e1cc92690619a90c8123bcf4f3009e3bbe10fb031ec	CERTIFIED	i-0b27ca5b6248c0a7d	r8g.16xlarge	4000	2574e9e7b2660664ffbedf09961c8aba1e4d27e4f0e20b3838cf57f69f559b1f	2520511920	3952.2	241.4	5402.4	1	True	sat49/cert-20261001/results/h1_6bff98b1fdedab3b.i-0b27ca5b6248c0a7d.1791022340.tar.zst
h1_a615f0fbc719b562	1	f0f96350ab6c716cafc1bf8483bff69e12be82404ed3b6b9aeff8ed806722674	CERTIFIED	i-0b27ca5b6248c0a7d	r8g.16xlarge	4000	9da1eeb0781d7a0e6de594ed1308469bf05a2747bc0115e9cc4a233d50f906f5	2873590353	3963.8	268.8	5402.3	1	True	sat49/cert-20261001/results/h1_a615f0fbc719b562.i-0b27ca5b6248c0a7d.1791022434.tar.zst
h1_a7012042bb22c0d2	2	27a9c463c6c405b4ad9eb572880ca6dcab50f7e6ac2fdd1ef994d3f370f77c1b	CERTIFIED	i-0b27ca5b6248c0a7d	r8g.16xlarge	4000	d368d3eb798a1dff8db0b1b955e00460707c8c86daf973e65ffec6b1a5a8474f	2677276679	3965.5	255.4	5394.5	1	True	sat49/cert-20261001/results/h1_a7012042bb22c0d2.i-0b27ca5b6248c0a7d.1791022510.tar.zst
h1_5283fa0cfac20c7d	2	62820f7628ac66eb18acb6008945f91b1119f02426aa6ec1650a6b9ca71cb5ba	CERTIFIED	i-0b27ca5b6248c0a7d	r8g.16xlarge	4000	55c6bb738fe2b6fe6c6a96a37442143c43b55e84df9e19ddd325f83eb14f0a94	2828725693	3982.5	267.3	5394.1	1	True	sat49/cert-20261001/results/h1_5283fa0cfac20c7d.i-0b27ca5b6248c0a7d.1791022548.tar.zst
h1_e71aead98bda1e14	2	aac77a88a1eecf76203bccee176620a6db48baaa413112840c1c35b5e07d6a66	CERTIFIED	i-0b27ca5b6248c0a7d	r8g.16xlarge	4000	787ca9f7f99967389ae7cbdc5fffd5f3a92991ddc531c2c4b0605b6805fb87ec	2662480759	3949.3	245.9	5357.8	1	True	sat49/cert-20261001/results/h1_e71aead98bda1e14.i-0b27ca5b6248c0a7d.1791022549.tar.zst
h1_5236e4390f5a1c24	2	d61c0d1da87b1013878b43272cc1cc2d8aba6f98087afedc8058a5fd4f4ad77e	CERTIFIED	i-0b27ca5b6248c0a7d	r8g.16xlarge	4000	68c757e53da7311869c8a184ad8ae4e4edd2ff707ab4c17d7eb87648b7ce8c62	2663571333	3897.7	244.1	5344.8	1	True	sat49/cert-20261001/results/h1_5236e4390f5a1c24.i-0b27ca5b6248c0a7d.1791022517.tar.zst
h1_8fd10c1021e58cc9	2	632bae7afce63478e1d297ee9687916c43b3f6201b82c4fc62a318ca95a6c2ba	CERTIFIED	i-0b27ca5b6248c0a7d	r8g.16xlarge	4000	326ab5e59e567ec6be74cb4cc2e7240ebd3ae669c978d99f76866be44f986b8b	2909924109	3921.4	268.0	5340.0	1	True	sat49/cert-20261001/results/h1_8fd10c1021e58cc9.i-0b27ca5b6248c0a7d.1791022701.tar.zst
h1_8b8c3919c1bb07c2	1	261aff50a791c31b31f6d4c7c80203cdab3a501d8eb38ddaa40937ea62636ea1	CERTIFIED	i-073ccf78f0db3f027	r7g.16xlarge	4000	f573b9602818b4ca172d2b59232483abff1cf9d49cd96ab63a20293ea298c048	2628253510	5659.5	343.1	5321.7	1	True	sat49/cert-20261001/results/h1_8b8c3919c1bb07c2.i-073ccf78f0db3f027.1791024807.tar.zst
h1_8a3445016826f304	2	5a11577c1d06a0b64f32c9f32d0a6ab72075c76d739795f9f09914ae01fc9402	CERTIFIED	i-0cda2812da1c76d9b	r8g.16xlarge	4000	80c14f2389b04294db0f6a2c8c46cc3bf0d4d20718d0419e4373f96d1a3fdee7	2770686860	3800.2	257.1	5311.7	1	True	sat49/cert-20261001/results/h1_8a3445016826f304.i-0cda2812da1c76d9b.1791023012.tar.zst
h1_5837908478feb36b	3	a620a9f9ab0685e48972b47b774fe10691be092219a58829f4b8c5e05173a145	CERTIFIED	i-0b27ca5b6248c0a7d	r8g.16xlarge	4000	1c1d73ecf446c54e3792ad6e29a745b89dd8890d68c69e5c6a8837c362c2b71f	2938012418	3888.3	279.0	5307.1	1	True	sat49/cert-20261001/results/h1_5837908478feb36b.i-0b27ca5b6248c0a7d.1791023219.tar.zst
h1_bbbc4868a19ec1ce	2	7f1de91462c715f7ad4175b3c6aa7f7af6be39aafb17783afea67c942ae733c0	CERTIFIED	i-0b27ca5b6248c0a7d	r8g.16xlarge	4000	e549e6b8ee42249ffda5a6f8c4551a5c8e417b3e66fe75d37ec5197c73272997	2729207330	3878.0	254.6	5281.3	1	True	sat49/cert-20261001/results/h1_bbbc4868a19ec1ce.i-0b27ca5b6248c0a7d.1791023192.tar.zst
h1_3d6bc5b4e218f2be	1	13deb0ea98bc3b4723e4c43c5907e0c7b720256a5adb5779fc1ff4c01c2e4219	CERTIFIED	i-0b27ca5b6248c0a7d	r8g.16xlarge	4000	394390dbdca35c9fa08582c2b042affc1e6238fdf6e2eb6deb6ce8d1f9001e72	2599143228	3846.3	251.8	5279.1	1	True	sat49/cert-20261001/results/h1_3d6bc5b4e218f2be.i-0b27ca5b6248c0a7d.1791023399.tar.zst
h1_0119c534ac2e49c1	2	6f0995810ab60ddb742879cf312bcde28aa4329fc84492f5984182d048fd5fa3	CERTIFIED	i-0cda2812da1c76d9b	r8g.16xlarge	4000	4fb833cd11659baed32b96ff85ca89b8e552c5cb9f95853458251e19150e9ceb	2615204567	4036.5	251.3	5274.3	1	True	sat49/cert-20261001/results/h1_0119c534ac2e49c1.i-0cda2812da1c76d9b.1791023790.tar.zst
h1_9f8e6730607ee8d8	2	5ad4dc1f6fae9c1319f367989b2ad0d42b6988c54218c88554decd56f80fbddf	CERTIFIED	i-0b27ca5b6248c0a7d	r8g.16xlarge	4000	1d2695618eb4ca0f435413ccd92c175abb03d5d51464980e9fb4d2f4ecbd3a75	3010988565	3864.3	271.4	5269.4	1	True	sat49/cert-20261001/results/h1_9f8e6730607ee8d8.i-0b27ca5b6248c0a7d.1791023851.tar.zst
h1_5bff74d3aa1d9af3	1	7ae550a63a72dd9caa2d778adcb9c5fbb029e5d63af9ee38a1360cfe38120cfc	CERTIFIED	i-0cda2812da1c76d9b	r8g.16xlarge	4000	cff88de385f92581d2e324f9d0b0126d2d7f36d131563a45a3fde54f70daf2c9	2644979478	3787.8	254.0	5263.8	1	True	sat49/cert-20261001/results/h1_5bff74d3aa1d9af3.i-0cda2812da1c76d9b.1791023817.tar.zst
h1_de287253b1de12d4	0	2302c011fd88759be8e4c2fca63895cff8a7a33c7f3bce03b6dfc26cb1433d34	CERTIFIED	i-0cda2812da1c76d9b	r8g.16xlarge	4000	b0cbdbf4e52db30735a06179342c1d325507623b46f740f59e5db85c0893394d	2703203781	3778.5	258.9	5252.4	1	True	sat49/cert-20261001/results/h1_de287253b1de12d4.i-0cda2812da1c76d9b.1791024012.tar.zst
h1_e594a9ea43dd4343	2	83d1ef1386d0f02a0579aec0fd7a6d246e021d10104f25ac01786a41ba001ca8	CERTIFIED	i-0b27ca5b6248c0a7d	r8g.16xlarge	4000	eb0978c38d7aa0e80bfc0e2d430262bc90f264d93c65b3c1e83f624c4a9f121a	3659901162	5540.0	354.3	5240.4	1	True	sat49/cert-20261001/results/h1_e594a9ea43dd4343.i-0b27ca5b6248c0a7d.1791025867.tar.zst
h1_e090f672b89d6b45	1	fb4ce3cd1bdc24ca8ae2d8f2d5d1882d66e6a148945246994c983ec70ff1bb54	CERTIFIED	i-0cda2812da1c76d9b	r8g.16xlarge	4000	d04e70e333b32a3f55b67384a127dbf9b57d36ee0a16e8f3bc4a02dcb066c61b	2634983570	3744.7	251.4	5239.7	1	True	sat49/cert-20261001/results/h1_e090f672b89d6b45.i-0cda2812da1c76d9b.1791024135.tar.zst
h1_368b241207ed1e40	2	e25c23cf162a93b06cc0eebee4d7966854492ebb9142135c2630290b3f35154b	CERTIFIED	i-0cda2812da1c76d9b	r8g.16xlarge	4000	865c71eaa5ec867109c2b6ec4d8f8a025b88a6fdb4e8c48d3b0e595d36fc8438	2543469947	3782.1	243.5	5238.8	1	True	sat49/cert-20261001/results/h1_368b241207ed1e40.i-0cda2812da1c76d9b.1791024173.tar.zst
h1_9f4c8a7e76493e79	2	d73253ab45c6ba04b688be48218d7b8a2a862a9f0ae67a297496fe3e4e7bda98	CERTIFIED	i-0cda2812da1c76d9b	r8g.16xlarge	4000	06b28d9e2820e7bc5f4e9b74b954c7c8c6d940c6c2176c069edb3e243b2f4dfa	2820390895	3673.4	250.2	5232.0	1	True	sat49/cert-20261001/results/h1_9f4c8a7e76493e79.i-0cda2812da1c76d9b.1791024311.tar.zst
h1_4a7f613170c64104	1	e773763435b0d0b039caf952abd821a21ca49ef5600aa7321bd566b8bc88d9a7	CERTIFIED	i-07c361d997bfe3832	r7g.16xlarge	4000	9c814a62bffcb72a0ff548128a34887622cb70c69c24fe625fd31a9c363f22b4	2565305540	5616.1	332.0	5225.2	1	True	sat49/cert-20261001/results/h1_4a7f613170c64104.i-07c361d997bfe3832.1791026516.tar.zst
h1_ecbb2e08251fdbf7	1	9777f49e7e086817115d485c8f775ef9e2adae7931e5624472995c2f6fcd5989	CERTIFIED	i-073ccf78f0db3f027	r7g.16xlarge	4000	697cd41cd25e8fddc218c5a0e3a42ff0f85f500986363aa71133767fed0a3a2f	2638772091	5474.7	336.9	5211.7	1	True	sat49/cert-20261001/results/h1_ecbb2e08251fdbf7.i-073ccf78f0db3f027.1791026417.tar.zst
h1_6173103a02d11452	1	6f506c95b9b9302e23ee11294f436044a3f8b2418db6c9aa482ca7a66333d03a	CERTIFIED	i-073ccf78f0db3f027	r7g.16xlarge	4000	c255b51488325cc41a5e75fd36efb2226465a544481542ad9ac5c55d8f7fb414	3033763193	6552.2	393.5	5209.3	1	True	sat49/cert-20261001/results/h1_6173103a02d11452.i-073ccf78f0db3f027.1791027805.tar.zst
h1_dca6e2e0a423fdb5	2	d6c1adcecf8edce1fdca9bc80b42a1531d94ac53cbbd070c1d13b46ccb3edb59	CERTIFIED	i-07c361d997bfe3832	r7g.16xlarge	4000	8ee9b184b1f7cc25e867cb30fb1c88a77c63e2bcefbc30d3b1ca6828fb4d6158	2542805319	5674.3	331.9	5209.1	1	True	sat49/cert-20261001/results/h1_dca6e2e0a423fdb5.i-07c361d997bfe3832.1791026962.tar.zst
h1_7009e49eedb42fdb	2	86c6ee96f606bda9d0f75cbc5e115a31f693e20b6038a3ff9b6106b341447a35	CERTIFIED	i-07c361d997bfe3832	r7g.16xlarge	4000	a450fae1c9951b177e51033f0c5c1e4480a9fe45405ad0f759624ad0d57f563c	2495472741	5619.5	316.8	5208.0	1	True	sat49/cert-20261001/results/h1_7009e49eedb42fdb.i-07c361d997bfe3832.1791026881.tar.zst
h1_ffae7f2ddd6f8a5a	2	ef1ed22a2736c01f44e655796214df7eb5391dd4b6db0be0e6f3513dd047fb7c	CERTIFIED	i-07c361d997bfe3832	r7g.16xlarge	4000	54cf6f449fa82f9c2984494cf5eeed9b5fcf851bdc512cf1fcf5d5635c98bdff	2491470341	5642.8	321.2	5197.0	1	True	sat49/cert-20261001/results/h1_ffae7f2ddd6f8a5a.i-07c361d997bfe3832.1791027032.tar.zst
h1_fc3fa8a8e96e1915	2	22bfae6dd40187ae6699d55cdc92a08eb858bdd724f8589274248d11e849de36	CERTIFIED	i-0cda2812da1c76d9b	r8g.16xlarge	4000	f01c102db3ed65282348edc1d554d29089103f7c19cf1661a2e1f877163002c2	2606877592	3678.8	238.9	5155.7	1	True	sat49/cert-20261001/results/h1_fc3fa8a8e96e1915.i-0cda2812da1c76d9b.1791024945.tar.zst
h1_9d529c7a23ab77dc	2	7da817d17225a1ea86669329f7d99eda3780213168081b7dc6a4844a5ffaf27e	CERTIFIED	i-0cda2812da1c76d9b	r8g.16xlarge	4000	dda7c89291c52c429b321b7c0ac0be29b5a09658e347075d8da510bb62c983b6	2870530238	3683.8	257.5	5149.3	1	True	sat49/cert-20261001/results/h1_9d529c7a23ab77dc.i-0cda2812da1c76d9b.1791025018.tar.zst
h1_b215250180f1809e	2	ec4c4c29e96b3c60faa1fae893ff1fa6a64d9604faae4033cce52468a9c0aca3	CERTIFIED	i-0cda2812da1c76d9b	r8g.16xlarge	4000	99551bd7302c3e70ced6bce372905685e1ebb5043557e598ebf4616c46b73985	2767443187	3680.8	249.2	5133.6	1	True	sat49/cert-20261001/results/h1_b215250180f1809e.i-0cda2812da1c76d9b.1791025021.tar.zst
h1_7a02a887333961b0	1	92b0cf31e0cd3e5901811db85726b042b9fa48ac33578596a9ca3fc61d5b63e9	CERTIFIED	i-0cda2812da1c76d9b	r8g.16xlarge	4000	891d1fdcd1f774287b50c85264b6d252dc6ba26030a1045da3f3872ca80c1670	2693473659	3635.3	254.3	5122.6	1	True	sat49/cert-20261001/results/h1_7a02a887333961b0.i-0cda2812da1c76d9b.1791025005.tar.zst
h1_9f0c3b6770da1377	2	05e3d46589babedffde5821d146919863ad44105e5b597bfde80e2f94fa343d1	CERTIFIED	i-0cda2812da1c76d9b	r8g.16xlarge	4000	bfdd31bcc0a0288905c3a2d611d6eff10af1159024f97b4e1e236374e89f58f8	2539849500	3694.8	234.6	5104.5	1	True	sat49/cert-20261001/results/h1_9f0c3b6770da1377.i-0cda2812da1c76d9b.1791025050.tar.zst
h1_ba39a67b2ee44355	3	1c05feb7119e6c09dfddffc89298e3cabd8a3fefa97bfd06af30cc555d0bde2b	CERTIFIED	i-0cda2812da1c76d9b	r8g.16xlarge	4000	7e623622daef956a7dd8af45d342a75ea3afb2fa286773f3aca11cac6d2ef8fd	2663760031	3616.1	244.2	5093.5	1	True	sat49/cert-20261001/results/h1_ba39a67b2ee44355.i-0cda2812da1c76d9b.1791024989.tar.zst
h1_d7c9536f02eba6ae	3	02302f1082de73369838c7c56b99bce00002fbcf1a64d59f239ac0d372e88379	CERTIFIED	i-0cda2812da1c76d9b	r8g.16xlarge	4000	ac0eb3475a1aa08085ff76c346f2dd1c62e2c460ba3f362ce61977fb18065ff2	3193527336	4574.1	288.6	5082.3	1	True	sat49/cert-20261001/results/h1_d7c9536f02eba6ae.i-0cda2812da1c76d9b.1791025990.tar.zst
h1_ce6507490b23790e	3	e2aae3579c571ae56564ebbd0dbf09298468261c541aab38bec1b9520e19bf7b	CERTIFIED	i-0cda2812da1c76d9b	r8g.16xlarge	4000	8205df8388b9fa24291744e71da63af6f346ee65cbea407f7c343a87faca181c	3199133395	4303.1	287.9	5079.2	1	True	sat49/cert-20261001/results/h1_ce6507490b23790e.i-0cda2812da1c76d9b.1791025728.tar.zst
h1_a87849002116b030	1	9149343edc9195eeb59d3e8108b76ffa28ad686feb914f47e9686d070fd19416	CERTIFIED	i-0cda2812da1c76d9b	r8g.16xlarge	4000	32161a149d4a0c58c25e510c48f666fcf5be460e9e0ebd9ce40e0e59f14caa20	2542798481	3591.4	228.8	5077.4	1	True	sat49/cert-20261001/results/h1_a87849002116b030.i-0cda2812da1c76d9b.1791024945.tar.zst
h1_920adad748f4b8dd	0	90ae093a454b7b03252d06eab2ed4d38bfa3fe16bfda62640122c0265f70c3ac	CERTIFIED	i-0cda2812da1c76d9b	r8g.16xlarge	4000	80332c566cd129672dca8072a5b3ffaa87e79f6123d86ae1d07f5721cdad26d4	2676009916	3600.5	244.5	5035.2	1	True	sat49/cert-20261001/results/h1_920adad748f4b8dd.i-0cda2812da1c76d9b.1791024982.tar.zst
h1_afe9921438c3d060	2	3866932c499d2eeec729c286d64d36dfa1d6977b12bb1879c752a0d048d30fb4	CERTIFIED	i-0cda2812da1c76d9b	r8g.16xlarge	4000	f2f2d1cfe24651ca9c0e49a180774f0a994ded33943e39aa1289341794b3e65d	2929634456	3934.6	272.6	5026.9	1	True	sat49/cert-20261001/results/h1_afe9921438c3d060.i-0cda2812da1c76d9b.1791025355.tar.zst
h1_a98f5835b3681d73	2	5414ebb9b4a230e038179aa6681d6aedd53bf138aa5f8d3d37534f1c27894b8f	CERTIFIED	i-0cda2812da1c76d9b	r8g.16xlarge	4000	7dd126381b2e51947c6cce25cf9284dde8624787430eb695197a73ce1fd18587	2543842724	3607.2	229.0	5014.6	1	True	sat49/cert-20261001/results/h1_a98f5835b3681d73.i-0cda2812da1c76d9b.1791024974.tar.zst
h1_1fafe508e53a932d	0	12c347e8a3fdf1e7ead320401e82da344a20054be2cdab43eaf4b5cd44015877	CERTIFIED	i-0cda2812da1c76d9b	r8g.16xlarge	4000	4d12e7398519e6f6136318274b15593c3dcbf4948f2fd00f3112ccd969a0dd8d	2712821460	3525.2	248.0	5009.8	1	True	sat49/cert-20261001/results/h1_1fafe508e53a932d.i-0cda2812da1c76d9b.1791024927.tar.zst
h1_887b00932406648c	2	a6f8c42a53461c361cb1a5055d978bebab51bf56d544483521ae9009c9bb466c	CERTIFIED	i-0cda2812da1c76d9b	r8g.16xlarge	4000	53df982a1324fa32012738697b3dbe4f6ffca93157b1e152a8506febcd2343aa	2597163071	3573.6	234.8	5001.7	1	True	sat49/cert-20261001/results/h1_887b00932406648c.i-0cda2812da1c76d9b.1791024951.tar.zst
h1_46107bc54108b439	1	0d9b68fcd8e667a59bce8b6ffedbfa61ae8e43178b4e762fa200b4878fd50a25	CERTIFIED	i-0cda2812da1c76d9b	r8g.16xlarge	4000	f49146b9c87013bf808f0a35ea9a86dfb8255ec42771f9c9d264a9cf7f4dec13	2500345634	3708.4	238.1	4990.9	1	True	sat49/cert-20261001/results/h1_46107bc54108b439.i-0cda2812da1c76d9b.1791025086.tar.zst
h1_1db3058f29cc49d5	2	d45bf6358a997bb9fe1813f998a951c8066f6b2182a52f6951983213f2b5d760	CERTIFIED	i-07c361d997bfe3832	r7g.16xlarge	4000	2b47804585c1ba77e6167cf5bc4046fcfa0966799cf0aa18ffa9440032db8e03	2672746017	5363.7	335.0	4989.5	1	True	sat49/cert-20261001/results/h1_1db3058f29cc49d5.i-07c361d997bfe3832.1791026931.tar.zst
h1_d5d534a954d9b7d9	2	fc1c1ef6b4dda340e195e1f8d075b539e5f46018e6ba9a4c125c8d22338262ec	CERTIFIED	i-0cda2812da1c76d9b	r8g.16xlarge	4000	a4f219184767c477ddebe2bc5caa216cdbcc2745459d9d0349cd8378e5a5bca4	2496859282	3563.2	232.1	4966.6	1	True	sat49/cert-20261001/results/h1_d5d534a954d9b7d9.i-0cda2812da1c76d9b.1791024948.tar.zst
h1_96085f0d23431e51	1	189b8a8853656d333ab0974a3803119b54c6501e0f30481114c7aee1cb91b76d	CERTIFIED	i-0cda2812da1c76d9b	r8g.16xlarge	4000	465ef9bc31a7e38efb7eaa1fc3f8bb27cc715e2579980c06b5d91d6d94ad5fe9	2438819156	3550.2	235.9	4965.2	1	True	sat49/cert-20261001/results/h1_96085f0d23431e51.i-0cda2812da1c76d9b.1791024937.tar.zst
h1_be374d3a56df2491	2	7ba17855c0656c6de874ca7889415aec4ded13dc951e9f9b4d7cec44c9681b75	CERTIFIED	i-0cda2812da1c76d9b	r8g.16xlarge	4000	019107e2a809c530b375b215a33738df156e04cb259f9e35eaeb2ea2958d6d88	2579096661	3554.1	234.4	4954.5	1	True	sat49/cert-20261001/results/h1_be374d3a56df2491.i-0cda2812da1c76d9b.1791024950.tar.zst
h1_fcf0d42a891684fe	1	a905375b471afc30fdf71e9e9e775697effe37eb6695347309aa21bbc13ec47f	CERTIFIED	i-0cda2812da1c76d9b	r8g.16xlarge	4000	547e880be9acc6a49a40ebddbd07986a2c0b96e189fc7027cbc7dce23e43ae2d	3621032140	5492.8	370.2	4939.2	1	True	sat49/cert-20261001/results/h1_fcf0d42a891684fe.i-0cda2812da1c76d9b.1791027022.tar.zst
h1_bbe18db3dc34294a	1	d5e2b9a0cfe9973705a0e02452fe465135c3f465a6f1384cb1f9856b909c79e6	CERTIFIED	i-0cda2812da1c76d9b	r8g.16xlarge	4000	040d1bc0764f5fe8515c83667b5ff0904e6098f82f4002ac19d608165b55d828	2708861180	3492.1	243.4	4905.9	1	True	sat49/cert-20261001/results/h1_bbe18db3dc34294a.i-0cda2812da1c76d9b.1791024914.tar.zst
h1_d3820ad37912358e	1	576386b863f8fb6a7cd9ff915d09af9a0c0c2adb3909cfc276d7181f296d046f	CERTIFIED	i-0cda2812da1c76d9b	r8g.16xlarge	4000	e1ea679b06612585a44bf214b3a094ca546f478498f8e5c2c6758fdc03dc4535	2318871721	3518.7	212.8	4893.9	1	True	sat49/cert-20261001/results/h1_d3820ad37912358e.i-0cda2812da1c76d9b.1791024890.tar.zst
h1_ab1c86946dd86110	2	dbac03d6160297b540820f288467b56152d9bd4377fb41a5cf326c921d5e1e5b	CERTIFIED	i-0cda2812da1c76d9b	r8g.16xlarge	4000	a54c4cb1c9bc3ee80b1a5ce9863172d845226aaf28b091805989f3a4f6c72332	2371040060	3505.5	219.0	4887.8	1	True	sat49/cert-20261001/results/h1_ab1c86946dd86110.i-0cda2812da1c76d9b.1791024880.tar.zst
h1_64a532d32973e299	2	8839405993a67bdb8b708610b8a6aefecf908bdcc77bd4dc3cf591ea705e9351	CERTIFIED	i-0cda2812da1c76d9b	r8g.16xlarge	4000	ed2abf33f116cf6658980a28d3410d48550196639a0607e36e8985689b45c122	2443381543	3519.7	231.8	4862.9	1	True	sat49/cert-20261001/results/h1_64a532d32973e299.i-0cda2812da1c76d9b.1791024921.tar.zst
h1_cb5e06cfdd612333	0	d9eaaa98ccf5fda8584086c228232acf7aa396cbf2702a959afa43a215f5122e	CERTIFIED	i-0cda2812da1c76d9b	r8g.16xlarge	4000	65939606043ded152f1978426de39d179ac5b07c49d800dc67d12fac442e4210	2378557464	3452.5	224.7	4858.1	1	True	sat49/cert-20261001/results/h1_cb5e06cfdd612333.i-0cda2812da1c76d9b.1791024851.tar.zst
h1_c1977476dd42aa51	1	de782755d5bd92b7388523c7588d2e68996f3b7f80d0da5cdb9351c2728d3bff	CERTIFIED	i-0cda2812da1c76d9b	r8g.16xlarge	4000	cab370960ec0f0bf6795ddeec2c0c90250f2c248f1e774435cd644cafbd242ca	2480196182	3427.3	229.0	4854.4	1	True	sat49/cert-20261001/results/h1_c1977476dd42aa51.i-0cda2812da1c76d9b.1791024834.tar.zst
h1_a9c90476296a6da9	2	4c3bc76f0545c11f1012a5d969d75514d017602681c30326fe7c3236c52d7287	CERTIFIED	i-07c361d997bfe3832	r7g.16xlarge	4000	a3277d84cd25980398e21582a885f3d9c4998ed9b3f588aef5d8d31fd4bd3a0c	2414617350	5312.8	308.6	4851.1	1	True	sat49/cert-20261001/results/h1_a9c90476296a6da9.i-07c361d997bfe3832.1791026865.tar.zst
h1_5f3f2981e597b336	1	7ed402ed63380c7f399bde452687deb5d5d1b64a6fab2eee5bda21e06a6546a6	CERTIFIED	i-0cda2812da1c76d9b	r8g.16xlarge	4000	180d38820c93c6ff8120dc3ceccfa0a6bafa6bdc65b9ab6d0560fdd4ebd9a245	2356840946	3455.0	220.4	4848.5	1	True	sat49/cert-20261001/results/h1_5f3f2981e597b336.i-0cda2812da1c76d9b.1791024850.tar.zst
h1_9e1ed20e45786450	1	82d4907e25b51c6650de1868f15fa5032d7fc097f656cb55920ac26cfcb33d04	CERTIFIED	i-0cda2812da1c76d9b	r8g.16xlarge	4000	bfd05918333afc7ab191bc617208cb2255ccf7f15e7966192b50c39417de4274	2499076694	3471.3	234.2	4847.4	1	True	sat49/cert-20261001/results/h1_9e1ed20e45786450.i-0cda2812da1c76d9b.1791024883.tar.zst
h1_0ae7625227a2effe	1	5174e98b7759f37ede2217ee3ff67cff3867dc848083e112f6fcee2a36f73228	CERTIFIED	i-07c361d997bfe3832	r7g.16xlarge	4000	2163e1b83d4ace43ddcd8a931130308f577bd7e0e56527cf15d8df79ddf08dfb	2517944243	5232.0	330.1	4845.8	1	True	sat49/cert-20261001/results/h1_0ae7625227a2effe.i-07c361d997bfe3832.1791026833.tar.zst
h1_fca977da82e746f0	2	4053424fc2de5c88d8976095bd9242738f48d8b0ab7ded0e615e37b7974d559c	CERTIFIED	i-0cda2812da1c76d9b	r8g.16xlarge	4000	2bbea355ab392dd4681b4b81f1d896335027f99dd61a1d912af544d922ddda29	2563368539	3502.3	240.3	4845.0	1	True	sat49/cert-20261001/results/h1_fca977da82e746f0.i-0cda2812da1c76d9b.1791024942.tar.zst
h1_c06d6499425df29f	1	0210cf4ebdd1b6f1d43fcb0bc653ba6ddd7aa7705edc36a4f8c892a28f8e9fb3	CERTIFIED	i-0cda2812da1c76d9b	r8g.16xlarge	4000	44a0fbebae1afb6c1f2ab16df414966b76546c0ea49d4dc376ca885fd2b8272d	2336646404	3443.0	225.2	4844.2	1	True	sat49/cert-20261001/results/h1_c06d6499425df29f.i-0cda2812da1c76d9b.1791024859.tar.zst
h1_4a92d93dd1a7605f	1	f1e1108e3695ec2c03c7b4e62425e8595ce0bc743695d5c8eab35b04021b4dd1	CERTIFIED	i-0cda2812da1c76d9b	r8g.16xlarge	4000	c54e26143e1f29ebef171fc2c2f1f309888ec8e917d4d7aeff85ac09bfc2c879	2339467659	3448.2	219.0	4844.0	1	True	sat49/cert-20261001/results/h1_4a92d93dd1a7605f.i-0cda2812da1c76d9b.1791024863.tar.zst
h1_a9f17bfebeab9d39	1	0a45d655053c59c42a41c87596601cb6c8c379fb44e6a557b2ad8d2009043f84	CERTIFIED	i-0cda2812da1c76d9b	r8g.16xlarge	4000	db611f0e70dcfdf7458a34f4baf7e4fba24df7ede439ec59ae578e038606797c	2543527802	3497.6	241.1	4838.2	1	True	sat49/cert-20261001/results/h1_a9f17bfebeab9d39.i-0cda2812da1c76d9b.1791024952.tar.zst
h1_9ac3264ee67dfc80	4	4d4c98011ab224d33f151a813892650eb3fefcae693053fb4f0d908b7da463c7	CERTIFIED	i-0cda2812da1c76d9b	r8g.16xlarge	4000	9de6e6a07a675020036cea5e0e0ba76caadcc023a224090a78fbe5a18cf33106	2696142377	3425.0	238.5	4833.9	1	True	sat49/cert-20261001/results/h1_9ac3264ee67dfc80.i-0cda2812da1c76d9b.1791024906.tar.zst
h1_f460a1359aade097	1	de21d23f6e4763c1b35a23239fc18f26bc5a0e59567a45b2aedb0e4926843e84	CERTIFIED	i-07c361d997bfe3832	r7g.16xlarge	4000	b8e2dc45d5d8f711709ce92ae38d6dab9fefeb0f606d670f52cbc8a7497c040b	2433210765	5230.5	302.3	4831.5	1	True	sat49/cert-20261001/results/h1_f460a1359aade097.i-07c361d997bfe3832.1791026838.tar.zst
h1_22b770cec0d67516	2	4779c536205c1ebddd8d2bee56fce5a346418e562fa1b7c1a00e8764defb0380	CERTIFIED	i-0cda2812da1c76d9b	r8g.16xlarge	4000	76e2a3a855dcc8ac500b9dcd74446315980d60eafc35ed8d13c69521d7ce2c51	2826965762	3621.0	245.6	4828.3	1	True	sat49/cert-20261001/results/h1_22b770cec0d67516.i-0cda2812da1c76d9b.1791025125.tar.zst
h1_fb1572cd6ca10bb6	2	245636a7312b3517328bde49f5a8b384cb6bfe72541c77c27ff5df5631351b3a	CERTIFIED	i-07c361d997bfe3832	r7g.16xlarge	4000	474989256ca1ac74344e01dbd3f8fd249ff8cbb52d4bb802b269868b1441e7f8	2360897032	5276.2	298.1	4822.9	1	True	sat49/cert-20261001/results/h1_fb1572cd6ca10bb6.i-07c361d997bfe3832.1791026896.tar.zst
h1_bb330e2f5a5796f5	0	2a2d72f4d933c336508fc779c9b6d5cd2eb15595dd382a17685e41754abdae09	CERTIFIED	i-07c361d997bfe3832	r7g.16xlarge	4000	a3afc5f39e8acc410f769b918344079337f661def3550032f8b817eca483d4ef	2508506478	5255.2	323.3	4812.4	1	True	sat49/cert-20261001/results/h1_bb330e2f5a5796f5.i-07c361d997bfe3832.1791026909.tar.zst
h1_1e63344dc67d14af	1	1928b6ef0106dee77422efe2ae1964e6bae530fc34d3d5d1e5e64936cf86a247	CERTIFIED	i-07c361d997bfe3832	r7g.16xlarge	4000	eb8b99f73234ef8b032b4c4b26909af973612420e4dca6820c74063b89390bba	2684192734	5327.9	333.7	4811.2	1	True	sat49/cert-20261001/results/h1_1e63344dc67d14af.i-07c361d997bfe3832.1791027007.tar.zst
h1_7929fa20bf3bccce	2	7ea0a3b83e359b5182dec4b7b64913dcdfd7189252884b969ac24b585f632278	CERTIFIED	i-07c361d997bfe3832	r7g.16xlarge	4000	e241f114f9affcf6e50ffec75965c53b6e74afbb2ece8c9b1b3ee8362d64ae6d	2318462940	5207.0	300.7	4807.1	1	True	sat49/cert-20261001/results/h1_7929fa20bf3bccce.i-07c361d997bfe3832.1791026826.tar.zst
h1_4c20394f0f2f9d89	2	9616bff19a061d70f86efc2570a6a533633531fcc80066dba4a09678e0e53431	CERTIFIED	i-0b27ca5b6248c0a7d	r8g.16xlarge	4000	52ff38f8d107e800135c6c843fb2f363aa7ffc9a9a911fdba806503f2450e139	2569513359	3500.8	231.1	4799.3	1	True	sat49/cert-20261001/results/h1_4c20394f0f2f9d89.i-0b27ca5b6248c0a7d.1791024959.tar.zst
h1_c31df33cc888064e	2	2b7e4f6fdc74d88977dbd53ea6b56a123c0d2cb5a9d9d9a447e2dad9605923bd	CERTIFIED	i-0b27ca5b6248c0a7d	r8g.16xlarge	4000	5e8c07f4cda17e99d2d325519b75ead7cd102f0208deef79b3454fc8406729fd	2538573379	3484.7	223.0	4799.3	1	True	sat49/cert-20261001/results/h1_c31df33cc888064e.i-0b27ca5b6248c0a7d.1791025061.tar.zst
h1_0e90f8cf0012429c	1	c293cf3f7335de47f40f9603fe6a660e51dde13ef4e385b96165e8d3c1ad0335	CERTIFIED	i-0b27ca5b6248c0a7d	r8g.16xlarge	4000	40a822f6af23a5c64f4717ffa5b8efae98446e0b96f7c72134f7c84512981923	2529979158	3566.5	246.2	4780.0	1	True	sat49/cert-20261001/results/h1_0e90f8cf0012429c.i-0b27ca5b6248c0a7d.1791025190.tar.zst
h1_b89d61dac6c59fc0	2	405793918b45498c6b9512f62f8c45156bd450b810f3221acbad82664245c52f	CERTIFIED	i-07c361d997bfe3832	r7g.16xlarge	4000	0b58e0af3899d29d32e242cdb641b33c693315ea0850d8a5baccdd107291f6f6	2407110018	5207.7	310.7	4775.2	1	True	sat49/cert-20261001/results/h1_b89d61dac6c59fc0.i-07c361d997bfe3832.1791027031.tar.zst
h1_02ec0cc5f50e18e4	1	e5bd1240782ae8ef2f269f250439bba8d6dfb44afe7c25ea9bc0ec82e610f2b4	CERTIFIED	i-07c361d997bfe3832	r7g.16xlarge	4000	8a5622a963953b8eb71302d083810978ed3191820db3312511a634890cd2bd45	2420031226	5204.4	312.6	4765.4	1	True	sat49/cert-20261001/results/h1_02ec0cc5f50e18e4.i-07c361d997bfe3832.1791027083.tar.zst
h1_a3c309f3bb307062	1	f13c00899048c5c70bdf2f1d4591a76399a8ba64662db7adf0bfb1f7612e0a17	CERTIFIED	i-07c361d997bfe3832	r7g.16xlarge	4000	6a3eb776f21f550e792d1cd9204e31284d1fd845474cd51561cd2feda33cb3d9	2498900369	5209.2	327.8	4757.5	1	True	sat49/cert-20261001/results/h1_a3c309f3bb307062.i-07c361d997bfe3832.1791027229.tar.zst
h1_903446d88f7e8c40	0	2a1258705b6ec716403478b91a3010f470e88b1e32cc070699d043bb134117df	CERTIFIED	i-0cda2812da1c76d9b	r8g.16xlarge	4000	9110124f03d6415b2ef9043ca0261a9f7a56555aa97bce99d5191af36e540b0e	2394337463	3479.1	226.2	4754.7	1	True	sat49/cert-20261001/results/h1_903446d88f7e8c40.i-0cda2812da1c76d9b.1791025317.tar.zst
h1_cd39f956d5c6647b	1	308089fcf9ff9015be23ff1c2e1829489f301e8a85bb6b706ebf4497d7d247b4	CERTIFIED	i-07c361d997bfe3832	r7g.16xlarge	4000	7f0dbdc63c1a4b0bcd4ab10c0cca4780c630ecf80d2173c79f1a30b07df875fc	2558056824	5188.9	325.0	4751.5	1	True	sat49/cert-20261001/results/h1_cd39f956d5c6647b.i-07c361d997bfe3832.1791027292.tar.zst
h1_38ee43e37a3f4700	1	7afa89c985001b1208bcd08c14d3d78a78f59a46678c3142f38e7031a9cee953	CERTIFIED	i-07c361d997bfe3832	r7g.16xlarge	4000	e88c14314c0d336dda3e76944d357095d1fd13b2fb690f284ae2e1299bc26ebd	2395141069	5152.6	299.5	4745.5	1	True	sat49/cert-20261001/results/h1_38ee43e37a3f4700.i-07c361d997bfe3832.1791027274.tar.zst
h1_ac250b5b04387a33	1	fc7ab7070f33b712d4c8aaf75a70a3360b6278bb0a2ff5feb5576af5a97a807a	CERTIFIED	i-07c361d997bfe3832	r7g.16xlarge	4000	c3f83e6aa19c63e058f079a7e0a9c3260a9f19cb7cb121b513ac9850fec7f8d5	2296063304	5161.8	302.9	4737.3	1	True	sat49/cert-20261001/results/h1_ac250b5b04387a33.i-07c361d997bfe3832.1791027320.tar.zst
h1_ce5a2f93c8b81c9b	0	8453d1251e26151bfc652a2a5d6a2fa1993b67a7f72f30f3873bba56435f1d5c	CERTIFIED	i-0b27ca5b6248c0a7d	r8g.16xlarge	4000	dae55aeadbf6e83e16818eda681272d32d111f3519cc6b0803711a7a4ca58dcd	2870134666	4403.8	280.9	4720.8	1	True	sat49/cert-20261001/results/h1_ce5a2f93c8b81c9b.i-0b27ca5b6248c0a7d.1791026367.tar.zst
h1_a719bddd13a70f6c	1	364ba060bd49c4dc3482fdf366fc06401b4b721c6ee8efadef73f5aaf55df6d2	CERTIFIED	i-073ccf78f0db3f027	r7g.16xlarge	4000	f6b3dc42b3c0dd4c1144d62127b6de22fcb49b76612f74e22e25741b97b11e4a	2389773311	5060.6	313.3	4719.4	1	True	sat49/cert-20261001/results/h1_a719bddd13a70f6c.i-073ccf78f0db3f027.1791027316.tar.zst
h1_8e8a74a0b0f46968	2	20193c97defc91208a9204c26df37445bfbb74f0370eb8a44ba9bc668ad06e2d	CERTIFIED	i-0cda2812da1c76d9b	r8g.16xlarge	4000	2da5c48133e1f6c770a47ffaf9121e7d405f39c7af46b61f4a18f5dea836ff05	2472908040	3402.0	222.8	4715.5	1	True	sat49/cert-20261001/results/h1_8e8a74a0b0f46968.i-0cda2812da1c76d9b.1791025503.tar.zst
h1_70a275e8b52b7734	2	e7217de16044c7386ead8086a3916e5c011a658d23621bcb329c816baec182ab	CERTIFIED	i-07c361d997bfe3832	r7g.16xlarge	4000	d74b60cffcc600f2b9e17ad4052797281841b60a426bc14e0d7aad7f19fd9e76	2408183222	5104.9	308.4	4715.0	1	True	sat49/cert-20261001/results/h1_70a275e8b52b7734.i-07c361d997bfe3832.1791027376.tar.zst
h1_257ba1bec45428eb	2	5a02f5173b56bf00e58e221823e23160e72a60242d6f04314f12e4ee34acc2b6	CERTIFIED	i-07c361d997bfe3832	r7g.16xlarge	4000	0b3dee391d73f05dae1536a4e0c826a4b2627f244aacd82d336e79c0cf74494b	2619925804	5119.6	331.1	4712.1	1	True	sat49/cert-20261001/results/h1_257ba1bec45428eb.i-07c361d997bfe3832.1791027491.tar.zst
h1_48950f9dcdfb76b9	1	d7f99f06d2bdf6fd0952d199637fc6ddf5e1df01210b067c3db3410dd818150a	CERTIFIED	i-07c361d997bfe3832	r7g.16xlarge	4000	36eb599ac702286f4302f407ec9e32036857dbaa185d812cee3aaf74b0f18b37	2210818866	5135.5	282.1	4707.0	1	True	sat49/cert-20261001/results/h1_48950f9dcdfb76b9.i-07c361d997bfe3832.1791027502.tar.zst
h1_7bbe357096372d93	1	5d4da99bde95894f30eeb7845d1023fac5b6015386e66eb16ce621d8872544c6	CERTIFIED	i-07c361d997bfe3832	r7g.16xlarge	4000	985c4a4565b08a4ab308a30d24fdc0379860bc2f433683f467cedfcceacf66b6	2604193838	5238.5	333.3	4703.6	1	True	sat49/cert-20261001/results/h1_7bbe357096372d93.i-07c361d997bfe3832.1791027682.tar.zst
h1_5a627d1038dadf24	1	7acac4fd02d40069be60d6828fff91ab53a93c2532280f68ac74857f9667571c	CERTIFIED	i-0b27ca5b6248c0a7d	r8g.16xlarge	4000	b19d1f153aae7cfadcbc286c425da97d01833763029a13922f88b1895f918d7f	2473038143	3422.9	231.7	4685.4	1	True	sat49/cert-20261001/results/h1_5a627d1038dadf24.i-0b27ca5b6248c0a7d.1791025605.tar.zst
h1_89b6e903200ef01d	2	2d8cfb93032820ee2642b4eca8eccdccbad974b76ea342b7cd4117fa4d05d1c6	CERTIFIED	i-0cda2812da1c76d9b	r8g.16xlarge	4000	0d59d8f1e77a1890df4b9cf8caa5f6e6b481214f61e8b5ca82e4a62fc1485711	2496623768	3422.0	228.6	4677.1	1	True	sat49/cert-20261001/results/h1_89b6e903200ef01d.i-0cda2812da1c76d9b.1791025711.tar.zst
h1_a1d83ad5033c6e93	1	d017c1375c549c5c388f34a28d4f27a1162573edf1330661159d22644d1e2f5a	CERTIFIED	i-0cda2812da1c76d9b	r8g.16xlarge	4000	904967190da25fbf46fc4bc4893333825c605f744e2283b888a679daabd5a2cd	2437887567	3367.2	224.3	4672.8	1	True	sat49/cert-20261001/results/h1_a1d83ad5033c6e93.i-0cda2812da1c76d9b.1791025662.tar.zst
h1_720e127594e9a9e7	0	3d603c44f64db153742b27938a113de906f5751d590783d056189ebdb4d58317	CERTIFIED	i-0cda2812da1c76d9b	r8g.16xlarge	4000	0d1817af692f5bc8dc8b8bb940542b1c3dd59f99e7f981f54ac60a5f88f3df80	2294888373	3340.0	219.5	4670.4	1	True	sat49/cert-20261001/results/h1_720e127594e9a9e7.i-0cda2812da1c76d9b.1791025621.tar.zst
h1_4c00f0496eaae637	1	5ce9aed006c62764d2af4b78faf312331335a76591ea619cd49158fd7f17d629	CERTIFIED	i-0b27ca5b6248c0a7d	r8g.16xlarge	4000	acd2c434fdd99bf4f3d1437e7276423f5a9e89199a8b03c2f112d86395be9487	2372666869	3516.7	230.0	4656.8	1	True	sat49/cert-20261001/results/h1_4c00f0496eaae637.i-0b27ca5b6248c0a7d.1791025767.tar.zst
h1_d420a57d4d48c788	4	ab17e96bc31b6f50db3267c954f6d5ad0cc06353693cce094ceac10487383f52	CERTIFIED	i-0cda2812da1c76d9b	r8g.16xlarge	4000	ca77f44d2dbea7825dfcddd1de04227bae53b5cdda95534bca755ada2848c637	2447563969	3375.4	226.8	4650.4	1	True	sat49/cert-20261001/results/h1_d420a57d4d48c788.i-0cda2812da1c76d9b.1791025724.tar.zst
h1_84e7110af5ccc36b	1	a2f570cfb14201d07743dc2e46cfb9aee2ffec2a04e1e1fc0c29d0f5bc4861ea	CERTIFIED	i-07c361d997bfe3832	r7g.16xlarge	4000	4a9f80e4d814c4f98d6352e39fb0050dd6a9d9c1bb84658296d503d9d208fdc9	2594514054	5148.2	317.0	4646.3	1	True	sat49/cert-20261001/results/h1_84e7110af5ccc36b.i-07c361d997bfe3832.1791027690.tar.zst
h1_79db22ac21f60daf	0	d826e84eebd5290d777474957a2cea84820a4d4d8455580712b746d9c003aa46	CERTIFIED	i-0b27ca5b6248c0a7d	r8g.16xlarge	4000	6c58999d695f7c7e0acf7378b1aa4774896ca15d8f4516dc638bdf9ae95fbc06	2297453184	3422.4	223.3	4643.8	1	True	sat49/cert-20261001/results/h1_79db22ac21f60daf.i-0b27ca5b6248c0a7d.1791025703.tar.zst
h1_0ad9dd8cf40067ee	2	cdbba1ff9e460a2b14c3e3aca09297e920b9de3b4e0302091e7ebe5670aede57	CERTIFIED	i-0cda2812da1c76d9b	r8g.16xlarge	4000	1c245ddc5dbe2f7ff5c2d89bb29ae12763a8ceea6af4a47fc9f13a26a6d7dd5d	2375635533	3630.1	225.0	4627.8	1	True	sat49/cert-20261001/results/h1_0ad9dd8cf40067ee.i-0cda2812da1c76d9b.1791026017.tar.zst
h1_099be4052c77dab4	2	baf5d84761f7a05fabbc2d670c50a069a2b8f53cfddf31462bf67208d67e0cd5	CERTIFIED	i-0cda2812da1c76d9b	r8g.16xlarge	4000	c0ce05d34bbd57dba7816d65f18b5910e18bc2fd761808657f87a69d238b0cd9	2392281527	3399.2	225.5	4611.8	1	True	sat49/cert-20261001/results/h1_099be4052c77dab4.i-0cda2812da1c76d9b.1791025807.tar.zst
h1_ef93678dd3ed1795	1	1057b06a7db4c5b2d9b86c3e5a6d3e9d5995b3bc87435afffa0e0922b705c073	CERTIFIED	i-0cda2812da1c76d9b	r8g.16xlarge	4000	edd65d35c186c0b8b8da351fcb052282cca3e2879089ad08aab6964b81165513	2482060212	3312.6	231.9	4595.3	1	True	sat49/cert-20261001/results/h1_ef93678dd3ed1795.i-0cda2812da1c76d9b.1791025734.tar.zst
h1_34a7c05fb8df1eda	3	5655c8923997a1ebdff46fe08a5f49a0c31fd9259660e43a00436c49ba022878	CERTIFIED	i-07c361d997bfe3832	r7g.16xlarge	4000	e563572c3871b4fcb7121f6ff3f425dd8ea0d65b9b5095787f25db1fa0b5210d	2472351548	5060.2	298.5	4578.0	1	True	sat49/cert-20261001/results/h1_34a7c05fb8df1eda.i-07c361d997bfe3832.1791027617.tar.zst
h1_033c1d3e7c348135	0	05caf68bc29bf0285e303d310f0d159b798129e9c57ea9b0c084f7a54b73f3e3	CERTIFIED	i-0cda2812da1c76d9b	r8g.16xlarge	4000	6e9151993fb18d6532e4fb636d59f3f567fc7e82fbb9a82bd530fcff3e5470f7	3439106716	4787.4	327.4	4571.4	1	True	sat49/cert-20261001/results/h1_033c1d3e7c348135.i-0cda2812da1c76d9b.1791027345.tar.zst
h1_ad5914b47299f849	1	34b5b5b557dc2b7d838df5516f080a3c75c9ab80d7360802da71f98004ae59ad	CERTIFIED	i-0cda2812da1c76d9b	r8g.16xlarge	4000	a7692e43eaac0af1c4f0e50be56041d9d2e2e3f556746c0544f4394540d2c775	2334058456	3303.9	221.3	4558.8	1	True	sat49/cert-20261001/results/h1_ad5914b47299f849.i-0cda2812da1c76d9b.1791025778.tar.zst
h1_b3990bdeb3f2c80d	1	0bbf7dfb977a440e7b767eaf18890836a56d046157ea5a40113c925b3245a4d3	CERTIFIED	i-0b27ca5b6248c0a7d	r8g.16xlarge	4000	86abb75510d20bea333355d5728dd70b2a68c645f05e24b55f0ee0df3bb28225	2291617945	3353.9	211.7	4551.4	1	True	sat49/cert-20261001/results/h1_b3990bdeb3f2c80d.i-0b27ca5b6248c0a7d.1791025729.tar.zst
h1_847924a8c9ddbde0	1	f9197eda7c489e55f5a13f8f2a1dc2f756c5d8bf40d8d5258020cb7cba0cd451	CERTIFIED	i-07c361d997bfe3832	r7g.16xlarge	4000	fbb73a32a2a66a4185c3113facbc5c67dca36ace50efc6b1c81fffb5a431d805	3418490592	6441.3	438.5	4531.3	1	True	sat49/cert-20261001/results/h1_847924a8c9ddbde0.i-07c361d997bfe3832.1791029263.tar.zst
h1_2c8ca2ed3371046e	1	02f9c6008d14882f1676956fdea531982c5ad5d61f6cca864b57f6af3f1d05e6	CERTIFIED	i-0b27ca5b6248c0a7d	r8g.16xlarge	4000	bedcc6a69298ec04f8a0442f522dfc96050a5d08ff55d33f1da46799c815ab1c	2570425624	3418.9	239.6	4529.9	1	True	sat49/cert-20261001/results/h1_2c8ca2ed3371046e.i-0b27ca5b6248c0a7d.1791025915.tar.zst
h1_89e55a3e5392f4ad	2	4ffd6e4ce4f1195843f575f8e0019dca2bad992fc1295b7b479e3636b6733b80	CERTIFIED	i-0b27ca5b6248c0a7d	r8g.16xlarge	4000	b7d6e1875ebf8057bdb92281f144764549a15eb42c86bd09ef8a6e05b57be5ab	2334219935	3399.8	212.9	4524.8	1	True	sat49/cert-20261001/results/h1_89e55a3e5392f4ad.i-0b27ca5b6248c0a7d.1791025889.tar.zst
h1_64ad2bd3923b9b53	2	b3840db344ec4b9ec8b3517b6a51b1220d6d8dd796c07be27f9db374e0001426	CERTIFIED	i-0b27ca5b6248c0a7d	r8g.16xlarge	4000	23a417f28c9d181326d4687ed3723415fe8a833699c921a02d75b0c55d381b48	2333578078	3427.5	215.9	4518.7	1	True	sat49/cert-20261001/results/h1_64ad2bd3923b9b53.i-0b27ca5b6248c0a7d.1791026030.tar.zst
h1_3e1a5d8517dc4e81	1	f584f7f29a9ee40a4ff0d4a761d9f6e5467fe4ae096d15a527d506e1939f81b4	CERTIFIED	i-07c361d997bfe3832	r7g.16xlarge	4000	a4d0abdf294a2bf5bfc3705c1efc97996577be8811c643c3d699bf1c0c967651	2351961020	4942.7	308.9	4518.0	1	True	sat49/cert-20261001/results/h1_3e1a5d8517dc4e81.i-07c361d997bfe3832.1791027808.tar.zst
h1_340632c62ab143d0	2	436422e7e98dca0c97eb3a6eb66917bc968f84206a76f088282e972fcd6e0375	CERTIFIED	i-0b27ca5b6248c0a7d	r8g.16xlarge	4000	4344711f8edcf5247d9073ba0db45cc38c713090890efa78aeb2bb0cd1318dc6	2807516231	3482.8	243.6	4516.6	1	True	sat49/cert-20261001/results/h1_340632c62ab143d0.i-0b27ca5b6248c0a7d.1791026197.tar.zst
h1_08f3ae2782d7748c	1	d862d27aa04c7a864eaf18b91d04d10e19f7a86770d966402b6b6a91536419d7	CERTIFIED	i-0b27ca5b6248c0a7d	r8g.16xlarge	4000	4c240b2467b0be07ba9645f94c66d075c8d0cfb8db909eb61e735145af12af0f	2407229393	3421.7	222.4	4512.0	1	True	sat49/cert-20261001/results/h1_08f3ae2782d7748c.i-0b27ca5b6248c0a7d.1791026118.tar.zst
h1_ee4f026b393d8261	1	3a8b246896f9483badf8e37771c2b482faa2c384b7b3bfc3b47e846ecec54550	CERTIFIED	i-0b27ca5b6248c0a7d	r8g.16xlarge	4000	d4d034718ddca9a51071a047b47d528900786a45ff1f8f51476b22d22f10759a	2623729161	3411.5	234.8	4494.4	1	True	sat49/cert-20261001/results/h1_ee4f026b393d8261.i-0b27ca5b6248c0a7d.1791026156.tar.zst
h1_efa10339274de3a1	1	a8ce231dac9269e610ae1170abc6df8e0f8cdeb5c672595e21f0f690e5ea833a	CERTIFIED	i-0b27ca5b6248c0a7d	r8g.16xlarge	4000	3d75eeb6ac214e692d7f9439cf9988df6761f0649854bc320e12ac048dc53546	2326690492	3362.8	219.7	4487.0	1	True	sat49/cert-20261001/results/h1_efa10339274de3a1.i-0b27ca5b6248c0a7d.1791026088.tar.zst
h1_7c713a69e075c467	2	c45ba7515e58179da1cfbf1567af14828fe03b471f05d9f4e77b147542f87a74	CERTIFIED	i-0b27ca5b6248c0a7d	r8g.16xlarge	4000	bd44e930229bebf8c2b57e002edeeb577c196bec24f0db73a9c4d5b20ed4f0dd	2414117828	3401.9	220.3	4482.2	1	True	sat49/cert-20261001/results/h1_7c713a69e075c467.i-0b27ca5b6248c0a7d.1791026273.tar.zst
h1_66b5de91fcd6e9be	4	7b377565115d5329471b3fcfe36f8dfb6673eaef39a495de89c6df67ffcc010e	CERTIFIED	i-07c361d997bfe3832	r7g.16xlarge	4000	492c414c0eba9b7089fde05566222845e95421e1bafe36c1d75e2b5fe85cba69	2586365630	4992.4	323.9	4469.5	1	True	sat49/cert-20261001/results/h1_66b5de91fcd6e9be.i-07c361d997bfe3832.1791028003.tar.zst
h1_6d2772f55665be74	1	16bea59a42c879eaf541cd12370cd87010183c058319973fbcd615416f0b0642	CERTIFIED	i-07c361d997bfe3832	r7g.16xlarge	4000	2ebb3a29347969b51a7fee34084a5fb430a6c44c50067f72320321aa19a2785d	2802866441	6023.9	370.0	4457.9	1	True	sat49/cert-20261001/results/h1_6d2772f55665be74.i-07c361d997bfe3832.1791029092.tar.zst
h1_4a0f2c64f63eb828	1	5bf42fbb80a6ed925ebd59d69b4b5fe3ed2c291559abfd710de122a2120e95b5	CERTIFIED	i-0b27ca5b6248c0a7d	r8g.16xlarge	4000	0cec49b540f9fa20afa23fe7fd7b59fe54106eab91882c6f6d95611927348615	2305164628	3374.9	215.6	4457.2	1	True	sat49/cert-20261001/results/h1_4a0f2c64f63eb828.i-0b27ca5b6248c0a7d.1791026585.tar.zst
h1_0e62d0a823d91fbb	1	085f7273ae5f84d0824acbe461ec49dd4f8c27f8172f74adae4a9128c81b2fd2	CERTIFIED	i-07c361d997bfe3832	r7g.16xlarge	4000	9a83357e6e14994dfacaab726cff36ba028760c9079420f2c51bd615dabd17e7	2266126163	4799.5	283.6	4449.2	1	True	sat49/cert-20261001/results/h1_0e62d0a823d91fbb.i-07c361d997bfe3832.1791027937.tar.zst
h1_0905b5bb2f3eebcf	1	efa51a8fb19e7785f4c02dfd56d08fed168346f52ac86ca923268a182cd0087c	CERTIFIED	i-0cda2812da1c76d9b	r8g.16xlarge	4000	175d88ea9c7568fbb936ad4c8715139768081721c29b6bcce75d7f01f1c642d2	2394673635	3165.7	212.1	4441.6	1	True	sat49/cert-20261001/results/h1_0905b5bb2f3eebcf.i-0cda2812da1c76d9b.1791026463.tar.zst
h1_42856bccfa67dea9	2	f72ffce3392466f6de4e27b9194110d6bdc30c3bc8f2253ce5a2d401811800ee	CERTIFIED	i-07c361d997bfe3832	r7g.16xlarge	4000	fb970470834dee4b0514931eaabc22fe8c2b702310c67deb3352215fda3ee368	2164726277	4847.5	275.4	4424.2	1	True	sat49/cert-20261001/results/h1_42856bccfa67dea9.i-07c361d997bfe3832.1791028258.tar.zst
h1_ab647964328e8055	4	b5f324b927652a36b23f6a8108010c007da8bf28f809de851a44f6d69310b6db	CERTIFIED	i-07c361d997bfe3832	r7g.16xlarge	4000	2b77647fba0708f488b7b6095549a8fac9e924ed2ba920ea8b0054bce8b5039d	2395411086	4828.8	284.2	4419.5	1	True	sat49/cert-20261001/results/h1_ab647964328e8055.i-07c361d997bfe3832.1791028284.tar.zst
h1_9749e600ff56ac7f	2	24c00daf34846f206b512c74316f563f58c1a4d95372d67c9c0beddad25ca468	CERTIFIED	i-07c361d997bfe3832	r7g.16xlarge	4000	b399a4d0ace3d344c7b4ce854ca9ce308f8b7e693ab478de8fb68679ee1fb055	2522687484	5294.3	328.7	4415.2	1	True	sat49/cert-20261001/results/h1_9749e600ff56ac7f.i-07c361d997bfe3832.1791028897.tar.zst
h1_2c04fcdfa1a9f959	1	df0f154f4d7fe5d2468e9278122fde95b94df7691b785f149ce28ac0f6e9ea5e	CERTIFIED	i-073ccf78f0db3f027	r7g.16xlarge	4000	230d3e0b18b15c5881449e293031a3a29eb350f30219d3eaee540fc3bf92dfe3	2745239042	4740.0	319.7	4407.2	1	True	sat49/cert-20261001/results/h1_2c04fcdfa1a9f959.i-073ccf78f0db3f027.1791028369.tar.zst
h1_6cd22c1e7c97e9f1	1	db8974e0e83d27d8c127efd3d785cf37dc9a6c0cb7efcd3786cb3556951fd367	CERTIFIED	i-0b27ca5b6248c0a7d	r8g.16xlarge	4000	3356a42fd6c963c012d7e94e2956f3eafaf6580c7b682eb3317f075b4cb9090f	2369202564	3359.4	224.4	4399.6	1	True	sat49/cert-20261001/results/h1_6cd22c1e7c97e9f1.i-0b27ca5b6248c0a7d.1791026740.tar.zst
h1_3a2c96e3753ddf18	2	73a4b3048a8a810d5259a01e2901f2bff1fd9d5ee3e53f2e8e30ac0cb1923c5d	CERTIFIED	i-0b27ca5b6248c0a7d	r8g.16xlarge	4000	83900d5bef86fb0a58d82d91f64c721dfb344b52f058728209335a21b99524d1	2245108053	3371.0	207.5	4388.0	1	True	sat49/cert-20261001/results/h1_3a2c96e3753ddf18.i-0b27ca5b6248c0a7d.1791026744.tar.zst
h1_9bac3225d8644585	2	44273b9250e88ccb49b573bfd431135d666b35820cc6437c5cee681cf6e5b966	CERTIFIED	i-073ccf78f0db3f027	r7g.16xlarge	4000	cf23334892080eeb80ae2efb0cb5a30df582e4d4a7fcfb7986fb052c1235f01d	2196312544	4652.7	279.6	4372.2	1	True	sat49/cert-20261001/results/h1_9bac3225d8644585.i-073ccf78f0db3f027.1791028273.tar.zst
h1_830f9518c62efdf1	1	ce5878499e5642ae306b05281e1938e4d8cdddf4607772670199a1120502d8bc	CERTIFIED	i-073ccf78f0db3f027	r7g.16xlarge	4000	a21a5f1cd48ad937b85da9ad6b396f19bbaa89b2101e340fcaba523f9a4aa01b	2176518712	4624.9	281.6	4371.2	1	True	sat49/cert-20261001/results/h1_830f9518c62efdf1.i-073ccf78f0db3f027.1791028253.tar.zst
h1_2a2c61bffe717339	1	26d48846b6d95079421ba7c25d400fd04d3ab10a222fcca75949838825149abe	CERTIFIED	i-073ccf78f0db3f027	r7g.16xlarge	4000	446c28f015a6c1eab23618cb6ec07e00b13a7ca80a394bae145368a5cfd2b48c	2342805273	4675.3	289.8	4357.3	1	True	sat49/cert-20261001/results/h1_2a2c61bffe717339.i-073ccf78f0db3f027.1791028343.tar.zst
h1_cd07a52ad0dbf34d	1	937cdc4287705bea9c1e5dd85e0020e341450d30440e6728cc709cfc2719f333	CERTIFIED	i-073ccf78f0db3f027	r7g.16xlarge	4000	b881baffd376459a805c648cb2aea9005856735acaad7f1208a2dd77cbebff6b	2294364428	5038.1	304.0	4317.2	1	True	sat49/cert-20261001/results/h1_cd07a52ad0dbf34d.i-073ccf78f0db3f027.1791028691.tar.zst
h1_9dd459bd3523f5ed	1	c9145baf9725d3bdde491fc09e6e68984071f24738d2abb336a1d5656c3011da	CERTIFIED	i-073ccf78f0db3f027	r7g.16xlarge	4000	8fffaa4f61003c9fa3ff28307d9d34b081fc2e9fd6ec794168ab3d4fd8046591	2187390210	4577.5	279.7	4296.0	1	True	sat49/cert-20261001/results/h1_9dd459bd3523f5ed.i-073ccf78f0db3f027.1791028231.tar.zst
h1_92a380192864920a	2	da9b0a8abc18629196180479116a583ee0acd69a88fd06654d952dfd811ac144	CERTIFIED	i-073ccf78f0db3f027	r7g.16xlarge	4000	86116e4ebf6bff583828c7062bd780cba99e67cccb42bf42f861fc0c65c493d6	2205197941	4570.4	266.4	4286.6	1	True	sat49/cert-20261001/results/h1_92a380192864920a.i-073ccf78f0db3f027.1791028208.tar.zst
h1_10d9196a2e87e162	1	5ab6d125e2dfba720075471025fa943ea9e24b2090481ae2137bf714385adfbe	CERTIFIED	i-073ccf78f0db3f027	r7g.16xlarge	4000	5f5f36dfcd3608f3b65e13aef9d0ed2eaf5c2d983486f4a73f47d65c99238d1a	2270258034	4539.4	278.9	4255.3	1	True	sat49/cert-20261001/results/h1_10d9196a2e87e162.i-073ccf78f0db3f027.1791028220.tar.zst
h1_5188d939a371d6c8	1	d5ef87e52c3d60b05b9915c482259e9a359988cd86610d8f32f39e4bd0696d5e	CERTIFIED	i-073ccf78f0db3f027	r7g.16xlarge	4000	7c70f73abe623acf7ff7b7a6c221b0c3261eba7f24d270d4237d0432b1915029	2239370344	4531.1	280.3	4252.6	1	True	sat49/cert-20261001/results/h1_5188d939a371d6c8.i-073ccf78f0db3f027.1791028212.tar.zst
h1_a3acb073e40780d2	2	84a7d961354c236c502dc249c410807f90bbbdda00d60e2d59e15fa2f9297457	CERTIFIED	i-073ccf78f0db3f027	r7g.16xlarge	4000	1cb6dcb108cf50225d90a510f6c52f9a384db18f4e3361be54e672104407e8e8	2135669842	4544.8	259.0	4247.8	1	True	sat49/cert-20261001/results/h1_a3acb073e40780d2.i-073ccf78f0db3f027.1791028206.tar.zst
h1_2a0f90ba27c8aeac	2	86a5d5ea692d588751596743cebc22e1fec5a2eb2d9130badf3f4047153eaa24	CERTIFIED	i-073ccf78f0db3f027	r7g.16xlarge	4000	eb50131d64263b32d3d53307d7092447ba276620a81fb0ac49c06415c3d987e0	2227573187	4526.4	264.0	4243.0	1	True	sat49/cert-20261001/results/h1_2a0f90ba27c8aeac.i-073ccf78f0db3f027.1791028202.tar.zst
h1_6ee86bee42db6333	3	5ab913204e8b0359c6d8ad483287adf417b0b86b688331f6a616bf5ffefc64de	CERTIFIED	i-073ccf78f0db3f027	r7g.16xlarge	4000	d2ccb20dde6f56c2a640fbdee563db25587f0eb7332ac04b28b89ddbea66f3ee	1988200884	4542.6	250.4	4242.9	1	True	sat49/cert-20261001/results/h1_6ee86bee42db6333.i-073ccf78f0db3f027.1791028193.tar.zst
h1_2d36f686c863ba31	2	138d91a366c8cf73bdff2d8d6f99c196743b10d51b47ab5125e429b53ab68cc0	CERTIFIED	i-073ccf78f0db3f027	r7g.16xlarge	4000	b247c3bee7a2dddbfb0384995f391dad56f4c11502c2d65a9cb43a1376d1fcc4	2249659231	4520.2	263.1	4234.2	1	True	sat49/cert-20261001/results/h1_2d36f686c863ba31.i-073ccf78f0db3f027.1791028204.tar.zst
h1_c3a6644d0b184f0f	1	c7b598b5ee8d97bfc1d945dc16227a799973ea783edc79a0d94422ba53e04d57	CERTIFIED	i-073ccf78f0db3f027	r7g.16xlarge	4000	f131e2a79e2054117b89aeb6af991397bcf844f2f2d9175b08e43ecc75fbe32b	2325566482	4523.3	281.8	4234.0	1	True	sat49/cert-20261001/results/h1_c3a6644d0b184f0f.i-073ccf78f0db3f027.1791028245.tar.zst
h1_3f20e46d335126c1	2	9e68a7b25681ab3a1123692771895c5a224f473c6e20035525de5d9531ffb9ca	CERTIFIED	i-073ccf78f0db3f027	r7g.16xlarge	4000	466a7d9dddf154c4a6d993d89d8d1aa0155b3dcaa5c60f064215e77aa446fb8a	2117045074	4502.1	266.4	4232.3	1	True	sat49/cert-20261001/results/h1_3f20e46d335126c1.i-073ccf78f0db3f027.1791028199.tar.zst
h1_488e655e137845a2	1	afffe0fc5fe43e7c5743c26ac3a219d062071db8e2207c59cf08aa93865c32b0	CERTIFIED	i-073ccf78f0db3f027	r7g.16xlarge	4000	1d366b65867f680fa2b4bcc3e90ca5684194fed0f1e0f0c886b66595ebff12f2	2178831425	4531.6	271.8	4230.9	1	True	sat49/cert-20261001/results/h1_488e655e137845a2.i-073ccf78f0db3f027.1791028245.tar.zst
h1_9eaa756d6452ed04	2	901d048728a644bcfca557103e6ab57afb41a95dbea1c097f109f7a3a9612e18	CERTIFIED	i-073ccf78f0db3f027	r7g.16xlarge	4000	8a0c4ff04b434366e47ce9054b731c9eb0a7053a35fffb23fb01f751af88a1cd	2191797947	4487.3	272.2	4221.2	1	True	sat49/cert-20261001/results/h1_9eaa756d6452ed04.i-073ccf78f0db3f027.1791028210.tar.zst
h1_0af7efba68694f6b	1	f36abf10cfb013c8df04994487c60447f2db052908de2320e87c414d6ce9926c	CERTIFIED	i-073ccf78f0db3f027	r7g.16xlarge	4000	1fa4924ecb5a4abb3fc5a85ed2aa76b6498fb087186dbc4dd2280048fed7a073	2302805040	4500.5	285.1	4196.5	1	True	sat49/cert-20261001/results/h1_0af7efba68694f6b.i-073ccf78f0db3f027.1791028252.tar.zst
h1_6ea61c9e95a24521	0	ac26eac9d42438387819daaff05b8764754a92c702edfa5c89769dfa106969a2	CERTIFIED	i-073ccf78f0db3f027	r7g.16xlarge	4000	6d7d702b3b7377fa5942b877fe4baeb11b2c2c44e38b2438014bd4150ff4b40c	2397568475	4574.4	298.0	4193.2	1	True	sat49/cert-20261001/results/h1_6ea61c9e95a24521.i-073ccf78f0db3f027.1791028335.tar.zst
h1_9295fd206e3a9568	1	f695d2b0d3f2b2b8b82e7de8c29b9ce6960c55c83f92c5192c2099f6733df5dd	CERTIFIED	i-073ccf78f0db3f027	r7g.16xlarge	4000	7ebf46a1c7bd34e4b0ff134d8ad4ff68049f53c3fd5da78ad8bbe0d2aa5833f3	2251309416	4495.3	287.9	4189.6	1	True	sat49/cert-20261001/results/h1_9295fd206e3a9568.i-073ccf78f0db3f027.1791028235.tar.zst
h1_a137b8d8c51daecb	3	ee1342310cf4bd84d269acd49465e7c057af60123d3083bbf3fda0df02bd5449	CERTIFIED	i-073ccf78f0db3f027	r7g.16xlarge	4000	7126abea926e164eb919588cbc5736f67923d983331b682e820d8d2903346c06	2341895080	4484.9	280.0	4170.9	1	True	sat49/cert-20261001/results/h1_a137b8d8c51daecb.i-073ccf78f0db3f027.1791028229.tar.zst
h1_9c45359337d58c8e	2	e300c356bdf5fc30837627d2427a4772196a1aac627c681974803e72c7a2ab2f	CERTIFIED	i-073ccf78f0db3f027	r7g.16xlarge	4000	05405ae4fd486657f72bf94963d7c70e7a64d22489cc52db3c51d40e8de7f8ef	2245317944	4484.3	274.5	4165.4	1	True	sat49/cert-20261001/results/h1_9c45359337d58c8e.i-073ccf78f0db3f027.1791028222.tar.zst
h1_0e6d26822a628ddd	3	4bbcfc1a3398d73610f3eaa6afaa39db6b613e9966cebd83f8448fdfd259b730	CERTIFIED	i-073ccf78f0db3f027	r7g.16xlarge	4000	b7f7b18513ac344c06cff1b9e6f01a0dc59f171b8f76b1914110d7740c6be72f	2219956744	4488.0	270.3	4157.5	1	True	sat49/cert-20261001/results/h1_0e6d26822a628ddd.i-073ccf78f0db3f027.1791028225.tar.zst
h1_6de5ca9f54b7ab67	0	5d5e6703dee9da52d578026d6d56c8d4231d42854611b7627682db932360b1b5	CERTIFIED	i-073ccf78f0db3f027	r7g.16xlarge	4000	c1990c8e30c6fc3d038a88e5abce880c74fa679918530711230012c3aba66982	3290683041	6387.3	400.7	4152.7	1	True	sat49/cert-20261001/results/h1_6de5ca9f54b7ab67.i-073ccf78f0db3f027.1791030166.tar.zst
h1_b2d20ca1fd1b959c	1	5efa1395907e28ff3d402e913824aa52c5c26cf718dbf27de04bdd8763578b91	CERTIFIED	i-073ccf78f0db3f027	r7g.16xlarge	4000	13c1eeaca9ec825057ad321905916204b63848ddb5ef4b2d510eb3d627dbbf17	2304704249	4475.7	282.9	4144.4	1	True	sat49/cert-20261001/results/h1_b2d20ca1fd1b959c.i-073ccf78f0db3f027.1791028241.tar.zst
h1_eca5d9d98a83784d	2	d23a5873784741d15453e2921214e627194b570b9678a758e1ef86f1fbed69b9	CERTIFIED	i-073ccf78f0db3f027	r7g.16xlarge	4000	cf8bb743b7e189313f28dd834a827fc627819b868be0c99e5742ae153e0288fe	2267023714	4368.2	270.9	4125.7	1	True	sat49/cert-20261001/results/h1_eca5d9d98a83784d.i-073ccf78f0db3f027.1791028132.tar.zst
h1_7e3b89d635943ef6	2	54223773bccf90d95756871ba31a47343be8d2dd8245ab22fbb8f30d3ecfa9b8	CERTIFIED	i-073ccf78f0db3f027	r7g.16xlarge	4000	d7ac0603666c610720b937e260e4a962f4ce3b7c9a2095801c461d2baf1e05b9	2430840478	4424.4	285.8	4102.7	1	True	sat49/cert-20261001/results/h1_7e3b89d635943ef6.i-073ccf78f0db3f027.1791028214.tar.zst
h1_5dbe791ca47088f5	1	47b065fa3f53ebe8d8ec65365f594e0da7ec62f43156e4780e3d8adf5809bd66	CERTIFIED	i-073ccf78f0db3f027	r7g.16xlarge	4000	af8ce7b13298bc53fde3b58255fc1c71c679532349e75c6f7deb607519b89e1f	2511829457	4391.4	305.4	4101.0	1	True	sat49/cert-20261001/results/h1_5dbe791ca47088f5.i-073ccf78f0db3f027.1791028209.tar.zst
h1_dc2f919286c50e50	1	c48696b96bbd4046e77d439654112dc75348b318a9c288fcc2b2a5b072e98ee1	CERTIFIED	i-073ccf78f0db3f027	r7g.16xlarge	4000	0d3c06c67326290fc9b6c99175dd6a660b24a5d3634c9eb725d22fc5fe721812	2067113189	4377.1	254.6	4082.9	1	True	sat49/cert-20261001/results/h1_dc2f919286c50e50.i-073ccf78f0db3f027.1791028104.tar.zst
h1_0e16acf9625da49e	1	336a677cb58ba6fac6343c0cb8bf70a217bc48c880a5e89f2acc3e4c42190d38	CERTIFIED	i-073ccf78f0db3f027	r7g.16xlarge	4000	f3dcd42737171cbe1621faefe07845697224d24d68d109a14d9977c318087aa8	2092615232	4276.2	261.9	4067.2	1	True	sat49/cert-20261001/results/h1_0e16acf9625da49e.i-073ccf78f0db3f027.1791028028.tar.zst
h1_2e9bb11491d5bbbc	1	686d1a5a6a512530109382467cade24a499871371528694c76810192d01d6366	CERTIFIED	i-073ccf78f0db3f027	r7g.16xlarge	4000	f90ba4651795eb1d1d63a57b60ae837a614d27dd9d4b6b42849cf21a70ba29fb	2306220969	4355.8	269.8	4065.8	1	True	sat49/cert-20261001/results/h1_2e9bb11491d5bbbc.i-073ccf78f0db3f027.1791028134.tar.zst
h1_866bec8f3e3c3eac	0	8e37fe54f7f0093ba2534fcc4a890d6e18e5931fe9bf37a75792ea4fbe05efd3	CERTIFIED	i-073ccf78f0db3f027	r7g.16xlarge	4000	24d18adf379d7d0ab35b66472271a6a119a13bb9dc5da0def99b563eb674bc35	2278645808	4389.9	281.3	4061.8	1	True	sat49/cert-20261001/results/h1_866bec8f3e3c3eac.i-073ccf78f0db3f027.1791028174.tar.zst
h1_852f3b3a6f081d29	1	7c05a86203123e67297aa4ecf1caa00317b7e4403a3f85eecdf9972019e4dfe7	CERTIFIED	i-073ccf78f0db3f027	r7g.16xlarge	4000	d50a2246b0ed87b431a713240e7ba83cc351862ed37fefa402a94fe237f71575	2215726722	4313.1	269.7	4056.9	1	True	sat49/cert-20261001/results/h1_852f3b3a6f081d29.i-073ccf78f0db3f027.1791028095.tar.zst
h1_1f3747b52bb962b8	0	f86ae1f433cd861e54ee9806aa6af7c7011953cb1f4a7f4ff664eaad24657ff7	CERTIFIED	i-073ccf78f0db3f027	r7g.16xlarge	4000	2244d5f9351051e077bca4bdbe39ed7ae386e53fcc6221fdb3bacc2e9799ebce	3005445772	5958.7	379.4	4039.3	1	True	sat49/cert-20261001/results/h1_1f3747b52bb962b8.i-073ccf78f0db3f027.1791029754.tar.zst
h1_353ddfeecdd6d243	3	67254bc52892b6848de94793c34dcba6ab05565c15ca7e88a8d846591ab09c9e	CERTIFIED	i-073ccf78f0db3f027	r7g.16xlarge	4000	69f92b2c604f5cb5c72e8915e7ae6b268e2ede35b19ddfaaf18a1c86110b4026	2175179469	4301.8	261.6	4038.1	1	True	sat49/cert-20261001/results/h1_353ddfeecdd6d243.i-073ccf78f0db3f027.1791028060.tar.zst
h1_8e7cfd8a8097c2d2	1	1edce171b35b2a081c0e286fb603de04cbbc8241283b2dab0dfd40905026b88f	CERTIFIED	i-073ccf78f0db3f027	r7g.16xlarge	4000	b208c8557db4692ede1e77d61e641c8fe317740f4505a318c7da498476ceec71	2179369046	4306.9	273.0	4025.4	1	True	sat49/cert-20261001/results/h1_8e7cfd8a8097c2d2.i-073ccf78f0db3f027.1791028096.tar.zst
h1_719e89a7551d8dcf	1	5712b1b98836f1d219d2ca2a39a6dc47bfda8eaf36cc35890c051bbf6ff3f8d5	CERTIFIED	i-073ccf78f0db3f027	r7g.16xlarge	4000	6984aa0690b1d0d526f92e91fa5dffab3e1f5f800e47c09ea9d2a2a36f3b5216	2191125105	4326.1	268.8	4016.1	1	True	sat49/cert-20261001/results/h1_719e89a7551d8dcf.i-073ccf78f0db3f027.1791028109.tar.zst
h1_e7e0371fb37613c0	2	69a8440698b98ad2bdad60e2c5f5974cf1214b74a6368e9d1ad3aee50617ccc3	CERTIFIED	i-073ccf78f0db3f027	r7g.16xlarge	4000	968f88ea839644a77ef3b504b80a3d1721baf4fe3b8392d63250e3ae0a3ff74f	2127111333	4303.6	262.5	3997.7	1	True	sat49/cert-20261001/results/h1_e7e0371fb37613c0.i-073ccf78f0db3f027.1791028084.tar.zst
h1_0440681e879754ea	2	117b6cd4326c238f2f6ea0773951402154e19978805efa2ecf9ea647606d53f8	CERTIFIED	i-0b27ca5b6248c0a7d	r8g.16xlarge	4000	6878f82770f82656c5c922fce89861efdbce98482dc17aaa525b5ce35cd0e8dc	2191678214	3043.6	189.9	3991.2	1	True	sat49/cert-20261001/results/h1_0440681e879754ea.i-0b27ca5b6248c0a7d.1791026582.tar.zst
h1_428632e30ad19cbf	3	32e7de02ba8c89387500f32607841a6045423b052810be615778f1c07e6cf71a	CERTIFIED	i-073ccf78f0db3f027	r7g.16xlarge	4000	58ff96db4e2c244cbf0d9586625f67bc4e820997a105d7d69cea0a052634f793	2155518458	4292.8	246.5	3971.9	1	True	sat49/cert-20261001/results/h1_428632e30ad19cbf.i-073ccf78f0db3f027.1791028044.tar.zst
h1_c72d5793648989f4	1	4d4a143a78fc811844aa190fb7a6a933b56d9915a34d159ecf61eb8864fd2721	CERTIFIED	i-073ccf78f0db3f027	r7g.16xlarge	4000	921be64142b4a7880f08fd2ba4004ef6bfab2a412d5ea8b4acec9aa9c9669974	2065602125	4303.1	263.1	3971.6	1	True	sat49/cert-20261001/results/h1_c72d5793648989f4.i-073ccf78f0db3f027.1791028086.tar.zst
h1_120b58adb0030b3b	0	7f50bbbbd00a6790da01b5bedfac465cf3a1422a9708c1102af36732552e031b	CERTIFIED	i-07c361d997bfe3832	r7g.16xlarge	4000	552382325639c14a1bcfb7087b33184fb6595b89fb69659bfa0cc3f5f3bbf53d	2386587142	4339.0	299.8	3946.7	1	True	sat49/cert-20261001/results/h1_120b58adb0030b3b.i-07c361d997bfe3832.1791028206.tar.zst
h1_f5793207cc7f0373	2	242c997a2599392df580a36169e09e851b90ecdbc8c8bfac5f1464e2c316f34b	CERTIFIED	i-073ccf78f0db3f027	r7g.16xlarge	4000	be7fb63b7b5b36bcd8e947482ba80ceeb60c61a32eb46ab5e080d601cfdaca77	2156675203	4192.6	259.6	3935.8	1	True	sat49/cert-20261001/results/h1_f5793207cc7f0373.i-073ccf78f0db3f027.1791027990.tar.zst
h1_72b420e5913c24cd	2	7fc0c9d80f25bff439b925dbeda56fa6d09fb20b42d092ee125995f5eacb7de1	CERTIFIED	i-073ccf78f0db3f027	r7g.16xlarge	4000	a3ff0c388d8da409c7844f35126b30fcf31464da24b02420f2a7428801d4637f	1988725156	4145.6	241.7	3864.0	1	True	sat49/cert-20261001/results/h1_72b420e5913c24cd.i-073ccf78f0db3f027.1791027920.tar.zst
h1_d3069fd77fdd2070	2	f6f9f348a7a6f740b70959f4ba0ec79f11bebb4b0f2aa1a45c8aeaf018a692df	CERTIFIED	i-073ccf78f0db3f027	r7g.16xlarge	4000	318e03f917b03e82fa0cfe098541fb1ec75a82f6b17896bd46db8b661a72788e	2010536072	4094.1	254.3	3838.4	1	True	sat49/cert-20261001/results/h1_d3069fd77fdd2070.i-073ccf78f0db3f027.1791027880.tar.zst
h1_2078fc15ad5af996	2	51a686d5f8de5f65a0dd34ef51c995cf86d3c6418b9786fd6b94df5331ecb608	CERTIFIED	i-073ccf78f0db3f027	r7g.16xlarge	4000	0f99252bcd5bba110c563ced23c64e5e0bcf6cbfb69e1c5cea7842a1beb79ac5	2099066612	4111.9	253.4	3827.8	1	True	sat49/cert-20261001/results/h1_2078fc15ad5af996.i-073ccf78f0db3f027.1791027907.tar.zst
h1_c734e63a8e1eb9b7	1	c1c6000099d27aae9daaf3c42e46d20bca1dd04ec6cc16304d0f6efeab0e1510	CERTIFIED	i-073ccf78f0db3f027	r7g.16xlarge	4000	4ebff1c590a7eb70e5c42be7f79983deb47a4717402f013789557c00266aedfb	2053468661	4090.5	248.8	3817.4	1	True	sat49/cert-20261001/results/h1_c734e63a8e1eb9b7.i-073ccf78f0db3f027.1791027900.tar.zst
h1_e0b79c13858026cf	1	456eed4c4db5176d123cbde2e9f22e66bea3445093aab4fe59fe86e3b6dfa164	CERTIFIED	i-073ccf78f0db3f027	r7g.16xlarge	4000	67c7469873395bb27f7027765628d4ef0876f79c242df1b07701918c520ef032	1898319676	4098.9	249.1	3804.5	1	True	sat49/cert-20261001/results/h1_e0b79c13858026cf.i-073ccf78f0db3f027.1791027901.tar.zst
h1_b09ab7b3c97eeb0e	1	a98ec6ce58713593bbc20ce30feb6b5e47c5f0087566c7284f4ee65cde0c2173	CERTIFIED	i-073ccf78f0db3f027	r7g.16xlarge	4000	eaa961a288f71a6a154808a0b75d74cd4aaa5311c8e757a4e99e5da3384d54b1	1870551507	4016.9	239.0	3795.4	1	True	sat49/cert-20261001/results/h1_b09ab7b3c97eeb0e.i-073ccf78f0db3f027.1791027836.tar.zst
h1_e7e683d552dde3db	2	726325da8d7b9a088b137c496210133434f6586e0cdaf4c2a0a4ed6190c7e995	CERTIFIED	i-073ccf78f0db3f027	r7g.16xlarge	4000	7ce68ec9939653984335b699303e9a006c30da841227bc7423875db4fae8f16c	2125660906	4077.1	259.4	3792.5	1	True	sat49/cert-20261001/results/h1_e7e683d552dde3db.i-073ccf78f0db3f027.1791027919.tar.zst
h1_97199e86d41a8881	3	73669fcf8559bd112b4793b25c455cb32ff52f897817af2b4114b38a5a24f0e5	CERTIFIED	i-073ccf78f0db3f027	r7g.16xlarge	4000	6432c609981d4b47c31d9ef8c56317aad0f2a247afb305193517b5839a9c0eef	1895323391	4050.7	236.2	3780.3	1	True	sat49/cert-20261001/results/h1_97199e86d41a8881.i-073ccf78f0db3f027.1791027851.tar.zst
h1_7afa046cd36699d3	0	0094d66253eb32af8af7ba540446017beb6c5ca26a1d7dfcdf00853b9a7bdf37	CERTIFIED	i-073ccf78f0db3f027	r7g.16xlarge	4000	eb9ee73d3f1f41a07fbf1c36fdc42ec90525e186f5185f82656535145d9e459f	1970569386	4152.3	243.5	3760.9	1	True	sat49/cert-20261001/results/h1_7afa046cd36699d3.i-073ccf78f0db3f027.1791027995.tar.zst
h1_45b34ac448c32f37	1	00240b41e762101596786d9f606454790adb4a6efa54669115a3e3d5f94573f2	CERTIFIED	i-073ccf78f0db3f027	r7g.16xlarge	4000	03343e3c835b825629eca871cea89efcdcfedd60af8902b56fd6e3b4eb71f83f	1929073992	4042.9	240.8	3751.8	1	True	sat49/cert-20261001/results/h1_45b34ac448c32f37.i-073ccf78f0db3f027.1791027873.tar.zst
h1_75be8c81773c9da1	2	73eccbc5d55c39764f20f155956f7419abade145ad1133664bebd064e78d5b88	CERTIFIED	i-073ccf78f0db3f027	r7g.16xlarge	4000	4a2f111cd382a9b50274ff41bc2e170f4fe4fe66270a57e640b95cd55e352847	1932868888	3998.1	236.9	3748.5	1	True	sat49/cert-20261001/results/h1_75be8c81773c9da1.i-073ccf78f0db3f027.1791027825.tar.zst
h1_bc3b79fb7dd25e36	3	81db91585d3ff375f02c9bcbe45e962b6f3cc0aa01aa52a1912a0e7fce02a5dd	CERTIFIED	i-073ccf78f0db3f027	r7g.16xlarge	4000	67f7adb9a697a31115ae4812939c2497088177f7232f7ebda18018e36c6dc803	2319830149	4131.0	283.4	3747.3	1	True	sat49/cert-20261001/results/h1_bc3b79fb7dd25e36.i-073ccf78f0db3f027.1791028039.tar.zst
h1_57e63ef03d1f2817	2	e62da6e04f19f0dc87e01d9439bbe2853df4b43e117f562dc857b7cf07d011a5	CERTIFIED	i-073ccf78f0db3f027	r7g.16xlarge	4000	844632f6d96ce6760904d86e719ef3550d64d94531798276960f70cb2601642f	2192453885	4029.5	266.7	3740.6	1	True	sat49/cert-20261001/results/h1_57e63ef03d1f2817.i-073ccf78f0db3f027.1791027931.tar.zst
h1_313c0ddd04520187	2	b1a6caddb7d9b988ba34fab34bec9555a4fd7c4696ee6718feefa5a93c155459	CERTIFIED	i-073ccf78f0db3f027	r7g.16xlarge	4000	f37d9865bdaf6cf07da86988518c071fc8324028967257f6a2d92758d5665627	1993303475	3999.7	243.3	3728.2	1	True	sat49/cert-20261001/results/h1_313c0ddd04520187.i-073ccf78f0db3f027.1791027871.tar.zst
h1_6ea5d04ed03226b0	1	f2437dc0a3f0079251bc840435694403e2cc931b8ea10e00c6384539ae2fdb18	CERTIFIED	i-073ccf78f0db3f027	r7g.16xlarge	4000	9e023231907bfb94285439295e52d3b75853a2390755e8fdae4beaa9c49cd274	2006530090	3958.4	254.0	3724.2	1	True	sat49/cert-20261001/results/h1_6ea5d04ed03226b0.i-073ccf78f0db3f027.1791028025.tar.zst
h1_9433de2d9de274c3	3	de7708d05d2f5e5cd187efe998ebc0c7e4839468417c40ad8ba99a4003264b4d	CERTIFIED	i-0cda2812da1c76d9b	r8g.16xlarge	4000	c345c5480a1b4497d3d43173ca144ab90dabfa6a1d2c287fac19d77084a41972	1947858599	2572.0	168.9	3720.8	1	True	sat49/cert-20261001/results/h1_9433de2d9de274c3.i-0cda2812da1c76d9b.1791026582.tar.zst
h1_003597af8a184e9f	2	63ba3e99aa19f2ad56784f704afee5569808af699cd88d31a8ca54634e2e6f69	CERTIFIED	i-0cda2812da1c76d9b	r8g.16xlarge	4000	0b77be056dc5e7b84c05ee4bff62b1668c2412d4678bdf4946d113382f7e6524	1868082136	2623.5	166.6	3708.8	1	True	sat49/cert-20261001/results/h1_003597af8a184e9f.i-0cda2812da1c76d9b.1791026652.tar.zst
h1_ec47e4bb0fbbda5c	2	071106c2483e0ac17c325b496b8379b810ec17fe02e9f6d63793241595e416e8	CERTIFIED	i-0b27ca5b6248c0a7d	r8g.16xlarge	4000	73ecab658d8b9e74cab95454ccd441e570331ce9c4dcfc1a6b1a0d5d72a818c4	1891228853	2969.9	177.0	3690.7	1	True	sat49/cert-20261001/results/h1_ec47e4bb0fbbda5c.i-0b27ca5b6248c0a7d.1791028038.tar.zst
h1_636974f4c703e1bf	3	714b1279b98d7b3be2a485f23c7ef67aad7bb6887087e613950c9a5ae27d5f48	CERTIFIED	i-0cda2812da1c76d9b	r8g.16xlarge	4000	835ce325d4818fd9950af7767a19de8e46aea0441e43c0f9998b238696c1bb3e	2081026531	2669.4	181.0	3689.7	1	True	sat49/cert-20261001/results/h1_636974f4c703e1bf.i-0cda2812da1c76d9b.1791026862.tar.zst
h1_f63d2e93177bc396	0	f9c04a1fcf54d4764753941eb5df24ff6fa158610db3a7591e8b281255e4d24c	CERTIFIED	i-0cda2812da1c76d9b	r8g.16xlarge	4000	6a4dbd66e5cd310eebda09418585cef11297981fbe1adff070cea5b2f28bfa18	1865919605	2639.6	172.5	3670.8	1	True	sat49/cert-20261001/results/h1_f63d2e93177bc396.i-0cda2812da1c76d9b.1791026877.tar.zst
h1_c46f377c38326b08	1	9df4175861d0f033256569639bb551489c902a292a64d3532d69346d402101a9	CERTIFIED	i-073ccf78f0db3f027	r7g.16xlarge	4000	6fcc743cc63f1d3aba63cc071f3b325e4db34fc080bb3aa2a1bf6fcccfbc41b5	1799237331	3951.8	234.1	3658.5	1	True	sat49/cert-20261001/results/h1_c46f377c38326b08.i-073ccf78f0db3f027.1791028437.tar.zst
h1_ff8ede8efccdad08	1	15ea0c128cd9d240d9b8e2e7b7b38e0ddd08ebc714306c01f8dc2f0316c66fb8	CERTIFIED	i-0cda2812da1c76d9b	r8g.16xlarge	4000	84efcab20824fe97d9ebcbe9a679e2a5d39a09c12f33fb280bf6fe991b8887f0	1901644989	2639.7	178.1	3653.9	1	True	sat49/cert-20261001/results/h1_ff8ede8efccdad08.i-0cda2812da1c76d9b.1791027002.tar.zst
h1_079bec278da073d7	2	861cbe0dce63d7bbcfd34870f51357d2278acfeab18ac52fb8774e578326980d	CERTIFIED	i-0cda2812da1c76d9b	r8g.16xlarge	4000	0fa7907b331343557dbd38587a3ea351912cad8234cc95370b19aad3590c5370	1960328297	2606.4	180.5	3652.7	1	True	sat49/cert-20261001/results/h1_079bec278da073d7.i-0cda2812da1c76d9b.1791027017.tar.zst
h1_48464353a47b705a	1	2a65dcf37399d202c4cc6e9682c13f1c8768b51876a6fa86bc6fab58e399237d	CERTIFIED	i-0cda2812da1c76d9b	r8g.16xlarge	4000	3874e1595f0d33613481117916b2e8f184830c5eab12d135bd87b78a98d83fd4	1981133641	2651.0	176.8	3651.9	1	True	sat49/cert-20261001/results/h1_48464353a47b705a.i-0cda2812da1c76d9b.1791027198.tar.zst
h1_f50286182f399a24	1	8aeafb2720955ae434a2e8868accca1b133cfaa512a24a969263eae3c71b2ae2	CERTIFIED	i-073ccf78f0db3f027	r7g.16xlarge	4000	dc5ea028963092ec985b02d1888226cf4b67ac0af61bcabf861eb226660ffd82	1907422402	3845.1	239.3	3651.6	1	True	sat49/cert-20261001/results/h1_f50286182f399a24.i-073ccf78f0db3f027.1791028992.tar.zst
h1_ca787ecbcfc82c9e	1	3384a63e961efc6c8c2b82c498516706059a5f7722725f3833a71e8faec3538e	CERTIFIED	i-0cda2812da1c76d9b	r8g.16xlarge	4000	f7aa2f7b556f0c1a182482a740fdda17909075b7db474a1b35bbbb35d94f6a7c	1981643794	2608.5	184.1	3635.3	1	True	sat49/cert-20261001/results/h1_ca787ecbcfc82c9e.i-0cda2812da1c76d9b.1791027683.tar.zst
h1_1023a4069f9b505e	1	a0f950cc58bdc020bd6aa1b490edd5da88549e2172981b22c82032d50ee9d5db	CERTIFIED	i-0950d49981c5aba10	r7g.16xlarge	4000	92a222ec2bcfc7b41ef13746277b37f4e9fd198a1491b7a0afd1d9f7f8abddcc	2176396405	1772.4	155.0	3614.6	1	True	sat49/cert-20261001/results/h1_1023a4069f9b505e.i-0950d49981c5aba10.1790911320.tar.zst
h1_ea1eee9505ca49d5	1	fd1c80235befc3f10b50357668f6b50eaa32116eb56b342e1a51f39237c3b0a5	CERTIFIED	i-07c361d997bfe3832	r7g.16xlarge	4000	26156b7c8d09d266c5e854e4de86133d0dcbb2c9eb1859115d8705d26faf093f	2249926014	4678.8	286.8	3562.8	1	True	sat49/cert-20261001/results/h1_ea1eee9505ca49d5.i-07c361d997bfe3832.1791029867.tar.zst
h1_03b98a5ed3f7246a	1	d46fce564aa0b66e2bbf16d6c2cd476a5c56cc68c288e6ead46e8d11560b0863	CERTIFIED	i-0cda2812da1c76d9b	r8g.16xlarge	4000	1e99f98f635f96ef426ed290a9191c38086b4cb26ed33b335ed4ea666c185a4d	2094971818	2596.3	190.4	3553.5	1	True	sat49/cert-20261001/results/h1_03b98a5ed3f7246a.i-0cda2812da1c76d9b.1791027693.tar.zst
h1_19b2187490fabac2	2	2efb3005d140ee3fafcaf1e15c1b6aaf5f104576015b5c219da2cb895b44d264	CERTIFIED	i-0cda2812da1c76d9b	r8g.16xlarge	4000	7d24a0feff5953e61c7603b98bc1285c54d0be534eda6e4ceb679f4c22d9acd4	1945000765	2576.5	173.4	3552.6	1	True	sat49/cert-20261001/results/h1_19b2187490fabac2.i-0cda2812da1c76d9b.1791027657.tar.zst
h1_92a80eb31743df18	0	66f636061a3b0ede3e336d472b1baaf8e449fdf0f48fde5c4a64620246372fb1	CERTIFIED	i-0cda2812da1c76d9b	r8g.16xlarge	4000	23715ab1a7d4bf7ddece723b4f87552a3b3758772e17908bf6115f2e4d705b78	1794802060	2509.7	165.1	3551.8	1	True	sat49/cert-20261001/results/h1_92a80eb31743df18.i-0cda2812da1c76d9b.1791027582.tar.zst
h1_97ece7bf497036ff	1	4543e2cd317d9fe821a6c88f47e3dea8ae75d2f6b1180397837c71b93f5ffb98	CERTIFIED	i-0cda2812da1c76d9b	r8g.16xlarge	4000	b8d1e142322063adeb40e864c0f693a0c363697856d5e7129d366a541d261568	1840347386	2557.4	171.0	3549.7	1	True	sat49/cert-20261001/results/h1_97ece7bf497036ff.i-0cda2812da1c76d9b.1791027639.tar.zst
h1_ac82f761e43ded9f	4	25f632fb6e367962fdebdf87d436c6d21f476f6ca577bf19d9fd83352ff9ac63	CERTIFIED	i-0cda2812da1c76d9b	r8g.16xlarge	4000	bd9d616266b87657d3cc45b752141c23870503b96d7e54f48aef1b3bdb713637	8898438434	10887.1	886.1	3506.8	1	True	sat49/cert-20261001/results/h1_ac82f761e43ded9f.i-0cda2812da1c76d9b.1791036256.tar.zst
h1_20b69b43ee59ba39	2	0e062039c512a22989ca14b039a2006247d5fc146b6b3f15e350b33adfece23e	CERTIFIED	i-0cda2812da1c76d9b	r8g.16xlarge	4000	0822a41e0e2a235a017c6aa5fee5c0666252f7ac37eea4fde8348ed1ef572146	1762560771	2512.5	162.9	3487.3	1	True	sat49/cert-20261001/results/h1_20b69b43ee59ba39.i-0cda2812da1c76d9b.1791027602.tar.zst
h1_96a6d64e68056c07	1	9dd47cc57f4b7e662039caa1aa75928ea3182a7df097516d945c76b566f6fb76	CERTIFIED	i-0cda2812da1c76d9b	r8g.16xlarge	4000	66ed227c1316cffc0f1fa926fcc020b72f72f478a16b079e753294a60389e1b6	2003206368	2498.5	178.7	3480.9	1	True	sat49/cert-20261001/results/h1_96a6d64e68056c07.i-0cda2812da1c76d9b.1791027621.tar.zst
h1_83c4752e24575e7b	1	ea29973c04f32ab99c55f64bd452f8233e3dddea051676ade55214601b63228b	CERTIFIED	i-0cda2812da1c76d9b	r8g.16xlarge	4000	2f6fe3c7046887d698a5b2c5a963edf17bdec3b0bfd09fe4bef82ee5e665a8f0	1819408202	2469.6	160.7	3459.8	1	True	sat49/cert-20261001/results/h1_83c4752e24575e7b.i-0cda2812da1c76d9b.1791027582.tar.zst
h1_ad0a8a7496da047c	0	bb053fffc29fbf62beb99a48a35b90520f1f9b6facccde9aefaf310bf8ac2475	CERTIFIED	i-0cda2812da1c76d9b	r8g.16xlarge	4000	4382c288ed115254647f2718ed1de0180e7b10fcdb132037b7eb569619ea6fa3	1999793396	2512.0	173.5	3454.9	1	True	sat49/cert-20261001/results/h1_ad0a8a7496da047c.i-0cda2812da1c76d9b.1791027653.tar.zst
h1_daba52100f993757	1	667bafbe1249cf87ca9182f33a6587d4c90af843cacd09786adb34fc6eeabb07	CERTIFIED	i-0cda2812da1c76d9b	r8g.16xlarge	4000	d6d7c9189e0c34d23a1ba09aef67b7d3adfaed10f5d1a71575482892f24a7e6a	1841694539	2475.1	167.6	3436.9	1	True	sat49/cert-20261001/results/h1_daba52100f993757.i-0cda2812da1c76d9b.1791027615.tar.zst
h1_158f91b455fc11e3	2	6a98234e64623b0ab51bc58cb7fa734b4934631372e2a400bdd197fd50b0bc2d	CERTIFIED	i-0cda2812da1c76d9b	r8g.16xlarge	4000	78d87f91d563d3fe2300aa3da428d576473cfe466ca19e65b60996acd6a332af	1797981817	2441.9	161.5	3436.2	1	True	sat49/cert-20261001/results/h1_158f91b455fc11e3.i-0cda2812da1c76d9b.1791027577.tar.zst
h1_b3c5c2dfc2654d77	1	495d27e1164f1e9ca5d84b7a42de3dde4b0e29aeefe25daa0852ad5b39be1455	CERTIFIED	i-0cda2812da1c76d9b	r8g.16xlarge	4000	a2244b65c3f233f1960bf7c5f34fe5a570afef283c766eec6341a911543effe3	1931999455	2690.1	177.0	3420.1	1	True	sat49/cert-20261001/results/h1_b3c5c2dfc2654d77.i-0cda2812da1c76d9b.1791027848.tar.zst
h1_1ef3cd3f644dccdf	2	d084684a9164a7d41678f2ef3ad4294a66f131be244985ddf3c0cc8290d2a899	CERTIFIED	i-0cda2812da1c76d9b	r8g.16xlarge	4000	a695efd803cba2d902d75dff922dd4937650d97b67431baf7f4d978e29922d1f	1876119162	2434.8	168.0	3402.0	1	True	sat49/cert-20261001/results/h1_1ef3cd3f644dccdf.i-0cda2812da1c76d9b.1791027596.tar.zst
h1_33468e3ce2708a50	0	9430891b86ed47a73299d9e1a721c1f640d39b2b774534a0a927a804da10a55b	CERTIFIED	i-0cda2812da1c76d9b	r8g.16xlarge	4000	94cad351d4eaceafda48e9e4d011fd85847bf83d4fa6d2293e48cca7bb1a3b8c	1755530996	2432.9	161.0	3402.0	1	True	sat49/cert-20261001/results/h1_33468e3ce2708a50.i-0cda2812da1c76d9b.1791027587.tar.zst
h1_5a2f6362522bc5b0	1	39da7969c123c8b06eb340a38d37ed0229248ab1c192627b9186509f96f44033	CERTIFIED	i-0cda2812da1c76d9b	r8g.16xlarge	4000	d78c7a9c7c528d447c9f83a92284388f0daa9c824177823e0b4abc2b3940cd5a	1779785476	2403.1	165.4	3395.7	1	True	sat49/cert-20261001/results/h1_5a2f6362522bc5b0.i-0cda2812da1c76d9b.1791027568.tar.zst
h1_cb65f5809f7976ff	0	af31c14ece20debc6ef8530b39237585624c438b7b63825087de866135cf8341	CERTIFIED	i-0cda2812da1c76d9b	r8g.16xlarge	4000	92de904988785149df2682008f9310e80e0f348af0aab1d43bd619c5de5a281a	1774586966	2456.4	161.9	3383.1	1	True	sat49/cert-20261001/results/h1_cb65f5809f7976ff.i-0cda2812da1c76d9b.1791027617.tar.zst
h1_778e24c168ff95ee	0	5007b5fde6df65062da1887195a68fb525e7b5f70ccdf56a2fded232134ee394	CERTIFIED	i-0cda2812da1c76d9b	r8g.16xlarge	4000	9afad07be37d5bbc3454f088fd0bc2a9233e6df1fff31157783891afa8684843	1751569096	2417.0	157.5	3373.5	1	True	sat49/cert-20261001/results/h1_778e24c168ff95ee.i-0cda2812da1c76d9b.1791027572.tar.zst
h1_f7504c3e7a191ca7	1	27bf96cafef13f743b893d0cda45c5804d5221588b96fb6288d65b28b4398641	CERTIFIED	i-0cda2812da1c76d9b	r8g.16xlarge	4000	01305c4024661a20d6947ebabddd4a9f1906e8f3e37e104f8b49f25763f748b1	1821567206	2393.2	167.1	3329.6	1	True	sat49/cert-20261001/results/h1_f7504c3e7a191ca7.i-0cda2812da1c76d9b.1791027569.tar.zst
h1_872f6efeb769425e	3	0ab09b7ebd7a6cd5526d1562484e1184e985b098fec5450e6c253da829c6820c	CERTIFIED	i-0cda2812da1c76d9b	r8g.16xlarge	4000	5c81e8280d6a9b28096963fb64c66353472aa3add3346f6817b5fec974d01981	6472587309	8049.4	578.5	3328.4	1	True	sat49/cert-20261001/results/h1_872f6efeb769425e.i-0cda2812da1c76d9b.1791033356.tar.zst
h1_0564a033fb3ae09e	1	697156613338ef20601f1ca6959b308d71c3357d83feadb41bfb96e2590c9f00	CERTIFIED	i-073ccf78f0db3f027	r7g.16xlarge	4000	8d82dffc05d46e48a9228c652b82887f6be4c4934a8e7629658b986172475746	1721019820	3504.4	214.5	3309.4	1	True	sat49/cert-20261001/results/h1_0564a033fb3ae09e.i-073ccf78f0db3f027.1791028772.tar.zst
h1_a7a1e4375c74349a	1	9ff64b382d3ba9341942bfbb1a8444e534803f27515e8d19df5539c9fbc90d09	CERTIFIED	i-0b27ca5b6248c0a7d	r8g.16xlarge	4000	c1e4116599eff0da7682f3de10a9dd8164596720350606b8c453366dfc4eed40	1789874557	2648.8	170.2	3300.6	1	True	sat49/cert-20261001/results/h1_a7a1e4375c74349a.i-0b27ca5b6248c0a7d.1791027824.tar.zst
h1_ba80bba39f980ae7	2	2c6e7d333734fa7752548f0314178a4771d225fae0887d331f5c53a0edd9d821	CERTIFIED	i-0cda2812da1c76d9b	r8g.16xlarge	4000	7b6895a0374dc70029223350ce972a3851b83482ef679a833771142340fec07a	1825743553	2357.9	157.2	3299.5	1	True	sat49/cert-20261001/results/h1_ba80bba39f980ae7.i-0cda2812da1c76d9b.1791027541.tar.zst
h1_df21cf066affa6f4	0	dad42fcc0a421d38b718e79a50a2363c8228d0fbe980c49b802fee9d31350034	CERTIFIED	i-0cda2812da1c76d9b	r8g.16xlarge	4000	9d37486bc4f68811f87accfd384a72308b398f52b701fcc8dfe0288a6dea0cdd	1842652794	2377.7	173.2	3293.6	1	True	sat49/cert-20261001/results/h1_df21cf066affa6f4.i-0cda2812da1c76d9b.1791027589.tar.zst
h1_aa3d5ed34629207c	1	af42309c620e8920306597e4089067ff53a443d301047a525e174d0fb7ae8ab4	CERTIFIED	i-0cda2812da1c76d9b	r8g.16xlarge	4000	45521c4a7df5590c39e5ae562314be9be6da2c2ee4901d53bb64eebabb526966	1881157756	2330.7	164.7	3287.7	1	True	sat49/cert-20261001/results/h1_aa3d5ed34629207c.i-0cda2812da1c76d9b.1791027546.tar.zst
h1_6b24f711972d299c	2	7f44dc473229cb890172d45a1e9b4d113c53ed6d9f6b14384d2c829b386a744c	CERTIFIED	i-0cda2812da1c76d9b	r8g.16xlarge	4000	bebd9c4b4471de34d84ca0b69ce88c10cfc73444a93c69724ae94ed870e74132	1730865237	2418.0	152.2	3271.5	1	True	sat49/cert-20261001/results/h1_6b24f711972d299c.i-0cda2812da1c76d9b.1791027617.tar.zst
h1_69d936b71e55f11b	1	84bc45d67e5d9bfc352441b3abc54e44341904411b823d152d0ab12269d020dd	CERTIFIED	i-0cda2812da1c76d9b	r8g.16xlarge	4000	71bd9cbcec0cbf07792775453cee66f3a37903b8409748a911c233202e5b235b	1648090132	2323.8	152.1	3269.5	1	True	sat49/cert-20261001/results/h1_69d936b71e55f11b.i-0cda2812da1c76d9b.1791027545.tar.zst
h1_608934ed09ea62a2	1	04cde8a3a24acfa2730a15b6f2f624ffb97f869e3b2ddf639bfb501f9c8a4cdc	CERTIFIED	i-0cda2812da1c76d9b	r8g.16xlarge	4000	2c3d3a1838672ed902c2f4da248454b50df2d84a82c6a89d111c9cb02af3b570	1909333627	2315.7	161.5	3240.4	1	True	sat49/cert-20261001/results/h1_608934ed09ea62a2.i-0cda2812da1c76d9b.1791027553.tar.zst
h1_16901ad8da65ec11	1	8d3a3f0d67aa3e8c5c1428927f010cecdb1a180a16f296e55a324c587d72b4a3	CERTIFIED	i-0cda2812da1c76d9b	r8g.16xlarge	4000	5c8297bf5fb7bec578a677682c609fd94080ab222e829e19ce1e0cc4f799527e	1840863244	2327.5	167.0	3235.6	1	True	sat49/cert-20261001/results/h1_16901ad8da65ec11.i-0cda2812da1c76d9b.1791027609.tar.zst
h1_d1b46a9b9f392f2f	2	82da5bad0b0c2e8408b498e361c7e375082d60c5934acb7e0a320e7b9170b2b4	CERTIFIED	i-0b27ca5b6248c0a7d	r8g.16xlarge	4000	876dde07fba727ba0d6713576d708bdadf26a21a4d38f36caad9649e5d83c744	1745634354	2567.3	160.3	3215.8	1	True	sat49/cert-20261001/results/h1_d1b46a9b9f392f2f.i-0b27ca5b6248c0a7d.1791027857.tar.zst
h1_99ea10cc8d0aea98	2	67a40064a9594ff7d96eb7c735fd04228ef95de39e23dd8b5ef4f9ee429eaa61	CERTIFIED	i-0cda2812da1c76d9b	r8g.16xlarge	4000	504948989e9b196af4178703688371477e3e3d0264a6042d57aaeab2547365b2	1649162333	2295.3	149.9	3207.1	1	True	sat49/cert-20261001/results/h1_99ea10cc8d0aea98.i-0cda2812da1c76d9b.1791027582.tar.zst
h1_baf1903cb5524900	1	c0af8bf923177bed5ba00d534fa46700170e3ea5c7530042a6db3895994cbe3b	CERTIFIED	i-0cda2812da1c76d9b	r8g.16xlarge	4000	c594041e754bf811f38dbaf1ea92b8d398a522e84752759c9c64bcec208e013d	1740693555	2280.9	151.9	3198.9	1	True	sat49/cert-20261001/results/h1_baf1903cb5524900.i-0cda2812da1c76d9b.1791027604.tar.zst
h1_f8673068545a54e2	1	35c207a0ba85d8eeac4635a60860bdd4fdd394082a9d86bc5dc2eb70bbfb32eb	CERTIFIED	i-0b27ca5b6248c0a7d	r8g.16xlarge	4000	d9dca2a317ddf5740900beb97b91e492e9bcb9f20f5b2c8345a410701415b71c	1759642174	2557.8	168.9	3188.4	1	True	sat49/cert-20261001/results/h1_f8673068545a54e2.i-0b27ca5b6248c0a7d.1791027863.tar.zst
h1_f3fceda8433b49ad	1	fe6633ae13a5e8829d15f0ab7c1126024494ea30cc60b4f796601c67bec077c9	CERTIFIED	i-0b27ca5b6248c0a7d	r8g.16xlarge	4000	5a6c014dc735a020ba3d1f6ecae5c547abbf29105928c9d0efcf9daead0904f6	1896364033	2577.4	172.7	3188.2	1	True	sat49/cert-20261001/results/h1_f3fceda8433b49ad.i-0b27ca5b6248c0a7d.1791028013.tar.zst
h1_d736ffa759220cb5	0	3a461d3c0b312df802c368e0275b9e03b110fbb273a7492a1905abe11cf23ebd	CERTIFIED	i-0cda2812da1c76d9b	r8g.16xlarge	4000	36a02efe691a642555b791708b98c28d102c1b4279a0037bd7ab54f492d397f5	1761132368	2269.1	159.0	3171.9	1	True	sat49/cert-20261001/results/h1_d736ffa759220cb5.i-0cda2812da1c76d9b.1791027795.tar.zst
h1_74b018d9bfd9e67e	1	66b8a27d2aaf061feb0d0a26fdda6d7a915d9bfd8d8a898b40f48dba5678eec0	CERTIFIED	i-0cda2812da1c76d9b	r8g.16xlarge	4000	b23a7c62517712d51e5af629e462470b3631e171d73de936071c0a8d22b2e981	1707551481	2279.0	155.2	3160.0	1	True	sat49/cert-20261001/results/h1_74b018d9bfd9e67e.i-0cda2812da1c76d9b.1791027838.tar.zst
h1_eadf3537cc6df002	0	2dae6c3da69ca8566ffa1d147986d0892d0252f1e04bf1c5ab69301587495411	CERTIFIED	i-0cda2812da1c76d9b	r8g.16xlarge	4000	2f0bf3c9918e38014a42213824a78f900b9a21e2471cbbc14a6d5b9a5aa1bb34	1696754845	2265.8	154.1	3156.2	1	True	sat49/cert-20261001/results/h1_eadf3537cc6df002.i-0cda2812da1c76d9b.1791027967.tar.zst
h1_e5ba40c7419eeccf	1	d35db8982e43c8494325a118e8e6d82040a8ac436f0c60e4f1996f870bdfeb06	CERTIFIED	i-0b27ca5b6248c0a7d	r8g.16xlarge	4000	c52a377c3e0045a62083a72309b4b21649e92dbc837d27331325d1dc6cbb63c0	1620548604	2526.3	154.4	3130.6	1	True	sat49/cert-20261001/results/h1_e5ba40c7419eeccf.i-0b27ca5b6248c0a7d.1791028245.tar.zst
h1_1ae7145dd3e8a71f	0	8b561238f7e3273b4128a389efd5675393f1557e51c9efb62b09f38dc444819f	CERTIFIED	i-0cda2812da1c76d9b	r8g.16xlarge	4000	181152c6b0dd20c3da57cc9a7491d478c400272faac0c74c13da04d3848465a3	1791617708	2169.2	153.1	3073.2	1	True	sat49/cert-20261001/results/h1_1ae7145dd3e8a71f.i-0cda2812da1c76d9b.1791027989.tar.zst
h1_0fdaffc675ff9d4d	2	54f3cd0f6f7977eb0e553923772bbe154349677e2d5788fdca6e25a0e6bc5571	CERTIFIED	i-0cda2812da1c76d9b	r8g.16xlarge	4000	bee50a30fb15dd3a6a4e0d372cc9362aab1b412960eb6ef19f4ebb4693c4796d	1756372561	2189.6	154.2	3055.6	1	True	sat49/cert-20261001/results/h1_0fdaffc675ff9d4d.i-0cda2812da1c76d9b.1791028056.tar.zst
h1_8d35c26cc42db606	1	76ebfe97a9f525272d8a22f98fff1d425ee0403cc3f84854bdbcd0e854ea3516	CERTIFIED	i-0b27ca5b6248c0a7d	r8g.16xlarge	4000	e7fa90a94ee2b1338d55dcf99b1137f16ee0d1f7638dc7cf0d17d99b1938b560	1568946761	2452.8	143.3	3044.3	1	True	sat49/cert-20261001/results/h1_8d35c26cc42db606.i-0b27ca5b6248c0a7d.1791028267.tar.zst
h1_8bb3c7856f2530d2	0	e21b268255fbe9d81c2a6b12f1bcd56abe7f893b59800ccc3b7f606bec34abb2	CERTIFIED	i-0cda2812da1c76d9b	r8g.16xlarge	4000	9d8595fa9fabfce9b1d2ea92945011633be127fb6039b30eb6950bb8be885434	1783217321	2200.3	156.2	3034.9	1	True	sat49/cert-20261001/results/h1_8bb3c7856f2530d2.i-0cda2812da1c76d9b.1791028124.tar.zst
h1_6d10c8dcdc140eb1	1	767571e39aa6a8dec63ce388141201d3d3981f7899d89452e14ae80a86c28ed4	CERTIFIED	i-0cda2812da1c76d9b	r8g.16xlarge	4000	be52583581977bb386e15faa2f1684416f24255bf60549eeba8c2b0db4ff30a3	1555723229	2120.0	138.3	3027.6	1	True	sat49/cert-20261001/results/h1_6d10c8dcdc140eb1.i-0cda2812da1c76d9b.1791028032.tar.zst
h1_b5d7eb550a995f17	0	0ac5a60f0d65ecf43e6bb6edd44311dbfef6acff3014a1547c530aec1acaf89f	CERTIFIED	i-0cda2812da1c76d9b	r8g.16xlarge	4000	bf92b151473ff4ada63add4a5fd58637410f6266d0f62e533947bf3dc895738b	1808862547	2169.2	156.7	3009.3	1	True	sat49/cert-20261001/results/h1_b5d7eb550a995f17.i-0cda2812da1c76d9b.1791028107.tar.zst
h1_d948569c480b5de9	1	354334f90637f1a5009b6ea963bbe4c60dbe4d4e0b3d4406d83ea6ab3fe9c483	CERTIFIED	i-0b27ca5b6248c0a7d	r8g.16xlarge	4000	f3d76d170b41f393bcb9c702647b0560455b667c47535b46917675e144f1f5b3	1566698393	2371.1	150.6	2981.1	1	True	sat49/cert-20261001/results/h1_d948569c480b5de9.i-0b27ca5b6248c0a7d.1791028251.tar.zst
h1_d8191d155d2cea1c	0	b89c5612c370f7814599a085378e148a05708db24ec3d4abaa5f7791bcd4d50c	CERTIFIED	i-0cda2812da1c76d9b	r8g.16xlarge	4000	684b9a719b4d4ffa931b14808711bf16b576f560f3e4980d63ac6904435fcde0	1711887095	2109.8	151.5	2959.8	1	True	sat49/cert-20261001/results/h1_d8191d155d2cea1c.i-0cda2812da1c76d9b.1791028050.tar.zst
h1_7f88a8f268c9f472	1	428372d3ed1e93cf3d975ca8b8e0299a5fc4a44384c302ed4bf1394db24c6b29	CERTIFIED	i-0b27ca5b6248c0a7d	r8g.16xlarge	4000	32fc12a960e16401d4bffe302263304c152adecf25e7f557f01cfecaec306b96	1581292811	2336.3	147.7	2954.4	1	True	sat49/cert-20261001/results/h1_7f88a8f268c9f472.i-0b27ca5b6248c0a7d.1791028311.tar.zst
h1_e798f5903542935e	1	6566dffb589c76fd3abd9e8f40eea4bebc53e8d90cafc3559143caed453627b8	CERTIFIED	i-0cda2812da1c76d9b	r8g.16xlarge	4000	8ca255b48a6e0052c6bddf6670871be62a578fb6b13676cf264edaa4a769f983	1607660639	2120.1	144.7	2949.0	1	True	sat49/cert-20261001/results/h1_e798f5903542935e.i-0cda2812da1c76d9b.1791028089.tar.zst
h1_3866fb41badf50b3	1	74900ea02db0d1ed07403e85bc9d7fb061949ef50a2e120851dcd6ed2c5c76b6	CERTIFIED	i-0cda2812da1c76d9b	r8g.16xlarge	4000	a4d534f40988e2a68a1883808b06aacc9ca98bcb1eae0075fbaa4ccb2a511e2a	1672266122	2085.2	147.3	2945.6	1	True	sat49/cert-20261001/results/h1_3866fb41badf50b3.i-0cda2812da1c76d9b.1791028085.tar.zst
h1_b81b3976d71d5a46	3	d3aecdd0566451e901a2d49f0b157eefd5f10f02eff61a02904c092882703e4d	CERTIFIED	i-0b27ca5b6248c0a7d	r8g.16xlarge	4000	9c35452b99f3e6a1b7f4d089820deb47a98ce90ccf6c6f924e7917a8fae99ebb	1626026901	2359.6	146.9	2936.7	1	True	sat49/cert-20261001/results/h1_b81b3976d71d5a46.i-0b27ca5b6248c0a7d.1791028359.tar.zst
h1_fe5334abf9f3828b	2	4d916aa37b04b13323974fb134836f07d641038740135edadf80786a66739064	CERTIFIED	i-0b27ca5b6248c0a7d	r8g.16xlarge	4000	fe9770fbf50da52f1d22a065e42d5c969a35d5eaefc66e156d13fac0effc2c08	1790157965	2360.2	153.1	2930.1	1	True	sat49/cert-20261001/results/h1_fe5334abf9f3828b.i-0b27ca5b6248c0a7d.1791028394.tar.zst
h1_0d7b6c70c4a216ee	1	28a22eb02b884ef653fde8586adb9bea1abd0b10098658ea91650c0e75c4a1ca	CERTIFIED	i-0b27ca5b6248c0a7d	r8g.16xlarge	4000	8112c091fae7db4736db4f91bff021251125061c327dbb0e3ef02de4d557aa47	1657572354	2375.7	152.4	2916.8	1	True	sat49/cert-20261001/results/h1_0d7b6c70c4a216ee.i-0b27ca5b6248c0a7d.1791028522.tar.zst
h1_29832d3c2f218a0a	2	d78375fb9bf857471b4444be3c03a784966b2f8aa19972404c66d5e58002ca48	CERTIFIED	i-0cda2812da1c76d9b	r8g.16xlarge	4000	d56f4d2a9ee49739736d217eb327ba5526738790d8af7c0cc7e5cbb2bf4e9e98	1678687847	2259.0	148.4	2902.8	1	True	sat49/cert-20261001/results/h1_29832d3c2f218a0a.i-0cda2812da1c76d9b.1791028438.tar.zst
h1_d67364cdb355af07	1	f9fd785e741933b6bd85756051859ee09f79f7a621d64307b4ddb38a798e0011	CERTIFIED	i-0cda2812da1c76d9b	r8g.16xlarge	4000	89008abf13822fb9909b92daaa6dbd8ed7579c54464387a886f6ac4751459393	1568802289	2053.3	140.9	2898.7	1	True	sat49/cert-20261001/results/h1_d67364cdb355af07.i-0cda2812da1c76d9b.1791028254.tar.zst
h1_efe95af79e42669c	0	34a3af795e184f67ddf888f86d93c44368fc05f5145df2488abebbb4c6f4cdbd	CERTIFIED	i-0b27ca5b6248c0a7d	r8g.16xlarge	4000	be2aee16a9d4c22b7374c77a55380ed6f244bd285b4cd00dd75e5fc5e2dd2dd5	1708933073	2292.8	152.1	2897.4	1	True	sat49/cert-20261001/results/h1_efe95af79e42669c.i-0b27ca5b6248c0a7d.1791028493.tar.zst
h1_918e971dd8129fdc	1	98ad6793dc00120da534ab73f7ce9937e4562c90bccbe613758e6486fbef59f8	CERTIFIED	i-07c361d997bfe3832	r7g.16xlarge	4000	c2d2a5a9708ee2bddf7b347a25238cfcad0a0d32698045500704392054db8a1e	2180909293	4263.4	275.3	2868.9	1	True	sat49/cert-20261001/results/h1_918e971dd8129fdc.i-07c361d997bfe3832.1791030628.tar.zst
h1_94917b57daebdad4	2	ac6245358978595fb936bda72ab9a7ac445d129ef6a529d6aa5a3b1d485d4163	CERTIFIED	i-0b27ca5b6248c0a7d	r8g.16xlarge	4000	f378d3680b35bcbabf996a4cc4cd824c61b5fa2ffff60d84ea14e6ccaab90228	1676976615	2264.6	142.5	2850.9	1	True	sat49/cert-20261001/results/h1_94917b57daebdad4.i-0b27ca5b6248c0a7d.1791028490.tar.zst
h1_2aeb6383e5e44bf6	1	25b789f2cd4aac8762db136433fc1c04279307f5fdfe915415474a6099dafc87	CERTIFIED	i-0b27ca5b6248c0a7d	r8g.16xlarge	4000	4d0fc3a45fad105114d9230f5695a08ef25105cdb2b01aac6bc2dccb505777b8	1573558528	2220.8	145.7	2848.8	1	True	sat49/cert-20261001/results/h1_2aeb6383e5e44bf6.i-0b27ca5b6248c0a7d.1791028485.tar.zst
h1_5707d8b303ce12f6	1	aafee0f18d66ecb0d657d7e5ee5be6dd92577c5b58bb52383bd54bc1e1fe7e68	CERTIFIED	i-0b27ca5b6248c0a7d	r8g.16xlarge	4000	819a8b562993214cdd378df6b0cca9b4572bb57984f9ad05f3ef79d7feba6f5f	1494435615	2175.3	138.1	2816.1	1	True	sat49/cert-20261001/results/h1_5707d8b303ce12f6.i-0b27ca5b6248c0a7d.1791028478.tar.zst
h1_9f7a21710a7fe510	1	1df5ad64bdd1de8909e81688faf58bb1ba12fb1babfad22cb24a956f09f0e7cd	CERTIFIED	i-07c361d997bfe3832	r7g.16xlarge	4000	70b88ff89d67c99c215b71501afdbd131bac07b2016ace81828018e79cf49a34	1413983416	3010.2	180.6	2784.4	1	True	sat49/cert-20261001/results/h1_9f7a21710a7fe510.i-07c361d997bfe3832.1791029431.tar.zst
h1_f7dfa582782d505a	1	08e670077117b49047aa88f1af81c209d159fbec506c233d79a75f867da14ef2	CERTIFIED	i-0b27ca5b6248c0a7d	r8g.16xlarge	4000	4a2a629add8d22dcee8288a252ee9597a80916f0a1e509e83528a338324dd3b8	1487729769	2195.4	136.3	2765.2	1	True	sat49/cert-20261001/results/h1_f7dfa582782d505a.i-0b27ca5b6248c0a7d.1791028572.tar.zst
h1_266f566355b65a6c	2	80437cf22209d2529b93598a8ae84e38c984f6dd24013eee3706d4b0899a9613	CERTIFIED	i-0b27ca5b6248c0a7d	r8g.16xlarge	4000	0d7a784c077cc4fff4ab8ef745f0c632883fc7a31e1680e8903b714d9463fcd7	1556571041	2155.9	134.5	2726.5	1	True	sat49/cert-20261001/results/h1_266f566355b65a6c.i-0b27ca5b6248c0a7d.1791028621.tar.zst
h1_e69f8539be6805e6	1	fdd728704a7cd7d6d92370bfd5b6af785759ecce9a1026f215d78f754c37b58f	CERTIFIED	i-0b27ca5b6248c0a7d	r8g.16xlarge	4000	3275d3f096836c4c78406648958ac9feac2e4809e7093cdbedc237c93aefb15a	1599110481	2059.6	140.6	2698.8	1	True	sat49/cert-20261001/results/h1_e69f8539be6805e6.i-0b27ca5b6248c0a7d.1791028748.tar.zst
h1_93281c230675be53	2	44c7bc1d77e7d18c807acad4434e7426a5461e39570cb6d3e8bfa7f7400d95f5	CERTIFIED	i-073ccf78f0db3f027	r7g.16xlarge	4000	f5047a71543b2e83a40ca9b253d1e5b5135e615a2cd1538f0eae85d9c59fd9f7	1490304749	2637.6	169.5	2671.7	1	True	sat49/cert-20261001/results/h1_93281c230675be53.i-073ccf78f0db3f027.1791029288.tar.zst
h1_60be8b19f9744017	1	a179b248fea50ffa4c3320e37c51be079bb1ebd18097a218baa4a93e5b9692b5	CERTIFIED	i-0cda2812da1c76d9b	r8g.16xlarge	4000	b2c3e578e0ac7abafedb808431b093dddd7cc72e7dbedc7bcb334b70ddbc6fb6	1533040781	1885.7	132.1	2671.2	1	True	sat49/cert-20261001/results/h1_60be8b19f9744017.i-0cda2812da1c76d9b.1791028517.tar.zst
h1_0d0be7ac8a4fba3c	2	0bf96771fc6db1c1a552ce2d8674a855ee86744b57ce380dd3768e9dbd2a1b6a	CERTIFIED	i-07c361d997bfe3832	r7g.16xlarge	4000	ff1a47023eb7b4883b18db5b425fdda9b4e9440c61529276f3c57ae53b255e80	1482016484	2856.6	182.3	2656.3	1	True	sat49/cert-20261001/results/h1_0d0be7ac8a4fba3c.i-07c361d997bfe3832.1791029626.tar.zst
h1_ce8db81fbdb123dc	1	4ff77c2aca8faa2cc3f6b80b3197ad659e0b8d95f06b666178be6351b7c9f3dc	CERTIFIED	i-0cda2812da1c76d9b	r8g.16xlarge	4000	fd4bbf61299a42b7950749e07d78fa495d5f71269df3ae4174dbb864f7abcb67	1574402894	1857.0	133.0	2639.6	1	True	sat49/cert-20261001/results/h1_ce8db81fbdb123dc.i-0cda2812da1c76d9b.1791028615.tar.zst
h1_f67dae924eb7d2aa	1	31eaef7e88dc813f81a05c232bd627dd11348973faf409e53efdc3a822005d94	CERTIFIED	i-0b27ca5b6248c0a7d	r8g.16xlarge	4000	c84a27ce368c2b09e8693a1acb1c701b5ae93be7c399bca0dbaa77ca81eba168	1407475555	1995.2	125.9	2624.5	1	True	sat49/cert-20261001/results/h1_f67dae924eb7d2aa.i-0b27ca5b6248c0a7d.1791028678.tar.zst
h1_11eaef932f664d73	1	8d858442d9d469ebc60eb79a53f625a0c27829bbee121fd940f29ab98617cdf2	CERTIFIED	i-0b27ca5b6248c0a7d	r8g.16xlarge	4000	bc38f1c626fa41b6623270c09f87eded7f93f4d8003d4269807d4d5ed6c7bd6e	1542298484	1980.7	133.9	2619.4	1	True	sat49/cert-20261001/results/h1_11eaef932f664d73.i-0b27ca5b6248c0a7d.1791028821.tar.zst
h1_1fd57d821a70141f	2	56212c40c7d47e805c54b565bd8b62a48a66fa0d26581397cfe7b533bd5e27e2	CERTIFIED	i-0cda2812da1c76d9b	r8g.16xlarge	4000	5f4d8b2e199bf6198a00880110d3e0de4bc3e883bed8fdaf0eb0deab6d304b3c	1514178985	1844.3	120.2	2609.5	1	True	sat49/cert-20261001/results/h1_1fd57d821a70141f.i-0cda2812da1c76d9b.1791028654.tar.zst
h1_708e1a855106351e	2	50e1309cbab755c2e23f49fcf48b7d0b9b3b0adaf9e55ed52dceae8532fcc198	CERTIFIED	i-07c361d997bfe3832	r7g.16xlarge	4000	a5d0e4561d885ea7c1bd2b6fc4b0ae0a5df71e96421bb6fb9d439675777ec607	1547873220	2787.7	175.2	2596.6	1	True	sat49/cert-20261001/results/h1_708e1a855106351e.i-07c361d997bfe3832.1791029745.tar.zst
h1_e0198e837d71da93	1	c9745f3bf3d6ae7bcf16626187e5b57fa367385e055c51425c41e4c24948c956	CERTIFIED	i-0b27ca5b6248c0a7d	r8g.16xlarge	4000	60ffefac6e16359160e6eee5319a90129610b00ba633dea06d7765374e4135d3	1623139860	1977.2	143.0	2583.8	1	True	sat49/cert-20261001/results/h1_e0198e837d71da93.i-0b27ca5b6248c0a7d.1791028828.tar.zst
h1_5a173ed5eeaf7c05	1	8756608ef21b27b36812d11c63838b042de04b96cfadc109f3bab922e7da444f	CERTIFIED	i-0b27ca5b6248c0a7d	r8g.16xlarge	4000	c34423a096bc9847b88a4167b829b4cb88867f5636761d7511d11317d3a9e12f	1432850589	1692.0	115.2	2579.0	1	True	sat49/cert-20261001/results/h1_5a173ed5eeaf7c05.i-0b27ca5b6248c0a7d.1791029589.tar.zst
h1_c1d72e6b8a923df2	3	95bf96dad2dce054a343b5c97d1a4e7029f7cc7a61875cac628e47a4ab685d1f	CERTIFIED	i-07c361d997bfe3832	r7g.16xlarge	4000	c10bbf451b9019dfb3bf9d1d3579a238b6d56fd82a5210bd05abe1644d12a72a	1531749581	2806.8	174.9	2553.7	1	True	sat49/cert-20261001/results/h1_c1d72e6b8a923df2.i-07c361d997bfe3832.1791029851.tar.zst
h1_7326a069c6fc20d9	4	2ef5beb73964cb13188b9c9c104fb8b45a59484d04b247a5980e973a1c193827	CERTIFIED	i-07c361d997bfe3832	r7g.16xlarge	4000	479d35ad25807a72241139abf77a2e9be5cb93e0d2d5bba0f4d0585d2bd311ba	5233976350	8201.9	572.7	2549.2	1	True	sat49/cert-20261001/results/h1_7326a069c6fc20d9.i-07c361d997bfe3832.1791035320.tar.zst
h1_f1f5302c9416584d	0	55b7424a7ea8b669d7c4e8e1e6d84a2429325ae819bbd4327e00f054ac334489	CERTIFIED	i-07c361d997bfe3832	r7g.16xlarge	4000	8629d5061f4382ed8aa3f104d7229dc7aaaa1e54462b5742800b23f8398c2fbf	1358233827	2706.9	168.2	2527.1	1	True	sat49/cert-20261001/results/h1_f1f5302c9416584d.i-07c361d997bfe3832.1791029759.tar.zst
h1_995fea23d545fc1a	2	e4fc6602127b9600ead252c1a4c7402be4a45aa5bc2797c18321130ee9534938	CERTIFIED	i-0cda2812da1c76d9b	r8g.16xlarge	4000	bd2422503bd3504b3a6ffe9cc68e9c6dcc2bdcdaae7a93c1a03d269bea7af090	1463463995	1764.7	127.0	2521.7	1	True	sat49/cert-20261001/results/h1_995fea23d545fc1a.i-0cda2812da1c76d9b.1791028786.tar.zst
h1_8ba65d6b4e908ca8	0	9524dd1ab4e5e3eb81baa4b62619cc6d540ac396e4b502af3c7df509844da952	CERTIFIED	i-07c361d997bfe3832	r7g.16xlarge	4000	0c893fda6f541619b8bb2490a03ca73e469ac351373142964efd025d510a585e	1467017114	2686.2	178.3	2520.2	1	True	sat49/cert-20261001/results/h1_8ba65d6b4e908ca8.i-07c361d997bfe3832.1791029773.tar.zst
h1_a6279949e86d287e	1	6b4d57a6f214f0f13a925f17e56a2f1ebff01460752bd791037e27513884f2d4	CERTIFIED	i-0cda2812da1c76d9b	r8g.16xlarge	4000	3ca2ca36790628316d84b625786310500ebca16b268173841b4b0a0ba3979e35	1286777185	1756.4	116.0	2487.2	1	True	sat49/cert-20261001/results/h1_a6279949e86d287e.i-0cda2812da1c76d9b.1791028775.tar.zst
h1_ada1f87833f7baff	1	620c3a00bb68cecc4cf4d8192fa3d0d9074a2a8f4b7bc47196f6538fb5f6f8c9	CERTIFIED	i-07c361d997bfe3832	r7g.16xlarge	4000	a12e5b8052a129db0442987092675f38ffa654b314d7d9e23ed79663586e2ff6	1398661634	2663.7	169.2	2480.3	1	True	sat49/cert-20261001/results/h1_ada1f87833f7baff.i-07c361d997bfe3832.1791029758.tar.zst
h1_d3213761b508bce2	1	3865290aff5e8f1045e2cc586d77144e0ffe1d462b54c75038aec4708e763e4f	CERTIFIED	i-07c361d997bfe3832	r7g.16xlarge	4000	910bd804c0f4c4b02fef1b1d03fb5b6825b1f9f7505b99be2e83c3e5c0fe0e37	1491796072	2630.5	181.7	2474.5	1	True	sat49/cert-20261001/results/h1_d3213761b508bce2.i-07c361d997bfe3832.1791029753.tar.zst
h1_f8312621f8f4b27e	3	aa3f5e425b80feaf4f8d1072f06bc1b6cd41374dc149f21078cafe67668ead29	CERTIFIED	i-07c361d997bfe3832	r7g.16xlarge	4000	fbfbeaf1f303d93cf458ea72ef59cbfdd8d38804199309b442e97f3ad349d819	1497829560	2633.6	162.5	2435.5	1	True	sat49/cert-20261001/results/h1_f8312621f8f4b27e.i-07c361d997bfe3832.1791029757.tar.zst
h1_1cb37f6aa31e254e	1	f27a8019e0b070b6b259020077348482cac36f4f14400d4256bece0b971d7337	CERTIFIED	i-07c361d997bfe3832	r7g.16xlarge	4000	35e89f70fab7c99e644a2e6b570509bfb7bb79bbd1a850aeae50d53d28bebac4	1399408621	2569.1	168.9	2404.6	1	True	sat49/cert-20261001/results/h1_1cb37f6aa31e254e.i-07c361d997bfe3832.1791029721.tar.zst
h1_a6d104e874a543e7	1	fc309748c6a18a4f4aec0f1b0f999f2a8f947783f5abe658b2fe17b5832ddfe9	CERTIFIED	i-07c361d997bfe3832	r7g.16xlarge	4000	9cc71fb3e012895e29137dba4c9f009e3b8631f262164326e009379d0ee45a55	1358282239	2539.7	165.4	2404.1	1	True	sat49/cert-20261001/results/h1_a6d104e874a543e7.i-07c361d997bfe3832.1791029724.tar.zst
h1_1c94d915113952f8	2	06a74062afacafc049015192eb4e8084c82ce995df28f221c8cd271d66cfc7d2	CERTIFIED	i-073ccf78f0db3f027	r7g.16xlarge	4000	9f99339db0e8d17d5db14a430163160ef1cf470f6597dbb310458f8bcda03076	1299876987	2234.7	138.2	2361.3	1	True	sat49/cert-20261001/results/h1_1c94d915113952f8.i-073ccf78f0db3f027.1791029388.tar.zst
h1_7cde2e46a36ce922	2	b1f0ff284fc7ad21439090e54a7c0396699963e25dd2e8a2e5d98abbe537f6c4	CERTIFIED	i-0cda2812da1c76d9b	r8g.16xlarge	4000	e79634536be7effc7c3422b23f34ce7b60ccc21481753f02a0510e12a8398ce0	1347542577	1643.2	115.3	2348.5	1	True	sat49/cert-20261001/results/h1_7cde2e46a36ce922.i-0cda2812da1c76d9b.1791028783.tar.zst
h1_06e404ac65ff079b	2	e2f9cb3aca6e017e3db7aa0d2ff3ba9f82cad7180b4d01ec18e2181a11c2a19f	CERTIFIED	i-07c361d997bfe3832	r7g.16xlarge	4000	3b6ecb8e6e4a2391fccf3a599aab83922a68ba97012a65568d323c86b3a45d52	1487416952	2519.7	171.8	2329.9	1	True	sat49/cert-20261001/results/h1_06e404ac65ff079b.i-07c361d997bfe3832.1791029743.tar.zst
h1_98b623cb3f284e79	2	0e9e1c41f07e85c13f3efc86db88689ab4dc982edf8072851cf6a581372c3735	CERTIFIED	i-07c361d997bfe3832	r7g.16xlarge	4000	5a845cafc76091c41a611ef8e61f17b7ff33150333a2b2e2701ed5532c7ddbe9	1363239381	2466.8	157.6	2307.4	1	True	sat49/cert-20261001/results/h1_98b623cb3f284e79.i-07c361d997bfe3832.1791029687.tar.zst
h1_528457773b2abef3	1	b10dc027fce20d95788bd07ac13952d4413c5d3cb8167d084cb19632378643b9	CERTIFIED	i-0cda2812da1c76d9b	r8g.16xlarge	4000	a879c1bd50f2b72f895773980a1b49009b9c41a1bfdfbcdc8a1368086a6eea0c	1372499215	1702.7	112.3	2301.7	1	True	sat49/cert-20261001/results/h1_528457773b2abef3.i-0cda2812da1c76d9b.1791028848.tar.zst
h1_4fb7232f07aa714c	2	f2b5c2050019617980c955ab570d703212740d715de20fcba7d220c55ac84694	CERTIFIED	i-0cda2812da1c76d9b	r8g.16xlarge	4000	23ba6a946c311abdf5b126e9aa79bb2c1240e66aad3c794bcad925062a05e340	5797267795	6250.5	478.5	2299.7	1	True	sat49/cert-20261001/results/h1_4fb7232f07aa714c.i-0cda2812da1c76d9b.1791033489.tar.zst
h1_bf3a7d463b1196b2	1	e336cf7c734ad0dc36e19532974b374e07a4e644eb65285a84e916caac70fc3c	CERTIFIED	i-07c361d997bfe3832	r7g.16xlarge	4000	591a448ab0d27063aaddc5942fde1fe9db4356f2a1f38824c19340e81bc7c203	1795553802	3111.1	218.5	2292.8	1	True	sat49/cert-20261001/results/h1_bf3a7d463b1196b2.i-07c361d997bfe3832.1791030373.tar.zst
h1_65333c6a6cfbe17c	2	d96bbb84b850f495499831e132d27d8e294f5c9153dd718e74e8bc97475cf50b	CERTIFIED	i-07c361d997bfe3832	r7g.16xlarge	4000	c3f8f01c9c5c394ff7815d4d661dbf43c5bc157a8d0ecb0500da718e1c3dd327	1307154008	2477.5	153.9	2274.5	1	True	sat49/cert-20261001/results/h1_65333c6a6cfbe17c.i-07c361d997bfe3832.1791029712.tar.zst
h1_42cac94abf93303d	1	5df6bb772455ddeda3fe83fb83aa7e812aa1f5bb955a9c0df054b8ed90e3b716	CERTIFIED	i-07c361d997bfe3832	r7g.16xlarge	4000	4b7295d9e19bab21ab13c255ca7c6f82564e05723f5fbfa10645c2b20c33c8eb	1347849809	2485.4	157.6	2264.5	1	True	sat49/cert-20261001/results/h1_42cac94abf93303d.i-07c361d997bfe3832.1791029771.tar.zst
h1_73be8bbc4140184b	2	bcbdb91b789cbb84c09d14cd90e3ecb206c518aa0d6755591e06e14793d14d4f	CERTIFIED	i-0cda2812da1c76d9b	r8g.16xlarge	4000	2364acfa0a24c01700c187af6790d3072af2d80e27ae94f284d15b6c3a378f67	1276701364	1610.0	103.8	2245.6	1	True	sat49/cert-20261001/results/h1_73be8bbc4140184b.i-0cda2812da1c76d9b.1791028923.tar.zst
h1_07d932d6cf4ecf58	0	a91d54882662b0e52402ba7a1492e860a53982b00ce45a70c073f5b828133182	CERTIFIED	i-07c361d997bfe3832	r7g.16xlarge	4000	0493cbb12b527a33c107d7b6d950ba1f2a46e50aacfd740f61753acf9390e39b	1401879679	2317.3	158.0	2191.3	1	True	sat49/cert-20261001/results/h1_07d932d6cf4ecf58.i-07c361d997bfe3832.1791029754.tar.zst
h1_2fb01233a0d6d670	0	de9bdc721fbe9c803274f7f095f725b3bb95bfe093c2ece199292f1b079890f1	CERTIFIED	i-07c361d997bfe3832	r7g.16xlarge	4000	68c720372f074771e294292bdfc1bcbd5ebae481ad7866e742c1ae52f59a5e73	1160354727	2279.3	143.7	2131.0	1	True	sat49/cert-20261001/results/h1_2fb01233a0d6d670.i-07c361d997bfe3832.1791029749.tar.zst
h1_3449f8d4aaafbdbd	1	54ac3789b6fd2d588417cd9509f854b1c7c8bd7298d2ef97457a1bf6fb6527ff	CERTIFIED	i-07c361d997bfe3832	r7g.16xlarge	4000	fccc9bd8672eef4edfd823eb09c4505aee12b1d5d6baf67d7f443fd62e4289fa	1212822328	2287.0	151.3	2123.8	1	True	sat49/cert-20261001/results/h1_3449f8d4aaafbdbd.i-07c361d997bfe3832.1791029778.tar.zst
h1_40889de2c33b85f2	1	f0b21af3df05dea05b7aee570f1457421a961e5c982a47467226cf6076e6ead2	CERTIFIED	i-073ccf78f0db3f027	r7g.16xlarge	4000	256f85798a53d48a715015db106dfc4f5875c8305203afbb19488de9c739adff	1265963613	1934.8	131.2	2101.2	1	True	sat49/cert-20261001/results/h1_40889de2c33b85f2.i-073ccf78f0db3f027.1791029426.tar.zst
h1_a778b8a8b7fc308c	1	2a530ed1081b3e55f8bce0c0bc2ed9662f786313230d368126712dcd4c88985f	CERTIFIED	i-07c361d997bfe3832	r7g.16xlarge	4000	9683408f377ef2915796fd17ab959f47235fae8efba18ba419c32e640ed04ab8	1230160815	2225.1	148.5	2091.2	1	True	sat49/cert-20261001/results/h1_a778b8a8b7fc308c.i-07c361d997bfe3832.1791029743.tar.zst
h1_f6bf9e168f583f3a	0	cf4820246a357a43bf02685fbe5dfa0bf2648526ad5b8030cfbad9158cf4389e	CERTIFIED	i-0cda2812da1c76d9b	r8g.16xlarge	4000	61c3edbd46b4654fec5a9fb257972d63634a926949444a406e0ed53b76a23375	1333781735	1478.8	105.4	2082.7	1	True	sat49/cert-20261001/results/h1_f6bf9e168f583f3a.i-0cda2812da1c76d9b.1791028941.tar.zst
h1_e1f9a9bbd9092638	1	ba10d0133b6c308b0b091ea5a7d5f1ef81ff2a793faa42ab2fcfabbeabd2133e	CERTIFIED	i-07c361d997bfe3832	r7g.16xlarge	4000	ea45d4642d40b8071234a37299a49745cf2bc740e2a85ee1ca71eed1072ff100	1140202506	2188.3	137.7	2079.9	1	True	sat49/cert-20261001/results/h1_e1f9a9bbd9092638.i-07c361d997bfe3832.1791029741.tar.zst
h1_3f0b053035e117b4	2	c1e21872ab6d00857d00de91cdba1ff041c188f159749d912367d828e4794ebb	CERTIFIED	i-07c361d997bfe3832	r7g.16xlarge	4000	f967f9c93103056bb90f5b037679c37e7dfdfe7c8736caaa4bfb4fce52fa3322	1196883277	2259.7	142.9	2071.7	1	True	sat49/cert-20261001/results/h1_3f0b053035e117b4.i-07c361d997bfe3832.1791029821.tar.zst
h1_15cbb8087a6bed04	4	626e9d441f9644b4234713d54a5f1ebca4e2215bc5d93fa236a9af568fe9f7bf	CERTIFIED	i-07c361d997bfe3832	r7g.16xlarge	4000	ed54208fd1f0262bb363e638ebf64a3f5628d105e2baca50697cfb454cdb10cd	1267697712	2170.3	139.5	2054.9	1	True	sat49/cert-20261001/results/h1_15cbb8087a6bed04.i-07c361d997bfe3832.1791029839.tar.zst
h1_c987ba0ceaee0c5f	1	311f4b9839af0612d80e08afe278783693dcb4b1a5e5e036b7f8693502e5643c	CERTIFIED	i-07c361d997bfe3832	r7g.16xlarge	4000	42c86442d09ed931c65bed18005655d01ffec913ea8c1a14420d57110015c111	1116366553	2169.7	133.3	2050.5	1	True	sat49/cert-20261001/results/h1_c987ba0ceaee0c5f.i-07c361d997bfe3832.1791029842.tar.zst
h1_af6cc842b77c7e54	1	dbebccc9f2d528dc35b62869902b5fbcc8a290cea77ae56be0216fd75d3ff979	CERTIFIED	i-0cda2812da1c76d9b	r8g.16xlarge	4000	bd69037ca2e5adca26917c5ba6ea1248f8c666cb608aa945f8753aa2c303a797	1181771493	1390.9	100.1	2030.3	1	True	sat49/cert-20261001/results/h1_af6cc842b77c7e54.i-0cda2812da1c76d9b.1791029041.tar.zst
h1_a13c7282e4fbd79f	1	1a546dba946337b346e4a3275b54a66fc35b1f3e5621b084515d631e480e8e3f	CERTIFIED	i-0cda2812da1c76d9b	r8g.16xlarge	4000	a9d98ef6b1d9a0f688a5b13639e8b290ec5a577edd1fb80cdbd18fcafe53c1f9	1314977796	1410.4	105.4	2018.5	1	True	sat49/cert-20261001/results/h1_a13c7282e4fbd79f.i-0cda2812da1c76d9b.1791029072.tar.zst
h1_98bc0e3adf791e28	1	7196fa14b2dfef68acf533d4b6deeacbc25a7763acf8b392dcbabef2e33f5e03	CERTIFIED	i-0cda2812da1c76d9b	r8g.16xlarge	4000	ee65c15ec561c9f131699b4ebda436fa4fcc6cae6eff58360fc8edcf1b4196d0	1284722076	1375.3	101.9	2016.7	1	True	sat49/cert-20261001/results/h1_98bc0e3adf791e28.i-0cda2812da1c76d9b.1791029033.tar.zst
h1_b68f096823bec91a	1	2e1bab91712a6321e2673308315e7d8839b179ab197c82eea1f7a46d970250f7	CERTIFIED	i-0cda2812da1c76d9b	r8g.16xlarge	4000	5902abf26f50f92261bae7ee7b9e5632148f929c2e37235d87f55dc205f16636	4311440596	5023.5	344.9	2012.2	1	True	sat49/cert-20261001/results/h1_b68f096823bec91a.i-0cda2812da1c76d9b.1791032721.tar.zst
h1_eef860f24fecbde2	3	ff0c2245e2637372f6cabfcc9d8ef74281efd42b2cf1aa910d66561628361757	CERTIFIED	i-0cda2812da1c76d9b	r8g.16xlarge	4000	e9d89da69f9e1ce2ef3957c1a675d05245153752055333a248d1f8f4936f26af	4925217546	6048.1	394.3	1989.1	1	True	sat49/cert-20261001/results/h1_eef860f24fecbde2.i-0cda2812da1c76d9b.1791033756.tar.zst
h1_e44ab5ed592ffc19	1	e45bb8622556ed6fc4ffc0169cbe064b80420390cdf3aa672f0cb86810499c82	CERTIFIED	i-0cda2812da1c76d9b	r8g.16xlarge	4000	f03b85453bc4d1a9740ff27fa0e64c5a8b8805074cf9a517148a0fa368d99d58	3915542402	4311.1	311.2	1933.7	1	True	sat49/cert-20261001/results/h1_e44ab5ed592ffc19.i-0cda2812da1c76d9b.1791032031.tar.zst
h1_fc3c22663451b3e5	1	f52b93223af3b93c5ae23c7d6de3864f32fa7ed2d0f813e369ae27a5e9bc35bc	CERTIFIED	i-0cda2812da1c76d9b	r8g.16xlarge	4000	9102fb53ee7fe2c107237011119f72a0f2d0b3ecb0642e9ee21d47dc18908287	1219009067	1373.9	100.2	1924.1	1	True	sat49/cert-20261001/results/h1_fc3c22663451b3e5.i-0cda2812da1c76d9b.1791029050.tar.zst
h1_876c9a2ab8062cd5	2	b38bae6fbe84db489eb1f4beede3e6ec31b51951cfb9ceb3bf713e262b4e1243	CERTIFIED	i-0cda2812da1c76d9b	r8g.16xlarge	4000	df0c062e879cb87a71d562f33bfb9191cef78921816685b3dc080eaa5152454c	3464901975	4160.8	274.9	1904.2	1	True	sat49/cert-20261001/results/h1_876c9a2ab8062cd5.i-0cda2812da1c76d9b.1791031859.tar.zst
h1_22f9776affb51089	1	d750c3d65b38fd886ddafe671782979ac8d1d98762127a944a95d1872dc8ddb9	CERTIFIED	i-0cda2812da1c76d9b	r8g.16xlarge	4000	8f30a229a299ecca3d2f024cf0219f9d94f136ce1785006915e5364e68d0b955	1054658975	1262.3	87.1	1831.5	1	True	sat49/cert-20261001/results/h1_22f9776affb51089.i-0cda2812da1c76d9b.1791028945.tar.zst
h1_c411aaa072b51add	0	ce0346a8e7e7803c5ae14b4696873212dad73f5d45da2c6a25cfc5a057d3be61	CERTIFIED	i-0cda2812da1c76d9b	r8g.16xlarge	4000	cfb869a8b7592eb100a839d86597937305e42decf45890bfdcf34a81620e327e	1114987206	1239.7	92.5	1829.4	1	True	sat49/cert-20261001/results/h1_c411aaa072b51add.i-0cda2812da1c76d9b.1791028930.tar.zst
h1_2db01eb0f876e3bb	1	15438e4631b5be7afd7f190e893c7ea84b3ca8e51f949f02d80deca0048c0b48	CERTIFIED	i-0cda2812da1c76d9b	r8g.16xlarge	4000	040626e7778f934eddf1cdb58f82e85bac3db13623a07745ae12ad43d893e0e1	939607567	1262.1	81.3	1817.1	1	True	sat49/cert-20261001/results/h1_2db01eb0f876e3bb.i-0cda2812da1c76d9b.1791028937.tar.zst
h1_32c2979d8a07e334	1	d8e27d761a03fb3c07a40ad02acda4677071761d68af226c7a8c1080b4661e4a	CERTIFIED	i-0cda2812da1c76d9b	r8g.16xlarge	4000	e2576d34b3542d0b7ac684a26a3e9f238991a1d050f95a8ca2e89a184e989895	1108341669	1281.4	90.3	1800.0	1	True	sat49/cert-20261001/results/h1_32c2979d8a07e334.i-0cda2812da1c76d9b.1791028968.tar.zst
h1_60aab9e5fe9c608d	1	23f5f962d68894f24075e98b95251fc5e7a79a383cd0f20b240895f5b6f35b11	CERTIFIED	i-0cda2812da1c76d9b	r8g.16xlarge	4000	9d6d8bcd04e0c521cfdf79b10a3ccf3ae466bd3a5868ed3c3348a7245c3d54e9	1092619325	1243.7	88.7	1789.7	1	True	sat49/cert-20261001/results/h1_60aab9e5fe9c608d.i-0cda2812da1c76d9b.1791028933.tar.zst
h1_44902e5b2fbee3d6	0	919a0cdd358c8899532eec471d91745a276a7fcd71b1238ffce6aaeaf00a2ba8	CERTIFIED	i-0cda2812da1c76d9b	r8g.16xlarge	4000	08cc8cc4c1d8e6e1b0a7865cd47b079dd08dbb8c20516086803a82c1a22fbd42	3441077524	3720.5	269.0	1726.1	1	True	sat49/cert-20261001/results/h1_44902e5b2fbee3d6.i-0cda2812da1c76d9b.1791031454.tar.zst
h1_18b282125bf248f0	1	a9f9afefa751b8cefe2eb6f575df8ac4c94782c149b933d9b6e8022287416bb7	CERTIFIED	i-0cda2812da1c76d9b	r8g.16xlarge	4000	8ea5fae8c3976401825807d02d214ff95dcf7dba6f09088ea4a2e0f3276c23a6	3792720780	4262.0	300.6	1691.0	1	True	sat49/cert-20261001/results/h1_18b282125bf248f0.i-0cda2812da1c76d9b.1791031998.tar.zst
h1_12614d4d4b5c4228	4	4211d6fd3cbaed625121c9f77e15085cb01553a18db0700d42266df19be838ed	CERTIFIED	i-0cda2812da1c76d9b	r8g.16xlarge	4000	2c92234003894e05ac51fc418be194a1d3e4545a05e359ebe47ebd7b4be27117	3745262285	4313.7	291.0	1678.5	1	True	sat49/cert-20261001/results/h1_12614d4d4b5c4228.i-0cda2812da1c76d9b.1791032043.tar.zst
h1_f01f18530ff59302	1	8bb12d81ac4adbf7a8095050fa915885969c5fe8d3886b976c1557ce1e30418f	CERTIFIED	i-0cda2812da1c76d9b	r8g.16xlarge	4000	163c9794db61b19a4784a4ab824e6b4fc9c0de2fa09991c0e6cfda7e11b4bc84	1013552122	1196.6	82.7	1676.2	1	True	sat49/cert-20261001/results/h1_f01f18530ff59302.i-0cda2812da1c76d9b.1791028902.tar.zst
h1_051e2195907600c6	2	f2b1df24b580a14d8e76de3dc239e2070f85769443dd0d1b2bed2d8a34d36e19	CERTIFIED	i-0cda2812da1c76d9b	r8g.16xlarge	4000	778a07eb316292347977654b24ab6f10e4be5c7d8126351b17f63286656b5e45	988357139	1163.4	77.7	1674.9	1	True	sat49/cert-20261001/results/h1_051e2195907600c6.i-0cda2812da1c76d9b.1791028868.tar.zst
h1_19b83b6dd588506c	2	5e22a5071de7232870ba3284e7f929d3fe45acbf5cd2afecc4f2e3e84cbafc2d	CERTIFIED	i-0cda2812da1c76d9b	r8g.16xlarge	4000	04d7f0a5dea17c8f751814e680ca4e7fe6d3295b80dad265a36dfcdd15b95e34	962040883	1143.8	76.4	1635.9	1	True	sat49/cert-20261001/results/h1_19b83b6dd588506c.i-0cda2812da1c76d9b.1791028852.tar.zst
h1_33a1e538a4ccb993	0	a13270a498502cb5a1d386dc7bd898022d90aa8e2000f5e7e72ac35727f94031	CERTIFIED	i-0cda2812da1c76d9b	r8g.16xlarge	4000	7c3c45c956c7729d9a768d9b38f5d0de0d0d42c1f6a81835fbb384152be22751	949662124	1130.5	79.7	1632.1	1	True	sat49/cert-20261001/results/h1_33a1e538a4ccb993.i-0cda2812da1c76d9b.1791028841.tar.zst
h1_a9de763059d15374	2	5ff627d457393d7b99029bc44cb5aacfa5b6eb2d8b7d3d3069d79a9f4faea1c0	CERTIFIED	i-07c361d997bfe3832	r7g.16xlarge	4000	b0a2b7d1228a55592cbc71c4c70cd59f046b645598d08ec8d2cc1c44afdddba5	3796305826	5333.7	393.4	1619.6	1	True	sat49/cert-20261001/results/h1_a9de763059d15374.i-07c361d997bfe3832.1791033187.tar.zst
h1_c59055eb2859903f	0	cc2245931b0d2563204b5e40c83cb5bee306a49ba8195c364b0726ebccceaea0	CERTIFIED	i-0cda2812da1c76d9b	r8g.16xlarge	4000	b606e26c7078c5949dd51c044a5d906a78a0234c6ec6b790ec3da981c7543de0	975339713	1103.1	81.0	1578.3	1	True	sat49/cert-20261001/results/h1_c59055eb2859903f.i-0cda2812da1c76d9b.1791028817.tar.zst
h1_1e1729454da91cdd	3	e2d73dc7bbee12d424652efd61909cb55edf9a3f61419bc70266251b36847829	CERTIFIED	i-0cda2812da1c76d9b	r8g.16xlarge	4000	f77a06f32efb8cb9e2f9dcce00e26770ced1f23d81d112b35d826993283bfa4a	3644085211	3812.1	275.7	1565.6	1	True	sat49/cert-20261001/results/h1_1e1729454da91cdd.i-0cda2812da1c76d9b.1791031582.tar.zst
h1_48c0eb0b06efec19	1	ff27a0d80fdcf0294fc8d2dff1385b729687c71bbb8cd27a6f30148c6dbe4303	CERTIFIED	i-0cda2812da1c76d9b	r8g.16xlarge	4000	060ade791a6933d3c7a57796cf4d85955dc203fa776915ba1cd9837be7c7cc7f	938694951	1095.9	77.6	1558.5	1	True	sat49/cert-20261001/results/h1_48c0eb0b06efec19.i-0cda2812da1c76d9b.1791028840.tar.zst
h1_38948a3d665b5896	0	6c25475bf0c6784c5b74f004cea62c331bce670b60a0b1c171601d00999d41c0	CERTIFIED	i-0cda2812da1c76d9b	r8g.16xlarge	4000	e191339ecb73e1c1d7cdabd321eb557f45590138aaebc11bb734933cb777ff4f	953019295	1078.5	76.7	1555.1	1	True	sat49/cert-20261001/results/h1_38948a3d665b5896.i-0cda2812da1c76d9b.1791028825.tar.zst
h1_ecaa9df8dfc94e10	1	d7eb78800004bb24f81a91e735c6965593c9869383513bc6f78d711708085049	CERTIFIED	i-0cda2812da1c76d9b	r8g.16xlarge	4000	b89df16767ff842a45db37db19cfe23808f098710d81010c69813921fe45444a	1022910709	1071.0	80.0	1554.7	1	True	sat49/cert-20261001/results/h1_ecaa9df8dfc94e10.i-0cda2812da1c76d9b.1791028851.tar.zst
h1_66715cf9469e0f25	0	bf58094470e13775aa8da91337e9ebd1dd011e6709531cf62d365088419864e3	CERTIFIED	i-07c361d997bfe3832	r7g.16xlarge	4000	24177991e1931dfa2fcf29dfaa5b1a642fe098d7091229effe05881fa7372784	946358159	1606.6	112.0	1501.7	1	True	sat49/cert-20261001/results/h1_66715cf9469e0f25.i-07c361d997bfe3832.1791029467.tar.zst
h1_ca6e908f23bda9b2	2	23012df86a11a33ebcba451ad3088cceddeff0539cabf6600ff4c0ed8739c040	CERTIFIED	i-0cda2812da1c76d9b	r8g.16xlarge	4000	afb37d0e2a1d882f78b6680bc96504c6cd493bf6909782b69a6343dbd3354c7d	901975924	1042.3	75.7	1461.9	1	True	sat49/cert-20261001/results/h1_ca6e908f23bda9b2.i-0cda2812da1c76d9b.1791028921.tar.zst
h1_8eac74bdd9478234	1	e5b0b244f35ff4bae5ad36ea97124a1ffbbdcad072aaabe5c32281fd37bc2ca3	CERTIFIED	i-07c361d997bfe3832	r7g.16xlarge	4000	20670a3a5c12c8d24be4d4758c1d72a3813bca0efe564921d5be0ca17c5fe7a9	829153104	1541.1	96.3	1441.9	1	True	sat49/cert-20261001/results/h1_8eac74bdd9478234.i-07c361d997bfe3832.1791029395.tar.zst
h1_e83ec6cd0b457efc	2	b1707cce274edfbe2bbf34ab78f0ee0704387100839accff53c08932cee4ca23	CERTIFIED	i-0cda2812da1c76d9b	r8g.16xlarge	4000	d3b235ff2e8c1293dd628a814aae770f97e405e71e1d1b57425f333e84b14951	3479625359	3537.2	272.7	1436.1	1	True	sat49/cert-20261001/results/h1_e83ec6cd0b457efc.i-0cda2812da1c76d9b.1791031497.tar.zst
h1_5712f4e045728212	1	a6b1fd81e16849675b5458d8f72fc6b1dc0733d1e22aca143ecf1e8f4ed4462b	CERTIFIED	i-073ccf78f0db3f027	r7g.16xlarge	4000	3f323793d6733b9698dc3f0e0c4268004997eb0f831a995267f91940a5fb2167	919153233	1305.7	97.4	1413.4	1	True	sat49/cert-20261001/results/h1_5712f4e045728212.i-073ccf78f0db3f027.1791029252.tar.zst
h1_17c6df499c086b61	2	94b48f60e1fba3a4b618da38644d88da2d316b6dfaa5d490179c9949e51286e2	CERTIFIED	i-07c361d997bfe3832	r7g.16xlarge	4000	ca9d1caadcffce093ea8b45dc1311995902bccc2ae7d3c908e1791430af61949	826258066	1517.5	100.0	1412.6	1	True	sat49/cert-20261001/results/h1_17c6df499c086b61.i-07c361d997bfe3832.1791029482.tar.zst
h1_f04fd8e14a7d9e62	0	2dff3770f0a489f1d95897676e73257e703e654bdef8f5fb1422d08fe577775e	CERTIFIED	i-0b27ca5b6248c0a7d	r8g.16xlarge	4000	c3f19245d5023d2d01530fb7fe0d7607ce006ec821a2ed7dada53188c24d06b1	871182112	961.0	69.1	1385.6	1	True	sat49/cert-20261001/results/h1_f04fd8e14a7d9e62.i-0b27ca5b6248c0a7d.1791028888.tar.zst
h1_15ed144312925e2f	2	0743442d36be0f079477c61f0def4957e90da7bb44a5f716262f93667e61c97a	CERTIFIED	i-073ccf78f0db3f027	r7g.16xlarge	4000	682f0d6b3cbf7d4ad0e743d7d67b0cbeb1683d4d7f040e7b1e481b66e3717c13	2949634715	3635.8	259.9	1373.0	1	True	sat49/cert-20261001/results/h1_15ed144312925e2f.i-073ccf78f0db3f027.1791031615.tar.zst
h1_33373fb957e9fd5c	0	d03e78d9ccff78943b285f05d2d4a6671147e7ddfec0663d841a6727256ce820	CERTIFIED	i-0cda2812da1c76d9b	r8g.16xlarge	4000	646a7552e4c34dde62966452cef006888ecb1a336ced8b068300779c7b46ea2d	862455494	918.1	68.3	1325.1	1	True	sat49/cert-20261001/results/h1_33373fb957e9fd5c.i-0cda2812da1c76d9b.1791028845.tar.zst
h1_f7df5246bbd8ab3c	0	89d0b15969a3dea468ea9a6fd4378c34afab7b5d85c6b039ea292aa0139913f8	CERTIFIED	i-073ccf78f0db3f027	r7g.16xlarge	4000	b4be6023874b4a2059ff587308b260ec14f8a8e95da6f8b13a774e2b4c04fcff	802799449	1276.5	87.6	1285.9	1	True	sat49/cert-20261001/results/h1_f7df5246bbd8ab3c.i-073ccf78f0db3f027.1791029243.tar.zst
h1_657fb9a4289a9a7b	1	72053b5e217c0bea1da16564a615ae7066885f419f8789a31c6eb2a7ec4b044b	CERTIFIED	i-0cda2812da1c76d9b	r8g.16xlarge	4000	7d51d6e7d5f76a161240fee04e901d4bf0570ab6ba9e44dd0132b5ec1f4909fc	753877317	864.8	61.2	1261.4	1	True	sat49/cert-20261001/results/h1_657fb9a4289a9a7b.i-0cda2812da1c76d9b.1791028900.tar.zst
h1_59a11223b6094343	1	089a4f30d2e4a97d5e768bb357da8f59d2d5ec1b8de86dcca3336e543ea3b02e	CERTIFIED	i-073ccf78f0db3f027	r7g.16xlarge	4000	8faf9fee6dbcaffb626e7964bc3143da8c350b9b0ee85eadd491a701934d5a16	2607074530	2988.2	225.0	1261.0	1	True	sat49/cert-20261001/results/h1_59a11223b6094343.i-073ccf78f0db3f027.1791031005.tar.zst
h1_f0755282799b5ef3	3	0a0b48d5bf0522684563cc7f792268f2b2e964906c058f293bcefd8a4da4a558	CERTIFIED	i-0b27ca5b6248c0a7d	r8g.16xlarge	4000	afd360492987a62620af9f36702da29238f12df355999c24da9ebe2ade1c1d34	780158825	891.6	61.3	1258.8	1	True	sat49/cert-20261001/results/h1_f0755282799b5ef3.i-0b27ca5b6248c0a7d.1791028818.tar.zst
h1_39ed2e347369ca7d	1	a32aa7d7ef5d89d1c586b8106600f269b3862430800715382636937792ae2a46	CERTIFIED	i-0b27ca5b6248c0a7d	r8g.16xlarge	4000	f79bd3a98d6e17687ebc53dcc19125861ba53e3d1ef1d5b820821b769080471f	795300386	869.6	62.0	1240.0	1	True	sat49/cert-20261001/results/h1_39ed2e347369ca7d.i-0b27ca5b6248c0a7d.1791028946.tar.zst
h1_2377d592dee0e405	2	4d242abb60802c051528a16766c768f72a4cfa0f696eb578411bd27b85f40cb8	CERTIFIED	i-073ccf78f0db3f027	r7g.16xlarge	4000	c012cde47f9dfac5e0138592ee482e3ee4de3841c2cceb8bdc34fa0a8b421352	801142504	1214.9	80.4	1202.2	1	True	sat49/cert-20261001/results/h1_2377d592dee0e405.i-073ccf78f0db3f027.1791029214.tar.zst
h1_1a38399376e7447f	0	126591876658a7c470620bc71de587b3e1fe1538330691abed95291431c4b4cd	CERTIFIED	i-073ccf78f0db3f027	r7g.16xlarge	4000	d5980e956729580eaf3f9e9c2158ed565cee28e5d50879b7c2d3ba543743082a	765349901	1169.6	79.5	1201.5	1	True	sat49/cert-20261001/results/h1_1a38399376e7447f.i-073ccf78f0db3f027.1791029165.tar.zst
h1_8bda2faa93a7a455	0	a732cfafe972b6f6ebf7a18ba586c4a3320e2ac37a5e8bd3c735f7e2ef5d6628	CERTIFIED	i-073ccf78f0db3f027	r7g.16xlarge	4000	7156cad6c9572872b276a5f9c9466804b71804a1e9dbeacafda98942c092670d	785122817	1194.8	82.2	1178.1	1	True	sat49/cert-20261001/results/h1_8bda2faa93a7a455.i-073ccf78f0db3f027.1791029197.tar.zst
h1_727796104f975d45	0	497d13f82f69e18e26642e679db3f92b4188993e76e4571182097171cabf1f8d	CERTIFIED	i-073ccf78f0db3f027	r7g.16xlarge	4000	e1f40bd882f29f02fef19aeadb7a93dc1d6b94667a5a054573b64056d0a172fb	770522220	1182.9	83.0	1171.0	1	True	sat49/cert-20261001/results/h1_727796104f975d45.i-073ccf78f0db3f027.1791029206.tar.zst
h1_65308a9bb3be8fcd	0	ddb65a7c6d4704f4123d33cc5bd941b62ec137dfa89545e80a94a05aa7250d39	CERTIFIED	i-073ccf78f0db3f027	r7g.16xlarge	4000	e981a9a6cc1096ff5af8944038f809c4ece0782d15f0b4401440ab66cd7e9959	752813518	1162.6	80.1	1150.7	1	True	sat49/cert-20261001/results/h1_65308a9bb3be8fcd.i-073ccf78f0db3f027.1791029186.tar.zst
h1_fe1b5c8c1a502158	0	78fc85e595c0117d74af746489e78ee3b224d2c16445b17e9a040b5aada21fa0	CERTIFIED	i-073ccf78f0db3f027	r7g.16xlarge	4000	21fe76ca8a556aedc049ef83cc4240f03325eac7b82d3efdd1e618cc4e87ee71	761339968	1137.6	78.8	1098.3	1	True	sat49/cert-20261001/results/h1_fe1b5c8c1a502158.i-073ccf78f0db3f027.1791029164.tar.zst
h1_eb4b0f334d1663be	0	7cb28d03f0f563a019cd2a6ccbfa96975448d8546264e2aabc80e104b9c24c70	CERTIFIED	i-073ccf78f0db3f027	r7g.16xlarge	4000	99fb0676206afc18139fab54cfbeda9e29172967ae3470c2982f95e233b33c32	775313661	1120.4	79.5	1098.1	1	True	sat49/cert-20261001/results/h1_eb4b0f334d1663be.i-073ccf78f0db3f027.1791029162.tar.zst
h1_3b51c7b785dbd246	2	cc862f8a607132e317a134b5ed0936bf5b266322fe255fba2196386eb069cd28	CERTIFIED	i-073ccf78f0db3f027	r7g.16xlarge	4000	218ca05f49b410c7df76b8107c448152250b0d872d1aa7017f56fa79c9e784c6	747294914	1104.0	76.6	1082.4	1	True	sat49/cert-20261001/results/h1_3b51c7b785dbd246.i-073ccf78f0db3f027.1791029148.tar.zst
h1_2050932681822300	2	17e2f03fe5b9ef900c2360183de6ed4822310c389d001560485f9d73a751a9aa	CERTIFIED	i-073ccf78f0db3f027	r7g.16xlarge	4000	40df3832e0da4e1f0adedd044dda07f6bda006206f1aa622b80d46d0f963cb00	740396403	1073.3	75.7	1068.4	1	True	sat49/cert-20261001/results/h1_2050932681822300.i-073ccf78f0db3f027.1791029133.tar.zst
h1_360cd80d2b896cc6	0	47dc4625e1afe3892f35bafae07e8bbe179187db9b004a39c30829e24ff0e8f0	CERTIFIED	i-07c361d997bfe3832	r7g.16xlarge	4000	5cc11cd0b66407c8a3fb5021ca9cc17b7225d890ef0b53e83eb7cd82a62bb1a3	649182039	1129.9	77.5	999.5	1	True	sat49/cert-20261001/results/h1_360cd80d2b896cc6.i-07c361d997bfe3832.1791029215.tar.zst
h1_e4af8e1abed2a70e	0	33d0745cd8f8876fe569e19149b623affe7ccbde099aaac7371b5581183c0825	CERTIFIED	i-0cda2812da1c76d9b	r8g.16xlarge	4000	23cf650fe6f07dadb58670ac95126d2c1a04ba8537cd9f50911dfd658c6b9c77	626004091	693.9	50.0	987.0	1	True	sat49/cert-20261001/results/h1_e4af8e1abed2a70e.i-0cda2812da1c76d9b.1791028749.tar.zst
h1_0c41c2608e5664ae	0	445e2ddd8ac1b8d7913766644c9db59c005f494635dd261ae8a090a42a4311d2	CERTIFIED	i-0cda2812da1c76d9b	r8g.16xlarge	4000	8ff873c144accd8179f8c44cdefae9e4498c5cdfd71de4b13d2525634b08437f	633876846	691.0	51.1	985.0	1	True	sat49/cert-20261001/results/h1_0c41c2608e5664ae.i-0cda2812da1c76d9b.1791028753.tar.zst
h1_8f74f91d406534d3	1	3a86ac7296dfabb707060c73c2c46696736d427f9fec7d2d81ac3e7b14f46a49	CERTIFIED	i-073ccf78f0db3f027	r7g.16xlarge	4000	fadd41818a29ada50a8e1cd469ddd625c069f30a168a1bc2c626fce9838824d9	672381496	1004.3	71.4	960.2	1	True	sat49/cert-20261001/results/h1_8f74f91d406534d3.i-073ccf78f0db3f027.1791029124.tar.zst
h1_9e22cd71a27e49a6	0	d25cc874e755ebf6d8f006b43127fad3c51abf6657fbe06d0b0ae1f11aaccaee	CERTIFIED	i-073ccf78f0db3f027	r7g.16xlarge	4000	035e6f6acfbd7cf8df369ecf5482aa3a6058af0d6d35398cb8dfbfc9c7f32718	641442560	994.2	68.1	949.0	1	True	sat49/cert-20261001/results/h1_9e22cd71a27e49a6.i-073ccf78f0db3f027.1791029112.tar.zst
h1_577608005e126186	1	cb0668285bcae276416d171770b7cc9805acbd84deb72bf85b70144f0cf65ca3	CERTIFIED	i-07c361d997bfe3832	r7g.16xlarge	4000	b2051ccffde7bd1b21f994afd434f3beeb92b8c25e5ca4e53bdf2b5f9f36ab47	662310099	1072.5	71.5	933.5	1	True	sat49/cert-20261001/results/h1_577608005e126186.i-07c361d997bfe3832.1791029222.tar.zst
h1_0594b02299a8c029	1	f32ba15ed9de99dd321225645a987d53a21d96864950e7c308b9ba3ccc6b62fa	CERTIFIED	i-0b27ca5b6248c0a7d	r8g.16xlarge	4000	6c6cb6bef31fb43a82c7131a516120fb8ac5eacab90cb92c95524d3dffa6bb82	524289747	630.1	43.2	903.3	1	True	sat49/cert-20261001/results/h1_0594b02299a8c029.i-0b27ca5b6248c0a7d.1791028711.tar.zst
h1_d528845afc930325	0	22e1a8c56e6ce70853741b65acdc4484f0b3ac4551318798e98c32f183dec87b	CERTIFIED	i-073ccf78f0db3f027	r7g.16xlarge	4000	9e3894b14ecbddc1e8752d1f2f87afdfac8505f860c55d51ae29721a44d0e805	583337256	888.1	63.5	875.9	1	True	sat49/cert-20261001/results/h1_d528845afc930325.i-073ccf78f0db3f027.1791029031.tar.zst
h1_e44bc8dafa62b6a2	0	74f7f5161003a1906046829de7ed1e7632f0faee50218970212045e9ed890fcd	CERTIFIED	i-073ccf78f0db3f027	r7g.16xlarge	4000	44b22b42e08c1ed9f3d6f1665293e1a22ce06c64789ce90714320eece2c863ba	566122682	883.1	61.3	875.0	1	True	sat49/cert-20261001/results/h1_e44bc8dafa62b6a2.i-073ccf78f0db3f027.1791029025.tar.zst
h1_71d2dd21c89263f2	0	0294aad101b3eabb928a83b7bdd6703689726e842a62d64299c385676e18d599	CERTIFIED	i-0cda2812da1c76d9b	r8g.16xlarge	4000	0cb66f6765d84298b2f79af76f02486495a75c194b346f7c44bd0069df8c3a85	538284078	606.5	44.2	864.9	1	True	sat49/cert-20261001/results/h1_71d2dd21c89263f2.i-0cda2812da1c76d9b.1791028726.tar.zst
h1_07e064c7982e270f	0	7ee83e0cb56c266317cac957fd9568f443c630de1d43f6479eaf668b29593007	CERTIFIED	i-0b27ca5b6248c0a7d	r8g.16xlarge	4000	0303bb9bb908dbf224d14da0e9d069690bf35a605e893be9eeeb124a02ed46c8	576176148	628.6	47.1	864.5	1	True	sat49/cert-20261001/results/h1_07e064c7982e270f.i-0b27ca5b6248c0a7d.1791028732.tar.zst
h1_96f37d829ea092f4	0	9537a38301d804b8993b5604e9fb3ca421a13968e0fdfe5b6dc62511161f3b8c	CERTIFIED	i-073ccf78f0db3f027	r7g.16xlarge	4000	5583a92dc2291fbc8498be198fc028e7f5f20dc9281d7f439895de01123265a2	556079502	906.2	58.8	860.1	1	True	sat49/cert-20261001/results/h1_96f37d829ea092f4.i-073ccf78f0db3f027.1791029057.tar.zst
h1_147eb2ec284e907c	0	284fcb897c095df45e8d4353f572c1c0d85307bc64b55dd307d953a9127d8e36	CERTIFIED	i-073ccf78f0db3f027	r7g.16xlarge	4000	218265186cc92467087fa7ca42992056d781a5449880c13ee5b7225c01431ae1	512719624	867.7	57.9	853.7	1	True	sat49/cert-20261001/results/h1_147eb2ec284e907c.i-073ccf78f0db3f027.1791029025.tar.zst
h1_9232eb68cf21dd28	2	76cc22f180de7df7314dc164db3eb688277c6493bfdb35377f31980e0b6fca52	CERTIFIED	i-07c361d997bfe3832	r7g.16xlarge	4000	c88d2dd64234fdba13808576c10555d74ef007fdbb62967dde30a468dbef3aa4	526465228	908.9	60.0	847.7	1	True	sat49/cert-20261001/results/h1_9232eb68cf21dd28.i-07c361d997bfe3832.1791029092.tar.zst
h1_0aea569cb4772b51	0	d1c09870a9e0eb11e31b1f92863cd2235ddfd26601c8cb4acda105396bce277d	CERTIFIED	i-0cda2812da1c76d9b	r8g.16xlarge	4000	adc6ae03de2e0e35c5fafb6b3587b8c43396a9ffab4ea2047fb3d0aff801cd2b	546125571	577.5	43.1	832.7	1	True	sat49/cert-20261001/results/h1_0aea569cb4772b51.i-0cda2812da1c76d9b.1791028705.tar.zst
h1_2e3de27d93a8a51e	2	469cd1bc33116c5154f98557d15fc97bff69ae2112e710244634af038840fcf5	CERTIFIED	i-0cda2812da1c76d9b	r8g.16xlarge	4000	1c2f4b6fbc242ea801453f038c21bb938d98d249a48b30395740247a0c4b062e	556898685	591.2	43.2	820.2	1	True	sat49/cert-20261001/results/h1_2e3de27d93a8a51e.i-0cda2812da1c76d9b.1791028742.tar.zst
h1_e6a7e3834a6654ac	4	3920651794f6140981328d6fb4ff665eff7a5c4f9f6a179b3e0455087648b65b	CERTIFIED	i-0950d49981c5aba10	r7g.16xlarge	4000	aa562d4cf77d5ba5510e45960eba7003b1b9959ba876444a45080718bdd8465b	1964105614	1668.9	133.6	811.3	1	True	sat49/cert-20261001/results/h1_e6a7e3834a6654ac.i-0950d49981c5aba10.1790911206.tar.zst
h1_a34e8c74aa4490f6	0	6a99afa7ccdb748dfc15cf3e8638fbbc7a202fe19b30aab1815fc99b4131b949	CERTIFIED	i-073ccf78f0db3f027	r7g.16xlarge	4000	9774a5562d3d6c1bcbb45fe67f3055cda4377b7399cbc34e1b5214c1e02f4503	561881163	861.7	59.2	806.6	1	True	sat49/cert-20261001/results/h1_a34e8c74aa4490f6.i-073ccf78f0db3f027.1791029035.tar.zst
h1_83bbdf03b3097e85	0	e0e06ec74dcf2a2e7513207c2f40ecb58c6e1c5983d7fea0a5d6269526a28b31	CERTIFIED	i-0cda2812da1c76d9b	r8g.16xlarge	4000	83364b785a891c7f499190fd9a08f4d71fa3e0048ac441f4f0b56f56d1ac93c6	466095848	550.8	38.2	798.5	1	True	sat49/cert-20261001/results/h1_83bbdf03b3097e85.i-0cda2812da1c76d9b.1791028703.tar.zst
h1_9c89c4718e463e27	0	bab5ece6d0cd7bbaf66d46a07aeca6ec3a661eff24f9201281182d3aa64946a1	CERTIFIED	i-073ccf78f0db3f027	r7g.16xlarge	4000	30c0a7cd7924666508d2e50707c20f770e46734f6d902c7562f7aa0e697fd6a9	460732996	825.4	52.4	796.9	1	True	sat49/cert-20261001/results/h1_9c89c4718e463e27.i-073ccf78f0db3f027.1791029021.tar.zst
h1_61cfc22964303b04	0	78c4d11a551d31475bdc2b98f72446dfe82a6d0c755efaf6cfa596c02a20f26d	CERTIFIED	i-0cda2812da1c76d9b	r8g.16xlarge	4000	20c38484e88c47a3a64f3db1a1418384afb040a14bd0b02b43bad0f9ff279660	474848344	533.6	39.0	792.9	1	True	sat49/cert-20261001/results/h1_61cfc22964303b04.i-0cda2812da1c76d9b.1791028704.tar.zst
h1_116d6bd9349d7c77	1	8faa98b47fdc0991c5eafd147d70f6dd0cd98b13fd7dfddadad1438f54f671d1	CERTIFIED	i-073ccf78f0db3f027	r7g.16xlarge	4000	243a54e52ef6deb08349bffc0d27b2b5fdaaeaa96cfc6f67533f75cbfdec7359	498457538	811.6	52.3	779.1	1	True	sat49/cert-20261001/results/h1_116d6bd9349d7c77.i-073ccf78f0db3f027.1791029014.tar.zst
h1_0e6f8e3938fa2c20	0	8dfe2f9fd57c7f55d72f7dbb9a98a9674c902f185eda80fadc8713b947ddf77d	CERTIFIED	i-073ccf78f0db3f027	r7g.16xlarge	4000	b4cc9454b084cdacaf188dbe8b2e0096dd5f726fcde957d7c02610761b70ff78	468631100	769.4	51.9	748.5	1	True	sat49/cert-20261001/results/h1_0e6f8e3938fa2c20.i-073ccf78f0db3f027.1791028978.tar.zst
h1_c865a0d1c69ee2ea	0	b1e15947a115b8f9559efd34382edb3007f0170797247d33d629477701da678a	CERTIFIED	i-073ccf78f0db3f027	r7g.16xlarge	4000	c8932b891d0da09fa670d65fb0addbfe9920e64056603899f213fbb5c2964c9c	477882292	775.5	51.9	743.2	1	True	sat49/cert-20261001/results/h1_c865a0d1c69ee2ea.i-073ccf78f0db3f027.1791028982.tar.zst
h1_80681b85009b8613	0	9e1a89392981adc4c477a19bbdafcff5ae4c2a62eae85cce9b9aa78983358a66	CERTIFIED	i-073ccf78f0db3f027	r7g.16xlarge	4000	a0d3fe692ae0fe9d3f94cc217f98b6d1b251202392cfc6e7054a3261b65ffb9d	452193230	780.9	50.9	717.8	1	True	sat49/cert-20261001/results/h1_80681b85009b8613.i-073ccf78f0db3f027.1791028993.tar.zst
h1_c60116d55d32f668	0	fdf7fee3627974f9045d4a2bd08368afed65cb5048b5fe11373a6a31722c250f	CERTIFIED	i-0cda2812da1c76d9b	r8g.16xlarge	4000	80913e059c72595d395707d5f6b8a2fc57a69b6ef1034b568aace6e592a4c2f4	431488058	474.8	34.6	685.2	1	True	sat49/cert-20261001/results/h1_c60116d55d32f668.i-0cda2812da1c76d9b.1791028661.tar.zst
h1_2edc09646511c56b	0	537da22e5cc8fae2bf1e34ce7a83c1860508db5b64c8bc32cd6c37b8f528d9a4	CERTIFIED	i-073ccf78f0db3f027	r7g.16xlarge	4000	e0797fe234262602a72510cbce048ce9548332849d8873932b230fde6372faae	413839364	696.1	46.4	673.3	1	True	sat49/cert-20261001/results/h1_2edc09646511c56b.i-073ccf78f0db3f027.1791028915.tar.zst
h1_8cfaf3d2f53dc2f4	1	6f60b16034d60b941ed17a255eb5d6a6fc22c07184bcfb88f93b55ce0744b264	CERTIFIED	i-0cda2812da1c76d9b	r8g.16xlarge	4000	87d8491baad6881946f87752f87b07e845a10bd807b50a63aad9841dbc1896fc	1499935907	1576.2	111.4	665.5	1	True	sat49/cert-20261001/results/h1_8cfaf3d2f53dc2f4.i-0cda2812da1c76d9b.1791029826.tar.zst
h1_38f05c3705e73b87	0	17aed2fc0db2e2898865edc47ad8a49d2fcec4d5bc339d261d008e8c62a6e7ef	CERTIFIED	i-073ccf78f0db3f027	r7g.16xlarge	4000	b5d0deb69e6ec2b7e102cf4e7f3d19416708a0e4616d6ea7a20f576ef79377b3	437015832	701.2	48.7	664.8	1	True	sat49/cert-20261001/results/h1_38f05c3705e73b87.i-073ccf78f0db3f027.1791028944.tar.zst
h1_62f05b12cac57fa8	0	dec653cc103c65995130e904f86a85693fe58bf6af9aa9aea806eb90ba9fc627	CERTIFIED	i-073ccf78f0db3f027	r7g.16xlarge	4000	411a298cf8dae5eb973269e592a47b0bdfb3bd90dc2f0c63fc18e621fbf4d2dc	426419342	708.6	47.3	645.0	1	True	sat49/cert-20261001/results/h1_62f05b12cac57fa8.i-073ccf78f0db3f027.1791028948.tar.zst
h1_5814c24509cdc160	0	4d9db991e9e79392605c7f4fd69cc7aeb6b0e7b0ee68566b90dff238af804a45	CERTIFIED	i-073ccf78f0db3f027	r7g.16xlarge	4000	f4503a89cc268c47fc4e6739304b9577c949184d6ae3c9297eeae85fb336208c	401124510	644.3	42.8	614.4	1	True	sat49/cert-20261001/results/h1_5814c24509cdc160.i-073ccf78f0db3f027.1791028930.tar.zst
h1_b6eaecad0234c0d3	1	0b515e8d06b866f492c1a68b41511a3a088229d1cc383c2d9e77395032d96c03	CERTIFIED	i-073ccf78f0db3f027	r7g.16xlarge	4000	37cc57f99e7e02b969081420a4591a952b4ff678022d344045220556fa12fffa	428657603	661.7	45.6	612.1	1	True	sat49/cert-20261001/results/h1_b6eaecad0234c0d3.i-073ccf78f0db3f027.1791028957.tar.zst
h1_1d573a89e87f42e3	0	31a36cbc1baa36c4912d67fe2ad0fa52a9634d48db56e09ea4869922de36cc60	CERTIFIED	i-073ccf78f0db3f027	r7g.16xlarge	4000	a7d3b0b5727c1453322260e1bfb61e14420293cacf0e15cc096214f28cceeb20	422777933	669.6	46.1	611.6	1	True	sat49/cert-20261001/results/h1_1d573a89e87f42e3.i-073ccf78f0db3f027.1791028976.tar.zst
h1_9bdfb597b3af4b30	0	eb970fe00f8333f25dc8ff1eb3ecf0fe642c570d33ad8183b452a827756d008f	CERTIFIED	i-073ccf78f0db3f027	r7g.16xlarge	4000	b36b3668b80edc35d174cd417c565a3769df48700a651d064e1afcdee40cdc91	403823418	638.9	42.5	607.8	1	True	sat49/cert-20261001/results/h1_9bdfb597b3af4b30.i-073ccf78f0db3f027.1791028942.tar.zst
h1_f3175e183b36012f	4	9493ee00c18a62c4945dbdee9fdc25682d717faa897c945ef9d0278f794065e2	CERTIFIED	i-073ccf78f0db3f027	r7g.16xlarge	4000	698a94a38765d0e2bccead3c4dadd9a77d9ec03fe37798a24463dd99de22a511	384988871	636.5	39.5	602.4	1	True	sat49/cert-20261001/results/h1_f3175e183b36012f.i-073ccf78f0db3f027.1791028936.tar.zst
h1_cd925ae858f2a5b4	1	b07e388db68c6fcf2285b4605492e1716ce6266d8c8830d54daa5164e3fd4061	CERTIFIED	i-073ccf78f0db3f027	r7g.16xlarge	4000	f7d7007b18d074e76e5b68e9a6e47175bc2658174a928326243360675ca3004b	415763588	655.6	43.2	600.2	1	True	sat49/cert-20261001/results/h1_cd925ae858f2a5b4.i-073ccf78f0db3f027.1791028966.tar.zst
h1_2c22b4969bc68443	0	b6d0d1a3f46cca7a67d7daaadf49f0641a1b50650228b07537d21371c307bf7d	CERTIFIED	i-07c361d997bfe3832	r7g.16xlarge	4000	543713a54bff37051e91ca2b3f3e1184820ff707b72386f32b4a9780823ba8b7	372373093	647.2	43.6	582.3	1	True	sat49/cert-20261001/results/h1_2c22b4969bc68443.i-07c361d997bfe3832.1791028980.tar.zst
h1_201b4ef0e4005164	2	0c9a67e785dc039a0c6ce23975f58c105e07aa14a65581907309ba9b748b73d4	CERTIFIED	i-073ccf78f0db3f027	r7g.16xlarge	4000	2578dddd166cb2b6dfda10cb4573802e9adeb1a40ae1627e6cad762116f40232	391002450	605.1	39.3	566.8	1	True	sat49/cert-20261001/results/h1_201b4ef0e4005164.i-073ccf78f0db3f027.1791028917.tar.zst
h1_319f0e376d24bdf7	0	863dd0dfe5eee7620be3c34195c3ee10761e561087b77a9e42f4221f7c3651e8	CERTIFIED	i-073ccf78f0db3f027	r7g.16xlarge	4000	5f6f118b6435bc766fa8867f18b7bd2d920f1910a284902f4c4d14b25bfef9f6	364854193	598.1	39.2	564.0	1	True	sat49/cert-20261001/results/h1_319f0e376d24bdf7.i-073ccf78f0db3f027.1791028912.tar.zst
h1_a78d2764b4914a80	0	e4c1bc718607f15ac7796f89dd43a0ebd66804340684386dbbb95a2e2788d84a	CERTIFIED	i-073ccf78f0db3f027	r7g.16xlarge	4000	a7ea114510abeed7bbf5e15c3a5de7e213959fed5ea49d3e1b9fdb540c08159f	333338178	553.6	36.6	512.4	1	True	sat49/cert-20261001/results/h1_a78d2764b4914a80.i-073ccf78f0db3f027.1791028870.tar.zst
h1_bc39b3190c67a00f	0	d3f298a2e8fc8b72d5a50bd8e94ef860e845f24bb0954f24899554287f1207a6	CERTIFIED	i-073ccf78f0db3f027	r7g.16xlarge	4000	75d09014a5b7bd46ee48e5416b582584af332307e2c4229ebeeb66e360af0f8e	329247583	534.5	37.5	496.6	1	True	sat49/cert-20261001/results/h1_bc39b3190c67a00f.i-073ccf78f0db3f027.1791028854.tar.zst
h1_87af0129009837dd	3	896e23f35382474cb7e54a2dcf0d4a0fb1044f90d34ce2bb3c8811b669724292	CERTIFIED	i-073ccf78f0db3f027	r7g.16xlarge	4000	a1258d5963870bcf95fb6a3eb23e1af2fa26a12aa5c3a46cd218d6803f9ea874	349778609	549.0	36.2	492.1	1	True	sat49/cert-20261001/results/h1_87af0129009837dd.i-073ccf78f0db3f027.1791028870.tar.zst
h1_4a1bba8e58268637	3	b647d84bc7bc638a4bb9254646ac5122a608b14e0c011027c4c142b2aebeaa2e	CERTIFIED	i-073ccf78f0db3f027	r7g.16xlarge	4000	97036a8e8137211400a110fafa80572630b215c832d43ceaaa2b11834150ec56	368436192	519.1	38.6	471.2	1	True	sat49/cert-20261001/results/h1_4a1bba8e58268637.i-073ccf78f0db3f027.1791028837.tar.zst
h1_875b5bd0db56eb5b	0	e633ba3ef4f92af9023e7d572862dc3369fe69f42fdaf02aaca4b36b8c1abad1	CERTIFIED	i-073ccf78f0db3f027	r7g.16xlarge	4000	51021467443b857aaba520925a71fbc6cc875678ccd31d516380aac7c3e0d417	1117612424	1354.3	100.6	447.7	1	True	sat49/cert-20261001/results/h1_875b5bd0db56eb5b.i-073ccf78f0db3f027.1791029687.tar.zst
h1_bb482825333e6bb2	3	b9d25f9efb508adefdc32111ff9790bd45592cd168073d23ee51afea7255a009	CERTIFIED	i-073ccf78f0db3f027	r7g.16xlarge	4000	f91f8205bab06cf13d10732e96a9dbdd991aa58ce8cf67119e7635e6c4fd0c44	1067937678	1334.6	97.3	416.3	1	True	sat49/cert-20261001/results/h1_bb482825333e6bb2.i-073ccf78f0db3f027.1791029667.tar.zst
h1_3151303b651a1de5	0	97b80a7af0276e087c4705151ce1009952e7fbdb2162e9ba809d6c9d3a4c4a90	CERTIFIED	i-073ccf78f0db3f027	r7g.16xlarge	4000	3389a3991e901ba6e19ec7d3eff2cfb05b2a0006d923626d959fcd32d1e6a24a	302245925	461.6	33.1	403.3	1	True	sat49/cert-20261001/results/h1_3151303b651a1de5.i-073ccf78f0db3f027.1791028788.tar.zst
h1_8f9f610ef09e770c	0	73443f14e4b827cae71437242271b6a443c33e0a8ecdac758960d2e9c11b5247	CERTIFIED	i-073ccf78f0db3f027	r7g.16xlarge	4000	74ecb426fb25788c274fa53db6579e2b02acb3deb3b7b07285319196b0e68f65	244496402	432.7	27.7	382.7	1	True	sat49/cert-20261001/results/h1_8f9f610ef09e770c.i-073ccf78f0db3f027.1791028756.tar.zst
h1_f17ab4278b1bcd97	0	9370225e60c3304857683f3bda82950b2eb3bc7ca60c04f35ee274e78f949138	CERTIFIED	i-073ccf78f0db3f027	r7g.16xlarge	4000	3d9f4c9677d057c71470a133c853c0ee718d04741d0f36cebb7624049b5991d4	231245753	388.3	26.0	343.6	1	True	sat49/cert-20261001/results/h1_f17ab4278b1bcd97.i-073ccf78f0db3f027.1791028716.tar.zst
h1_aaac77a7abdec4da	0	e5529db78487fc872fd7010a223425f73b3a25e0c40716a9e2e44d71508c4280	CERTIFIED	i-073ccf78f0db3f027	r7g.16xlarge	4000	7ee361a8f287866e9e9165da0c64614372f039c79f82015ad81ca39e9f884314	244581301	393.3	26.0	338.7	1	True	sat49/cert-20261001/results/h1_aaac77a7abdec4da.i-073ccf78f0db3f027.1791028732.tar.zst
h1_ef439c3f2a11ee9e	0	fbde648a163020dfd85164b2cd3fcb8019d8913794cb0850ed3b4fbd3d7f3223	CERTIFIED	i-0b27ca5b6248c0a7d	r8g.16xlarge	4000	991860d8ff82d1e868fe166dd818cabf5bd5e576da05c666647e2a70e82aabf3	231476376	234.3	18.5	324.5	1	True	sat49/cert-20261001/results/h1_ef439c3f2a11ee9e.i-0b27ca5b6248c0a7d.1791028520.tar.zst
h1_7c653627c5a260a7	0	ebbe7592f8cad43304709c6d9f26d845e6a02059061bfedd34d1558c6e89021f	CERTIFIED	i-073ccf78f0db3f027	r7g.16xlarge	4000	648cee8b14fe62495a67467321d8df8216e336597a1d207bf93d8f5399cb4be1	195004699	333.3	21.9	303.8	1	True	sat49/cert-20261001/results/h1_7c653627c5a260a7.i-073ccf78f0db3f027.1791028675.tar.zst
h1_f5605945d424eed7	3	6550089cc63cb50356f8a1c552c1a9a6d304700d797b3882c2073025f6bd93be	CERTIFIED	i-073ccf78f0db3f027	r7g.16xlarge	4000	e79f32c4f52930c40772d752c1f48113795744d2977441dc21a83004cc87aa3d	238690509	324.5	23.3	301.5	1	True	sat49/cert-20261001/results/h1_f5605945d424eed7.i-073ccf78f0db3f027.1791028664.tar.zst
h1_b2f3ff70211abe58	0	12cbe09dcb901969f896603f292bde645567f1898b1a1cb7a4855a2a3121e43f	CERTIFIED	i-0b27ca5b6248c0a7d	r8g.16xlarge	4000	f2d370b86caea9728c460623a8e9522a6959db6acde000f09a1622d972c3c6f7	187206874	194.6	15.0	290.4	1	True	sat49/cert-20261001/results/h1_b2f3ff70211abe58.i-0b27ca5b6248c0a7d.1791028483.tar.zst
h1_fa91192a322d685f	1	d917cb561bcd53c2f0c0d1ce6351d57dc82bbcd0fa38129af9bccb2108fcbeb9	CERTIFIED	i-0cda2812da1c76d9b	r8g.16xlarge	4000	951b93f2ecedb79bb8c1fcb5ecc70dd0d36d3162120cd0f1cd7f8ec64e87a89d	232054469	187.2	17.2	271.9	1	True	sat49/cert-20261001/results/h1_fa91192a322d685f.i-0cda2812da1c76d9b.1791028493.tar.zst
h1_ee2db4a49e0892b3	0	973a8f4b7af57cc5c6b6488aabbd2f9a4bd634038ab07a8fb218a54dbf30375f	CERTIFIED	i-073ccf78f0db3f027	r7g.16xlarge	4000	02a69a208f724f8856ad59a3f9df6118586a910748d05b55d80ea910920db29b	640680363	915.7	64.4	258.5	1	True	sat49/cert-20261001/results/h1_ee2db4a49e0892b3.i-073ccf78f0db3f027.1791029284.tar.zst
h1_1183454452377291	2	87127bdba890663803fbb08e3dfe9319907086a67f3838c20633dcbbdb397ab9	CERTIFIED	i-073ccf78f0db3f027	r7g.16xlarge	4000	8f6591b2d89ee483cd31f20c6b986d00a570633915b890714511f1e997712941	205991858	271.2	21.7	247.1	1	True	sat49/cert-20261001/results/h1_1183454452377291.i-073ccf78f0db3f027.1791028638.tar.zst
h1_d1526dbc33714c33	4	1bae31b466f3332771ecbed67eb55cf4d3ca71174bcbd8a20e88f5c020f321dd	CERTIFIED	i-07c361d997bfe3832	r7g.16xlarge	4000	0a773c6486df6f3029dd37c21d9caa87bedd9e8d11971ef064a05adad5e51ea7	175127400	245.2	19.2	219.6	1	True	sat49/cert-20261001/results/h1_d1526dbc33714c33.i-07c361d997bfe3832.1791028613.tar.zst
h1_4182045ae8701eba	0	5f164d3dd6865361daafc2dec216cb05be83e6348963e05944b946e822df4561	CERTIFIED	i-0b27ca5b6248c0a7d	r8g.16xlarge	4000	7972318ea8dca47b881860ad1437e46800b9f0e206f5d61b88f1665a59881b1d	134667678	120.2	10.5	175.5	1	True	sat49/cert-20261001/results/h1_4182045ae8701eba.i-0b27ca5b6248c0a7d.1791028422.tar.zst
h1_c231d433d9d538d7	0	1833b386e24c544630e246c58976f2c43813d95d60482ec6c937aab7d8bbb293	CERTIFIED	i-0950d49981c5aba10	r7g.16xlarge	4000	c0fc0afa42c74671f0c9744b794ff112a4e58282cfe3bce49d7bf1f86de001a7	135454058	98.7	10.1	47.1	1	True	sat49/cert-20261001/results/h1_c231d433d9d538d7.i-0950d49981c5aba10.1790909608.tar.zst
