[e85] job 20261008T052852-erdos85__h7-lrat-adapter-20261008-224002  ref=erdos85/h7-lrat-adapter-20261008  worktree=/opt/e85/wt/erdos85__h7-lrat-adapter-20261008  started 2026-10-08T05:28:52Z
[e85] commit ef132f31619a8d3a8fd2c088fb137e3399887c7c (Connect H7 hsb evidence to the existing Lean LRAT checker)
=== Docker Lean Build ===
Memory limit: 16384MB (hard enforced via cgroups)
Timeout: 10m
CPU limit: 16
Target: Proofs.Erdos85OrderFortyNineSevenHighT0CanonicalHsbLrat
Build volume: lean-build-erdos85__h7-lrat-adapter-20261008
Extra read-only mounts: /Volumes/Stripe/lean-genius/artifacts

Starting Docker build...

⚠ [8576/8580] Replayed Proofs.Erdos85Problem
warning: Proofs/Erdos85Problem.lean:1834:12: `Finset.filter_card_add_filter_neg_card_eq_card` has been deprecated: Use `Finset.card_filter_add_card_filter_not` instead
warning: Proofs/Erdos85Problem.lean:1904:12: `Finset.filter_card_add_filter_neg_card_eq_card` has been deprecated: Use `Finset.card_filter_add_card_filter_not` instead
warning: Proofs/Erdos85Problem.lean:2033:75: This simp argument is unused:
  true_and

Hint: Omit it from the simp argument list.
  simp only [Finset.mem_filter, Finset.mem_erase, Finset.mem_univ, t̵r̵u̵e̵_̵and_̲t̲r̲u̲e̲,
              a̵n̵d̵_̵t̵r̵u̵e̵,̵ ̵SimpleGraph.mem_neighborFinset]

Note: This linter can be disabled with `set_option linter.unusedSimpArgs false`
warning: Proofs/Erdos85Problem.lean:2474:8: automatically included section variable(s) unused in theorem `Erdos85.surgery_adj_some_some`:
  [Fintype V]
  [DecidableEq V]
consider restructuring your `variable` declarations so that the variables are not in scope or explicitly omit them:
  omit [Fintype V] [DecidableEq V] in theorem ...

Note: This linter can be disabled with `set_option linter.unusedSectionVars false`
warning: Proofs/Erdos85Problem.lean:2478:8: automatically included section variable(s) unused in theorem `Erdos85.surgery_adj_some_none`:
  [Fintype V]
  [DecidableEq V]
consider restructuring your `variable` declarations so that the variables are not in scope or explicitly omit them:
  omit [Fintype V] [DecidableEq V] in theorem ...

Note: This linter can be disabled with `set_option linter.unusedSectionVars false`
warning: Proofs/Erdos85Problem.lean:2481:8: automatically included section variable(s) unused in theorem `Erdos85.surgery_adj_none_some`:
  [Fintype V]
  [DecidableEq V]
consider restructuring your `variable` declarations so that the variables are not in scope or explicitly omit them:
  omit [Fintype V] [DecidableEq V] in theorem ...

Note: This linter can be disabled with `set_option linter.unusedSectionVars false`
warning: Proofs/Erdos85Problem.lean:2484:8: automatically included section variable(s) unused in theorem `Erdos85.surgery_adj_none_none`:
  [Fintype V]
  [DecidableEq V]
consider restructuring your `variable` declarations so that the variables are not in scope or explicitly omit them:
  omit [Fintype V] [DecidableEq V] in theorem ...

Note: This linter can be disabled with `set_option linter.unusedSectionVars false`
⚠ [8578/8624] Replayed Proofs.Erdos85ConflictRegular
warning: Proofs/Erdos85ConflictRegular.lean:85:4: try 'simp' instead of 'simpa'

Note: This linter can be disabled with `set_option linter.unnecessarySimpa false`
warning: Proofs/Erdos85ConflictRegular.lean:108:12: This simp argument is unused:
  nsmul_eq_mul

Hint: Omit it from the simp argument list.
  simp ̵[̵n̵s̵m̵u̵l̵_̵e̵q̵_̵m̵u̵l̵]̵

Note: This linter can be disabled with `set_option linter.unusedSimpArgs false`
⚠ [8584/8624] Replayed Proofs.Erdos85DeletePair
warning: Proofs/Erdos85DeletePair.lean:28:19: This simp argument is unused:
  if_neg

Hint: Omit it from the simp argument list.
  simp only [hx, i̵f̵_̵n̵e̵g̵,̵ ̵Nat.add_zero]

Note: This linter can be disabled with `set_option linter.unusedSimpArgs false`
warning: Proofs/Erdos85DeletePair.lean:28:27: This simp argument is unused:
  Nat.add_zero

Hint: Omit it from the simp argument list.
  simp only [hx, if_neg,̵ ̵N̵a̵t̵.̵a̵d̵d̵_̵z̵e̵r̵o̵]

Note: This linter can be disabled with `set_option linter.unusedSimpArgs false`
warning: Proofs/Erdos85DeletePair.lean:57:10: This simp argument is unused:
  T

Hint: Omit it from the simp argument list.
  simp [T̵,̵ ̵SimpleGraph.card_neighborFinset_eq_degree]

Note: This linter can be disabled with `set_option linter.unusedSimpArgs false`
warning: Proofs/Erdos85DeletePair.lean:58:19: This simp argument is unused:
  if_neg

Hint: Omit it from the simp argument list.
  simp only [hx, i̵f̵_̵n̵e̵g̵,̵ ̵Nat.sub_zero]

Note: This linter can be disabled with `set_option linter.unusedSimpArgs false`
warning: Proofs/Erdos85DeletePair.lean:58:27: This simp argument is unused:
  Nat.sub_zero

Hint: Omit it from the simp argument list.
  simp only [hx, if_neg,̵ ̵N̵a̵t̵.̵s̵u̵b̵_̵z̵e̵r̵o̵]

Note: This linter can be disabled with `set_option linter.unusedSimpArgs false`
warning: Proofs/Erdos85DeletePair.lean:61:10: This simp argument is unused:
  T

Hint: Omit it from the simp argument list.
  simp [T̵,̵ ̵SimpleGraph.card_neighborFinset_eq_degree]

Note: This linter can be disabled with `set_option linter.unusedSimpArgs false`
⚠ [8585/8624] Replayed Proofs.Erdos85RepairSet
warning: Proofs/Erdos85RepairSet.lean:259:23: Used `tac1 <;> tac2` where `(tac1; tac2)` would suffice

Note: This linter can be disabled with `set_option linter.unnecessarySeqFocus false`
⚠ [8587/8624] Replayed Proofs.FriendshipTheoremOQ01
warning: Proofs/FriendshipTheoremOQ01.lean:152:19: Variable name `huw` is not explicitly referenced.

The binding can be removed (if unused) or named `_` (if used implicitly).

Note: This linter can be disabled with `set_option linter.unusedVariables false`
warning: Proofs/FriendshipTheoremOQ01.lean:152:33: Variable name `hvw` is not explicitly referenced.

The binding can be removed (if unused) or named `_` (if used implicitly).

Note: This linter can be disabled with `set_option linter.unusedVariables false`
warning: Proofs/FriendshipTheoremOQ01.lean:153:5: Variable name `hadj_uv` is not explicitly referenced.

The binding can be removed (if unused) or named `_` (if used implicitly).

Note: This linter can be disabled with `set_option linter.unusedVariables false`
warning: Proofs/FriendshipTheoremOQ01.lean:315:19: `push_neg` has been deprecated. Prefer using `push Not` instead.
If you'd rather continue using `push_neg` in your project, you can implement it as follows:
```
open Lean.Parser.Tactic in
macro "push_neg" cfg:optConfig loc:(location)? : tactic =>
  `(tactic| push $cfg:optConfig Not $[$loc]?)
```
warning: Proofs/FriendshipTheoremOQ01.lean:317:21: `push_neg` has been deprecated. Prefer using `push Not` instead.
If you'd rather continue using `push_neg` in your project, you can implement it as follows:
```
open Lean.Parser.Tactic in
macro "push_neg" cfg:optConfig loc:(location)? : tactic =>
  `(tactic| push $cfg:optConfig Not $[$loc]?)
```
warning: Proofs/FriendshipTheoremOQ01.lean:313:47: 'push_cast at hc ⊢' tactic does nothing

Note: This linter can be disabled with `set_option linter.unusedTactic false`
warning: Proofs/FriendshipTheoremOQ01.lean:404:37: This simp argument is unused:
  G.loopless.irrefl v

Hint: Omit it from the simp argument list.
  simp [SimpleGraph.adjMatrix_apply,̵ ̵G̵.̵l̵o̵o̵p̵l̵e̵s̵s̵.̵i̵r̵r̵e̵f̵l̵ ̵v̵]

Note: This linter can be disabled with `set_option linter.unusedSimpArgs false`
warning: Proofs/FriendshipTheoremOQ01.lean:414:64: This simp argument is unused:
  SimpleGraph.loopless

Hint: Omit it from the simp argument list.
  simp [Matrix.trace, Matrix.diag, SimpleGraph.adjMatrix_apply,̵ ̵S̵i̵m̵p̵l̵e̵G̵r̵a̵p̵h̵.̵l̵o̵o̵p̵l̵e̵s̵s̵]

Note: This linter can be disabled with `set_option linter.unusedSimpArgs false`
info: Proofs/FriendshipTheoremOQ01.lean:481:0: FriendshipTheoremOQ01.ucn.{u_1} {V : Type u_1} (G : SimpleGraph V) (hF : IsFriendshipGraph G) (u v : V) (huv : u ≠ v) :
  V
info: Proofs/FriendshipTheoremOQ01.lean:482:0: FriendshipTheoremOQ01.ucn_ne_left.{u_1} {V : Type u_1} [Fintype V] [DecidableEq V] (G : SimpleGraph V)
  [DecidableRel G.Adj] (hF : IsFriendshipGraph G) (u v : V) (huv : u ≠ v) : ucn G hF u v huv ≠ u
info: Proofs/FriendshipTheoremOQ01.lean:483:0: FriendshipTheoremOQ01.friendship_separation.{u_1} {V : Type u_1} [Fintype V] [DecidableEq V] (G : SimpleGraph V)
  [DecidableRel G.Adj] (hF : IsFriendshipGraph G) (u v x : V) (hxv : x ≠ v) (hadj_uv : G.Adj u v)
  (hadj_ux : G.Adj u x) : ucn G hF x v hxv = u
info: Proofs/FriendshipTheoremOQ01.lean:484:0: FriendshipTheoremOQ01.ucn_involutive.{u_1} {V : Type u_1} [Fintype V] [DecidableEq V] (G : SimpleGraph V)
  [DecidableRel G.Adj] (hF : IsFriendshipGraph G) (u v : V) (huv : u ≠ v) (hadj : G.Adj u v) :
  ucn G hF u (ucn G hF u v huv) ⋯ = v
info: Proofs/FriendshipTheoremOQ01.lean:485:0: FriendshipTheoremOQ01.ucn_unique_in_neighborhood.{u_1} {V : Type u_1} [Fintype V] [DecidableEq V] (G : SimpleGraph V)
  [DecidableRel G.Adj] (hF : IsFriendshipGraph G) (u v w : V) (huv : u ≠ v) (huw : u ≠ w) (hvw : v ≠ w)
  (hadj_uv : G.Adj u v) (hadj_uw : G.Adj u w) (hadj_vw : G.Adj v w) : w = ucn G hF u v huv
info: Proofs/FriendshipTheoremOQ01.lean:486:0: FriendshipTheoremOQ01.common_neighbor_finset_card.{u_1} {V : Type u_1} [Fintype V] [DecidableEq V] (G : SimpleGraph V)
  [DecidableRel G.Adj] (hF : IsFriendshipGraph G) (u v : V) (huv : u ≠ v) :
  #(G.neighborFinset u ∩ G.neighborFinset v) = 1
info: Proofs/FriendshipTheoremOQ01.lean:487:0: FriendshipTheoremOQ01.counting_identity.{u_1} {V : Type u_1} [Fintype V] [DecidableEq V] (G : SimpleGraph V)
  [DecidableRel G.Adj] (hF : IsFriendshipGraph G) (u : V) :
  #(univ.erase u) = ∑ v ∈ G.neighborFinset u, #((G.neighborFinset v).erase u)
info: Proofs/FriendshipTheoremOQ01.lean:488:0: FriendshipTheoremOQ01.regular_friendship_card.{u_1} {V : Type u_1} [Fintype V] [DecidableEq V] (G : SimpleGraph V)
  [DecidableRel G.Adj] (hF : IsFriendshipGraph G) (u : V) (k : ℕ) (hreg : ∀ (v : V), G.degree v = k) (hk : k ≥ 1) :
  Fintype.card V = k * (k - 1) + 1
info: Proofs/FriendshipTheoremOQ01.lean:489:0: FriendshipTheoremOQ01.dvd_sq_add_one_imp_one (s : ℕ) (hs : s ≥ 1) (h : s ∣ s * s + 1) : s = 1
warning: Proofs/FriendshipTheoremOQ01.lean:552:28: Variable name `hF` is not explicitly referenced.

The binding can be removed (if unused) or named `_` (if used implicitly).

Note: This linter can be disabled with `set_option linter.unusedVariables false`
warning: Proofs/FriendshipTheoremOQ01.lean:593:17: `push_neg` has been deprecated. Prefer using `push Not` instead.
If you'd rather continue using `push_neg` in your project, you can implement it as follows:
```
open Lean.Parser.Tactic in
macro "push_neg" cfg:optConfig loc:(location)? : tactic =>
  `(tactic| push $cfg:optConfig Not $[$loc]?)
```
warning: Proofs/FriendshipTheoremOQ01.lean:604:30: Variable name `hF` is not explicitly referenced.

The binding can be removed (if unused) or named `_` (if used implicitly).

Note: This linter can be disabled with `set_option linter.unusedVariables false`
warning: Proofs/FriendshipTheoremOQ01.lean:624:60: Variable name `hn` is not explicitly referenced.

The binding can be removed (if unused) or named `_` (if used implicitly).

Note: This linter can be disabled with `set_option linter.unusedVariables false`
warning: Proofs/FriendshipTheoremOQ01.lean:655:60: Variable name `hk` is not explicitly referenced.

The binding can be removed (if unused) or named `_` (if used implicitly).

Note: This linter can be disabled with `set_option linter.unusedVariables false`
warning: Proofs/FriendshipTheoremOQ01.lean:688:8: This simp argument is unused:
  smul_eq_mul

Hint: Omit it from the simp argument list.
  simp ̵[̵s̵m̵u̵l̵_̵e̵q̵_̵m̵u̵l̵]̵

Note: This linter can be disabled with `set_option linter.unusedSimpArgs false`
warning: Proofs/FriendshipTheoremOQ01.lean:828:17: `push_neg` has been deprecated. Prefer using `push Not` instead.
If you'd rather continue using `push_neg` in your project, you can implement it as follows:
```
open Lean.Parser.Tactic in
macro "push_neg" cfg:optConfig loc:(location)? : tactic =>
  `(tactic| push $cfg:optConfig Not $[$loc]?)
```
warning: Proofs/FriendshipTheoremOQ01.lean:821:18: This simp argument is unused:
  Matrix.smul_mulVec

Hint: Omit it from the simp argument list.
  simp [Matrix.s̵m̵u̵l̵_̵m̵u̵l̵V̵e̵c̵,̵ ̵M̵a̵t̵r̵i̵x̵.̵one_mulVec]

Note: This linter can be disabled with `set_option linter.unusedSimpArgs false`
warning: Proofs/FriendshipTheoremOQ01.lean:821:38: This simp argument is unused:
  Matrix.one_mulVec

Hint: Omit it from the simp argument list.
  simp [Matrix.smul_mulVec,̵ ̵M̵a̵t̵r̵i̵x̵.̵o̵n̵e̵_̵m̵u̵l̵V̵e̵c̵]

Note: This linter can be disabled with `set_option linter.unusedSimpArgs false`
warning: Proofs/FriendshipTheoremOQ01.lean:848:50: This simp argument is unused:
  smul_eq_mul

Hint: Omit it from the simp argument list.
  simp only [Matrix.sub_mulVec, Matrix.smul_mulVec, Matrix.one_mulVec, Pi.sub_apply,
  ̲  ̲ ̲ ̲ ̲ ̲Pi.smul_apply, P̵i̵.̵z̵e̵r̵o̵_̵a̵p̵p̵l̵y̵,̵ ̵s̵m̵u̵l̵_̵e̵q̵_̵m̵u̵l̵]̵P̲i̲.̲z̲e̲r̲o̲_̲a̲p̲p̲l̲y̲]̲

Note: This linter can be disabled with `set_option linter.unusedSimpArgs false`
warning: Proofs/FriendshipTheoremOQ01.lean:879:43: This simp argument is unused:
  Polynomial.eval_sub

Hint: Omit it from the simp argument list.
  simp_all [Matrix.diagonal, P̵o̵l̵y̵n̵o̵m̵i̵a̵l̵.̵e̵v̵a̵l̵_̵s̵u̵b̵,̵ ̵Polynomial.eval_one, Polynomial.eval_zero]

Note: This linter can be disabled with `set_option linter.unusedSimpArgs false`
warning: Proofs/FriendshipTheoremOQ01.lean:984:17: `push_neg` has been deprecated. Prefer using `push Not` instead.
If you'd rather continue using `push_neg` in your project, you can implement it as follows:
```
open Lean.Parser.Tactic in
macro "push_neg" cfg:optConfig loc:(location)? : tactic =>
  `(tactic| push $cfg:optConfig Not $[$loc]?)
```
warning: Proofs/FriendshipTheoremOQ01.lean:978:16: This simp argument is unused:
  Matrix.smul_mulVec

Hint: Omit it from the simp argument list.
  simp [Matrix.s̵m̵u̵l̵_̵m̵u̵l̵V̵e̵c̵,̵ ̵M̵a̵t̵r̵i̵x̵.̵one_mulVec]

Note: This linter can be disabled with `set_option linter.unusedSimpArgs false`
warning: Proofs/FriendshipTheoremOQ01.lean:978:36: This simp argument is unused:
  Matrix.one_mulVec

Hint: Omit it from the simp argument list.
  simp [Matrix.smul_mulVec,̵ ̵M̵a̵t̵r̵i̵x̵.̵o̵n̵e̵_̵m̵u̵l̵V̵e̵c̵]

Note: This linter can be disabled with `set_option linter.unusedSimpArgs false`
warning: Proofs/FriendshipTheoremOQ01.lean:1004:33: Variable name `hF` is not explicitly referenced.

The binding can be removed (if unused) or named `_` (if used implicitly).

Note: This linter can be disabled with `set_option linter.unusedVariables false`
warning: Proofs/FriendshipTheoremOQ01.lean:1004:68: Variable name `hk` is not explicitly referenced.

The binding can be removed (if unused) or named `_` (if used implicitly).

Note: This linter can be disabled with `set_option linter.unusedVariables false`
warning: Proofs/FriendshipTheoremOQ01.lean:1053:57: This simp argument is unused:
  mul_one

Hint: Omit it from the simp argument list.
  simp only [Matrix.sub_apply, Matrix.one_apply_eq, B, A, Matrix.mul_apply, Matrix.of_apply,
  ̲  ̲ ̲ ̲Finset.sum_const, F̵i̵n̵s̵e̵t̵.̵c̵a̵r̵d̵_̵u̵n̵i̵v̵,̵ ̵m̵u̵l̵_̵o̵n̵e̵]̵F̲i̲n̲s̲e̲t̲.̲c̲a̲r̲d̲_̲u̲n̲i̲v̲]̲

Note: This linter can be disabled with `set_option linter.unusedSimpArgs false`
warning: Proofs/FriendshipTheoremOQ01.lean:1070:22: This simp argument is unused:
  mul_one

Hint: Omit it from the simp argument list.
  simp only [Matrix.det_fin_one, Matrix.sub_apply, Matrix.one_apply_eq, B, A, Matrix.mul_apply,
  ̲  ̲ ̲ ̲Matrix.of_apply, Finset.sum_const, Finset.card_univ, m̵u̵l̵_̵o̵n̵e̵,̵ ̵hA_def, hB_def]

Note: This linter can be disabled with `set_option linter.unusedSimpArgs false`
warning: Proofs/FriendshipTheoremOQ01.lean:1070:31: This simp argument is unused:
  hA_def

Hint: Omit it from the simp argument list.
  simp only [Matrix.det_fin_one, Matrix.sub_apply, Matrix.one_apply_eq, B, A, Matrix.mul_apply,
  ̲  ̲ ̲ ̲Matrix.of_apply, Finset.sum_const, Finset.card_univ, mul_one, h̵A̵_̵d̵e̵f̵,̵ ̵hB_def]

Note: This linter can be disabled with `set_option linter.unusedSimpArgs false`
warning: Proofs/FriendshipTheoremOQ01.lean:1070:39: This simp argument is unused:
  hB_def

Hint: Omit it from the simp argument list.
  simp only [Matrix.det_fin_one, Matrix.sub_apply, Matrix.one_apply_eq,
  ̵  ̵ ̵ ̵B, A, Matrix.mul_apply,
  ̲  ̲ ̲ ̲Matrix.of_apply, Finset.sum_const,
  ̵  ̵ ̵ ̵Finset.card_univ, mul_one, hA_def,̵ ̵h̵B̵_̵d̵e̵f̵]

Note: This linter can be disabled with `set_option linter.unusedSimpArgs false`
warning: Proofs/FriendshipTheoremOQ01.lean:1071:2: 'push_cast' tactic does nothing

Note: This linter can be disabled with `set_option linter.unusedTactic false`
warning: Proofs/FriendshipTheoremOQ01.lean:1078:17: `push_neg` has been deprecated. Prefer using `push Not` instead.
If you'd rather continue using `push_neg` in your project, you can implement it as follows:
```
open Lean.Parser.Tactic in
macro "push_neg" cfg:optConfig loc:(location)? : tactic =>
  `(tactic| push $cfg:optConfig Not $[$loc]?)
```
warning: Proofs/FriendshipTheoremOQ01.lean:1088:17: `push_neg` has been deprecated. Prefer using `push Not` instead.
If you'd rather continue using `push_neg` in your project, you can implement it as follows:
```
open Lean.Parser.Tactic in
macro "push_neg" cfg:optConfig loc:(location)? : tactic =>
  `(tactic| push $cfg:optConfig Not $[$loc]?)
```
warning: Proofs/FriendshipTheoremOQ01.lean:1107:46: This simp argument is unused:
  zero_pow

Hint: Omit it from the simp argument list.
  simp only [zero_smul, zero_sub, z̵e̵r̵o̵_̵p̵o̵w̵,̵ ̵Int.cast_zero]

Note: This linter can be disabled with `set_option linter.unusedSimpArgs false`
warning: Proofs/FriendshipTheoremOQ01.lean:1107:56: This simp argument is unused:
  Int.cast_zero

Hint: Omit it from the simp argument list.
  simp only [zero_smul, zero_sub, zero_pow,̵ ̵I̵n̵t̵.̵c̵a̵s̵t̵_̵z̵e̵r̵o̵]

Note: This linter can be disabled with `set_option linter.unusedSimpArgs false`
warning: Proofs/FriendshipTheoremOQ01.lean:1130:47: This simp argument is unused:
  map_mul

Hint: Omit it from the simp argument list.
  simp only [hM_def, RingHom.mapMatrix_apply, Matrix.map_apply, Matrix.sub_apply,
  ̲  ̲ ̲ ̲ ̲ ̲ ̲ ̲Matrix.smul_apply, Matrix.one_apply, onesMatrix, Matrix.of_apply, smul_eq_mul, map_sub,
  ̲  ̲ ̲ ̲ ̲ ̲ ̲ ̲m̵a̵p̵_̵m̵u̵l̵,̵ ̵Int.coe_castRingHom]

Note: This linter can be disabled with `set_option linter.unusedSimpArgs false`
warning: Proofs/FriendshipTheoremOQ01.lean:1165:6: This simp argument is unused:
  Polynomial.eval_sub

Hint: Omit it from the simp argument list.
  simp only [RingHom.mapMatrix_apply, Matrix.map_apply, Matrix.charmatrix_apply, Matrix.sub_apply,
  ̲  ̲ ̲ ̲ ̲ ̲Matrix.diagonal_apply, P̵o̵l̵y̵n̵o̵m̵i̵a̵l̵.̵e̵v̵a̵l̵_̵s̵u̵b̵,̵ ̵Polynomial.eval_X, Polynomial.eval_C, onesMatrix, Matrix.of_apply,
  ̲  ̲ ̲ ̲ ̲ ̲Matrix.smul_apply, Matrix.one_apply, smul_eq_mul]

Note: This linter can be disabled with `set_option linter.unusedSimpArgs false`
warning: Proofs/FriendshipTheoremOQ01.lean:1165:27: This simp argument is unused:
  Polynomial.eval_X

Hint: Omit it from the simp argument list.
  simp only [RingHom.mapMatrix_apply, Matrix.map_apply, Matrix.charmatrix_apply, Matrix.sub_apply,
  ̲  ̲ ̲ ̲ ̲ ̲Matrix.diagonal_apply, Polynomial.eval_sub, P̵o̵l̵y̵n̵o̵m̵i̵a̵l̵.̵e̵v̵a̵l̵_̵X̵,̵ ̵Polynomial.eval_C, onesMatrix, Matrix.of_apply,
  ̲  ̲ ̲ ̲ ̲ ̲Matrix.smul_apply, Matrix.one_apply, smul_eq_mul]

Note: This linter can be disabled with `set_option linter.unusedSimpArgs false`
warning: Proofs/FriendshipTheoremOQ01.lean:1165:46: This simp argument is unused:
  Polynomial.eval_C

Hint: Omit it from the simp argument list.
  simp only [RingHom.mapMatrix_apply, Matrix.map_apply,
  ̵  ̵ ̵ ̵ ̵ ̵Matrix.charmatrix_apply, Matrix.sub_apply,
  ̲  ̲ ̲ ̲ ̲ ̲Matrix.diagonal_apply,
  ̵  ̵ ̵ ̵ ̵ ̵Polynomial.eval_sub, Polynomial.eval_X, P̵ol̵y̵no̵m̵i̵a̵l̵.̵ev̵a̵l̵_̵C̵,̵
  ̵ ̵ ̵ ̵ ̵ ̵ ̵o̵n̵e̵sMatrix, Matrix.of_apply,
  ̲  ̲ ̲ ̲ ̲ ̲Matrix.smul_apply, Matrix.one_apply, smul_eq_mul]

Note: This linter can be disabled with `set_option linter.unusedSimpArgs false`
warning: Proofs/FriendshipTheoremOQ01.lean:1173:25: This simp argument is unused:
  Polynomial.eval_C

Hint: Omit it from the simp argument list.
  simp [Polynomial.eval_mul, Polynomial.eval_pow, Polynomial.eval_sub, P̵o̵l̵y̵n̵o̵m̵i̵a̵l̵.̵e̵v̵a̵l̵_̵X̵,̵ ̵P̵o̵l̵y̵n̵o̵m̵i̵a̵l̵.̵e̵v̵a̵l̵_̵C̵]̵P̲o̲l̲y̲n̲o̲m̲i̲a̲l̲.̲e̲v̲a̲l̲_̲X̲]̲

Note: This linter can be disabled with `set_option linter.unusedSimpArgs false`
warning: Proofs/FriendshipTheoremOQ01.lean:1191:46: This simp argument is unused:
  zero_pow

Hint: Omit it from the simp argument list.
  simp only [zero_smul, zero_sub, z̵e̵r̵o̵_̵p̵o̵w̵,̵ ̵Int.cast_zero]

Note: This linter can be disabled with `set_option linter.unusedSimpArgs false`
warning: Proofs/FriendshipTheoremOQ01.lean:1191:56: This simp argument is unused:
  Int.cast_zero

Hint: Omit it from the simp argument list.
  simp only [zero_smul, zero_sub, zero_pow,̵ ̵I̵n̵t̵.̵c̵a̵s̵t̵_̵z̵e̵r̵o̵]

Note: This linter can be disabled with `set_option linter.unusedSimpArgs false`
warning: Proofs/FriendshipTheoremOQ01.lean:1220:47: This simp argument is unused:
  map_mul

Hint: Omit it from the simp argument list.
  simp only [hM_def, RingHom.mapMatrix_apply, Matrix.map_apply, Matrix.sub_apply,
  ̲  ̲ ̲ ̲ ̲ ̲ ̲ ̲Matrix.smul_apply, Matrix.one_apply, onesMatrix, Matrix.of_apply, smul_eq_mul, map_sub,
  ̲  ̲ ̲ ̲ ̲ ̲ ̲ ̲m̵a̵p̵_̵m̵u̵l̵,̵ ̵Int.coe_castRingHom]

Note: This linter can be disabled with `set_option linter.unusedSimpArgs false`
warning: Proofs/FriendshipTheoremOQ01.lean:1322:21: This simp argument is unused:
  Matrix.smul_apply

Hint: Omit it from the simp argument list.
  simp [̵M̵a̵t̵r̵i̵x̵.̵s̵m̵u̵l̵_̵a̵p̵p̵l̵y̵,̵ ̵M̵a̵t̵r̵i̵x̵.̵s̵u̵b̵_̵a̵p̵p̵l̵y̵,̵[̲M̲a̲t̲r̲i̲x̲.̲s̲u̲b̲_̲a̲p̲p̲l̲y̲,̲ Matrix.add_apply, Matrix.neg_apply, Matrix.one_apply,
  ̲  ̲ ̲ ̲ ̲ ̲ ̲ ̲smul_eq_mul]

Note: This linter can be disabled with `set_option linter.unusedSimpArgs false`
warning: Proofs/FriendshipTheoremOQ01.lean:1323:26: This simp argument is unused:
  Matrix.one_apply

Hint: Omit it from the simp argument list.
  simp [Matrix.smul_apply, Matrix.sub_apply, Matrix.add_apply, Matrix.neg_apply,
  ̲  ̲ ̲ ̲ ̲ ̲ ̲ ̲M̵a̵t̵r̵i̵x̵.̵o̵n̵e̵_̵a̵p̵p̵l̵y̵,̵ ̵smul_eq_mul]

Note: This linter can be disabled with `set_option linter.unusedSimpArgs false`
warning: Proofs/FriendshipTheoremOQ01.lean:1323:44: This simp argument is unused:
  smul_eq_mul

Hint: Omit it from the simp argument list.
  simp [Matrix.smul_apply, Matrix.sub_apply, Matrix.add_apply, Matrix.neg_apply,
  ̲  ̲ ̲ ̲ ̲ ̲ ̲ ̲M̵a̵t̵r̵i̵x̵.̵o̵n̵e̵_̵a̵p̵p̵l̵y̵,̵ ̵s̵m̵u̵l̵_̵e̵q̵_̵m̵u̵l̵]̵M̲a̲t̲r̲i̲x̲.̲o̲n̲e̲_̲a̲p̲p̲l̲y̲]̲

Note: This linter can be disabled with `set_option linter.unusedSimpArgs false`
warning: Proofs/FriendshipTheoremOQ01.lean:1332:32: This simp argument is unused:
  Matrix.smul_apply

Hint: Omit it from the simp argument list.
  simp [̵M̵a̵t̵r̵i̵x̵.̵s̵m̵u̵l̵_̵a̵p̵p̵l̵y̵,̵ ̵M̵a̵t̵r̵i̵x̵.̵s̵u̵b̵_̵a̵p̵p̵l̵y̵,̵[̲M̲a̲t̲r̲i̲x̲.̲s̲u̲b̲_̲a̲p̲p̲l̲y̲,̲ Matrix.add_apply, Matrix.one_apply, onesMatrix,
  ̲  ̲ ̲ ̲ ̲ ̲ ̲ ̲Matrix.of_apply, smul_eq_mul]

Note: This linter can be disabled with `set_option linter.unusedSimpArgs false`
warning: Proofs/FriendshipTheoremOQ01.lean:1333:55: This simp argument is unused:
  smul_eq_mul

Hint: Omit it from the simp argument list.
  simp [Matrix.smul_apply, Matrix.sub_apply, Matrix.add_apply,
          Matrix.one_apply, onesMatrix, Matrix.of_apply,̵ ̵s̵m̵u̵l̵_̵e̵q̵_̵m̵u̵l̵]

Note: This linter can be disabled with `set_option linter.unusedSimpArgs false`
warning: Proofs/FriendshipTheoremOQ01.lean:1370:38: This simp argument is unused:
  ite_false

Hint: Omit it from the simp argument list.
  simp only [Polynomial.coeff_sub, Polynomial.coeff_X_pow, Polynomial.coeff_C,
        Polynomial.coeff_zero, if_true,̵ ̵i̵t̵e̵_̵f̵a̵l̵s̵e̵] at this

Note: This linter can be disabled with `set_option linter.unusedSimpArgs false`
warning: Proofs/FriendshipTheoremOQ01.lean:1458:48: Variable name `hd` is not explicitly referenced.

The binding can be removed (if unused) or named `_` (if used implicitly).

Note: This linter can be disabled with `set_option linter.unusedVariables false`
warning: Proofs/FriendshipTheoremOQ01.lean:1479:52: This simp argument is unused:
  degree_X_pow

Hint: Omit it from the simp argument list.
  simp ̵[̵d̵e̵g̵r̵e̵e̵_̵X̵_̵p̵o̵w̵]̵

Note: This linter can be disabled with `set_option linter.unusedSimpArgs false`
warning: Proofs/FriendshipTheoremOQ01.lean:1483:12: This simp argument is unused:
  natDegree_C

Hint: Omit it from the simp argument list.
  simp [natDegree_C̵,̵ ̵n̵a̵t̵D̵e̵g̵r̵e̵e̵_̵X_pow]

Note: This linter can be disabled with `set_option linter.unusedSimpArgs false`
warning: Proofs/FriendshipTheoremOQ01.lean:1483:25: This simp argument is unused:
  natDegree_X_pow

Hint: Omit it from the simp argument list.
  simp [natDegree_C,̵ ̵n̵a̵t̵D̵e̵g̵r̵e̵e̵_̵X̵_̵p̵o̵w̵]

Note: This linter can be disabled with `set_option linter.unusedSimpArgs false`
warning: Proofs/FriendshipTheoremOQ01.lean:1530:44: This simp argument is unused:
  Finset.sum_range_one

Hint: Omit it from the simp argument list.
  simp only [Finset.sum_range_succ, F̵i̵n̵s̵e̵t̵.̵s̵u̵m̵_̵r̵a̵n̵g̵e̵_̵o̵n̵e̵,̵
  ̵ ̵ ̵ ̵ ̵ ̵ ̵ ̵ ̵ ̵ ̵ ̵ ̵pow_zero, mul_one, pow_one]

Note: This linter can be disabled with `set_option linter.unusedSimpArgs false`
warning: Proofs/FriendshipTheoremOQ01.lean:1552:2: 'change f = p ^ ((k + k) / 2)' tactic does nothing

Note: This linter can be disabled with `set_option linter.unusedTactic false`
warning: Proofs/FriendshipTheoremOQ01.lean:1634:2: `push_neg` has been deprecated. Prefer using `push Not` instead.
If you'd rather continue using `push_neg` in your project, you can implement it as follows:
```
open Lean.Parser.Tactic in
macro "push_neg" cfg:optConfig loc:(location)? : tactic =>
  `(tactic| push $cfg:optConfig Not $[$loc]?)
```
warning: Proofs/FriendshipTheoremOQ01.lean:1697:52: This simp argument is unused:
  degree_X_pow

Hint: Omit it from the simp argument list.
  simp ̵[̵d̵e̵g̵r̵e̵e̵_̵X̵_̵p̵o̵w̵]̵

Note: This linter can be disabled with `set_option linter.unusedSimpArgs false`
warning: Proofs/FriendshipTheoremOQ01.lean:1702:6: This simp argument is unused:
  Polynomial.C_comp

Hint: Omit it from the simp argument list.
  simp [Polynomial.sub_comp, Polynomial.pow_comp, Polynomial.X_comp, P̵o̵l̵y̵n̵o̵m̵i̵a̵l̵.̵C̵_̵c̵o̵m̵p̵,̵ ̵neg_sq]

Note: This linter can be disabled with `set_option linter.unusedSimpArgs false`
warning: Proofs/FriendshipTheoremOQ01.lean:1702:25: This simp argument is unused:
  neg_sq

Hint: Omit it from the simp argument list.
  simp [Polynomial.sub_comp, Polynomial.pow_comp, Polynomial.X_comp,
  ̵  ̵ ̵ ̵ ̵ ̵Polynomial.C_comp,̵ ̵n̵e̵g̵_̵s̵q̵]

Note: This linter can be disabled with `set_option linter.unusedSimpArgs false`
warning: Proofs/FriendshipTheoremOQ01.lean:1768:17: `push_neg` has been deprecated. Prefer using `push Not` instead.
If you'd rather continue using `push_neg` in your project, you can implement it as follows:
```
open Lean.Parser.Tactic in
macro "push_neg" cfg:optConfig loc:(location)? : tactic =>
  `(tactic| push $cfg:optConfig Not $[$loc]?)
```
warning: Proofs/FriendshipTheoremOQ01.lean:1837:17: `push_neg` has been deprecated. Prefer using `push Not` instead.
If you'd rather continue using `push_neg` in your project, you can implement it as follows:
```
open Lean.Parser.Tactic in
macro "push_neg" cfg:optConfig loc:(location)? : tactic =>
  `(tactic| push $cfg:optConfig Not $[$loc]?)
```
warning: Proofs/FriendshipTheoremOQ01.lean:1947:23: This simp argument is unused:
  smul_eq_mul

Hint: Omit it from the simp argument list.
  simp only [Matrix.mul_apply, onesMatrix, Matrix.of_apply, one_mul,
  ̵  ̵ ̵ ̵Matrix.smul_apply, s̵mul_o̲n̲eq̵_̵m̵u̵l̵,
  ̲ m̵u̵l̵_̵o̵n̵e̵,̵  ̲ ̲SimpleGraph.adjMatrix_apply]

Note: This linter can be disabled with `set_option linter.unusedSimpArgs false`
warning: Proofs/FriendshipTheoremOQ01.lean:1947:36: This simp argument is unused:
  mul_one

Hint: Omit it from the simp argument list.
  simp only [Matrix.mul_apply, onesMatrix, Matrix.of_apply, one_mul,
  ̵  ̵ ̵ ̵Matrix.smul_apply, smul_eq_mul,
  ̲ m̵u̵l̵_̵o̵n̵e̵,̵  ̲ ̲SimpleGraph.adjMatrix_apply]

Note: This linter can be disabled with `set_option linter.unusedSimpArgs false`
warning: Proofs/FriendshipTheoremOQ01.lean:2007:22: This simp argument is unused:
  Finset.filter_congr_decidable

Hint: Omit it from the simp argument list.
  simp [SimpleGraph.adjMatrix_apply, SimpleGraph.degree, SimpleGraph.neighborFinset,
      Finset.sum_boole,̵ ̵F̵i̵n̵s̵e̵t̵.̵f̵i̵l̵t̵e̵r̵_̵c̵o̵n̵g̵r̵_̵d̵e̵c̵i̵d̵a̵b̵l̵e̵]

Note: This linter can be disabled with `set_option linter.unusedSimpArgs false`
warning: Proofs/FriendshipTheoremOQ01.lean:2018:60: Variable name `hij` is not explicitly referenced.

The binding can be removed (if unused) or named `_` (if used implicitly).

Note: This linter can be disabled with `set_option linter.unusedVariables false`
warning: Proofs/FriendshipTheoremOQ01.lean:2054:60: Variable name `hij` is not explicitly referenced.

The binding can be removed (if unused) or named `_` (if used implicitly).

Note: This linter can be disabled with `set_option linter.unusedVariables false`
warning: Proofs/FriendshipTheoremOQ01.lean:2227:4: `push_neg` has been deprecated. Prefer using `push Not` instead.
If you'd rather continue using `push_neg` in your project, you can implement it as follows:
```
open Lean.Parser.Tactic in
macro "push_neg" cfg:optConfig loc:(location)? : tactic =>
  `(tactic| push $cfg:optConfig Not $[$loc]?)
```
warning: Proofs/FriendshipTheoremOQ01.lean:2243:17: `push_neg` has been deprecated. Prefer using `push Not` instead.
If you'd rather continue using `push_neg` in your project, you can implement it as follows:
```
open Lean.Parser.Tactic in
macro "push_neg" cfg:optConfig loc:(location)? : tactic =>
  `(tactic| push $cfg:optConfig Not $[$loc]?)
```
⚠ [8588/8624] Replayed Proofs.Erdos85MooreFriendship
warning: Proofs/Erdos85MooreFriendship.lean:145:43: This simp argument is unused:
  SimpleGraph.mem_neighborFinset

Hint: Omit it from the simp argument list.
  simp [SimpleGraph.mem_commonNeighbors,̵ ̵S̵i̵m̵p̵l̵e̵G̵r̵a̵p̵h̵.̵m̵e̵m̵_̵n̵e̵i̵g̵h̵b̵o̵r̵F̵i̵n̵s̵e̵t̵]

Note: This linter can be disabled with `set_option linter.unusedSimpArgs false`
⚠ [8589/8624] Replayed Proofs.Erdos85OddFirstOrderSpectral
warning: Proofs/Erdos85OddFirstOrderSpectral.lean:75:20: This simp argument is unused:
  add_smul

Hint: Omit it from the simp argument list.
  simp [sub_smul, a̵d̵d̵_̵s̵m̵u̵l̵,̵ ̵smul_smul]

Note: This linter can be disabled with `set_option linter.unusedSimpArgs false`
warning: Proofs/Erdos85OddFirstOrderSpectral.lean:75:30: This simp argument is unused:
  smul_smul

Hint: Omit it from the simp argument list.
  simp [sub_smul, add_smul,̵ ̵s̵m̵u̵l̵_̵s̵m̵u̵l̵]

Note: This linter can be disabled with `set_option linter.unusedSimpArgs false`
warning: Proofs/Erdos85OddFirstOrderSpectral.lean:429:40: This simp argument is unused:
  hx

Hint: Omit it from the simp argument list.
  simp ̵[̵h̵x̵]̵

Note: This linter can be disabled with `set_option linter.unusedSimpArgs false`
⚠ [8590/8624] Replayed Proofs.Erdos85Problem14
warning: Proofs/Erdos85Problem14.lean:49:6: `push_neg` has been deprecated. Prefer using `push Not` instead.
If you'd rather continue using `push_neg` in your project, you can implement it as follows:
```
open Lean.Parser.Tactic in
macro "push_neg" cfg:optConfig loc:(location)? : tactic =>
  `(tactic| push $cfg:optConfig Not $[$loc]?)
```
warning: Proofs/Erdos85Problem14.lean:41:6: 'norm_num at hv6 ⊢' tactic does nothing

Note: This linter can be disabled with `set_option linter.unusedTactic false`
warning: Proofs/Erdos85Problem14.lean:71:6: 'norm_num at hu5 ⊢' tactic does nothing

Note: This linter can be disabled with `set_option linter.unusedTactic false`
warning: Proofs/Erdos85Problem14.lean:289:52: This simp argument is unused:
  Ne

Hint: Omit it from the simp argument list.
  simp only [*, adj_comm, true_and, N̵e̵,̵ ̵not_true] at *

Note: This linter can be disabled with `set_option linter.unusedSimpArgs false`
⚠ [8600/8624] Replayed Proofs.Erdos85EvenFirstOrderAntipodal
warning: Proofs/Erdos85EvenFirstOrderAntipodal.lean:243:5: Variable name `hfree` is not explicitly referenced.

The binding can be removed (if unused) or named `_` (if used implicitly).

Note: This linter can be disabled with `set_option linter.unusedVariables false`
warning: Proofs/Erdos85EvenFirstOrderAntipodal.lean:243:40: Variable name `hd` is not explicitly referenced.

The binding can be removed (if unused) or named `_` (if used implicitly).

Note: This linter can be disabled with `set_option linter.unusedVariables false`
warning: Proofs/Erdos85EvenFirstOrderAntipodal.lean:243:53: Variable name `hdeven` is not explicitly referenced.

The binding can be removed (if unused) or named `_` (if used implicitly).

Note: This linter can be disabled with `set_option linter.unusedVariables false`
warning: Proofs/Erdos85EvenFirstOrderAntipodal.lean:244:5: Variable name `hmin` is not explicitly referenced.

The binding can be removed (if unused) or named `_` (if used implicitly).

Note: This linter can be disabled with `set_option linter.unusedVariables false`
warning: Proofs/Erdos85EvenFirstOrderAntipodal.lean:245:5: Variable name `hcard` is not explicitly referenced.

The binding can be removed (if unused) or named `_` (if used implicitly).

Note: This linter can be disabled with `set_option linter.unusedVariables false`
⚠ [8601/8624] Replayed Proofs.Erdos85EvenAntipodalQuotient
warning: Proofs/Erdos85EvenAntipodalQuotient.lean:688:17: This simp argument is unused:
  map_mul

Hint: Omit it from the simp argument list.
  simp only [M, RingHom.mapMatrix_apply, Matrix.map_apply, Matrix.sub_apply, Matrix.smul_apply,
  ̲  ̲ ̲ ̲ ̲ ̲ ̲ ̲Matrix.one_apply, FriendshipTheoremOQ01.onesMatrix, Matrix.of_apply, smul_eq_mul, map_sub,
  ̲  ̲ ̲ ̲ ̲ ̲ ̲ ̲m̵a̵p̵_̵m̵u̵l̵,̵ ̵Int.coe_castRingHom]

Note: This linter can be disabled with `set_option linter.unusedSimpArgs false`
warning: Proofs/Erdos85EvenAntipodalQuotient.lean:700:55: This simp argument is unused:
  if_neg

Hint: Omit it from the simp argument list.
  simp only [hij, if_pos,̵ ̵i̵f̵_̵n̵e̵g̵]

Note: This linter can be disabled with `set_option linter.unusedSimpArgs false`
warning: Proofs/Erdos85EvenAntipodalQuotient.lean:770:12: This simp argument is unused:
  Matrix.smul_apply

Hint: Omit it from the simp argument list.
  simp [̵M̵a̵t̵r̵i̵x̵.̵s̵m̵u̵l̵_̵a̵p̵p̵l̵y̵,̵ ̵M̵a̵t̵r̵i̵x̵.̵s̵u̵b̵_̵a̵p̵p̵l̵y̵,̵[̲M̲a̲t̲r̲i̲x̲.̲s̲u̲b̲_̲a̲p̲p̲l̲y̲,̲ Matrix.add_apply, Matrix.neg_apply, Matrix.one_apply, smul_eq_mul]

Note: This linter can be disabled with `set_option linter.unusedSimpArgs false`
warning: Proofs/Erdos85EvenAntipodalQuotient.lean:771:26: This simp argument is unused:
  Matrix.one_apply

Hint: Omit it from the simp argument list.
  simp [Matrix.smul_apply, Matrix.sub_apply, Matrix.add_apply, Matrix.neg_apply, M̵a̵t̵r̵i̵x̵.̵o̵n̵e̵_̵a̵p̵p̵l̵y̵,̵ ̵smul_eq_mul]

Note: This linter can be disabled with `set_option linter.unusedSimpArgs false`
warning: Proofs/Erdos85EvenAntipodalQuotient.lean:771:44: This simp argument is unused:
  smul_eq_mul

Hint: Omit it from the simp argument list.
  simp [Matrix.smul_apply, Matrix.sub_apply, Matrix.add_apply, Matrix.neg_apply,
  ̲  ̲ ̲ ̲ ̲ ̲ ̲ ̲M̵a̵t̵r̵i̵x̵.̵o̵n̵e̵_̵a̵p̵p̵l̵y̵,̵ ̵s̵m̵u̵l̵_̵e̵q̵_̵m̵u̵l̵]̵M̲a̲t̲r̲i̲x̲.̲o̲n̲e̲_̲a̲p̲p̲l̲y̲]̲

Note: This linter can be disabled with `set_option linter.unusedSimpArgs false`
warning: Proofs/Erdos85EvenAntipodalQuotient.lean:784:12: This simp argument is unused:
  Matrix.smul_apply

Hint: Omit it from the simp argument list.
  simp [̵M̵a̵t̵r̵i̵x̵.̵s̵m̵u̵l̵_̵a̵p̵p̵l̵y̵,̵ ̵M̵a̵t̵r̵i̵x̵.̵s̵u̵b̵_̵a̵p̵p̵l̵y̵,̵[̲M̲a̲t̲r̲i̲x̲.̲s̲u̲b̲_̲a̲p̲p̲l̲y̲,̲ Matrix.add_apply, Matrix.one_apply, FriendshipTheoremOQ01.onesMatrix,
          Matrix.of_apply, smul_eq_mul]

Note: This linter can be disabled with `set_option linter.unusedSimpArgs false`
warning: Proofs/Erdos85EvenAntipodalQuotient.lean:785:8: This simp argument is unused:
  Matrix.one_apply

Hint: Omit it from the simp argument list.
  simp [Matrix.smul_apply, Matrix.sub_apply, Matrix.add_apply,
  ̵  ̵ ̵ ̵ ̵ ̵ ̵ ̵M̵a̵t̵r̵i̵x̵.̵o̵n̵e̵_̵a̵p̵p̵l̵y̵,̵ ̵FriendshipTheoremOQ01.onesMatrix,
          Matrix.of_apply, smul_eq_mul]

Note: This linter can be disabled with `set_option linter.unusedSimpArgs false`
warning: Proofs/Erdos85EvenAntipodalQuotient.lean:786:25: This simp argument is unused:
  smul_eq_mul

Hint: Omit it from the simp argument list.
  simp [Matrix.smul_apply, Matrix.sub_apply, Matrix.add_apply, Matrix.one_apply,
  ̲  ̲ ̲ ̲ ̲ ̲ ̲ ̲FriendshipTheoremOQ01.onesMatrix, M̵a̵t̵r̵i̵x̵.̵o̵f̵_̵a̵p̵p̵l̵y̵,̵ ̵s̵m̵u̵l̵_̵e̵q̵_̵m̵u̵l̵]̵M̲a̲t̲r̲i̲x̲.̲o̲f̲_̲a̲p̲p̲l̲y̲]̲

Note: This linter can be disabled with `set_option linter.unusedSimpArgs false`
warning: Proofs/Erdos85EvenAntipodalQuotient.lean:828:58: This simp argument is unused:
  ite_false

Hint: Omit it from the simp argument list.
  simp only [Polynomial.coeff_sub, Polynomial.coeff_X_pow,
  ̵  ̵ ̵ ̵ ̵ ̵Polynomial.coeff_C,
  ̲  ̲ ̲ ̲ ̲ ̲Polynomial.coeff_zero, if_true,̵ ̵i̵t̵e̵_̵f̵a̵l̵s̵e̵] at hc

Note: This linter can be disabled with `set_option linter.unusedSimpArgs false`
⚠ [8603/8624] Replayed Proofs.Erdos85SecondOrderEvenDefect
warning: Proofs/Erdos85SecondOrderEvenDefect.lean:288:40: Variable name `hd` is not explicitly referenced.

The binding can be removed (if unused) or named `_` (if used implicitly).

Note: This linter can be disabled with `set_option linter.unusedVariables false`
warning: Proofs/Erdos85SecondOrderEvenDefect.lean:288:53: Variable name `heven` is not explicitly referenced.

The binding can be removed (if unused) or named `_` (if used implicitly).

Note: This linter can be disabled with `set_option linter.unusedVariables false`
warning: Proofs/Erdos85SecondOrderEvenDefect.lean:289:5: Variable name `hmin` is not explicitly referenced.

The binding can be removed (if unused) or named `_` (if used implicitly).

Note: This linter can be disabled with `set_option linter.unusedVariables false`
warning: Proofs/Erdos85SecondOrderEvenDefect.lean:290:5: Variable name `hcard` is not explicitly referenced.

The binding can be removed (if unused) or named `_` (if used implicitly).

Note: This linter can be disabled with `set_option linter.unusedVariables false`
warning: Proofs/Erdos85SecondOrderEvenDefect.lean:458:8: try 'simp' instead of 'simpa'

Note: This linter can be disabled with `set_option linter.unnecessarySimpa false`
warning: Proofs/Erdos85SecondOrderEvenDefect.lean:553:17: This simp argument is unused:
  Pi.smul_apply

Hint: Omit it from the simp argument list.
  simp only [Matrix.add_apply, Matrix.one_apply, Matrix.of_apply, if_pos, u, P̵i̵.̵s̵m̵u̵l̵_̵a̵p̵p̵l̵y̵,̵ ̵smul_eq_mul, one_mul]

Note: This linter can be disabled with `set_option linter.unusedSimpArgs false`
warning: Proofs/Erdos85SecondOrderEvenDefect.lean:553:32: This simp argument is unused:
  smul_eq_mul

Hint: Omit it from the simp argument list.
  simp only [Matrix.add_apply, Matrix.one_apply, Matrix.of_apply, if_pos, u, Pi.smul_apply,
  ̲  ̲ ̲ ̲ ̲ ̲s̵m̵u̵l̵_̵e̵q̵_̵m̵u̵l̵,̵ ̵one_mul]

Note: This linter can be disabled with `set_option linter.unusedSimpArgs false`
warning: Proofs/Erdos85SecondOrderEvenDefect.lean:553:45: This simp argument is unused:
  one_mul

Hint: Omit it from the simp argument list.
  simp only [Matrix.add_apply, Matrix.one_apply, Matrix.of_apply,
  ̵  ̵ ̵ ̵ ̵ ̵if_pos, u, Pi.smul_apply,
  ̲  ̲ ̲ ̲ ̲ ̲smul_eq_mul,̵ ̵o̵n̵e̵_̵m̵u̵l̵]

Note: This linter can be disabled with `set_option linter.unusedSimpArgs false`
⚠ [8609/8624] Replayed Proofs.Erdos85CycleResolvent
warning: Proofs/Erdos85CycleResolvent.lean:80:2: 'norm_num at ha ⊢' tactic does nothing

Note: This linter can be disabled with `set_option linter.unusedTactic false`
warning: Proofs/Erdos85CycleResolvent.lean:162:29: This simp argument is unused:
  he

Hint: Omit it from the simp argument list.
  simp [oddCycleCount, he̵,̵ ̵h̵o, ih, Nat.odd_add]

Note: This linter can be disabled with `set_option linter.unusedSimpArgs false`
warning: Proofs/Erdos85CycleResolvent.lean:164:29: This simp argument is unused:
  he

Hint: Omit it from the simp argument list.
  simp [oddCycleCount, he̵,̵ ̵h̵o, ih, Nat.odd_add]

Note: This linter can be disabled with `set_option linter.unusedSimpArgs false`
⚠ [8610/8624] Replayed Proofs.Erdos85CycleGraphIso
warning: Proofs/Erdos85CycleGraphIso.lean:28:5: Variable name `hp` is not explicitly referenced.

The binding can be removed (if unused) or named `_` (if used implicitly).

Note: This linter can be disabled with `set_option linter.unusedVariables false`
warning: Proofs/Erdos85CycleGraphIso.lean:96:10: 'change (j - i).val = 1' tactic does nothing

Note: This linter can be disabled with `set_option linter.unusedTactic false`
warning: Proofs/Erdos85CycleGraphIso.lean:106:10: 'change (j - i).val = 1' tactic does nothing

Note: This linter can be disabled with `set_option linter.unusedTactic false`
warning: Proofs/Erdos85CycleGraphIso.lean:121:10: 'change (i - j).val = 1' tactic does nothing

Note: This linter can be disabled with `set_option linter.unusedTactic false`
warning: Proofs/Erdos85CycleGraphIso.lean:131:10: 'change (i - j).val = 1' tactic does nothing

Note: This linter can be disabled with `set_option linter.unusedTactic false`
⚠ [8612/8624] Replayed Proofs.Erdos85ComponentFactorization
warning: Proofs/Erdos85ComponentFactorization.lean:44:6: This simp argument is unused:
  hcc

Hint: Omit it from the simp argument list.
  simp [Matrix.reindex_apply, vertexConnectedComponentEquiv,
        Matrix.blockDiagonal'_apply_ne _ _ _ hcc, SimpleGraph.adjMatrix_apply,
  ̵  ̵ ̵ ̵ ̵ ̵hc̵c̵,̵ ̵h̵nadj]

Note: This linter can be disabled with `set_option linter.unusedSimpArgs false`
warning: Proofs/Erdos85ComponentFactorization.lean:74:71: This simp argument is unused:
  hcc

Hint: Omit it from the simp argument list.
  simp [Matrix.reindex_apply, e, vertexConnectedComponentEquiv,
          Matrix.blockDiagonal'_apply_ne _ _ _ hcc, Matrix.scalar_apply, hc̵c̵,̵ ̵h̵val]

Note: This linter can be disabled with `set_option linter.unusedSimpArgs false`
⚠ [8614/8658] Replayed Proofs.Erdos85PathCharpoly
warning: Proofs/Erdos85PathCharpoly.lean:21:48: This simp argument is unused:
  Matrix.diagonal_apply

Hint: Omit it from the simp argument list.
  simp [Matrix.charmatrix, Matrix.scalar_apply, M̵a̵t̵r̵i̵x̵.̵d̵i̵a̵g̵o̵n̵a̵l̵_̵a̵p̵p̵l̵y̵,̵SimpleGraph.adjMatrix_apply, pathGraph_adj,
  ̲  ̲ ̲ ̲Matrix.submatrix_apply]

Note: This linter can be disabled with `set_option linter.unusedSimpArgs false`
warning: Proofs/Erdos85PathCharpoly.lean:25:8: This simp argument is unused:
  Matrix.charmatrix

Hint: Omit it from the simp argument list.
  s̵i̵m̵p̵ ̵[̵M̵a̵t̵r̵i̵x̵.̵c̵h̵a̵r̵m̵a̵t̵r̵i̵x̵,̵ ̵M̵a̵t̵r̵i̵x̵.̵s̵c̵a̵l̵a̵r̵_̵a̵p̵p̵l̵y̵,̵ ̵M̵a̵t̵r̵i̵x̵.̵d̵i̵a̵g̵o̵n̵a̵l̵_̵a̵p̵p̵l̵y̵,̵
  ̵ ̵ ̵ ̵ ̵S̵i̵m̵p̵l̵e̵G̵r̵a̵p̵h̵.̵a̵d̵j̵M̵a̵t̵r̵i̵x̵_̵a̵p̵p̵l̵y̵,̵ ̵p̵a̵t̵h̵G̵r̵a̵p̵h̵_̵a̵d̵j̵,̵ ̵M̵a̵t̵r̵i̵x̵.̵s̵u̵b̵m̵a̵t̵r̵i̵x̵_̵a̵p̵p̵l̵y̵]̵s̲i̲m̲p̲ ̲[̲M̲a̲t̲r̲i̲x̲.̲s̲c̲a̲l̲a̲r̲_̲a̲p̲p̲l̲y̲,̲ ̲M̲a̲t̲r̲i̲x̲.̲d̲i̲a̲g̲o̲n̲a̲l̲_̲a̲p̲p̲l̲y̲,̲ ̲S̲i̲m̲p̲l̲e̲G̲r̲a̲p̲h̲.̲a̲d̲j̲M̲a̲t̲r̲i̲x̲_̲a̲p̲p̲l̲y̲,̲ ̲p̲a̲t̲h̲G̲r̲a̲p̲h̲_̲a̲d̲j̲,̲
  ̲ ̲ ̲ ̲ ̲M̲a̲t̲r̲i̲x̲.̲s̲u̲b̲m̲a̲t̲r̲i̲x̲_̲a̲p̲p̲l̲y̲]̲

Note: This linter can be disabled with `set_option linter.unusedSimpArgs false`
warning: Proofs/Erdos85PathCharpoly.lean:25:27: This simp argument is unused:
  Matrix.scalar_apply

Hint: Omit it from the simp argument list.
  simp [Matrix.charmatrix, M̵a̵t̵r̵i̵x̵.̵s̵c̵a̵l̵a̵r̵_̵a̵p̵p̵l̵y̵,̵ ̵Matrix.diagonal_apply, SimpleGraph.adjMatrix_apply, pathGraph_adj,
  ̲  ̲ ̲ ̲Matrix.submatrix_apply]

Note: This linter can be disabled with `set_option linter.unusedSimpArgs false`
warning: Proofs/Erdos85PathCharpoly.lean:43:48: This simp argument is unused:
  Matrix.diagonal_apply

Hint: Omit it from the simp argument list.
  simp [Matrix.charmatrix, Matrix.scalar_apply, M̵a̵t̵r̵i̵x̵.̵d̵i̵a̵g̵o̵n̵a̵l̵_̵a̵p̵p̵l̵y̵,̵SimpleGraph.adjMatrix_apply, pathGraph_adj,
  ̲  ̲ ̲ ̲Matrix.submatrix_apply, Matrix.charpoly, hz]

Note: This linter can be disabled with `set_option linter.unusedSimpArgs false`
warning: Proofs/Erdos85PathCharpoly.lean:44:48: This simp argument is unused:
  Matrix.submatrix_apply

Hint: Omit it from the simp argument list.
  simp [Matrix.charmatrix, Matrix.scalar_apply, Matrix.diagonal_apply, SimpleGraph.adjMatrix_apply,
  ̲  ̲ ̲ ̲pathGraph_adj, M̵a̵t̵r̵i̵x̵.̵s̵u̵b̵m̵a̵t̵r̵i̵x̵_̵a̵p̵p̵l̵y̵,̵Matrix.charpoly, hz]

Note: This linter can be disabled with `set_option linter.unusedSimpArgs false`
warning: Proofs/Erdos85PathCharpoly.lean:58:6: try 'simp' instead of 'simpa'

Note: This linter can be disabled with `set_option linter.unnecessarySimpa false`
warning: Proofs/Erdos85PathCharpoly.lean:53:29: This simp argument is unused:
  Matrix.det_fin_one

Hint: Omit it from the simp argument list.
  simp [Matrix.charpoly, M̵a̵t̵r̵i̵x̵.̵d̵e̵t̵_̵f̵i̵n̵_̵o̵n̵e̵,̵ ̵Matrix.charmatrix, Matrix.scalar_apply, Matrix.diagonal_apply,
  ̲  ̲ ̲ ̲ ̲ ̲ ̲ ̲SimpleGraph.adjMatrix_apply, pathGraph_adj, S_one]

Note: This linter can be disabled with `set_option linter.unusedSimpArgs false`
warning: Proofs/Erdos85PathCharpoly.lean:54:29: This simp argument is unused:
  Matrix.diagonal_apply

Hint: Omit it from the simp argument list.
  simp [Matrix.charpoly, Matrix.det_fin_one, Matrix.charmatrix, Matrix.scalar_apply,
  ̲  ̲ ̲ ̲ ̲ ̲ ̲ ̲M̵a̵t̵r̵i̵x̵.̵d̵i̵a̵g̵o̵n̵a̵l̵_̵a̵p̵p̵l̵y̵,̵ ̵SimpleGraph.adjMatrix_apply, pathGraph_adj, S_one]

Note: This linter can be disabled with `set_option linter.unusedSimpArgs false`
warning: Proofs/Erdos85PathCharpoly.lean:55:8: This simp argument is unused:
  pathGraph_adj

Hint: Omit it from the simp argument list.
  simp [Matrix.charpoly, Matrix.det_fin_one, Matrix.charmatrix, Matrix.scalar_apply,
  ̲  ̲ ̲ ̲ ̲ ̲ ̲ ̲Matrix.diagonal_apply, SimpleGraph.adjMatrix_apply, p̵a̵t̵h̵G̵r̵a̵p̵h̵_̵a̵d̵j̵,̵ ̵S_one]

Note: This linter can be disabled with `set_option linter.unusedSimpArgs false`
⚠ [8615/8658] Replayed Proofs.Erdos85CycleCharpoly
warning: Proofs/Erdos85CycleCharpoly.lean:75:51: This simp argument is unused:
  Matrix.diagonal_apply

Hint: Omit it from the simp argument list.
  simp [Q, Matrix.charmatrix, Matrix.scalar_apply, M̵a̵t̵r̵i̵x̵.̵d̵i̵a̵g̵o̵n̵a̵l̵_̵a̵p̵p̵l̵y̵,̵SimpleGraph.adjMatrix_apply, cycleGraph_adj',
  ̲  ̲ ̲ ̲Matrix.submatrix_apply, Fin.ext_iff, cycle_succ_sub_val_eq_one]

Note: This linter can be disabled with `set_option linter.unusedSimpArgs false`
warning: Proofs/Erdos85CycleCharpoly.lean:85:41: This simp argument is unused:
  Fin.zero_succAbove

Hint: Omit it from the simp argument list.
  simp only [Matrix.submatrix_submatrix,̵ ̵F̵i̵n̵.̵z̵e̵r̵o̵_̵s̵u̵c̵c̵A̵b̵o̵v̵e̵]

Note: This linter can be disabled with `set_option linter.unusedSimpArgs false`
warning: Proofs/Erdos85CycleCharpoly.lean:88:48: This simp argument is unused:
  Matrix.diagonal_apply

Hint: Omit it from the simp argument list.
  simp [Matrix.charmatrix, Matrix.scalar_apply, M̵a̵t̵r̵i̵x̵.̵d̵i̵a̵g̵o̵n̵a̵l̵_̵a̵p̵p̵l̵y̵,̵
  ̵ ̵ ̵ ̵ ̵SimpleGraph.adjMatrix_apply, cycleGraph_adj',
  ̲  ̲ ̲ ̲Matrix.submatrix_apply,
  ̵  ̵ ̵ ̵Matrix.charpoly, Fin.ext_iff, cycle_middle_not_adj_zero]

Note: This linter can be disabled with `set_option linter.unusedSimpArgs false`
warning: Proofs/Erdos85CycleCharpoly.lean:113:51: This simp argument is unused:
  Matrix.diagonal_apply

Hint: Omit it from the simp argument list.
  simp [Q, Matrix.charmatrix, Matrix.scalar_apply, M̵a̵t̵r̵i̵x̵.̵d̵i̵a̵g̵o̵n̵a̵l̵_̵a̵p̵p̵l̵y̵,̵SimpleGraph.adjMatrix_apply, cycleGraph_adj',
  ̲  ̲ ̲ ̲Matrix.submatrix_apply, Fin.ext_iff, cycle_succ_sub_val_eq_one]

Note: This linter can be disabled with `set_option linter.unusedSimpArgs false`
warning: Proofs/Erdos85CycleCharpoly.lean:136:48: This simp argument is unused:
  Matrix.diagonal_apply

Hint: Omit it from the simp argument list.
  simp [Matrix.charmatrix, Matrix.scalar_apply, M̵a̵t̵r̵i̵x̵.̵d̵i̵a̵g̵o̵n̵a̵l̵_̵a̵p̵p̵l̵y̵,̵
  ̵ ̵ ̵ ̵ ̵SimpleGraph.adjMatrix_apply, cycleGraph_adj',
  ̲  ̲ ̲ ̲Matrix.submatrix_apply,
  ̵  ̵ ̵ ̵Matrix.charpoly, Fin.ext_iff, cycle_middle_not_adj_zero]

Note: This linter can be disabled with `set_option linter.unusedSimpArgs false`
warning: Proofs/Erdos85CycleCharpoly.lean:170:48: This simp argument is unused:
  Matrix.diagonal_apply

Hint: Omit it from the simp argument list.
  simp [Matrix.charmatrix, Matrix.scalar_apply, M̵a̵t̵r̵i̵x̵.̵d̵i̵a̵g̵o̵n̵a̵l̵_̵a̵p̵p̵l̵y̵,̵
  ̵ ̵ ̵ ̵ ̵SimpleGraph.adjMatrix_apply, cycleGraph_adj',
  ̲  ̲ ̲ ̲Matrix.submatrix_apply,
  ̵  ̵ ̵ ̵Matrix.charpoly, Fin.ext_iff, cycle_middle_not_adj_zero]

Note: This linter can be disabled with `set_option linter.unusedSimpArgs false`
warning: Proofs/Erdos85CycleCharpoly.lean:171:50: This simp argument is unused:
  Matrix.submatrix_apply

Hint: Omit it from the simp argument list.
  simp [Matrix.charmatrix, Matrix.scalar_apply, Matrix.diagonal_apply, SimpleGraph.adjMatrix_apply,
  ̲  ̲ ̲ ̲cycleGraph_adj', M̵a̵t̵r̵i̵x̵.̵s̵u̵b̵m̵a̵t̵r̵i̵x̵_̵a̵p̵p̵l̵y̵,̵Matrix.charpoly, Fin.ext_iff, cycle_middle_not_adj_zero]

Note: This linter can be disabled with `set_option linter.unusedSimpArgs false`
info: Proofs/Erdos85CycleCharpoly.lean:192:64: Try this:
  [apply] ring_nf
  
  The `ring` tactic failed to close the goal. Use `ring_nf` to obtain a normal form.
    
  Note that `ring` works primarily in *commutative* rings. If you have a noncommutative ring, abelian group or module, consider using `noncomm_ring`, `abel` or `module` instead.
info: Proofs/Erdos85CycleCharpoly.lean:192:64: Try this:
  [apply] ring_nf
  
  The `ring` tactic failed to close the goal. Use `ring_nf` to obtain a normal form.
    
  Note that `ring` works primarily in *commutative* rings. If you have a noncommutative ring, abelian group or module, consider using `noncomm_ring`, `abel` or `module` instead.
⚠ [8617/8658] Replayed Proofs.Erdos85GlobalCycleFactorization
warning: Proofs/Erdos85GlobalCycleFactorization.lean:72:6: try 'simp' instead of 'simpa'

Note: This linter can be disabled with `set_option linter.unnecessarySimpa false`
warning: Proofs/Erdos85GlobalCycleFactorization.lean:141:33: This simp argument is unused:
  Matrix.diagonal_apply

Hint: Omit it from the simp argument list.
  simp [Matrix.scalar_apply,̵ ̵M̵a̵t̵r̵i̵x̵.̵d̵i̵a̵g̵o̵n̵a̵l̵_̵a̵p̵p̵l̵y̵]

Note: This linter can be disabled with `set_option linter.unusedSimpArgs false`
warning: Proofs/Erdos85GlobalCycleFactorization.lean:142:33: This simp argument is unused:
  Matrix.diagonal_apply

Hint: Omit it from the simp argument list.
  simp [Matrix.scalar_apply, M̵a̵t̵r̵i̵x̵.̵d̵i̵a̵g̵o̵n̵a̵l̵_̵a̵p̵p̵l̵y̵,̵ ̵Matrix.one_apply, hxy]

Note: This linter can be disabled with `set_option linter.unusedSimpArgs false`
warning: Proofs/Erdos85GlobalCycleFactorization.lean:142:56: This simp argument is unused:
  Matrix.one_apply

Hint: Omit it from the simp argument list.
  simp [Matrix.scalar_apply, Matrix.diagonal_apply, M̵a̵t̵r̵i̵x̵.̵o̵n̵e̵_̵a̵p̵p̵l̵y̵,̵ ̵hxy]

Note: This linter can be disabled with `set_option linter.unusedSimpArgs false`
warning: Proofs/Erdos85GlobalCycleFactorization.lean:148:4: 'change
  (Int.castRingHom ℚ) (((Matrix.scalar V ((d : ℤ) - 1) - D.adjMatrix ℤ) x y)) =
    (Matrix.scalar V ((d : ℚ) - 1) - D.adjMatrix ℚ) x y' tactic does nothing

Note: This linter can be disabled with `set_option linter.unusedTactic false`
⚠ [8618/8658] Replayed Proofs.Erdos85SecondOrderColorTrace
warning: Proofs/Erdos85SecondOrderColorTrace.lean:42:50: This simp argument is unused:
  Ne

Hint: Omit it from the simp argument list.
  simp only [*, adj_comm, true_and, N̵e̵,̵ ̵not_true] at *

Note: This linter can be disabled with `set_option linter.unusedSimpArgs false`
warning: Proofs/Erdos85SecondOrderColorTrace.lean:134:53: This simp argument is unused:
  Nat.mul_mod

Hint: Omit it from the simp argument list.
  simp [Nat.add_mod,̵ ̵N̵a̵t̵.̵m̵u̵l̵_̵m̵o̵d̵]

Note: This linter can be disabled with `set_option linter.unusedSimpArgs false`
⚠ [8619/8658] Replayed Proofs.Erdos85PositiveExcessOne
warning: Proofs/Erdos85PositiveExcessOne.lean:32:2: `push_neg` has been deprecated. Prefer using `push Not` instead.
If you'd rather continue using `push_neg` in your project, you can implement it as follows:
```
open Lean.Parser.Tactic in
macro "push_neg" cfg:optConfig loc:(location)? : tactic =>
  `(tactic| push $cfg:optConfig Not $[$loc]?)
```
warning: Proofs/Erdos85PositiveExcessOne.lean:236:2: `push_neg` has been deprecated. Prefer using `push Not` instead.
If you'd rather continue using `push_neg` in your project, you can implement it as follows:
```
open Lean.Parser.Tactic in
macro "push_neg" cfg:optConfig loc:(location)? : tactic =>
  `(tactic| push $cfg:optConfig Not $[$loc]?)
```
warning: Proofs/Erdos85PositiveExcessOne.lean:449:8: try 'simp' instead of 'simpa'

Note: This linter can be disabled with `set_option linter.unnecessarySimpa false`
warning: Proofs/Erdos85PositiveExcessOne.lean:502:6: `push_neg` has been deprecated. Prefer using `push Not` instead.
If you'd rather continue using `push_neg` in your project, you can implement it as follows:
```
open Lean.Parser.Tactic in
macro "push_neg" cfg:optConfig loc:(location)? : tactic =>
  `(tactic| push $cfg:optConfig Not $[$loc]?)
```
warning: Proofs/Erdos85PositiveExcessOne.lean:535:2: `push_neg` has been deprecated. Prefer using `push Not` instead.
If you'd rather continue using `push_neg` in your project, you can implement it as follows:
```
open Lean.Parser.Tactic in
macro "push_neg" cfg:optConfig loc:(location)? : tactic =>
  `(tactic| push $cfg:optConfig Not $[$loc]?)
```
⚠ [8621/8658] Replayed Proofs.Erdos85OrderFortyNineStratification
warning: Proofs/Erdos85OrderFortyNineStratification.lean:108:2: `push_neg` has been deprecated. Prefer using `push Not` instead.
If you'd rather continue using `push_neg` in your project, you can implement it as follows:
```
open Lean.Parser.Tactic in
macro "push_neg" cfg:optConfig loc:(location)? : tactic =>
  `(tactic| push $cfg:optConfig Not $[$loc]?)
```
⚠ [8623/8658] Replayed Proofs.Erdos85NonregularDefectOperator
warning: Proofs/Erdos85NonregularDefectOperator.lean:63:41: This simp argument is unused:
  hxy

Hint: Omit it from the simp argument list.
  simp [SimpleGraph.adjMatrix_apply, hx̵y̵,̵ ̵h̵adj, hcommon]

Note: This linter can be disabled with `set_option linter.unusedSimpArgs false`
warning: Proofs/Erdos85NonregularDefectOperator.lean:69:41: This simp argument is unused:
  hxy

Hint: Omit it from the simp argument list.
  simp [SimpleGraph.adjMatrix_apply, hx̵y̵,̵ ̵h̵adj, hcommon]

Note: This linter can be disabled with `set_option linter.unusedSimpArgs false`
info: Proofs/Erdos85NonregularDefectOperator.lean:367:0: 'Erdos85.degreePredDiagonal_mulVec_of_support_degree' depends on axioms: [propext, Classical.choice, Quot.sound]
info: Proofs/Erdos85NonregularDefectOperator.lean:368:0: 'Erdos85.c4Free_secondOrderDefect_mulVec_of_adj_degreeEigenvector' depends on axioms: [propext,
 Classical.choice,
 Quot.sound]
info: Proofs/Erdos85NonregularDefectOperator.lean:369:0: 'Erdos85.c4Free_secondOrderDefect_mulVec_of_adj_eigenvector_supported_on_degree' depends on axioms: [propext,
 Classical.choice,
 Quot.sound]
⚠ [8624/8658] Replayed Proofs.Erdos85ExcessThreeSectorCount
warning: Proofs/Erdos85ExcessThreeSectorCount.lean:160:2: `push_neg` has been deprecated. Prefer using `push Not` instead.
If you'd rather continue using `push_neg` in your project, you can implement it as follows:
```
open Lean.Parser.Tactic in
macro "push_neg" cfg:optConfig loc:(location)? : tactic =>
  `(tactic| push $cfg:optConfig Not $[$loc]?)
```
⚠ [8628/8658] Replayed Proofs.Erdos85OrderFortyNineDefectEigenvectors
warning: Proofs/Erdos85OrderFortyNineDefectEigenvectors.lean:67:4: `push_neg` has been deprecated. Prefer using `push Not` instead.
If you'd rather continue using `push_neg` in your project, you can implement it as follows:
```
open Lean.Parser.Tactic in
macro "push_neg" cfg:optConfig loc:(location)? : tactic =>
  `(tactic| push $cfg:optConfig Not $[$loc]?)
```
⚠ [8632/8658] Replayed Proofs.Erdos85Ramsey
warning: Proofs/Erdos85Ramsey.lean:36:28: Variable name `hs` is not explicitly referenced.

The binding can be removed (if unused) or named `_` (if used implicitly).

Note: This linter can be disabled with `set_option linter.unusedVariables false`
⚠ [8634/8658] Replayed Proofs.Erdos85RamseyPlateau
warning: Proofs/Erdos85RamseyPlateau.lean:310:23: Used `tac1 <;> tac2` where `(tac1; tac2)` would suffice

Note: This linter can be disabled with `set_option linter.unnecessarySeqFocus false`
⚠ [8636/8658] Replayed Proofs.Erdos85DifferenceSidonCayley
warning: Proofs/Erdos85DifferenceSidonCayley.lean:37:28: Try `simp at huv` instead of `simpa using huv`

Note: This linter can be disabled with `set_option linter.unnecessarySimpa false`
warning: Proofs/Erdos85DifferenceSidonCayley.lean:37:28: Try `simp at huv` instead of `simpa using huv`

Note: This linter can be disabled with `set_option linter.unnecessarySimpa false`
⚠ [8637/8658] Replayed Proofs.Erdos85SidonNoWrap
warning: Proofs/Erdos85SidonNoWrap.lean:88:21: try 'simp' instead of 'simpa'

Note: This linter can be disabled with `set_option linter.unnecessarySimpa false`
warning: Proofs/Erdos85SidonNoWrap.lean:89:21: try 'simp' instead of 'simpa'

Note: This linter can be disabled with `set_option linter.unnecessarySimpa false`
warning: Proofs/Erdos85SidonNoWrap.lean:89:41: try 'simp' instead of 'simpa'

Note: This linter can be disabled with `set_option linter.unnecessarySimpa false`
⚠ [8638/8658] Replayed Proofs.Erdos85ParabolaSidonRuler
warning: Proofs/Erdos85ParabolaSidonRuler.lean:56:45: Variable name `hq` is not explicitly referenced.

The binding can be removed (if unused) or named `_` (if used implicitly).

Note: This linter can be disabled with `set_option linter.unusedVariables false`
warning: Proofs/Erdos85ParabolaSidonRuler.lean:91:4: 'push_cast' tactic does nothing

Note: This linter can be disabled with `set_option linter.unusedTactic false`
warning: Proofs/Erdos85ParabolaSidonRuler.lean:104:13: Variable name `hq` is not explicitly referenced.

The binding can be removed (if unused) or named `_` (if used implicitly).

Note: This linter can be disabled with `set_option linter.unusedVariables false`
warning: Proofs/Erdos85ParabolaSidonRuler.lean:116:4: 'push_cast at hmark ⊢' tactic does nothing

Note: This linter can be disabled with `set_option linter.unusedTactic false`
⚠ [8641/8658] Replayed Proofs.Erdos85PolarityDegree
warning: Proofs/Erdos85PolarityDegree.lean:27:0: automatically included section variable(s) unused in theorem `Erdos85.Polarity.neighborFinset_eq_erase_incidentFinset`:
  [DecidableEq K]
consider restructuring your `variable` declarations so that the variables are not in scope or explicitly omit them:
  omit [DecidableEq K] in theorem ...

Note: This linter can be disabled with `set_option linter.unusedSectionVars false`
⚠ [8642/8658] Replayed Proofs.Erdos85PolarityFamily
warning: Proofs/Erdos85PolarityFamily.lean:19:0: automatically included section variable(s) unused in theorem `Erdos85.Polarity.card_points_eq`:
  [DecidableEq K]
consider restructuring your `variable` declarations so that the variables are not in scope or explicitly omit them:
  omit [DecidableEq K] in theorem ...

Note: This linter can be disabled with `set_option linter.unusedSectionVars false`
⚠ [8643/8658] Replayed Proofs.Erdos85PolarityDeletion
warning: Proofs/Erdos85PolarityDeletion.lean:27:0: automatically included section variable(s) unused in theorem `Erdos85.Polarity.not_selfOrthogonal_of_adj_selfOrthogonal`:
  [Finite K]
  [DecidableEq K]
consider restructuring your `variable` declarations so that the variables are not in scope or explicitly omit them:
  omit [Finite K] [DecidableEq K] in theorem ...

Note: This linter can be disabled with `set_option linter.unusedSectionVars false`
warning: Proofs/Erdos85PolarityDeletion.lean:72:0: automatically included section variable(s) unused in theorem `Erdos85.Polarity.deletePointGraph_degree`:
  [DecidableEq K]
consider restructuring your `variable` declarations so that the variables are not in scope or explicitly omit them:
  omit [DecidableEq K] in theorem ...

Note: This linter can be disabled with `set_option linter.unusedSectionVars false`
warning: Proofs/Erdos85PolarityDeletion.lean:110:0: automatically included section variable(s) unused in theorem `Erdos85.Polarity.deletePointGraph_not_containsC4`:
  [DecidableEq K]
consider restructuring your `variable` declarations so that the variables are not in scope or explicitly omit them:
  omit [DecidableEq K] in theorem ...

Note: This linter can be disabled with `set_option linter.unusedSectionVars false`
warning: Proofs/Erdos85PolarityDeletion.lean:124:4: 'change Fintype.card { y : P K // y ≠ x } = (q K + 1) * q K' tactic does nothing

Note: This linter can be disabled with `set_option linter.unusedTactic false`
⚠ [8644/8658] Replayed Proofs.Erdos85PolarityAbsolute
warning: Proofs/Erdos85PolarityAbsolute.lean:27:8: automatically included section variable(s) unused in theorem `_private.Proofs.Erdos85PolarityAbsolute.0.Erdos85.Polarity.isotropicPolynomial_totalDegree_lt`:
  [Finite K]
  [DecidableEq K]
consider restructuring your `variable` declarations so that the variables are not in scope or explicitly omit them:
  omit [Finite K] [DecidableEq K] in theorem ...

Note: This linter can be disabled with `set_option linter.unusedSectionVars false`
warning: Proofs/Erdos85PolarityAbsolute.lean:35:8: automatically included section variable(s) unused in theorem `_private.Proofs.Erdos85PolarityAbsolute.0.Erdos85.Polarity.eval_isotropicPolynomial`:
  [Finite K]
  [DecidableEq K]
consider restructuring your `variable` declarations so that the variables are not in scope or explicitly omit them:
  omit [Finite K] [DecidableEq K] in theorem ...

Note: This linter can be disabled with `set_option linter.unusedSectionVars false`
⚠ [8652/8708] Replayed Proofs.Erdos85OrderFortyNineDefectPerfectCodes
warning: Proofs/Erdos85OrderFortyNineDefectPerfectCodes.lean:37:10: This simp argument is unused:
  Finset.insert_inter

Hint: Omit it from the simp argument list.
  simp [F̵i̵n̵s̵e̵t̵.̵i̵n̵s̵e̵r̵t̵_̵i̵n̵t̵e̵r̵,̵ ̵SimpleGraph.mem_neighborFinset, hvx, hempty]

Note: This linter can be disabled with `set_option linter.unusedSimpArgs false`
⚠ [8654/8708] Replayed Proofs.Erdos85OrderFortyNineLowTriangles
warning: Proofs/Erdos85OrderFortyNineLowTriangles.lean:149:4: `push_neg` has been deprecated. Prefer using `push Not` instead.
If you'd rather continue using `push_neg` in your project, you can implement it as follows:
```
open Lean.Parser.Tactic in
macro "push_neg" cfg:optConfig loc:(location)? : tactic =>
  `(tactic| push $cfg:optConfig Not $[$loc]?)
```
⚠ [8655/8708] Replayed Proofs.Erdos85OrderFortyNineLowTriangleIncidence
warning: Proofs/Erdos85OrderFortyNineLowTriangleIncidence.lean:23:17: Variable name `hx` is not explicitly referenced.

The binding can be removed (if unused) or named `_` (if used implicitly).

Note: This linter can be disabled with `set_option linter.unusedVariables false`
warning: Proofs/Erdos85OrderFortyNineLowTriangleIncidence.lean:23:39: Variable name `hy` is not explicitly referenced.

The binding can be removed (if unused) or named `_` (if used implicitly).

Note: This linter can be disabled with `set_option linter.unusedVariables false`
⚠ [8657/8708] Replayed Proofs.Erdos85HighRootZeroSlack
warning: Proofs/Erdos85HighRootZeroSlack.lean:23:13: Variable name `hd` is not explicitly referenced.

The binding can be removed (if unused) or named `_` (if used implicitly).

Note: This linter can be disabled with `set_option linter.unusedVariables false`
⚠ [8660/8708] Replayed Proofs.Erdos85BranchDeficitSymmetry
warning: Proofs/Erdos85BranchDeficitSymmetry.lean:62:48: Used `tac1 <;> tac2` where `(tac1; tac2)` would suffice

Note: This linter can be disabled with `set_option linter.unnecessarySeqFocus false`
warning: Proofs/Erdos85BranchDeficitSymmetry.lean:517:16: This simp argument is unused:
  hone

Hint: Omit it from the simp argument list.
  simp [ho̵n̵e̵,̵ ̵h̵zero]

Note: This linter can be disabled with `set_option linter.unusedSimpArgs false`
⚠ [8661/8708] Replayed Proofs.Erdos85LocalTriangleParity
warning: Proofs/Erdos85LocalTriangleParity.lean:52:57: Used `tac1 <;> tac2` where `(tac1; tac2)` would suffice

Note: This linter can be disabled with `set_option linter.unnecessarySeqFocus false`
warning: Proofs/Erdos85LocalTriangleParity.lean:187:8: try 'simp' instead of 'simpa'

Note: This linter can be disabled with `set_option linter.unnecessarySimpa false`
warning: Proofs/Erdos85LocalTriangleParity.lean:168:4: 'change (G.induce (G.neighborSet x)).degree y ≤ 1' tactic does nothing

Note: This linter can be disabled with `set_option linter.unusedTactic false`
⚠ [8662/8708] Replayed Proofs.Erdos85OrderFortyNineLocalEdgePartition
warning: Proofs/Erdos85OrderFortyNineLocalEdgePartition.lean:29:43: Variable name `hx` is not explicitly referenced.

The binding can be removed (if unused) or named `_` (if used implicitly).

Note: This linter can be disabled with `set_option linter.unusedVariables false`
warning: Proofs/Erdos85OrderFortyNineLocalEdgePartition.lean:125:43: Variable name `hx` is not explicitly referenced.

The binding can be removed (if unused) or named `_` (if used implicitly).

Note: This linter can be disabled with `set_option linter.unusedVariables false`
⚠ [8663/8708] Replayed Proofs.Erdos85OrderFortyNineHighIncidenceCensus
warning: Proofs/Erdos85OrderFortyNineHighIncidenceCensus.lean:46:39: This simp argument is unused:
  hfx

Hint: Omit it from the simp argument list.
  simp ̵[̵h̵f̵x̵]̵

Note: This linter can be disabled with `set_option linter.unusedSimpArgs false`
warning: Proofs/Erdos85OrderFortyNineHighIncidenceCensus.lean:304:14: This simp argument is unused:
  hxw

Hint: Omit it from the simp argument list.
  simp ̵[̵h̵x̵w̵]̵

Note: This linter can be disabled with `set_option linter.unusedSimpArgs false`
warning: Proofs/Erdos85OrderFortyNineHighIncidenceCensus.lean:629:4: 'change (∑ x ∈ (Finset.univ : Finset V), D.degree x) = _' tactic does nothing

Note: This linter can be disabled with `set_option linter.unusedTactic false`
⚠ [8672/8708] Replayed Proofs.Erdos85SequentialCounter
warning: Proofs/Erdos85SequentialCounter.lean:80:2: `push_neg` has been deprecated. Prefer using `push Not` instead.
If you'd rather continue using `push_neg` in your project, you can implement it as follows:
```
open Lean.Parser.Tactic in
macro "push_neg" cfg:optConfig loc:(location)? : tactic =>
  `(tactic| push $cfg:optConfig Not $[$loc]?)
```
⚠ [8675/8708] Replayed Proofs.Erdos85SequentialCounterReification
warning: Proofs/Erdos85SequentialCounterReification.lean:1384:23: try 'simp' instead of 'simpa'

Note: This linter can be disabled with `set_option linter.unnecessarySimpa false`
⚠ [8685/8708] Replayed Proofs.Erdos85DimacsSatBridge
warning: Proofs/Erdos85DimacsSatBridge.lean:109:37: Used `tac1 <;> tac2` where `(tac1; tac2)` would suffice

Note: This linter can be disabled with `set_option linter.unnecessarySeqFocus false`
warning: Proofs/Erdos85DimacsSatBridge.lean:143:35: Used `tac1 <;> tac2` where `(tac1; tac2)` would suffice

Note: This linter can be disabled with `set_option linter.unnecessarySeqFocus false`
⚠ [8708/8726] Replayed Proofs.Erdos85OrderFortyNinePrefixNormalization
warning: Proofs/Erdos85OrderFortyNinePrefixNormalization.lean:148:43: try 'simp' instead of 'simpa'

Note: This linter can be disabled with `set_option linter.unnecessarySimpa false`
warning: Proofs/Erdos85OrderFortyNinePrefixNormalization.lean:176:53: try 'simp' instead of 'simpa'

Note: This linter can be disabled with `set_option linter.unnecessarySimpa false`
warning: Proofs/Erdos85OrderFortyNinePrefixNormalization.lean:177:53: try 'simp' instead of 'simpa'

Note: This linter can be disabled with `set_option linter.unnecessarySimpa false`
warning: Proofs/Erdos85OrderFortyNinePrefixNormalization.lean:444:58: Used `tac1 <;> tac2` where `(tac1; tac2)` would suffice

Note: This linter can be disabled with `set_option linter.unnecessarySeqFocus false`
⚠ [8709/8726] Replayed Proofs.Erdos85OrderFortyNineGraphPrefixNormalization
warning: Proofs/Erdos85OrderFortyNineGraphPrefixNormalization.lean:782:8: Try `simp at this` instead of `simpa using this`

Note: This linter can be disabled with `set_option linter.unnecessarySimpa false`
warning: Proofs/Erdos85OrderFortyNineGraphPrefixNormalization.lean:786:8: Try `simp at this` instead of `simpa using this`

Note: This linter can be disabled with `set_option linter.unnecessarySimpa false`
warning: Proofs/Erdos85OrderFortyNineGraphPrefixNormalization.lean:795:10: Try `simp at this` instead of `simpa using this`

Note: This linter can be disabled with `set_option linter.unnecessarySimpa false`
warning: Proofs/Erdos85OrderFortyNineGraphPrefixNormalization.lean:799:10: Try `simp at this` instead of `simpa using this`

Note: This linter can be disabled with `set_option linter.unnecessarySimpa false`
warning: Proofs/Erdos85OrderFortyNineGraphPrefixNormalization.lean:803:8: Try `simp at this` instead of `simpa using this`

Note: This linter can be disabled with `set_option linter.unnecessarySimpa false`
⚠ [8710/8726] Replayed Proofs.Erdos85OrderFortyNineRowSemantics
warning: Proofs/Erdos85OrderFortyNineRowSemantics.lean:86:8: try 'simp' instead of 'simpa'

Note: This linter can be disabled with `set_option linter.unnecessarySimpa false`
warning: Proofs/Erdos85OrderFortyNineRowSemantics.lean:91:46: try 'simp' instead of 'simpa'

Note: This linter can be disabled with `set_option linter.unnecessarySimpa false`
warning: Proofs/Erdos85OrderFortyNineRowSemantics.lean:92:46: try 'simp' instead of 'simpa'

Note: This linter can be disabled with `set_option linter.unnecessarySimpa false`
⚠ [8714/8726] Replayed Proofs.Erdos85OrderFortyNineFullCanonicalLabeling
warning: Proofs/Erdos85OrderFortyNineFullCanonicalLabeling.lean:234:56: This simp argument is unused:
  h0

Hint: Omit it from the simp argument list.
  simp [orderFortyNineCanonicalSupportMultiplicity, h0̵,̵ ̵h̵1, h2, h3,
  ̵  ̵ ̵ ̵ ̵ ̵ ̵ ̵hmem]

Note: This linter can be disabled with `set_option linter.unusedSimpArgs false`
warning: Proofs/Erdos85OrderFortyNineFullCanonicalLabeling.lean:234:60: This simp argument is unused:
  h1

Hint: Omit it from the simp argument list.
  simp [orderFortyNineCanonicalSupportMultiplicity, h0, h1̵,̵ ̵h̵2, h3,
  ̵  ̵ ̵ ̵ ̵ ̵ ̵ ̵hmem]

Note: This linter can be disabled with `set_option linter.unusedSimpArgs false`
warning: Proofs/Erdos85OrderFortyNineFullCanonicalLabeling.lean:234:64: This simp argument is unused:
  h2

Hint: Omit it from the simp argument list.
  simp [orderFortyNineCanonicalSupportMultiplicity, h0, h1, h2̵,̵ ̵h̵3,
  ̵  ̵ ̵ ̵ ̵ ̵ ̵ ̵hmem]

Note: This linter can be disabled with `set_option linter.unusedSimpArgs false`
warning: Proofs/Erdos85OrderFortyNineFullCanonicalLabeling.lean:243:56: This simp argument is unused:
  h0

Hint: Omit it from the simp argument list.
  simp [orderFortyNineCanonicalSupportMultiplicity, h0̵,̵ ̵h̵1, h2, h3,
  ̵  ̵ ̵ ̵ ̵ ̵ ̵ ̵hnotmem]

Note: This linter can be disabled with `set_option linter.unusedSimpArgs false`
warning: Proofs/Erdos85OrderFortyNineFullCanonicalLabeling.lean:243:60: This simp argument is unused:
  h1

Hint: Omit it from the simp argument list.
  simp [orderFortyNineCanonicalSupportMultiplicity, h0, h1̵,̵ ̵h̵2, h3,
  ̵  ̵ ̵ ̵ ̵ ̵ ̵ ̵hnotmem]

Note: This linter can be disabled with `set_option linter.unusedSimpArgs false`
warning: Proofs/Erdos85OrderFortyNineFullCanonicalLabeling.lean:243:64: This simp argument is unused:
  h2

Hint: Omit it from the simp argument list.
  simp [orderFortyNineCanonicalSupportMultiplicity, h0, h1, h2̵,̵ ̵h̵3,
  ̵  ̵ ̵ ̵ ̵ ̵ ̵ ̵hnotmem]

Note: This linter can be disabled with `set_option linter.unusedSimpArgs false`
warning: Proofs/Erdos85OrderFortyNineFullCanonicalLabeling.lean:451:14: try 'simp' instead of 'simpa'

Note: This linter can be disabled with `set_option linter.unnecessarySimpa false`
⚠ [8715/8726] Replayed Proofs.Erdos85OrderFortyNineAlignedBooleanBridge
warning: Proofs/Erdos85OrderFortyNineAlignedBooleanBridge.lean:229:6: try 'simp' instead of 'simpa'

Note: This linter can be disabled with `set_option linter.unnecessarySimpa false`
⚠ [8722/8726] Replayed Proofs.Erdos85PairedBlockRigidity
warning: Proofs/Erdos85PairedBlockRigidity.lean:1597:2: `push_neg` has been deprecated. Prefer using `push Not` instead.
If you'd rather continue using `push_neg` in your project, you can implement it as follows:
```
open Lean.Parser.Tactic in
macro "push_neg" cfg:optConfig loc:(location)? : tactic =>
  `(tactic| push $cfg:optConfig Not $[$loc]?)
```
warning: Proofs/Erdos85PairedBlockRigidity.lean:1699:5: Variable name `hmateInv` is not explicitly referenced.

The binding can be removed (if unused) or named `_` (if used implicitly).

Note: This linter can be disabled with `set_option linter.unusedVariables false`
⚠ [8724/8769] Replayed Proofs.Erdos85OrderFortyNineDistTwoPinning
warning: Proofs/Erdos85OrderFortyNineDistTwoPinning.lean:131:37: try 'simp' instead of 'simpa'

Note: This linter can be disabled with `set_option linter.unnecessarySimpa false`
warning: Proofs/Erdos85OrderFortyNineDistTwoPinning.lean:438:36: This simp argument is unused:
  or_assoc

Hint: Omit it from the simp argument list.
  simp [K, or_comm, or_left_comm,̵ ̵o̵r̵_̵a̵s̵s̵o̵c̵]

Note: This linter can be disabled with `set_option linter.unusedSimpArgs false`
⚠ [8725/8769] Replayed Proofs.Erdos85OrderFortyNineDistOnePinning
warning: Proofs/Erdos85OrderFortyNineDistOnePinning.lean:180:8: Variable name `v2` is not explicitly referenced.

The binding can be removed (if unused) or named `_` (if used implicitly).

Note: This linter can be disabled with `set_option linter.unusedVariables false`
warning: Proofs/Erdos85OrderFortyNineDistOnePinning.lean:180:11: Variable name `v3` is not explicitly referenced.

The binding can be removed (if unused) or named `_` (if used implicitly).

Note: This linter can be disabled with `set_option linter.unusedVariables false`
warning: Proofs/Erdos85OrderFortyNineDistOnePinning.lean:296:29: Variable name `hu23_3` is not explicitly referenced.

The binding can be removed (if unused) or named `_` (if used implicitly).

Note: This linter can be disabled with `set_option linter.unusedVariables false`
warning: Proofs/Erdos85OrderFortyNineDistOnePinning.lean:424:37: Variable name `hs` is not explicitly referenced.

The binding can be removed (if unused) or named `_` (if used implicitly).

Note: This linter can be disabled with `set_option linter.unusedVariables false`
⚠ [8728/8769] Replayed Proofs.Erdos85CycleIntertwinerPeriodicity
warning: Proofs/Erdos85CycleIntertwinerPeriodicity.lean:284:53: This simp argument is unused:
  G.adj_comm

Hint: Omit it from the simp argument list.
  simp [SimpleGraph.mem_neighborFinset, hxy, hx'y,̵ ̵G̵.̵a̵d̵j̵_̵c̵o̵m̵m̵]

Note: This linter can be disabled with `set_option linter.unusedSimpArgs false`
⚠ [8729/8769] Replayed Proofs.Erdos85DefectCycleBlock
warning: Proofs/Erdos85DefectCycleBlock.lean:102:6: 'change (iz - (iz - io)).val = 1' tactic does nothing

Note: This linter can be disabled with `set_option linter.unusedTactic false`
warning: Proofs/Erdos85DefectCycleBlock.lean:119:6: 'change (iz + io - iz).val = 1' tactic does nothing

Note: This linter can be disabled with `set_option linter.unusedTactic false`
⚠ [8731/8769] Replayed Proofs.Erdos85BoundaryQuotientDivisibility
warning: Proofs/Erdos85BoundaryQuotientDivisibility.lean:113:2: `push_neg` has been deprecated. Prefer using `push Not` instead.
If you'd rather continue using `push_neg` in your project, you can implement it as follows:
```
open Lean.Parser.Tactic in
macro "push_neg" cfg:optConfig loc:(location)? : tactic =>
  `(tactic| push $cfg:optConfig Not $[$loc]?)
```
⚠ [8732/8769] Replayed Proofs.Erdos85MinimumSectorAssemblyInterface
warning: Proofs/Erdos85MinimumSectorAssemblyInterface.lean:97:6: try 'simp' instead of 'simpa'

Note: This linter can be disabled with `set_option linter.unnecessarySimpa false`
⚠ [8735/8769] Replayed Proofs.Erdos85OrderFortyNineSquareRoot
warning: Proofs/Erdos85OrderFortyNineSquareRoot.lean:125:4: try 'simp' instead of 'simpa'

Note: This linter can be disabled with `set_option linter.unnecessarySimpa false`
⚠ [8736/8769] Replayed Proofs.Erdos85OrderFortyNineOneHighOverlap
warning: Proofs/Erdos85OrderFortyNineOneHighOverlap.lean:1218:5: Variable name `hfree` is not explicitly referenced.

The binding can be removed (if unused) or named `_` (if used implicitly).

Note: This linter can be disabled with `set_option linter.unusedVariables false`
warning: Proofs/Erdos85OrderFortyNineOneHighOverlap.lean:1219:5: Variable name `hmin` is not explicitly referenced.

The binding can be removed (if unused) or named `_` (if used implicitly).

Note: This linter can be disabled with `set_option linter.unusedVariables false`
warning: Proofs/Erdos85OrderFortyNineOneHighOverlap.lean:1220:5: Variable name `hcard` is not explicitly referenced.

The binding can be removed (if unused) or named `_` (if used implicitly).

Note: This linter can be disabled with `set_option linter.unusedVariables false`
warning: Proofs/Erdos85OrderFortyNineOneHighOverlap.lean:1221:13: Variable name `hv` is not explicitly referenced.

The binding can be removed (if unused) or named `_` (if used implicitly).

Note: This linter can be disabled with `set_option linter.unusedVariables false`
warning: Proofs/Erdos85OrderFortyNineOneHighOverlap.lean:1377:2: Try this: intro x hx y hy hxy hadj
warning: Proofs/Erdos85OrderFortyNineOneHighOverlap.lean:1669:14: This simp argument is unused:
  SimpleGraph.mem_neighborFinset

Hint: Omit it from the simp argument list.
  simp [̵S̵i̵m̵p̵l̵e̵G̵r̵a̵p̵h̵.̵m̵e̵m̵_̵n̵e̵i̵g̵h̵b̵o̵r̵F̵i̵n̵s̵e̵t̵,̵ ̵h̵q̵v̵,̵[̲h̲q̲v̲,̲ hqNotNv]

Note: This linter can be disabled with `set_option linter.unusedSimpArgs false`
warning: Proofs/Erdos85OrderFortyNineOneHighOverlap.lean:3017:10: This simp argument is unused:
  S

Hint: Omit it from the simp argument list.
  simp [S̵,̵ ̵hx]

Note: This linter can be disabled with `set_option linter.unusedSimpArgs false`
warning: Proofs/Erdos85OrderFortyNineOneHighOverlap.lean:3017:13: This simp argument is unused:
  hx

Hint: Omit it from the simp argument list.
  simp [S,̵ ̵h̵x̵]

Note: This linter can be disabled with `set_option linter.unusedSimpArgs false`
⚠ [8737/8769] Replayed Proofs.Erdos85OneHighCanonicalMate
warning: Proofs/Erdos85OneHighCanonicalMate.lean:80:57: try 'simp' instead of 'simpa'

Note: This linter can be disabled with `set_option linter.unnecessarySimpa false`
warning: Proofs/Erdos85OneHighCanonicalMate.lean:106:23: This simp argument is unused:
  hpr

Hint: Omit it from the simp argument list.
  simp [rep, hp̵r̵,̵ ̵h̵npr, hinv]

Note: This linter can be disabled with `set_option linter.unusedSimpArgs false`
warning: Proofs/Erdos85OneHighCanonicalMate.lean:108:18: This simp argument is unused:
  hpr

Hint: Omit it from the simp argument list.
  simp [hp̵r̵,̵ ̵h̵npr, hinv]

Note: This linter can be disabled with `set_option linter.unusedSimpArgs false`
warning: Proofs/Erdos85OneHighCanonicalMate.lean:130:21: This simp argument is unused:
  hpi

Hint: Omit it from the simp argument list.
  simp [rep, hi, hp̵i̵,̵ ̵h̵npi, hinv]

Note: This linter can be disabled with `set_option linter.unusedSimpArgs false`
warning: Proofs/Erdos85OneHighCanonicalMate.lean:137:21: This simp argument is unused:
  hpp

Hint: Omit it from the simp argument list.
  simp [rep, hi, hp̵p̵,̵ ̵h̵nle, hinv]

Note: This linter can be disabled with `set_option linter.unusedSimpArgs false`
warning: Proofs/Erdos85OneHighCanonicalMate.lean:1944:17: try 'simp' instead of 'simpa'

Note: This linter can be disabled with `set_option linter.unnecessarySimpa false`
ℹ [8744/8769] Replayed Proofs.Erdos85OrderFortyNineSevenHighT0EmptyVertices
info: Proofs/Erdos85OrderFortyNineSevenHighT0EmptyVertices.lean:116:0: 'Erdos85.sevenHighT0EmptyVertex_key' depends on axioms: [propext, Classical.choice, Quot.sound]
info: Proofs/Erdos85OrderFortyNineSevenHighT0EmptyVertices.lean:117:0: 'Erdos85.sevenHighT0EmptyVertex_not_high' depends on axioms: [propext, Classical.choice, Quot.sound]
info: Proofs/Erdos85OrderFortyNineSevenHighT0EmptyVertices.lean:118:0: 'Erdos85.sevenHighT0EmptyVertex_support' depends on axioms: [propext, Classical.choice, Quot.sound]
info: Proofs/Erdos85OrderFortyNineSevenHighT0EmptyVertices.lean:119:0: 'Erdos85.sevenHighT0EmptyVertex_injective' depends on axioms: [propext, Classical.choice, Quot.sound]
ℹ [8745/8769] Replayed Proofs.Erdos85OrderFortyNineSevenHighT0EmptyQuotient
info: Proofs/Erdos85OrderFortyNineSevenHighT0EmptyQuotient.lean:96:0: 'Erdos85.sevenHigh_t0_existsUnique_neighbor_carrying_label' depends on axioms: [propext, Classical.choice, Quot.sound]
info: Proofs/Erdos85OrderFortyNineSevenHighT0EmptyQuotient.lean:97:0: 'Erdos85.sevenHigh_t0_sum_support_card_over_lowNeighborhood_eq_seven' depends on axioms: [propext,
 Classical.choice,
 Quot.sound]
info: Proofs/Erdos85OrderFortyNineSevenHighT0EmptyQuotient.lean:98:0: 'Erdos85.sevenHigh_t0_local_quotient_arithmetic' depends on axioms: [propext, Quot.sound]
ℹ [8746/8769] Replayed Proofs.Erdos85OrderFortyNineSevenHighT0ActualSingletonCompatibility
info: Proofs/Erdos85OrderFortyNineSevenHighT0ActualSingletonCompatibility.lean:91:0: 'Erdos85.sevenHigh_t0_actualSingleton_commonNeighbor_card_le_one' depends on axioms: [propext,
 Classical.choice,
 Quot.sound]
info: Proofs/Erdos85OrderFortyNineSevenHighT0ActualSingletonCompatibility.lean:92:0: 'Erdos85.sevenHigh_t0_actualSingleton_commonNeighbor_eq_empty_of_common_nonSingleton' depends on axioms: [propext,
 Classical.choice,
 Quot.sound]
info: Proofs/Erdos85OrderFortyNineSevenHighT0ActualSingletonCompatibility.lean:93:0: 'Erdos85.sevenHigh_t0_quotient_edge_counts_one_parameter' depends on axioms: [propext, Classical.choice, Quot.sound]
info: Proofs/Erdos85OrderFortyNineSevenHighT0ActualSingletonCompatibility.lean:94:0: 'Erdos85.sevenHigh_t0_quotient_parameter_bounds' depends on axioms: [propext, Classical.choice, Quot.sound]
ℹ [8747/8769] Replayed Proofs.Erdos85OrderFortyNineSevenHighT0SingletonCopies
info: Proofs/Erdos85OrderFortyNineSevenHighT0SingletonCopies.lean:199:0: 'Erdos85.sevenHighT0SingletonVertex_support' depends on axioms: [propext, Classical.choice, Quot.sound]
info: Proofs/Erdos85OrderFortyNineSevenHighT0SingletonCopies.lean:200:0: 'Erdos85.sevenHighT0SingletonVertex_injective_copy' depends on axioms: [propext, Classical.choice, Quot.sound]
info: Proofs/Erdos85OrderFortyNineSevenHighT0SingletonCopies.lean:201:0: 'Erdos85.sevenHighT0SingletonVertex_injective' depends on axioms: [propext, Classical.choice, Quot.sound]
info: Proofs/Erdos85OrderFortyNineSevenHighT0SingletonCopies.lean:202:0: 'Erdos85.sevenHighT0CommonSingletonCopies_card_le_one' depends on axioms: [propext, Classical.choice, Quot.sound]
info: Proofs/Erdos85OrderFortyNineSevenHighT0SingletonCopies.lean:203:0: 'Erdos85.sevenHighT0CommonSingletonCopies_eq_empty_of_common_nonSingleton' depends on axioms: [propext,
 Classical.choice,
 Quot.sound]
ℹ [8748/8769] Replayed Proofs.Erdos85OrderFortyNineSevenHighT0PairVertices
info: Proofs/Erdos85OrderFortyNineSevenHighT0PairVertices.lean:97:0: 'Erdos85.sevenHighT0PairVertex_support' depends on axioms: [propext, Classical.choice, Quot.sound]
info: Proofs/Erdos85OrderFortyNineSevenHighT0PairVertices.lean:98:0: 'Erdos85.sevenHighT0PairVertex_injective' depends on axioms: [propext, Classical.choice, Quot.sound]
info: Proofs/Erdos85OrderFortyNineSevenHighT0PairVertices.lean:99:0: 'Erdos85.sevenHighT0PairIndex_card' depends on axioms: [propext, Classical.choice, Quot.sound]
ℹ [8749/8769] Replayed Proofs.Erdos85OrderFortyNineSevenHighT0LowVertexIndexing
info: Proofs/Erdos85OrderFortyNineSevenHighT0LowVertexIndexing.lean:168:0: 'Erdos85.sevenHighT0LowVertex_injective' depends on axioms: [propext, Classical.choice, Quot.sound]
info: Proofs/Erdos85OrderFortyNineSevenHighT0LowVertexIndexing.lean:169:0: 'Erdos85.sevenHighT0LowVertexEquiv' depends on axioms: [propext, Classical.choice, Quot.sound]
ℹ [8750/8769] Replayed Proofs.Erdos85OrderFortyNineSevenHighT0LocalQuotientBridge
info: Proofs/Erdos85OrderFortyNineSevenHighT0LocalQuotientBridge.lean:160:0: 'Erdos85.sum_add_card_eq_zero_eq_card_add_card_eq_two' depends on axioms: [propext, Classical.choice, Quot.sound]
info: Proofs/Erdos85OrderFortyNineSevenHighT0LocalQuotientBridge.lean:161:0: 'Erdos85.card_eq_two_eq_card_eq_zero_of_sum_eq_card' depends on axioms: [propext, Classical.choice, Quot.sound]
info: Proofs/Erdos85OrderFortyNineSevenHighT0LocalQuotientBridge.lean:162:0: 'Erdos85.sevenHigh_t0_pairNeighborCount_eq_zeroSupportNeighborCount' depends on axioms: [propext,
 Classical.choice,
 Quot.sound]
info: Proofs/Erdos85OrderFortyNineSevenHighT0LocalQuotientBridge.lean:163:0: 'Erdos85.sevenHigh_t0_pairNeighborCount_eq_lowEmptyNeighborCount_add_support' depends on axioms: [propext,
 Classical.choice,
 Quot.sound]
ℹ [8751/8769] Replayed Proofs.Erdos85OrderFortyNineSevenHighT0LocalQuotientCapacity
info: Proofs/Erdos85OrderFortyNineSevenHighT0LocalQuotientCapacity.lean:123:0: 'Erdos85.card_filter_eq_two_add_card_filter_eq_zero_le_card' depends on axioms: [propext, Classical.choice, Quot.sound]
info: Proofs/Erdos85OrderFortyNineSevenHighT0LocalQuotientCapacity.lean:124:0: 'Erdos85.sevenHigh_t0_lowEmptyNeighborCount_add_support_le_three' depends on axioms: [propext,
 Classical.choice,
 Quot.sound]
info: Proofs/Erdos85OrderFortyNineSevenHighT0LocalQuotientCapacity.lean:125:0: 'Erdos85.sevenHigh_t0_pairRoot_lowEmptyNeighbor_bound' depends on axioms: [propext, Classical.choice, Quot.sound]
info: Proofs/Erdos85OrderFortyNineSevenHighT0LocalQuotientCapacity.lean:126:0: 'Erdos85.sevenHigh_t0_singletonRoot_lowEmptyNeighbor_bound' depends on axioms: [propext, Classical.choice, Quot.sound]
info: Proofs/Erdos85OrderFortyNineSevenHighT0LocalQuotientCapacity.lean:127:0: 'Erdos85.sevenHigh_t0_emptyRoot_lowEmptyNeighbor_bound' depends on axioms: [propext, Classical.choice, Quot.sound]
ℹ [8752/8769] Replayed Proofs.Erdos85OrderFortyNineSevenHighT0LocalProfile
info: Proofs/Erdos85OrderFortyNineSevenHighT0LocalProfile.lean:192:0: 'Erdos85.sum_eq_two_mul_card_eq_two_add_card_eq_one' depends on axioms: [propext, Classical.choice, Quot.sound]
info: Proofs/Erdos85OrderFortyNineSevenHighT0LocalProfile.lean:193:0: 'Erdos85.sevenHigh_t0_two_mul_pairNeighborCount_add_singletonNeighborCount_eq_seven' depends on axioms: [propext,
 Classical.choice,
 Quot.sound]
info: Proofs/Erdos85OrderFortyNineSevenHighT0LocalProfile.lean:194:0: 'Erdos85.sevenHigh_t0_pairRoot_lowEmpty_singleton_profile' depends on axioms: [propext, Classical.choice, Quot.sound]
info: Proofs/Erdos85OrderFortyNineSevenHighT0LocalProfile.lean:195:0: 'Erdos85.sevenHigh_t0_singletonRoot_lowEmpty_singleton_profile' depends on axioms: [propext,
 Classical.choice,
 Quot.sound]
info: Proofs/Erdos85OrderFortyNineSevenHighT0LocalProfile.lean:196:0: 'Erdos85.sevenHigh_t0_emptyRoot_lowEmpty_singleton_profile' depends on axioms: [propext, Classical.choice, Quot.sound]
ℹ [8753/8769] Replayed Proofs.Erdos85OrderFortyNineSevenHighT0IndexedProfiles
info: Proofs/Erdos85OrderFortyNineSevenHighT0IndexedProfiles.lean:224:0: 'Erdos85.sevenHighT0LowVertex_support_card' depends on axioms: [propext, Classical.choice, Quot.sound]
info: Proofs/Erdos85OrderFortyNineSevenHighT0IndexedProfiles.lean:225:0: 'Erdos85.sevenHighT0LowVertex_degree_eq_seven' depends on axioms: [propext, Classical.choice, Quot.sound]
info: Proofs/Erdos85OrderFortyNineSevenHighT0IndexedProfiles.lean:226:0: 'Erdos85.sevenHighT0LowGraph_adj_iff' depends on axioms: [propext, Classical.choice, Quot.sound]
info: Proofs/Erdos85OrderFortyNineSevenHighT0IndexedProfiles.lean:227:0: 'Erdos85.sevenHighT0LowGraph_degree_add_supportCard_eq_seven' depends on axioms: [propext, Classical.choice, Quot.sound]
info: Proofs/Erdos85OrderFortyNineSevenHighT0IndexedProfiles.lean:228:0: 'Erdos85.sevenHighT0LowGraph_not_containsC4' depends on axioms: [propext, Classical.choice, Quot.sound]
ℹ [8754/8769] Replayed Proofs.Erdos85OrderFortyNineSevenHighT0CanonicalGraph
info: Proofs/Erdos85OrderFortyNineSevenHighT0CanonicalGraph.lean:260:0: 'Erdos85.sevenHighT0CanonicalVertex_injective' depends on axioms: [propext, Classical.choice, Quot.sound]
info: Proofs/Erdos85OrderFortyNineSevenHighT0CanonicalGraph.lean:261:0: 'Erdos85.sevenHighT0CanonicalVertexEquiv' depends on axioms: [propext, Classical.choice, Quot.sound]
info: Proofs/Erdos85OrderFortyNineSevenHighT0CanonicalGraph.lean:262:0: 'Erdos85.sevenHighT0CanonicalGraph_adj_iff' depends on axioms: [propext, Classical.choice, Quot.sound]
info: Proofs/Erdos85OrderFortyNineSevenHighT0CanonicalGraph.lean:263:0: 'Erdos85.sevenHighT0CanonicalGraph_not_containsC4' depends on axioms: [propext, Classical.choice, Quot.sound]
info: Proofs/Erdos85OrderFortyNineSevenHighT0CanonicalGraph.lean:264:0: 'Erdos85.sevenHighT0CanonicalGraph_high_low_adj_iff' depends on axioms: [propext, Classical.choice, Quot.sound]
info: Proofs/Erdos85OrderFortyNineSevenHighT0CanonicalGraph.lean:265:0: 'Erdos85.sevenHighT0CanonicalGraph_high_high_not_adj' depends on axioms: [propext, Classical.choice, Quot.sound]
info: Proofs/Erdos85OrderFortyNineSevenHighT0CanonicalGraph.lean:266:0: 'Erdos85.sevenHighT0CanonicalGraph_high_empty_not_adj' depends on axioms: [propext, Classical.choice, Quot.sound]
info: Proofs/Erdos85OrderFortyNineSevenHighT0CanonicalGraph.lean:267:0: 'Erdos85.sevenHighT0CanonicalGraph_high_singleton_adj_iff' depends on axioms: [propext, Classical.choice, Quot.sound]
info: Proofs/Erdos85OrderFortyNineSevenHighT0CanonicalGraph.lean:268:0: 'Erdos85.sevenHighT0CanonicalGraph_high_pair_adj_iff' depends on axioms: [propext, Classical.choice, Quot.sound]
ℹ [8755/8769] Replayed Proofs.Erdos85OrderFortyNineSevenHighT0CanonicalSemantics
info: Proofs/Erdos85OrderFortyNineSevenHighT0CanonicalSemantics.lean:70:0: 'Erdos85.sevenHighT0CanonicalGraph_completionSemantics' depends on axioms: [propext, Classical.choice, Quot.sound]
ℹ [8756/8769] Replayed Proofs.Erdos85OrderFortyNineSevenHighT0CanonicalCnf
info: Proofs/Erdos85OrderFortyNineSevenHighT0CanonicalCnf.lean:126:0: 'Erdos85.sevenHighT0CanonicalFinalState_shape' depends on axioms: [propext,
 Erdos85.sevenHighT0CanonicalFinalState_shape._native.native_decide.ax_1_1]
ℹ [8757/8769] Replayed Proofs.Erdos85OrderFortyNineSevenHighT0CanonicalCnfSatisfaction
info: Proofs/Erdos85OrderFortyNineSevenHighT0CanonicalCnfSatisfaction.lean:320:0: 'Erdos85.sevenHighT0CanonicalIndexOfFin_injective' depends on axioms: [propext, Classical.choice, Quot.sound]
info: Proofs/Erdos85OrderFortyNineSevenHighT0CanonicalCnfSatisfaction.lean:321:0: 'Erdos85.sevenHighT0CanonicalLowEdge_lookup' depends on axioms: [propext]
ℹ [8758/8769] Replayed Proofs.Erdos85OrderFortyNineSevenHighT0GlobalQuotientBridge
info: Proofs/Erdos85OrderFortyNineSevenHighT0GlobalQuotientBridge.lean:481:0: 'Erdos85.sevenHigh_t0_sum_pairNeighborCount_eq_sum_lowEmpty_add' depends on axioms: [propext,
 Classical.choice,
 Quot.sound]
info: Proofs/Erdos85OrderFortyNineSevenHighT0GlobalQuotientBridge.lean:482:0: 'Erdos85.sevenHigh_t0_pairFiber_global_balance' depends on axioms: [propext, Classical.choice, Quot.sound]
info: Proofs/Erdos85OrderFortyNineSevenHighT0GlobalQuotientBridge.lean:483:0: 'Erdos85.sevenHigh_t0_singletonFiber_global_balance' depends on axioms: [propext, Classical.choice, Quot.sound]
info: Proofs/Erdos85OrderFortyNineSevenHighT0GlobalQuotientBridge.lean:484:0: 'Erdos85.sevenHigh_t0_emptyFiber_global_balance' depends on axioms: [propext, Classical.choice, Quot.sound]
info: Proofs/Erdos85OrderFortyNineSevenHighT0GlobalQuotientBridge.lean:485:0: 'Erdos85.sevenHighT0DirectedIncidence_comm' depends on axioms: [propext, Classical.choice, Quot.sound]
info: Proofs/Erdos85OrderFortyNineSevenHighT0GlobalQuotientBridge.lean:486:0: 'Erdos85.sevenHigh_t0_directedIncidence_global_balances' depends on axioms: [propext, Classical.choice, Quot.sound]
info: Proofs/Erdos85OrderFortyNineSevenHighT0GlobalQuotientBridge.lean:487:0: 'Erdos85.sevenHigh_t0_directedIncidence_empty_capacity_bounds' depends on axioms: [propext,
 Classical.choice,
 Quot.sound]
info: Proofs/Erdos85OrderFortyNineSevenHighT0GlobalQuotientBridge.lean:488:0: 'Erdos85.sevenHigh_t0_directedIncidence_profile_equations' depends on axioms: [propext, Classical.choice, Quot.sound]
info: Proofs/Erdos85OrderFortyNineSevenHighT0GlobalQuotientBridge.lean:489:0: 'Erdos85.sevenHigh_t0_directed_quotient_one_parameter' depends on axioms: [propext, Classical.choice, Quot.sound]
ℹ [8759/8769] Replayed Proofs.Erdos85OrderFortyNineSevenHighT0GlobalQuotientParity
info: Proofs/Erdos85OrderFortyNineSevenHighT0GlobalQuotientParity.lean:96:0: 'Erdos85.sevenHighT0DirectedIncidence_self_eq_twice_internalEdges' depends on axioms: [propext,
 Classical.choice,
 Quot.sound]
info: Proofs/Erdos85OrderFortyNineSevenHighT0GlobalQuotientParity.lean:97:0: 'Erdos85.sevenHigh_t0_internalEmptyEdge_parameter_bounds' depends on axioms: [propext, Classical.choice, Quot.sound]
ℹ [8761/8788] Replayed Proofs.Erdos85OrderFortyNineSevenHighT0CanonicalRelabeling
info: Proofs/Erdos85OrderFortyNineSevenHighT0CanonicalRelabeling.lean:242:0: 'Erdos85.sevenHighT0CanonicalIndexPerm' depends on axioms: [propext, Quot.sound]
info: Proofs/Erdos85OrderFortyNineSevenHighT0CanonicalRelabeling.lean:243:0: 'Erdos85.sevenHighT0LowIndexPerm_supportCard' depends on axioms: [propext, Quot.sound]
info: Proofs/Erdos85OrderFortyNineSevenHighT0CanonicalRelabeling.lean:244:0: 'Erdos85.SevenHighT0CanonicalCompletionSemantics.relabel' depends on axioms: [propext, Classical.choice, Quot.sound]
ℹ [8762/8788] Replayed Proofs.Erdos85OrderFortyNineSevenHighT0CanonicalSemanticStructure
info: Proofs/Erdos85OrderFortyNineSevenHighT0CanonicalSemanticStructure.lean:236:0: 'Erdos85.SevenHighT0CanonicalCompletionSemantics.low_degree_full' depends on axioms: [propext,
 Classical.choice,
 Quot.sound]
info: Proofs/Erdos85OrderFortyNineSevenHighT0CanonicalSemanticStructure.lean:237:0: 'Erdos85.SevenHighT0CanonicalCompletionSemantics.high_degree_full' depends on axioms: [propext,
 Classical.choice,
 Quot.sound]
info: Proofs/Erdos85OrderFortyNineSevenHighT0CanonicalSemanticStructure.lean:238:0: 'Erdos85.SevenHighT0CanonicalCompletionSemantics.highVertices_card' depends on axioms: [propext,
 Classical.choice,
 Quot.sound]
info: Proofs/Erdos85OrderFortyNineSevenHighT0CanonicalSemanticStructure.lean:239:0: 'Erdos85.SevenHighT0CanonicalCompletionSemantics.highIncidenceCount_three' depends on axioms: [propext,
 Classical.choice,
 Quot.sound]
⚠ [8763/8788] Replayed Proofs.Erdos85OrderFortyNineSevenHighT0CanonicalCnfC4Witness
warning: Proofs/Erdos85OrderFortyNineSevenHighT0CanonicalCnfC4Witness.lean:153:12: try 'simp' instead of 'simpa'

Note: This linter can be disabled with `set_option linter.unnecessarySimpa false`
info: Proofs/Erdos85OrderFortyNineSevenHighT0CanonicalCnfC4Witness.lean:231:0: 'Erdos85.sevenHighT0Canonical_fourCross_not_all_adj' depends on axioms: [propext, Classical.choice, Quot.sound]
info: Proofs/Erdos85OrderFortyNineSevenHighT0CanonicalCnfC4Witness.lean:232:0: 'Erdos85.sevenHighT0CanonicalEdgeStatusValue_low_low' depends on axioms: [propext, Classical.choice, Quot.sound]
info: Proofs/Erdos85OrderFortyNineSevenHighT0CanonicalCnfC4Witness.lean:233:0: 'Erdos85.sevenHighT0CanonicalEdgeStatusValue_eq_adj' depends on axioms: [propext, Classical.choice, Quot.sound]
info: Proofs/Erdos85OrderFortyNineSevenHighT0CanonicalCnfC4Witness.lean:234:0: 'Erdos85.SevenHighT0CanonicalCompletionSemantics.exists_missing_cross_edge' depends on axioms: [propext,
 Classical.choice,
 Quot.sound]
⚠ [8764/8788] Replayed Proofs.Erdos85OrderFortyNineSevenHighT0CanonicalFinTransport
warning: Proofs/Erdos85OrderFortyNineSevenHighT0CanonicalFinTransport.lean:232:4: try 'simp' instead of 'simpa'

Note: This linter can be disabled with `set_option linter.unnecessarySimpa false`
info: Proofs/Erdos85OrderFortyNineSevenHighT0CanonicalFinTransport.lean:269:0: 'Erdos85.SevenHighT0CanonicalCompletionSemantics.finGraph_hypotheses' depends on axioms: [propext,
 Classical.choice,
 Quot.sound]
info: Proofs/Erdos85OrderFortyNineSevenHighT0CanonicalFinTransport.lean:270:0: 'Erdos85.SevenHighT0CanonicalCompletionSemantics.finGraph_internalEmptyEdge_bounds' depends on axioms: [propext,
 Classical.choice,
 Quot.sound]
ℹ [8765/8788] Replayed Proofs.Erdos85OrderFortyNineSevenHighT0CanonicalSemanticEmptyMask
info: Proofs/Erdos85OrderFortyNineSevenHighT0CanonicalSemanticEmptyMask.lean:326:0: 'Erdos85.sevenHighT0CanonicalEmptySemanticMask_testBit' depends on axioms: [propext, Quot.sound]
info: Proofs/Erdos85OrderFortyNineSevenHighT0CanonicalSemanticEmptyMask.lean:327:0: 'Erdos85.sevenHighT0CanonicalEmptySemanticMask_countP_testBit' depends on axioms: [propext, Quot.sound]
info: Proofs/Erdos85OrderFortyNineSevenHighT0CanonicalSemanticEmptyMask.lean:328:0: 'Erdos85.SevenHighT0CanonicalCompletionSemantics.semanticMask_edge_bounds' depends on axioms: [propext,
 Classical.choice,
 Quot.sound]
info: Proofs/Erdos85OrderFortyNineSevenHighT0CanonicalSemanticEmptyMask.lean:329:0: 'Erdos85.sevenHighT0CanonicalEmptySemanticMaskAdj_eq' depends on axioms: [propext, Classical.choice, Quot.sound]
ℹ [8766/8788] Replayed Proofs.Erdos85OrderFortyNineSevenHighT0CanonicalSemanticEmptyOrbitRelabel
info: Proofs/Erdos85OrderFortyNineSevenHighT0CanonicalSemanticEmptyOrbitRelabel.lean:112:0: 'Erdos85.sevenHighT0CanonicalEmptySemanticMaskAdj_relabel' depends on axioms: [propext, Classical.choice, Quot.sound]
info: Proofs/Erdos85OrderFortyNineSevenHighT0CanonicalSemanticEmptyOrbitRelabel.lean:113:0: 'Erdos85.sevenHighT0CanonicalEmptySemanticMask_relabel_eq_of_adj' depends on axioms: [propext,
 Classical.choice,
 Quot.sound]
ℹ [8767/8788] Replayed Proofs.Erdos85OrderFortyNineSevenHighT0CanonicalHighSymmetry
info: Proofs/Erdos85OrderFortyNineSevenHighT0CanonicalHighSymmetry.lean:134:0: 'Erdos85.SevenHighT0CanonicalCompletionSemantics.highRelabel' depends on axioms: [propext, Classical.choice, Quot.sound]
info: Proofs/Erdos85OrderFortyNineSevenHighT0CanonicalHighSymmetry.lean:135:0: 'Erdos85.sevenHighT0CanonicalEmptySemanticMask_highRelabel' depends on axioms: [propext, Classical.choice, Quot.sound]
ℹ [8768/8788] Replayed Proofs.Erdos85OrderFortyNineSevenHighT0CanonicalHighSymmetryRowKey
info: Proofs/Erdos85OrderFortyNineSevenHighT0CanonicalHighSymmetryRowKey.lean:270:0: 'Erdos85.sevenHighT0RowKey_highRelabel' depends on axioms: [propext, Classical.choice, Quot.sound]
info: Proofs/Erdos85OrderFortyNineSevenHighT0CanonicalHighSymmetryRowKey.lean:271:0: 'Erdos85.SevenHighT0CanonicalCompletionSemantics.emptyNbr_add_row_card' depends on axioms: [propext,
 Classical.choice,
 Quot.sound]
info: Proofs/Erdos85OrderFortyNineSevenHighT0CanonicalHighSymmetryRowKey.lean:272:0: 'Erdos85.SevenHighT0CanonicalCompletionSemantics.exists_rowKeyMinimal' depends on axioms: [propext,
 Classical.choice,
 Quot.sound]
info: Proofs/Erdos85OrderFortyNineSevenHighT0CanonicalHighSymmetryRowKey.lean:273:0: 'Erdos85.sevenHighT0HsbWitness_excludes' depends on axioms: [propext, Classical.choice, Quot.sound]
ℹ [8770/8788] Replayed Proofs.Erdos85OrderFortyNineSevenHighT0CanonicalEmptyCubeCnf
info: Proofs/Erdos85OrderFortyNineSevenHighT0CanonicalEmptyCubeCnf.lean:108:0: 'Erdos85.sevenHighT0CanonicalEmptyRepresentativeCounts' depends on axioms: [Erdos85.sevenHighT0CanonicalEmptyRepresentativeCounts._native.native_decide.ax_1_1]
info: Proofs/Erdos85OrderFortyNineSevenHighT0CanonicalEmptyCubeCnf.lean:109:0: 'Erdos85.sevenHighT0CanonicalEmptyMaskUnits_f6_type0' depends on axioms: [propext,
 Quot.sound,
 Erdos85.sevenHighT0CanonicalEmptyMaskUnits_f6_type0._native.native_decide.ax_1_1]
ℹ [8771/8788] Replayed Proofs.Erdos85OrderFortyNineSevenHighT0CanonicalEmptyOrbitCover
info: Proofs/Erdos85OrderFortyNineSevenHighT0CanonicalEmptyOrbitCover.lean:101:0: 'Erdos85.sevenHighT0CanonicalEmptyRepresentative_orbit_cover' depends on axioms: [propext,
 Classical.choice,
 Quot.sound,
 Erdos85.sevenHighT0CanonicalEmptyRepresentative_orbit_cover._native.native_decide.ax_1_1]
ℹ [8772/8788] Replayed Proofs.Erdos85OrderFortyNineSevenHighT0CanonicalEmptyOrbitWitness
info: Proofs/Erdos85OrderFortyNineSevenHighT0CanonicalEmptyOrbitWitness.lean:85:0: 'Erdos85.sevenHighT0CanonicalEmptyAdmissible_exists_representative_permutation' depends on axioms: [propext,
 Classical.choice,
 Quot.sound,
 Erdos85.sevenHighT0CanonicalEmptyRepresentative_orbit_cover._native.native_decide.ax_1_1]
ℹ [8773/8788] Replayed Proofs.Erdos85OrderFortyNineSevenHighT0CanonicalSemanticEmptyAdmissible
info: Proofs/Erdos85OrderFortyNineSevenHighT0CanonicalSemanticEmptyAdmissible.lean:198:0: 'Erdos85.sevenHighT0CanonicalEmptySemanticDegree_eq' depends on axioms: [propext, Classical.choice, Quot.sound]
info: Proofs/Erdos85OrderFortyNineSevenHighT0CanonicalSemanticEmptyAdmissible.lean:199:0: 'Erdos85.SevenHighT0CanonicalCompletionSemantics.semanticEmptyDegree_le_three' depends on axioms: [propext,
 Classical.choice,
 Quot.sound]
info: Proofs/Erdos85OrderFortyNineSevenHighT0CanonicalSemanticEmptyAdmissible.lean:200:0: 'Erdos85.sevenHighT0CanonicalEmptySemanticCommonCount_eq' depends on axioms: [propext, Classical.choice, Quot.sound]
info: Proofs/Erdos85OrderFortyNineSevenHighT0CanonicalSemanticEmptyAdmissible.lean:201:0: 'Erdos85.SevenHighT0CanonicalCompletionSemantics.semanticEmptyMask_admissible' depends on axioms: [propext,
 Classical.choice,
 Quot.sound]
ℹ [8774/8788] Replayed Proofs.Erdos85OrderFortyNineSevenHighT0CanonicalEmptyPermutationAction
info: Proofs/Erdos85OrderFortyNineSevenHighT0CanonicalEmptyPermutationAction.lean:119:0: 'Erdos85.sevenHighT0CanonicalEmptyRepresentative_mask_lt' depends on axioms: [propext,
 Classical.choice,
 Quot.sound,
 Erdos85.sevenHighT0CanonicalEmptyPermutationAction_table._native.native_decide.ax_1_1]
info: Proofs/Erdos85OrderFortyNineSevenHighT0CanonicalEmptyPermutationAction.lean:120:0: 'Erdos85.sevenHighT0CanonicalEmptyPermutedMask_adj' depends on axioms: [propext,
 Classical.choice,
 Quot.sound,
 Erdos85.sevenHighT0CanonicalEmptyPermutationAction_table._native.native_decide.ax_1_1]
ℹ [8775/8788] Replayed Proofs.Erdos85OrderFortyNineSevenHighT0CanonicalEmptySemanticOrbitCover
info: Proofs/Erdos85OrderFortyNineSevenHighT0CanonicalEmptySemanticOrbitCover.lean:88:0: 'Erdos85.sevenHighT0CanonicalEmptyRepresentative_mem_data' depends on axioms: [propext, Quot.sound]
info: Proofs/Erdos85OrderFortyNineSevenHighT0CanonicalEmptySemanticOrbitCover.lean:89:0: 'Erdos85.SevenHighT0CanonicalCompletionSemantics.exists_relabel_emptyRepresentative' depends on axioms: [propext,
 Classical.choice,
 Quot.sound,
 Erdos85.sevenHighT0CanonicalEmptyPermutationAction_table._native.native_decide.ax_1_1,
 Erdos85.sevenHighT0CanonicalEmptyRepresentative_orbit_cover._native.native_decide.ax_1_1]
ℹ [8776/8788] Replayed Proofs.Erdos85OrderFortyNineSevenHighT0CanonicalEmptyCubeSatisfaction
info: Proofs/Erdos85OrderFortyNineSevenHighT0CanonicalEmptyCubeSatisfaction.lean:129:0: 'Erdos85.sevenHighT0CanonicalEdgeVal_emptyPair' depends on axioms: [propext, Classical.choice, Quot.sound]
info: Proofs/Erdos85OrderFortyNineSevenHighT0CanonicalEmptyCubeSatisfaction.lean:130:0: 'Erdos85.sevenHighT0CanonicalEmptyMaskUnits_get' depends on axioms: [propext]
info: Proofs/Erdos85OrderFortyNineSevenHighT0CanonicalEmptyCubeSatisfaction.lean:131:0: 'Erdos85.sevenHighT0CanonicalEmptyRepresentativeCube_sat' depends on axioms: [propext, Classical.choice, Quot.sound]
ℹ [8777/8788] Replayed Proofs.Erdos85OrderFortyNineSevenHighT0CanonicalCnfDegreeWitness
info: Proofs/Erdos85OrderFortyNineSevenHighT0CanonicalCnfDegreeWitness.lean:376:0: 'Erdos85.sevenHighT0CanonicalDegreeVarId_bounds' depends on axioms: [propext, Quot.sound]
info: Proofs/Erdos85OrderFortyNineSevenHighT0CanonicalCnfDegreeWitness.lean:377:0: 'Erdos85.sevenHighT0CanonicalDegreeInputReifies' depends on axioms: [propext, Classical.choice, Quot.sound]
info: Proofs/Erdos85OrderFortyNineSevenHighT0CanonicalCnfDegreeWitness.lean:378:0: 'Erdos85.sevenHighT0CanonicalDegreeRow_target' depends on axioms: [propext, Classical.choice, Quot.sound]
info: Proofs/Erdos85OrderFortyNineSevenHighT0CanonicalCnfDegreeWitness.lean:379:0: 'Erdos85.sevenHighT0CanonicalDegreeVars_eq_generator' depends on axioms: [propext, Classical.choice, Quot.sound]
info: Proofs/Erdos85OrderFortyNineSevenHighT0CanonicalCnfDegreeWitness.lean:380:0: 'Erdos85.sevenHighT0CanonicalDegreeStepVal_semanticSound' depends on axioms: [propext, Classical.choice, Quot.sound]
info: Proofs/Erdos85OrderFortyNineSevenHighT0CanonicalCnfDegreeWitness.lean:381:0: 'Erdos85.sevenHighT0CanonicalDegreeStateVal_semanticSound' depends on axioms: [propext, Classical.choice, Quot.sound]
ℹ [8778/8788] Replayed Proofs.Erdos85OrderFortyNineSevenHighT0CanonicalCnfC4Fold
info: Proofs/Erdos85OrderFortyNineSevenHighT0CanonicalCnfC4Fold.lean:56:0: 'Erdos85.sevenHighT0CanonicalC4Clause_satisfied_of_false_status' depends on axioms: [propext, Quot.sound]
info: Proofs/Erdos85OrderFortyNineSevenHighT0CanonicalCnfC4Fold.lean:57:0: 'Erdos85.sevenHighT0CanonicalEdgeStatus_variable_pos' depends on axioms: [propext, Classical.choice, Quot.sound]
ℹ [8779/8788] Replayed Proofs.Erdos85OrderFortyNineSevenHighT0CanonicalCnfC4Completion
info: Proofs/Erdos85OrderFortyNineSevenHighT0CanonicalCnfC4Completion.lean:300:0: 'Erdos85.sevenHighT0CanonicalEdgeStatus_variable_le' depends on axioms: [propext, Classical.choice, Quot.sound]
info: Proofs/Erdos85OrderFortyNineSevenHighT0CanonicalCnfC4Completion.lean:301:0: 'Erdos85.sevenHighT0CanonicalC4Step_satisfied' depends on axioms: [propext, Classical.choice, Quot.sound]
info: Proofs/Erdos85OrderFortyNineSevenHighT0CanonicalCnfC4Completion.lean:302:0: 'Erdos85.sevenHighT0CanonicalFinalState_satisfied' depends on axioms: [propext, Classical.choice, Quot.sound]
⚠ [8780/8788] Replayed Proofs.Erdos85OrderFortyNineSevenHighT0CanonicalCnfTerminal
warning: Proofs/Erdos85OrderFortyNineSevenHighT0CanonicalCnfTerminal.lean:83:10: Variable name `hc` is not explicitly referenced.

The binding can be removed (if unused) or named `_` (if used implicitly).

Note: This linter can be disabled with `set_option linter.unusedVariables false`
warning: Proofs/Erdos85OrderFortyNineSevenHighT0CanonicalCnfTerminal.lean:95:29: Variable name `hc` is not explicitly referenced.

The binding can be removed (if unused) or named `_` (if used implicitly).

Note: This linter can be disabled with `set_option linter.unusedVariables false`
info: Proofs/Erdos85OrderFortyNineSevenHighT0CanonicalCnfTerminal.lean:243:0: 'Erdos85.sevenHighT0CanonicalDegreeState_nonzero' depends on axioms: [propext, Classical.choice, Quot.sound]
info: Proofs/Erdos85OrderFortyNineSevenHighT0CanonicalCnfTerminal.lean:244:0: 'Erdos85.sevenHighT0CanonicalFinalState_nonzero' depends on axioms: [propext, Classical.choice, Quot.sound]
info: Proofs/Erdos85OrderFortyNineSevenHighT0CanonicalCnfTerminal.lean:245:0: 'Erdos85.sevenHighT0CanonicalBaseSat' depends on axioms: [propext, Classical.choice, Quot.sound]
ℹ [8781/8788] Replayed Proofs.Erdos85CnfBinarySplit
info: Proofs/Erdos85CnfBinarySplit.lean:81:0: 'Erdos85.cnf_unsat_of_binaryUnitSplit' depends on axioms: [propext, Classical.choice, Quot.sound]
info: Proofs/Erdos85CnfBinarySplit.lean:82:0: 'Erdos85.CnfBinaryCheckedTree.unsat' depends on axioms: [propext, Classical.choice, Quot.sound]
[30s] Building...
ℹ [8782/8789] Replayed Proofs.Erdos85OrderFortyNineSevenHighT0CanonicalEmptyCubeSemanticExclusion
info: Proofs/Erdos85OrderFortyNineSevenHighT0CanonicalEmptyCubeSemanticExclusion.lean:125:0: 'Erdos85.SevenHighT0CanonicalEmptyCubeChecked.semanticExclusion' depends on axioms: [propext,
 Classical.choice,
 Quot.sound]
info: Proofs/Erdos85OrderFortyNineSevenHighT0CanonicalEmptyCubeSemanticExclusion.lean:126:0: 'Erdos85.SevenHighT0CanonicalEmptyCubeMixedEvidence.exclusion' depends on axioms: [propext,
 Classical.choice,
 Quot.sound]
info: Proofs/Erdos85OrderFortyNineSevenHighT0CanonicalEmptyCubeSemanticExclusion.lean:127:0: 'Erdos85.sevenHighT0Canonical_noCompletion_of_semanticExclusions' depends on axioms: [propext,
 Classical.choice,
 Quot.sound,
 Erdos85.sevenHighT0CanonicalEmptyPermutationAction_table._native.native_decide.ax_1_1,
 Erdos85.sevenHighT0CanonicalEmptyRepresentative_orbit_cover._native.native_decide.ax_1_1]
info: Proofs/Erdos85OrderFortyNineSevenHighT0CanonicalEmptyCubeSemanticExclusion.lean:128:0: 'Erdos85.sevenHighT0Canonical_noCompletion_of_mixedEvidenceVectors' depends on axioms: [propext,
 Classical.choice,
 Quot.sound,
 Erdos85.sevenHighT0CanonicalEmptyPermutationAction_table._native.native_decide.ax_1_1,
 Erdos85.sevenHighT0CanonicalEmptyRepresentative_orbit_cover._native.native_decide.ax_1_1]
ℹ [8783/8789] Replayed Proofs.Erdos85OrderFortyNineSevenHighT0CanonicalEmptyCubeExtraClauses
info: Proofs/Erdos85OrderFortyNineSevenHighT0CanonicalEmptyCubeExtraClauses.lean:120:0: 'Erdos85.sevenHighT0CanonicalEmptyCubeSemanticExclusion_of_extraUnsat' depends on axioms: [propext,
 Classical.choice,
 Quot.sound]
info: Proofs/Erdos85OrderFortyNineSevenHighT0CanonicalEmptyCubeExtraClauses.lean:121:0: 'Erdos85.sevenHighT0CanonicalEmptyCubeSemanticExclusion_of_extraLrat' depends on axioms: [propext,
 Classical.choice,
 Quot.sound]
info: Proofs/Erdos85OrderFortyNineSevenHighT0CanonicalEmptyCubeExtraClauses.lean:122:0: 'Erdos85.sevenHighT0CanonicalEmptyCubeSemanticExclusion_of_extraTree' depends on axioms: [propext,
 Classical.choice,
 Quot.sound]
info: Proofs/Erdos85OrderFortyNineSevenHighT0CanonicalEmptyCubeExtraClauses.lean:123:0: 'Erdos85.sevenHighT0CanonicalExtraClausesSound_of_edgeOnly' depends on axioms: [propext, Classical.choice, Quot.sound]
ℹ [8784/8789] Replayed Proofs.Erdos85OrderFortyNineSevenHighT0CanonicalEmptyCubeOrbitExtraClauses
info: Proofs/Erdos85OrderFortyNineSevenHighT0CanonicalEmptyCubeOrbitExtraClauses.lean:130:0: 'Erdos85.sevenHighT0CanonicalEmptyCubeSemanticExclusion_of_orbitExtraUnsat' depends on axioms: [propext,
 Classical.choice,
 Quot.sound]
info: Proofs/Erdos85OrderFortyNineSevenHighT0CanonicalEmptyCubeOrbitExtraClauses.lean:131:0: 'Erdos85.sevenHighT0CanonicalExtraClausesOrbitSound_of_edgeOnly_representative' depends on axioms: [propext,
 Classical.choice,
 Quot.sound]
info: Proofs/Erdos85OrderFortyNineSevenHighT0CanonicalEmptyCubeOrbitExtraClauses.lean:132:0: 'Erdos85.sevenHighT0CanonicalExtraClausesOrbitSound_of_sound' depends on axioms: [propext, Classical.choice, Quot.sound]
info: Proofs/Erdos85OrderFortyNineSevenHighT0CanonicalEmptyCubeOrbitExtraClauses.lean:133:0: 'Erdos85.cnf_unsat_of_case_split' depends on axioms: [propext, Quot.sound]
✔ [8785/8789] Built Proofs.Erdos85LratRuntime (5.2s)
ℹ [8787/8802] Replayed Proofs.Erdos85OrderFortyNineSevenHighT0CanonicalHsbSound
info: Proofs/Erdos85OrderFortyNineSevenHighT0CanonicalHsbSound.lean:492:0: 'Erdos85.SevenHighT0Hsb.clause_eval_of_check' depends on axioms: [propext, Classical.choice, Quot.sound]
info: Proofs/Erdos85OrderFortyNineSevenHighT0CanonicalHsbSound.lean:493:0: 'Erdos85.sevenHighT0CanonicalHsb_representative' depends on axioms: [propext, Classical.choice, Quot.sound]
info: Proofs/Erdos85OrderFortyNineSevenHighT0CanonicalHsbSound.lean:494:0: 'Erdos85.sevenHighT0CanonicalHsb_orbitSound' depends on axioms: [propext, Classical.choice, Quot.sound]
info: Proofs/Erdos85OrderFortyNineSevenHighT0CanonicalHsbSound.lean:495:0: 'Erdos85.sevenHighT0CanonicalEmptyCubeSemanticExclusion_of_hsbUnsat' depends on axioms: [propext,
 Classical.choice,
 Quot.sound]
ℹ [8788/8802] Replayed Proofs.Erdos85OrderFortyNineSevenHighT0CanonicalHsbLeaves
info: Proofs/Erdos85OrderFortyNineSevenHighT0CanonicalHsbLeaves.lean:154:0: 'Erdos85.cnf_unsat_of_blocking_clauses' depends on axioms: [propext, Quot.sound]
info: Proofs/Erdos85OrderFortyNineSevenHighT0CanonicalHsbLeaves.lean:155:0: 'Erdos85.sevenHighT0CanonicalEmptyCubeSemanticExclusion_of_hsbLeaves' depends on axioms: [propext,
 Classical.choice,
 Quot.sound]
info: Proofs/Erdos85OrderFortyNineSevenHighT0CanonicalHsbLeaves.lean:156:0: 'Erdos85.SevenHighT0CanonicalHsbEvidence.semanticExclusion' depends on axioms: [propext, Classical.choice, Quot.sound]
✔ [8789/8802] Built Proofs.Erdos85OneHighV2F3bGraphSide (4.2s)
✔ [8790/8802] Built Proofs.Erdos85OneHighFamilyCnfGenerator (19s)
[60s] Building...
[90s] Building...
⚠ [8791/8802] Built Proofs.Erdos85OneHighFamilyCnfSatisfaction (37s)
warning: Proofs/Erdos85OneHighFamilyCnfSatisfaction.lean:37:55: try 'simp' instead of 'simpa'

Note: This linter can be disabled with `set_option linter.unnecessarySimpa false`
warning: Proofs/Erdos85OneHighFamilyCnfSatisfaction.lean:569:5: Variable name `hcPos` is not explicitly referenced.

The binding can be removed (if unused) or named `_` (if used implicitly).

Note: This linter can be disabled with `set_option linter.unusedVariables false`
warning: Proofs/Erdos85OneHighFamilyCnfSatisfaction.lean:575:30: This simp argument is unused:
  hcPos

Hint: Omit it from the simp argument list.
  simp [dimacsLitValue, hc,̵ ̵h̵c̵P̵o̵s̵]

Note: This linter can be disabled with `set_option linter.unusedSimpArgs false`
warning: Proofs/Erdos85OneHighFamilyCnfSatisfaction.lean:2025:43: Variable name `hz` is not explicitly referenced.

The binding can be removed (if unused) or named `_` (if used implicitly).

Note: This linter can be disabled with `set_option linter.unusedVariables false`
warning: Proofs/Erdos85OneHighFamilyCnfSatisfaction.lean:2086:6: `push_neg` has been deprecated. Prefer using `push Not` instead.
If you'd rather continue using `push_neg` in your project, you can implement it as follows:
```
open Lean.Parser.Tactic in
macro "push_neg" cfg:optConfig loc:(location)? : tactic =>
  `(tactic| push $cfg:optConfig Not $[$loc]?)
```
warning: Proofs/Erdos85OneHighFamilyCnfSatisfaction.lean:2241:27: Used `tac1 <;> tac2` where `(tac1; tac2)` would suffice

Note: This linter can be disabled with `set_option linter.unnecessarySeqFocus false`
warning: Proofs/Erdos85OneHighFamilyCnfSatisfaction.lean:3110:13: This simp argument is unused:
  h₁

Hint: Omit it from the simp argument list.
  simp only [h₁̵,̵ ̵h̵₂, h₃]

Note: This linter can be disabled with `set_option linter.unusedSimpArgs false`
warning: Proofs/Erdos85OneHighFamilyCnfSatisfaction.lean:3170:13: This simp argument is unused:
  h₁

Hint: Omit it from the simp argument list.
  simp only [h₁̵,̵ ̵h̵₂, h₃]

Note: This linter can be disabled with `set_option linter.unusedSimpArgs false`
warning: Proofs/Erdos85OneHighFamilyCnfSatisfaction.lean:3231:17: This simp argument is unused:
  oneHighFamilyCollectMidpointsVal

Hint: Omit it from the simp argument list.
  simp only [o̵n̵e̵H̵i̵g̵h̵F̵a̵m̵i̵l̵y̵C̵o̵l̵l̵e̵c̵t̵M̵i̵d̵p̵o̵i̵n̵t̵s̵V̵a̵l̵,̵ ̵List.foldl_cons]

Note: This linter can be disabled with `set_option linter.unusedSimpArgs false`
warning: Proofs/Erdos85OneHighFamilyCnfSatisfaction.lean:3532:38: This simp argument is unused:
  mids

Hint: Omit it from the simp argument list.
  simp only [oneHighFamilyCommonTseitinStepVal,
  ̵  ̵ ̵ ̵oneHighFamilyCollectMidpointsVal,̵ ̵m̵i̵d̵s̵]

Note: This linter can be disabled with `set_option linter.unusedSimpArgs false`
warning: Proofs/Erdos85OneHighFamilyCnfSatisfaction.lean:3792:13: This simp argument is unused:
  hraw

Hint: Omit it from the simp argument list.
  simp only ̵[̵h̵r̵a̵w̵]̵

Note: This linter can be disabled with `set_option linter.unusedSimpArgs false`
warning: Proofs/Erdos85OneHighFamilyCnfSatisfaction.lean:3994:18: This simp argument is unused:
  hf'

Hint: Omit it from the simp argument list.
  simp [hf,̵ ̵h̵f̵'̵]

Note: This linter can be disabled with `set_option linter.unusedSimpArgs false`
✔ [8792/8802] Built Proofs.Erdos85OneHighOrbitCnf (4.6s)
✔ [8793/8802] Built Proofs.Erdos85OneHighV2Cnf (4.5s)
[120s] Building...
⚠ [8794/8802] Built Proofs.Erdos85OneHighV2Satisfaction (42s)
warning: Proofs/Erdos85OneHighV2Satisfaction.lean:385:13: This simp argument is unused:
  h₁

Hint: Omit it from the simp argument list.
  simp only [h₁̵,̵ ̵h̵₂, h₃]

Note: This linter can be disabled with `set_option linter.unusedSimpArgs false`
✔ [8795/8802] Built Proofs.Erdos85OneHighV2F3bCollectorAlign (4.3s)
[150s] Building...
✔ [8796/8802] Built Proofs.Erdos85OneHighV2GraphLedgers (10s)
✔ [8797/8802] Built Proofs.Erdos85OneHighV2TableTransport (4.4s)
✔ [8798/8802] Built Proofs.Erdos85OneHighV2F3bRawLedger (4.3s)
✔ [8799/8802] Built Proofs.Erdos85OneHighV2Exclusion (4.2s)
✔ [8800/8802] Built Proofs.Erdos85OneHighV2ExtensionCertificate (4.0s)
[180s] Building...
⚠ [8801/8802] Built Proofs.Erdos85CubeTreeComposition (4.3s)
warning: Proofs/Erdos85CubeTreeComposition.lean:91:40: `Int.natAbs_cast` has been deprecated: Use `Int.natAbs_natCast` instead
warning: Proofs/Erdos85CubeTreeComposition.lean:102:56: `Int.natAbs_cast` has been deprecated: Use `Int.natAbs_natCast` instead
ℹ [8802/8802] Built Proofs.Erdos85OrderFortyNineSevenHighT0CanonicalHsbLrat (4.1s)
info: Proofs/Erdos85OrderFortyNineSevenHighT0CanonicalHsbLrat.lean:76:0: 'Erdos85.SevenHighT0CanonicalHsbLeafLratChecked.unsat' depends on axioms: [propext, Classical.choice, Quot.sound]
info: Proofs/Erdos85OrderFortyNineSevenHighT0CanonicalHsbLrat.lean:77:0: 'Erdos85.SevenHighT0CanonicalHsbCoverLratChecked.unsat' depends on axioms: [propext, Classical.choice, Quot.sound]
info: Proofs/Erdos85OrderFortyNineSevenHighT0CanonicalHsbLrat.lean:78:0: 'Erdos85.sevenHighT0CanonicalHsbEvidence_of_lratChecks' depends on axioms: [propext, Classical.choice, Quot.sound]
info: Proofs/Erdos85OrderFortyNineSevenHighT0CanonicalHsbLrat.lean:79:0: 'Erdos85.sevenHighT0CanonicalEmptyCubeSemanticExclusion_of_hsbLratChecks' depends on axioms: [propext,
 Classical.choice,
 Quot.sound]
Build completed successfully (8802 jobs).

=== Build succeeded ===
