c ---- [ banner ] ------------------------------------------------------------
c
c Kissat SAT Solver
c 
c Copyright (c) 2021-2024 Armin Biere University of Freiburg
c Copyright (c) 2019-2021 Armin Biere Johannes Kepler University Linz
c 
c Version 4.0.4 unknown
c Apple clang version 17.0.0 (clang-1700.3.19.1) -W -Wall -O3 -DNDEBUG
c Thu Oct 16 20:09:41 UTC 2025 Darwin Tahoe-arm64.local 25.0.0 arm64
c
c ---- [ parsing ] -----------------------------------------------------------
c
c opened and reading DIMACS file:
c
c   /Users/rwalters/lean-genius-erdos85-goal48-sol3/q9-solver-controls/runs/005-N80-m10/input.cnf
c
c parsed 'p cnf 55145 189001' header
c closing input after reading 2930194 bytes (3 MB)
c finished parsing after 0.02 seconds
c
c ---- [ options ] -----------------------------------------------------------
c
c --restartint=50                  (different from default '1')
c --target=2                       (different from default '1')
c
c ---- [ solving ] -----------------------------------------------------------
c
c seconds switched rate     size/glue tier1   binary          remaining
c        MB reductions conflicts size  tier2      irredundant
c         level restarts redundant glue  trail           variables
c
c *  0.02 17 0 0 0  0 0   0   0 0.0 0 0 0 0 0% 133442 54810 54910 100%
c (  0.02 18 0 0 0  0 0   0   0 0.0 0 0 0 0 0% 133442 54810 54910 100%
c .  0.02 18 0 0 0  0 0   0   0 0.0 0 0 0 0 0% 133208 54582 54910 100%
c c  0.05 35 0 0 0  0 0   0   0 0.0 0 0 0 0 0% 133271 54518 54838 99%
c d  0.05 35 0 0 0  0 0   0   0 0.0 0 0 0 0 0% 133127 54518 54838 99%
c =  0.07 35 0 0 0  0 0   0   0 0.0 0 0 0 0 0% 133102 54459 54761 99%
c d  0.08 35 0 0 0  0 0   0   0 0.0 0 0 0 0 0% 133070 54444 54761 99%
c f  0.14 37 0 0 0  0 0   0   0 0.0 0 0 0 0 0% 133039 54444 54770 99%
c )  0.14 37 0 0 0  0 0   0   0 0.0 0 0 0 0 0% 133039 54444 54770 99%
c {  0.14 37 0 0 0  0 0   0   0 0.0 0 0 2 6 0% 133039 54444 54770 99%
c i  0.14 37 100 0 0  0 10  12   9 1.8 5 3 2 6 65% 133040 54444 54763 99%
c -  0.22 37 91 0 1  5 3 1000 710 6.2 74 12 6 17 67% 132886 54444 54763 99%
c }  0.22 37 91 1 1  5 3 1000 710 6.2 74 12 6 17 67% 132886 54444 54763 99%
c [  0.22 37 0 1 1  5 0 1000 710 0.0 0 0 2 6 0% 132886 54444 54763 99%
c B  0.22 37 83 1 1  5 26 1001 711 2.0 10 5 2 6 74% 132886 54444 54763 99%
c i  0.22 37 56 1 1  5 33 1003 712 2.0 5 2 2 6 33% 132886 54444 54760 99%
c -  0.26 40 118 1 2  5 2 2000 1560 5.1 65 13 5 17 55% 132884 54444 54760 99%
c W  0.28 40 118 1 2  5 2 2002 1562 5.1 65 13 5 17 55% 132884 54436 54760 99%
c ]  0.32 40 101 2 2  6 2 2461 1994 3.7 69 19 5 17 58% 132885 54436 54760 99%
c {  0.32 40 91 2 2  6 3 2461 1994 6.2 74 12 6 17 67% 132885 54436 54760 99%
c
c seconds  switched rate       size/glue  tier1      binary          remaining
c        MB reductions conflicts     size   tier2        irredundant
c         level restarts  redundant     glue    trail           variables
c
c u  0.36 40 88 2 2  7 3 2534 2050 5.8 72 12 6 17 67% 132897 54424 54760 99%
c v  0.37 40 88 2 2  7 3 2534 2050 5.8 72 12 6 17 67% 132897 54424 54760 99%
c w  0.37 40 88 2 2  7 3 2534 2049 5.8 72 12 6 17 67% 132897 54424 54760 99%
c x  0.37 40 88 2 2  7 3 2534 2049 5.8 72 12 6 17 67% 132977 54309 54688 99%
c d  0.40 40 88 2 2  7 3 2534 2049 5.8 72 12 6 17 67% 132810 54273 54600 99%
c t  0.41 40 88 2 2  7 3 2534 2049 5.8 72 12 6 17 67% 132806 54273 54600 99%
c b  0.41 40 88 2 2  7 3 2534 2049 5.8 72 12 6 17 67% 132806 54273 54599 99%
c f  0.41 40 88 2 2  7 3 2534 2049 5.8 72 12 6 17 67% 132741 54273 54607 99%
c d  0.42 40 88 2 2  7 3 2534 2049 5.8 72 12 6 17 67% 132740 54272 54606 99%
c b  0.42 40 88 2 2  7 3 2534 2049 5.8 72 12 6 17 67% 132740 54272 54601 99%
c u  0.43 40 88 2 2  7 3 2534 2041 5.8 72 12 6 17 67% 132740 54272 54601 99%
c v  0.43 40 88 2 2  7 3 2534 2041 5.8 72 12 6 17 67% 132740 54272 54601 99%
c w  0.44 40 88 2 2  7 3 2534 2041 5.8 72 12 6 17 67% 132740 54272 54601 99%
c x  0.44 40 88 2 2  7 3 2534 2041 5.8 72 12 6 17 67% 132758 54251 54595 99%
c d  0.44 40 88 2 2  7 3 2534 2041 5.8 72 12 6 17 67% 132737 54248 54583 99%
c f  0.45 40 88 2 2  7 3 2534 2041 5.8 72 12 6 17 67% 132730 54248 54586 99%
c i  0.45 40 88 2 2  7 3 2534 2041 5.8 72 12 6 17 67% 132730 54248 54586 99%
c -  0.52 44 57 2 3  8 2 3416 2541 6.8 76 11 6 14 67% 132555 54248 54586 99%
c }  0.52 44 56 3 3  8 2 3463 2588 6.9 77 11 6 14 67% 132555 54248 54586 99%
c [  0.52 44 101 3 3  8 2 3463 2588 3.7 69 19 5 17 58% 132555 54248 54586 99%
c
c seconds  switched rate       size/glue  tier1      binary          remaining
c        MB reductions conflicts     size   tier2        irredundant
c         level restarts  redundant     glue    trail           variables
c
c ]  0.59 45 79 4 3  8 2 4159 3240 4.0 76 19 6 25 62% 132555 54248 54586 99%
c {  0.59 45 56 4 3  8 2 4159 3240 6.9 77 11 6 14 67% 132555 54248 54586 99%
c -  0.69 45 74 4 4 22 3 5148 3707 5.4 71 13 6 16 68% 132557 54248 54586 99%
c }  0.79 45 80 5 4 31 3 6513 5027 5.2 67 13 5 15 66% 132559 54248 54586 99%
c [  0.79 45 79 5 4 31 2 6513 5027 4.0 76 19 6 25 62% 132559 54248 54586 99%
c I  0.79 45 79 5 4 31 2 6513 5027 4.0 76 19 6 25 62% 132559 54248 54586 99%
c i  0.79 45 79 5 4 31 2 6530 5043 4.0 76 19 6 25 62% 132559 54248 54583 99%
c -  0.81 45 75 5 5 31 2 7149 4750 3.8 61 16 6 23 52% 132545 54248 54579 99%
c c  0.88 46 78 5 5 32 2 7806 5386 3.9 61 16 6 23 54% 132534 54236 54567 99%
c d  0.89 46 78 5 5 32 2 7806 5386 3.9 61 16 6 23 54% 132532 54223 54566 99%
c d  0.89 47 78 5 5 32 2 7806 5386 3.9 61 16 6 23 54% 132518 54223 54559 99%
c b  0.90 47 78 5 5 32 2 7806 5386 3.9 61 16 6 23 54% 132518 54223 54555 99%
c u  0.91 47 78 5 5 32 2 7806 5321 3.9 61 16 6 23 54% 132513 54223 54555 99%
c v  0.92 47 78 5 5 32 2 7806 5319 3.9 61 16 6 23 54% 132513 54223 54555 99%
c w  0.93 47 78 5 5 32 2 7806 5316 3.9 61 16 6 23 54% 132513 54223 54555 99%
c d  1.00 47 78 5 5 32 2 7806 5316 3.9 61 16 6 23 54% 132516 54218 54554 99%
c t  1.01 47 78 5 5 32 2 7806 5316 3.9 61 16 6 23 54% 132510 54218 54554 99%
c b  1.01 47 78 5 5 32 2 7806 5316 3.9 61 16 6 23 54% 132510 54218 54553 99%
c u  1.04 47 78 5 5 32 2 7806 5237 3.9 61 16 6 23 54% 132522 54217 54553 99%
c v  1.06 47 78 5 5 32 2 7806 5219 3.9 61 16 6 23 54% 132522 54217 54553 99%
c
c seconds  switched rate       size/glue  tier1      binary          remaining
c        MB reductions conflicts     size   tier2        irredundant
c         level restarts  redundant     glue    trail           variables
c
c w  1.07 47 78 5 5 32 2 7806 5219 3.9 61 16 6 23 54% 132522 54217 54553 99%
c b  1.08 47 78 5 5 32 2 7806 5219 3.9 61 16 6 23 54% 132522 54217 54552 99%
c -  1.19 47 83 5 6 33 2 9385 5414 3.8 69 18 5 26 52% 132500 54217 54552 99%
c ]  1.22 47 85 6 6 33 2 9765 5735 3.7 65 18 5 26 51% 132501 54217 54552 99%
c {  1.22 47 80 6 6 33 3 9765 5735 5.2 67 13 5 15 66% 132501 54217 54552 99%
c -  1.30 47 79 6 7 36 3 11836 6256 4.5 51 12 4 13 54% 132514 54217 54552 99%
c o  1.33 48 82 6 7 38 3 12280 6671 4.5 52 11 4 13 55% 132522 54217 54552 99%
c i  1.34 48 83 6 7 39 3 12358 6729 4.5 51 11 4 13 54% 132532 54217 54545 99%
c i  1.35 48 83 6 7 40 3 12515 6863 4.5 51 11 4 13 54% 132544 54217 54530 99%
c i  1.35 48 83 6 7 40 3 12517 6864 4.5 51 11 4 13 54% 132544 54217 54529 99%
c i  1.35 48 83 6 7 40 3 12518 6864 4.5 51 11 4 13 54% 132544 54217 54522 99%
c 2  1.35 48 83 6 7 40 3 12667 7005 4.5 50 11 4 13 54% 132548 54217 54519 99%
c s  1.36 48 83 6 7 40 3 12667 7005 4.5 50 11 4 13 54% 132548 54190 54518 99%
c e  1.46 60 83 6 7 40 3 12667 7005 4.5 50 11 4 13 54% 27104 107722 17014 31%
c 2  1.46 60 83 6 7 40 3 12667 7005 4.5 50 11 4 13 54% 27096 107722 17014 31%
c s  1.49 60 83 6 7 40 3 12667 7005 4.5 50 11 4 13 54% 27334 106336 17014 31%
c e  1.52 63 83 6 7 40 3 12667 7005 4.5 50 11 4 13 54% 26232 107344 16821 31%
c ^  1.52 63 83 6 7 40 3 12667 7005 4.5 50 11 4 13 54% 26232 107344 16821 31%
c i  1.53 63 83 6 7 40 3 12726 268 4.5 50 11 4 13 54% 26238 107344 16812 30%
c }  1.54 63 84 7 7 40 3 13835 1283 4.3 45 10 4 13 49% 26238 107344 16812 30%
c
c seconds  switched rate        size/glue  tier1     binary           remaining
c        MB reductions conflicts      size   tier2       irredundant
c         level restarts   redundant     glue    trail           variables
c
c [  1.54 63 85 7 7 40 2 13835 1283 3.7 65 18 5 26 51% 26238 107344 16812 30%
c B  1.54 63 85 7 7 40 2 13835 1283 3.7 65 18 5 26 51% 26238 107344 16812 30%
c -  1.60 63 89 7 8 40 2 14481 1738 3.5 68 19 5 28 51% 26195 107298 16812 30%
c b  1.70 63 97 7 8 42 2 15988 3218 3.0 68 22 5 28 53% 26195 107298 16800 30%
c u  1.71 63 97 7 8 42 2 15988 2995 3.0 68 22 5 28 53% 26199 107298 16800 30%
c v  1.73 63 97 7 8 42 2 15988 2847 3.0 68 22 5 28 53% 26199 107298 16800 30%
c w  1.74 63 97 7 8 42 2 15988 2847 3.0 68 22 5 28 53% 26199 107298 16800 30%
c x  1.75 63 97 7 8 42 2 15988 2847 3.0 68 22 5 28 53% 26234 107242 16800 30%
c t  1.76 63 97 7 8 42 2 15988 2847 3.0 68 22 5 28 53% 26071 107242 16798 30%
c b  1.76 63 97 7 8 42 2 15988 2847 3.0 68 22 5 28 53% 26071 107242 16795 30%
c f  1.77 63 97 7 8 42 2 15988 2847 3.0 68 22 5 28 53% 26089 106720 16805 30%
c b  1.79 63 97 7 8 42 2 15988 2847 3.0 68 22 5 28 53% 26067 106694 16801 30%
c u  1.81 63 97 7 8 42 2 15988 2679 3.0 68 22 5 28 53% 26080 106694 16801 30%
c v  1.82 63 97 7 8 42 2 15988 2503 3.0 68 22 5 28 53% 26083 106694 16801 30%
c w  1.84 63 97 7 8 42 2 15988 2503 3.0 68 22 5 28 53% 26083 106694 16801 30%
c t  1.93 63 97 7 8 42 2 15988 2503 3.0 68 22 5 28 53% 26071 106675 16801 30%
c b  1.93 63 97 7 8 42 2 15988 2503 3.0 68 22 5 28 53% 26071 106675 16800 30%
c f  1.94 63 97 7 8 42 2 15988 2503 3.0 68 22 5 28 53% 26099 106123 16815 30%
c ]  2.01 63 95 8 8 42 2 16690 3191 3.0 67 23 5 28 53% 26099 106123 16815 30%
c {  2.01 63 84 8 8 42 3 16690 3191 4.3 45 10 4 13 49% 26099 106123 16815 30%
c
c seconds  switched rate        size/glue  tier1     binary           remaining
c        MB reductions conflicts      size   tier2       irredundant
c         level restarts   redundant     glue    trail           variables
c
c -  2.05 63 84 8 9 50 3 17311 3083 4.1 44 11 4 13 49% 26087 106123 16815 30%
c -  2.22 63 90 8 10 101 3 20311 5077 3.4 43 13 4 15 50% 26103 106123 16815 30%
c o  2.33 63 86 8 10 121 3 22440 6998 3.2 42 13 4 15 47% 26106 106123 16815 30%
c }  2.35 63 87 9 10 125 3 22849 7401 3.2 41 13 4 15 47% 26106 106123 16815 30%
c [  2.35 63 95 9 10 125 2 22849 7401 3.0 67 23 5 28 53% 26106 106123 16815 30%
c W  2.36 63 95 9 10 125 2 22849 7401 3.0 67 23 5 28 53% 26106 106123 16815 30%
c -  2.43 63 94 9 11 125 2 23473 6687 2.8 68 24 6 33 53% 26106 106123 16815 30%
c s  2.66 63 89 9 11 127 2 25202 8329 2.6 69 26 6 33 55% 26109 105437 16815 30%
c e  2.73 63 89 9 11 127 2 25202 8329 2.6 69 26 6 33 55% 19728 113443 15025 27%
c 2  2.74 63 89 9 11 127 2 25202 8329 2.6 69 26 6 33 55% 19724 113443 15025 27%
c s  2.76 63 89 9 11 127 2 25202 8329 2.6 69 26 6 33 55% 19745 111356 15025 27%
c e  2.79 64 89 9 11 127 2 25202 8329 2.6 69 26 6 33 55% 19671 111447 15004 27%
c ^  2.79 64 89 9 11 127 2 25202 8329 2.6 69 26 6 33 55% 19671 111447 15004 27%
c ]  2.85 64 88 10 11 127 2 25675 3696 2.6 70 27 6 33 55% 19671 111447 15004 27%
c {  2.85 64 87 10 11 127 3 25675 3696 3.2 41 13 4 15 47% 19671 111447 15004 27%
c -  2.93 64 89 10 12 146 3 26790 3805 3.1 42 13 4 16 47% 19679 111447 15004 27%
c u  2.97 64 89 10 12 151 3 27143 3692 3.1 41 13 4 16 47% 19686 111447 15004 27%
c v  3.00 64 89 10 12 151 3 27143 3270 3.1 41 13 4 16 47% 19686 111447 15004 27%
c w  3.02 64 89 10 12 151 3 27143 3270 3.1 41 13 4 16 47% 19686 111447 15004 27%
c t  3.02 64 89 10 12 151 3 27143 3270 3.1 41 13 4 16 47% 19560 111447 15004 27%
c
c seconds   switched   rate        size/glue  tier1     binary           remaining
c        MB   reductions conflicts       size   tier2       irredundant
c         level   restarts    redundant     glue    trail           variables
c
c f  3.04 64 89 10 12 151 3 27143 3270 3.1 41 13 4 16 47% 19597 110897 15024 27%
c u  3.06 64 89 10 12 151 3 27143 3160 3.1 41 13 4 16 47% 19599 110897 15024 27%
c v  3.09 64 89 10 12 151 3 27143 2944 3.1 41 13 4 16 47% 19599 110897 15024 27%
c w  3.10 64 89 10 12 151 3 27143 2944 3.1 41 13 4 16 47% 19599 110897 15024 27%
c x  3.11 64 89 10 12 151 3 27143 2944 3.1 41 13 4 16 47% 19601 110726 15024 27%
c t  3.12 64 89 10 12 151 3 27143 2944 3.1 41 13 4 16 47% 19601 110726 15023 27%
c f  3.14 64 89 10 12 151 3 27143 2944 3.1 41 13 4 16 47% 19639 110166 15043 27%
c i  3.14 64 89 10 12 151 3 27159 2952 3.1 41 13 4 16 47% 19641 110166 15037 27%
c -  3.24 64 90 10 13 168 3 30255 5227 3.0 38 13 4 15 46% 19630 110166 15037 27%
c -  3.41 64 94 10 14 215 3 33860 7660 2.8 38 14 4 16 45% 19638 110166 15037 27%
c }  3.44 64 94 11 14 221 3 34303 8079 2.8 38 14 4 16 45% 19638 110166 15037 27%
c [  3.44 64 88 11 14 221 2 34303 8079 2.6 70 27 6 33 55% 19638 110166 15037 27%
c O  3.44 64 88 11 14 221 2 34303 8079 2.6 70 27 6 33 55% 19638 110166 15037 27%
c -  3.80 64 77 11 15 223 2 37602 9022 2.9 74 26 5 29 55% 19639 110166 15037 27%
c ]  3.84 64 77 12 15 223 2 38015 9425 2.9 74 26 5 29 55% 19639 110166 15037 27%
c {  3.84 64 94 12 15 223 3 38015 9425 2.8 38 14 4 16 45% 19639 110166 15037 27%
c -  4.02 64 96 12 16 267 4 41475 10040 2.7 38 14 4 16 44% 19654 110166 15037 27%
c b  4.02 64 96 12 16 268 4 41502 10064 2.7 38 14 4 16 44% 19665 110114 15036 27%
c u  4.05 64 96 12 16 268 4 41502 9698 2.7 38 14 4 16 44% 19670 110114 15036 27%
c v  4.09 64 96 12 16 268 4 41502 9687 2.7 38 14 4 16 44% 19670 110114 15036 27%
c
c seconds   switched   rate        size/glue  tier1     binary           remaining
c        MB   reductions conflicts       size   tier2       irredundant
c         level   restarts    redundant     glue    trail           variables
c
c w  4.11 64 96 12 16 268 4 41502 9686 2.7 38 14 4 16 44% 19670 110114 15036 27%
c d  4.11 64 96 12 16 268 4 41502 9684 2.7 38 14 4 16 44% 19672 110107 15035 27%
c t  4.12 64 96 12 16 268 4 41502 9684 2.7 38 14 4 16 44% 19649 110107 15033 27%
c f  4.14 64 96 12 16 268 4 41502 9684 2.7 38 14 4 16 44% 19703 109510 15061 27%
c u  4.19 67 96 12 16 268 4 41502 9486 2.7 38 14 4 16 44% 19705 109503 15061 27%
c v  4.21 67 96 12 16 268 4 41502 9392 2.7 38 14 4 16 44% 19705 109503 15061 27%
c w  4.23 67 96 12 16 268 4 41502 9390 2.7 38 14 4 16 44% 19705 109503 15061 27%
c x  4.24 67 96 12 16 268 4 41502 9390 2.7 38 14 4 16 44% 19705 108937 15061 27%
c t  4.38 67 96 12 16 268 4 41502 9390 2.7 38 14 4 16 44% 19700 108937 15061 27%
c f  4.40 67 96 12 16 268 4 41502 9390 2.7 38 14 4 16 44% 19740 108509 15083 27%
c o  4.47 67 96 12 16 278 4 42680 10539 2.7 38 14 4 16 44% 19741 108509 15083 27%
c -  4.67 67 97 12 17 312 4 45476 10470 2.7 40 15 4 17 45% 19747 108509 15083 27%
c i  4.76 67 96 12 17 328 4 47659 12548 2.6 39 15 4 17 45% 19749 108509 15079 27%
c }  4.90 67 97 13 17 360 4 49494 14342 2.6 40 15 4 17 45% 19754 108509 15079 27%
c [  4.90 67 77 13 17 360 2 49494 14342 2.9 74 26 5 29 55% 19754 108509 15079 27%
c B  4.90 67 77 13 17 360 2 49494 14342 2.9 74 26 5 29 55% 19754 108509 15079 27%
c -  4.91 67 77 13 18 360 2 49601 11510 2.8 74 26 5 29 55% 19750 108509 15079 27%
c s  5.21 67 80 13 18 362 2 52370 14056 2.4 75 31 5 29 55% 19751 107924 15079 27%
c e  5.28 67 80 13 18 362 2 52370 14056 2.4 75 31 5 29 55% 19087 109388 14576 26%
c s  5.30 68 80 13 18 362 2 52370 14056 2.4 75 31 5 29 55% 19094 108584 14576 26%
c
c seconds   switched   rate         size/glue  tier1     binary           remaining
c        MB   reductions conflicts        size   tier2       irredundant
c         level   restarts     redundant     glue    trail           variables
c
c e  5.33 68 80 13 18 362 2 52370 14056 2.4 75 31 5 29 55% 19090 108592 14574 26%
c ^  5.33 68 80 13 18 362 2 52370 14056 2.4 75 31 5 29 55% 19090 108592 14574 26%
c -  5.50 68 79 13 19 363 2 53845 7717 2.3 75 32 5 35 56% 19090 108592 14574 26%
c ]  5.66 68 78 14 19 364 2 55169 8898 2.3 75 33 5 35 56% 19090 108592 14574 26%
c {  5.66 68 97 14 19 364 4 55169 8898 2.6 40 15 4 17 45% 19090 108592 14574 26%
c -  5.85 68 97 14 20 405 4 58203 9160 2.6 40 15 4 17 45% 19095 108592 14574 26%
c u  5.93 68 97 14 20 412 4 59165 9501 2.6 40 15 4 17 45% 19108 108591 14573 26%
c v  5.96 68 97 14 20 412 4 59165 9126 2.6 40 15 4 17 45% 19108 108591 14573 26%
c w  5.98 68 97 14 20 412 4 59165 9126 2.6 40 15 4 17 45% 19108 108591 14573 26%
c x  6.01 68 97 14 20 412 4 59165 9123 2.6 40 15 4 17 45% 19115 108326 14573 26%
c t  6.02 68 97 14 20 412 4 59165 9117 2.6 40 15 4 17 45% 19094 108326 14571 26%
c f  6.04 68 97 14 20 412 4 59165 9117 2.6 40 15 4 17 45% 19152 107705 14611 26%
c u  6.08 68 97 14 20 412 4 59165 8653 2.6 40 15 4 17 45% 19152 107697 14611 26%
c v  6.12 68 97 14 20 412 4 59165 8543 2.6 40 15 4 17 45% 19152 107697 14611 26%
c w  6.14 68 97 14 20 412 4 59165 8543 2.6 40 15 4 17 45% 19152 107697 14611 26%
c x  6.16 68 97 14 20 412 4 59165 8541 2.6 40 15 4 17 45% 19179 107388 14610 26%
c d  6.17 68 97 14 20 412 4 59165 8541 2.6 40 15 4 17 45% 19180 107382 14609 26%
c t  6.17 68 97 14 20 412 4 59165 8541 2.6 40 15 4 17 45% 19178 107382 14607 26%
c f  6.20 68 97 14 20 412 4 59165 8541 2.6 40 15 4 17 45% 19229 106948 14637 27%
c i  6.20 68 97 14 20 412 4 59165 8541 2.6 40 15 4 17 45% 19229 106948 14637 27%
c
c seconds   switched   rate         size/glue  tier1     binary           remaining
c        MB   reductions conflicts        size   tier2       irredundant
c         level   restarts     redundant     glue    trail           variables
c
c -  6.38 68 97 14 21 448 4 62676 10717 2.6 40 15 4 17 45% 19208 106948 14637 27%
c -  6.64 68 97 14 22 487 4 67259 12952 2.6 40 16 4 17 46% 19210 106948 14637 27%
c }  6.80 68 96 15 22 519 4 69884 15514 2.6 40 16 4 17 46% 19210 106948 14637 27%
c [  6.80 68 78 15 22 519 2 69884 15514 2.3 75 33 5 35 56% 19210 106948 14637 27%
c W  6.81 68 78 15 22 519 2 69884 15514 2.3 75 33 5 35 56% 19210 106943 14637 27%
c -  7.06 68 75 15 23 521 2 71953 14167 2.3 73 33 5 34 56% 19211 106943 14637 27%
c -  7.57 68 69 15 24 524 2 76749 13970 2.2 71 32 5 32 57% 19212 106943 14637 27%
c ]  7.67 68 69 16 24 524 2 77929 15082 2.2 71 32 5 32 58% 19212 106943 14637 27%
c {  7.67 68 96 16 24 524 4 77929 15082 2.6 40 16 4 17 46% 19212 106943 14637 27%
c o  7.68 68 96 16 24 526 4 78033 15184 2.6 40 16 4 17 46% 19212 106943 14637 27%
c b  7.84 68 96 16 24 552 4 80254 17332 2.6 41 16 4 17 47% 19223 106935 14633 27%
c u  7.87 68 96 16 24 552 4 80254 16746 2.6 41 16 4 17 47% 19223 106935 14633 27%
c v  7.91 68 96 16 24 552 4 80254 16373 2.6 41 16 4 17 47% 19223 106935 14633 27%
c w  7.94 76 96 16 24 552 4 80254 16337 2.6 41 16 4 17 47% 19223 106935 14633 27%
c x  7.97 76 96 16 24 552 4 80254 16337 2.6 41 16 4 17 47% 19235 106398 14633 27%
c t  7.98 76 96 16 24 552 4 80254 16337 2.6 41 16 4 17 47% 19235 106398 14631 27%
c f  8.01 76 96 16 24 552 4 80254 16337 2.6 41 16 4 17 47% 19291 105953 14669 27%
c u  8.05 76 96 16 24 552 4 80254 15960 2.6 41 16 4 17 47% 19299 105944 14669 27%
c v  8.09 76 96 16 24 552 4 80254 15870 2.6 41 16 4 17 47% 19299 105944 14669 27%
c w  8.11 76 96 16 24 552 4 80254 15858 2.6 41 16 4 17 47% 19299 105944 14669 27%
c
c seconds   switched   rate         size/glue  tier1     binary           remaining
c        MB   reductions conflicts        size   tier2       irredundant
c         level   restarts     redundant     glue    trail           variables
c
c x  8.13 77 96 16 24 552 4 80254 15858 2.6 41 16 4 17 47% 19301 105716 14669 27%
c f  8.17 77 96 16 24 552 4 80254 15858 2.6 41 16 4 17 47% 19338 105380 14698 27%
c -  8.27 77 95 16 25 567 4 81647 13432 2.6 41 16 4 17 47% 19317 105380 14698 27%
c -  8.62 77 95 16 26 616 4 86649 14851 2.6 42 16 4 17 48% 19317 105380 14698 27%
c -  8.98 77 96 16 27 679 4 91748 16103 2.6 43 17 4 18 49% 19325 105380 14698 27%
c s  9.24 77 95 16 27 715 4 96110 20334 2.6 44 17 4 18 49% 19330 105280 14698 27%
c e  9.32 77 95 16 27 715 4 96110 20334 2.6 44 17 4 18 49% 16011 112600 13379 24%
c s  9.35 77 95 16 27 715 4 96110 20334 2.6 44 17 4 18 49% 16029 110549 13379 24%
c e  9.39 77 95 16 27 715 4 96110 20334 2.6 44 17 4 18 49% 15893 110777 13348 24%
c ^  9.39 77 95 16 27 715 4 96110 20334 2.6 44 17 4 18 49% 15893 110777 13348 24%
c }  9.40 77 94 17 27 716 4 96268 9416 2.6 44 16 4 18 49% 15893 110777 13348 24%
c [  9.40 77 69 17 27 716 2 96268 9416 2.2 71 32 5 32 58% 15893 110777 13348 24%
c I  9.40 77 69 17 27 716 2 96268 9416 2.2 71 32 5 32 58% 15893 110777 13348 24%
c -  9.43 77 71 17 28 716 2 96947 8513 2.2 71 32 5 32 58% 15893 110777 13348 24%
c -  9.85 77 75 17 29 720 2 102238 11246 2.2 71 32 5 32 58% 15893 110777 13348 24%
c u 10.08 77 75 17 29 722 2 104895 13270 2.3 71 31 5 32 58% 15896 110777 13348 24%
c v 10.13 77 75 17 29 722 2 104895 13250 2.3 71 31 5 32 58% 15896 110777 13348 24%
c w 10.15 77 75 17 29 722 2 104895 13250 2.3 71 31 5 32 58% 15896 110777 13348 24%
c x 10.19 77 75 17 29 722 2 104895 13249 2.3 71 31 5 32 58% 15900 110674 13348 24%
c t 10.43 77 75 17 29 722 2 104895 13249 2.3 71 31 5 32 58% 15882 110674 13348 24%
c
c seconds   switched   rate          size/glue  tier1     binary           remaining
c        MB   reductions conflicts         size   tier2       irredundant
c         level   restarts      redundant     glue    trail           variables
c
c f 10.46 77 75 17 29 722 2 104895 13249 2.3 71 31 5 32 58% 15902 110357 13363 24%
c u 10.50 77 75 17 29 722 2 104895 12386 2.3 71 31 5 32 58% 15903 110357 13363 24%
c v 10.55 77 75 17 29 722 2 104895 12266 2.3 71 31 5 32 58% 15903 110357 13363 24%
c w 10.57 77 75 17 29 722 2 104895 12266 2.3 71 31 5 32 58% 15903 110357 13363 24%
c x 10.60 77 75 17 29 722 2 104895 12266 2.3 71 31 5 32 58% 15904 110256 13363 24%
c f 10.63 77 75 17 29 722 2 104895 12266 2.3 71 31 5 32 58% 15917 110127 13372 24%
c - 10.81 77 76 17 30 722 2 107624 12237 2.3 70 30 5 30 59% 15917 110127 13372 24%
c ] 11.18 77 74 18 30 725 2 111982 16225 2.2 68 30 5 30 58% 15917 110127 13372 24%
c { 11.18 77 94 18 30 725 4 111982 16225 2.6 44 16 4 18 49% 15917 110127 13372 24%
c - 11.26 77 93 18 31 726 3 113102 13684 2.7 44 16 4 17 49% 15917 110127 13372 24%
c - 11.67 77 86 18 32 726 3 118670 15915 2.9 47 16 4 17 50% 15918 110127 13372 24%
c - 12.11 77 79 18 33 726 3 124326 18248 3.1 48 16 4 16 49% 15920 110127 13372 24%
c - 12.61 93 73 18 34 726 3 130070 19322 3.2 50 16 4 15 49% 15921 110127 13372 24%
c b 12.89 94 71 18 34 727 3 133173 22350 3.3 51 15 4 15 49% 15921 110127 13371 24%
c u 12.93 94 71 18 34 727 3 133173 21289 3.3 51 15 4 15 49% 15933 110127 13370 24%
c v 12.99 95 71 18 34 727 3 133173 20758 3.3 51 15 4 15 49% 15933 110127 13370 24%
c w 13.02 96 71 18 34 727 3 133173 20755 3.3 51 15 4 15 49% 15933 110127 13370 24%
c x 13.06 96 71 18 34 727 3 133173 20755 3.3 51 15 4 15 49% 15938 109598 13370 24%
c t 13.07 96 71 18 34 727 3 133173 20755 3.3 51 15 4 15 49% 15931 109598 13369 24%
c f 13.10 96 71 18 34 727 3 133173 20755 3.3 51 15 4 15 49% 15946 109444 13381 24%
c
c seconds   switched   rate          size/glue  tier1     binary           remaining
c        MB   reductions conflicts         size   tier2       irredundant
c         level   restarts      redundant     glue    trail           variables
c
c u 13.15 96 71 18 34 727 3 133173 19983 3.3 51 15 4 15 49% 15951 109436 13381 24%
c v 13.22 96 71 18 34 727 3 133173 19860 3.3 51 15 4 15 49% 15951 109436 13381 24%
c w 13.26 104 71 18 34 727 3 133173 19860 3.3 51 15 4 15 49% 15951 109436 13381 24%
c x 13.29 104 71 18 34 727 3 133173 19857 3.3 51 15 4 15 49% 15953 109266 13381 24%
c f 13.34 104 71 18 34 727 3 133173 19857 3.3 51 15 4 15 49% 15966 109116 13392 24%
c i 13.34 104 71 18 34 727 3 133173 19857 3.3 51 15 4 15 49% 15966 109116 13392 24%
c o 13.34 104 71 18 34 727 3 133173 19857 3.3 51 15 4 15 49% 15966 109116 13392 24%
c } 13.37 104 70 19 34 727 3 134327 20998 3.3 51 15 4 15 49% 15969 109116 13392 24%
c [ 13.37 104 74 19 34 727 2 134327 20998 2.2 68 30 5 30 58% 15969 109116 13392 24%
c B 13.37 104 74 19 34 727 2 134327 20998 2.2 68 30 5 30 58% 15969 109116 13392 24%
c - 13.51 104 75 19 35 728 2 135900 17724 2.2 68 31 5 31 58% 15956 109116 13392 24%
c - 14.08 104 71 19 36 732 1 141816 16104 2.3 69 31 5 31 58% 15956 109116 13392 24%
c - 14.68 104 66 19 37 735 1 147818 14607 2.3 68 30 5 30 58% 15956 109116 13392 24%
c ] 15.02 104 65 20 37 737 1 151445 17703 2.2 68 30 5 30 58% 15956 109116 13392 24%
c { 15.02 104 70 20 37 737 3 151445 17703 3.3 51 15 4 15 49% 15956 109116 13392 24%
c - 15.21 104 71 20 38 772 3 153903 15368 3.3 51 16 4 15 49% 15961 109116 13392 24%
c s 15.57 104 72 20 38 835 3 158252 19614 3.2 51 16 4 15 50% 15970 108954 13392 24%
c e 15.65 105 72 20 38 835 3 158252 19614 3.2 51 16 4 15 50% 13153 119594 12097 22%
c s 15.68 105 72 20 38 835 3 158252 19614 3.2 51 16 4 15 50% 13174 115069 12097 22%
c e 15.73 105 72 20 38 835 3 158252 19614 3.2 51 16 4 15 50% 12998 115554 12047 22%
c
c seconds    switched   rate          size/glue  tier1     binary           remaining
c         MB   reductions conflicts         size   tier2       irredundant
c          level   restarts      redundant     glue    trail           variables
c
c ^ 15.73 105 72 20 38 835 3 158252 19614 3.2 51 16 4 15 50% 12998 115554 12047 22%
c - 15.85 105 73 20 39 861 3 160068 7846 3.2 51 16 4 15 50% 12998 115554 12047 22%
c u 16.21 105 75 20 39 933 3 165178 11800 3.1 51 16 4 15 50% 13001 115554 12047 22%
c v 16.27 105 75 20 39 933 3 165178 11436 3.1 51 16 4 15 50% 13001 115554 12047 22%
c w 16.30 105 75 20 39 933 3 165178 11432 3.1 51 16 4 15 50% 13001 115554 12047 22%
c x 16.34 105 75 20 39 933 3 165178 11430 3.1 51 16 4 15 50% 13054 114736 12043 22%
c t 16.35 105 75 20 39 933 3 165178 11430 3.1 51 16 4 15 50% 13050 114716 12040 22%
c f 16.39 105 75 20 39 933 3 165178 11430 3.1 51 16 4 15 50% 13092 113782 12067 22%
c u 16.44 105 75 20 39 933 3 165178 10747 3.1 51 16 4 15 50% 13102 113770 12067 22%
c v 16.50 105 75 20 39 933 3 165178 10476 3.1 51 16 4 15 50% 13102 113770 12067 22%
c w 16.53 105 75 20 39 933 3 165178 10463 3.1 51 16 4 15 50% 13102 113770 12067 22%
c x 16.57 105 75 20 39 933 3 165178 10460 3.1 51 16 4 15 50% 13120 112889 12067 22%
c t 16.58 105 75 20 39 933 3 165178 10460 3.1 51 16 4 15 50% 13114 112889 12067 22%
c f 16.62 105 75 20 39 933 3 165178 10460 3.1 51 16 4 15 50% 13133 112534 12081 22%
c i 16.62 105 75 20 39 933 3 165178 10460 3.1 51 16 4 15 50% 13133 112534 12081 22%
c - 16.70 105 76 20 40 947 3 166312 10166 3.1 51 16 4 16 50% 13101 112534 12081 22%
c - 17.07 105 78 20 41 1019 3 172636 14211 3.1 51 17 4 16 50% 13105 112534 12081 22%
c } 17.39 105 79 21 41 1078 3 178184 19593 3.0 50 17 4 16 50% 13109 112534 12081 22%
c [ 17.39 105 65 21 41 1078 1 178184 19593 2.2 68 30 5 30 58% 13109 112534 12081 22%
c W 17.40 105 65 21 41 1078 1 178184 19593 2.2 68 30 5 30 58% 13109 112534 12081 22%
c
c seconds    switched    rate          size/glue  tier1     binary           remaining
c         MB   reductions  conflicts         size   tier2       irredundant
c          level    restarts      redundant     glue    trail           variables
c
c - 17.48 105 65 21 42 1078 1 179039 16310 2.2 68 30 5 29 58% 13109 112534 12081 22%
c - 18.03 105 63 21 43 1083 1 185519 16101 2.2 68 30 5 29 57% 13109 112534 12081 22%
c - 18.61 105 61 21 44 1086 1 192076 14597 2.2 68 31 5 30 56% 13109 112534 12081 22%
c o 18.84 105 61 21 44 1088 1 194620 16886 2.2 68 31 5 30 56% 13109 112534 12081 22%
c ] 19.11 105 63 22 44 1090 1 198403 20529 2.2 68 31 5 30 56% 13110 112533 12081 22%
c { 19.11 105 79 22 44 1090 3 198403 20529 3.0 50 17 4 16 50% 13110 112533 12081 22%
c - 19.12 105 79 22 45 1091 3 198709 14934 3.0 50 17 4 16 50% 13110 112533 12081 22%
c b 19.22 106 79 22 45 1092 3 201018 17094 3.0 49 16 4 16 50% 13111 112533 12079 22%
c u 19.27 106 79 22 45 1092 3 201018 16153 3.0 49 16 4 16 50% 13111 112533 12079 22%
c v 19.33 106 79 22 45 1092 3 201018 15756 3.0 49 16 4 16 50% 13111 112533 12079 22%
c w 19.35 106 79 22 45 1092 3 201018 15754 3.0 49 16 4 16 50% 13111 112533 12079 22%
c x 19.39 106 79 22 45 1092 3 201018 15754 3.0 49 16 4 16 50% 13115 112448 12079 22%
c = 19.74 106 79 22 45 1092 3 201018 15754 3.0 49 16 4 16 50% 13118 112438 12076 22%
c d 19.75 106 79 22 45 1092 3 201018 15754 3.0 49 16 4 16 50% 13116 112429 12076 22%
c t 19.75 106 79 22 45 1092 3 201018 15754 3.0 49 16 4 16 50% 13114 112429 12076 22%
c f 19.80 106 79 22 45 1092 3 201018 15754 3.0 49 16 4 16 50% 13125 112187 12086 22%
c u 19.86 106 79 22 45 1092 3 201018 14812 3.0 49 16 4 16 50% 13135 112187 12086 22%
c v 19.92 106 79 22 45 1092 3 201018 14254 3.0 49 16 4 16 50% 13135 112187 12086 22%
c w 19.95 106 79 22 45 1092 3 201018 14250 3.0 49 16 4 16 50% 13135 112187 12086 22%
c x 19.99 106 79 22 45 1092 3 201018 14250 3.0 49 16 4 16 50% 13137 112091 12086 22%
c
c seconds    switched    rate          size/glue  tier1     binary           remaining
c         MB   reductions  conflicts         size   tier2       irredundant
c          level    restarts      redundant     glue    trail           variables
c
c t 20.00 106 79 22 45 1092 3 201018 14250 3.0 49 16 4 16 50% 13131 112091 12086 22%
c f 20.04 94 79 22 45 1092 3 201018 14250 3.0 49 16 4 16 50% 13135 111994 12090 22%
c i 20.05 94 79 22 45 1092 3 201051 14272 3.0 49 16 4 16 50% 13138 111992 12088 22%
c i 20.18 94 79 22 45 1096 3 205195 18068 3.0 48 16 4 16 50% 13141 111992 12087 22%
c - 20.18 94 79 22 46 1096 3 205419 15300 3.0 48 16 4 16 50% 13111 111992 12087 22%
c i 20.33 94 77 22 46 1097 3 211169 20701 3.0 46 15 4 16 47% 13116 111992 12086 22%
c - 20.36 94 77 22 47 1097 3 212201 18374 3.0 46 15 4 15 47% 13115 111992 12086 22%
c i 20.36 94 77 22 47 1097 3 212224 18387 3.0 46 15 4 15 47% 13120 111991 12085 22%
c i 20.36 94 77 22 47 1097 3 212226 18387 3.0 46 15 4 15 47% 13121 111991 12084 22%
c i 20.48 94 76 22 47 1100 3 218227 23802 2.9 44 15 4 15 45% 13127 111991 12079 22%
c - 20.54 94 76 22 48 1101 3 219058 20583 2.9 44 15 4 15 44% 13099 111991 12079 22%
c - 20.84 94 74 22 49 1103 3 225988 22829 3.0 43 14 4 15 44% 13102 111991 12079 22%
c i 20.92 94 74 22 49 1107 3 228335 24936 3.0 43 14 4 15 43% 13121 111990 12077 22%
c i 20.99 94 73 22 49 1111 3 229676 26226 3.0 42 14 4 15 43% 13122 111990 12076 22%
c } 20.99 94 74 23 49 1112 3 229919 26459 3.0 42 14 4 15 43% 13122 111990 12076 22%
c [ 20.99 94 63 23 49 1112 1 229919 26459 2.2 68 31 5 30 56% 13122 111990 12076 22%
c O 20.99 94 63 23 49 1112 1 229919 26459 2.2 68 31 5 30 56% 13122 111990 12076 22%
c - 21.28 102 62 23 50 1114 1 232988 24250 2.2 68 31 5 30 55% 13113 111990 12076 22%
c - 21.89 103 61 23 51 1118 1 240062 23355 2.2 67 31 5 29 54% 13113 111990 12076 22%
c s 21.95 103 61 23 51 1118 1 240527 23805 2.2 67 31 5 29 54% 13118 111368 12075 22%
c
c seconds    switched    rate          size/glue  tier1     binary         remaining
c         MB   reductions  conflicts         size   tier2      irredundant
c          level    restarts      redundant     glue    trail         variables
c
c e 22.10 113 61 23 51 1118 1 240527 23805 2.2 67 31 5 29 54% 8610 159754 8029 15%
c s 22.26 113 61 23 51 1118 1 240527 23805 2.2 67 31 5 29 54% 8624 155493 8028 15%
c e 22.31 113 61 23 51 1118 1 240527 23805 2.2 67 31 5 29 54% 8570 155839 8003 15%
c ! 22.31 113 61 23 51 1118 1 240527 23805 2.2 67 31 5 29 54% 8570 155839 8003 15%
c u 22.38 114 61 23 51 1118 1 240736 7039 2.2 67 31 5 29 54% 8585 155825 8003 15%
c v 22.42 114 61 23 51 1118 1 240736 6665 2.2 67 31 5 29 54% 8585 155825 8003 15%
c w 22.44 114 61 23 51 1118 1 240736 6627 2.2 67 31 5 29 54% 8585 155825 8003 15%
c x 22.47 114 61 23 51 1118 1 240736 6627 2.2 67 31 5 29 54% 8587 155575 8003 15%
c t 22.48 114 61 23 51 1118 1 240736 6627 2.2 67 31 5 29 54% 8571 155575 8003 15%
c f 22.52 114 61 23 51 1118 1 240736 6627 2.2 67 31 5 29 54% 8586 155189 8011 15%
c u 22.57 114 61 23 51 1118 1 240736 6172 2.2 67 31 5 29 54% 8588 155189 8011 15%
c v 22.60 114 61 23 51 1118 1 240736 6004 2.2 67 31 5 29 54% 8588 155189 8011 15%
c w 22.64 114 61 23 51 1118 1 240736 5884 2.2 67 31 5 29 54% 8588 155189 8011 15%
c x 22.66 114 61 23 51 1118 1 240736 5884 2.2 67 31 5 29 54% 8588 154771 8011 15%
c f 22.71 114 61 23 51 1118 1 240736 5884 2.2 67 31 5 29 54% 8601 154406 8018 15%
c ] 22.96 114 61 24 51 1120 1 243247 8276 2.1 67 31 5 29 54% 8602 154405 8018 15%
c { 22.96 114 74 24 51 1120 3 243247 8276 3.0 42 14 4 15 43% 8602 154405 8018 15%
c - 23.18 115 74 24 52 1161 3 247206 10251 3.0 42 14 4 15 44% 8604 154405 8018 15%
c i 23.41 115 75 24 52 1196 3 250819 13612 2.9 42 14 4 15 44% 8604 154405 8017 15%
c - 23.60 115 75 24 53 1223 3 254417 15871 2.9 42 14 4 15 44% 8603 154404 8017 15%
c
c seconds    switched    rate          size/glue  tier1     binary         remaining
c         MB   reductions  conflicts         size   tier2      irredundant
c          level    restarts      redundant     glue    trail         variables
c
c o 23.61 115 75 24 53 1224 3 254726 16147 2.9 42 14 4 15 45% 8603 154404 8017 15%
c - 24.03 115 77 24 54 1304 3 261697 19473 2.9 42 15 4 15 45% 8615 154404 8017 15%
c i 24.45 115 78 24 54 1376 3 268130 25649 2.9 42 15 4 15 45% 8626 154403 8015 15%
c - 24.52 115 78 24 55 1388 3 269045 21864 2.8 42 15 4 15 45% 8623 154403 8015 15%
c - 25.02 116 79 24 56 1486 3 276461 23524 2.8 42 15 4 15 45% 8627 154401 8015 15%
c } 25.26 116 79 25 56 1531 3 279924 26903 2.8 42 15 4 15 46% 8627 154401 8015 15%
c [ 25.26 116 61 25 56 1531 1 279924 26903 2.1 67 31 5 29 54% 8627 154401 8015 15%
c B 25.26 116 61 25 56 1531 1 279924 26903 2.1 67 31 5 29 54% 8627 154401 8015 15%
c - 25.69 116 63 25 57 1533 1 283944 23378 2.1 67 32 5 30 54% 8627 154401 8015 15%
c u 25.84 116 63 25 57 1534 1 284715 23245 2.1 67 32 5 30 54% 8656 154348 8015 15%
c v 25.91 116 63 25 57 1534 1 284715 23066 2.1 67 32 5 30 54% 8656 154348 8015 15%
c w 25.95 117 63 25 57 1534 1 284715 23066 2.1 67 32 5 30 54% 8656 154348 8015 15%
c x 26.00 117 63 25 57 1534 1 284715 23066 2.1 67 32 5 30 54% 8667 154005 8015 15%
c t 26.00 117 63 25 57 1534 1 284715 23066 2.1 67 32 5 30 54% 8650 154005 8015 15%
c f 26.06 117 63 25 57 1534 1 284715 23066 2.1 67 32 5 30 54% 8669 153556 8026 15%
c u 26.13 117 63 25 57 1534 1 284715 22132 2.1 67 32 5 30 54% 8671 153556 8026 15%
c v 26.20 125 63 25 57 1534 1 284715 21932 2.1 67 32 5 30 54% 8671 153556 8026 15%
c w 26.23 125 63 25 57 1534 1 284715 21930 2.1 67 32 5 30 54% 8671 153556 8026 15%
c x 26.27 126 63 25 57 1534 1 284715 21930 2.1 67 32 5 30 54% 8712 153212 8026 15%
c t 26.27 126 63 25 57 1534 1 284715 21930 2.1 67 32 5 30 54% 8711 153212 8026 15%
c
c seconds    switched    rate          size/glue  tier1     binary         remaining
c         MB   reductions  conflicts         size   tier2      irredundant
c          level    restarts      redundant     glue    trail         variables
c
c f 26.33 126 63 25 57 1534 1 284715 21930 2.1 67 32 5 30 54% 8721 152830 8034 15%
c - 27.19 126 61 25 58 1537 1 291494 19786 2.1 67 32 5 30 54% 8721 152830 8034 15%
c - 28.06 126 59 25 59 1543 1 299109 18717 2.0 66 32 5 30 55% 8721 152830 8034 15%
c ] 28.23 126 59 26 59 1544 1 300468 19854 2.0 65 32 5 30 55% 8721 152830 8034 15%
c { 28.23 126 79 26 59 1544 3 300468 19854 2.8 42 15 4 15 46% 8721 152830 8034 15%
c - 28.70 127 80 26 60 1645 3 306791 20475 2.7 42 16 4 15 46% 8725 152830 8034 15%
c - 29.21 127 81 26 61 1729 3 314537 23679 2.7 43 16 4 15 47% 8726 152830 8034 15%
c - 29.86 128 82 26 62 1843 3 322347 25856 2.6 43 16 4 15 47% 8728 152830 8034 15%
c o 30.05 109 82 26 62 1885 3 324758 28193 2.6 43 17 4 15 48% 8728 152830 8034 15%
c - 30.41 109 83 26 63 1946 3 330222 27542 2.6 43 17 4 15 48% 8730 152830 8034 15%
c u 30.69 111 83 26 63 1976 3 332738 28837 2.6 44 17 4 15 48% 8731 152830 8034 15%
c v 30.78 112 83 26 63 1976 3 332738 28147 2.6 44 17 4 15 48% 8735 152830 8034 15%
c w 30.83 112 83 26 63 1976 3 332738 28133 2.6 44 17 4 15 48% 8735 152830 8034 15%
c x 30.90 112 83 26 63 1976 3 332738 28129 2.6 44 17 4 15 48% 8736 150303 8034 15%
c t 30.91 112 83 26 63 1976 3 332738 28129 2.6 44 17 4 15 48% 8732 150303 8034 15%
c f 30.98 112 83 26 63 1976 3 332738 28129 2.6 44 17 4 15 48% 8760 149617 8050 15%
c u 31.10 112 83 26 63 1976 3 332738 27280 2.6 44 17 4 15 48% 8769 149617 8050 15%
c v 31.20 113 83 26 63 1976 3 332738 27035 2.6 44 17 4 15 48% 8769 149617 8050 15%
c w 31.24 113 83 26 63 1976 3 332738 27022 2.6 44 17 4 15 48% 8769 149617 8050 15%
c x 31.32 113 83 26 63 1976 3 332738 27017 2.6 44 17 4 15 48% 8771 147338 8050 15%
c
c seconds    switched    rate          size/glue  tier1     binary         remaining
c         MB   reductions  conflicts         size   tier2      irredundant
c          level    restarts      redundant     glue    trail         variables
c
c t 31.35 114 83 26 63 1976 3 332738 27017 2.6 44 17 4 15 48% 8770 147338 8049 15%
c f 31.42 114 83 26 63 1976 3 332738 27017 2.6 44 17 4 15 48% 8781 147084 8057 15%
c - 31.86 112 83 26 64 2052 3 338160 26613 2.6 44 17 4 16 48% 8778 147084 8057 15%
c } 32.21 113 83 27 64 2112 3 342688 30957 2.6 44 17 4 16 48% 8778 147084 8057 15%
c [ 32.21 113 59 27 64 2112 1 342688 30957 2.0 65 32 5 30 55% 8778 147084 8057 15%
c W 32.25 112 59 27 64 2112 1 342688 30957 2.0 65 32 5 30 55% 8778 147074 8057 15%
c s 32.63 113 58 27 64 2114 1 345123 33099 2.0 65 32 5 30 55% 8782 146482 8057 15%
c e 32.69 113 58 27 64 2114 1 345123 33099 2.0 65 32 5 30 55% 8603 147895 7947 14%
c s 32.75 113 58 27 64 2114 1 345123 33099 2.0 65 32 5 30 55% 8607 146936 7947 14%
c e 32.79 113 58 27 64 2114 1 345123 33099 2.0 65 32 5 30 55% 8589 147016 7942 14%
c - 32.88 113 58 27 65 2114 1 346163 24858 2.0 65 32 5 30 55% 8589 147016 7942 14%
c - 33.64 114 58 27 66 2118 1 354226 24109 2.0 66 32 5 29 54% 8589 147016 7942 14%
c - 34.35 115 57 27 67 2124 1 362351 22353 2.0 65 33 5 29 53% 8589 147016 7942 14%
c - 35.15 115 56 27 68 2126 1 370539 22052 2.0 65 33 5 29 53% 8589 147016 7942 14%
c ] 35.62 115 57 28 68 2126 1 374347 25390 1.9 65 34 5 29 52% 8589 147016 7942 14%
c { 35.62 115 83 28 68 2126 3 374347 25390 2.6 44 17 4 16 48% 8589 147016 7942 14%
c - 36.06 118 84 28 69 2196 3 378787 23342 2.5 45 18 4 16 49% 8590 147016 7942 14%
c u 36.56 122 85 28 69 2243 3 384836 27807 2.6 45 18 4 16 49% 8592 147016 7942 14%
c v 36.67 122 85 28 69 2243 3 384836 27577 2.6 45 18 4 16 49% 8592 147016 7942 14%
c w 36.72 123 85 28 69 2243 3 384836 27564 2.6 45 18 4 16 49% 8592 147016 7942 14%
c
c seconds    switched    rate          size/glue  tier1     binary         remaining
c         MB   reductions  conflicts         size   tier2      irredundant
c          level    restarts      redundant     glue    trail         variables
c
c x 36.80 123 85 28 69 2243 3 384836 27556 2.6 45 18 4 16 49% 8596 144482 7942 14%
c t 36.81 123 85 28 69 2243 3 384836 27556 2.6 45 18 4 16 49% 8593 144482 7942 14%
c f 36.89 123 85 28 69 2243 3 384836 27556 2.6 45 18 4 16 49% 8610 144140 7954 14%
c u 36.99 123 85 28 69 2243 3 384836 26634 2.6 45 18 4 16 49% 8615 144140 7954 14%
c v 37.10 124 85 28 69 2243 3 384836 26201 2.6 45 18 4 16 49% 8615 144140 7954 14%
c w 37.15 125 85 28 69 2243 3 384836 26189 2.6 45 18 4 16 49% 8615 144140 7954 14%
c x 37.23 125 85 28 69 2243 3 384836 26181 2.6 45 18 4 16 49% 8619 141862 7953 14%
c b 37.24 125 85 28 69 2243 3 384836 26181 2.6 45 18 4 16 49% 8619 141845 7952 14%
c f 37.32 125 85 28 69 2243 3 384836 26181 2.6 45 18 4 16 49% 8641 141388 7967 14%
c i 37.32 125 85 28 69 2243 3 384836 26181 2.6 45 18 4 16 49% 8641 141388 7967 14%
c - 37.48 124 84 28 70 2261 3 387094 24128 2.6 45 18 4 16 49% 8636 141388 7967 14%
c - 38.00 125 84 28 71 2337 3 395460 27194 2.5 45 18 4 16 49% 8644 141388 7967 14%
c - 38.64 126 85 28 72 2441 3 403887 28876 2.5 46 18 4 16 50% 8645 141388 7967 14%
c o 38.71 126 85 28 72 2454 3 404811 29784 2.5 46 18 4 16 50% 8645 141388 7967 14%
c - 39.30 126 86 28 73 2554 3 412372 29978 2.5 46 18 4 16 50% 8647 141388 7967 14%
c - 39.88 127 87 28 74 2635 3 420917 31263 2.5 46 19 4 16 50% 8651 141388 7967 14%
c } 40.00 128 87 29 74 2654 3 422487 32741 2.5 46 19 4 16 50% 8651 141388 7967 14%
c [ 40.00 128 57 29 74 2654 1 422487 32741 1.9 65 34 5 29 52% 8651 141388 7967 14%
c I 40.00 128 57 29 74 2654 1 422487 32741 1.9 65 34 5 29 52% 8651 141388 7967 14%
c - 40.60 96 59 29 75 2659 1 429521 30927 1.9 65 34 5 29 53% 8651 141388 7967 14%
c
c seconds   switched    rate          size/glue  tier1     binary         remaining
c        MB   reductions  conflicts         size   tier2      irredundant
c         level    restarts      redundant     glue    trail         variables
c
c - 41.40 97 61 29 76 2663 1 438182 28746 1.9 66 35 5 30 53% 8651 141388 7967 14%
c u 41.76 97 62 29 76 2666 1 441050 29993 1.9 66 35 5 30 53% 8661 141362 7967 14%
c v 41.86 98 62 29 76 2666 1 441050 29599 1.9 66 35 5 30 53% 8661 141362 7967 14%
c w 41.91 99 62 29 76 2666 1 441050 29584 1.9 66 35 5 30 53% 8661 141362 7967 14%
c x 41.99 99 62 29 76 2666 1 441050 29570 1.9 66 35 5 30 53% 8663 138762 7967 14%
c t 42.00 99 62 29 76 2666 1 441050 29570 1.9 66 35 5 30 53% 8654 138762 7967 14%
c f 42.07 99 62 29 76 2666 1 441050 29570 1.9 66 35 5 30 53% 8667 138537 7975 14%
c u 42.17 99 62 29 76 2666 1 441050 28075 1.9 66 35 5 30 53% 8723 138537 7975 14%
c v 42.27 99 62 29 76 2666 1 441050 27517 1.9 66 35 5 30 53% 8723 138537 7975 14%
c w 42.32 100 62 29 76 2666 1 441050 27487 1.9 66 35 5 30 53% 8723 138537 7975 14%
c x 42.40 101 62 29 76 2666 1 441050 27478 1.9 66 35 5 30 53% 8726 136212 7975 14%
c t 42.40 101 62 29 76 2666 1 441050 27478 1.9 66 35 5 30 53% 8700 136212 7975 14%
c f 42.48 101 62 29 76 2666 1 441050 27478 1.9 66 35 5 30 53% 8710 136001 7982 14%
c - 42.84 101 64 29 77 2667 1 446899 23971 1.9 67 36 5 30 52% 8710 136001 7982 14%
c - 43.50 101 68 29 78 2669 1 455676 22838 1.8 69 39 5 31 51% 8710 136001 7982 14%
c B 44.07 102 70 29 78 2674 1 461927 28707 1.8 70 39 5 31 51% 8710 136001 7982 14%
c ] 44.15 102 69 30 78 2674 1 463186 29905 1.8 69 39 5 31 51% 8710 136001 7982 14%
c { 44.15 102 87 30 78 2674 3 463186 29905 2.5 46 19 4 16 50% 8710 136001 7982 14%
c - 44.23 102 86 30 79 2683 3 464507 23337 2.5 46 19 4 16 50% 8710 136001 7982 14%
c s 44.80 103 87 30 79 2761 3 472818 31374 2.5 47 19 4 16 50% 8717 135744 7982 14%
c
c seconds    switched    rate          size/glue  tier1     binary         remaining
c         MB   reductions  conflicts         size   tier2      irredundant
c          level    restarts      redundant     glue    trail         variables
c
c e 44.86 104 87 30 79 2761 3 472818 31374 2.5 47 19 4 16 50% 8462 137882 7819 14%
c s 44.92 104 87 30 79 2761 3 472818 31374 2.5 47 19 4 16 50% 8471 136660 7819 14%
c e 44.96 104 87 30 79 2761 3 472818 31374 2.5 47 19 4 16 50% 8463 136733 7814 14%
c - 45.01 103 87 30 80 2769 3 473395 24086 2.5 47 19 4 16 50% 8463 136733 7814 14%
c - 45.54 104 88 30 81 2845 3 482340 28876 2.5 47 19 4 16 50% 8474 136733 7814 14%
c - 46.06 105 88 30 82 2914 3 491340 32133 2.5 46 19 4 16 50% 8478 136732 7814 14%
c o 46.33 105 88 30 82 2958 3 494905 35620 2.5 47 19 4 16 50% 8479 136732 7814 14%
c - 46.65 105 88 30 83 3002 3 500395 34234 2.5 47 19 4 16 50% 8479 136732 7814 14%
c u 46.79 105 88 30 83 3012 3 501454 33931 2.5 47 19 4 16 50% 8481 136732 7814 14%
c v 46.89 106 88 30 83 3012 3 501454 33343 2.5 47 19 4 16 50% 8482 136732 7814 14%
c w 46.93 107 88 30 83 3012 3 501454 33321 2.5 47 19 4 16 50% 8482 136732 7814 14%
c x 47.00 108 88 30 83 3012 3 501454 33312 2.5 47 19 4 16 50% 8486 134503 7814 14%
c t 47.01 108 88 30 83 3012 3 501454 33312 2.5 47 19 4 16 50% 8471 134503 7814 14%
c f 47.08 108 88 30 83 3012 3 501454 33312 2.5 47 19 4 16 50% 8483 134346 7821 14%
c u 47.17 108 88 30 83 3012 3 501454 32436 2.5 47 19 4 16 50% 8485 134346 7821 14%
c v 47.27 108 88 30 83 3012 3 501454 32103 2.5 47 19 4 16 50% 8485 134346 7821 14%
c w 47.31 108 88 30 83 3012 3 501454 32089 2.5 47 19 4 16 50% 8485 134346 7821 14%
c x 47.38 108 88 30 83 3012 3 501454 32084 2.5 47 19 4 16 50% 8488 132005 7821 14%
c t 47.39 108 88 30 83 3012 3 501454 32084 2.5 47 19 4 16 50% 8486 132005 7820 14%
c f 47.46 108 88 30 83 3012 3 501454 32084 2.5 47 19 4 16 50% 8496 131809 7828 14%
c
c seconds    switched    rate          size/glue  tier1     binary         remaining
c         MB   reductions  conflicts         size   tier2      irredundant
c          level    restarts      redundant     glue    trail         variables
c
c - 47.96 108 88 30 84 3085 3 509505 31076 2.5 46 19 3 16 50% 8494 131809 7828 14%
c } 48.51 109 89 31 84 3176 3 517622 38866 2.4 47 19 3 16 50% 8494 131809 7828 14%
c [ 48.51 109 69 31 84 3176 1 517622 38866 1.8 69 39 5 31 51% 8494 131809 7828 14%
c W 48.53 109 69 31 84 3176 1 517622 38866 1.8 69 39 5 31 51% 8494 131779 7828 14%
c - 48.65 107 70 31 85 3177 1 518671 31509 1.8 69 39 4 31 51% 8494 131779 7828 14%
c - 49.55 108 68 31 86 3182 1 527890 29314 1.8 69 38 4 31 52% 8494 131779 7828 14%
c - 50.46 109 66 31 87 3188 1 537164 25481 1.8 68 38 4 30 52% 8494 131779 7828 14%
c - 51.41 75 64 31 88 3190 1 546492 25426 1.8 68 37 4 30 53% 8494 131779 7828 14%
c ] 51.99 76 63 32 88 3193 1 552602 30941 1.8 68 37 4 30 53% 8494 131779 7828 14%
c { 51.99 76 89 32 88 3193 3 552602 30941 2.4 47 19 3 16 50% 8494 131779 7828 14%
c - 52.23 78 89 32 89 3229 3 555872 26865 2.5 47 19 3 16 50% 8496 131779 7828 14%
c - 52.83 82 89 32 90 3304 3 565307 29399 2.5 47 19 3 16 51% 8502 131779 7828 14%
c u 52.97 82 89 32 90 3308 3 566109 28367 2.5 47 19 3 16 51% 8505 131779 7828 14%
c v 53.08 84 89 32 90 3308 3 566109 27558 2.5 47 19 3 16 51% 8510 131779 7828 14%
c w 53.13 85 89 32 90 3308 3 566109 27557 2.5 47 19 3 16 51% 8510 131779 7828 14%
c x 53.22 85 89 32 90 3308 3 566109 27541 2.5 47 19 3 16 51% 8510 129142 7828 14%
c t 53.22 85 89 32 90 3308 3 566109 27541 2.5 47 19 3 16 51% 8502 129142 7828 14%
c f 53.32 85 89 32 90 3308 3 566109 27541 2.5 47 19 3 16 51% 8515 128900 7838 14%
c u 53.44 93 89 32 90 3308 3 566109 25851 2.5 47 19 3 16 51% 8560 128900 7838 14%
c v 53.56 94 89 32 90 3308 3 566109 25348 2.5 47 19 3 16 51% 8560 128900 7838 14%
c
c seconds   switched    rate          size/glue  tier1     binary         remaining
c        MB   reductions  conflicts         size   tier2      irredundant
c         level    restarts      redundant     glue    trail         variables
c
c w 53.61 94 89 32 90 3308 3 566109 25346 2.5 47 19 3 16 51% 8560 128900 7838 14%
c x 53.70 94 89 32 90 3308 3 566109 25331 2.5 47 19 3 16 51% 8563 126621 7838 14%
c = 54.44 95 89 32 90 3308 3 566109 25331 2.5 47 19 3 16 51% 8563 126615 7837 14%
c t 54.44 95 89 32 90 3308 3 566109 25331 2.5 47 19 3 16 51% 8542 126611 7837 14%
c f 54.54 95 89 32 90 3308 3 566109 25331 2.5 47 19 3 16 51% 8557 126245 7851 14%
c - 55.12 103 90 32 91 3402 3 574793 28204 2.5 47 19 3 16 51% 8554 126245 7851 14%
c - 55.76 104 91 32 92 3489 3 584334 30492 2.5 47 19 3 16 51% 8555 126245 7851 14%
c - 56.38 105 91 32 93 3573 3 593926 32099 2.5 47 19 3 16 52% 8556 126245 7851 14%
c o 56.45 106 91 32 93 3582 3 594957 33065 2.4 47 19 3 16 52% 8556 126245 7851 14%
c - 57.08 108 92 32 94 3680 3 603569 32776 2.4 47 20 3 16 52% 8559 126245 7851 14%
c i 57.14 108 92 32 94 3689 3 604700 33866 2.4 47 20 3 16 52% 8559 126245 7850 14%
c - 57.81 109 92 32 95 3783 3 613264 33690 2.4 48 20 3 16 52% 8549 126245 7847 14%
c } 57.84 109 92 33 95 3788 3 613707 34115 2.4 48 20 3 16 52% 8549 126245 7847 14%
c [ 57.84 109 63 33 95 3788 1 613707 34115 1.8 68 37 4 30 53% 8549 126245 7847 14%
c O 57.84 109 63 33 95 3788 1 613707 34115 1.8 68 37 4 30 53% 8549 126245 7847 14%
c - 58.68 111 61 33 96 3794 1 623013 33026 1.9 68 36 4 29 52% 8549 126245 7847 14%
c s 58.92 112 60 33 96 3794 1 624934 34640 1.9 67 36 4 29 52% 8554 125911 7847 14%
c e 58.98 112 60 33 96 3794 1 624934 34640 1.9 67 36 4 29 52% 8307 128376 7660 14%
c s 59.03 112 60 33 96 3794 1 624934 34640 1.9 67 36 4 29 52% 8311 126846 7660 14%
c e 59.07 112 60 33 96 3794 1 624934 34640 1.9 67 36 4 29 52% 8307 126885 7656 14%
c
c seconds    switched    rate          size/glue  tier1     binary         remaining
c         MB   reductions  conflicts         size   tier2      irredundant
c          level    restarts      redundant     glue    trail         variables
c
c - 59.82 114 58 33 97 3800 1 632811 27562 1.9 66 35 4 29 51% 8307 126885 7656 14%
c u 60.13 116 58 33 97 3801 1 635044 27880 1.9 65 35 4 29 51% 8319 126878 7656 14%
c v 60.24 116 58 33 97 3801 1 635044 27251 1.9 65 35 4 29 51% 8316 126878 7656 14%
c w 60.30 118 58 33 97 3801 1 635044 26485 1.9 65 35 4 29 51% 8316 126878 7656 14%
c x 60.38 118 58 33 97 3801 1 635044 26461 1.9 65 35 4 29 51% 8334 124153 7656 14%
c t 60.39 118 58 33 97 3801 1 635044 26461 1.9 65 35 4 29 51% 8324 124153 7656 14%
c f 60.48 118 58 33 97 3801 1 635044 26461 1.9 65 35 4 29 51% 8344 123863 7668 14%
c u 60.58 118 58 33 97 3801 1 635044 25458 1.9 65 35 4 29 51% 8346 123863 7668 14%
c v 60.70 119 58 33 97 3801 1 635044 24813 1.9 65 35 4 29 51% 8346 123863 7668 14%
c w 60.76 118 58 33 97 3801 1 635044 24778 1.9 65 35 4 29 51% 8346 123863 7668 14%
c x 60.84 118 58 33 97 3801 1 635044 24752 1.9 65 35 4 29 51% 8353 121204 7666 14%
c t 60.85 118 58 33 97 3801 1 635044 24749 1.9 65 35 4 29 51% 8355 121182 7666 14%
c b 60.85 118 58 33 97 3801 1 635044 24749 1.9 65 35 4 29 51% 8355 121182 7664 14%
c f 60.94 118 58 33 97 3801 1 635044 24749 1.9 65 35 4 29 51% 8386 120672 7685 14%
c i 60.94 118 58 33 97 3801 1 635044 24749 1.9 65 35 4 29 51% 8386 120672 7685 14%
c - 61.86 108 57 33 98 3802 1 642660 22900 1.9 66 35 4 28 51% 8377 120671 7685 14%
c - 63.03 108 55 33 99 3807 1 652561 23025 1.9 66 35 4 28 51% 8377 120671 7685 14%
c ] 63.07 108 55 34 99 3808 1 652859 23244 1.9 66 35 4 28 51% 8377 120671 7685 14%
c { 63.07 108 92 34 99 3808 3 652859 23244 2.4 48 20 3 16 52% 8377 120671 7685 14%
c - 63.84 109 86 34 100 3814 3 662511 27515 2.5 48 20 3 16 51% 8377 120671 7685 14%
c
c seconds    switched     rate          size/glue  tier1     binary         remaining
c         MB   reductions   conflicts         size   tier2      irredundant
c          level     restarts      redundant     glue    trail         variables
c
c - 64.68 109 80 34 101 3824 3 672511 32775 2.5 48 19 3 16 51% 8377 120671 7685 14%
c - 65.24 110 74 34 102 3824 3 682560 36299 2.5 48 19 4 16 51% 8377 120671 7685 14%
c - 65.82 111 69 34 103 3824 2 692659 36362 2.6 48 19 4 16 50% 8377 120671 7685 14%
c - 66.45 113 65 34 104 3824 2 702809 38563 2.6 47 18 4 16 50% 8377 120671 7685 14%
c u 66.91 114 63 34 104 3825 2 708307 41930 2.6 47 18 4 16 49% 8380 120658 7685 14%
c v 67.09 117 63 34 104 3825 2 708307 41888 2.6 47 18 4 16 49% 8380 120658 7685 14%
c w 67.16 117 63 34 104 3825 2 708307 41826 2.6 47 18 4 16 49% 8380 120658 7685 14%
c x 67.24 117 63 34 104 3825 2 708307 41820 2.6 47 18 4 16 49% 8390 118079 7685 14%
c t 67.25 117 63 34 104 3825 2 708307 41820 2.6 47 18 4 16 49% 8387 118079 7685 14%
c f 67.35 117 63 34 104 3825 2 708307 41820 2.6 47 18 4 16 49% 8391 117844 7695 14%
c u 67.46 117 63 34 104 3825 2 708307 40152 2.6 47 18 4 16 49% 8407 117844 7695 14%
c v 67.62 120 63 34 104 3825 2 708307 40126 2.6 47 18 4 16 49% 8407 117844 7695 14%
c w 67.69 120 63 34 104 3825 2 708307 39968 2.6 47 18 4 16 49% 8407 117844 7695 14%
c x 67.77 120 63 34 104 3825 2 708307 39968 2.6 47 18 4 16 49% 8414 115224 7695 14%
c t 67.78 120 63 34 104 3825 2 708307 39968 2.6 47 18 4 16 49% 8413 115224 7695 14%
c f 67.87 120 63 34 104 3825 2 708307 39968 2.6 47 18 4 16 49% 8427 114887 7710 14%
c o 67.88 120 63 34 104 3825 2 708307 39968 2.6 47 18 4 16 49% 8427 114887 7710 14%
c - 67.95 125 62 34 105 3825 2 713008 35832 2.6 46 18 4 16 48% 8429 114887 7710 14%
c } 68.38 125 60 35 105 3826 2 721005 43774 2.7 47 17 4 16 48% 8434 114887 7710 14%
c [ 68.38 125 55 35 105 3826 1 721005 43774 1.9 66 35 4 28 51% 8434 114887 7710 14%
c
c seconds    switched     rate          size/glue  tier1     binary         remaining
c         MB   reductions   conflicts         size   tier2      irredundant
c          level     restarts      redundant     glue    trail         variables
c
c B 68.38 125 55 35 105 3826 1 721005 43774 1.9 66 35 4 28 51% 8434 114887 7710 14%
c - 68.60 126 55 35 106 3828 1 723257 35447 1.9 66 35 4 28 51% 8434 114887 7710 14%
c - 69.62 127 54 35 107 3833 1 733552 30726 1.9 66 34 4 28 51% 8434 114887 7710 14%
c - 70.60 128 52 35 108 3839 1 743896 26642 1.9 65 34 4 27 50% 8434 114887 7710 14%
c - 71.63 129 51 35 109 3841 1 754289 26572 2.0 65 33 5 27 50% 8434 114887 7710 14%
c ] 72.52 129 50 36 109 3847 1 762952 34455 2.0 65 32 5 27 50% 8434 114887 7710 14%
c { 72.52 129 60 36 109 3847 2 762952 34455 2.7 47 17 4 16 48% 8434 114887 7710 14%
c - 72.64 99 61 36 110 3862 2 764729 27833 2.7 47 17 4 16 48% 8434 114887 7710 14%
c - 73.31 102 65 36 111 3977 2 775219 31428 2.7 47 17 4 16 48% 8439 114887 7710 14%
c - 73.90 103 68 36 112 4060 2 785755 34008 2.7 47 17 4 16 48% 8447 114887 7710 14%
c u 74.04 105 68 36 112 4063 2 785950 32573 2.7 47 17 4 16 48% 8472 114887 7710 14%
c v 74.17 106 68 36 112 4063 2 785950 31869 2.7 47 17 4 16 48% 8472 114887 7710 14%
c w 74.23 106 68 36 112 4063 2 785950 31851 2.7 47 17 4 16 48% 8472 114887 7710 14%
c x 74.31 106 68 36 112 4063 2 785950 31849 2.7 47 17 4 16 48% 8496 112214 7708 14%
c t 74.32 106 68 36 112 4063 2 785950 31848 2.7 47 17 4 16 48% 8483 112202 7707 14%
c f 74.43 106 68 36 112 4063 2 785950 31848 2.7 47 17 4 16 48% 8484 112022 7717 14%
c u 74.56 113 68 36 112 4063 2 785950 30701 2.7 47 17 4 16 48% 8487 112012 7717 14%
c v 74.69 114 68 36 112 4063 2 785950 30221 2.7 47 17 4 16 48% 8487 112012 7717 14%
c w 74.74 115 68 36 112 4063 2 785950 30200 2.7 47 17 4 16 48% 8487 112012 7717 14%
c x 74.83 115 68 36 112 4063 2 785950 30197 2.7 47 17 4 16 48% 8509 110415 7716 14%
c
c seconds    switched     rate          size/glue  tier1     binary         remaining
c         MB   reductions   conflicts         size   tier2      irredundant
c          level     restarts      redundant     glue    trail         variables
c
c f 74.95 115 68 36 112 4063 2 785950 30197 2.7 47 17 4 16 48% 8514 110388 7717 14%
c i 74.95 120 68 36 112 4063 2 785950 30197 2.7 47 17 4 16 48% 8514 110388 7717 14%
c - 75.62 124 71 36 113 4166 2 796338 32765 2.7 47 17 4 16 49% 8503 110388 7717 14%
c s 76.08 124 73 36 113 4238 3 802731 38993 2.7 47 18 4 16 49% 8516 110081 7717 14%
c e 76.14 124 73 36 113 4238 3 802731 38993 2.7 47 18 4 16 49% 8106 113144 7465 14%
c s 76.16 124 73 36 113 4238 3 802731 38993 2.7 47 18 4 16 49% 8107 111778 7465 14%
c e 76.19 124 73 36 113 4238 3 802731 38993 2.7 47 18 4 16 49% 8090 111947 7451 14%
c i 76.31 124 74 36 113 4247 3 805357 35339 2.7 47 17 4 16 49% 8094 111946 7450 14%
c - 76.40 124 75 36 114 4258 3 806968 30581 2.7 47 17 4 16 49% 8089 111946 7450 14%
c - 76.99 124 76 36 115 4344 3 817647 33895 2.6 46 17 4 16 49% 8090 111946 7450 14%
c o 77.69 134 78 36 115 4456 3 828310 44252 2.6 46 18 4 16 49% 8093 111946 7450 14%
c - 77.71 134 78 36 116 4457 3 828373 36530 2.6 46 18 4 16 49% 8093 111946 7450 14%
c } 78.41 143 79 37 116 4578 3 838511 46336 2.6 47 18 4 16 49% 8098 111946 7450 14%
c [ 78.41 143 50 37 116 4578 1 838511 46336 2.0 65 32 5 27 50% 8098 111946 7450 14%
c W 78.42 143 50 37 116 4578 1 838511 46336 2.0 65 32 5 27 50% 8098 111940 7450 14%
c - 78.47 143 50 37 117 4578 1 839145 38009 2.0 65 32 4 27 50% 8098 111940 7450 14%
c - 79.52 143 48 37 118 4584 1 849961 38672 2.1 64 31 4 26 50% 8098 111940 7450 14%
c - 80.43 143 46 37 119 4591 1 860823 39164 2.1 63 30 4 26 50% 8098 111940 7450 14%
c u 81.04 152 45 37 119 4592 1 868034 44353 2.1 63 30 4 26 49% 8109 111934 7450 14%
c v 81.18 154 45 37 119 4592 1 868034 43956 2.1 63 30 4 26 49% 8111 111934 7450 14%
c
c seconds    switched     rate          size/glue  tier1     binary         remaining
c         MB   reductions   conflicts         size   tier2      irredundant
c          level     restarts      redundant     glue    trail         variables
c
c w 81.24 157 45 37 119 4592 1 868034 43051 2.1 63 30 4 26 49% 8111 111934 7450 14%
c x 81.34 165 45 37 119 4592 1 868034 43037 2.1 63 30 4 26 49% 8186 111240 7450 14%
c t 81.35 165 45 37 119 4592 1 868034 43037 2.1 63 30 4 26 49% 8160 111240 7450 14%
c f 81.45 165 45 37 119 4592 1 868034 43037 2.1 63 30 4 26 49% 8176 110972 7463 14%
c u 81.58 166 45 37 119 4592 1 868034 41602 2.1 63 30 4 26 49% 8209 110972 7463 14%
c v 81.73 168 45 37 119 4592 1 868034 41281 2.1 63 30 4 26 49% 8209 110972 7463 14%
c w 81.80 172 45 37 119 4592 1 868034 41244 2.1 63 30 4 26 49% 8209 110972 7463 14%
c x 81.89 172 45 37 119 4592 1 868034 41229 2.1 63 30 4 26 49% 8210 110682 7463 14%
c t 81.90 172 45 37 119 4592 1 868034 41229 2.1 63 30 4 26 49% 8201 110682 7463 14%
c - 82.25 180 45 37 120 4593 1 871732 35146 2.1 63 29 4 25 50% 8201 110682 7463 14%
c - 83.35 150 47 37 121 4599 1 882688 31487 2.1 64 31 4 26 49% 8201 110682 7463 14%
c ] 83.94 151 49 38 121 4603 1 888155 36405 2.0 64 32 4 26 49% 8201 110682 7463 14%
c { 83.94 151 79 38 121 4603 3 888155 36405 2.6 47 18 4 16 49% 8201 110682 7463 14%
c - 84.14 159 79 38 122 4612 3 893688 30113 2.6 46 18 4 16 48% 8205 110682 7463 14%
c i 84.15 159 80 38 122 4612 3 894097 30441 2.6 46 18 4 16 48% 8208 110682 7455 14%
c i 84.24 160 80 38 122 4621 3 896825 32931 2.6 45 17 4 16 48% 8215 110680 7454 14%
c i 84.32 160 80 38 122 4623 3 898946 34838 2.6 45 17 4 16 48% 8221 110680 7450 14%
c - 84.51 160 80 38 123 4631 3 904733 35033 2.6 44 17 4 16 46% 8191 110679 7450 14%
c i 84.61 160 81 38 123 4633 3 907894 37948 2.5 43 17 4 16 46% 8191 110679 7449 14%
c i 84.79 168 79 38 123 4638 3 914386 43682 2.5 41 16 4 16 44% 8200 110678 7448 14%
c
c seconds    switched     rate          size/glue  tier1     binary         remaining
c         MB   reductions   conflicts         size   tier2      irredundant
c          level     restarts      redundant     glue    trail         variables
c
c - 84.85 168 79 38 124 4638 3 915825 39465 2.5 41 16 4 16 44% 8194 110678 7448 14%
c i 84.90 169 79 38 124 4639 3 917006 40571 2.5 41 16 4 16 43% 8195 110677 7447 14%
c i 84.90 169 79 38 124 4639 3 917021 40583 2.5 41 16 4 16 43% 8197 110677 7446 14%
c i 85.02 169 79 38 124 4643 3 920358 43589 2.5 40 16 4 16 43% 8206 110676 7445 14%
c i 85.02 169 79 38 124 4643 3 920382 43608 2.5 40 16 4 16 43% 8209 110676 7443 13%
c i 85.09 169 79 38 124 4644 3 922229 45262 2.5 40 16 4 16 43% 8211 110676 7442 13%
c i 85.09 169 79 38 124 4644 3 922233 45264 2.5 40 16 4 16 43% 8212 110676 7441 13%
c i 85.29 170 79 38 124 4654 3 926291 49105 2.5 40 16 4 16 42% 8220 110676 7440 13%
c - 85.32 170 79 38 125 4654 3 926960 42786 2.5 40 16 4 16 42% 8183 110676 7440 13%
c - 85.62 170 73 38 126 4654 2 938140 45251 2.5 38 15 4 16 39% 8183 110676 7440 13%
c - 85.92 170 67 38 127 4654 2 949366 46521 2.4 36 15 4 15 36% 8183 110676 7440 13%
c i 85.94 170 67 38 127 4656 2 949980 47073 2.4 35 15 4 15 35% 8190 110676 7437 13%
c i 86.03 179 67 38 127 4664 2 952027 48913 2.4 35 15 4 15 36% 8194 110675 7434 13%
c b 86.12 179 67 38 127 4668 2 954648 51265 2.4 35 15 4 15 35% 8224 110351 7430 13%
c u 86.21 180 67 38 127 4668 2 954648 50402 2.4 35 15 4 15 35% 8222 110351 7430 13%
c v 86.31 180 67 38 127 4668 2 954648 46815 2.4 35 15 4 15 35% 8222 110351 7430 13%
c w 86.35 180 67 38 127 4668 2 954648 45080 2.4 35 15 4 15 35% 8222 110351 7430 13%
c x 86.43 180 67 38 127 4668 2 954648 45063 2.4 35 15 4 15 35% 8227 109887 7430 13%
c t 87.09 180 67 38 127 4668 2 954648 45063 2.4 35 15 4 15 35% 8210 109887 7430 13%
c f 87.10 180 67 38 127 4668 2 954648 45063 2.4 35 15 4 15 35% 8209 109871 7431 13%
c
c seconds    switched     rate          size/glue  tier1     binary         remaining
c         MB   reductions   conflicts         size   tier2      irredundant
c          level     restarts      redundant     glue    trail         variables
c
c u 87.19 180 67 38 127 4668 2 954648 44027 2.4 35 15 4 15 35% 8211 109871 7431 13%
c v 87.30 188 67 38 127 4668 2 954648 43561 2.4 35 15 4 15 35% 8211 109871 7431 13%
c w 87.34 189 67 38 127 4668 2 954648 43531 2.4 35 15 4 15 35% 8211 109871 7431 13%
c x 87.42 189 67 38 127 4668 2 954648 43524 2.4 35 15 4 15 35% 8217 109700 7431 13%
c t 87.42 189 67 38 127 4668 2 954648 43524 2.4 35 15 4 15 35% 8213 109700 7430 13%
c i 87.54 189 68 38 127 4672 2 957297 46005 2.4 35 15 4 15 36% 8217 109699 7428 13%
c i 87.55 189 68 38 127 4672 2 957341 46036 2.4 35 15 4 15 36% 8223 109699 7427 13%
c i 87.55 189 68 38 127 4672 2 957342 46036 2.4 35 15 4 15 36% 8223 109699 7426 13%
c o 87.63 190 68 38 127 4675 2 959910 48331 2.4 35 15 4 15 36% 8224 109699 7426 13%
c - 87.66 190 68 38 128 4675 2 960635 43630 2.4 34 14 4 15 36% 8188 109698 7426 13%
c } 88.00 199 68 39 128 4703 2 971488 53276 2.4 33 14 4 15 35% 8194 109698 7426 13%
c [ 88.00 199 49 39 128 4703 1 971488 53276 2.0 64 32 4 26 49% 8194 109698 7426 13%
c I 88.00 199 49 39 128 4703 1 971488 53276 2.0 64 32 4 26 49% 8194 109698 7426 13%
c - 88.04 199 49 39 129 4703 1 971948 47899 2.0 64 32 4 26 49% 8194 109698 7426 13%
c - 89.01 200 53 39 130 4709 1 983307 46784 2.0 66 34 4 26 49% 8194 109698 7426 13%
c - 89.89 200 55 39 131 4716 1 994708 44170 2.0 66 34 4 26 49% 8194 109698 7426 13%
c - 90.96 208 55 39 132 4719 1 1006153 43577 1.9 67 34 4 26 49% 8194 109698 7426 13%
c ] 91.05 209 55 40 132 4720 1 1007353 44666 1.9 67 34 4 26 49% 8194 109698 7426 13%
c { 91.05 209 68 40 132 4720 2 1007353 44666 2.4 33 14 4 15 35% 8194 109698 7426 13%
c s 91.07 209 68 40 132 4720 2 1007362 44675 2.4 33 14 4 15 35% 8197 109320 7426 13%
c
c seconds    switched     rate           size/glue  tier1     binary         remaining
c         MB   reductions    conflicts         size   tier2      irredundant
c          level     restarts       redundant     glue    trail         variables
c
c e 91.11 209 68 40 132 4720 2 1007362 44675 2.4 33 14 4 15 35% 8023 110553 7333 13%
c s 91.13 209 68 40 132 4720 2 1007362 44675 2.4 33 14 4 15 35% 8024 109959 7333 13%
c e 91.16 209 68 40 132 4720 2 1007362 44675 2.4 33 14 4 15 35% 8005 110065 7325 13%
c - 91.92 210 71 40 133 4870 2 1017642 44028 2.4 35 15 4 15 36% 8011 110062 7325 13%
c - 92.51 210 73 40 134 4975 2 1029176 48913 2.3 35 15 4 15 37% 8016 110062 7325 13%
c - 93.32 221 75 40 135 5117 3 1040752 52470 2.3 36 15 4 15 38% 8017 110062 7325 13%
c b 93.71 176 76 40 135 5192 3 1045834 57391 2.3 37 16 4 15 39% 8017 110062 7324 13%
c u 93.84 177 76 40 135 5192 3 1045834 55868 2.3 37 16 4 15 39% 8020 110062 7324 13%
c v 93.98 186 76 40 135 5192 3 1045834 55511 2.3 37 16 4 15 39% 8020 110062 7324 13%
c w 94.05 187 76 40 135 5192 3 1045834 55504 2.3 37 16 4 15 39% 8020 110062 7324 13%
c x 94.15 187 76 40 135 5192 3 1045834 55493 2.3 37 16 4 15 39% 8027 109722 7322 13%
c t 94.16 187 76 40 135 5192 3 1045834 55493 2.3 37 16 4 15 39% 8024 109698 7322 13%
c f 94.21 187 76 40 135 5192 3 1045834 55493 2.3 37 16 4 15 39% 8028 109511 7332 13%
c u 94.34 187 76 40 135 5192 3 1045834 53775 2.3 37 16 4 15 39% 8033 109511 7332 13%
c v 94.49 187 76 40 135 5192 3 1045834 53310 2.3 37 16 4 15 39% 8033 109511 7332 13%
c w 94.55 187 76 40 135 5192 3 1045834 53298 2.3 37 16 4 15 39% 8033 109511 7332 13%
c x 94.66 187 76 40 135 5192 3 1045834 53285 2.3 37 16 4 15 39% 8036 109142 7332 13%
c t 94.66 187 76 40 135 5192 3 1045834 53285 2.3 37 16 4 15 39% 8031 109142 7332 13%
c i 94.67 187 76 40 135 5192 3 1045834 53285 2.3 37 16 4 15 39% 8031 109142 7332 13%
c - 95.17 197 77 40 136 5282 3 1052370 50698 2.3 38 16 4 15 40% 8017 109142 7332 13%
c
c seconds    switched     rate           size/glue  tier1     binary         remaining
c         MB   reductions    conflicts         size   tier2      irredundant
c          level     restarts       redundant     glue    trail         variables
c
c - 95.94 208 77 40 137 5409 3 1064031 48415 2.3 38 16 3 15 41% 8021 109142 7332 13%
c - 96.87 218 79 40 138 5576 3 1075738 48537 2.3 40 17 3 15 42% 8028 109142 7332 13%
c - 97.73 228 80 40 139 5698 3 1087486 49336 2.3 41 17 3 15 43% 8031 109142 7332 13%
c } 98.58 228 80 41 139 5821 3 1098826 60234 2.4 42 18 3 15 44% 8031 109142 7332 13%
c [ 98.58 228 55 41 139 5821 1 1098826 60234 1.9 67 34 4 26 49% 8031 109142 7332 13%
c B 98.58 228 55 41 139 5821 1 1098826 60234 1.9 67 34 4 26 49% 8031 109142 7332 13%
c - 98.62 228 55 41 140 5821 1 1099276 50764 1.9 67 34 4 26 49% 8031 109142 7332 13%
c - 99.85 226 54 41 141 5827 1 1111108 47959 1.9 65 34 4 26 49% 8031 109142 7332 13%
c - 100.96 226 52 41 142 5834 1 1122982 43095 1.9 64 33 4 25 50% 8031 109142 7332 13%
c - 102.11 227 50 41 143 5838 1 1134898 43732 2.0 63 32 4 25 50% 8031 109142 7332 13%
c u 102.79 225 49 41 143 5842 1 1141616 47215 2.0 62 32 4 25 50% 8060 109142 7332 13%
c v 102.98 227 49 41 143 5842 1 1141616 46593 2.0 62 32 4 25 50% 8060 109142 7332 13%
c w 103.08 230 49 41 143 5842 1 1141616 46494 2.0 62 32 4 25 50% 8060 109142 7332 13%
c x 103.19 230 49 41 143 5842 1 1141616 46469 2.0 62 32 4 25 50% 8060 108444 7332 13%
c t 103.20 230 49 41 143 5842 1 1141616 46469 2.0 62 32 4 25 50% 8044 108444 7332 13%
c o 103.22 230 49 41 143 5842 1 1141616 46469 2.0 62 32 4 25 50% 8044 108444 7332 13%
c - 103.68 225 53 41 144 5845 1 1146856 41026 1.9 64 33 4 25 50% 8044 108444 7332 13%
c - 104.85 174 55 41 145 5850 1 1158857 37640 1.9 66 35 4 25 50% 8044 108444 7332 13%
c ] 105.41 175 55 42 145 5851 1 1165923 43812 1.9 67 36 4 25 49% 8045 108444 7332 13%
c { 105.41 175 80 42 145 5851 3 1165923 43812 2.4 42 18 3 15 44% 8045 108444 7332 13%
c
c seconds     switched     rate           size/glue  tier1     binary         remaining
c          MB   reductions    conflicts         size   tier2      irredundant
c           level     restarts       redundant     glue    trail         variables
c
c - 105.77 174 81 42 146 5916 3 1170900 36976 2.4 42 18 3 15 45% 8046 108444 7332 13%
c - 106.61 176 82 42 147 6058 3 1182984 41966 2.4 43 18 3 15 45% 8051 108444 7332 13%
c - 107.58 176 82 42 148 6204 3 1195108 45716 2.4 44 19 3 15 46% 8054 108444 7332 13%
c - 108.68 177 83 42 149 6359 3 1207273 47656 2.4 46 19 3 15 47% 8055 108444 7332 13%
c - 109.71 174 84 42 150 6504 3 1219480 49072 2.4 48 20 3 15 48% 8056 108444 7332 13%
c - 110.60 177 83 42 151 6603 3 1231727 50829 2.4 49 20 3 15 50% 8057 108443 7332 13%
c s 111.24 177 83 42 151 6685 3 1240306 59120 2.4 49 20 3 15 50% 8064 108169 7332 13%
c e 111.28 177 83 42 151 6685 3 1240306 59120 2.4 49 20 3 15 50% 7985 108691 7291 13%
c 2 111.28 177 83 42 151 6685 3 1240306 59120 2.4 49 20 3 15 50% 7984 108691 7291 13%
c s 111.29 177 83 42 151 6685 3 1240306 59120 2.4 49 20 3 15 50% 7986 108505 7291 13%
c e 111.31 177 83 42 151 6685 3 1240306 59120 2.4 49 20 3 15 50% 7977 108541 7287 13%
c u 111.60 177 83 42 151 6705 3 1242047 56357 2.4 49 20 3 15 50% 8021 108541 7287 13%
c v 111.78 178 83 42 151 6705 3 1242047 55962 2.4 49 20 3 15 50% 8021 108541 7287 13%
c w 111.88 179 83 42 151 6705 3 1242047 55956 2.4 49 20 3 15 50% 8021 108541 7287 13%
c x 112.00 179 83 42 151 6705 3 1242047 55936 2.4 49 20 3 15 50% 8035 108156 7287 13%
c t 112.01 179 83 42 151 6705 3 1242047 55936 2.4 49 20 3 15 50% 8007 108156 7287 13%
c f 112.06 179 83 42 151 6705 3 1242047 55936 2.4 49 20 3 15 50% 8015 108040 7293 13%
c u 112.22 188 83 42 151 6705 3 1242047 54519 2.4 49 20 3 15 50% 8017 108040 7293 13%
c v 112.40 189 83 42 151 6705 3 1242047 53859 2.4 49 20 3 15 50% 8017 108040 7293 13%
c w 112.49 190 83 42 151 6705 3 1242047 53854 2.4 49 20 3 15 50% 8017 108040 7293 13%
c
c seconds     switched     rate           size/glue  tier1     binary         remaining
c          MB   reductions    conflicts         size   tier2      irredundant
c           level     restarts       redundant     glue    trail         variables
c
c x 112.60 186 83 42 151 6705 3 1242047 53819 2.4 49 20 3 15 50% 8030 107268 7293 13%
c t 112.61 186 83 42 151 6705 3 1242047 53819 2.4 49 20 3 15 50% 8029 107268 7292 13%
c - 112.80 188 83 42 152 6723 3 1244015 46067 2.4 50 20 3 15 50% 8025 107267 7292 13%
c - 113.78 189 84 42 153 6848 3 1256344 47265 2.4 51 21 3 15 51% 8026 107267 7292 13%
c } 114.42 188 82 43 153 6896 3 1265896 56182 2.5 51 21 3 15 51% 8028 107267 7292 13%
c [ 114.42 188 55 43 153 6896 1 1265896 56182 1.9 67 36 4 25 49% 8028 107267 7292 13%
c W 114.44 188 55 43 153 6896 1 1265896 56182 1.9 67 36 4 25 49% 8028 107263 7292 13%
c - 114.66 188 55 43 154 6898 1 1268714 47696 1.9 67 36 4 25 49% 8028 107263 7292 13%
c - 115.81 121 53 43 155 6905 1 1281123 44276 1.9 67 35 4 25 49% 8028 107263 7292 13%
c - 117.04 121 53 43 156 6910 1 1293573 38664 1.9 67 35 4 25 49% 8028 107263 7292 13%
c - 118.28 121 52 43 157 6916 1 1306064 36042 1.9 68 35 4 25 49% 8028 107263 7292 13%
c - 119.63 129 51 43 158 6923 1 1318595 35954 1.9 68 35 4 25 49% 8028 107263 7292 13%
c - 121.00 130 49 43 159 6925 1 1331164 36830 2.0 68 35 4 25 49% 8028 107263 7292 13%
c ] 121.80 127 49 44 159 6926 1 1339385 43874 2.0 68 34 4 25 48% 8028 107263 7292 13%
c { 121.80 127 82 44 159 6926 3 1339385 43874 2.5 51 21 3 15 51% 8028 107263 7292 13%
c o 121.81 127 82 44 159 6927 3 1339440 43927 2.5 51 21 3 15 51% 8028 107263 7292 13%
c - 122.07 130 82 44 160 6948 3 1343773 39227 2.5 51 21 3 15 52% 8028 107263 7292 13%
c u 122.42 130 83 44 160 6960 3 1347172 38241 2.5 51 20 3 15 52% 8043 107262 7290 13%
c v 122.62 130 83 44 160 6960 3 1347172 37139 2.5 51 20 3 15 52% 8043 107262 7290 13%
c w 122.71 132 83 44 160 6960 3 1347172 37118 2.5 51 20 3 15 52% 8043 107262 7290 13%
c
c seconds     switched     rate           size/glue  tier1     binary         remaining
c          MB   reductions    conflicts         size   tier2      irredundant
c           level     restarts       redundant     glue    trail         variables
c
c x 122.84 127 83 44 160 6960 3 1347172 37112 2.5 51 20 3 15 52% 8055 106380 7290 13%
c t 122.85 127 83 44 160 6960 3 1347172 37101 2.5 51 20 3 15 52% 8050 106380 7290 13%
c u 123.04 128 83 44 160 6960 3 1347172 34382 2.5 51 20 3 15 52% 8089 106380 7290 13%
c v 123.24 129 83 44 160 6960 3 1347172 32859 2.5 51 20 3 15 52% 8088 106380 7290 13%
c w 123.32 131 83 44 160 6960 3 1347172 32837 2.5 51 20 3 15 52% 8088 106380 7290 13%
c x 123.47 127 83 44 160 6960 3 1347172 32836 2.5 51 20 3 15 52% 8107 105627 7290 13%
c t 123.47 127 83 44 160 6960 3 1347172 32836 2.5 51 20 3 15 52% 8097 105627 7290 13%
c i 123.49 127 83 44 160 6960 3 1347172 32836 2.5 51 20 3 15 52% 8097 105627 7290 13%
c - 124.05 130 84 44 161 7031 3 1356424 35476 2.5 51 20 3 15 52% 8091 105627 7290 13%
c - 124.68 130 86 44 162 7086 3 1369112 39642 2.5 50 20 3 15 53% 8091 105627 7290 13%
c - 125.54 130 86 44 163 7206 3 1381842 42132 2.5 50 20 3 16 53% 8091 105627 7290 13%
c - 126.44 80 87 44 164 7326 3 1394612 43123 2.5 50 20 3 16 53% 8093 105627 7290 13%
c - 127.16 80 88 44 165 7424 3 1407420 44533 2.5 50 20 3 16 52% 8096 105627 7290 13%
c - 128.04 80 88 44 166 7514 3 1420265 46183 2.5 51 20 3 16 52% 8098 105627 7290 13%
c - 128.92 80 89 44 167 7601 3 1433151 47704 2.6 51 20 3 16 52% 8098 105627 7290 13%
c - 129.78 80 89 44 168 7681 3 1446073 49019 2.6 51 20 3 16 53% 8100 105627 7290 13%
c } 129.95 79 89 45 168 7704 3 1448216 51062 2.6 51 20 3 16 53% 8100 105627 7290 13%
c [ 129.95 79 49 45 168 7704 1 1448216 51062 2.0 68 34 4 25 48% 8100 105627 7290 13%
c O 129.95 79 49 45 168 7704 1 1448216 51062 2.0 68 34 4 25 48% 8100 105627 7290 13%
c u 130.94 77 48 45 168 7710 1 1456987 56833 2.0 68 34 4 25 48% 8103 105627 7290 13%
c
c seconds    switched     rate           size/glue  tier1     binary         remaining
c         MB   reductions    conflicts         size   tier2      irredundant
c          level     restarts       redundant     glue    trail         variables
c
c v 131.12 80 48 45 168 7710 1 1456987 56560 2.0 68 34 4 25 48% 8103 105627 7290 13%
c w 131.21 83 48 45 168 7710 1 1456987 56560 2.0 68 34 4 25 48% 8103 105627 7290 13%
c x 131.33 93 48 45 168 7710 1 1456987 56552 2.0 68 34 4 25 48% 8184 105320 7290 13%
c t 131.34 93 48 45 168 7710 1 1456987 56552 2.0 68 34 4 25 48% 8174 105320 7290 13%
c - 131.55 94 48 45 169 7710 1 1459034 44349 2.0 68 34 4 25 48% 8174 105320 7290 13%
c - 132.73 95 50 45 170 7717 1 1472034 37511 2.0 69 35 4 25 48% 8174 105320 7290 13%
c - 133.90 95 52 45 171 7721 1 1485072 34435 2.0 70 35 4 25 49% 8174 105320 7290 13%
c - 135.07 103 53 45 172 7729 1 1498149 33534 1.9 69 36 4 25 48% 8174 105320 7290 13%
c s 135.41 103 54 45 172 7732 1 1502739 37799 1.9 69 37 4 25 48% 8185 105104 7290 13%
c e 135.45 104 54 45 172 7732 1 1502739 37799 1.9 69 37 4 25 48% 8011 106406 7187 13%
c s 135.46 104 54 45 172 7732 1 1502739 37799 1.9 69 37 4 25 48% 8011 105961 7187 13%
c e 135.49 104 54 45 172 7732 1 1502739 37799 1.9 69 37 4 25 48% 7979 106149 7172 13%
c o 135.49 104 54 45 172 7732 1 1502739 36671 1.9 69 37 4 25 48% 7979 106149 7172 13%
c - 136.28 104 56 45 173 7733 1 1511265 32724 1.9 71 37 4 25 48% 7979 106149 7172 13%
c ] 137.42 104 57 46 173 7734 1 1522461 42930 1.9 72 38 4 25 48% 7979 106149 7172 13%
c { 137.42 104 89 46 173 7734 3 1522461 42930 2.6 51 20 3 16 53% 7979 106149 7172 13%
c - 137.55 104 89 46 174 7747 3 1524417 33296 2.6 51 20 3 16 53% 7979 106149 7172 13%
c - 138.44 113 89 46 175 7849 3 1537607 38733 2.6 52 20 3 16 53% 7979 106149 7172 13%
c - 139.23 114 88 46 176 7903 3 1550836 45432 2.8 54 19 3 16 53% 7981 106149 7172 13%
c - 139.99 124 88 46 177 8001 3 1564103 48270 2.8 54 19 3 16 52% 7985 106149 7172 13%
c
c seconds     switched     rate           size/glue  tier1     binary         remaining
c          MB   reductions    conflicts         size   tier2      irredundant
c           level     restarts       redundant     glue    trail         variables
c
c u 140.72 133 88 46 177 8082 3 1571576 52628 2.8 54 19 3 16 52% 7990 106149 7172 13%
c v 140.94 136 88 46 177 8082 3 1571576 52471 2.8 54 19 3 16 52% 7990 106149 7172 13%
c w 141.04 136 88 46 177 8082 3 1571576 52448 2.8 54 19 3 16 52% 7990 106149 7172 13%
c x 141.19 136 88 46 177 8082 3 1571576 52430 2.8 54 19 3 16 52% 7991 106033 7172 13%
c = 142.05 136 88 46 177 8082 3 1571576 52430 2.8 54 19 3 16 52% 7991 106031 7169 13%
c t 142.06 136 88 46 177 8082 3 1571576 52426 2.8 54 19 3 16 52% 7979 106018 7169 13%
c f 142.12 136 88 46 177 8082 3 1571576 52426 2.8 54 19 3 16 52% 7994 105708 7184 13%
c u 142.29 145 88 46 177 8082 3 1571576 49687 2.8 54 19 3 16 52% 7999 105708 7184 13%
c v 142.52 149 88 46 177 8082 3 1571576 49326 2.8 54 19 3 16 52% 7999 105708 7184 13%
c w 142.62 149 88 46 177 8082 3 1571576 49307 2.8 54 19 3 16 52% 7999 105708 7184 13%
c x 142.76 149 88 46 177 8082 3 1571576 49277 2.8 54 19 3 16 52% 8002 105541 7184 13%
c t 142.77 149 88 46 177 8082 3 1571576 49277 2.8 54 19 3 16 52% 8000 105541 7184 13%
c - 143.24 159 88 46 178 8135 3 1577408 43335 2.8 54 19 3 16 52% 7984 105541 7184 13%
c - 144.14 169 88 46 179 8236 3 1590751 45003 2.8 54 19 3 16 52% 7984 105541 7184 13%
c - 144.99 179 88 46 180 8311 3 1604130 47028 2.8 54 19 3 16 51% 7985 105541 7184 13%
c - 145.94 189 87 46 181 8452 3 1617547 47912 2.8 53 19 3 16 51% 7987 105541 7184 13%
c - 146.91 209 87 46 182 8568 3 1631000 48383 2.7 53 20 3 16 51% 7987 105541 7184 13%
c } 147.67 185 87 47 182 8678 3 1640505 57536 2.7 53 20 3 16 51% 7989 105541 7184 13%
c [ 147.67 185 57 47 182 8678 1 1640505 57536 1.9 72 38 4 25 48% 7989 105541 7184 13%
c B 147.67 185 57 47 182 8678 1 1640505 57536 1.9 72 38 4 25 48% 7989 105541 7184 13%
c
c seconds     switched     rate           size/glue  tier1     binary         remaining
c          MB   reductions    conflicts         size   tier2      irredundant
c           level     restarts       redundant     glue    trail         variables
c
c - 148.01 186 57 47 183 8680 1 1644490 48040 1.9 71 38 4 25 48% 7989 105541 7184 13%
c - 149.40 186 57 47 184 8689 1 1658017 43223 1.9 71 38 4 25 48% 7989 105541 7184 13%
c - 150.81 194 56 47 185 8692 1 1671582 37151 1.8 71 38 4 25 48% 7989 105541 7184 13%
c - 152.17 195 56 47 186 8699 1 1685184 36051 1.9 72 39 4 25 48% 7989 105541 7184 13%
c u 152.94 204 57 47 186 8704 1 1690967 38053 1.8 72 39 4 25 48% 8038 105541 7184 13%
c v 153.12 204 57 47 186 8704 1 1690967 35243 1.8 72 39 4 25 48% 8039 105541 7184 13%
c w 153.25 213 57 47 186 8704 1 1690967 34369 1.8 72 39 4 25 48% 8039 105541 7184 13%
c x 153.40 214 57 47 186 8704 1 1690967 34343 1.8 72 39 4 25 48% 8045 105342 7184 13%
c t 153.40 214 57 47 186 8704 1 1690967 34343 1.8 72 39 4 25 48% 8025 105342 7184 13%
c o 153.42 214 57 47 186 8704 1 1690967 34343 1.8 72 39 4 25 48% 8025 105342 7184 13%
c - 154.08 214 57 47 187 8707 1 1698822 31451 1.8 71 39 4 25 48% 8025 105342 7184 13%
c - 155.20 222 57 47 188 8708 1 1712498 31554 1.8 70 40 4 26 48% 8025 105342 7184 13%
c ] 156.10 222 58 48 188 8708 1 1722526 40490 1.8 70 40 4 26 48% 8025 105342 7184 13%
c { 156.10 222 87 48 188 8708 3 1722526 40490 2.7 53 20 3 16 51% 8025 105342 7184 13%
c - 156.35 231 86 48 189 8743 3 1726211 34006 2.7 53 20 3 16 52% 8026 105342 7184 13%
c - 157.24 240 87 48 190 8868 3 1739961 41311 2.7 53 20 3 16 52% 8028 105342 7184 13%
c - 158.12 185 87 48 191 8971 3 1753749 46759 2.7 54 20 3 16 51% 8028 105342 7184 13%
c - 159.28 197 88 48 192 9126 3 1767570 49157 2.7 55 20 3 16 51% 8031 105342 7184 13%
c - 160.41 204 88 48 193 9243 3 1781426 50486 2.7 56 20 3 16 52% 8031 105342 7184 13%
c - 161.57 207 87 48 194 9382 3 1795318 51690 2.7 56 21 3 16 53% 8032 105342 7184 13%
c
c seconds     switched     rate           size/glue  tier1     binary         remaining
c          MB   reductions    conflicts         size   tier2      irredundant
c           level     restarts       redundant     glue    trail         variables
c
c s 161.63 204 87 48 194 9387 3 1795737 52099 2.7 56 21 3 16 52% 8037 105215 7184 13%
c e 161.66 205 87 48 194 9387 3 1795737 52099 2.7 56 21 3 16 52% 7989 105508 7160 13%
c s 161.67 205 87 48 194 9387 3 1795737 52099 2.7 56 21 3 16 52% 7989 105331 7160 13%
c - 162.66 217 86 48 195 9497 3 1809250 52251 2.8 57 21 3 16 52% 7991 105331 7160 13%
c u 163.28 217 86 48 195 9551 3 1815185 55584 2.7 57 21 3 16 51% 7992 105331 7160 13%
c v 163.52 219 86 48 195 9551 3 1815185 55171 2.7 57 21 3 16 51% 7992 105331 7160 13%
c w 163.62 220 86 48 195 9551 3 1815185 55153 2.7 57 21 3 16 51% 7992 105331 7160 13%
c x 163.77 215 86 48 195 9551 3 1815185 55128 2.7 57 21 3 16 51% 7998 105146 7160 13%
c t 163.78 215 86 48 195 9551 3 1815185 55128 2.7 57 21 3 16 51% 7992 105146 7160 13%
c f 163.80 215 86 48 195 9551 3 1815185 55128 2.7 57 21 3 16 51% 7995 105067 7164 13%
c u 163.98 216 86 48 195 9551 3 1815185 52228 2.7 57 21 3 16 51% 8000 105067 7164 13%
c v 164.21 219 86 48 195 9551 3 1815185 51669 2.7 57 21 3 16 51% 8000 105067 7164 13%
c w 164.30 220 86 48 195 9551 3 1815185 51547 2.7 57 21 3 16 51% 8000 105067 7164 13%
c x 164.44 220 86 48 195 9551 3 1815185 51520 2.7 57 21 3 16 51% 8007 104801 7164 13%
c t 164.45 220 86 48 195 9551 3 1815185 51520 2.7 57 21 3 16 51% 8002 104801 7164 13%
c f 164.47 220 86 48 195 9551 3 1815185 51520 2.7 57 21 3 16 51% 8002 104782 7165 13%
c - 165.13 229 85 48 196 9619 3 1823214 47254 2.7 57 21 3 16 51% 8002 104782 7165 13%
c - 166.26 230 84 48 197 9717 3 1837214 48714 2.8 58 21 3 16 52% 8003 104782 7165 13%
c } 167.39 230 83 49 197 9843 3 1850137 61244 2.8 59 21 3 16 53% 8003 104782 7165 13%
c [ 167.39 230 58 49 197 9843 1 1850137 61244 1.8 70 40 4 26 48% 8003 104782 7165 13%
c
c seconds     switched     rate           size/glue  tier1     binary         remaining
c          MB   reductions    conflicts         size   tier2      irredundant
c           level     restarts       redundant     glue    trail         variables
c
c W 167.41 230 58 49 197 9843 1 1850137 61244 1.8 70 40 4 26 48% 8003 104782 7165 13%
c - 167.52 230 58 49 198 9844 1 1851249 49687 1.8 71 40 4 26 48% 8003 104782 7165 13%
c - 168.84 163 58 49 199 9852 1 1865323 44625 1.8 71 40 4 26 48% 8003 104782 7165 13%
c - 170.36 171 59 49 200 9857 1 1879429 38091 1.8 72 41 4 26 48% 8003 104782 7165 13%
c - 171.88 169 57 49 201 9864 1 1893572 37361 1.8 72 40 4 26 48% 8003 104782 7165 13%
c o 172.81 171 57 49 201 9871 1 1903544 46302 1.8 71 39 4 26 48% 8003 104782 7165 13%
c - 173.14 172 58 49 202 9872 1 1907750 39057 1.8 71 39 4 26 49% 8003 104782 7165 13%
c - 174.16 170 56 49 203 9873 1 1921966 40607 1.9 71 38 4 26 48% 8003 104782 7165 13%
c - 175.26 172 55 49 204 9876 1 1936213 40324 1.9 72 37 4 26 48% 8003 104782 7165 13%
c u 176.25 171 55 49 204 9880 1 1944253 44862 2.0 72 37 4 26 49% 8027 104782 7165 13%
c v 176.49 172 55 49 204 9880 1 1944253 43083 2.0 72 37 4 26 49% 8027 104782 7165 13%
c w 176.61 176 55 49 204 9880 1 1944253 42935 2.0 72 37 4 26 49% 8027 104782 7165 13%
c x 176.79 170 55 49 204 9880 1 1944253 42931 2.0 72 37 4 26 49% 8042 104529 7165 13%
c = 178.21 171 55 49 204 9880 1 1944253 42931 2.0 72 37 4 26 49% 8042 104521 7164 13%
c t 178.22 171 55 49 204 9880 1 1944253 42923 2.0 72 37 4 26 49% 8040 104518 7164 13%
c u 178.44 172 55 49 204 9880 1 1944253 41403 2.0 72 37 4 26 49% 8043 104518 7164 13%
c v 178.68 173 55 49 204 9880 1 1944253 39545 2.0 72 37 4 26 49% 8043 104518 7164 13%
c w 178.79 176 55 49 204 9880 1 1944253 39092 2.0 72 37 4 26 49% 8043 104518 7164 13%
c x 178.96 98 55 49 204 9880 1 1944253 39091 2.0 72 37 4 26 49% 8125 104201 7164 13%
c t 178.97 98 55 49 204 9880 1 1944253 39091 2.0 72 37 4 26 49% 8114 104201 7164 13%
c
c seconds    switched     rate           size/glue  tier1     binary         remaining
c         MB   reductions    conflicts         size   tier2      irredundant
c          level     restarts       redundant     glue    trail         variables
c
c I 179.15 99 55 49 204 9882 1 1945851 40549 2.0 72 37 4 26 49% 8114 104201 7164 13%
c - 179.47 100 59 49 205 9885 1 1950495 33524 1.9 73 38 4 26 48% 8113 104201 7164 13%
c ] 179.72 100 60 50 205 9887 1 1954097 36969 1.9 73 38 4 26 48% 8113 104201 7164 13%
c { 179.72 100 83 50 205 9887 3 1954097 36969 2.8 59 21 3 16 53% 8113 104201 7164 13%
c - 180.48 97 78 50 206 9889 3 1964813 40028 2.9 60 21 3 16 53% 8113 104201 7164 13%
c - 181.77 99 71 50 207 9890 2 1979165 48637 3.0 60 20 3 16 52% 8113 104201 7164 13%
c - 183.03 102 64 50 208 9890 2 1993552 53759 3.1 60 19 3 16 51% 8113 104201 7164 13%
c - 184.34 101 59 50 209 9890 2 2007975 55781 3.1 59 19 3 15 50% 8113 104201 7164 13%
c - 185.71 102 54 50 210 9890 2 2022431 58703 3.2 59 19 3 15 49% 8113 104201 7164 13%
c - 187.09 103 49 50 211 9891 2 2036923 60125 3.2 59 18 3 15 48% 8113 104201 7164 13%
c - 188.47 102 45 50 212 9891 2 2051448 60608 3.2 58 18 4 15 47% 8113 104201 7164 13%
c - 189.88 77 42 50 213 9893 2 2066008 61463 3.2 57 18 4 15 47% 8113 104201 7164 13%
c u 191.25 75 40 50 213 9893 2 2078215 69822 3.3 57 18 4 15 46% 8117 104201 7163 13%
c v 191.64 81 40 50 213 9893 2 2078215 69519 3.3 57 18 4 15 46% 8117 104201 7163 13%
c w 191.80 85 40 50 213 9893 2 2078215 69497 3.3 57 18 4 15 46% 8117 104201 7163 13%
c x 192.00 87 40 50 213 9893 2 2078215 69492 3.3 57 18 4 15 46% 8117 104149 7163 13%
c t 192.02 87 40 50 213 9893 2 2078215 69491 3.3 57 18 4 15 46% 8114 104149 7163 13%
c u 192.33 96 40 50 213 9893 2 2078215 67738 3.3 57 18 4 15 46% 8135 104149 7163 13%
c v 192.85 102 40 50 213 9893 2 2078215 67644 3.3 57 18 4 15 46% 8135 104149 7163 13%
c w 193.05 105 40 50 213 9893 2 2078215 67299 3.3 57 18 4 15 46% 8135 104149 7163 13%
c
c seconds     switched     rate           size/glue  tier1     binary         remaining
c          MB   reductions    conflicts         size   tier2      irredundant
c           level     restarts       redundant     glue    trail         variables
c
c t 193.06 105 40 50 213 9893 2 2078215 67299 3.3 57 18 4 15 46% 8132 104149 7163 13%
c i 193.06 105 40 50 213 9893 2 2078215 67299 3.3 57 18 4 15 46% 8132 104149 7163 13%
c - 193.25 129 39 50 214 9895 2 2080602 56335 3.3 58 17 4 15 47% 8126 104149 7163 13%
c } 194.08 130 38 51 214 9895 2 2091623 67344 3.7 64 17 4 15 48% 8126 104149 7163 13%
c [ 194.08 130 60 51 214 9895 1 2091623 67344 1.9 73 38 4 26 48% 8126 104149 7163 13%
c B 194.08 130 60 51 214 9895 1 2091623 67344 1.9 73 38 4 26 48% 8126 104149 7163 13%
c o 194.21 130 61 51 214 9897 1 2093680 69306 1.9 73 38 4 26 48% 8126 104149 7163 13%
c - 194.35 131 62 51 215 9897 1 2095230 54913 1.9 73 38 4 26 48% 8126 104149 7163 13%
c - 195.69 131 62 51 216 9906 1 2109896 43265 1.9 72 39 4 26 49% 8126 104149 7163 13%
c s 196.59 131 62 51 216 9909 1 2120409 52343 1.9 73 39 4 26 50% 8130 104039 7163 13%
c e 196.63 131 62 51 216 9909 1 2120409 52343 1.9 73 39 4 26 50% 8017 104725 7110 13%
c s 196.64 131 62 51 216 9909 1 2120409 52343 1.9 73 39 4 26 50% 8017 104517 7110 13%
c - 197.05 131 62 51 217 9910 1 2124592 33225 1.9 73 39 4 26 50% 8017 104517 7110 13%
c - 198.39 132 63 51 218 9919 1 2139322 31203 1.8 74 40 4 26 50% 8017 104517 7110 13%
c - 199.79 132 64 51 219 9924 1 2154089 30764 1.8 75 41 4 26 50% 8017 104517 7110 13%
c - 201.19 132 64 51 220 9925 1 2168888 31656 1.8 76 41 4 26 51% 8017 104517 7110 13%
c - 202.64 132 64 51 221 9932 1 2183721 31768 1.8 77 42 4 26 51% 8017 104517 7110 13%
c - 203.89 135 65 51 222 9940 1 2198589 31491 1.8 77 43 4 27 51% 8017 104517 7110 13%
c W 204.01 135 66 51 222 9940 1 2199609 32436 1.8 77 43 4 27 51% 8017 104517 7110 13%
c - 205.18 139 69 51 223 9946 1 2213489 32606 1.8 78 44 4 27 50% 8017 104517 7110 13%
c
c seconds     switched     rate           size/glue  tier1     binary         remaining
c          MB   reductions    conflicts         size   tier2      irredundant
c           level     restarts       redundant     glue    trail         variables
c
c u 205.71 139 69 51 223 9947 1 2217104 33715 1.8 78 44 4 27 50% 8018 104517 7110 13%
c v 205.87 139 69 51 223 9947 1 2217104 31691 1.8 78 44 4 27 50% 8018 104517 7110 13%
c w 206.10 139 69 51 223 9947 1 2217104 31411 1.8 78 44 4 27 50% 8018 104517 7110 13%
c x 206.29 139 69 51 223 9947 1 2217104 31401 1.8 78 44 4 27 50% 8019 104481 7110 13%
c t 206.29 139 69 51 223 9947 1 2217104 31401 1.8 78 44 4 27 50% 8011 104481 7110 13%
c f 206.32 139 69 51 223 9947 1 2217104 31401 1.8 78 44 4 27 50% 8018 104308 7119 13%
c u 206.55 139 69 51 223 9947 1 2217104 30569 1.8 78 44 4 27 50% 8027 104308 7119 13%
c v 206.66 139 69 51 223 9947 1 2217104 29424 1.8 78 44 4 27 50% 8027 104308 7119 13%
c w 207.22 139 69 51 223 9947 1 2217104 28745 1.8 78 44 4 27 50% 8027 104308 7119 13%
c t 207.23 139 69 51 223 9947 1 2217104 28745 1.8 78 44 4 27 50% 8026 104308 7119 13%
c ] 207.67 139 68 52 223 9950 1 2222885 34176 1.8 77 43 4 27 50% 8026 104308 7119 13%
c { 207.67 139 38 52 223 9950 2 2222885 34176 3.7 64 17 4 15 48% 8026 104308 7119 13%
c - 208.05 141 40 52 224 10017 2 2228422 30432 3.6 63 17 4 15 48% 8026 104308 7119 13%
c - 209.13 146 47 52 225 10200 2 2243391 37603 3.5 62 18 4 15 49% 8029 104308 7119 13%
c - 210.19 97 52 52 226 10377 2 2258391 42957 3.3 61 18 4 15 49% 8029 104308 7119 13%
c - 211.33 110 57 52 227 10544 2 2273424 46040 3.1 59 19 4 15 49% 8029 104308 7119 13%
c - 212.56 117 61 52 228 10729 2 2288492 48239 3.0 59 20 4 15 50% 8030 104308 7119 13%
c o 212.97 119 63 52 228 10776 2 2295554 55016 3.0 58 20 4 15 49% 8030 104308 7119 13%
c - 213.72 124 65 52 229 10879 2 2303596 50452 2.9 58 20 4 15 50% 8030 104308 7119 13%
c - 215.08 152 68 52 230 11075 2 2318728 52202 2.8 58 21 4 15 50% 8034 104308 7119 13%
c
c seconds     switched      rate           size/glue  tier1     binary         remaining
c          MB   reductions     conflicts         size   tier2      irredundant
c           level     restarts        redundant     glue    trail         variables
c
c - 216.41 161 69 52 231 11225 3 2333893 53689 2.8 58 21 4 15 50% 8034 104308 7119 13%
c - 217.67 169 71 52 232 11365 3 2349091 55773 2.7 58 21 4 15 51% 8034 104308 7119 13%
c u 218.94 176 71 52 232 11470 3 2360971 62483 2.7 58 22 4 15 51% 8037 104308 7119 13%
c v 219.27 178 71 52 232 11470 3 2360971 61554 2.7 58 22 4 15 51% 8037 104308 7119 13%
c w 219.44 180 71 52 232 11470 3 2360971 61546 2.7 58 22 4 15 51% 8037 104308 7119 13%
c t 220.82 153 71 52 232 11470 3 2360971 61546 2.7 58 22 4 15 51% 8035 104308 7119 13%
c - 221.13 154 72 52 233 11503 3 2364326 52277 2.7 58 22 4 15 51% 8035 104308 7119 13%
c } 221.59 158 73 53 233 11543 3 2370673 58394 2.8 59 21 4 15 52% 8035 104308 7119 13%
c [ 221.59 158 68 53 233 11543 1 2370673 58394 1.8 77 43 4 27 50% 8035 104308 7119 13%
c O 221.59 158 68 53 233 11543 1 2370673 58394 1.8 77 43 4 27 50% 8035 104308 7119 13%
c - 222.40 159 65 53 234 11549 1 2379592 53916 1.8 77 42 4 27 50% 8035 104308 7119 13%
c - 223.73 162 63 53 235 11556 1 2394890 49769 1.9 76 41 4 27 49% 8035 104308 7119 13%
c - 225.37 164 61 53 236 11563 1 2410220 43899 1.9 76 40 4 27 49% 8035 104308 7119 13%
c - 226.67 165 58 53 237 11571 1 2425584 44142 1.9 74 38 4 27 48% 8035 104308 7119 13%
c - 227.64 167 57 53 238 11573 1 2440979 44743 2.0 74 38 4 27 47% 8035 104308 7119 13%
c - 228.81 170 57 53 239 11576 1 2456406 42875 1.9 73 38 4 27 46% 8035 104308 7119 13%
c - 229.89 171 55 53 240 11586 1 2471865 44058 1.9 71 37 4 27 45% 8035 104308 7119 13%
c s 230.37 171 55 53 240 11588 1 2477755 49190 1.9 71 37 4 27 44% 8036 104279 7119 13%
c e 230.39 172 55 53 240 11588 1 2477755 49190 1.9 71 37 4 27 44% 8032 104333 7115 13%
c 2 230.39 172 55 53 240 11588 1 2477755 49190 1.9 71 37 4 27 44% 8031 104333 7115 13%
c
c seconds     switched      rate           size/glue  tier1     binary         remaining
c          MB   reductions     conflicts         size   tier2      irredundant
c           level     restarts        redundant     glue    trail         variables
c
c s 230.39 172 55 53 240 11588 1 2477755 49190 1.9 71 37 4 27 44% 8034 104296 7115 13%
c e 230.39 172 55 53 240 11588 1 2477755 49190 1.9 71 37 4 27 44% 8033 104311 7114 13%
c - 231.17 106 55 53 241 11590 1 2487358 45410 1.9 70 37 4 27 44% 8034 104311 7114 13%
c B 231.47 106 55 53 241 11593 1 2491506 49235 1.9 70 37 4 27 44% 8034 104311 7114 13%
c ] 232.38 108 55 54 241 11599 1 2502197 58962 1.9 70 36 4 27 45% 8034 104311 7114 13%
c { 232.38 108 73 54 241 11599 3 2502197 58962 2.8 59 21 4 15 52% 8034 104311 7114 13%
c - 232.43 110 73 54 242 11605 3 2502882 45756 2.7 59 21 4 15 52% 8034 104311 7114 13%
c o 232.67 111 73 54 242 11609 3 2506979 49699 2.8 59 21 4 15 52% 8034 104311 7114 13%
c u 233.07 114 73 54 242 11610 3 2509815 48746 2.8 58 21 4 15 51% 8049 104311 7114 13%
c v 233.33 115 73 54 242 11610 3 2509815 47247 2.8 58 21 4 15 51% 8049 104311 7114 13%
c w 233.45 116 73 54 242 11610 3 2509815 47233 2.8 58 21 4 15 51% 8049 104311 7114 13%
c x 233.64 117 73 54 242 11610 3 2509815 47218 2.8 58 21 4 15 51% 8052 104259 7114 13%
c t 233.65 117 73 54 242 11610 3 2509815 47218 2.8 58 21 4 15 51% 8046 104259 7114 13%
c f 233.66 117 73 54 242 11610 3 2509815 47218 2.8 58 21 4 15 51% 8046 104242 7115 13%
c u 233.97 118 73 54 242 11610 3 2509815 43525 2.8 58 21 4 15 51% 8049 104242 7115 13%
c v 234.34 120 73 54 242 11610 3 2509815 41498 2.8 58 21 4 15 51% 8049 104242 7115 13%
c w 234.48 120 73 54 242 11610 3 2509815 41469 2.8 58 21 4 15 51% 8049 104242 7115 13%
c t 234.49 120 73 54 242 11610 3 2509815 41469 2.8 58 21 4 15 51% 8046 104242 7115 13%
c - 234.89 122 72 54 243 11613 2 2518438 42690 2.7 56 20 4 15 49% 8048 104242 7115 13%
c i 235.39 123 70 54 243 11617 2 2530191 53537 2.7 52 19 4 15 46% 8057 104242 7112 13%
c
c seconds     switched      rate           size/glue  tier1     binary         remaining
c          MB   reductions     conflicts         size   tier2      irredundant
c           level     restarts        redundant     glue    trail         variables
c
c - 235.55 124 70 54 244 11625 2 2534026 49062 2.7 52 19 3 15 46% 8042 104242 7112 13%
c i 235.73 125 70 54 244 11627 2 2537635 52484 2.7 51 19 3 15 46% 8046 104242 7111 13%
c - 236.22 128 70 54 245 11642 2 2549646 53223 2.7 49 18 3 15 44% 8041 104242 7111 13%
c - 236.98 130 66 54 246 11642 2 2565300 55412 2.7 45 17 3 15 41% 8042 104242 7111 13%
c i 237.20 131 66 54 246 11643 2 2568498 58338 2.6 45 17 3 15 40% 8047 104242 7110 13%
c i 237.36 132 66 54 246 11656 2 2571553 61182 2.6 44 17 3 15 40% 8056 104242 7109 13%
c i 237.53 135 66 54 246 11662 2 2574753 64194 2.7 44 17 3 15 40% 8060 104242 7108 13%
c - 237.84 136 67 54 247 11682 2 2580984 57366 2.6 43 16 3 15 40% 8050 104242 7108 13%
c - 238.57 140 65 54 248 11703 2 2596703 60188 2.6 41 16 3 15 38% 8064 104242 7108 13%
c - 239.11 144 67 54 249 11731 2 2612453 61894 2.6 39 15 3 15 38% 8078 104241 7108 13%
c i 239.16 146 67 54 249 11737 2 2613582 62937 2.6 39 15 3 15 37% 8079 104241 7107 13%
c i 239.27 146 67 54 249 11738 2 2615716 65008 2.7 40 15 3 15 38% 8081 104241 7106 13%
c i 239.45 148 67 54 249 11751 2 2620773 69590 2.7 39 15 3 15 38% 8091 104241 7105 13%
c i 239.61 148 67 54 249 11757 2 2624212 72823 2.7 39 14 3 15 38% 8094 104241 7102 13%
c - 239.83 149 67 54 250 11776 2 2628235 63935 2.7 38 14 3 15 37% 8072 104241 7102 13%
c - 240.65 153 68 54 251 11831 2 2644047 66419 2.7 38 14 3 15 37% 8081 104241 7102 13%
c - 241.29 137 69 54 252 11875 2 2659889 68597 2.7 36 13 3 15 37% 8093 104241 7102 13%
c } 241.31 137 68 55 252 11875 2 2660592 69258 2.7 36 13 3 15 36% 8093 104241 7102 13%
c [ 241.31 137 55 55 252 11875 1 2660592 69258 1.9 70 36 4 27 45% 8093 104241 7102 13%
c W 241.35 137 55 55 252 11875 1 2660592 69258 1.9 70 36 4 27 45% 8093 104072 7102 13%
c
c seconds     switched      rate           size/glue  tier1     binary         remaining
c          MB   reductions     conflicts         size   tier2      irredundant
c           level     restarts        redundant     glue    trail         variables
c
c d 241.67 138 55 55 252 11877 1 2663686 72108 1.9 70 36 4 27 45% 8120 104043 7101 13%
c u 241.82 140 55 55 252 11877 1 2663686 70265 1.9 70 36 4 27 45% 8120 104043 7101 13%
c v 242.03 142 55 55 252 11877 1 2663686 69994 1.9 70 36 4 27 45% 8120 104043 7101 13%
c w 242.12 143 55 55 252 11877 1 2663686 69987 1.9 70 36 4 27 45% 8120 104043 7101 13%
c x 242.25 143 55 55 252 11877 1 2663686 69962 1.9 70 36 4 27 45% 8128 103968 7101 13%
c t 242.26 143 55 55 252 11877 1 2663686 69962 1.9 70 36 4 27 45% 8103 103968 7101 13%
c u 242.43 143 55 55 252 11877 1 2663686 68900 1.9 70 36 4 27 45% 8106 103968 7101 13%
c v 242.62 145 55 55 252 11877 1 2663686 68322 1.9 70 36 4 27 45% 8106 103968 7101 13%
c w 242.70 145 55 55 252 11877 1 2663686 68319 1.9 70 36 4 27 45% 8106 103968 7101 13%
c x 242.83 145 55 55 252 11877 1 2663686 68319 1.9 70 36 4 27 45% 8114 103887 7101 13%
c - 244.15 153 55 55 253 11884 1 2675765 59906 1.9 70 36 4 27 46% 8114 103887 7101 13%
c - 245.63 155 53 55 254 11889 1 2691670 53832 1.9 69 36 4 27 47% 8114 103887 7101 13%
c - 247.04 157 50 55 255 11898 1 2707607 55493 2.0 67 34 4 27 48% 8114 103887 7101 13%
c - 248.50 159 49 55 256 11904 1 2723576 58621 2.0 67 33 4 27 49% 8114 103887 7101 13%
c - 250.13 161 49 55 257 11905 1 2739577 57532 2.1 68 33 4 27 49% 8114 103887 7101 13%
c ] 250.81 162 49 56 257 11908 1 2746280 63737 2.1 68 33 4 27 49% 8114 103887 7101 13%
c { 250.81 162 68 56 257 11908 2 2746280 63737 2.7 36 13 3 15 36% 8114 103887 7101 13%
c o 250.82 162 68 56 257 11910 2 2746387 63841 2.7 36 13 3 15 36% 8114 103887 7101 13%
c - 251.48 116 71 56 258 12046 2 2755608 58824 2.6 36 14 3 15 37% 8115 103887 7101 13%
c - 252.66 121 74 56 259 12287 3 2771670 63617 2.5 38 15 3 15 38% 8116 103887 7101 13%
c
c seconds     switched      rate           size/glue  tier1     binary         remaining
c          MB   reductions     conflicts         size   tier2      irredundant
c           level     restarts        redundant     glue    trail         variables
c
c - 253.91 128 76 56 260 12508 3 2787763 66363 2.5 40 16 3 15 39% 8117 103887 7101 13%
c - 255.13 135 78 56 261 12714 3 2803888 69003 2.4 41 17 3 15 40% 8118 103887 7101 13%
c - 256.59 141 80 56 262 12948 3 2820043 70809 2.4 44 18 3 15 41% 8119 103887 7101 13%
c u 257.19 138 80 56 262 12978 3 2822583 67848 2.4 44 18 3 15 41% 8155 103887 7099 13%
c v 257.61 140 80 56 262 12978 3 2822583 66152 2.4 44 18 3 15 41% 8161 103887 7097 13%
c w 257.79 141 80 56 262 12978 3 2822583 66073 2.4 44 18 3 15 41% 8161 103887 7097 13%
c t 257.80 141 80 56 262 12978 3 2822583 66004 2.4 44 18 3 15 41% 8144 103850 7097 13%
c u 258.06 139 80 56 262 12978 3 2822583 62283 2.4 44 18 3 15 41% 8206 103850 7097 13%
c v 258.36 140 80 56 262 12978 3 2822583 61054 2.4 44 18 3 15 41% 8206 103850 7097 13%
c w 258.49 141 80 56 262 12978 3 2822583 61040 2.4 44 18 3 15 41% 8206 103850 7097 13%
c x 258.68 138 80 56 262 12978 3 2822583 61039 2.4 44 18 3 15 41% 8226 103773 7097 13%
c t 258.69 138 80 56 262 12978 3 2822583 61039 2.4 44 18 3 15 41% 8199 103773 7097 13%
c i 258.70 138 80 56 262 12978 3 2822583 61039 2.4 44 18 3 15 41% 8199 103773 7097 13%
c - 259.78 146 81 56 263 13158 3 2836229 61165 2.4 45 19 3 15 42% 8174 103773 7097 13%
c - 261.06 141 82 56 264 13369 3 2852448 63237 2.4 46 19 3 15 43% 8174 103773 7097 13%
c - 262.28 104 81 56 265 13486 3 2868698 65779 2.5 48 19 3 15 44% 8174 103773 7097 13%
c s 262.30 104 81 56 265 13486 3 2868760 65841 2.5 48 19 3 15 44% 8181 103666 7097 13%
c e 262.33 104 81 56 265 13486 3 2868760 65841 2.5 48 19 3 15 44% 8083 104137 7060 13%
c s 262.34 104 81 56 265 13486 3 2868760 65841 2.5 48 19 3 15 44% 8086 103943 7060 13%
c e 262.35 104 81 56 265 13486 3 2868760 65841 2.5 48 19 3 15 44% 8081 103970 7058 13%
c
c seconds     switched      rate           size/glue  tier1     binary         remaining
c          MB   reductions     conflicts         size   tier2      irredundant
c           level     restarts        redundant     glue    trail         variables
c
c - 263.54 126 80 56 266 13662 3 2884977 65836 2.5 49 20 3 15 44% 8083 103970 7058 13%
c - 264.67 131 79 56 267 13823 3 2901286 66837 2.4 49 20 3 15 44% 8083 103969 7058 13%
c } 265.69 139 80 57 267 13951 3 2915623 80637 2.4 49 20 3 15 44% 8083 103969 7058 13%
c [ 265.69 139 49 57 267 13951 1 2915623 80637 2.1 68 33 4 27 49% 8083 103969 7058 13%
c I 265.69 139 49 57 267 13951 1 2915623 80637 2.1 68 33 4 27 49% 8083 103969 7058 13%
c - 265.89 140 51 57 268 13952 1 2917626 68030 2.0 68 34 4 27 49% 8083 103969 7058 13%
c - 267.53 143 60 57 269 13962 1 2933996 62036 1.9 71 37 4 27 50% 8083 103969 7058 13%
c - 269.32 142 61 57 270 13967 1 2950400 52516 1.9 72 38 4 27 50% 8083 103969 7058 13%
c - 271.23 143 63 57 271 13977 1 2966833 49234 1.8 73 41 4 27 50% 8083 103969 7058 13%
c - 273.10 117 64 57 272 13981 1 2983296 48164 1.7 73 42 4 27 51% 8083 103969 7058 13%
c u 273.82 118 64 57 272 13981 1 2986555 46177 1.7 74 43 4 27 51% 8101 103969 7058 13%
c v 273.99 118 64 57 272 13981 1 2986555 43331 1.7 74 43 4 27 51% 8101 103969 7058 13%
c w 274.46 121 64 57 272 13981 1 2986555 42813 1.7 74 43 4 27 51% 8101 103969 7058 13%
c = 276.30 121 64 57 272 13981 1 2986555 42813 1.7 74 43 4 27 51% 8101 103965 7057 13%
c t 276.30 121 64 57 272 13981 1 2986555 42801 1.7 74 43 4 27 51% 8093 103959 7057 13%
c f 276.33 121 64 57 272 13981 1 2986555 42801 1.7 74 43 4 27 51% 8096 103847 7063 13%
c u 276.69 121 64 57 272 13981 1 2986555 38924 1.7 74 43 4 27 51% 8139 103847 7061 13%
c v 276.80 117 64 57 272 13981 1 2986555 37819 1.7 74 43 4 27 51% 8139 103847 7060 13%
c w 277.33 118 64 57 272 13981 1 2986555 37484 1.7 74 43 4 27 51% 8139 103847 7060 13%
c t 277.33 118 64 57 272 13981 1 2986555 37476 1.7 74 43 4 27 51% 8127 103817 7060 13%
c
c seconds     switched      rate           size/glue  tier1     binary         remaining
c          MB   reductions     conflicts         size   tier2      irredundant
c           level     restarts        redundant     glue    trail         variables
c
c i 277.34 118 64 57 272 13981 1 2986555 37476 1.7 74 43 4 27 51% 8127 103817 7060 13%
c o 277.34 118 64 57 272 13981 1 2986555 37476 1.7 74 43 4 27 51% 8127 103817 7060 13%
c - 278.50 121 72 57 273 13983 1 2999791 37846 1.6 76 47 4 27 51% 8102 103817 7060 13%
c - 279.80 123 73 57 274 13994 1 3016313 41630 1.6 76 46 4 27 50% 8102 103817 7060 13%
c - 280.71 122 73 57 275 13999 1 3032866 44708 1.7 74 45 4 27 48% 8104 103817 7060 13%
c ] 281.48 123 74 58 275 14007 1 3047868 58273 1.7 75 45 4 27 47% 8104 103817 7060 13%
c { 281.48 123 80 58 275 14007 3 3047868 58273 2.4 49 20 3 15 44% 8104 103817 7060 13%
c - 281.60 120 80 58 276 14019 3 3049450 45703 2.4 49 20 3 15 44% 8105 103817 7060 13%
c - 282.79 122 80 58 277 14142 3 3066066 51837 2.5 50 20 3 15 44% 8105 103817 7060 13%
c - 284.15 85 79 58 278 14309 3 3082710 57734 2.4 50 21 3 15 45% 8108 103817 7060 13%
c - 285.10 86 79 58 279 14401 3 3099383 60606 2.4 49 20 3 15 45% 8110 103817 7060 13%
c - 286.28 85 80 58 280 14534 3 3116086 63235 2.5 49 20 3 15 45% 8111 103817 7060 13%
c - 287.54 86 78 58 281 14664 3 3132821 64745 2.5 49 20 3 15 46% 8112 103817 7060 13%
c - 288.85 86 77 58 282 14802 3 3149586 65374 2.5 50 20 3 15 47% 8114 103817 7060 13%
c u 289.52 82 77 58 282 14856 3 3155629 69268 2.5 50 20 3 15 47% 8117 103817 7060 13%
c v 289.79 86 77 58 282 14856 3 3155629 68616 2.5 50 20 3 15 47% 8117 103817 7060 13%
c w 289.92 87 77 58 282 14856 3 3155629 68603 2.5 50 20 3 15 47% 8117 103817 7060 13%
c x 290.10 88 77 58 282 14856 3 3155629 68590 2.5 50 20 3 15 47% 8177 103661 7059 13%
c t 290.11 88 77 58 282 14856 3 3155629 68588 2.5 50 20 3 15 47% 8165 103658 7059 13%
c u 290.42 90 77 58 282 14856 3 3155629 65001 2.5 50 20 3 15 47% 8171 103658 7059 13%
c
c seconds    switched      rate           size/glue  tier1     binary         remaining
c         MB   reductions     conflicts         size   tier2      irredundant
c          level     restarts        redundant     glue    trail         variables
c
c v 290.81 91 77 58 282 14856 3 3155629 63933 2.5 50 20 3 15 47% 8171 103658 7059 13%
c w 290.98 93 77 58 282 14856 3 3155629 63913 2.5 50 20 3 15 47% 8171 103658 7059 13%
c t 290.99 93 77 58 282 14856 3 3155629 63913 2.5 50 20 3 15 47% 8170 103658 7059 13%
c i 291.00 93 77 58 282 14856 3 3155629 63913 2.5 50 20 3 15 47% 8170 103658 7059 13%
c - 291.79 102 76 58 283 14926 3 3166378 59926 2.5 49 20 3 15 48% 8163 103658 7059 13%
c - 292.98 109 76 58 284 15049 3 3183200 61976 2.5 49 20 3 15 48% 8165 103658 7059 13%
c - 294.08 116 75 58 285 15141 3 3200052 63674 2.5 49 20 3 15 47% 8168 103658 7059 13%
c - 295.45 125 75 58 286 15312 3 3216933 64877 2.5 49 20 3 15 47% 8168 103658 7059 13%
c o 296.21 130 76 58 286 15404 3 3226580 74161 2.5 49 20 3 15 48% 8168 103658 7059 13%
c } 296.36 131 75 59 286 15417 3 3228497 75905 2.5 49 20 3 15 48% 8169 103658 7059 13%
c [ 296.36 131 74 59 286 15417 1 3228497 75905 1.7 75 45 4 27 47% 8169 103658 7059 13%
c B 296.36 131 74 59 286 15417 1 3228497 75905 1.7 75 45 4 27 47% 8169 103658 7059 13%
c - 296.67 132 76 59 287 15421 1 3233845 63811 1.6 75 45 4 28 47% 8169 103658 7059 13%
c - 297.77 135 78 59 288 15430 1 3250786 58851 1.6 74 45 4 28 46% 8169 103658 7059 13%
c - 298.82 136 76 59 289 15437 1 3267759 50677 1.6 74 45 4 28 45% 8169 103658 7059 13%
c - 299.85 137 72 59 290 15445 1 3284759 47846 1.6 72 44 4 28 44% 8169 103658 7059 13%
c s 300.45 138 71 59 290 15447 1 3294398 55818 1.6 72 44 4 28 44% 8171 103567 7059 13%
c e 300.48 139 71 59 290 15447 1 3294398 55818 1.6 72 44 4 28 44% 8128 103888 7034 13%
c s 300.49 139 71 59 290 15447 1 3294398 55818 1.6 72 44 4 28 44% 8128 103779 7034 13%
c e 300.50 139 71 59 290 15447 1 3294398 55818 1.6 72 44 4 28 44% 8123 103806 7032 13%
c
c seconds     switched      rate           size/glue  tier1     binary         remaining
c          MB   reductions     conflicts         size   tier2      irredundant
c           level     restarts        redundant     glue    trail         variables
c
c - 301.03 139 70 59 291 15447 1 3301790 46915 1.6 72 44 4 28 43% 8123 103806 7032 13%
c - 302.20 140 67 59 292 15454 1 3318849 47267 1.6 71 43 4 28 42% 8123 103806 7032 13%
c u 303.17 142 65 59 292 15460 1 3329828 54053 1.7 70 43 4 28 42% 8133 103806 7032 13%
c v 303.35 143 65 59 292 15460 1 3329828 51903 1.7 70 43 4 28 42% 8133 103806 7032 13%
c w 303.56 150 65 59 292 15460 1 3329828 50621 1.7 70 43 4 28 42% 8133 103806 7032 13%
c x 303.74 150 65 59 292 15460 1 3329828 50608 1.7 70 43 4 28 42% 8136 103731 7032 13%
c t 303.75 119 65 59 292 15460 1 3329828 50608 1.7 70 43 4 28 42% 8128 103731 7032 13%
c f 303.77 119 65 59 292 15460 1 3329828 50608 1.7 70 43 4 28 42% 8129 103712 7033 13%
c u 304.10 123 65 59 292 15460 1 3329828 48307 1.7 70 43 4 28 42% 8134 103712 7032 13%
c v 304.22 123 65 59 292 15460 1 3329828 47187 1.7 70 43 4 28 42% 8134 103712 7032 13%
c w 304.69 126 65 59 292 15460 1 3329828 46767 1.7 70 43 4 28 42% 8134 103712 7032 13%
c t 304.70 126 65 59 292 15460 1 3329828 46766 1.7 70 43 4 28 42% 8133 103704 7032 13%
c i 304.71 126 65 59 292 15460 1 3329828 46766 1.7 70 43 4 28 42% 8133 103704 7032 13%
c - 305.13 126 64 59 293 15462 1 3335937 40922 1.7 70 42 4 28 42% 8127 103704 7032 13%
c - 306.16 126 63 59 294 15469 1 3353054 42448 1.6 70 43 4 28 42% 8128 103704 7032 13%
c - 307.26 136 63 59 295 15477 1 3370201 42473 1.6 70 43 4 28 41% 8128 103704 7032 13%
c W 307.68 137 63 59 295 15478 1 3376687 47969 1.6 70 43 4 28 41% 8128 103704 7032 13%
c - 308.40 146 63 59 296 15478 1 3387380 43322 1.7 70 43 4 28 41% 8129 103704 7032 13%
c - 309.52 146 61 59 297 15479 1 3404585 44606 1.7 69 41 4 28 41% 8129 103704 7032 13%
c ] 310.67 155 60 60 297 15479 1 3420640 58138 1.7 68 41 4 28 41% 8129 103704 7032 13%
c
c seconds     switched      rate           size/glue  tier1     binary         remaining
c          MB   reductions     conflicts         size   tier2      irredundant
c           level     restarts        redundant     glue    trail         variables
c
c { 310.67 155 75 60 297 15479 3 3420640 58138 2.5 49 20 3 15 48% 8129 103704 7032 13%
c - 310.76 156 75 60 298 15500 3 3421818 44878 2.4 49 20 3 15 48% 8129 103704 7032 13%
c - 311.84 176 77 60 299 15614 3 3439080 52354 2.5 49 20 3 15 49% 8129 103704 7032 13%
c - 313.05 197 77 60 300 15719 3 3456371 59265 2.5 49 19 3 15 50% 8129 103704 7032 13%
c - 314.36 174 78 60 301 15848 3 3473691 62392 2.6 49 19 3 15 50% 8129 103704 7032 13%
c o 314.64 177 79 60 301 15885 3 3476837 65478 2.6 49 19 3 15 50% 8129 103704 7032 13%
c - 315.72 182 79 60 302 15989 3 3491041 64206 2.6 50 19 3 15 51% 8130 103704 7032 13%
c - 317.13 193 79 60 303 16149 3 3508421 66001 2.6 50 19 3 15 51% 8131 103704 7032 13%
c u 317.53 196 79 60 303 16157 3 3509181 63671 2.6 50 19 3 15 51% 8152 103704 7032 13%
c v 317.92 198 79 60 303 16157 3 3509181 62194 2.6 50 19 3 15 51% 8152 103704 7032 13%
c w 318.09 199 79 60 303 16157 3 3509181 62170 2.6 50 19 3 15 51% 8152 103704 7032 13%
c t 318.10 199 79 60 303 16157 3 3509181 62170 2.6 50 19 3 15 51% 8143 103704 7032 13%
c - 319.36 206 79 60 304 16262 3 3525827 64049 2.6 50 19 3 15 52% 8143 103704 7032 13%
c - 320.61 216 79 60 305 16380 3 3543262 66618 2.6 50 19 3 15 52% 8143 103704 7032 13%
c - 322.06 226 78 60 306 16503 3 3560728 68489 2.7 50 19 3 15 53% 8143 103704 7032 13%
c - 323.53 239 79 60 307 16658 3 3578220 69860 2.7 50 19 3 15 53% 8143 103704 7032 13%
c - 324.84 196 79 60 308 16763 3 3595741 70900 2.7 50 19 3 15 53% 8144 103704 7032 13%
c } 326.16 207 80 61 308 16895 3 3612895 87521 2.7 49 18 3 15 53% 8145 103704 7032 13%
c [ 326.16 207 60 61 308 16895 1 3612895 87521 1.7 68 41 4 28 41% 8145 103704 7032 13%
c O 326.16 207 60 61 308 16895 1 3612895 87521 1.7 68 41 4 28 41% 8145 103704 7032 13%
c
c seconds     switched      rate           size/glue  tier1     binary         remaining
c          MB   reductions     conflicts         size   tier2      irredundant
c           level     restarts        redundant     glue    trail         variables
c
c - 326.20 207 59 61 309 16895 1 3613290 72190 1.7 68 41 4 28 41% 8145 103704 7032 13%
c - 327.36 209 55 61 310 16906 1 3630869 69782 1.8 68 38 4 28 41% 8145 103704 7032 13%
c - 328.44 227 53 61 311 16912 1 3648477 61939 1.8 67 37 4 28 41% 8145 103704 7032 13%
c - 329.64 229 52 61 312 16922 1 3666112 55846 1.8 67 37 4 28 41% 8145 103704 7032 13%
c - 330.79 230 52 61 313 16925 1 3683775 52579 1.8 68 37 4 28 40% 8145 103704 7032 13%
c u 331.65 236 52 61 313 16925 1 3693711 57359 1.8 68 37 4 28 40% 8147 103704 7032 13%
c v 331.85 236 52 61 313 16925 1 3693711 53061 1.8 68 37 4 28 40% 8147 103704 7032 13%
c w 332.05 236 52 61 313 16925 1 3693711 51525 1.8 68 37 4 28 40% 8147 103704 7032 13%
c x 332.26 235 52 61 313 16925 1 3693711 51504 1.8 68 37 4 28 40% 8150 103654 7032 13%
c t 332.27 235 52 61 313 16925 1 3693711 51504 1.8 68 37 4 28 40% 8149 103654 7032 13%
c - 332.84 237 52 61 314 16931 1 3701467 44184 1.8 68 38 4 28 40% 8149 103654 7032 13%
c - 334.02 237 51 61 315 16939 1 3719187 44962 1.8 67 38 4 27 40% 8149 103654 7032 13%
c - 335.20 176 50 61 316 16947 1 3736937 46032 1.8 66 37 4 27 40% 8149 103654 7032 13%
c o 336.20 176 49 61 316 16955 1 3752404 57586 1.7 65 37 4 27 40% 8149 103654 7032 13%
c - 336.40 176 51 61 317 16955 1 3754713 47045 1.7 65 37 4 27 40% 8149 103654 7032 13%
c s 336.46 176 51 61 317 16955 1 3755573 47841 1.7 65 37 4 27 40% 8152 103590 7032 13%
c e 336.49 177 51 61 317 16955 1 3755573 47841 1.7 65 37 4 27 40% 8121 103739 7022 13%
c s 336.49 177 51 61 317 16955 1 3755573 47841 1.7 65 37 4 27 40% 8121 103678 7022 13%
c e 336.50 177 51 61 317 16955 1 3755573 47841 1.7 65 37 4 27 40% 8119 103691 7020 13%
c - 337.76 179 56 61 318 16956 1 3772517 48178 1.8 68 39 4 27 41% 8119 103691 7020 13%
c
c seconds     switched      rate           size/glue  tier1     binary         remaining
c          MB   reductions     conflicts         size   tier2      irredundant
c           level     restarts        redundant     glue    trail         variables
c
c B 338.01 179 57 61 318 16956 1 3775565 50935 1.7 69 39 4 27 42% 8119 103691 7020 13%
c - 339.39 179 57 61 319 16957 1 3790350 47803 1.8 69 39 4 27 42% 8119 103691 7020 13%
c - 340.78 187 57 61 320 16957 1 3808210 49124 1.8 70 38 4 27 42% 8119 103691 7020 13%
c ] 340.97 188 57 62 320 16959 1 3811742 52381 1.8 70 38 4 27 42% 8119 103691 7020 13%
c { 340.97 188 80 62 320 16959 3 3811742 52381 2.7 49 18 3 15 53% 8119 103691 7020 13%
c - 342.05 208 81 62 321 17120 3 3826098 55328 2.6 50 19 3 15 53% 8119 103691 7020 13%
c - 343.35 207 82 62 322 17322 3 3844014 61381 2.6 51 19 3 15 53% 8120 103691 7020 13%
c - 344.86 211 83 62 323 17498 3 3861958 65499 2.6 52 20 3 15 53% 8120 103691 7020 13%
c - 346.38 122 84 62 324 17689 3 3879930 67853 2.6 53 20 3 15 53% 8121 103691 7020 13%
c u 347.00 121 84 62 324 17713 3 3883444 66334 2.6 53 20 3 15 53% 8132 103691 7020 13%
c v 347.44 124 84 62 324 17713 3 3883444 65039 2.6 53 20 3 15 53% 8132 103691 7020 13%
c w 347.64 125 84 62 324 17713 3 3883444 65023 2.6 53 20 3 15 53% 8132 103691 7020 13%
c t 349.45 125 84 62 324 17713 3 3883444 65023 2.6 53 20 3 15 53% 8126 103691 7020 13%
c f 349.46 125 84 62 324 17713 3 3883444 65023 2.6 53 20 3 15 53% 8124 103674 7021 13%
c u 349.84 125 84 62 324 17713 3 3883444 61985 2.6 53 20 3 15 53% 8127 103674 7021 13%
c v 350.26 125 84 62 324 17713 3 3883444 59123 2.6 53 20 3 15 53% 8128 103674 7021 13%
c w 350.44 135 84 62 324 17713 3 3883444 59094 2.6 53 20 3 15 53% 8128 103674 7021 13%
c - 351.65 136 85 62 325 17848 3 3897931 59345 2.6 53 20 3 15 54% 8128 103674 7021 13%
c - 353.09 136 85 62 326 18031 3 3915959 62684 2.6 53 21 3 15 53% 8129 103674 7021 13%
c - 354.88 136 83 62 327 18207 3 3934015 64382 2.6 54 21 3 15 53% 8129 103674 7021 13%
c
c seconds    switched      rate           size/glue  tier1     binary         remaining
c         MB   reductions     conflicts         size   tier2      irredundant
c          level     restarts        redundant     glue    trail         variables
c
c - 356.52 89 80 62 328 18349 3 3952098 66398 2.6 54 21 3 15 54% 8130 103674 7021 13%
c - 358.01 91 78 62 329 18490 3 3970208 68309 2.5 54 21 3 15 53% 8130 103674 7021 13%
c - 359.60 91 78 62 330 18652 3 3988347 69222 2.5 55 21 3 15 53% 8130 103674 7021 13%
c - 361.28 91 77 62 331 18796 3 4006512 69996 2.6 55 22 3 15 54% 8130 103674 7021 13%
c } 362.09 90 76 63 331 18868 3 4015951 79158 2.6 56 22 3 15 54% 8130 103674 7021 13%
c [ 362.09 90 57 63 331 18868 1 4015951 79158 1.8 70 38 4 27 42% 8130 103674 7021 13%
c W 362.15 90 57 63 331 18868 1 4015951 79158 1.8 70 38 4 27 42% 8130 103674 7021 13%
c - 362.66 91 59 63 332 18874 1 4024706 67629 1.8 71 39 4 27 42% 8130 103674 7021 13%
c o 363.01 92 60 63 332 18877 1 4030308 72587 1.8 72 39 4 27 42% 8130 103674 7021 13%
c - 364.30 95 62 63 333 18882 1 4042929 59879 1.8 75 40 4 27 44% 8130 103674 7021 13%
c - 366.03 88 62 63 334 18889 1 4061178 54597 1.9 75 40 4 27 45% 8130 103674 7021 13%
c u 368.18 90 60 63 334 18897 1 4078403 64579 1.9 74 39 4 27 45% 8137 103674 7021 13%
c v 368.65 92 60 63 334 18897 1 4078403 59099 1.9 74 39 4 27 45% 8137 103674 7021 13%
c w 368.89 98 60 63 334 18897 1 4078403 58086 1.9 74 39 4 27 45% 8137 103674 7021 13%
c t 368.90 98 60 63 334 18897 1 4078403 58086 1.9 74 39 4 27 45% 8136 103674 7021 13%
c - 369.00 88 60 63 335 18897 1 4079454 45143 1.9 74 39 4 27 45% 8136 103674 7021 13%
c - 370.66 90 60 63 336 18898 1 4097757 45040 1.9 74 40 4 27 45% 8136 103674 7021 13%
c - 372.46 89 60 63 337 18910 1 4116087 47092 1.9 73 39 4 27 47% 8136 103674 7021 13%
c - 374.02 92 60 63 338 18916 1 4134445 49475 1.9 74 39 4 27 49% 8136 103674 7021 13%
c - 375.84 92 59 63 339 18927 1 4152829 51290 2.0 74 37 4 27 50% 8136 103674 7021 13%
c
c seconds    switched      rate           size/glue  tier1     binary         remaining
c         MB   reductions     conflicts         size   tier2      irredundant
c          level     restarts        redundant     glue    trail         variables
c
c - 377.73 78 59 63 340 18929 1 4171242 51410 2.0 75 37 4 27 51% 8136 103674 7021 13%
c ] 379.50 77 61 64 340 18930 1 4186917 65911 2.0 77 38 4 27 51% 8136 103674 7021 13%
c { 379.50 77 76 64 340 18930 3 4186917 65911 2.6 56 22 3 15 54% 8136 103674 7021 13%
c - 379.74 77 77 64 341 18952 3 4189681 50961 2.6 56 22 3 15 54% 8136 103674 7021 13%
c - 381.08 78 78 64 342 19061 3 4208147 56863 2.7 57 21 3 15 54% 8137 103674 7021 13%
c - 382.41 78 80 64 343 19185 3 4226640 64290 2.7 56 21 3 15 54% 8137 103674 7021 13%
c - 383.86 79 80 64 344 19332 3 4245160 67029 2.7 57 21 3 15 54% 8137 103674 7021 13%
c s 384.51 79 80 64 344 19391 3 4253160 74888 2.7 58 21 3 15 55% 8138 103660 7021 13%
c e 384.52 79 80 64 344 19391 3 4253160 74888 2.7 58 21 3 15 55% 8136 103677 7020 13%
c s 384.52 79 80 64 344 19391 3 4253160 74888 2.7 58 21 3 15 55% 8136 103663 7020 13%
c - 385.33 103 81 64 345 19448 3 4263707 69068 2.8 58 21 3 15 54% 8137 103663 7020 13%
c u 386.89 136 82 64 345 19576 3 4278613 80215 2.7 58 21 3 15 54% 8141 103663 7020 13%
c v 387.29 139 82 64 345 19576 3 4278613 79518 2.7 58 21 3 15 54% 8141 103663 7020 13%
c w 387.49 142 82 64 345 19576 3 4278613 79513 2.7 58 21 3 15 54% 8141 103663 7020 13%
c x 387.79 150 82 64 345 19576 3 4278613 79478 2.7 58 21 3 15 54% 8146 103580 7020 13%
c t 387.80 150 82 64 345 19576 3 4278613 79478 2.7 58 21 3 15 54% 8142 103580 7020 13%
c - 388.13 163 82 64 346 19604 3 4282282 66821 2.7 58 21 3 15 54% 8143 103580 7020 13%
c - 389.57 187 82 64 347 19731 3 4300883 68566 2.7 57 21 3 15 54% 8144 103580 7020 13%
c o 390.36 198 79 64 347 19777 3 4310833 78070 2.7 57 21 3 15 55% 8144 103580 7020 13%
c - 391.15 220 80 64 348 19853 3 4319511 70513 2.7 57 21 3 15 55% 8144 103580 7020 13%
c
c seconds     switched      rate           size/glue  tier1     binary         remaining
c          MB   reductions     conflicts         size   tier2      irredundant
c           level     restarts        redundant     glue    trail         variables
c
c - 392.72 256 80 64 349 20024 3 4338166 71382 2.7 57 21 3 15 54% 8146 103580 7020 13%
c - 394.52 302 80 64 350 20222 3 4356847 71578 2.6 57 22 3 15 54% 8147 103580 7020 13%
c - 396.12 336 79 64 351 20362 3 4375560 73086 2.7 58 22 3 15 55% 8147 103580 7020 13%
c - 397.83 325 77 64 352 20493 3 4394294 74939 2.7 58 22 3 15 56% 8147 103580 7020 13%
c } 398.59 347 78 65 352 20551 3 4403415 83771 2.7 58 21 3 15 55% 8147 103580 7020 13%
c [ 398.59 347 61 65 352 20551 1 4403415 83771 2.0 77 38 4 27 51% 8147 103580 7020 13%
c I 398.59 347 61 65 352 20551 1 4403415 83771 2.0 77 38 4 27 51% 8147 103580 7020 13%
c - 399.43 365 63 65 353 20557 1 4413056 73041 2.0 76 38 4 27 51% 8147 103580 7020 13%
c - 401.11 365 64 65 354 20565 1 4431846 66330 2.0 75 37 4 27 52% 8147 103580 7020 13%
c - 402.97 375 64 65 355 20575 1 4450661 61559 2.0 74 37 4 27 52% 8147 103580 7020 13%
c - 404.86 386 66 65 356 20581 1 4469502 59723 1.9 74 38 4 27 51% 8147 103580 7020 13%
c u 406.59 397 70 65 356 20581 1 4484101 67302 1.9 75 40 4 27 50% 8166 103580 7020 13%
c v 407.11 399 70 65 356 20581 1 4484101 62281 1.9 75 40 4 27 50% 8166 103580 7020 13%
c w 407.34 408 70 65 356 20581 1 4484101 61373 1.9 75 40 4 27 50% 8166 103580 7020 13%
c t 407.35 408 70 65 356 20581 1 4484101 61373 1.9 75 40 4 27 50% 8155 103580 7020 13%
c - 407.67 407 70 65 357 20584 1 4488369 49725 1.9 75 40 4 27 50% 8155 103580 7020 13%
c - 409.47 312 72 65 358 20595 1 4507264 51221 1.9 76 40 3 27 51% 8155 103580 7020 13%
c - 411.30 315 73 65 359 20602 1 4526185 53887 1.9 77 40 3 27 53% 8155 103580 7020 13%
c - 413.23 315 69 65 360 20611 1 4545132 54849 2.0 75 38 3 27 53% 8155 103580 7020 13%
c - 415.26 316 65 65 361 20612 1 4564109 54672 2.0 74 38 3 27 53% 8155 103580 7020 13%
c
c seconds     switched      rate           size/glue  tier1     binary         remaining
c          MB   reductions     conflicts         size   tier2      irredundant
c           level     restarts        redundant     glue    trail         variables
c
c ] 416.97 314 62 66 361 20613 1 4579051 67046 2.0 73 37 3 27 53% 8155 103580 7020 13%
c { 416.97 314 78 66 361 20613 3 4579051 67046 2.7 58 21 3 15 55% 8155 103580 7020 13%
c - 417.30 315 75 66 362 20614 3 4583109 57401 2.7 58 21 3 15 55% 8155 103580 7020 13%
c - 418.74 183 66 66 363 20614 2 4602135 67700 2.8 56 20 3 15 55% 8155 103580 7020 13%
c - 420.12 187 58 66 364 20614 2 4621187 76233 2.9 54 19 3 15 55% 8156 103580 7020 13%
c - 421.85 205 52 66 365 20614 2 4640265 78929 2.9 53 18 3 15 55% 8156 103580 7020 13%
c o 422.79 205 49 66 365 20615 2 4651445 89898 3.0 52 18 3 15 54% 8156 103580 7020 13%
c - 423.31 203 47 66 366 20616 2 4659369 81637 3.1 53 17 3 15 55% 8156 103580 7020 13%
c - 424.64 208 43 66 367 20620 2 4678501 83189 3.4 56 17 3 15 55% 8156 103580 7020 13%
c u 425.77 209 40 66 367 20620 2 4694890 95762 3.6 56 16 3 15 55% 8157 103580 7020 13%
c v 426.24 217 40 66 367 20620 2 4694890 95411 3.6 56 16 3 15 55% 8157 103580 7020 13%
c w 426.45 219 40 66 367 20620 2 4694890 95401 3.6 56 16 3 15 55% 8157 103580 7020 13%
c x 426.75 208 40 66 367 20620 2 4694890 95365 3.6 56 16 3 15 55% 8166 103476 7020 13%
c t 426.76 208 40 66 367 20620 2 4694890 95365 3.6 56 16 3 15 55% 8164 103476 7020 13%
c - 426.99 213 39 66 368 20621 2 4697658 77784 3.6 56 16 3 15 56% 8164 103476 7020 13%
c - 427.78 213 39 66 369 20624 1 4716841 77862 3.7 54 15 3 15 52% 8167 103476 7020 13%
c - 428.91 101 37 66 370 20625 1 4736051 78329 3.9 54 14 3 15 51% 8167 103476 7020 13%
c - 429.94 101 36 66 371 20635 1 4755286 80725 4.0 53 13 3 15 49% 8169 103476 7020 13%
c - 430.58 101 37 66 372 20653 1 4774547 81121 3.9 49 12 3 15 46% 8175 103476 7020 13%
c s 431.11 101 38 66 372 20667 1 4788036 94475 3.9 47 12 3 15 44% 8179 103417 7020 13%
c
c seconds     switched      rate           size/glue  tier1     binary         remaining
c          MB   reductions     conflicts         size   tier2      irredundant
c           level     restarts        redundant     glue    trail         variables
c
c e 431.14 103 38 66 372 20667 1 4788036 94475 3.9 47 12 3 15 44% 8158 103573 7008 13%
c s 431.14 103 38 66 372 20667 1 4788036 94475 3.9 47 12 3 15 44% 8158 103529 7008 13%
c - 431.52 124 38 66 373 20676 1 4793834 82105 3.9 47 12 3 15 44% 8162 103529 7008 13%
c i 431.93 123 38 66 373 20681 1 4802021 90163 4.0 47 12 3 15 45% 8169 103529 7005 13%
c } 432.28 125 38 67 373 20702 1 4808166 96209 4.0 47 12 3 15 45% 8171 103529 7005 13%
c [ 432.28 125 62 67 373 20702 1 4808166 96209 2.0 73 37 3 27 53% 8171 103529 7005 13%
c B 432.28 125 62 67 373 20702 1 4808166 96209 2.0 73 37 3 27 53% 8171 103529 7005 13%
c - 432.79 125 62 67 374 20705 1 4813148 82280 2.0 73 37 3 27 53% 8161 103529 7005 13%
c - 434.88 127 62 67 375 20715 1 4832488 71467 1.9 72 38 3 27 53% 8161 103529 7005 13%
c - 437.32 129 61 67 376 20723 1 4851854 61080 1.8 70 39 3 27 52% 8161 103529 7005 13%
c - 440.04 131 61 67 377 20731 1 4871244 58671 1.8 70 40 3 27 52% 8161 103529 7005 13%
c - 442.52 135 61 67 378 20733 1 4890660 57830 1.7 70 41 3 27 52% 8161 103529 7005 13%
c - 445.28 137 61 67 379 20745 1 4910102 58014 1.7 70 41 3 27 53% 8161 103529 7005 13%
c u 445.75 136 61 67 379 20746 1 4910981 54699 1.7 70 41 3 27 53% 8175 103480 7005 13%
c v 446.01 137 61 67 379 20746 1 4910981 52605 1.7 70 41 3 27 53% 8178 103480 7005 13%
c w 446.32 137 61 67 379 20746 1 4910981 52475 1.7 70 41 3 27 53% 8178 103480 7005 13%
c x 446.60 137 61 67 379 20746 1 4910981 52455 1.7 70 41 3 27 53% 8195 103299 7005 13%
c t 446.60 137 61 67 379 20746 1 4910981 52455 1.7 70 41 3 27 53% 8183 103299 7005 13%
c f 446.62 137 61 67 379 20746 1 4910981 52455 1.7 70 41 3 27 53% 8186 103231 7008 13%
c u 447.12 138 61 67 379 20746 1 4910981 46462 1.7 70 41 3 27 53% 8235 103231 7008 13%
c
c seconds     switched      rate           size/glue  tier1     binary         remaining
c          MB   reductions     conflicts         size   tier2      irredundant
c           level     restarts        redundant     glue    trail         variables
c
c v 447.29 138 61 67 379 20746 1 4910981 44997 1.7 70 41 3 27 53% 8236 103231 7008 13%
c w 447.93 147 61 67 379 20746 1 4910981 44733 1.7 70 41 3 27 53% 8236 103231 7008 13%
c t 447.94 147 61 67 379 20746 1 4910981 44733 1.7 70 41 3 27 53% 8218 103231 7008 13%
c ] 448.80 148 61 68 379 20747 1 4918846 51436 1.7 70 41 3 27 53% 8218 103231 7008 13%
c { 448.80 148 38 68 379 20747 1 4918846 51436 4.0 47 12 3 15 45% 8218 103231 7008 13%
c - 449.71 167 43 68 380 20934 2 4929570 49966 3.6 47 13 3 15 45% 8220 103231 7008 13%
c - 451.35 129 52 68 381 21263 2 4949063 59530 3.2 48 15 3 15 46% 8220 103231 7008 13%
c o 451.55 138 53 68 381 21301 2 4951477 61873 3.2 48 15 3 15 46% 8220 103231 7008 13%
c - 453.08 151 59 68 382 21556 2 4968582 65780 2.9 48 16 3 15 46% 8222 103231 7008 13%
c - 454.91 184 65 68 383 21840 2 4988127 69320 2.8 48 18 3 15 46% 8223 103231 7008 13%
c - 456.61 217 69 68 384 22101 3 5007697 71623 2.6 49 19 3 15 46% 8223 103231 7008 13%
c - 458.13 243 72 68 385 22299 3 5027293 74414 2.6 50 19 3 15 46% 8223 103231 7008 13%
c - 459.49 255 70 68 386 22429 3 5046915 77439 2.5 48 19 3 15 46% 8224 103231 7008 13%
c - 460.96 280 68 68 387 22558 3 5066566 79361 2.5 48 19 3 15 47% 8224 103231 7008 13%
c - 462.55 272 70 68 388 22793 3 5086242 80634 2.5 49 20 3 15 47% 8228 103231 7008 13%
c - 463.85 298 72 68 389 22936 3 5105942 81398 2.5 48 20 3 15 46% 8229 103231 7008 13%
c - 465.53 335 73 68 390 23143 3 5125665 82953 2.5 49 20 3 15 46% 8230 103231 7008 13%
c u 466.43 344 74 68 390 23211 3 5132423 85337 2.5 50 20 3 15 46% 8235 103231 7006 13%
c v 466.83 347 74 68 390 23211 3 5132423 84038 2.5 50 20 3 15 46% 8235 103231 7006 13%
c w 467.02 348 74 68 390 23211 3 5132423 84027 2.5 50 20 3 15 46% 8235 103231 7006 13%
c
c seconds     switched      rate           size/glue  tier1     binary         remaining
c          MB   reductions     conflicts         size   tier2      irredundant
c           level     restarts        redundant     glue    trail         variables
c
c x 467.31 344 74 68 390 23211 3 5132423 84022 2.5 50 20 3 15 46% 8291 103046 7005 13%
c t 467.32 344 74 68 390 23211 3 5132423 84005 2.5 50 20 3 15 46% 8285 103044 7005 13%
c u 467.66 346 74 68 390 23211 3 5132423 80724 2.5 50 20 3 15 46% 8291 103044 7003 13%
c v 468.04 347 74 68 390 23211 3 5132423 79247 2.5 50 20 3 15 46% 8291 103044 7003 13%
c w 468.22 348 74 68 390 23211 3 5132423 79228 2.5 50 20 3 15 46% 8291 103044 7003 13%
c x 468.51 342 74 68 390 23211 3 5132423 79226 2.5 50 20 3 15 46% 8297 102978 7003 13%
c t 470.71 343 74 68 390 23211 3 5132423 79222 2.5 50 20 3 15 46% 8295 102978 7003 13%
c i 470.72 343 74 68 390 23211 3 5132423 79222 2.5 50 20 3 15 46% 8295 102978 7003 13%
c - 471.78 244 73 68 391 23345 3 5145413 74195 2.5 50 20 3 15 47% 8260 102978 7003 13%
c } 472.93 244 73 69 391 23471 3 5160907 89187 2.5 51 21 3 15 47% 8260 102978 7003 13%
c [ 472.93 244 61 69 391 23471 1 5160907 89187 1.7 70 41 3 27 53% 8260 102978 7003 13%
c W 473.01 244 61 69 391 23471 1 5160907 89187 1.7 70 41 3 27 53% 8260 102978 7003 13%
c - 473.53 244 60 69 392 23474 1 5165188 75082 1.7 70 41 3 27 53% 8260 102978 7003 13%
c - 476.08 255 59 69 393 23484 1 5184986 68346 1.7 70 41 3 27 53% 8260 102978 7003 13%
c - 478.62 257 60 69 394 23492 1 5204813 59097 1.7 71 42 3 27 53% 8260 102978 7003 13%
c - 480.85 257 63 69 395 23500 1 5224663 58121 1.7 73 42 3 27 53% 8260 102978 7003 13%
c - 482.80 127 66 69 396 23503 1 5244537 56624 1.7 74 44 3 28 50% 8260 102978 7003 13%
c - 484.35 132 70 69 397 23515 1 5264436 56994 1.7 73 44 3 28 48% 8260 102978 7003 13%
c - 486.08 134 73 69 398 23523 1 5284361 57607 1.6 74 46 3 28 47% 8261 102978 7003 13%
c - 487.82 133 76 69 399 23531 1 5304310 55877 1.6 75 48 3 28 45% 8261 102978 7003 13%
c
c seconds     switched      rate           size/glue  tier1     binary         remaining
c          MB   reductions     conflicts         size   tier2      irredundant
c           level     restarts        redundant     glue    trail         variables
c
c - 489.58 131 76 69 400 23532 1 5324284 57419 1.6 75 48 3 28 45% 8261 102978 7003 13%
c ] 491.29 133 77 70 400 23533 1 5343576 74716 1.5 74 48 3 28 44% 8261 102978 7003 13%
c { 491.29 133 73 70 400 23533 3 5343576 74716 2.5 51 21 3 15 47% 8261 102978 7003 13%
c o 491.30 133 73 70 400 23534 3 5343629 74767 2.5 51 21 3 15 47% 8261 102978 7003 13%
c - 491.34 131 73 70 401 23536 3 5344286 58562 2.5 51 20 3 15 47% 8262 102978 7003 13%
c u 492.68 134 74 70 401 23548 3 5359211 67039 2.5 48 20 3 15 45% 8292 102978 7003 13%
c v 493.31 135 74 70 401 23548 3 5359211 65130 2.5 48 20 3 15 45% 8292 102978 7003 13%
c w 493.57 136 74 70 401 23548 3 5359211 65109 2.5 48 20 3 15 45% 8292 102978 7003 13%
c t 493.58 80 74 70 401 23548 3 5359211 65109 2.5 48 20 3 15 45% 8282 102978 7003 13%
c s 493.67 80 74 70 401 23548 3 5360999 66773 2.5 48 19 3 15 44% 8283 102914 7003 13%
c e 493.70 80 74 70 401 23548 3 5360999 66773 2.5 48 19 3 15 44% 8202 103276 6972 13%
c s 493.71 80 74 70 401 23548 3 5360999 66773 2.5 48 19 3 15 44% 8203 103143 6972 13%
c - 493.89 85 74 70 402 23554 3 5364311 60838 2.4 47 19 3 15 44% 8206 103143 6972 13%
c - 494.81 85 72 70 403 23567 2 5384360 71465 2.5 44 18 3 15 42% 8208 103143 6972 13%
c - 495.83 85 71 70 404 23597 2 5404434 76230 2.5 42 17 3 15 40% 8212 103143 6972 13%
c - 496.83 84 69 70 405 23609 2 5424537 79428 2.5 40 16 3 15 38% 8215 103143 6972 13%
c - 497.98 94 69 70 406 23657 2 5444663 81626 2.5 37 15 3 15 36% 8221 103143 6972 13%
c i 498.81 106 70 70 406 23722 2 5461033 96662 2.4 36 15 3 15 35% 8235 103143 6970 13%
c - 499.06 107 70 70 407 23736 2 5464814 81685 2.5 36 15 3 15 35% 8222 103143 6970 13%
c - 500.28 113 70 70 408 23813 2 5484990 84243 2.6 36 14 3 15 36% 8229 103143 6970 13%
c
c seconds     switched      rate            size/glue  tier1     binary         remaining
c          MB   reductions     conflicts          size   tier2      irredundant
c           level     restarts        redundant      glue    trail         variables
c
c i 501.21 118 70 70 408 23895 2 5502886 100780 2.5 34 14 3 15 34% 8239 103143 6968 13%
c - 501.35 119 70 70 409 23905 2 5505189 87360 2.5 34 14 3 15 34% 8230 103143 6968 13%
c - 502.48 126 70 70 410 24007 3 5525414 89633 2.5 33 13 3 15 34% 8238 103143 6968 13%
c - 503.62 131 69 70 411 24112 3 5545662 92575 2.5 31 13 3 15 33% 8243 103143 6968 13%
c i 503.81 133 70 70 411 24138 3 5548618 95362 2.4 31 13 3 15 33% 8247 103143 6966 13%
c i 504.23 135 70 70 411 24198 3 5557421 103631 2.4 31 13 3 15 33% 8253 103143 6962 13%
c - 504.70 135 70 70 412 24248 3 5565935 94758 2.4 30 13 3 15 33% 8232 103143 6962 13%
c i 505.22 139 71 70 412 24311 3 5575236 103451 2.4 30 13 3 15 32% 8242 103143 6961 13%
c - 505.80 142 70 70 413 24386 3 5586233 97174 2.4 29 12 3 15 32% 8241 103143 6961 13%
c u 506.35 144 70 70 413 24412 3 5591376 99414 2.3 29 12 3 15 32% 8286 103001 6959 13%
c v 506.64 146 70 70 413 24412 3 5591376 98630 2.3 29 12 3 15 32% 8286 103001 6959 13%
c w 506.75 147 70 70 413 24412 3 5591376 98546 2.3 29 12 3 15 32% 8286 103001 6959 13%
c x 506.97 147 70 70 413 24412 3 5591376 98537 2.3 29 12 3 15 32% 8294 102938 6959 13%
c t 506.98 147 70 70 413 24412 3 5591376 98453 2.3 29 12 3 15 32% 8250 102938 6959 13%
c f 507.01 147 70 70 413 24412 3 5591376 98453 2.3 29 12 3 15 32% 8250 102864 6963 13%
c u 507.37 146 70 70 413 24412 3 5591376 95313 2.3 29 12 3 15 32% 8261 102864 6962 13%
c v 507.77 147 70 70 413 24412 3 5591376 94168 2.3 29 12 3 15 32% 8262 102864 6962 13%
c w 507.92 147 70 70 413 24412 3 5591376 94078 2.3 29 12 3 15 32% 8262 102864 6962 13%
c t 507.93 147 70 70 413 24412 3 5591376 94005 2.3 29 12 3 15 32% 8259 102856 6962 13%
c i 507.94 147 70 70 413 24412 3 5591376 94005 2.3 29 12 3 15 32% 8259 102856 6962 13%
c
c seconds     switched      rate            size/glue  tier1     binary         remaining
c          MB   reductions     conflicts          size   tier2      irredundant
c           level     restarts        redundant      glue    trail         variables
c
c } 508.33 150 70 71 413 24467 3 5598904 101082 2.3 29 12 3 15 32% 8262 102856 6962 13%
c [ 508.33 150 77 71 413 24467 1 5598904 101082 1.5 74 48 3 28 44% 8262 102856 6962 13%
c O 508.33 150 77 71 413 24467 1 5598904 101082 1.5 74 48 3 28 44% 8262 102856 6962 13%
c - 508.76 151 76 71 414 24472 1 5606555 89378 1.6 75 48 3 28 43% 8242 102856 6962 13%
c - 510.01 179 74 71 415 24481 1 5626904 81880 1.6 75 47 3 28 42% 8243 102856 6962 13%
c - 511.26 181 74 71 416 24491 1 5647277 74349 1.7 77 46 3 28 41% 8243 102856 6962 13%
c o 512.36 178 73 71 416 24497 1 5664561 90346 1.7 79 46 3 28 41% 8243 102856 6962 13%
c - 512.61 180 76 71 417 24497 1 5667674 71880 1.7 79 47 3 28 41% 8243 102856 6962 13%
c - 514.35 140 87 71 418 24503 1 5688096 69946 1.6 84 53 3 28 39% 8243 102856 6962 13%
c - 516.21 156 86 71 419 24512 1 5708541 71846 1.6 82 51 3 28 42% 8243 102856 6962 13%
c - 518.13 158 83 71 420 24522 1 5729010 76279 1.7 81 48 3 28 43% 8243 102856 6962 13%
c - 520.25 187 81 71 421 24528 1 5749503 77863 1.8 81 46 3 28 46% 8243 102856 6962 13%
c - 522.76 189 80 71 422 24529 1 5770021 76137 1.8 82 46 3 28 48% 8243 102856 6962 13%
c ] 524.06 189 80 72 422 24529 1 5781410 86944 1.8 83 46 3 28 49% 8243 102856 6962 13%
c { 524.06 189 70 72 422 24529 3 5781410 86944 2.3 29 12 3 15 32% 8243 102856 6962 13%
c - 525.05 130 71 72 423 24690 3 5790565 77126 2.3 31 13 3 15 34% 8243 102856 6962 13%
c - 527.13 130 74 72 424 25030 3 5811134 84769 2.3 35 15 3 15 37% 8246 102856 6962 13%
c u 529.39 131 76 72 424 25274 3 5828941 96385 2.3 38 16 3 15 39% 8266 102856 6962 13%
c v 530.09 134 76 72 424 25274 3 5828941 94950 2.3 38 16 3 15 39% 8266 102856 6962 13%
c w 530.43 152 76 72 424 25274 3 5828941 94946 2.3 38 16 3 15 39% 8266 102856 6962 13%
c
c seconds     switched      rate           size/glue  tier1     binary         remaining
c          MB   reductions     conflicts         size   tier2      irredundant
c           level     restarts        redundant     glue    trail         variables
c
c t 530.45 152 76 72 424 25274 3 5828941 94946 2.3 38 16 3 15 39% 8252 102856 6962 13%
c - 530.77 149 76 72 425 25313 3 5831725 84441 2.3 39 16 3 15 39% 8252 102856 6962 13%
c - 532.80 147 77 72 426 25565 3 5852340 89731 2.4 41 17 3 15 42% 8253 102856 6962 13%
c - 534.93 104 76 72 427 25814 3 5872980 93612 2.4 44 18 3 15 45% 8254 102856 6962 13%
c - 537.07 107 76 72 428 26056 3 5893643 95953 2.5 46 19 3 15 47% 8254 102856 6962 13%
c - 539.05 108 76 72 429 26243 3 5914336 98297 2.5 48 19 3 15 49% 8254 102856 6962 13%
c - 540.89 104 75 72 430 26434 3 5935049 100336 2.5 49 19 3 15 49% 8257 102855 6962 13%
c - 542.77 109 74 72 431 26596 3 5955785 102085 2.6 50 19 3 15 51% 8257 102855 6962 13%
c s 544.32 107 75 72 431 26749 3 5972865 118379 2.6 50 19 3 14 51% 8260 102778 6962 13%
c e 544.35 109 75 72 431 26749 3 5972865 118379 2.6 50 19 3 14 51% 8219 102968 6948 13%
c s 544.35 109 75 72 431 26749 3 5972865 118379 2.6 50 19 3 14 51% 8219 102906 6948 13%
c e 544.36 109 75 72 431 26749 3 5972865 118379 2.6 50 19 3 14 51% 8215 102942 6946 13%
c - 544.77 113 74 72 432 26791 3 5976545 102356 2.6 51 20 3 14 51% 8215 102942 6946 13%
c o 546.48 130 73 72 432 26955 3 5994637 119810 2.6 52 20 3 14 52% 8215 102942 6946 13%
c - 546.76 132 73 72 433 26971 3 5997330 103063 2.6 51 20 3 14 52% 8215 102942 6946 13%
c - 548.81 147 71 72 434 27132 3 6018139 104130 2.6 52 20 3 14 53% 8215 102942 6946 13%
c - 550.94 167 71 72 435 27282 3 6038971 105225 2.7 53 20 3 14 54% 8216 102942 6946 13%
c } 551.95 174 69 73 435 27339 3 6050326 116009 2.7 53 20 3 14 55% 8217 102942 6946 13%
c [ 551.95 174 80 73 435 27339 1 6050326 116009 1.8 83 46 3 28 49% 8217 102942 6946 13%
c B 551.95 174 80 73 435 27339 1 6050326 116009 1.8 83 46 3 28 49% 8217 102942 6946 13%
c
c seconds     switched      rate            size/glue  tier1     binary         remaining
c          MB   reductions     conflicts          size   tier2      irredundant
c           level     restarts        redundant      glue    trail         variables
c
c - 552.79 177 82 73 436 27345 1 6059828 102158 1.8 84 47 3 28 50% 8217 102942 6946 13%
c u 554.10 179 81 73 436 27352 1 6071935 108736 1.8 82 46 3 28 50% 8221 102942 6946 13%
c v 554.60 181 81 73 436 27352 1 6071935 107510 1.8 82 46 3 28 50% 8221 102942 6946 13%
c w 554.83 183 81 73 436 27352 1 6071935 107325 1.8 82 46 3 28 50% 8221 102942 6946 13%
c x 555.16 168 81 73 436 27352 1 6071935 107301 1.8 82 46 3 28 50% 8230 102864 6946 13%
c t 555.18 168 81 73 436 27352 1 6071935 107301 1.8 82 46 3 28 50% 8215 102864 6946 13%
c f 555.19 168 81 73 436 27352 1 6071935 107301 1.8 82 46 3 28 50% 8218 102788 6950 13%
c u 555.75 183 81 73 436 27352 1 6071935 103434 1.8 82 46 3 28 50% 8225 102788 6950 13%
c v 556.44 187 81 73 436 27352 1 6071935 101458 1.8 82 46 3 28 50% 8225 102788 6950 13%
c w 556.74 189 81 73 436 27352 1 6071935 101418 1.8 82 46 3 28 50% 8225 102788 6950 13%
c t 556.75 189 81 73 436 27352 1 6071935 101418 1.8 82 46 3 28 50% 8221 102788 6949 13%
c - 557.64 197 81 73 437 27353 1 6080709 84137 1.8 81 45 3 28 50% 8212 102787 6949 13%
c - 560.17 200 78 73 438 27365 1 6101616 75720 1.8 79 44 3 28 51% 8212 102787 6949 13%
c - 562.97 200 73 73 439 27369 1 6122547 70402 1.7 75 44 3 28 51% 8212 102787 6949 13%
c - 565.50 136 69 73 440 27376 1 6143499 69690 1.7 73 43 3 28 52% 8212 102787 6949 13%
c - 567.91 139 67 73 441 27384 1 6164475 72344 1.7 72 41 3 28 53% 8212 102787 6949 13%
c - 569.99 140 62 73 442 27397 1 6185475 73518 1.8 70 39 3 28 54% 8212 102787 6949 13%
c - 572.07 144 66 73 443 27400 1 6206498 72571 1.8 72 40 3 28 52% 8212 102787 6949 13%
c - 574.02 147 70 73 444 27401 1 6227547 70053 1.9 74 40 3 28 52% 8212 102787 6949 13%
c - 576.56 105 71 73 445 27403 1 6248618 68073 1.9 77 41 3 28 53% 8212 102787 6949 13%
c
c seconds     switched      rate           size/glue  tier1     binary         remaining
c          MB   reductions     conflicts         size   tier2      irredundant
c           level     restarts        redundant     glue    trail         variables
c
c W 578.26 115 72 73 445 27414 1 6267610 84862 1.8 77 42 3 28 53% 8212 102782 6949 13%
c - 578.42 116 72 73 446 27415 1 6269715 67155 1.8 76 42 3 28 53% 8213 102782 6949 13%
c ] 578.80 117 72 74 446 27416 1 6275067 72231 1.8 77 42 3 28 53% 8213 102782 6949 13%
c { 578.80 117 69 74 446 27416 3 6275067 72231 2.7 53 20 3 14 55% 8213 102782 6949 13%
c - 580.04 126 72 74 447 27589 3 6290835 71744 2.7 53 20 3 14 54% 8214 102782 6949 13%
c - 581.62 133 75 74 448 27776 3 6311977 80961 2.7 53 20 3 14 54% 8214 102782 6949 13%
c u 582.87 140 75 74 448 27844 3 6320353 78780 2.7 53 20 3 14 54% 8259 102782 6948 13%
c v 583.63 142 75 74 448 27844 3 6320353 75337 2.7 53 20 3 14 54% 8259 102782 6948 13%
c w 583.96 144 75 74 448 27844 3 6320353 75298 2.7 53 20 3 14 54% 8259 102782 6948 13%
c t 583.97 144 75 74 448 27844 3 6320353 75295 2.7 53 20 3 14 54% 8243 102777 6948 13%
c u 584.53 145 75 74 448 27844 3 6320353 71961 2.7 53 20 3 14 54% 8249 102777 6948 13%
c v 585.37 145 75 74 448 27844 3 6320353 66790 2.7 53 20 3 14 54% 8249 102777 6948 13%
c w 585.71 146 75 74 448 27844 3 6320353 66729 2.7 53 20 3 14 54% 8249 102777 6948 13%
c t 585.72 146 75 74 448 27844 3 6320353 66729 2.7 53 20 3 14 54% 8246 102777 6948 13%
c i 585.73 146 75 74 448 27844 3 6320353 66729 2.7 53 20 3 14 54% 8246 102777 6948 13%
c - 586.86 132 76 74 449 27987 3 6333147 66680 2.6 53 20 3 14 53% 8240 102777 6948 13%
c o 586.97 134 77 74 449 27996 3 6334966 68476 2.6 53 20 3 14 53% 8240 102777 6948 13%
c - 588.75 157 79 74 450 28203 3 6354336 72480 2.6 53 21 3 14 53% 8241 102777 6948 13%
c - 590.82 175 80 74 451 28447 3 6375550 76282 2.5 54 21 3 14 52% 8241 102777 6948 13%
c - 592.73 193 81 74 452 28648 3 6396787 78653 2.5 55 22 3 14 53% 8241 102777 6948 13%
c
c seconds     switched      rate           size/glue  tier1     binary         remaining
c          MB   reductions     conflicts         size   tier2      irredundant
c           level     restarts        redundant     glue    trail         variables
c
c - 594.65 209 82 74 453 28833 3 6418049 81222 2.5 56 22 3 14 53% 8242 102776 6948 13%
c - 596.72 229 83 74 454 29059 3 6439332 82459 2.5 56 23 3 14 53% 8243 102776 6948 13%
c - 598.73 197 83 74 455 29262 3 6460640 83432 2.5 57 23 3 14 53% 8244 102776 6948 13%
c - 600.80 197 83 74 456 29468 3 6481972 84542 2.5 57 23 3 14 52% 8244 102776 6948 13%
c - 602.81 195 81 74 457 29662 3 6503327 85222 2.4 57 24 3 15 52% 8244 102776 6948 13%
c - 604.90 197 80 74 458 29866 3 6524704 86198 2.4 57 24 3 14 52% 8245 102776 6948 13%
c - 607.03 196 79 74 459 30035 3 6546104 87585 2.4 57 24 3 14 52% 8246 102776 6948 13%
c } 608.16 129 77 75 459 30117 3 6557893 98729 2.4 57 24 3 14 52% 8247 102776 6948 13%
c [ 608.16 129 72 75 459 30117 1 6557893 98729 1.8 77 42 3 28 53% 8247 102776 6948 13%
c I 608.16 129 72 75 459 30117 1 6557893 98729 1.8 77 42 3 28 53% 8247 102776 6948 13%
c - 608.83 127 74 75 460 30123 1 6567530 87177 1.8 76 41 3 28 52% 8247 102776 6948 13%
c u 609.84 125 76 75 460 30126 1 6574249 90237 1.9 76 41 3 28 52% 8249 102776 6948 13%
c v 610.34 129 76 75 460 30126 1 6574249 89061 1.9 76 41 3 28 52% 8249 102776 6948 13%
c w 610.57 133 76 75 460 30126 1 6574249 88958 1.9 76 41 3 28 52% 8249 102776 6948 13%
c x 610.94 126 76 75 460 30126 1 6574249 88921 1.9 76 41 3 28 52% 8254 102646 6948 13%
c t 610.95 126 76 75 460 30126 1 6574249 88921 1.9 76 41 3 28 52% 8245 102646 6948 13%
c - 612.27 136 76 75 461 30131 1 6588978 78131 1.9 76 40 3 28 52% 8245 102646 6948 13%
c - 614.31 140 77 75 462 30144 1 6610451 71707 2.0 78 40 3 28 53% 8245 102646 6948 13%
c s 615.81 138 80 75 462 30147 1 6624412 85159 2.0 79 39 3 28 53% 8248 102569 6948 13%
c e 615.85 138 80 75 462 30147 1 6624412 85159 2.0 79 39 3 28 53% 8221 102737 6935 13%
c
c seconds     switched      rate           size/glue  tier1     binary         remaining
c          MB   reductions     conflicts         size   tier2      irredundant
c           level     restarts        redundant     glue    trail         variables
c
c s 615.85 138 80 75 462 30147 1 6624412 85159 2.0 79 39 3 28 53% 8222 102683 6935 13%
c - 616.74 148 80 75 463 30147 1 6631946 69925 2.0 79 39 3 28 53% 8222 102683 6935 13%
c - 618.71 97 81 75 464 30156 1 6653465 68399 2.0 79 40 3 28 51% 8222 102683 6935 13%
c - 620.35 96 86 75 465 30165 1 6675006 66700 1.9 79 43 3 28 48% 8222 102683 6935 13%
c o 621.63 98 86 75 465 30172 1 6687176 77993 1.8 79 43 3 28 48% 8222 102683 6935 13%
c - 622.50 97 87 75 466 30176 1 6696569 66002 1.8 80 44 3 28 49% 8223 102683 6935 13%
c - 624.87 96 84 75 467 30178 1 6718156 67001 1.9 81 43 3 28 49% 8223 102683 6935 13%
c - 627.55 98 82 75 468 30179 1 6739766 66662 1.9 84 43 3 28 50% 8223 102683 6935 13%
c - 630.06 96 81 75 469 30185 1 6761399 68433 2.0 85 43 3 28 50% 8223 102683 6935 13%
c - 632.76 99 81 75 470 30194 1 6783058 67869 1.9 84 45 3 28 49% 8223 102683 6935 13%
c B 633.79 95 81 75 470 30197 1 6791859 76099 1.8 84 46 3 28 49% 8223 102683 6935 13%
c ] 633.79 95 81 76 470 30197 1 6791901 76140 1.8 84 46 3 28 49% 8223 102683 6935 13%
c { 633.79 95 77 76 470 30197 3 6791901 76140 2.4 57 24 3 14 52% 8223 102683 6935 13%
c - 634.83 96 78 76 471 30292 3 6804738 68671 2.4 57 24 3 15 52% 8223 102683 6935 13%
c - 636.60 98 80 76 472 30459 3 6826440 78719 2.5 58 24 3 15 52% 8224 102683 6935 13%
c u 637.88 96 80 76 472 30520 3 6833621 77659 2.5 58 24 3 15 53% 8228 102683 6935 13%
c v 638.64 99 80 76 472 30520 3 6833621 74672 2.5 58 24 3 15 53% 8228 102683 6935 13%
c w 638.97 102 80 76 472 30520 3 6833621 74623 2.5 58 24 3 15 53% 8228 102683 6935 13%
c t 642.21 103 80 76 472 30520 3 6833621 74623 2.5 58 24 3 15 53% 8221 102683 6935 13%
c f 642.22 103 80 76 472 30520 3 6833621 74623 2.5 58 24 3 15 53% 8223 102602 6939 13%
c
c seconds     switched      rate           size/glue  tier1     binary         remaining
c          MB   reductions     conflicts         size   tier2      irredundant
c           level     restarts        redundant     glue    trail         variables
c
c u 642.71 111 80 76 472 30520 3 6833621 73308 2.5 58 24 3 15 53% 8225 102602 6939 13%
c v 643.27 111 80 76 472 30520 3 6833621 71174 2.5 58 24 3 15 53% 8225 102602 6939 13%
c w 643.53 111 80 76 472 30520 3 6833621 71153 2.5 58 24 3 15 53% 8225 102602 6939 13%
c x 643.94 105 80 76 472 30520 3 6833621 71150 2.5 58 24 3 15 53% 8236 102478 6939 13%
c t 643.95 105 80 76 472 30520 3 6833621 71150 2.5 58 24 3 15 53% 8233 102478 6939 13%
c - 645.04 107 82 76 473 30568 3 6848167 72872 2.6 60 23 3 15 53% 8234 102478 6939 13%
c - 646.71 103 85 76 474 30735 3 6869916 78537 2.6 59 23 3 15 53% 8234 102478 6939 13%
c - 648.75 108 85 76 475 30950 3 6891688 79923 2.6 59 23 3 15 53% 8235 102478 6939 13%
c - 650.33 107 84 76 476 31034 3 6913483 82988 2.7 60 22 3 15 54% 8235 102478 6939 13%
c - 652.44 108 84 76 477 31232 3 6935300 85469 2.7 60 22 3 15 55% 8236 102478 6939 13%
c - 654.24 106 83 76 478 31365 3 6957141 86442 2.7 61 22 3 15 55% 8237 102478 6939 13%
c - 656.24 109 79 76 479 31485 2 6979006 88056 2.7 61 22 3 15 56% 8238 102478 6939 13%
c - 658.25 106 78 76 480 31631 2 7000895 89311 2.7 61 22 3 15 56% 8239 102478 6939 13%
c - 660.36 83 77 76 481 31769 2 7022804 90370 2.8 61 22 3 15 57% 8239 102478 6939 13%
c - 662.54 85 78 76 482 31965 2 7044736 91210 2.7 60 22 3 15 57% 8239 102478 6939 13%
c o 663.00 85 77 76 482 31997 2 7048960 95193 2.7 60 22 3 15 57% 8239 102478 6939 13%
c - 664.69 86 77 76 483 32121 2 7066691 92428 2.7 60 22 3 14 57% 8239 102478 6939 13%
c - 667.01 87 77 76 484 32314 2 7088669 93342 2.7 60 23 3 14 57% 8239 102478 6939 13%
c } 667.05 83 77 77 484 32319 2 7088951 93616 2.7 60 23 3 14 57% 8239 102478 6939 13%
c [ 667.05 83 81 77 484 32319 1 7088951 93616 1.8 84 46 3 28 49% 8239 102478 6939 13%
c
c seconds    switched      rate           size/glue  tier1     binary         remaining
c         MB   reductions     conflicts         size   tier2      irredundant
c          level     restarts        redundant     glue    trail         variables
c
c W 667.16 95 81 77 484 32319 1 7088951 93616 1.8 84 46 3 28 49% 8239 102478 6939 13%
c u 668.54 110 79 77 484 32325 1 7098490 96780 1.8 83 45 3 28 49% 8251 102478 6939 13%
c v 669.24 113 79 77 484 32325 1 7098490 94804 1.8 83 45 3 28 49% 8251 102478 6939 13%
c w 669.59 117 79 77 484 32325 1 7098490 94580 1.8 83 45 3 28 49% 8251 102478 6939 13%
c t 669.60 117 79 77 484 32325 1 7098490 94580 1.8 83 45 3 28 49% 8246 102478 6939 13%
c - 670.35 117 76 77 485 32332 1 7110669 80108 1.8 80 44 3 28 48% 8246 102478 6939 13%
c - 672.63 117 70 77 486 32340 1 7132691 71601 1.9 76 41 3 28 50% 8247 102478 6939 13%
c - 674.60 117 66 77 487 32349 1 7154736 71995 1.9 75 39 3 28 51% 8247 102478 6939 13%
c - 676.90 119 62 77 488 32354 1 7176804 70539 1.9 72 38 3 28 51% 8247 102478 6939 13%
c - 679.08 123 64 77 489 32364 1 7198896 69781 1.9 73 39 3 28 53% 8247 102478 6939 13%
c - 681.44 126 67 77 490 32375 1 7221010 66850 1.8 74 42 3 28 54% 8247 102478 6939 13%
c - 683.84 135 62 77 491 32380 1 7243145 66835 1.8 71 40 3 28 56% 8247 102478 6939 13%
c - 686.06 137 58 77 492 32381 1 7265306 72697 1.9 70 37 3 27 57% 8247 102478 6939 13%
c - 688.26 147 55 77 493 32383 1 7287489 76544 2.1 74 35 3 27 58% 8247 102478 6939 13%
c - 690.51 158 54 77 494 32395 1 7309695 75296 2.1 75 35 3 27 59% 8247 102478 6939 13%
c s 691.15 159 56 77 494 32396 1 7316414 81630 2.1 76 36 3 27 59% 8251 102454 6939 13%
c e 691.17 160 56 77 494 32396 1 7316414 81630 2.1 76 36 3 27 59% 8227 102618 6928 13%
c s 691.18 160 56 77 494 32396 1 7316414 81630 2.1 76 36 3 27 59% 8227 102590 6928 13%
c - 692.64 131 59 77 495 32404 1 7331921 70739 2.1 78 37 3 27 59% 8227 102590 6928 13%
c O 693.31 133 60 77 495 32410 1 7340062 78497 2.1 79 37 3 27 59% 8227 102590 6928 13%
c
c seconds     switched      rate           size/glue  tier1     binary         remaining
c          MB   reductions     conflicts         size   tier2      irredundant
c           level     restarts        redundant     glue    trail         variables
c
c - 694.42 134 56 77 496 32412 1 7354171 72088 2.2 77 35 3 27 60% 8227 102590 6928 13%
c ] 694.48 134 56 78 496 32412 1 7354918 72764 2.2 76 35 3 27 60% 8227 102590 6928 13%
c { 694.48 134 77 78 496 32412 2 7354918 72764 2.7 60 23 3 14 57% 8227 102590 6928 13%
c u 696.00 140 75 78 496 32447 2 7368861 79096 2.7 60 22 3 14 56% 8238 102590 6928 13%
c v 696.74 143 75 78 496 32447 2 7368861 73937 2.7 60 22 3 14 56% 8239 102590 6928 13%
c w 697.08 149 75 78 496 32447 2 7368861 73917 2.7 60 22 3 14 56% 8239 102590 6928 13%
c t 697.09 149 75 78 496 32447 2 7368861 73917 2.7 60 22 3 14 56% 8229 102590 6928 13%
c f 697.11 149 75 78 496 32447 2 7368861 73917 2.7 60 22 3 14 56% 8229 102526 6931 13%
c u 697.55 152 75 78 496 32447 2 7368861 71881 2.7 60 22 3 14 56% 8243 102526 6931 13%
c v 698.09 154 75 78 496 32447 2 7368861 68812 2.7 60 22 3 14 56% 8244 102526 6931 13%
c w 698.33 159 75 78 496 32447 2 7368861 68765 2.7 60 22 3 14 56% 8244 102526 6931 13%
c x 698.74 159 75 78 496 32447 2 7368861 68755 2.7 60 22 3 14 56% 8270 102403 6931 13%
c t 698.75 159 75 78 496 32447 2 7368861 68755 2.7 60 22 3 14 56% 8260 102403 6931 13%
c - 699.05 161 73 78 497 32457 2 7376442 65701 2.7 59 22 3 14 55% 8260 102403 6931 13%
c - 700.66 170 71 78 498 32579 2 7398735 74889 2.8 59 21 3 14 55% 8260 102403 6931 13%
c - 702.23 178 68 78 499 32668 2 7421052 81051 2.9 60 21 3 15 54% 8260 102403 6931 13%
c o 702.30 178 68 78 499 32670 2 7421826 81799 2.9 60 21 3 15 54% 8260 102403 6931 13%
c - 704.04 156 67 78 500 32846 2 7443391 83368 2.9 59 21 3 15 53% 8260 102403 6931 13%
c - 705.90 169 66 78 501 33001 2 7465752 84602 2.9 59 21 3 15 53% 8260 102403 6931 13%
c - 707.76 185 68 78 502 33179 2 7488136 86620 2.9 59 21 3 15 52% 8260 102403 6931 13%
c
c seconds     switched      rate           size/glue  tier1     binary         remaining
c          MB   reductions     conflicts         size   tier2      irredundant
c           level     restarts        redundant     glue    trail         variables
c
c - 709.67 195 68 78 503 33351 2 7510542 88023 2.8 59 21 3 15 52% 8260 102403 6931 13%
c - 711.32 208 67 78 504 33462 2 7532972 90480 2.9 58 20 3 15 51% 8260 102403 6931 13%
c - 713.16 187 67 78 505 33606 2 7555421 92913 2.9 58 20 3 15 50% 8261 102403 6931 13%
c - 715.01 203 66 78 506 33787 2 7577893 94117 2.9 57 20 3 15 50% 8261 102403 6931 13%
c - 717.28 235 65 78 507 33998 2 7600388 94815 2.8 57 20 3 15 50% 8261 102403 6931 13%
c - 719.60 257 65 78 508 34225 2 7622904 95542 2.8 57 20 3 15 50% 8261 102403 6931 13%
c u 721.85 265 63 78 508 34326 2 7644785 111312 2.8 56 20 3 15 49% 8265 102403 6931 13%
c v 722.62 270 63 78 508 34326 2 7644785 110848 2.8 56 20 3 15 49% 8265 102403 6931 13%
c w 722.97 274 63 78 508 34326 2 7644785 110791 2.8 56 20 3 15 49% 8265 102403 6931 13%
c t 722.98 210 63 78 508 34326 2 7644785 110791 2.8 56 20 3 15 49% 8263 102403 6931 13%
c - 723.07 203 63 78 509 34332 2 7645442 92223 2.8 56 20 3 15 49% 8263 102403 6931 13%
c } 724.99 204 61 79 509 34499 2 7666510 112345 2.8 56 20 3 15 50% 8264 102403 6931 13%
c [ 724.99 204 56 79 509 34499 1 7666510 112345 2.2 76 35 3 27 60% 8264 102403 6931 13%
c B 724.99 204 56 79 509 34499 1 7666510 112345 2.2 76 35 3 27 60% 8264 102403 6931 13%
c - 725.14 205 56 79 510 34500 1 7668003 93375 2.2 77 35 3 27 60% 8264 102403 6931 13%
c - 727.37 204 57 79 511 34512 1 7690589 85231 2.2 78 35 3 27 59% 8264 102403 6931 13%
c - 729.80 205 58 79 512 34522 1 7713195 71733 2.2 79 36 3 27 59% 8264 102403 6931 13%
c - 731.99 203 56 79 513 34529 1 7735822 71984 2.3 78 34 3 27 60% 8264 102403 6931 13%
c - 734.20 128 54 79 514 34536 1 7758471 73876 2.3 78 34 3 27 60% 8264 102403 6931 13%
c - 736.62 132 53 79 515 34544 1 7781142 73840 2.3 78 33 3 27 61% 8264 102403 6931 13%
c
c seconds     switched      rate           size/glue  tier1     binary         remaining
c          MB   reductions     conflicts         size   tier2      irredundant
c           level     restarts        redundant     glue    trail         variables
c
c - 738.56 132 56 79 516 34558 1 7803835 73057 2.3 78 34 3 27 58% 8264 102403 6931 13%
c - 739.99 130 59 79 517 34560 1 7826550 69599 2.1 76 37 3 27 54% 8264 102403 6931 13%
c - 741.58 119 60 79 518 34561 1 7849287 62988 1.9 75 39 3 27 51% 8264 102403 6931 13%
c - 743.30 123 59 79 519 34568 1 7872046 61834 1.9 73 40 3 27 48% 8264 102403 6931 13%
c o 743.67 123 59 79 519 34570 1 7877053 65928 1.8 73 40 3 27 48% 8264 102403 6931 13%
c - 745.40 70 72 79 520 34576 1 7894827 63557 1.7 79 47 3 27 50% 8264 102403 6931 13%
c - 747.89 72 78 79 521 34590 1 7917631 64616 1.6 82 50 3 27 51% 8264 102403 6931 13%
c u 749.47 73 77 79 521 34591 1 7926260 66299 1.7 81 48 3 27 51% 8268 102403 6931 13%
c v 749.81 75 77 79 521 34591 1 7926260 62681 1.7 81 48 3 27 51% 8269 102403 6931 13%
c w 750.68 78 77 79 521 34591 1 7926260 62094 1.7 81 48 3 27 51% 8269 102403 6931 13%
c t 750.69 78 77 79 521 34591 1 7926260 62094 1.7 81 48 3 27 51% 8266 102403 6931 13%
c ] 751.08 73 76 80 521 34591 1 7929391 64919 1.7 81 48 3 27 51% 8266 102403 6931 13%
c { 751.08 73 61 80 521 34591 2 7929391 64919 2.8 56 20 3 15 50% 8266 102403 6931 13%
c - 752.14 79 64 80 522 34727 2 7940456 61597 2.7 56 21 3 15 50% 8266 102403 6931 13%
c - 754.19 76 68 80 523 35020 3 7963304 71750 2.6 57 22 3 15 50% 8266 102403 6931 13%
c - 756.09 83 68 80 524 35189 3 7986173 79732 2.7 59 22 3 15 51% 8266 102403 6931 13%
c - 758.41 80 70 80 525 35437 3 8009064 84661 2.6 59 22 3 15 52% 8266 102403 6931 13%
c - 760.60 84 67 80 526 35570 2 8031977 86587 2.6 59 22 3 15 52% 8266 102403 6931 13%
c s 762.42 84 67 80 526 35728 3 8049602 103135 2.6 59 23 3 15 52% 8266 102382 6931 13%
c e 762.44 86 67 80 526 35728 3 8049602 103135 2.6 59 23 3 15 52% 8249 102496 6924 13%
c
c seconds    switched      rate            size/glue  tier1     binary         remaining
c         MB   reductions     conflicts          size   tier2      irredundant
c          level     restarts        redundant      glue    trail         variables
c
c s 762.44 86 67 80 526 35728 3 8049602 103135 2.6 59 23 3 15 52% 8249 102456 6924 13%
c - 763.02 104 67 80 527 35774 3 8054911 88243 2.6 59 23 3 15 52% 8249 102456 6924 13%
c - 765.25 124 67 80 528 35969 3 8077868 90019 2.6 59 23 3 15 52% 8251 102456 6924 13%
c - 767.44 144 67 80 529 36147 2 8100846 91409 2.6 59 23 3 15 52% 8251 102456 6924 13%
c - 769.60 162 65 80 530 36296 2 8123848 93059 2.6 60 23 3 15 52% 8251 102456 6924 13%
c - 772.06 183 66 80 531 36507 2 8146871 93147 2.6 60 23 3 15 52% 8251 102456 6924 13%
c - 774.41 203 67 80 532 36678 2 8169914 93320 2.6 60 23 3 15 52% 8252 102456 6924 13%
c - 776.61 187 66 80 533 36823 2 8192979 95259 2.6 60 23 3 15 52% 8252 102456 6924 13%
c u 779.33 205 65 80 533 36959 2 8213286 107866 2.6 60 23 3 15 52% 8266 102456 6924 13%
c v 780.21 209 65 80 533 36959 2 8213286 106380 2.6 60 23 3 15 52% 8266 102456 6924 13%
c w 780.65 213 65 80 533 36959 2 8213286 106358 2.6 60 23 3 15 52% 8266 102456 6924 13%
c t 780.66 213 65 80 533 36959 2 8213286 106358 2.6 60 23 3 15 52% 8261 102456 6924 13%
c f 780.67 213 65 80 533 36959 2 8213286 106358 2.6 60 23 3 15 52% 8261 102434 6925 13%
c u 781.16 226 65 80 533 36959 2 8213286 104925 2.6 60 23 3 15 52% 8261 102434 6925 13%
c v 781.80 229 65 80 533 36959 2 8213286 103700 2.6 60 23 3 15 52% 8261 102434 6925 13%
c w 782.11 229 65 80 533 36959 2 8213286 103666 2.6 60 23 3 15 52% 8261 102434 6925 13%
c x 782.54 236 65 80 533 36959 2 8213286 103656 2.6 60 23 3 15 52% 8262 102408 6925 13%
c - 782.81 237 65 80 534 36982 2 8216065 86590 2.6 60 23 3 15 52% 8262 102408 6925 13%
c - 784.93 258 68 80 535 37148 2 8239175 88031 2.6 60 23 3 15 52% 8262 102408 6925 13%
c } 786.64 236 68 81 535 37315 2 8255837 103973 2.5 59 23 3 15 52% 8262 102408 6925 13%
c
c seconds     switched      rate            size/glue  tier1     binary         remaining
c          MB   reductions     conflicts          size   tier2      irredundant
c           level     restarts        redundant      glue    trail         variables
c
c [ 786.64 236 76 81 535 37315 1 8255837 103973 1.7 81 48 3 27 51% 8262 102408 6925 13%
c W 786.70 244 76 81 535 37315 1 8255837 103973 1.7 81 48 3 27 51% 8262 102408 6925 13%
c - 787.56 248 74 81 536 37320 1 8262307 87458 1.7 80 47 3 27 51% 8262 102408 6925 13%
c o 788.70 257 71 81 536 37325 1 8272247 96441 1.7 78 45 3 27 52% 8262 102408 6925 13%
c - 790.43 260 73 81 537 37329 1 8285459 81112 1.7 79 46 3 27 52% 8262 102408 6925 13%
c - 792.42 272 72 81 538 37342 1 8308632 73215 1.7 78 45 3 27 51% 8262 102408 6925 13%
c - 794.05 281 71 81 539 37345 1 8331828 66959 1.7 78 45 3 27 48% 8262 102408 6925 13%
c - 795.69 283 70 81 540 37356 1 8355044 62046 1.7 79 46 3 27 46% 8262 102408 6925 13%
c - 797.46 217 68 81 541 37366 1 8378282 63945 1.8 79 45 3 27 44% 8262 102408 6925 13%
c - 799.32 227 65 81 542 37375 1 8401541 66637 1.8 77 43 3 27 43% 8262 102408 6925 13%
c - 801.13 230 64 81 543 37377 1 8424823 67207 1.8 76 42 3 27 43% 8262 102408 6925 13%
c - 802.96 240 62 81 544 37377 1 8448126 65923 1.8 75 42 3 27 42% 8262 102408 6925 13%
c - 805.02 241 60 81 545 37390 1 8471450 67680 1.8 73 41 3 27 41% 8262 102408 6925 13%
c - 806.96 154 57 81 546 37399 1 8494798 69815 1.8 72 39 3 27 41% 8262 102408 6925 13%
c u 808.56 151 56 81 546 37405 1 8505914 72609 1.8 71 39 3 27 41% 8271 102408 6925 13%
c v 808.96 154 56 81 546 37405 1 8505914 68742 1.8 71 39 3 27 41% 8271 102408 6925 13%
c w 809.79 162 56 81 546 37405 1 8505914 67363 1.8 71 39 3 27 41% 8271 102408 6925 13%
c t 809.80 162 56 81 546 37405 1 8505914 67363 1.8 71 39 3 27 41% 8268 102408 6925 13%
c - 810.72 152 56 81 547 37407 1 8518164 59846 1.8 71 39 3 27 41% 8268 102408 6925 13%
c I 811.98 154 56 81 547 37408 1 8533500 72878 1.8 70 39 3 27 41% 8268 102408 6925 13%
c
c seconds     switched      rate           size/glue  tier1     binary         remaining
c          MB   reductions     conflicts         size   tier2      irredundant
c           level     restarts        redundant     glue    trail         variables
c
c - 812.50 153 58 81 548 37414 1 8541553 61568 1.8 70 39 3 27 41% 8268 102408 6925 13%
c - 814.02 156 61 81 549 37423 1 8564963 60788 1.8 74 41 3 27 40% 8268 102408 6925 13%
c - 815.52 154 60 81 550 37437 1 8588393 58587 1.8 75 41 3 27 40% 8268 102408 6925 13%
c - 817.07 77 58 81 551 37439 1 8611845 60684 1.9 75 39 3 27 40% 8268 102408 6925 13%
c ] 817.51 78 57 82 551 37440 1 8618448 66500 1.9 75 39 3 27 40% 8268 102408 6925 13%
c { 817.51 78 68 82 551 37440 2 8618448 66500 2.5 59 23 3 15 52% 8268 102408 6925 13%
c - 818.41 81 61 82 552 37445 2 8635319 70429 2.7 60 22 3 15 50% 8268 102408 6925 13%
c - 819.85 81 53 82 553 37445 2 8658813 85852 3.1 63 20 3 15 48% 8268 102408 6925 13%
c - 821.53 88 46 82 554 37445 2 8682329 92052 3.3 62 19 3 14 47% 8269 102408 6925 13%
c - 823.41 88 41 82 555 37446 2 8705867 95663 3.4 62 18 3 14 46% 8270 102408 6925 13%
c - 825.55 90 37 82 556 37449 2 8729426 97266 3.6 64 18 3 14 45% 8272 102408 6925 13%
c - 827.60 89 34 82 557 37451 1 8753005 98394 3.9 66 17 3 14 45% 8272 102408 6925 13%
c - 829.49 93 31 82 558 37465 1 8776605 100543 4.0 68 17 3 14 45% 8272 102408 6925 13%
c - 831.52 96 29 82 559 37470 1 8800227 101637 4.2 69 16 3 14 44% 8272 102408 6925 13%
c u 832.38 92 29 82 559 37470 1 8804144 100532 4.2 69 16 3 14 44% 8278 102408 6925 13%
c v 833.30 99 29 82 559 37470 1 8804144 100417 4.2 69 16 3 14 44% 8278 102408 6925 13%
c w 833.73 106 29 82 559 37470 1 8804144 100411 4.2 69 16 3 14 44% 8278 102408 6925 13%
c t 833.74 106 29 82 559 37470 1 8804144 100411 4.2 69 16 3 14 44% 8275 102408 6925 13%
c o 833.75 106 29 82 559 37470 1 8804144 100411 4.2 69 16 3 14 44% 8275 102408 6925 13%
c - 834.96 94 30 82 560 37470 1 8823871 98452 4.5 70 16 3 14 47% 8277 102408 6925 13%
c
c seconds    switched      rate           size/glue  tier1     binary         remaining
c         MB   reductions     conflicts         size   tier2      irredundant
c          level     restarts        redundant     glue    trail         variables
c
c s 835.02 94 30 82 560 37470 1 8824699 99278 4.5 70 16 3 14 47% 8281 102390 6925 13%
c - 835.76 90 32 82 561 37470 1 8847536 96217 4.4 62 14 3 14 42% 8282 102390 6925 13%
c - 836.80 93 32 82 562 37478 1 8871221 93424 4.3 58 13 3 14 41% 8282 102390 6925 13%
c - 838.24 95 31 82 563 37564 1 8894928 95938 4.4 58 13 3 14 42% 8283 102390 6925 13%
c i 838.59 93 31 82 563 37566 1 8903662 104435 4.5 57 13 3 14 42% 8292 102390 6922 13%
c - 839.42 96 31 82 564 37588 1 8918655 94817 4.5 55 12 3 14 42% 8274 102390 6922 13%
c - 840.33 95 29 82 565 37594 1 8942403 94591 4.7 55 12 3 14 39% 8277 102390 6922 13%
c } 841.49 95 29 83 565 37663 1 8960054 112078 4.8 55 11 3 14 41% 8282 102390 6922 13%
c [ 841.49 95 57 83 565 37663 1 8960054 112078 1.9 75 39 3 27 40% 8282 102390 6922 13%
c B 841.49 95 57 83 565 37663 1 8960054 112078 1.9 75 39 3 27 40% 8282 102390 6922 13%
c - 841.88 91 61 83 566 37667 1 8966172 93737 1.9 77 41 3 27 40% 8282 102390 6922 13%
c - 843.45 94 71 83 567 37677 1 8989963 77420 1.7 81 48 3 27 39% 8282 102390 6922 13%
c - 844.88 92 69 83 568 37691 1 9013776 65399 1.8 81 46 3 27 39% 8282 102390 6922 13%
c - 846.61 92 63 83 569 37693 1 9037608 66410 1.9 79 42 3 27 39% 8282 102390 6922 13%
c - 848.33 90 59 83 570 37706 1 9061464 68959 1.9 77 40 3 27 39% 8282 102390 6922 13%
c - 849.92 93 57 83 571 37715 1 9085338 67968 1.9 76 40 3 27 39% 8282 102390 6922 13%
c u 851.96 92 58 83 571 37724 1 9108003 81672 1.9 76 41 3 27 39% 8304 102353 6922 13%
c v 852.33 94 58 83 571 37724 1 9108003 78057 1.9 76 41 3 27 39% 8304 102353 6922 13%
c w 852.85 110 58 83 571 37724 1 9108003 75000 1.9 76 41 3 27 39% 8304 102353 6922 13%
c t 855.02 110 58 83 571 37724 1 9108003 75000 1.9 76 41 3 27 39% 8293 102353 6922 13%
c
c seconds    switched      rate           size/glue  tier1     binary         remaining
c         MB   reductions     conflicts         size   tier2      irredundant
c          level     restarts        redundant     glue    trail         variables
c
c - 855.13 88 58 83 572 37724 1 9109235 54894 1.9 76 41 3 27 39% 8293 102353 6922 13%
c - 856.75 71 56 83 573 37725 1 9133152 54797 1.8 74 40 3 27 38% 8293 102353 6922 13%
c - 858.35 79 55 83 574 37726 1 9157090 56129 1.8 73 40 3 27 38% 8293 102353 6922 13%
c - 860.16 79 57 83 575 37739 1 9181051 55608 1.7 73 42 3 27 38% 8293 102353 6922 13%
c - 861.80 77 57 83 576 37750 1 9205030 55351 1.7 72 42 3 27 37% 8293 102353 6922 13%
c - 863.45 80 56 83 577 37756 1 9229030 56608 1.7 71 42 3 27 38% 8293 102353 6922 13%
c - 865.21 79 58 83 578 37765 1 9253050 58167 1.7 73 43 3 27 38% 8293 102353 6922 13%
c o 865.23 79 58 83 578 37766 1 9253385 58462 1.7 73 43 3 27 38% 8293 102353 6922 13%
c W 865.51 81 59 83 578 37767 1 9255966 60943 1.7 74 43 3 27 39% 8293 102353 6922 13%
c ] 865.98 82 59 84 578 37770 1 9261251 65583 1.7 75 43 3 27 40% 8293 102353 6922 13%
c { 865.98 82 29 84 578 37770 1 9261251 65583 4.8 55 11 3 14 41% 8293 102353 6922 13%
c - 867.37 97 38 84 579 38041 2 9277093 63665 4.1 54 13 3 14 42% 8294 102353 6922 13%
c - 869.46 113 48 84 580 38422 2 9301155 74196 3.5 53 15 3 14 43% 8294 102353 6922 13%
c - 871.69 135 56 84 581 38753 2 9325238 82126 3.2 54 17 3 14 45% 8294 102353 6922 13%
c - 873.77 158 61 84 582 39040 2 9349343 87048 3.0 53 18 3 14 46% 8295 102353 6922 13%
c - 876.06 182 66 84 583 39317 3 9373467 90202 2.9 54 19 3 14 47% 8297 102353 6922 13%
c - 878.27 214 69 84 584 39565 3 9397613 92791 2.8 53 19 3 14 48% 8299 102353 6922 13%
c u 880.78 216 71 84 584 39763 3 9417490 105359 2.8 53 19 3 14 48% 8304 102353 6922 13%
c v 881.56 219 71 84 584 39763 3 9417490 103315 2.8 53 19 3 14 48% 8304 102353 6922 13%
c w 881.97 223 71 84 584 39763 3 9417490 103309 2.8 53 19 3 14 48% 8304 102353 6922 13%
c
c seconds     switched      rate            size/glue  tier1     binary         remaining
c          MB   reductions     conflicts          size   tier2      irredundant
c           level     restarts        redundant      glue    trail         variables
c
c t 881.98 223 71 84 584 39763 3 9417490 103309 2.8 53 19 3 14 48% 8299 102353 6922 13%
c - 882.44 222 71 84 585 39805 3 9421779 86812 2.8 54 19 3 14 48% 8299 102353 6922 13%
c - 884.59 244 73 84 586 40018 3 9445966 89474 2.7 54 20 3 14 49% 8301 102353 6922 13%
c - 886.61 271 74 84 587 40220 3 9470174 91951 2.7 54 20 3 14 49% 8303 102353 6922 13%
c - 888.85 288 74 84 588 40422 3 9494403 94056 2.8 56 20 3 14 50% 8304 102353 6922 13%
c - 891.15 247 74 84 589 40649 3 9518652 95556 2.8 56 20 3 14 51% 8304 102353 6922 13%
c - 893.27 264 74 84 590 40820 3 9542922 97113 2.8 57 20 3 14 51% 8305 102353 6922 13%
c - 895.28 271 73 84 591 40974 3 9567211 98599 2.8 56 20 3 14 51% 8306 102353 6922 13%
c - 897.11 274 70 84 592 41097 3 9591523 100789 3.0 59 20 3 14 52% 8306 102353 6922 13%
c - 899.39 275 71 84 593 41305 3 9615854 101273 3.0 60 20 3 14 52% 8306 102353 6922 13%
c } 899.52 270 71 85 593 41306 3 9618329 103658 3.1 60 20 3 14 52% 8306 102353 6922 13%
c [ 899.52 270 59 85 593 41306 1 9618329 103658 1.7 75 43 3 27 40% 8306 102353 6922 13%
c O 899.52 270 59 85 593 41306 1 9618329 103658 1.7 75 43 3 27 40% 8306 102353 6922 13%
c - 901.48 195 55 85 594 41319 1 9640205 95193 1.8 73 40 3 27 44% 8306 102353 6922 13%
c s 901.68 190 54 85 594 41319 1 9642435 97007 1.8 73 40 3 27 44% 8307 102328 6922 13%
c e 901.69 191 54 85 594 41319 1 9642435 97007 1.8 73 40 3 27 44% 8295 102406 6915 13%
c s 901.69 191 54 85 594 41319 1 9642435 97007 1.8 73 40 3 27 44% 8295 102385 6915 13%
c - 904.06 194 51 85 595 41329 1 9664580 84138 1.9 72 38 3 27 47% 8295 102385 6915 13%
c - 907.06 199 48 85 596 41336 1 9688972 79620 2.0 71 36 3 27 50% 8295 102385 6915 13%
c - 909.91 198 48 85 597 41344 1 9713385 80986 2.0 71 35 3 27 51% 8295 102385 6915 13%
c
c seconds     switched      rate           size/glue  tier1     binary         remaining
c          MB   reductions     conflicts         size   tier2      irredundant
c           level     restarts        redundant     glue    trail         variables
c
c u 912.69 117 48 85 597 41351 1 9732625 90879 2.0 71 36 3 27 52% 8316 102385 6915 13%
c v 913.30 119 48 85 597 41351 1 9732625 88152 2.0 71 36 3 27 52% 8316 102385 6915 13%
c w 913.68 135 48 85 597 41351 1 9732625 86728 2.0 71 36 3 27 52% 8316 102385 6915 13%
c x 914.16 115 48 85 597 41351 1 9732625 86698 2.0 71 36 3 27 52% 8322 102322 6915 13%
c t 914.17 115 48 85 597 41351 1 9732625 86698 2.0 71 36 3 27 52% 8308 102322 6915 13%
c f 914.19 115 48 85 597 41351 1 9732625 86698 2.0 71 36 3 27 52% 8308 102282 6917 13%
c u 914.93 128 48 85 597 41351 1 9732625 79340 2.0 71 36 3 27 52% 8319 102282 6917 13%
c v 915.40 132 48 85 597 41351 1 9732625 77016 2.0 71 36 3 27 52% 8319 102282 6917 13%
c w 916.45 146 48 85 597 41351 1 9732625 73199 2.0 71 36 3 27 52% 8319 102282 6917 13%
c t 916.46 146 48 85 597 41351 1 9732625 73199 2.0 71 36 3 27 52% 8310 102282 6917 13%
c o 916.47 146 48 85 597 41351 1 9732625 73199 2.0 71 36 3 27 52% 8310 102282 6917 13%
c - 916.96 135 49 85 598 41355 1 9737818 61058 2.0 71 36 3 27 52% 8310 102282 6917 13%
c - 919.39 133 52 85 599 41366 1 9762272 58900 1.9 72 37 3 27 54% 8310 102282 6917 13%
c - 922.05 137 53 85 600 41368 1 9786746 56443 1.9 73 38 3 27 55% 8310 102282 6917 13%
c - 924.40 100 57 85 601 41368 1 9811241 58046 1.9 75 40 3 27 57% 8310 102282 6917 13%
c - 927.02 99 60 85 602 41381 1 9835757 57922 1.9 78 42 3 27 58% 8310 102282 6917 13%
c - 929.51 102 62 85 603 41390 1 9860292 58871 1.8 79 43 3 27 59% 8310 102282 6917 13%
c - 931.97 100 63 85 604 41399 1 9884849 59111 1.8 80 44 3 27 60% 8310 102282 6917 13%
c - 934.41 99 63 85 605 41406 1 9909426 59767 1.8 79 44 3 27 61% 8310 102282 6917 13%
c ] 936.15 101 62 86 605 41414 1 9926862 75466 1.9 80 43 3 27 61% 8310 102282 6917 13%
c
c seconds     switched      rate           size/glue  tier1     binary         remaining
c          MB   reductions     conflicts         size   tier2      irredundant
c           level     restarts        redundant     glue    trail         variables
c
c { 936.15 101 71 86 605 41414 3 9926862 75466 3.1 60 20 3 14 52% 8310 102282 6917 13%
c - 936.58 101 71 86 606 41426 3 9934022 66691 3.0 58 19 3 14 51% 8310 102282 6917 13%
c - 937.88 102 68 86 607 41438 2 9958643 79852 2.9 52 18 3 14 46% 8311 102282 6917 13%
c - 939.47 104 70 86 608 41530 2 9983280 89315 2.9 48 17 3 14 45% 8312 102282 6917 13%
c - 941.00 102 68 86 609 41573 2 10007939 94360 2.9 47 16 3 14 44% 8314 102282 6917 13%
c - 942.49 103 68 86 610 41642 2 10032616 97538 2.9 44 15 3 14 42% 8321 102282 6917 13%
c i 942.54 100 68 86 610 41644 2 10033449 98305 2.9 43 15 3 14 42% 8324 102282 6916 13%
c i 942.71 102 68 86 610 41654 2 10036449 101052 2.9 43 15 3 14 42% 8324 102282 6915 13%
c i 943.52 103 69 86 610 41710 2 10049770 113607 2.8 41 15 3 14 40% 8328 102282 6914 13%
c u 944.44 102 69 86 610 41728 2 10053437 110666 2.8 41 15 3 14 40% 8343 102259 6914 13%
c v 945.32 106 69 86 610 41728 2 10053437 109452 2.8 41 15 3 14 40% 8343 102259 6914 13%
c w 945.69 107 69 86 610 41728 2 10053437 109403 2.8 41 15 3 14 40% 8343 102259 6914 13%
c t 945.70 107 69 86 610 41728 2 10053437 109403 2.8 41 15 3 14 40% 8333 102259 6914 13%
c - 945.97 103 68 86 611 41735 2 10057314 92808 2.8 41 14 3 14 40% 8321 102259 6914 13%
c - 947.39 104 68 86 612 41849 2 10082035 95834 2.8 39 14 3 14 39% 8326 102259 6914 13%
c - 949.07 104 68 86 613 41998 2 10106773 99072 2.7 37 14 3 14 38% 8327 102259 6914 13%
c - 950.65 100 69 86 614 42149 3 10131535 101823 2.7 36 13 3 14 37% 8332 102259 6914 13%
c i 951.88 104 68 86 614 42261 3 10153791 122541 2.6 34 13 3 14 35% 8340 102259 6912 13%
c - 952.07 104 68 86 615 42276 3 10156316 103215 2.6 34 13 3 14 35% 8325 102259 6912 13%
c o 952.53 103 68 86 615 42304 3 10163036 109631 2.6 34 13 3 14 35% 8326 102259 6912 13%
c
c seconds     switched      rate             size/glue  tier1     binary         remaining
c          MB   reductions     conflicts           size   tier2      irredundant
c           level     restarts         redundant      glue    trail         variables
c
c - 953.73 105 67 86 616 42415 3 10181118 105907 2.6 33 13 3 14 35% 8329 102259 6912 13%
c i 954.46 101 68 86 616 42499 3 10193205 117239 2.6 33 13 3 14 34% 8338 102258 6911 13%
c i 954.74 104 68 86 616 42534 3 10197456 121295 2.6 33 13 3 14 35% 8343 102258 6910 13%
c - 955.37 103 69 86 617 42613 3 10205937 108138 2.5 32 13 3 14 35% 8331 102258 6910 13%
c - 957.05 100 70 86 618 42835 3 10230776 110603 2.5 32 13 3 14 34% 8332 102258 6910 13%
c - 958.80 105 71 86 619 43057 3 10255637 113235 2.5 32 13 3 14 34% 8335 102258 6910 13%
c - 960.36 106 69 86 620 43231 3 10280519 115934 2.4 31 13 3 14 33% 8336 102258 6910 13%
c } 961.65 104 70 87 620 43386 3 10299719 134344 2.4 30 13 3 14 32% 8338 102258 6910 13%
c [ 961.65 104 62 87 620 43386 1 10299719 134344 1.9 80 43 3 27 61% 8338 102258 6910 13%
c B 961.65 104 62 87 620 43386 1 10299719 134344 1.9 80 43 3 27 61% 8338 102258 6910 13%
c - 962.28 105 62 87 621 43390 1 10305419 115931 1.9 80 43 3 27 61% 8338 102258 6910 13%
c - 965.26 103 58 87 622 43400 1 10330338 106644 1.9 76 40 3 27 59% 8338 102258 6910 13%
c - 968.12 100 58 87 623 43414 1 10355277 96120 1.9 77 40 3 27 59% 8338 102258 6910 13%
c u 971.53 103 55 87 623 43416 1 10379926 110029 2.0 76 38 3 27 59% 8358 102191 6910 13%
c v 972.33 104 55 87 623 43416 1 10379926 104943 2.0 76 38 3 27 59% 8363 102191 6910 13%
c w 972.77 116 55 87 623 43416 1 10379926 102241 2.0 76 38 3 27 59% 8363 102191 6910 13%
c t 972.78 116 55 87 623 43416 1 10379926 102241 2.0 76 38 3 27 59% 8352 102191 6910 13%
c - 972.85 98 55 87 624 43416 1 10380236 83820 2.0 76 38 3 27 59% 8352 102191 6910 13%
c - 975.41 100 61 87 625 43430 1 10405216 88080 2.0 76 38 3 27 57% 8352 102191 6910 13%
c - 978.12 103 62 87 626 43441 1 10430218 86263 1.9 76 39 3 27 56% 8352 102191 6910 13%
c
c seconds     switched      rate            size/glue  tier1     binary         remaining
c          MB   reductions     conflicts          size   tier2      irredundant
c           level     restarts         redundant     glue    trail         variables
c
c - 981.06 102 58 87 627 43447 1 10455239 83855 2.0 74 38 3 27 57% 8352 102191 6910 13%
c - 984.19 101 57 87 628 43448 1 10480279 86165 2.0 74 38 3 27 57% 8352 102191 6910 13%
c s 987.10 103 56 87 628 43454 1 10503462 106604 2.0 73 37 3 27 57% 8358 102127 6910 13%
c e 987.13 104 56 87 628 43454 1 10503462 106604 2.0 73 37 3 27 57% 8307 102349 6893 12%
c s 987.13 104 56 87 628 43454 1 10503462 106604 2.0 73 37 3 27 57% 8307 102287 6893 12%
c e 987.14 104 56 87 628 43454 1 10503462 106604 2.0 73 37 3 27 57% 8305 102305 6892 12%
c - 987.38 121 56 87 629 43455 1 10505338 87138 2.0 73 37 3 27 57% 8305 102305 6892 12%
c ] 989.80 120 55 88 629 43463 1 10524657 104278 1.9 71 36 3 27 56% 8305 102305 6892 12%
c { 989.80 120 70 88 629 43463 3 10524657 104278 2.4 30 13 3 14 32% 8305 102305 6892 12%
c - 990.34 124 71 88 630 43555 3 10530418 91726 2.4 31 13 3 14 33% 8306 102305 6892 12%
c - 992.99 124 75 88 631 43980 3 10555517 98606 2.3 37 16 3 14 37% 8309 102305 6892 12%
c - 995.50 125 78 88 632 44343 3 10580637 105254 2.4 41 18 3 14 41% 8309 102305 6892 12%
c o 997.70 124 78 88 632 44617 3 10603407 127097 2.4 44 19 3 14 43% 8309 102305 6892 12%
c - 998.00 122 79 88 633 44654 3 10605778 110646 2.4 44 19 3 14 43% 8309 102305 6892 12%
c - 1000.41 95 77 88 634 44903 3 10630937 114997 2.4 46 19 3 14 45% 8309 102305 6892 12%
c - 1003.19 95 76 88 635 45145 3 10656117 118917 2.5 49 20 3 14 48% 8309 102305 6892 12%
c - 1005.93 95 73 88 636 45360 3 10681316 121710 2.5 51 20 3 14 50% 8309 102305 6892 12%
c - 1008.69 94 73 88 637 45593 3 10706537 123318 2.6 52 20 3 14 51% 8310 102305 6892 12%
c u 1010.05 93 74 88 637 45620 3 10712116 119921 2.6 52 20 3 14 51% 8321 102305 6892 12%
c v 1011.19 97 74 88 637 45620 3 10712116 118334 2.6 52 20 3 14 51% 8321 102305 6892 12%
c
c  seconds    switched      rate             size/glue  tier1     binary         remaining
c          MB   reductions     conflicts           size   tier2      irredundant
c           level     restarts         redundant      glue    trail         variables
c
c w 1011.71 99 74 88 637 45620 3 10712116 118154 2.6 52 20 3 14 51% 8321 102305 6892 12%
c t 1011.72 99 74 88 637 45620 3 10712116 118154 2.6 52 20 3 14 51% 8318 102305 6892 12%
c f 1011.74 99 74 88 637 45620 3 10712116 118154 2.6 52 20 3 14 51% 8320 102249 6895 13%
c u 1012.63 108 74 88 637 45620 3 10712116 112703 2.6 52 20 3 14 51% 8338 102249 6895 13%
c v 1013.77 114 74 88 637 45620 3 10712116 109810 2.6 52 20 3 14 51% 8338 102249 6895 13%
c w 1014.26 116 74 88 637 45620 3 10712116 109494 2.6 52 20 3 14 51% 8338 102249 6895 13%
c t 1014.27 116 74 88 637 45620 3 10712116 109494 2.6 52 20 3 14 51% 8330 102249 6895 13%
c - 1016.28 121 73 88 638 45806 3 10731775 107035 2.6 53 20 3 14 52% 8330 102249 6895 13%
c - 1018.63 130 73 88 639 45983 3 10757033 110790 2.6 53 20 3 14 52% 8330 102249 6895 13%
c - 1021.08 131 71 88 640 46179 3 10782312 112641 2.6 53 21 3 14 53% 8331 102249 6895 13%
c - 1023.55 131 68 88 641 46338 2 10807612 114395 2.7 55 21 3 14 54% 8331 102249 6895 13%
c - 1026.17 129 67 88 642 46512 2 10832929 116184 2.7 55 21 3 14 55% 8331 102249 6895 13%
c - 1028.53 129 64 88 643 46643 2 10858269 117537 2.7 55 20 3 14 55% 8331 102249 6895 13%
c - 1031.25 130 66 88 644 46839 2 10883628 118236 2.7 56 20 3 14 55% 8331 102249 6895 13%
c - 1033.85 107 62 88 645 46977 2 10909005 118758 2.8 56 20 3 14 56% 8331 102249 6895 13%
c } 1034.33 105 61 89 645 47011 2 10913598 122933 2.7 56 20 3 14 56% 8331 102249 6895 13%
c [ 1034.33 105 55 89 645 47011 1 10913598 122933 1.9 71 36 3 27 56% 8331 102249 6895 13%
c W 1034.43 105 55 89 645 47011 1 10913598 122933 1.9 71 36 3 27 56% 8331 102249 6895 13%
c - 1036.48 110 52 89 646 47024 1 10934403 114519 2.0 70 35 3 27 57% 8331 102249 6895 13%
c - 1039.57 114 53 89 647 47033 1 10959820 101338 2.0 70 35 3 27 57% 8331 102249 6895 13%
c
c  seconds     switched      rate            size/glue  tier1     binary         remaining
c           MB   reductions     conflicts          size   tier2      irredundant
c            level     restarts         redundant     glue    trail         variables
c
c - 1042.26 113 57 89 648 47041 1 10985258 91392 2.0 74 37 3 27 57% 8331 102249 6895 13%
c - 1044.91 113 57 89 649 47051 1 11010713 86457 2.0 74 37 3 27 58% 8331 102249 6895 13%
c - 1047.27 114 61 89 650 47062 1 11036188 87351 2.0 75 38 3 27 58% 8331 102249 6895 13%
c u 1049.33 111 62 89 650 47070 1 11050014 90837 2.0 75 38 3 27 57% 8357 102249 6894 13%
c v 1049.96 113 62 89 650 47070 1 11050014 87170 2.0 75 38 3 27 57% 8357 102249 6894 13%
c w 1050.36 119 62 89 650 47070 1 11050014 86875 2.0 75 38 3 27 57% 8357 102249 6894 13%
c x 1050.88 111 62 89 650 47070 1 11050014 86860 2.0 75 38 3 27 57% 8365 102096 6894 13%
c t 1050.89 111 62 89 650 47070 1 11050014 86856 2.0 75 38 3 27 57% 8354 102096 6894 13%
c u 1051.78 121 62 89 650 47070 1 11050014 79963 2.0 75 38 3 27 57% 8338 102096 6894 13%
c v 1052.26 122 62 89 650 47070 1 11050014 77707 2.0 75 38 3 27 57% 8338 102096 6894 13%
c w 1053.37 128 62 89 650 47070 1 11050014 77203 2.0 75 38 3 27 57% 8338 102096 6894 13%
c t 1053.38 128 62 89 650 47070 1 11050014 77203 2.0 75 38 3 27 57% 8333 102096 6894 13%
c i 1053.39 128 62 89 650 47070 1 11050014 77203 2.0 75 38 3 27 57% 8333 102096 6894 13%
c - 1054.59 126 61 89 651 47072 1 11061683 67758 2.0 75 37 3 26 56% 8333 102096 6894 13%
c - 1057.24 128 59 89 652 47073 1 11087197 68578 2.0 74 37 3 26 56% 8333 102096 6894 13%
c - 1059.90 127 60 89 653 47075 1 11112732 67639 1.9 74 38 3 27 57% 8333 102096 6894 13%
c - 1062.78 127 58 89 654 47088 1 11138286 66392 1.9 73 38 3 27 57% 8333 102096 6894 13%
c - 1065.57 127 62 89 655 47101 1 11163859 67865 1.8 75 41 3 27 58% 8333 102096 6894 13%
c - 1068.35 92 66 89 656 47104 1 11189452 66762 1.7 77 45 3 27 58% 8333 102096 6894 13%
c - 1071.29 93 66 89 657 47118 1 11215064 66267 1.7 77 45 3 27 57% 8333 102096 6894 13%
c
c  seconds    switched      rate            size/glue  tier1     binary         remaining
c          MB   reductions     conflicts          size   tier2      irredundant
c           level     restarts         redundant     glue    trail         variables
c
c o 1073.26 92 64 89 657 47126 1 11233846 81473 1.7 75 44 3 27 58% 8333 102096 6894 13%
c - 1073.96 91 68 89 658 47129 1 11240696 68213 1.7 77 46 3 27 58% 8333 102096 6894 13%
c I 1074.57 92 70 89 658 47133 1 11247270 74424 1.7 77 47 3 27 57% 8333 102096 6894 13%
c ] 1075.93 94 75 90 658 47135 1 11261917 88309 1.7 78 47 3 27 57% 8333 102096 6894 13%
c { 1075.93 94 61 90 658 47135 2 11261917 88309 2.7 56 20 3 14 56% 8333 102096 6894 13%
c - 1076.29 94 62 90 659 47170 2 11266350 72027 2.7 55 20 3 14 56% 8333 102096 6894 13%
c - 1078.28 94 66 90 660 47355 2 11292020 81275 2.7 55 20 3 14 56% 8333 102096 6894 13%
c - 1080.67 94 70 90 661 47586 2 11317713 91606 2.7 55 20 3 14 55% 8333 102096 6894 13%
c - 1083.04 96 71 90 662 47735 2 11343422 97220 2.8 55 20 3 14 56% 8333 102096 6894 13%
c - 1085.58 96 72 90 663 47956 3 11369151 100682 2.8 55 20 3 14 55% 8333 102096 6894 13%
c u 1088.49 96 70 90 663 48089 2 11393654 117490 2.9 56 19 3 14 56% 8342 102096 6894 13%
c v 1089.66 116 70 90 663 48089 2 11393654 116651 2.9 56 19 3 14 56% 8342 102096 6894 13%
c w 1090.18 119 70 90 663 48089 2 11393654 116557 2.9 56 19 3 14 56% 8342 102096 6894 13%
c t 1090.20 119 70 90 663 48089 2 11393654 116557 2.9 56 19 3 14 56% 8337 102096 6894 13%
c - 1090.37 111 70 90 664 48102 2 11394900 96302 2.9 56 19 3 14 56% 8337 102096 6894 13%
c s 1091.58 110 72 90 664 48237 3 11408449 109484 2.8 55 20 3 14 55% 8337 102072 6894 13%
c e 1091.60 111 72 90 664 48237 3 11408449 109484 2.8 55 20 3 14 55% 8295 102192 6886 12%
c s 1091.60 111 72 90 664 48237 3 11408449 109484 2.8 55 20 3 14 55% 8295 102153 6886 12%
c - 1092.72 126 73 90 665 48305 3 11420672 98469 2.8 55 19 3 14 55% 8295 102153 6886 12%
c - 1095.17 181 74 90 666 48542 3 11446459 99182 2.8 55 20 3 14 55% 8296 102153 6886 12%
c
c  seconds     switched      rate             size/glue  tier1     binary         remaining
c           MB   reductions     conflicts           size   tier2      irredundant
c            level     restarts         redundant      glue    trail         variables
c
c - 1097.88 259 74 90 667 48810 3 11472267 100165 2.7 56 20 3 14 55% 8296 102153 6886 12%
c - 1100.58 316 71 90 668 48992 3 11498093 102373 2.7 55 20 3 14 55% 8297 102153 6886 12%
c - 1103.51 412 71 90 669 49246 3 11523940 104217 2.7 55 21 3 14 55% 8297 102153 6886 12%
c - 1106.33 505 70 90 670 49432 3 11549806 105210 2.7 55 21 3 14 54% 8297 102153 6886 12%
c - 1109.04 468 68 90 671 49631 3 11575690 106830 2.7 56 21 3 14 54% 8297 102153 6886 12%
c - 1111.82 471 65 90 672 49792 2 11601596 108436 2.7 56 21 3 14 55% 8297 102153 6886 12%
c - 1114.27 471 65 90 673 49941 2 11627521 110503 2.7 56 21 3 14 54% 8299 102153 6886 12%
c - 1116.53 471 62 90 674 50043 2 11653463 112157 2.8 56 20 3 14 55% 8299 102153 6886 12%
c } 1118.00 467 64 91 674 50163 2 11667237 125486 2.8 57 20 3 14 54% 8299 102153 6886 12%
c [ 1118.00 467 75 91 674 50163 1 11667237 125486 1.7 78 47 3 27 57% 8299 102153 6886 12%
c B 1118.00 467 75 91 674 50163 1 11667237 125486 1.7 78 47 3 27 57% 8299 102153 6886 12%
c - 1119.23 323 79 91 675 50169 1 11679424 105541 1.6 80 49 3 27 57% 8299 102153 6886 12%
c - 1121.89 321 79 91 676 50182 1 11705408 90517 1.6 82 50 3 27 59% 8299 102153 6886 12%
c o 1122.67 321 78 91 676 50185 1 11712429 96711 1.7 82 50 3 27 59% 8299 102153 6886 12%
c - 1124.72 318 86 91 677 50192 1 11731410 78303 1.6 87 55 3 27 59% 8299 102153 6886 12%
c u 1126.69 321 89 91 677 50193 1 11743023 80858 1.6 89 57 3 27 60% 8301 102153 6886 12%
c v 1127.08 322 89 91 677 50193 1 11743023 75372 1.6 89 57 3 27 60% 8301 102153 6886 12%
c w 1128.39 331 89 91 677 50193 1 11743023 74211 1.6 89 57 3 27 60% 8301 102153 6886 12%
c t 1128.40 331 89 91 677 50193 1 11743023 74211 1.6 89 57 3 27 60% 8300 102153 6886 12%
c - 1130.05 140 89 91 678 50199 1 11757431 64033 1.6 90 58 2 27 60% 8300 102153 6886 12%
c
c  seconds     switched      rate            size/glue  tier1     binary         remaining
c           MB   reductions     conflicts          size   tier2      irredundant
c            level     restarts         redundant     glue    trail         variables
c
c - 1133.01 142 89 91 679 50210 1 11783469 64637 1.6 91 58 2 27 60% 8300 102153 6886 12%
c - 1136.02 146 81 91 680 50223 1 11809526 69932 1.7 88 53 2 27 60% 8300 102153 6886 12%
c - 1139.34 151 70 91 681 50225 1 11835605 78534 1.8 86 47 2 27 60% 8300 102153 6886 12%
c - 1143.25 87 63 91 682 50225 1 11861700 82599 2.0 84 43 2 27 60% 8300 102153 6886 12%
c - 1147.22 89 58 91 683 50239 1 11887815 80048 2.1 83 40 2 27 60% 8300 102153 6886 12%
c - 1151.24 89 57 91 684 50251 1 11913949 79474 2.1 81 39 2 27 59% 8300 102153 6886 12%
c - 1153.47 89 67 91 685 50256 1 11940103 78330 1.9 82 43 2 27 54% 8300 102153 6886 12%
c - 1156.03 88 74 91 686 50269 1 11966277 70459 1.7 84 49 2 27 50% 8300 102153 6886 12%
c - 1158.12 87 80 91 687 50279 1 11992469 70136 1.6 85 51 2 27 47% 8300 102153 6886 12%
c ] 1158.94 85 83 92 687 50286 1 12007546 84061 1.6 85 53 2 27 45% 8300 102153 6886 12%
c { 1158.94 85 64 92 687 50286 2 12007546 84061 2.8 57 20 3 14 54% 8300 102153 6886 12%
c - 1159.96 89 65 92 688 50401 2 12018679 75332 2.8 57 21 3 14 54% 8300 102153 6886 12%
c - 1162.20 86 67 92 689 50646 2 12044908 86541 2.7 56 21 3 14 54% 8300 102153 6886 12%
c - 1164.99 88 70 92 690 50935 3 12071156 95875 2.6 55 22 3 14 53% 8301 102153 6886 12%
c - 1167.81 91 72 92 691 51202 3 12097424 95078 2.5 56 22 2 14 53% 8304 102153 6886 12%
c u 1168.62 86 73 92 691 51206 3 12098168 90357 2.5 56 22 2 14 52% 8313 102153 6886 12%
c v 1170.06 90 73 92 691 51206 3 12098168 82109 2.5 56 22 2 14 52% 8313 102153 6886 12%
c w 1170.58 91 73 92 691 51206 3 12098168 82073 2.5 56 22 2 14 52% 8313 102153 6886 12%
c t 1175.16 92 73 92 691 51206 3 12098168 82073 2.5 56 22 2 14 52% 8307 102153 6886 12%
c - 1177.81 90 72 92 692 51456 3 12123711 85150 2.5 56 23 2 14 52% 8307 102153 6886 12%
c
c  seconds    switched      rate            size/glue  tier1     binary         remaining
c          MB   reductions     conflicts          size   tier2      irredundant
c           level     restarts         redundant     glue    trail         variables
c
c - 1180.67 89 72 92 693 51725 3 12150016 88015 2.4 56 23 2 14 52% 8307 102153 6886 12%
c - 1183.57 89 67 92 694 51896 2 12176341 90689 2.4 56 23 2 14 53% 8307 102153 6886 12%
c o 1184.32 89 66 92 694 51923 2 12182555 96020 2.4 55 23 2 14 53% 8307 102153 6886 12%
c - 1186.80 86 65 92 695 52089 2 12202685 93755 2.4 55 23 2 14 53% 8307 102153 6886 12%
c - 1189.82 90 64 92 696 52271 2 12229047 96022 2.4 55 23 2 14 53% 8308 102153 6886 12%
c - 1192.50 90 62 92 697 52452 2 12255429 99258 2.3 54 23 3 14 52% 8308 102153 6886 12%
c - 1195.57 91 62 92 698 52665 2 12281829 100421 2.3 53 23 3 14 51% 8308 102153 6886 12%
c - 1198.90 91 63 92 699 52913 2 12308249 101933 2.3 54 24 3 14 51% 8308 102153 6886 12%
c - 1201.88 90 62 92 700 53110 2 12334689 102885 2.3 54 24 3 14 51% 8308 102153 6886 12%
c s 1204.74 90 61 92 700 53292 2 12358067 124523 2.3 55 24 3 14 51% 8308 102150 6886 12%
c - 1205.20 90 61 92 701 53318 2 12361146 103810 2.3 55 24 3 14 51% 8308 102150 6886 12%
c - 1208.37 90 59 92 702 53540 2 12387623 104379 2.3 55 24 3 14 51% 8308 102150 6886 12%
c - 1211.62 89 60 92 703 53734 2 12414118 104963 2.3 55 24 3 14 51% 8308 102150 6886 12%
c } 1213.45 91 60 93 703 53830 2 12429551 119613 2.3 56 24 3 14 52% 8308 102150 6886 12%
c [ 1213.45 91 83 93 703 53830 1 12429551 119613 1.6 85 53 2 27 45% 8308 102150 6886 12%
c W 1213.48 104 83 93 703 53830 1 12429551 119613 1.6 85 53 2 27 45% 8308 102150 6886 12%
c - 1214.25 107 81 93 704 53836 1 12440632 100142 1.6 84 51 2 27 44% 8308 102150 6886 12%
c u 1216.59 112 78 93 704 53844 1 12459090 107222 1.6 82 50 2 27 43% 8310 102150 6886 12%
c v 1217.77 117 78 93 704 53844 1 12459090 103183 1.6 82 50 2 27 43% 8310 102150 6886 12%
c w 1218.30 129 78 93 704 53844 1 12459090 101399 1.6 82 50 2 27 43% 8310 102150 6886 12%
c
c  seconds     switched      rate            size/glue  tier1     binary         remaining
c           MB   reductions     conflicts          size   tier2      irredundant
c            level     restarts         redundant     glue    trail         variables
c
c - 1218.95 138 76 93 705 53848 1 12467164 74690 1.6 81 50 2 27 42% 8310 102150 6886 12%
c - 1220.94 141 70 93 706 53859 1 12493715 62968 1.7 79 47 2 27 41% 8310 102150 6886 12%
c - 1222.90 142 65 93 707 53867 1 12520290 61890 1.7 75 45 2 27 40% 8310 102150 6886 12%
c - 1225.00 144 61 93 708 53878 1 12546881 63992 1.7 73 43 2 27 39% 8310 102150 6886 12%
c - 1227.08 148 56 93 709 53890 1 12573490 68311 1.8 71 40 2 27 39% 8310 102150 6886 12%
c - 1229.36 151 56 93 710 53892 1 12600117 69572 1.8 74 40 2 27 39% 8310 102150 6886 12%
c - 1231.74 154 55 93 711 53893 1 12626762 64625 1.9 75 40 2 27 39% 8310 102150 6886 12%
c - 1234.01 158 54 93 712 53907 1 12653427 65665 1.9 75 39 2 27 38% 8310 102150 6886 12%
c - 1236.33 161 51 93 713 53921 1 12680111 67152 1.9 73 38 2 27 38% 8310 102150 6886 12%
c - 1238.64 164 49 93 714 53923 1 12706814 69061 1.9 73 37 2 27 38% 8310 102150 6886 12%
c - 1240.79 168 48 93 715 53938 1 12733534 69231 1.9 71 37 3 27 38% 8310 102150 6886 12%
c - 1243.12 171 46 93 716 53951 1 12760273 68712 2.0 69 36 3 27 38% 8310 102150 6886 12%
c - 1245.36 174 49 93 717 53954 1 12787033 68251 1.9 71 38 3 27 37% 8310 102150 6886 12%
c O 1245.80 174 49 93 717 53955 1 12792622 72684 1.9 71 38 3 27 37% 8310 102150 6886 12%
c o 1245.80 174 49 93 717 53955 1 12792622 72684 1.9 71 38 3 27 37% 8310 102150 6886 12%
c - 1247.75 143 46 93 718 53955 1 12813809 72981 2.1 75 35 3 27 40% 8310 102150 6886 12%
c u 1249.46 146 46 93 718 53956 1 12825790 80554 2.3 77 34 3 27 41% 8315 102150 6886 12%
c v 1250.04 149 46 93 718 53956 1 12825790 76190 2.3 77 34 3 27 41% 8315 102150 6886 12%
c w 1251.07 163 46 93 718 53956 1 12825790 76139 2.3 77 34 3 27 41% 8315 102150 6886 12%
c t 1251.08 163 46 93 718 53956 1 12825790 76139 2.3 77 34 3 27 41% 8307 102150 6886 12%
c
c  seconds     switched      rate            size/glue  tier1     binary         remaining
c           MB   reductions     conflicts          size   tier2      irredundant
c            level     restarts         redundant     glue    trail         variables
c
c - 1251.96 171 48 93 719 53956 1 12840604 70915 2.3 78 34 3 27 41% 8307 102150 6886 12%
c - 1253.67 175 51 93 720 53956 1 12867418 64191 2.2 81 36 2 27 40% 8307 102150 6886 12%
c - 1255.54 178 52 93 721 53961 1 12894252 59682 2.3 83 37 3 27 40% 8307 102150 6886 12%
c - 1257.29 181 56 93 722 53971 1 12921104 59046 2.2 84 39 2 27 39% 8307 102150 6886 12%
c - 1259.22 134 58 93 723 53986 1 12947974 55718 2.0 85 42 2 27 39% 8307 102150 6886 12%
c ] 1259.71 134 59 94 723 53987 1 12955110 62215 2.0 85 42 2 27 39% 8307 102150 6886 12%
c { 1259.71 134 60 94 723 53987 2 12955110 62215 2.3 56 24 3 14 52% 8307 102150 6886 12%
c - 1261.23 158 62 94 724 54063 2 12974863 64893 2.4 57 24 3 14 52% 8307 102150 6886 12%
c - 1263.15 182 61 94 725 54138 2 13001770 79165 2.6 58 22 2 14 52% 8307 102150 6886 12%
c - 1265.40 223 58 94 726 54213 2 13028696 86308 2.7 58 21 2 14 52% 8307 102150 6886 12%
c - 1267.92 275 57 94 727 54355 2 13055640 89043 2.8 58 21 2 14 52% 8307 102150 6886 12%
c - 1270.10 293 57 94 728 54468 2 13082602 91116 2.8 57 20 2 14 52% 8307 102150 6886 12%
c - 1272.47 356 57 94 729 54612 2 13109583 93543 2.9 57 20 2 14 52% 8307 102150 6886 12%
c - 1274.64 373 57 94 730 54767 2 13136584 95337 2.9 56 19 2 14 51% 8307 102150 6886 12%
c - 1277.13 369 57 94 731 54942 2 13163602 96673 3.0 57 19 2 14 51% 8307 102150 6886 12%
c - 1279.82 298 58 94 732 55177 2 13190639 96745 2.9 56 19 2 14 50% 8307 102150 6886 12%
c u 1281.11 297 57 94 732 55219 2 13198291 101093 2.9 56 19 2 14 50% 8309 102150 6886 12%
c v 1281.77 301 57 94 732 55219 2 13198291 99541 2.9 56 19 2 14 50% 8309 102150 6886 12%
c w 1282.07 304 57 94 732 55219 2 13198291 99524 2.9 56 19 2 14 50% 8309 102150 6886 12%
c x 1282.56 295 57 94 732 55219 2 13198291 99514 2.9 56 19 2 14 50% 8330 102086 6886 12%
c
c  seconds     switched      rate            size/glue  tier1     binary         remaining
c           MB   reductions     conflicts          size   tier2      irredundant
c            level     restarts         redundant     glue    trail         variables
c
c t 1282.57 295 57 94 732 55219 2 13198291 99514 2.9 56 19 2 14 50% 8326 102086 6886 12%
c - 1284.64 300 58 94 733 55382 2 13217694 93025 2.9 56 19 2 14 51% 8326 102086 6886 12%
c - 1287.27 296 58 94 734 55598 2 13244767 94819 2.9 55 19 2 14 51% 8326 102086 6886 12%
c - 1290.07 181 58 94 735 55839 2 13271859 95295 2.9 56 19 2 14 50% 8326 102086 6886 12%
c o 1291.11 179 58 94 735 55915 2 13282666 105859 2.9 56 19 2 14 50% 8326 102086 6886 12%
c - 1292.69 184 59 94 736 56046 2 13298969 96231 2.9 56 19 2 14 50% 8327 102086 6886 12%
c - 1295.33 184 59 94 737 56216 2 13326099 97797 2.9 56 19 2 14 51% 8327 102086 6886 12%
c s 1297.98 185 58 94 737 56421 2 13352954 123952 3.0 57 19 2 14 51% 8329 102066 6886 12%
c e 1297.99 185 58 94 737 56421 2 13352954 123952 3.0 57 19 2 14 51% 8317 102125 6883 12%
c s 1297.99 185 58 94 737 56421 2 13352954 123952 3.0 57 19 2 14 51% 8317 102116 6883 12%
c - 1298.05 186 58 94 738 56421 2 13353247 98662 3.0 57 19 2 14 50% 8317 102116 6883 12%
c - 1300.97 102 59 94 739 56645 2 13380414 99097 2.9 57 19 2 14 51% 8318 102116 6883 12%
c } 1302.27 101 58 95 739 56762 2 13394096 112363 2.9 56 19 2 14 51% 8318 102116 6883 12%
c [ 1302.27 101 59 95 739 56762 1 13394096 112363 2.0 85 42 2 27 39% 8318 102116 6883 12%
c B 1302.27 101 59 95 739 56762 1 13394096 112363 2.0 85 42 2 27 39% 8318 102116 6883 12%
c - 1303.08 104 59 95 740 56770 1 13407598 94423 2.0 84 41 2 27 39% 8318 102116 6883 12%
c - 1304.90 101 58 95 741 56782 1 13434803 80441 2.0 83 41 2 27 39% 8318 102116 6883 12%
c - 1306.92 101 55 95 742 56792 1 13462026 71130 2.1 79 38 2 27 39% 8318 102116 6883 12%
c - 1308.96 101 56 95 743 56800 1 13489269 69403 2.1 81 39 2 27 39% 8318 102116 6883 12%
c - 1310.97 101 59 95 744 56813 1 13516528 62783 2.0 83 42 2 27 39% 8318 102116 6883 12%
c
c  seconds    switched      rate            size/glue  tier1     binary         remaining
c          MB   reductions     conflicts          size   tier2      irredundant
c           level     restarts         redundant     glue    trail         variables
c
c - 1312.99 86 61 95 745 56823 1 13543805 59120 1.9 84 44 2 27 39% 8318 102116 6883 12%
c - 1315.01 94 59 95 746 56824 1 13571099 60953 1.9 83 43 2 27 39% 8318 102116 6883 12%
c u 1315.93 93 58 95 746 56824 1 13576619 61057 1.9 82 42 2 27 39% 8323 102116 6883 12%
c v 1316.18 94 58 95 746 56824 1 13576619 55574 1.9 82 42 2 27 39% 8323 102116 6883 12%
c w 1317.52 98 58 95 746 56824 1 13576619 53872 1.9 82 42 2 27 39% 8323 102116 6883 12%
c t 1317.53 98 58 95 746 56824 1 13576619 53872 1.9 82 42 2 27 39% 8322 102116 6883 12%
c f 1317.53 98 58 95 746 56824 1 13576619 53872 1.9 82 42 2 27 39% 8325 102078 6885 12%
c u 1317.95 99 58 95 746 56824 1 13576619 53226 1.9 82 42 2 27 39% 8326 102078 6885 12%
c v 1318.07 99 58 95 746 56824 1 13576619 51910 1.9 82 42 2 27 39% 8326 102078 6885 12%
c w 1319.27 100 58 95 746 56824 1 13576619 49372 1.9 82 42 2 27 39% 8326 102078 6885 12%
c - 1320.87 108 54 95 747 56830 1 13598412 52761 2.0 80 40 2 27 39% 8326 102078 6885 12%
c - 1323.08 109 52 95 748 56841 1 13625746 58436 2.0 78 39 2 27 40% 8326 102078 6885 12%
c - 1325.15 113 53 95 749 56854 1 13653096 60331 2.0 80 39 2 27 40% 8326 102078 6885 12%
c - 1327.54 110 53 95 750 56861 1 13680465 58102 2.0 79 40 2 27 39% 8326 102078 6885 12%
c - 1329.67 108 52 95 751 56873 1 13707851 57789 2.0 78 39 2 27 39% 8326 102078 6885 12%
c - 1331.54 113 51 95 752 56885 1 13735255 59489 2.0 78 39 2 27 39% 8326 102078 6885 12%
c - 1333.52 113 51 95 753 56887 1 13762679 59048 2.0 77 38 2 27 39% 8326 102078 6885 12%
c W 1334.57 110 50 95 753 56887 1 13777266 70688 2.0 76 38 2 27 39% 8326 102078 6885 12%
c - 1335.55 114 49 95 754 56888 1 13790121 59774 2.0 75 37 2 27 39% 8326 102078 6885 12%
c - 1337.41 117 46 95 755 56888 1 13817581 66545 2.1 75 35 2 27 39% 8326 102078 6885 12%
c
c  seconds     switched      rate            size/glue  tier1     binary         remaining
c           MB   reductions     conflicts          size   tier2      irredundant
c            level     restarts         redundant     glue    trail         variables
c
c - 1339.58 118 46 95 756 56888 1 13845059 69238 2.2 76 34 2 27 39% 8326 102078 6885 12%
c - 1341.89 114 45 95 757 56901 1 13872555 66914 2.3 78 34 3 27 39% 8326 102078 6885 12%
c o 1341.99 115 45 95 757 56902 1 13873966 68077 2.3 78 34 3 27 39% 8326 102078 6885 12%
c ] 1342.71 117 49 96 757 56903 1 13880876 74280 2.2 80 36 3 27 40% 8326 102078 6885 12%
c { 1342.71 117 58 96 757 56903 2 13880876 74280 2.9 56 19 2 14 51% 8326 102078 6885 12%
c - 1344.29 120 64 96 758 57151 2 13900071 72112 2.8 57 20 2 14 50% 8327 102078 6885 12%
c - 1346.58 120 69 96 759 57432 3 13927603 77588 2.7 57 21 2 14 49% 8330 102078 6885 12%
c - 1349.25 118 67 96 760 57686 3 13955153 83955 2.7 59 22 2 14 51% 8331 102078 6885 12%
c u 1350.32 116 69 96 760 57755 3 13960773 87531 2.7 59 22 2 14 51% 8336 102078 6885 12%
c v 1351.52 121 69 96 760 57755 3 13960773 82928 2.7 59 22 2 14 51% 8336 102078 6885 12%
c w 1351.93 126 69 96 760 57755 3 13960773 82903 2.7 59 22 2 14 51% 8336 102078 6885 12%
c t 1351.94 126 69 96 760 57755 3 13960773 82903 2.7 59 22 2 14 51% 8332 102078 6885 12%
c - 1354.05 120 68 96 761 57941 3 13982721 82462 2.6 59 22 2 14 52% 8336 102078 6885 12%
c - 1356.39 119 67 96 762 58105 2 14010309 87769 2.7 59 22 2 14 52% 8337 102078 6885 12%
c - 1358.93 115 64 96 763 58251 2 14037918 92028 2.7 60 22 2 14 53% 8339 102078 6885 12%
c - 1361.83 122 66 96 764 58520 2 14065542 92336 2.7 60 22 2 14 53% 8339 102078 6885 12%
c - 1364.87 121 67 96 765 58774 2 14093183 91716 2.6 60 23 2 14 53% 8342 102078 6885 12%
c - 1367.99 119 65 96 766 58978 2 14120841 93025 2.6 60 23 2 14 54% 8342 102078 6885 12%
c - 1371.02 121 64 96 767 59145 2 14148518 95311 2.6 61 23 2 14 54% 8342 102078 6885 12%
c - 1373.69 120 63 96 768 59326 2 14176212 97177 2.7 62 23 2 14 54% 8342 102078 6885 12%
c
c  seconds     switched      rate            size/glue  tier1     binary         remaining
c           MB   reductions     conflicts          size   tier2      irredundant
c            level     restarts         redundant     glue    trail         variables
c
c - 1376.61 121 62 96 769 59532 2 14203926 97099 2.6 61 23 2 14 54% 8342 102078 6885 12%
c - 1379.46 122 62 96 770 59722 2 14231656 97112 2.6 61 23 2 14 54% 8343 102078 6885 12%
c - 1382.45 121 60 96 771 59909 2 14259406 97495 2.6 60 23 2 14 54% 8343 102078 6885 12%
c - 1385.41 121 58 96 772 60059 2 14287172 98779 2.6 60 23 2 14 55% 8344 102078 6885 12%
c - 1388.28 124 56 96 773 60151 2 14314958 101270 2.7 62 23 2 14 56% 8344 102078 6885 12%
c } 1390.74 123 55 97 773 60321 2 14337140 121714 2.7 61 23 2 14 56% 8344 102078 6885 12%
c [ 1390.74 123 49 97 773 60321 1 14337140 121714 2.2 80 36 3 27 40% 8344 102078 6885 12%
c I 1390.74 123 49 97 773 60321 1 14337140 121714 2.2 80 36 3 27 40% 8344 102078 6885 12%
c - 1391.24 122 53 97 774 60325 1 14342760 100379 2.2 81 37 2 27 40% 8344 102078 6885 12%
c u 1392.41 121 56 97 774 60329 1 14350781 103164 2.1 80 38 2 27 41% 8347 102078 6885 12%
c v 1393.88 126 56 97 774 60329 1 14350781 98762 2.1 80 38 2 27 41% 8347 102078 6885 12%
c w 1394.44 132 56 97 774 60329 1 14350781 98718 2.1 80 38 2 27 41% 8347 102078 6885 12%
c t 1394.46 132 56 97 774 60329 1 14350781 98718 2.1 80 38 2 27 41% 8346 102078 6885 12%
c - 1395.81 123 59 97 775 60336 1 14370582 82913 2.1 77 38 2 27 42% 8346 102078 6885 12%
c s 1397.95 123 60 97 775 60349 1 14393727 104239 2.0 75 37 2 27 43% 8346 102075 6885 12%
c e 1397.95 123 60 97 775 60349 1 14393727 104239 2.0 75 37 2 27 43% 8343 102108 6883 12%
c s 1397.95 123 60 97 775 60349 1 14393727 104239 2.0 75 37 2 27 43% 8343 102104 6883 12%
c o 1397.97 130 60 97 775 60349 1 14393727 103803 2.0 75 37 2 27 43% 8343 102104 6883 12%
c - 1398.29 131 63 97 776 60350 1 14398422 68964 1.9 75 39 2 27 43% 8343 102104 6883 12%
c - 1400.19 131 73 97 777 60357 1 14426281 62447 1.7 78 46 2 27 39% 8343 102104 6883 12%
c
c  seconds     switched      rate            size/glue  tier1     binary         remaining
c           MB   reductions     conflicts          size   tier2      irredundant
c            level     restarts         redundant     glue    trail         variables
c
c - 1402.04 141 79 97 778 60368 1 14454156 58911 1.6 79 48 2 27 41% 8344 102104 6883 12%
c - 1404.48 152 78 97 779 60381 1 14482050 60673 1.7 80 48 2 27 44% 8344 102104 6883 12%
c - 1407.04 170 76 97 780 60383 1 14509960 59186 1.6 79 48 2 27 45% 8344 102104 6883 12%
c - 1409.87 190 75 97 781 60386 1 14537888 56373 1.6 80 50 2 27 46% 8344 102104 6883 12%
c - 1412.61 208 74 97 782 60398 1 14565834 57083 1.6 80 50 2 27 47% 8344 102104 6883 12%
c - 1415.45 227 70 97 783 60413 1 14593800 60665 1.7 81 48 2 27 49% 8344 102104 6883 12%
c - 1418.65 190 66 97 784 60419 1 14621784 63200 1.7 79 46 2 27 51% 8344 102104 6883 12%
c - 1421.76 195 66 97 785 60430 1 14649786 64318 1.7 79 46 2 27 52% 8344 102104 6883 12%
c - 1424.06 206 64 97 786 60444 1 14677805 68196 1.8 77 43 2 27 50% 8344 102104 6883 12%
c - 1426.76 207 72 97 787 60446 1 14705841 64969 1.7 79 47 2 27 47% 8344 102104 6883 12%
c - 1429.48 125 80 97 788 60447 1 14733894 58554 1.5 82 54 3 27 45% 8344 102104 6883 12%
c B 1430.09 123 82 97 788 60447 1 14740795 64888 1.5 82 55 3 27 44% 8344 102104 6883 12%
c u 1431.14 126 84 97 788 60447 1 14746639 67415 1.5 83 55 3 27 44% 8347 102104 6883 12%
c v 1431.49 128 84 97 788 60447 1 14746639 61308 1.5 83 55 3 27 44% 8348 102104 6883 12%
c w 1433.34 138 84 97 788 60447 1 14746639 59997 1.5 83 55 3 27 44% 8348 102104 6883 12%
c t 1433.35 138 84 97 788 60447 1 14746639 59997 1.5 83 55 3 27 44% 8345 102104 6883 12%
c f 1433.35 138 84 97 788 60447 1 14746639 59997 1.5 83 55 3 27 44% 8347 102084 6884 12%
c u 1433.81 147 84 97 788 60447 1 14746639 59553 1.5 83 55 3 27 44% 8349 102084 6884 12%
c v 1434.01 147 84 97 788 60447 1 14746639 57850 1.5 83 55 3 27 44% 8349 102084 6884 12%
c w 1436.12 153 84 97 788 60447 1 14746639 55780 1.5 83 55 3 27 44% 8349 102084 6884 12%
c
c  seconds     switched      rate            size/glue  tier1     binary         remaining
c           MB   reductions     conflicts          size   tier2      irredundant
c            level     restarts         redundant     glue    trail         variables
c
c - 1437.83 143 86 97 789 60447 1 14761965 48777 1.5 84 56 3 27 44% 8349 102084 6884 12%
c ] 1439.07 146 86 98 789 60447 1 14773053 59374 1.5 84 56 3 27 44% 8349 102084 6884 12%
c { 1439.07 146 55 98 789 60447 2 14773053 59374 2.7 61 23 2 14 56% 8349 102084 6884 12%
c - 1440.39 100 51 98 790 60449 2 14790054 63089 2.8 62 22 2 14 56% 8349 102084 6884 12%
c - 1442.86 102 44 98 791 60449 2 14818160 84814 3.1 64 20 2 14 57% 8349 102084 6884 12%
c - 1445.79 113 39 98 792 60449 2 14846284 98036 3.3 65 20 2 14 57% 8349 102084 6884 12%
c - 1448.85 113 36 98 793 60451 1 14874426 104394 3.4 65 19 2 14 56% 8349 102084 6884 12%
c - 1450.76 118 33 98 794 60452 1 14902586 106991 3.8 67 18 2 14 52% 8349 102084 6884 12%
c - 1452.95 119 30 98 795 60454 1 14930764 101454 4.0 66 16 2 14 54% 8349 102084 6884 12%
c - 1455.51 117 28 98 796 60459 1 14958959 100603 4.2 67 16 2 14 56% 8349 102084 6884 12%
c - 1458.40 115 26 98 797 60462 1 14987175 101819 4.5 70 15 2 14 57% 8349 102084 6884 12%
c o 1458.56 115 26 98 797 60463 1 14988761 103356 4.5 70 15 2 14 57% 8349 102084 6884 12%
c - 1460.65 119 25 98 798 60477 1 15015406 105470 4.6 68 15 2 14 56% 8350 102084 6884 12%
c - 1462.34 119 25 98 799 60485 1 15043655 103723 4.6 65 14 2 14 52% 8352 102084 6884 12%
c - 1463.92 116 23 98 800 60486 1 15071921 102384 4.7 63 13 2 14 50% 8352 102084 6884 12%
c - 1465.64 114 23 98 801 60510 1 15100207 102792 4.7 61 13 2 14 49% 8353 102084 6884 12%
c - 1466.97 117 24 98 802 60524 1 15128508 104809 4.7 57 12 2 14 45% 8359 102084 6884 12%
c u 1468.74 114 25 98 802 60560 1 15148375 120936 4.9 59 12 2 14 44% 8376 102084 6884 12%
c v 1470.35 131 25 98 802 60560 1 15148375 120840 4.9 59 12 2 14 44% 8376 102084 6884 12%
c w 1470.82 133 25 98 802 60560 1 15148375 120824 4.9 59 12 2 14 44% 8376 102084 6884 12%
c
c  seconds     switched      rate             size/glue  tier1     binary         remaining
c           MB   reductions     conflicts           size   tier2      irredundant
c            level     restarts         redundant      glue    trail         variables
c
c t 1470.83 133 25 98 802 60560 1 15148375 120824 4.9 59 12 2 14 44% 8370 102084 6884 12%
c - 1471.51 119 25 98 803 60599 1 15156827 100601 4.9 58 12 2 14 45% 8372 102084 6884 12%
c i 1472.42 117 25 98 803 60635 1 15173540 116963 4.8 56 12 2 14 44% 8382 102084 6882 12%
c i 1472.70 117 26 98 803 60666 1 15177913 121235 4.8 55 12 2 14 43% 8383 102084 6881 12%
c - 1473.04 118 26 98 804 60671 1 15185165 102369 4.8 55 11 2 14 43% 8368 102084 6881 12%
c i 1473.05 111 25 98 804 60671 1 15186328 103346 4.8 54 11 2 14 42% 8379 102084 6878 12%
c i 1473.38 113 25 98 804 60703 1 15191544 108438 4.7 54 11 2 14 42% 8383 102084 6877 12%
c - 1474.78 115 26 98 805 60801 1 15213519 101888 4.6 51 11 2 14 42% 8366 102083 6877 12%
c i 1475.17 117 27 98 805 60832 1 15222952 110958 4.5 49 11 2 14 41% 8381 102082 6875 12%
c - 1476.30 119 26 98 806 60939 1 15241892 102396 4.5 48 11 2 14 40% 8373 102082 6875 12%
c } 1476.59 117 26 99 806 60975 1 15246887 107287 4.6 48 11 2 14 40% 8373 102082 6875 12%
c [ 1476.59 117 86 99 806 60975 1 15246887 107287 1.5 84 56 3 27 44% 8373 102082 6875 12%
c W 1476.76 129 86 99 806 60975 1 15246887 107287 1.5 84 56 3 27 44% 8373 101968 6875 12%
c - 1479.08 135 83 99 807 60988 1 15270282 91553 1.6 83 53 2 27 45% 8373 101968 6875 12%
c - 1482.07 138 77 99 808 61002 1 15298690 75777 1.7 82 49 2 27 47% 8373 101968 6875 12%
c - 1484.92 137 75 99 809 61005 1 15327116 69226 1.7 83 48 2 27 49% 8373 101968 6875 12%
c - 1487.93 142 72 99 810 61020 1 15355559 65033 1.8 83 46 2 27 52% 8373 101968 6875 12%
c - 1490.94 145 66 99 811 61034 1 15384019 64575 1.9 81 44 2 27 54% 8373 101968 6875 12%
c - 1493.77 149 63 99 812 61037 1 15412497 65983 1.9 80 42 2 27 55% 8373 101968 6875 12%
c - 1496.92 124 63 99 813 61037 1 15440992 64158 1.9 81 43 2 27 56% 8373 101968 6875 12%
c
c  seconds     switched      rate            size/glue  tier1     binary         remaining
c           MB   reductions     conflicts          size   tier2      irredundant
c            level     restarts         redundant     glue    trail         variables
c
c - 1500.37 128 62 99 814 61052 1 15469505 62419 1.9 82 44 2 27 57% 8373 101968 6875 12%
c s 1501.74 129 62 99 814 61056 1 15480993 72213 1.9 83 44 2 27 57% 8385 101935 6875 12%
c e 1501.75 130 62 99 814 61056 1 15480993 72213 1.9 83 44 2 27 57% 8357 102049 6867 12%
c s 1501.75 130 62 99 814 61056 1 15480993 72213 1.9 83 44 2 27 57% 8357 101982 6867 12%
c - 1503.71 140 63 99 815 61066 1 15498035 63727 1.8 82 45 2 27 57% 8357 101982 6867 12%
c - 1507.14 159 63 99 816 61069 1 15526583 64452 1.8 82 45 2 27 58% 8357 101982 6867 12%
c - 1510.71 172 62 99 817 61083 1 15555149 63739 1.8 82 45 2 27 58% 8357 101982 6867 12%
c b 1510.83 172 62 99 817 61083 1 15555990 64419 1.8 82 45 2 27 58% 8369 101970 6864 12%
c u 1511.35 184 62 99 817 61083 1 15555990 60181 1.8 82 45 2 27 58% 8406 101970 6864 12%
c v 1511.69 184 62 99 817 61083 1 15555990 54409 1.8 82 45 2 27 58% 8403 101970 6863 12%
c w 1512.67 189 62 99 817 61083 1 15555990 53974 1.8 82 45 2 27 58% 8403 101970 6863 12%
c x 1513.26 189 62 99 817 61083 1 15555990 53942 1.8 82 45 2 27 58% 8411 101800 6863 12%
c t 1513.26 189 62 99 817 61083 1 15555990 53938 1.8 82 45 2 27 58% 8394 101800 6863 12%
c f 1513.28 189 62 99 817 61083 1 15555990 53938 1.8 82 45 2 27 58% 8395 101782 6864 12%
c u 1513.73 198 62 99 817 61083 1 15555990 53022 1.8 82 45 2 27 58% 8414 101782 6864 12%
c v 1513.93 198 62 99 817 61083 1 15555990 51212 1.8 82 45 2 27 58% 8414 101782 6864 12%
c w 1515.32 200 62 99 817 61083 1 15555990 49468 1.8 82 45 2 27 58% 8414 101782 6864 12%
c t 1515.33 200 62 99 817 61083 1 15555990 49468 1.8 82 45 2 27 58% 8409 101782 6864 12%
c i 1515.34 200 62 99 817 61083 1 15555990 49468 1.8 82 45 2 27 58% 8409 101782 6864 12%
c o 1515.34 200 62 99 817 61083 1 15555990 49468 1.8 82 45 2 27 58% 8409 101782 6864 12%
c
c  seconds     switched       rate            size/glue  tier1     binary         remaining
c           MB    reductions     conflicts          size   tier2      irredundant
c            level      restarts         redundant     glue    trail         variables
c
c ] 1516.36 200 69 100 817 61089 1 15565785 58162 1.7 85 49 2 27 58% 8409 101782 6864 12%
c { 1516.36 200 26 100 817 61089 1 15565785 58162 4.6 48 11 2 14 40% 8409 101782 6864 12%
c - 1518.28 200 38 100 818 61414 2 15583732 59512 3.7 50 13 2 14 42% 8389 101782 6864 12%
c - 1521.29 235 51 100 819 61895 2 15612333 71049 3.0 53 17 2 14 45% 8389 101782 6864 12%
c - 1524.76 281 60 100 820 62376 2 15640952 78270 2.7 56 21 2 14 47% 8389 101782 6864 12%
c - 1527.69 263 66 100 821 62687 3 15669587 84401 2.6 57 22 2 14 49% 8389 101782 6864 12%
c - 1530.80 292 71 100 822 63036 3 15698240 89465 2.5 59 23 2 14 50% 8389 101782 6864 12%
c - 1533.98 292 72 100 823 63294 3 15726910 92218 2.5 60 24 2 14 52% 8389 101782 6864 12%
c - 1537.07 293 75 100 824 63558 3 15755598 94634 2.5 61 24 2 14 52% 8389 101782 6864 12%
c - 1540.19 211 75 100 825 63803 3 15784304 95799 2.5 62 25 2 14 53% 8389 101782 6864 12%
c - 1543.42 215 76 100 826 64030 3 15813029 97091 2.5 62 25 2 14 54% 8390 101782 6864 12%
c - 1546.22 214 73 100 827 64179 2 15841769 100144 2.6 62 24 2 14 55% 8390 101782 6864 12%
c - 1549.58 116 74 100 828 64453 3 15870527 101039 2.5 63 25 2 14 56% 8390 101782 6864 12%
c - 1552.85 118 75 100 829 64722 3 15899302 99420 2.5 64 25 2 14 56% 8391 101782 6864 12%
c - 1556.11 118 76 100 830 64937 3 15928094 100641 2.6 64 25 2 14 56% 8391 101782 6864 12%
c - 1558.98 130 74 100 831 65080 2 15956903 103512 2.7 66 24 2 14 57% 8391 101782 6864 12%
c u 1561.17 128 74 100 831 65200 2 15969501 110580 2.7 66 25 2 14 57% 8406 101782 6864 12%
c v 1563.07 133 74 100 831 65200 2 15969501 106082 2.7 66 25 2 14 57% 8406 101782 6864 12%
c w 1563.73 136 74 100 831 65200 2 15969501 106056 2.7 66 25 2 14 57% 8406 101782 6864 12%
c = 1568.81 136 74 100 831 65200 2 15969501 106056 2.7 66 25 2 14 57% 8406 101768 6863 12%
c
c  seconds     switched       rate             size/glue  tier1     binary         remaining
c           MB    reductions     conflicts           size   tier2      irredundant
c            level      restarts         redundant      glue    trail         variables
c
c t 1568.83 136 74 100 831 65200 2 15969501 106051 2.7 66 25 2 14 57% 8404 101767 6863 12%
c u 1569.45 147 74 100 831 65200 2 15969501 105329 2.7 66 25 2 14 57% 8406 101767 6863 12%
c v 1571.30 152 74 100 831 65200 2 15969501 91962 2.7 66 25 2 14 57% 8407 101767 6863 12%
c w 1571.92 157 74 100 831 65200 2 15969501 91924 2.7 66 25 2 14 57% 8407 101767 6863 12%
c t 1571.93 157 74 100 831 65200 2 15969501 91924 2.7 66 25 2 14 57% 8406 101767 6863 12%
c - 1573.60 183 73 100 832 65314 2 15985733 85996 2.7 66 25 2 14 58% 8402 101767 6863 12%
c - 1576.60 194 72 100 833 65496 2 16014577 90145 2.7 65 25 2 14 57% 8402 101767 6863 12%
c - 1579.93 194 71 100 834 65706 2 16043440 93520 2.6 65 25 2 14 58% 8402 101767 6863 12%
c } 1581.55 194 71 101 834 65845 2 16057484 107103 2.6 65 25 2 14 58% 8402 101767 6863 12%
c [ 1581.55 194 69 101 834 65845 1 16057484 107103 1.7 85 49 2 27 58% 8402 101767 6863 12%
c O 1581.55 194 69 101 834 65845 1 16057484 107103 1.7 85 49 2 27 58% 8402 101767 6863 12%
c - 1582.77 192 71 101 835 65854 1 16072320 89934 1.7 86 50 2 27 56% 8402 101767 6863 12%
c - 1584.56 190 69 101 836 65866 1 16101217 77267 1.7 83 48 2 27 51% 8402 101767 6863 12%
c - 1586.55 193 67 101 837 65875 1 16130131 62324 1.7 82 48 2 27 48% 8402 101767 6863 12%
c o 1588.48 192 66 101 837 65887 1 16156980 85051 1.7 81 48 2 27 46% 8402 101767 6863 12%
c - 1588.72 166 67 101 838 65888 1 16159061 57077 1.7 81 48 2 27 46% 8402 101767 6863 12%
c - 1591.66 105 74 101 839 65900 1 16188011 56351 1.6 85 52 2 27 48% 8403 101767 6863 12%
c - 1594.35 109 75 101 840 65906 1 16216976 56039 1.7 87 52 2 27 51% 8403 101767 6863 12%
c - 1597.22 108 77 101 841 65907 1 16245959 56788 1.7 88 53 2 27 53% 8403 101767 6863 12%
c - 1600.28 120 77 101 842 65920 1 16274961 60098 1.7 88 52 2 27 53% 8403 101767 6863 12%
c
c  seconds     switched       rate            size/glue  tier1     binary         remaining
c           MB    reductions     conflicts          size   tier2      irredundant
c            level      restarts         redundant     glue    trail         variables
c
c - 1603.06 116 76 101 843 65933 1 16303978 65788 1.8 87 50 2 27 55% 8403 101767 6863 12%
c - 1606.03 121 75 101 844 65938 1 16333013 65012 1.7 86 49 2 27 57% 8403 101767 6863 12%
c - 1609.10 121 71 101 845 65953 1 16362066 64028 1.8 83 47 2 27 58% 8403 101767 6863 12%
c u 1612.95 118 71 101 845 65966 1 16388910 84434 1.7 83 48 2 27 58% 8407 101767 6863 12%
c v 1613.56 121 71 101 845 65966 1 16388910 78261 1.7 83 48 2 27 58% 8407 101767 6863 12%
c w 1615.42 137 71 101 845 65966 1 16388910 74183 1.7 83 48 2 27 58% 8407 101767 6863 12%
c t 1615.43 137 71 101 845 65966 1 16388910 74183 1.7 83 48 2 27 58% 8405 101767 6863 12%
c - 1615.72 117 71 101 846 65967 1 16391134 56048 1.7 83 48 2 27 58% 8405 101767 6863 12%
c - 1618.59 120 69 101 847 65970 1 16420220 57818 1.7 81 48 2 27 59% 8405 101767 6863 12%
c - 1621.54 119 66 101 848 65970 1 16449323 59872 1.7 80 47 2 27 60% 8405 101767 6863 12%
c - 1624.54 119 64 101 849 65971 1 16478444 61898 1.7 79 46 2 27 61% 8405 101767 6863 12%
c B 1625.99 119 63 101 849 65971 1 16492589 73476 1.7 78 46 2 27 61% 8405 101767 6863 12%
c - 1627.65 122 62 101 850 65971 1 16507581 63889 1.7 78 45 2 27 61% 8405 101767 6863 12%
c - 1630.82 122 62 101 851 65984 1 16536736 64888 1.7 79 45 2 27 61% 8405 101767 6863 12%
c - 1633.84 121 60 101 852 65996 1 16565907 66526 1.8 78 43 2 27 62% 8405 101767 6863 12%
c - 1637.04 121 54 101 853 66002 1 16595098 69225 1.9 74 39 2 27 62% 8405 101767 6863 12%
c ] 1638.92 120 52 102 853 66010 1 16612444 83961 1.9 73 38 2 27 62% 8405 101767 6863 12%
c { 1638.92 120 71 102 853 66010 2 16612444 83961 2.6 65 25 2 14 58% 8405 101767 6863 12%
c s 1639.14 120 71 102 853 66021 2 16615341 86709 2.6 65 25 2 14 57% 8405 101707 6863 12%
c e 1639.17 120 71 102 853 66021 2 16615341 86709 2.6 65 25 2 14 57% 8369 101920 6847 12%
c
c  seconds     switched       rate            size/glue  tier1     binary         remaining
c           MB    reductions     conflicts          size   tier2      irredundant
c            level      restarts         redundant     glue    trail         variables
c
c s 1639.17 120 71 102 853 66021 2 16615341 86709 2.6 65 25 2 14 57% 8369 101840 6847 12%
c - 1639.76 132 71 102 854 66032 2 16624305 76576 2.7 64 24 2 14 56% 8369 101840 6847 12%
c - 1641.77 130 68 102 855 66041 2 16653530 88839 2.6 56 21 2 14 49% 8370 101840 6847 12%
c - 1643.58 134 69 102 856 66071 2 16682770 96129 2.6 51 20 2 14 45% 8372 101840 6847 12%
c - 1645.61 100 64 102 857 66086 2 16712028 99966 2.7 48 18 2 14 43% 8373 101840 6847 12%
c o 1645.68 100 64 102 857 66088 2 16713038 100954 2.7 48 18 2 14 43% 8373 101840 6847 12%
c - 1647.48 101 63 102 858 66138 2 16741302 103269 2.7 45 17 2 14 41% 8374 101840 6847 12%
c - 1649.22 101 59 102 859 66172 2 16770593 104924 2.7 41 15 2 14 37% 8377 101840 6847 12%
c i 1649.22 94 59 102 859 66172 2 16770744 105027 2.7 41 15 2 14 37% 8379 101840 6846 12%
c - 1650.94 103 58 102 860 66246 2 16799903 106844 2.7 39 14 2 14 36% 8373 101840 6846 12%
c u 1652.75 99 60 102 860 66338 2 16814247 114188 2.7 38 14 2 14 36% 8387 101829 6846 12%
c v 1653.85 105 60 102 860 66338 2 16814247 113005 2.7 38 14 2 14 36% 8387 101829 6846 12%
c w 1654.28 105 60 102 860 66338 2 16814247 112692 2.7 38 14 2 14 36% 8387 101829 6846 12%
c t 1654.29 105 60 102 860 66338 2 16814247 112692 2.7 38 14 2 14 36% 8381 101829 6846 12%
c f 1654.31 105 60 102 860 66338 2 16814247 112692 2.7 38 14 2 14 36% 8384 101770 6849 12%
c u 1655.05 118 60 102 860 66338 2 16814247 111549 2.7 38 14 2 14 36% 8387 101770 6849 12%
c v 1656.30 121 60 102 860 66338 2 16814247 109551 2.7 38 14 2 14 36% 8387 101770 6849 12%
c w 1656.72 122 60 102 860 66338 2 16814247 109291 2.7 38 14 2 14 36% 8387 101770 6849 12%
c t 1656.73 122 60 102 860 66338 2 16814247 109291 2.7 38 14 2 14 36% 8384 101770 6849 12%
c - 1657.83 119 63 102 861 66435 2 16829229 99014 2.7 37 14 2 14 36% 8387 101770 6849 12%
c
c  seconds     switched       rate             size/glue  tier1     binary         remaining
c           MB    reductions     conflicts           size   tier2      irredundant
c            level      restarts         redundant      glue    trail         variables
c
c - 1659.68 118 64 102 862 66591 2 16858571 102055 2.6 35 13 2 14 35% 8388 101770 6849 12%
c - 1661.75 120 67 102 863 66809 3 16887931 104873 2.6 34 13 2 14 35% 8389 101770 6849 12%
c - 1663.81 119 69 102 864 67020 3 16917307 106913 2.6 34 13 2 14 35% 8390 101770 6849 12%
c - 1665.82 119 69 102 865 67216 3 16946701 108509 2.6 33 13 2 14 34% 8392 101770 6849 12%
c - 1667.76 119 69 102 866 67429 3 16976111 109601 2.5 32 13 2 14 33% 8395 101770 6849 12%
c - 1669.85 118 70 102 867 67672 3 17005538 111258 2.5 31 13 2 14 33% 8399 101770 6849 12%
c - 1671.95 119 70 102 868 67943 3 17034982 113085 2.4 31 13 2 14 33% 8401 101770 6849 12%
c - 1673.92 120 70 102 869 68166 3 17064444 114399 2.4 30 13 2 14 33% 8405 101770 6849 12%
c - 1676.00 120 70 102 870 68395 3 17093922 115987 2.4 30 13 2 14 32% 8406 101770 6849 12%
c } 1677.77 86 69 103 870 68577 3 17122296 142970 2.4 30 12 2 14 32% 8411 101770 6849 12%
c [ 1677.77 86 52 103 870 68577 1 17122296 142970 1.9 73 38 2 27 62% 8411 101770 6849 12%
c W 1677.86 100 52 103 870 68577 1 17122296 142970 1.9 73 38 2 27 62% 8411 101770 6849 12%
c - 1677.97 101 52 103 871 68578 1 17123421 117378 1.9 73 38 2 27 62% 8411 101770 6849 12%
c - 1680.80 108 50 103 872 68591 1 17152933 105163 2.0 72 36 2 27 59% 8411 101770 6849 12%
c - 1683.56 109 48 103 873 68606 1 17182462 89957 2.0 70 34 2 27 56% 8411 101770 6849 12%
c - 1686.31 112 47 103 874 68613 1 17212008 84007 2.0 69 34 2 27 54% 8411 101770 6849 12%
c - 1689.44 116 46 103 875 68626 1 17241571 80808 2.0 67 34 2 27 52% 8411 101770 6849 12%
c u 1690.70 122 46 103 875 68629 1 17245511 74103 2.0 67 34 2 27 52% 8435 101770 6849 12%
c v 1691.14 123 46 103 875 68629 1 17245511 68279 2.0 67 34 2 27 52% 8445 101770 6849 12%
c w 1692.38 141 46 103 875 68629 1 17245511 67481 2.0 67 34 2 27 52% 8445 101770 6849 12%
c
c  seconds     switched       rate            size/glue  tier1     binary         remaining
c           MB    reductions     conflicts          size   tier2      irredundant
c            level      restarts         redundant     glue    trail         variables
c
c t 1692.39 141 46 103 875 68629 1 17245511 67481 2.0 67 34 2 27 52% 8426 101770 6849 12%
c - 1695.19 153 47 103 876 68638 1 17271151 70240 1.9 67 34 2 27 50% 8426 101770 6849 12%
c - 1698.42 157 49 103 877 68639 1 17300748 70395 1.9 69 36 2 27 48% 8426 101770 6849 12%
c o 1701.63 161 49 103 877 68645 1 17325339 92115 2.0 71 36 2 27 47% 8426 101770 6849 12%
c - 1702.12 162 51 103 878 68646 1 17330364 67857 1.9 73 37 2 27 48% 8426 101770 6849 12%
c - 1705.17 168 59 103 879 68660 1 17359995 69422 1.9 79 41 2 27 50% 8426 101770 6849 12%
c - 1708.40 172 53 103 880 68670 1 17389643 71939 2.1 77 38 2 27 53% 8426 101770 6849 12%
c - 1711.68 142 51 103 881 68682 1 17419309 78765 2.2 77 36 2 27 53% 8426 101770 6849 12%
c - 1715.40 148 50 103 882 68695 1 17448991 79034 2.1 76 35 2 27 55% 8426 101770 6849 12%
c ] 1717.99 150 48 104 882 68701 1 17469612 96553 2.2 74 34 2 27 56% 8426 101770 6849 12%
c { 1717.99 150 69 104 882 68701 3 17469612 96553 2.4 30 12 2 14 32% 8426 101770 6849 12%
c - 1719.23 168 71 104 883 68864 3 17478689 79150 2.4 32 14 2 14 34% 8426 101770 6849 12%
c - 1722.15 152 75 104 884 69330 3 17508404 90831 2.3 37 16 2 14 38% 8426 101770 6849 12%
c - 1725.22 190 79 104 885 69766 3 17538139 96922 2.3 41 18 2 14 40% 8427 101770 6849 12%
c - 1728.27 229 81 104 886 70081 3 17567888 102184 2.4 45 19 2 14 43% 8427 101770 6849 12%
c - 1731.59 262 82 104 887 70442 3 17597653 105543 2.4 48 20 2 14 45% 8428 101770 6849 12%
c - 1734.81 233 79 104 888 70693 3 17627435 107450 2.5 51 20 2 14 46% 8429 101770 6849 12%
c - 1738.04 253 77 104 889 70962 3 17657235 109791 2.5 53 21 2 14 48% 8429 101770 6849 12%
c u 1741.79 252 79 104 889 71215 3 17682730 128545 2.5 54 21 2 14 49% 8458 101770 6849 12%
c v 1743.56 257 79 104 889 71215 3 17682730 123166 2.5 54 21 2 14 49% 8458 101770 6849 12%
c
c  seconds     switched       rate             size/glue  tier1     binary         remaining
c           MB    reductions     conflicts           size   tier2      irredundant
c            level      restarts         redundant      glue    trail         variables
c
c w 1744.24 261 79 104 889 71215 3 17682730 123144 2.5 54 21 2 14 49% 8458 101770 6849 12%
c t 1744.26 188 79 104 889 71215 3 17682730 123144 2.5 54 21 2 14 49% 8437 101770 6849 12%
c - 1744.71 174 79 104 890 71246 3 17687051 100881 2.5 54 21 2 14 49% 8437 101770 6849 12%
c - 1747.50 180 79 104 891 71470 3 17716886 103565 2.6 54 21 2 14 49% 8437 101770 6849 12%
c - 1750.32 180 79 104 892 71709 3 17746735 106454 2.6 55 21 2 14 49% 8437 101770 6849 12%
c - 1753.57 176 79 104 893 71987 3 17776605 107582 2.6 56 22 2 14 50% 8437 101770 6849 12%
c s 1755.68 100 77 104 893 72153 3 17797370 127271 2.6 56 22 2 14 50% 8438 101744 6849 12%
c e 1755.70 100 77 104 893 72153 3 17797370 127271 2.6 56 22 2 14 50% 8421 101850 6842 12%
c s 1755.70 100 77 104 893 72153 3 17797370 127271 2.6 56 22 2 14 50% 8421 101823 6842 12%
c - 1756.73 115 76 104 894 72238 3 17806489 107649 2.6 56 22 2 14 50% 8421 101823 6842 12%
c - 1760.00 119 76 104 895 72482 3 17836390 109093 2.6 57 22 2 14 51% 8422 101823 6842 12%
c - 1763.41 119 76 104 896 72776 3 17866307 109146 2.6 58 22 2 14 51% 8422 101823 6842 12%
c o 1766.61 118 73 104 896 72983 3 17895799 137497 2.6 58 22 2 14 52% 8422 101823 6842 12%
c - 1766.69 119 74 104 897 72989 3 17896240 109717 2.6 58 22 2 14 51% 8422 101823 6842 12%
c - 1770.09 119 73 104 898 73227 3 17926190 110869 2.6 59 22 2 14 52% 8422 101823 6842 12%
c - 1773.49 120 72 104 899 73453 3 17956156 111295 2.6 59 22 2 14 52% 8424 101823 6842 12%
c - 1776.22 119 69 104 900 73567 2 17986139 113810 2.7 59 22 2 14 52% 8424 101823 6842 12%
c } 1777.69 118 70 105 900 73686 2 17997908 125214 2.7 59 22 2 14 52% 8424 101823 6842 12%
c [ 1777.69 118 48 105 900 73686 1 17997908 125214 2.2 74 34 2 27 56% 8424 101823 6842 12%
c I 1777.69 118 48 105 900 73686 1 17997908 125214 2.2 74 34 2 27 56% 8424 101823 6842 12%
c
c  seconds     switched       rate             size/glue  tier1     binary         remaining
c           MB    reductions     conflicts           size   tier2      irredundant
c            level      restarts         redundant      glue    trail         variables
c
c - 1779.67 119 51 105 901 73697 1 18016139 105150 2.1 77 36 2 27 56% 8424 101823 6842 12%
c - 1782.90 118 55 105 902 73710 1 18046155 86516 2.1 80 38 2 27 57% 8424 101823 6842 12%
c - 1786.46 121 55 105 903 73716 1 18076190 74511 2.1 80 39 2 27 58% 8424 101823 6842 12%
c - 1789.82 116 58 105 904 73731 1 18106240 72437 2.0 80 40 2 27 56% 8424 101823 6842 12%
c u 1792.58 119 57 105 904 73739 1 18125898 84688 2.0 79 40 2 27 55% 8430 101823 6842 12%
c v 1793.11 120 57 105 904 73739 1 18125898 79652 2.0 79 40 2 27 55% 8431 101823 6842 12%
c w 1794.00 128 57 105 904 73739 1 18125898 78471 2.0 79 40 2 27 55% 8431 101823 6842 12%
c x 1794.66 119 57 105 904 73739 1 18125898 78448 2.0 79 40 2 27 55% 8465 101647 6842 12%
c t 1794.68 119 57 105 904 73739 1 18125898 78448 2.0 79 40 2 27 55% 8455 101647 6842 12%
c f 1794.69 119 57 105 904 73739 1 18125898 78448 2.0 79 40 2 27 55% 8458 101590 6845 12%
c u 1795.40 130 57 105 904 73739 1 18125898 76893 2.0 79 40 2 27 55% 8465 101590 6845 12%
c v 1795.75 130 57 105 904 73739 1 18125898 74890 2.0 79 40 2 27 55% 8465 101590 6845 12%
c w 1798.24 135 57 105 904 73739 1 18125898 74241 2.0 79 40 2 27 55% 8465 101590 6845 12%
c t 1798.25 135 57 105 904 73739 1 18125898 74241 2.0 79 40 2 27 55% 8462 101590 6845 12%
c - 1799.40 133 56 105 905 73745 1 18136306 61483 2.0 78 39 2 27 56% 8462 101590 6845 12%
c - 1803.01 133 55 105 906 73748 1 18166390 65496 2.1 79 38 2 27 56% 8462 101590 6845 12%
c - 1806.68 135 59 105 907 73750 1 18196489 69506 2.1 81 38 2 27 55% 8462 101590 6845 12%
c - 1810.11 90 61 105 908 73763 1 18226607 69770 2.1 81 39 2 27 56% 8462 101590 6845 12%
c - 1813.18 90 60 105 909 73778 1 18256740 67752 2.1 81 40 2 27 57% 8462 101590 6845 12%
c - 1816.47 93 58 105 910 73786 1 18286890 66208 2.0 81 40 2 27 58% 8462 101590 6845 12%
c
c  seconds    switched       rate            size/glue  tier1     binary         remaining
c          MB    reductions     conflicts          size   tier2      irredundant
c           level      restarts         redundant     glue    trail         variables
c
c - 1820.12 89 57 105 911 73800 1 18317056 66945 2.0 79 39 2 27 59% 8462 101590 6845 12%
c - 1823.34 93 53 105 912 73810 1 18347238 72665 2.1 78 37 2 27 60% 8462 101590 6845 12%
c - 1827.04 93 52 105 913 73811 1 18377439 74257 2.1 77 37 2 27 61% 8462 101590 6845 12%
c - 1831.02 93 51 105 914 73812 1 18407654 72013 2.0 76 37 2 27 61% 8462 101590 6845 12%
c - 1835.07 94 51 105 915 73812 1 18437889 72142 2.0 76 38 2 27 61% 8462 101590 6845 12%
c B 1838.29 92 52 105 915 73818 1 18465297 95361 2.0 77 38 2 27 61% 8462 101590 6845 12%
c - 1838.65 93 52 105 916 73819 1 18468138 73367 2.0 77 38 2 27 61% 8462 101590 6845 12%
c ] 1839.87 91 54 106 916 73826 1 18478371 82260 2.0 77 39 2 27 61% 8462 101590 6845 12%
c { 1839.87 91 70 106 916 73826 2 18478371 82260 2.7 59 22 2 14 52% 8462 101590 6845 12%
c o 1839.92 91 70 106 916 73833 2 18478756 82617 2.7 59 22 2 14 52% 8462 101590 6845 12%
c - 1841.62 90 72 106 917 73992 2 18498403 79329 2.7 59 22 2 14 52% 8462 101590 6845 12%
c - 1844.42 93 75 106 918 74261 3 18528687 89437 2.7 60 22 2 14 52% 8463 101590 6845 12%
c - 1847.51 95 76 106 919 74508 3 18558986 95758 2.7 60 22 2 14 51% 8464 101590 6845 12%
c u 1849.91 92 76 106 919 74633 3 18575039 108562 2.6 60 23 2 14 51% 8471 101590 6845 12%
c v 1851.88 97 76 106 919 74633 3 18575039 100921 2.6 60 23 2 14 51% 8471 101590 6845 12%
c w 1852.57 103 76 106 919 74633 3 18575039 100904 2.6 60 23 2 14 51% 8471 101590 6845 12%
c t 1852.58 103 76 106 919 74633 3 18575039 100904 2.6 60 23 2 14 51% 8469 101590 6845 12%
c - 1854.07 94 76 106 920 74757 3 18589301 90341 2.6 59 23 2 14 51% 8469 101590 6845 12%
c - 1856.94 95 78 106 921 75001 3 18619632 94680 2.6 60 23 2 14 51% 8470 101590 6845 12%
c - 1859.78 95 77 106 922 75208 3 18649982 98706 2.6 59 23 2 14 51% 8471 101590 6845 12%
c
c  seconds    switched       rate             size/glue  tier1     binary         remaining
c          MB    reductions     conflicts           size   tier2      irredundant
c           level      restarts         redundant      glue    trail         variables
c
c - 1862.61 91 77 106 923 75433 3 18680347 102229 2.6 58 22 2 14 51% 8471 101590 6845 12%
c - 1865.57 94 76 106 924 75658 3 18710731 104224 2.6 59 22 2 14 51% 8471 101590 6845 12%
c - 1868.41 94 73 106 925 75857 2 18741128 105703 2.6 58 22 2 14 51% 8471 101590 6845 12%
c - 1871.39 95 71 106 926 76045 2 18771541 107734 2.6 58 22 2 14 51% 8471 101590 6845 12%
c - 1874.50 92 69 106 927 76239 2 18801972 109403 2.7 60 22 2 14 51% 8471 101590 6845 12%
c - 1877.92 96 69 106 928 76499 2 18832419 109438 2.7 60 22 2 14 51% 8471 101590 6845 12%
c - 1881.23 96 70 106 929 76700 2 18862883 109924 2.7 60 22 2 14 51% 8471 101590 6845 12%
c - 1884.89 96 69 106 930 76948 2 18893363 111113 2.6 60 23 2 14 51% 8471 101590 6845 12%
c - 1888.33 96 62 106 931 77111 2 18923858 111529 2.6 58 22 2 14 52% 8471 101590 6845 12%
c - 1892.07 92 61 106 932 77320 2 18954370 112306 2.6 58 23 2 14 53% 8472 101590 6845 12%
c - 1895.48 96 62 106 933 77535 2 18984898 113558 2.6 59 22 2 14 53% 8472 101590 6845 12%
c - 1899.16 96 60 106 934 77721 2 19015443 114931 2.6 59 22 2 14 53% 8472 101590 6845 12%
c } 1900.23 94 62 107 934 77809 2 19025397 124417 2.6 59 22 2 14 53% 8472 101590 6845 12%
c [ 1900.23 94 54 107 934 77809 1 19025397 124417 2.0 77 39 2 27 61% 8472 101590 6845 12%
c W 1900.52 107 54 107 934 77809 1 19025397 124417 2.0 77 39 2 27 61% 8472 101590 6845 12%
c s 1900.80 110 54 107 934 77811 1 19027669 126518 2.0 77 39 2 27 61% 8472 101546 6845 12%
c e 1900.83 110 54 107 934 77811 1 19027669 126518 2.0 77 39 2 27 61% 8436 101699 6832 12%
c s 1900.83 110 54 107 934 77811 1 19027669 126518 2.0 77 39 2 27 61% 8436 101631 6832 12%
c u 1902.13 125 53 107 934 77812 1 19030182 122138 2.0 77 38 2 27 61% 8444 101631 6832 12%
c v 1903.89 131 53 107 934 77812 1 19030182 118924 2.0 77 38 2 27 61% 8444 101631 6832 12%
c
c  seconds     switched       rate             size/glue  tier1     binary         remaining
c           MB    reductions     conflicts           size   tier2      irredundant
c            level      restarts         redundant      glue    trail         variables
c
c w 1904.58 135 53 107 934 77812 1 19030182 118504 2.0 77 38 2 27 61% 8444 101631 6832 12%
c t 1904.59 135 53 107 934 77812 1 19030182 118504 2.0 77 38 2 27 61% 8441 101631 6832 12%
c f 1904.61 135 53 107 934 77812 1 19030182 118504 2.0 77 38 2 27 61% 8442 101613 6833 12%
c u 1905.45 149 53 107 934 77812 1 19030182 117724 2.0 77 38 2 27 61% 8442 101613 6833 12%
c v 1907.46 153 53 107 934 77812 1 19030182 112232 2.0 77 38 2 27 61% 8442 101613 6833 12%
c w 1908.15 158 53 107 934 77812 1 19030182 111748 2.0 77 38 2 27 61% 8442 101613 6833 12%
c - 1910.01 170 54 107 935 77822 1 19046004 93784 2.0 77 38 2 27 61% 8442 101613 6833 12%
c o 1913.54 175 56 107 935 77835 1 19075720 120251 2.0 78 39 2 27 60% 8442 101613 6833 12%
c - 1913.64 176 56 107 936 77835 1 19076586 81138 2.0 78 39 2 27 60% 8442 101613 6833 12%
c - 1916.77 180 62 107 937 77839 1 19107181 71892 1.9 82 43 2 27 59% 8442 101613 6833 12%
c - 1919.93 184 58 107 938 77854 1 19137791 69479 1.9 79 41 2 27 59% 8442 101613 6833 12%
c - 1923.41 188 54 107 939 77869 1 19168417 74827 2.0 77 38 2 27 59% 8442 101613 6833 12%
c - 1927.15 156 51 107 940 77871 1 19199062 75299 2.1 78 37 2 26 60% 8442 101613 6833 12%
c - 1930.84 162 49 107 941 77877 1 19229721 74259 2.2 78 36 2 26 60% 8442 101613 6833 12%
c - 1934.44 166 46 107 942 77890 1 19260396 77681 2.2 76 34 2 26 60% 8442 101613 6833 12%
c - 1938.56 128 45 107 943 77902 1 19291090 76200 2.2 74 34 2 26 60% 8442 101613 6833 12%
c - 1942.22 134 45 107 944 77913 1 19321798 78593 2.3 75 33 2 26 60% 8442 101613 6833 12%
c - 1945.29 138 47 107 945 77927 1 19352522 78405 2.2 75 34 2 26 60% 8442 101613 6833 12%
c - 1948.92 141 50 107 946 77933 1 19383263 72046 2.2 78 36 2 26 61% 8442 101613 6833 12%
c - 1952.79 145 51 107 947 77934 1 19414022 69454 2.1 79 37 2 26 61% 8442 101613 6833 12%
c
c  seconds     switched       rate            size/glue  tier1     binary         remaining
c           MB    reductions     conflicts          size   tier2      irredundant
c            level      restarts         redundant     glue    trail         variables
c
c - 1955.79 149 50 107 948 77935 1 19444795 74975 2.2 79 35 2 26 59% 8442 101613 6833 12%
c - 1958.89 152 49 107 949 77935 1 19475585 79033 2.3 79 34 2 26 55% 8442 101613 6833 12%
c u 1961.31 112 50 107 949 77941 1 19491302 91163 2.3 80 34 2 26 54% 8443 101613 6833 12%
c v 1962.24 114 50 107 949 77941 1 19491302 85749 2.3 80 34 2 26 54% 8443 101613 6833 12%
c w 1964.69 129 50 107 949 77941 1 19491302 84858 2.3 80 34 2 26 54% 8443 101613 6833 12%
c ] 1966.50 140 53 108 949 77949 1 19505655 98133 2.2 78 35 2 26 53% 8443 101613 6833 12%
c { 1966.50 140 62 108 949 77949 2 19505655 98133 2.6 59 22 2 14 53% 8443 101613 6833 12%
c - 1966.60 141 62 108 950 77962 2 19506390 70652 2.6 59 23 2 14 53% 8443 101613 6833 12%
c - 1969.21 158 69 108 951 78205 2 19537215 81187 2.6 58 22 2 14 53% 8445 101613 6833 12%
c - 1972.01 177 70 108 952 78402 2 19568055 92398 2.7 59 22 2 14 54% 8445 101613 6833 12%
c - 1975.05 203 73 108 953 78674 2 19598912 97519 2.6 59 22 2 14 53% 8445 101613 6833 12%
c - 1977.93 226 75 108 954 78869 2 19629784 100576 2.7 60 22 2 14 54% 8445 101613 6833 12%
c - 1980.92 204 79 108 955 79092 2 19660670 103708 2.8 62 22 2 14 54% 8445 101613 6833 12%
c o 1982.80 221 78 108 955 79235 2 19679023 121433 2.8 62 22 2 14 54% 8445 101613 6833 12%
c - 1984.46 240 78 108 956 79369 2 19691573 104139 2.8 62 23 2 14 55% 8445 101613 6833 12%
c - 1987.66 247 77 108 957 79587 2 19722493 104805 2.7 61 22 2 14 54% 8445 101613 6833 12%
c - 1991.26 178 77 108 958 79860 2 19753429 105592 2.7 63 23 2 14 53% 8445 101613 6833 12%
c - 1994.44 179 75 108 959 80069 2 19784381 106711 2.8 63 23 2 14 54% 8445 101613 6833 12%
c - 1997.81 178 74 108 960 80308 2 19815350 108094 2.8 64 23 2 14 54% 8446 101613 6833 12%
c - 2001.24 101 75 108 961 80580 2 19846335 107933 2.7 64 24 2 14 54% 8446 101613 6833 12%
c
c  seconds     switched       rate             size/glue  tier1     binary         remaining
c           MB    reductions     conflicts           size   tier2      irredundant
c            level      restarts         redundant      glue    trail         variables
c
c - 2004.53 101 73 108 962 80800 2 19877336 108318 2.7 64 24 2 14 54% 8446 101613 6833 12%
c - 2007.85 102 74 108 963 81014 2 19908356 109956 2.7 64 23 2 14 54% 8446 101613 6833 12%
c - 2011.10 103 75 108 964 81223 2 19939388 111723 2.7 63 23 2 14 54% 8446 101613 6833 12%
c u 2014.26 101 76 108 964 81419 2 19958423 124431 2.7 63 24 2 14 54% 8449 101613 6833 12%
c v 2015.94 107 76 108 964 81419 2 19958423 120472 2.7 63 24 2 14 54% 8449 101613 6833 12%
c w 2016.64 111 76 108 964 81419 2 19958423 120455 2.7 63 24 2 14 54% 8449 101613 6833 12%
c t 2016.66 111 76 108 964 81419 2 19958423 120455 2.7 63 24 2 14 54% 8448 101613 6833 12%
c - 2017.92 103 75 108 965 81511 2 19970437 102848 2.7 63 24 2 14 54% 8448 101613 6833 12%
c - 2020.98 101 74 108 966 81713 2 20001502 104156 2.7 63 23 2 14 55% 8448 101613 6833 12%
c - 2024.44 103 71 108 967 81923 2 20032582 106641 2.7 63 23 2 14 55% 8448 101613 6833 12%
c - 2027.69 103 69 108 968 82110 2 20063678 107369 2.7 64 23 2 14 56% 8448 101613 6833 12%
c } 2028.46 101 69 109 968 82172 2 20071695 115196 2.7 63 23 2 14 56% 8448 101613 6833 12%
c [ 2028.46 101 53 109 968 82172 1 20071695 115196 2.2 78 35 2 26 53% 8448 101613 6833 12%
c O 2028.46 101 53 109 968 82172 1 20071695 115196 2.2 78 35 2 26 53% 8448 101613 6833 12%
c - 2031.17 99 52 109 969 82185 1 20094790 100305 2.2 77 35 2 26 51% 8448 101613 6833 12%
c - 2034.92 103 51 109 970 82200 1 20125918 81751 2.1 75 36 2 26 49% 8448 101613 6833 12%
c - 2038.86 102 49 109 971 82205 1 20157063 72607 2.1 72 35 2 26 48% 8448 101613 6833 12%
c - 2042.90 102 47 109 972 82219 1 20188223 76424 2.1 72 34 2 26 49% 8448 101613 6833 12%
c - 2044.97 100 47 109 973 82233 1 20219400 77138 2.2 75 34 2 26 46% 8448 101613 6833 12%
c - 2047.28 102 48 109 974 82234 1 20250592 72025 2.2 76 35 2 26 44% 8448 101613 6833 12%
c
c  seconds     switched       rate            size/glue  tier1     binary         remaining
c           MB    reductions     conflicts          size   tier2      irredundant
c            level      restarts         redundant     glue    trail         variables
c
c - 2049.77 100 49 109 975 82242 1 20281800 70558 2.2 77 36 2 26 42% 8448 101613 6833 12%
c s 2051.78 99 50 109 975 82254 1 20306769 91907 2.1 78 37 2 26 41% 8448 101611 6833 12%
c o 2051.80 100 50 109 975 82254 1 20306769 91907 2.1 78 37 2 26 41% 8448 101611 6833 12%
c - 2052.37 97 52 109 976 82256 1 20313025 70348 2.1 80 38 2 26 42% 8448 101611 6833 12%
c - 2055.37 102 53 109 977 82265 1 20344266 71757 2.1 80 38 2 26 48% 8448 101611 6833 12%
c - 2058.60 102 55 109 978 82280 1 20375523 70590 2.1 82 39 2 26 51% 8448 101611 6833 12%
c - 2062.01 100 58 109 979 82294 1 20406797 71085 2.1 86 41 2 26 54% 8448 101611 6833 12%
c u 2065.69 99 61 109 979 82296 1 20431572 89695 2.1 89 43 2 26 56% 8451 101611 6833 12%
c v 2066.18 101 61 109 979 82296 1 20431572 84152 2.1 89 43 2 26 56% 8451 101611 6833 12%
c w 2069.06 121 61 109 979 82296 1 20431572 80771 2.1 89 43 2 26 56% 8451 101611 6833 12%
c t 2074.87 122 61 109 979 82296 1 20431572 80771 2.1 89 43 2 26 56% 8450 101611 6833 12%
c - 2075.61 99 61 109 980 82297 1 20438085 63191 2.1 89 43 2 26 56% 8450 101611 6833 12%
c - 2079.11 102 63 109 981 82298 1 20469389 66797 2.1 91 43 2 26 57% 8450 101611 6833 12%
c - 2082.98 101 65 109 982 82298 1 20500709 67860 2.0 91 45 2 26 58% 8450 101611 6833 12%
c - 2086.76 102 67 109 983 82299 1 20532045 67266 2.0 92 46 2 26 58% 8450 101611 6833 12%
c - 2090.52 102 72 109 984 82313 1 20563398 68909 1.9 95 49 2 26 59% 8450 101611 6833 12%
c B 2091.52 98 73 109 984 82320 1 20572192 76629 1.9 95 50 2 26 59% 8450 101611 6833 12%
c ] 2093.25 101 74 110 984 82328 1 20590426 93342 1.9 94 50 2 26 58% 8450 101611 6833 12%
c { 2093.25 101 69 110 984 82328 2 20590426 93342 2.7 63 23 2 14 56% 8450 101611 6833 12%
c - 2093.70 102 70 110 985 82369 2 20594766 70072 2.7 63 23 2 14 56% 8451 101611 6833 12%
c
c  seconds     switched       rate            size/glue  tier1     binary         remaining
c           MB    reductions     conflicts          size   tier2      irredundant
c            level      restarts         redundant     glue    trail         variables
c
c - 2096.43 101 69 110 986 82569 2 20626151 81673 2.7 63 23 2 14 57% 8451 101611 6833 12%
c - 2099.41 103 68 110 987 82772 2 20657551 94166 2.8 63 23 2 14 57% 8451 101611 6833 12%
c - 2102.76 104 66 110 988 82973 2 20688969 100431 2.8 64 23 2 14 58% 8451 101611 6833 12%
c - 2106.50 104 65 110 989 83262 2 20720402 102015 2.7 64 23 2 14 59% 8451 101611 6833 12%
c - 2109.43 101 65 110 990 83421 2 20751850 103921 2.8 63 23 2 14 58% 8451 101611 6833 12%
c - 2113.15 104 67 110 991 83707 2 20783315 106485 2.7 63 23 2 14 58% 8451 101611 6833 12%
c - 2116.44 104 70 110 992 83924 2 20814795 107782 2.8 64 23 2 14 57% 8451 101611 6833 12%
c - 2119.86 100 69 110 993 84114 2 20846293 109766 2.8 64 23 2 14 56% 8452 101611 6833 12%
c - 2123.43 103 64 110 994 84293 2 20877806 111376 2.8 63 23 2 14 57% 8452 101611 6833 12%
c - 2127.66 105 63 110 995 84569 2 20909333 111159 2.7 63 23 2 14 58% 8452 101611 6833 12%
c u 2128.70 99 62 110 995 84574 2 20910754 108130 2.7 63 23 2 14 58% 8454 101611 6833 12%
c v 2130.62 105 62 110 995 84574 2 20910754 99512 2.7 63 23 2 14 58% 8454 101611 6833 12%
c w 2131.32 109 62 110 995 84574 2 20910754 98985 2.7 63 23 2 14 58% 8454 101611 6833 12%
c t 2131.33 109 62 110 995 84574 2 20910754 98985 2.7 63 23 2 14 58% 8453 101611 6833 12%
c o 2133.27 100 62 110 995 84687 2 20929222 116375 2.7 63 23 2 14 58% 8453 101611 6833 12%
c - 2134.57 104 59 110 996 84723 2 20940879 101475 2.7 62 23 2 14 59% 8453 101611 6833 12%
c - 2137.98 103 59 110 997 84922 2 20972438 106428 2.7 62 23 2 14 58% 8453 101611 6833 12%
c - 2141.24 104 57 110 998 85082 2 21004014 108373 2.7 60 22 2 14 59% 8454 101611 6833 12%
c - 2145.15 100 54 110 999 85326 2 21035605 108609 2.6 60 23 2 14 60% 8454 101611 6833 12%
c - 2148.88 103 53 110 1000 85537 2 21067212 108829 2.6 59 23 2 14 60% 8454 101611 6833 12%
c
c  seconds     switched        rate             size/glue  tier1     binary         remaining
c           MB     reductions     conflicts           size   tier2      irredundant
c            level       restarts         redundant      glue    trail         variables
c
c - 2152.48 104 51 110 1001 85701 2 21098835 110391 2.6 60 23 2 14 61% 8454 101611 6833 12%
c - 2155.63 102 55 110 1002 85844 2 21130473 112872 2.7 60 22 2 14 60% 8454 101611 6833 12%
c - 2159.50 103 56 110 1003 86096 2 21162128 112907 2.7 60 23 2 14 59% 8454 101611 6833 12%
c } 2161.14 100 57 111 1003 86197 2 21175765 125691 2.7 60 23 2 14 59% 8454 101611 6833 12%
c [ 2161.14 100 74 111 1003 86197 1 21175765 125691 1.9 94 50 2 26 58% 8454 101611 6833 12%
c W 2161.35 110 74 111 1003 86197 1 21175765 125691 1.9 94 50 2 26 58% 8454 101611 6833 12%
c - 2163.35 115 71 111 1004 86208 1 21193798 105294 1.9 92 48 2 26 58% 8454 101611 6833 12%
c - 2167.41 110 66 111 1005 86222 1 21225486 89069 1.9 89 46 2 26 58% 8454 101611 6833 12%
c - 2170.96 114 60 111 1006 86227 1 21257189 79815 2.0 84 42 2 26 59% 8454 101611 6833 12%
c - 2174.28 113 58 111 1007 86242 1 21288906 79554 2.1 84 41 2 26 59% 8454 101611 6833 12%
c - 2178.00 113 58 111 1008 86257 1 21320645 76369 2.1 84 41 2 26 59% 8454 101611 6833 12%
c - 2181.67 113 53 111 1009 86259 1 21352397 77762 2.1 80 38 2 26 60% 8454 101611 6833 12%
c - 2185.44 108 50 111 1010 86266 1 21384161 81568 2.2 79 37 2 26 60% 8454 101611 6833 12%
c u 2187.77 111 51 111 1010 86273 1 21395981 87994 2.2 80 37 2 26 60% 8458 101611 6833 12%
c v 2188.41 113 51 111 1010 86273 1 21395981 83237 2.2 80 37 2 26 60% 8458 101611 6833 12%
c w 2191.38 122 51 111 1010 86273 1 21395981 81682 2.2 80 37 2 26 60% 8458 101611 6833 12%
c t 2191.39 122 51 111 1010 86273 1 21395981 81682 2.2 80 37 2 26 60% 8457 101611 6833 12%
c - 2193.84 112 51 111 1011 86281 1 21415944 72602 2.1 79 37 2 26 60% 8457 101611 6833 12%
c - 2197.16 112 53 111 1012 86290 1 21447740 71486 2.1 80 38 2 26 60% 8457 101611 6833 12%
c - 2200.69 113 53 111 1013 86305 1 21479553 71563 2.1 79 37 2 26 59% 8457 101611 6833 12%
c
c  seconds     switched        rate            size/glue  tier1     binary         remaining
c           MB     reductions     conflicts          size   tier2      irredundant
c            level       restarts         redundant     glue    trail         variables
c
c - 2204.51 110 55 111 1014 86319 1 21511380 75349 2.1 79 37 2 26 58% 8457 101611 6833 12%
c - 2208.47 112 63 111 1015 86322 1 21543228 76902 2.1 82 39 2 26 56% 8457 101611 6833 12%
c - 2212.80 113 69 111 1016 86323 1 21575087 76802 2.2 85 39 2 26 56% 8457 101611 6833 12%
c - 2217.49 111 73 111 1017 86323 1 21606962 78792 2.3 88 39 2 26 55% 8457 101611 6833 12%
c s 2221.72 109 75 111 1017 86323 1 21635235 105234 2.3 90 40 2 26 54% 8457 101610 6833 12%
c o 2221.73 110 75 111 1017 86323 1 21635235 105234 2.3 90 40 2 26 54% 8457 101610 6833 12%
c - 2222.14 113 76 111 1018 86326 1 21638854 79448 2.2 91 41 2 26 54% 8457 101610 6833 12%
c ] 2225.10 113 75 112 1018 86339 1 21668846 106832 2.2 91 42 2 26 56% 8457 101610 6833 12%
c { 2225.10 113 57 112 1018 86339 2 21668846 106832 2.7 60 23 2 14 59% 8457 101610 6833 12%
c - 2225.29 112 57 112 1019 86356 2 21670761 78585 2.6 60 23 2 14 59% 8457 101610 6833 12%
c - 2228.30 113 62 112 1020 86675 2 21702685 82645 2.6 61 23 2 14 58% 8457 101610 6833 12%
c - 2231.30 112 63 112 1021 86919 2 21734622 94348 2.7 62 23 2 14 57% 8457 101610 6833 12%
c - 2234.28 115 64 112 1022 87141 2 21766575 100930 2.6 61 23 2 14 55% 8457 101610 6833 12%
c - 2237.66 115 66 112 1023 87392 2 21798543 103367 2.7 63 23 2 14 55% 8457 101610 6833 12%
c - 2241.01 111 64 112 1024 87619 2 21830528 104588 2.6 62 24 2 14 55% 8457 101610 6833 12%
c - 2244.35 112 66 112 1025 87844 2 21862528 106577 2.6 62 24 2 14 53% 8457 101610 6833 12%
c u 2247.95 124 63 112 1025 87976 2 21887260 125489 2.6 61 23 2 14 53% 8463 101610 6833 12%
c v 2249.36 128 63 112 1025 87976 2 21887260 121861 2.6 61 23 2 14 53% 8463 101610 6833 12%
c w 2249.92 133 63 112 1025 87976 2 21887260 119470 2.6 61 23 2 14 53% 8463 101610 6833 12%
c x 2250.81 121 63 112 1025 87976 2 21887260 119435 2.6 61 23 2 14 53% 8467 101543 6833 12%
c
c  seconds     switched        rate             size/glue  tier1     binary         remaining
c           MB     reductions     conflicts           size   tier2      irredundant
c            level       restarts         redundant      glue    trail         variables
c
c t 2250.83 121 63 112 1025 87976 2 21887260 119435 2.6 61 23 2 14 53% 8464 101543 6833 12%
c - 2251.63 121 64 112 1026 88046 2 21894543 100097 2.6 61 24 2 14 53% 8464 101543 6833 12%
c - 2254.86 125 61 112 1027 88194 2 21926575 103604 2.6 60 23 2 14 52% 8464 101543 6833 12%
c - 2258.34 123 62 112 1028 88427 2 21958621 106624 2.6 60 23 2 14 51% 8464 101543 6833 12%
c - 2261.67 124 61 112 1029 88666 2 21990683 106955 2.6 61 23 2 14 51% 8464 101543 6833 12%
c - 2264.92 124 61 112 1030 88832 2 22022761 109083 2.7 61 23 2 14 51% 8464 101543 6833 12%
c - 2268.65 125 61 112 1031 89061 2 22054855 110579 2.7 61 23 2 14 51% 8464 101543 6833 12%
c - 2272.14 123 60 112 1032 89252 2 22086964 111762 2.7 61 23 2 14 51% 8464 101543 6833 12%
c - 2275.40 127 58 112 1033 89409 2 22119088 113862 2.7 59 22 2 14 51% 8464 101543 6833 12%
c - 2279.10 126 56 112 1034 89630 2 22151228 113282 2.6 59 22 2 14 51% 8464 101543 6833 12%
c - 2282.47 126 56 112 1035 89828 2 22183384 113522 2.6 59 22 2 14 52% 8464 101543 6833 12%
c - 2286.17 127 56 112 1036 90019 2 22215557 115613 2.6 57 22 2 14 50% 8464 101543 6833 12%
c - 2290.07 97 58 112 1037 90293 2 22247743 115109 2.5 58 23 2 14 50% 8464 101543 6833 12%
c } 2292.81 93 59 113 1037 90468 2 22273764 139641 2.6 59 23 2 14 50% 8464 101543 6833 12%
c [ 2292.81 93 75 113 1037 90468 1 22273764 139641 2.2 91 42 2 26 56% 8464 101543 6833 12%
c I 2292.81 93 75 113 1037 90468 1 22273764 139641 2.2 91 42 2 26 56% 8464 101543 6833 12%
c o 2293.27 95 77 113 1037 90472 1 22278894 144607 2.1 92 43 2 26 56% 8464 101543 6833 12%
c - 2293.37 95 78 113 1038 90472 1 22279945 112692 2.1 92 43 2 26 56% 8464 101543 6833 12%
c - 2297.05 97 82 113 1039 90487 1 22312165 98570 2.0 93 48 2 26 56% 8464 101543 6833 12%
c - 2300.69 96 74 113 1040 90498 1 22344398 79640 2.0 88 45 2 26 57% 8464 101543 6833 12%
c
c  seconds    switched        rate            size/glue  tier1     binary         remaining
c          MB     reductions     conflicts          size   tier2      irredundant
c           level       restarts         redundant     glue    trail         variables
c
c - 2304.33 93 68 113 1041 90512 1 22376648 78152 2.0 84 43 2 26 57% 8464 101543 6833 12%
c u 2305.71 93 66 113 1041 90513 1 22384590 79300 2.0 83 41 2 26 56% 8469 101543 6833 12%
c v 2306.29 94 66 113 1041 90513 1 22384590 72515 2.0 83 41 2 26 56% 8469 101543 6833 12%
c w 2308.66 99 66 113 1041 90513 1 22384590 70866 2.0 83 41 2 26 56% 8469 101543 6833 12%
c t 2308.67 99 66 113 1041 90513 1 22384590 70866 2.0 83 41 2 26 56% 8468 101543 6833 12%
c - 2310.36 93 61 113 1042 90526 1 22408912 71193 2.0 80 39 2 26 54% 8469 101543 6833 12%
c - 2312.82 93 57 113 1043 90530 1 22441192 72039 2.1 78 38 2 26 51% 8470 101543 6833 12%
c - 2315.51 93 54 113 1044 90533 1 22473487 71061 2.0 76 37 2 26 50% 8470 101543 6833 12%
c - 2318.39 95 53 113 1045 90548 1 22505797 71501 2.0 74 37 2 26 48% 8471 101543 6833 12%
c - 2321.34 92 53 113 1046 90561 1 22538126 72814 1.9 74 38 2 26 47% 8471 101543 6833 12%
c - 2324.46 94 53 113 1047 90573 1 22570467 71458 1.9 73 39 2 26 46% 8471 101543 6833 12%
c - 2327.44 92 57 113 1048 90587 1 22602826 72316 1.9 76 41 2 26 46% 8472 101543 6833 12%
c - 2330.53 93 59 113 1049 90593 1 22635204 70197 1.9 79 42 2 26 46% 8472 101543 6833 12%
c - 2333.85 92 59 113 1050 90593 1 22667594 71022 1.9 80 43 2 26 46% 8472 101543 6833 12%
c - 2337.14 93 58 113 1051 90594 1 22699997 72942 1.9 81 42 2 26 46% 8472 101543 6833 12%
c - 2340.31 94 58 113 1052 90594 1 22732417 74726 1.9 81 42 2 26 45% 8472 101543 6833 12%
c - 2343.69 96 57 113 1053 90609 1 22764851 74898 1.9 80 42 2 26 45% 8472 101543 6833 12%
c - 2346.75 91 56 113 1054 90624 1 22797302 74956 2.0 80 41 2 26 45% 8472 101543 6833 12%
c B 2347.99 92 56 113 1054 90625 1 22808165 84734 2.0 81 41 2 26 45% 8472 101543 6833 12%
c - 2349.64 93 62 113 1055 90634 1 22829768 73896 2.0 83 42 2 26 44% 8472 101543 6833 12%
c
c  seconds    switched        rate            size/glue  tier1     binary         remaining
c          MB     reductions     conflicts          size   tier2      irredundant
c           level       restarts         redundant     glue    trail         variables
c
c - 2352.06 92 63 113 1056 90649 1 22862248 69071 1.9 83 44 2 26 42% 8472 101543 6833 12%
c u 2354.79 92 63 113 1056 90656 1 22887997 88947 1.9 83 44 2 26 41% 8476 101543 6833 12%
c v 2355.21 94 63 113 1056 90656 1 22887997 82911 1.9 83 44 2 26 41% 8476 101543 6833 12%
c w 2357.66 108 63 113 1056 90656 1 22887997 79919 1.9 83 44 2 26 41% 8476 101543 6833 12%
c t 2357.67 108 63 113 1056 90656 1 22887997 79919 1.9 83 44 2 26 41% 8472 101543 6833 12%
c - 2358.22 73 62 113 1057 90656 1 22894744 59651 1.9 82 44 2 26 40% 8472 101543 6833 12%
c - 2360.57 71 63 113 1058 90657 1 22927256 60318 1.8 82 45 2 26 39% 8472 101543 6833 12%
c ] 2361.93 79 65 114 1058 90667 1 22944897 76441 1.8 83 47 2 26 39% 8472 101543 6833 12%
c { 2361.93 79 59 114 1058 90667 2 22944897 76441 2.6 59 23 2 14 50% 8472 101543 6833 12%
c - 2363.19 81 54 114 1059 90668 2 22959782 70676 2.7 60 22 2 14 51% 8472 101543 6833 12%
c - 2366.19 87 45 114 1060 90668 2 22992327 93586 3.1 62 20 2 14 52% 8472 101543 6833 12%
c s 2367.41 93 40 114 1060 90668 2 23013617 113739 3.3 62 19 2 14 50% 8473 101522 6833 12%
c e 2367.43 93 40 114 1060 90668 2 23013617 113739 3.3 62 19 2 14 50% 8462 101583 6829 12%
c s 2367.43 93 40 114 1060 90668 2 23013617 113739 3.3 62 19 2 14 50% 8462 101557 6829 12%
c o 2367.45 105 40 114 1060 90668 2 23013617 113621 3.3 62 19 2 14 50% 8462 101557 6829 12%
c - 2368.03 131 38 114 1061 90669 2 23024884 110875 3.4 62 18 2 14 49% 8462 101557 6829 12%
c - 2370.07 138 33 114 1062 90669 1 23057456 113196 3.6 61 17 2 14 47% 8462 101557 6829 12%
c - 2372.31 138 30 114 1063 90680 1 23090045 114201 3.6 60 17 2 14 45% 8462 101557 6829 12%
c - 2374.49 139 28 114 1064 90689 1 23122648 115623 3.8 59 15 2 14 46% 8462 101557 6829 12%
c - 2376.67 154 26 114 1065 90695 1 23155267 118422 4.3 63 15 2 14 46% 8463 101557 6829 12%
c
c  seconds     switched        rate             size/glue  tier1     binary         remaining
c           MB     reductions     conflicts           size   tier2      irredundant
c            level       restarts         redundant      glue    trail         variables
c
c i 2376.96 154 26 114 1065 90702 1 23158257 121276 4.3 63 15 2 14 46% 8473 101557 6828 12%
c - 2378.92 161 24 114 1066 90707 1 23187901 116850 4.7 67 14 2 14 45% 8465 101557 6828 12%
c - 2381.17 170 24 114 1067 90731 1 23220553 115656 4.9 68 14 2 14 45% 8467 101557 6828 12%
c - 2382.88 180 32 114 1068 90752 1 23253217 116818 4.6 59 13 2 14 43% 8469 101557 6828 12%
c - 2384.93 193 30 114 1069 90812 1 23285898 114586 4.6 57 12 2 14 46% 8470 101557 6828 12%
c - 2386.94 207 28 114 1070 90909 1 23318594 115027 4.7 56 12 2 14 45% 8470 101557 6828 12%
c - 2388.43 218 27 114 1071 90973 1 23351304 115121 4.4 50 11 2 14 42% 8472 101557 6828 12%
c - 2390.03 228 28 114 1072 91065 1 23384030 116026 4.3 45 11 2 14 39% 8473 101557 6828 12%
c u 2391.71 240 29 114 1072 91146 1 23397505 124059 4.3 45 10 2 14 39% 8495 101539 6828 12%
c v 2392.82 249 29 114 1072 91146 1 23397505 123362 4.3 45 10 2 14 39% 8495 101539 6828 12%
c w 2393.28 250 29 114 1072 91146 1 23397505 123320 4.3 45 10 2 14 39% 8495 101539 6828 12%
c t 2393.30 250 29 114 1072 91146 1 23397505 123320 4.3 45 10 2 14 39% 8479 101539 6828 12%
c i 2393.81 250 29 114 1072 91220 1 23403775 129502 4.3 45 10 2 14 39% 8489 101539 6827 12%
c - 2394.42 250 29 114 1073 91255 1 23416771 113422 4.2 43 10 2 14 38% 8480 101539 6827 12%
c - 2396.69 272 29 114 1074 91528 1 23449527 115793 4.2 43 10 2 14 38% 8481 101539 6827 12%
c - 2399.16 299 28 114 1075 91826 1 23482299 119560 4.3 45 10 2 14 40% 8483 101539 6827 12%
c - 2401.49 280 27 114 1076 92088 1 23515086 120978 4.2 44 10 2 14 40% 8486 101539 6827 12%
c - 2403.16 313 25 114 1077 92188 1 23547889 121373 4.1 41 10 2 14 37% 8487 101539 6827 12%
c } 2404.95 345 26 115 1077 92454 1 23569674 143017 4.1 42 10 2 14 38% 8489 101539 6827 12%
c [ 2404.95 345 65 115 1077 92454 1 23569674 143017 1.8 83 47 2 26 39% 8489 101539 6827 12%
c
c  seconds     switched        rate             size/glue  tier1     binary         remaining
c           MB     reductions     conflicts           size   tier2      irredundant
c            level       restarts         redundant      glue    trail         variables
c
c W 2405.05 342 65 115 1077 92454 1 23569674 143017 1.8 83 47 2 26 39% 8489 101524 6827 12%
c - 2405.81 345 65 115 1078 92460 1 23580706 118706 1.8 83 46 2 26 38% 8489 101524 6827 12%
c - 2408.15 347 62 115 1079 92475 1 23613538 96671 1.9 82 44 2 26 38% 8489 101524 6827 12%
c - 2410.71 265 64 115 1080 92484 1 23646390 75732 1.8 82 46 2 26 38% 8489 101524 6827 12%
c - 2413.32 269 62 115 1081 92499 1 23679257 70489 1.8 82 45 2 26 38% 8489 101524 6827 12%
c o 2415.26 269 59 115 1081 92512 1 23702998 90586 1.9 82 43 2 26 38% 8489 101524 6827 12%
c - 2416.14 266 63 115 1082 92514 1 23712137 71051 1.9 83 45 2 26 40% 8489 101524 6827 12%
c - 2419.80 166 72 115 1083 92516 1 23745035 70935 1.8 89 50 2 26 45% 8489 101524 6827 12%
c - 2423.70 146 78 115 1084 92523 1 23777943 67518 1.7 92 54 2 26 47% 8489 101524 6827 12%
c - 2427.65 158 69 115 1085 92538 1 23810868 76995 1.9 88 47 2 26 51% 8489 101524 6827 12%
c - 2431.73 89 62 115 1086 92547 1 23843808 83062 2.0 85 43 2 26 53% 8489 101524 6827 12%
c - 2436.38 88 56 115 1087 92562 1 23876763 80065 2.1 82 40 2 26 55% 8489 101524 6827 12%
c - 2441.59 87 53 115 1088 92577 1 23909732 81189 2.1 80 38 2 26 56% 8489 101524 6827 12%
c u 2442.85 88 52 115 1088 92577 1 23913118 78267 2.1 79 38 2 26 56% 8512 101521 6827 12%
c v 2443.63 86 52 115 1088 92577 1 23913118 71716 2.1 79 38 2 26 56% 8516 101521 6827 12%
c w 2445.81 94 52 115 1088 92577 1 23913118 71112 2.1 79 38 2 26 56% 8516 101521 6827 12%
c t 2445.82 94 52 115 1088 92577 1 23913118 71112 2.1 79 38 2 26 56% 8502 101521 6827 12%
c - 2450.26 87 51 115 1089 92579 1 23942718 72951 2.1 77 37 2 26 56% 8502 101521 6827 12%
c ] 2450.29 87 51 116 1089 92579 1 23942999 73209 2.1 77 37 2 26 56% 8502 101521 6827 12%
c { 2450.29 87 26 116 1089 92579 1 23942999 73209 4.1 42 10 2 14 38% 8502 101521 6827 12%
c
c  seconds    switched        rate            size/glue  tier1     binary         remaining
c          MB     reductions     conflicts          size   tier2      irredundant
c           level       restarts         redundant     glue    trail         variables
c
c - 2453.93 89 42 116 1090 93177 2 23975718 83262 3.1 48 15 2 14 41% 8502 101521 6827 12%
c - 2457.53 92 52 116 1091 93718 2 24008733 91078 2.8 52 19 2 14 44% 8502 101521 6827 12%
c - 2461.42 90 56 116 1092 94121 2 24041764 98378 2.7 54 20 2 14 47% 8502 101521 6827 12%
c - 2465.89 90 56 116 1093 94476 2 24074809 103761 2.6 56 22 2 14 49% 8502 101521 6827 12%
c - 2470.46 89 56 116 1094 94801 2 24107869 106442 2.5 57 23 2 14 51% 8502 101521 6827 12%
c - 2474.68 93 57 116 1095 95015 2 24140944 109594 2.5 57 23 2 14 53% 8502 101521 6827 12%
c - 2479.19 94 57 116 1096 95304 2 24174035 110923 2.5 58 24 2 14 55% 8502 101521 6827 12%
c - 2483.41 92 58 116 1097 95531 2 24207140 112411 2.5 59 24 2 14 55% 8502 101521 6827 12%
c - 2487.26 96 57 116 1098 95717 2 24240260 115314 2.6 59 23 2 14 56% 8502 101521 6827 12%
c - 2491.01 93 55 116 1099 95871 2 24273398 116434 2.5 58 23 2 14 56% 8502 101521 6827 12%
c - 2495.14 92 56 116 1100 96109 2 24306550 116280 2.5 58 23 2 14 56% 8502 101521 6827 12%
c - 2499.02 92 53 116 1101 96274 2 24339716 116803 2.5 58 23 2 14 56% 8502 101521 6827 12%
c - 2503.42 95 52 116 1102 96505 2 24372898 117854 2.5 59 23 2 14 57% 8502 101521 6827 12%
c o 2503.65 91 52 116 1102 96520 2 24374789 119410 2.5 58 23 2 14 57% 8502 101521 6827 12%
c - 2507.73 91 50 116 1103 96704 2 24406095 117661 2.5 58 23 2 14 58% 8502 101521 6827 12%
c u 2512.33 93 49 116 1103 96857 2 24434831 138863 2.5 58 23 2 14 57% 8506 101521 6827 12%
c v 2515.16 100 49 116 1103 96857 2 24434831 131305 2.5 58 23 2 14 57% 8506 101521 6827 12%
c w 2516.06 109 49 116 1103 96857 2 24434831 126441 2.5 58 23 2 14 57% 8506 101521 6827 12%
c t 2516.08 109 49 116 1103 96857 2 24434831 126441 2.5 58 23 2 14 57% 8502 101521 6827 12%
c - 2516.74 90 49 116 1104 96889 2 24439306 102981 2.5 58 23 2 14 57% 8502 101521 6827 12%
c
c  seconds    switched        rate             size/glue  tier1     binary         remaining
c          MB     reductions     conflicts           size   tier2      irredundant
c           level       restarts         redundant      glue    trail         variables
c
c s 2517.12 93 50 116 1104 96912 2 24442435 106045 2.5 58 23 2 14 57% 8513 101484 6827 12%
c e 2517.13 95 50 116 1104 96912 2 24442435 106045 2.5 58 23 2 14 57% 8495 101586 6820 12%
c s 2517.14 95 50 116 1104 96912 2 24442435 106045 2.5 58 23 2 14 57% 8496 101569 6820 12%
c - 2520.67 131 49 116 1105 97075 2 24472536 107038 2.5 58 23 2 14 57% 8496 101569 6820 12%
c - 2524.83 160 47 116 1106 97238 2 24505778 109627 2.5 57 23 2 14 57% 8496 101569 6820 12%
c - 2528.81 194 49 116 1107 97398 2 24539034 111402 2.5 56 23 2 14 57% 8496 101569 6820 12%
c - 2533.44 237 49 116 1108 97612 2 24572305 111259 2.4 56 23 2 14 58% 8496 101569 6820 12%
c } 2535.29 242 46 117 1108 97671 2 24587916 124199 2.4 54 23 2 14 58% 8496 101569 6820 12%
c [ 2535.29 242 51 117 1108 97671 1 24587916 124199 2.1 77 37 2 26 56% 8496 101569 6820 12%
c O 2535.29 242 51 117 1108 97671 1 24587916 124199 2.1 77 37 2 26 56% 8496 101569 6820 12%
c - 2537.09 245 50 117 1109 97682 1 24605591 106864 2.1 76 36 2 26 57% 8496 101569 6820 12%
c - 2540.71 248 49 117 1110 97697 1 24638892 90926 2.0 73 36 2 26 57% 8496 101569 6820 12%
c - 2544.14 250 52 117 1111 97704 1 24672208 76286 1.9 73 37 2 26 57% 8496 101569 6820 12%
c - 2547.69 202 54 117 1112 97719 1 24705539 69731 1.9 74 39 2 25 58% 8496 101569 6820 12%
c - 2551.45 205 54 117 1113 97732 1 24738885 70290 1.9 73 39 2 25 58% 8496 101569 6820 12%
c - 2555.58 209 52 117 1114 97733 1 24772247 70291 1.9 72 38 2 25 57% 8496 101569 6820 12%
c - 2559.87 135 51 117 1115 97747 1 24805624 71505 1.9 71 38 2 25 57% 8496 101569 6820 12%
c - 2563.70 142 54 117 1116 97762 1 24839015 75208 1.8 71 39 2 25 58% 8496 101569 6820 12%
c - 2567.25 146 51 117 1117 97769 1 24872423 76520 1.8 68 37 2 25 58% 8496 101569 6820 12%
c - 2570.68 150 52 117 1118 97785 1 24905844 74896 1.9 70 36 2 25 58% 8496 101569 6820 12%
c
c  seconds     switched        rate            size/glue  tier1     binary         remaining
c           MB     reductions     conflicts          size   tier2      irredundant
c            level       restarts         redundant     glue    trail         variables
c
c - 2574.26 152 54 117 1119 97795 1 24939281 71554 1.9 71 38 2 25 59% 8496 101569 6820 12%
c u 2577.60 158 56 117 1119 97796 1 24962648 88264 1.8 72 40 2 25 59% 8501 101569 6820 12%
c v 2578.29 161 56 117 1119 97796 1 24962648 81765 1.8 72 40 2 25 59% 8501 101569 6820 12%
c w 2581.78 174 56 117 1119 97796 1 24962648 78429 1.8 72 40 2 25 59% 8501 101569 6820 12%
c t 2581.79 118 56 117 1119 97796 1 24962648 78429 1.8 72 40 2 25 59% 8496 101569 6820 12%
c f 2581.80 118 56 117 1119 97796 1 24962648 78429 1.8 72 40 2 25 59% 8500 101511 6823 12%
c u 2582.42 128 56 117 1119 97796 1 24962648 77994 1.8 72 40 2 25 59% 8503 101511 6823 12%
c v 2582.87 129 56 117 1119 97796 1 24962648 75368 1.8 72 40 2 25 59% 8505 101511 6823 12%
c w 2586.49 137 56 117 1119 97796 1 24962648 75077 1.8 72 40 2 25 59% 8505 101511 6823 12%
c t 2586.50 137 56 117 1119 97796 1 24962648 75077 1.8 72 40 2 25 59% 8501 101511 6823 12%
c - 2587.58 141 56 117 1120 97796 1 24972732 57836 1.8 71 40 2 25 59% 8501 101511 6823 12%
c - 2591.18 141 56 117 1121 97797 1 25006199 60410 1.7 70 40 2 25 60% 8501 101511 6823 12%
c - 2594.62 152 59 117 1122 97797 1 25039680 63029 1.7 71 42 2 25 60% 8501 101511 6823 12%
c - 2598.36 164 61 117 1123 97812 1 25073176 63411 1.6 71 44 2 25 60% 8501 101511 6823 12%
c - 2602.13 184 60 117 1124 97827 1 25106688 65176 1.6 71 43 2 25 60% 8501 101511 6823 12%
c - 2605.94 148 55 117 1125 97835 1 25140216 69866 1.8 70 40 2 25 59% 8501 101511 6823 12%
c B 2607.87 149 52 117 1125 97843 1 25157005 83491 1.8 69 38 2 25 59% 8501 101511 6823 12%
c o 2607.87 149 52 117 1125 97843 1 25157005 83491 1.8 69 38 2 25 59% 8501 101511 6823 12%
c - 2609.56 163 56 117 1126 97850 1 25173757 69927 1.8 74 40 2 25 59% 8501 101511 6823 12%
c - 2612.71 161 55 117 1127 97859 1 25207312 71354 1.9 74 39 2 25 60% 8501 101511 6823 12%
c
c  seconds     switched        rate            size/glue  tier1     binary         remaining
c           MB     reductions     conflicts          size   tier2      irredundant
c            level       restarts         redundant     glue    trail         variables
c
c - 2616.30 120 52 117 1128 97860 1 25240883 68483 2.0 74 37 2 25 61% 8501 101511 6823 12%
c - 2619.64 119 52 117 1129 97875 1 25274468 67791 2.0 76 37 2 25 61% 8501 101511 6823 12%
c ] 2622.20 118 51 118 1129 97889 1 25299902 89659 2.1 77 37 2 25 61% 8501 101511 6823 12%
c { 2622.20 118 46 118 1129 97889 2 25299902 89659 2.4 54 23 2 14 58% 8501 101511 6823 12%
c - 2622.73 120 49 118 1130 97901 2 25308069 70214 2.4 53 22 2 14 55% 8503 101511 6823 12%
c - 2625.03 117 52 118 1131 97915 2 25341687 88007 2.4 48 20 2 14 49% 8506 101511 6823 12%
c - 2627.44 90 53 118 1132 97950 2 25375317 105157 2.7 49 18 2 14 46% 8506 101511 6823 12%
c - 2629.97 90 56 118 1133 98012 2 25408962 110660 2.7 46 17 2 14 44% 8506 101511 6823 12%
c - 2632.36 92 59 118 1134 98115 2 25442626 113258 2.8 43 16 2 14 42% 8507 101511 6823 12%
c - 2634.13 92 57 118 1135 98201 2 25476301 115782 2.7 39 14 2 14 37% 8508 101511 6823 12%
c i 2634.84 91 56 118 1135 98245 2 25490657 129336 2.7 37 14 2 14 36% 8509 101511 6822 12%
c u 2636.19 88 57 118 1135 98284 2 25496614 129321 2.7 37 14 2 14 36% 8516 101503 6822 12%
c v 2638.03 96 57 118 1135 98284 2 25496614 125613 2.7 37 14 2 14 36% 8516 101503 6822 12%
c w 2638.65 96 57 118 1135 98284 2 25496614 125491 2.7 37 14 2 14 36% 8516 101503 6822 12%
c t 2638.67 96 57 118 1135 98284 2 25496614 125491 2.7 37 14 2 14 36% 8511 101503 6822 12%
c - 2639.68 90 58 118 1136 98360 2 25509991 109539 2.7 37 14 2 14 36% 8498 101503 6822 12%
c i 2640.07 90 59 118 1136 98397 2 25516297 115551 2.7 37 14 2 14 36% 8500 101503 6821 12%
c - 2641.93 92 63 118 1137 98594 2 25543695 113214 2.6 35 14 2 14 35% 8486 101503 6821 12%
c - 2644.20 92 65 118 1138 98817 2 25577415 115682 2.6 34 13 2 14 34% 8488 101503 6821 12%
c - 2646.69 91 67 118 1139 99074 3 25611149 118210 2.5 33 13 2 14 34% 8489 101503 6821 12%
c
c  seconds    switched        rate             size/glue  tier1     binary         remaining
c          MB     reductions     conflicts           size   tier2      irredundant
c           level       restarts         redundant      glue    trail         variables
c
c - 2649.04 89 67 118 1140 99299 3 25644898 120559 2.5 32 13 2 14 33% 8489 101503 6821 12%
c - 2651.12 92 65 118 1141 99526 3 25678661 122200 2.4 31 13 2 14 31% 8490 101503 6821 12%
c - 2653.20 91 62 118 1142 99717 3 25712440 123497 2.4 29 12 2 14 30% 8490 101503 6821 12%
c - 2655.47 92 62 118 1143 99986 3 25746233 125499 2.4 29 12 2 14 30% 8490 101503 6821 12%
c - 2657.81 90 64 118 1144 100265 3 25780044 127159 2.4 29 12 2 14 31% 8494 101503 6821 12%
c - 2660.16 89 65 118 1145 100538 3 25813867 129216 2.3 28 12 2 14 30% 8497 101503 6821 12%
c o 2662.61 91 67 118 1145 100861 3 25847009 161032 2.3 28 12 2 14 30% 8499 101503 6821 12%
c - 2662.68 92 67 118 1146 100865 3 25847704 130829 2.3 28 12 2 14 30% 8500 101503 6821 12%
c - 2665.27 92 68 118 1147 101144 3 25881556 132698 2.3 29 12 2 14 31% 8501 101503 6821 12%
c - 2667.74 92 68 118 1148 101426 3 25915423 134859 2.4 29 12 2 14 31% 8505 101503 6821 12%
c s 2668.20 91 67 118 1148 101463 3 25922222 141357 2.4 30 12 2 14 32% 8507 101481 6821 12%
c e 2668.21 91 67 118 1148 101463 3 25922222 141357 2.4 30 12 2 14 32% 8502 101513 6819 12%
c s 2668.21 91 67 118 1148 101463 3 25922222 141357 2.4 30 12 2 14 32% 8502 101498 6819 12%
c - 2670.59 132 69 118 1149 101723 3 25949307 136141 2.4 30 13 2 14 32% 8502 101498 6819 12%
c } 2671.81 144 69 119 1149 101847 3 25965231 151436 2.4 30 13 2 14 32% 8503 101498 6819 12%
c [ 2671.81 144 51 119 1149 101847 1 25965231 151436 2.1 77 37 2 25 61% 8503 101498 6819 12%
c W 2671.83 144 51 119 1149 101847 1 25965231 151436 2.1 77 37 2 25 61% 8503 101498 6819 12%
c - 2673.91 146 57 119 1150 101858 1 25983203 126280 2.0 81 41 2 25 61% 8503 101498 6819 12%
c - 2678.18 150 60 119 1151 101874 1 26017116 104269 1.9 81 42 2 25 59% 8503 101498 6819 12%
c u 2681.38 153 59 119 1151 101877 1 26036708 109231 2.0 82 42 2 25 59% 8516 101496 6819 12%
c
c  seconds     switched         rate             size/glue  tier1     binary         remaining
c           MB     reductions      conflicts           size   tier2      irredundant
c            level        restarts         redundant      glue    trail         variables
c
c v 2682.64 154 59 119 1151 101877 1 26036708 101964 2.0 82 42 2 25 59% 8517 101496 6819 12%
c w 2683.28 167 59 119 1151 101877 1 26036708 100864 2.0 82 42 2 25 59% 8517 101496 6819 12%
c t 2683.29 167 59 119 1151 101877 1 26036708 100864 2.0 82 42 2 25 59% 8505 101496 6819 12%
c - 2685.04 167 59 119 1152 101880 1 26051045 76685 2.0 82 42 2 25 59% 8505 101496 6819 12%
c - 2688.45 167 59 119 1153 101896 1 26084987 78909 1.9 79 41 2 25 56% 8505 101496 6819 12%
c - 2692.12 169 58 119 1154 101908 1 26118944 83013 1.9 76 39 2 25 55% 8505 101496 6819 12%
c - 2696.21 174 58 119 1155 101909 1 26152914 82142 1.9 75 39 2 25 54% 8505 101496 6819 12%
c - 2699.24 187 57 119 1156 101924 1 26186901 83196 2.0 75 38 2 25 51% 8505 101496 6819 12%
c - 2701.55 201 56 119 1157 101939 1 26220902 84393 2.0 75 38 2 25 48% 8505 101496 6819 12%
c - 2704.12 175 59 119 1158 101947 1 26254917 82046 2.0 77 39 2 25 45% 8505 101496 6819 12%
c - 2706.77 187 58 119 1159 101962 1 26288949 79602 1.9 75 39 2 25 43% 8505 101496 6819 12%
c - 2709.68 200 55 119 1160 101971 1 26322996 80236 1.9 74 38 2 25 42% 8505 101496 6819 12%
c - 2712.64 150 52 119 1161 101972 1 26357055 82281 2.0 74 37 2 25 41% 8505 101496 6819 12%
c - 2715.62 155 53 119 1162 101973 1 26391128 83847 2.0 74 37 2 25 41% 8505 101496 6819 12%
c - 2718.74 158 51 119 1163 101974 1 26425217 83902 2.0 74 37 2 25 40% 8505 101496 6819 12%
c - 2721.80 164 51 119 1164 101990 1 26459319 84865 1.9 71 37 2 25 40% 8505 101496 6819 12%
c ] 2724.23 166 50 120 1164 102003 1 26485551 106297 1.9 70 37 2 25 40% 8505 101496 6819 12%
c { 2724.23 166 69 120 1164 102003 3 26485551 106297 2.4 30 13 2 14 32% 8505 101496 6819 12%
c - 2725.14 132 70 120 1165 102145 3 26493438 85605 2.4 32 14 2 14 33% 8505 101496 6819 12%
c - 2728.93 175 75 120 1166 102697 3 26527571 96039 2.3 40 18 2 14 38% 8505 101496 6819 12%
c
c  seconds     switched         rate             size/glue  tier1     binary         remaining
c           MB     reductions      conflicts           size   tier2      irredundant
c            level        restarts         redundant      glue    trail         variables
c
c o 2731.09 196 77 120 1166 102995 3 26547055 114759 2.3 45 19 2 14 40% 8505 101496 6819 12%
c - 2732.82 216 78 120 1167 103173 3 26561717 104082 2.4 46 20 2 14 42% 8505 101496 6819 12%
c u 2735.93 235 79 120 1167 103405 3 26582952 117501 2.4 50 21 2 14 43% 8516 101496 6819 12%
c v 2737.90 242 79 120 1167 103405 3 26582952 107815 2.4 50 21 2 14 43% 8517 101496 6819 12%
c w 2738.63 253 79 120 1167 103405 3 26582952 107760 2.4 50 21 2 14 43% 8517 101496 6819 12%
c t 2738.64 253 79 120 1167 103405 3 26582952 107760 2.4 50 21 2 14 43% 8516 101496 6819 12%
c - 2740.26 269 79 120 1168 103546 3 26595879 95678 2.4 52 21 2 14 45% 8516 101496 6819 12%
c - 2744.27 279 78 120 1169 103914 3 26630057 101425 2.5 56 23 2 14 48% 8516 101496 6819 12%
c - 2748.03 205 76 120 1170 104201 3 26664247 106136 2.5 58 23 2 14 49% 8516 101496 6819 12%
c - 2751.46 207 76 120 1171 104429 3 26698455 111070 2.7 61 23 2 14 51% 8516 101496 6819 12%
c - 2755.17 120 75 120 1172 104736 3 26732674 112765 2.6 61 23 2 14 52% 8516 101496 6819 12%
c - 2758.94 120 74 120 1173 105006 3 26766909 112369 2.6 61 23 2 14 52% 8516 101496 6819 12%
c - 2762.84 115 72 120 1174 105306 3 26801161 112553 2.6 63 24 2 14 53% 8516 101496 6819 12%
c - 2766.51 120 71 120 1175 105528 2 26835425 113505 2.7 64 24 2 14 54% 8516 101496 6819 12%
c - 2770.56 119 71 120 1176 105803 2 26869705 114822 2.7 64 24 2 14 55% 8516 101496 6819 12%
c - 2774.36 120 71 120 1177 106030 2 26903998 115907 2.7 65 24 2 14 54% 8516 101496 6819 12%
c - 2778.46 120 71 120 1178 106295 2 26938305 115205 2.7 65 24 2 14 55% 8516 101496 6819 12%
c - 2782.29 117 72 120 1179 106528 2 26972627 116142 2.7 65 24 2 14 54% 8517 101496 6819 12%
c - 2786.32 118 68 120 1180 106754 2 27006963 117068 2.7 65 24 2 14 55% 8517 101496 6819 12%
c - 2790.05 121 72 120 1181 106992 2 27041314 117012 2.7 65 24 2 14 54% 8517 101496 6819 12%
c
c  seconds     switched         rate             size/glue  tier1     binary         remaining
c           MB     reductions      conflicts           size   tier2      irredundant
c            level        restarts         redundant      glue    trail         variables
c
c - 2793.73 121 71 120 1182 107260 2 27075681 116595 2.7 65 24 2 14 53% 8517 101496 6819 12%
c - 2797.65 120 68 120 1183 107471 2 27110062 117058 2.7 64 24 2 14 54% 8517 101496 6819 12%
c u 2801.75 116 67 120 1183 107643 2 27135351 134429 2.7 65 24 2 14 55% 8520 101496 6819 12%
c v 2803.20 125 67 120 1183 107643 2 27135351 132236 2.7 65 24 2 14 55% 8520 101496 6819 12%
c w 2803.89 131 67 120 1183 107643 2 27135351 131680 2.7 65 24 2 14 55% 8520 101496 6819 12%
c x 2804.87 119 67 120 1183 107643 2 27135351 131649 2.7 65 24 2 14 55% 8535 101369 6819 12%
c t 2804.89 119 67 120 1183 107643 2 27135351 131649 2.7 65 24 2 14 55% 8531 101369 6819 12%
c - 2806.13 128 67 120 1184 107718 2 27144458 109712 2.7 65 24 2 14 55% 8531 101369 6819 12%
c } 2809.40 131 66 121 1184 107921 2 27171571 135490 2.7 64 24 2 14 55% 8531 101369 6819 12%
c [ 2809.40 131 50 121 1184 107921 1 27171571 135490 1.9 70 37 2 25 40% 8531 101369 6819 12%
c I 2809.40 131 50 121 1184 107921 1 27171571 135490 1.9 70 37 2 25 40% 8531 101369 6819 12%
c - 2809.96 133 53 121 1185 107926 1 27178870 109395 1.9 70 37 2 25 40% 8531 101369 6819 12%
c - 2814.24 134 57 121 1186 107942 1 27213293 99934 1.9 72 38 2 25 44% 8531 101369 6819 12%
c - 2819.16 95 56 121 1187 107951 1 27247731 83549 2.0 75 37 2 25 47% 8531 101369 6819 12%
c - 2823.75 92 54 121 1188 107966 1 27282185 80300 2.1 75 36 2 25 50% 8531 101369 6819 12%
c - 2828.41 90 51 121 1189 107981 1 27316654 81130 2.1 75 36 2 25 52% 8531 101369 6819 12%
c - 2833.18 95 50 121 1190 107983 1 27351135 80273 2.1 75 35 2 25 53% 8531 101369 6819 12%
c o 2835.97 93 49 121 1190 107987 1 27372582 99191 2.2 74 35 2 25 54% 8531 101369 6819 12%
c - 2837.29 92 56 121 1191 107994 1 27385631 81133 2.0 77 38 2 25 54% 8531 101369 6819 12%
c - 2840.69 92 70 121 1192 108011 1 27420141 80353 1.9 84 44 2 25 55% 8531 101369 6819 12%
c
c  seconds    switched         rate             size/glue  tier1     binary         remaining
c          MB     reductions      conflicts           size   tier2      irredundant
c           level        restarts         redundant      glue    trail         variables
c
c s 2844.73 93 70 121 1192 108017 1 27453470 110352 1.9 84 45 2 25 56% 8534 101346 6819 12%
c e 2844.75 94 70 121 1192 108017 1 27453470 110352 1.9 84 45 2 25 56% 8518 101405 6815 12%
c s 2844.75 94 70 121 1192 108017 1 27453470 110352 1.9 84 45 2 25 56% 8518 101387 6815 12%
c e 2844.76 94 70 121 1192 108017 1 27453470 110352 1.9 84 45 2 25 56% 8518 101403 6814 12%
c - 2844.93 112 70 121 1193 108018 1 27454667 74540 1.9 84 45 2 25 56% 8518 101403 6814 12%
c - 2849.35 114 69 121 1194 108034 1 27489207 75364 1.9 84 45 2 25 54% 8518 101403 6814 12%
c - 2853.20 119 65 121 1195 108045 1 27523761 79194 2.0 82 42 2 25 53% 8518 101403 6814 12%
c - 2857.85 123 61 121 1196 108046 1 27558330 81419 2.0 81 39 2 25 52% 8518 101403 6814 12%
c - 2862.90 128 60 121 1197 108047 1 27592913 78967 2.0 81 40 2 25 50% 8518 101403 6814 12%
c - 2867.99 131 57 121 1198 108047 1 27627510 79622 2.1 81 38 2 25 50% 8518 101403 6814 12%
c - 2870.99 135 55 121 1199 108062 1 27662124 85343 2.2 81 37 2 25 47% 8518 101403 6814 12%
c u 2874.28 142 59 121 1199 108077 1 27693921 108604 2.0 81 40 2 25 44% 8524 101403 6814 12%
c v 2875.29 145 59 121 1199 108077 1 27693921 100171 2.0 81 40 2 25 44% 8524 101403 6814 12%
c w 2879.11 166 59 121 1199 108077 1 27693921 97003 2.0 81 40 2 25 44% 8524 101403 6814 12%
c t 2879.40 166 59 121 1199 108077 1 27693921 97003 2.0 81 40 2 25 44% 8520 101403 6814 12%
c f 2879.41 166 59 121 1199 108077 1 27693921 97003 2.0 81 40 2 25 44% 8521 101367 6816 12%
c u 2880.17 178 59 121 1199 108077 1 27693921 96416 2.0 81 40 2 25 44% 8524 101367 6816 12%
c v 2880.81 179 59 121 1199 108077 1 27693921 92997 2.0 81 40 2 25 44% 8524 101367 6816 12%
c w 2885.16 186 59 121 1199 108077 1 27693921 91350 2.0 81 40 2 25 44% 8524 101367 6816 12%
c t 2885.17 186 59 121 1199 108077 1 27693921 91350 2.0 81 40 2 25 44% 8523 101367 6816 12%
c
c  seconds     switched         rate            size/glue  tier1     binary         remaining
c           MB     reductions      conflicts          size   tier2      irredundant
c            level        restarts         redundant     glue    trail         variables
c
c - 2885.42 192 60 121 1200 108078 1 27696751 67098 2.0 81 40 2 25 44% 8523 101367 6816 12%
c - 2887.85 192 61 121 1201 108090 1 27731392 66511 2.0 81 41 2 25 42% 8523 101367 6816 12%
c - 2890.28 191 58 121 1202 108106 1 27766047 68963 2.0 79 40 2 25 41% 8523 101367 6816 12%
c B 2890.93 191 58 121 1202 108108 1 27776105 77815 2.0 78 40 2 25 41% 8523 101367 6816 12%
c ] 2891.30 192 57 122 1202 108109 1 27781559 82684 2.0 78 39 2 25 41% 8523 101367 6816 12%
c { 2891.30 192 66 122 1202 108109 2 27781559 82684 2.7 64 24 2 14 55% 8523 101367 6816 12%
c - 2892.60 211 67 122 1203 108188 2 27800716 78992 2.8 64 23 2 14 55% 8523 101367 6816 12%
c - 2895.66 233 71 122 1204 108396 2 27835403 94956 2.9 65 23 2 14 56% 8523 101367 6816 12%
c - 2898.71 258 73 122 1205 108576 2 27870102 104596 2.9 64 22 2 14 56% 8523 101367 6816 12%
c - 2901.93 206 75 122 1206 108762 2 27904818 111189 3.0 63 21 2 14 57% 8523 101367 6816 12%
c - 2905.65 246 76 122 1207 109023 2 27939545 114201 3.0 62 21 2 14 56% 8523 101367 6816 12%
c - 2909.18 280 78 122 1208 109272 2 27974287 115632 3.0 61 21 2 14 56% 8523 101367 6816 12%
c - 2912.97 260 79 122 1209 109561 3 28009043 117715 3.0 61 21 2 14 56% 8523 101367 6816 12%
c - 2916.87 256 78 122 1210 109845 3 28043816 119109 2.9 61 21 2 14 55% 8523 101367 6816 12%
c - 2920.68 172 79 122 1211 110085 3 28078601 121682 3.0 61 20 2 14 55% 8523 101367 6816 12%
c o 2922.44 171 79 122 1211 110111 2 28103174 145742 3.1 60 19 2 14 55% 8523 101367 6816 12%
c - 2923.74 168 79 122 1212 110222 2 28113400 125942 3.1 60 19 2 14 55% 8523 101367 6816 12%
c - 2927.58 167 78 122 1213 110513 2 28148216 126545 3.0 59 20 2 14 54% 8523 101367 6816 12%
c - 2931.91 95 79 122 1214 110835 3 28183044 124782 3.0 59 20 2 14 54% 8523 101367 6816 12%
c - 2936.04 92 78 122 1215 111146 3 28217887 125204 3.0 60 20 2 14 54% 8523 101367 6816 12%
c
c  seconds    switched         rate             size/glue  tier1     binary         remaining
c          MB     reductions      conflicts           size   tier2      irredundant
c           level        restarts         redundant      glue    trail         variables
c
c - 2939.99 97 78 122 1216 111422 3 28252743 126429 2.9 60 20 2 14 54% 8524 101367 6816 12%
c u 2941.70 92 78 122 1216 111467 3 28258668 124411 3.0 60 20 2 14 54% 8527 101367 6816 12%
c v 2943.56 99 78 122 1216 111467 3 28258668 117733 3.0 60 20 2 14 54% 8527 101367 6816 12%
c w 2944.28 102 78 122 1216 111467 3 28258668 117714 3.0 60 20 2 14 54% 8527 101367 6816 12%
c - 2947.76 95 78 122 1217 111730 3 28287614 115244 2.9 60 21 2 14 54% 8527 101367 6816 12%
c - 2951.69 97 78 122 1218 112028 3 28322503 118229 2.9 59 21 2 14 54% 8527 101367 6816 12%
c - 2955.48 92 77 122 1219 112278 3 28357403 121298 2.9 60 20 2 14 54% 8527 101367 6816 12%
c - 2959.43 94 77 122 1220 112549 3 28392318 123864 2.9 60 20 2 14 55% 8527 101367 6816 12%
c - 2963.52 97 77 122 1221 112830 3 28427248 124712 2.9 60 21 2 14 55% 8527 101367 6816 12%
c - 2967.94 97 77 122 1222 113140 3 28462190 125572 2.9 60 21 2 14 55% 8527 101367 6816 12%
c } 2971.04 93 78 123 1222 113367 3 28488540 151325 2.9 61 21 2 14 55% 8527 101367 6816 12%
c [ 2971.04 93 57 123 1222 113367 1 28488540 151325 2.0 78 39 2 25 41% 8527 101367 6816 12%
c W 2971.29 107 57 123 1222 113367 1 28488540 151325 2.0 78 39 2 25 41% 8527 101367 6816 12%
c - 2971.90 110 57 123 1223 113373 1 28497147 123388 2.0 78 39 2 25 41% 8527 101367 6816 12%
c - 2974.56 113 52 123 1224 113388 1 28532121 110097 2.1 77 36 2 25 40% 8527 101367 6816 12%
c - 2977.55 116 47 123 1225 113397 1 28567106 90669 2.2 75 34 2 25 40% 8527 101367 6816 12%
c - 2980.74 120 44 123 1226 113412 1 28602106 90940 2.3 75 32 2 25 40% 8527 101367 6816 12%
c - 2983.99 124 43 123 1227 113428 1 28637122 91001 2.3 75 32 2 25 40% 8527 101367 6816 12%
c - 2987.49 129 43 123 1228 113429 1 28672152 84489 2.3 77 33 2 25 40% 8527 101367 6816 12%
c - 2990.81 135 44 123 1229 113443 1 28707196 81978 2.3 77 34 2 25 40% 8527 101367 6816 12%
c
c  seconds     switched         rate            size/glue  tier1     binary         remaining
c           MB     reductions      conflicts          size   tier2      irredundant
c            level        restarts         redundant     glue    trail         variables
c
c - 2994.42 138 48 123 1230 113458 1 28742255 79337 2.1 78 37 2 25 39% 8527 101367 6816 12%
c - 2997.83 141 49 123 1231 113467 1 28777327 77690 2.1 79 38 2 25 39% 8527 101367 6816 12%
c - 3001.23 145 49 123 1232 113482 1 28812415 78371 2.0 78 38 2 25 39% 8527 101367 6816 12%
c u 3003.80 151 48 123 1232 113490 1 28829617 85565 2.0 78 38 2 25 39% 8531 101367 6816 12%
c v 3004.22 153 48 123 1232 113490 1 28829617 79738 2.0 78 38 2 25 39% 8531 101367 6816 12%
c w 3007.49 164 48 123 1232 113490 1 28829617 76691 2.0 78 38 2 25 39% 8531 101367 6816 12%
c t 3007.51 164 48 123 1232 113490 1 28829617 76691 2.0 78 38 2 25 39% 8530 101367 6816 12%
c - 3009.26 175 48 123 1233 113491 1 28847514 69340 2.1 77 38 2 25 39% 8530 101367 6816 12%
c - 3012.48 180 46 123 1234 113493 1 28882629 73898 2.0 75 37 2 25 39% 8530 101367 6816 12%
c - 3015.85 184 47 123 1235 113493 1 28917757 75496 2.0 76 37 2 25 39% 8530 101367 6816 12%
c - 3019.34 159 46 123 1236 113497 1 28952899 73302 2.1 76 36 2 25 39% 8530 101367 6816 12%
c - 3022.58 163 44 123 1237 113514 1 28988060 77590 2.2 75 35 2 25 39% 8530 101367 6816 12%
c - 3025.81 167 42 123 1238 113524 1 29023232 77689 2.2 75 34 2 25 39% 8530 101367 6816 12%
c e 3027.06 168 42 123 1238 113530 1 29036701 87872 2.3 75 33 2 25 39% 8527 101400 6814 12%
c s 3027.06 168 42 123 1238 113530 1 29036701 87872 2.3 75 33 2 25 39% 8527 101393 6814 12%
c o 3027.07 174 42 123 1238 113530 1 29036701 87844 2.3 75 33 2 25 39% 8527 101393 6814 12%
c - 3029.61 131 56 123 1239 113539 1 29058419 73913 2.0 82 42 2 25 42% 8527 101393 6814 12%
c - 3033.47 133 61 123 1240 113554 1 29093618 72260 1.9 84 44 2 25 46% 8527 101393 6814 12%
c O 3036.11 136 58 123 1240 113556 1 29117123 92323 1.9 81 41 2 25 49% 8527 101393 6814 12%
c - 3037.31 137 55 123 1241 113556 1 29128831 74285 2.0 80 40 2 25 51% 8527 101393 6814 12%
c
c  seconds     switched         rate            size/glue  tier1     binary         remaining
c           MB     reductions      conflicts          size   tier2      irredundant
c            level        restarts         redundant     glue    trail         variables
c
c - 3041.57 142 48 123 1242 113569 1 29164059 82624 2.1 76 36 2 25 54% 8527 101393 6814 12%
c - 3045.94 146 47 123 1243 113585 1 29199301 83573 2.1 74 35 2 25 56% 8527 101393 6814 12%
c ] 3047.14 147 46 124 1243 113586 1 29210041 92620 2.2 74 34 2 25 56% 8527 101393 6814 12%
c { 3047.14 147 78 124 1243 113586 3 29210041 92620 2.9 61 21 2 14 55% 8527 101393 6814 12%
c - 3049.28 172 77 124 1244 113765 3 29234559 88911 2.9 60 21 2 14 54% 8527 101393 6814 12%
c - 3052.62 166 74 124 1245 114028 2 29269830 101244 2.8 59 21 2 14 53% 8527 101393 6814 12%
c - 3056.23 201 74 124 1246 114364 2 29305114 106695 2.8 60 21 2 14 52% 8527 101393 6814 12%
c - 3059.85 247 73 124 1247 114639 2 29340415 110144 2.8 59 21 2 14 51% 8527 101393 6814 12%
c - 3063.92 214 72 124 1248 114983 2 29375729 112413 2.7 60 22 2 14 51% 8527 101393 6814 12%
c u 3068.21 211 69 124 1248 115203 2 29406742 138988 2.7 60 22 2 14 51% 8531 101393 6814 12%
c v 3070.59 219 69 124 1248 115203 2 29406742 131550 2.7 60 22 2 14 51% 8531 101393 6814 12%
c w 3071.40 226 69 124 1248 115203 2 29406742 131515 2.7 60 22 2 14 51% 8531 101393 6814 12%
c t 3071.42 226 69 124 1248 115203 2 29406742 131515 2.7 60 22 2 14 51% 8530 101393 6814 12%
c f 3071.43 226 69 124 1248 115203 2 29406742 131515 2.7 60 22 2 14 51% 8530 101375 6815 12%
c u 3072.26 240 69 124 1248 115203 2 29406742 131117 2.7 60 22 2 14 51% 8532 101375 6815 12%
c v 3074.73 178 69 124 1248 115203 2 29406742 116593 2.7 60 22 2 14 51% 8533 101375 6815 12%
c w 3075.55 184 69 124 1248 115203 2 29406742 116543 2.7 60 22 2 14 51% 8533 101375 6815 12%
c - 3076.05 176 69 124 1249 115235 2 29411056 94036 2.7 60 22 2 14 50% 8533 101375 6815 12%
c - 3079.46 176 68 124 1250 115470 2 29446398 102508 2.7 59 22 2 14 50% 8533 101375 6815 12%
c - 3082.82 95 64 124 1251 115633 2 29481753 110901 2.8 59 21 2 14 51% 8533 101375 6815 12%
c
c  seconds    switched         rate             size/glue  tier1     binary         remaining
c          MB     reductions      conflicts           size   tier2      irredundant
c           level        restarts         redundant      glue    trail         variables
c
c - 3086.62 97 66 124 1252 115965 2 29517122 113412 2.8 60 22 2 14 50% 8533 101375 6815 12%
c - 3090.40 95 66 124 1253 116207 2 29552506 113163 2.9 61 21 2 14 50% 8533 101375 6815 12%
c - 3094.33 96 65 124 1254 116487 2 29587909 114223 2.8 62 22 2 14 51% 8533 101375 6815 12%
c - 3098.04 96 66 124 1255 116773 2 29623323 115123 2.8 61 22 2 14 51% 8533 101375 6815 12%
c - 3102.21 96 67 124 1256 117080 2 29658750 115723 2.8 62 22 2 14 51% 8533 101375 6815 12%
c - 3106.05 90 68 124 1257 117357 2 29694190 117678 2.8 61 22 2 14 51% 8533 101375 6815 12%
c - 3110.04 96 67 124 1258 117629 2 29729647 119049 2.8 62 22 2 14 51% 8534 101375 6815 12%
c - 3113.67 97 66 124 1259 117908 2 29765120 119355 2.7 61 23 2 14 50% 8534 101375 6815 12%
c o 3114.82 92 65 124 1259 117977 2 29776725 130436 2.7 62 23 2 14 51% 8534 101375 6815 12%
c - 3117.67 97 64 124 1260 118158 2 29800604 120390 2.7 62 23 2 14 51% 8534 101375 6815 12%
c - 3121.67 96 62 124 1261 118416 2 29836100 122299 2.7 62 23 2 14 51% 8534 101375 6815 12%
c - 3125.45 98 62 124 1262 118647 2 29871610 124420 2.7 61 22 2 14 51% 8534 101375 6815 12%
c - 3129.57 97 64 124 1263 118905 2 29907134 126296 2.7 61 22 2 14 51% 8534 101375 6815 12%
c } 3133.18 98 65 125 1263 119151 2 29938259 156479 2.7 61 22 2 14 51% 8534 101375 6815 12%
c [ 3133.18 98 46 125 1263 119151 1 29938259 156479 2.2 74 34 2 25 56% 8534 101375 6815 12%
c B 3133.18 98 46 125 1263 119151 1 29938259 156479 2.2 74 34 2 25 56% 8534 101375 6815 12%
c - 3133.73 94 46 125 1264 119154 1 29942672 125782 2.2 74 34 2 25 57% 8534 101375 6815 12%
c - 3138.47 98 50 125 1265 119171 1 29978225 110845 2.1 77 36 2 25 57% 8534 101375 6815 12%
c u 3140.79 112 49 125 1265 119178 1 29990095 114463 2.2 77 35 2 25 57% 8535 101375 6815 12%
c v 3142.81 117 49 125 1265 119178 1 29990095 98066 2.2 77 35 2 25 57% 8536 101375 6815 12%
c
c  seconds     switched         rate            size/glue  tier1     binary         remaining
c           MB     reductions      conflicts          size   tier2      irredundant
c            level        restarts         redundant     glue    trail         variables
c
c w 3143.80 126 49 125 1265 119178 1 29990095 97941 2.2 77 35 2 25 57% 8536 101375 6815 12%
c - 3146.38 137 48 125 1266 119181 1 30013792 79921 2.2 76 35 2 25 58% 8536 101375 6815 12%
c - 3150.25 142 48 125 1267 119196 1 30049373 80699 2.2 76 34 2 25 59% 8536 101375 6815 12%
c - 3154.43 148 51 125 1268 119211 1 30084967 80557 2.2 77 36 2 25 58% 8536 101375 6815 12%
c - 3158.68 150 55 125 1269 119213 1 30120577 78760 2.1 78 38 2 25 58% 8536 101375 6815 12%
c - 3163.14 154 55 125 1270 119227 1 30156200 78276 2.1 79 38 2 25 58% 8536 101375 6815 12%
c - 3167.46 159 51 125 1271 119242 1 30191837 83116 2.1 77 36 2 25 58% 8536 101375 6815 12%
c - 3172.17 165 51 125 1272 119251 1 30227489 84152 2.1 75 36 2 25 57% 8536 101375 6815 12%
c - 3175.98 132 48 125 1273 119267 1 30263154 82191 2.1 73 35 2 25 58% 8536 101375 6815 12%
c - 3180.26 136 52 125 1274 119275 1 30298834 79402 2.1 78 38 2 25 58% 8536 101375 6815 12%
c - 3184.79 140 56 125 1275 119277 1 30334528 76031 2.1 84 40 2 25 58% 8536 101375 6815 12%
c - 3189.37 145 64 125 1276 119277 1 30370237 74230 1.9 89 46 2 25 57% 8536 101375 6815 12%
c - 3194.29 148 69 125 1277 119284 1 30405959 72801 1.9 93 50 2 25 57% 8536 101375 6815 12%
c - 3199.25 152 72 125 1278 119299 1 30441694 73971 1.9 96 52 2 25 57% 8536 101375 6815 12%
c - 3204.61 112 70 125 1279 119308 1 30477444 75180 1.8 94 51 2 25 57% 8536 101375 6815 12%
c - 3209.71 118 67 125 1280 119324 1 30513208 76875 1.9 92 49 2 25 57% 8536 101375 6815 12%
c ] 3212.59 122 66 126 1280 119336 1 30532737 93552 1.9 90 49 2 25 56% 8536 101375 6815 12%
c { 3212.59 122 65 126 1280 119336 2 30532737 93552 2.7 61 22 2 14 51% 8536 101375 6815 12%
c o 3212.60 122 65 126 1280 119337 2 30532791 93604 2.7 61 22 2 14 51% 8536 101375 6815 12%
c - 3214.27 137 67 126 1281 119492 2 30548985 83514 2.7 61 23 2 14 52% 8537 101375 6815 12%
c
c  seconds     switched         rate             size/glue  tier1     binary         remaining
c           MB     reductions      conflicts           size   tier2      irredundant
c            level        restarts         redundant      glue    trail         variables
c
c u 3218.50 161 68 126 1281 119760 2 30579652 109560 2.7 62 23 2 14 53% 8540 101375 6815 12%
c v 3220.40 166 68 126 1281 119760 2 30579652 99676 2.7 62 23 2 14 53% 8540 101375 6815 12%
c w 3223.55 175 68 126 1281 119760 2 30579652 99305 2.7 62 23 2 14 53% 8540 101375 6815 12%
c t 3223.57 175 68 126 1281 119760 2 30579652 99305 2.7 62 23 2 14 53% 8539 101375 6815 12%
c - 3224.13 187 67 126 1282 119788 2 30584776 85814 2.7 62 23 2 14 53% 8539 101375 6815 12%
c - 3228.30 215 65 126 1283 120063 2 30620582 98085 2.7 62 23 2 14 55% 8539 101375 6815 12%
c - 3232.24 241 60 126 1284 120245 2 30656401 106286 2.7 62 23 2 14 57% 8539 101375 6815 12%
c s 3234.16 263 61 126 1284 120367 2 30672399 121433 2.6 62 23 2 14 56% 8539 101366 6815 12%
c e 3234.16 263 61 126 1284 120367 2 30672399 121433 2.6 62 23 2 14 56% 8530 101387 6814 12%
c - 3236.67 250 61 126 1285 120520 2 30692237 110557 2.6 62 24 2 14 56% 8530 101387 6814 12%
c - 3241.33 266 58 126 1286 120734 2 30728083 113087 2.7 63 24 2 14 57% 8530 101387 6814 12%
c - 3246.11 268 59 126 1287 121023 2 30763946 114641 2.6 63 24 2 14 56% 8530 101387 6814 12%
c - 3250.69 184 57 126 1288 121225 2 30799821 116458 2.6 62 24 2 14 57% 8530 101387 6814 12%
c - 3255.12 185 57 126 1289 121490 2 30835710 118650 2.6 62 24 2 14 57% 8530 101387 6814 12%
c - 3259.93 100 57 126 1290 121765 2 30871615 119220 2.6 63 24 2 14 57% 8530 101387 6814 12%
c - 3264.31 101 57 126 1291 121988 2 30907533 119816 2.6 64 24 2 14 57% 8530 101387 6814 12%
c - 3268.76 101 56 126 1292 122189 2 30943463 120859 2.6 63 24 2 14 58% 8530 101387 6814 12%
c - 3273.13 100 52 126 1293 122327 2 30979407 122490 2.6 62 24 2 14 58% 8530 101387 6814 12%
c - 3277.98 101 53 126 1294 122566 2 31015366 122248 2.6 61 24 2 14 57% 8530 101387 6814 12%
c - 3282.68 100 53 126 1295 122782 2 31051338 121453 2.6 62 24 2 14 57% 8531 101387 6814 12%
c
c  seconds     switched         rate             size/glue  tier1     binary         remaining
c           MB     reductions      conflicts           size   tier2      irredundant
c            level        restarts         redundant      glue    trail         variables
c
c - 3287.19 102 53 126 1296 123004 2 31087326 121533 2.6 62 24 2 14 57% 8531 101387 6814 12%
c - 3291.96 103 56 126 1297 123272 2 31123329 121471 2.6 63 24 2 14 57% 8531 101387 6814 12%
c - 3296.23 101 53 126 1298 123414 2 31159342 121558 2.6 62 24 2 14 58% 8531 101387 6814 12%
c u 3299.24 115 52 126 1298 123501 2 31175435 131132 2.6 63 24 2 14 58% 8536 101387 6814 12%
c v 3302.20 122 52 126 1298 123501 2 31175435 123316 2.6 63 24 2 14 58% 8536 101387 6814 12%
c w 3303.14 130 52 126 1298 123501 2 31175435 119419 2.6 63 24 2 14 58% 8536 101387 6814 12%
c t 3303.16 130 52 126 1298 123501 2 31175435 119419 2.6 63 24 2 14 58% 8533 101387 6814 12%
c - 3305.72 114 51 126 1299 123615 2 31195369 108235 2.6 62 24 2 14 57% 8533 101387 6814 12%
c - 3309.89 112 50 126 1300 123793 2 31231410 112937 2.6 61 24 2 14 58% 8534 101387 6814 12%
c - 3314.21 117 47 126 1301 123963 2 31267465 114988 2.5 59 24 2 14 59% 8534 101387 6814 12%
c } 3315.92 112 48 127 1301 124019 2 31282460 128686 2.5 58 23 2 14 59% 8534 101387 6814 12%
c [ 3315.92 112 66 127 1301 124019 1 31282460 128686 1.9 90 49 2 25 56% 8534 101387 6814 12%
c W 3316.09 122 66 127 1301 124019 1 31282460 128686 1.9 90 49 2 25 56% 8534 101387 6814 12%
c - 3318.84 128 64 127 1302 124032 1 31303534 109275 1.9 88 47 2 25 56% 8534 101387 6814 12%
c o 3322.94 127 60 127 1302 124046 1 31333743 134363 1.9 84 45 2 25 56% 8534 101387 6814 12%
c - 3323.69 124 62 127 1303 124047 1 31339618 91177 1.9 86 46 2 25 56% 8534 101387 6814 12%
c - 3327.99 124 66 127 1304 124056 1 31375718 78441 1.9 90 47 2 25 58% 8534 101387 6814 12%
c - 3332.37 123 60 127 1305 124074 1 31411831 76152 2.0 87 43 2 25 58% 8534 101387 6814 12%
c - 3336.46 126 62 127 1306 124081 1 31447955 78047 2.0 87 43 2 25 58% 8534 101387 6814 12%
c - 3340.76 124 72 127 1307 124085 1 31484093 80666 2.1 88 43 2 25 57% 8534 101387 6814 12%
c
c  seconds     switched         rate            size/glue  tier1     binary         remaining
c           MB     reductions      conflicts          size   tier2      irredundant
c            level        restarts         redundant     glue    trail         variables
c
c - 3344.43 125 62 127 1308 124102 1 31520245 85326 2.2 83 38 2 25 58% 8534 101387 6814 12%
c - 3348.23 127 58 127 1309 124112 1 31556413 85927 2.2 80 37 2 25 59% 8534 101387 6814 12%
c - 3352.70 120 54 127 1310 124127 1 31592594 82524 2.2 79 36 2 25 59% 8534 101387 6814 12%
c - 3357.85 125 54 127 1311 124143 1 31628787 78352 2.1 78 37 2 25 59% 8534 101387 6814 12%
c - 3362.85 126 55 127 1312 124144 1 31664994 76292 2.0 79 39 2 25 58% 8534 101387 6814 12%
c - 3368.33 126 56 127 1313 124145 1 31701216 75333 2.0 81 40 2 25 59% 8534 101387 6814 12%
c - 3373.88 126 56 127 1314 124145 1 31737455 75091 2.0 81 40 2 25 58% 8534 101387 6814 12%
c - 3379.76 122 55 127 1315 124160 1 31773705 77336 2.0 81 40 2 25 58% 8534 101387 6814 12%
c u 3381.14 123 56 127 1315 124163 1 31777469 77805 2.0 81 41 2 25 58% 8535 101387 6814 12%
c v 3381.61 124 56 127 1315 124163 1 31777469 73286 2.0 81 41 2 25 58% 8535 101387 6814 12%
c w 3384.87 130 56 127 1315 124163 1 31777469 72074 2.0 81 41 2 25 58% 8535 101387 6814 12%
c t 3384.88 130 56 127 1315 124163 1 31777469 72074 2.0 81 41 2 25 58% 8534 101387 6814 12%
c - 3389.59 124 55 127 1316 124176 1 31809968 71266 2.0 81 41 2 25 58% 8534 101387 6814 12%
c - 3394.37 124 54 127 1317 124190 1 31846245 71642 2.0 80 40 2 25 58% 8534 101387 6814 12%
c - 3399.37 123 49 127 1318 124206 1 31882535 77207 2.1 79 37 2 24 58% 8534 101387 6814 12%
c - 3404.69 125 46 127 1319 124208 1 31918839 81351 2.2 77 35 2 24 57% 8534 101387 6814 12%
c ] 3408.64 121 46 128 1319 124214 1 31945595 103520 2.2 78 35 2 24 57% 8534 101387 6814 12%
c { 3408.64 121 48 128 1319 124214 2 31945595 103520 2.5 58 23 2 14 59% 8534 101387 6814 12%
c - 3409.80 126 50 128 1320 124296 2 31955158 82186 2.5 59 23 2 14 59% 8534 101387 6814 12%
c - 3413.64 121 54 128 1321 124605 2 31991490 92160 2.6 61 24 2 14 58% 8535 101387 6814 12%
c
c  seconds     switched         rate             size/glue  tier1     binary         remaining
c           MB     reductions      conflicts           size   tier2      irredundant
c            level        restarts         redundant      glue    trail         variables
c
c - 3417.56 124 56 128 1322 124842 2 32027837 100790 2.6 62 24 2 14 58% 8535 101387 6814 12%
c - 3421.69 125 56 128 1323 125044 2 32064196 105739 2.6 62 23 2 14 58% 8535 101387 6814 12%
c - 3425.78 122 55 128 1324 125209 2 32100569 110173 2.7 63 23 2 14 59% 8536 101387 6814 12%
c o 3426.08 125 55 128 1324 125217 2 32103893 113367 2.7 63 23 2 14 59% 8536 101387 6814 12%
c - 3429.94 126 51 128 1325 125359 2 32136957 114555 2.7 61 23 2 14 59% 8536 101387 6814 12%
c - 3434.66 126 51 128 1326 125599 2 32173357 117253 2.7 61 23 2 14 59% 8536 101387 6814 12%
c - 3439.44 127 48 128 1327 125780 2 32209771 118985 2.6 59 22 2 14 59% 8536 101387 6814 12%
c - 3444.22 127 48 128 1328 126006 2 32246199 120777 2.6 59 23 2 14 59% 8536 101387 6814 12%
c - 3448.99 125 49 128 1329 126232 2 32282640 121859 2.7 60 23 2 14 59% 8536 101387 6814 12%
c - 3453.60 128 48 128 1330 126412 2 32319095 123916 2.7 61 22 2 14 59% 8536 101387 6814 12%
c - 3458.34 128 48 128 1331 126634 2 32355569 125365 2.7 61 22 2 14 59% 8536 101387 6814 12%
c u 3463.56 126 50 128 1331 126831 2 32385755 149002 2.7 61 22 2 14 59% 8542 101385 6814 12%
c v 3467.11 135 50 128 1331 126831 2 32385755 143501 2.7 61 22 2 14 59% 8542 101385 6814 12%
c w 3468.17 143 50 128 1331 126831 2 32385755 139243 2.7 61 22 2 14 59% 8542 101385 6814 12%
c t 3468.19 143 50 128 1331 126831 2 32385755 139243 2.7 61 22 2 14 59% 8540 101385 6814 12%
c - 3469.03 127 49 128 1332 126850 2 32392054 114748 2.7 61 22 2 14 59% 8540 101385 6814 12%
c - 3473.37 127 49 128 1333 127044 2 32428552 118144 2.7 60 22 2 14 58% 8540 101385 6814 12%
c - 3477.86 128 48 128 1334 127222 2 32465062 122173 2.7 60 22 2 14 59% 8540 101385 6814 12%
c - 3482.65 128 47 128 1335 127467 2 32501585 122262 2.7 60 22 2 14 59% 8541 101385 6814 12%
c - 3487.52 129 46 128 1336 127652 2 32538123 123697 2.7 59 22 2 14 59% 8541 101385 6814 12%
c
c  seconds    switched         rate             size/glue  tier1     binary         remaining
c          MB     reductions      conflicts           size   tier2      irredundant
c           level        restarts         redundant      glue    trail         variables
c
c - 3492.38 96 46 128 1337 127857 2 32574674 125757 2.6 58 22 2 14 58% 8541 101385 6814 12%
c - 3497.29 93 48 128 1338 128097 2 32611241 126237 2.7 60 23 2 14 58% 8541 101385 6814 12%
c - 3502.28 96 47 128 1339 128284 2 32647820 127070 2.7 60 22 2 14 59% 8541 101385 6814 12%
c - 3506.94 95 46 128 1340 128455 2 32684412 128971 2.7 60 22 2 14 59% 8541 101385 6814 12%
c } 3511.36 93 45 129 1340 128617 2 32717088 158787 2.7 59 22 2 14 58% 8541 101385 6814 12%
c [ 3511.36 93 46 129 1340 128617 1 32717088 158787 2.2 78 35 2 24 57% 8541 101385 6814 12%
c I 3511.36 93 46 129 1340 128617 1 32717088 158787 2.2 78 35 2 24 57% 8541 101385 6814 12%
c - 3511.78 98 48 129 1341 128619 1 32721018 127470 2.2 79 36 2 24 57% 8541 101385 6814 12%
c - 3515.85 98 47 129 1342 128637 1 32757637 112332 2.2 78 35 2 24 58% 8541 101385 6814 12%
c - 3520.49 98 48 129 1343 128647 1 32794270 85848 2.1 76 36 2 24 59% 8541 101385 6814 12%
c - 3525.02 99 46 129 1344 128662 1 32830916 81251 2.2 75 35 2 24 59% 8541 101385 6814 12%
c - 3530.33 98 44 129 1345 128678 1 32867577 84397 2.2 73 34 2 24 58% 8541 101385 6814 12%
c - 3535.24 99 43 129 1346 128679 1 32904254 88548 2.2 73 33 2 24 57% 8541 101385 6814 12%
c - 3540.63 98 45 129 1347 128694 1 32940943 86981 2.2 75 34 2 24 56% 8541 101385 6814 12%
c - 3545.90 92 47 129 1348 128709 1 32977645 82516 2.1 76 36 2 24 55% 8541 101385 6814 12%
c o 3548.48 97 46 129 1348 128712 1 32997031 98414 2.1 76 36 2 24 55% 8541 101385 6814 12%
c u 3549.87 95 48 129 1348 128714 1 33000294 97143 2.1 77 36 2 24 55% 8542 101385 6814 12%
c v 3550.80 98 48 129 1348 128714 1 33000294 91187 2.1 77 36 2 24 55% 8542 101385 6814 12%
c w 3553.25 110 48 129 1348 128714 1 33000294 88052 2.1 77 36 2 24 55% 8542 101385 6814 12%
c x 3554.50 122 48 129 1348 128714 1 33000294 88022 2.1 77 36 2 24 55% 8552 101292 6814 12%
c
c  seconds     switched         rate            size/glue  tier1     binary         remaining
c           MB     reductions      conflicts          size   tier2      irredundant
c            level        restarts         redundant     glue    trail         variables
c
c t 3554.52 122 48 129 1348 128714 1 33000294 88022 2.1 77 36 2 24 55% 8548 101292 6814 12%
c - 3556.32 126 54 129 1349 128722 1 33014360 70745 2.0 80 39 2 24 55% 8548 101292 6814 12%
c - 3560.43 128 54 129 1350 128739 1 33051090 74536 2.1 80 39 2 24 56% 8548 101292 6814 12%
c - 3564.88 130 54 129 1351 128742 1 33087833 75939 2.2 82 38 2 24 57% 8548 101292 6814 12%
c - 3569.95 144 53 129 1352 128743 1 33124588 76075 2.1 81 38 2 24 57% 8548 101292 6814 12%
c - 3575.40 151 53 129 1353 128743 1 33161358 75958 2.1 80 38 2 24 57% 8548 101292 6814 12%
c - 3580.92 156 56 129 1354 128757 1 33198141 75915 2.0 81 41 2 24 56% 8548 101292 6814 12%
c - 3586.64 164 58 129 1355 128773 1 33234937 74283 2.0 83 42 2 24 57% 8548 101292 6814 12%
c - 3591.70 171 59 129 1356 128782 1 33271748 75667 2.0 85 42 2 24 57% 8548 101292 6814 12%
c - 3596.44 176 55 129 1357 128800 1 33308574 77500 2.0 81 40 2 24 58% 8548 101292 6814 12%
c - 3601.95 152 56 129 1358 128806 1 33345412 77223 2.0 82 41 2 24 57% 8548 101292 6814 12%
c - 3607.84 161 54 129 1359 128813 1 33382264 75580 2.1 82 40 2 24 57% 8548 101292 6814 12%
c B 3609.63 164 53 129 1359 128820 1 33394744 85970 2.0 80 39 2 24 56% 8548 101292 6814 12%
c ] 3612.53 120 53 130 1359 128828 1 33416428 105175 2.1 81 39 2 24 57% 8548 101292 6814 12%
c { 3612.53 120 45 130 1359 128828 2 33416428 105175 2.7 59 22 2 14 58% 8548 101292 6814 12%
c - 3612.75 121 45 130 1360 128830 2 33419129 79831 2.7 59 22 2 14 59% 8548 101292 6814 12%
c - 3616.21 125 38 130 1361 128830 2 33456008 102889 3.2 66 21 2 14 59% 8548 101292 6814 12%
c - 3620.36 131 34 130 1362 128830 1 33492899 123066 3.6 71 19 2 14 60% 8548 101292 6814 12%
c - 3625.35 147 30 130 1363 128832 1 33529804 131600 4.0 75 19 2 14 60% 8548 101292 6814 12%
c - 3630.39 159 27 130 1364 128832 1 33566722 137173 4.3 77 18 2 14 60% 8548 101292 6814 12%
c
c  seconds     switched         rate             size/glue  tier1     binary         remaining
c           MB     reductions      conflicts           size   tier2      irredundant
c            level        restarts         redundant      glue    trail         variables
c
c - 3635.74 172 25 130 1365 128834 1 33603655 140771 4.6 78 17 2 14 61% 8548 101292 6814 12%
c u 3638.50 182 24 130 1365 128836 1 33621081 153891 4.6 75 17 2 14 60% 8550 101292 6814 12%
c v 3643.69 196 24 130 1365 128836 1 33621081 152510 4.6 75 17 2 14 60% 8550 101292 6814 12%
c w 3645.04 215 24 130 1365 128836 1 33621081 151790 4.6 75 17 2 14 60% 8550 101292 6814 12%
c t 3645.06 215 24 130 1365 128836 1 33621081 151790 4.6 75 17 2 14 60% 8548 101292 6814 12%
c - 3646.94 190 24 130 1366 128838 1 33640600 137473 4.8 77 16 2 14 59% 8548 101292 6814 12%
c - 3649.34 206 23 130 1367 128848 1 33677560 130280 4.8 74 15 2 14 54% 8548 101292 6814 12%
c - 3652.02 220 22 130 1368 128868 1 33714532 127413 4.5 68 15 2 14 50% 8548 101292 6814 12%
c - 3653.96 236 22 130 1369 128870 1 33751518 128246 4.7 64 14 2 14 48% 8549 101292 6814 12%
c - 3655.90 250 22 130 1370 128871 1 33788518 126137 4.8 60 13 2 14 47% 8549 101292 6814 12%
c o 3656.23 260 22 130 1370 128872 1 33794418 131987 4.8 60 12 2 14 47% 8549 101292 6814 12%
c - 3658.31 222 23 130 1371 128961 1 33825531 130387 4.9 60 12 2 14 46% 8551 101292 6814 12%
c - 3661.06 251 24 130 1372 129116 1 33862559 129938 4.7 56 12 2 14 45% 8553 101292 6814 12%
c - 3663.82 308 24 130 1373 129263 1 33899599 129973 4.7 53 11 2 14 44% 8557 101292 6814 12%
c - 3666.62 320 26 130 1374 129463 1 33936653 132261 4.6 51 11 2 14 44% 8563 101292 6814 12%
c - 3669.73 263 27 130 1375 129715 1 33973721 135028 4.6 51 11 2 14 45% 8566 101292 6814 12%
c - 3672.41 261 27 130 1376 129918 1 34010801 137398 4.5 48 11 2 14 42% 8570 101292 6814 12%
c i 3675.14 263 27 130 1376 130173 1 34044660 170929 4.4 47 11 2 14 42% 8580 101292 6812 12%
c - 3675.52 264 27 130 1377 130220 1 34047896 139050 4.4 48 11 2 14 42% 8561 101292 6812 12%
c i 3676.91 261 27 130 1377 130342 1 34063820 154763 4.5 49 11 2 14 43% 8568 101292 6811 12%
c
c  seconds     switched         rate             size/glue  tier1     binary         remaining
c           MB     reductions      conflicts           size   tier2      irredundant
c            level        restarts         redundant      glue    trail         variables
c
c - 3679.11 172 28 130 1378 130577 1 34085003 140608 4.5 49 11 2 14 43% 8561 101292 6811 12%
c s 3680.48 171 27 130 1378 130709 1 34103167 158619 4.4 48 11 2 14 42% 8563 101237 6811 12%
c e 3680.50 171 27 130 1378 130709 1 34103167 158619 4.4 48 11 2 14 42% 8549 101274 6809 12%
c s 3680.50 171 27 130 1378 130709 1 34103167 158619 4.4 48 11 2 14 42% 8549 101260 6809 12%
c - 3682.00 198 27 130 1379 130823 1 34122126 142295 4.3 47 11 2 14 42% 8552 101260 6809 12%
c - 3684.58 198 26 130 1380 131027 1 34159260 143910 4.2 44 11 2 14 41% 8554 101260 6809 12%
c - 3686.53 198 24 130 1381 131135 1 34196410 145644 4.2 43 10 2 14 37% 8554 101260 6809 12%
c } 3687.57 141 24 131 1381 131244 1 34209962 158989 4.3 43 10 2 14 37% 8555 101260 6809 12%
c [ 3687.57 141 53 131 1381 131244 1 34209962 158989 2.1 81 39 2 24 57% 8555 101260 6809 12%
c W 3687.60 147 53 131 1381 131244 1 34209962 158989 2.1 81 39 2 24 57% 8555 101260 6809 12%
c - 3690.07 152 53 131 1382 131257 1 34233571 131745 2.1 80 38 2 24 57% 8556 101260 6809 12%
c u 3692.90 157 54 131 1382 131263 1 34248144 134379 2.1 81 39 2 24 58% 8571 101251 6809 12%
c v 3694.40 181 54 131 1382 131263 1 34248144 133964 2.1 81 39 2 24 58% 8571 101251 6809 12%
c w 3695.06 185 54 131 1382 131263 1 34248144 133873 2.1 81 39 2 24 58% 8571 101251 6809 12%
c t 3695.08 185 54 131 1382 131263 1 34248144 133873 2.1 81 39 2 24 58% 8561 101251 6809 12%
c - 3698.25 200 53 131 1383 131273 1 34270747 96101 2.1 79 38 2 24 58% 8561 101251 6809 12%
c - 3703.41 203 55 131 1384 131284 1 34307939 77848 2.0 80 40 2 24 57% 8561 101251 6809 12%
c - 3708.80 126 54 131 1385 131302 1 34345144 75281 2.0 80 39 2 24 58% 8561 101251 6809 12%
c - 3713.29 129 48 131 1386 131306 1 34382360 81685 2.2 79 36 2 24 59% 8561 101251 6809 12%
c - 3717.49 134 49 131 1387 131314 1 34419589 87767 2.2 77 35 2 24 57% 8561 101251 6809 12%
c
c  seconds     switched         rate            size/glue  tier1     binary         remaining
c           MB     reductions      conflicts          size   tier2      irredundant
c            level        restarts         redundant     glue    trail         variables
c
c - 3720.29 140 58 131 1388 131332 1 34456831 84918 2.0 77 38 2 24 51% 8561 101251 6809 12%
c - 3723.21 144 65 131 1389 131341 1 34494088 78218 1.8 77 43 2 24 46% 8561 101251 6809 12%
c - 3726.24 148 64 131 1390 131359 1 34531358 73816 1.7 74 44 2 24 43% 8561 101251 6809 12%
c - 3729.51 151 64 131 1391 131368 1 34568641 71056 1.6 73 45 2 24 41% 8561 101251 6809 12%
c - 3732.52 155 65 131 1392 131370 1 34605940 69471 1.6 73 47 2 24 39% 8561 101251 6809 12%
c - 3735.56 158 65 131 1393 131370 1 34643250 69526 1.5 73 48 2 24 38% 8561 101251 6809 12%
c - 3738.63 166 64 131 1394 131377 1 34680573 69636 1.5 73 49 2 24 38% 8561 101251 6809 12%
c - 3742.09 166 64 131 1395 131395 1 34717910 71327 1.5 72 49 2 24 37% 8561 101251 6809 12%
c - 3745.40 122 68 131 1396 131404 1 34755259 73462 1.5 73 50 2 24 36% 8561 101251 6809 12%
c - 3748.90 136 69 131 1397 131423 1 34792624 72470 1.5 74 51 2 24 36% 8561 101251 6809 12%
c o 3749.32 144 68 131 1397 131426 1 34798752 77884 1.5 73 50 2 24 36% 8561 101251 6809 12%
c ] 3753.01 159 78 132 1397 131432 1 34829310 104910 1.5 82 56 2 24 41% 8561 101251 6809 12%
c { 3753.01 159 24 132 1397 131432 1 34829310 104910 4.3 43 10 2 14 37% 8561 101251 6809 12%
c - 3753.12 163 24 132 1398 131444 1 34830002 74033 4.2 44 10 2 14 37% 8561 101251 6809 12%
c - 3757.07 263 42 132 1399 132084 2 34867391 86203 3.1 48 15 2 14 42% 8561 101251 6809 12%
c u 3759.43 311 48 132 1399 132303 2 34881508 95605 3.0 49 16 2 14 43% 8573 101251 6808 12%
c v 3760.91 313 48 132 1399 132303 2 34881508 82984 3.0 49 16 2 14 43% 8577 101251 6808 12%
c w 3763.38 316 48 132 1399 132303 2 34881508 82537 3.0 49 16 2 14 43% 8577 101251 6808 12%
c t 3763.39 264 48 132 1399 132303 2 34881508 82524 3.0 49 16 2 14 43% 8576 101234 6808 12%
c u 3764.08 273 48 132 1399 132303 2 34881508 81960 3.0 49 16 2 14 43% 8581 101234 6808 12%
c
c  seconds     switched         rate            size/glue  tier1     binary         remaining
c           MB     reductions      conflicts          size   tier2      irredundant
c            level        restarts         redundant     glue    trail         variables
c
c v 3765.02 275 48 132 1399 132303 2 34881508 77399 3.0 49 16 2 14 43% 8582 101234 6808 12%
c w 3768.12 277 48 132 1399 132303 2 34881508 76133 3.0 49 16 2 14 43% 8582 101234 6808 12%
c t 3768.13 277 48 132 1399 132303 2 34881508 76133 3.0 49 16 2 14 43% 8581 101234 6808 12%
c i 3768.13 277 48 132 1399 132303 2 34881508 76133 3.0 49 16 2 14 43% 8581 101234 6808 12%
c - 3770.40 347 56 132 1400 132612 2 34904794 84477 2.8 50 18 2 14 44% 8573 101234 6808 12%
c - 3774.69 263 61 132 1401 133078 3 34942212 99863 2.7 52 20 2 14 46% 8573 101234 6808 12%
c - 3779.10 263 64 132 1402 133457 3 34979641 108662 2.6 54 21 2 14 49% 8574 101234 6808 12%
c - 3783.45 266 68 132 1403 133829 3 35017085 114065 2.6 56 21 2 14 50% 8574 101234 6808 12%
c - 3787.91 149 67 132 1404 134108 3 35054544 117583 2.6 56 22 2 14 51% 8574 101234 6808 12%
c - 3792.40 152 65 132 1405 134378 2 35092015 120271 2.6 57 22 2 14 52% 8574 101234 6808 12%
c - 3797.20 96 63 132 1406 134683 2 35129498 120919 2.6 58 22 2 14 53% 8574 101234 6808 12%
c - 3802.13 96 60 132 1407 134937 2 35166994 121296 2.6 59 23 2 14 54% 8574 101234 6808 12%
c - 3806.91 97 60 132 1408 135174 2 35204504 123652 2.6 58 23 2 14 54% 8574 101234 6808 12%
c - 3811.47 96 51 132 1409 135252 2 35242027 126889 2.6 57 22 2 14 56% 8574 101234 6808 12%
c - 3816.73 99 51 132 1410 135481 2 35279563 128883 2.6 57 22 2 14 56% 8574 101234 6808 12%
c - 3821.69 98 53 132 1411 135764 2 35317113 127763 2.6 57 22 2 14 56% 8574 101234 6808 12%
c - 3826.66 96 52 132 1412 135980 2 35354677 128564 2.6 57 22 2 14 56% 8574 101234 6808 12%
c - 3831.75 97 53 132 1413 136219 2 35392255 129758 2.6 57 22 2 14 56% 8574 101234 6808 12%
c - 3837.05 96 52 132 1414 136476 2 35429846 129031 2.6 57 22 2 14 57% 8574 101234 6808 12%
c - 3841.84 100 55 132 1415 136713 2 35467451 130820 2.6 57 22 2 14 56% 8574 101234 6808 12%
c
c  seconds    switched         rate             size/glue  tier1     binary         remaining
c          MB     reductions      conflicts           size   tier2      irredundant
c           level        restarts         redundant      glue    trail         variables
c
c - 3847.14 98 56 132 1416 137014 2 35505068 131265 2.6 57 22 2 14 55% 8574 101234 6808 12%
c u 3850.20 97 56 132 1416 137077 2 35521149 139565 2.6 57 22 2 14 55% 8583 101234 6808 12%
c v 3853.60 104 56 132 1416 137077 2 35521149 132192 2.6 57 22 2 14 55% 8583 101234 6808 12%
c w 3854.62 108 56 132 1416 137077 2 35521149 129600 2.6 57 22 2 14 55% 8583 101234 6808 12%
c t 3863.21 110 56 132 1416 137077 2 35521149 129600 2.6 57 22 2 14 55% 8578 101234 6808 12%
c - 3866.18 97 55 132 1417 137250 2 35542699 117163 2.6 57 22 2 14 56% 8578 101234 6808 12%
c - 3870.30 101 55 132 1418 137467 2 35580345 121078 2.6 56 22 2 14 56% 8578 101234 6808 12%
c - 3874.83 98 52 132 1419 137645 2 35618001 123461 2.6 56 22 2 14 55% 8578 101234 6808 12%
c o 3875.09 99 51 132 1419 137648 2 35620196 125491 2.6 57 22 2 14 55% 8578 101234 6808 12%
c } 3878.20 99 52 133 1419 137836 2 35645154 149123 2.6 57 22 2 14 55% 8578 101234 6808 12%
c [ 3878.20 99 78 133 1419 137836 1 35645154 149123 1.5 82 56 2 24 41% 8578 101234 6808 12%
c O 3878.20 99 78 133 1419 137836 1 35645154 149123 1.5 82 56 2 24 41% 8578 101234 6808 12%
c - 3879.40 102 74 133 1420 137842 1 35655671 121066 1.5 81 53 2 24 43% 8578 101234 6808 12%
c - 3884.12 98 66 133 1421 137860 1 35693355 106040 1.7 81 48 2 24 49% 8578 101234 6808 12%
c - 3889.35 101 60 133 1422 137869 1 35731053 83699 1.8 79 44 2 24 52% 8578 101234 6808 12%
c - 3894.66 101 56 133 1423 137888 1 35768764 81203 1.9 79 41 2 24 53% 8578 101234 6808 12%
c - 3900.04 96 51 133 1424 137897 1 35806486 79617 2.0 79 38 2 24 55% 8578 101234 6808 12%
c - 3905.72 99 50 133 1425 137901 1 35844222 81018 2.1 79 38 2 24 54% 8578 101234 6808 12%
c - 3911.45 98 49 133 1426 137919 1 35881973 79988 2.1 79 37 2 24 54% 8578 101234 6808 12%
c s 3914.08 100 49 133 1426 137927 1 35899177 94001 2.1 79 38 2 24 55% 8581 101211 6808 12%
c
c  seconds     switched         rate            size/glue  tier1     binary         remaining
c           MB     reductions      conflicts          size   tier2      irredundant
c            level        restarts         redundant     glue    trail         variables
c
c e 3914.09 100 49 133 1426 137927 1 35899177 94001 2.1 79 38 2 24 55% 8559 101286 6804 12%
c s 3914.09 100 49 133 1426 137927 1 35899177 94001 2.1 79 38 2 24 55% 8559 101262 6804 12%
c e 3914.10 100 49 133 1426 137927 1 35899177 94001 2.1 79 38 2 24 55% 8559 101277 6803 12%
c - 3916.48 123 50 133 1427 137929 1 35919736 79932 2.1 78 38 2 24 55% 8559 101277 6803 12%
c - 3921.27 124 51 133 1428 137945 1 35957511 81806 2.0 77 38 2 24 56% 8559 101277 6803 12%
c - 3926.23 130 51 133 1429 137960 1 35995303 80646 2.0 77 38 2 24 56% 8559 101277 6803 12%
c - 3930.89 135 53 133 1430 137961 1 36033105 80501 2.0 79 40 2 24 57% 8559 101277 6803 12%
c - 3935.78 139 56 133 1431 137962 1 36070921 78454 1.9 82 42 2 24 57% 8559 101277 6803 12%
c - 3940.76 143 58 133 1432 137966 1 36108749 77087 1.9 83 43 2 24 58% 8559 101277 6803 12%
c - 3945.53 148 61 133 1433 137984 1 36146590 77900 1.9 83 45 2 24 58% 8559 101277 6803 12%
c u 3948.94 156 61 133 1433 137992 1 36167094 91582 1.8 83 45 2 24 58% 8559 101277 6803 12%
c v 3949.58 158 61 133 1433 137992 1 36167094 85499 1.8 83 45 2 24 58% 8559 101277 6803 12%
c w 3954.94 170 61 133 1433 137992 1 36167094 82844 1.8 83 45 2 24 58% 8559 101277 6803 12%
c t 3954.95 170 61 133 1433 137992 1 36167094 82844 1.8 83 45 2 24 58% 8558 101277 6803 12%
c f 3954.95 170 61 133 1433 137992 1 36167094 82844 1.8 83 45 2 24 58% 8562 101256 6804 12%
c u 3955.69 181 61 133 1433 137992 1 36167094 82223 1.8 83 45 2 24 58% 8563 101256 6804 12%
c v 3956.09 182 61 133 1433 137992 1 36167094 79382 1.8 83 45 2 24 58% 8563 101256 6804 12%
c w 3961.69 187 61 133 1433 137992 1 36167094 77377 1.8 83 45 2 24 58% 8563 101256 6804 12%
c - 3963.79 185 63 133 1434 137993 1 36184445 65013 1.8 83 46 2 24 58% 8563 101256 6804 12%
c - 3968.12 192 60 133 1435 138011 1 36222314 68300 1.8 81 44 2 24 59% 8563 101256 6804 12%
c
c  seconds     switched         rate            size/glue  tier1     binary         remaining
c           MB     reductions      conflicts          size   tier2      irredundant
c            level        restarts         redundant     glue    trail         variables
c
c - 3972.62 160 56 133 1436 138024 1 36260197 72838 1.9 78 41 2 24 60% 8563 101256 6804 12%
c - 3977.40 165 55 133 1437 138025 1 36298091 72842 1.9 78 41 2 24 59% 8563 101256 6804 12%
c - 3982.26 172 52 133 1438 138042 1 36336001 72680 2.0 77 39 2 24 60% 8563 101256 6804 12%
c B 3984.99 175 49 133 1438 138055 1 36360451 93866 2.1 77 37 2 24 59% 8563 101256 6804 12%
c - 3986.68 118 49 133 1439 138056 1 36373921 78361 2.1 78 37 2 24 60% 8563 101256 6804 12%
c ] 3989.10 120 49 134 1439 138063 1 36393034 94534 2.1 78 37 2 24 60% 8563 101256 6804 12%
c { 3989.10 120 52 134 1439 138063 2 36393034 94534 2.6 57 22 2 14 55% 8563 101256 6804 12%
c - 3990.57 130 54 134 1440 138088 2 36411858 86351 2.6 53 20 2 14 51% 8564 101256 6804 12%
c o 3993.00 141 56 134 1440 138123 2 36441776 115005 2.6 50 19 2 14 47% 8565 101256 6804 12%
c - 3993.66 144 56 134 1441 138126 2 36449805 107303 2.8 51 18 2 14 47% 8565 101256 6804 12%
c - 3996.82 158 54 134 1442 138166 2 36487765 120198 2.9 48 17 2 14 44% 8565 101256 6804 12%
c - 3999.37 172 55 134 1443 138242 2 36525738 125576 2.8 43 15 2 14 40% 8566 101256 6804 12%
c - 4002.29 194 59 134 1444 138412 2 36563725 128487 2.8 40 14 2 14 39% 8568 101256 6804 12%
c - 4004.98 226 63 134 1445 138618 2 36601725 131269 2.7 37 14 2 14 36% 8569 101256 6804 12%
c - 4007.82 211 63 134 1446 138800 2 36639739 133918 2.6 35 13 2 14 35% 8571 101256 6804 12%
c - 4010.52 248 65 134 1447 139049 2 36677766 136233 2.5 33 13 2 14 33% 8575 101256 6804 12%
c - 4013.46 289 67 134 1448 139325 3 36715805 138263 2.4 31 13 2 14 32% 8576 101256 6804 12%
c - 4016.27 307 66 134 1449 139564 3 36753858 140947 2.4 30 12 2 14 31% 8577 101256 6804 12%
c - 4019.26 238 67 134 1450 139887 3 36791924 143362 2.4 30 12 2 14 31% 8578 101256 6804 12%
c u 4022.58 238 66 134 1450 140059 3 36819364 157258 2.4 30 12 2 14 31% 8592 101256 6803 12%
c
c  seconds     switched         rate             size/glue  tier1     binary         remaining
c           MB     reductions      conflicts           size   tier2      irredundant
c            level        restarts         redundant      glue    trail         variables
c
c v 4024.43 245 66 134 1450 140059 3 36819364 155001 2.4 30 12 2 14 31% 8592 101256 6803 12%
c w 4025.22 246 66 134 1450 140059 3 36819364 154915 2.4 30 12 2 14 31% 8592 101256 6803 12%
c t 4025.23 246 66 134 1450 140059 3 36819364 154896 2.4 30 12 2 14 31% 8591 101249 6803 12%
c u 4026.35 246 66 134 1450 140059 3 36819364 153091 2.4 30 12 2 14 31% 8591 101249 6803 12%
c v 4028.68 246 66 134 1450 140059 3 36819364 148776 2.4 30 12 2 14 31% 8591 101249 6803 12%
c w 4029.42 247 66 134 1450 140059 3 36819364 148587 2.4 30 12 2 14 31% 8591 101249 6803 12%
c i 4029.43 174 66 134 1450 140059 3 36819364 148587 2.4 30 12 2 14 31% 8591 101249 6803 12%
c - 4030.33 166 66 134 1451 140128 3 36830002 126625 2.5 30 12 2 14 31% 8577 101249 6803 12%
c - 4033.25 168 68 134 1452 140463 3 36868094 130842 2.5 30 12 2 14 32% 8578 101249 6803 12%
c - 4036.29 167 69 134 1453 140823 3 36906199 134191 2.5 31 13 2 14 33% 8580 101249 6803 12%
c - 4039.19 167 69 134 1454 141125 3 36944317 136667 2.4 31 12 2 14 32% 8580 101249 6803 12%
c - 4042.10 104 69 134 1455 141441 3 36982451 139215 2.4 30 13 2 14 32% 8581 101249 6803 12%
c - 4044.82 104 67 134 1456 141730 3 37020596 141362 2.4 30 12 2 14 31% 8582 101249 6803 12%
c - 4047.98 102 67 134 1457 142056 3 37058754 143337 2.4 30 12 2 14 32% 8583 101249 6803 12%
c - 4050.83 102 66 134 1458 142339 3 37096927 145352 2.5 31 12 2 14 32% 8585 101249 6803 12%
c - 4053.63 100 67 134 1459 142654 3 37135114 146937 2.4 30 12 2 14 31% 8585 101249 6803 12%
c - 4056.79 103 66 134 1460 142989 3 37173311 148229 2.4 30 13 2 14 32% 8585 101249 6803 12%
c - 4060.01 105 67 134 1461 143285 3 37211520 150323 2.4 31 13 2 14 32% 8586 101249 6803 12%
c } 4061.54 98 66 135 1461 143427 3 37231446 169515 2.5 31 12 2 14 32% 8586 101249 6803 12%
c [ 4061.54 98 49 135 1461 143427 1 37231446 169515 2.1 78 37 2 24 60% 8586 101249 6803 12%
c
c  seconds     switched         rate             size/glue  tier1     binary         remaining
c           MB     reductions      conflicts           size   tier2      irredundant
c            level        restarts         redundant      glue    trail         variables
c
c W 4061.83 113 49 135 1461 143427 1 37231446 169515 2.1 78 37 2 24 60% 8586 101249 6803 12%
c - 4063.91 118 47 135 1462 143438 1 37249743 143627 2.2 79 35 2 24 60% 8586 101249 6803 12%
c - 4069.18 123 46 135 1463 143455 1 37287980 121450 2.3 80 34 2 24 60% 8586 101249 6803 12%
c - 4074.55 126 46 135 1464 143465 1 37326231 104322 2.3 80 34 2 24 59% 8586 101249 6803 12%
c - 4080.20 130 45 135 1465 143484 1 37364493 100667 2.3 80 34 2 24 58% 8586 101249 6803 12%
c - 4085.78 134 43 135 1466 143489 1 37402771 102918 2.4 80 33 2 24 58% 8586 101249 6803 12%
c - 4091.52 140 42 135 1467 143497 1 37441059 105778 2.4 80 33 2 24 58% 8586 101249 6803 12%
c o 4091.62 140 42 135 1467 143498 1 37441712 106353 2.4 80 33 2 24 58% 8586 101249 6803 12%
c u 4097.99 153 65 135 1467 143515 1 37477940 124284 1.9 94 48 2 24 57% 8593 101249 6803 12%
c v 4099.22 156 65 135 1467 143515 1 37477940 116022 1.9 94 48 2 24 57% 8597 101249 6803 12%
c w 4101.73 200 65 135 1467 143515 1 37477940 113824 1.9 94 48 2 24 57% 8597 101249 6803 12%
c t 4101.75 200 65 135 1467 143515 1 37477940 113824 1.9 94 48 2 24 57% 8593 101249 6803 12%
c - 4101.97 210 65 135 1468 143516 1 37479360 82294 1.9 94 48 2 24 57% 8593 101249 6803 12%
c - 4106.40 169 63 135 1469 143526 1 37517675 77519 2.0 93 47 2 24 58% 8593 101249 6803 12%
c - 4111.06 177 60 135 1470 143543 1 37556003 79298 2.0 91 44 2 24 59% 8593 101249 6803 12%
c - 4115.71 183 56 135 1471 143552 1 37594344 82406 2.1 88 42 2 24 60% 8593 101249 6803 12%
c - 4120.50 148 50 135 1472 143553 1 37632699 87746 2.3 86 38 2 24 60% 8593 101249 6803 12%
c - 4125.31 153 47 135 1473 143553 1 37671069 94540 2.4 85 36 2 24 61% 8593 101249 6803 12%
c - 4130.46 163 50 135 1474 143566 1 37709448 93689 2.3 86 37 2 24 60% 8593 101249 6803 12%
c - 4135.26 116 50 135 1475 143582 1 37747842 89001 2.3 85 37 2 24 61% 8593 101249 6803 12%
c
c  seconds     switched         rate            size/glue  tier1     binary         remaining
c           MB     reductions      conflicts          size   tier2      irredundant
c            level        restarts         redundant     glue    trail         variables
c
c s 4135.46 116 50 135 1475 143583 1 37749581 90453 2.3 85 37 2 24 61% 8593 101240 6803 12%
c - 4139.88 121 50 135 1476 143592 1 37786247 87461 2.2 84 37 2 24 59% 8593 101240 6803 12%
c ] 4139.89 121 50 136 1476 143593 1 37786300 87501 2.2 84 37 2 24 59% 8593 101240 6803 12%
c { 4139.89 121 66 136 1476 143593 3 37786300 87501 2.5 31 12 2 14 32% 8593 101240 6803 12%
c - 4144.56 158 68 136 1477 144266 3 37824666 95127 2.3 42 18 2 14 39% 8593 101240 6803 12%
c - 4149.19 202 69 136 1478 144818 3 37863102 107024 2.3 49 21 2 14 43% 8593 101240 6803 12%
c - 4154.15 250 66 136 1479 145249 3 37901546 115140 2.4 53 23 2 14 47% 8593 101240 6803 12%
c - 4158.69 247 64 136 1480 145495 3 37940003 122075 2.5 56 23 2 14 50% 8593 101240 6803 12%
c - 4163.51 248 60 136 1481 145757 2 37978473 126419 2.5 57 23 2 14 52% 8594 101240 6803 12%
c - 4168.90 179 60 136 1482 146061 2 38016957 127415 2.5 60 24 2 14 53% 8594 101240 6803 12%
c - 4174.16 180 57 136 1483 146279 2 38055454 128730 2.5 60 24 2 14 55% 8594 101240 6803 12%
c - 4179.55 112 56 136 1484 146545 2 38093963 129532 2.6 62 24 2 14 56% 8594 101240 6803 12%
c - 4184.87 114 54 136 1485 146788 2 38132485 129434 2.6 63 24 2 14 56% 8594 101240 6803 12%
c u 4187.39 110 53 136 1485 146853 2 38142840 133410 2.6 64 24 2 14 56% 8601 101240 6803 12%
c v 4190.54 116 53 136 1485 146853 2 38142840 116225 2.6 64 24 2 14 56% 8601 101240 6803 12%
c w 4192.04 123 53 136 1485 146853 2 38142840 115696 2.6 64 24 2 14 56% 8601 101240 6803 12%
c t 4192.05 123 53 136 1485 146853 2 38142840 115696 2.6 64 24 2 14 56% 8593 101240 6803 12%
c - 4195.62 111 53 136 1486 147007 2 38171020 112954 2.6 64 24 2 14 57% 8593 101240 6803 12%
c - 4200.52 111 54 136 1487 147312 2 38209568 115465 2.6 64 25 2 14 56% 8593 101240 6803 12%
c - 4205.27 113 55 136 1488 147571 2 38248131 116601 2.6 64 25 2 14 57% 8593 101240 6803 12%
c
c  seconds     switched         rate             size/glue  tier1     binary         remaining
c           MB     reductions      conflicts           size   tier2      irredundant
c            level        restarts         redundant      glue    trail         variables
c
c o 4209.25 113 54 136 1488 147723 2 38282367 147632 2.7 65 25 2 14 58% 8593 101240 6803 12%
c - 4209.94 111 54 136 1489 147764 2 38286709 119445 2.6 65 25 2 14 58% 8593 101240 6803 12%
c - 4214.34 112 53 136 1490 147954 2 38325298 122047 2.6 64 24 2 14 57% 8593 101240 6803 12%
c - 4219.54 109 53 136 1491 148216 2 38363901 121835 2.6 64 24 2 14 57% 8593 101240 6803 12%
c - 4224.52 112 51 136 1492 148401 2 38402517 121563 2.7 65 24 2 14 58% 8593 101240 6803 12%
c - 4230.02 114 52 136 1493 148733 2 38441144 121043 2.6 65 25 2 14 58% 8593 101240 6803 12%
c - 4235.24 113 50 136 1494 148910 2 38479783 120515 2.6 63 25 2 14 58% 8593 101240 6803 12%
c - 4240.72 111 48 136 1495 149122 2 38518435 121107 2.6 63 25 2 14 58% 8593 101240 6803 12%
c - 4246.03 113 50 136 1496 149379 2 38557102 120603 2.5 63 25 2 14 58% 8593 101240 6803 12%
c - 4251.02 112 51 136 1497 149626 2 38595780 121652 2.5 63 25 2 14 59% 8593 101240 6803 12%
c - 4256.05 112 49 136 1498 149821 2 38634474 123366 2.6 63 25 2 14 59% 8593 101240 6803 12%
c } 4257.62 110 49 137 1498 149875 2 38647548 135171 2.6 63 24 2 14 59% 8593 101240 6803 12%
c [ 4257.62 110 50 137 1498 149875 1 38647548 135171 2.2 84 37 2 24 59% 8593 101240 6803 12%
c I 4257.62 110 50 137 1498 149875 1 38647548 135171 2.2 84 37 2 24 59% 8593 101240 6803 12%
c - 4260.33 111 60 137 1499 149889 1 38673179 115894 2.0 85 42 2 24 58% 8593 101240 6803 12%
c - 4264.51 109 60 137 1500 149904 1 38711895 97362 2.0 84 41 2 24 57% 8593 101240 6803 12%
c - 4268.78 113 61 137 1501 149919 1 38750627 83507 2.0 84 42 2 24 56% 8593 101240 6803 12%
c - 4273.21 108 58 137 1502 149935 1 38789369 82453 2.0 83 40 2 24 56% 8593 101240 6803 12%
c u 4276.90 108 59 137 1502 149937 1 38814091 100384 2.0 83 41 2 24 56% 8597 101240 6803 12%
c v 4277.42 111 59 137 1502 149937 1 38814091 94816 2.0 83 41 2 24 56% 8597 101240 6803 12%
c
c  seconds     switched         rate            size/glue  tier1     binary         remaining
c           MB     reductions      conflicts          size   tier2      irredundant
c            level        restarts         redundant     glue    trail         variables
c
c w 4282.31 129 59 137 1502 149937 1 38814091 91836 2.0 83 41 2 24 56% 8597 101240 6803 12%
c - 4283.86 109 59 137 1503 149937 1 38828124 74139 2.0 83 42 2 24 55% 8597 101240 6803 12%
c - 4287.73 110 57 137 1504 149951 1 38866895 75038 2.0 81 41 2 24 54% 8597 101240 6803 12%
c - 4291.37 111 56 137 1505 149967 1 38905676 79135 2.1 81 39 2 24 54% 8597 101240 6803 12%
c - 4295.58 113 50 137 1506 149980 1 38944472 84551 2.2 77 36 2 24 54% 8597 101240 6803 12%
c - 4300.28 113 48 137 1507 149997 1 38983280 86945 2.1 74 35 2 24 53% 8597 101240 6803 12%
c - 4305.17 113 44 137 1508 150000 1 39022103 85061 2.2 72 33 2 24 54% 8597 101240 6803 12%
c - 4310.00 111 44 137 1509 150001 1 39060938 88900 2.2 73 33 2 24 53% 8597 101240 6803 12%
c - 4315.40 113 48 137 1510 150001 1 39099784 83907 2.1 76 36 2 24 53% 8597 101240 6803 12%
c - 4320.50 110 50 137 1511 150016 1 39138644 80367 2.1 77 37 2 24 53% 8597 101240 6803 12%
c - 4325.13 112 50 137 1512 150032 1 39177515 81495 2.2 80 37 2 24 53% 8597 101240 6803 12%
c - 4330.00 106 52 137 1513 150047 1 39216399 79603 2.1 80 38 2 24 54% 8597 101240 6803 12%
c o 4332.02 110 51 137 1513 150055 1 39234048 95107 2.2 80 37 2 24 54% 8597 101240 6803 12%
c - 4334.14 110 56 137 1514 150063 1 39255298 79848 2.1 82 40 2 24 55% 8597 101240 6803 12%
c - 4338.18 110 65 137 1515 150064 1 39294208 78587 1.9 87 45 2 24 57% 8597 101240 6803 12%
c - 4342.58 112 65 137 1516 150079 1 39333132 77593 1.9 86 45 2 24 57% 8597 101240 6803 12%
c - 4346.93 112 65 137 1517 150095 1 39372067 77415 1.9 85 45 2 24 56% 8597 101240 6803 12%
c B 4350.43 111 67 137 1517 150105 1 39401188 103275 1.8 86 48 2 24 56% 8597 101240 6803 12%
c - 4351.38 108 66 137 1518 150110 1 39411016 73824 1.8 85 47 2 24 56% 8597 101240 6803 12%
c - 4355.55 110 63 137 1519 150125 1 39449977 73917 1.8 82 45 2 24 55% 8597 101240 6803 12%
c
c  seconds     switched         rate            size/glue  tier1     binary         remaining
c           MB     reductions      conflicts          size   tier2      irredundant
c            level        restarts         redundant     glue    trail         variables
c
c - 4359.18 108 60 137 1520 150127 1 39488953 75278 1.9 79 42 2 24 54% 8597 101240 6803 12%
c u 4360.20 112 59 137 1520 150127 1 39491672 75904 1.9 79 42 2 24 54% 8597 101240 6803 12%
c v 4360.59 112 59 137 1520 150127 1 39491672 72439 1.9 79 42 2 24 54% 8597 101240 6803 12%
c w 4362.21 115 59 137 1520 150127 1 39491672 71478 1.9 79 42 2 24 54% 8597 101240 6803 12%
c x 4363.38 110 59 137 1520 150127 1 39491672 71450 1.9 79 42 2 24 54% 8627 101085 6802 12%
c t 4363.39 110 59 137 1520 150127 1 39491672 71440 1.9 79 42 2 24 54% 8625 101082 6802 12%
c u 4364.11 122 59 137 1520 150127 1 39491672 71094 1.9 79 42 2 24 54% 8618 101082 6802 12%
c v 4364.38 123 59 137 1520 150127 1 39491672 69226 1.9 79 42 2 24 54% 8618 101082 6802 12%
c w 4365.78 126 59 137 1520 150127 1 39491672 66548 1.9 79 42 2 24 54% 8618 101082 6802 12%
c t 4365.79 126 59 137 1520 150127 1 39491672 66548 1.9 79 42 2 24 54% 8617 101082 6802 12%
c i 4365.80 126 59 137 1520 150127 1 39491672 66548 1.9 79 42 2 24 54% 8617 101082 6802 12%
c - 4369.45 129 57 137 1521 150128 1 39527940 68788 1.9 75 40 2 24 53% 8617 101082 6802 12%
c ] 4370.38 129 56 138 1521 150128 1 39538297 77812 1.9 75 40 2 24 53% 8617 101082 6802 12%
c { 4370.38 129 49 138 1521 150128 2 39538297 77812 2.6 63 24 2 14 59% 8617 101082 6802 12%
c - 4372.97 131 54 138 1522 150342 2 39566940 81374 2.6 63 25 2 14 58% 8618 101082 6802 12%
c - 4376.60 131 53 138 1523 150552 2 39605957 96729 2.6 63 24 2 14 56% 8618 101082 6802 12%
c - 4380.51 129 55 138 1524 150760 2 39644984 104669 2.5 61 24 2 14 54% 8618 101082 6802 12%
c s 4381.49 131 56 138 1524 150817 2 39654825 114197 2.6 62 24 2 14 53% 8619 101074 6802 12%
c e 4381.51 131 56 138 1524 150817 2 39654825 114197 2.6 62 24 2 14 53% 8597 101173 6796 12%
c s 4381.51 131 56 138 1524 150817 2 39654825 114197 2.6 62 24 2 14 53% 8597 101147 6796 12%
c
c  seconds     switched         rate             size/glue  tier1     binary         remaining
c           MB     reductions      conflicts           size   tier2      irredundant
c            level        restarts         redundant      glue    trail         variables
c
c - 4384.58 142 56 138 1525 150947 2 39684023 110329 2.6 62 23 2 14 54% 8597 101147 6796 12%
c - 4388.62 146 59 138 1526 151193 2 39723074 115604 2.6 61 23 2 14 52% 8597 101147 6796 12%
c - 4393.39 141 59 138 1527 151491 2 39762138 116290 2.6 61 23 2 14 51% 8597 101147 6796 12%
c - 4397.84 142 57 138 1528 151691 2 39801214 117037 2.6 60 23 2 14 50% 8597 101147 6796 12%
c - 4402.32 147 58 138 1529 151987 2 39840303 118308 2.5 60 24 2 14 50% 8597 101147 6796 12%
c - 4406.55 146 58 138 1530 152241 2 39879406 119570 2.5 59 24 2 14 50% 8597 101147 6796 12%
c - 4411.07 146 61 138 1531 152573 2 39918525 121182 2.5 59 24 2 14 49% 8597 101147 6796 12%
c - 4415.82 145 59 138 1532 152829 2 39957652 122195 2.5 61 24 2 14 50% 8598 101147 6796 12%
c - 4420.50 116 56 138 1533 153014 2 39996793 124537 2.6 61 24 2 14 50% 8598 101147 6796 12%
c - 4425.08 112 56 138 1534 153235 2 40035947 128023 2.6 60 23 2 14 50% 8598 101147 6796 12%
c - 4429.83 116 53 138 1535 153463 2 40075114 129775 2.6 60 23 2 14 50% 8598 101147 6796 12%
c o 4432.17 112 55 138 1535 153604 2 40094052 147509 2.6 59 23 2 14 50% 8598 101147 6796 12%
c - 4434.84 113 53 138 1536 153684 2 40114294 130177 2.6 59 23 2 14 51% 8598 101147 6796 12%
c - 4439.84 115 52 138 1537 153917 2 40153487 131296 2.6 59 23 2 14 50% 8599 101147 6796 12%
c u 4443.60 110 53 138 1537 154050 2 40175622 145766 2.6 59 23 2 14 50% 8601 101147 6796 12%
c v 4446.97 120 53 138 1537 154050 2 40175622 136712 2.6 59 23 2 14 50% 8601 101147 6796 12%
c w 4448.01 127 53 138 1537 154050 2 40175622 134937 2.6 59 23 2 14 50% 8601 101147 6796 12%
c t 4448.03 127 53 138 1537 154050 2 40175622 134937 2.6 59 23 2 14 50% 8596 101147 6796 12%
c f 4448.04 127 53 138 1537 154050 2 40175622 134937 2.6 59 23 2 14 50% 8598 101128 6797 12%
c u 4448.95 145 53 138 1537 154050 2 40175622 134343 2.6 59 23 2 14 50% 8600 101128 6797 12%
c
c  seconds     switched         rate             size/glue  tier1     binary         remaining
c           MB     reductions      conflicts           size   tier2      irredundant
c            level        restarts         redundant      glue    trail         variables
c
c v 4452.15 150 53 138 1537 154050 2 40175622 117531 2.6 59 23 2 14 50% 8600 101128 6797 12%
c w 4453.48 155 53 138 1537 154050 2 40175622 116262 2.6 59 23 2 14 50% 8600 101128 6797 12%
c t 4453.50 155 53 138 1537 154050 2 40175622 116262 2.6 59 23 2 14 50% 8599 101128 6797 12%
c - 4455.41 178 53 138 1538 154136 2 40192691 104874 2.6 60 23 2 14 50% 8599 101128 6797 12%
c - 4459.94 311 53 138 1539 154427 2 40231913 111260 2.6 60 23 2 14 51% 8600 101128 6797 12%
c - 4464.20 453 53 138 1540 154642 2 40271144 117639 2.6 59 23 2 14 50% 8600 101128 6797 12%
c - 4468.89 570 55 138 1541 154946 2 40310386 120581 2.6 60 23 2 14 50% 8600 101128 6797 12%
c - 4473.53 574 56 138 1542 155197 2 40349641 122104 2.6 60 23 2 14 49% 8600 101128 6797 12%
c - 4477.95 472 57 138 1543 155429 2 40388911 125492 2.6 60 23 2 14 49% 8600 101128 6797 12%
c } 4482.07 469 56 139 1543 155679 2 40422642 156566 2.5 59 23 2 14 49% 8600 101128 6797 12%
c [ 4482.07 469 56 139 1543 155679 1 40422642 156566 1.9 75 40 2 24 53% 8600 101128 6797 12%
c W 4482.26 472 56 139 1543 155679 1 40422642 156566 1.9 75 40 2 24 53% 8600 101128 6797 12%
c - 4482.92 476 55 139 1544 155683 1 40428192 125393 1.9 75 39 2 24 53% 8600 101128 6797 12%
c - 4487.61 305 52 139 1545 155700 1 40467488 113550 2.0 74 37 2 24 55% 8600 101128 6797 12%
c - 4492.59 300 51 139 1546 155712 1 40506794 91378 2.0 75 36 2 24 57% 8600 101128 6797 12%
c - 4497.27 302 50 139 1547 155731 1 40546116 86135 2.1 76 36 2 24 57% 8600 101128 6797 12%
c - 4501.97 113 48 139 1548 155740 1 40585447 86804 2.2 75 35 2 24 58% 8600 101128 6797 12%
c - 4506.83 111 48 139 1549 155746 1 40624792 84841 2.2 76 35 2 24 58% 8600 101128 6797 12%
c - 4512.19 116 49 139 1550 155763 1 40664149 84381 2.1 76 36 2 24 57% 8600 101128 6797 12%
c - 4517.67 111 49 139 1551 155774 1 40703522 82359 2.1 76 37 2 24 57% 8600 101128 6797 12%
c
c  seconds     switched         rate            size/glue  tier1     binary         remaining
c           MB     reductions      conflicts          size   tier2      irredundant
c            level        restarts         redundant     glue    trail         variables
c
c - 4522.61 114 49 139 1552 155794 1 40742904 84590 2.1 77 37 2 24 58% 8600 101128 6797 12%
c - 4527.72 116 48 139 1553 155803 1 40782302 86098 2.1 75 36 2 24 58% 8600 101128 6797 12%
c - 4532.57 112 45 139 1554 155805 1 40821710 87389 2.2 74 34 2 24 58% 8600 101128 6797 12%
c - 4537.43 116 45 139 1555 155805 1 40861132 86159 2.1 73 34 2 24 58% 8600 101128 6797 12%
c u 4538.81 112 45 139 1555 155805 1 40865927 87004 2.1 74 35 2 24 58% 8602 101128 6797 12%
c v 4539.50 114 45 139 1555 155805 1 40865927 80926 2.1 74 35 2 24 58% 8602 101128 6797 12%
c w 4544.24 122 45 139 1555 155805 1 40865927 79328 2.1 74 35 2 24 58% 8602 101128 6797 12%
c t 4544.25 122 45 139 1555 155805 1 40865927 79328 2.1 74 35 2 24 58% 8601 101128 6797 12%
c - 4547.89 115 47 139 1556 155818 1 40900565 76570 2.1 73 35 2 24 59% 8601 101128 6797 12%
c - 4552.22 116 51 139 1557 155835 1 40940012 78928 2.1 76 37 2 24 58% 8601 101128 6797 12%
c - 4557.45 113 53 139 1558 155846 1 40979470 77516 2.0 78 38 2 24 58% 8601 101128 6797 12%
c - 4562.38 113 51 139 1559 155865 1 41018941 78724 2.1 78 37 2 24 59% 8601 101128 6797 12%
c - 4567.22 115 47 139 1560 155868 1 41058428 84869 2.2 77 35 2 24 59% 8601 101128 6797 12%
c - 4573.22 116 48 139 1561 155881 1 41097924 82824 2.2 76 35 2 24 60% 8602 101128 6797 12%
c - 4579.47 111 48 139 1562 155898 1 41137435 80935 2.1 76 36 2 24 60% 8602 101128 6797 12%
c - 4585.44 114 50 139 1563 155909 1 41176957 81697 2.1 77 37 2 24 59% 8602 101128 6797 12%
c ] 4585.74 114 50 140 1563 155911 1 41179021 83372 2.0 77 37 2 24 59% 8602 101128 6797 12%
c { 4585.74 114 56 140 1563 155911 2 41179021 83372 2.5 59 23 2 14 49% 8602 101128 6797 12%
c o 4585.78 108 56 140 1563 155916 2 41179294 83618 2.5 59 23 2 14 49% 8602 101128 6797 12%
c - 4589.31 116 63 140 1564 156221 2 41216491 94603 2.7 63 24 2 14 51% 8602 101128 6797 12%
c
c  seconds     switched         rate             size/glue  tier1     binary         remaining
c           MB     reductions      conflicts           size   tier2      irredundant
c            level        restarts         redundant      glue    trail         variables
c
c - 4593.32 117 65 140 1565 156515 2 41256038 107717 2.7 64 24 2 14 51% 8602 101128 6797 12%
c - 4598.09 112 64 140 1566 156863 2 41295598 110325 2.6 65 25 2 14 53% 8602 101128 6797 12%
c - 4602.81 115 63 140 1567 157147 2 41335172 112424 2.6 65 25 2 14 54% 8602 101128 6797 12%
c - 4607.36 118 60 140 1568 157368 2 41374757 116786 2.6 64 25 2 14 56% 8602 101128 6797 12%
c - 4611.76 118 62 140 1569 157612 2 41414354 120976 2.7 65 24 2 14 54% 8602 101128 6797 12%
c - 4616.78 113 65 140 1570 157963 2 41453964 122148 2.6 65 25 2 14 54% 8603 101128 6797 12%
c - 4622.21 118 62 140 1571 158224 2 41493587 122352 2.6 65 25 2 14 55% 8603 101128 6797 12%
c - 4627.14 118 59 140 1572 158407 2 41533222 125525 2.7 65 24 2 14 55% 8603 101128 6797 12%
c u 4632.29 114 60 140 1572 158615 2 41562609 147714 2.7 65 24 2 14 55% 8604 101128 6797 12%
c v 4636.45 123 60 140 1572 158615 2 41562609 135758 2.7 65 24 2 14 55% 8604 101128 6797 12%
c w 4637.81 134 60 140 1572 158615 2 41562609 135006 2.7 65 24 2 14 55% 8604 101128 6797 12%
c - 4639.16 118 59 140 1573 158672 2 41572870 112610 2.6 64 24 2 14 54% 8604 101128 6797 12%
c - 4644.27 115 59 140 1574 158936 2 41612531 114968 2.6 64 24 2 14 54% 8604 101128 6797 12%
c s 4644.65 115 59 140 1574 158953 2 41615326 117539 2.6 64 24 2 14 54% 8605 101126 6797 12%
c e 4644.65 115 59 140 1574 158953 2 41615326 117539 2.6 64 24 2 14 54% 8602 101143 6796 12%
c s 4644.65 115 59 140 1574 158953 2 41615326 117539 2.6 64 24 2 14 54% 8603 101131 6796 12%
c - 4649.49 129 57 140 1575 159173 2 41652204 118223 2.6 63 24 2 14 55% 8604 101131 6796 12%
c - 4654.33 129 50 140 1576 159312 2 41691894 123685 2.7 61 23 2 14 55% 8604 101131 6796 12%
c - 4660.64 130 50 140 1577 159617 2 41731593 125503 2.6 62 24 2 14 56% 8604 101131 6796 12%
c - 4666.72 126 50 140 1578 159862 2 41771306 125459 2.6 61 24 2 14 55% 8604 101131 6796 12%
c
c  seconds     switched         rate             size/glue  tier1     binary         remaining
c           MB     reductions      conflicts           size   tier2      irredundant
c            level        restarts         redundant      glue    trail         variables
c
c - 4672.44 126 48 140 1579 160109 2 41811031 127073 2.6 61 24 2 14 56% 8604 101131 6796 12%
c - 4678.27 131 49 140 1580 160363 2 41850767 127915 2.6 61 24 2 14 56% 8604 101131 6796 12%
c - 4683.66 130 48 140 1581 160569 2 41890516 130947 2.6 62 23 2 14 56% 8604 101131 6796 12%
c - 4688.98 128 43 140 1582 160686 2 41930278 133669 2.7 61 23 2 14 56% 8604 101131 6796 12%
c - 4694.26 147 47 140 1583 160905 2 41970052 134802 2.7 61 23 2 14 55% 8604 101131 6796 12%
c - 4700.09 143 49 140 1584 161209 2 42009838 132174 2.6 62 23 2 14 55% 8604 101131 6796 12%
c - 4705.91 143 47 140 1585 161408 2 42049637 132225 2.6 61 23 2 14 55% 8604 101131 6796 12%
c o 4707.61 146 47 140 1585 161465 2 42062159 143537 2.6 61 23 2 14 55% 8604 101131 6796 12%
c } 4711.07 148 48 141 1585 161596 2 42086719 166296 2.6 61 23 2 14 55% 8604 101131 6796 12%
c [ 4711.07 148 50 141 1585 161596 1 42086719 166296 2.0 77 37 2 24 59% 8604 101131 6796 12%
c O 4711.07 148 50 141 1585 161596 1 42086719 166296 2.0 77 37 2 24 59% 8604 101131 6796 12%
c - 4711.39 149 49 141 1586 161598 1 42089450 134336 2.1 77 37 2 24 59% 8604 101131 6796 12%
c - 4715.77 150 45 141 1587 161617 1 42129274 126701 2.3 78 34 2 24 59% 8604 101131 6796 12%
c - 4720.72 133 46 141 1588 161627 1 42169111 101770 2.3 79 34 2 24 59% 8604 101131 6796 12%
c - 4725.63 143 46 141 1589 161647 1 42208960 89373 2.3 79 34 2 24 59% 8604 101131 6796 12%
c - 4730.45 142 49 141 1590 161657 1 42248822 85483 2.1 79 37 2 24 58% 8604 101131 6796 12%
c u 4733.30 99 52 141 1590 161658 1 42265667 94965 2.1 81 38 2 24 58% 8605 101131 6796 12%
c v 4733.99 100 52 141 1590 161658 1 42265667 87643 2.1 81 38 2 24 58% 8605 101131 6796 12%
c w 4739.22 112 52 141 1590 161658 1 42265667 85313 2.1 81 38 2 24 58% 8605 101131 6796 12%
c t 4739.23 112 52 141 1590 161658 1 42265667 85313 2.1 81 38 2 24 58% 8602 101131 6796 12%
c
c  seconds     switched         rate            size/glue  tier1     binary         remaining
c           MB     reductions      conflicts          size   tier2      irredundant
c            level        restarts         redundant     glue    trail         variables
c
c - 4741.96 100 55 141 1591 161662 1 42288698 72910 2.1 82 40 2 24 58% 8602 101131 6796 12%
c - 4746.90 97 59 141 1592 161680 1 42328586 72929 1.9 84 43 2 24 57% 8602 101131 6796 12%
c - 4751.69 100 63 141 1593 161692 1 42368485 76191 1.9 87 45 2 24 58% 8602 101131 6796 12%
c - 4756.24 95 58 141 1594 161711 1 42408397 81085 2.0 83 42 2 24 58% 8602 101131 6796 12%
c - 4761.23 98 51 141 1595 161721 1 42448322 85371 2.1 80 38 2 24 59% 8602 101131 6796 12%
c - 4766.14 100 49 141 1596 161722 1 42488262 89515 2.2 79 36 2 24 60% 8602 101131 6796 12%
c - 4771.75 102 52 141 1597 161722 1 42528213 87589 2.1 82 39 2 24 60% 8602 101131 6796 12%
c - 4777.20 103 53 141 1598 161736 1 42568179 82012 2.1 81 39 2 24 60% 8602 101131 6796 12%
c - 4782.62 100 50 141 1599 161752 1 42608153 83013 2.1 79 38 2 24 60% 8602 101131 6796 12%
c - 4788.23 99 47 141 1600 161766 1 42648140 86369 2.1 76 36 2 24 60% 8602 101131 6796 12%
c - 4793.45 99 47 141 1601 161783 1 42688140 88196 2.1 76 36 2 24 60% 8602 101131 6796 12%
c - 4797.87 99 53 141 1602 161785 1 42728155 84788 2.0 80 39 2 24 61% 8602 101131 6796 12%
c - 4802.10 101 59 141 1603 161800 1 42768179 78605 2.0 84 43 2 24 60% 8602 101131 6796 12%
c - 4806.80 100 64 141 1604 161815 1 42808218 76352 1.9 87 47 2 24 59% 8602 101131 6796 12%
c - 4811.60 102 66 141 1605 161830 1 42848267 74070 1.8 87 48 2 24 57% 8602 101131 6796 12%
c B 4815.26 102 60 141 1605 161845 1 42879389 100354 1.9 84 44 2 24 58% 8602 101131 6796 12%
c - 4816.16 99 66 141 1606 161846 1 42888329 76551 1.9 87 47 2 24 58% 8602 101131 6796 12%
c - 4820.51 100 77 141 1607 161848 1 42928403 77796 1.8 92 52 2 24 58% 8602 101131 6796 12%
c ] 4824.63 97 83 142 1607 161849 1 42963520 111099 1.7 95 55 2 24 58% 8602 101131 6796 12%
c { 4824.63 97 48 142 1607 161849 2 42963520 111099 2.6 61 23 2 14 55% 8602 101131 6796 12%
c
c  seconds    switched         rate             size/glue  tier1     binary         remaining
c          MB     reductions      conflicts           size   tier2      irredundant
c           level        restarts         redundant      glue    trail         variables
c
c o 4824.65 97 48 142 1607 161852 2 42963683 111253 2.6 61 23 2 14 55% 8602 101131 6796 12%
c - 4825.22 101 48 142 1608 161902 2 42968493 74333 2.6 61 24 2 14 55% 8602 101131 6796 12%
c u 4826.47 96 50 142 1608 161930 2 42975101 78766 2.6 62 23 2 14 55% 8603 101131 6796 12%
c v 4827.13 100 50 142 1608 161930 2 42975101 72599 2.6 62 23 2 14 55% 8603 101131 6796 12%
c w 4828.74 102 50 142 1608 161930 2 42975101 71593 2.6 62 23 2 14 55% 8603 101131 6796 12%
c - 4831.71 101 58 142 1609 162173 2 43008592 85026 2.7 62 23 2 14 54% 8603 101131 6796 12%
c - 4835.69 103 64 142 1610 162481 2 43048704 104692 2.7 63 23 2 14 54% 8603 101131 6796 12%
c - 4839.91 104 70 142 1611 162735 2 43088828 113661 2.7 63 23 2 14 53% 8603 101131 6796 12%
c - 4844.82 105 74 142 1612 163137 2 43128965 117155 2.6 63 24 2 14 53% 8603 101131 6796 12%
c - 4849.16 100 77 142 1613 163438 2 43169114 120161 2.7 63 24 2 14 53% 8603 101131 6796 12%
c - 4853.93 104 77 142 1614 163755 2 43209277 123353 2.6 62 24 2 14 53% 8603 101131 6796 12%
c - 4858.79 100 75 142 1615 164091 2 43249452 123914 2.6 62 24 2 14 53% 8603 101131 6796 12%
c - 4863.67 100 74 142 1616 164389 2 43289639 125311 2.6 62 24 2 14 53% 8603 101131 6796 12%
c - 4868.01 105 71 142 1617 164639 2 43329841 128964 2.7 64 23 2 14 53% 8603 101131 6796 12%
c - 4872.62 105 72 142 1618 164977 2 43370054 130585 2.7 63 24 2 14 53% 8603 101131 6796 12%
c - 4877.63 104 72 142 1619 165264 2 43410278 131789 2.7 63 23 2 14 53% 8603 101131 6796 12%
c - 4882.82 101 71 142 1620 165593 2 43450515 132487 2.6 63 24 2 14 53% 8603 101131 6796 12%
c - 4887.39 101 71 142 1621 165838 2 43490766 133762 2.7 62 23 2 14 53% 8603 101131 6796 12%
c - 4892.28 103 70 142 1622 166103 2 43531029 135557 2.7 63 23 2 14 53% 8603 101131 6796 12%
c - 4897.36 102 74 142 1623 166443 2 43571303 136204 2.7 63 24 2 14 52% 8603 101131 6796 12%
c
c  seconds     switched         rate             size/glue  tier1     binary         remaining
c           MB     reductions      conflicts           size   tier2      irredundant
c            level        restarts         redundant      glue    trail         variables
c
c - 4902.60 101 73 142 1624 166727 2 43611591 136579 2.7 64 24 2 14 53% 8603 101131 6796 12%
c s 4905.20 105 70 142 1624 166865 2 43631568 155391 2.7 63 24 2 14 54% 8603 101129 6796 12%
c - 4907.94 99 68 142 1625 166982 2 43651890 137441 2.7 63 24 2 14 55% 8603 101129 6796 12%
c u 4913.87 103 69 142 1625 167223 2 43690938 166586 2.7 64 23 2 14 53% 8607 101129 6796 12%
c v 4917.22 112 69 142 1625 167223 2 43690938 159456 2.7 64 23 2 14 53% 8607 101129 6796 12%
c w 4918.40 120 69 142 1625 167223 2 43690938 159294 2.7 64 23 2 14 53% 8607 101129 6796 12%
c - 4918.65 105 69 142 1626 167245 2 43692201 125634 2.7 64 23 2 14 53% 8607 101129 6796 12%
c - 4923.28 107 70 142 1627 167574 2 43732526 127801 2.7 64 24 2 14 53% 8607 101129 6796 12%
c - 4928.11 104 69 142 1628 167874 2 43772865 129263 2.7 64 24 2 14 55% 8607 101129 6796 12%
c - 4932.95 106 70 142 1629 168186 2 43813213 130992 2.7 64 24 2 14 54% 8607 101129 6796 12%
c - 4937.84 105 70 142 1630 168479 2 43853573 132574 2.7 64 24 2 14 53% 8607 101129 6796 12%
c o 4938.96 98 71 142 1630 168562 2 43863719 142426 2.7 64 24 2 14 53% 8607 101129 6796 12%
c - 4943.06 103 69 142 1631 168790 2 43893948 133010 2.6 63 24 2 14 54% 8607 101129 6796 12%
c } 4943.16 103 69 143 1631 168790 2 43894833 133773 2.6 63 24 2 14 54% 8607 101129 6796 12%
c [ 4943.16 103 83 143 1631 168790 1 43894833 133773 1.7 95 55 2 24 58% 8607 101129 6796 12%
c W 4943.23 108 83 143 1631 168790 1 43894833 133773 1.7 95 55 2 24 58% 8607 101129 6796 12%
c - 4948.22 134 82 143 1632 168810 1 43934333 117785 1.7 95 54 2 24 59% 8607 101129 6796 12%
c - 4953.85 152 76 143 1633 168820 1 43974731 93030 1.8 92 52 2 24 59% 8607 101129 6796 12%
c - 4958.83 161 67 143 1634 168840 1 44015142 89786 1.9 88 47 2 24 60% 8607 101129 6796 12%
c - 4963.50 164 58 143 1635 168851 1 44055564 93843 2.1 85 41 2 24 60% 8607 101129 6796 12%
c
c  seconds     switched         rate            size/glue  tier1     binary         remaining
c           MB     reductions      conflicts          size   tier2      irredundant
c            level        restarts         redundant     glue    trail         variables
c
c - 4968.80 168 54 143 1636 168856 1 44096001 91587 2.1 84 39 2 24 61% 8607 101129 6796 12%
c - 4974.71 174 51 143 1637 168874 1 44136448 90993 2.2 82 37 2 24 61% 8607 101129 6796 12%
c - 4980.93 180 51 143 1638 168886 1 44176908 92742 2.2 83 37 2 24 60% 8607 101129 6796 12%
c - 4986.83 156 51 143 1639 168905 1 44217383 91678 2.2 83 38 2 24 59% 8607 101129 6796 12%
c - 4992.76 163 51 143 1640 168915 1 44257870 89754 2.1 82 38 2 24 58% 8607 101129 6796 12%
c - 4998.93 118 50 143 1641 168916 1 44298368 88409 2.1 82 38 2 24 58% 8607 101129 6796 12%
c - 5004.29 123 50 143 1642 168916 1 44338877 90921 2.2 83 38 2 24 58% 8607 101129 6796 12%
c - 5009.88 131 50 143 1643 168931 1 44379398 92488 2.2 82 38 2 24 58% 8607 101129 6796 12%
c u 5015.91 141 50 143 1643 168946 1 44413176 115676 2.1 82 38 2 24 57% 8611 101129 6796 12%
c v 5017.04 144 50 143 1643 168946 1 44413176 107309 2.1 82 38 2 24 57% 8612 101129 6796 12%
c w 5022.94 167 50 143 1643 168946 1 44413176 103498 2.1 82 38 2 24 57% 8612 101129 6796 12%
c = 5033.74 168 50 143 1643 168946 1 44413176 103498 2.1 82 38 2 24 57% 8612 101112 6795 12%
c t 5033.75 168 50 143 1643 168946 1 44413176 103489 2.1 82 38 2 24 57% 8615 101108 6795 12%
c u 5034.63 178 50 143 1643 168946 1 44413176 102786 2.1 82 38 2 24 57% 8616 101108 6795 12%
c v 5035.35 181 50 143 1643 168946 1 44413176 99027 2.1 82 38 2 24 57% 8616 101108 6795 12%
c w 5041.97 197 50 143 1643 168946 1 44413176 97547 2.1 82 38 2 24 57% 8616 101108 6795 12%
c - 5042.81 207 50 143 1644 168947 1 44419931 77072 2.1 81 38 2 23 57% 8610 101108 6795 12%
c - 5047.51 211 49 143 1645 168961 1 44460480 81523 2.1 78 37 2 23 57% 8610 101108 6795 12%
c - 5052.10 213 48 143 1646 168977 1 44501039 82739 2.1 75 36 2 23 58% 8610 101108 6795 12%
c - 5057.07 125 46 143 1647 168979 1 44541610 82789 2.1 73 35 2 23 58% 8610 101108 6795 12%
c
c  seconds     switched         rate            size/glue  tier1     binary         remaining
c           MB     reductions      conflicts          size   tier2      irredundant
c            level        restarts         redundant     glue    trail         variables
c
c - 5062.43 128 46 143 1648 168994 1 44582196 84820 2.1 71 35 2 23 58% 8610 101108 6795 12%
c - 5067.90 128 41 143 1649 169010 1 44622792 90037 2.1 67 32 2 23 59% 8610 101108 6795 12%
c - 5072.42 128 40 143 1650 169025 1 44663399 95553 2.2 68 31 2 23 59% 8610 101108 6795 12%
c ] 5074.59 126 40 144 1650 169036 1 44683039 112511 2.2 68 30 2 23 59% 8610 101108 6795 12%
c { 5074.59 126 69 144 1650 169036 2 44683039 112511 2.6 63 24 2 14 54% 8610 101108 6795 12%
c - 5076.74 129 68 144 1651 169160 2 44704020 98749 2.6 62 24 2 14 54% 8610 101108 6795 12%
c - 5081.49 124 63 144 1652 169443 2 44744654 105987 2.6 63 24 2 14 54% 8610 101108 6795 12%
c o 5084.75 128 62 144 1652 169639 2 44774717 134488 2.7 63 24 2 14 55% 8610 101108 6795 12%
c - 5086.01 124 62 144 1653 169697 2 44785298 113122 2.7 63 24 2 14 55% 8610 101108 6795 12%
c - 5090.29 129 59 144 1654 169885 2 44825956 119087 2.7 64 23 2 14 56% 8610 101108 6795 12%
c - 5095.55 128 56 144 1655 170179 2 44866628 121034 2.7 64 23 2 14 56% 8610 101108 6795 12%
c - 5100.61 143 54 144 1656 170411 2 44907310 121480 2.7 63 23 2 14 56% 8611 101108 6795 12%
c - 5105.87 147 54 144 1657 170644 2 44948003 124196 2.8 64 23 2 14 56% 8611 101108 6795 12%
c - 5111.57 147 52 144 1658 170912 2 44988710 125349 2.7 63 24 2 14 56% 8611 101108 6795 12%
c - 5117.27 149 56 144 1659 171243 2 45029429 125513 2.6 63 24 2 14 56% 8611 101108 6795 12%
c - 5122.85 148 55 144 1660 171519 2 45070159 125476 2.6 62 24 2 14 55% 8611 101108 6795 12%
c - 5128.22 146 53 144 1661 171755 2 45110904 125811 2.5 62 24 2 14 55% 8611 101108 6795 12%
c u 5132.88 149 54 144 1661 171913 2 45141816 150171 2.6 61 24 2 14 55% 8611 101108 6795 12%
c v 5136.73 154 54 144 1661 171913 2 45141816 136632 2.6 61 24 2 14 55% 8611 101108 6795 12%
c w 5137.89 162 54 144 1661 171913 2 45141816 133683 2.6 61 24 2 14 55% 8611 101108 6795 12%
c
c  seconds     switched         rate             size/glue  tier1     binary         remaining
c           MB     reductions      conflicts           size   tier2      irredundant
c            level        restarts         redundant      glue    trail         variables
c
c - 5139.22 145 52 144 1662 171956 2 45151660 111140 2.6 61 24 2 14 55% 8611 101108 6795 12%
c - 5144.02 142 54 144 1663 172202 2 45192428 116380 2.6 60 24 2 14 55% 8611 101108 6795 12%
c - 5148.84 147 51 144 1664 172358 2 45233207 120467 2.5 59 23 2 14 55% 8611 101108 6795 12%
c - 5153.89 146 51 144 1665 172561 2 45273999 123986 2.5 59 23 2 14 55% 8611 101108 6795 12%
c - 5159.30 146 53 144 1666 172876 2 45314803 124493 2.5 59 24 2 14 55% 8611 101108 6795 12%
c - 5164.47 149 52 144 1667 173126 2 45355621 124088 2.4 58 24 2 14 55% 8611 101108 6795 12%
c - 5169.31 144 50 144 1668 173341 2 45396451 125796 2.4 58 24 2 14 55% 8612 101108 6795 12%
c - 5174.82 148 50 144 1669 173611 2 45437292 127335 2.4 58 24 2 14 55% 8612 101108 6795 12%
c - 5180.23 142 47 144 1670 173762 2 45478149 129719 2.5 58 23 2 14 55% 8612 101108 6795 12%
c - 5185.88 143 49 144 1671 174041 2 45519014 132039 2.5 59 24 2 14 55% 8612 101108 6795 12%
c - 5191.33 144 46 144 1672 174185 2 45559891 132780 2.5 59 23 2 14 55% 8612 101108 6795 12%
c - 5196.99 148 43 144 1673 174369 2 45600781 135225 2.5 57 23 2 14 55% 8612 101108 6795 12%
c } 5202.20 148 46 145 1673 174614 2 45638225 169678 2.5 58 23 2 14 55% 8612 101108 6795 12%
c [ 5202.20 148 40 145 1673 174614 1 45638225 169678 2.2 68 30 2 23 59% 8612 101108 6795 12%
c I 5202.20 148 40 145 1673 174614 1 45638225 169678 2.2 68 30 2 23 59% 8612 101108 6795 12%
c - 5202.58 150 42 145 1674 174616 1 45641684 134634 2.2 70 31 2 23 59% 8612 101108 6795 12%
c - 5206.84 136 53 145 1675 174635 1 45682600 118124 2.1 78 38 2 23 59% 8612 101108 6795 12%
c s 5209.08 136 54 145 1675 174644 1 45703975 137413 2.1 79 38 2 23 59% 8612 101102 6795 12%
c e 5209.08 137 54 145 1675 174644 1 45703975 137413 2.1 79 38 2 23 59% 8603 101127 6793 12%
c s 5209.09 137 54 145 1675 174644 1 45703975 137413 2.1 79 38 2 23 59% 8603 101120 6793 12%
c
c  seconds     switched         rate             size/glue  tier1     binary         remaining
c           MB     reductions      conflicts           size   tier2      irredundant
c            level        restarts         redundant      glue    trail         variables
c
c o 5209.10 134 54 145 1675 174644 1 45703975 137398 2.1 79 38 2 23 59% 8603 101120 6793 12%
c - 5211.61 154 66 145 1676 174647 1 45723526 89548 1.9 87 46 2 23 59% 8603 101120 6793 12%
c - 5216.19 152 71 145 1677 174666 1 45764464 84291 1.8 89 50 2 23 60% 8603 101120 6793 12%
c - 5220.43 153 71 145 1678 174676 1 45805416 84295 1.8 89 49 2 23 60% 8603 101120 6793 12%
c - 5225.28 146 68 145 1679 174683 1 45846381 85920 1.9 88 47 2 23 60% 8603 101120 6793 12%
c u 5229.89 166 65 145 1679 174698 1 45876883 106818 1.9 86 46 2 23 60% 8608 101120 6793 12%
c v 5230.71 169 65 145 1679 174698 1 45876883 98987 1.9 86 46 2 23 60% 8608 101120 6793 12%
c w 5236.57 186 65 145 1679 174698 1 45876883 94393 1.9 86 46 2 23 60% 8608 101120 6793 12%
c t 5236.58 186 65 145 1679 174698 1 45876883 94393 1.9 86 46 2 23 60% 8605 101120 6793 12%
c f 5236.59 186 65 145 1679 174698 1 45876883 94393 1.9 86 46 2 23 60% 8607 101101 6794 12%
c u 5237.43 186 65 145 1679 174698 1 45876883 93745 1.9 86 46 2 23 60% 8609 101101 6794 12%
c v 5237.94 186 65 145 1679 174698 1 45876883 90681 1.9 86 46 2 23 60% 8609 101101 6794 12%
c w 5243.85 184 65 145 1679 174698 1 45876883 89333 1.9 86 46 2 23 60% 8609 101101 6794 12%
c - 5245.03 182 65 145 1680 174704 1 45887356 71603 1.9 85 46 2 23 60% 8609 101101 6794 12%
c - 5249.56 180 60 145 1681 174714 1 45928343 75424 1.9 81 43 2 23 61% 8609 101101 6794 12%
c - 5253.96 177 60 145 1682 174735 1 45969348 79114 1.9 82 43 2 23 60% 8609 101101 6794 12%
c - 5258.76 114 59 145 1683 174739 1 46010361 77546 1.9 84 43 2 23 59% 8609 101101 6794 12%
c - 5263.59 109 57 145 1684 174740 1 46051386 77304 2.0 83 42 2 23 57% 8609 101101 6794 12%
c - 5268.29 114 56 145 1685 174740 1 46092422 78994 2.0 84 41 2 23 57% 8609 101101 6794 12%
c - 5272.72 111 57 145 1686 174758 1 46133470 82105 2.0 85 42 2 23 57% 8609 101101 6794 12%
c
c  seconds     switched         rate            size/glue  tier1     binary         remaining
c           MB     reductions      conflicts          size   tier2      irredundant
c            level        restarts         redundant     glue    trail         variables
c
c - 5277.08 112 56 145 1687 174771 1 46174530 81959 2.0 82 41 2 23 57% 8609 101101 6794 12%
c - 5281.99 114 55 145 1688 174789 1 46215603 80639 2.0 82 40 2 23 57% 8609 101101 6794 12%
c - 5286.82 114 53 145 1689 174802 1 46256692 79797 2.1 83 40 2 23 58% 8609 101101 6794 12%
c - 5292.05 115 54 145 1690 174806 1 46297789 80464 2.1 84 40 2 23 58% 8609 101101 6794 12%
c - 5297.39 115 53 145 1691 174825 1 46338898 81164 2.1 82 40 2 23 58% 8609 101101 6794 12%
c - 5302.47 115 53 145 1692 174837 1 46380019 80255 2.1 83 40 2 23 59% 8609 101101 6794 12%
c - 5308.05 114 54 145 1693 174856 1 46421153 81129 2.0 84 41 2 23 59% 8609 101101 6794 12%
c - 5310.84 115 58 145 1694 174866 1 46462299 81767 1.9 79 41 2 23 52% 8609 101101 6794 12%
c B 5311.37 110 59 145 1694 174866 1 46470601 89505 1.9 79 41 2 23 50% 8609 101101 6794 12%
c - 5313.84 114 60 145 1695 174867 1 46503457 78076 1.8 77 43 2 23 46% 8609 101101 6794 12%
c - 5317.16 114 61 145 1696 174867 1 46544627 74046 1.8 77 43 2 23 43% 8609 101101 6794 12%
c - 5320.42 112 63 145 1697 174868 1 46585809 79077 1.8 78 43 2 23 42% 8609 101101 6794 12%
c u 5324.16 112 65 145 1697 174868 1 46618376 106523 1.8 80 43 2 23 41% 8612 101101 6794 12%
c v 5324.87 116 65 145 1697 174868 1 46618376 100248 1.8 80 43 2 23 41% 8612 101101 6794 12%
c w 5327.76 135 65 145 1697 174868 1 46618376 96222 1.8 80 43 2 23 41% 8612 101101 6794 12%
c x 5329.02 146 65 145 1697 174868 1 46618376 96203 1.8 80 43 2 23 41% 8615 101047 6794 12%
c t 5329.04 146 65 145 1697 174868 1 46618376 96203 1.8 80 43 2 23 41% 8613 101047 6794 12%
c - 5329.72 148 65 145 1698 174868 1 46627003 74664 1.9 80 43 2 23 41% 8613 101047 6794 12%
c - 5333.00 153 63 145 1699 174868 1 46668209 77996 2.0 82 41 2 23 41% 8613 101047 6794 12%
c o 5334.79 150 62 145 1699 174870 1 46689090 97685 2.1 82 40 2 23 41% 8613 101047 6794 12%
c
c  seconds     switched         rate            size/glue  tier1     binary         remaining
c           MB     reductions      conflicts          size   tier2      irredundant
c            level        restarts         redundant     glue    trail         variables
c
c - 5336.90 156 61 145 1700 174882 1 46709429 78507 2.1 82 40 2 23 43% 8613 101047 6794 12%
c ] 5337.16 150 60 146 1700 174882 1 46712018 80772 2.1 82 40 2 23 44% 8613 101047 6794 12%
c { 5337.16 150 46 146 1700 174882 2 46712018 80772 2.5 58 23 2 14 55% 8613 101047 6794 12%
c - 5341.30 154 38 146 1701 174884 2 46750660 102356 3.1 65 21 2 14 55% 8613 101047 6794 12%
c - 5346.63 160 32 146 1702 174884 1 46791903 127440 3.5 68 19 2 14 54% 8613 101047 6794 12%
c - 5351.39 170 28 146 1703 174884 1 46833158 139984 3.9 72 19 2 14 55% 8613 101047 6794 12%
c - 5356.69 174 26 146 1704 174887 1 46874425 140125 4.1 73 18 2 14 55% 8613 101047 6794 12%
c - 5362.47 158 24 146 1705 174905 1 46915704 140295 4.2 73 18 2 14 55% 8613 101047 6794 12%
c - 5366.89 157 23 146 1706 174925 1 46956996 143200 4.3 73 17 2 14 56% 8614 101047 6794 12%
c - 5371.10 161 22 146 1707 174930 1 46998300 140816 4.2 68 16 2 14 57% 8614 101047 6794 12%
c - 5376.12 160 21 146 1708 174940 1 47039615 131767 4.0 63 16 2 14 56% 8614 101047 6794 12%
c - 5380.31 158 21 146 1709 174963 1 47080942 134795 4.0 60 15 2 14 56% 8615 101047 6794 12%
c - 5383.12 162 21 146 1710 175004 1 47122282 142742 4.2 60 14 2 14 53% 8615 101047 6794 12%
c - 5385.40 162 24 146 1711 175016 1 47163635 140319 4.5 59 13 2 14 49% 8615 101047 6794 12%
c - 5388.15 162 25 146 1712 175082 1 47205000 142486 4.6 57 12 2 14 48% 8615 101047 6794 12%
c - 5390.78 162 26 146 1713 175194 1 47246377 143781 4.6 53 12 2 13 47% 8617 101047 6794 12%
c - 5393.67 155 25 146 1714 175350 1 47287765 145564 4.4 50 11 2 13 44% 8618 101047 6794 12%
c - 5396.53 162 27 146 1715 175598 1 47329166 147234 4.4 47 11 2 13 42% 8618 101047 6794 12%
c u 5400.40 159 26 146 1715 175848 1 47366293 177669 4.4 47 11 2 13 42% 8628 101047 6794 12%
c v 5403.58 175 26 146 1715 175848 1 47366293 175563 4.4 47 11 2 13 42% 8628 101047 6794 12%
c
c  seconds     switched         rate             size/glue  tier1     binary         remaining
c           MB     reductions      conflicts           size   tier2      irredundant
c            level        restarts         redundant      glue    trail         variables
c
c w 5404.50 176 26 146 1715 175848 1 47366293 175530 4.4 47 11 2 13 42% 8628 101047 6794 12%
c t 5404.52 176 26 146 1715 175848 1 47366293 175530 4.4 47 11 2 13 42% 8624 101047 6794 12%
c - 5405.04 161 26 146 1716 175902 1 47370579 141417 4.4 47 11 2 13 43% 8624 101047 6794 12%
c i 5408.11 161 28 146 1716 176241 1 47407031 177458 4.3 47 11 2 13 43% 8638 101047 6793 12%
c - 5408.60 162 28 146 1717 176280 1 47412003 143958 4.3 47 11 2 13 43% 8620 101047 6793 12%
c - 5412.33 162 28 146 1718 176643 1 47453439 146975 4.3 48 11 2 13 44% 8620 101047 6793 12%
c i 5414.80 160 27 146 1718 176819 1 47487687 181031 4.3 48 11 2 13 43% 8621 101047 6792 12%
c - 5415.55 161 27 146 1719 176881 1 47494887 149919 4.3 48 11 2 13 44% 8611 101047 6792 12%
c i 5417.93 159 28 146 1719 177057 1 47530028 184606 4.2 46 11 2 13 41% 8625 101047 6790 12%
c - 5418.50 163 28 146 1720 177109 1 47536347 151737 4.2 46 11 2 13 41% 8603 101047 6790 12%
c - 5422.53 161 28 146 1721 177486 1 47577820 153359 4.3 48 11 2 13 42% 8604 101047 6790 12%
c - 5426.08 158 27 146 1722 177796 1 47619305 155261 4.4 48 11 2 13 42% 8608 101047 6790 12%
c o 5426.94 161 27 146 1722 177873 1 47629143 165029 4.4 48 11 2 13 42% 8609 101047 6790 12%
c - 5430.25 163 27 146 1723 178155 1 47660803 157266 4.4 49 11 2 13 43% 8609 101047 6790 12%
c } 5433.35 162 28 147 1723 178436 1 47691331 187586 4.5 50 11 2 13 44% 8609 101047 6790 12%
c [ 5433.35 162 60 147 1723 178436 1 47691331 187586 2.1 82 40 2 23 44% 8609 101047 6790 12%
c W 5433.81 161 60 147 1723 178436 1 47691331 187586 2.1 82 40 2 23 44% 8609 101015 6790 12%
c - 5435.05 162 59 147 1724 178442 1 47702314 152675 2.1 82 39 2 23 45% 8609 101015 6790 12%
c - 5440.22 177 56 147 1725 178463 1 47743837 125135 2.2 82 38 2 23 48% 8609 101015 6790 12%
c - 5444.87 147 63 147 1726 178473 1 47785372 96782 2.0 85 42 2 23 50% 8609 101015 6790 12%
c
c  seconds     switched         rate            size/glue  tier1     binary         remaining
c           MB     reductions      conflicts          size   tier2      irredundant
c            level        restarts         redundant     glue    trail         variables
c
c - 5449.75 155 61 147 1727 178495 1 47826920 88788 2.0 85 42 2 23 52% 8609 101015 6790 12%
c s 5450.45 149 61 147 1727 178496 1 47832974 94238 2.0 85 42 2 23 52% 8612 100998 6790 12%
c e 5450.47 150 61 147 1727 178496 1 47832974 94238 2.0 85 42 2 23 52% 8612 101012 6789 12%
c s 5450.47 150 61 147 1727 178496 1 47832974 94238 2.0 85 42 2 23 52% 8612 101008 6789 12%
c - 5454.34 154 56 147 1728 178498 1 47868479 88359 2.2 86 39 2 23 54% 8612 101008 6789 12%
c - 5459.52 149 58 147 1729 178512 1 47910049 87321 2.1 87 41 2 23 55% 8612 101008 6789 12%
c - 5464.94 118 54 147 1730 178528 1 47951630 88695 2.1 83 39 2 23 55% 8612 101008 6789 12%
c - 5470.61 119 49 147 1731 178543 1 47993223 90510 2.2 79 37 2 23 55% 8612 101008 6789 12%
c - 5476.88 117 48 147 1732 178559 1 48034828 92188 2.2 78 36 2 23 55% 8612 101008 6789 12%
c - 5483.09 115 45 147 1733 178561 1 48076445 93196 2.2 76 34 2 23 56% 8612 101008 6789 12%
c - 5489.74 114 45 147 1734 178562 1 48118074 96976 2.2 77 34 2 23 56% 8612 101008 6789 12%
c u 5491.16 115 45 147 1734 178562 1 48120662 90694 2.2 77 34 2 23 56% 8626 101000 6789 12%
c v 5492.03 113 45 147 1734 178562 1 48120662 81657 2.2 77 34 2 23 56% 8628 101000 6789 12%
c w 5496.29 123 45 147 1734 178562 1 48120662 80551 2.2 77 34 2 23 56% 8628 101000 6789 12%
c t 5496.31 123 45 147 1734 178562 1 48120662 80551 2.2 77 34 2 23 56% 8620 101000 6789 12%
c - 5502.09 118 43 147 1735 178569 1 48159716 83216 2.3 75 33 2 23 57% 8620 101000 6789 12%
c - 5508.98 117 40 147 1736 178589 1 48201371 88573 2.2 70 31 2 23 57% 8620 101000 6789 12%
c - 5514.82 113 38 147 1737 178600 1 48243037 96328 2.3 68 30 2 23 58% 8620 101000 6789 12%
c - 5520.76 119 40 147 1738 178621 1 48284718 96435 2.2 69 31 2 23 58% 8620 101000 6789 12%
c - 5526.89 120 41 147 1739 178625 1 48326410 88074 2.1 70 33 2 23 58% 8620 101000 6789 12%
c
c  seconds     switched         rate             size/glue  tier1     binary         remaining
c           MB     reductions      conflicts           size   tier2      irredundant
c            level        restarts         redundant      glue    trail         variables
c
c ] 5529.36 119 41 148 1739 178625 1 48345650 103903 2.2 70 32 2 23 58% 8620 101000 6789 12%
c { 5529.36 119 28 148 1739 178625 1 48345650 103903 4.5 50 11 2 13 44% 8620 101000 6789 12%
c - 5532.25 115 38 148 1740 179028 2 48368111 94399 3.6 53 15 2 13 45% 8620 101000 6789 12%
c - 5537.28 121 50 148 1741 179699 2 48409824 107105 2.9 56 19 2 13 47% 8620 101000 6789 12%
c - 5542.83 117 53 148 1742 180237 2 48451550 112701 2.6 57 22 2 13 49% 8620 101000 6789 12%
c - 5548.26 123 56 148 1743 180669 2 48493288 118574 2.6 59 23 2 13 50% 8621 101000 6789 12%
c - 5553.48 120 55 148 1744 180964 2 48535037 123738 2.6 60 23 2 13 52% 8622 101000 6789 12%
c - 5558.75 116 51 148 1745 181210 2 48576799 126699 2.5 59 23 2 13 52% 8622 101000 6789 12%
c o 5559.10 120 51 148 1745 181221 2 48580091 129540 2.5 59 23 2 13 52% 8622 101000 6789 12%
c - 5563.83 123 54 148 1746 181453 2 48618574 130489 2.6 60 23 2 13 53% 8622 101000 6789 12%
c - 5569.55 124 51 148 1747 181694 2 48660359 132199 2.6 59 23 2 13 53% 8622 101000 6789 12%
c - 5575.04 124 50 148 1748 181987 2 48702156 132281 2.5 58 23 2 13 53% 8623 101000 6789 12%
c - 5580.64 125 48 148 1749 182246 2 48743965 133139 2.5 59 23 2 13 54% 8623 101000 6789 12%
c - 5585.77 121 47 148 1750 182437 2 48785787 134862 2.5 58 23 2 13 54% 8623 101000 6789 12%
c - 5591.88 125 45 148 1751 182709 2 48827620 135246 2.4 57 23 2 13 54% 8623 101000 6789 12%
c - 5597.72 124 45 148 1752 182987 2 48869465 134078 2.4 57 24 2 13 54% 8624 101000 6789 12%
c u 5600.31 121 47 148 1752 183067 2 48881483 140035 2.4 58 24 2 13 55% 8630 101000 6789 12%
c v 5603.55 128 47 148 1752 183067 2 48881483 122437 2.4 58 24 2 13 55% 8630 101000 6789 12%
c w 5606.48 134 47 148 1752 183067 2 48881483 117654 2.4 58 24 2 13 55% 8630 101000 6789 12%
c t 5606.50 134 47 148 1752 183067 2 48881483 117654 2.4 58 24 2 13 55% 8619 101000 6789 12%
c
c  seconds     switched         rate             size/glue  tier1     binary         remaining
c           MB     reductions      conflicts           size   tier2      irredundant
c            level        restarts         redundant      glue    trail         variables
c
c - 5609.84 122 47 148 1753 183224 2 48911321 114069 2.4 58 24 2 13 54% 8619 101000 6789 12%
c - 5614.85 117 44 148 1754 183409 2 48953189 119797 2.4 56 23 2 13 53% 8619 101000 6789 12%
c - 5619.92 123 44 148 1755 183669 2 48995070 121536 2.4 55 23 2 13 53% 8619 101000 6789 12%
c - 5624.98 119 45 148 1756 183896 2 49036962 123380 2.4 56 23 2 13 54% 8619 101000 6789 12%
c - 5630.07 119 45 148 1757 184137 2 49078866 126036 2.4 55 23 2 13 53% 8619 101000 6789 12%
c - 5635.75 119 46 148 1758 184419 2 49120784 126732 2.4 56 24 2 13 54% 8620 101000 6789 12%
c - 5640.78 124 43 148 1759 184552 2 49162714 128668 2.5 57 23 2 13 54% 8620 101000 6789 12%
c - 5646.19 125 43 148 1760 184797 2 49204654 129413 2.4 56 23 2 13 55% 8620 101000 6789 12%
c - 5651.06 125 46 148 1761 185030 2 49246606 131012 2.5 56 23 2 13 55% 8620 101000 6789 12%
c - 5656.64 125 46 148 1762 185301 2 49288573 132225 2.4 56 23 2 13 54% 8620 101000 6789 12%
c - 5661.94 125 46 148 1763 185525 2 49330551 133876 2.5 56 23 2 13 54% 8620 101000 6789 12%
c } 5664.11 123 47 149 1763 185615 2 49349346 150808 2.5 55 22 2 13 53% 8621 101000 6789 12%
c [ 5664.11 123 41 149 1763 185615 1 49349346 150808 2.2 70 32 2 23 58% 8621 101000 6789 12%
c O 5664.11 123 41 149 1763 185615 1 49349346 150808 2.2 70 32 2 23 58% 8621 101000 6789 12%
c - 5666.67 124 41 149 1764 185628 1 49372542 130078 2.3 74 32 2 23 59% 8621 101000 6789 12%
c - 5671.96 108 45 149 1765 185644 1 49414543 112928 2.4 76 32 2 23 59% 8621 101000 6789 12%
c - 5676.28 123 47 149 1766 185660 1 49456554 95883 2.4 76 32 2 23 59% 8621 101000 6789 12%
c - 5681.17 121 49 149 1767 185676 1 49498579 92188 2.2 74 33 2 23 57% 8621 101000 6789 12%
c - 5686.83 123 55 149 1768 185677 1 49540616 88945 2.1 76 35 2 23 57% 8621 101000 6789 12%
c o 5688.15 118 56 149 1768 185681 1 49550344 98104 2.1 76 36 2 23 57% 8621 101000 6789 12%
c
c  seconds     switched         rate            size/glue  tier1     binary         remaining
c           MB     reductions      conflicts          size   tier2      irredundant
c            level        restarts         redundant     glue    trail         variables
c
c - 5691.68 118 65 149 1769 185695 1 49582663 84420 2.0 84 43 2 23 58% 8621 101000 6789 12%
c - 5696.58 120 68 149 1770 185708 1 49624722 82878 2.0 88 44 2 23 58% 8621 101000 6789 12%
c u 5700.33 119 65 149 1770 185722 1 49648755 99714 2.0 87 44 2 23 58% 8626 101000 6789 12%
c v 5701.12 112 65 149 1770 185722 1 49648755 91726 2.0 87 44 2 23 58% 8627 101000 6789 12%
c w 5706.92 131 65 149 1770 185722 1 49648755 88634 2.0 87 44 2 23 58% 8627 101000 6789 12%
c t 5706.94 131 65 149 1770 185722 1 49648755 88634 2.0 87 44 2 23 58% 8625 101000 6789 12%
c - 5708.85 119 63 149 1771 185728 1 49666794 73343 2.0 86 42 2 23 59% 8625 101000 6789 12%
c - 5713.93 117 57 149 1772 185739 1 49708877 77721 2.2 86 40 2 23 59% 8625 101000 6789 12%
c - 5719.26 117 52 149 1773 185741 1 49750972 80221 2.4 87 37 2 23 60% 8625 101000 6789 12%
c - 5724.98 120 48 149 1774 185741 1 49793080 83714 2.5 87 35 2 23 60% 8625 101000 6789 12%
c - 5730.48 120 50 149 1775 185756 1 49835200 85459 2.4 86 36 2 23 60% 8625 101000 6789 12%
c - 5736.07 120 49 149 1776 185772 1 49877330 85176 2.3 82 36 2 23 60% 8625 101000 6789 12%
c - 5741.41 121 52 149 1777 185787 1 49919474 81563 2.1 81 39 2 23 60% 8625 101000 6789 12%
c - 5746.58 120 52 149 1778 185803 1 49961630 79069 2.1 81 39 2 23 60% 8625 101000 6789 12%
c - 5751.99 119 51 149 1779 185804 1 50003796 78436 2.1 81 38 2 23 59% 8625 101000 6789 12%
c s 5754.17 115 52 149 1779 185813 1 50018977 90988 2.1 80 39 2 23 59% 8625 100992 6789 12%
c e 5754.17 116 52 149 1779 185813 1 50018977 90988 2.1 80 39 2 23 59% 8613 101016 6787 12%
c s 5754.17 116 52 149 1779 185813 1 50018977 90988 2.1 80 39 2 23 59% 8613 101011 6787 12%
c - 5757.68 123 50 149 1780 185825 1 50045975 82978 2.1 79 38 2 23 59% 8613 101011 6787 12%
c - 5762.97 121 51 149 1781 185836 1 50088166 83513 2.1 78 38 2 23 60% 8613 101011 6787 12%
c
c  seconds     switched         rate            size/glue  tier1     binary         remaining
c           MB     reductions      conflicts          size   tier2      irredundant
c            level        restarts         redundant     glue    trail         variables
c
c - 5768.17 127 51 149 1782 185857 1 50130369 82204 2.0 76 37 2 23 60% 8613 101011 6787 12%
c - 5772.39 123 50 149 1783 185867 1 50172583 81323 2.0 75 37 2 23 61% 8613 101011 6787 12%
c - 5776.89 123 48 149 1784 185868 1 50214808 78298 2.0 74 36 2 23 61% 8613 101011 6787 12%
c B 5777.65 124 48 149 1784 185868 1 50222090 84379 2.1 74 36 2 23 61% 8613 101011 6787 12%
c - 5781.33 125 54 149 1785 185868 1 50257047 78500 2.0 78 39 2 23 60% 8613 101011 6787 12%
c - 5785.89 127 57 149 1786 185869 1 50299302 77239 2.0 82 41 2 23 60% 8613 101011 6787 12%
c - 5790.79 123 59 149 1787 185869 1 50341564 75783 2.0 84 42 2 23 59% 8613 101011 6787 12%
c ] 5792.24 124 61 150 1787 185869 1 50354006 87032 2.0 85 43 2 23 59% 8613 101011 6787 12%
c { 5792.24 124 47 150 1787 185869 2 50354006 87032 2.5 55 22 2 13 53% 8613 101011 6787 12%
c - 5793.97 126 54 150 1788 185898 2 50383836 92875 2.5 51 21 2 13 49% 8614 101011 6787 12%
c u 5797.57 123 56 150 1788 185929 2 50422503 126176 2.6 47 18 2 13 44% 8618 101011 6787 12%
c v 5801.48 131 56 150 1788 185929 2 50422503 116690 2.6 47 18 2 13 44% 8618 101011 6787 12%
c w 5802.47 133 56 150 1788 185929 2 50422503 116441 2.6 47 18 2 13 44% 8618 101011 6787 12%
c t 5802.48 133 56 150 1788 185929 2 50422503 116441 2.6 47 18 2 13 44% 8616 101011 6787 12%
c f 5802.49 133 56 150 1788 185929 2 50422503 116441 2.6 47 18 2 13 44% 8617 100993 6788 12%
c u 5803.35 136 56 150 1788 185929 2 50422503 115881 2.6 47 18 2 13 44% 8618 100993 6788 12%
c v 5806.65 140 56 150 1788 185929 2 50422503 106663 2.6 47 18 2 13 44% 8618 100993 6788 12%
c w 5808.51 143 56 150 1788 185929 2 50422503 106094 2.6 47 18 2 13 44% 8618 100993 6788 12%
c - 5808.78 154 55 150 1789 185932 2 50426120 97668 2.6 48 18 2 13 44% 8618 100993 6788 12%
c - 5811.67 157 58 150 1790 186020 2 50468417 117285 2.6 43 16 2 13 40% 8620 100993 6788 12%
c
c  seconds     switched         rate             size/glue  tier1     binary         remaining
c           MB     reductions      conflicts           size   tier2      irredundant
c            level        restarts         redundant      glue    trail         variables
c
c - 5814.62 155 61 150 1791 186143 2 50510727 131007 2.6 39 15 2 13 37% 8621 100993 6788 12%
c o 5815.31 157 61 150 1791 186183 2 50520689 140554 2.6 39 15 2 13 37% 8621 100993 6788 12%
c - 5817.49 160 63 150 1792 186318 2 50553047 136984 2.5 36 14 2 13 35% 8625 100993 6788 12%
c - 5820.57 161 63 150 1793 186503 2 50595387 140937 2.5 35 14 2 13 34% 8626 100993 6788 12%
c - 5823.86 160 63 150 1794 186748 2 50637734 144691 2.5 33 13 2 13 33% 8627 100993 6788 12%
c - 5827.10 158 65 150 1795 187076 3 50680089 147094 2.4 32 13 2 13 32% 8627 100993 6788 12%
c - 5830.48 127 65 150 1796 187358 3 50722456 150240 2.5 32 13 2 13 33% 8628 100993 6788 12%
c - 5833.95 128 66 150 1797 187698 3 50764836 152682 2.4 31 13 2 13 32% 8628 100993 6788 12%
c - 5837.18 127 65 150 1798 187959 3 50807227 154785 2.4 30 12 2 13 31% 8629 100993 6788 12%
c - 5840.60 127 65 150 1799 188287 3 50849629 157133 2.4 29 12 2 13 30% 8630 100993 6788 12%
c - 5843.94 129 65 150 1800 188634 3 50892043 159136 2.4 29 12 2 13 30% 8630 100993 6788 12%
c - 5847.43 128 66 150 1801 189003 3 50934470 161161 2.4 29 12 2 13 31% 8630 100993 6788 12%
c - 5850.63 128 66 150 1802 189327 3 50976909 163119 2.3 29 12 2 13 30% 8630 100993 6788 12%
c - 5853.71 128 65 150 1803 189626 3 51019359 165716 2.4 29 12 2 13 30% 8630 100993 6788 12%
c - 5857.13 126 65 150 1804 189983 3 51061820 167934 2.4 29 12 2 13 30% 8631 100993 6788 12%
c - 5860.70 126 66 150 1805 190325 3 51104293 169817 2.4 29 12 2 13 30% 8632 100993 6788 12%
c - 5864.44 129 66 150 1806 190727 3 51146778 171511 2.3 29 13 2 13 30% 8635 100993 6788 12%
c - 5868.15 126 66 150 1807 191076 3 51189275 173320 2.4 30 13 2 13 30% 8635 100993 6788 12%
c u 5870.91 149 66 150 1807 191199 3 51202728 170106 2.3 29 13 2 13 30% 8639 100993 6788 12%
c v 5872.82 156 66 150 1807 191199 3 51202728 167213 2.3 29 13 2 13 30% 8639 100993 6788 12%
c
c  seconds     switched         rate             size/glue  tier1     binary         remaining
c           MB     reductions      conflicts           size   tier2      irredundant
c            level        restarts         redundant      glue    trail         variables
c
c w 5873.57 156 66 150 1807 191199 3 51202728 167002 2.3 29 13 2 13 30% 8639 100993 6788 12%
c t 5873.58 156 66 150 1807 191199 3 51202728 167002 2.3 29 13 2 13 30% 8634 100993 6788 12%
c - 5876.01 169 66 150 1808 191413 3 51231784 157343 2.4 30 12 2 13 30% 8634 100993 6788 12%
c - 5879.37 170 65 150 1809 191738 3 51274304 160073 2.4 29 12 2 13 30% 8635 100993 6788 12%
c - 5882.79 169 65 150 1810 192082 3 51316839 162381 2.4 30 12 2 13 31% 8636 100993 6788 12%
c - 5886.14 128 65 150 1811 192387 3 51359383 164314 2.4 29 12 2 13 30% 8636 100993 6788 12%
c } 5888.14 129 66 151 1811 192620 3 51382338 186473 2.4 29 13 2 13 30% 8638 100993 6788 12%
c [ 5888.14 129 61 151 1811 192620 1 51382338 186473 2.0 85 43 2 23 59% 8638 100993 6788 12%
c W 5888.44 143 61 151 1811 192620 1 51382338 186473 2.0 85 43 2 23 59% 8638 100993 6788 12%
c - 5890.86 148 61 151 1812 192632 1 51401939 155434 2.0 83 42 2 23 57% 8638 100993 6788 12%
c - 5896.10 148 56 151 1813 192649 1 51444509 130486 2.0 79 39 2 23 56% 8638 100993 6788 12%
c - 5900.32 153 57 151 1814 192664 1 51487089 114602 2.1 79 38 2 23 54% 8638 100993 6788 12%
c o 5901.61 154 60 151 1814 192672 1 51505424 131228 2.0 80 40 2 23 51% 8638 100993 6788 12%
c - 5904.26 159 63 151 1815 192680 1 51529682 109004 2.0 83 42 2 23 52% 8638 100993 6788 12%
c - 5909.32 162 61 151 1816 192682 1 51572284 102287 2.0 83 42 2 23 54% 8638 100993 6788 12%
c - 5914.33 164 57 151 1817 192700 1 51614898 101917 2.1 83 40 2 23 55% 8638 100993 6788 12%
c - 5919.20 168 53 151 1818 192713 1 51657526 108536 2.1 79 37 2 23 55% 8638 100993 6788 12%
c - 5925.05 129 52 151 1819 192733 1 51700164 107925 2.1 77 37 2 23 56% 8638 100993 6788 12%
c - 5930.77 134 55 151 1820 192744 1 51742813 106451 2.0 77 40 2 23 56% 8638 100993 6788 12%
c - 5936.39 141 54 151 1821 192746 1 51785475 107596 2.0 76 38 2 23 57% 8638 100993 6788 12%
c
c  seconds     switched         rate             size/glue  tier1     binary         remaining
c           MB     reductions      conflicts           size   tier2      irredundant
c            level        restarts         redundant      glue    trail         variables
c
c - 5941.91 146 54 151 1822 192746 1 51828150 105926 2.0 76 39 2 23 56% 8638 100993 6788 12%
c - 5947.18 152 53 151 1823 192761 1 51870834 105273 2.0 75 38 2 23 57% 8638 100993 6788 12%
c - 5951.63 157 48 151 1824 192777 1 51913530 112916 2.1 72 35 2 23 57% 8638 100993 6788 12%
c - 5956.33 164 51 151 1825 192792 1 51956239 115417 2.0 70 35 2 23 55% 8638 100993 6788 12%
c u 5961.93 170 55 151 1825 192807 1 51989430 128900 2.0 73 37 2 23 56% 8656 100993 6788 12%
c v 5963.30 171 55 151 1825 192807 1 51989430 118263 2.0 73 37 2 23 56% 8659 100993 6788 12%
c w 5967.06 197 55 151 1825 192807 1 51989430 114146 2.0 73 37 2 23 56% 8659 100993 6788 12%
c t 5967.08 147 55 151 1825 192807 1 51989430 114146 2.0 73 37 2 23 56% 8650 100993 6788 12%
c - 5968.25 147 56 151 1826 192808 1 51998962 87018 1.9 73 38 2 23 56% 8650 100993 6788 12%
c - 5973.00 149 60 151 1827 192812 1 52041696 86754 2.0 78 40 2 23 56% 8650 100993 6788 12%
c - 5977.41 155 55 151 1828 192832 1 52084441 91565 1.9 72 38 2 23 54% 8650 100993 6788 12%
c ] 5981.68 161 58 152 1828 192842 1 52122102 126476 2.0 77 39 2 23 55% 8650 100993 6788 12%
c { 5981.68 161 66 152 1828 192842 3 52122102 126476 2.4 29 13 2 13 30% 8650 100993 6788 12%
c - 5982.34 174 66 152 1829 192934 3 52127198 95670 2.3 31 13 2 13 31% 8650 100993 6788 12%
c - 5987.27 226 69 152 1830 193629 3 52169964 106272 2.3 40 18 2 13 38% 8650 100993 6788 12%
c - 5991.95 231 71 152 1831 194168 3 52212742 121340 2.3 46 20 2 13 42% 8650 100993 6788 12%
c - 5997.18 258 69 152 1832 194637 3 52255533 129480 2.3 50 21 2 13 45% 8650 100993 6788 12%
c s 5997.91 257 69 152 1832 194686 3 52262423 136150 2.4 51 21 2 13 46% 8650 100978 6788 12%
c e 5997.92 197 69 152 1832 194686 3 52262423 136150 2.4 51 21 2 13 46% 8635 101012 6786 12%
c s 5997.92 197 69 152 1832 194686 3 52262423 136150 2.4 51 21 2 13 46% 8635 100999 6786 12%
c
c  seconds     switched         rate             size/glue  tier1     binary         remaining
c           MB     reductions      conflicts           size   tier2      irredundant
c            level        restarts         redundant      glue    trail         variables
c
c - 6002.35 220 65 152 1833 194967 3 52298334 135176 2.4 53 22 2 13 48% 8635 100999 6786 12%
c - 6007.83 222 63 152 1834 195328 2 52341148 138397 2.5 55 23 2 13 50% 8635 100999 6786 12%
c - 6013.15 150 61 152 1835 195609 2 52383973 140249 2.5 56 23 2 13 52% 8636 100999 6786 12%
c - 6018.40 104 61 152 1836 195950 2 52426810 142499 2.5 57 23 2 13 51% 8636 100999 6786 12%
c - 6023.90 105 59 152 1837 196248 2 52469659 143397 2.5 58 23 2 13 52% 8638 100999 6786 12%
c o 6027.08 102 59 152 1837 196429 2 52495910 167865 2.5 58 23 2 13 52% 8638 100999 6786 12%
c - 6029.34 104 56 152 1838 196507 2 52512520 145185 2.5 57 23 2 13 53% 8638 100999 6786 12%
c - 6034.94 103 55 152 1839 196776 2 52555395 146382 2.5 58 23 2 13 53% 8638 100999 6786 12%
c - 6040.48 101 53 152 1840 197013 2 52598280 147161 2.5 56 23 2 13 53% 8638 100999 6786 12%
c - 6046.17 106 54 152 1841 197257 2 52641177 148491 2.6 58 22 2 13 54% 8638 100999 6786 12%
c - 6052.07 105 55 152 1842 197580 2 52684084 146889 2.5 58 23 2 13 54% 8638 100999 6786 12%
c - 6057.75 104 54 152 1843 197883 2 52727003 144523 2.5 58 23 2 13 54% 8638 100999 6786 12%
c - 6063.47 101 53 152 1844 198154 2 52769937 144546 2.5 58 23 2 13 54% 8638 100999 6786 12%
c u 6066.39 101 52 152 1844 198220 2 52782634 147176 2.5 57 23 2 13 54% 8643 100999 6786 12%
c v 6069.83 98 52 152 1844 198220 2 52782634 130723 2.5 57 23 2 13 54% 8644 100999 6786 12%
c w 6071.52 109 52 152 1844 198220 2 52782634 128576 2.5 57 23 2 13 54% 8644 100999 6786 12%
c t 6071.54 109 52 152 1844 198220 2 52782634 128576 2.5 57 23 2 13 54% 8643 100999 6786 12%
c - 6075.17 97 50 152 1845 198362 2 52812881 122954 2.5 56 23 2 13 54% 8644 100999 6786 12%
c - 6080.31 101 47 152 1846 198574 2 52855836 129898 2.5 55 22 2 13 55% 8644 100999 6786 12%
c - 6085.95 100 48 152 1847 198819 2 52898802 133387 2.5 55 22 2 13 55% 8644 100999 6786 12%
c
c  seconds    switched         rate             size/glue  tier1     binary         remaining
c          MB     reductions      conflicts           size   tier2      irredundant
c           level        restarts         redundant      glue    trail         variables
c
c - 6091.50 97 46 152 1848 199062 2 52941779 134879 2.4 53 22 2 13 55% 8644 100999 6786 12%
c - 6096.86 100 45 152 1849 199286 2 52984768 136172 2.3 52 22 2 13 55% 8644 100999 6786 12%
c - 6102.46 102 47 152 1850 199580 2 53027769 138213 2.3 52 22 2 13 54% 8644 100999 6786 12%
c - 6107.57 104 46 152 1851 199815 2 53070780 139790 2.3 51 22 2 13 53% 8644 100999 6786 12%
c - 6112.63 102 46 152 1852 200032 2 53113804 141950 2.3 52 22 2 13 53% 8644 100999 6786 12%
c - 6118.19 101 48 152 1853 200275 2 53156838 144210 2.3 51 22 2 13 52% 8644 100999 6786 12%
c } 6120.60 101 50 153 1853 200462 2 53175324 161504 2.3 53 22 2 13 52% 8644 100999 6786 12%
c [ 6120.60 101 58 153 1853 200462 1 53175324 161504 2.0 77 39 2 23 55% 8644 100999 6786 12%
c I 6120.60 101 58 153 1853 200462 1 53175324 161504 2.0 77 39 2 23 55% 8644 100999 6786 12%
c - 6123.16 107 67 153 1854 200475 1 53199884 134520 1.8 80 44 2 23 55% 8644 100999 6786 12%
c - 6128.16 91 61 153 1855 200492 1 53242945 111305 2.0 80 41 2 23 55% 8644 100999 6786 12%
c - 6133.21 98 57 153 1856 200507 1 53286014 95290 2.1 83 39 2 23 57% 8644 100999 6786 12%
c - 6138.73 100 55 153 1857 200523 1 53329096 90642 2.2 85 39 2 23 56% 8644 100999 6786 12%
c - 6144.34 94 63 153 1858 200525 1 53372190 86372 2.0 88 44 2 23 55% 8644 100999 6786 12%
c - 6149.73 100 59 153 1859 200546 1 53415296 86843 2.0 84 42 2 23 55% 8644 100999 6786 12%
c - 6155.12 96 55 153 1860 200559 1 53458412 89947 2.1 81 40 1 23 56% 8644 100999 6786 12%
c - 6160.83 99 50 153 1861 200580 1 53501541 93473 2.1 78 36 1 23 56% 8644 100999 6786 12%
c - 6166.60 98 47 153 1862 200587 1 53544682 96966 2.2 77 35 1 23 58% 8644 100999 6786 12%
c u 6172.73 98 44 153 1862 200588 1 53582316 122711 2.3 76 33 1 23 58% 8650 100999 6786 12%
c v 6173.88 102 44 153 1862 200588 1 53582316 116826 2.3 76 33 1 23 58% 8650 100999 6786 12%
c
c  seconds     switched         rate             size/glue  tier1     binary         remaining
c           MB     reductions      conflicts           size   tier2      irredundant
c            level        restarts         redundant      glue    trail         variables
c
c w 6179.88 119 44 153 1862 200588 1 53582316 107950 2.3 76 33 1 23 58% 8650 100999 6786 12%
c o 6179.90 119 44 153 1862 200588 1 53582316 107950 2.3 76 33 1 23 58% 8650 100999 6786 12%
c - 6180.54 96 47 153 1863 200588 1 53587832 86058 2.2 78 35 1 23 58% 8650 100999 6786 12%
c - 6186.07 104 66 153 1864 200588 1 53630994 86012 1.9 90 48 1 23 58% 8650 100999 6786 12%
c - 6191.19 102 69 153 1865 200609 1 53674170 77809 1.9 92 49 1 23 58% 8650 100999 6786 12%
c - 6196.51 103 67 153 1866 200620 1 53717355 78467 1.9 90 48 1 23 58% 8650 100999 6786 12%
c - 6202.09 100 65 153 1867 200641 1 53760552 79816 1.9 90 47 1 23 58% 8650 100999 6786 12%
c - 6207.92 100 56 153 1868 200651 1 53803761 85906 2.0 84 41 1 23 58% 8650 100999 6786 12%
c - 6213.87 98 53 153 1869 200661 1 53846981 89343 2.1 82 39 1 23 58% 8650 100999 6786 12%
c - 6219.97 103 54 153 1870 200681 1 53890212 88189 2.0 82 40 1 23 58% 8650 100999 6786 12%
c - 6225.94 101 53 153 1871 200695 1 53933458 84580 2.0 81 40 1 23 58% 8650 100999 6786 12%
c - 6232.59 103 52 153 1872 200712 1 53976713 86576 2.0 80 40 1 23 58% 8650 100999 6786 12%
c - 6238.49 102 55 153 1873 200714 1 54019982 88182 1.9 81 42 1 23 59% 8650 100999 6786 12%
c - 6244.18 102 56 153 1874 200715 1 54063262 87217 1.9 82 42 1 23 59% 8650 100999 6786 12%
c B 6247.34 101 55 153 1874 200715 1 54089086 108981 2.0 82 41 1 23 60% 8650 100999 6786 12%
c - 6249.53 99 56 153 1875 200716 1 54106553 85396 2.0 82 42 1 23 60% 8650 100999 6786 12%
c - 6254.84 99 53 153 1876 200716 1 54149854 85686 2.0 81 40 1 23 60% 8650 100999 6786 12%
c ] 6256.46 100 52 154 1876 200716 1 54164091 97797 2.1 81 39 1 23 60% 8650 100999 6786 12%
c { 6256.46 100 50 154 1876 200716 2 54164091 97797 2.3 53 22 2 13 52% 8650 100999 6786 12%
c - 6259.45 101 56 154 1877 200955 2 54193166 94580 2.4 56 23 2 13 54% 8651 100999 6786 12%
c
c  seconds     switched         rate             size/glue  tier1     binary         remaining
c           MB     reductions      conflicts           size   tier2      irredundant
c            level        restarts         redundant      glue    trail         variables
c
c - 6264.00 104 60 154 1878 201266 2 54236490 110760 2.6 59 23 2 13 55% 8651 100999 6786 12%
c - 6268.74 105 62 154 1879 201570 2 54279826 118929 2.6 60 23 2 13 55% 8651 100999 6786 12%
c - 6274.01 101 59 154 1880 201872 2 54323173 122655 2.6 62 24 2 13 57% 8651 100999 6786 12%
c - 6279.15 104 61 154 1881 202148 2 54366531 125152 2.6 63 24 2 13 58% 8651 100999 6786 12%
c u 6282.60 107 63 154 1881 202262 2 54388503 142608 2.7 64 23 2 13 58% 8651 100999 6786 12%
c v 6285.85 111 63 154 1881 202262 2 54388503 125375 2.7 64 23 2 13 58% 8651 100999 6786 12%
c w 6288.94 118 63 154 1881 202262 2 54388503 123501 2.7 64 23 2 13 58% 8651 100999 6786 12%
c - 6291.42 100 66 154 1882 202413 2 54409901 112600 2.7 64 23 2 13 57% 8651 100999 6786 12%
c - 6296.33 102 66 154 1883 202731 2 54453284 119664 2.7 64 23 2 13 57% 8651 100999 6786 12%
c - 6301.26 103 61 154 1884 203012 2 54496677 122177 2.7 64 24 2 13 58% 8651 100999 6786 12%
c - 6306.65 105 59 154 1885 203324 2 54540082 123543 2.7 64 24 2 13 58% 8651 100999 6786 12%
c - 6312.05 100 58 154 1886 203607 2 54583499 124663 2.7 64 24 2 13 59% 8651 100999 6786 12%
c o 6312.88 102 59 154 1886 203640 2 54592333 133179 2.7 64 24 2 13 59% 8651 100999 6786 12%
c - 6317.05 102 61 154 1887 203873 2 54626927 128597 2.7 64 24 2 13 58% 8651 100999 6786 12%
c - 6322.24 106 61 154 1888 204160 2 54670368 131392 2.7 65 24 2 13 57% 8651 100999 6786 12%
c - 6327.74 106 56 154 1889 204416 2 54713825 132121 2.7 64 24 2 13 58% 8651 100999 6786 12%
c - 6333.20 100 54 154 1890 204659 2 54757287 133459 2.7 63 24 2 13 59% 8651 100999 6786 12%
c - 6339.09 105 52 154 1891 204921 2 54800763 134720 2.6 63 24 2 13 59% 8652 100999 6786 12%
c - 6345.08 101 53 154 1892 205215 2 54844253 136209 2.6 62 24 2 13 59% 8652 100999 6786 12%
c - 6350.77 102 53 154 1893 205472 2 54887751 137784 2.6 63 24 2 13 59% 8652 100999 6786 12%
c
c  seconds     switched         rate             size/glue  tier1     binary         remaining
c           MB     reductions      conflicts           size   tier2      irredundant
c            level        restarts         redundant      glue    trail         variables
c
c - 6356.65 106 57 154 1894 205781 2 54931261 139260 2.6 63 24 2 13 58% 8652 100999 6786 12%
c - 6362.65 105 58 154 1895 206089 2 54974783 139679 2.6 63 24 2 13 58% 8652 100999 6786 12%
c - 6368.05 107 55 154 1896 206277 2 55018315 140596 2.6 62 24 2 13 58% 8652 100999 6786 12%
c - 6373.31 101 52 154 1897 206468 2 55061858 143122 2.6 60 23 2 13 58% 8652 100999 6786 12%
c - 6379.20 107 52 154 1898 206761 2 55105415 142550 2.6 61 23 2 13 58% 8652 100999 6786 12%
c - 6385.12 101 54 154 1899 207030 2 55148983 142800 2.6 61 23 2 13 58% 8652 100999 6786 12%
c - 6391.24 108 55 154 1900 207305 2 55192562 145013 2.7 63 23 2 13 59% 8652 100999 6786 12%
c u 6393.73 102 54 154 1900 207349 2 55201214 145806 2.7 62 23 2 13 59% 8655 100999 6786 12%
c v 6397.58 99 54 154 1900 207349 2 55201214 127229 2.7 62 23 2 13 59% 8656 100999 6786 12%
c w 6399.38 110 54 154 1900 207349 2 55201214 125078 2.7 62 23 2 13 59% 8656 100999 6786 12%
c - 6403.33 106 57 154 1901 207535 2 55236150 125774 2.8 63 23 2 13 59% 8657 100999 6786 12%
c } 6404.14 103 56 155 1901 207586 2 55242455 131444 2.7 63 23 2 13 59% 8657 100999 6786 12%
c [ 6404.14 103 52 155 1901 207586 1 55242455 131444 2.1 81 39 1 23 60% 8657 100999 6786 12%
c W 6404.33 115 52 155 1901 207586 1 55242455 131444 2.1 81 39 1 23 60% 8657 100999 6786 12%
c - 6408.31 121 48 155 1902 207604 1 55279752 121670 2.2 79 36 1 23 60% 8657 100999 6786 12%
c - 6413.65 127 46 155 1903 207616 1 55323363 104404 2.3 79 35 1 23 60% 8657 100999 6786 12%
c - 6419.59 144 45 155 1904 207638 1 55366986 94542 2.3 77 34 1 23 60% 8657 100999 6786 12%
c - 6425.86 170 49 155 1905 207648 1 55410620 90967 2.1 78 38 1 23 60% 8657 100999 6786 12%
c - 6431.33 196 50 155 1906 207658 1 55454267 87057 2.0 77 39 1 23 60% 8657 100999 6786 12%
c - 6437.21 222 51 155 1907 207678 1 55497925 89134 2.0 78 39 1 23 60% 8657 100999 6786 12%
c
c  seconds     switched         rate            size/glue  tier1     binary         remaining
c           MB     reductions      conflicts          size   tier2      irredundant
c            level        restarts         redundant     glue    trail         variables
c
c - 6442.28 236 53 155 1908 207692 1 55541597 91923 2.0 78 39 1 23 59% 8657 100999 6786 12%
c - 6447.88 202 51 155 1909 207709 1 55585280 87871 2.0 76 37 1 23 58% 8657 100999 6786 12%
c - 6453.90 208 52 155 1910 207711 1 55628972 88046 2.0 78 38 1 23 57% 8657 100999 6786 12%
c - 6460.39 149 53 155 1911 207712 1 55672675 86946 2.0 79 39 1 23 56% 8657 100999 6786 12%
c - 6466.68 157 54 155 1912 207722 1 55716390 87936 2.0 80 40 1 23 56% 8657 100999 6786 12%
c o 6467.17 157 55 155 1912 207725 1 55720146 91084 2.0 80 40 1 23 56% 8657 100999 6786 12%
c - 6471.92 119 62 155 1913 207742 1 55760118 89307 1.9 87 45 1 23 57% 8657 100999 6786 12%
c - 6477.36 125 61 155 1914 207756 1 55803858 86750 2.0 87 43 1 23 58% 8657 100999 6786 12%
c - 6482.48 132 60 155 1915 207773 1 55847608 86901 2.0 87 43 1 23 59% 8657 100999 6786 12%
c - 6487.83 138 51 155 1916 207775 1 55891370 90589 2.2 83 38 1 23 59% 8657 100999 6786 12%
c - 6493.91 147 49 155 1917 207793 1 55935142 93669 2.2 82 37 1 23 60% 8657 100999 6786 12%
c - 6499.26 153 47 155 1918 207806 1 55978926 92560 2.3 82 36 1 23 60% 8657 100999 6786 12%
c u 6505.07 162 48 155 1918 207827 1 56020426 125016 2.3 83 36 1 23 60% 8658 100999 6786 12%
c v 6506.15 165 48 155 1918 207827 1 56020426 117580 2.3 83 36 1 23 60% 8658 100999 6786 12%
c w 6512.79 190 48 155 1918 207827 1 56020426 112938 2.3 83 36 1 23 60% 8658 100999 6786 12%
c t 6524.54 138 48 155 1918 207827 1 56020426 112938 2.3 83 36 1 23 60% 8656 100999 6786 12%
c - 6524.79 146 48 155 1919 207828 1 56022720 81546 2.3 83 36 1 23 60% 8656 100999 6786 12%
c - 6529.51 151 47 155 1920 207838 1 56066527 81936 2.3 83 36 1 23 61% 8656 100999 6786 12%
c - 6534.73 155 49 155 1921 207839 1 56110347 82254 2.2 83 37 1 23 60% 8656 100999 6786 12%
c - 6540.12 160 48 155 1922 207839 1 56154176 81241 2.2 82 38 1 23 60% 8656 100999 6786 12%
c
c  seconds     switched         rate             size/glue  tier1     binary         remaining
c           MB     reductions      conflicts           size   tier2      irredundant
c            level        restarts         redundant      glue    trail         variables
c
c O 6543.61 162 48 155 1922 207840 1 56183917 105761 2.2 82 38 1 23 60% 8656 100999 6786 12%
c - 6545.09 117 46 155 1923 207840 1 56198016 86151 2.3 84 36 1 23 60% 8656 100999 6786 12%
c - 6550.23 123 43 155 1924 207840 1 56241868 92763 2.6 86 34 1 23 59% 8656 100999 6786 12%
c ] 6550.77 123 43 156 1924 207840 1 56246587 96788 2.6 86 33 1 23 59% 8656 100999 6786 12%
c { 6550.77 123 56 156 1924 207840 2 56246587 96788 2.7 63 23 2 13 59% 8656 100999 6786 12%
c - 6554.25 155 56 156 1925 208045 2 56285731 104706 2.8 63 22 2 13 57% 8656 100999 6786 12%
c - 6558.47 194 54 156 1926 208213 2 56329607 121504 3.0 64 21 2 13 55% 8656 100999 6786 12%
c - 6563.14 241 55 156 1927 208480 2 56373493 128811 3.1 65 21 2 13 55% 8656 100999 6786 12%
c - 6568.01 193 54 156 1928 208760 2 56417392 132138 3.1 64 21 2 13 55% 8656 100999 6786 12%
c - 6572.88 197 56 156 1929 209066 2 56461300 134909 3.1 64 21 2 13 55% 8656 100999 6786 12%
c - 6577.64 134 53 156 1930 209235 2 56505221 140739 3.2 63 20 2 13 56% 8656 100999 6786 12%
c - 6583.64 133 56 156 1931 209635 2 56549152 142254 3.0 63 21 2 13 55% 8657 100999 6786 12%
c - 6589.04 135 56 156 1932 209946 2 56593096 140657 3.1 63 21 2 13 54% 8657 100999 6786 12%
c - 6594.21 131 55 156 1933 210237 2 56637050 143383 3.1 64 21 2 13 54% 8659 100999 6786 12%
c - 6599.22 136 53 156 1934 210522 2 56681015 145893 3.1 63 20 2 13 53% 8660 100999 6786 12%
c - 6604.20 133 52 156 1935 210826 2 56724993 147522 3.0 62 20 2 13 52% 8660 100999 6786 12%
c o 6607.76 135 50 156 1935 210981 2 56754727 175652 3.0 62 20 2 13 54% 8660 100999 6786 12%
c - 6609.59 134 49 156 1936 211064 2 56768981 149976 3.0 62 20 2 13 54% 8660 100999 6786 12%
c - 6615.32 133 51 156 1937 211422 2 56812981 150751 3.0 62 21 2 13 53% 8660 100999 6786 12%
c u 6621.22 134 52 156 1937 211679 2 56846165 175371 2.9 62 21 2 13 54% 8665 100999 6786 12%
c
c  seconds     switched         rate             size/glue  tier1     binary         remaining
c           MB     reductions      conflicts           size   tier2      irredundant
c            level        restarts         redundant      glue    trail         variables
c
c v 6625.08 143 52 156 1937 211679 2 56846165 161586 2.9 62 21 2 13 54% 8665 100999 6786 12%
c w 6626.49 153 52 156 1937 211679 2 56846165 160429 2.9 62 21 2 13 54% 8665 100999 6786 12%
c t 6626.52 153 52 156 1937 211679 2 56846165 160429 2.9 62 21 2 13 54% 8663 100999 6786 12%
c - 6627.92 129 51 156 1938 211761 2 56856992 131334 2.9 61 21 2 13 54% 8663 100999 6786 12%
c - 6633.03 133 51 156 1939 212041 2 56901017 136831 2.9 61 21 2 13 55% 8663 100999 6786 12%
c s 6635.37 135 50 156 1939 212174 2 56923316 158077 2.9 60 21 2 13 54% 8664 100998 6786 12%
c - 6638.01 134 52 156 1940 212331 2 56945052 142301 2.9 61 21 2 13 54% 8664 100998 6786 12%
c - 6643.52 132 53 156 1941 212666 2 56989101 143809 3.0 63 21 2 13 54% 8664 100998 6786 12%
c - 6648.55 136 53 156 1942 212901 2 57033159 147379 3.0 62 20 2 13 54% 8664 100998 6786 12%
c - 6654.30 132 51 156 1943 213211 2 57077228 150333 3.0 62 20 2 13 54% 8664 100998 6786 12%
c - 6659.45 135 50 156 1944 213525 2 57121308 150165 3.0 61 21 2 13 53% 8664 100998 6786 12%
c - 6665.08 135 50 156 1945 213846 2 57165398 150336 3.0 62 21 2 13 53% 8664 100998 6786 12%
c - 6670.55 136 50 156 1946 214099 2 57209502 152469 3.0 62 21 2 13 54% 8665 100998 6786 12%
c - 6676.65 135 50 156 1947 214436 2 57253615 152802 2.9 61 21 2 13 54% 8666 100998 6786 12%
c - 6682.28 136 50 156 1948 214710 2 57297739 153717 2.9 61 21 2 13 54% 8666 100998 6786 12%
c - 6687.57 137 49 156 1949 214949 2 57341875 156177 3.0 62 21 2 13 54% 8666 100998 6786 12%
c } 6688.34 135 48 157 1949 214995 2 57350341 164299 3.0 62 21 2 13 54% 8666 100998 6786 12%
c [ 6688.34 135 43 157 1949 214995 1 57350341 164299 2.6 86 33 1 23 59% 8666 100998 6786 12%
c B 6688.34 135 43 157 1949 214995 1 57350341 164299 2.6 86 33 1 23 59% 8666 100998 6786 12%
c - 6692.54 141 47 157 1950 215012 1 57386023 142002 2.5 88 35 1 23 60% 8666 100998 6786 12%
c
c  seconds     switched         rate             size/glue  tier1     binary         remaining
c           MB     reductions      conflicts           size   tier2      irredundant
c            level        restarts         redundant      glue    trail         variables
c
c - 6698.24 118 52 157 1951 215025 1 57430181 108902 2.3 87 38 1 23 59% 8666 100998 6786 12%
c - 6703.41 124 54 157 1952 215047 1 57474351 96635 2.3 89 39 1 23 59% 8666 100998 6786 12%
c - 6707.98 123 58 157 1953 215057 1 57518533 96105 2.2 92 42 1 23 60% 8666 100998 6786 12%
c - 6712.56 129 63 157 1954 215067 1 57562725 92854 2.1 96 45 1 23 61% 8666 100998 6786 12%
c - 6717.64 127 59 157 1955 215087 1 57606932 95460 2.2 92 42 1 23 61% 8666 100998 6786 12%
c - 6723.75 129 54 157 1956 215102 1 57651147 99196 2.2 84 38 1 23 59% 8667 100998 6786 12%
c u 6729.13 126 51 157 1956 215114 1 57678459 114814 2.2 80 36 1 23 58% 8670 100998 6786 12%
c v 6730.21 129 51 157 1956 215114 1 57678459 106230 2.2 80 36 1 23 58% 8670 100998 6786 12%
c w 6733.02 142 51 157 1956 215114 1 57678459 100795 2.2 80 36 1 23 58% 8670 100998 6786 12%
c x 6734.51 127 51 157 1956 215114 1 57678459 100773 2.2 80 36 1 23 58% 8683 100942 6786 12%
c t 6734.52 127 51 157 1956 215114 1 57678459 100773 2.2 80 36 1 23 58% 8680 100942 6786 12%
c - 6736.93 127 53 157 1957 215119 1 57695373 86398 2.1 80 37 1 23 58% 8680 100942 6786 12%
c - 6744.10 123 59 157 1958 215120 1 57739612 88434 1.9 79 41 1 23 57% 8680 100942 6786 12%
c - 6751.31 126 62 157 1959 215121 1 57783861 83684 1.7 77 45 1 23 56% 8680 100942 6786 12%
c o 6757.29 126 63 157 1959 215129 1 57821875 116193 1.7 76 46 1 23 56% 8680 100942 6786 12%
c - 6757.94 126 65 157 1960 215134 1 57828121 84406 1.7 77 46 1 23 56% 8680 100942 6786 12%
c - 6762.65 129 66 157 1961 215151 1 57872393 88860 1.8 80 46 1 23 58% 8680 100942 6786 12%
c - 6767.36 126 63 157 1962 215167 1 57916678 87650 1.9 81 43 1 23 59% 8680 100942 6786 12%
c - 6772.63 128 61 157 1963 215183 1 57960974 88406 1.9 80 43 1 23 59% 8680 100942 6786 12%
c - 6778.38 126 64 157 1964 215184 1 58005279 87035 1.8 83 45 1 23 60% 8680 100942 6786 12%
c
c  seconds     switched         rate            size/glue  tier1     binary         remaining
c           MB     reductions      conflicts          size   tier2      irredundant
c            level        restarts         redundant     glue    trail         variables
c
c - 6783.65 125 65 157 1965 215206 1 58049596 85488 1.8 83 46 1 23 59% 8680 100942 6786 12%
c - 6789.02 125 66 157 1966 215220 1 58093924 87074 1.8 84 46 1 23 59% 8680 100942 6786 12%
c - 6793.84 128 61 157 1967 215241 1 58138263 90136 2.0 84 42 1 23 60% 8680 100942 6786 12%
c - 6798.54 129 62 157 1968 215247 1 58182613 90479 2.0 84 43 1 23 61% 8680 100942 6786 12%
c - 6803.26 127 63 157 1969 215248 1 58226976 91306 2.1 87 42 1 23 62% 8680 100942 6786 12%
c - 6808.35 126 65 157 1970 215249 1 58271351 93708 2.2 91 42 1 23 62% 8680 100942 6786 12%
c - 6813.55 130 67 157 1971 215249 1 58315735 94284 2.2 93 43 1 23 62% 8680 100942 6786 12%
c W 6814.39 121 67 157 1971 215249 1 58319784 98098 2.2 93 43 1 23 62% 8680 100942 6786 12%
c ] 6814.94 126 67 158 1971 215249 1 58325212 103101 2.2 93 43 1 23 62% 8680 100942 6786 12%
c { 6814.94 126 48 158 1971 215249 2 58325212 103101 3.0 62 21 2 13 54% 8680 100942 6786 12%
c - 6818.41 143 57 158 1972 215616 2 58360131 105939 2.8 61 22 2 13 53% 8680 100942 6786 12%
c - 6822.51 142 59 158 1973 215901 2 58404538 123258 2.8 59 21 2 13 52% 8681 100942 6786 12%
c - 6826.72 144 61 158 1974 216192 2 58448956 134139 2.8 57 21 2 13 50% 8681 100942 6786 12%
c - 6831.41 139 60 158 1975 216523 2 58493386 139077 2.7 56 21 2 13 50% 8682 100942 6786 12%
c u 6835.30 140 61 158 1975 216710 2 58517276 156396 2.6 56 21 2 13 50% 8685 100942 6786 12%
c v 6839.13 149 61 158 1975 216710 2 58517276 137138 2.6 56 21 2 13 50% 8685 100942 6786 12%
c w 6841.22 155 61 158 1975 216710 2 58517276 136033 2.6 56 21 2 13 50% 8685 100942 6786 12%
c t 6841.23 155 61 158 1975 216710 2 58517276 136033 2.6 56 21 2 13 50% 8683 100942 6786 12%
c - 6843.22 142 61 158 1976 216837 2 58537827 122202 2.6 55 21 2 13 50% 8683 100942 6786 12%
c - 6847.56 137 53 158 1977 216983 2 58582279 132433 2.5 51 20 2 13 51% 8683 100942 6786 12%
c
c  seconds     switched         rate             size/glue  tier1     binary         remaining
c           MB     reductions      conflicts           size   tier2      irredundant
c            level        restarts         redundant      glue    trail         variables
c
c - 6852.15 143 49 158 1978 217207 2 58626742 139596 2.4 48 20 2 13 50% 8683 100942 6786 12%
c - 6857.33 142 50 158 1979 217509 2 58671217 144067 2.4 48 20 2 13 50% 8683 100942 6786 12%
c - 6862.32 144 48 158 1980 217777 2 58715706 146843 2.3 47 20 2 13 49% 8683 100942 6786 12%
c - 6867.17 140 49 158 1981 218051 2 58760205 149574 2.4 48 20 2 13 49% 8683 100942 6786 12%
c - 6871.31 142 44 158 1982 218192 2 58804713 152107 2.3 45 19 2 13 47% 8683 100942 6786 12%
c - 6875.35 145 42 158 1983 218407 2 58849232 154814 2.3 43 19 2 13 44% 8683 100942 6786 12%
c o 6877.86 139 42 158 1983 218556 2 58872413 175521 2.2 43 19 2 13 44% 8683 100942 6786 12%
c - 6880.26 144 43 158 1984 218685 2 58893762 155082 2.3 44 19 2 13 45% 8683 100942 6786 12%
c - 6883.61 143 39 158 1985 218800 2 58938306 158369 2.3 42 18 2 13 40% 8683 100942 6786 12%
c - 6887.69 142 36 158 1986 218983 2 58982860 159639 2.2 40 18 2 13 39% 8683 100942 6786 12%
c - 6892.69 139 38 158 1987 219256 2 59027428 158203 2.2 40 18 2 13 40% 8683 100942 6786 12%
c - 6896.45 146 34 158 1988 219367 2 59072003 159533 2.1 37 18 2 13 37% 8683 100942 6786 12%
c - 6900.95 140 35 158 1989 219607 2 59116589 160137 2.0 37 18 2 13 37% 8684 100942 6786 12%
c - 6906.34 145 41 158 1990 219969 2 59161189 158459 2.2 41 19 2 13 40% 8684 100942 6786 12%
c - 6912.23 146 47 158 1991 220394 2 59205799 154074 2.2 45 20 2 13 44% 8684 100942 6786 12%
c - 6917.85 146 51 158 1992 220790 2 59250420 148919 2.3 48 21 2 13 46% 8684 100942 6786 12%
c - 6923.51 138 50 158 1993 221090 2 59295055 150825 2.3 48 21 2 13 48% 8684 100942 6786 12%
c - 6928.96 142 49 158 1994 221345 2 59339699 153070 2.3 47 20 2 13 48% 8684 100942 6786 12%
c s 6929.03 142 49 158 1994 221345 2 59341541 154871 2.3 47 20 2 13 48% 8684 100936 6786 12%
c e 6929.05 143 49 158 1994 221345 2 59341541 154871 2.3 47 20 2 13 48% 8674 101003 6782 12%
c
c  seconds     switched         rate             size/glue  tier1     binary         remaining
c           MB     reductions      conflicts           size   tier2      irredundant
c            level        restarts         redundant      glue    trail         variables
c
c s 6929.05 143 49 158 1994 221345 2 59341541 154871 2.3 47 20 2 13 48% 8674 100979 6782 12%
c u 6933.13 163 47 158 1994 221460 2 59362645 166731 2.3 47 20 2 13 48% 8674 100979 6782 12%
c v 6936.97 168 47 158 1994 221460 2 59362645 157134 2.3 47 20 2 13 48% 8674 100979 6782 12%
c w 6938.17 174 47 158 1994 221460 2 59362645 150868 2.3 47 20 2 13 48% 8674 100979 6782 12%
c - 6940.73 174 48 158 1995 221583 2 59384353 135797 2.3 47 20 2 13 49% 8674 100979 6782 12%
c - 6945.64 174 42 158 1996 221774 2 59429019 140363 2.2 43 20 2 13 49% 8674 100979 6782 12%
c } 6948.42 170 43 159 1996 221905 2 59454601 163929 2.2 43 20 2 13 49% 8675 100979 6782 12%
c [ 6948.42 170 67 159 1996 221905 1 59454601 163929 2.2 93 43 1 23 62% 8675 100979 6782 12%
c I 6948.42 170 67 159 1996 221905 1 59454601 163929 2.2 93 43 1 23 62% 8675 100979 6782 12%
c - 6950.40 175 69 159 1997 221917 1 59473695 138110 2.1 93 44 1 23 62% 8675 100979 6782 12%
c - 6955.64 177 66 159 1998 221934 1 59518383 115502 2.0 89 44 1 23 61% 8675 100979 6782 12%
c - 6961.20 117 63 159 1999 221950 1 59563081 89110 2.0 86 43 1 23 60% 8675 100979 6782 12%
c - 6966.44 121 60 159 2000 221966 1 59607792 85157 2.0 84 42 1 23 60% 8675 100979 6782 12%
c - 6971.82 119 53 159 2001 221969 1 59652513 88602 2.1 79 38 1 23 60% 8675 100979 6782 12%
c - 6977.57 119 49 159 2002 221990 1 59697247 91305 2.2 78 36 1 23 60% 8675 100979 6782 12%
c - 6983.75 117 48 159 2003 222005 1 59741991 89645 2.1 76 36 1 23 61% 8675 100979 6782 12%
c - 6990.00 120 44 159 2004 222026 1 59786747 92468 2.1 72 34 1 23 60% 8675 100979 6782 12%
c - 6995.56 118 45 159 2005 222030 1 59831513 93982 2.2 75 34 1 23 60% 8675 100979 6782 12%
c - 7001.90 120 48 159 2006 222031 1 59876292 87243 2.1 77 37 1 23 59% 8675 100979 6782 12%
c - 7008.24 121 48 159 2007 222037 1 59921083 85813 2.1 77 37 1 23 59% 8675 100979 6782 12%
c
c  seconds     switched         rate            size/glue  tier1     binary         remaining
c           MB     reductions      conflicts          size   tier2      irredundant
c            level        restarts         redundant     glue    trail         variables
c
c - 7014.81 121 49 159 2008 222059 1 59965885 88019 2.1 78 38 1 23 59% 8675 100979 6782 12%
c - 7021.58 120 49 159 2009 222072 1 60010697 90176 2.1 79 38 1 23 59% 8675 100979 6782 12%
c - 7029.18 118 50 159 2010 222092 1 60055518 90102 2.0 79 39 1 23 59% 8675 100979 6782 12%
c - 7036.04 116 48 159 2011 222094 1 60100353 91898 2.1 80 38 1 23 60% 8675 100979 6782 12%
c - 7042.69 120 46 159 2012 222111 1 60145197 94256 2.1 77 37 1 23 60% 8675 100979 6782 12%
c o 7046.09 120 43 159 2012 222124 1 60168265 111491 2.1 74 35 1 23 60% 8675 100979 6782 12%
c - 7048.66 120 59 159 2013 222125 1 60190053 95780 1.9 83 44 1 23 59% 8675 100979 6782 12%
c u 7052.45 122 62 159 2013 222139 1 60214567 114816 1.9 85 46 1 23 59% 8675 100979 6782 12%
c v 7053.36 124 62 159 2013 222139 1 60214567 109165 1.9 85 46 1 23 59% 8675 100979 6782 12%
c w 7060.88 163 62 159 2013 222139 1 60214567 106419 1.9 85 46 1 23 59% 8675 100979 6782 12%
c - 7063.08 150 62 159 2014 222147 1 60234920 85372 1.9 86 46 1 23 60% 8675 100979 6782 12%
c - 7068.35 151 64 159 2015 222157 1 60279797 76596 1.9 90 47 1 23 60% 8675 100979 6782 12%
c - 7073.48 149 63 159 2016 222158 1 60324687 77314 2.0 92 46 1 23 60% 8675 100979 6782 12%
c - 7078.20 148 67 159 2017 222158 1 60369592 78993 1.9 95 49 1 23 60% 8675 100979 6782 12%
c ] 7079.52 149 68 160 2017 222159 1 60381318 89501 2.0 96 49 1 23 60% 8675 100979 6782 12%
c { 7079.52 149 43 160 2017 222159 2 60381318 89501 2.2 43 20 2 13 49% 8675 100979 6782 12%
c - 7083.38 151 53 160 2018 222575 2 60414504 88767 2.3 50 22 2 13 50% 8675 100979 6782 12%
c - 7088.26 151 62 160 2019 223047 2 60459427 107321 2.3 55 23 2 13 51% 8675 100979 6782 12%
c - 7093.59 152 64 160 2020 223439 2 60504362 117042 2.4 59 24 2 13 53% 8675 100979 6782 12%
c - 7099.03 151 62 160 2021 223738 2 60549309 122471 2.5 60 24 2 13 54% 8675 100979 6782 12%
c
c  seconds     switched         rate             size/glue  tier1     binary         remaining
c           MB     reductions      conflicts           size   tier2      irredundant
c            level        restarts         redundant      glue    trail         variables
c
c - 7104.39 153 63 160 2022 224006 2 60594264 128185 2.6 61 24 2 13 54% 8675 100979 6782 12%
c - 7109.88 153 61 160 2023 224265 2 60639232 132064 2.6 62 24 2 13 54% 8675 100979 6782 12%
c - 7115.47 152 61 160 2024 224564 2 60684210 134689 2.6 61 24 2 13 55% 8675 100979 6782 12%
c - 7120.96 156 61 160 2025 224808 2 60729198 136272 2.6 60 24 2 13 54% 8675 100979 6782 12%
c - 7127.03 152 57 160 2026 225112 2 60774199 135897 2.5 60 24 2 13 55% 8675 100979 6782 12%
c - 7132.60 155 56 160 2027 225367 2 60819211 136485 2.5 60 24 2 13 55% 8675 100979 6782 12%
c - 7138.87 156 54 160 2028 225632 2 60864233 138309 2.5 60 24 2 13 55% 8675 100979 6782 12%
c - 7144.72 152 53 160 2029 225897 2 60909267 139112 2.5 60 24 2 13 55% 8675 100979 6782 12%
c - 7151.00 156 51 160 2030 226188 2 60954313 138161 2.5 60 24 2 13 56% 8675 100979 6782 12%
c - 7157.24 156 51 160 2031 226439 2 60999369 138408 2.5 60 24 2 13 56% 8675 100979 6782 12%
c - 7163.39 107 53 160 2032 226715 2 61044435 141119 2.5 60 24 2 13 56% 8675 100979 6782 12%
c u 7168.61 102 52 160 2032 226908 2 61073066 160223 2.5 59 24 2 13 56% 8676 100979 6782 12%
c v 7172.56 111 52 160 2032 226908 2 61073066 142016 2.5 59 24 2 13 56% 8676 100979 6782 12%
c w 7174.77 119 52 160 2032 226908 2 61073066 137467 2.5 59 24 2 13 56% 8676 100979 6782 12%
c t 7174.79 119 52 160 2032 226908 2 61073066 137467 2.5 59 24 2 13 56% 8675 100979 6782 12%
c - 7177.08 104 52 160 2033 227026 2 61089513 119480 2.4 59 24 2 13 56% 8675 100979 6782 12%
c - 7182.52 104 55 160 2034 227289 2 61134604 125799 2.5 59 24 2 13 56% 8676 100979 6782 12%
c - 7188.07 105 56 160 2035 227556 2 61179707 132373 2.4 58 24 2 13 55% 8676 100979 6782 12%
c - 7193.54 105 58 160 2036 227828 2 61224817 134961 2.5 58 24 2 13 55% 8676 100979 6782 12%
c o 7195.01 102 55 160 2036 227870 2 61238429 146725 2.4 57 23 2 13 55% 8676 100979 6782 12%
c
c  seconds     switched         rate             size/glue  tier1     binary         remaining
c           MB     reductions      conflicts           size   tier2      irredundant
c            level        restarts         redundant      glue    trail         variables
c
c - 7199.42 107 54 160 2037 228095 2 61269939 135257 2.4 58 24 2 13 56% 8676 100979 6782 12%
c - 7205.49 107 55 160 2038 228378 2 61315073 136864 2.4 58 24 2 13 56% 8676 100979 6782 12%
c - 7211.63 107 52 160 2039 228617 2 61360217 138298 2.4 57 24 2 13 56% 8676 100979 6782 12%
c - 7217.77 106 52 160 2040 228885 2 61405373 138521 2.4 56 24 2 13 56% 8676 100979 6782 12%
c - 7224.14 106 50 160 2041 229122 2 61450542 140395 2.4 56 24 2 13 56% 8676 100979 6782 12%
c - 7230.23 106 50 160 2042 229324 2 61495719 141903 2.4 55 23 2 13 56% 8676 100979 6782 12%
c } 7235.98 107 52 161 2042 229635 2 61536591 179671 2.4 57 24 2 13 56% 8676 100979 6782 12%
c [ 7235.98 107 68 161 2042 229635 1 61536591 179671 2.0 96 49 1 23 60% 8676 100979 6782 12%
c B 7235.98 107 68 161 2042 229635 1 61536591 179671 2.0 96 49 1 23 60% 8676 100979 6782 12%
c - 7236.44 101 70 161 2043 229638 1 61540907 140517 1.9 97 50 1 23 60% 8676 100979 6782 12%
c - 7241.80 87 62 161 2044 229660 1 61586106 125999 2.1 93 45 1 23 59% 8676 100979 6782 12%
c - 7247.49 104 57 161 2045 229673 1 61631317 99731 2.3 92 41 1 23 59% 8676 100979 6782 12%
c - 7253.31 103 54 161 2046 229695 1 61676544 94799 2.3 90 39 1 23 60% 8676 100979 6782 12%
c - 7259.64 105 56 161 2047 229697 1 61721776 91904 2.2 88 41 1 23 58% 8676 100979 6782 12%
c - 7266.24 104 55 161 2048 229713 1 61767019 89984 2.1 87 41 1 23 58% 8676 100979 6782 12%
c - 7272.12 101 63 161 2049 229728 1 61812276 90291 2.0 89 45 1 23 57% 8676 100979 6782 12%
c - 7277.61 104 55 161 2050 229750 1 61857543 91925 2.1 83 40 1 23 57% 8676 100979 6782 12%
c - 7283.02 99 51 161 2051 229760 1 61902819 95635 2.2 82 38 1 23 59% 8676 100979 6782 12%
c u 7288.36 108 51 161 2051 229761 1 61938117 122085 2.2 84 38 1 23 60% 8676 100979 6782 12%
c v 7289.20 109 51 161 2051 229761 1 61938117 115559 2.2 84 38 1 23 60% 8676 100979 6782 12%
c
c  seconds     switched         rate             size/glue  tier1     binary         remaining
c           MB     reductions      conflicts           size   tier2      irredundant
c            level        restarts         redundant      glue    trail         variables
c
c w 7297.13 132 51 161 2051 229761 1 61938117 109924 2.2 84 38 1 23 60% 8676 100979 6782 12%
c - 7298.43 102 51 161 2052 229761 1 61948107 84192 2.2 84 38 1 23 60% 8676 100979 6782 12%
c - 7303.98 99 51 161 2053 229761 1 61993410 86167 2.2 84 38 1 23 61% 8676 100979 6782 12%
c - 7308.93 104 53 161 2054 229783 1 62038720 90951 2.2 84 38 1 23 61% 8676 100979 6782 12%
c - 7313.84 105 54 161 2055 229797 1 62084041 90269 2.1 82 39 1 23 61% 8676 100979 6782 12%
c - 7319.71 102 52 161 2056 229820 1 62129373 85882 2.2 83 37 1 22 60% 8676 100979 6782 12%
c - 7326.05 104 50 161 2057 229824 1 62174717 84947 2.3 83 37 1 22 58% 8676 100979 6782 12%
c - 7332.06 103 49 161 2058 229839 1 62220071 87342 2.3 83 36 1 22 58% 8676 100979 6782 12%
c - 7337.69 102 47 161 2059 229855 1 62265439 90911 2.3 82 35 1 22 58% 8676 100979 6782 12%
c - 7343.36 103 47 161 2060 229873 1 62310817 90603 2.3 81 35 1 22 58% 8676 100979 6782 12%
c o 7344.41 100 48 161 2060 229878 1 62319974 98824 2.3 81 35 1 22 59% 8676 100979 6782 12%
c - 7348.46 105 54 161 2061 229886 1 62356206 92762 2.2 84 38 1 22 58% 8676 100979 6782 12%
c - 7354.12 104 55 161 2062 229888 1 62401604 87993 2.1 83 39 1 22 59% 8676 100979 6782 12%
c - 7359.57 98 55 161 2063 229888 1 62447013 84723 2.1 85 40 1 22 59% 8676 100979 6782 12%
c - 7365.39 103 54 161 2064 229889 1 62492434 85813 2.1 85 40 1 22 59% 8676 100979 6782 12%
c - 7371.39 101 52 161 2065 229889 1 62537866 88848 2.2 85 38 1 22 59% 8676 100979 6782 12%
c W 7372.88 115 51 161 2065 229889 1 62548524 98423 2.2 85 38 1 22 60% 8676 100979 6782 12%
c - 7377.09 122 54 161 2066 229889 1 62583309 90867 2.2 85 39 1 22 60% 8676 100979 6782 12%
c - 7382.95 129 58 161 2067 229911 1 62628764 86559 2.0 84 43 1 22 59% 8676 100979 6782 12%
c ] 7388.62 137 63 162 2067 229923 1 62670924 123582 1.9 85 46 1 22 59% 8676 100979 6782 12%
c
c  seconds     switched         rate             size/glue  tier1     binary         remaining
c           MB     reductions      conflicts           size   tier2      irredundant
c            level        restarts         redundant      glue    trail         variables
c
c { 7388.62 137 52 162 2067 229923 2 62670924 123582 2.4 57 24 2 13 56% 8676 100979 6782 12%
c - 7388.95 138 51 162 2068 229924 2 62674228 87469 2.5 58 23 2 13 56% 8676 100979 6782 12%
c - 7393.80 142 40 162 2069 229924 2 62719703 117838 3.3 70 21 2 13 57% 8676 100979 6782 12%
c - 7399.56 157 33 162 2070 229924 1 62765189 145268 4.0 78 19 2 13 57% 8676 100979 6782 12%
c u 7405.80 188 29 162 2070 229928 1 62809744 185941 4.3 79 18 2 13 55% 8677 100979 6782 12%
c v 7410.70 203 29 162 2070 229928 1 62809744 175939 4.3 79 18 2 13 55% 8677 100979 6782 12%
c w 7414.88 254 29 162 2070 229928 1 62809744 175908 4.3 79 18 2 13 55% 8677 100979 6782 12%
c - 7415.03 259 30 162 2071 229928 1 62810687 143617 4.3 79 18 2 13 55% 8677 100979 6782 12%
c - 7418.41 289 29 162 2072 229941 1 62856195 148578 4.4 73 17 2 13 54% 8678 100979 6782 12%
c - 7422.96 295 26 162 2073 229971 1 62901715 149643 4.7 76 16 2 13 56% 8678 100979 6782 12%
c - 7428.16 315 24 162 2074 230017 1 62947245 148791 4.9 77 16 2 13 58% 8678 100979 6782 12%
c - 7432.07 325 23 162 2075 230035 1 62992786 154299 5.0 73 15 2 13 56% 8678 100979 6782 12%
c - 7436.49 261 22 162 2076 230055 1 63038338 152982 5.0 71 14 2 13 55% 8678 100979 6782 12%
c - 7440.04 301 23 162 2077 230112 1 63083901 154659 4.8 65 14 2 13 51% 8678 100979 6782 12%
c - 7443.02 323 23 162 2078 230168 1 63129475 157827 4.8 62 13 2 13 49% 8678 100979 6782 12%
c - 7446.04 250 23 162 2079 230228 1 63175060 157381 4.9 57 12 2 13 47% 8679 100979 6782 12%
c - 7449.55 305 25 162 2080 230461 1 63220657 159828 4.8 54 11 2 13 44% 8683 100979 6782 12%
c - 7453.00 400 28 162 2081 230742 1 63266266 161582 4.6 51 11 2 13 43% 8685 100979 6782 12%
c - 7457.64 419 28 162 2082 231136 1 63311884 164724 4.5 51 11 2 13 44% 8685 100979 6782 12%
c - 7461.87 442 27 162 2083 231419 1 63357512 167491 4.8 53 11 2 13 44% 8685 100979 6782 12%
c
c  seconds     switched         rate             size/glue  tier1     binary         remaining
c           MB     reductions      conflicts           size   tier2      irredundant
c            level        restarts         redundant      glue    trail         variables
c
c - 7465.95 289 27 162 2084 231703 1 63403152 169191 4.6 50 11 2 13 43% 8689 100979 6782 12%
c o 7466.52 287 27 162 2084 231749 1 63410474 176433 4.6 50 11 2 13 43% 8689 100979 6782 12%
c - 7470.15 288 27 162 2085 232026 1 63448802 170911 4.6 51 11 2 13 44% 8689 100979 6782 12%
c - 7475.32 137 27 162 2086 232451 1 63494463 173611 4.5 51 11 2 13 45% 8693 100979 6782 12%
c - 7480.03 136 27 162 2087 232786 1 63540135 175736 4.7 53 11 2 13 46% 8694 100979 6782 12%
c i 7483.69 139 26 162 2087 233041 1 63583826 218796 4.5 50 11 2 13 45% 8701 100979 6781 12%
c - 7483.97 138 26 162 2088 233065 1 63585818 176654 4.4 50 11 2 13 45% 8694 100979 6781 12%
c - 7489.03 138 26 162 2089 233439 1 63631512 177998 4.5 52 12 2 13 46% 8696 100979 6781 12%
c - 7492.63 135 26 162 2090 233638 1 63677217 179856 4.5 50 11 2 13 45% 8698 100979 6781 12%
c u 7495.15 136 26 162 2090 233708 1 63687948 177603 4.4 49 11 2 13 45% 8706 100968 6781 12%
c v 7498.14 149 26 162 2090 233708 1 63687948 174913 4.4 49 11 2 13 45% 8706 100968 6781 12%
c w 7499.21 151 26 162 2090 233708 1 63687948 174903 4.4 49 11 2 13 45% 8706 100968 6781 12%
c t 7499.23 151 26 162 2090 233708 1 63687948 174903 4.4 49 11 2 13 45% 8702 100968 6781 12%
c - 7502.24 138 28 162 2091 233929 1 63722933 166536 4.4 49 11 2 13 44% 8703 100968 6781 12%
c - 7505.57 133 30 162 2092 234184 1 63768660 167879 4.2 45 11 2 13 40% 8705 100968 6781 12%
c i 7508.29 138 29 162 2092 234430 1 63798610 197597 4.2 46 11 2 13 41% 8710 100968 6779 12%
c - 7510.19 138 29 162 2093 234602 1 63814398 169673 4.3 48 11 2 13 41% 8689 100968 6779 12%
c } 7513.54 139 29 163 2093 234881 1 63852329 207320 4.3 48 11 2 13 41% 8690 100968 6779 12%
c [ 7513.54 139 63 163 2093 234881 1 63852329 207320 1.9 85 46 1 22 59% 8690 100968 6779 12%
c O 7513.54 139 63 163 2093 234881 1 63852329 207320 1.9 85 46 1 22 59% 8690 100968 6779 12%
c
c  seconds     switched         rate             size/glue  tier1     binary         remaining
c           MB     reductions      conflicts           size   tier2      irredundant
c            level        restarts         redundant      glue    trail         variables
c
c - 7514.43 132 61 163 2094 234886 1 63860150 167516 1.9 86 45 1 22 59% 8690 100968 6779 12%
c - 7520.04 139 56 163 2095 234909 1 63905910 138545 2.1 86 41 1 22 59% 8690 100968 6779 12%
c - 7526.17 99 49 163 2096 234922 1 63951681 107328 2.3 86 37 1 22 58% 8690 100968 6779 12%
c - 7532.77 104 45 163 2097 234941 1 63997464 101068 2.4 84 34 1 22 58% 8690 100968 6779 12%
c - 7539.01 108 42 163 2098 234943 1 64043258 103282 2.5 82 32 1 22 58% 8690 100968 6779 12%
c - 7545.04 109 44 163 2099 234964 1 64089062 103471 2.5 83 34 1 22 58% 8690 100968 6779 12%
c - 7551.33 108 44 163 2100 234977 1 64134876 96780 2.5 83 34 1 22 59% 8690 100968 6779 12%
c - 7557.70 110 44 163 2101 235000 1 64180703 99992 2.5 83 34 1 22 59% 8690 100968 6779 12%
c - 7564.95 111 47 163 2102 235006 1 64226541 102101 2.4 85 35 1 22 58% 8690 100968 6779 12%
c - 7572.30 110 48 163 2103 235007 1 64272388 99774 2.4 88 36 1 22 58% 8690 100968 6779 12%
c - 7579.42 110 47 163 2104 235013 1 64318246 101983 2.5 89 35 1 22 58% 8690 100968 6779 12%
c s 7584.66 107 42 163 2104 235029 1 64355564 132312 2.6 84 32 1 22 58% 8693 100947 6779 12%
c e 7584.67 108 42 163 2104 235029 1 64355564 132312 2.6 84 32 1 22 58% 8688 100978 6777 12%
c s 7584.67 108 42 163 2104 235029 1 64355564 132312 2.6 84 32 1 22 58% 8688 100966 6777 12%
c - 7586.10 126 42 163 2105 235035 1 64364115 108186 2.6 83 32 1 22 58% 8688 100966 6777 12%
c - 7591.74 144 46 163 2106 235048 1 64409995 107459 2.4 83 35 1 22 59% 8688 100966 6777 12%
c - 7597.44 172 51 163 2107 235068 1 64455886 96605 2.3 85 38 1 22 59% 8688 100966 6777 12%
c - 7603.74 195 48 163 2108 235070 1 64501791 97119 2.3 82 36 1 22 58% 8688 100966 6777 12%
c o 7609.26 211 46 163 2108 235086 1 64541297 130428 2.3 80 34 1 22 58% 8688 100966 6777 12%
c - 7610.07 216 49 163 2109 235091 1 64547703 98169 2.3 82 36 1 22 58% 8688 100966 6777 12%
c
c  seconds     switched         rate             size/glue  tier1     binary         remaining
c           MB     reductions      conflicts           size   tier2      irredundant
c            level        restarts         redundant      glue    trail         variables
c
c u 7614.05 241 50 163 2109 235100 1 64572756 113143 2.3 83 37 1 22 58% 8701 100960 6777 12%
c v 7615.18 244 50 163 2109 235100 1 64572756 102263 2.3 83 37 1 22 58% 8702 100960 6777 12%
c w 7621.74 256 50 163 2109 235100 1 64572756 98442 2.3 83 37 1 22 58% 8702 100960 6777 12%
c t 7621.76 208 50 163 2109 235100 1 64572756 98442 2.3 83 37 1 22 58% 8700 100960 6777 12%
c f 7621.76 208 50 163 2109 235100 1 64572756 98442 2.3 83 37 1 22 58% 8701 100942 6778 12%
c u 7622.69 212 50 163 2109 235100 1 64572756 97486 2.3 83 37 1 22 58% 8703 100942 6778 12%
c v 7623.33 213 50 163 2109 235100 1 64572756 93919 2.3 83 37 1 22 58% 8703 100942 6778 12%
c w 7630.55 221 50 163 2109 235100 1 64572756 93064 2.3 83 37 1 22 58% 8703 100942 6778 12%
c - 7633.16 149 51 163 2110 235104 1 64593627 82057 2.2 84 37 1 22 58% 8703 100942 6778 12%
c ] 7634.55 149 52 164 2110 235111 1 64605909 92753 2.2 85 38 1 22 58% 8703 100942 6778 12%
c { 7634.55 149 29 164 2110 235111 1 64605909 92753 4.3 48 11 2 13 41% 8703 100942 6778 12%
c - 7638.77 197 41 164 2111 235704 2 64639561 90956 3.3 53 16 2 13 44% 8703 100942 6778 12%
c - 7643.93 266 53 164 2112 236325 2 64685507 110262 3.0 57 19 2 13 47% 8703 100942 6778 12%
c - 7649.14 315 59 164 2113 236813 2 64731464 124524 2.8 59 21 2 13 49% 8703 100942 6778 12%
c - 7655.20 241 63 164 2114 237304 2 64777432 130311 2.7 61 22 2 13 52% 8703 100942 6778 12%
c - 7660.30 241 61 164 2115 237595 2 64823411 135096 2.8 62 22 2 13 54% 8703 100942 6778 12%
c - 7665.74 137 63 164 2116 237926 2 64869400 140633 2.9 63 22 2 13 55% 8703 100942 6778 12%
c - 7671.04 138 64 164 2117 238241 2 64915401 142931 2.8 63 22 2 13 54% 8703 100942 6778 12%
c - 7676.82 138 62 164 2118 238584 2 64961413 142435 2.8 64 23 2 13 54% 8703 100942 6778 12%
c - 7682.61 134 63 164 2119 238931 2 65007436 141710 2.8 65 23 2 13 56% 8703 100942 6778 12%
c
c  seconds     switched         rate             size/glue  tier1     binary         remaining
c           MB     reductions      conflicts           size   tier2      irredundant
c            level        restarts         redundant      glue    trail         variables
c
c - 7688.15 136 62 164 2120 239257 2 65053468 142916 2.8 65 23 2 13 55% 8703 100942 6778 12%
c - 7694.14 139 62 164 2121 239601 2 65099512 145012 2.9 66 23 2 13 56% 8703 100942 6778 12%
c - 7700.01 140 61 164 2122 239900 2 65145568 147214 2.9 67 23 2 13 57% 8703 100942 6778 12%
c - 7705.66 135 59 164 2123 240181 2 65191634 148984 3.0 68 22 2 13 58% 8703 100942 6778 12%
c - 7711.54 141 60 164 2124 240456 2 65237711 150203 3.1 68 22 2 13 58% 8703 100942 6778 12%
c - 7717.79 140 58 164 2125 240838 2 65283797 148038 2.9 67 23 2 13 58% 8703 100942 6778 12%
c - 7724.04 135 55 164 2126 241125 2 65329895 146497 2.9 66 23 2 13 58% 8703 100942 6778 12%
c - 7730.23 141 56 164 2127 241457 2 65376004 148047 2.9 66 23 2 13 58% 8703 100942 6778 12%
c - 7736.95 138 56 164 2128 241821 2 65422124 148690 2.8 67 24 2 13 58% 8703 100942 6778 12%
c u 7744.37 139 57 164 2128 242084 2 65464164 180472 2.8 67 23 2 13 58% 8710 100942 6778 12%
c v 7749.18 147 57 164 2128 242084 2 65464164 162783 2.8 67 23 2 13 58% 8710 100942 6778 12%
c w 7750.82 156 57 164 2128 242084 2 65464164 161611 2.8 67 23 2 13 58% 8710 100942 6778 12%
c t 7750.84 156 57 164 2128 242084 2 65464164 161611 2.8 67 23 2 13 58% 8709 100942 6778 12%
c - 7751.36 136 56 164 2129 242102 2 65468256 127061 2.8 67 23 2 13 58% 8709 100942 6778 12%
c - 7756.83 139 58 164 2130 242357 2 65514397 133801 2.9 67 23 2 13 57% 8709 100942 6778 12%
c - 7762.25 135 59 164 2131 242672 2 65560551 139306 2.9 66 23 2 13 56% 8709 100942 6778 12%
c - 7768.19 136 58 164 2132 243046 2 65606714 138673 2.8 65 23 2 13 56% 8709 100942 6778 12%
c o 7774.04 139 57 164 2132 243344 2 65651323 181045 2.8 67 23 2 13 57% 8709 100942 6778 12%
c - 7774.37 140 57 164 2133 243366 2 65652887 138099 2.8 67 24 2 13 57% 8709 100942 6778 12%
c - 7780.17 139 56 164 2134 243644 2 65699072 141038 2.8 65 23 2 13 57% 8710 100942 6778 12%
c
c  seconds     switched         rate             size/glue  tier1     binary         remaining
c           MB     reductions      conflicts           size   tier2      irredundant
c            level        restarts         redundant      glue    trail         variables
c
c - 7785.96 135 57 164 2135 243943 2 65745270 143532 2.8 66 23 2 13 56% 8710 100942 6778 12%
c - 7791.94 137 56 164 2136 244206 2 65791476 145270 2.8 65 23 2 13 56% 8710 100942 6778 12%
c } 7794.74 136 56 165 2136 244363 2 65813690 166389 2.8 66 23 2 13 57% 8710 100942 6778 12%
c [ 7794.74 136 52 165 2136 244363 1 65813690 166389 2.2 85 38 1 22 58% 8710 100942 6778 12%
c B 7794.74 136 52 165 2136 244363 1 65813690 166389 2.2 85 38 1 22 58% 8710 100942 6778 12%
c - 7797.09 141 54 165 2137 244376 1 65837692 138601 2.2 86 38 1 22 59% 8710 100942 6778 12%
c - 7801.98 115 58 165 2138 244393 1 65883919 116205 2.1 87 42 1 22 59% 8710 100942 6778 12%
c - 7806.75 135 57 165 2139 244410 1 65930157 95221 2.1 87 41 1 22 60% 8710 100942 6778 12%
c - 7811.73 131 54 165 2140 244424 1 65976406 92943 2.1 84 39 1 22 60% 8710 100942 6778 12%
c - 7817.15 134 51 165 2141 244432 1 66022666 93442 2.2 82 38 1 22 59% 8710 100942 6778 12%
c - 7823.15 134 52 165 2142 244455 1 66068938 90874 2.1 81 39 1 22 59% 8710 100942 6778 12%
c - 7829.50 131 52 165 2143 244470 1 66115219 90588 2.1 81 39 1 22 58% 8710 100942 6778 12%
c - 7834.62 134 46 165 2144 244487 1 66161511 96900 2.2 76 35 1 22 58% 8710 100942 6778 12%
c - 7840.34 133 43 165 2145 244489 1 66207815 101556 2.2 72 33 1 22 58% 8710 100942 6778 12%
c - 7846.32 133 43 165 2146 244489 1 66254129 98474 2.2 72 33 1 22 59% 8710 100942 6778 12%
c - 7852.05 134 47 165 2147 244504 1 66300453 95992 2.1 74 35 1 22 59% 8710 100942 6778 12%
c - 7857.14 135 52 165 2148 244520 1 66346788 97758 2.1 77 37 1 22 59% 8710 100942 6778 12%
c u 7860.06 134 54 165 2148 244526 1 66362175 105989 2.1 78 38 1 22 59% 8710 100942 6778 12%
c v 7861.01 132 54 165 2148 244526 1 66362175 96852 2.1 78 38 1 22 59% 8711 100942 6778 12%
c w 7867.07 145 54 165 2148 244526 1 66362175 94557 2.1 78 38 1 22 59% 8711 100942 6778 12%
c
c  seconds     switched         rate            size/glue  tier1     binary         remaining
c           MB     reductions      conflicts          size   tier2      irredundant
c            level        restarts         redundant     glue    trail         variables
c
c t 7867.08 145 54 165 2148 244526 1 66362175 94557 2.1 78 38 1 22 59% 8710 100942 6778 12%
c - 7871.20 128 52 165 2149 244540 1 66393137 83053 2.0 76 37 1 22 59% 8710 100942 6778 12%
c - 7877.40 132 50 165 2150 244552 1 66439495 84079 2.0 73 37 1 22 58% 8710 100942 6778 12%
c - 7883.65 132 46 165 2151 244562 1 66485866 87976 2.0 70 35 1 22 58% 8710 100942 6778 12%
c - 7890.74 132 45 165 2152 244582 1 66532244 91831 1.9 67 35 1 22 58% 8710 100942 6778 12%
c - 7897.97 129 45 165 2153 244598 1 66578634 92114 1.9 66 35 1 22 58% 8710 100942 6778 12%
c - 7905.57 131 43 165 2154 244614 1 66625034 91929 1.9 64 35 1 22 58% 8710 100942 6778 12%
c - 7912.68 131 40 165 2155 244616 1 66671452 95107 1.9 62 33 1 22 58% 8710 100942 6778 12%
c - 7919.64 133 37 165 2156 244616 1 66717873 100804 2.0 60 31 1 22 58% 8710 100942 6778 12%
c - 7926.42 134 37 165 2157 244617 1 66764306 105406 2.0 60 30 1 22 59% 8710 100942 6778 12%
c - 7932.83 135 39 165 2158 244617 1 66810749 102418 2.0 63 31 1 22 59% 8710 100942 6778 12%
c - 7939.10 134 39 165 2159 244617 1 66857205 91183 2.1 64 31 1 22 59% 8710 100942 6778 12%
c W 7941.29 138 39 165 2159 244622 1 66868730 100363 2.1 64 31 1 22 59% 8710 100942 6778 12%
c o 7941.29 138 39 165 2159 244622 1 66868730 100363 2.1 64 31 1 22 59% 8710 100942 6778 12%
c - 7945.06 145 44 165 2160 244638 1 66903674 91136 2.0 68 33 1 22 58% 8710 100942 6778 12%
c ] 7945.91 145 43 166 2160 244642 1 66912126 98129 2.1 68 33 1 22 58% 8710 100942 6778 12%
c { 7945.91 145 56 166 2160 244642 2 66912126 98129 2.8 66 23 2 13 57% 8710 100942 6778 12%
c - 7948.68 157 58 166 2161 244662 2 66950152 109960 2.8 57 21 2 13 49% 8710 100942 6778 12%
c s 7948.82 157 58 166 2161 244663 2 66952138 111837 2.8 57 20 2 13 49% 8710 100936 6778 12%
c e 7948.83 157 58 166 2161 244663 2 66952138 111837 2.8 57 20 2 13 49% 8704 100952 6777 12%
c
c  seconds     switched         rate             size/glue  tier1     binary         remaining
c           MB     reductions      conflicts           size   tier2      irredundant
c            level        restarts         redundant      glue    trail         variables
c
c s 7948.83 157 58 166 2161 244663 2 66952138 111837 2.8 57 20 2 13 49% 8704 100951 6777 12%
c - 7952.16 183 61 166 2162 244721 2 66996638 134379 2.7 49 18 2 13 43% 8704 100951 6777 12%
c - 7955.88 192 62 166 2163 244806 2 67043137 145146 2.8 45 16 2 13 40% 8704 100951 6777 12%
c - 7959.28 192 61 166 2164 244946 2 67089647 151609 2.7 41 15 2 13 38% 8705 100951 6777 12%
c - 7962.33 145 61 166 2165 245141 2 67136167 155859 2.6 36 14 2 13 34% 8706 100951 6777 12%
c - 7965.88 143 62 166 2166 245400 2 67182697 158596 2.5 34 13 2 13 32% 8707 100951 6777 12%
c - 7969.27 147 61 166 2167 245681 2 67229238 161190 2.5 32 13 2 13 31% 8709 100951 6777 12%
c u 7973.91 144 63 166 2167 245953 2 67266789 186828 2.4 31 13 2 13 31% 8718 100951 6777 12%
c v 7978.15 152 63 166 2167 245953 2 67266789 179990 2.4 31 13 2 13 31% 8718 100951 6777 12%
c w 7979.45 153 63 166 2167 245953 2 67266789 179855 2.4 31 13 2 13 31% 8718 100951 6777 12%
c t 7979.47 153 63 166 2167 245953 2 67266789 179855 2.4 31 13 2 13 31% 8714 100951 6777 12%
c - 7980.27 145 64 166 2168 246026 3 67275791 148434 2.4 31 13 2 13 31% 8714 100951 6777 12%
c - 7983.96 146 64 166 2169 246389 3 67322355 153350 2.4 30 13 2 13 31% 8715 100951 6777 12%
c - 7987.56 146 65 166 2170 246767 3 67368928 158109 2.3 30 13 2 13 30% 8717 100951 6777 12%
c - 7991.07 146 65 166 2171 247104 3 67415512 161750 2.3 29 12 2 13 30% 8717 100951 6777 12%
c - 7994.95 147 66 166 2172 247505 3 67462106 164139 2.3 29 13 2 13 30% 8719 100951 6777 12%
c - 7998.78 146 66 166 2173 247884 3 67508710 166549 2.3 29 13 2 13 30% 8719 100951 6777 12%
c - 8002.78 145 65 166 2174 248224 3 67555327 169536 2.4 30 12 2 13 31% 8720 100951 6777 12%
c - 8006.97 144 65 166 2175 248597 3 67601954 172001 2.4 30 13 2 13 31% 8720 100951 6777 12%
c - 8010.24 147 60 166 2176 248869 3 67648590 173709 2.3 28 12 2 13 28% 8721 100951 6777 12%
c
c  seconds     switched         rate             size/glue  tier1     binary         remaining
c           MB     reductions      conflicts           size   tier2      irredundant
c            level        restarts         redundant      glue    trail         variables
c
c - 8014.43 148 62 166 2177 249274 3 67695237 175834 2.4 29 12 2 13 29% 8722 100951 6777 12%
c - 8018.63 147 64 166 2178 249684 3 67741895 177779 2.3 29 13 2 13 30% 8723 100951 6777 12%
c - 8022.86 143 65 166 2179 250121 3 67788564 179858 2.3 29 13 2 13 30% 8726 100951 6777 12%
c - 8027.09 145 65 166 2180 250531 3 67835248 182069 2.3 30 13 2 13 30% 8728 100951 6777 12%
c - 8031.19 149 65 166 2181 250892 3 67881940 185067 2.4 30 13 2 13 30% 8728 100951 6777 12%
c - 8035.26 149 65 166 2182 251279 3 67928644 187088 2.4 30 13 2 13 31% 8728 100951 6777 12%
c - 8039.37 148 64 166 2183 251636 3 67975356 188780 2.4 31 13 2 13 31% 8728 100951 6777 12%
c o 8041.46 144 65 166 2183 251839 3 67999052 211666 2.4 31 13 2 13 31% 8728 100951 6777 12%
c - 8043.51 149 65 166 2184 252036 3 68022078 190268 2.4 31 13 2 13 31% 8728 100951 6777 12%
c - 8047.47 147 63 166 2185 252403 3 68068813 191760 2.4 30 13 2 13 30% 8729 100951 6777 12%
c - 8051.71 142 64 166 2186 252790 3 68115557 194056 2.4 31 13 2 13 31% 8730 100951 6777 12%
c } 8054.20 148 64 167 2186 253021 3 68146528 223793 2.4 31 13 2 13 30% 8730 100951 6777 12%
c [ 8054.20 148 43 167 2186 253021 1 68146528 223793 2.1 68 33 1 22 58% 8730 100951 6777 12%
c I 8054.20 148 43 167 2186 253021 1 68146528 223793 2.1 68 33 1 22 58% 8730 100951 6777 12%
c - 8055.99 150 51 167 2187 253030 1 68162311 186579 2.0 72 37 1 22 58% 8730 100951 6777 12%
c u 8059.53 157 56 167 2187 253035 1 68178029 181875 1.9 75 39 1 22 57% 8732 100951 6777 12%
c v 8061.87 163 56 167 2187 253035 1 68178029 176363 1.9 75 39 1 22 57% 8732 100951 6777 12%
c w 8062.95 173 56 167 2187 253035 1 68178029 175155 1.9 75 39 1 22 57% 8732 100951 6777 12%
c t 8062.97 173 56 167 2187 253035 1 68178029 175155 1.9 75 39 1 22 57% 8728 100951 6777 12%
c - 8065.58 146 63 167 2188 253050 1 68209078 139001 1.9 75 39 1 22 54% 8728 100951 6777 12%
c
c  seconds     switched         rate             size/glue  tier1     binary         remaining
c           MB     reductions      conflicts           size   tier2      irredundant
c            level        restarts         redundant      glue    trail         variables
c
c - 8069.43 151 69 167 2189 253066 1 68255854 117813 1.8 75 42 1 22 49% 8728 100951 6777 12%
c - 8072.88 153 65 167 2190 253082 1 68302642 110947 1.8 72 41 1 22 46% 8728 100951 6777 12%
c - 8076.70 155 64 167 2191 253088 1 68349441 110493 1.8 74 41 1 22 46% 8728 100951 6777 12%
c - 8080.44 153 60 167 2192 253111 1 68396251 109860 1.8 72 40 1 22 45% 8728 100951 6777 12%
c - 8084.39 154 58 167 2193 253126 1 68443069 104912 1.8 71 40 1 22 44% 8728 100951 6777 12%
c - 8088.54 156 56 167 2194 253144 1 68489900 104791 1.8 71 40 1 22 44% 8728 100951 6777 12%
c - 8092.92 94 52 167 2195 253146 1 68536747 108508 1.9 69 37 1 22 44% 8728 100951 6777 12%
c - 8097.38 96 50 167 2196 253147 1 68583597 112066 1.9 67 36 1 22 44% 8728 100951 6777 12%
c - 8102.05 100 50 167 2197 253161 1 68630460 114820 1.8 65 35 1 22 43% 8728 100951 6777 12%
c - 8106.10 98 53 167 2198 253178 1 68677332 117571 1.8 66 36 1 22 42% 8728 100951 6777 12%
c - 8110.04 101 57 167 2199 253196 1 68724218 115272 1.8 70 39 1 22 42% 8728 100951 6777 12%
c - 8114.08 102 56 167 2200 253210 1 68771111 110020 1.8 72 40 1 22 43% 8728 100951 6777 12%
c - 8117.91 102 58 167 2201 253220 1 68818019 109352 1.7 72 41 1 22 43% 8728 100951 6777 12%
c - 8121.61 98 52 167 2202 253240 1 68864933 109255 1.7 66 38 1 22 44% 8728 100951 6777 12%
c - 8125.46 98 51 167 2203 253256 1 68911858 106902 1.7 64 39 1 22 43% 8728 100951 6777 12%
c - 8129.55 100 47 167 2204 253272 1 68958794 104457 1.7 61 37 1 22 43% 8728 100951 6777 12%
c - 8133.25 100 43 167 2205 253274 1 69005741 106939 1.7 58 34 1 22 43% 8728 100951 6777 12%
c - 8137.14 101 45 167 2206 253274 1 69052698 111432 1.7 60 35 1 22 44% 8728 100951 6777 12%
c u 8142.82 100 49 167 2206 253275 1 69095872 134409 1.7 63 37 1 22 44% 8737 100951 6777 12%
c v 8143.52 103 49 167 2206 253275 1 69095872 126460 1.7 63 37 1 22 44% 8737 100951 6777 12%
c
c  seconds     switched         rate             size/glue  tier1     binary         remaining
c           MB     reductions      conflicts           size   tier2      irredundant
c            level        restarts         redundant      glue    trail         variables
c
c w 8148.02 130 49 167 2206 253275 1 69095872 119723 1.7 63 37 1 22 44% 8737 100951 6777 12%
c t 8148.04 130 49 167 2206 253275 1 69095872 119723 1.7 63 37 1 22 44% 8735 100951 6777 12%
c - 8148.47 96 49 167 2207 253275 1 69099668 89031 1.7 64 38 1 22 44% 8735 100951 6777 12%
c - 8152.82 100 50 167 2208 253275 1 69146646 88018 1.7 65 39 1 22 43% 8735 100951 6777 12%
c - 8156.95 99 49 167 2209 253275 1 69193635 89040 1.7 64 38 1 22 43% 8735 100951 6777 12%
c B 8159.67 98 49 167 2209 253292 1 69230639 117705 1.7 63 38 1 22 43% 8735 100951 6777 12%
c o 8159.68 98 49 167 2209 253292 1 69230639 117705 1.7 63 38 1 22 43% 8735 100951 6777 12%
c - 8160.60 97 51 167 2210 253297 1 69240635 92000 1.7 65 39 1 22 44% 8735 100951 6777 12%
c - 8165.84 100 54 167 2211 253313 1 69287648 94297 1.8 71 39 1 22 50% 8735 100951 6777 12%
c ] 8166.32 94 54 168 2211 253315 1 69292214 98399 1.8 71 39 1 22 51% 8735 100951 6777 12%
c { 8166.32 94 64 168 2211 253315 3 69292214 98399 2.4 31 13 2 13 30% 8735 100951 6777 12%
c - 8171.16 100 69 168 2212 254054 3 69334669 101377 2.3 42 18 2 13 37% 8735 100951 6777 12%
c - 8176.52 101 71 168 2213 254711 3 69381702 115910 2.3 49 22 2 13 42% 8735 100951 6777 12%
c - 8181.94 99 69 168 2214 255172 3 69428744 124535 2.4 56 23 2 13 45% 8735 100951 6777 12%
c - 8187.45 100 66 168 2215 255535 2 69475798 130875 2.5 59 23 2 13 48% 8735 100951 6777 12%
c - 8192.70 103 63 168 2216 255838 2 69522863 135441 2.6 60 23 2 13 48% 8735 100951 6777 12%
c - 8198.59 104 62 168 2217 256183 2 69569937 136862 2.6 61 24 2 13 50% 8735 100951 6777 12%
c s 8203.50 104 61 168 2217 256471 2 69608930 173806 2.6 63 24 2 13 51% 8735 100942 6777 12%
c e 8203.51 104 61 168 2217 256471 2 69608930 173806 2.6 63 24 2 13 51% 8732 100952 6776 12%
c s 8203.51 104 61 168 2217 256471 2 69608930 173806 2.6 63 24 2 13 51% 8732 100945 6776 12%
c
c  seconds     switched         rate             size/glue  tier1     binary         remaining
c           MB     reductions      conflicts           size   tier2      irredundant
c            level        restarts         redundant      glue    trail         variables
c
c - 8204.73 148 61 168 2218 256544 2 69617022 135862 2.6 63 24 2 13 51% 8732 100945 6776 12%
c - 8210.56 253 60 168 2219 256800 2 69664117 136735 2.6 63 24 2 13 52% 8733 100945 6776 12%
c - 8216.99 366 60 168 2220 257152 2 69711225 138807 2.7 65 24 2 13 54% 8733 100945 6776 12%
c - 8223.23 483 58 168 2221 257434 2 69758342 139726 2.6 64 24 2 13 54% 8733 100945 6776 12%
c - 8229.18 469 57 168 2222 257700 2 69805471 141344 2.7 64 24 2 13 54% 8733 100945 6776 12%
c - 8234.90 469 57 168 2223 257985 2 69852609 144295 2.7 65 24 2 13 53% 8733 100945 6776 12%
c - 8240.84 323 56 168 2224 258266 2 69899757 146448 2.7 63 23 2 13 53% 8733 100945 6776 12%
c - 8247.89 148 56 168 2225 258641 2 69946917 145960 2.6 63 24 2 13 53% 8733 100945 6776 12%
c - 8254.28 148 56 168 2226 258925 2 69994087 147369 2.7 64 24 2 13 54% 8733 100945 6776 12%
c u 8259.00 144 58 168 2226 259102 2 70020367 163936 2.7 63 24 2 13 53% 8738 100945 6776 12%
c v 8263.42 143 58 168 2226 259102 2 70020367 144424 2.7 63 24 2 13 53% 8739 100945 6776 12%
c w 8265.03 157 58 168 2226 259102 2 70020367 144221 2.7 63 24 2 13 53% 8739 100945 6776 12%
c t 8265.05 157 58 168 2226 259102 2 70020367 144221 2.7 63 24 2 13 53% 8737 100945 6776 12%
c - 8268.03 145 59 168 2227 259259 2 70041268 126919 2.7 63 24 2 13 53% 8737 100945 6776 12%
c - 8273.45 144 56 168 2228 259528 2 70088461 132555 2.6 62 23 2 13 53% 8737 100945 6776 12%
c - 8278.95 145 57 168 2229 259834 2 70135663 137177 2.6 61 23 2 13 52% 8737 100945 6776 12%
c - 8285.17 143 55 168 2230 260149 2 70182876 139443 2.6 61 23 2 13 52% 8737 100945 6776 12%
c - 8291.75 143 52 168 2231 260447 2 70230100 139910 2.6 61 24 2 13 54% 8737 100945 6776 12%
c - 8298.06 147 51 168 2232 260774 2 70277335 142029 2.6 60 23 2 13 54% 8737 100945 6776 12%
c - 8304.33 143 51 168 2233 261040 2 70324579 143991 2.6 62 23 2 13 55% 8737 100945 6776 12%
c
c  seconds     switched         rate             size/glue  tier1     binary         remaining
c           MB     reductions      conflicts           size   tier2      irredundant
c            level        restarts         redundant      glue    trail         variables
c
c - 8310.91 146 48 168 2234 261334 2 70371836 144334 2.6 60 23 2 13 56% 8737 100945 6776 12%
c o 8311.90 142 47 168 2234 261353 2 70380653 152387 2.6 60 23 2 13 56% 8737 100945 6776 12%
c - 8317.15 143 48 168 2235 261577 2 70419102 147363 2.6 60 23 2 13 56% 8737 100945 6776 12%
c - 8324.18 149 49 168 2236 261922 2 70466377 148083 2.6 61 24 2 13 56% 8737 100945 6776 12%
c - 8330.61 148 51 168 2237 262226 2 70513663 148220 2.6 62 24 2 13 55% 8737 100945 6776 12%
c } 8336.17 148 54 169 2237 262540 2 70553477 185658 2.6 62 24 2 13 54% 8737 100945 6776 12%
c [ 8336.17 148 54 169 2237 262540 1 70553477 185658 1.8 71 39 1 22 51% 8737 100945 6776 12%
c W 8336.41 164 54 169 2237 262540 1 70553477 185658 1.8 71 39 1 22 51% 8737 100945 6776 12%
c - 8337.51 169 54 169 2238 262545 1 70560960 147294 1.8 71 39 1 22 51% 8737 100945 6776 12%
c - 8343.72 180 54 169 2239 262568 1 70608269 132045 1.9 73 38 1 22 55% 8737 100945 6776 12%
c - 8349.91 187 53 169 2240 262583 1 70655587 105677 2.0 75 38 1 22 57% 8737 100945 6776 12%
c - 8356.10 142 54 169 2241 262601 1 70702916 99193 2.0 77 39 1 22 58% 8737 100945 6776 12%
c - 8362.66 151 53 169 2242 262602 1 70750255 96842 2.1 82 39 1 22 59% 8737 100945 6776 12%
c - 8368.86 133 50 169 2243 262627 1 70797606 98124 2.1 78 37 1 22 60% 8737 100945 6776 12%
c - 8374.66 141 48 169 2244 262641 1 70844968 101172 2.1 76 35 1 22 61% 8737 100945 6776 12%
c - 8380.30 157 46 169 2245 262663 1 70892340 105496 2.3 75 33 1 22 61% 8737 100945 6776 12%
c - 8386.73 167 46 169 2246 262665 1 70939722 102356 2.3 78 34 1 22 61% 8737 100945 6776 12%
c u 8389.60 115 45 169 2246 262666 1 70951490 106444 2.4 79 33 1 22 61% 8739 100945 6776 12%
c v 8390.57 118 45 169 2246 262666 1 70951490 100149 2.4 79 33 1 22 61% 8739 100945 6776 12%
c w 8394.91 129 45 169 2246 262666 1 70951490 98242 2.4 79 33 1 22 61% 8739 100945 6776 12%
c
c  seconds     switched         rate            size/glue  tier1     binary         remaining
c           MB     reductions      conflicts          size   tier2      irredundant
c            level        restarts         redundant     glue    trail         variables
c
c x 8396.40 140 45 169 2246 262666 1 70951490 98214 2.4 79 33 1 22 61% 8750 100885 6776 12%
c - 8401.79 158 46 169 2247 262666 1 70987113 87547 2.3 77 34 1 22 61% 8750 100885 6776 12%
c - 8408.22 160 47 169 2248 262680 1 71034517 90513 2.2 78 35 1 22 61% 8750 100885 6776 12%
c - 8413.88 164 48 169 2249 262697 1 71081931 92230 2.2 78 36 1 22 61% 8750 100885 6776 12%
c - 8420.16 174 49 169 2250 262714 1 71129356 88334 2.1 78 37 1 22 61% 8750 100885 6776 12%
c - 8426.32 180 48 169 2251 262729 1 71176790 87637 2.2 78 36 1 22 62% 8750 100885 6776 12%
c - 8432.91 189 48 169 2252 262739 1 71224236 87220 2.1 78 36 1 22 62% 8750 100885 6776 12%
c - 8440.25 142 49 169 2253 262759 1 71271691 87234 2.1 78 37 1 22 61% 8750 100885 6776 12%
c - 8447.14 152 51 169 2254 262775 1 71319156 89087 2.1 77 38 1 22 61% 8750 100885 6776 12%
c - 8453.76 161 46 169 2255 262791 1 71366634 91194 2.1 75 35 1 22 61% 8750 100885 6776 12%
c - 8459.83 118 50 169 2256 262793 1 71414120 90636 2.1 77 36 1 22 60% 8750 100885 6776 12%
c - 8466.60 123 54 169 2257 262793 1 71461617 84523 2.1 81 39 1 22 60% 8750 100885 6776 12%
c - 8473.40 128 54 169 2258 262794 1 71509125 81255 2.1 82 39 1 22 59% 8750 100885 6776 12%
c - 8479.97 135 54 169 2259 262794 1 71556644 84351 2.2 84 39 1 22 59% 8750 100885 6776 12%
c - 8486.65 142 56 169 2260 262796 1 71604175 86363 2.2 88 40 1 22 59% 8750 100885 6776 12%
c o 8487.63 142 57 169 2260 262801 1 71611233 92694 2.2 88 40 1 22 59% 8750 100885 6776 12%
c - 8492.15 148 63 169 2261 262819 1 71651714 87049 2.1 90 42 1 22 61% 8750 100885 6776 12%
c O 8493.80 151 64 169 2261 262824 1 71666927 100569 2.1 90 43 1 22 60% 8750 100885 6776 12%
c - 8497.41 155 56 169 2262 262834 1 71699263 87999 2.2 86 39 1 22 59% 8750 100885 6776 12%
c ] 8502.93 161 52 170 2262 262854 1 71740400 123493 2.4 87 37 1 22 57% 8750 100885 6776 12%
c
c  seconds     switched         rate             size/glue  tier1     binary         remaining
c           MB     reductions      conflicts           size   tier2      irredundant
c            level        restarts         redundant      glue    trail         variables
c
c { 8502.93 161 54 170 2262 262854 2 71740400 123493 2.6 62 24 2 13 54% 8750 100885 6776 12%
c - 8503.68 172 55 170 2263 262892 2 71746824 90040 2.6 62 24 2 13 55% 8750 100885 6776 12%
c - 8508.64 202 53 170 2264 263060 2 71794394 106296 2.8 62 23 2 13 55% 8751 100885 6776 12%
c - 8513.66 214 54 170 2265 263271 2 71841975 124551 2.9 62 21 2 13 55% 8752 100885 6776 12%
c u 8520.66 162 55 170 2265 263608 2 71889260 166865 2.9 62 21 2 13 54% 8754 100885 6776 12%
c v 8525.79 170 55 170 2265 263608 2 71889260 144692 2.9 62 21 2 13 54% 8754 100885 6776 12%
c w 8528.86 182 55 170 2265 263608 2 71889260 144572 2.9 62 21 2 13 54% 8754 100885 6776 12%
c - 8542.48 100 55 170 2266 263612 2 71889568 109889 2.9 62 21 2 13 54% 8754 100885 6776 12%
c - 8548.18 104 56 170 2267 263951 2 71937170 118754 3.0 64 21 2 13 55% 8754 100885 6776 12%
c - 8553.81 104 56 170 2268 264255 2 71984783 128279 3.1 64 21 2 13 54% 8754 100885 6776 12%
c - 8559.64 105 55 170 2269 264556 2 72032407 133803 3.1 65 21 2 13 53% 8754 100885 6776 12%
c - 8564.95 104 56 170 2270 264816 2 72080041 139618 3.2 64 20 2 13 53% 8754 100885 6776 12%
c - 8571.60 106 57 170 2271 265231 2 72127689 141994 3.1 64 21 2 13 52% 8754 100885 6776 12%
c - 8578.52 108 58 170 2272 265665 2 72175344 141968 3.0 64 21 2 13 53% 8754 100885 6776 12%
c - 8584.42 109 56 170 2273 265980 2 72223009 145734 3.2 65 20 2 13 54% 8754 100885 6776 12%
c - 8590.39 109 56 170 2274 266341 2 72270684 148944 3.2 65 21 2 13 53% 8754 100885 6776 12%
c - 8596.63 110 56 170 2275 266709 2 72318370 149568 3.1 65 21 2 13 53% 8754 100885 6776 12%
c s 8597.59 106 57 170 2275 266785 2 72326343 157414 3.1 65 21 2 13 53% 8754 100884 6776 12%
c - 8602.60 102 55 170 2276 267044 2 72366066 151308 3.2 65 21 2 13 52% 8754 100884 6776 12%
c - 8608.27 108 56 170 2277 267360 2 72413773 153364 3.1 64 20 2 13 52% 8754 100884 6776 12%
c
c  seconds     switched         rate             size/glue  tier1     binary         remaining
c           MB     reductions      conflicts           size   tier2      irredundant
c            level        restarts         redundant      glue    trail         variables
c
c - 8614.68 106 56 170 2278 267715 2 72461490 154308 3.1 64 20 2 13 53% 8754 100884 6776 12%
c - 8621.92 110 57 170 2279 268146 2 72509219 154173 3.1 66 21 2 13 53% 8754 100884 6776 12%
c - 8628.13 107 59 170 2280 268481 2 72556958 155361 3.1 65 21 2 13 53% 8754 100884 6776 12%
c - 8633.22 109 55 170 2281 268703 2 72604707 161102 3.2 65 20 2 13 50% 8754 100884 6776 12%
c - 8640.13 106 54 170 2282 269093 2 72652467 161355 3.1 64 21 2 13 51% 8754 100884 6776 12%
c - 8646.49 111 53 170 2283 269401 2 72700237 158414 3.1 64 21 2 13 52% 8754 100884 6776 12%
c - 8653.40 110 55 170 2284 269832 2 72748018 159122 3.0 65 21 2 13 53% 8754 100884 6776 12%
c o 8657.79 110 56 170 2284 270099 2 72781411 191876 3.0 65 22 2 13 52% 8754 100884 6776 12%
c - 8659.79 104 55 170 2285 270186 2 72795810 159724 3.0 65 21 2 13 52% 8754 100884 6776 12%
c u 8666.44 114 54 170 2285 270446 2 72833657 184923 3.1 65 21 2 13 51% 8754 100884 6776 12%
c v 8671.48 120 54 170 2285 270446 2 72833657 167564 3.1 65 21 2 13 51% 8754 100884 6776 12%
c w 8673.09 126 54 170 2285 270446 2 72833657 167510 3.1 65 21 2 13 51% 8754 100884 6776 12%
c - 8674.40 107 54 170 2286 270494 2 72843611 137811 3.1 65 21 2 13 51% 8754 100884 6776 12%
c - 8680.37 109 54 170 2287 270848 2 72891424 143034 3.0 64 21 2 13 51% 8754 100884 6776 12%
c - 8687.05 103 53 170 2288 271214 2 72939246 146141 2.9 63 22 2 13 53% 8754 100884 6776 12%
c - 8693.12 109 50 170 2289 271488 2 72987079 149634 3.0 63 21 2 13 54% 8754 100884 6776 12%
c } 8699.01 110 53 171 2289 271816 2 73028768 190358 3.0 64 22 2 13 54% 8754 100884 6776 12%
c [ 8699.01 110 52 171 2289 271816 1 73028768 190358 2.4 87 37 1 22 57% 8754 100884 6776 12%
c B 8699.01 110 52 171 2289 271816 1 73028768 190358 2.4 87 37 1 22 57% 8754 100884 6776 12%
c - 8699.71 106 53 171 2290 271821 1 73034922 150063 2.4 87 37 1 22 57% 8754 100884 6776 12%
c
c  seconds    switched         rate             size/glue  tier1     binary         remaining
c          MB     reductions      conflicts           size   tier2      irredundant
c           level        restarts         redundant      glue    trail         variables
c
c - 8705.82 89 52 171 2291 271844 1 73082775 131542 2.3 85 37 1 22 58% 8754 100884 6776 12%
c - 8712.03 104 53 171 2292 271859 1 73130641 106053 2.3 83 37 1 22 59% 8754 100884 6776 12%
c - 8717.55 104 56 171 2293 271877 1 73178515 105833 2.2 80 37 1 22 58% 8754 100884 6776 12%
c - 8723.21 105 55 171 2294 271879 1 73226400 104834 2.1 75 37 1 22 58% 8754 100884 6776 12%
c - 8728.89 103 53 171 2295 271903 1 73274297 101402 1.9 69 36 1 22 54% 8754 100884 6776 12%
c - 8733.80 102 48 171 2296 271919 1 73322203 101612 1.9 63 33 1 22 50% 8754 100884 6776 12%
c - 8738.56 104 57 171 2297 271939 1 73370121 107582 1.8 65 36 1 22 48% 8754 100884 6776 12%
c - 8744.67 99 66 171 2298 271941 1 73418048 103990 1.7 72 42 1 22 46% 8754 100884 6776 12%
c - 8751.36 104 72 171 2299 271942 1 73465985 98555 1.7 81 47 1 22 46% 8754 100884 6776 12%
c - 8758.16 100 75 171 2300 271957 1 73513932 100009 1.7 82 47 1 22 46% 8754 100884 6776 12%
c - 8764.03 102 70 171 2301 271973 1 73561890 108210 1.8 77 43 1 22 49% 8754 100884 6776 12%
c - 8771.24 105 61 171 2302 271994 1 73609859 107782 1.9 72 39 1 22 51% 8754 100884 6776 12%
c - 8777.94 104 61 171 2303 272005 1 73657840 110032 1.8 72 39 1 22 54% 8754 100884 6776 12%
c - 8784.51 102 60 171 2304 272018 1 73705829 108933 1.8 72 39 1 22 56% 8754 100884 6776 12%
c - 8789.43 102 63 171 2305 272036 1 73753830 112224 1.8 71 39 1 22 55% 8754 100884 6776 12%
c u 8793.98 102 65 171 2305 272047 1 73784731 130901 1.8 71 40 1 22 54% 8758 100884 6776 12%
c v 8795.64 105 65 171 2305 272047 1 73784731 114847 1.8 71 40 1 22 54% 8758 100884 6776 12%
c w 8802.38 122 65 171 2305 272047 1 73784731 111006 1.8 71 40 1 22 54% 8758 100884 6776 12%
c - 8804.50 103 68 171 2306 272053 1 73801840 90552 1.7 73 42 1 22 54% 8758 100884 6776 12%
c - 8808.65 101 68 171 2307 272068 1 73849860 97103 1.8 73 40 1 22 53% 8758 100884 6776 12%
c
c  seconds    switched         rate            size/glue  tier1     binary         remaining
c          MB     reductions      conflicts          size   tier2      irredundant
c           level        restarts         redundant     glue    trail         variables
c
c - 8814.44 98 65 171 2308 272069 1 73897893 98189 1.9 73 39 1 22 53% 8758 100884 6776 12%
c - 8821.55 102 59 171 2309 272069 1 73945934 92109 1.9 73 38 1 22 53% 8758 100884 6776 12%
c - 8828.75 102 58 171 2310 272070 1 73993986 91933 2.0 74 38 1 22 53% 8758 100884 6776 12%
c - 8836.25 101 58 171 2311 272070 1 74042050 93015 2.0 77 38 1 22 53% 8758 100884 6776 12%
c - 8844.24 104 58 171 2312 272077 1 74090124 95879 2.0 79 38 1 22 53% 8758 100884 6776 12%
c o 8846.34 102 59 171 2312 272088 1 74113994 117730 2.1 80 39 1 22 52% 8758 100884 6776 12%
c - 8849.16 102 61 171 2313 272100 1 74138208 96990 2.0 82 41 1 22 52% 8758 100884 6776 12%
c ] 8852.79 102 58 172 2313 272105 1 74165958 120634 2.0 81 40 1 22 53% 8758 100884 6776 12%
c { 8852.79 102 53 172 2313 272105 2 74165958 120634 3.0 64 22 2 13 54% 8758 100884 6776 12%
c - 8855.48 104 60 172 2314 272370 2 74186303 98806 2.8 63 23 2 13 54% 8759 100884 6776 12%
c - 8860.57 104 68 172 2315 272826 2 74234407 115803 2.7 63 23 2 13 53% 8759 100884 6776 12%
c - 8865.88 106 72 172 2316 273271 3 74282523 129881 2.6 63 24 2 13 52% 8759 100884 6776 12%
c - 8871.82 104 75 172 2317 273700 3 74330647 135752 2.6 63 24 2 13 52% 8761 100884 6776 12%
c - 8877.58 106 79 172 2318 274102 3 74378783 139590 2.6 64 25 2 13 52% 8761 100884 6776 12%
c - 8883.51 107 74 172 2319 274445 3 74426928 141248 2.6 65 25 2 13 52% 8761 100884 6776 12%
c - 8889.41 105 75 172 2320 274828 3 74475084 143485 2.6 64 25 2 13 52% 8761 100884 6776 12%
c - 8895.54 100 76 172 2321 275175 3 74523251 145854 2.6 64 25 2 13 52% 8761 100884 6776 12%
c - 8901.67 104 76 172 2322 275564 3 74571427 147302 2.6 64 25 2 13 50% 8761 100884 6776 12%
c - 8907.86 106 74 172 2323 275913 2 74619616 148128 2.6 65 25 2 13 51% 8762 100884 6776 12%
c - 8914.19 106 74 172 2324 276262 2 74667813 150344 2.6 65 25 2 13 52% 8762 100884 6776 12%
c
c  seconds     switched         rate             size/glue  tier1     binary         remaining
c           MB     reductions      conflicts           size   tier2      irredundant
c            level        restarts         redundant      glue    trail         variables
c
c - 8920.62 101 72 172 2325 276643 2 74716023 151842 2.6 65 25 2 13 53% 8762 100884 6776 12%
c u 8925.63 104 73 172 2325 276879 2 74742457 167531 2.5 64 25 2 13 52% 8765 100884 6776 12%
c v 8930.41 101 73 172 2325 276879 2 74742457 143018 2.5 64 25 2 13 52% 8766 100884 6776 12%
c w 8932.64 113 73 172 2325 276879 2 74742457 142841 2.5 64 25 2 13 52% 8766 100884 6776 12%
c t 8932.66 113 73 172 2325 276879 2 74742457 142841 2.5 64 25 2 13 52% 8762 100884 6776 12%
c - 8935.61 105 74 172 2326 277071 2 74764241 124100 2.5 64 25 2 13 52% 8762 100884 6776 12%
c - 8940.77 102 74 172 2327 277366 2 74812470 132509 2.6 63 25 2 13 53% 8762 100884 6776 12%
c - 8946.69 106 73 172 2328 277743 2 74860708 138962 2.5 63 25 2 13 53% 8762 100884 6776 12%
c - 8952.49 107 71 172 2329 278106 2 74908957 141952 2.5 62 25 2 13 53% 8763 100884 6776 12%
c - 8958.68 106 69 172 2330 278457 2 74957217 143659 2.5 62 25 2 13 53% 8763 100884 6776 12%
c - 8965.11 103 64 172 2331 278737 2 75005487 145991 2.5 61 24 2 13 53% 8763 100884 6776 12%
c - 8971.90 104 63 172 2332 279060 2 75053769 147550 2.5 62 25 2 13 54% 8763 100884 6776 12%
c - 8978.39 107 65 172 2333 279431 2 75102061 149346 2.5 62 25 2 13 53% 8763 100884 6776 12%
c s 8978.77 105 65 172 2333 279464 2 75104720 151858 2.5 62 25 2 13 53% 8763 100883 6776 12%
c e 8978.78 105 65 172 2333 279464 2 75104720 151858 2.5 62 25 2 13 53% 8762 100900 6775 12%
c s 8978.78 105 65 172 2333 279464 2 75104720 151858 2.5 62 25 2 13 53% 8762 100899 6775 12%
c - 8985.16 224 65 172 2334 279821 2 75150362 149462 2.5 62 25 2 13 54% 8762 100899 6775 12%
c - 8991.59 316 64 172 2335 280169 2 75198673 150007 2.5 63 25 2 13 54% 8762 100899 6775 12%
c - 8997.80 395 61 172 2336 280428 2 75246996 152375 2.5 63 25 2 13 55% 8762 100899 6775 12%
c - 9004.59 461 64 172 2337 280783 2 75295329 154620 2.5 63 25 2 13 55% 8762 100899 6775 12%
c
c  seconds     switched         rate             size/glue  tier1     binary         remaining
c           MB     reductions      conflicts           size   tier2      irredundant
c            level        restarts         redundant      glue    trail         variables
c
c o 9005.72 482 63 172 2337 280857 2 75304156 162654 2.5 63 25 2 13 55% 8762 100899 6775 12%
c - 9010.93 530 65 172 2338 281165 2 75343672 154803 2.5 63 25 2 13 54% 8762 100899 6775 12%
c - 9017.64 393 65 172 2339 281528 2 75392026 155033 2.5 64 26 2 13 55% 8762 100899 6775 12%
c - 9024.37 204 60 172 2340 281782 2 75440391 155927 2.5 62 25 2 13 55% 8762 100899 6775 12%
c } 9030.05 108 65 173 2340 282085 2 75481671 195861 2.5 63 25 2 13 54% 8762 100899 6775 12%
c [ 9030.05 108 58 173 2340 282085 1 75481671 195861 2.0 81 40 1 22 53% 8762 100899 6775 12%
c W 9030.17 123 58 173 2340 282085 1 75481671 195861 2.0 81 40 1 22 53% 8762 100899 6775 12%
c - 9031.13 128 57 173 2341 282090 1 75488765 156684 2.0 80 39 1 22 52% 8762 100899 6775 12%
c - 9037.76 139 52 173 2342 282113 1 75537149 141483 2.1 78 37 1 22 54% 8762 100899 6775 12%
c - 9044.57 155 47 173 2343 282129 1 75585543 117402 2.2 75 34 1 22 57% 8762 100899 6775 12%
c - 9051.33 152 46 173 2344 282146 1 75633947 113150 2.2 74 34 1 22 59% 8762 100899 6775 12%
c - 9058.73 130 45 173 2345 282150 1 75682362 110612 2.2 73 34 1 22 59% 8762 100899 6775 12%
c u 9064.16 138 44 173 2345 282162 1 75706862 120519 2.2 73 34 1 22 60% 8766 100899 6775 12%
c v 9065.23 140 44 173 2345 282162 1 75706862 111732 2.2 73 34 1 22 60% 8767 100899 6775 12%
c w 9072.96 154 44 173 2345 282162 1 75706862 107151 2.2 73 34 1 22 60% 8767 100899 6775 12%
c - 9076.25 168 44 173 2346 282175 1 75730788 95071 2.2 73 34 1 22 60% 8767 100899 6775 12%
c - 9082.62 176 47 173 2347 282191 1 75779224 97416 2.0 72 36 1 22 59% 8767 100899 6775 12%
c - 9088.55 136 50 173 2348 282209 1 75827669 92277 2.0 75 37 1 22 60% 8767 100899 6775 12%
c - 9094.87 142 54 173 2349 282211 1 75876126 94162 2.0 80 39 1 22 60% 8767 100899 6775 12%
c - 9101.18 147 58 173 2350 282211 1 75924592 92406 2.0 85 42 1 22 60% 8767 100899 6775 12%
c
c  seconds     switched         rate            size/glue  tier1     binary         remaining
c           MB     reductions      conflicts          size   tier2      irredundant
c            level        restarts         redundant     glue    trail         variables
c
c - 9107.51 153 59 173 2351 282226 1 75973068 93682 2.0 85 43 1 22 60% 8767 100899 6775 12%
c - 9113.37 118 54 173 2352 282242 1 76021555 97973 2.1 81 39 1 22 60% 8767 100899 6775 12%
c - 9120.04 124 48 173 2353 282266 1 76070052 96013 2.1 77 36 1 22 59% 8767 100899 6775 12%
c - 9126.87 131 46 173 2354 282274 1 76118561 97625 2.2 76 35 1 22 59% 8767 100899 6775 12%
c - 9133.32 138 45 173 2355 282289 1 76167081 101910 2.2 74 34 1 22 59% 8767 100899 6775 12%
c - 9140.25 144 42 173 2356 282305 1 76215610 103325 2.2 70 32 1 22 59% 8767 100899 6775 12%
c - 9146.63 151 42 173 2357 282327 1 76264149 101547 2.2 69 32 1 22 59% 8767 100899 6775 12%
c - 9153.98 155 47 173 2358 282337 1 76312697 97941 2.1 74 35 1 22 59% 8767 100899 6775 12%
c - 9161.78 160 48 173 2359 282338 1 76361256 90944 2.1 76 37 1 22 57% 8767 100899 6775 12%
c - 9169.53 123 51 173 2360 282339 1 76409826 91731 2.1 79 38 1 22 57% 8767 100899 6775 12%
c - 9177.57 128 52 173 2361 282339 1 76458405 92000 2.1 82 40 1 22 56% 8767 100899 6775 12%
c - 9185.94 139 53 173 2362 282339 1 76506996 91792 2.1 83 40 1 22 56% 8767 100899 6775 12%
c - 9194.45 146 57 173 2363 282353 1 76555597 91562 1.9 84 44 1 22 55% 8767 100899 6775 12%
c o 9195.95 146 57 173 2363 282356 1 76565191 99417 1.9 84 45 1 22 54% 8767 100899 6775 12%
c - 9200.65 154 65 173 2364 282370 1 76604208 91636 1.8 87 48 1 22 55% 8767 100899 6775 12%
c ] 9200.94 154 65 174 2364 282370 1 76606792 93967 1.8 87 48 1 22 56% 8767 100899 6775 12%
c { 9200.94 154 65 174 2364 282370 2 76606792 93967 2.5 63 25 2 13 54% 8767 100899 6775 12%
c - 9205.49 175 66 174 2365 282628 2 76652828 109118 2.7 68 25 2 13 57% 8767 100899 6775 12%
c u 9208.93 192 66 174 2365 282717 2 76677946 129427 2.8 68 24 2 13 58% 8768 100899 6775 12%
c v 9211.40 199 66 174 2365 282717 2 76677946 118104 2.8 68 24 2 13 58% 8768 100899 6775 12%
c
c  seconds     switched         rate             size/glue  tier1     binary         remaining
c           MB     reductions      conflicts           size   tier2      irredundant
c            level        restarts         redundant      glue    trail         variables
c
c w 9217.65 208 66 174 2365 282717 2 76677946 117070 2.8 68 24 2 13 58% 8768 100899 6775 12%
c t 9217.67 160 66 174 2365 282717 2 76677946 117070 2.8 68 24 2 13 58% 8767 100899 6775 12%
c - 9220.19 190 66 174 2366 282859 2 76701459 115211 2.9 69 24 2 13 58% 8767 100899 6775 12%
c - 9225.67 219 66 174 2367 283171 2 76750100 126822 2.9 69 24 2 13 59% 8767 100899 6775 12%
c - 9230.82 221 67 174 2368 283495 2 76798757 133766 2.9 67 23 2 13 57% 8767 100899 6775 12%
c - 9236.76 221 64 174 2369 283783 2 76847419 138806 2.9 68 23 2 13 58% 8767 100899 6775 12%
c - 9242.65 157 65 174 2370 284084 2 76896091 143494 2.9 66 23 2 13 56% 8767 100899 6775 12%
c - 9249.39 103 63 174 2371 284444 2 76944776 145635 3.0 67 23 2 13 58% 8767 100899 6775 12%
c - 9255.52 109 63 174 2372 284772 2 76993473 146193 3.0 68 23 2 13 58% 8768 100899 6775 12%
c - 9262.34 110 59 174 2373 285089 2 77042176 147475 2.9 67 23 2 13 58% 8768 100899 6775 12%
c - 9268.60 109 61 174 2374 285414 2 77090892 149809 2.9 67 23 2 13 57% 8768 100899 6775 12%
c - 9275.22 110 57 174 2375 285728 2 77139617 150758 2.9 66 23 2 13 56% 8768 100899 6775 12%
c - 9281.39 111 58 174 2376 285985 2 77188351 153359 3.0 66 22 2 13 57% 8768 100899 6775 12%
c - 9288.63 108 57 174 2377 286362 2 77237099 155335 2.8 64 23 2 13 56% 8769 100899 6775 12%
c - 9295.55 111 57 174 2378 286674 2 77285855 154602 2.8 64 23 2 13 56% 8769 100899 6775 12%
c - 9302.35 112 58 174 2379 286993 2 77334621 157375 2.9 65 23 2 13 57% 8769 100899 6775 12%
c - 9309.72 112 60 174 2380 287423 2 77383395 158346 2.8 65 23 2 13 57% 8770 100899 6775 12%
c - 9316.73 103 55 174 2381 287705 2 77432180 158380 2.8 66 23 2 13 58% 8770 100899 6775 12%
c - 9323.44 111 55 174 2382 287978 2 77480975 162109 2.9 66 23 2 13 59% 8770 100899 6775 12%
c - 9330.31 111 54 174 2383 288267 2 77529780 164140 2.8 65 23 2 13 58% 8770 100899 6775 12%
c
c  seconds     switched         rate             size/glue  tier1     binary         remaining
c           MB     reductions      conflicts           size   tier2      irredundant
c            level        restarts         redundant      glue    trail         variables
c
c - 9337.79 111 54 174 2384 288585 2 77578595 163710 2.8 65 23 2 13 58% 8770 100899 6775 12%
c - 9345.71 111 56 174 2385 288878 2 77627421 165442 3.0 67 23 2 13 59% 8770 100899 6775 12%
c u 9352.35 109 56 174 2385 289094 2 77655706 180947 2.9 67 23 2 13 59% 8772 100899 6775 12%
c v 9358.78 120 56 174 2385 289094 2 77655706 170258 2.9 67 23 2 13 59% 8772 100899 6775 12%
c w 9360.60 126 56 174 2385 289094 2 77655706 170229 2.9 67 23 2 13 59% 8772 100899 6775 12%
c t 9360.62 126 56 174 2385 289094 2 77655706 170229 2.9 67 23 2 13 59% 8771 100899 6775 12%
c - 9364.15 111 56 174 2386 289270 2 77676257 146703 2.8 66 23 2 13 59% 8771 100899 6775 12%
c - 9371.20 109 56 174 2387 289562 2 77725105 148702 2.8 65 23 2 13 59% 8771 100899 6775 12%
c - 9378.12 112 57 174 2388 289871 2 77773963 153517 2.8 65 23 2 13 58% 8771 100899 6775 12%
c o 9378.43 107 57 174 2388 289877 2 77776785 156275 2.9 66 23 2 13 59% 8771 100899 6775 12%
c - 9385.22 113 51 174 2389 290082 2 77822831 156904 2.8 64 22 2 13 60% 8771 100899 6775 12%
c - 9392.44 113 51 174 2390 290403 2 77871709 157885 2.8 64 23 2 13 59% 8771 100899 6775 12%
c - 9400.79 110 51 174 2391 290758 2 77920597 158157 2.8 63 23 2 13 59% 8773 100899 6775 12%
c } 9405.42 105 51 175 2391 290947 2 77950087 185639 2.8 64 23 2 13 59% 8773 100899 6775 12%
c [ 9405.42 105 65 175 2391 290947 1 77950087 185639 1.8 87 48 1 22 56% 8773 100899 6775 12%
c I 9405.42 105 65 175 2391 290947 1 77950087 185639 1.8 87 48 1 22 56% 8773 100899 6775 12%
c - 9407.95 114 75 175 2392 290959 1 77969495 153179 1.7 90 53 1 22 55% 8773 100899 6775 12%
c - 9414.18 93 72 175 2393 290977 1 78018404 130958 1.7 88 51 1 22 56% 8773 100899 6775 12%
c - 9420.30 105 65 175 2394 290995 1 78067324 103195 1.8 85 46 1 22 57% 8773 100899 6775 12%
c - 9427.34 103 60 175 2395 291009 1 78116253 98595 1.9 83 44 1 22 57% 8773 100899 6775 12%
c
c  seconds     switched         rate            size/glue  tier1     binary         remaining
c           MB     reductions      conflicts          size   tier2      irredundant
c            level        restarts         redundant     glue    trail         variables
c
c - 9434.12 103 55 175 2396 291021 1 78165193 98293 2.0 81 41 1 22 58% 8773 100899 6775 12%
c - 9440.55 102 51 175 2397 291040 1 78214141 102617 2.0 77 38 1 22 59% 8773 100899 6775 12%
c - 9447.18 101 49 175 2398 291057 1 78263102 102350 2.0 74 37 1 22 59% 8773 100899 6775 12%
c - 9454.12 99 53 175 2399 291072 1 78312071 100027 1.9 77 40 1 22 59% 8773 100899 6775 12%
c - 9461.16 102 58 175 2400 291073 1 78361052 96814 1.9 81 43 1 22 59% 8773 100899 6775 12%
c - 9467.81 104 58 175 2401 291074 1 78410041 95016 1.9 82 44 1 22 58% 8773 100899 6775 12%
c - 9474.38 102 58 175 2402 291099 1 78459045 97711 1.9 82 43 1 22 59% 8773 100899 6775 12%
c - 9480.92 100 55 175 2403 291115 1 78508055 99311 2.0 82 41 1 22 60% 8773 100899 6775 12%
c - 9488.38 98 55 175 2404 291135 1 78557075 100072 2.0 82 41 1 22 60% 8773 100899 6775 12%
c - 9495.80 104 47 175 2405 291136 1 78606105 103547 2.2 79 36 1 22 60% 8773 100899 6775 12%
c u 9502.41 101 48 175 2405 291153 1 78640143 125108 2.2 78 36 1 22 59% 8776 100899 6775 12%
c v 9503.52 104 48 175 2405 291153 1 78640143 118038 2.2 78 36 1 22 59% 8776 100899 6775 12%
c w 9513.69 125 48 175 2405 291153 1 78640143 112859 2.2 78 36 1 22 59% 8776 100899 6775 12%
c t 9513.71 125 48 175 2405 291153 1 78640143 112859 2.2 78 36 1 22 59% 8775 100899 6775 12%
c - 9516.22 103 50 175 2406 291161 1 78655146 94257 2.1 78 38 1 22 59% 8775 100899 6775 12%
c - 9522.99 103 52 175 2407 291177 1 78704196 91595 2.0 78 40 1 22 58% 8775 100899 6775 12%
c - 9529.68 103 50 175 2408 291197 1 78753258 91257 2.1 78 38 1 22 58% 8775 100899 6775 12%
c - 9536.16 103 46 175 2409 291199 1 78802329 95275 2.2 78 35 1 22 59% 8775 100899 6775 12%
c - 9542.76 101 41 175 2410 291200 1 78851411 100071 2.4 77 32 1 22 59% 8775 100899 6775 12%
c - 9549.27 100 42 175 2411 291201 1 78900503 103102 2.4 78 32 1 22 59% 8775 100899 6775 12%
c
c  seconds     switched         rate            size/glue  tier1     binary         remaining
c           MB     reductions      conflicts          size   tier2      irredundant
c            level        restarts         redundant     glue    trail         variables
c
c - 9556.30 104 42 175 2412 291201 1 78949606 98916 2.4 79 33 1 22 59% 8775 100899 6775 12%
c - 9563.86 99 40 175 2413 291201 1 78998718 100135 2.4 77 32 1 22 59% 8775 100899 6775 12%
c - 9571.72 104 39 175 2414 291226 1 79047841 104110 2.4 75 31 1 22 59% 8775 100899 6775 12%
c - 9578.23 100 43 175 2415 291242 1 79096975 104576 2.3 76 33 1 22 59% 8775 100899 6775 12%
c B 9581.52 98 46 175 2415 291253 1 79123001 126735 2.2 77 35 1 22 59% 8775 100899 6775 12%
c o 9581.52 98 46 175 2415 291253 1 79123001 126735 2.2 77 35 1 22 59% 8775 100899 6775 12%
c - 9584.25 89 60 175 2416 291262 1 79146118 95075 2.0 85 43 1 22 58% 8775 100899 6775 12%
c - 9589.90 96 68 175 2417 291264 1 79195271 88331 1.8 88 48 1 22 57% 8775 100899 6775 12%
c ] 9590.14 97 68 176 2417 291265 1 79197579 90402 1.8 88 48 1 22 57% 8775 100899 6775 12%
c { 9590.14 97 51 176 2417 291265 2 79197579 90402 2.8 64 23 2 13 59% 8775 100899 6775 12%
c - 9594.78 102 60 176 2418 291622 2 79244433 103578 2.8 65 23 2 13 57% 8775 100899 6775 12%
c - 9599.86 103 64 176 2419 291929 2 79293610 125773 2.9 65 23 2 13 56% 8775 100899 6775 12%
c - 9606.01 99 66 176 2420 292322 2 79342795 134236 2.8 65 23 2 13 56% 8775 100899 6775 12%
c - 9611.93 107 68 176 2421 292704 2 79391989 139099 2.8 64 23 2 13 54% 8775 100899 6775 12%
c - 9618.04 105 68 176 2422 293025 2 79441194 143035 2.8 63 23 2 13 54% 8775 100899 6775 12%
c - 9624.02 104 70 176 2423 293375 2 79490407 147323 2.8 63 23 2 13 53% 8775 100899 6775 12%
c - 9630.83 105 68 176 2424 293788 2 79539630 149295 2.7 63 23 2 13 53% 8775 100899 6775 12%
c - 9637.60 103 66 176 2425 294133 2 79588869 149706 2.7 64 23 2 13 54% 8775 100899 6775 12%
c u 9644.41 104 62 176 2425 294350 2 79631282 182880 2.8 64 23 2 13 53% 8778 100899 6775 12%
c v 9649.81 113 62 176 2425 294350 2 79631282 157360 2.8 64 23 2 13 53% 8778 100899 6775 12%
c
c  seconds     switched         rate             size/glue  tier1     binary         remaining
c           MB     reductions      conflicts           size   tier2      irredundant
c            level        restarts         redundant      glue    trail         variables
c
c w 9652.13 120 62 176 2425 294350 2 79631282 156801 2.8 64 23 2 13 53% 8778 100899 6775 12%
c t 9652.15 120 62 176 2425 294350 2 79631282 156801 2.8 64 23 2 13 53% 8776 100899 6775 12%
c - 9653.06 106 62 176 2426 294394 2 79638113 126837 2.8 63 23 2 13 53% 8777 100899 6775 12%
c - 9659.36 100 61 176 2427 294748 2 79687367 134090 2.7 63 23 2 13 54% 8777 100899 6775 12%
c - 9666.08 105 62 176 2428 295089 2 79736632 139186 2.7 64 23 2 13 54% 8777 100899 6775 12%
c - 9672.87 105 61 176 2429 295384 2 79785908 143550 2.8 65 23 2 13 55% 8777 100899 6775 12%
c - 9679.25 106 60 176 2430 295686 2 79835193 146973 2.8 66 23 2 13 55% 8777 100899 6775 12%
c - 9686.31 109 62 176 2431 296002 2 79884490 150219 2.8 65 23 2 13 54% 8777 100899 6775 12%
c - 9694.06 104 59 176 2432 296307 2 79933795 151905 2.7 63 23 2 13 54% 8777 100899 6775 12%
c - 9701.43 108 57 176 2433 296579 2 79983111 152115 2.7 63 23 2 13 54% 8777 100899 6775 12%
c - 9708.11 105 54 176 2434 296770 2 80032436 155501 2.8 62 22 2 13 55% 8777 100899 6775 12%
c - 9716.06 110 58 176 2435 297183 2 80081773 158392 2.7 62 23 2 13 54% 8777 100899 6775 12%
c - 9723.28 108 59 176 2436 297470 2 80131118 159254 2.8 63 22 2 13 54% 8777 100899 6775 12%
c - 9730.96 109 58 176 2437 297802 2 80180474 161588 2.7 62 23 2 13 54% 8777 100899 6775 12%
c - 9738.86 110 58 176 2438 298207 2 80229840 160996 2.7 62 23 2 13 54% 8777 100899 6775 12%
c - 9746.43 110 58 176 2439 298535 2 80279216 161603 2.7 62 23 2 13 54% 8777 100899 6775 12%
c - 9753.87 111 60 176 2440 298862 2 80328602 163782 2.6 62 23 2 13 53% 8777 100899 6775 12%
c o 9758.08 106 59 176 2440 299034 2 80359841 193178 2.7 61 23 2 13 52% 8777 100899 6775 12%
c - 9761.01 112 60 176 2441 299183 2 80378000 165262 2.7 62 23 2 13 52% 8777 100899 6775 12%
c - 9767.50 106 62 176 2442 299498 2 80427407 167226 2.8 63 23 2 13 53% 8778 100899 6775 12%
c
c  seconds     switched         rate             size/glue  tier1     binary         remaining
c           MB     reductions      conflicts           size   tier2      irredundant
c            level        restarts         redundant      glue    trail         variables
c
c - 9774.28 109 63 176 2443 299821 2 80476825 168519 2.8 64 23 2 13 53% 8778 100899 6775 12%
c - 9781.45 107 58 176 2444 300098 2 80526253 169568 2.7 62 23 2 13 54% 8779 100899 6775 12%
c } 9787.75 111 55 177 2444 300339 2 80568698 209587 2.8 63 22 2 13 54% 8779 100899 6775 12%
c [ 9787.75 111 68 177 2444 300339 1 80568698 209587 1.8 88 48 1 22 57% 8779 100899 6775 12%
c W 9788.50 127 68 177 2444 300339 1 80568698 209587 1.8 88 48 1 22 57% 8779 100899 6775 12%
c - 9789.51 133 68 177 2445 300344 1 80575689 168010 1.8 88 48 1 22 58% 8779 100899 6775 12%
c - 9796.36 145 59 177 2446 300367 1 80625136 148739 2.0 84 43 1 22 57% 8779 100899 6775 12%
c u 9798.46 148 59 177 2446 300368 1 80629122 141132 2.0 84 42 1 22 57% 8781 100899 6775 12%
c v 9801.60 149 59 177 2446 300368 1 80629122 120018 2.0 84 42 1 22 57% 8781 100899 6775 12%
c w 9806.18 153 59 177 2446 300368 1 80629122 117945 2.0 84 42 1 22 57% 8781 100899 6775 12%
c t 9806.20 153 59 177 2446 300368 1 80629122 117945 2.0 84 42 1 22 57% 8778 100899 6775 12%
c - 9811.96 153 51 177 2447 300383 1 80674593 101617 2.1 79 38 1 22 58% 8778 100899 6775 12%
c - 9818.70 165 47 177 2448 300400 1 80724061 103404 2.3 79 35 1 22 58% 8778 100899 6775 12%
c - 9827.01 166 45 177 2449 300407 1 80773539 104383 2.3 77 34 1 22 59% 8778 100899 6775 12%
c - 9836.49 191 47 177 2450 300431 1 80823026 101676 2.2 77 36 1 22 58% 8778 100899 6775 12%
c - 9844.17 219 47 177 2451 300447 1 80872524 100018 2.2 77 36 1 22 59% 8779 100898 6775 12%
c - 9850.32 191 48 177 2452 300463 1 80922032 101443 2.2 81 36 1 22 60% 8779 100898 6775 12%
c - 9856.94 199 50 177 2453 300465 1 80971552 96925 2.2 82 38 1 22 60% 8779 100898 6775 12%
c - 9863.64 140 52 177 2454 300465 1 81021081 94454 2.1 83 39 1 22 60% 8779 100898 6775 12%
c - 9870.13 147 50 177 2455 300487 1 81070618 97154 2.2 84 38 1 22 61% 8779 100898 6775 12%
c
c  seconds     switched         rate             size/glue  tier1     binary         remaining
c           MB     reductions      conflicts           size   tier2      irredundant
c            level        restarts         redundant      glue    trail         variables
c
c - 9876.97 114 46 177 2456 300503 1 81120168 101006 2.4 85 35 1 22 61% 8779 100898 6775 12%
c - 9884.79 122 44 177 2457 300526 1 81169726 102396 2.4 83 34 1 22 60% 8779 100898 6775 12%
c - 9892.64 128 43 177 2458 300528 1 81219294 104487 2.5 82 33 1 22 59% 8779 100898 6775 12%
c - 9900.48 139 47 177 2459 300550 1 81268873 102811 2.3 83 36 1 22 59% 8779 100898 6775 12%
c - 9908.53 148 48 177 2460 300566 1 81318461 99086 2.2 81 36 1 22 57% 8779 100898 6775 12%
c - 9915.49 156 49 177 2461 300589 1 81368059 99119 2.2 80 37 1 22 57% 8779 100898 6775 12%
c - 9921.64 160 43 177 2462 300591 1 81417669 106848 2.4 78 33 1 22 58% 8779 100898 6775 12%
c - 9928.46 166 42 177 2463 300592 1 81467290 106216 2.4 79 32 1 22 58% 8779 100898 6775 12%
c - 9935.79 176 43 177 2464 300593 1 81516919 102176 2.4 79 33 1 22 58% 8779 100898 6775 12%
c - 9943.59 144 46 177 2465 300593 1 81566557 101752 2.3 79 35 1 22 57% 8779 100898 6775 12%
c - 9950.75 152 46 177 2466 300593 1 81616206 99836 2.3 80 35 1 22 58% 8779 100898 6775 12%
c o 9952.64 154 46 177 2466 300601 1 81630641 112210 2.3 80 35 1 22 58% 8779 100898 6775 12%
c u 9954.37 160 48 177 2466 300603 1 81633665 111558 2.2 81 37 1 22 58% 8779 100898 6775 12%
c v 9955.30 161 48 177 2466 300603 1 81633665 104906 2.2 81 37 1 22 58% 8779 100898 6775 12%
c w 9964.88 174 48 177 2466 300603 1 81633665 101884 2.2 81 37 1 22 58% 8779 100898 6775 12%
c - 9968.72 140 53 177 2467 300618 1 81665867 93849 2.1 84 39 1 22 57% 8779 100898 6775 12%
c - 9975.83 146 59 177 2468 300634 1 81715537 90618 2.0 89 43 1 22 56% 8779 100898 6775 12%
c - 9983.76 157 62 177 2469 300654 1 81765217 86658 2.0 91 45 1 22 56% 8779 100898 6775 12%
c O 9984.65 157 62 177 2469 300655 1 81771730 92317 2.0 92 45 1 22 56% 8779 100898 6775 12%
c ] 9989.24 164 56 178 2469 300656 1 81810203 128359 2.3 92 40 1 22 54% 8779 100898 6775 12%
c
c  seconds     switched         rate             size/glue  tier1     binary         remaining
c           MB     reductions      conflicts           size   tier2      irredundant
c            level        restarts         redundant      glue    trail         variables
c
c { 9989.24 164 55 178 2469 300656 2 81810203 128359 2.8 63 22 2 13 54% 8779 100898 6775 12%
c - 9989.68 164 53 178 2470 300657 2 81814907 98124 2.9 63 22 2 13 55% 8779 100898 6775 12%
c - 9995.27 170 40 178 2471 300657 2 81864606 133586 3.5 69 20 2 13 58% 8779 100898 6775 12%
c - 10002.13 146 33 178 2472 300657 1 81914316 160731 3.8 70 18 2 13 59% 8779 100898 6775 12%
c - 10010.34 167 28 178 2473 300658 1 81964035 167206 3.8 67 18 2 13 60% 8779 100898 6775 12%
c - 10018.51 183 24 178 2474 300665 1 82013764 167106 3.8 64 17 2 13 61% 8779 100898 6775 12%
c - 10023.09 198 24 178 2475 300683 1 82063505 173023 4.4 70 16 2 13 55% 8779 100898 6775 12%
c - 10028.22 162 23 178 2476 300699 1 82113255 166979 4.9 76 15 2 13 49% 8779 100898 6775 12%
c - 10032.46 178 23 178 2477 300726 1 82163014 168371 4.9 72 14 2 13 47% 8780 100898 6775 12%
c - 10034.77 192 34 178 2478 300736 1 82212783 171620 4.4 55 13 2 13 41% 8780 100898 6775 12%
c - 10037.44 210 37 178 2479 300820 1 82262562 170105 4.3 48 11 2 13 38% 8781 100898 6775 12%
c - 10041.77 205 34 178 2480 301186 1 82312351 174216 4.3 49 11 2 13 40% 8782 100898 6775 12%
c - 10046.69 209 31 178 2481 301548 1 82362150 175663 4.4 50 11 2 13 42% 8784 100897 6775 12%
c - 10051.03 156 28 178 2482 301822 1 82411959 178619 4.5 49 11 2 13 41% 8785 100897 6775 12%
c - 10056.22 160 27 178 2483 302215 1 82461778 181623 4.5 49 11 2 13 42% 8788 100897 6775 12%
c - 10060.55 163 25 178 2484 302533 1 82511607 184261 4.4 47 11 2 13 40% 8791 100897 6775 12%
c - 10065.40 161 25 178 2485 302922 1 82561446 187124 4.3 47 11 2 13 41% 8791 100897 6775 12%
c - 10069.95 159 25 178 2486 303257 1 82611296 189581 4.4 48 11 2 13 43% 8794 100897 6775 12%
c u 10074.89 162 27 178 2486 303492 1 82644909 211414 4.3 46 11 2 13 42% 8806 100897 6775 12%
c v 10079.54 178 27 178 2486 303492 1 82644909 208861 4.3 46 11 2 13 42% 8806 100897 6775 12%
c
c   seconds     switched         rate             size/glue  tier1     binary         remaining
c            MB     reductions      conflicts           size   tier2      irredundant
c             level        restarts         redundant      glue    trail         variables
c
c w 10081.00 179 27 178 2486 303492 1 82644909 208841 4.3 46 11 2 13 42% 8806 100897 6775 12%
c t 10081.02 179 27 178 2486 303492 1 82644909 208841 4.3 46 11 2 13 42% 8797 100897 6775 12%
c - 10082.96 164 27 178 2487 303658 1 82661155 178715 4.3 47 11 2 13 43% 8797 100897 6775 12%
c - 10087.43 156 27 178 2488 304056 1 82711024 181843 4.2 46 11 2 13 42% 8799 100897 6775 12%
c - 10092.52 160 27 178 2489 304426 1 82760903 184701 4.2 45 11 2 13 42% 8801 100897 6775 12%
c - 10098.08 164 27 178 2490 304838 1 82810792 187095 4.4 49 11 2 13 44% 8802 100897 6775 12%
c - 10103.84 161 26 178 2491 305225 1 82860691 189281 4.5 51 11 2 13 45% 8804 100897 6775 12%
c o 10106.29 162 25 178 2491 305368 1 82890343 218518 4.4 48 11 2 13 42% 8804 100897 6775 12%
c - 10108.30 165 25 178 2492 305484 1 82910600 190804 4.4 48 11 2 13 42% 8808 100897 6775 12%
c - 10114.40 161 26 178 2493 305973 1 82960519 192451 4.4 50 11 2 13 43% 8808 100897 6775 12%
c - 10119.74 162 26 178 2494 306303 1 83010449 194327 4.5 50 11 2 13 44% 8809 100897 6775 12%
c - 10125.20 161 26 178 2495 306693 1 83060388 195435 4.4 49 11 2 13 45% 8811 100897 6775 12%
c - 10130.36 165 24 178 2496 306964 1 83110337 195579 4.7 54 11 2 13 43% 8812 100897 6775 12%
c - 10135.58 161 25 178 2497 307294 1 83160296 196637 4.6 52 11 2 13 43% 8814 100897 6775 12%
c } 10139.04 162 24 179 2497 307489 1 83209378 245229 4.4 47 11 2 13 40% 8814 100897 6775 12%
c [ 10139.04 162 56 179 2497 307489 1 83209378 245229 2.3 92 40 1 22 54% 8814 100897 6775 12%
c B 10139.04 162 56 179 2497 307489 1 83209378 245229 2.3 92 40 1 22 54% 8814 100897 6775 12%
c - 10139.21 163 57 179 2498 307489 1 83210268 197491 2.3 92 41 1 22 54% 8814 100897 6775 12%
c - 10145.74 165 57 179 2499 307515 1 83260248 164271 2.2 90 40 1 22 56% 8814 100897 6775 12%
c - 10153.42 119 56 179 2500 307532 1 83310239 121488 2.2 88 40 1 22 58% 8814 100897 6775 12%
c
c   seconds     switched         rate             size/glue  tier1     binary         remaining
c            MB     reductions      conflicts           size   tier2      irredundant
c             level        restarts         redundant      glue    trail         variables
c
c - 10160.04 136 57 179 2501 307550 1 83360239 114075 2.2 89 41 1 22 58% 8814 100897 6775 12%
c - 10167.06 132 59 179 2502 307554 1 83410250 110778 2.1 91 42 1 22 59% 8814 100897 6775 12%
c - 10173.80 134 56 179 2503 307580 1 83460269 110933 2.2 88 41 1 22 59% 8814 100897 6775 12%
c - 10181.05 132 54 179 2504 307596 1 83510302 113674 2.2 85 40 1 22 60% 8814 100897 6775 12%
c - 10187.64 132 54 179 2505 307613 1 83560341 114595 2.1 85 40 1 22 60% 8814 100897 6775 12%
c - 10194.38 133 52 179 2506 307615 1 83610391 111459 2.2 84 39 1 22 60% 8814 100897 6775 12%
c - 10201.77 136 50 179 2507 307615 1 83660450 115746 2.2 83 37 1 22 59% 8814 100897 6775 12%
c u 10203.75 132 50 179 2507 307615 1 83662881 103313 2.3 83 37 1 22 59% 8825 100897 6775 12%
c v 10204.74 131 50 179 2507 307615 1 83662881 92273 2.3 83 37 1 22 59% 8829 100897 6774 12%
c w 10208.75 137 50 179 2507 307615 1 83662881 91263 2.3 83 37 1 22 59% 8829 100897 6774 12%
c t 10208.76 137 50 179 2507 307615 1 83662881 91226 2.3 83 37 1 22 59% 8821 100886 6774 12%
c u 10209.88 138 50 179 2507 307615 1 83662881 89469 2.3 83 37 1 22 59% 8821 100886 6774 12%
c v 10210.39 129 50 179 2507 307615 1 83662881 86455 2.3 83 37 1 22 59% 8822 100886 6774 12%
c w 10213.68 136 50 179 2507 307615 1 83662881 82523 2.3 83 37 1 22 59% 8822 100886 6774 12%
c i 10213.70 136 50 179 2507 307615 1 83662881 82523 2.3 83 37 1 22 59% 8822 100886 6774 12%
c - 10219.68 134 50 179 2508 307637 1 83710520 90908 2.1 79 37 1 22 59% 8808 100886 6774 12%
c - 10226.23 134 51 179 2509 307653 1 83760599 95150 2.1 78 37 1 22 57% 8808 100886 6774 12%
c s 10233.45 134 51 179 2509 307676 1 83809295 138886 2.1 77 36 1 22 56% 8810 100879 6774 12%
c - 10233.66 135 51 179 2510 307676 1 83810689 100735 2.1 77 36 1 22 56% 8810 100879 6774 12%
c - 10241.18 131 48 179 2511 307678 1 83860788 103417 2.2 77 34 1 22 57% 8810 100879 6774 12%
c
c   seconds     switched         rate             size/glue  tier1     binary         remaining
c            MB     reductions      conflicts           size   tier2      irredundant
c             level        restarts         redundant      glue    trail         variables
c
c - 10248.07 135 50 179 2512 307701 1 83910898 104453 2.2 78 36 1 22 57% 8810 100879 6774 12%
c - 10255.19 133 44 179 2513 307718 1 83961019 108259 2.3 74 32 1 22 58% 8810 100879 6774 12%
c - 10262.99 136 41 179 2514 307739 1 84011149 108534 2.4 73 31 1 22 58% 8810 100879 6774 12%
c - 10270.26 130 41 179 2515 307741 1 84061288 103491 2.4 75 32 1 22 57% 8810 100879 6774 12%
c - 10277.74 134 40 179 2516 307742 1 84111437 102906 2.4 75 31 1 22 57% 8810 100879 6774 12%
c - 10285.53 135 38 179 2517 307743 1 84161596 104334 2.5 74 30 1 22 58% 8810 100879 6774 12%
c ] 10288.27 134 37 180 2517 307743 1 84179422 119077 2.5 74 30 1 22 58% 8810 100879 6774 12%
c { 10288.27 134 24 180 2517 307743 1 84179422 119077 4.4 47 11 2 13 40% 8810 100879 6774 12%
c o 10288.30 134 24 180 2517 307746 1 84179584 119215 4.4 47 11 2 13 40% 8810 100879 6774 12%
c - 10293.18 136 38 180 2518 308316 2 84211765 114599 3.3 53 16 2 13 44% 8810 100879 6774 12%
c - 10300.55 135 53 180 2519 309099 2 84261944 126181 2.7 58 21 2 13 48% 8810 100879 6774 12%
c - 10307.64 136 59 180 2520 309651 2 84312133 132143 2.6 62 24 2 13 51% 8811 100879 6774 12%
c - 10314.28 139 61 180 2521 310044 2 84362332 138451 2.7 64 24 2 13 53% 8811 100879 6774 12%
c - 10321.41 138 58 180 2522 310372 2 84412542 142507 2.7 65 24 2 13 56% 8811 100879 6774 12%
c - 10329.06 137 57 180 2523 310696 2 84462761 143254 2.7 66 25 2 13 58% 8812 100879 6774 12%
c - 10336.76 140 54 180 2524 310996 2 84512996 143177 2.6 66 25 2 13 58% 8812 100879 6774 12%
c - 10344.60 136 54 180 2525 311301 2 84563241 146142 2.7 66 25 2 13 58% 8813 100879 6774 12%
c - 10352.31 138 52 180 2526 311564 2 84613490 147814 2.7 66 25 2 13 59% 8813 100879 6774 12%
c - 10359.51 139 49 180 2527 311782 2 84663752 147608 2.6 64 24 2 13 58% 8813 100879 6774 12%
c u 10363.88 143 50 180 2527 311906 2 84687582 164512 2.6 63 24 2 13 56% 8813 100879 6774 12%
c
c   seconds     switched         rate             size/glue  tier1     binary         remaining
c            MB     reductions      conflicts           size   tier2      irredundant
c             level        restarts         redundant      glue    trail         variables
c
c v 10367.94 141 50 180 2527 311906 2 84687582 145375 2.6 63 24 2 13 56% 8814 100879 6774 12%
c w 10373.51 153 50 180 2527 311906 2 84687582 141509 2.6 63 24 2 13 56% 8814 100879 6774 12%
c t 10373.53 153 50 180 2527 311906 2 84687582 141509 2.6 63 24 2 13 56% 8811 100879 6774 12%
c - 10377.11 139 50 180 2528 312047 2 84714021 126763 2.7 63 24 2 13 57% 8811 100879 6774 12%
c - 10384.10 140 57 180 2529 312445 2 84764302 132977 2.7 65 24 2 13 57% 8811 100879 6774 12%
c - 10391.37 134 54 180 2530 312765 2 84814591 134659 2.6 65 25 2 13 58% 8811 100879 6774 12%
c - 10398.21 141 51 180 2531 313035 2 84864890 134544 2.6 64 25 2 13 59% 8811 100879 6774 12%
c - 10404.73 136 48 180 2532 313202 2 84915203 137404 2.7 64 24 2 13 60% 8811 100879 6774 12%
c - 10412.36 141 51 180 2533 313530 2 84965522 141563 2.8 66 24 2 13 59% 8811 100879 6774 12%
c - 10419.75 142 48 180 2534 313774 2 85015850 142279 2.7 64 24 2 13 60% 8811 100879 6774 12%
c - 10427.38 138 50 180 2535 314102 2 85066189 142811 2.6 64 24 2 13 59% 8811 100879 6774 12%
c - 10435.13 141 51 180 2536 314407 2 85116537 143441 2.7 66 25 2 13 59% 8811 100879 6774 12%
c - 10442.85 140 49 180 2537 314737 2 85166895 141211 2.6 65 25 2 13 60% 8811 100879 6774 12%
c - 10450.17 140 46 180 2538 314940 2 85217263 141418 2.6 65 25 2 13 60% 8811 100879 6774 12%
c - 10457.59 138 47 180 2539 315228 2 85267641 143946 2.6 64 25 2 13 59% 8811 100879 6774 12%
c - 10465.14 142 47 180 2540 315506 2 85318030 144960 2.6 64 25 2 13 60% 8811 100879 6774 12%
c - 10472.29 135 43 180 2541 315661 2 85368428 146437 2.6 63 24 2 13 60% 8811 100879 6774 12%
c - 10480.15 142 44 180 2542 315984 2 85418836 147672 2.6 64 25 2 13 60% 8812 100879 6774 12%
c o 10485.22 140 44 180 2542 316159 2 85451706 176360 2.6 64 25 2 13 60% 8812 100879 6774 12%
c - 10488.01 143 46 180 2543 316269 2 85469254 147568 2.6 64 25 2 13 60% 8812 100879 6774 12%
c
c   seconds     switched         rate             size/glue  tier1     binary         remaining
c            MB     reductions      conflicts           size   tier2      irredundant
c             level        restarts         redundant      glue    trail         variables
c
c - 10495.75 141 49 180 2544 316607 2 85519684 149400 2.6 64 25 2 13 60% 8812 100879 6774 12%
c - 10503.05 143 51 180 2545 316903 2 85570125 150362 2.5 63 25 2 13 59% 8812 100879 6774 12%
c } 10508.47 141 49 181 2545 317067 2 85606892 182962 2.5 62 25 2 13 59% 8812 100879 6774 12%
c [ 10508.47 141 37 181 2545 317067 1 85606892 182962 2.5 74 30 1 22 58% 8812 100879 6774 12%
c W 10509.04 157 37 181 2545 317067 1 85606892 182962 2.5 74 30 1 22 58% 8812 100879 6774 12%
c - 10511.10 163 38 181 2546 317075 1 85620572 148435 2.5 76 30 1 22 58% 8812 100879 6774 12%
c - 10517.92 173 44 181 2547 317096 1 85671029 134482 2.3 77 33 1 22 58% 8812 100879 6774 12%
c u 10527.34 141 49 181 2547 317112 1 85719010 172065 2.2 78 36 1 22 56% 8813 100879 6774 12%
c v 10530.92 148 49 181 2547 317112 1 85719010 153642 2.2 78 36 1 22 56% 8813 100879 6774 12%
c w 10537.96 173 49 181 2547 317112 1 85719010 148778 2.2 78 36 1 22 56% 8813 100879 6774 12%
c t 10537.98 173 49 181 2547 317112 1 85719010 148778 2.2 78 36 1 22 56% 8812 100879 6774 12%
c - 10538.45 185 50 181 2548 317112 1 85721498 95029 2.2 78 36 1 22 56% 8812 100879 6774 12%
c - 10546.34 206 53 181 2549 317129 1 85771979 89964 1.9 77 39 1 22 56% 8812 100879 6774 12%
c - 10553.75 232 51 181 2550 317142 1 85822466 93683 2.1 77 37 1 22 58% 8812 100879 6774 12%
c - 10561.30 258 47 181 2551 317160 1 85872964 98474 2.1 73 35 1 22 58% 8812 100879 6774 12%
c - 10568.77 228 46 181 2552 317179 1 85923471 98152 2.1 72 34 1 22 59% 8812 100879 6774 12%
c - 10576.48 177 45 181 2553 317192 1 85973989 97970 2.1 72 34 1 22 59% 8812 100879 6774 12%
c - 10583.89 204 45 181 2554 317193 1 86024516 96991 2.1 71 35 1 22 59% 8812 100879 6774 12%
c - 10591.90 156 44 181 2555 317200 1 86075054 99808 2.1 71 34 1 22 59% 8812 100879 6774 12%
c - 10600.63 109 43 181 2556 317223 1 86125606 102318 2.1 69 33 1 22 59% 8812 100879 6774 12%
c
c   seconds     switched         rate             size/glue  tier1     binary         remaining
c            MB     reductions      conflicts           size   tier2      irredundant
c             level        restarts         redundant      glue    trail         variables
c
c - 10608.92 120 46 181 2557 317239 1 86176162 104238 2.1 73 35 1 22 58% 8812 100879 6774 12%
c - 10616.30 129 47 181 2558 317255 1 86226728 103403 2.1 71 34 1 22 59% 8812 100879 6774 12%
c - 10623.72 140 47 181 2559 317265 1 86277305 105239 2.1 69 33 1 22 56% 8812 100879 6774 12%
c - 10627.75 149 63 181 2560 317286 1 86327892 101027 1.8 77 43 1 22 48% 8812 100879 6774 12%
c - 10631.73 153 70 181 2561 317303 1 86378492 92555 1.7 80 47 1 22 43% 8812 100879 6774 12%
c - 10635.73 156 76 181 2562 317319 1 86429099 92386 1.6 81 50 1 22 40% 8812 100879 6774 12%
c - 10640.45 160 77 181 2563 317320 1 86479716 91612 1.6 82 52 1 22 38% 8812 100879 6774 12%
c - 10645.25 119 76 181 2564 317321 1 86530342 90877 1.6 84 53 1 22 38% 8812 100879 6774 12%
c - 10650.61 123 75 181 2565 317321 1 86580978 91766 1.6 84 54 1 22 37% 8812 100879 6774 12%
c - 10655.56 126 73 181 2566 317321 1 86631623 94334 1.6 85 53 1 22 37% 8812 100879 6774 12%
c - 10660.41 133 73 181 2567 317336 1 86682278 96594 1.6 84 52 1 22 37% 8812 100879 6774 12%
c - 10665.10 137 70 181 2568 317352 1 86732947 97243 1.6 82 51 1 22 37% 8812 100879 6774 12%
c u 10668.51 153 71 181 2568 317364 1 86757165 114100 1.6 82 50 1 22 36% 8814 100879 6774 12%
c v 10669.27 156 71 181 2568 317364 1 86757165 105707 1.6 82 50 1 22 36% 8814 100879 6774 12%
c w 10674.06 171 71 181 2568 317364 1 86757165 101816 1.6 82 50 1 22 36% 8814 100879 6774 12%
c x 10675.52 183 71 181 2568 317364 1 86757165 101793 1.6 82 50 1 22 36% 8829 100821 6774 12%
c t 10675.53 183 71 181 2568 317364 1 86757165 101793 1.6 82 50 1 22 36% 8828 100821 6774 12%
c f 10675.54 183 71 181 2568 317364 1 86757165 101793 1.6 82 50 1 22 36% 8830 100801 6775 12%
c u 10676.64 193 71 181 2568 317364 1 86757165 101207 1.6 82 50 1 22 36% 8833 100801 6775 12%
c v 10677.09 193 71 181 2568 317364 1 86757165 98076 1.6 82 50 1 22 36% 8833 100801 6775 12%
c
c   seconds     switched         rate            size/glue  tier1     binary         remaining
c            MB     reductions      conflicts          size   tier2      irredundant
c             level        restarts         redundant     glue    trail         variables
c
c w 10681.98 208 71 181 2568 317364 1 86757165 94510 1.6 82 50 1 22 36% 8833 100801 6775 12%
c o 10682.01 208 71 181 2568 317364 1 86757165 94510 1.6 82 50 1 22 36% 8833 100801 6775 12%
c - 10684.74 211 81 181 2569 317374 1 86783623 79838 1.6 86 53 1 22 40% 8833 100801 6775 12%
c - 10691.02 217 77 181 2570 317384 1 86834308 93631 1.8 81 46 1 22 44% 8833 100801 6775 12%
c s 10691.12 217 76 181 2570 317384 1 86835176 94449 1.8 81 46 1 22 44% 8833 100799 6775 12%
c e 10691.14 217 76 181 2570 317384 1 86835176 94449 1.8 81 46 1 22 44% 8829 100863 6771 12%
c s 10691.14 217 76 181 2570 317384 1 86835176 94449 1.8 81 46 1 22 44% 8829 100850 6771 12%
c I 10693.55 221 73 181 2570 317386 1 86855578 113573 1.8 79 43 1 22 44% 8829 100850 6771 12%
c - 10696.73 171 76 181 2571 317399 1 86885003 102902 1.8 81 45 1 22 46% 8829 100850 6771 12%
c - 10702.55 180 73 181 2572 317415 1 86935708 98201 1.9 86 45 1 22 51% 8829 100850 6771 12%
c - 10709.13 141 67 181 2573 317442 1 86986424 91686 1.9 82 43 1 22 52% 8829 100850 6771 12%
c - 10716.01 147 64 181 2574 317447 1 87037148 92614 2.0 82 42 1 22 55% 8829 100850 6771 12%
c - 10723.54 153 62 181 2575 317448 1 87087883 88908 1.9 81 43 1 22 55% 8829 100850 6771 12%
c ] 10724.66 153 62 182 2575 317448 1 87096587 96808 1.9 81 42 1 22 55% 8829 100850 6771 12%
c { 10724.66 153 49 182 2575 317448 2 87096587 96808 2.5 62 25 2 13 59% 8829 100850 6771 12%
c - 10727.41 116 50 182 2576 317467 2 87138627 113571 2.6 53 21 2 13 50% 8829 100850 6771 12%
c - 10731.35 137 53 182 2577 317535 2 87189382 146498 2.6 48 18 2 13 44% 8830 100850 6771 12%
c - 10735.75 144 57 182 2578 317643 2 87240147 158321 2.7 44 16 2 13 40% 8831 100850 6771 12%
c - 10739.96 145 61 182 2579 317826 2 87290921 163164 2.7 40 15 2 13 37% 8832 100850 6771 12%
c - 10743.80 143 63 182 2580 318080 2 87341705 167859 2.6 37 14 2 13 35% 8832 100850 6771 12%
c
c   seconds     switched         rate             size/glue  tier1     binary         remaining
c            MB     reductions      conflicts           size   tier2      irredundant
c             level        restarts         redundant      glue    trail         variables
c
c - 10748.15 145 64 182 2581 318382 2 87392498 172682 2.6 35 13 2 13 34% 8832 100850 6771 12%
c - 10752.35 143 62 182 2582 318671 2 87443301 176858 2.5 32 13 2 13 32% 8832 100850 6771 12%
c - 10756.63 144 61 182 2583 318979 2 87494115 180592 2.5 30 12 2 13 30% 8833 100850 6771 12%
c - 10761.40 147 64 182 2584 319383 3 87544939 183634 2.4 30 12 2 13 31% 8833 100850 6771 12%
c - 10765.60 142 63 182 2585 319771 3 87595773 186593 2.4 29 12 2 13 30% 8834 100850 6771 12%
c - 10770.45 146 65 182 2586 320254 3 87646615 188938 2.4 30 13 2 13 30% 8834 100850 6771 12%
c - 10775.08 147 66 182 2587 320674 3 87697467 191072 2.4 30 13 2 13 30% 8836 100850 6771 12%
c - 10779.80 148 64 182 2588 321062 3 87748329 193840 2.4 30 13 2 13 31% 8837 100850 6771 12%
c - 10784.33 146 66 182 2589 321448 3 87799201 196205 2.3 30 13 2 13 30% 8839 100850 6771 12%
c u 10786.83 162 65 182 2589 321468 3 87802067 178449 2.4 30 13 2 13 30% 8842 100850 6771 12%
c v 10790.27 172 65 182 2589 321468 3 87802067 172943 2.4 30 13 2 13 30% 8842 100850 6771 12%
c w 10791.49 172 65 182 2589 321468 3 87802067 172556 2.4 30 13 2 13 30% 8842 100850 6771 12%
c t 10791.52 172 65 182 2589 321468 3 87802067 172556 2.4 30 13 2 13 30% 8838 100850 6771 12%
c f 10791.53 172 65 182 2589 321468 3 87802067 172556 2.4 30 13 2 13 30% 8840 100831 6772 12%
c u 10793.07 188 65 182 2589 321468 3 87802067 169724 2.4 30 13 2 13 30% 8842 100831 6772 12%
c v 10797.42 186 65 182 2589 321468 3 87802067 152616 2.4 30 13 2 13 30% 8843 100831 6772 12%
c w 10798.68 189 65 182 2589 321468 3 87802067 152369 2.4 30 13 2 13 30% 8843 100831 6772 12%
c t 10798.69 189 65 182 2589 321468 3 87802067 152369 2.4 30 13 2 13 30% 8840 100831 6772 12%
c - 10803.04 154 67 182 2590 321896 3 87850088 160671 2.4 30 13 2 13 31% 8841 100831 6772 12%
c - 10807.29 158 67 182 2591 322290 3 87900981 171065 2.4 30 13 2 13 32% 8841 100831 6772 12%
c
c   seconds     switched         rate             size/glue  tier1     binary         remaining
c            MB     reductions      conflicts           size   tier2      irredundant
c             level        restarts         redundant      glue    trail         variables
c
c - 10811.77 160 66 182 2592 322689 3 87951882 176662 2.4 30 13 2 13 31% 8844 100831 6772 12%
c - 10816.40 126 66 182 2593 323109 3 88002794 180315 2.4 30 13 2 13 31% 8845 100831 6772 12%
c o 10820.52 126 66 182 2593 323484 3 88047190 223091 2.3 29 13 2 13 30% 8846 100831 6772 12%
c - 10821.06 126 65 182 2594 323518 3 88053715 183030 2.3 29 13 2 13 30% 8846 100831 6772 12%
c - 10825.75 127 66 182 2595 323935 3 88104646 186041 2.4 30 13 2 13 30% 8846 100831 6772 12%
c - 10830.62 126 66 182 2596 324374 3 88155587 188721 2.4 30 13 2 13 30% 8846 100831 6772 12%
c - 10835.40 126 66 182 2597 324779 3 88206537 190924 2.4 31 13 2 13 31% 8847 100831 6772 12%
c - 10840.15 125 66 182 2598 325206 3 88257497 193220 2.4 31 13 2 13 31% 8848 100831 6772 12%
c - 10844.94 127 65 182 2599 325599 3 88308472 195709 2.4 30 13 2 13 31% 8848 100831 6772 12%
c - 10849.71 128 64 182 2600 325983 3 88359453 198047 2.3 30 13 2 13 30% 8849 100831 6772 12%
c - 10854.79 125 65 182 2601 326401 3 88410444 200213 2.4 31 13 2 13 31% 8849 100831 6772 12%
c - 10859.60 128 66 182 2602 326835 3 88461447 201808 2.4 31 13 2 13 31% 8849 100831 6772 12%
c - 10864.71 123 65 182 2603 327257 3 88512457 203585 2.4 31 13 2 13 31% 8852 100831 6772 12%
c } 10868.50 124 67 183 2603 327646 3 88552589 242204 2.4 31 13 2 13 31% 8852 100831 6772 12%
c [ 10868.50 124 62 183 2603 327646 1 88552589 242204 1.9 81 42 1 22 55% 8852 100831 6772 12%
c B 10868.50 124 62 183 2603 327646 1 88552589 242204 1.9 81 42 1 22 55% 8852 100831 6772 12%
c - 10869.89 128 67 183 2604 327652 1 88563477 197898 1.9 83 45 1 22 55% 8852 100831 6772 12%
c - 10875.84 115 59 183 2605 327675 1 88614508 170528 2.1 82 40 1 22 57% 8852 100831 6772 12%
c - 10883.83 123 53 183 2606 327691 1 88665547 142415 2.2 80 37 1 22 59% 8852 100831 6772 12%
c - 10892.14 123 48 183 2607 327707 1 88716596 136313 2.2 78 35 1 22 59% 8852 100831 6772 12%
c
c   seconds     switched         rate             size/glue  tier1     binary         remaining
c            MB     reductions      conflicts           size   tier2      irredundant
c             level        restarts         redundant      glue    trail         variables
c
c - 10900.19 129 43 183 2608 327720 1 88767654 137416 2.3 75 32 1 22 60% 8852 100831 6772 12%
c - 10909.41 127 39 183 2609 327739 1 88818723 143874 2.4 73 30 1 22 60% 8852 100831 6772 12%
c u 10917.44 125 40 183 2609 327753 1 88853722 148150 2.3 72 31 1 22 60% 8863 100831 6772 12%
c v 10919.17 121 40 183 2609 327753 1 88853722 137285 2.3 72 31 1 22 60% 8865 100831 6772 12%
c w 10924.01 162 40 183 2609 327753 1 88853722 128361 2.3 72 31 1 22 60% 8865 100831 6772 12%
c t 10926.34 163 40 183 2609 327753 1 88853722 128361 2.3 72 31 1 22 60% 8852 100831 6772 12%
c - 10928.75 158 40 183 2610 327759 1 88869803 113138 2.3 71 31 1 22 60% 8852 100831 6772 12%
c - 10935.48 154 44 183 2611 327771 1 88920892 111646 2.2 74 34 1 22 59% 8852 100831 6772 12%
c - 10942.93 160 48 183 2612 327772 1 88971989 105150 2.1 75 37 1 22 59% 8852 100831 6772 12%
c - 10950.17 156 47 183 2613 327779 1 89023096 105636 2.1 76 36 1 22 60% 8852 100831 6772 12%
c - 10956.75 159 44 183 2614 327802 1 89074213 113410 2.3 76 33 1 22 60% 8852 100831 6772 12%
c - 10963.67 104 41 183 2615 327818 1 89125341 117655 2.4 76 32 1 22 59% 8852 100831 6772 12%
c - 10970.43 91 40 183 2616 327835 1 89176478 114835 2.6 79 31 1 22 60% 8852 100831 6772 12%
c - 10977.88 103 43 183 2617 327848 1 89227624 111372 2.3 76 33 1 22 59% 8852 100831 6772 12%
c - 10984.65 104 42 183 2618 327866 1 89278783 110859 2.3 73 32 1 22 59% 8852 100831 6772 12%
c - 10991.73 102 41 183 2619 327887 1 89329954 113132 2.2 70 32 1 22 58% 8852 100831 6772 12%
c - 10998.66 105 47 183 2620 327898 1 89381130 108592 2.1 75 36 1 22 59% 8852 100831 6772 12%
c - 11005.16 105 49 183 2621 327899 1 89432317 106836 2.1 78 37 1 22 60% 8852 100831 6772 12%
c o 11010.55 105 50 183 2621 327900 1 89471071 140105 2.1 79 37 1 22 60% 8852 100831 6772 12%
c - 11012.18 102 59 183 2622 327900 1 89483513 107342 2.0 85 43 1 22 60% 8852 100831 6772 12%
c
c   seconds    switched         rate             size/glue   tier1     binary         remaining
c           MB     reductions      conflicts           size    tier2      irredundant
c            level        restarts         redundant       glue    trail         variables
c
c - 11020.06 91 83 183 2623 327900 1 89534719 105973 1.7 101 59 1 22 59% 8852 100831 6772 12%
c ] 11028.21 111 97 184 2623 327900 1 89584978 151374 1.6 112 69 1 22 57% 8852 100831 6772 12%
c { 11028.21 111 67 184 2623 327900 3 89584978 151374 2.4 31 13 2 13 31% 8852 100831 6772 12%
c - 11028.45 91 67 184 2624 327917 3 89585935 97515 2.4 31 13 2 13 31% 8852 100831 6772 12%
c - 11035.76 97 70 184 2625 328758 3 89637160 113827 2.3 46 20 2 13 40% 8852 100831 6772 12%
c - 11043.12 101 70 184 2626 329346 3 89688394 132399 2.4 55 23 2 13 47% 8852 100831 6772 12%
c - 11050.43 103 68 184 2627 329789 3 89739639 143403 2.5 59 24 2 13 50% 8852 100831 6772 12%
c - 11057.92 107 64 184 2628 330147 2 89790897 149392 2.5 61 24 2 13 52% 8852 100831 6772 12%
c - 11065.54 105 61 184 2629 330481 2 89842162 153187 2.6 63 24 2 13 53% 8852 100831 6772 12%
c - 11073.48 110 58 184 2630 330787 2 89893435 154546 2.6 63 24 2 13 54% 8852 100831 6772 12%
c u 11078.00 106 58 184 2630 330924 2 89912132 164602 2.6 63 24 2 13 54% 8855 100831 6772 12%
c v 11082.28 113 58 184 2630 330924 2 89912132 143705 2.6 63 24 2 13 54% 8855 100831 6772 12%
c w 11087.57 121 58 184 2630 330924 2 89912132 141408 2.6 63 24 2 13 54% 8855 100831 6772 12%
c t 11087.59 121 58 184 2630 330924 2 89912132 141408 2.6 63 24 2 13 54% 8853 100831 6772 12%
c s 11089.06 107 59 184 2630 330989 2 89923823 152268 2.6 63 24 2 13 54% 8853 100830 6772 12%
c e 11089.07 107 59 184 2630 330989 2 89923823 152268 2.6 63 24 2 13 54% 8854 100845 6771 12%
c - 11092.20 166 61 184 2631 331118 2 89944720 133556 2.7 65 24 2 13 54% 8854 100845 6771 12%
c - 11099.47 256 55 184 2632 331379 2 89996013 140578 2.7 65 24 2 13 55% 8854 100845 6771 12%
c - 11106.48 321 51 184 2633 331600 2 90047319 143979 2.7 63 24 2 13 56% 8854 100845 6771 12%
c - 11114.37 519 53 184 2634 331930 2 90098631 146349 2.7 63 24 2 13 56% 8854 100845 6771 12%
c
c   seconds     switched         rate             size/glue  tier1     binary         remaining
c            MB     reductions      conflicts           size   tier2      irredundant
c             level        restarts         redundant      glue    trail         variables
c
c - 11122.23 511 52 184 2635 332191 2 90149954 148808 2.7 62 23 2 13 55% 8854 100845 6771 12%
c - 11130.01 326 50 184 2636 332457 2 90201286 149953 2.6 62 23 2 13 55% 8854 100845 6771 12%
c - 11138.34 192 52 184 2637 332777 2 90252627 151188 2.6 60 23 2 13 54% 8854 100845 6771 12%
c - 11146.63 193 50 184 2638 333023 2 90303979 154111 2.6 60 23 2 13 53% 8854 100845 6771 12%
c - 11154.68 109 50 184 2639 333290 2 90355340 157180 2.6 61 23 2 13 54% 8854 100845 6771 12%
c - 11163.50 107 50 184 2640 333618 2 90406711 159034 2.6 61 23 2 13 54% 8854 100845 6771 12%
c - 11171.79 109 48 184 2641 333864 2 90458092 162975 2.7 62 23 2 13 54% 8854 100845 6771 12%
c - 11179.82 110 45 184 2642 334068 2 90509484 165425 2.7 60 22 2 13 53% 8854 100845 6771 12%
c - 11188.87 115 46 184 2643 334409 2 90560886 164922 2.7 61 23 2 13 54% 8854 100845 6771 12%
c - 11197.84 115 43 184 2644 334596 2 90612298 167279 2.7 61 22 2 13 53% 8854 100845 6771 12%
c - 11207.04 115 45 184 2645 334953 2 90663718 167108 2.6 59 23 2 13 53% 8854 100845 6771 12%
c - 11215.72 114 45 184 2646 335270 2 90715147 163948 2.6 60 23 2 13 54% 8854 100845 6771 12%
c - 11224.05 113 44 184 2647 335512 2 90766589 164612 2.6 59 23 2 13 53% 8854 100845 6771 12%
c o 11226.97 113 41 184 2647 335538 2 90787743 183634 2.7 59 22 2 13 52% 8854 100845 6771 12%
c - 11232.30 115 43 184 2648 335766 2 90818039 167205 2.6 60 23 2 13 52% 8854 100845 6771 12%
c - 11240.86 113 42 184 2649 335978 2 90869500 167034 2.6 59 23 2 13 54% 8854 100845 6771 12%
c - 11249.54 114 44 184 2650 336296 2 90920969 168209 2.5 59 23 2 13 54% 8854 100845 6771 12%
c - 11258.26 116 41 184 2651 336496 2 90972447 170745 2.6 58 23 2 13 53% 8854 100845 6771 12%
c u 11260.94 109 42 184 2651 336548 2 90977293 168035 2.6 58 23 2 13 53% 8855 100845 6771 12%
c v 11265.91 119 42 184 2651 336548 2 90977293 149757 2.6 58 23 2 13 53% 8855 100845 6771 12%
c
c   seconds     switched         rate             size/glue  tier1     binary         remaining
c            MB     reductions      conflicts           size   tier2      irredundant
c             level        restarts         redundant      glue    trail         variables
c
c w 11271.41 125 42 184 2651 336548 2 90977293 144006 2.6 58 23 2 13 53% 8855 100845 6771 12%
c - 11277.97 114 38 184 2652 336656 2 91023934 147358 2.5 54 22 2 13 52% 8855 100845 6771 12%
c } 11285.13 109 40 185 2652 336884 2 91069741 188563 2.5 55 22 2 13 52% 8855 100845 6771 12%
c [ 11285.13 109 97 185 2652 336884 1 91069741 188563 1.6 112 69 1 22 57% 8855 100845 6771 12%
c W 11285.51 126 97 185 2652 336884 1 91069741 188563 1.6 112 69 1 22 57% 8855 100845 6771 12%
c - 11286.45 131 95 185 2653 336888 1 91075432 152869 1.6 110 67 1 22 57% 8855 100845 6771 12%
c - 11292.58 148 74 185 2654 336912 1 91126939 138678 1.8 97 53 1 22 58% 8855 100845 6771 12%
c - 11299.88 165 70 185 2655 336929 1 91178457 110262 1.9 93 49 1 22 57% 8855 100845 6771 12%
c - 11306.76 174 60 185 2656 336945 1 91229983 102368 2.0 87 43 1 22 58% 8855 100845 6771 12%
c - 11313.70 182 57 185 2657 336956 1 91281520 99374 2.0 84 42 1 22 59% 8855 100845 6771 12%
c - 11321.25 188 59 185 2658 336977 1 91333067 97447 2.0 85 43 1 22 59% 8855 100845 6771 12%
c - 11329.02 158 59 185 2659 336995 1 91384622 96446 1.9 83 44 1 22 59% 8855 100845 6771 12%
c - 11336.10 174 54 185 2660 337009 1 91436188 99745 2.0 78 40 1 22 60% 8855 100845 6771 12%
c - 11343.57 131 48 185 2661 337010 1 91487764 103650 2.1 75 36 1 22 60% 8855 100845 6771 12%
c - 11351.39 139 44 185 2662 337017 1 91539348 105201 2.2 72 33 1 22 60% 8855 100845 6771 12%
c - 11359.13 148 45 185 2663 337040 1 91590942 106323 2.1 72 34 1 21 60% 8855 100845 6771 12%
c - 11368.32 160 48 185 2664 337056 1 91642548 103317 2.1 75 36 1 21 60% 8855 100845 6771 12%
c - 11376.97 128 51 185 2665 337073 1 91694161 99173 2.0 77 38 1 21 59% 8855 100845 6771 12%
c - 11385.71 136 55 185 2666 337086 1 91745784 96223 1.9 79 41 1 21 58% 8855 100845 6771 12%
c - 11393.93 143 56 185 2667 337104 1 91797418 95366 1.9 80 42 1 21 58% 8855 100845 6771 12%
c
c   seconds     switched         rate            size/glue  tier1     binary         remaining
c            MB     reductions      conflicts          size   tier2      irredundant
c             level        restarts         redundant     glue    trail         variables
c
c - 11402.48 153 57 185 2668 337126 1 91849063 96456 1.9 80 42 1 21 58% 8855 100845 6771 12%
c - 11410.09 160 52 185 2669 337136 1 91900715 97104 2.0 79 39 1 21 59% 8855 100845 6771 12%
c - 11418.09 167 47 185 2670 337137 1 91952377 98596 2.1 76 36 1 21 60% 8855 100845 6771 12%
c - 11426.30 131 45 185 2671 337138 1 92004051 102761 2.2 75 35 1 21 60% 8855 100845 6771 12%
c u 11435.64 156 42 185 2671 337138 1 92049232 136350 2.2 72 33 1 21 59% 8857 100845 6771 12%
c v 11436.87 160 42 185 2671 337138 1 92049232 129690 2.2 72 33 1 21 59% 8857 100845 6771 12%
c w 11449.08 177 42 185 2671 337138 1 92049232 118741 2.2 72 33 1 21 59% 8857 100845 6771 12%
c - 11450.15 188 42 185 2672 337138 1 92055734 96269 2.2 72 33 1 21 59% 8857 100845 6771 12%
c - 11457.92 199 40 185 2673 337138 1 92107425 101882 2.2 70 31 1 21 60% 8857 100845 6771 12%
c - 11465.28 155 42 185 2674 337159 1 92159126 101850 2.2 72 32 1 21 60% 8857 100845 6771 12%
c o 11468.83 156 42 185 2674 337169 1 92184931 123911 2.3 74 32 1 21 60% 8857 100845 6771 12%
c - 11472.72 133 52 185 2675 337176 1 92210836 99500 2.1 82 38 1 21 59% 8857 100845 6771 12%
c - 11479.94 151 47 185 2676 337199 1 92262556 95551 2.2 77 35 1 21 59% 8857 100845 6771 12%
c - 11487.95 156 45 185 2677 337201 1 92314288 94990 2.3 75 33 1 21 59% 8857 100845 6771 12%
c O 11496.14 165 42 185 2677 337226 1 92364647 137143 2.4 75 32 1 21 58% 8857 100845 6771 12%
c - 11496.29 167 42 185 2678 337227 1 92366029 95279 2.4 75 32 1 21 58% 8857 100845 6771 12%
c - 11501.88 124 42 185 2679 337245 1 92417778 100244 2.5 77 31 1 21 60% 8857 100845 6771 12%
c - 11508.18 134 45 185 2680 337263 1 92469537 94683 2.4 80 33 1 21 59% 8857 100845 6771 12%
c - 11514.69 139 44 185 2681 337265 1 92521306 89538 2.5 80 33 1 21 60% 8857 100845 6771 12%
c ] 11517.72 140 45 186 2681 337265 1 92543592 109262 2.4 81 34 1 21 59% 8857 100845 6771 12%
c
c   seconds     switched         rate             size/glue  tier1     binary         remaining
c            MB     reductions      conflicts           size   tier2      irredundant
c             level        restarts         redundant      glue    trail         variables
c
c { 11517.72 140 40 186 2681 337265 2 92543592 109262 2.5 55 22 2 13 52% 8857 100845 6771 12%
c - 11521.02 166 47 186 2682 337526 2 92573084 98304 2.6 58 22 2 13 52% 8857 100845 6771 12%
c - 11526.61 166 55 186 2683 337935 2 92624873 118181 2.7 60 22 2 13 51% 8857 100845 6771 12%
c - 11532.82 168 60 186 2684 338372 2 92676671 130272 2.7 62 23 2 13 51% 8857 100845 6771 12%
c - 11539.90 125 62 186 2685 338822 2 92728483 134654 2.7 62 23 2 13 52% 8858 100845 6771 12%
c - 11546.30 125 60 186 2686 339188 2 92780301 137279 2.7 63 23 2 13 51% 8858 100845 6771 12%
c - 11552.94 124 60 186 2687 339601 2 92832127 139860 2.6 63 24 2 13 51% 8858 100845 6771 12%
c - 11558.77 127 61 186 2688 339877 2 92883963 145057 2.7 63 23 2 13 50% 8858 100845 6771 12%
c - 11565.53 128 60 186 2689 340237 2 92935809 149341 2.8 64 23 2 13 51% 8858 100845 6771 12%
c - 11572.24 129 60 186 2690 340581 2 92987664 152287 3.0 67 22 2 13 52% 8858 100845 6771 12%
c - 11579.32 127 59 186 2691 340970 2 93039529 153681 2.9 66 23 2 13 52% 8859 100845 6771 12%
c - 11586.43 130 61 186 2692 341427 2 93091405 152634 2.8 65 23 2 13 51% 8859 100845 6771 12%
c u 11592.86 128 60 186 2692 341684 2 93127923 180037 2.7 64 24 2 13 51% 8863 100845 6771 12%
c v 11598.25 136 60 186 2692 341684 2 93127923 149635 2.7 64 24 2 13 51% 8863 100845 6771 12%
c w 11601.57 144 60 186 2692 341684 2 93127923 149019 2.7 64 24 2 13 51% 8863 100845 6771 12%
c t 11601.59 144 60 186 2692 341684 2 93127923 149019 2.7 64 24 2 13 51% 8861 100845 6771 12%
c - 11603.63 110 61 186 2693 341805 2 93143289 124175 2.7 63 24 2 13 51% 8861 100845 6771 12%
c - 11610.16 125 63 186 2694 342206 2 93195183 134128 2.7 65 24 2 13 52% 8861 100845 6771 12%
c - 11616.94 122 62 186 2695 342566 2 93247086 141510 2.7 65 24 2 13 53% 8861 100845 6771 12%
c - 11623.72 129 61 186 2696 342929 2 93298999 143642 2.7 65 24 2 13 53% 8861 100845 6771 12%
c
c   seconds     switched         rate             size/glue  tier1     binary         remaining
c            MB     reductions      conflicts           size   tier2      irredundant
c             level        restarts         redundant      glue    trail         variables
c
c - 11630.37 124 61 186 2697 343279 2 93350922 146642 2.8 66 24 2 13 53% 8862 100845 6771 12%
c - 11636.91 127 58 186 2698 343563 2 93402855 149913 2.7 63 23 2 13 52% 8863 100845 6771 12%
c - 11644.39 130 59 186 2699 343991 2 93454799 150824 2.7 64 24 2 13 52% 8863 100845 6771 12%
c - 11651.37 128 60 186 2700 344330 2 93506751 151984 2.7 64 24 2 13 54% 8863 100845 6771 12%
c o 11652.49 126 60 186 2700 344387 2 93515166 160175 2.7 64 23 2 13 54% 8863 100845 6771 12%
c - 11658.68 128 62 186 2701 344704 2 93558712 155033 2.7 64 24 2 13 54% 8863 100845 6771 12%
c - 11666.12 130 60 186 2702 345088 2 93610683 155353 2.6 63 24 2 13 53% 8863 100845 6771 12%
c - 11673.33 128 60 186 2703 345442 2 93662663 158157 2.7 65 24 2 13 53% 8863 100845 6771 12%
c - 11680.71 132 59 186 2704 345809 2 93714653 160627 2.7 65 24 2 13 52% 8863 100845 6771 12%
c - 11686.70 126 59 186 2705 346150 2 93766653 163711 2.8 63 23 2 13 50% 8863 100845 6771 12%
c - 11693.44 126 56 186 2706 346477 2 93818664 165326 2.7 62 23 2 13 49% 8863 100845 6771 12%
c - 11700.66 133 55 186 2707 346825 2 93870684 162513 2.7 63 23 2 13 51% 8863 100845 6771 12%
c - 11708.12 132 56 186 2708 347249 2 93922712 162077 2.7 64 24 2 13 52% 8863 100845 6771 12%
c - 11715.41 130 59 186 2709 347651 2 93974750 163773 2.7 64 24 2 13 52% 8863 100845 6771 12%
c - 11722.57 125 55 186 2710 347949 2 94026801 165129 2.7 63 23 2 13 52% 8863 100845 6771 12%
c } 11726.52 131 56 187 2710 348146 2 94057353 193686 2.7 62 23 2 13 51% 8863 100845 6771 12%
c [ 11726.52 131 45 187 2710 348146 1 94057353 193686 2.4 81 34 1 21 59% 8863 100845 6771 12%
c B 11726.52 131 45 187 2710 348146 1 94057353 193686 2.4 81 34 1 21 59% 8863 100845 6771 12%
c - 11729.32 131 51 187 2711 348159 1 94078859 158864 2.3 85 37 1 21 58% 8863 100845 6771 12%
c - 11736.81 114 57 187 2712 348176 1 94130927 134245 2.2 89 41 1 21 57% 8863 100845 6771 12%
c
c   seconds     switched         rate             size/glue  tier1     binary         remaining
c            MB     reductions      conflicts           size   tier2      irredundant
c             level        restarts         redundant      glue    trail         variables
c
c - 11744.91 126 55 187 2713 348198 1 94183004 109756 2.2 87 40 1 21 57% 8863 100845 6771 12%
c u 11750.21 123 51 187 2713 348207 1 94213390 125119 2.3 85 37 1 21 57% 8865 100845 6771 12%
c v 11751.51 126 51 187 2713 348207 1 94213390 110685 2.3 85 37 1 21 57% 8865 100845 6771 12%
c w 11760.42 137 51 187 2713 348207 1 94213390 106250 2.3 85 37 1 21 57% 8865 100845 6771 12%
c t 11760.44 137 51 187 2713 348207 1 94213390 106250 2.3 85 37 1 21 57% 8862 100845 6771 12%
c - 11763.18 123 50 187 2714 348208 1 94235093 91171 2.2 83 37 1 21 58% 8862 100845 6771 12%
c - 11769.52 125 51 187 2715 348224 1 94287191 94555 2.2 82 38 1 21 58% 8862 100845 6771 12%
c - 11776.19 121 55 187 2716 348242 1 94339296 93827 2.1 84 41 1 21 58% 8862 100845 6771 12%
c - 11783.64 120 56 187 2717 348268 1 94391411 91554 2.0 86 42 1 21 59% 8862 100845 6771 12%
c - 11790.89 124 58 187 2718 348271 1 94443535 93411 2.0 86 44 1 21 58% 8862 100845 6771 12%
c - 11798.51 123 62 187 2719 348272 1 94495669 94391 1.9 87 46 1 21 58% 8862 100845 6771 12%
c - 11805.91 126 62 187 2720 348287 1 94547817 94935 2.0 91 45 1 21 59% 8862 100845 6771 12%
c - 11813.19 124 62 187 2721 348305 1 94599970 98048 2.1 92 43 1 21 58% 8862 100845 6771 12%
c - 11820.78 126 60 187 2722 348332 1 94652134 98853 2.1 91 43 1 21 58% 8862 100845 6771 12%
c - 11827.62 123 56 187 2723 348335 1 94704308 97673 2.2 89 41 1 21 58% 8862 100845 6771 12%
c - 11834.93 125 49 187 2724 348357 1 94756490 97816 2.3 85 36 1 21 58% 8862 100845 6771 12%
c - 11843.25 124 51 187 2725 348374 1 94808685 98887 2.2 83 38 1 21 57% 8862 100845 6771 12%
c - 11850.27 125 55 187 2726 348396 1 94860886 96327 2.1 86 40 1 21 57% 8862 100845 6771 12%
c - 11857.72 122 56 187 2727 348399 1 94913098 96119 2.2 89 41 1 21 58% 8862 100845 6771 12%
c - 11865.34 126 62 187 2728 348399 1 94965318 95657 2.0 91 45 1 21 57% 8862 100845 6771 12%
c
c   seconds     switched         rate            size/glue  tier1     binary         remaining
c            MB     reductions      conflicts          size   tier2      irredundant
c             level        restarts         redundant     glue    trail         variables
c
c - 11872.65 121 64 187 2729 348400 1 95017549 94181 2.0 92 46 1 21 57% 8862 100845 6771 12%
c - 11880.46 125 66 187 2730 348400 1 95069788 95225 2.0 93 48 1 21 57% 8862 100845 6771 12%
c - 11887.96 122 65 187 2731 348410 1 95122038 97015 2.0 93 47 1 21 57% 8862 100845 6771 12%
c o 11891.02 118 67 187 2731 348420 1 95145078 118181 1.9 93 48 1 21 58% 8862 100845 6771 12%
c - 11894.99 107 77 187 2732 348431 1 95174296 99576 1.8 98 54 1 21 58% 8862 100845 6771 12%
c - 11901.45 124 67 187 2733 348450 1 95226567 99461 2.0 94 47 1 21 59% 8862 100845 6771 12%
c - 11908.04 121 56 187 2734 348463 1 95278846 99307 2.1 84 40 1 21 60% 8862 100845 6771 12%
c u 11913.14 120 53 187 2734 348465 1 95305660 118932 2.1 82 39 1 21 60% 8863 100845 6771 12%
c v 11914.26 123 53 187 2734 348465 1 95305660 112257 2.1 82 39 1 21 60% 8863 100845 6771 12%
c w 11925.24 137 53 187 2734 348465 1 95305660 107289 2.1 82 39 1 21 60% 8863 100845 6771 12%
c - 11928.40 121 51 187 2735 348478 1 95331140 95009 2.2 81 37 1 21 60% 8863 100845 6771 12%
c W 11936.60 130 49 187 2735 348494 1 95383385 138153 2.1 79 37 1 21 60% 8863 100845 6771 12%
c - 11936.62 131 49 187 2736 348494 1 95383437 96865 2.1 79 37 1 21 60% 8863 100845 6771 12%
c - 11943.94 136 47 187 2737 348520 1 95435744 94039 2.2 79 35 1 21 59% 8863 100845 6771 12%
c ] 11944.21 128 47 188 2737 348522 1 95437951 95980 2.2 79 35 1 21 59% 8863 100845 6771 12%
c { 11944.21 128 56 188 2737 348522 2 95437951 95980 2.7 62 23 2 13 51% 8863 100845 6771 12%
c - 11949.76 135 63 188 2738 348872 2 95488062 111761 2.7 64 23 2 13 54% 8863 100845 6771 12%
c - 11955.99 134 71 188 2739 349265 2 95540388 131632 2.8 65 23 2 13 54% 8863 100845 6771 12%
c - 11962.67 133 69 188 2740 349572 2 95592723 138398 2.9 66 23 2 13 55% 8863 100845 6771 12%
c - 11969.92 142 71 188 2741 349967 2 95645068 143172 2.9 66 23 2 13 55% 8863 100845 6771 12%
c
c   seconds     switched         rate             size/glue  tier1     binary         remaining
c            MB     reductions      conflicts           size   tier2      irredundant
c             level        restarts         redundant      glue    trail         variables
c
c - 11977.66 136 71 188 2742 350386 2 95697425 146299 2.9 66 23 2 13 56% 8863 100845 6771 12%
c - 11985.67 142 70 188 2743 350823 2 95749790 146993 2.8 67 24 2 13 56% 8864 100845 6771 12%
c - 11992.71 144 69 188 2744 351111 2 95802165 150313 2.9 68 23 2 13 56% 8864 100845 6771 12%
c - 12000.72 138 69 188 2745 351508 2 95854548 153430 2.9 67 23 2 13 56% 8864 100845 6771 12%
c - 12008.77 144 66 188 2746 351838 2 95906940 153379 2.9 68 23 2 13 56% 8864 100845 6771 12%
c - 12017.12 143 66 188 2747 352208 2 95959345 155050 2.9 67 23 2 13 55% 8864 100845 6771 12%
c - 12025.77 138 65 188 2748 352577 2 96011756 156891 2.8 67 23 2 13 56% 8864 100845 6771 12%
c - 12033.87 145 59 188 2749 352799 2 96064179 158224 2.9 66 23 2 13 56% 8864 100845 6771 12%
c - 12042.44 141 62 188 2750 353200 2 96116611 159453 2.8 67 24 2 13 56% 8864 100845 6771 12%
c - 12051.24 145 62 188 2751 353570 2 96169052 159809 2.8 67 24 2 13 56% 8864 100845 6771 12%
c - 12060.59 143 59 188 2752 353941 2 96221501 159856 2.8 67 24 2 13 57% 8864 100845 6771 12%
c - 12069.34 143 58 188 2753 354242 2 96273960 160449 2.8 66 24 2 13 57% 8864 100845 6771 12%
c - 12078.55 146 56 188 2754 354594 2 96326429 162074 2.7 66 24 2 13 57% 8864 100845 6771 12%
c - 12087.28 145 56 188 2755 354882 2 96378907 163745 2.7 65 24 2 13 57% 8864 100845 6771 12%
c u 12093.21 148 57 188 2755 355055 2 96404710 179517 2.8 66 24 2 13 57% 8864 100845 6771 12%
c v 12099.34 153 57 188 2755 355055 2 96404710 154098 2.8 66 24 2 13 57% 8864 100845 6771 12%
c w 12103.14 159 57 188 2755 355055 2 96404710 152542 2.8 66 24 2 13 57% 8864 100845 6771 12%
c - 12107.78 141 57 188 2756 355242 2 96431396 137282 2.8 65 24 2 13 57% 8864 100845 6771 12%
c - 12115.49 142 56 188 2757 355572 2 96483893 144812 2.8 65 24 2 13 57% 8864 100845 6771 12%
c o 12117.30 142 57 188 2757 355671 2 96496875 157215 2.7 65 24 2 13 56% 8864 100845 6771 12%
c
c   seconds     switched         rate             size/glue  tier1     binary         remaining
c            MB     reductions      conflicts           size   tier2      irredundant
c             level        restarts         redundant      glue    trail         variables
c
c - 12123.55 146 56 188 2758 355882 2 96536400 150735 2.7 64 23 2 13 57% 8864 100845 6771 12%
c - 12132.05 145 53 188 2759 356217 2 96588916 152969 2.7 64 24 2 13 57% 8864 100845 6771 12%
c - 12140.75 141 57 188 2760 356593 2 96641443 154407 2.7 65 24 2 13 57% 8864 100845 6771 12%
c - 12149.52 146 57 188 2761 356983 2 96693979 155806 2.7 64 24 2 13 56% 8864 100845 6771 12%
c - 12158.06 139 57 188 2762 357339 2 96746526 156955 2.7 65 24 2 13 56% 8864 100845 6771 12%
c - 12166.40 143 57 188 2763 357669 2 96799080 158820 2.7 64 24 2 13 57% 8864 100845 6771 12%
c - 12174.83 142 58 188 2764 358032 2 96851644 161057 2.7 64 24 2 13 56% 8864 100845 6771 12%
c - 12183.57 142 52 188 2765 358280 2 96904217 161187 2.7 62 24 2 13 57% 8864 100845 6771 12%
c - 12192.46 146 54 188 2766 358650 2 96956801 161238 2.7 64 24 2 13 56% 8864 100845 6771 12%
c } 12195.77 142 54 189 2766 358766 2 96980941 183950 2.7 64 24 2 13 56% 8864 100845 6771 12%
c [ 12195.77 142 47 189 2766 358766 1 96980941 183950 2.2 79 35 1 21 59% 8864 100845 6771 12%
c I 12195.77 142 47 189 2766 358766 1 96980941 183950 2.2 79 35 1 21 59% 8864 100845 6771 12%
c - 12199.42 145 64 189 2767 358780 1 97009393 152799 1.9 85 45 1 21 57% 8864 100845 6771 12%
c - 12207.33 125 70 189 2768 358796 1 97061995 127926 1.8 88 49 1 21 57% 8864 100845 6771 12%
c - 12214.64 136 63 189 2769 358824 1 97114606 109273 1.9 84 44 1 21 57% 8864 100845 6771 12%
c - 12222.38 132 56 189 2770 358828 1 97167227 106676 2.0 79 40 1 21 58% 8864 100845 6771 12%
c - 12230.44 137 54 189 2771 358850 1 97219860 105602 2.0 78 39 1 21 58% 8864 100845 6771 12%
c - 12237.93 135 51 189 2772 358867 1 97272501 108654 2.0 76 37 1 21 58% 8864 100845 6771 12%
c - 12244.77 134 49 189 2773 358889 1 97325151 109606 2.0 72 35 1 21 59% 8864 100845 6771 12%
c - 12251.96 136 45 189 2774 358892 1 97377812 108720 2.1 70 34 1 21 60% 8864 100845 6771 12%
c
c   seconds     switched         rate             size/glue  tier1     binary         remaining
c            MB     reductions      conflicts           size   tier2      irredundant
c             level        restarts         redundant      glue    trail         variables
c
c - 12259.42 134 44 189 2775 358892 1 97430485 108774 2.2 71 33 1 21 61% 8864 100845 6771 12%
c - 12267.03 134 42 189 2776 358914 1 97483164 111111 2.2 70 31 1 21 61% 8864 100845 6771 12%
c u 12272.19 130 43 189 2776 358923 1 97510558 128842 2.3 74 32 1 21 61% 8865 100845 6771 12%
c v 12273.59 138 43 189 2776 358923 1 97510558 120163 2.3 74 32 1 21 61% 8865 100845 6771 12%
c w 12283.85 154 43 189 2776 358923 1 97510558 116116 2.3 74 32 1 21 61% 8865 100845 6771 12%
c - 12287.46 138 43 189 2777 358932 1 97535851 100002 2.3 76 33 1 21 60% 8865 100845 6771 12%
c - 12294.39 133 45 189 2778 358954 1 97588549 96580 2.3 76 34 1 21 60% 8865 100845 6771 12%
c - 12301.14 135 47 189 2779 358959 1 97641256 98568 2.2 77 35 1 21 60% 8865 100845 6771 12%
c - 12308.29 138 45 189 2780 358984 1 97693972 102349 2.3 79 34 1 21 60% 8865 100845 6771 12%
c - 12315.86 138 44 189 2781 359001 1 97746699 100352 2.4 80 33 1 21 60% 8865 100845 6771 12%
c - 12324.20 138 45 189 2782 359017 1 97799434 97640 2.3 80 34 1 21 60% 8865 100845 6771 12%
c - 12332.59 133 44 189 2783 359019 1 97852178 98969 2.3 81 34 1 21 60% 8865 100845 6771 12%
c - 12340.22 132 43 189 2784 359020 1 97904935 101488 2.4 81 34 1 21 61% 8865 100845 6771 12%
c - 12347.08 133 45 189 2785 359020 1 97957700 103268 2.3 81 35 1 21 61% 8865 100845 6771 12%
c - 12354.48 134 49 189 2786 359020 1 98010474 96529 2.2 82 38 1 21 61% 8865 100845 6771 12%
c - 12361.38 137 52 189 2787 359035 1 98063256 98041 2.1 84 39 1 21 61% 8865 100845 6771 12%
c o 12363.65 135 54 189 2787 359048 1 98081838 114860 2.1 85 39 1 21 60% 8865 100845 6771 12%
c - 12368.46 123 70 189 2788 359054 1 98116049 98448 1.9 97 51 1 21 60% 8865 100845 6771 12%
c - 12375.33 132 64 189 2789 359080 1 98168853 96861 2.0 91 46 1 21 59% 8865 100845 6771 12%
c - 12382.77 135 57 189 2790 359083 1 98221663 97315 2.1 85 41 1 21 59% 8865 100845 6771 12%
c
c   seconds     switched         rate             size/glue  tier1     binary         remaining
c            MB     reductions      conflicts           size   tier2      irredundant
c             level        restarts         redundant      glue    trail         variables
c
c - 12390.52 135 56 189 2791 359107 1 98274485 100517 2.1 84 40 1 21 58% 8865 100845 6771 12%
c - 12398.25 134 56 189 2792 359126 1 98327314 100864 2.1 82 39 1 21 57% 8865 100845 6771 12%
c B 12399.74 130 55 189 2792 359129 1 98338342 110511 2.1 81 39 1 21 57% 8865 100845 6771 12%
c - 12404.74 132 54 189 2793 359145 1 98380154 100182 2.2 84 38 1 21 58% 8865 100845 6771 12%
c - 12411.55 134 53 189 2794 359147 1 98433003 97877 2.2 83 38 1 21 58% 8865 100845 6771 12%
c - 12419.68 134 53 189 2795 359147 1 98485864 94467 2.2 83 38 1 21 58% 8865 100845 6771 12%
c ] 12426.59 135 51 190 2795 359170 1 98535316 138462 2.2 81 37 1 21 59% 8865 100845 6771 12%
c { 12426.59 135 54 190 2795 359170 2 98535316 138462 2.7 64 24 2 13 56% 8865 100845 6771 12%
c - 12427.12 137 54 190 2796 359209 2 98538731 96844 2.7 64 24 2 13 57% 8865 100845 6771 12%
c - 12433.52 134 57 190 2797 359579 2 98591609 111618 2.8 66 24 2 13 57% 8865 100845 6771 12%
c u 12438.55 132 61 190 2797 359811 2 98623208 138539 2.7 66 24 2 13 56% 8866 100845 6771 12%
c v 12441.55 139 61 190 2797 359811 2 98623208 126560 2.7 66 24 2 13 56% 8866 100845 6771 12%
c w 12449.78 151 61 190 2797 359811 2 98623208 125403 2.7 66 24 2 13 56% 8866 100845 6771 12%
c t 12449.80 151 61 190 2797 359811 2 98623208 125403 2.7 66 24 2 13 56% 8864 100845 6771 12%
c - 12452.68 131 59 190 2798 359971 2 98644496 111106 2.7 66 24 2 13 56% 8864 100845 6771 12%
c - 12459.42 130 62 190 2799 360385 2 98697392 120808 2.7 66 25 2 13 56% 8864 100845 6771 12%
c - 12466.41 137 61 190 2800 360757 2 98750299 127108 2.6 66 25 2 13 56% 8864 100845 6771 12%
c - 12473.58 139 58 190 2801 361059 2 98803215 131960 2.6 65 25 2 13 56% 8864 100845 6771 12%
c - 12481.05 135 57 190 2802 361343 2 98856141 137072 2.7 65 24 2 13 56% 8864 100845 6771 12%
c - 12488.69 135 58 190 2803 361732 2 98909076 140682 2.6 66 25 2 13 56% 8864 100845 6771 12%
c
c   seconds     switched         rate             size/glue  tier1     binary         remaining
c            MB     reductions      conflicts           size   tier2      irredundant
c             level        restarts         redundant      glue    trail         variables
c
c - 12496.76 138 54 190 2804 362035 2 98962021 141200 2.7 66 25 2 13 57% 8864 100845 6771 12%
c - 12504.65 139 52 190 2805 362341 2 99014973 142713 2.7 66 25 2 13 58% 8864 100845 6771 12%
c - 12513.10 139 54 190 2806 362681 2 99067935 145860 2.7 66 25 2 13 57% 8865 100845 6771 12%
c - 12521.38 140 52 190 2807 362978 2 99120906 147015 2.6 65 25 2 13 57% 8865 100845 6771 12%
c - 12529.53 140 55 190 2808 363336 2 99173889 150462 2.6 65 25 2 13 56% 8865 100845 6771 12%
c - 12537.62 144 55 190 2809 363670 2 99226879 153194 2.6 65 25 2 13 56% 8865 100845 6771 12%
c - 12546.07 144 52 190 2810 363986 2 99279880 152537 2.6 65 25 2 13 56% 8865 100845 6771 12%
c - 12554.65 139 49 190 2811 364263 2 99332892 151625 2.6 65 25 2 13 57% 8865 100845 6771 12%
c - 12562.54 143 50 190 2812 364527 2 99385911 155941 2.7 64 24 2 13 56% 8865 100845 6771 12%
c - 12571.43 143 51 190 2813 364912 2 99438940 158986 2.6 65 25 2 13 55% 8866 100845 6771 12%
c o 12573.36 139 51 190 2813 364990 2 99451987 170761 2.6 64 25 2 13 56% 8866 100845 6771 12%
c - 12580.33 138 53 190 2814 365247 2 99491977 158958 2.6 65 25 2 13 56% 8866 100845 6771 12%
c - 12588.13 137 52 190 2815 365504 2 99545024 161041 2.6 63 24 2 13 55% 8868 100845 6771 12%
c s 12591.96 137 49 190 2815 365630 2 99569862 183231 2.6 63 24 2 13 56% 8868 100843 6771 12%
c - 12596.78 141 49 190 2816 365811 2 99598080 159848 2.6 62 24 2 13 56% 8868 100843 6771 12%
c - 12605.20 142 50 190 2817 366115 2 99651146 160208 2.6 64 24 2 13 56% 8868 100843 6771 12%
c - 12613.07 141 54 190 2818 366476 2 99704221 164281 2.6 63 24 2 13 55% 8868 100843 6771 12%
c u 12621.10 143 53 190 2818 366746 2 99742663 190002 2.6 63 24 2 13 55% 8870 100843 6771 12%
c v 12627.51 152 53 190 2818 366746 2 99742663 162413 2.6 63 24 2 13 55% 8870 100843 6771 12%
c w 12630.68 160 53 190 2818 366746 2 99742663 161160 2.6 63 24 2 13 55% 8870 100843 6771 12%
c
c   seconds     switched         rate             size/glue  tier1     binary         remaining
c            MB     reductions      conflicts           size   tier2      irredundant
c             level        restarts         redundant      glue    trail         variables
c
c t 12630.70 160 53 190 2818 366746 2 99742663 161160 2.6 63 24 2 13 55% 8868 100843 6771 12%
c - 12632.98 142 53 190 2819 366832 2 99757307 132479 2.6 63 25 2 13 55% 8868 100843 6771 12%
c - 12640.03 143 53 190 2820 367103 2 99810402 138832 2.6 62 24 2 13 55% 8868 100843 6771 12%
c - 12647.70 140 51 190 2821 367446 2 99863505 143792 2.6 63 24 2 13 56% 8868 100843 6771 12%
c - 12655.81 136 48 190 2822 367765 2 99916622 144403 2.6 64 25 2 13 57% 8868 100843 6771 12%
c - 12664.26 142 49 190 2823 368127 2 99969744 146715 2.5 63 25 2 13 57% 8868 100843 6771 12%
c - 12671.91 144 52 190 2824 368463 2 100022877 150833 2.6 63 25 2 13 56% 8868 100843 6771 12%
c - 12680.23 143 48 190 2825 368756 2 100076018 151862 2.5 62 25 2 13 58% 8868 100843 6771 12%
c } 12685.19 142 48 191 2825 368969 2 100107764 180234 2.5 62 25 2 13 58% 8868 100843 6771 12%
c [ 12685.19 142 51 191 2825 368969 1 100107764 180234 2.2 81 37 1 21 59% 8868 100843 6771 12%
c W 12685.36 153 51 191 2825 368969 1 100107764 180234 2.2 81 37 1 21 59% 8868 100843 6771 12%
c - 12688.38 160 49 191 2826 368982 1 100129169 146964 2.3 80 35 1 21 59% 8868 100843 6771 12%
c - 12695.92 157 45 191 2827 368999 1 100182330 134054 2.3 74 33 1 21 58% 8868 100843 6771 12%
c - 12703.99 92 44 191 2828 369022 1 100235501 116029 2.2 74 33 1 21 59% 8868 100843 6771 12%
c - 12711.70 104 43 191 2829 369031 1 100288679 109474 2.4 76 32 1 21 59% 8868 100843 6771 12%
c - 12719.88 104 44 191 2830 369050 1 100341867 105737 2.4 80 34 1 21 59% 8868 100843 6771 12%
c - 12726.81 105 46 191 2831 369069 1 100395064 105923 2.3 78 34 1 21 58% 8868 100843 6771 12%
c - 12733.89 104 46 191 2832 369092 1 100448272 106582 2.3 77 34 1 21 59% 8868 100843 6771 12%
c - 12740.74 106 46 191 2833 369095 1 100501488 105273 2.3 77 34 1 21 59% 8868 100843 6771 12%
c - 12748.15 103 45 191 2834 369095 1 100554714 102355 2.3 77 34 1 21 59% 8868 100843 6771 12%
c
c   seconds     switched         rate              size/glue  tier1     binary         remaining
c            MB     reductions       conflicts           size   tier2      irredundant
c             level        restarts          redundant      glue    trail         variables
c
c - 12756.14 105 48 191 2835 369116 1 100607950 103526 2.2 79 36 1 21 60% 8868 100843 6771 12%
c - 12763.32 103 50 191 2836 369133 1 100661194 104876 2.1 80 38 1 21 59% 8868 100843 6771 12%
c - 12771.07 103 50 191 2837 369156 1 100714449 103394 2.1 79 37 1 21 60% 8868 100843 6771 12%
c - 12778.30 106 51 191 2838 369161 1 100767712 103459 2.2 80 37 1 21 61% 8868 100843 6771 12%
c - 12785.37 104 49 191 2839 369187 1 100820984 104520 2.2 79 37 1 21 61% 8868 100843 6771 12%
c u 12792.96 103 47 191 2839 369203 1 100868921 139426 2.2 77 35 1 21 60% 8872 100843 6771 12%
c v 12794.54 108 47 191 2839 369203 1 100868921 129982 2.2 77 35 1 21 60% 8872 100843 6771 12%
c w 12805.67 130 47 191 2839 369203 1 100868921 120223 2.2 77 35 1 21 60% 8872 100843 6771 12%
c t 12805.69 130 47 191 2839 369203 1 100868921 120223 2.2 77 35 1 21 60% 8871 100843 6771 12%
c o 12805.69 130 47 191 2839 369203 1 100868921 120223 2.2 77 35 1 21 60% 8871 100843 6771 12%
c - 12806.39 102 50 191 2840 369204 1 100874267 93076 2.2 79 36 1 21 59% 8871 100843 6771 12%
c - 12812.88 100 52 191 2841 369220 1 100927558 98612 2.2 82 38 1 21 59% 8871 100843 6771 12%
c - 12819.75 104 54 191 2842 369222 1 100980859 93388 2.1 84 39 1 21 59% 8871 100843 6771 12%
c - 12827.46 105 58 191 2843 369223 1 101034171 92202 2.1 87 42 1 21 59% 8871 100843 6771 12%
c - 12835.78 104 61 191 2844 369223 1 101087491 92590 2.0 88 44 1 21 59% 8871 100843 6771 12%
c - 12843.95 101 60 191 2845 369223 1 101140825 94155 2.0 89 44 1 21 59% 8871 100843 6771 12%
c - 12852.68 103 63 191 2846 369241 1 101194165 95797 1.9 90 46 1 21 58% 8871 100843 6771 12%
c - 12860.07 106 61 191 2847 369260 1 101247512 98059 2.0 88 44 1 21 59% 8871 100843 6771 12%
c - 12867.79 105 56 191 2848 369284 1 101300873 100405 2.1 84 41 1 21 59% 8871 100843 6771 12%
c - 12874.79 106 51 191 2849 369286 1 101354241 100279 2.2 83 37 1 21 60% 8871 100843 6771 12%
c
c   seconds     switched         rate             size/glue  tier1     binary         remaining
c            MB     reductions       conflicts          size   tier2      irredundant
c             level        restarts          redundant     glue    trail         variables
c
c - 12882.59 104 51 191 2850 369314 1 101407621 96806 2.1 81 38 1 21 59% 8871 100843 6771 12%
c - 12889.30 103 47 191 2851 369331 1 101461006 96699 2.2 79 36 1 21 60% 8871 100843 6771 12%
c O 12893.73 102 44 191 2851 369347 1 101496778 125665 2.3 76 33 1 21 60% 8871 100843 6771 12%
c - 12895.66 105 42 191 2852 369348 1 101514402 102697 2.3 75 32 1 21 60% 8871 100843 6771 12%
c - 12902.86 105 41 191 2853 369350 1 101567807 103290 2.4 75 31 1 21 60% 8871 100843 6771 12%
c - 12910.66 106 38 191 2854 369354 1 101621220 101377 2.5 74 29 1 21 59% 8871 100843 6771 12%
c ] 12914.97 102 40 192 2854 369367 1 101651053 127383 2.5 75 31 1 21 59% 8871 100843 6771 12%
c { 12914.97 102 48 192 2854 369367 2 101651053 127383 2.5 62 25 2 13 58% 8871 100843 6771 12%
c - 12917.51 103 48 192 2855 369437 2 101674642 111873 2.6 62 24 2 13 57% 8871 100843 6771 12%
c - 12923.01 105 51 192 2856 369626 2 101728075 128175 2.8 63 22 2 13 56% 8871 100843 6771 12%
c - 12928.83 108 52 192 2857 369849 2 101781516 141243 3.1 65 21 2 13 56% 8871 100843 6771 12%
c - 12935.01 108 53 192 2858 370185 2 101834966 148177 3.1 64 21 2 13 54% 8871 100843 6771 12%
c - 12941.86 112 54 192 2859 370582 2 101888426 149772 3.0 64 21 2 13 52% 8871 100843 6771 12%
c - 12948.15 112 52 192 2860 370888 2 101941895 153679 3.0 61 20 2 13 51% 8871 100843 6771 12%
c - 12954.96 107 51 192 2861 371290 2 101995374 158387 3.0 61 20 2 13 50% 8871 100843 6771 12%
c u 12956.68 108 50 192 2861 371290 2 102002003 158972 3.0 59 20 2 13 48% 8873 100843 6771 12%
c v 12961.61 116 50 192 2861 371290 2 102002003 133321 3.0 59 20 2 13 48% 8873 100843 6771 12%
c w 12965.37 118 50 192 2861 371290 2 102002003 132702 3.0 59 20 2 13 48% 8873 100843 6771 12%
c t 12965.38 118 50 192 2861 371290 2 102002003 132702 3.0 59 20 2 13 48% 8871 100843 6771 12%
c - 12970.69 111 53 192 2862 371661 2 102048864 139408 3.0 60 20 2 13 48% 8871 100843 6771 12%
c
c   seconds     switched         rate              size/glue  tier1     binary         remaining
c            MB     reductions       conflicts           size   tier2      irredundant
c             level        restarts          redundant      glue    trail         variables
c
c - 12977.38 107 55 192 2863 372078 2 102102361 150302 2.9 60 20 2 13 50% 8871 100843 6771 12%
c - 12984.59 113 55 192 2864 372526 2 102155870 152530 2.9 61 21 2 13 50% 8872 100843 6771 12%
c - 12991.85 107 54 192 2865 372925 2 102209387 153924 2.9 61 21 2 13 51% 8872 100843 6771 12%
c o 12998.35 112 55 192 2865 373303 2 102259121 202223 2.9 62 21 2 13 50% 8872 100843 6771 12%
c - 12999.05 110 55 192 2866 373328 2 102262914 156573 2.9 62 21 2 13 50% 8872 100843 6771 12%
c - 13006.48 106 54 192 2867 373701 2 102316450 160131 2.9 62 21 2 13 50% 8872 100843 6771 12%
c - 13013.88 113 55 192 2868 374113 2 102369994 162308 2.9 62 21 2 13 50% 8872 100843 6771 12%
c - 13020.97 113 54 192 2869 374490 2 102423548 162894 3.0 63 21 2 13 51% 8872 100843 6771 12%
c - 13027.95 112 51 192 2870 374816 2 102477114 166219 3.0 62 21 2 13 52% 8872 100843 6771 12%
c - 13035.40 108 53 192 2871 375245 2 102530689 167950 3.0 63 21 2 13 52% 8872 100843 6771 12%
c - 13042.65 111 52 192 2872 375628 2 102584271 168279 3.0 65 21 2 13 52% 8873 100843 6771 12%
c - 13050.26 111 53 192 2873 376040 2 102637866 169588 2.9 64 22 2 13 52% 8873 100843 6771 12%
c - 13057.57 113 53 192 2874 376366 2 102691466 171963 2.9 63 21 2 13 52% 8874 100843 6771 12%
c - 13065.27 114 53 192 2875 376761 2 102745076 174085 2.9 63 22 2 13 52% 8875 100843 6771 12%
c - 13072.46 114 52 192 2876 377080 2 102798696 176458 3.0 63 21 2 13 52% 8875 100843 6771 12%
c - 13080.26 113 53 192 2877 377518 2 102852325 176630 3.0 64 22 2 13 52% 8877 100843 6771 12%
c - 13087.63 113 51 192 2878 377818 2 102905962 176986 3.0 63 21 2 13 51% 8878 100843 6771 12%
c s 13088.66 112 51 192 2878 377888 2 102913013 183877 2.9 63 21 2 13 51% 8878 100842 6771 12%
c - 13095.24 113 53 192 2879 378252 2 102959611 178167 2.9 63 22 2 13 51% 8878 100842 6771 12%
c - 13102.97 114 49 192 2880 378533 2 103013267 181833 3.0 62 21 2 13 52% 8878 100842 6771 12%
c
c   seconds     switched         rate              size/glue  tier1     binary         remaining
c            MB     reductions       conflicts           size   tier2      irredundant
c             level        restarts          redundant      glue    trail         variables
c
c - 13111.34 112 50 192 2881 378918 2 103066932 183528 3.0 63 21 2 13 52% 8878 100842 6771 12%
c - 13119.67 116 48 192 2882 379283 2 103120606 181254 2.9 62 21 2 13 53% 8879 100842 6771 12%
c u 13125.01 110 50 192 2882 379457 2 103141915 188313 2.9 63 21 2 13 53% 8881 100842 6771 12%
c v 13131.30 112 50 192 2882 379457 2 103141915 157087 2.9 63 21 2 13 53% 8882 100842 6771 12%
c w 13133.57 125 50 192 2882 379457 2 103141915 156890 2.9 63 21 2 13 53% 8882 100842 6771 12%
c t 13133.59 125 50 192 2882 379457 2 103141915 156890 2.9 63 21 2 13 53% 8879 100842 6771 12%
c - 13137.59 114 50 192 2883 379679 2 103174290 145556 2.9 63 22 2 13 52% 8879 100842 6771 12%
c - 13144.66 110 52 192 2884 380109 2 103227984 152965 2.9 63 22 2 13 51% 8879 100842 6771 12%
c } 13147.95 113 52 193 2884 380286 2 103253189 177125 2.9 62 22 2 13 52% 8879 100842 6771 12%
c [ 13147.95 113 40 193 2884 380286 1 103253189 177125 2.5 75 31 1 21 59% 8879 100842 6771 12%
c B 13147.95 113 40 193 2884 380286 1 103253189 177125 2.5 75 31 1 21 59% 8879 100842 6771 12%
c - 13151.21 112 42 193 2885 380300 1 103281686 149571 2.4 75 31 1 21 59% 8879 100842 6771 12%
c - 13158.11 93 44 193 2886 380317 1 103335398 129062 2.3 74 33 1 21 59% 8879 100842 6771 12%
c - 13164.77 102 46 193 2887 380345 1 103389119 108978 2.2 74 34 1 21 60% 8879 100842 6771 12%
c - 13171.87 104 48 193 2888 380348 1 103442850 104108 2.1 76 35 1 21 60% 8879 100842 6771 12%
c - 13179.44 103 44 193 2889 380372 1 103496590 105961 2.2 71 33 1 21 60% 8879 100842 6771 12%
c - 13187.25 101 42 193 2890 380391 1 103550339 109291 2.1 68 32 1 21 60% 8879 100842 6771 12%
c - 13196.16 103 41 193 2891 380410 1 103604098 106528 2.0 66 33 1 21 59% 8879 100842 6771 12%
c - 13204.01 101 39 193 2892 380412 1 103657868 111159 2.1 64 31 1 21 59% 8879 100842 6771 12%
c - 13212.32 104 42 193 2893 380412 1 103711646 113839 2.1 68 33 1 21 59% 8879 100842 6771 12%
c
c   seconds     switched         rate              size/glue  tier1     binary         remaining
c            MB     reductions       conflicts           size   tier2      irredundant
c             level        restarts          redundant      glue    trail         variables
c
c o 13214.58 102 43 193 2893 380422 1 103726789 126798 2.1 69 33 1 21 59% 8879 100842 6771 12%
c - 13220.10 90 56 193 2894 380440 1 103765432 106547 1.9 79 42 1 21 58% 8879 100842 6771 12%
c - 13227.76 103 51 193 2895 380458 1 103819231 106904 2.1 78 38 1 21 59% 8879 100842 6771 12%
c - 13234.93 101 55 193 2896 380474 1 103873036 105045 2.1 82 40 1 21 59% 8879 100842 6771 12%
c - 13242.87 105 62 193 2897 380487 1 103926850 103582 2.0 87 44 1 21 59% 8879 100842 6771 12%
c - 13250.12 103 58 193 2898 380506 1 103980679 102833 1.9 82 42 1 21 59% 8879 100842 6771 12%
c - 13256.58 106 54 193 2899 380528 1 104034512 104907 2.1 81 40 1 21 60% 8879 100842 6771 12%
c - 13263.78 102 50 193 2900 380538 1 104088356 106583 2.1 79 37 1 21 59% 8879 100842 6771 12%
c - 13271.13 104 48 193 2901 380539 1 104142209 107748 2.2 79 36 1 21 59% 8879 100842 6771 12%
c - 13279.34 106 50 193 2902 380540 1 104196069 109366 2.2 82 37 1 21 59% 8879 100842 6771 12%
c - 13288.08 106 53 193 2903 380540 1 104249941 106034 2.1 83 40 1 21 58% 8879 100842 6771 12%
c u 13295.59 104 55 193 2903 380540 1 104288652 133800 2.0 84 41 1 21 58% 8882 100842 6771 12%
c v 13296.84 108 55 193 2903 380540 1 104288652 124319 2.0 84 41 1 21 58% 8882 100842 6771 12%
c w 13303.66 131 55 193 2903 380540 1 104288652 120459 2.0 84 41 1 21 58% 8882 100842 6771 12%
c x 13305.44 145 55 193 2903 380540 1 104288652 120445 2.0 84 41 1 21 58% 8892 100786 6771 12%
c t 13305.45 145 55 193 2903 380540 1 104288652 120445 2.0 84 41 1 21 58% 8889 100786 6771 12%
c - 13307.65 159 56 193 2904 380542 1 104303821 93471 2.0 84 42 1 21 58% 8889 100786 6771 12%
c - 13314.79 167 54 193 2905 380569 1 104357710 97890 2.0 81 40 1 21 58% 8889 100786 6771 12%
c - 13322.40 177 51 193 2906 380586 1 104411609 97396 2.1 80 39 1 21 59% 8889 100786 6771 12%
c - 13330.44 184 49 193 2907 380602 1 104465517 99392 2.1 78 38 1 21 58% 8889 100786 6771 12%
c
c   seconds     switched         rate              size/glue  tier1     binary         remaining
c            MB     reductions       conflicts           size   tier2      irredundant
c             level        restarts          redundant      glue    trail         variables
c
c - 13338.88 150 47 193 2908 380616 1 104519434 100072 2.1 76 36 1 21 57% 8889 100786 6771 12%
c - 13347.09 158 48 193 2909 380634 1 104573362 100917 2.1 76 37 1 21 58% 8889 100786 6771 12%
c - 13356.35 173 48 193 2910 380657 1 104627298 101320 2.1 76 37 1 21 58% 8889 100786 6771 12%
c W 13363.94 136 45 193 2910 380666 1 104674052 138744 2.1 75 36 1 21 58% 8889 100786 6771 12%
c - 13364.91 140 45 193 2911 380666 1 104681242 103747 2.1 75 35 1 21 58% 8889 100786 6771 12%
c ] 13365.56 140 46 194 2911 380666 1 104686646 108509 2.1 75 35 1 21 58% 8889 100786 6771 12%
c { 13365.56 140 52 194 2911 380666 2 104686646 108509 2.9 62 22 2 13 52% 8889 100786 6771 12%
c - 13370.93 145 41 194 2912 380672 2 104735197 133568 3.2 64 20 2 13 55% 8889 100786 6771 12%
c - 13378.18 157 33 194 2913 380672 1 104789159 156734 3.4 65 19 2 13 57% 8889 100786 6771 12%
c - 13386.69 191 28 194 2914 380682 1 104843132 167890 3.5 64 18 2 13 59% 8889 100786 6771 12%
c - 13391.81 206 25 194 2915 380695 1 104897113 172227 3.7 64 17 2 13 54% 8889 100786 6771 12%
c - 13396.55 212 23 194 2916 380697 1 104951104 166137 3.9 63 16 2 13 50% 8889 100786 6771 12%
c - 13401.71 170 21 194 2917 380702 1 105005104 162101 3.9 62 16 2 13 47% 8889 100786 6771 12%
c - 13406.88 181 20 194 2918 380728 1 105059114 163152 3.7 57 16 2 13 45% 8889 100786 6771 12%
c - 13411.05 196 20 194 2919 380742 1 105113133 166845 3.9 58 15 2 13 44% 8890 100786 6771 12%
c o 13412.97 205 20 194 2919 380754 1 105138693 192228 4.4 65 15 2 13 44% 8890 100786 6771 12%
c - 13414.81 214 21 194 2920 380763 1 105167160 170037 4.8 68 14 2 13 43% 8890 100786 6771 12%
c - 13419.63 241 21 194 2921 380804 1 105221198 173548 5.2 70 13 2 13 47% 8891 100786 6771 12%
c - 13424.42 305 22 194 2922 380956 1 105275244 174345 5.2 67 13 2 13 47% 8894 100786 6771 12%
c - 13429.13 361 23 194 2923 381092 1 105329299 176484 5.1 62 12 2 13 48% 8895 100786 6771 12%
c
c   seconds     switched         rate              size/glue  tier1     binary         remaining
c            MB     reductions       conflicts           size   tier2      irredundant
c             level        restarts          redundant      glue    trail         variables
c
c - 13434.44 438 24 194 2924 381385 1 105383363 179206 4.9 58 12 2 13 47% 8895 100786 6771 12%
c - 13437.60 445 26 194 2925 381521 1 105437437 182029 4.4 48 11 2 13 40% 8898 100786 6771 12%
c u 13439.11 442 25 194 2925 381521 1 105442212 180355 4.3 46 11 2 13 39% 8906 100786 6771 12%
c v 13445.27 455 25 194 2925 381521 1 105442212 174091 4.3 46 11 2 13 39% 8906 100786 6771 12%
c w 13447.01 456 25 194 2925 381521 1 105442212 174036 4.3 46 11 2 13 39% 8906 100786 6771 12%
c t 13447.03 456 25 194 2925 381521 1 105442212 174036 4.3 46 11 2 13 39% 8902 100786 6771 12%
c - 13451.93 445 26 194 2926 381943 1 105491520 173504 4.3 47 11 2 13 41% 8904 100786 6771 12%
c - 13457.88 444 27 194 2927 382449 1 105545612 179840 4.3 49 11 2 13 43% 8906 100786 6771 12%
c - 13462.13 445 25 194 2928 382745 1 105599713 182937 4.0 43 11 2 13 38% 8909 100786 6771 12%
c - 13466.47 444 25 194 2929 383065 1 105653823 185643 4.0 42 11 2 13 39% 8911 100786 6771 12%
c - 13472.50 442 26 194 2930 383635 1 105707943 189355 4.2 46 11 2 13 42% 8917 100785 6771 12%
c - 13474.53 443 22 194 2931 383679 1 105762072 190726 3.6 35 10 2 13 32% 8918 100785 6771 12%
c - 13480.39 445 25 194 2932 384289 1 105816210 192031 3.9 41 11 2 13 36% 8918 100785 6771 12%
c - 13486.34 444 27 194 2933 384840 1 105870357 194272 4.0 45 11 2 13 40% 8919 100785 6771 12%
c - 13492.04 443 27 194 2934 385255 1 105924514 198177 4.2 47 11 2 13 42% 8921 100785 6771 12%
c - 13498.16 442 28 194 2935 385734 1 105978680 201838 4.3 49 12 2 13 43% 8923 100785 6771 12%
c - 13504.40 446 27 194 2936 386178 1 106032855 203979 4.3 51 12 2 13 45% 8926 100785 6771 12%
c - 13510.34 446 26 194 2937 386553 1 106087040 205973 4.6 55 12 2 13 44% 8926 100785 6771 12%
c - 13515.22 444 27 194 2938 386832 1 106141234 208070 4.5 50 11 2 13 43% 8929 100785 6771 12%
c - 13521.51 385 26 194 2939 387272 1 106195437 209366 4.4 50 11 2 13 44% 8929 100785 6771 12%
c
c   seconds     switched         rate              size/glue  tier1     binary         remaining
c            MB     reductions       conflicts           size   tier2      irredundant
c             level        restarts          redundant      glue    trail         variables
c
c - 13527.18 384 26 194 2940 387642 1 106249650 210748 4.5 50 11 2 13 46% 8929 100785 6771 12%
c - 13533.55 261 26 194 2941 388093 1 106303871 211980 4.3 49 11 2 13 45% 8930 100785 6771 12%
c } 13534.25 262 24 195 2941 388105 1 106318699 226312 4.1 47 11 2 13 44% 8930 100785 6771 12%
c [ 13534.25 262 46 195 2941 388105 1 106318699 226312 2.1 75 35 1 21 58% 8930 100785 6771 12%
c I 13534.25 262 46 195 2941 388105 1 106318699 226312 2.1 75 35 1 21 58% 8930 100785 6771 12%
c s 13534.50 263 47 195 2941 388106 1 106320638 228184 2.1 76 36 1 21 58% 8931 100774 6771 12%
c e 13534.52 263 47 195 2941 388106 1 106320638 228184 2.1 76 36 1 21 58% 8928 100789 6770 12%
c s 13534.52 263 47 195 2941 388106 1 106320638 228184 2.1 76 36 1 21 58% 8928 100779 6770 12%
c - 13539.47 164 56 195 2942 388125 1 106358101 185474 2.0 80 40 1 21 57% 8928 100779 6770 12%
c - 13546.97 173 57 195 2943 388142 1 106412341 142470 2.0 82 41 1 21 57% 8928 100779 6770 12%
c - 13554.34 183 53 195 2944 388166 1 106466591 122813 2.0 78 39 1 21 58% 8928 100779 6770 12%
c - 13562.05 147 50 195 2945 388172 1 106520849 118368 2.0 75 37 1 21 58% 8928 100779 6770 12%
c - 13569.73 155 49 195 2946 388197 1 106575116 117241 2.0 75 37 1 21 58% 8928 100779 6770 12%
c u 13575.25 177 48 195 2946 388202 1 106602603 120507 2.1 75 36 1 21 58% 8941 100779 6770 12%
c v 13576.45 179 48 195 2946 388202 1 106602603 107551 2.1 75 36 1 21 58% 8943 100779 6770 12%
c w 13582.95 192 48 195 2946 388202 1 106602603 102344 2.1 75 36 1 21 58% 8943 100779 6770 12%
c t 13582.96 143 48 195 2946 388202 1 106602603 102344 2.1 75 36 1 21 58% 8927 100779 6770 12%
c o 13582.97 143 48 195 2946 388202 1 106602603 102344 2.1 75 36 1 21 58% 8927 100779 6770 12%
c - 13586.10 159 62 195 2947 388213 1 106629394 92171 1.9 83 44 1 21 58% 8927 100779 6770 12%
c - 13592.72 166 59 195 2948 388230 1 106683680 96939 2.0 83 42 1 21 58% 8927 100779 6770 12%
c
c   seconds     switched         rate             size/glue  tier1     binary         remaining
c            MB     reductions       conflicts          size   tier2      irredundant
c             level        restarts          redundant     glue    trail         variables
c
c - 13600.00 173 54 195 2949 388231 1 106737976 96399 2.1 84 39 1 21 58% 8927 100779 6770 12%
c - 13608.38 187 54 195 2950 388240 1 106792280 97822 2.1 85 40 1 21 58% 8927 100779 6770 12%
c - 13615.77 145 51 195 2951 388262 1 106846594 98750 2.1 81 38 1 21 59% 8927 100779 6770 12%
c - 13622.92 154 49 195 2952 388283 1 106900920 100292 2.1 77 37 1 21 59% 8927 100779 6770 12%
c - 13630.19 159 49 195 2953 388294 1 106955253 99571 2.1 77 37 1 21 60% 8927 100779 6770 12%
c - 13637.38 167 49 195 2954 388311 1 107009596 99902 2.1 78 37 1 21 60% 8927 100779 6770 12%
c - 13643.98 123 51 195 2955 388331 1 107063950 102238 2.1 79 38 1 21 60% 8927 100779 6770 12%
c - 13650.49 129 54 195 2956 388355 1 107118310 100033 2.0 80 39 1 21 60% 8927 100779 6770 12%
c - 13656.54 137 58 195 2957 388358 1 107172679 96772 1.9 81 43 1 21 58% 8927 100779 6770 12%
c - 13662.82 143 59 195 2958 388358 1 107227057 93085 1.9 82 44 1 21 57% 8927 100779 6770 12%
c - 13669.82 151 60 195 2959 388359 1 107281445 94836 1.8 83 45 1 21 56% 8927 100779 6770 12%
c - 13677.01 159 60 195 2960 388359 1 107335843 96066 1.9 84 44 1 21 57% 8927 100779 6770 12%
c - 13684.78 167 57 195 2961 388373 1 107390252 98425 1.9 82 43 1 21 58% 8927 100779 6770 12%
c - 13692.03 175 50 195 2962 388390 1 107444667 101561 2.0 78 38 1 21 57% 8927 100779 6770 12%
c ] 13695.93 176 47 196 2962 388404 1 107474211 125950 2.1 76 36 1 21 58% 8927 100779 6770 12%
c { 13695.93 176 24 196 2962 388404 1 107474211 125950 4.1 47 11 2 13 44% 8927 100779 6770 12%
c - 13699.78 179 35 196 2963 388838 2 107499091 108301 3.3 51 15 2 13 46% 8927 100779 6770 12%
c - 13707.40 211 52 196 2964 389658 2 107553524 124688 2.7 56 21 2 13 49% 8928 100779 6770 12%
c - 13714.71 212 60 196 2965 390211 2 107607966 137060 2.7 60 22 2 13 51% 8928 100779 6770 12%
c - 13722.63 156 59 196 2966 390670 2 107662417 144006 2.7 63 23 2 13 53% 8928 100779 6770 12%
c
c   seconds     switched         rate              size/glue  tier1     binary         remaining
c            MB     reductions       conflicts           size   tier2      irredundant
c             level        restarts          redundant      glue    trail         variables
c
c - 13729.69 158 57 196 2967 390996 2 107716877 147201 2.7 64 23 2 13 54% 8928 100779 6770 12%
c u 13738.81 106 59 196 2967 391372 2 107769845 189623 2.7 64 24 2 13 54% 8934 100779 6770 12%
c v 13745.28 108 59 196 2967 391372 2 107769845 164590 2.7 64 24 2 13 54% 8935 100779 6770 12%
c w 13749.33 126 59 196 2967 391372 2 107769845 163624 2.7 64 24 2 13 54% 8935 100779 6770 12%
c t 13749.36 126 59 196 2967 391372 2 107769845 163624 2.7 64 24 2 13 54% 8932 100779 6770 12%
c - 13749.58 109 59 196 2968 391377 2 107771348 125451 2.7 64 24 2 13 54% 8932 100779 6770 12%
c - 13757.01 110 58 196 2969 391748 2 107825830 131425 2.7 65 24 2 13 55% 8932 100779 6770 12%
c - 13764.71 111 54 196 2970 392073 2 107880319 136898 2.7 64 24 2 13 55% 8932 100779 6770 12%
c - 13772.23 104 54 196 2971 392367 2 107934817 142328 2.7 64 23 2 13 55% 8932 100779 6770 12%
c - 13780.90 112 53 196 2972 392748 2 107989323 143850 2.7 65 24 2 13 55% 8932 100779 6770 12%
c o 13787.36 112 52 196 2972 393001 2 108033035 184031 2.7 64 24 2 13 56% 8932 100779 6770 12%
c - 13788.56 106 51 196 2973 393030 2 108043839 146173 2.7 63 23 2 13 55% 8932 100779 6770 12%
c - 13797.10 108 51 196 2974 393374 2 108098364 149174 2.7 63 23 2 13 55% 8932 100779 6770 12%
c - 13805.38 113 55 196 2975 393750 2 108152900 151525 2.8 65 24 2 13 55% 8932 100779 6770 12%
c - 13813.28 114 53 196 2976 394065 2 108207446 153245 2.8 64 23 2 13 56% 8932 100779 6770 12%
c - 13821.43 112 56 196 2977 394445 2 108262001 153876 2.7 64 24 2 13 55% 8932 100779 6770 12%
c - 13829.33 110 53 196 2978 394651 2 108316565 155991 2.7 62 23 2 13 55% 8932 100779 6770 12%
c - 13838.69 114 53 196 2979 395088 2 108371137 155714 2.7 64 24 2 13 55% 8933 100779 6770 12%
c - 13847.33 112 53 196 2980 395437 2 108425718 153640 2.7 65 24 2 13 55% 8933 100779 6770 12%
c - 13855.51 114 49 196 2981 395704 2 108480311 154716 2.7 64 24 2 13 55% 8933 100779 6770 12%
c
c   seconds     switched         rate              size/glue  tier1     binary         remaining
c            MB     reductions       conflicts           size   tier2      irredundant
c             level        restarts          redundant      glue    trail         variables
c
c - 13864.38 111 53 196 2982 396114 2 108534910 155798 2.7 65 24 2 13 55% 8933 100779 6770 12%
c - 13872.92 113 50 196 2983 396398 2 108589520 156476 2.7 65 24 2 13 56% 8933 100779 6770 12%
c - 13881.25 113 51 196 2984 396680 2 108644138 159216 2.8 66 24 2 13 56% 8933 100779 6770 12%
c - 13889.82 113 54 196 2985 396975 2 108698765 163259 2.8 66 23 2 13 55% 8934 100779 6770 12%
c - 13898.53 111 53 196 2986 397290 2 108753405 163790 2.8 65 24 2 13 54% 8934 100779 6770 12%
c - 13908.24 114 52 196 2987 397666 2 108808049 162525 2.7 64 24 2 13 54% 8934 100779 6770 12%
c - 13916.49 114 51 196 2988 397971 2 108862704 164046 2.7 65 24 2 13 55% 8934 100779 6770 12%
c - 13924.99 107 48 196 2989 398273 2 108917367 165318 2.8 65 24 2 13 56% 8934 100779 6770 12%
c u 13931.03 112 49 196 2989 398470 2 108943939 180298 2.7 66 24 2 13 56% 8944 100779 6770 12%
c v 13937.69 121 49 196 2989 398470 2 108943939 156849 2.7 66 24 2 13 56% 8944 100779 6770 12%
c w 13941.70 127 49 196 2989 398470 2 108943939 155468 2.7 66 24 2 13 56% 8944 100779 6770 12%
c t 13941.72 127 49 196 2989 398470 2 108943939 155468 2.7 66 24 2 13 56% 8932 100779 6770 12%
c - 13945.44 114 49 196 2990 398579 2 108972040 137315 2.7 64 24 2 13 56% 8932 100779 6770 12%
c - 13953.16 113 45 196 2991 398772 2 109026720 145138 2.7 62 23 2 13 55% 8932 100779 6770 12%
c - 13961.17 112 48 196 2992 399114 2 109081411 151968 2.7 62 23 2 13 55% 8932 100779 6770 12%
c - 13969.30 114 50 196 2993 399490 2 109136110 154626 2.7 61 23 2 13 54% 8932 100779 6770 12%
c } 13969.36 107 50 197 2993 399492 2 109136409 154914 2.7 61 23 2 13 54% 8932 100779 6770 12%
c [ 13969.36 107 47 197 2993 399492 1 109136409 154914 2.1 76 36 1 21 58% 8932 100779 6770 12%
c B 13969.36 107 47 197 2993 399492 1 109136409 154914 2.1 76 36 1 21 58% 8932 100779 6770 12%
c - 13976.32 118 52 197 2994 399520 1 109190819 139362 2.1 82 38 1 21 58% 8932 100779 6770 12%
c
c   seconds    switched         rate              size/glue  tier1     binary         remaining
c           MB     reductions       conflicts           size   tier2      irredundant
c            level        restarts          redundant      glue    trail         variables
c
c - 13983.97 90 52 197 2995 399537 1 109245537 103124 2.2 84 38 1 21 58% 8932 100779 6770 12%
c - 13990.95 101 51 197 2996 399553 1 109300263 97522 2.2 83 38 1 21 59% 8932 100779 6770 12%
c - 13997.44 100 47 197 2997 399568 1 109354998 102102 2.3 79 35 1 21 59% 8932 100779 6770 12%
c - 14003.94 103 46 197 2998 399585 1 109409742 103203 2.3 78 34 1 21 59% 8932 100779 6770 12%
c - 14010.52 103 47 197 2999 399610 1 109464495 102069 2.3 77 34 1 21 60% 8932 100779 6770 12%
c - 14017.54 100 58 197 3000 399617 1 109519259 100848 2.0 82 41 1 21 60% 8932 100779 6770 12%
c - 14025.38 104 66 197 3001 399618 1 109574033 93601 1.8 85 48 1 21 59% 8932 100779 6770 12%
c - 14033.11 105 70 197 3002 399634 1 109628814 93093 1.7 87 50 1 21 59% 8932 100779 6770 12%
c o 14033.56 99 70 197 3002 399637 1 109632649 96501 1.7 86 50 1 21 59% 8932 100779 6770 12%
c - 14039.41 103 68 197 3003 399654 1 109683605 96884 1.8 89 49 1 21 60% 8932 100779 6770 12%
c - 14045.86 101 63 197 3004 399679 1 109738405 94402 1.9 89 46 1 21 60% 8932 100779 6770 12%
c s 14052.40 105 62 197 3004 399682 1 109793051 142642 2.0 91 45 1 21 60% 8934 100776 6770 12%
c - 14052.46 106 62 197 3005 399682 1 109793214 94819 2.0 91 45 1 21 60% 8934 100776 6770 12%
c - 14059.92 100 55 197 3006 399710 1 109848032 97350 2.1 85 40 1 21 56% 8934 100776 6770 12%
c - 14067.32 103 56 197 3007 399727 1 109902859 100129 2.0 81 40 1 21 54% 8934 100776 6770 12%
c - 14074.74 105 56 197 3008 399744 1 109957696 100581 2.1 82 40 1 21 52% 8934 100776 6770 12%
c - 14082.80 91 74 197 3009 399745 1 110012542 99473 1.8 90 50 1 21 53% 8934 100776 6770 12%
c - 14090.41 105 83 197 3010 399746 1 110067397 93130 1.7 92 54 1 21 52% 8934 100776 6770 12%
c - 14098.38 103 86 197 3011 399746 1 110122261 93843 1.7 93 55 1 21 50% 8934 100776 6770 12%
c u 14099.99 101 86 197 3011 399746 1 110124884 90486 1.7 93 55 1 21 51% 8940 100776 6770 12%
c
c   seconds     switched         rate             size/glue  tier1     binary         remaining
c            MB     reductions       conflicts          size   tier2      irredundant
c             level        restarts          redundant     glue    trail         variables
c
c v 14100.64 102 86 197 3011 399746 1 110124884 82230 1.7 93 55 1 21 51% 8940 100776 6770 12%
c w 14101.93 105 86 197 3011 399746 1 110124884 81020 1.7 93 55 1 21 51% 8940 100776 6770 12%
c t 14101.94 105 86 197 3011 399746 1 110124884 81020 1.7 93 55 1 21 51% 8936 100776 6770 12%
c - 14109.62 104 82 197 3012 399746 1 110177133 85165 1.7 91 53 1 21 50% 8936 100776 6770 12%
c - 14117.01 105 74 197 3013 399769 1 110232014 90086 1.7 86 49 1 21 51% 8936 100776 6770 12%
c - 14124.84 102 65 197 3014 399790 1 110286904 89804 1.7 79 45 1 21 51% 8936 100776 6770 12%
c - 14133.16 105 58 197 3015 399808 1 110341807 89700 1.8 74 41 1 21 51% 8936 100776 6770 12%
c - 14141.33 102 54 197 3016 399818 1 110396720 93724 1.8 69 39 1 21 52% 8936 100776 6770 12%
c - 14149.81 105 57 197 3017 399840 1 110451638 97021 1.8 73 41 1 21 52% 8936 100776 6770 12%
c - 14155.25 101 63 197 3018 399862 1 110506566 100492 1.9 79 42 1 21 49% 8936 100776 6770 12%
c - 14159.65 103 71 197 3019 399872 1 110561503 97571 1.7 81 47 1 21 43% 8936 100776 6770 12%
c W 14163.64 115 76 197 3019 399873 1 110605493 137590 1.7 83 49 1 21 41% 8936 100776 6770 12%
c - 14164.50 119 74 197 3020 399873 1 110616448 91978 1.8 83 48 1 21 40% 8936 100776 6770 12%
c - 14169.41 128 65 197 3021 399888 1 110671406 92239 1.9 82 44 1 21 39% 8936 100776 6770 12%
c - 14173.58 132 61 197 3022 399904 1 110726369 91581 1.9 79 42 1 21 38% 8936 100776 6770 12%
c - 14177.81 136 58 197 3023 399933 1 110781341 90795 1.9 77 41 1 21 38% 8936 100776 6770 12%
c - 14182.14 140 60 197 3024 399936 1 110836322 87563 1.8 76 43 1 21 37% 8936 100776 6770 12%
c - 14187.32 146 61 197 3025 399961 1 110891312 83297 1.8 77 44 1 21 37% 8936 100776 6770 12%
c ] 14188.17 146 60 198 3025 399966 1 110902656 92937 1.8 77 43 1 21 37% 8936 100776 6770 12%
c { 14188.17 146 50 198 3025 399966 2 110902656 92937 2.7 61 23 2 13 54% 8936 100776 6770 12%
c
c   seconds     switched         rate              size/glue  tier1     binary         remaining
c            MB     reductions       conflicts           size   tier2      irredundant
c             level        restarts          redundant      glue    trail         variables
c
c - 14191.55 159 49 198 3026 399998 2 110946314 110421 2.9 56 20 2 13 49% 8937 100776 6770 12%
c - 14195.48 178 54 198 3027 400100 2 111001326 147997 2.8 47 17 2 13 42% 8938 100776 6770 12%
c - 14199.70 231 59 198 3028 400266 2 111056344 163524 2.6 40 15 2 13 36% 8938 100776 6770 12%
c o 14201.72 255 59 198 3028 400380 2 111083032 189209 2.7 39 15 2 13 36% 8938 100776 6770 12%
c - 14203.92 283 61 198 3029 400523 2 111111372 170917 2.6 37 14 2 13 35% 8938 100776 6770 12%
c - 14208.35 355 60 198 3030 400816 2 111166409 176609 2.6 35 13 2 13 33% 8939 100776 6770 12%
c - 14212.97 419 60 198 3031 401178 2 111221455 180946 2.5 32 13 2 13 31% 8940 100776 6770 12%
c - 14217.65 419 61 198 3032 401605 3 111276513 185258 2.4 31 13 2 13 30% 8942 100776 6770 12%
c u 14222.58 496 62 198 3032 401869 3 111312691 206320 2.4 30 13 2 13 30% 8947 100776 6770 12%
c v 14227.45 504 62 198 3032 401869 3 111312691 199705 2.4 30 13 2 13 30% 8947 100776 6770 12%
c w 14228.94 505 62 198 3032 401869 3 111312691 199433 2.4 30 13 2 13 30% 8947 100776 6770 12%
c t 14228.96 365 62 198 3032 401869 3 111312691 199433 2.4 30 13 2 13 30% 8942 100776 6770 12%
c - 14230.72 370 63 198 3033 402025 3 111331577 170837 2.4 30 13 2 13 30% 8942 100776 6770 12%
c - 14235.63 374 64 198 3034 402512 3 111386649 176468 2.4 30 13 2 13 30% 8942 100776 6770 12%
c - 14240.39 199 63 198 3035 402922 3 111441731 181635 2.3 30 13 2 13 30% 8942 100776 6770 12%
c - 14245.15 200 63 198 3036 403324 3 111496821 185642 2.3 29 12 2 13 29% 8942 100776 6770 12%
c - 14249.86 112 62 198 3037 403766 3 111551920 188213 2.3 29 12 2 13 29% 8944 100776 6770 12%
c - 14254.84 112 63 198 3038 404192 3 111607030 191310 2.3 29 12 2 13 29% 8944 100776 6770 12%
c - 14259.77 106 62 198 3039 404619 3 111662152 194329 2.4 30 12 2 13 29% 8948 100776 6770 12%
c - 14264.84 113 61 198 3040 405042 3 111717279 196920 2.4 29 12 2 13 29% 8948 100776 6770 12%
c
c   seconds     switched         rate              size/glue  tier1     binary         remaining
c            MB     reductions       conflicts           size   tier2      irredundant
c             level        restarts          redundant      glue    trail         variables
c
c - 14269.86 106 60 198 3041 405473 3 111772415 199383 2.4 29 12 2 13 29% 8948 100776 6770 12%
c - 14275.19 110 63 198 3042 405925 3 111827564 201616 2.4 30 13 2 13 30% 8948 100776 6770 12%
c - 14280.28 110 63 198 3043 406369 3 111882719 203876 2.4 30 13 2 13 30% 8950 100776 6770 12%
c - 14285.77 110 63 198 3044 406834 3 111937885 205912 2.4 30 13 2 13 30% 8953 100776 6770 12%
c - 14291.28 113 64 198 3045 407315 3 111993061 207805 2.4 31 13 2 13 31% 8953 100776 6770 12%
c - 14296.08 110 62 198 3046 407685 3 112048242 210642 2.4 30 12 2 13 30% 8954 100776 6770 12%
c - 14301.09 112 61 198 3047 408133 3 112103433 213482 2.4 30 12 2 13 29% 8954 100776 6770 12%
c - 14306.37 113 62 198 3048 408609 3 112158632 214934 2.4 30 13 2 13 29% 8956 100776 6770 12%
c - 14311.75 114 64 198 3049 409063 3 112213840 216289 2.4 30 13 2 13 30% 8956 100776 6770 12%
c - 14316.83 113 62 198 3050 409490 3 112269058 218059 2.4 30 13 2 13 29% 8957 100776 6770 12%
c - 14322.32 111 62 198 3051 409894 3 112324284 220343 2.4 30 13 2 13 30% 8958 100776 6770 12%
c - 14328.27 106 64 198 3052 410359 3 112379519 221933 2.4 30 13 2 13 30% 8959 100776 6770 12%
c - 14333.92 110 63 198 3053 410804 3 112434764 223530 2.5 31 13 2 13 30% 8959 100776 6770 12%
c - 14339.73 114 62 198 3054 411262 3 112490017 225779 2.4 31 13 2 13 30% 8959 100776 6770 12%
c u 14344.30 141 62 198 3054 411422 3 112507366 214345 2.4 31 13 2 13 30% 8967 100776 6770 12%
c v 14347.73 151 62 198 3054 411422 3 112507366 210087 2.4 31 13 2 13 30% 8968 100776 6770 12%
c w 14349.13 154 62 198 3054 411422 3 112507366 209899 2.4 31 13 2 13 30% 8968 100776 6770 12%
c t 14363.07 158 62 198 3054 411422 3 112507366 209899 2.4 31 13 2 13 30% 8958 100776 6770 12%
c caught signal 15 (SIGTERM)
c
c ---- [ profiling ] ---------------------------------------------------------
c
c       13145.81   91.52 %  search
c        6804.60   47.37 %  focused
c        6341.20   44.15 %  stable
c        1218.02    8.48 %  simplify
c        1205.32    8.39 %  probe
c        1099.99    7.66 %  vivify
c          93.77    0.65 %  sweep
c          47.46    0.33 %  reduce
c           8.53    0.06 %  walking
c           5.78    0.04 %  substitute
c           4.41    0.03 %  factor
c           4.28    0.03 %  eliminate
c           1.24    0.01 %  subsume
c           0.69    0.00 %  transitive
c           0.39    0.00 %  congruence
c           0.28    0.00 %  backbone
c           0.12    0.00 %  preprocess
c           0.02    0.00 %  parse
c           0.00    0.00 %  lucky
c =============================================
c       14363.96  100.00 %  total
c
c ---- [ statistics ] --------------------------------------------------------
c
c chronological:                        20423                0 %  conflicts
c conflicts:                        112516558             7833.25 per second
c congruent:                               78                0 %  variables
c decisions:                        190375007                1.69 per conflict
c eliminated:                           48173               87 %  variables
c factored:                               698                1 %  variables
c iterations:                              78                0 %  variables
c propagations:                   64823919042          4512954    per second
c reductions:                            3054            36842    interval
c reordered:                              146           770661    interval
c rephased:                               143           786829    interval
c restarts:                            411495              273    interval
c strengthened:                          9399                0 %  checks
c substituted:                            205                0 %  variables
c subsumed:                             28467                0 %  checks
c switched:                               198           568265    interval
c vivified:                           6893975               36 %  checks
c walks:                                   48          2344095    interval
c
c ---- [ glue usage ] --------------------------------------------------------
c
c focused glue 2    used  50172459 clauses  9.08% accumulated 58.30% tier1
c focused glue 3    used  36381034 clauses  6.58% accumulated 64.88%
c focused glue 4-11 used 129252091 clauses 23.39% accumulated 88.27%
c focused glue 12   used   6759003 clauses  1.22% accumulated 89.50%
c focused glue 13   used   5828840 clauses  1.05% accumulated 90.55% tier2
c
c stable glue 1    used 423175283 clauses 53.47% accumulated 53.47% tier1
c stable glue 2    used  56330543 clauses  7.12% accumulated 60.59%
c stable glue 3-19 used 223921806 clauses 28.30% accumulated 88.89%
c stable glue 20   used   5488883 clauses  0.69% accumulated 89.58%
c stable glue 21   used   5051652 clauses  0.64% accumulated 90.22% tier2
c
c ---- [ resources ] ---------------------------------------------------------
c
c maximum-resident-set-size:     620807323648 bytes     592048 MB
c process-time:                     3h 59m 24s           14363.96 seconds
c raising signal 15 (SIGTERM)
