✖ [8574/8583] Running Mathlib.Data.Nat.ModCast
error: no such file or directory (error code: 4294967294)
  file: /workspace/proofs/.lake/packages/mathlib/Mathlib/Data/Nat/ModCast.lean
✖ [8575/8583] Running Proofs.Erdos1073Problem
error: Proofs/Erdos1073Problem.lean: bad import 'Mathlib.Data.Nat.ModCast'
⚠ [8576/8615] Replayed Proofs.InfinitudePrimes4k3
warning: Proofs/InfinitudePrimes4k3.lean:103:21: `push_neg` has been deprecated. Prefer using `push Not` instead.
If you'd rather continue using `push_neg` in your project, you can implement it as follows:
```
open Lean.Parser.Tactic in
macro "push_neg" cfg:optConfig loc:(location)? : tactic =>
  `(tactic| push $cfg:optConfig Not $[$loc]?)
```
warning: Proofs/InfinitudePrimes4k3.lean:136:2: `push_neg` has been deprecated. Prefer using `push Not` instead.
If you'd rather continue using `push_neg` in your project, you can implement it as follows:
```
open Lean.Parser.Tactic in
macro "push_neg" cfg:optConfig loc:(location)? : tactic =>
  `(tactic| push $cfg:optConfig Not $[$loc]?)
```
warning: Proofs/InfinitudePrimes4k3.lean:172:2: `push_neg` has been deprecated. Prefer using `push Not` instead.
If you'd rather continue using `push_neg` in your project, you can implement it as follows:
```
open Lean.Parser.Tactic in
macro "push_neg" cfg:optConfig loc:(location)? : tactic =>
  `(tactic| push $cfg:optConfig Not $[$loc]?)
```
warning: Proofs/InfinitudePrimes4k3.lean:207:2: `push_neg` has been deprecated. Prefer using `push Not` instead.
If you'd rather continue using `push_neg` in your project, you can implement it as follows:
```
open Lean.Parser.Tactic in
macro "push_neg" cfg:optConfig loc:(location)? : tactic =>
  `(tactic| push $cfg:optConfig Not $[$loc]?)
```
info: Proofs/InfinitudePrimes4k3.lean:252:0: InfinitudePrimes4k3.infinitely_many_primes_3_mod_4 (n : ℕ) : ∃ p, Nat.Prime p ∧ p > n ∧ p % 4 = 3
info: Proofs/InfinitudePrimes4k3.lean:253:0: InfinitudePrimes4k3.primes_3_mod_4_infinite : {p | Nat.Prime p ∧ p % 4 = 3}.Infinite
info: Proofs/InfinitudePrimes4k3.lean:254:0: InfinitudePrimes4k3.no_largest_prime_3_mod_4 :
  ¬∃ p, Nat.Prime p ∧ p % 4 = 3 ∧ ∀ (q : ℕ), Nat.Prime q → q % 4 = 3 → q ≤ p
⚠ [8577/8615] Replayed Proofs.SzemerediTheorem
warning: Proofs/SzemerediTheorem.lean:98:4: `push_neg` has been deprecated. Prefer using `push Not` instead.
If you'd rather continue using `push_neg` in your project, you can implement it as follows:
```
open Lean.Parser.Tactic in
macro "push_neg" cfg:optConfig loc:(location)? : tactic =>
  `(tactic| push $cfg:optConfig Not $[$loc]?)
```
warning: Proofs/SzemerediTheorem.lean:94:30: This simp argument is unused:
  Set.mem_setOf_eq

Hint: Omit it from the simp argument list.
  simp only [Nat.one_mul,̵ ̵S̵e̵t̵.̵m̵e̵m̵_̵s̵e̵t̵O̵f̵_̵e̵q̵]

Note: This linter can be disabled with `set_option linter.unusedSimpArgs false`
warning: Proofs/SzemerediTheorem.lean:104:30: This simp argument is unused:
  Set.mem_setOf_eq

Hint: Omit it from the simp argument list.
  simp only [Nat.one_mul,̵ ̵S̵e̵t̵.̵m̵e̵m̵_̵s̵e̵t̵O̵f̵_̵e̵q̵]

Note: This linter can be disabled with `set_option linter.unusedSimpArgs false`
warning: Proofs/SzemerediTheorem.lean:241:6: `push_neg` has been deprecated. Prefer using `push Not` instead.
If you'd rather continue using `push_neg` in your project, you can implement it as follows:
```
open Lean.Parser.Tactic in
macro "push_neg" cfg:optConfig loc:(location)? : tactic =>
  `(tactic| push $cfg:optConfig Not $[$loc]?)
```
warning: Proofs/SzemerediTheorem.lean:239:19: This simp argument is unused:
  Set.mem_setOf_eq

Hint: Omit it from the simp argument list.
  simp only [̵S̵e̵t̵.̵m̵e̵m̵_̵s̵e̵t̵O̵f̵_̵e̵q̵,̵ ̵t̵h̵i̵s̵]̵[̲t̲h̲i̲s̲]̲

Note: This linter can be disabled with `set_option linter.unusedSimpArgs false`
warning: Proofs/SzemerediTheorem.lean:254:19: This simp argument is unused:
  Set.mem_setOf_eq

Hint: Omit it from the simp argument list.
  simp only [̵S̵e̵t̵.̵m̵e̵m̵_̵s̵e̵t̵O̵f̵_̵e̵q̵,̵ ̵t̵h̵i̵s̵]̵[̲t̲h̲i̲s̲]̲

Note: This linter can be disabled with `set_option linter.unusedSimpArgs false`
warning: Proofs/SzemerediTheorem.lean:292:4: `push_neg` has been deprecated. Prefer using `push Not` instead.
If you'd rather continue using `push_neg` in your project, you can implement it as follows:
```
open Lean.Parser.Tactic in
macro "push_neg" cfg:optConfig loc:(location)? : tactic =>
  `(tactic| push $cfg:optConfig Not $[$loc]?)
```
warning: Proofs/SzemerediTheorem.lean:371:4: `push_neg` has been deprecated. Prefer using `push Not` instead.
If you'd rather continue using `push_neg` in your project, you can implement it as follows:
```
open Lean.Parser.Tactic in
macro "push_neg" cfg:optConfig loc:(location)? : tactic =>
  `(tactic| push $cfg:optConfig Not $[$loc]?)
```
⚠ [8578/8615] Replayed Proofs.GaussWilsonNonCyclic
warning: Proofs/GaussWilsonNonCyclic.lean:227:17: `push_neg` has been deprecated. Prefer using `push Not` instead.
If you'd rather continue using `push_neg` in your project, you can implement it as follows:
```
open Lean.Parser.Tactic in
macro "push_neg" cfg:optConfig loc:(location)? : tactic =>
  `(tactic| push $cfg:optConfig Not $[$loc]?)
```
warning: Proofs/GaussWilsonNonCyclic.lean:267:17: `push_neg` has been deprecated. Prefer using `push Not` instead.
If you'd rather continue using `push_neg` in your project, you can implement it as follows:
```
open Lean.Parser.Tactic in
macro "push_neg" cfg:optConfig loc:(location)? : tactic =>
  `(tactic| push $cfg:optConfig Not $[$loc]?)
```
warning: Proofs/GaussWilsonNonCyclic.lean:278:2: `push_neg` has been deprecated. Prefer using `push Not` instead.
If you'd rather continue using `push_neg` in your project, you can implement it as follows:
```
open Lean.Parser.Tactic in
macro "push_neg" cfg:optConfig loc:(location)? : tactic =>
  `(tactic| push $cfg:optConfig Not $[$loc]?)
```
warning: Proofs/GaussWilsonNonCyclic.lean:285:4: `push_neg` has been deprecated. Prefer using `push Not` instead.
If you'd rather continue using `push_neg` in your project, you can implement it as follows:
```
open Lean.Parser.Tactic in
macro "push_neg" cfg:optConfig loc:(location)? : tactic =>
  `(tactic| push $cfg:optConfig Not $[$loc]?)
```
info: Proofs/GaussWilsonNonCyclic.lean:320:0: @card_sq_eq_one_ge_three : ∀ {n : ℕ}, n ≥ 3 → ∀ [_hne : NeZero n], ¬IsCyclic (ZMod n)ˣ → 3 ≤ #{x | x ^ 2 = 1}
info: Proofs/GaussWilsonNonCyclic.lean:321:0: @exists_third_sqrt_of_not_cyclic : ∀ {n : ℕ},
  n ≥ 3 → ∀ [_hne : NeZero n], ¬IsCyclic (ZMod n)ˣ → ∃ x, x ^ 2 = 1 ∧ x ≠ 1 ∧ x ≠ -1
⚠ [8579/8615] Replayed Proofs.BinaryGcdOQ03
warning: Proofs/BinaryGcdOQ03.lean:265:38: Variable name `hb` is not explicitly referenced.

The binding can be removed (if unused) or named `_` (if used implicitly).

Note: This linter can be disabled with `set_option linter.unusedVariables false`
warning: Proofs/BinaryGcdOQ03.lean:448:56: Variable name `M'` is not explicitly referenced.

The binding can be removed (if unused) or named `_` (if used implicitly).

Note: This linter can be disabled with `set_option linter.unusedVariables false`
ℹ [8580/8645] Replayed Proofs.DivisibilityTruncationGeneralOQ01
info: Proofs/DivisibilityTruncationGeneralOQ01.lean:155:0: UnifiedOsculator.unified_osculator (d : ℕ) (c : ℤ) (n : ℕ) (hcop : IsCoprime (↑d) 10) (hc : ↑d ∣ 10 * c - 1) :
  ↑d ∣ ↑n ↔ ↑d ∣ ↑(n / 10) + c * ↑(n % 10)
info: Proofs/DivisibilityTruncationGeneralOQ01.lean:156:0: UnifiedOsculator.neg_osculator_from_unified (d : ℕ) (c : ℤ) (n : ℕ) (hcop : IsCoprime (↑d) 10) (hc : ↑d ∣ 10 * c + 1) :
  ↑d ∣ ↑n ↔ ↑d ∣ ↑(n / 10) - c * ↑(n % 10)
info: Proofs/DivisibilityTruncationGeneralOQ01.lean:157:0: UnifiedOsculator.dual_osculators_sum (d : ℕ) (c_pos c_neg : ℤ) (hcop : IsCoprime (↑d) 10) (hp : ↑d ∣ 10 * c_pos - 1)
  (hn : ↑d ∣ 10 * c_neg + 1) : ↑d ∣ c_pos + c_neg
✖ [8581/8645] Running Mathlib.Data.Rat.Basic
error: no such file or directory (error code: 4294967294)
  file: /workspace/proofs/.lake/packages/mathlib/Mathlib/Data/Rat/Basic.lean
✖ [8582/8645] Running Proofs.Erdos1005Problem
error: Proofs/Erdos1005Problem.lean: bad import 'Mathlib.Data.Rat.Basic'
✖ [8583/8645] Running Mathlib.Algebra.Order.Ring.Lemmas
error: no such file or directory (error code: 4294967294)
  file: /workspace/proofs/.lake/packages/mathlib/Mathlib/Algebra/Order/Ring/Lemmas.lean
✖ [8584/8645] Running Proofs.Erdos375Problem
error: Proofs/Erdos375Problem.lean: bad import 'Mathlib.Algebra.Order.Ring.Lemmas'
✖ [8586/8670] Building Proofs.Erdos649Problem (2.3s)
trace: .> LEAN_PATH=/workspace/proofs/.lake/packages/Cli/.lake/build/lib/lean:/workspace/proofs/.lake/packages/batteries/.lake/build/lib/lean:/workspace/proofs/.lake/packages/Qq/.lake/build/lib/lean:/workspace/proofs/.lake/packages/aesop/.lake/build/lib/lean:/workspace/proofs/.lake/packages/proofwidgets/.lake/build/lib/lean:/workspace/proofs/.lake/packages/importGraph/.lake/build/lib/lean:/workspace/proofs/.lake/packages/LeanSearchClient/.lake/build/lib/lean:/workspace/proofs/.lake/packages/plausible/.lake/build/lib/lean:/workspace/proofs/.lake/packages/mathlib/.lake/build/lib/lean:/workspace/proofs/.lake/build/lib/lean /root/.elan/toolchains/leanprover--lean4---v4.31.0/bin/lean /workspace/proofs/Proofs/Erdos649Problem.lean -o /workspace/proofs/.lake/build/lib/lean/Proofs/Erdos649Problem.olean -i /workspace/proofs/.lake/build/lib/lean/Proofs/Erdos649Problem.ilean -c /workspace/proofs/.lake/build/ir/Proofs/Erdos649Problem.c --setup /workspace/proofs/.lake/build/ir/Proofs/Erdos649Problem.setup.json --json
error: Proofs/Erdos649Problem.lean:56:2: unexpected token '/--'; expected 'lemma'
error: Proofs/Erdos649Problem.lean:67:19: Unknown constant `Nat.primeFactorsList_eq_nil.mp`
error: Proofs/Erdos649Problem.lean:66:31: unsolved goals
n : ℕ
hn : n > 1
h : n.primeFactorsList = []
⊢ False
warning: Proofs/Erdos649Problem.lean:75:4: `List.getLast?_eq_getLast` has been deprecated: Use `List.getLast?_eq_some_getLast` instead
error: Proofs/Erdos649Problem.lean:76:15: No goals to be solved
error: Proofs/Erdos649Problem.lean:91:29: Unknown constant `Nat.primeFactorsList_prime_pow`
error: Proofs/Erdos649Problem.lean:90:80: unsolved goals
p k : ℕ
hp : Nat.Prime p
hk : k ≥ 1
⊢ (p ^ k).primeFactorsList.getLast?.getD 0 = p
error: Proofs/Erdos649Problem.lean:98:47: unexpected token '/--'; expected 'lemma'
error: Proofs/Erdos649Problem.lean:150:19: Tactic `subst` failed: invalid equality proof, it is not of the form (x = t) or (t = x)
  k % 3 = 0

case inl
k : ℕ
h3 : 2 ^ 3 = 1
hmod : 2 ^ k = 2 ^ (k % 3)
h✝ : k % 3 = 0
⊢ 2 ^ (k % 3) ≠ 6
warning: Proofs/Erdos649Problem.lean:173:4: `push_neg` has been deprecated. Prefer using `push Not` instead.
If you'd rather continue using `push_neg` in your project, you can implement it as follows:
```
open Lean.Parser.Tactic in
macro "push_neg" cfg:optConfig loc:(location)? : tactic =>
  `(tactic| push $cfg:optConfig Not $[$loc]?)
```
error: Proofs/Erdos649Problem.lean:198:2: unexpected token '/--'; expected 'lemma'
error: Proofs/Erdos649Problem.lean:217:2: unexpected token '/--'; expected 'lemma'
error: Proofs/Erdos649Problem.lean:298:2: unexpected token '/--'; expected 'lemma'
error: Lean exited with code 1
✖ [8587/8670] Building Proofs.Erdos820Problem (2.6s)
trace: .> LEAN_PATH=/workspace/proofs/.lake/packages/Cli/.lake/build/lib/lean:/workspace/proofs/.lake/packages/batteries/.lake/build/lib/lean:/workspace/proofs/.lake/packages/Qq/.lake/build/lib/lean:/workspace/proofs/.lake/packages/aesop/.lake/build/lib/lean:/workspace/proofs/.lake/packages/proofwidgets/.lake/build/lib/lean:/workspace/proofs/.lake/packages/importGraph/.lake/build/lib/lean:/workspace/proofs/.lake/packages/LeanSearchClient/.lake/build/lib/lean:/workspace/proofs/.lake/packages/plausible/.lake/build/lib/lean:/workspace/proofs/.lake/packages/mathlib/.lake/build/lib/lean:/workspace/proofs/.lake/build/lib/lean /root/.elan/toolchains/leanprover--lean4---v4.31.0/bin/lean /workspace/proofs/Proofs/Erdos820Problem.lean -o /workspace/proofs/.lake/build/lib/lean/Proofs/Erdos820Problem.olean -i /workspace/proofs/.lake/build/lib/lean/Proofs/Erdos820Problem.ilean -c /workspace/proofs/.lake/build/ir/Proofs/Erdos820Problem.c --setup /workspace/proofs/.lake/build/ir/Proofs/Erdos820Problem.setup.json --json
error: Proofs/Erdos820Problem.lean:66:16: numerals are data in Lean, but the expected type is a proposition
  3 ≥ 2 : Prop
error: Proofs/Erdos820Problem.lean:66:19: Application type mismatch: The argument
  Nat.lt_of_sub_eq_succ ?m.26
has type
  ?m.22 < ?m.21
of sort `Prop` but is expected to have type
  ℕ
of sort `Type` in the application
  Exists.intro (Nat.lt_of_sub_eq_succ ?m.26)
error: Proofs/Erdos820Problem.lean:66:2: failed to synthesize instance of type class
  DecidablePred fun l => l ≥ 2 ∧ hasNCoprimePredecessor l n

Hint: Type class instance resolution failures can be inspected with the `set_option trace.Meta.synthInstance true` command.
error: Proofs/Erdos820Problem.lean:66:41: Application type mismatch: The argument
  rfl
has type
  ?m.25 = ?m.25
but is expected to have type
  ?m.21 - ?m.22 = succ ?m.23
in the application
  Nat.lt_of_sub_eq_succ rfl
warning: Proofs/Erdos820Problem.lean:95:8: declaration uses `sorry`
warning: Proofs/Erdos820Problem.lean:191:18: declaration uses `sorry`
warning: Proofs/Erdos820Problem.lean:213:8: declaration uses `sorry`
error: Proofs/Erdos820Problem.lean:228:8: Tactic `rewrite` failed: motive is not type correct:
  fun _a => ↑k ^ (_a - 1) = 1
Error: Application type mismatch: The argument
  this
has type
  Fact (Nat.Prime p)
but is expected to have type
  Fact (Nat.Prime _a)
in the application
  @ZMod.instField _a ⋯

Explanation: The rewrite tactic rewrites an expression 'e' using an equality 'a = b' by the following process. First, it looks for all 'a' in 'e'. Second, it tries to abstract these occurrences of 'a' to create a function 'm := fun _a => ...', called the *motive*, with the property that 'm a' is definitionally equal to 'e'. Third, we observe that 'congrArg' implies that 'm a = m b', which can be used with lemmas such as 'Eq.mpr' to change the goal. However, if 'e' depends on specific properties of 'a', then the motive 'm' might not typecheck.

Possible solutions: use rewrite's 'occs' configuration option to limit which occurrences are rewritten, or use 'simp' or 'conv' mode, which have strategies for certain kinds of dependencies (these tactics can handle proofs and 'Decidable' instances whose types depend on the rewritten term, and 'simp' can apply user-defined '@[congr]' theorems as well).

k p : ℕ
hp : Nat.Prime p
hk : ¬p ∣ k
this : Fact (Nat.Prime p)
hk' : ↑k ≠ 0
⊢ ↑k ^ (p - 1) = 1
error: Proofs/Erdos820Problem.lean:245:2: failed to synthesize instance of type class
  DecidablePred fun l => ∀ (k₁ k₂ : ℕ), 2 ≤ k₁ → k₁ < k₂ → k₂ ≤ l → (k₁ ^ n - 1).gcd (k₂ ^ n - 1) = 1

Hint: Type class instance resolution failures can be inspected with the `set_option trace.Meta.synthInstance true` command.
warning: Proofs/Erdos820Problem.lean:253:8: declaration uses `sorry`
warning: Proofs/Erdos820Problem.lean:282:6: Variable name `proof` is not explicitly referenced.

The binding can be removed (if unused) or named `_` (if used implicitly).

Note: This linter can be disabled with `set_option linter.unusedVariables false`
error: Lean exited with code 1
✖ [8588/8670] Building Proofs.Erdos476Problem (2.8s)
trace: .> LEAN_PATH=/workspace/proofs/.lake/packages/Cli/.lake/build/lib/lean:/workspace/proofs/.lake/packages/batteries/.lake/build/lib/lean:/workspace/proofs/.lake/packages/Qq/.lake/build/lib/lean:/workspace/proofs/.lake/packages/aesop/.lake/build/lib/lean:/workspace/proofs/.lake/packages/proofwidgets/.lake/build/lib/lean:/workspace/proofs/.lake/packages/importGraph/.lake/build/lib/lean:/workspace/proofs/.lake/packages/LeanSearchClient/.lake/build/lib/lean:/workspace/proofs/.lake/packages/plausible/.lake/build/lib/lean:/workspace/proofs/.lake/packages/mathlib/.lake/build/lib/lean:/workspace/proofs/.lake/build/lib/lean /root/.elan/toolchains/leanprover--lean4---v4.31.0/bin/lean /workspace/proofs/Proofs/Erdos476Problem.lean -o /workspace/proofs/.lake/build/lib/lean/Proofs/Erdos476Problem.olean -i /workspace/proofs/.lake/build/lib/lean/Proofs/Erdos476Problem.ilean -c /workspace/proofs/.lake/build/ir/Proofs/Erdos476Problem.c --setup /workspace/proofs/.lake/build/ir/Proofs/Erdos476Problem.setup.json --json
error: Proofs/Erdos476Problem.lean:59:21: Unknown identifier `B`
error: Proofs/Erdos476Problem.lean:79:19: Tactic `rcases` failed: `left✝ : Quot.lift (fun l => (a, b) ∈ l) ⋯ (A.product A).val` is not an inductive datatype
warning: Proofs/Erdos476Problem.lean:78:62: This simp argument is unused:
  mem_product

Hint: Omit it from the simp argument list.
  simp only [restrictedSumset, sumset, mem_image, mem_filter,̵ ̵m̵e̵m̵_̵p̵r̵o̵d̵u̵c̵t̵] at hx ⊢

Note: This linter can be disabled with `set_option linter.unusedSimpArgs false`
error: Proofs/Erdos476Problem.lean:135:2: unexpected token '/--'; expected 'lemma'
error: Proofs/Erdos476Problem.lean:172:25: Tactic `rcases` failed: `left✝ : Quot.lift (fun l => (ai, aj) ∈ l) ⋯
  ((image (fun i => a + i • d) (range n)).product
      (image (fun i => a + i • d) (range n))).val` is not an inductive datatype
error: Proofs/Erdos476Problem.lean:181:11: Invalid `⟨...⟩` notation: The expected type
  Quot.lift (fun l => (a + 0 • d, a + k • d) ∈ l) ⋯
    ((image (fun i => a + i • d) (range n)).product (image (fun i => a + i • d) (range n))).val
is not an inductive type

Note: This notation can only be used when the expected type is an inductive type with a single constructor
error: Proofs/Erdos476Problem.lean:191:11: Invalid `⟨...⟩` notation: The expected type
  Quot.lift (fun l => (a + (k - (n - 1)) • d, a + (n - 1) • d) ∈ l) ⋯
    ((image (fun i => a + i • d) (range n)).product (image (fun i => a + i • d) (range n))).val
is not an inductive type

Note: This notation can only be used when the expected type is an inductive type with a single constructor
error: Proofs/Erdos476Problem.lean:218:39: Unknown constant `Finset.card_Ico`
error: Proofs/Erdos476Problem.lean:157:77: unsolved goals
p : ℕ
inst✝ : Fact (Nat.Prime p)
a d : ZMod p
n : ℕ
hd : d ≠ 0
hn : n ≥ 2
hsmall : 2 * n - 3 < p
hp2 : 2 ≤ p
hle : n ≤ p
hk_ne_zero : ∀ (k : ℕ), 1 ≤ k → k < p → ↑k ≠ 0
hset : restrictedSumset p (arithmeticProgression p a d n) = image (fun k => 2 * a + ↑k * d) (Ico 1 (2 * n - 2))
hinj : Set.InjOn (fun k => 2 * a + ↑k * d) ↑(Ico 1 (2 * n - 2))
⊢ #(Ico 1 (2 * n - 2)) = 2 * n - 3
warning: Proofs/Erdos476Problem.lean:170:25: This simp argument is unused:
  Finset.mem_product

Hint: Omit it from the simp argument list.
  simp only [restrictedSumset, arithmeticProgression, Finset.mem_image, Finset.mem_filter,
  ̲  ̲ ̲ ̲ ̲ ̲F̵i̵n̵s̵e̵t̵.̵m̵e̵m̵_̵p̵r̵o̵d̵u̵c̵t̵,̵ ̵Finset.mem_Ico]

Note: This linter can be disabled with `set_option linter.unusedSimpArgs false`
warning: Proofs/Erdos476Problem.lean:182:21: This simp argument is unused:
  Nat.zero_eq

Hint: Omit it from the simp argument list.
  simp only [Nat.z̵e̵r̵o̵_̵e̵q̵,̵ ̵N̵a̵t̵.̵cast_zero, zero_smul, add_zero, nsmul_eq_mul]

Note: This linter can be disabled with `set_option linter.unusedSimpArgs false`
warning: Proofs/Erdos476Problem.lean:182:34: This simp argument is unused:
  Nat.cast_zero

Hint: Omit it from the simp argument list.
  simp only [Nat.zero_eq, N̵a̵t̵.̵c̵a̵s̵t̵_̵z̵e̵r̵o̵,̵ ̵zero_smul, add_zero, nsmul_eq_mul]

Note: This linter can be disabled with `set_option linter.unusedSimpArgs false`
warning: Proofs/Erdos476Problem.lean:187:60: This simp argument is unused:
  zero_add

Hint: Omit it from the simp argument list.
  simp only [nsmul_eq_mul, Nat.cast_zero, zero_mul,̵ ̵z̵e̵r̵o̵_̵a̵d̵d̵]

Note: This linter can be disabled with `set_option linter.unusedSimpArgs false`
error: Proofs/Erdos476Problem.lean:247:2: unexpected token '/--'; expected 'lemma'
warning: Proofs/Erdos476Problem.lean:252:0: automatically included section variable(s) unused in theorem `Erdos476.bound_comparison`:
  [Fact (Nat.Prime p)]
consider restructuring your `variable` declarations so that the variables are not in scope or explicitly omit them:
  omit [Fact (Nat.Prime p)] in theorem ...

Note: This linter can be disabled with `set_option linter.unusedSectionVars false`
error: Proofs/Erdos476Problem.lean:267:2: unexpected token '/--'; expected 'lemma'
error: Proofs/Erdos476Problem.lean:278:2: unexpected token '/--'; expected 'lemma'
error: Proofs/Erdos476Problem.lean:297:2: unexpected token '/--'; expected 'lemma'
error: Proofs/Erdos476Problem.lean:314:23: Tactic `rcases` failed: `left✝ : Quot.lift (fun l => (c, d) ∈ l) ⋯
  ({a, b}.product {a, b}).val` is not an inductive datatype
error: Proofs/Erdos476Problem.lean:321:22: Invalid `⟨...⟩` notation: The expected type
  Quot.lift (fun l => (a, b) ∈ l) ⋯ ({a, b}.product {a, b}).val
is not an inductive type

Note: This notation can only be used when the expected type is an inductive type with a single constructor
warning: Proofs/Erdos476Problem.lean:311:70: This simp argument is unused:
  Finset.mem_product

Hint: Omit it from the simp argument list.
  simp only [restrictedSumset, Finset.mem_image, Finset.mem_filter, F̵i̵n̵s̵e̵t̵.̵m̵e̵m̵_̵p̵r̵o̵d̵u̵c̵t̵,̵Finset.mem_insert,
        Finset.mem_singleton]

Note: This linter can be disabled with `set_option linter.unusedSimpArgs false`
warning: Proofs/Erdos476Problem.lean:312:6: This simp argument is unused:
  Finset.mem_insert

Hint: Omit it from the simp argument list.
  simp only [restrictedSumset, Finset.mem_image, Finset.mem_filter, Finset.mem_product,
        Finset.mem_i̵n̵se̵r̵t̵,̵ ̵F̵ins̵e̵t̵.̵m̵e̵m̵_̵s̵i̵n̵gleton]

Note: This linter can be disabled with `set_option linter.unusedSimpArgs false`
error: Proofs/Erdos476Problem.lean:367:49: Type mismatch
  range #A
has type
  Finset ℕ
but is expected to have type
  Set ?m.122
error: Lean exited with code 1
✖ [8589/8670] Building Proofs.Erdos476OQ05Problem (3.1s)
trace: .> LEAN_PATH=/workspace/proofs/.lake/packages/Cli/.lake/build/lib/lean:/workspace/proofs/.lake/packages/batteries/.lake/build/lib/lean:/workspace/proofs/.lake/packages/Qq/.lake/build/lib/lean:/workspace/proofs/.lake/packages/aesop/.lake/build/lib/lean:/workspace/proofs/.lake/packages/proofwidgets/.lake/build/lib/lean:/workspace/proofs/.lake/packages/importGraph/.lake/build/lib/lean:/workspace/proofs/.lake/packages/LeanSearchClient/.lake/build/lib/lean:/workspace/proofs/.lake/packages/plausible/.lake/build/lib/lean:/workspace/proofs/.lake/packages/mathlib/.lake/build/lib/lean:/workspace/proofs/.lake/build/lib/lean /root/.elan/toolchains/leanprover--lean4---v4.31.0/bin/lean /workspace/proofs/Proofs/Erdos476OQ05Problem.lean -o /workspace/proofs/.lake/build/lib/lean/Proofs/Erdos476OQ05Problem.olean -i /workspace/proofs/.lake/build/lib/lean/Proofs/Erdos476OQ05Problem.ilean -c /workspace/proofs/.lake/build/ir/Proofs/Erdos476OQ05Problem.c --setup /workspace/proofs/.lake/build/ir/Proofs/Erdos476OQ05Problem.setup.json --json
warning: Proofs/Erdos476OQ05Problem.lean:65:0: automatically included section variable(s) unused in theorem `Erdos476OQ05.shift_card_eq`:
  hp
consider restructuring your `variable` declarations so that the variables are not in scope or explicitly omit them:
  omit hp in theorem ...

Note: This linter can be disabled with `set_option linter.unusedSectionVars false`
warning: Proofs/Erdos476OQ05Problem.lean:73:0: automatically included section variable(s) unused in theorem `Erdos476OQ05.isAP_singleton`:
  hp
consider restructuring your `variable` declarations so that the variables are not in scope or explicitly omit them:
  omit hp in theorem ...

Note: This linter can be disabled with `set_option linter.unusedSectionVars false`
error: Proofs/Erdos476OQ05Problem.lean:85:41: unknown tactic
error: Proofs/Erdos476OQ05Problem.lean:85:26: unsolved goals
p : ℕ
hp : Fact (Nat.Prime p)
b x : ZMod p
hab : x ≠ b
⊢ x + 0 * (b - x) = x
error: Proofs/Erdos476OQ05Problem.lean:84:2: unsolved goals
case mp.inr
p : ℕ
hp : Fact (Nat.Prime p)
a x : ZMod p
hab : a ≠ x
⊢ ∃ a_1 < 2, a + ↑a_1 * (x - a) = x
error: Proofs/Erdos476OQ05Problem.lean:78:68: unsolved goals
case mpr
p : ℕ
hp : Fact (Nat.Prime p)
a b : ZMod p
hab : a ≠ b
x : ZMod p
⊢ (∃ a_1 < 2, a + ↑a_1 * (b - a) = x) → x = a ∨ x = b
error: Proofs/Erdos476OQ05Problem.lean:102:36: unknown tactic
error: Proofs/Erdos476OQ05Problem.lean:95:59: unsolved goals
p : ℕ
hp : Fact (Nat.Prime p)
A : Finset (ZMod p)
a d c : ZMod p
h : A = image (fun i => a + ↑i * d) (range #A)
i : ℕ
a✝ : i ∈ ↑(range #A)
⊢ a + ↑i * d + c = a + c + ↑i * d
warning: Proofs/Erdos476OQ05Problem.lean:107:8: automatically included section variable(s) unused in theorem `_private.Proofs.Erdos476OQ05Problem.0.Erdos476OQ05.d_ne_zero_of_isAP`:
  hp
consider restructuring your `variable` declarations so that the variables are not in scope or explicitly omit them:
  omit hp in theorem ...

Note: This linter can be disabled with `set_option linter.unusedSectionVars false`
error: Proofs/Erdos476OQ05Problem.lean:138:31: unknown tactic
error: Proofs/Erdos476OQ05Problem.lean:128:2: unsolved goals
case H₁
p : ℕ
hp : Fact (Nat.Prime p)
A B : Finset (ZMod p)
a b d : ZMod p
hA : IsArithmeticProgression A a d
hB : IsArithmeticProgression B b d
hApos : 0 < #A
hBpos : 0 < #B
i : ℕ
hi : i < #A
j : ℕ
hj : j < #B
⊢ a + b + (↑i + ↑j) * d = a + ↑i * d + (b + ↑j * d)
error: Proofs/Erdos476OQ05Problem.lean:126:102: unsolved goals
case H₂
p : ℕ
hp : Fact (Nat.Prime p)
A B : Finset (ZMod p)
a b d : ZMod p
hA : IsArithmeticProgression A a d
hB : IsArithmeticProgression B b d
hApos : 0 < #A
hBpos : 0 < #B
⊢ image (fun k => a + b + ↑k * d) (range (#A + #B - 1)) ⊆ A + B
error: Proofs/Erdos476OQ05Problem.lean:195:72: unknown tactic
error: Proofs/Erdos476OQ05Problem.lean:195:54: unsolved goals
p : ℕ
hp : Fact (Nat.Prime p)
A : Finset (ZMod p)
a d : ZMod p
hA : IsArithmeticProgression A a d
hd : d ≠ 0
hApos : 0 < #A
hlt : #A < p
i : ℕ
hi : i < #A
hxnimg : ¬∃ a_1 ∈ A, a_1 + d = a + ↑i * d
hi_pos : i > 0
hcast : ↑(i - 1) + 1 = ↑i
⊢ a + ↑(i - 1) * d + d = a + (↑(i - 1) * d + 1 * d)
error: Proofs/Erdos476OQ05Problem.lean:190:6: unsolved goals
case mp.inr.refine_2.calc.step
p : ℕ
hp : Fact (Nat.Prime p)
A : Finset (ZMod p)
a d : ZMod p
hA : IsArithmeticProgression A a d
hd : d ≠ 0
hApos : 0 < #A
hlt : #A < p
i : ℕ
hi : i < #A
hxnimg : ¬∃ a_1 ∈ A, a_1 + d = a + ↑i * d
hi_pos : i > 0
hcast : ↑(i - 1) + 1 = ↑i
⊢ a + (↑(i - 1) + 1) * d = a + ↑i * d
error: Proofs/Erdos476OQ05Problem.lean:176:33: unsolved goals
case mpr
p : ℕ
hp : Fact (Nat.Prime p)
A : Finset (ZMod p)
a d : ZMod p
hA : IsArithmeticProgression A a d
hd : d ≠ 0
hApos : 0 < #A
hlt : #A < p
x : ZMod p
⊢ x = a → x ∈ A ∧ ¬∃ a ∈ A, a + d = x
error: Proofs/Erdos476OQ05Problem.lean:339:85: unknown tactic
error: Proofs/Erdos476OQ05Problem.lean:263:4: omega could not prove the goal:
a possible counterexample may satisfy the constraints
  c ≥ 0
  c ≥ 1
  c ≥ -1
  b ≥ 0
  b - c ≥ 2
  b ≥ 0
  a ≥ 0
  a - b ≥ 2
  a - b + c ≥ 2
where
 a := ↑p
 b := ↑(#(A.erase a₀) + #B - 1)
 c := ↑(#((A.erase a₀ + B) ∩ ({a₀} + B)))
error: Proofs/Erdos476OQ05Problem.lean:276:47: failed to synthesize instance of type class
  IsRightCancelMulZero (ZMod p)

Hint: Type class instance resolution failures can be inspected with the `set_option trace.Meta.synthInstance true` command.
error: Proofs/Erdos476OQ05Problem.lean:286:47: failed to synthesize instance of type class
  IsRightCancelMulZero (ZMod p)

Hint: Type class instance resolution failures can be inspected with the `set_option trace.Meta.synthInstance true` command.
error: Proofs/Erdos476OQ05Problem.lean:294:6: Unknown constant `Finset.mem_of_mem_sdiff`
error: Proofs/Erdos476OQ05Problem.lean:296:28: Type mismatch
  Eq.symm hy ▸ mem_singleton_self y
has type
  y ∈ {a₀} + B \ (A.erase a₀ + B)
but is expected to have type
  y ∈ ?m.900 \ (A.erase a₀ + B)
error: Proofs/Erdos476OQ05Problem.lean:228:38: unsolved goals
p : ℕ
hp : Fact (Nat.Prime p)
A : Finset (ZMod p)
a₀ a₁ b₀ d : ZMod p
B : Finset (ZMod p)
ha₀A : a₀ ∈ A
hA3 : 2 < #A
hB : 2 ≤ #B
hlt : #A + #B - 1 < p
hAB : #(A + B) = #A + #B - 1
hcase1 : #(A.erase a₀ + B) = #A + #B - 2
hAP_A' : IsArithmeticProgression (A.erase a₀) a₁ d
hAP_B : IsArithmeticProgression B b₀ d
hA'card : #(A.erase a₀) = #A - 1
hA'pos : 0 < #(A.erase a₀)
hBpos : 0 < #B
hd : d ≠ 0
hA_lt_p : #A < p
hcase1' : #(A.erase a₀ + B) = #(A.erase a₀) + #B - 1
hAP_A'B : IsArithmeticProgression (A.erase a₀ + B) (a₁ + b₀) d
hcard_a₀B : #({a₀} + B) = #B
hcard_sing_eq : #{a₀} + #B - 1 = #B
hAP_a₀B : IsArithmeticProgression ({a₀} + B) (a₀ + b₀) d
h_sdiff_one : #({a₀} + B \ (A.erase a₀ + B)) = 1
hpos : a₀ = a₁ - d ∨ a₀ = a₁ + ↑(#(A.erase a₀)) * d
⊢ #(A \ image (fun x => x + d) A) = 1
error: Proofs/Erdos476OQ05Problem.lean:501:47: failed to synthesize instance of type class
  IsRightCancelMulZero (ZMod p)

Hint: Type class instance resolution failures can be inspected with the `set_option trace.Meta.synthInstance true` command.
error: Proofs/Erdos476OQ05Problem.lean:588:42: unknown tactic
error: Proofs/Erdos476OQ05Problem.lean:532:49: failed to synthesize instance of type class
  IsRightCancelMulZero (ZMod p)

Hint: Type class instance resolution failures can be inspected with the `set_option trace.Meta.synthInstance true` command.
error: Proofs/Erdos476OQ05Problem.lean:553:10: Application type mismatch: The argument
  range k
has type
  Finset ℕ
but is expected to have type
  Finset (ZMod p)
in the application
  image (fun j => b₀ + j * d) (range k)
error: Proofs/Erdos476OQ05Problem.lean:558:19: Application type mismatch: The argument
  j
has type
  ZMod p
but is expected to have type
  ℕ
in the application
  ih j
error: Proofs/Erdos476OQ05Problem.lean:566:25: Application type mismatch: The argument
  heq
has type
  (fun (j : ZMod p) => b₀ + j * d) j₁ = (fun j => b₀ + j * d) j₂
but is expected to have type
  (fun (j : ℕ) => b₀ + ↑j * d) ?m.454 = (fun j => b₀ + ↑j * d) ?m.470
in the application
  hinjOn (mem_coe.mpr (mem_range.mpr (lt_trans ?m.457 hkB))) (mem_coe.mpr (mem_range.mpr (lt_trans ?m.473 hkB))) heq
error: Proofs/Erdos476OQ05Problem.lean:569:14: Function expected at
  card_sdiff
but this term has type
  #(?m.486 \ ?m.485) = #?m.486 - #(?m.485 ∩ ?m.486)

Note: Expected a function because this term is being applied to the argument
  hT_sub
error: Proofs/Erdos476OQ05Problem.lean:577:10: unsolved goals
case refine_1
p : ℕ
hp : Fact (Nat.Prime p)
B : Finset (ZMod p)
d : ZMod p
hd : d ≠ 0
hlt : #B < p
h : #(B \ image (fun x => x + d) B) = 1
b₀ : ZMod p
hb₀_eq : B \ image (fun x => x + d) B = {b₀}
hb₀_sdiff : b₀ ∈ B \ image (fun x => x + d) B
hb₀_mem : b₀ ∈ B
hb₀_noimg : b₀ ∉ image (fun x => x + d) B
hpred : ∀ b ∈ B, b ≠ b₀ → b - d ∈ B
hinjOn : Set.InjOn (fun j => b₀ + ↑j * d) ↑(range #B)
k : ℕ
hkB : k < #B
ih : ∀ k_1 < k, k_1 < #B → b₀ + ↑k_1 * d ∈ B
hkm : k < k + 1
hnot : b₀ + ↑k * d ∉ B
T : Finset (ZMod p) := image (fun j => b₀ + j * d) sorry
hT_sub : T ⊆ B
hT_card : #T = k
hS_pos : 0 < #(B \ T)
x₀ : ZMod p
hx₀_S : x₀ ∈ B \ T
b : ZMod p
hbB : b ∈ B
hbT : b ∉ T
hbb₀ : b = b₀
⊢ ∃ a ∈ sorry (), a * d = 0
error: Proofs/Erdos476OQ05Problem.lean:586:36: Type mismatch
  j + 1
has type
  ZMod p
but is expected to have type
  ℕ
error: Proofs/Erdos476OQ05Problem.lean:588:38: unsolved goals
p : ℕ
hp : Fact (Nat.Prime p)
B : Finset (ZMod p)
d : ZMod p
hd : d ≠ 0
hlt : #B < p
h : #(B \ image (fun x => x + d) B) = 1
b₀ : ZMod p
hb₀_eq : B \ image (fun x => x + d) B = {b₀}
hb₀_sdiff : b₀ ∈ B \ image (fun x => x + d) B
hb₀_mem : b₀ ∈ B
hb₀_noimg : b₀ ∉ image (fun x => x + d) B
hpred : ∀ b ∈ B, b ≠ b₀ → b - d ∈ B
hinjOn : Set.InjOn (fun j => b₀ + ↑j * d) ↑(range #B)
k : ℕ
hkB : k < #B
ih : ∀ k_1 < k, k_1 < #B → b₀ + ↑k_1 * d ∈ B
hkm : k < k + 1
hnot : b₀ + ↑k * d ∉ B
T : Finset (ZMod p) := image (fun j => b₀ + j * d) sorry
hT_sub : T ⊆ B
hT_card : #T = k
hS_pos : 0 < #(B \ T)
x₀ : ZMod p
hx₀_S : x₀ ∈ B \ T
b : ZMod p
hbB : b ∈ B
hbT : b ∉ T
j : ZMod p
hjm : j ∈ sorry
hjd : b₀ + j * d = b - d
heq : b - d = b₀ + j * d
⊢ b = b - d + d
error: Proofs/Erdos476OQ05Problem.lean:586:64: unsolved goals
p : ℕ
hp : Fact (Nat.Prime p)
B : Finset (ZMod p)
d : ZMod p
hd : d ≠ 0
hlt : #B < p
h : #(B \ image (fun x => x + d) B) = 1
b₀ : ZMod p
hb₀_eq : B \ image (fun x => x + d) B = {b₀}
hb₀_sdiff : b₀ ∈ B \ image (fun x => x + d) B
hb₀_mem : b₀ ∈ B
hb₀_noimg : b₀ ∉ image (fun x => x + d) B
hpred : ∀ b ∈ B, b ≠ b₀ → b - d ∈ B
hinjOn : Set.InjOn (fun j => b₀ + ↑j * d) ↑(range #B)
k : ℕ
hkB : k < #B
ih : ∀ k_1 < k, k_1 < #B → b₀ + ↑k_1 * d ∈ B
hkm : k < k + 1
hnot : b₀ + ↑k * d ∉ B
T : Finset (ZMod p) := image (fun j => b₀ + j * d) sorry
hT_sub : T ⊆ B
hT_card : #T = k
hS_pos : 0 < #(B \ T)
x₀ : ZMod p
hx₀_S : x₀ ∈ B \ T
b : ZMod p
hbB : b ∈ B
hbT : b ∉ T
j : ZMod p
hjm : j ∈ sorry
hjd : b₀ + j * d = b - d
heq : b - d = b₀ + j * d
this : b = b - d + d
⊢ b = b₀ + ↑sorry * d
error: Proofs/Erdos476OQ05Problem.lean:581:10: unsolved goals
case refine_2
p : ℕ
hp : Fact (Nat.Prime p)
B : Finset (ZMod p)
d : ZMod p
hd : d ≠ 0
hlt : #B < p
h : #(B \ image (fun x => x + d) B) = 1
b₀ : ZMod p
hb₀_eq : B \ image (fun x => x + d) B = {b₀}
hb₀_sdiff : b₀ ∈ B \ image (fun x => x + d) B
hb₀_mem : b₀ ∈ B
hb₀_noimg : b₀ ∉ image (fun x => x + d) B
hpred : ∀ b ∈ B, b ≠ b₀ → b - d ∈ B
hinjOn : Set.InjOn (fun j => b₀ + ↑j * d) ↑(range #B)
k : ℕ
hkB : k < #B
ih : ∀ k_1 < k, k_1 < #B → b₀ + ↑k_1 * d ∈ B
hkm : k < k + 1
hnot : b₀ + ↑k * d ∉ B
T : Finset (ZMod p) := image (fun j => b₀ + j * d) sorry
hT_sub : T ⊆ B
hT_card : #T = k
hS_pos : 0 < #(B \ T)
x₀ : ZMod p
hx₀_S : x₀ ∈ B \ T
b : ZMod p
hbB : b ∈ B
hbT : b ∉ T
j : ZMod p
hjm : j ∈ sorry
hjd : b₀ + j * d = b - d
hb_eq : b = b₀ + ↑sorry * d
⊢ False
error: Proofs/Erdos476OQ05Problem.lean:550:6: unsolved goals
case succ.inr
p : ℕ
hp : Fact (Nat.Prime p)
B : Finset (ZMod p)
d : ZMod p
hd : d ≠ 0
hlt : #B < p
h : #(B \ image (fun x => x + d) B) = 1
b₀ : ZMod p
hb₀_eq : B \ image (fun x => x + d) B = {b₀}
hb₀_sdiff : b₀ ∈ B \ image (fun x => x + d) B
hb₀_mem : b₀ ∈ B
hb₀_noimg : b₀ ∉ image (fun x => x + d) B
hpred : ∀ b ∈ B, b ≠ b₀ → b - d ∈ B
hinjOn : Set.InjOn (fun j => b₀ + ↑j * d) ↑(range #B)
k : ℕ
hkB : k < #B
ih : ∀ k_1 < k, k_1 < #B → b₀ + ↑k_1 * d ∈ B
hkm : k < k + 1
hnot : b₀ + ↑k * d ∉ B
T : Finset (ZMod p) := image (fun j => b₀ + j * d) sorry
hT_sub : T ⊆ B
hT_card : #T = k
hS_pos : 0 < #(B \ T)
x₀ : ZMod p
hx₀_S : x₀ ∈ B \ T
hσ : ∀ b ∈ B \ T, b - d ∈ B \ T
⊢ False
error: Proofs/Erdos476OQ05Problem.lean:511:53: unsolved goals
p : ℕ
hp : Fact (Nat.Prime p)
B : Finset (ZMod p)
d : ZMod p
hd : d ≠ 0
hlt : #B < p
h : #(B \ image (fun x => x + d) B) = 1
b₀ : ZMod p
hb₀_eq : B \ image (fun x => x + d) B = {b₀}
hb₀_sdiff : b₀ ∈ B \ image (fun x => x + d) B
hb₀_mem : b₀ ∈ B
hb₀_noimg : b₀ ∉ image (fun x => x + d) B
hpred : ∀ b ∈ B, b ≠ b₀ → b - d ∈ B
hinjOn : Set.InjOn (fun j => b₀ + ↑j * d) ↑(range #B)
hmem : ∀ k < #B, b₀ + ↑k * d ∈ B
⊢ ∃ b₀, IsArithmeticProgression B b₀ d
error: Proofs/Erdos476OQ05Problem.lean:682:50: unknown tactic
error: Proofs/Erdos476OQ05Problem.lean:682:23: Unknown identifier `b`
error: Proofs/Erdos476OQ05Problem.lean:682:27: Unknown identifier `a`
error: Proofs/Erdos476OQ05Problem.lean:682:32: Unknown identifier `b`
error: Proofs/Erdos476OQ05Problem.lean:682:41: Unknown identifier `a`
error: Proofs/Erdos476OQ05Problem.lean:669:87: unsolved goals
case a
p : ℕ
hp : Fact (Nat.Prime p)
B : Finset (ZMod p)
hB : 2 ≤ #B
a b : ZMod p
hab : a ≠ b
hA : #{a, b} = 2
h : #({a, b} + B) = #{a, b} + #B - 1
hlt : #{a, b} + #B - 1 < p
hd : b - a ≠ 0
hB_lt_p : #B < p
hunion : {a, b} + B = {a} + B ∪ ({b} + B)
hcardA : #({a} + B) = #B
hcardBb : #({b} + B) = #B
hAB_card : #({a, b} + B) = #B + 1
hIE : #({a} + B ∪ ({b} + B)) + #(({a} + B) ∩ ({b} + B)) = #({a} + B) + #({b} + B)
hint_card : #(({a} + B) ∩ ({b} + B)) = #B - 1
⊢ image (fun x => x + a) (B ∩ image (fun x => x + (b - a)) B) ≤ ({a} + B) ∩ ({b} + B)
error: Proofs/Erdos476OQ05Problem.lean:668:93: unsolved goals
p : ℕ
hp : Fact (Nat.Prime p)
B : Finset (ZMod p)
hB : 2 ≤ #B
a b : ZMod p
hab : a ≠ b
hA : #{a, b} = 2
h : #({a, b} + B) = #{a, b} + #B - 1
hlt : #{a, b} + #B - 1 < p
hd : b - a ≠ 0
hB_lt_p : #B < p
hunion : {a, b} + B = {a} + B ∪ ({b} + B)
hcardA : #({a} + B) = #B
hcardBb : #({b} + B) = #B
hAB_card : #({a, b} + B) = #B + 1
hIE : #({a} + B ∪ ({b} + B)) + #(({a} + B) ∩ ({b} + B)) = #({a} + B) + #({b} + B)
hint_card : #(({a} + B) ∩ ({b} + B)) = #B - 1
hset : ({a} + B) ∩ ({b} + B) = image (fun x => x + a) (B ∩ image (fun x => x + (b - a)) B)
⊢ #(({a} + B) ∩ ({b} + B)) = #(B ∩ image (fun x => x + (b - a)) B)
error: Proofs/Erdos476OQ05Problem.lean:657:68: unsolved goals
p : ℕ
hp : Fact (Nat.Prime p)
B : Finset (ZMod p)
hB : 2 ≤ #B
a b : ZMod p
hab : a ≠ b
hA : #{a, b} = 2
h : #({a, b} + B) = #{a, b} + #B - 1
hlt : #{a, b} + #B - 1 < p
hd : b - a ≠ 0
hB_lt_p : #B < p
hunion : {a, b} + B = {a} + B ∪ ({b} + B)
hcardA : #({a} + B) = #B
hcardBb : #({b} + B) = #B
hAB_card : #({a, b} + B) = #B + 1
hIE : #({a} + B ∪ ({b} + B)) + #(({a} + B) ∩ ({b} + B)) = #({a} + B) + #({b} + B)
hint_card : #(({a} + B) ∩ ({b} + B)) = #B - 1
hinter_card_eq : #(({a} + B) ∩ ({b} + B)) = #(B ∩ image (fun x => x + (b - a)) B)
⊢ #(B \ image (fun x => x + (b - a)) B) = 1
error: Proofs/Erdos476OQ05Problem.lean:651:73: unsolved goals
p : ℕ
hp : Fact (Nat.Prime p)
B : Finset (ZMod p)
hB : 2 ≤ #B
a b : ZMod p
hab : a ≠ b
hA : #{a, b} = 2
h : #({a, b} + B) = #{a, b} + #B - 1
hlt : #{a, b} + #B - 1 < p
hd : b - a ≠ 0
hB_lt_p : #B < p
hB_near_periodic : #(B \ image (fun x => x + (b - a)) B) = 1
⊢ ∃ d a₀ b₀, IsArithmeticProgression {a, b} a₀ d ∧ IsArithmeticProgression B b₀ d
error: Proofs/Erdos476OQ05Problem.lean:773:53: unknown tactic
warning: Proofs/Erdos476OQ05Problem.lean:736:6: `push_neg` has been deprecated. Prefer using `push Not` instead.
If you'd rather continue using `push_neg` in your project, you can implement it as follows:
```
open Lean.Parser.Tactic in
macro "push_neg" cfg:optConfig loc:(location)? : tactic =>
  `(tactic| push $cfg:optConfig Not $[$loc]?)
```
error: Proofs/Erdos476OQ05Problem.lean:745:51: Unknown constant `Nat.inf_eq_min`
error: Proofs/Erdos476OQ05Problem.lean:773:42: Unknown identifier `b₂`
error: Proofs/Erdos476OQ05Problem.lean:773:49: unsolved goals
p : ℕ
hp : Fact (Nat.Prime p)
A B : Finset (ZMod p)
hA : 2 ≤ #A
hB : 2 ≤ #B
h : #(A + B) = #A + #B - 1
hlt : #A + #B - 1 < p
hA3 : 2 < #A
hall : ∀ a₀ ∈ A, #(A.erase a₀ + B) ≠ #A + #B - 2
hredA_card : ∀ a ∈ A, #(A.erase a + B) = #A + #B - 1
hredA : ∀ a ∈ A, A.erase a + B = A + B
hB2 : #B = 2
hA_lt_p : #A < p
b₁ : ZMod p
hb₁B : b₁ ∈ B
a : ZMod p
haA : a ∈ A
hmem : a + b₁ ∈ A.erase a + B
a' : ZMod p
ha'er : a' ≠ a ∧ a' ∈ A
b' : ZMod p
heq : a' + b' = a + b₁
hne_b : b₁ ≠ b'
hB_eq : B = {b₁, b'}
hd : b₁ - b' ≠ 0
⊢ a' = a + (b₁ - sorry)
error: Proofs/Erdos476OQ05Problem.lean:773:10: unsolved goals
case inr
p : ℕ
hp : Fact (Nat.Prime p)
A B : Finset (ZMod p)
hA : 2 ≤ #A
hB : 2 ≤ #B
h : #(A + B) = #A + #B - 1
hlt : #A + #B - 1 < p
hA3 : 2 < #A
hall : ∀ a₀ ∈ A, #(A.erase a₀ + B) ≠ #A + #B - 2
hredA_card : ∀ a ∈ A, #(A.erase a + B) = #A + #B - 1
hredA : ∀ a ∈ A, A.erase a + B = A + B
hB2 : #B = 2
hA_lt_p : #A < p
b₁ : ZMod p
hb₁B : b₁ ∈ B
a : ZMod p
haA : a ∈ A
hmem : a + b₁ ∈ A.erase a + B
a' : ZMod p
ha'er : a' ≠ a ∧ a' ∈ A
b' : ZMod p
heq : a' + b' = a + b₁
hne_b : b₁ ≠ b'
hB_eq : B = {b₁, b'}
hd : b₁ - b' ≠ 0
ha'_val : a' = a + (b₁ - sorry)
⊢ a + (b₁ - b') ∈ A
error: Proofs/Erdos476OQ05Problem.lean:758:6: unsolved goals
case pos
p : ℕ
hp : Fact (Nat.Prime p)
A B : Finset (ZMod p)
hA : 2 ≤ #A
hB : 2 ≤ #B
h : #(A + B) = #A + #B - 1
hlt : #A + #B - 1 < p
hA3 : 2 < #A
hall : ∀ a₀ ∈ A, #(A.erase a₀ + B) ≠ #A + #B - 2
hredA_card : ∀ a ∈ A, #(A.erase a + B) = #A + #B - 1
hredA : ∀ a ∈ A, A.erase a + B = A + B
hB2 : #B = 2
hA_lt_p : #A < p
b₁ b₂ : ZMod p
hne_b : b₁ ≠ b₂
hB_eq : B = {b₁, b₂}
hb₁B : b₁ ∈ B
hd : b₁ - b₂ ≠ 0
hclosed : ∀ a ∈ A, a + (b₁ - b₂) ∈ A
⊢ False
error: Proofs/Erdos476OQ05Problem.lean:734:91: unsolved goals
case neg
p : ℕ
hp : Fact (Nat.Prime p)
A B : Finset (ZMod p)
hA : 2 ≤ #A
hB : 2 ≤ #B
h : #(A + B) = #A + #B - 1
hlt : #A + #B - 1 < p
hA3 : 2 < #A
hall : ∀ a₀ ∈ A, #(A.erase a₀ + B) ≠ #A + #B - 2
hredA_card : ∀ a ∈ A, #(A.erase a + B) = #A + #B - 1
hredA : ∀ a ∈ A, A.erase a + B = A + B
hB2 : ¬#B = 2
⊢ False
error: Proofs/Erdos476OQ05Problem.lean:729:2: unsolved goals
case inl
p : ℕ
hp : Fact (Nat.Prime p)
A B : Finset (ZMod p)
hA : 2 ≤ #A
hB : 2 ≤ #B
h : #(A + B) = #A + #B - 1
hlt : #A + #B - 1 < p
hA3 : 2 < #A
a₀ : ZMod p
ha₀A : a₀ ∈ A
hcase1 : #(A.erase a₀ + B) = #A + #B - 2
⊢ ∃ d a₀ b₀, IsArithmeticProgression A a₀ d ∧ IsArithmeticProgression B b₀ d
error: Proofs/Erdos476OQ05Problem.lean:727:73: unsolved goals
case inr
p : ℕ
hp : Fact (Nat.Prime p)
A B : Finset (ZMod p)
hA : 2 ≤ #A
hB : 2 ≤ #B
h : #(A + B) = #A + #B - 1
hlt : #A + #B - 1 < p
hA2 : 2 = #A
⊢ ∃ d a₀ b₀, IsArithmeticProgression A a₀ d ∧ IsArithmeticProgression B b₀ d
error: Lean exited with code 1
✖ [8590/8671] Building Proofs.InfinitudePrimes4k1 (3.5s)
trace: .> LEAN_PATH=/workspace/proofs/.lake/packages/Cli/.lake/build/lib/lean:/workspace/proofs/.lake/packages/batteries/.lake/build/lib/lean:/workspace/proofs/.lake/packages/Qq/.lake/build/lib/lean:/workspace/proofs/.lake/packages/aesop/.lake/build/lib/lean:/workspace/proofs/.lake/packages/proofwidgets/.lake/build/lib/lean:/workspace/proofs/.lake/packages/importGraph/.lake/build/lib/lean:/workspace/proofs/.lake/packages/LeanSearchClient/.lake/build/lib/lean:/workspace/proofs/.lake/packages/plausible/.lake/build/lib/lean:/workspace/proofs/.lake/packages/mathlib/.lake/build/lib/lean:/workspace/proofs/.lake/build/lib/lean /root/.elan/toolchains/leanprover--lean4---v4.31.0/bin/lean /workspace/proofs/Proofs/InfinitudePrimes4k1.lean -o /workspace/proofs/.lake/build/lib/lean/Proofs/InfinitudePrimes4k1.olean -i /workspace/proofs/.lake/build/lib/lean/Proofs/InfinitudePrimes4k1.ilean -c /workspace/proofs/.lake/build/ir/Proofs/InfinitudePrimes4k1.c --setup /workspace/proofs/.lake/build/ir/Proofs/InfinitudePrimes4k1.setup.json --json
error: Proofs/InfinitudePrimes4k1.lean:70:15: Unknown constant `Nat.Prime.mod_four_ne_three_of_dvd_isSquare_neg_one`
error: Proofs/InfinitudePrimes4k1.lean:49:42: unsolved goals
p k : ℕ
hp : Nat.Prime p
hp2 : p ≠ 2
hdiv : p ∣ k ^ 2 + 1
hsq : IsSquare (-1)
this : Fact (Nat.Prime p)
hpmem : p ∈ p.primeFactors
⊢ p % 4 = 1
warning: Proofs/InfinitudePrimes4k1.lean:124:4: `push_neg` has been deprecated. Prefer using `push Not` instead.
If you'd rather continue using `push_neg` in your project, you can implement it as follows:
```
open Lean.Parser.Tactic in
macro "push_neg" cfg:optConfig loc:(location)? : tactic =>
  `(tactic| push $cfg:optConfig Not $[$loc]?)
```
info: Proofs/InfinitudePrimes4k1.lean:177:0: InfinitudePrimes4k1.infinitely_many_primes_1_mod_4 (n : ℕ) : ∃ p, Nat.Prime p ∧ p > n ∧ p % 4 = 1
info: Proofs/InfinitudePrimes4k1.lean:178:0: InfinitudePrimes4k1.primes_1_mod_4_infinite : {p | Nat.Prime p ∧ p % 4 = 1}.Infinite
info: Proofs/InfinitudePrimes4k1.lean:179:0: InfinitudePrimes4k1.no_largest_prime_1_mod_4 :
  ¬∃ p, Nat.Prime p ∧ p % 4 = 1 ∧ ∀ (q : ℕ), Nat.Prime q → q % 4 = 1 → q ≤ p
error: Lean exited with code 1
✔ [8591/8671] Built Proofs.WilsonsTheoremOQ06 (3.4s)
⚠ [8592/8671] Built Proofs.InfinitudePrimes (3.3s)
warning: Proofs/InfinitudePrimes.lean:94:4: `push_neg` has been deprecated. Prefer using `push Not` instead.
If you'd rather continue using `push_neg` in your project, you can implement it as follows:
```
open Lean.Parser.Tactic in
macro "push_neg" cfg:optConfig loc:(location)? : tactic =>
  `(tactic| push $cfg:optConfig Not $[$loc]?)
```
info: Proofs/InfinitudePrimes.lean:123:0: InfinitudePrimes.unbounded_primes (n : ℕ) : ∃ p, Nat.Prime p ∧ p > n
info: Proofs/InfinitudePrimes.lean:124:0: InfinitudePrimes.primes_infinite (n : ℕ) : ∃ p, Nat.Prime p ∧ p > n
info: Proofs/InfinitudePrimes.lean:125:0: InfinitudePrimes.no_largest_prime : ¬∃ p, Nat.Prime p ∧ ∀ (q : ℕ), Nat.Prime q → q ≤ p
✖ [8593/8671] Building Proofs.GcdAlgorithmOQ02 (3.4s)
trace: .> LEAN_PATH=/workspace/proofs/.lake/packages/Cli/.lake/build/lib/lean:/workspace/proofs/.lake/packages/batteries/.lake/build/lib/lean:/workspace/proofs/.lake/packages/Qq/.lake/build/lib/lean:/workspace/proofs/.lake/packages/aesop/.lake/build/lib/lean:/workspace/proofs/.lake/packages/proofwidgets/.lake/build/lib/lean:/workspace/proofs/.lake/packages/importGraph/.lake/build/lib/lean:/workspace/proofs/.lake/packages/LeanSearchClient/.lake/build/lib/lean:/workspace/proofs/.lake/packages/plausible/.lake/build/lib/lean:/workspace/proofs/.lake/packages/mathlib/.lake/build/lib/lean:/workspace/proofs/.lake/build/lib/lean /root/.elan/toolchains/leanprover--lean4---v4.31.0/bin/lean /workspace/proofs/Proofs/GcdAlgorithmOQ02.lean -o /workspace/proofs/.lake/build/lib/lean/Proofs/GcdAlgorithmOQ02.olean -i /workspace/proofs/.lake/build/lib/lean/Proofs/GcdAlgorithmOQ02.ilean -c /workspace/proofs/.lake/build/ir/Proofs/GcdAlgorithmOQ02.c --setup /workspace/proofs/.lake/build/ir/Proofs/GcdAlgorithmOQ02.setup.json --json
error: Proofs/GcdAlgorithmOQ02.lean:41:35: Application type mismatch: The argument
  h1
has type
  (a - b).gcd b ∣ a - b
but is expected to have type
  (a - b + b - b).gcd b ∣ a - b
in the application
  Nat.dvd_add h1
error: Proofs/GcdAlgorithmOQ02.lean:51:58: Application type mismatch: The argument
  hb
has type
  b % 2 = 1
but is expected to have type
  Odd b
in the application
  Nat.coprime_two_left.mpr hb
error: Proofs/GcdAlgorithmOQ02.lean:52:2: Type mismatch
  Eq.symm (Nat.Coprime.gcd_mul_left_cancel a hcop)
has type
  a.gcd b = (2 * a).gcd b
but is expected to have type
  (2 * a).gcd b = a.gcd b
error: Proofs/GcdAlgorithmOQ02.lean:95:17: Unknown identifier `a`
error: Proofs/GcdAlgorithmOQ02.lean:113:47: omega could not prove the goal:
a possible counterexample may satisfy the constraints
  c ≥ 0
where
 c := ↑b / 2
error: Proofs/GcdAlgorithmOQ02.lean:122:23: Unknown constant `BinaryGcd.binaryGcd.induct`
error: Proofs/GcdAlgorithmOQ02.lean:169:2: `simp` made no progress
error: Proofs/GcdAlgorithmOQ02.lean:173:14: `simp` made no progress
error: Proofs/GcdAlgorithmOQ02.lean:173:14: `simp` made no progress
info: Proofs/GcdAlgorithmOQ02.lean:175:0: BinaryGcd.binaryGcd_eq_gcd (a b : ℕ) : binaryGcd a b = a.gcd b
error: Lean exited with code 1
⚠ [8594/8671] Built Proofs.Erdos848Problem (4.0s)
warning: Proofs/Erdos848Problem.lean:126:39: Variable name `hN` is not explicitly referenced.

The binding can be removed (if unused) or named `_` (if used implicitly).

Note: This linter can be disabled with `set_option linter.unusedVariables false`
warning: Proofs/Erdos848Problem.lean:173:2: `push_neg` has been deprecated. Prefer using `push Not` instead.
If you'd rather continue using `push_neg` in your project, you can implement it as follows:
```
open Lean.Parser.Tactic in
macro "push_neg" cfg:optConfig loc:(location)? : tactic =>
  `(tactic| push $cfg:optConfig Not $[$loc]?)
```
warning: Proofs/Erdos848Problem.lean:188:47: Variable name `hp` is not explicitly referenced.

The binding can be removed (if unused) or named `_` (if used implicitly).

Note: This linter can be disabled with `set_option linter.unusedVariables false`
✖ [8595/8671] Building Proofs.BuffonsNeedleOQ02OQ02 (4.0s)
trace: .> LEAN_PATH=/workspace/proofs/.lake/packages/Cli/.lake/build/lib/lean:/workspace/proofs/.lake/packages/batteries/.lake/build/lib/lean:/workspace/proofs/.lake/packages/Qq/.lake/build/lib/lean:/workspace/proofs/.lake/packages/aesop/.lake/build/lib/lean:/workspace/proofs/.lake/packages/proofwidgets/.lake/build/lib/lean:/workspace/proofs/.lake/packages/importGraph/.lake/build/lib/lean:/workspace/proofs/.lake/packages/LeanSearchClient/.lake/build/lib/lean:/workspace/proofs/.lake/packages/plausible/.lake/build/lib/lean:/workspace/proofs/.lake/packages/mathlib/.lake/build/lib/lean:/workspace/proofs/.lake/build/lib/lean /root/.elan/toolchains/leanprover--lean4---v4.31.0/bin/lean /workspace/proofs/Proofs/BuffonsNeedleOQ02OQ02.lean -o /workspace/proofs/.lake/build/lib/lean/Proofs/BuffonsNeedleOQ02OQ02.olean -i /workspace/proofs/.lake/build/lib/lean/Proofs/BuffonsNeedleOQ02OQ02.ilean -c /workspace/proofs/.lake/build/ir/Proofs/BuffonsNeedleOQ02OQ02.c --setup /workspace/proofs/.lake/build/ir/Proofs/BuffonsNeedleOQ02OQ02.setup.json --json
error: Proofs/BuffonsNeedleOQ02OQ02.lean:89:5: typeclass instance problem is stuck
  IsLocallyFiniteMeasure ?m.142

Note: Lean will not try to resolve this typeclass instance problem because the fourth type argument to `IsLocallyFiniteMeasure` is a metavariable. This argument must be fully determined before Lean will try to resolve the typeclass.

Hint: Adding type annotations and supplying implicit arguments to functions can give Lean more information for typeclass resolution. For example, if you have a variable `x` that you intend to be a `Nat`, but Lean reports it as having an unresolved type like `?m`, replacing `x` with `(x : Nat)` can get typeclass resolution un-stuck.
warning: Proofs/BuffonsNeedleOQ02OQ02.lean:120:64: Variable name `hd` is not explicitly referenced.

The binding can be removed (if unused) or named `_` (if used implicitly).

Note: This linter can be disabled with `set_option linter.unusedVariables false`
error: Proofs/BuffonsNeedleOQ02OQ02.lean:157:11: Function expected at
  ContDiff
but this term has type
  ?m.1

Note: Expected a function because this term is being applied to the argument
  ℝ

Hint: The identifier `ContDiff` is unknown, and Lean's `autoImplicit` option causes an unknown identifier to be treated as an implicitly bound variable with an unknown type. However, the unknown type cannot be a function, and a function is what Lean expects here. This is often the result of a typo or a missing `import` or `open` statement.
error: Proofs/BuffonsNeedleOQ02OQ02.lean:172:12: Function expected at
  ContDiff
but this term has type
  ?m.1

Note: Expected a function because this term is being applied to the argument
  ℝ

Hint: The identifier `ContDiff` is unknown, and Lean's `autoImplicit` option causes an unknown identifier to be treated as an implicitly bound variable with an unknown type. However, the unknown type cannot be a function, and a function is what Lean expects here. This is often the result of a typo or a missing `import` or `open` statement.
error: Proofs/BuffonsNeedleOQ02OQ02.lean:172:37: Function expected at
  ContDiff
but this term has type
  ?m.1

Note: Expected a function because this term is being applied to the argument
  ℝ

Hint: The identifier `ContDiff` is unknown, and Lean's `autoImplicit` option causes an unknown identifier to be treated as an implicitly bound variable with an unknown type. However, the unknown type cannot be a function, and a function is what Lean expects here. This is often the result of a typo or a missing `import` or `open` statement.
error: Proofs/BuffonsNeedleOQ02OQ02.lean:175:44: unsolved goals
x✝ : Sort u_1
ContDiff : x✝
γ₁ γ₂ : ℝ → ℝ × ℝ × ℝ
a₁ b₁ a₂ b₂ d : ℝ
hd : 0 < d
h₁ : a₁ ≤ b₁
h₂ : a₂ ≤ b₂
hC1₁ : sorry
hC1₂ : sorry
hSameLen : arcLength3D γ₁ a₁ b₁ = arcLength3D γ₂ a₂ b₂
⊢ Sort ?u.40

x✝ : Sort u_1
ContDiff : x✝
γ₁ γ₂ : ℝ → ℝ × ℝ × ℝ
a₁ b₁ a₂ b₂ d : ℝ
hd : 0 < d
h₁ : a₁ ≤ b₁
h₂ : a₂ ≤ b₂
hC1₁ : sorry
hC1₂ : sorry
hSameLen : arcLength3D γ₁ a₁ b₁ = arcLength3D γ₂ a₂ b₂
⊢ ?m.24

x✝ : Sort u_1
ContDiff : x✝
γ₁ γ₂ : ℝ → ℝ × ℝ × ℝ
a₁ b₁ a₂ b₂ d : ℝ
hd : 0 < d
h₁ : a₁ ≤ b₁
h₂ : a₂ ≤ b₂
hC1₁ : sorry
hC1₂ : sorry
hSameLen : arcLength3D γ₁ a₁ b₁ = arcLength3D γ₂ a₂ b₂
⊢ Sort ?u.38

x✝ : Sort u_1
ContDiff : x✝
γ₁ γ₂ : ℝ → ℝ × ℝ × ℝ
a₁ b₁ a₂ b₂ d : ℝ
hd : 0 < d
h₁ : a₁ ≤ b₁
h₂ : a₂ ≤ b₂
hC1₁ : sorry
hC1₂ : sorry
hSameLen : arcLength3D γ₁ a₁ b₁ = arcLength3D γ₂ a₂ b₂
⊢ ?m.17
error: Proofs/BuffonsNeedleOQ02OQ02.lean:182:11: Function expected at
  ContDiff
but this term has type
  ?m.1

Note: Expected a function because this term is being applied to the argument
  ℝ

Hint: The identifier `ContDiff` is unknown, and Lean's `autoImplicit` option causes an unknown identifier to be treated as an implicitly bound variable with an unknown type. However, the unknown type cannot be a function, and a function is what Lean expects here. This is often the result of a typo or a missing `import` or `open` statement.
error: Proofs/BuffonsNeedleOQ02OQ02.lean:183:45: unsolved goals
x✝ : Sort u_1
ContDiff : x✝
γ : ℝ → ℝ × ℝ × ℝ
a b d : ℝ
hd : 0 < d
hab : a ≤ b
hC1 : sorry
⊢ Sort ?u.25

x✝ : Sort u_1
ContDiff : x✝
γ : ℝ → ℝ × ℝ × ℝ
a b d : ℝ
hd : 0 < d
hab : a ≤ b
hC1 : sorry
⊢ ?m.15
warning: Proofs/BuffonsNeedleOQ02OQ02.lean:208:13: Variable name `hd` is not explicitly referenced.

The binding can be removed (if unused) or named `_` (if used implicitly).

Note: This linter can be disabled with `set_option linter.unusedVariables false`
error: Proofs/BuffonsNeedleOQ02OQ02.lean:262:18: Unknown identifier `pi_lt_four`
error: Proofs/BuffonsNeedleOQ02OQ02.lean:286:12: Function expected at
  ContDiff
but this term has type
  ?m.1

Note: Expected a function because this term is being applied to the argument
  ℝ

Hint: The identifier `ContDiff` is unknown, and Lean's `autoImplicit` option causes an unknown identifier to be treated as an implicitly bound variable with an unknown type. However, the unknown type cannot be a function, and a function is what Lean expects here. This is often the result of a typo or a missing `import` or `open` statement.
error: Proofs/BuffonsNeedleOQ02OQ02.lean:286:37: Function expected at
  ContDiff
but this term has type
  ?m.1

Note: Expected a function because this term is being applied to the argument
  ℝ

Hint: The identifier `ContDiff` is unknown, and Lean's `autoImplicit` option causes an unknown identifier to be treated as an implicitly bound variable with an unknown type. However, the unknown type cannot be a function, and a function is what Lean expects here. This is often the result of a typo or a missing `import` or `open` statement.
error: Proofs/BuffonsNeedleOQ02OQ02.lean:292:6: Unknown identifier `div_le_div_right`
error: Proofs/BuffonsNeedleOQ02OQ02.lean:289:44: unsolved goals
x✝ : Sort u_1
ContDiff : x✝
γ₁ γ₂ : ℝ → ℝ × ℝ × ℝ
a₁ b₁ a₂ b₂ d : ℝ
hd : 0 < d
h₁ : a₁ ≤ b₁
h₂ : a₂ ≤ b₂
hC1₁ : sorry
hC1₂ : sorry
hlen : arcLength3D γ₁ a₁ b₁ ≤ arcLength3D γ₂ a₂ b₂
⊢ arcLength3D γ₁ a₁ b₁ / (2 * d) ≤ arcLength3D γ₂ a₂ b₂ / (2 * d)

x✝ : Sort u_1
ContDiff : x✝
γ₁ γ₂ : ℝ → ℝ × ℝ × ℝ
a₁ b₁ a₂ b₂ d : ℝ
hd : 0 < d
h₁ : a₁ ≤ b₁
h₂ : a₂ ≤ b₂
hC1₁ : sorry
hC1₂ : sorry
hlen : arcLength3D γ₁ a₁ b₁ ≤ arcLength3D γ₂ a₂ b₂
⊢ Sort ?u.40

x✝ : Sort u_1
ContDiff : x✝
γ₁ γ₂ : ℝ → ℝ × ℝ × ℝ
a₁ b₁ a₂ b₂ d : ℝ
hd : 0 < d
h₁ : a₁ ≤ b₁
h₂ : a₂ ≤ b₂
hC1₁ : sorry
hC1₂ : sorry
hlen : arcLength3D γ₁ a₁ b₁ ≤ arcLength3D γ₂ a₂ b₂
⊢ ?m.26

x✝ : Sort u_1
ContDiff : x✝
γ₁ γ₂ : ℝ → ℝ × ℝ × ℝ
a₁ b₁ a₂ b₂ d : ℝ
hd : 0 < d
h₁ : a₁ ≤ b₁
h₂ : a₂ ≤ b₂
hC1₁ : sorry
hC1₂ : sorry
hlen : arcLength3D γ₁ a₁ b₁ ≤ arcLength3D γ₂ a₂ b₂
⊢ Sort ?u.38

x✝ : Sort u_1
ContDiff : x✝
γ₁ γ₂ : ℝ → ℝ × ℝ × ℝ
a₁ b₁ a₂ b₂ d : ℝ
hd : 0 < d
h₁ : a₁ ≤ b₁
h₂ : a₂ ≤ b₂
hC1₁ : sorry
hC1₂ : sorry
hlen : arcLength3D γ₁ a₁ b₁ ≤ arcLength3D γ₂ a₂ b₂
⊢ ?m.19
error: Proofs/BuffonsNeedleOQ02OQ02.lean:300:12: Function expected at
  ContDiff
but this term has type
  ?m.1

Note: Expected a function because this term is being applied to the argument
  ℝ

Hint: The identifier `ContDiff` is unknown, and Lean's `autoImplicit` option causes an unknown identifier to be treated as an implicitly bound variable with an unknown type. However, the unknown type cannot be a function, and a function is what Lean expects here. This is often the result of a typo or a missing `import` or `open` statement.
error: Proofs/BuffonsNeedleOQ02OQ02.lean:300:37: Function expected at
  ContDiff
but this term has type
  ?m.1

Note: Expected a function because this term is being applied to the argument
  ℝ

Hint: The identifier `ContDiff` is unknown, and Lean's `autoImplicit` option causes an unknown identifier to be treated as an implicitly bound variable with an unknown type. However, the unknown type cannot be a function, and a function is what Lean expects here. This is often the result of a typo or a missing `import` or `open` statement.
error: Proofs/BuffonsNeedleOQ02OQ02.lean:306:6: Unknown identifier `div_lt_div_right`
error: Proofs/BuffonsNeedleOQ02OQ02.lean:303:44: unsolved goals
x✝ : Sort u_1
ContDiff : x✝
γ₁ γ₂ : ℝ → ℝ × ℝ × ℝ
a₁ b₁ a₂ b₂ d : ℝ
hd : 0 < d
h₁ : a₁ ≤ b₁
h₂ : a₂ ≤ b₂
hC1₁ : sorry
hC1₂ : sorry
hlen : arcLength3D γ₁ a₁ b₁ < arcLength3D γ₂ a₂ b₂
⊢ arcLength3D γ₁ a₁ b₁ / (2 * d) < arcLength3D γ₂ a₂ b₂ / (2 * d)

x✝ : Sort u_1
ContDiff : x✝
γ₁ γ₂ : ℝ → ℝ × ℝ × ℝ
a₁ b₁ a₂ b₂ d : ℝ
hd : 0 < d
h₁ : a₁ ≤ b₁
h₂ : a₂ ≤ b₂
hC1₁ : sorry
hC1₂ : sorry
hlen : arcLength3D γ₁ a₁ b₁ < arcLength3D γ₂ a₂ b₂
⊢ Sort ?u.40

x✝ : Sort u_1
ContDiff : x✝
γ₁ γ₂ : ℝ → ℝ × ℝ × ℝ
a₁ b₁ a₂ b₂ d : ℝ
hd : 0 < d
h₁ : a₁ ≤ b₁
h₂ : a₂ ≤ b₂
hC1₁ : sorry
hC1₂ : sorry
hlen : arcLength3D γ₁ a₁ b₁ < arcLength3D γ₂ a₂ b₂
⊢ ?m.26

x✝ : Sort u_1
ContDiff : x✝
γ₁ γ₂ : ℝ → ℝ × ℝ × ℝ
a₁ b₁ a₂ b₂ d : ℝ
hd : 0 < d
h₁ : a₁ ≤ b₁
h₂ : a₂ ≤ b₂
hC1₁ : sorry
hC1₂ : sorry
hlen : arcLength3D γ₁ a₁ b₁ < arcLength3D γ₂ a₂ b₂
⊢ Sort ?u.38

x✝ : Sort u_1
ContDiff : x✝
γ₁ γ₂ : ℝ → ℝ × ℝ × ℝ
a₁ b₁ a₂ b₂ d : ℝ
hd : 0 < d
h₁ : a₁ ≤ b₁
h₂ : a₂ ≤ b₂
hC1₁ : sorry
hC1₂ : sorry
hlen : arcLength3D γ₁ a₁ b₁ < arcLength3D γ₂ a₂ b₂
⊢ ?m.19
error: Proofs/BuffonsNeedleOQ02OQ02.lean:325:2: No goals to be solved
error: Proofs/BuffonsNeedleOQ02OQ02.lean:335:2: No goals to be solved
error: Lean exited with code 1
✖ [8596/8671] Building Proofs.Erdos770Problem (4.3s)
trace: .> LEAN_PATH=/workspace/proofs/.lake/packages/Cli/.lake/build/lib/lean:/workspace/proofs/.lake/packages/batteries/.lake/build/lib/lean:/workspace/proofs/.lake/packages/Qq/.lake/build/lib/lean:/workspace/proofs/.lake/packages/aesop/.lake/build/lib/lean:/workspace/proofs/.lake/packages/proofwidgets/.lake/build/lib/lean:/workspace/proofs/.lake/packages/importGraph/.lake/build/lib/lean:/workspace/proofs/.lake/packages/LeanSearchClient/.lake/build/lib/lean:/workspace/proofs/.lake/packages/plausible/.lake/build/lib/lean:/workspace/proofs/.lake/packages/mathlib/.lake/build/lib/lean:/workspace/proofs/.lake/build/lib/lean /root/.elan/toolchains/leanprover--lean4---v4.31.0/bin/lean /workspace/proofs/Proofs/Erdos770Problem.lean -o /workspace/proofs/.lake/build/lib/lean/Proofs/Erdos770Problem.olean -i /workspace/proofs/.lake/build/lib/lean/Proofs/Erdos770Problem.ilean -c /workspace/proofs/.lake/build/ir/Proofs/Erdos770Problem.c --setup /workspace/proofs/.lake/build/ir/Proofs/Erdos770Problem.setup.json --json
error: Proofs/Erdos770Problem.lean:213:24: unexpected token '/--'; expected 'lemma'
error: Proofs/Erdos770Problem.lean:215:19: unexpected token '/--'; expected 'lemma'
error: Proofs/Erdos770Problem.lean:220:30: Unknown constant `Finset.not_mem_empty`
error: Proofs/Erdos770Problem.lean:293:8: Tactic `rewrite` failed: Did not find an occurrence of the pattern
  ↑a ^ (p - 1)
in the target expression
  (↑a ^ (Fintype.card (ZMod p) - 1)) ^ m = 1

p : ℕ
hp : Nat.Prime p
n a : ℕ
hcop : ¬p ∣ a
this : Fact (Nat.Prime p)
ha_pos : 0 < a
ha_zmod : ↑a ≠ 0
m : ℕ
hm : n = (p - 1) * m
⊢ (↑a ^ (Fintype.card (ZMod p) - 1)) ^ m = 1
error: Proofs/Erdos770Problem.lean:299:38: omega could not prove the goal:
a possible counterexample may satisfy the constraints
  f ≥ 0
  e ≥ 0
  e - f ≥ 1
  d ≥ 0
  c ≥ 1
  b ≥ 1
where
 b := ↑a % ↑p
 c := ↑a
 d := ↑(p - 1) * ↑m
 e := ↑(a ^ n / p) * ↑p
 f := ↑(a ^ n - 1)
error: Proofs/Erdos770Problem.lean:349:37: omega could not prove the goal:
a possible counterexample may satisfy the constraints
  a ≥ 1
where
 a := ↑n
error: Proofs/Erdos770Problem.lean:372:46: omega could not prove the goal:
a possible counterexample may satisfy the constraints
  c ≥ 0
  0 ≤ b ≤ 1
  a ≥ 1
  a - b ≥ -1
where
 a := ↑n
 b := ↑q
 c := ↑(q ^ n - 1)
error: Proofs/Erdos770Problem.lean:393:19: Unknown identifier `X`
error: Proofs/Erdos770Problem.lean:393:10: failed to prove index is valid, possible solutions:
  - Use `have`-expressions to prove the index is valid
  - Use `a[i]!` notation instead, runtime check is performed, and 'Panic' error message is produced if index is not valid
  - Use `a[i]?` notation instead, result is an `Option` type
  - Use `a[i]'h` notation instead, where `h` is a proof that index is valid
n q : ℕ
hn : 0 < n
hq : Nat.Prime q
hq_gt : q > n + 1
hq_dvd : q ∣ gcdPowerSeq n (n + 1)
this✝ : Fact (Nat.Prime q)
this : NeZero q
⊢ ?m.36 (ZMod q) sorry
error: Proofs/Erdos770Problem.lean:397:6: `simp` made no progress
error: Proofs/Erdos770Problem.lean:403:8: Failed to rewrite using equation theorems for `Polynomial.IsRoot`
error: Proofs/Erdos770Problem.lean:389:52: unsolved goals
case refine_1
n q : ℕ
hn : 0 < n
hq : Nat.Prime q
hq_gt : q > n + 1
hq_dvd : q ∣ gcdPowerSeq n (n + 1)
this✝ : Fact (Nat.Prime q)
this : NeZero q
f : (ZMod q)[sorry] := Polynomial.X ^ n - 1
hf_def : f = Polynomial.X ^ n - 1
hf_deg : sorry = n
is_root : (a : ℕ) → a ∈ Icc 1 (n + 1) → sorry
⊢ OfNat (ZMod q)[sorry] 0
error: Proofs/Erdos770Problem.lean:454:72: omega could not prove the goal:
a possible counterexample may satisfy the constraints
  c ≥ 0
  b - c ≥ 0
  a ≥ 1
where
 a := ↑n
 b := ↑2 ^ n
 c := ↑?m.119
error: Proofs/Erdos770Problem.lean:485:30: Application type mismatch: The argument
  gcdPowerSeq_at_succ_eq_one hn
has type
  gcdPowerSeq n (n + 1) = 1
but is expected to have type
  ?m.16 (n + 1)
in the application
  Exists.intro (n + 1) (gcdPowerSeq_at_succ_eq_one hn)
error: Proofs/Erdos770Problem.lean:496:60: Application type mismatch: The argument
  hk
has type
  k < Nat.find ⋯
but is expected to have type
  1 < Nat.find ⋯
in the application
  Nat.find_min (Exists.intro (n + 1) ?m.32) hk
error: Proofs/Erdos770Problem.lean:496:29: Application type mismatch: The argument
  gcdPowerSeq_at_succ_eq_one hn
has type
  gcdPowerSeq n (n + 1) = 1
but is expected to have type
  gcdPowerSeq n k = n + 1
in the application
  Exists.intro (n + 1) (gcdPowerSeq_at_succ_eq_one hn)
warning: Proofs/Erdos770Problem.lean:514:4: `push_neg` has been deprecated. Prefer using `push Not` instead.
If you'd rather continue using `push_neg` in your project, you can implement it as follows:
```
open Lean.Parser.Tactic in
macro "push_neg" cfg:optConfig loc:(location)? : tactic =>
  `(tactic| push $cfg:optConfig Not $[$loc]?)
```
error: Proofs/Erdos770Problem.lean:532:52: omega could not prove the goal:
a possible counterexample may satisfy the constraints
  c ≥ 0
  b ≥ 0
  b - c ≥ 0
  a ≥ 0
  a - b ≥ 1
where
 a := ↑p
 b := ↑M
 c := ↑(hMinK (hMinK (p - 1) - 1))
error: Lean exited with code 1
✖ [8597/8671] Building Proofs.Erdos524Problem (4.0s)
trace: .> LEAN_PATH=/workspace/proofs/.lake/packages/Cli/.lake/build/lib/lean:/workspace/proofs/.lake/packages/batteries/.lake/build/lib/lean:/workspace/proofs/.lake/packages/Qq/.lake/build/lib/lean:/workspace/proofs/.lake/packages/aesop/.lake/build/lib/lean:/workspace/proofs/.lake/packages/proofwidgets/.lake/build/lib/lean:/workspace/proofs/.lake/packages/importGraph/.lake/build/lib/lean:/workspace/proofs/.lake/packages/LeanSearchClient/.lake/build/lib/lean:/workspace/proofs/.lake/packages/plausible/.lake/build/lib/lean:/workspace/proofs/.lake/packages/mathlib/.lake/build/lib/lean:/workspace/proofs/.lake/build/lib/lean /root/.elan/toolchains/leanprover--lean4---v4.31.0/bin/lean /workspace/proofs/Proofs/Erdos524Problem.lean -o /workspace/proofs/.lake/build/lib/lean/Proofs/Erdos524Problem.olean -i /workspace/proofs/.lake/build/lib/lean/Proofs/Erdos524Problem.ilean -c /workspace/proofs/.lake/build/ir/Proofs/Erdos524Problem.c --setup /workspace/proofs/.lake/build/ir/Proofs/Erdos524Problem.setup.json --json
error: Proofs/Erdos524Problem.lean:32:5: unexpected token 'in'; expected ','
error: Proofs/Erdos524Problem.lean:42:28: unexpected token '/--'; expected 'lemma'
error: Proofs/Erdos524Problem.lean:46:66: unexpected token '/--'; expected 'lemma'
error: Proofs/Erdos524Problem.lean:74:75: unsolved goals
t : ℝ
n : ℕ
⊢ sorry t n 0 = 0
warning: Proofs/Erdos524Problem.lean:75:8: declaration uses `sorry`
error: Proofs/Erdos524Problem.lean:79:78: unsolved goals
t : ℝ
n : ℕ
⊢ sorry t n 1 = ∑ k ∈ Finset.range n, ↑(binaryDigit t (k + 1))
warning: Proofs/Erdos524Problem.lean:80:8: declaration uses `sorry`
error: Proofs/Erdos524Problem.lean:85:51: unsolved goals
t : ℝ
n : ℕ
x : ℝ
⊢ sorry t (n + 1) x = sorry t n x + ↑(binaryDigit t (n + 1)) * x ^ (n + 1)
warning: Proofs/Erdos524Problem.lean:86:8: declaration uses `sorry`
warning: Proofs/Erdos524Problem.lean:86:22: This simp argument is unused:
  Finset.sum_range_succ

Hint: Omit it from the simp argument list.
  simp [randSignPoly,̵ ̵F̵i̵n̵s̵e̵t̵.̵s̵u̵m̵_̵r̵a̵n̵g̵e̵_̵s̵u̵c̵c̵]

Note: This linter can be disabled with `set_option linter.unusedSimpArgs false`
error: Proofs/Erdos524Problem.lean:95:9: unsolved goals
case zero
t x : ℝ
hx : |x| ≤ 1
⊢ sorry t 0 x = 0
error: Proofs/Erdos524Problem.lean:105:14: Unknown identifier `abs_add`
warning: Proofs/Erdos524Problem.lean:95:18: declaration uses `sorry`
error: Proofs/Erdos524Problem.lean:118:70: unsolved goals
t x : ℝ
⊢ sorry t 0 x = 0
warning: Proofs/Erdos524Problem.lean:119:8: declaration uses `sorry`
warning: Proofs/Erdos524Problem.lean:127:8: `continuous_finset_sum` has been deprecated: Use `continuous_finsetSum` instead
warning: Proofs/Erdos524Problem.lean:126:13: declaration uses `sorry`
warning: Proofs/Erdos524Problem.lean:124:8: declaration uses `sorry`
warning: Proofs/Erdos524Problem.lean:127:2: 'apply continuous_finset_sum' tactic does nothing

Note: This linter can be disabled with `set_option linter.unusedTactic false`
warning: Proofs/Erdos524Problem.lean:128:2: 'intro k _' tactic does nothing

Note: This linter can be disabled with `set_option linter.unusedTactic false`
warning: Proofs/Erdos524Problem.lean:129:2: 'exact continuous_const.mul (continuous_pow _)' tactic does nothing

Note: This linter can be disabled with `set_option linter.unusedTactic false`
warning: Proofs/Erdos524Problem.lean:128:2: this tactic is never executed

Note: This linter can be disabled with `set_option linter.unreachableTactic false`
warning: Proofs/Erdos524Problem.lean:129:2: this tactic is never executed

Note: This linter can be disabled with `set_option linter.unreachableTactic false`
error: Proofs/Erdos524Problem.lean:205:53: unsolved goals
t x : ℝ
⊢ |sorry t 1 x| = |x|
warning: Proofs/Erdos524Problem.lean:207:15: declaration uses `sorry`
warning: Proofs/Erdos524Problem.lean:207:29: This simp argument is unused:
  Finset.sum_range_one

Hint: Omit it from the simp argument list.
  simp only [randSignPoly, F̵i̵n̵s̵e̵t̵.̵s̵u̵m̵_̵r̵a̵n̵g̵e̵_̵o̵n̵e̵,̵ ̵Nat.zero_add, pow_one, abs_mul, binaryDigit_cast_abs, one_mul]

Note: This linter can be disabled with `set_option linter.unusedSimpArgs false`
warning: Proofs/Erdos524Problem.lean:207:51: This simp argument is unused:
  Nat.zero_add

Hint: Omit it from the simp argument list.
  simp only [randSignPoly, Finset.sum_range_one, N̵a̵t̵.̵z̵e̵r̵o̵_̵a̵d̵d̵,̵ ̵pow_one, abs_mul, binaryDigit_cast_abs, one_mul]

Note: This linter can be disabled with `set_option linter.unusedSimpArgs false`
warning: Proofs/Erdos524Problem.lean:207:65: This simp argument is unused:
  pow_one

Hint: Omit it from the simp argument list.
  simp only [randSignPoly, Finset.sum_range_one, Nat.zero_add, p̵o̵w̵_̵o̵n̵e̵,̵abs_mul, binaryDigit_cast_abs,
  ̲  ̲ ̲ ̲ ̲ ̲one_mul]

Note: This linter can be disabled with `set_option linter.unusedSimpArgs false`
warning: Proofs/Erdos524Problem.lean:208:15: This simp argument is unused:
  abs_mul

Hint: Omit it from the simp argument list.
  simp only [randSignPoly, Finset.sum_range_one, Nat.zero_add, pow_one, a̵b̵s̵_̵m̵u̵l̵,̵ ̵binaryDigit_cast_abs,
  ̲  ̲ ̲ ̲ ̲ ̲one_mul]

Note: This linter can be disabled with `set_option linter.unusedSimpArgs false`
warning: Proofs/Erdos524Problem.lean:208:24: This simp argument is unused:
  binaryDigit_cast_abs

Hint: Omit it from the simp argument list.
  simp only [randSignPoly, Finset.sum_range_one, Nat.zero_add, pow_one, abs_mul, b̵i̵n̵a̵r̵y̵D̵i̵g̵i̵t̵_̵c̵a̵s̵t̵_̵a̵b̵s̵,̵ ̵one_mul]

Note: This linter can be disabled with `set_option linter.unusedSimpArgs false`
warning: Proofs/Erdos524Problem.lean:208:46: This simp argument is unused:
  one_mul

Hint: Omit it from the simp argument list.
  simp only [randSignPoly, Finset.sum_range_one, Nat.zero_add, pow_one, abs_mul,
  ̲  ̲ ̲ ̲ ̲ ̲b̵i̵n̵a̵r̵y̵D̵i̵g̵i̵t̵_̵c̵a̵s̵t̵_̵a̵b̵s̵,̵ ̵o̵n̵e̵_̵m̵u̵l̵]̵b̲i̲n̲a̲r̲y̲D̲i̲g̲i̲t̲_̲c̲a̲s̲t̲_̲a̲b̲s̲]̲

Note: This linter can be disabled with `set_option linter.unusedSimpArgs false`
error: Proofs/Erdos524Problem.lean:245:12: Unknown identifier `abs_add`
error: Proofs/Erdos524Problem.lean:275:12: Unknown identifier `abs_add`
error: Proofs/Erdos524Problem.lean:306:4: unsolved goals
case a.inl.inl
t : ℝ
h1_mem : 1 ∈ Set.Icc (-1) 1
hn1_mem : -1 ∈ Set.Icc (-1) 1
h1 : binaryDigit t 1 = 1
h2 : binaryDigit t 2 = 1
⊢ |sorry t 2 1| = 2
error: Proofs/Erdos524Problem.lean:309:4: unsolved goals
case a.inl.inr
t : ℝ
h1_mem : 1 ∈ Set.Icc (-1) 1
hn1_mem : -1 ∈ Set.Icc (-1) 1
h1 : binaryDigit t 1 = 1
h2 : binaryDigit t 2 = -1
⊢ |sorry t 2 (-1)| = 2
error: Proofs/Erdos524Problem.lean:312:4: unsolved goals
case a.inr.inl
t : ℝ
h1_mem : 1 ∈ Set.Icc (-1) 1
hn1_mem : -1 ∈ Set.Icc (-1) 1
h1 : binaryDigit t 1 = -1
h2 : binaryDigit t 2 = 1
⊢ |sorry t 2 (-1)| = 2
error: Proofs/Erdos524Problem.lean:315:4: unsolved goals
case a.inr.inr
t : ℝ
h1_mem : 1 ∈ Set.Icc (-1) 1
hn1_mem : -1 ∈ Set.Icc (-1) 1
h1 : binaryDigit t 1 = -1
h2 : binaryDigit t 2 = -1
⊢ |sorry t 2 1| = 2
warning: Proofs/Erdos524Problem.lean:308:12: declaration uses `sorry`
warning: Proofs/Erdos524Problem.lean:308:26: This simp argument is unused:
  Finset.sum_range_succ

Hint: Omit it from the simp argument list.
  simp [randSignPoly, Finset.sum_range_s̵u̵c̵c̵,̵ ̵F̵i̵n̵s̵e̵t̵.̵s̵u̵m̵_̵r̵a̵n̵g̵e̵_̵one, h1, h2]

Note: This linter can be disabled with `set_option linter.unusedSimpArgs false`
warning: Proofs/Erdos524Problem.lean:308:49: This simp argument is unused:
  Finset.sum_range_one

Hint: Omit it from the simp argument list.
  simp [randSignPoly, Finset.sum_range_succ, F̵i̵n̵s̵e̵t̵.̵s̵u̵m̵_̵r̵a̵n̵g̵e̵_̵o̵n̵e̵,̵ ̵h1, h2]

Note: This linter can be disabled with `set_option linter.unusedSimpArgs false`
warning: Proofs/Erdos524Problem.lean:308:71: This simp argument is unused:
  h1

Hint: Omit it from the simp argument list.
  simp [randSignPoly, Finset.sum_range_succ, Finset.sum_range_one, h1̵,̵ ̵h̵2]

Note: This linter can be disabled with `set_option linter.unusedSimpArgs false`
warning: Proofs/Erdos524Problem.lean:308:75: This simp argument is unused:
  h2

Hint: Omit it from the simp argument list.
  simp [randSignPoly, Finset.sum_range_succ, Finset.sum_range_one, h1,̵ ̵h̵2̵]

Note: This linter can be disabled with `set_option linter.unusedSimpArgs false`
warning: Proofs/Erdos524Problem.lean:311:26: This simp argument is unused:
  Finset.sum_range_succ

Hint: Omit it from the simp argument list.
  simp [randSignPoly, Finset.sum_range_s̵u̵c̵c̵,̵ ̵F̵i̵n̵s̵e̵t̵.̵s̵u̵m̵_̵r̵a̵n̵g̵e̵_̵one, h1, h2]

Note: This linter can be disabled with `set_option linter.unusedSimpArgs false`
warning: Proofs/Erdos524Problem.lean:311:49: This simp argument is unused:
  Finset.sum_range_one

Hint: Omit it from the simp argument list.
  simp [randSignPoly, Finset.sum_range_succ, F̵i̵n̵s̵e̵t̵.̵s̵u̵m̵_̵r̵a̵n̵g̵e̵_̵o̵n̵e̵,̵ ̵h1, h2]

Note: This linter can be disabled with `set_option linter.unusedSimpArgs false`
warning: Proofs/Erdos524Problem.lean:311:71: This simp argument is unused:
  h1

Hint: Omit it from the simp argument list.
  simp [randSignPoly, Finset.sum_range_succ, Finset.sum_range_one, h1̵,̵ ̵h̵2]

Note: This linter can be disabled with `set_option linter.unusedSimpArgs false`
warning: Proofs/Erdos524Problem.lean:311:75: This simp argument is unused:
  h2

Hint: Omit it from the simp argument list.
  simp [randSignPoly, Finset.sum_range_succ, Finset.sum_range_one, h1,̵ ̵h̵2̵]

Note: This linter can be disabled with `set_option linter.unusedSimpArgs false`
warning: Proofs/Erdos524Problem.lean:314:26: This simp argument is unused:
  Finset.sum_range_succ

Hint: Omit it from the simp argument list.
  simp [randSignPoly, Finset.sum_range_s̵u̵c̵c̵,̵ ̵F̵i̵n̵s̵e̵t̵.̵s̵u̵m̵_̵r̵a̵n̵g̵e̵_̵one, h1, h2]

Note: This linter can be disabled with `set_option linter.unusedSimpArgs false`
warning: Proofs/Erdos524Problem.lean:314:49: This simp argument is unused:
  Finset.sum_range_one

Hint: Omit it from the simp argument list.
  simp [randSignPoly, Finset.sum_range_succ, F̵i̵n̵s̵e̵t̵.̵s̵u̵m̵_̵r̵a̵n̵g̵e̵_̵o̵n̵e̵,̵ ̵h1, h2]

Note: This linter can be disabled with `set_option linter.unusedSimpArgs false`
warning: Proofs/Erdos524Problem.lean:314:71: This simp argument is unused:
  h1

Hint: Omit it from the simp argument list.
  simp [randSignPoly, Finset.sum_range_succ, Finset.sum_range_one, h1̵,̵ ̵h̵2]

Note: This linter can be disabled with `set_option linter.unusedSimpArgs false`
warning: Proofs/Erdos524Problem.lean:314:75: This simp argument is unused:
  h2

Hint: Omit it from the simp argument list.
  simp [randSignPoly, Finset.sum_range_succ, Finset.sum_range_one, h1,̵ ̵h̵2̵]

Note: This linter can be disabled with `set_option linter.unusedSimpArgs false`
warning: Proofs/Erdos524Problem.lean:317:26: This simp argument is unused:
  Finset.sum_range_succ

Hint: Omit it from the simp argument list.
  simp [randSignPoly, Finset.sum_range_s̵u̵c̵c̵,̵ ̵F̵i̵n̵s̵e̵t̵.̵s̵u̵m̵_̵r̵a̵n̵g̵e̵_̵one, h1, h2]

Note: This linter can be disabled with `set_option linter.unusedSimpArgs false`
warning: Proofs/Erdos524Problem.lean:317:49: This simp argument is unused:
  Finset.sum_range_one

Hint: Omit it from the simp argument list.
  simp [randSignPoly, Finset.sum_range_succ, F̵i̵n̵s̵e̵t̵.̵s̵u̵m̵_̵r̵a̵n̵g̵e̵_̵o̵n̵e̵,̵ ̵h1, h2]

Note: This linter can be disabled with `set_option linter.unusedSimpArgs false`
warning: Proofs/Erdos524Problem.lean:317:71: This simp argument is unused:
  h1

Hint: Omit it from the simp argument list.
  simp [randSignPoly, Finset.sum_range_succ, Finset.sum_range_one, h1̵,̵ ̵h̵2]

Note: This linter can be disabled with `set_option linter.unusedSimpArgs false`
warning: Proofs/Erdos524Problem.lean:317:75: This simp argument is unused:
  h2

Hint: Omit it from the simp argument list.
  simp [randSignPoly, Finset.sum_range_succ, Finset.sum_range_one, h1,̵ ̵h̵2̵]

Note: This linter can be disabled with `set_option linter.unusedSimpArgs false`
error: Lean exited with code 1
✖ [8598/8671] Building Proofs.Erdos1022OQ03 (4.3s)
trace: .> LEAN_PATH=/workspace/proofs/.lake/packages/Cli/.lake/build/lib/lean:/workspace/proofs/.lake/packages/batteries/.lake/build/lib/lean:/workspace/proofs/.lake/packages/Qq/.lake/build/lib/lean:/workspace/proofs/.lake/packages/aesop/.lake/build/lib/lean:/workspace/proofs/.lake/packages/proofwidgets/.lake/build/lib/lean:/workspace/proofs/.lake/packages/importGraph/.lake/build/lib/lean:/workspace/proofs/.lake/packages/LeanSearchClient/.lake/build/lib/lean:/workspace/proofs/.lake/packages/plausible/.lake/build/lib/lean:/workspace/proofs/.lake/packages/mathlib/.lake/build/lib/lean:/workspace/proofs/.lake/build/lib/lean /root/.elan/toolchains/leanprover--lean4---v4.31.0/bin/lean /workspace/proofs/Proofs/Erdos1022OQ03.lean -o /workspace/proofs/.lake/build/lib/lean/Proofs/Erdos1022OQ03.olean -i /workspace/proofs/.lake/build/lib/lean/Proofs/Erdos1022OQ03.ilean -c /workspace/proofs/.lake/build/ir/Proofs/Erdos1022OQ03.c --setup /workspace/proofs/.lake/build/ir/Proofs/Erdos1022OQ03.setup.json --json
warning: Proofs/Erdos1022OQ03.lean:118:5: Variable name `hΔ1` is not explicitly referenced.

The binding can be removed (if unused) or named `_` (if used implicitly).

Note: This linter can be disabled with `set_option linter.unusedVariables false`
error: Proofs/Erdos1022OQ03.lean:322:29: Unknown identifier `not_mem_empty`
error: Proofs/Erdos1022OQ03.lean:372:10: Unknown identifier `not_mem_empty`
error: Proofs/Erdos1022OQ03.lean:389:40: Unknown identifier `not_mem_erase`
error: Lean exited with code 1
✖ [8599/8671] Building Proofs.DeMoivreOQ06 (4.7s)
trace: .> LEAN_PATH=/workspace/proofs/.lake/packages/Cli/.lake/build/lib/lean:/workspace/proofs/.lake/packages/batteries/.lake/build/lib/lean:/workspace/proofs/.lake/packages/Qq/.lake/build/lib/lean:/workspace/proofs/.lake/packages/aesop/.lake/build/lib/lean:/workspace/proofs/.lake/packages/proofwidgets/.lake/build/lib/lean:/workspace/proofs/.lake/packages/importGraph/.lake/build/lib/lean:/workspace/proofs/.lake/packages/LeanSearchClient/.lake/build/lib/lean:/workspace/proofs/.lake/packages/plausible/.lake/build/lib/lean:/workspace/proofs/.lake/packages/mathlib/.lake/build/lib/lean:/workspace/proofs/.lake/build/lib/lean /root/.elan/toolchains/leanprover--lean4---v4.31.0/bin/lean /workspace/proofs/Proofs/DeMoivreOQ06.lean -o /workspace/proofs/.lake/build/lib/lean/Proofs/DeMoivreOQ06.olean -i /workspace/proofs/.lake/build/lib/lean/Proofs/DeMoivreOQ06.ilean -c /workspace/proofs/.lake/build/ir/Proofs/DeMoivreOQ06.c --setup /workspace/proofs/.lake/build/ir/Proofs/DeMoivreOQ06.setup.json --json
error: Proofs/DeMoivreOQ06.lean:175:6: linarith failed to find a contradiction
θ : ℝ
hθ : Real.sin (θ / 2) ≠ 0
n : ℕ
hA : 0 < |Real.sin (θ / 2)|
this✝ : Real.cos (θ / 2) ≤ 1
this : -1 ≤ Real.cos ((↑n + 1 / 2) * θ)
a✝ : Real.cos (θ / 2) - Real.cos ((↑n + 1 / 2) * θ) < -2
⊢ False
failed
error: Proofs/DeMoivreOQ06.lean:178:6: linarith failed to find a contradiction
θ : ℝ
hθ : Real.sin (θ / 2) ≠ 0
n : ℕ
hA : 0 < |Real.sin (θ / 2)|
this✝ : -1 ≤ Real.cos (θ / 2)
this : Real.cos ((↑n + 1 / 2) * θ) ≤ 1
a✝ : 2 < Real.cos (θ / 2) - Real.cos ((↑n + 1 / 2) * θ)
⊢ False
failed
error: Lean exited with code 1
✖ [8600/8671] Building Proofs.Erdos741Problem (4.7s)
trace: .> LEAN_PATH=/workspace/proofs/.lake/packages/Cli/.lake/build/lib/lean:/workspace/proofs/.lake/packages/batteries/.lake/build/lib/lean:/workspace/proofs/.lake/packages/Qq/.lake/build/lib/lean:/workspace/proofs/.lake/packages/aesop/.lake/build/lib/lean:/workspace/proofs/.lake/packages/proofwidgets/.lake/build/lib/lean:/workspace/proofs/.lake/packages/importGraph/.lake/build/lib/lean:/workspace/proofs/.lake/packages/LeanSearchClient/.lake/build/lib/lean:/workspace/proofs/.lake/packages/plausible/.lake/build/lib/lean:/workspace/proofs/.lake/packages/mathlib/.lake/build/lib/lean:/workspace/proofs/.lake/build/lib/lean /root/.elan/toolchains/leanprover--lean4---v4.31.0/bin/lean /workspace/proofs/Proofs/Erdos741Problem.lean -o /workspace/proofs/.lake/build/lib/lean/Proofs/Erdos741Problem.olean -i /workspace/proofs/.lake/build/lib/lean/Proofs/Erdos741Problem.ilean -c /workspace/proofs/.lake/build/ir/Proofs/Erdos741Problem.c --setup /workspace/proofs/.lake/build/ir/Proofs/Erdos741Problem.setup.json --json
error: Proofs/Erdos741Problem.lean:215:8: Unknown constant `Set.ncard_coe_Finset`
warning: Proofs/Erdos741Problem.lean:214:23: This simp argument is unused:
  Finset.mem_range

Hint: Omit it from the simp argument list.
  simp [F̵i̵n̵s̵e̵t̵.̵m̵e̵m̵_̵r̵a̵n̵g̵e̵,̵ ̵Nat.lt_succ_iff]

Note: This linter can be disabled with `set_option linter.unusedSimpArgs false`
warning: Proofs/Erdos741Problem.lean:214:41: This simp argument is unused:
  Nat.lt_succ_iff

Hint: Omit it from the simp argument list.
  simp [Finset.mem_range,̵ ̵N̵a̵t̵.̵l̵t̵_̵s̵u̵c̵c̵_̵i̵f̵f̵]

Note: This linter can be disabled with `set_option linter.unusedSimpArgs false`
error: Proofs/Erdos741Problem.lean:220:84: unsolved goals
case hu
A B : Set ℕ
h : A ⊆ B
⊢ autoParam (IsCoboundedUnder (fun x1 x2 => x1 ≤ x2) atTop fun n => ↑(A ∩ Iic n).ncard / (↑n + 1))
    limsup_le_limsup._auto_1

case hv
A B : Set ℕ
h : A ⊆ B
⊢ autoParam (IsBoundedUnder (fun x1 x2 => x1 ≤ x2) atTop fun n => ↑(B ∩ Iic n).ncard / (↑n + 1))
    limsup_le_limsup._auto_3
warning: Proofs/Erdos741Problem.lean:245:2: `push_neg` has been deprecated. Prefer using `push Not` instead.
If you'd rather continue using `push_neg` in your project, you can implement it as follows:
```
open Lean.Parser.Tactic in
macro "push_neg" cfg:optConfig loc:(location)? : tactic =>
  `(tactic| push $cfg:optConfig Not $[$loc]?)
```
error: Proofs/Erdos741Problem.lean:255:6: Tactic `rewrite` failed: Did not find an occurrence of the pattern
  ∀ᶠ (x : ?m.94) in atTop, ?m.97 x
in the target expression
  IsBasisOrder2 A

A : Set ℕ
h : IsBasisOrder2 A
n : ℕ
hfin : ∀ b ∈ A, b ≤ n
hA_bound : ∀ a ∈ A, a ≤ n
hS_bound : ∀ s ∈ sumset A A, s ≤ 2 * n
⊢ False
error: Proofs/Erdos741Problem.lean:281:48: Unknown constant `Set.ncard_coe_Finset`
error: Proofs/Erdos741Problem.lean:280:57: Unknown constant `Finset.card_Icc`
error: Proofs/Erdos741Problem.lean:288:8: Tactic `rewrite` failed: Did not find an occurrence of the pattern
  ?m.228 / (↑n + 1) ≤ ?m.230 / (↑n + 1)
in the target expression
  1 - ↑N₀ / (↑n + 1) ≤ ↑(S ∩ Iic n).ncard / (↑n + 1)

S : Set ℕ
N₀ : ℕ
hN₀ : ∀ (b : ℕ), N₀ ≤ b → b ∈ S
hcard : ∀ n ≥ N₀, n - N₀ + 1 ≤ (S ∩ Iic n).ncard
n : ℕ
hn : N₀ ≤ n
hn_pos : 0 < ↑n + 1
⊢ 1 - ↑N₀ / (↑n + 1) ≤ ↑(S ∩ Iic n).ncard / (↑n + 1)
error: Proofs/Erdos741Problem.lean:296:4: Tactic `apply` failed: could not unify the conclusion of `Tendsto.sub tendsto_const_nhds`
  Tendsto (fun x => ?m.290 - ?m.283 x) ?m.291 (nhds (?m.290 - ?m.286))
with the goal
  Tendsto (fun n => 1 - 0 - ↑N₀ / (↑n + (1 - 0))) atTop (nhds (1 - 0))

Note: The full type of `Tendsto.sub tendsto_const_nhds` is
  Tendsto ?m.283 ?m.291 (nhds ?m.286) → Tendsto (fun x => ?m.290 - ?m.283 x) ?m.291 (nhds (?m.290 - ?m.286))

S : Set ℕ
N₀ : ℕ
hN₀ : ∀ (b : ℕ), N₀ ≤ b → b ∈ S
hcard : ∀ n ≥ N₀, n - N₀ + 1 ≤ (S ∩ Iic n).ncard
hlb : ∀ᶠ (n : ℕ) in atTop, 1 - ↑N₀ / (↑n + 1) ≤ ↑(S ∩ Iic n).ncard / (↑n + 1)
⊢ Tendsto (fun n => 1 - 0 - ↑N₀ / (↑n + (1 - 0))) atTop (nhds (1 - 0))
error: Proofs/Erdos741Problem.lean:313:34: Application type mismatch: The argument
  hlb
has type
  ∀ᶠ (n : ℕ) in atTop, 1 - ↑N₀ / (↑n + 1) ≤ ↑(S ∩ Iic n).ncard / (↑n + 1)
but is expected to have type
  (fun n => 1 - ?m.303 / (?m.305 + 1)) ≤ᶠ[atTop] fun n => ↑(S ∩ Iic n).ncard / (↑n + 1)
in the application
  @limsup_le_limsup ℝ ℕ Real.instConditionallyCompleteLinearOrder.toConditionallyCompleteLattice atTop
    (fun n => 1 - ?m.303 / (?m.305 + 1)) (fun n => ↑(S ∩ Iic n).ncard / (↑n + 1)) hlb
error: Proofs/Erdos741Problem.lean:310:17: Function expected at
  Tendsto.limsup_eq htend_lb
but this term has type
  limsup (fun n => 1 - ↑N₀ / (↑n + 1)) atTop = 1

Note: Expected a function because this term is being applied to the argument
  ⟨1, by filter_upwards [] with n; apply sub_le_self; positivity⟩
error: Proofs/Erdos741Problem.lean:313:10: could not synthesize default value for parameter 'hu' using tactics
error: Proofs/Erdos741Problem.lean:313:10: Tactic `assumption` failed

S : Set ℕ
N₀ : ℕ
hN₀ : ∀ (b : ℕ), N₀ ≤ b → b ∈ S
hcard : ∀ n ≥ N₀, n - N₀ + 1 ≤ (S ∩ Iic n).ncard
hlb : ∀ᶠ (n : ℕ) in atTop, 1 - ↑N₀ / (↑n + 1) ≤ ↑(S ∩ Iic n).ncard / (↑n + 1)
htend_lb : Tendsto (fun n => 1 - ↑N₀ / (↑n + 1)) atTop (nhds 1)
⊢ IsCoboundedUnder (fun x1 x2 => x1 ≤ x2) atTop fun n => 1 - ↑N₀ / (↑n + 1)
error: Proofs/Erdos741Problem.lean:313:10: could not synthesize default value for parameter 'hv' using tactics
error: Proofs/Erdos741Problem.lean:313:10: Tactic `assumption` failed

S : Set ℕ
N₀ : ℕ
hN₀ : ∀ (b : ℕ), N₀ ≤ b → b ∈ S
hcard : ∀ n ≥ N₀, n - N₀ + 1 ≤ (S ∩ Iic n).ncard
hlb : ∀ᶠ (n : ℕ) in atTop, 1 - ↑N₀ / (↑n + 1) ≤ ↑(S ∩ Iic n).ncard / (↑n + 1)
htend_lb : Tendsto (fun n => 1 - ↑N₀ / (↑n + 1)) atTop (nhds 1)
⊢ IsBoundedUnder (fun x1 x2 => x1 ≤ x2) atTop fun n => ↑(S ∩ Iic n).ncard / (↑n + 1)
warning: Proofs/Erdos741Problem.lean:335:4: `push_neg` has been deprecated. Prefer using `push Not` instead.
If you'd rather continue using `push_neg` in your project, you can implement it as follows:
```
open Lean.Parser.Tactic in
macro "push_neg" cfg:optConfig loc:(location)? : tactic =>
  `(tactic| push $cfg:optConfig Not $[$loc]?)
```
error: Proofs/Erdos741Problem.lean:338:41: unexpected token '/--'; expected 'lemma'
error: Lean exited with code 1
✖ [8601/8671] Building Proofs.DivisibilityRules (5.4s)
trace: .> LEAN_PATH=/workspace/proofs/.lake/packages/Cli/.lake/build/lib/lean:/workspace/proofs/.lake/packages/batteries/.lake/build/lib/lean:/workspace/proofs/.lake/packages/Qq/.lake/build/lib/lean:/workspace/proofs/.lake/packages/aesop/.lake/build/lib/lean:/workspace/proofs/.lake/packages/proofwidgets/.lake/build/lib/lean:/workspace/proofs/.lake/packages/importGraph/.lake/build/lib/lean:/workspace/proofs/.lake/packages/LeanSearchClient/.lake/build/lib/lean:/workspace/proofs/.lake/packages/plausible/.lake/build/lib/lean:/workspace/proofs/.lake/packages/mathlib/.lake/build/lib/lean:/workspace/proofs/.lake/build/lib/lean /root/.elan/toolchains/leanprover--lean4---v4.31.0/bin/lean /workspace/proofs/Proofs/DivisibilityRules.lean -o /workspace/proofs/.lake/build/lib/lean/Proofs/DivisibilityRules.olean -i /workspace/proofs/.lake/build/lib/lean/Proofs/DivisibilityRules.ilean -c /workspace/proofs/.lake/build/ir/Proofs/DivisibilityRules.c --setup /workspace/proofs/.lake/build/ir/Proofs/DivisibilityRules.setup.json --json
error: Proofs/DivisibilityRules.lean:63:8: Tactic `rewrite` failed: Did not find an occurrence of the pattern
  alternatingDigitSum (a :: rest')
in the target expression
  ↑a - ↑b + alternatingDigitSum rest' = ↑a - alternatingDigitSum (b :: rest')

case cons
a b : ℕ
rest' : List ℕ
ih : alternatingDigitSum (a :: rest') = ↑a - alternatingDigitSum rest'
⊢ ↑a - ↑b + alternatingDigitSum rest' = ↑a - alternatingDigitSum (b :: rest')
error: Proofs/DivisibilityRules.lean:78:6: `simp` made no progress
error: Proofs/DivisibilityRules.lean:82:27: Application type mismatch: The argument
  ih
has type
  ofDigits (↑b) rest ≡ alternatingDigitSum rest [ZMOD ↑d]
but is expected to have type
  ↑(ofDigits b rest) ≡ alternatingDigitSum rest [ZMOD ↑d]
in the application
  Int.ModEq.mul hb_neg ih
error: Proofs/DivisibilityRules.lean:100:4: unsolved goals
case pos
d b : ℕ
hd : 0 < d
hb : b % d = d - 1
hb2 : b < 2
⊢ 0 =
    alternatingDigitSum
        ((match (motive := ℕ → ℕ → List ℕ) b with
          | 0 => digitsAux0
          | 1 => digitsAux1
          | b.succ.succ => (b + 2).digitsAux ⋯)
          0) %
      ↑d
error: Proofs/DivisibilityRules.lean:101:6: interval_cases failed: could not find upper bound on d
warning: Proofs/DivisibilityRules.lean:113:4: `push_neg` has been deprecated. Prefer using `push Not` instead.
If you'd rather continue using `push_neg` in your project, you can implement it as follows:
```
open Lean.Parser.Tactic in
macro "push_neg" cfg:optConfig loc:(location)? : tactic =>
  `(tactic| push $cfg:optConfig Not $[$loc]?)
```
error: Proofs/DivisibilityRules.lean:116:4: Type mismatch
  ofDigits_modEq_alternatingDigitSum d hd b hb (b.digits n)
has type
  ofDigits (↑b) (b.digits n) ≡ alternatingDigitSum (b.digits n) [ZMOD ↑d]
but is expected to have type
  ↑(ofDigits b (b.digits n)) ≡ alternatingDigitSum (b.digits (ofDigits b (b.digits n))) [ZMOD ↑d]
warning: Proofs/DivisibilityRules.lean:98:22: This simp argument is unused:
  hb2

Hint: Omit it from the simp argument list.
  simp [Nat.digits,̵ ̵h̵b̵2̵]

Note: This linter can be disabled with `set_option linter.unusedSimpArgs false`
warning: Proofs/DivisibilityRules.lean:100:22: This simp argument is unused:
  alternatingDigitSum

Hint: Omit it from the simp argument list.
  simp [a̵l̵t̵e̵r̵n̵a̵t̵i̵n̵g̵D̵i̵g̵i̵t̵S̵u̵m̵,̵ ̵Int.ModEq]

Note: This linter can be disabled with `set_option linter.unusedSimpArgs false`
error: Lean exited with code 1
⚠ [8602/8671] Built Proofs.BinaryGcdOQ03OQ02PathA (5.7s)
warning: Proofs/BinaryGcdOQ03OQ02PathA.lean:703:4: try 'simp' instead of 'simpa'

Note: This linter can be disabled with `set_option linter.unnecessarySimpa false`
warning: Proofs/BinaryGcdOQ03OQ02PathA.lean:865:4: `push_neg` has been deprecated. Prefer using `push Not` instead.
If you'd rather continue using `push_neg` in your project, you can implement it as follows:
```
open Lean.Parser.Tactic in
macro "push_neg" cfg:optConfig loc:(location)? : tactic =>
  `(tactic| push $cfg:optConfig Not $[$loc]?)
```
warning: Proofs/BinaryGcdOQ03OQ02PathA.lean:1382:8: `push_neg` has been deprecated. Prefer using `push Not` instead.
If you'd rather continue using `push_neg` in your project, you can implement it as follows:
```
open Lean.Parser.Tactic in
macro "push_neg" cfg:optConfig loc:(location)? : tactic =>
  `(tactic| push $cfg:optConfig Not $[$loc]?)
```
warning: Proofs/BinaryGcdOQ03OQ02PathA.lean:2011:2: `push_neg` has been deprecated. Prefer using `push Not` instead.
If you'd rather continue using `push_neg` in your project, you can implement it as follows:
```
open Lean.Parser.Tactic in
macro "push_neg" cfg:optConfig loc:(location)? : tactic =>
  `(tactic| push $cfg:optConfig Not $[$loc]?)
```
warning: Proofs/BinaryGcdOQ03OQ02PathA.lean:2915:8: `push_neg` has been deprecated. Prefer using `push Not` instead.
If you'd rather continue using `push_neg` in your project, you can implement it as follows:
```
open Lean.Parser.Tactic in
macro "push_neg" cfg:optConfig loc:(location)? : tactic =>
  `(tactic| push $cfg:optConfig Not $[$loc]?)
```
✖ [8604/8671] Building Proofs.Erdos1083OQ02 (5.6s)
trace: .> LEAN_PATH=/workspace/proofs/.lake/packages/Cli/.lake/build/lib/lean:/workspace/proofs/.lake/packages/batteries/.lake/build/lib/lean:/workspace/proofs/.lake/packages/Qq/.lake/build/lib/lean:/workspace/proofs/.lake/packages/aesop/.lake/build/lib/lean:/workspace/proofs/.lake/packages/proofwidgets/.lake/build/lib/lean:/workspace/proofs/.lake/packages/importGraph/.lake/build/lib/lean:/workspace/proofs/.lake/packages/LeanSearchClient/.lake/build/lib/lean:/workspace/proofs/.lake/packages/plausible/.lake/build/lib/lean:/workspace/proofs/.lake/packages/mathlib/.lake/build/lib/lean:/workspace/proofs/.lake/build/lib/lean /root/.elan/toolchains/leanprover--lean4---v4.31.0/bin/lean /workspace/proofs/Proofs/Erdos1083OQ02.lean -o /workspace/proofs/.lake/build/lib/lean/Proofs/Erdos1083OQ02.olean -i /workspace/proofs/.lake/build/lib/lean/Proofs/Erdos1083OQ02.ilean -c /workspace/proofs/.lake/build/ir/Proofs/Erdos1083OQ02.c --setup /workspace/proofs/.lake/build/ir/Proofs/Erdos1083OQ02.setup.json --json
error: Proofs/Erdos1083OQ02.lean:116:2: No goals to be solved
warning: Proofs/Erdos1083OQ02.lean:120:36: Variable name `hd` is not explicitly referenced.

The binding can be removed (if unused) or named `_` (if used implicitly).

Note: This linter can be disabled with `set_option linter.unusedVariables false`
error: Proofs/Erdos1083OQ02.lean:134:2: linarith failed to find a contradiction
d : ℕ
hd : d ≥ 3
hd_pos : 0 < ↑d
hd2_pos : 0 < ↑d + 2
a✝ : 2 * ↑d ^ 2 ≤ 1 * (↑d * (↑d + 2))
⊢ False
failed
warning: Proofs/Erdos1083OQ02.lean:159:40: Variable name `hd` is not explicitly referenced.

The binding can be removed (if unused) or named `_` (if used implicitly).

Note: This linter can be disabled with `set_option linter.unusedVariables false`
warning: Proofs/Erdos1083OQ02.lean:223:41: Variable name `hd` is not explicitly referenced.

The binding can be removed (if unused) or named `_` (if used implicitly).

Note: This linter can be disabled with `set_option linter.unusedVariables false`
warning: Proofs/Erdos1083OQ02.lean:438:49: Variable name `hε_pos` is not explicitly referenced.

The binding can be removed (if unused) or named `_` (if used implicitly).

Note: This linter can be disabled with `set_option linter.unusedVariables false`
error: Proofs/Erdos1083OQ02.lean:483:2: No goals to be solved
warning: Proofs/Erdos1083OQ02.lean:502:56: Variable name `hp` is not explicitly referenced.

The binding can be removed (if unused) or named `_` (if used implicitly).

Note: This linter can be disabled with `set_option linter.unusedVariables false`
error: Lean exited with code 1
✖ [8605/8671] Building Proofs.WilsonsTheoremOQ02Ext (6.1s)
trace: .> LEAN_PATH=/workspace/proofs/.lake/packages/Cli/.lake/build/lib/lean:/workspace/proofs/.lake/packages/batteries/.lake/build/lib/lean:/workspace/proofs/.lake/packages/Qq/.lake/build/lib/lean:/workspace/proofs/.lake/packages/aesop/.lake/build/lib/lean:/workspace/proofs/.lake/packages/proofwidgets/.lake/build/lib/lean:/workspace/proofs/.lake/packages/importGraph/.lake/build/lib/lean:/workspace/proofs/.lake/packages/LeanSearchClient/.lake/build/lib/lean:/workspace/proofs/.lake/packages/plausible/.lake/build/lib/lean:/workspace/proofs/.lake/packages/mathlib/.lake/build/lib/lean:/workspace/proofs/.lake/build/lib/lean /root/.elan/toolchains/leanprover--lean4---v4.31.0/bin/lean /workspace/proofs/Proofs/WilsonsTheoremOQ02Ext.lean -o /workspace/proofs/.lake/build/lib/lean/Proofs/WilsonsTheoremOQ02Ext.olean -i /workspace/proofs/.lake/build/lib/lean/Proofs/WilsonsTheoremOQ02Ext.ilean -c /workspace/proofs/.lake/build/ir/Proofs/WilsonsTheoremOQ02Ext.c --setup /workspace/proofs/.lake/build/ir/Proofs/WilsonsTheoremOQ02Ext.setup.json --json
error: Proofs/WilsonsTheoremOQ02Ext.lean:66:2: Invalid alternative name `ind`: Expected `H`
error: Proofs/WilsonsTheoremOQ02Ext.lean:65:2: Alternative `H` has not been provided
error: Proofs/WilsonsTheoremOQ02Ext.lean:107:2: Invalid alternative name `ind`: Expected `H`
error: Proofs/WilsonsTheoremOQ02Ext.lean:106:2: Alternative `H` has not been provided
error: Proofs/WilsonsTheoremOQ02Ext.lean:161:8: Tactic `rewrite` failed: Did not find an occurrence of the pattern
  ↑?a = 0
in the target expression
  ↑m ∣ -1 - 1

m : ℕ
hm : m ≥ 3
this : NeZero m
heq : -1 = 1
⊢ ↑m ∣ -1 - 1
error: Proofs/WilsonsTheoremOQ02Ext.lean:164:12: Unknown constant `Int.natAbs_le.mp`
error: Proofs/WilsonsTheoremOQ02Ext.lean:172:6: Invalid pattern variable: Variable name must be atomic, but `Nat.totient._@.Proofs.WilsonsTheoremOQ02Ext.213515224._hygCtx._hyg.85` has multiple components
error: Proofs/WilsonsTheoremOQ02Ext.lean:173:2: No goals to be solved
error: Proofs/WilsonsTheoremOQ02Ext.lean:190:37: omega could not prove the goal:
a possible counterexample may satisfy the constraints
  b ≤ -1
  a ≥ 3
where
 a := ↑k
 b := ↑2 ^ (k - 1)
error: Proofs/WilsonsTheoremOQ02Ext.lean:189:89: unsolved goals
k : ℕ
hk : k ≥ 3
this : 2 ^ (k - 1) + 1 ≥ 1
⊢ (2 ^ (k - 1) + 1) ^ 2 - 1 = (2 ^ (k - 1) + 1 - 1) * (2 ^ (k - 1) + 1 + 1)
error: Proofs/WilsonsTheoremOQ02Ext.lean:196:38: unsolved goals
k : ℕ
hk : k ≥ 3
h1 : (2 ^ (k - 1) + 1) ^ 2 - 1 = (2 ^ (k - 1) + 1 - 1) * (2 ^ (k - 1) + 1 + 1)
h2 : 2 ^ (k - 1) + 2 = 2 * (2 ^ (k - 2) + 1)
⊢ 2 ^ (k - 1 + 1 - 1) * 2 = 2 ^ (k - 1) * 2
error: Proofs/WilsonsTheoremOQ02Ext.lean:204:75: omega could not prove the goal:
a possible counterexample may satisfy the constraints
  b ≥ 1
  a ≥ 3
where
 a := ↑k
 b := ↑2 ^ k
error: Proofs/WilsonsTheoremOQ02Ext.lean:209:26: Unknown constant `ZMod.natCast_eq_zero_iff.mpr`
error: Proofs/WilsonsTheoremOQ02Ext.lean:209:19: unsolved goals
k : ℕ
hk : k ≥ 3
this✝ : NeZero (2 ^ k)
hdvd : 2 ^ k ∣ (2 ^ (k - 1) + 1) ^ 2 - 1
this : (2 ^ (k - 1) + 1) ^ 2 - 1 + 1 = (2 ^ (k - 1) + 1) ^ 2
⊢ ↑((2 ^ (k - 1) + 1) ^ 2 - 1) + 1 = 0 + 1
error: Proofs/WilsonsTheoremOQ02Ext.lean:218:59: omega could not prove the goal:
a possible counterexample may satisfy the constraints
  b ≤ 1
  a ≥ 3
where
 a := ↑k
 b := ↑2 ^ (k - 1)
info: Proofs/WilsonsTheoremOQ02Ext.lean:219:73: Try this:
  [apply] ring_nf
  
  The `ring` tactic failed to close the goal. Use `ring_nf` to obtain a normal form.
    
  Note that `ring` works primarily in *commutative* rings. If you have a noncommutative ring, abelian group or module, consider using `noncomm_ring`, `abel` or `module` instead.
error: Proofs/WilsonsTheoremOQ02Ext.lean:219:19: unsolved goals
k : ℕ
hk : k ≥ 3
this : NeZero (2 ^ k)
h : ↑(2 ^ (k - 1) + 1) = 1
⊢ 2 ^ (1 + (k - 1) - 1) * 2 = 2 ^ (k - 1) * 2
error: Proofs/WilsonsTheoremOQ02Ext.lean:221:46: Tactic `rewrite` failed: Did not find an occurrence of the pattern
  ZMod.val 1
in the target expression
  2 ^ (k - 1) + 1 = ZMod.val 1

k : ℕ
hk : k ≥ 3
this✝ : NeZero (2 ^ k)
h : ↑(2 ^ (k - 1) + 1) = 1
hlt : 2 ^ (k - 1) + 1 < 2 ^ k
this : 2 ^ (k - 1) + 1 = ZMod.val 1
⊢ False
error: Proofs/WilsonsTheoremOQ02Ext.lean:230:59: omega could not prove the goal:
a possible counterexample may satisfy the constraints
  b ≤ 1
  a ≥ 3
where
 a := ↑k
 b := ↑2 ^ (k - 1)
info: Proofs/WilsonsTheoremOQ02Ext.lean:231:73: Try this:
  [apply] ring_nf
  
  The `ring` tactic failed to close the goal. Use `ring_nf` to obtain a normal form.
    
  Note that `ring` works primarily in *commutative* rings. If you have a noncommutative ring, abelian group or module, consider using `noncomm_ring`, `abel` or `module` instead.
error: Proofs/WilsonsTheoremOQ02Ext.lean:231:19: unsolved goals
k : ℕ
hk : k ≥ 3
this : NeZero (2 ^ k)
h : ↑(2 ^ (k - 1) + 1) = -1
⊢ 2 ^ (1 + (k - 1) - 1) * 2 = 2 ^ (k - 1) * 2
error: Proofs/WilsonsTheoremOQ02Ext.lean:233:46: Unknown constant `ZMod.val_neg_one'`
error: Proofs/WilsonsTheoremOQ02Ext.lean:226:51: unsolved goals
k : ℕ
hk : k ≥ 3
this✝ : NeZero (2 ^ k)
h : ↑(2 ^ (k - 1) + 1) = -1
hlt : 2 ^ (k - 1) + 1 < 2 ^ k
this : 2 ^ (k - 1) + 1 = (-1).val
⊢ False
error: Proofs/WilsonsTheoremOQ02Ext.lean:286:57: Type mismatch: After simplification, term
  this
 has type
  u = 1
but is expected to have type
  x = 1
error: Proofs/WilsonsTheoremOQ02Ext.lean:288:61: Type mismatch: After simplification, term
  this
 has type
  u = -1
but is expected to have type
  x = -1
error: Proofs/WilsonsTheoremOQ02Ext.lean:294:45: Unknown identifier `neg_one_ne_one_units'`
error: Proofs/WilsonsTheoremOQ02Ext.lean:298:8: Unknown constant `Finset.card_insert_of_not_mem`
error: Proofs/WilsonsTheoremOQ02Ext.lean:322:15: Application type mismatch: The argument
  (sq_eq_one_iff_eq_inv ?m.247).mpr ?m.253
has type
  Eq.{u_2 + 1} (?m.247 ^ 2) 1
but is expected to have type
  Eq.{u_1 + 1} (a ^ 2) 1
in the application
  ha ((sq_eq_one_iff_eq_inv ?m.247).mpr ?m.253)
error: Proofs/WilsonsTheoremOQ02Ext.lean:325:11: Tactic `rewrite` failed: Did not find an occurrence of the pattern
  ?a⁻¹ ^ ?n
in the target expression
  a⁻¹⁻¹ = a

case hg₄
G : Type u_1
inst✝² : CommGroup G
inst✝¹ : Fintype G
inst✝ : DecidableEq G
hsplit : ∏ x, x = (∏ x with x ^ 2 = 1, x) * ∏ x with ¬x ^ 2 = 1, x
a : G
ha : ¬a ^ 2 = 1
⊢ a⁻¹⁻¹ = a
error: Proofs/WilsonsTheoremOQ02Ext.lean:326:18: Type mismatch
  inv_inv a
has type
  a⁻¹⁻¹ = a
but is expected to have type
  a⁻¹ ∈ {x | ¬x ^ 2 = 1}
error: Proofs/WilsonsTheoremOQ02Ext.lean:309:0: AddConstAsyncResult.commitConst: constant has level params [u_1, u_2] but expected [u_1]
error: Proofs/WilsonsTheoremOQ02Ext.lean:340:13: failed to synthesize instance of type class
  Fintype G

Hint: Type class instance resolution failures can be inspected with the `set_option trace.Meta.synthInstance true` command.
error: Proofs/WilsonsTheoremOQ02Ext.lean:353:47: Application type mismatch: The argument
  h
has type
  c * x = x
but is expected to have type
  c * ?m.145 = 1 * ?m.145
in the application
  mul_right_cancel h
error: Proofs/WilsonsTheoremOQ02Ext.lean:376:4: `simp` made no progress
error: Proofs/WilsonsTheoremOQ02Ext.lean:382:12: Unknown constant `Finset.not_mem_empty`
warning: Proofs/WilsonsTheoremOQ02Ext.lean:393:67: `push_neg` has been deprecated. Prefer using `push Not` instead.
If you'd rather continue using `push_neg` in your project, you can implement it as follows:
```
open Lean.Parser.Tactic in
macro "push_neg" cfg:optConfig loc:(location)? : tactic =>
  `(tactic| push $cfg:optConfig Not $[$loc]?)
```
error: Proofs/WilsonsTheoremOQ02Ext.lean:394:12: Unknown constant `Finset.not_mem_empty`
error: Proofs/WilsonsTheoremOQ02Ext.lean:410:25: Tactic `assumption` failed

n : ℕ
hn : n ≥ 3
hne : NeZero n
hncyc : ¬IsCyclic (ZMod n)ˣ
S : Finset (ZMod n)ˣ := {x | x ^ 2 = 1}
hS_card : 3 ≤ #S
hS_mem_sq : ∀ x ∈ S, x ^ 2 = 1
c : (ZMod n)ˣ
hc_mem : c ∈ S \ {1}
hc_in_S : c ∈ S
hc_ne_1 : c ≠ 1
hc_sq : c ^ 2 = 1
d : (ZMod n)ˣ
hd_mem : d ∈ S \ {1, c}
hd_in_S : d ∈ S
hd_ne_1 : d ≠ 1
hd_ne_c : d ≠ c
hd_sq : d ^ 2 = 1
hcd_sq : (c * d) ^ 2 = 1
h : c = d⁻¹
⊢ d = c⁻¹
error: Proofs/WilsonsTheoremOQ02Ext.lean:416:4: Unknown identifier `mul_involution_on_sq_eq_one`
error: Proofs/WilsonsTheoremOQ02Ext.lean:415:9: Tactic `rcases` failed: `x✝ : ?m.456` is not an inductive datatype
error: Proofs/WilsonsTheoremOQ02Ext.lean:362:8: (kernel) unknown constant 'WilsonsTheoremOQ02Ext.prod_eq_prod_sq_eq_one'
error: Proofs/WilsonsTheoremOQ02Ext.lean:485:11: Tactic `rewrite` failed: Did not find an occurrence of the pattern
  ∏ x ∈ {-1, 1}, ?m.298 x
in the target expression
  ∏ x ∈ {1, -1}, x = -1

n : ℕ
hn : n ≥ 3
hne : NeZero n
hcyc : IsCyclic (ZMod n)ˣ
hle : #{a | a ^ 2 = 1} ≤ 2
h1_mem : 1 ∈ {x | x ^ 2 = 1}
hn1_mem : -1 ∈ {x | x ^ 2 = 1}
hne' : 1 ≠ -1
hsub : {1, -1} ⊆ {x | x ^ 2 = 1}
hcard_pair : #{1, -1} = 2
heq : {x | x ^ 2 = 1} = {1, -1}
⊢ ∏ x ∈ {1, -1}, x = -1
error: Proofs/WilsonsTheoremOQ02Ext.lean:467:16: (kernel) unknown constant 'WilsonsTheoremOQ02Ext.prod_eq_prod_sq_eq_one'
info: Proofs/WilsonsTheoremOQ02Ext.lean:534:0: @prod_units_one_of_not_cyclic_ext : ∀ {n : ℕ}, n ≥ 3 → ∀ [hne : NeZero n], ¬IsCyclic (ZMod n)ˣ → ∏ x, ↑x = 1
info: Proofs/WilsonsTheoremOQ02Ext.lean:535:0: @gaussWilson_abstract_ext : ∀ {n : ℕ}, n ≥ 3 → ∀ [hne : NeZero n], ∏ x, ↑x = -1 ↔ IsCyclic (ZMod n)ˣ
info: Proofs/WilsonsTheoremOQ02Ext.lean:536:0: @prod_involution_const : ∀ {G : Type u_1} [inst : CommGroup G] [DecidableEq G] {S : Finset G} {σ : G → G} {c : G},
  (∀ x ∈ S, σ x ∈ S) → (∀ x ∈ S, σ (σ x) = x) → (∀ x ∈ S, σ x ≠ x) → (∀ x ∈ S, x * σ x = c) → ∏ x ∈ S, x = c ^ (#S / 2)
info: Proofs/WilsonsTheoremOQ02Ext.lean:537:0: @even_card_of_fpf_involution : ∀ {α : Type u_1} [DecidableEq α] {S : Finset α} {σ : α → α},
  (∀ x ∈ S, σ x ∈ S) → (∀ x ∈ S, σ (σ x) = x) → (∀ x ∈ S, σ x ≠ x) → Even #S
error: Lean exited with code 1
✖ [8606/8671] Building Proofs.FourierSeriesOQ01 (5.5s)
trace: .> LEAN_PATH=/workspace/proofs/.lake/packages/Cli/.lake/build/lib/lean:/workspace/proofs/.lake/packages/batteries/.lake/build/lib/lean:/workspace/proofs/.lake/packages/Qq/.lake/build/lib/lean:/workspace/proofs/.lake/packages/aesop/.lake/build/lib/lean:/workspace/proofs/.lake/packages/proofwidgets/.lake/build/lib/lean:/workspace/proofs/.lake/packages/importGraph/.lake/build/lib/lean:/workspace/proofs/.lake/packages/LeanSearchClient/.lake/build/lib/lean:/workspace/proofs/.lake/packages/plausible/.lake/build/lib/lean:/workspace/proofs/.lake/packages/mathlib/.lake/build/lib/lean:/workspace/proofs/.lake/build/lib/lean /root/.elan/toolchains/leanprover--lean4---v4.31.0/bin/lean /workspace/proofs/Proofs/FourierSeriesOQ01.lean -o /workspace/proofs/.lake/build/lib/lean/Proofs/FourierSeriesOQ01.olean -i /workspace/proofs/.lake/build/lib/lean/Proofs/FourierSeriesOQ01.ilean -c /workspace/proofs/.lake/build/ir/Proofs/FourierSeriesOQ01.c --setup /workspace/proofs/.lake/build/ir/Proofs/FourierSeriesOQ01.setup.json --json
warning: Proofs/FourierSeriesOQ01.lean:99:8: `continuous_finset_sum` has been deprecated: Use `continuous_finsetSum` instead
error: Proofs/FourierSeriesOQ01.lean:179:5: unexpected token 'λ'; expected '_' or identifier
error: Proofs/FourierSeriesOQ01.lean:202:54: Function expected at
  Memℒp
but this term has type
  ?m.5

Note: Expected a function because this term is being applied to the argument
  g

Hint: The identifier `Memℒp` is unknown, and Lean's `autoImplicit` option causes an unknown identifier to be treated as an implicitly bound variable with an unknown type. However, the unknown type cannot be a function, and a function is what Lean expects here. This is often the result of a typo or a missing `import` or `open` statement.
error: Proofs/FourierSeriesOQ01.lean:211:3: Unknown identifier `Memℒp.of_bound`
warning: Proofs/FourierSeriesOQ01.lean:238:6: `MeasureTheory.integral_finset_sum` has been deprecated: Use `MeasureTheory.integral_finsetSum` instead
error: Proofs/FourierSeriesOQ01.lean:245:26: Tactic `rewrite` failed: Did not find an occurrence of the pattern
  ?m.251 Set.univ
in the target expression
  haarAddCircle.real Set.univ • 1 = 1

case pos
T : ℝ
hT : Fact (0 < T)
M : ℕ
c : ℤ → ℂ
n : ℤ
⊢ haarAddCircle.real Set.univ • 1 = 1
error: Proofs/FourierSeriesOQ01.lean:249:11: Unknown identifier `integral_mul_left`
error: Proofs/FourierSeriesOQ01.lean:249:11: `simp` made no progress
error: Proofs/FourierSeriesOQ01.lean:270:6: Tactic `apply` failed: could not unify the conclusion of `hc_zero`
  c ?n = 0
with the goal
  0 = c n

Note: The full type of `hc_zero` is
  ∀ (n : ℤ), ↑M < |n| → c n = 0

case neg
T : ℝ
hT : Fact (0 < T)
g : AddCircle T → ℂ
M : ℕ
c : ℤ → ℂ
hc_zero : ∀ (n : ℤ), ↑M < |n| → c n = 0
hg_eq : ∀ (x : AddCircle T), g x = ∑ n ∈ Icc (-↑M) ↑M, c n * (fourier n) x
N : ℕ
hN : M ≤ N
x : AddCircle T
n : ℤ
hn : n ∉ Icc (-↑M) ↑M
⊢ 0 = c n
error: Proofs/FourierSeriesOQ01.lean:281:25: invalid 'ext' conv tactic, function or arrow expected
  Icc (-↑N) ↑N : Finset ℤ
error: Proofs/FourierSeriesOQ01.lean:309:4: Function expected at
  Memℒp
but this term has type
  ?m.5

Note: Expected a function because this term is being applied to the argument
  g

Hint: The identifier `Memℒp` is unknown, and Lean's `autoImplicit` option causes an unknown identifier to be treated as an implicitly bound variable with an unknown type. However, the unknown type cannot be a function, and a function is what Lean expects here. This is often the result of a typo or a missing `import` or `open` statement.
error: Proofs/FourierSeriesOQ01.lean:310:9: Tactic `cases` failed with a nested error:
Tactic `induction` failed: recursor `Exists.casesOn` can only eliminate into `Prop`

T : ℝ
hT : Fact (0 < T)
x✝ : Sort u_1
Memℒp : x✝
g : AddCircle T → ℂ
hg : IsTrigPoly g
⊢ sorry
error: Proofs/FourierSeriesOQ01.lean:341:15: Unknown identifier `norm_sq_eq_inner`
error: Proofs/FourierSeriesOQ01.lean:341:2: `simp` made no progress
error: Proofs/FourierSeriesOQ01.lean:356:4: Type mismatch
  Lp.coeFn_zero
has type
  ∀ (E : Type ?u.45) {m : MeasurableSpace ?m.60} (p : ℝ≥0∞) (μ : Measure ?m.60) [inst : NormedAddCommGroup E],
    ↑↑0 =ᵐ[μ] 0
but is expected to have type
  ↑↑0 =ᵐ[haarAddCircle] fun x => 0
error: Proofs/FourierSeriesOQ01.lean:358:33: Application type mismatch: The argument
  ha
has type
  ℤ
of sort `Type` but is expected to have type
  ?m.67 ∉ ?m.66
of sort `Prop` in the application
  sum_insert ha
error: Proofs/FourierSeriesOQ01.lean:358:4: `simp` made no progress
error: Proofs/FourierSeriesOQ01.lean:379:32: Function expected at
  Memℒp
but this term has type
  ?m.5

Note: Expected a function because this term is being applied to the argument
  f

Hint: The identifier `Memℒp` is unknown, and Lean's `autoImplicit` option causes an unknown identifier to be treated as an implicitly bound variable with an unknown type. However, the unknown type cannot be a function, and a function is what Lean expects here. This is often the result of a typo or a missing `import` or `open` statement.
error: Proofs/FourierSeriesOQ01.lean:382:55: unsolved goals
T : ℝ
hT : Fact (0 < T)
x✝ : Sort u_1
Memℒp : x✝
f : AddCircle T → ℂ
hf : sorry
ε : ℝ
hε : 0 < ε
f_Lp : ?m.87 := sorry
⊢ ∃ g, IsTrigPoly g ∧ ∫ (x : AddCircle T), ‖f x - g x‖ ^ 2 ∂haarAddCircle < ε ^ 2
warning: Proofs/FourierSeriesOQ01.lean:490:13: `MeasureTheory.Integrable.bdd_mul'` has been deprecated: Use `MeasureTheory.Integrable.bdd_mul` instead
error: Proofs/FourierSeriesOQ01.lean:491:10: Insufficient number of fields for `⟨...⟩` constructor: Constructor `Eq.refl` does not have explicit fields, but 2 were provided
error: Proofs/FourierSeriesOQ01.lean:488:66: unsolved goals
T : ℝ
hT : Fact (0 < T)
f g : AddCircle T → ℂ
N : ℕ
x : AddCircle T
hf : Integrable f haarAddCircle
hg : Integrable g haarAddCircle
n : ℤ
hfourier_bound : ∀ (t : AddCircle T), ‖(fourier (-n)) t‖ ≤ 1
h : AddCircle T → ℂ
hh : Integrable h haarAddCircle
⊢ ℝ
error: Proofs/FourierSeriesOQ01.lean:492:6: Tactic `rewrite` failed: Did not find an occurrence of the pattern
  ∫ (a : AddCircle T), (fourier (-n)) a * f a + (fourier (-n)) a * g a ∂haarAddCircle
in the target expression
  ↑(n • x).toCircle *
      ∫ (t : AddCircle T),
        f t * (starRingEnd ℂ) ↑(n • t).toCircle + (starRingEnd ℂ) ↑(n • t).toCircle * g t ∂haarAddCircle =
    ↑(n • x).toCircle * ∫ (t : AddCircle T), f t * (starRingEnd ℂ) ↑(n • t).toCircle ∂haarAddCircle +
      ↑(n • x).toCircle * ∫ (t : AddCircle T), g t * (starRingEnd ℂ) ↑(n • t).toCircle ∂haarAddCircle

case e_f
T : ℝ
hT : Fact (0 < T)
f g : AddCircle T → ℂ
N : ℕ
x : AddCircle T
hf : Integrable f haarAddCircle
hg : Integrable g haarAddCircle
n : ℤ
hfourier_bound : ∀ (t : AddCircle T), ‖(fourier (-n)) t‖ ≤ 1
hint : ∀ (h : AddCircle T → ℂ), Integrable h haarAddCircle → Integrable (fun t => (fourier (-n)) t * h t) haarAddCircle
⊢ ↑(n • x).toCircle *
      ∫ (t : AddCircle T),
        f t * (starRingEnd ℂ) ↑(n • t).toCircle + (starRingEnd ℂ) ↑(n • t).toCircle * g t ∂haarAddCircle =
    ↑(n • x).toCircle * ∫ (t : AddCircle T), f t * (starRingEnd ℂ) ↑(n • t).toCircle ∂haarAddCircle +
      ↑(n • x).toCircle * ∫ (t : AddCircle T), g t * (starRingEnd ℂ) ↑(n • t).toCircle ∂haarAddCircle

Note: The target expression is not type-correct under the `instances` transparency level, which may have triggered the failure. This is usually caused by unfolding of semireducible definitions in prior tactic steps. Use `set_option linter.tacticCheckInstances true` to investigate the source of the issue.
Full error:
  Application type mismatch: The argument
    (n • x).toCircle
  has type
    Circle
  but is expected to have type
    ↥(Submonoid.unitSphere ℂ)
  in the application
    ↑(n • x).toCircle
warning: Proofs/FourierSeriesOQ01.lean:480:18: This simp argument is unused:
  mul_add

Hint: Omit it from the simp argument list.
  simp [mul_comm, m̵u̵l̵_̵a̵d̵d̵,̵ ̵add_mul]

Note: This linter can be disabled with `set_option linter.unusedSimpArgs false`
warning: Proofs/FourierSeriesOQ01.lean:565:4: `push_neg` has been deprecated. Prefer using `push Not` instead.
If you'd rather continue using `push_neg` in your project, you can implement it as follows:
```
open Lean.Parser.Tactic in
macro "push_neg" cfg:optConfig loc:(location)? : tactic =>
  `(tactic| push $cfg:optConfig Not $[$loc]?)
```
error: Proofs/FourierSeriesOQ01.lean:575:67: Invalid field `smul_left`: The environment does not contain `And.smul_left`, so it is not possible to project the field `smul_left` from an expression
  hg
of type
  AEStronglyMeasurable g haarAddCircle ∧ HasFiniteIntegral g haarAddCircle
error: Proofs/FourierSeriesOQ01.lean:592:38: Type mismatch
  ⟨δ / 2, hpos⟩
has type
  { r // 0 ≤ r }
but is expected to have type
  ℝ≥0∞
error: Proofs/FourierSeriesOQ01.lean:686:50: unexpected identifier; expected ')', ',' or ':'
error: Proofs/FourierSeriesOQ01.lean:609:32: Function expected at
  Memℒp
but this term has type
  ?m.5

Note: Expected a function because this term is being applied to the argument
  f

Hint: The identifier `Memℒp` is unknown, and Lean's `autoImplicit` option causes an unknown identifier to be treated as an implicitly bound variable with an unknown type. However, the unknown type cannot be a function, and a function is what Lean expects here. This is often the result of a typo or a missing `import` or `open` statement.
error: Proofs/FourierSeriesOQ01.lean:612:54: Function expected at
  Memℒp
but this term has type
  ?m.5

Note: Expected a function because this term is being applied to the argument
  g

Hint: The identifier `Memℒp` is unknown, and Lean's `autoImplicit` option causes an unknown identifier to be treated as an implicitly bound variable with an unknown type. However, the unknown type cannot be a function, and a function is what Lean expects here. This is often the result of a typo or a missing `import` or `open` statement.
error: Proofs/FourierSeriesOQ01.lean:619:17: Function expected at
  Memℒp
but this term has type
  x✝

Note: Expected a function because this term is being applied to the argument
  (f - g)
error: Proofs/FourierSeriesOQ01.lean:641:10: Unknown identifier `carleson_hunt_maximal`
error: Proofs/FourierSeriesOQ01.lean:659:7: Unknown identifier `memℒp_two_iff_integrable_sq_norm`
error: Proofs/FourierSeriesOQ01.lean:670:9: Unknown constant `Filter.eventually_of_forall`
error: Proofs/FourierSeriesOQ01.lean:686:10: Type mismatch
  ENNReal.div_le_div_right ?m.1042
has type
  ∀ (c : ℝ≥0∞), ?m.1040 / c ≤ ?m.1041 / c
but is expected to have type
  (∫⁻ (x : AddCircle T), ENNReal.ofReal (‖(f - g) x‖ ^ 2) ∂haarAddCircle) / ENNReal.ofReal ((δ / 2) ^ 2) ≤
    ENNReal.ofReal (ε ^ 2) / ENNReal.ofReal ((δ / 2) ^ 2)
error: Proofs/FourierSeriesOQ01.lean:686:43: Tactic `rewrite` failed: Did not find an occurrence of the pattern
  ∫⁻ (x : AddCircle T), ENNReal.ofReal (‖(f - g) x‖ ^ 2) ∂haarAddCircle
in the target expression
  ?m.1040 ≤ ?m.1041

T : ℝ
hT : Fact (0 < T)
x✝ : Sort u_1
Memℒp : x✝
f : AddCircle T → ℂ
hf : sorry
δ : ℝ
hδ : 0 < δ
ε : ℝ
hε : 0 < ε
g : AddCircle T → ℂ
hg : IsTrigPoly g
hgL2 : sorry
happrox : ∫ (x : AddCircle T), ‖f x - g x‖ ^ 2 ∂haarAddCircle < ε ^ 2
M₀ : ℕ
hM₀ : ∀ (N : ℕ), M₀ ≤ N → ∀ (x : AddCircle T), fourierPartialSum g N x = g x
hfmg_L2 : sorry
hf_int : Integrable f haarAddCircle
hg_int : Integrable g haarAddCircle
hsubset : divergenceSet f δ ⊆ {x | δ / 2 < ‖(f - g) x‖} ∪ {x | carlesonMaximal (f - g) x > ENNReal.ofReal (δ / 2)}
hmeas_add :
  haarAddCircle (divergenceSet f δ) ≤
    haarAddCircle {x | δ / 2 < ‖(f - g) x‖} + haarAddCircle {x | carlesonMaximal (f - g) x > ENNReal.ofReal (δ / 2)}
happrox_fmg : ∫ (x : AddCircle T), ‖(f - g) x‖ ^ 2 ∂haarAddCircle < ε ^ 2
hcarleson :
  haarAddCircle {x | carlesonMaximal (f - g) x > ENNReal.ofReal (δ / 2)} ≤
    ENNReal.ofReal ((carlesonConstant / (δ / 2)) ^ 2 * ε ^ 2)
hd2sq_pos : 0 < (δ / 2) ^ 2
hd2sq_ne_zero : ENNReal.ofReal ((δ / 2) ^ 2) ≠ 0
hfmg_sq : Integrable (fun x => ‖(f - g) x‖ ^ 2) haarAddCircle
hφ_ae : AEMeasurable (fun x => ENNReal.ofReal (‖(f - g) x‖ ^ 2)) haarAddCircle
hmarkov :
  ENNReal.ofReal ((δ / 2) ^ 2) * haarAddCircle {x | ENNReal.ofReal ((δ / 2) ^ 2) ≤ ENNReal.ofReal (‖(f - g) x‖ ^ 2)} ≤
    ∫⁻ (a : AddCircle T), ENNReal.ofReal (‖(f - g) a‖ ^ 2) ∂haarAddCircle
hlint :
  ∫⁻ (x : AddCircle T), ENNReal.ofReal (‖(f - g) x‖ ^ 2) ∂haarAddCircle =
    ENNReal.ofReal (∫ (x : AddCircle T), ‖(f - g) x‖ ^ 2 ∂haarAddCircle)
hset_sub : {x | δ / 2 < ‖(f - g) x‖} ⊆ {x | ENNReal.ofReal ((δ / 2) ^ 2) ≤ ENNReal.ofReal (‖(f - g) x‖ ^ 2)}
⊢ ?m.1040 ≤ ?m.1041
error: Proofs/FourierSeriesOQ01.lean:653:46: unsolved goals
case calc.step
T : ℝ
hT : Fact (0 < T)
x✝ : Sort u_1
Memℒp : x✝
f : AddCircle T → ℂ
hf : sorry
δ : ℝ
hδ : 0 < δ
ε : ℝ
hε : 0 < ε
g : AddCircle T → ℂ
hg : IsTrigPoly g
hgL2 : sorry
happrox : ∫ (x : AddCircle T), ‖f x - g x‖ ^ 2 ∂haarAddCircle < ε ^ 2
M₀ : ℕ
hM₀ : ∀ (N : ℕ), M₀ ≤ N → ∀ (x : AddCircle T), fourierPartialSum g N x = g x
hfmg_L2 : sorry
hf_int : Integrable f haarAddCircle
hg_int : Integrable g haarAddCircle
hsubset : divergenceSet f δ ⊆ {x | δ / 2 < ‖(f - g) x‖} ∪ {x | carlesonMaximal (f - g) x > ENNReal.ofReal (δ / 2)}
hmeas_add :
  haarAddCircle (divergenceSet f δ) ≤
    haarAddCircle {x | δ / 2 < ‖(f - g) x‖} + haarAddCircle {x | carlesonMaximal (f - g) x > ENNReal.ofReal (δ / 2)}
happrox_fmg : ∫ (x : AddCircle T), ‖(f - g) x‖ ^ 2 ∂haarAddCircle < ε ^ 2
hcarleson :
  haarAddCircle {x | carlesonMaximal (f - g) x > ENNReal.ofReal (δ / 2)} ≤
    ENNReal.ofReal ((carlesonConstant / (δ / 2)) ^ 2 * ε ^ 2)
hd2sq_pos : 0 < (δ / 2) ^ 2
hd2sq_ne_zero : ENNReal.ofReal ((δ / 2) ^ 2) ≠ 0
hfmg_sq : Integrable (fun x => ‖(f - g) x‖ ^ 2) haarAddCircle
hφ_ae : AEMeasurable (fun x => ENNReal.ofReal (‖(f - g) x‖ ^ 2)) haarAddCircle
hmarkov :
  ENNReal.ofReal ((δ / 2) ^ 2) * haarAddCircle {x | ENNReal.ofReal ((δ / 2) ^ 2) ≤ ENNReal.ofReal (‖(f - g) x‖ ^ 2)} ≤
    ∫⁻ (a : AddCircle T), ENNReal.ofReal (‖(f - g) a‖ ^ 2) ∂haarAddCircle
hlint :
  ∫⁻ (x : AddCircle T), ENNReal.ofReal (‖(f - g) x‖ ^ 2) ∂haarAddCircle =
    ENNReal.ofReal (∫ (x : AddCircle T), ‖(f - g) x‖ ^ 2 ∂haarAddCircle)
hset_sub : {x | δ / 2 < ‖(f - g) x‖} ⊆ {x | ENNReal.ofReal ((δ / 2) ^ 2) ≤ ENNReal.ofReal (‖(f - g) x‖ ^ 2)}
⊢ ENNReal.ofReal (ε ^ 2) / ENNReal.ofReal ((δ / 2) ^ 2) ≤ ENNReal.ofReal (ε ^ 2 / (δ / 2) ^ 2)
error: Proofs/FourierSeriesOQ01.lean:615:75: unsolved goals
T : ℝ
hT : Fact (0 < T)
x✝ : Sort u_1
Memℒp : x✝
f : AddCircle T → ℂ
hf : sorry
δ : ℝ
hδ : 0 < δ
ε : ℝ
hε : 0 < ε
g : AddCircle T → ℂ
hg : IsTrigPoly g
hgL2 : sorry
happrox : ∫ (x : AddCircle T), ‖f x - g x‖ ^ 2 ∂haarAddCircle < ε ^ 2
M₀ : ℕ
hM₀ : ∀ (N : ℕ), M₀ ≤ N → ∀ (x : AddCircle T), fourierPartialSum g N x = g x
hfmg_L2 : sorry
hf_int : Integrable f haarAddCircle
hg_int : Integrable g haarAddCircle
hsubset : divergenceSet f δ ⊆ {x | δ / 2 < ‖(f - g) x‖} ∪ {x | carlesonMaximal (f - g) x > ENNReal.ofReal (δ / 2)}
hmeas_add :
  haarAddCircle (divergenceSet f δ) ≤
    haarAddCircle {x | δ / 2 < ‖(f - g) x‖} + haarAddCircle {x | carlesonMaximal (f - g) x > ENNReal.ofReal (δ / 2)}
happrox_fmg : ∫ (x : AddCircle T), ‖(f - g) x‖ ^ 2 ∂haarAddCircle < ε ^ 2
hcarleson :
  haarAddCircle {x | carlesonMaximal (f - g) x > ENNReal.ofReal (δ / 2)} ≤
    ENNReal.ofReal ((carlesonConstant / (δ / 2)) ^ 2 * ε ^ 2)
hchebyshev : haarAddCircle {x | δ / 2 < ‖(f - g) x‖} ≤ ENNReal.ofReal (ε ^ 2 / (δ / 2) ^ 2)
⊢ haarAddCircle (divergenceSet f δ) ≤ ENNReal.ofReal ((carlesonConstant + 1) ^ 2 * ε ^ 2 / (δ / 2) ^ 2)
error: Proofs/FourierSeriesOQ01.lean:730:32: Function expected at
  Memℒp
but this term has type
  ?m.5

Note: Expected a function because this term is being applied to the argument
  f

Hint: The identifier `Memℒp` is unknown, and Lean's `autoImplicit` option causes an unknown identifier to be treated as an implicitly bound variable with an unknown type. However, the unknown type cannot be a function, and a function is what Lean expects here. This is often the result of a typo or a missing `import` or `open` statement.
error: Proofs/FourierSeriesOQ01.lean:742:4: `simp` made no progress
error: Proofs/FourierSeriesOQ01.lean:785:10: Tactic `introN` failed: There are no additional binders or `let` bindings in the goal to introduce

T : ℝ
hT : Fact (0 < T)
x✝ : Sort u_1
Memℒp : x✝
f : AddCircle T → ℂ
hf : sorry
⊢ haarAddCircle sorry = 0
error: Proofs/FourierSeriesOQ01.lean:732:72: unsolved goals
T : ℝ
hT : Fact (0 < T)
x✝ : Sort u_1
Memℒp : x✝
f : AddCircle T → ℂ
hf : sorry
⊢ {a | ¬Tendsto (fun N => fourierPartialSum f N a) atTop (𝓝 (f a))} ⊆ sorry
error: Proofs/FourierSeriesOQ01.lean:822:8: Unknown identifier `Memℒp.of_bound`
error: Proofs/FourierSeriesOQ01.lean:818:75: unsolved goals
case hf
T : ℝ
hT : Fact (0 < T)
f : C(AddCircle T, ℂ)
⊢ sorry

case x
T : ℝ
hT : Fact (0 < T)
f : C(AddCircle T, ℂ)
⊢ Sort ?u.23
error: Proofs/FourierSeriesOQ01.lean:841:10: Unknown constant `MeasureTheory.Lp.memℒp`
error: Proofs/FourierSeriesOQ01.lean:840:2: unsolved goals
case right.hf
T : ℝ
hT : Fact (0 < T)
f : ↥(Lp ℂ 2 haarAddCircle)
⊢ sorry

case right.x
T : ℝ
hT : Fact (0 < T)
f : ↥(Lp ℂ 2 haarAddCircle)
⊢ Sort ?u.34
info: Proofs/FourierSeriesOQ01.lean:849:0: @fourierPartialSum : {T : ℝ} → [hT : Fact (0 < T)] → (AddCircle T → ℂ) → ℕ → AddCircle T → ℂ
info: Proofs/FourierSeriesOQ01.lean:850:0: @carlesonMaximal : {T : ℝ} → [hT : Fact (0 < T)] → (AddCircle T → ℂ) → AddCircle T → ℝ≥0∞
info: Proofs/FourierSeriesOQ01.lean:851:0: @le_carlesonMaximal : ∀ {T : ℝ} [hT : Fact (0 < T)] (f : AddCircle T → ℂ) (N : ℕ) (x : AddCircle T),
  ↑‖fourierPartialSum f N x‖₊ ≤ carlesonMaximal f x
info: Proofs/FourierSeriesOQ01.lean:852:0: @IsTrigPoly : {T : ℝ} → (AddCircle T → ℂ) → Prop
info: Proofs/FourierSeriesOQ01.lean:853:0: @divergenceSet : {T : ℝ} → [hT : Fact (0 < T)] → (AddCircle T → ℂ) → ℝ → Set (AddCircle T)
info: Proofs/FourierSeriesOQ01.lean:854:0: @fullDivergenceSet : {T : ℝ} → [hT : Fact (0 < T)] → (AddCircle T → ℂ) → Set (AddCircle T)
info: Proofs/FourierSeriesOQ01.lean:855:0: @carleson_ae_convergence : ∀ {T : ℝ} [hT : Fact (0 < T)] {x : Sort u_1} {Memℒp : x} (f : AddCircle T → ℂ) (hf : sorry),
  ∀ᵐ (x : AddCircle T) ∂haarAddCircle, Tendsto (fun N => fourierPartialSum f N x) atTop (𝓝 (f x))
info: Proofs/FourierSeriesOQ01.lean:856:0: @carleson_continuous : ∀ {T : ℝ} [hT : Fact (0 < T)] (f : C(AddCircle T, ℂ)),
  ∀ᵐ (x : AddCircle T) ∂haarAddCircle, Tendsto (fun N => fourierPartialSum (⇑f) N x) atTop (𝓝 (f x))
info: Proofs/FourierSeriesOQ01.lean:857:0: @carleson_and_parseval : ∀ {T : ℝ} [hT : Fact (0 < T)] (f : ↥(Lp ℂ 2 haarAddCircle)),
  HasSum (fun n => fourierCoeff (↑↑f) n • fourierLp 2 n) f ∧
    ∀ᵐ (x : AddCircle T) ∂haarAddCircle, Tendsto (fun N => fourierPartialSum (↑↑f) N x) atTop (𝓝 (↑↑f x))
error: Lean exited with code 1
✖ [8607/8671] Building Proofs.ZsqrtdNegTwo (6.6s)
trace: .> LEAN_PATH=/workspace/proofs/.lake/packages/Cli/.lake/build/lib/lean:/workspace/proofs/.lake/packages/batteries/.lake/build/lib/lean:/workspace/proofs/.lake/packages/Qq/.lake/build/lib/lean:/workspace/proofs/.lake/packages/aesop/.lake/build/lib/lean:/workspace/proofs/.lake/packages/proofwidgets/.lake/build/lib/lean:/workspace/proofs/.lake/packages/importGraph/.lake/build/lib/lean:/workspace/proofs/.lake/packages/LeanSearchClient/.lake/build/lib/lean:/workspace/proofs/.lake/packages/plausible/.lake/build/lib/lean:/workspace/proofs/.lake/packages/mathlib/.lake/build/lib/lean:/workspace/proofs/.lake/build/lib/lean /root/.elan/toolchains/leanprover--lean4---v4.31.0/bin/lean /workspace/proofs/Proofs/ZsqrtdNegTwo.lean -o /workspace/proofs/.lake/build/lib/lean/Proofs/ZsqrtdNegTwo.olean -i /workspace/proofs/.lake/build/lib/lean/Proofs/ZsqrtdNegTwo.ilean -c /workspace/proofs/.lake/build/ir/Proofs/ZsqrtdNegTwo.c --setup /workspace/proofs/.lake/build/ir/Proofs/ZsqrtdNegTwo.setup.json --json
error: Proofs/ZsqrtdNegTwo.lean:227:4: `inferInstanceAs` failed, expected type contains metavariables
  ?m.1

Note: `inferInstanceAs` requires full knowledge of the expected ("target") type to do its instance translation. If you do not intend to transport instances between two types, consider using `inferInstance` or `(inferInstance : expectedType)` instead.
error: Proofs/ZsqrtdNegTwo.lean:227:2: expected structure
warning: Proofs/ZsqrtdNegTwo.lean:246:2: `push_neg` has been deprecated. Prefer using `push Not` instead.
If you'd rather continue using `push_neg` in your project, you can implement it as follows:
```
open Lean.Parser.Tactic in
macro "push_neg" cfg:optConfig loc:(location)? : tactic =>
  `(tactic| push $cfg:optConfig Not $[$loc]?)
```
error: Proofs/ZsqrtdNegTwo.lean:409:43: failed to synthesize instance of type class
  IsCancelMulZero ZsqrtNegTwo

Hint: Type class instance resolution failures can be inspected with the `set_option trace.Meta.synthInstance true` command.
error: Proofs/ZsqrtdNegTwo.lean:409:43: failed to synthesize instance of type class
  DecompositionMonoid ZsqrtNegTwo

Hint: Type class instance resolution failures can be inspected with the `set_option trace.Meta.synthInstance true` command.
error: Proofs/ZsqrtdNegTwo.lean:377:69: unsolved goals
case refine_1
p : ℕ
hp : Fact (Nat.Prime p)
c : ZMod p
hc : -2 = c * c
hmod : c * c = -2
c' : ℤ := ⋯
hc'_mod : ↑c' = c
hdiv_int : ↑p ∣ c' ^ 2 + 2
α : ZsqrtNegTwo := ⋯
β : ZsqrtNegTwo := ⋯
hprod : α * β = { re := c' ^ 2 + 2, im := 0 }
hdiv_zsqrt : ↑p ∣ α * β
hirr : Irreducible ↑p
⊢ IsCancelMulZero ZsqrtNegTwo

case refine_2
p : ℕ
hp : Fact (Nat.Prime p)
c : ZMod p
hc : -2 = c * c
hmod : c * c = -2
c' : ℤ := ⋯
hc'_mod : ↑c' = c
hdiv_int : ↑p ∣ c' ^ 2 + 2
α : ZsqrtNegTwo := ⋯
β : ZsqrtNegTwo := ⋯
hprod : α * β = { re := c' ^ 2 + 2, im := 0 }
hdiv_zsqrt : ↑p ∣ α * β
hirr : Irreducible ↑p
⊢ DecompositionMonoid ZsqrtNegTwo
error: Lean exited with code 1
✖ [8608/8671] Building Proofs.HarmonicDivergence (4.4s)
trace: .> LEAN_PATH=/workspace/proofs/.lake/packages/Cli/.lake/build/lib/lean:/workspace/proofs/.lake/packages/batteries/.lake/build/lib/lean:/workspace/proofs/.lake/packages/Qq/.lake/build/lib/lean:/workspace/proofs/.lake/packages/aesop/.lake/build/lib/lean:/workspace/proofs/.lake/packages/proofwidgets/.lake/build/lib/lean:/workspace/proofs/.lake/packages/importGraph/.lake/build/lib/lean:/workspace/proofs/.lake/packages/LeanSearchClient/.lake/build/lib/lean:/workspace/proofs/.lake/packages/plausible/.lake/build/lib/lean:/workspace/proofs/.lake/packages/mathlib/.lake/build/lib/lean:/workspace/proofs/.lake/build/lib/lean /root/.elan/toolchains/leanprover--lean4---v4.31.0/bin/lean /workspace/proofs/Proofs/HarmonicDivergence.lean -o /workspace/proofs/.lake/build/lib/lean/Proofs/HarmonicDivergence.olean -i /workspace/proofs/.lake/build/lib/lean/Proofs/HarmonicDivergence.ilean -c /workspace/proofs/.lake/build/ir/Proofs/HarmonicDivergence.c --setup /workspace/proofs/.lake/build/ir/Proofs/HarmonicDivergence.setup.json --json
error: Proofs/HarmonicDivergence.lean:142:4: linarith failed to find a contradiction
case h1
k : ℕ
hk : k ≥ 1
h1 : 2 ^ (k + 1) - 1 ≥ 2 ^ k
h2 : ∀ i ∈ Finset.Icc (2 ^ k) (2 ^ (k + 1) - 1), 1 / ↑i ≥ 1 / 2 ^ (k + 1)
card_eq : (Finset.Icc (2 ^ k) (2 ^ (k + 1) - 1)).card = 2 ^ k
hsum : ∑ i ∈ Finset.Icc (2 ^ k) (2 ^ (k + 1) - 1), 1 / ↑i ≥ ∑ _i ∈ Finset.Icc (2 ^ k) (2 ^ (k + 1) - 1), 1 / 2 ^ (k + 1)
hconst :
  ∑ _i ∈ Finset.Icc (2 ^ k) (2 ^ (k + 1) - 1), 1 / 2 ^ (k + 1) =
    ↑(Finset.Icc (2 ^ k) (2 ^ (k + 1) - 1)).card * (1 / 2 ^ (k + 1))
h2k_pos : 2 ^ k > 0
h2k1_pos : 2 ^ (k + 1) > 0
this : 2 ^ (k + 1) = 2 * 2 ^ k
a✝ : ↑(2 ^ k) * 2 < 2 ^ (k + 1)
⊢ False
failed
warning: Proofs/HarmonicDivergence.lean:133:33: This simp argument is unused:
  smul_eq_mul

Hint: Omit it from the simp argument list.
  simp only [Finset.sum_const,̵ ̵s̵m̵u̵l̵_̵e̵q̵_̵m̵u̵l̵]

Note: This linter can be disabled with `set_option linter.unusedSimpArgs false`
error: Lean exited with code 1
✖ [8609/8671] Building Proofs.Erdos864Problem (7.1s)
trace: .> LEAN_PATH=/workspace/proofs/.lake/packages/Cli/.lake/build/lib/lean:/workspace/proofs/.lake/packages/batteries/.lake/build/lib/lean:/workspace/proofs/.lake/packages/Qq/.lake/build/lib/lean:/workspace/proofs/.lake/packages/aesop/.lake/build/lib/lean:/workspace/proofs/.lake/packages/proofwidgets/.lake/build/lib/lean:/workspace/proofs/.lake/packages/importGraph/.lake/build/lib/lean:/workspace/proofs/.lake/packages/LeanSearchClient/.lake/build/lib/lean:/workspace/proofs/.lake/packages/plausible/.lake/build/lib/lean:/workspace/proofs/.lake/packages/mathlib/.lake/build/lib/lean:/workspace/proofs/.lake/build/lib/lean /root/.elan/toolchains/leanprover--lean4---v4.31.0/bin/lean /workspace/proofs/Proofs/Erdos864Problem.lean -o /workspace/proofs/.lake/build/lib/lean/Proofs/Erdos864Problem.olean -i /workspace/proofs/.lake/build/lib/lean/Proofs/Erdos864Problem.ilean -c /workspace/proofs/.lake/build/ir/Proofs/Erdos864Problem.c --setup /workspace/proofs/.lake/build/ir/Proofs/Erdos864Problem.setup.json --json
error: Proofs/Erdos864Problem.lean:48:14: failed to synthesize instance of type class
  DecidablePred fun A => IsAlmostSidon A

Hint: Type class instance resolution failures can be inspected with the `set_option trace.Meta.synthInstance true` command.
error: Proofs/Erdos864Problem.lean:67:42: unexpected token '/--'; expected 'lemma'
error: Proofs/Erdos864Problem.lean:88:19: Tactic `rewrite` failed: Did not find an occurrence of the pattern
  ?m.187 - ?m.189 < ?m.188
in the target expression
  1 < 2 / √3 - 1 / 10

N₀ : ℕ
hN₀ : ∀ N ≥ N₀, ↑(maxAlmostSidon N) ≥ (2 / √3 - 1 / 10) * √↑N
N : ℕ
hN : N ≥ max N₀ 400
hge : ↑(maxAlmostSidon N) ≥ (2 / √3 - 1 / 10) * √↑N
hNge : ↑N ≥ 400
h_sqrt3_pos : 0 < √3
h_sqrt3_bound : √3 < 40 / 23
⊢ 1 < 2 / √3 - 1 / 10
error: Proofs/Erdos864Problem.lean:135:11: Insufficient number of fields for `⟨...⟩` constructor: Constructor `Eq.refl` does not have explicit fields, but 2 were provided
error: Proofs/Erdos864Problem.lean:136:26: Unknown identifier `sumRepCount_le_of_subset`
error: Proofs/Erdos864Problem.lean:135:18: Application type mismatch: The argument
  hsub ?m.98
has type
  ?m.97 ∈ B
but is expected to have type
  a ∈ B ∧ b ∈ B
in the application
  And.intro (hsub ?m.98)
error: Proofs/Erdos864Problem.lean:165:39: Application type mismatch: The argument
  x
has type
  ℕ
of sort `Type` but is expected to have type
  x ∈ A
of sort `Prop` in the application
  And.intro x
error: Proofs/Erdos864Problem.lean:165:38: Insufficient number of fields for `⟨...⟩` constructor: Constructor `Eq.refl` does not have explicit fields, but 2 were provided
error: Proofs/Erdos864Problem.lean:166:42: Unknown identifier `ha`
error: Proofs/Erdos864Problem.lean:166:46: Unknown identifier `ha`
error: Proofs/Erdos864Problem.lean:167:8: Tactic `rewrite` failed: Did not find an occurrence of the pattern
  diag
in the target expression
  #({p ∈ A ×ˢ A | p.1 = p.2}) = n

A : Finset ℕ
n : ℕ := #A
hn : n = #A
h_total : #(A ×ˢ A) = n * n
upper : Finset (ℕ × ℕ) := {p ∈ A ×ˢ A | p.1 < p.2}
hupper : upper = {p ∈ A ×ˢ A | p.1 < p.2}
diag : Finset (ℕ × ℕ) := {p ∈ A ×ˢ A | p.1 = p.2}
hdiag : diag = {p ∈ A ×ˢ A | p.1 = p.2}
lower : Finset (ℕ × ℕ) := {p ∈ A ×ˢ A | p.2 < p.1}
hlower : lower = {p ∈ A ×ˢ A | p.2 < p.1}
this : diag = image (fun a => (a, a)) A
⊢ #({p ∈ A ×ˢ A | p.1 = p.2}) = n
error: Proofs/Erdos864Problem.lean:172:6: Tactic `constructor` failed: target is not an inductive datatype

A : Finset ℕ
n : ℕ := #A
hn : n = #A
h_total : #(A ×ˢ A) = n * n
upper : Finset (ℕ × ℕ) := {p ∈ A ×ˢ A | p.1 < p.2}
hupper : upper = {p ∈ A ×ˢ A | p.1 < p.2}
diag : Finset (ℕ × ℕ) := {p ∈ A ×ˢ A | p.1 = p.2}
hdiag : diag = {p ∈ A ×ˢ A | p.1 = p.2}
lower : Finset (ℕ × ℕ) := {p ∈ A ×ˢ A | p.2 < p.1}
hlower : lower = {p ∈ A ×ˢ A | p.2 < p.1}
h_diag : #diag = n
x y : ℕ
⊢ y < x → (x ∈ A ∧ y ∈ A ↔ y ∈ A ∧ x ∈ A)
error: Proofs/Erdos864Problem.lean:175:74: Type mismatch: After simplification, term
  h
 has type
  b = d ∧ a = c
but is expected to have type
  a = c ∧ b = d
error: Proofs/Erdos864Problem.lean:180:12: Tactic `introN` failed: There are no additional binders or `let` bindings in the goal to introduce

A : Finset ℕ
n : ℕ := #A
hn : n = #A
h_total : #(A ×ˢ A) = n * n
upper : Finset (ℕ × ℕ) := {p ∈ A ×ˢ A | p.1 < p.2}
hupper : upper = {p ∈ A ×ˢ A | p.1 < p.2}
diag : Finset (ℕ × ℕ) := {p ∈ A ×ˢ A | p.1 = p.2}
hdiag : diag = {p ∈ A ×ˢ A | p.1 = p.2}
lower : Finset (ℕ × ℕ) := {p ∈ A ×ˢ A | p.2 < p.1}
hlower : lower = {p ∈ A ×ˢ A | p.2 < p.1}
h_diag : #diag = n
h_sym : #upper = #lower
x y : ℕ
⊢ x ∈ A ∧ y ∈ A ↔ (x ∈ A ∧ y ∈ A) ∧ x < y ∨ (x ∈ A ∧ y ∈ A) ∧ x = y ∨ (x ∈ A ∧ y ∈ A) ∧ y < x
error: Proofs/Erdos864Problem.lean:182:6: `simp` made no progress
error: Proofs/Erdos864Problem.lean:184:61: Tactic `introN` failed: There are no additional binders or `let` bindings in the goal to introduce

A : Finset ℕ
n : ℕ := #A
hn : n = #A
h_total : #(A ×ˢ A) = n * n
upper : Finset (ℕ × ℕ) := {p ∈ A ×ˢ A | p.1 < p.2}
hupper : upper = {p ∈ A ×ˢ A | p.1 < p.2}
diag : Finset (ℕ × ℕ) := {p ∈ A ×ˢ A | p.1 = p.2}
hdiag : diag = {p ∈ A ×ˢ A | p.1 = p.2}
lower : Finset (ℕ × ℕ) := {p ∈ A ×ˢ A | p.2 < p.1}
hlower : lower = {p ∈ A ×ˢ A | p.2 < p.1}
h_diag : #diag = n
h_sym : #upper = #lower
h1 : A ×ˢ A = upper ∪ diag ∪ lower
h2 : Disjoint upper diag
⊢ Disjoint upper lower ∧ Disjoint diag lower
error: Proofs/Erdos864Problem.lean:189:57: omega could not prove the goal:
a possible counterexample may satisfy the constraints
  d ≥ 0
  -1 ≤ 2*c - d ≤ 0
  b ≥ 0
  b - c ≤ -1
  a ≥ 0
  a + 2*b ≥ 0
where
 a := ↑(#diag)
 b := ↑(#lower)
 c := ↑(n * (n - 1)) / 2
 d := ↑n * ↑(n - 1)
error: Proofs/Erdos864Problem.lean:193:10: Tactic `introN` failed: There are no additional binders or `let` bindings in the goal to introduce

A : Finset ℕ
n : ℕ := #A
hn : n = #A
h_total : #(A ×ˢ A) = n * n
upper : Finset (ℕ × ℕ) := {p ∈ A ×ˢ A | p.1 < p.2}
hupper : upper = {p ∈ A ×ˢ A | p.1 < p.2}
diag : Finset (ℕ × ℕ) := {p ∈ A ×ˢ A | p.1 = p.2}
hdiag : diag = {p ∈ A ×ˢ A | p.1 = p.2}
lower : Finset (ℕ × ℕ) := {p ∈ A ×ˢ A | p.2 < p.1}
hlower : lower = {p ∈ A ×ˢ A | p.2 < p.1}
h_diag : #diag = n
h_sym : #upper = #lower
h_part : #(A ×ˢ A) = #upper + #diag + #lower
h_upper : #upper = n * (n - 1) / 2
x y : ℕ
⊢ (x ∈ A ∧ y ∈ A) ∧ x ≤ y ↔ (x ∈ A ∧ y ∈ A) ∧ x < y ∨ (x ∈ A ∧ y ∈ A) ∧ x = y
error: Proofs/Erdos864Problem.lean:195:4: `simp` made no progress
error: Proofs/Erdos864Problem.lean:197:2: omega could not prove the goal:
a possible counterexample may satisfy the constraints
  e ≥ 0
  -1 ≤ 2*d - e ≤ 0
  c ≥ 0
  b ≥ 0
  -1 ≤ 2*b - c ≤ 0
  a ≥ 0
  a + b - d ≤ -1
  a + 2*b ≥ 0
where
 a := ↑(#diag)
 b := ↑(n * (n - 1)) / 2
 c := ↑n * ↑(n - 1)
 d := ↑(n * (n + 1)) / 2
 e := ↑n * ↑(n + 1)
warning: Proofs/Erdos864Problem.lean:184:12: This simp argument is unused:
  Finset.disjoint_filter

Hint: Omit it from the simp argument list.
  simp [Finset.d̵i̵s̵j̵o̵i̵n̵t̵_̵f̵i̵l̵t̵e̵r̵,̵ ̵F̵i̵n̵s̵e̵t̵.̵mem_union]

Note: This linter can be disabled with `set_option linter.unusedSimpArgs false`
warning: Proofs/Erdos864Problem.lean:184:36: This simp argument is unused:
  Finset.mem_union

Hint: Omit it from the simp argument list.
  simp [Finset.disjoint_filter,̵ ̵F̵i̵n̵s̵e̵t̵.̵m̵e̵m̵_̵u̵n̵i̵o̵n̵]

Note: This linter can be disabled with `set_option linter.unusedSimpArgs false`
warning: Proofs/Erdos864Problem.lean:202:31: Variable name `hab` is not explicitly referenced.

The binding can be removed (if unused) or named `_` (if used implicitly).

Note: This linter can be disabled with `set_option linter.unusedVariables false`
error: Proofs/Erdos864Problem.lean:230:11: Insufficient number of fields for `⟨...⟩` constructor: Constructor `Eq.refl` does not have explicit fields, but 2 were provided
error: Proofs/Erdos864Problem.lean:230:18: Application type mismatch: The argument
  hsub ?m.98
has type
  ?m.97 ∈ B
but is expected to have type
  a ∈ B ∧ b ∈ B
in the application
  And.intro (hsub ?m.98)
error: Proofs/Erdos864Problem.lean:246:21: Application type mismatch: The argument
  ha
has type
  a ∈ A ∧ b ∈ A
but is expected to have type
  a ∈ A
in the application
  hA a ha
error: Proofs/Erdos864Problem.lean:246:38: Unknown identifier `hb`
error: Proofs/Erdos864Problem.lean:247:28: Unknown constant `Finset.Nat.card_Icc`
error: Proofs/Erdos864Problem.lean:247:21: unsolved goals
A : Finset ℕ
N : ℕ
hN : 0 < N
hA : ∀ a ∈ A, a ∈ Icc 1 N
⊢ #(Icc 2 (2 * N)) = 2 * N - 1
error: Proofs/Erdos864Problem.lean:265:16: Unknown identifier `isSidon_sumRepCount_le_one`
error: Proofs/Erdos864Problem.lean:312:14: Unknown identifier `isSidon_sumRepCount_le_one`
error: Proofs/Erdos864Problem.lean:310:25: unsolved goals
A : Finset ℕ
hS : IsSidon A
a₁ b₁ a₂ b₂ : ℕ
ha1 : a₁ ∈ A
hb1 : b₁ ∈ A
ha2 : a₂ ∈ A
hb2 : b₂ ∈ A
hgt1 : b₁ < a₁
hgt2 : b₂ < a₂
heq : a₁ - b₁ = a₂ - b₂
hsum : a₁ + b₂ = a₂ + b₁
⊢ a₁ = a₂ ∧ b₁ = b₂
error: Proofs/Erdos864Problem.lean:384:4: `simp` made no progress
error: Proofs/Erdos864Problem.lean:392:4: `simp` made no progress
error: Proofs/Erdos864Problem.lean:402:26: Unknown constant `Finset.Nat.card_Icc`
error: Proofs/Erdos864Problem.lean:402:19: unsolved goals
A : Finset ℕ
N : ℕ
hN : 0 < N
hA : ∀ a ∈ A, a ∈ Icc 1 N
hS : IsSidon A
k : ℕ := #A
hk : k = #A
L : Finset (ℕ × ℕ) := {p ∈ A ×ˢ A | p.2 < p.1}
h_inj : Set.InjOn (fun p => p.1 - p.2) ↑L
h_range : image (fun p => p.1 - p.2) L ⊆ Icc 1 (N - 1)
h_card_img : #(image (fun p => p.1 - p.2) L) = #L
⊢ #(Icc 1 (N - 1)) = N - 1
error: Proofs/Erdos864Problem.lean:414:48: Application type mismatch: The argument
  hy
has type
  y ∈ A
but is expected to have type
  y ∈ A ∧ x ∈ A
in the application
  And.intro hy
error: Proofs/Erdos864Problem.lean:414:40: Insufficient number of fields for `⟨...⟩` constructor: Constructor `Eq.refl` does not have explicit fields, but 3 were provided
error: Proofs/Erdos864Problem.lean:415:58: Application type mismatch: The argument
  hb
has type
  y < x
but is expected to have type
  x ∈ A
in the application
  And.intro hb
error: Proofs/Erdos864Problem.lean:415:67: Unknown identifier `hab`
error: Proofs/Erdos864Problem.lean:417:35: Type mismatch: After simplification, term
  h
 has type
  b = d ∧ a = c
but is expected to have type
  a = c ∧ b = d
error: Proofs/Erdos864Problem.lean:440:6: `simp` made no progress
error: Proofs/Erdos864Problem.lean:443:16: `simp` made no progress
error: Proofs/Erdos864Problem.lean:444:16: `simp` made no progress
error: Proofs/Erdos864Problem.lean:445:44: unsolved goals
A : Finset ℕ
N : ℕ
hN : 0 < N
hA : ∀ a ∈ A, a ∈ Icc 1 N
hS : IsSidon A
k : ℕ := #A
hk : k = #A
L : Finset (ℕ × ℕ) := {p ∈ A ×ˢ A | p.2 < p.1}
h_inj : Set.InjOn (fun p => p.1 - p.2) ↑L
h_range : image (fun p => p.1 - p.2) L ⊆ Icc 1 (N - 1)
h_card_img : #(image (fun p => p.1 - p.2) L) = #L
h_le : #L ≤ N - 1
U : Finset (ℕ × ℕ) := {p ∈ A ×ˢ A | p.1 < p.2}
D : Finset (ℕ × ℕ) := {p ∈ A ×ˢ A | p.1 = p.2}
h_LU : #L = #U
h_D : #D = k
h_part : A ×ˢ A = L ∪ D ∪ U
h_disj1 : Disjoint L D
h_disj2 : Disjoint (L ∪ D) U
⊢ #A * #A = k * k
error: Proofs/Erdos864Problem.lean:456:4: omega could not prove the goal:
a possible counterexample may satisfy the constraints
  d ≥ 0
  c ≥ 0
  b ≥ 0
  2*b - d ≤ -1
  a ≥ 0
  a - b ≤ 0
  a ≥ 0
  2*a - c ≤ -1
where
 a := ↑(#L)
 b := ↑(N - 1)
 c := ↑(n + 1) * ↑(n + 1)
 d := ↑(n + 1) * ↑(n + 1 - 1)
error: Proofs/Erdos864Problem.lean:470:4: omega could not prove the goal:
a possible counterexample may satisfy the constraints
  d ≥ 0
  c ≥ 0
  c + d ≥ -1
  b ≥ 0
  a ≥ 0
  2*a - b ≥ 0
  2*a - c ≤ -3
where
 a := ↑(N - 1)
 b := ↑(n + 1) * ↑(n + 1 - 1)
 c := ↑(n + 1) * ↑n
 d := ↑n
warning: Proofs/Erdos864Problem.lean:490:2: `push_neg` has been deprecated. Prefer using `push Not` instead.
If you'd rather continue using `push_neg` in your project, you can implement it as follows:
```
open Lean.Parser.Tactic in
macro "push_neg" cfg:optConfig loc:(location)? : tactic =>
  `(tactic| push $cfg:optConfig Not $[$loc]?)
```
error: Proofs/Erdos864Problem.lean:499:19: Application type mismatch: The argument
  hab.left.left
has type
  a ∈ B
but is expected to have type
  a ∈ B ∧ b ∈ B
in the application
  And.intro hab.left.left
error: Proofs/Erdos864Problem.lean:499:12: Insufficient number of fields for `⟨...⟩` constructor: Constructor `Eq.refl` does not have explicit fields, but 2 were provided
error: Proofs/Erdos864Problem.lean:500:31: omega could not prove the goal:
a possible counterexample may satisfy the constraints
  0 ≤ b ≤ 1
  a ≥ 2
where
 a := ↑(#({p ∈ B ×ˢ B | p.1 ≤ p.2 ∧ p.1 + p.2 = n}))
 b := ↑(sumRepCount B n)
error: Proofs/Erdos864Problem.lean:502:14: Unknown constant `Finset.not_mem_empty`
error: Proofs/Erdos864Problem.lean:502:9: invalid `▸` notation, the equality
  hS
has type 
  multiRepSet B = ∅
but neither side of the equality is mentioned in the type
  ?m.133
error: Proofs/Erdos864Problem.lean:518:16: Type mismatch
  mem_image.mp hx
has type
  ∃ a ∈ B, N - a = x
but is expected to have type
  ∃ c ∈ B, x = N - c
error: Proofs/Erdos864Problem.lean:596:51: Application type mismatch: The argument
  h1'
has type
  (a₁, b₁) ∈ {p ∈ B ×ˢ B | p.1 ≤ p.2 ∧ p.1 + p.2 = s}
of sort `Prop` but is expected to have type
  ℕ × ℕ
of sort `Type` in the application
  card_le_one.mp hle1 h1'
error: Proofs/Erdos864Problem.lean:636:49: Application type mismatch: The argument
  hp1
has type
  (a₁, d₂) ∈ {p ∈ B ×ˢ B | p.1 ≤ p.2 ∧ p.1 + p.2 = a₁ + d₂}
of sort `Prop` but is expected to have type
  ℕ × ℕ
of sort `Type` in the application
  card_le_one.mp hle1 hp1
error: Proofs/Erdos864Problem.lean:639:14: `simp` made no progress
warning: Proofs/Erdos864Problem.lean:643:14: `push_neg` has been deprecated. Prefer using `push Not` instead.
If you'd rather continue using `push_neg` in your project, you can implement it as follows:
```
open Lean.Parser.Tactic in
macro "push_neg" cfg:optConfig loc:(location)? : tactic =>
  `(tactic| push $cfg:optConfig Not $[$loc]?)
```
error: Proofs/Erdos864Problem.lean:650:49: Application type mismatch: The argument
  hp1
has type
  (a₁, d₂) ∈ {p ∈ B ×ˢ B | p.1 ≤ p.2 ∧ p.1 + p.2 = a₁ + d₂}
of sort `Prop` but is expected to have type
  ℕ × ℕ
of sort `Type` in the application
  card_le_one.mp hle1 hp1
error: Proofs/Erdos864Problem.lean:651:14: `simp` made no progress
warning: Proofs/Erdos864Problem.lean:655:12: `push_neg` has been deprecated. Prefer using `push Not` instead.
If you'd rather continue using `push_neg` in your project, you can implement it as follows:
```
open Lean.Parser.Tactic in
macro "push_neg" cfg:optConfig loc:(location)? : tactic =>
  `(tactic| push $cfg:optConfig Not $[$loc]?)
```
error: Proofs/Erdos864Problem.lean:664:49: Application type mismatch: The argument
  hp1
has type
  (d₂, a₁) ∈ {p ∈ B ×ˢ B | p.1 ≤ p.2 ∧ p.1 + p.2 = a₁ + d₂}
of sort `Prop` but is expected to have type
  ℕ × ℕ
of sort `Type` in the application
  card_le_one.mp hle1 hp1
error: Proofs/Erdos864Problem.lean:665:14: `simp` made no progress
warning: Proofs/Erdos864Problem.lean:669:14: `push_neg` has been deprecated. Prefer using `push Not` instead.
If you'd rather continue using `push_neg` in your project, you can implement it as follows:
```
open Lean.Parser.Tactic in
macro "push_neg" cfg:optConfig loc:(location)? : tactic =>
  `(tactic| push $cfg:optConfig Not $[$loc]?)
```
error: Proofs/Erdos864Problem.lean:676:49: Application type mismatch: The argument
  hp1
has type
  (d₂, a₁) ∈ {p ∈ B ×ˢ B | p.1 ≤ p.2 ∧ p.1 + p.2 = a₁ + d₂}
of sort `Prop` but is expected to have type
  ℕ × ℕ
of sort `Type` in the application
  card_le_one.mp hle1 hp1
error: Proofs/Erdos864Problem.lean:677:14: `simp` made no progress
error: Proofs/Erdos864Problem.lean:735:45: Application type mismatch: The argument
  hp1
has type
  (d₁, c₁) ∈ {p ∈ B ×ˢ B | p.1 ≤ p.2 ∧ p.1 + p.2 = c₁ + d₁}
of sort `Prop` but is expected to have type
  ℕ × ℕ
of sort `Type` in the application
  card_le_one.mp hle1 hp1
error: Proofs/Erdos864Problem.lean:736:10: `simp` made no progress
error: Proofs/Erdos864Problem.lean:754:2: omega could not prove the goal:
a possible counterexample may satisfy the constraints
  f ≥ 0
  e ≥ 0
  e - f ≤ -1
  d ≥ 0
  d - e ≥ 0
  d - f ≥ 0
  c ≥ 0
where
 c := ↑((fun b => N - b) b)
 d := ↑N
 e := ↑a
 f := ↑b
error: Proofs/Erdos864Problem.lean:800:6: failed to synthesize instance of type class
  DecidablePred IsAlmostSidon

Hint: Type class instance resolution failures can be inspected with the `set_option trace.Meta.synthInstance true` command.
error: Proofs/Erdos864Problem.lean:801:4: failed to synthesize instance of type class
  DecidablePred IsAlmostSidon

Hint: Type class instance resolution failures can be inspected with the `set_option trace.Meta.synthInstance true` command.
error: Lean exited with code 1
✖ [8610/8671] Building Proofs.Erdos839Problem (7.5s)
trace: .> LEAN_PATH=/workspace/proofs/.lake/packages/Cli/.lake/build/lib/lean:/workspace/proofs/.lake/packages/batteries/.lake/build/lib/lean:/workspace/proofs/.lake/packages/Qq/.lake/build/lib/lean:/workspace/proofs/.lake/packages/aesop/.lake/build/lib/lean:/workspace/proofs/.lake/packages/proofwidgets/.lake/build/lib/lean:/workspace/proofs/.lake/packages/importGraph/.lake/build/lib/lean:/workspace/proofs/.lake/packages/LeanSearchClient/.lake/build/lib/lean:/workspace/proofs/.lake/packages/plausible/.lake/build/lib/lean:/workspace/proofs/.lake/packages/mathlib/.lake/build/lib/lean:/workspace/proofs/.lake/build/lib/lean /root/.elan/toolchains/leanprover--lean4---v4.31.0/bin/lean /workspace/proofs/Proofs/Erdos839Problem.lean -o /workspace/proofs/.lake/build/lib/lean/Proofs/Erdos839Problem.olean -i /workspace/proofs/.lake/build/lib/lean/Proofs/Erdos839Problem.ilean -c /workspace/proofs/.lake/build/ir/Proofs/Erdos839Problem.c --setup /workspace/proofs/.lake/build/ir/Proofs/Erdos839Problem.setup.json --json
error: Lean exited with code 137
✖ [8611/8671] Building Proofs.Erdos922Aristotle (8.0s)
trace: .> LEAN_PATH=/workspace/proofs/.lake/packages/Cli/.lake/build/lib/lean:/workspace/proofs/.lake/packages/batteries/.lake/build/lib/lean:/workspace/proofs/.lake/packages/Qq/.lake/build/lib/lean:/workspace/proofs/.lake/packages/aesop/.lake/build/lib/lean:/workspace/proofs/.lake/packages/proofwidgets/.lake/build/lib/lean:/workspace/proofs/.lake/packages/importGraph/.lake/build/lib/lean:/workspace/proofs/.lake/packages/LeanSearchClient/.lake/build/lib/lean:/workspace/proofs/.lake/packages/plausible/.lake/build/lib/lean:/workspace/proofs/.lake/packages/mathlib/.lake/build/lib/lean:/workspace/proofs/.lake/build/lib/lean /root/.elan/toolchains/leanprover--lean4---v4.31.0/bin/lean /workspace/proofs/Proofs/Erdos922Aristotle.lean -o /workspace/proofs/.lake/build/lib/lean/Proofs/Erdos922Aristotle.olean -i /workspace/proofs/.lake/build/lib/lean/Proofs/Erdos922Aristotle.ilean -c /workspace/proofs/.lake/build/ir/Proofs/Erdos922Aristotle.c --setup /workspace/proofs/.lake/build/ir/Proofs/Erdos922Aristotle.setup.json --json
error: Lean exited with code 137
✖ [8612/8671] Building Proofs.Erdos65OQ03 (8.2s)
trace: .> LEAN_PATH=/workspace/proofs/.lake/packages/Cli/.lake/build/lib/lean:/workspace/proofs/.lake/packages/batteries/.lake/build/lib/lean:/workspace/proofs/.lake/packages/Qq/.lake/build/lib/lean:/workspace/proofs/.lake/packages/aesop/.lake/build/lib/lean:/workspace/proofs/.lake/packages/proofwidgets/.lake/build/lib/lean:/workspace/proofs/.lake/packages/importGraph/.lake/build/lib/lean:/workspace/proofs/.lake/packages/LeanSearchClient/.lake/build/lib/lean:/workspace/proofs/.lake/packages/plausible/.lake/build/lib/lean:/workspace/proofs/.lake/packages/mathlib/.lake/build/lib/lean:/workspace/proofs/.lake/build/lib/lean /root/.elan/toolchains/leanprover--lean4---v4.31.0/bin/lean /workspace/proofs/Proofs/Erdos65OQ03.lean -o /workspace/proofs/.lake/build/lib/lean/Proofs/Erdos65OQ03.olean -i /workspace/proofs/.lake/build/lib/lean/Proofs/Erdos65OQ03.ilean -c /workspace/proofs/.lake/build/ir/Proofs/Erdos65OQ03.c --setup /workspace/proofs/.lake/build/ir/Proofs/Erdos65OQ03.setup.json --json
error: Lean exited with code 137
✖ [8613/8671] Building Proofs.Erdos404Problem (7.9s)
trace: .> LEAN_PATH=/workspace/proofs/.lake/packages/Cli/.lake/build/lib/lean:/workspace/proofs/.lake/packages/batteries/.lake/build/lib/lean:/workspace/proofs/.lake/packages/Qq/.lake/build/lib/lean:/workspace/proofs/.lake/packages/aesop/.lake/build/lib/lean:/workspace/proofs/.lake/packages/proofwidgets/.lake/build/lib/lean:/workspace/proofs/.lake/packages/importGraph/.lake/build/lib/lean:/workspace/proofs/.lake/packages/LeanSearchClient/.lake/build/lib/lean:/workspace/proofs/.lake/packages/plausible/.lake/build/lib/lean:/workspace/proofs/.lake/packages/mathlib/.lake/build/lib/lean:/workspace/proofs/.lake/build/lib/lean /root/.elan/toolchains/leanprover--lean4---v4.31.0/bin/lean /workspace/proofs/Proofs/Erdos404Problem.lean -o /workspace/proofs/.lake/build/lib/lean/Proofs/Erdos404Problem.olean -i /workspace/proofs/.lake/build/lib/lean/Proofs/Erdos404Problem.ilean -c /workspace/proofs/.lake/build/ir/Proofs/Erdos404Problem.c --setup /workspace/proofs/.lake/build/ir/Proofs/Erdos404Problem.setup.json --json
error: Lean exited with code 137
✖ [8614/8671] Building Proofs.Erdos260Aristotle (9.2s)
trace: .> LEAN_PATH=/workspace/proofs/.lake/packages/Cli/.lake/build/lib/lean:/workspace/proofs/.lake/packages/batteries/.lake/build/lib/lean:/workspace/proofs/.lake/packages/Qq/.lake/build/lib/lean:/workspace/proofs/.lake/packages/aesop/.lake/build/lib/lean:/workspace/proofs/.lake/packages/proofwidgets/.lake/build/lib/lean:/workspace/proofs/.lake/packages/importGraph/.lake/build/lib/lean:/workspace/proofs/.lake/packages/LeanSearchClient/.lake/build/lib/lean:/workspace/proofs/.lake/packages/plausible/.lake/build/lib/lean:/workspace/proofs/.lake/packages/mathlib/.lake/build/lib/lean:/workspace/proofs/.lake/build/lib/lean /root/.elan/toolchains/leanprover--lean4---v4.31.0/bin/lean /workspace/proofs/Proofs/Erdos260Aristotle.lean -o /workspace/proofs/.lake/build/lib/lean/Proofs/Erdos260Aristotle.olean -i /workspace/proofs/.lake/build/lib/lean/Proofs/Erdos260Aristotle.ilean -c /workspace/proofs/.lake/build/ir/Proofs/Erdos260Aristotle.c --setup /workspace/proofs/.lake/build/ir/Proofs/Erdos260Aristotle.setup.json --json
error: Lean exited with code 137
✖ [8615/8671] Building Proofs.Erdos608ProblemAristotle (9.3s)
trace: .> LEAN_PATH=/workspace/proofs/.lake/packages/Cli/.lake/build/lib/lean:/workspace/proofs/.lake/packages/batteries/.lake/build/lib/lean:/workspace/proofs/.lake/packages/Qq/.lake/build/lib/lean:/workspace/proofs/.lake/packages/aesop/.lake/build/lib/lean:/workspace/proofs/.lake/packages/proofwidgets/.lake/build/lib/lean:/workspace/proofs/.lake/packages/importGraph/.lake/build/lib/lean:/workspace/proofs/.lake/packages/LeanSearchClient/.lake/build/lib/lean:/workspace/proofs/.lake/packages/plausible/.lake/build/lib/lean:/workspace/proofs/.lake/packages/mathlib/.lake/build/lib/lean:/workspace/proofs/.lake/build/lib/lean /root/.elan/toolchains/leanprover--lean4---v4.31.0/bin/lean /workspace/proofs/Proofs/Erdos608ProblemAristotle.lean -o /workspace/proofs/.lake/build/lib/lean/Proofs/Erdos608ProblemAristotle.olean -i /workspace/proofs/.lake/build/lib/lean/Proofs/Erdos608ProblemAristotle.ilean -c /workspace/proofs/.lake/build/ir/Proofs/Erdos608ProblemAristotle.c --setup /workspace/proofs/.lake/build/ir/Proofs/Erdos608ProblemAristotle.setup.json --json
error: Lean exited with code 137
✖ [8616/8671] Building Proofs.Erdos263Aristotle (10s)
trace: .> LEAN_PATH=/workspace/proofs/.lake/packages/Cli/.lake/build/lib/lean:/workspace/proofs/.lake/packages/batteries/.lake/build/lib/lean:/workspace/proofs/.lake/packages/Qq/.lake/build/lib/lean:/workspace/proofs/.lake/packages/aesop/.lake/build/lib/lean:/workspace/proofs/.lake/packages/proofwidgets/.lake/build/lib/lean:/workspace/proofs/.lake/packages/importGraph/.lake/build/lib/lean:/workspace/proofs/.lake/packages/LeanSearchClient/.lake/build/lib/lean:/workspace/proofs/.lake/packages/plausible/.lake/build/lib/lean:/workspace/proofs/.lake/packages/mathlib/.lake/build/lib/lean:/workspace/proofs/.lake/build/lib/lean /root/.elan/toolchains/leanprover--lean4---v4.31.0/bin/lean /workspace/proofs/Proofs/Erdos263Aristotle.lean -o /workspace/proofs/.lake/build/lib/lean/Proofs/Erdos263Aristotle.olean -i /workspace/proofs/.lake/build/lib/lean/Proofs/Erdos263Aristotle.ilean -c /workspace/proofs/.lake/build/ir/Proofs/Erdos263Aristotle.c --setup /workspace/proofs/.lake/build/ir/Proofs/Erdos263Aristotle.setup.json --json
error: Lean exited with code 137
✖ [8617/8671] Building Proofs.Erdos410Problem (10s)
trace: .> LEAN_PATH=/workspace/proofs/.lake/packages/Cli/.lake/build/lib/lean:/workspace/proofs/.lake/packages/batteries/.lake/build/lib/lean:/workspace/proofs/.lake/packages/Qq/.lake/build/lib/lean:/workspace/proofs/.lake/packages/aesop/.lake/build/lib/lean:/workspace/proofs/.lake/packages/proofwidgets/.lake/build/lib/lean:/workspace/proofs/.lake/packages/importGraph/.lake/build/lib/lean:/workspace/proofs/.lake/packages/LeanSearchClient/.lake/build/lib/lean:/workspace/proofs/.lake/packages/plausible/.lake/build/lib/lean:/workspace/proofs/.lake/packages/mathlib/.lake/build/lib/lean:/workspace/proofs/.lake/build/lib/lean /root/.elan/toolchains/leanprover--lean4---v4.31.0/bin/lean /workspace/proofs/Proofs/Erdos410Problem.lean -o /workspace/proofs/.lake/build/lib/lean/Proofs/Erdos410Problem.olean -i /workspace/proofs/.lake/build/lib/lean/Proofs/Erdos410Problem.ilean -c /workspace/proofs/.lake/build/ir/Proofs/Erdos410Problem.c --setup /workspace/proofs/.lake/build/ir/Proofs/Erdos410Problem.setup.json --json
error: Lean exited with code 137
✖ [8618/8671] Building Proofs.Erdos2OQ01Aristotle (11s)
trace: .> LEAN_PATH=/workspace/proofs/.lake/packages/Cli/.lake/build/lib/lean:/workspace/proofs/.lake/packages/batteries/.lake/build/lib/lean:/workspace/proofs/.lake/packages/Qq/.lake/build/lib/lean:/workspace/proofs/.lake/packages/aesop/.lake/build/lib/lean:/workspace/proofs/.lake/packages/proofwidgets/.lake/build/lib/lean:/workspace/proofs/.lake/packages/importGraph/.lake/build/lib/lean:/workspace/proofs/.lake/packages/LeanSearchClient/.lake/build/lib/lean:/workspace/proofs/.lake/packages/plausible/.lake/build/lib/lean:/workspace/proofs/.lake/packages/mathlib/.lake/build/lib/lean:/workspace/proofs/.lake/build/lib/lean /root/.elan/toolchains/leanprover--lean4---v4.31.0/bin/lean /workspace/proofs/Proofs/Erdos2OQ01Aristotle.lean -o /workspace/proofs/.lake/build/lib/lean/Proofs/Erdos2OQ01Aristotle.olean -i /workspace/proofs/.lake/build/lib/lean/Proofs/Erdos2OQ01Aristotle.ilean -c /workspace/proofs/.lake/build/ir/Proofs/Erdos2OQ01Aristotle.c --setup /workspace/proofs/.lake/build/ir/Proofs/Erdos2OQ01Aristotle.setup.json --json
error: Lean exited with code 137
✖ [8619/8671] Building Proofs.Erdos36Problem (11s)
trace: .> LEAN_PATH=/workspace/proofs/.lake/packages/Cli/.lake/build/lib/lean:/workspace/proofs/.lake/packages/batteries/.lake/build/lib/lean:/workspace/proofs/.lake/packages/Qq/.lake/build/lib/lean:/workspace/proofs/.lake/packages/aesop/.lake/build/lib/lean:/workspace/proofs/.lake/packages/proofwidgets/.lake/build/lib/lean:/workspace/proofs/.lake/packages/importGraph/.lake/build/lib/lean:/workspace/proofs/.lake/packages/LeanSearchClient/.lake/build/lib/lean:/workspace/proofs/.lake/packages/plausible/.lake/build/lib/lean:/workspace/proofs/.lake/packages/mathlib/.lake/build/lib/lean:/workspace/proofs/.lake/build/lib/lean /root/.elan/toolchains/leanprover--lean4---v4.31.0/bin/lean /workspace/proofs/Proofs/Erdos36Problem.lean -o /workspace/proofs/.lake/build/lib/lean/Proofs/Erdos36Problem.olean -i /workspace/proofs/.lake/build/lib/lean/Proofs/Erdos36Problem.ilean -c /workspace/proofs/.lake/build/ir/Proofs/Erdos36Problem.c --setup /workspace/proofs/.lake/build/ir/Proofs/Erdos36Problem.setup.json --json
error: Lean exited with code 137
⚠ [8620/8671] Replayed Proofs.ThreeSquaresSliceMinkowski
warning: Proofs/ThreeSquaresSliceMinkowski.lean:267:8: `push_neg` has been deprecated. Prefer using `push Not` instead.
If you'd rather continue using `push_neg` in your project, you can implement it as follows:
```
open Lean.Parser.Tactic in
macro "push_neg" cfg:optConfig loc:(location)? : tactic =>
  `(tactic| push $cfg:optConfig Not $[$loc]?)
```
warning: Proofs/ThreeSquaresSliceMinkowski.lean:263:24: This simp argument is unused:
  hB

Hint: Omit it from the simp argument list.
  simp_all [̵h̵B̵,̵ ̵F̵i̵n̵s̵e̵t̵.̵m̵e̵m̵_̵s̵d̵i̵f̵f̵,̵[̲F̲i̲n̲s̲e̲t̲.̲m̲e̲m̲_̲s̲d̲i̲f̲f̲,̲ Finset.mem_insert, Finset.mem_singleton, Prod.mk.injEq]

Note: This linter can be disabled with `set_option linter.unusedSimpArgs false`
✖ [8622/8671] Building Proofs.Erdos1050Aristotle (11s)
trace: .> LEAN_PATH=/workspace/proofs/.lake/packages/Cli/.lake/build/lib/lean:/workspace/proofs/.lake/packages/batteries/.lake/build/lib/lean:/workspace/proofs/.lake/packages/Qq/.lake/build/lib/lean:/workspace/proofs/.lake/packages/aesop/.lake/build/lib/lean:/workspace/proofs/.lake/packages/proofwidgets/.lake/build/lib/lean:/workspace/proofs/.lake/packages/importGraph/.lake/build/lib/lean:/workspace/proofs/.lake/packages/LeanSearchClient/.lake/build/lib/lean:/workspace/proofs/.lake/packages/plausible/.lake/build/lib/lean:/workspace/proofs/.lake/packages/mathlib/.lake/build/lib/lean:/workspace/proofs/.lake/build/lib/lean /root/.elan/toolchains/leanprover--lean4---v4.31.0/bin/lean /workspace/proofs/Proofs/Erdos1050Aristotle.lean -o /workspace/proofs/.lake/build/lib/lean/Proofs/Erdos1050Aristotle.olean -i /workspace/proofs/.lake/build/lib/lean/Proofs/Erdos1050Aristotle.ilean -c /workspace/proofs/.lake/build/ir/Proofs/Erdos1050Aristotle.c --setup /workspace/proofs/.lake/build/ir/Proofs/Erdos1050Aristotle.setup.json --json
error: Lean exited with code 137
✖ [8623/8671] Building Proofs.Erdos1014Problem (11s)
trace: .> LEAN_PATH=/workspace/proofs/.lake/packages/Cli/.lake/build/lib/lean:/workspace/proofs/.lake/packages/batteries/.lake/build/lib/lean:/workspace/proofs/.lake/packages/Qq/.lake/build/lib/lean:/workspace/proofs/.lake/packages/aesop/.lake/build/lib/lean:/workspace/proofs/.lake/packages/proofwidgets/.lake/build/lib/lean:/workspace/proofs/.lake/packages/importGraph/.lake/build/lib/lean:/workspace/proofs/.lake/packages/LeanSearchClient/.lake/build/lib/lean:/workspace/proofs/.lake/packages/plausible/.lake/build/lib/lean:/workspace/proofs/.lake/packages/mathlib/.lake/build/lib/lean:/workspace/proofs/.lake/build/lib/lean /root/.elan/toolchains/leanprover--lean4---v4.31.0/bin/lean /workspace/proofs/Proofs/Erdos1014Problem.lean -o /workspace/proofs/.lake/build/lib/lean/Proofs/Erdos1014Problem.olean -i /workspace/proofs/.lake/build/lib/lean/Proofs/Erdos1014Problem.ilean -c /workspace/proofs/.lake/build/ir/Proofs/Erdos1014Problem.c --setup /workspace/proofs/.lake/build/ir/Proofs/Erdos1014Problem.setup.json --json
error: Lean exited with code 137
✖ [8624/8671] Building Proofs.Erdos1049Problem (13s)
trace: .> LEAN_PATH=/workspace/proofs/.lake/packages/Cli/.lake/build/lib/lean:/workspace/proofs/.lake/packages/batteries/.lake/build/lib/lean:/workspace/proofs/.lake/packages/Qq/.lake/build/lib/lean:/workspace/proofs/.lake/packages/aesop/.lake/build/lib/lean:/workspace/proofs/.lake/packages/proofwidgets/.lake/build/lib/lean:/workspace/proofs/.lake/packages/importGraph/.lake/build/lib/lean:/workspace/proofs/.lake/packages/LeanSearchClient/.lake/build/lib/lean:/workspace/proofs/.lake/packages/plausible/.lake/build/lib/lean:/workspace/proofs/.lake/packages/mathlib/.lake/build/lib/lean:/workspace/proofs/.lake/build/lib/lean /root/.elan/toolchains/leanprover--lean4---v4.31.0/bin/lean /workspace/proofs/Proofs/Erdos1049Problem.lean -o /workspace/proofs/.lake/build/lib/lean/Proofs/Erdos1049Problem.olean -i /workspace/proofs/.lake/build/lib/lean/Proofs/Erdos1049Problem.ilean -c /workspace/proofs/.lake/build/ir/Proofs/Erdos1049Problem.c --setup /workspace/proofs/.lake/build/ir/Proofs/Erdos1049Problem.setup.json --json
error: Lean exited with code 137
✖ [8625/8671] Building Proofs.BuffonsNeedleOQ01OQ02 (13s)
trace: .> LEAN_PATH=/workspace/proofs/.lake/packages/Cli/.lake/build/lib/lean:/workspace/proofs/.lake/packages/batteries/.lake/build/lib/lean:/workspace/proofs/.lake/packages/Qq/.lake/build/lib/lean:/workspace/proofs/.lake/packages/aesop/.lake/build/lib/lean:/workspace/proofs/.lake/packages/proofwidgets/.lake/build/lib/lean:/workspace/proofs/.lake/packages/importGraph/.lake/build/lib/lean:/workspace/proofs/.lake/packages/LeanSearchClient/.lake/build/lib/lean:/workspace/proofs/.lake/packages/plausible/.lake/build/lib/lean:/workspace/proofs/.lake/packages/mathlib/.lake/build/lib/lean:/workspace/proofs/.lake/build/lib/lean /root/.elan/toolchains/leanprover--lean4---v4.31.0/bin/lean /workspace/proofs/Proofs/BuffonsNeedleOQ01OQ02.lean -o /workspace/proofs/.lake/build/lib/lean/Proofs/BuffonsNeedleOQ01OQ02.olean -i /workspace/proofs/.lake/build/lib/lean/Proofs/BuffonsNeedleOQ01OQ02.ilean -c /workspace/proofs/.lake/build/ir/Proofs/BuffonsNeedleOQ01OQ02.c --setup /workspace/proofs/.lake/build/ir/Proofs/BuffonsNeedleOQ01OQ02.setup.json --json
error: Lean exited with code 137
✖ [8626/8671] Building Proofs.BuffonsNeedleOQ02OQ03 (13s)
trace: .> LEAN_PATH=/workspace/proofs/.lake/packages/Cli/.lake/build/lib/lean:/workspace/proofs/.lake/packages/batteries/.lake/build/lib/lean:/workspace/proofs/.lake/packages/Qq/.lake/build/lib/lean:/workspace/proofs/.lake/packages/aesop/.lake/build/lib/lean:/workspace/proofs/.lake/packages/proofwidgets/.lake/build/lib/lean:/workspace/proofs/.lake/packages/importGraph/.lake/build/lib/lean:/workspace/proofs/.lake/packages/LeanSearchClient/.lake/build/lib/lean:/workspace/proofs/.lake/packages/plausible/.lake/build/lib/lean:/workspace/proofs/.lake/packages/mathlib/.lake/build/lib/lean:/workspace/proofs/.lake/build/lib/lean /root/.elan/toolchains/leanprover--lean4---v4.31.0/bin/lean /workspace/proofs/Proofs/BuffonsNeedleOQ02OQ03.lean -o /workspace/proofs/.lake/build/lib/lean/Proofs/BuffonsNeedleOQ02OQ03.olean -i /workspace/proofs/.lake/build/lib/lean/Proofs/BuffonsNeedleOQ02OQ03.ilean -c /workspace/proofs/.lake/build/ir/Proofs/BuffonsNeedleOQ02OQ03.c --setup /workspace/proofs/.lake/build/ir/Proofs/BuffonsNeedleOQ02OQ03.setup.json --json
error: Lean exited with code 137
✖ [8627/8671] Building Proofs.AreaOfCircleOQ01OQ02OQ01OQ03 (9.8s)
trace: .> LEAN_PATH=/workspace/proofs/.lake/packages/Cli/.lake/build/lib/lean:/workspace/proofs/.lake/packages/batteries/.lake/build/lib/lean:/workspace/proofs/.lake/packages/Qq/.lake/build/lib/lean:/workspace/proofs/.lake/packages/aesop/.lake/build/lib/lean:/workspace/proofs/.lake/packages/proofwidgets/.lake/build/lib/lean:/workspace/proofs/.lake/packages/importGraph/.lake/build/lib/lean:/workspace/proofs/.lake/packages/LeanSearchClient/.lake/build/lib/lean:/workspace/proofs/.lake/packages/plausible/.lake/build/lib/lean:/workspace/proofs/.lake/packages/mathlib/.lake/build/lib/lean:/workspace/proofs/.lake/build/lib/lean /root/.elan/toolchains/leanprover--lean4---v4.31.0/bin/lean /workspace/proofs/Proofs/AreaOfCircleOQ01OQ02OQ01OQ03.lean -o /workspace/proofs/.lake/build/lib/lean/Proofs/AreaOfCircleOQ01OQ02OQ01OQ03.olean -i /workspace/proofs/.lake/build/lib/lean/Proofs/AreaOfCircleOQ01OQ02OQ01OQ03.ilean -c /workspace/proofs/.lake/build/ir/Proofs/AreaOfCircleOQ01OQ02OQ01OQ03.c --setup /workspace/proofs/.lake/build/ir/Proofs/AreaOfCircleOQ01OQ02OQ01OQ03.setup.json --json
error: Lean exited with code 137
✖ [8631/8672] Building Proofs.Erdos771Problem (9.4s)
trace: .> LEAN_PATH=/workspace/proofs/.lake/packages/Cli/.lake/build/lib/lean:/workspace/proofs/.lake/packages/batteries/.lake/build/lib/lean:/workspace/proofs/.lake/packages/Qq/.lake/build/lib/lean:/workspace/proofs/.lake/packages/aesop/.lake/build/lib/lean:/workspace/proofs/.lake/packages/proofwidgets/.lake/build/lib/lean:/workspace/proofs/.lake/packages/importGraph/.lake/build/lib/lean:/workspace/proofs/.lake/packages/LeanSearchClient/.lake/build/lib/lean:/workspace/proofs/.lake/packages/plausible/.lake/build/lib/lean:/workspace/proofs/.lake/packages/mathlib/.lake/build/lib/lean:/workspace/proofs/.lake/build/lib/lean /root/.elan/toolchains/leanprover--lean4---v4.31.0/bin/lean /workspace/proofs/Proofs/Erdos771Problem.lean -o /workspace/proofs/.lake/build/lib/lean/Proofs/Erdos771Problem.olean -i /workspace/proofs/.lake/build/lib/lean/Proofs/Erdos771Problem.ilean -c /workspace/proofs/.lake/build/ir/Proofs/Erdos771Problem.c --setup /workspace/proofs/.lake/build/ir/Proofs/Erdos771Problem.setup.json --json
error: Lean exited with code 137
✖ [8635/8672] Building Proofs.Erdos1057Problem (8.5s)
trace: .> LEAN_PATH=/workspace/proofs/.lake/packages/Cli/.lake/build/lib/lean:/workspace/proofs/.lake/packages/batteries/.lake/build/lib/lean:/workspace/proofs/.lake/packages/Qq/.lake/build/lib/lean:/workspace/proofs/.lake/packages/aesop/.lake/build/lib/lean:/workspace/proofs/.lake/packages/proofwidgets/.lake/build/lib/lean:/workspace/proofs/.lake/packages/importGraph/.lake/build/lib/lean:/workspace/proofs/.lake/packages/LeanSearchClient/.lake/build/lib/lean:/workspace/proofs/.lake/packages/plausible/.lake/build/lib/lean:/workspace/proofs/.lake/packages/mathlib/.lake/build/lib/lean:/workspace/proofs/.lake/build/lib/lean /root/.elan/toolchains/leanprover--lean4---v4.31.0/bin/lean /workspace/proofs/Proofs/Erdos1057Problem.lean -o /workspace/proofs/.lake/build/lib/lean/Proofs/Erdos1057Problem.olean -i /workspace/proofs/.lake/build/lib/lean/Proofs/Erdos1057Problem.ilean -c /workspace/proofs/.lake/build/ir/Proofs/Erdos1057Problem.c --setup /workspace/proofs/.lake/build/ir/Proofs/Erdos1057Problem.setup.json --json
error: Lean exited with code 137
✖ [8636/8672] Building Proofs.BirthdayProblemOQ03OQ03 (13s)
trace: .> LEAN_PATH=/workspace/proofs/.lake/packages/Cli/.lake/build/lib/lean:/workspace/proofs/.lake/packages/batteries/.lake/build/lib/lean:/workspace/proofs/.lake/packages/Qq/.lake/build/lib/lean:/workspace/proofs/.lake/packages/aesop/.lake/build/lib/lean:/workspace/proofs/.lake/packages/proofwidgets/.lake/build/lib/lean:/workspace/proofs/.lake/packages/importGraph/.lake/build/lib/lean:/workspace/proofs/.lake/packages/LeanSearchClient/.lake/build/lib/lean:/workspace/proofs/.lake/packages/plausible/.lake/build/lib/lean:/workspace/proofs/.lake/packages/mathlib/.lake/build/lib/lean:/workspace/proofs/.lake/build/lib/lean /root/.elan/toolchains/leanprover--lean4---v4.31.0/bin/lean /workspace/proofs/Proofs/BirthdayProblemOQ03OQ03.lean -o /workspace/proofs/.lake/build/lib/lean/Proofs/BirthdayProblemOQ03OQ03.olean -i /workspace/proofs/.lake/build/lib/lean/Proofs/BirthdayProblemOQ03OQ03.ilean -c /workspace/proofs/.lake/build/ir/Proofs/BirthdayProblemOQ03OQ03.c --setup /workspace/proofs/.lake/build/ir/Proofs/BirthdayProblemOQ03OQ03.setup.json --json
error: Lean exited with code 137
✖ [8639/8672] Building Proofs.BrouwerFixedPointOQ02OQ02 (17s)
trace: .> LEAN_PATH=/workspace/proofs/.lake/packages/Cli/.lake/build/lib/lean:/workspace/proofs/.lake/packages/batteries/.lake/build/lib/lean:/workspace/proofs/.lake/packages/Qq/.lake/build/lib/lean:/workspace/proofs/.lake/packages/aesop/.lake/build/lib/lean:/workspace/proofs/.lake/packages/proofwidgets/.lake/build/lib/lean:/workspace/proofs/.lake/packages/importGraph/.lake/build/lib/lean:/workspace/proofs/.lake/packages/LeanSearchClient/.lake/build/lib/lean:/workspace/proofs/.lake/packages/plausible/.lake/build/lib/lean:/workspace/proofs/.lake/packages/mathlib/.lake/build/lib/lean:/workspace/proofs/.lake/build/lib/lean /root/.elan/toolchains/leanprover--lean4---v4.31.0/bin/lean /workspace/proofs/Proofs/BrouwerFixedPointOQ02OQ02.lean -o /workspace/proofs/.lake/build/lib/lean/Proofs/BrouwerFixedPointOQ02OQ02.olean -i /workspace/proofs/.lake/build/lib/lean/Proofs/BrouwerFixedPointOQ02OQ02.ilean -c /workspace/proofs/.lake/build/ir/Proofs/BrouwerFixedPointOQ02OQ02.c --setup /workspace/proofs/.lake/build/ir/Proofs/BrouwerFixedPointOQ02OQ02.setup.json --json
error: Lean exited with code 137
✖ [8642/8674] Building Proofs.Erdos1050ProblemAristotle (19s)
trace: .> LEAN_PATH=/workspace/proofs/.lake/packages/Cli/.lake/build/lib/lean:/workspace/proofs/.lake/packages/batteries/.lake/build/lib/lean:/workspace/proofs/.lake/packages/Qq/.lake/build/lib/lean:/workspace/proofs/.lake/packages/aesop/.lake/build/lib/lean:/workspace/proofs/.lake/packages/proofwidgets/.lake/build/lib/lean:/workspace/proofs/.lake/packages/importGraph/.lake/build/lib/lean:/workspace/proofs/.lake/packages/LeanSearchClient/.lake/build/lib/lean:/workspace/proofs/.lake/packages/plausible/.lake/build/lib/lean:/workspace/proofs/.lake/packages/mathlib/.lake/build/lib/lean:/workspace/proofs/.lake/build/lib/lean /root/.elan/toolchains/leanprover--lean4---v4.31.0/bin/lean /workspace/proofs/Proofs/Erdos1050ProblemAristotle.lean -o /workspace/proofs/.lake/build/lib/lean/Proofs/Erdos1050ProblemAristotle.olean -i /workspace/proofs/.lake/build/lib/lean/Proofs/Erdos1050ProblemAristotle.ilean -c /workspace/proofs/.lake/build/ir/Proofs/Erdos1050ProblemAristotle.c --setup /workspace/proofs/.lake/build/ir/Proofs/Erdos1050ProblemAristotle.setup.json --json
error: Lean exited with code 137
⚠ [8643/8676] Replayed Proofs.MinkowskiFundamentalTheorem
warning: Proofs/MinkowskiFundamentalTheorem.lean:124:0: automatically included section variable(s) unused in theorem `MinkowskiFundamentalTheorem.origin_mem_of_symmetric_nonempty`:
  [NeZero n]
consider restructuring your `variable` declarations so that the variables are not in scope or explicitly omit them:
  omit [NeZero n] in theorem ...

Note: This linter can be disabled with `set_option linter.unusedSectionVars false`
warning: Proofs/MinkowskiFundamentalTheorem.lean:166:0: automatically included section variable(s) unused in theorem `MinkowskiFundamentalTheorem.Lattice.covolume_pos`:
  [NeZero n]
consider restructuring your `variable` declarations so that the variables are not in scope or explicitly omit them:
  omit [NeZero n] in theorem ...

Note: This linter can be disabled with `set_option linter.unusedSectionVars false`
warning: Proofs/MinkowskiFundamentalTheorem.lean:179:0: automatically included section variable(s) unused in theorem `MinkowskiFundamentalTheorem.zero_mem_latticePoints`:
  [NeZero n]
consider restructuring your `variable` declarations so that the variables are not in scope or explicitly omit them:
  omit [NeZero n] in theorem ...

Note: This linter can be disabled with `set_option linter.unusedSectionVars false`
warning: Proofs/MinkowskiFundamentalTheorem.lean:288:0: automatically included section variable(s) unused in theorem `MinkowskiFundamentalTheorem.Lattice.toModuleBasis_matrix_eq`:
  [NeZero n]
consider restructuring your `variable` declarations so that the variables are not in scope or explicitly omit them:
  omit [NeZero n] in theorem ...

Note: This linter can be disabled with `set_option linter.unusedSectionVars false`
warning: Proofs/MinkowskiFundamentalTheorem.lean:295:8: This simp argument is unused:
  Matrix.mulVecLin_apply

Hint: Omit it from the simp argument list.
  simp [Pi.basisFun_apply, toLinearEquiv, LinearEquiv.ofBijective_apply, M̵a̵t̵r̵i̵x̵.̵m̵u̵l̵V̵e̵c̵L̵i̵n̵_̵a̵p̵p̵l̵y̵,̵ ̵Matrix.mulVec,
  ̲  ̲ ̲ ̲Matrix.transpose_apply, Pi.single_apply, Finset.sum_ite_eq', Finset.mem_univ]

Note: This linter can be disabled with `set_option linter.unusedSimpArgs false`
warning: Proofs/MinkowskiFundamentalTheorem.lean:295:32: This simp argument is unused:
  Matrix.mulVec

Hint: Omit it from the simp argument list.
  simp [Pi.basisFun_apply, toLinearEquiv, LinearEquiv.ofBijective_apply, Matrix.mulVecLin_apply,
  ̲  ̲ ̲ ̲M̵a̵t̵r̵i̵x̵.̵m̵u̵l̵V̵e̵c̵,̵ ̵Matrix.transpose_apply, Pi.single_apply, Finset.sum_ite_eq', Finset.mem_univ]

Note: This linter can be disabled with `set_option linter.unusedSimpArgs false`
warning: Proofs/MinkowskiFundamentalTheorem.lean:295:47: This simp argument is unused:
  Matrix.transpose_apply

Hint: Omit it from the simp argument list.
  simp [Pi.basisFun_apply, toLinearEquiv, LinearEquiv.ofBijective_apply, Matrix.mulVecLin_apply,
  ̲  ̲ ̲ ̲Matrix.mulVec, M̵a̵t̵r̵i̵x̵.̵t̵r̵a̵n̵s̵p̵o̵s̵e̵_̵a̵p̵p̵l̵y̵,̵Pi.single_apply, Finset.sum_ite_eq', Finset.mem_univ]

Note: This linter can be disabled with `set_option linter.unusedSimpArgs false`
warning: Proofs/MinkowskiFundamentalTheorem.lean:296:8: This simp argument is unused:
  Pi.single_apply

Hint: Omit it from the simp argument list.
  simp [Pi.basisFun_apply, toLinearEquiv, LinearEquiv.ofBijective_apply, Matrix.mulVecLin_apply,
  ̲  ̲ ̲ ̲Matrix.mulVec, Matrix.transpose_apply, P̵i̵.̵s̵i̵n̵g̵l̵e̵_̵a̵p̵p̵l̵y̵,̵ ̵Finset.sum_ite_eq', Finset.mem_univ]

Note: This linter can be disabled with `set_option linter.unusedSimpArgs false`
warning: Proofs/MinkowskiFundamentalTheorem.lean:296:25: This simp argument is unused:
  Finset.sum_ite_eq'

Hint: Omit it from the simp argument list.
  simp [Pi.basisFun_apply, toLinearEquiv, LinearEquiv.ofBijective_apply, Matrix.mulVecLin_apply,
  ̲  ̲ ̲ ̲Matrix.mulVec, Matrix.transpose_apply, Pi.single_apply, F̵i̵n̵s̵e̵t̵.̵s̵u̵m̵_̵i̵t̵e̵_̵e̵q̵'̵,̵ ̵Finset.mem_univ]

Note: This linter can be disabled with `set_option linter.unusedSimpArgs false`
warning: Proofs/MinkowskiFundamentalTheorem.lean:296:45: This simp argument is unused:
  Finset.mem_univ

Hint: Omit it from the simp argument list.
  simp [Pi.basisFun_apply, toLinearEquiv, LinearEquiv.ofBijective_apply, Matrix.mulVecLin_apply,
  ̲  ̲ ̲ ̲Matrix.mulVec, Matrix.transpose_apply, Pi.single_apply, F̵i̵n̵s̵e̵t̵.̵s̵u̵m̵_̵i̵t̵e̵_̵e̵q̵'̵,̵ ̵F̵i̵n̵s̵e̵t̵.̵m̵e̵m̵_̵u̵n̵i̵v̵]̵F̲i̲n̲s̲e̲t̲.̲s̲u̲m̲_̲i̲t̲e̲_̲e̲q̲'̲]̲

Note: This linter can be disabled with `set_option linter.unusedSimpArgs false`
warning: Proofs/MinkowskiFundamentalTheorem.lean:312:13: This simp argument is unused:
  latticePoints

Hint: Omit it from the simp argument list.
  simp only [̵l̵a̵t̵t̵i̵c̵e̵P̵o̵i̵n̵t̵s̵,̵ ̵i̵s̵L̵a̵t̵t̵i̵c̵e̵V̵e̵c̵t̵o̵r̵,̵[̲i̲s̲L̲a̲t̲t̲i̲c̲e̲V̲e̲c̲t̲o̲r̲,̲ Set.mem_setOf_eq, SetLike.mem_coe]

Note: This linter can be disabled with `set_option linter.unusedSimpArgs false`
warning: Proofs/MinkowskiFundamentalTheorem.lean:312:28: This simp argument is unused:
  isLatticeVector

Hint: Omit it from the simp argument list.
  simp only [latticePoints, i̵s̵L̵a̵t̵t̵i̵c̵e̵V̵e̵c̵t̵o̵r̵,̵ ̵Set.mem_setOf_eq, SetLike.mem_coe]

Note: This linter can be disabled with `set_option linter.unusedSimpArgs false`
warning: Proofs/MinkowskiFundamentalTheorem.lean:312:45: This simp argument is unused:
  Set.mem_setOf_eq

Hint: Omit it from the simp argument list.
  simp only [latticePoints, isLatticeVector, Set.̵m̵e̵m̵_̵s̵e̵t̵O̵f̵_̵e̵q̵,̵ ̵S̵e̵t̵Like.mem_coe]

Note: This linter can be disabled with `set_option linter.unusedSimpArgs false`
warning: Proofs/MinkowskiFundamentalTheorem.lean:598:0: automatically included section variable(s) unused in theorem `MinkowskiProved.stdFundDomain_measurableSet`:
  [NeZero n]
consider restructuring your `variable` declarations so that the variables are not in scope or explicitly omit them:
  omit [NeZero n] in theorem ...

Note: This linter can be disabled with `set_option linter.unusedSectionVars false`
warning: Proofs/MinkowskiFundamentalTheorem.lean:603:0: automatically included section variable(s) unused in theorem `MinkowskiProved.stdLattice_isAddFundamentalDomain`:
  [NeZero n]
consider restructuring your `variable` declarations so that the variables are not in scope or explicitly omit them:
  omit [NeZero n] in theorem ...

Note: This linter can be disabled with `set_option linter.unusedSectionVars false`
warning: Proofs/MinkowskiFundamentalTheorem.lean:608:0: automatically included section variable(s) unused in theorem `MinkowskiProved.stdBasis_matrix_eq_one`:
  [NeZero n]
consider restructuring your `variable` declarations so that the variables are not in scope or explicitly omit them:
  omit [NeZero n] in theorem ...

Note: This linter can be disabled with `set_option linter.unusedSectionVars false`
warning: Proofs/MinkowskiFundamentalTheorem.lean:617:0: automatically included section variable(s) unused in theorem `MinkowskiProved.stdLattice_covolume`:
  [NeZero n]
consider restructuring your `variable` declarations so that the variables are not in scope or explicitly omit them:
  omit [NeZero n] in theorem ...

Note: This linter can be disabled with `set_option linter.unusedSectionVars false`
warning: Proofs/MinkowskiFundamentalTheorem.lean:661:0: automatically included section variable(s) unused in theorem `MinkowskiProved.minkowski_general_lattice_proved`:
  [NeZero n]
consider restructuring your `variable` declarations so that the variables are not in scope or explicitly omit them:
  omit [NeZero n] in theorem ...

Note: This linter can be disabled with `set_option linter.unusedSectionVars false`
info: Proofs/MinkowskiFundamentalTheorem.lean:679:0: MinkowskiFundamentalTheorem.minkowski_fundamental (n : ℕ) [NeZero n] (L : MinkowskiFundamentalTheorem.Lattice n)
  (S : MinkowskiFundamentalTheorem.ConvexBody n) [hv : MinkowskiFundamentalTheorem.HasVolume n S] :
  MinkowskiFundamentalTheorem.HasVolume.volume S > MinkowskiFundamentalTheorem.criticalVolume n L →
    ∃ x ∈ S.carrier, x ∈ MinkowskiFundamentalTheorem.latticePoints n L ∧ x ≠ 0
info: Proofs/MinkowskiFundamentalTheorem.lean:680:0: MinkowskiFundamentalTheorem.minkowski_integer_lattice (n : ℕ) [NeZero n] (S : MinkowskiFundamentalTheorem.ConvexBody n)
  [hv : MinkowskiFundamentalTheorem.HasVolume n S] :
  MinkowskiFundamentalTheorem.HasVolume.volume S > 2 ^ n →
    ∃ x ∈ S.carrier,
      x ∈ MinkowskiFundamentalTheorem.latticePoints n (MinkowskiFundamentalTheorem.standardLattice n) ∧ x ≠ 0
info: Proofs/MinkowskiFundamentalTheorem.lean:681:0: MinkowskiFundamentalTheorem.CentrallySymmetric (n : ℕ) (S : Set (MinkowskiFundamentalTheorem.EuclideanN n)) : Prop
info: Proofs/MinkowskiFundamentalTheorem.lean:682:0: MinkowskiFundamentalTheorem.Lattice (n : ℕ) : Type
info: Proofs/MinkowskiFundamentalTheorem.lean:683:0: MinkowskiFundamentalTheorem.ConvexBody (n : ℕ) : Type
info: Proofs/MinkowskiFundamentalTheorem.lean:684:0: MinkowskiFundamentalTheorem.fermat_from_minkowski (p : ℕ) : Nat.Prime p → p % 4 = 1 → ∃ a b, a ^ 2 + b ^ 2 = p
info: Proofs/MinkowskiFundamentalTheorem.lean:685:0: MinkowskiProved.minkowski_integer_lattice_proved (n : ℕ) [NeZero n] (s : Set (Fin n → ℝ)) (h_symm : ∀ x ∈ s, -x ∈ s)
  (h_conv : Convex ℝ s) (h_vol : 2 ^ n < volume s) : ∃ x, x ≠ 0 ∧ ↑x ∈ s
info: Proofs/MinkowskiFundamentalTheorem.lean:686:0: MinkowskiProved.minkowski_general_lattice_proved (n : ℕ) [NeZero n] (b : Module.Basis (Fin n) ℝ (Fin n → ℝ))
  (s : Set (Fin n → ℝ)) (h_symm : ∀ x ∈ s, -x ∈ s) (h_conv : Convex ℝ s)
  (h_vol : ENNReal.ofReal |(Matrix.of ⇑b).det| * 2 ^ n < volume s) : ∃ x, x ≠ 0 ∧ ↑x ∈ s
✖ [8644/8676] Building Proofs.Erdos109OQ01 (23s)
trace: .> LEAN_PATH=/workspace/proofs/.lake/packages/Cli/.lake/build/lib/lean:/workspace/proofs/.lake/packages/batteries/.lake/build/lib/lean:/workspace/proofs/.lake/packages/Qq/.lake/build/lib/lean:/workspace/proofs/.lake/packages/aesop/.lake/build/lib/lean:/workspace/proofs/.lake/packages/proofwidgets/.lake/build/lib/lean:/workspace/proofs/.lake/packages/importGraph/.lake/build/lib/lean:/workspace/proofs/.lake/packages/LeanSearchClient/.lake/build/lib/lean:/workspace/proofs/.lake/packages/plausible/.lake/build/lib/lean:/workspace/proofs/.lake/packages/mathlib/.lake/build/lib/lean:/workspace/proofs/.lake/build/lib/lean /root/.elan/toolchains/leanprover--lean4---v4.31.0/bin/lean /workspace/proofs/Proofs/Erdos109OQ01.lean -o /workspace/proofs/.lake/build/lib/lean/Proofs/Erdos109OQ01.olean -i /workspace/proofs/.lake/build/lib/lean/Proofs/Erdos109OQ01.ilean -c /workspace/proofs/.lake/build/ir/Proofs/Erdos109OQ01.c --setup /workspace/proofs/.lake/build/ir/Proofs/Erdos109OQ01.setup.json --json
error: Lean exited with code 137
✖ [8645/8676] Building Proofs.Erdos1050Problem (23s)
trace: .> LEAN_PATH=/workspace/proofs/.lake/packages/Cli/.lake/build/lib/lean:/workspace/proofs/.lake/packages/batteries/.lake/build/lib/lean:/workspace/proofs/.lake/packages/Qq/.lake/build/lib/lean:/workspace/proofs/.lake/packages/aesop/.lake/build/lib/lean:/workspace/proofs/.lake/packages/proofwidgets/.lake/build/lib/lean:/workspace/proofs/.lake/packages/importGraph/.lake/build/lib/lean:/workspace/proofs/.lake/packages/LeanSearchClient/.lake/build/lib/lean:/workspace/proofs/.lake/packages/plausible/.lake/build/lib/lean:/workspace/proofs/.lake/packages/mathlib/.lake/build/lib/lean:/workspace/proofs/.lake/build/lib/lean /root/.elan/toolchains/leanprover--lean4---v4.31.0/bin/lean /workspace/proofs/Proofs/Erdos1050Problem.lean -o /workspace/proofs/.lake/build/lib/lean/Proofs/Erdos1050Problem.olean -i /workspace/proofs/.lake/build/lib/lean/Proofs/Erdos1050Problem.ilean -c /workspace/proofs/.lake/build/ir/Proofs/Erdos1050Problem.c --setup /workspace/proofs/.lake/build/ir/Proofs/Erdos1050Problem.setup.json --json
error: Lean exited with code 137
✖ [8646/8677] Building Proofs.Erdos1049Aristotle (23s)
trace: .> LEAN_PATH=/workspace/proofs/.lake/packages/Cli/.lake/build/lib/lean:/workspace/proofs/.lake/packages/batteries/.lake/build/lib/lean:/workspace/proofs/.lake/packages/Qq/.lake/build/lib/lean:/workspace/proofs/.lake/packages/aesop/.lake/build/lib/lean:/workspace/proofs/.lake/packages/proofwidgets/.lake/build/lib/lean:/workspace/proofs/.lake/packages/importGraph/.lake/build/lib/lean:/workspace/proofs/.lake/packages/LeanSearchClient/.lake/build/lib/lean:/workspace/proofs/.lake/packages/plausible/.lake/build/lib/lean:/workspace/proofs/.lake/packages/mathlib/.lake/build/lib/lean:/workspace/proofs/.lake/build/lib/lean /root/.elan/toolchains/leanprover--lean4---v4.31.0/bin/lean /workspace/proofs/Proofs/Erdos1049Aristotle.lean -o /workspace/proofs/.lake/build/lib/lean/Proofs/Erdos1049Aristotle.olean -i /workspace/proofs/.lake/build/lib/lean/Proofs/Erdos1049Aristotle.ilean -c /workspace/proofs/.lake/build/ir/Proofs/Erdos1049Aristotle.c --setup /workspace/proofs/.lake/build/ir/Proofs/Erdos1049Aristotle.setup.json --json
error: Lean exited with code 137
✖ [8648/8678] Building Proofs.RothTheorem (15s)
trace: .> LEAN_PATH=/workspace/proofs/.lake/packages/Cli/.lake/build/lib/lean:/workspace/proofs/.lake/packages/batteries/.lake/build/lib/lean:/workspace/proofs/.lake/packages/Qq/.lake/build/lib/lean:/workspace/proofs/.lake/packages/aesop/.lake/build/lib/lean:/workspace/proofs/.lake/packages/proofwidgets/.lake/build/lib/lean:/workspace/proofs/.lake/packages/importGraph/.lake/build/lib/lean:/workspace/proofs/.lake/packages/LeanSearchClient/.lake/build/lib/lean:/workspace/proofs/.lake/packages/plausible/.lake/build/lib/lean:/workspace/proofs/.lake/packages/mathlib/.lake/build/lib/lean:/workspace/proofs/.lake/build/lib/lean /root/.elan/toolchains/leanprover--lean4---v4.31.0/bin/lean /workspace/proofs/Proofs/RothTheorem.lean -o /workspace/proofs/.lake/build/lib/lean/Proofs/RothTheorem.olean -i /workspace/proofs/.lake/build/lib/lean/Proofs/RothTheorem.ilean -c /workspace/proofs/.lake/build/ir/Proofs/RothTheorem.c --setup /workspace/proofs/.lake/build/ir/Proofs/RothTheorem.setup.json --json
error: Lean exited with code 137
✖ [8650/8678] Building Proofs.BuffonsNeedleOQ01OQ01OQ04 (26s)
trace: .> LEAN_PATH=/workspace/proofs/.lake/packages/Cli/.lake/build/lib/lean:/workspace/proofs/.lake/packages/batteries/.lake/build/lib/lean:/workspace/proofs/.lake/packages/Qq/.lake/build/lib/lean:/workspace/proofs/.lake/packages/aesop/.lake/build/lib/lean:/workspace/proofs/.lake/packages/proofwidgets/.lake/build/lib/lean:/workspace/proofs/.lake/packages/importGraph/.lake/build/lib/lean:/workspace/proofs/.lake/packages/LeanSearchClient/.lake/build/lib/lean:/workspace/proofs/.lake/packages/plausible/.lake/build/lib/lean:/workspace/proofs/.lake/packages/mathlib/.lake/build/lib/lean:/workspace/proofs/.lake/build/lib/lean /root/.elan/toolchains/leanprover--lean4---v4.31.0/bin/lean /workspace/proofs/Proofs/BuffonsNeedleOQ01OQ01OQ04.lean -o /workspace/proofs/.lake/build/lib/lean/Proofs/BuffonsNeedleOQ01OQ01OQ04.olean -i /workspace/proofs/.lake/build/lib/lean/Proofs/BuffonsNeedleOQ01OQ01OQ04.ilean -c /workspace/proofs/.lake/build/ir/Proofs/BuffonsNeedleOQ01OQ01OQ04.c --setup /workspace/proofs/.lake/build/ir/Proofs/BuffonsNeedleOQ01OQ01OQ04.setup.json --json
error: Lean exited with code 137
✖ [8651/8678] Building Proofs.HarmonicDivergenceOQ04 (10s)
trace: .> LEAN_PATH=/workspace/proofs/.lake/packages/Cli/.lake/build/lib/lean:/workspace/proofs/.lake/packages/batteries/.lake/build/lib/lean:/workspace/proofs/.lake/packages/Qq/.lake/build/lib/lean:/workspace/proofs/.lake/packages/aesop/.lake/build/lib/lean:/workspace/proofs/.lake/packages/proofwidgets/.lake/build/lib/lean:/workspace/proofs/.lake/packages/importGraph/.lake/build/lib/lean:/workspace/proofs/.lake/packages/LeanSearchClient/.lake/build/lib/lean:/workspace/proofs/.lake/packages/plausible/.lake/build/lib/lean:/workspace/proofs/.lake/packages/mathlib/.lake/build/lib/lean:/workspace/proofs/.lake/build/lib/lean /root/.elan/toolchains/leanprover--lean4---v4.31.0/bin/lean /workspace/proofs/Proofs/HarmonicDivergenceOQ04.lean -o /workspace/proofs/.lake/build/lib/lean/Proofs/HarmonicDivergenceOQ04.olean -i /workspace/proofs/.lake/build/lib/lean/Proofs/HarmonicDivergenceOQ04.ilean -c /workspace/proofs/.lake/build/ir/Proofs/HarmonicDivergenceOQ04.c --setup /workspace/proofs/.lake/build/ir/Proofs/HarmonicDivergenceOQ04.setup.json --json
error: Lean exited with code 137
✖ [8652/8678] Building Proofs.Erdos340GreedySidon (20s)
trace: .> LEAN_PATH=/workspace/proofs/.lake/packages/Cli/.lake/build/lib/lean:/workspace/proofs/.lake/packages/batteries/.lake/build/lib/lean:/workspace/proofs/.lake/packages/Qq/.lake/build/lib/lean:/workspace/proofs/.lake/packages/aesop/.lake/build/lib/lean:/workspace/proofs/.lake/packages/proofwidgets/.lake/build/lib/lean:/workspace/proofs/.lake/packages/importGraph/.lake/build/lib/lean:/workspace/proofs/.lake/packages/LeanSearchClient/.lake/build/lib/lean:/workspace/proofs/.lake/packages/plausible/.lake/build/lib/lean:/workspace/proofs/.lake/packages/mathlib/.lake/build/lib/lean:/workspace/proofs/.lake/build/lib/lean /root/.elan/toolchains/leanprover--lean4---v4.31.0/bin/lean /workspace/proofs/Proofs/Erdos340GreedySidon.lean -o /workspace/proofs/.lake/build/lib/lean/Proofs/Erdos340GreedySidon.olean -i /workspace/proofs/.lake/build/lib/lean/Proofs/Erdos340GreedySidon.ilean -c /workspace/proofs/.lake/build/ir/Proofs/Erdos340GreedySidon.c --setup /workspace/proofs/.lake/build/ir/Proofs/Erdos340GreedySidon.setup.json --json
error: Lean exited with code 137
✖ [8655/8678] Building Proofs.Erdos451Problem (19s)
trace: .> LEAN_PATH=/workspace/proofs/.lake/packages/Cli/.lake/build/lib/lean:/workspace/proofs/.lake/packages/batteries/.lake/build/lib/lean:/workspace/proofs/.lake/packages/Qq/.lake/build/lib/lean:/workspace/proofs/.lake/packages/aesop/.lake/build/lib/lean:/workspace/proofs/.lake/packages/proofwidgets/.lake/build/lib/lean:/workspace/proofs/.lake/packages/importGraph/.lake/build/lib/lean:/workspace/proofs/.lake/packages/LeanSearchClient/.lake/build/lib/lean:/workspace/proofs/.lake/packages/plausible/.lake/build/lib/lean:/workspace/proofs/.lake/packages/mathlib/.lake/build/lib/lean:/workspace/proofs/.lake/build/lib/lean /root/.elan/toolchains/leanprover--lean4---v4.31.0/bin/lean /workspace/proofs/Proofs/Erdos451Problem.lean -o /workspace/proofs/.lake/build/lib/lean/Proofs/Erdos451Problem.olean -i /workspace/proofs/.lake/build/lib/lean/Proofs/Erdos451Problem.ilean -c /workspace/proofs/.lake/build/ir/Proofs/Erdos451Problem.c --setup /workspace/proofs/.lake/build/ir/Proofs/Erdos451Problem.setup.json --json
error: Lean exited with code 137
✖ [8656/8678] Building Proofs.ElementaryQuadraticReciprocityOQ01 (14s)
trace: .> LEAN_PATH=/workspace/proofs/.lake/packages/Cli/.lake/build/lib/lean:/workspace/proofs/.lake/packages/batteries/.lake/build/lib/lean:/workspace/proofs/.lake/packages/Qq/.lake/build/lib/lean:/workspace/proofs/.lake/packages/aesop/.lake/build/lib/lean:/workspace/proofs/.lake/packages/proofwidgets/.lake/build/lib/lean:/workspace/proofs/.lake/packages/importGraph/.lake/build/lib/lean:/workspace/proofs/.lake/packages/LeanSearchClient/.lake/build/lib/lean:/workspace/proofs/.lake/packages/plausible/.lake/build/lib/lean:/workspace/proofs/.lake/packages/mathlib/.lake/build/lib/lean:/workspace/proofs/.lake/build/lib/lean /root/.elan/toolchains/leanprover--lean4---v4.31.0/bin/lean /workspace/proofs/Proofs/ElementaryQuadraticReciprocityOQ01.lean -o /workspace/proofs/.lake/build/lib/lean/Proofs/ElementaryQuadraticReciprocityOQ01.olean -i /workspace/proofs/.lake/build/lib/lean/Proofs/ElementaryQuadraticReciprocityOQ01.ilean -c /workspace/proofs/.lake/build/ir/Proofs/ElementaryQuadraticReciprocityOQ01.c --setup /workspace/proofs/.lake/build/ir/Proofs/ElementaryQuadraticReciprocityOQ01.setup.json --json
error: Lean exited with code 137
✖ [8657/8678] Building Proofs.MinkowskiTheoremOQ02 (7.8s)
trace: .> LEAN_PATH=/workspace/proofs/.lake/packages/Cli/.lake/build/lib/lean:/workspace/proofs/.lake/packages/batteries/.lake/build/lib/lean:/workspace/proofs/.lake/packages/Qq/.lake/build/lib/lean:/workspace/proofs/.lake/packages/aesop/.lake/build/lib/lean:/workspace/proofs/.lake/packages/proofwidgets/.lake/build/lib/lean:/workspace/proofs/.lake/packages/importGraph/.lake/build/lib/lean:/workspace/proofs/.lake/packages/LeanSearchClient/.lake/build/lib/lean:/workspace/proofs/.lake/packages/plausible/.lake/build/lib/lean:/workspace/proofs/.lake/packages/mathlib/.lake/build/lib/lean:/workspace/proofs/.lake/build/lib/lean /root/.elan/toolchains/leanprover--lean4---v4.31.0/bin/lean /workspace/proofs/Proofs/MinkowskiTheoremOQ02.lean -o /workspace/proofs/.lake/build/lib/lean/Proofs/MinkowskiTheoremOQ02.olean -i /workspace/proofs/.lake/build/lib/lean/Proofs/MinkowskiTheoremOQ02.ilean -c /workspace/proofs/.lake/build/ir/Proofs/MinkowskiTheoremOQ02.c --setup /workspace/proofs/.lake/build/ir/Proofs/MinkowskiTheoremOQ02.setup.json --json
error: Proofs/MinkowskiTheoremOQ02.lean:132:8: Unknown identifier `lt_div_iff`
error: Proofs/MinkowskiTheoremOQ02.lean:136:8: Unknown constant `ENNReal.ofReal_lt_ofReal_of_nonneg`
error: Proofs/MinkowskiTheoremOQ02.lean:157:8: Tactic `rewrite` failed: Did not find an occurrence of the pattern
  ∑ i, c i • (Pi.basisFun ℝ (Fin 2)) i
in the target expression
  ↑x = ∑ i, ↑(c i) • (Pi.basisFun ℝ (Fin 2)) i

x : ↥(stdLattice 2)
c : Fin 2 → ℤ
hc : ∑ i, c i • (Pi.basisFun ℝ (Fin 2)) i = ↑x
⊢ ↑x = ∑ i, ↑(c i) • (Pi.basisFun ℝ (Fin 2)) i
warning: Proofs/MinkowskiTheoremOQ02.lean:162:29: This simp argument is unused:
  Fin.sum_univ_two

Hint: Omit it from the simp argument list.
  simp [Pi.basisFun_apply, F̵i̵n̵.̵s̵u̵m̵_̵u̵n̵i̵v̵_̵t̵w̵o̵,̵ ̵Pi.single_apply]

Note: This linter can be disabled with `set_option linter.unusedSimpArgs false`
warning: Proofs/MinkowskiTheoremOQ02.lean:165:29: This simp argument is unused:
  Fin.sum_univ_two

Hint: Omit it from the simp argument list.
  simp [Pi.basisFun_apply, F̵i̵n̵.̵s̵u̵m̵_̵u̵n̵i̵v̵_̵t̵w̵o̵,̵ ̵Pi.single_apply]

Note: This linter can be disabled with `set_option linter.unusedSimpArgs false`
error: Proofs/MinkowskiTheoremOQ02.lean:220:37: Tactic `rewrite` failed: Did not find an occurrence of the pattern
  ↑x 0
in the target expression
  ↑x ⟨0, ⋯⟩ = ↑0 ⟨0, ⋯⟩

case «0»
α : ℝ
Q : ℕ
hQ : 0 < Q
x : ↥(MinkowskiProved.stdLattice 2).toAddSubgroup
hx_ne : x ≠ 0
b : ℤ
hb : ↑x 1 = ↑b
hQpos : 0 < ↑Q
ha : ↑x 0 = ↑0
ha_bound : |↑0| < ↑Q + 1
hab_approx : |↑b| < 1 / ↑Q
hQge1 : 1 ≤ ↑Q
hb_lt1 : |↑b| < 1
hb0 : b = 0
⊢ ↑x ⟨0, ⋯⟩ = ↑0 ⟨0, ⋯⟩

Note: The target expression is not type-correct under the `instances` transparency level, which may have triggered the failure. This is usually caused by unfolding of semireducible definitions in prior tactic steps. Use `set_option linter.tacticCheckInstances true` to investigate the source of the issue.
Full error:
  Application type mismatch: The argument
    Nat.le_refl 2
  has type
    2 ≤ 2
  but is expected to have type
    1 < 2
  in the application
    Nat.le_of_lt (Nat.le_refl 2)
error: Proofs/MinkowskiTheoremOQ02.lean:222:37: Tactic `rewrite` failed: Did not find an occurrence of the pattern
  ↑x 1
in the target expression
  ↑x ⟨1, ⋯⟩ = ↑0 ⟨1, ⋯⟩

case «1»
α : ℝ
Q : ℕ
hQ : 0 < Q
x : ↥(MinkowskiProved.stdLattice 2).toAddSubgroup
hx_ne : x ≠ 0
b : ℤ
hb : ↑x 1 = ↑b
hQpos : 0 < ↑Q
ha : ↑x 0 = ↑0
ha_bound : |↑0| < ↑Q + 1
hab_approx : |↑b| < 1 / ↑Q
hQge1 : 1 ≤ ↑Q
hb_lt1 : |↑b| < 1
hb0 : b = 0
⊢ ↑x ⟨1, ⋯⟩ = ↑0 ⟨1, ⋯⟩

Note: The target expression is not type-correct under the `instances` transparency level, which may have triggered the failure. This is usually caused by unfolding of semireducible definitions in prior tactic steps. Use `set_option linter.tacticCheckInstances true` to investigate the source of the issue.
Full error:
  Application type mismatch: The argument
    Nat.le_refl 2
  has type
    2 ≤ 2
  but is expected to have type
    1 < 2
  in the application
    ⟨1, ⋯⟩
error: Proofs/MinkowskiTheoremOQ02.lean:229:8: Tactic `rewrite` failed: Did not find an occurrence of the pattern
  ↑|?m.526|
in the target expression
  |↑a| < ↑Q + 1

case refine_2
α : ℝ
Q : ℕ
hQ : 0 < Q
x : ↥(MinkowskiProved.stdLattice 2).toAddSubgroup
hx_ne : x ≠ 0
a b : ℤ
ha : ↑x 0 = ↑a
hb : ↑x 1 = ↑b
ha_bound : |↑a| < ↑Q + 1
hab_approx : |α * ↑a - ↑b| < 1 / ↑Q
hQpos : 0 < ↑Q
ha_ne : a ≠ 0
hcast : |↑a| < ↑Q + 1
⊢ |a| ≤ ↑Q
error: Proofs/MinkowskiTheoremOQ02.lean:236:10: Unknown constant `Int.abs_of_pos`
error: Proofs/MinkowskiTheoremOQ02.lean:238:43: Unknown identifier `le_of_not_lt`
error: Proofs/MinkowskiTheoremOQ02.lean:239:10: Unknown constant `Int.abs_of_neg`
warning: Proofs/MinkowskiTheoremOQ02.lean:220:17: This simp argument is unused:
  Pi.zero_apply

Hint: Omit it from the simp argument list.
  simp only ̵[̵P̵i̵.̵z̵e̵r̵o̵_̵a̵p̵p̵l̵y̵]̵

Note: This linter can be disabled with `set_option linter.unusedSimpArgs false`
warning: Proofs/MinkowskiTheoremOQ02.lean:222:17: This simp argument is unused:
  Pi.zero_apply

Hint: Omit it from the simp argument list.
  simp only ̵[̵P̵i̵.̵z̵e̵r̵o̵_̵a̵p̵p̵l̵y̵]̵

Note: This linter can be disabled with `set_option linter.unusedSimpArgs false`
error: Proofs/MinkowskiTheoremOQ02.lean:257:84: No goals to be solved
error: Proofs/MinkowskiTheoremOQ02.lean:261:62: Unknown identifier `lt_div_iff`
info: Proofs/MinkowskiTheoremOQ02.lean:284:0: dirichlet_from_minkowski (α : ℝ) (Q : ℕ) (hQ : 0 < Q) : ∃ q p, 1 ≤ q ∧ q ≤ ↑Q ∧ |α * ↑q - ↑p| < 1 / ↑Q
error: Lean exited with code 1
✖ [8658/8678] Building Proofs.TestApi513 (5.5s)
trace: .> LEAN_PATH=/workspace/proofs/.lake/packages/Cli/.lake/build/lib/lean:/workspace/proofs/.lake/packages/batteries/.lake/build/lib/lean:/workspace/proofs/.lake/packages/Qq/.lake/build/lib/lean:/workspace/proofs/.lake/packages/aesop/.lake/build/lib/lean:/workspace/proofs/.lake/packages/proofwidgets/.lake/build/lib/lean:/workspace/proofs/.lake/packages/importGraph/.lake/build/lib/lean:/workspace/proofs/.lake/packages/LeanSearchClient/.lake/build/lib/lean:/workspace/proofs/.lake/packages/plausible/.lake/build/lib/lean:/workspace/proofs/.lake/packages/mathlib/.lake/build/lib/lean:/workspace/proofs/.lake/build/lib/lean /root/.elan/toolchains/leanprover--lean4---v4.31.0/bin/lean /workspace/proofs/Proofs/TestApi513.lean -o /workspace/proofs/.lake/build/lib/lean/Proofs/TestApi513.olean -i /workspace/proofs/.lake/build/lib/lean/Proofs/TestApi513.ilean -c /workspace/proofs/.lake/build/ir/Proofs/TestApi513.c --setup /workspace/proofs/.lake/build/ir/Proofs/TestApi513.setup.json --json
warning: Proofs/TestApi513.lean:6:19: Variable name `ha` is not explicitly referenced.

The binding can be removed (if unused) or named `_` (if used implicitly).

Note: This linter can be disabled with `set_option linter.unusedVariables false`
error: Proofs/TestApi513.lean:15:28: Unknown constant `Real.pi_gt_three`
error: Proofs/TestApi513.lean:19:37: Unknown constant `Real.pi_lt_3141593`
error: Lean exited with code 1
✖ [8659/8678] Building Proofs.HarmonicDivergenceOQ02 (14s)
trace: .> LEAN_PATH=/workspace/proofs/.lake/packages/Cli/.lake/build/lib/lean:/workspace/proofs/.lake/packages/batteries/.lake/build/lib/lean:/workspace/proofs/.lake/packages/Qq/.lake/build/lib/lean:/workspace/proofs/.lake/packages/aesop/.lake/build/lib/lean:/workspace/proofs/.lake/packages/proofwidgets/.lake/build/lib/lean:/workspace/proofs/.lake/packages/importGraph/.lake/build/lib/lean:/workspace/proofs/.lake/packages/LeanSearchClient/.lake/build/lib/lean:/workspace/proofs/.lake/packages/plausible/.lake/build/lib/lean:/workspace/proofs/.lake/packages/mathlib/.lake/build/lib/lean:/workspace/proofs/.lake/build/lib/lean /root/.elan/toolchains/leanprover--lean4---v4.31.0/bin/lean /workspace/proofs/Proofs/HarmonicDivergenceOQ02.lean -o /workspace/proofs/.lake/build/lib/lean/Proofs/HarmonicDivergenceOQ02.olean -i /workspace/proofs/.lake/build/lib/lean/Proofs/HarmonicDivergenceOQ02.ilean -c /workspace/proofs/.lake/build/ir/Proofs/HarmonicDivergenceOQ02.c --setup /workspace/proofs/.lake/build/ir/Proofs/HarmonicDivergenceOQ02.setup.json --json
error: Proofs/HarmonicDivergenceOQ02.lean:76:69: omega could not prove the goal:
a possible counterexample may satisfy the constraints
  0 ≤ b ≤ 1
  a ≥ 2
where
 a := ↑n
 b := ↑?m.87
warning: Proofs/HarmonicDivergenceOQ02.lean:78:4: `push_neg` has been deprecated. Prefer using `push Not` instead.
If you'd rather continue using `push_neg` in your project, you can implement it as follows:
```
open Lean.Parser.Tactic in
macro "push_neg" cfg:optConfig loc:(location)? : tactic =>
  `(tactic| push $cfg:optConfig Not $[$loc]?)
```
error: Proofs/HarmonicDivergenceOQ02.lean:102:8: Tactic `rewrite` failed: Did not find an occurrence of the pattern
  ↑(?m ^ ?n)
in the target expression
  log (2 ^ k) = ↑k * log 2

k : ℕ
hk : 1 ≤ k
h2k : 2 ≤ 2 ^ k
⊢ log (2 ^ k) = ↑k * log 2
error: Proofs/HarmonicDivergenceOQ02.lean:104:6: Tactic `rewrite` failed: Did not find an occurrence of the pattern
  log (2 ^ k)
in the target expression
  2 ^ k * (1 / (↑(2 ^ k) * log ↑(2 ^ k))) = 1 / (↑k * log 2)

k : ℕ
hk : 1 ≤ k
h2k : 2 ≤ 2 ^ k
h_log_pow : log (2 ^ k) = ↑k * log 2
⊢ 2 ^ k * (1 / (↑(2 ^ k) * log ↑(2 ^ k))) = 1 / (↑k * log 2)
error: Proofs/HarmonicDivergenceOQ02.lean:119:6: Type mismatch
  fun k => if k = 0 then 2 ^ 0 * logHarmonic (2 ^ 0) else 1 / (k * log 2)
has type
  ℝ → ℝ
but is expected to have type
  ℕ → ℝ
error: Proofs/HarmonicDivergenceOQ02.lean:115:66: unsolved goals
⊢ ¬Summable fun k => 2 ^ k * logHarmonic (2 ^ k)
error: Proofs/HarmonicDivergenceOQ02.lean:149:6: Tactic `rewrite` failed: Did not find an occurrence of the pattern
  Summable fun k => 2 ^ k * logHarmonic (2 ^ k)
in the target expression
  ¬Summable logHarmonic

⊢ ¬Summable logHarmonic
error: Proofs/HarmonicDivergenceOQ02.lean:215:72: omega could not prove the goal:
a possible counterexample may satisfy the constraints
  0 ≤ b ≤ 1
  a ≥ 2
where
 a := ↑n
 b := ↑?m.87
warning: Proofs/HarmonicDivergenceOQ02.lean:217:4: `push_neg` has been deprecated. Prefer using `push Not` instead.
If you'd rather continue using `push_neg` in your project, you can implement it as follows:
```
open Lean.Parser.Tactic in
macro "push_neg" cfg:optConfig loc:(location)? : tactic =>
  `(tactic| push $cfg:optConfig Not $[$loc]?)
```
error: Proofs/HarmonicDivergenceOQ02.lean:241:8: Tactic `rewrite` failed: Did not find an occurrence of the pattern
  ↑(?m ^ ?n)
in the target expression
  log (2 ^ k) = ↑k * log 2

k : ℕ
hk : 1 ≤ k
h2k : 2 ≤ 2 ^ k
⊢ log (2 ^ k) = ↑k * log 2
error: Proofs/HarmonicDivergenceOQ02.lean:243:6: Tactic `rewrite` failed: Did not find an occurrence of the pattern
  log (2 ^ k)
in the target expression
  2 ^ k * (1 / (↑(2 ^ k) * log ↑(2 ^ k) ^ 2)) = 1 / (↑k ^ 2 * log 2 ^ 2)

k : ℕ
hk : 1 ≤ k
h2k : 2 ≤ 2 ^ k
h_log_pow : log (2 ^ k) = ↑k * log 2
⊢ 2 ^ k * (1 / (↑(2 ^ k) * log ↑(2 ^ k) ^ 2)) = 1 / (↑k ^ 2 * log 2 ^ 2)
error: Proofs/HarmonicDivergenceOQ02.lean:278:2: No goals to be solved
error: Proofs/HarmonicDivergenceOQ02.lean:286:6: Tactic `rewrite` failed: Did not find an occurrence of the pattern
  Summable fun k => 2 ^ k * logHarmonicSq (2 ^ k)
in the target expression
  Summable logHarmonicSq

⊢ Summable logHarmonicSq
error: Lean exited with code 1
✖ [8660/8678] Building Proofs.NewtonInductiveStepOQ01 (11s)
trace: .> LEAN_PATH=/workspace/proofs/.lake/packages/Cli/.lake/build/lib/lean:/workspace/proofs/.lake/packages/batteries/.lake/build/lib/lean:/workspace/proofs/.lake/packages/Qq/.lake/build/lib/lean:/workspace/proofs/.lake/packages/aesop/.lake/build/lib/lean:/workspace/proofs/.lake/packages/proofwidgets/.lake/build/lib/lean:/workspace/proofs/.lake/packages/importGraph/.lake/build/lib/lean:/workspace/proofs/.lake/packages/LeanSearchClient/.lake/build/lib/lean:/workspace/proofs/.lake/packages/plausible/.lake/build/lib/lean:/workspace/proofs/.lake/packages/mathlib/.lake/build/lib/lean:/workspace/proofs/.lake/build/lib/lean /root/.elan/toolchains/leanprover--lean4---v4.31.0/bin/lean /workspace/proofs/Proofs/NewtonInductiveStepOQ01.lean -o /workspace/proofs/.lake/build/lib/lean/Proofs/NewtonInductiveStepOQ01.olean -i /workspace/proofs/.lake/build/lib/lean/Proofs/NewtonInductiveStepOQ01.ilean -c /workspace/proofs/.lake/build/ir/Proofs/NewtonInductiveStepOQ01.c --setup /workspace/proofs/.lake/build/ir/Proofs/NewtonInductiveStepOQ01.setup.json --json
warning: Proofs/NewtonInductiveStepOQ01.lean:43:4: Variable name `x` is not explicitly referenced.

The binding can be removed (if unused) or named `_` (if used implicitly).

Note: This linter can be disabled with `set_option linter.unusedVariables false`
warning: Proofs/NewtonInductiveStepOQ01.lean:89:14: This simp argument is unused:
  mul_comm

Hint: Omit it from the simp argument list.
  simp [ih,̵ ̵m̵u̵l̵_̵c̵o̵m̵m̵]

Note: This linter can be disabled with `set_option linter.unusedSimpArgs false`
warning: Proofs/NewtonInductiveStepOQ01.lean:111:39: Variable name `ha` is not explicitly referenced.

The binding can be removed (if unused) or named `_` (if used implicitly).

Note: This linter can be disabled with `set_option linter.unusedVariables false`
warning: Proofs/NewtonInductiveStepOQ01.lean:129:8: declaration uses `sorry`
error: Proofs/NewtonInductiveStepOQ01.lean:244:12: Type mismatch
  cast_sub hlen_ge_one
has type
  ↑(ys.length - 1) = ↑ys.length - ↑1
but is expected to have type
  ↑(ys.length - 1) = ↑ys.length - 1
warning: Proofs/NewtonInductiveStepOQ01.lean:311:6: `push_neg` has been deprecated. Prefer using `push Not` instead.
If you'd rather continue using `push_neg` in your project, you can implement it as follows:
```
open Lean.Parser.Tactic in
macro "push_neg" cfg:optConfig loc:(location)? : tactic =>
  `(tactic| push $cfg:optConfig Not $[$loc]?)
```
warning: Proofs/NewtonInductiveStepOQ01.lean:515:30: Variable name `hx` is not explicitly referenced.

The binding can be removed (if unused) or named `_` (if used implicitly).

Note: This linter can be disabled with `set_option linter.unusedVariables false`
warning: Proofs/NewtonInductiveStepOQ01.lean:515:43: Variable name `hy` is not explicitly referenced.

The binding can be removed (if unused) or named `_` (if used implicitly).

Note: This linter can be disabled with `set_option linter.unusedVariables false`
warning: Proofs/NewtonInductiveStepOQ01.lean:525:37: Variable name `hx` is not explicitly referenced.

The binding can be removed (if unused) or named `_` (if used implicitly).

Note: This linter can be disabled with `set_option linter.unusedVariables false`
warning: Proofs/NewtonInductiveStepOQ01.lean:525:50: Variable name `hy` is not explicitly referenced.

The binding can be removed (if unused) or named `_` (if used implicitly).

Note: This linter can be disabled with `set_option linter.unusedVariables false`
warning: Proofs/NewtonInductiveStepOQ01.lean:525:63: Variable name `hz` is not explicitly referenced.

The binding can be removed (if unused) or named `_` (if used implicitly).

Note: This linter can be disabled with `set_option linter.unusedVariables false`
warning: Proofs/NewtonInductiveStepOQ01.lean:539:37: Variable name `hx` is not explicitly referenced.

The binding can be removed (if unused) or named `_` (if used implicitly).

Note: This linter can be disabled with `set_option linter.unusedVariables false`
warning: Proofs/NewtonInductiveStepOQ01.lean:539:50: Variable name `hy` is not explicitly referenced.

The binding can be removed (if unused) or named `_` (if used implicitly).

Note: This linter can be disabled with `set_option linter.unusedVariables false`
warning: Proofs/NewtonInductiveStepOQ01.lean:539:63: Variable name `hz` is not explicitly referenced.

The binding can be removed (if unused) or named `_` (if used implicitly).

Note: This linter can be disabled with `set_option linter.unusedVariables false`
error: Lean exited with code 1
✖ [8661/8678] Building Proofs.PerfectNumbersOQ03 (17s)
trace: .> LEAN_PATH=/workspace/proofs/.lake/packages/Cli/.lake/build/lib/lean:/workspace/proofs/.lake/packages/batteries/.lake/build/lib/lean:/workspace/proofs/.lake/packages/Qq/.lake/build/lib/lean:/workspace/proofs/.lake/packages/aesop/.lake/build/lib/lean:/workspace/proofs/.lake/packages/proofwidgets/.lake/build/lib/lean:/workspace/proofs/.lake/packages/importGraph/.lake/build/lib/lean:/workspace/proofs/.lake/packages/LeanSearchClient/.lake/build/lib/lean:/workspace/proofs/.lake/packages/plausible/.lake/build/lib/lean:/workspace/proofs/.lake/packages/mathlib/.lake/build/lib/lean:/workspace/proofs/.lake/build/lib/lean /root/.elan/toolchains/leanprover--lean4---v4.31.0/bin/lean /workspace/proofs/Proofs/PerfectNumbersOQ03.lean -o /workspace/proofs/.lake/build/lib/lean/Proofs/PerfectNumbersOQ03.olean -i /workspace/proofs/.lake/build/lib/lean/Proofs/PerfectNumbersOQ03.ilean -c /workspace/proofs/.lake/build/ir/Proofs/PerfectNumbersOQ03.c --setup /workspace/proofs/.lake/build/ir/Proofs/PerfectNumbersOQ03.setup.json --json
error: Proofs/PerfectNumbersOQ03.lean:88:4: unsolved goals
case zero
hn : ¬Nat.Prime 0
hM : Nat.Prime 0
⊢ 2 ≤ 0
error: Proofs/PerfectNumbersOQ03.lean:133:12: Tactic `rewrite` failed: Did not find an occurrence of the pattern
  ↑?a = 0
in the target expression
  ¬2 = 0

p q : ℕ
hp : Nat.Prime p
hq : Nat.Prime q
hdvd : q ∣ M p
hqfact : Fact (Nat.Prime q)
hp1 : 1 ≤ 2 ^ p
⊢ ¬2 = 0
error: Proofs/PerfectNumbersOQ03.lean:163:6: Type mismatch
  ZMod.pow_card_sub_one_eq_one h2_ne
has type
  2 ^ (q - 1) = 1
but is expected to have type
  2 ^ (Fintype.card (ZMod q) - 1) = 1
warning: Proofs/PerfectNumbersOQ03.lean:203:70: Variable name `hn2` is not explicitly referenced.

The binding can be removed (if unused) or named `_` (if used implicitly).

Note: This linter can be disabled with `set_option linter.unusedVariables false`
warning: Proofs/PerfectNumbersOQ03.lean:213:32: Variable name `hn` is not explicitly referenced.

The binding can be removed (if unused) or named `_` (if used implicitly).

Note: This linter can be disabled with `set_option linter.unusedVariables false`
error: Proofs/PerfectNumbersOQ03.lean:239:2: No goals to be solved
info: Proofs/PerfectNumbersOQ03.lean:256:0: @mersenne_prime_exp_prime : ∀ {n : ℕ}, Nat.Prime (M n) → Nat.Prime n
info: Proofs/PerfectNumbersOQ03.lean:257:0: MersennePrimeDist.LPWConjecture : Prop
error: Lean exited with code 1
✖ [8662/8678] Building Proofs.TestApi203 (19s)
trace: .> LEAN_PATH=/workspace/proofs/.lake/packages/Cli/.lake/build/lib/lean:/workspace/proofs/.lake/packages/batteries/.lake/build/lib/lean:/workspace/proofs/.lake/packages/Qq/.lake/build/lib/lean:/workspace/proofs/.lake/packages/aesop/.lake/build/lib/lean:/workspace/proofs/.lake/packages/proofwidgets/.lake/build/lib/lean:/workspace/proofs/.lake/packages/importGraph/.lake/build/lib/lean:/workspace/proofs/.lake/packages/LeanSearchClient/.lake/build/lib/lean:/workspace/proofs/.lake/packages/plausible/.lake/build/lib/lean:/workspace/proofs/.lake/packages/mathlib/.lake/build/lib/lean:/workspace/proofs/.lake/build/lib/lean /root/.elan/toolchains/leanprover--lean4---v4.31.0/bin/lean /workspace/proofs/Proofs/TestApi203.lean -o /workspace/proofs/.lake/build/lib/lean/Proofs/TestApi203.olean -i /workspace/proofs/.lake/build/lib/lean/Proofs/TestApi203.ilean -c /workspace/proofs/.lake/build/ir/Proofs/TestApi203.c --setup /workspace/proofs/.lake/build/ir/Proofs/TestApi203.setup.json --json
info: Proofs/TestApi203.lean:5:0: Nat.Prime.dvd_of_dvd_pow {p m n : ℕ} (pp : Nat.Prime p) (h : p ∣ m ^ n) : p ∣ m
info: Proofs/TestApi203.lean:8:0: ZMod.val_natCast (n a : ℕ) : (↑a).val = a % n
info: Proofs/TestApi203.lean:9:0: ZMod.natCast_eq_zero_iff : ∀ (a b : ℕ), ↑a = 0 ↔ b ∣ a
info: Proofs/TestApi203.lean:12:0: Nat.pow_mod (a b n : ℕ) : a ^ b % n = (a % n) ^ b % n
error: Proofs/TestApi203.lean:16:34: maximum recursion depth has been reached
use `set_option maxRecDepth <num>` to increase limit
use `set_option diagnostics true` to get diagnostic information
info: Proofs/TestApi203.lean:24:0: Nat.dvd_of_mod_eq_zero {m n : ℕ} (H : n % m = 0) : m ∣ n
info: Proofs/TestApi203.lean:43:0: ZMod.pow_card_sub_one_eq_one {p : ℕ} [Fact (Nat.Prime p)] {a : ZMod p} (ha : a ≠ 0) : a ^ (p - 1) = 1
info: Proofs/TestApi203.lean:46:0: pow_orderOf_eq_one.{u_1} {G : Type u_1} [Monoid G] (x : G) : x ^ orderOf x = 1
error: Lean exited with code 1
✖ [8663/8678] Building Proofs.WolstenholmeTheoremOQ02OQ02 (21s)
trace: .> LEAN_PATH=/workspace/proofs/.lake/packages/Cli/.lake/build/lib/lean:/workspace/proofs/.lake/packages/batteries/.lake/build/lib/lean:/workspace/proofs/.lake/packages/Qq/.lake/build/lib/lean:/workspace/proofs/.lake/packages/aesop/.lake/build/lib/lean:/workspace/proofs/.lake/packages/proofwidgets/.lake/build/lib/lean:/workspace/proofs/.lake/packages/importGraph/.lake/build/lib/lean:/workspace/proofs/.lake/packages/LeanSearchClient/.lake/build/lib/lean:/workspace/proofs/.lake/packages/plausible/.lake/build/lib/lean:/workspace/proofs/.lake/packages/mathlib/.lake/build/lib/lean:/workspace/proofs/.lake/build/lib/lean /root/.elan/toolchains/leanprover--lean4---v4.31.0/bin/lean /workspace/proofs/Proofs/WolstenholmeTheoremOQ02OQ02.lean -o /workspace/proofs/.lake/build/lib/lean/Proofs/WolstenholmeTheoremOQ02OQ02.olean -i /workspace/proofs/.lake/build/lib/lean/Proofs/WolstenholmeTheoremOQ02OQ02.ilean -c /workspace/proofs/.lake/build/ir/Proofs/WolstenholmeTheoremOQ02OQ02.c --setup /workspace/proofs/.lake/build/ir/Proofs/WolstenholmeTheoremOQ02OQ02.setup.json --json
error: Proofs/WolstenholmeTheoremOQ02OQ02.lean:47:8: Tactic `rewrite` failed: Did not find an occurrence of the pattern
  φ p
in the target expression
  p - 1 ∣ m

p : ℕ
hp : Fact (Nat.Prime p)
m : ℕ
hm : ¬p - 1 ∣ m
hp2 : 2 ≤ p
g : (ZMod p)ˣ
hg : ∀ (y : (ZMod p)ˣ), y ∈ Submonoid.powers g
heq : g ^ m = 1
⊢ p - 1 ∣ m
error: Proofs/WolstenholmeTheoremOQ02OQ02.lean:57:56: Unknown constant `Equiv.mulLeft_apply`
error: Proofs/WolstenholmeTheoremOQ02OQ02.lean:52:42: unsolved goals
p : ℕ
hp : Fact (Nat.Prime p)
m : ℕ
hm : ¬p - 1 ∣ m
hp2 : 2 ≤ p
g : (ZMod p)ˣ
hg : ∀ (y : (ZMod p)ˣ), y ∈ Submonoid.powers g
hgm : g ^ m ≠ 1
S : ZMod p := ∑ x, ↑x ^ m
hS_def : S = ∑ x, ↑x ^ m
⊢ ∑ i, ↑g ^ m * ↑i ^ m = ∑ x, ↑((Equiv.mulLeft g) x) ^ m
warning: Proofs/WolstenholmeTheoremOQ02OQ02.lean:58:15: This simp argument is unused:
  Units.val_mul

Hint: Omit it from the simp argument list.
  simp only [Finset.sum_map, Equiv.toEmbedding_apply, Equiv.mulLeft_apply, U̵n̵i̵t̵s̵.̵v̵a̵l̵_̵m̵u̵l̵,̵ ̵mul_pow]

Note: This linter can be disabled with `set_option linter.unusedSimpArgs false`
warning: Proofs/WolstenholmeTheoremOQ02OQ02.lean:58:30: This simp argument is unused:
  mul_pow

Hint: Omit it from the simp argument list.
  simp only [Finset.sum_map, Equiv.toEmbedding_apply, Equiv.mulLeft_apply, U̵n̵i̵t̵s̵.̵v̵a̵l̵_̵m̵u̵l̵,̵ ̵m̵u̵l̵_̵p̵o̵w̵]̵U̲n̲i̲t̲s̲.̲v̲a̲l̲_̲m̲u̲l̲]̲

Note: This linter can be disabled with `set_option linter.unusedSimpArgs false`
error: Proofs/WolstenholmeTheoremOQ02OQ02.lean:87:22: Unknown constant `Nat.factorial_mul_choose`
error: Proofs/WolstenholmeTheoremOQ02OQ02.lean:79:50: unsolved goals
p : ℕ
hp : Fact (Nat.Prime p)
k : ℕ
hk : k ≤ p - 1
hp5 : 5 ≤ p
⊢ ↑(k ! * (p - 1).choose k) = ↑k ! * (-1) ^ k
error: Proofs/WolstenholmeTheoremOQ02OQ02.lean:146:28: Tactic `rewrite` failed: Did not find an occurrence of the pattern
  ?a * ?b * ?c
in the target expression
  ↑(p.choose k / p) = (↑k)⁻¹ * (↑k * ↑(p.choose k / p))

p : ℕ
hp : Fact (Nat.Prime p)
hp' : Nat.Prime p
h5 : 5 ≤ p
k : ℕ
hk : k ∈ Ico 1 p
hm : 1 ≤ k ∧ k < p
hk_ne : ↑k ≠ 0
h_mul : k * (p.choose k / p) = (p - 1).choose (k - 1)
h_choose : ↑((p - 1).choose (k - 1)) = (-1) ^ (k - 1)
h_zmod : ↑k * ↑(p.choose k / p) = (-1) ^ (k - 1)
⊢ ↑(p.choose k / p) = (↑k)⁻¹ * (↑k * ↑(p.choose k / p))
warning: Proofs/WolstenholmeTheoremOQ02OQ02.lean:148:8: This simp argument is unused:
  neg_one_sq

Hint: Omit it from the simp argument list.
  simp [̵n̵e̵g̵_̵o̵n̵e̵_̵s̵q̵,̵ ̵o̵n̵e̵_̵p̵o̵w̵,̵[̲o̲n̲e̲_̲p̲o̲w̲,̲ pow_mul, one_mul]

Note: This linter can be disabled with `set_option linter.unusedSimpArgs false`
error: Proofs/WolstenholmeTheoremOQ02OQ02.lean:168:17: Tactic `rewrite` failed: Did not find an occurrence of the pattern
  (?a ^ ?m) ^ ?n
in the target expression
  (↑k ^ 2)⁻¹ = ↑k ^ (2 * (p - 2))

p : ℕ
hp : Fact (Nat.Prime p)
hp' : Nat.Prime p
h5 : 5 ≤ p
h_eq : ∑ k ∈ Ico 1 p, ↑(p.choose k / p) ^ 2 = ∑ k ∈ Ico 1 p, (↑k)⁻¹ ^ 2
h_ne : ∀ k ∈ Ico 1 p, ↑k ≠ 0
k : ℕ
hk : k ∈ Ico 1 p
⊢ (↑k ^ 2)⁻¹ = ↑k ^ (2 * (p - 2))
error: Proofs/WolstenholmeTheoremOQ02OQ02.lean:186:4: Tactic `apply` failed: could not unify the conclusion of `sum_nbij' (fun x x_1 => x.val) ?m.350`
  ∑ x ∈ ?m.328, ?m.330 x = ∑ x ∈ ?m.329, ?m.331 x
with the goal
  ∑ x, ↑x ^ (2 * (p - 2)) = ∑ k ∈ Ico 1 p, ↑k ^ (2 * (p - 2))

Note: The full type of `sum_nbij' (fun x x_1 => x.val) ?m.350` is
  (∀ a ∈ ?m.328, (fun x => a.val) ∈ ?m.329) →
    (∀ a ∈ ?m.329, ?m.350 a ∈ ?m.328) →
      (∀ a ∈ ?m.328, (?m.350 fun x => a.val) = a) →
        (∀ a ∈ ?m.329, (fun x => ZMod.val (?m.350 a)) = a) →
          (∀ a ∈ ?m.328, ?m.330 a = ?m.331 fun x => a.val) → ∑ x ∈ ?m.328, ?m.330 x = ∑ x ∈ ?m.329, ?m.331 x

p : ℕ
hp : Fact (Nat.Prime p)
hp' : Nat.Prime p
h5 : 5 ≤ p
h_eq : ∑ k ∈ Ico 1 p, ↑(p.choose k / p) ^ 2 = ∑ k ∈ Ico 1 p, (↑k)⁻¹ ^ 2
h_ne : ∀ k ∈ Ico 1 p, ↑k ≠ 0
h_fermat : ∑ k ∈ Ico 1 p, (↑k)⁻¹ ^ 2 = ∑ k ∈ Ico 1 p, ↑k ^ (2 * (p - 2))
⊢ ∑ x, ↑x ^ (2 * (p - 2)) = ∑ k ∈ Ico 1 p, ↑k ^ (2 * (p - 2))
error: Proofs/WolstenholmeTheoremOQ02OQ02.lean:194:6: stuck at solving universe constraint
  ?u.182 + 1 =?= max 1 ?u.185
while trying to unify
  ZMod p → ?m.336 → ℕ : Sort (max 1 ?u.185)
with
  ZMod p → ?m.336 → ℕ : Sort (max 1 ?u.185)
error: Proofs/WolstenholmeTheoremOQ02OQ02.lean:152:61: stuck at solving universe constraint
  ?u.182 + 1 =?= max 1 ?u.185
while trying to unify
  ZMod p → ?m.336 → ℕ : Sort (max 1 ?u.185)
with
  ZMod p → ?m.336 → ℕ : Sort (max 1 ?u.185)
error: Lean exited with code 1
⚠ [8664/8678] Built Proofs.Erdos848ProblemOQ01 (12s)
warning: Proofs/Erdos848ProblemOQ01.lean:87:31: `push_neg` has been deprecated. Prefer using `push Not` instead.
If you'd rather continue using `push_neg` in your project, you can implement it as follows:
```
open Lean.Parser.Tactic in
macro "push_neg" cfg:optConfig loc:(location)? : tactic =>
  `(tactic| push $cfg:optConfig Not $[$loc]?)
```
warning: Proofs/Erdos848ProblemOQ01.lean:110:4: `push_neg` has been deprecated. Prefer using `push Not` instead.
If you'd rather continue using `push_neg` in your project, you can implement it as follows:
```
open Lean.Parser.Tactic in
macro "push_neg" cfg:optConfig loc:(location)? : tactic =>
  `(tactic| push $cfg:optConfig Not $[$loc]?)
```
warning: Proofs/Erdos848ProblemOQ01.lean:133:40: Variable name `hN` is not explicitly referenced.

The binding can be removed (if unused) or named `_` (if used implicitly).

Note: This linter can be disabled with `set_option linter.unusedVariables false`
✖ [8665/8678] Building Proofs.Erdos488Problem (22s)
trace: .> LEAN_PATH=/workspace/proofs/.lake/packages/Cli/.lake/build/lib/lean:/workspace/proofs/.lake/packages/batteries/.lake/build/lib/lean:/workspace/proofs/.lake/packages/Qq/.lake/build/lib/lean:/workspace/proofs/.lake/packages/aesop/.lake/build/lib/lean:/workspace/proofs/.lake/packages/proofwidgets/.lake/build/lib/lean:/workspace/proofs/.lake/packages/importGraph/.lake/build/lib/lean:/workspace/proofs/.lake/packages/LeanSearchClient/.lake/build/lib/lean:/workspace/proofs/.lake/packages/plausible/.lake/build/lib/lean:/workspace/proofs/.lake/packages/mathlib/.lake/build/lib/lean:/workspace/proofs/.lake/build/lib/lean /root/.elan/toolchains/leanprover--lean4---v4.31.0/bin/lean /workspace/proofs/Proofs/Erdos488Problem.lean -o /workspace/proofs/.lake/build/lib/lean/Proofs/Erdos488Problem.olean -i /workspace/proofs/.lake/build/lib/lean/Proofs/Erdos488Problem.ilean -c /workspace/proofs/.lake/build/ir/Proofs/Erdos488Problem.c --setup /workspace/proofs/.lake/build/ir/Proofs/Erdos488Problem.setup.json --json
error: Proofs/Erdos488Problem.lean:208:10: Unknown constant `Finset.card_insert_of_not_mem`
error: Proofs/Erdos488Problem.lean:219:4: omega could not prove the goal:
a possible counterexample may satisfy the constraints
  b ≥ 0
  a ≥ 0
  a - b ≥ 1
where
 a := ↑(multiplesCount A (A.lcm id))
 b := ↑(multiplesCount A (0 + A.lcm id))
warning: Proofs/Erdos488Problem.lean:218:35: This simp argument is unused:
  Finset.Icc_eq_empty (by omega : ¬(1 ≤ 0))

Hint: Omit it from the simp argument list.
  simp ̵[̵F̵i̵n̵s̵e̵t̵.̵I̵c̵c̵_̵e̵q̵_̵e̵m̵p̵t̵y̵ ̵(̵b̵y̵ ̵o̵m̵e̵g̵a̵ ̵:̵ ̵¬̵(̵1̵ ̵≤̵ ̵0̵)̵)̵]̵

Note: This linter can be disabled with `set_option linter.unusedSimpArgs false`
error: Proofs/Erdos488Problem.lean:234:37: Type mismatch
  Eq.symm (Nat.div_add_mod N P)
has type
  N = P * (N / P) + N % P
but is expected to have type
  N = N / P * P + N % P
error: Proofs/Erdos488Problem.lean:246:22: Unknown constant `Finset.card_Icc`
error: Proofs/Erdos488Problem.lean:246:40: No goals to be solved
error: Proofs/Erdos488Problem.lean:265:53: don't know how to synthesize placeholder
context:
A : Finset ℕ
hA : ∀ a ∈ A, 1 ≤ a
hAne : A.Nonempty
P : ℕ := A.lcm id
hP_def : P = A.lcm id
c : ℕ := multiplesCount A P
hc_def : c = multiplesCount A P
hP_pos : 0 < P
hP_ne : ↑P ≠ 0
⊢ 0 < c
error: Proofs/Erdos488Problem.lean:265:19: unsolved goals
A : Finset ℕ
hA : ∀ a ∈ A, 1 ≤ a
hAne : A.Nonempty
P : ℕ := A.lcm id
hP_def : P = A.lcm id
c : ℕ := multiplesCount A P
hc_def : c = multiplesCount A P
hP_pos : 0 < P
hP_ne : ↑P ≠ 0
⊢ 0 < ↑c
error: Proofs/Erdos488Problem.lean:267:4: No goals to be solved
error: Proofs/Erdos488Problem.lean:288:42: linarith failed to find a contradiction
case h1
A : Finset ℕ
hA : ∀ a ∈ A, 1 ≤ a
hAne : A.Nonempty
P : ℕ := A.lcm id
hP_def : P = A.lcm id
c : ℕ := multiplesCount A P
hc_def : c = multiplesCount A P
hP_pos : 0 < P
hP_ne : ↑P ≠ 0
ε : ℚ
hε : 0 < ε
N₀ : ℕ
hN₀ : ↑P / ε < ↑N₀
N : ℕ
hN : max N₀ 1 ≤ N
hN_pos : 0 < N
hN_ne : ↑N ≠ 0
q : ℕ := N / P
r : ℕ := N % P
d : ℕ := multiplesCount A r
hdecomp : multiplesCount A N = q * multiplesCount A (A.lcm id) + d
hr_lt : r < P
this : N = P * (N / P) + N % P
a✝ : N < q * P + r
⊢ False
failed
error: Proofs/Erdos488Problem.lean:305:6: No goals to be solved
error: Lean exited with code 1
✖ [8666/8678] Building Proofs.DescartesRuleOfSignsOQ04 (37s)
trace: .> LEAN_PATH=/workspace/proofs/.lake/packages/Cli/.lake/build/lib/lean:/workspace/proofs/.lake/packages/batteries/.lake/build/lib/lean:/workspace/proofs/.lake/packages/Qq/.lake/build/lib/lean:/workspace/proofs/.lake/packages/aesop/.lake/build/lib/lean:/workspace/proofs/.lake/packages/proofwidgets/.lake/build/lib/lean:/workspace/proofs/.lake/packages/importGraph/.lake/build/lib/lean:/workspace/proofs/.lake/packages/LeanSearchClient/.lake/build/lib/lean:/workspace/proofs/.lake/packages/plausible/.lake/build/lib/lean:/workspace/proofs/.lake/packages/mathlib/.lake/build/lib/lean:/workspace/proofs/.lake/build/lib/lean /root/.elan/toolchains/leanprover--lean4---v4.31.0/bin/lean /workspace/proofs/Proofs/DescartesRuleOfSignsOQ04.lean -o /workspace/proofs/.lake/build/lib/lean/Proofs/DescartesRuleOfSignsOQ04.olean -i /workspace/proofs/.lake/build/lib/lean/Proofs/DescartesRuleOfSignsOQ04.ilean -c /workspace/proofs/.lake/build/ir/Proofs/DescartesRuleOfSignsOQ04.c --setup /workspace/proofs/.lake/build/ir/Proofs/DescartesRuleOfSignsOQ04.setup.json --json
warning: Proofs/DescartesRuleOfSignsOQ04.lean:1:0: 'Mathlib.Algebra.Polynomial.Degree.Definitions' has been deprecated: please replace this import by

import Mathlib.Algebra.Polynomial.Degree.Defs
error: Proofs/DescartesRuleOfSignsOQ04.lean:79:6: Tactic `rewrite` failed: Did not find an occurrence of the pattern
  (?m.34 * ?m.35).leadingCoeff
in the target expression
  ((X - C r) * q).leadingCoeff = q.leadingCoeff

r : ℝ
q : ℝ[X]
hq : q ≠ 0
⊢ ((X - C r) * q).leadingCoeff = q.leadingCoeff
error: Proofs/DescartesRuleOfSignsOQ04.lean:84:51: unsolved goals
r : ℝ
q : ℝ[X]
hq : q ≠ 0
⊢ 1 + q.natDegree = q.natDegree + 1
error: Proofs/DescartesRuleOfSignsOQ04.lean:109:29: Unknown constant `Multiset.countP_singleton`
warning: Proofs/DescartesRuleOfSignsOQ04.lean:109:8: This simp argument is unused:
  Multiset.countP_add

Hint: Omit it from the simp argument list.
  simp [̵M̵u̵l̵t̵i̵s̵e̵t̵.̵c̵o̵u̵n̵t̵P̵_̵a̵d̵d̵,̵ ̵M̵u̵l̵t̵i̵s̵e̵t̵.̵c̵o̵u̵n̵t̵P̵_̵s̵i̵n̵g̵l̵e̵t̵o̵n̵,̵[̲M̲u̲l̲t̲i̲s̲e̲t̲.̲c̲o̲u̲n̲t̲P̲_̲s̲i̲n̲g̲l̲e̲t̲o̲n̲,̲ hr]

Note: This linter can be disabled with `set_option linter.unusedSimpArgs false`
error: Proofs/DescartesRuleOfSignsOQ04.lean:114:2: Unknown constant `Polynomial.signVariations_X_mul`
error: Proofs/DescartesRuleOfSignsOQ04.lean:143:2: Type mismatch
  eraseLead_coeff_of_ne ?m.22
has type
  ?m.22 ≠ natDegree ?m.21 → (eraseLead ?m.21).coeff ?m.22 = coeff ?m.21 ?m.22
but is expected to have type
  p.eraseLead.coeff 0 = p.coeff 0
error: Proofs/DescartesRuleOfSignsOQ04.lean:143:28: omega could not prove the goal:
a possible counterexample may satisfy the constraints
  a ≥ 1
where
 a := ↑p.natDegree
error: Proofs/DescartesRuleOfSignsOQ04.lean:170:9: Tactic `rewrite` failed: Did not find an occurrence of the pattern
  Finset.card ?m.127 = 0
in the target expression
  q.support.card ≤ 0

case zero
p : ℝ[X]
hp : p ≠ 0
hc0 : p.coeff 0 ≠ 0
q : ℝ[X]
hqn : q.support.card ≤ 0
hq : q ≠ 0
a✝ : q.coeff 0 ≠ 0
⊢ q = 0
error: Proofs/DescartesRuleOfSignsOQ04.lean:177:44: Type mismatch
  signVariations_C_const q.leadingCoeff
has type
  (C q.leadingCoeff).signVariations = 0
but is expected to have type
  (C (q.coeff 0)).signVariations = 0
error: Proofs/DescartesRuleOfSignsOQ04.lean:187:6: `simp` made no progress
error: Proofs/DescartesRuleOfSignsOQ04.lean:233:4: Type mismatch
  mul_self_pos.mpr (leadingCoeff_ne_zero.mpr hp)
has type
  0 < p.leadingCoeff * p.leadingCoeff
but is expected to have type
  0 < p.coeff 0 * (C (p.coeff 0)).leadingCoeff
error: Proofs/DescartesRuleOfSignsOQ04.lean:241:37: linarith failed to find a contradiction
p : ℝ[X]
hp : p ≠ 0
d : ℕ := p.natDegree
hd_pos : d > 0
c : ℝ := p.leadingCoeff
hc_ne : c ≠ 0
hc_pos : 0 < |c|
S : ℝ := ∑ i ∈ Finset.range d, |p.coeff i|
R : ℝ := max 2 (S / |c| + 2)
hR_def : R = max 2 (S / |c| + 2)
hR_pos : 0 < R
a✝ : R < 1
⊢ False
failed
error: Proofs/DescartesRuleOfSignsOQ04.lean:248:10: Tactic `rewrite` failed: Did not find an occurrence of the pattern
  ?a ^ ?n * ?a
in the target expression
  R ^ d = R * R ^ (d - 1)

p : ℝ[X]
hp : p ≠ 0
d : ℕ := p.natDegree
hd_pos : d > 0
c : ℝ := p.leadingCoeff
hc_ne : c ≠ 0
hc_pos : 0 < |c|
S : ℝ := ∑ i ∈ Finset.range d, |p.coeff i|
R : ℝ := max 2 (S / |c| + 2)
hR_def : R = max 2 (S / |c| + 2)
hR_pos : 0 < R
hR_ge_1 : 1 ≤ R
hdom : S < |c| * R
hbound :
  |∑ i ∈ Finset.range p.natDegree, p.coeff i * R ^ i| ≤
    R ^ (p.natDegree - 1) * ∑ i ∈ Finset.range p.natDegree, |p.coeff i|
⊢ R ^ d = R * R ^ (d - 1)
warning: Proofs/DescartesRuleOfSignsOQ04.lean:254:46: Possibly looping simp theorem: `leadingCoeff.eq_1`

Note: Possibly caused by: `coeff_natDegree` and `leadingCoeff`

Hint: You can disable a simp theorem from the default simp set by passing `- theoremName` to `simp`.
error: Proofs/DescartesRuleOfSignsOQ04.lean:254:37: Tactic `simp` failed with a nested error:
maximum recursion depth has been reached
use `set_option maxRecDepth <num>` to increase limit
use `set_option diagnostics true` to get diagnostic information
error: Proofs/DescartesRuleOfSignsOQ04.lean:283:40: Function expected at
  eval_zero
but this term has type
  eval ?m.80 0 = 0

Note: Expected a function because this term is being applied to the argument
  p
error: Proofs/DescartesRuleOfSignsOQ04.lean:345:8: Unknown constant `SignType.sign_neg`
error: Proofs/DescartesRuleOfSignsOQ04.lean:347:8: Unknown constant `SignType.sign_pos`
error: Proofs/DescartesRuleOfSignsOQ04.lean:365:43: Type mismatch
  signVariations_C_const q.leadingCoeff
has type
  (C q.leadingCoeff).signVariations = 0
but is expected to have type
  (C (q.coeff 0)).signVariations = 0
error: Proofs/DescartesRuleOfSignsOQ04.lean:384:53: unsolved goals
p : ℝ[X]
hp : p ≠ 0
hc0 : p.coeff 0 ≠ 0
n : ℕ
ih :
  ∀ (q : ℝ[X]),
    q.natDegree ≤ n → q ≠ 0 → q.coeff 0 ≠ 0 → ∃ k, Multiset.countP (fun x => 0 < x) q.roots + 2 * k = q.signVariations
q : ℝ[X]
hqn : q.natDegree ≤ n + 1
hq : q ≠ 0
hqc0 : q.coeff 0 ≠ 0
hpos : ¬Multiset.countP (fun x => 0 < x) q.roots = 0
hpos' : 0 < Multiset.countP (fun x => 0 < x) q.roots
r : ℝ
hr_mem : r ∈ q.roots
hr_pos : 0 < r
hr_root : q.IsRoot r
s : ℝ[X]
hqs : q = (X - C r) * s
hs : s ≠ 0
⊢ 1 + s.natDegree = s.natDegree + 1
error: Proofs/DescartesRuleOfSignsOQ04.lean:411:83: unsolved goals
case zero.neg
p : ℝ[X]
n : ℕ
q : ℝ[X]
r : ℝ
s : ℝ[X]
j : ℕ
hp : ¬p = 0
hc0 : ¬p.coeff 0 = 0
ih :
  ∀ (q : ℝ[X]),
    q.natDegree ≤ n → ¬q = 0 → ¬q.coeff 0 = 0 → ∃ k, Multiset.countP (fun x => 0 < x) q.roots + 2 * k = q.signVariations
hq : ¬X - C r = 0
hqc0 : ¬r = 0
hr_pos : 0 < r
hqs : q = (X - C r) * s
hs : ¬s = 0
hdeg_q : ((X - C r) * s).natDegree = s.natDegree + 1
hdeg : s.natDegree ≤ n
hsc0 : ¬s.coeff 0 = 0
hj : Multiset.countP (fun x => 0 < x) s.roots + 2 * j = s.signVariations
hcount : Multiset.countP (fun x => 0 < x) ((X - C r) * s).roots = Multiset.countP (fun x => 0 < x) s.roots + 1
hsv_bound : s.signVariations < ((X - C r) * s).signVariations
hcoeff_sign : ¬SignType.sign (-(r * s.coeff 0)) = SignType.sign (s.coeff 0)
hsv_q :
  ((X - C r) * s).signVariations % 2 = if SignType.sign (-(r * s.coeff 0)) = SignType.sign s.leadingCoeff then 0 else 1
hsv_s : s.signVariations % 2 = if SignType.sign (s.coeff 0) = SignType.sign s.leadingCoeff then 0 else 1
⊢ SignType.sign (-(r * s.coeff 0)) = -1

case zero.pos
p : ℝ[X]
n : ℕ
q : ℝ[X]
r : ℝ
s : ℝ[X]
j : ℕ
hp : ¬p = 0
hc0 : ¬p.coeff 0 = 0
ih :
  ∀ (q : ℝ[X]),
    q.natDegree ≤ n → ¬q = 0 → ¬q.coeff 0 = 0 → ∃ k, Multiset.countP (fun x => 0 < x) q.roots + 2 * k = q.signVariations
hq : ¬X - C r = 0
hqc0 : ¬r = 0
hr_pos : 0 < r
hqs : q = (X - C r) * s
hs : ¬s = 0
hdeg_q : ((X - C r) * s).natDegree = s.natDegree + 1
hdeg : s.natDegree ≤ n
hsc0 : ¬s.coeff 0 = 0
hj : Multiset.countP (fun x => 0 < x) s.roots + 2 * j = s.signVariations
hcount : Multiset.countP (fun x => 0 < x) ((X - C r) * s).roots = Multiset.countP (fun x => 0 < x) s.roots + 1
hsv_bound : s.signVariations < ((X - C r) * s).signVariations
hcoeff_sign : ¬SignType.sign (-(r * s.coeff 0)) = SignType.sign (s.coeff 0)
hsv_q :
  ((X - C r) * s).signVariations % 2 = if SignType.sign (-(r * s.coeff 0)) = SignType.sign s.leadingCoeff then 0 else 1
hsv_s : s.signVariations % 2 = if SignType.sign (s.coeff 0) = SignType.sign s.leadingCoeff then 0 else 1
⊢ SignType.sign (-(r * s.coeff 0)) = 1

case neg.zero
p : ℝ[X]
n : ℕ
q : ℝ[X]
r : ℝ
s : ℝ[X]
j : ℕ
hp : ¬p = 0
hc0 : ¬p.coeff 0 = 0
ih :
  ∀ (q : ℝ[X]),
    q.natDegree ≤ n → ¬q = 0 → ¬q.coeff 0 = 0 → ∃ k, Multiset.countP (fun x => 0 < x) q.roots + 2 * k = q.signVariations
hq : ¬X - C r = 0
hqc0 : ¬r = 0
hr_pos : 0 < r
hqs : q = (X - C r) * s
hs : ¬s = 0
hdeg_q : ((X - C r) * s).natDegree = s.natDegree + 1
hdeg : s.natDegree ≤ n
hsc0 : ¬s.coeff 0 = 0
hj : Multiset.countP (fun x => 0 < x) s.roots + 2 * j = s.signVariations
hcount : Multiset.countP (fun x => 0 < x) ((X - C r) * s).roots = Multiset.countP (fun x => 0 < x) s.roots + 1
hsv_bound : s.signVariations < ((X - C r) * s).signVariations
hcoeff_sign : ¬SignType.sign (-(r * s.coeff 0)) = SignType.sign (s.coeff 0)
hsv_q :
  ((X - C r) * s).signVariations % 2 = if SignType.sign (-(r * s.coeff 0)) = SignType.sign s.leadingCoeff then 0 else 1
hsv_s : s.signVariations % 2 = if SignType.sign (s.coeff 0) = SignType.sign s.leadingCoeff then 0 else 1
⊢ False

case neg.neg
p : ℝ[X]
n : ℕ
q : ℝ[X]
r : ℝ
s : ℝ[X]
j : ℕ
hp : ¬p = 0
hc0 : ¬p.coeff 0 = 0
ih :
  ∀ (q : ℝ[X]),
    q.natDegree ≤ n → ¬q = 0 → ¬q.coeff 0 = 0 → ∃ k, Multiset.countP (fun x => 0 < x) q.roots + 2 * k = q.signVariations
hq : ¬X - C r = 0
hqc0 : ¬r = 0
hr_pos : 0 < r
hqs : q = (X - C r) * s
hs : ¬s = 0
hdeg_q : ((X - C r) * s).natDegree = s.natDegree + 1
hdeg : s.natDegree ≤ n
hsc0 : ¬s.coeff 0 = 0
hj : Multiset.countP (fun x => 0 < x) s.roots + 2 * j = s.signVariations
hcount : Multiset.countP (fun x => 0 < x) ((X - C r) * s).roots = Multiset.countP (fun x => 0 < x) s.roots + 1
hsv_bound : s.signVariations < ((X - C r) * s).signVariations
hcoeff_sign : ¬SignType.sign (-(r * s.coeff 0)) = SignType.sign (s.coeff 0)
hsv_q :
  ((X - C r) * s).signVariations % 2 = if SignType.sign (-(r * s.coeff 0)) = SignType.sign s.leadingCoeff then 0 else 1
hsv_s : s.signVariations % 2 = if SignType.sign (s.coeff 0) = SignType.sign s.leadingCoeff then 0 else 1
⊢ ¬SignType.sign (-(r * s.coeff 0)) = -1

case neg.pos
p : ℝ[X]
n : ℕ
q : ℝ[X]
r : ℝ
s : ℝ[X]
j : ℕ
hp : ¬p = 0
hc0 : ¬p.coeff 0 = 0
ih :
  ∀ (q : ℝ[X]),
    q.natDegree ≤ n → ¬q = 0 → ¬q.coeff 0 = 0 → ∃ k, Multiset.countP (fun x => 0 < x) q.roots + 2 * k = q.signVariations
hq : ¬X - C r = 0
hqc0 : ¬r = 0
hr_pos : 0 < r
hqs : q = (X - C r) * s
hs : ¬s = 0
hdeg_q : ((X - C r) * s).natDegree = s.natDegree + 1
hdeg : s.natDegree ≤ n
hsc0 : ¬s.coeff 0 = 0
hj : Multiset.countP (fun x => 0 < x) s.roots + 2 * j = s.signVariations
hcount : Multiset.countP (fun x => 0 < x) ((X - C r) * s).roots = Multiset.countP (fun x => 0 < x) s.roots + 1
hsv_bound : s.signVariations < ((X - C r) * s).signVariations
hcoeff_sign : ¬SignType.sign (-(r * s.coeff 0)) = SignType.sign (s.coeff 0)
hsv_q :
  ((X - C r) * s).signVariations % 2 = if SignType.sign (-(r * s.coeff 0)) = SignType.sign s.leadingCoeff then 0 else 1
hsv_s : s.signVariations % 2 = if SignType.sign (s.coeff 0) = SignType.sign s.leadingCoeff then 0 else 1
⊢ SignType.sign (-(r * s.coeff 0)) = 1

case pos.zero
p : ℝ[X]
n : ℕ
q : ℝ[X]
r : ℝ
s : ℝ[X]
j : ℕ
hp : ¬p = 0
hc0 : ¬p.coeff 0 = 0
ih :
  ∀ (q : ℝ[X]),
    q.natDegree ≤ n → ¬q = 0 → ¬q.coeff 0 = 0 → ∃ k, Multiset.countP (fun x => 0 < x) q.roots + 2 * k = q.signVariations
hq : ¬X - C r = 0
hqc0 : ¬r = 0
hr_pos : 0 < r
hqs : q = (X - C r) * s
hs : ¬s = 0
hdeg_q : ((X - C r) * s).natDegree = s.natDegree + 1
hdeg : s.natDegree ≤ n
hsc0 : ¬s.coeff 0 = 0
hj : Multiset.countP (fun x => 0 < x) s.roots + 2 * j = s.signVariations
hcount : Multiset.countP (fun x => 0 < x) ((X - C r) * s).roots = Multiset.countP (fun x => 0 < x) s.roots + 1
hsv_bound : s.signVariations < ((X - C r) * s).signVariations
hcoeff_sign : ¬SignType.sign (-(r * s.coeff 0)) = SignType.sign (s.coeff 0)
hsv_q :
  ((X - C r) * s).signVariations % 2 = if SignType.sign (-(r * s.coeff 0)) = SignType.sign s.leadingCoeff then 0 else 1
hsv_s : s.signVariations % 2 = if SignType.sign (s.coeff 0) = SignType.sign s.leadingCoeff then 0 else 1
⊢ False

case pos.neg
p : ℝ[X]
n : ℕ
q : ℝ[X]
r : ℝ
s : ℝ[X]
j : ℕ
hp : ¬p = 0
hc0 : ¬p.coeff 0 = 0
ih :
  ∀ (q : ℝ[X]),
    q.natDegree ≤ n → ¬q = 0 → ¬q.coeff 0 = 0 → ∃ k, Multiset.countP (fun x => 0 < x) q.roots + 2 * k = q.signVariations
hq : ¬X - C r = 0
hqc0 : ¬r = 0
hr_pos : 0 < r
hqs : q = (X - C r) * s
hs : ¬s = 0
hdeg_q : ((X - C r) * s).natDegree = s.natDegree + 1
hdeg : s.natDegree ≤ n
hsc0 : ¬s.coeff 0 = 0
hj : Multiset.countP (fun x => 0 < x) s.roots + 2 * j = s.signVariations
hcount : Multiset.countP (fun x => 0 < x) ((X - C r) * s).roots = Multiset.countP (fun x => 0 < x) s.roots + 1
hsv_bound : s.signVariations < ((X - C r) * s).signVariations
hcoeff_sign : ¬SignType.sign (-(r * s.coeff 0)) = SignType.sign (s.coeff 0)
hsv_q :
  ((X - C r) * s).signVariations % 2 = if SignType.sign (-(r * s.coeff 0)) = SignType.sign s.leadingCoeff then 0 else 1
hsv_s : s.signVariations % 2 = if SignType.sign (s.coeff 0) = SignType.sign s.leadingCoeff then 0 else 1
⊢ SignType.sign (-(r * s.coeff 0)) = -1

case pos.pos
p : ℝ[X]
n : ℕ
q : ℝ[X]
r : ℝ
s : ℝ[X]
j : ℕ
hp : ¬p = 0
hc0 : ¬p.coeff 0 = 0
ih :
  ∀ (q : ℝ[X]),
    q.natDegree ≤ n → ¬q = 0 → ¬q.coeff 0 = 0 → ∃ k, Multiset.countP (fun x => 0 < x) q.roots + 2 * k = q.signVariations
hq : ¬X - C r = 0
hqc0 : ¬r = 0
hr_pos : 0 < r
hqs : q = (X - C r) * s
hs : ¬s = 0
hdeg_q : ((X - C r) * s).natDegree = s.natDegree + 1
hdeg : s.natDegree ≤ n
hsc0 : ¬s.coeff 0 = 0
hj : Multiset.countP (fun x => 0 < x) s.roots + 2 * j = s.signVariations
hcount : Multiset.countP (fun x => 0 < x) ((X - C r) * s).roots = Multiset.countP (fun x => 0 < x) s.roots + 1
hsv_bound : s.signVariations < ((X - C r) * s).signVariations
hcoeff_sign : ¬SignType.sign (-(r * s.coeff 0)) = SignType.sign (s.coeff 0)
hsv_q :
  ((X - C r) * s).signVariations % 2 = if SignType.sign (-(r * s.coeff 0)) = SignType.sign s.leadingCoeff then 0 else 1
hsv_s : s.signVariations % 2 = if SignType.sign (s.coeff 0) = SignType.sign s.leadingCoeff then 0 else 1
⊢ ¬SignType.sign (-(r * s.coeff 0)) = 1
error: Proofs/DescartesRuleOfSignsOQ04.lean:417:18: Tactic `rewrite` failed: Did not find an occurrence of the pattern
  (?a + ?b) % ?n
in the target expression
  ∃ k, Multiset.countP (fun x => 0 < x) s.roots + 1 + 2 * k = q.signVariations

case neg
p : ℝ[X]
hp : p ≠ 0
hc0 : p.coeff 0 ≠ 0
n : ℕ
ih :
  ∀ (q : ℝ[X]),
    q.natDegree ≤ n → q ≠ 0 → q.coeff 0 ≠ 0 → ∃ k, Multiset.countP (fun x => 0 < x) q.roots + 2 * k = q.signVariations
q : ℝ[X]
hqn : q.natDegree ≤ n + 1
hq : q ≠ 0
hqc0 : q.coeff 0 ≠ 0
hpos : ¬Multiset.countP (fun x => 0 < x) q.roots = 0
hpos' : 0 < Multiset.countP (fun x => 0 < x) q.roots
r : ℝ
hr_mem : r ∈ q.roots
hr_pos : 0 < r
hr_root : q.IsRoot r
s : ℝ[X]
hqs : q = (X - C r) * s
hs : s ≠ 0
hdeg_q : q.natDegree = s.natDegree + 1
hdeg : s.natDegree ≤ n
hsc0 : s.coeff 0 ≠ 0
j : ℕ
hj : Multiset.countP (fun x => 0 < x) s.roots + 2 * j = s.signVariations
hcount : Multiset.countP (fun x => 0 < x) q.roots = Multiset.countP (fun x => 0 < x) s.roots + 1
hsv_bound : s.signVariations + 1 ≤ q.signVariations
hlc : q.leadingCoeff = s.leadingCoeff
hcoeff_sign : SignType.sign (q.coeff 0) ≠ SignType.sign (s.coeff 0)
hsv_q : q.signVariations % 2 = if SignType.sign (q.coeff 0) = SignType.sign s.leadingCoeff then 0 else 1
hsv_s : s.signVariations % 2 = if SignType.sign (s.coeff 0) = SignType.sign s.leadingCoeff then 0 else 1
hsv_par_flip : q.signVariations % 2 = (s.signVariations % 2 + 1) % 2
⊢ ∃ k, Multiset.countP (fun x => 0 < x) s.roots + 1 + 2 * k = q.signVariations
error: Proofs/DescartesRuleOfSignsOQ04.lean:437:14: `simp` made no progress
error: Proofs/DescartesRuleOfSignsOQ04.lean:439:10: Tactic `rewrite` failed: Did not find an occurrence of the pattern
  ?a ^ (?n + 1)
in the target expression
  (X ^ rootMultiplicity 0 p * h).signVariations = h.signVariations

case succ
p : ℝ[X]
hp : p ≠ 0
m✝ : ℕ := rootMultiplicity 0 p
h : ℝ[X]
hndvd : ¬X - C 0 ∣ h
hph : p = X ^ rootMultiplicity 0 p * h
hh : h ≠ 0
hhc0 : h.coeff 0 ≠ 0
m : ℕ
ihm : (X ^ rootMultiplicity 0 p * h).signVariations = h.signVariations
⊢ (X ^ rootMultiplicity 0 p * h).signVariations = h.signVariations
error: Proofs/DescartesRuleOfSignsOQ04.lean:445:14: `simp` made no progress
error: Proofs/DescartesRuleOfSignsOQ04.lean:447:10: Tactic `rewrite` failed: Did not find an occurrence of the pattern
  ?a ^ (?n + 1)
in the target expression
  Multiset.countP (fun x => 0 < x) (X ^ rootMultiplicity 0 p * h).roots = Multiset.countP (fun x => 0 < x) h.roots

case succ
p : ℝ[X]
hp : p ≠ 0
m✝ : ℕ := rootMultiplicity 0 p
h : ℝ[X]
hndvd : ¬X - C 0 ∣ h
hph : p = X ^ rootMultiplicity 0 p * h
hh : h ≠ 0
hhc0 : h.coeff 0 ≠ 0
hsv : p.signVariations = h.signVariations
m : ℕ
ihm : Multiset.countP (fun x => 0 < x) (X ^ rootMultiplicity 0 p * h).roots = Multiset.countP (fun x => 0 < x) h.roots
⊢ Multiset.countP (fun x => 0 < x) (X ^ rootMultiplicity 0 p * h).roots = Multiset.countP (fun x => 0 < x) h.roots
warning: Proofs/DescartesRuleOfSignsOQ04.lean:467:48: Variable name `hp` is not explicitly referenced.

The binding can be removed (if unused) or named `_` (if used implicitly).

Note: This linter can be disabled with `set_option linter.unusedVariables false`
error: Lean exited with code 1
✖ [8667/8678] Building Proofs.FriendshipTheoremOQ01 (37s)
trace: .> LEAN_PATH=/workspace/proofs/.lake/packages/Cli/.lake/build/lib/lean:/workspace/proofs/.lake/packages/batteries/.lake/build/lib/lean:/workspace/proofs/.lake/packages/Qq/.lake/build/lib/lean:/workspace/proofs/.lake/packages/aesop/.lake/build/lib/lean:/workspace/proofs/.lake/packages/proofwidgets/.lake/build/lib/lean:/workspace/proofs/.lake/packages/importGraph/.lake/build/lib/lean:/workspace/proofs/.lake/packages/LeanSearchClient/.lake/build/lib/lean:/workspace/proofs/.lake/packages/plausible/.lake/build/lib/lean:/workspace/proofs/.lake/packages/mathlib/.lake/build/lib/lean:/workspace/proofs/.lake/build/lib/lean /root/.elan/toolchains/leanprover--lean4---v4.31.0/bin/lean /workspace/proofs/Proofs/FriendshipTheoremOQ01.lean -o /workspace/proofs/.lake/build/lib/lean/Proofs/FriendshipTheoremOQ01.olean -i /workspace/proofs/.lake/build/lib/lean/Proofs/FriendshipTheoremOQ01.ilean -c /workspace/proofs/.lake/build/ir/Proofs/FriendshipTheoremOQ01.c --setup /workspace/proofs/.lake/build/ir/Proofs/FriendshipTheoremOQ01.setup.json --json
error: Proofs/FriendshipTheoremOQ01.lean:106:8: Function expected at
  G.loopless
but this term has type
  Std.Irrefl G.Adj

Note: Expected a function because this term is being applied to the argument
  u
error: Proofs/FriendshipTheoremOQ01.lean:114:8: Function expected at
  G.loopless
but this term has type
  Std.Irrefl G.Adj

Note: Expected a function because this term is being applied to the argument
  v
warning: Proofs/FriendshipTheoremOQ01.lean:152:19: Variable name `huw` is not explicitly referenced.

The binding can be removed (if unused) or named `_` (if used implicitly).

Note: This linter can be disabled with `set_option linter.unusedVariables false`
warning: Proofs/FriendshipTheoremOQ01.lean:152:33: Variable name `hvw` is not explicitly referenced.

The binding can be removed (if unused) or named `_` (if used implicitly).

Note: This linter can be disabled with `set_option linter.unusedVariables false`
warning: Proofs/FriendshipTheoremOQ01.lean:153:5: Variable name `hadj_uv` is not explicitly referenced.

The binding can be removed (if unused) or named `_` (if used implicitly).

Note: This linter can be disabled with `set_option linter.unusedVariables false`
warning: Proofs/FriendshipTheoremOQ01.lean:315:19: `push_neg` has been deprecated. Prefer using `push Not` instead.
If you'd rather continue using `push_neg` in your project, you can implement it as follows:
```
open Lean.Parser.Tactic in
macro "push_neg" cfg:optConfig loc:(location)? : tactic =>
  `(tactic| push $cfg:optConfig Not $[$loc]?)
```
warning: Proofs/FriendshipTheoremOQ01.lean:317:21: `push_neg` has been deprecated. Prefer using `push Not` instead.
If you'd rather continue using `push_neg` in your project, you can implement it as follows:
```
open Lean.Parser.Tactic in
macro "push_neg" cfg:optConfig loc:(location)? : tactic =>
  `(tactic| push $cfg:optConfig Not $[$loc]?)
```
warning: Proofs/FriendshipTheoremOQ01.lean:313:47: 'push_cast at hc ⊢' tactic does nothing

Note: This linter can be disabled with `set_option linter.unusedTactic false`
error: Proofs/FriendshipTheoremOQ01.lean:404:37: Function expected at
  G.loopless
but this term has type
  Std.Irrefl G.Adj

Note: Expected a function because this term is being applied to the argument
  v
warning: Proofs/FriendshipTheoremOQ01.lean:414:64: This simp argument is unused:
  SimpleGraph.loopless

Hint: Omit it from the simp argument list.
  simp [Matrix.trace, Matrix.diag, SimpleGraph.adjMatrix_apply,̵ ̵S̵i̵m̵p̵l̵e̵G̵r̵a̵p̵h̵.̵l̵o̵o̵p̵l̵e̵s̵s̵]

Note: This linter can be disabled with `set_option linter.unusedSimpArgs false`
info: Proofs/FriendshipTheoremOQ01.lean:481:0: FriendshipTheoremOQ01.ucn.{u_1} {V : Type u_1} (G : SimpleGraph V) (hF : IsFriendshipGraph G) (u v : V) (huv : u ≠ v) :
  V
info: Proofs/FriendshipTheoremOQ01.lean:482:0: FriendshipTheoremOQ01.ucn_ne_left.{u_1} {V : Type u_1} [Fintype V] [DecidableEq V] (G : SimpleGraph V)
  [DecidableRel G.Adj] (hF : IsFriendshipGraph G) (u v : V) (huv : u ≠ v) : ucn G hF u v huv ≠ u
info: Proofs/FriendshipTheoremOQ01.lean:483:0: FriendshipTheoremOQ01.friendship_separation.{u_1} {V : Type u_1} [Fintype V] [DecidableEq V] (G : SimpleGraph V)
  [DecidableRel G.Adj] (hF : IsFriendshipGraph G) (u v x : V) (hxv : x ≠ v) (hadj_uv : G.Adj u v)
  (hadj_ux : G.Adj u x) : ucn G hF x v hxv = u
info: Proofs/FriendshipTheoremOQ01.lean:484:0: FriendshipTheoremOQ01.ucn_involutive.{u_1} {V : Type u_1} [Fintype V] [DecidableEq V] (G : SimpleGraph V)
  [DecidableRel G.Adj] (hF : IsFriendshipGraph G) (u v : V) (huv : u ≠ v) (hadj : G.Adj u v) :
  ucn G hF u (ucn G hF u v huv) ⋯ = v
info: Proofs/FriendshipTheoremOQ01.lean:485:0: FriendshipTheoremOQ01.ucn_unique_in_neighborhood.{u_1} {V : Type u_1} [Fintype V] [DecidableEq V] (G : SimpleGraph V)
  [DecidableRel G.Adj] (hF : IsFriendshipGraph G) (u v w : V) (huv : u ≠ v) (huw : u ≠ w) (hvw : v ≠ w)
  (hadj_uv : G.Adj u v) (hadj_uw : G.Adj u w) (hadj_vw : G.Adj v w) : w = ucn G hF u v huv
info: Proofs/FriendshipTheoremOQ01.lean:486:0: FriendshipTheoremOQ01.common_neighbor_finset_card.{u_1} {V : Type u_1} [Fintype V] [DecidableEq V] (G : SimpleGraph V)
  [DecidableRel G.Adj] (hF : IsFriendshipGraph G) (u v : V) (huv : u ≠ v) :
  #(G.neighborFinset u ∩ G.neighborFinset v) = 1
info: Proofs/FriendshipTheoremOQ01.lean:487:0: FriendshipTheoremOQ01.counting_identity.{u_1} {V : Type u_1} [Fintype V] [DecidableEq V] (G : SimpleGraph V)
  [DecidableRel G.Adj] (hF : IsFriendshipGraph G) (u : V) :
  #(univ.erase u) = ∑ v ∈ G.neighborFinset u, #((G.neighborFinset v).erase u)
info: Proofs/FriendshipTheoremOQ01.lean:488:0: FriendshipTheoremOQ01.regular_friendship_card.{u_1} {V : Type u_1} [Fintype V] [DecidableEq V] (G : SimpleGraph V)
  [DecidableRel G.Adj] (hF : IsFriendshipGraph G) (u : V) (k : ℕ) (hreg : ∀ (v : V), G.degree v = k) (hk : k ≥ 1) :
  Fintype.card V = k * (k - 1) + 1
info: Proofs/FriendshipTheoremOQ01.lean:489:0: FriendshipTheoremOQ01.dvd_sq_add_one_imp_one (s : ℕ) (hs : s ≥ 1) (h : s ∣ s * s + 1) : s = 1
warning: Proofs/FriendshipTheoremOQ01.lean:552:28: Variable name `hF` is not explicitly referenced.

The binding can be removed (if unused) or named `_` (if used implicitly).

Note: This linter can be disabled with `set_option linter.unusedVariables false`
warning: Proofs/FriendshipTheoremOQ01.lean:593:17: `push_neg` has been deprecated. Prefer using `push Not` instead.
If you'd rather continue using `push_neg` in your project, you can implement it as follows:
```
open Lean.Parser.Tactic in
macro "push_neg" cfg:optConfig loc:(location)? : tactic =>
  `(tactic| push $cfg:optConfig Not $[$loc]?)
```
error: Proofs/FriendshipTheoremOQ01.lean:607:11: Function expected at
  G.loopless
but this term has type
  Std.Irrefl G.Adj

Note: Expected a function because this term is being applied to the argument
  v
warning: Proofs/FriendshipTheoremOQ01.lean:624:60: Variable name `hn` is not explicitly referenced.

The binding can be removed (if unused) or named `_` (if used implicitly).

Note: This linter can be disabled with `set_option linter.unusedVariables false`
warning: Proofs/FriendshipTheoremOQ01.lean:655:60: Variable name `hk` is not explicitly referenced.

The binding can be removed (if unused) or named `_` (if used implicitly).

Note: This linter can be disabled with `set_option linter.unusedVariables false`
warning: Proofs/FriendshipTheoremOQ01.lean:688:8: This simp argument is unused:
  smul_eq_mul

Hint: Omit it from the simp argument list.
  simp ̵[̵s̵m̵u̵l̵_̵e̵q̵_̵m̵u̵l̵]̵

Note: This linter can be disabled with `set_option linter.unusedSimpArgs false`
warning: Proofs/FriendshipTheoremOQ01.lean:828:17: `push_neg` has been deprecated. Prefer using `push Not` instead.
If you'd rather continue using `push_neg` in your project, you can implement it as follows:
```
open Lean.Parser.Tactic in
macro "push_neg" cfg:optConfig loc:(location)? : tactic =>
  `(tactic| push $cfg:optConfig Not $[$loc]?)
```
warning: Proofs/FriendshipTheoremOQ01.lean:821:18: This simp argument is unused:
  Matrix.smul_mulVec

Hint: Omit it from the simp argument list.
  simp [Matrix.s̵m̵u̵l̵_̵m̵u̵l̵V̵e̵c̵,̵ ̵M̵a̵t̵r̵i̵x̵.̵one_mulVec]

Note: This linter can be disabled with `set_option linter.unusedSimpArgs false`
warning: Proofs/FriendshipTheoremOQ01.lean:821:38: This simp argument is unused:
  Matrix.one_mulVec

Hint: Omit it from the simp argument list.
  simp [Matrix.smul_mulVec,̵ ̵M̵a̵t̵r̵i̵x̵.̵o̵n̵e̵_̵m̵u̵l̵V̵e̵c̵]

Note: This linter can be disabled with `set_option linter.unusedSimpArgs false`
warning: Proofs/FriendshipTheoremOQ01.lean:848:50: This simp argument is unused:
  smul_eq_mul

Hint: Omit it from the simp argument list.
  simp only [Matrix.sub_mulVec, Matrix.smul_mulVec, Matrix.one_mulVec, Pi.sub_apply,
  ̲  ̲ ̲ ̲ ̲ ̲Pi.smul_apply, P̵i̵.̵z̵e̵r̵o̵_̵a̵p̵p̵l̵y̵,̵ ̵s̵m̵u̵l̵_̵e̵q̵_̵m̵u̵l̵]̵P̲i̲.̲z̲e̲r̲o̲_̲a̲p̲p̲l̲y̲]̲

Note: This linter can be disabled with `set_option linter.unusedSimpArgs false`
warning: Proofs/FriendshipTheoremOQ01.lean:879:43: This simp argument is unused:
  Polynomial.eval_sub

Hint: Omit it from the simp argument list.
  simp_all [Matrix.diagonal, P̵o̵l̵y̵n̵o̵m̵i̵a̵l̵.̵e̵v̵a̵l̵_̵s̵u̵b̵,̵ ̵Polynomial.eval_one, Polynomial.eval_zero]

Note: This linter can be disabled with `set_option linter.unusedSimpArgs false`
error: Proofs/FriendshipTheoremOQ01.lean:978:16: Unknown constant `Matrix.smul_mulVec_assoc`
warning: Proofs/FriendshipTheoremOQ01.lean:984:17: `push_neg` has been deprecated. Prefer using `push Not` instead.
If you'd rather continue using `push_neg` in your project, you can implement it as follows:
```
open Lean.Parser.Tactic in
macro "push_neg" cfg:optConfig loc:(location)? : tactic =>
  `(tactic| push $cfg:optConfig Not $[$loc]?)
```
warning: Proofs/FriendshipTheoremOQ01.lean:978:42: This simp argument is unused:
  Matrix.one_mulVec

Hint: Omit it from the simp argument list.
  simp [Matrix.smul_mulVec_assoc,̵ ̵M̵a̵t̵r̵i̵x̵.̵o̵n̵e̵_̵m̵u̵l̵V̵e̵c̵]

Note: This linter can be disabled with `set_option linter.unusedSimpArgs false`
warning: Proofs/FriendshipTheoremOQ01.lean:1004:33: Variable name `hF` is not explicitly referenced.

The binding can be removed (if unused) or named `_` (if used implicitly).

Note: This linter can be disabled with `set_option linter.unusedVariables false`
warning: Proofs/FriendshipTheoremOQ01.lean:1004:68: Variable name `hk` is not explicitly referenced.

The binding can be removed (if unused) or named `_` (if used implicitly).

Note: This linter can be disabled with `set_option linter.unusedVariables false`
warning: Proofs/FriendshipTheoremOQ01.lean:1041:57: This simp argument is unused:
  mul_one

Hint: Omit it from the simp argument list.
  simp only [Matrix.sub_apply, Matrix.one_apply_eq, B, A, Matrix.mul_apply, Matrix.of_apply,
  ̲  ̲ ̲ ̲Finset.sum_const, F̵i̵n̵s̵e̵t̵.̵c̵a̵r̵d̵_̵u̵n̵i̵v̵,̵ ̵m̵u̵l̵_̵o̵n̵e̵]̵F̲i̲n̲s̲e̲t̲.̲c̲a̲r̲d̲_̲u̲n̲i̲v̲]̲

Note: This linter can be disabled with `set_option linter.unusedSimpArgs false`
warning: Proofs/FriendshipTheoremOQ01.lean:1058:22: This simp argument is unused:
  mul_one

Hint: Omit it from the simp argument list.
  simp only [Matrix.det_fin_one, Matrix.sub_apply, Matrix.one_apply_eq, B, A, Matrix.mul_apply,
  ̲  ̲ ̲ ̲Matrix.of_apply, Finset.sum_const, Finset.card_univ, m̵u̵l̵_̵o̵n̵e̵,̵ ̵hA_def, hB_def]

Note: This linter can be disabled with `set_option linter.unusedSimpArgs false`
warning: Proofs/FriendshipTheoremOQ01.lean:1058:31: This simp argument is unused:
  hA_def

Hint: Omit it from the simp argument list.
  simp only [Matrix.det_fin_one, Matrix.sub_apply, Matrix.one_apply_eq, B, A, Matrix.mul_apply,
  ̲  ̲ ̲ ̲Matrix.of_apply, Finset.sum_const, Finset.card_univ, mul_one, h̵A̵_̵d̵e̵f̵,̵ ̵hB_def]

Note: This linter can be disabled with `set_option linter.unusedSimpArgs false`
warning: Proofs/FriendshipTheoremOQ01.lean:1058:39: This simp argument is unused:
  hB_def

Hint: Omit it from the simp argument list.
  simp only [Matrix.det_fin_one, Matrix.sub_apply, Matrix.one_apply_eq,
  ̵  ̵ ̵ ̵B, A, Matrix.mul_apply,
  ̲  ̲ ̲ ̲Matrix.of_apply, Finset.sum_const,
  ̵  ̵ ̵ ̵Finset.card_univ, mul_one, hA_def,̵ ̵h̵B̵_̵d̵e̵f̵]

Note: This linter can be disabled with `set_option linter.unusedSimpArgs false`
warning: Proofs/FriendshipTheoremOQ01.lean:1059:2: 'push_cast' tactic does nothing

Note: This linter can be disabled with `set_option linter.unusedTactic false`
warning: Proofs/FriendshipTheoremOQ01.lean:1066:17: `push_neg` has been deprecated. Prefer using `push Not` instead.
If you'd rather continue using `push_neg` in your project, you can implement it as follows:
```
open Lean.Parser.Tactic in
macro "push_neg" cfg:optConfig loc:(location)? : tactic =>
  `(tactic| push $cfg:optConfig Not $[$loc]?)
```
warning: Proofs/FriendshipTheoremOQ01.lean:1076:17: `push_neg` has been deprecated. Prefer using `push Not` instead.
If you'd rather continue using `push_neg` in your project, you can implement it as follows:
```
open Lean.Parser.Tactic in
macro "push_neg" cfg:optConfig loc:(location)? : tactic =>
  `(tactic| push $cfg:optConfig Not $[$loc]?)
```
warning: Proofs/FriendshipTheoremOQ01.lean:1095:46: This simp argument is unused:
  zero_pow

Hint: Omit it from the simp argument list.
  simp only [zero_smul, zero_sub, z̵e̵r̵o̵_̵p̵o̵w̵,̵ ̵Int.cast_zero]

Note: This linter can be disabled with `set_option linter.unusedSimpArgs false`
warning: Proofs/FriendshipTheoremOQ01.lean:1095:56: This simp argument is unused:
  Int.cast_zero

Hint: Omit it from the simp argument list.
  simp only [zero_smul, zero_sub, zero_pow,̵ ̵I̵n̵t̵.̵c̵a̵s̵t̵_̵z̵e̵r̵o̵]

Note: This linter can be disabled with `set_option linter.unusedSimpArgs false`
warning: Proofs/FriendshipTheoremOQ01.lean:1118:47: This simp argument is unused:
  map_mul

Hint: Omit it from the simp argument list.
  simp only [hM_def, RingHom.mapMatrix_apply, Matrix.map_apply, Matrix.sub_apply,
  ̲  ̲ ̲ ̲ ̲ ̲ ̲ ̲Matrix.smul_apply, Matrix.one_apply, onesMatrix, Matrix.of_apply, smul_eq_mul, map_sub,
  ̲  ̲ ̲ ̲ ̲ ̲ ̲ ̲m̵a̵p̵_̵m̵u̵l̵,̵ ̵Int.coe_castRingHom]

Note: This linter can be disabled with `set_option linter.unusedSimpArgs false`
warning: Proofs/FriendshipTheoremOQ01.lean:1153:6: This simp argument is unused:
  Polynomial.eval_sub

Hint: Omit it from the simp argument list.
  simp only [RingHom.mapMatrix_apply, Matrix.map_apply, Matrix.charmatrix_apply, Matrix.sub_apply,
  ̲  ̲ ̲ ̲ ̲ ̲Matrix.diagonal_apply, P̵o̵l̵y̵n̵o̵m̵i̵a̵l̵.̵e̵v̵a̵l̵_̵s̵u̵b̵,̵ ̵Polynomial.eval_X, Polynomial.eval_C, onesMatrix, Matrix.of_apply,
  ̲  ̲ ̲ ̲ ̲ ̲Matrix.smul_apply, Matrix.one_apply, smul_eq_mul]

Note: This linter can be disabled with `set_option linter.unusedSimpArgs false`
warning: Proofs/FriendshipTheoremOQ01.lean:1153:27: This simp argument is unused:
  Polynomial.eval_X

Hint: Omit it from the simp argument list.
  simp only [RingHom.mapMatrix_apply, Matrix.map_apply, Matrix.charmatrix_apply, Matrix.sub_apply,
  ̲  ̲ ̲ ̲ ̲ ̲Matrix.diagonal_apply, Polynomial.eval_sub, P̵o̵l̵y̵n̵o̵m̵i̵a̵l̵.̵e̵v̵a̵l̵_̵X̵,̵ ̵Polynomial.eval_C, onesMatrix, Matrix.of_apply,
  ̲  ̲ ̲ ̲ ̲ ̲Matrix.smul_apply, Matrix.one_apply, smul_eq_mul]

Note: This linter can be disabled with `set_option linter.unusedSimpArgs false`
warning: Proofs/FriendshipTheoremOQ01.lean:1153:46: This simp argument is unused:
  Polynomial.eval_C

Hint: Omit it from the simp argument list.
  simp only [RingHom.mapMatrix_apply, Matrix.map_apply,
  ̵  ̵ ̵ ̵ ̵ ̵Matrix.charmatrix_apply, Matrix.sub_apply,
  ̲  ̲ ̲ ̲ ̲ ̲Matrix.diagonal_apply,
  ̵  ̵ ̵ ̵ ̵ ̵Polynomial.eval_sub, Polynomial.eval_X, P̵ol̵y̵no̵m̵i̵a̵l̵.̵ev̵a̵l̵_̵C̵,̵
  ̵ ̵ ̵ ̵ ̵ ̵ ̵o̵n̵e̵sMatrix, Matrix.of_apply,
  ̲  ̲ ̲ ̲ ̲ ̲Matrix.smul_apply, Matrix.one_apply, smul_eq_mul]

Note: This linter can be disabled with `set_option linter.unusedSimpArgs false`
warning: Proofs/FriendshipTheoremOQ01.lean:1161:25: This simp argument is unused:
  Polynomial.eval_C

Hint: Omit it from the simp argument list.
  simp [Polynomial.eval_mul, Polynomial.eval_pow, Polynomial.eval_sub, P̵o̵l̵y̵n̵o̵m̵i̵a̵l̵.̵e̵v̵a̵l̵_̵X̵,̵ ̵P̵o̵l̵y̵n̵o̵m̵i̵a̵l̵.̵e̵v̵a̵l̵_̵C̵]̵P̲o̲l̲y̲n̲o̲m̲i̲a̲l̲.̲e̲v̲a̲l̲_̲X̲]̲

Note: This linter can be disabled with `set_option linter.unusedSimpArgs false`
warning: Proofs/FriendshipTheoremOQ01.lean:1179:46: This simp argument is unused:
  zero_pow

Hint: Omit it from the simp argument list.
  simp only [zero_smul, zero_sub, z̵e̵r̵o̵_̵p̵o̵w̵,̵ ̵Int.cast_zero]

Note: This linter can be disabled with `set_option linter.unusedSimpArgs false`
warning: Proofs/FriendshipTheoremOQ01.lean:1179:56: This simp argument is unused:
  Int.cast_zero

Hint: Omit it from the simp argument list.
  simp only [zero_smul, zero_sub, zero_pow,̵ ̵I̵n̵t̵.̵c̵a̵s̵t̵_̵z̵e̵r̵o̵]

Note: This linter can be disabled with `set_option linter.unusedSimpArgs false`
warning: Proofs/FriendshipTheoremOQ01.lean:1208:47: This simp argument is unused:
  map_mul

Hint: Omit it from the simp argument list.
  simp only [hM_def, RingHom.mapMatrix_apply, Matrix.map_apply, Matrix.sub_apply,
  ̲  ̲ ̲ ̲ ̲ ̲ ̲ ̲Matrix.smul_apply, Matrix.one_apply, onesMatrix, Matrix.of_apply, smul_eq_mul, map_sub,
  ̲  ̲ ̲ ̲ ̲ ̲ ̲ ̲m̵a̵p̵_̵m̵u̵l̵,̵ ̵Int.coe_castRingHom]

Note: This linter can be disabled with `set_option linter.unusedSimpArgs false`
warning: Proofs/FriendshipTheoremOQ01.lean:1310:21: This simp argument is unused:
  Matrix.smul_apply

Hint: Omit it from the simp argument list.
  simp [̵M̵a̵t̵r̵i̵x̵.̵s̵m̵u̵l̵_̵a̵p̵p̵l̵y̵,̵ ̵M̵a̵t̵r̵i̵x̵.̵s̵u̵b̵_̵a̵p̵p̵l̵y̵,̵[̲M̲a̲t̲r̲i̲x̲.̲s̲u̲b̲_̲a̲p̲p̲l̲y̲,̲ Matrix.add_apply, Matrix.neg_apply, Matrix.one_apply,
  ̲  ̲ ̲ ̲ ̲ ̲ ̲ ̲smul_eq_mul]

Note: This linter can be disabled with `set_option linter.unusedSimpArgs false`
warning: Proofs/FriendshipTheoremOQ01.lean:1311:26: This simp argument is unused:
  Matrix.one_apply

Hint: Omit it from the simp argument list.
  simp [Matrix.smul_apply, Matrix.sub_apply, Matrix.add_apply, Matrix.neg_apply,
  ̲  ̲ ̲ ̲ ̲ ̲ ̲ ̲M̵a̵t̵r̵i̵x̵.̵o̵n̵e̵_̵a̵p̵p̵l̵y̵,̵ ̵smul_eq_mul]

Note: This linter can be disabled with `set_option linter.unusedSimpArgs false`
warning: Proofs/FriendshipTheoremOQ01.lean:1311:44: This simp argument is unused:
  smul_eq_mul

Hint: Omit it from the simp argument list.
  simp [Matrix.smul_apply, Matrix.sub_apply, Matrix.add_apply, Matrix.neg_apply,
  ̲  ̲ ̲ ̲ ̲ ̲ ̲ ̲M̵a̵t̵r̵i̵x̵.̵o̵n̵e̵_̵a̵p̵p̵l̵y̵,̵ ̵s̵m̵u̵l̵_̵e̵q̵_̵m̵u̵l̵]̵M̲a̲t̲r̲i̲x̲.̲o̲n̲e̲_̲a̲p̲p̲l̲y̲]̲

Note: This linter can be disabled with `set_option linter.unusedSimpArgs false`
warning: Proofs/FriendshipTheoremOQ01.lean:1320:32: This simp argument is unused:
  Matrix.smul_apply

Hint: Omit it from the simp argument list.
  simp [̵M̵a̵t̵r̵i̵x̵.̵s̵m̵u̵l̵_̵a̵p̵p̵l̵y̵,̵ ̵M̵a̵t̵r̵i̵x̵.̵s̵u̵b̵_̵a̵p̵p̵l̵y̵,̵[̲M̲a̲t̲r̲i̲x̲.̲s̲u̲b̲_̲a̲p̲p̲l̲y̲,̲ Matrix.add_apply, Matrix.one_apply, onesMatrix,
  ̲  ̲ ̲ ̲ ̲ ̲ ̲ ̲Matrix.of_apply, smul_eq_mul]

Note: This linter can be disabled with `set_option linter.unusedSimpArgs false`
warning: Proofs/FriendshipTheoremOQ01.lean:1321:55: This simp argument is unused:
  smul_eq_mul

Hint: Omit it from the simp argument list.
  simp [Matrix.smul_apply, Matrix.sub_apply, Matrix.add_apply,
          Matrix.one_apply, onesMatrix, Matrix.of_apply,̵ ̵s̵m̵u̵l̵_̵e̵q̵_̵m̵u̵l̵]

Note: This linter can be disabled with `set_option linter.unusedSimpArgs false`
warning: Proofs/FriendshipTheoremOQ01.lean:1358:38: This simp argument is unused:
  ite_false

Hint: Omit it from the simp argument list.
  simp only [Polynomial.coeff_sub, Polynomial.coeff_X_pow, Polynomial.coeff_C,
        Polynomial.coeff_zero, if_true,̵ ̵i̵t̵e̵_̵f̵a̵l̵s̵e̵] at this

Note: This linter can be disabled with `set_option linter.unusedSimpArgs false`
warning: Proofs/FriendshipTheoremOQ01.lean:1446:48: Variable name `hd` is not explicitly referenced.

The binding can be removed (if unused) or named `_` (if used implicitly).

Note: This linter can be disabled with `set_option linter.unusedVariables false`
warning: Proofs/FriendshipTheoremOQ01.lean:1467:52: This simp argument is unused:
  degree_X_pow

Hint: Omit it from the simp argument list.
  simp ̵[̵d̵e̵g̵r̵e̵e̵_̵X̵_̵p̵o̵w̵]̵

Note: This linter can be disabled with `set_option linter.unusedSimpArgs false`
warning: Proofs/FriendshipTheoremOQ01.lean:1471:12: This simp argument is unused:
  natDegree_C

Hint: Omit it from the simp argument list.
  simp [natDegree_C̵,̵ ̵n̵a̵t̵D̵e̵g̵r̵e̵e̵_̵X_pow]

Note: This linter can be disabled with `set_option linter.unusedSimpArgs false`
warning: Proofs/FriendshipTheoremOQ01.lean:1471:25: This simp argument is unused:
  natDegree_X_pow

Hint: Omit it from the simp argument list.
  simp [natDegree_C,̵ ̵n̵a̵t̵D̵e̵g̵r̵e̵e̵_̵X̵_̵p̵o̵w̵]

Note: This linter can be disabled with `set_option linter.unusedSimpArgs false`
warning: Proofs/FriendshipTheoremOQ01.lean:1518:44: This simp argument is unused:
  Finset.sum_range_one

Hint: Omit it from the simp argument list.
  simp only [Finset.sum_range_succ, F̵i̵n̵s̵e̵t̵.̵s̵u̵m̵_̵r̵a̵n̵g̵e̵_̵o̵n̵e̵,̵
  ̵ ̵ ̵ ̵ ̵ ̵ ̵ ̵ ̵ ̵ ̵ ̵ ̵pow_zero, mul_one, pow_one]

Note: This linter can be disabled with `set_option linter.unusedSimpArgs false`
warning: Proofs/FriendshipTheoremOQ01.lean:1540:2: 'change f = p ^ ((k + k) / 2)' tactic does nothing

Note: This linter can be disabled with `set_option linter.unusedTactic false`
warning: Proofs/FriendshipTheoremOQ01.lean:1622:2: `push_neg` has been deprecated. Prefer using `push Not` instead.
If you'd rather continue using `push_neg` in your project, you can implement it as follows:
```
open Lean.Parser.Tactic in
macro "push_neg" cfg:optConfig loc:(location)? : tactic =>
  `(tactic| push $cfg:optConfig Not $[$loc]?)
```
warning: Proofs/FriendshipTheoremOQ01.lean:1685:52: This simp argument is unused:
  degree_X_pow

Hint: Omit it from the simp argument list.
  simp ̵[̵d̵e̵g̵r̵e̵e̵_̵X̵_̵p̵o̵w̵]̵

Note: This linter can be disabled with `set_option linter.unusedSimpArgs false`
warning: Proofs/FriendshipTheoremOQ01.lean:1690:6: This simp argument is unused:
  Polynomial.C_comp

Hint: Omit it from the simp argument list.
  simp [Polynomial.sub_comp, Polynomial.pow_comp, Polynomial.X_comp, P̵o̵l̵y̵n̵o̵m̵i̵a̵l̵.̵C̵_̵c̵o̵m̵p̵,̵ ̵neg_sq]

Note: This linter can be disabled with `set_option linter.unusedSimpArgs false`
warning: Proofs/FriendshipTheoremOQ01.lean:1690:25: This simp argument is unused:
  neg_sq

Hint: Omit it from the simp argument list.
  simp [Polynomial.sub_comp, Polynomial.pow_comp, Polynomial.X_comp,
  ̵  ̵ ̵ ̵ ̵ ̵Polynomial.C_comp,̵ ̵n̵e̵g̵_̵s̵q̵]

Note: This linter can be disabled with `set_option linter.unusedSimpArgs false`
warning: Proofs/FriendshipTheoremOQ01.lean:1756:17: `push_neg` has been deprecated. Prefer using `push Not` instead.
If you'd rather continue using `push_neg` in your project, you can implement it as follows:
```
open Lean.Parser.Tactic in
macro "push_neg" cfg:optConfig loc:(location)? : tactic =>
  `(tactic| push $cfg:optConfig Not $[$loc]?)
```
warning: Proofs/FriendshipTheoremOQ01.lean:1825:17: `push_neg` has been deprecated. Prefer using `push Not` instead.
If you'd rather continue using `push_neg` in your project, you can implement it as follows:
```
open Lean.Parser.Tactic in
macro "push_neg" cfg:optConfig loc:(location)? : tactic =>
  `(tactic| push $cfg:optConfig Not $[$loc]?)
```
error: Proofs/FriendshipTheoremOQ01.lean:1861:21: Function expected at
  G.loopless
but this term has type
  Std.Irrefl G.Adj

Note: Expected a function because this term is being applied to the argument
  u
warning: Proofs/FriendshipTheoremOQ01.lean:1935:23: This simp argument is unused:
  smul_eq_mul

Hint: Omit it from the simp argument list.
  simp only [Matrix.mul_apply, onesMatrix, Matrix.of_apply, one_mul,
  ̵  ̵ ̵ ̵Matrix.smul_apply, s̵mul_o̲n̲eq̵_̵m̵u̵l̵,
  ̲ m̵u̵l̵_̵o̵n̵e̵,̵  ̲ ̲SimpleGraph.adjMatrix_apply]

Note: This linter can be disabled with `set_option linter.unusedSimpArgs false`
warning: Proofs/FriendshipTheoremOQ01.lean:1935:36: This simp argument is unused:
  mul_one

Hint: Omit it from the simp argument list.
  simp only [Matrix.mul_apply, onesMatrix, Matrix.of_apply, one_mul,
  ̵  ̵ ̵ ̵Matrix.smul_apply, smul_eq_mul,
  ̲ m̵u̵l̵_̵o̵n̵e̵,̵  ̲ ̲SimpleGraph.adjMatrix_apply]

Note: This linter can be disabled with `set_option linter.unusedSimpArgs false`
warning: Proofs/FriendshipTheoremOQ01.lean:1995:22: This simp argument is unused:
  Finset.filter_congr_decidable

Hint: Omit it from the simp argument list.
  simp [SimpleGraph.adjMatrix_apply, SimpleGraph.degree, SimpleGraph.neighborFinset,
      Finset.sum_boole,̵ ̵F̵i̵n̵s̵e̵t̵.̵f̵i̵l̵t̵e̵r̵_̵c̵o̵n̵g̵r̵_̵d̵e̵c̵i̵d̵a̵b̵l̵e̵]

Note: This linter can be disabled with `set_option linter.unusedSimpArgs false`
warning: Proofs/FriendshipTheoremOQ01.lean:2006:60: Variable name `hij` is not explicitly referenced.

The binding can be removed (if unused) or named `_` (if used implicitly).

Note: This linter can be disabled with `set_option linter.unusedVariables false`
warning: Proofs/FriendshipTheoremOQ01.lean:2042:60: Variable name `hij` is not explicitly referenced.

The binding can be removed (if unused) or named `_` (if used implicitly).

Note: This linter can be disabled with `set_option linter.unusedVariables false`
error: Proofs/FriendshipTheoremOQ01.lean:2129:59: Function expected at
  G.symm
but this term has type
  Std.Symm G.Adj

Note: Expected a function because this term is being applied to the argument
  h
error: Proofs/FriendshipTheoremOQ01.lean:2134:58: Function expected at
  G.symm
but this term has type
  Std.Symm G.Adj

Note: Expected a function because this term is being applied to the argument
  h
error: Proofs/FriendshipTheoremOQ01.lean:2169:15: Function expected at
  G.symm
but this term has type
  Std.Symm G.Adj

Note: Expected a function because this term is being applied to the argument
  (hbip a ha v hv_S2)
error: Proofs/FriendshipTheoremOQ01.lean:2169:43: Function expected at
  G.symm
but this term has type
  Std.Symm G.Adj

Note: Expected a function because this term is being applied to the argument
  (hbip a ha w₂ hw2_S2)
error: Proofs/FriendshipTheoremOQ01.lean:2192:45: Function expected at
  G.symm
but this term has type
  Std.Symm G.Adj

Note: Expected a function because this term is being applied to the argument
  hadj_uv
warning: Proofs/FriendshipTheoremOQ01.lean:2215:4: `push_neg` has been deprecated. Prefer using `push Not` instead.
If you'd rather continue using `push_neg` in your project, you can implement it as follows:
```
open Lean.Parser.Tactic in
macro "push_neg" cfg:optConfig loc:(location)? : tactic =>
  `(tactic| push $cfg:optConfig Not $[$loc]?)
```
warning: Proofs/FriendshipTheoremOQ01.lean:2231:17: `push_neg` has been deprecated. Prefer using `push Not` instead.
If you'd rather continue using `push_neg` in your project, you can implement it as follows:
```
open Lean.Parser.Tactic in
macro "push_neg" cfg:optConfig loc:(location)? : tactic =>
  `(tactic| push $cfg:optConfig Not $[$loc]?)
```
error: Proofs/FriendshipTheoremOQ01.lean:2247:72: Function expected at
  G.symm
but this term has type
  Std.Symm G.Adj

Note: Expected a function because this term is being applied to the argument
  hw.1
error: Proofs/FriendshipTheoremOQ01.lean:2261:75: Function expected at
  G.symm
but this term has type
  Std.Symm G.Adj

Note: Expected a function because this term is being applied to the argument
  hw_mem.1
error: Proofs/FriendshipTheoremOQ01.lean:2262:75: Function expected at
  G.symm
but this term has type
  Std.Symm G.Adj

Note: Expected a function because this term is being applied to the argument
  hw_mem.2
error: Lean exited with code 1
✖ [8671/8678] Building Proofs.HeronsFormulaOQ01 (13s)
trace: .> LEAN_PATH=/workspace/proofs/.lake/packages/Cli/.lake/build/lib/lean:/workspace/proofs/.lake/packages/batteries/.lake/build/lib/lean:/workspace/proofs/.lake/packages/Qq/.lake/build/lib/lean:/workspace/proofs/.lake/packages/aesop/.lake/build/lib/lean:/workspace/proofs/.lake/packages/proofwidgets/.lake/build/lib/lean:/workspace/proofs/.lake/packages/importGraph/.lake/build/lib/lean:/workspace/proofs/.lake/packages/LeanSearchClient/.lake/build/lib/lean:/workspace/proofs/.lake/packages/plausible/.lake/build/lib/lean:/workspace/proofs/.lake/packages/mathlib/.lake/build/lib/lean:/workspace/proofs/.lake/build/lib/lean /root/.elan/toolchains/leanprover--lean4---v4.31.0/bin/lean /workspace/proofs/Proofs/HeronsFormulaOQ01.lean -o /workspace/proofs/.lake/build/lib/lean/Proofs/HeronsFormulaOQ01.olean -i /workspace/proofs/.lake/build/lib/lean/Proofs/HeronsFormulaOQ01.ilean -c /workspace/proofs/.lake/build/ir/Proofs/HeronsFormulaOQ01.c --setup /workspace/proofs/.lake/build/ir/Proofs/HeronsFormulaOQ01.setup.json --json
warning: Proofs/HeronsFormulaOQ01.lean:94:5: Variable name `h1` is not explicitly referenced.

The binding can be removed (if unused) or named `_` (if used implicitly).

Note: This linter can be disabled with `set_option linter.unusedVariables false`
error: Proofs/HeronsFormulaOQ01.lean:130:43: Tactic `rewrite` failed: Did not find an occurrence of the pattern
  (?a ^ ?m) ^ ?n
in the target expression
  √(a ^ 4) = |a| ^ 2

a : ℝ
ha : 0 ≤ a
⊢ √(a ^ 4) = |a| ^ 2
warning: Proofs/HeronsFormulaOQ01.lean:143:5: Variable name `ha` is not explicitly referenced.

The binding can be removed (if unused) or named `_` (if used implicitly).

Note: This linter can be disabled with `set_option linter.unusedVariables false`
warning: Proofs/HeronsFormulaOQ01.lean:143:18: Variable name `hb` is not explicitly referenced.

The binding can be removed (if unused) or named `_` (if used implicitly).

Note: This linter can be disabled with `set_option linter.unusedVariables false`
warning: Proofs/HeronsFormulaOQ01.lean:143:31: Variable name `hc` is not explicitly referenced.

The binding can be removed (if unused) or named `_` (if used implicitly).

Note: This linter can be disabled with `set_option linter.unusedVariables false`
warning: Proofs/HeronsFormulaOQ01.lean:143:44: Variable name `hd` is not explicitly referenced.

The binding can be removed (if unused) or named `_` (if used implicitly).

Note: This linter can be disabled with `set_option linter.unusedVariables false`
error: Lean exited with code 1
✖ [8672/8678] Building Proofs.Erdos1027OQ03 (13s)
trace: .> LEAN_PATH=/workspace/proofs/.lake/packages/Cli/.lake/build/lib/lean:/workspace/proofs/.lake/packages/batteries/.lake/build/lib/lean:/workspace/proofs/.lake/packages/Qq/.lake/build/lib/lean:/workspace/proofs/.lake/packages/aesop/.lake/build/lib/lean:/workspace/proofs/.lake/packages/proofwidgets/.lake/build/lib/lean:/workspace/proofs/.lake/packages/importGraph/.lake/build/lib/lean:/workspace/proofs/.lake/packages/LeanSearchClient/.lake/build/lib/lean:/workspace/proofs/.lake/packages/plausible/.lake/build/lib/lean:/workspace/proofs/.lake/packages/mathlib/.lake/build/lib/lean:/workspace/proofs/.lake/build/lib/lean /root/.elan/toolchains/leanprover--lean4---v4.31.0/bin/lean /workspace/proofs/Proofs/Erdos1027OQ03.lean -o /workspace/proofs/.lake/build/lib/lean/Proofs/Erdos1027OQ03.olean -i /workspace/proofs/.lake/build/lib/lean/Proofs/Erdos1027OQ03.ilean -c /workspace/proofs/.lake/build/ir/Proofs/Erdos1027OQ03.c --setup /workspace/proofs/.lake/build/ir/Proofs/Erdos1027OQ03.setup.json --json
error: Proofs/Erdos1027OQ03.lean:164:21: Application type mismatch: The argument
  Nat.cast_nonneg
has type
  ∀ (n : ℕ), 0 ≤ ↑n
but is expected to have type
  0 ≤ ↑m
in the application
  div_nonneg Nat.cast_nonneg
error: Proofs/Erdos1027OQ03.lean:206:72: unexpected token '/--'; expected 'lemma'
error: Lean exited with code 1
✖ [8673/8678] Building Proofs.AreaOfCircleOQ02OQ04 (27s)
trace: .> LEAN_PATH=/workspace/proofs/.lake/packages/Cli/.lake/build/lib/lean:/workspace/proofs/.lake/packages/batteries/.lake/build/lib/lean:/workspace/proofs/.lake/packages/Qq/.lake/build/lib/lean:/workspace/proofs/.lake/packages/aesop/.lake/build/lib/lean:/workspace/proofs/.lake/packages/proofwidgets/.lake/build/lib/lean:/workspace/proofs/.lake/packages/importGraph/.lake/build/lib/lean:/workspace/proofs/.lake/packages/LeanSearchClient/.lake/build/lib/lean:/workspace/proofs/.lake/packages/plausible/.lake/build/lib/lean:/workspace/proofs/.lake/packages/mathlib/.lake/build/lib/lean:/workspace/proofs/.lake/build/lib/lean /root/.elan/toolchains/leanprover--lean4---v4.31.0/bin/lean /workspace/proofs/Proofs/AreaOfCircleOQ02OQ04.lean -o /workspace/proofs/.lake/build/lib/lean/Proofs/AreaOfCircleOQ02OQ04.olean -i /workspace/proofs/.lake/build/lib/lean/Proofs/AreaOfCircleOQ02OQ04.ilean -c /workspace/proofs/.lake/build/ir/Proofs/AreaOfCircleOQ02OQ04.c --setup /workspace/proofs/.lake/build/ir/Proofs/AreaOfCircleOQ02OQ04.setup.json --json
error: Proofs/AreaOfCircleOQ02OQ04.lean:107:47: unexpected token 'λ'; expected ')'
error: Proofs/AreaOfCircleOQ02OQ04.lean:165:9: Unknown identifier `le_div_iff`
error: Proofs/AreaOfCircleOQ02OQ04.lean:238:2: No goals to be solved
warning: Proofs/AreaOfCircleOQ02OQ04.lean:267:37: Variable name `hr` is not explicitly referenced.

The binding can be removed (if unused) or named `_` (if used implicitly).

Note: This linter can be disabled with `set_option linter.unusedVariables false`
error: Lean exited with code 1
✖ [8674/8678] Building Proofs.ArchimedesMethodOfExhaustion (26s)
trace: .> LEAN_PATH=/workspace/proofs/.lake/packages/Cli/.lake/build/lib/lean:/workspace/proofs/.lake/packages/batteries/.lake/build/lib/lean:/workspace/proofs/.lake/packages/Qq/.lake/build/lib/lean:/workspace/proofs/.lake/packages/aesop/.lake/build/lib/lean:/workspace/proofs/.lake/packages/proofwidgets/.lake/build/lib/lean:/workspace/proofs/.lake/packages/importGraph/.lake/build/lib/lean:/workspace/proofs/.lake/packages/LeanSearchClient/.lake/build/lib/lean:/workspace/proofs/.lake/packages/plausible/.lake/build/lib/lean:/workspace/proofs/.lake/packages/mathlib/.lake/build/lib/lean:/workspace/proofs/.lake/build/lib/lean /root/.elan/toolchains/leanprover--lean4---v4.31.0/bin/lean /workspace/proofs/Proofs/ArchimedesMethodOfExhaustion.lean -o /workspace/proofs/.lake/build/lib/lean/Proofs/ArchimedesMethodOfExhaustion.olean -i /workspace/proofs/.lake/build/lib/lean/Proofs/ArchimedesMethodOfExhaustion.ilean -c /workspace/proofs/.lake/build/ir/Proofs/ArchimedesMethodOfExhaustion.c --setup /workspace/proofs/.lake/build/ir/Proofs/ArchimedesMethodOfExhaustion.setup.json --json
error: Proofs/ArchimedesMethodOfExhaustion.lean:98:9: Unknown identifier `tendsto_const_div_atTop_nhds_0_nat`
error: Proofs/ArchimedesMethodOfExhaustion.lean:98:47: Unknown constant `Filter.eventually_of_forall`
error: Proofs/ArchimedesMethodOfExhaustion.lean:125:4: No goals to be solved
error: Proofs/ArchimedesMethodOfExhaustion.lean:133:21: Invalid field notation: Field projection operates on types of the form `C ...` where C is a constant. The expression
  key
has type
  atTop.1 {x | (fun n => ↑n * sin (2 * π / ↑n) = 2 * π * (sin (2 * π / ↑n) / (2 * π / ↑n))) x}
which does not have the necessary form.
error: Proofs/ArchimedesMethodOfExhaustion.lean:145:2: unsolved goals
case inl
⊢ 0 ≤ π
error: Proofs/ArchimedesMethodOfExhaustion.lean:150:4: 'calc' expression has type
  ↑n * sin (2 * π / ↑n) < 2 * π
but is expected to have type
  ↑n * sin (2 * π / ↑n) ≤ 2 * π
error: Proofs/ArchimedesMethodOfExhaustion.lean:167:6: unsolved goals
case hb.hxp.inl
r : ℝ
hr : 0 ≤ r
⊢ 0 ≤ π
error: Proofs/ArchimedesMethodOfExhaustion.lean:169:8: Tactic `apply` failed: could not unify the conclusion of `div_le_self ?m.84`
  ?m.81 / ?m.82 ≤ ?m.81
with the goal
  2 * π / ↑n ≤ π

Note: The full type of `div_le_self ?m.84` is
  1 ≤ ?m.82 → ?m.81 / ?m.82 ≤ ?m.81

case hb.hxp.inr
n : ℕ
r : ℝ
hr : 0 ≤ r
hn : n > 0
hn' : 0 < ↑n
⊢ 2 * π / ↑n ≤ π
error: Proofs/ArchimedesMethodOfExhaustion.lean:169:30: failed to synthesize
  Zero ?m.77

Hint: Additional diagnostic information may be available using the `set_option diagnostics true` command.
warning: Proofs/ArchimedesMethodOfExhaustion.lean:178:50: Variable name `hr` is not explicitly referenced.

The binding can be removed (if unused) or named `_` (if used implicitly).

Note: This linter can be disabled with `set_option linter.unusedVariables false`
error: Proofs/ArchimedesMethodOfExhaustion.lean:194:4: linarith failed to find a contradiction
n : ℕ
hn : 3 ≤ n
r : ℝ
hr : 0 < r
hn' : ↑n > 0
h_pos : 0 < 2 * π / ↑n
a✝ : π * ↑n ≤ 2 * π
⊢ False
failed
error: Proofs/ArchimedesMethodOfExhaustion.lean:241:9: Unknown identifier `tendsto_const_div_atTop_nhds_0_nat`
error: Proofs/ArchimedesMethodOfExhaustion.lean:241:47: Unknown constant `Filter.eventually_of_forall`
error: Proofs/ArchimedesMethodOfExhaustion.lean:267:4: No goals to be solved
error: Proofs/ArchimedesMethodOfExhaustion.lean:275:21: Invalid field notation: Field projection operates on types of the form `C ...` where C is a constant. The expression
  key
has type
  atTop.1 {x | (fun n => ↑n * tan (π / ↑n) = π * (tan (π / ↑n) / (π / ↑n))) x}
which does not have the necessary form.
warning: Proofs/ArchimedesMethodOfExhaustion.lean:307:65: Variable name `hr` is not explicitly referenced.

The binding can be removed (if unused) or named `_` (if used implicitly).

Note: This linter can be disabled with `set_option linter.unusedVariables false`
warning: Proofs/ArchimedesMethodOfExhaustion.lean:321:14: This simp argument is unused:
  Real.sin_two_pi

Hint: Omit it from the simp argument list.
  simp [̵R̵e̵a̵l̵.̵s̵i̵n̵_̵t̵w̵o̵_̵p̵i̵,̵ ̵R̵e̵a̵l̵.̵t̵a̵n̵_̵p̵i̵]̵[̲R̲e̲a̲l̲.̲t̲a̲n̲_̲p̲i̲]̲

Note: This linter can be disabled with `set_option linter.unusedSimpArgs false`
warning: Proofs/ArchimedesMethodOfExhaustion.lean:321:31: This simp argument is unused:
  Real.tan_pi

Hint: Omit it from the simp argument list.
  simp [Real.sin_two_pi,̵ ̵R̵e̵a̵l̵.̵t̵a̵n̵_̵p̵i̵]

Note: This linter can be disabled with `set_option linter.unusedSimpArgs false`
error: Lean exited with code 1
✔ [8675/8678] Built Proofs.ProbMethodSecondMomentOQ04OQ03 (9.8s)
✖ [8676/8678] Building Proofs.YangMills2DOQ02 (5.6s)
trace: .> LEAN_PATH=/workspace/proofs/.lake/packages/Cli/.lake/build/lib/lean:/workspace/proofs/.lake/packages/batteries/.lake/build/lib/lean:/workspace/proofs/.lake/packages/Qq/.lake/build/lib/lean:/workspace/proofs/.lake/packages/aesop/.lake/build/lib/lean:/workspace/proofs/.lake/packages/proofwidgets/.lake/build/lib/lean:/workspace/proofs/.lake/packages/importGraph/.lake/build/lib/lean:/workspace/proofs/.lake/packages/LeanSearchClient/.lake/build/lib/lean:/workspace/proofs/.lake/packages/plausible/.lake/build/lib/lean:/workspace/proofs/.lake/packages/mathlib/.lake/build/lib/lean:/workspace/proofs/.lake/build/lib/lean /root/.elan/toolchains/leanprover--lean4---v4.31.0/bin/lean /workspace/proofs/Proofs/YangMills2DOQ02.lean -o /workspace/proofs/.lake/build/lib/lean/Proofs/YangMills2DOQ02.olean -i /workspace/proofs/.lake/build/lib/lean/Proofs/YangMills2DOQ02.ilean -c /workspace/proofs/.lake/build/ir/Proofs/YangMills2DOQ02.c --setup /workspace/proofs/.lake/build/ir/Proofs/YangMills2DOQ02.setup.json --json
error: Proofs/YangMills2DOQ02.lean:70:2: No goals to be solved
error: Proofs/YangMills2DOQ02.lean:84:2: No goals to be solved
error: Lean exited with code 1
✖ [8677/8678] Building Proofs.BrouwerFixedPointOQ02 (31s)
trace: .> LEAN_PATH=/workspace/proofs/.lake/packages/Cli/.lake/build/lib/lean:/workspace/proofs/.lake/packages/batteries/.lake/build/lib/lean:/workspace/proofs/.lake/packages/Qq/.lake/build/lib/lean:/workspace/proofs/.lake/packages/aesop/.lake/build/lib/lean:/workspace/proofs/.lake/packages/proofwidgets/.lake/build/lib/lean:/workspace/proofs/.lake/packages/importGraph/.lake/build/lib/lean:/workspace/proofs/.lake/packages/LeanSearchClient/.lake/build/lib/lean:/workspace/proofs/.lake/packages/plausible/.lake/build/lib/lean:/workspace/proofs/.lake/packages/mathlib/.lake/build/lib/lean:/workspace/proofs/.lake/build/lib/lean /root/.elan/toolchains/leanprover--lean4---v4.31.0/bin/lean /workspace/proofs/Proofs/BrouwerFixedPointOQ02.lean -o /workspace/proofs/.lake/build/lib/lean/Proofs/BrouwerFixedPointOQ02.olean -i /workspace/proofs/.lake/build/lib/lean/Proofs/BrouwerFixedPointOQ02.ilean -c /workspace/proofs/.lake/build/ir/Proofs/BrouwerFixedPointOQ02.c --setup /workspace/proofs/.lake/build/ir/Proofs/BrouwerFixedPointOQ02.setup.json --json
warning: Proofs/BrouwerFixedPointOQ02.lean:38:2: `push_neg` has been deprecated. Prefer using `push Not` instead.
If you'd rather continue using `push_neg` in your project, you can implement it as follows:
```
open Lean.Parser.Tactic in
macro "push_neg" cfg:optConfig loc:(location)? : tactic =>
  `(tactic| push $cfg:optConfig Not $[$loc]?)
```
warning: Proofs/BrouwerFixedPointOQ02.lean:83:2: `push_neg` has been deprecated. Prefer using `push Not` instead.
If you'd rather continue using `push_neg` in your project, you can implement it as follows:
```
open Lean.Parser.Tactic in
macro "push_neg" cfg:optConfig loc:(location)? : tactic =>
  `(tactic| push $cfg:optConfig Not $[$loc]?)
```
error: Proofs/BrouwerFixedPointOQ02.lean:110:69: Unknown identifier `abs_add`
error: Proofs/BrouwerFixedPointOQ02.lean:118:36: Application type mismatch: The argument
  Mathlib.Meta.NormNum.isNat_lt_true (Mathlib.Meta.NormNum.isNat_ofNat ℝ Nat.cast_zero)
    (Mathlib.Meta.NormNum.isNat_ofNat ℝ Nat.cast_one) (Eq.refl false)
has type
  0 < 1
but is expected to have type
  0 ≤ 1
in the application
  div_le_div_of_nonneg_left
    (Mathlib.Meta.NormNum.isNat_lt_true (Mathlib.Meta.NormNum.isNat_ofNat ℝ Nat.cast_zero)
      (Mathlib.Meta.NormNum.isNat_ofNat ℝ Nat.cast_one) (Eq.refl false))
error: Proofs/BrouwerFixedPointOQ02.lean:122:38: mod_cast has type
  ?m.554 < Nat.succ ?m.555
but is expected to have type
  2 / ε < ↑(N₂_pred + 1)
error: Proofs/BrouwerFixedPointOQ02.lean:123:4: linarith failed to find a contradiction
f : ℝ → ℝ
hf : Continuous f
x : ℕ → ℝ
x_star : ℝ
hconv : Filter.Tendsto x Filter.atTop (nhds x_star)
happrox : ∀ (n : ℕ), 0 < n → IsApproxFixedPoint f (x n) (1 / ↑n)
hdiff : ∀ ε > 0, ∃ N, ∀ n ≥ N, dist (f (x n) - x n) (f x_star - x_star) < ε
habs : 0 < |f x_star - x_star|
ε : ℝ := |f x_star - x_star| / 2
hε : 0 < ε
N₁ : ℕ
hN₁ : ∀ n ≥ N₁, dist (f (x n) - x n) (f x_star - x_star) < ε / 2
N₂_pred : ℕ
h✝ : 2 / ε < ↑N₂_pred
N₂ : ℕ := N₂_pred + 1
hN₂_def : N₂ = N₂_pred + 1
hN₂_pos : 0 < N₂
m : ℕ := max N₁ N₂
hm_def : m = max N₁ N₂
hm_pos : 0 < m
hm_ge_N1 : N₁ ≤ m
hm_ge_N2 : N₂ ≤ m
h1 : |f (x m) - x m - (f x_star - x_star)| < ε / 2
h2 : |f (x m) - x m| ≤ 1 / ↑m
tri : |f x_star - x_star| ≤ |f x_star - x_star - (f (x m) - x m)| + |f (x m) - x m|
hsym : |f x_star - x_star - (f (x m) - x m)| = |f (x m) - x m - (f x_star - x_star)|
hm_cast_pos : 0 < ↑m
hN2_cast_pos : 0 < ↑N₂
inv_m_le : 1 / ↑m ≤ 1 / ↑N₂
this : 2 / ε < ↑N₂_pred + 1
a✝ : ε * ↑N₂ < 1 * 2
⊢ False
failed
error: Proofs/BrouwerFixedPointOQ02.lean:124:2: linarith failed to find a contradiction
f : ℝ → ℝ
hf : Continuous f
x : ℕ → ℝ
x_star : ℝ
hconv : Filter.Tendsto x Filter.atTop (nhds x_star)
happrox : ∀ (n : ℕ), 0 < n → IsApproxFixedPoint f (x n) (1 / ↑n)
hdiff : ∀ ε > 0, ∃ N, ∀ n ≥ N, dist (f (x n) - x n) (f x_star - x_star) < ε
habs : 0 < |f x_star - x_star|
ε : ℝ := |f x_star - x_star| / 2
hε : 0 < ε
N₁ : ℕ
hN₁ : ∀ n ≥ N₁, dist (f (x n) - x n) (f x_star - x_star) < ε / 2
N₂_pred : ℕ
h✝ : 2 / ε < ↑N₂_pred
N₂ : ℕ := N₂_pred + 1
hN₂_def : N₂ = N₂_pred + 1
hN₂_pos : 0 < N₂
m : ℕ := max N₁ N₂
hm_def : m = max N₁ N₂
hm_pos : 0 < m
hm_ge_N1 : N₁ ≤ m
hm_ge_N2 : N₂ ≤ m
h1 : |f (x m) - x m - (f x_star - x_star)| < ε / 2
h2 : |f (x m) - x m| ≤ 1 / ↑m
tri : |f x_star - x_star| ≤ |f x_star - x_star - (f (x m) - x m)| + |f (x m) - x m|
hsym : |f x_star - x_star - (f (x m) - x m)| = |f (x m) - x m - (f x_star - x_star)|
hm_cast_pos : 0 < ↑m
hN2_cast_pos : 0 < ↑N₂
inv_m_le : 1 / ↑m ≤ 1 / ↑N₂
inv_N2_le : 1 / ↑N₂ ≤ ε / 2
⊢ False
failed
error: Proofs/BrouwerFixedPointOQ02.lean:171:39: unsolved goals
f : ℝ → ℝ
L : ℝ
hL : 0 ≤ L
hL1 : L < 1
hlip : ∀ (x y : ℝ), |f x - f y| ≤ L * |x - y|
x₀ ε : ℝ
hε : ε > 0
hd : ¬f x₀ = x₀
hd_pos : 0 < |f x₀ - x₀|
htend : ∀ ε > 0, ∃ N, ∀ n ≥ N, dist (L ^ n) 0 < ε
N : ℕ
hN : ∀ n ≥ N, dist (L ^ n) 0 < ε / |f x₀ - x₀|
n : ℕ
hn : N ≤ n
hiter : |f (f^[n] x₀) - f^[n] x₀| ≤ L ^ n * |f x₀ - x₀|
hdist : L ^ n < ε / |f x₀ - x₀|
⊢ |f^[n] (f x₀) - f^[n] x₀| = |f (f^[n] x₀) - f^[n] x₀|
warning: Proofs/BrouwerFixedPointOQ02.lean:158:28: This simp argument is unused:
  Function.iterate_succ'

Hint: Omit it from the simp argument list.
  simp [̵F̵u̵n̵c̵t̵i̵o̵n̵.̵i̵t̵e̵r̵a̵t̵e̵_̵s̵u̵c̵c̵'̵,̵ ̵F̵u̵n̵c̵t̵i̵o̵n̵.̵c̵o̵m̵p̵_̵a̵p̵p̵l̵y̵,̵[̲F̲u̲n̲c̲t̲i̲o̲n̲.̲c̲o̲m̲p̲_̲a̲p̲p̲l̲y̲,̲ ihj, hd]

Note: This linter can be disabled with `set_option linter.unusedSimpArgs false`
warning: Proofs/BrouwerFixedPointOQ02.lean:159:15: This simp argument is unused:
  Function.iterate_succ'

Hint: Omit it from the simp argument list.
  simp only [̵F̵u̵n̵c̵t̵i̵o̵n̵.̵i̵t̵e̵r̵a̵t̵e̵_̵s̵u̵c̵c̵'̵,̵ ̵F̵u̵n̵c̵t̵i̵o̵n̵.̵c̵o̵m̵p̵_̵a̵p̵p̵l̵y̵,̵[̲F̲u̲n̲c̲t̲i̲o̲n̲.̲c̲o̲m̲p̲_̲a̲p̲p̲l̲y̲,̲ this, sub_self, abs_zero, hε]

Note: This linter can be disabled with `set_option linter.unusedSimpArgs false`
warning: Proofs/BrouwerFixedPointOQ02.lean:159:39: This simp argument is unused:
  Function.comp_apply

Hint: Omit it from the simp argument list.
  simp only [Function.iterate_succ', F̵u̵n̵c̵t̵i̵o̵n̵.̵c̵o̵m̵p̵_̵a̵p̵p̵l̵y̵,̵ ̵this, sub_self, abs_zero, hε]

Note: This linter can be disabled with `set_option linter.unusedSimpArgs false`
warning: Proofs/BrouwerFixedPointOQ02.lean:172:16: This simp argument is unused:
  Function.iterate_succ'

Hint: Omit it from the simp argument list.
  simp [̵F̵u̵n̵c̵t̵i̵o̵n̵.̵i̵t̵e̵r̵a̵t̵e̵_̵s̵u̵c̵c̵'̵,̵ ̵F̵u̵n̵c̵t̵i̵o̵n̵.̵c̵o̵m̵p̵_̵a̵p̵p̵l̵y̵]̵[̲F̲u̲n̲c̲t̲i̲o̲n̲.̲c̲o̲m̲p̲_̲a̲p̲p̲l̲y̲]̲

Note: This linter can be disabled with `set_option linter.unusedSimpArgs false`
warning: Proofs/BrouwerFixedPointOQ02.lean:207:6: `push_neg` has been deprecated. Prefer using `push Not` instead.
If you'd rather continue using `push_neg` in your project, you can implement it as follows:
```
open Lean.Parser.Tactic in
macro "push_neg" cfg:optConfig loc:(location)? : tactic =>
  `(tactic| push $cfg:optConfig Not $[$loc]?)
```
error: Proofs/BrouwerFixedPointOQ02.lean:272:29: Unknown constant `Option.bind_eq_some.mp`
error: Proofs/BrouwerFixedPointOQ02.lean:272:13: Tactic `rcases` failed: `x✝ : ?m.214` is not an inductive datatype
error: Proofs/BrouwerFixedPointOQ02.lean:279:29: Unknown constant `Option.bind_eq_some.mp`
error: Proofs/BrouwerFixedPointOQ02.lean:279:13: Tactic `rcases` failed: `x✝ : ?m.223` is not an inductive datatype
error: Proofs/BrouwerFixedPointOQ02.lean:286:29: Unknown constant `Option.bind_eq_some.mp`
error: Proofs/BrouwerFixedPointOQ02.lean:286:13: Tactic `rcases` failed: `x✝ : ?m.229` is not an inductive datatype
warning: Proofs/BrouwerFixedPointOQ02.lean:300:2: `push_neg` has been deprecated. Prefer using `push Not` instead.
If you'd rather continue using `push_neg` in your project, you can implement it as follows:
```
open Lean.Parser.Tactic in
macro "push_neg" cfg:optConfig loc:(location)? : tactic =>
  `(tactic| push $cfg:optConfig Not $[$loc]?)
```
error: Proofs/BrouwerFixedPointOQ02.lean:324:26: Unknown constant `Nat.exists_least_of_bex`
error: Proofs/BrouwerFixedPointOQ02.lean:324:9: Tactic `rcases` failed: `x✝ : ?m.29` is not an inductive datatype
error: Proofs/BrouwerFixedPointOQ02.lean:345:10: Unknown identifier `followPath`
error: Proofs/BrouwerFixedPointOQ02.lean:345:4: `simp` made no progress
error: Proofs/BrouwerFixedPointOQ02.lean:350:10: Unknown identifier `followPath`
error: Proofs/BrouwerFixedPointOQ02.lean:350:4: `simp` made no progress
error: Proofs/BrouwerFixedPointOQ02.lean:357:40: Unknown identifier `followPath`
error: Proofs/BrouwerFixedPointOQ02.lean:359:12: Unknown identifier `followPath`
error: Proofs/BrouwerFixedPointOQ02.lean:359:6: `simp` made no progress
warning: Proofs/BrouwerFixedPointOQ02.lean:357:52: This simp argument is unused:
  ← hv

Hint: Omit it from the simp argument list.
  simp [followPath,̵ ̵←̵ ̵h̵v̵] at hk_none

Note: Simp arguments with `←` have the additional effect of removing the other direction from the simp set, even if the simp argument itself is unused. If the hint above does not work, try replacing `←` with `-` to only get that effect and silence this warning.

Note: This linter can be disabled with `set_option linter.unusedSimpArgs false`
info: Proofs/BrouwerFixedPointOQ02.lean:383:0: BrouwerOQ02.discrete_ivt {N : ℕ} (hN : 0 < N) (f : ℕ → ℤ) (h0 : 0 ≤ f 0) (hN_neg : f N < 0) :
  ∃ i < N, 0 ≤ f i ∧ f (i + 1) < 0
info: Proofs/BrouwerFixedPointOQ02.lean:384:0: BrouwerOQ02.approx_fixed_point_exists {f : ℝ → ℝ} (hf : ContinuousOn f (Set.Icc 0 1))
  (hmaps : ∀ x ∈ Set.Icc 0 1, f x ∈ Set.Icc 0 1) {ε : ℝ} (hε : 0 < ε) :
  ∃ x ∈ Set.Icc 0 1, BrouwerOQ02.IsApproxFixedPoint f x ε
info: Proofs/BrouwerFixedPointOQ02.lean:385:0: BrouwerOQ02.approx_to_exact {f : ℝ → ℝ} (hf : Continuous f) {x : ℕ → ℝ} {x_star : ℝ}
  (hconv : Filter.Tendsto x Filter.atTop (nhds x_star))
  (happrox : ∀ (n : ℕ), 0 < n → BrouwerOQ02.IsApproxFixedPoint f (x n) (1 / ↑n)) : f x_star = x_star
info: Proofs/BrouwerFixedPointOQ02.lean:386:0: BrouwerOQ02.contraction_iterate_approx {f : ℝ → ℝ} {L : ℝ} (hL : 0 ≤ L) (hL1 : L < 1)
  (hlip : ∀ (x y : ℝ), |f x - f y| ≤ L * |x - y|) (x₀ : ℝ) (n : ℕ) : |f (f^[n] x₀) - f^[n] x₀| ≤ L ^ n * |f x₀ - x₀|
info: Proofs/BrouwerFixedPointOQ02.lean:387:0: BrouwerOQ02.contraction_cauchy {f : ℝ → ℝ} {L : ℝ} (hL : 0 ≤ L) (hL1 : L < 1)
  (hlip : ∀ (x y : ℝ), |f x - f y| ≤ L * |x - y|) (x₀ ε : ℝ) :
  ε > 0 → ∃ N, ∀ (n : ℕ), N ≤ n → |f^[n + 1] x₀ - f^[n] x₀| < ε
info: Proofs/BrouwerFixedPointOQ02.lean:388:0: BrouwerOQ02.binary_search_intervals {f : ℝ → ℝ} (hmaps : ∀ x ∈ Set.Icc 0 1, f x ∈ Set.Icc 0 1) (n : ℕ) :
  ∃ a b, a ∈ Set.Icc 0 1 ∧ b ∈ Set.Icc 0 1 ∧ a ≤ b ∧ f a - a ≥ 0 ∧ f b - b ≤ 0 ∧ b - a ≤ 1 / 2 ^ n
info: Proofs/BrouwerFixedPointOQ02.lean:389:0: BrouwerOQ02.binary_search_convergence {f : ℝ → ℝ} (hf : ContinuousOn f (Set.Icc 0 1))
  (hmaps : ∀ x ∈ Set.Icc 0 1, f x ∈ Set.Icc 0 1) (n : ℕ) :
  ∃ x ∈ Set.Icc 0 1, BrouwerOQ02.IsApproxFixedPoint f x (1 / 2 ^ n)
info: Proofs/BrouwerFixedPointOQ02.lean:390:0: BrouwerOQ02.ppad_solution_exists.{u_1} {V : Type u_1} [Fintype V] [DecidableEq V] (G : BrouwerOQ02.PPADInstance V) :
  ∃ v, G.IsSolution v
info: Proofs/BrouwerFixedPointOQ02.lean:391:0: BrouwerOQ02.brouwer_1d_complete {f : ℝ → ℝ} (hf : ContinuousOn f (Set.Icc 0 1))
  (hmaps : ∀ x ∈ Set.Icc 0 1, f x ∈ Set.Icc 0 1) :
  (∃ x ∈ Set.Icc 0 1, f x = x) ∧
    (∀ ε > 0, ∃ x ∈ Set.Icc 0 1, BrouwerOQ02.IsApproxFixedPoint f x ε) ∧
      ∀ (n : ℕ), ∃ x ∈ Set.Icc 0 1, BrouwerOQ02.IsApproxFixedPoint f x (1 / 2 ^ n)
error: Lean exited with code 1
✖ [8678/8678] Building Proofs.BrouwerFixedPointOQ02OQ01 (21s)
trace: .> LEAN_PATH=/workspace/proofs/.lake/packages/Cli/.lake/build/lib/lean:/workspace/proofs/.lake/packages/batteries/.lake/build/lib/lean:/workspace/proofs/.lake/packages/Qq/.lake/build/lib/lean:/workspace/proofs/.lake/packages/aesop/.lake/build/lib/lean:/workspace/proofs/.lake/packages/proofwidgets/.lake/build/lib/lean:/workspace/proofs/.lake/packages/importGraph/.lake/build/lib/lean:/workspace/proofs/.lake/packages/LeanSearchClient/.lake/build/lib/lean:/workspace/proofs/.lake/packages/plausible/.lake/build/lib/lean:/workspace/proofs/.lake/packages/mathlib/.lake/build/lib/lean:/workspace/proofs/.lake/build/lib/lean /root/.elan/toolchains/leanprover--lean4---v4.31.0/bin/lean /workspace/proofs/Proofs/BrouwerFixedPointOQ02OQ01.lean -o /workspace/proofs/.lake/build/lib/lean/Proofs/BrouwerFixedPointOQ02OQ01.olean -i /workspace/proofs/.lake/build/lib/lean/Proofs/BrouwerFixedPointOQ02OQ01.ilean -c /workspace/proofs/.lake/build/ir/Proofs/BrouwerFixedPointOQ02OQ01.c --setup /workspace/proofs/.lake/build/ir/Proofs/BrouwerFixedPointOQ02OQ01.setup.json --json
error: Proofs/BrouwerFixedPointOQ02OQ01.lean:107:80: unsolved goals
case «0».«1»
h : 0 + 1 = 0
⊢ 0 = 1

case «1».«0»
h : 1 + 0 = 0
⊢ 1 = 0
warning: Proofs/BrouwerFixedPointOQ02OQ01.lean:127:15: `Fin.coe_castSucc` has been deprecated: Use `Fin.val_castSucc` instead
error: Proofs/BrouwerFixedPointOQ02OQ01.lean:142:2: Type mismatch: After simplification, term
  Eq.symm hval
 has type
  @Eq ℕ (m % 2) (ZMod.val 1)
but is expected to have type
  @Eq ℕ (m % 2) 1
error: Proofs/BrouwerFixedPointOQ02OQ01.lean:170:8: Unknown constant `Finset.range_succ`
warning: Proofs/BrouwerFixedPointOQ02OQ01.lean:222:73: This simp argument is unused:
  decide_eq_true_eq

Hint: Omit it from the simp argument list.
  simp only [fb, botColor, dif_pos (Nat.zero_le n), Bool.eq_false_iff,̵ ̵d̵e̵c̵i̵d̵e̵_̵e̵q̵_̵t̵r̵u̵e̵_̵e̵q̵]

Note: This linter can be disabled with `set_option linter.unusedSimpArgs false`
warning: Proofs/BrouwerFixedPointOQ02OQ01.lean:248:16: This simp argument is unused:
  Nat.sub_self

Hint: Omit it from the simp argument list.
  simp [hTrans,̵ ̵N̵a̵t̵.̵s̵u̵b̵_̵s̵e̵l̵f̵]

Note: This linter can be disabled with `set_option linter.unusedSimpArgs false`
error: Proofs/BrouwerFixedPointOQ02OQ01.lean:284:13: Invalid field `lt_or_lt`: The environment does not contain `Function.lt_or_lt`, so it is not possible to project the field `lt_or_lt` from an expression
  hne
of type `i₀ = i₁ → False`
error: Proofs/BrouwerFixedPointOQ02OQ01.lean:284:27: Tactic `rcases` failed: `x✝ : ?m.573` is not an inductive datatype
warning: Proofs/BrouwerFixedPointOQ02OQ01.lean:305:22: Used `tac1 <;> tac2` where `(tac1; tac2)` would suffice

Note: This linter can be disabled with `set_option linter.unnecessarySeqFocus false`
warning: Proofs/BrouwerFixedPointOQ02OQ01.lean:408:95: this tactic is never executed

Note: This linter can be disabled with `set_option linter.unreachableTactic false`
warning: Proofs/BrouwerFixedPointOQ02OQ01.lean:408:95: 'decide' tactic does nothing

Note: This linter can be disabled with `set_option linter.unusedTactic false`
warning: Proofs/BrouwerFixedPointOQ02OQ01.lean:512:22: Used `tac1 <;> tac2` where `(tac1; tac2)` would suffice

Note: This linter can be disabled with `set_option linter.unnecessarySeqFocus false`
warning: Proofs/BrouwerFixedPointOQ02OQ01.lean:640:2: `push_neg` has been deprecated. Prefer using `push Not` instead.
If you'd rather continue using `push_neg` in your project, you can implement it as follows:
```
open Lean.Parser.Tactic in
macro "push_neg" cfg:optConfig loc:(location)? : tactic =>
  `(tactic| push $cfg:optConfig Not $[$loc]?)
```
warning: Proofs/BrouwerFixedPointOQ02OQ01.lean:796:8: `push_neg` has been deprecated. Prefer using `push Not` instead.
If you'd rather continue using `push_neg` in your project, you can implement it as follows:
```
open Lean.Parser.Tactic in
macro "push_neg" cfg:optConfig loc:(location)? : tactic =>
  `(tactic| push $cfg:optConfig Not $[$loc]?)
```
warning: Proofs/BrouwerFixedPointOQ02OQ01.lean:794:32: This simp argument is unused:
  Nat.cast_zero

Hint: Omit it from the simp argument list.
  simp [gridToReal, hj, N̵a̵t̵.̵c̵a̵s̵t̵_̵z̵e̵r̵o̵,̵ ̵zero_div]

Note: This linter can be disabled with `set_option linter.unusedSimpArgs false`
warning: Proofs/BrouwerFixedPointOQ02OQ01.lean:824:33: This simp argument is unused:
  Nat.cast_zero

Hint: Omit it from the simp argument list.
  simp [gridToReal, hvi, N̵a̵t̵.̵c̵a̵s̵t̵_̵z̵e̵r̵o̵,̵ ̵zero_div]

Note: This linter can be disabled with `set_option linter.unusedSimpArgs false`
warning: Proofs/BrouwerFixedPointOQ02OQ01.lean:900:20: `push_neg` has been deprecated. Prefer using `push Not` instead.
If you'd rather continue using `push_neg` in your project, you can implement it as follows:
```
open Lean.Parser.Tactic in
macro "push_neg" cfg:optConfig loc:(location)? : tactic =>
  `(tactic| push $cfg:optConfig Not $[$loc]?)
```
warning: Proofs/BrouwerFixedPointOQ02OQ01.lean:919:20: `push_neg` has been deprecated. Prefer using `push Not` instead.
If you'd rather continue using `push_neg` in your project, you can implement it as follows:
```
open Lean.Parser.Tactic in
macro "push_neg" cfg:optConfig loc:(location)? : tactic =>
  `(tactic| push $cfg:optConfig Not $[$loc]?)
```
warning: Proofs/BrouwerFixedPointOQ02OQ01.lean:939:17: `push_neg` has been deprecated. Prefer using `push Not` instead.
If you'd rather continue using `push_neg` in your project, you can implement it as follows:
```
open Lean.Parser.Tactic in
macro "push_neg" cfg:optConfig loc:(location)? : tactic =>
  `(tactic| push $cfg:optConfig Not $[$loc]?)
```
warning: Proofs/BrouwerFixedPointOQ02OQ01.lean:946:4: `push_neg` has been deprecated. Prefer using `push Not` instead.
If you'd rather continue using `push_neg` in your project, you can implement it as follows:
```
open Lean.Parser.Tactic in
macro "push_neg" cfg:optConfig loc:(location)? : tactic =>
  `(tactic| push $cfg:optConfig Not $[$loc]?)
```
error: Lean exited with code 1
Some required targets logged failures:
- Mathlib.Data.Nat.ModCast
- Proofs.Erdos1073Problem
- Mathlib.Data.Rat.Basic
- Proofs.Erdos1005Problem
- Mathlib.Algebra.Order.Ring.Lemmas
- Proofs.Erdos375Problem
- Proofs.Erdos649Problem
- Proofs.Erdos820Problem
- Proofs.Erdos476Problem
- Proofs.Erdos476OQ05Problem
- Proofs.InfinitudePrimes4k1
- Proofs.GcdAlgorithmOQ02
- Proofs.BuffonsNeedleOQ02OQ02
- Proofs.Erdos770Problem
- Proofs.Erdos524Problem
- Proofs.Erdos1022OQ03
- Proofs.DeMoivreOQ06
- Proofs.Erdos741Problem
- Proofs.DivisibilityRules
- Proofs.Erdos1083OQ02
- Proofs.WilsonsTheoremOQ02Ext
- Proofs.FourierSeriesOQ01
- Proofs.ZsqrtdNegTwo
- Proofs.HarmonicDivergence
- Proofs.Erdos864Problem
- Proofs.Erdos839Problem
- Proofs.Erdos922Aristotle
- Proofs.Erdos65OQ03
- Proofs.Erdos404Problem
- Proofs.Erdos260Aristotle
- Proofs.Erdos608ProblemAristotle
- Proofs.Erdos263Aristotle
- Proofs.Erdos410Problem
- Proofs.Erdos2OQ01Aristotle
- Proofs.Erdos36Problem
- Proofs.Erdos1050Aristotle
- Proofs.Erdos1014Problem
- Proofs.Erdos1049Problem
- Proofs.BuffonsNeedleOQ01OQ02
- Proofs.BuffonsNeedleOQ02OQ03
- Proofs.AreaOfCircleOQ01OQ02OQ01OQ03
- Proofs.Erdos771Problem
- Proofs.Erdos1057Problem
- Proofs.BirthdayProblemOQ03OQ03
- Proofs.BrouwerFixedPointOQ02OQ02
- Proofs.Erdos1050ProblemAristotle
- Proofs.Erdos109OQ01
- Proofs.Erdos1050Problem
- Proofs.Erdos1049Aristotle
- Proofs.RothTheorem
- Proofs.BuffonsNeedleOQ01OQ01OQ04
- Proofs.HarmonicDivergenceOQ04
- Proofs.Erdos340GreedySidon
- Proofs.Erdos451Problem
- Proofs.ElementaryQuadraticReciprocityOQ01
- Proofs.MinkowskiTheoremOQ02
- Proofs.TestApi513
- Proofs.HarmonicDivergenceOQ02
- Proofs.NewtonInductiveStepOQ01
- Proofs.PerfectNumbersOQ03
- Proofs.TestApi203
- Proofs.WolstenholmeTheoremOQ02OQ02
- Proofs.Erdos488Problem
- Proofs.DescartesRuleOfSignsOQ04
- Proofs.FriendshipTheoremOQ01
- Proofs.HeronsFormulaOQ01
- Proofs.Erdos1027OQ03
- Proofs.AreaOfCircleOQ02OQ04
- Proofs.ArchimedesMethodOfExhaustion
- Proofs.YangMills2DOQ02
- Proofs.BrouwerFixedPointOQ02
- Proofs.BrouwerFixedPointOQ02OQ01
error: build failed
