c ---- [ banner ] ------------------------------------------------------------
c
c Kissat SAT Solver
c 
c Copyright (c) 2021-2024 Armin Biere University of Freiburg
c Copyright (c) 2019-2021 Armin Biere Johannes Kepler University Linz
c 
c Version 4.0.4 unknown
c Apple clang version 17.0.0 (clang-1700.3.19.1) -W -Wall -O3 -DNDEBUG
c Thu Oct 16 20:09:41 UTC 2025 Darwin Tahoe-arm64.local 25.0.0 arm64
c
c ---- [ parsing ] -----------------------------------------------------------
c
c opened and reading DIMACS file:
c
c   /Users/rwalters/lean-genius-erdos85-goal48-sol3/q9-solver-controls/runs/009-N80-m5/input.cnf
c
c parsed 'p cnf 115022 392448' header
c closing input after reading 6272827 bytes (6 MB)
c finished parsing after 0.04 seconds
c
c ---- [ options ] -----------------------------------------------------------
c
c --restartint=50                  (different from default '1')
c --target=2                       (different from default '1')
c
c ---- [ solving ] -----------------------------------------------------------
c
c seconds switched rate     size/glue tier1   binary            remaining
c        MB reductions conflicts size  tier2      irredundant
c         level restarts redundant glue  trail            variables
c
c *  0.04 34 0 0 0  0 0   0   0 0.0 0 0 0 0 0% 277372 114375 114983 100%
c (  0.04 41 0 0 0  0 0   0   0 0.0 0 0 0 0 0% 277372 114375 114983 100%
c .  0.05 42 0 0 0  0 0   0   0 0.0 0 0 0 0 0% 277334 114343 114983 100%
c c  0.11 66 0 0 0  0 0   0   0 0.0 0 0 0 0 0% 277402 114277 114909 100%
c d  0.12 66 0 0 0  0 0   0   0 0.0 0 0 0 0 0% 277254 114277 114909 100%
c )  0.15 68 0 0 0  0 0   0   0 0.0 0 0 0 0 0% 277186 114277 114909 100%
c {  0.15 68 0 0 0  0 0   0   0 0.0 0 0 2 6 0% 277186 114277 114909 100%
c -  0.28 70 226 0 1 11 6 1000 676 5.2 111 21 11 32 63% 277193 114277 114909 100%
c }  0.28 70 226 1 1 11 6 1000 676 5.2 111 21 11 32 63% 277193 114277 114909 100%
c [  0.28 70 0 1 1 11 0 1000 676 0.0 0 0 2 6 0% 277193 114277 114909 100%
c B  0.29 70 249 1 1 11 68 1001 677 2.5 10 4 2 6 54% 277193 114277 114909 100%
c i  0.29 70 139 1 1 11 54 1003 677 2.6 4 2 2 6 22% 277194 114277 114906 100%
c i  0.29 70 87 1 1 11 41 1019 692 1.6 5 3 2 6 9% 277194 114277 114905 100%
c i  0.29 70 100 1 1 11 37 1021 692 1.6 5 3 2 6 10% 277195 114277 114903 100%
c i  0.29 70 189 1 1 11 11 1081 735 2.2 6 2 2 3 18% 277203 114277 114902 100%
c i  0.29 70 191 1 1 11 10 1087 740 2.3 6 3 2 3 18% 277203 114277 114900 100%
c -  0.31 70 206 1 2 11 2 2001 1369 2.4 10 4 2 6 21% 277134 114277 114871 100%
c W  0.33 80 205 1 2 11 2 2003 1371 2.4 10 4 2 6 21% 277134 114245 114871 100%
c u  0.37 80 193 1 2 12 2 2660 1973 4.4 38 9 2 6 25% 277151 114229 114854 100%
c v  0.38 80 193 1 2 12 2 2660 1972 4.4 38 9 2 6 25% 277151 114229 114854 100%
c
c seconds   switched rate       size/glue tier1     binary            remaining
c        MB  reductions conflicts     size  tier2       irredundant
c          level restarts  redundant    glue   trail            variables
c
c w  0.39 80 193 1 2 12 2 2660 1971 4.4 38 9 2 6 25% 277151 114229 114854 100%
c x  0.39 80 193 1 2 12 2 2660 1971 4.4 38 9 2 6 25% 277218 114129 114799 100%
c d  0.40 80 193 1 2 12 2 2660 1896 4.4 38 9 2 6 25% 277104 114103 114736 100%
c t  0.41 80 193 1 2 12 2 2660 1896 4.4 38 9 2 6 25% 277101 114103 114736 100%
c c  0.48 89 193 1 2 12 2 2660 1896 4.4 38 9 2 6 25% 276868 114100 114728 100%
c d  0.48 89 193 1 2 12 2 2660 1895 4.4 38 9 2 6 25% 276868 114096 114728 100%
c u  0.49 89 193 1 2 12 2 2660 1876 4.4 38 9 2 6 25% 276866 114096 114718 100%
c v  0.50 89 193 1 2 12 2 2660 1875 4.4 38 9 2 6 25% 276866 114096 114718 100%
c w  0.51 89 193 1 2 12 2 2660 1874 4.4 38 9 2 6 25% 276866 114096 114718 100%
c x  0.51 89 193 1 2 12 2 2660 1874 4.4 38 9 2 6 25% 276874 114083 114718 100%
c d  0.55 89 193 1 2 12 2 2660 1834 4.4 38 9 2 6 25% 276871 114083 114715 100%
c i  0.56 89 193 1 2 12 2 2660 1834 4.4 38 9 2 6 25% 276871 114083 114715 100%
c -  0.63 89 174 1 3 13 2 3415 2266 3.9 55 14 3 23 33% 276842 114083 114715 100%
c ]  0.65 89 170 2 3 13 2 3634 2479 4.2 64 15 3 23 37% 276842 114083 114715 100%
c {  0.65 89 226 2 3 13 6 3634 2479 5.2 111 21 11 32 63% 276842 114083 114715 100%
c }  0.74 89 134 3 3 14 4 4634 3473 6.6 122 18 11 31 65% 276842 114083 114715 100%
c [  0.74 89 170 3 3 14 2 4634 3473 4.2 64 15 3 23 37% 276842 114083 114715 100%
c I  0.74 89 170 3 3 14 2 4634 3473 4.2 64 15 3 23 37% 276842 114083 114715 100%
c -  0.78 90 196 3 4 14 3 5148 3627 3.9 58 15 4 23 36% 276843 114083 114715 100%
c ]  0.82 90 210 4 4 14 3 5594 4056 3.5 57 16 4 23 36% 276844 114083 114715 100%
c
c seconds   switched rate       size/glue   tier1       binary            remaining
c        MB  reductions conflicts     size     tier2        irredundant
c          level restarts  redundant      glue     trail            variables
c
c {  0.82 90 134 4 4 14 4 5594 4056 6.6 122 18 11 31 65% 276844 114083 114715 100%
c i  0.89 98 163 4 4 16 4 6589 4979 5.9 92 16 11 31 56% 276863 114083 114694 100%
c -  0.94 98 183 4 5 21 5 7149 4722 5.5 83 15 5 23 54% 276819 114083 114694 100%
c }  1.02 98 169 5 5 21 4 7947 5462 5.1 72 14 5 23 57% 276819 114083 114694 100%
c [  1.02 98 210 5 5 21 3 7947 5462 3.5 57 16 4 23 36% 276819 114083 114694 100%
c u  1.08 98 203 5 5 21 3 8190 5506 3.5 56 16 4 23 38% 276845 114055 114691 100%
c v  1.10 98 203 5 5 21 3 8190 5456 3.5 56 16 4 23 38% 276842 114055 114691 100%
c w  1.11 98 203 5 5 21 3 8190 5455 3.5 56 16 4 23 38% 276842 114055 114691 100%
c d  1.12 98 203 5 5 21 3 8190 5448 3.5 56 16 4 23 38% 276838 114049 114684 100%
c t  1.13 98 203 5 5 21 3 8190 5448 3.5 56 16 4 23 38% 276825 114049 114684 100%
c d  1.14 98 203 5 5 21 3 8190 5448 3.5 56 16 4 23 38% 276819 114049 114681 100%
c u  1.16 98 203 5 5 21 3 8190 5369 3.5 56 16 4 23 38% 276825 114049 114672 100%
c v  1.18 98 203 5 5 21 3 8190 5348 3.5 56 16 4 23 38% 276825 114049 114672 100%
c w  1.18 98 203 5 5 21 3 8190 5348 3.5 56 16 4 23 38% 276825 114049 114672 100%
c d  1.20 98 203 5 5 21 3 8190 5332 3.5 56 16 4 23 38% 276827 114037 114669 100%
c b  1.22 98 203 5 5 21 3 8190 5332 3.5 56 16 4 23 38% 276827 114037 114665 100%
c i  1.22 98 203 5 5 21 3 8190 5332 3.5 56 16 4 23 38% 276827 114037 114665 100%
c B  1.23 98 193 5 5 21 3 8405 5526 3.4 54 16 4 23 37% 276828 114037 114665 100%
c -  1.31 98 174 5 6 22 2 9385 5485 3.7 61 16 4 24 43% 276770 114037 114665 100%
c ]  1.42 99 170 6 6 23 2 10314 6391 4.8 84 18 4 24 48% 276770 114037 114665 100%
c
c seconds   switched rate        size/glue  tier1      binary            remaining
c        MB  reductions conflicts      size   tier2        irredundant
c          level restarts   redundant     glue    trail            variables
c
c {  1.42 99 169 6 6 23 4 10314 6391 5.1 72 14 5 23 57% 276770 114037 114665 100%
c i  1.43 99 169 6 6 24 4 10392 6464 5.2 74 14 5 23 57% 276773 114037 114659 100%
c o  1.44 99 169 6 6 24 4 10392 6464 5.2 74 14 5 23 57% 276773 114037 114659 100%
c i  1.44 99 169 6 6 24 4 10395 6466 5.2 74 14 5 23 57% 276773 114037 114658 100%
c i  1.44 99 169 6 6 24 4 10397 6466 5.2 74 14 5 23 57% 276774 114037 114656 100%
c i  1.45 99 165 6 6 27 4 10690 6697 5.0 71 14 5 23 54% 276781 114037 114646 100%
c i  1.46 99 164 6 6 28 4 10786 6787 4.9 70 14 5 23 53% 276784 114037 114645 100%
c i  1.46 99 164 6 6 28 4 10788 6787 4.9 70 14 5 23 53% 276785 114037 114625 100%
c i  1.46 99 162 6 6 29 4 10868 6859 4.9 69 14 5 23 53% 276787 114037 114611 100%
c i  1.48 99 173 6 6 30 5 11082 7055 4.8 67 14 5 20 52% 276796 114037 114601 100%
c i  1.48 99 172 6 6 30 5 11084 7055 4.8 67 14 5 20 52% 276797 114037 114598 100%
c i  1.48 99 172 6 6 30 5 11085 7055 4.8 67 14 5 20 52% 276797 114037 114597 100%
c i  1.48 99 172 6 6 30 5 11087 7055 4.8 67 14 5 20 52% 276798 114037 114589 100%
c i  1.48 99 172 6 6 30 5 11089 7055 4.8 67 14 5 20 52% 276799 114037 114575 100%
c i  1.48 99 172 6 6 30 5 11092 7057 4.8 67 14 5 20 52% 276799 114037 114573 100%
c i  1.48 99 172 6 6 30 5 11094 7057 4.8 67 14 5 20 52% 276800 114037 114557 100%
c -  1.54 99 172 6 7 32 5 11834 6408 4.7 63 13 4 20 51% 276543 114037 114557 100%
c i  1.57 99 175 6 7 33 5 12095 6653 4.7 62 13 4 20 52% 276545 114037 114551 100%
c 2  1.66 99 183 6 7 35 5 13290 7778 4.6 57 12 4 20 50% 276558 114037 114544 100%
c s  1.68 99 183 6 7 35 5 13290 7778 4.6 57 12 4 20 50% 276558 113930 114544 100%
c
c seconds    switched rate        size/glue  tier1     binary           remaining
c         MB  reductions conflicts      size   tier2       irredundant
c           level restarts   redundant     glue    trail           variables
c
c e  1.88 138 183 6 7 35 5 13290 7778 4.6 57 12 4 20 50% 48829 228690 33889 29%
c 2  1.88 138 183 6 7 35 5 13290 7778 4.6 57 12 4 20 50% 48824 228690 33889 29%
c s  1.95 138 183 6 7 35 5 13290 7778 4.6 57 12 4 20 50% 49515 226401 33889 29%
c e  2.01 138 183 6 7 35 5 13290 7778 4.6 57 12 4 20 50% 46171 229535 33329 29%
c ^  2.01 138 183 6 7 35 5 13290 7778 4.6 57 12 4 20 50% 46171 229535 33329 29%
c i  2.02 138 183 6 7 35 5 13309 227 4.6 57 12 4 20 50% 46174 229535 33326 29%
c i  2.03 138 183 6 7 37 5 13492 382 4.5 56 12 4 20 50% 46178 229533 33324 29%
c i  2.03 138 182 6 7 38 5 13528 410 4.5 55 12 4 20 49% 46178 229532 33320 29%
c i  2.03 138 182 6 7 38 5 13549 423 4.5 55 12 4 20 49% 46182 229531 33319 29%
c }  2.06 138 179 7 7 38 5 14383 1218 4.4 52 12 4 20 48% 46184 229531 33319 29%
c [  2.06 138 170 7 7 38 2 14383 1218 4.8 84 18 4 24 48% 46184 229531 33319 29%
c W  2.08 138 170 7 7 38 2 14383 1218 4.8 84 18 4 24 48% 46138 229509 33319 29%
c -  2.11 138 171 7 8 38 2 14479 1266 4.7 84 18 5 25 48% 46169 229478 33319 29%
c c  2.50 140 170 7 8 40 2 16775 3514 3.8 97 26 5 25 51% 46236 229472 33317 29%
c d  2.51 140 170 7 8 40 2 16775 3513 3.8 97 26 5 25 51% 46232 229472 33317 29%
c b  2.52 140 170 7 8 40 2 16775 3513 3.8 97 26 5 25 51% 46232 229472 33296 29%
c u  2.53 140 170 7 8 40 2 16775 3305 3.8 97 26 5 25 51% 46241 229472 33286 29%
c v  2.59 140 170 7 8 40 2 16775 3103 3.8 97 26 5 25 51% 46241 229472 33286 29%
c w  2.62 140 170 7 8 40 2 16775 3103 3.8 97 26 5 25 51% 46241 229472 33286 29%
c =  2.76 140 170 7 8 40 2 16775 3103 3.8 97 26 5 25 51% 46243 229393 33285 29%
c
c seconds    switched rate        size/glue  tier1     binary           remaining
c         MB  reductions conflicts      size   tier2       irredundant
c           level restarts   redundant     glue    trail           variables
c
c d  2.77 140 170 7 8 40 2 16775 3103 3.8 97 26 5 25 51% 46327 229306 33285 29%
c d  2.77 140 170 7 8 40 2 16775 3103 3.8 97 26 5 25 51% 46319 229302 33281 29%
c t  2.78 140 170 7 8 40 2 16775 3103 3.8 97 26 5 25 51% 45986 229302 33281 29%
c f  3.84 141 170 7 8 40 2 16775 3103 3.8 97 26 5 25 51% 47489 217472 34219 30%
c u  3.87 141 170 7 8 40 2 16775 3038 3.8 97 26 5 25 51% 47492 217472 34219 30%
c v  3.92 141 170 7 8 40 2 16775 2774 3.8 97 26 5 25 51% 47492 217472 34219 30%
c w  3.95 141 170 7 8 40 2 16775 2772 3.8 97 26 5 25 51% 47492 217472 34219 30%
c t  3.97 141 170 7 8 40 2 16775 2772 3.8 97 26 5 25 51% 47491 217472 34219 30%
c i  3.99 141 170 7 8 40 2 16775 2772 3.8 97 26 5 25 51% 47491 217472 34219 30%
c ]  4.04 141 171 8 8 40 2 17129 3120 3.6 98 27 5 25 51% 47491 217472 34219 30%
c {  4.04 141 179 8 8 40 5 17129 3120 4.4 52 12 4 20 48% 47491 217472 34219 30%
c -  4.07 141 179 8 9 43 5 17307 2304 4.2 52 13 4 18 48% 47384 217472 34219 30%
c -  4.43 141 191 8 10 92 5 20308 4054 3.5 51 15 4 21 49% 47395 217472 34219 30%
c o  4.44 141 191 8 10 94 5 20414 4159 3.5 51 15 4 21 49% 47395 217472 34219 30%
c }  4.79 141 199 9 10 144 6 23289 6975 3.1 52 17 4 21 49% 47405 217471 34219 30%
c [  4.79 141 171 9 10 144 2 23289 6975 3.6 98 27 5 25 51% 47405 217471 34219 30%
c O  4.79 141 171 9 10 144 2 23289 6975 3.6 98 27 5 25 51% 47405 217471 34219 30%
c -  4.81 141 169 9 11 144 2 23470 6030 3.6 98 27 6 35 51% 47405 217471 34219 30%
c s  5.19 141 149 9 11 146 2 26226 8749 3.7 107 29 6 35 52% 47420 216020 34219 30%
c e  5.39 141 149 9 11 146 2 26226 8749 3.7 107 29 6 35 52% 37771 228452 30967 27%
c
c seconds    switched   rate        size/glue   tier1     binary           remaining
c         MB   reductions conflicts       size    tier2       irredundant
c           level  restarts    redundant      glue    trail           variables
c
c 2  5.39 141 149 9 11 146 2 26226 8749 3.7 107 29 6 35 52% 37770 228452 30967 27%
c s  5.43 141 149 9 11 146 2 26226 8749 3.7 107 29 6 35 52% 37982 226952 30967 27%
c e  5.54 141 149 9 11 146 2 26226 8749 3.7 107 29 6 35 52% 37242 227803 30815 27%
c ^  5.54 141 149 9 11 146 2 26226 8749 3.7 107 29 6 35 52% 37242 227803 30815 27%
c -  5.67 141 148 9 12 146 2 26786 2515 3.6 108 30 7 37 52% 37243 227803 30815 27%
c b  5.87 141 150 9 12 147 2 28259 3938 3.5 108 31 7 37 51% 37246 227802 30813 27%
c u  5.90 141 150 9 12 147 2 28259 3497 3.5 108 31 7 37 51% 37252 227802 30811 27%
c v  5.95 141 150 9 12 147 2 28259 3133 3.5 108 31 7 37 51% 37252 227802 30811 27%
c w  5.97 141 150 9 12 147 2 28259 3131 3.5 108 31 7 37 51% 37252 227802 30811 27%
c x  6.00 142 150 9 12 147 2 28259 3131 3.5 108 31 7 37 51% 37280 227206 30810 27%
c t  6.01 142 150 9 12 147 2 28259 3131 3.5 108 31 7 37 51% 37172 227204 30810 27%
c f  6.04 142 150 9 12 147 2 28259 3131 3.5 108 31 7 37 51% 37194 226969 30829 27%
c u  6.07 142 150 9 12 147 2 28259 3053 3.5 108 31 7 37 51% 37194 226969 30829 27%
c v  6.12 142 150 9 12 147 2 28259 2681 3.5 108 31 7 37 51% 37194 226969 30829 27%
c w  6.18 142 150 9 12 147 2 28259 2676 3.5 108 31 7 37 51% 37194 226969 30829 27%
c f  6.23 142 150 9 12 147 2 28259 2676 3.5 108 31 7 37 51% 37215 226767 30849 27%
c i  6.24 142 150 9 12 147 2 28259 2676 3.5 108 31 7 37 51% 37215 226767 30849 27%
c ]  6.29 142 150 10 12 148 2 28569 2983 3.5 108 31 7 37 52% 37215 226767 30849 27%
c {  6.29 142 199 10 12 148 6 28569 2983 3.1 52 17 4 21 49% 37215 226767 30849 27%
c -  6.41 142 197 10 13 161 6 30251 3813 3.0 50 17 5 23 48% 37202 226767 30849 27%
c
c seconds     switched   rate        size/glue  tier1     binary           remaining
c         MB    reductions conflicts       size   tier2       irredundant
c           level   restarts    redundant     glue    trail           variables
c
c i  6.55 142 194 10 13 180 6 32496 5911 2.9 48 17 5 23 47% 37246 226767 30843 27%
c -  6.65 142 196 10 14 191 6 33857 6530 2.9 47 16 5 22 46% 37221 226767 30843 27%
c }  6.96 142 197 11 14 237 6 37196 9826 2.8 47 17 5 22 46% 37229 226766 30843 27%
c [  6.96 142 150 11 14 237 2 37196 9826 3.5 108 31 7 37 52% 37229 226766 30843 27%
c B  6.96 142 150 11 14 237 2 37196 9826 3.5 108 31 7 37 52% 37229 226766 30843 27%
c -  7.03 142 152 11 15 237 2 37600 8604 3.4 109 32 7 39 52% 37229 226766 30843 27%
c ]  7.64 142 146 12 15 239 2 40628 11499 3.1 116 38 7 39 52% 37229 226766 30843 27%
c {  7.64 142 197 12 15 239 6 40628 11499 2.8 47 17 5 22 46% 37229 226766 30843 27%
c o  7.65 142 197 12 15 240 6 40682 11553 2.8 47 17 5 22 46% 37229 226766 30843 27%
c -  7.74 142 197 12 16 252 6 41472 9186 2.8 47 17 5 23 46% 37229 226766 30843 27%
c u  7.97 142 199 12 16 268 6 43043 10064 2.8 48 17 5 23 47% 37257 226721 30843 27%
c v  8.01 142 199 12 16 268 6 43043 9996 2.8 48 17 5 23 47% 37257 226721 30843 27%
c w  8.04 142 199 12 16 268 6 43043 9996 2.8 48 17 5 23 47% 37257 226721 30843 27%
c x  8.07 142 199 12 16 268 6 43043 9990 2.8 48 17 5 23 47% 37277 226252 30839 27%
c d  8.29 142 199 12 16 268 6 43043 9990 2.8 48 17 5 23 47% 37285 226234 30838 27%
c t  8.31 142 199 12 16 268 6 43043 9990 2.8 48 17 5 23 47% 37269 226234 30838 27%
c f  8.34 142 199 12 16 268 6 43043 9990 2.8 48 17 5 23 47% 37296 226092 30861 27%
c u  8.40 142 199 12 16 268 6 43043 9236 2.8 48 17 5 23 47% 37322 226092 30855 27%
c v  8.44 142 199 12 16 268 6 43043 9067 2.8 48 17 5 23 47% 37322 226092 30855 27%
c w  8.46 142 199 12 16 268 6 43043 9066 2.8 48 17 5 23 47% 37322 226092 30855 27%
c
c seconds     switched   rate        size/glue  tier1     binary           remaining
c         MB    reductions conflicts       size   tier2       irredundant
c           level   restarts    redundant     glue    trail           variables
c
c x  8.49 142 199 12 16 268 6 43043 9063 2.8 48 17 5 23 47% 37346 225557 30855 27%
c t  8.51 142 199 12 16 268 6 43043 9051 2.8 48 17 5 23 47% 37338 225557 30855 27%
c f  8.54 142 199 12 16 268 6 43043 9051 2.8 48 17 5 23 47% 37364 225415 30878 27%
c i  8.55 142 199 12 16 268 6 43043 9051 2.8 48 17 5 23 47% 37364 225415 30878 27%
c i  8.55 142 199 12 16 268 6 43057 9064 2.8 48 17 5 23 47% 37364 225415 30877 27%
c -  8.77 142 201 12 17 297 6 45472 8577 2.7 48 18 5 23 47% 37343 225415 30877 27%
c -  9.18 142 203 12 18 359 6 49596 10369 2.6 49 19 5 24 47% 37357 225415 30877 27%
c }  9.44 142 203 13 18 397 6 52107 12843 2.6 50 19 5 24 48% 37363 225415 30877 27%
c [  9.44 142 146 13 18 397 2 52107 12843 3.1 116 38 7 39 52% 37363 225415 30877 27%
c W  9.47 142 146 13 18 397 2 52107 12843 3.1 116 38 7 39 52% 37363 225413 30877 27%
c -  9.71 142 144 13 19 398 2 53838 11546 3.0 116 39 7 47 52% 37364 225413 30877 27%
c s  9.81 142 144 13 19 399 2 54200 11901 3.0 117 39 7 47 52% 37368 224683 30877 27%
c e  9.97 142 144 13 19 399 2 54200 11901 3.0 117 39 7 47 52% 35687 227998 29738 26%
c s 10.01 142 144 13 19 399 2 54200 11901 3.0 117 39 7 47 52% 35734 226806 29738 26%
c e 10.10 142 144 13 19 399 2 54200 11901 3.0 117 39 7 47 52% 35557 227011 29697 26%
c ^ 10.11 142 144 13 19 399 2 54200 11901 3.0 117 39 7 47 52% 35557 227011 29697 26%
c - 10.46 142 142 13 20 401 2 58196 8905 3.0 115 38 7 45 51% 35557 227011 29697 26%
c ] 10.89 142 147 14 20 403 2 60930 11565 2.8 117 41 7 45 51% 35557 227011 29697 26%
c { 10.89 142 203 14 20 403 6 60930 11565 2.6 50 19 5 24 48% 35557 227011 29697 26%
c u 10.99 142 203 14 20 408 6 61227 11027 2.6 50 19 5 24 48% 35563 227011 29697 26%
c
c seconds     switched   rate         size/glue  tier1     binary           remaining
c         MB    reductions conflicts        size   tier2       irredundant
c           level   restarts     redundant     glue    trail           variables
c
c v 11.04 142 203 14 20 408 6 61227 10581 2.6 50 19 5 24 48% 35563 227011 29697 26%
c w 11.08 145 203 14 20 408 6 61227 10580 2.6 50 19 5 24 48% 35563 227011 29697 26%
c x 11.12 145 203 14 20 408 6 61227 10579 2.6 50 19 5 24 48% 35575 226281 29697 26%
c t 11.14 145 203 14 20 408 6 61227 10579 2.6 50 19 5 24 48% 35561 226281 29696 26%
c f 11.18 145 203 14 20 408 6 61227 10579 2.6 50 19 5 24 48% 35594 226078 29723 26%
c b 11.19 145 203 14 20 408 6 61227 10579 2.6 50 19 5 24 48% 35598 226068 29721 26%
c u 11.24 145 203 14 20 408 6 61227 9992 2.6 50 19 5 24 48% 35602 226068 29719 26%
c v 11.29 145 203 14 20 408 6 61227 9854 2.6 50 19 5 24 48% 35602 226068 29719 26%
c w 11.32 146 203 14 20 408 6 61227 9854 2.6 50 19 5 24 48% 35602 226068 29719 26%
c x 11.36 146 203 14 20 408 6 61227 9850 2.6 50 19 5 24 48% 35627 225357 29713 26%
c t 11.38 146 203 14 20 408 6 61227 9831 2.6 50 19 5 24 48% 35631 225333 29713 26%
c f 11.42 146 203 14 20 408 6 61227 9831 2.6 50 19 5 24 48% 35662 225020 29751 26%
c i 11.42 146 203 14 20 408 6 61227 9831 2.6 50 19 5 24 48% 35662 225020 29751 26%
c - 11.56 146 202 14 21 429 6 62669 8880 2.6 51 19 5 24 48% 35634 225020 29751 26%
c - 11.97 146 204 14 22 474 6 67251 10667 2.6 51 20 5 24 48% 35652 225020 29751 26%
c o 12.33 147 203 14 22 514 6 70727 14077 2.6 52 20 5 25 49% 35655 225020 29751 26%
c - 12.42 147 203 14 23 521 6 71941 12715 2.6 52 20 5 24 49% 35655 225020 29751 26%
c } 12.76 147 204 15 23 560 6 75645 16343 2.6 52 20 5 24 49% 35658 225020 29751 26%
c [ 12.76 147 147 15 23 560 2 75645 16343 2.8 117 41 7 45 51% 35658 225020 29751 26%
c I 12.76 147 147 15 23 560 2 75645 16343 2.8 117 41 7 45 51% 35658 225020 29751 26%
c
c seconds     switched   rate         size/glue   tier1     binary           remaining
c         MB    reductions conflicts        size    tier2       irredundant
c           level   restarts     redundant      glue    trail           variables
c
c - 12.86 147 147 15 24 561 2 76740 14364 2.8 115 41 7 47 51% 35660 225020 29751 26%
c - 13.43 147 142 15 25 564 2 81638 14827 2.8 114 41 7 47 50% 35661 225020 29751 26%
c u 13.68 147 143 15 25 565 2 82934 15295 2.8 113 41 7 47 50% 35679 225020 29751 26%
c v 13.74 147 143 15 25 565 2 82934 14845 2.8 113 41 7 47 50% 35679 225020 29751 26%
c w 13.77 148 143 15 25 565 2 82934 14844 2.8 113 41 7 47 50% 35679 225020 29751 26%
c x 13.81 148 143 15 25 565 2 82934 14843 2.8 113 41 7 47 50% 35682 224091 29751 26%
c t 13.83 148 143 15 25 565 2 82934 14843 2.8 113 41 7 47 50% 35669 224091 29750 26%
c b 13.83 148 143 15 25 565 2 82934 14843 2.8 113 41 7 47 50% 35669 224091 29745 26%
c f 13.88 148 143 15 25 565 2 82934 14843 2.8 113 41 7 47 50% 35692 223896 29770 26%
c u 13.98 149 143 15 25 565 2 82934 14327 2.8 113 41 7 47 50% 35697 223849 29770 26%
c v 14.03 149 143 15 25 565 2 82934 14196 2.8 113 41 7 47 50% 35697 223849 29770 26%
c w 14.06 150 143 15 25 565 2 82934 14195 2.8 113 41 7 47 50% 35697 223849 29770 26%
c x 14.10 150 143 15 25 565 2 82934 14195 2.8 113 41 7 47 50% 35700 223019 29770 26%
c t 14.40 150 143 15 25 565 2 82934 14195 2.8 113 41 7 47 50% 35697 223019 29770 26%
c f 14.44 150 143 15 25 565 2 82934 14195 2.8 113 41 7 47 50% 35715 222860 29791 26%
c ] 14.94 150 149 16 25 566 2 86149 17348 2.7 118 44 7 47 51% 35715 222860 29791 26%
c { 14.94 150 204 16 25 566 6 86149 17348 2.6 52 20 5 24 49% 35715 222860 29791 26%
c - 14.98 150 203 16 26 569 6 86639 12867 2.6 52 20 5 24 49% 35715 222860 29791 26%
c - 15.50 151 203 16 27 622 6 91739 14153 2.6 54 20 5 24 49% 35721 222860 29791 26%
c - 16.03 151 202 16 28 687 6 96935 16274 2.6 54 21 5 25 50% 35722 222860 29791 26%
c
c seconds     switched   rate         size/glue  tier1     binary           remaining
c         MB    reductions conflicts        size   tier2       irredundant
c           level   restarts     redundant     glue    trail           variables
c
c s 16.26 151 200 16 28 705 6 99232 18504 2.6 54 21 5 25 50% 35725 222626 29791 26%
c e 16.45 151 200 16 28 705 6 99232 18504 2.6 54 21 5 25 50% 30528 235836 27180 24%
c s 16.51 151 200 16 28 705 6 99232 18504 2.6 54 21 5 25 50% 30582 234103 27180 24%
c e 16.63 151 200 16 28 705 6 99232 18504 2.6 54 21 5 25 50% 30208 234660 27081 24%
c ^ 16.63 151 200 16 28 705 6 99232 18504 2.6 54 21 5 25 50% 30208 234660 27081 24%
c - 16.95 152 200 16 29 743 6 102229 10264 2.6 55 21 5 25 50% 30213 234659 27081 24%
c } 17.15 153 199 17 29 763 6 104486 12447 2.6 55 21 5 25 49% 30214 234659 27081 24%
c [ 17.15 153 149 17 29 763 2 104486 12447 2.7 118 44 7 47 51% 30214 234659 27081 24%
c B 17.15 153 149 17 29 763 2 104486 12447 2.7 118 44 7 47 51% 30214 234659 27081 24%
c - 17.59 153 149 17 30 765 2 107614 13258 2.6 120 46 7 50 50% 30214 234659 27081 24%
c u 17.77 154 150 17 30 765 2 108290 12601 2.5 121 48 7 50 50% 30216 234659 27081 24%
c v 17.84 154 150 17 30 765 2 108290 12281 2.5 121 48 7 50 50% 30216 234659 27081 24%
c w 17.88 155 150 17 30 765 2 108290 12281 2.5 121 48 7 50 50% 30216 234659 27081 24%
c x 17.93 155 150 17 30 765 2 108290 12280 2.5 121 48 7 50 50% 30230 233354 27077 24%
c t 17.94 155 150 17 30 765 2 108290 12279 2.5 121 48 7 50 50% 30231 233336 27076 24%
c f 17.99 155 150 17 30 765 2 108290 12279 2.5 121 48 7 50 50% 30248 232929 27091 24%
c u 18.07 164 150 17 30 765 2 108290 11008 2.5 121 48 7 50 50% 30270 232923 27091 24%
c v 18.14 165 150 17 30 765 2 108290 10632 2.5 121 48 7 50 50% 30270 232923 27091 24%
c w 18.17 166 150 17 30 765 2 108290 10631 2.5 121 48 7 50 50% 30270 232923 27091 24%
c x 18.22 166 150 17 30 765 2 108290 10631 2.5 121 48 7 50 50% 30299 232397 27087 24%
c
c seconds     switched   rate          size/glue   tier1     binary           remaining
c         MB    reductions conflicts         size    tier2       irredundant
c           level   restarts      redundant      glue    trail           variables
c
c t 18.24 166 150 17 30 765 2 108290 10631 2.5 121 48 7 50 50% 30301 232377 27084 24%
c f 18.29 166 150 17 30 765 2 108290 10631 2.5 121 48 7 50 50% 30308 232304 27089 24%
c i 18.29 166 150 17 30 765 2 108290 10631 2.5 121 48 7 50 50% 30308 232304 27089 24%
c - 18.80 166 152 17 31 769 2 113093 11806 2.5 120 48 7 50 50% 30257 232304 27089 24%
c ] 19.48 166 153 18 31 770 2 117363 15977 2.4 122 51 7 50 50% 30259 232304 27089 24%
c { 19.48 166 199 18 31 770 6 117363 15977 2.6 55 21 5 25 49% 30259 232304 27089 24%
c o 19.50 166 199 18 31 772 6 117465 16072 2.6 55 21 5 25 49% 30260 232304 27089 24%
c - 19.59 167 195 18 32 772 5 118660 12756 2.6 55 21 5 24 49% 30260 232304 27089 24%
c - 19.71 167 185 18 33 774 5 124317 14771 2.6 51 19 5 23 47% 30267 232304 27089 24%
c - 19.80 167 176 18 34 774 5 130061 17412 2.6 48 19 5 21 43% 30267 232304 27089 24%
c - 19.92 168 168 18 35 774 4 135892 19033 2.6 46 18 4 19 41% 30267 232304 27089 24%
c u 20.00 168 166 18 35 774 4 137409 19552 2.6 46 18 4 19 40% 30274 232292 27089 24%
c v 20.05 170 166 18 35 774 4 137409 19087 2.6 46 18 4 19 40% 30274 232292 27089 24%
c w 20.06 170 166 18 35 774 4 137409 19082 2.6 46 18 4 19 40% 30274 232292 27089 24%
c x 20.10 170 166 18 35 774 4 137409 19082 2.6 46 18 4 19 40% 30276 231046 27089 24%
c f 20.16 137 166 18 35 774 4 137409 19082 2.6 46 18 4 19 40% 30285 230967 27096 24%
c u 20.21 146 166 18 35 774 4 137409 18637 2.6 46 18 4 19 40% 30287 230967 27096 24%
c v 20.26 149 166 18 35 774 4 137409 18492 2.6 46 18 4 19 40% 30287 230967 27096 24%
c w 20.27 149 166 18 35 774 4 137409 18474 2.6 46 18 4 19 40% 30287 230967 27096 24%
c x 20.31 149 166 18 35 774 4 137409 18474 2.6 46 18 4 19 40% 30287 229537 27096 24%
c
c seconds     switched   rate          size/glue  tier1     binary           remaining
c         MB    reductions conflicts         size   tier2       irredundant
c           level   restarts      redundant     glue    trail           variables
c
c f 20.36 149 166 18 35 774 4 137409 18474 2.6 46 18 4 19 40% 30288 229515 27098 24%
c i 20.39 149 164 18 35 774 4 138915 19816 2.6 45 18 4 19 40% 30301 229515 27093 24%
c } 20.41 149 162 19 35 774 4 139708 20587 2.5 44 17 4 19 40% 30301 229515 27093 24%
c [ 20.41 149 153 19 35 774 2 139708 20587 2.4 122 51 7 50 50% 30301 229515 27093 24%
c W 20.44 149 153 19 35 774 2 139708 20587 2.4 122 51 7 50 50% 30285 229464 27093 24%
c - 20.72 149 152 19 36 776 2 141809 18130 2.4 123 50 7 51 50% 30285 229464 27093 24%
c ] 20.98 149 151 20 36 776 2 143480 19755 2.4 123 50 7 51 50% 30285 229464 27093 24%
c { 20.98 149 162 20 36 776 4 143480 19755 2.5 44 17 4 19 40% 30285 229464 27093 24%
c - 21.36 151 165 20 37 823 4 147810 18137 2.6 45 18 4 19 41% 30290 229464 27093 24%
c - 21.98 151 168 20 38 906 4 153894 18758 2.6 46 18 4 19 41% 30302 229463 27093 24%
c - 22.57 152 170 20 39 981 4 160058 20041 2.6 47 18 4 19 42% 30311 229463 27093 24%
c s 22.92 152 171 20 39 1018 5 163256 23186 2.6 48 19 4 19 42% 30318 228954 27093 24%
c e 23.11 152 171 20 39 1018 5 163256 23186 2.6 48 19 4 19 42% 26028 245290 24990 22%
c s 23.18 152 171 20 39 1018 5 163256 23186 2.6 48 19 4 19 42% 26058 241968 24990 22%
c e 23.30 152 171 20 39 1018 5 163256 23186 2.6 48 19 4 19 42% 25903 242404 24937 22%
c ^ 23.30 152 171 20 39 1018 5 163256 23186 2.6 48 19 4 19 42% 25903 242404 24937 22%
c - 23.56 164 173 20 40 1053 5 166303 12228 2.5 48 19 4 20 43% 25907 242404 24937 22%
c o 23.67 164 173 20 40 1068 5 167475 13381 2.5 48 19 4 20 43% 25907 242404 24937 22%
c } 23.91 164 175 21 40 1102 5 170220 16018 2.5 48 19 4 20 43% 25912 242404 24937 22%
c [ 23.91 164 151 21 40 1102 2 170220 16018 2.4 123 50 7 51 50% 25912 242404 24937 22%
c
c seconds     switched    rate          size/glue   tier1     binary           remaining
c         MB    reductions  conflicts         size    tier2       irredundant
c           level    restarts      redundant      glue    trail           variables
c
c O 23.91 164 151 21 40 1102 2 170220 16018 2.4 123 50 7 51 50% 25912 242404 24937 22%
c u 24.00 165 150 21 40 1102 2 170348 14870 2.4 123 50 7 51 50% 25924 242402 24936 22%
c v 24.08 165 150 21 40 1102 2 170348 14371 2.4 123 50 7 51 50% 25924 242402 24936 22%
c w 24.12 165 150 21 40 1102 2 170348 14371 2.4 123 50 7 51 50% 25924 242402 24936 22%
c x 24.18 166 150 21 40 1102 2 170348 14367 2.4 123 50 7 51 50% 25929 241267 24935 22%
c t 24.19 166 150 21 40 1102 2 170348 14361 2.4 123 50 7 51 50% 25927 241249 24934 22%
c f 24.25 166 150 21 40 1102 2 170348 14361 2.4 123 50 7 51 50% 25950 240747 24948 22%
c u 24.36 166 150 21 40 1102 2 170348 13428 2.4 123 50 7 51 50% 25944 240740 24948 22%
c v 24.44 166 150 21 40 1102 2 170348 13026 2.4 123 50 7 51 50% 25944 240740 24948 22%
c w 24.47 166 150 21 40 1102 2 170348 13018 2.4 123 50 7 51 50% 25944 240740 24948 22%
c x 24.52 166 150 21 40 1102 2 170348 13015 2.4 123 50 7 51 50% 25950 240013 24948 22%
c t 24.93 166 150 21 40 1102 2 170348 13015 2.4 123 50 7 51 50% 25945 240013 24948 22%
c f 24.98 166 150 21 40 1102 2 170348 13015 2.4 123 50 7 51 50% 25956 239822 24956 22%
c i 24.98 166 150 21 40 1102 2 170348 13015 2.4 123 50 7 51 50% 25956 239822 24956 22%
c - 25.28 166 153 21 41 1104 2 172628 12703 2.4 125 52 7 51 51% 25956 239822 24956 22%
c - 26.26 166 159 21 42 1108 2 179034 13738 2.3 135 57 6 53 53% 25957 239822 24956 22%
c - 26.90 167 151 21 43 1111 2 185516 14319 2.4 134 56 6 51 51% 25966 239821 24956 22%
c ] 27.53 167 147 22 43 1114 2 189313 17965 2.4 133 55 6 51 51% 25967 239821 24956 22%
c { 27.53 167 175 22 43 1114 5 189313 17965 2.5 48 19 4 20 43% 25967 239821 24956 22%
c i 27.54 167 175 22 43 1116 5 189491 18108 2.5 48 19 4 20 43% 25969 239820 24954 22%
c
c seconds     switched    rate          size/glue  tier1     binary           remaining
c         MB    reductions  conflicts         size   tier2       irredundant
c           level    restarts      redundant     glue    trail           variables
c
c i 27.62 167 173 22 43 1117 5 191462 19984 2.5 48 19 4 20 43% 25972 239818 24951 22%
c - 27.66 167 172 22 44 1117 5 192075 15977 2.5 47 19 4 19 43% 25959 239818 24951 22%
c - 27.91 168 165 22 45 1119 4 198709 18313 2.6 47 18 4 19 42% 25959 239818 24951 22%
c i 27.92 168 164 22 45 1120 4 199184 18773 2.6 47 18 4 19 42% 25959 239818 24950 22%
c i 27.92 168 164 22 45 1120 4 199189 18776 2.6 47 18 4 19 42% 25959 239818 24949 22%
c i 27.93 168 164 22 45 1120 4 199223 18793 2.6 47 18 4 19 42% 25965 239817 24946 22%
c i 27.93 168 164 22 45 1120 4 199225 18793 2.6 47 18 4 19 42% 25966 239817 24945 22%
c i 28.00 168 163 22 45 1123 4 200786 20252 2.6 47 18 4 19 41% 25970 239817 24944 22%
c i 28.00 168 163 22 45 1123 4 200860 20318 2.6 47 18 4 19 41% 25971 239817 24942 22%
c i 28.00 168 163 22 45 1123 4 200867 20318 2.6 47 18 4 19 41% 25973 239817 24941 22%
c i 28.07 168 163 22 45 1124 4 202178 21551 2.6 46 18 4 19 41% 25983 239817 24939 22%
c i 28.12 168 163 22 45 1125 4 203249 22558 2.6 46 18 4 19 41% 25989 239817 24937 22%
c i 28.12 168 163 22 45 1125 4 203255 22559 2.6 46 18 4 19 41% 25992 239817 24936 22%
c i 28.20 168 162 22 45 1128 4 204286 23539 2.6 46 18 4 19 41% 26001 239817 24935 22%
c i 28.20 168 162 22 45 1128 4 204325 23561 2.6 46 18 4 19 41% 26011 239816 24933 22%
c - 28.25 168 162 22 46 1130 4 205419 20448 2.6 46 18 4 19 41% 25946 239815 24933 22%
c d 28.32 168 164 22 46 1130 4 207286 22216 2.6 45 17 4 19 40% 26000 239597 24932 22%
c b 28.33 168 164 22 46 1130 4 207286 22216 2.6 45 17 4 19 40% 26000 239597 24928 22%
c u 28.40 168 164 22 46 1130 4 207286 20898 2.6 45 17 4 19 40% 26016 239597 24928 22%
c v 28.49 170 164 22 46 1130 4 207286 20260 2.6 45 17 4 19 40% 26016 239597 24928 22%
c
c seconds     switched    rate          size/glue  tier1     binary           remaining
c         MB    reductions  conflicts         size   tier2       irredundant
c           level    restarts      redundant     glue    trail           variables
c
c w 28.53 170 164 22 46 1130 4 207286 20243 2.6 45 17 4 19 40% 26016 239597 24928 22%
c x 28.59 170 164 22 46 1130 4 207286 20242 2.6 45 17 4 19 40% 26030 238778 24928 22%
c t 28.60 170 164 22 46 1130 4 207286 20242 2.6 45 17 4 19 40% 26010 238778 24927 22%
c f 28.66 171 164 22 46 1130 4 207286 20242 2.6 45 17 4 19 40% 26017 238636 24933 22%
c i 28.67 171 165 22 46 1130 4 207399 20336 2.6 45 17 4 19 40% 26020 238635 24932 22%
c i 28.67 171 165 22 46 1130 4 207408 20337 2.6 45 17 4 19 40% 26021 238635 24931 22%
c i 28.67 171 165 22 46 1130 4 207409 20337 2.6 45 17 4 19 40% 26021 238635 24929 22%
c i 28.67 171 165 22 46 1130 4 207410 20337 2.6 45 17 4 19 40% 26021 238635 24928 22%
c i 28.74 172 164 22 46 1133 4 208785 21649 2.6 45 17 4 19 40% 26026 238633 24927 22%
c i 28.89 173 162 22 46 1136 4 211257 23994 2.6 44 17 4 19 40% 26033 238632 24926 22%
c i 28.89 173 162 22 46 1136 4 211277 24008 2.6 44 17 4 19 40% 26035 238631 24923 22%
c i 28.90 173 162 22 46 1136 4 211401 24118 2.6 44 17 4 19 40% 26041 238630 24922 22%
c i 28.90 173 162 22 46 1136 4 211402 24118 2.6 44 17 4 19 40% 26041 238630 24921 22%
c - 28.94 173 162 22 47 1137 4 212201 20571 2.6 44 17 4 19 40% 25985 238630 24921 22%
c i 29.03 173 161 22 47 1140 4 214112 22340 2.6 44 17 4 19 40% 25993 238630 24919 22%
c i 29.05 173 161 22 47 1142 4 214334 22557 2.6 44 17 4 19 40% 25994 238630 24918 22%
c i 29.05 173 161 22 47 1142 4 214335 22557 2.6 44 17 4 19 40% 25994 238630 24917 22%
c i 29.05 173 161 22 47 1142 4 214354 22566 2.6 44 17 4 19 40% 25996 238629 24916 22%
c i 29.05 173 161 22 47 1142 4 214373 22569 2.6 44 17 4 19 40% 26001 238629 24913 22%
c i 29.05 173 161 22 47 1142 4 214396 22582 2.6 44 17 4 19 40% 26003 238628 24912 22%
c
c seconds     switched    rate          size/glue  tier1     binary           remaining
c         MB    reductions  conflicts         size   tier2       irredundant
c           level    restarts      redundant     glue    trail           variables
c
c i 29.05 173 161 22 47 1142 4 214402 22582 2.6 44 17 4 19 40% 26005 238628 24911 22%
c i 29.12 173 160 22 47 1146 4 215771 23883 2.6 44 17 4 19 40% 26009 238628 24910 22%
c - 29.25 173 156 22 48 1146 4 219057 22248 2.6 43 16 4 18 39% 25966 238628 24910 22%
c i 29.25 173 156 22 48 1146 4 219059 22248 2.6 43 16 4 18 39% 25967 238628 24909 22%
c i 29.26 173 156 22 48 1146 4 219243 22385 2.6 43 16 4 18 39% 25971 238628 24907 22%
c } 29.32 173 154 23 48 1146 4 220830 23917 2.6 43 16 4 18 39% 25971 238628 24907 22%
c [ 29.32 173 147 23 48 1146 2 220830 23917 2.4 133 55 6 51 51% 25971 238628 24907 22%
c B 29.32 173 147 23 48 1146 2 220830 23917 2.4 133 55 6 51 51% 25971 238628 24907 22%
c i 29.33 173 147 23 48 1146 2 220867 23952 2.4 133 55 6 51 51% 25972 238628 24906 22%
c i 29.58 174 145 23 48 1147 2 222582 25609 2.4 133 55 6 51 51% 25972 238628 24902 22%
c - 30.12 124 140 23 49 1150 2 225985 22532 2.4 133 55 6 50 51% 25947 238628 24902 22%
c ] 30.97 124 134 24 49 1152 2 230386 26565 2.5 133 54 6 50 50% 25947 238628 24902 22%
c { 30.97 124 154 24 49 1152 4 230386 26565 2.6 43 16 4 18 39% 25947 238628 24902 22%
c o 31.01 125 154 24 49 1156 4 230598 26775 2.6 43 16 4 18 39% 25947 238628 24902 22%
c - 31.22 125 156 24 50 1188 4 232985 22181 2.6 43 17 4 18 39% 25948 238628 24902 22%
c - 31.95 126 159 24 51 1294 4 240056 24223 2.6 44 17 4 18 40% 25955 238628 24902 22%
c i 32.33 126 161 24 51 1352 4 244420 28486 2.6 44 17 4 18 40% 25958 238628 24901 22%
c - 32.59 126 163 24 52 1387 4 247198 26431 2.5 45 18 4 19 40% 25960 238627 24901 22%
c s 32.73 126 163 24 52 1400 4 248071 27285 2.5 45 18 4 19 40% 25964 237734 24901 22%
c e 32.98 146 163 24 52 1400 4 248071 27285 2.5 45 18 4 19 40% 17145 337599 16699 15%
c
c seconds     switched    rate          size/glue  tier1     binary           remaining
c         MB    reductions  conflicts         size   tier2       irredundant
c           level    restarts      redundant     glue    trail           variables
c
c s 33.22 146 163 24 52 1400 4 248071 27285 2.5 45 18 4 19 40% 17161 334631 16699 15%
c e 33.33 146 163 24 52 1400 4 248071 27285 2.5 45 18 4 19 40% 17147 334798 16689 15%
c ! 33.33 146 163 24 52 1400 4 248071 27285 2.5 45 18 4 19 40% 17147 334798 16689 15%
c b 33.37 166 163 24 52 1402 4 248214 9081 2.5 45 18 4 19 40% 17185 334760 16688 15%
c u 33.46 167 163 24 52 1402 4 248214 7816 2.5 45 18 4 19 40% 17191 334760 16687 15%
c v 33.53 167 163 24 52 1402 4 248214 7137 2.5 45 18 4 19 40% 17192 334760 16687 15%
c w 33.56 167 163 24 52 1402 4 248214 7117 2.5 45 18 4 19 40% 17192 334760 16687 15%
c x 33.64 167 163 24 52 1402 4 248214 7117 2.5 45 18 4 19 40% 17201 333716 16687 15%
c t 33.65 167 163 24 52 1402 4 248214 7116 2.5 45 18 4 19 40% 17192 333716 16687 15%
c f 33.74 167 163 24 52 1402 4 248214 7116 2.5 45 18 4 19 40% 17208 333203 16696 15%
c u 33.84 167 163 24 52 1402 4 248214 6362 2.5 45 18 4 19 40% 17232 333203 16696 15%
c v 33.90 167 163 24 52 1402 4 248214 6070 2.5 45 18 4 19 40% 17233 333203 16696 15%
c w 33.93 167 163 24 52 1402 4 248214 6026 2.5 45 18 4 19 40% 17233 333203 16696 15%
c x 34.01 167 163 24 52 1402 4 248214 6026 2.5 45 18 4 19 40% 17233 331407 16696 15%
c t 34.03 167 163 24 52 1402 4 248214 6026 2.5 45 18 4 19 40% 17225 331407 16696 15%
c f 34.12 167 163 24 52 1402 4 248214 6026 2.5 45 18 4 19 40% 17239 330889 16706 15%
c i 34.13 167 163 24 52 1402 4 248214 6026 2.5 45 18 4 19 40% 17239 330889 16706 15%
c i 34.55 167 165 24 52 1463 4 253071 10691 2.5 45 18 4 19 41% 17251 330889 16705 15%
c - 34.73 184 166 24 53 1480 5 254410 11133 2.5 45 18 4 19 41% 17234 330853 16705 15%
c - 35.56 185 168 24 54 1579 5 261690 17257 2.5 46 18 4 19 41% 17237 330853 16705 15%
c
c seconds     switched    rate          size/glue  tier1     binary           remaining
c         MB    reductions  conflicts         size   tier2       irredundant
c           level    restarts      redundant     glue    trail           variables
c
c } 36.21 185 170 25 54 1662 5 267063 22473 2.5 47 19 4 19 42% 17243 330853 16705 15%
c [ 36.21 185 134 25 54 1662 2 267063 22473 2.5 133 54 6 50 50% 17243 330853 16705 15%
c W 36.25 188 134 25 54 1662 2 267063 22473 2.5 133 54 6 50 50% 17243 330853 16705 15%
c - 36.66 189 132 25 55 1663 2 269039 20255 2.5 133 54 7 48 50% 17243 330853 16705 15%
c - 37.95 190 123 25 56 1668 2 276455 20297 2.5 133 52 7 46 50% 17243 330853 16705 15%
c - 39.41 191 116 25 57 1672 2 283939 18719 2.6 131 51 7 45 50% 17243 330853 16705 15%
c ] 40.30 191 112 26 57 1675 2 288505 22971 2.6 131 51 7 45 50% 17243 330853 16705 15%
c { 40.30 191 170 26 57 1675 5 288505 22971 2.5 47 19 4 19 42% 17243 330853 16705 15%
c - 40.63 162 170 26 58 1705 5 291488 19738 2.5 47 19 4 19 42% 17244 330853 16705 15%
c u 41.02 163 170 26 58 1731 5 294145 20569 2.5 47 19 4 19 42% 17249 330853 16705 15%
c v 41.16 179 170 26 58 1731 5 294145 19789 2.5 47 19 4 19 42% 17249 330853 16705 15%
c w 41.26 181 170 26 58 1731 5 294145 19789 2.5 47 19 4 19 42% 17249 330853 16705 15%
c x 41.34 182 170 26 58 1731 5 294145 19789 2.5 47 19 4 19 42% 17249 329128 16705 15%
c t 41.35 182 170 26 58 1731 5 294145 19789 2.5 47 19 4 19 42% 17236 329128 16705 15%
c f 41.48 182 170 26 58 1731 5 294145 19789 2.5 47 19 4 19 42% 17253 328503 16717 15%
c u 41.61 182 170 26 58 1731 5 294145 19274 2.5 47 19 4 19 42% 17271 328503 16717 15%
c v 41.76 182 170 26 58 1731 5 294145 17725 2.5 47 19 4 19 42% 17271 328503 16717 15%
c w 41.84 198 170 26 58 1731 5 294145 17724 2.5 47 19 4 19 42% 17271 328503 16717 15%
c x 41.92 198 170 26 58 1731 5 294145 17724 2.5 47 19 4 19 42% 17271 327725 16717 15%
c t 41.94 198 170 26 58 1731 5 294145 17724 2.5 47 19 4 19 42% 17263 327725 16717 15%
c
c seconds     switched    rate          size/glue  tier1     binary           remaining
c         MB    reductions  conflicts         size   tier2       irredundant
c           level    restarts      redundant     glue    trail           variables
c
c f 42.07 198 170 26 58 1731 5 294145 17724 2.5 47 19 4 19 42% 17281 327103 16729 15%
c - 42.56 215 171 26 59 1775 5 299103 18957 2.5 47 19 4 19 43% 17281 327103 16729 15%
c o 42.73 216 171 26 59 1796 5 300631 20427 2.5 47 19 4 19 43% 17283 327103 16729 15%
c - 43.39 216 172 26 60 1864 5 306784 21855 2.5 48 19 4 19 43% 17289 327103 16729 15%
c - 44.21 217 172 26 61 1949 5 314531 23920 2.5 49 19 4 19 44% 17291 327103 16729 15%
c - 45.00 218 173 26 62 2029 5 322341 25683 2.5 49 19 4 19 45% 17296 327103 16729 15%
c - 45.90 218 174 26 63 2120 5 330219 27205 2.5 50 20 4 19 45% 17297 327103 16729 15%
c } 45.96 218 174 27 63 2127 5 330723 27692 2.5 50 20 4 19 45% 17297 327103 16729 15%
c [ 45.96 218 112 27 63 2127 2 330723 27692 2.6 131 51 7 45 50% 17297 327103 16729 15%
c I 45.96 218 112 27 63 2127 2 330723 27692 2.6 131 51 7 45 50% 17297 327103 16729 15%
c - 47.35 220 115 27 64 2132 2 338156 25864 2.6 134 52 7 44 52% 17297 327103 16729 15%
c b 48.45 220 116 27 64 2135 2 344269 31745 2.5 132 52 7 44 51% 17297 327103 16728 15%
c u 48.59 220 116 27 64 2135 2 344269 30074 2.5 132 52 7 44 51% 17297 327103 16728 15%
c v 48.74 220 116 27 64 2135 2 344269 29638 2.5 132 52 7 44 51% 17297 327103 16728 15%
c w 48.84 222 116 27 64 2135 2 344269 29638 2.5 132 52 7 44 51% 17297 327103 16728 15%
c x 48.91 222 116 27 64 2135 2 344269 29638 2.5 132 52 7 44 51% 17299 327036 16728 15%
c t 48.93 222 116 27 64 2135 2 344269 29638 2.5 132 52 7 44 51% 17297 327036 16728 15%
c f 49.04 222 116 27 64 2135 2 344269 29638 2.5 132 52 7 44 51% 17314 326572 16739 15%
c u 49.28 241 116 27 64 2135 2 344269 28235 2.5 132 52 7 44 51% 17332 326572 16739 15%
c v 49.48 242 116 27 64 2135 2 344269 27252 2.5 132 52 7 44 51% 17332 326572 16739 15%
c
c seconds     switched    rate          size/glue   tier1     binary           remaining
c         MB    reductions  conflicts         size    tier2       irredundant
c           level    restarts      redundant      glue    trail           variables
c
c w 49.57 244 116 27 64 2135 2 344269 27249 2.5 132 52 7 44 51% 17332 326572 16739 15%
c t 50.15 245 116 27 64 2135 2 344269 27249 2.5 132 52 7 44 51% 17321 326572 16739 15%
c f 50.27 245 116 27 64 2135 2 344269 27249 2.5 132 52 7 44 51% 17333 326328 16746 15%
c - 50.54 245 116 27 65 2136 2 346156 19716 2.5 132 52 7 44 51% 17334 326327 16746 15%
c - 51.79 191 113 27 66 2140 2 354219 20494 2.6 132 51 7 44 51% 17334 326327 16746 15%
c s 52.60 191 111 27 66 2141 2 357371 23557 2.6 133 50 7 44 51% 17334 324128 16746 15%
c e 52.73 208 111 27 66 2141 2 357371 23557 2.6 133 50 7 44 51% 17151 325044 16653 14%
c s 52.92 208 111 27 66 2141 2 357371 23557 2.6 133 50 7 44 51% 17152 324440 16653 14%
c e 52.99 208 111 27 66 2141 2 357371 23557 2.6 133 50 7 44 51% 17124 324540 16637 14%
c ] 53.12 208 110 28 66 2141 2 358257 21571 2.6 132 50 7 44 50% 17124 324540 16637 14%
c { 53.12 208 174 28 66 2141 5 358257 21571 2.5 50 20 4 19 45% 17124 324540 16637 14%
c - 53.65 210 174 28 67 2201 5 362343 20284 2.5 50 20 4 19 45% 17127 324540 16637 14%
c i 54.14 210 174 28 67 2259 5 366727 24512 2.5 50 20 4 19 45% 17129 324540 16636 14%
c - 54.65 210 174 28 68 2318 5 370528 23428 2.5 51 20 4 19 45% 17125 324540 16636 14%
c - 55.70 211 175 28 69 2422 5 378774 25951 2.5 52 21 4 20 46% 17126 324540 16636 14%
c o 55.98 211 175 28 69 2454 5 380631 27772 2.5 52 21 4 20 46% 17126 324540 16636 14%
c - 56.94 211 176 28 70 2559 5 387080 27627 2.5 53 22 4 20 46% 17131 324540 16636 14%
c - 58.05 212 177 28 71 2679 5 395446 28982 2.5 54 22 4 20 46% 17134 324540 16636 14%
c u 58.64 212 176 28 71 2725 5 398697 30510 2.5 55 22 4 20 46% 17145 324529 16636 14%
c v 58.81 212 176 28 71 2725 5 398697 29968 2.5 55 22 4 20 46% 17145 324529 16636 14%
c
c seconds     switched    rate          size/glue  tier1     binary           remaining
c         MB    reductions  conflicts         size   tier2       irredundant
c           level    restarts      redundant     glue    trail           variables
c
c w 58.90 212 176 28 71 2725 5 398697 29967 2.5 55 22 4 20 46% 17145 324529 16636 14%
c x 59.00 212 176 28 71 2725 5 398697 29957 2.5 55 22 4 20 46% 17152 323319 16636 14%
c t 59.02 212 176 28 71 2725 5 398697 29957 2.5 55 22 4 20 46% 17149 323319 16636 14%
c f 59.15 212 176 28 71 2725 5 398697 29957 2.5 55 22 4 20 46% 17157 323151 16642 14%
c u 59.31 212 176 28 71 2725 5 398697 29045 2.5 55 22 4 20 46% 17162 323151 16642 14%
c v 59.48 212 176 28 71 2725 5 398697 28181 2.5 55 22 4 20 46% 17162 323151 16642 14%
c w 59.57 229 176 28 71 2725 5 398697 28179 2.5 55 22 4 20 46% 17162 323151 16642 14%
c x 59.68 229 176 28 71 2725 5 398697 28145 2.5 55 22 4 20 46% 17165 320130 16642 14%
c t 59.70 229 176 28 71 2725 5 398697 28145 2.5 55 22 4 20 46% 17163 320130 16642 14%
c f 59.83 229 176 28 71 2725 5 398697 28145 2.5 55 22 4 20 46% 17176 319870 16650 14%
c - 60.56 247 176 28 72 2801 5 403873 26812 2.5 56 23 4 20 46% 17180 319870 16650 14%
c } 60.94 247 176 29 72 2841 5 406398 29298 2.5 56 23 4 20 47% 17183 319870 16650 14%
c [ 60.94 247 110 29 72 2841 2 406398 29298 2.6 132 50 7 44 50% 17183 319870 16650 14%
c B 60.94 247 110 29 72 2841 2 406398 29298 2.6 132 50 7 44 50% 17183 319870 16650 14%
c - 61.87 183 115 29 73 2845 2 412358 26978 2.6 133 51 7 43 51% 17183 319870 16650 14%
c - 63.25 184 112 29 74 2850 2 420903 25580 2.6 133 51 6 42 51% 17183 319870 16650 14%
c - 64.41 184 116 29 75 2854 2 429508 24866 2.6 133 51 6 42 51% 17183 319870 16650 14%
c - 65.78 185 118 29 76 2855 2 438168 23592 2.5 134 53 6 43 51% 17183 319870 16650 14%
c - 66.88 185 119 29 77 2861 2 446885 23479 2.5 132 53 6 43 51% 17183 319870 16650 14%
c ] 67.15 185 120 30 77 2862 2 448634 25180 2.5 132 54 6 43 51% 17183 319870 16650 14%
c
c seconds     switched    rate          size/glue  tier1     binary           remaining
c         MB    reductions  conflicts         size   tier2       irredundant
c           level    restarts      redundant     glue    trail           variables
c
c { 67.15 185 176 30 77 2862 5 448634 25180 2.5 56 23 4 20 47% 17183 319870 16650 14%
c - 68.00 186 177 30 78 2948 5 455659 25947 2.5 57 23 4 20 47% 17188 319870 16650 14%
c u 68.32 186 178 30 78 2953 5 457400 25934 2.5 57 23 4 20 47% 17190 319870 16650 14%
c v 68.50 186 178 30 78 2953 5 457400 24630 2.5 57 23 4 20 47% 17190 319870 16650 14%
c w 68.59 186 178 30 78 2953 5 457400 24605 2.5 57 23 4 20 47% 17190 319870 16650 14%
c x 68.71 186 178 30 78 2953 5 457400 24577 2.5 57 23 4 20 47% 17202 312613 16650 14%
c t 68.73 186 178 30 78 2953 5 457400 24577 2.5 57 23 4 20 47% 17197 312613 16650 14%
c f 68.87 186 178 30 78 2953 5 457400 24577 2.5 57 23 4 20 47% 17211 312351 16659 14%
c u 69.06 186 178 30 78 2953 5 457400 23451 2.5 57 23 4 20 47% 17216 312351 16659 14%
c v 69.23 186 178 30 78 2953 5 457400 22395 2.5 57 23 4 20 47% 17216 312351 16659 14%
c w 69.31 186 178 30 78 2953 5 457400 22381 2.5 57 23 4 20 47% 17216 312351 16659 14%
c x 69.43 186 178 30 78 2953 5 457400 22357 2.5 57 23 4 20 47% 17223 304891 16659 14%
c t 69.45 186 178 30 78 2953 5 457400 22357 2.5 57 23 4 20 47% 17220 304891 16659 14%
c f 69.59 186 178 30 78 2953 5 457400 22357 2.5 57 23 4 20 47% 17230 304684 16666 14%
c - 70.41 207 178 30 79 3025 5 464490 25010 2.5 58 23 4 20 47% 17230 304684 16666 14%
c o 71.07 207 179 30 79 3086 5 470836 31210 2.5 58 23 4 20 48% 17235 304684 16666 14%
c - 71.29 207 179 30 80 3102 5 473379 28426 2.5 58 23 4 20 48% 17235 304684 16666 14%
c - 72.55 140 179 30 81 3220 5 482323 30139 2.5 59 24 4 20 48% 17238 304684 16666 14%
c s 73.82 140 179 30 81 3323 5 490723 38408 2.5 60 24 4 20 48% 17243 304389 16666 14%
c e 73.94 137 179 30 81 3323 5 490723 38408 2.5 60 24 4 20 48% 17091 305527 16572 14%
c
c seconds     switched    rate          size/glue  tier1     binary           remaining
c         MB    reductions  conflicts         size   tier2       irredundant
c           level    restarts      redundant     glue    trail           variables
c
c s 74.04 137 179 30 81 3323 5 490723 38408 2.5 60 24 4 20 48% 17091 305064 16572 14%
c e 74.09 137 179 30 81 3323 5 490723 38408 2.5 60 24 4 20 48% 17076 305154 16565 14%
c - 74.18 137 179 30 82 3333 5 491324 28307 2.5 60 24 4 21 48% 17076 305154 16565 14%
c - 75.34 137 181 30 83 3431 5 500380 30652 2.5 61 25 4 21 49% 17081 305154 16565 14%
c } 75.73 137 181 31 83 3472 5 503068 33294 2.5 62 25 4 21 49% 17083 305154 16565 14%
c [ 75.73 137 120 31 83 3472 2 503068 33294 2.5 132 54 6 43 51% 17083 305154 16565 14%
c W 75.76 144 120 31 83 3472 2 503068 33294 2.5 132 54 6 43 51% 17082 305154 16565 14%
c - 76.60 145 123 31 84 3477 2 509492 31459 2.5 132 53 6 43 51% 17082 305154 16565 14%
c - 77.93 145 125 31 85 3481 2 518659 29541 2.4 132 54 6 43 51% 17083 305154 16565 14%
c u 78.35 147 126 31 85 3482 2 520317 29115 2.4 132 54 6 43 51% 17122 305154 16564 14%
c v 78.52 147 126 31 85 3482 2 520317 28324 2.4 132 54 6 43 51% 17122 305154 16564 14%
c w 78.61 148 126 31 85 3482 2 520317 28323 2.4 132 54 6 43 51% 17122 305154 16564 14%
c x 78.73 148 126 31 85 3482 2 520317 28305 2.4 132 54 6 43 51% 17132 297815 16563 14%
c t 78.75 148 126 31 85 3482 2 520317 28302 2.4 132 54 6 43 51% 17119 297801 16562 14%
c f 78.88 148 126 31 85 3482 2 520317 28302 2.4 132 54 6 43 51% 17122 297758 16564 14%
c u 79.05 148 126 31 85 3482 2 520317 27020 2.4 132 54 6 43 51% 17131 297749 16564 14%
c v 79.23 148 126 31 85 3482 2 520317 26169 2.4 132 54 6 43 51% 17131 297749 16564 14%
c w 79.31 150 126 31 85 3482 2 520317 26169 2.4 132 54 6 43 51% 17131 297749 16564 14%
c x 79.43 150 126 31 85 3482 2 520317 26165 2.4 132 54 6 43 51% 17137 290221 16564 14%
c t 79.45 150 126 31 85 3482 2 520317 26165 2.4 132 54 6 43 51% 17135 290221 16564 14%
c
c seconds     switched    rate          size/glue   tier1     binary           remaining
c         MB    reductions  conflicts         size    tier2       irredundant
c           level    restarts      redundant      glue    trail           variables
c
c f 79.58 150 126 31 85 3482 2 520317 26165 2.4 132 54 6 43 51% 17143 290110 16569 14%
c i 79.59 150 126 31 85 3482 2 520317 26165 2.4 132 54 6 43 51% 17143 290110 16569 14%
c - 80.70 151 127 31 86 3486 2 527879 23916 2.4 132 56 6 44 52% 17125 290110 16569 14%
c - 82.26 153 124 31 87 3488 2 537153 23914 2.4 134 55 6 44 52% 17125 290110 16569 14%
c - 83.54 116 124 31 88 3493 2 546480 24785 2.4 133 55 6 43 51% 17126 290110 16569 14%
c ] 83.72 116 124 32 88 3493 2 547845 26117 2.4 133 55 6 43 51% 17126 290110 16569 14%
c { 83.72 116 181 32 88 3493 5 547845 26117 2.5 62 25 4 21 49% 17126 290110 16569 14%
c - 84.41 118 180 32 89 3547 5 555860 28102 2.5 61 24 4 21 49% 17131 290110 16569 14%
c - 85.49 119 181 32 90 3646 5 565293 31626 2.5 61 24 4 21 49% 17136 290110 16569 14%
c o 86.08 119 181 32 90 3703 5 570883 37023 2.5 61 24 4 21 48% 17142 290110 16569 14%
c - 86.53 120 181 32 91 3737 5 574779 33665 2.5 61 24 4 21 48% 17143 290110 16569 14%
c - 87.60 120 181 32 92 3826 5 584318 35472 2.5 61 24 4 21 48% 17143 290110 16569 14%
c u 88.11 120 181 32 92 3860 5 587473 36218 2.5 61 24 4 21 48% 17145 290110 16569 14%
c v 88.29 120 181 32 92 3860 5 587473 35146 2.5 61 24 4 21 48% 17145 290110 16569 14%
c w 88.38 121 181 32 92 3860 5 587473 35138 2.5 61 24 4 21 48% 17145 290110 16569 14%
c x 88.52 120 181 32 92 3860 5 587473 35130 2.5 61 24 4 21 48% 17145 285808 16569 14%
c t 88.54 120 181 32 92 3860 5 587473 35130 2.5 61 24 4 21 48% 17140 285808 16569 14%
c f 88.67 120 181 32 92 3860 5 587473 35130 2.5 61 24 4 21 48% 17149 285672 16575 14%
c u 88.89 123 181 32 92 3860 5 587473 34160 2.5 61 24 4 21 48% 17154 285672 16575 14%
c v 89.07 123 181 32 92 3860 5 587473 33223 2.5 61 24 4 21 48% 17154 285672 16575 14%
c
c seconds     switched    rate          size/glue  tier1     binary           remaining
c         MB    reductions  conflicts         size   tier2       irredundant
c           level    restarts      redundant     glue    trail           variables
c
c w 89.15 124 181 32 92 3860 5 587473 33173 2.5 61 24 4 21 48% 17154 285672 16575 14%
c x 89.29 123 181 32 92 3860 5 587473 33163 2.5 61 24 4 21 48% 17156 281736 16575 14%
c f 90.48 124 181 32 92 3860 5 587473 33163 2.5 61 24 4 21 48% 17159 281638 16577 14%
c - 91.20 127 181 32 93 3920 5 593911 32434 2.5 61 24 4 21 48% 17164 281637 16577 14%
c - 92.32 128 181 32 94 4025 5 603554 34306 2.5 61 25 4 21 48% 17165 281637 16577 14%
c } 92.99 128 181 33 94 4090 5 608951 39587 2.5 61 25 4 21 48% 17166 281637 16577 14%
c [ 92.99 128 124 33 94 4090 2 608951 39587 2.4 133 55 6 43 51% 17166 281637 16577 14%
c O 92.99 128 124 33 94 4090 2 608951 39587 2.4 133 55 6 43 51% 17166 281637 16577 14%
c - 93.55 112 122 33 95 4093 2 613250 35056 2.4 132 54 5 43 50% 17166 281637 16577 14%
c - 94.49 113 122 33 96 4098 2 622996 34080 2.4 131 53 5 43 49% 17172 281636 16577 14%
c - 95.47 113 123 33 97 4103 2 632794 32677 2.4 129 53 5 43 49% 17175 281636 16577 14%
c - 96.54 114 123 33 98 4105 2 642642 31577 2.4 129 53 5 43 48% 17179 281636 16577 14%
c s 97.57 114 123 33 98 4110 2 649160 37895 2.4 129 54 5 43 48% 17179 281354 16577 14%
c e 97.69 114 123 33 98 4110 2 649160 37895 2.4 129 54 5 43 48% 17072 282056 16526 14%
c s 97.74 114 123 33 98 4110 2 649160 37895 2.4 129 54 5 43 48% 17075 281686 16526 14%
c e 97.77 114 123 33 98 4110 2 649160 37895 2.4 129 54 5 43 48% 17069 281719 16524 14%
c - 98.22 116 123 33 99 4111 2 652542 30648 2.4 129 54 5 43 49% 17069 281719 16524 14%
c u 99.18 118 125 33 99 4115 2 658994 35067 2.4 130 54 5 43 49% 17074 281719 16524 14%
c v 99.35 118 125 33 99 4115 2 658994 33700 2.4 130 54 5 43 49% 17074 281719 16524 14%
c w 99.46 121 125 33 99 4115 2 658994 33698 2.4 130 54 5 43 49% 17074 281719 16524 14%
c
c seconds     switched    rate          size/glue   tier1     binary           remaining
c         MB    reductions  conflicts         size    tier2       irredundant
c           level    restarts      redundant      glue    trail           variables
c
c x 99.60 120 125 33 99 4115 2 658994 33678 2.4 130 54 5 43 49% 17079 278002 16524 14%
c t 99.62 120 125 33 99 4115 2 658994 33678 2.4 130 54 5 43 49% 17073 278002 16524 14%
c f 99.75 120 125 33 99 4115 2 658994 33678 2.4 130 54 5 43 49% 17075 277983 16525 14%
c u 99.92 121 125 33 99 4115 2 658994 32909 2.4 130 54 5 43 49% 17082 277983 16525 14%
c v 100.11 121 125 33 99 4115 2 658994 31497 2.4 130 54 5 43 49% 17082 277983 16525 14%
c w 100.20 124 125 33 99 4115 2 658994 31492 2.4 130 54 5 43 49% 17082 277983 16525 14%
c x 100.34 123 125 33 99 4115 2 658994 31477 2.4 130 54 5 43 49% 17087 274091 16525 14%
c t 100.36 123 125 33 99 4115 2 658994 31477 2.4 130 54 5 43 49% 17083 274091 16525 14%
c f 100.50 123 125 33 99 4115 2 658994 31477 2.4 130 54 5 43 49% 17087 274005 16527 14%
c B 100.83 124 126 33 99 4117 2 661738 34114 2.4 131 54 5 43 49% 17088 274005 16527 14%
c - 100.90 124 127 33 100 4118 2 662492 27050 2.4 131 54 5 43 49% 17088 274005 16527 14%
c ] 101.53 125 127 34 100 4119 2 668721 33056 2.5 134 55 5 43 49% 17090 274005 16527 14%
c { 101.53 125 181 34 100 4119 5 668721 33056 2.5 61 25 4 21 48% 17090 274005 16527 14%
c i 101.71 125 176 34 100 4120 5 671977 36246 2.5 62 24 4 21 47% 17096 274005 16526 14%
c - 101.73 125 176 34 101 4120 5 672493 29282 2.5 62 24 4 21 47% 17097 274005 16526 14%
c i 101.98 126 173 34 101 4122 5 675433 32205 2.6 63 24 4 21 47% 17101 274005 16525 14%
c o 102.32 127 167 34 101 4125 5 681847 38502 2.6 62 24 4 21 47% 17106 274005 16525 14%
c - 102.35 127 167 34 102 4125 5 682543 33899 2.6 62 24 4 21 46% 17101 274005 16525 14%
c i 102.56 128 159 34 102 4126 4 692197 43225 2.6 59 22 4 21 44% 17112 274004 16522 14%
c i 102.56 128 159 34 102 4126 4 692245 43262 2.6 59 22 4 21 44% 17115 274004 16521 14%
c
c seconds      switched     rate          size/glue  tier1     binary           remaining
c          MB    reductions   conflicts         size   tier2       irredundant
c            level     restarts      redundant     glue    trail           variables
c
c - 102.57 128 159 34 103 4126 4 692642 38459 2.6 59 22 4 20 44% 17101 274004 16521 14%
c - 103.04 128 148 34 104 4131 4 702791 40859 2.7 59 22 4 20 43% 17106 274004 16521 14%
c i 103.39 129 142 34 104 4138 4 711478 49079 2.8 58 21 4 20 42% 17144 274004 16517 14%
c i 103.40 129 142 34 104 4138 4 711579 49151 2.8 58 21 4 20 42% 17150 274004 16516 14%
c - 103.48 129 141 34 105 4140 4 712991 41824 2.8 58 21 4 20 41% 17138 274004 16516 14%
c - 104.00 111 134 34 106 4147 4 723238 43268 2.9 57 20 4 20 41% 17153 274004 16516 14%
c - 104.42 112 127 34 107 4151 3 733534 45941 3.0 57 19 4 20 40% 17158 274004 16516 14%
c u 104.55 115 126 34 107 4151 3 734928 46243 3.0 57 19 4 20 40% 17186 273831 16516 14%
c v 104.67 119 126 34 107 4151 3 734928 46125 3.0 57 19 4 20 40% 17186 273831 16516 14%
c w 104.72 119 126 34 107 4151 3 734928 46124 3.0 57 19 4 20 40% 17186 273831 16516 14%
c x 104.79 120 126 34 107 4151 3 734928 46104 3.0 57 19 4 20 40% 17190 271812 16514 14%
c t 104.81 120 126 34 107 4151 3 734928 46103 3.0 57 19 4 20 40% 17166 271808 16514 14%
c f 104.88 120 126 34 107 4151 3 734928 46103 3.0 57 19 4 20 40% 17170 271761 16516 14%
c i 104.89 120 126 34 107 4151 3 734928 46103 3.0 57 19 4 20 40% 17170 271761 16516 14%
c } 104.94 120 124 35 107 4151 3 736867 47946 3.0 57 19 4 20 39% 17177 271761 16516 14%
c [ 104.94 120 127 35 107 4151 2 736867 47946 2.5 134 55 5 43 49% 17177 271761 16516 14%
c W 104.97 124 127 35 107 4151 2 736867 47946 2.5 134 55 5 43 49% 17169 271761 16516 14%
c - 106.13 125 126 35 108 4156 2 743878 44014 2.5 136 55 5 43 49% 17169 271761 16516 14%
c - 107.86 127 124 35 109 4161 2 754270 40619 2.5 137 55 5 43 49% 17169 271761 16516 14%
c ] 108.02 127 124 36 109 4163 2 756145 42438 2.5 136 55 5 43 49% 17169 271761 16516 14%
c
c seconds      switched     rate          size/glue  tier1     binary           remaining
c          MB    reductions   conflicts         size   tier2       irredundant
c            level     restarts      redundant     glue    trail           variables
c
c { 108.02 127 124 36 109 4163 3 756145 42438 3.0 57 19 4 20 39% 17169 271761 16516 14%
c - 108.95 131 131 36 110 4280 3 764710 41794 2.9 57 19 4 20 40% 17172 271761 16516 14%
c - 110.24 135 138 36 111 4433 4 775198 45028 2.8 57 20 4 20 41% 17176 271761 16516 14%
c - 111.49 136 145 36 112 4575 4 785733 47176 2.8 58 21 4 20 42% 17181 271761 16516 14%
c - 112.77 136 150 36 113 4723 4 796316 49142 2.7 58 21 4 20 43% 17186 271760 16516 14%
c o 113.46 137 153 36 113 4800 4 801888 54610 2.7 59 22 4 20 43% 17187 271760 16516 14%
c - 114.11 137 155 36 114 4869 4 806947 50759 2.7 59 22 4 20 43% 17188 271760 16516 14%
c u 115.36 137 158 36 114 4978 4 815418 56200 2.7 60 22 4 20 44% 17214 271760 16516 14%
c v 115.58 138 158 36 114 4978 4 815418 55618 2.7 60 22 4 20 44% 17215 271760 16516 14%
c w 115.70 142 158 36 114 4978 4 815418 55616 2.7 60 22 4 20 44% 17215 271760 16516 14%
c x 115.87 141 158 36 114 4978 4 815418 55597 2.7 60 22 4 20 44% 17222 267666 16515 14%
c t 115.89 141 158 36 114 4978 4 815418 55597 2.7 60 22 4 20 44% 17202 267662 16515 14%
c f 116.06 141 158 36 114 4978 4 815418 55597 2.7 60 22 4 20 44% 17218 267443 16524 14%
c u 116.27 142 158 36 114 4978 4 815418 52451 2.7 60 22 4 20 44% 17233 267443 16519 14%
c v 116.49 143 158 36 114 4978 4 815418 51355 2.7 60 22 4 20 44% 17233 267443 16519 14%
c w 116.61 145 158 36 114 4978 4 815418 51354 2.7 60 22 4 20 44% 17233 267443 16519 14%
c x 116.78 145 158 36 114 4978 4 815418 51339 2.7 60 22 4 20 44% 17251 262949 16515 14%
c t 116.80 145 158 36 114 4978 4 815418 51151 2.7 60 22 4 20 44% 17248 262915 16515 14%
c f 116.96 145 158 36 114 4978 4 815418 51151 2.7 60 22 4 20 44% 17261 262730 16523 14%
c i 116.97 145 158 36 114 4978 4 815418 51151 2.7 60 22 4 20 44% 17261 262730 16523 14%
c
c seconds      switched     rate          size/glue  tier1     binary           remaining
c          MB    reductions   conflicts         size   tier2       irredundant
c            level     restarts      redundant     glue    trail           variables
c
c - 117.20 148 158 36 115 4995 4 817627 44606 2.7 59 22 4 20 44% 17227 262730 16523 14%
c - 118.50 150 163 36 116 5133 5 828350 46632 2.6 60 23 4 20 44% 17234 262730 16523 14%
c } 118.90 150 164 37 116 5174 5 831701 49870 2.6 60 23 4 20 45% 17238 262730 16523 14%
c [ 118.90 150 124 37 116 5174 2 831701 49870 2.5 136 55 5 43 49% 17238 262730 16523 14%
c I 118.90 150 124 37 116 5174 2 831701 49870 2.5 136 55 5 43 49% 17238 262730 16523 14%
c s 119.30 151 126 37 116 5175 2 833620 51750 2.5 137 55 5 43 49% 17252 262273 16523 14%
c e 119.43 151 126 37 116 5175 2 833620 51750 2.5 137 55 5 43 49% 16996 263920 16387 14%
c s 119.50 151 126 37 116 5175 2 833620 51750 2.5 137 55 5 43 49% 16997 263203 16387 14%
c e 119.55 151 126 37 116 5175 2 833620 51750 2.5 137 55 5 43 49% 16974 263375 16377 14%
c - 120.58 151 125 37 117 5179 2 839124 42653 2.5 138 56 5 43 50% 16974 263375 16377 14%
c - 122.50 152 119 37 118 5185 2 849940 41470 2.6 139 54 5 42 51% 16974 263375 16377 14%
c - 124.54 111 114 37 119 5188 2 860802 41363 2.6 140 53 5 41 52% 16974 263375 16377 14%
c - 126.56 112 109 37 120 5194 2 871713 41326 2.7 142 52 5 40 54% 16974 263375 16377 14%
c - 128.43 114 104 37 121 5200 2 882672 40931 2.8 142 51 5 40 55% 16974 263375 16377 14%
c ] 128.92 114 103 38 121 5202 1 885080 43168 2.8 142 51 5 40 55% 16974 263375 16377 14%
c { 128.92 114 164 38 121 5202 5 885080 43168 2.6 60 23 4 20 45% 16974 263375 16377 14%
c i 129.04 116 157 38 121 5206 4 891253 48653 2.6 58 22 4 20 42% 16979 263375 16376 14%
c i 129.13 116 157 38 121 5207 4 893213 50521 2.6 57 22 4 20 42% 16980 263374 16375 14%
c i 129.13 116 157 38 121 5207 4 893284 50578 2.6 57 22 4 20 42% 16984 263373 16374 14%
c i 129.13 116 157 38 121 5207 4 893287 50576 2.6 57 22 4 20 42% 16986 263373 16373 14%
c
c seconds      switched     rate          size/glue  tier1     binary           remaining
c          MB    reductions   conflicts         size   tier2       irredundant
c            level     restarts      redundant     glue    trail           variables
c
c - 129.16 117 157 38 122 5207 4 893672 43028 2.6 57 22 4 19 42% 16967 263373 16373 14%
c i 129.42 118 157 38 122 5216 4 898067 47164 2.6 56 21 4 19 41% 16977 263373 16372 14%
c i 129.55 118 156 38 122 5219 4 900359 49343 2.6 56 21 4 19 41% 16984 263373 16369 14%
c b 129.57 118 156 38 122 5219 4 900370 49342 2.6 56 21 4 19 41% 17000 263305 16368 14%
c u 129.79 119 156 38 122 5219 4 900370 44194 2.6 56 21 4 19 41% 17140 263305 16361 14%
c v 130.03 119 156 38 122 5219 4 900370 42696 2.6 56 21 4 19 41% 17133 263305 16361 14%
c w 130.15 121 156 38 122 5219 4 900370 42685 2.6 56 21 4 19 41% 17133 263305 16361 14%
c x 130.36 120 156 38 122 5219 4 900370 42652 2.6 56 21 4 19 41% 17154 259036 16361 14%
c t 130.38 120 156 38 122 5219 4 900370 42616 2.6 56 21 4 19 41% 17080 259036 16360 14%
c f 130.56 120 156 38 122 5219 4 900370 42616 2.6 56 21 4 19 41% 17081 259015 16361 14%
c u 130.79 124 156 38 122 5219 4 900370 40111 2.6 56 21 4 19 41% 17097 259012 16361 14%
c v 131.01 125 156 38 122 5219 4 900370 38500 2.6 56 21 4 19 41% 17097 259012 16361 14%
c w 131.12 127 156 38 122 5219 4 900370 38474 2.6 56 21 4 19 41% 17097 259012 16361 14%
c x 131.31 126 156 38 122 5219 4 900370 38448 2.6 56 21 4 19 41% 17106 253799 16361 14%
c t 131.33 126 156 38 122 5219 4 900370 38448 2.6 56 21 4 19 41% 17102 253799 16361 14%
c f 131.50 126 156 38 122 5219 4 900370 38448 2.6 56 21 4 19 41% 17109 253602 16367 14%
c i 131.50 127 156 38 122 5219 4 900370 38448 2.6 56 21 4 19 41% 17109 253602 16367 14%
c i 131.54 127 156 38 122 5219 4 901818 39649 2.6 55 21 4 19 41% 17118 253602 16363 14%
c i 131.54 127 156 38 122 5219 4 901882 39685 2.6 55 21 4 19 41% 17125 253599 16362 14%
c i 131.60 128 156 38 122 5222 4 903064 40768 2.6 55 21 4 19 41% 17127 253599 16361 14%
c
c seconds      switched     rate          size/glue  tier1     binary           remaining
c          MB    reductions   conflicts         size   tier2       irredundant
c            level     restarts      redundant     glue    trail           variables
c
c - 131.64 128 156 38 123 5222 4 904718 36740 2.6 54 21 4 19 40% 17056 253599 16361 14%
c i 131.64 128 156 38 123 5222 4 904727 36746 2.6 54 21 4 19 40% 17056 253599 16360 14%
c - 131.94 129 150 38 124 5222 4 915809 41256 2.5 50 20 4 19 37% 17054 253599 16360 14%
c i 132.08 130 150 38 124 5227 4 918445 43731 2.5 50 20 4 19 37% 17059 253599 16358 14%
c i 132.09 130 150 38 124 5227 4 918622 43852 2.5 50 20 4 19 37% 17069 253598 16356 14%
c i 132.09 130 150 38 124 5227 4 918628 43853 2.5 50 20 4 19 37% 17073 253598 16355 14%
c i 132.09 130 150 38 124 5227 4 918639 43856 2.5 50 20 4 19 37% 17075 253598 16353 14%
c i 132.18 130 149 38 124 5228 4 920845 45910 2.5 49 20 4 19 37% 17079 253598 16351 14%
c i 132.22 130 149 38 124 5230 4 921705 46709 2.5 49 20 4 19 37% 17085 253597 16350 14%
c i 132.23 130 149 38 124 5230 4 921932 46925 2.5 49 20 4 19 37% 17088 253597 16349 14%
c i 132.32 130 148 38 124 5231 4 924920 49588 2.5 48 19 4 19 36% 17102 253596 16345 14%
c i 132.32 130 148 38 124 5231 4 924921 49588 2.5 48 19 4 19 36% 17102 253596 16344 14%
c i 132.37 130 147 38 124 5232 4 926386 50992 2.5 48 19 4 19 36% 17102 253596 16343 14%
c i 132.38 130 147 38 124 5232 4 926405 51005 2.5 48 19 4 19 36% 17104 253595 16340 14%
c i 132.38 130 147 38 124 5232 4 926407 51006 2.5 48 19 4 19 36% 17104 253595 16338 14%
c - 132.40 131 147 38 125 5232 4 926944 44401 2.5 48 19 4 19 36% 17045 253595 16338 14%
c o 132.67 131 146 38 125 5238 4 932040 49211 2.5 47 19 4 19 36% 17048 253595 16338 14%
c i 132.84 132 147 38 125 5250 4 935100 52028 2.5 47 19 4 19 36% 17061 253595 16337 14%
c i 132.84 132 147 38 125 5250 4 935117 52037 2.5 47 19 4 19 36% 17063 253594 16336 14%
c i 132.91 132 148 38 125 5252 4 936352 53218 2.5 47 19 4 19 36% 17067 253594 16335 14%
c
c seconds      switched     rate          size/glue  tier1     binary           remaining
c          MB    reductions   conflicts         size   tier2       irredundant
c            level     restarts      redundant     glue    trail           variables
c
c - 132.98 132 147 38 126 5252 4 938126 46543 2.5 46 19 4 19 36% 17047 253594 16335 14%
c - 133.32 132 142 38 127 5256 4 949351 49538 2.5 44 18 4 19 34% 17059 253594 16335 14%
c i 133.48 133 143 38 127 5263 4 952696 52658 2.5 43 18 4 19 34% 17068 253594 16334 14%
c - 133.86 134 141 38 128 5273 4 960620 52219 2.4 42 17 4 19 33% 17079 253593 16334 14%
c i 134.08 134 143 38 128 5282 4 965341 56518 2.4 41 17 4 19 34% 17092 253593 16333 14%
c } 134.23 134 142 39 128 5287 4 968413 59376 2.4 41 17 4 19 33% 17099 253593 16333 14%
c [ 134.23 134 103 39 128 5287 1 968413 59376 2.8 142 51 5 40 55% 17099 253593 16333 14%
c B 134.23 134 103 39 128 5287 1 968413 59376 2.8 142 51 5 40 55% 17099 253593 16333 14%
c - 134.89 134 101 39 129 5289 1 971933 53450 2.8 143 51 4 39 55% 17091 253593 16333 14%
c - 136.93 135 96 39 130 5296 1 983290 51565 3.0 145 49 4 38 55% 17091 253593 16333 14%
c b 137.86 135 94 39 130 5300 1 989814 57751 3.0 144 48 4 38 55% 17159 253187 16331 14%
c u 137.98 138 94 39 130 5300 1 989814 56112 3.0 144 48 4 38 55% 17175 253187 16331 14%
c v 138.11 139 94 39 130 5300 1 989814 55609 3.0 144 48 4 38 55% 17175 253187 16331 14%
c w 138.22 144 94 39 130 5300 1 989814 55605 3.0 144 48 4 38 55% 17175 253187 16331 14%
c x 138.32 143 94 39 130 5300 1 989814 55597 3.0 144 48 4 38 55% 17183 249785 16331 14%
c t 138.34 143 94 39 130 5300 1 989814 55597 3.0 144 48 4 38 55% 17156 249785 16330 14%
c f 138.44 143 94 39 130 5300 1 989814 55597 3.0 144 48 4 38 55% 17170 249500 16340 14%
c u 138.61 149 94 39 130 5300 1 989814 53865 3.0 144 48 4 38 55% 17239 249495 16339 14%
c v 138.75 150 94 39 130 5300 1 989814 53222 3.0 144 48 4 38 55% 17239 249495 16339 14%
c w 138.84 155 94 39 130 5300 1 989814 53222 3.0 144 48 4 38 55% 17239 249495 16339 14%
c
c seconds     switched     rate          size/glue   tier1     binary           remaining
c          MB   reductions   conflicts         size    tier2       irredundant
c           level     restarts      redundant      glue    trail           variables
c
c x 138.95 154 94 39 130 5300 1 989814 53215 3.0 144 48 4 38 55% 17244 244641 16339 14%
c t 139.78 155 94 39 130 5300 1 989814 53197 3.0 144 48 4 38 55% 17214 244641 16339 14%
c f 139.88 155 94 39 130 5300 1 989814 53197 3.0 144 48 4 38 55% 17233 243965 16363 14%
c i 139.89 155 94 39 130 5300 1 989814 53197 3.0 144 48 4 38 55% 17233 243965 16363 14%
c - 140.57 158 96 39 131 5301 1 994691 45904 2.9 144 49 4 38 55% 17229 243965 16363 14%
c ] 140.58 158 96 40 131 5301 1 994718 45930 2.9 144 49 4 38 55% 17229 243965 16363 14%
c { 140.58 158 142 40 131 5301 4 994718 45930 2.4 41 17 4 19 33% 17229 243965 16363 14%
c - 141.93 178 148 40 132 5496 4 1006136 48680 2.4 43 18 4 19 35% 17235 243965 16363 14%
c - 143.35 178 153 40 133 5682 4 1017626 52145 2.4 45 19 4 19 36% 17240 243964 16363 14%
c - 144.82 179 157 40 134 5874 4 1029158 54360 2.4 48 20 4 19 38% 17247 243964 16363 14%
c - 146.15 142 160 40 135 6032 5 1040733 56487 2.4 49 20 4 19 39% 17252 243964 16363 14%
c s 146.83 142 161 40 135 6103 5 1045396 61088 2.4 50 21 4 19 39% 17261 243491 16363 14%
c e 146.94 158 161 40 135 6103 5 1045396 61088 2.4 50 21 4 19 39% 16978 245189 16241 14%
c s 147.00 158 161 40 135 6103 5 1045396 61088 2.4 50 21 4 19 39% 16987 244431 16241 14%
c e 147.05 158 161 40 135 6103 5 1045396 61088 2.4 50 21 4 19 39% 16985 244462 16239 14%
c - 147.90 159 162 40 136 6205 5 1052353 55510 2.4 51 21 4 19 40% 16986 244462 16239 14%
c - 149.35 160 164 40 137 6376 5 1064015 57163 2.4 53 22 4 19 41% 16990 244462 16239 14%
c o 150.26 160 165 40 137 6483 5 1072429 65463 2.5 54 22 4 19 42% 16994 244462 16239 14%
c - 150.73 161 166 40 138 6538 5 1075720 58742 2.4 55 23 4 19 42% 16995 244462 16239 14%
c u 151.88 161 168 40 138 6638 5 1083767 63290 2.5 56 23 4 19 42% 17005 244462 16239 14%
c
c seconds      switched     rate           size/glue  tier1     binary           remaining
c          MB    reductions    conflicts         size   tier2       irredundant
c            level     restarts       redundant     glue    trail           variables
c
c v 152.12 161 168 40 138 6638 5 1083767 62416 2.5 56 23 4 19 42% 17005 244462 16239 14%
c w 152.25 162 168 40 138 6638 5 1083767 62411 2.5 56 23 4 19 42% 17005 244462 16239 14%
c x 152.41 161 168 40 138 6638 5 1083767 62397 2.5 56 23 4 19 42% 17014 235833 16239 14%
c t 152.43 161 168 40 138 6638 5 1083767 62397 2.5 56 23 4 19 42% 16986 235833 16239 14%
c f 152.59 161 168 40 138 6638 5 1083767 62397 2.5 56 23 4 19 42% 17040 234089 16311 14%
c u 152.82 163 168 40 138 6638 5 1083767 60522 2.5 56 23 4 19 42% 17049 234089 16311 14%
c v 153.06 164 168 40 138 6638 5 1083767 59126 2.5 56 23 4 19 42% 17049 234089 16311 14%
c w 153.18 181 168 40 138 6638 5 1083767 59081 2.5 56 23 4 19 42% 17049 234089 16311 14%
c x 153.35 180 168 40 138 6638 5 1083767 59080 2.5 56 23 4 19 42% 17053 228733 16311 14%
c t 153.37 180 168 40 138 6638 5 1083767 59080 2.5 56 23 4 19 42% 17045 228733 16310 14%
c f 153.53 180 168 40 138 6638 5 1083767 59080 2.5 56 23 4 19 42% 17065 227801 16354 14%
c } 153.72 182 168 41 138 6649 5 1086190 61468 2.5 57 23 4 19 43% 17065 227801 16354 14%
c [ 153.72 182 96 41 138 6649 1 1086190 61468 2.9 144 49 4 38 55% 17065 227801 16354 14%
c W 153.75 182 96 41 138 6649 1 1086190 61468 2.9 144 49 4 38 55% 17060 227779 16354 14%
c - 153.92 182 96 41 139 6650 1 1087467 53238 2.9 143 49 4 38 55% 17060 227779 16354 14%
c - 155.62 182 94 41 140 6656 1 1099256 51943 3.0 143 48 4 38 55% 17060 227779 16354 14%
c - 157.87 163 92 41 141 6663 1 1111089 47710 3.0 145 49 4 37 56% 17060 227779 16354 14%
c - 160.26 164 90 41 142 6666 1 1122964 44927 3.0 148 50 4 37 56% 17060 227779 16354 14%
c - 162.45 165 88 41 143 6673 1 1134881 44311 3.0 149 50 4 37 55% 17060 227779 16354 14%
c - 164.58 167 88 41 144 6678 1 1146839 44820 2.9 149 51 4 37 55% 17060 227779 16354 14%
c
c seconds     switched     rate           size/glue   tier1     binary           remaining
c          MB   reductions    conflicts         size    tier2       irredundant
c           level     restarts       redundant      glue    trail           variables
c
c ] 165.14 167 88 42 144 6678 1 1150053 47855 2.9 148 52 4 37 55% 17060 227779 16354 14%
c { 165.14 167 168 42 144 6678 5 1150053 47855 2.5 57 23 4 19 43% 17060 227779 16354 14%
c - 166.18 172 170 42 145 6792 5 1158839 48274 2.5 57 23 4 19 43% 17063 227779 16354 14%
c - 167.65 130 172 42 146 6952 5 1170882 53158 2.5 58 24 4 19 44% 17068 227779 16354 14%
c u 169.33 138 174 42 146 7095 5 1182075 58392 2.5 60 24 4 19 44% 17097 227777 16354 14%
c v 169.63 138 174 42 146 7095 5 1182075 56639 2.5 60 24 4 19 44% 17097 227777 16354 14%
c w 169.80 140 174 42 146 7095 5 1182075 56636 2.5 60 24 4 19 44% 17097 227777 16354 14%
c x 170.03 143 174 42 146 7095 5 1182075 56634 2.5 60 24 4 19 44% 17104 222201 16353 14%
c t 170.05 143 174 42 146 7095 5 1182075 56631 2.5 60 24 4 19 44% 17091 222193 16353 14%
c f 170.31 143 174 42 146 7095 5 1182075 56631 2.5 60 24 4 19 44% 17093 222173 16354 14%
c i 170.32 144 174 42 146 7095 5 1182075 56631 2.5 60 24 4 19 44% 17093 222173 16354 14%
c - 170.45 150 174 42 147 7107 5 1182966 48894 2.5 60 24 4 19 44% 17088 222173 16354 14%
c - 171.92 152 175 42 148 7255 5 1195091 51344 2.5 61 25 4 19 45% 17090 222173 16354 14%
c - 173.33 153 175 42 149 7401 5 1207257 53583 2.5 62 25 4 19 45% 17095 222173 16354 14%
c - 174.84 160 177 42 150 7556 5 1219464 51761 2.5 64 25 3 19 46% 17096 222173 16354 14%
c o 175.19 160 177 42 150 7594 5 1222483 54745 2.5 64 26 3 19 46% 17096 222173 16354 14%
c - 176.16 161 177 42 151 7684 5 1231712 52050 2.5 64 26 3 19 46% 17097 222173 16354 14%
c - 177.54 162 178 42 152 7811 5 1244004 52854 2.5 65 26 3 19 47% 17103 222173 16354 14%
c } 178.17 166 178 43 152 7876 5 1250026 58768 2.5 65 26 3 19 47% 17103 222173 16354 14%
c [ 178.17 166 88 43 152 7876 1 1250026 58768 2.9 148 52 4 37 55% 17103 222173 16354 14%
c
c seconds     switched     rate           size/glue   tier1     binary           remaining
c          MB   reductions    conflicts         size    tier2       irredundant
c           level     restarts       redundant      glue    trail           variables
c
c O 178.17 166 88 43 152 7876 1 1250026 58768 2.9 148 52 4 37 55% 17103 222173 16354 14%
c - 179.26 128 86 43 153 7881 1 1256333 51688 2.9 148 51 4 36 56% 17103 222173 16354 14%
c - 181.56 129 82 43 154 7888 1 1268705 47522 3.0 150 49 4 36 57% 17103 222173 16354 14%
c - 183.82 131 80 43 155 7890 1 1281114 43444 3.1 153 49 4 35 58% 17103 222173 16354 14%
c b 184.48 131 79 43 155 7893 1 1285019 47126 3.2 154 49 4 35 58% 17103 222173 16353 14%
c u 184.72 135 79 43 155 7893 1 1285019 42796 3.2 154 49 4 35 58% 17226 222173 16351 14%
c v 184.86 136 79 43 155 7893 1 1285019 40828 3.2 154 49 4 35 58% 17231 222173 16351 14%
c w 185.19 141 79 43 155 7893 1 1285019 40812 3.2 154 49 4 35 58% 17231 222173 16351 14%
c x 185.41 142 79 43 155 7893 1 1285019 40791 3.2 154 49 4 35 58% 17364 220403 16350 14%
c t 185.43 142 79 43 155 7893 1 1285019 40788 3.2 154 49 4 35 58% 17280 220392 16350 14%
c u 185.90 143 79 43 155 7893 1 1285019 38176 3.2 154 49 4 35 58% 17304 220392 16350 14%
c v 185.99 143 79 43 155 7893 1 1285019 37421 3.2 154 49 4 35 58% 17304 220392 16350 14%
c w 186.40 147 79 43 155 7893 1 1285019 37357 3.2 154 49 4 35 58% 17304 220392 16350 14%
c x 186.61 150 79 43 155 7893 1 1285019 37334 3.2 154 49 4 35 58% 17306 220108 16350 14%
c t 186.62 150 79 43 155 7893 1 1285019 37334 3.2 154 49 4 35 58% 17294 220108 16350 14%
c i 186.64 150 79 43 155 7893 1 1285019 37334 3.2 154 49 4 35 58% 17294 220108 16350 14%
c s 186.77 151 79 43 155 7893 1 1285420 37693 3.2 154 49 4 35 58% 17310 219720 16350 14%
c e 186.85 153 79 43 155 7893 1 1285420 37693 3.2 154 49 4 35 58% 17081 221313 16232 14%
c 2 186.85 153 79 43 155 7893 1 1285420 37693 3.2 154 49 4 35 58% 17079 221313 16232 14%
c s 186.88 153 79 43 155 7893 1 1285420 37693 3.2 154 49 4 35 58% 17086 220836 16232 14%
c
c seconds     switched     rate           size/glue   tier1     binary           remaining
c          MB   reductions    conflicts         size    tier2       irredundant
c           level     restarts       redundant      glue    trail           variables
c
c e 186.92 153 79 43 155 7893 1 1285420 37693 3.2 154 49 4 35 58% 17062 220942 16222 14%
c - 188.36 154 80 43 156 7897 1 1293565 30686 3.1 155 49 4 35 59% 17061 220942 16222 14%
c - 190.62 120 79 43 157 7904 1 1306056 31067 3.1 154 50 4 35 59% 17061 220942 16222 14%
c - 193.05 121 78 43 158 7906 1 1318585 30933 3.1 153 50 4 35 59% 17061 220942 16222 14%
c ] 193.07 121 78 44 158 7906 1 1318651 30998 3.1 153 50 4 35 59% 17061 220942 16222 14%
c { 193.07 121 178 44 158 7906 5 1318651 30998 2.5 65 26 3 19 47% 17061 220942 16222 14%
c - 194.42 123 179 44 159 8041 5 1331154 35312 2.5 66 26 3 19 47% 17066 220942 16222 14%
c - 195.75 129 178 44 160 8164 5 1343763 40937 2.5 66 26 3 19 48% 17072 220942 16222 14%
c - 197.03 130 178 44 161 8277 5 1356412 43811 2.6 67 26 3 19 48% 17075 220942 16222 14%
c - 198.26 131 177 44 162 8370 5 1369102 45828 2.6 67 26 3 19 48% 17080 220942 16222 14%
c - 199.41 132 174 44 163 8468 5 1381829 47382 2.6 67 26 3 19 47% 17080 220942 16222 14%
c o 199.49 133 174 44 163 8474 5 1382505 48047 2.6 67 26 3 19 47% 17080 220942 16222 14%
c u 200.83 138 174 44 163 8559 5 1392736 54852 2.6 67 26 3 19 48% 17108 220942 16222 14%
c v 201.13 139 174 44 163 8559 5 1392736 53663 2.6 67 26 3 19 48% 17108 220942 16222 14%
c w 201.27 140 174 44 163 8559 5 1392736 53649 2.6 67 26 3 19 48% 17108 220942 16222 14%
c x 201.49 123 174 44 163 8559 5 1392736 53613 2.6 67 26 3 19 48% 17117 220655 16222 14%
c t 201.51 123 174 44 163 8559 5 1392736 53613 2.6 67 26 3 19 48% 17088 220655 16222 14%
c f 201.60 123 174 44 163 8559 5 1392736 53613 2.6 67 26 3 19 48% 17107 220299 16238 14%
c u 201.86 127 174 44 163 8559 5 1392736 52196 2.6 67 26 3 19 48% 17177 220299 16238 14%
c v 202.15 130 174 44 163 8559 5 1392736 50681 2.6 67 26 3 19 48% 17177 220299 16238 14%
c
c seconds      switched     rate           size/glue  tier1     binary           remaining
c          MB    reductions    conflicts         size   tier2       irredundant
c            level     restarts       redundant     glue    trail           variables
c
c w 202.28 131 174 44 163 8559 5 1392736 50603 2.6 67 26 3 19 48% 17177 220299 16238 14%
c x 202.50 131 174 44 163 8559 5 1392736 50583 2.6 67 26 3 19 48% 17179 220017 16238 14%
c t 202.52 131 174 44 163 8559 5 1392736 50583 2.6 67 26 3 19 48% 17151 220017 16238 14%
c - 202.73 134 175 44 164 8573 5 1394597 41804 2.6 67 26 3 19 48% 17151 220017 16238 14%
c - 204.01 140 172 44 165 8698 4 1407403 43655 2.7 68 26 3 19 47% 17154 220017 16238 14%
c - 205.24 142 171 44 166 8796 4 1420249 45655 2.7 68 25 3 19 47% 17157 220017 16238 14%
c } 205.96 142 171 45 166 8854 4 1427483 52813 2.7 68 25 3 19 47% 17160 220017 16238 14%
c [ 205.96 142 78 45 166 8854 1 1427483 52813 3.1 153 50 4 35 59% 17160 220017 16238 14%
c B 205.96 142 78 45 166 8854 1 1427483 52813 3.1 153 50 4 35 59% 17160 220017 16238 14%
c - 206.99 142 78 45 167 8858 1 1433135 44518 3.0 153 50 4 35 59% 17160 220017 16238 14%
c - 209.28 143 78 45 168 8866 1 1446061 38759 3.0 151 51 4 35 59% 17160 220017 16238 14%
c - 211.62 144 77 45 169 8868 1 1459024 34254 2.9 150 51 4 35 58% 17160 220017 16238 14%
c - 214.08 145 76 45 170 8875 1 1472024 33261 3.0 150 51 4 35 58% 17160 220017 16238 14%
c - 216.60 146 75 45 171 8883 1 1485062 33175 3.0 152 51 4 34 58% 17160 220017 16238 14%
c ] 217.55 146 74 46 171 8883 1 1490582 38354 3.0 152 50 4 34 58% 17160 220017 16238 14%
c { 217.55 146 171 46 171 8883 4 1490582 38354 2.7 68 25 3 19 47% 17160 220017 16238 14%
c - 218.35 154 171 46 172 8951 4 1498139 36433 2.7 68 25 3 19 48% 17161 220017 16238 14%
c u 219.40 156 172 46 172 9029 4 1505267 40778 2.7 68 25 3 19 48% 17214 220017 16238 14%
c v 219.71 157 172 46 172 9029 4 1505267 37555 2.7 68 25 3 19 48% 17214 220017 16238 14%
c w 219.90 158 172 46 172 9029 4 1505267 37531 2.7 68 25 3 19 48% 17214 220017 16238 14%
c
c seconds      switched     rate           size/glue  tier1     binary           remaining
c          MB    reductions    conflicts         size   tier2       irredundant
c            level     restarts       redundant     glue    trail           variables
c
c x 220.18 159 172 46 172 9029 4 1505267 37460 2.7 68 25 3 19 48% 17233 219578 16236 14%
c t 220.19 159 172 46 172 9029 4 1505267 37459 2.7 68 25 3 19 48% 17211 219554 16236 14%
c u 220.44 160 172 46 172 9029 4 1505267 36947 2.7 68 25 3 19 48% 17232 219554 16236 14%
c v 220.68 160 172 46 172 9029 4 1505267 35084 2.7 68 25 3 19 48% 17232 219554 16236 14%
c w 221.01 163 172 46 172 9029 4 1505267 34921 2.7 68 25 3 19 48% 17232 219554 16236 14%
c x 221.28 163 172 46 172 9029 4 1505267 34834 2.7 68 25 3 19 48% 17252 218741 16234 14%
c t 221.30 163 172 46 172 9029 4 1505267 34834 2.7 68 25 3 19 48% 17250 218724 16234 14%
c i 221.32 163 172 46 172 9029 4 1505267 34834 2.7 68 25 3 19 48% 17250 218724 16234 14%
c - 222.02 138 173 46 173 9092 4 1511253 34729 2.7 69 25 3 19 48% 17233 218724 16234 14%
c - 223.48 141 175 46 174 9240 5 1524407 39409 2.7 69 26 3 19 49% 17240 218724 16234 14%
c - 224.84 142 176 46 175 9360 5 1537599 43039 2.7 69 26 3 19 49% 17243 218724 16234 14%
c - 226.19 143 176 46 176 9467 5 1550830 45548 2.7 69 26 3 19 49% 17245 218724 16234 14%
c o 226.46 147 176 46 176 9488 4 1553367 48058 2.7 69 26 3 19 49% 17245 218724 16234 14%
c s 226.64 147 176 46 176 9505 4 1554339 49008 2.7 69 26 3 19 49% 17270 218342 16234 14%
c e 226.71 148 176 46 176 9505 4 1554339 49008 2.7 69 26 3 19 49% 17090 219559 16141 14%
c 2 226.71 148 176 46 176 9505 4 1554339 49008 2.7 69 26 3 19 49% 17089 219559 16141 14%
c s 226.73 148 176 46 176 9505 4 1554339 49008 2.7 69 26 3 19 49% 17091 219062 16141 14%
c e 226.77 148 176 46 176 9505 4 1554339 49008 2.7 69 26 3 19 49% 17079 219124 16137 14%
c - 227.87 150 177 46 177 9605 5 1564096 44954 2.7 69 26 3 19 50% 17081 219124 16137 14%
c - 229.21 151 176 46 178 9716 4 1577402 47079 2.7 69 26 3 19 50% 17084 219124 16137 14%
c
c seconds      switched     rate           size/glue  tier1     binary           remaining
c          MB    reductions    conflicts         size   tier2       irredundant
c            level     restarts       redundant     glue    trail           variables
c
c - 230.84 151 178 46 179 9857 5 1590744 48386 2.7 70 26 3 19 50% 17089 219124 16137 14%
c - 232.26 118 179 46 180 9984 5 1604124 49256 2.7 69 26 3 19 50% 17093 219124 16137 14%
c } 232.77 118 179 47 180 10036 5 1608627 53681 2.7 69 26 3 19 50% 17093 219124 16137 14%
c [ 232.77 118 74 47 180 10036 1 1608627 53681 3.0 152 50 4 34 58% 17093 219124 16137 14%
c W 232.80 131 74 47 180 10036 1 1608627 53681 3.0 152 50 4 34 58% 17093 219124 16137 14%
c - 234.36 133 74 47 181 10042 1 1617542 46952 3.0 151 50 4 34 59% 17093 219124 16137 14%
c u 235.38 147 73 47 181 10044 1 1622659 48477 3.0 151 50 4 34 59% 17103 219124 16137 14%
c v 235.67 148 73 47 181 10044 1 1622659 46575 3.0 151 50 4 34 59% 17103 219124 16137 14%
c w 235.83 150 73 47 181 10044 1 1622659 46558 3.0 151 50 4 34 59% 17103 219124 16137 14%
c x 236.03 149 73 47 181 10044 1 1622659 46542 3.0 151 50 4 34 59% 17112 218350 16137 14%
c t 237.68 149 73 47 181 10044 1 1622659 46542 3.0 151 50 4 34 59% 17085 218350 16137 14%
c f 237.74 149 73 47 181 10044 1 1622659 46542 3.0 151 50 4 34 59% 17097 218196 16145 14%
c u 238.00 152 73 47 181 10044 1 1622659 45240 3.0 151 50 4 34 59% 17160 218196 16145 14%
c v 238.27 153 73 47 181 10044 1 1622659 43085 3.0 151 50 4 34 59% 17160 218196 16145 14%
c w 238.41 155 73 47 181 10044 1 1622659 43074 3.0 151 50 4 34 59% 17160 218196 16145 14%
c x 238.62 154 73 47 181 10044 1 1622659 43074 3.0 151 50 4 34 59% 17167 217712 16145 14%
c t 238.64 154 73 47 181 10044 1 1622659 43074 3.0 151 50 4 34 59% 17147 217712 16145 14%
c - 240.05 155 72 47 182 10049 1 1630996 35552 3.1 152 49 4 34 60% 17147 217712 16145 14%
c - 242.45 125 73 47 183 10053 1 1644486 33460 3.1 154 49 4 34 60% 17147 217712 16145 14%
c - 244.96 125 72 47 184 10061 1 1658014 31740 3.1 154 49 4 34 60% 17147 217712 16145 14%
c
c seconds     switched      rate           size/glue   tier1     binary           remaining
c          MB   reductions     conflicts         size    tier2       irredundant
c           level     restarts        redundant      glue    trail           variables
c
c - 247.17 126 73 47 185 10065 1 1671579 31768 3.1 156 50 4 34 61% 17147 217712 16145 14%
c - 249.20 127 72 47 186 10066 1 1685185 32988 3.2 157 49 4 34 62% 17147 217712 16145 14%
c ] 250.12 127 71 48 186 10066 1 1690517 38048 3.2 158 49 4 34 62% 17147 217712 16145 14%
c { 250.12 127 179 48 186 10066 5 1690517 38048 2.7 69 26 3 19 50% 17147 217712 16145 14%
c - 251.09 135 180 48 187 10151 5 1698823 36323 2.6 69 26 3 19 50% 17148 217712 16145 14%
c - 252.40 136 179 48 188 10271 5 1712499 42295 2.6 68 26 3 19 49% 17148 217712 16145 14%
c - 253.84 107 178 48 189 10383 5 1726210 45962 2.6 68 26 3 19 49% 17152 217712 16145 14%
c o 254.67 113 179 48 189 10458 5 1733610 53246 2.6 68 26 3 19 49% 17153 217712 16145 14%
c - 255.44 114 179 48 190 10523 5 1739957 47882 2.6 68 26 3 19 49% 17154 217712 16145 14%
c u 256.24 114 179 48 190 10563 5 1744938 49887 2.7 69 26 3 19 49% 17195 217712 16145 14%
c v 256.61 115 179 48 190 10563 5 1744938 47679 2.7 69 26 3 19 49% 17195 217712 16145 14%
c w 256.76 116 179 48 190 10563 5 1744938 47664 2.7 69 26 3 19 49% 17195 217712 16145 14%
c x 257.04 124 179 48 190 10563 5 1744938 47663 2.7 69 26 3 19 49% 17207 217127 16145 14%
c t 257.05 124 179 48 190 10563 5 1744938 47663 2.7 69 26 3 19 49% 17187 217127 16145 14%
c - 258.09 129 180 48 191 10657 5 1753742 44826 2.7 69 26 3 19 50% 17189 217127 16145 14%
c - 259.51 130 181 48 192 10759 4 1767562 47188 2.7 69 26 3 19 50% 17189 217127 16145 14%
c - 261.12 137 183 48 193 10891 5 1781420 48723 2.7 70 26 3 19 51% 17194 217127 16145 14%
c - 262.91 138 182 48 194 11055 5 1795313 49435 2.7 71 26 3 19 51% 17198 217127 16145 14%
c - 264.63 145 182 48 195 11209 5 1809242 50003 2.7 71 26 3 19 51% 17198 217127 16145 14%
c } 265.58 146 180 49 195 11283 5 1818127 58734 2.7 71 26 3 19 51% 17198 217127 16145 14%
c
c seconds     switched      rate           size/glue   tier1     binary           remaining
c          MB   reductions     conflicts         size    tier2       irredundant
c           level     restarts        redundant      glue    trail           variables
c
c [ 265.58 146 71 49 195 11283 1 1818127 58734 3.2 158 49 4 34 62% 17198 217127 16145 14%
c I 265.58 146 71 49 195 11283 1 1818127 58734 3.2 158 49 4 34 62% 17198 217127 16145 14%
c - 266.24 146 76 49 196 11286 1 1823206 49720 3.2 156 49 4 33 62% 17198 217127 16145 14%
c - 268.51 148 76 49 197 11295 1 1837207 44491 3.2 159 49 4 33 62% 17198 217127 16145 14%
c - 270.87 150 76 49 198 11298 1 1851245 37905 3.2 159 50 4 34 62% 17198 217127 16145 14%
c s 271.51 150 77 49 198 11300 1 1854509 41002 3.2 159 50 4 34 62% 17213 216945 16145 14%
c e 271.57 152 77 49 198 11300 1 1854509 41002 3.2 159 50 4 34 62% 17050 218069 16063 14%
c s 271.60 152 77 49 198 11300 1 1854509 41002 3.2 159 50 4 34 62% 17050 217866 16063 14%
c e 271.62 152 77 49 198 11300 1 1854509 41002 3.2 159 50 4 34 62% 17048 217894 16061 14%
c - 273.52 153 80 49 199 11306 1 1865318 36200 3.0 160 53 4 34 63% 17048 217894 16061 14%
c u 274.95 125 80 49 199 11311 1 1872145 38846 3.0 160 53 4 34 63% 17089 217894 16061 14%
c v 275.09 126 80 49 199 11311 1 1872145 36377 3.0 160 53 4 34 63% 17090 217894 16061 14%
c w 275.55 131 80 49 199 11311 1 1872145 36021 3.0 160 53 4 34 63% 17090 217894 16061 14%
c x 275.81 139 80 49 199 11311 1 1872145 36005 3.0 160 53 4 34 63% 17214 217473 16061 14%
c t 275.82 139 80 49 199 11311 1 1872145 36005 3.0 160 53 4 34 63% 17182 217473 16061 14%
c f 275.91 139 80 49 199 11311 1 1872145 36005 3.0 160 53 4 34 63% 17210 217093 16079 14%
c u 276.16 142 80 49 199 11311 1 1872145 35341 3.0 160 53 4 34 63% 17243 217093 16079 14%
c v 276.25 143 80 49 199 11311 1 1872145 34544 3.0 160 53 4 34 63% 17243 217093 16079 14%
c w 276.87 147 80 49 199 11311 1 1872145 34308 3.0 160 53 4 34 63% 17243 217093 16079 14%
c x 277.11 147 80 49 199 11311 1 1872145 34304 3.0 160 53 4 34 63% 17245 217024 16079 14%
c
c seconds     switched      rate           size/glue   tier1     binary           remaining
c          MB   reductions     conflicts         size    tier2       irredundant
c           level     restarts        redundant      glue    trail           variables
c
c t 277.13 147 80 49 199 11311 1 1872145 34304 3.0 160 53 4 34 63% 17236 217024 16079 14%
c - 278.44 147 79 49 200 11312 1 1879429 30052 3.0 160 52 4 34 63% 17236 217024 16079 14%
c - 281.19 147 77 49 201 11313 1 1893572 31304 3.1 159 52 4 34 63% 17236 217024 16079 14%
c ] 283.75 147 75 50 201 11319 1 1906420 43245 3.1 159 51 4 34 63% 17236 217024 16079 14%
c { 283.75 147 180 50 201 11319 5 1906420 43245 2.7 71 26 3 19 51% 17236 217024 16079 14%
c - 283.95 148 178 50 202 11323 5 1907751 32190 2.7 72 26 3 19 51% 17236 217024 16079 14%
c - 284.54 150 164 50 203 11324 4 1921963 40937 2.8 70 25 3 19 49% 17240 217024 16079 14%
c o 284.76 126 159 50 203 11325 4 1926533 45457 2.9 71 25 3 19 48% 17240 217024 16079 14%
c - 285.09 127 154 50 204 11327 4 1936211 49566 2.9 69 24 3 19 46% 17242 217024 16079 14%
c - 285.51 128 146 50 205 11329 3 1950493 53332 3.0 67 22 3 19 43% 17248 217023 16079 14%
c i 285.97 133 138 50 205 11337 3 1959655 62283 3.1 67 22 3 19 43% 17268 217023 16078 14%
c - 286.19 134 134 50 206 11338 3 1964810 54959 3.1 66 21 3 19 42% 17261 217023 16078 14%
c i 286.33 134 128 50 206 11341 3 1971883 61474 3.1 62 20 3 19 40% 17270 217022 16076 14%
c - 286.78 135 122 50 207 11344 3 1979162 55346 3.1 62 20 3 19 41% 17259 217022 16076 14%
c - 287.36 136 114 50 208 11345 3 1993550 55990 3.2 61 19 3 19 40% 17265 217022 16076 14%
c u 288.12 143 110 50 208 11365 3 2004319 63301 3.2 59 18 3 19 39% 17303 216972 16076 14%
c v 288.46 149 110 50 208 11365 3 2004319 63237 3.2 59 18 3 19 39% 17303 216972 16076 14%
c w 288.59 149 110 50 208 11365 3 2004319 63229 3.2 59 18 3 19 39% 17303 216972 16076 14%
c t 288.61 149 110 50 208 11365 3 2004319 63229 3.2 59 18 3 19 39% 17289 216972 16076 14%
c i 288.74 149 109 50 208 11366 3 2007551 66377 3.3 59 18 3 19 39% 17295 216972 16073 14%
c
c seconds      switched      rate           size/glue  tier1     binary           remaining
c          MB    reductions     conflicts         size   tier2       irredundant
c            level     restarts        redundant     glue    trail           variables
c
c - 288.75 149 109 50 209 11366 3 2007973 55849 3.3 59 18 3 19 39% 17280 216972 16073 14%
c i 288.86 149 105 50 209 11367 3 2013329 60918 3.3 58 18 3 19 38% 17292 216972 16069 14%
c - 289.19 150 104 50 210 11375 2 2022429 55832 3.3 56 17 3 19 37% 17280 216972 16069 14%
c i 289.45 151 102 50 210 11384 2 2029507 62714 3.2 54 17 3 19 37% 17300 216972 16068 14%
c i 289.47 151 101 50 210 11384 2 2030596 63768 3.2 54 17 3 19 37% 17307 216972 16066 14%
c - 289.65 152 99 50 211 11385 2 2036920 57110 3.2 53 16 3 19 36% 17291 216972 16066 14%
c } 289.83 152 96 51 211 11390 2 2043945 64086 3.3 52 16 3 19 35% 17295 216972 16066 14%
c [ 289.83 152 75 51 211 11390 1 2043945 64086 3.1 159 51 4 34 63% 17295 216972 16066 14%
c B 289.83 152 75 51 211 11390 1 2043945 64086 3.1 159 51 4 34 63% 17295 216972 16066 14%
c - 291.13 153 82 51 212 11395 1 2051447 55135 3.0 160 54 4 34 63% 17295 216972 16066 14%
c - 293.99 154 83 51 213 11403 1 2066007 47093 2.9 162 55 4 34 64% 17295 216972 16066 14%
c ] 296.03 156 84 52 213 11404 1 2075740 56114 2.9 163 56 4 34 64% 17295 216972 16066 14%
c { 296.03 156 96 52 213 11404 2 2075740 56114 3.3 52 16 3 19 35% 17295 216972 16066 14%
c - 296.66 151 100 52 214 11480 2 2080602 42714 3.2 52 16 3 19 36% 17296 216972 16066 14%
c - 298.15 157 111 52 215 11685 3 2095230 48340 3.0 53 17 3 19 36% 17299 216972 16066 14%
c - 300.07 158 123 52 216 11930 3 2109895 54375 2.9 54 19 3 19 38% 17304 216972 16066 14%
c - 302.07 159 132 52 217 12161 4 2124591 56939 2.8 56 20 3 19 39% 17306 216972 16066 14%
c o 302.33 164 133 52 217 12193 4 2126681 58987 2.8 56 20 3 19 39% 17306 216972 16066 14%
c - 303.94 167 140 52 218 12373 4 2139323 59102 2.7 57 21 3 19 40% 17306 216972 16066 14%
c b 304.18 167 141 52 218 12391 4 2141514 61261 2.7 57 21 3 19 41% 17319 216799 16064 14%
c
c seconds      switched      rate           size/glue  tier1     binary           remaining
c          MB    reductions     conflicts         size   tier2       irredundant
c            level     restarts        redundant     glue    trail           variables
c
c u 304.44 167 141 52 218 12391 4 2141514 57504 2.7 57 21 3 19 41% 17386 216799 16064 14%
c v 304.76 167 141 52 218 12391 4 2141514 55238 2.7 57 21 3 19 41% 17388 216799 16064 14%
c w 304.90 168 141 52 218 12391 4 2141514 55215 2.7 57 21 3 19 41% 17388 216799 16064 14%
c x 305.15 171 141 52 218 12391 4 2141514 55181 2.7 57 21 3 19 41% 17398 216656 16064 14%
c t 305.16 171 141 52 218 12391 4 2141514 55181 2.7 57 21 3 19 41% 17362 216656 16063 14%
c u 305.46 173 141 52 218 12391 4 2141514 52656 2.7 57 21 3 19 41% 17383 216643 16063 14%
c v 305.77 174 141 52 218 12391 4 2141514 50303 2.7 57 21 3 19 41% 17383 216643 16063 14%
c w 305.90 174 141 52 218 12391 4 2141514 50278 2.7 57 21 3 19 41% 17383 216643 16063 14%
c x 306.15 175 141 52 218 12391 4 2141514 50253 2.7 57 21 3 19 41% 17387 216544 16063 14%
c t 306.17 175 141 52 218 12391 4 2141514 50253 2.7 57 21 3 19 41% 17378 216544 16063 14%
c f 306.18 175 141 52 218 12391 4 2141514 50253 2.7 57 21 3 19 41% 17380 216525 16064 14%
c - 307.70 130 146 52 219 12561 4 2154090 51680 2.6 58 22 3 19 41% 17378 216525 16064 14%
c - 309.36 132 152 52 220 12760 4 2168888 54584 2.6 59 23 3 19 41% 17379 216525 16064 14%
c - 311.29 139 158 52 221 12974 5 2183720 56283 2.5 60 24 3 19 42% 17386 216525 16064 14%
c s 311.69 139 160 52 221 13008 5 2187049 59542 2.5 60 24 3 19 42% 17423 216237 16064 14%
c e 311.76 139 160 52 221 13008 5 2187049 59542 2.5 60 24 3 19 42% 17259 217307 15982 14%
c s 311.78 139 160 52 221 13008 5 2187049 59542 2.5 60 24 3 19 42% 17267 216985 15982 14%
c e 311.81 139 160 52 221 13008 5 2187049 59542 2.5 60 24 3 19 42% 17259 217018 15979 14%
c - 313.25 143 163 52 222 13154 5 2198588 55729 2.5 61 24 3 19 43% 17261 217018 15979 14%
c - 314.88 144 166 52 223 13311 5 2213487 57963 2.5 61 25 3 19 43% 17261 217018 15979 14%
c
c seconds      switched      rate           size/glue  tier1     binary           remaining
c          MB    reductions     conflicts         size   tier2       irredundant
c            level     restarts        redundant     glue    trail           variables
c
c } 316.07 150 168 53 223 13432 5 2223527 67823 2.5 61 25 3 19 44% 17262 217018 15979 14%
c [ 316.07 150 84 53 223 13432 1 2223527 67823 2.9 163 56 4 34 64% 17262 217018 15979 14%
c W 316.10 153 84 53 223 13432 1 2223527 67823 2.9 163 56 4 34 64% 17262 217018 15979 14%
c - 317.10 153 83 53 224 13435 1 2228420 57869 2.9 161 55 4 34 63% 17262 217018 15979 14%
c - 319.89 125 79 53 225 13444 1 2243389 52064 2.9 158 54 4 34 62% 17262 217018 15979 14%
c - 322.96 125 76 53 226 13448 1 2258389 44051 2.9 153 52 4 34 61% 17262 217018 15979 14%
c - 325.65 127 73 53 227 13457 1 2273422 41777 2.9 151 52 4 34 60% 17262 217018 15979 14%
c u 327.95 132 71 53 227 13461 1 2283743 45899 2.9 149 51 4 34 60% 17303 217018 15978 14%
c v 328.05 132 71 53 227 13461 1 2283743 43958 2.9 149 51 4 34 60% 17302 217018 15978 14%
c w 328.56 139 71 53 227 13461 1 2283743 42731 2.9 149 51 4 34 60% 17302 217018 15978 14%
c x 328.85 138 71 53 227 13461 1 2283743 42692 2.9 149 51 4 34 60% 17311 216826 15978 14%
c t 328.87 138 71 53 227 13461 1 2283743 42683 2.9 149 51 4 34 60% 17276 216826 15978 14%
c f 328.93 138 71 53 227 13461 1 2283743 42683 2.9 149 51 4 34 60% 17285 216585 15990 14%
c u 329.26 139 71 53 227 13461 1 2283743 41124 2.9 149 51 4 34 60% 17366 216585 15990 14%
c v 329.32 139 71 53 227 13461 1 2283743 40626 2.9 149 51 4 34 60% 17366 216585 15990 14%
c w 330.09 147 71 53 227 13461 1 2283743 40614 2.9 149 51 4 34 60% 17366 216585 15990 14%
c x 330.39 120 71 53 227 13461 1 2283743 40565 2.9 149 51 4 34 60% 17402 216142 15990 14%
c t 330.41 120 71 53 227 13461 1 2283743 40565 2.9 149 51 4 34 60% 17363 216142 15990 14%
c i 330.43 120 71 53 227 13461 1 2283743 40565 2.9 149 51 4 34 60% 17363 216142 15990 14%
c - 331.41 121 70 53 228 13461 1 2288488 33831 2.9 148 50 4 34 60% 17362 216142 15990 14%
c
c seconds     switched      rate           size/glue   tier1     binary           remaining
c          MB   reductions     conflicts         size    tier2       irredundant
c           level     restarts        redundant      glue    trail           variables
c
c - 334.41 122 71 53 229 13462 1 2303590 34593 2.9 149 51 4 34 59% 17362 216142 15990 14%
c ] 337.64 123 71 54 229 13470 1 2318565 47745 2.9 150 53 4 34 58% 17362 216142 15990 14%
c { 337.64 123 168 54 229 13470 5 2318565 47745 2.5 61 25 3 19 44% 17362 216142 15990 14%
c - 337.67 123 167 54 230 13472 5 2318722 33892 2.5 61 25 3 19 44% 17363 216142 15990 14%
c i 337.75 123 167 54 230 13473 5 2320948 35943 2.5 61 25 3 19 43% 17372 216142 15988 14%
c i 338.06 123 167 54 230 13475 5 2327233 41921 2.5 59 24 3 19 42% 17376 216142 15987 14%
c - 338.23 123 160 54 231 13475 4 2333887 42735 2.5 57 23 3 19 40% 17371 216142 15987 14%
c o 338.52 124 159 54 231 13478 4 2337570 46307 2.5 56 23 3 19 40% 17373 216142 15987 14%
c i 338.94 126 156 54 231 13482 4 2345551 53840 2.4 54 22 3 19 39% 17381 216142 15985 14%
c - 339.12 126 156 54 232 13487 4 2349085 52134 2.4 53 22 3 19 39% 17372 216142 15985 14%
c - 339.87 127 149 54 233 13499 4 2364319 56195 2.4 50 20 3 19 36% 17388 216142 15985 14%
c i 340.60 128 141 54 233 13507 4 2378064 69146 2.5 48 19 3 18 35% 17393 216142 15984 14%
c - 340.71 129 141 54 234 13510 4 2379583 59182 2.5 48 19 3 18 36% 17391 216142 15984 14%
c - 341.51 129 138 54 235 13519 3 2394880 61949 2.5 45 18 3 18 34% 17398 216142 15984 14%
c i 341.69 121 136 54 235 13520 3 2398440 65332 2.5 45 18 3 18 33% 17401 216142 15983 14%
c i 341.83 125 136 54 235 13524 3 2400889 67672 2.5 44 18 3 18 33% 17407 216142 15982 14%
c - 342.32 127 134 54 236 13538 3 2410211 63901 2.5 43 17 3 18 33% 17395 216142 15982 14%
c i 342.82 128 128 54 236 13546 3 2425153 77817 2.4 40 16 3 18 30% 17402 216142 15981 14%
c i 342.82 128 128 54 236 13546 3 2425232 77874 2.4 40 16 3 18 30% 17404 216142 15980 14%
c - 342.85 128 128 54 237 13546 3 2425573 65655 2.4 40 16 3 18 30% 17395 216142 15980 14%
c
c seconds      switched      rate           size/glue  tier1     binary           remaining
c          MB    reductions     conflicts         size   tier2       irredundant
c            level     restarts        redundant     glue    trail           variables
c
c b 343.09 128 128 54 237 13553 3 2431056 70815 2.4 39 16 3 18 30% 17420 216040 15978 14%
c u 343.31 129 128 54 237 13553 3 2431056 67184 2.4 39 16 3 18 30% 17441 216040 15977 14%
c v 343.57 130 128 54 237 13553 3 2431056 66345 2.4 39 16 3 18 30% 17439 216040 15977 14%
c w 343.67 130 128 54 237 13553 3 2431056 66237 2.4 39 16 3 18 30% 17439 216040 15977 14%
c x 343.89 122 128 54 237 13553 3 2431056 66236 2.4 39 16 3 18 30% 17453 215729 15977 14%
c t 343.90 122 128 54 237 13553 3 2431056 66234 2.4 39 16 3 18 30% 17427 215729 15977 14%
c u 344.20 126 128 54 237 13553 3 2431056 62975 2.4 39 16 3 18 30% 17447 215729 15977 14%
c v 344.45 127 128 54 237 13553 3 2431056 62063 2.4 39 16 3 18 30% 17447 215729 15977 14%
c w 344.55 128 128 54 237 13553 3 2431056 61996 2.4 39 16 3 18 30% 17447 215729 15977 14%
c x 344.77 127 128 54 237 13553 3 2431056 61995 2.4 39 16 3 18 30% 17465 215538 15976 14%
c t 344.94 127 128 54 237 13553 3 2431056 61991 2.4 39 16 3 18 30% 17460 215527 15976 14%
c i 344.96 127 128 54 237 13553 3 2431056 61991 2.4 39 16 3 18 30% 17460 215527 15976 14%
c - 345.48 128 127 54 238 13566 3 2440967 59108 2.4 37 16 3 18 29% 17459 215527 15976 14%
c - 345.72 128 115 54 239 13566 3 2456395 61078 2.3 34 15 3 18 26% 17461 215527 15976 14%
c - 346.31 134 112 54 240 13606 3 2471855 62507 2.3 32 14 3 18 25% 17478 215527 15976 14%
c } 346.41 134 110 55 240 13608 3 2476960 67118 2.3 32 14 3 18 24% 17480 215527 15976 14%
c [ 346.41 134 71 55 240 13608 1 2476960 67118 2.9 150 53 4 34 58% 17480 215527 15976 14%
c O 346.41 134 71 55 240 13608 1 2476960 67118 2.9 150 53 4 34 58% 17480 215527 15976 14%
c - 348.14 135 78 55 241 13614 1 2487351 59015 2.8 155 55 4 34 59% 17480 215527 15976 14%
c - 350.59 130 80 55 242 13622 1 2502879 51848 2.8 156 55 4 34 58% 17480 215527 15976 14%
c
c seconds     switched      rate           size/glue   tier1     binary           remaining
c          MB   reductions     conflicts         size    tier2       irredundant
c           level     restarts        redundant      glue    trail           variables
c
c - 352.79 114 84 55 243 13629 1 2518435 49598 2.8 154 55 4 34 57% 17480 215527 15976 14%
c ] 354.93 116 82 56 243 13635 1 2529711 60373 2.8 153 54 4 34 56% 17480 215527 15976 14%
c { 354.93 116 110 56 243 13635 3 2529711 60373 2.3 32 14 3 18 24% 17480 215527 15976 14%
c - 355.32 113 111 56 244 13679 3 2534023 50810 2.3 32 14 3 18 24% 17480 215527 15976 14%
c - 357.20 116 120 56 245 13937 3 2549643 56354 2.3 35 16 3 18 27% 17485 215527 15976 14%
c s 357.65 116 121 56 245 13991 3 2553013 59656 2.3 36 16 3 18 28% 17490 215207 15976 14%
c e 357.71 106 121 56 245 13991 3 2553013 59656 2.3 36 16 3 18 28% 17292 216259 15895 14%
c s 357.74 106 121 56 245 13991 3 2553013 59656 2.3 36 16 3 18 28% 17297 215882 15895 14%
c e 357.77 106 121 56 245 13991 3 2553013 59656 2.3 36 16 3 18 28% 17274 215970 15887 14%
c o 358.25 114 123 56 245 14051 3 2557617 61943 2.3 37 16 3 18 29% 17275 215970 15887 14%
c - 359.30 116 127 56 246 14182 4 2565295 60345 2.3 39 17 3 18 30% 17280 215970 15887 14%
c - 361.37 117 134 56 247 14430 4 2580980 63719 2.3 42 18 3 18 32% 17282 215970 15887 14%
c u 362.11 115 134 56 247 14473 4 2583448 60382 2.3 42 18 3 18 33% 17362 215970 15887 14%
c v 362.60 116 134 56 247 14473 4 2583448 56331 2.3 42 18 3 18 33% 17362 215970 15887 14%
c w 362.80 116 134 56 247 14473 4 2583448 56281 2.3 42 18 3 18 33% 17362 215970 15887 14%
c t 362.82 116 134 56 247 14473 4 2583448 56281 2.3 42 18 3 18 33% 17315 215970 15887 14%
c f 362.88 103 134 56 247 14473 4 2583448 56281 2.3 42 18 3 18 33% 17326 215755 15898 14%
c u 363.19 112 134 56 247 14473 4 2583448 54714 2.3 42 18 3 18 33% 17331 215755 15898 14%
c v 363.54 113 134 56 247 14473 4 2583448 52405 2.3 42 18 3 18 33% 17331 215755 15898 14%
c w 363.68 114 134 56 247 14473 4 2583448 52367 2.3 42 18 3 18 33% 17331 215755 15898 14%
c
c seconds      switched      rate           size/glue  tier1     binary           remaining
c          MB    reductions     conflicts         size   tier2       irredundant
c            level     restarts        redundant     glue    trail           variables
c
c x 363.96 119 134 56 247 14473 4 2583448 52360 2.3 42 18 3 18 33% 17445 215452 15898 14%
c t 363.98 119 134 56 247 14473 4 2583448 52360 2.3 42 18 3 18 33% 17427 215452 15898 14%
c - 365.50 122 138 56 248 14643 4 2596697 54255 2.3 44 19 3 18 34% 17428 215452 15898 14%
c - 367.10 129 139 56 249 14823 4 2612446 58543 2.4 46 19 3 18 36% 17435 215452 15898 14%
c - 368.65 130 140 56 250 14987 4 2628226 61306 2.4 47 20 3 18 37% 17436 215452 15898 14%
c - 370.21 137 141 56 251 15136 4 2644038 63586 2.4 49 20 3 18 38% 17439 215452 15898 14%
c - 372.14 139 145 56 252 15351 4 2659883 64007 2.5 51 21 3 18 39% 17443 215452 15898 14%
c - 374.15 121 149 56 253 15571 4 2675757 64138 2.5 53 21 3 18 41% 17447 215452 15898 14%
c - 375.89 121 152 56 254 15729 4 2691663 65269 2.6 57 22 3 18 42% 17452 215452 15898 14%
c } 376.77 121 154 57 254 15811 4 2699054 72551 2.6 57 22 3 18 43% 17453 215452 15898 14%
c [ 376.77 121 82 57 254 15811 1 2699054 72551 2.8 153 54 4 34 56% 17453 215452 15898 14%
c B 376.77 121 82 57 254 15811 1 2699054 72551 2.8 153 54 4 34 56% 17453 215452 15898 14%
c - 377.80 122 90 57 255 15817 1 2707600 63119 2.7 151 57 4 34 55% 17453 215452 15898 14%
c - 379.81 116 93 57 256 15824 1 2723569 55789 2.5 147 58 4 34 53% 17453 215452 15898 14%
c - 382.02 119 100 57 257 15831 1 2739569 51625 2.4 144 59 4 34 52% 17454 215452 15898 14%
c u 382.53 115 101 57 257 15832 1 2740980 48586 2.4 144 59 4 34 52% 17518 215452 15898 14%
c v 382.74 116 101 57 257 15832 1 2740980 45408 2.4 144 59 4 34 52% 17518 215452 15898 14%
c w 383.09 118 101 57 257 15832 1 2740980 45268 2.4 144 59 4 34 52% 17518 215452 15898 14%
c x 383.36 120 101 57 257 15832 1 2740980 45232 2.4 144 59 4 34 52% 17528 215328 15897 14%
c t 383.38 120 101 57 257 15832 1 2740980 45231 2.4 144 59 4 34 52% 17494 215318 15897 14%
c
c seconds      switched      rate           size/glue   tier1     binary           remaining
c          MB    reductions     conflicts         size    tier2       irredundant
c            level     restarts        redundant      glue    trail           variables
c
c u 383.72 120 101 57 257 15832 1 2740980 42949 2.4 144 59 4 34 52% 17506 215318 15897 14%
c v 383.85 120 101 57 257 15832 1 2740980 41793 2.4 144 59 4 34 52% 17506 215318 15897 14%
c w 384.26 121 101 57 257 15832 1 2740980 41368 2.4 144 59 4 34 52% 17506 215318 15897 14%
c x 384.54 105 101 57 257 15832 1 2740980 41364 2.4 144 59 4 34 52% 17507 215281 15897 14%
c t 384.55 105 101 57 257 15832 1 2740980 41364 2.4 144 59 4 34 52% 17503 215281 15897 14%
c i 384.57 105 101 57 257 15832 1 2740980 41364 2.4 144 59 4 34 52% 17503 215281 15897 14%
c - 386.32 107 104 57 258 15839 1 2755600 42889 2.4 142 58 4 34 51% 17502 215281 15897 14%
c - 388.01 101 104 57 259 15841 1 2771662 42523 2.3 140 60 4 35 49% 17502 215281 15897 14%
c - 389.83 104 106 57 260 15847 1 2787756 42096 2.3 139 60 4 35 48% 17503 215281 15897 14%
c o 390.10 105 106 57 260 15848 1 2789339 43619 2.3 139 60 4 35 48% 17503 215281 15897 14%
c - 392.27 106 119 57 261 15855 1 2803882 43716 2.2 142 64 4 35 49% 17503 215281 15897 14%
c - 395.57 108 118 57 262 15861 1 2820038 42037 2.2 146 65 4 35 50% 17505 215281 15897 14%
c W 396.92 108 115 57 262 15864 1 2826522 48103 2.3 147 64 4 35 50% 17505 215281 15897 14%
c ] 398.12 109 112 58 262 15869 1 2832898 54187 2.4 148 63 4 35 51% 17505 215281 15897 14%
c { 398.12 109 154 58 262 15869 4 2832898 54187 2.6 57 22 3 18 43% 17505 215281 15897 14%
c - 398.54 112 154 58 263 15907 4 2836224 44508 2.6 58 22 3 18 43% 17505 215281 15897 14%
c - 399.78 119 157 58 264 15996 4 2852441 53355 2.6 56 22 3 18 44% 17513 215281 15897 14%
c - 401.30 120 158 58 265 16131 4 2868690 60283 2.6 55 21 3 18 45% 17515 215280 15897 14%
c - 402.91 122 160 58 266 16274 4 2884969 62804 2.5 54 21 3 18 45% 17519 215280 15897 14%
c - 405.02 121 163 58 267 16470 4 2901278 64028 2.5 56 22 3 18 46% 17519 215280 15897 14%
c
c seconds      switched      rate           size/glue  tier1     binary           remaining
c          MB    reductions     conflicts         size   tier2       irredundant
c            level     restarts        redundant     glue    trail           variables
c
c u 405.81 116 163 58 267 16503 4 2903658 61306 2.5 56 22 3 18 46% 17567 215280 15897 14%
c v 406.48 118 163 58 267 16503 4 2903658 55061 2.5 56 22 3 18 46% 17568 215280 15897 14%
c w 406.72 119 163 58 267 16503 4 2903658 54954 2.5 56 22 3 18 46% 17568 215280 15897 14%
c t 406.73 119 163 58 267 16503 4 2903658 54954 2.5 56 22 3 18 46% 17542 215280 15897 14%
c - 408.28 121 164 58 268 16647 4 2917620 55452 2.5 56 22 3 18 46% 17544 215280 15897 14%
c - 410.03 120 166 58 269 16811 4 2933990 59035 2.5 57 22 3 18 47% 17544 215280 15897 14%
c - 411.85 121 167 58 270 16985 4 2950392 61286 2.5 58 23 3 18 47% 17546 215280 15897 14%
c s 412.28 118 167 58 270 17023 4 2953356 64211 2.5 58 23 3 18 47% 17575 215074 15897 14%
c e 412.34 109 167 58 270 17023 4 2953356 64211 2.5 58 23 3 18 47% 17497 215729 15853 14%
c s 412.36 109 167 58 270 17023 4 2953356 64211 2.5 58 23 3 18 47% 17497 215522 15853 14%
c e 412.38 109 167 58 270 17023 4 2953356 64211 2.5 58 23 3 18 47% 17488 215601 15848 14%
c - 413.79 120 168 58 271 17152 4 2966823 60878 2.5 58 23 3 18 48% 17492 215601 15848 14%
c - 415.46 122 168 58 272 17299 4 2983286 62433 2.5 59 23 3 18 48% 17494 215601 15848 14%
c - 417.40 111 169 58 273 17474 4 2999778 63580 2.5 59 23 3 18 48% 17496 215601 15848 14%
c } 418.96 110 170 59 273 17621 4 3013528 77191 2.5 60 24 3 18 49% 17497 215601 15848 14%
c [ 418.96 110 112 59 273 17621 1 3013528 77191 2.4 148 63 4 35 51% 17497 215601 15848 14%
c I 418.96 110 112 59 273 17621 1 3013528 77191 2.4 148 63 4 35 51% 17497 215601 15848 14%
c - 419.26 111 115 59 274 17623 1 3016303 63615 2.4 147 63 4 35 51% 17497 215601 15848 14%
c o 420.66 106 119 59 274 17631 1 3029979 76446 2.3 145 63 4 35 50% 17497 215601 15848 14%
c - 421.05 107 122 59 275 17633 1 3032855 58192 2.3 145 63 4 35 50% 17497 215601 15848 14%
c
c seconds      switched      rate           size/glue   tier1     binary           remaining
c          MB    reductions     conflicts         size    tier2       irredundant
c            level     restarts        redundant      glue    trail           variables
c
c - 423.68 109 121 59 276 17638 1 3049439 51478 2.4 147 61 4 35 50% 17498 215601 15848 14%
c - 426.01 111 120 59 277 17648 1 3066054 49738 2.4 145 62 4 35 50% 17498 215601 15848 14%
c u 427.19 107 119 59 277 17650 1 3071534 50983 2.4 144 61 4 35 49% 17504 215601 15848 14%
c v 427.43 108 119 59 277 17650 1 3071534 48060 2.4 144 61 4 35 49% 17504 215601 15848 14%
c w 427.86 112 119 59 277 17650 1 3071534 48048 2.4 144 61 4 35 49% 17504 215601 15848 14%
c x 428.16 108 119 59 277 17650 1 3071534 48015 2.4 144 61 4 35 49% 17511 215517 15848 14%
c t 428.18 108 119 59 277 17650 1 3071534 48015 2.4 144 61 4 35 49% 17490 215517 15848 14%
c f 428.22 102 119 59 277 17650 1 3071534 48015 2.4 144 61 4 35 49% 17497 215429 15852 14%
c u 428.61 110 119 59 277 17650 1 3071534 46363 2.4 144 61 4 35 49% 17544 215429 15852 14%
c v 428.78 111 119 59 277 17650 1 3071534 45031 2.4 144 61 4 35 49% 17543 215429 15852 14%
c w 429.71 115 119 59 277 17650 1 3071534 44811 2.4 144 61 4 35 49% 17543 215429 15852 14%
c t 429.73 115 119 59 277 17650 1 3071534 44811 2.4 144 61 4 35 49% 17519 215429 15852 14%
c - 431.37 110 119 59 278 17651 1 3082697 40663 2.4 146 60 4 35 50% 17519 215429 15852 14%
c - 434.01 111 114 59 279 17654 1 3099373 40575 2.5 149 60 4 35 51% 17519 215429 15852 14%
c - 436.79 113 108 59 280 17664 1 3116077 39622 2.6 151 59 4 35 52% 17519 215429 15852 14%
c - 439.69 114 102 59 281 17670 1 3132812 40052 2.6 151 58 4 35 52% 17519 215429 15852 14%
c ] 441.21 109 104 60 281 17676 1 3143274 50262 2.6 150 57 4 35 52% 17519 215429 15852 14%
c { 441.21 109 170 60 281 17676 4 3143274 50262 2.5 60 24 3 18 49% 17519 215429 15852 14%
c - 442.14 114 170 60 282 17771 5 3149575 43846 2.5 62 24 3 18 49% 17520 215429 15852 14%
c - 444.23 116 172 60 283 17973 5 3166368 50556 2.5 63 25 3 18 49% 17521 215429 15852 14%
c
c seconds      switched      rate           size/glue  tier1     binary           remaining
c          MB    reductions     conflicts         size   tier2       irredundant
c            level     restarts        redundant     glue    trail           variables
c
c - 446.50 116 172 60 284 18181 5 3183190 55192 2.5 66 26 3 18 50% 17521 215429 15852 14%
c - 448.66 117 173 60 285 18374 5 3200042 57625 2.6 68 27 3 18 51% 17522 215429 15852 14%
c - 451.19 102 174 60 286 18616 5 3216923 58730 2.6 71 28 3 18 51% 17522 215429 15852 14%
c - 453.34 103 175 60 287 18789 5 3233835 60011 2.6 73 28 3 18 52% 17523 215429 15852 14%
c u 455.04 101 173 60 287 18889 5 3244639 66607 2.6 74 28 3 18 51% 17551 215429 15852 14%
c v 455.78 103 173 60 287 18889 5 3244639 57690 2.6 74 28 3 18 51% 17551 215429 15852 14%
c w 456.42 105 173 60 287 18889 5 3244639 57649 2.6 74 28 3 18 51% 17551 215429 15852 14%
c t 456.44 105 173 60 287 18889 5 3244639 57649 2.6 74 28 3 18 51% 17539 215429 15852 14%
c - 457.29 100 174 60 288 18968 5 3250776 50969 2.6 75 29 3 18 51% 17539 215429 15852 14%
c - 459.55 102 175 60 289 19154 5 3267746 54367 2.6 77 29 3 18 52% 17539 215429 15852 14%
c o 461.07 101 175 60 289 19275 5 3280675 67102 2.6 77 29 3 18 52% 17541 215428 15852 14%
c - 461.74 102 175 60 290 19333 5 3284746 57389 2.6 78 30 3 18 52% 17541 215428 15852 14%
c - 464.24 96 175 60 291 19548 5 3301775 58549 2.6 81 31 3 18 53% 17541 215428 15852 14%
c - 466.79 102 175 60 292 19747 5 3318834 59368 2.6 83 32 3 18 53% 17542 215428 15852 14%
c } 469.16 103 175 61 292 19920 5 3335526 75882 2.6 84 32 3 18 53% 17544 215428 15852 14%
c [ 469.16 103 104 61 292 19920 1 3335526 75882 2.6 150 57 4 35 52% 17544 215428 15852 14%
c B 469.16 103 104 61 292 19920 1 3335526 75882 2.6 150 57 4 35 52% 17544 215428 15852 14%
c - 469.26 103 104 61 293 19920 1 3335923 60608 2.6 150 57 4 35 53% 17544 215428 15852 14%
c - 472.06 99 98 61 294 19931 1 3353040 58370 2.7 146 54 4 35 52% 17544 215428 15852 14%
c - 475.45 101 97 61 295 19936 1 3370187 51447 2.7 146 54 4 35 53% 17544 215428 15852 14%
c
c seconds     switched      rate           size/glue   tier1     binary           remaining
c          MB   reductions     conflicts         size    tier2       irredundant
c           level     restarts        redundant      glue    trail           variables
c
c - 478.64 103 95 61 296 19947 1 3387363 48256 2.7 144 53 4 35 53% 17544 215428 15852 14%
c s 478.85 95 97 61 296 19948 1 3389151 50031 2.7 144 53 4 35 53% 17556 215340 15852 14%
c e 478.89 97 97 61 296 19948 1 3389151 50031 2.7 144 53 4 35 53% 17532 215572 15837 14%
c s 478.90 97 97 61 296 19948 1 3389151 50031 2.7 144 53 4 35 53% 17533 215518 15837 14%
c - 481.12 104 106 61 297 19950 1 3404570 47961 2.7 150 55 4 35 54% 17534 215518 15837 14%
c - 483.95 106 109 61 298 19954 1 3421803 45682 2.7 155 57 4 35 56% 17534 215518 15837 14%
c u 484.48 110 109 61 298 19955 1 3422993 42877 2.7 154 57 4 35 55% 17556 215518 15837 14%
c v 484.64 110 109 61 298 19955 1 3422993 40105 2.7 154 57 4 35 55% 17556 215518 15837 14%
c w 485.21 112 109 61 298 19955 1 3422993 39763 2.7 154 57 4 35 55% 17556 215518 15837 14%
c x 485.71 115 109 61 298 19955 1 3422993 39674 2.7 154 57 4 35 55% 17579 215323 15837 14%
c t 485.73 115 109 61 298 19955 1 3422993 39674 2.7 154 57 4 35 55% 17556 215323 15837 14%
c f 485.76 115 109 61 298 19955 1 3422993 39674 2.7 154 57 4 35 55% 17562 215247 15841 14%
c u 486.09 116 109 61 298 19955 1 3422993 39040 2.7 154 57 4 35 55% 17575 215247 15841 14%
c v 486.18 116 109 61 298 19955 1 3422993 38078 2.7 154 57 4 35 55% 17575 215247 15841 14%
c w 486.70 117 109 61 298 19955 1 3422993 36694 2.7 154 57 4 35 55% 17575 215247 15841 14%
c t 486.71 117 109 61 298 19955 1 3422993 36694 2.7 154 57 4 35 55% 17571 215247 15841 14%
c - 488.87 119 110 61 299 19964 1 3439066 38803 2.7 152 56 4 35 54% 17571 215247 15841 14%
c - 490.96 120 111 61 300 19970 1 3456360 43206 2.7 149 55 4 35 53% 17573 215247 15841 14%
c - 493.47 137 114 61 301 19979 1 3473681 45840 2.7 146 55 4 35 53% 17574 215247 15841 14%
c W 495.35 137 111 61 301 19981 1 3483714 55308 2.7 145 54 4 35 54% 17574 215247 15841 14%
c
c seconds      switched      rate           size/glue   tier1     binary           remaining
c          MB    reductions     conflicts         size    tier2       irredundant
c            level     restarts        redundant      glue    trail           variables
c
c - 496.49 137 110 61 302 19981 1 3491032 44089 2.7 146 55 4 35 55% 17574 215247 15841 14%
c ] 498.47 137 108 62 302 19982 1 3503470 56045 2.7 149 55 4 35 56% 17574 215247 15841 14%
c { 498.47 137 175 62 302 19982 5 3503470 56045 2.6 84 32 3 18 53% 17574 215247 15841 14%
c - 499.12 154 174 62 303 20025 5 3508410 43919 2.6 83 32 3 18 53% 17575 215247 15841 14%
c - 501.11 170 175 62 304 20139 4 3525816 49855 2.6 83 32 3 18 53% 17576 215247 15841 14%
c o 502.55 171 175 62 304 20204 4 3541520 65182 2.7 81 30 3 18 53% 17578 215247 15841 14%
c - 502.83 172 176 62 305 20222 4 3543251 55600 2.7 81 30 3 18 53% 17578 215247 15841 14%
c - 505.03 189 175 62 306 20359 4 3560717 58400 2.7 81 30 3 19 53% 17578 215247 15841 14%
c - 507.20 176 176 62 307 20510 4 3578209 59583 2.7 80 30 3 19 53% 17580 215247 15841 14%
c - 509.35 193 175 62 308 20645 4 3595730 61003 2.7 80 30 3 19 52% 17580 215247 15841 14%
c u 511.11 194 175 62 308 20723 4 3606617 67456 2.7 79 29 3 19 53% 17601 215247 15841 14%
c v 511.63 194 175 62 308 20723 4 3606617 64480 2.7 79 29 3 19 53% 17601 215247 15841 14%
c w 511.89 211 175 62 308 20723 4 3606617 64442 2.7 79 29 3 19 53% 17601 215247 15841 14%
c x 512.31 212 175 62 308 20723 4 3606617 64432 2.7 79 29 3 19 53% 17611 214991 15841 14%
c t 512.33 212 175 62 308 20723 4 3606617 64432 2.7 79 29 3 19 53% 17608 214991 15841 14%
c - 513.26 212 175 62 309 20779 4 3613281 55969 2.7 79 29 3 19 53% 17608 214991 15841 14%
c - 515.78 229 175 62 310 20944 4 3630861 58113 2.7 79 29 3 19 52% 17609 214991 15841 14%
c - 518.24 206 174 62 311 21089 4 3648467 59838 2.7 79 29 3 19 53% 17610 214991 15841 14%
c - 520.49 207 175 62 312 21262 4 3666102 61180 2.7 79 29 3 19 52% 17614 214991 15841 14%
c - 522.54 225 173 62 313 21412 4 3683767 62433 2.7 78 29 3 19 52% 17616 214991 15841 14%
c
c seconds      switched      rate           size/glue  tier1     binary           remaining
c          MB    reductions     conflicts         size   tier2       irredundant
c            level     restarts        redundant     glue    trail           variables
c
c - 524.59 243 174 62 314 21561 4 3701459 63713 2.7 77 29 3 19 52% 17619 214991 15841 14%
c } 525.28 243 173 63 314 21608 4 3707679 69826 2.7 77 29 3 19 52% 17619 214991 15841 14%
c [ 525.28 243 108 63 314 21608 1 3707679 69826 2.7 149 55 4 35 56% 17619 214991 15841 14%
c O 525.28 243 108 63 314 21608 1 3707679 69826 2.7 149 55 4 35 56% 17619 214991 15841 14%
c - 526.79 207 111 63 315 21614 1 3719179 62246 2.7 147 54 4 35 57% 17620 214991 15841 14%
c - 529.56 209 111 63 316 21622 1 3736928 56203 2.7 147 55 4 35 58% 17620 214991 15841 14%
c - 532.85 209 108 63 317 21631 1 3754704 49718 2.7 150 55 4 35 59% 17620 214991 15841 14%
c - 535.85 147 102 63 318 21637 1 3772508 47241 2.7 147 55 4 35 58% 17620 214991 15841 14%
c - 538.72 147 97 63 319 21639 1 3790342 48336 2.7 141 53 4 35 57% 17621 214991 15841 14%
c u 539.97 161 95 63 319 21643 1 3795530 48363 2.7 140 52 4 35 56% 17658 214991 15841 14%
c v 540.16 162 95 63 319 21643 1 3795530 45562 2.7 140 52 4 35 56% 17659 214991 15841 14%
c w 541.53 167 95 63 319 21643 1 3795530 44993 2.7 140 52 4 35 56% 17659 214991 15841 14%
c t 544.54 167 95 63 319 21643 1 3795530 44993 2.7 140 52 4 35 56% 17646 214991 15841 14%
c - 546.44 122 94 63 320 21650 1 3808202 43591 2.7 138 52 4 35 56% 17646 214991 15841 14%
c o 548.38 122 90 63 320 21656 1 3824630 59311 2.7 134 49 4 35 58% 17646 214991 15841 14%
c - 548.49 122 92 63 321 21656 1 3826090 47265 2.7 134 50 4 35 58% 17646 214991 15841 14%
c - 551.32 139 97 63 322 21667 1 3844007 46677 2.7 139 52 4 35 59% 17646 214991 15841 14%
c s 554.15 140 93 63 322 21669 1 3861330 62685 2.7 139 52 4 35 60% 17654 214889 15841 14%
c e 554.20 140 93 63 322 21669 1 3861330 62685 2.7 139 52 4 35 60% 17598 215295 15813 14%
c s 554.21 140 93 63 322 21669 1 3861330 62685 2.7 139 52 4 35 60% 17599 215189 15813 14%
c
c seconds     switched      rate           size/glue   tier1     binary           remaining
c          MB   reductions     conflicts         size    tier2       irredundant
c           level     restarts        redundant      glue    trail           variables
c
c ] 554.27 140 93 64 322 21669 1 3861544 61750 2.7 139 52 4 35 60% 17599 215189 15813 14%
c { 554.27 140 173 64 322 21669 4 3861544 61750 2.7 77 29 3 19 52% 17599 215189 15813 14%
c - 554.35 143 173 64 323 21676 4 3861951 42620 2.7 77 29 3 19 52% 17599 215189 15813 14%
c - 555.89 160 173 64 324 21757 4 3879924 50542 2.7 77 28 3 19 52% 17600 215189 15813 14%
c - 557.64 131 173 64 325 21862 4 3897924 59081 2.8 76 27 3 19 52% 17601 215189 15813 14%
c - 559.32 133 174 64 326 21954 4 3915952 62717 2.8 75 26 3 19 53% 17602 215189 15813 14%
c - 561.14 134 176 64 327 22100 4 3934007 64459 2.8 73 26 3 19 53% 17604 215189 15813 14%
c - 563.12 141 178 64 328 22272 4 3952091 65055 2.8 72 26 3 19 52% 17607 215189 15813 14%
c - 564.82 142 177 64 329 22396 4 3970203 66778 2.8 72 26 3 19 53% 17609 215189 15813 14%
c - 566.34 150 174 64 330 22504 4 3988342 69160 2.8 71 25 3 19 53% 17611 215189 15813 14%
c u 566.96 153 174 64 330 22517 4 3989771 65041 2.8 71 26 3 19 53% 17638 215189 15813 14%
c v 567.70 156 174 64 330 22517 4 3989771 57472 2.8 71 26 3 19 53% 17639 215189 15813 14%
c w 568.00 160 174 64 330 22517 4 3989771 57335 2.8 71 26 3 19 53% 17639 215189 15813 14%
c t 568.02 139 174 64 330 22517 4 3989771 57335 2.8 71 26 3 19 53% 17618 215189 15813 14%
c f 568.05 139 174 64 330 22517 4 3989771 57335 2.8 71 26 3 19 53% 17622 215112 15817 14%
c u 568.38 139 174 64 330 22517 4 3989771 56500 2.8 71 26 3 19 53% 17625 215112 15817 14%
c v 568.89 139 174 64 330 22517 4 3989771 52831 2.8 71 26 3 19 53% 17626 215112 15817 14%
c w 569.08 139 174 64 330 22517 4 3989771 52803 2.8 71 26 3 19 53% 17626 215112 15817 14%
c x 569.43 140 174 64 330 22517 4 3989771 52801 2.8 71 26 3 19 53% 17635 214956 15817 14%
c t 569.44 140 174 64 330 22517 4 3989771 52801 2.8 71 26 3 19 53% 17632 214956 15817 14%
c
c seconds      switched      rate           size/glue  tier1     binary           remaining
c          MB    reductions     conflicts         size   tier2       irredundant
c            level     restarts        redundant     glue    trail           variables
c
c - 571.12 146 172 64 331 22631 4 4006508 57410 2.9 72 25 3 19 53% 17633 214956 15817 14%
c - 573.30 148 174 64 332 22809 4 4024701 61064 2.8 72 25 3 19 53% 17634 214956 15817 14%
c - 575.28 155 174 64 333 22964 4 4042922 63006 2.8 72 25 3 19 53% 17635 214956 15817 14%
c - 577.29 163 176 64 334 23140 4 4061171 64858 2.8 71 26 3 19 53% 17636 214956 15817 14%
c } 579.49 163 176 65 334 23310 4 4078044 81493 2.8 72 26 3 19 53% 17637 214956 15817 14%
c [ 579.49 163 93 65 334 23310 1 4078044 81493 2.7 139 52 4 35 60% 17637 214956 15817 14%
c B 579.49 163 93 65 334 23310 1 4078044 81493 2.7 139 52 4 35 60% 17637 214956 15817 14%
c - 579.73 163 92 65 335 23311 1 4079446 65602 2.7 139 51 4 35 60% 17637 214956 15817 14%
c - 583.15 167 93 65 336 23322 1 4097749 59439 2.7 141 53 4 35 60% 17637 214956 15817 14%
c - 586.92 168 90 65 337 23329 1 4116079 49757 2.7 143 54 4 35 60% 17637 214956 15817 14%
c o 588.94 110 89 65 337 23334 1 4125207 58392 2.7 144 54 4 35 59% 17637 214956 15817 14%
c - 590.25 112 96 65 338 23338 1 4134436 47442 2.6 146 56 4 35 60% 17637 214956 15817 14%
c - 593.29 115 99 65 339 23340 1 4152822 49492 2.6 147 56 4 35 60% 17637 214956 15817 14%
c - 595.64 118 102 65 340 23347 1 4171233 50836 2.6 144 55 4 35 58% 17637 214956 15817 14%
c u 598.07 121 107 65 340 23355 1 4189362 64269 2.6 145 56 4 35 56% 17657 214956 15817 14%
c v 598.41 121 107 65 340 23355 1 4189362 59617 2.6 145 56 4 35 56% 17657 214956 15817 14%
c w 599.80 135 107 65 340 23355 1 4189362 59480 2.6 145 56 4 35 56% 17657 214956 15817 14%
c t 599.82 135 107 65 340 23355 1 4189362 59480 2.6 145 56 4 35 56% 17652 214956 15817 14%
c - 599.88 135 107 65 341 23355 1 4189672 44946 2.6 145 56 4 35 56% 17652 214956 15817 14%
c - 602.41 135 107 65 342 23365 1 4208139 44666 2.5 145 57 4 35 56% 17652 214956 15817 14%
c
c seconds      switched      rate           size/glue   tier1     binary           remaining
c          MB    reductions     conflicts         size    tier2       irredundant
c            level     restarts        redundant      glue    trail           variables
c
c - 605.01 135 105 65 343 23371 1 4226632 43351 2.5 145 58 4 35 56% 17652 214956 15817 14%
c ] 605.42 135 104 66 343 23371 1 4229928 46418 2.5 145 58 4 35 56% 17652 214956 15817 14%
c { 605.42 135 176 66 343 23371 4 4229928 46418 2.8 72 26 3 19 53% 17652 214956 15817 14%
c i 605.79 135 172 66 343 23374 4 4233631 50023 2.8 73 26 3 19 53% 17660 214956 15816 14%
c - 606.67 135 162 66 344 23374 4 4245153 51299 2.9 71 25 3 19 52% 17650 214956 15816 14%
c - 607.78 135 144 66 345 23376 3 4263700 63575 3.0 70 23 3 19 50% 17652 214956 15816 14%
c - 608.97 136 129 66 346 23384 3 4282274 68931 3.2 70 22 3 19 49% 17656 214956 15816 14%
c - 609.75 137 113 66 347 23386 3 4300875 70889 3.2 66 21 3 19 45% 17659 214956 15816 14%
c - 610.16 121 100 66 348 23386 2 4319502 71649 3.2 59 19 3 19 40% 17660 214956 15816 14%
c - 610.71 124 88 66 349 23386 2 4338156 73515 3.1 53 17 3 18 35% 17661 214956 15816 14%
c - 611.17 128 86 66 350 23389 2 4356838 76840 3.2 49 16 3 18 33% 17665 214956 15816 14%
c s 611.61 130 79 66 350 23404 2 4370762 90730 3.3 51 15 3 18 32% 17675 214874 15816 14%
c e 611.65 131 79 66 350 23404 2 4370762 90730 3.3 51 15 3 18 32% 17632 215045 15804 14%
c s 611.66 131 79 66 350 23404 2 4370762 90730 3.3 51 15 3 18 32% 17632 215014 15804 14%
c - 611.95 140 78 66 351 23425 2 4375548 77362 3.4 51 15 3 18 32% 17636 215014 15804 14%
c i 612.20 140 76 66 351 23427 2 4382563 84350 3.5 52 15 3 18 32% 17637 215014 15802 14%
c - 612.66 143 76 66 352 23447 2 4394282 79099 3.5 50 14 3 18 32% 17647 215014 15802 14%
c u 613.00 146 76 66 352 23447 2 4394330 73739 3.5 50 14 3 18 32% 17665 214986 15802 14%
c v 613.45 158 76 66 352 23447 2 4394330 73083 3.5 50 14 3 18 32% 17665 214986 15802 14%
c w 613.61 160 76 66 352 23447 2 4394330 73045 3.5 50 14 3 18 32% 17665 214986 15802 14%
c
c seconds     switched      rate           size/glue  tier1     binary           remaining
c          MB   reductions     conflicts         size   tier2       irredundant
c           level     restarts        redundant     glue    trail           variables
c
c t 613.63 160 76 66 352 23447 2 4394330 73045 3.5 50 14 3 18 32% 17645 214986 15802 14%
c f 613.65 160 76 66 352 23447 2 4394330 73045 3.5 50 14 3 18 32% 17650 214908 15806 14%
c u 614.01 160 76 66 352 23447 2 4394330 69234 3.5 50 14 3 18 32% 17700 214908 15805 14%
c v 614.45 161 76 66 352 23447 2 4394330 67870 3.5 50 14 3 18 32% 17700 214908 15805 14%
c w 614.60 162 76 66 352 23447 2 4394330 67811 3.5 50 14 3 18 32% 17700 214908 15805 14%
c t 614.62 162 76 66 352 23447 2 4394330 67808 3.5 50 14 3 18 32% 17685 214895 15805 14%
c i 614.63 162 76 66 352 23447 2 4394330 67808 3.5 50 14 3 18 32% 17685 214895 15805 14%
c i 614.87 162 75 66 352 23465 2 4399416 72844 3.5 50 14 3 18 32% 17690 214894 15804 14%
c - 615.47 162 73 66 353 23508 2 4413044 70672 3.6 49 14 3 18 31% 17695 214893 15804 14%
c o 615.86 162 70 66 353 23522 2 4422259 79863 3.7 50 14 3 18 31% 17697 214893 15804 14%
c - 616.07 162 71 66 354 23524 2 4431833 72451 3.6 47 13 3 18 30% 17700 214893 15804 14%
c - 616.50 162 72 66 355 23524 2 4450648 73481 3.5 43 12 3 18 27% 17701 214893 15804 14%
c } 616.72 166 70 67 355 23539 2 4459044 81595 3.4 41 12 3 18 26% 17705 214893 15804 14%
c [ 616.72 166 104 67 355 23539 1 4459044 81595 2.5 145 58 4 35 56% 17705 214893 15804 14%
c W 616.75 167 104 67 355 23539 1 4459044 81595 2.5 145 58 4 35 56% 17705 214880 15804 14%
c - 617.88 168 103 67 356 23545 1 4469489 71188 2.5 143 57 4 35 57% 17705 214880 15804 14%
c - 619.96 170 107 67 357 23553 1 4488359 63716 2.5 139 56 4 35 54% 17706 214880 15804 14%
c - 622.17 173 105 67 358 23563 1 4507255 57094 2.5 138 56 4 35 52% 17706 214880 15804 14%
c - 624.96 175 104 67 359 23569 1 4526176 53227 2.3 134 57 4 36 51% 17706 214880 15804 14%
c ] 626.55 175 102 68 359 23569 1 4536149 62368 2.3 133 58 4 36 50% 17706 214880 15804 14%
c
c seconds     switched      rate           size/glue  tier1     binary           remaining
c          MB   reductions     conflicts         size   tier2       irredundant
c           level     restarts        redundant     glue    trail           variables
c
c { 626.55 175 70 68 359 23569 2 4536149 62368 3.4 41 12 3 18 26% 17706 214880 15804 14%
c - 627.83 184 80 68 360 23730 2 4545125 54534 3.3 43 13 3 18 29% 17706 214880 15804 14%
c - 630.54 146 96 68 361 24079 3 4564099 63212 3.0 48 16 3 18 33% 17708 214880 15804 14%
c - 633.18 149 109 68 362 24378 3 4583100 69610 2.8 51 18 3 18 36% 17709 214880 15804 14%
c - 636.04 156 121 68 363 24702 4 4602128 73367 2.7 54 20 3 18 38% 17711 214880 15804 14%
c u 636.78 157 123 68 363 24744 4 4604699 70420 2.7 54 20 3 18 38% 17719 214880 15804 14%
c v 637.22 157 123 68 363 24744 4 4604699 66731 2.7 54 20 3 18 38% 17720 214880 15804 14%
c w 637.42 158 123 68 363 24744 4 4604699 66714 2.7 54 20 3 18 38% 17720 214880 15804 14%
c x 637.76 159 123 68 363 24744 4 4604699 66699 2.7 54 20 3 18 38% 17834 214582 15804 14%
c t 637.78 159 123 68 363 24744 4 4604699 66699 2.7 54 20 3 18 38% 17811 214582 15804 14%
c - 640.31 125 131 68 364 25020 4 4621180 67135 2.6 57 22 3 18 40% 17812 214582 15804 14%
c - 643.04 133 138 68 365 25310 4 4640259 69765 2.6 60 23 3 18 42% 17816 214582 15804 14%
c - 645.57 142 143 68 366 25558 4 4659363 72134 2.5 61 24 3 18 44% 17817 214582 15804 14%
c - 648.04 166 147 68 367 25782 4 4678496 74345 2.5 63 25 3 18 45% 17819 214582 15804 14%
c - 650.45 172 150 68 368 25979 4 4697654 76033 2.5 63 25 3 18 46% 17820 214582 15804 14%
c - 652.70 174 151 68 369 26166 4 4716838 77673 2.5 63 25 3 18 47% 17821 214582 15804 14%
c o 653.52 180 151 68 369 26243 4 4722558 83305 2.5 64 25 3 18 47% 17821 214582 15804 14%
c - 655.00 182 153 68 370 26356 4 4736051 79294 2.5 64 25 3 18 48% 17823 214582 15804 14%
c - 656.94 205 152 68 371 26497 4 4755286 80897 2.6 64 25 3 18 48% 17825 214582 15804 14%
c - 659.20 229 153 68 372 26697 4 4774547 81969 2.6 65 25 3 18 49% 17826 214582 15804 14%
c
c seconds      switched      rate           size/glue  tier1     binary           remaining
c          MB    reductions     conflicts         size   tier2       irredundant
c            level     restarts        redundant     glue    trail           variables
c
c } 659.65 229 154 69 372 26737 4 4778210 85574 2.6 65 25 3 18 49% 17826 214582 15804 14%
c [ 659.65 229 102 69 372 26737 1 4778210 85574 2.3 133 58 4 36 50% 17826 214582 15804 14%
c I 659.65 229 102 69 372 26737 1 4778210 85574 2.3 133 58 4 36 50% 17826 214582 15804 14%
c - 661.78 186 106 69 373 26746 1 4793834 79302 2.3 132 57 4 36 52% 17826 214582 15804 14%
c - 665.18 190 106 69 374 26754 1 4813150 70281 2.3 132 57 4 36 53% 17826 214582 15804 14%
c u 667.01 192 106 69 374 26758 1 4820488 66303 2.4 134 57 4 36 53% 17882 214582 15804 14%
c v 667.49 193 106 69 374 26758 1 4820488 59434 2.4 134 57 4 36 53% 17884 214582 15804 14%
c w 668.36 202 106 69 374 26758 1 4820488 59293 2.4 134 57 4 36 53% 17884 214582 15804 14%
c t 668.38 202 106 69 374 26758 1 4820488 59293 2.4 134 57 4 36 53% 17861 214582 15803 14%
c u 668.82 204 106 69 374 26758 1 4820488 58053 2.4 134 57 4 36 53% 17880 214563 15803 14%
c v 669.12 204 106 69 374 26758 1 4820488 55809 2.4 134 57 4 36 53% 17880 214563 15803 14%
c w 669.86 213 106 69 374 26758 1 4820488 55757 2.4 134 57 4 36 53% 17880 214563 15803 14%
c x 670.24 217 106 69 374 26758 1 4820488 55718 2.4 134 57 4 36 53% 17886 214438 15803 14%
c t 670.26 217 106 69 374 26758 1 4820488 55718 2.4 134 57 4 36 53% 17878 214438 15803 14%
c - 671.97 164 106 69 375 26765 1 4832492 48664 2.4 135 56 4 35 54% 17876 214438 15803 14%
c - 675.04 166 108 69 376 26767 1 4851857 49167 2.4 142 58 4 36 56% 17876 214438 15803 14%
c - 678.36 167 109 69 377 26774 1 4871247 49334 2.5 147 59 4 36 57% 17876 214438 15803 14%
c - 681.59 170 106 69 378 26782 1 4890664 50268 2.6 149 58 4 36 57% 17876 214438 15803 14%
c - 685.31 117 101 69 379 26793 1 4910107 49058 2.6 152 58 4 36 57% 17876 214438 15803 14%
c s 686.84 118 99 69 379 26797 1 4918353 56801 2.7 153 57 4 36 57% 17901 214309 15803 14%
c
c seconds     switched      rate           size/glue   tier1     binary           remaining
c          MB   reductions     conflicts         size    tier2       irredundant
c           level     restarts        redundant      glue    trail           variables
c
c e 686.89 119 99 69 379 26797 1 4918353 56801 2.7 153 57 4 36 57% 17826 214763 15771 14%
c s 686.90 119 99 69 379 26797 1 4918353 56801 2.7 153 57 4 36 57% 17827 214642 15771 14%
c - 689.01 119 98 69 380 26798 1 4929575 47755 2.6 152 58 4 36 57% 17827 214642 15771 14%
c - 692.40 121 98 69 381 26799 1 4949070 46564 2.6 153 60 4 36 56% 17827 214642 15771 14%
c B 694.93 122 98 69 381 26799 1 4963544 60338 2.6 154 60 4 36 57% 17827 214642 15771 14%
c ] 695.13 122 101 70 381 26799 1 4964939 61717 2.5 154 61 4 36 56% 17827 214642 15771 14%
c { 695.13 122 154 70 381 26799 4 4964939 61717 2.6 65 25 3 18 49% 17827 214642 15771 14%
c - 695.32 125 154 70 382 26808 4 4968590 47865 2.6 64 25 3 18 48% 17830 214642 15771 14%
c - 696.25 130 146 70 383 26819 4 4988134 59437 2.5 58 23 3 18 44% 17841 214641 15771 14%
c i 697.18 133 136 70 383 26824 3 5007085 77668 2.5 54 22 3 18 40% 17848 214641 15769 14%
c - 697.23 133 137 70 384 26824 3 5007706 69679 2.5 53 22 3 18 40% 17836 214641 15769 14%
c - 697.97 134 133 70 385 26828 3 5027305 74171 2.4 48 20 3 18 36% 17843 214641 15769 14%
c o 698.21 134 132 70 385 26829 3 5033690 79923 2.4 47 20 3 18 35% 17843 214641 15769 14%
c u 699.16 140 129 70 385 26832 3 5041701 81768 2.4 45 19 3 18 34% 17875 214629 15769 14%
c v 700.07 142 129 70 385 26832 3 5041701 80786 2.4 45 19 3 18 34% 17875 214629 15769 14%
c w 700.36 143 129 70 385 26832 3 5041701 80524 2.4 45 19 3 18 34% 17875 214629 15769 14%
c t 700.37 143 129 70 385 26832 3 5041701 80524 2.4 45 19 3 18 34% 17847 214629 15769 14%
c f 700.40 143 129 70 385 26832 3 5041701 80524 2.4 45 19 3 18 34% 17848 214606 15770 14%
c u 700.80 143 129 70 385 26832 3 5041701 79637 2.4 45 19 3 18 34% 17855 214606 15770 14%
c v 701.78 145 129 70 385 26832 3 5041701 77220 2.4 45 19 3 18 34% 17855 214606 15770 14%
c
c seconds      switched      rate           size/glue  tier1     binary           remaining
c          MB    reductions     conflicts         size   tier2       irredundant
c            level     restarts        redundant     glue    trail           variables
c
c w 702.07 146 129 70 385 26832 3 5041701 77131 2.4 45 19 3 18 34% 17855 214606 15770 14%
c t 702.09 146 129 70 385 26832 3 5041701 77131 2.4 45 19 3 18 34% 17854 214606 15770 14%
c - 702.42 148 128 70 386 26842 3 5046926 66595 2.4 45 19 3 18 33% 17856 214606 15770 14%
c - 703.51 153 128 70 387 26880 3 5066573 69928 2.4 42 18 3 18 32% 17865 214606 15770 14%
c - 704.63 155 127 70 388 26930 3 5086246 72934 2.4 40 17 3 18 33% 17873 214606 15770 14%
c i 704.96 158 128 70 388 26943 3 5092632 79023 2.4 40 16 3 18 33% 17882 214606 15769 14%
c - 705.63 133 130 70 389 26973 3 5105943 75582 2.4 38 16 3 18 32% 17878 214605 15769 14%
c i 706.46 134 131 70 389 27031 3 5120243 89155 2.4 37 15 3 18 32% 17892 214605 15767 14%
c i 706.79 134 131 70 389 27055 3 5125540 94076 2.4 36 15 3 18 32% 17900 214605 15766 14%
c - 706.82 134 131 70 390 27055 3 5125666 77794 2.4 36 15 3 18 32% 17878 214605 15766 14%
c - 707.83 141 129 70 391 27119 3 5145414 80449 2.3 34 15 3 18 32% 17884 214605 15766 14%
c i 708.60 142 125 70 391 27153 3 5161164 95132 2.3 32 14 3 18 31% 17896 214604 15765 14%
c - 708.86 142 126 70 392 27175 3 5165188 82981 2.3 32 14 3 18 31% 17890 214604 15765 14%
c i 709.38 148 127 70 392 27226 3 5173563 90992 2.3 32 14 3 18 31% 17895 214604 15764 14%
c i 709.47 148 128 70 392 27237 3 5175254 92615 2.3 31 14 3 18 31% 17899 214604 15763 14%
c - 709.90 149 124 70 393 27257 3 5184988 85577 2.3 30 13 3 18 30% 17888 214603 15763 14%
c i 710.77 150 121 70 393 27317 3 5202321 101776 2.2 29 13 3 18 29% 17898 214601 15762 14%
c - 710.97 151 122 70 394 27336 3 5204813 87279 2.2 29 13 3 18 29% 17892 214601 15762 14%
c i 711.33 156 123 70 394 27366 3 5211176 93299 2.2 28 13 3 18 29% 17899 214601 15760 14%
c i 711.41 156 124 70 394 27377 3 5212725 94714 2.2 28 13 3 18 28% 17902 214601 15759 14%
c
c seconds      switched      rate            size/glue  tier1     binary           remaining
c          MB    reductions     conflicts          size   tier2       irredundant
c            level     restarts        redundant      glue    trail           variables
c
c i 711.68 157 123 70 394 27398 3 5218600 100186 2.2 28 13 3 18 28% 17904 214601 15758 14%
c } 711.79 157 123 71 394 27407 3 5220267 101800 2.2 28 13 3 18 28% 17904 214601 15758 14%
c [ 711.79 157 101 71 394 27407 1 5220267 101800 2.5 154 61 4 36 56% 17904 214601 15758 14%
c W 711.87 175 101 71 394 27407 1 5220267 101800 2.5 154 61 4 36 56% 17878 214491 15758 14%
c - 712.50 177 103 71 395 27410 1 5224664 87214 2.5 155 61 4 36 57% 17878 214491 15758 14%
c - 715.50 179 104 71 396 27420 1 5244538 81092 2.5 151 59 4 36 55% 17878 214491 15758 14%
c - 718.78 150 103 71 397 27428 1 5264439 72957 2.7 154 58 4 36 55% 17878 214491 15758 14%
c u 719.75 153 101 71 397 27431 1 5268403 71994 2.7 157 57 4 36 55% 17897 214482 15758 14%
c v 720.08 154 101 71 397 27431 1 5268403 66770 2.7 157 57 4 36 55% 17903 214482 15758 14%
c w 720.34 162 101 71 397 27431 1 5268403 66767 2.7 157 57 4 36 55% 17903 214482 15758 14%
c x 720.64 167 101 71 397 27431 1 5268403 66736 2.7 157 57 4 36 55% 17906 214417 15758 14%
c t 720.66 167 101 71 397 27431 1 5268403 66736 2.7 157 57 4 36 55% 17890 214417 15758 14%
c - 723.32 168 104 71 398 27436 1 5284363 62294 2.7 159 59 4 36 55% 17890 214417 15758 14%
c - 726.89 168 105 71 399 27439 1 5304312 62624 2.6 158 61 4 36 54% 17890 214417 15758 14%
c ] 729.90 171 98 72 399 27450 1 5322476 79773 2.7 156 58 4 36 54% 17890 214417 15758 14%
c { 729.90 171 123 72 399 27450 3 5322476 79773 2.2 28 13 3 18 28% 17890 214417 15758 14%
c - 730.15 135 124 72 400 27481 3 5324287 65349 2.2 28 13 3 18 28% 17890 214417 15758 14%
c - 733.05 143 133 72 401 27831 4 5344287 73914 2.2 35 15 3 18 32% 17895 214417 15758 14%
c o 734.51 144 138 72 401 27996 4 5353763 83237 2.2 38 17 3 18 33% 17898 214417 15758 14%
c - 735.99 146 141 72 402 28161 4 5364313 80889 2.3 40 18 3 18 35% 17906 214417 15758 14%
c
c seconds      switched      rate           size/glue  tier1     binary           remaining
c          MB    reductions     conflicts         size   tier2       irredundant
c            level     restarts        redundant     glue    trail           variables
c
c - 738.93 154 147 72 403 28473 4 5384363 84381 2.3 44 19 3 18 37% 17908 214417 15758 14%
c - 741.67 126 151 72 404 28749 5 5404438 87233 2.3 48 21 3 18 39% 17910 214417 15758 14%
c - 744.16 125 154 72 405 28995 5 5424538 89500 2.3 50 22 3 18 40% 17913 214417 15758 14%
c - 746.39 125 155 72 406 29196 5 5444663 91758 2.4 53 22 3 18 41% 17914 214417 15758 14%
c - 749.25 126 159 72 407 29464 5 5464812 92840 2.4 56 23 3 18 43% 17916 214417 15758 14%
c - 751.85 125 159 72 408 29698 5 5484987 93653 2.4 58 24 3 18 43% 17918 214417 15758 14%
c u 754.63 119 161 72 408 29878 5 5500572 95092 2.5 60 24 3 18 44% 17955 214417 15757 14%
c v 755.56 123 161 72 408 29878 5 5500572 88203 2.5 60 24 3 18 44% 17956 214417 15757 14%
c w 756.05 127 161 72 408 29878 5 5500572 88194 2.5 60 24 3 18 44% 17956 214417 15757 14%
c t 756.07 127 161 72 408 29878 5 5500572 88184 2.5 60 24 3 18 44% 17940 214406 15756 14%
c u 756.74 142 161 72 408 29878 5 5500572 84178 2.5 60 24 3 18 44% 17968 214396 15755 14%
c v 757.75 144 161 72 408 29878 5 5500572 74750 2.5 60 24 3 18 44% 17968 214396 15755 14%
c w 758.42 146 161 72 408 29878 5 5500572 74699 2.5 60 24 3 18 44% 17968 214396 15755 14%
c = 762.12 130 161 72 408 29878 5 5500572 74699 2.5 60 24 3 18 44% 17968 214379 15754 14%
c t 762.14 130 161 72 408 29878 5 5500572 74698 2.5 60 24 3 18 44% 17959 214377 15754 14%
c i 762.16 130 161 72 408 29878 5 5500572 74698 2.5 60 24 3 18 44% 17959 214377 15754 14%
c s 762.74 135 162 72 408 29931 5 5504918 78991 2.5 60 24 3 18 45% 17962 214305 15754 14%
c e 762.77 123 162 72 408 29931 5 5504918 78991 2.5 60 24 3 18 45% 17879 214689 15728 14%
c s 762.78 123 162 72 408 29931 5 5504918 78991 2.5 60 24 3 18 45% 17879 214587 15728 14%
c e 762.80 123 162 72 408 29931 5 5504918 78991 2.5 60 24 3 18 45% 17876 214635 15725 14%
c
c seconds      switched      rate           size/glue  tier1     binary           remaining
c          MB    reductions     conflicts         size   tier2       irredundant
c            level     restarts        redundant     glue    trail           variables
c
c - 762.86 131 162 72 409 29935 5 5505186 64287 2.5 60 24 3 18 45% 17871 214635 15725 14%
c - 765.43 137 165 72 410 30170 5 5525413 70078 2.5 62 25 3 18 46% 17875 214635 15725 14%
c - 767.97 137 167 72 411 30397 5 5545661 75367 2.5 63 25 3 18 46% 17883 214635 15725 14%
c - 770.64 138 168 72 412 30617 5 5565936 77956 2.5 65 26 3 18 47% 17883 214635 15725 14%
c - 772.91 109 168 72 413 30772 5 5586233 80295 2.6 66 26 3 18 48% 17883 214635 15725 14%
c } 773.50 106 168 73 413 30813 5 5591392 85386 2.6 67 26 3 18 48% 17883 214635 15725 14%
c [ 773.50 106 98 73 413 30813 1 5591392 85386 2.7 156 58 4 36 54% 17883 214635 15725 14%
c O 773.50 106 98 73 413 30813 1 5591392 85386 2.7 156 58 4 36 54% 17883 214635 15725 14%
c - 776.43 108 93 73 414 30822 1 5606555 75861 2.8 156 56 4 36 55% 17883 214635 15725 14%
c - 780.70 110 89 73 415 30830 1 5626901 65067 2.9 157 55 4 36 56% 17883 214635 15725 14%
c - 785.11 103 89 73 416 30841 1 5647273 58566 2.8 158 56 4 36 56% 17883 214635 15725 14%
c - 789.34 104 92 73 417 30843 1 5667669 57295 2.7 159 58 4 36 57% 17883 214635 15725 14%
c - 793.11 106 92 73 418 30853 1 5688089 56134 2.6 156 59 4 36 57% 17883 214635 15725 14%
c o 793.74 106 92 73 418 30856 1 5691866 59631 2.6 155 59 4 36 56% 17883 214635 15725 14%
c - 796.08 109 115 73 419 30861 1 5708534 56739 2.4 158 67 4 36 56% 17883 214635 15725 14%
c - 799.38 104 119 73 420 30872 1 5729003 57077 2.4 159 67 4 36 57% 17883 214635 15725 14%
c u 801.45 107 115 73 420 30873 1 5738247 61021 2.4 159 66 4 36 58% 17906 214635 15724 14%
c v 801.65 107 115 73 420 30873 1 5738247 58447 2.4 159 66 4 36 58% 17906 214635 15724 14%
c w 804.03 112 115 73 420 30873 1 5738247 57652 2.4 159 66 4 36 58% 17906 214635 15724 14%
c t 804.05 112 115 73 420 30873 1 5738247 57652 2.4 159 66 4 36 58% 17896 214623 15724 14%
c
c seconds     switched      rate           size/glue   tier1     binary           remaining
c         MB    reductions     conflicts         size    tier2       irredundant
c           level     restarts        redundant      glue    trail           variables
c
c f 804.08 95 115 73 420 30873 1 5738247 57652 2.4 159 66 4 36 58% 17900 214543 15728 14%
c u 804.58 104 115 73 420 30873 1 5738247 57035 2.4 159 66 4 36 58% 17910 214543 15728 14%
c v 804.72 104 115 73 420 30873 1 5738247 55765 2.4 159 66 4 36 58% 17910 214543 15728 14%
c w 806.07 107 115 73 420 30873 1 5738247 55638 2.4 159 66 4 36 58% 17910 214543 15728 14%
c x 806.60 113 115 73 420 30873 1 5738247 55548 2.4 159 66 4 36 58% 17935 214342 15727 14%
c t 806.62 113 115 73 420 30873 1 5738247 55548 2.4 159 66 4 36 58% 17921 214338 15727 14%
c i 806.65 113 115 73 420 30873 1 5738247 55548 2.4 159 66 4 36 58% 17921 214338 15727 14%
c - 808.65 108 111 73 421 30874 1 5749498 48957 2.5 159 64 3 36 58% 17902 214338 15727 14%
c - 812.48 110 106 73 422 30875 1 5770016 49234 2.5 160 64 3 36 59% 17902 214338 15727 14%
c ] 815.67 111 101 74 422 30875 1 5786882 65172 2.6 162 62 3 36 59% 17902 214338 15727 14%
c { 815.67 111 168 74 422 30875 5 5786882 65172 2.6 67 26 3 18 48% 17902 214338 15727 14%
c - 816.03 109 168 74 423 30904 5 5790560 50568 2.6 67 26 3 18 48% 17905 214338 15727 14%
c - 817.83 114 167 74 424 31050 4 5811126 61422 2.6 66 25 3 18 47% 17907 214338 15727 14%
c - 819.70 113 168 74 425 31182 4 5831718 70502 2.6 65 25 3 18 48% 17909 214338 15727 14%
c - 821.48 116 168 74 426 31308 4 5852333 73679 2.6 64 24 3 18 48% 17909 214338 15727 14%
c - 823.85 116 170 74 427 31503 4 5872973 75173 2.6 64 24 3 18 47% 17911 214338 15727 14%
c - 825.67 116 171 74 428 31623 4 5893636 76912 2.6 63 24 3 18 47% 17912 214338 15727 14%
c - 827.88 113 171 74 429 31822 4 5914326 78796 2.6 62 24 3 18 47% 17917 214338 15727 14%
c - 830.01 114 171 74 430 32015 4 5935039 79643 2.6 62 24 3 18 47% 17917 214338 15727 14%
c - 832.39 114 169 74 431 32225 4 5955776 80659 2.6 62 24 3 18 47% 17920 214338 15727 14%
c
c seconds      switched      rate           size/glue  tier1     binary           remaining
c          MB    reductions     conflicts         size   tier2       irredundant
c            level     restarts        redundant     glue    trail           variables
c
c - 835.00 114 169 74 432 32439 4 5976536 81670 2.6 63 24 3 18 47% 17921 214338 15727 14%
c u 836.09 112 168 74 432 32479 4 5981448 79900 2.6 63 24 3 18 47% 17958 214338 15727 14%
c v 837.02 108 168 74 432 32479 4 5981448 70505 2.6 63 24 3 18 47% 17960 214338 15727 14%
c w 837.36 112 168 74 432 32479 4 5981448 70468 2.6 63 24 3 18 47% 17960 214338 15727 14%
c t 837.38 112 168 74 432 32479 4 5981448 70468 2.6 63 24 3 18 47% 17936 214338 15727 14%
c - 839.21 113 170 74 433 32657 4 5997324 69855 2.6 63 25 3 18 47% 17937 214338 15727 14%
c - 841.37 113 168 74 434 32840 4 6018134 74567 2.6 63 25 3 18 46% 17943 214338 15727 14%
c o 842.61 112 166 74 434 32941 4 6031899 88071 2.6 63 24 3 18 45% 17945 214338 15727 14%
c - 843.27 113 165 74 435 32988 4 6038966 78109 2.6 63 24 3 18 45% 17947 214338 15727 14%
c - 845.93 114 167 74 436 33216 4 6059823 79314 2.6 63 25 3 18 45% 17947 214338 15727 14%
c } 847.01 113 168 75 436 33315 4 6069709 89097 2.6 64 25 3 18 46% 17949 214338 15727 14%
c [ 847.01 113 101 75 436 33315 1 6069709 89097 2.6 162 62 3 36 59% 17949 214338 15727 14%
c B 847.01 113 101 75 436 33315 1 6069709 89097 2.6 162 62 3 36 59% 17949 214338 15727 14%
c - 848.72 113 98 75 437 33321 1 6080703 75137 2.7 162 61 3 36 59% 17949 214338 15727 14%
c - 852.35 107 91 75 438 33329 1 6101608 65199 2.8 163 58 4 36 60% 17949 214338 15727 14%
c - 856.10 109 87 75 439 33342 1 6122539 57814 2.9 162 57 4 36 61% 17949 214338 15727 14%
c s 857.59 110 85 75 439 33344 1 6131327 66046 2.9 162 56 4 36 61% 17956 214251 15727 14%
c e 857.64 99 85 75 439 33344 1 6131327 66046 2.9 162 56 4 36 61% 17919 214495 15707 14%
c s 857.64 99 85 75 439 33344 1 6131327 66046 2.9 162 56 4 36 61% 17919 214405 15707 14%
c - 859.93 113 83 75 440 33345 1 6143491 57707 2.9 161 55 3 36 61% 17919 214405 15707 14%
c
c seconds     switched      rate           size/glue   tier1     binary           remaining
c          MB   reductions     conflicts         size    tier2       irredundant
c           level     restarts        redundant      glue    trail           variables
c
c - 863.58 116 83 75 441 33353 1 6164468 58831 2.9 157 53 3 36 60% 17919 214405 15707 14%
c - 866.68 134 86 75 442 33361 1 6185470 58977 2.9 157 53 3 36 60% 17919 214405 15707 14%
c - 870.11 134 85 75 443 33374 1 6206496 57714 3.1 162 53 3 35 60% 17919 214405 15707 14%
c - 874.17 134 81 75 444 33376 1 6227545 57298 3.3 168 51 3 35 61% 17919 214405 15707 14%
c u 875.14 151 81 75 444 33376 1 6230207 55071 3.3 169 51 3 35 61% 17941 214405 15707 14%
c v 875.31 151 81 75 444 33376 1 6230207 53337 3.3 169 51 3 35 61% 17941 214405 15707 14%
c w 876.59 169 81 75 444 33376 1 6230207 53241 3.3 169 51 3 35 61% 17941 214405 15707 14%
c x 877.12 172 81 75 444 33376 1 6230207 53229 3.3 169 51 3 35 61% 17953 214150 15707 14%
c t 877.14 172 81 75 444 33376 1 6230207 53229 3.3 169 51 3 35 61% 17941 214150 15707 14%
c f 877.17 172 81 75 444 33376 1 6230207 53229 3.3 169 51 3 35 61% 17944 214110 15709 14%
c u 877.59 175 81 75 444 33376 1 6230207 52695 3.3 169 51 3 35 61% 17958 214110 15709 14%
c v 877.73 176 81 75 444 33376 1 6230207 51533 3.3 169 51 3 35 61% 17958 214110 15709 14%
c w 879.96 194 81 75 444 33376 1 6230207 50946 3.3 169 51 3 35 61% 17958 214110 15709 14%
c t 879.97 194 81 75 444 33376 1 6230207 50946 3.3 169 51 3 35 61% 17951 214110 15709 14%
c ] 882.89 196 79 76 444 33377 1 6247839 67209 3.3 170 51 3 35 61% 17951 214110 15709 14%
c { 882.89 196 168 76 444 33377 4 6247839 67209 2.6 64 25 3 18 46% 17951 214110 15709 14%
c - 883.02 202 168 76 445 33387 4 6248616 47467 2.6 64 25 3 18 46% 17951 214110 15709 14%
c - 885.72 187 171 76 446 33653 4 6269711 56131 2.5 66 26 3 18 47% 17951 214110 15709 14%
c - 888.39 188 174 76 447 33892 5 6290831 65917 2.6 68 27 3 18 48% 17951 214110 15709 14%
c - 890.93 197 176 76 448 34125 5 6311975 70372 2.5 70 28 3 18 48% 17957 214110 15709 14%
c
c seconds      switched      rate           size/glue  tier1     binary           remaining
c          MB    reductions     conflicts         size   tier2       irredundant
c            level     restarts        redundant     glue    trail           variables
c
c - 893.72 205 180 76 449 34370 5 6333141 72727 2.5 71 28 3 18 48% 17959 214110 15709 14%
c - 896.35 184 180 76 450 34579 5 6354331 74696 2.5 72 29 3 18 48% 17963 214110 15709 14%
c - 899.09 192 180 76 451 34799 5 6375545 76545 2.5 73 29 3 18 48% 17965 214110 15709 14%
c o 899.80 197 180 76 451 34846 5 6382269 83137 2.5 73 29 3 18 49% 17966 214110 15709 14%
c - 901.70 200 180 76 452 34981 5 6396782 78020 2.6 75 29 3 18 49% 17968 214110 15709 14%
c - 904.61 208 180 76 453 35209 5 6418043 79311 2.6 76 30 3 18 49% 17970 214110 15709 14%
c - 907.39 167 178 76 454 35406 4 6439326 80899 2.6 77 30 3 18 49% 17971 214110 15709 14%
c - 910.13 175 176 76 455 35603 4 6460635 82360 2.6 77 30 3 18 49% 17972 214110 15709 14%
c - 913.27 183 177 76 456 35854 4 6481968 82737 2.6 79 30 3 18 50% 17972 214110 15709 14%
c u 914.14 188 177 76 456 35879 4 6484508 77823 2.6 79 31 3 18 50% 17989 214110 15709 14%
c v 915.01 189 177 76 456 35879 4 6484508 66367 2.6 79 31 3 18 50% 17990 214110 15709 14%
c w 915.82 191 177 76 456 35879 4 6484508 66218 2.6 79 31 3 18 50% 17990 214110 15709 14%
c t 915.84 191 177 76 456 35879 4 6484508 66218 2.6 79 31 3 18 50% 17974 214110 15709 14%
c - 918.50 142 177 76 457 36082 4 6503323 68255 2.6 80 31 3 18 50% 17975 214110 15709 14%
c - 921.41 150 177 76 458 36295 4 6524703 72768 2.6 80 31 3 18 50% 17976 214110 15709 14%
c } 924.03 158 178 77 458 36462 4 6544891 92701 2.6 81 31 3 18 50% 17976 214110 15709 14%
c [ 924.03 158 79 77 458 36462 1 6544891 92701 3.3 170 51 3 35 61% 17976 214110 15709 14%
c W 924.17 172 79 77 458 36462 1 6544891 92701 3.3 170 51 3 35 61% 17976 214110 15709 14%
c - 924.40 173 79 77 459 36463 1 6546104 75316 3.3 170 51 3 35 61% 17976 214110 15709 14%
c - 927.55 176 77 77 460 36475 1 6567530 69635 3.3 166 51 3 35 59% 17976 214110 15709 14%
c
c seconds     switched      rate           size/glue   tier1     binary           remaining
c          MB   reductions     conflicts         size    tier2       irredundant
c           level     restarts        redundant      glue    trail           variables
c
c - 930.78 178 79 77 461 36483 1 6588977 61361 3.2 163 51 3 35 59% 17976 214110 15709 14%
c - 934.72 181 77 77 462 36491 1 6610447 60056 3.2 160 50 3 35 60% 17976 214110 15709 14%
c - 938.77 184 80 77 463 36496 1 6631941 57638 3.1 161 52 3 35 61% 17976 214110 15709 14%
c - 942.67 188 84 77 464 36507 1 6653464 56329 3.0 159 54 3 35 60% 17976 214110 15709 14%
c - 946.46 191 90 77 465 36517 1 6675004 56694 2.9 157 54 3 35 60% 17976 214110 15709 14%
c - 949.45 194 95 77 466 36523 1 6696568 57210 2.7 152 56 3 35 60% 17976 214110 15709 14%
c - 952.95 196 92 77 467 36524 1 6718155 55173 2.7 150 56 3 35 59% 17977 214110 15709 14%
c - 957.01 165 89 77 468 36524 1 6739767 53024 2.6 148 56 3 35 57% 17977 214110 15709 14%
c u 958.22 171 89 77 468 36527 1 6744417 53559 2.7 148 56 3 35 57% 17989 214110 15709 14%
c v 958.36 171 89 77 468 36527 1 6744417 51767 2.7 148 56 3 35 57% 17989 214110 15709 14%
c w 959.85 176 89 77 468 36527 1 6744417 51188 2.7 148 56 3 35 57% 17989 214110 15709 14%
c x 960.45 183 89 77 468 36527 1 6744417 51160 2.7 148 56 3 35 57% 18090 213781 15709 14%
c t 960.46 183 89 77 468 36527 1 6744417 51160 2.7 148 56 3 35 57% 18072 213781 15709 14%
c o 960.49 183 89 77 468 36527 1 6744417 51160 2.7 148 56 3 35 57% 18072 213781 15709 14%
c - 962.76 187 92 77 469 36537 1 6761401 49450 2.7 149 56 3 35 59% 18072 213781 15709 14%
c I 964.00 188 91 77 469 36539 1 6770457 58012 2.7 150 56 3 35 59% 18072 213781 15709 14%
c - 965.83 186 103 77 470 36546 1 6783058 51931 2.5 151 61 3 35 60% 18072 213781 15709 14%
c ] 966.79 186 106 78 470 36549 1 6789390 58125 2.5 152 62 3 35 60% 18072 213781 15709 14%
c { 966.79 186 178 78 470 36549 4 6789390 58125 2.6 81 31 3 18 50% 18072 213781 15709 14%
c s 967.70 192 178 78 470 36586 4 6798340 66928 2.6 80 31 3 18 51% 18083 213716 15709 14%
c
c seconds      switched      rate           size/glue  tier1     binary           remaining
c          MB    reductions     conflicts         size   tier2       irredundant
c            level     restarts        redundant     glue    trail           variables
c
c e 967.75 192 178 78 470 36586 4 6798340 66928 2.6 80 31 3 18 51% 18017 214147 15680 14%
c s 967.76 192 178 78 470 36586 4 6798340 66928 2.6 80 31 3 18 51% 18017 213981 15680 14%
c e 967.78 192 178 78 470 36586 4 6798340 66928 2.6 80 31 3 18 51% 18016 213994 15679 14%
c - 968.41 194 179 78 471 36613 4 6804737 57377 2.6 79 30 3 18 51% 18016 213994 15679 14%
c - 969.93 196 174 78 472 36659 4 6826439 68541 2.7 76 29 3 18 51% 18018 213993 15679 14%
c - 972.06 204 174 78 473 36762 4 6848164 75212 2.7 73 27 3 18 51% 18020 213993 15679 14%
c - 974.41 205 173 78 474 36918 4 6869915 76967 2.6 71 27 3 18 50% 18022 213992 15679 14%
c - 976.16 212 170 78 475 37007 4 6891687 79525 2.7 68 26 3 18 50% 18025 213992 15679 14%
c - 978.37 220 171 78 476 37155 4 6913481 82039 2.7 66 25 3 18 50% 18027 213992 15679 14%
c - 980.64 226 172 78 477 37324 4 6935298 82962 2.6 65 25 3 18 50% 18030 213992 15679 14%
c - 982.80 230 171 78 478 37485 4 6957138 84416 2.6 63 24 3 18 50% 18030 213992 15679 14%
c - 985.36 237 171 78 479 37681 4 6979002 86027 2.6 62 24 3 18 49% 18033 213992 15679 14%
c - 987.87 246 171 78 480 37876 4 7000889 87259 2.6 61 24 3 18 49% 18035 213992 15679 14%
c u 989.56 252 170 78 480 37974 4 7009919 87741 2.5 62 24 3 18 49% 18068 213992 15679 14%
c v 990.53 253 170 78 480 37974 4 7009919 80300 2.5 62 24 3 18 49% 18068 213992 15679 14%
c w 990.92 255 170 78 480 37974 4 7009919 80283 2.5 62 24 3 18 49% 18068 213992 15679 14%
c t 990.95 223 170 78 480 37974 4 7009919 80283 2.5 62 24 3 18 49% 18043 213992 15679 14%
c f 990.98 223 170 78 480 37974 4 7009919 80283 2.5 62 24 3 18 49% 18047 213949 15681 14%
c u 991.41 223 170 78 480 37974 4 7009919 79382 2.5 62 24 3 18 49% 18055 213949 15681 14%
c v 992.36 223 170 78 480 37974 4 7009919 69972 2.5 62 24 3 18 49% 18056 213949 15681 14%
c
c seconds      switched      rate           size/glue  tier1     binary           remaining
c          MB    reductions     conflicts         size   tier2       irredundant
c            level     restarts        redundant     glue    trail           variables
c
c w 992.96 224 170 78 480 37974 4 7009919 69901 2.5 62 24 3 18 49% 18056 213949 15681 14%
c t 992.98 224 170 78 480 37974 4 7009919 69901 2.5 62 24 3 18 49% 18053 213949 15681 14%
c - 994.56 231 171 78 481 38099 4 7022797 67619 2.5 62 24 3 18 49% 18054 213949 15681 14%
c i 995.99 232 171 78 481 38202 4 7036934 81498 2.6 61 24 3 18 49% 18061 213948 15680 14%
c - 997.04 233 171 78 482 38287 4 7044728 74078 2.6 62 24 3 18 50% 18055 213948 15680 14%
c - 999.32 241 172 78 483 38471 4 7066682 78833 2.5 61 24 3 18 49% 18055 213948 15680 14%
c - 1002.00 194 173 78 484 38675 4 7088661 81082 2.5 61 24 3 18 50% 18055 213948 15680 14%
c } 1003.31 201 173 79 484 38776 4 7100982 93123 2.5 61 24 3 18 49% 18056 213948 15680 14%
c [ 1003.31 201 106 79 484 38776 1 7100982 93123 2.5 152 62 3 35 60% 18056 213948 15680 14%
c B 1003.31 201 106 79 484 38776 1 7100982 93123 2.5 152 62 3 35 60% 18056 213948 15680 14%
c - 1004.84 202 108 79 485 38782 1 7110661 79142 2.5 151 61 3 35 60% 18056 213948 15680 14%
c o 1006.01 202 106 79 485 38786 1 7117381 85707 2.5 152 61 3 35 60% 18056 213948 15680 14%
c - 1008.50 206 117 79 486 38790 1 7132684 69783 2.4 154 64 3 35 59% 18057 213948 15680 14%
c - 1012.75 149 114 79 487 38804 1 7154732 60910 2.4 153 63 3 35 59% 18057 213948 15680 14%
c - 1016.71 150 105 79 488 38806 1 7176802 58330 2.5 152 60 3 35 59% 18057 213948 15680 14%
c - 1020.84 154 100 79 489 38816 1 7198893 56988 2.6 152 59 3 35 60% 18057 213948 15680 14%
c - 1024.79 116 92 79 490 38826 1 7221007 57633 2.8 155 56 3 35 60% 18057 213948 15680 14%
c - 1029.08 118 89 79 491 38836 1 7243143 57276 2.8 156 56 3 35 61% 18057 213948 15680 14%
c - 1033.97 119 88 79 492 38838 1 7265301 55459 2.8 159 57 3 35 62% 18057 213948 15680 14%
c u 1037.92 124 85 79 492 38838 1 7281063 65339 2.8 160 57 3 35 62% 18075 213934 15679 14%
c
c  seconds     switched      rate           size/glue   tier1     binary           remaining
c           MB   reductions     conflicts         size    tier2       irredundant
c            level     restarts        redundant      glue    trail           variables
c
c v 1038.11 125 85 79 492 38838 1 7281063 63255 2.8 160 57 3 35 62% 18077 213934 15679 14%
c w 1041.56 139 85 79 492 38838 1 7281063 61869 2.8 160 57 3 35 62% 18077 213934 15679 14%
c t 1041.58 139 85 79 492 38838 1 7281063 61864 2.8 160 57 3 35 62% 18075 213920 15679 14%
c u 1042.01 139 85 79 492 38838 1 7281063 61336 2.8 160 57 3 35 62% 18076 213920 15679 14%
c v 1042.13 139 85 79 492 38838 1 7281063 60222 2.8 160 57 3 35 62% 18076 213920 15679 14%
c w 1044.31 139 85 79 492 38838 1 7281063 60168 2.8 160 57 3 35 62% 18076 213920 15679 14%
c x 1044.93 144 85 79 492 38838 1 7281063 60140 2.8 160 57 3 35 62% 18082 213804 15679 14%
c t 1044.95 144 85 79 492 38838 1 7281063 60140 2.8 160 57 3 35 62% 18078 213804 15679 14%
c f 1044.96 144 85 79 492 38838 1 7281063 60140 2.8 160 57 3 35 62% 18079 213785 15680 14%
c i 1044.97 142 85 79 492 38838 1 7281063 60140 2.8 160 57 3 35 62% 18079 213785 15680 14%
c - 1046.33 145 84 79 493 38838 1 7287483 46934 2.9 160 56 3 35 62% 18066 213785 15680 14%
c ] 1047.35 145 82 80 493 38838 1 7292802 51935 2.9 160 55 3 35 63% 18066 213785 15680 14%
c { 1047.35 145 173 80 493 38838 4 7292802 51935 2.5 61 24 3 18 49% 18066 213785 15680 14%
c - 1049.43 132 177 80 494 39054 4 7309686 56941 2.5 62 25 3 18 50% 18067 213785 15680 14%
c - 1052.39 134 179 80 495 39347 5 7331913 67518 2.5 65 26 3 18 50% 18067 213785 15680 14%
c - 1055.23 143 181 80 496 39589 5 7354162 72842 2.5 67 27 3 18 50% 18068 213785 15680 14%
c - 1058.20 151 183 80 497 39848 5 7376433 76518 2.5 68 27 3 18 50% 18070 213785 15680 14%
c - 1061.04 143 184 80 498 40090 5 7398726 78752 2.5 70 28 3 18 50% 18074 213785 15680 14%
c - 1064.09 151 184 80 499 40319 5 7421042 80781 2.5 71 28 3 18 50% 18074 213785 15680 14%
c - 1067.07 159 184 80 500 40571 5 7443381 82094 2.5 72 29 3 18 50% 18076 213785 15680 14%
c
c  seconds      switched      rate           size/glue  tier1     binary           remaining
c           MB    reductions     conflicts         size   tier2       irredundant
c             level     restarts        redundant     glue    trail           variables
c
c - 1069.87 167 183 80 501 40752 5 7465742 83661 2.6 73 29 3 18 50% 18078 213785 15680 14%
c - 1072.80 143 183 80 502 40982 5 7488125 85249 2.5 74 29 3 18 50% 18078 213785 15680 14%
c o 1074.03 149 183 80 502 41066 5 7497684 94649 2.6 74 29 3 18 50% 18079 213785 15680 14%
c s 1075.34 151 183 80 502 41163 5 7506726 103580 2.6 75 29 3 18 50% 18082 213734 15680 14%
c e 1075.37 151 183 80 502 41163 5 7506726 103580 2.6 75 29 3 18 50% 18063 213819 15673 14%
c s 1075.38 151 183 80 502 41163 5 7506726 103580 2.6 75 29 3 18 50% 18063 213794 15673 14%
c - 1075.86 153 183 80 503 41194 5 7510530 86112 2.6 75 29 3 18 50% 18063 213794 15673 14%
c - 1079.12 163 181 80 504 41437 5 7532957 86891 2.6 76 30 3 18 50% 18064 213794 15673 14%
c - 1081.89 171 183 80 505 41611 4 7555406 88455 2.6 76 29 3 18 50% 18065 213794 15673 14%
c u 1082.86 176 183 80 505 41642 4 7557829 82603 2.6 76 29 3 18 50% 18085 213794 15673 14%
c v 1083.90 147 183 80 505 41642 4 7557829 70513 2.6 76 29 3 18 50% 18086 213794 15673 14%
c w 1084.68 152 183 80 505 41642 4 7557829 70398 2.6 76 29 3 18 50% 18086 213794 15673 14%
c t 1084.70 152 183 80 505 41642 4 7557829 70398 2.6 76 29 3 18 50% 18080 213794 15673 14%
c - 1087.18 162 183 80 506 41819 4 7577878 73682 2.6 76 29 3 18 50% 18081 213794 15673 14%
c - 1089.77 170 183 80 507 42010 4 7600374 78542 2.6 75 29 3 18 50% 18082 213794 15673 14%
c } 1091.61 178 179 81 507 42132 4 7619247 97027 2.7 76 29 3 18 49% 18085 213794 15673 14%
c [ 1091.61 178 82 81 507 42132 1 7619247 97027 2.9 160 55 3 35 63% 18085 213794 15673 14%
c W 1091.66 191 82 81 507 42132 1 7619247 97027 2.9 160 55 3 35 63% 18085 213794 15673 14%
c - 1092.39 193 82 81 508 42134 1 7622893 81065 2.9 159 55 3 35 62% 18085 213794 15673 14%
c - 1096.80 156 85 81 509 42146 1 7645431 72543 2.8 157 57 3 35 62% 18085 213794 15673 14%
c
c  seconds     switched      rate           size/glue   tier1     binary           remaining
c           MB   reductions     conflicts         size    tier2       irredundant
c            level     restarts        redundant      glue    trail           variables
c
c - 1100.75 157 83 81 510 42156 1 7667994 61783 2.8 156 56 3 35 61% 18085 213794 15673 14%
c - 1104.46 161 86 81 511 42162 1 7690577 60510 2.8 154 56 3 35 59% 18085 213794 15673 14%
c - 1107.90 130 89 81 512 42169 1 7713184 60488 2.7 150 56 3 35 57% 18085 213794 15673 14%
c - 1111.39 132 85 81 513 42179 1 7735812 59477 2.6 143 55 3 35 57% 18085 213794 15673 14%
c - 1115.06 134 80 81 514 42191 1 7758461 59235 2.6 139 53 3 35 57% 18085 213794 15673 14%
c - 1119.19 116 77 81 515 42193 1 7781133 59468 2.6 138 52 3 35 55% 18085 213794 15673 14%
c - 1123.07 117 74 81 516 42194 1 7803826 58957 2.7 137 51 3 35 54% 18085 213794 15673 14%
c - 1126.81 110 71 81 517 42201 1 7826542 60531 2.7 136 50 3 35 54% 18085 213794 15673 14%
c u 1129.48 116 70 81 517 42208 1 7840279 69244 2.8 138 49 3 35 55% 18093 213794 15673 14%
c v 1129.71 116 70 81 517 42208 1 7840279 66953 2.8 138 49 3 35 55% 18093 213794 15673 14%
c w 1132.63 129 70 81 517 42208 1 7840279 66412 2.8 138 49 3 35 55% 18093 213794 15673 14%
c t 1132.65 129 70 81 517 42208 1 7840279 66412 2.8 138 49 3 35 55% 18088 213794 15673 14%
c - 1134.05 110 69 81 518 42210 1 7849280 55973 2.9 138 48 3 35 55% 18088 213794 15673 14%
c ] 1136.29 112 67 82 518 42218 1 7862859 68591 2.9 139 48 3 35 56% 18088 213794 15673 14%
c { 1136.29 112 179 82 518 42218 4 7862859 68591 2.7 76 29 3 18 49% 18088 213794 15673 14%
c - 1137.31 116 167 82 519 42222 4 7872040 59563 2.8 79 28 3 18 49% 18088 213794 15673 14%
c - 1138.80 118 142 82 520 42230 3 7894821 72565 3.0 78 26 3 18 46% 18089 213794 15673 14%
c o 1139.34 112 134 82 520 42232 3 7903290 80913 3.1 78 26 3 18 45% 18090 213794 15673 14%
c - 1139.96 116 131 82 521 42234 3 7917625 82686 3.0 73 24 3 18 45% 18094 213794 15673 14%
c - 1140.67 118 117 82 522 42234 3 7940451 87630 3.2 68 21 3 18 42% 18099 213794 15673 14%
c
c  seconds      switched      rate           size/glue  tier1     binary           remaining
c           MB    reductions     conflicts         size   tier2       irredundant
c             level     restarts        redundant     glue    trail           variables
c
c - 1141.78 111 104 82 523 42234 2 7963298 89761 3.4 68 20 3 18 42% 18100 213794 15673 14%
c - 1142.83 118 97 82 524 42238 2 7986168 92443 3.5 65 18 3 18 40% 18107 213794 15673 14%
c - 1143.63 116 96 82 525 42252 2 8009059 94533 3.5 58 17 3 18 38% 18110 213794 15673 14%
c - 1144.43 120 85 82 526 42267 2 8031971 93282 3.7 58 16 3 18 36% 18111 213794 15673 14%
c - 1145.35 119 76 82 527 42278 2 8054905 95238 3.8 58 15 3 18 35% 18112 213794 15673 14%
c i 1146.02 117 70 82 527 42288 2 8070265 110506 3.9 57 15 3 18 35% 18113 213794 15672 14%
c - 1146.26 119 67 82 528 42295 2 8077861 97598 3.9 55 14 3 18 34% 18113 213794 15672 14%
c - 1147.27 118 60 82 529 42317 2 8100840 97994 4.1 57 14 3 18 32% 18114 213794 15672 14%
c - 1148.32 118 59 82 530 42370 2 8123840 97895 4.0 53 13 3 18 32% 18118 213794 15672 14%
c u 1149.01 124 60 82 530 42391 2 8128414 96231 4.0 53 13 3 18 32% 18134 213771 15672 14%
c v 1149.59 135 60 82 530 42391 2 8128414 95715 4.0 53 13 3 18 32% 18134 213771 15672 14%
c w 1149.79 138 60 82 530 42391 2 8128414 95683 4.0 53 13 3 18 32% 18134 213771 15672 14%
c t 1151.79 139 60 82 530 42391 2 8128414 95683 4.0 53 13 3 18 32% 18124 213771 15672 14%
c - 1152.46 139 59 82 531 42437 2 8146861 90537 3.9 49 13 3 18 30% 18134 213771 15672 14%
c - 1153.54 143 62 82 532 42538 2 8169905 91520 3.8 47 12 3 18 30% 18146 213770 15672 14%
c - 1154.77 151 62 82 533 42666 2 8192970 93519 3.8 47 12 3 17 31% 18153 213770 15672 14%
c } 1155.15 148 65 83 533 42689 2 8204466 104814 3.8 45 12 3 17 30% 18162 213770 15672 14%
c [ 1155.15 148 67 83 533 42689 1 8204466 104814 2.9 139 48 3 35 56% 18162 213770 15672 14%
c O 1155.15 148 67 83 533 42689 1 8204466 104814 2.9 139 48 3 35 56% 18162 213770 15672 14%
c - 1157.04 149 68 83 534 42695 1 8216056 89602 3.0 141 48 3 35 56% 18162 213770 15672 14%
c
c  seconds     switched      rate           size/glue   tier1     binary           remaining
c           MB   reductions     conflicts         size    tier2       irredundant
c            level     restarts        redundant      glue    trail           variables
c
c - 1160.99 170 71 83 535 42705 1 8239166 76296 3.0 147 49 3 35 57% 18162 213770 15672 14%
c s 1163.86 173 71 83 535 42716 1 8257252 93705 3.1 149 48 3 35 57% 18168 213718 15672 14%
c e 1163.87 148 71 83 535 42716 1 8257252 93705 3.1 149 48 3 35 57% 18163 213758 15669 14%
c s 1163.87 148 71 83 535 42716 1 8257252 93705 3.1 149 48 3 35 57% 18164 213749 15669 14%
c e 1163.88 148 71 83 535 42716 1 8257252 93705 3.1 149 48 3 35 57% 18163 213765 15668 14%
c - 1164.86 159 71 83 536 42718 1 8262296 68341 3.1 149 48 3 35 57% 18163 213765 15668 14%
c - 1168.30 162 68 83 537 42719 1 8285448 69114 3.2 146 46 3 35 56% 18163 213765 15668 14%
c - 1171.53 164 68 83 538 42733 1 8308623 69728 3.2 142 45 3 35 54% 18163 213765 15668 14%
c ] 1171.89 164 68 84 538 42734 1 8311172 72161 3.1 142 45 3 35 54% 18163 213765 15668 14%
c { 1171.89 164 65 84 538 42734 2 8311172 72161 3.8 45 12 3 17 30% 18163 213765 15668 14%
c o 1171.92 164 65 84 538 42736 2 8311278 72256 3.7 45 12 3 17 30% 18163 213765 15668 14%
c - 1174.82 108 84 84 539 43094 2 8331818 74638 3.3 47 14 3 17 33% 18164 213765 15668 14%
c - 1178.09 110 101 84 540 43478 3 8355035 83048 3.0 50 17 3 17 36% 18166 213765 15668 14%
c - 1181.54 111 115 84 541 43844 4 8378272 87839 2.9 53 18 3 17 38% 18170 213765 15668 14%
c - 1184.65 111 125 84 542 44162 4 8401532 91614 2.8 54 20 3 17 40% 18174 213765 15668 14%
c u 1188.33 108 132 84 542 44437 4 8422232 100357 2.7 56 20 3 17 42% 18247 213765 15668 14%
c v 1189.51 110 132 84 542 44437 4 8422232 91474 2.7 56 20 3 17 42% 18247 213765 15668 14%
c w 1190.04 113 132 84 542 44437 4 8422232 91473 2.7 56 20 3 17 42% 18247 213765 15668 14%
c t 1190.06 113 132 84 542 44437 4 8422232 91473 2.7 56 20 3 17 42% 18208 213765 15668 14%
c f 1190.08 95 132 84 542 44437 4 8422232 91473 2.7 56 20 3 17 42% 18210 213746 15669 14%
c
c  seconds      switched      rate           size/glue  tier1     binary           remaining
c           MB    reductions     conflicts         size   tier2       irredundant
c             level     restarts        redundant     glue    trail           variables
c
c u 1190.61 106 132 84 542 44437 4 8422232 90024 2.7 56 20 3 17 42% 18222 213746 15669 14%
c v 1191.49 108 132 84 542 44437 4 8422232 84882 2.7 56 20 3 17 42% 18222 213746 15669 14%
c w 1191.84 112 132 84 542 44437 4 8422232 84874 2.7 56 20 3 17 42% 18222 213746 15669 14%
c x 1192.43 109 132 84 542 44437 4 8422232 84807 2.7 56 20 3 17 42% 18229 213659 15669 14%
c t 1192.45 109 132 84 542 44437 4 8422232 84807 2.7 56 20 3 17 42% 18219 213659 15669 14%
c - 1192.75 119 132 84 543 44452 4 8424813 70821 2.7 56 20 3 17 42% 18219 213659 15669 14%
c - 1195.62 143 138 84 544 44699 4 8448119 77148 2.7 57 21 3 17 43% 18220 213659 15669 14%
c - 1198.26 146 142 84 545 44933 4 8471443 82934 2.7 58 21 3 17 44% 18224 213659 15669 14%
c - 1201.16 154 145 84 546 45209 4 8494788 85748 2.7 58 22 3 17 44% 18227 213659 15669 14%
c - 1204.05 162 147 84 547 45441 4 8518154 87705 2.6 58 22 3 17 45% 18227 213659 15669 14%
c - 1207.14 163 150 84 548 45703 4 8541542 89574 2.6 59 22 3 17 45% 18231 213659 15669 14%
c - 1210.17 172 151 84 549 45962 4 8564952 90592 2.6 61 23 3 17 46% 18233 213659 15669 14%
c - 1213.21 181 153 84 550 46200 4 8588383 91848 2.6 62 23 3 17 47% 18233 213659 15669 14%
c - 1215.80 191 151 84 551 46381 4 8611836 93763 2.7 62 23 3 17 47% 18233 213659 15669 14%
c - 1218.67 196 151 84 552 46591 4 8635309 95290 2.7 63 23 3 17 47% 18238 213659 15669 14%
c - 1221.63 207 154 84 553 46826 4 8658803 96017 2.7 63 24 3 17 48% 18240 213659 15669 14%
c } 1222.93 214 154 85 553 46932 4 8668251 105369 2.7 64 24 3 17 48% 18242 213659 15669 14%
c [ 1222.93 214 68 85 553 46932 1 8668251 105369 3.1 142 45 3 35 54% 18242 213659 15669 14%
c B 1222.93 214 68 85 553 46932 1 8668251 105369 3.1 142 45 3 35 54% 18242 213659 15669 14%
c - 1225.11 215 74 85 554 46940 1 8682318 91393 3.1 143 47 3 35 54% 18242 213659 15669 14%
c
c  seconds     switched      rate           size/glue   tier1     binary           remaining
c           MB   reductions     conflicts         size    tier2       irredundant
c            level     restarts        redundant      glue    trail           variables
c
c - 1229.09 180 86 85 555 46950 1 8705858 78945 2.7 145 54 3 35 52% 18242 213659 15669 14%
c u 1232.48 185 90 85 555 46960 1 8721783 83918 2.6 147 56 3 35 52% 18283 213659 15669 14%
c v 1233.07 187 90 85 555 46960 1 8721783 73903 2.6 147 56 3 35 52% 18283 213659 15669 14%
c w 1234.72 225 90 85 555 46960 1 8721783 72880 2.6 147 56 3 35 52% 18283 213659 15669 14%
c t 1234.74 225 90 85 555 46960 1 8721783 72880 2.6 147 56 3 35 52% 18262 213659 15669 14%
c o 1234.76 225 90 85 555 46960 1 8721783 72880 2.6 147 56 3 35 52% 18262 213659 15669 14%
c - 1235.83 225 103 85 556 46961 1 8729416 56221 2.5 151 61 3 35 53% 18262 213659 15669 14%
c - 1240.08 170 133 85 557 46965 1 8752996 55962 2.1 162 77 3 35 55% 18262 213659 15669 14%
c - 1244.18 163 129 85 558 46977 1 8776597 56015 2.2 163 75 3 35 56% 18262 213659 15669 14%
c - 1248.60 166 117 85 559 46988 1 8800221 56750 2.3 160 71 3 35 58% 18262 213659 15669 14%
c - 1253.04 124 106 85 560 46993 1 8823865 57963 2.5 161 66 3 35 59% 18262 213659 15669 14%
c - 1258.64 141 97 85 561 46994 1 8847533 58917 2.6 159 62 3 35 60% 18262 213659 15669 14%
c - 1263.99 142 89 85 562 46999 1 8871220 60676 2.7 157 58 3 35 59% 18262 213659 15669 14%
c - 1268.34 146 85 85 563 47009 1 8894926 62072 2.7 153 56 3 35 59% 18262 213659 15669 14%
c - 1272.03 151 86 85 564 47023 1 8918657 63962 2.8 149 54 3 35 58% 18263 213659 15669 14%
c ] 1272.32 151 90 86 564 47023 1 8922405 67641 2.7 150 55 3 35 57% 18263 213659 15669 14%
c { 1272.32 151 154 86 564 47023 4 8922405 67641 2.7 64 24 3 17 48% 18263 213659 15669 14%
c - 1273.07 156 142 86 565 47030 4 8942405 73061 2.6 57 22 3 17 42% 18267 213659 15669 14%
c - 1274.08 142 124 86 566 47035 3 8966175 83482 2.5 51 20 3 17 37% 18268 213659 15669 14%
c - 1275.47 145 118 86 567 47051 3 8989970 90686 2.5 47 18 3 17 35% 18269 213659 15669 14%
c
c  seconds      switched      rate           size/glue  tier1     binary           remaining
c           MB    reductions     conflicts         size   tier2       irredundant
c             level     restarts        redundant     glue    trail           variables
c
c - 1276.96 151 119 86 568 47089 3 9013781 94090 2.5 43 17 3 17 33% 18277 213659 15669 14%
c u 1278.58 154 122 86 568 47117 3 9027072 98268 2.5 41 17 3 17 33% 18313 213659 15669 14%
c v 1279.99 159 122 86 568 47117 3 9027072 96203 2.5 41 17 3 17 33% 18313 213659 15669 14%
c w 1280.42 159 122 86 568 47117 3 9027072 95996 2.5 41 17 3 17 33% 18313 213659 15669 14%
c t 1280.44 159 122 86 568 47117 3 9027072 95996 2.5 41 17 3 17 33% 18296 213659 15669 14%
c - 1281.04 164 123 86 569 47146 3 9037614 87000 2.4 40 16 3 17 32% 18297 213659 15669 14%
c s 1281.82 167 124 86 569 47188 3 9050695 99498 2.4 39 16 3 17 33% 18320 213582 15669 14%
c e 1281.85 167 124 86 569 47188 3 9050695 99498 2.4 39 16 3 17 33% 18307 213686 15663 14%
c s 1281.86 167 124 86 569 47188 3 9050695 99498 2.4 39 16 3 17 33% 18307 213645 15663 14%
c - 1282.42 168 123 86 570 47221 3 9061467 90480 2.4 37 15 3 17 32% 18312 213645 15663 14%
c - 1283.65 171 118 86 571 47294 3 9085343 93455 2.4 34 14 3 17 30% 18318 213645 15663 14%
c - 1284.56 146 111 86 572 47344 3 9109238 95860 2.3 32 14 3 17 28% 18322 213645 15663 14%
c i 1284.64 146 111 86 572 47356 3 9110370 96943 2.3 32 14 3 17 28% 18327 213645 15662 14%
c i 1284.82 146 112 86 572 47388 3 9113916 100281 2.3 31 14 3 17 27% 18329 213645 15661 14%
c i 1285.84 147 115 86 572 47488 3 9129909 115482 2.3 30 13 3 17 28% 18333 213645 15660 14%
c - 1285.92 148 115 86 573 47490 3 9133154 99032 2.3 30 13 3 17 28% 18309 213645 15660 14%
c o 1286.46 152 115 86 573 47531 3 9142455 107875 2.3 29 13 3 17 27% 18312 213645 15660 14%
c - 1287.27 154 116 86 574 47601 3 9157091 101534 2.2 28 13 3 17 27% 18314 213645 15660 14%
c - 1288.85 156 118 86 575 47762 3 9181049 104537 2.2 27 12 3 17 26% 18317 213645 15660 14%
c i 1289.18 160 119 86 575 47800 4 9185502 108810 2.2 27 12 3 17 27% 18324 213645 15659 14%
c
c  seconds      switched      rate            size/glue  tier1     binary           remaining
c           MB    reductions     conflicts          size   tier2       irredundant
c             level     restarts        redundant      glue    trail           variables
c
c i 1289.75 162 120 86 575 47867 4 9193521 116450 2.2 27 12 3 17 27% 18332 213645 15658 14%
c i 1289.81 162 120 86 575 47874 4 9194171 117081 2.2 27 12 3 17 27% 18332 213645 15657 14%
c - 1290.62 163 121 86 576 47978 4 9205028 107264 2.2 26 12 3 17 27% 18316 213645 15657 14%
c i 1291.59 166 117 86 576 48087 4 9223065 124156 2.1 26 12 3 17 26% 18326 213645 15656 14%
c - 1292.01 186 118 86 577 48143 4 9229029 109484 2.1 25 12 3 17 26% 18322 213645 15656 14%
c - 1293.39 188 118 86 578 48301 4 9253049 111890 2.1 24 12 3 17 26% 18334 213644 15656 14%
c - 1295.06 176 120 86 579 48500 4 9277091 114304 2.1 24 12 3 17 26% 18344 213643 15656 14%
c i 1295.71 177 120 86 579 48578 4 9286069 122852 2.1 24 11 3 17 25% 18357 213642 15655 14%
c i 1296.14 177 121 86 579 48641 4 9291658 128251 2.1 24 12 3 17 25% 18357 213642 15654 14%
c i 1296.30 177 121 86 579 48663 4 9293891 130314 2.1 24 11 3 17 25% 18365 213642 15653 14%
c } 1296.37 177 120 87 579 48676 4 9295260 131605 2.0 24 11 3 17 25% 18365 213642 15653 14%
c [ 1296.37 177 90 87 579 48676 1 9295260 131605 2.7 150 55 3 35 57% 18365 213642 15653 14%
c W 1296.43 192 90 87 579 48676 1 9295260 131605 2.7 150 55 3 35 57% 18337 213541 15653 14%
c - 1296.99 193 95 87 580 48680 1 9301154 113852 2.7 150 56 3 35 56% 18337 213541 15653 14%
c - 1300.50 193 104 87 581 48690 1 9325238 103026 2.5 148 60 3 35 56% 18337 213541 15653 14%
c b 1302.56 193 103 87 581 48697 1 9338123 115390 2.5 149 60 3 35 56% 18353 213525 15652 14%
c u 1303.13 194 103 87 581 48697 1 9338123 106869 2.5 149 60 3 35 56% 18364 213525 15652 14%
c v 1303.78 211 103 87 581 48697 1 9338123 101999 2.5 149 60 3 35 56% 18364 213525 15652 14%
c w 1304.19 222 103 87 581 48697 1 9338123 101998 2.5 149 60 3 35 56% 18364 213525 15652 14%
c t 1304.21 222 103 87 581 48697 1 9338123 101998 2.5 149 60 3 35 56% 18342 213524 15652 14%
c
c  seconds      switched      rate           size/glue   tier1     binary           remaining
c           MB    reductions     conflicts         size    tier2       irredundant
c             level     restarts        redundant      glue    trail           variables
c
c u 1304.85 222 103 87 581 48697 1 9338123 97193 2.5 149 60 3 35 56% 18353 213524 15652 14%
c v 1305.49 222 103 87 581 48697 1 9338123 92402 2.5 149 60 3 35 56% 18354 213524 15652 14%
c w 1305.88 191 103 87 581 48697 1 9338123 92398 2.5 149 60 3 35 56% 18354 213524 15652 14%
c t 1305.90 191 103 87 581 48697 1 9338123 92398 2.5 149 60 3 35 56% 18353 213524 15652 14%
c - 1307.77 191 99 87 582 48704 1 9349341 74685 2.6 150 58 3 35 57% 18333 213524 15652 14%
c - 1312.19 191 93 87 583 48706 1 9373466 74216 2.7 153 56 3 35 58% 18333 213524 15652 14%
c - 1316.88 139 86 87 584 48719 1 9397611 73767 2.8 152 54 3 35 58% 18333 213524 15652 14%
c - 1321.05 141 85 87 585 48728 1 9421778 74915 2.9 154 53 3 35 59% 18333 213524 15652 14%
c - 1325.32 144 81 87 586 48737 1 9445964 74449 2.9 151 52 3 35 59% 18333 213524 15652 14%
c ] 1326.58 144 80 88 586 48737 1 9453813 81821 2.9 150 52 3 35 59% 18333 213524 15652 14%
c { 1326.58 144 120 88 586 48737 4 9453813 81821 2.0 24 11 3 17 25% 18333 213524 15652 14%
c - 1328.79 127 130 88 587 49024 5 9470171 80829 2.1 29 14 3 17 28% 18335 213524 15652 14%
c - 1332.21 136 141 88 588 49436 5 9494399 92627 2.2 36 17 3 17 32% 18335 213524 15652 14%
c - 1335.57 143 149 88 589 49816 5 9518647 99362 2.2 42 19 3 17 35% 18337 213524 15652 14%
c - 1339.21 146 155 88 590 50199 5 9542918 103298 2.3 48 21 3 17 38% 18338 213524 15652 14%
c - 1342.46 154 160 88 591 50532 5 9567207 106177 2.3 51 22 3 17 40% 18345 213524 15652 14%
c o 1343.21 159 161 88 591 50611 5 9572528 111371 2.3 52 23 3 17 40% 18345 213524 15652 14%
c - 1345.91 162 165 88 592 50850 5 9591519 108994 2.3 54 23 3 17 41% 18346 213524 15652 14%
c - 1348.85 170 165 88 593 51106 5 9615851 111443 2.4 56 24 3 17 42% 18346 213524 15652 14%
c - 1352.05 146 168 88 594 51383 5 9640204 113229 2.4 59 25 3 17 43% 18349 213524 15652 14%
c
c  seconds      switched      rate            size/glue  tier1     binary           remaining
c           MB    reductions     conflicts          size   tier2       irredundant
c             level     restarts        redundant      glue    trail           variables
c
c u 1355.05 156 169 88 594 51547 5 9654930 111221 2.4 60 25 3 17 44% 18412 213524 15651 14%
c v 1356.44 160 169 88 594 51547 5 9654930 95535 2.4 60 25 3 17 44% 18410 213524 15651 14%
c w 1357.12 163 169 88 594 51547 5 9654930 95459 2.4 60 25 3 17 44% 18410 213524 15651 14%
c t 1357.14 163 169 88 594 51547 5 9654930 95459 2.4 60 25 3 17 44% 18387 213517 15651 14%
c u 1357.86 163 169 88 594 51547 5 9654930 93646 2.4 60 25 3 17 44% 18404 213517 15651 14%
c v 1358.73 165 169 88 594 51547 5 9654930 87853 2.4 60 25 3 17 44% 18404 213517 15651 14%
c w 1359.39 169 169 88 594 51547 5 9654930 87758 2.4 60 25 3 17 44% 18404 213517 15651 14%
c x 1360.16 177 169 88 594 51547 5 9654930 87694 2.4 60 25 3 17 44% 18433 213192 15651 14%
c t 1360.18 177 169 88 594 51547 5 9654930 87694 2.4 60 25 3 17 44% 18426 213192 15651 14%
c i 1360.21 177 169 88 594 51547 5 9654930 87694 2.4 60 25 3 17 44% 18426 213192 15651 14%
c - 1361.45 180 170 88 595 51655 5 9664577 80396 2.4 61 25 3 17 44% 18417 213192 15651 14%
c - 1364.57 157 173 88 596 51948 5 9688971 86843 2.4 64 26 3 17 45% 18418 213192 15651 14%
c - 1367.79 166 172 88 597 52202 5 9713384 92241 2.4 66 27 3 17 46% 18419 213192 15651 14%
c - 1371.07 174 174 88 598 52470 5 9737818 95109 2.5 67 27 3 17 47% 18421 213192 15651 14%
c - 1374.14 182 174 88 599 52707 5 9762272 97148 2.5 68 28 3 17 47% 18421 213192 15651 14%
c - 1377.51 154 174 88 600 52958 5 9786748 98583 2.5 70 28 3 17 48% 18422 213192 15651 14%
c - 1380.90 162 175 88 601 53225 5 9811244 99108 2.5 70 28 3 17 48% 18422 213192 15651 14%
c - 1383.88 170 173 88 602 53429 5 9835761 100660 2.5 71 28 3 17 48% 18423 213192 15651 14%
c } 1384.66 175 173 89 602 53484 4 9842750 107530 2.5 71 28 3 17 48% 18424 213192 15651 14%
c [ 1384.66 175 80 89 602 53484 1 9842750 107530 2.9 150 52 3 35 59% 18424 213192 15651 14%
c
c  seconds     switched      rate            size/glue   tier1     binary           remaining
c           MB   reductions     conflicts          size    tier2       irredundant
c            level     restarts        redundant       glue    trail           variables
c
c I 1384.66 175 80 89 602 53484 1 9842750 107530 2.9 150 52 3 35 59% 18424 213192 15651 14%
c - 1387.46 176 91 89 603 53495 1 9860296 96329 2.8 150 53 3 35 59% 18424 213192 15651 14%
c - 1391.34 138 97 89 604 53505 1 9884853 86649 2.8 148 53 3 35 59% 18424 213192 15651 14%
c s 1391.74 138 99 89 604 53505 1 9887793 89536 2.8 147 53 3 35 59% 18432 213087 15651 14%
c e 1391.79 138 99 89 604 53505 1 9887793 89536 2.8 147 53 3 35 59% 18373 213363 15630 14%
c s 1391.80 138 99 89 604 53505 1 9887793 89536 2.8 147 53 3 35 59% 18373 213273 15630 14%
c e 1391.81 138 99 89 604 53505 1 9887793 89536 2.8 147 53 3 35 59% 18372 213289 15629 14%
c - 1394.94 142 95 89 605 53514 1 9909433 82527 2.9 149 51 3 35 59% 18372 213289 15629 14%
c - 1399.04 147 90 89 606 53521 1 9934030 79740 3.2 157 49 3 35 59% 18372 213289 15629 14%
c - 1403.27 133 90 89 607 53530 1 9958647 76989 3.2 157 50 3 35 59% 18372 213289 15629 14%
c u 1408.25 140 87 89 607 53542 1 9977504 85947 3.1 156 50 3 35 59% 18399 213289 15629 14%
c v 1408.53 141 87 89 607 53542 1 9977504 83682 3.1 156 50 3 35 59% 18399 213289 15629 14%
c w 1411.55 155 87 89 607 53542 1 9977504 83658 3.1 156 50 3 35 59% 18399 213289 15629 14%
c t 1411.58 155 87 89 607 53542 1 9977504 83658 3.1 156 50 3 35 59% 18381 213289 15629 14%
c f 1411.60 155 87 89 607 53542 1 9977504 83658 3.1 156 50 3 35 59% 18382 213271 15630 14%
c u 1412.35 155 87 89 607 53542 1 9977504 82884 3.1 156 50 3 35 59% 18388 213271 15630 14%
c v 1412.60 155 87 89 607 53542 1 9977504 81455 3.1 156 50 3 35 59% 18388 213271 15630 14%
c w 1415.80 155 87 89 607 53542 1 9977504 80107 3.1 156 50 3 35 59% 18388 213271 15630 14%
c t 1415.82 135 87 89 607 53542 1 9977504 80107 3.1 156 50 3 35 59% 18387 213271 15630 14%
c - 1416.88 135 88 89 608 53544 1 9983284 61933 3.1 157 51 3 35 59% 18387 213271 15630 14%
c
c  seconds     switched      rate            size/glue   tier1     binary           remaining
c           MB   reductions     conflicts          size    tier2       irredundant
c            level     restarts         redundant      glue    trail           variables
c
c - 1420.83 135 99 89 609 53546 1 10007942 60279 2.8 163 58 3 35 58% 18387 213271 15630 14%
c - 1425.88 135 107 89 610 53546 1 10032619 58015 2.7 168 62 3 35 57% 18387 213271 15630 14%
c o 1428.97 136 108 89 610 53556 1 10054006 78874 2.7 166 62 3 35 56% 18387 213271 15630 14%
c - 1429.37 138 113 89 611 53558 1 10057318 58250 2.6 165 63 3 35 55% 18387 213271 15630 14%
c - 1433.32 142 128 89 612 53568 1 10082038 61533 2.5 164 67 3 35 56% 18387 213271 15630 14%
c - 1436.57 120 131 89 613 53577 1 10106776 63107 2.4 159 65 3 35 54% 18387 213271 15630 14%
c B 1439.82 123 132 89 613 53583 1 10129486 85071 2.4 153 64 3 35 53% 18387 213271 15630 14%
c - 1440.17 125 133 89 614 53584 1 10131534 65041 2.4 153 64 3 35 53% 18387 213271 15630 14%
c - 1444.15 127 137 89 615 53594 1 10156313 64376 2.3 149 66 3 35 52% 18387 213271 15630 14%
c ] 1445.68 130 134 90 615 53599 1 10166569 74273 2.3 148 65 3 35 52% 18387 213271 15630 14%
c { 1445.68 130 173 90 615 53599 4 10166569 74273 2.5 71 28 3 17 48% 18387 213271 15630 14%
c - 1447.32 136 173 90 616 53695 4 10181112 69156 2.6 70 27 3 17 48% 18387 213271 15630 14%
c - 1450.40 144 175 90 617 53908 4 10205932 79841 2.6 70 27 3 17 49% 18388 213271 15630 14%
c - 1453.67 152 176 90 618 54143 4 10230773 86231 2.6 71 27 3 17 50% 18390 213271 15630 14%
c - 1457.08 162 178 90 619 54379 4 10255633 89509 2.6 71 28 3 17 50% 18391 213271 15630 14%
c - 1460.43 145 178 90 620 54615 4 10280512 91838 2.6 72 28 3 17 50% 18394 213271 15630 14%
c - 1464.10 146 179 90 621 54874 4 10305411 93722 2.6 73 28 3 17 51% 18395 213271 15630 14%
c u 1464.85 141 179 90 621 54877 4 10305889 87625 2.6 73 28 3 17 51% 18414 213271 15630 14%
c v 1465.93 143 179 90 621 54877 4 10305889 75584 2.6 73 28 3 17 51% 18415 213271 15630 14%
c w 1467.55 144 179 90 621 54877 4 10305889 74919 2.6 73 28 3 17 51% 18415 213271 15630 14%
c
c  seconds      switched      rate            size/glue  tier1     binary           remaining
c           MB    reductions     conflicts          size   tier2       irredundant
c             level     restarts         redundant     glue    trail           variables
c
c t 1467.57 144 179 90 621 54877 4 10305889 74919 2.6 73 28 3 17 51% 18404 213271 15630 14%
c - 1470.93 112 180 90 622 55088 4 10330330 80733 2.6 73 28 3 17 51% 18404 213271 15630 14%
c - 1474.31 113 181 90 623 55311 4 10355272 86784 2.6 74 28 3 17 51% 18404 213271 15630 14%
c - 1478.15 114 180 90 624 55551 4 10380231 89955 2.7 75 28 3 17 52% 18405 213271 15630 14%
c - 1481.84 108 182 90 625 55805 4 10405211 91507 2.6 75 29 3 17 52% 18408 213271 15630 14%
c - 1485.49 111 181 90 626 56020 4 10430211 93228 2.7 76 29 3 17 52% 18409 213271 15630 14%
c - 1489.35 114 181 90 627 56254 4 10455231 94558 2.7 77 29 3 17 53% 18410 213271 15630 14%
c - 1493.08 111 181 90 628 56481 4 10480270 95919 2.7 78 29 3 17 53% 18411 213270 15630 14%
c o 1496.44 113 179 90 628 56684 4 10504117 119375 2.7 78 29 3 17 53% 18412 213270 15630 14%
c - 1496.66 114 180 90 629 56699 4 10505330 97117 2.7 78 29 3 17 53% 18413 213270 15630 14%
c - 1500.28 114 180 90 630 56909 4 10530409 98256 2.7 78 29 3 17 53% 18415 213270 15630 14%
c - 1504.40 112 179 90 631 57175 4 10555508 98871 2.7 79 30 3 17 53% 18415 213270 15630 14%
c } 1506.96 112 179 91 631 57348 4 10571889 115079 2.7 80 30 3 17 53% 18419 213270 15630 14%
c [ 1506.96 112 134 91 631 57348 1 10571889 115079 2.3 148 65 3 35 52% 18419 213270 15630 14%
c W 1507.17 126 134 91 631 57348 1 10571889 115079 2.3 148 65 3 35 52% 18419 213270 15630 14%
c - 1508.72 130 132 91 632 57354 1 10580629 96389 2.3 147 64 3 35 53% 18419 213270 15630 14%
c - 1513.29 132 123 91 633 57364 1 10605768 87253 2.3 144 62 3 35 52% 18419 213270 15630 14%
c - 1518.03 136 113 91 634 57377 1 10630929 77038 2.3 138 60 3 35 51% 18419 213270 15630 14%
c u 1520.51 141 111 91 634 57378 1 10640089 76864 2.3 139 59 3 35 51% 18434 213270 15630 14%
c v 1520.88 143 111 91 634 57378 1 10640089 71291 2.3 139 59 3 35 51% 18434 213270 15630 14%
c
c  seconds      switched      rate            size/glue   tier1     binary           remaining
c           MB    reductions     conflicts          size    tier2       irredundant
c             level     restarts         redundant      glue    trail           variables
c
c w 1523.68 151 111 91 634 57378 1 10640089 70745 2.3 139 59 3 35 51% 18434 213270 15630 14%
c t 1523.70 151 111 91 634 57378 1 10640089 70745 2.3 139 59 3 35 51% 18427 213270 15630 14%
c - 1526.51 151 105 91 635 57381 1 10656108 63023 2.4 138 58 3 35 52% 18427 213270 15630 14%
c - 1530.51 134 105 91 636 57393 1 10681308 65705 2.4 139 57 3 35 54% 18428 213270 15630 14%
c - 1535.07 136 101 91 637 57406 1 10706531 67091 2.6 143 55 3 35 55% 18428 213270 15630 14%
c - 1540.75 114 95 91 638 57409 1 10731769 64225 2.7 148 56 3 35 55% 18428 213270 15630 14%
c - 1546.87 115 89 91 639 57410 1 10757027 59713 2.7 152 55 3 35 56% 18428 213270 15630 14%
c s 1549.73 116 88 91 639 57411 1 10769145 71092 2.7 152 56 3 35 55% 18437 213234 15630 14%
c e 1549.74 118 88 91 639 57411 1 10769145 71092 2.7 152 56 3 35 55% 18433 213282 15627 14%
c s 1549.75 118 88 91 639 57411 1 10769145 71092 2.7 152 56 3 35 55% 18433 213269 15627 14%
c - 1552.80 119 84 91 640 57419 1 10782307 60459 2.8 152 55 3 35 55% 18433 213269 15627 14%
c - 1558.38 121 80 91 641 57430 1 10807605 62815 3.0 158 53 3 35 56% 18433 213269 15627 14%
c - 1563.37 124 79 91 642 57440 1 10832923 63382 2.9 153 53 3 35 56% 18433 213269 15627 14%
c ] 1566.59 124 77 92 642 57441 1 10848064 77480 2.9 153 53 3 35 57% 18433 213269 15627 14%
c { 1566.59 124 179 92 642 57441 4 10848064 77480 2.7 80 30 3 17 53% 18433 213269 15627 14%
c - 1567.99 139 180 92 643 57541 4 10858262 66778 2.7 80 30 3 17 53% 18433 213269 15627 14%
c - 1570.86 164 180 92 644 57727 4 10883620 78050 2.7 79 29 3 17 53% 18433 213269 15627 14%
c - 1574.20 159 181 92 645 57948 4 10908997 86662 2.7 78 29 3 17 52% 18433 213269 15627 14%
c - 1577.83 169 180 92 646 58191 4 10934393 90333 2.6 77 29 3 17 52% 18434 213269 15627 14%
c - 1581.55 178 180 92 647 58446 4 10959809 92907 2.6 77 29 3 17 52% 18435 213269 15627 14%
c
c  seconds      switched      rate            size/glue  tier1     binary           remaining
c           MB    reductions     conflicts          size   tier2       irredundant
c             level     restarts         redundant     glue    trail           variables
c
c o 1582.12 198 181 92 647 58489 4 10964277 97323 2.6 77 29 3 17 52% 18435 213269 15627 14%
c u 1584.96 164 180 92 647 58632 4 10980125 107185 2.6 77 29 3 17 52% 18445 213269 15627 14%
c v 1586.37 168 180 92 647 58632 4 10980125 92293 2.6 77 29 3 17 52% 18445 213269 15627 14%
c w 1588.63 173 180 92 647 58632 4 10980125 92088 2.6 77 29 3 17 52% 18445 213269 15627 14%
c t 1588.65 173 180 92 647 58632 4 10980125 92088 2.6 77 29 3 17 52% 18434 213269 15627 14%
c - 1589.19 175 180 92 648 58653 4 10985248 78586 2.6 77 29 3 17 52% 18434 213269 15627 14%
c - 1592.58 184 179 92 649 58877 4 11010704 84491 2.7 77 29 3 17 53% 18434 213269 15627 14%
c - 1596.10 154 180 92 650 59135 4 11036181 88932 2.6 77 29 3 17 52% 18434 213269 15627 14%
c - 1599.60 166 180 92 651 59355 4 11061677 91392 2.7 78 29 3 17 52% 18434 213269 15627 14%
c - 1603.04 177 179 92 652 59599 4 11087192 93535 2.6 78 29 3 17 52% 18435 213269 15627 14%
c - 1606.55 159 181 92 653 59839 4 11112726 94977 2.6 77 29 3 17 52% 18436 213269 15627 14%
c - 1610.15 170 180 92 654 60080 4 11138279 96105 2.6 77 29 3 17 52% 18436 213269 15627 14%
c - 1613.98 183 181 92 655 60353 4 11163854 96778 2.6 77 30 3 17 52% 18436 213269 15627 14%
c - 1617.70 154 182 92 656 60612 4 11189452 97759 2.6 77 30 3 17 52% 18436 213269 15627 14%
c - 1621.03 163 181 92 657 60827 4 11215067 99562 2.6 78 30 3 17 52% 18436 213269 15627 14%
c - 1624.37 176 180 92 658 61062 4 11240699 100502 2.6 78 30 3 17 52% 18436 213269 15627 14%
c - 1628.22 148 179 92 659 61340 4 11266353 100556 2.6 78 30 3 17 52% 18436 213269 15627 14%
c } 1628.71 151 179 93 659 61385 4 11270069 104216 2.6 79 30 3 17 52% 18436 213269 15627 14%
c [ 1628.71 151 77 93 659 61385 1 11270069 104216 2.9 153 53 3 35 57% 18436 213269 15627 14%
c O 1628.71 151 77 93 659 61385 1 11270069 104216 2.9 153 53 3 35 57% 18436 213269 15627 14%
c
c  seconds     switched      rate            size/glue   tier1     binary           remaining
c           MB   reductions     conflicts          size    tier2       irredundant
c            level     restarts         redundant      glue    trail           variables
c
c - 1633.11 155 83 93 660 61398 1 11292025 92088 2.9 159 56 3 35 57% 18436 213269 15627 14%
c - 1637.89 177 90 93 661 61409 1 11317715 79162 2.9 166 58 3 35 57% 18436 213269 15627 14%
c u 1640.46 148 88 93 661 61413 1 11325998 77526 2.9 165 57 3 35 58% 18455 213269 15627 14%
c v 1640.84 148 88 93 661 61413 1 11325998 70604 2.9 165 57 3 35 58% 18457 213269 15627 14%
c w 1643.82 170 88 93 661 61413 1 11325998 69883 2.9 165 57 3 35 58% 18457 213269 15627 14%
c t 1643.84 170 88 93 661 61413 1 11325998 69883 2.9 165 57 3 35 58% 18452 213269 15627 14%
c - 1647.40 181 85 93 662 61415 1 11343425 62282 2.9 165 56 3 35 57% 18452 213269 15627 14%
c - 1652.99 143 81 93 663 61426 1 11369154 62532 3.0 165 55 3 35 58% 18452 213269 15627 14%
c - 1657.65 160 82 93 664 61437 1 11394902 66910 3.1 168 54 3 35 59% 18452 213269 15627 14%
c - 1663.11 126 80 93 665 61446 1 11420670 66445 3.1 167 53 3 35 58% 18452 213269 15627 14%
c - 1668.99 127 77 93 666 61447 1 11446457 63922 3.2 169 53 3 35 58% 18452 213269 15627 14%
c - 1674.95 127 76 93 667 61452 1 11472263 63485 3.2 168 53 3 35 57% 18452 213269 15627 14%
c - 1680.59 127 82 93 668 61462 1 11498091 63969 2.9 167 57 3 35 58% 18452 213269 15627 14%
c - 1686.15 144 82 93 669 61476 1 11523937 64234 2.9 163 57 3 35 57% 18452 213269 15627 14%
c - 1692.20 146 81 93 670 61479 1 11549804 65718 2.8 157 57 3 35 57% 18452 213269 15627 14%
c o 1692.23 146 81 93 670 61480 1 11549940 65853 2.8 157 57 3 35 57% 18452 213269 15627 14%
c ] 1697.25 145 88 94 670 61493 1 11574554 89384 2.7 154 58 3 35 57% 18452 213269 15627 14%
c { 1697.25 145 179 94 670 61493 4 11574554 89384 2.6 79 30 3 17 52% 18452 213269 15627 14%
c - 1697.46 147 179 94 671 61505 4 11575688 66683 2.6 79 30 3 17 52% 18452 213269 15627 14%
c - 1699.95 165 177 94 672 61605 4 11601592 78003 2.7 77 29 3 17 52% 18453 213269 15627 14%
c
c  seconds      switched      rate            size/glue  tier1     binary           remaining
c           MB    reductions     conflicts          size   tier2       irredundant
c             level     restarts         redundant     glue    trail           variables
c
c - 1702.24 180 172 94 673 61724 4 11627514 90558 2.6 71 27 3 17 49% 18453 213269 15627 14%
c - 1705.41 187 170 94 674 61900 4 11653456 95514 2.7 72 26 3 17 49% 18454 213269 15627 14%
c u 1709.28 198 171 94 674 62087 4 11677763 113923 2.7 70 26 3 17 49% 18471 213269 15627 14%
c v 1710.96 202 171 94 674 62087 4 11677763 102189 2.7 70 26 3 17 49% 18471 213269 15627 14%
c w 1711.57 206 171 94 674 62087 4 11677763 102165 2.7 70 26 3 17 49% 18471 213269 15627 14%
c x 1712.58 211 171 94 674 62087 4 11677763 102136 2.7 70 26 3 17 49% 18544 213049 15627 14%
c t 1719.41 181 171 94 674 62087 4 11677763 102136 2.7 70 26 3 17 49% 18520 213049 15627 14%
c - 1719.71 181 171 94 675 62103 4 11679418 84412 2.7 70 26 3 17 49% 18520 213049 15627 14%
c s 1721.52 199 169 94 675 62211 4 11695509 100166 2.7 69 26 3 17 49% 18522 213014 15627 14%
c e 1721.55 200 169 94 675 62211 4 11695509 100166 2.7 69 26 3 17 49% 18502 213151 15617 14%
c s 1721.56 200 169 94 675 62211 4 11695509 100166 2.7 69 26 3 17 49% 18502 213116 15617 14%
c - 1723.08 219 170 94 676 62306 4 11705400 88715 2.7 69 26 3 17 49% 18502 213116 15617 14%
c - 1725.67 239 165 94 677 62462 4 11731400 94403 2.7 67 25 3 17 48% 18503 213116 15617 14%
c - 1728.55 260 166 94 678 62678 4 11757421 97424 2.7 65 25 3 17 47% 18504 213116 15617 14%
c - 1731.76 218 166 94 679 62903 4 11783462 98680 2.6 64 24 3 17 47% 18505 213116 15617 14%
c - 1734.77 218 166 94 680 63109 4 11809519 100583 2.6 63 24 3 17 46% 18508 213116 15617 14%
c - 1737.90 218 167 94 681 63336 4 11835595 102145 2.6 63 24 3 17 46% 18510 213116 15617 14%
c - 1741.47 217 168 94 682 63613 4 11861692 102838 2.6 63 25 3 17 46% 18515 213116 15617 14%
c - 1744.89 166 168 94 683 63853 4 11887808 103741 2.6 65 25 3 17 47% 18516 213116 15617 14%
c - 1748.44 163 168 94 684 64112 4 11913943 105221 2.6 65 25 3 17 47% 18517 213116 15617 14%
c
c  seconds      switched      rate             size/glue  tier1     binary           remaining
c           MB    reductions     conflicts           size   tier2       irredundant
c             level     restarts         redundant      glue    trail           variables
c
c - 1752.15 166 169 94 685 64363 4 11940097 106149 2.6 67 25 3 17 48% 18518 213116 15617 14%
c - 1754.97 116 163 94 686 64545 4 11966271 107841 2.6 66 25 3 17 46% 18522 213116 15617 14%
c - 1758.92 114 165 94 687 64831 4 11992462 108380 2.6 67 25 3 17 47% 18524 213116 15617 14%
c } 1761.40 115 165 95 687 65005 4 12013542 128925 2.6 65 25 3 17 46% 18525 213116 15617 14%
c [ 1761.40 115 88 95 687 65005 1 12013542 128925 2.7 154 58 3 35 57% 18525 213116 15617 14%
c B 1761.40 115 88 95 687 65005 1 12013542 128925 2.7 154 58 3 35 57% 18525 213116 15617 14%
c - 1762.24 116 92 95 688 65009 1 12018673 106839 2.6 154 58 3 35 57% 18525 213116 15617 14%
c o 1764.01 109 96 95 688 65016 1 12031012 118697 2.6 151 59 3 35 57% 18525 213116 15617 14%
c u 1765.66 114 102 95 688 65018 1 12035375 110628 2.5 151 60 3 35 57% 18543 213116 15617 14%
c v 1767.07 109 102 95 688 65018 1 12035375 97625 2.5 151 60 3 35 57% 18544 213116 15617 14%
c w 1767.80 121 102 95 688 65018 1 12035375 97373 2.5 151 60 3 35 57% 18544 213116 15617 14%
c t 1767.82 121 102 95 688 65018 1 12035375 97373 2.5 151 60 3 35 57% 18530 213116 15617 14%
c f 1767.84 98 102 95 688 65018 1 12035375 97373 2.5 151 60 3 35 57% 18531 213098 15618 14%
c u 1768.52 110 102 95 688 65018 1 12035375 96214 2.5 151 60 3 35 57% 18536 213098 15618 14%
c v 1769.43 112 102 95 688 65018 1 12035375 90795 2.5 151 60 3 35 57% 18536 213098 15618 14%
c w 1771.21 123 102 95 688 65018 1 12035375 90574 2.5 151 60 3 35 57% 18536 213098 15618 14%
c t 1771.24 123 102 95 688 65018 1 12035375 90574 2.5 151 60 3 35 57% 18535 213098 15618 14%
c - 1772.78 112 101 95 689 65019 1 12044903 72299 2.5 151 59 3 35 57% 18535 213098 15618 14%
c - 1777.18 116 105 95 690 65034 1 12071151 68463 2.5 148 59 3 35 56% 18535 213098 15618 14%
c - 1782.03 119 109 95 691 65037 1 12097420 66633 2.6 157 61 3 35 56% 18535 213098 15618 14%
c
c  seconds      switched      rate            size/glue   tier1     binary           remaining
c           MB    reductions     conflicts          size    tier2       irredundant
c             level     restarts         redundant      glue    trail           variables
c
c - 1786.93 123 107 95 692 65050 1 12123708 64287 2.5 154 61 3 35 56% 18535 213098 15618 14%
c - 1792.34 125 99 95 693 65064 1 12150014 63215 2.5 149 60 3 35 57% 18535 213098 15618 14%
c - 1797.58 127 93 95 694 65066 1 12176339 62738 2.5 149 58 3 35 57% 18535 213098 15618 14%
c - 1802.84 114 89 95 695 65067 1 12202684 62332 2.6 153 58 3 35 58% 18535 213098 15618 14%
c - 1808.18 117 87 95 696 65080 1 12229046 62280 2.6 152 59 3 35 58% 18535 213098 15618 14%
c - 1813.95 119 85 95 697 65089 1 12255427 63446 2.5 149 59 3 35 58% 18535 213098 15618 14%
c - 1819.10 121 82 95 698 65098 1 12281828 62616 2.5 148 58 3 35 57% 18535 213098 15618 14%
c ] 1820.80 121 81 96 698 65098 1 12290955 71083 2.6 148 58 3 35 58% 18535 213098 15618 14%
c { 1820.80 121 165 96 698 65098 4 12290955 71083 2.6 65 25 3 17 46% 18535 213098 15618 14%
c - 1823.04 129 167 96 699 65272 4 12308248 71661 2.6 66 25 3 17 47% 18536 213098 15618 14%
c - 1826.75 137 167 96 700 65557 4 12334688 85930 2.6 67 26 3 17 48% 18537 213098 15618 14%
c - 1830.58 145 167 96 701 65823 4 12361146 92923 2.6 68 26 3 17 49% 18537 213098 15618 14%
c - 1834.51 154 168 96 702 66107 4 12387622 96657 2.6 69 26 3 17 50% 18538 213098 15618 14%
c u 1836.71 162 167 96 702 66211 4 12398908 102641 2.6 70 27 3 18 50% 18546 213098 15618 14%
c v 1838.28 164 167 96 702 66211 4 12398908 88530 2.6 70 27 3 18 50% 18546 213098 15618 14%
c w 1840.82 167 167 96 702 66211 4 12398908 88277 2.6 70 27 3 18 50% 18546 213098 15618 14%
c t 1840.84 143 167 96 702 66211 4 12398908 88277 2.6 70 27 3 18 50% 18540 213098 15618 14%
c - 1842.63 145 167 96 703 66326 4 12414117 85036 2.6 70 26 3 18 50% 18540 213098 15618 14%
c - 1846.46 159 167 96 704 66592 4 12440632 91725 2.7 71 27 3 18 51% 18540 213098 15618 14%
c - 1850.45 170 168 96 705 66885 4 12467166 94886 2.6 72 27 3 18 51% 18542 213098 15618 14%
c
c  seconds      switched      rate            size/glue  tier1     binary           remaining
c           MB    reductions     conflicts          size   tier2       irredundant
c             level     restarts         redundant     glue    trail           variables
c
c - 1854.38 163 168 96 706 67164 4 12493718 96940 2.6 73 28 3 18 51% 18543 213098 15618 14%
c - 1858.30 178 169 96 707 67414 4 12520289 99263 2.6 73 28 3 18 50% 18544 213098 15618 14%
c o 1858.43 181 169 96 707 67423 4 12521170 100135 2.6 73 28 3 18 50% 18544 213098 15618 14%
c - 1861.98 191 168 96 708 67648 4 12546879 101307 2.6 74 28 3 18 51% 18544 213098 15618 14%
c - 1865.73 179 168 96 709 67906 4 12573487 102795 2.7 75 28 3 18 51% 18544 213098 15618 14%
c - 1869.01 188 166 96 710 68117 4 12600114 104406 2.7 74 28 3 18 50% 18544 213098 15618 14%
c - 1872.44 199 163 96 711 68350 4 12626760 105876 2.7 74 28 3 18 50% 18544 213098 15618 14%
c - 1876.25 171 164 96 712 68599 4 12653424 106814 2.7 76 28 3 18 50% 18544 213098 15618 14%
c s 1877.72 178 164 96 712 68690 4 12667547 120583 2.7 74 27 3 18 49% 18549 213087 15618 14%
c s 1877.74 179 164 96 712 68690 4 12667547 120583 2.7 74 27 3 18 49% 18549 213086 15618 14%
c - 1879.81 186 164 96 713 68843 4 12680109 107814 2.7 75 28 3 18 50% 18549 213086 15618 14%
c - 1883.42 196 164 96 714 69070 4 12706813 108798 2.7 75 28 3 18 50% 18550 213086 15618 14%
c - 1887.37 170 162 96 715 69351 4 12733537 109170 2.7 76 29 3 18 50% 18550 213086 15618 14%
c } 1889.40 179 161 97 715 69479 4 12747218 122695 2.7 77 28 3 18 50% 18551 213086 15618 14%
c [ 1889.40 179 81 97 715 69479 1 12747218 122695 2.6 148 58 3 35 58% 18551 213086 15618 14%
c W 1889.44 193 81 97 715 69479 1 12747218 122695 2.6 148 58 3 35 58% 18551 213086 15618 14%
c - 1892.05 196 81 97 716 69486 1 12760276 104586 2.6 150 57 3 35 58% 18551 213086 15618 14%
c u 1894.55 201 82 97 716 69492 1 12768353 101284 2.6 150 58 3 35 58% 18562 213086 15618 14%
c v 1895.86 204 82 97 716 69492 1 12768353 89241 2.6 150 58 3 35 58% 18563 213086 15618 14%
c w 1897.59 212 82 97 716 69492 1 12768353 88553 2.6 150 58 3 35 58% 18563 213086 15618 14%
c
c  seconds     switched      rate            size/glue   tier1     binary           remaining
c           MB   reductions     conflicts          size    tier2       irredundant
c            level     restarts         redundant      glue    trail           variables
c
c t 1897.62 172 82 97 716 69492 1 12768353 88553 2.6 150 58 3 35 58% 18558 213086 15618 14%
c - 1901.67 175 82 97 717 69499 1 12787039 73953 2.7 153 57 3 35 59% 18558 213086 15618 14%
c - 1906.69 186 86 97 718 69509 1 12813815 67074 2.7 157 58 3 35 59% 18558 213086 15618 14%
c - 1911.79 139 91 97 719 69516 1 12840611 67049 2.8 160 57 3 35 59% 18558 213086 15618 14%
c - 1916.87 144 101 97 720 69529 1 12867425 67586 2.6 162 62 3 35 58% 18558 213086 15618 14%
c - 1922.43 120 101 97 721 69539 1 12894257 66981 2.7 161 61 3 35 58% 18558 213086 15618 14%
c - 1928.39 124 96 97 722 69541 1 12921108 65159 2.8 164 60 3 35 58% 18558 213086 15618 14%
c - 1934.48 125 91 97 723 69544 1 12947978 63594 2.9 168 59 3 35 58% 18558 213086 15618 14%
c - 1940.16 127 86 97 724 69556 1 12974866 64913 2.9 167 57 3 35 58% 18558 213086 15618 14%
c - 1945.30 114 87 97 725 69571 1 13001773 68110 2.9 167 57 3 35 58% 18558 213086 15618 14%
c - 1950.37 117 90 97 726 69575 1 13028699 68851 2.9 166 58 3 35 58% 18558 213086 15618 14%
c o 1950.82 117 90 97 726 69577 1 13031115 71221 2.9 166 57 3 35 58% 18558 213086 15618 14%
c - 1954.37 121 103 97 727 69587 1 13055643 69912 2.7 163 60 3 35 58% 18558 213086 15618 14%
c ] 1955.40 121 104 98 727 69590 1 13062877 76881 2.7 164 60 3 35 58% 18558 213086 15618 14%
c { 1955.40 121 161 98 727 69590 4 13062877 76881 2.7 77 28 3 18 50% 18558 213086 15618 14%
c - 1957.84 127 140 98 728 69605 4 13082606 79695 3.0 82 28 3 18 51% 18560 213086 15618 14%
c - 1959.07 129 124 98 729 69608 3 13109588 95783 3.0 74 25 3 18 47% 18562 213086 15618 14%
c i 1960.18 133 113 98 729 69613 3 13125024 111024 3.1 74 24 3 18 46% 18572 213086 15617 14%
c i 1960.65 136 108 98 729 69618 3 13133329 119189 3.1 73 23 3 18 46% 18576 213086 15616 14%
c - 1960.73 136 106 98 730 69618 3 13136588 104582 3.1 72 23 3 18 45% 18563 213086 15616 14%
c
c  seconds      switched      rate             size/glue  tier1     binary           remaining
c           MB    reductions     conflicts           size   tier2       irredundant
c             level     restarts         redundant      glue    trail           variables
c
c u 1961.57 138 102 98 730 69618 3 13143711 105485 3.1 69 22 3 18 43% 18584 213047 15616 14%
c v 1963.23 142 102 98 730 69618 3 13143711 93970 3.1 69 22 3 18 43% 18584 213047 15616 14%
c w 1965.00 145 102 98 730 69618 3 13143711 93210 3.1 69 22 3 18 43% 18584 213047 15616 14%
c t 1965.02 145 102 98 730 69618 3 13143711 93210 3.1 69 22 3 18 43% 18579 213047 15616 14%
c - 1965.41 145 92 98 731 69618 2 13163607 93923 3.1 62 20 3 18 38% 18584 213047 15616 14%
c - 1966.38 145 82 98 732 69625 2 13190644 100653 3.1 57 19 3 18 36% 18589 213047 15616 14%
c - 1967.52 151 76 98 733 69642 2 13217699 106066 3.3 57 17 3 18 35% 18593 213047 15616 14%
c - 1968.22 129 78 98 734 69642 2 13244773 108254 3.1 50 16 3 17 31% 18594 213047 15616 14%
c - 1969.18 137 76 98 735 69658 2 13271865 109606 3.1 47 15 3 17 30% 18599 213047 15616 14%
c - 1970.33 140 75 98 736 69694 2 13298976 113182 3.1 44 14 3 17 30% 18610 213047 15616 14%
c - 1971.35 146 64 98 737 69724 2 13326105 112695 3.5 46 13 3 17 29% 18613 213047 15616 14%
c - 1972.36 153 58 98 738 69744 1 13353254 113954 3.7 47 13 3 17 28% 18618 213047 15616 14%
c - 1973.68 164 58 98 739 69829 1 13380420 117278 3.6 45 12 3 17 29% 18630 213047 15616 14%
c i 1974.01 169 59 98 739 69868 2 13384986 121767 3.6 45 12 3 17 30% 18638 213047 15615 14%
c - 1975.09 172 60 98 740 69944 2 13407604 115532 3.6 42 12 3 17 29% 18637 213047 15615 14%
c - 1976.11 179 56 98 741 70017 2 13434806 115423 3.4 39 12 3 17 27% 18638 213047 15615 14%
c - 1976.85 185 52 98 742 70055 2 13462027 116621 3.2 34 11 3 17 24% 18638 213047 15615 14%
c - 1977.45 187 45 98 743 70055 1 13489267 115702 3.0 29 10 3 17 20% 18640 213047 15615 14%
c - 1978.93 195 48 98 744 70262 2 13516525 118793 3.0 30 10 3 17 21% 18650 213047 15615 14%
c u 1979.70 203 48 98 744 70321 2 13525007 122819 3.1 30 10 3 17 22% 18653 213033 15615 14%
c
c  seconds     switched      rate             size/glue  tier1     binary           remaining
c           MB   reductions     conflicts           size   tier2       irredundant
c            level     restarts         redundant      glue    trail           variables
c
c v 1980.09 205 48 98 744 70321 2 13525007 118139 3.1 30 10 3 17 22% 18653 213033 15615 14%
c w 1980.27 206 48 98 744 70321 2 13525007 118115 3.1 30 10 3 17 22% 18653 213033 15615 14%
c t 1980.30 206 48 98 744 70321 2 13525007 118115 3.1 30 10 3 17 22% 18625 213033 15615 14%
c } 1981.27 203 50 99 744 70474 2 13536712 129674 3.1 31 10 3 17 23% 18633 213033 15615 14%
c [ 1981.27 203 104 99 744 70474 1 13536712 129674 2.7 164 60 3 35 58% 18633 213033 15615 14%
c I 1981.27 203 104 99 744 70474 1 13536712 129674 2.7 164 60 3 35 58% 18633 213033 15615 14%
c - 1982.34 203 106 99 745 70479 1 13543802 113402 2.7 163 60 3 35 58% 18633 213033 15615 14%
c o 1982.46 193 106 99 745 70480 1 13544924 114485 2.7 162 60 3 35 58% 18633 213033 15615 14%
c - 1986.80 184 106 99 746 70490 1 13571097 101140 2.7 162 60 3 35 57% 18634 213033 15615 14%
c - 1992.20 147 101 99 747 70503 1 13598411 87546 2.8 164 58 3 35 58% 18634 213033 15615 14%
c - 1996.82 157 102 99 748 70510 1 13625744 85678 2.8 161 57 3 35 58% 18634 213033 15615 14%
c - 2001.20 160 105 99 749 70521 1 13653093 85266 2.7 157 58 3 35 57% 18634 213033 15615 14%
c ] 2004.63 155 106 100 749 70533 1 13672863 104425 2.7 156 59 3 35 58% 18634 213033 15615 14%
c { 2004.63 155 50 100 749 70533 2 13672863 104425 3.1 31 10 3 17 23% 18634 213033 15615 14%
c - 2005.91 109 59 100 750 70674 2 13680460 88488 2.9 33 11 3 17 25% 18635 213033 15615 14%
c s 2006.74 111 65 100 750 70776 2 13685923 93870 2.9 35 12 3 17 26% 18645 212996 15615 14%
c e 2006.76 97 65 100 750 70776 2 13685923 93870 2.9 35 12 3 17 26% 18639 213046 15611 14%
c s 2006.76 97 65 100 750 70776 2 13685923 93870 2.9 35 12 3 17 26% 18642 213026 15611 14%
c e 2006.77 97 65 100 750 70776 2 13685923 93870 2.9 35 12 3 17 26% 18639 213054 15609 14%
c - 2010.07 121 86 100 751 71157 3 13707848 100066 2.7 39 15 3 17 30% 18641 213054 15609 14%
c
c  seconds      switched       rate             size/glue  tier1     binary           remaining
c           MB     reductions     conflicts           size   tier2       irredundant
c             level      restarts         redundant      glue    trail           variables
c
c - 2014.19 130 105 100 752 71592 4 13735255 111782 2.5 42 17 3 17 34% 18642 213054 15609 14%
c - 2018.32 139 121 100 753 72004 4 13762677 117613 2.5 46 19 3 17 36% 18644 213054 15609 14%
c - 2022.48 163 131 100 754 72376 4 13790118 121196 2.4 49 20 3 17 39% 18644 213054 15609 14%
c - 2026.54 173 141 100 755 72744 5 13817578 124157 2.4 51 21 3 17 40% 18645 213054 15609 14%
c - 2030.30 160 145 100 756 73074 5 13845055 126247 2.4 53 22 3 17 41% 18647 213054 15609 14%
c - 2034.68 170 151 100 757 73392 5 13872551 128375 2.4 54 23 3 17 42% 18650 213054 15609 14%
c - 2038.18 180 151 100 758 73658 5 13900067 130127 2.4 55 23 3 17 42% 18651 213054 15609 14%
c u 2041.31 157 153 100 758 73795 5 13912271 119075 2.4 56 23 3 17 43% 18720 213054 15608 14%
c v 2043.00 161 153 100 758 73795 5 13912271 101119 2.4 56 23 3 17 43% 18721 213054 15608 14%
c w 2043.74 164 153 100 758 73795 5 13912271 101016 2.4 56 23 3 17 43% 18721 213054 15608 14%
c t 2043.76 164 153 100 758 73795 5 13912271 101007 2.4 56 23 3 17 43% 18687 213041 15608 14%
c u 2044.57 164 153 100 758 73795 5 13912271 98216 2.4 56 23 3 17 43% 18702 213041 15608 14%
c v 2045.62 166 153 100 758 73795 5 13912271 92200 2.4 56 23 3 17 43% 18702 213041 15608 14%
c w 2046.51 169 153 100 758 73795 5 13912271 92010 2.4 56 23 3 17 43% 18702 213041 15608 14%
c x 2047.38 176 153 100 758 73795 5 13912271 91950 2.4 56 23 3 17 43% 18711 212933 15608 14%
c t 2047.41 176 153 100 758 73795 5 13912271 91950 2.4 56 23 3 17 43% 18701 212933 15608 14%
c f 2047.43 176 153 100 758 73795 5 13912271 91950 2.4 56 23 3 17 43% 18703 212914 15609 14%
c i 2047.44 176 153 100 758 73795 5 13912271 91950 2.4 56 23 3 17 43% 18703 212914 15609 14%
c - 2049.51 190 154 100 759 73973 5 13927598 88933 2.4 57 24 3 17 44% 18703 212914 15609 14%
c - 2053.04 155 157 100 760 74274 5 13955147 97072 2.4 58 24 3 17 44% 18703 212914 15609 14%
c
c  seconds      switched       rate             size/glue  tier1     binary           remaining
c           MB     reductions     conflicts           size   tier2       irredundant
c             level      restarts         redundant      glue    trail           variables
c
c - 2056.41 163 161 100 761 74527 5 13982717 103265 2.4 58 24 3 17 45% 18705 212914 15609 14%
c - 2060.02 174 161 100 762 74802 5 14010305 106544 2.4 59 24 3 17 46% 18706 212914 15609 14%
c - 2063.33 139 162 100 763 75043 4 14037909 108787 2.5 60 24 3 17 47% 18706 212914 15609 14%
c o 2067.30 152 162 100 763 75366 5 14065052 135445 2.4 61 25 3 17 47% 18706 212914 15609 14%
c - 2067.38 152 163 100 764 75370 5 14065531 109923 2.4 61 25 3 17 47% 18706 212914 15609 14%
c - 2071.13 163 163 100 765 75640 4 14093171 111075 2.4 61 25 3 17 48% 18706 212914 15609 14%
c - 2074.47 153 163 100 766 75847 4 14120829 113196 2.5 62 25 3 17 48% 18708 212914 15609 14%
c - 2077.65 179 163 100 767 76055 4 14148506 114989 2.5 62 25 3 17 48% 18709 212914 15609 14%
c } 2079.81 186 164 101 767 76215 4 14164564 130783 2.5 62 25 3 17 48% 18709 212914 15609 14%
c [ 2079.81 186 106 101 767 76215 1 14164564 130783 2.7 156 59 3 35 58% 18709 212914 15609 14%
c B 2079.81 186 106 101 767 76215 1 14164564 130783 2.7 156 59 3 35 58% 18709 212914 15609 14%
c - 2081.86 187 104 101 768 76221 1 14176202 110536 2.6 153 58 3 35 57% 18709 212914 15609 14%
c - 2087.26 156 96 101 769 76235 1 14203916 95591 2.6 147 57 3 35 57% 18709 212914 15609 14%
c - 2093.30 158 89 101 770 76245 1 14231646 83479 2.6 141 55 3 35 57% 18709 212914 15609 14%
c - 2099.15 128 83 101 771 76253 1 14259395 81730 2.5 136 53 3 35 58% 18709 212914 15609 14%
c - 2103.72 132 79 101 772 76266 1 14287162 83333 2.6 138 52 3 35 57% 18709 212914 15609 14%
c u 2107.87 140 78 101 772 76275 1 14305496 90004 2.7 140 52 3 35 57% 18728 212914 15609 14%
c v 2108.15 141 78 101 772 76275 1 14305496 87294 2.7 140 52 3 35 57% 18728 212914 15609 14%
c w 2111.83 159 78 101 772 76275 1 14305496 85830 2.7 140 52 3 35 57% 18728 212914 15609 14%
c t 2111.85 159 78 101 772 76275 1 14305496 85830 2.7 140 52 3 35 57% 18721 212914 15609 14%
c
c  seconds     switched       rate            size/glue   tier1     binary           remaining
c           MB    reductions     conflicts          size    tier2       irredundant
c            level      restarts         redundant      glue    trail           variables
c
c - 2113.18 173 79 101 773 76276 1 14314946 70096 2.7 139 51 3 35 57% 18721 212914 15609 14%
c - 2117.48 177 94 101 774 76277 1 14342748 72293 2.6 144 56 3 35 56% 18721 212914 15609 14%
c - 2121.66 179 104 101 775 76284 1 14370568 70835 2.5 146 59 3 35 56% 18721 212914 15609 14%
c - 2125.92 134 102 101 776 76295 1 14398406 71387 2.4 142 58 3 35 57% 18721 212914 15609 14%
c - 2131.01 136 94 101 777 76307 1 14426262 70897 2.6 143 55 3 35 57% 18721 212914 15609 14%
c - 2136.28 115 89 101 778 76315 1 14454138 68943 2.7 145 55 3 35 58% 18721 212914 15609 14%
c - 2141.04 118 87 101 779 76328 1 14482035 68972 2.5 143 56 3 35 59% 18721 212914 15609 14%
c - 2146.12 120 87 101 780 76339 1 14509946 65242 2.4 142 59 3 35 60% 18721 212914 15609 14%
c W 2147.67 133 86 101 780 76339 1 14517734 72702 2.4 142 59 3 35 61% 18721 212914 15609 14%
c - 2151.14 137 83 101 781 76340 1 14537876 63578 2.4 139 59 3 35 61% 18721 212914 15609 14%
c ] 2152.64 138 83 102 781 76340 1 14547119 71946 2.3 137 59 3 35 62% 18721 212914 15609 14%
c { 2152.64 138 164 102 781 76340 4 14547119 71946 2.5 62 25 3 17 48% 18721 212914 15609 14%
c - 2153.82 144 154 102 782 76357 4 14565826 75574 2.5 58 23 3 17 44% 18726 212914 15609 14%
c - 2155.31 147 145 102 783 76367 3 14593794 95730 2.4 50 21 3 17 38% 18729 212914 15609 14%
c o 2155.46 147 144 102 783 76369 3 14596444 98226 2.4 50 21 3 17 38% 18730 212914 15609 14%
c i 2156.46 148 139 102 783 76379 3 14611650 112674 2.4 48 20 3 17 37% 18736 212914 15608 14%
c - 2157.23 149 137 102 784 76387 3 14621778 105275 2.5 47 19 3 17 37% 18729 212914 15608 14%
c - 2159.07 156 135 102 785 76442 3 14649779 110039 2.4 44 18 3 17 36% 18737 212914 15608 14%
c - 2159.99 158 113 102 786 76455 3 14677796 112928 2.4 39 16 3 17 30% 18737 212914 15608 14%
c u 2162.68 169 114 102 786 76529 3 14704713 126510 2.4 37 15 3 17 29% 18761 212897 15608 14%
c
c  seconds      switched       rate             size/glue  tier1     binary           remaining
c           MB     reductions     conflicts           size   tier2       irredundant
c             level      restarts         redundant      glue    trail           variables
c
c v 2164.15 175 114 102 786 76529 3 14704713 121277 2.4 37 15 3 17 29% 18761 212897 15608 14%
c w 2164.66 176 114 102 786 76529 3 14704713 120161 2.4 37 15 3 17 29% 18761 212897 15608 14%
c t 2164.69 176 114 102 786 76529 3 14704713 120161 2.4 37 15 3 17 29% 18744 212897 15608 14%
c - 2164.82 176 115 102 787 76540 3 14705832 97849 2.4 37 15 3 17 29% 18744 212897 15608 14%
c - 2166.41 180 114 102 788 76636 3 14733885 105202 2.4 34 14 3 17 29% 18750 212897 15608 14%
c s 2167.40 153 116 102 788 76697 3 14751293 121751 2.3 33 14 3 17 28% 18766 212808 15608 14%
c e 2167.44 153 116 102 788 76697 3 14751293 121751 2.3 33 14 3 17 28% 18734 213021 15594 14%
c s 2167.45 153 116 102 788 76697 3 14751293 121751 2.3 33 14 3 17 28% 18734 212958 15594 14%
c - 2168.17 165 115 102 789 76734 3 14761956 109316 2.3 32 14 3 17 28% 18735 212958 15594 14%
c - 2170.00 168 118 102 790 76878 3 14790046 113152 2.3 30 13 3 17 28% 18739 212958 15594 14%
c - 2171.96 199 120 102 791 77059 3 14818152 116215 2.2 29 13 3 17 28% 18743 212958 15594 14%
c - 2173.73 223 119 102 792 77242 4 14846277 119229 2.2 27 12 3 17 27% 18745 212958 15594 14%
c - 2175.77 224 119 102 793 77446 4 14874421 122300 2.2 26 12 3 17 27% 18757 212958 15594 14%
c - 2178.04 191 121 102 794 77695 4 14902582 125435 2.1 25 12 3 17 27% 18762 212958 15594 14%
c - 2179.90 193 118 102 795 77893 4 14930762 128053 2.1 24 12 3 17 26% 18767 212958 15594 14%
c - 2181.79 199 114 102 796 78071 4 14958958 129990 2.1 24 11 3 17 25% 18771 212958 15594 14%
c - 2183.73 201 115 102 797 78288 4 14987172 131822 2.0 23 11 3 17 25% 18775 212958 15594 14%
c - 2185.90 224 116 102 798 78561 4 15015403 134355 2.0 23 11 3 17 25% 18780 212957 15594 14%
c - 2188.12 189 117 102 799 78810 4 15043653 136480 2.0 22 11 3 17 25% 18788 212957 15594 14%
c i 2188.27 191 117 102 799 78827 4 15045107 137873 2.0 22 11 3 17 25% 18790 212957 15593 14%
c
c  seconds      switched       rate             size/glue  tier1     binary           remaining
c           MB     reductions     conflicts           size   tier2       irredundant
c             level      restarts         redundant      glue    trail           variables
c
c } 2189.27 195 118 103 799 78939 4 15056972 149152 2.0 22 11 3 17 25% 18793 212956 15593 14%
c [ 2189.27 195 83 103 799 78939 1 15056972 149152 2.3 137 59 3 35 62% 18793 212956 15593 14%
c O 2189.27 195 83 103 799 78939 1 15056972 149152 2.3 137 59 3 35 62% 18793 212956 15593 14%
c - 2191.98 196 90 103 800 78948 1 15071920 130948 2.3 142 61 3 35 61% 18775 212956 15593 14%
c - 2197.27 202 92 103 801 78960 1 15100205 115018 2.4 149 63 3 35 60% 18775 212956 15593 14%
c u 2199.83 152 93 103 801 78966 1 15109920 111805 2.4 148 63 3 35 59% 18791 212955 15593 14%
c v 2200.64 168 93 103 801 78966 1 15109920 103381 2.4 148 63 3 35 59% 18793 212955 15593 14%
c w 2201.36 177 93 103 801 78966 1 15109920 103062 2.4 148 63 3 35 59% 18793 212955 15593 14%
c t 2201.38 177 93 103 801 78966 1 15109920 103062 2.4 148 63 3 35 59% 18765 212955 15593 14%
c f 2201.40 177 93 103 801 78966 1 15109920 103062 2.4 148 63 3 35 59% 18767 212936 15594 14%
c u 2202.27 177 93 103 801 78966 1 15109920 94775 2.4 148 63 3 35 59% 18782 212936 15594 14%
c v 2202.79 194 93 103 801 78966 1 15109920 92252 2.4 148 63 3 35 59% 18782 212936 15594 14%
c w 2203.98 200 93 103 801 78966 1 15109920 92055 2.4 148 63 3 35 59% 18782 212936 15594 14%
c t 2204.00 200 93 103 801 78966 1 15109920 92055 2.4 148 63 3 35 59% 18774 212936 15594 14%
c - 2207.57 212 93 103 802 78969 1 15128506 78979 2.4 150 63 3 35 59% 18774 212936 15594 14%
c o 2212.51 167 93 103 802 78979 1 15153346 102261 2.4 154 63 3 35 58% 18774 212936 15594 14%
c - 2213.04 184 98 103 803 78981 1 15156826 79194 2.4 156 65 3 35 58% 18774 212936 15594 14%
c - 2218.09 187 109 103 804 78992 1 15185163 80471 2.3 163 70 3 35 57% 18774 212936 15594 14%
c - 2223.66 161 102 103 805 79000 1 15213517 80595 2.5 163 66 3 35 58% 18774 212936 15594 14%
c - 2228.87 162 97 103 806 79001 1 15241889 82907 2.6 163 63 3 35 59% 18774 212936 15594 14%
c
c  seconds     switched       rate            size/glue   tier1     binary           remaining
c           MB    reductions     conflicts          size    tier2       irredundant
c            level      restarts         redundant      glue    trail           variables
c
c - 2234.02 123 96 103 807 79012 1 15270280 85881 2.6 163 62 3 35 58% 18774 212936 15594 14%
c ] 2235.93 128 95 104 807 79016 1 15283243 98550 2.6 159 60 3 35 56% 18774 212936 15594 14%
c { 2235.93 128 118 104 807 79016 4 15283243 98550 2.0 22 11 3 17 25% 18774 212936 15594 14%
c - 2238.38 155 125 104 808 79296 5 15298688 94427 2.1 27 13 3 17 28% 18775 212936 15594 14%
c - 2243.07 156 135 104 809 79786 5 15327113 105992 2.2 35 16 3 17 33% 18781 212936 15594 14%
c - 2247.67 142 143 104 810 80228 5 15355556 115022 2.2 41 18 3 17 36% 18781 212936 15594 14%
c - 2252.02 145 147 104 811 80597 5 15384016 120474 2.3 46 20 3 17 39% 18782 212936 15594 14%
c - 2256.17 143 149 104 812 80942 5 15412494 124267 2.4 49 21 3 17 40% 18787 212936 15594 14%
c - 2260.64 108 152 104 813 81315 5 15440989 126524 2.4 53 22 3 17 42% 18791 212936 15594 14%
c - 2264.69 106 155 104 814 81641 5 15469503 128227 2.4 55 23 3 17 43% 18793 212936 15594 14%
c - 2268.62 111 156 104 815 81924 5 15498033 129976 2.5 58 23 3 17 45% 18795 212936 15594 14%
c u 2273.56 110 157 104 815 82165 4 15521149 135576 2.5 60 24 3 17 46% 18829 212936 15594 14%
c v 2275.76 105 157 104 815 82165 4 15521149 117048 2.5 60 24 3 17 46% 18830 212936 15594 14%
c w 2276.75 112 157 104 815 82165 4 15521149 117020 2.5 60 24 3 17 46% 18830 212936 15594 14%
c t 2276.78 112 157 104 815 82165 4 15521149 117020 2.5 60 24 3 17 46% 18804 212936 15594 14%
c - 2277.79 109 157 104 816 82232 4 15526581 101214 2.5 60 24 3 17 46% 18805 212936 15594 14%
c - 2281.79 110 159 104 817 82501 4 15555146 107308 2.6 62 24 3 17 47% 18805 212936 15594 14%
c - 2285.98 111 160 104 818 82769 4 15583730 112699 2.6 64 25 3 17 48% 18807 212936 15594 14%
c - 2289.57 111 158 104 819 83010 4 15612332 115258 2.6 64 24 3 17 48% 18808 212936 15594 14%
c - 2293.61 111 160 104 820 83303 4 15640950 116512 2.6 65 25 3 17 48% 18809 212936 15594 14%
c
c  seconds      switched       rate             size/glue  tier1     binary           remaining
c           MB     reductions     conflicts           size   tier2       irredundant
c             level      restarts         redundant      glue    trail           variables
c
c - 2297.62 111 159 104 821 83559 4 15669585 117411 2.7 66 25 3 17 48% 18810 212936 15594 14%
c - 2301.93 112 158 104 822 83836 4 15698239 118433 2.7 68 25 3 17 49% 18810 212936 15594 14%
c o 2302.57 109 159 104 822 83872 4 15703397 123545 2.7 68 25 3 17 49% 18810 212936 15594 14%
c - 2305.48 111 158 104 823 84058 4 15726909 119542 2.7 66 25 3 17 48% 18810 212936 15594 14%
c - 2309.45 112 158 104 824 84324 4 15755596 120448 2.7 68 25 3 17 49% 18810 212936 15594 14%
c - 2313.34 111 160 104 825 84578 4 15784301 120860 2.7 68 25 3 17 50% 18811 212936 15594 14%
c } 2317.17 111 158 105 825 84818 4 15811538 147823 2.7 67 25 3 17 49% 18811 212936 15594 14%
c [ 2317.17 111 95 105 825 84818 1 15811538 147823 2.6 159 60 3 35 56% 18811 212936 15594 14%
c B 2317.17 111 95 105 825 84818 1 15811538 147823 2.6 159 60 3 35 56% 18811 212936 15594 14%
c - 2317.45 112 97 105 826 84819 1 15813023 120624 2.6 159 61 3 35 56% 18811 212936 15594 14%
c - 2322.60 116 108 105 827 84832 1 15841765 108517 2.4 156 64 3 35 55% 18811 212936 15594 14%
c s 2326.08 119 107 105 827 84845 1 15864247 129992 2.4 151 62 3 35 54% 18813 212910 15594 14%
c e 2326.10 102 107 105 827 84845 1 15864247 129992 2.4 151 62 3 35 54% 18807 212930 15593 14%
c s 2326.10 102 107 105 827 84845 1 15864247 129992 2.4 151 62 3 35 54% 18807 212918 15593 14%
c - 2327.29 100 104 105 828 84847 1 15870522 93299 2.4 150 61 3 35 54% 18807 212918 15593 14%
c - 2332.21 134 98 105 829 84853 1 15899297 92926 2.6 146 56 3 35 52% 18807 212918 15593 14%
c - 2335.70 139 100 105 830 84865 1 15928089 91805 2.6 148 56 3 35 50% 18807 212918 15593 14%
c u 2337.84 157 100 105 830 84870 1 15938398 90282 2.6 147 56 3 35 50% 18821 212918 15593 14%
c v 2338.26 158 100 105 830 84870 1 15938398 86237 2.6 147 56 3 35 50% 18821 212918 15593 14%
c w 2341.35 166 100 105 830 84870 1 15938398 85422 2.6 147 56 3 35 50% 18821 212918 15593 14%
c
c  seconds      switched       rate            size/glue   tier1     binary           remaining
c           MB     reductions     conflicts          size    tier2       irredundant
c             level      restarts         redundant      glue    trail           variables
c
c t 2341.38 166 100 105 830 84870 1 15938398 85422 2.6 147 56 3 35 50% 18815 212918 15593 14%
c - 2344.61 168 105 105 831 84878 1 15956898 73056 2.7 153 57 3 35 51% 18815 212918 15593 14%
c - 2350.94 177 102 105 832 84880 1 15985725 71042 2.8 164 58 3 35 52% 18815 212918 15593 14%
c - 2357.36 195 101 105 833 84886 1 16014570 70299 2.9 173 59 3 35 53% 18815 212918 15593 14%
c - 2362.68 172 101 105 834 84898 1 16043432 72747 2.9 175 61 3 35 54% 18815 212918 15593 14%
c - 2368.32 188 104 105 835 84910 1 16072311 72185 2.8 176 63 3 35 55% 18815 212918 15593 14%
c - 2372.29 252 113 105 836 84918 1 16101208 74247 2.6 175 68 3 35 54% 18816 212918 15593 14%
c - 2376.30 205 109 105 837 84932 1 16130123 73714 2.6 174 67 3 35 53% 18817 212918 15593 14%
c - 2381.38 227 104 105 838 84942 1 16159054 75533 2.7 172 63 3 35 53% 18818 212918 15593 14%
c - 2386.96 162 93 105 839 84943 1 16188003 75550 2.9 170 58 3 35 52% 18818 212918 15593 14%
c W 2388.23 183 91 105 839 84943 1 16194709 81967 3.0 170 57 3 35 52% 18818 212918 15593 14%
c - 2393.13 202 87 105 840 84944 1 16216970 76131 3.0 170 56 3 35 53% 18818 212918 15593 14%
c ] 2396.88 211 85 106 840 84944 1 16234854 93398 3.0 170 56 3 35 52% 18818 212918 15593 14%
c { 2396.88 211 158 106 840 84944 4 16234854 93398 2.7 67 25 3 17 49% 18818 212918 15593 14%
c - 2398.44 184 161 106 841 85070 4 16245954 80415 2.6 67 25 3 17 49% 18819 212918 15593 14%
c o 2400.90 191 165 106 841 85266 4 16263536 97813 2.6 67 26 3 17 50% 18821 212918 15593 14%
c - 2402.82 211 168 106 842 85413 4 16274954 93169 2.6 68 26 3 17 50% 18821 212918 15593 14%
c - 2407.32 195 174 106 843 85732 4 16303971 101626 2.6 70 27 3 17 50% 18823 212918 15593 14%
c - 2411.47 236 177 106 844 86009 4 16333005 106079 2.6 70 27 3 17 50% 18826 212918 15593 14%
c u 2416.76 280 179 106 844 86314 4 16361688 126923 2.6 71 28 3 17 50% 18839 212918 15593 14%
c
c  seconds      switched       rate             size/glue  tier1     binary           remaining
c           MB     reductions     conflicts           size   tier2       irredundant
c             level      restarts         redundant      glue    trail           variables
c
c v 2418.67 233 179 106 844 86314 4 16361688 110203 2.6 71 28 3 17 50% 18841 212918 15593 14%
c w 2421.10 256 179 106 844 86314 4 16361688 109954 2.6 71 28 3 17 50% 18841 212918 15593 14%
c t 2421.12 256 179 106 844 86314 4 16361688 109954 2.6 71 28 3 17 50% 18836 212918 15593 14%
c - 2421.22 256 179 106 845 86319 4 16362057 88819 2.6 71 28 3 17 50% 18836 212918 15593 14%
c - 2425.10 296 181 106 846 86601 4 16391129 95507 2.6 71 28 3 17 50% 18838 212918 15593 14%
c - 2428.65 254 180 106 847 86853 4 16420216 101834 2.6 71 28 3 17 49% 18840 212918 15593 14%
c - 2432.71 296 180 106 848 87116 4 16449326 105203 2.6 72 28 3 17 50% 18840 212918 15593 14%
c - 2436.49 316 181 106 849 87354 4 16478446 107307 2.7 73 28 3 17 51% 18841 212918 15593 14%
c - 2440.38 231 183 106 850 87624 4 16507585 108711 2.7 74 28 3 17 51% 18842 212918 15593 14%
c - 2444.65 231 185 106 851 87940 4 16536742 109413 2.6 74 28 3 17 51% 18845 212918 15593 14%
c - 2448.83 129 184 106 852 88212 4 16565914 110199 2.6 74 28 3 17 51% 18846 212918 15593 14%
c - 2453.10 130 185 106 853 88507 4 16595103 111254 2.6 75 29 3 17 51% 18847 212918 15593 14%
c - 2457.92 123 185 106 854 88826 4 16624310 111796 2.6 77 29 3 17 50% 18847 212918 15593 14%
c - 2462.05 125 182 106 855 89078 4 16653533 113109 2.6 77 29 3 17 51% 18850 212918 15593 14%
c - 2466.18 128 183 106 856 89339 4 16682773 114823 2.6 77 29 3 17 51% 18853 212918 15593 14%
c - 2470.20 128 182 106 857 89575 4 16712031 115459 2.7 79 29 3 17 51% 18854 212918 15593 14%
c - 2474.10 130 181 106 858 89817 4 16741305 116500 2.7 78 29 3 17 51% 18856 212918 15593 14%
c - 2478.43 128 183 106 859 90138 4 16770598 116906 2.7 78 29 3 17 51% 18859 212918 15593 14%
c } 2480.10 128 183 107 859 90260 4 16781879 128032 2.7 78 29 3 17 51% 18860 212918 15593 14%
c [ 2480.10 128 85 107 859 90260 1 16781879 128032 3.0 170 56 3 35 52% 18860 212918 15593 14%
c
c  seconds     switched       rate             size/glue   tier1     binary           remaining
c           MB    reductions     conflicts           size    tier2       irredundant
c            level      restarts         redundant       glue    trail           variables
c
c I 2480.10 128 85 107 859 90260 1 16781879 128032 3.0 170 56 3 35 52% 18860 212918 15593 14%
c u 2482.45 148 92 107 859 90266 1 16791020 123848 2.9 167 57 3 35 53% 18886 212918 15593 14%
c v 2483.96 150 92 107 859 90266 1 16791020 110100 2.9 167 57 3 35 53% 18886 212918 15593 14%
c w 2485.45 157 92 107 859 90266 1 16791020 109936 2.9 167 57 3 35 53% 18886 212918 15593 14%
c = 2491.47 159 92 107 859 90266 1 16791020 109936 2.9 167 57 3 35 53% 18886 212905 15592 14%
c t 2491.49 159 92 107 859 90266 1 16791020 109934 2.9 167 57 3 35 53% 18870 212904 15592 14%
c u 2492.22 144 92 107 859 90266 1 16791020 108708 2.9 167 57 3 35 53% 18871 212904 15592 14%
c v 2493.20 147 92 107 859 90266 1 16791020 102411 2.9 167 57 3 35 53% 18871 212904 15592 14%
c w 2494.30 156 92 107 859 90266 1 16791020 102286 2.9 167 57 3 35 53% 18871 212904 15592 14%
c x 2495.17 151 92 107 859 90266 1 16791020 102207 2.9 167 57 3 35 53% 18882 212644 15592 14%
c t 2495.19 151 92 107 859 90266 1 16791020 102207 2.9 167 57 3 35 53% 18877 212644 15592 14%
c - 2496.53 179 90 107 860 90271 1 16799907 82091 3.0 168 57 3 35 53% 18875 212644 15592 14%
c - 2501.21 194 97 107 861 90284 1 16829234 76041 2.7 167 61 3 35 53% 18875 212644 15592 14%
c - 2506.22 159 103 107 862 90290 1 16858578 71618 2.5 163 65 3 35 53% 18875 212644 15592 14%
c o 2507.15 159 104 107 862 90291 1 16863923 76733 2.5 163 66 3 35 53% 18875 212644 15592 14%
c - 2511.03 178 112 107 863 90304 1 16887938 71800 2.4 166 68 3 35 56% 18875 212644 15592 14%
c - 2516.26 168 118 107 864 90319 1 16917314 75829 2.4 160 66 3 35 55% 18875 212644 15592 14%
c - 2522.21 143 112 107 865 90322 1 16946708 75784 2.5 162 65 3 35 55% 18875 212644 15592 14%
c - 2527.51 160 108 107 866 90322 1 16976121 72842 2.6 165 64 3 35 54% 18875 212644 15592 14%
c - 2532.29 156 100 107 867 90337 1 17005548 75712 2.7 160 60 3 35 54% 18875 212644 15592 14%
c
c  seconds     switched       rate            size/glue   tier1     binary           remaining
c           MB    reductions     conflicts          size    tier2       irredundant
c            level      restarts         redundant      glue    trail           variables
c
c s 2535.31 156 99 107 867 90346 1 17025414 94450 2.6 158 60 3 35 53% 18877 212609 15592 14%
c e 2535.35 156 99 107 867 90346 1 17025414 94450 2.6 158 60 3 35 53% 18844 212839 15578 14%
c s 2535.36 156 99 107 867 90346 1 17025414 94450 2.6 158 60 3 35 53% 18844 212763 15578 14%
c - 2536.61 156 99 107 868 90351 1 17034993 78334 2.6 156 59 3 35 53% 18844 212763 15578 14%
c - 2541.30 160 107 107 869 90356 1 17064454 75751 2.4 152 64 3 35 52% 18844 212763 15578 14%
c - 2545.08 141 105 107 870 90369 1 17093933 74690 2.3 147 63 3 35 50% 18844 212763 15578 14%
c - 2549.77 142 112 107 871 90383 1 17123431 77212 2.2 144 65 3 35 50% 18844 212763 15578 14%
c - 2555.74 130 113 107 872 90385 1 17152943 73996 2.1 143 69 3 35 49% 18844 212763 15578 14%
c - 2561.54 130 114 107 873 90386 1 17182474 70128 2.0 145 73 3 35 48% 18844 212763 15578 14%
c B 2562.04 130 114 107 873 90386 1 17185534 73117 2.0 145 73 3 35 48% 18844 212763 15578 14%
c - 2566.44 148 134 107 874 90386 1 17212021 72248 2.0 149 73 3 35 48% 18844 212763 15578 14%
c u 2569.71 164 143 107 874 90386 1 17226395 82684 2.0 154 76 3 35 47% 18850 212763 15578 14%
c v 2569.95 165 143 107 874 90386 1 17226395 79945 2.0 154 76 3 35 47% 18850 212763 15578 14%
c w 2575.22 191 143 107 874 90386 1 17226395 79526 2.0 154 76 3 35 47% 18850 212763 15578 14%
c t 2575.24 191 143 107 874 90386 1 17226395 79526 2.0 154 76 3 35 47% 18843 212763 15578 14%
c f 2575.26 191 143 107 874 90386 1 17226395 79526 2.0 154 76 3 35 47% 18848 212690 15581 14%
c u 2575.93 191 143 107 874 90386 1 17226395 79132 2.0 154 76 3 35 47% 18849 212690 15581 14%
c v 2576.08 191 143 107 874 90386 1 17226395 77714 2.0 154 76 3 35 47% 18849 212690 15581 14%
c w 2581.37 191 143 107 874 90386 1 17226395 75651 2.0 154 76 3 35 47% 18849 212690 15581 14%
c ] 2581.86 158 143 108 874 90386 1 17229012 78119 2.0 153 76 3 35 47% 18849 212690 15581 14%
c
c  seconds      switched       rate            size/glue  tier1     binary           remaining
c           MB     reductions     conflicts          size   tier2       irredundant
c             level      restarts         redundant     glue    trail           variables
c
c { 2581.86 158 183 108 874 90386 4 17229012 78119 2.7 78 29 3 17 51% 18849 212690 15581 14%
c - 2583.41 159 184 108 875 90493 4 17241584 69727 2.6 78 29 3 17 51% 18849 212690 15581 14%
c - 2586.51 159 185 108 876 90713 4 17271166 86083 2.6 74 29 3 17 50% 18850 212690 15581 14%
c - 2590.22 163 189 108 877 90972 4 17300763 98576 2.6 73 28 3 17 51% 18852 212690 15581 14%
c - 2594.27 185 192 108 878 91245 4 17330379 102990 2.5 73 29 3 17 52% 18854 212690 15581 14%
c - 2598.64 185 193 108 879 91543 4 17360013 105273 2.5 73 29 3 17 52% 18856 212690 15581 14%
c - 2602.84 144 196 108 880 91825 5 17389660 107276 2.5 73 29 3 17 52% 18858 212690 15581 14%
c - 2607.48 145 195 108 881 92142 5 17419324 109031 2.5 73 30 3 17 51% 18859 212690 15581 14%
c o 2611.03 143 194 108 881 92387 5 17443971 133309 2.5 73 30 3 17 51% 18860 212690 15581 14%
c - 2611.68 145 196 108 882 92416 5 17449008 110676 2.5 74 30 3 17 51% 18860 212690 15581 14%
c - 2615.64 117 196 108 883 92659 4 17478707 113278 2.5 73 29 3 17 51% 18862 212690 15581 14%
c - 2619.96 117 195 108 884 92945 4 17508424 114464 2.5 74 30 3 17 51% 18862 212690 15581 14%
c - 2623.91 117 196 108 885 93209 4 17538156 115372 2.5 72 29 3 17 51% 18863 212690 15581 14%
c - 2628.72 118 195 108 886 93541 5 17567905 116066 2.5 74 30 3 17 52% 18864 212690 15581 14%
c - 2633.13 117 194 108 887 93838 5 17597670 116495 2.5 75 30 3 17 52% 18866 212690 15581 14%
c - 2637.37 110 194 108 888 94120 5 17627452 117606 2.5 76 30 3 17 51% 18866 212690 15581 14%
c - 2642.15 115 192 108 889 94460 5 17657252 118092 2.5 77 31 3 17 51% 18867 212690 15581 14%
c u 2644.57 116 192 108 889 94551 5 17667841 115729 2.5 76 31 3 17 51% 18881 212690 15581 14%
c v 2646.05 117 192 108 889 94551 5 17667841 99952 2.5 76 31 3 17 51% 18881 212690 15581 14%
c w 2647.74 120 192 108 889 94551 5 17667841 99709 2.5 76 31 3 17 51% 18881 212690 15581 14%
c
c  seconds      switched       rate            size/glue  tier1     binary           remaining
c           MB     reductions     conflicts          size   tier2       irredundant
c             level      restarts         redundant     glue    trail           variables
c
c t 2647.76 120 192 108 889 94551 5 17667841 99709 2.5 76 31 3 17 51% 18876 212690 15581 14%
c - 2650.25 116 193 108 890 94707 4 17687071 95342 2.5 75 30 3 17 51% 18876 212690 15581 14%
c - 2654.06 113 195 108 891 94953 4 17716903 101847 2.5 76 30 3 17 52% 18876 212690 15581 14%
c - 2658.32 113 195 108 892 95249 4 17746752 105513 2.5 76 31 3 17 52% 18876 212690 15581 14%
c - 2662.60 115 196 108 893 95525 4 17776619 107390 2.5 76 30 3 17 52% 18877 212690 15581 14%
c } 2665.17 108 195 109 893 95693 4 17795053 125611 2.5 76 31 3 17 52% 18878 212690 15581 14%
c [ 2665.17 108 143 109 893 95693 1 17795053 125611 2.0 153 76 3 35 47% 18878 212690 15581 14%
c W 2665.41 123 143 109 893 95693 1 17795053 125611 2.0 153 76 3 35 47% 18878 212690 15581 14%
c - 2667.15 128 139 109 894 95699 1 17806502 106962 2.1 151 73 3 35 48% 18878 212690 15581 14%
c - 2671.71 135 139 109 895 95714 1 17836402 97224 2.1 153 71 3 35 52% 18878 212690 15581 14%
c - 2676.75 138 131 109 896 95723 1 17866322 84756 2.2 153 69 3 35 54% 18878 212690 15581 14%
c - 2681.75 171 123 109 897 95736 1 17896255 80039 2.3 156 68 3 35 56% 18878 212690 15581 14%
c - 2687.42 191 108 109 898 95748 1 17926204 78224 2.4 154 63 3 35 55% 18878 212690 15581 14%
c - 2693.23 170 96 109 899 95754 1 17956170 76637 2.6 154 59 3 35 54% 18878 212690 15581 14%
c - 2699.46 170 87 109 900 95755 1 17986153 77045 2.7 154 57 3 35 53% 18878 212690 15581 14%
c - 2704.11 123 87 109 901 95769 1 18016155 82298 2.7 147 55 3 35 51% 18878 212690 15581 14%
c - 2708.80 130 85 109 902 95784 1 18046171 84192 2.6 141 54 3 35 49% 18878 212690 15581 14%
c o 2713.72 133 86 109 902 95789 1 18076022 112802 2.6 138 54 3 35 49% 18878 212690 15581 14%
c - 2713.75 133 87 109 903 95789 1 18076205 83143 2.6 138 54 3 35 49% 18878 212690 15581 14%
c - 2719.13 139 99 109 904 95801 1 18106255 83957 2.5 139 57 3 35 50% 18878 212690 15581 14%
c
c  seconds     switched       rate            size/glue   tier1     binary           remaining
c           MB    reductions     conflicts          size    tier2       irredundant
c            level      restarts         redundant      glue    trail           variables
c
c u 2721.64 141 99 109 904 95808 1 18115382 85156 2.5 140 57 3 35 51% 18887 212690 15581 14%
c v 2722.01 141 99 109 904 95808 1 18115382 80086 2.5 140 57 3 35 51% 18887 212690 15581 14%
c w 2726.06 167 99 109 904 95808 1 18115382 77936 2.5 140 57 3 35 51% 18887 212690 15581 14%
c t 2726.08 167 99 109 904 95808 1 18115382 77936 2.5 140 57 3 35 51% 18883 212690 15581 14%
c - 2729.94 168 97 109 905 95816 1 18136321 70334 2.5 146 58 3 35 52% 18883 212690 15581 14%
c - 2735.77 203 104 109 906 95818 1 18166405 70760 2.6 158 61 3 35 54% 18883 212690 15581 14%
c - 2742.17 196 108 109 907 95819 1 18196504 70382 2.6 168 64 3 35 55% 18883 212690 15581 14%
c O 2747.09 205 110 109 907 95819 1 18219579 92932 2.7 172 64 3 35 56% 18883 212690 15581 14%
c - 2748.31 166 105 109 908 95819 1 18226621 74063 2.8 172 62 3 35 56% 18883 212690 15581 14%
c s 2749.98 170 101 109 908 95819 1 18235367 82694 3.0 177 59 3 35 55% 18885 212674 15581 14%
c e 2749.99 186 101 109 908 95819 1 18235367 82694 3.0 177 59 3 35 55% 18884 212688 15580 14%
c s 2750.00 186 101 109 908 95819 1 18235367 82694 3.0 177 59 3 35 55% 18884 212680 15580 14%
c ] 2750.07 187 101 110 908 95819 1 18235683 82993 3.0 177 60 3 35 55% 18884 212680 15580 14%
c { 2750.07 187 195 110 908 95819 4 18235683 82993 2.5 76 31 3 17 52% 18884 212680 15580 14%
c - 2752.38 212 189 110 909 95926 4 18256754 88306 2.6 75 30 3 17 52% 18884 212680 15580 14%
c - 2755.79 251 182 110 910 96101 4 18286903 100640 2.6 74 28 3 17 51% 18886 212680 15580 14%
c - 2758.83 227 175 110 911 96241 4 18317069 107161 2.7 71 27 3 17 50% 18888 212680 15580 14%
c - 2762.36 253 169 110 912 96445 4 18347253 110821 2.7 70 26 3 17 49% 18889 212680 15580 14%
c - 2766.16 296 163 110 913 96672 4 18377453 113133 2.7 68 25 3 17 49% 18890 212680 15580 14%
c - 2770.51 303 162 110 914 96959 4 18407670 114887 2.7 69 25 3 17 49% 18892 212680 15580 14%
c
c  seconds      switched       rate             size/glue  tier1     binary           remaining
c           MB     reductions     conflicts           size   tier2       irredundant
c             level      restarts         redundant      glue    trail           variables
c
c - 2774.29 346 158 110 915 97188 4 18437903 116662 2.7 67 25 3 17 48% 18894 212680 15580 14%
c - 2778.44 391 156 110 916 97468 4 18468153 118534 2.7 67 25 3 17 48% 18895 212680 15580 14%
c - 2782.27 347 156 110 917 97738 4 18498419 120055 2.7 66 25 3 17 47% 18898 212680 15580 14%
c - 2785.80 392 151 110 918 97954 4 18528702 122405 2.8 67 24 3 17 47% 18900 212680 15580 14%
c - 2790.13 457 152 110 919 98251 4 18559000 123767 2.7 67 25 3 17 47% 18901 212680 15580 14%
c u 2792.44 350 151 110 919 98356 4 18569014 121875 2.7 67 25 3 17 47% 18915 212680 15580 14%
c v 2794.21 363 151 110 919 98356 4 18569014 104802 2.7 67 25 3 17 47% 18916 212680 15580 14%
c w 2795.81 373 151 110 919 98356 4 18569014 104551 2.7 67 25 3 17 47% 18916 212680 15580 14%
c t 2795.83 373 151 110 919 98356 4 18569014 104551 2.7 67 25 3 17 47% 18904 212680 15580 14%
c - 2798.34 368 152 110 920 98537 4 18589315 100855 2.7 66 24 3 17 46% 18905 212680 15580 14%
c - 2802.18 216 155 110 921 98808 4 18619647 107897 2.7 66 25 3 17 47% 18906 212680 15580 14%
c - 2806.14 208 153 110 922 99093 4 18649997 112477 2.7 66 24 3 17 47% 18907 212680 15580 14%
c o 2809.58 217 154 110 922 99348 4 18676098 138132 2.7 65 24 3 17 47% 18909 212679 15580 14%
c - 2810.14 218 154 110 923 99387 4 18680361 114689 2.7 65 24 3 17 46% 18909 212679 15580 14%
c - 2814.22 110 155 110 924 99687 4 18710742 116230 2.6 65 24 3 17 46% 18909 212679 15580 14%
c - 2818.60 114 155 110 925 100003 4 18741139 116944 2.6 65 25 3 17 47% 18909 212679 15580 14%
c - 2823.18 113 155 110 926 100315 4 18771553 117993 2.6 66 25 3 17 47% 18909 212679 15580 14%
c - 2827.44 116 157 110 927 100608 4 18801985 119829 2.7 67 25 3 17 48% 18910 212679 15580 14%
c } 2830.26 113 156 111 927 100813 4 18821023 138659 2.7 68 26 3 17 48% 18910 212679 15580 14%
c [ 2830.26 113 101 111 927 100813 1 18821023 138659 3.0 177 60 3 35 55% 18910 212679 15580 14%
c
c  seconds      switched        rate             size/glue   tier1     binary           remaining
c           MB     reductions      conflicts           size    tier2       irredundant
c             level       restarts         redundant       glue    trail           variables
c
c B 2830.26 113 101 111 927 100813 1 18821023 138659 3.0 177 60 3 35 55% 18910 212679 15580 14%
c - 2832.46 118 103 111 928 100819 1 18832432 116247 2.9 177 60 3 35 56% 18910 212679 15580 14%
c - 2838.95 117 95 111 929 100834 1 18862896 103431 3.0 170 57 3 35 57% 18910 212679 15580 14%
c - 2844.95 99 92 111 930 100843 1 18893376 91716 2.9 166 57 3 35 59% 18910 212679 15580 14%
c - 2850.67 92 91 111 931 100857 1 18923871 89560 2.9 167 57 3 35 60% 18910 212679 15580 14%
c - 2856.37 114 84 111 932 100871 1 18954383 90699 3.0 160 54 3 35 60% 18910 212679 15580 14%
c - 2861.18 117 85 111 933 100874 1 18984911 93220 2.9 153 52 3 35 59% 18910 212679 15580 14%
c - 2865.78 112 83 111 934 100875 1 19015458 95886 2.9 144 50 3 35 59% 18910 212679 15580 14%
c u 2868.76 112 82 111 934 100882 1 19028768 97817 2.9 141 49 3 35 58% 18927 212679 15580 14%
c v 2869.36 114 82 111 934 100882 1 19028768 92928 2.9 141 49 3 35 58% 18928 212679 15580 14%
c w 2873.37 124 82 111 934 100882 1 19028768 91918 2.9 141 49 3 35 58% 18928 212679 15580 14%
c t 2873.39 124 82 111 934 100882 1 19028768 91918 2.9 141 49 3 35 58% 18922 212679 15580 14%
c - 2876.28 95 81 111 935 100890 1 19046020 82158 2.9 142 49 3 35 58% 18922 212679 15580 14%
c - 2881.69 98 83 111 936 100905 1 19076597 80412 2.8 144 51 3 35 57% 18922 212679 15580 14%
c - 2886.70 114 85 111 937 100912 1 19107192 77031 2.5 138 55 3 35 55% 18922 212679 15580 14%
c - 2892.28 109 87 111 938 100925 1 19137804 73654 2.3 134 58 3 35 55% 18922 212679 15580 14%
c - 2896.52 112 87 111 939 100937 1 19168430 79768 2.4 131 55 3 35 55% 18922 212679 15580 14%
c - 2901.05 110 82 111 940 100938 1 19199073 84720 2.5 133 52 3 35 55% 18922 212679 15580 14%
c - 2906.27 116 78 111 941 100939 1 19229733 85224 2.8 137 50 3 35 55% 18922 212679 15580 14%
c ] 2909.96 118 77 112 941 100939 1 19251603 106341 2.8 137 49 3 35 55% 18922 212679 15580 14%
c
c  seconds      switched        rate             size/glue  tier1     binary           remaining
c           MB     reductions      conflicts           size   tier2       irredundant
c             level       restarts         redundant      glue    trail           variables
c
c { 2909.96 118 156 112 941 100939 4 19251603 106341 2.7 68 26 3 17 48% 18922 212679 15580 14%
c - 2911.44 117 159 112 942 101057 4 19260411 89553 2.6 69 26 3 17 48% 18922 212679 15580 14%
c o 2915.04 119 164 112 942 101332 4 19286120 114888 2.6 70 27 3 17 49% 18922 212679 15580 14%
c - 2915.93 118 165 112 943 101394 4 19291103 99020 2.6 70 27 3 17 49% 18922 212679 15580 14%
c - 2920.36 118 169 112 944 101716 4 19321811 107625 2.6 71 28 3 17 49% 18923 212679 15580 14%
c - 2924.80 120 170 112 945 102032 4 19352535 112220 2.6 72 28 3 17 50% 18924 212678 15580 14%
c - 2929.53 119 169 112 946 102372 4 19383275 114758 2.5 75 29 3 17 50% 18924 212678 15580 14%
c - 2933.84 119 169 112 947 102648 4 19414033 117422 2.6 76 29 3 17 50% 18925 212678 15580 14%
c - 2938.17 120 168 112 948 102934 4 19444807 120374 2.6 75 29 3 17 49% 18926 212678 15580 14%
c - 2942.58 118 165 112 949 103218 4 19475596 121930 2.6 76 29 3 17 49% 18926 212678 15580 14%
c u 2946.55 114 164 112 949 103416 4 19494665 130529 2.6 78 30 3 17 49% 18944 212678 15580 14%
c v 2948.41 119 164 112 949 103416 4 19494665 113634 2.6 78 30 3 17 49% 18945 212678 15580 14%
c w 2950.84 125 164 112 949 103416 4 19494665 113507 2.6 78 30 3 17 49% 18945 212678 15580 14%
c t 2950.86 125 164 112 949 103416 4 19494665 113507 2.6 78 30 3 17 49% 18943 212678 15580 14%
c s 2950.90 109 164 112 949 103417 4 19494710 113552 2.6 78 30 3 17 49% 18948 212664 15580 14%
c e 2950.91 111 164 112 949 103417 4 19494710 113552 2.6 78 30 3 17 49% 18937 212720 15577 14%
c s 2950.91 111 164 112 949 103417 4 19494710 113552 2.6 78 30 3 17 49% 18937 212713 15577 14%
c - 2952.69 128 165 112 950 103539 4 19506402 99788 2.6 78 30 3 17 49% 18937 212713 15577 14%
c - 2956.91 158 166 112 951 103813 4 19537224 106038 2.6 80 30 3 17 50% 18938 212713 15577 14%
c - 2960.93 172 165 112 952 104060 4 19568063 111866 2.6 79 30 3 17 49% 18938 212713 15577 14%
c
c  seconds      switched        rate             size/glue  tier1     binary           remaining
c           MB     reductions      conflicts           size   tier2       irredundant
c             level       restarts         redundant      glue    trail           variables
c
c - 2965.19 177 163 112 953 104326 4 19598918 114875 2.7 80 30 3 17 50% 18939 212713 15577 14%
c - 2969.45 178 163 112 954 104592 4 19629790 116626 2.7 80 30 3 17 50% 18940 212713 15577 14%
c - 2973.55 178 166 112 955 104873 4 19660677 117891 2.6 79 30 3 17 50% 18940 212713 15577 14%
c - 2977.82 177 164 112 956 105155 4 19691580 118631 2.6 79 30 3 17 49% 18941 212713 15577 14%
c - 2982.51 144 162 112 957 105456 4 19722500 119181 2.6 81 31 3 17 50% 18941 212713 15577 14%
c - 2986.55 144 160 112 958 105692 4 19753435 119965 2.6 81 31 3 17 50% 18941 212713 15577 14%
c - 2990.83 136 160 112 959 105942 4 19784386 121455 2.7 82 30 3 17 50% 18942 212713 15577 14%
c - 2995.05 136 162 112 960 106227 4 19815354 122294 2.7 81 31 3 17 50% 18942 212713 15577 14%
c - 2999.59 137 161 112 961 106546 4 19846338 122214 2.6 82 31 3 17 50% 18943 212713 15577 14%
c } 3000.79 143 159 113 961 106609 4 19856520 132233 2.7 82 31 3 17 50% 18944 212713 15577 14%
c [ 3000.79 143 77 113 961 106609 1 19856520 132233 2.8 137 49 3 35 55% 18944 212713 15577 14%
c W 3000.91 158 77 113 961 106609 1 19856520 132233 2.8 137 49 3 35 55% 18944 212713 15577 14%
c - 3003.35 164 83 113 962 106622 1 19877338 118000 2.8 136 49 3 35 54% 18944 212713 15577 14%
c - 3008.33 170 92 113 963 106636 1 19908355 107858 2.7 133 50 3 35 54% 18944 212713 15577 14%
c o 3010.38 171 89 113 963 106639 1 19922148 121007 2.7 135 49 3 35 53% 18944 212713 15577 14%
c - 3012.42 145 122 113 964 106640 1 19939390 97082 2.3 143 62 3 35 53% 18944 212713 15577 14%
c u 3018.54 116 119 113 964 106654 1 19966684 110342 2.3 143 61 3 35 53% 18962 212713 15577 14%
c v 3019.18 119 119 113 964 106654 1 19966684 102771 2.3 143 61 3 35 53% 18962 212713 15577 14%
c w 3022.70 136 119 113 964 106654 1 19966684 101636 2.3 143 61 3 35 53% 18962 212713 15577 14%
c t 3022.72 136 119 113 964 106654 1 19966684 101636 2.3 143 61 3 35 53% 18954 212713 15577 14%
c
c  seconds      switched        rate             size/glue   tier1     binary           remaining
c           MB     reductions      conflicts           size    tier2       irredundant
c             level       restarts         redundant       glue    trail           variables
c
c f 3022.74 107 119 113 964 106654 1 19966684 101636 2.3 143 61 3 35 53% 18955 212691 15578 14%
c u 3023.50 119 119 113 964 106654 1 19966684 100568 2.3 143 61 3 35 53% 18958 212691 15578 14%
c v 3023.89 120 119 113 964 106654 1 19966684 98145 2.3 143 61 3 35 53% 18958 212691 15578 14%
c w 3028.42 133 119 113 964 106654 1 19966684 97442 2.3 143 61 3 35 53% 18958 212691 15578 14%
c t 3028.45 133 119 113 964 106654 1 19966684 97442 2.3 143 61 3 35 53% 18957 212691 15578 14%
c - 3029.25 100 118 113 965 106654 1 19970440 73243 2.3 142 61 3 35 53% 18957 212691 15578 14%
c - 3034.53 119 119 113 966 106669 1 20001504 78217 2.4 142 59 3 35 53% 18957 212691 15578 14%
c - 3039.43 108 126 113 967 106671 1 20032586 80955 2.4 147 62 3 35 54% 18957 212691 15578 14%
c - 3045.24 120 127 113 968 106678 1 20063682 78202 2.1 144 68 3 35 54% 18957 212691 15578 14%
c - 3051.07 124 116 113 969 106693 1 20094795 78965 2.2 144 64 3 35 54% 18957 212691 15578 14%
c - 3057.85 104 109 113 970 106702 1 20125924 78402 2.3 146 63 3 35 55% 18957 212691 15578 14%
c - 3064.31 108 104 113 971 106716 1 20157068 76932 2.4 150 63 3 35 56% 18957 212691 15578 14%
c - 3069.54 120 105 113 972 106730 1 20188229 79482 2.4 150 62 3 35 55% 18957 212691 15578 14%
c - 3075.53 107 99 113 973 106734 1 20219406 80091 2.5 151 60 3 35 57% 18957 212691 15578 14%
c - 3082.35 102 94 113 974 106735 1 20250600 78723 2.6 155 59 3 35 58% 18957 212691 15578 14%
c - 3088.76 105 92 113 975 106735 1 20281810 78656 2.6 155 59 3 35 59% 18957 212691 15578 14%
c ] 3093.75 118 89 114 975 106735 1 20305558 100620 2.6 154 59 3 35 60% 18957 212691 15578 14%
c { 3093.75 118 159 114 975 106735 4 20305558 100620 2.7 82 31 3 17 50% 18957 212691 15578 14%
c - 3094.83 116 151 114 976 106738 4 20313034 82069 2.8 85 30 3 17 50% 18957 212691 15578 14%
c - 3096.11 122 138 114 977 106746 3 20344274 102126 2.8 74 26 3 17 44% 18960 212691 15578 14%
c
c  seconds      switched        rate             size/glue  tier1     binary           remaining
c           MB     reductions      conflicts           size   tier2       irredundant
c             level       restarts         redundant      glue    trail           variables
c
c - 3097.18 125 125 114 978 106752 3 20375530 118002 2.8 62 22 3 17 38% 18961 212691 15578 14%
c - 3098.07 116 100 114 979 106752 2 20406802 126094 2.8 54 19 3 17 33% 18961 212691 15578 14%
c - 3099.31 120 80 114 980 106752 2 20438091 128848 2.7 49 18 3 17 29% 18961 212691 15578 14%
c u 3100.59 120 77 114 980 106752 2 20444848 128388 2.7 48 18 3 17 28% 18972 212691 15578 14%
c v 3102.31 136 77 114 980 106752 2 20444848 128270 2.7 48 18 3 17 28% 18972 212691 15578 14%
c w 3102.81 136 77 114 980 106752 2 20444848 128209 2.7 48 18 3 17 28% 18972 212691 15578 14%
c x 3103.87 127 77 114 980 106752 2 20444848 128188 2.7 48 18 3 17 28% 19039 212396 15578 14%
c t 3103.89 127 77 114 980 106752 2 20444848 128188 2.7 48 18 3 17 28% 19024 212396 15578 14%
c - 3104.68 140 85 114 981 106753 2 20469395 126759 2.7 43 16 3 17 27% 19028 212396 15578 14%
c - 3106.03 140 78 114 982 106810 2 20500716 128586 2.8 42 15 3 17 27% 19033 212396 15578 14%
c - 3107.11 143 75 114 983 106839 2 20532052 128222 3.0 41 14 3 17 27% 19034 212396 15578 14%
c o 3108.00 140 76 114 983 106856 2 20554389 150012 3.1 40 13 3 17 27% 19037 212396 15578 14%
c - 3108.44 142 76 114 984 106883 2 20563405 129358 3.1 38 12 3 17 27% 19041 212396 15578 14%
c - 3110.31 138 74 114 985 107053 2 20594774 131138 3.2 39 12 3 17 28% 19044 212396 15578 14%
c i 3111.65 139 73 114 985 107161 2 20621598 157617 3.3 39 12 3 17 28% 19057 212395 15577 14%
c - 3111.98 141 72 114 986 107197 2 20626158 133991 3.3 39 12 3 17 28% 19050 212395 15577 14%
c - 3113.77 143 67 114 987 107358 2 20657559 135635 3.3 37 11 3 17 28% 19055 212395 15577 14%
c - 3114.45 139 63 114 988 107376 2 20688975 134331 3.1 31 10 3 17 23% 19055 212395 15577 14%
c - 3116.50 143 64 114 989 107638 2 20720408 136364 3.2 34 10 3 17 25% 19073 212395 15577 14%
c i 3116.89 139 64 114 989 107684 2 20728661 144516 3.3 34 10 3 17 25% 19083 212394 15576 14%
c
c  seconds     switched        rate             size/glue  tier1     binary           remaining
c           MB    reductions      conflicts           size   tier2       irredundant
c            level       restarts         redundant      glue    trail           variables
c
c i 3117.73 142 66 114 989 107828 2 20739876 155649 3.2 35 11 3 17 26% 19090 212394 15575 14%
c - 3118.27 143 63 114 990 107881 2 20751856 140928 3.2 34 11 3 17 25% 19075 212394 15575 14%
c i 3119.12 142 57 114 990 107973 2 20773096 160895 3.1 32 10 3 17 23% 19081 212394 15574 14%
c i 3119.59 144 57 114 990 108025 2 20777254 165011 3.1 33 11 3 17 24% 19086 212392 15573 14%
c - 3120.13 142 58 114 991 108088 2 20783321 141975 3.1 33 11 3 17 24% 19073 212392 15573 14%
c s 3121.40 142 58 114 991 108215 2 20804048 162352 3.1 33 11 3 17 25% 19079 212273 15573 14%
c e 3121.45 124 58 114 991 108215 2 20804048 162352 3.1 33 11 3 17 25% 18996 212677 15549 14%
c s 3121.45 124 58 114 991 108215 2 20804048 162352 3.1 33 11 3 17 25% 18998 212559 15549 14%
c - 3122.32 154 58 114 992 108327 2 20814803 142947 3.2 34 11 3 17 26% 19001 212559 15549 14%
c - 3123.11 151 58 114 993 108343 2 20846299 144466 3.1 31 10 3 17 23% 19004 212558 15549 14%
c - 3125.08 155 60 114 994 108573 2 20877810 146353 3.1 31 10 3 17 24% 19010 212557 15549 14%
c i 3126.79 155 62 114 994 108832 2 20900226 168468 3.2 33 11 3 17 26% 19017 212557 15548 14%
c - 3127.37 150 61 114 995 108889 2 20909337 152675 3.1 33 10 3 17 26% 19011 212557 15548 14%
c u 3129.82 152 63 114 995 109108 2 20929155 165184 3.2 34 11 3 17 27% 19034 212539 15548 14%
c v 3130.54 156 63 114 995 109108 2 20929155 164520 3.2 34 11 3 17 27% 19034 212539 15548 14%
c w 3130.88 161 63 114 995 109108 2 20929155 164468 3.2 34 11 3 17 27% 19034 212539 15548 14%
c t 3130.91 161 63 114 995 109108 2 20929155 164468 3.2 34 11 3 17 27% 19002 212539 15548 14%
c f 3130.94 136 63 114 995 109108 2 20929155 164468 3.2 34 11 3 17 27% 19007 212439 15553 14%
c u 3131.64 153 63 114 995 109108 2 20929155 160869 3.2 34 11 3 17 27% 19008 212439 15553 14%
c v 3132.35 157 63 114 995 109108 2 20929155 159342 3.2 34 11 3 17 27% 19008 212439 15553 14%
c
c  seconds     switched        rate             size/glue  tier1     binary           remaining
c           MB    reductions      conflicts           size   tier2       irredundant
c            level       restarts         redundant      glue    trail           variables
c
c w 3132.69 161 63 114 995 109108 2 20929155 159270 3.2 34 11 3 17 27% 19008 212439 15553 14%
c } 3132.82 149 63 115 995 109116 2 20930335 160445 3.2 35 11 3 17 27% 19008 212439 15553 14%
c [ 3132.82 149 89 115 995 109116 1 20930335 160445 2.6 154 59 3 35 60% 19008 212439 15553 14%
c I 3132.82 149 89 115 995 109116 1 20930335 160445 2.6 154 59 3 35 60% 19008 212439 15553 14%
c - 3134.47 164 95 115 996 109122 1 20940880 135903 2.6 152 59 3 35 59% 19008 212439 15553 14%
c - 3140.29 176 89 115 997 109137 1 20972439 119548 2.8 156 56 3 35 60% 19008 212439 15553 14%
c - 3145.96 193 97 115 998 109146 1 21004014 102440 2.6 160 62 3 35 60% 19008 212439 15553 14%
c - 3152.04 208 98 115 999 109160 1 21035606 97786 2.6 162 63 3 35 60% 19008 212439 15553 14%
c - 3158.53 186 91 115 1000 109175 1 21067212 97869 2.6 159 61 3 35 59% 19008 212439 15553 14%
c - 3164.43 220 86 115 1001 109178 1 21098835 96862 2.8 162 59 3 35 57% 19008 212439 15553 14%
c ] 3168.46 231 84 116 1001 109178 1 21118548 115404 2.9 164 58 3 35 57% 19008 212439 15553 14%
c { 3168.46 231 63 116 1001 109178 2 21118548 115404 3.2 35 11 3 17 27% 19008 212439 15553 14%
c - 3170.39 198 75 116 1002 109390 3 21130474 103096 3.0 38 13 3 17 30% 19010 212439 15553 14%
c - 3175.47 219 102 116 1003 109932 4 21162128 118804 2.7 44 17 3 17 35% 19012 212439 15553 14%
c - 3180.45 190 122 116 1004 110415 4 21193798 131031 2.5 48 19 3 17 38% 19013 212439 15553 14%
c o 3180.56 206 122 116 1004 110424 4 21194488 131710 2.5 48 19 3 17 38% 19013 212439 15553 14%
c - 3185.36 234 135 116 1005 110824 4 21225483 138109 2.5 51 21 3 17 40% 19016 212439 15553 14%
c - 3190.42 279 144 116 1006 111202 5 21257184 143035 2.4 53 22 3 17 42% 19018 212439 15553 14%
c - 3195.51 253 150 116 1007 111598 5 21288906 145659 2.4 57 23 3 17 44% 19020 212439 15553 14%
c - 3199.87 275 151 116 1008 111888 5 21320639 148278 2.5 58 23 3 17 45% 19020 212439 15553 14%
c
c  seconds      switched         rate             size/glue  tier1     binary           remaining
c           MB      reductions      conflicts           size   tier2       irredundant
c             level        restarts         redundant      glue    trail           variables
c
c - 3204.82 207 155 116 1009 112235 5 21352388 150201 2.5 60 24 3 17 46% 19020 212439 15553 14%
c - 3210.23 207 157 116 1010 112599 5 21384152 150856 2.5 63 25 3 17 47% 19022 212439 15553 14%
c - 3215.18 135 159 116 1011 112906 4 21415933 152634 2.5 64 25 3 17 47% 19022 212439 15553 14%
c u 3217.46 131 159 116 1011 112933 4 21419635 129378 2.6 64 25 3 17 47% 19064 212439 15552 14%
c v 3219.31 133 159 116 1011 112933 4 21419635 111750 2.6 64 25 3 17 47% 19063 212439 15552 14%
c w 3221.04 136 159 116 1011 112933 4 21419635 111460 2.6 64 25 3 17 47% 19063 212439 15552 14%
c t 3221.07 136 159 116 1011 112933 4 21419635 111459 2.6 64 25 3 17 47% 19044 212427 15552 14%
c u 3222.15 126 159 116 1011 112933 4 21419635 108144 2.6 64 25 3 17 47% 19056 212427 15552 14%
c v 3223.32 130 159 116 1011 112933 4 21419635 101617 2.6 64 25 3 17 47% 19056 212427 15552 14%
c w 3226.40 132 159 116 1011 112933 4 21419635 100037 2.6 64 25 3 17 47% 19057 212427 15552 14%
c t 3226.43 132 159 116 1011 112933 4 21419635 100037 2.6 64 25 3 17 47% 19048 212427 15552 14%
c i 3226.44 132 159 116 1011 112933 4 21419635 100037 2.6 64 25 3 17 47% 19048 212427 15552 14%
c - 3230.38 134 163 116 1012 113211 4 21447729 107248 2.5 64 25 3 17 48% 19046 212427 15552 14%
c - 3234.43 135 164 116 1013 113483 4 21479543 117422 2.5 64 25 3 17 48% 19047 212427 15552 14%
c - 3238.79 132 165 116 1014 113784 4 21511371 122690 2.5 64 25 3 17 48% 19048 212427 15552 14%
c - 3243.20 132 165 116 1015 114070 4 21543215 124903 2.5 64 26 3 17 48% 19050 212427 15552 14%
c - 3247.78 132 165 116 1016 114380 4 21575074 126536 2.5 65 26 3 17 49% 19051 212427 15552 14%
c - 3252.19 131 163 116 1017 114684 4 21606950 128139 2.5 66 26 3 17 48% 19053 212427 15552 14%
c - 3256.02 135 162 116 1018 114933 4 21638841 129983 2.5 63 25 3 17 47% 19053 212427 15552 14%
c - 3260.68 135 163 116 1019 115244 4 21670748 131183 2.5 65 26 3 17 48% 19054 212427 15552 14%
c
c  seconds      switched         rate             size/glue  tier1     binary           remaining
c           MB      reductions      conflicts           size   tier2       irredundant
c             level        restarts         redundant      glue    trail           variables
c
c - 3264.37 134 161 116 1020 115467 4 21702669 132498 2.5 64 25 3 17 47% 19056 212427 15552 14%
c - 3269.08 136 163 116 1021 115788 4 21734606 132991 2.6 65 26 3 17 47% 19059 212427 15552 14%
c } 3272.96 135 161 117 1021 116042 4 21763462 161315 2.5 65 26 3 17 47% 19060 212427 15552 14%
c [ 3272.96 135 84 117 1021 116042 1 21763462 161315 2.9 164 58 3 35 57% 19060 212427 15552 14%
c B 3272.96 135 84 117 1021 116042 1 21763462 161315 2.9 164 58 3 35 57% 19060 212427 15552 14%
c - 3273.52 135 88 117 1022 116044 1 21766560 132033 2.8 164 58 3 35 57% 19060 212427 15552 14%
c - 3280.56 136 96 117 1023 116059 1 21798528 116684 2.5 159 63 3 35 58% 19060 212427 15552 14%
c - 3286.47 118 99 117 1024 116072 1 21830512 98564 2.6 161 62 3 35 58% 19060 212427 15552 14%
c - 3292.73 112 95 117 1025 116083 1 21862514 95715 2.7 164 60 3 35 58% 19060 212427 15552 14%
c - 3298.98 115 89 117 1026 116097 1 21894529 94300 2.8 160 57 3 35 59% 19060 212427 15552 14%
c u 3304.37 127 83 117 1026 116103 1 21916312 100626 2.9 160 54 3 35 59% 19076 212427 15552 14%
c v 3304.76 128 83 117 1026 116103 1 21916312 97528 2.9 160 54 3 35 59% 19076 212427 15552 14%
c w 3309.70 141 83 117 1026 116103 1 21916312 95988 2.9 160 54 3 35 59% 19076 212427 15552 14%
c t 3309.73 141 83 117 1026 116103 1 21916312 95988 2.9 160 54 3 35 59% 19064 212427 15552 14%
c o 3309.74 141 83 117 1026 116103 1 21916312 95988 2.9 160 54 3 35 59% 19064 212427 15552 14%
c - 3311.00 108 102 117 1027 116103 1 21926562 78545 2.7 162 61 3 35 59% 19064 212427 15552 14%
c - 3316.70 112 127 117 1028 116104 1 21958609 77184 2.4 174 73 3 35 59% 19065 212427 15552 14%
c - 3322.28 115 123 117 1029 116119 1 21990674 74517 2.5 176 71 3 35 60% 19065 212427 15552 14%
c - 3328.01 126 109 117 1030 116134 1 22022753 80305 2.6 167 64 3 35 59% 19065 212427 15552 14%
c - 3334.80 131 95 117 1031 116143 1 22054847 83933 2.7 159 58 3 35 59% 19065 212427 15552 14%
c
c  seconds     switched         rate            size/glue   tier1     binary           remaining
c           MB     reductions      conflicts          size    tier2       irredundant
c            level        restarts         redundant      glue    trail           variables
c
c - 3340.85 131 86 117 1032 116157 1 22086958 82372 2.9 158 55 3 35 58% 19065 212427 15552 14%
c - 3347.26 114 85 117 1033 116166 1 22119082 81077 2.9 162 56 3 35 58% 19065 212427 15552 14%
c - 3353.94 107 84 117 1034 116167 1 22151226 79357 3.0 168 56 3 35 58% 19065 212427 15552 14%
c s 3356.39 115 85 117 1034 116168 1 22163892 91623 3.0 166 56 3 35 58% 19073 212384 15552 14%
c e 3356.41 107 85 117 1034 116168 1 22163892 91623 3.0 166 56 3 35 58% 19043 212483 15544 14%
c s 3356.41 107 85 117 1034 116168 1 22163892 91623 3.0 166 56 3 35 58% 19043 212447 15544 14%
c - 3360.71 118 88 117 1035 116168 1 22183382 79581 2.9 169 58 3 35 58% 19043 212447 15544 14%
c - 3368.08 141 92 117 1036 116168 1 22215553 78018 2.8 173 61 3 35 58% 19043 212447 15544 14%
c ] 3373.41 153 96 118 1036 116180 1 22241072 102102 2.7 174 64 3 35 57% 19043 212447 15544 14%
c { 3373.41 153 161 118 1036 116180 4 22241072 102102 2.5 65 26 3 17 47% 19043 212447 15544 14%
c - 3374.01 172 159 118 1037 116187 4 22247739 81178 2.6 64 25 3 17 46% 19044 212447 15544 14%
c - 3375.57 176 144 118 1038 116198 3 22279941 102272 2.5 54 22 3 17 39% 19046 212447 15544 14%
c - 3376.32 178 121 118 1039 116198 3 22312161 117603 2.3 44 19 3 17 31% 19046 212447 15544 14%
c - 3377.27 178 101 118 1040 116198 2 22344396 122637 2.2 37 17 3 17 24% 19046 212447 15544 14%
c - 3378.93 216 99 118 1041 116263 2 22376645 128215 2.2 33 15 3 16 23% 19052 212447 15544 14%
c - 3380.76 241 98 118 1042 116382 3 22408910 132179 2.2 31 14 3 16 23% 19055 212447 15544 14%
c u 3382.63 255 101 118 1042 116429 3 22419186 130581 2.2 31 14 3 16 24% 19072 212447 15544 14%
c v 3384.90 259 101 118 1042 116429 3 22419186 122719 2.2 31 14 3 16 24% 19072 212447 15544 14%
c w 3385.63 260 101 118 1042 116429 3 22419186 121708 2.2 31 14 3 16 24% 19072 212447 15544 14%
c = 3393.13 261 101 118 1042 116429 3 22419186 121708 2.2 31 14 3 16 24% 19072 212438 15543 14%
c
c  seconds      switched         rate             size/glue  tier1     binary           remaining
c           MB      reductions      conflicts           size   tier2       irredundant
c             level        restarts         redundant      glue    trail           variables
c
c t 3393.15 261 101 118 1042 116429 3 22419186 121706 2.2 31 14 3 16 24% 19056 212437 15543 14%
c u 3394.00 261 101 118 1042 116429 3 22419186 119752 2.2 31 14 3 16 24% 19058 212437 15543 14%
c v 3396.53 261 101 118 1042 116429 3 22419186 105782 2.2 31 14 3 16 24% 19058 212437 15543 14%
c w 3397.18 261 101 118 1042 116429 3 22419186 105384 2.2 31 14 3 16 24% 19058 212437 15543 14%
c - 3398.42 193 103 118 1043 116503 3 22441190 105576 2.2 29 13 3 16 23% 19051 212437 15543 14%
c - 3400.60 198 112 118 1044 116705 3 22473485 118257 2.1 28 13 3 16 25% 19053 212437 15543 14%
c - 3402.65 199 112 118 1045 116879 3 22505795 125898 2.1 26 12 3 16 24% 19056 212437 15543 14%
c - 3405.25 223 117 118 1046 117153 4 22538121 130736 2.1 26 12 3 16 26% 19061 212437 15543 14%
c - 3407.46 162 116 118 1047 117371 4 22570462 135004 2.1 25 12 3 16 25% 19065 212437 15543 14%
c o 3407.75 166 115 118 1047 117405 4 22576354 140552 2.1 25 12 3 16 25% 19065 212437 15543 14%
c - 3409.38 169 113 118 1048 117578 4 22602819 137942 2.1 24 11 3 16 24% 19069 212437 15543 14%
c - 3411.67 178 113 118 1049 117853 4 22635191 141135 2.0 23 11 3 16 24% 19071 212437 15543 14%
c - 3414.16 186 115 118 1050 118163 4 22667579 144356 2.0 23 11 3 16 25% 19071 212437 15543 14%
c - 3416.94 195 117 118 1051 118485 4 22699984 147482 2.0 23 11 3 16 25% 19072 212437 15543 14%
c - 3419.67 141 118 118 1052 118795 5 22732403 149647 2.0 23 11 3 16 25% 19076 212437 15543 14%
c - 3422.43 149 121 118 1053 119107 5 22764838 151059 2.0 23 11 3 16 25% 19080 212437 15543 14%
c i 3422.77 152 117 118 1053 119142 5 22771753 157384 2.0 22 11 3 16 25% 19082 212437 15542 14%
c i 3424.61 157 119 118 1053 119356 5 22792479 177424 2.0 23 11 3 16 25% 19089 212437 15541 14%
c - 3425.01 157 119 118 1054 119393 5 22797287 153484 2.0 23 11 3 16 25% 19070 212437 15541 14%
c - 3427.65 166 120 118 1055 119661 5 22829752 156497 2.0 23 11 3 16 26% 19075 212437 15541 14%
c
c  seconds      switched         rate             size/glue  tier1     binary           remaining
c           MB      reductions      conflicts           size   tier2       irredundant
c             level        restarts         redundant      glue    trail           variables
c
c - 3430.27 174 121 118 1056 119952 5 22862233 159622 2.0 23 11 3 16 25% 19078 212437 15541 14%
c - 3432.79 182 121 118 1057 120224 5 22894731 162133 2.0 22 11 3 16 25% 19081 212437 15541 14%
c } 3433.77 188 120 119 1057 120336 5 22906400 173378 2.0 22 11 3 16 25% 19082 212437 15541 14%
c [ 3433.77 188 96 119 1057 120336 1 22906400 173378 2.7 174 64 3 35 57% 19082 212437 15541 14%
c W 3433.93 203 96 119 1057 120336 1 22906400 173378 2.7 174 64 3 35 57% 19082 212423 15541 14%
c - 3437.86 215 92 119 1058 120349 1 22927244 153781 2.8 172 62 3 35 58% 19082 212423 15541 14%
c u 3439.11 233 92 119 1058 120349 1 22928255 140919 2.8 172 62 3 35 58% 19090 212422 15541 14%
c v 3440.28 236 92 119 1058 120349 1 22928255 136807 2.8 172 62 3 35 58% 19090 212422 15541 14%
c w 3440.86 237 92 119 1058 120349 1 22928255 136720 2.8 172 62 3 35 58% 19090 212422 15541 14%
c t 3440.88 173 92 119 1058 120349 1 22928255 136720 2.8 172 62 3 35 58% 19078 212422 15541 14%
c f 3440.89 173 92 119 1058 120349 1 22928255 136720 2.8 172 62 3 35 58% 19079 212404 15542 14%
c u 3441.93 176 92 119 1058 120349 1 22928255 128354 2.8 172 62 3 35 58% 19088 212404 15542 14%
c v 3443.01 177 92 119 1058 120349 1 22928255 118794 2.8 172 62 3 35 58% 19090 212404 15542 14%
c w 3443.48 177 92 119 1058 120349 1 22928255 118616 2.8 172 62 3 35 58% 19090 212404 15542 14%
c t 3443.50 177 92 119 1058 120349 1 22928255 118616 2.8 172 62 3 35 58% 19087 212404 15542 14%
c - 3449.55 184 87 119 1059 120364 1 22959770 108134 2.8 165 58 3 35 58% 19087 212404 15542 14%
c - 3455.72 154 86 119 1060 120369 1 22992313 102698 2.8 165 58 3 35 58% 19087 212404 15542 14%
c - 3462.08 171 86 119 1061 120384 1 23024872 99460 2.7 162 59 3 35 58% 19087 212404 15542 14%
c - 3467.26 168 84 119 1062 120397 1 23057444 99453 2.7 158 58 3 35 60% 19087 212404 15542 14%
c - 3472.71 187 83 119 1063 120398 1 23090036 99563 2.7 155 57 3 35 60% 19087 212404 15542 14%
c
c  seconds     switched         rate             size/glue   tier1     binary           remaining
c           MB     reductions      conflicts           size    tier2       irredundant
c            level        restarts         redundant       glue    trail           variables
c
c - 3477.94 151 85 119 1064 120411 1 23122639 103830 2.7 152 56 3 35 61% 19087 212404 15542 14%
c - 3482.98 189 86 119 1065 120426 1 23155258 104996 2.7 155 56 3 35 60% 19087 212404 15542 14%
c - 3488.93 171 96 119 1066 120432 1 23187894 103383 2.6 157 60 3 35 59% 19087 212404 15542 14%
c ] 3491.64 192 100 120 1066 120442 1 23204881 119772 2.5 156 62 3 35 59% 19087 212404 15542 14%
c { 3491.64 192 120 120 1066 120442 5 23204881 119772 2.0 22 11 3 16 25% 19087 212404 15542 14%
c - 3494.19 222 128 120 1067 120724 5 23220543 110005 2.1 29 14 3 16 29% 19087 212404 15542 14%
c o 3498.03 244 138 120 1067 121164 5 23246367 135522 2.2 37 17 3 16 33% 19088 212404 15542 14%
c - 3499.21 211 140 120 1068 121282 5 23253208 125602 2.2 39 18 3 16 34% 19088 212404 15542 14%
c - 3504.46 214 149 120 1069 121784 5 23285888 137107 2.3 47 20 3 16 39% 19088 212404 15542 14%
c - 3509.92 156 153 120 1070 122256 5 23318585 143000 2.4 54 23 3 16 42% 19089 212404 15542 14%
c - 3514.87 155 156 120 1071 122675 5 23351297 146716 2.4 59 24 3 16 44% 19089 212404 15542 14%
c - 3520.05 118 158 120 1072 123091 5 23384023 148711 2.5 63 26 3 16 46% 19089 212404 15542 14%
c - 3524.98 115 159 120 1073 123431 5 23416764 150637 2.5 66 26 3 16 47% 19090 212404 15542 14%
c u 3530.85 115 160 120 1073 123748 5 23443544 153915 2.5 68 27 3 16 48% 19120 212404 15540 14%
c v 3533.12 106 160 120 1073 123748 5 23443544 134221 2.5 68 27 3 16 48% 19121 212404 15540 14%
c w 3535.21 122 160 120 1073 123748 5 23443544 134137 2.5 68 27 3 16 48% 19121 212404 15540 14%
c t 3535.24 122 160 120 1073 123748 5 23443544 134128 2.5 68 27 3 16 48% 19120 212385 15540 14%
c u 3536.35 111 160 120 1073 123748 5 23443544 132119 2.5 68 27 3 16 48% 19126 212385 15540 14%
c v 3537.74 114 160 120 1073 123748 5 23443544 124196 2.5 68 27 3 16 48% 19126 212385 15540 14%
c w 3539.40 121 160 120 1073 123748 5 23443544 124078 2.5 68 27 3 16 48% 19126 212385 15540 14%
c
c  seconds      switched         rate             size/glue  tier1     binary           remaining
c           MB      reductions      conflicts           size   tier2       irredundant
c             level        restarts         redundant      glue    trail           variables
c
c x 3540.73 115 160 120 1073 123748 5 23443544 124022 2.5 68 27 3 16 48% 19140 212253 15540 14%
c t 3540.75 115 160 120 1073 123748 5 23443544 124022 2.5 68 27 3 16 48% 19136 212253 15540 14%
c i 3540.78 115 160 120 1073 123748 5 23443544 124022 2.5 68 27 3 16 48% 19136 212253 15540 14%
c - 3541.34 129 161 120 1074 123779 5 23449521 106480 2.5 68 27 3 16 48% 19108 212253 15540 14%
c - 3545.39 141 162 120 1075 124114 5 23482292 114960 2.5 69 27 3 16 48% 19108 212253 15540 14%
c - 3549.98 161 164 120 1076 124439 4 23515079 122602 2.5 70 28 3 16 49% 19108 212253 15540 14%
c - 3554.08 189 163 120 1077 124716 4 23547882 126530 2.6 72 28 3 16 50% 19109 212253 15540 14%
c s 3557.45 195 164 120 1077 124950 4 23574805 153143 2.6 72 28 3 16 50% 19113 212224 15540 14%
c e 3557.49 178 164 120 1077 124950 4 23574805 153143 2.6 72 28 3 16 50% 19093 212351 15532 14%
c s 3557.50 178 164 120 1077 124950 4 23574805 153143 2.6 72 28 3 16 50% 19093 212300 15532 14%
c - 3558.29 195 163 120 1078 124990 4 23580699 129243 2.6 72 28 3 16 50% 19093 212300 15532 14%
c - 3562.89 191 164 120 1079 125311 4 23613531 130502 2.6 73 28 3 16 51% 19095 212300 15532 14%
c - 3567.31 155 163 120 1080 125606 4 23646380 131305 2.6 73 28 3 16 51% 19095 212300 15532 14%
c - 3572.17 157 161 120 1081 125964 4 23679243 131758 2.6 75 29 3 16 51% 19095 212300 15532 14%
c - 3576.45 158 162 120 1082 126230 4 23712121 132689 2.6 74 28 3 16 51% 19096 212300 15532 14%
c - 3581.14 116 161 120 1083 126560 4 23745014 133776 2.6 74 29 3 16 51% 19096 212300 15532 14%
c - 3585.86 119 161 120 1084 126873 4 23777923 134162 2.6 74 29 3 16 51% 19096 212300 15532 14%
c - 3590.26 118 160 120 1085 127167 4 23810847 135244 2.6 74 28 3 16 51% 19096 212300 15532 14%
c - 3595.03 107 160 120 1086 127490 4 23843786 135666 2.6 75 29 3 16 51% 19096 212300 15532 14%
c - 3599.71 114 159 120 1087 127826 4 23876741 134612 2.6 75 29 3 16 50% 19096 212300 15532 14%
c
c  seconds      switched         rate             size/glue  tier1     binary           remaining
c           MB      reductions      conflicts           size   tier2       irredundant
c             level        restarts         redundant      glue    trail           variables
c
c } 3601.71 116 158 121 1087 127971 4 23890901 148597 2.6 76 29 3 16 50% 19096 212300 15532 14%
c [ 3601.71 116 100 121 1087 127971 1 23890901 148597 2.5 156 62 3 35 59% 19096 212300 15532 14%
c O 3601.71 116 100 121 1087 127971 1 23890901 148597 2.5 156 62 3 35 59% 19096 212300 15532 14%
c - 3604.91 123 101 121 1088 127983 1 23909711 127839 2.6 154 60 3 35 58% 19096 212300 15532 14%
c - 3611.34 122 99 121 1089 127998 1 23942695 113068 2.6 153 59 3 35 58% 19096 212300 15532 14%
c o 3613.40 123 95 121 1089 128001 1 23956490 126457 2.7 153 56 3 35 58% 19096 212300 15532 14%
c u 3615.42 119 109 121 1089 128001 1 23965067 120500 2.5 155 61 3 35 57% 19104 212300 15532 14%
c v 3616.24 121 109 121 1089 128001 1 23965067 112530 2.5 155 61 3 35 57% 19104 212300 15532 14%
c w 3619.75 142 109 121 1089 128001 1 23965067 112064 2.5 155 61 3 35 57% 19104 212300 15532 14%
c t 3619.78 142 109 121 1089 128001 1 23965067 112064 2.5 155 61 3 35 57% 19099 212300 15532 14%
c f 3619.80 107 109 121 1089 128001 1 23965067 112064 2.5 155 61 3 35 57% 19101 212279 15533 14%
c u 3620.69 120 109 121 1089 128001 1 23965067 110882 2.5 155 61 3 35 57% 19102 212279 15533 14%
c v 3621.25 121 109 121 1089 128001 1 23965067 107488 2.5 155 61 3 35 57% 19102 212279 15533 14%
c w 3625.71 141 109 121 1089 128001 1 23965067 106520 2.5 155 61 3 35 57% 19102 212279 15533 14%
c t 3625.74 141 109 121 1089 128001 1 23965067 106520 2.5 155 61 3 35 57% 19101 212279 15533 14%
c - 3627.06 103 116 121 1090 128004 1 23975696 81267 2.5 153 62 3 35 56% 19101 212279 15533 14%
c - 3630.58 124 119 121 1091 128019 1 24008711 85246 2.5 150 59 3 35 56% 19101 212279 15533 14%
c - 3634.69 145 111 121 1092 128032 1 24041741 84756 2.6 154 59 3 35 57% 19101 212279 15533 14%
c - 3639.55 180 114 121 1093 128033 1 24074786 79536 2.6 159 61 3 35 58% 19101 212279 15533 14%
c - 3644.01 208 109 121 1094 128046 1 24107847 80300 2.6 157 59 3 35 58% 19101 212279 15533 14%
c
c  seconds      switched         rate            size/glue   tier1     binary           remaining
c           MB      reductions      conflicts          size    tier2       irredundant
c             level        restarts         redundant      glue    trail           variables
c
c - 3648.93 225 106 121 1095 128061 1 24140922 87190 2.6 147 56 3 35 56% 19101 212279 15533 14%
c - 3653.07 247 113 121 1096 128068 1 24174015 89462 2.6 146 56 3 35 56% 19101 212279 15533 14%
c - 3657.92 267 114 121 1097 128083 1 24207122 86098 2.5 148 59 3 35 55% 19101 212279 15533 14%
c - 3662.50 238 110 121 1098 128095 1 24240242 83058 2.5 148 59 3 35 55% 19101 212279 15533 14%
c - 3667.31 271 104 121 1099 128096 1 24273379 84105 2.6 148 58 3 35 55% 19101 212279 15533 14%
c - 3673.10 220 100 121 1100 128097 1 24306530 82530 2.6 149 58 3 35 55% 19101 212279 15533 14%
c - 3678.70 252 97 121 1101 128097 1 24339696 82718 2.6 150 58 3 35 55% 19101 212279 15533 14%
c - 3684.60 184 89 121 1102 128111 1 24372877 83180 2.6 145 56 3 35 55% 19101 212279 15533 14%
c B 3687.95 184 84 121 1102 128119 1 24391396 100119 2.6 142 54 3 35 55% 19101 212279 15533 14%
c - 3689.33 202 95 121 1103 128126 1 24406074 83766 2.6 143 56 3 35 56% 19101 212279 15533 14%
c - 3693.35 223 95 121 1104 128134 1 24439286 85893 2.6 146 56 3 35 57% 19102 212279 15533 14%
c - 3697.72 185 97 121 1105 128149 1 24472512 84310 2.6 148 57 3 35 58% 19102 212279 15533 14%
c u 3701.57 197 91 121 1105 128158 1 24492834 99183 2.8 151 55 3 35 58% 19104 212279 15533 14%
c v 3701.84 197 91 121 1105 128158 1 24492834 95095 2.8 151 55 3 35 58% 19104 212279 15533 14%
c w 3707.47 229 91 121 1105 128158 1 24492834 94306 2.8 151 55 3 35 58% 19104 212279 15533 14%
c t 3707.50 161 91 121 1105 128158 1 24492834 94306 2.8 151 55 3 35 58% 19101 212279 15533 14%
c - 3709.60 169 93 121 1106 128159 1 24505753 75436 2.7 152 56 3 35 58% 19101 212279 15533 14%
c ] 3710.78 169 94 122 1106 128159 1 24513452 82776 2.7 153 57 3 35 58% 19101 212279 15533 14%
c { 3710.78 169 158 122 1106 128159 4 24513452 82776 2.6 76 29 3 16 50% 19101 212279 15533 14%
c - 3713.75 214 160 122 1107 128354 4 24539009 86279 2.7 76 29 3 16 52% 19101 212279 15533 14%
c
c  seconds      switched         rate             size/glue  tier1     binary           remaining
c           MB      reductions      conflicts           size   tier2       irredundant
c             level        restarts         redundant      glue    trail           variables
c
c - 3717.40 215 161 122 1108 128606 4 24572281 103426 2.7 76 28 3 16 53% 19102 212279 15533 14%
c - 3721.45 163 161 122 1109 128903 4 24605568 111271 2.7 76 28 3 16 53% 19104 212279 15533 14%
c - 3725.92 161 160 122 1110 129226 4 24638869 115845 2.7 76 28 3 16 53% 19105 212279 15533 14%
c o 3726.86 165 162 122 1110 129294 4 24647123 123911 2.7 76 28 3 16 53% 19105 212279 15533 14%
c - 3730.22 160 163 122 1111 129500 4 24672187 119783 2.7 76 28 3 16 54% 19105 212279 15533 14%
c - 3734.82 117 162 122 1112 129830 4 24705518 122528 2.7 76 28 3 16 54% 19105 212279 15533 14%
c - 3739.06 117 161 122 1113 130123 4 24738864 124868 2.7 76 28 3 16 54% 19105 212279 15533 14%
c - 3743.59 117 161 122 1114 130412 4 24772225 127689 2.7 76 28 3 16 54% 19106 212279 15533 14%
c - 3748.68 116 159 122 1115 130764 4 24805601 128766 2.7 78 29 3 16 54% 19106 212279 15533 14%
c - 3752.81 117 157 122 1116 131020 4 24838992 130410 2.7 76 28 3 16 53% 19106 212279 15533 14%
c - 3756.12 119 151 122 1117 131187 4 24872398 133811 2.8 74 27 3 16 54% 19106 212279 15533 14%
c - 3760.48 120 150 122 1118 131495 4 24905821 134532 2.7 74 27 3 16 53% 19107 212279 15533 14%
c - 3765.32 120 149 122 1119 131849 4 24939258 132998 2.7 75 28 3 16 53% 19107 212279 15533 14%
c - 3770.36 121 149 122 1120 132212 4 24972710 132309 2.7 77 28 3 16 53% 19108 212279 15533 14%
c - 3774.96 120 148 122 1121 132508 4 25006176 133724 2.7 78 29 3 16 53% 19108 212279 15533 14%
c u 3778.83 114 147 122 1121 132700 4 25026849 137980 2.7 79 29 3 16 53% 19116 212279 15533 14%
c v 3780.61 119 147 122 1121 132700 4 25026849 122413 2.7 79 29 3 16 53% 19116 212279 15533 14%
c w 3782.51 125 147 122 1121 132700 4 25026849 122317 2.7 79 29 3 16 53% 19116 212279 15533 14%
c t 3782.54 125 147 122 1121 132700 4 25026849 122317 2.7 79 29 3 16 53% 19112 212279 15533 14%
c s 3784.04 118 145 122 1121 132787 4 25037316 132510 2.7 79 29 3 16 53% 19114 212274 15533 14%
c
c  seconds      switched         rate             size/glue  tier1     binary           remaining
c           MB      reductions      conflicts           size   tier2       irredundant
c             level        restarts         redundant      glue    trail           variables
c
c - 3784.38 114 145 122 1122 132801 4 25039658 106995 2.7 79 29 3 16 53% 19114 212274 15533 14%
c - 3788.99 118 149 122 1123 133147 4 25073155 112378 2.7 79 29 3 16 53% 19114 212274 15533 14%
c - 3793.34 119 150 122 1124 133470 4 25106666 116955 2.7 78 29 3 16 53% 19114 212274 15533 14%
c - 3797.15 119 151 122 1125 133712 4 25140193 121029 2.7 77 29 3 16 54% 19114 212274 15533 14%
c - 3801.52 120 151 122 1126 134042 4 25173735 123235 2.7 78 29 3 16 53% 19114 212274 15533 14%
c - 3805.65 120 148 122 1127 134306 4 25207290 124176 2.7 78 29 3 16 54% 19114 212274 15533 14%
c } 3807.30 118 149 123 1127 134426 4 25220433 137015 2.7 79 29 3 16 54% 19115 212274 15533 14%
c [ 3807.30 118 94 123 1127 134426 1 25220433 137015 2.7 153 57 3 35 58% 19115 212274 15533 14%
c W 3807.37 133 94 123 1127 134426 1 25220433 137015 2.7 153 57 3 35 58% 19115 212274 15533 14%
c - 3810.97 141 88 123 1128 134438 1 25240860 117810 2.7 149 55 3 35 58% 19115 212274 15533 14%
c - 3816.11 147 81 123 1129 134454 1 25274446 100287 2.8 148 53 3 35 59% 19115 212274 15533 14%
c - 3821.63 151 76 123 1130 134461 1 25308046 86124 2.9 147 52 3 35 58% 19115 212274 15533 14%
c - 3827.88 165 71 123 1131 134477 1 25341661 84963 2.9 145 50 3 35 57% 19115 212274 15533 14%
c - 3834.61 183 67 123 1132 134487 1 25375291 83837 3.0 147 49 3 35 56% 19115 212274 15533 14%
c - 3840.66 196 63 123 1133 134488 1 25408936 85535 3.1 146 47 3 35 55% 19115 212274 15533 14%
c o 3845.10 165 62 123 1133 134498 1 25431695 106456 3.1 145 47 3 35 54% 19115 212274 15533 14%
c - 3846.59 166 70 123 1134 134503 1 25442598 86838 3.0 145 49 3 35 54% 19115 212274 15533 14%
c - 3851.94 171 71 123 1135 134518 1 25476273 88371 2.9 141 49 3 35 55% 19115 212274 15533 14%
c - 3858.10 152 72 123 1136 134526 1 25509964 88618 2.9 140 49 3 35 56% 19115 212274 15533 14%
c - 3864.05 173 72 123 1137 134541 1 25543669 89647 2.9 140 48 3 35 56% 19115 212274 15533 14%
c
c  seconds     switched         rate             size/glue   tier1     binary           remaining
c           MB     reductions      conflicts           size    tier2       irredundant
c            level        restarts         redundant       glue    trail           variables
c
c u 3869.44 177 69 123 1137 134550 1 25567109 102162 2.9 138 47 3 35 56% 19122 212274 15533 14%
c v 3869.79 180 69 123 1137 134550 1 25567109 98707 2.9 138 47 3 35 56% 19122 212274 15533 14%
c w 3876.47 194 69 123 1137 134550 1 25567109 96706 2.9 138 47 3 35 56% 19122 212274 15533 14%
c - 3878.35 194 68 123 1138 134550 1 25577392 76598 2.9 138 47 3 35 56% 19122 212274 15533 14%
c - 3884.57 199 65 123 1139 134551 1 25611129 75094 3.0 141 47 3 35 55% 19122 212274 15533 14%
c - 3891.06 235 65 123 1140 134552 1 25644878 75051 3.0 141 47 3 35 55% 19122 212274 15533 14%
c - 3897.75 220 66 123 1141 134552 1 25678643 74331 2.9 142 49 3 35 54% 19122 212274 15533 14%
c ] 3904.14 252 67 124 1141 134567 1 25709698 101842 2.8 142 51 3 35 54% 19122 212274 15533 14%
c { 3904.14 252 149 124 1141 134567 4 25709698 101842 2.7 79 29 3 16 54% 19122 212274 15533 14%
c - 3904.63 250 149 124 1142 134603 4 25712421 73397 2.7 79 29 3 16 54% 19123 212274 15533 14%
c - 3908.63 206 157 124 1143 134910 4 25746215 90475 2.7 77 29 3 16 53% 19123 212274 15533 14%
c - 3912.82 222 164 124 1144 135187 4 25780023 104477 2.7 77 29 3 16 53% 19124 212274 15533 14%
c - 3916.76 252 167 124 1145 135440 4 25813848 110755 2.7 76 29 3 16 53% 19124 212274 15533 14%
c - 3921.30 237 170 124 1146 135739 4 25847688 114316 2.7 77 29 3 16 53% 19126 212274 15533 14%
c - 3926.12 303 172 124 1147 136076 4 25881541 116045 2.6 77 29 3 16 52% 19127 212274 15533 14%
c - 3931.06 282 175 124 1148 136422 4 25915408 117280 2.6 78 30 3 16 52% 19127 212274 15533 14%
c - 3935.69 305 171 124 1149 136708 4 25949291 119067 2.7 80 30 3 16 52% 19127 212274 15533 14%
c - 3940.58 247 172 124 1150 137048 4 25983187 120824 2.6 80 30 3 16 52% 19127 212274 15533 14%
c - 3945.42 272 173 124 1151 137383 4 26017098 122146 2.6 81 31 3 16 52% 19127 212274 15533 14%
c - 3949.49 295 172 124 1152 137612 4 26051024 125066 2.7 79 30 3 16 51% 19127 212274 15533 14%
c
c  seconds      switched         rate             size/glue  tier1     binary           remaining
c           MB      reductions      conflicts           size   tier2       irredundant
c             level        restarts         redundant      glue    trail           variables
c
c - 3953.90 198 172 124 1153 137892 4 26084965 127386 2.7 79 30 3 16 52% 19128 212274 15533 14%
c u 3958.90 220 172 124 1153 138177 4 26113668 143434 2.7 80 30 3 16 52% 19138 212274 15533 14%
c v 3960.87 223 172 124 1153 138177 4 26113668 123950 2.7 80 30 3 16 52% 19140 212274 15533 14%
c w 3963.82 237 172 124 1153 138177 4 26113668 123814 2.7 80 30 3 16 52% 19140 212274 15533 14%
c t 3963.84 173 172 124 1153 138177 4 26113668 123814 2.7 80 30 3 16 52% 19134 212274 15533 14%
c - 3964.69 174 172 124 1154 138237 4 26118921 101179 2.6 80 30 3 16 52% 19134 212274 15533 14%
c o 3967.62 189 174 124 1154 138458 4 26141733 123711 2.7 80 30 3 16 52% 19134 212274 15533 14%
c - 3969.39 198 174 124 1155 138580 4 26152891 106482 2.6 81 31 3 16 52% 19134 212274 15533 14%
c - 3973.86 190 173 124 1156 138884 4 26186878 111975 2.6 81 31 3 16 52% 19134 212274 15533 14%
c - 3978.82 184 172 124 1157 139208 4 26220878 114701 2.6 82 31 3 16 52% 19134 212274 15533 14%
c - 3983.38 187 173 124 1158 139491 4 26254892 117167 2.7 82 31 3 16 53% 19135 212274 15533 14%
c - 3988.46 113 174 124 1159 139815 4 26288921 118900 2.6 82 31 3 16 53% 19135 212274 15533 14%
c - 3993.28 119 177 124 1160 140103 4 26322966 120544 2.6 82 31 3 17 52% 19138 212274 15533 14%
c - 3998.32 118 175 124 1161 140422 4 26357024 122144 2.7 83 31 3 17 53% 19139 212274 15533 14%
c - 4003.10 120 174 124 1162 140705 4 26391097 123318 2.7 84 31 3 17 53% 19139 212274 15533 14%
c - 4007.96 114 173 124 1163 141007 4 26425186 124570 2.7 84 32 3 17 53% 19140 212274 15533 14%
c } 4009.91 118 173 125 1163 141160 4 26437913 137148 2.6 85 32 3 17 53% 19140 212274 15533 14%
c [ 4009.91 118 67 125 1163 141160 1 26437913 137148 2.8 142 51 3 35 54% 19140 212274 15533 14%
c I 4009.91 118 67 125 1163 141160 1 26437913 137148 2.8 142 51 3 35 54% 19140 212274 15533 14%
c - 4013.22 125 88 125 1164 141173 1 26459289 118108 2.5 142 57 3 35 53% 19140 212274 15533 14%
c
c  seconds      switched         rate             size/glue   tier1     binary           remaining
c           MB      reductions      conflicts           size    tier2       irredundant
c             level        restarts         redundant       glue    trail           variables
c
c - 4018.41 101 101 125 1165 141188 1 26493407 106140 2.5 141 57 3 35 53% 19140 212274 15533 14%
c - 4023.28 97 115 125 1166 141196 1 26527539 97192 2.3 146 62 3 35 55% 19141 212274 15533 14%
c s 4027.35 113 113 125 1166 141205 1 26551991 120177 2.3 144 62 3 35 55% 19144 212269 15533 14%
c - 4029.10 102 115 125 1167 141212 1 26561686 93336 2.3 145 63 3 35 55% 19144 212269 15533 14%
c - 4035.34 98 114 125 1168 141221 1 26595848 91113 2.3 148 64 3 35 55% 19144 212269 15533 14%
c - 4041.84 101 109 125 1169 141222 1 26630026 88775 2.4 154 64 3 35 56% 19144 212269 15533 14%
c - 4047.97 98 103 125 1170 141237 1 26664217 89705 2.5 156 62 3 35 56% 19144 212269 15533 14%
c u 4049.24 95 103 125 1170 141237 1 26666498 80012 2.5 156 61 3 35 56% 19159 212269 15533 14%
c v 4049.51 96 103 125 1170 141237 1 26666498 75198 2.5 156 61 3 35 56% 19160 212269 15533 14%
c w 4051.35 101 103 125 1170 141237 1 26666498 74330 2.5 156 61 3 35 56% 19160 212269 15533 14%
c t 4051.36 101 103 125 1170 141237 1 26666498 74330 2.5 156 61 3 35 56% 19152 212269 15533 14%
c - 4056.94 96 106 125 1171 141252 1 26698423 78387 2.5 158 63 3 35 56% 19152 212269 15533 14%
c - 4064.01 100 103 125 1172 141263 1 26732643 78313 2.6 164 62 3 35 55% 19152 212269 15533 14%
c - 4071.19 97 95 125 1173 141279 1 26766880 76269 2.7 167 61 3 35 54% 19152 212269 15533 14%
c - 4078.80 100 89 125 1174 141285 1 26801129 74911 2.8 168 60 3 35 53% 19152 212269 15533 14%
c - 4086.24 96 85 125 1175 141286 1 26835392 74174 2.8 169 60 3 35 53% 19152 212269 15533 14%
c - 4094.14 98 83 125 1176 141286 1 26869671 74353 2.8 170 60 3 35 52% 19152 212269 15533 14%
c - 4101.86 100 82 125 1177 141292 1 26903964 75786 2.8 170 61 3 35 52% 19152 212269 15533 14%
c o 4103.21 94 82 125 1177 141295 1 26910495 81992 2.8 169 61 3 35 52% 19152 212269 15533 14%
c - 4106.16 98 91 125 1178 141307 1 26938271 81763 2.6 159 61 3 35 48% 19152 212269 15533 14%
c
c  seconds     switched         rate             size/glue   tier1     binary           remaining
c           MB     reductions      conflicts           size    tier2       irredundant
c            level        restarts         redundant       glue    trail           variables
c
c B 4110.31 116 85 125 1178 141317 1 26972314 113699 2.6 147 56 3 35 46% 19152 212269 15533 14%
c - 4110.35 116 86 125 1179 141317 1 26972593 84805 2.6 147 56 3 35 46% 19152 212269 15533 14%
c ] 4114.23 113 100 126 1179 141330 1 26997914 109301 2.5 150 60 3 35 48% 19152 212269 15533 14%
c { 4114.23 113 173 126 1179 141330 4 26997914 109301 2.6 85 32 3 17 53% 19152 212269 15533 14%
c - 4115.21 102 174 126 1180 141388 4 27006929 86924 2.6 84 32 3 17 53% 19152 212269 15533 14%
c - 4118.25 112 178 126 1181 141539 4 27041282 100231 2.8 83 30 3 17 54% 19152 212269 15533 14%
c - 4121.99 115 182 126 1182 141743 4 27075648 114676 2.8 81 29 3 17 54% 19153 212269 15533 14%
c - 4125.93 117 184 126 1183 141985 4 27110028 119425 2.8 79 28 3 17 54% 19155 212269 15533 14%
c - 4130.35 118 184 126 1184 142262 4 27144422 121637 2.8 77 28 3 17 53% 19160 212269 15533 14%
c - 4134.75 119 183 126 1185 142565 4 27178831 123624 2.8 77 28 3 17 53% 19160 212269 15533 14%
c - 4139.28 120 182 126 1186 142859 4 27213254 126029 2.7 76 28 3 17 53% 19162 212269 15533 14%
c u 4141.61 113 182 126 1186 142942 4 27225628 130148 2.8 75 27 3 17 53% 19172 212269 15533 14%
c v 4143.45 119 182 126 1186 142942 4 27225628 112957 2.8 75 27 3 17 53% 19172 212269 15533 14%
c w 4146.80 122 182 126 1186 142942 4 27225628 112322 2.8 75 27 3 17 53% 19172 212269 15533 14%
c t 4146.82 122 182 126 1186 142942 4 27225628 112322 2.8 75 27 3 17 53% 19168 212269 15533 14%
c - 4149.74 118 182 126 1187 143124 4 27247692 108574 2.8 75 27 3 17 53% 19170 212269 15533 14%
c - 4154.19 116 183 126 1188 143430 4 27282144 115850 2.7 76 28 3 17 53% 19171 212269 15533 14%
c - 4158.72 118 183 126 1189 143742 4 27316611 119783 2.7 76 28 3 17 52% 19173 212269 15533 14%
c - 4163.04 119 180 126 1190 144007 4 27351093 123035 2.7 76 28 3 17 53% 19173 212269 15533 14%
c - 4167.29 117 180 126 1191 144267 4 27385589 125699 2.8 78 28 3 17 53% 19173 212269 15533 14%
c
c  seconds      switched         rate             size/glue  tier1     binary           remaining
c           MB      reductions      conflicts           size   tier2       irredundant
c             level        restarts         redundant      glue    trail           variables
c
c - 4171.47 118 182 126 1192 144509 4 27420101 127633 2.8 78 27 3 17 54% 19173 212269 15533 14%
c - 4176.19 110 183 126 1193 144807 4 27454626 128239 2.8 78 27 3 17 54% 19173 212269 15533 14%
c - 4180.70 118 184 126 1194 145093 4 27489166 128659 2.8 79 28 3 17 55% 19173 212269 15533 14%
c - 4185.54 119 185 126 1195 145401 4 27523720 129205 2.8 79 28 3 17 54% 19174 212269 15533 14%
c - 4190.29 118 185 126 1196 145694 4 27558291 129803 2.8 79 28 3 17 54% 19177 212269 15533 14%
c - 4195.17 115 184 126 1197 145991 4 27592875 130669 2.8 79 29 3 17 53% 19177 212269 15533 14%
c - 4200.44 122 182 126 1198 146297 4 27627472 131357 2.8 80 29 3 17 54% 19177 212269 15533 14%
c o 4202.20 116 183 126 1198 146415 4 27640807 144583 2.7 80 29 3 17 54% 19177 212269 15533 14%
c - 4205.16 120 185 126 1199 146591 4 27662085 132545 2.7 79 29 3 17 53% 19177 212269 15533 14%
c - 4209.90 120 184 126 1200 146908 4 27696712 133539 2.7 79 29 3 17 53% 19177 212269 15533 14%
c - 4214.51 118 182 126 1201 147176 4 27731354 135615 2.8 81 29 3 17 54% 19179 212269 15533 14%
c } 4216.77 119 183 127 1201 147320 4 27747635 151673 2.8 81 29 3 17 53% 19179 212269 15533 14%
c [ 4216.77 119 100 127 1201 147320 1 27747635 151673 2.5 150 60 3 35 48% 19179 212269 15533 14%
c W 4217.16 134 100 127 1201 147320 1 27747635 151673 2.5 150 60 3 35 48% 19179 212269 15533 14%
c - 4220.47 141 93 127 1202 147331 1 27766009 130439 2.5 145 57 3 35 49% 19179 212269 15533 14%
c u 4225.79 146 85 127 1202 147341 1 27791057 139810 2.7 145 54 3 35 49% 19187 212269 15533 14%
c v 4227.28 150 85 127 1202 147341 1 27791057 126926 2.7 145 54 3 35 49% 19187 212269 15533 14%
c w 4230.65 171 85 127 1202 147341 1 27791057 125911 2.7 145 54 3 35 49% 19187 212269 15533 14%
c t 4230.67 171 85 127 1202 147341 1 27791057 125911 2.7 145 54 3 35 49% 19181 212269 15533 14%
c - 4232.41 190 83 127 1203 147347 1 27800681 93917 2.7 146 53 3 35 50% 19181 212269 15533 14%
c
c  seconds     switched         rate            size/glue   tier1     binary           remaining
c           MB     reductions      conflicts          size    tier2       irredundant
c            level        restarts         redundant      glue    trail           variables
c
c - 4239.32 195 80 127 1204 147355 1 27835365 85099 2.8 149 53 3 35 52% 19181 212269 15533 14%
c - 4244.73 246 102 127 1205 147371 1 27870063 86199 2.6 154 58 3 35 54% 19181 212269 15533 14%
c - 4250.44 206 95 127 1206 147381 1 27904776 86762 2.6 147 56 3 35 55% 19181 212269 15533 14%
c - 4256.92 253 86 127 1207 147382 1 27939503 83202 2.6 141 54 3 35 54% 19181 212269 15533 14%
c - 4263.31 257 81 127 1208 147397 1 27974245 85177 2.7 139 52 3 35 54% 19181 212269 15533 14%
c - 4268.74 300 81 127 1209 147412 1 28009003 92016 2.7 138 50 3 35 54% 19181 212269 15533 14%
c - 4274.60 216 85 127 1210 147424 1 28043774 92714 2.7 142 53 3 35 55% 19181 212269 15533 14%
c - 4279.61 216 87 127 1211 147441 1 28078559 92575 2.7 137 52 3 35 54% 19181 212269 15533 14%
c - 4285.50 170 82 127 1212 147445 1 28113360 92046 2.6 133 51 3 35 55% 19181 212269 15533 14%
c s 4286.43 170 82 127 1212 147445 1 28119355 97700 2.6 132 51 3 35 55% 19184 212265 15533 14%
c - 4291.31 172 81 127 1213 147446 1 28148174 90962 2.6 130 51 3 35 55% 19184 212265 15533 14%
c - 4296.73 124 80 127 1214 147446 1 28183003 94423 2.6 130 49 3 35 55% 19184 212265 15533 14%
c - 4302.22 129 79 127 1215 147453 1 28217845 95612 2.7 131 48 3 35 55% 19184 212265 15533 14%
c - 4307.20 133 86 127 1216 147469 1 28252701 95628 2.7 134 49 3 35 56% 19184 212265 15533 14%
c - 4312.97 137 86 127 1217 147477 1 28287572 93758 2.7 136 50 3 35 58% 19184 212265 15533 14%
c O 4315.78 141 87 127 1217 147487 1 28305073 110640 2.7 135 50 3 35 58% 19184 212265 15533 14%
c ] 4316.66 146 87 128 1217 147491 1 28310503 115991 2.7 138 50 3 35 58% 19184 212265 15533 14%
c { 4316.66 146 183 128 1217 147491 4 28310503 115991 2.8 81 29 3 17 53% 19184 212265 15533 14%
c - 4318.14 171 181 128 1218 147570 4 28322457 96084 2.8 81 29 3 17 53% 19184 212265 15533 14%
c - 4321.54 192 171 128 1219 147712 4 28357356 112261 2.9 78 27 3 17 51% 19184 212265 15533 14%
c
c  seconds      switched         rate             size/glue  tier1     binary           remaining
c           MB      reductions      conflicts           size   tier2       irredundant
c             level        restarts         redundant      glue    trail           variables
c
c u 4323.12 212 171 128 1219 147756 4 28362810 110243 2.8 78 27 3 17 51% 19188 212265 15533 14%
c v 4324.34 214 171 128 1219 147756 4 28362810 100707 2.8 78 27 3 17 51% 19188 212265 15533 14%
c w 4327.87 220 171 128 1219 147756 4 28362810 99523 2.8 78 27 3 17 51% 19188 212265 15533 14%
c o 4329.98 196 169 128 1219 147895 4 28380928 117440 2.8 76 27 3 17 50% 19188 212265 15533 14%
c - 4331.40 217 170 128 1220 147974 4 28392270 108615 2.8 76 27 3 17 51% 19188 212265 15533 14%
c - 4335.30 281 167 128 1221 148217 4 28427199 116925 2.8 73 26 3 17 50% 19190 212265 15533 14%
c - 4339.42 306 162 128 1222 148457 4 28462142 122146 2.8 72 26 3 17 49% 19191 212265 15533 14%
c - 4344.13 394 165 128 1223 148757 4 28497102 125192 2.8 70 25 3 17 49% 19192 212265 15533 14%
c - 4348.82 401 163 128 1224 149064 4 28532074 127135 2.7 70 25 3 17 49% 19192 212265 15533 14%
c - 4353.02 469 164 128 1225 149339 4 28567060 129293 2.7 68 25 3 17 48% 19193 212265 15533 14%
c - 4357.46 559 164 128 1226 149654 4 28602060 131315 2.7 69 25 3 17 48% 19201 212265 15533 14%
c - 4362.44 430 162 128 1227 150006 4 28637077 132436 2.7 70 26 3 17 48% 19202 212265 15533 14%
c - 4366.44 430 157 128 1228 150274 4 28672108 134110 2.7 68 25 3 17 47% 19204 212265 15533 14%
c - 4371.10 250 157 128 1229 150596 4 28707150 135726 2.7 70 26 3 17 47% 19204 212265 15533 14%
c - 4375.50 252 157 128 1230 150901 4 28742207 136735 2.7 70 26 3 17 46% 19208 212265 15533 14%
c - 4380.15 121 156 128 1231 151210 4 28777278 137876 2.7 70 26 3 17 46% 19208 212265 15533 14%
c - 4384.88 117 157 128 1232 151541 4 28812364 138588 2.7 70 26 3 17 46% 19208 212265 15533 14%
c - 4389.06 121 155 128 1233 151805 4 28847464 140236 2.7 69 25 3 17 45% 19209 212265 15533 14%
c - 4393.64 115 157 128 1234 152116 4 28882578 142301 2.7 68 25 3 17 46% 19213 212265 15533 14%
c - 4398.49 121 157 128 1235 152447 4 28917706 142966 2.7 68 26 3 17 46% 19214 212265 15533 14%
c
c  seconds      switched         rate             size/glue  tier1     binary           remaining
c           MB      reductions      conflicts           size   tier2       irredundant
c             level        restarts         redundant      glue    trail           variables
c
c u 4402.31 116 155 128 1235 152619 4 28940888 148859 2.7 69 25 3 17 46% 19231 212265 15533 14%
c v 4404.64 121 155 128 1235 152619 4 28940888 129248 2.7 69 25 3 17 46% 19231 212265 15533 14%
c w 4405.68 128 155 128 1235 152619 4 28940888 129129 2.7 69 25 3 17 46% 19231 212265 15533 14%
c t 4405.71 128 155 128 1235 152619 4 28940888 129129 2.7 69 25 3 17 46% 19214 212265 15533 14%
c - 4406.80 112 154 128 1236 152669 4 28952849 112038 2.8 68 25 2 17 46% 19214 212265 15533 14%
c - 4410.37 119 155 128 1237 152922 4 28988006 119244 2.8 68 25 2 17 45% 19214 212265 15533 14%
c - 4415.25 111 157 128 1238 153307 4 29023178 122418 2.7 69 25 2 17 45% 19216 212265 15533 14%
c - 4419.79 113 159 128 1239 153634 4 29058363 123709 2.7 69 25 2 17 46% 19216 212265 15533 14%
c } 4422.68 119 158 129 1239 153848 4 29081998 147050 2.7 70 26 2 17 46% 19217 212265 15533 14%
c [ 4422.68 119 87 129 1239 153848 1 29081998 147050 2.7 138 50 3 35 58% 19217 212265 15533 14%
c B 4422.68 119 87 129 1239 153848 1 29081998 147050 2.7 138 50 3 35 58% 19217 212265 15533 14%
c - 4424.45 121 91 129 1240 153854 1 29093565 121546 2.7 140 52 3 35 58% 19217 212265 15533 14%
c - 4430.51 131 102 129 1241 153871 1 29128781 105582 2.6 153 59 3 35 59% 19217 212265 15533 14%
c - 4437.11 98 92 129 1242 153878 1 29164008 90572 2.9 155 54 3 34 59% 19217 212265 15533 14%
c - 4444.16 126 84 129 1243 153896 1 29199252 87404 3.1 161 53 3 34 60% 19217 212265 15533 14%
c o 4446.17 116 84 129 1243 153902 1 29210202 97916 3.1 166 53 3 34 61% 19217 212265 15533 14%
c - 4449.23 97 81 129 1244 153909 1 29234508 85047 3.1 158 51 3 34 57% 19217 212265 15533 14%
c - 4453.82 99 76 129 1245 153910 1 29269778 85703 3.2 155 49 3 34 53% 19217 212265 15533 14%
c - 4457.81 116 83 129 1246 153925 1 29305064 88758 3.0 149 49 3 34 51% 19217 212265 15533 14%
c - 4463.63 102 85 129 1247 153940 1 29340362 88358 2.8 146 52 3 34 51% 19217 212265 15533 14%
c
c  seconds    switched         rate            size/glue   tier1     binary           remaining
c          MB     reductions      conflicts          size    tier2       irredundant
c           level        restarts         redundant      glue    trail           variables
c
c - 4470.47 98 91 129 1248 153951 1 29375675 82246 2.6 148 57 3 34 52% 19217 212265 15533 14%
c - 4475.49 110 84 129 1249 153967 1 29411002 83973 2.7 143 52 3 34 51% 19217 212265 15533 14%
c - 4481.96 115 80 129 1250 153973 1 29446343 85523 2.7 137 52 3 34 51% 19217 212265 15533 14%
c - 4487.39 92 82 129 1251 153974 1 29481701 83867 2.6 135 53 3 34 51% 19217 212265 15533 14%
c - 4493.50 98 83 129 1252 153974 1 29517070 83435 2.5 135 54 3 34 49% 19217 212265 15533 14%
c u 4495.78 98 83 129 1252 153974 1 29525317 86942 2.5 135 54 3 34 49% 19223 212265 15533 14%
c v 4496.23 99 83 129 1252 153974 1 29525317 81237 2.5 135 54 3 34 49% 19223 212265 15533 14%
c w 4499.78 109 83 129 1252 153974 1 29525317 79889 2.5 135 54 3 34 49% 19223 212265 15533 14%
c x 4501.27 114 83 129 1252 153974 1 29525317 79829 2.5 135 54 3 34 49% 19268 211957 15533 14%
c t 4501.29 114 83 129 1252 153974 1 29525317 79829 2.5 135 54 3 34 49% 19256 211957 15533 14%
c - 4505.97 129 82 129 1253 153981 1 29552453 73197 2.4 133 55 3 34 49% 19256 211957 15533 14%
c - 4512.11 150 78 129 1254 153998 1 29587851 77614 2.5 129 52 3 34 50% 19256 211957 15533 14%
c ] 4515.31 151 90 130 1254 154005 1 29615891 105000 2.4 131 54 3 34 48% 19256 211957 15533 14%
c { 4515.31 151 158 130 1254 154005 4 29615891 105000 2.7 70 26 2 17 46% 19256 211957 15533 14%
c - 4515.82 170 149 130 1255 154008 4 29623262 85311 2.8 70 25 2 17 45% 19257 211957 15533 14%
c i 4518.18 172 121 130 1255 154015 3 29652045 113876 3.2 76 23 2 17 44% 19263 211957 15532 14%
c - 4518.53 173 116 130 1256 154018 3 29658687 106262 3.3 76 23 2 17 43% 19251 211957 15532 14%
c - 4520.50 228 92 130 1257 154018 2 29694128 126472 3.7 75 20 2 17 40% 19251 211957 15532 14%
c - 4522.26 234 83 130 1258 154037 2 29729582 130561 3.7 65 17 2 17 36% 19254 211957 15532 14%
c s 4522.47 234 81 130 1258 154037 2 29739950 140471 3.6 61 17 2 17 34% 19255 211917 15532 14%
c
c  seconds     switched         rate             size/glue  tier1     binary           remaining
c           MB     reductions      conflicts           size   tier2       irredundant
c            level        restarts         redundant      glue    trail           variables
c
c e 4522.51 234 81 130 1258 154037 2 29739950 140471 3.6 61 17 2 17 34% 19214 212123 15520 13%
c s 4522.52 234 81 130 1258 154037 2 29739950 140471 3.6 61 17 2 17 34% 19214 212051 15520 13%
c - 4523.04 234 79 130 1259 154037 2 29765051 132984 3.5 52 15 2 17 29% 19215 212051 15520 13%
c - 4524.04 234 75 130 1260 154037 2 29800534 131663 3.2 43 13 2 16 23% 19215 212051 15520 13%
c - 4525.23 239 67 130 1261 154074 2 29836030 138467 3.1 39 12 3 16 21% 19218 212051 15520 13%
c - 4526.99 263 67 130 1262 154236 2 29871541 141619 3.3 39 12 2 16 24% 19223 212051 15520 13%
c - 4529.12 308 65 130 1263 154445 2 29907066 136507 3.4 41 12 2 16 27% 19234 212051 15520 13%
c - 4531.14 354 63 130 1264 154604 2 29942604 136502 3.5 41 12 2 16 28% 19241 212051 15520 13%
c o 4531.96 357 68 130 1264 154605 2 29975077 168245 3.4 36 11 2 16 24% 19242 212051 15520 13%
c - 4532.29 338 69 130 1265 154649 2 29978156 141601 3.4 36 11 3 16 24% 19242 212051 15520 13%
c - 4535.04 386 70 130 1266 154997 2 30013722 138874 3.3 38 11 2 16 27% 19250 212051 15520 13%
c - 4537.46 430 69 130 1267 155299 2 30049302 138439 3.5 41 12 2 16 30% 19255 212051 15520 13%
c i 4537.87 431 67 130 1267 155326 2 30059311 148242 3.5 40 12 2 16 29% 19258 212051 15519 13%
c - 4538.70 455 60 130 1268 155372 2 30084896 138703 3.4 38 11 2 16 27% 19249 212051 15519 13%
c u 4540.36 484 51 130 1268 155386 2 30116030 160299 3.2 34 11 2 16 23% 19278 212038 15519 13%
c v 4541.53 490 51 130 1268 155386 2 30116030 150715 3.2 34 11 2 16 23% 19278 212038 15519 13%
c w 4542.00 497 51 130 1268 155386 2 30116030 150590 3.2 34 11 2 16 23% 19278 212038 15519 13%
c t 4546.28 409 51 130 1268 155386 2 30116030 150590 3.2 34 11 2 16 23% 19249 212038 15519 13%
c - 4546.77 414 52 130 1269 155452 2 30120504 119544 3.3 35 11 2 16 24% 19251 212038 15519 13%
c - 4548.39 423 53 130 1270 155651 2 30156128 123448 3.2 33 10 2 16 23% 19255 212038 15519 13%
c
c  seconds     switched         rate             size/glue  tier1     binary           remaining
c           MB     reductions      conflicts           size   tier2       irredundant
c            level        restarts         redundant      glue    trail           variables
c
c - 4550.33 437 58 130 1271 155890 2 30191765 126917 3.1 32 11 2 16 24% 19261 212038 15519 13%
c i 4551.05 443 60 130 1271 155995 2 30203662 138677 3.1 33 11 2 16 25% 19269 212038 15518 13%
c - 4552.92 316 59 130 1272 156228 2 30227416 131565 3.2 36 11 2 16 27% 19265 212038 15518 13%
c - 4554.96 329 58 130 1273 156456 2 30263082 133152 3.3 37 11 2 16 27% 19271 212038 15518 13%
c - 4555.60 330 44 130 1274 156459 2 30298761 129391 2.9 30 10 2 16 21% 19272 212038 15518 13%
c - 4557.53 344 45 130 1275 156706 2 30334454 130707 3.0 31 10 2 16 22% 19277 212038 15518 13%
c i 4557.96 346 42 130 1275 156737 2 30351658 147284 2.9 29 10 2 16 21% 19283 212038 15517 13%
c - 4559.32 354 47 130 1276 156943 2 30370162 134308 3.1 32 10 2 16 23% 19267 212038 15517 13%
c - 4561.84 370 54 130 1277 157267 2 30405883 136471 3.1 34 11 2 16 26% 19272 212038 15517 13%
c } 4562.13 374 55 131 1277 157311 2 30409425 139991 3.1 34 11 2 16 26% 19272 212038 15517 13%
c [ 4562.13 374 90 131 1277 157311 1 30409425 139991 2.4 131 54 3 34 48% 19272 212038 15517 13%
c W 4562.23 389 90 131 1277 157311 1 30409425 139991 2.4 131 54 3 34 48% 19272 212019 15517 13%
c - 4566.87 258 107 131 1278 157325 1 30441621 121664 2.4 137 56 3 34 49% 19272 212019 15517 13%
c - 4572.45 262 104 131 1279 157341 1 30477372 98061 2.4 138 57 3 34 54% 19272 212019 15517 13%
c - 4578.76 121 95 131 1280 157355 1 30513136 86674 2.5 138 56 3 34 57% 19272 212019 15517 13%
c - 4585.17 145 93 131 1281 157371 1 30548913 86115 2.6 145 57 3 34 59% 19272 212019 15517 13%
c - 4592.11 161 88 131 1282 157373 1 30584705 85083 2.7 149 55 3 34 60% 19272 212019 15517 13%
c - 4598.75 199 91 131 1283 157382 1 30620512 84304 2.7 154 58 3 34 62% 19272 212019 15517 13%
c - 4605.38 187 90 131 1284 157399 1 30656330 84785 2.7 156 57 3 34 62% 19272 212019 15517 13%
c ] 4607.43 188 87 132 1284 157403 1 30668735 96326 2.7 153 56 3 34 62% 19272 212019 15517 13%
c
c  seconds     switched         rate            size/glue  tier1     binary           remaining
c           MB     reductions      conflicts          size   tier2       irredundant
c            level        restarts         redundant     glue    trail           variables
c
c { 4607.43 188 55 132 1284 157403 2 30668735 96326 3.1 34 11 2 16 26% 19272 212019 15517 13%
c - 4611.59 214 79 132 1285 157815 3 30692162 95099 2.8 42 15 2 16 31% 19272 212019 15517 13%
c u 4616.22 143 96 132 1285 158187 3 30713129 107662 2.7 49 18 2 16 34% 19315 212015 15516 13%
c v 4617.16 145 96 132 1285 158187 3 30713129 97054 2.7 49 18 2 16 34% 19315 212015 15516 13%
c w 4620.79 152 96 132 1285 158187 3 30713129 96766 2.7 49 18 2 16 34% 19315 212015 15516 13%
c t 4620.81 152 96 132 1285 158187 3 30713129 96757 2.7 49 18 2 16 34% 19294 212003 15516 13%
c u 4621.56 140 96 132 1285 158187 3 30713129 95790 2.7 49 18 2 16 34% 19298 212003 15516 13%
c v 4622.10 143 96 132 1285 158187 3 30713129 92019 2.7 49 18 2 16 34% 19298 212003 15516 13%
c w 4626.10 148 96 132 1285 158187 3 30713129 90478 2.7 49 18 2 16 34% 19298 212003 15516 13%
c i 4626.14 113 96 132 1285 158187 3 30713129 90478 2.7 49 18 2 16 34% 19298 212003 15516 13%
c - 4628.80 112 107 132 1286 158434 4 30728008 86995 2.6 53 20 2 16 36% 19284 212003 15516 13%
c o 4631.44 112 116 132 1286 158679 4 30745083 103787 2.6 56 22 2 16 38% 19286 212003 15516 13%
c - 4634.81 111 124 132 1287 158959 4 30763871 101259 2.5 60 24 2 16 40% 19286 212003 15516 13%
c - 4640.13 106 137 132 1288 159409 4 30799746 112611 2.5 64 26 2 16 43% 19288 212003 15516 13%
c - 4645.64 112 143 132 1289 159836 4 30835636 118372 2.5 68 27 2 16 44% 19289 212003 15516 13%
c - 4650.79 117 148 132 1290 160208 4 30871542 122006 2.5 70 28 2 16 45% 19291 212003 15516 13%
c - 4656.15 119 153 132 1291 160601 4 30907460 124425 2.5 73 29 2 16 47% 19291 212003 15516 13%
c - 4661.07 117 154 132 1292 160932 4 30943390 126136 2.6 75 29 2 16 48% 19291 212003 15516 13%
c - 4666.23 119 154 132 1293 161258 4 30979334 128031 2.6 77 29 2 16 49% 19291 212003 15516 13%
c - 4671.72 111 154 132 1294 161606 4 31015293 128845 2.6 79 30 2 16 49% 19291 212003 15516 13%
c
c  seconds      switched         rate             size/glue  tier1     binary           remaining
c           MB      reductions      conflicts           size   tier2       irredundant
c             level        restarts         redundant      glue    trail           variables
c
c - 4676.89 120 155 132 1295 161950 4 31051268 129635 2.6 80 30 2 16 50% 19291 212003 15516 13%
c - 4682.02 121 155 132 1296 162276 4 31087254 130628 2.6 81 31 2 16 50% 19291 212003 15516 13%
c - 4687.06 119 155 132 1297 162598 4 31123254 131284 2.6 81 31 2 16 49% 19291 212003 15516 13%
c - 4692.28 120 154 132 1298 162952 4 31159267 131810 2.6 82 31 2 16 50% 19291 212003 15516 13%
c - 4697.39 119 154 132 1299 163264 4 31195294 133142 2.7 82 31 2 16 50% 19292 212003 15516 13%
c - 4703.12 118 153 132 1300 163631 4 31231336 133797 2.7 84 32 2 16 50% 19292 212003 15516 13%
c - 4708.46 120 154 132 1301 163928 4 31267392 134005 2.7 85 32 2 16 51% 19293 212003 15516 13%
c - 4713.46 114 152 132 1302 164236 4 31303461 134532 2.7 85 31 2 16 51% 19293 212003 15516 13%
c u 4716.10 119 151 132 1302 164357 4 31316576 140482 2.7 85 32 2 16 51% 19303 212003 15516 13%
c v 4718.03 122 151 132 1302 164357 4 31316576 117232 2.7 85 32 2 16 51% 19303 212003 15516 13%
c w 4721.33 127 151 132 1302 164357 4 31316576 117005 2.7 85 32 2 16 51% 19303 212003 15516 13%
c t 4721.35 127 151 132 1302 164357 4 31316576 117005 2.7 85 32 2 16 51% 19301 212003 15516 13%
c - 4724.43 119 151 132 1303 164567 4 31339545 110473 2.7 84 31 2 16 50% 19303 212003 15516 13%
c - 4729.36 120 151 132 1304 164867 4 31375642 116406 2.7 85 32 2 16 51% 19303 212003 15516 13%
c - 4734.23 121 152 132 1305 165166 4 31411753 120805 2.7 85 31 2 16 51% 19303 212003 15516 13%
c s 4734.54 115 152 132 1305 165187 4 31414175 123204 2.7 84 31 2 16 51% 19305 211922 15516 13%
c e 4734.55 102 152 132 1305 165187 4 31414175 123204 2.7 84 31 2 16 51% 19297 211953 15513 13%
c s 4734.56 102 152 132 1305 165187 4 31414175 123204 2.7 84 31 2 16 51% 19297 211940 15513 13%
c - 4739.18 133 148 132 1306 165445 4 31447879 122980 2.7 85 31 2 16 51% 19297 211940 15513 13%
c - 4744.78 182 149 132 1307 165834 4 31484021 123057 2.7 85 32 2 16 51% 19298 211940 15513 13%
c
c  seconds      switched         rate             size/glue  tier1     binary           remaining
c           MB      reductions      conflicts           size   tier2       irredundant
c             level        restarts         redundant      glue    trail           variables
c
c } 4744.87 182 149 133 1307 165839 4 31484577 123607 2.7 85 32 2 16 51% 19298 211940 15513 13%
c [ 4744.87 182 87 133 1307 165839 1 31484577 123607 2.7 153 56 3 34 62% 19298 211940 15513 13%
c I 4744.87 182 87 133 1307 165839 1 31484577 123607 2.7 153 56 3 34 62% 19298 211940 15513 13%
c - 4750.76 199 99 133 1308 165856 1 31520174 112118 2.7 155 57 3 34 61% 19298 211940 15513 13%
c o 4752.21 199 103 133 1308 165861 1 31529720 121458 2.7 154 57 3 34 61% 19298 211940 15513 13%
c - 4755.91 203 107 133 1309 165869 1 31556341 93011 2.7 154 58 3 34 61% 19298 211940 15513 13%
c - 4760.48 216 113 133 1310 165884 1 31592522 87278 2.6 155 60 3 34 59% 19298 211940 15513 13%
c - 4765.66 247 110 133 1311 165899 1 31628716 85759 2.5 148 59 3 34 58% 19298 211940 15513 13%
c - 4771.33 263 100 133 1312 165901 1 31664923 83813 2.5 144 58 3 34 55% 19298 211940 15513 13%
c - 4777.22 240 96 133 1313 165914 1 31701144 83993 2.6 143 56 3 34 54% 19298 211940 15513 13%
c - 4783.73 271 89 133 1314 165930 1 31737380 86904 2.6 139 54 3 34 54% 19298 211940 15513 13%
c - 4787.91 204 90 133 1315 165939 1 31773630 85875 2.5 139 55 3 34 52% 19298 211940 15513 13%
c - 4792.35 238 105 133 1316 165956 1 31809893 87279 2.4 137 57 3 34 52% 19298 211940 15513 13%
c - 4798.08 139 107 133 1317 165964 1 31846170 88940 2.3 134 57 3 34 52% 19298 211940 15513 13%
c - 4804.24 142 105 133 1318 165965 1 31882461 85418 2.3 135 59 3 34 52% 19298 211940 15513 13%
c - 4810.30 101 105 133 1319 165965 1 31918766 84276 2.2 136 61 3 35 52% 19298 211940 15513 13%
c u 4812.31 101 105 133 1319 165965 1 31926397 86985 2.2 136 61 3 35 52% 19309 211940 15513 13%
c v 4812.57 102 105 133 1319 165965 1 31926397 83084 2.2 136 61 3 35 52% 19309 211940 15513 13%
c w 4816.04 111 105 133 1319 165965 1 31926397 81496 2.2 136 61 3 35 52% 19309 211940 15513 13%
c t 4816.06 111 105 133 1319 165965 1 31926397 81496 2.2 136 61 3 35 52% 19303 211940 15513 13%
c
c  seconds     switched         rate            size/glue   tier1     binary           remaining
c          MB      reductions      conflicts          size    tier2       irredundant
c            level        restarts         redundant      glue    trail           variables
c
c f 4816.07 88 105 133 1319 165965 1 31926397 81496 2.2 136 61 3 35 52% 19305 211919 15514 13%
c u 4816.74 98 105 133 1319 165965 1 31926397 81063 2.2 136 61 3 35 52% 19307 211919 15514 13%
c v 4816.91 99 105 133 1319 165965 1 31926397 79362 2.2 136 61 3 35 52% 19307 211919 15514 13%
c w 4820.00 108 105 133 1319 165965 1 31926397 76280 2.2 136 61 3 35 52% 19307 211919 15514 13%
c t 4820.02 108 105 133 1319 165965 1 31926397 76280 2.2 136 61 3 35 52% 19306 211919 15514 13%
c - 4824.30 104 104 133 1320 165972 1 31955086 73926 2.2 133 62 3 35 51% 19306 211919 15514 13%
c - 4828.55 129 118 133 1321 165990 1 31991417 84352 2.2 130 59 3 35 51% 19306 211919 15514 13%
c - 4832.38 143 112 133 1322 165998 1 32027763 86593 2.5 141 57 3 35 49% 19307 211919 15514 13%
c - 4836.58 175 125 133 1323 166016 1 32064122 83619 2.3 139 60 3 35 47% 19307 211919 15514 13%
c B 4839.64 186 126 133 1323 166026 1 32089112 108054 2.3 136 59 3 35 47% 19307 211919 15514 13%
c - 4840.68 193 132 133 1324 166027 1 32100496 85465 2.3 138 60 3 35 46% 19307 211919 15514 13%
c - 4844.44 212 129 133 1325 166028 1 32136882 82081 2.2 144 64 3 35 45% 19307 211919 15514 13%
c - 4848.75 203 125 133 1326 166043 1 32173284 79734 2.2 142 64 3 35 44% 19307 211919 15514 13%
c - 4854.27 237 119 133 1327 166059 1 32209698 83035 2.2 139 62 3 35 47% 19307 211919 15514 13%
c - 4859.46 203 125 133 1328 166073 1 32246127 81360 2.1 140 67 3 35 48% 19307 211919 15514 13%
c ] 4860.83 205 128 134 1328 166074 1 32255135 90068 2.1 143 69 3 35 48% 19307 211919 15514 13%
c { 4860.83 205 149 134 1328 166074 4 32255135 90068 2.7 85 32 2 16 51% 19307 211919 15514 13%
c - 4862.63 232 131 134 1329 166085 3 32282568 93493 3.0 82 28 2 16 49% 19307 211919 15514 13%
c - 4864.70 253 129 134 1330 166112 3 32319023 115968 2.9 69 24 2 16 43% 19311 211919 15514 13%
c o 4864.83 253 127 134 1330 166113 3 32325349 121617 2.8 66 23 2 16 41% 19311 211919 15514 13%
c
c  seconds      switched         rate             size/glue  tier1     binary           remaining
c           MB      reductions      conflicts           size   tier2       irredundant
c             level        restarts         redundant      glue    trail           variables
c
c - 4866.59 256 117 134 1331 166118 3 32355494 126067 2.8 58 21 2 16 36% 19312 211919 15514 13%
c - 4868.70 279 112 134 1332 166149 2 32391976 130425 2.6 48 18 2 16 32% 19313 211919 15514 13%
c - 4871.30 232 113 134 1333 166232 3 32428473 134032 2.6 44 17 2 16 32% 19314 211919 15514 13%
c - 4872.30 252 90 134 1334 166257 2 32464984 132490 2.5 36 15 2 16 25% 19316 211919 15514 13%
c - 4874.26 276 95 134 1335 166395 3 32501507 133047 2.4 32 13 2 16 25% 19321 211919 15514 13%
c - 4876.48 278 101 134 1336 166599 3 32538045 136919 2.3 30 13 2 16 26% 19327 211919 15514 13%
c u 4877.56 297 101 134 1336 166611 3 32542607 132825 2.3 29 13 2 16 25% 19335 211919 15514 13%
c v 4879.74 238 101 134 1336 166611 3 32542607 119227 2.3 29 13 2 16 25% 19336 211919 15514 13%
c w 4880.34 239 101 134 1336 166611 3 32542607 118882 2.3 29 13 2 16 25% 19336 211919 15514 13%
c t 4880.36 239 101 134 1336 166611 3 32542607 118882 2.3 29 13 2 16 25% 19332 211919 15514 13%
c - 4881.96 243 99 134 1337 166751 3 32574596 122980 2.2 27 12 2 16 24% 19337 211919 15514 13%
c - 4884.36 265 106 134 1338 167029 3 32611162 130039 2.2 26 12 2 16 24% 19341 211919 15514 13%
c - 4886.93 288 112 134 1339 167322 4 32647740 134286 2.1 24 12 2 16 25% 19341 211919 15514 13%
c - 4889.79 220 115 134 1340 167665 4 32684333 137424 2.1 24 11 2 16 25% 19343 211919 15514 13%
c - 4892.48 243 113 134 1341 167963 4 32720939 139941 2.1 24 11 2 16 25% 19344 211919 15514 13%
c - 4895.13 266 112 134 1342 168254 4 32757559 141638 2.0 23 11 2 16 24% 19347 211919 15514 13%
c - 4898.01 290 115 134 1343 168603 4 32794192 143963 2.0 23 11 2 16 24% 19350 211919 15514 13%
c - 4900.83 226 116 134 1344 168933 4 32830839 146008 2.0 22 11 2 16 24% 19354 211919 15514 13%
c - 4903.50 249 113 134 1345 169252 4 32867499 147676 2.0 22 11 2 16 24% 19356 211919 15514 13%
c - 4906.05 273 113 134 1346 169570 4 32904173 148854 2.0 22 11 2 16 23% 19359 211919 15514 13%
c
c  seconds      switched         rate             size/glue  tier1     binary           remaining
c           MB      reductions      conflicts           size   tier2       irredundant
c             level        restarts         redundant      glue    trail           variables
c
c - 4908.95 297 115 134 1347 169928 5 32940862 150423 2.0 22 11 2 16 24% 19360 211919 15514 13%
c - 4911.68 228 114 134 1348 170262 5 32977563 152301 2.0 22 11 2 16 24% 19361 211918 15514 13%
c - 4914.59 252 115 134 1349 170635 5 33014280 154172 2.0 22 11 2 16 24% 19364 211918 15514 13%
c - 4917.76 252 118 134 1350 171027 5 33051008 155995 2.0 23 11 2 16 25% 19367 211918 15514 13%
c - 4920.37 252 112 134 1351 171309 5 33087750 156983 2.0 22 11 2 16 24% 19371 211918 15514 13%
c } 4920.86 248 112 135 1351 171364 5 33093547 162569 2.0 22 11 2 16 24% 19372 211918 15514 13%
c [ 4920.86 248 128 135 1351 171364 1 33093547 162569 2.1 143 69 3 35 48% 19372 211918 15514 13%
c W 4921.29 264 128 135 1351 171364 1 33093547 162569 2.1 143 69 3 35 48% 19372 211918 15514 13%
c - 4925.99 180 118 135 1352 171378 1 33124505 141764 2.3 147 65 3 35 52% 19372 211918 15514 13%
c o 4927.12 180 115 135 1352 171383 1 33131480 148415 2.3 147 63 3 35 52% 19372 211918 15514 13%
c s 4928.76 181 121 135 1352 171388 1 33142603 159255 2.3 150 65 3 35 53% 19374 211906 15514 13%
c e 4928.77 181 121 135 1352 171388 1 33142603 159255 2.3 150 65 3 35 53% 19363 211937 15512 13%
c s 4928.77 181 121 135 1352 171388 1 33142603 159255 2.3 150 65 3 35 53% 19363 211921 15512 13%
c - 4931.71 201 120 135 1353 171394 1 33161274 118908 2.3 149 64 3 35 54% 19363 211921 15512 13%
c u 4933.49 198 119 135 1353 171394 1 33165218 105504 2.3 150 64 3 35 55% 19383 211921 15512 13%
c v 4934.24 200 119 135 1353 171394 1 33165218 92702 2.3 150 64 3 35 55% 19386 211921 15512 13%
c w 4936.18 205 119 135 1353 171394 1 33165218 92193 2.3 150 64 3 35 55% 19386 211921 15512 13%
c t 4936.20 142 119 135 1353 171394 1 33165218 92193 2.3 150 64 3 35 55% 19372 211921 15512 13%
c - 4941.07 113 116 135 1354 171408 1 33198057 87928 2.3 149 63 3 35 56% 19372 211921 15512 13%
c - 4946.85 117 114 135 1355 171424 1 33234853 90103 2.4 148 62 3 35 57% 19372 211921 15512 13%
c
c  seconds      switched         rate            size/glue   tier1     binary           remaining
c           MB      reductions      conflicts          size    tier2       irredundant
c             level        restarts         redundant      glue    trail           variables
c
c - 4952.10 113 105 135 1356 171426 1 33271664 90258 2.5 152 60 3 35 55% 19372 211921 15512 13%
c - 4956.52 113 108 135 1357 171438 1 33308487 90628 2.7 160 58 3 35 54% 19372 211921 15512 13%
c - 4961.67 117 114 135 1358 171455 1 33345324 92132 2.6 160 62 3 35 54% 19372 211921 15512 13%
c - 4965.39 113 114 135 1359 171464 1 33382176 88751 2.5 157 63 3 35 51% 19372 211921 15512 13%
c - 4969.29 117 108 135 1360 171481 1 33419041 87528 2.5 155 62 3 35 49% 19372 211921 15512 13%
c - 4973.45 111 101 135 1361 171489 1 33455919 87094 2.6 160 61 3 35 48% 19372 211921 15512 13%
c - 4978.30 114 96 135 1362 171490 1 33492811 84534 2.7 163 61 3 35 48% 19372 211921 15512 13%
c - 4983.24 116 93 135 1363 171490 1 33529718 85586 2.8 168 61 3 35 47% 19372 211921 15512 13%
c - 4988.46 117 92 135 1364 171499 1 33566636 85857 2.9 176 62 3 35 47% 19372 211921 15512 13%
c ] 4991.21 122 88 136 1364 171506 1 33585732 104029 2.9 177 60 3 35 46% 19372 211921 15512 13%
c { 4991.21 122 112 136 1364 171506 5 33585732 104029 2.0 22 11 2 16 24% 19372 211921 15512 13%
c - 4994.07 126 122 136 1365 171831 5 33603568 94207 2.1 30 14 2 16 28% 19372 211921 15512 13%
c - 4999.97 136 140 136 1366 172466 5 33640514 111777 2.2 43 19 2 16 35% 19372 211921 15512 13%
c - 5005.67 135 152 136 1367 172999 5 33677473 122237 2.3 52 23 2 16 40% 19372 211921 15512 13%
c - 5011.27 133 159 136 1368 173467 5 33714447 128617 2.4 59 25 2 16 43% 19372 211921 15512 13%
c - 5016.58 138 164 136 1369 173864 5 33751434 132875 2.4 64 26 2 16 46% 19375 211921 15512 13%
c - 5021.94 137 166 136 1370 174268 5 33788434 135675 2.5 67 27 2 16 48% 19379 211921 15512 13%
c u 5023.76 127 167 136 1370 174346 5 33794236 135819 2.5 68 27 2 16 48% 19391 211921 15512 13%
c v 5025.54 135 167 136 1370 174346 5 33794236 114341 2.5 68 27 2 16 48% 19395 211921 15512 13%
c w 5028.78 139 167 136 1370 174346 5 33794236 113715 2.5 68 27 2 16 48% 19395 211921 15512 13%
c
c  seconds      switched         rate             size/glue  tier1     binary           remaining
c           MB      reductions      conflicts           size   tier2       irredundant
c             level        restarts         redundant      glue    trail           variables
c
c t 5028.80 139 167 136 1370 174346 5 33794236 113715 2.5 68 27 2 16 48% 19389 211921 15512 13%
c - 5032.98 135 170 136 1371 174645 5 33825447 116137 2.5 69 28 2 16 49% 19389 211921 15512 13%
c - 5037.82 137 172 136 1372 174977 4 33862477 124349 2.5 71 28 2 16 49% 19394 211921 15512 13%
c - 5043.19 137 173 136 1373 175339 4 33899517 128620 2.6 74 29 2 16 50% 19396 211921 15512 13%
c - 5048.87 138 176 136 1374 175723 4 33936571 129549 2.5 76 30 2 16 51% 19396 211921 15512 13%
c o 5049.54 135 176 136 1374 175769 4 33941488 134436 2.6 76 30 2 16 51% 19396 211921 15512 13%
c - 5054.01 138 176 136 1375 176037 4 33973638 131237 2.6 77 30 2 16 51% 19396 211921 15512 13%
c - 5059.27 135 175 136 1376 176352 4 34010719 133342 2.6 78 30 2 16 52% 19396 211921 15512 13%
c - 5064.83 135 176 136 1377 176705 4 34047813 134054 2.6 80 30 2 16 52% 19397 211921 15512 13%
c - 5070.30 136 174 136 1378 177055 4 34084920 133829 2.6 81 31 2 16 52% 19399 211921 15512 13%
c - 5075.86 137 175 136 1379 177399 4 34122041 134029 2.6 81 31 2 16 53% 19399 211921 15512 13%
c - 5080.75 135 174 136 1380 177659 4 34159175 134773 2.7 81 30 2 16 53% 19399 211921 15512 13%
c - 5086.02 136 174 136 1381 177978 4 34196324 134633 2.7 81 30 2 16 53% 19400 211921 15512 13%
c - 5091.64 135 173 136 1382 178329 4 34233487 132811 2.7 82 30 2 16 53% 19401 211921 15512 13%
c - 5097.19 138 173 136 1383 178676 4 34270666 132142 2.7 82 31 2 16 53% 19401 211921 15512 13%
c - 5102.53 132 172 136 1384 179005 4 34307856 132551 2.7 83 31 2 16 53% 19403 211921 15512 13%
c - 5107.68 134 174 136 1385 179302 4 34345059 133267 2.7 83 31 2 16 54% 19404 211921 15512 13%
c - 5112.97 138 172 136 1386 179602 4 34382275 134277 2.7 83 31 2 16 53% 19404 211921 15512 13%
c - 5118.56 137 171 136 1387 179918 4 34419504 135111 2.7 83 30 2 16 53% 19404 211921 15512 13%
c u 5120.83 132 171 136 1387 179998 4 34429655 138486 2.7 83 30 2 16 53% 19418 211921 15512 13%
c
c  seconds      switched         rate             size/glue  tier1     binary           remaining
c           MB      reductions      conflicts           size   tier2       irredundant
c             level        restarts         redundant      glue    trail           variables
c
c v 5122.49 137 171 136 1387 179998 4 34429655 119736 2.7 83 30 2 16 53% 19418 211921 15512 13%
c w 5125.70 142 171 136 1387 179998 4 34429655 119344 2.7 83 30 2 16 53% 19418 211921 15512 13%
c t 5125.72 142 171 136 1387 179998 4 34429655 119344 2.7 83 30 2 16 53% 19411 211921 15512 13%
c } 5128.19 136 173 137 1387 180158 4 34446979 136490 2.7 83 31 2 16 54% 19411 211921 15512 13%
c [ 5128.19 136 88 137 1387 180158 1 34446979 136490 2.9 177 60 3 35 46% 19411 211921 15512 13%
c O 5128.19 136 88 137 1387 180158 1 34446979 136490 2.9 177 60 3 35 46% 19411 211921 15512 13%
c - 5129.19 140 86 137 1388 180164 1 34456746 111644 3.0 175 59 3 35 46% 19411 211921 15512 13%
c - 5134.49 140 92 137 1389 180181 1 34494001 103876 2.8 166 59 3 35 48% 19411 211921 15512 13%
c - 5139.41 109 91 137 1390 180191 1 34531273 91260 2.8 159 57 3 35 48% 19411 211921 15512 13%
c - 5143.32 134 91 137 1391 180209 1 34568556 91504 2.8 150 54 3 35 46% 19411 211921 15512 13%
c - 5147.40 130 82 137 1392 180219 1 34605852 93722 2.9 146 50 3 35 45% 19411 211921 15512 13%
c - 5152.07 135 76 137 1393 180220 1 34643163 88368 2.8 136 49 3 35 44% 19411 211921 15512 13%
c - 5156.18 134 80 137 1394 180238 1 34680487 90258 2.8 135 49 3 35 43% 19411 211921 15512 13%
c - 5159.91 138 89 137 1395 180251 1 34717827 93167 2.7 137 52 3 35 42% 19411 211921 15512 13%
c - 5164.04 113 85 137 1396 180266 1 34755176 90503 2.7 137 50 3 34 42% 19411 211921 15512 13%
c o 5165.14 118 85 137 1396 180271 1 34763875 98940 2.7 137 50 3 34 42% 19411 211921 15512 13%
c - 5170.13 118 113 137 1397 180282 1 34792540 86952 2.3 152 67 3 35 44% 19411 211921 15512 13%
c - 5177.24 113 121 137 1398 180283 1 34829918 81267 2.2 164 74 3 35 49% 19411 211921 15512 13%
c - 5184.61 116 120 137 1399 180284 1 34867307 80449 2.3 167 73 3 35 54% 19411 211921 15512 13%
c - 5192.05 111 118 137 1400 180284 1 34904710 82826 2.3 169 73 3 35 56% 19411 211921 15512 13%
c
c  seconds      switched         rate             size/glue   tier1     binary           remaining
c           MB      reductions      conflicts           size    tier2       irredundant
c             level        restarts         redundant       glue    trail           variables
c
c s 5195.69 125 114 137 1400 180297 1 34925750 102836 2.3 165 70 3 35 56% 19411 211912 15512 13%
c e 5195.70 112 114 137 1400 180297 1 34925750 102836 2.3 165 70 3 35 56% 19408 211941 15510 13%
c s 5195.70 112 114 137 1400 180297 1 34925750 102836 2.3 165 70 3 35 56% 19408 211929 15510 13%
c - 5198.47 120 109 137 1401 180302 1 34942127 86543 2.4 162 67 3 35 57% 19408 211929 15510 13%
c - 5204.89 163 100 137 1402 180315 1 34979556 87197 2.6 162 64 3 35 59% 19408 211929 15510 13%
c - 5211.38 196 97 137 1403 180330 1 35016999 85991 2.6 162 62 3 35 60% 19408 211929 15510 13%
c - 5216.62 209 92 137 1404 180346 1 35054456 89551 2.7 151 57 3 34 56% 19408 211929 15510 13%
c u 5219.27 228 89 137 1404 180347 1 35071507 102177 2.7 145 54 3 34 53% 19411 211929 15510 13%
c v 5219.71 229 89 137 1404 180347 1 35071507 96698 2.7 145 54 3 34 53% 19411 211929 15510 13%
c w 5225.51 241 89 137 1404 180347 1 35071507 94384 2.7 145 54 3 34 53% 19411 211929 15510 13%
c B 5227.49 241 91 137 1404 180347 1 35087708 110060 2.6 142 54 3 34 52% 19411 211929 15510 13%
c - 5227.86 178 96 137 1405 180347 1 35091926 84311 2.6 143 55 3 34 52% 19411 211929 15510 13%
c - 5231.73 202 119 137 1406 180362 1 35129409 82300 2.2 149 67 3 35 48% 19411 211929 15510 13%
c - 5236.62 232 122 137 1407 180377 1 35166905 82232 2.2 146 65 3 35 50% 19412 211929 15510 13%
c - 5242.08 211 120 137 1408 180391 1 35204415 86466 2.3 144 62 3 35 50% 19412 211929 15510 13%
c - 5248.14 174 104 137 1409 180407 1 35241938 85700 2.5 145 57 3 35 54% 19412 211929 15510 13%
c ] 5249.18 174 101 138 1409 180408 1 35248224 91478 2.6 145 57 3 35 54% 19412 211929 15510 13%
c { 5249.18 174 173 138 1409 180408 4 35248224 91478 2.7 83 31 2 16 54% 19412 211929 15510 13%
c - 5252.76 222 175 138 1410 180645 4 35279474 95851 2.7 80 30 2 16 53% 19412 211929 15510 13%
c - 5257.33 264 176 138 1411 180955 4 35317023 112931 2.7 79 29 2 16 53% 19412 211929 15510 13%
c
c  seconds      switched         rate             size/glue  tier1     binary           remaining
c           MB      reductions      conflicts           size   tier2       irredundant
c             level        restarts         redundant      glue    trail           variables
c
c - 5262.13 204 176 138 1412 181285 4 35354587 119733 2.7 78 29 2 16 52% 19414 211929 15510 13%
c - 5267.51 210 175 138 1413 181677 4 35392164 122695 2.6 78 30 2 16 52% 19414 211929 15510 13%
c - 5272.20 153 174 138 1414 181981 4 35429753 125589 2.6 76 29 2 16 52% 19414 211929 15510 13%
c - 5276.92 157 172 138 1415 182301 4 35467357 129060 2.6 76 29 2 16 52% 19415 211929 15510 13%
c - 5281.97 119 173 138 1416 182652 4 35504975 130578 2.6 76 29 2 16 51% 19416 211929 15510 13%
c - 5287.21 120 171 138 1417 183021 4 35542604 130892 2.6 77 30 2 16 51% 19417 211929 15510 13%
c - 5292.57 108 171 138 1418 183389 4 35580249 131816 2.6 77 30 2 16 51% 19419 211929 15510 13%
c o 5294.51 119 170 138 1418 183548 4 35593919 145330 2.6 78 30 2 16 52% 19419 211929 15510 13%
c - 5297.86 119 170 138 1419 183764 4 35617906 132131 2.6 79 30 2 16 51% 19419 211929 15510 13%
c - 5303.46 120 170 138 1420 184143 4 35655576 132726 2.6 79 31 2 16 51% 19419 211929 15510 13%
c - 5308.72 121 170 138 1421 184477 4 35693258 134308 2.6 80 31 2 16 51% 19419 211929 15510 13%
c u 5313.57 118 169 138 1421 184757 4 35719806 153595 2.6 80 31 2 16 51% 19423 211929 15510 13%
c v 5315.56 121 169 138 1421 184757 4 35719806 126857 2.6 80 31 2 16 51% 19423 211929 15510 13%
c w 5319.21 128 169 138 1421 184757 4 35719806 126573 2.6 80 31 2 16 51% 19423 211929 15510 13%
c t 5319.23 128 169 138 1421 184757 4 35719806 126573 2.6 80 31 2 16 51% 19417 211929 15510 13%
c - 5321.01 117 170 138 1422 184877 4 35730956 107805 2.6 80 31 2 16 52% 19418 211929 15510 13%
c - 5325.97 119 170 138 1423 185208 4 35768665 115039 2.6 80 31 2 16 52% 19418 211929 15510 13%
c - 5330.79 118 172 138 1424 185538 4 35806387 121808 2.6 79 31 2 16 52% 19418 211929 15510 13%
c - 5335.79 119 171 138 1425 185891 4 35844122 125087 2.6 79 31 2 16 51% 19418 211929 15510 13%
c - 5340.99 121 169 138 1426 186230 4 35881871 127032 2.6 80 31 2 16 52% 19418 211929 15510 13%
c
c  seconds      switched         rate             size/glue  tier1     binary           remaining
c           MB      reductions      conflicts           size   tier2       irredundant
c             level        restarts         redundant      glue    trail           variables
c
c - 5346.12 115 169 138 1427 186584 4 35919634 128732 2.6 80 31 2 16 52% 19419 211929 15510 13%
c - 5351.46 121 169 138 1428 186934 4 35957410 129896 2.6 80 31 2 16 51% 19421 211929 15510 13%
c - 5356.79 117 170 138 1429 187296 4 35995198 130904 2.5 80 31 2 16 51% 19423 211929 15510 13%
c - 5362.18 120 167 138 1430 187657 4 36033000 132400 2.5 80 31 2 16 51% 19423 211929 15510 13%
c - 5367.83 120 167 138 1431 188031 4 36070815 133728 2.5 80 32 2 16 50% 19423 211929 15510 13%
c - 5373.10 122 167 138 1432 188367 4 36108643 134713 2.5 80 32 2 16 50% 19424 211929 15510 13%
c } 5376.23 120 166 139 1432 188563 4 36132569 158246 2.5 80 31 2 16 50% 19424 211929 15510 13%
c [ 5376.23 120 101 139 1432 188563 1 36132569 158246 2.6 145 57 3 35 54% 19424 211929 15510 13%
c W 5376.62 136 101 139 1432 188563 1 36132569 158246 2.6 145 57 3 35 54% 19424 211929 15510 13%
c - 5378.82 143 99 139 1433 188571 1 36146486 131699 2.6 143 55 3 34 54% 19424 211929 15510 13%
c - 5382.66 152 117 139 1434 188590 1 36184341 116919 2.3 142 61 3 35 50% 19425 211929 15510 13%
c - 5386.96 157 106 139 1435 188599 1 36222210 99102 2.4 137 57 3 34 48% 19426 211929 15510 13%
c - 5391.67 206 108 139 1436 188616 1 36260094 96975 2.3 132 56 3 34 47% 19426 211929 15510 13%
c - 5396.39 209 95 139 1437 188625 1 36297990 98755 2.4 122 52 3 34 46% 19426 211929 15510 13%
c - 5401.66 210 91 139 1438 188631 1 36335897 98078 2.4 120 51 3 34 47% 19426 211929 15510 13%
c - 5406.49 210 87 139 1439 188647 1 36373818 98117 2.4 116 49 3 34 47% 19426 211929 15510 13%
c u 5407.34 210 87 139 1439 188647 1 36374530 92464 2.4 116 49 3 34 47% 19432 211929 15510 13%
c v 5407.79 210 87 139 1439 188647 1 36374530 86208 2.4 116 49 3 34 47% 19433 211929 15510 13%
c w 5409.96 215 87 139 1439 188647 1 36374530 85385 2.4 116 49 3 34 47% 19433 211929 15510 13%
c x 5411.82 220 87 139 1439 188647 1 36374530 85327 2.4 116 49 3 34 47% 19445 211706 15510 13%
c
c  seconds     switched         rate            size/glue   tier1     binary           remaining
c           MB     reductions      conflicts          size    tier2       irredundant
c            level        restarts         redundant      glue    trail           variables
c
c t 5411.84 220 87 139 1439 188647 1 36374530 85327 2.4 116 49 3 34 47% 19434 211706 15510 13%
c - 5416.04 227 80 139 1440 188657 1 36411753 88895 2.3 105 46 3 34 46% 19435 211706 15510 13%
c - 5419.62 244 85 139 1441 188676 1 36449703 89078 2.0 101 50 3 34 44% 19436 211706 15510 13%
c - 5424.02 256 82 139 1442 188687 1 36487663 89919 2.2 104 48 3 34 45% 19436 211706 15510 13%
c - 5429.30 271 79 139 1443 188688 1 36525636 88668 2.1 102 49 3 35 46% 19437 211706 15510 13%
c - 5435.09 197 77 139 1444 188689 1 36563622 87671 2.1 102 49 3 35 47% 19437 211706 15510 13%
c - 5440.71 197 74 139 1445 188696 1 36601623 89682 2.1 102 50 3 35 47% 19437 211706 15510 13%
c - 5446.39 121 78 139 1446 188714 1 36639637 92993 2.0 102 52 3 35 47% 19437 211706 15510 13%
c - 5452.00 121 78 139 1447 188723 1 36677663 88843 1.9 101 52 3 35 46% 19437 211706 15510 13%
c - 5456.72 136 74 139 1448 188742 1 36715702 83731 1.9 99 51 3 35 44% 19437 211706 15510 13%
c o 5457.74 137 75 139 1448 188747 1 36724464 92009 2.0 99 51 3 35 45% 19437 211706 15510 13%
c - 5462.33 149 87 139 1449 188751 1 36753756 85162 2.1 112 54 3 35 46% 19437 211706 15510 13%
c s 5463.84 152 90 139 1449 188752 1 36764109 95366 2.2 117 53 3 35 47% 19441 211680 15510 13%
c e 5463.89 153 90 139 1449 188752 1 36764109 95366 2.2 117 53 3 35 47% 19406 211829 15499 13%
c s 5463.89 153 90 139 1449 188752 1 36764109 95366 2.2 117 53 3 35 47% 19406 211778 15499 13%
c - 5469.01 170 90 139 1450 188755 1 36791822 85329 2.3 127 54 3 35 48% 19406 211778 15499 13%
c I 5470.01 173 90 139 1450 188759 1 36797836 91155 2.4 128 54 3 35 49% 19406 211778 15499 13%
c - 5474.83 193 103 139 1451 188773 1 36829900 85488 2.4 136 57 3 35 52% 19406 211778 15499 13%
c - 5479.15 168 112 139 1452 188783 1 36867991 87025 2.5 150 59 3 35 52% 19406 211778 15499 13%
c - 5483.59 193 120 139 1453 188801 1 36906096 85667 2.5 153 62 3 35 51% 19406 211778 15499 13%
c
c  seconds      switched         rate            size/glue   tier1     binary           remaining
c           MB      reductions      conflicts          size    tier2       irredundant
c             level        restarts         redundant      glue    trail           variables
c
c - 5490.13 204 112 139 1454 188814 1 36944214 82266 2.3 146 63 3 35 53% 19406 211778 15499 13%
c - 5496.04 253 102 139 1455 188815 1 36982346 80448 2.4 145 60 3 35 56% 19406 211778 15499 13%
c ] 5499.02 260 98 140 1455 188816 1 37001688 98964 2.5 146 59 3 35 58% 19406 211778 15499 13%
c { 5499.02 260 166 140 1455 188816 4 37001688 98964 2.5 80 31 2 16 50% 19406 211778 15499 13%
c - 5501.49 203 171 140 1456 188977 4 37020491 91172 2.6 81 31 2 16 51% 19407 211778 15499 13%
c u 5504.11 210 171 140 1456 189121 4 37035673 102755 2.6 81 32 2 16 51% 19410 211778 15499 13%
c v 5504.78 212 171 140 1456 189121 4 37035673 94398 2.6 81 32 2 16 51% 19410 211778 15499 13%
c w 5509.89 219 171 140 1456 189121 4 37035673 93008 2.6 81 32 2 16 51% 19410 211778 15499 13%
c t 5509.91 219 171 140 1456 189121 4 37035673 93008 2.6 81 32 2 16 51% 19407 211778 15499 13%
c f 5509.93 219 171 140 1456 189121 4 37035673 93008 2.6 81 32 2 16 51% 19410 211731 15501 13%
c u 5510.56 219 171 140 1456 189121 4 37035673 92699 2.6 81 32 2 16 51% 19411 211731 15501 13%
c v 5510.97 219 171 140 1456 189121 4 37035673 89488 2.6 81 32 2 16 51% 19411 211731 15501 13%
c w 5515.47 221 171 140 1456 189121 4 37035673 84892 2.6 81 32 2 16 51% 19411 211731 15501 13%
c - 5518.56 165 170 140 1457 189335 4 37058648 88911 2.6 83 32 2 16 52% 19411 211731 15501 13%
c - 5523.44 206 170 140 1458 189671 4 37096818 103812 2.6 84 32 2 16 53% 19411 211731 15501 13%
c - 5528.98 302 170 140 1459 190045 4 37135001 112577 2.7 87 33 2 16 53% 19411 211731 15501 13%
c - 5534.16 307 168 140 1460 190353 4 37173199 118024 2.7 87 32 2 16 53% 19411 211731 15501 13%
c - 5537.23 293 162 140 1461 190495 4 37211408 126044 2.6 79 30 2 16 51% 19411 211731 15501 13%
c - 5541.98 362 160 140 1462 190813 4 37249633 129589 2.7 80 30 2 16 50% 19411 211731 15501 13%
c - 5547.54 302 160 140 1463 191205 4 37287870 125365 2.7 84 31 2 16 51% 19413 211731 15501 13%
c
c  seconds      switched         rate             size/glue  tier1     binary           remaining
c           MB      reductions      conflicts           size   tier2       irredundant
c             level        restarts         redundant      glue    trail           variables
c
c - 5553.16 303 158 140 1464 191578 4 37326120 124214 2.7 87 32 2 16 52% 19414 211731 15501 13%
c - 5558.94 183 154 140 1465 191940 4 37364383 125452 2.7 89 33 2 16 52% 19414 211731 15501 13%
c - 5564.62 184 154 140 1466 192289 4 37402659 126229 2.7 91 33 2 16 53% 19415 211731 15501 13%
c - 5571.02 119 154 140 1467 192677 4 37440948 127323 2.7 93 34 2 16 53% 19415 211731 15501 13%
c - 5576.94 120 154 140 1468 193003 4 37479249 129161 2.8 94 34 2 16 53% 19418 211731 15501 13%
c - 5582.69 122 156 140 1469 193324 4 37517564 131219 2.8 94 34 2 16 53% 19418 211731 15501 13%
c - 5589.12 122 157 140 1470 193676 4 37555891 132386 2.8 95 34 2 16 53% 19419 211731 15501 13%
c o 5592.18 121 154 140 1470 193841 4 37574701 150963 2.8 97 35 2 16 53% 19419 211731 15501 13%
c - 5595.17 125 151 140 1471 193966 4 37594234 133362 2.8 98 34 2 16 54% 19419 211731 15501 13%
c - 5601.55 122 152 140 1472 194358 4 37632589 133601 2.8 98 35 2 16 54% 19420 211731 15501 13%
c - 5607.07 126 153 140 1473 194639 4 37670957 135092 2.8 97 34 2 16 53% 19421 211731 15501 13%
c u 5612.76 124 151 140 1473 194877 3 37703291 159230 2.8 96 34 2 16 54% 19430 211731 15501 13%
c v 5615.15 128 151 140 1473 194877 3 37703291 137241 2.8 96 34 2 16 54% 19430 211731 15501 13%
c w 5619.11 140 151 140 1473 194877 3 37703291 137113 2.8 96 34 2 16 54% 19430 211731 15501 13%
c t 5619.14 140 151 140 1473 194877 3 37703291 137113 2.8 96 34 2 16 54% 19428 211731 15501 13%
c - 5620.08 119 153 140 1474 194920 3 37709336 112509 2.8 96 34 2 16 54% 19428 211731 15501 13%
c - 5625.50 125 150 140 1475 195219 3 37747729 117554 2.8 95 34 2 16 54% 19428 211731 15501 13%
c - 5631.41 125 150 140 1476 195589 4 37786136 121837 2.8 96 35 2 16 54% 19429 211731 15501 13%
c - 5636.48 121 151 140 1477 195862 3 37824554 125273 2.8 94 34 2 16 53% 19429 211731 15501 13%
c - 5642.42 126 149 140 1478 196222 3 37862985 126902 2.8 96 35 2 16 54% 19431 211731 15501 13%
c
c  seconds      switched         rate             size/glue  tier1     binary           remaining
c           MB      reductions      conflicts           size   tier2       irredundant
c             level        restarts         redundant      glue    trail           variables
c
c - 5648.30 125 148 140 1479 196580 4 37901432 126752 2.8 97 35 2 16 54% 19431 211731 15501 13%
c } 5649.49 123 148 141 1479 196664 4 37909387 134604 2.8 98 36 2 16 54% 19431 211731 15501 13%
c [ 5649.49 123 98 141 1479 196664 1 37909387 134604 2.5 146 59 3 35 58% 19431 211731 15501 13%
c B 5649.49 123 98 141 1479 196664 1 37909387 134604 2.5 146 59 3 35 58% 19431 211731 15501 13%
c - 5654.15 119 93 141 1480 196678 1 37939889 119898 2.6 147 56 3 35 58% 19431 211731 15501 13%
c - 5660.06 126 88 141 1481 196694 1 37978362 103707 2.7 145 54 3 35 59% 19431 211731 15501 13%
c - 5665.85 124 85 141 1482 196709 1 38016845 92212 2.7 138 52 3 35 59% 19431 211731 15501 13%
c - 5671.09 129 91 141 1483 196724 1 38055342 92851 2.6 140 54 3 35 57% 19431 211731 15501 13%
c - 5675.88 123 85 141 1484 196726 1 38093851 89453 2.7 139 52 3 35 52% 19431 211731 15501 13%
c - 5680.86 128 82 141 1485 196741 1 38132373 87643 2.7 138 50 3 35 50% 19431 211731 15501 13%
c - 5685.95 124 79 141 1486 196756 1 38170910 92457 2.8 136 49 3 35 48% 19431 211731 15501 13%
c - 5691.38 95 105 141 1487 196771 1 38209458 91269 2.7 152 56 3 35 52% 19431 211731 15501 13%
c - 5696.60 100 101 141 1488 196787 1 38248023 88055 2.7 151 56 3 35 54% 19431 211731 15501 13%
c - 5702.53 97 101 141 1489 196789 1 38286597 86031 2.6 154 59 3 35 56% 19431 211731 15501 13%
c - 5708.97 100 98 141 1490 196790 1 38325184 82113 2.5 156 62 3 35 57% 19431 211731 15501 13%
c - 5715.20 90 95 141 1491 196790 1 38363785 81723 2.5 155 61 3 35 59% 19431 211731 15501 13%
c u 5718.04 105 95 141 1491 196797 1 38377365 89959 2.5 154 61 3 35 59% 19433 211731 15501 13%
c v 5718.31 105 95 141 1491 196797 1 38377365 85158 2.5 154 61 3 35 59% 19434 211731 15501 13%
c w 5724.76 116 95 141 1491 196797 1 38377365 82941 2.5 154 61 3 35 59% 19434 211731 15501 13%
c t 5724.78 116 95 141 1491 196797 1 38377365 82941 2.5 154 61 3 35 59% 19433 211731 15501 13%
c
c  seconds    switched         rate            size/glue   tier1     binary           remaining
c          MB     reductions      conflicts          size    tier2       irredundant
c           level        restarts         redundant      glue    trail           variables
c
c - 5728.65 96 96 141 1492 196806 1 38402399 76482 2.5 155 61 3 35 59% 19433 211731 15501 13%
c - 5734.62 101 106 141 1493 196821 1 38441025 80867 2.4 156 64 3 35 58% 19433 211731 15501 13%
c o 5736.59 98 106 141 1493 196823 1 38451874 91471 2.5 154 63 3 35 58% 19433 211731 15501 13%
c - 5740.78 99 105 141 1494 196836 1 38479667 82950 2.6 156 61 3 35 57% 19433 211731 15501 13%
c - 5746.96 95 105 141 1495 196852 1 38518319 80700 2.4 156 64 3 35 54% 19433 211731 15501 13%
c - 5752.95 100 113 141 1496 196853 1 38556986 79272 2.4 157 66 3 35 54% 19433 211731 15501 13%
c - 5758.84 99 110 141 1497 196868 1 38595664 81609 2.4 156 64 3 35 54% 19433 211731 15501 13%
c W 5759.96 113 109 141 1497 196870 1 38599514 85363 2.4 155 64 3 35 54% 19433 211731 15501 13%
c - 5765.35 143 115 141 1498 196884 1 38634355 82321 2.4 162 67 3 35 57% 19433 211731 15501 13%
c s 5768.82 159 118 141 1498 196891 1 38658071 105386 2.4 163 68 3 35 57% 19433 211727 15501 13%
c e 5768.83 161 118 141 1498 196891 1 38658071 105386 2.4 163 68 3 35 57% 19432 211743 15500 13%
c s 5768.84 161 118 141 1498 196891 1 38658071 105386 2.4 163 68 3 35 57% 19432 211732 15500 13%
c - 5770.94 170 118 141 1499 196899 1 38673060 80898 2.4 163 69 3 35 56% 19432 211732 15500 13%
c ] 5774.60 176 124 142 1499 196910 1 38697627 104899 2.3 163 70 3 35 55% 19432 211732 15500 13%
c { 5774.60 176 148 142 1499 196910 4 38697627 104899 2.8 98 36 2 16 54% 19432 211732 15500 13%
c - 5775.98 182 150 142 1500 196958 3 38711778 86926 2.8 96 34 2 16 54% 19432 211732 15500 13%
c - 5780.17 221 159 142 1501 197193 3 38750508 104202 2.8 92 33 2 16 55% 19432 211732 15500 13%
c - 5784.81 249 163 142 1502 197486 3 38789250 115494 2.7 87 32 2 16 55% 19432 211732 15500 13%
c - 5789.40 315 165 142 1503 197764 4 38828005 121153 2.7 83 31 2 16 54% 19432 211732 15500 13%
c - 5794.21 400 166 142 1504 198074 4 38866773 125352 2.7 80 30 2 16 53% 19432 211732 15500 13%
c
c  seconds      switched         rate             size/glue  tier1     binary           remaining
c           MB      reductions      conflicts           size   tier2       irredundant
c             level        restarts         redundant      glue    trail           variables
c
c - 5799.52 507 168 142 1505 198404 4 38905556 127524 2.7 82 30 2 16 53% 19435 211732 15500 13%
c - 5804.68 442 168 142 1506 198724 4 38944354 129180 2.6 80 30 2 16 52% 19435 211732 15500 13%
c - 5810.46 534 168 142 1507 199102 4 38983162 129850 2.6 81 31 2 16 53% 19435 211732 15500 13%
c - 5816.33 514 168 142 1508 199508 4 39021982 130284 2.6 81 31 2 16 52% 19435 211732 15500 13%
c u 5822.30 403 167 142 1508 199826 4 39057913 160693 2.6 81 31 2 16 53% 19439 211732 15500 13%
c v 5824.61 411 167 142 1508 199826 4 39057913 134998 2.6 81 31 2 16 53% 19440 211732 15500 13%
c w 5829.06 427 167 142 1508 199826 4 39057913 134779 2.6 81 31 2 16 53% 19440 211732 15500 13%
c t 5829.09 427 167 142 1508 199826 4 39057913 134779 2.6 81 31 2 16 53% 19437 211732 15500 13%
c - 5829.56 427 167 142 1509 199853 4 39060814 106799 2.6 81 31 2 16 53% 19437 211732 15500 13%
c - 5834.97 236 168 142 1510 200193 4 39099661 113674 2.6 82 32 2 16 53% 19437 211732 15500 13%
c - 5840.29 237 168 142 1511 200541 4 39138520 119654 2.6 81 32 2 16 52% 19437 211732 15500 13%
c - 5845.94 118 169 142 1512 200919 4 39177392 122361 2.6 82 32 2 16 52% 19437 211732 15500 13%
c - 5851.18 121 170 142 1513 201244 4 39216277 124717 2.6 83 32 2 16 52% 19440 211732 15500 13%
c - 5856.15 122 168 142 1514 201541 4 39255174 127313 2.6 82 31 2 16 52% 19441 211732 15500 13%
c - 5861.73 119 170 142 1515 201926 4 39294085 128104 2.6 82 32 2 16 51% 19441 211732 15500 13%
c o 5865.90 113 169 142 1515 202215 4 39321885 155604 2.6 83 32 2 16 51% 19442 211732 15500 13%
c - 5867.56 122 169 142 1516 202310 4 39333009 128381 2.6 83 32 2 16 51% 19442 211732 15500 13%
c - 5872.94 120 168 142 1517 202650 4 39371944 130268 2.6 84 32 2 16 52% 19442 211732 15500 13%
c - 5878.79 123 168 142 1518 203052 4 39410892 131360 2.6 84 33 2 16 52% 19444 211732 15500 13%
c - 5884.23 119 169 142 1519 203377 4 39449854 132005 2.6 85 33 2 16 52% 19445 211732 15500 13%
c
c  seconds      switched         rate             size/glue  tier1     binary           remaining
c           MB      reductions      conflicts           size   tier2       irredundant
c             level        restarts         redundant      glue    trail           variables
c
c - 5889.87 118 165 142 1520 203707 4 39488828 133381 2.6 85 33 2 16 53% 19446 211732 15500 13%
c - 5895.49 123 163 142 1521 204036 4 39527815 134001 2.6 86 33 2 16 53% 19448 211732 15500 13%
c - 5901.14 124 163 142 1522 204384 4 39566817 135035 2.6 86 33 2 16 53% 19448 211732 15500 13%
c - 5906.53 121 160 142 1523 204705 4 39605830 136201 2.6 85 33 2 16 52% 19448 211732 15500 13%
c } 5909.70 119 161 143 1523 204917 4 39628940 158978 2.6 85 33 2 16 52% 19448 211732 15500 13%
c [ 5909.70 119 124 143 1523 204917 1 39628940 158978 2.3 163 70 3 35 55% 19448 211732 15500 13%
c O 5909.70 119 124 143 1523 204917 1 39628940 158978 2.3 163 70 3 35 55% 19448 211732 15500 13%
c - 5912.46 126 116 143 1524 204926 1 39644855 132416 2.5 164 66 3 35 55% 19448 211732 15500 13%
c - 5919.76 129 110 143 1525 204945 1 39683893 112861 2.5 164 66 3 35 53% 19448 211732 15500 13%
c - 5925.42 103 104 143 1526 204954 1 39722944 91540 2.5 157 64 3 35 51% 19448 211732 15500 13%
c u 5930.06 110 102 143 1526 204964 1 39744963 105910 2.4 155 64 3 35 50% 19459 211732 15500 13%
c v 5930.51 111 102 143 1526 204964 1 39744963 94647 2.4 155 64 3 35 50% 19460 211732 15500 13%
c w 5938.11 127 102 143 1526 204964 1 39744963 92980 2.4 155 64 3 35 50% 19460 211732 15500 13%
c t 5938.14 127 102 143 1526 204964 1 39744963 92980 2.4 155 64 3 35 50% 19453 211732 15500 13%
c - 5941.03 95 101 143 1527 204974 1 39762009 76672 2.5 156 63 3 35 51% 19453 211732 15500 13%
c - 5948.24 100 97 143 1528 204979 1 39801085 76747 2.6 168 64 3 35 51% 19453 211732 15500 13%
c - 5955.71 96 92 143 1529 204988 1 39840176 72309 2.7 172 64 3 35 51% 19453 211732 15500 13%
c - 5962.67 100 89 143 1530 205008 1 39879279 74636 2.7 168 63 3 35 52% 19453 211732 15500 13%
c - 5969.55 97 82 143 1531 205017 1 39918395 76511 2.8 166 59 3 35 54% 19453 211732 15500 13%
c - 5976.42 94 80 143 1532 205036 1 39957522 78871 2.9 165 58 3 35 55% 19453 211732 15500 13%
c
c  seconds    switched         rate            size/glue   tier1     binary           remaining
c          MB     reductions      conflicts          size    tier2       irredundant
c           level        restarts         redundant      glue    trail           variables
c
c - 5982.18 99 82 143 1533 205042 1 39996664 78782 2.8 164 59 3 35 53% 19453 211732 15500 13%
c - 5987.30 96 90 143 1534 205043 1 40035819 80254 2.7 163 61 3 35 51% 19453 211732 15500 13%
c - 5991.79 100 104 143 1535 205043 1 40074985 82187 2.4 158 67 3 35 48% 19453 211732 15500 13%
c - 5996.80 100 106 143 1536 205058 1 40114166 86413 2.4 152 64 3 35 48% 19453 211732 15500 13%
c - 6003.63 116 94 143 1537 205073 1 40153357 88515 2.4 142 58 3 35 48% 19453 211732 15500 13%
c - 6008.99 114 89 143 1538 205088 1 40192564 88013 2.5 134 55 3 35 47% 19453 211732 15500 13%
c o 6010.10 115 90 143 1538 205090 1 40203181 98207 2.4 137 56 3 35 47% 19453 211732 15500 13%
c - 6014.35 125 95 143 1539 205104 1 40231781 89711 2.5 139 56 3 35 48% 19453 211732 15500 13%
c - 6020.91 121 83 143 1540 205106 1 40271012 87234 2.7 141 51 3 35 49% 19453 211732 15500 13%
c - 6026.95 122 91 143 1541 205121 1 40310256 89921 2.8 141 51 3 35 50% 19453 211732 15500 13%
c B 6030.94 126 93 143 1541 205136 1 40344237 123066 2.8 136 49 3 35 51% 19453 211732 15500 13%
c - 6031.64 118 95 143 1542 205136 1 40349511 95799 2.8 134 49 3 35 51% 19453 211732 15500 13%
c ] 6033.59 120 96 144 1542 205137 1 40360881 106712 2.7 135 50 3 35 51% 19453 211732 15500 13%
c { 6033.59 120 161 144 1542 205137 4 40360881 106712 2.6 85 33 2 16 52% 19453 211732 15500 13%
c - 6036.65 120 166 144 1543 205318 4 40388781 102171 2.6 82 32 2 16 51% 19453 211732 15500 13%
c - 6041.07 126 171 144 1544 205592 4 40428064 113712 2.6 80 31 2 16 51% 19453 211732 15500 13%
c u 6042.92 142 171 144 1544 205661 4 40438491 120947 2.6 80 30 2 16 51% 19462 211732 15500 13%
c v 6044.26 145 171 144 1544 205661 4 40438491 104703 2.6 80 30 2 16 51% 19463 211732 15500 13%
c w 6048.05 155 171 144 1544 205661 4 40438491 102881 2.6 80 30 2 16 51% 19463 211732 15500 13%
c t 6059.90 156 171 144 1544 205661 4 40438491 102881 2.6 80 30 2 16 51% 19462 211732 15500 13%
c
c  seconds      switched         rate             size/glue  tier1     binary           remaining
c           MB      reductions      conflicts           size   tier2       irredundant
c             level        restarts         redundant      glue    trail           variables
c
c - 6063.31 169 175 144 1545 205884 4 40467358 106289 2.6 78 30 2 16 51% 19463 211732 15500 13%
c - 6068.81 195 179 144 1546 206260 4 40506667 116325 2.6 78 30 2 16 51% 19467 211732 15500 13%
c - 6074.19 221 180 144 1547 206612 4 40545986 121686 2.6 78 30 2 16 51% 19468 211732 15500 13%
c - 6079.48 251 180 144 1548 206981 4 40585317 125461 2.6 78 30 2 16 50% 19469 211732 15500 13%
c s 6082.97 267 180 144 1548 207246 4 40608155 148072 2.6 78 30 2 16 51% 19469 211729 15500 13%
c - 6085.34 284 182 144 1549 207387 4 40624661 127449 2.6 78 30 2 16 50% 19469 211729 15500 13%
c - 6091.02 309 180 144 1550 207771 4 40664018 128974 2.6 80 31 2 16 50% 19470 211729 15500 13%
c - 6096.32 289 180 144 1551 208106 4 40703390 131233 2.6 80 31 2 16 50% 19474 211729 15500 13%
c - 6102.11 225 180 144 1552 208490 4 40742772 132846 2.6 81 31 2 16 50% 19476 211729 15500 13%
c - 6107.65 272 178 144 1553 208842 4 40782168 133953 2.6 80 31 2 16 49% 19478 211729 15500 13%
c - 6113.08 214 177 144 1554 209191 4 40821576 134922 2.6 81 31 2 16 49% 19478 211729 15500 13%
c - 6118.55 244 175 144 1555 209547 4 40860999 135525 2.6 80 31 2 16 49% 19480 211729 15500 13%
c - 6124.38 197 177 144 1556 209928 4 40900433 136820 2.6 81 31 2 16 49% 19481 211729 15500 13%
c - 6129.79 227 173 144 1557 210254 4 40939884 138698 2.6 81 31 2 16 50% 19482 211729 15500 13%
c - 6135.73 223 174 144 1558 210621 4 40979344 140183 2.7 83 31 2 16 50% 19484 211729 15500 13%
c - 6141.39 257 171 144 1559 210968 4 41018815 140847 2.7 83 31 2 16 50% 19486 211729 15500 13%
c - 6147.20 225 172 144 1560 211339 4 41058300 141349 2.7 84 31 2 16 50% 19489 211729 15500 13%
c o 6152.44 233 174 144 1560 211664 4 41093234 175835 2.6 83 31 2 16 50% 19494 211729 15500 13%
c - 6153.10 230 173 144 1561 211697 4 41097797 142019 2.6 83 31 2 16 50% 19494 211729 15500 13%
c - 6159.29 146 174 144 1562 212107 4 41137306 142030 2.6 83 32 2 16 49% 19494 211729 15500 13%
c
c  seconds      switched         rate             size/glue  tier1     binary           remaining
c           MB      reductions      conflicts           size   tier2       irredundant
c             level        restarts         redundant      glue    trail           variables
c
c u 6160.31 150 174 144 1562 212110 4 41138548 134580 2.6 83 32 2 16 49% 19506 211729 15500 13%
c v 6162.12 138 174 144 1562 212110 4 41138548 109817 2.6 83 32 2 16 49% 19507 211729 15500 13%
c w 6165.23 150 174 144 1562 212110 4 41138548 108457 2.6 83 32 2 16 49% 19507 211729 15500 13%
c t 6165.26 150 174 144 1562 212110 4 41138548 108457 2.6 83 32 2 16 49% 19494 211729 15500 13%
c - 6170.40 151 173 144 1563 212447 4 41176828 116634 2.6 82 32 2 16 50% 19494 211729 15500 13%
c - 6176.47 144 174 144 1564 212842 4 41216363 125587 2.6 83 32 2 16 50% 19496 211729 15500 13%
c - 6180.87 152 174 144 1565 213143 4 41255910 129820 2.6 82 31 2 16 50% 19496 211729 15500 13%
c - 6186.13 150 175 144 1566 213513 4 41295470 132606 2.6 82 31 2 17 50% 19500 211729 15500 13%
c } 6189.00 151 174 145 1566 213720 4 41316071 152961 2.6 82 32 2 17 50% 19500 211729 15500 13%
c [ 6189.00 151 96 145 1566 213720 1 41316071 152961 2.7 135 50 3 35 51% 19500 211729 15500 13%
c W 6189.24 166 96 145 1566 213720 1 41316071 152961 2.7 135 50 3 35 51% 19500 211729 15500 13%
c - 6191.40 171 90 145 1567 213732 1 41335043 128657 2.7 131 48 3 35 51% 19500 211729 15500 13%
c - 6196.52 173 103 145 1568 213749 1 41374629 115770 2.5 133 52 3 35 50% 19500 211729 15500 13%
c - 6203.03 143 115 145 1569 213760 1 41414227 97546 2.2 145 65 3 35 49% 19500 211729 15500 13%
c - 6209.38 148 107 145 1570 213779 1 41453839 87635 2.3 147 64 3 35 51% 19500 211729 15500 13%
c - 6216.11 168 91 145 1571 213782 1 41493462 91124 2.7 155 56 3 35 52% 19500 211729 15500 13%
c - 6222.42 167 85 145 1572 213795 1 41533098 95169 2.9 155 53 3 35 51% 19500 211729 15500 13%
c - 6228.79 128 84 145 1573 213812 1 41572746 96549 2.9 155 53 3 35 50% 19500 211729 15500 13%
c - 6235.29 97 84 145 1574 213824 1 41612407 91158 2.9 159 55 3 35 49% 19500 211729 15500 13%
c - 6241.30 101 86 145 1575 213842 1 41652081 88331 2.7 156 57 3 35 47% 19500 211729 15500 13%
c
c  seconds     switched         rate            size/glue   tier1     binary           remaining
c           MB     reductions      conflicts          size    tier2       irredundant
c            level        restarts         redundant      glue    trail           variables
c
c - 6247.56 116 84 145 1576 213845 1 41691768 92397 2.7 146 54 3 35 46% 19500 211729 15500 13%
c - 6254.31 119 81 145 1577 213846 1 41731469 92293 2.6 138 53 3 35 46% 19500 211729 15500 13%
c - 6261.65 121 79 145 1578 213846 1 41771181 92620 2.5 131 52 3 35 46% 19500 211729 15500 13%
c - 6267.71 121 79 145 1579 213864 1 41810905 95604 2.5 127 51 3 35 46% 19500 211729 15500 13%
c u 6272.06 122 84 145 1579 213877 1 41845112 124017 2.6 134 51 3 35 46% 19511 211729 15500 13%
c v 6272.80 124 84 145 1579 213877 1 41845112 115851 2.6 134 51 3 35 46% 19511 211729 15500 13%
c w 6280.43 148 84 145 1579 213877 1 41845112 114224 2.6 134 51 3 35 46% 19511 211729 15500 13%
c t 6280.46 148 84 145 1579 213877 1 41845112 114224 2.6 134 51 3 35 46% 19508 211729 15500 13%
c - 6281.06 118 84 145 1580 213877 1 41850641 87838 2.6 135 51 3 35 47% 19508 211729 15500 13%
c - 6285.02 100 96 145 1581 213893 1 41890391 86400 2.6 143 55 3 35 47% 19508 211729 15500 13%
c - 6288.88 96 108 145 1582 213908 1 41930154 86661 2.4 140 59 3 35 46% 19508 211729 15500 13%
c - 6293.19 100 112 145 1583 213909 1 41969929 84858 2.3 138 61 3 35 45% 19508 211729 15500 13%
c - 6297.42 98 109 145 1584 213928 1 42009716 85519 2.3 139 60 3 35 46% 19508 211729 15500 13%
c - 6302.49 102 96 145 1585 213940 1 42049515 85521 2.4 137 57 3 35 47% 19508 211729 15500 13%
c I 6303.42 95 93 145 1585 213943 1 42056853 92225 2.5 138 56 3 35 47% 19508 211729 15500 13%
c o 6303.42 95 93 145 1585 213943 1 42056853 92225 2.5 138 56 3 35 47% 19508 211729 15500 13%
c - 6307.01 101 112 145 1586 213958 1 42089329 86413 2.4 141 59 3 35 49% 19509 211729 15500 13%
c - 6313.13 98 110 145 1587 213971 1 42129153 88151 2.4 142 60 3 35 53% 19509 211729 15500 13%
c - 6320.10 94 107 145 1588 213972 1 42168990 82244 2.3 146 63 3 35 55% 19509 211729 15500 13%
c ] 6320.55 94 107 146 1588 213973 1 42171823 84914 2.3 146 63 3 35 55% 19509 211729 15500 13%
c
c  seconds     switched         rate            size/glue  tier1     binary           remaining
c          MB      reductions      conflicts          size   tier2       irredundant
c            level        restarts         redundant     glue    trail           variables
c
c { 6320.55 94 174 146 1588 213973 4 42171823 84914 2.6 82 32 2 17 50% 19509 211729 15500 13%
c - 6325.58 120 133 146 1589 213983 3 42208841 100212 3.3 101 30 2 17 51% 19509 211729 15500 13%
c - 6327.83 119 106 146 1590 213988 3 42248703 126725 3.4 87 25 2 17 43% 19511 211729 15500 13%
c - 6329.16 125 87 146 1591 213988 2 42288577 136275 3.3 69 21 2 16 33% 19511 211729 15500 13%
c - 6330.77 128 71 146 1592 214009 2 42328465 141919 3.3 58 18 2 16 28% 19511 211729 15500 13%
c - 6331.91 123 58 146 1593 214011 2 42368364 148898 3.1 48 15 2 16 24% 19514 211729 15500 13%
c - 6333.75 128 54 146 1594 214083 2 42408276 143718 3.3 48 14 2 16 26% 19516 211729 15500 13%
c - 6335.23 128 54 146 1595 214140 2 42448200 145357 3.3 42 13 2 16 24% 19519 211729 15500 13%
c - 6336.61 129 62 146 1596 214210 1 42488137 142995 3.2 38 12 2 16 25% 19527 211729 15500 13%
c - 6337.34 123 61 146 1597 214212 1 42528086 141133 3.0 31 11 2 16 20% 19529 211729 15500 13%
c u 6338.80 123 52 146 1597 214212 1 42558206 160790 2.7 27 10 2 16 16% 19544 211729 15500 13%
c v 6340.84 131 52 146 1597 214212 1 42558206 145805 2.7 27 10 2 16 16% 19544 211729 15500 13%
c w 6341.22 134 52 146 1597 214212 1 42558206 145616 2.7 27 10 2 16 16% 19544 211729 15500 13%
c t 6341.24 134 52 146 1597 214212 1 42558206 145616 2.7 27 10 2 16 16% 19532 211729 15500 13%
c - 6341.90 103 54 146 1598 214323 1 42568048 115609 2.8 28 10 2 16 18% 19532 211729 15500 13%
c - 6344.46 110 60 146 1599 214774 2 42608022 124377 3.0 32 11 2 16 24% 19536 211729 15500 13%
c s 6344.99 107 60 146 1599 214857 2 42614824 131125 3.0 33 11 2 16 25% 19540 211714 15500 13%
c - 6347.17 114 62 146 1600 215163 2 42648010 134347 3.1 34 11 2 16 28% 19544 211714 15500 13%
c i 6348.46 114 64 146 1600 215301 2 42672590 158474 3.1 34 11 2 16 28% 19556 211712 15499 13%
c - 6349.54 111 64 146 1601 215424 2 42688010 138625 3.2 36 11 2 16 29% 19544 211712 15499 13%
c
c  seconds     switched         rate             size/glue  tier1     binary           remaining
c           MB     reductions      conflicts           size   tier2       irredundant
c            level        restarts         redundant      glue    trail           variables
c
c - 6351.97 115 66 146 1602 215700 2 42728022 141110 3.2 35 11 2 16 28% 19548 211712 15499 13%
c - 6353.97 116 63 146 1603 215929 2 42768047 143074 3.2 35 11 2 16 27% 19550 211712 15499 13%
c - 6356.44 118 62 146 1604 216230 2 42808084 144769 3.3 37 11 2 16 28% 19558 211712 15499 13%
c - 6358.91 119 62 146 1605 216537 2 42848134 146611 3.4 39 11 2 16 29% 19561 211712 15499 13%
c - 6361.52 117 63 146 1606 216810 2 42888196 148283 3.4 40 12 2 16 30% 19565 211712 15499 13%
c - 6363.31 121 59 146 1607 216955 2 42928270 148545 3.4 38 11 2 16 28% 19572 211712 15499 13%
c - 6365.55 120 58 146 1608 217189 2 42968358 149234 3.4 38 11 2 16 28% 19574 211712 15499 13%
c o 6365.57 109 58 146 1608 217191 2 42969102 149965 3.4 38 11 2 16 28% 19574 211712 15499 13%
c - 6368.04 121 58 146 1609 217462 2 43008457 151808 3.3 37 11 2 16 30% 19577 211712 15499 13%
c - 6370.70 112 63 146 1610 217770 2 43048569 152287 3.4 39 11 2 16 31% 19583 211712 15499 13%
c - 6372.87 120 63 146 1611 217997 2 43088693 153492 3.4 39 11 2 16 30% 19585 211712 15499 13%
c - 6374.51 122 58 146 1612 218121 2 43128830 153210 3.2 35 11 2 16 27% 19591 211712 15499 13%
c } 6375.74 120 58 147 1612 218270 2 43151136 175355 3.2 36 11 2 16 28% 19594 211712 15499 13%
c [ 6375.74 120 107 147 1612 218270 1 43151136 175355 2.3 146 63 3 35 55% 19594 211712 15499 13%
c B 6375.74 120 107 147 1612 218270 1 43151136 175355 2.3 146 63 3 35 55% 19594 211712 15499 13%
c - 6378.43 116 104 147 1613 218281 1 43168979 144003 2.4 145 61 3 35 57% 19595 211712 15499 13%
c - 6385.88 126 91 147 1614 218299 1 43209141 118759 2.4 138 57 3 35 57% 19595 211712 15499 13%
c - 6393.67 123 82 147 1615 218310 1 43249315 100764 2.5 135 53 3 35 58% 19595 211712 15499 13%
c u 6399.64 121 79 147 1615 218322 1 43277830 115826 2.5 130 51 3 35 56% 19634 211703 15499 13%
c v 6400.31 123 79 147 1615 218322 1 43277830 105764 2.5 130 51 3 35 56% 19637 211703 15499 13%
c
c  seconds     switched         rate             size/glue   tier1     binary           remaining
c           MB     reductions      conflicts           size    tier2       irredundant
c            level        restarts         redundant       glue    trail           variables
c
c w 6403.59 142 79 147 1615 218322 1 43277830 103025 2.5 130 51 3 35 56% 19637 211703 15499 13%
c t 6403.61 142 79 147 1615 218322 1 43277830 103025 2.5 130 51 3 35 56% 19594 211703 15499 13%
c - 6405.44 120 79 147 1616 218329 1 43289502 86339 2.6 129 50 3 35 56% 19594 211703 15499 13%
c - 6412.08 102 84 147 1617 218332 1 43329702 87382 2.6 132 51 3 35 55% 19594 211703 15499 13%
c - 6418.21 99 86 147 1618 218346 1 43369914 87150 2.5 130 52 3 35 54% 19594 211703 15499 13%
c - 6423.81 118 88 147 1619 218362 1 43410138 91672 2.6 131 50 3 35 54% 19594 211703 15499 13%
c - 6428.96 128 107 147 1620 218376 1 43450374 93251 2.4 139 57 3 35 53% 19594 211703 15499 13%
c - 6434.23 99 106 147 1621 218393 1 43490623 91200 2.5 144 57 3 35 55% 19594 211703 15499 13%
c ] 6435.81 108 105 148 1621 218394 1 43502081 102448 2.6 147 56 3 35 56% 19594 211703 15499 13%
c { 6435.81 108 58 148 1621 218394 2 43502081 102448 3.2 36 11 2 16 28% 19594 211703 15499 13%
c - 6440.64 118 89 148 1622 218910 3 43530884 100638 2.8 46 17 2 16 33% 19595 211703 15499 13%
c - 6447.08 120 116 148 1623 219575 4 43571159 115979 2.6 56 22 2 16 38% 19595 211703 15499 13%
c - 6453.47 121 133 148 1624 220131 4 43611445 125411 2.5 63 25 2 16 42% 19598 211703 15499 13%
c - 6459.98 122 145 148 1625 220659 4 43651745 130883 2.5 69 28 2 16 44% 19599 211703 15499 13%
c - 6466.09 121 153 148 1626 221107 4 43692057 134570 2.5 73 29 2 16 46% 19599 211703 15499 13%
c - 6471.83 121 157 148 1627 221503 4 43732380 138207 2.5 74 29 2 16 46% 19600 211703 15499 13%
c - 6477.95 124 160 148 1628 221942 4 43772717 140237 2.5 77 30 2 16 47% 19600 211703 15499 13%
c - 6483.59 121 161 148 1629 222307 4 43813065 141359 2.5 77 30 2 16 47% 19600 211703 15499 13%
c - 6489.33 120 161 148 1630 222682 4 43853426 142999 2.6 79 30 2 16 48% 19602 211703 15499 13%
c o 6494.41 118 159 148 1630 223026 4 43889115 178142 2.6 80 31 2 16 48% 19603 211703 15499 13%
c
c  seconds      switched         rate             size/glue  tier1     binary           remaining
c           MB      reductions      conflicts           size   tier2       irredundant
c             level        restarts         redundant      glue    trail           variables
c
c - 6495.23 124 160 148 1631 223077 4 43893799 143683 2.6 80 31 2 16 48% 19603 211703 15499 13%
c - 6501.12 121 159 148 1632 223477 4 43934185 144041 2.6 81 31 2 16 49% 19603 211703 15499 13%
c - 6507.00 122 159 148 1633 223845 4 43974583 144830 2.6 82 31 2 16 49% 19605 211703 15499 13%
c u 6512.35 115 160 148 1633 224130 4 44003989 165440 2.6 82 32 2 16 49% 19619 211703 15499 13%
c v 6514.77 117 160 148 1633 224130 4 44003989 136998 2.6 82 32 2 16 49% 19621 211703 15499 13%
c w 6519.56 132 160 148 1633 224130 4 44003989 136767 2.6 82 32 2 16 49% 19621 211703 15499 13%
c t 6519.58 132 160 148 1633 224130 4 44003989 136767 2.6 82 32 2 16 49% 19613 211703 15499 13%
c - 6520.91 123 160 148 1634 224211 4 44014993 116528 2.6 82 31 2 16 49% 19616 211703 15499 13%
c - 6526.10 123 161 148 1635 224567 4 44055415 124004 2.6 82 31 2 16 49% 19617 211703 15499 13%
c - 6531.03 123 161 148 1636 224910 4 44095852 130411 2.6 82 31 2 16 49% 19617 211703 15499 13%
c - 6536.77 123 160 148 1637 225328 4 44136299 132509 2.6 83 32 2 16 49% 19617 211703 15499 13%
c - 6542.68 122 162 148 1638 225743 4 44176758 133498 2.6 84 33 2 16 49% 19617 211703 15499 13%
c - 6548.46 113 162 148 1639 226119 4 44217230 134704 2.6 85 33 2 16 49% 19617 211703 15499 13%
c - 6554.02 121 161 148 1640 226470 4 44257714 135799 2.6 87 33 2 16 49% 19617 211703 15499 13%
c - 6559.50 124 161 148 1641 226821 4 44298210 136987 2.6 86 33 2 16 50% 19617 211703 15499 13%
c - 6565.06 123 158 148 1642 227181 4 44338721 137728 2.6 86 33 2 16 49% 19617 211703 15499 13%
c - 6571.02 120 156 148 1643 227579 4 44379244 137305 2.6 87 33 2 16 49% 19618 211703 15499 13%
c - 6576.47 123 155 148 1644 227904 4 44419778 137601 2.6 87 33 2 16 49% 19619 211703 15499 13%
c - 6582.08 125 152 148 1645 228252 4 44460328 138762 2.7 88 33 2 16 50% 19620 211703 15499 13%
c - 6587.56 123 158 148 1646 228590 4 44500886 139625 2.6 86 33 2 16 49% 19622 211703 15499 13%
c
c  seconds      switched         rate             size/glue  tier1     binary           remaining
c           MB      reductions      conflicts           size   tier2       irredundant
c             level        restarts         redundant      glue    trail           variables
c
c } 6588.20 120 158 149 1646 228630 4 44505777 144461 2.6 86 33 2 16 49% 19622 211703 15499 13%
c [ 6588.20 120 105 149 1646 228630 1 44505777 144461 2.6 147 56 3 35 56% 19622 211703 15499 13%
c W 6588.69 135 105 149 1646 228630 1 44505777 144461 2.6 147 56 3 35 56% 19622 211703 15499 13%
c - 6593.99 148 98 149 1647 228647 1 44541457 127704 2.6 142 54 3 35 57% 19622 211703 15499 13%
c - 6600.23 154 94 149 1648 228660 1 44582041 105816 2.6 144 55 3 35 57% 19622 211703 15499 13%
c - 6606.22 162 99 149 1649 228677 1 44622637 98753 2.6 143 55 3 35 54% 19622 211703 15499 13%
c - 6611.29 167 110 149 1650 228691 1 44663244 100206 2.5 140 57 3 35 53% 19622 211703 15499 13%
c s 6613.81 169 111 149 1650 228692 1 44678575 115209 2.5 142 56 3 35 54% 19629 211671 15499 13%
c e 6613.83 170 111 149 1650 228692 1 44678575 115209 2.5 142 56 3 35 54% 19625 211687 15498 13%
c s 6613.83 170 111 149 1650 228692 1 44678575 115209 2.5 142 56 3 35 54% 19625 211683 15498 13%
c - 6617.86 182 108 149 1651 228694 1 44703864 98531 2.6 144 56 3 35 54% 19625 211683 15498 13%
c u 6622.84 189 116 149 1651 228709 1 44736703 123216 2.5 144 58 3 35 54% 19644 211683 15498 13%
c v 6623.59 190 116 149 1651 228709 1 44736703 114568 2.5 144 58 3 35 54% 19645 211683 15498 13%
c w 6630.45 235 116 149 1651 228709 1 44736703 113379 2.5 144 58 3 35 54% 19645 211683 15498 13%
c t 6630.48 235 116 149 1651 228709 1 44736703 113379 2.5 144 58 3 35 54% 19634 211683 15498 13%
c - 6631.55 235 118 149 1652 228714 1 44744497 86662 2.4 142 58 3 35 54% 19634 211683 15498 13%
c - 6637.79 267 104 149 1653 228724 1 44785141 89389 2.5 136 55 3 35 54% 19634 211683 15498 13%
c o 6642.17 267 119 149 1653 228742 1 44821560 125108 2.4 132 55 3 35 50% 19634 211683 15498 13%
c - 6642.77 235 120 149 1654 228745 1 44825798 93688 2.4 133 55 3 35 51% 19634 211683 15498 13%
c - 6648.95 241 113 149 1655 228754 1 44866468 91850 2.4 136 56 3 35 52% 19634 211683 15498 13%
c
c  seconds      switched         rate            size/glue   tier1     binary           remaining
c           MB      reductions      conflicts          size    tier2       irredundant
c             level        restarts         redundant      glue    trail           variables
c
c - 6656.20 191 107 149 1656 228756 1 44907153 84211 2.5 143 58 3 35 53% 19634 211683 15498 13%
c - 6663.40 218 103 149 1657 228756 1 44947848 81746 2.5 148 58 3 35 54% 19634 211683 15498 13%
c - 6670.14 159 97 149 1658 228770 1 44988554 83345 2.5 146 58 3 35 54% 19634 211683 15498 13%
c - 6676.42 180 88 149 1659 228786 1 45029272 84358 2.6 144 56 3 35 54% 19634 211683 15498 13%
c - 6682.90 195 85 149 1660 228801 1 45070002 82281 2.5 140 56 3 35 55% 19634 211683 15498 13%
c - 6689.47 223 90 149 1661 228817 1 45110748 83829 2.5 148 59 3 35 57% 19634 211683 15498 13%
c - 6697.20 171 82 149 1662 228819 1 45151503 83553 2.6 146 55 3 35 58% 19634 211683 15498 13%
c - 6704.86 196 73 149 1663 228834 1 45192270 86691 2.8 142 51 3 35 58% 19634 211683 15498 13%
c - 6712.57 196 68 149 1664 228850 1 45233049 86530 2.8 136 49 3 34 58% 19634 211683 15498 13%
c - 6720.20 199 68 149 1665 228865 1 45273841 85467 2.7 134 49 3 34 57% 19634 211683 15498 13%
c O 6722.28 201 67 149 1665 228872 1 45285361 96412 2.7 132 48 3 34 57% 19634 211683 15498 13%
c - 6726.69 155 72 149 1666 228881 1 45314647 89168 2.8 136 49 3 34 57% 19634 211683 15498 13%
c ] 6730.23 155 83 150 1666 228882 1 45336274 109808 2.6 141 55 3 34 56% 19634 211683 15498 13%
c { 6730.23 155 158 150 1666 228882 4 45336274 109808 2.6 86 33 2 16 49% 19634 211683 15498 13%
c - 6731.30 163 148 150 1667 228888 3 45355463 97264 2.6 78 30 2 16 45% 19634 211683 15498 13%
c - 6733.98 185 133 150 1668 228897 3 45396292 116452 2.5 63 25 2 16 36% 19634 211683 15498 13%
c - 6736.35 207 122 150 1669 228912 2 45437133 136012 2.4 53 22 2 16 32% 19635 211683 15498 13%
c u 6739.47 231 121 150 1669 228934 2 45475972 167339 2.3 44 19 2 16 28% 19643 211683 15498 13%
c v 6742.76 237 121 150 1669 228934 2 45475972 163923 2.3 44 19 2 16 28% 19643 211683 15498 13%
c w 6743.62 239 121 150 1669 228934 2 45475972 163747 2.3 44 19 2 16 28% 19643 211683 15498 13%
c
c  seconds      switched         rate             size/glue  tier1     binary           remaining
c           MB      reductions      conflicts           size   tier2       irredundant
c             level        restarts         redundant      glue    trail           variables
c
c x 6745.38 263 121 150 1669 228934 2 45475972 163720 2.3 44 19 2 16 28% 19674 211549 15498 13%
c t 6745.41 263 121 150 1669 228934 2 45475972 163720 2.3 44 19 2 16 28% 19668 211549 15498 13%
c - 6745.61 264 120 150 1670 228936 2 45477986 133135 2.3 44 19 2 16 29% 19668 211549 15498 13%
c - 6747.86 228 106 150 1671 228953 2 45518853 137715 2.3 38 17 2 16 25% 19670 211549 15498 13%
c - 6750.06 252 106 150 1672 229024 2 45559730 140726 2.3 34 15 2 16 24% 19674 211549 15498 13%
c - 6752.69 276 114 150 1673 229186 3 45600620 143189 2.2 31 14 2 16 25% 19675 211549 15498 13%
c - 6755.68 301 118 150 1674 229416 3 45641524 145706 2.2 30 13 2 16 27% 19675 211549 15498 13%
c - 6758.72 245 119 150 1675 229679 3 45682438 148477 2.2 28 13 2 16 27% 19680 211549 15498 13%
c - 6761.91 269 122 150 1676 229976 4 45723369 150551 2.2 27 12 2 16 27% 19682 211549 15498 13%
c o 6763.62 292 108 150 1676 230089 3 45761739 186150 2.1 24 12 2 16 23% 19683 211549 15498 13%
c - 6763.86 293 109 150 1677 230106 3 45764308 151067 2.1 24 11 2 16 23% 19683 211549 15498 13%
c - 6766.90 317 112 150 1678 230452 4 45805259 152860 2.1 23 11 2 16 24% 19684 211549 15498 13%
c - 6769.86 265 113 150 1679 230798 4 45846222 155874 2.0 23 11 2 16 23% 19686 211549 15498 13%
c - 6773.45 290 117 150 1680 231235 4 45887197 158538 2.0 23 11 2 16 24% 19687 211549 15498 13%
c - 6776.49 314 113 150 1681 231591 4 45928185 160365 2.0 23 11 2 16 24% 19690 211548 15498 13%
c - 6780.02 243 115 150 1682 232005 5 45969185 162364 2.0 22 11 2 16 24% 19690 211548 15498 13%
c - 6783.40 268 116 150 1683 232375 5 46010197 164462 2.0 23 11 2 16 25% 19691 211548 15498 13%
c - 6786.77 293 117 150 1684 232737 4 46051221 165945 2.0 23 11 2 16 25% 19693 211548 15498 13%
c - 6789.94 318 115 150 1685 233099 4 46092260 166661 2.0 23 11 2 16 25% 19694 211548 15498 13%
c - 6793.44 221 116 150 1686 233515 5 46133308 167997 2.0 23 11 2 16 25% 19697 211548 15498 13%
c
c  seconds      switched         rate             size/glue  tier1     binary           remaining
c           MB      reductions      conflicts           size   tier2       irredundant
c             level        restarts         redundant      glue    trail           variables
c
c - 6796.95 221 116 150 1687 233902 5 46174368 169951 2.0 23 11 2 16 25% 19697 211548 15498 13%
c - 6800.29 221 115 150 1688 234284 5 46215443 171104 2.0 23 11 2 16 25% 19699 211548 15498 13%
c u 6802.26 217 115 150 1688 234348 5 46221775 155858 2.0 23 11 2 16 25% 19719 211548 15498 13%
c v 6803.84 219 115 150 1688 234348 5 46221775 151489 2.0 23 11 2 16 25% 19719 211548 15498 13%
c w 6804.46 219 115 150 1688 234348 5 46221775 151343 2.0 23 11 2 16 25% 19719 211548 15498 13%
c t 6804.48 128 115 150 1688 234348 5 46221775 151343 2.0 23 11 2 16 25% 19711 211548 15498 13%
c f 6804.49 107 115 150 1688 234348 5 46221775 151343 2.0 23 11 2 16 25% 19702 211538 15499 13%
c u 6805.43 122 115 150 1688 234348 5 46221775 149156 2.0 23 11 2 16 25% 19705 211538 15499 13%
c v 6807.52 125 115 150 1688 234348 5 46221775 140438 2.0 23 11 2 16 25% 19707 211538 15499 13%
c w 6808.12 125 115 150 1688 234348 5 46221775 140251 2.0 23 11 2 16 25% 19707 211538 15499 13%
c t 6808.15 125 115 150 1688 234348 5 46221775 140251 2.0 23 11 2 16 25% 19705 211538 15499 13%
c - 6810.72 136 115 150 1689 234665 5 46256529 140282 2.0 23 11 2 16 25% 19705 211538 15499 13%
c - 6813.75 145 115 150 1690 235042 5 46297626 148312 2.0 23 11 2 16 24% 19708 211538 15499 13%
c - 6816.84 153 118 150 1691 235392 5 46338735 152388 2.0 23 11 2 16 25% 19710 211538 15499 13%
c } 6818.70 160 117 151 1691 235638 5 46364606 177244 2.0 23 11 2 16 25% 19711 211538 15499 13%
c [ 6818.70 160 83 151 1691 235638 1 46364606 177244 2.6 141 55 3 34 56% 19711 211538 15499 13%
c B 6818.70 160 83 151 1691 235638 1 46364606 177244 2.6 141 55 3 34 56% 19711 211538 15499 13%
c - 6821.01 161 92 151 1692 235647 1 46379856 147110 2.5 143 57 3 34 56% 19711 211538 15499 13%
c - 6826.57 170 100 151 1693 235666 1 46420991 125412 2.6 147 58 3 34 58% 19711 211538 15499 13%
c - 6832.77 174 95 151 1694 235678 1 46462140 104513 2.6 145 56 3 34 59% 19711 211538 15499 13%
c
c  seconds     switched         rate             size/glue   tier1     binary           remaining
c           MB     reductions      conflicts           size    tier2       irredundant
c            level        restarts         redundant       glue    trail           variables
c
c - 6839.10 189 95 151 1695 235697 1 46503298 102017 2.5 138 55 3 34 56% 19711 211538 15499 13%
c - 6844.46 222 84 151 1696 235700 1 46544471 104088 2.6 128 50 3 34 53% 19711 211538 15499 13%
c - 6849.82 221 78 151 1697 235714 1 46585653 104668 2.5 119 48 3 34 52% 19711 211538 15499 13%
c - 6855.79 163 72 151 1698 235730 1 46626850 104907 2.9 133 46 3 34 50% 19711 211538 15499 13%
c - 6861.42 160 73 151 1699 235745 1 46668056 101808 2.8 138 49 3 34 49% 19711 211538 15499 13%
c - 6869.16 127 77 151 1700 235762 1 46709274 95329 2.5 136 54 3 34 50% 19711 211538 15499 13%
c - 6876.48 132 79 151 1701 235763 1 46750505 91562 2.3 134 57 3 34 50% 19711 211538 15499 13%
c - 6883.76 128 80 151 1702 235764 1 46791750 91940 2.2 130 58 3 35 50% 19711 211538 15499 13%
c s 6885.13 130 80 151 1702 235764 1 46799843 99164 2.2 129 59 3 35 50% 19712 211511 15499 13%
c e 6885.16 119 80 151 1702 235764 1 46799843 99164 2.2 129 59 3 35 50% 19694 211686 15487 13%
c s 6885.16 119 80 151 1702 235764 1 46799843 99164 2.2 129 59 3 35 50% 19695 211610 15487 13%
c o 6885.18 126 80 151 1702 235764 1 46799843 98917 2.2 129 59 3 35 50% 19695 211610 15487 13%
c - 6888.10 139 117 151 1703 235771 1 46833005 96367 2.0 142 71 3 35 48% 19695 211610 15487 13%
c - 6893.54 163 122 151 1704 235791 1 46874272 101410 2.1 142 67 3 35 50% 19695 211610 15487 13%
c - 6899.73 200 124 151 1705 235802 1 46915551 104233 2.1 142 66 3 35 53% 19695 211610 15487 13%
c ] 6900.84 200 122 152 1705 235806 1 46923020 111494 2.2 142 65 3 35 53% 19695 211610 15487 13%
c { 6900.84 200 117 152 1705 235806 5 46923020 111494 2.0 23 11 2 16 25% 19695 211610 15487 13%
c - 6905.98 272 134 152 1706 236384 5 46956842 116450 2.2 37 17 2 16 32% 19698 211610 15487 13%
c u 6909.70 310 141 152 1706 236686 5 46974160 125386 2.2 43 19 2 16 35% 19705 211610 15487 13%
c v 6910.79 313 141 152 1706 236686 5 46974160 110964 2.2 43 19 2 16 35% 19707 211610 15487 13%
c
c  seconds      switched         rate             size/glue  tier1     binary           remaining
c           MB      reductions      conflicts           size   tier2       irredundant
c             level        restarts         redundant      glue    trail           variables
c
c w 6916.56 319 141 152 1706 236686 5 46974160 109443 2.2 43 19 2 16 35% 19707 211610 15487 13%
c t 6916.58 259 141 152 1706 236686 5 46974160 109443 2.2 43 19 2 16 35% 19698 211610 15487 13%
c f 6916.59 259 141 152 1706 236686 5 46974160 109443 2.2 43 19 2 16 35% 19699 211592 15488 13%
c u 6917.41 259 141 152 1706 236686 5 46974160 108603 2.2 43 19 2 16 35% 19705 211592 15488 13%
c v 6918.07 261 141 152 1706 236686 5 46974160 103676 2.2 43 19 2 16 35% 19705 211592 15488 13%
c w 6923.30 265 141 152 1706 236686 5 46974160 98666 2.2 43 19 2 16 35% 19705 211592 15488 13%
c t 6923.32 265 141 152 1706 236686 5 46974160 98666 2.2 43 19 2 16 35% 19704 211592 15488 13%
c - 6926.89 232 147 152 1707 237069 5 46998147 102392 2.3 50 22 2 16 39% 19704 211592 15488 13%
c - 6932.48 278 156 152 1708 237608 5 47039462 120390 2.3 57 25 2 16 42% 19705 211592 15488 13%
c - 6937.99 264 160 152 1709 238072 5 47080789 132820 2.4 62 26 2 16 45% 19708 211592 15488 13%
c - 6944.08 392 164 152 1710 238557 5 47122129 137884 2.4 67 28 2 16 47% 19708 211592 15488 13%
c - 6949.10 307 161 152 1711 238915 4 47163482 141856 2.4 69 28 2 16 46% 19710 211592 15488 13%
c - 6955.24 309 163 152 1712 239383 4 47204847 144116 2.4 72 30 2 16 48% 19711 211592 15488 13%
c - 6960.87 193 166 152 1713 239772 4 47246223 145539 2.5 74 30 2 16 49% 19713 211592 15488 13%
c - 6966.41 193 164 152 1714 240153 4 47287612 147806 2.5 76 30 2 16 50% 19714 211592 15488 13%
c - 6972.31 123 164 152 1715 240529 4 47329013 149102 2.6 77 30 2 16 50% 19714 211592 15488 13%
c - 6978.35 125 161 152 1716 240917 4 47370427 150060 2.6 79 31 2 16 50% 19714 211592 15488 13%
c - 6983.84 124 159 152 1717 241244 4 47411851 151667 2.6 79 30 2 16 51% 19716 211592 15488 13%
c - 6990.01 123 160 152 1718 241666 4 47453289 152255 2.6 79 31 2 16 51% 19717 211592 15488 13%
c - 6995.45 126 158 152 1719 242000 4 47494737 153088 2.6 78 30 2 16 50% 19717 211592 15488 13%
c
c  seconds      switched         rate             size/glue  tier1     binary           remaining
c           MB      reductions      conflicts           size   tier2       irredundant
c             level        restarts         redundant      glue    trail           variables
c
c - 7000.70 124 155 152 1720 242320 4 47536197 154020 2.6 77 30 2 16 49% 19717 211592 15488 13%
c - 7006.06 123 154 152 1721 242680 4 47577669 153348 2.6 76 30 2 16 48% 19718 211592 15488 13%
c - 7011.27 115 153 152 1722 243038 4 47619154 152716 2.6 76 30 2 16 48% 19718 211592 15488 13%
c - 7016.58 124 155 152 1723 243388 4 47660650 151878 2.6 76 29 2 16 48% 19720 211591 15488 13%
c - 7022.10 124 155 152 1724 243744 4 47702159 152017 2.6 78 29 2 16 49% 19722 211591 15488 13%
c u 7027.52 121 159 152 1724 244040 4 47733133 173015 2.6 78 29 2 16 49% 19731 211591 15488 13%
c v 7030.23 120 159 152 1724 244040 4 47733133 147407 2.6 78 29 2 16 49% 19733 211591 15488 13%
c w 7033.66 132 159 152 1724 244040 4 47733133 147170 2.6 78 29 2 16 49% 19733 211591 15488 13%
c t 7033.69 132 159 152 1724 244040 4 47733133 147170 2.6 78 29 2 16 49% 19727 211591 15488 13%
c - 7035.23 122 159 152 1725 244141 4 47743681 121808 2.6 78 30 2 16 49% 19727 211591 15488 13%
c o 7037.29 116 160 152 1725 244307 4 47759938 137866 2.6 78 30 2 16 49% 19727 211591 15488 13%
c - 7040.77 124 161 152 1726 244532 4 47785214 128075 2.6 78 30 2 16 49% 19728 211591 15488 13%
c - 7045.87 121 162 152 1727 244863 4 47826760 134630 2.6 77 29 2 16 49% 19728 211591 15488 13%
c - 7052.00 126 159 152 1728 245313 4 47868319 136956 2.6 79 30 2 16 50% 19729 211591 15488 13%
c - 7057.96 119 156 152 1729 245697 4 47909889 138071 2.6 79 31 2 16 50% 19729 211591 15488 13%
c - 7063.99 125 156 152 1730 246096 4 47951470 140341 2.6 80 31 2 16 50% 19729 211591 15488 13%
c } 7067.50 124 157 153 1730 246332 4 47976241 164774 2.6 80 31 2 16 50% 19729 211591 15488 13%
c [ 7067.50 124 122 153 1730 246332 1 47976241 164774 2.2 142 65 3 35 53% 19729 211591 15488 13%
c W 7067.87 139 122 153 1730 246332 1 47976241 164774 2.2 142 65 3 35 53% 19729 211591 15488 13%
c - 7070.89 149 115 153 1731 246342 1 47993063 135954 2.3 145 62 3 35 54% 19729 211591 15488 13%
c
c  seconds      switched         rate             size/glue   tier1     binary           remaining
c           MB      reductions      conflicts           size    tier2       irredundant
c             level        restarts         redundant       glue    trail           variables
c
c - 7078.31 163 105 153 1732 246361 1 48034671 118381 2.6 155 60 3 35 56% 19729 211591 15488 13%
c - 7086.49 168 98 153 1733 246374 1 48076289 97909 2.7 156 59 3 35 56% 19729 211591 15488 13%
c - 7094.90 171 93 153 1734 246392 1 48117923 92349 2.6 153 59 3 35 57% 19729 211591 15488 13%
c - 7102.28 191 97 153 1735 246394 1 48159564 94180 2.6 154 59 3 35 56% 19729 211591 15488 13%
c - 7109.08 207 95 153 1736 246409 1 48201219 96211 2.7 152 57 3 34 56% 19729 211591 15488 13%
c - 7114.79 207 96 153 1737 246425 1 48242887 97108 2.5 143 56 3 34 53% 19729 211591 15488 13%
c - 7121.26 224 103 153 1738 246440 1 48284564 96327 2.5 144 59 3 35 55% 19729 211591 15488 13%
c - 7128.16 244 96 153 1739 246456 1 48326255 93251 2.6 151 58 3 35 58% 19729 211591 15488 13%
c - 7136.43 225 84 153 1740 246457 1 48367956 91616 2.8 149 54 3 34 58% 19729 211591 15488 13%
c - 7145.90 257 76 153 1741 246458 1 48409669 90896 2.9 150 51 3 34 57% 19729 211591 15488 13%
c - 7154.04 194 76 153 1742 246468 1 48451395 92385 2.9 150 51 3 34 57% 19729 211591 15488 13%
c - 7161.59 213 77 153 1743 246488 1 48493133 94898 2.9 148 52 3 34 57% 19729 211591 15488 13%
c u 7163.47 230 77 153 1743 246488 1 48498688 95386 2.9 148 52 3 34 57% 19735 211591 15488 13%
c v 7163.75 231 77 153 1743 246488 1 48498688 92029 2.9 148 52 3 34 57% 19735 211591 15488 13%
c w 7167.86 238 77 153 1743 246488 1 48498688 90350 2.9 148 52 3 34 57% 19735 211591 15488 13%
c t 7167.89 166 77 153 1743 246488 1 48498688 90350 2.9 148 52 3 34 57% 19734 211591 15488 13%
c - 7175.07 169 85 153 1744 246500 1 48534882 83706 2.7 150 56 3 34 56% 19734 211591 15488 13%
c - 7181.72 202 94 153 1745 246519 1 48576644 87180 2.6 154 58 3 34 58% 19734 211591 15488 13%
c - 7189.29 224 95 153 1746 246521 1 48618417 85345 2.6 159 60 3 34 60% 19734 211591 15488 13%
c - 7196.31 175 89 153 1747 246536 1 48660205 83430 2.8 161 57 3 34 61% 19734 211591 15488 13%
c
c  seconds     switched         rate            size/glue   tier1     binary           remaining
c           MB     reductions      conflicts          size    tier2       irredundant
c            level        restarts         redundant      glue    trail           variables
c
c - 7203.20 213 82 153 1748 246552 1 48702004 88799 2.9 155 54 3 34 58% 19734 211591 15488 13%
c - 7210.07 162 80 153 1749 246567 1 48743815 90580 2.9 148 52 3 34 56% 19734 211591 15488 13%
c o 7210.86 162 81 153 1749 246571 1 48751394 97888 2.9 147 51 3 34 56% 19734 211591 15488 13%
c ] 7212.31 163 88 154 1749 246577 1 48762174 108436 2.8 147 52 3 34 55% 19734 211591 15488 13%
c { 7212.31 163 157 154 1749 246577 4 48762174 108436 2.6 80 31 2 16 50% 19734 211591 15488 13%
c - 7215.05 194 160 154 1750 246736 4 48785636 102224 2.6 81 31 2 16 51% 19734 211591 15488 13%
c - 7219.92 258 167 154 1751 247005 4 48827469 119093 2.7 80 30 2 16 52% 19737 211591 15488 13%
c - 7224.90 326 168 154 1752 247308 4 48869314 129585 2.8 81 29 2 16 53% 19739 211591 15488 13%
c - 7230.62 328 169 154 1753 247667 4 48911170 133781 2.8 81 29 2 16 53% 19739 211591 15488 13%
c - 7236.67 365 171 154 1754 248054 4 48953038 135372 2.8 82 30 2 16 54% 19740 211591 15488 13%
c s 7240.34 294 173 154 1754 248318 4 48979036 161108 2.7 83 30 2 16 54% 19742 211576 15488 13%
c e 7240.35 294 173 154 1754 248318 4 48979036 161108 2.7 83 30 2 16 54% 19732 211593 15487 13%
c s 7240.35 294 173 154 1754 248318 4 48979036 161108 2.7 83 30 2 16 54% 19732 211588 15487 13%
c - 7242.94 318 173 154 1755 248477 4 48994920 136180 2.7 83 30 2 16 54% 19732 211588 15487 13%
c - 7249.19 390 173 154 1756 248868 4 49036813 137889 2.7 84 31 2 16 55% 19733 211588 15487 13%
c - 7255.38 292 171 154 1757 249253 4 49078719 139954 2.7 85 31 2 16 54% 19734 211588 15487 13%
c - 7261.46 152 171 154 1758 249627 4 49120635 141582 2.7 86 31 2 16 54% 19736 211588 15487 13%
c - 7267.54 152 171 154 1759 249998 4 49162564 142250 2.7 87 32 2 16 54% 19736 211588 15487 13%
c - 7273.94 147 170 154 1760 250384 4 49204504 142494 2.8 88 32 2 16 54% 19736 211588 15487 13%
c - 7280.09 150 168 154 1761 250759 4 49246456 143085 2.8 89 32 2 16 54% 19736 211588 15487 13%
c
c  seconds      switched         rate             size/glue  tier1     binary           remaining
c           MB      reductions      conflicts           size   tier2       irredundant
c             level        restarts         redundant      glue    trail           variables
c
c u 7284.43 151 168 154 1761 250968 4 49270849 160997 2.8 90 32 2 16 55% 19745 211588 15487 13%
c v 7286.60 154 168 154 1761 250968 4 49270849 135834 2.8 90 32 2 16 55% 19745 211588 15487 13%
c w 7292.06 161 168 154 1761 250968 4 49270849 135361 2.8 90 32 2 16 55% 19745 211588 15487 13%
c t 7292.09 161 168 154 1761 250968 4 49270849 135361 2.8 90 32 2 16 55% 19740 211588 15487 13%
c - 7294.79 149 170 154 1762 251126 4 49288420 118654 2.8 90 32 2 16 54% 19740 211588 15487 13%
c - 7300.76 148 172 154 1763 251505 4 49330398 125531 2.7 90 33 2 16 55% 19741 211588 15487 13%
c - 7306.37 151 172 154 1764 251844 4 49372388 131549 2.7 87 32 2 16 53% 19742 211588 15487 13%
c - 7312.10 152 174 154 1765 252184 4 49414388 135184 2.8 88 32 2 16 54% 19744 211588 15487 13%
c - 7318.15 148 173 154 1766 252569 4 49456401 136026 2.7 90 33 2 16 54% 19745 211588 15487 13%
c - 7323.88 151 173 154 1767 252884 4 49498425 137503 2.8 89 32 2 16 54% 19745 211588 15487 13%
c - 7329.63 148 172 154 1768 253217 4 49540462 140143 2.8 89 32 2 16 54% 19745 211588 15487 13%
c - 7335.51 140 170 154 1769 253572 4 49582513 140764 2.8 88 32 2 16 54% 19746 211588 15487 13%
c - 7341.55 145 168 154 1770 253952 4 49624572 141476 2.7 89 32 2 16 53% 19746 211588 15487 13%
c - 7347.71 152 168 154 1771 254319 4 49666643 142030 2.8 90 33 2 16 53% 19746 211588 15487 13%
c - 7353.67 149 168 154 1772 254665 4 49708727 143010 2.7 90 33 2 16 54% 19746 211588 15487 13%
c o 7356.59 142 166 154 1772 254819 4 49731472 165570 2.8 90 32 2 16 55% 19746 211588 15487 13%
c - 7359.39 152 169 154 1773 254967 4 49750823 144862 2.8 89 32 2 16 55% 19746 211588 15487 13%
c - 7365.15 152 168 154 1774 255281 4 49792930 146925 2.8 90 32 2 16 55% 19746 211588 15487 13%
c - 7371.96 152 167 154 1775 255665 4 49835048 147037 2.9 92 32 2 16 55% 19746 211588 15487 13%
c } 7372.84 151 168 155 1775 255717 4 49840535 152480 2.8 92 32 2 16 55% 19746 211588 15487 13%
c
c  seconds     switched         rate             size/glue   tier1     binary           remaining
c           MB     reductions      conflicts           size    tier2       irredundant
c            level        restarts         redundant       glue    trail           variables
c
c [ 7372.84 151 88 155 1775 255717 1 49840535 152480 2.8 147 52 3 34 55% 19746 211588 15487 13%
c I 7372.84 151 88 155 1775 255717 1 49840535 152480 2.8 147 52 3 34 55% 19746 211588 15487 13%
c - 7378.16 155 92 155 1776 255734 1 49877181 134457 2.8 146 52 3 34 56% 19746 211588 15487 13%
c - 7384.00 158 84 155 1777 255747 1 49919324 113772 2.9 144 49 3 34 57% 19746 211588 15487 13%
c - 7391.27 156 85 155 1778 255767 1 49961478 103295 2.9 154 53 3 34 58% 19746 211588 15487 13%
c - 7398.30 123 79 155 1779 255778 1 50003645 98371 3.0 155 51 3 34 60% 19746 211588 15487 13%
c - 7405.71 153 76 155 1780 255786 1 50045827 97893 3.2 157 49 3 34 61% 19746 211588 15487 13%
c u 7407.10 149 75 155 1780 255786 1 50049615 94695 3.2 157 49 3 34 61% 19751 211588 15487 13%
c v 7407.43 150 75 155 1780 255786 1 50049615 88498 3.2 157 49 3 34 61% 19752 211588 15487 13%
c w 7410.92 157 75 155 1780 255786 1 50049615 87457 3.2 157 49 3 34 61% 19752 211588 15487 13%
c t 7410.94 157 75 155 1780 255786 1 50049615 87457 3.2 157 49 3 34 61% 19750 211588 15487 13%
c - 7416.13 149 82 155 1781 255806 1 50088017 90973 3.0 154 51 3 34 61% 19750 211588 15487 13%
c - 7422.14 121 101 155 1782 255817 1 50130219 91826 2.6 156 60 3 34 59% 19750 211588 15487 13%
c - 7427.76 126 113 155 1783 255838 1 50172432 90169 2.4 151 63 3 34 57% 19750 211588 15487 13%
c - 7434.52 122 106 155 1784 255842 1 50214657 87651 2.4 151 63 3 34 57% 19750 211588 15487 13%
c - 7441.60 125 99 155 1785 255843 1 50256895 85408 2.4 151 62 3 34 58% 19750 211588 15487 13%
c - 7449.22 122 95 155 1786 255843 1 50299145 85824 2.5 152 62 3 34 58% 19750 211588 15487 13%
c - 7454.85 119 93 155 1787 255865 1 50341406 91808 2.6 154 59 3 34 59% 19750 211588 15487 13%
c - 7460.72 124 87 155 1788 255876 1 50383680 93013 2.7 150 56 3 34 58% 19750 211588 15487 13%
c - 7467.05 127 82 155 1789 255896 1 50425964 89610 2.8 152 54 3 34 58% 19750 211588 15487 13%
c
c  seconds     switched         rate            size/glue   tier1     binary           remaining
c           MB     reductions      conflicts          size    tier2       irredundant
c            level        restarts         redundant      glue    trail           variables
c
c - 7474.01 124 93 155 1790 255906 1 50468261 94056 2.7 150 56 3 34 59% 19750 211588 15487 13%
c - 7482.07 120 91 155 1791 255915 1 50510570 92300 2.6 147 56 3 34 58% 19750 211588 15487 13%
c - 7488.00 126 94 155 1792 255935 1 50552891 93210 2.6 142 56 3 34 57% 19750 211588 15487 13%
c - 7493.49 147 109 155 1793 255948 1 50595225 96737 2.4 141 58 3 34 55% 19750 211588 15487 13%
c - 7499.82 119 113 155 1794 255967 1 50637568 91082 2.2 141 65 3 34 51% 19750 211588 15487 13%
c B 7505.77 142 112 155 1794 255969 1 50672911 123496 2.0 143 71 3 34 49% 19750 211588 15487 13%
c - 7506.78 126 122 155 1795 255969 1 50679923 82846 2.0 146 74 3 34 49% 19750 211588 15487 13%
c - 7514.19 122 160 155 1796 255970 1 50722292 81027 1.8 164 93 3 34 50% 19750 211588 15487 13%
c ] 7518.60 139 173 156 1796 255970 1 50746776 104927 1.7 173 102 3 34 50% 19750 211588 15487 13%
c { 7518.60 139 168 156 1796 255970 4 50746776 104927 2.8 92 32 2 16 55% 19750 211588 15487 13%
c o 7518.64 139 168 156 1796 255973 4 50746943 105093 2.8 92 32 2 16 55% 19750 211588 15487 13%
c - 7520.23 122 169 156 1797 256049 4 50764671 88341 2.9 89 31 2 16 55% 19751 211588 15487 13%
c - 7523.82 135 171 156 1798 256237 3 50807064 112553 2.8 82 29 2 16 54% 19751 211588 15487 13%
c u 7527.84 131 175 156 1798 256448 4 50834986 136730 2.8 79 28 2 16 53% 19754 211588 15487 13%
c v 7529.52 137 175 156 1798 256448 4 50834986 120384 2.8 79 28 2 16 53% 19754 211588 15487 13%
c w 7535.84 145 175 156 1798 256448 4 50834986 118732 2.8 79 28 2 16 53% 19754 211588 15487 13%
c t 7535.87 145 175 156 1798 256448 4 50834986 118732 2.8 79 28 2 16 53% 19752 211588 15487 13%
c - 7537.50 141 178 156 1799 256554 4 50849466 112065 2.7 77 28 2 16 53% 19752 211588 15487 13%
c - 7542.69 139 180 156 1800 256922 4 50891880 123240 2.7 75 28 2 16 52% 19753 211588 15487 13%
c - 7546.97 141 173 156 1801 257196 4 50934307 132819 2.6 69 26 2 16 49% 19754 211588 15487 13%
c
c  seconds      switched         rate             size/glue  tier1     binary           remaining
c           MB      reductions      conflicts           size   tier2       irredundant
c             level        restarts         redundant      glue    trail           variables
c
c - 7552.74 146 176 156 1802 257593 4 50976747 137329 2.6 70 27 2 16 50% 19756 211588 15487 13%
c - 7558.62 142 178 156 1803 258006 4 51019196 138847 2.6 72 27 2 16 51% 19758 211588 15487 13%
c - 7563.74 145 175 156 1804 258342 4 51061657 141073 2.6 71 27 2 16 50% 19759 211588 15487 13%
c - 7569.16 145 176 156 1805 258694 4 51104130 143236 2.6 71 27 2 16 50% 19759 211588 15487 13%
c - 7574.51 148 178 156 1806 259063 4 51146615 143645 2.6 70 27 2 16 49% 19761 211588 15487 13%
c - 7580.47 147 179 156 1807 259475 4 51189113 144031 2.6 73 28 2 16 50% 19761 211588 15487 13%
c - 7586.46 148 178 156 1808 259864 4 51231622 144118 2.6 74 28 2 16 51% 19763 211587 15487 13%
c - 7592.35 147 177 156 1809 260235 4 51274143 145016 2.6 73 28 2 16 50% 19765 211587 15487 13%
c - 7597.71 149 172 156 1810 260564 4 51316675 147309 2.6 72 28 2 16 49% 19767 211587 15487 13%
c - 7603.95 149 173 156 1811 260952 4 51359220 149198 2.6 72 28 2 16 51% 19767 211587 15487 13%
c - 7608.61 145 165 156 1812 261267 4 51401775 150635 2.5 68 27 2 16 47% 19767 211587 15487 13%
c - 7615.03 150 169 156 1813 261704 4 51444342 151038 2.5 70 28 2 16 48% 19768 211587 15487 13%
c - 7621.45 148 172 156 1814 262141 4 51486921 150062 2.5 72 28 2 16 49% 19768 211587 15487 13%
c - 7627.28 148 171 156 1815 262513 4 51529512 151662 2.6 72 28 2 16 49% 19770 211587 15487 13%
c - 7632.69 144 171 156 1816 262846 4 51572114 154325 2.6 72 28 2 16 49% 19770 211587 15487 13%
c - 7639.08 147 172 156 1817 263288 4 51614728 155030 2.6 74 28 2 16 50% 19770 211587 15487 13%
c u 7641.95 144 172 156 1817 263406 4 51626988 157797 2.6 74 28 2 16 50% 19778 211587 15487 13%
c v 7644.47 150 172 156 1817 263406 4 51626988 131877 2.6 74 28 2 16 50% 19778 211587 15487 13%
c w 7648.12 155 172 156 1817 263406 4 51626988 131382 2.6 74 28 2 16 50% 19778 211587 15487 13%
c t 7648.14 155 172 156 1817 263406 4 51626988 131382 2.6 74 28 2 16 50% 19770 211587 15487 13%
c
c  seconds      switched         rate             size/glue  tier1     binary           remaining
c           MB      reductions      conflicts           size   tier2       irredundant
c             level        restarts         redundant      glue    trail           variables
c
c - 7652.09 149 173 156 1818 263672 4 51657356 126590 2.6 74 28 2 16 50% 19770 211587 15487 13%
c - 7657.73 149 174 156 1819 264045 4 51699994 135271 2.6 73 28 2 16 50% 19771 211587 15487 13%
c - 7663.42 150 171 156 1820 264421 4 51742646 140646 2.5 71 28 2 16 48% 19771 211587 15487 13%
c o 7663.99 147 172 156 1820 264460 4 51746985 144934 2.5 70 28 2 16 48% 19771 211587 15487 13%
c - 7670.13 150 174 156 1821 264870 4 51785309 142608 2.5 72 29 2 16 49% 19772 211587 15487 13%
c - 7676.54 150 176 156 1822 265285 4 51827983 143529 2.6 74 29 2 16 50% 19773 211587 15487 13%
c } 7680.07 144 177 157 1822 265526 4 51850526 165894 2.6 76 30 2 16 51% 19774 211587 15487 13%
c [ 7680.07 144 173 157 1822 265526 1 51850526 165894 1.7 173 102 3 34 50% 19774 211587 15487 13%
c W 7680.28 160 173 157 1822 265526 1 51850526 165894 1.7 173 102 3 34 50% 19774 211587 15487 13%
c - 7683.92 169 160 157 1823 265538 1 51870667 137400 1.8 167 94 3 35 50% 19774 211587 15487 13%
c - 7691.60 172 133 157 1824 265555 1 51913364 115873 1.9 151 81 3 35 49% 19774 211587 15487 13%
c - 7699.61 150 107 157 1825 265570 1 51956072 93426 2.0 138 70 3 35 48% 19774 211587 15487 13%
c - 7708.21 147 91 157 1826 265587 1 51998793 91560 2.1 131 62 3 35 49% 19774 211587 15487 13%
c - 7715.40 173 83 157 1827 265588 1 52041525 96183 2.3 132 57 3 35 50% 19774 211587 15487 13%
c - 7721.21 176 84 157 1828 265606 1 52084269 100387 2.6 140 53 3 34 49% 19774 211587 15487 13%
c - 7726.41 175 101 157 1829 265619 1 52127024 105381 2.5 135 54 3 34 50% 19774 211587 15487 13%
c - 7732.58 174 101 157 1830 265640 1 52169790 104961 2.5 131 53 3 34 52% 19774 211587 15487 13%
c - 7739.86 128 99 157 1831 265651 1 52212569 102608 2.6 139 53 3 34 53% 19774 211587 15487 13%
c - 7747.14 106 94 157 1832 265652 1 52255360 95910 2.7 146 55 3 34 54% 19774 211587 15487 13%
c - 7755.27 109 92 157 1833 265652 1 52298161 93462 2.6 150 57 3 35 54% 19774 211587 15487 13%
c
c  seconds      switched         rate            size/glue   tier1     binary           remaining
c           MB      reductions      conflicts          size    tier2       irredundant
c             level        restarts         redundant      glue    trail           variables
c
c - 7761.32 110 100 157 1834 265667 1 52340977 97297 2.6 148 57 3 35 55% 19774 211587 15487 13%
c - 7767.39 134 113 157 1835 265683 1 52383803 102515 2.5 148 60 3 35 56% 19774 211587 15487 13%
c u 7774.44 136 103 157 1835 265699 1 52425624 137447 2.6 145 56 3 35 57% 19781 211587 15487 13%
c v 7775.26 127 103 157 1835 265699 1 52425624 127762 2.6 145 56 3 35 57% 19782 211587 15487 13%
c w 7784.93 154 103 157 1835 265699 1 52425624 125244 2.6 145 56 3 35 57% 19782 211587 15487 13%
c t 7784.96 154 103 157 1835 265699 1 52425624 125244 2.6 145 56 3 35 57% 19777 211587 15487 13%
c - 7785.14 103 104 157 1836 265700 1 52426639 90243 2.6 144 56 3 34 57% 19777 211587 15487 13%
c - 7790.55 132 116 157 1837 265714 1 52469487 97905 2.5 140 56 3 34 54% 19777 211587 15487 13%
c - 7796.19 132 123 157 1838 265720 1 52512348 97008 2.3 137 60 3 35 52% 19777 211587 15487 13%
c - 7802.76 107 117 157 1839 265740 1 52555220 95220 2.4 140 60 3 35 56% 19777 211587 15487 13%
c - 7810.21 107 113 157 1840 265753 1 52598103 91526 2.2 139 62 3 35 59% 19777 211587 15487 13%
c - 7816.97 104 100 157 1841 265774 1 52640999 89618 2.4 138 59 3 35 59% 19777 211587 15487 13%
c - 7823.86 109 98 157 1842 265778 1 52683907 91152 2.4 138 58 3 35 57% 19777 211587 15487 13%
c ] 7825.55 107 100 158 1842 265778 1 52694543 101545 2.4 138 59 3 35 56% 19777 211587 15487 13%
c { 7825.55 107 177 158 1842 265778 4 52694543 101545 2.6 76 30 2 16 51% 19777 211587 15487 13%
c - 7829.43 126 176 158 1843 266042 4 52726825 105003 2.6 75 29 2 16 51% 19778 211587 15487 13%
c o 7832.88 124 173 158 1843 266292 4 52757230 134872 2.6 75 29 2 16 51% 19778 211587 15487 13%
c - 7834.56 123 173 158 1844 266403 4 52769758 124184 2.6 76 29 2 16 51% 19778 211587 15487 13%
c - 7840.61 131 173 158 1845 266818 4 52812700 133696 2.6 76 29 2 16 51% 19781 211587 15487 13%
c - 7845.92 127 170 158 1846 267145 4 52855653 139985 2.6 76 29 2 16 51% 19781 211587 15487 13%
c
c  seconds      switched         rate             size/glue  tier1     binary           remaining
c           MB      reductions      conflicts           size   tier2       irredundant
c             level        restarts         redundant      glue    trail           variables
c
c - 7852.37 130 169 158 1847 267583 4 52898621 143655 2.6 76 29 2 16 50% 19782 211587 15487 13%
c - 7858.72 123 166 158 1848 267991 4 52941599 144766 2.6 78 30 2 16 51% 19783 211587 15487 13%
c - 7864.96 134 164 158 1849 268398 4 52984589 146880 2.7 80 30 2 16 51% 19784 211587 15487 13%
c - 7870.92 135 160 158 1850 268736 4 53027590 149311 2.7 81 30 2 16 51% 19784 211587 15487 13%
c - 7877.13 136 159 158 1851 269135 4 53070604 150733 2.7 81 30 2 16 51% 19784 211587 15487 13%
c - 7882.62 132 154 158 1852 269466 4 53113627 151999 2.7 80 30 2 16 49% 19784 211587 15487 13%
c - 7888.92 133 152 158 1853 269864 4 53156661 152871 2.7 81 30 2 16 50% 19784 211587 15487 13%
c - 7894.92 134 154 158 1854 270220 4 53199707 152695 2.7 81 30 2 16 50% 19784 211587 15487 13%
c u 7900.55 135 153 158 1854 270519 4 53230890 175280 2.7 82 30 2 16 50% 19786 211587 15487 13%
c v 7903.29 128 153 158 1854 270519 4 53230890 148396 2.7 82 30 2 16 50% 19787 211587 15487 13%
c w 7908.23 146 153 158 1854 270519 4 53230890 148217 2.7 82 30 2 16 50% 19787 211587 15487 13%
c t 7908.26 146 153 158 1854 270519 4 53230890 148217 2.7 82 30 2 16 50% 19785 211587 15487 13%
c - 7909.76 132 153 158 1855 270594 4 53242765 124712 2.7 81 30 2 16 50% 19785 211587 15487 13%
c - 7915.11 134 150 158 1856 270961 4 53285834 131892 2.6 79 30 2 16 48% 19785 211587 15487 13%
c - 7920.52 131 152 158 1857 271298 4 53328917 139707 2.6 77 29 2 16 47% 19787 211587 15487 13%
c - 7926.89 134 153 158 1858 271748 4 53372010 141816 2.6 79 30 2 16 48% 19788 211587 15487 13%
c - 7933.41 129 152 158 1859 272181 4 53415115 141567 2.6 81 31 2 16 49% 19788 211587 15487 13%
c - 7939.53 133 153 158 1860 272568 4 53458232 144007 2.6 82 31 2 16 50% 19788 211587 15487 13%
c - 7945.29 135 151 158 1861 272909 4 53501363 146916 2.7 83 31 2 16 50% 19788 211587 15487 13%
c - 7950.65 136 149 158 1862 273234 4 53544504 150000 2.7 81 30 2 16 49% 19790 211587 15487 13%
c
c  seconds      switched         rate             size/glue  tier1     binary           remaining
c           MB      reductions      conflicts           size   tier2       irredundant
c             level        restarts         redundant      glue    trail           variables
c
c - 7956.79 135 150 158 1863 273623 4 53587654 151290 2.7 83 30 2 16 50% 19790 211587 15487 13%
c - 7962.29 135 142 158 1864 273948 4 53630818 152092 2.6 79 30 2 16 47% 19791 211587 15487 13%
c - 7968.55 137 145 158 1865 274372 4 53673992 153212 2.6 81 30 2 16 48% 19792 211587 15487 13%
c - 7974.23 138 145 158 1866 274697 4 53717178 153839 2.7 81 30 2 16 49% 19792 211587 15487 13%
c - 7981.02 137 146 158 1867 275113 4 53760377 154302 2.7 84 31 2 16 50% 19793 211587 15487 13%
c o 7983.63 131 146 158 1867 275278 4 53777255 170924 2.7 84 31 2 16 51% 19793 211587 15487 13%
c - 7988.09 128 150 158 1868 275551 4 53803585 153567 2.7 84 32 2 16 51% 19793 211587 15487 13%
c } 7990.89 136 149 159 1868 275721 4 53823932 173615 2.7 83 31 2 16 50% 19793 211587 15487 13%
c [ 7990.89 136 100 159 1868 275721 1 53823932 173615 2.4 138 59 3 35 56% 19793 211587 15487 13%
c O 7990.89 136 100 159 1868 275721 1 53823932 173615 2.4 138 59 3 35 56% 19793 211587 15487 13%
c - 7993.78 135 104 159 1869 275734 1 53846805 148877 2.4 137 57 3 35 54% 19793 211587 15487 13%
c - 7999.05 142 107 159 1870 275751 1 53890036 131149 2.4 136 56 3 35 51% 19793 211587 15487 13%
c - 8005.65 137 96 159 1871 275766 1 53933279 108911 2.5 139 55 3 35 51% 19793 211587 15487 13%
c - 8012.15 134 88 159 1872 275782 1 53976534 103170 2.6 136 53 3 35 52% 19793 211587 15487 13%
c - 8020.57 139 85 159 1873 275783 1 54019801 107207 2.6 134 51 3 35 54% 19793 211587 15487 13%
c u 8024.74 154 94 159 1873 275797 1 54042812 121340 2.6 132 51 3 35 53% 19798 211587 15487 13%
c v 8025.36 155 94 159 1873 275797 1 54042812 112710 2.6 132 51 3 35 53% 19800 211587 15487 13%
c w 8032.79 169 94 159 1873 275797 1 54042812 111139 2.6 132 51 3 35 53% 19800 211587 15487 13%
c t 8045.14 169 94 159 1873 275797 1 54042812 111139 2.6 132 51 3 35 53% 19796 211587 15487 13%
c - 8047.93 151 102 159 1874 275805 1 54063082 94862 2.5 136 54 3 35 55% 19796 211587 15487 13%
c
c  seconds      switched         rate            size/glue   tier1     binary           remaining
c           MB      reductions      conflicts          size    tier2       irredundant
c             level        restarts         redundant      glue    trail           variables
c
c - 8055.53 116 111 159 1875 275817 1 54106371 93701 2.4 151 63 3 35 55% 19796 211587 15487 13%
c - 8062.57 125 105 159 1876 275838 1 54149672 91065 2.5 151 61 3 35 56% 19796 211587 15487 13%
c - 8070.83 122 101 159 1877 275846 1 54192985 92591 2.6 158 61 3 35 57% 19796 211587 15487 13%
c - 8079.69 127 100 159 1878 275847 1 54236310 89657 2.7 171 62 3 35 57% 19796 211587 15487 13%
c - 8088.26 122 105 159 1879 275847 1 54279649 89468 2.7 177 67 3 35 56% 19796 211587 15487 13%
c - 8096.54 121 106 159 1880 275868 1 54322996 91887 2.6 170 66 3 35 56% 19796 211587 15487 13%
c - 8103.49 125 97 159 1881 275880 1 54366355 93807 2.6 163 63 3 35 53% 19796 211587 15487 13%
c - 8111.08 123 90 159 1882 275900 1 54409727 91681 2.7 158 59 3 35 53% 19796 211587 15487 13%
c - 8118.44 144 86 159 1883 275910 1 54453110 95827 2.8 160 57 3 35 54% 19796 211587 15487 13%
c - 8125.61 151 86 159 1884 275921 1 54496503 94914 2.8 156 56 3 35 53% 19796 211587 15487 13%
c - 8133.12 149 79 159 1885 275940 1 54539908 94809 2.8 150 53 3 34 54% 19796 211587 15487 13%
c - 8141.63 154 76 159 1886 275955 1 54583324 93764 2.8 144 52 3 34 55% 19796 211587 15487 13%
c - 8149.22 152 72 159 1887 275971 1 54626752 95307 2.8 138 49 3 34 56% 19796 211587 15487 13%
c - 8155.85 153 83 159 1888 275973 1 54670193 99513 2.9 148 51 3 34 55% 19796 211587 15487 13%
c ] 8159.49 155 90 160 1888 275974 1 54694561 123054 2.8 151 54 3 34 54% 19796 211587 15487 13%
c { 8159.49 155 149 160 1888 275974 4 54694561 123054 2.7 83 31 2 16 50% 19796 211587 15487 13%
c - 8162.14 156 154 160 1889 276148 4 54713644 102987 2.7 83 31 2 16 51% 19796 211587 15487 13%
c - 8167.30 155 161 160 1890 276490 4 54757106 119568 2.7 82 31 2 16 51% 19797 211587 15487 13%
c - 8172.79 151 165 160 1891 276834 4 54800580 132432 2.7 80 30 2 16 50% 19799 211587 15487 13%
c o 8173.58 156 165 160 1891 276883 4 54807435 139216 2.7 80 30 2 16 51% 19799 211587 15487 13%
c
c  seconds      switched         rate             size/glue  tier1     binary           remaining
c           MB      reductions      conflicts           size   tier2       irredundant
c             level        restarts         redundant      glue    trail           variables
c
c - 8178.27 158 166 160 1892 277196 4 54844068 137812 2.7 79 30 2 16 50% 19799 211587 15487 13%
c u 8181.29 156 166 160 1892 277351 4 54861367 150794 2.7 80 30 2 16 50% 19802 211587 15487 13%
c v 8183.25 160 166 160 1892 277351 4 54861367 127687 2.7 80 30 2 16 50% 19802 211587 15487 13%
c w 8190.04 164 166 160 1892 277351 4 54861367 125898 2.7 80 30 2 16 50% 19802 211587 15487 13%
c t 8190.06 164 166 160 1892 277351 4 54861367 125898 2.7 80 30 2 16 50% 19800 211587 15487 13%
c - 8193.54 153 167 160 1893 277564 4 54887566 120241 2.7 80 30 2 16 51% 19800 211587 15487 13%
c - 8198.89 158 166 160 1894 277925 4 54931075 130398 2.7 78 29 2 16 49% 19801 211587 15487 13%
c - 8205.25 156 168 160 1895 278342 4 54974595 136323 2.7 80 30 2 16 49% 19802 211587 15487 13%
c - 8211.04 159 168 160 1896 278717 4 55018127 139702 2.7 80 30 2 16 50% 19802 211587 15487 13%
c - 8217.39 159 168 160 1897 279133 4 55061670 142333 2.7 81 30 2 16 50% 19802 211587 15487 13%
c - 8223.64 158 168 160 1898 279551 4 55105224 143494 2.7 82 31 2 16 50% 19803 211587 15487 13%
c - 8230.29 155 167 160 1899 280001 4 55148792 143289 2.7 84 32 2 16 50% 19803 211587 15487 13%
c - 8236.11 159 166 160 1900 280352 4 55192369 144278 2.7 83 31 2 16 50% 19803 211587 15487 13%
c - 8242.33 157 164 160 1901 280758 4 55235957 145886 2.7 84 31 2 16 50% 19804 211587 15487 13%
c - 8248.52 159 164 160 1902 281141 4 55279558 147183 2.7 84 31 2 16 50% 19804 211587 15487 13%
c - 8254.69 160 164 160 1903 281536 4 55323169 148231 2.7 85 32 2 16 50% 19804 211587 15487 13%
c - 8259.81 156 162 160 1904 281810 4 55366792 150508 2.7 82 31 2 16 47% 19809 211587 15487 13%
c - 8265.87 159 163 160 1905 282193 4 55410426 151902 2.6 82 31 2 16 48% 19810 211587 15487 13%
c - 8271.59 154 164 160 1906 282567 4 55454072 151605 2.7 82 31 2 16 48% 19810 211587 15487 13%
c - 8278.08 157 164 160 1907 282986 4 55497731 152486 2.7 82 31 2 16 48% 19811 211587 15487 13%
c
c  seconds      switched         rate             size/glue  tier1     binary           remaining
c           MB      reductions      conflicts           size   tier2       irredundant
c             level        restarts         redundant      glue    trail           variables
c
c - 8284.25 161 160 160 1908 283355 4 55541400 153413 2.7 84 31 2 16 49% 19811 211587 15487 13%
c - 8290.54 155 161 160 1909 283724 4 55585080 155141 2.7 85 31 2 16 49% 19811 211587 15487 13%
c - 8296.69 151 162 160 1910 284078 4 55628772 156213 2.8 86 31 2 16 49% 19811 211587 15487 13%
c - 8302.34 160 156 160 1911 284404 4 55672477 157655 2.7 83 30 2 16 47% 19813 211587 15487 13%
c u 8305.51 159 157 160 1911 284549 4 55686578 162099 2.7 83 31 2 16 47% 19821 211587 15487 13%
c v 8307.81 162 157 160 1911 284549 4 55686578 136370 2.7 83 31 2 16 47% 19821 211587 15487 13%
c w 8310.03 167 157 160 1911 284549 4 55686578 136086 2.7 83 31 2 16 47% 19821 211587 15487 13%
c x 8311.81 157 157 160 1911 284549 4 55686578 136041 2.7 83 31 2 16 47% 19833 211480 15487 13%
c t 8311.84 157 157 160 1911 284549 4 55686578 136041 2.7 83 31 2 16 47% 19820 211480 15487 13%
c - 8316.13 163 159 160 1912 284823 4 55716192 129683 2.7 83 31 2 16 48% 19820 211480 15487 13%
c - 8322.53 160 161 160 1913 285217 4 55759918 136876 2.7 84 31 2 16 48% 19820 211480 15487 13%
c - 8329.34 152 162 160 1914 285658 4 55803657 140822 2.7 84 32 2 16 48% 19820 211480 15487 13%
c - 8335.46 164 161 160 1915 286022 4 55847406 143692 2.6 84 32 2 16 48% 19821 211480 15487 13%
c o 8335.47 151 161 160 1915 286024 4 55847516 143800 2.6 84 32 2 16 48% 19821 211480 15487 13%
c } 8335.85 160 161 161 1915 286055 4 55849836 146103 2.6 84 32 2 16 48% 19821 211480 15487 13%
c [ 8335.85 160 90 161 1915 286055 1 55849836 146103 2.8 151 54 3 34 54% 19821 211480 15487 13%
c B 8335.85 160 90 161 1915 286055 1 55849836 146103 2.8 151 54 3 34 54% 19821 211480 15487 13%
c s 8338.83 162 92 161 1915 286067 1 55868592 164243 2.8 152 55 3 34 54% 19822 211465 15487 13%
c e 8338.86 144 92 161 1915 286067 1 55868592 164243 2.8 152 55 3 34 54% 19810 211539 15482 13%
c s 8338.87 144 92 161 1915 286067 1 55868592 164243 2.8 152 55 3 34 54% 19810 211519 15482 13%
c
c  seconds      switched         rate             size/glue   tier1     binary           remaining
c           MB      reductions      conflicts           size    tier2       irredundant
c             level        restarts         redundant       glue    trail           variables
c
c - 8342.23 161 100 161 1916 286076 1 55891166 132428 2.7 151 56 3 34 55% 19810 211519 15482 13%
c - 8349.83 157 88 161 1917 286088 1 55934938 107661 2.7 143 53 3 34 53% 19810 211519 15482 13%
c - 8356.03 157 95 161 1918 286109 1 55978722 101965 2.6 139 53 3 34 52% 19810 211519 15482 13%
c - 8361.17 163 118 161 1919 286117 1 56022518 106222 2.5 142 57 3 34 54% 19810 211519 15482 13%
c - 8366.52 162 119 161 1920 286130 1 56066326 106047 2.5 143 57 3 34 54% 19810 211519 15482 13%
c - 8372.86 161 120 161 1921 286147 1 56110143 106126 2.4 145 59 3 34 55% 19810 211519 15482 13%
c - 8380.02 130 119 161 1922 286163 1 56153973 100590 2.4 149 61 3 34 55% 19810 211519 15482 13%
c - 8387.21 130 117 161 1923 286179 1 56197813 99320 2.4 150 61 3 34 56% 19810 211519 15482 13%
c - 8395.23 151 98 161 1924 286180 1 56241667 101562 2.6 145 55 3 34 57% 19810 211519 15482 13%
c - 8403.73 148 90 161 1925 286181 1 56285530 99844 2.6 140 55 3 34 57% 19810 211519 15482 13%
c - 8412.86 128 83 161 1926 286194 1 56329406 95789 2.6 138 54 3 34 57% 19810 211519 15482 13%
c - 8422.34 153 76 161 1927 286211 1 56373292 96618 2.6 136 52 3 34 57% 19810 211519 15482 13%
c - 8430.50 155 79 161 1928 286227 1 56417189 97500 2.5 139 55 3 34 56% 19810 211519 15482 13%
c - 8439.47 128 76 161 1929 286243 1 56461098 96990 2.6 140 54 3 34 56% 19810 211519 15482 13%
c - 8447.67 131 77 161 1930 286244 1 56505020 96305 2.7 145 54 3 34 57% 19810 211519 15482 13%
c u 8450.80 136 78 161 1930 286252 1 56518452 103937 2.6 145 55 3 34 56% 19820 211519 15482 13%
c v 8451.17 136 78 161 1930 286252 1 56518452 98279 2.6 145 55 3 34 56% 19820 211519 15482 13%
c w 8458.66 149 78 161 1930 286252 1 56518452 96325 2.6 145 55 3 34 56% 19820 211519 15482 13%
c t 8458.68 149 78 161 1930 286252 1 56518452 96325 2.6 145 55 3 34 56% 19817 211519 15482 13%
c f 8458.69 122 78 161 1930 286252 1 56518452 96325 2.6 145 55 3 34 56% 19818 211500 15483 13%
c
c  seconds     switched         rate            size/glue   tier1     binary           remaining
c           MB     reductions      conflicts          size    tier2       irredundant
c            level        restarts         redundant      glue    trail           variables
c
c u 8459.43 133 78 161 1930 286252 1 56518452 95873 2.6 145 55 3 34 56% 19818 211500 15483 13%
c v 8459.66 133 78 161 1930 286252 1 56518452 94040 2.6 145 55 3 34 56% 19818 211500 15483 13%
c w 8466.50 144 78 161 1930 286252 1 56518452 89923 2.6 145 55 3 34 56% 19818 211500 15483 13%
c - 8472.10 127 80 161 1931 286266 1 56548952 82218 2.5 140 57 3 34 56% 19818 211500 15483 13%
c - 8479.36 131 84 161 1932 286279 1 56592896 85137 2.4 144 60 3 34 55% 19818 211500 15483 13%
c - 8486.73 128 84 161 1933 286300 1 56636851 87804 2.5 148 58 3 34 57% 19818 211500 15483 13%
c - 8493.81 156 83 161 1934 286307 1 56680816 92525 2.7 148 56 3 34 57% 19818 211500 15483 13%
c - 8501.05 153 81 161 1935 286308 1 56724795 93642 2.7 149 54 3 34 54% 19818 211500 15483 13%
c W 8503.32 159 81 161 1935 286308 1 56736179 104640 2.7 149 54 3 34 54% 19818 211500 15483 13%
c ] 8504.93 159 82 162 1935 286308 1 56748703 116790 2.7 148 55 3 34 53% 19818 211500 15483 13%
c { 8504.93 159 161 162 1935 286308 4 56748703 116790 2.6 84 32 2 16 48% 19818 211500 15483 13%
c - 8506.42 162 138 162 1936 286309 3 56768784 104901 3.0 88 29 2 16 46% 19818 211500 15483 13%
c - 8510.56 181 100 162 1937 286309 3 56812784 135055 3.7 93 25 2 16 42% 19818 211500 15483 13%
c - 8513.95 194 76 162 1938 286312 2 56856796 156205 4.1 92 22 2 16 36% 19819 211500 15483 13%
c - 8514.76 199 59 162 1939 286314 2 56900818 161262 3.8 66 17 2 16 27% 19821 211500 15483 13%
c o 8514.91 189 58 162 1939 286315 2 56907683 167685 3.8 63 17 2 16 26% 19822 211500 15483 13%
c - 8516.54 193 56 162 1940 286351 2 56944853 158118 3.9 60 15 2 16 27% 19823 211500 15483 13%
c - 8518.04 191 49 162 1941 286375 1 56988899 160766 4.2 59 14 2 16 27% 19825 211500 15483 13%
c - 8519.64 200 51 162 1942 286413 1 57032956 159653 4.1 52 13 2 16 25% 19829 211500 15483 13%
c - 8520.91 195 47 162 1943 286462 1 57077024 159041 3.7 40 11 2 16 21% 19830 211500 15483 13%
c
c  seconds     switched         rate             size/glue  tier1     binary           remaining
c           MB     reductions      conflicts           size   tier2       irredundant
c            level        restarts         redundant      glue    trail           variables
c
c - 8522.79 200 50 162 1944 286655 1 57121103 157467 3.4 35 10 2 16 20% 19836 211500 15483 13%
c - 8525.02 161 51 162 1945 286965 2 57165193 154532 3.3 33 10 2 16 22% 19844 211500 15483 13%
c - 8528.14 162 54 162 1946 287390 2 57209295 156459 3.4 37 11 2 16 25% 19850 211500 15483 13%
c - 8529.93 161 58 162 1947 287557 2 57253410 159457 3.2 34 10 2 16 23% 19850 211500 15483 13%
c - 8532.50 162 59 162 1948 287855 2 57297534 160995 3.1 33 11 2 16 24% 19853 211500 15483 13%
c - 8535.49 159 63 162 1949 288209 2 57341670 163695 3.3 36 11 2 16 27% 19854 211500 15483 13%
c u 8537.73 155 65 162 1949 288352 2 57356984 168751 3.3 37 11 2 16 28% 19872 211500 15483 13%
c v 8540.53 166 65 162 1949 288352 2 57356984 156696 3.3 37 11 2 16 28% 19872 211500 15483 13%
c w 8541.36 167 65 162 1949 288352 2 57356984 156504 3.3 37 11 2 16 28% 19872 211500 15483 13%
c t 8541.38 167 65 162 1949 288352 2 57356984 156504 3.3 37 11 2 16 28% 19855 211500 15483 13%
c - 8543.37 160 65 162 1950 288569 2 57385817 146308 3.4 39 11 2 16 29% 19862 211500 15483 13%
c - 8545.46 160 57 162 1951 288772 2 57429976 152473 3.2 36 11 2 16 28% 19862 211500 15483 13%
c - 8548.54 161 61 162 1952 289103 2 57474146 155851 3.4 39 11 2 16 30% 19868 211500 15483 13%
c i 8548.96 158 61 162 1952 289145 2 57483582 165090 3.4 38 11 2 16 30% 19871 211499 15482 13%
c - 8550.89 162 65 162 1953 289344 2 57518327 157987 3.3 37 11 2 16 29% 19861 211499 15482 13%
c - 8553.69 161 65 162 1954 289641 2 57562520 159294 3.4 39 11 2 16 30% 19868 211499 15482 13%
c - 8556.34 154 67 162 1955 289920 2 57606724 163027 3.3 38 11 2 16 30% 19873 211499 15482 13%
c - 8559.20 154 65 162 1956 290216 2 57650939 163115 3.4 38 11 2 16 30% 19877 211499 15482 13%
c - 8562.40 159 65 162 1957 290552 2 57695165 164723 3.5 41 12 2 16 32% 19883 211499 15482 13%
c - 8564.73 161 64 162 1958 290752 2 57739403 166450 3.6 42 12 2 16 31% 19884 211499 15482 13%
c
c  seconds     switched         rate             size/glue  tier1     binary           remaining
c           MB     reductions      conflicts           size   tier2       irredundant
c            level        restarts         redundant      glue    trail           variables
c
c - 8567.76 162 69 162 1959 291074 2 57783652 166816 3.5 42 12 2 16 31% 19885 211499 15482 13%
c - 8570.18 157 65 162 1960 291303 2 57827912 167523 3.5 41 12 2 16 31% 19886 211499 15482 13%
c - 8572.74 161 65 162 1961 291557 2 57872183 168667 3.3 39 12 2 16 30% 19889 211499 15482 13%
c - 8575.84 161 72 162 1962 291922 2 57916466 170000 3.3 40 12 2 16 31% 19894 211499 15482 13%
c } 8576.55 159 73 163 1962 291986 2 57930113 183488 3.4 39 12 2 16 31% 19894 211499 15482 13%
c [ 8576.55 159 82 163 1962 291986 1 57930113 183488 2.7 148 55 3 34 53% 19894 211499 15482 13%
c I 8576.55 159 82 163 1962 291986 1 57930113 183488 2.7 148 55 3 34 53% 19894 211499 15482 13%
c - 8580.96 162 98 163 1963 292000 1 57960760 153211 2.6 150 58 3 34 55% 19894 211499 15482 13%
c o 8583.86 153 98 163 1963 292012 1 57980363 171967 2.6 153 59 3 34 57% 19894 211499 15482 13%
c - 8587.39 157 117 163 1964 292016 1 58005068 124645 2.5 160 65 3 34 58% 19895 211499 15482 13%
c - 8594.65 155 118 163 1965 292035 1 58049386 111372 2.5 159 63 3 34 59% 19895 211499 15482 13%
c - 8601.01 152 121 163 1966 292047 1 58093714 112842 2.4 151 62 3 34 57% 19895 211499 15482 13%
c - 8607.94 151 129 163 1967 292055 1 58138053 111901 2.2 149 68 3 34 56% 19895 211499 15482 13%
c - 8613.72 152 116 163 1968 292077 1 58182403 112480 2.3 140 61 3 34 55% 19895 211499 15482 13%
c u 8617.73 152 117 163 1968 292079 1 58202204 119556 2.3 139 61 3 34 55% 19918 211492 15482 13%
c v 8618.41 154 117 163 1968 292079 1 58202204 110820 2.3 139 61 3 34 55% 19921 211492 15482 13%
c w 8622.61 193 117 163 1968 292079 1 58202204 109541 2.3 139 61 3 34 55% 19921 211492 15482 13%
c t 8622.63 193 117 163 1968 292079 1 58202204 109541 2.3 139 61 3 34 55% 19892 211492 15482 13%
c - 8626.50 183 112 163 1969 292091 1 58226765 95993 2.2 136 61 3 34 56% 19892 211492 15482 13%
c - 8632.51 150 107 163 1970 292109 1 58271138 95873 2.3 133 59 3 34 56% 19892 211492 15482 13%
c
c  seconds      switched         rate             size/glue   tier1     binary           remaining
c           MB      reductions      conflicts           size    tier2       irredundant
c             level        restarts         redundant       glue    trail           variables
c
c s 8634.22 149 111 163 1970 292110 1 58283829 108341 2.3 136 60 3 34 57% 19907 211459 15482 13%
c e 8634.23 151 111 163 1970 292110 1 58283829 108341 2.3 136 60 3 34 57% 19905 211476 15481 13%
c s 8634.23 151 111 163 1970 292110 1 58283829 108341 2.3 136 60 3 34 57% 19906 211472 15481 13%
c - 8639.30 148 108 163 1971 292111 1 58315525 97518 2.3 140 60 3 34 57% 19906 211472 15481 13%
c - 8644.87 152 101 163 1972 292112 1 58359920 96912 2.6 146 57 3 34 56% 19906 211472 15481 13%
c - 8649.91 173 92 163 1973 292122 1 58404327 100762 2.8 146 53 3 34 53% 19906 211472 15481 13%
c ] 8651.19 174 90 164 1973 292127 1 58415317 110958 2.7 142 53 3 34 53% 19906 211472 15481 13%
c { 8651.19 174 73 164 1973 292127 2 58415317 110958 3.4 39 12 2 16 31% 19906 211472 15481 13%
c - 8656.65 173 103 164 1974 292721 3 58448747 113896 2.8 49 17 2 16 36% 19906 211472 15481 13%
c - 8663.73 176 128 164 1975 293422 4 58493182 128811 2.6 57 22 2 16 40% 19906 211472 15481 13%
c - 8670.99 175 143 164 1976 294044 4 58537622 138894 2.5 64 26 2 16 43% 19907 211472 15481 13%
c - 8678.15 129 152 164 1977 294599 4 58582074 144827 2.5 69 28 2 16 45% 19908 211472 15481 13%
c - 8684.75 130 155 164 1978 295059 4 58626539 149533 2.5 72 29 2 16 46% 19909 211472 15481 13%
c - 8691.74 130 158 164 1979 295488 4 58671013 153207 2.5 74 30 2 16 47% 19909 211472 15481 13%
c - 8698.47 126 158 164 1980 295898 4 58715498 155097 2.6 77 30 2 16 48% 19910 211472 15481 13%
c - 8705.52 132 161 164 1981 296309 4 58759997 156269 2.6 80 31 2 16 49% 19911 211472 15481 13%
c - 8712.79 125 159 164 1982 296728 4 58804505 157019 2.6 81 31 2 16 50% 19912 211472 15481 13%
c - 8719.66 132 157 164 1983 297093 4 58849024 158319 2.7 84 31 2 16 50% 19915 211472 15481 13%
c - 8726.40 128 157 164 1984 297456 4 58893554 159722 2.7 83 31 2 16 50% 19919 211472 15481 13%
c - 8733.28 133 154 164 1985 297845 4 58938099 160653 2.7 82 31 2 16 50% 19919 211472 15481 13%
c
c  seconds      switched         rate             size/glue  tier1     binary           remaining
c           MB      reductions      conflicts           size   tier2       irredundant
c             level        restarts         redundant      glue    trail           variables
c
c - 8740.10 131 153 164 1986 298239 4 58982653 161777 2.6 82 31 2 16 49% 19921 211472 15481 13%
c - 8747.32 132 152 164 1987 298650 4 59027217 162346 2.7 83 31 2 16 50% 19923 211472 15481 13%
c o 8750.79 131 151 164 1987 298842 4 59051951 186622 2.7 82 31 2 16 50% 19923 211472 15481 13%
c u 8752.58 127 151 164 1987 298873 4 59054141 179161 2.7 82 31 2 16 50% 19941 211472 15481 13%
c v 8755.22 125 151 164 1987 298873 4 59054141 150554 2.7 82 31 2 16 50% 19942 211472 15481 13%
c w 8760.00 139 151 164 1987 298873 4 59054141 150001 2.7 82 31 2 16 50% 19942 211472 15481 13%
c t 8760.03 139 151 164 1987 298873 4 59054141 150001 2.7 82 31 2 16 50% 19932 211472 15481 13%
c - 8762.66 129 151 164 1988 299048 4 59071792 131353 2.6 82 31 2 16 50% 19932 211472 15481 13%
c - 8769.18 130 153 164 1989 299452 4 59116378 138699 2.6 83 32 2 16 51% 19932 211472 15481 13%
c - 8775.61 131 153 164 1990 299816 4 59160976 145109 2.6 83 31 2 16 52% 19932 211472 15481 13%
c - 8782.75 128 156 164 1991 300250 4 59205585 147367 2.6 84 32 2 16 51% 19934 211472 15481 13%
c - 8788.94 131 157 164 1992 300594 4 59250205 148417 2.6 82 31 2 16 51% 19934 211472 15481 13%
c - 8796.03 130 158 164 1993 301007 4 59294837 149762 2.6 84 32 2 16 51% 19935 211472 15481 13%
c - 8802.45 129 157 164 1994 301359 4 59339480 150034 2.6 83 32 2 16 51% 19935 211472 15481 13%
c - 8809.23 132 154 164 1995 301725 4 59384135 151232 2.7 84 32 2 16 51% 19935 211472 15481 13%
c - 8815.76 129 152 164 1996 302116 4 59428801 152712 2.6 83 32 2 16 50% 19935 211472 15481 13%
c - 8822.25 131 151 164 1997 302468 4 59473480 154007 2.6 83 32 2 16 51% 19937 211472 15481 13%
c - 8829.30 131 154 164 1998 302879 4 59518168 154661 2.6 84 32 2 16 51% 19937 211472 15481 13%
c - 8836.30 131 155 164 1999 303275 4 59562866 154955 2.6 84 32 2 16 50% 19938 211472 15481 13%
c - 8843.05 130 154 164 2000 303680 4 59607576 155797 2.6 83 33 2 16 50% 19939 211472 15481 13%
c
c  seconds      switched         rate             size/glue  tier1     binary           remaining
c           MB      reductions      conflicts           size   tier2       irredundant
c             level        restarts         redundant      glue    trail           variables
c
c } 8845.13 130 154 165 2000 303790 4 59623099 171091 2.6 83 32 2 16 50% 19939 211472 15481 13%
c [ 8845.13 130 90 165 2000 303790 1 59623099 171091 2.7 142 53 3 34 53% 19939 211472 15481 13%
c B 8845.14 130 90 165 2000 303790 1 59623099 171091 2.7 142 53 3 34 53% 19939 211472 15481 13%
c - 8848.77 133 87 165 2001 303804 1 59652297 147177 2.6 139 52 3 34 50% 19939 211472 15481 13%
c - 8856.54 130 85 165 2002 303820 1 59697029 122058 2.5 136 55 3 34 49% 19939 211472 15481 13%
c - 8863.51 98 82 165 2003 303838 1 59741772 105262 2.4 130 54 3 34 48% 19939 211472 15481 13%
c - 8870.70 118 79 165 2004 303851 1 59786526 106665 2.5 130 51 3 34 50% 19939 211472 15481 13%
c - 8878.72 125 76 165 2005 303859 1 59831292 105230 2.5 129 51 3 34 51% 19939 211472 15481 13%
c - 8885.43 126 87 165 2006 303881 1 59876070 109998 2.5 131 51 3 34 51% 19939 211472 15481 13%
c u 8893.11 126 79 165 2006 303890 1 59912760 135868 2.7 131 49 3 34 54% 19949 211472 15481 13%
c v 8893.84 127 79 165 2006 303890 1 59912760 129107 2.7 131 49 3 34 54% 19949 211472 15481 13%
c w 8903.84 148 79 165 2006 303890 1 59912760 124756 2.7 131 49 3 34 54% 19949 211472 15481 13%
c t 8903.87 148 79 165 2006 303890 1 59912760 124756 2.7 131 49 3 34 54% 19945 211472 15481 13%
c - 8905.17 122 81 165 2007 303896 1 59920861 97654 2.7 132 49 3 34 54% 19945 211472 15481 13%
c - 8913.11 135 83 165 2008 303913 1 59965661 93489 2.7 149 54 3 34 56% 19945 211472 15481 13%
c - 8921.36 99 83 165 2009 303915 1 60010471 85256 2.8 159 58 3 34 58% 19945 211472 15481 13%
c - 8929.40 102 85 165 2010 303916 1 60055294 86995 2.8 167 59 3 34 60% 19945 211472 15481 13%
c - 8937.47 99 84 165 2011 303928 1 60100127 90795 2.9 167 58 3 34 61% 19945 211472 15481 13%
c - 8945.91 96 82 165 2012 303946 1 60144971 93304 2.8 164 58 3 34 60% 19945 211472 15481 13%
c o 8950.81 115 81 165 2012 303953 1 60170605 117120 2.9 167 58 3 34 60% 19945 211472 15481 13%
c
c  seconds      switched         rate            size/glue   tier1     binary           remaining
c           MB      reductions      conflicts          size    tier2       irredundant
c             level        restarts         redundant      glue    trail           variables
c
c - 8953.78 102 101 165 2013 303962 1 60189827 89891 2.5 172 68 3 34 59% 19945 211472 15481 13%
c - 8960.84 100 111 165 2014 303978 1 60234693 91127 2.4 166 69 3 34 56% 19945 211472 15481 13%
c - 8969.14 98 114 165 2015 303980 1 60279573 90255 2.3 169 74 3 34 53% 19945 211472 15481 13%
c - 8975.54 99 119 165 2016 304002 1 60324463 93869 2.3 159 70 3 34 54% 19945 211472 15481 13%
c - 8983.10 96 119 165 2017 304016 1 60369363 99989 2.3 152 67 3 34 55% 19945 211472 15481 13%
c - 8988.43 128 114 165 2018 304038 1 60414276 100890 2.4 152 63 3 34 51% 19945 211472 15481 13%
c - 8994.84 124 95 165 2019 304042 1 60459202 98065 2.6 149 57 3 34 49% 19945 211472 15481 13%
c - 9001.98 129 81 165 2020 304043 1 60504135 93624 2.7 143 52 3 34 47% 19945 211472 15481 13%
c - 9008.75 124 74 165 2021 304044 1 60549079 98740 2.9 141 49 3 34 47% 19945 211472 15481 13%
c W 9009.70 138 74 165 2021 304044 1 60550674 100257 2.9 141 49 3 34 47% 19945 211472 15481 13%
c - 9016.07 149 70 165 2022 304044 1 60594034 99938 3.0 142 48 3 34 46% 19945 211472 15481 13%
c - 9022.13 152 68 165 2023 304044 1 60639000 98304 3.1 146 47 3 34 45% 19946 211472 15481 13%
c ] 9027.92 157 69 166 2023 304047 1 60675693 132802 3.1 147 48 3 34 45% 19946 211472 15481 13%
c { 9027.92 157 154 166 2023 304047 4 60675693 132802 2.6 83 32 2 16 50% 19946 211472 15481 13%
c - 9028.45 162 151 166 2024 304051 4 60683977 102702 2.6 80 31 2 16 49% 19946 211472 15481 13%
c - 9031.57 171 138 166 2025 304060 3 60728966 127623 2.6 66 26 2 16 41% 19948 211472 15481 13%
c s 9033.22 176 119 166 2025 304067 3 60759118 156508 2.5 58 23 2 16 36% 19948 211469 15481 13%
c - 9034.28 180 117 166 2026 304073 2 60773967 149240 2.5 55 22 2 16 35% 19948 211469 15481 13%
c u 9035.58 183 116 166 2026 304075 2 60778087 148129 2.5 55 22 2 16 34% 19950 211469 15481 13%
c v 9040.55 192 116 166 2026 304075 2 60778087 134528 2.5 55 22 2 16 34% 19950 211469 15481 13%
c
c  seconds      switched         rate             size/glue  tier1     binary           remaining
c           MB      reductions      conflicts           size   tier2       irredundant
c             level        restarts         redundant      glue    trail           variables
c
c w 9043.36 194 116 166 2026 304075 2 60778087 133762 2.5 55 22 2 16 34% 19950 211469 15481 13%
c - 9045.99 198 110 166 2027 304107 2 60818978 141669 2.6 49 19 2 16 32% 19953 211469 15481 13%
c - 9048.54 208 106 166 2028 304174 2 60864000 150315 2.5 41 17 2 16 29% 19955 211469 15481 13%
c - 9051.24 216 107 166 2029 304297 3 60909034 153882 2.4 36 15 2 16 28% 19958 211469 15481 13%
c - 9054.30 224 113 166 2030 304523 3 60954080 156646 2.3 32 14 2 16 28% 19962 211469 15481 13%
c - 9057.64 249 117 166 2031 304791 3 60999136 159140 2.3 30 13 2 16 28% 19963 211469 15481 13%
c - 9060.82 257 115 166 2032 305050 4 61044202 161668 2.2 28 12 2 16 26% 19963 211469 15481 13%
c - 9064.49 226 118 166 2033 305368 4 61089279 164684 2.2 26 12 2 16 27% 19966 211469 15481 13%
c - 9068.10 234 117 166 2034 305734 4 61134368 167814 2.2 25 12 2 16 26% 19967 211469 15481 13%
c - 9071.75 242 118 166 2035 306094 4 61179467 170447 2.1 24 12 2 16 26% 19972 211469 15481 13%
c - 9075.88 178 120 166 2036 306537 4 61224578 173307 2.1 24 12 2 16 26% 19975 211469 15481 13%
c o 9079.18 185 122 166 2036 306903 5 61260715 208256 2.1 24 12 2 16 26% 19977 211469 15481 13%
c - 9080.06 190 122 166 2037 306990 5 61269701 176021 2.1 24 12 2 16 26% 19978 211469 15481 13%
c - 9083.91 201 120 166 2038 307391 5 61314834 177323 2.0 24 12 2 16 26% 19982 211469 15481 13%
c - 9088.02 210 121 166 2039 307816 5 61359981 179077 2.1 24 12 2 16 26% 19982 211469 15481 13%
c - 9092.07 218 121 166 2040 308240 5 61405136 181701 2.0 24 12 2 16 26% 19985 211469 15481 13%
c - 9096.19 226 119 166 2041 308690 5 61450302 183398 2.0 24 12 2 16 25% 19987 211469 15481 13%
c i 9097.36 231 118 166 2041 308813 5 61464246 196705 2.0 24 12 2 16 25% 19990 211469 15480 13%
c - 9099.62 170 122 166 2042 309026 4 61495479 184838 2.0 23 12 2 16 24% 19980 211469 15480 13%
c - 9103.69 179 120 166 2043 309455 4 61540667 186863 2.0 24 12 2 16 25% 19981 211469 15480 13%
c
c  seconds      switched         rate             size/glue  tier1     binary           remaining
c           MB      reductions      conflicts           size   tier2       irredundant
c             level        restarts         redundant      glue    trail           variables
c
c - 9107.25 192 115 166 2044 309803 4 61585869 188440 2.0 23 11 2 16 23% 19981 211469 15480 13%
c - 9111.21 203 118 166 2045 310223 4 61631079 189852 2.0 23 12 2 16 24% 19982 211469 15480 13%
c u 9114.49 208 116 166 2045 310385 4 61650122 183927 2.0 23 12 2 16 24% 19999 211461 15480 13%
c v 9116.61 216 116 166 2045 310385 4 61650122 178532 2.0 23 12 2 16 24% 19999 211461 15480 13%
c w 9117.39 216 116 166 2045 310385 4 61650122 178337 2.0 23 12 2 16 24% 19999 211461 15480 13%
c t 9117.42 216 116 166 2045 310385 4 61650122 178337 2.0 23 12 2 16 24% 19985 211461 15480 13%
c - 9119.70 224 117 166 2046 310639 4 61676300 165510 2.0 23 12 2 16 24% 19985 211461 15480 13%
c - 9123.54 177 117 166 2047 311027 5 61721532 168793 2.0 23 11 2 16 25% 19985 211461 15480 13%
c - 9127.27 185 114 166 2048 311415 4 61766777 171167 2.0 23 11 2 16 25% 19986 211461 15480 13%
c - 9131.31 194 117 166 2049 311863 5 61812031 173538 2.0 23 11 2 16 25% 19988 211461 15480 13%
c - 9134.91 201 113 166 2050 312247 4 61857296 175594 2.0 23 11 2 16 24% 19989 211461 15480 13%
c - 9137.88 210 105 166 2051 312548 4 61902572 176393 2.0 22 11 2 16 22% 19990 211461 15480 13%
c } 9138.38 213 106 167 2051 312603 4 61910094 183501 2.0 22 11 2 16 22% 19990 211461 15480 13%
c [ 9138.38 213 69 167 2051 312603 1 61910094 183501 3.1 147 48 3 34 45% 19990 211461 15480 13%
c O 9138.39 213 69 167 2051 312603 1 61910094 183501 3.1 147 48 3 34 45% 19990 211461 15480 13%
c - 9143.54 217 85 167 2052 312621 1 61947859 161491 2.9 137 48 3 34 46% 19990 211461 15480 13%
c - 9150.47 168 105 167 2053 312635 1 61993159 135412 2.7 148 54 3 34 48% 19990 211461 15480 13%
c - 9156.79 174 115 167 2054 312657 1 62038469 123429 2.6 147 58 3 34 48% 19990 211461 15480 13%
c - 9161.41 177 111 167 2055 312665 1 62083790 122509 2.5 142 56 3 34 46% 19990 211461 15480 13%
c - 9166.15 184 115 167 2056 312679 1 62129126 125108 2.6 143 56 3 34 44% 19990 211461 15480 13%
c
c  seconds      switched         rate             size/glue   tier1     binary           remaining
c           MB      reductions      conflicts           size    tier2       irredundant
c             level        restarts         redundant       glue    trail           variables
c
c - 9171.80 190 113 167 2057 312696 1 62174470 124322 2.5 137 56 3 34 44% 19990 211461 15480 13%
c - 9177.22 198 119 167 2058 312711 1 62219826 124575 2.4 134 57 3 34 46% 19990 211461 15480 13%
c - 9183.13 156 133 167 2059 312727 1 62265192 127035 2.3 135 58 3 34 49% 19990 211461 15480 13%
c - 9190.25 160 135 167 2060 312729 1 62310568 124106 2.2 138 62 3 34 55% 19990 211461 15480 13%
c - 9199.34 164 134 167 2061 312729 1 62355956 119150 2.2 145 65 3 34 58% 19990 211461 15480 13%
c o 9202.32 166 134 167 2061 312733 1 62373610 136442 2.2 147 66 3 34 58% 19990 211461 15480 13%
c - 9206.54 171 137 167 2062 312744 1 62401354 118509 2.2 145 65 3 34 58% 19990 211461 15480 13%
c - 9212.13 183 135 167 2063 312760 1 62446764 122705 2.2 140 63 3 34 54% 19990 211461 15480 13%
c - 9219.11 204 127 167 2064 312781 1 62492185 124319 2.3 138 60 3 34 53% 19990 211461 15480 13%
c u 9225.70 226 127 167 2064 312791 1 62528897 145725 2.2 139 62 3 34 51% 19999 211461 15480 13%
c v 9226.57 228 127 167 2064 312791 1 62528897 134698 2.2 139 62 3 34 51% 20001 211461 15480 13%
c w 9233.69 258 127 167 2064 312791 1 62528897 133395 2.2 139 62 3 34 51% 20001 211461 15480 13%
c t 9233.73 258 127 167 2064 312791 1 62528897 133395 2.2 139 62 3 34 51% 19996 211461 15480 13%
c - 9234.72 197 129 167 2065 312792 1 62537617 103223 2.2 137 62 3 34 50% 19996 211461 15480 13%
c - 9238.91 197 135 167 2066 312802 1 62583060 104859 2.1 130 62 3 34 45% 19996 211461 15480 13%
c - 9243.88 204 147 167 2067 312822 1 62628514 107856 2.0 134 66 3 34 46% 19996 211461 15480 13%
c - 9250.05 259 146 167 2068 312838 1 62673978 107263 2.1 137 66 3 34 46% 19997 211461 15480 13%
c ] 9255.60 306 141 168 2068 312854 1 62718824 151245 2.1 135 64 3 34 45% 19997 211461 15480 13%
c { 9255.60 306 106 168 2068 312854 4 62718824 151245 2.0 22 11 2 16 22% 19997 211461 15480 13%
c - 9255.72 306 107 168 2069 312865 4 62719453 108834 2.0 22 11 2 16 22% 19997 211461 15480 13%
c
c  seconds      switched         rate             size/glue  tier1     binary           remaining
c           MB      reductions      conflicts           size   tier2       irredundant
c             level        restarts         redundant      glue    trail           variables
c
c - 9262.86 253 136 168 2070 313655 5 62764940 125015 2.1 38 18 2 16 31% 20000 211461 15480 13%
c - 9270.18 256 152 168 2071 314354 5 62810437 142839 2.2 49 22 2 16 37% 20000 211461 15480 13%
c - 9275.78 171 154 168 2072 314822 5 62855945 153023 2.2 52 24 2 16 37% 20002 211461 15480 13%
c - 9282.32 122 160 168 2073 315337 5 62901464 158818 2.3 58 25 2 16 41% 20002 211461 15480 13%
c - 9288.40 123 161 168 2074 315783 5 62946994 160483 2.3 60 26 2 16 43% 20004 211461 15480 13%
c - 9295.69 124 164 168 2075 316298 4 62992535 161517 2.4 64 27 2 16 45% 20005 211461 15480 13%
c - 9302.84 125 165 168 2076 316764 4 63038087 162272 2.4 67 28 2 16 46% 20005 211461 15480 13%
c - 9309.61 124 165 168 2077 317171 4 63083650 164276 2.4 69 28 2 16 46% 20006 211461 15480 13%
c - 9316.02 127 160 168 2078 317541 4 63129224 166366 2.5 69 28 2 16 46% 20006 211461 15480 13%
c - 9322.88 126 162 168 2079 317994 4 63174809 166679 2.5 70 29 2 16 46% 20007 211461 15480 13%
c - 9330.01 121 161 168 2080 318446 4 63220405 165354 2.5 71 29 2 16 46% 20009 211461 15480 13%
c - 9337.57 128 162 168 2081 318889 4 63266012 164610 2.5 73 30 2 16 46% 20009 211461 15480 13%
c s 9342.19 126 163 168 2081 319176 4 63294891 193120 2.5 75 30 2 16 47% 20010 211449 15480 13%
c e 9342.20 106 163 168 2081 319176 4 63294891 193120 2.5 75 30 2 16 47% 20004 211477 15478 13%
c s 9342.20 106 163 168 2081 319176 4 63294891 193120 2.5 75 30 2 16 47% 20004 211468 15478 13%
c - 9344.93 139 164 168 2082 319319 4 63311631 163003 2.5 75 30 2 16 48% 20004 211468 15478 13%
c - 9351.94 173 162 168 2083 319731 4 63357260 162807 2.5 76 30 2 16 48% 20005 211468 15478 13%
c - 9358.68 207 161 168 2084 320143 4 63402902 163726 2.5 76 30 2 16 47% 20005 211468 15478 13%
c u 9361.68 209 161 168 2084 320264 4 63414378 164410 2.5 76 30 2 16 47% 20019 211468 15478 13%
c v 9364.15 214 161 168 2084 320264 4 63414378 139975 2.5 76 30 2 16 47% 20019 211468 15478 13%
c
c  seconds      switched         rate             size/glue  tier1     binary           remaining
c           MB      reductions      conflicts           size   tier2       irredundant
c             level        restarts         redundant      glue    trail           variables
c
c w 9369.27 218 161 168 2084 320264 4 63414378 139172 2.5 76 30 2 16 47% 20019 211468 15478 13%
c t 9369.29 218 161 168 2084 320264 4 63414378 139172 2.5 76 30 2 16 47% 20007 211468 15478 13%
c f 9369.31 194 161 168 2084 320264 4 63414378 139172 2.5 76 30 2 16 47% 20007 211450 15479 13%
c u 9370.30 208 161 168 2084 320264 4 63414378 138317 2.5 76 30 2 16 47% 20008 211450 15479 13%
c v 9371.83 210 161 168 2084 320264 4 63414378 128629 2.5 76 30 2 16 47% 20008 211450 15479 13%
c w 9378.12 213 161 168 2084 320264 4 63414378 124861 2.5 76 30 2 16 47% 20008 211450 15479 13%
c - 9383.18 156 163 168 2085 320557 4 63448557 123877 2.5 76 30 2 16 48% 20010 211450 15479 13%
c o 9388.35 157 164 168 2085 320879 4 63484014 158757 2.5 76 30 2 16 48% 20010 211450 15479 13%
c - 9389.94 169 163 168 2086 320974 4 63494218 136197 2.5 76 30 2 16 48% 20010 211450 15479 13%
c - 9396.12 163 163 168 2087 321333 4 63539890 144141 2.5 75 30 2 16 48% 20013 211450 15479 13%
c - 9403.04 170 163 168 2088 321748 4 63585573 148271 2.5 74 30 2 16 47% 20014 211450 15479 13%
c - 9409.70 168 160 168 2089 322113 4 63631268 151095 2.5 74 30 2 16 48% 20014 211450 15479 13%
c - 9417.11 127 163 168 2090 322562 4 63676974 153405 2.5 75 30 2 16 48% 20014 211450 15479 13%
c - 9424.28 124 161 168 2091 322951 4 63722690 155005 2.5 74 30 2 16 47% 20018 211450 15479 13%
c - 9430.51 128 158 168 2092 323284 4 63768417 157763 2.5 72 29 2 16 45% 20020 211450 15479 13%
c - 9438.03 121 162 168 2093 323733 4 63814155 158566 2.5 73 30 2 16 46% 20021 211450 15479 13%
c - 9444.90 123 161 168 2094 324134 4 63859905 158940 2.5 73 30 2 16 46% 20022 211450 15479 13%
c - 9452.10 128 161 168 2095 324557 4 63905668 160232 2.5 75 30 2 16 46% 20024 211450 15479 13%
c - 9459.24 124 158 168 2096 324943 4 63951439 162140 2.5 75 30 2 16 47% 20024 211450 15479 13%
c } 9463.87 127 157 169 2096 325202 4 63980089 190360 2.6 78 30 2 16 48% 20025 211450 15479 13%
c
c  seconds      switched         rate             size/glue   tier1     binary           remaining
c           MB      reductions      conflicts           size    tier2       irredundant
c             level        restarts         redundant       glue    trail           variables
c
c [ 9463.87 127 141 169 2096 325202 1 63980089 190360 2.1 135 64 3 34 45% 20025 211450 15479 13%
c B 9463.87 127 141 169 2096 325202 1 63980089 190360 2.1 135 64 3 34 45% 20025 211450 15479 13%
c - 9466.56 125 138 169 2097 325212 1 63997223 158435 2.1 135 63 3 34 45% 20025 211450 15479 13%
c - 9473.65 138 133 169 2098 325231 1 64043016 142095 2.2 135 60 3 34 49% 20025 211450 15479 13%
c - 9481.81 140 143 169 2099 325247 1 64088819 118483 2.1 150 71 3 34 52% 20025 211450 15479 13%
c - 9490.53 102 129 169 2100 325263 1 64134633 108551 2.3 154 68 3 34 54% 20025 211450 15479 13%
c - 9499.06 101 120 169 2101 325267 1 64180458 105559 2.4 162 67 3 34 56% 20025 211450 15479 13%
c - 9507.83 128 108 169 2102 325290 1 64226294 108066 2.7 164 60 3 34 58% 20025 211450 15479 13%
c - 9518.29 130 94 169 2103 325303 1 64272143 107554 3.0 170 57 3 34 58% 20025 211450 15479 13%
c u 9526.03 132 88 169 2103 325320 1 64306591 132425 3.1 168 53 3 34 59% 20034 211450 15479 13%
c v 9526.62 133 88 169 2103 325320 1 64306591 125000 3.1 168 53 3 34 59% 20035 211450 15479 13%
c w 9539.21 154 88 169 2103 325320 1 64306591 123696 3.1 168 53 3 34 59% 20035 211450 15479 13%
c t 9539.24 154 88 169 2103 325320 1 64306591 123696 3.1 168 53 3 34 59% 20024 211450 15479 13%
c - 9541.69 128 84 169 2104 325325 1 64318001 96608 3.2 170 52 3 34 59% 20024 211450 15479 13%
c - 9551.79 136 72 169 2105 325327 1 64363872 98271 3.7 179 48 3 34 60% 20024 211450 15479 13%
c - 9560.86 140 64 169 2106 325328 1 64409753 98832 4.0 180 45 3 34 62% 20024 211450 15479 13%
c - 9570.98 135 60 169 2107 325338 1 64455645 102055 4.1 180 44 3 34 62% 20024 211450 15479 13%
c - 9580.99 132 63 169 2108 325358 1 64501547 103769 3.9 176 46 3 34 62% 20024 211450 15479 13%
c - 9590.42 139 66 169 2109 325374 1 64547459 102070 3.5 168 47 3 34 62% 20024 211450 15479 13%
c - 9600.38 136 66 169 2110 325390 1 64593382 99082 3.3 159 48 3 34 60% 20024 211450 15479 13%
c
c  seconds     switched         rate             size/glue   tier1     binary           remaining
c           MB     reductions      conflicts           size    tier2       irredundant
c            level        restarts         redundant       glue    trail           variables
c
c o 9610.50 131 64 169 2110 325394 1 64638169 140429 3.3 156 47 3 34 58% 20024 211450 15479 13%
c - 9610.75 98 66 169 2111 325394 1 64639317 96637 3.3 157 48 3 34 58% 20024 211450 15479 13%
c - 9617.71 91 86 169 2112 325416 1 64685262 98559 3.0 163 55 3 34 57% 20024 211450 15479 13%
c - 9625.43 100 87 169 2113 325430 1 64731218 95052 3.0 174 57 3 34 57% 20024 211450 15479 13%
c - 9631.74 100 88 169 2114 325452 1 64777185 95403 3.1 178 57 3 34 57% 20024 211450 15479 13%
c - 9639.38 96 83 169 2115 325454 1 64823164 96083 3.0 166 55 3 34 56% 20024 211450 15479 13%
c - 9646.80 100 80 169 2116 325455 1 64869154 94810 3.0 162 54 3 34 56% 20024 211450 15479 13%
c - 9655.10 103 78 169 2117 325456 1 64915156 95777 3.0 161 54 3 34 56% 20024 211450 15479 13%
c ] 9659.97 115 79 170 2117 325456 1 64942564 121598 2.9 163 56 3 34 56% 20024 211450 15479 13%
c { 9659.97 115 157 170 2117 325456 4 64942564 121598 2.6 78 30 2 16 48% 20024 211450 15479 13%
c - 9662.70 128 162 170 2118 325607 4 64961166 102929 2.6 78 30 2 16 49% 20024 211450 15479 13%
c - 9669.30 122 167 170 2119 326012 4 65007188 124035 2.6 79 30 2 16 51% 20025 211450 15479 13%
c - 9676.62 122 170 170 2120 326425 4 65053221 137335 2.7 81 30 2 16 52% 20025 211450 15479 13%
c - 9684.76 129 173 170 2121 326902 4 65099264 142306 2.7 83 31 2 16 53% 20026 211450 15479 13%
c - 9692.56 128 172 170 2122 327330 4 65145321 145137 2.7 85 31 2 16 53% 20029 211449 15479 13%
c - 9700.16 130 174 170 2123 327717 4 65191388 148116 2.7 84 31 2 16 53% 20031 211449 15479 13%
c u 9703.27 126 175 170 2123 327817 4 65205540 157717 2.7 84 31 2 16 54% 20035 211449 15479 13%
c v 9705.65 119 175 170 2123 327817 4 65205540 131282 2.7 84 31 2 16 54% 20036 211449 15479 13%
c w 9712.77 133 175 170 2123 327817 4 65205540 129435 2.7 84 31 2 16 54% 20036 211449 15479 13%
c t 9712.80 133 175 170 2123 327817 4 65205540 129435 2.7 84 31 2 16 54% 20032 211449 15479 13%
c
c  seconds      switched         rate             size/glue  tier1     binary           remaining
c           MB      reductions      conflicts           size   tier2       irredundant
c             level        restarts         redundant      glue    trail           variables
c
c - 9718.11 129 176 170 2124 328115 4 65237465 126559 2.7 84 31 2 16 54% 20032 211449 15479 13%
c - 9726.09 125 177 170 2125 328576 4 65283551 135500 2.7 86 32 2 16 54% 20032 211449 15479 13%
c - 9734.22 128 177 170 2126 329030 4 65329648 139837 2.7 88 33 2 16 54% 20032 211449 15479 13%
c - 9741.98 128 179 170 2127 329444 4 65375757 142126 2.7 90 33 2 16 54% 20033 211449 15479 13%
c - 9749.39 131 180 170 2128 329829 4 65421876 144033 2.7 88 33 2 16 54% 20033 211449 15479 13%
c - 9757.13 130 177 170 2129 330244 4 65468008 145725 2.7 89 33 2 16 54% 20034 211449 15479 13%
c - 9764.88 128 177 170 2130 330670 4 65514150 146666 2.7 90 33 2 16 54% 20034 211449 15479 13%
c - 9772.93 127 176 170 2131 331081 4 65560301 148190 2.7 91 33 2 16 55% 20035 211449 15479 13%
c - 9780.50 129 175 170 2132 331454 4 65606463 150379 2.7 91 33 2 16 55% 20035 211449 15479 13%
c - 9789.10 131 176 170 2133 331881 4 65652636 150983 2.8 93 34 2 16 55% 20035 211449 15479 13%
c - 9796.48 129 175 170 2134 332255 4 65698821 152102 2.8 94 33 2 16 55% 20037 211449 15479 13%
c - 9804.06 124 171 170 2135 332679 4 65745017 154044 2.8 92 33 2 16 54% 20038 211449 15479 13%
c o 9807.31 130 171 170 2135 332855 4 65768192 176951 2.8 91 33 2 16 53% 20039 211449 15479 13%
c - 9811.73 129 170 170 2136 333090 4 65791223 154886 2.7 92 34 2 16 53% 20039 211449 15479 13%
c - 9819.88 131 171 170 2137 333520 4 65837441 154659 2.7 92 34 2 16 53% 20040 211449 15479 13%
c - 9827.81 128 172 170 2138 333921 4 65883668 155731 2.7 92 34 2 16 53% 20040 211449 15479 13%
c s 9829.13 129 170 170 2138 333998 4 65891544 163535 2.7 93 34 2 16 53% 20040 211440 15479 13%
c e 9829.14 111 170 170 2138 333998 4 65891544 163535 2.7 93 34 2 16 53% 20038 211467 15477 13%
c s 9829.14 111 170 170 2138 333998 4 65891544 163535 2.7 93 34 2 16 53% 20039 211457 15477 13%
c - 9835.97 143 169 170 2139 334337 4 65929908 156943 2.8 94 34 2 16 54% 20040 211457 15477 13%
c
c  seconds      switched         rate             size/glue  tier1     binary           remaining
c           MB      reductions      conflicts           size   tier2       irredundant
c             level        restarts         redundant      glue    trail           variables
c
c - 9843.96 202 171 170 2140 334740 4 65976157 158011 2.8 95 34 2 16 55% 20043 211457 15477 13%
c - 9852.23 265 170 170 2141 335155 4 66022417 159194 2.7 94 34 2 16 54% 20044 211457 15477 13%
c - 9860.29 323 168 170 2142 335575 4 66068687 160028 2.7 94 35 2 16 54% 20047 211457 15477 13%
c u 9868.46 322 165 170 2142 335920 4 66111250 192914 2.7 94 35 2 16 53% 20056 211457 15477 13%
c v 9871.54 326 165 170 2142 335920 4 66111250 162271 2.7 94 35 2 16 53% 20056 211457 15477 13%
c w 9879.03 337 165 170 2142 335920 4 66111250 162042 2.7 94 35 2 16 53% 20056 211457 15477 13%
c t 9879.07 241 165 170 2142 335920 4 66111250 162042 2.7 94 35 2 16 53% 20048 211457 15477 13%
c - 9879.64 263 166 170 2143 335935 4 66114969 128987 2.7 94 34 2 16 53% 20048 211457 15477 13%
c - 9886.93 310 165 170 2144 336317 4 66161262 136683 2.8 95 34 2 16 53% 20049 211457 15477 13%
c - 9895.01 257 166 170 2145 336765 4 66207566 142572 2.8 96 35 2 16 54% 20049 211457 15477 13%
c } 9899.14 288 169 171 2145 337003 4 66230931 165748 2.7 97 35 2 16 54% 20050 211457 15477 13%
c [ 9899.14 288 79 171 2145 337003 1 66230931 165748 2.9 163 56 3 34 56% 20050 211457 15477 13%
c W 9899.28 303 79 171 2145 337003 1 66230931 165748 2.9 163 56 3 34 56% 20050 211457 15477 13%
c - 9902.56 233 80 171 2146 337016 1 66253880 138246 2.9 160 55 3 34 56% 20050 211457 15477 13%
c - 9909.36 244 88 171 2147 337033 1 66300205 122860 2.8 156 56 3 34 55% 20050 211457 15477 13%
c - 9915.96 168 105 171 2148 337049 1 66346540 109932 2.6 149 58 3 34 52% 20050 211457 15477 13%
c - 9924.03 189 107 171 2149 337064 1 66392886 108337 2.4 141 59 3 34 52% 20050 211457 15477 13%
c - 9933.36 196 105 171 2150 337072 1 66439243 103232 2.3 140 62 3 34 53% 20050 211457 15477 13%
c - 9941.12 185 96 171 2151 337095 1 66485612 102888 2.4 141 58 3 34 56% 20050 211457 15477 13%
c - 9949.08 139 96 171 2152 337110 1 66531990 104879 2.4 140 57 3 34 56% 20050 211457 15477 13%
c
c  seconds      switched         rate             size/glue   tier1     binary           remaining
c           MB      reductions      conflicts           size    tier2       irredundant
c             level        restarts         redundant       glue    trail           variables
c
c - 9956.85 162 102 171 2153 337127 1 66578380 103282 2.4 143 61 3 34 57% 20050 211457 15477 13%
c - 9966.01 180 94 171 2154 337129 1 66624781 99911 2.4 145 60 3 34 58% 20050 211457 15477 13%
c - 9975.38 196 88 171 2155 337129 1 66671195 99428 2.6 147 57 3 34 58% 20050 211457 15477 13%
c - 9984.53 198 90 171 2156 337144 1 66717616 103794 2.6 150 58 3 34 58% 20050 211457 15477 13%
c - 9993.12 165 105 171 2157 337160 1 66764048 104187 2.4 157 66 3 34 58% 20050 211457 15477 13%
c - 10001.31 167 111 171 2158 337180 1 66810497 98800 2.1 157 73 3 34 58% 20050 211457 15477 13%
c - 10009.75 227 100 171 2159 337192 1 66856951 97968 2.3 153 67 3 34 58% 20050 211457 15477 13%
c - 10017.92 250 96 171 2160 337203 1 66903416 98471 2.4 151 64 3 34 58% 20050 211457 15477 13%
c - 10027.19 147 91 171 2161 337222 1 66949891 98821 2.4 151 63 3 34 57% 20050 211457 15477 13%
c - 10036.86 143 93 171 2162 337238 1 66996377 95622 2.3 149 64 3 34 58% 20050 211457 15477 13%
c o 10039.92 108 95 171 2162 337248 1 67016160 114779 2.3 149 64 3 34 57% 20050 211457 15477 13%
c u 10041.97 107 106 171 2162 337252 1 67023721 117481 2.2 151 68 3 34 58% 20051 211457 15477 13%
c v 10042.44 113 106 171 2162 337252 1 67023721 111078 2.2 151 68 3 34 58% 20051 211457 15477 13%
c w 10055.25 130 106 171 2162 337252 1 67023721 108846 2.2 151 68 3 34 58% 20051 211457 15477 13%
c - 10057.86 96 116 171 2163 337254 1 67042874 90649 2.3 155 68 3 34 58% 20051 211457 15477 13%
c - 10065.85 101 130 171 2164 337256 1 67089382 95344 2.2 159 72 3 34 58% 20051 211457 15477 13%
c - 10074.99 99 134 171 2165 337256 1 67135900 94143 2.2 167 75 3 34 58% 20051 211457 15477 13%
c - 10085.51 103 136 171 2166 337257 1 67182430 90234 2.1 174 81 3 34 58% 20051 211457 15477 13%
c I 10091.71 116 136 171 2166 337257 1 67214469 121385 2.2 174 81 3 34 59% 20051 211457 15477 13%
c - 10093.64 101 148 171 2167 337257 1 67228971 93252 2.1 170 82 3 34 57% 20052 211457 15477 13%
c
c   seconds     switched         rate            size/glue   tier1     binary           remaining
c           MB      reductions      conflicts          size    tier2       irredundant
c             level        restarts         redundant      glue    trail           variables
c
c - 10100.08 99 175 171 2168 337257 1 67275523 97857 1.8 162 89 3 34 54% 20052 211457 15477 13%
c - 10106.30 97 154 171 2169 337279 1 67322085 100328 1.9 149 78 3 34 54% 20052 211457 15477 13%
c ] 10110.59 116 138 172 2169 337288 1 67350574 127834 2.1 149 72 3 34 56% 20052 211457 15477 13%
c { 10110.59 116 169 172 2169 337288 4 67350574 127834 2.7 97 35 2 16 54% 20052 211457 15477 13%
c - 10112.90 121 171 172 2170 337397 4 67368661 109539 2.7 94 34 2 16 54% 20052 211457 15477 13%
c - 10117.59 121 168 172 2171 337592 4 67415244 126617 2.8 88 31 2 16 54% 20052 211457 15477 13%
c - 10123.70 125 170 172 2172 337916 4 67461837 142064 2.8 83 30 2 16 52% 20052 211457 15477 13%
c - 10128.76 127 169 172 2173 338182 4 67508444 147676 2.7 75 28 2 16 49% 20052 211457 15477 13%
c - 10135.79 126 172 172 2174 338626 4 67555060 151132 2.6 74 28 2 16 49% 20053 211457 15477 13%
c - 10142.40 123 173 172 2175 339019 4 67601686 152535 2.6 73 28 2 16 49% 20053 211457 15477 13%
c - 10149.45 122 170 172 2176 339470 4 67648322 154418 2.6 75 28 2 16 50% 20054 211457 15477 13%
c - 10156.53 127 170 172 2177 339904 4 67694970 155780 2.6 76 29 2 16 50% 20055 211457 15477 13%
c - 10163.44 117 170 172 2178 340331 4 67741628 158343 2.6 75 29 2 16 50% 20056 211457 15477 13%
c - 10170.35 122 169 172 2179 340750 4 67788300 160091 2.6 75 29 2 16 49% 20056 211457 15477 13%
c - 10177.13 126 168 172 2180 341137 4 67834980 162264 2.6 73 28 2 16 49% 20056 211457 15477 13%
c - 10184.56 127 167 172 2181 341578 4 67881672 164127 2.6 73 28 2 16 49% 20056 211457 15477 13%
c - 10191.06 128 165 172 2182 341937 4 67928374 166291 2.6 72 28 2 16 49% 20056 211457 15477 13%
c u 10193.87 121 164 172 2182 342061 4 67942952 171260 2.6 71 28 2 16 48% 20064 211457 15477 13%
c v 10196.24 122 164 172 2182 342061 4 67942952 141999 2.6 71 28 2 16 48% 20065 211457 15477 13%
c w 10199.01 132 164 172 2182 342061 4 67942952 141403 2.6 71 28 2 16 48% 20065 211457 15477 13%
c
c   seconds      switched         rate             size/glue  tier1     binary           remaining
c            MB      reductions      conflicts           size   tier2       irredundant
c              level        restarts         redundant      glue    trail           variables
c
c x 10201.07 155 164 172 2182 342061 4 67942952 141382 2.6 71 28 2 16 48% 20089 211302 15477 13%
c t 10201.10 155 164 172 2182 342061 4 67942952 141382 2.6 71 28 2 16 48% 20081 211302 15477 13%
c - 10205.71 182 166 172 2183 342370 4 67975085 136982 2.6 72 28 2 16 49% 20082 211302 15477 13%
c - 10212.26 217 165 172 2184 342813 4 68021809 145404 2.6 72 28 2 16 49% 20082 211302 15477 13%
c - 10218.63 249 167 172 2185 343220 4 68068543 152090 2.6 71 28 2 16 49% 20083 211302 15477 13%
c - 10225.91 305 166 172 2186 343718 4 68115287 154722 2.6 73 29 2 16 49% 20084 211302 15477 13%
c - 10232.80 286 166 172 2187 344135 4 68162046 156471 2.6 75 29 2 16 49% 20084 211302 15477 13%
c o 10233.49 308 166 172 2187 344179 4 68166694 161058 2.6 75 29 2 16 49% 20084 211302 15477 13%
c - 10240.11 343 165 172 2188 344598 4 68208813 158538 2.6 76 29 2 16 49% 20085 211302 15477 13%
c - 10247.28 304 164 172 2189 345041 4 68255591 159763 2.6 77 30 2 16 49% 20085 211302 15477 13%
c - 10254.30 249 162 172 2190 345431 4 68302379 162448 2.6 77 29 2 16 49% 20086 211302 15477 13%
c - 10261.44 291 162 172 2191 345835 4 68349176 164437 2.6 76 29 2 16 49% 20086 211302 15477 13%
c - 10268.51 218 159 172 2192 346262 4 68395984 165390 2.6 76 29 2 16 48% 20088 211302 15477 13%
c - 10275.47 255 159 172 2193 346675 4 68442802 166470 2.6 76 29 2 16 49% 20088 211302 15477 13%
c - 10282.16 218 159 172 2194 347048 4 68489631 167647 2.6 75 29 2 16 49% 20088 211302 15477 13%
c - 10289.03 168 158 172 2195 347468 4 68536474 169011 2.6 74 29 2 16 48% 20092 211302 15477 13%
c s 10291.05 161 158 172 2195 347608 4 68549468 181829 2.6 75 29 2 16 48% 20092 211288 15477 13%
c e 10291.08 147 158 172 2195 347608 4 68549468 181829 2.6 75 29 2 16 48% 20070 211370 15472 13%
c s 10291.08 147 158 172 2195 347608 4 68549468 181829 2.6 75 29 2 16 48% 20071 211359 15472 13%
c - 10295.85 172 157 172 2196 347881 4 68583324 169470 2.6 74 29 2 16 47% 20071 211359 15472 13%
c
c   seconds      switched         rate             size/glue  tier1     binary           remaining
c            MB      reductions      conflicts           size   tier2       irredundant
c              level        restarts         redundant      glue    trail           variables
c
c - 10303.16 208 157 172 2197 348331 4 68630185 169751 2.6 76 29 2 16 47% 20072 211359 15472 13%
c } 10308.08 208 153 173 2197 348606 4 68666286 205227 2.7 77 29 2 16 48% 20072 211359 15472 13%
c [ 10308.08 208 138 173 2197 348606 1 68666286 205227 2.1 149 72 3 34 56% 20072 211359 15472 13%
c B 10308.08 208 138 173 2197 348606 1 68666286 205227 2.1 149 72 3 34 56% 20072 211359 15472 13%
c - 10309.91 150 137 173 2198 348612 1 68677057 167191 2.1 152 72 3 34 57% 20072 211359 15472 13%
c - 10318.22 159 114 173 2199 348635 1 68723939 147243 2.5 160 63 3 34 57% 20072 211359 15472 13%
c - 10326.14 158 102 173 2200 348650 1 68770832 118990 2.7 162 60 3 34 57% 20072 211359 15472 13%
c - 10334.21 159 99 173 2201 348667 1 68817737 112307 2.7 158 59 3 34 58% 20072 211359 15472 13%
c - 10343.57 155 83 173 2202 348670 1 68864651 110138 2.8 151 54 3 34 59% 20072 211359 15472 13%
c u 10345.30 153 84 173 2202 348673 1 68868913 104258 2.8 151 54 3 34 59% 20079 211359 15472 13%
c v 10345.67 154 84 173 2202 348673 1 68868913 97358 2.8 151 54 3 34 59% 20081 211359 15472 13%
c w 10349.35 160 84 173 2202 348673 1 68868913 96126 2.8 151 54 3 34 59% 20081 211359 15472 13%
c t 10349.37 160 84 173 2202 348673 1 68868913 96126 2.8 151 54 3 34 59% 20075 211359 15472 13%
c f 10349.39 141 84 173 2202 348673 1 68868913 96126 2.8 151 54 3 34 59% 20078 211317 15474 13%
c u 10350.23 152 84 173 2202 348673 1 68868913 95253 2.8 151 54 3 34 59% 20081 211317 15474 13%
c v 10350.43 153 84 173 2202 348673 1 68868913 93575 2.8 151 54 3 34 59% 20081 211317 15474 13%
c w 10353.76 159 84 173 2202 348673 1 68868913 89752 2.8 151 54 3 34 59% 20081 211317 15474 13%
c t 10353.79 159 84 173 2202 348673 1 68868913 89752 2.8 151 54 3 34 59% 20079 211317 15474 13%
c - 10360.87 116 103 173 2203 348693 1 68911577 94309 2.5 152 62 3 34 60% 20079 211317 15474 13%
c - 10369.40 115 103 173 2204 348708 1 68958513 97731 2.6 161 63 3 34 59% 20079 211317 15474 13%
c
c   seconds      switched         rate            size/glue   tier1     binary           remaining
c            MB      reductions      conflicts          size    tier2       irredundant
c              level        restarts         redundant      glue    trail           variables
c
c - 10378.02 113 103 173 2205 348729 1 69005459 97513 2.7 166 62 3 34 60% 20079 211317 15474 13%
c - 10385.71 118 104 173 2206 348731 1 69052417 98952 2.7 169 62 3 34 61% 20079 211317 15474 13%
c - 10394.66 116 106 173 2207 348732 1 69099386 98826 2.7 168 63 3 34 61% 20079 211317 15474 13%
c - 10402.56 145 102 173 2208 348746 1 69146365 102090 2.8 169 61 3 34 62% 20079 211317 15474 13%
c - 10409.87 150 105 173 2209 348763 1 69193354 105811 2.8 168 60 3 34 62% 20079 211317 15474 13%
c - 10418.46 148 103 173 2210 348779 1 69240355 103055 2.7 167 61 3 34 60% 20079 211317 15474 13%
c - 10426.90 146 90 173 2211 348794 1 69287365 101575 2.8 157 56 3 34 61% 20079 211317 15474 13%
c - 10435.82 149 80 173 2212 348802 1 69334387 100452 3.0 156 52 3 34 61% 20079 211317 15474 13%
c o 10436.01 138 80 173 2212 348804 1 69335605 101616 3.0 156 52 3 34 61% 20079 211317 15474 13%
c - 10442.62 149 90 173 2213 348825 1 69381418 105352 2.8 151 54 3 34 61% 20079 211317 15474 13%
c - 10451.64 145 82 173 2214 348840 1 69428460 103238 2.9 149 52 3 34 59% 20079 211317 15474 13%
c - 10460.24 140 81 173 2215 348857 1 69475516 99838 2.8 149 53 3 34 59% 20079 211317 15474 13%
c - 10470.04 147 77 173 2216 348859 1 69522580 99623 3.0 155 53 3 34 60% 20079 211317 15474 13%
c - 10479.51 120 77 173 2217 348859 1 69569658 95200 2.9 158 54 3 34 60% 20079 211317 15474 13%
c - 10489.50 115 75 173 2218 348860 1 69616744 93228 2.9 157 54 3 34 60% 20079 211317 15474 13%
c - 10498.76 118 74 173 2219 348860 1 69663840 95313 2.9 155 54 3 34 59% 20079 211317 15474 13%
c ] 10499.38 109 75 174 2219 348860 1 69667052 98384 2.9 155 54 3 34 59% 20079 211317 15474 13%
c { 10499.38 109 153 174 2219 348860 4 69667052 98384 2.7 77 29 2 16 48% 20079 211317 15474 13%
c - 10505.17 134 163 174 2220 349239 4 69710947 117836 2.6 76 29 2 16 51% 20079 211317 15474 13%
c - 10512.13 135 169 174 2221 349648 4 69758063 139631 2.7 76 29 2 16 53% 20079 211317 15474 13%
c
c   seconds      switched         rate             size/glue  tier1     binary           remaining
c            MB      reductions      conflicts           size   tier2       irredundant
c              level        restarts         redundant      glue    trail           variables
c
c u 10519.49 162 169 174 2221 350012 4 69801660 179484 2.7 75 28 2 16 53% 20087 211317 15474 13%
c v 10522.49 168 169 174 2221 350012 4 69801660 154834 2.7 75 28 2 16 53% 20088 211317 15474 13%
c w 10531.64 183 169 174 2221 350012 4 69801660 153919 2.7 75 28 2 16 53% 20088 211317 15474 13%
c - 10543.80 172 170 174 2222 350049 4 69805191 124774 2.7 76 28 2 16 53% 20088 211317 15474 13%
c - 10550.78 174 172 174 2223 350480 4 69852333 135692 2.6 76 29 2 16 53% 20089 211317 15474 13%
c - 10557.59 173 174 174 2224 350859 4 69899481 145859 2.7 76 28 2 16 54% 20090 211317 15474 13%
c - 10565.25 174 174 174 2225 351323 4 69946640 150441 2.6 76 29 2 16 54% 20090 211317 15474 13%
c - 10572.85 173 174 174 2226 351768 4 69993810 152388 2.6 76 29 2 16 53% 20090 211317 15474 13%
c - 10580.89 131 174 174 2227 352222 4 70040992 154063 2.6 77 30 2 16 53% 20091 211317 15474 13%
c - 10588.06 134 173 174 2228 352617 4 70088184 155752 2.6 77 29 2 16 53% 20091 211317 15474 13%
c - 10595.89 135 172 174 2229 353051 4 70135385 156789 2.6 78 30 2 16 53% 20091 211317 15474 13%
c - 10604.05 137 172 174 2230 353511 4 70182600 157036 2.6 79 30 2 16 53% 20091 211317 15474 13%
c - 10611.57 138 172 174 2231 353918 4 70229823 158684 2.6 80 30 2 16 53% 20092 211317 15474 13%
c - 10618.83 133 168 174 2232 354280 4 70277056 161057 2.7 79 29 2 16 52% 20092 211317 15474 13%
c - 10626.87 138 168 174 2233 354707 4 70324300 162272 2.7 81 30 2 16 52% 20093 211317 15474 13%
c - 10635.41 140 169 174 2234 355178 4 70371554 161847 2.7 82 31 2 16 53% 20093 211317 15474 13%
c - 10643.78 134 167 174 2235 355634 4 70418820 162769 2.6 83 31 2 16 53% 20093 211317 15474 13%
c - 10652.17 132 170 174 2236 356051 4 70466095 164625 2.6 83 31 2 16 54% 20094 211317 15474 13%
c o 10658.57 139 171 174 2236 356387 4 70505691 203693 2.7 82 31 2 16 53% 20096 211317 15474 13%
c - 10659.90 127 171 174 2237 356438 4 70513381 166355 2.7 83 31 2 16 53% 20096 211317 15474 13%
c
c   seconds      switched         rate             size/glue  tier1     binary           remaining
c            MB      reductions      conflicts           size   tier2       irredundant
c              level        restarts         redundant      glue    trail           variables
c
c - 10668.10 133 169 174 2238 356887 4 70560679 167528 2.7 83 31 2 16 54% 20096 211317 15474 13%
c - 10676.33 140 168 174 2239 357303 4 70607989 168729 2.7 83 31 2 16 54% 20097 211317 15474 13%
c - 10684.25 139 167 174 2240 357706 4 70655309 170318 2.7 83 31 2 16 54% 20097 211317 15474 13%
c - 10692.80 137 167 174 2241 358148 4 70702640 170822 2.7 83 31 2 16 54% 20097 211317 15474 13%
c u 10700.85 139 169 174 2241 358480 4 70741166 198333 2.7 83 31 2 16 54% 20106 211317 15474 13%
c v 10704.60 143 169 174 2241 358480 4 70741166 165787 2.7 83 31 2 16 54% 20106 211317 15474 13%
c w 10711.37 151 169 174 2241 358480 4 70741166 165529 2.7 83 31 2 16 54% 20106 211317 15474 13%
c t 10711.41 151 169 174 2241 358480 4 70741166 165529 2.7 83 31 2 16 54% 20101 211317 15474 13%
c - 10712.84 133 167 174 2242 358527 4 70749979 136766 2.7 84 31 2 16 54% 20101 211317 15474 13%
c - 10720.61 132 169 174 2243 358949 4 70797328 145259 2.7 85 31 2 16 55% 20102 211317 15474 13%
c - 10728.52 132 170 174 2244 359370 4 70844690 152268 2.7 85 31 2 16 55% 20102 211317 15474 13%
c - 10735.45 138 168 174 2245 359693 4 70892060 157630 2.7 82 30 2 16 54% 20102 211317 15474 13%
c - 10744.34 135 167 174 2246 360192 4 70939443 159974 2.7 83 31 2 16 54% 20102 211317 15474 13%
c - 10751.98 140 166 174 2247 360577 4 70986834 160380 2.7 83 31 2 16 54% 20102 211317 15474 13%
c } 10756.10 139 167 175 2247 360808 4 71010347 183648 2.7 84 31 2 16 54% 20102 211317 15474 13%
c [ 10756.10 139 75 175 2247 360808 1 71010347 183648 2.9 155 54 3 34 59% 20102 211317 15474 13%
c W 10756.97 155 75 175 2247 360808 1 71010347 183648 2.9 155 54 3 34 59% 20102 211317 15474 13%
c - 10761.62 166 74 175 2248 360821 1 71034237 154162 2.9 154 53 3 34 59% 20102 211317 15474 13%
c - 10771.41 172 68 175 2249 360838 1 71081654 133195 3.2 160 49 3 34 60% 20102 211317 15474 13%
c - 10780.38 170 69 175 2250 360856 1 71129077 114618 3.2 155 48 3 34 61% 20102 211317 15474 13%
c
c   seconds     switched         rate             size/glue   tier1     binary           remaining
c            MB     reductions      conflicts           size    tier2       irredundant
c             level        restarts         redundant       glue    trail           variables
c
c - 10786.08 167 78 175 2251 360870 1 71176511 117483 3.0 142 48 3 34 57% 20102 211317 15474 13%
c - 10792.01 176 91 175 2252 360881 1 71223955 120415 2.7 137 50 3 34 53% 20102 211317 15474 13%
c s 10797.57 174 96 175 2252 360900 1 71268989 164439 2.7 131 49 3 34 51% 20102 211311 15474 13%
c e 10797.58 157 96 175 2252 360900 1 71268989 164439 2.7 131 49 3 34 51% 20101 211328 15473 13%
c - 10797.96 181 97 175 2253 360900 1 71271410 122989 2.7 130 49 3 34 51% 20101 211328 15473 13%
c - 10805.24 181 109 175 2254 360916 1 71318875 121186 2.5 135 53 3 34 53% 20101 211328 15473 13%
c - 10814.48 178 105 175 2255 360932 1 71366353 112928 2.4 139 57 3 34 53% 20101 211328 15473 13%
c - 10824.55 136 105 175 2256 360934 1 71413839 104854 2.2 147 65 3 34 53% 20101 211328 15473 13%
c - 10834.44 140 103 175 2257 360934 1 71461337 100706 2.2 150 68 3 34 53% 20101 211328 15473 13%
c - 10842.62 139 106 175 2258 360955 1 71508845 105615 2.2 148 67 3 34 53% 20101 211328 15473 13%
c - 10850.21 166 128 175 2259 360969 1 71556365 110333 2.0 149 74 3 34 54% 20101 211328 15473 13%
c - 10857.96 138 116 175 2260 360993 1 71603893 107041 2.1 147 70 3 34 58% 20101 211328 15473 13%
c - 10866.23 159 107 175 2261 360997 1 71651435 107182 2.2 140 65 3 34 55% 20101 211328 15473 13%
c u 10874.59 157 102 175 2261 361011 1 71687486 134889 2.2 138 62 3 34 55% 20108 211328 15473 13%
c v 10875.25 160 102 175 2261 361011 1 71687486 127041 2.2 138 62 3 34 55% 20109 211328 15473 13%
c w 10889.26 208 102 175 2261 361011 1 71687486 124786 2.2 138 62 3 34 55% 20109 211328 15473 13%
c t 10889.28 208 102 175 2261 361011 1 71687486 124786 2.2 138 62 3 34 55% 20108 211328 15473 13%
c f 10889.30 178 102 175 2261 361011 1 71687486 124786 2.2 138 62 3 34 55% 20109 211309 15474 13%
c u 10890.25 191 102 175 2261 361011 1 71687486 124269 2.2 138 62 3 34 55% 20109 211309 15474 13%
c v 10890.62 192 102 175 2261 361011 1 71687486 122060 2.2 138 62 3 34 55% 20109 211309 15474 13%
c
c   seconds      switched         rate             size/glue   tier1     binary           remaining
c            MB      reductions      conflicts           size    tier2       irredundant
c              level        restarts         redundant       glue    trail           variables
c
c w 10904.11 205 102 175 2261 361011 1 71687486 120007 2.2 138 62 3 34 55% 20109 211309 15474 13%
c o 10904.15 205 102 175 2261 361011 1 71687486 120007 2.2 138 62 3 34 55% 20109 211309 15474 13%
c - 10905.62 167 115 175 2262 361012 1 71698984 95783 2.3 140 62 3 34 55% 20109 211309 15474 13%
c - 10910.51 198 140 175 2263 361028 1 71746544 105865 2.2 140 64 3 34 50% 20109 211309 15474 13%
c - 10917.28 130 150 175 2264 361051 1 71794115 108022 2.0 138 68 3 34 50% 20109 211309 15474 13%
c - 10924.67 130 139 175 2265 361060 1 71841697 106407 2.2 144 66 3 34 54% 20109 211309 15474 13%
c - 10932.92 131 122 175 2266 361061 1 71889291 103002 2.4 151 62 3 34 54% 20109 211309 15474 13%
c - 10941.42 135 111 175 2267 361062 1 71936893 103578 2.7 155 58 3 34 56% 20109 211309 15474 13%
c - 10950.58 136 106 175 2268 361062 1 71984506 104254 2.8 163 58 3 34 57% 20109 211309 15474 13%
c - 10959.80 136 102 175 2269 361062 1 72032132 104957 2.9 165 57 3 34 57% 20109 211309 15474 13%
c O 10960.48 127 101 175 2269 361062 1 72036583 109305 2.9 164 56 3 34 57% 20109 211309 15474 13%
c - 10965.68 138 89 175 2270 361075 1 72079766 119358 3.2 162 50 3 34 51% 20110 211308 15474 13%
c - 10973.26 140 86 175 2271 361093 1 72127413 114224 3.0 157 52 3 34 54% 20110 211308 15474 13%
c - 10980.83 138 83 175 2272 361108 1 72175068 101180 3.0 157 53 3 34 57% 20110 211308 15474 13%
c ] 10989.00 130 80 176 2272 361124 1 72217349 141223 3.0 157 52 3 34 58% 20110 211308 15474 13%
c { 10989.00 130 167 176 2272 361124 4 72217349 141223 2.7 84 31 2 16 54% 20110 211308 15474 13%
c - 10989.80 134 167 176 2273 361161 4 72222733 102132 2.7 84 31 2 16 54% 20110 211308 15474 13%
c - 10995.50 140 169 176 2274 361518 4 72270408 121005 2.7 80 30 2 16 53% 20111 211308 15474 13%
c - 11002.16 141 171 176 2275 361890 4 72318096 141121 2.7 80 29 2 16 54% 20111 211308 15474 13%
c - 11008.88 141 172 176 2276 362252 4 72365794 148789 2.8 79 29 2 16 54% 20113 211308 15474 13%
c
c   seconds      switched         rate             size/glue  tier1     binary           remaining
c            MB      reductions      conflicts           size   tier2       irredundant
c              level        restarts         redundant      glue    trail           variables
c
c - 11016.16 141 175 176 2277 362672 4 72413501 152703 2.7 78 29 2 16 53% 20116 211308 15474 13%
c - 11024.24 143 179 176 2278 363158 4 72461218 153628 2.7 78 29 2 16 53% 20117 211308 15474 13%
c - 11032.36 144 179 176 2279 363642 4 72508946 154436 2.6 80 30 2 16 53% 20117 211308 15474 13%
c - 11040.23 134 178 176 2280 364066 4 72556686 157411 2.7 82 30 2 16 54% 20120 211308 15474 13%
c - 11047.92 139 180 176 2281 364449 4 72604435 160194 2.7 83 30 2 16 54% 20121 211308 15474 13%
c u 11054.85 139 178 176 2281 364765 4 72640587 190027 2.7 83 31 2 16 54% 20126 211308 15474 13%
c v 11058.03 135 178 176 2281 364765 4 72640587 160942 2.7 83 31 2 16 54% 20127 211308 15474 13%
c w 11065.48 154 178 176 2281 364765 4 72640587 160335 2.7 83 31 2 16 54% 20127 211308 15474 13%
c t 11065.51 154 178 176 2281 364765 4 72640587 160335 2.7 83 31 2 16 54% 20121 211308 15474 13%
c - 11067.42 143 177 176 2282 364859 4 72652195 133750 2.7 84 31 2 16 54% 20121 211308 15474 13%
c - 11074.16 141 174 176 2283 365210 4 72699965 142627 2.7 83 30 2 16 53% 20127 211308 15474 13%
c - 11082.20 144 178 176 2284 365692 4 72747749 149586 2.7 84 31 2 16 53% 20127 211308 15474 13%
c - 11089.69 141 179 176 2285 366086 4 72795540 152463 2.7 84 31 2 16 54% 20129 211308 15474 13%
c - 11097.54 141 178 176 2286 366507 4 72843342 155949 2.7 84 31 2 16 53% 20129 211308 15474 13%
c o 11103.18 141 178 176 2286 366811 4 72877543 189852 2.7 85 31 2 16 54% 20130 211308 15474 13%
c - 11105.59 145 179 176 2287 366927 4 72891155 158247 2.7 85 31 2 16 55% 20130 211308 15474 13%
c - 11113.73 145 179 176 2288 367343 4 72938977 159594 2.7 86 31 2 16 54% 20130 211308 15474 13%
c - 11121.56 139 182 176 2289 367744 4 72986810 160513 2.7 87 32 2 16 54% 20131 211308 15474 13%
c - 11129.14 140 179 176 2290 368109 4 73034653 162651 2.8 86 31 2 16 54% 20134 211308 15474 13%
c - 11137.51 143 178 176 2291 368508 4 73082507 164075 2.8 86 31 2 16 54% 20134 211308 15474 13%
c
c   seconds      switched         rate             size/glue  tier1     binary           remaining
c            MB      reductions      conflicts           size   tier2       irredundant
c              level        restarts         redundant      glue    trail           variables
c
c - 11145.91 144 180 176 2292 368923 4 73130373 164375 2.7 86 31 2 16 54% 20135 211308 15474 13%
c - 11153.75 144 180 176 2293 369339 4 73178247 165067 2.7 85 32 2 16 53% 20135 211308 15474 13%
c - 11162.72 145 181 176 2294 369801 4 73226132 165488 2.7 87 32 2 16 54% 20135 211308 15474 13%
c - 11170.80 139 180 176 2295 370173 4 73274027 166337 2.7 87 32 2 16 55% 20135 211308 15474 13%
c - 11179.35 144 178 176 2296 370600 4 73321933 167552 2.7 88 32 2 16 54% 20136 211308 15474 13%
c - 11186.82 135 177 176 2297 370969 4 73369850 168499 2.7 87 32 2 16 54% 20136 211308 15474 13%
c - 11194.73 133 175 176 2298 371399 4 73417778 169838 2.7 85 32 2 16 52% 20136 211308 15474 13%
c - 11203.46 146 175 176 2299 371867 4 73465717 169920 2.7 88 32 2 16 53% 20136 211308 15474 13%
c - 11211.67 144 173 176 2300 372280 4 73513664 170460 2.7 89 32 2 16 52% 20136 211308 15474 13%
c - 11219.66 145 176 176 2301 372669 4 73561623 172164 2.8 89 32 2 16 54% 20136 211308 15474 13%
c } 11224.19 143 176 177 2301 372888 4 73588471 198784 2.8 89 32 2 16 54% 20137 211308 15474 13%
c [ 11224.19 143 80 177 2301 372888 1 73588471 198784 3.0 157 52 3 34 58% 20137 211308 15474 13%
c B 11224.19 143 80 177 2301 372888 1 73588471 198784 3.0 157 52 3 34 58% 20137 211308 15474 13%
c u 11227.74 140 86 177 2301 372894 1 73600500 200681 2.9 156 53 3 34 58% 20149 211308 15474 13%
c v 11230.97 136 86 177 2301 372894 1 73600500 169684 2.9 156 53 3 34 58% 20150 211308 15474 13%
c w 11238.19 161 86 177 2301 372894 1 73600500 168968 2.9 156 53 3 34 58% 20150 211308 15474 13%
c t 11238.23 161 86 177 2301 372894 1 73600500 168968 2.9 156 53 3 34 58% 20143 211308 15474 13%
c - 11239.77 137 88 177 2302 372901 1 73609591 134050 2.9 156 54 3 34 59% 20143 211308 15474 13%
c - 11246.60 134 102 177 2303 372918 1 73657573 123031 2.7 155 57 3 34 57% 20143 211308 15474 13%
c - 11251.64 143 124 177 2304 372936 1 73705562 115302 2.5 147 59 3 34 51% 20143 211308 15474 13%
c
c   seconds      switched         rate             size/glue   tier1     binary           remaining
c            MB      reductions      conflicts           size    tier2       irredundant
c              level        restarts         redundant       glue    trail           variables
c
c - 11257.98 142 134 177 2305 372950 1 73753562 116597 2.4 146 60 3 34 50% 20143 211308 15474 13%
c - 11265.16 133 139 177 2306 372960 1 73801575 115233 2.3 146 63 3 34 50% 20143 211308 15474 13%
c - 11271.85 135 139 177 2307 372980 1 73849597 116633 2.3 140 61 3 34 51% 20143 211308 15474 13%
c - 11278.23 142 140 177 2308 372996 1 73897628 116090 2.3 146 64 3 34 53% 20143 211308 15474 13%
c - 11286.44 139 123 177 2309 373012 1 73945669 110897 2.4 147 62 3 34 56% 20143 211308 15474 13%
c - 11296.40 94 107 177 2310 373014 1 73993722 104999 2.4 148 61 3 34 57% 20143 211308 15474 13%
c - 11307.43 100 98 177 2311 373014 1 74041784 101799 2.4 150 61 3 34 59% 20143 211308 15474 13%
c s 11309.22 104 96 177 2311 373017 1 74050559 110058 2.5 150 61 3 34 59% 20143 211307 15474 13%
c - 11316.42 100 100 177 2312 373036 1 74089858 104803 2.4 152 63 3 34 59% 20143 211307 15474 13%
c - 11325.40 125 85 177 2313 373051 1 74137944 107455 2.7 151 56 3 34 61% 20143 211307 15474 13%
c o 11326.19 125 84 177 2313 373053 1 74142193 111337 2.7 151 56 3 34 61% 20143 211307 15474 13%
c - 11331.94 131 100 177 2314 373074 1 74186040 112427 2.6 143 54 3 34 58% 20143 211307 15474 13%
c - 11340.46 131 93 177 2315 373077 1 74234144 112984 2.6 144 56 3 34 55% 20143 211307 15474 13%
c - 11349.05 100 88 177 2316 373096 1 74282261 105153 2.6 145 55 3 34 53% 20143 211307 15474 13%
c - 11356.00 126 102 177 2317 373111 1 74330386 111754 2.5 143 57 3 34 52% 20143 211307 15474 13%
c - 11364.29 126 98 177 2318 373136 1 74378523 114939 2.5 139 55 3 34 52% 20143 211307 15474 13%
c - 11373.73 131 93 177 2319 373140 1 74426668 112169 2.3 131 56 3 34 53% 20143 211307 15474 13%
c - 11383.54 127 88 177 2320 373141 1 74474823 107550 2.3 129 56 3 34 54% 20143 211307 15474 13%
c - 11393.21 123 84 177 2321 373142 1 74522990 110567 2.3 127 56 3 34 55% 20143 211307 15474 13%
c u 11403.04 124 83 177 2321 373142 1 74567201 147178 2.4 129 55 3 34 56% 20146 211307 15474 13%
c
c   seconds     switched         rate             size/glue   tier1     binary           remaining
c            MB     reductions      conflicts           size    tier2       irredundant
c             level        restarts         redundant       glue    trail           variables
c
c v 11403.77 128 83 177 2321 373142 1 74567201 140591 2.4 129 55 3 34 56% 20147 211307 15474 13%
c w 11419.20 163 83 177 2321 373142 1 74567201 136984 2.4 129 55 3 34 56% 20147 211307 15474 13%
c t 11419.23 163 83 177 2321 373142 1 74567201 136984 2.4 129 55 3 34 56% 20145 211307 15474 13%
c - 11420.40 124 83 177 2322 373142 1 74571169 104447 2.4 128 54 3 34 56% 20145 211307 15474 13%
c - 11431.56 128 76 177 2323 373142 1 74619358 107595 2.5 127 51 3 34 56% 20145 211307 15474 13%
c W 11436.73 144 73 177 2323 373146 1 74643511 130323 2.6 127 49 3 34 55% 20145 211307 15474 13%
c - 11442.22 152 73 177 2324 373157 1 74667555 113521 2.6 125 49 3 34 56% 20145 211307 15474 13%
c ] 11449.72 161 83 178 2324 373173 1 74710156 153786 2.5 129 52 3 34 55% 20145 211307 15474 13%
c { 11449.72 161 176 178 2324 373173 4 74710156 153786 2.8 89 32 2 16 54% 20145 211307 15474 13%
c - 11450.44 165 169 178 2325 373177 4 74715762 117984 2.9 90 32 2 16 53% 20145 211307 15474 13%
c - 11455.44 169 120 178 2326 373178 3 74763981 136775 3.5 103 29 2 16 48% 20146 211307 15474 13%
c - 11457.87 174 107 178 2327 373181 2 74812209 161496 3.5 80 23 2 16 37% 20146 211307 15474 13%
c - 11459.45 180 104 178 2328 373182 2 74860448 171344 3.2 61 19 2 16 29% 20147 211307 15474 13%
c - 11461.26 184 97 178 2329 373182 1 74908698 172326 3.0 48 16 2 16 23% 20147 211307 15474 13%
c - 11463.28 196 89 178 2330 373220 1 74956958 177234 3.1 45 15 2 16 26% 20147 211307 15474 13%
c - 11465.59 204 75 178 2331 373345 1 75005229 177022 3.2 42 13 2 16 27% 20151 211307 15474 13%
c - 11468.29 218 67 178 2332 373516 2 75053509 174023 3.5 43 13 2 16 28% 20153 211307 15474 13%
c - 11470.41 232 62 178 2333 373629 2 75101799 173183 3.2 38 12 2 16 26% 20153 211307 15474 13%
c - 11473.36 249 68 178 2334 373895 2 75150100 173192 3.2 36 11 2 16 26% 20155 211307 15474 13%
c - 11476.63 268 63 178 2335 374185 2 75198411 174462 3.4 39 11 2 16 29% 20160 211306 15474 13%
c
c   seconds     switched         rate             size/glue  tier1     binary           remaining
c            MB     reductions      conflicts           size   tier2       irredundant
c             level        restarts         redundant      glue    trail           variables
c
c - 11480.44 310 61 178 2336 374537 2 75246732 176678 3.4 40 12 2 16 30% 20164 211306 15474 13%
c i 11481.25 318 59 178 2336 374593 2 75260083 189937 3.5 41 12 2 16 29% 20168 211306 15473 13%
c - 11482.87 331 52 178 2337 374693 2 75295064 177697 3.4 37 11 2 16 27% 20159 211306 15473 13%
c - 11487.64 342 57 178 2338 375178 2 75343406 178652 3.5 41 12 2 16 30% 20162 211306 15473 13%
c o 11488.52 367 57 178 2338 375256 2 75352231 187458 3.5 42 12 2 16 31% 20162 211306 15473 13%
c - 11491.36 385 64 178 2339 375459 2 75391759 180616 3.5 40 12 2 16 30% 20167 211306 15473 13%
c - 11493.49 401 52 178 2340 375610 2 75440122 180680 3.2 34 11 2 16 24% 20168 211306 15473 13%
c - 11496.96 424 55 178 2341 375961 2 75488495 182128 3.2 36 11 2 16 26% 20171 211306 15473 13%
c - 11499.64 335 51 178 2342 376207 2 75536878 186457 3.4 36 11 2 16 25% 20176 211306 15473 13%
c u 11501.23 339 50 178 2342 376207 2 75540737 176702 3.4 35 11 2 16 24% 20198 211298 15473 13%
c v 11504.11 352 50 178 2342 376207 2 75540737 163446 3.4 35 11 2 16 24% 20198 211298 15473 13%
c w 11505.07 353 50 178 2342 376207 2 75540737 163282 3.4 35 11 2 16 24% 20198 211298 15473 13%
c t 11505.11 353 50 178 2342 376207 2 75540737 163282 3.4 35 11 2 16 24% 20181 211298 15473 13%
c - 11509.17 256 55 178 2343 376626 2 75585273 165209 3.4 38 11 2 16 28% 20184 211298 15473 13%
c - 11513.10 289 57 178 2344 377020 2 75633677 174001 3.4 41 12 2 16 29% 20186 211298 15473 13%
c - 11517.16 322 59 178 2345 377390 2 75682092 177041 3.5 43 12 2 16 31% 20189 211298 15473 13%
c - 11519.49 219 57 178 2346 377543 2 75730518 178849 3.4 38 11 2 16 29% 20191 211298 15473 13%
c - 11523.22 243 60 178 2347 377910 2 75778953 179161 3.4 39 11 2 16 30% 20192 211298 15473 13%
c - 11526.93 267 58 178 2348 378258 2 75827399 182011 3.5 41 12 2 16 31% 20196 211298 15473 13%
c - 11530.31 247 60 178 2349 378538 2 75875855 183149 3.6 42 12 2 16 31% 20200 211298 15473 13%
c
c   seconds     switched         rate             size/glue  tier1     binary           remaining
c            MB     reductions      conflicts           size   tier2       irredundant
c             level        restarts         redundant      glue    trail           variables
c
c - 11532.52 247 61 178 2350 378702 2 75924321 183391 3.3 37 11 2 16 27% 20200 211298 15473 13%
c - 11535.83 245 58 178 2351 379068 2 75972797 182613 3.2 36 11 2 16 27% 20202 211298 15473 13%
c - 11538.79 247 61 178 2352 379346 2 76021286 183984 3.2 36 11 2 16 26% 20206 211298 15473 13%
c - 11542.30 146 61 178 2353 379705 2 76069784 186048 3.3 38 12 2 16 29% 20210 211298 15473 13%
c } 11544.35 145 59 179 2353 379871 2 76109332 225355 3.5 40 11 2 16 29% 20212 211298 15473 13%
c [ 11544.35 145 83 179 2353 379871 1 76109332 225355 2.5 129 52 3 34 55% 20212 211298 15473 13%
c I 11544.35 145 83 179 2353 379871 1 76109332 225355 2.5 129 52 3 34 55% 20212 211298 15473 13%
c - 11545.83 147 89 179 2354 379877 1 76118291 184393 2.4 127 53 3 34 55% 20212 211298 15473 13%
c - 11553.16 152 105 179 2355 379900 1 76166809 161867 2.4 129 54 3 34 54% 20212 211298 15473 13%
c - 11560.57 149 120 179 2356 379915 1 76215337 136774 2.4 138 56 3 34 54% 20212 211298 15473 13%
c - 11568.39 147 124 179 2357 379932 1 76263875 128155 2.4 143 60 3 34 55% 20212 211298 15473 13%
c - 11576.60 146 110 179 2358 379939 1 76312425 120805 2.4 140 60 3 34 53% 20212 211298 15473 13%
c - 11583.30 147 117 179 2359 379962 1 76360984 123076 2.3 135 58 3 34 52% 20212 211298 15473 13%
c - 11590.07 147 111 179 2360 379978 1 76409554 131411 2.5 133 54 3 34 55% 20212 211298 15473 13%
c - 11596.52 146 102 179 2361 379995 1 76458133 134920 2.5 127 51 3 34 54% 20212 211298 15473 13%
c - 11603.48 138 96 179 2362 379997 1 76506723 133431 2.6 125 49 3 34 54% 20212 211298 15473 13%
c u 11607.22 147 94 179 2362 379997 1 76521090 133631 2.6 125 48 3 34 54% 20232 211298 15473 13%
c v 11608.20 141 94 179 2362 379997 1 76521090 121738 2.6 125 48 3 34 54% 20234 211298 15473 13%
c w 11614.03 155 94 179 2362 379997 1 76521090 120667 2.6 125 48 3 34 54% 20234 211298 15473 13%
c t 11614.05 155 94 179 2362 379997 1 76521090 120667 2.6 125 48 3 34 54% 20220 211298 15473 13%
c
c   seconds     switched         rate             size/glue   tier1     binary           remaining
c            MB     reductions      conflicts           size    tier2       irredundant
c             level        restarts         redundant       glue    trail           variables
c
c - 11619.36 142 86 179 2363 379997 1 76555325 110503 2.5 117 47 3 34 53% 20220 211298 15473 13%
c - 11626.27 147 80 179 2364 380014 1 76603935 110988 2.4 114 47 3 34 52% 20220 211298 15473 13%
c - 11633.73 144 78 179 2365 380030 1 76652555 114919 2.5 118 47 3 34 54% 20220 211298 15473 13%
c o 11634.58 144 77 179 2365 380034 1 76657285 119410 2.6 119 47 3 34 54% 20220 211298 15473 13%
c - 11641.81 142 90 179 2366 380054 1 76701187 114205 2.5 129 51 3 34 55% 20220 211298 15473 13%
c ] 11643.71 143 89 180 2366 380058 1 76712838 125269 2.5 131 52 3 34 55% 20220 211298 15473 13%
c { 11643.71 143 59 180 2366 380058 2 76712838 125269 3.5 40 11 2 16 29% 20220 211298 15473 13%
c - 11650.26 146 92 180 2367 380696 3 76749828 126506 2.9 49 17 2 16 35% 20220 211298 15473 13%
c - 11658.38 148 118 180 2368 381440 4 76798479 144684 2.6 57 22 2 16 39% 20220 211298 15473 13%
c - 11666.48 145 133 180 2369 382096 4 76847142 157763 2.5 62 24 2 16 41% 20221 211298 15473 13%
c s 11674.16 148 141 180 2369 382656 4 76894550 204301 2.5 67 26 2 16 43% 20226 211276 15473 13%
c - 11674.41 150 141 180 2370 382666 4 76895814 165148 2.5 67 26 2 16 43% 20226 211276 15473 13%
c - 11680.68 152 138 180 2371 383071 4 76944497 170661 2.5 67 26 2 16 42% 20226 211276 15473 13%
c - 11688.02 148 144 180 2372 383541 4 76993190 174287 2.6 69 27 2 16 43% 20226 211276 15473 13%
c - 11696.28 151 148 180 2373 384048 4 77041894 174980 2.5 71 28 2 16 45% 20229 211276 15473 13%
c - 11704.16 152 152 180 2374 384550 4 77090607 175757 2.5 73 29 2 16 45% 20229 211276 15473 13%
c - 11711.85 149 150 180 2375 385005 4 77139332 177492 2.6 75 29 2 16 46% 20229 211276 15473 13%
c - 11719.21 152 149 180 2376 385420 4 77188068 180021 2.6 74 29 2 16 45% 20230 211276 15473 13%
c - 11726.26 152 146 180 2377 385847 4 77236812 181083 2.6 74 29 2 16 45% 20233 211276 15473 13%
c - 11733.80 147 146 180 2378 386315 4 77285566 180594 2.6 75 29 2 16 45% 20233 211276 15473 13%
c
c   seconds      switched         rate             size/glue  tier1     binary           remaining
c            MB      reductions      conflicts           size   tier2       irredundant
c              level        restarts         redundant      glue    trail           variables
c
c - 11741.32 152 145 180 2379 386775 4 77334330 180812 2.5 75 29 2 16 45% 20233 211276 15473 13%
c - 11749.45 152 145 180 2380 387251 4 77383105 181275 2.6 78 30 2 16 46% 20233 211276 15473 13%
c - 11757.21 149 145 180 2381 387684 4 77431890 182159 2.6 78 30 2 16 46% 20234 211276 15473 13%
c - 11764.70 149 143 180 2382 388087 4 77480685 182769 2.6 78 30 2 16 46% 20234 211276 15473 13%
c u 11769.82 151 141 180 2382 388282 4 77508287 197307 2.6 75 29 2 16 45% 20250 211276 15473 13%
c v 11773.29 139 141 180 2382 388282 4 77508287 167300 2.6 75 29 2 16 45% 20251 211276 15473 13%
c w 11778.97 158 141 180 2382 388282 4 77508287 166654 2.6 75 29 2 16 45% 20251 211276 15473 13%
c t 11779.00 158 141 180 2382 388282 4 77508287 166654 2.6 75 29 2 16 45% 20246 211276 15473 13%
c - 11782.77 146 144 180 2383 388517 4 77529490 146917 2.6 76 29 2 16 45% 20246 211276 15473 13%
c - 11790.05 151 146 180 2384 388983 4 77578306 153076 2.5 76 30 2 16 45% 20246 211276 15473 13%
c - 11797.98 151 146 180 2385 389460 4 77627133 157696 2.5 77 30 2 16 46% 20246 211276 15473 13%
c - 11805.45 142 146 180 2386 389917 4 77675971 161319 2.5 77 30 2 16 46% 20246 211276 15473 13%
c - 11813.08 135 145 180 2387 390324 4 77724817 164295 2.6 77 30 2 16 46% 20246 211276 15473 13%
c - 11820.47 148 145 180 2388 390704 4 77773673 167084 2.6 77 30 2 16 46% 20246 211276 15473 13%
c - 11828.75 151 148 180 2389 391172 4 77822541 168528 2.6 77 30 2 16 46% 20246 211276 15473 13%
c - 11836.62 142 146 180 2390 391608 4 77871418 169154 2.6 77 30 2 16 46% 20246 211276 15473 13%
c o 11838.86 148 146 180 2390 391741 4 77887581 185048 2.6 77 30 2 16 46% 20246 211276 15473 13%
c - 11844.27 150 145 180 2391 392068 4 77920305 169773 2.5 77 30 2 16 45% 20247 211276 15473 13%
c - 11852.29 145 145 180 2392 392508 4 77969202 170669 2.6 79 30 2 16 46% 20247 211276 15473 13%
c - 11858.74 144 144 180 2393 392841 4 78018110 173749 2.6 77 29 2 16 46% 20248 211276 15473 13%
c
c   seconds      switched         rate             size/glue  tier1     binary           remaining
c            MB      reductions      conflicts           size   tier2       irredundant
c              level        restarts         redundant      glue    trail           variables
c
c - 11866.16 149 145 180 2394 393276 4 78067028 175664 2.6 75 29 2 16 45% 20249 211276 15473 13%
c - 11873.81 152 145 180 2395 393744 4 78115956 175907 2.6 76 29 2 16 45% 20249 211276 15473 13%
c } 11877.25 141 144 181 2395 393979 4 78140309 199700 2.6 75 29 2 16 45% 20249 211276 15473 13%
c [ 11877.25 141 89 181 2395 393979 1 78140309 199700 2.5 131 52 3 34 55% 20249 211276 15473 13%
c B 11877.25 141 89 181 2395 393979 1 78140309 199700 2.5 131 52 3 34 55% 20249 211276 15473 13%
c - 11881.67 149 93 181 2396 393992 1 78164894 168007 2.6 136 53 3 34 56% 20249 211276 15473 13%
c - 11891.80 146 86 181 2397 394009 1 78213842 143969 2.8 146 52 3 34 57% 20249 211276 15473 13%
c - 11901.20 154 82 181 2398 394030 1 78262802 114372 3.0 162 53 3 34 57% 20249 211276 15473 13%
c - 11911.06 109 84 181 2399 394041 1 78311772 106885 2.9 165 56 3 34 57% 20249 211276 15473 13%
c - 11921.89 107 86 181 2400 394055 1 78360751 104406 2.8 167 60 3 34 56% 20249 211276 15473 13%
c - 11932.07 109 89 181 2401 394072 1 78409741 105633 2.7 164 60 3 34 56% 20249 211276 15473 13%
c - 11941.35 140 91 181 2402 394093 1 78458742 109942 2.8 164 58 3 34 57% 20249 211276 15473 13%
c u 11949.41 143 101 181 2402 394104 1 78502318 143065 2.7 159 59 3 34 56% 20254 211276 15473 13%
c v 11949.98 143 101 181 2402 394104 1 78502318 137947 2.7 159 59 3 34 56% 20254 211276 15473 13%
c w 11962.42 175 101 181 2402 394104 1 78502318 135709 2.7 159 59 3 34 56% 20254 211276 15473 13%
c t 11962.45 175 101 181 2402 394104 1 78502318 135709 2.7 159 59 3 34 56% 20253 211276 15473 13%
c - 11963.39 134 100 181 2403 394104 1 78507752 101974 2.7 158 58 3 34 56% 20253 211276 15473 13%
c - 11972.27 144 92 181 2404 394105 1 78556772 107416 3.0 161 54 3 34 56% 20253 211276 15473 13%
c - 11982.76 139 90 181 2405 394111 1 78605803 110414 3.1 162 53 3 34 57% 20253 211276 15473 13%
c - 11990.90 144 103 181 2406 394134 1 78654843 114230 2.8 159 57 3 34 55% 20253 211276 15473 13%
c
c   seconds      switched         rate             size/glue   tier1     binary           remaining
c            MB      reductions      conflicts           size    tier2       irredundant
c              level        restarts         redundant       glue    trail           variables
c
c - 11998.94 145 116 181 2407 394150 1 78703893 110321 2.6 159 60 3 34 56% 20253 211276 15473 13%
c - 12004.65 145 128 181 2408 394167 1 78752956 107916 2.5 158 64 3 34 53% 20253 211276 15473 13%
c - 12012.25 110 127 181 2409 394173 1 78802027 104369 2.4 163 67 3 34 51% 20253 211276 15473 13%
c - 12020.50 137 110 181 2410 394197 1 78851109 105505 2.6 158 61 3 34 53% 20253 211276 15473 13%
c - 12028.71 140 110 181 2411 394213 1 78900201 106170 2.6 160 63 3 34 55% 20253 211276 15473 13%
c - 12038.05 136 99 181 2412 394230 1 78949303 105270 2.7 158 58 3 34 56% 20253 211276 15473 13%
c - 12049.82 142 89 181 2413 394232 1 78998415 102422 2.6 149 57 3 34 56% 20253 211276 15473 13%
c - 12060.14 139 85 181 2414 394232 1 79047540 101070 2.6 143 56 3 34 57% 20253 211276 15473 13%
c - 12071.28 143 83 181 2415 394233 1 79096673 101937 2.5 139 56 3 34 58% 20253 211276 15473 13%
c - 12082.90 139 82 181 2416 394233 1 79145815 100545 2.4 137 57 3 34 58% 20253 211276 15473 13%
c - 12094.82 142 83 181 2417 394237 1 79194971 101101 2.3 133 59 3 34 58% 20253 211276 15473 13%
c o 12101.03 136 83 181 2417 394249 1 79222724 126593 2.2 132 59 3 34 58% 20253 211276 15473 13%
c ] 12102.29 143 91 182 2417 394255 1 79232199 135847 2.2 133 59 3 34 59% 20253 211276 15473 13%
c { 12102.29 143 144 182 2417 394255 4 79232199 135847 2.6 75 29 2 16 45% 20253 211276 15473 13%
c - 12103.16 140 141 182 2418 394261 4 79244133 110480 2.6 71 28 2 16 43% 20253 211276 15473 13%
c - 12106.59 141 121 182 2419 394270 3 79293307 142384 2.5 56 23 2 16 36% 20253 211276 15473 13%
c - 12109.91 141 115 182 2420 394309 2 79342490 164721 2.4 46 19 2 16 30% 20255 211276 15473 13%
c - 12113.87 147 121 182 2421 394430 3 79391684 170603 2.4 40 17 2 16 30% 20257 211276 15473 13%
c - 12116.37 143 109 182 2422 394519 2 79440888 173056 2.3 33 15 2 16 25% 20257 211276 15473 13%
c - 12119.81 148 107 182 2423 394723 3 79490102 175165 2.2 30 13 2 16 25% 20257 211276 15473 13%
c
c   seconds      switched         rate             size/glue  tier1     binary           remaining
c            MB      reductions      conflicts           size   tier2       irredundant
c              level        restarts         redundant      glue    trail           variables
c
c u 12122.10 146 108 182 2423 394804 3 79503186 178312 2.2 29 13 2 16 25% 20267 211276 15473 13%
c v 12128.05 152 108 182 2423 394804 3 79503186 149308 2.2 29 13 2 16 25% 20267 211276 15473 13%
c w 12129.98 152 108 182 2423 394804 3 79503186 148164 2.2 29 13 2 16 25% 20267 211276 15473 13%
c t 12130.01 152 108 182 2423 394804 3 79503186 148164 2.2 29 13 2 16 25% 20263 211276 15473 13%
c - 12132.61 145 111 182 2424 395013 3 79539326 150309 2.2 27 13 2 16 26% 20263 211276 15473 13%
c - 12136.86 147 117 182 2425 395427 4 79588561 164020 2.1 26 12 2 16 26% 20264 211276 15473 13%
c - 12141.21 148 120 182 2426 395828 4 79637806 171764 2.1 25 12 2 16 26% 20265 211276 15473 13%
c - 12145.66 145 120 182 2427 396244 4 79687061 175500 2.1 24 12 2 16 26% 20267 211276 15473 13%
c - 12150.06 148 117 182 2428 396632 4 79736327 178974 2.1 24 12 2 16 25% 20268 211276 15473 13%
c - 12154.72 149 117 182 2429 397091 4 79785603 181966 2.1 24 12 2 16 26% 20270 211276 15473 13%
c s 12155.93 145 116 182 2429 397209 4 79801346 197040 2.0 23 11 2 16 25% 20272 211268 15473 13%
c - 12159.22 140 116 182 2430 397519 4 79834887 185161 2.1 24 11 2 16 25% 20272 211268 15473 13%
c - 12163.99 149 120 182 2431 398009 5 79884184 187916 2.0 24 12 2 16 25% 20272 211268 15473 13%
c - 12168.83 146 120 182 2432 398494 5 79933490 190544 2.0 24 12 2 16 25% 20273 211268 15473 13%
c - 12173.62 150 118 182 2433 398925 5 79982805 193012 2.0 24 12 2 16 26% 20274 211268 15473 13%
c - 12178.83 148 117 182 2434 399422 5 80032132 195586 2.1 24 12 2 16 26% 20276 211268 15473 13%
c - 12183.95 149 120 182 2435 399910 5 80081467 197814 2.0 24 12 2 16 26% 20276 211268 15473 13%
c - 12188.90 147 119 182 2436 400381 5 80130812 199770 2.0 24 12 2 16 26% 20276 211268 15473 13%
c - 12194.05 150 122 182 2437 400857 5 80180168 201905 2.1 24 12 2 16 27% 20276 211268 15473 13%
c - 12198.59 149 117 182 2438 401247 4 80229533 203096 2.0 24 12 2 16 25% 20277 211268 15473 13%
c
c   seconds      switched         rate             size/glue  tier1     binary           remaining
c            MB      reductions      conflicts           size   tier2       irredundant
c              level        restarts         redundant      glue    trail           variables
c
c - 12203.64 148 119 182 2439 401721 5 80278911 204261 2.0 24 12 2 16 26% 20279 211268 15473 13%
c - 12208.43 150 116 182 2440 402157 4 80328300 205695 2.0 24 12 2 16 25% 20283 211268 15473 13%
c - 12213.50 146 115 182 2441 402606 4 80377697 206902 2.0 24 12 2 16 24% 20284 211268 15473 13%
c - 12217.97 150 110 182 2442 402987 4 80427103 208058 2.0 23 12 2 16 24% 20286 211268 15473 13%
c o 12222.95 146 114 182 2442 403442 4 80473040 252581 2.0 24 12 2 16 24% 20289 211268 15473 13%
c - 12223.36 148 115 182 2443 403476 4 80476522 209901 2.0 24 12 2 16 25% 20290 211268 15473 13%
c u 12228.87 144 110 182 2443 403742 4 80510892 215173 2.0 23 12 2 16 24% 20300 211268 15473 13%
c v 12232.01 151 110 182 2443 403742 4 80510892 210258 2.0 23 12 2 16 24% 20300 211268 15473 13%
c w 12233.16 151 110 182 2443 403742 4 80510892 210103 2.0 23 12 2 16 24% 20300 211268 15473 13%
c t 12233.20 151 110 182 2443 403742 4 80510892 210103 2.0 23 12 2 16 24% 20293 211268 15473 13%
c - 12234.82 147 112 182 2444 403882 4 80525949 180461 2.0 23 11 2 16 24% 20293 211268 15473 13%
c - 12240.06 149 116 182 2445 404370 5 80575385 184105 2.0 23 11 2 16 25% 20294 211268 15473 13%
c - 12245.27 148 119 182 2446 404860 5 80624831 188109 2.0 24 12 2 16 26% 20294 211268 15473 13%
c - 12250.56 147 119 182 2447 405339 5 80674288 190763 2.1 24 12 2 16 26% 20296 211268 15473 13%
c } 12251.56 146 115 183 2447 405419 4 80688199 203860 2.1 24 12 2 16 26% 20296 211268 15473 13%
c [ 12251.56 146 91 183 2447 405419 1 80688199 203860 2.2 133 59 3 34 59% 20296 211268 15473 13%
c W 12251.78 162 91 183 2447 405419 1 80688199 203860 2.2 133 59 3 34 59% 20296 211268 15473 13%
c - 12257.73 170 103 183 2448 405436 1 80723757 173361 2.4 145 61 3 34 58% 20296 211268 15473 13%
c - 12266.39 172 99 183 2449 405452 1 80773234 140910 2.5 150 59 3 34 55% 20296 211268 15473 13%
c - 12276.01 171 96 183 2450 405477 1 80822724 127846 2.5 143 56 2 34 53% 20296 211268 15473 13%
c
c   seconds     switched         rate             size/glue   tier1     binary           remaining
c            MB     reductions      conflicts           size    tier2       irredundant
c             level        restarts         redundant       glue    trail           variables
c
c - 12287.70 167 83 183 2451 405481 1 80872222 121898 2.7 145 54 2 34 51% 20296 211268 15473 13%
c - 12299.48 125 77 183 2452 405499 1 80921730 115035 2.7 146 53 3 34 49% 20296 211268 15473 13%
c - 12309.33 162 83 183 2453 405516 1 80971247 119129 2.7 144 54 3 34 48% 20296 211268 15473 13%
c - 12318.04 162 87 183 2454 405541 1 81020776 121860 2.4 137 57 3 34 47% 20296 211268 15473 13%
c - 12325.69 162 89 183 2455 405544 1 81070313 126207 2.5 138 54 3 34 47% 20296 211268 15473 13%
c - 12335.13 166 81 183 2456 405545 1 81119861 127101 2.7 137 51 3 34 46% 20296 211268 15473 13%
c - 12343.96 162 77 183 2457 405559 1 81169419 127436 2.7 130 49 3 34 45% 20296 211268 15473 13%
c - 12353.46 166 73 183 2458 405576 1 81218989 125518 2.6 127 48 3 34 46% 20296 211268 15473 13%
c - 12361.04 132 77 183 2459 405597 1 81268568 126927 2.5 122 50 3 34 44% 20296 211268 15473 13%
c - 12369.19 128 76 183 2460 405608 1 81318157 127298 2.6 125 49 3 34 44% 20296 211268 15473 13%
c - 12375.79 133 71 183 2461 405622 1 81367755 126979 2.8 128 46 3 34 43% 20296 211268 15473 13%
c - 12383.83 133 78 183 2462 405639 1 81417364 128063 2.7 131 49 3 34 43% 20296 211268 15473 13%
c - 12391.59 136 92 183 2463 405660 1 81466983 127477 2.6 139 54 3 34 44% 20296 211268 15473 13%
c - 12401.29 133 108 183 2464 405671 1 81516613 122499 2.3 148 65 3 34 48% 20296 211268 15473 13%
c u 12404.43 131 111 183 2464 405671 1 81525462 119759 2.2 150 67 3 34 49% 20303 211268 15473 13%
c v 12404.96 133 111 183 2464 405671 1 81525462 112144 2.2 150 67 3 34 49% 20304 211268 15473 13%
c w 12410.29 146 111 183 2464 405671 1 81525462 109965 2.2 150 67 3 34 49% 20304 211268 15473 13%
c t 12410.32 146 111 183 2464 405671 1 81525462 109965 2.2 150 67 3 34 49% 20299 211268 15473 13%
c ] 12412.00 128 116 184 2464 405671 1 81535053 119279 2.2 151 69 3 34 49% 20299 211268 15473 13%
c { 12412.00 128 115 184 2464 405671 4 81535053 119279 2.1 24 12 2 16 26% 20299 211268 15473 13%
c
c   seconds      switched         rate             size/glue  tier1     binary           remaining
c            MB      reductions      conflicts           size   tier2       irredundant
c              level        restarts         redundant      glue    trail           variables
c
c - 12418.24 104 133 184 2465 406228 5 81566251 113837 2.2 38 17 2 16 32% 20299 211268 15473 13%
c - 12426.98 119 153 184 2466 407006 5 81615903 137977 2.2 51 23 2 16 38% 20302 211268 15473 13%
c - 12436.51 125 164 184 2467 407696 5 81665561 153285 2.3 61 27 2 16 42% 20302 211268 15473 13%
c - 12445.25 122 169 184 2468 408281 5 81715231 160625 2.4 68 28 2 16 45% 20305 211268 15473 13%
c o 12448.42 125 170 184 2468 408484 5 81735289 180372 2.4 68 29 2 16 45% 20305 211268 15473 13%
c - 12453.98 127 171 184 2469 408821 5 81764910 165695 2.4 71 29 2 16 46% 20306 211268 15473 13%
c - 12462.55 130 176 184 2470 409328 5 81814599 168169 2.5 75 30 2 16 48% 20308 211268 15473 13%
c - 12471.45 129 175 184 2471 409818 4 81864298 169901 2.5 79 31 2 16 49% 20308 211268 15473 13%
c - 12480.68 133 175 184 2472 410334 4 81914007 170684 2.6 81 32 2 16 50% 20308 211268 15473 13%
c - 12490.01 130 177 184 2473 410846 4 81963726 171149 2.6 84 33 2 16 51% 20308 211268 15473 13%
c - 12499.16 132 176 184 2474 411330 4 82013455 172295 2.6 84 33 2 16 51% 20309 211268 15473 13%
c - 12507.88 132 177 184 2475 411797 4 82063196 172983 2.6 85 33 2 16 51% 20309 211268 15473 13%
c - 12516.76 129 178 184 2476 412247 4 82112946 173748 2.6 85 33 2 16 52% 20309 211268 15473 13%
c - 12525.56 129 176 184 2477 412695 4 82162705 173103 2.7 88 33 2 16 53% 20310 211268 15473 13%
c - 12534.29 129 176 184 2478 413135 4 82212474 170759 2.7 88 33 2 16 52% 20310 211268 15473 13%
c - 12542.37 131 175 184 2479 413529 4 82262253 170139 2.7 87 33 2 16 52% 20310 211268 15473 13%
c - 12551.38 130 172 184 2480 413998 4 82312042 170759 2.7 88 33 2 16 52% 20310 211268 15473 13%
c - 12559.71 133 173 184 2481 414427 4 82361841 171188 2.7 87 33 2 16 52% 20310 211268 15473 13%
c - 12569.13 129 171 184 2482 414934 4 82411653 171325 2.6 88 33 2 16 52% 20311 211268 15473 13%
c - 12578.38 135 172 184 2483 415414 4 82461472 171322 2.6 90 34 2 16 52% 20311 211268 15473 13%
c
c   seconds      switched         rate             size/glue  tier1     binary           remaining
c            MB      reductions      conflicts           size   tier2       irredundant
c              level        restarts         redundant      glue    trail           variables
c
c - 12586.90 129 170 184 2484 415829 4 82511304 172489 2.7 90 34 2 16 52% 20313 211268 15473 13%
c u 12594.13 129 165 184 2484 416100 4 82546894 196037 2.7 90 33 2 16 51% 20329 211268 15473 13%
c v 12597.32 124 165 184 2484 416100 4 82546894 169133 2.7 90 33 2 16 51% 20330 211268 15473 13%
c w 12601.67 144 165 184 2484 416100 4 82546894 168869 2.7 90 33 2 16 51% 20330 211268 15473 13%
c x 12604.40 169 165 184 2484 416100 4 82546894 168820 2.7 90 33 2 16 51% 20336 211133 15473 13%
c t 12604.43 169 165 184 2484 416100 4 82546894 168820 2.7 90 33 2 16 51% 20322 211133 15473 13%
c - 12606.86 204 167 184 2485 416214 4 82561143 141754 2.7 89 33 2 16 51% 20322 211133 15473 13%
c - 12615.23 283 172 184 2486 416663 4 82610992 149505 2.7 89 33 2 16 52% 20323 211133 15473 13%
c - 12623.66 367 172 184 2487 417153 4 82660851 154715 2.7 89 34 2 16 52% 20324 211133 15473 13%
c - 12632.36 373 171 184 2488 417637 4 82710721 156942 2.7 91 34 2 16 53% 20324 211133 15473 13%
c - 12640.44 336 171 184 2489 418028 4 82760600 159826 2.7 91 34 2 16 52% 20325 211133 15473 13%
c s 12642.16 348 172 184 2489 418119 4 82771342 170457 2.7 90 34 2 16 52% 20325 211129 15473 13%
c e 12642.19 348 172 184 2489 418119 4 82771342 170457 2.7 90 34 2 16 52% 20312 211175 15470 13%
c s 12642.20 348 172 184 2489 418119 4 82771342 170457 2.7 90 34 2 16 52% 20312 211172 15470 13%
c - 12648.88 419 174 184 2490 418444 4 82810490 162663 2.6 89 33 2 16 52% 20312 211172 15470 13%
c - 12658.45 351 173 184 2491 418961 4 82860394 162976 2.6 90 34 2 16 51% 20313 211172 15470 13%
c - 12667.52 251 173 184 2492 419440 4 82910303 163194 2.6 89 34 2 16 50% 20313 211172 15470 13%
c - 12675.83 158 167 184 2493 419843 4 82960222 165232 2.6 89 34 2 16 50% 20314 211172 15470 13%
c o 12683.70 148 170 184 2493 420255 4 83005660 210265 2.6 90 34 2 16 50% 20316 211172 15470 13%
c - 12684.22 156 167 184 2494 420275 4 83010153 167379 2.6 88 34 2 16 50% 20317 211172 15470 13%
c
c   seconds      switched         rate             size/glue  tier1     binary           remaining
c            MB      reductions      conflicts           size   tier2       irredundant
c              level        restarts         redundant      glue    trail           variables
c
c } 12685.88 154 167 185 2494 420367 4 83019817 176957 2.6 89 34 2 16 50% 20317 211172 15470 13%
c [ 12685.88 154 116 185 2494 420367 1 83019817 176957 2.2 151 69 3 34 49% 20317 211172 15470 13%
c O 12685.88 154 116 185 2494 420367 1 83019817 176957 2.2 151 69 3 34 49% 20317 211172 15470 13%
c - 12690.96 167 108 185 2495 420387 1 83060092 157108 2.4 151 63 3 34 47% 20317 211172 15470 13%
c - 12698.49 165 105 185 2496 420403 1 83110041 133808 2.5 151 61 3 34 49% 20318 211172 15470 13%
c - 12708.07 163 91 185 2497 420427 1 83160000 120884 2.7 148 55 3 34 51% 20318 211172 15470 13%
c - 12718.92 162 88 185 2498 420429 1 83209970 113263 2.6 152 57 3 34 49% 20318 211172 15470 13%
c - 12727.06 163 99 185 2499 420451 1 83259949 113619 2.5 144 57 3 34 50% 20318 211172 15470 13%
c - 12734.74 163 115 185 2500 420467 1 83309938 119561 2.3 138 61 3 34 49% 20318 211172 15470 13%
c - 12739.82 164 124 185 2501 420490 1 83359938 122620 2.4 136 57 3 34 49% 20318 211172 15470 13%
c - 12745.77 162 121 185 2502 420492 1 83409947 128066 2.5 135 55 3 34 49% 20318 211172 15470 13%
c - 12752.78 159 117 185 2503 420493 1 83459966 128734 2.7 140 53 3 34 52% 20318 211172 15470 13%
c - 12759.93 158 117 185 2504 420508 1 83509995 129125 2.6 141 54 3 34 54% 20318 211172 15470 13%
c - 12768.30 166 119 185 2505 420524 1 83560035 125852 2.3 139 60 3 34 53% 20318 211172 15470 13%
c u 12772.11 162 119 185 2505 420533 1 83575159 132616 2.3 139 61 3 34 52% 20330 211172 15470 13%
c v 12773.03 164 119 185 2505 420533 1 83575159 122375 2.3 139 61 3 34 52% 20330 211172 15470 13%
c w 12781.03 204 119 185 2505 420533 1 83575159 120082 2.3 139 61 3 34 52% 20330 211172 15470 13%
c t 12781.05 204 119 185 2505 420533 1 83575159 120082 2.3 139 61 3 34 52% 20323 211172 15470 13%
c f 12781.07 178 119 185 2505 420533 1 83575159 120082 2.3 139 61 3 34 52% 20324 211149 15471 13%
c u 12782.11 191 119 185 2505 420533 1 83575159 119318 2.3 139 61 3 34 52% 20326 211149 15471 13%
c
c   seconds      switched         rate             size/glue   tier1     binary           remaining
c            MB      reductions      conflicts           size    tier2       irredundant
c              level        restarts         redundant       glue    trail           variables
c
c v 12782.69 192 119 185 2505 420533 1 83575159 114942 2.3 139 61 3 34 52% 20326 211149 15471 13%
c w 12789.66 206 119 185 2505 420533 1 83575159 109830 2.3 139 61 3 34 52% 20326 211149 15471 13%
c t 12789.68 206 119 185 2505 420533 1 83575159 109830 2.3 139 61 3 34 52% 20325 211149 15471 13%
c - 12794.51 156 133 185 2506 420549 1 83610086 98837 2.3 146 64 2 34 53% 20325 211149 15471 13%
c - 12803.64 151 152 185 2507 420556 1 83660148 101796 2.2 164 76 2 34 55% 20325 211149 15471 13%
c - 12811.67 147 157 185 2508 420573 1 83710219 102310 2.2 162 75 2 34 55% 20325 211149 15471 13%
c - 12818.31 181 153 185 2509 420589 1 83760300 109475 2.1 148 71 2 34 50% 20325 211149 15471 13%
c - 12823.58 128 160 185 2510 420615 1 83810389 113924 2.1 141 68 2 34 48% 20325 211149 15471 13%
c - 12831.01 102 171 185 2511 420619 1 83860488 112543 2.0 152 74 2 34 49% 20325 211149 15471 13%
c - 12839.72 98 177 185 2512 420620 1 83910597 104542 1.8 156 85 2 34 49% 20325 211149 15471 13%
c - 12849.25 103 171 185 2513 420621 1 83960717 99756 1.8 158 90 2 34 50% 20325 211149 15471 13%
c - 12859.79 100 161 185 2514 420621 1 84010846 100389 1.8 160 88 2 34 51% 20325 211149 15471 13%
c - 12871.76 104 154 185 2515 420621 1 84060985 101670 1.8 162 88 2 34 51% 20325 211149 15471 13%
c - 12878.89 132 147 185 2516 420643 1 84111136 108455 2.0 157 79 2 34 52% 20325 211149 15471 13%
c B 12884.19 128 134 185 2516 420652 1 84148038 143904 2.1 150 73 2 34 51% 20325 211149 15471 13%
c - 12886.23 129 127 185 2517 420659 1 84161297 112224 2.1 149 71 2 34 51% 20325 211149 15471 13%
c - 12893.45 126 103 185 2518 420682 1 84211466 107276 2.4 145 61 2 34 52% 20325 211149 15471 13%
c - 12900.07 132 108 185 2519 420684 1 84261645 104857 2.2 141 65 3 34 49% 20325 211149 15471 13%
c - 12906.81 130 105 185 2520 420706 1 84311836 105601 2.1 131 62 3 34 49% 20325 211149 15471 13%
c - 12913.90 128 102 185 2521 420723 1 84362036 107944 2.0 125 62 3 34 47% 20325 211149 15471 13%
c
c   seconds     switched         rate             size/glue   tier1     binary           remaining
c            MB     reductions      conflicts           size    tier2       irredundant
c             level        restarts         redundant       glue    trail           variables
c
c o 12918.83 132 99 185 2521 420740 1 84396215 139863 2.0 120 61 3 34 47% 20325 211149 15471 13%
c - 12921.08 99 106 185 2522 420745 1 84412245 103544 2.0 125 63 3 34 48% 20325 211149 15471 13%
c - 12930.17 104 115 185 2523 420747 1 84462464 101185 2.2 157 72 3 34 54% 20325 211149 15471 13%
c ] 12938.14 128 119 186 2523 420748 1 84504214 142033 2.3 169 73 3 34 57% 20325 211149 15471 13%
c { 12938.14 128 167 186 2523 420748 4 84504214 142033 2.6 89 34 2 16 50% 20325 211149 15471 13%
c - 12939.33 95 169 186 2524 420799 4 84512698 101092 2.6 88 33 2 16 50% 20325 211149 15471 13%
c - 12945.39 117 172 186 2525 421062 4 84562939 124019 2.8 86 31 2 16 51% 20327 211149 15471 13%
c u 12953.12 119 173 186 2525 421392 4 84610289 166093 2.8 84 30 2 16 52% 20332 211149 15471 13%
c v 12955.75 126 173 186 2525 421392 4 84610289 145539 2.8 84 30 2 16 52% 20332 211149 15471 13%
c w 12966.43 138 173 186 2525 421392 4 84610289 144748 2.8 84 30 2 16 52% 20332 211149 15471 13%
c t 12966.47 138 173 186 2525 421392 4 84610289 144748 2.8 84 30 2 16 52% 20331 211149 15471 13%
c - 12967.07 123 174 186 2526 421426 4 84613190 121855 2.8 84 30 2 16 52% 20332 211149 15471 13%
c - 12975.01 127 177 186 2527 421852 4 84663449 134361 2.8 83 30 2 16 52% 20334 211149 15471 13%
c - 12982.02 127 175 186 2528 422196 4 84713719 146715 2.8 80 28 2 16 52% 20334 211149 15471 13%
c - 12990.64 118 175 186 2529 422684 4 84764000 152684 2.8 79 29 2 16 52% 20335 211149 15471 13%
c - 12998.76 129 173 186 2530 423116 4 84814291 155898 2.8 79 29 2 16 51% 20336 211149 15471 13%
c - 13007.33 123 173 186 2531 423576 4 84864592 159121 2.7 79 29 2 16 52% 20336 211149 15471 13%
c - 13015.52 131 173 186 2532 423997 4 84914901 161630 2.7 78 29 2 16 51% 20339 211149 15471 13%
c - 13024.34 130 173 186 2533 424478 4 84965220 164394 2.8 80 29 2 16 51% 20339 211149 15471 13%
c - 13033.19 133 171 186 2534 424946 4 85015548 165507 2.8 82 29 2 16 52% 20342 211149 15471 13%
c
c   seconds      switched         rate             size/glue  tier1     binary           remaining
c            MB      reductions      conflicts           size   tier2       irredundant
c              level        restarts         redundant      glue    trail           variables
c
c - 13042.39 132 172 186 2535 425422 4 85065886 166619 2.7 82 30 2 16 52% 20343 211149 15471 13%
c - 13051.55 130 172 186 2536 425881 4 85116234 168324 2.7 82 30 2 16 51% 20343 211149 15471 13%
c - 13059.67 129 170 186 2537 426290 4 85166593 170530 2.7 80 30 2 16 51% 20346 211149 15471 13%
c - 13067.41 125 170 186 2538 426663 4 85216961 173291 2.7 79 29 2 16 51% 20347 211149 15471 13%
c - 13074.19 133 162 186 2539 427010 4 85267341 176503 2.8 78 28 2 16 47% 20349 211149 15471 13%
c - 13083.48 134 165 186 2540 427506 4 85317729 176386 2.7 80 29 2 16 49% 20350 211149 15471 13%
c - 13092.22 130 168 186 2541 427973 4 85368127 174306 2.7 80 30 2 16 49% 20351 211149 15471 13%
c - 13100.08 132 167 186 2542 428357 4 85418536 175921 2.8 81 29 2 16 50% 20351 211149 15471 13%
c - 13108.78 136 170 186 2543 428803 4 85468954 177409 2.8 82 30 2 16 51% 20352 211149 15471 13%
c - 13117.65 136 168 186 2544 429274 4 85519384 177605 2.8 85 30 2 16 51% 20352 211149 15471 13%
c - 13126.39 133 169 186 2545 429737 4 85569822 178303 2.8 86 31 2 16 52% 20353 211149 15471 13%
c - 13135.18 136 167 186 2546 430183 4 85620269 179629 2.8 87 31 2 16 52% 20353 211149 15471 13%
c u 13141.75 129 166 186 2546 430449 4 85652307 197370 2.8 86 31 2 16 52% 20359 211149 15471 13%
c v 13145.56 125 166 186 2546 430449 4 85652307 162099 2.8 86 31 2 16 52% 20360 211149 15471 13%
c w 13152.68 142 166 186 2546 430449 4 85652307 161730 2.8 86 31 2 16 52% 20360 211149 15471 13%
c t 13152.72 142 166 186 2546 430449 4 85652307 161730 2.8 86 31 2 16 52% 20353 211149 15471 13%
c - 13155.96 132 168 186 2547 430628 4 85670726 141351 2.8 86 31 2 16 52% 20354 211149 15471 13%
c o 13158.32 132 169 186 2547 430776 4 85686274 156719 2.8 86 31 2 16 52% 20354 211149 15471 13%
c - 13164.17 128 171 186 2548 431099 4 85721193 150521 2.7 86 31 2 16 52% 20354 211149 15471 13%
c - 13172.08 133 172 186 2549 431518 4 85771672 158309 2.8 86 31 2 16 53% 20354 211149 15471 13%
c
c   seconds      switched         rate             size/glue  tier1     binary           remaining
c            MB      reductions      conflicts           size   tier2       irredundant
c              level        restarts         redundant      glue    trail           variables
c
c s 13177.28 133 172 186 2549 431774 4 85804807 190932 2.8 85 30 2 16 53% 20356 211145 15471 13%
c - 13180.72 134 172 186 2550 431936 4 85822159 162982 2.8 85 30 2 16 53% 20356 211145 15471 13%
c - 13189.66 130 171 186 2551 432425 4 85872656 164988 2.8 86 31 2 16 52% 20358 211145 15471 13%
c - 13198.70 133 170 186 2552 432872 4 85923163 166522 2.8 87 31 2 16 53% 20358 211145 15471 13%
c - 13206.96 131 170 186 2553 433290 4 85973680 168899 2.8 87 31 2 16 53% 20358 211145 15471 13%
c } 13215.11 132 171 187 2553 433682 4 86017973 212680 2.8 87 31 2 16 53% 20358 211145 15471 13%
c [ 13215.11 132 119 187 2553 433682 1 86017973 212680 2.3 169 73 3 34 57% 20358 211145 15471 13%
c W 13215.21 149 119 187 2553 433682 1 86017973 212680 2.3 169 73 3 34 57% 20358 211145 15471 13%
c - 13216.50 153 116 187 2554 433687 1 86024208 168453 2.3 167 72 3 34 57% 20358 211145 15471 13%
c - 13226.59 170 104 187 2555 433710 1 86074745 147416 2.5 162 65 3 34 58% 20358 211145 15471 13%
c - 13238.86 177 108 187 2556 433727 1 86125293 115683 2.3 160 69 2 34 57% 20358 211145 15471 13%
c - 13245.30 181 114 187 2557 433743 1 86175851 111064 2.3 156 68 2 34 52% 20358 211145 15471 13%
c - 13252.71 234 118 187 2558 433751 1 86226418 110470 2.2 154 71 2 34 47% 20358 211145 15471 13%
c - 13258.84 249 110 187 2559 433774 1 86276994 112951 2.3 149 64 2 34 47% 20358 211145 15471 13%
c - 13265.24 205 103 187 2560 433790 1 86327580 117379 2.5 144 58 2 34 47% 20359 211145 15471 13%
c - 13274.30 134 102 187 2561 433806 1 86378176 115084 2.3 139 61 2 34 50% 20359 211145 15471 13%
c - 13283.71 139 106 187 2562 433808 1 86428783 111961 2.3 143 63 2 34 52% 20359 211145 15471 13%
c - 13294.00 144 112 187 2563 433811 1 86479400 113347 2.2 148 67 2 34 53% 20360 211145 15471 13%
c - 13302.88 150 103 187 2564 433836 1 86530026 113560 2.3 146 64 2 34 55% 20360 211145 15471 13%
c - 13313.06 160 101 187 2565 433853 1 86580662 112108 2.3 145 62 2 34 54% 20360 211145 15471 13%
c
c   seconds     switched         rate             size/glue   tier1     binary           remaining
c            MB     reductions      conflicts           size    tier2       irredundant
c             level        restarts         redundant       glue    trail           variables
c
c - 13321.90 166 97 187 2566 433870 1 86631307 115497 2.4 135 57 2 34 53% 20360 211145 15471 13%
c - 13331.95 172 89 187 2567 433877 1 86681963 116896 2.3 129 55 2 34 52% 20360 211145 15471 13%
c u 13336.85 177 86 187 2567 433886 1 86701217 125624 2.3 128 55 2 34 51% 20364 211145 15471 13%
c v 13337.63 179 86 187 2567 433886 1 86701217 115862 2.3 128 55 2 34 51% 20365 211145 15471 13%
c w 13347.61 220 86 187 2567 433886 1 86701217 112170 2.3 128 55 2 34 51% 20365 211145 15471 13%
c t 13347.64 220 86 187 2567 433886 1 86701217 112170 2.3 128 55 2 34 51% 20361 211145 15471 13%
c - 13353.38 238 83 187 2568 433901 1 86732628 99030 2.3 124 54 2 34 51% 20361 211145 15471 13%
c - 13362.38 267 85 187 2569 433917 1 86783303 106319 2.5 131 53 2 34 54% 20361 211145 15471 13%
c - 13372.24 176 84 187 2570 433933 1 86833988 108046 2.7 142 52 2 34 55% 20361 211145 15471 13%
c - 13383.31 183 77 187 2571 433935 1 86884683 104866 3.0 152 51 2 34 55% 20361 211145 15471 13%
c - 13395.42 141 73 187 2572 433935 1 86935391 102390 3.1 157 51 2 34 56% 20361 211145 15471 13%
c - 13408.55 146 71 187 2573 433936 1 86986106 101396 3.2 164 51 2 34 56% 20361 211145 15471 13%
c - 13420.17 152 69 187 2574 433936 1 87036830 102360 3.3 169 51 2 34 56% 20361 211145 15471 13%
c o 13428.81 155 69 187 2574 433940 1 87072027 134837 3.3 171 51 2 34 56% 20361 211145 15471 13%
c - 13431.50 160 79 187 2575 433949 1 87087564 106484 3.1 168 54 2 34 56% 20361 211145 15471 13%
c - 13442.64 167 76 187 2576 433967 1 87138308 108646 3.2 167 52 2 34 56% 20361 211145 15471 13%
c I 13450.58 171 77 187 2576 433982 1 87175923 144782 3.2 165 52 2 34 57% 20361 211145 15471 13%
c - 13452.91 173 92 187 2577 433988 1 87189063 102775 2.9 166 57 2 34 57% 20361 211145 15471 13%
c - 13461.82 179 83 187 2578 433999 1 87239827 102595 3.0 162 54 2 34 56% 20361 211145 15471 13%
c ] 13465.58 179 82 188 2578 433999 1 87259924 121404 3.0 161 54 2 34 56% 20361 211145 15471 13%
c
c   seconds      switched         rate             size/glue  tier1     binary           remaining
c            MB      reductions      conflicts           size   tier2       irredundant
c              level        restarts         redundant      glue    trail           variables
c
c { 13465.58 179 171 188 2578 433999 4 87259924 121404 2.8 87 31 2 16 53% 20361 211145 15471 13%
c - 13469.47 203 169 188 2579 434203 4 87290604 111679 2.8 84 30 2 16 53% 20361 211145 15471 13%
c - 13475.80 244 164 188 2580 434537 4 87341387 138383 2.8 80 29 2 16 51% 20362 211145 15471 13%
c - 13482.50 270 161 188 2581 434903 4 87392182 152901 2.8 77 28 2 16 50% 20363 211145 15471 13%
c - 13490.14 244 161 188 2582 435361 4 87442985 158283 2.7 77 28 2 16 49% 20364 211145 15471 13%
c - 13496.97 275 156 188 2583 435755 4 87493800 162522 2.7 74 27 2 16 48% 20364 211145 15471 13%
c - 13504.72 244 156 188 2584 436235 4 87544623 166099 2.7 75 28 2 16 48% 20364 211145 15471 13%
c - 13513.02 230 153 188 2585 436715 4 87595458 167170 2.7 78 29 2 16 49% 20365 211145 15471 13%
c - 13520.87 273 151 188 2586 437165 4 87646300 169735 2.7 77 29 2 16 48% 20365 211145 15471 13%
c - 13528.84 331 148 188 2587 437599 4 87697152 171543 2.7 77 29 2 16 47% 20366 211145 15471 13%
c - 13536.65 288 150 188 2588 438039 4 87748015 173427 2.7 77 29 2 16 47% 20367 211145 15471 13%
c u 13539.28 290 149 188 2588 438128 4 87757014 174132 2.7 78 29 2 16 48% 20373 211145 15471 13%
c v 13542.11 301 149 188 2588 438128 4 87757014 144585 2.7 78 29 2 16 48% 20373 211145 15471 13%
c w 13549.98 309 149 188 2588 438128 4 87757014 143095 2.7 78 29 2 16 48% 20373 211145 15471 13%
c t 13550.01 210 149 188 2588 438128 4 87757014 143095 2.7 78 29 2 16 48% 20369 211145 15471 13%
c - 13555.93 201 148 188 2589 438491 4 87798887 144628 2.7 79 29 2 16 48% 20369 211145 15471 13%
c - 13562.75 142 149 188 2590 438904 4 87849769 155339 2.7 79 29 2 16 47% 20370 211145 15471 13%
c - 13570.76 146 148 188 2591 439380 4 87900661 160248 2.7 81 30 2 16 48% 20372 211145 15471 13%
c - 13577.34 144 145 188 2592 439728 4 87951565 163890 2.7 79 29 2 16 49% 20372 211145 15471 13%
c - 13580.67 145 120 188 2593 439896 3 88002477 170503 2.5 64 26 2 16 39% 20372 211145 15471 13%
c
c   seconds     switched         rate             size/glue  tier1     binary           remaining
c            MB     reductions      conflicts           size   tier2       irredundant
c             level        restarts         redundant      glue    trail           variables
c
c - 13582.04 136 86 188 2594 439896 2 88053400 173678 2.3 48 21 2 16 28% 20372 211145 15471 13%
c - 13586.83 143 91 188 2595 440317 3 88104332 175855 2.2 51 23 2 16 29% 20372 211145 15471 13%
c - 13593.51 147 110 188 2596 440847 3 88155275 169910 2.3 59 25 2 16 35% 20372 211145 15471 13%
c - 13601.68 147 123 188 2597 441448 4 88206226 163974 2.4 68 28 2 16 40% 20373 211145 15471 13%
c - 13609.17 146 128 188 2598 441929 4 88257187 165640 2.5 72 29 2 16 43% 20373 211145 15471 13%
c - 13613.01 146 108 188 2599 442137 3 88308157 173866 2.4 64 27 2 16 37% 20373 211145 15471 13%
c - 13621.04 146 121 188 2600 442699 3 88359137 176127 2.4 71 29 2 16 41% 20374 211145 15471 13%
c o 13624.41 145 122 188 2600 442918 3 88382030 198707 2.5 74 30 2 16 43% 20374 211145 15471 13%
c - 13628.76 145 128 188 2601 443177 3 88410127 171333 2.5 76 30 2 16 44% 20374 211145 15471 13%
c - 13636.27 140 133 188 2602 443625 4 88461127 173740 2.6 78 30 2 16 46% 20376 211145 15471 13%
c - 13644.18 140 135 188 2603 444100 4 88512136 175147 2.6 80 31 2 16 47% 20376 211145 15471 13%
c - 13652.07 142 138 188 2604 444532 4 88563158 176877 2.6 81 31 2 16 48% 20377 211145 15471 13%
c - 13659.64 147 136 188 2605 444953 3 88614188 179772 2.6 81 31 2 16 48% 20378 211145 15471 13%
c - 13667.53 144 135 188 2606 445397 3 88665227 180885 2.6 82 31 2 16 48% 20379 211145 15471 13%
c - 13674.79 147 135 188 2607 445776 3 88716276 182960 2.7 81 30 2 16 48% 20380 211145 15471 13%
c - 13682.93 146 134 188 2608 446247 3 88767334 183107 2.7 83 31 2 16 48% 20380 211145 15471 13%
c } 13688.44 145 136 189 2608 446556 3 88802912 218113 2.7 83 31 2 16 49% 20380 211145 15471 13%
c [ 13688.44 145 82 189 2608 446556 1 88802912 218113 3.0 161 54 2 34 56% 20380 211145 15471 13%
c B 13688.44 145 82 189 2608 446556 1 88802912 218113 3.0 161 54 2 34 56% 20380 211145 15471 13%
c - 13691.80 147 79 189 2609 446565 1 88818403 177198 3.0 155 52 2 34 56% 20380 211145 15471 13%
c
c   seconds     switched         rate             size/glue   tier1     binary           remaining
c            MB     reductions      conflicts           size    tier2       irredundant
c             level        restarts         redundant       glue    trail           variables
c
c u 13693.48 141 79 189 2609 446566 1 88819698 166373 2.9 154 52 2 34 56% 20397 211145 15471 13%
c v 13696.23 139 79 189 2609 446566 1 88819698 139703 2.9 154 52 2 34 56% 20400 211145 15471 13%
c w 13702.08 148 79 189 2609 446566 1 88819698 138897 2.9 154 52 2 34 56% 20400 211145 15471 13%
c t 13702.11 148 79 189 2609 446566 1 88819698 138897 2.9 154 52 2 34 56% 20392 211145 15471 13%
c - 13711.34 142 89 189 2610 446586 1 88869481 126763 2.7 147 55 2 34 56% 20392 211145 15471 13%
c s 13717.77 138 92 189 2610 446597 1 88902179 158241 2.6 149 57 2 34 57% 20392 211142 15471 13%
c e 13717.78 124 92 189 2610 446597 1 88902179 158241 2.6 149 57 2 34 57% 20391 211158 15470 13%
c s 13717.78 124 92 189 2610 446597 1 88902179 158241 2.6 149 57 2 34 57% 20391 211157 15470 13%
c - 13721.05 146 92 189 2611 446604 1 88920569 107217 2.6 149 58 2 34 58% 20391 211157 15470 13%
c - 13729.89 152 84 189 2612 446618 1 88971669 101133 2.6 142 55 2 34 58% 20391 211157 15470 13%
c - 13739.02 156 77 189 2613 446632 1 89022776 103110 2.6 136 52 2 34 59% 20391 211157 15470 13%
c - 13747.85 160 73 189 2614 446649 1 89073894 106480 2.6 131 50 2 34 59% 20391 211157 15470 13%
c - 13756.39 165 82 189 2615 446671 1 89125022 105470 2.6 144 56 2 34 59% 20391 211157 15470 13%
c - 13765.92 172 81 189 2616 446681 1 89176159 102073 2.6 144 56 2 34 58% 20391 211157 15470 13%
c - 13775.63 175 79 189 2617 446682 1 89227308 98313 2.6 143 56 2 34 57% 20391 211157 15470 13%
c - 13784.13 192 81 189 2618 446692 1 89278466 100754 2.8 154 56 2 34 58% 20391 211157 15470 13%
c - 13793.38 206 73 189 2619 446713 1 89329633 102637 2.8 146 52 2 34 59% 20391 211157 15470 13%
c - 13802.09 230 78 189 2620 446731 1 89380809 105621 2.8 149 53 2 34 60% 20391 211157 15470 13%
c - 13811.73 204 77 189 2621 446745 1 89431994 104464 2.9 155 53 2 34 59% 20391 211157 15470 13%
c - 13821.62 223 71 189 2622 446759 1 89483190 99169 3.1 157 51 2 34 59% 20391 211157 15470 13%
c
c   seconds     switched         rate            size/glue   tier1     binary           remaining
c            MB     reductions      conflicts          size    tier2       irredundant
c             level        restarts         redundant      glue    trail           variables
c
c - 13831.76 193 71 189 2623 446776 1 89534395 99961 3.1 157 51 2 34 59% 20391 211157 15470 13%
c - 13841.55 155 71 189 2624 446798 1 89585611 101849 3.1 154 50 2 34 59% 20391 211157 15470 13%
c - 13851.06 177 71 189 2625 446808 1 89636836 104280 3.0 150 49 2 34 60% 20391 211157 15470 13%
c - 13861.66 195 72 189 2626 446809 1 89688071 101474 2.9 145 51 2 34 60% 20391 211157 15470 13%
c - 13872.86 155 72 189 2627 446810 1 89739315 99373 2.7 139 52 2 34 59% 20391 211157 15470 13%
c - 13884.24 170 73 189 2628 446810 1 89790570 96021 2.5 136 55 2 34 58% 20391 211157 15470 13%
c - 13895.93 182 72 189 2629 446810 1 89841834 94075 2.4 132 55 2 34 58% 20391 211157 15470 13%
c ] 13901.84 186 73 190 2629 446823 1 89871380 120369 2.4 131 55 2 34 58% 20391 211157 15470 13%
c { 13901.84 186 136 190 2629 446823 3 89871380 120369 2.7 83 31 2 16 49% 20391 211157 15470 13%
c o 13901.86 186 136 190 2629 446825 3 89871490 120471 2.7 83 31 2 16 49% 20391 211157 15470 13%
c u 13905.26 273 140 190 2629 446965 4 89889304 133663 2.7 82 31 2 16 49% 20403 211157 15470 13%
c v 13905.91 275 140 190 2629 446965 4 89889304 127507 2.7 82 31 2 16 49% 20403 211157 15470 13%
c w 13923.57 286 140 190 2629 446965 4 89889304 122383 2.7 82 31 2 16 49% 20403 211157 15470 13%
c t 13944.66 143 140 190 2629 446965 4 89889304 122383 2.7 82 31 2 16 49% 20400 211157 15470 13%
c - 13945.06 162 141 190 2630 446981 3 89893109 95613 2.7 82 31 2 16 49% 20400 211157 15470 13%
c - 13951.41 185 151 190 2631 447368 4 89944392 122278 2.7 79 30 2 16 50% 20400 211157 15470 13%
c - 13958.57 216 156 190 2632 447785 4 89995687 141045 2.7 78 29 2 16 51% 20400 211157 15470 13%
c - 13966.17 228 157 190 2633 448232 4 90046996 149866 2.7 78 29 2 16 51% 20401 211157 15470 13%
c - 13974.21 279 157 190 2634 448723 4 90098309 154864 2.7 79 30 2 16 51% 20401 211157 15470 13%
c - 13982.23 263 157 190 2635 449218 4 90149633 158535 2.6 78 30 2 16 51% 20402 211157 15470 13%
c
c   seconds      switched         rate             size/glue  tier1     binary           remaining
c            MB      reductions      conflicts           size   tier2       irredundant
c              level        restarts         redundant      glue    trail           variables
c
c - 13990.54 254 155 190 2636 449684 4 90200965 161905 2.7 81 30 2 16 51% 20402 211157 15470 13%
c - 13998.54 218 153 190 2637 450145 4 90252307 165103 2.7 82 30 2 16 51% 20402 211157 15470 13%
c - 14006.40 285 152 190 2638 450608 4 90303658 167215 2.7 83 31 2 16 51% 20402 211157 15470 13%
c - 14014.57 237 152 190 2639 451082 4 90355019 168526 2.7 82 31 2 16 50% 20402 211157 15470 13%
c - 14022.16 155 149 190 2640 451482 4 90406390 170328 2.7 81 30 2 16 50% 20402 211157 15470 13%
c - 14030.61 144 148 190 2641 451975 4 90457770 171681 2.6 81 31 2 16 49% 20402 211157 15470 13%
c - 14038.84 153 150 190 2642 452417 4 90509160 173420 2.7 82 30 2 16 50% 20403 211157 15470 13%
c - 14046.64 154 151 190 2643 452816 4 90560562 176586 2.8 83 30 2 16 50% 20403 211157 15470 13%
c - 14054.96 154 149 190 2644 453261 4 90611972 177814 2.7 82 30 2 16 50% 20403 211157 15470 13%
c - 14063.71 156 148 190 2645 453719 4 90663391 177803 2.7 82 30 2 16 50% 20403 211157 15470 13%
c - 14072.64 158 145 190 2646 454203 4 90714821 178620 2.7 82 31 2 16 50% 20403 211157 15470 13%
c - 14081.66 158 148 190 2647 454692 4 90766262 179256 2.6 81 31 2 16 49% 20403 211157 15470 13%
c - 14091.20 158 148 190 2648 455190 4 90817711 179735 2.6 82 32 2 16 49% 20403 211157 15470 13%
c - 14100.31 153 146 190 2649 455635 4 90869169 181480 2.6 84 32 2 16 50% 20403 211157 15470 13%
c - 14108.33 153 144 190 2650 456010 4 90920639 184282 2.6 82 31 2 16 49% 20403 211157 15470 13%
c u 14117.38 157 146 190 2650 456380 3 90965822 215481 2.6 82 31 2 16 49% 20408 211157 15470 13%
c v 14121.77 163 146 190 2650 456380 3 90965822 181257 2.6 82 31 2 16 49% 20408 211157 15470 13%
c w 14128.18 176 146 190 2650 456380 3 90965822 180554 2.6 82 31 2 16 49% 20408 211157 15470 13%
c t 14128.22 176 146 190 2650 456380 3 90965822 180554 2.6 82 31 2 16 49% 20404 211157 15470 13%
c - 14129.54 150 146 190 2651 456460 4 90972117 145633 2.6 82 31 2 16 49% 20404 211157 15470 13%
c
c   seconds      switched         rate             size/glue  tier1     binary           remaining
c            MB      reductions      conflicts           size   tier2       irredundant
c              level        restarts         redundant      glue    trail           variables
c
c - 14137.46 152 148 190 2652 456930 4 91023604 153076 2.6 81 31 2 16 50% 20404 211157 15470 13%
c - 14145.49 145 150 190 2653 457360 4 91075101 160767 2.6 81 31 2 16 50% 20404 211157 15470 13%
c - 14153.56 156 147 190 2654 457788 4 91126609 165747 2.6 80 31 2 16 49% 20404 211157 15470 13%
c - 14162.53 157 147 190 2655 458312 4 91178126 167904 2.6 82 32 2 16 49% 20404 211157 15470 13%
c o 14165.92 147 148 190 2655 458503 4 91201517 190847 2.5 80 32 2 16 49% 20404 211157 15470 13%
c - 14170.72 152 150 190 2656 458767 4 91229652 169771 2.5 81 32 2 16 49% 20404 211157 15470 13%
c - 14178.41 153 147 190 2657 459196 4 91281189 172831 2.6 81 32 2 16 50% 20404 211157 15470 13%
c - 14187.02 157 145 190 2658 459688 4 91332735 174643 2.6 83 32 2 16 50% 20405 211157 15470 13%
c - 14195.72 155 144 190 2659 460206 4 91384290 174560 2.6 84 33 2 16 50% 20405 211157 15470 13%
c - 14203.33 156 146 190 2660 460608 4 91435856 177113 2.6 84 32 2 16 50% 20406 211157 15470 13%
c } 14204.67 153 146 191 2660 460699 4 91443827 185006 2.6 84 32 2 16 50% 20406 211157 15470 13%
c [ 14204.67 153 73 191 2660 460699 1 91443827 185006 2.4 131 55 2 34 58% 20406 211157 15470 13%
c W 14205.52 168 73 191 2660 460699 1 91443827 185006 2.4 131 55 2 34 58% 20406 211157 15470 13%
c - 14213.31 180 71 191 2661 460720 1 91487433 162190 2.6 135 53 2 34 58% 20406 211157 15470 13%
c - 14222.95 177 66 191 2662 460737 1 91539018 128060 2.7 134 49 3 34 58% 20406 211157 15470 13%
c - 14232.07 173 59 191 2663 460759 1 91590612 115081 3.0 136 46 3 34 59% 20406 211157 15470 13%
c - 14242.37 178 56 191 2664 460763 1 91642217 113077 3.0 132 44 3 34 58% 20406 211157 15470 13%
c - 14252.09 176 56 191 2665 460789 1 91693831 111257 2.9 128 44 3 34 57% 20406 211157 15470 13%
c - 14260.77 176 57 191 2666 460806 1 91745454 112134 3.1 138 44 3 34 59% 20406 211157 15470 13%
c - 14268.91 176 75 191 2667 460823 1 91797087 114290 2.9 143 49 3 34 60% 20406 211157 15470 13%
c
c   seconds     switched         rate             size/glue   tier1     binary           remaining
c            MB     reductions      conflicts           size    tier2       irredundant
c             level        restarts         redundant       glue    trail           variables
c
c - 14278.46 175 89 191 2668 460825 1 91848730 112275 2.7 148 55 3 34 60% 20406 211157 15470 13%
c - 14288.96 170 83 191 2669 460825 1 91900384 110172 2.8 147 53 3 34 60% 20406 211157 15470 13%
c - 14298.56 177 79 191 2670 460850 1 91952046 110399 2.9 148 52 3 34 61% 20406 211157 15470 13%
c - 14309.56 175 73 191 2671 460869 1 92003720 111111 2.9 141 49 3 34 61% 20406 211157 15470 13%
c u 14321.10 172 66 191 2671 460886 1 92049254 143086 2.9 135 46 3 34 61% 20410 211157 15470 13%
c v 14321.92 175 66 191 2671 460886 1 92049254 135085 2.9 135 46 3 34 61% 20410 211157 15470 13%
c w 14340.02 201 66 191 2671 460886 1 92049254 130465 2.9 135 46 3 34 61% 20410 211157 15470 13%
c t 14340.05 201 66 191 2671 460886 1 92049254 130465 2.9 135 46 3 34 61% 20409 211157 15470 13%
c - 14341.49 170 67 191 2672 460887 1 92055401 96724 2.9 135 47 3 34 61% 20409 211157 15470 13%
c s 14343.08 170 69 191 2672 460887 1 92063836 104942 2.9 136 47 3 34 61% 20409 211156 15470 13%
c - 14352.24 166 67 191 2673 460894 1 92107092 98411 3.0 140 47 3 34 60% 20409 211156 15470 13%
c - 14361.28 177 79 191 2674 460918 1 92158793 100094 2.9 143 50 3 34 60% 20409 211156 15470 13%
c - 14370.77 175 85 191 2675 460934 1 92210504 101822 2.6 142 54 3 34 59% 20409 211156 15470 13%
c - 14380.15 175 78 191 2676 460950 1 92262225 103714 2.7 137 50 3 34 59% 20409 211156 15470 13%
c caught signal 15 (SIGTERM)
c
c ---- [ profiling ] ---------------------------------------------------------
c
c       13139.48   91.34 %  search
c        6711.13   46.65 %  focused
c        6428.35   44.68 %  stable
c        1246.40    8.66 %  simplify
c        1229.66    8.55 %  probe
c        1114.04    7.74 %  vivify
c          95.22    0.66 %  sweep
c          49.20    0.34 %  reduce
c           9.35    0.06 %  factor
c           8.51    0.06 %  walking
c           8.33    0.06 %  eliminate
c           8.30    0.06 %  substitute
c           2.73    0.02 %  subsume
c           1.47    0.01 %  transitive
c           0.71    0.00 %  congruence
c           0.57    0.00 %  backbone
c           0.11    0.00 %  preprocess
c           0.04    0.00 %  parse
c           0.01    0.00 %  lucky
c =============================================
c       14386.03  100.00 %  total
c
c ---- [ statistics ] --------------------------------------------------------
c
c chronological:                        99839                0 %  conflicts
c conflicts:                         92292988             6415.46 per second
c congruent:                               78                0 %  variables
c decisions:                        252255119                2.73 per conflict
c eliminated:                          100303               87 %  variables
c factored:                              1596                1 %  variables
c iterations:                             162                0 %  variables
c propagations:                   88346642714          6141142    per second
c reductions:                            2676            34489    interval
c reordered:                              134           688754    interval
c rephased:                               125           738344    interval
c restarts:                            460951              200    interval
c strengthened:                         19476                0 %  checks
c substituted:                            164                0 %  variables
c subsumed:                             28861                0 %  checks
c switched:                               191           483209    interval
c vivified:                           8260071               36 %  checks
c walks:                                   42          2197452    interval
c
c ---- [ glue usage ] --------------------------------------------------------
c
c focused glue 2    used 36743061 clauses 10.77% accumulated 51.70% tier1
c focused glue 3    used 28324096 clauses  8.31% accumulated 60.00%
c focused glue 4-14 used 98203193 clauses 28.79% accumulated 88.79%
c focused glue 15   used  2692047 clauses  0.79% accumulated 89.58%
c focused glue 16   used  2386855 clauses  0.70% accumulated 90.28% tier2
c
c stable glue 3    used  26374969 clauses  4.63% accumulated 54.60% tier1
c stable glue 4    used  22230432 clauses  3.90% accumulated 58.50%
c stable glue 5-32 used 175346667 clauses 30.75% accumulated 89.25%
c stable glue 33   used   2574638 clauses  0.45% accumulated 89.70%
c stable glue 34   used   2439995 clauses  0.43% accumulated 90.13% tier2
c
c ---- [ resources ] ---------------------------------------------------------
c
c maximum-resident-set-size:     630252896256 bytes     601056 MB
c process-time:                     3h 59m 46s           14386.03 seconds
c raising signal 15 (SIGTERM)
