[e85] job 20261008T151644-erdos85__h3-triple-formal-20261007-605561  ref=erdos85/h3-triple-formal-20261007  worktree=/opt/e85/wt/erdos85__h3-triple-formal-20261007  started 2026-10-08T15:16:44Z
[e85] commit ff69771986d22eae0b3bbeabc6232e184da98776 (Preserve rejected attempt and reproduce original baseline Lean setup)
=== Docker Lean Build ===
Memory limit: 16384MB (hard enforced via cgroups)
Timeout: 4m
CPU limit: 2
Target: all
Build volume: lean-build-erdos85__h3-triple-formal-20261007
Extra read-only mounts: /Volumes/Stripe/lean-genius/artifacts

Command: lake env python3 -B ../research/problems/erdos-85-wip-01/order49_h3_closed_capstone_20261008/run.py
Starting Docker build...

{
  "status": "CAPSTONE_H3_COMPILED_PENDING_AUDIT",
  "started_utc": "2026-10-08T15:17:01.736328+00:00",
  "command": [
    "lean",
    "-j1",
    "Proofs/Erdos85OrderFortyNineCapstoneH3.lean",
    "-o",
    "/workspace/proofs/.lake/build/lib/lean/Proofs/Erdos85OrderFortyNineCapstoneH3.olean"
  ],
  "timeout_seconds": 90,
  "cgroup_memory_bytes": 17179869184,
  "cgroup_cpu_max": "200000 100000",
  "plan_sha256": "886c8e7caef256a580f72cbe71257f6b98c9b64a5d91745cebf26cd718d76577",
  "transfer_sha256": "8e28d27284602e302123164ba3221d1e110c72997ca099d39c8cb24f9a4be3cd",
  "returncode": 0,
  "timed_out": false,
  "elapsed_seconds": 4.819576736001181,
  "log_sha256": "0ef3b418bed36cf50d3adcbe264379a257125dfa15777733fa302e76be712c1e",
  "exports": [
    {
      "theorem": "Erdos85.not_c4FreeMinDegreeWitness_fortyNine_seven_of_h1_h7Evidence",
      "axioms": [
        "propext",
        "Classical.choice",
        "Quot.sound",
        "Erdos85.card_filter_oneHighCanonicalBranchAdj._native.native_decide.ax_1_1",
        "Erdos85.enumerateOneHighTableValues_complete._native.native_decide.ax_1_1",
        "Erdos85.extend_five_linear_triples_canonical._native.native_decide.ax_1_1",
        "Erdos85.extend_five_linear_triples_canonical._native.native_decide.ax_1_2",
        "Erdos85.extend_four_linear_triples_canonical._native.native_decide.ax_1_1",
        "Erdos85.extend_four_linear_triples_canonical._native.native_decide.ax_1_2",
        "Erdos85.extend_four_linear_triples_canonical._native.native_decide.ax_1_3",
        "Erdos85.extend_six_linear_triples_canonical._native.native_decide.ax_1_1",
        "Erdos85.finEight_standardMate_canonicalize_marked._native.native_decide.ax_1_1",
        "Erdos85.finFive_exists_canonical_lex_perm._native.native_decide.ax_1_1",
        "Erdos85.finFive_matchingBits_canonical._native.native_decide.ax_1_1",
        "Erdos85.fiveHighCanonicalFiberCover_one._native.native_decide.ax_1_1",
        "Erdos85.fiveHighCanonicalFiberCover_two._native.native_decide.ax_1_1",
        "Erdos85.fiveHighCanonicalFiberCover_two._native.native_decide.ax_1_2",
        "Erdos85.fiveHighCanonicalFiberCover_zero._native.native_decide.ax_1_1",
        "Erdos85.fiveHigh_t0_mask_key_fiber_card._native.native_decide.ax_1_1",
        "Erdos85.fiveHigh_t1_mask_key_fiber_card._native.native_decide.ax_1_1",
        "Erdos85.fiveHigh_t2_local_triple_card._native.native_decide.ax_1_10",
        "Erdos85.fiveHigh_t2_local_triple_card._native.native_decide.ax_1_11",
        "Erdos85.fiveHigh_t2_local_triple_card._native.native_decide.ax_1_12",
        "Erdos85.fiveHigh_t2_local_triple_card._native.native_decide.ax_1_13",
        "Erdos85.fiveHigh_t2_local_triple_card._native.native_decide.ax_1_4",
        "Erdos85.fiveHigh_t2_local_triple_card._native.native_decide.ax_1_5",
        "Erdos85.fiveHigh_t2_local_triple_card._native.native_decide.ax_1_6",
        "Erdos85.fiveHigh_t2_local_triple_card._native.native_decide.ax_1_7",
        "Erdos85.fiveHigh_t2_local_triple_card._native.native_decide.ax_1_8",
        "Erdos85.fiveHigh_t2_local_triple_card._native.native_decide.ax_1_9",
        "Erdos85.fiveHigh_t2_mask_key_fiber_card._native.native_decide.ax_1_1",
        "Erdos85.fiveHigh_t2_mask_key_fiber_card._native.native_decide.ax_1_2",
        "Erdos85.fixed_first_four_linear_triples_canonical_packed._native.native_decide.ax_1_1",
        "Erdos85.fixed_first_three_linear_triples_canonical._native.native_decide.ax_1_1",
        "Erdos85.oneHighBranchEdgeIndex_eq_iff._native.native_decide.ax_1_1",
        "Erdos85.oneHighBranchEdgeIndex_lt._native.native_decide.ax_1_1",
        "Erdos85.oneHighFamilyV2LowerTablePairs_mem_bounds._native.native_decide.ax_1_1",
        "Erdos85.oneHighFamily_xor_one_lt_eight._native.native_decide.ax_1_1",
        "Erdos85.oneHighInventoryRows_relevant_lt_five._native.native_decide.ax_1_1",
        "Erdos85.oneHighPrunedEnumRawKeySet_eq_inventoryOrbit_four._native.native_decide.ax_1_1",
        "Erdos85.oneHighPrunedEnumRawKeySet_eq_inventoryOrbit_one._native.native_decide.ax_1_1",
        "Erdos85.oneHighPrunedEnumRawKeySet_eq_inventoryOrbit_three._native.native_decide.ax_1_1",
        "Erdos85.oneHighPrunedEnumRawKeySet_eq_inventoryOrbit_two._native.native_decide.ax_1_1",
        "Erdos85.oneHighPrunedEnumRawKeySet_eq_inventoryOrbit_zero._native.native_decide.ax_1_1",
        "Erdos85.oneHighPrunedEnumeratorComplete._native.native_decide.ax_1_1",
        "Erdos85.oneHighRelevantPairList_complete._native.native_decide.ax_1_1",
        "Erdos85.oneHighRelevantPairList_nodup._native.native_decide.ax_1_1",
        "Erdos85.oneHighRelevantPair_mem_tablePairs._native.native_decide.ax_1_1",
        "Erdos85.oneHighStandardMate_even_pair._native.native_decide.ax_1_1",
        "Erdos85.oneHighStandardMate_even_pair._native.native_decide.ax_1_2",
        "Erdos85.oneHighStandardMate_even_pair._native.native_decide.ax_1_3",
        "Erdos85.oneHighStandardMate_even_pair._native.native_decide.ax_1_4",
        "Erdos85.orderFortyNineDegreeBlocks_seven_nonzero._native.native_decide.ax_1_1",
        "Erdos85.orderFortyNineH7HighPairs_ne._native.native_decide.ax_1_1",
        "Erdos85.orderFortyNineT2RepA_check._native.native_decide.ax_1_1",
        "Erdos85.orderFortyNineT2RepB_check._native.native_decide.ax_1_1",
        "Erdos85.orderFortyNineT3Rep0_check._native.native_decide.ax_1_1",
        "Erdos85.orderFortyNineT3Rep1_check._native.native_decide.ax_1_1",
        "Erdos85.orderFortyNineT3Rep2_check._native.native_decide.ax_1_1",
        "Erdos85.orderFortyNineT3Rep3_check._native.native_decide.ax_1_1",
        "Erdos85.orderFortyNineT3Rep4_check._native.native_decide.ax_1_1",
        "Erdos85.orderFortyNineT4Rep0_check._native.native_decide.ax_1_1",
        "Erdos85.orderFortyNineT4Rep10_check._native.native_decide.ax_1_1",
        "Erdos85.orderFortyNineT4Rep1_check._native.native_decide.ax_1_1",
        "Erdos85.orderFortyNineT4Rep2_check._native.native_decide.ax_1_1",
        "Erdos85.orderFortyNineT4Rep3_check._native.native_decide.ax_1_1",
        "Erdos85.orderFortyNineT4Rep4_check._native.native_decide.ax_1_1",
        "Erdos85.orderFortyNineT4Rep5_check._native.native_decide.ax_1_1",
        "Erdos85.orderFortyNineT4Rep6_check._native.native_decide.ax_1_1",
        "Erdos85.orderFortyNineT4Rep7_check._native.native_decide.ax_1_1",
        "Erdos85.orderFortyNineT4Rep8_check._native.native_decide.ax_1_1",
        "Erdos85.orderFortyNineT4Rep9_check._native.native_decide.ax_1_1",
        "Erdos85.sevenHighCanonicalFiberCover_five._native.native_decide.ax_1_1",
        "Erdos85.sevenHighCanonicalFiberCover_five._native.native_decide.ax_1_2",
        "Erdos85.sevenHighCanonicalFiberCover_five._native.native_decide.ax_1_3",
        "Erdos85.sevenHighCanonicalFiberCover_five._native.native_decide.ax_1_4",
        "Erdos85.sevenHighCanonicalFiberCover_four._native.native_decide.ax_1_1",
        "Erdos85.sevenHighCanonicalFiberCover_four._native.native_decide.ax_1_2",
        "Erdos85.sevenHighCanonicalFiberCover_four._native.native_decide.ax_1_3",
        "Erdos85.sevenHighCanonicalFiberCover_four._native.native_decide.ax_1_4",
        "Erdos85.sevenHighCanonicalFiberCover_four._native.native_decide.ax_1_5",
        "Erdos85.sevenHighCanonicalFiberCover_four._native.native_decide.ax_1_6",
        "Erdos85.sevenHighCanonicalFiberCover_one._native.native_decide.ax_1_1",
        "Erdos85.sevenHighCanonicalFiberCover_one._native.native_decide.ax_1_2",
        "Erdos85.sevenHighCanonicalFiberCover_seven._native.native_decide.ax_1_1",
        "Erdos85.sevenHighCanonicalFiberCover_seven._native.native_decide.ax_1_2",
        "Erdos85.sevenHighCanonicalFiberCover_six._native.native_decide.ax_1_1",
        "Erdos85.sevenHighCanonicalFiberCover_six._native.native_decide.ax_1_2",
        "Erdos85.sevenHighCanonicalFiberCover_three._native.native_decide.ax_1_1",
        "Erdos85.sevenHighCanonicalFiberCover_three._native.native_decide.ax_1_2",
        "Erdos85.sevenHighCanonicalFiberCover_three._native.native_decide.ax_1_3",
        "Erdos85.sevenHighCanonicalFiberCover_three._native.native_decide.ax_1_4",
        "Erdos85.sevenHighCanonicalFiberCover_three._native.native_decide.ax_1_5",
        "Erdos85.sevenHighCanonicalFiberCover_three._native.native_decide.ax_1_6",
        "Erdos85.sevenHighCanonicalFiberCover_two._native.native_decide.ax_1_1",
        "Erdos85.sevenHighCanonicalFiberCover_two._native.native_decide.ax_1_2",
        "Erdos85.sevenHighCanonicalFiberCover_two._native.native_decide.ax_1_3",
        "Erdos85.sevenHighCanonicalFiberCover_two._native.native_decide.ax_1_4",
        "Erdos85.sevenHighCanonicalFiberCover_zero._native.native_decide.ax_1_1",
        "Erdos85.sevenHighCanonicalFiberCover_zero._native.native_decide.ax_1_2",
        "Erdos85.sevenHighT0CanonicalEmptyPermutationAction_table._native.native_decide.ax_1_1",
        "Erdos85.sevenHighT0CanonicalEmptyRepresentative_orbit_cover._native.native_decide.ax_1_1",
        "Erdos85.sevenHighT1Rep0_check._native.native_decide.ax_1_1",
        "Erdos85.sevenHighT2Rep0_check._native.native_decide.ax_1_1",
        "Erdos85.sevenHighT2Rep1_check._native.native_decide.ax_1_1",
        "Erdos85.sevenHighT3Rep0_check._native.native_decide.ax_1_1",
        "Erdos85.sevenHighT3Rep1_check._native.native_decide.ax_1_1",
        "Erdos85.sevenHighT3Rep2_check._native.native_decide.ax_1_1",
        "Erdos85.sevenHighT3TripleSet_member_card._native.native_decide.ax_1_1",
        "Erdos85.sevenHighT3TripleSet_member_card._native.native_decide.ax_1_2",
        "Erdos85.sevenHighT3TripleSet_member_card._native.native_decide.ax_1_3",
        "Erdos85.sevenHighT4Rep0_check._native.native_decide.ax_1_1",
        "Erdos85.sevenHighT4Rep1_check._native.native_decide.ax_1_1",
        "Erdos85.sevenHighT4Rep2_check._native.native_decide.ax_1_1",
        "Erdos85.sevenHighT4TripleSet_member_card._native.native_decide.ax_1_1",
        "Erdos85.sevenHighT4TripleSet_member_card._native.native_decide.ax_1_2",
        "Erdos85.sevenHighT4TripleSet_member_card._native.native_decide.ax_1_3",
        "Erdos85.sevenHighT5Rep0_check._native.native_decide.ax_1_1",
        "Erdos85.sevenHighT5Rep1_check._native.native_decide.ax_1_1",
        "Erdos85.sevenHighT5TripleSet_member_card._native.native_decide.ax_1_1",
        "Erdos85.sevenHighT5TripleSet_member_card._native.native_decide.ax_1_2",
        "Erdos85.sevenHighT6Rep0_check._native.native_decide.ax_1_1",
        "Erdos85.sevenHighT6TripleSet_member_card._native.native_decide.ax_1_1",
        "Erdos85.sevenHighT7Rep0_check._native.native_decide.ax_1_1",
        "Erdos85.sevenHighT7TripleSet_member_card._native.native_decide.ax_1_1",
        "Erdos85.sevenHigh_t0_mask_key_fiber_card._native.native_decide.ax_1_1",
        "Erdos85.sevenHigh_t1_mask_key_fiber_card._native.native_decide.ax_1_1",
        "Erdos85.sevenHigh_t2_local_triple_card._native.native_decide.ax_1_10",
        "Erdos85.sevenHigh_t2_local_triple_card._native.native_decide.ax_1_11",
        "Erdos85.sevenHigh_t2_local_triple_card._native.native_decide.ax_1_12",
        "Erdos85.sevenHigh_t2_local_triple_card._native.native_decide.ax_1_13",
        "Erdos85.sevenHigh_t2_local_triple_card._native.native_decide.ax_1_14",
        "Erdos85.sevenHigh_t2_local_triple_card._native.native_decide.ax_1_15",
        "Erdos85.sevenHigh_t2_local_triple_card._native.native_decide.ax_1_16",
        "Erdos85.sevenHigh_t2_local_triple_card._native.native_decide.ax_1_17",
        "Erdos85.sevenHigh_t2_local_triple_card._native.native_decide.ax_1_4",
        "Erdos85.sevenHigh_t2_local_triple_card._native.native_decide.ax_1_5",
        "Erdos85.sevenHigh_t2_local_triple_card._native.native_decide.ax_1_6",
        "Erdos85.sevenHigh_t2_local_triple_card._native.native_decide.ax_1_7",
        "Erdos85.sevenHigh_t2_local_triple_card._native.native_decide.ax_1_8",
        "Erdos85.sevenHigh_t2_local_triple_card._native.native_decide.ax_1_9",
        "Erdos85.sevenHigh_t2_mask_key_fiber_card._native.native_decide.ax_1_1",
        "Erdos85.sevenHigh_t2_mask_key_fiber_card._native.native_decide.ax_1_2",
        "Erdos85.sevenHigh_t3_mask_key_fiber_card._native.native_decide.ax_1_1",
        "Erdos85.sevenHigh_t3_mask_key_fiber_card._native.native_decide.ax_1_2",
        "Erdos85.sevenHigh_t3_mask_key_fiber_card._native.native_decide.ax_1_3",
        "Erdos85.sevenHigh_t4_mask_key_fiber_card._native.native_decide.ax_1_1",
        "Erdos85.sevenHigh_t4_mask_key_fiber_card._native.native_decide.ax_1_2",
        "Erdos85.sevenHigh_t4_mask_key_fiber_card._native.native_decide.ax_1_3",
        "Erdos85.sevenHigh_t5_mask_key_fiber_card._native.native_decide.ax_1_1",
        "Erdos85.sevenHigh_t5_mask_key_fiber_card._native.native_decide.ax_1_2",
        "Erdos85.sevenHigh_t6_mask_key_fiber_card._native.native_decide.ax_1_1",
        "Erdos85.sevenHigh_t7_mask_key_fiber_card._native.native_decide.ax_1_1",
        "Erdos85.H3Pair.pairPart_24_00._native.native_decide.ax_1_1",
        "Erdos85.H3Pair.pairPart_24_01._native.native_decide.ax_1_1",
        "Erdos85.H3Pair.pairPart_24_02._native.native_decide.ax_1_1",
        "Erdos85.H3Pair.pairPart_24_03._native.native_decide.ax_1_1",
        "Erdos85.H3Pair.pairPart_24_04._native.native_decide.ax_1_1",
        "Erdos85.H3Pair.pairPart_24_05._native.native_decide.ax_1_1",
        "Erdos85.H3Pair.pairPart_24_06._native.native_decide.ax_1_1",
        "Erdos85.H3Pair.pairPart_24_07._native.native_decide.ax_1_1",
        "Erdos85.H3Pair.pairPart_24_08._native.native_decide.ax_1_1",
        "Erdos85.H3Pair.pairPart_24_09._native.native_decide.ax_1_1",
        "Erdos85.H3Pair.pairPart_24_10._native.native_decide.ax_1_1",
        "Erdos85.H3Pair.pairPart_24_11._native.native_decide.ax_1_1",
        "Erdos85.H3Pair.pairPart_24_12._native.native_decide.ax_1_1",
        "Erdos85.H3Pair.pairPart_24_13._native.native_decide.ax_1_1",
        "Erdos85.H3Pair.pairPart_24_14._native.native_decide.ax_1_1",
        "Erdos85.H3Pair.pairPart_24_15._native.native_decide.ax_1_1",
        "Erdos85.H3Pair.pairPart_24_16._native.native_decide.ax_1_1",
        "Erdos85.H3Pair.pairPart_24_17._native.native_decide.ax_1_1",
        "Erdos85.H3Pair.pairPart_24_18._native.native_decide.ax_1_1",
        "Erdos85.H3Pair.pairPart_24_19._native.native_decide.ax_1_1",
        "Erdos85.H3Pair.pairPart_24_20._native.native_decide.ax_1_1",
        "Erdos85.H3Pair.pairPart_24_21._native.native_decide.ax_1_1",
        "Erdos85.H3Pair.pairPart_24_22._native.native_decide.ax_1_1",
        "Erdos85.H3Pair.pairPart_24_23._native.native_decide.ax_1_1",
        "Erdos85.H3TripleCompletion.triplePart_384_000._native.native_decide.ax_1_1",
        "Erdos85.H3TripleCompletion.triplePart_384_001._native.native_decide.ax_1_1",
        "Erdos85.H3TripleCompletion.triplePart_384_002._native.native_decide.ax_1_1",
        "Erdos85.H3TripleCompletion.triplePart_384_003._native.native_decide.ax_1_1",
        "Erdos85.H3TripleCompletion.triplePart_384_004._native.native_decide.ax_1_1",
        "Erdos85.H3TripleCompletion.triplePart_384_005._native.native_decide.ax_1_1",
        "Erdos85.H3TripleCompletion.triplePart_384_006._native.native_decide.ax_1_1",
        "Erdos85.H3TripleCompletion.triplePart_384_007._native.native_decide.ax_1_1",
        "Erdos85.H3TripleCompletion.triplePart_384_008._native.native_decide.ax_1_1",
        "Erdos85.H3TripleCompletion.triplePart_384_009._native.native_decide.ax_1_1",
        "Erdos85.H3TripleCompletion.triplePart_384_010._native.native_decide.ax_1_1",
        "Erdos85.H3TripleCompletion.triplePart_384_011._native.native_decide.ax_1_1",
        "Erdos85.H3TripleCompletion.triplePart_384_012._native.native_decide.ax_1_1",
        "Erdos85.H3TripleCompletion.triplePart_384_013._native.native_decide.ax_1_1",
        "Erdos85.H3TripleCompletion.triplePart_384_014._native.native_decide.ax_1_1",
        "Erdos85.H3TripleCompletion.triplePart_384_015._native.native_decide.ax_1_1",
        "Erdos85.H3TripleCompletion.triplePart_384_016._native.native_decide.ax_1_1",
        "Erdos85.H3TripleCompletion.triplePart_384_017._native.native_decide.ax_1_1",
        "Erdos85.H3TripleCompletion.triplePart_384_018._native.native_decide.ax_1_1",
        "Erdos85.H3TripleCompletion.triplePart_384_019._native.native_decide.ax_1_1",
        "Erdos85.H3TripleCompletion.triplePart_384_020._native.native_decide.ax_1_1",
        "Erdos85.H3TripleCompletion.triplePart_384_021._native.native_decide.ax_1_1",
        "Erdos85.H3TripleCompletion.triplePart_384_022._native.native_decide.ax_1_1",
        "Erdos85.H3TripleCompletion.triplePart_384_023._native.native_decide.ax_1_1",
        "Erdos85.H3TripleCompletion.triplePart_384_024._native.native_decide.ax_1_1",
        "Erdos85.H3TripleCompletion.triplePart_384_025._native.native_decide.ax_1_1",
        "Erdos85.H3TripleCompletion.triplePart_384_026._native.native_decide.ax_1_1",
        "Erdos85.H3TripleCompletion.triplePart_384_027._native.native_decide.ax_1_1",
        "Erdos85.H3TripleCompletion.triplePart_384_028._native.native_decide.ax_1_1",
        "Erdos85.H3TripleCompletion.triplePart_384_029._native.native_decide.ax_1_1",
        "Erdos85.H3TripleCompletion.triplePart_384_030._native.native_decide.ax_1_1",
        "Erdos85.H3TripleCompletion.triplePart_384_031._native.native_decide.ax_1_1",
        "Erdos85.H3TripleCompletion.triplePart_384_032._native.native_decide.ax_1_1",
        "Erdos85.H3TripleCompletion.triplePart_384_033._native.native_decide.ax_1_1",
        "Erdos85.H3TripleCompletion.triplePart_384_034._native.native_decide.ax_1_1",
        "Erdos85.H3TripleCompletion.triplePart_384_035._native.native_decide.ax_1_1",
        "Erdos85.H3TripleCompletion.triplePart_384_036._native.native_decide.ax_1_1",
        "Erdos85.H3TripleCompletion.triplePart_384_037._native.native_decide.ax_1_1",
        "Erdos85.H3TripleCompletion.triplePart_384_038._native.native_decide.ax_1_1",
        "Erdos85.H3TripleCompletion.triplePart_384_039._native.native_decide.ax_1_1",
        "Erdos85.H3TripleCompletion.triplePart_384_040._native.native_decide.ax_1_1",
        "Erdos85.H3TripleCompletion.triplePart_384_041._native.native_decide.ax_1_1",
        "Erdos85.H3TripleCompletion.triplePart_384_042._native.native_decide.ax_1_1",
        "Erdos85.H3TripleCompletion.triplePart_384_043._native.native_decide.ax_1_1",
        "Erdos85.H3TripleCompletion.triplePart_384_044._native.native_decide.ax_1_1",
        "Erdos85.H3TripleCompletion.triplePart_384_045._native.native_decide.ax_1_1",
        "Erdos85.H3TripleCompletion.triplePart_384_046._native.native_decide.ax_1_1",
        "Erdos85.H3TripleCompletion.triplePart_384_047._native.native_decide.ax_1_1",
        "Erdos85.H3TripleCompletion.triplePart_384_048._native.native_decide.ax_1_1",
        "Erdos85.H3TripleCompletion.triplePart_384_049._native.native_decide.ax_1_1",
        "Erdos85.H3TripleCompletion.triplePart_384_050._native.native_decide.ax_1_1",
        "Erdos85.H3TripleCompletion.triplePart_384_051._native.native_decide.ax_1_1",
        "Erdos85.H3TripleCompletion.triplePart_384_052._native.native_decide.ax_1_1",
        "Erdos85.H3TripleCompletion.triplePart_384_053._native.native_decide.ax_1_1",
        "Erdos85.H3TripleCompletion.triplePart_384_054._native.native_decide.ax_1_1",
        "Erdos85.H3TripleCompletion.triplePart_384_055._native.native_decide.ax_1_1",
        "Erdos85.H3TripleCompletion.triplePart_384_056._native.native_decide.ax_1_1",
        "Erdos85.H3TripleCompletion.triplePart_384_057._native.native_decide.ax_1_1",
        "Erdos85.H3TripleCompletion.triplePart_384_058._native.native_decide.ax_1_1",
        "Erdos85.H3TripleCompletion.triplePart_384_059._native.native_decide.ax_1_1",
        "Erdos85.H3TripleCompletion.triplePart_384_060._native.native_decide.ax_1_1",
        "Erdos85.H3TripleCompletion.triplePart_384_061._native.native_decide.ax_1_1",
        "Erdos85.H3TripleCompletion.triplePart_384_062._native.native_decide.ax_1_1",
        "Erdos85.H3TripleCompletion.triplePart_384_063._native.native_decide.ax_1_1",
        "Erdos85.H3TripleCompletion.triplePart_384_064._native.native_decide.ax_1_1",
        "Erdos85.H3TripleCompletion.triplePart_384_065._native.native_decide.ax_1_1",
        "Erdos85.H3TripleCompletion.triplePart_384_066._native.native_decide.ax_1_1",
        "Erdos85.H3TripleCompletion.triplePart_384_067._native.native_decide.ax_1_1",
        "Erdos85.H3TripleCompletion.triplePart_384_068._native.native_decide.ax_1_1",
        "Erdos85.H3TripleCompletion.triplePart_384_069._native.native_decide.ax_1_1",
        "Erdos85.H3TripleCompletion.triplePart_384_070._native.native_decide.ax_1_1",
        "Erdos85.H3TripleCompletion.triplePart_384_071._native.native_decide.ax_1_1",
        "Erdos85.H3TripleCompletion.triplePart_384_072._native.native_decide.ax_1_1",
        "Erdos85.H3TripleCompletion.triplePart_384_073._native.native_decide.ax_1_1",
        "Erdos85.H3TripleCompletion.triplePart_384_074._native.native_decide.ax_1_1",
        "Erdos85.H3TripleCompletion.triplePart_384_075._native.native_decide.ax_1_1",
        "Erdos85.H3TripleCompletion.triplePart_384_076._native.native_decide.ax_1_1",
        "Erdos85.H3TripleCompletion.triplePart_384_077._native.native_decide.ax_1_1",
        "Erdos85.H3TripleCompletion.triplePart_384_078._native.native_decide.ax_1_1",
        "Erdos85.H3TripleCompletion.triplePart_384_079._native.native_decide.ax_1_1",
        "Erdos85.H3TripleCompletion.triplePart_384_080._native.native_decide.ax_1_1",
        "Erdos85.H3TripleCompletion.triplePart_384_081._native.native_decide.ax_1_1",
        "Erdos85.H3TripleCompletion.triplePart_384_082._native.native_decide.ax_1_1",
        "Erdos85.H3TripleCompletion.triplePart_384_083._native.native_decide.ax_1_1",
        "Erdos85.H3TripleCompletion.triplePart_384_084._native.native_decide.ax_1_1",
        "Erdos85.H3TripleCompletion.triplePart_384_085._native.native_decide.ax_1_1",
        "Erdos85.H3TripleCompletion.triplePart_384_086._native.native_decide.ax_1_1",
        "Erdos85.H3TripleCompletion.triplePart_384_087._native.native_decide.ax_1_1",
        "Erdos85.H3TripleCompletion.triplePart_384_088._native.native_decide.ax_1_1",
        "Erdos85.H3TripleCompletion.triplePart_384_089._native.native_decide.ax_1_1",
        "Erdos85.H3TripleCompletion.triplePart_384_090._native.native_decide.ax_1_1",
        "Erdos85.H3TripleCompletion.triplePart_384_091._native.native_decide.ax_1_1",
        "Erdos85.H3TripleCompletion.triplePart_384_092._native.native_decide.ax_1_1",
        "Erdos85.H3TripleCompletion.triplePart_384_093._native.native_decide.ax_1_1",
        "Erdos85.H3TripleCompletion.triplePart_384_094._native.native_decide.ax_1_1",
        "Erdos85.H3TripleCompletion.triplePart_384_095._native.native_decide.ax_1_1",
        "Erdos85.H3TripleCompletion.triplePart_384_096._native.native_decide.ax_1_1",
        "Erdos85.H3TripleCompletion.triplePart_384_097._native.native_decide.ax_1_1",
        "Erdos85.H3TripleCompletion.triplePart_384_098._native.native_decide.ax_1_1",
        "Erdos85.H3TripleCompletion.triplePart_384_099._native.native_decide.ax_1_1",
        "Erdos85.H3TripleCompletion.triplePart_384_100._native.native_decide.ax_1_1",
        "Erdos85.H3TripleCompletion.triplePart_384_101._native.native_decide.ax_1_1",
        "Erdos85.H3TripleCompletion.triplePart_384_102._native.native_decide.ax_1_1",
        "Erdos85.H3TripleCompletion.triplePart_384_103._native.native_decide.ax_1_1",
        "Erdos85.H3TripleCompletion.triplePart_384_104._native.native_decide.ax_1_1",
        "Erdos85.H3TripleCompletion.triplePart_384_105._native.native_decide.ax_1_1",
        "Erdos85.H3TripleCompletion.triplePart_384_106._native.native_decide.ax_1_1",
        "Erdos85.H3TripleCompletion.triplePart_384_107._native.native_decide.ax_1_1",
        "Erdos85.H3TripleCompletion.triplePart_384_108._native.native_decide.ax_1_1",
        "Erdos85.H3TripleCompletion.triplePart_384_109._native.native_decide.ax_1_1",
        "Erdos85.H3TripleCompletion.triplePart_384_110._native.native_decide.ax_1_1",
        "Erdos85.H3TripleCompletion.triplePart_384_111._native.native_decide.ax_1_1",
        "Erdos85.H3TripleCompletion.triplePart_384_112._native.native_decide.ax_1_1",
        "Erdos85.H3TripleCompletion.triplePart_384_113._native.native_decide.ax_1_1",
        "Erdos85.H3TripleCompletion.triplePart_384_114._native.native_decide.ax_1_1",
        "Erdos85.H3TripleCompletion.triplePart_384_115._native.native_decide.ax_1_1",
        "Erdos85.H3TripleCompletion.triplePart_384_116._native.native_decide.ax_1_1",
        "Erdos85.H3TripleCompletion.triplePart_384_117._native.native_decide.ax_1_1",
        "Erdos85.H3TripleCompletion.triplePart_384_118._native.native_decide.ax_1_1",
        "Erdos85.H3TripleCompletion.triplePart_384_119._native.native_decide.ax_1_1",
        "Erdos85.H3TripleCompletion.triplePart_384_120._native.native_decide.ax_1_1",
        "Erdos85.H3TripleCompletion.triplePart_384_121._native.native_decide.ax_1_1",
        "Erdos85.H3TripleCompletion.triplePart_384_122._native.native_decide.ax_1_1",
        "Erdos85.H3TripleCompletion.triplePart_384_123._native.native_decide.ax_1_1",
        "Erdos85.H3TripleCompletion.triplePart_384_124._native.native_decide.ax_1_1",
        "Erdos85.H3TripleCompletion.triplePart_384_125._native.native_decide.ax_1_1",
        "Erdos85.H3TripleCompletion.triplePart_384_126._native.native_decide.ax_1_1",
        "Erdos85.H3TripleCompletion.triplePart_384_127._native.native_decide.ax_1_1",
        "Erdos85.H3TripleCompletion.triplePart_384_128._native.native_decide.ax_1_1",
        "Erdos85.H3TripleCompletion.triplePart_384_129._native.native_decide.ax_1_1",
        "Erdos85.H3TripleCompletion.triplePart_384_130._native.native_decide.ax_1_1",
        "Erdos85.H3TripleCompletion.triplePart_384_131._native.native_decide.ax_1_1",
        "Erdos85.H3TripleCompletion.triplePart_384_132._native.native_decide.ax_1_1",
        "Erdos85.H3TripleCompletion.triplePart_384_133._native.native_decide.ax_1_1",
        "Erdos85.H3TripleCompletion.triplePart_384_134._native.native_decide.ax_1_1",
        "Erdos85.H3TripleCompletion.triplePart_384_135._native.native_decide.ax_1_1",
        "Erdos85.H3TripleCompletion.triplePart_384_136._native.native_decide.ax_1_1",
        "Erdos85.H3TripleCompletion.triplePart_384_137._native.native_decide.ax_1_1",
        "Erdos85.H3TripleCompletion.triplePart_384_138._native.native_decide.ax_1_1",
        "Erdos85.H3TripleCompletion.triplePart_384_139._native.native_decide.ax_1_1",
        "Erdos85.H3TripleCompletion.triplePart_384_140._native.native_decide.ax_1_1",
        "Erdos85.H3TripleCompletion.triplePart_384_141._native.native_decide.ax_1_1",
        "Erdos85.H3TripleCompletion.triplePart_384_142._native.native_decide.ax_1_1",
        "Erdos85.H3TripleCompletion.triplePart_384_143._native.native_decide.ax_1_1",
        "Erdos85.H3TripleCompletion.triplePart_384_144._native.native_decide.ax_1_1",
        "Erdos85.H3TripleCompletion.triplePart_384_145._native.native_decide.ax_1_1",
        "Erdos85.H3TripleCompletion.triplePart_384_146._native.native_decide.ax_1_1",
        "Erdos85.H3TripleCompletion.triplePart_384_147._native.native_decide.ax_1_1",
        "Erdos85.H3TripleCompletion.triplePart_384_148._native.native_decide.ax_1_1",
        "Erdos85.H3TripleCompletion.triplePart_384_149._native.native_decide.ax_1_1",
        "Erdos85.H3TripleCompletion.triplePart_384_150._native.native_decide.ax_1_1",
        "Erdos85.H3TripleCompletion.triplePart_384_151._native.native_decide.ax_1_1",
        "Erdos85.H3TripleCompletion.triplePart_384_152._native.native_decide.ax_1_1",
        "Erdos85.H3TripleCompletion.triplePart_384_153._native.native_decide.ax_1_1",
        "Erdos85.H3TripleCompletion.triplePart_384_154._native.native_decide.ax_1_1",
        "Erdos85.H3TripleCompletion.triplePart_384_155._native.native_decide.ax_1_1",
        "Erdos85.H3TripleCompletion.triplePart_384_156._native.native_decide.ax_1_1",
        "Erdos85.H3TripleCompletion.triplePart_384_157._native.native_decide.ax_1_1",
        "Erdos85.H3TripleCompletion.triplePart_384_158._native.native_decide.ax_1_1",
        "Erdos85.H3TripleCompletion.triplePart_384_159._native.native_decide.ax_1_1",
        "Erdos85.H3TripleCompletion.triplePart_384_160._native.native_decide.ax_1_1",
        "Erdos85.H3TripleCompletion.triplePart_384_161._native.native_decide.ax_1_1",
        "Erdos85.H3TripleCompletion.triplePart_384_162._native.native_decide.ax_1_1",
        "Erdos85.H3TripleCompletion.triplePart_384_163._native.native_decide.ax_1_1",
        "Erdos85.H3TripleCompletion.triplePart_384_164._native.native_decide.ax_1_1",
        "Erdos85.H3TripleCompletion.triplePart_384_165._native.native_decide.ax_1_1",
        "Erdos85.H3TripleCompletion.triplePart_384_166._native.native_decide.ax_1_1",
        "Erdos85.H3TripleCompletion.triplePart_384_167._native.native_decide.ax_1_1",
        "Erdos85.H3TripleCompletion.triplePart_384_168._native.native_decide.ax_1_1",
        "Erdos85.H3TripleCompletion.triplePart_384_169._native.native_decide.ax_1_1",
        "Erdos85.H3TripleCompletion.triplePart_384_170._native.native_decide.ax_1_1",
        "Erdos85.H3TripleCompletion.triplePart_384_171._native.native_decide.ax_1_1",
        "Erdos85.H3TripleCompletion.triplePart_384_172._native.native_decide.ax_1_1",
        "Erdos85.H3TripleCompletion.triplePart_384_173._native.native_decide.ax_1_1",
        "Erdos85.H3TripleCompletion.triplePart_384_174._native.native_decide.ax_1_1",
        "Erdos85.H3TripleCompletion.triplePart_384_175._native.native_decide.ax_1_1",
        "Erdos85.H3TripleCompletion.triplePart_384_176._native.native_decide.ax_1_1",
        "Erdos85.H3TripleCompletion.triplePart_384_177._native.native_decide.ax_1_1",
        "Erdos85.H3TripleCompletion.triplePart_384_178._native.native_decide.ax_1_1",
        "Erdos85.H3TripleCompletion.triplePart_384_179._native.native_decide.ax_1_1",
        "Erdos85.H3TripleCompletion.triplePart_384_180._native.native_decide.ax_1_1",
        "Erdos85.H3TripleCompletion.triplePart_384_181._native.native_decide.ax_1_1",
        "Erdos85.H3TripleCompletion.triplePart_384_182._native.native_decide.ax_1_1",
        "Erdos85.H3TripleCompletion.triplePart_384_183._native.native_decide.ax_1_1",
        "Erdos85.H3TripleCompletion.triplePart_384_184._native.native_decide.ax_1_1",
        "Erdos85.H3TripleCompletion.triplePart_384_185._native.native_decide.ax_1_1",
        "Erdos85.H3TripleCompletion.triplePart_384_186._native.native_decide.ax_1_1",
        "Erdos85.H3TripleCompletion.triplePart_384_187._native.native_decide.ax_1_1",
        "Erdos85.H3TripleCompletion.triplePart_384_188._native.native_decide.ax_1_1",
        "Erdos85.H3TripleCompletion.triplePart_384_189._native.native_decide.ax_1_1",
        "Erdos85.H3TripleCompletion.triplePart_384_190._native.native_decide.ax_1_1",
        "Erdos85.H3TripleCompletion.triplePart_384_191._native.native_decide.ax_1_1",
        "Erdos85.H3TripleCompletion.triplePart_384_192._native.native_decide.ax_1_1",
        "Erdos85.H3TripleCompletion.triplePart_384_193._native.native_decide.ax_1_1",
        "Erdos85.H3TripleCompletion.triplePart_384_194._native.native_decide.ax_1_1",
        "Erdos85.H3TripleCompletion.triplePart_384_195._native.native_decide.ax_1_1",
        "Erdos85.H3TripleCompletion.triplePart_384_196._native.native_decide.ax_1_1",
        "Erdos85.H3TripleCompletion.triplePart_384_197._native.native_decide.ax_1_1",
        "Erdos85.H3TripleCompletion.triplePart_384_198._native.native_decide.ax_1_1",
        "Erdos85.H3TripleCompletion.triplePart_384_199._native.native_decide.ax_1_1",
        "Erdos85.H3TripleCompletion.triplePart_384_200._native.native_decide.ax_1_1",
        "Erdos85.H3TripleCompletion.triplePart_384_201._native.native_decide.ax_1_1",
        "Erdos85.H3TripleCompletion.triplePart_384_202._native.native_decide.ax_1_1",
        "Erdos85.H3TripleCompletion.triplePart_384_203._native.native_decide.ax_1_1",
        "Erdos85.H3TripleCompletion.triplePart_384_204._native.native_decide.ax_1_1",
        "Erdos85.H3TripleCompletion.triplePart_384_205._native.native_decide.ax_1_1",
        "Erdos85.H3TripleCompletion.triplePart_384_206._native.native_decide.ax_1_1",
        "Erdos85.H3TripleCompletion.triplePart_384_207._native.native_decide.ax_1_1",
        "Erdos85.H3TripleCompletion.triplePart_384_208._native.native_decide.ax_1_1",
        "Erdos85.H3TripleCompletion.triplePart_384_209._native.native_decide.ax_1_1",
        "Erdos85.H3TripleCompletion.triplePart_384_210._native.native_decide.ax_1_1",
        "Erdos85.H3TripleCompletion.triplePart_384_211._native.native_decide.ax_1_1",
        "Erdos85.H3TripleCompletion.triplePart_384_212._native.native_decide.ax_1_1",
        "Erdos85.H3TripleCompletion.triplePart_384_213._native.native_decide.ax_1_1",
        "Erdos85.H3TripleCompletion.triplePart_384_214._native.native_decide.ax_1_1",
        "Erdos85.H3TripleCompletion.triplePart_384_215._native.native_decide.ax_1_1",
        "Erdos85.H3TripleCompletion.triplePart_384_216._native.native_decide.ax_1_1",
        "Erdos85.H3TripleCompletion.triplePart_384_217._native.native_decide.ax_1_1",
        "Erdos85.H3TripleCompletion.triplePart_384_218._native.native_decide.ax_1_1",
        "Erdos85.H3TripleCompletion.triplePart_384_219._native.native_decide.ax_1_1",
        "Erdos85.H3TripleCompletion.triplePart_384_220._native.native_decide.ax_1_1",
        "Erdos85.H3TripleCompletion.triplePart_384_221._native.native_decide.ax_1_1",
        "Erdos85.H3TripleCompletion.triplePart_384_222._native.native_decide.ax_1_1",
        "Erdos85.H3TripleCompletion.triplePart_384_223._native.native_decide.ax_1_1",
        "Erdos85.H3TripleCompletion.triplePart_384_224._native.native_decide.ax_1_1",
        "Erdos85.H3TripleCompletion.triplePart_384_225._native.native_decide.ax_1_1",
        "Erdos85.H3TripleCompletion.triplePart_384_226._native.native_decide.ax_1_1",
        "Erdos85.H3TripleCompletion.triplePart_384_227._native.native_decide.ax_1_1",
        "Erdos85.H3TripleCompletion.triplePart_384_228._native.native_decide.ax_1_1",
        "Erdos85.H3TripleCompletion.triplePart_384_229._native.native_decide.ax_1_1",
        "Erdos85.H3TripleCompletion.triplePart_384_230._native.native_decide.ax_1_1",
        "Erdos85.H3TripleCompletion.triplePart_384_231._native.native_decide.ax_1_1",
        "Erdos85.H3TripleCompletion.triplePart_384_232._native.native_decide.ax_1_1",
        "Erdos85.H3TripleCompletion.triplePart_384_233._native.native_decide.ax_1_1",
        "Erdos85.H3TripleCompletion.triplePart_384_234._native.native_decide.ax_1_1",
        "Erdos85.H3TripleCompletion.triplePart_384_235._native.native_decide.ax_1_1",
        "Erdos85.H3TripleCompletion.triplePart_384_236._native.native_decide.ax_1_1",
        "Erdos85.H3TripleCompletion.triplePart_384_237._native.native_decide.ax_1_1",
        "Erdos85.H3TripleCompletion.triplePart_384_238._native.native_decide.ax_1_1",
        "Erdos85.H3TripleCompletion.triplePart_384_239._native.native_decide.ax_1_1",
        "Erdos85.H3TripleCompletion.triplePart_384_240._native.native_decide.ax_1_1",
        "Erdos85.H3TripleCompletion.triplePart_384_241._native.native_decide.ax_1_1",
        "Erdos85.H3TripleCompletion.triplePart_384_242._native.native_decide.ax_1_1",
        "Erdos85.H3TripleCompletion.triplePart_384_243._native.native_decide.ax_1_1",
        "Erdos85.H3TripleCompletion.triplePart_384_244._native.native_decide.ax_1_1",
        "Erdos85.H3TripleCompletion.triplePart_384_245._native.native_decide.ax_1_1",
        "Erdos85.H3TripleCompletion.triplePart_384_246._native.native_decide.ax_1_1",
        "Erdos85.H3TripleCompletion.triplePart_384_247._native.native_decide.ax_1_1",
        "Erdos85.H3TripleCompletion.triplePart_384_248._native.native_decide.ax_1_1",
        "Erdos85.H3TripleCompletion.triplePart_384_249._native.native_decide.ax_1_1",
        "Erdos85.H3TripleCompletion.triplePart_384_250._native.native_decide.ax_1_1",
        "Erdos85.H3TripleCompletion.triplePart_384_251._native.native_decide.ax_1_1",
        "Erdos85.H3TripleCompletion.triplePart_384_252._native.native_decide.ax_1_1",
        "Erdos85.H3TripleCompletion.triplePart_384_253._native.native_decide.ax_1_1",
        "Erdos85.H3TripleCompletion.triplePart_384_254._native.native_decide.ax_1_1",
        "Erdos85.H3TripleCompletion.triplePart_384_255._native.native_decide.ax_1_1",
        "Erdos85.H3TripleCompletion.triplePart_384_256._native.native_decide.ax_1_1",
        "Erdos85.H3TripleCompletion.triplePart_384_257._native.native_decide.ax_1_1",
        "Erdos85.H3TripleCompletion.triplePart_384_258._native.native_decide.ax_1_1",
        "Erdos85.H3TripleCompletion.triplePart_384_259._native.native_decide.ax_1_1",
        "Erdos85.H3TripleCompletion.triplePart_384_260._native.native_decide.ax_1_1",
        "Erdos85.H3TripleCompletion.triplePart_384_261._native.native_decide.ax_1_1",
        "Erdos85.H3TripleCompletion.triplePart_384_262._native.native_decide.ax_1_1",
        "Erdos85.H3TripleCompletion.triplePart_384_263._native.native_decide.ax_1_1",
        "Erdos85.H3TripleCompletion.triplePart_384_264._native.native_decide.ax_1_1",
        "Erdos85.H3TripleCompletion.triplePart_384_265._native.native_decide.ax_1_1",
        "Erdos85.H3TripleCompletion.triplePart_384_266._native.native_decide.ax_1_1",
        "Erdos85.H3TripleCompletion.triplePart_384_267._native.native_decide.ax_1_1",
        "Erdos85.H3TripleCompletion.triplePart_384_268._native.native_decide.ax_1_1",
        "Erdos85.H3TripleCompletion.triplePart_384_269._native.native_decide.ax_1_1",
        "Erdos85.H3TripleCompletion.triplePart_384_270._native.native_decide.ax_1_1",
        "Erdos85.H3TripleCompletion.triplePart_384_271._native.native_decide.ax_1_1",
        "Erdos85.H3TripleCompletion.triplePart_384_272._native.native_decide.ax_1_1",
        "Erdos85.H3TripleCompletion.triplePart_384_273._native.native_decide.ax_1_1",
        "Erdos85.H3TripleCompletion.triplePart_384_274._native.native_decide.ax_1_1",
        "Erdos85.H3TripleCompletion.triplePart_384_275._native.native_decide.ax_1_1",
        "Erdos85.H3TripleCompletion.triplePart_384_276._native.native_decide.ax_1_1",
        "Erdos85.H3TripleCompletion.triplePart_384_277._native.native_decide.ax_1_1",
        "Erdos85.H3TripleCompletion.triplePart_384_278._native.native_decide.ax_1_1",
        "Erdos85.H3TripleCompletion.triplePart_384_279._native.native_decide.ax_1_1",
        "Erdos85.H3TripleCompletion.triplePart_384_280._native.native_decide.ax_1_1",
        "Erdos85.H3TripleCompletion.triplePart_384_281._native.native_decide.ax_1_1",
        "Erdos85.H3TripleCompletion.triplePart_384_282._native.native_decide.ax_1_1",
        "Erdos85.H3TripleCompletion.triplePart_384_283._native.native_decide.ax_1_1",
        "Erdos85.H3TripleCompletion.triplePart_384_284._native.native_decide.ax_1_1",
        "Erdos85.H3TripleCompletion.triplePart_384_285._native.native_decide.ax_1_1",
        "Erdos85.H3TripleCompletion.triplePart_384_286._native.native_decide.ax_1_1",
        "Erdos85.H3TripleCompletion.triplePart_384_287._native.native_decide.ax_1_1",
        "Erdos85.H3TripleCompletion.triplePart_384_288._native.native_decide.ax_1_1",
        "Erdos85.H3TripleCompletion.triplePart_384_289._native.native_decide.ax_1_1",
        "Erdos85.H3TripleCompletion.triplePart_384_290._native.native_decide.ax_1_1",
        "Erdos85.H3TripleCompletion.triplePart_384_291._native.native_decide.ax_1_1",
        "Erdos85.H3TripleCompletion.triplePart_384_292._native.native_decide.ax_1_1",
        "Erdos85.H3TripleCompletion.triplePart_384_293._native.native_decide.ax_1_1",
        "Erdos85.H3TripleCompletion.triplePart_384_294._native.native_decide.ax_1_1",
        "Erdos85.H3TripleCompletion.triplePart_384_295._native.native_decide.ax_1_1",
        "Erdos85.H3TripleCompletion.triplePart_384_296._native.native_decide.ax_1_1",
        "Erdos85.H3TripleCompletion.triplePart_384_297._native.native_decide.ax_1_1",
        "Erdos85.H3TripleCompletion.triplePart_384_298._native.native_decide.ax_1_1",
        "Erdos85.H3TripleCompletion.triplePart_384_299._native.native_decide.ax_1_1",
        "Erdos85.H3TripleCompletion.triplePart_384_300._native.native_decide.ax_1_1",
        "Erdos85.H3TripleCompletion.triplePart_384_301._native.native_decide.ax_1_1",
        "Erdos85.H3TripleCompletion.triplePart_384_302._native.native_decide.ax_1_1",
        "Erdos85.H3TripleCompletion.triplePart_384_303._native.native_decide.ax_1_1",
        "Erdos85.H3TripleCompletion.triplePart_384_304._native.native_decide.ax_1_1",
        "Erdos85.H3TripleCompletion.triplePart_384_305._native.native_decide.ax_1_1",
        "Erdos85.H3TripleCompletion.triplePart_384_306._native.native_decide.ax_1_1",
        "Erdos85.H3TripleCompletion.triplePart_384_307._native.native_decide.ax_1_1",
        "Erdos85.H3TripleCompletion.triplePart_384_308._native.native_decide.ax_1_1",
        "Erdos85.H3TripleCompletion.triplePart_384_309._native.native_decide.ax_1_1",
        "Erdos85.H3TripleCompletion.triplePart_384_310._native.native_decide.ax_1_1",
        "Erdos85.H3TripleCompletion.triplePart_384_311._native.native_decide.ax_1_1",
        "Erdos85.H3TripleCompletion.triplePart_384_312._native.native_decide.ax_1_1",
        "Erdos85.H3TripleCompletion.triplePart_384_313._native.native_decide.ax_1_1",
        "Erdos85.H3TripleCompletion.triplePart_384_314._native.native_decide.ax_1_1",
        "Erdos85.H3TripleCompletion.triplePart_384_315._native.native_decide.ax_1_1",
        "Erdos85.H3TripleCompletion.triplePart_384_316._native.native_decide.ax_1_1",
        "Erdos85.H3TripleCompletion.triplePart_384_317._native.native_decide.ax_1_1",
        "Erdos85.H3TripleCompletion.triplePart_384_318._native.native_decide.ax_1_1",
        "Erdos85.H3TripleCompletion.triplePart_384_319._native.native_decide.ax_1_1",
        "Erdos85.H3TripleCompletion.triplePart_384_320._native.native_decide.ax_1_1",
        "Erdos85.H3TripleCompletion.triplePart_384_321._native.native_decide.ax_1_1",
        "Erdos85.H3TripleCompletion.triplePart_384_322._native.native_decide.ax_1_1",
        "Erdos85.H3TripleCompletion.triplePart_384_323._native.native_decide.ax_1_1",
        "Erdos85.H3TripleCompletion.triplePart_384_324._native.native_decide.ax_1_1",
        "Erdos85.H3TripleCompletion.triplePart_384_325._native.native_decide.ax_1_1",
        "Erdos85.H3TripleCompletion.triplePart_384_326._native.native_decide.ax_1_1",
        "Erdos85.H3TripleCompletion.triplePart_384_327._native.native_decide.ax_1_1",
        "Erdos85.H3TripleCompletion.triplePart_384_328._native.native_decide.ax_1_1",
        "Erdos85.H3TripleCompletion.triplePart_384_329._native.native_decide.ax_1_1",
        "Erdos85.H3TripleCompletion.triplePart_384_330._native.native_decide.ax_1_1",
        "Erdos85.H3TripleCompletion.triplePart_384_331._native.native_decide.ax_1_1",
        "Erdos85.H3TripleCompletion.triplePart_384_332._native.native_decide.ax_1_1",
        "Erdos85.H3TripleCompletion.triplePart_384_333._native.native_decide.ax_1_1",
        "Erdos85.H3TripleCompletion.triplePart_384_334._native.native_decide.ax_1_1",
        "Erdos85.H3TripleCompletion.triplePart_384_335._native.native_decide.ax_1_1",
        "Erdos85.H3TripleCompletion.triplePart_384_336._native.native_decide.ax_1_1",
        "Erdos85.H3TripleCompletion.triplePart_384_337._native.native_decide.ax_1_1",
        "Erdos85.H3TripleCompletion.triplePart_384_338._native.native_decide.ax_1_1",
        "Erdos85.H3TripleCompletion.triplePart_384_339._native.native_decide.ax_1_1",
        "Erdos85.H3TripleCompletion.triplePart_384_340._native.native_decide.ax_1_1",
        "Erdos85.H3TripleCompletion.triplePart_384_341._native.native_decide.ax_1_1",
        "Erdos85.H3TripleCompletion.triplePart_384_342._native.native_decide.ax_1_1",
        "Erdos85.H3TripleCompletion.triplePart_384_343._native.native_decide.ax_1_1",
        "Erdos85.H3TripleCompletion.triplePart_384_344._native.native_decide.ax_1_1",
        "Erdos85.H3TripleCompletion.triplePart_384_345._native.native_decide.ax_1_1",
        "Erdos85.H3TripleCompletion.triplePart_384_346._native.native_decide.ax_1_1",
        "Erdos85.H3TripleCompletion.triplePart_384_347._native.native_decide.ax_1_1",
        "Erdos85.H3TripleCompletion.triplePart_384_348._native.native_decide.ax_1_1",
        "Erdos85.H3TripleCompletion.triplePart_384_349._native.native_decide.ax_1_1",
        "Erdos85.H3TripleCompletion.triplePart_384_350._native.native_decide.ax_1_1",
        "Erdos85.H3TripleCompletion.triplePart_384_351._native.native_decide.ax_1_1",
        "Erdos85.H3TripleCompletion.triplePart_384_352._native.native_decide.ax_1_1",
        "Erdos85.H3TripleCompletion.triplePart_384_353._native.native_decide.ax_1_1",
        "Erdos85.H3TripleCompletion.triplePart_384_354._native.native_decide.ax_1_1",
        "Erdos85.H3TripleCompletion.triplePart_384_355._native.native_decide.ax_1_1",
        "Erdos85.H3TripleCompletion.triplePart_384_356._native.native_decide.ax_1_1",
        "Erdos85.H3TripleCompletion.triplePart_384_357._native.native_decide.ax_1_1",
        "Erdos85.H3TripleCompletion.triplePart_384_358._native.native_decide.ax_1_1",
        "Erdos85.H3TripleCompletion.triplePart_384_359._native.native_decide.ax_1_1",
        "Erdos85.H3TripleCompletion.triplePart_384_360._native.native_decide.ax_1_1",
        "Erdos85.H3TripleCompletion.triplePart_384_361._native.native_decide.ax_1_1",
        "Erdos85.H3TripleCompletion.triplePart_384_362._native.native_decide.ax_1_1",
        "Erdos85.H3TripleCompletion.triplePart_384_363._native.native_decide.ax_1_1",
        "Erdos85.H3TripleCompletion.triplePart_384_364._native.native_decide.ax_1_1",
        "Erdos85.H3TripleCompletion.triplePart_384_365._native.native_decide.ax_1_1",
        "Erdos85.H3TripleCompletion.triplePart_384_366._native.native_decide.ax_1_1",
        "Erdos85.H3TripleCompletion.triplePart_384_367._native.native_decide.ax_1_1",
        "Erdos85.H3TripleCompletion.triplePart_384_368._native.native_decide.ax_1_1",
        "Erdos85.H3TripleCompletion.triplePart_384_369._native.native_decide.ax_1_1",
        "Erdos85.H3TripleCompletion.triplePart_384_370._native.native_decide.ax_1_1",
        "Erdos85.H3TripleCompletion.triplePart_384_371._native.native_decide.ax_1_1",
        "Erdos85.H3TripleCompletion.triplePart_384_372._native.native_decide.ax_1_1",
        "Erdos85.H3TripleCompletion.triplePart_384_373._native.native_decide.ax_1_1",
        "Erdos85.H3TripleCompletion.triplePart_384_374._native.native_decide.ax_1_1",
        "Erdos85.H3TripleCompletion.triplePart_384_375._native.native_decide.ax_1_1",
        "Erdos85.H3TripleCompletion.triplePart_384_376._native.native_decide.ax_1_1",
        "Erdos85.H3TripleCompletion.triplePart_384_377._native.native_decide.ax_1_1",
        "Erdos85.H3TripleCompletion.triplePart_384_378._native.native_decide.ax_1_1",
        "Erdos85.H3TripleCompletion.triplePart_384_379._native.native_decide.ax_1_1",
        "Erdos85.H3TripleCompletion.triplePart_384_380._native.native_decide.ax_1_1",
        "Erdos85.H3TripleCompletion.triplePart_384_381._native.native_decide.ax_1_1",
        "Erdos85.H3TripleCompletion.triplePart_384_382._native.native_decide.ax_1_1",
        "Erdos85.H3TripleCompletion.triplePart_384_383._native.native_decide.ax_1_1",
        "Erdos85.H5.cellPartF_0_4_16_00._native.native_decide.ax_1_1",
        "Erdos85.H5.cellPartF_0_4_16_01._native.native_decide.ax_1_1",
        "Erdos85.H5.cellPartF_0_4_16_02._native.native_decide.ax_1_1",
        "Erdos85.H5.cellPartF_0_4_16_03._native.native_decide.ax_1_1",
        "Erdos85.H5.cellPartF_0_4_16_04._native.native_decide.ax_1_1",
        "Erdos85.H5.cellPartF_0_4_16_05._native.native_decide.ax_1_1",
        "Erdos85.H5.cellPartF_0_4_16_06._native.native_decide.ax_1_1",
        "Erdos85.H5.cellPartF_0_4_16_07._native.native_decide.ax_1_1",
        "Erdos85.H5.cellPartF_0_4_16_08._native.native_decide.ax_1_1",
        "Erdos85.H5.cellPartF_0_4_16_09._native.native_decide.ax_1_1",
        "Erdos85.H5.cellPartF_0_4_16_10._native.native_decide.ax_1_1",
        "Erdos85.H5.cellPartF_0_4_16_11._native.native_decide.ax_1_1",
        "Erdos85.H5.cellPartF_0_4_16_12._native.native_decide.ax_1_1",
        "Erdos85.H5.cellPartF_0_4_16_13._native.native_decide.ax_1_1",
        "Erdos85.H5.cellPartF_0_4_16_14._native.native_decide.ax_1_1",
        "Erdos85.H5.cellPartF_0_4_16_15._native.native_decide.ax_1_1",
        "Erdos85.H5.cellPartF_1_6_16_00._native.native_decide.ax_1_1",
        "Erdos85.H5.cellPartF_1_6_16_01._native.native_decide.ax_1_1",
        "Erdos85.H5.cellPartF_1_6_16_02._native.native_decide.ax_1_1",
        "Erdos85.H5.cellPartF_1_6_16_03._native.native_decide.ax_1_1",
        "Erdos85.H5.cellPartF_1_6_16_04._native.native_decide.ax_1_1",
        "Erdos85.H5.cellPartF_1_6_16_05._native.native_decide.ax_1_1",
        "Erdos85.H5.cellPartF_1_6_16_06._native.native_decide.ax_1_1",
        "Erdos85.H5.cellPartF_1_6_16_07._native.native_decide.ax_1_1",
        "Erdos85.H5.cellPartF_1_6_16_08._native.native_decide.ax_1_1",
        "Erdos85.H5.cellPartF_1_6_16_09._native.native_decide.ax_1_1",
        "Erdos85.H5.cellPartF_1_6_16_10._native.native_decide.ax_1_1",
        "Erdos85.H5.cellPartF_1_6_16_11._native.native_decide.ax_1_1",
        "Erdos85.H5.cellPartF_1_6_16_12._native.native_decide.ax_1_1",
        "Erdos85.H5.cellPartF_1_6_16_13._native.native_decide.ax_1_1",
        "Erdos85.H5.cellPartF_1_6_16_14._native.native_decide.ax_1_1",
        "Erdos85.H5.cellPartF_1_6_16_15._native.native_decide.ax_1_1",
        "Erdos85.H5.cellPartF_2_12_8_00._native.native_decide.ax_1_1",
        "Erdos85.H5.cellPartF_2_12_8_01._native.native_decide.ax_1_1",
        "Erdos85.H5.cellPartF_2_12_8_02._native.native_decide.ax_1_1",
        "Erdos85.H5.cellPartF_2_12_8_03._native.native_decide.ax_1_1",
        "Erdos85.H5.cellPartF_2_12_8_04._native.native_decide.ax_1_1",
        "Erdos85.H5.cellPartF_2_12_8_05._native.native_decide.ax_1_1",
        "Erdos85.H5.cellPartF_2_12_8_06._native.native_decide.ax_1_1",
        "Erdos85.H5.cellPartF_2_12_8_07._native.native_decide.ax_1_1"
      ]
    },
    {
      "theorem": "Erdos85.minDegreeForC4_fortyEight_fortyNine_exact_of_h1_h7Evidence",
      "axioms": [
        "propext",
        "Classical.choice",
        "Quot.sound",
        "Erdos85.boza48Graph._native.native_decide.ax_1",
        "Erdos85.boza48Graph_common_le_one._native.native_decide.ax_1_1",
        "Erdos85.boza48Graph_degree._native.native_decide.ax_1_1",
        "Erdos85.card_filter_oneHighCanonicalBranchAdj._native.native_decide.ax_1_1",
        "Erdos85.enumerateOneHighTableValues_complete._native.native_decide.ax_1_1",
        "Erdos85.extend_five_linear_triples_canonical._native.native_decide.ax_1_1",
        "Erdos85.extend_five_linear_triples_canonical._native.native_decide.ax_1_2",
        "Erdos85.extend_four_linear_triples_canonical._native.native_decide.ax_1_1",
        "Erdos85.extend_four_linear_triples_canonical._native.native_decide.ax_1_2",
        "Erdos85.extend_four_linear_triples_canonical._native.native_decide.ax_1_3",
        "Erdos85.extend_six_linear_triples_canonical._native.native_decide.ax_1_1",
        "Erdos85.finEight_standardMate_canonicalize_marked._native.native_decide.ax_1_1",
        "Erdos85.finFive_exists_canonical_lex_perm._native.native_decide.ax_1_1",
        "Erdos85.finFive_matchingBits_canonical._native.native_decide.ax_1_1",
        "Erdos85.fiveHighCanonicalFiberCover_one._native.native_decide.ax_1_1",
        "Erdos85.fiveHighCanonicalFiberCover_two._native.native_decide.ax_1_1",
        "Erdos85.fiveHighCanonicalFiberCover_two._native.native_decide.ax_1_2",
        "Erdos85.fiveHighCanonicalFiberCover_zero._native.native_decide.ax_1_1",
        "Erdos85.fiveHigh_t0_mask_key_fiber_card._native.native_decide.ax_1_1",
        "Erdos85.fiveHigh_t1_mask_key_fiber_card._native.native_decide.ax_1_1",
        "Erdos85.fiveHigh_t2_local_triple_card._native.native_decide.ax_1_10",
        "Erdos85.fiveHigh_t2_local_triple_card._native.native_decide.ax_1_11",
        "Erdos85.fiveHigh_t2_local_triple_card._native.native_decide.ax_1_12",
        "Erdos85.fiveHigh_t2_local_triple_card._native.native_decide.ax_1_13",
        "Erdos85.fiveHigh_t2_local_triple_card._native.native_decide.ax_1_4",
        "Erdos85.fiveHigh_t2_local_triple_card._native.native_decide.ax_1_5",
        "Erdos85.fiveHigh_t2_local_triple_card._native.native_decide.ax_1_6",
        "Erdos85.fiveHigh_t2_local_triple_card._native.native_decide.ax_1_7",
        "Erdos85.fiveHigh_t2_local_triple_card._native.native_decide.ax_1_8",
        "Erdos85.fiveHigh_t2_local_triple_card._native.native_decide.ax_1_9",
        "Erdos85.fiveHigh_t2_mask_key_fiber_card._native.native_decide.ax_1_1",
        "Erdos85.fiveHigh_t2_mask_key_fiber_card._native.native_decide.ax_1_2",
        "Erdos85.fixed_first_four_linear_triples_canonical_packed._native.native_decide.ax_1_1",
        "Erdos85.fixed_first_three_linear_triples_canonical._native.native_decide.ax_1_1",
        "Erdos85.oneHighBranchEdgeIndex_eq_iff._native.native_decide.ax_1_1",
        "Erdos85.oneHighBranchEdgeIndex_lt._native.native_decide.ax_1_1",
        "Erdos85.oneHighFamilyV2LowerTablePairs_mem_bounds._native.native_decide.ax_1_1",
        "Erdos85.oneHighFamily_xor_one_lt_eight._native.native_decide.ax_1_1",
        "Erdos85.oneHighInventoryRows_relevant_lt_five._native.native_decide.ax_1_1",
        "Erdos85.oneHighPrunedEnumRawKeySet_eq_inventoryOrbit_four._native.native_decide.ax_1_1",
        "Erdos85.oneHighPrunedEnumRawKeySet_eq_inventoryOrbit_one._native.native_decide.ax_1_1",
        "Erdos85.oneHighPrunedEnumRawKeySet_eq_inventoryOrbit_three._native.native_decide.ax_1_1",
        "Erdos85.oneHighPrunedEnumRawKeySet_eq_inventoryOrbit_two._native.native_decide.ax_1_1",
        "Erdos85.oneHighPrunedEnumRawKeySet_eq_inventoryOrbit_zero._native.native_decide.ax_1_1",
        "Erdos85.oneHighPrunedEnumeratorComplete._native.native_decide.ax_1_1",
        "Erdos85.oneHighRelevantPairList_complete._native.native_decide.ax_1_1",
        "Erdos85.oneHighRelevantPairList_nodup._native.native_decide.ax_1_1",
        "Erdos85.oneHighRelevantPair_mem_tablePairs._native.native_decide.ax_1_1",
        "Erdos85.oneHighStandardMate_even_pair._native.native_decide.ax_1_1",
        "Erdos85.oneHighStandardMate_even_pair._native.native_decide.ax_1_2",
        "Erdos85.oneHighStandardMate_even_pair._native.native_decide.ax_1_3",
        "Erdos85.oneHighStandardMate_even_pair._native.native_decide.ax_1_4",
        "Erdos85.orderFortyNineDegreeBlocks_seven_nonzero._native.native_decide.ax_1_1",
        "Erdos85.orderFortyNineDegreeSixGraph._native.native_decide.ax_1",
        "Erdos85.orderFortyNineDegreeSixGraph_common_le_one._native.native_decide.ax_1_1",
        "Erdos85.orderFortyNineDegreeSixGraph_degree_ge._native.native_decide.ax_1_1",
        "Erdos85.orderFortyNineH7HighPairs_ne._native.native_decide.ax_1_1",
        "Erdos85.orderFortyNineT2RepA_check._native.native_decide.ax_1_1",
        "Erdos85.orderFortyNineT2RepB_check._native.native_decide.ax_1_1",
        "Erdos85.orderFortyNineT3Rep0_check._native.native_decide.ax_1_1",
        "Erdos85.orderFortyNineT3Rep1_check._native.native_decide.ax_1_1",
        "Erdos85.orderFortyNineT3Rep2_check._native.native_decide.ax_1_1",
        "Erdos85.orderFortyNineT3Rep3_check._native.native_decide.ax_1_1",
        "Erdos85.orderFortyNineT3Rep4_check._native.native_decide.ax_1_1",
        "Erdos85.orderFortyNineT4Rep0_check._native.native_decide.ax_1_1",
        "Erdos85.orderFortyNineT4Rep10_check._native.native_decide.ax_1_1",
        "Erdos85.orderFortyNineT4Rep1_check._native.native_decide.ax_1_1",
        "Erdos85.orderFortyNineT4Rep2_check._native.native_decide.ax_1_1",
        "Erdos85.orderFortyNineT4Rep3_check._native.native_decide.ax_1_1",
        "Erdos85.orderFortyNineT4Rep4_check._native.native_decide.ax_1_1",
        "Erdos85.orderFortyNineT4Rep5_check._native.native_decide.ax_1_1",
        "Erdos85.orderFortyNineT4Rep6_check._native.native_decide.ax_1_1",
        "Erdos85.orderFortyNineT4Rep7_check._native.native_decide.ax_1_1",
        "Erdos85.orderFortyNineT4Rep8_check._native.native_decide.ax_1_1",
        "Erdos85.orderFortyNineT4Rep9_check._native.native_decide.ax_1_1",
        "Erdos85.sevenHighCanonicalFiberCover_five._native.native_decide.ax_1_1",
        "Erdos85.sevenHighCanonicalFiberCover_five._native.native_decide.ax_1_2",
        "Erdos85.sevenHighCanonicalFiberCover_five._native.native_decide.ax_1_3",
        "Erdos85.sevenHighCanonicalFiberCover_five._native.native_decide.ax_1_4",
        "Erdos85.sevenHighCanonicalFiberCover_four._native.native_decide.ax_1_1",
        "Erdos85.sevenHighCanonicalFiberCover_four._native.native_decide.ax_1_2",
        "Erdos85.sevenHighCanonicalFiberCover_four._native.native_decide.ax_1_3",
        "Erdos85.sevenHighCanonicalFiberCover_four._native.native_decide.ax_1_4",
        "Erdos85.sevenHighCanonicalFiberCover_four._native.native_decide.ax_1_5",
        "Erdos85.sevenHighCanonicalFiberCover_four._native.native_decide.ax_1_6",
        "Erdos85.sevenHighCanonicalFiberCover_one._native.native_decide.ax_1_1",
        "Erdos85.sevenHighCanonicalFiberCover_one._native.native_decide.ax_1_2",
        "Erdos85.sevenHighCanonicalFiberCover_seven._native.native_decide.ax_1_1",
        "Erdos85.sevenHighCanonicalFiberCover_seven._native.native_decide.ax_1_2",
        "Erdos85.sevenHighCanonicalFiberCover_six._native.native_decide.ax_1_1",
        "Erdos85.sevenHighCanonicalFiberCover_six._native.native_decide.ax_1_2",
        "Erdos85.sevenHighCanonicalFiberCover_three._native.native_decide.ax_1_1",
        "Erdos85.sevenHighCanonicalFiberCover_three._native.native_decide.ax_1_2",
        "Erdos85.sevenHighCanonicalFiberCover_three._native.native_decide.ax_1_3",
        "Erdos85.sevenHighCanonicalFiberCover_three._native.native_decide.ax_1_4",
        "Erdos85.sevenHighCanonicalFiberCover_three._native.native_decide.ax_1_5",
        "Erdos85.sevenHighCanonicalFiberCover_three._native.native_decide.ax_1_6",
        "Erdos85.sevenHighCanonicalFiberCover_two._native.native_decide.ax_1_1",
        "Erdos85.sevenHighCanonicalFiberCover_two._native.native_decide.ax_1_2",
        "Erdos85.sevenHighCanonicalFiberCover_two._native.native_decide.ax_1_3",
        "Erdos85.sevenHighCanonicalFiberCover_two._native.native_decide.ax_1_4",
        "Erdos85.sevenHighCanonicalFiberCover_zero._native.native_decide.ax_1_1",
        "Erdos85.sevenHighCanonicalFiberCover_zero._native.native_decide.ax_1_2",
        "Erdos85.sevenHighT0CanonicalEmptyPermutationAction_table._native.native_decide.ax_1_1",
        "Erdos85.sevenHighT0CanonicalEmptyRepresentative_orbit_cover._native.native_decide.ax_1_1",
        "Erdos85.sevenHighT1Rep0_check._native.native_decide.ax_1_1",
        "Erdos85.sevenHighT2Rep0_check._native.native_decide.ax_1_1",
        "Erdos85.sevenHighT2Rep1_check._native.native_decide.ax_1_1",
        "Erdos85.sevenHighT3Rep0_check._native.native_decide.ax_1_1",
        "Erdos85.sevenHighT3Rep1_check._native.native_decide.ax_1_1",
        "Erdos85.sevenHighT3Rep2_check._native.native_decide.ax_1_1",
        "Erdos85.sevenHighT3TripleSet_member_card._native.native_decide.ax_1_1",
        "Erdos85.sevenHighT3TripleSet_member_card._native.native_decide.ax_1_2",
        "Erdos85.sevenHighT3TripleSet_member_card._native.native_decide.ax_1_3",
        "Erdos85.sevenHighT4Rep0_check._native.native_decide.ax_1_1",
        "Erdos85.sevenHighT4Rep1_check._native.native_decide.ax_1_1",
        "Erdos85.sevenHighT4Rep2_check._native.native_decide.ax_1_1",
        "Erdos85.sevenHighT4TripleSet_member_card._native.native_decide.ax_1_1",
        "Erdos85.sevenHighT4TripleSet_member_card._native.native_decide.ax_1_2",
        "Erdos85.sevenHighT4TripleSet_member_card._native.native_decide.ax_1_3",
        "Erdos85.sevenHighT5Rep0_check._native.native_decide.ax_1_1",
        "Erdos85.sevenHighT5Rep1_check._native.native_decide.ax_1_1",
        "Erdos85.sevenHighT5TripleSet_member_card._native.native_decide.ax_1_1",
        "Erdos85.sevenHighT5TripleSet_member_card._native.native_decide.ax_1_2",
        "Erdos85.sevenHighT6Rep0_check._native.native_decide.ax_1_1",
        "Erdos85.sevenHighT6TripleSet_member_card._native.native_decide.ax_1_1",
        "Erdos85.sevenHighT7Rep0_check._native.native_decide.ax_1_1",
        "Erdos85.sevenHighT7TripleSet_member_card._native.native_decide.ax_1_1",
        "Erdos85.sevenHigh_t0_mask_key_fiber_card._native.native_decide.ax_1_1",
        "Erdos85.sevenHigh_t1_mask_key_fiber_card._native.native_decide.ax_1_1",
        "Erdos85.sevenHigh_t2_local_triple_card._native.native_decide.ax_1_10",
        "Erdos85.sevenHigh_t2_local_triple_card._native.native_decide.ax_1_11",
        "Erdos85.sevenHigh_t2_local_triple_card._native.native_decide.ax_1_12",
        "Erdos85.sevenHigh_t2_local_triple_card._native.native_decide.ax_1_13",
        "Erdos85.sevenHigh_t2_local_triple_card._native.native_decide.ax_1_14",
        "Erdos85.sevenHigh_t2_local_triple_card._native.native_decide.ax_1_15",
        "Erdos85.sevenHigh_t2_local_triple_card._native.native_decide.ax_1_16",
        "Erdos85.sevenHigh_t2_local_triple_card._native.native_decide.ax_1_17",
        "Erdos85.sevenHigh_t2_local_triple_card._native.native_decide.ax_1_4",
        "Erdos85.sevenHigh_t2_local_triple_card._native.native_decide.ax_1_5",
        "Erdos85.sevenHigh_t2_local_triple_card._native.native_decide.ax_1_6",
        "Erdos85.sevenHigh_t2_local_triple_card._native.native_decide.ax_1_7",
        "Erdos85.sevenHigh_t2_local_triple_card._native.native_decide.ax_1_8",
        "Erdos85.sevenHigh_t2_local_triple_card._native.native_decide.ax_1_9",
        "Erdos85.sevenHigh_t2_mask_key_fiber_card._native.native_decide.ax_1_1",
        "Erdos85.sevenHigh_t2_mask_key_fiber_card._native.native_decide.ax_1_2",
        "Erdos85.sevenHigh_t3_mask_key_fiber_card._native.native_decide.ax_1_1",
        "Erdos85.sevenHigh_t3_mask_key_fiber_card._native.native_decide.ax_1_2",
        "Erdos85.sevenHigh_t3_mask_key_fiber_card._native.native_decide.ax_1_3",
        "Erdos85.sevenHigh_t4_mask_key_fiber_card._native.native_decide.ax_1_1",
        "Erdos85.sevenHigh_t4_mask_key_fiber_card._native.native_decide.ax_1_2",
        "Erdos85.sevenHigh_t4_mask_key_fiber_card._native.native_decide.ax_1_3",
        "Erdos85.sevenHigh_t5_mask_key_fiber_card._native.native_decide.ax_1_1",
        "Erdos85.sevenHigh_t5_mask_key_fiber_card._native.native_decide.ax_1_2",
        "Erdos85.sevenHigh_t6_mask_key_fiber_card._native.native_decide.ax_1_1",
        "Erdos85.sevenHigh_t7_mask_key_fiber_card._native.native_decide.ax_1_1",
        "Erdos85.H3Pair.pairPart_24_00._native.native_decide.ax_1_1",
        "Erdos85.H3Pair.pairPart_24_01._native.native_decide.ax_1_1",
        "Erdos85.H3Pair.pairPart_24_02._native.native_decide.ax_1_1",
        "Erdos85.H3Pair.pairPart_24_03._native.native_decide.ax_1_1",
        "Erdos85.H3Pair.pairPart_24_04._native.native_decide.ax_1_1",
        "Erdos85.H3Pair.pairPart_24_05._native.native_decide.ax_1_1",
        "Erdos85.H3Pair.pairPart_24_06._native.native_decide.ax_1_1",
        "Erdos85.H3Pair.pairPart_24_07._native.native_decide.ax_1_1",
        "Erdos85.H3Pair.pairPart_24_08._native.native_decide.ax_1_1",
        "Erdos85.H3Pair.pairPart_24_09._native.native_decide.ax_1_1",
        "Erdos85.H3Pair.pairPart_24_10._native.native_decide.ax_1_1",
        "Erdos85.H3Pair.pairPart_24_11._native.native_decide.ax_1_1",
        "Erdos85.H3Pair.pairPart_24_12._native.native_decide.ax_1_1",
        "Erdos85.H3Pair.pairPart_24_13._native.native_decide.ax_1_1",
        "Erdos85.H3Pair.pairPart_24_14._native.native_decide.ax_1_1",
        "Erdos85.H3Pair.pairPart_24_15._native.native_decide.ax_1_1",
        "Erdos85.H3Pair.pairPart_24_16._native.native_decide.ax_1_1",
        "Erdos85.H3Pair.pairPart_24_17._native.native_decide.ax_1_1",
        "Erdos85.H3Pair.pairPart_24_18._native.native_decide.ax_1_1",
        "Erdos85.H3Pair.pairPart_24_19._native.native_decide.ax_1_1",
        "Erdos85.H3Pair.pairPart_24_20._native.native_decide.ax_1_1",
        "Erdos85.H3Pair.pairPart_24_21._native.native_decide.ax_1_1",
        "Erdos85.H3Pair.pairPart_24_22._native.native_decide.ax_1_1",
        "Erdos85.H3Pair.pairPart_24_23._native.native_decide.ax_1_1",
        "Erdos85.H3TripleCompletion.triplePart_384_000._native.native_decide.ax_1_1",
        "Erdos85.H3TripleCompletion.triplePart_384_001._native.native_decide.ax_1_1",
        "Erdos85.H3TripleCompletion.triplePart_384_002._native.native_decide.ax_1_1",
        "Erdos85.H3TripleCompletion.triplePart_384_003._native.native_decide.ax_1_1",
        "Erdos85.H3TripleCompletion.triplePart_384_004._native.native_decide.ax_1_1",
        "Erdos85.H3TripleCompletion.triplePart_384_005._native.native_decide.ax_1_1",
        "Erdos85.H3TripleCompletion.triplePart_384_006._native.native_decide.ax_1_1",
        "Erdos85.H3TripleCompletion.triplePart_384_007._native.native_decide.ax_1_1",
        "Erdos85.H3TripleCompletion.triplePart_384_008._native.native_decide.ax_1_1",
        "Erdos85.H3TripleCompletion.triplePart_384_009._native.native_decide.ax_1_1",
        "Erdos85.H3TripleCompletion.triplePart_384_010._native.native_decide.ax_1_1",
        "Erdos85.H3TripleCompletion.triplePart_384_011._native.native_decide.ax_1_1",
        "Erdos85.H3TripleCompletion.triplePart_384_012._native.native_decide.ax_1_1",
        "Erdos85.H3TripleCompletion.triplePart_384_013._native.native_decide.ax_1_1",
        "Erdos85.H3TripleCompletion.triplePart_384_014._native.native_decide.ax_1_1",
        "Erdos85.H3TripleCompletion.triplePart_384_015._native.native_decide.ax_1_1",
        "Erdos85.H3TripleCompletion.triplePart_384_016._native.native_decide.ax_1_1",
        "Erdos85.H3TripleCompletion.triplePart_384_017._native.native_decide.ax_1_1",
        "Erdos85.H3TripleCompletion.triplePart_384_018._native.native_decide.ax_1_1",
        "Erdos85.H3TripleCompletion.triplePart_384_019._native.native_decide.ax_1_1",
        "Erdos85.H3TripleCompletion.triplePart_384_020._native.native_decide.ax_1_1",
        "Erdos85.H3TripleCompletion.triplePart_384_021._native.native_decide.ax_1_1",
        "Erdos85.H3TripleCompletion.triplePart_384_022._native.native_decide.ax_1_1",
        "Erdos85.H3TripleCompletion.triplePart_384_023._native.native_decide.ax_1_1",
        "Erdos85.H3TripleCompletion.triplePart_384_024._native.native_decide.ax_1_1",
        "Erdos85.H3TripleCompletion.triplePart_384_025._native.native_decide.ax_1_1",
        "Erdos85.H3TripleCompletion.triplePart_384_026._native.native_decide.ax_1_1",
        "Erdos85.H3TripleCompletion.triplePart_384_027._native.native_decide.ax_1_1",
        "Erdos85.H3TripleCompletion.triplePart_384_028._native.native_decide.ax_1_1",
        "Erdos85.H3TripleCompletion.triplePart_384_029._native.native_decide.ax_1_1",
        "Erdos85.H3TripleCompletion.triplePart_384_030._native.native_decide.ax_1_1",
        "Erdos85.H3TripleCompletion.triplePart_384_031._native.native_decide.ax_1_1",
        "Erdos85.H3TripleCompletion.triplePart_384_032._native.native_decide.ax_1_1",
        "Erdos85.H3TripleCompletion.triplePart_384_033._native.native_decide.ax_1_1",
        "Erdos85.H3TripleCompletion.triplePart_384_034._native.native_decide.ax_1_1",
        "Erdos85.H3TripleCompletion.triplePart_384_035._native.native_decide.ax_1_1",
        "Erdos85.H3TripleCompletion.triplePart_384_036._native.native_decide.ax_1_1",
        "Erdos85.H3TripleCompletion.triplePart_384_037._native.native_decide.ax_1_1",
        "Erdos85.H3TripleCompletion.triplePart_384_038._native.native_decide.ax_1_1",
        "Erdos85.H3TripleCompletion.triplePart_384_039._native.native_decide.ax_1_1",
        "Erdos85.H3TripleCompletion.triplePart_384_040._native.native_decide.ax_1_1",
        "Erdos85.H3TripleCompletion.triplePart_384_041._native.native_decide.ax_1_1",
        "Erdos85.H3TripleCompletion.triplePart_384_042._native.native_decide.ax_1_1",
        "Erdos85.H3TripleCompletion.triplePart_384_043._native.native_decide.ax_1_1",
        "Erdos85.H3TripleCompletion.triplePart_384_044._native.native_decide.ax_1_1",
        "Erdos85.H3TripleCompletion.triplePart_384_045._native.native_decide.ax_1_1",
        "Erdos85.H3TripleCompletion.triplePart_384_046._native.native_decide.ax_1_1",
        "Erdos85.H3TripleCompletion.triplePart_384_047._native.native_decide.ax_1_1",
        "Erdos85.H3TripleCompletion.triplePart_384_048._native.native_decide.ax_1_1",
        "Erdos85.H3TripleCompletion.triplePart_384_049._native.native_decide.ax_1_1",
        "Erdos85.H3TripleCompletion.triplePart_384_050._native.native_decide.ax_1_1",
        "Erdos85.H3TripleCompletion.triplePart_384_051._native.native_decide.ax_1_1",
        "Erdos85.H3TripleCompletion.triplePart_384_052._native.native_decide.ax_1_1",
        "Erdos85.H3TripleCompletion.triplePart_384_053._native.native_decide.ax_1_1",
        "Erdos85.H3TripleCompletion.triplePart_384_054._native.native_decide.ax_1_1",
        "Erdos85.H3TripleCompletion.triplePart_384_055._native.native_decide.ax_1_1",
        "Erdos85.H3TripleCompletion.triplePart_384_056._native.native_decide.ax_1_1",
        "Erdos85.H3TripleCompletion.triplePart_384_057._native.native_decide.ax_1_1",
        "Erdos85.H3TripleCompletion.triplePart_384_058._native.native_decide.ax_1_1",
        "Erdos85.H3TripleCompletion.triplePart_384_059._native.native_decide.ax_1_1",
        "Erdos85.H3TripleCompletion.triplePart_384_060._native.native_decide.ax_1_1",
        "Erdos85.H3TripleCompletion.triplePart_384_061._native.native_decide.ax_1_1",
        "Erdos85.H3TripleCompletion.triplePart_384_062._native.native_decide.ax_1_1",
        "Erdos85.H3TripleCompletion.triplePart_384_063._native.native_decide.ax_1_1",
        "Erdos85.H3TripleCompletion.triplePart_384_064._native.native_decide.ax_1_1",
        "Erdos85.H3TripleCompletion.triplePart_384_065._native.native_decide.ax_1_1",
        "Erdos85.H3TripleCompletion.triplePart_384_066._native.native_decide.ax_1_1",
        "Erdos85.H3TripleCompletion.triplePart_384_067._native.native_decide.ax_1_1",
        "Erdos85.H3TripleCompletion.triplePart_384_068._native.native_decide.ax_1_1",
        "Erdos85.H3TripleCompletion.triplePart_384_069._native.native_decide.ax_1_1",
        "Erdos85.H3TripleCompletion.triplePart_384_070._native.native_decide.ax_1_1",
        "Erdos85.H3TripleCompletion.triplePart_384_071._native.native_decide.ax_1_1",
        "Erdos85.H3TripleCompletion.triplePart_384_072._native.native_decide.ax_1_1",
        "Erdos85.H3TripleCompletion.triplePart_384_073._native.native_decide.ax_1_1",
        "Erdos85.H3TripleCompletion.triplePart_384_074._native.native_decide.ax_1_1",
        "Erdos85.H3TripleCompletion.triplePart_384_075._native.native_decide.ax_1_1",
        "Erdos85.H3TripleCompletion.triplePart_384_076._native.native_decide.ax_1_1",
        "Erdos85.H3TripleCompletion.triplePart_384_077._native.native_decide.ax_1_1",
        "Erdos85.H3TripleCompletion.triplePart_384_078._native.native_decide.ax_1_1",
        "Erdos85.H3TripleCompletion.triplePart_384_079._native.native_decide.ax_1_1",
        "Erdos85.H3TripleCompletion.triplePart_384_080._native.native_decide.ax_1_1",
        "Erdos85.H3TripleCompletion.triplePart_384_081._native.native_decide.ax_1_1",
        "Erdos85.H3TripleCompletion.triplePart_384_082._native.native_decide.ax_1_1",
        "Erdos85.H3TripleCompletion.triplePart_384_083._native.native_decide.ax_1_1",
        "Erdos85.H3TripleCompletion.triplePart_384_084._native.native_decide.ax_1_1",
        "Erdos85.H3TripleCompletion.triplePart_384_085._native.native_decide.ax_1_1",
        "Erdos85.H3TripleCompletion.triplePart_384_086._native.native_decide.ax_1_1",
        "Erdos85.H3TripleCompletion.triplePart_384_087._native.native_decide.ax_1_1",
        "Erdos85.H3TripleCompletion.triplePart_384_088._native.native_decide.ax_1_1",
        "Erdos85.H3TripleCompletion.triplePart_384_089._native.native_decide.ax_1_1",
        "Erdos85.H3TripleCompletion.triplePart_384_090._native.native_decide.ax_1_1",
        "Erdos85.H3TripleCompletion.triplePart_384_091._native.native_decide.ax_1_1",
        "Erdos85.H3TripleCompletion.triplePart_384_092._native.native_decide.ax_1_1",
        "Erdos85.H3TripleCompletion.triplePart_384_093._native.native_decide.ax_1_1",
        "Erdos85.H3TripleCompletion.triplePart_384_094._native.native_decide.ax_1_1",
        "Erdos85.H3TripleCompletion.triplePart_384_095._native.native_decide.ax_1_1",
        "Erdos85.H3TripleCompletion.triplePart_384_096._native.native_decide.ax_1_1",
        "Erdos85.H3TripleCompletion.triplePart_384_097._native.native_decide.ax_1_1",
        "Erdos85.H3TripleCompletion.triplePart_384_098._native.native_decide.ax_1_1",
        "Erdos85.H3TripleCompletion.triplePart_384_099._native.native_decide.ax_1_1",
        "Erdos85.H3TripleCompletion.triplePart_384_100._native.native_decide.ax_1_1",
        "Erdos85.H3TripleCompletion.triplePart_384_101._native.native_decide.ax_1_1",
        "Erdos85.H3TripleCompletion.triplePart_384_102._native.native_decide.ax_1_1",
        "Erdos85.H3TripleCompletion.triplePart_384_103._native.native_decide.ax_1_1",
        "Erdos85.H3TripleCompletion.triplePart_384_104._native.native_decide.ax_1_1",
        "Erdos85.H3TripleCompletion.triplePart_384_105._native.native_decide.ax_1_1",
        "Erdos85.H3TripleCompletion.triplePart_384_106._native.native_decide.ax_1_1",
        "Erdos85.H3TripleCompletion.triplePart_384_107._native.native_decide.ax_1_1",
        "Erdos85.H3TripleCompletion.triplePart_384_108._native.native_decide.ax_1_1",
        "Erdos85.H3TripleCompletion.triplePart_384_109._native.native_decide.ax_1_1",
        "Erdos85.H3TripleCompletion.triplePart_384_110._native.native_decide.ax_1_1",
        "Erdos85.H3TripleCompletion.triplePart_384_111._native.native_decide.ax_1_1",
        "Erdos85.H3TripleCompletion.triplePart_384_112._native.native_decide.ax_1_1",
        "Erdos85.H3TripleCompletion.triplePart_384_113._native.native_decide.ax_1_1",
        "Erdos85.H3TripleCompletion.triplePart_384_114._native.native_decide.ax_1_1",
        "Erdos85.H3TripleCompletion.triplePart_384_115._native.native_decide.ax_1_1",
        "Erdos85.H3TripleCompletion.triplePart_384_116._native.native_decide.ax_1_1",
        "Erdos85.H3TripleCompletion.triplePart_384_117._native.native_decide.ax_1_1",
        "Erdos85.H3TripleCompletion.triplePart_384_118._native.native_decide.ax_1_1",
        "Erdos85.H3TripleCompletion.triplePart_384_119._native.native_decide.ax_1_1",
        "Erdos85.H3TripleCompletion.triplePart_384_120._native.native_decide.ax_1_1",
        "Erdos85.H3TripleCompletion.triplePart_384_121._native.native_decide.ax_1_1",
        "Erdos85.H3TripleCompletion.triplePart_384_122._native.native_decide.ax_1_1",
        "Erdos85.H3TripleCompletion.triplePart_384_123._native.native_decide.ax_1_1",
        "Erdos85.H3TripleCompletion.triplePart_384_124._native.native_decide.ax_1_1",
        "Erdos85.H3TripleCompletion.triplePart_384_125._native.native_decide.ax_1_1",
        "Erdos85.H3TripleCompletion.triplePart_384_126._native.native_decide.ax_1_1",
        "Erdos85.H3TripleCompletion.triplePart_384_127._native.native_decide.ax_1_1",
        "Erdos85.H3TripleCompletion.triplePart_384_128._native.native_decide.ax_1_1",
        "Erdos85.H3TripleCompletion.triplePart_384_129._native.native_decide.ax_1_1",
        "Erdos85.H3TripleCompletion.triplePart_384_130._native.native_decide.ax_1_1",
        "Erdos85.H3TripleCompletion.triplePart_384_131._native.native_decide.ax_1_1",
        "Erdos85.H3TripleCompletion.triplePart_384_132._native.native_decide.ax_1_1",
        "Erdos85.H3TripleCompletion.triplePart_384_133._native.native_decide.ax_1_1",
        "Erdos85.H3TripleCompletion.triplePart_384_134._native.native_decide.ax_1_1",
        "Erdos85.H3TripleCompletion.triplePart_384_135._native.native_decide.ax_1_1",
        "Erdos85.H3TripleCompletion.triplePart_384_136._native.native_decide.ax_1_1",
        "Erdos85.H3TripleCompletion.triplePart_384_137._native.native_decide.ax_1_1",
        "Erdos85.H3TripleCompletion.triplePart_384_138._native.native_decide.ax_1_1",
        "Erdos85.H3TripleCompletion.triplePart_384_139._native.native_decide.ax_1_1",
        "Erdos85.H3TripleCompletion.triplePart_384_140._native.native_decide.ax_1_1",
        "Erdos85.H3TripleCompletion.triplePart_384_141._native.native_decide.ax_1_1",
        "Erdos85.H3TripleCompletion.triplePart_384_142._native.native_decide.ax_1_1",
        "Erdos85.H3TripleCompletion.triplePart_384_143._native.native_decide.ax_1_1",
        "Erdos85.H3TripleCompletion.triplePart_384_144._native.native_decide.ax_1_1",
        "Erdos85.H3TripleCompletion.triplePart_384_145._native.native_decide.ax_1_1",
        "Erdos85.H3TripleCompletion.triplePart_384_146._native.native_decide.ax_1_1",
        "Erdos85.H3TripleCompletion.triplePart_384_147._native.native_decide.ax_1_1",
        "Erdos85.H3TripleCompletion.triplePart_384_148._native.native_decide.ax_1_1",
        "Erdos85.H3TripleCompletion.triplePart_384_149._native.native_decide.ax_1_1",
        "Erdos85.H3TripleCompletion.triplePart_384_150._native.native_decide.ax_1_1",
        "Erdos85.H3TripleCompletion.triplePart_384_151._native.native_decide.ax_1_1",
        "Erdos85.H3TripleCompletion.triplePart_384_152._native.native_decide.ax_1_1",
        "Erdos85.H3TripleCompletion.triplePart_384_153._native.native_decide.ax_1_1",
        "Erdos85.H3TripleCompletion.triplePart_384_154._native.native_decide.ax_1_1",
        "Erdos85.H3TripleCompletion.triplePart_384_155._native.native_decide.ax_1_1",
        "Erdos85.H3TripleCompletion.triplePart_384_156._native.native_decide.ax_1_1",
        "Erdos85.H3TripleCompletion.triplePart_384_157._native.native_decide.ax_1_1",
        "Erdos85.H3TripleCompletion.triplePart_384_158._native.native_decide.ax_1_1",
        "Erdos85.H3TripleCompletion.triplePart_384_159._native.native_decide.ax_1_1",
        "Erdos85.H3TripleCompletion.triplePart_384_160._native.native_decide.ax_1_1",
        "Erdos85.H3TripleCompletion.triplePart_384_161._native.native_decide.ax_1_1",
        "Erdos85.H3TripleCompletion.triplePart_384_162._native.native_decide.ax_1_1",
        "Erdos85.H3TripleCompletion.triplePart_384_163._native.native_decide.ax_1_1",
        "Erdos85.H3TripleCompletion.triplePart_384_164._native.native_decide.ax_1_1",
        "Erdos85.H3TripleCompletion.triplePart_384_165._native.native_decide.ax_1_1",
        "Erdos85.H3TripleCompletion.triplePart_384_166._native.native_decide.ax_1_1",
        "Erdos85.H3TripleCompletion.triplePart_384_167._native.native_decide.ax_1_1",
        "Erdos85.H3TripleCompletion.triplePart_384_168._native.native_decide.ax_1_1",
        "Erdos85.H3TripleCompletion.triplePart_384_169._native.native_decide.ax_1_1",
        "Erdos85.H3TripleCompletion.triplePart_384_170._native.native_decide.ax_1_1",
        "Erdos85.H3TripleCompletion.triplePart_384_171._native.native_decide.ax_1_1",
        "Erdos85.H3TripleCompletion.triplePart_384_172._native.native_decide.ax_1_1",
        "Erdos85.H3TripleCompletion.triplePart_384_173._native.native_decide.ax_1_1",
        "Erdos85.H3TripleCompletion.triplePart_384_174._native.native_decide.ax_1_1",
        "Erdos85.H3TripleCompletion.triplePart_384_175._native.native_decide.ax_1_1",
        "Erdos85.H3TripleCompletion.triplePart_384_176._native.native_decide.ax_1_1",
        "Erdos85.H3TripleCompletion.triplePart_384_177._native.native_decide.ax_1_1",
        "Erdos85.H3TripleCompletion.triplePart_384_178._native.native_decide.ax_1_1",
        "Erdos85.H3TripleCompletion.triplePart_384_179._native.native_decide.ax_1_1",
        "Erdos85.H3TripleCompletion.triplePart_384_180._native.native_decide.ax_1_1",
        "Erdos85.H3TripleCompletion.triplePart_384_181._native.native_decide.ax_1_1",
        "Erdos85.H3TripleCompletion.triplePart_384_182._native.native_decide.ax_1_1",
        "Erdos85.H3TripleCompletion.triplePart_384_183._native.native_decide.ax_1_1",
        "Erdos85.H3TripleCompletion.triplePart_384_184._native.native_decide.ax_1_1",
        "Erdos85.H3TripleCompletion.triplePart_384_185._native.native_decide.ax_1_1",
        "Erdos85.H3TripleCompletion.triplePart_384_186._native.native_decide.ax_1_1",
        "Erdos85.H3TripleCompletion.triplePart_384_187._native.native_decide.ax_1_1",
        "Erdos85.H3TripleCompletion.triplePart_384_188._native.native_decide.ax_1_1",
        "Erdos85.H3TripleCompletion.triplePart_384_189._native.native_decide.ax_1_1",
        "Erdos85.H3TripleCompletion.triplePart_384_190._native.native_decide.ax_1_1",
        "Erdos85.H3TripleCompletion.triplePart_384_191._native.native_decide.ax_1_1",
        "Erdos85.H3TripleCompletion.triplePart_384_192._native.native_decide.ax_1_1",
        "Erdos85.H3TripleCompletion.triplePart_384_193._native.native_decide.ax_1_1",
        "Erdos85.H3TripleCompletion.triplePart_384_194._native.native_decide.ax_1_1",
        "Erdos85.H3TripleCompletion.triplePart_384_195._native.native_decide.ax_1_1",
        "Erdos85.H3TripleCompletion.triplePart_384_196._native.native_decide.ax_1_1",
        "Erdos85.H3TripleCompletion.triplePart_384_197._native.native_decide.ax_1_1",
        "Erdos85.H3TripleCompletion.triplePart_384_198._native.native_decide.ax_1_1",
        "Erdos85.H3TripleCompletion.triplePart_384_199._native.native_decide.ax_1_1",
        "Erdos85.H3TripleCompletion.triplePart_384_200._native.native_decide.ax_1_1",
        "Erdos85.H3TripleCompletion.triplePart_384_201._native.native_decide.ax_1_1",
        "Erdos85.H3TripleCompletion.triplePart_384_202._native.native_decide.ax_1_1",
        "Erdos85.H3TripleCompletion.triplePart_384_203._native.native_decide.ax_1_1",
        "Erdos85.H3TripleCompletion.triplePart_384_204._native.native_decide.ax_1_1",
        "Erdos85.H3TripleCompletion.triplePart_384_205._native.native_decide.ax_1_1",
        "Erdos85.H3TripleCompletion.triplePart_384_206._native.native_decide.ax_1_1",
        "Erdos85.H3TripleCompletion.triplePart_384_207._native.native_decide.ax_1_1",
        "Erdos85.H3TripleCompletion.triplePart_384_208._native.native_decide.ax_1_1",
        "Erdos85.H3TripleCompletion.triplePart_384_209._native.native_decide.ax_1_1",
        "Erdos85.H3TripleCompletion.triplePart_384_210._native.native_decide.ax_1_1",
        "Erdos85.H3TripleCompletion.triplePart_384_211._native.native_decide.ax_1_1",
        "Erdos85.H3TripleCompletion.triplePart_384_212._native.native_decide.ax_1_1",
        "Erdos85.H3TripleCompletion.triplePart_384_213._native.native_decide.ax_1_1",
        "Erdos85.H3TripleCompletion.triplePart_384_214._native.native_decide.ax_1_1",
        "Erdos85.H3TripleCompletion.triplePart_384_215._native.native_decide.ax_1_1",
        "Erdos85.H3TripleCompletion.triplePart_384_216._native.native_decide.ax_1_1",
        "Erdos85.H3TripleCompletion.triplePart_384_217._native.native_decide.ax_1_1",
        "Erdos85.H3TripleCompletion.triplePart_384_218._native.native_decide.ax_1_1",
        "Erdos85.H3TripleCompletion.triplePart_384_219._native.native_decide.ax_1_1",
        "Erdos85.H3TripleCompletion.triplePart_384_220._native.native_decide.ax_1_1",
        "Erdos85.H3TripleCompletion.triplePart_384_221._native.native_decide.ax_1_1",
        "Erdos85.H3TripleCompletion.triplePart_384_222._native.native_decide.ax_1_1",
        "Erdos85.H3TripleCompletion.triplePart_384_223._native.native_decide.ax_1_1",
        "Erdos85.H3TripleCompletion.triplePart_384_224._native.native_decide.ax_1_1",
        "Erdos85.H3TripleCompletion.triplePart_384_225._native.native_decide.ax_1_1",
        "Erdos85.H3TripleCompletion.triplePart_384_226._native.native_decide.ax_1_1",
        "Erdos85.H3TripleCompletion.triplePart_384_227._native.native_decide.ax_1_1",
        "Erdos85.H3TripleCompletion.triplePart_384_228._native.native_decide.ax_1_1",
        "Erdos85.H3TripleCompletion.triplePart_384_229._native.native_decide.ax_1_1",
        "Erdos85.H3TripleCompletion.triplePart_384_230._native.native_decide.ax_1_1",
        "Erdos85.H3TripleCompletion.triplePart_384_231._native.native_decide.ax_1_1",
        "Erdos85.H3TripleCompletion.triplePart_384_232._native.native_decide.ax_1_1",
        "Erdos85.H3TripleCompletion.triplePart_384_233._native.native_decide.ax_1_1",
        "Erdos85.H3TripleCompletion.triplePart_384_234._native.native_decide.ax_1_1",
        "Erdos85.H3TripleCompletion.triplePart_384_235._native.native_decide.ax_1_1",
        "Erdos85.H3TripleCompletion.triplePart_384_236._native.native_decide.ax_1_1",
        "Erdos85.H3TripleCompletion.triplePart_384_237._native.native_decide.ax_1_1",
        "Erdos85.H3TripleCompletion.triplePart_384_238._native.native_decide.ax_1_1",
        "Erdos85.H3TripleCompletion.triplePart_384_239._native.native_decide.ax_1_1",
        "Erdos85.H3TripleCompletion.triplePart_384_240._native.native_decide.ax_1_1",
        "Erdos85.H3TripleCompletion.triplePart_384_241._native.native_decide.ax_1_1",
        "Erdos85.H3TripleCompletion.triplePart_384_242._native.native_decide.ax_1_1",
        "Erdos85.H3TripleCompletion.triplePart_384_243._native.native_decide.ax_1_1",
        "Erdos85.H3TripleCompletion.triplePart_384_244._native.native_decide.ax_1_1",
        "Erdos85.H3TripleCompletion.triplePart_384_245._native.native_decide.ax_1_1",
        "Erdos85.H3TripleCompletion.triplePart_384_246._native.native_decide.ax_1_1",
        "Erdos85.H3TripleCompletion.triplePart_384_247._native.native_decide.ax_1_1",
        "Erdos85.H3TripleCompletion.triplePart_384_248._native.native_decide.ax_1_1",
        "Erdos85.H3TripleCompletion.triplePart_384_249._native.native_decide.ax_1_1",
        "Erdos85.H3TripleCompletion.triplePart_384_250._native.native_decide.ax_1_1",
        "Erdos85.H3TripleCompletion.triplePart_384_251._native.native_decide.ax_1_1",
        "Erdos85.H3TripleCompletion.triplePart_384_252._native.native_decide.ax_1_1",
        "Erdos85.H3TripleCompletion.triplePart_384_253._native.native_decide.ax_1_1",
        "Erdos85.H3TripleCompletion.triplePart_384_254._native.native_decide.ax_1_1",
        "Erdos85.H3TripleCompletion.triplePart_384_255._native.native_decide.ax_1_1",
        "Erdos85.H3TripleCompletion.triplePart_384_256._native.native_decide.ax_1_1",
        "Erdos85.H3TripleCompletion.triplePart_384_257._native.native_decide.ax_1_1",
        "Erdos85.H3TripleCompletion.triplePart_384_258._native.native_decide.ax_1_1",
        "Erdos85.H3TripleCompletion.triplePart_384_259._native.native_decide.ax_1_1",
        "Erdos85.H3TripleCompletion.triplePart_384_260._native.native_decide.ax_1_1",
        "Erdos85.H3TripleCompletion.triplePart_384_261._native.native_decide.ax_1_1",
        "Erdos85.H3TripleCompletion.triplePart_384_262._native.native_decide.ax_1_1",
        "Erdos85.H3TripleCompletion.triplePart_384_263._native.native_decide.ax_1_1",
        "Erdos85.H3TripleCompletion.triplePart_384_264._native.native_decide.ax_1_1",
        "Erdos85.H3TripleCompletion.triplePart_384_265._native.native_decide.ax_1_1",
        "Erdos85.H3TripleCompletion.triplePart_384_266._native.native_decide.ax_1_1",
        "Erdos85.H3TripleCompletion.triplePart_384_267._native.native_decide.ax_1_1",
        "Erdos85.H3TripleCompletion.triplePart_384_268._native.native_decide.ax_1_1",
        "Erdos85.H3TripleCompletion.triplePart_384_269._native.native_decide.ax_1_1",
        "Erdos85.H3TripleCompletion.triplePart_384_270._native.native_decide.ax_1_1",
        "Erdos85.H3TripleCompletion.triplePart_384_271._native.native_decide.ax_1_1",
        "Erdos85.H3TripleCompletion.triplePart_384_272._native.native_decide.ax_1_1",
        "Erdos85.H3TripleCompletion.triplePart_384_273._native.native_decide.ax_1_1",
        "Erdos85.H3TripleCompletion.triplePart_384_274._native.native_decide.ax_1_1",
        "Erdos85.H3TripleCompletion.triplePart_384_275._native.native_decide.ax_1_1",
        "Erdos85.H3TripleCompletion.triplePart_384_276._native.native_decide.ax_1_1",
        "Erdos85.H3TripleCompletion.triplePart_384_277._native.native_decide.ax_1_1",
        "Erdos85.H3TripleCompletion.triplePart_384_278._native.native_decide.ax_1_1",
        "Erdos85.H3TripleCompletion.triplePart_384_279._native.native_decide.ax_1_1",
        "Erdos85.H3TripleCompletion.triplePart_384_280._native.native_decide.ax_1_1",
        "Erdos85.H3TripleCompletion.triplePart_384_281._native.native_decide.ax_1_1",
        "Erdos85.H3TripleCompletion.triplePart_384_282._native.native_decide.ax_1_1",
        "Erdos85.H3TripleCompletion.triplePart_384_283._native.native_decide.ax_1_1",
        "Erdos85.H3TripleCompletion.triplePart_384_284._native.native_decide.ax_1_1",
        "Erdos85.H3TripleCompletion.triplePart_384_285._native.native_decide.ax_1_1",
        "Erdos85.H3TripleCompletion.triplePart_384_286._native.native_decide.ax_1_1",
        "Erdos85.H3TripleCompletion.triplePart_384_287._native.native_decide.ax_1_1",
        "Erdos85.H3TripleCompletion.triplePart_384_288._native.native_decide.ax_1_1",
        "Erdos85.H3TripleCompletion.triplePart_384_289._native.native_decide.ax_1_1",
        "Erdos85.H3TripleCompletion.triplePart_384_290._native.native_decide.ax_1_1",
        "Erdos85.H3TripleCompletion.triplePart_384_291._native.native_decide.ax_1_1",
        "Erdos85.H3TripleCompletion.triplePart_384_292._native.native_decide.ax_1_1",
        "Erdos85.H3TripleCompletion.triplePart_384_293._native.native_decide.ax_1_1",
        "Erdos85.H3TripleCompletion.triplePart_384_294._native.native_decide.ax_1_1",
        "Erdos85.H3TripleCompletion.triplePart_384_295._native.native_decide.ax_1_1",
        "Erdos85.H3TripleCompletion.triplePart_384_296._native.native_decide.ax_1_1",
        "Erdos85.H3TripleCompletion.triplePart_384_297._native.native_decide.ax_1_1",
        "Erdos85.H3TripleCompletion.triplePart_384_298._native.native_decide.ax_1_1",
        "Erdos85.H3TripleCompletion.triplePart_384_299._native.native_decide.ax_1_1",
        "Erdos85.H3TripleCompletion.triplePart_384_300._native.native_decide.ax_1_1",
        "Erdos85.H3TripleCompletion.triplePart_384_301._native.native_decide.ax_1_1",
        "Erdos85.H3TripleCompletion.triplePart_384_302._native.native_decide.ax_1_1",
        "Erdos85.H3TripleCompletion.triplePart_384_303._native.native_decide.ax_1_1",
        "Erdos85.H3TripleCompletion.triplePart_384_304._native.native_decide.ax_1_1",
        "Erdos85.H3TripleCompletion.triplePart_384_305._native.native_decide.ax_1_1",
        "Erdos85.H3TripleCompletion.triplePart_384_306._native.native_decide.ax_1_1",
        "Erdos85.H3TripleCompletion.triplePart_384_307._native.native_decide.ax_1_1",
        "Erdos85.H3TripleCompletion.triplePart_384_308._native.native_decide.ax_1_1",
        "Erdos85.H3TripleCompletion.triplePart_384_309._native.native_decide.ax_1_1",
        "Erdos85.H3TripleCompletion.triplePart_384_310._native.native_decide.ax_1_1",
        "Erdos85.H3TripleCompletion.triplePart_384_311._native.native_decide.ax_1_1",
        "Erdos85.H3TripleCompletion.triplePart_384_312._native.native_decide.ax_1_1",
        "Erdos85.H3TripleCompletion.triplePart_384_313._native.native_decide.ax_1_1",
        "Erdos85.H3TripleCompletion.triplePart_384_314._native.native_decide.ax_1_1",
        "Erdos85.H3TripleCompletion.triplePart_384_315._native.native_decide.ax_1_1",
        "Erdos85.H3TripleCompletion.triplePart_384_316._native.native_decide.ax_1_1",
        "Erdos85.H3TripleCompletion.triplePart_384_317._native.native_decide.ax_1_1",
        "Erdos85.H3TripleCompletion.triplePart_384_318._native.native_decide.ax_1_1",
        "Erdos85.H3TripleCompletion.triplePart_384_319._native.native_decide.ax_1_1",
        "Erdos85.H3TripleCompletion.triplePart_384_320._native.native_decide.ax_1_1",
        "Erdos85.H3TripleCompletion.triplePart_384_321._native.native_decide.ax_1_1",
        "Erdos85.H3TripleCompletion.triplePart_384_322._native.native_decide.ax_1_1",
        "Erdos85.H3TripleCompletion.triplePart_384_323._native.native_decide.ax_1_1",
        "Erdos85.H3TripleCompletion.triplePart_384_324._native.native_decide.ax_1_1",
        "Erdos85.H3TripleCompletion.triplePart_384_325._native.native_decide.ax_1_1",
        "Erdos85.H3TripleCompletion.triplePart_384_326._native.native_decide.ax_1_1",
        "Erdos85.H3TripleCompletion.triplePart_384_327._native.native_decide.ax_1_1",
        "Erdos85.H3TripleCompletion.triplePart_384_328._native.native_decide.ax_1_1",
        "Erdos85.H3TripleCompletion.triplePart_384_329._native.native_decide.ax_1_1",
        "Erdos85.H3TripleCompletion.triplePart_384_330._native.native_decide.ax_1_1",
        "Erdos85.H3TripleCompletion.triplePart_384_331._native.native_decide.ax_1_1",
        "Erdos85.H3TripleCompletion.triplePart_384_332._native.native_decide.ax_1_1",
        "Erdos85.H3TripleCompletion.triplePart_384_333._native.native_decide.ax_1_1",
        "Erdos85.H3TripleCompletion.triplePart_384_334._native.native_decide.ax_1_1",
        "Erdos85.H3TripleCompletion.triplePart_384_335._native.native_decide.ax_1_1",
        "Erdos85.H3TripleCompletion.triplePart_384_336._native.native_decide.ax_1_1",
        "Erdos85.H3TripleCompletion.triplePart_384_337._native.native_decide.ax_1_1",
        "Erdos85.H3TripleCompletion.triplePart_384_338._native.native_decide.ax_1_1",
        "Erdos85.H3TripleCompletion.triplePart_384_339._native.native_decide.ax_1_1",
        "Erdos85.H3TripleCompletion.triplePart_384_340._native.native_decide.ax_1_1",
        "Erdos85.H3TripleCompletion.triplePart_384_341._native.native_decide.ax_1_1",
        "Erdos85.H3TripleCompletion.triplePart_384_342._native.native_decide.ax_1_1",
        "Erdos85.H3TripleCompletion.triplePart_384_343._native.native_decide.ax_1_1",
        "Erdos85.H3TripleCompletion.triplePart_384_344._native.native_decide.ax_1_1",
        "Erdos85.H3TripleCompletion.triplePart_384_345._native.native_decide.ax_1_1",
        "Erdos85.H3TripleCompletion.triplePart_384_346._native.native_decide.ax_1_1",
        "Erdos85.H3TripleCompletion.triplePart_384_347._native.native_decide.ax_1_1",
        "Erdos85.H3TripleCompletion.triplePart_384_348._native.native_decide.ax_1_1",
        "Erdos85.H3TripleCompletion.triplePart_384_349._native.native_decide.ax_1_1",
        "Erdos85.H3TripleCompletion.triplePart_384_350._native.native_decide.ax_1_1",
        "Erdos85.H3TripleCompletion.triplePart_384_351._native.native_decide.ax_1_1",
        "Erdos85.H3TripleCompletion.triplePart_384_352._native.native_decide.ax_1_1",
        "Erdos85.H3TripleCompletion.triplePart_384_353._native.native_decide.ax_1_1",
        "Erdos85.H3TripleCompletion.triplePart_384_354._native.native_decide.ax_1_1",
        "Erdos85.H3TripleCompletion.triplePart_384_355._native.native_decide.ax_1_1",
        "Erdos85.H3TripleCompletion.triplePart_384_356._native.native_decide.ax_1_1",
        "Erdos85.H3TripleCompletion.triplePart_384_357._native.native_decide.ax_1_1",
        "Erdos85.H3TripleCompletion.triplePart_384_358._native.native_decide.ax_1_1",
        "Erdos85.H3TripleCompletion.triplePart_384_359._native.native_decide.ax_1_1",
        "Erdos85.H3TripleCompletion.triplePart_384_360._native.native_decide.ax_1_1",
        "Erdos85.H3TripleCompletion.triplePart_384_361._native.native_decide.ax_1_1",
        "Erdos85.H3TripleCompletion.triplePart_384_362._native.native_decide.ax_1_1",
        "Erdos85.H3TripleCompletion.triplePart_384_363._native.native_decide.ax_1_1",
        "Erdos85.H3TripleCompletion.triplePart_384_364._native.native_decide.ax_1_1",
        "Erdos85.H3TripleCompletion.triplePart_384_365._native.native_decide.ax_1_1",
        "Erdos85.H3TripleCompletion.triplePart_384_366._native.native_decide.ax_1_1",
        "Erdos85.H3TripleCompletion.triplePart_384_367._native.native_decide.ax_1_1",
        "Erdos85.H3TripleCompletion.triplePart_384_368._native.native_decide.ax_1_1",
        "Erdos85.H3TripleCompletion.triplePart_384_369._native.native_decide.ax_1_1",
        "Erdos85.H3TripleCompletion.triplePart_384_370._native.native_decide.ax_1_1",
        "Erdos85.H3TripleCompletion.triplePart_384_371._native.native_decide.ax_1_1",
        "Erdos85.H3TripleCompletion.triplePart_384_372._native.native_decide.ax_1_1",
        "Erdos85.H3TripleCompletion.triplePart_384_373._native.native_decide.ax_1_1",
        "Erdos85.H3TripleCompletion.triplePart_384_374._native.native_decide.ax_1_1",
        "Erdos85.H3TripleCompletion.triplePart_384_375._native.native_decide.ax_1_1",
        "Erdos85.H3TripleCompletion.triplePart_384_376._native.native_decide.ax_1_1",
        "Erdos85.H3TripleCompletion.triplePart_384_377._native.native_decide.ax_1_1",
        "Erdos85.H3TripleCompletion.triplePart_384_378._native.native_decide.ax_1_1",
        "Erdos85.H3TripleCompletion.triplePart_384_379._native.native_decide.ax_1_1",
        "Erdos85.H3TripleCompletion.triplePart_384_380._native.native_decide.ax_1_1",
        "Erdos85.H3TripleCompletion.triplePart_384_381._native.native_decide.ax_1_1",
        "Erdos85.H3TripleCompletion.triplePart_384_382._native.native_decide.ax_1_1",
        "Erdos85.H3TripleCompletion.triplePart_384_383._native.native_decide.ax_1_1",
        "Erdos85.H5.cellPartF_0_4_16_00._native.native_decide.ax_1_1",
        "Erdos85.H5.cellPartF_0_4_16_01._native.native_decide.ax_1_1",
        "Erdos85.H5.cellPartF_0_4_16_02._native.native_decide.ax_1_1",
        "Erdos85.H5.cellPartF_0_4_16_03._native.native_decide.ax_1_1",
        "Erdos85.H5.cellPartF_0_4_16_04._native.native_decide.ax_1_1",
        "Erdos85.H5.cellPartF_0_4_16_05._native.native_decide.ax_1_1",
        "Erdos85.H5.cellPartF_0_4_16_06._native.native_decide.ax_1_1",
        "Erdos85.H5.cellPartF_0_4_16_07._native.native_decide.ax_1_1",
        "Erdos85.H5.cellPartF_0_4_16_08._native.native_decide.ax_1_1",
        "Erdos85.H5.cellPartF_0_4_16_09._native.native_decide.ax_1_1",
        "Erdos85.H5.cellPartF_0_4_16_10._native.native_decide.ax_1_1",
        "Erdos85.H5.cellPartF_0_4_16_11._native.native_decide.ax_1_1",
        "Erdos85.H5.cellPartF_0_4_16_12._native.native_decide.ax_1_1",
        "Erdos85.H5.cellPartF_0_4_16_13._native.native_decide.ax_1_1",
        "Erdos85.H5.cellPartF_0_4_16_14._native.native_decide.ax_1_1",
        "Erdos85.H5.cellPartF_0_4_16_15._native.native_decide.ax_1_1",
        "Erdos85.H5.cellPartF_1_6_16_00._native.native_decide.ax_1_1",
        "Erdos85.H5.cellPartF_1_6_16_01._native.native_decide.ax_1_1",
        "Erdos85.H5.cellPartF_1_6_16_02._native.native_decide.ax_1_1",
        "Erdos85.H5.cellPartF_1_6_16_03._native.native_decide.ax_1_1",
        "Erdos85.H5.cellPartF_1_6_16_04._native.native_decide.ax_1_1",
        "Erdos85.H5.cellPartF_1_6_16_05._native.native_decide.ax_1_1",
        "Erdos85.H5.cellPartF_1_6_16_06._native.native_decide.ax_1_1",
        "Erdos85.H5.cellPartF_1_6_16_07._native.native_decide.ax_1_1",
        "Erdos85.H5.cellPartF_1_6_16_08._native.native_decide.ax_1_1",
        "Erdos85.H5.cellPartF_1_6_16_09._native.native_decide.ax_1_1",
        "Erdos85.H5.cellPartF_1_6_16_10._native.native_decide.ax_1_1",
        "Erdos85.H5.cellPartF_1_6_16_11._native.native_decide.ax_1_1",
        "Erdos85.H5.cellPartF_1_6_16_12._native.native_decide.ax_1_1",
        "Erdos85.H5.cellPartF_1_6_16_13._native.native_decide.ax_1_1",
        "Erdos85.H5.cellPartF_1_6_16_14._native.native_decide.ax_1_1",
        "Erdos85.H5.cellPartF_1_6_16_15._native.native_decide.ax_1_1",
        "Erdos85.H5.cellPartF_2_12_8_00._native.native_decide.ax_1_1",
        "Erdos85.H5.cellPartF_2_12_8_01._native.native_decide.ax_1_1",
        "Erdos85.H5.cellPartF_2_12_8_02._native.native_decide.ax_1_1",
        "Erdos85.H5.cellPartF_2_12_8_03._native.native_decide.ax_1_1",
        "Erdos85.H5.cellPartF_2_12_8_04._native.native_decide.ax_1_1",
        "Erdos85.H5.cellPartF_2_12_8_05._native.native_decide.ax_1_1",
        "Erdos85.H5.cellPartF_2_12_8_06._native.native_decide.ax_1_1",
        "Erdos85.H5.cellPartF_2_12_8_07._native.native_decide.ax_1_1"
      ]
    },
    {
      "theorem": "Erdos85.minDegreeForC4_fortyNine_lt_fortyEight_of_h1_h7Evidence",
      "axioms": [
        "propext",
        "Classical.choice",
        "Quot.sound",
        "Erdos85.boza48Graph._native.native_decide.ax_1",
        "Erdos85.boza48Graph_common_le_one._native.native_decide.ax_1_1",
        "Erdos85.boza48Graph_degree._native.native_decide.ax_1_1",
        "Erdos85.card_filter_oneHighCanonicalBranchAdj._native.native_decide.ax_1_1",
        "Erdos85.enumerateOneHighTableValues_complete._native.native_decide.ax_1_1",
        "Erdos85.extend_five_linear_triples_canonical._native.native_decide.ax_1_1",
        "Erdos85.extend_five_linear_triples_canonical._native.native_decide.ax_1_2",
        "Erdos85.extend_four_linear_triples_canonical._native.native_decide.ax_1_1",
        "Erdos85.extend_four_linear_triples_canonical._native.native_decide.ax_1_2",
        "Erdos85.extend_four_linear_triples_canonical._native.native_decide.ax_1_3",
        "Erdos85.extend_six_linear_triples_canonical._native.native_decide.ax_1_1",
        "Erdos85.finEight_standardMate_canonicalize_marked._native.native_decide.ax_1_1",
        "Erdos85.finFive_exists_canonical_lex_perm._native.native_decide.ax_1_1",
        "Erdos85.finFive_matchingBits_canonical._native.native_decide.ax_1_1",
        "Erdos85.fiveHighCanonicalFiberCover_one._native.native_decide.ax_1_1",
        "Erdos85.fiveHighCanonicalFiberCover_two._native.native_decide.ax_1_1",
        "Erdos85.fiveHighCanonicalFiberCover_two._native.native_decide.ax_1_2",
        "Erdos85.fiveHighCanonicalFiberCover_zero._native.native_decide.ax_1_1",
        "Erdos85.fiveHigh_t0_mask_key_fiber_card._native.native_decide.ax_1_1",
        "Erdos85.fiveHigh_t1_mask_key_fiber_card._native.native_decide.ax_1_1",
        "Erdos85.fiveHigh_t2_local_triple_card._native.native_decide.ax_1_10",
        "Erdos85.fiveHigh_t2_local_triple_card._native.native_decide.ax_1_11",
        "Erdos85.fiveHigh_t2_local_triple_card._native.native_decide.ax_1_12",
        "Erdos85.fiveHigh_t2_local_triple_card._native.native_decide.ax_1_13",
        "Erdos85.fiveHigh_t2_local_triple_card._native.native_decide.ax_1_4",
        "Erdos85.fiveHigh_t2_local_triple_card._native.native_decide.ax_1_5",
        "Erdos85.fiveHigh_t2_local_triple_card._native.native_decide.ax_1_6",
        "Erdos85.fiveHigh_t2_local_triple_card._native.native_decide.ax_1_7",
        "Erdos85.fiveHigh_t2_local_triple_card._native.native_decide.ax_1_8",
        "Erdos85.fiveHigh_t2_local_triple_card._native.native_decide.ax_1_9",
        "Erdos85.fiveHigh_t2_mask_key_fiber_card._native.native_decide.ax_1_1",
        "Erdos85.fiveHigh_t2_mask_key_fiber_card._native.native_decide.ax_1_2",
        "Erdos85.fixed_first_four_linear_triples_canonical_packed._native.native_decide.ax_1_1",
        "Erdos85.fixed_first_three_linear_triples_canonical._native.native_decide.ax_1_1",
        "Erdos85.oneHighBranchEdgeIndex_eq_iff._native.native_decide.ax_1_1",
        "Erdos85.oneHighBranchEdgeIndex_lt._native.native_decide.ax_1_1",
        "Erdos85.oneHighFamilyV2LowerTablePairs_mem_bounds._native.native_decide.ax_1_1",
        "Erdos85.oneHighFamily_xor_one_lt_eight._native.native_decide.ax_1_1",
        "Erdos85.oneHighInventoryRows_relevant_lt_five._native.native_decide.ax_1_1",
        "Erdos85.oneHighPrunedEnumRawKeySet_eq_inventoryOrbit_four._native.native_decide.ax_1_1",
        "Erdos85.oneHighPrunedEnumRawKeySet_eq_inventoryOrbit_one._native.native_decide.ax_1_1",
        "Erdos85.oneHighPrunedEnumRawKeySet_eq_inventoryOrbit_three._native.native_decide.ax_1_1",
        "Erdos85.oneHighPrunedEnumRawKeySet_eq_inventoryOrbit_two._native.native_decide.ax_1_1",
        "Erdos85.oneHighPrunedEnumRawKeySet_eq_inventoryOrbit_zero._native.native_decide.ax_1_1",
        "Erdos85.oneHighPrunedEnumeratorComplete._native.native_decide.ax_1_1",
        "Erdos85.oneHighRelevantPairList_complete._native.native_decide.ax_1_1",
        "Erdos85.oneHighRelevantPairList_nodup._native.native_decide.ax_1_1",
        "Erdos85.oneHighRelevantPair_mem_tablePairs._native.native_decide.ax_1_1",
        "Erdos85.oneHighStandardMate_even_pair._native.native_decide.ax_1_1",
        "Erdos85.oneHighStandardMate_even_pair._native.native_decide.ax_1_2",
        "Erdos85.oneHighStandardMate_even_pair._native.native_decide.ax_1_3",
        "Erdos85.oneHighStandardMate_even_pair._native.native_decide.ax_1_4",
        "Erdos85.orderFortyNineDegreeBlocks_seven_nonzero._native.native_decide.ax_1_1",
        "Erdos85.orderFortyNineH7HighPairs_ne._native.native_decide.ax_1_1",
        "Erdos85.orderFortyNineT2RepA_check._native.native_decide.ax_1_1",
        "Erdos85.orderFortyNineT2RepB_check._native.native_decide.ax_1_1",
        "Erdos85.orderFortyNineT3Rep0_check._native.native_decide.ax_1_1",
        "Erdos85.orderFortyNineT3Rep1_check._native.native_decide.ax_1_1",
        "Erdos85.orderFortyNineT3Rep2_check._native.native_decide.ax_1_1",
        "Erdos85.orderFortyNineT3Rep3_check._native.native_decide.ax_1_1",
        "Erdos85.orderFortyNineT3Rep4_check._native.native_decide.ax_1_1",
        "Erdos85.orderFortyNineT4Rep0_check._native.native_decide.ax_1_1",
        "Erdos85.orderFortyNineT4Rep10_check._native.native_decide.ax_1_1",
        "Erdos85.orderFortyNineT4Rep1_check._native.native_decide.ax_1_1",
        "Erdos85.orderFortyNineT4Rep2_check._native.native_decide.ax_1_1",
        "Erdos85.orderFortyNineT4Rep3_check._native.native_decide.ax_1_1",
        "Erdos85.orderFortyNineT4Rep4_check._native.native_decide.ax_1_1",
        "Erdos85.orderFortyNineT4Rep5_check._native.native_decide.ax_1_1",
        "Erdos85.orderFortyNineT4Rep6_check._native.native_decide.ax_1_1",
        "Erdos85.orderFortyNineT4Rep7_check._native.native_decide.ax_1_1",
        "Erdos85.orderFortyNineT4Rep8_check._native.native_decide.ax_1_1",
        "Erdos85.orderFortyNineT4Rep9_check._native.native_decide.ax_1_1",
        "Erdos85.sevenHighCanonicalFiberCover_five._native.native_decide.ax_1_1",
        "Erdos85.sevenHighCanonicalFiberCover_five._native.native_decide.ax_1_2",
        "Erdos85.sevenHighCanonicalFiberCover_five._native.native_decide.ax_1_3",
        "Erdos85.sevenHighCanonicalFiberCover_five._native.native_decide.ax_1_4",
        "Erdos85.sevenHighCanonicalFiberCover_four._native.native_decide.ax_1_1",
        "Erdos85.sevenHighCanonicalFiberCover_four._native.native_decide.ax_1_2",
        "Erdos85.sevenHighCanonicalFiberCover_four._native.native_decide.ax_1_3",
        "Erdos85.sevenHighCanonicalFiberCover_four._native.native_decide.ax_1_4",
        "Erdos85.sevenHighCanonicalFiberCover_four._native.native_decide.ax_1_5",
        "Erdos85.sevenHighCanonicalFiberCover_four._native.native_decide.ax_1_6",
        "Erdos85.sevenHighCanonicalFiberCover_one._native.native_decide.ax_1_1",
        "Erdos85.sevenHighCanonicalFiberCover_one._native.native_decide.ax_1_2",
        "Erdos85.sevenHighCanonicalFiberCover_seven._native.native_decide.ax_1_1",
        "Erdos85.sevenHighCanonicalFiberCover_seven._native.native_decide.ax_1_2",
        "Erdos85.sevenHighCanonicalFiberCover_six._native.native_decide.ax_1_1",
        "Erdos85.sevenHighCanonicalFiberCover_six._native.native_decide.ax_1_2",
        "Erdos85.sevenHighCanonicalFiberCover_three._native.native_decide.ax_1_1",
        "Erdos85.sevenHighCanonicalFiberCover_three._native.native_decide.ax_1_2",
        "Erdos85.sevenHighCanonicalFiberCover_three._native.native_decide.ax_1_3",
        "Erdos85.sevenHighCanonicalFiberCover_three._native.native_decide.ax_1_4",
        "Erdos85.sevenHighCanonicalFiberCover_three._native.native_decide.ax_1_5",
        "Erdos85.sevenHighCanonicalFiberCover_three._native.native_decide.ax_1_6",
        "Erdos85.sevenHighCanonicalFiberCover_two._native.native_decide.ax_1_1",
        "Erdos85.sevenHighCanonicalFiberCover_two._native.native_decide.ax_1_2",
        "Erdos85.sevenHighCanonicalFiberCover_two._native.native_decide.ax_1_3",
        "Erdos85.sevenHighCanonicalFiberCover_two._native.native_decide.ax_1_4",
        "Erdos85.sevenHighCanonicalFiberCover_zero._native.native_decide.ax_1_1",
        "Erdos85.sevenHighCanonicalFiberCover_zero._native.native_decide.ax_1_2",
        "Erdos85.sevenHighT0CanonicalEmptyPermutationAction_table._native.native_decide.ax_1_1",
        "Erdos85.sevenHighT0CanonicalEmptyRepresentative_orbit_cover._native.native_decide.ax_1_1",
        "Erdos85.sevenHighT1Rep0_check._native.native_decide.ax_1_1",
        "Erdos85.sevenHighT2Rep0_check._native.native_decide.ax_1_1",
        "Erdos85.sevenHighT2Rep1_check._native.native_decide.ax_1_1",
        "Erdos85.sevenHighT3Rep0_check._native.native_decide.ax_1_1",
        "Erdos85.sevenHighT3Rep1_check._native.native_decide.ax_1_1",
        "Erdos85.sevenHighT3Rep2_check._native.native_decide.ax_1_1",
        "Erdos85.sevenHighT3TripleSet_member_card._native.native_decide.ax_1_1",
        "Erdos85.sevenHighT3TripleSet_member_card._native.native_decide.ax_1_2",
        "Erdos85.sevenHighT3TripleSet_member_card._native.native_decide.ax_1_3",
        "Erdos85.sevenHighT4Rep0_check._native.native_decide.ax_1_1",
        "Erdos85.sevenHighT4Rep1_check._native.native_decide.ax_1_1",
        "Erdos85.sevenHighT4Rep2_check._native.native_decide.ax_1_1",
        "Erdos85.sevenHighT4TripleSet_member_card._native.native_decide.ax_1_1",
        "Erdos85.sevenHighT4TripleSet_member_card._native.native_decide.ax_1_2",
        "Erdos85.sevenHighT4TripleSet_member_card._native.native_decide.ax_1_3",
        "Erdos85.sevenHighT5Rep0_check._native.native_decide.ax_1_1",
        "Erdos85.sevenHighT5Rep1_check._native.native_decide.ax_1_1",
        "Erdos85.sevenHighT5TripleSet_member_card._native.native_decide.ax_1_1",
        "Erdos85.sevenHighT5TripleSet_member_card._native.native_decide.ax_1_2",
        "Erdos85.sevenHighT6Rep0_check._native.native_decide.ax_1_1",
        "Erdos85.sevenHighT6TripleSet_member_card._native.native_decide.ax_1_1",
        "Erdos85.sevenHighT7Rep0_check._native.native_decide.ax_1_1",
        "Erdos85.sevenHighT7TripleSet_member_card._native.native_decide.ax_1_1",
        "Erdos85.sevenHigh_t0_mask_key_fiber_card._native.native_decide.ax_1_1",
        "Erdos85.sevenHigh_t1_mask_key_fiber_card._native.native_decide.ax_1_1",
        "Erdos85.sevenHigh_t2_local_triple_card._native.native_decide.ax_1_10",
        "Erdos85.sevenHigh_t2_local_triple_card._native.native_decide.ax_1_11",
        "Erdos85.sevenHigh_t2_local_triple_card._native.native_decide.ax_1_12",
        "Erdos85.sevenHigh_t2_local_triple_card._native.native_decide.ax_1_13",
        "Erdos85.sevenHigh_t2_local_triple_card._native.native_decide.ax_1_14",
        "Erdos85.sevenHigh_t2_local_triple_card._native.native_decide.ax_1_15",
        "Erdos85.sevenHigh_t2_local_triple_card._native.native_decide.ax_1_16",
        "Erdos85.sevenHigh_t2_local_triple_card._native.native_decide.ax_1_17",
        "Erdos85.sevenHigh_t2_local_triple_card._native.native_decide.ax_1_4",
        "Erdos85.sevenHigh_t2_local_triple_card._native.native_decide.ax_1_5",
        "Erdos85.sevenHigh_t2_local_triple_card._native.native_decide.ax_1_6",
        "Erdos85.sevenHigh_t2_local_triple_card._native.native_decide.ax_1_7",
        "Erdos85.sevenHigh_t2_local_triple_card._native.native_decide.ax_1_8",
        "Erdos85.sevenHigh_t2_local_triple_card._native.native_decide.ax_1_9",
        "Erdos85.sevenHigh_t2_mask_key_fiber_card._native.native_decide.ax_1_1",
        "Erdos85.sevenHigh_t2_mask_key_fiber_card._native.native_decide.ax_1_2",
        "Erdos85.sevenHigh_t3_mask_key_fiber_card._native.native_decide.ax_1_1",
        "Erdos85.sevenHigh_t3_mask_key_fiber_card._native.native_decide.ax_1_2",
        "Erdos85.sevenHigh_t3_mask_key_fiber_card._native.native_decide.ax_1_3",
        "Erdos85.sevenHigh_t4_mask_key_fiber_card._native.native_decide.ax_1_1",
        "Erdos85.sevenHigh_t4_mask_key_fiber_card._native.native_decide.ax_1_2",
        "Erdos85.sevenHigh_t4_mask_key_fiber_card._native.native_decide.ax_1_3",
        "Erdos85.sevenHigh_t5_mask_key_fiber_card._native.native_decide.ax_1_1",
        "Erdos85.sevenHigh_t5_mask_key_fiber_card._native.native_decide.ax_1_2",
        "Erdos85.sevenHigh_t6_mask_key_fiber_card._native.native_decide.ax_1_1",
        "Erdos85.sevenHigh_t7_mask_key_fiber_card._native.native_decide.ax_1_1",
        "Erdos85.H3Pair.pairPart_24_00._native.native_decide.ax_1_1",
        "Erdos85.H3Pair.pairPart_24_01._native.native_decide.ax_1_1",
        "Erdos85.H3Pair.pairPart_24_02._native.native_decide.ax_1_1",
        "Erdos85.H3Pair.pairPart_24_03._native.native_decide.ax_1_1",
        "Erdos85.H3Pair.pairPart_24_04._native.native_decide.ax_1_1",
        "Erdos85.H3Pair.pairPart_24_05._native.native_decide.ax_1_1",
        "Erdos85.H3Pair.pairPart_24_06._native.native_decide.ax_1_1",
        "Erdos85.H3Pair.pairPart_24_07._native.native_decide.ax_1_1",
        "Erdos85.H3Pair.pairPart_24_08._native.native_decide.ax_1_1",
        "Erdos85.H3Pair.pairPart_24_09._native.native_decide.ax_1_1",
        "Erdos85.H3Pair.pairPart_24_10._native.native_decide.ax_1_1",
        "Erdos85.H3Pair.pairPart_24_11._native.native_decide.ax_1_1",
        "Erdos85.H3Pair.pairPart_24_12._native.native_decide.ax_1_1",
        "Erdos85.H3Pair.pairPart_24_13._native.native_decide.ax_1_1",
        "Erdos85.H3Pair.pairPart_24_14._native.native_decide.ax_1_1",
        "Erdos85.H3Pair.pairPart_24_15._native.native_decide.ax_1_1",
        "Erdos85.H3Pair.pairPart_24_16._native.native_decide.ax_1_1",
        "Erdos85.H3Pair.pairPart_24_17._native.native_decide.ax_1_1",
        "Erdos85.H3Pair.pairPart_24_18._native.native_decide.ax_1_1",
        "Erdos85.H3Pair.pairPart_24_19._native.native_decide.ax_1_1",
        "Erdos85.H3Pair.pairPart_24_20._native.native_decide.ax_1_1",
        "Erdos85.H3Pair.pairPart_24_21._native.native_decide.ax_1_1",
        "Erdos85.H3Pair.pairPart_24_22._native.native_decide.ax_1_1",
        "Erdos85.H3Pair.pairPart_24_23._native.native_decide.ax_1_1",
        "Erdos85.H3TripleCompletion.triplePart_384_000._native.native_decide.ax_1_1",
        "Erdos85.H3TripleCompletion.triplePart_384_001._native.native_decide.ax_1_1",
        "Erdos85.H3TripleCompletion.triplePart_384_002._native.native_decide.ax_1_1",
        "Erdos85.H3TripleCompletion.triplePart_384_003._native.native_decide.ax_1_1",
        "Erdos85.H3TripleCompletion.triplePart_384_004._native.native_decide.ax_1_1",
        "Erdos85.H3TripleCompletion.triplePart_384_005._native.native_decide.ax_1_1",
        "Erdos85.H3TripleCompletion.triplePart_384_006._native.native_decide.ax_1_1",
        "Erdos85.H3TripleCompletion.triplePart_384_007._native.native_decide.ax_1_1",
        "Erdos85.H3TripleCompletion.triplePart_384_008._native.native_decide.ax_1_1",
        "Erdos85.H3TripleCompletion.triplePart_384_009._native.native_decide.ax_1_1",
        "Erdos85.H3TripleCompletion.triplePart_384_010._native.native_decide.ax_1_1",
        "Erdos85.H3TripleCompletion.triplePart_384_011._native.native_decide.ax_1_1",
        "Erdos85.H3TripleCompletion.triplePart_384_012._native.native_decide.ax_1_1",
        "Erdos85.H3TripleCompletion.triplePart_384_013._native.native_decide.ax_1_1",
        "Erdos85.H3TripleCompletion.triplePart_384_014._native.native_decide.ax_1_1",
        "Erdos85.H3TripleCompletion.triplePart_384_015._native.native_decide.ax_1_1",
        "Erdos85.H3TripleCompletion.triplePart_384_016._native.native_decide.ax_1_1",
        "Erdos85.H3TripleCompletion.triplePart_384_017._native.native_decide.ax_1_1",
        "Erdos85.H3TripleCompletion.triplePart_384_018._native.native_decide.ax_1_1",
        "Erdos85.H3TripleCompletion.triplePart_384_019._native.native_decide.ax_1_1",
        "Erdos85.H3TripleCompletion.triplePart_384_020._native.native_decide.ax_1_1",
        "Erdos85.H3TripleCompletion.triplePart_384_021._native.native_decide.ax_1_1",
        "Erdos85.H3TripleCompletion.triplePart_384_022._native.native_decide.ax_1_1",
        "Erdos85.H3TripleCompletion.triplePart_384_023._native.native_decide.ax_1_1",
        "Erdos85.H3TripleCompletion.triplePart_384_024._native.native_decide.ax_1_1",
        "Erdos85.H3TripleCompletion.triplePart_384_025._native.native_decide.ax_1_1",
        "Erdos85.H3TripleCompletion.triplePart_384_026._native.native_decide.ax_1_1",
        "Erdos85.H3TripleCompletion.triplePart_384_027._native.native_decide.ax_1_1",
        "Erdos85.H3TripleCompletion.triplePart_384_028._native.native_decide.ax_1_1",
        "Erdos85.H3TripleCompletion.triplePart_384_029._native.native_decide.ax_1_1",
        "Erdos85.H3TripleCompletion.triplePart_384_030._native.native_decide.ax_1_1",
        "Erdos85.H3TripleCompletion.triplePart_384_031._native.native_decide.ax_1_1",
        "Erdos85.H3TripleCompletion.triplePart_384_032._native.native_decide.ax_1_1",
        "Erdos85.H3TripleCompletion.triplePart_384_033._native.native_decide.ax_1_1",
        "Erdos85.H3TripleCompletion.triplePart_384_034._native.native_decide.ax_1_1",
        "Erdos85.H3TripleCompletion.triplePart_384_035._native.native_decide.ax_1_1",
        "Erdos85.H3TripleCompletion.triplePart_384_036._native.native_decide.ax_1_1",
        "Erdos85.H3TripleCompletion.triplePart_384_037._native.native_decide.ax_1_1",
        "Erdos85.H3TripleCompletion.triplePart_384_038._native.native_decide.ax_1_1",
        "Erdos85.H3TripleCompletion.triplePart_384_039._native.native_decide.ax_1_1",
        "Erdos85.H3TripleCompletion.triplePart_384_040._native.native_decide.ax_1_1",
        "Erdos85.H3TripleCompletion.triplePart_384_041._native.native_decide.ax_1_1",
        "Erdos85.H3TripleCompletion.triplePart_384_042._native.native_decide.ax_1_1",
        "Erdos85.H3TripleCompletion.triplePart_384_043._native.native_decide.ax_1_1",
        "Erdos85.H3TripleCompletion.triplePart_384_044._native.native_decide.ax_1_1",
        "Erdos85.H3TripleCompletion.triplePart_384_045._native.native_decide.ax_1_1",
        "Erdos85.H3TripleCompletion.triplePart_384_046._native.native_decide.ax_1_1",
        "Erdos85.H3TripleCompletion.triplePart_384_047._native.native_decide.ax_1_1",
        "Erdos85.H3TripleCompletion.triplePart_384_048._native.native_decide.ax_1_1",
        "Erdos85.H3TripleCompletion.triplePart_384_049._native.native_decide.ax_1_1",
        "Erdos85.H3TripleCompletion.triplePart_384_050._native.native_decide.ax_1_1",
        "Erdos85.H3TripleCompletion.triplePart_384_051._native.native_decide.ax_1_1",
        "Erdos85.H3TripleCompletion.triplePart_384_052._native.native_decide.ax_1_1",
        "Erdos85.H3TripleCompletion.triplePart_384_053._native.native_decide.ax_1_1",
        "Erdos85.H3TripleCompletion.triplePart_384_054._native.native_decide.ax_1_1",
        "Erdos85.H3TripleCompletion.triplePart_384_055._native.native_decide.ax_1_1",
        "Erdos85.H3TripleCompletion.triplePart_384_056._native.native_decide.ax_1_1",
        "Erdos85.H3TripleCompletion.triplePart_384_057._native.native_decide.ax_1_1",
        "Erdos85.H3TripleCompletion.triplePart_384_058._native.native_decide.ax_1_1",
        "Erdos85.H3TripleCompletion.triplePart_384_059._native.native_decide.ax_1_1",
        "Erdos85.H3TripleCompletion.triplePart_384_060._native.native_decide.ax_1_1",
        "Erdos85.H3TripleCompletion.triplePart_384_061._native.native_decide.ax_1_1",
        "Erdos85.H3TripleCompletion.triplePart_384_062._native.native_decide.ax_1_1",
        "Erdos85.H3TripleCompletion.triplePart_384_063._native.native_decide.ax_1_1",
        "Erdos85.H3TripleCompletion.triplePart_384_064._native.native_decide.ax_1_1",
        "Erdos85.H3TripleCompletion.triplePart_384_065._native.native_decide.ax_1_1",
        "Erdos85.H3TripleCompletion.triplePart_384_066._native.native_decide.ax_1_1",
        "Erdos85.H3TripleCompletion.triplePart_384_067._native.native_decide.ax_1_1",
        "Erdos85.H3TripleCompletion.triplePart_384_068._native.native_decide.ax_1_1",
        "Erdos85.H3TripleCompletion.triplePart_384_069._native.native_decide.ax_1_1",
        "Erdos85.H3TripleCompletion.triplePart_384_070._native.native_decide.ax_1_1",
        "Erdos85.H3TripleCompletion.triplePart_384_071._native.native_decide.ax_1_1",
        "Erdos85.H3TripleCompletion.triplePart_384_072._native.native_decide.ax_1_1",
        "Erdos85.H3TripleCompletion.triplePart_384_073._native.native_decide.ax_1_1",
        "Erdos85.H3TripleCompletion.triplePart_384_074._native.native_decide.ax_1_1",
        "Erdos85.H3TripleCompletion.triplePart_384_075._native.native_decide.ax_1_1",
        "Erdos85.H3TripleCompletion.triplePart_384_076._native.native_decide.ax_1_1",
        "Erdos85.H3TripleCompletion.triplePart_384_077._native.native_decide.ax_1_1",
        "Erdos85.H3TripleCompletion.triplePart_384_078._native.native_decide.ax_1_1",
        "Erdos85.H3TripleCompletion.triplePart_384_079._native.native_decide.ax_1_1",
        "Erdos85.H3TripleCompletion.triplePart_384_080._native.native_decide.ax_1_1",
        "Erdos85.H3TripleCompletion.triplePart_384_081._native.native_decide.ax_1_1",
        "Erdos85.H3TripleCompletion.triplePart_384_082._native.native_decide.ax_1_1",
        "Erdos85.H3TripleCompletion.triplePart_384_083._native.native_decide.ax_1_1",
        "Erdos85.H3TripleCompletion.triplePart_384_084._native.native_decide.ax_1_1",
        "Erdos85.H3TripleCompletion.triplePart_384_085._native.native_decide.ax_1_1",
        "Erdos85.H3TripleCompletion.triplePart_384_086._native.native_decide.ax_1_1",
        "Erdos85.H3TripleCompletion.triplePart_384_087._native.native_decide.ax_1_1",
        "Erdos85.H3TripleCompletion.triplePart_384_088._native.native_decide.ax_1_1",
        "Erdos85.H3TripleCompletion.triplePart_384_089._native.native_decide.ax_1_1",
        "Erdos85.H3TripleCompletion.triplePart_384_090._native.native_decide.ax_1_1",
        "Erdos85.H3TripleCompletion.triplePart_384_091._native.native_decide.ax_1_1",
        "Erdos85.H3TripleCompletion.triplePart_384_092._native.native_decide.ax_1_1",
        "Erdos85.H3TripleCompletion.triplePart_384_093._native.native_decide.ax_1_1",
        "Erdos85.H3TripleCompletion.triplePart_384_094._native.native_decide.ax_1_1",
        "Erdos85.H3TripleCompletion.triplePart_384_095._native.native_decide.ax_1_1",
        "Erdos85.H3TripleCompletion.triplePart_384_096._native.native_decide.ax_1_1",
        "Erdos85.H3TripleCompletion.triplePart_384_097._native.native_decide.ax_1_1",
        "Erdos85.H3TripleCompletion.triplePart_384_098._native.native_decide.ax_1_1",
        "Erdos85.H3TripleCompletion.triplePart_384_099._native.native_decide.ax_1_1",
        "Erdos85.H3TripleCompletion.triplePart_384_100._native.native_decide.ax_1_1",
        "Erdos85.H3TripleCompletion.triplePart_384_101._native.native_decide.ax_1_1",
        "Erdos85.H3TripleCompletion.triplePart_384_102._native.native_decide.ax_1_1",
        "Erdos85.H3TripleCompletion.triplePart_384_103._native.native_decide.ax_1_1",
        "Erdos85.H3TripleCompletion.triplePart_384_104._native.native_decide.ax_1_1",
        "Erdos85.H3TripleCompletion.triplePart_384_105._native.native_decide.ax_1_1",
        "Erdos85.H3TripleCompletion.triplePart_384_106._native.native_decide.ax_1_1",
        "Erdos85.H3TripleCompletion.triplePart_384_107._native.native_decide.ax_1_1",
        "Erdos85.H3TripleCompletion.triplePart_384_108._native.native_decide.ax_1_1",
        "Erdos85.H3TripleCompletion.triplePart_384_109._native.native_decide.ax_1_1",
        "Erdos85.H3TripleCompletion.triplePart_384_110._native.native_decide.ax_1_1",
        "Erdos85.H3TripleCompletion.triplePart_384_111._native.native_decide.ax_1_1",
        "Erdos85.H3TripleCompletion.triplePart_384_112._native.native_decide.ax_1_1",
        "Erdos85.H3TripleCompletion.triplePart_384_113._native.native_decide.ax_1_1",
        "Erdos85.H3TripleCompletion.triplePart_384_114._native.native_decide.ax_1_1",
        "Erdos85.H3TripleCompletion.triplePart_384_115._native.native_decide.ax_1_1",
        "Erdos85.H3TripleCompletion.triplePart_384_116._native.native_decide.ax_1_1",
        "Erdos85.H3TripleCompletion.triplePart_384_117._native.native_decide.ax_1_1",
        "Erdos85.H3TripleCompletion.triplePart_384_118._native.native_decide.ax_1_1",
        "Erdos85.H3TripleCompletion.triplePart_384_119._native.native_decide.ax_1_1",
        "Erdos85.H3TripleCompletion.triplePart_384_120._native.native_decide.ax_1_1",
        "Erdos85.H3TripleCompletion.triplePart_384_121._native.native_decide.ax_1_1",
        "Erdos85.H3TripleCompletion.triplePart_384_122._native.native_decide.ax_1_1",
        "Erdos85.H3TripleCompletion.triplePart_384_123._native.native_decide.ax_1_1",
        "Erdos85.H3TripleCompletion.triplePart_384_124._native.native_decide.ax_1_1",
        "Erdos85.H3TripleCompletion.triplePart_384_125._native.native_decide.ax_1_1",
        "Erdos85.H3TripleCompletion.triplePart_384_126._native.native_decide.ax_1_1",
        "Erdos85.H3TripleCompletion.triplePart_384_127._native.native_decide.ax_1_1",
        "Erdos85.H3TripleCompletion.triplePart_384_128._native.native_decide.ax_1_1",
        "Erdos85.H3TripleCompletion.triplePart_384_129._native.native_decide.ax_1_1",
        "Erdos85.H3TripleCompletion.triplePart_384_130._native.native_decide.ax_1_1",
        "Erdos85.H3TripleCompletion.triplePart_384_131._native.native_decide.ax_1_1",
        "Erdos85.H3TripleCompletion.triplePart_384_132._native.native_decide.ax_1_1",
        "Erdos85.H3TripleCompletion.triplePart_384_133._native.native_decide.ax_1_1",
        "Erdos85.H3TripleCompletion.triplePart_384_134._native.native_decide.ax_1_1",
        "Erdos85.H3TripleCompletion.triplePart_384_135._native.native_decide.ax_1_1",
        "Erdos85.H3TripleCompletion.triplePart_384_136._native.native_decide.ax_1_1",
        "Erdos85.H3TripleCompletion.triplePart_384_137._native.native_decide.ax_1_1",
        "Erdos85.H3TripleCompletion.triplePart_384_138._native.native_decide.ax_1_1",
        "Erdos85.H3TripleCompletion.triplePart_384_139._native.native_decide.ax_1_1",
        "Erdos85.H3TripleCompletion.triplePart_384_140._native.native_decide.ax_1_1",
        "Erdos85.H3TripleCompletion.triplePart_384_141._native.native_decide.ax_1_1",
        "Erdos85.H3TripleCompletion.triplePart_384_142._native.native_decide.ax_1_1",
        "Erdos85.H3TripleCompletion.triplePart_384_143._native.native_decide.ax_1_1",
        "Erdos85.H3TripleCompletion.triplePart_384_144._native.native_decide.ax_1_1",
        "Erdos85.H3TripleCompletion.triplePart_384_145._native.native_decide.ax_1_1",
        "Erdos85.H3TripleCompletion.triplePart_384_146._native.native_decide.ax_1_1",
        "Erdos85.H3TripleCompletion.triplePart_384_147._native.native_decide.ax_1_1",
        "Erdos85.H3TripleCompletion.triplePart_384_148._native.native_decide.ax_1_1",
        "Erdos85.H3TripleCompletion.triplePart_384_149._native.native_decide.ax_1_1",
        "Erdos85.H3TripleCompletion.triplePart_384_150._native.native_decide.ax_1_1",
        "Erdos85.H3TripleCompletion.triplePart_384_151._native.native_decide.ax_1_1",
        "Erdos85.H3TripleCompletion.triplePart_384_152._native.native_decide.ax_1_1",
        "Erdos85.H3TripleCompletion.triplePart_384_153._native.native_decide.ax_1_1",
        "Erdos85.H3TripleCompletion.triplePart_384_154._native.native_decide.ax_1_1",
        "Erdos85.H3TripleCompletion.triplePart_384_155._native.native_decide.ax_1_1",
        "Erdos85.H3TripleCompletion.triplePart_384_156._native.native_decide.ax_1_1",
        "Erdos85.H3TripleCompletion.triplePart_384_157._native.native_decide.ax_1_1",
        "Erdos85.H3TripleCompletion.triplePart_384_158._native.native_decide.ax_1_1",
        "Erdos85.H3TripleCompletion.triplePart_384_159._native.native_decide.ax_1_1",
        "Erdos85.H3TripleCompletion.triplePart_384_160._native.native_decide.ax_1_1",
        "Erdos85.H3TripleCompletion.triplePart_384_161._native.native_decide.ax_1_1",
        "Erdos85.H3TripleCompletion.triplePart_384_162._native.native_decide.ax_1_1",
        "Erdos85.H3TripleCompletion.triplePart_384_163._native.native_decide.ax_1_1",
        "Erdos85.H3TripleCompletion.triplePart_384_164._native.native_decide.ax_1_1",
        "Erdos85.H3TripleCompletion.triplePart_384_165._native.native_decide.ax_1_1",
        "Erdos85.H3TripleCompletion.triplePart_384_166._native.native_decide.ax_1_1",
        "Erdos85.H3TripleCompletion.triplePart_384_167._native.native_decide.ax_1_1",
        "Erdos85.H3TripleCompletion.triplePart_384_168._native.native_decide.ax_1_1",
        "Erdos85.H3TripleCompletion.triplePart_384_169._native.native_decide.ax_1_1",
        "Erdos85.H3TripleCompletion.triplePart_384_170._native.native_decide.ax_1_1",
        "Erdos85.H3TripleCompletion.triplePart_384_171._native.native_decide.ax_1_1",
        "Erdos85.H3TripleCompletion.triplePart_384_172._native.native_decide.ax_1_1",
        "Erdos85.H3TripleCompletion.triplePart_384_173._native.native_decide.ax_1_1",
        "Erdos85.H3TripleCompletion.triplePart_384_174._native.native_decide.ax_1_1",
        "Erdos85.H3TripleCompletion.triplePart_384_175._native.native_decide.ax_1_1",
        "Erdos85.H3TripleCompletion.triplePart_384_176._native.native_decide.ax_1_1",
        "Erdos85.H3TripleCompletion.triplePart_384_177._native.native_decide.ax_1_1",
        "Erdos85.H3TripleCompletion.triplePart_384_178._native.native_decide.ax_1_1",
        "Erdos85.H3TripleCompletion.triplePart_384_179._native.native_decide.ax_1_1",
        "Erdos85.H3TripleCompletion.triplePart_384_180._native.native_decide.ax_1_1",
        "Erdos85.H3TripleCompletion.triplePart_384_181._native.native_decide.ax_1_1",
        "Erdos85.H3TripleCompletion.triplePart_384_182._native.native_decide.ax_1_1",
        "Erdos85.H3TripleCompletion.triplePart_384_183._native.native_decide.ax_1_1",
        "Erdos85.H3TripleCompletion.triplePart_384_184._native.native_decide.ax_1_1",
        "Erdos85.H3TripleCompletion.triplePart_384_185._native.native_decide.ax_1_1",
        "Erdos85.H3TripleCompletion.triplePart_384_186._native.native_decide.ax_1_1",
        "Erdos85.H3TripleCompletion.triplePart_384_187._native.native_decide.ax_1_1",
        "Erdos85.H3TripleCompletion.triplePart_384_188._native.native_decide.ax_1_1",
        "Erdos85.H3TripleCompletion.triplePart_384_189._native.native_decide.ax_1_1",
        "Erdos85.H3TripleCompletion.triplePart_384_190._native.native_decide.ax_1_1",
        "Erdos85.H3TripleCompletion.triplePart_384_191._native.native_decide.ax_1_1",
        "Erdos85.H3TripleCompletion.triplePart_384_192._native.native_decide.ax_1_1",
        "Erdos85.H3TripleCompletion.triplePart_384_193._native.native_decide.ax_1_1",
        "Erdos85.H3TripleCompletion.triplePart_384_194._native.native_decide.ax_1_1",
        "Erdos85.H3TripleCompletion.triplePart_384_195._native.native_decide.ax_1_1",
        "Erdos85.H3TripleCompletion.triplePart_384_196._native.native_decide.ax_1_1",
        "Erdos85.H3TripleCompletion.triplePart_384_197._native.native_decide.ax_1_1",
        "Erdos85.H3TripleCompletion.triplePart_384_198._native.native_decide.ax_1_1",
        "Erdos85.H3TripleCompletion.triplePart_384_199._native.native_decide.ax_1_1",
        "Erdos85.H3TripleCompletion.triplePart_384_200._native.native_decide.ax_1_1",
        "Erdos85.H3TripleCompletion.triplePart_384_201._native.native_decide.ax_1_1",
        "Erdos85.H3TripleCompletion.triplePart_384_202._native.native_decide.ax_1_1",
        "Erdos85.H3TripleCompletion.triplePart_384_203._native.native_decide.ax_1_1",
        "Erdos85.H3TripleCompletion.triplePart_384_204._native.native_decide.ax_1_1",
        "Erdos85.H3TripleCompletion.triplePart_384_205._native.native_decide.ax_1_1",
        "Erdos85.H3TripleCompletion.triplePart_384_206._native.native_decide.ax_1_1",
        "Erdos85.H3TripleCompletion.triplePart_384_207._native.native_decide.ax_1_1",
        "Erdos85.H3TripleCompletion.triplePart_384_208._native.native_decide.ax_1_1",
        "Erdos85.H3TripleCompletion.triplePart_384_209._native.native_decide.ax_1_1",
        "Erdos85.H3TripleCompletion.triplePart_384_210._native.native_decide.ax_1_1",
        "Erdos85.H3TripleCompletion.triplePart_384_211._native.native_decide.ax_1_1",
        "Erdos85.H3TripleCompletion.triplePart_384_212._native.native_decide.ax_1_1",
        "Erdos85.H3TripleCompletion.triplePart_384_213._native.native_decide.ax_1_1",
        "Erdos85.H3TripleCompletion.triplePart_384_214._native.native_decide.ax_1_1",
        "Erdos85.H3TripleCompletion.triplePart_384_215._native.native_decide.ax_1_1",
        "Erdos85.H3TripleCompletion.triplePart_384_216._native.native_decide.ax_1_1",
        "Erdos85.H3TripleCompletion.triplePart_384_217._native.native_decide.ax_1_1",
        "Erdos85.H3TripleCompletion.triplePart_384_218._native.native_decide.ax_1_1",
        "Erdos85.H3TripleCompletion.triplePart_384_219._native.native_decide.ax_1_1",
        "Erdos85.H3TripleCompletion.triplePart_384_220._native.native_decide.ax_1_1",
        "Erdos85.H3TripleCompletion.triplePart_384_221._native.native_decide.ax_1_1",
        "Erdos85.H3TripleCompletion.triplePart_384_222._native.native_decide.ax_1_1",
        "Erdos85.H3TripleCompletion.triplePart_384_223._native.native_decide.ax_1_1",
        "Erdos85.H3TripleCompletion.triplePart_384_224._native.native_decide.ax_1_1",
        "Erdos85.H3TripleCompletion.triplePart_384_225._native.native_decide.ax_1_1",
        "Erdos85.H3TripleCompletion.triplePart_384_226._native.native_decide.ax_1_1",
        "Erdos85.H3TripleCompletion.triplePart_384_227._native.native_decide.ax_1_1",
        "Erdos85.H3TripleCompletion.triplePart_384_228._native.native_decide.ax_1_1",
        "Erdos85.H3TripleCompletion.triplePart_384_229._native.native_decide.ax_1_1",
        "Erdos85.H3TripleCompletion.triplePart_384_230._native.native_decide.ax_1_1",
        "Erdos85.H3TripleCompletion.triplePart_384_231._native.native_decide.ax_1_1",
        "Erdos85.H3TripleCompletion.triplePart_384_232._native.native_decide.ax_1_1",
        "Erdos85.H3TripleCompletion.triplePart_384_233._native.native_decide.ax_1_1",
        "Erdos85.H3TripleCompletion.triplePart_384_234._native.native_decide.ax_1_1",
        "Erdos85.H3TripleCompletion.triplePart_384_235._native.native_decide.ax_1_1",
        "Erdos85.H3TripleCompletion.triplePart_384_236._native.native_decide.ax_1_1",
        "Erdos85.H3TripleCompletion.triplePart_384_237._native.native_decide.ax_1_1",
        "Erdos85.H3TripleCompletion.triplePart_384_238._native.native_decide.ax_1_1",
        "Erdos85.H3TripleCompletion.triplePart_384_239._native.native_decide.ax_1_1",
        "Erdos85.H3TripleCompletion.triplePart_384_240._native.native_decide.ax_1_1",
        "Erdos85.H3TripleCompletion.triplePart_384_241._native.native_decide.ax_1_1",
        "Erdos85.H3TripleCompletion.triplePart_384_242._native.native_decide.ax_1_1",
        "Erdos85.H3TripleCompletion.triplePart_384_243._native.native_decide.ax_1_1",
        "Erdos85.H3TripleCompletion.triplePart_384_244._native.native_decide.ax_1_1",
        "Erdos85.H3TripleCompletion.triplePart_384_245._native.native_decide.ax_1_1",
        "Erdos85.H3TripleCompletion.triplePart_384_246._native.native_decide.ax_1_1",
        "Erdos85.H3TripleCompletion.triplePart_384_247._native.native_decide.ax_1_1",
        "Erdos85.H3TripleCompletion.triplePart_384_248._native.native_decide.ax_1_1",
        "Erdos85.H3TripleCompletion.triplePart_384_249._native.native_decide.ax_1_1",
        "Erdos85.H3TripleCompletion.triplePart_384_250._native.native_decide.ax_1_1",
        "Erdos85.H3TripleCompletion.triplePart_384_251._native.native_decide.ax_1_1",
        "Erdos85.H3TripleCompletion.triplePart_384_252._native.native_decide.ax_1_1",
        "Erdos85.H3TripleCompletion.triplePart_384_253._native.native_decide.ax_1_1",
        "Erdos85.H3TripleCompletion.triplePart_384_254._native.native_decide.ax_1_1",
        "Erdos85.H3TripleCompletion.triplePart_384_255._native.native_decide.ax_1_1",
        "Erdos85.H3TripleCompletion.triplePart_384_256._native.native_decide.ax_1_1",
        "Erdos85.H3TripleCompletion.triplePart_384_257._native.native_decide.ax_1_1",
        "Erdos85.H3TripleCompletion.triplePart_384_258._native.native_decide.ax_1_1",
        "Erdos85.H3TripleCompletion.triplePart_384_259._native.native_decide.ax_1_1",
        "Erdos85.H3TripleCompletion.triplePart_384_260._native.native_decide.ax_1_1",
        "Erdos85.H3TripleCompletion.triplePart_384_261._native.native_decide.ax_1_1",
        "Erdos85.H3TripleCompletion.triplePart_384_262._native.native_decide.ax_1_1",
        "Erdos85.H3TripleCompletion.triplePart_384_263._native.native_decide.ax_1_1",
        "Erdos85.H3TripleCompletion.triplePart_384_264._native.native_decide.ax_1_1",
        "Erdos85.H3TripleCompletion.triplePart_384_265._native.native_decide.ax_1_1",
        "Erdos85.H3TripleCompletion.triplePart_384_266._native.native_decide.ax_1_1",
        "Erdos85.H3TripleCompletion.triplePart_384_267._native.native_decide.ax_1_1",
        "Erdos85.H3TripleCompletion.triplePart_384_268._native.native_decide.ax_1_1",
        "Erdos85.H3TripleCompletion.triplePart_384_269._native.native_decide.ax_1_1",
        "Erdos85.H3TripleCompletion.triplePart_384_270._native.native_decide.ax_1_1",
        "Erdos85.H3TripleCompletion.triplePart_384_271._native.native_decide.ax_1_1",
        "Erdos85.H3TripleCompletion.triplePart_384_272._native.native_decide.ax_1_1",
        "Erdos85.H3TripleCompletion.triplePart_384_273._native.native_decide.ax_1_1",
        "Erdos85.H3TripleCompletion.triplePart_384_274._native.native_decide.ax_1_1",
        "Erdos85.H3TripleCompletion.triplePart_384_275._native.native_decide.ax_1_1",
        "Erdos85.H3TripleCompletion.triplePart_384_276._native.native_decide.ax_1_1",
        "Erdos85.H3TripleCompletion.triplePart_384_277._native.native_decide.ax_1_1",
        "Erdos85.H3TripleCompletion.triplePart_384_278._native.native_decide.ax_1_1",
        "Erdos85.H3TripleCompletion.triplePart_384_279._native.native_decide.ax_1_1",
        "Erdos85.H3TripleCompletion.triplePart_384_280._native.native_decide.ax_1_1",
        "Erdos85.H3TripleCompletion.triplePart_384_281._native.native_decide.ax_1_1",
        "Erdos85.H3TripleCompletion.triplePart_384_282._native.native_decide.ax_1_1",
        "Erdos85.H3TripleCompletion.triplePart_384_283._native.native_decide.ax_1_1",
        "Erdos85.H3TripleCompletion.triplePart_384_284._native.native_decide.ax_1_1",
        "Erdos85.H3TripleCompletion.triplePart_384_285._native.native_decide.ax_1_1",
        "Erdos85.H3TripleCompletion.triplePart_384_286._native.native_decide.ax_1_1",
        "Erdos85.H3TripleCompletion.triplePart_384_287._native.native_decide.ax_1_1",
        "Erdos85.H3TripleCompletion.triplePart_384_288._native.native_decide.ax_1_1",
        "Erdos85.H3TripleCompletion.triplePart_384_289._native.native_decide.ax_1_1",
        "Erdos85.H3TripleCompletion.triplePart_384_290._native.native_decide.ax_1_1",
        "Erdos85.H3TripleCompletion.triplePart_384_291._native.native_decide.ax_1_1",
        "Erdos85.H3TripleCompletion.triplePart_384_292._native.native_decide.ax_1_1",
        "Erdos85.H3TripleCompletion.triplePart_384_293._native.native_decide.ax_1_1",
        "Erdos85.H3TripleCompletion.triplePart_384_294._native.native_decide.ax_1_1",
        "Erdos85.H3TripleCompletion.triplePart_384_295._native.native_decide.ax_1_1",
        "Erdos85.H3TripleCompletion.triplePart_384_296._native.native_decide.ax_1_1",
        "Erdos85.H3TripleCompletion.triplePart_384_297._native.native_decide.ax_1_1",
        "Erdos85.H3TripleCompletion.triplePart_384_298._native.native_decide.ax_1_1",
        "Erdos85.H3TripleCompletion.triplePart_384_299._native.native_decide.ax_1_1",
        "Erdos85.H3TripleCompletion.triplePart_384_300._native.native_decide.ax_1_1",
        "Erdos85.H3TripleCompletion.triplePart_384_301._native.native_decide.ax_1_1",
        "Erdos85.H3TripleCompletion.triplePart_384_302._native.native_decide.ax_1_1",
        "Erdos85.H3TripleCompletion.triplePart_384_303._native.native_decide.ax_1_1",
        "Erdos85.H3TripleCompletion.triplePart_384_304._native.native_decide.ax_1_1",
        "Erdos85.H3TripleCompletion.triplePart_384_305._native.native_decide.ax_1_1",
        "Erdos85.H3TripleCompletion.triplePart_384_306._native.native_decide.ax_1_1",
        "Erdos85.H3TripleCompletion.triplePart_384_307._native.native_decide.ax_1_1",
        "Erdos85.H3TripleCompletion.triplePart_384_308._native.native_decide.ax_1_1",
        "Erdos85.H3TripleCompletion.triplePart_384_309._native.native_decide.ax_1_1",
        "Erdos85.H3TripleCompletion.triplePart_384_310._native.native_decide.ax_1_1",
        "Erdos85.H3TripleCompletion.triplePart_384_311._native.native_decide.ax_1_1",
        "Erdos85.H3TripleCompletion.triplePart_384_312._native.native_decide.ax_1_1",
        "Erdos85.H3TripleCompletion.triplePart_384_313._native.native_decide.ax_1_1",
        "Erdos85.H3TripleCompletion.triplePart_384_314._native.native_decide.ax_1_1",
        "Erdos85.H3TripleCompletion.triplePart_384_315._native.native_decide.ax_1_1",
        "Erdos85.H3TripleCompletion.triplePart_384_316._native.native_decide.ax_1_1",
        "Erdos85.H3TripleCompletion.triplePart_384_317._native.native_decide.ax_1_1",
        "Erdos85.H3TripleCompletion.triplePart_384_318._native.native_decide.ax_1_1",
        "Erdos85.H3TripleCompletion.triplePart_384_319._native.native_decide.ax_1_1",
        "Erdos85.H3TripleCompletion.triplePart_384_320._native.native_decide.ax_1_1",
        "Erdos85.H3TripleCompletion.triplePart_384_321._native.native_decide.ax_1_1",
        "Erdos85.H3TripleCompletion.triplePart_384_322._native.native_decide.ax_1_1",
        "Erdos85.H3TripleCompletion.triplePart_384_323._native.native_decide.ax_1_1",
        "Erdos85.H3TripleCompletion.triplePart_384_324._native.native_decide.ax_1_1",
        "Erdos85.H3TripleCompletion.triplePart_384_325._native.native_decide.ax_1_1",
        "Erdos85.H3TripleCompletion.triplePart_384_326._native.native_decide.ax_1_1",
        "Erdos85.H3TripleCompletion.triplePart_384_327._native.native_decide.ax_1_1",
        "Erdos85.H3TripleCompletion.triplePart_384_328._native.native_decide.ax_1_1",
        "Erdos85.H3TripleCompletion.triplePart_384_329._native.native_decide.ax_1_1",
        "Erdos85.H3TripleCompletion.triplePart_384_330._native.native_decide.ax_1_1",
        "Erdos85.H3TripleCompletion.triplePart_384_331._native.native_decide.ax_1_1",
        "Erdos85.H3TripleCompletion.triplePart_384_332._native.native_decide.ax_1_1",
        "Erdos85.H3TripleCompletion.triplePart_384_333._native.native_decide.ax_1_1",
        "Erdos85.H3TripleCompletion.triplePart_384_334._native.native_decide.ax_1_1",
        "Erdos85.H3TripleCompletion.triplePart_384_335._native.native_decide.ax_1_1",
        "Erdos85.H3TripleCompletion.triplePart_384_336._native.native_decide.ax_1_1",
        "Erdos85.H3TripleCompletion.triplePart_384_337._native.native_decide.ax_1_1",
        "Erdos85.H3TripleCompletion.triplePart_384_338._native.native_decide.ax_1_1",
        "Erdos85.H3TripleCompletion.triplePart_384_339._native.native_decide.ax_1_1",
        "Erdos85.H3TripleCompletion.triplePart_384_340._native.native_decide.ax_1_1",
        "Erdos85.H3TripleCompletion.triplePart_384_341._native.native_decide.ax_1_1",
        "Erdos85.H3TripleCompletion.triplePart_384_342._native.native_decide.ax_1_1",
        "Erdos85.H3TripleCompletion.triplePart_384_343._native.native_decide.ax_1_1",
        "Erdos85.H3TripleCompletion.triplePart_384_344._native.native_decide.ax_1_1",
        "Erdos85.H3TripleCompletion.triplePart_384_345._native.native_decide.ax_1_1",
        "Erdos85.H3TripleCompletion.triplePart_384_346._native.native_decide.ax_1_1",
        "Erdos85.H3TripleCompletion.triplePart_384_347._native.native_decide.ax_1_1",
        "Erdos85.H3TripleCompletion.triplePart_384_348._native.native_decide.ax_1_1",
        "Erdos85.H3TripleCompletion.triplePart_384_349._native.native_decide.ax_1_1",
        "Erdos85.H3TripleCompletion.triplePart_384_350._native.native_decide.ax_1_1",
        "Erdos85.H3TripleCompletion.triplePart_384_351._native.native_decide.ax_1_1",
        "Erdos85.H3TripleCompletion.triplePart_384_352._native.native_decide.ax_1_1",
        "Erdos85.H3TripleCompletion.triplePart_384_353._native.native_decide.ax_1_1",
        "Erdos85.H3TripleCompletion.triplePart_384_354._native.native_decide.ax_1_1",
        "Erdos85.H3TripleCompletion.triplePart_384_355._native.native_decide.ax_1_1",
        "Erdos85.H3TripleCompletion.triplePart_384_356._native.native_decide.ax_1_1",
        "Erdos85.H3TripleCompletion.triplePart_384_357._native.native_decide.ax_1_1",
        "Erdos85.H3TripleCompletion.triplePart_384_358._native.native_decide.ax_1_1",
        "Erdos85.H3TripleCompletion.triplePart_384_359._native.native_decide.ax_1_1",
        "Erdos85.H3TripleCompletion.triplePart_384_360._native.native_decide.ax_1_1",
        "Erdos85.H3TripleCompletion.triplePart_384_361._native.native_decide.ax_1_1",
        "Erdos85.H3TripleCompletion.triplePart_384_362._native.native_decide.ax_1_1",
        "Erdos85.H3TripleCompletion.triplePart_384_363._native.native_decide.ax_1_1",
        "Erdos85.H3TripleCompletion.triplePart_384_364._native.native_decide.ax_1_1",
        "Erdos85.H3TripleCompletion.triplePart_384_365._native.native_decide.ax_1_1",
        "Erdos85.H3TripleCompletion.triplePart_384_366._native.native_decide.ax_1_1",
        "Erdos85.H3TripleCompletion.triplePart_384_367._native.native_decide.ax_1_1",
        "Erdos85.H3TripleCompletion.triplePart_384_368._native.native_decide.ax_1_1",
        "Erdos85.H3TripleCompletion.triplePart_384_369._native.native_decide.ax_1_1",
        "Erdos85.H3TripleCompletion.triplePart_384_370._native.native_decide.ax_1_1",
        "Erdos85.H3TripleCompletion.triplePart_384_371._native.native_decide.ax_1_1",
        "Erdos85.H3TripleCompletion.triplePart_384_372._native.native_decide.ax_1_1",
        "Erdos85.H3TripleCompletion.triplePart_384_373._native.native_decide.ax_1_1",
        "Erdos85.H3TripleCompletion.triplePart_384_374._native.native_decide.ax_1_1",
        "Erdos85.H3TripleCompletion.triplePart_384_375._native.native_decide.ax_1_1",
        "Erdos85.H3TripleCompletion.triplePart_384_376._native.native_decide.ax_1_1",
        "Erdos85.H3TripleCompletion.triplePart_384_377._native.native_decide.ax_1_1",
        "Erdos85.H3TripleCompletion.triplePart_384_378._native.native_decide.ax_1_1",
        "Erdos85.H3TripleCompletion.triplePart_384_379._native.native_decide.ax_1_1",
        "Erdos85.H3TripleCompletion.triplePart_384_380._native.native_decide.ax_1_1",
        "Erdos85.H3TripleCompletion.triplePart_384_381._native.native_decide.ax_1_1",
        "Erdos85.H3TripleCompletion.triplePart_384_382._native.native_decide.ax_1_1",
        "Erdos85.H3TripleCompletion.triplePart_384_383._native.native_decide.ax_1_1",
        "Erdos85.H5.cellPartF_0_4_16_00._native.native_decide.ax_1_1",
        "Erdos85.H5.cellPartF_0_4_16_01._native.native_decide.ax_1_1",
        "Erdos85.H5.cellPartF_0_4_16_02._native.native_decide.ax_1_1",
        "Erdos85.H5.cellPartF_0_4_16_03._native.native_decide.ax_1_1",
        "Erdos85.H5.cellPartF_0_4_16_04._native.native_decide.ax_1_1",
        "Erdos85.H5.cellPartF_0_4_16_05._native.native_decide.ax_1_1",
        "Erdos85.H5.cellPartF_0_4_16_06._native.native_decide.ax_1_1",
        "Erdos85.H5.cellPartF_0_4_16_07._native.native_decide.ax_1_1",
        "Erdos85.H5.cellPartF_0_4_16_08._native.native_decide.ax_1_1",
        "Erdos85.H5.cellPartF_0_4_16_09._native.native_decide.ax_1_1",
        "Erdos85.H5.cellPartF_0_4_16_10._native.native_decide.ax_1_1",
        "Erdos85.H5.cellPartF_0_4_16_11._native.native_decide.ax_1_1",
        "Erdos85.H5.cellPartF_0_4_16_12._native.native_decide.ax_1_1",
        "Erdos85.H5.cellPartF_0_4_16_13._native.native_decide.ax_1_1",
        "Erdos85.H5.cellPartF_0_4_16_14._native.native_decide.ax_1_1",
        "Erdos85.H5.cellPartF_0_4_16_15._native.native_decide.ax_1_1",
        "Erdos85.H5.cellPartF_1_6_16_00._native.native_decide.ax_1_1",
        "Erdos85.H5.cellPartF_1_6_16_01._native.native_decide.ax_1_1",
        "Erdos85.H5.cellPartF_1_6_16_02._native.native_decide.ax_1_1",
        "Erdos85.H5.cellPartF_1_6_16_03._native.native_decide.ax_1_1",
        "Erdos85.H5.cellPartF_1_6_16_04._native.native_decide.ax_1_1",
        "Erdos85.H5.cellPartF_1_6_16_05._native.native_decide.ax_1_1",
        "Erdos85.H5.cellPartF_1_6_16_06._native.native_decide.ax_1_1",
        "Erdos85.H5.cellPartF_1_6_16_07._native.native_decide.ax_1_1",
        "Erdos85.H5.cellPartF_1_6_16_08._native.native_decide.ax_1_1",
        "Erdos85.H5.cellPartF_1_6_16_09._native.native_decide.ax_1_1",
        "Erdos85.H5.cellPartF_1_6_16_10._native.native_decide.ax_1_1",
        "Erdos85.H5.cellPartF_1_6_16_11._native.native_decide.ax_1_1",
        "Erdos85.H5.cellPartF_1_6_16_12._native.native_decide.ax_1_1",
        "Erdos85.H5.cellPartF_1_6_16_13._native.native_decide.ax_1_1",
        "Erdos85.H5.cellPartF_1_6_16_14._native.native_decide.ax_1_1",
        "Erdos85.H5.cellPartF_1_6_16_15._native.native_decide.ax_1_1",
        "Erdos85.H5.cellPartF_2_12_8_00._native.native_decide.ax_1_1",
        "Erdos85.H5.cellPartF_2_12_8_01._native.native_decide.ax_1_1",
        "Erdos85.H5.cellPartF_2_12_8_02._native.native_decide.ax_1_1",
        "Erdos85.H5.cellPartF_2_12_8_03._native.native_decide.ax_1_1",
        "Erdos85.H5.cellPartF_2_12_8_04._native.native_decide.ax_1_1",
        "Erdos85.H5.cellPartF_2_12_8_05._native.native_decide.ax_1_1",
        "Erdos85.H5.cellPartF_2_12_8_06._native.native_decide.ax_1_1",
        "Erdos85.H5.cellPartF_2_12_8_07._native.native_decide.ax_1_1"
      ]
    }
  ],
  "object": {
    "sha256": "938512cc7510b59c3187b10bdf9f4de55b2a8f139ebb52bebd74c9ec6ad41629",
    "bytes": 134648,
    "mtime": 1791472626.2448921
  }
}
'Erdos85.not_c4FreeMinDegreeWitness_fortyNine_seven_of_h1_h7Evidence' depends on axioms: [propext,
 Classical.choice,
 Quot.sound,
 Erdos85.card_filter_oneHighCanonicalBranchAdj._native.native_decide.ax_1_1,
 Erdos85.enumerateOneHighTableValues_complete._native.native_decide.ax_1_1,
 Erdos85.extend_five_linear_triples_canonical._native.native_decide.ax_1_1,
 Erdos85.extend_five_linear_triples_canonical._native.native_decide.ax_1_2,
 Erdos85.extend_four_linear_triples_canonical._native.native_decide.ax_1_1,
 Erdos85.extend_four_linear_triples_canonical._native.native_decide.ax_1_2,
 Erdos85.extend_four_linear_triples_canonical._native.native_decide.ax_1_3,
 Erdos85.extend_six_linear_triples_canonical._native.native_decide.ax_1_1,
 Erdos85.finEight_standardMate_canonicalize_marked._native.native_decide.ax_1_1,
 Erdos85.finFive_exists_canonical_lex_perm._native.native_decide.ax_1_1,
 Erdos85.finFive_matchingBits_canonical._native.native_decide.ax_1_1,
 Erdos85.fiveHighCanonicalFiberCover_one._native.native_decide.ax_1_1,
 Erdos85.fiveHighCanonicalFiberCover_two._native.native_decide.ax_1_1,
 Erdos85.fiveHighCanonicalFiberCover_two._native.native_decide.ax_1_2,
 Erdos85.fiveHighCanonicalFiberCover_zero._native.native_decide.ax_1_1,
 Erdos85.fiveHigh_t0_mask_key_fiber_card._native.native_decide.ax_1_1,
 Erdos85.fiveHigh_t1_mask_key_fiber_card._native.native_decide.ax_1_1,
 Erdos85.fiveHigh_t2_local_triple_card._native.native_decide.ax_1_10,
 Erdos85.fiveHigh_t2_local_triple_card._native.native_decide.ax_1_11,
 Erdos85.fiveHigh_t2_local_triple_card._native.native_decide.ax_1_12,
 Erdos85.fiveHigh_t2_local_triple_card._native.native_decide.ax_1_13,
 Erdos85.fiveHigh_t2_local_triple_card._native.native_decide.ax_1_4,
 Erdos85.fiveHigh_t2_local_triple_card._native.native_decide.ax_1_5,
 Erdos85.fiveHigh_t2_local_triple_card._native.native_decide.ax_1_6,
 Erdos85.fiveHigh_t2_local_triple_card._native.native_decide.ax_1_7,
 Erdos85.fiveHigh_t2_local_triple_card._native.native_decide.ax_1_8,
 Erdos85.fiveHigh_t2_local_triple_card._native.native_decide.ax_1_9,
 Erdos85.fiveHigh_t2_mask_key_fiber_card._native.native_decide.ax_1_1,
 Erdos85.fiveHigh_t2_mask_key_fiber_card._native.native_decide.ax_1_2,
 Erdos85.fixed_first_four_linear_triples_canonical_packed._native.native_decide.ax_1_1,
 Erdos85.fixed_first_three_linear_triples_canonical._native.native_decide.ax_1_1,
 Erdos85.oneHighBranchEdgeIndex_eq_iff._native.native_decide.ax_1_1,
 Erdos85.oneHighBranchEdgeIndex_lt._native.native_decide.ax_1_1,
 Erdos85.oneHighFamilyV2LowerTablePairs_mem_bounds._native.native_decide.ax_1_1,
 Erdos85.oneHighFamily_xor_one_lt_eight._native.native_decide.ax_1_1,
 Erdos85.oneHighInventoryRows_relevant_lt_five._native.native_decide.ax_1_1,
 Erdos85.oneHighPrunedEnumRawKeySet_eq_inventoryOrbit_four._native.native_decide.ax_1_1,
 Erdos85.oneHighPrunedEnumRawKeySet_eq_inventoryOrbit_one._native.native_decide.ax_1_1,
 Erdos85.oneHighPrunedEnumRawKeySet_eq_inventoryOrbit_three._native.native_decide.ax_1_1,
 Erdos85.oneHighPrunedEnumRawKeySet_eq_inventoryOrbit_two._native.native_decide.ax_1_1,
 Erdos85.oneHighPrunedEnumRawKeySet_eq_inventoryOrbit_zero._native.native_decide.ax_1_1,
 Erdos85.oneHighPrunedEnumeratorComplete._native.native_decide.ax_1_1,
 Erdos85.oneHighRelevantPairList_complete._native.native_decide.ax_1_1,
 Erdos85.oneHighRelevantPairList_nodup._native.native_decide.ax_1_1,
 Erdos85.oneHighRelevantPair_mem_tablePairs._native.native_decide.ax_1_1,
 Erdos85.oneHighStandardMate_even_pair._native.native_decide.ax_1_1,
 Erdos85.oneHighStandardMate_even_pair._native.native_decide.ax_1_2,
 Erdos85.oneHighStandardMate_even_pair._native.native_decide.ax_1_3,
 Erdos85.oneHighStandardMate_even_pair._native.native_decide.ax_1_4,
 Erdos85.orderFortyNineDegreeBlocks_seven_nonzero._native.native_decide.ax_1_1,
 Erdos85.orderFortyNineH7HighPairs_ne._native.native_decide.ax_1_1,
 Erdos85.orderFortyNineT2RepA_check._native.native_decide.ax_1_1,
 Erdos85.orderFortyNineT2RepB_check._native.native_decide.ax_1_1,
 Erdos85.orderFortyNineT3Rep0_check._native.native_decide.ax_1_1,
 Erdos85.orderFortyNineT3Rep1_check._native.native_decide.ax_1_1,
 Erdos85.orderFortyNineT3Rep2_check._native.native_decide.ax_1_1,
 Erdos85.orderFortyNineT3Rep3_check._native.native_decide.ax_1_1,
 Erdos85.orderFortyNineT3Rep4_check._native.native_decide.ax_1_1,
 Erdos85.orderFortyNineT4Rep0_check._native.native_decide.ax_1_1,
 Erdos85.orderFortyNineT4Rep10_check._native.native_decide.ax_1_1,
 Erdos85.orderFortyNineT4Rep1_check._native.native_decide.ax_1_1,
 Erdos85.orderFortyNineT4Rep2_check._native.native_decide.ax_1_1,
 Erdos85.orderFortyNineT4Rep3_check._native.native_decide.ax_1_1,
 Erdos85.orderFortyNineT4Rep4_check._native.native_decide.ax_1_1,
 Erdos85.orderFortyNineT4Rep5_check._native.native_decide.ax_1_1,
 Erdos85.orderFortyNineT4Rep6_check._native.native_decide.ax_1_1,
 Erdos85.orderFortyNineT4Rep7_check._native.native_decide.ax_1_1,
 Erdos85.orderFortyNineT4Rep8_check._native.native_decide.ax_1_1,
 Erdos85.orderFortyNineT4Rep9_check._native.native_decide.ax_1_1,
 Erdos85.sevenHighCanonicalFiberCover_five._native.native_decide.ax_1_1,
 Erdos85.sevenHighCanonicalFiberCover_five._native.native_decide.ax_1_2,
 Erdos85.sevenHighCanonicalFiberCover_five._native.native_decide.ax_1_3,
 Erdos85.sevenHighCanonicalFiberCover_five._native.native_decide.ax_1_4,
 Erdos85.sevenHighCanonicalFiberCover_four._native.native_decide.ax_1_1,
 Erdos85.sevenHighCanonicalFiberCover_four._native.native_decide.ax_1_2,
 Erdos85.sevenHighCanonicalFiberCover_four._native.native_decide.ax_1_3,
 Erdos85.sevenHighCanonicalFiberCover_four._native.native_decide.ax_1_4,
 Erdos85.sevenHighCanonicalFiberCover_four._native.native_decide.ax_1_5,
 Erdos85.sevenHighCanonicalFiberCover_four._native.native_decide.ax_1_6,
 Erdos85.sevenHighCanonicalFiberCover_one._native.native_decide.ax_1_1,
 Erdos85.sevenHighCanonicalFiberCover_one._native.native_decide.ax_1_2,
 Erdos85.sevenHighCanonicalFiberCover_seven._native.native_decide.ax_1_1,
 Erdos85.sevenHighCanonicalFiberCover_seven._native.native_decide.ax_1_2,
 Erdos85.sevenHighCanonicalFiberCover_six._native.native_decide.ax_1_1,
 Erdos85.sevenHighCanonicalFiberCover_six._native.native_decide.ax_1_2,
 Erdos85.sevenHighCanonicalFiberCover_three._native.native_decide.ax_1_1,
 Erdos85.sevenHighCanonicalFiberCover_three._native.native_decide.ax_1_2,
 Erdos85.sevenHighCanonicalFiberCover_three._native.native_decide.ax_1_3,
 Erdos85.sevenHighCanonicalFiberCover_three._native.native_decide.ax_1_4,
 Erdos85.sevenHighCanonicalFiberCover_three._native.native_decide.ax_1_5,
 Erdos85.sevenHighCanonicalFiberCover_three._native.native_decide.ax_1_6,
 Erdos85.sevenHighCanonicalFiberCover_two._native.native_decide.ax_1_1,
 Erdos85.sevenHighCanonicalFiberCover_two._native.native_decide.ax_1_2,
 Erdos85.sevenHighCanonicalFiberCover_two._native.native_decide.ax_1_3,
 Erdos85.sevenHighCanonicalFiberCover_two._native.native_decide.ax_1_4,
 Erdos85.sevenHighCanonicalFiberCover_zero._native.native_decide.ax_1_1,
 Erdos85.sevenHighCanonicalFiberCover_zero._native.native_decide.ax_1_2,
 Erdos85.sevenHighT0CanonicalEmptyPermutationAction_table._native.native_decide.ax_1_1,
 Erdos85.sevenHighT0CanonicalEmptyRepresentative_orbit_cover._native.native_decide.ax_1_1,
 Erdos85.sevenHighT1Rep0_check._native.native_decide.ax_1_1,
 Erdos85.sevenHighT2Rep0_check._native.native_decide.ax_1_1,
 Erdos85.sevenHighT2Rep1_check._native.native_decide.ax_1_1,
 Erdos85.sevenHighT3Rep0_check._native.native_decide.ax_1_1,
 Erdos85.sevenHighT3Rep1_check._native.native_decide.ax_1_1,
 Erdos85.sevenHighT3Rep2_check._native.native_decide.ax_1_1,
 Erdos85.sevenHighT3TripleSet_member_card._native.native_decide.ax_1_1,
 Erdos85.sevenHighT3TripleSet_member_card._native.native_decide.ax_1_2,
 Erdos85.sevenHighT3TripleSet_member_card._native.native_decide.ax_1_3,
 Erdos85.sevenHighT4Rep0_check._native.native_decide.ax_1_1,
 Erdos85.sevenHighT4Rep1_check._native.native_decide.ax_1_1,
 Erdos85.sevenHighT4Rep2_check._native.native_decide.ax_1_1,
 Erdos85.sevenHighT4TripleSet_member_card._native.native_decide.ax_1_1,
 Erdos85.sevenHighT4TripleSet_member_card._native.native_decide.ax_1_2,
 Erdos85.sevenHighT4TripleSet_member_card._native.native_decide.ax_1_3,
 Erdos85.sevenHighT5Rep0_check._native.native_decide.ax_1_1,
 Erdos85.sevenHighT5Rep1_check._native.native_decide.ax_1_1,
 Erdos85.sevenHighT5TripleSet_member_card._native.native_decide.ax_1_1,
 Erdos85.sevenHighT5TripleSet_member_card._native.native_decide.ax_1_2,
 Erdos85.sevenHighT6Rep0_check._native.native_decide.ax_1_1,
 Erdos85.sevenHighT6TripleSet_member_card._native.native_decide.ax_1_1,
 Erdos85.sevenHighT7Rep0_check._native.native_decide.ax_1_1,
 Erdos85.sevenHighT7TripleSet_member_card._native.native_decide.ax_1_1,
 Erdos85.sevenHigh_t0_mask_key_fiber_card._native.native_decide.ax_1_1,
 Erdos85.sevenHigh_t1_mask_key_fiber_card._native.native_decide.ax_1_1,
 Erdos85.sevenHigh_t2_local_triple_card._native.native_decide.ax_1_10,
 Erdos85.sevenHigh_t2_local_triple_card._native.native_decide.ax_1_11,
 Erdos85.sevenHigh_t2_local_triple_card._native.native_decide.ax_1_12,
 Erdos85.sevenHigh_t2_local_triple_card._native.native_decide.ax_1_13,
 Erdos85.sevenHigh_t2_local_triple_card._native.native_decide.ax_1_14,
 Erdos85.sevenHigh_t2_local_triple_card._native.native_decide.ax_1_15,
 Erdos85.sevenHigh_t2_local_triple_card._native.native_decide.ax_1_16,
 Erdos85.sevenHigh_t2_local_triple_card._native.native_decide.ax_1_17,
 Erdos85.sevenHigh_t2_local_triple_card._native.native_decide.ax_1_4,
 Erdos85.sevenHigh_t2_local_triple_card._native.native_decide.ax_1_5,
 Erdos85.sevenHigh_t2_local_triple_card._native.native_decide.ax_1_6,
 Erdos85.sevenHigh_t2_local_triple_card._native.native_decide.ax_1_7,
 Erdos85.sevenHigh_t2_local_triple_card._native.native_decide.ax_1_8,
 Erdos85.sevenHigh_t2_local_triple_card._native.native_decide.ax_1_9,
 Erdos85.sevenHigh_t2_mask_key_fiber_card._native.native_decide.ax_1_1,
 Erdos85.sevenHigh_t2_mask_key_fiber_card._native.native_decide.ax_1_2,
 Erdos85.sevenHigh_t3_mask_key_fiber_card._native.native_decide.ax_1_1,
 Erdos85.sevenHigh_t3_mask_key_fiber_card._native.native_decide.ax_1_2,
 Erdos85.sevenHigh_t3_mask_key_fiber_card._native.native_decide.ax_1_3,
 Erdos85.sevenHigh_t4_mask_key_fiber_card._native.native_decide.ax_1_1,
 Erdos85.sevenHigh_t4_mask_key_fiber_card._native.native_decide.ax_1_2,
 Erdos85.sevenHigh_t4_mask_key_fiber_card._native.native_decide.ax_1_3,
 Erdos85.sevenHigh_t5_mask_key_fiber_card._native.native_decide.ax_1_1,
 Erdos85.sevenHigh_t5_mask_key_fiber_card._native.native_decide.ax_1_2,
 Erdos85.sevenHigh_t6_mask_key_fiber_card._native.native_decide.ax_1_1,
 Erdos85.sevenHigh_t7_mask_key_fiber_card._native.native_decide.ax_1_1,
 Erdos85.H3Pair.pairPart_24_00._native.native_decide.ax_1_1,
 Erdos85.H3Pair.pairPart_24_01._native.native_decide.ax_1_1,
 Erdos85.H3Pair.pairPart_24_02._native.native_decide.ax_1_1,
 Erdos85.H3Pair.pairPart_24_03._native.native_decide.ax_1_1,
 Erdos85.H3Pair.pairPart_24_04._native.native_decide.ax_1_1,
 Erdos85.H3Pair.pairPart_24_05._native.native_decide.ax_1_1,
 Erdos85.H3Pair.pairPart_24_06._native.native_decide.ax_1_1,
 Erdos85.H3Pair.pairPart_24_07._native.native_decide.ax_1_1,
 Erdos85.H3Pair.pairPart_24_08._native.native_decide.ax_1_1,
 Erdos85.H3Pair.pairPart_24_09._native.native_decide.ax_1_1,
 Erdos85.H3Pair.pairPart_24_10._native.native_decide.ax_1_1,
 Erdos85.H3Pair.pairPart_24_11._native.native_decide.ax_1_1,
 Erdos85.H3Pair.pairPart_24_12._native.native_decide.ax_1_1,
 Erdos85.H3Pair.pairPart_24_13._native.native_decide.ax_1_1,
 Erdos85.H3Pair.pairPart_24_14._native.native_decide.ax_1_1,
 Erdos85.H3Pair.pairPart_24_15._native.native_decide.ax_1_1,
 Erdos85.H3Pair.pairPart_24_16._native.native_decide.ax_1_1,
 Erdos85.H3Pair.pairPart_24_17._native.native_decide.ax_1_1,
 Erdos85.H3Pair.pairPart_24_18._native.native_decide.ax_1_1,
 Erdos85.H3Pair.pairPart_24_19._native.native_decide.ax_1_1,
 Erdos85.H3Pair.pairPart_24_20._native.native_decide.ax_1_1,
 Erdos85.H3Pair.pairPart_24_21._native.native_decide.ax_1_1,
 Erdos85.H3Pair.pairPart_24_22._native.native_decide.ax_1_1,
 Erdos85.H3Pair.pairPart_24_23._native.native_decide.ax_1_1,
 Erdos85.H3TripleCompletion.triplePart_384_000._native.native_decide.ax_1_1,
 Erdos85.H3TripleCompletion.triplePart_384_001._native.native_decide.ax_1_1,
 Erdos85.H3TripleCompletion.triplePart_384_002._native.native_decide.ax_1_1,
 Erdos85.H3TripleCompletion.triplePart_384_003._native.native_decide.ax_1_1,
 Erdos85.H3TripleCompletion.triplePart_384_004._native.native_decide.ax_1_1,
 Erdos85.H3TripleCompletion.triplePart_384_005._native.native_decide.ax_1_1,
 Erdos85.H3TripleCompletion.triplePart_384_006._native.native_decide.ax_1_1,
 Erdos85.H3TripleCompletion.triplePart_384_007._native.native_decide.ax_1_1,
 Erdos85.H3TripleCompletion.triplePart_384_008._native.native_decide.ax_1_1,
 Erdos85.H3TripleCompletion.triplePart_384_009._native.native_decide.ax_1_1,
 Erdos85.H3TripleCompletion.triplePart_384_010._native.native_decide.ax_1_1,
 Erdos85.H3TripleCompletion.triplePart_384_011._native.native_decide.ax_1_1,
 Erdos85.H3TripleCompletion.triplePart_384_012._native.native_decide.ax_1_1,
 Erdos85.H3TripleCompletion.triplePart_384_013._native.native_decide.ax_1_1,
 Erdos85.H3TripleCompletion.triplePart_384_014._native.native_decide.ax_1_1,
 Erdos85.H3TripleCompletion.triplePart_384_015._native.native_decide.ax_1_1,
 Erdos85.H3TripleCompletion.triplePart_384_016._native.native_decide.ax_1_1,
 Erdos85.H3TripleCompletion.triplePart_384_017._native.native_decide.ax_1_1,
 Erdos85.H3TripleCompletion.triplePart_384_018._native.native_decide.ax_1_1,
 Erdos85.H3TripleCompletion.triplePart_384_019._native.native_decide.ax_1_1,
 Erdos85.H3TripleCompletion.triplePart_384_020._native.native_decide.ax_1_1,
 Erdos85.H3TripleCompletion.triplePart_384_021._native.native_decide.ax_1_1,
 Erdos85.H3TripleCompletion.triplePart_384_022._native.native_decide.ax_1_1,
 Erdos85.H3TripleCompletion.triplePart_384_023._native.native_decide.ax_1_1,
 Erdos85.H3TripleCompletion.triplePart_384_024._native.native_decide.ax_1_1,
 Erdos85.H3TripleCompletion.triplePart_384_025._native.native_decide.ax_1_1,
 Erdos85.H3TripleCompletion.triplePart_384_026._native.native_decide.ax_1_1,
 Erdos85.H3TripleCompletion.triplePart_384_027._native.native_decide.ax_1_1,
 Erdos85.H3TripleCompletion.triplePart_384_028._native.native_decide.ax_1_1,
 Erdos85.H3TripleCompletion.triplePart_384_029._native.native_decide.ax_1_1,
 Erdos85.H3TripleCompletion.triplePart_384_030._native.native_decide.ax_1_1,
 Erdos85.H3TripleCompletion.triplePart_384_031._native.native_decide.ax_1_1,
 Erdos85.H3TripleCompletion.triplePart_384_032._native.native_decide.ax_1_1,
 Erdos85.H3TripleCompletion.triplePart_384_033._native.native_decide.ax_1_1,
 Erdos85.H3TripleCompletion.triplePart_384_034._native.native_decide.ax_1_1,
 Erdos85.H3TripleCompletion.triplePart_384_035._native.native_decide.ax_1_1,
 Erdos85.H3TripleCompletion.triplePart_384_036._native.native_decide.ax_1_1,
 Erdos85.H3TripleCompletion.triplePart_384_037._native.native_decide.ax_1_1,
 Erdos85.H3TripleCompletion.triplePart_384_038._native.native_decide.ax_1_1,
 Erdos85.H3TripleCompletion.triplePart_384_039._native.native_decide.ax_1_1,
 Erdos85.H3TripleCompletion.triplePart_384_040._native.native_decide.ax_1_1,
 Erdos85.H3TripleCompletion.triplePart_384_041._native.native_decide.ax_1_1,
 Erdos85.H3TripleCompletion.triplePart_384_042._native.native_decide.ax_1_1,
 Erdos85.H3TripleCompletion.triplePart_384_043._native.native_decide.ax_1_1,
 Erdos85.H3TripleCompletion.triplePart_384_044._native.native_decide.ax_1_1,
 Erdos85.H3TripleCompletion.triplePart_384_045._native.native_decide.ax_1_1,
 Erdos85.H3TripleCompletion.triplePart_384_046._native.native_decide.ax_1_1,
 Erdos85.H3TripleCompletion.triplePart_384_047._native.native_decide.ax_1_1,
 Erdos85.H3TripleCompletion.triplePart_384_048._native.native_decide.ax_1_1,
 Erdos85.H3TripleCompletion.triplePart_384_049._native.native_decide.ax_1_1,
 Erdos85.H3TripleCompletion.triplePart_384_050._native.native_decide.ax_1_1,
 Erdos85.H3TripleCompletion.triplePart_384_051._native.native_decide.ax_1_1,
 Erdos85.H3TripleCompletion.triplePart_384_052._native.native_decide.ax_1_1,
 Erdos85.H3TripleCompletion.triplePart_384_053._native.native_decide.ax_1_1,
 Erdos85.H3TripleCompletion.triplePart_384_054._native.native_decide.ax_1_1,
 Erdos85.H3TripleCompletion.triplePart_384_055._native.native_decide.ax_1_1,
 Erdos85.H3TripleCompletion.triplePart_384_056._native.native_decide.ax_1_1,
 Erdos85.H3TripleCompletion.triplePart_384_057._native.native_decide.ax_1_1,
 Erdos85.H3TripleCompletion.triplePart_384_058._native.native_decide.ax_1_1,
 Erdos85.H3TripleCompletion.triplePart_384_059._native.native_decide.ax_1_1,
 Erdos85.H3TripleCompletion.triplePart_384_060._native.native_decide.ax_1_1,
 Erdos85.H3TripleCompletion.triplePart_384_061._native.native_decide.ax_1_1,
 Erdos85.H3TripleCompletion.triplePart_384_062._native.native_decide.ax_1_1,
 Erdos85.H3TripleCompletion.triplePart_384_063._native.native_decide.ax_1_1,
 Erdos85.H3TripleCompletion.triplePart_384_064._native.native_decide.ax_1_1,
 Erdos85.H3TripleCompletion.triplePart_384_065._native.native_decide.ax_1_1,
 Erdos85.H3TripleCompletion.triplePart_384_066._native.native_decide.ax_1_1,
 Erdos85.H3TripleCompletion.triplePart_384_067._native.native_decide.ax_1_1,
 Erdos85.H3TripleCompletion.triplePart_384_068._native.native_decide.ax_1_1,
 Erdos85.H3TripleCompletion.triplePart_384_069._native.native_decide.ax_1_1,
 Erdos85.H3TripleCompletion.triplePart_384_070._native.native_decide.ax_1_1,
 Erdos85.H3TripleCompletion.triplePart_384_071._native.native_decide.ax_1_1,
 Erdos85.H3TripleCompletion.triplePart_384_072._native.native_decide.ax_1_1,
 Erdos85.H3TripleCompletion.triplePart_384_073._native.native_decide.ax_1_1,
 Erdos85.H3TripleCompletion.triplePart_384_074._native.native_decide.ax_1_1,
 Erdos85.H3TripleCompletion.triplePart_384_075._native.native_decide.ax_1_1,
 Erdos85.H3TripleCompletion.triplePart_384_076._native.native_decide.ax_1_1,
 Erdos85.H3TripleCompletion.triplePart_384_077._native.native_decide.ax_1_1,
 Erdos85.H3TripleCompletion.triplePart_384_078._native.native_decide.ax_1_1,
 Erdos85.H3TripleCompletion.triplePart_384_079._native.native_decide.ax_1_1,
 Erdos85.H3TripleCompletion.triplePart_384_080._native.native_decide.ax_1_1,
 Erdos85.H3TripleCompletion.triplePart_384_081._native.native_decide.ax_1_1,
 Erdos85.H3TripleCompletion.triplePart_384_082._native.native_decide.ax_1_1,
 Erdos85.H3TripleCompletion.triplePart_384_083._native.native_decide.ax_1_1,
 Erdos85.H3TripleCompletion.triplePart_384_084._native.native_decide.ax_1_1,
 Erdos85.H3TripleCompletion.triplePart_384_085._native.native_decide.ax_1_1,
 Erdos85.H3TripleCompletion.triplePart_384_086._native.native_decide.ax_1_1,
 Erdos85.H3TripleCompletion.triplePart_384_087._native.native_decide.ax_1_1,
 Erdos85.H3TripleCompletion.triplePart_384_088._native.native_decide.ax_1_1,
 Erdos85.H3TripleCompletion.triplePart_384_089._native.native_decide.ax_1_1,
 Erdos85.H3TripleCompletion.triplePart_384_090._native.native_decide.ax_1_1,
 Erdos85.H3TripleCompletion.triplePart_384_091._native.native_decide.ax_1_1,
 Erdos85.H3TripleCompletion.triplePart_384_092._native.native_decide.ax_1_1,
 Erdos85.H3TripleCompletion.triplePart_384_093._native.native_decide.ax_1_1,
 Erdos85.H3TripleCompletion.triplePart_384_094._native.native_decide.ax_1_1,
 Erdos85.H3TripleCompletion.triplePart_384_095._native.native_decide.ax_1_1,
 Erdos85.H3TripleCompletion.triplePart_384_096._native.native_decide.ax_1_1,
 Erdos85.H3TripleCompletion.triplePart_384_097._native.native_decide.ax_1_1,
 Erdos85.H3TripleCompletion.triplePart_384_098._native.native_decide.ax_1_1,
 Erdos85.H3TripleCompletion.triplePart_384_099._native.native_decide.ax_1_1,
 Erdos85.H3TripleCompletion.triplePart_384_100._native.native_decide.ax_1_1,
 Erdos85.H3TripleCompletion.triplePart_384_101._native.native_decide.ax_1_1,
 Erdos85.H3TripleCompletion.triplePart_384_102._native.native_decide.ax_1_1,
 Erdos85.H3TripleCompletion.triplePart_384_103._native.native_decide.ax_1_1,
 Erdos85.H3TripleCompletion.triplePart_384_104._native.native_decide.ax_1_1,
 Erdos85.H3TripleCompletion.triplePart_384_105._native.native_decide.ax_1_1,
 Erdos85.H3TripleCompletion.triplePart_384_106._native.native_decide.ax_1_1,
 Erdos85.H3TripleCompletion.triplePart_384_107._native.native_decide.ax_1_1,
 Erdos85.H3TripleCompletion.triplePart_384_108._native.native_decide.ax_1_1,
 Erdos85.H3TripleCompletion.triplePart_384_109._native.native_decide.ax_1_1,
 Erdos85.H3TripleCompletion.triplePart_384_110._native.native_decide.ax_1_1,
 Erdos85.H3TripleCompletion.triplePart_384_111._native.native_decide.ax_1_1,
 Erdos85.H3TripleCompletion.triplePart_384_112._native.native_decide.ax_1_1,
 Erdos85.H3TripleCompletion.triplePart_384_113._native.native_decide.ax_1_1,
 Erdos85.H3TripleCompletion.triplePart_384_114._native.native_decide.ax_1_1,
 Erdos85.H3TripleCompletion.triplePart_384_115._native.native_decide.ax_1_1,
 Erdos85.H3TripleCompletion.triplePart_384_116._native.native_decide.ax_1_1,
 Erdos85.H3TripleCompletion.triplePart_384_117._native.native_decide.ax_1_1,
 Erdos85.H3TripleCompletion.triplePart_384_118._native.native_decide.ax_1_1,
 Erdos85.H3TripleCompletion.triplePart_384_119._native.native_decide.ax_1_1,
 Erdos85.H3TripleCompletion.triplePart_384_120._native.native_decide.ax_1_1,
 Erdos85.H3TripleCompletion.triplePart_384_121._native.native_decide.ax_1_1,
 Erdos85.H3TripleCompletion.triplePart_384_122._native.native_decide.ax_1_1,
 Erdos85.H3TripleCompletion.triplePart_384_123._native.native_decide.ax_1_1,
 Erdos85.H3TripleCompletion.triplePart_384_124._native.native_decide.ax_1_1,
 Erdos85.H3TripleCompletion.triplePart_384_125._native.native_decide.ax_1_1,
 Erdos85.H3TripleCompletion.triplePart_384_126._native.native_decide.ax_1_1,
 Erdos85.H3TripleCompletion.triplePart_384_127._native.native_decide.ax_1_1,
 Erdos85.H3TripleCompletion.triplePart_384_128._native.native_decide.ax_1_1,
 Erdos85.H3TripleCompletion.triplePart_384_129._native.native_decide.ax_1_1,
 Erdos85.H3TripleCompletion.triplePart_384_130._native.native_decide.ax_1_1,
 Erdos85.H3TripleCompletion.triplePart_384_131._native.native_decide.ax_1_1,
 Erdos85.H3TripleCompletion.triplePart_384_132._native.native_decide.ax_1_1,
 Erdos85.H3TripleCompletion.triplePart_384_133._native.native_decide.ax_1_1,
 Erdos85.H3TripleCompletion.triplePart_384_134._native.native_decide.ax_1_1,
 Erdos85.H3TripleCompletion.triplePart_384_135._native.native_decide.ax_1_1,
 Erdos85.H3TripleCompletion.triplePart_384_136._native.native_decide.ax_1_1,
 Erdos85.H3TripleCompletion.triplePart_384_137._native.native_decide.ax_1_1,
 Erdos85.H3TripleCompletion.triplePart_384_138._native.native_decide.ax_1_1,
 Erdos85.H3TripleCompletion.triplePart_384_139._native.native_decide.ax_1_1,
 Erdos85.H3TripleCompletion.triplePart_384_140._native.native_decide.ax_1_1,
 Erdos85.H3TripleCompletion.triplePart_384_141._native.native_decide.ax_1_1,
 Erdos85.H3TripleCompletion.triplePart_384_142._native.native_decide.ax_1_1,
 Erdos85.H3TripleCompletion.triplePart_384_143._native.native_decide.ax_1_1,
 Erdos85.H3TripleCompletion.triplePart_384_144._native.native_decide.ax_1_1,
 Erdos85.H3TripleCompletion.triplePart_384_145._native.native_decide.ax_1_1,
 Erdos85.H3TripleCompletion.triplePart_384_146._native.native_decide.ax_1_1,
 Erdos85.H3TripleCompletion.triplePart_384_147._native.native_decide.ax_1_1,
 Erdos85.H3TripleCompletion.triplePart_384_148._native.native_decide.ax_1_1,
 Erdos85.H3TripleCompletion.triplePart_384_149._native.native_decide.ax_1_1,
 Erdos85.H3TripleCompletion.triplePart_384_150._native.native_decide.ax_1_1,
 Erdos85.H3TripleCompletion.triplePart_384_151._native.native_decide.ax_1_1,
 Erdos85.H3TripleCompletion.triplePart_384_152._native.native_decide.ax_1_1,
 Erdos85.H3TripleCompletion.triplePart_384_153._native.native_decide.ax_1_1,
 Erdos85.H3TripleCompletion.triplePart_384_154._native.native_decide.ax_1_1,
 Erdos85.H3TripleCompletion.triplePart_384_155._native.native_decide.ax_1_1,
 Erdos85.H3TripleCompletion.triplePart_384_156._native.native_decide.ax_1_1,
 Erdos85.H3TripleCompletion.triplePart_384_157._native.native_decide.ax_1_1,
 Erdos85.H3TripleCompletion.triplePart_384_158._native.native_decide.ax_1_1,
 Erdos85.H3TripleCompletion.triplePart_384_159._native.native_decide.ax_1_1,
 Erdos85.H3TripleCompletion.triplePart_384_160._native.native_decide.ax_1_1,
 Erdos85.H3TripleCompletion.triplePart_384_161._native.native_decide.ax_1_1,
 Erdos85.H3TripleCompletion.triplePart_384_162._native.native_decide.ax_1_1,
 Erdos85.H3TripleCompletion.triplePart_384_163._native.native_decide.ax_1_1,
 Erdos85.H3TripleCompletion.triplePart_384_164._native.native_decide.ax_1_1,
 Erdos85.H3TripleCompletion.triplePart_384_165._native.native_decide.ax_1_1,
 Erdos85.H3TripleCompletion.triplePart_384_166._native.native_decide.ax_1_1,
 Erdos85.H3TripleCompletion.triplePart_384_167._native.native_decide.ax_1_1,
 Erdos85.H3TripleCompletion.triplePart_384_168._native.native_decide.ax_1_1,
 Erdos85.H3TripleCompletion.triplePart_384_169._native.native_decide.ax_1_1,
 Erdos85.H3TripleCompletion.triplePart_384_170._native.native_decide.ax_1_1,
 Erdos85.H3TripleCompletion.triplePart_384_171._native.native_decide.ax_1_1,
 Erdos85.H3TripleCompletion.triplePart_384_172._native.native_decide.ax_1_1,
 Erdos85.H3TripleCompletion.triplePart_384_173._native.native_decide.ax_1_1,
 Erdos85.H3TripleCompletion.triplePart_384_174._native.native_decide.ax_1_1,
 Erdos85.H3TripleCompletion.triplePart_384_175._native.native_decide.ax_1_1,
 Erdos85.H3TripleCompletion.triplePart_384_176._native.native_decide.ax_1_1,
 Erdos85.H3TripleCompletion.triplePart_384_177._native.native_decide.ax_1_1,
 Erdos85.H3TripleCompletion.triplePart_384_178._native.native_decide.ax_1_1,
 Erdos85.H3TripleCompletion.triplePart_384_179._native.native_decide.ax_1_1,
 Erdos85.H3TripleCompletion.triplePart_384_180._native.native_decide.ax_1_1,
 Erdos85.H3TripleCompletion.triplePart_384_181._native.native_decide.ax_1_1,
 Erdos85.H3TripleCompletion.triplePart_384_182._native.native_decide.ax_1_1,
 Erdos85.H3TripleCompletion.triplePart_384_183._native.native_decide.ax_1_1,
 Erdos85.H3TripleCompletion.triplePart_384_184._native.native_decide.ax_1_1,
 Erdos85.H3TripleCompletion.triplePart_384_185._native.native_decide.ax_1_1,
 Erdos85.H3TripleCompletion.triplePart_384_186._native.native_decide.ax_1_1,
 Erdos85.H3TripleCompletion.triplePart_384_187._native.native_decide.ax_1_1,
 Erdos85.H3TripleCompletion.triplePart_384_188._native.native_decide.ax_1_1,
 Erdos85.H3TripleCompletion.triplePart_384_189._native.native_decide.ax_1_1,
 Erdos85.H3TripleCompletion.triplePart_384_190._native.native_decide.ax_1_1,
 Erdos85.H3TripleCompletion.triplePart_384_191._native.native_decide.ax_1_1,
 Erdos85.H3TripleCompletion.triplePart_384_192._native.native_decide.ax_1_1,
 Erdos85.H3TripleCompletion.triplePart_384_193._native.native_decide.ax_1_1,
 Erdos85.H3TripleCompletion.triplePart_384_194._native.native_decide.ax_1_1,
 Erdos85.H3TripleCompletion.triplePart_384_195._native.native_decide.ax_1_1,
 Erdos85.H3TripleCompletion.triplePart_384_196._native.native_decide.ax_1_1,
 Erdos85.H3TripleCompletion.triplePart_384_197._native.native_decide.ax_1_1,
 Erdos85.H3TripleCompletion.triplePart_384_198._native.native_decide.ax_1_1,
 Erdos85.H3TripleCompletion.triplePart_384_199._native.native_decide.ax_1_1,
 Erdos85.H3TripleCompletion.triplePart_384_200._native.native_decide.ax_1_1,
 Erdos85.H3TripleCompletion.triplePart_384_201._native.native_decide.ax_1_1,
 Erdos85.H3TripleCompletion.triplePart_384_202._native.native_decide.ax_1_1,
 Erdos85.H3TripleCompletion.triplePart_384_203._native.native_decide.ax_1_1,
 Erdos85.H3TripleCompletion.triplePart_384_204._native.native_decide.ax_1_1,
 Erdos85.H3TripleCompletion.triplePart_384_205._native.native_decide.ax_1_1,
 Erdos85.H3TripleCompletion.triplePart_384_206._native.native_decide.ax_1_1,
 Erdos85.H3TripleCompletion.triplePart_384_207._native.native_decide.ax_1_1,
 Erdos85.H3TripleCompletion.triplePart_384_208._native.native_decide.ax_1_1,
 Erdos85.H3TripleCompletion.triplePart_384_209._native.native_decide.ax_1_1,
 Erdos85.H3TripleCompletion.triplePart_384_210._native.native_decide.ax_1_1,
 Erdos85.H3TripleCompletion.triplePart_384_211._native.native_decide.ax_1_1,
 Erdos85.H3TripleCompletion.triplePart_384_212._native.native_decide.ax_1_1,
 Erdos85.H3TripleCompletion.triplePart_384_213._native.native_decide.ax_1_1,
 Erdos85.H3TripleCompletion.triplePart_384_214._native.native_decide.ax_1_1,
 Erdos85.H3TripleCompletion.triplePart_384_215._native.native_decide.ax_1_1,
 Erdos85.H3TripleCompletion.triplePart_384_216._native.native_decide.ax_1_1,
 Erdos85.H3TripleCompletion.triplePart_384_217._native.native_decide.ax_1_1,
 Erdos85.H3TripleCompletion.triplePart_384_218._native.native_decide.ax_1_1,
 Erdos85.H3TripleCompletion.triplePart_384_219._native.native_decide.ax_1_1,
 Erdos85.H3TripleCompletion.triplePart_384_220._native.native_decide.ax_1_1,
 Erdos85.H3TripleCompletion.triplePart_384_221._native.native_decide.ax_1_1,
 Erdos85.H3TripleCompletion.triplePart_384_222._native.native_decide.ax_1_1,
 Erdos85.H3TripleCompletion.triplePart_384_223._native.native_decide.ax_1_1,
 Erdos85.H3TripleCompletion.triplePart_384_224._native.native_decide.ax_1_1,
 Erdos85.H3TripleCompletion.triplePart_384_225._native.native_decide.ax_1_1,
 Erdos85.H3TripleCompletion.triplePart_384_226._native.native_decide.ax_1_1,
 Erdos85.H3TripleCompletion.triplePart_384_227._native.native_decide.ax_1_1,
 Erdos85.H3TripleCompletion.triplePart_384_228._native.native_decide.ax_1_1,
 Erdos85.H3TripleCompletion.triplePart_384_229._native.native_decide.ax_1_1,
 Erdos85.H3TripleCompletion.triplePart_384_230._native.native_decide.ax_1_1,
 Erdos85.H3TripleCompletion.triplePart_384_231._native.native_decide.ax_1_1,
 Erdos85.H3TripleCompletion.triplePart_384_232._native.native_decide.ax_1_1,
 Erdos85.H3TripleCompletion.triplePart_384_233._native.native_decide.ax_1_1,
 Erdos85.H3TripleCompletion.triplePart_384_234._native.native_decide.ax_1_1,
 Erdos85.H3TripleCompletion.triplePart_384_235._native.native_decide.ax_1_1,
 Erdos85.H3TripleCompletion.triplePart_384_236._native.native_decide.ax_1_1,
 Erdos85.H3TripleCompletion.triplePart_384_237._native.native_decide.ax_1_1,
 Erdos85.H3TripleCompletion.triplePart_384_238._native.native_decide.ax_1_1,
 Erdos85.H3TripleCompletion.triplePart_384_239._native.native_decide.ax_1_1,
 Erdos85.H3TripleCompletion.triplePart_384_240._native.native_decide.ax_1_1,
 Erdos85.H3TripleCompletion.triplePart_384_241._native.native_decide.ax_1_1,
 Erdos85.H3TripleCompletion.triplePart_384_242._native.native_decide.ax_1_1,
 Erdos85.H3TripleCompletion.triplePart_384_243._native.native_decide.ax_1_1,
 Erdos85.H3TripleCompletion.triplePart_384_244._native.native_decide.ax_1_1,
 Erdos85.H3TripleCompletion.triplePart_384_245._native.native_decide.ax_1_1,
 Erdos85.H3TripleCompletion.triplePart_384_246._native.native_decide.ax_1_1,
 Erdos85.H3TripleCompletion.triplePart_384_247._native.native_decide.ax_1_1,
 Erdos85.H3TripleCompletion.triplePart_384_248._native.native_decide.ax_1_1,
 Erdos85.H3TripleCompletion.triplePart_384_249._native.native_decide.ax_1_1,
 Erdos85.H3TripleCompletion.triplePart_384_250._native.native_decide.ax_1_1,
 Erdos85.H3TripleCompletion.triplePart_384_251._native.native_decide.ax_1_1,
 Erdos85.H3TripleCompletion.triplePart_384_252._native.native_decide.ax_1_1,
 Erdos85.H3TripleCompletion.triplePart_384_253._native.native_decide.ax_1_1,
 Erdos85.H3TripleCompletion.triplePart_384_254._native.native_decide.ax_1_1,
 Erdos85.H3TripleCompletion.triplePart_384_255._native.native_decide.ax_1_1,
 Erdos85.H3TripleCompletion.triplePart_384_256._native.native_decide.ax_1_1,
 Erdos85.H3TripleCompletion.triplePart_384_257._native.native_decide.ax_1_1,
 Erdos85.H3TripleCompletion.triplePart_384_258._native.native_decide.ax_1_1,
 Erdos85.H3TripleCompletion.triplePart_384_259._native.native_decide.ax_1_1,
 Erdos85.H3TripleCompletion.triplePart_384_260._native.native_decide.ax_1_1,
 Erdos85.H3TripleCompletion.triplePart_384_261._native.native_decide.ax_1_1,
 Erdos85.H3TripleCompletion.triplePart_384_262._native.native_decide.ax_1_1,
 Erdos85.H3TripleCompletion.triplePart_384_263._native.native_decide.ax_1_1,
 Erdos85.H3TripleCompletion.triplePart_384_264._native.native_decide.ax_1_1,
 Erdos85.H3TripleCompletion.triplePart_384_265._native.native_decide.ax_1_1,
 Erdos85.H3TripleCompletion.triplePart_384_266._native.native_decide.ax_1_1,
 Erdos85.H3TripleCompletion.triplePart_384_267._native.native_decide.ax_1_1,
 Erdos85.H3TripleCompletion.triplePart_384_268._native.native_decide.ax_1_1,
 Erdos85.H3TripleCompletion.triplePart_384_269._native.native_decide.ax_1_1,
 Erdos85.H3TripleCompletion.triplePart_384_270._native.native_decide.ax_1_1,
 Erdos85.H3TripleCompletion.triplePart_384_271._native.native_decide.ax_1_1,
 Erdos85.H3TripleCompletion.triplePart_384_272._native.native_decide.ax_1_1,
 Erdos85.H3TripleCompletion.triplePart_384_273._native.native_decide.ax_1_1,
 Erdos85.H3TripleCompletion.triplePart_384_274._native.native_decide.ax_1_1,
 Erdos85.H3TripleCompletion.triplePart_384_275._native.native_decide.ax_1_1,
 Erdos85.H3TripleCompletion.triplePart_384_276._native.native_decide.ax_1_1,
 Erdos85.H3TripleCompletion.triplePart_384_277._native.native_decide.ax_1_1,
 Erdos85.H3TripleCompletion.triplePart_384_278._native.native_decide.ax_1_1,
 Erdos85.H3TripleCompletion.triplePart_384_279._native.native_decide.ax_1_1,
 Erdos85.H3TripleCompletion.triplePart_384_280._native.native_decide.ax_1_1,
 Erdos85.H3TripleCompletion.triplePart_384_281._native.native_decide.ax_1_1,
 Erdos85.H3TripleCompletion.triplePart_384_282._native.native_decide.ax_1_1,
 Erdos85.H3TripleCompletion.triplePart_384_283._native.native_decide.ax_1_1,
 Erdos85.H3TripleCompletion.triplePart_384_284._native.native_decide.ax_1_1,
 Erdos85.H3TripleCompletion.triplePart_384_285._native.native_decide.ax_1_1,
 Erdos85.H3TripleCompletion.triplePart_384_286._native.native_decide.ax_1_1,
 Erdos85.H3TripleCompletion.triplePart_384_287._native.native_decide.ax_1_1,
 Erdos85.H3TripleCompletion.triplePart_384_288._native.native_decide.ax_1_1,
 Erdos85.H3TripleCompletion.triplePart_384_289._native.native_decide.ax_1_1,
 Erdos85.H3TripleCompletion.triplePart_384_290._native.native_decide.ax_1_1,
 Erdos85.H3TripleCompletion.triplePart_384_291._native.native_decide.ax_1_1,
 Erdos85.H3TripleCompletion.triplePart_384_292._native.native_decide.ax_1_1,
 Erdos85.H3TripleCompletion.triplePart_384_293._native.native_decide.ax_1_1,
 Erdos85.H3TripleCompletion.triplePart_384_294._native.native_decide.ax_1_1,
 Erdos85.H3TripleCompletion.triplePart_384_295._native.native_decide.ax_1_1,
 Erdos85.H3TripleCompletion.triplePart_384_296._native.native_decide.ax_1_1,
 Erdos85.H3TripleCompletion.triplePart_384_297._native.native_decide.ax_1_1,
 Erdos85.H3TripleCompletion.triplePart_384_298._native.native_decide.ax_1_1,
 Erdos85.H3TripleCompletion.triplePart_384_299._native.native_decide.ax_1_1,
 Erdos85.H3TripleCompletion.triplePart_384_300._native.native_decide.ax_1_1,
 Erdos85.H3TripleCompletion.triplePart_384_301._native.native_decide.ax_1_1,
 Erdos85.H3TripleCompletion.triplePart_384_302._native.native_decide.ax_1_1,
 Erdos85.H3TripleCompletion.triplePart_384_303._native.native_decide.ax_1_1,
 Erdos85.H3TripleCompletion.triplePart_384_304._native.native_decide.ax_1_1,
 Erdos85.H3TripleCompletion.triplePart_384_305._native.native_decide.ax_1_1,
 Erdos85.H3TripleCompletion.triplePart_384_306._native.native_decide.ax_1_1,
 Erdos85.H3TripleCompletion.triplePart_384_307._native.native_decide.ax_1_1,
 Erdos85.H3TripleCompletion.triplePart_384_308._native.native_decide.ax_1_1,
 Erdos85.H3TripleCompletion.triplePart_384_309._native.native_decide.ax_1_1,
 Erdos85.H3TripleCompletion.triplePart_384_310._native.native_decide.ax_1_1,
 Erdos85.H3TripleCompletion.triplePart_384_311._native.native_decide.ax_1_1,
 Erdos85.H3TripleCompletion.triplePart_384_312._native.native_decide.ax_1_1,
 Erdos85.H3TripleCompletion.triplePart_384_313._native.native_decide.ax_1_1,
 Erdos85.H3TripleCompletion.triplePart_384_314._native.native_decide.ax_1_1,
 Erdos85.H3TripleCompletion.triplePart_384_315._native.native_decide.ax_1_1,
 Erdos85.H3TripleCompletion.triplePart_384_316._native.native_decide.ax_1_1,
 Erdos85.H3TripleCompletion.triplePart_384_317._native.native_decide.ax_1_1,
 Erdos85.H3TripleCompletion.triplePart_384_318._native.native_decide.ax_1_1,
 Erdos85.H3TripleCompletion.triplePart_384_319._native.native_decide.ax_1_1,
 Erdos85.H3TripleCompletion.triplePart_384_320._native.native_decide.ax_1_1,
 Erdos85.H3TripleCompletion.triplePart_384_321._native.native_decide.ax_1_1,
 Erdos85.H3TripleCompletion.triplePart_384_322._native.native_decide.ax_1_1,
 Erdos85.H3TripleCompletion.triplePart_384_323._native.native_decide.ax_1_1,
 Erdos85.H3TripleCompletion.triplePart_384_324._native.native_decide.ax_1_1,
 Erdos85.H3TripleCompletion.triplePart_384_325._native.native_decide.ax_1_1,
 Erdos85.H3TripleCompletion.triplePart_384_326._native.native_decide.ax_1_1,
 Erdos85.H3TripleCompletion.triplePart_384_327._native.native_decide.ax_1_1,
 Erdos85.H3TripleCompletion.triplePart_384_328._native.native_decide.ax_1_1,
 Erdos85.H3TripleCompletion.triplePart_384_329._native.native_decide.ax_1_1,
 Erdos85.H3TripleCompletion.triplePart_384_330._native.native_decide.ax_1_1,
 Erdos85.H3TripleCompletion.triplePart_384_331._native.native_decide.ax_1_1,
 Erdos85.H3TripleCompletion.triplePart_384_332._native.native_decide.ax_1_1,
 Erdos85.H3TripleCompletion.triplePart_384_333._native.native_decide.ax_1_1,
 Erdos85.H3TripleCompletion.triplePart_384_334._native.native_decide.ax_1_1,
 Erdos85.H3TripleCompletion.triplePart_384_335._native.native_decide.ax_1_1,
 Erdos85.H3TripleCompletion.triplePart_384_336._native.native_decide.ax_1_1,
 Erdos85.H3TripleCompletion.triplePart_384_337._native.native_decide.ax_1_1,
 Erdos85.H3TripleCompletion.triplePart_384_338._native.native_decide.ax_1_1,
 Erdos85.H3TripleCompletion.triplePart_384_339._native.native_decide.ax_1_1,
 Erdos85.H3TripleCompletion.triplePart_384_340._native.native_decide.ax_1_1,
 Erdos85.H3TripleCompletion.triplePart_384_341._native.native_decide.ax_1_1,
 Erdos85.H3TripleCompletion.triplePart_384_342._native.native_decide.ax_1_1,
 Erdos85.H3TripleCompletion.triplePart_384_343._native.native_decide.ax_1_1,
 Erdos85.H3TripleCompletion.triplePart_384_344._native.native_decide.ax_1_1,
 Erdos85.H3TripleCompletion.triplePart_384_345._native.native_decide.ax_1_1,
 Erdos85.H3TripleCompletion.triplePart_384_346._native.native_decide.ax_1_1,
 Erdos85.H3TripleCompletion.triplePart_384_347._native.native_decide.ax_1_1,
 Erdos85.H3TripleCompletion.triplePart_384_348._native.native_decide.ax_1_1,
 Erdos85.H3TripleCompletion.triplePart_384_349._native.native_decide.ax_1_1,
 Erdos85.H3TripleCompletion.triplePart_384_350._native.native_decide.ax_1_1,
 Erdos85.H3TripleCompletion.triplePart_384_351._native.native_decide.ax_1_1,
 Erdos85.H3TripleCompletion.triplePart_384_352._native.native_decide.ax_1_1,
 Erdos85.H3TripleCompletion.triplePart_384_353._native.native_decide.ax_1_1,
 Erdos85.H3TripleCompletion.triplePart_384_354._native.native_decide.ax_1_1,
 Erdos85.H3TripleCompletion.triplePart_384_355._native.native_decide.ax_1_1,
 Erdos85.H3TripleCompletion.triplePart_384_356._native.native_decide.ax_1_1,
 Erdos85.H3TripleCompletion.triplePart_384_357._native.native_decide.ax_1_1,
 Erdos85.H3TripleCompletion.triplePart_384_358._native.native_decide.ax_1_1,
 Erdos85.H3TripleCompletion.triplePart_384_359._native.native_decide.ax_1_1,
 Erdos85.H3TripleCompletion.triplePart_384_360._native.native_decide.ax_1_1,
 Erdos85.H3TripleCompletion.triplePart_384_361._native.native_decide.ax_1_1,
 Erdos85.H3TripleCompletion.triplePart_384_362._native.native_decide.ax_1_1,
 Erdos85.H3TripleCompletion.triplePart_384_363._native.native_decide.ax_1_1,
 Erdos85.H3TripleCompletion.triplePart_384_364._native.native_decide.ax_1_1,
 Erdos85.H3TripleCompletion.triplePart_384_365._native.native_decide.ax_1_1,
 Erdos85.H3TripleCompletion.triplePart_384_366._native.native_decide.ax_1_1,
 Erdos85.H3TripleCompletion.triplePart_384_367._native.native_decide.ax_1_1,
 Erdos85.H3TripleCompletion.triplePart_384_368._native.native_decide.ax_1_1,
 Erdos85.H3TripleCompletion.triplePart_384_369._native.native_decide.ax_1_1,
 Erdos85.H3TripleCompletion.triplePart_384_370._native.native_decide.ax_1_1,
 Erdos85.H3TripleCompletion.triplePart_384_371._native.native_decide.ax_1_1,
 Erdos85.H3TripleCompletion.triplePart_384_372._native.native_decide.ax_1_1,
 Erdos85.H3TripleCompletion.triplePart_384_373._native.native_decide.ax_1_1,
 Erdos85.H3TripleCompletion.triplePart_384_374._native.native_decide.ax_1_1,
 Erdos85.H3TripleCompletion.triplePart_384_375._native.native_decide.ax_1_1,
 Erdos85.H3TripleCompletion.triplePart_384_376._native.native_decide.ax_1_1,
 Erdos85.H3TripleCompletion.triplePart_384_377._native.native_decide.ax_1_1,
 Erdos85.H3TripleCompletion.triplePart_384_378._native.native_decide.ax_1_1,
 Erdos85.H3TripleCompletion.triplePart_384_379._native.native_decide.ax_1_1,
 Erdos85.H3TripleCompletion.triplePart_384_380._native.native_decide.ax_1_1,
 Erdos85.H3TripleCompletion.triplePart_384_381._native.native_decide.ax_1_1,
 Erdos85.H3TripleCompletion.triplePart_384_382._native.native_decide.ax_1_1,
 Erdos85.H3TripleCompletion.triplePart_384_383._native.native_decide.ax_1_1,
 Erdos85.H5.cellPartF_0_4_16_00._native.native_decide.ax_1_1,
 Erdos85.H5.cellPartF_0_4_16_01._native.native_decide.ax_1_1,
 Erdos85.H5.cellPartF_0_4_16_02._native.native_decide.ax_1_1,
 Erdos85.H5.cellPartF_0_4_16_03._native.native_decide.ax_1_1,
 Erdos85.H5.cellPartF_0_4_16_04._native.native_decide.ax_1_1,
 Erdos85.H5.cellPartF_0_4_16_05._native.native_decide.ax_1_1,
 Erdos85.H5.cellPartF_0_4_16_06._native.native_decide.ax_1_1,
 Erdos85.H5.cellPartF_0_4_16_07._native.native_decide.ax_1_1,
 Erdos85.H5.cellPartF_0_4_16_08._native.native_decide.ax_1_1,
 Erdos85.H5.cellPartF_0_4_16_09._native.native_decide.ax_1_1,
 Erdos85.H5.cellPartF_0_4_16_10._native.native_decide.ax_1_1,
 Erdos85.H5.cellPartF_0_4_16_11._native.native_decide.ax_1_1,
 Erdos85.H5.cellPartF_0_4_16_12._native.native_decide.ax_1_1,
 Erdos85.H5.cellPartF_0_4_16_13._native.native_decide.ax_1_1,
 Erdos85.H5.cellPartF_0_4_16_14._native.native_decide.ax_1_1,
 Erdos85.H5.cellPartF_0_4_16_15._native.native_decide.ax_1_1,
 Erdos85.H5.cellPartF_1_6_16_00._native.native_decide.ax_1_1,
 Erdos85.H5.cellPartF_1_6_16_01._native.native_decide.ax_1_1,
 Erdos85.H5.cellPartF_1_6_16_02._native.native_decide.ax_1_1,
 Erdos85.H5.cellPartF_1_6_16_03._native.native_decide.ax_1_1,
 Erdos85.H5.cellPartF_1_6_16_04._native.native_decide.ax_1_1,
 Erdos85.H5.cellPartF_1_6_16_05._native.native_decide.ax_1_1,
 Erdos85.H5.cellPartF_1_6_16_06._native.native_decide.ax_1_1,
 Erdos85.H5.cellPartF_1_6_16_07._native.native_decide.ax_1_1,
 Erdos85.H5.cellPartF_1_6_16_08._native.native_decide.ax_1_1,
 Erdos85.H5.cellPartF_1_6_16_09._native.native_decide.ax_1_1,
 Erdos85.H5.cellPartF_1_6_16_10._native.native_decide.ax_1_1,
 Erdos85.H5.cellPartF_1_6_16_11._native.native_decide.ax_1_1,
 Erdos85.H5.cellPartF_1_6_16_12._native.native_decide.ax_1_1,
 Erdos85.H5.cellPartF_1_6_16_13._native.native_decide.ax_1_1,
 Erdos85.H5.cellPartF_1_6_16_14._native.native_decide.ax_1_1,
 Erdos85.H5.cellPartF_1_6_16_15._native.native_decide.ax_1_1,
 Erdos85.H5.cellPartF_2_12_8_00._native.native_decide.ax_1_1,
 Erdos85.H5.cellPartF_2_12_8_01._native.native_decide.ax_1_1,
 Erdos85.H5.cellPartF_2_12_8_02._native.native_decide.ax_1_1,
 Erdos85.H5.cellPartF_2_12_8_03._native.native_decide.ax_1_1,
 Erdos85.H5.cellPartF_2_12_8_04._native.native_decide.ax_1_1,
 Erdos85.H5.cellPartF_2_12_8_05._native.native_decide.ax_1_1,
 Erdos85.H5.cellPartF_2_12_8_06._native.native_decide.ax_1_1,
 Erdos85.H5.cellPartF_2_12_8_07._native.native_decide.ax_1_1]
'Erdos85.minDegreeForC4_fortyEight_fortyNine_exact_of_h1_h7Evidence' depends on axioms: [propext,
 Classical.choice,
 Quot.sound,
 Erdos85.boza48Graph._native.native_decide.ax_1,
 Erdos85.boza48Graph_common_le_one._native.native_decide.ax_1_1,
 Erdos85.boza48Graph_degree._native.native_decide.ax_1_1,
 Erdos85.card_filter_oneHighCanonicalBranchAdj._native.native_decide.ax_1_1,
 Erdos85.enumerateOneHighTableValues_complete._native.native_decide.ax_1_1,
 Erdos85.extend_five_linear_triples_canonical._native.native_decide.ax_1_1,
 Erdos85.extend_five_linear_triples_canonical._native.native_decide.ax_1_2,
 Erdos85.extend_four_linear_triples_canonical._native.native_decide.ax_1_1,
 Erdos85.extend_four_linear_triples_canonical._native.native_decide.ax_1_2,
 Erdos85.extend_four_linear_triples_canonical._native.native_decide.ax_1_3,
 Erdos85.extend_six_linear_triples_canonical._native.native_decide.ax_1_1,
 Erdos85.finEight_standardMate_canonicalize_marked._native.native_decide.ax_1_1,
 Erdos85.finFive_exists_canonical_lex_perm._native.native_decide.ax_1_1,
 Erdos85.finFive_matchingBits_canonical._native.native_decide.ax_1_1,
 Erdos85.fiveHighCanonicalFiberCover_one._native.native_decide.ax_1_1,
 Erdos85.fiveHighCanonicalFiberCover_two._native.native_decide.ax_1_1,
 Erdos85.fiveHighCanonicalFiberCover_two._native.native_decide.ax_1_2,
 Erdos85.fiveHighCanonicalFiberCover_zero._native.native_decide.ax_1_1,
 Erdos85.fiveHigh_t0_mask_key_fiber_card._native.native_decide.ax_1_1,
 Erdos85.fiveHigh_t1_mask_key_fiber_card._native.native_decide.ax_1_1,
 Erdos85.fiveHigh_t2_local_triple_card._native.native_decide.ax_1_10,
 Erdos85.fiveHigh_t2_local_triple_card._native.native_decide.ax_1_11,
 Erdos85.fiveHigh_t2_local_triple_card._native.native_decide.ax_1_12,
 Erdos85.fiveHigh_t2_local_triple_card._native.native_decide.ax_1_13,
 Erdos85.fiveHigh_t2_local_triple_card._native.native_decide.ax_1_4,
 Erdos85.fiveHigh_t2_local_triple_card._native.native_decide.ax_1_5,
 Erdos85.fiveHigh_t2_local_triple_card._native.native_decide.ax_1_6,
 Erdos85.fiveHigh_t2_local_triple_card._native.native_decide.ax_1_7,
 Erdos85.fiveHigh_t2_local_triple_card._native.native_decide.ax_1_8,
 Erdos85.fiveHigh_t2_local_triple_card._native.native_decide.ax_1_9,
 Erdos85.fiveHigh_t2_mask_key_fiber_card._native.native_decide.ax_1_1,
 Erdos85.fiveHigh_t2_mask_key_fiber_card._native.native_decide.ax_1_2,
 Erdos85.fixed_first_four_linear_triples_canonical_packed._native.native_decide.ax_1_1,
 Erdos85.fixed_first_three_linear_triples_canonical._native.native_decide.ax_1_1,
 Erdos85.oneHighBranchEdgeIndex_eq_iff._native.native_decide.ax_1_1,
 Erdos85.oneHighBranchEdgeIndex_lt._native.native_decide.ax_1_1,
 Erdos85.oneHighFamilyV2LowerTablePairs_mem_bounds._native.native_decide.ax_1_1,
 Erdos85.oneHighFamily_xor_one_lt_eight._native.native_decide.ax_1_1,
 Erdos85.oneHighInventoryRows_relevant_lt_five._native.native_decide.ax_1_1,
 Erdos85.oneHighPrunedEnumRawKeySet_eq_inventoryOrbit_four._native.native_decide.ax_1_1,
 Erdos85.oneHighPrunedEnumRawKeySet_eq_inventoryOrbit_one._native.native_decide.ax_1_1,
 Erdos85.oneHighPrunedEnumRawKeySet_eq_inventoryOrbit_three._native.native_decide.ax_1_1,
 Erdos85.oneHighPrunedEnumRawKeySet_eq_inventoryOrbit_two._native.native_decide.ax_1_1,
 Erdos85.oneHighPrunedEnumRawKeySet_eq_inventoryOrbit_zero._native.native_decide.ax_1_1,
 Erdos85.oneHighPrunedEnumeratorComplete._native.native_decide.ax_1_1,
 Erdos85.oneHighRelevantPairList_complete._native.native_decide.ax_1_1,
 Erdos85.oneHighRelevantPairList_nodup._native.native_decide.ax_1_1,
 Erdos85.oneHighRelevantPair_mem_tablePairs._native.native_decide.ax_1_1,
 Erdos85.oneHighStandardMate_even_pair._native.native_decide.ax_1_1,
 Erdos85.oneHighStandardMate_even_pair._native.native_decide.ax_1_2,
 Erdos85.oneHighStandardMate_even_pair._native.native_decide.ax_1_3,
 Erdos85.oneHighStandardMate_even_pair._native.native_decide.ax_1_4,
 Erdos85.orderFortyNineDegreeBlocks_seven_nonzero._native.native_decide.ax_1_1,
 Erdos85.orderFortyNineDegreeSixGraph._native.native_decide.ax_1,
 Erdos85.orderFortyNineDegreeSixGraph_common_le_one._native.native_decide.ax_1_1,
 Erdos85.orderFortyNineDegreeSixGraph_degree_ge._native.native_decide.ax_1_1,
 Erdos85.orderFortyNineH7HighPairs_ne._native.native_decide.ax_1_1,
 Erdos85.orderFortyNineT2RepA_check._native.native_decide.ax_1_1,
 Erdos85.orderFortyNineT2RepB_check._native.native_decide.ax_1_1,
 Erdos85.orderFortyNineT3Rep0_check._native.native_decide.ax_1_1,
 Erdos85.orderFortyNineT3Rep1_check._native.native_decide.ax_1_1,
 Erdos85.orderFortyNineT3Rep2_check._native.native_decide.ax_1_1,
 Erdos85.orderFortyNineT3Rep3_check._native.native_decide.ax_1_1,
 Erdos85.orderFortyNineT3Rep4_check._native.native_decide.ax_1_1,
 Erdos85.orderFortyNineT4Rep0_check._native.native_decide.ax_1_1,
 Erdos85.orderFortyNineT4Rep10_check._native.native_decide.ax_1_1,
 Erdos85.orderFortyNineT4Rep1_check._native.native_decide.ax_1_1,
 Erdos85.orderFortyNineT4Rep2_check._native.native_decide.ax_1_1,
 Erdos85.orderFortyNineT4Rep3_check._native.native_decide.ax_1_1,
 Erdos85.orderFortyNineT4Rep4_check._native.native_decide.ax_1_1,
 Erdos85.orderFortyNineT4Rep5_check._native.native_decide.ax_1_1,
 Erdos85.orderFortyNineT4Rep6_check._native.native_decide.ax_1_1,
 Erdos85.orderFortyNineT4Rep7_check._native.native_decide.ax_1_1,
 Erdos85.orderFortyNineT4Rep8_check._native.native_decide.ax_1_1,
 Erdos85.orderFortyNineT4Rep9_check._native.native_decide.ax_1_1,
 Erdos85.sevenHighCanonicalFiberCover_five._native.native_decide.ax_1_1,
 Erdos85.sevenHighCanonicalFiberCover_five._native.native_decide.ax_1_2,
 Erdos85.sevenHighCanonicalFiberCover_five._native.native_decide.ax_1_3,
 Erdos85.sevenHighCanonicalFiberCover_five._native.native_decide.ax_1_4,
 Erdos85.sevenHighCanonicalFiberCover_four._native.native_decide.ax_1_1,
 Erdos85.sevenHighCanonicalFiberCover_four._native.native_decide.ax_1_2,
 Erdos85.sevenHighCanonicalFiberCover_four._native.native_decide.ax_1_3,
 Erdos85.sevenHighCanonicalFiberCover_four._native.native_decide.ax_1_4,
 Erdos85.sevenHighCanonicalFiberCover_four._native.native_decide.ax_1_5,
 Erdos85.sevenHighCanonicalFiberCover_four._native.native_decide.ax_1_6,
 Erdos85.sevenHighCanonicalFiberCover_one._native.native_decide.ax_1_1,
 Erdos85.sevenHighCanonicalFiberCover_one._native.native_decide.ax_1_2,
 Erdos85.sevenHighCanonicalFiberCover_seven._native.native_decide.ax_1_1,
 Erdos85.sevenHighCanonicalFiberCover_seven._native.native_decide.ax_1_2,
 Erdos85.sevenHighCanonicalFiberCover_six._native.native_decide.ax_1_1,
 Erdos85.sevenHighCanonicalFiberCover_six._native.native_decide.ax_1_2,
 Erdos85.sevenHighCanonicalFiberCover_three._native.native_decide.ax_1_1,
 Erdos85.sevenHighCanonicalFiberCover_three._native.native_decide.ax_1_2,
 Erdos85.sevenHighCanonicalFiberCover_three._native.native_decide.ax_1_3,
 Erdos85.sevenHighCanonicalFiberCover_three._native.native_decide.ax_1_4,
 Erdos85.sevenHighCanonicalFiberCover_three._native.native_decide.ax_1_5,
 Erdos85.sevenHighCanonicalFiberCover_three._native.native_decide.ax_1_6,
 Erdos85.sevenHighCanonicalFiberCover_two._native.native_decide.ax_1_1,
 Erdos85.sevenHighCanonicalFiberCover_two._native.native_decide.ax_1_2,
 Erdos85.sevenHighCanonicalFiberCover_two._native.native_decide.ax_1_3,
 Erdos85.sevenHighCanonicalFiberCover_two._native.native_decide.ax_1_4,
 Erdos85.sevenHighCanonicalFiberCover_zero._native.native_decide.ax_1_1,
 Erdos85.sevenHighCanonicalFiberCover_zero._native.native_decide.ax_1_2,
 Erdos85.sevenHighT0CanonicalEmptyPermutationAction_table._native.native_decide.ax_1_1,
 Erdos85.sevenHighT0CanonicalEmptyRepresentative_orbit_cover._native.native_decide.ax_1_1,
 Erdos85.sevenHighT1Rep0_check._native.native_decide.ax_1_1,
 Erdos85.sevenHighT2Rep0_check._native.native_decide.ax_1_1,
 Erdos85.sevenHighT2Rep1_check._native.native_decide.ax_1_1,
 Erdos85.sevenHighT3Rep0_check._native.native_decide.ax_1_1,
 Erdos85.sevenHighT3Rep1_check._native.native_decide.ax_1_1,
 Erdos85.sevenHighT3Rep2_check._native.native_decide.ax_1_1,
 Erdos85.sevenHighT3TripleSet_member_card._native.native_decide.ax_1_1,
 Erdos85.sevenHighT3TripleSet_member_card._native.native_decide.ax_1_2,
 Erdos85.sevenHighT3TripleSet_member_card._native.native_decide.ax_1_3,
 Erdos85.sevenHighT4Rep0_check._native.native_decide.ax_1_1,
 Erdos85.sevenHighT4Rep1_check._native.native_decide.ax_1_1,
 Erdos85.sevenHighT4Rep2_check._native.native_decide.ax_1_1,
 Erdos85.sevenHighT4TripleSet_member_card._native.native_decide.ax_1_1,
 Erdos85.sevenHighT4TripleSet_member_card._native.native_decide.ax_1_2,
 Erdos85.sevenHighT4TripleSet_member_card._native.native_decide.ax_1_3,
 Erdos85.sevenHighT5Rep0_check._native.native_decide.ax_1_1,
 Erdos85.sevenHighT5Rep1_check._native.native_decide.ax_1_1,
 Erdos85.sevenHighT5TripleSet_member_card._native.native_decide.ax_1_1,
 Erdos85.sevenHighT5TripleSet_member_card._native.native_decide.ax_1_2,
 Erdos85.sevenHighT6Rep0_check._native.native_decide.ax_1_1,
 Erdos85.sevenHighT6TripleSet_member_card._native.native_decide.ax_1_1,
 Erdos85.sevenHighT7Rep0_check._native.native_decide.ax_1_1,
 Erdos85.sevenHighT7TripleSet_member_card._native.native_decide.ax_1_1,
 Erdos85.sevenHigh_t0_mask_key_fiber_card._native.native_decide.ax_1_1,
 Erdos85.sevenHigh_t1_mask_key_fiber_card._native.native_decide.ax_1_1,
 Erdos85.sevenHigh_t2_local_triple_card._native.native_decide.ax_1_10,
 Erdos85.sevenHigh_t2_local_triple_card._native.native_decide.ax_1_11,
 Erdos85.sevenHigh_t2_local_triple_card._native.native_decide.ax_1_12,
 Erdos85.sevenHigh_t2_local_triple_card._native.native_decide.ax_1_13,
 Erdos85.sevenHigh_t2_local_triple_card._native.native_decide.ax_1_14,
 Erdos85.sevenHigh_t2_local_triple_card._native.native_decide.ax_1_15,
 Erdos85.sevenHigh_t2_local_triple_card._native.native_decide.ax_1_16,
 Erdos85.sevenHigh_t2_local_triple_card._native.native_decide.ax_1_17,
 Erdos85.sevenHigh_t2_local_triple_card._native.native_decide.ax_1_4,
 Erdos85.sevenHigh_t2_local_triple_card._native.native_decide.ax_1_5,
 Erdos85.sevenHigh_t2_local_triple_card._native.native_decide.ax_1_6,
 Erdos85.sevenHigh_t2_local_triple_card._native.native_decide.ax_1_7,
 Erdos85.sevenHigh_t2_local_triple_card._native.native_decide.ax_1_8,
 Erdos85.sevenHigh_t2_local_triple_card._native.native_decide.ax_1_9,
 Erdos85.sevenHigh_t2_mask_key_fiber_card._native.native_decide.ax_1_1,
 Erdos85.sevenHigh_t2_mask_key_fiber_card._native.native_decide.ax_1_2,
 Erdos85.sevenHigh_t3_mask_key_fiber_card._native.native_decide.ax_1_1,
 Erdos85.sevenHigh_t3_mask_key_fiber_card._native.native_decide.ax_1_2,
 Erdos85.sevenHigh_t3_mask_key_fiber_card._native.native_decide.ax_1_3,
 Erdos85.sevenHigh_t4_mask_key_fiber_card._native.native_decide.ax_1_1,
 Erdos85.sevenHigh_t4_mask_key_fiber_card._native.native_decide.ax_1_2,
 Erdos85.sevenHigh_t4_mask_key_fiber_card._native.native_decide.ax_1_3,
 Erdos85.sevenHigh_t5_mask_key_fiber_card._native.native_decide.ax_1_1,
 Erdos85.sevenHigh_t5_mask_key_fiber_card._native.native_decide.ax_1_2,
 Erdos85.sevenHigh_t6_mask_key_fiber_card._native.native_decide.ax_1_1,
 Erdos85.sevenHigh_t7_mask_key_fiber_card._native.native_decide.ax_1_1,
 Erdos85.H3Pair.pairPart_24_00._native.native_decide.ax_1_1,
 Erdos85.H3Pair.pairPart_24_01._native.native_decide.ax_1_1,
 Erdos85.H3Pair.pairPart_24_02._native.native_decide.ax_1_1,
 Erdos85.H3Pair.pairPart_24_03._native.native_decide.ax_1_1,
 Erdos85.H3Pair.pairPart_24_04._native.native_decide.ax_1_1,
 Erdos85.H3Pair.pairPart_24_05._native.native_decide.ax_1_1,
 Erdos85.H3Pair.pairPart_24_06._native.native_decide.ax_1_1,
 Erdos85.H3Pair.pairPart_24_07._native.native_decide.ax_1_1,
 Erdos85.H3Pair.pairPart_24_08._native.native_decide.ax_1_1,
 Erdos85.H3Pair.pairPart_24_09._native.native_decide.ax_1_1,
 Erdos85.H3Pair.pairPart_24_10._native.native_decide.ax_1_1,
 Erdos85.H3Pair.pairPart_24_11._native.native_decide.ax_1_1,
 Erdos85.H3Pair.pairPart_24_12._native.native_decide.ax_1_1,
 Erdos85.H3Pair.pairPart_24_13._native.native_decide.ax_1_1,
 Erdos85.H3Pair.pairPart_24_14._native.native_decide.ax_1_1,
 Erdos85.H3Pair.pairPart_24_15._native.native_decide.ax_1_1,
 Erdos85.H3Pair.pairPart_24_16._native.native_decide.ax_1_1,
 Erdos85.H3Pair.pairPart_24_17._native.native_decide.ax_1_1,
 Erdos85.H3Pair.pairPart_24_18._native.native_decide.ax_1_1,
 Erdos85.H3Pair.pairPart_24_19._native.native_decide.ax_1_1,
 Erdos85.H3Pair.pairPart_24_20._native.native_decide.ax_1_1,
 Erdos85.H3Pair.pairPart_24_21._native.native_decide.ax_1_1,
 Erdos85.H3Pair.pairPart_24_22._native.native_decide.ax_1_1,
 Erdos85.H3Pair.pairPart_24_23._native.native_decide.ax_1_1,
 Erdos85.H3TripleCompletion.triplePart_384_000._native.native_decide.ax_1_1,
 Erdos85.H3TripleCompletion.triplePart_384_001._native.native_decide.ax_1_1,
 Erdos85.H3TripleCompletion.triplePart_384_002._native.native_decide.ax_1_1,
 Erdos85.H3TripleCompletion.triplePart_384_003._native.native_decide.ax_1_1,
 Erdos85.H3TripleCompletion.triplePart_384_004._native.native_decide.ax_1_1,
 Erdos85.H3TripleCompletion.triplePart_384_005._native.native_decide.ax_1_1,
 Erdos85.H3TripleCompletion.triplePart_384_006._native.native_decide.ax_1_1,
 Erdos85.H3TripleCompletion.triplePart_384_007._native.native_decide.ax_1_1,
 Erdos85.H3TripleCompletion.triplePart_384_008._native.native_decide.ax_1_1,
 Erdos85.H3TripleCompletion.triplePart_384_009._native.native_decide.ax_1_1,
 Erdos85.H3TripleCompletion.triplePart_384_010._native.native_decide.ax_1_1,
 Erdos85.H3TripleCompletion.triplePart_384_011._native.native_decide.ax_1_1,
 Erdos85.H3TripleCompletion.triplePart_384_012._native.native_decide.ax_1_1,
 Erdos85.H3TripleCompletion.triplePart_384_013._native.native_decide.ax_1_1,
 Erdos85.H3TripleCompletion.triplePart_384_014._native.native_decide.ax_1_1,
 Erdos85.H3TripleCompletion.triplePart_384_015._native.native_decide.ax_1_1,
 Erdos85.H3TripleCompletion.triplePart_384_016._native.native_decide.ax_1_1,
 Erdos85.H3TripleCompletion.triplePart_384_017._native.native_decide.ax_1_1,
 Erdos85.H3TripleCompletion.triplePart_384_018._native.native_decide.ax_1_1,
 Erdos85.H3TripleCompletion.triplePart_384_019._native.native_decide.ax_1_1,
 Erdos85.H3TripleCompletion.triplePart_384_020._native.native_decide.ax_1_1,
 Erdos85.H3TripleCompletion.triplePart_384_021._native.native_decide.ax_1_1,
 Erdos85.H3TripleCompletion.triplePart_384_022._native.native_decide.ax_1_1,
 Erdos85.H3TripleCompletion.triplePart_384_023._native.native_decide.ax_1_1,
 Erdos85.H3TripleCompletion.triplePart_384_024._native.native_decide.ax_1_1,
 Erdos85.H3TripleCompletion.triplePart_384_025._native.native_decide.ax_1_1,
 Erdos85.H3TripleCompletion.triplePart_384_026._native.native_decide.ax_1_1,
 Erdos85.H3TripleCompletion.triplePart_384_027._native.native_decide.ax_1_1,
 Erdos85.H3TripleCompletion.triplePart_384_028._native.native_decide.ax_1_1,
 Erdos85.H3TripleCompletion.triplePart_384_029._native.native_decide.ax_1_1,
 Erdos85.H3TripleCompletion.triplePart_384_030._native.native_decide.ax_1_1,
 Erdos85.H3TripleCompletion.triplePart_384_031._native.native_decide.ax_1_1,
 Erdos85.H3TripleCompletion.triplePart_384_032._native.native_decide.ax_1_1,
 Erdos85.H3TripleCompletion.triplePart_384_033._native.native_decide.ax_1_1,
 Erdos85.H3TripleCompletion.triplePart_384_034._native.native_decide.ax_1_1,
 Erdos85.H3TripleCompletion.triplePart_384_035._native.native_decide.ax_1_1,
 Erdos85.H3TripleCompletion.triplePart_384_036._native.native_decide.ax_1_1,
 Erdos85.H3TripleCompletion.triplePart_384_037._native.native_decide.ax_1_1,
 Erdos85.H3TripleCompletion.triplePart_384_038._native.native_decide.ax_1_1,
 Erdos85.H3TripleCompletion.triplePart_384_039._native.native_decide.ax_1_1,
 Erdos85.H3TripleCompletion.triplePart_384_040._native.native_decide.ax_1_1,
 Erdos85.H3TripleCompletion.triplePart_384_041._native.native_decide.ax_1_1,
 Erdos85.H3TripleCompletion.triplePart_384_042._native.native_decide.ax_1_1,
 Erdos85.H3TripleCompletion.triplePart_384_043._native.native_decide.ax_1_1,
 Erdos85.H3TripleCompletion.triplePart_384_044._native.native_decide.ax_1_1,
 Erdos85.H3TripleCompletion.triplePart_384_045._native.native_decide.ax_1_1,
 Erdos85.H3TripleCompletion.triplePart_384_046._native.native_decide.ax_1_1,
 Erdos85.H3TripleCompletion.triplePart_384_047._native.native_decide.ax_1_1,
 Erdos85.H3TripleCompletion.triplePart_384_048._native.native_decide.ax_1_1,
 Erdos85.H3TripleCompletion.triplePart_384_049._native.native_decide.ax_1_1,
 Erdos85.H3TripleCompletion.triplePart_384_050._native.native_decide.ax_1_1,
 Erdos85.H3TripleCompletion.triplePart_384_051._native.native_decide.ax_1_1,
 Erdos85.H3TripleCompletion.triplePart_384_052._native.native_decide.ax_1_1,
 Erdos85.H3TripleCompletion.triplePart_384_053._native.native_decide.ax_1_1,
 Erdos85.H3TripleCompletion.triplePart_384_054._native.native_decide.ax_1_1,
 Erdos85.H3TripleCompletion.triplePart_384_055._native.native_decide.ax_1_1,
 Erdos85.H3TripleCompletion.triplePart_384_056._native.native_decide.ax_1_1,
 Erdos85.H3TripleCompletion.triplePart_384_057._native.native_decide.ax_1_1,
 Erdos85.H3TripleCompletion.triplePart_384_058._native.native_decide.ax_1_1,
 Erdos85.H3TripleCompletion.triplePart_384_059._native.native_decide.ax_1_1,
 Erdos85.H3TripleCompletion.triplePart_384_060._native.native_decide.ax_1_1,
 Erdos85.H3TripleCompletion.triplePart_384_061._native.native_decide.ax_1_1,
 Erdos85.H3TripleCompletion.triplePart_384_062._native.native_decide.ax_1_1,
 Erdos85.H3TripleCompletion.triplePart_384_063._native.native_decide.ax_1_1,
 Erdos85.H3TripleCompletion.triplePart_384_064._native.native_decide.ax_1_1,
 Erdos85.H3TripleCompletion.triplePart_384_065._native.native_decide.ax_1_1,
 Erdos85.H3TripleCompletion.triplePart_384_066._native.native_decide.ax_1_1,
 Erdos85.H3TripleCompletion.triplePart_384_067._native.native_decide.ax_1_1,
 Erdos85.H3TripleCompletion.triplePart_384_068._native.native_decide.ax_1_1,
 Erdos85.H3TripleCompletion.triplePart_384_069._native.native_decide.ax_1_1,
 Erdos85.H3TripleCompletion.triplePart_384_070._native.native_decide.ax_1_1,
 Erdos85.H3TripleCompletion.triplePart_384_071._native.native_decide.ax_1_1,
 Erdos85.H3TripleCompletion.triplePart_384_072._native.native_decide.ax_1_1,
 Erdos85.H3TripleCompletion.triplePart_384_073._native.native_decide.ax_1_1,
 Erdos85.H3TripleCompletion.triplePart_384_074._native.native_decide.ax_1_1,
 Erdos85.H3TripleCompletion.triplePart_384_075._native.native_decide.ax_1_1,
 Erdos85.H3TripleCompletion.triplePart_384_076._native.native_decide.ax_1_1,
 Erdos85.H3TripleCompletion.triplePart_384_077._native.native_decide.ax_1_1,
 Erdos85.H3TripleCompletion.triplePart_384_078._native.native_decide.ax_1_1,
 Erdos85.H3TripleCompletion.triplePart_384_079._native.native_decide.ax_1_1,
 Erdos85.H3TripleCompletion.triplePart_384_080._native.native_decide.ax_1_1,
 Erdos85.H3TripleCompletion.triplePart_384_081._native.native_decide.ax_1_1,
 Erdos85.H3TripleCompletion.triplePart_384_082._native.native_decide.ax_1_1,
 Erdos85.H3TripleCompletion.triplePart_384_083._native.native_decide.ax_1_1,
 Erdos85.H3TripleCompletion.triplePart_384_084._native.native_decide.ax_1_1,
 Erdos85.H3TripleCompletion.triplePart_384_085._native.native_decide.ax_1_1,
 Erdos85.H3TripleCompletion.triplePart_384_086._native.native_decide.ax_1_1,
 Erdos85.H3TripleCompletion.triplePart_384_087._native.native_decide.ax_1_1,
 Erdos85.H3TripleCompletion.triplePart_384_088._native.native_decide.ax_1_1,
 Erdos85.H3TripleCompletion.triplePart_384_089._native.native_decide.ax_1_1,
 Erdos85.H3TripleCompletion.triplePart_384_090._native.native_decide.ax_1_1,
 Erdos85.H3TripleCompletion.triplePart_384_091._native.native_decide.ax_1_1,
 Erdos85.H3TripleCompletion.triplePart_384_092._native.native_decide.ax_1_1,
 Erdos85.H3TripleCompletion.triplePart_384_093._native.native_decide.ax_1_1,
 Erdos85.H3TripleCompletion.triplePart_384_094._native.native_decide.ax_1_1,
 Erdos85.H3TripleCompletion.triplePart_384_095._native.native_decide.ax_1_1,
 Erdos85.H3TripleCompletion.triplePart_384_096._native.native_decide.ax_1_1,
 Erdos85.H3TripleCompletion.triplePart_384_097._native.native_decide.ax_1_1,
 Erdos85.H3TripleCompletion.triplePart_384_098._native.native_decide.ax_1_1,
 Erdos85.H3TripleCompletion.triplePart_384_099._native.native_decide.ax_1_1,
 Erdos85.H3TripleCompletion.triplePart_384_100._native.native_decide.ax_1_1,
 Erdos85.H3TripleCompletion.triplePart_384_101._native.native_decide.ax_1_1,
 Erdos85.H3TripleCompletion.triplePart_384_102._native.native_decide.ax_1_1,
 Erdos85.H3TripleCompletion.triplePart_384_103._native.native_decide.ax_1_1,
 Erdos85.H3TripleCompletion.triplePart_384_104._native.native_decide.ax_1_1,
 Erdos85.H3TripleCompletion.triplePart_384_105._native.native_decide.ax_1_1,
 Erdos85.H3TripleCompletion.triplePart_384_106._native.native_decide.ax_1_1,
 Erdos85.H3TripleCompletion.triplePart_384_107._native.native_decide.ax_1_1,
 Erdos85.H3TripleCompletion.triplePart_384_108._native.native_decide.ax_1_1,
 Erdos85.H3TripleCompletion.triplePart_384_109._native.native_decide.ax_1_1,
 Erdos85.H3TripleCompletion.triplePart_384_110._native.native_decide.ax_1_1,
 Erdos85.H3TripleCompletion.triplePart_384_111._native.native_decide.ax_1_1,
 Erdos85.H3TripleCompletion.triplePart_384_112._native.native_decide.ax_1_1,
 Erdos85.H3TripleCompletion.triplePart_384_113._native.native_decide.ax_1_1,
 Erdos85.H3TripleCompletion.triplePart_384_114._native.native_decide.ax_1_1,
 Erdos85.H3TripleCompletion.triplePart_384_115._native.native_decide.ax_1_1,
 Erdos85.H3TripleCompletion.triplePart_384_116._native.native_decide.ax_1_1,
 Erdos85.H3TripleCompletion.triplePart_384_117._native.native_decide.ax_1_1,
 Erdos85.H3TripleCompletion.triplePart_384_118._native.native_decide.ax_1_1,
 Erdos85.H3TripleCompletion.triplePart_384_119._native.native_decide.ax_1_1,
 Erdos85.H3TripleCompletion.triplePart_384_120._native.native_decide.ax_1_1,
 Erdos85.H3TripleCompletion.triplePart_384_121._native.native_decide.ax_1_1,
 Erdos85.H3TripleCompletion.triplePart_384_122._native.native_decide.ax_1_1,
 Erdos85.H3TripleCompletion.triplePart_384_123._native.native_decide.ax_1_1,
 Erdos85.H3TripleCompletion.triplePart_384_124._native.native_decide.ax_1_1,
 Erdos85.H3TripleCompletion.triplePart_384_125._native.native_decide.ax_1_1,
 Erdos85.H3TripleCompletion.triplePart_384_126._native.native_decide.ax_1_1,
 Erdos85.H3TripleCompletion.triplePart_384_127._native.native_decide.ax_1_1,
 Erdos85.H3TripleCompletion.triplePart_384_128._native.native_decide.ax_1_1,
 Erdos85.H3TripleCompletion.triplePart_384_129._native.native_decide.ax_1_1,
 Erdos85.H3TripleCompletion.triplePart_384_130._native.native_decide.ax_1_1,
 Erdos85.H3TripleCompletion.triplePart_384_131._native.native_decide.ax_1_1,
 Erdos85.H3TripleCompletion.triplePart_384_132._native.native_decide.ax_1_1,
 Erdos85.H3TripleCompletion.triplePart_384_133._native.native_decide.ax_1_1,
 Erdos85.H3TripleCompletion.triplePart_384_134._native.native_decide.ax_1_1,
 Erdos85.H3TripleCompletion.triplePart_384_135._native.native_decide.ax_1_1,
 Erdos85.H3TripleCompletion.triplePart_384_136._native.native_decide.ax_1_1,
 Erdos85.H3TripleCompletion.triplePart_384_137._native.native_decide.ax_1_1,
 Erdos85.H3TripleCompletion.triplePart_384_138._native.native_decide.ax_1_1,
 Erdos85.H3TripleCompletion.triplePart_384_139._native.native_decide.ax_1_1,
 Erdos85.H3TripleCompletion.triplePart_384_140._native.native_decide.ax_1_1,
 Erdos85.H3TripleCompletion.triplePart_384_141._native.native_decide.ax_1_1,
 Erdos85.H3TripleCompletion.triplePart_384_142._native.native_decide.ax_1_1,
 Erdos85.H3TripleCompletion.triplePart_384_143._native.native_decide.ax_1_1,
 Erdos85.H3TripleCompletion.triplePart_384_144._native.native_decide.ax_1_1,
 Erdos85.H3TripleCompletion.triplePart_384_145._native.native_decide.ax_1_1,
 Erdos85.H3TripleCompletion.triplePart_384_146._native.native_decide.ax_1_1,
 Erdos85.H3TripleCompletion.triplePart_384_147._native.native_decide.ax_1_1,
 Erdos85.H3TripleCompletion.triplePart_384_148._native.native_decide.ax_1_1,
 Erdos85.H3TripleCompletion.triplePart_384_149._native.native_decide.ax_1_1,
 Erdos85.H3TripleCompletion.triplePart_384_150._native.native_decide.ax_1_1,
 Erdos85.H3TripleCompletion.triplePart_384_151._native.native_decide.ax_1_1,
 Erdos85.H3TripleCompletion.triplePart_384_152._native.native_decide.ax_1_1,
 Erdos85.H3TripleCompletion.triplePart_384_153._native.native_decide.ax_1_1,
 Erdos85.H3TripleCompletion.triplePart_384_154._native.native_decide.ax_1_1,
 Erdos85.H3TripleCompletion.triplePart_384_155._native.native_decide.ax_1_1,
 Erdos85.H3TripleCompletion.triplePart_384_156._native.native_decide.ax_1_1,
 Erdos85.H3TripleCompletion.triplePart_384_157._native.native_decide.ax_1_1,
 Erdos85.H3TripleCompletion.triplePart_384_158._native.native_decide.ax_1_1,
 Erdos85.H3TripleCompletion.triplePart_384_159._native.native_decide.ax_1_1,
 Erdos85.H3TripleCompletion.triplePart_384_160._native.native_decide.ax_1_1,
 Erdos85.H3TripleCompletion.triplePart_384_161._native.native_decide.ax_1_1,
 Erdos85.H3TripleCompletion.triplePart_384_162._native.native_decide.ax_1_1,
 Erdos85.H3TripleCompletion.triplePart_384_163._native.native_decide.ax_1_1,
 Erdos85.H3TripleCompletion.triplePart_384_164._native.native_decide.ax_1_1,
 Erdos85.H3TripleCompletion.triplePart_384_165._native.native_decide.ax_1_1,
 Erdos85.H3TripleCompletion.triplePart_384_166._native.native_decide.ax_1_1,
 Erdos85.H3TripleCompletion.triplePart_384_167._native.native_decide.ax_1_1,
 Erdos85.H3TripleCompletion.triplePart_384_168._native.native_decide.ax_1_1,
 Erdos85.H3TripleCompletion.triplePart_384_169._native.native_decide.ax_1_1,
 Erdos85.H3TripleCompletion.triplePart_384_170._native.native_decide.ax_1_1,
 Erdos85.H3TripleCompletion.triplePart_384_171._native.native_decide.ax_1_1,
 Erdos85.H3TripleCompletion.triplePart_384_172._native.native_decide.ax_1_1,
 Erdos85.H3TripleCompletion.triplePart_384_173._native.native_decide.ax_1_1,
 Erdos85.H3TripleCompletion.triplePart_384_174._native.native_decide.ax_1_1,
 Erdos85.H3TripleCompletion.triplePart_384_175._native.native_decide.ax_1_1,
 Erdos85.H3TripleCompletion.triplePart_384_176._native.native_decide.ax_1_1,
 Erdos85.H3TripleCompletion.triplePart_384_177._native.native_decide.ax_1_1,
 Erdos85.H3TripleCompletion.triplePart_384_178._native.native_decide.ax_1_1,
 Erdos85.H3TripleCompletion.triplePart_384_179._native.native_decide.ax_1_1,
 Erdos85.H3TripleCompletion.triplePart_384_180._native.native_decide.ax_1_1,
 Erdos85.H3TripleCompletion.triplePart_384_181._native.native_decide.ax_1_1,
 Erdos85.H3TripleCompletion.triplePart_384_182._native.native_decide.ax_1_1,
 Erdos85.H3TripleCompletion.triplePart_384_183._native.native_decide.ax_1_1,
 Erdos85.H3TripleCompletion.triplePart_384_184._native.native_decide.ax_1_1,
 Erdos85.H3TripleCompletion.triplePart_384_185._native.native_decide.ax_1_1,
 Erdos85.H3TripleCompletion.triplePart_384_186._native.native_decide.ax_1_1,
 Erdos85.H3TripleCompletion.triplePart_384_187._native.native_decide.ax_1_1,
 Erdos85.H3TripleCompletion.triplePart_384_188._native.native_decide.ax_1_1,
 Erdos85.H3TripleCompletion.triplePart_384_189._native.native_decide.ax_1_1,
 Erdos85.H3TripleCompletion.triplePart_384_190._native.native_decide.ax_1_1,
 Erdos85.H3TripleCompletion.triplePart_384_191._native.native_decide.ax_1_1,
 Erdos85.H3TripleCompletion.triplePart_384_192._native.native_decide.ax_1_1,
 Erdos85.H3TripleCompletion.triplePart_384_193._native.native_decide.ax_1_1,
 Erdos85.H3TripleCompletion.triplePart_384_194._native.native_decide.ax_1_1,
 Erdos85.H3TripleCompletion.triplePart_384_195._native.native_decide.ax_1_1,
 Erdos85.H3TripleCompletion.triplePart_384_196._native.native_decide.ax_1_1,
 Erdos85.H3TripleCompletion.triplePart_384_197._native.native_decide.ax_1_1,
 Erdos85.H3TripleCompletion.triplePart_384_198._native.native_decide.ax_1_1,
 Erdos85.H3TripleCompletion.triplePart_384_199._native.native_decide.ax_1_1,
 Erdos85.H3TripleCompletion.triplePart_384_200._native.native_decide.ax_1_1,
 Erdos85.H3TripleCompletion.triplePart_384_201._native.native_decide.ax_1_1,
 Erdos85.H3TripleCompletion.triplePart_384_202._native.native_decide.ax_1_1,
 Erdos85.H3TripleCompletion.triplePart_384_203._native.native_decide.ax_1_1,
 Erdos85.H3TripleCompletion.triplePart_384_204._native.native_decide.ax_1_1,
 Erdos85.H3TripleCompletion.triplePart_384_205._native.native_decide.ax_1_1,
 Erdos85.H3TripleCompletion.triplePart_384_206._native.native_decide.ax_1_1,
 Erdos85.H3TripleCompletion.triplePart_384_207._native.native_decide.ax_1_1,
 Erdos85.H3TripleCompletion.triplePart_384_208._native.native_decide.ax_1_1,
 Erdos85.H3TripleCompletion.triplePart_384_209._native.native_decide.ax_1_1,
 Erdos85.H3TripleCompletion.triplePart_384_210._native.native_decide.ax_1_1,
 Erdos85.H3TripleCompletion.triplePart_384_211._native.native_decide.ax_1_1,
 Erdos85.H3TripleCompletion.triplePart_384_212._native.native_decide.ax_1_1,
 Erdos85.H3TripleCompletion.triplePart_384_213._native.native_decide.ax_1_1,
 Erdos85.H3TripleCompletion.triplePart_384_214._native.native_decide.ax_1_1,
 Erdos85.H3TripleCompletion.triplePart_384_215._native.native_decide.ax_1_1,
 Erdos85.H3TripleCompletion.triplePart_384_216._native.native_decide.ax_1_1,
 Erdos85.H3TripleCompletion.triplePart_384_217._native.native_decide.ax_1_1,
 Erdos85.H3TripleCompletion.triplePart_384_218._native.native_decide.ax_1_1,
 Erdos85.H3TripleCompletion.triplePart_384_219._native.native_decide.ax_1_1,
 Erdos85.H3TripleCompletion.triplePart_384_220._native.native_decide.ax_1_1,
 Erdos85.H3TripleCompletion.triplePart_384_221._native.native_decide.ax_1_1,
 Erdos85.H3TripleCompletion.triplePart_384_222._native.native_decide.ax_1_1,
 Erdos85.H3TripleCompletion.triplePart_384_223._native.native_decide.ax_1_1,
 Erdos85.H3TripleCompletion.triplePart_384_224._native.native_decide.ax_1_1,
 Erdos85.H3TripleCompletion.triplePart_384_225._native.native_decide.ax_1_1,
 Erdos85.H3TripleCompletion.triplePart_384_226._native.native_decide.ax_1_1,
 Erdos85.H3TripleCompletion.triplePart_384_227._native.native_decide.ax_1_1,
 Erdos85.H3TripleCompletion.triplePart_384_228._native.native_decide.ax_1_1,
 Erdos85.H3TripleCompletion.triplePart_384_229._native.native_decide.ax_1_1,
 Erdos85.H3TripleCompletion.triplePart_384_230._native.native_decide.ax_1_1,
 Erdos85.H3TripleCompletion.triplePart_384_231._native.native_decide.ax_1_1,
 Erdos85.H3TripleCompletion.triplePart_384_232._native.native_decide.ax_1_1,
 Erdos85.H3TripleCompletion.triplePart_384_233._native.native_decide.ax_1_1,
 Erdos85.H3TripleCompletion.triplePart_384_234._native.native_decide.ax_1_1,
 Erdos85.H3TripleCompletion.triplePart_384_235._native.native_decide.ax_1_1,
 Erdos85.H3TripleCompletion.triplePart_384_236._native.native_decide.ax_1_1,
 Erdos85.H3TripleCompletion.triplePart_384_237._native.native_decide.ax_1_1,
 Erdos85.H3TripleCompletion.triplePart_384_238._native.native_decide.ax_1_1,
 Erdos85.H3TripleCompletion.triplePart_384_239._native.native_decide.ax_1_1,
 Erdos85.H3TripleCompletion.triplePart_384_240._native.native_decide.ax_1_1,
 Erdos85.H3TripleCompletion.triplePart_384_241._native.native_decide.ax_1_1,
 Erdos85.H3TripleCompletion.triplePart_384_242._native.native_decide.ax_1_1,
 Erdos85.H3TripleCompletion.triplePart_384_243._native.native_decide.ax_1_1,
 Erdos85.H3TripleCompletion.triplePart_384_244._native.native_decide.ax_1_1,
 Erdos85.H3TripleCompletion.triplePart_384_245._native.native_decide.ax_1_1,
 Erdos85.H3TripleCompletion.triplePart_384_246._native.native_decide.ax_1_1,
 Erdos85.H3TripleCompletion.triplePart_384_247._native.native_decide.ax_1_1,
 Erdos85.H3TripleCompletion.triplePart_384_248._native.native_decide.ax_1_1,
 Erdos85.H3TripleCompletion.triplePart_384_249._native.native_decide.ax_1_1,
 Erdos85.H3TripleCompletion.triplePart_384_250._native.native_decide.ax_1_1,
 Erdos85.H3TripleCompletion.triplePart_384_251._native.native_decide.ax_1_1,
 Erdos85.H3TripleCompletion.triplePart_384_252._native.native_decide.ax_1_1,
 Erdos85.H3TripleCompletion.triplePart_384_253._native.native_decide.ax_1_1,
 Erdos85.H3TripleCompletion.triplePart_384_254._native.native_decide.ax_1_1,
 Erdos85.H3TripleCompletion.triplePart_384_255._native.native_decide.ax_1_1,
 Erdos85.H3TripleCompletion.triplePart_384_256._native.native_decide.ax_1_1,
 Erdos85.H3TripleCompletion.triplePart_384_257._native.native_decide.ax_1_1,
 Erdos85.H3TripleCompletion.triplePart_384_258._native.native_decide.ax_1_1,
 Erdos85.H3TripleCompletion.triplePart_384_259._native.native_decide.ax_1_1,
 Erdos85.H3TripleCompletion.triplePart_384_260._native.native_decide.ax_1_1,
 Erdos85.H3TripleCompletion.triplePart_384_261._native.native_decide.ax_1_1,
 Erdos85.H3TripleCompletion.triplePart_384_262._native.native_decide.ax_1_1,
 Erdos85.H3TripleCompletion.triplePart_384_263._native.native_decide.ax_1_1,
 Erdos85.H3TripleCompletion.triplePart_384_264._native.native_decide.ax_1_1,
 Erdos85.H3TripleCompletion.triplePart_384_265._native.native_decide.ax_1_1,
 Erdos85.H3TripleCompletion.triplePart_384_266._native.native_decide.ax_1_1,
 Erdos85.H3TripleCompletion.triplePart_384_267._native.native_decide.ax_1_1,
 Erdos85.H3TripleCompletion.triplePart_384_268._native.native_decide.ax_1_1,
 Erdos85.H3TripleCompletion.triplePart_384_269._native.native_decide.ax_1_1,
 Erdos85.H3TripleCompletion.triplePart_384_270._native.native_decide.ax_1_1,
 Erdos85.H3TripleCompletion.triplePart_384_271._native.native_decide.ax_1_1,
 Erdos85.H3TripleCompletion.triplePart_384_272._native.native_decide.ax_1_1,
 Erdos85.H3TripleCompletion.triplePart_384_273._native.native_decide.ax_1_1,
 Erdos85.H3TripleCompletion.triplePart_384_274._native.native_decide.ax_1_1,
 Erdos85.H3TripleCompletion.triplePart_384_275._native.native_decide.ax_1_1,
 Erdos85.H3TripleCompletion.triplePart_384_276._native.native_decide.ax_1_1,
 Erdos85.H3TripleCompletion.triplePart_384_277._native.native_decide.ax_1_1,
 Erdos85.H3TripleCompletion.triplePart_384_278._native.native_decide.ax_1_1,
 Erdos85.H3TripleCompletion.triplePart_384_279._native.native_decide.ax_1_1,
 Erdos85.H3TripleCompletion.triplePart_384_280._native.native_decide.ax_1_1,
 Erdos85.H3TripleCompletion.triplePart_384_281._native.native_decide.ax_1_1,
 Erdos85.H3TripleCompletion.triplePart_384_282._native.native_decide.ax_1_1,
 Erdos85.H3TripleCompletion.triplePart_384_283._native.native_decide.ax_1_1,
 Erdos85.H3TripleCompletion.triplePart_384_284._native.native_decide.ax_1_1,
 Erdos85.H3TripleCompletion.triplePart_384_285._native.native_decide.ax_1_1,
 Erdos85.H3TripleCompletion.triplePart_384_286._native.native_decide.ax_1_1,
 Erdos85.H3TripleCompletion.triplePart_384_287._native.native_decide.ax_1_1,
 Erdos85.H3TripleCompletion.triplePart_384_288._native.native_decide.ax_1_1,
 Erdos85.H3TripleCompletion.triplePart_384_289._native.native_decide.ax_1_1,
 Erdos85.H3TripleCompletion.triplePart_384_290._native.native_decide.ax_1_1,
 Erdos85.H3TripleCompletion.triplePart_384_291._native.native_decide.ax_1_1,
 Erdos85.H3TripleCompletion.triplePart_384_292._native.native_decide.ax_1_1,
 Erdos85.H3TripleCompletion.triplePart_384_293._native.native_decide.ax_1_1,
 Erdos85.H3TripleCompletion.triplePart_384_294._native.native_decide.ax_1_1,
 Erdos85.H3TripleCompletion.triplePart_384_295._native.native_decide.ax_1_1,
 Erdos85.H3TripleCompletion.triplePart_384_296._native.native_decide.ax_1_1,
 Erdos85.H3TripleCompletion.triplePart_384_297._native.native_decide.ax_1_1,
 Erdos85.H3TripleCompletion.triplePart_384_298._native.native_decide.ax_1_1,
 Erdos85.H3TripleCompletion.triplePart_384_299._native.native_decide.ax_1_1,
 Erdos85.H3TripleCompletion.triplePart_384_300._native.native_decide.ax_1_1,
 Erdos85.H3TripleCompletion.triplePart_384_301._native.native_decide.ax_1_1,
 Erdos85.H3TripleCompletion.triplePart_384_302._native.native_decide.ax_1_1,
 Erdos85.H3TripleCompletion.triplePart_384_303._native.native_decide.ax_1_1,
 Erdos85.H3TripleCompletion.triplePart_384_304._native.native_decide.ax_1_1,
 Erdos85.H3TripleCompletion.triplePart_384_305._native.native_decide.ax_1_1,
 Erdos85.H3TripleCompletion.triplePart_384_306._native.native_decide.ax_1_1,
 Erdos85.H3TripleCompletion.triplePart_384_307._native.native_decide.ax_1_1,
 Erdos85.H3TripleCompletion.triplePart_384_308._native.native_decide.ax_1_1,
 Erdos85.H3TripleCompletion.triplePart_384_309._native.native_decide.ax_1_1,
 Erdos85.H3TripleCompletion.triplePart_384_310._native.native_decide.ax_1_1,
 Erdos85.H3TripleCompletion.triplePart_384_311._native.native_decide.ax_1_1,
 Erdos85.H3TripleCompletion.triplePart_384_312._native.native_decide.ax_1_1,
 Erdos85.H3TripleCompletion.triplePart_384_313._native.native_decide.ax_1_1,
 Erdos85.H3TripleCompletion.triplePart_384_314._native.native_decide.ax_1_1,
 Erdos85.H3TripleCompletion.triplePart_384_315._native.native_decide.ax_1_1,
 Erdos85.H3TripleCompletion.triplePart_384_316._native.native_decide.ax_1_1,
 Erdos85.H3TripleCompletion.triplePart_384_317._native.native_decide.ax_1_1,
 Erdos85.H3TripleCompletion.triplePart_384_318._native.native_decide.ax_1_1,
 Erdos85.H3TripleCompletion.triplePart_384_319._native.native_decide.ax_1_1,
 Erdos85.H3TripleCompletion.triplePart_384_320._native.native_decide.ax_1_1,
 Erdos85.H3TripleCompletion.triplePart_384_321._native.native_decide.ax_1_1,
 Erdos85.H3TripleCompletion.triplePart_384_322._native.native_decide.ax_1_1,
 Erdos85.H3TripleCompletion.triplePart_384_323._native.native_decide.ax_1_1,
 Erdos85.H3TripleCompletion.triplePart_384_324._native.native_decide.ax_1_1,
 Erdos85.H3TripleCompletion.triplePart_384_325._native.native_decide.ax_1_1,
 Erdos85.H3TripleCompletion.triplePart_384_326._native.native_decide.ax_1_1,
 Erdos85.H3TripleCompletion.triplePart_384_327._native.native_decide.ax_1_1,
 Erdos85.H3TripleCompletion.triplePart_384_328._native.native_decide.ax_1_1,
 Erdos85.H3TripleCompletion.triplePart_384_329._native.native_decide.ax_1_1,
 Erdos85.H3TripleCompletion.triplePart_384_330._native.native_decide.ax_1_1,
 Erdos85.H3TripleCompletion.triplePart_384_331._native.native_decide.ax_1_1,
 Erdos85.H3TripleCompletion.triplePart_384_332._native.native_decide.ax_1_1,
 Erdos85.H3TripleCompletion.triplePart_384_333._native.native_decide.ax_1_1,
 Erdos85.H3TripleCompletion.triplePart_384_334._native.native_decide.ax_1_1,
 Erdos85.H3TripleCompletion.triplePart_384_335._native.native_decide.ax_1_1,
 Erdos85.H3TripleCompletion.triplePart_384_336._native.native_decide.ax_1_1,
 Erdos85.H3TripleCompletion.triplePart_384_337._native.native_decide.ax_1_1,
 Erdos85.H3TripleCompletion.triplePart_384_338._native.native_decide.ax_1_1,
 Erdos85.H3TripleCompletion.triplePart_384_339._native.native_decide.ax_1_1,
 Erdos85.H3TripleCompletion.triplePart_384_340._native.native_decide.ax_1_1,
 Erdos85.H3TripleCompletion.triplePart_384_341._native.native_decide.ax_1_1,
 Erdos85.H3TripleCompletion.triplePart_384_342._native.native_decide.ax_1_1,
 Erdos85.H3TripleCompletion.triplePart_384_343._native.native_decide.ax_1_1,
 Erdos85.H3TripleCompletion.triplePart_384_344._native.native_decide.ax_1_1,
 Erdos85.H3TripleCompletion.triplePart_384_345._native.native_decide.ax_1_1,
 Erdos85.H3TripleCompletion.triplePart_384_346._native.native_decide.ax_1_1,
 Erdos85.H3TripleCompletion.triplePart_384_347._native.native_decide.ax_1_1,
 Erdos85.H3TripleCompletion.triplePart_384_348._native.native_decide.ax_1_1,
 Erdos85.H3TripleCompletion.triplePart_384_349._native.native_decide.ax_1_1,
 Erdos85.H3TripleCompletion.triplePart_384_350._native.native_decide.ax_1_1,
 Erdos85.H3TripleCompletion.triplePart_384_351._native.native_decide.ax_1_1,
 Erdos85.H3TripleCompletion.triplePart_384_352._native.native_decide.ax_1_1,
 Erdos85.H3TripleCompletion.triplePart_384_353._native.native_decide.ax_1_1,
 Erdos85.H3TripleCompletion.triplePart_384_354._native.native_decide.ax_1_1,
 Erdos85.H3TripleCompletion.triplePart_384_355._native.native_decide.ax_1_1,
 Erdos85.H3TripleCompletion.triplePart_384_356._native.native_decide.ax_1_1,
 Erdos85.H3TripleCompletion.triplePart_384_357._native.native_decide.ax_1_1,
 Erdos85.H3TripleCompletion.triplePart_384_358._native.native_decide.ax_1_1,
 Erdos85.H3TripleCompletion.triplePart_384_359._native.native_decide.ax_1_1,
 Erdos85.H3TripleCompletion.triplePart_384_360._native.native_decide.ax_1_1,
 Erdos85.H3TripleCompletion.triplePart_384_361._native.native_decide.ax_1_1,
 Erdos85.H3TripleCompletion.triplePart_384_362._native.native_decide.ax_1_1,
 Erdos85.H3TripleCompletion.triplePart_384_363._native.native_decide.ax_1_1,
 Erdos85.H3TripleCompletion.triplePart_384_364._native.native_decide.ax_1_1,
 Erdos85.H3TripleCompletion.triplePart_384_365._native.native_decide.ax_1_1,
 Erdos85.H3TripleCompletion.triplePart_384_366._native.native_decide.ax_1_1,
 Erdos85.H3TripleCompletion.triplePart_384_367._native.native_decide.ax_1_1,
 Erdos85.H3TripleCompletion.triplePart_384_368._native.native_decide.ax_1_1,
 Erdos85.H3TripleCompletion.triplePart_384_369._native.native_decide.ax_1_1,
 Erdos85.H3TripleCompletion.triplePart_384_370._native.native_decide.ax_1_1,
 Erdos85.H3TripleCompletion.triplePart_384_371._native.native_decide.ax_1_1,
 Erdos85.H3TripleCompletion.triplePart_384_372._native.native_decide.ax_1_1,
 Erdos85.H3TripleCompletion.triplePart_384_373._native.native_decide.ax_1_1,
 Erdos85.H3TripleCompletion.triplePart_384_374._native.native_decide.ax_1_1,
 Erdos85.H3TripleCompletion.triplePart_384_375._native.native_decide.ax_1_1,
 Erdos85.H3TripleCompletion.triplePart_384_376._native.native_decide.ax_1_1,
 Erdos85.H3TripleCompletion.triplePart_384_377._native.native_decide.ax_1_1,
 Erdos85.H3TripleCompletion.triplePart_384_378._native.native_decide.ax_1_1,
 Erdos85.H3TripleCompletion.triplePart_384_379._native.native_decide.ax_1_1,
 Erdos85.H3TripleCompletion.triplePart_384_380._native.native_decide.ax_1_1,
 Erdos85.H3TripleCompletion.triplePart_384_381._native.native_decide.ax_1_1,
 Erdos85.H3TripleCompletion.triplePart_384_382._native.native_decide.ax_1_1,
 Erdos85.H3TripleCompletion.triplePart_384_383._native.native_decide.ax_1_1,
 Erdos85.H5.cellPartF_0_4_16_00._native.native_decide.ax_1_1,
 Erdos85.H5.cellPartF_0_4_16_01._native.native_decide.ax_1_1,
 Erdos85.H5.cellPartF_0_4_16_02._native.native_decide.ax_1_1,
 Erdos85.H5.cellPartF_0_4_16_03._native.native_decide.ax_1_1,
 Erdos85.H5.cellPartF_0_4_16_04._native.native_decide.ax_1_1,
 Erdos85.H5.cellPartF_0_4_16_05._native.native_decide.ax_1_1,
 Erdos85.H5.cellPartF_0_4_16_06._native.native_decide.ax_1_1,
 Erdos85.H5.cellPartF_0_4_16_07._native.native_decide.ax_1_1,
 Erdos85.H5.cellPartF_0_4_16_08._native.native_decide.ax_1_1,
 Erdos85.H5.cellPartF_0_4_16_09._native.native_decide.ax_1_1,
 Erdos85.H5.cellPartF_0_4_16_10._native.native_decide.ax_1_1,
 Erdos85.H5.cellPartF_0_4_16_11._native.native_decide.ax_1_1,
 Erdos85.H5.cellPartF_0_4_16_12._native.native_decide.ax_1_1,
 Erdos85.H5.cellPartF_0_4_16_13._native.native_decide.ax_1_1,
 Erdos85.H5.cellPartF_0_4_16_14._native.native_decide.ax_1_1,
 Erdos85.H5.cellPartF_0_4_16_15._native.native_decide.ax_1_1,
 Erdos85.H5.cellPartF_1_6_16_00._native.native_decide.ax_1_1,
 Erdos85.H5.cellPartF_1_6_16_01._native.native_decide.ax_1_1,
 Erdos85.H5.cellPartF_1_6_16_02._native.native_decide.ax_1_1,
 Erdos85.H5.cellPartF_1_6_16_03._native.native_decide.ax_1_1,
 Erdos85.H5.cellPartF_1_6_16_04._native.native_decide.ax_1_1,
 Erdos85.H5.cellPartF_1_6_16_05._native.native_decide.ax_1_1,
 Erdos85.H5.cellPartF_1_6_16_06._native.native_decide.ax_1_1,
 Erdos85.H5.cellPartF_1_6_16_07._native.native_decide.ax_1_1,
 Erdos85.H5.cellPartF_1_6_16_08._native.native_decide.ax_1_1,
 Erdos85.H5.cellPartF_1_6_16_09._native.native_decide.ax_1_1,
 Erdos85.H5.cellPartF_1_6_16_10._native.native_decide.ax_1_1,
 Erdos85.H5.cellPartF_1_6_16_11._native.native_decide.ax_1_1,
 Erdos85.H5.cellPartF_1_6_16_12._native.native_decide.ax_1_1,
 Erdos85.H5.cellPartF_1_6_16_13._native.native_decide.ax_1_1,
 Erdos85.H5.cellPartF_1_6_16_14._native.native_decide.ax_1_1,
 Erdos85.H5.cellPartF_1_6_16_15._native.native_decide.ax_1_1,
 Erdos85.H5.cellPartF_2_12_8_00._native.native_decide.ax_1_1,
 Erdos85.H5.cellPartF_2_12_8_01._native.native_decide.ax_1_1,
 Erdos85.H5.cellPartF_2_12_8_02._native.native_decide.ax_1_1,
 Erdos85.H5.cellPartF_2_12_8_03._native.native_decide.ax_1_1,
 Erdos85.H5.cellPartF_2_12_8_04._native.native_decide.ax_1_1,
 Erdos85.H5.cellPartF_2_12_8_05._native.native_decide.ax_1_1,
 Erdos85.H5.cellPartF_2_12_8_06._native.native_decide.ax_1_1,
 Erdos85.H5.cellPartF_2_12_8_07._native.native_decide.ax_1_1]
'Erdos85.minDegreeForC4_fortyNine_lt_fortyEight_of_h1_h7Evidence' depends on axioms: [propext,
 Classical.choice,
 Quot.sound,
 Erdos85.boza48Graph._native.native_decide.ax_1,
 Erdos85.boza48Graph_common_le_one._native.native_decide.ax_1_1,
 Erdos85.boza48Graph_degree._native.native_decide.ax_1_1,
 Erdos85.card_filter_oneHighCanonicalBranchAdj._native.native_decide.ax_1_1,
 Erdos85.enumerateOneHighTableValues_complete._native.native_decide.ax_1_1,
 Erdos85.extend_five_linear_triples_canonical._native.native_decide.ax_1_1,
 Erdos85.extend_five_linear_triples_canonical._native.native_decide.ax_1_2,
 Erdos85.extend_four_linear_triples_canonical._native.native_decide.ax_1_1,
 Erdos85.extend_four_linear_triples_canonical._native.native_decide.ax_1_2,
 Erdos85.extend_four_linear_triples_canonical._native.native_decide.ax_1_3,
 Erdos85.extend_six_linear_triples_canonical._native.native_decide.ax_1_1,
 Erdos85.finEight_standardMate_canonicalize_marked._native.native_decide.ax_1_1,
 Erdos85.finFive_exists_canonical_lex_perm._native.native_decide.ax_1_1,
 Erdos85.finFive_matchingBits_canonical._native.native_decide.ax_1_1,
 Erdos85.fiveHighCanonicalFiberCover_one._native.native_decide.ax_1_1,
 Erdos85.fiveHighCanonicalFiberCover_two._native.native_decide.ax_1_1,
 Erdos85.fiveHighCanonicalFiberCover_two._native.native_decide.ax_1_2,
 Erdos85.fiveHighCanonicalFiberCover_zero._native.native_decide.ax_1_1,
 Erdos85.fiveHigh_t0_mask_key_fiber_card._native.native_decide.ax_1_1,
 Erdos85.fiveHigh_t1_mask_key_fiber_card._native.native_decide.ax_1_1,
 Erdos85.fiveHigh_t2_local_triple_card._native.native_decide.ax_1_10,
 Erdos85.fiveHigh_t2_local_triple_card._native.native_decide.ax_1_11,
 Erdos85.fiveHigh_t2_local_triple_card._native.native_decide.ax_1_12,
 Erdos85.fiveHigh_t2_local_triple_card._native.native_decide.ax_1_13,
 Erdos85.fiveHigh_t2_local_triple_card._native.native_decide.ax_1_4,
 Erdos85.fiveHigh_t2_local_triple_card._native.native_decide.ax_1_5,
 Erdos85.fiveHigh_t2_local_triple_card._native.native_decide.ax_1_6,
 Erdos85.fiveHigh_t2_local_triple_card._native.native_decide.ax_1_7,
 Erdos85.fiveHigh_t2_local_triple_card._native.native_decide.ax_1_8,
 Erdos85.fiveHigh_t2_local_triple_card._native.native_decide.ax_1_9,
 Erdos85.fiveHigh_t2_mask_key_fiber_card._native.native_decide.ax_1_1,
 Erdos85.fiveHigh_t2_mask_key_fiber_card._native.native_decide.ax_1_2,
 Erdos85.fixed_first_four_linear_triples_canonical_packed._native.native_decide.ax_1_1,
 Erdos85.fixed_first_three_linear_triples_canonical._native.native_decide.ax_1_1,
 Erdos85.oneHighBranchEdgeIndex_eq_iff._native.native_decide.ax_1_1,
 Erdos85.oneHighBranchEdgeIndex_lt._native.native_decide.ax_1_1,
 Erdos85.oneHighFamilyV2LowerTablePairs_mem_bounds._native.native_decide.ax_1_1,
 Erdos85.oneHighFamily_xor_one_lt_eight._native.native_decide.ax_1_1,
 Erdos85.oneHighInventoryRows_relevant_lt_five._native.native_decide.ax_1_1,
 Erdos85.oneHighPrunedEnumRawKeySet_eq_inventoryOrbit_four._native.native_decide.ax_1_1,
 Erdos85.oneHighPrunedEnumRawKeySet_eq_inventoryOrbit_one._native.native_decide.ax_1_1,
 Erdos85.oneHighPrunedEnumRawKeySet_eq_inventoryOrbit_three._native.native_decide.ax_1_1,
 Erdos85.oneHighPrunedEnumRawKeySet_eq_inventoryOrbit_two._native.native_decide.ax_1_1,
 Erdos85.oneHighPrunedEnumRawKeySet_eq_inventoryOrbit_zero._native.native_decide.ax_1_1,
 Erdos85.oneHighPrunedEnumeratorComplete._native.native_decide.ax_1_1,
 Erdos85.oneHighRelevantPairList_complete._native.native_decide.ax_1_1,
 Erdos85.oneHighRelevantPairList_nodup._native.native_decide.ax_1_1,
 Erdos85.oneHighRelevantPair_mem_tablePairs._native.native_decide.ax_1_1,
 Erdos85.oneHighStandardMate_even_pair._native.native_decide.ax_1_1,
 Erdos85.oneHighStandardMate_even_pair._native.native_decide.ax_1_2,
 Erdos85.oneHighStandardMate_even_pair._native.native_decide.ax_1_3,
 Erdos85.oneHighStandardMate_even_pair._native.native_decide.ax_1_4,
 Erdos85.orderFortyNineDegreeBlocks_seven_nonzero._native.native_decide.ax_1_1,
 Erdos85.orderFortyNineH7HighPairs_ne._native.native_decide.ax_1_1,
 Erdos85.orderFortyNineT2RepA_check._native.native_decide.ax_1_1,
 Erdos85.orderFortyNineT2RepB_check._native.native_decide.ax_1_1,
 Erdos85.orderFortyNineT3Rep0_check._native.native_decide.ax_1_1,
 Erdos85.orderFortyNineT3Rep1_check._native.native_decide.ax_1_1,
 Erdos85.orderFortyNineT3Rep2_check._native.native_decide.ax_1_1,
 Erdos85.orderFortyNineT3Rep3_check._native.native_decide.ax_1_1,
 Erdos85.orderFortyNineT3Rep4_check._native.native_decide.ax_1_1,
 Erdos85.orderFortyNineT4Rep0_check._native.native_decide.ax_1_1,
 Erdos85.orderFortyNineT4Rep10_check._native.native_decide.ax_1_1,
 Erdos85.orderFortyNineT4Rep1_check._native.native_decide.ax_1_1,
 Erdos85.orderFortyNineT4Rep2_check._native.native_decide.ax_1_1,
 Erdos85.orderFortyNineT4Rep3_check._native.native_decide.ax_1_1,
 Erdos85.orderFortyNineT4Rep4_check._native.native_decide.ax_1_1,
 Erdos85.orderFortyNineT4Rep5_check._native.native_decide.ax_1_1,
 Erdos85.orderFortyNineT4Rep6_check._native.native_decide.ax_1_1,
 Erdos85.orderFortyNineT4Rep7_check._native.native_decide.ax_1_1,
 Erdos85.orderFortyNineT4Rep8_check._native.native_decide.ax_1_1,
 Erdos85.orderFortyNineT4Rep9_check._native.native_decide.ax_1_1,
 Erdos85.sevenHighCanonicalFiberCover_five._native.native_decide.ax_1_1,
 Erdos85.sevenHighCanonicalFiberCover_five._native.native_decide.ax_1_2,
 Erdos85.sevenHighCanonicalFiberCover_five._native.native_decide.ax_1_3,
 Erdos85.sevenHighCanonicalFiberCover_five._native.native_decide.ax_1_4,
 Erdos85.sevenHighCanonicalFiberCover_four._native.native_decide.ax_1_1,
 Erdos85.sevenHighCanonicalFiberCover_four._native.native_decide.ax_1_2,
 Erdos85.sevenHighCanonicalFiberCover_four._native.native_decide.ax_1_3,
 Erdos85.sevenHighCanonicalFiberCover_four._native.native_decide.ax_1_4,
 Erdos85.sevenHighCanonicalFiberCover_four._native.native_decide.ax_1_5,
 Erdos85.sevenHighCanonicalFiberCover_four._native.native_decide.ax_1_6,
 Erdos85.sevenHighCanonicalFiberCover_one._native.native_decide.ax_1_1,
 Erdos85.sevenHighCanonicalFiberCover_one._native.native_decide.ax_1_2,
 Erdos85.sevenHighCanonicalFiberCover_seven._native.native_decide.ax_1_1,
 Erdos85.sevenHighCanonicalFiberCover_seven._native.native_decide.ax_1_2,
 Erdos85.sevenHighCanonicalFiberCover_six._native.native_decide.ax_1_1,
 Erdos85.sevenHighCanonicalFiberCover_six._native.native_decide.ax_1_2,
 Erdos85.sevenHighCanonicalFiberCover_three._native.native_decide.ax_1_1,
 Erdos85.sevenHighCanonicalFiberCover_three._native.native_decide.ax_1_2,
 Erdos85.sevenHighCanonicalFiberCover_three._native.native_decide.ax_1_3,
 Erdos85.sevenHighCanonicalFiberCover_three._native.native_decide.ax_1_4,
 Erdos85.sevenHighCanonicalFiberCover_three._native.native_decide.ax_1_5,
 Erdos85.sevenHighCanonicalFiberCover_three._native.native_decide.ax_1_6,
 Erdos85.sevenHighCanonicalFiberCover_two._native.native_decide.ax_1_1,
 Erdos85.sevenHighCanonicalFiberCover_two._native.native_decide.ax_1_2,
 Erdos85.sevenHighCanonicalFiberCover_two._native.native_decide.ax_1_3,
 Erdos85.sevenHighCanonicalFiberCover_two._native.native_decide.ax_1_4,
 Erdos85.sevenHighCanonicalFiberCover_zero._native.native_decide.ax_1_1,
 Erdos85.sevenHighCanonicalFiberCover_zero._native.native_decide.ax_1_2,
 Erdos85.sevenHighT0CanonicalEmptyPermutationAction_table._native.native_decide.ax_1_1,
 Erdos85.sevenHighT0CanonicalEmptyRepresentative_orbit_cover._native.native_decide.ax_1_1,
 Erdos85.sevenHighT1Rep0_check._native.native_decide.ax_1_1,
 Erdos85.sevenHighT2Rep0_check._native.native_decide.ax_1_1,
 Erdos85.sevenHighT2Rep1_check._native.native_decide.ax_1_1,
 Erdos85.sevenHighT3Rep0_check._native.native_decide.ax_1_1,
 Erdos85.sevenHighT3Rep1_check._native.native_decide.ax_1_1,
 Erdos85.sevenHighT3Rep2_check._native.native_decide.ax_1_1,
 Erdos85.sevenHighT3TripleSet_member_card._native.native_decide.ax_1_1,
 Erdos85.sevenHighT3TripleSet_member_card._native.native_decide.ax_1_2,
 Erdos85.sevenHighT3TripleSet_member_card._native.native_decide.ax_1_3,
 Erdos85.sevenHighT4Rep0_check._native.native_decide.ax_1_1,
 Erdos85.sevenHighT4Rep1_check._native.native_decide.ax_1_1,
 Erdos85.sevenHighT4Rep2_check._native.native_decide.ax_1_1,
 Erdos85.sevenHighT4TripleSet_member_card._native.native_decide.ax_1_1,
 Erdos85.sevenHighT4TripleSet_member_card._native.native_decide.ax_1_2,
 Erdos85.sevenHighT4TripleSet_member_card._native.native_decide.ax_1_3,
 Erdos85.sevenHighT5Rep0_check._native.native_decide.ax_1_1,
 Erdos85.sevenHighT5Rep1_check._native.native_decide.ax_1_1,
 Erdos85.sevenHighT5TripleSet_member_card._native.native_decide.ax_1_1,
 Erdos85.sevenHighT5TripleSet_member_card._native.native_decide.ax_1_2,
 Erdos85.sevenHighT6Rep0_check._native.native_decide.ax_1_1,
 Erdos85.sevenHighT6TripleSet_member_card._native.native_decide.ax_1_1,
 Erdos85.sevenHighT7Rep0_check._native.native_decide.ax_1_1,
 Erdos85.sevenHighT7TripleSet_member_card._native.native_decide.ax_1_1,
 Erdos85.sevenHigh_t0_mask_key_fiber_card._native.native_decide.ax_1_1,
 Erdos85.sevenHigh_t1_mask_key_fiber_card._native.native_decide.ax_1_1,
 Erdos85.sevenHigh_t2_local_triple_card._native.native_decide.ax_1_10,
 Erdos85.sevenHigh_t2_local_triple_card._native.native_decide.ax_1_11,
 Erdos85.sevenHigh_t2_local_triple_card._native.native_decide.ax_1_12,
 Erdos85.sevenHigh_t2_local_triple_card._native.native_decide.ax_1_13,
 Erdos85.sevenHigh_t2_local_triple_card._native.native_decide.ax_1_14,
 Erdos85.sevenHigh_t2_local_triple_card._native.native_decide.ax_1_15,
 Erdos85.sevenHigh_t2_local_triple_card._native.native_decide.ax_1_16,
 Erdos85.sevenHigh_t2_local_triple_card._native.native_decide.ax_1_17,
 Erdos85.sevenHigh_t2_local_triple_card._native.native_decide.ax_1_4,
 Erdos85.sevenHigh_t2_local_triple_card._native.native_decide.ax_1_5,
 Erdos85.sevenHigh_t2_local_triple_card._native.native_decide.ax_1_6,
 Erdos85.sevenHigh_t2_local_triple_card._native.native_decide.ax_1_7,
 Erdos85.sevenHigh_t2_local_triple_card._native.native_decide.ax_1_8,
 Erdos85.sevenHigh_t2_local_triple_card._native.native_decide.ax_1_9,
 Erdos85.sevenHigh_t2_mask_key_fiber_card._native.native_decide.ax_1_1,
 Erdos85.sevenHigh_t2_mask_key_fiber_card._native.native_decide.ax_1_2,
 Erdos85.sevenHigh_t3_mask_key_fiber_card._native.native_decide.ax_1_1,
 Erdos85.sevenHigh_t3_mask_key_fiber_card._native.native_decide.ax_1_2,
 Erdos85.sevenHigh_t3_mask_key_fiber_card._native.native_decide.ax_1_3,
 Erdos85.sevenHigh_t4_mask_key_fiber_card._native.native_decide.ax_1_1,
 Erdos85.sevenHigh_t4_mask_key_fiber_card._native.native_decide.ax_1_2,
 Erdos85.sevenHigh_t4_mask_key_fiber_card._native.native_decide.ax_1_3,
 Erdos85.sevenHigh_t5_mask_key_fiber_card._native.native_decide.ax_1_1,
 Erdos85.sevenHigh_t5_mask_key_fiber_card._native.native_decide.ax_1_2,
 Erdos85.sevenHigh_t6_mask_key_fiber_card._native.native_decide.ax_1_1,
 Erdos85.sevenHigh_t7_mask_key_fiber_card._native.native_decide.ax_1_1,
 Erdos85.H3Pair.pairPart_24_00._native.native_decide.ax_1_1,
 Erdos85.H3Pair.pairPart_24_01._native.native_decide.ax_1_1,
 Erdos85.H3Pair.pairPart_24_02._native.native_decide.ax_1_1,
 Erdos85.H3Pair.pairPart_24_03._native.native_decide.ax_1_1,
 Erdos85.H3Pair.pairPart_24_04._native.native_decide.ax_1_1,
 Erdos85.H3Pair.pairPart_24_05._native.native_decide.ax_1_1,
 Erdos85.H3Pair.pairPart_24_06._native.native_decide.ax_1_1,
 Erdos85.H3Pair.pairPart_24_07._native.native_decide.ax_1_1,
 Erdos85.H3Pair.pairPart_24_08._native.native_decide.ax_1_1,
 Erdos85.H3Pair.pairPart_24_09._native.native_decide.ax_1_1,
 Erdos85.H3Pair.pairPart_24_10._native.native_decide.ax_1_1,
 Erdos85.H3Pair.pairPart_24_11._native.native_decide.ax_1_1,
 Erdos85.H3Pair.pairPart_24_12._native.native_decide.ax_1_1,
 Erdos85.H3Pair.pairPart_24_13._native.native_decide.ax_1_1,
 Erdos85.H3Pair.pairPart_24_14._native.native_decide.ax_1_1,
 Erdos85.H3Pair.pairPart_24_15._native.native_decide.ax_1_1,
 Erdos85.H3Pair.pairPart_24_16._native.native_decide.ax_1_1,
 Erdos85.H3Pair.pairPart_24_17._native.native_decide.ax_1_1,
 Erdos85.H3Pair.pairPart_24_18._native.native_decide.ax_1_1,
 Erdos85.H3Pair.pairPart_24_19._native.native_decide.ax_1_1,
 Erdos85.H3Pair.pairPart_24_20._native.native_decide.ax_1_1,
 Erdos85.H3Pair.pairPart_24_21._native.native_decide.ax_1_1,
 Erdos85.H3Pair.pairPart_24_22._native.native_decide.ax_1_1,
 Erdos85.H3Pair.pairPart_24_23._native.native_decide.ax_1_1,
 Erdos85.H3TripleCompletion.triplePart_384_000._native.native_decide.ax_1_1,
 Erdos85.H3TripleCompletion.triplePart_384_001._native.native_decide.ax_1_1,
 Erdos85.H3TripleCompletion.triplePart_384_002._native.native_decide.ax_1_1,
 Erdos85.H3TripleCompletion.triplePart_384_003._native.native_decide.ax_1_1,
 Erdos85.H3TripleCompletion.triplePart_384_004._native.native_decide.ax_1_1,
 Erdos85.H3TripleCompletion.triplePart_384_005._native.native_decide.ax_1_1,
 Erdos85.H3TripleCompletion.triplePart_384_006._native.native_decide.ax_1_1,
 Erdos85.H3TripleCompletion.triplePart_384_007._native.native_decide.ax_1_1,
 Erdos85.H3TripleCompletion.triplePart_384_008._native.native_decide.ax_1_1,
 Erdos85.H3TripleCompletion.triplePart_384_009._native.native_decide.ax_1_1,
 Erdos85.H3TripleCompletion.triplePart_384_010._native.native_decide.ax_1_1,
 Erdos85.H3TripleCompletion.triplePart_384_011._native.native_decide.ax_1_1,
 Erdos85.H3TripleCompletion.triplePart_384_012._native.native_decide.ax_1_1,
 Erdos85.H3TripleCompletion.triplePart_384_013._native.native_decide.ax_1_1,
 Erdos85.H3TripleCompletion.triplePart_384_014._native.native_decide.ax_1_1,
 Erdos85.H3TripleCompletion.triplePart_384_015._native.native_decide.ax_1_1,
 Erdos85.H3TripleCompletion.triplePart_384_016._native.native_decide.ax_1_1,
 Erdos85.H3TripleCompletion.triplePart_384_017._native.native_decide.ax_1_1,
 Erdos85.H3TripleCompletion.triplePart_384_018._native.native_decide.ax_1_1,
 Erdos85.H3TripleCompletion.triplePart_384_019._native.native_decide.ax_1_1,
 Erdos85.H3TripleCompletion.triplePart_384_020._native.native_decide.ax_1_1,
 Erdos85.H3TripleCompletion.triplePart_384_021._native.native_decide.ax_1_1,
 Erdos85.H3TripleCompletion.triplePart_384_022._native.native_decide.ax_1_1,
 Erdos85.H3TripleCompletion.triplePart_384_023._native.native_decide.ax_1_1,
 Erdos85.H3TripleCompletion.triplePart_384_024._native.native_decide.ax_1_1,
 Erdos85.H3TripleCompletion.triplePart_384_025._native.native_decide.ax_1_1,
 Erdos85.H3TripleCompletion.triplePart_384_026._native.native_decide.ax_1_1,
 Erdos85.H3TripleCompletion.triplePart_384_027._native.native_decide.ax_1_1,
 Erdos85.H3TripleCompletion.triplePart_384_028._native.native_decide.ax_1_1,
 Erdos85.H3TripleCompletion.triplePart_384_029._native.native_decide.ax_1_1,
 Erdos85.H3TripleCompletion.triplePart_384_030._native.native_decide.ax_1_1,
 Erdos85.H3TripleCompletion.triplePart_384_031._native.native_decide.ax_1_1,
 Erdos85.H3TripleCompletion.triplePart_384_032._native.native_decide.ax_1_1,
 Erdos85.H3TripleCompletion.triplePart_384_033._native.native_decide.ax_1_1,
 Erdos85.H3TripleCompletion.triplePart_384_034._native.native_decide.ax_1_1,
 Erdos85.H3TripleCompletion.triplePart_384_035._native.native_decide.ax_1_1,
 Erdos85.H3TripleCompletion.triplePart_384_036._native.native_decide.ax_1_1,
 Erdos85.H3TripleCompletion.triplePart_384_037._native.native_decide.ax_1_1,
 Erdos85.H3TripleCompletion.triplePart_384_038._native.native_decide.ax_1_1,
 Erdos85.H3TripleCompletion.triplePart_384_039._native.native_decide.ax_1_1,
 Erdos85.H3TripleCompletion.triplePart_384_040._native.native_decide.ax_1_1,
 Erdos85.H3TripleCompletion.triplePart_384_041._native.native_decide.ax_1_1,
 Erdos85.H3TripleCompletion.triplePart_384_042._native.native_decide.ax_1_1,
 Erdos85.H3TripleCompletion.triplePart_384_043._native.native_decide.ax_1_1,
 Erdos85.H3TripleCompletion.triplePart_384_044._native.native_decide.ax_1_1,
 Erdos85.H3TripleCompletion.triplePart_384_045._native.native_decide.ax_1_1,
 Erdos85.H3TripleCompletion.triplePart_384_046._native.native_decide.ax_1_1,
 Erdos85.H3TripleCompletion.triplePart_384_047._native.native_decide.ax_1_1,
 Erdos85.H3TripleCompletion.triplePart_384_048._native.native_decide.ax_1_1,
 Erdos85.H3TripleCompletion.triplePart_384_049._native.native_decide.ax_1_1,
 Erdos85.H3TripleCompletion.triplePart_384_050._native.native_decide.ax_1_1,
 Erdos85.H3TripleCompletion.triplePart_384_051._native.native_decide.ax_1_1,
 Erdos85.H3TripleCompletion.triplePart_384_052._native.native_decide.ax_1_1,
 Erdos85.H3TripleCompletion.triplePart_384_053._native.native_decide.ax_1_1,
 Erdos85.H3TripleCompletion.triplePart_384_054._native.native_decide.ax_1_1,
 Erdos85.H3TripleCompletion.triplePart_384_055._native.native_decide.ax_1_1,
 Erdos85.H3TripleCompletion.triplePart_384_056._native.native_decide.ax_1_1,
 Erdos85.H3TripleCompletion.triplePart_384_057._native.native_decide.ax_1_1,
 Erdos85.H3TripleCompletion.triplePart_384_058._native.native_decide.ax_1_1,
 Erdos85.H3TripleCompletion.triplePart_384_059._native.native_decide.ax_1_1,
 Erdos85.H3TripleCompletion.triplePart_384_060._native.native_decide.ax_1_1,
 Erdos85.H3TripleCompletion.triplePart_384_061._native.native_decide.ax_1_1,
 Erdos85.H3TripleCompletion.triplePart_384_062._native.native_decide.ax_1_1,
 Erdos85.H3TripleCompletion.triplePart_384_063._native.native_decide.ax_1_1,
 Erdos85.H3TripleCompletion.triplePart_384_064._native.native_decide.ax_1_1,
 Erdos85.H3TripleCompletion.triplePart_384_065._native.native_decide.ax_1_1,
 Erdos85.H3TripleCompletion.triplePart_384_066._native.native_decide.ax_1_1,
 Erdos85.H3TripleCompletion.triplePart_384_067._native.native_decide.ax_1_1,
 Erdos85.H3TripleCompletion.triplePart_384_068._native.native_decide.ax_1_1,
 Erdos85.H3TripleCompletion.triplePart_384_069._native.native_decide.ax_1_1,
 Erdos85.H3TripleCompletion.triplePart_384_070._native.native_decide.ax_1_1,
 Erdos85.H3TripleCompletion.triplePart_384_071._native.native_decide.ax_1_1,
 Erdos85.H3TripleCompletion.triplePart_384_072._native.native_decide.ax_1_1,
 Erdos85.H3TripleCompletion.triplePart_384_073._native.native_decide.ax_1_1,
 Erdos85.H3TripleCompletion.triplePart_384_074._native.native_decide.ax_1_1,
 Erdos85.H3TripleCompletion.triplePart_384_075._native.native_decide.ax_1_1,
 Erdos85.H3TripleCompletion.triplePart_384_076._native.native_decide.ax_1_1,
 Erdos85.H3TripleCompletion.triplePart_384_077._native.native_decide.ax_1_1,
 Erdos85.H3TripleCompletion.triplePart_384_078._native.native_decide.ax_1_1,
 Erdos85.H3TripleCompletion.triplePart_384_079._native.native_decide.ax_1_1,
 Erdos85.H3TripleCompletion.triplePart_384_080._native.native_decide.ax_1_1,
 Erdos85.H3TripleCompletion.triplePart_384_081._native.native_decide.ax_1_1,
 Erdos85.H3TripleCompletion.triplePart_384_082._native.native_decide.ax_1_1,
 Erdos85.H3TripleCompletion.triplePart_384_083._native.native_decide.ax_1_1,
 Erdos85.H3TripleCompletion.triplePart_384_084._native.native_decide.ax_1_1,
 Erdos85.H3TripleCompletion.triplePart_384_085._native.native_decide.ax_1_1,
 Erdos85.H3TripleCompletion.triplePart_384_086._native.native_decide.ax_1_1,
 Erdos85.H3TripleCompletion.triplePart_384_087._native.native_decide.ax_1_1,
 Erdos85.H3TripleCompletion.triplePart_384_088._native.native_decide.ax_1_1,
 Erdos85.H3TripleCompletion.triplePart_384_089._native.native_decide.ax_1_1,
 Erdos85.H3TripleCompletion.triplePart_384_090._native.native_decide.ax_1_1,
 Erdos85.H3TripleCompletion.triplePart_384_091._native.native_decide.ax_1_1,
 Erdos85.H3TripleCompletion.triplePart_384_092._native.native_decide.ax_1_1,
 Erdos85.H3TripleCompletion.triplePart_384_093._native.native_decide.ax_1_1,
 Erdos85.H3TripleCompletion.triplePart_384_094._native.native_decide.ax_1_1,
 Erdos85.H3TripleCompletion.triplePart_384_095._native.native_decide.ax_1_1,
 Erdos85.H3TripleCompletion.triplePart_384_096._native.native_decide.ax_1_1,
 Erdos85.H3TripleCompletion.triplePart_384_097._native.native_decide.ax_1_1,
 Erdos85.H3TripleCompletion.triplePart_384_098._native.native_decide.ax_1_1,
 Erdos85.H3TripleCompletion.triplePart_384_099._native.native_decide.ax_1_1,
 Erdos85.H3TripleCompletion.triplePart_384_100._native.native_decide.ax_1_1,
 Erdos85.H3TripleCompletion.triplePart_384_101._native.native_decide.ax_1_1,
 Erdos85.H3TripleCompletion.triplePart_384_102._native.native_decide.ax_1_1,
 Erdos85.H3TripleCompletion.triplePart_384_103._native.native_decide.ax_1_1,
 Erdos85.H3TripleCompletion.triplePart_384_104._native.native_decide.ax_1_1,
 Erdos85.H3TripleCompletion.triplePart_384_105._native.native_decide.ax_1_1,
 Erdos85.H3TripleCompletion.triplePart_384_106._native.native_decide.ax_1_1,
 Erdos85.H3TripleCompletion.triplePart_384_107._native.native_decide.ax_1_1,
 Erdos85.H3TripleCompletion.triplePart_384_108._native.native_decide.ax_1_1,
 Erdos85.H3TripleCompletion.triplePart_384_109._native.native_decide.ax_1_1,
 Erdos85.H3TripleCompletion.triplePart_384_110._native.native_decide.ax_1_1,
 Erdos85.H3TripleCompletion.triplePart_384_111._native.native_decide.ax_1_1,
 Erdos85.H3TripleCompletion.triplePart_384_112._native.native_decide.ax_1_1,
 Erdos85.H3TripleCompletion.triplePart_384_113._native.native_decide.ax_1_1,
 Erdos85.H3TripleCompletion.triplePart_384_114._native.native_decide.ax_1_1,
 Erdos85.H3TripleCompletion.triplePart_384_115._native.native_decide.ax_1_1,
 Erdos85.H3TripleCompletion.triplePart_384_116._native.native_decide.ax_1_1,
 Erdos85.H3TripleCompletion.triplePart_384_117._native.native_decide.ax_1_1,
 Erdos85.H3TripleCompletion.triplePart_384_118._native.native_decide.ax_1_1,
 Erdos85.H3TripleCompletion.triplePart_384_119._native.native_decide.ax_1_1,
 Erdos85.H3TripleCompletion.triplePart_384_120._native.native_decide.ax_1_1,
 Erdos85.H3TripleCompletion.triplePart_384_121._native.native_decide.ax_1_1,
 Erdos85.H3TripleCompletion.triplePart_384_122._native.native_decide.ax_1_1,
 Erdos85.H3TripleCompletion.triplePart_384_123._native.native_decide.ax_1_1,
 Erdos85.H3TripleCompletion.triplePart_384_124._native.native_decide.ax_1_1,
 Erdos85.H3TripleCompletion.triplePart_384_125._native.native_decide.ax_1_1,
 Erdos85.H3TripleCompletion.triplePart_384_126._native.native_decide.ax_1_1,
 Erdos85.H3TripleCompletion.triplePart_384_127._native.native_decide.ax_1_1,
 Erdos85.H3TripleCompletion.triplePart_384_128._native.native_decide.ax_1_1,
 Erdos85.H3TripleCompletion.triplePart_384_129._native.native_decide.ax_1_1,
 Erdos85.H3TripleCompletion.triplePart_384_130._native.native_decide.ax_1_1,
 Erdos85.H3TripleCompletion.triplePart_384_131._native.native_decide.ax_1_1,
 Erdos85.H3TripleCompletion.triplePart_384_132._native.native_decide.ax_1_1,
 Erdos85.H3TripleCompletion.triplePart_384_133._native.native_decide.ax_1_1,
 Erdos85.H3TripleCompletion.triplePart_384_134._native.native_decide.ax_1_1,
 Erdos85.H3TripleCompletion.triplePart_384_135._native.native_decide.ax_1_1,
 Erdos85.H3TripleCompletion.triplePart_384_136._native.native_decide.ax_1_1,
 Erdos85.H3TripleCompletion.triplePart_384_137._native.native_decide.ax_1_1,
 Erdos85.H3TripleCompletion.triplePart_384_138._native.native_decide.ax_1_1,
 Erdos85.H3TripleCompletion.triplePart_384_139._native.native_decide.ax_1_1,
 Erdos85.H3TripleCompletion.triplePart_384_140._native.native_decide.ax_1_1,
 Erdos85.H3TripleCompletion.triplePart_384_141._native.native_decide.ax_1_1,
 Erdos85.H3TripleCompletion.triplePart_384_142._native.native_decide.ax_1_1,
 Erdos85.H3TripleCompletion.triplePart_384_143._native.native_decide.ax_1_1,
 Erdos85.H3TripleCompletion.triplePart_384_144._native.native_decide.ax_1_1,
 Erdos85.H3TripleCompletion.triplePart_384_145._native.native_decide.ax_1_1,
 Erdos85.H3TripleCompletion.triplePart_384_146._native.native_decide.ax_1_1,
 Erdos85.H3TripleCompletion.triplePart_384_147._native.native_decide.ax_1_1,
 Erdos85.H3TripleCompletion.triplePart_384_148._native.native_decide.ax_1_1,
 Erdos85.H3TripleCompletion.triplePart_384_149._native.native_decide.ax_1_1,
 Erdos85.H3TripleCompletion.triplePart_384_150._native.native_decide.ax_1_1,
 Erdos85.H3TripleCompletion.triplePart_384_151._native.native_decide.ax_1_1,
 Erdos85.H3TripleCompletion.triplePart_384_152._native.native_decide.ax_1_1,
 Erdos85.H3TripleCompletion.triplePart_384_153._native.native_decide.ax_1_1,
 Erdos85.H3TripleCompletion.triplePart_384_154._native.native_decide.ax_1_1,
 Erdos85.H3TripleCompletion.triplePart_384_155._native.native_decide.ax_1_1,
 Erdos85.H3TripleCompletion.triplePart_384_156._native.native_decide.ax_1_1,
 Erdos85.H3TripleCompletion.triplePart_384_157._native.native_decide.ax_1_1,
 Erdos85.H3TripleCompletion.triplePart_384_158._native.native_decide.ax_1_1,
 Erdos85.H3TripleCompletion.triplePart_384_159._native.native_decide.ax_1_1,
 Erdos85.H3TripleCompletion.triplePart_384_160._native.native_decide.ax_1_1,
 Erdos85.H3TripleCompletion.triplePart_384_161._native.native_decide.ax_1_1,
 Erdos85.H3TripleCompletion.triplePart_384_162._native.native_decide.ax_1_1,
 Erdos85.H3TripleCompletion.triplePart_384_163._native.native_decide.ax_1_1,
 Erdos85.H3TripleCompletion.triplePart_384_164._native.native_decide.ax_1_1,
 Erdos85.H3TripleCompletion.triplePart_384_165._native.native_decide.ax_1_1,
 Erdos85.H3TripleCompletion.triplePart_384_166._native.native_decide.ax_1_1,
 Erdos85.H3TripleCompletion.triplePart_384_167._native.native_decide.ax_1_1,
 Erdos85.H3TripleCompletion.triplePart_384_168._native.native_decide.ax_1_1,
 Erdos85.H3TripleCompletion.triplePart_384_169._native.native_decide.ax_1_1,
 Erdos85.H3TripleCompletion.triplePart_384_170._native.native_decide.ax_1_1,
 Erdos85.H3TripleCompletion.triplePart_384_171._native.native_decide.ax_1_1,
 Erdos85.H3TripleCompletion.triplePart_384_172._native.native_decide.ax_1_1,
 Erdos85.H3TripleCompletion.triplePart_384_173._native.native_decide.ax_1_1,
 Erdos85.H3TripleCompletion.triplePart_384_174._native.native_decide.ax_1_1,
 Erdos85.H3TripleCompletion.triplePart_384_175._native.native_decide.ax_1_1,
 Erdos85.H3TripleCompletion.triplePart_384_176._native.native_decide.ax_1_1,
 Erdos85.H3TripleCompletion.triplePart_384_177._native.native_decide.ax_1_1,
 Erdos85.H3TripleCompletion.triplePart_384_178._native.native_decide.ax_1_1,
 Erdos85.H3TripleCompletion.triplePart_384_179._native.native_decide.ax_1_1,
 Erdos85.H3TripleCompletion.triplePart_384_180._native.native_decide.ax_1_1,
 Erdos85.H3TripleCompletion.triplePart_384_181._native.native_decide.ax_1_1,
 Erdos85.H3TripleCompletion.triplePart_384_182._native.native_decide.ax_1_1,
 Erdos85.H3TripleCompletion.triplePart_384_183._native.native_decide.ax_1_1,
 Erdos85.H3TripleCompletion.triplePart_384_184._native.native_decide.ax_1_1,
 Erdos85.H3TripleCompletion.triplePart_384_185._native.native_decide.ax_1_1,
 Erdos85.H3TripleCompletion.triplePart_384_186._native.native_decide.ax_1_1,
 Erdos85.H3TripleCompletion.triplePart_384_187._native.native_decide.ax_1_1,
 Erdos85.H3TripleCompletion.triplePart_384_188._native.native_decide.ax_1_1,
 Erdos85.H3TripleCompletion.triplePart_384_189._native.native_decide.ax_1_1,
 Erdos85.H3TripleCompletion.triplePart_384_190._native.native_decide.ax_1_1,
 Erdos85.H3TripleCompletion.triplePart_384_191._native.native_decide.ax_1_1,
 Erdos85.H3TripleCompletion.triplePart_384_192._native.native_decide.ax_1_1,
 Erdos85.H3TripleCompletion.triplePart_384_193._native.native_decide.ax_1_1,
 Erdos85.H3TripleCompletion.triplePart_384_194._native.native_decide.ax_1_1,
 Erdos85.H3TripleCompletion.triplePart_384_195._native.native_decide.ax_1_1,
 Erdos85.H3TripleCompletion.triplePart_384_196._native.native_decide.ax_1_1,
 Erdos85.H3TripleCompletion.triplePart_384_197._native.native_decide.ax_1_1,
 Erdos85.H3TripleCompletion.triplePart_384_198._native.native_decide.ax_1_1,
 Erdos85.H3TripleCompletion.triplePart_384_199._native.native_decide.ax_1_1,
 Erdos85.H3TripleCompletion.triplePart_384_200._native.native_decide.ax_1_1,
 Erdos85.H3TripleCompletion.triplePart_384_201._native.native_decide.ax_1_1,
 Erdos85.H3TripleCompletion.triplePart_384_202._native.native_decide.ax_1_1,
 Erdos85.H3TripleCompletion.triplePart_384_203._native.native_decide.ax_1_1,
 Erdos85.H3TripleCompletion.triplePart_384_204._native.native_decide.ax_1_1,
 Erdos85.H3TripleCompletion.triplePart_384_205._native.native_decide.ax_1_1,
 Erdos85.H3TripleCompletion.triplePart_384_206._native.native_decide.ax_1_1,
 Erdos85.H3TripleCompletion.triplePart_384_207._native.native_decide.ax_1_1,
 Erdos85.H3TripleCompletion.triplePart_384_208._native.native_decide.ax_1_1,
 Erdos85.H3TripleCompletion.triplePart_384_209._native.native_decide.ax_1_1,
 Erdos85.H3TripleCompletion.triplePart_384_210._native.native_decide.ax_1_1,
 Erdos85.H3TripleCompletion.triplePart_384_211._native.native_decide.ax_1_1,
 Erdos85.H3TripleCompletion.triplePart_384_212._native.native_decide.ax_1_1,
 Erdos85.H3TripleCompletion.triplePart_384_213._native.native_decide.ax_1_1,
 Erdos85.H3TripleCompletion.triplePart_384_214._native.native_decide.ax_1_1,
 Erdos85.H3TripleCompletion.triplePart_384_215._native.native_decide.ax_1_1,
 Erdos85.H3TripleCompletion.triplePart_384_216._native.native_decide.ax_1_1,
 Erdos85.H3TripleCompletion.triplePart_384_217._native.native_decide.ax_1_1,
 Erdos85.H3TripleCompletion.triplePart_384_218._native.native_decide.ax_1_1,
 Erdos85.H3TripleCompletion.triplePart_384_219._native.native_decide.ax_1_1,
 Erdos85.H3TripleCompletion.triplePart_384_220._native.native_decide.ax_1_1,
 Erdos85.H3TripleCompletion.triplePart_384_221._native.native_decide.ax_1_1,
 Erdos85.H3TripleCompletion.triplePart_384_222._native.native_decide.ax_1_1,
 Erdos85.H3TripleCompletion.triplePart_384_223._native.native_decide.ax_1_1,
 Erdos85.H3TripleCompletion.triplePart_384_224._native.native_decide.ax_1_1,
 Erdos85.H3TripleCompletion.triplePart_384_225._native.native_decide.ax_1_1,
 Erdos85.H3TripleCompletion.triplePart_384_226._native.native_decide.ax_1_1,
 Erdos85.H3TripleCompletion.triplePart_384_227._native.native_decide.ax_1_1,
 Erdos85.H3TripleCompletion.triplePart_384_228._native.native_decide.ax_1_1,
 Erdos85.H3TripleCompletion.triplePart_384_229._native.native_decide.ax_1_1,
 Erdos85.H3TripleCompletion.triplePart_384_230._native.native_decide.ax_1_1,
 Erdos85.H3TripleCompletion.triplePart_384_231._native.native_decide.ax_1_1,
 Erdos85.H3TripleCompletion.triplePart_384_232._native.native_decide.ax_1_1,
 Erdos85.H3TripleCompletion.triplePart_384_233._native.native_decide.ax_1_1,
 Erdos85.H3TripleCompletion.triplePart_384_234._native.native_decide.ax_1_1,
 Erdos85.H3TripleCompletion.triplePart_384_235._native.native_decide.ax_1_1,
 Erdos85.H3TripleCompletion.triplePart_384_236._native.native_decide.ax_1_1,
 Erdos85.H3TripleCompletion.triplePart_384_237._native.native_decide.ax_1_1,
 Erdos85.H3TripleCompletion.triplePart_384_238._native.native_decide.ax_1_1,
 Erdos85.H3TripleCompletion.triplePart_384_239._native.native_decide.ax_1_1,
 Erdos85.H3TripleCompletion.triplePart_384_240._native.native_decide.ax_1_1,
 Erdos85.H3TripleCompletion.triplePart_384_241._native.native_decide.ax_1_1,
 Erdos85.H3TripleCompletion.triplePart_384_242._native.native_decide.ax_1_1,
 Erdos85.H3TripleCompletion.triplePart_384_243._native.native_decide.ax_1_1,
 Erdos85.H3TripleCompletion.triplePart_384_244._native.native_decide.ax_1_1,
 Erdos85.H3TripleCompletion.triplePart_384_245._native.native_decide.ax_1_1,
 Erdos85.H3TripleCompletion.triplePart_384_246._native.native_decide.ax_1_1,
 Erdos85.H3TripleCompletion.triplePart_384_247._native.native_decide.ax_1_1,
 Erdos85.H3TripleCompletion.triplePart_384_248._native.native_decide.ax_1_1,
 Erdos85.H3TripleCompletion.triplePart_384_249._native.native_decide.ax_1_1,
 Erdos85.H3TripleCompletion.triplePart_384_250._native.native_decide.ax_1_1,
 Erdos85.H3TripleCompletion.triplePart_384_251._native.native_decide.ax_1_1,
 Erdos85.H3TripleCompletion.triplePart_384_252._native.native_decide.ax_1_1,
 Erdos85.H3TripleCompletion.triplePart_384_253._native.native_decide.ax_1_1,
 Erdos85.H3TripleCompletion.triplePart_384_254._native.native_decide.ax_1_1,
 Erdos85.H3TripleCompletion.triplePart_384_255._native.native_decide.ax_1_1,
 Erdos85.H3TripleCompletion.triplePart_384_256._native.native_decide.ax_1_1,
 Erdos85.H3TripleCompletion.triplePart_384_257._native.native_decide.ax_1_1,
 Erdos85.H3TripleCompletion.triplePart_384_258._native.native_decide.ax_1_1,
 Erdos85.H3TripleCompletion.triplePart_384_259._native.native_decide.ax_1_1,
 Erdos85.H3TripleCompletion.triplePart_384_260._native.native_decide.ax_1_1,
 Erdos85.H3TripleCompletion.triplePart_384_261._native.native_decide.ax_1_1,
 Erdos85.H3TripleCompletion.triplePart_384_262._native.native_decide.ax_1_1,
 Erdos85.H3TripleCompletion.triplePart_384_263._native.native_decide.ax_1_1,
 Erdos85.H3TripleCompletion.triplePart_384_264._native.native_decide.ax_1_1,
 Erdos85.H3TripleCompletion.triplePart_384_265._native.native_decide.ax_1_1,
 Erdos85.H3TripleCompletion.triplePart_384_266._native.native_decide.ax_1_1,
 Erdos85.H3TripleCompletion.triplePart_384_267._native.native_decide.ax_1_1,
 Erdos85.H3TripleCompletion.triplePart_384_268._native.native_decide.ax_1_1,
 Erdos85.H3TripleCompletion.triplePart_384_269._native.native_decide.ax_1_1,
 Erdos85.H3TripleCompletion.triplePart_384_270._native.native_decide.ax_1_1,
 Erdos85.H3TripleCompletion.triplePart_384_271._native.native_decide.ax_1_1,
 Erdos85.H3TripleCompletion.triplePart_384_272._native.native_decide.ax_1_1,
 Erdos85.H3TripleCompletion.triplePart_384_273._native.native_decide.ax_1_1,
 Erdos85.H3TripleCompletion.triplePart_384_274._native.native_decide.ax_1_1,
 Erdos85.H3TripleCompletion.triplePart_384_275._native.native_decide.ax_1_1,
 Erdos85.H3TripleCompletion.triplePart_384_276._native.native_decide.ax_1_1,
 Erdos85.H3TripleCompletion.triplePart_384_277._native.native_decide.ax_1_1,
 Erdos85.H3TripleCompletion.triplePart_384_278._native.native_decide.ax_1_1,
 Erdos85.H3TripleCompletion.triplePart_384_279._native.native_decide.ax_1_1,
 Erdos85.H3TripleCompletion.triplePart_384_280._native.native_decide.ax_1_1,
 Erdos85.H3TripleCompletion.triplePart_384_281._native.native_decide.ax_1_1,
 Erdos85.H3TripleCompletion.triplePart_384_282._native.native_decide.ax_1_1,
 Erdos85.H3TripleCompletion.triplePart_384_283._native.native_decide.ax_1_1,
 Erdos85.H3TripleCompletion.triplePart_384_284._native.native_decide.ax_1_1,
 Erdos85.H3TripleCompletion.triplePart_384_285._native.native_decide.ax_1_1,
 Erdos85.H3TripleCompletion.triplePart_384_286._native.native_decide.ax_1_1,
 Erdos85.H3TripleCompletion.triplePart_384_287._native.native_decide.ax_1_1,
 Erdos85.H3TripleCompletion.triplePart_384_288._native.native_decide.ax_1_1,
 Erdos85.H3TripleCompletion.triplePart_384_289._native.native_decide.ax_1_1,
 Erdos85.H3TripleCompletion.triplePart_384_290._native.native_decide.ax_1_1,
 Erdos85.H3TripleCompletion.triplePart_384_291._native.native_decide.ax_1_1,
 Erdos85.H3TripleCompletion.triplePart_384_292._native.native_decide.ax_1_1,
 Erdos85.H3TripleCompletion.triplePart_384_293._native.native_decide.ax_1_1,
 Erdos85.H3TripleCompletion.triplePart_384_294._native.native_decide.ax_1_1,
 Erdos85.H3TripleCompletion.triplePart_384_295._native.native_decide.ax_1_1,
 Erdos85.H3TripleCompletion.triplePart_384_296._native.native_decide.ax_1_1,
 Erdos85.H3TripleCompletion.triplePart_384_297._native.native_decide.ax_1_1,
 Erdos85.H3TripleCompletion.triplePart_384_298._native.native_decide.ax_1_1,
 Erdos85.H3TripleCompletion.triplePart_384_299._native.native_decide.ax_1_1,
 Erdos85.H3TripleCompletion.triplePart_384_300._native.native_decide.ax_1_1,
 Erdos85.H3TripleCompletion.triplePart_384_301._native.native_decide.ax_1_1,
 Erdos85.H3TripleCompletion.triplePart_384_302._native.native_decide.ax_1_1,
 Erdos85.H3TripleCompletion.triplePart_384_303._native.native_decide.ax_1_1,
 Erdos85.H3TripleCompletion.triplePart_384_304._native.native_decide.ax_1_1,
 Erdos85.H3TripleCompletion.triplePart_384_305._native.native_decide.ax_1_1,
 Erdos85.H3TripleCompletion.triplePart_384_306._native.native_decide.ax_1_1,
 Erdos85.H3TripleCompletion.triplePart_384_307._native.native_decide.ax_1_1,
 Erdos85.H3TripleCompletion.triplePart_384_308._native.native_decide.ax_1_1,
 Erdos85.H3TripleCompletion.triplePart_384_309._native.native_decide.ax_1_1,
 Erdos85.H3TripleCompletion.triplePart_384_310._native.native_decide.ax_1_1,
 Erdos85.H3TripleCompletion.triplePart_384_311._native.native_decide.ax_1_1,
 Erdos85.H3TripleCompletion.triplePart_384_312._native.native_decide.ax_1_1,
 Erdos85.H3TripleCompletion.triplePart_384_313._native.native_decide.ax_1_1,
 Erdos85.H3TripleCompletion.triplePart_384_314._native.native_decide.ax_1_1,
 Erdos85.H3TripleCompletion.triplePart_384_315._native.native_decide.ax_1_1,
 Erdos85.H3TripleCompletion.triplePart_384_316._native.native_decide.ax_1_1,
 Erdos85.H3TripleCompletion.triplePart_384_317._native.native_decide.ax_1_1,
 Erdos85.H3TripleCompletion.triplePart_384_318._native.native_decide.ax_1_1,
 Erdos85.H3TripleCompletion.triplePart_384_319._native.native_decide.ax_1_1,
 Erdos85.H3TripleCompletion.triplePart_384_320._native.native_decide.ax_1_1,
 Erdos85.H3TripleCompletion.triplePart_384_321._native.native_decide.ax_1_1,
 Erdos85.H3TripleCompletion.triplePart_384_322._native.native_decide.ax_1_1,
 Erdos85.H3TripleCompletion.triplePart_384_323._native.native_decide.ax_1_1,
 Erdos85.H3TripleCompletion.triplePart_384_324._native.native_decide.ax_1_1,
 Erdos85.H3TripleCompletion.triplePart_384_325._native.native_decide.ax_1_1,
 Erdos85.H3TripleCompletion.triplePart_384_326._native.native_decide.ax_1_1,
 Erdos85.H3TripleCompletion.triplePart_384_327._native.native_decide.ax_1_1,
 Erdos85.H3TripleCompletion.triplePart_384_328._native.native_decide.ax_1_1,
 Erdos85.H3TripleCompletion.triplePart_384_329._native.native_decide.ax_1_1,
 Erdos85.H3TripleCompletion.triplePart_384_330._native.native_decide.ax_1_1,
 Erdos85.H3TripleCompletion.triplePart_384_331._native.native_decide.ax_1_1,
 Erdos85.H3TripleCompletion.triplePart_384_332._native.native_decide.ax_1_1,
 Erdos85.H3TripleCompletion.triplePart_384_333._native.native_decide.ax_1_1,
 Erdos85.H3TripleCompletion.triplePart_384_334._native.native_decide.ax_1_1,
 Erdos85.H3TripleCompletion.triplePart_384_335._native.native_decide.ax_1_1,
 Erdos85.H3TripleCompletion.triplePart_384_336._native.native_decide.ax_1_1,
 Erdos85.H3TripleCompletion.triplePart_384_337._native.native_decide.ax_1_1,
 Erdos85.H3TripleCompletion.triplePart_384_338._native.native_decide.ax_1_1,
 Erdos85.H3TripleCompletion.triplePart_384_339._native.native_decide.ax_1_1,
 Erdos85.H3TripleCompletion.triplePart_384_340._native.native_decide.ax_1_1,
 Erdos85.H3TripleCompletion.triplePart_384_341._native.native_decide.ax_1_1,
 Erdos85.H3TripleCompletion.triplePart_384_342._native.native_decide.ax_1_1,
 Erdos85.H3TripleCompletion.triplePart_384_343._native.native_decide.ax_1_1,
 Erdos85.H3TripleCompletion.triplePart_384_344._native.native_decide.ax_1_1,
 Erdos85.H3TripleCompletion.triplePart_384_345._native.native_decide.ax_1_1,
 Erdos85.H3TripleCompletion.triplePart_384_346._native.native_decide.ax_1_1,
 Erdos85.H3TripleCompletion.triplePart_384_347._native.native_decide.ax_1_1,
 Erdos85.H3TripleCompletion.triplePart_384_348._native.native_decide.ax_1_1,
 Erdos85.H3TripleCompletion.triplePart_384_349._native.native_decide.ax_1_1,
 Erdos85.H3TripleCompletion.triplePart_384_350._native.native_decide.ax_1_1,
 Erdos85.H3TripleCompletion.triplePart_384_351._native.native_decide.ax_1_1,
 Erdos85.H3TripleCompletion.triplePart_384_352._native.native_decide.ax_1_1,
 Erdos85.H3TripleCompletion.triplePart_384_353._native.native_decide.ax_1_1,
 Erdos85.H3TripleCompletion.triplePart_384_354._native.native_decide.ax_1_1,
 Erdos85.H3TripleCompletion.triplePart_384_355._native.native_decide.ax_1_1,
 Erdos85.H3TripleCompletion.triplePart_384_356._native.native_decide.ax_1_1,
 Erdos85.H3TripleCompletion.triplePart_384_357._native.native_decide.ax_1_1,
 Erdos85.H3TripleCompletion.triplePart_384_358._native.native_decide.ax_1_1,
 Erdos85.H3TripleCompletion.triplePart_384_359._native.native_decide.ax_1_1,
 Erdos85.H3TripleCompletion.triplePart_384_360._native.native_decide.ax_1_1,
 Erdos85.H3TripleCompletion.triplePart_384_361._native.native_decide.ax_1_1,
 Erdos85.H3TripleCompletion.triplePart_384_362._native.native_decide.ax_1_1,
 Erdos85.H3TripleCompletion.triplePart_384_363._native.native_decide.ax_1_1,
 Erdos85.H3TripleCompletion.triplePart_384_364._native.native_decide.ax_1_1,
 Erdos85.H3TripleCompletion.triplePart_384_365._native.native_decide.ax_1_1,
 Erdos85.H3TripleCompletion.triplePart_384_366._native.native_decide.ax_1_1,
 Erdos85.H3TripleCompletion.triplePart_384_367._native.native_decide.ax_1_1,
 Erdos85.H3TripleCompletion.triplePart_384_368._native.native_decide.ax_1_1,
 Erdos85.H3TripleCompletion.triplePart_384_369._native.native_decide.ax_1_1,
 Erdos85.H3TripleCompletion.triplePart_384_370._native.native_decide.ax_1_1,
 Erdos85.H3TripleCompletion.triplePart_384_371._native.native_decide.ax_1_1,
 Erdos85.H3TripleCompletion.triplePart_384_372._native.native_decide.ax_1_1,
 Erdos85.H3TripleCompletion.triplePart_384_373._native.native_decide.ax_1_1,
 Erdos85.H3TripleCompletion.triplePart_384_374._native.native_decide.ax_1_1,
 Erdos85.H3TripleCompletion.triplePart_384_375._native.native_decide.ax_1_1,
 Erdos85.H3TripleCompletion.triplePart_384_376._native.native_decide.ax_1_1,
 Erdos85.H3TripleCompletion.triplePart_384_377._native.native_decide.ax_1_1,
 Erdos85.H3TripleCompletion.triplePart_384_378._native.native_decide.ax_1_1,
 Erdos85.H3TripleCompletion.triplePart_384_379._native.native_decide.ax_1_1,
 Erdos85.H3TripleCompletion.triplePart_384_380._native.native_decide.ax_1_1,
 Erdos85.H3TripleCompletion.triplePart_384_381._native.native_decide.ax_1_1,
 Erdos85.H3TripleCompletion.triplePart_384_382._native.native_decide.ax_1_1,
 Erdos85.H3TripleCompletion.triplePart_384_383._native.native_decide.ax_1_1,
 Erdos85.H5.cellPartF_0_4_16_00._native.native_decide.ax_1_1,
 Erdos85.H5.cellPartF_0_4_16_01._native.native_decide.ax_1_1,
 Erdos85.H5.cellPartF_0_4_16_02._native.native_decide.ax_1_1,
 Erdos85.H5.cellPartF_0_4_16_03._native.native_decide.ax_1_1,
 Erdos85.H5.cellPartF_0_4_16_04._native.native_decide.ax_1_1,
 Erdos85.H5.cellPartF_0_4_16_05._native.native_decide.ax_1_1,
 Erdos85.H5.cellPartF_0_4_16_06._native.native_decide.ax_1_1,
 Erdos85.H5.cellPartF_0_4_16_07._native.native_decide.ax_1_1,
 Erdos85.H5.cellPartF_0_4_16_08._native.native_decide.ax_1_1,
 Erdos85.H5.cellPartF_0_4_16_09._native.native_decide.ax_1_1,
 Erdos85.H5.cellPartF_0_4_16_10._native.native_decide.ax_1_1,
 Erdos85.H5.cellPartF_0_4_16_11._native.native_decide.ax_1_1,
 Erdos85.H5.cellPartF_0_4_16_12._native.native_decide.ax_1_1,
 Erdos85.H5.cellPartF_0_4_16_13._native.native_decide.ax_1_1,
 Erdos85.H5.cellPartF_0_4_16_14._native.native_decide.ax_1_1,
 Erdos85.H5.cellPartF_0_4_16_15._native.native_decide.ax_1_1,
 Erdos85.H5.cellPartF_1_6_16_00._native.native_decide.ax_1_1,
 Erdos85.H5.cellPartF_1_6_16_01._native.native_decide.ax_1_1,
 Erdos85.H5.cellPartF_1_6_16_02._native.native_decide.ax_1_1,
 Erdos85.H5.cellPartF_1_6_16_03._native.native_decide.ax_1_1,
 Erdos85.H5.cellPartF_1_6_16_04._native.native_decide.ax_1_1,
 Erdos85.H5.cellPartF_1_6_16_05._native.native_decide.ax_1_1,
 Erdos85.H5.cellPartF_1_6_16_06._native.native_decide.ax_1_1,
 Erdos85.H5.cellPartF_1_6_16_07._native.native_decide.ax_1_1,
 Erdos85.H5.cellPartF_1_6_16_08._native.native_decide.ax_1_1,
 Erdos85.H5.cellPartF_1_6_16_09._native.native_decide.ax_1_1,
 Erdos85.H5.cellPartF_1_6_16_10._native.native_decide.ax_1_1,
 Erdos85.H5.cellPartF_1_6_16_11._native.native_decide.ax_1_1,
 Erdos85.H5.cellPartF_1_6_16_12._native.native_decide.ax_1_1,
 Erdos85.H5.cellPartF_1_6_16_13._native.native_decide.ax_1_1,
 Erdos85.H5.cellPartF_1_6_16_14._native.native_decide.ax_1_1,
 Erdos85.H5.cellPartF_1_6_16_15._native.native_decide.ax_1_1,
 Erdos85.H5.cellPartF_2_12_8_00._native.native_decide.ax_1_1,
 Erdos85.H5.cellPartF_2_12_8_01._native.native_decide.ax_1_1,
 Erdos85.H5.cellPartF_2_12_8_02._native.native_decide.ax_1_1,
 Erdos85.H5.cellPartF_2_12_8_03._native.native_decide.ax_1_1,
 Erdos85.H5.cellPartF_2_12_8_04._native.native_decide.ax_1_1,
 Erdos85.H5.cellPartF_2_12_8_05._native.native_decide.ax_1_1,
 Erdos85.H5.cellPartF_2_12_8_06._native.native_decide.ax_1_1,
 Erdos85.H5.cellPartF_2_12_8_07._native.native_decide.ax_1_1]

[30s] Building...

=== Build succeeded ===
