576
656384 46 27 29 33 40 41 43 54 56 60 67 68 70 72 73 74 75 76 77 81 83 87 94 95 97 137 141 148 149 151 162 164 168 175 176 178 180 181 182 183 184 185 191 195 202 203 205 0 3 3 3 0 1 3 1 0 2 2 2 3 1 0 1 1 2 2 2 1 1 2 2 2 1 1 2 2 1 2 1 2 1 2 1 2 2 2 3 1 0 1 1 2 2 2 1 1 2 2 2 1 1 2 2 1 2 1 2 1 2 1 3 0 2 0 2 3 2 2 0 3 0 2 0 2 2 2 2 1 1 2 2 2 1 2 2 2 0
656600 48 27 29 33 35 39 41 42 44 45 47 48 50 54 60 69 70 72 73 81 83 87 89 93 94 95 96 97 98 108 110 114 116 120 122 123 125 164 170 175 176 178 179 181 182 184 185 232 235 0 3 3 3 1 0 3 0 1 2 2 2 3 1 0 1 1 2 2 2 1 1 2 2 2 1 1 2 2 1 3 1 1 0 2 2 2 2 2 2 1 1 2 1 1 2 2 1 1 3 1 2 0 2 2 2 1 1 0 3 2 3 0 3 0 2 0 2 3 2 2 0 3 0 2 1 2 1 1 2 2 2 2 1 2 1 2 1 2 1
656630 51 29 35 40 41 43 44 54 60 72 73 75 76 78 79 81 83 87 89 93 94 95 97 98 110 116 121 122 124 125 162 164 168 170 174 175 176 178 179 180 181 183 184 185 187 188 216 222 234 237 238 241 0 3 3 3 1 0 3 0 1 2 2 2 3 1 0 1 1 2 2 2 1 2 1 2 1 2 1 2 2 1 2 2 1 1 1 2 2 2 2 2 2 0 2 0 2 2 2 1 2 2 1 1 1 2 2 2 1 0 1 3 3 2 0 3 0 2 0 2 2 2 2 1 3 0 2 1 2 2 1 2 1 2 2 1 2 1 2 1 2 1
656804 39 0 11 14 20 23 27 28 33 37 38 40 41 44 60 64 67 72 73 75 76 81 92 95 136 141 148 162 180 182 183 185 190 195 216 217 222 234 235 238 1 3 2 3 0 1 2 1 1 1 3 2 3 1 0 2 0 2 2 2 1 1 2 2 2 1 1 2 2 1 2 2 1 1 1 2 2 2 2 3 1 0 1 1 2 3 2 0 1 2 2 1 1 2 2 0 3 2 1 2 1 3 0 2 0 3 1 2 2 2 2 0 3 2 0 0 1 3 2 2 1 1 3 1 2 2 1 2 0 2
656836 45 0 2 14 18 20 21 23 27 28 29 40 41 54 55 67 72 73 75 76 81 83 87 89 95 98 136 141 142 148 151 168 170 176 179 183 185 186 188 195 197 203 206 222 237 240 1 3 2 3 0 1 2 1 1 1 2 3 3 1 0 2 1 1 3 2 0 2 1 2 0 2 2 2 2 1 1 3 1 2 0 2 2 2 2 3 1 0 1 1 2 2 2 1 2 1 2 1 2 1 2 0 3 1 2 2 2 2 0 3 0 2 0 2 2 2 2 1 3 1 1 0 3 2 2 1 1 1 2 2 2 1 2 2 1 1
657020 47 0 9 11 12 14 20 23 33 34 39 41 42 44 48 49 50 54 55 60 61 63 65 69 71 72 73 74 81 90 92 93 95 114 115 120 122 123 125 182 185 196 211 212 217 223 235 236 1 2 3 3 1 0 2 1 1 1 3 2 3 1 0 2 0 2 2 2 1 1 2 2 2 1 1 2 2 1 3 1 1 0 2 2 2 2 2 2 1 1 2 1 1 3 2 0 0 3 2 2 0 2 2 0 3 1 2 1 2 2 1 2 0 3 1 2 2 2 2 0 3 2 0 1 0 3 1 3 1 2 2 1 2 2 1 1 1 2
657029 49 0 6 9 12 15 18 21 28 34 37 40 43 54 55 60 61 72 73 75 76 81 83 87 89 101 102 104 109 110 115 116 170 173 176 179 182 185 191 196 197 203 205 206 218 223 224 235 236 239 1 2 3 3 1 0 2 1 1 2 3 1 3 0 1 1 1 2 3 1 1 1 3 1 1 1 2 3 2 0 2 2 1 0 1 3 1 3 2 3 1 0 2 0 2 2 2 1 1 2 2 2 1 1 3 0 2 0 3 1 2 1 2 2 0 3 1 2 2 2 2 0 2 1 2 2 1 2 1 2 1 1 1 3 2 1 1 2 2 1
657032 39 0 1 12 13 19 22 33 34 48 49 54 55 60 61 69 70 72 73 81 83 93 95 114 116 164 175 176 181 182 184 185 197 211 212 217 232 233 235 236 1 2 3 3 1 0 2 1 1 2 2 2 3 1 0 1 1 2 2 2 1 1 2 2 2 1 1 2 3 0 3 0 2 0 2 2 1 3 2 3 0 1 2 1 1 3 2 0 0 3 2 2 0 2 2 1 2 1 1 2 2 2 1 3 0 2 0 2 3 2 2 0 3 1 1 1 1 2 1 2 2 2 1 2 2 2 1 1 2 1
657050 49 0 14 18 20 21 23 34 40 41 43 44 54 55 60 61 72 73 75 76 81 93 95 109 115 121 122 124 125 162 174 176 180 182 183 185 190 196 202 203 205 206 216 217 222 223 234 235 237 238 1 2 3 3 1 0 2 1 1 1 2 3 3 1 0 2 1 1 2 2 1 2 1 2 1 2 1 2 2 1 2 1 2 1 2 1 2 2 2 2 2 0 2 0 2 3 2 0 1 2 2 1 1 2 2 0 3 0 2 2 3 2 0 2 0 3 0 2 2 3 2 0 3 2 0 1 2 2 1 1 2 2 2 1 2 2 1 1 1 2
657051 51 0 6 12 18 21 24 34 40 43 54 55 60 61 72 73 75 76 78 79 81 83 87 89 93 95 96 109 115 116 121 122 124 125 164 170 176 182 188 190 196 197 202 203 205 206 217 223 224 235 239 241 1 2 3 3 1 0 2 1 1 1 2 3 3 1 0 2 1 1 2 2 1 2 2 1 1 1 2 3 2 0 2 1 2 0 2 2 2 2 2 2 2 0 2 0 2 3 1 1 1 2 2 1 2 1 3 0 2 0 2 2 2 2 1 2 0 3 0 3 1 3 1 1 2 2 1 2 2 1 1 1 2 2 2 1 1 1 2 2 2 1
658100 43 0 11 14 20 23 33 34 40 41 43 44 60 61 72 73 75 76 77 79 81 92 95 114 115 121 122 124 125 162 180 182 183 185 216 217 222 223 234 236 238 239 240 241 1 3 2 3 1 0 2 0 2 1 3 2 3 1 0 2 0 2 2 2 1 2 2 1 1 1 2 2 2 1 2 2 1 1 1 2 2 2 2 2 2 0 2 0 2 3 2 0 0 1 3 2 2 1 2 0 3 2 2 1 1 2 1 2 0 3 2 2 1 1 2 1 3 2 0 0 1 3 2 2 1 2 2 1 2 2 1 1 1 2
658142 47 0 1 10 13 18 19 21 22 27 28 33 34 37 43 45 51 52 54 55 60 61 67 70 81 82 83 91 92 94 95 108 109 110 114 115 116 118 119 124 125 176 183 185 222 224 230 233 1 3 2 3 1 0 2 0 2 2 2 2 3 1 0 1 1 2 2 2 1 3 1 1 0 2 2 2 3 0 1 2 2 2 0 2 1 2 3 2 1 1 3 1 0 3 2 0 1 0 3 1 3 1 2 1 2 1 2 2 2 1 1 3 0 2 1 2 1 1 2 2 3 1 1 0 2 3 2 1 1 2 1 2 2 2 1 1 2 1
669196 73 0 1 2 3 5 6 7 9 11 12 13 14 16 18 19 22 27 28 30 31 32 34 45 46 48 49 54 56 59 60 63 65 66 68 72 75 81 82 87 88 90 91 92 96 97 100 108 109 110 114 115 126 127 137 144 146 150 153 162 164 165 167 168 173 174 176 177 180 191 192 194 195 210 2 1 3 1 2 1 3 1 0 3 1 2 1 2 1 2 1 1 1 3 1 3 0 2 1 2 1 2 2 1 1 3 1 2 0 2 1 3 1 3 0 2 1 2 1 3 1 2 1 2 1 2 1 1 2 2 1 1 3 1 2 0 2 2 1 3 1 2 1 3 1 0 2 1 2 1 1 3 2 2 0 2 1 2 1 1 3 2 2 0
669203 71 0 1 2 6 7 8 18 19 20 27 28 30 31 32 45 46 48 49 50 56 58 59 61 62 73 74 76 77 81 82 87 88 90 91 92 96 97 98 108 109 110 112 113 118 119 120 121 122 137 142 145 146 148 149 151 164 169 170 172 173 178 179 181 182 191 193 194 202 203 208 211 2 1 3 1 2 1 3 1 0 3 0 3 1 3 0 2 1 1 1 2 2 3 1 1 1 2 1 3 1 1 2 2 1 0 2 2 1 2 2 3 1 1 1 2 1 3 0 3 1 3 0 2 1 1 3 1 1 2 2 1 0 2 2 2 1 3 1 2 1 3 1 0 2 1 2 1 1 2 2 2 1 2 1 2 1 1 2 2 2 1
669245 66 0 2 6 9 15 16 18 20 22 24 25 27 29 32 40 45 47 49 50 54 56 58 59 60 63 67 69 70 81 83 86 87 88 90 94 96 97 104 105 108 110 112 113 121 126 128 130 131 137 142 144 148 150 151 162 164 167 168 169 175 177 178 191 193 194 202 2 1 3 1 2 1 3 1 0 2 1 3 1 2 1 3 1 0 2 1 2 2 2 1 1 2 1 2 1 2 2 2 1 1 2 1 2 1 2 1 2 2 2 2 0 2 1 3 2 2 0 2 1 1 3 1 1 1 2 2 1 2 1 3 1 1 1 2 2 1 2 1 2 1 3 2 2 0 2 1 1 2 0 3 0 2 2 3 2 0
669257 77 0 6 9 11 12 15 20 21 24 27 29 38 39 41 45 47 48 50 54 56 60 63 65 66 68 69 82 83 87 88 91 93 94 96 97 103 104 106 108 109 110 118 119 120 121 122 127 128 129 130 131 136 137 142 144 145 146 148 149 150 151 162 163 164 168 169 172 173 174 175 176 177 178 190 191 202 203 2 1 3 1 2 1 3 1 0 1 2 3 2 1 1 3 1 0 2 1 2 2 2 1 1 2 1 3 0 2 1 3 1 1 2 1 1 2 2 2 1 2 2 2 0 2 1 3 2 2 0 2 1 1 2 2 1 2 1 2 1 2 1 3 0 2 1 3 1 1 2 1 2 1 2 2 2 1 1 2 1 1 1 3 1 1 2 3 2 0
669262 67 0 1 3 12 15 16 18 19 21 24 25 28 29 32 39 41 43 45 46 48 52 54 55 56 59 61 66 68 70 72 73 75 78 79 81 82 87 88 93 96 97 108 109 115 120 123 124 136 142 151 162 163 165 168 169 180 181 183 186 187 190 191 192 194 196 208 210 2 1 3 1 2 1 3 1 0 1 2 3 2 2 0 3 0 1 2 2 1 2 1 2 1 2 1 2 1 2 2 3 0 1 1 2 1 2 2 2 2 1 2 1 1 2 2 2 2 1 1 2 1 1 3 2 0 1 2 2 1 1 2 3 1 1 0 3 2 2 1 1 1 2 2 1 1 2 3 2 0 2 1 2 2 0 3 1 3 0
669268 81 0 1 2 3 5 7 9 11 12 13 14 15 16 19 21 22 28 29 31 38 39 40 43 45 46 48 49 54 56 59 63 65 66 68 69 72 75 82 83 86 87 88 91 93 94 96 97 103 108 109 110 112 113 115 118 119 123 124 127 129 130 137 144 146 149 150 162 164 165 167 168 173 174 176 177 183 191 192 194 203 210 2 1 3 1 2 1 3 1 0 2 2 2 2 1 1 2 1 1 2 2 1 2 1 2 1 2 1 2 2 1 1 3 1 2 0 2 2 2 1 2 1 2 1 2 1 2 2 2 2 1 1 2 1 1 2 2 1 1 3 1 2 0 2 2 1 2 1 2 2 2 2 0 1 1 3 2 1 2 2 2 0 1 1 3 2 1 2 2 2 0
669269 97 0 2 3 6 8 9 11 12 13 15 16 17 19 24 25 27 29 30 38 39 40 45 46 48 49 54 56 59 60 62 63 65 66 67 68 69 71 72 73 76 78 79 83 86 87 89 91 93 94 96 97 103 106 108 110 113 118 119 120 121 122 127 129 130 137 144 145 146 148 149 150 154 157 162 164 165 167 168 170 172 173 174 175 176 177 179 181 184 186 187 191 192 194 202 203 208 211 2 1 3 1 2 1 3 1 0 2 2 2 2 1 1 2 1 1 2 1 2 2 2 1 1 2 1 3 1 1 1 3 1 1 1 2 2 2 1 2 1 2 1 2 1 2 1 3 2 2 0 2 1 1 2 2 1 2 2 1 1 1 2 2 1 2 1 3 1 2 1 1 2 0 3 2 1 2 1 3 0 1 1 3 1 2 1 3 1 1
669275 69 0 2 3 6 8 9 15 16 18 20 21 22 27 29 30 38 39 40 45 47 48 49 56 59 62 65 67 70 71 74 76 77 81 83 86 87 89 90 93 94 96 97 108 110 113 119 120 121 122 137 146 148 149 151 164 167 170 173 175 178 179 182 184 185 191 194 202 203 211 2 1 3 1 2 1 3 1 0 2 1 3 2 2 0 2 1 1 2 1 2 2 2 1 1 2 1 3 1 1 2 2 1 0 2 2 2 1 2 2 2 1 1 2 1 2 1 3 2 2 0 2 1 1 3 1 1 2 2 1 0 2 2 2 1 2 1 2 2 2 2 0 2 0 3 1 2 1 2 2 1 2 0 3 1 2 1 2 2 1
669302 79 0 1 3 5 7 8 12 13 14 15 16 17 28 29 31 39 40 43 44 45 46 48 49 54 55 56 58 59 62 66 67 69 70 71 72 73 75 76 81 82 83 86 88 89 93 94 95 97 98 108 109 110 112 113 115 116 123 124 125 136 137 148 150 151 162 163 164 165 167 168 170 190 191 192 193 194 208 210 211 2 1 3 1 2 1 3 1 0 2 2 2 2 2 0 2 0 2 1 2 2 3 1 1 1 2 1 2 2 1 1 2 2 2 1 1 2 3 0 2 1 2 1 1 2 2 2 2 2 1 1 2 1 1 2 1 2 1 3 1 2 1 1 3 1 1 0 1 3 2 3 0 1 1 3 2 1 2 2 2 0 2 1 2 2 2 1 1 2 1
669303 45 0 1 6 7 12 13 15 16 27 28 39 40 45 46 48 49 54 55 60 61 69 70 72 73 81 82 83 93 94 95 108 109 120 121 136 137 162 163 164 168 169 190 208 210 211 2 1 3 1 2 1 3 1 0 2 2 2 2 2 0 2 0 2 1 2 2 3 2 0 1 1 2 3 2 0 1 2 2 1 1 2 2 3 0 2 1 2 1 1 2 2 2 2 2 2 0 2 0 2 2 1 2 2 3 0 1 1 2 3 0 2 0 2 2 2 3 0 2 1 2 1 1 3 2 2 0 2 1 2 1 1 2 2 3 0
669348 56 0 1 2 6 7 8 18 19 20 27 28 29 45 46 47 48 49 50 54 55 60 61 72 73 75 76 81 82 83 87 88 89 96 97 98 120 121 122 136 142 148 150 151 162 163 168 169 177 178 180 181 190 202 208 210 211 2 1 3 1 2 1 3 1 0 3 0 3 1 3 0 2 1 1 2 2 1 2 1 2 1 2 1 2 1 2 1 2 2 2 2 0 2 2 1 2 1 2 1 2 1 3 0 3 1 3 0 2 1 1 2 1 2 1 2 2 2 2 0 2 0 3 0 2 2 3 2 0 2 2 2 2 1 1 2 1 1 2 2 2 2 1 1 2 1 1
669364 51 0 1 12 13 14 18 19 22 27 28 29 45 46 48 49 54 55 56 66 67 68 72 75 76 81 82 83 87 88 96 97 108 109 110 136 137 142 150 151 168 169 174 175 176 177 178 184 186 187 210 211 2 1 3 1 2 1 3 1 0 2 1 3 2 2 0 2 1 1 2 3 0 3 0 2 0 2 2 2 1 2 1 3 1 2 1 1 1 3 1 3 0 2 1 2 1 3 1 2 2 2 0 1 1 2 2 2 1 1 2 2 2 1 1 3 0 2 0 2 2 2 2 1 2 1 2 1 2 2 2 2 0 2 1 2 1 1 3 2 2 0
669481 62 0 1 6 7 12 15 16 19 21 27 28 39 42 43 45 46 48 54 55 60 61 66 69 72 73 75 82 83 87 88 95 97 104 108 109 110 114 115 120 122 123 124 127 128 129 131 162 164 168 174 176 177 182 183 185 216 218 222 228 230 234 236 2 1 3 1 3 0 3 0 1 2 2 2 2 1 1 2 1 1 2 2 1 1 2 2 2 1 1 3 2 0 1 3 1 1 0 3 2 2 1 1 2 2 2 1 1 2 2 2 2 1 1 2 1 1 1 2 2 1 2 1 3 1 1 3 0 2 0 3 2 2 2 0 3 1 1 1 1 3 1 2 1 1 2 3 3 0 1 2 2 0
669483 68 0 1 6 7 9 12 15 22 25 27 28 39 42 46 49 52 54 55 63 66 73 76 82 83 87 88 89 92 93 95 96 98 103 104 106 108 109 110 114 115 119 120 122 123 125 127 128 130 131 133 163 164 169 170 173 176 179 181 184 185 187 188 217 218 227 230 235 236 2 1 3 1 3 0 3 0 1 2 2 2 2 1 1 2 1 1 1 2 2 2 2 1 2 1 1 3 2 0 2 2 1 0 1 3 2 2 1 1 2 2 2 1 1 1 2 3 2 1 1 3 1 0 2 1 2 1 2 1 2 2 1 3 0 2 1 3 1 1 2 1 3 1 1 2 0 3 0 3 1 1 2 2 2 1 1 2 2 1
669485 71 0 2 3 6 8 9 11 12 13 15 16 17 19 25 27 29 30 38 39 40 42 44 46 47 49 53 54 56 57 63 65 66 67 73 74 76 84 87 91 93 94 96 97 103 106 108 111 114 118 120 121 123 124 127 130 133 164 170 172 173 175 179 181 182 184 187 188 218 227 235 236 2 1 3 1 3 0 3 0 1 2 2 2 2 1 1 2 1 1 2 1 2 2 2 1 1 2 1 3 1 1 2 3 0 0 1 3 2 2 1 1 2 2 2 1 1 2 1 3 1 2 1 3 1 0 2 2 1 1 1 2 2 2 1 2 1 2 1 3 1 2 1 1 3 0 2 2 1 2 0 3 1 1 1 3 2 2 0 2 1 2
669487 52 0 1 6 7 18 21 24 25 27 28 43 45 46 48 52 54 55 60 61 70 81 83 87 88 92 95 97 108 109 110 114 115 118 119 122 124 163 164 169 172 173 176 178 182 185 187 217 218 223 226 227 230 2 1 3 1 3 0 3 0 1 2 1 3 2 2 0 2 1 1 2 2 1 1 2 2 2 1 1 3 2 0 2 2 1 0 1 3 2 1 2 1 2 2 2 2 0 2 2 2 2 1 1 2 1 1 2 1 2 1 2 1 2 2 1 3 0 2 1 3 1 1 2 1 3 1 1 0 2 2 2 1 2 2 1 3 3 0 1 1 3 0
669493 63 0 1 2 3 5 6 7 12 18 19 20 21 23 28 41 43 46 47 50 54 55 57 60 61 66 69 70 72 73 75 81 82 83 84 87 93 95 96 109 110 115 122 124 162 163 164 165 167 168 169 180 181 182 183 185 216 217 219 222 223 234 235 237 2 1 3 1 3 0 3 0 1 2 1 3 1 3 0 3 0 1 2 2 1 2 2 1 1 1 2 2 2 1 2 2 1 1 1 2 2 2 1 2 2 1 1 1 2 3 2 1 2 1 1 1 1 2 2 1 2 0 2 2 3 2 0 2 1 2 0 2 2 3 2 0 3 2 1 2 1 1 1 1 2 2 2 2 2 0 2 2 2 0
669557 71 0 1 2 6 7 8 9 11 12 13 15 16 17 19 27 29 38 39 40 41 45 47 48 54 55 56 60 61 62 63 65 69 70 71 72 73 74 82 87 88 91 93 94 96 97 103 108 118 120 121 127 129 130 164 169 170 172 173 176 178 179 181 182 184 218 223 224 227 233 235 236 2 1 3 1 3 0 3 0 1 3 2 1 2 1 1 1 1 2 2 2 1 2 2 1 1 1 2 3 1 1 2 3 0 0 1 3 2 2 1 2 2 1 1 1 2 2 1 3 1 3 0 3 0 1 2 2 1 1 1 2 2 2 1 2 0 3 1 2 2 2 2 0 2 1 2 2 1 2 1 2 1 1 1 3 2 1 1 2 2 1
669681 52 0 6 9 15 18 24 27 28 31 45 46 49 54 55 58 60 61 63 69 81 86 87 89 90 95 96 98 105 108 109 112 113 122 126 127 130 136 142 144 149 150 162 167 168 170 180 186 194 216 221 222 224 3 1 2 1 2 1 2 1 1 2 2 2 1 2 1 3 0 1 1 2 2 2 2 1 2 1 1 2 3 0 2 2 1 1 0 3 2 1 2 1 2 2 2 2 0 2 1 3 2 2 0 2 1 1 3 0 2 1 2 2 1 2 1 3 1 1 1 2 2 1 2 1 2 2 2 2 0 2 2 2 0 2 3 0 0 1 3 3 1 1
669683 58 0 1 2 5 6 8 13 14 15 17 18 19 22 24 27 29 32 40 41 45 46 49 54 55 56 60 62 69 71 81 82 87 94 96 103 105 108 109 112 121 126 127 130 136 150 162 164 167 168 170 180 186 191 194 216 218 222 224 3 1 2 1 2 1 2 1 1 2 2 2 1 2 1 3 0 1 2 1 2 2 2 1 1 2 1 2 2 1 2 3 0 1 0 3 2 1 2 1 2 2 2 2 0 1 2 3 2 2 0 3 0 1 3 1 1 1 1 3 1 2 1 3 1 1 0 3 2 2 1 1 2 1 3 2 1 1 2 2 0 2 2 1 0 2 2 3 0 2
669687 73 0 3 6 9 12 15 21 24 27 28 30 37 39 45 46 48 60 61 63 64 66 69 70 72 73 78 79 83 86 87 92 93 95 96 104 108 109 110 113 118 119 120 122 127 128 129 131 136 142 144 145 150 151 154 162 164 165 167 168 173 174 176 177 190 191 192 194 203 216 217 222 223 226 3 1 2 1 2 1 2 1 1 1 2 3 2 1 1 3 1 0 1 2 2 2 2 1 2 1 1 3 2 0 1 2 2 1 1 2 2 2 1 2 1 2 1 2 1 2 1 3 2 2 0 2 1 1 2 0 3 2 1 2 1 3 0 2 1 2 1 3 1 2 1 1 2 2 1 2 2 1 1 1 2 1 3 1 1 0 3 3 2 0
669688 69 0 1 2 3 5 7 9 10 12 15 16 20 21 23 24 28 29 32 37 39 43 45 47 48 50 54 55 63 64 66 72 75 82 83 86 87 88 91 93 96 97 104 108 109 110 113 115 118 123 124 128 129 131 132 136 144 145 162 164 165 167 168 174 177 191 192 194 216 228 3 1 2 1 2 1 2 1 1 1 2 3 2 1 1 3 1 0 2 2 1 2 1 2 1 2 1 2 2 1 1 3 1 2 0 2 2 2 1 2 1 2 1 2 1 1 2 3 2 1 1 3 1 0 2 1 2 1 1 3 2 2 0 3 1 1 1 2 2 1 2 1 1 2 2 2 3 0 2 0 2 1 2 2 2 0 3 2 2 0
669689 77 0 1 2 6 8 9 10 12 13 15 16 20 21 22 23 24 25 26 27 29 39 45 47 48 50 54 55 60 63 64 69 70 72 73 78 79 82 83 87 88 89 91 93 94 96 97 103 104 106 108 110 120 128 129 131 136 142 144 145 150 151 154 162 164 168 169 170 174 175 177 178 191 216 217 222 223 226 3 1 2 1 2 1 2 1 1 1 2 3 2 1 1 3 1 0 2 1 2 2 2 1 1 2 1 3 1 1 1 3 1 1 1 2 2 2 1 2 1 2 1 2 1 1 2 3 2 2 0 3 0 1 2 1 2 2 0 3 1 3 0 3 0 2 1 3 1 1 2 1 2 1 2 2 3 0 1 1 2 1 2 2 1 1 2 3 1 1
669692 78 0 3 5 8 9 12 14 15 17 18 21 24 28 32 37 39 41 43 44 45 46 48 58 61 63 64 66 67 70 72 73 75 76 78 79 81 86 87 89 90 93 95 96 98 108 109 112 113 115 116 118 120 121 122 123 124 125 136 142 144 145 148 151 162 165 167 180 183 190 192 193 194 210 216 217 220 234 235 3 1 2 1 2 1 2 1 1 1 2 3 2 2 0 3 0 1 1 2 2 2 1 2 2 2 0 2 2 1 2 2 1 1 1 2 2 1 2 2 2 1 1 2 1 2 2 2 2 1 1 2 1 1 3 0 2 1 1 3 1 3 0 2 1 2 1 3 1 2 1 1 1 2 2 1 1 2 3 2 0 2 3 0 2 1 2 1 1 2
669693 51 0 3 6 9 12 15 18 21 27 28 30 37 39 45 46 48 61 64 70 73 81 86 87 89 90 93 95 96 98 108 109 113 118 120 122 136 142 145 149 151 167 170 185 190 194 212 217 221 223 224 235 3 1 2 1 2 1 2 1 1 1 2 3 2 2 0 3 0 1 1 2 2 2 2 1 2 1 1 3 2 0 2 2 1 0 1 3 2 1 2 2 2 1 1 2 1 2 1 3 2 2 0 2 1 1 3 0 2 2 1 2 0 3 1 2 1 2 1 2 2 2 2 0 2 2 1 1 1 2 2 2 1 2 3 0 1 0 3 2 2 1
669695 56 0 1 2 6 8 12 13 14 15 16 17 18 19 21 22 23 27 29 39 41 45 47 48 50 55 70 71 73 74 81 82 87 88 93 94 96 97 108 120 136 142 151 164 169 170 184 185 191 209 212 217 218 223 224 235 236 3 1 2 1 2 1 2 1 1 1 2 3 2 2 0 3 0 1 2 1 2 2 2 1 1 2 1 3 1 1 2 3 0 0 1 3 2 1 2 2 2 1 1 2 1 1 2 3 2 2 0 3 0 1 3 1 1 2 0 3 0 3 1 3 0 2 0 3 2 2 2 0 2 1 2 1 2 1 2 2 1 2 2 1 1 1 2 2 1 2
669698 67 0 3 9 12 15 21 24 28 31 37 39 40 45 46 48 49 54 55 58 63 64 66 67 69 83 86 87 89 92 93 95 96 98 108 109 110 112 113 116 118 119 123 125 127 129 130 132 136 144 145 148 150 162 164 165 167 173 174 176 183 191 192 194 203 210 216 228 3 1 2 1 2 1 2 1 1 2 2 2 2 1 1 2 1 1 1 2 2 2 1 2 2 2 0 2 3 0 1 2 2 2 0 2 1 2 2 2 1 2 2 2 0 2 2 2 2 1 1 2 1 1 2 0 3 1 2 2 2 2 0 3 1 1 1 2 2 1 2 1 1 1 3 2 1 2 2 2 0 1 3 1 2 2 1 2 0 2
669724 65 0 1 2 3 5 7 12 14 15 16 17 28 29 32 39 41 43 44 45 46 47 48 50 54 55 66 69 70 72 73 75 81 82 83 86 88 89 93 95 97 98 108 109 110 113 115 116 123 124 125 136 142 150 151 165 167 168 170 192 194 197 210 212 222 237 3 1 2 1 2 1 2 1 1 1 2 3 2 2 0 3 0 1 2 2 1 3 1 1 0 2 2 2 2 1 1 3 1 2 0 2 2 3 0 2 1 2 1 1 2 2 2 2 2 1 1 2 1 1 2 1 2 1 1 3 2 2 0 3 1 1 0 1 3 2 3 0 1 2 2 2 2 1 2 1 1 2 2 1 2 0 3 1 2 1
669725 44 0 1 2 6 8 12 13 14 15 16 17 27 29 39 41 45 47 48 50 54 55 60 69 70 72 73 81 82 83 93 94 95 108 110 120 122 136 168 169 170 210 212 222 223 3 1 2 1 2 1 2 1 1 1 2 3 2 2 0 3 0 1 2 1 2 3 2 0 0 2 2 3 1 1 1 3 1 1 1 2 2 3 0 2 1 2 1 1 2 2 2 2 2 2 0 2 0 2 2 1 2 2 0 3 1 3 0 3 0 2 0 2 2 2 3 0 2 1 2 1 3 1 2 1 1 2 2 1 1 1 2 2 1 2
669734 66 0 3 12 15 18 21 28 31 39 40 43 45 46 48 49 54 55 58 61 66 67 69 70 75 76 81 83 86 89 93 95 98 108 109 110 112 113 115 116 123 124 125 136 142 148 150 151 162 164 165 167 180 182 183 185 191 192 194 197 209 210 212 216 222 234 237 3 1 2 1 2 1 2 1 1 2 2 2 2 2 0 2 0 2 1 2 2 3 1 1 1 2 1 2 3 0 1 2 2 2 0 2 1 3 1 2 1 2 2 1 1 3 2 1 2 1 1 1 1 2 2 0 3 1 2 2 2 2 0 3 1 1 0 1 3 2 3 0 1 1 3 2 2 1 2 1 1 2 2 1 2 2 1 1 1 2
669737 48 0 3 6 12 13 15 16 18 19 21 22 27 30 39 40 45 46 48 49 54 60 69 70 72 73 81 83 86 93 94 95 108 110 113 120 121 122 137 165 167 168 170 183 192 194 210 222 224 3 1 2 1 2 1 2 1 1 2 2 2 2 2 0 2 0 2 2 1 2 3 2 0 0 2 2 3 2 0 1 3 1 1 0 3 1 3 1 2 1 2 2 1 1 2 2 2 2 2 0 2 0 2 2 1 2 2 1 2 1 2 1 2 1 2 0 2 2 3 2 0 2 0 3 1 2 2 2 2 0 2 1 2 1 2 1 2 1 2
669796 47 0 1 2 12 13 14 27 28 29 45 46 47 48 49 50 66 67 72 73 75 76 81 82 83 87 88 89 96 97 98 108 109 110 150 151 168 170 174 176 177 179 210 212 228 231 237 240 3 1 2 1 2 1 2 1 1 2 1 3 2 2 0 2 1 1 2 3 0 3 0 2 0 2 2 2 2 1 1 3 1 2 0 2 2 3 0 3 0 2 0 2 2 2 1 3 2 2 0 2 1 1 2 1 2 1 1 3 2 2 0 3 0 2 0 2 2 2 2 1 2 1 2 1 3 1 2 1 1 2 2 1 1 1 3 2 1 1
669806 57 0 6 12 18 24 27 28 45 46 48 49 54 55 60 61 66 67 70 75 76 78 79 81 83 87 89 96 98 108 109 110 136 142 150 151 162 164 174 176 177 179 180 182 185 186 188 191 209 210 212 216 222 228 231 234 237 240 3 1 2 1 2 1 2 1 1 3 1 2 2 2 0 1 1 2 1 3 1 3 0 2 1 2 1 2 3 0 1 2 2 2 0 2 1 3 1 3 0 2 1 2 1 3 1 2 2 2 0 1 1 2 2 0 3 1 2 2 2 2 0 3 0 2 0 2 2 2 2 1 2 1 2 1 2 2 2 1 1 2 2 1 1 2 2 2 1 1
669990 40 0 6 18 21 54 60 64 70 72 73 81 83 87 89 92 95 98 108 110 118 119 121 164 173 176 179 182 185 191 202 208 209 211 212 226 227 232 233 235 236 3 0 3 1 3 0 2 1 1 3 1 2 2 2 0 1 1 2 2 2 1 1 2 2 2 1 1 3 2 0 2 1 2 0 2 2 1 2 2 3 1 1 1 2 1 2 2 2 2 2 0 2 0 2 2 0 3 1 2 1 2 2 1 3 0 2 1 1 3 1 3 0 3 0 2 0 3 1 2 1 2 2 2 2 2 1 1 2 1 1
670025 50 0 6 12 13 15 18 19 22 24 25 54 60 66 67 69 72 73 75 76 78 79 81 83 87 89 94 95 96 97 98 108 110 120 121 122 170 175 176 178 179 184 187 202 203 211 224 230 233 238 241 3 0 3 1 3 0 2 1 1 3 1 2 2 2 0 1 1 2 2 2 1 3 1 1 0 2 2 3 2 0 2 2 1 0 1 3 1 3 1 3 1 1 1 1 2 2 1 3 2 2 0 2 1 1 2 1 2 1 2 1 2 1 2 2 0 3 0 3 1 3 1 1 2 0 3 2 1 2 1 3 0 2 1 2 1 1 2 2 2 1
670624 82 0 1 3 9 11 12 13 14 19 20 21 22 23 27 28 29 38 45 46 47 54 55 56 57 58 59 63 65 66 67 82 83 84 86 88 91 93 94 96 97 103 104 106 108 109 110 115 116 118 119 123 124 125 127 128 132 133 136 137 139 140 144 145 146 147 148 162 163 164 168 169 172 173 177 178 179 182 186 187 188 216 218 2 2 2 1 2 1 3 0 1 2 2 2 2 1 1 2 1 1 2 3 0 2 2 1 1 0 3 2 1 2 1 3 1 2 1 1 1 2 2 2 1 2 2 2 0 2 2 2 2 0 2 2 2 0 2 2 1 2 1 2 1 2 1 3 1 1 1 1 3 1 2 1 2 1 2 2 2 1 1 2 1 1 1 3 3 1 1 1 2 1
670625 70 0 6 9 11 12 15 17 20 21 24 26 27 29 33 35 38 39 42 44 45 47 48 51 53 54 56 63 65 66 82 83 91 93 94 103 108 109 110 118 119 120 121 127 128 129 130 136 137 144 145 146 147 148 162 163 164 168 169 170 172 173 177 178 179 182 186 187 188 216 218 2 2 2 1 2 1 3 0 1 2 2 2 2 1 1 2 1 1 2 2 1 2 3 0 1 0 3 3 0 2 1 3 1 1 2 1 1 2 2 2 1 2 2 2 0 2 1 3 2 1 1 2 2 0 2 2 1 1 2 2 2 1 1 3 0 2 1 2 2 1 2 1 1 2 2 2 2 1 2 1 1 1 1 3 2 2 0 2 1 2
670630 47 0 1 3 12 13 18 19 21 22 27 28 29 45 46 55 56 58 59 67 68 73 76 81 82 84 88 93 94 96 97 108 109 115 123 124 136 139 148 162 163 168 169 180 181 186 187 218 2 2 2 1 2 1 3 0 1 2 2 2 2 2 0 2 0 2 2 3 0 2 2 1 1 0 3 2 1 2 2 3 0 1 1 2 1 2 2 2 2 1 2 1 1 2 2 2 2 0 2 2 2 0 3 2 0 2 1 2 0 2 2 3 1 1 0 2 3 2 1 1 2 1 2 1 1 2 2 3 0 2 1 2 2 1 2 1 2 1
670637 87 0 1 2 3 6 7 8 9 11 12 13 15 16 17 19 24 27 28 29 31 32 33 34 38 39 40 41 42 43 45 46 48 49 51 54 56 57 59 63 65 66 68 72 75 82 83 84 86 91 93 94 103 108 109 110 112 113 118 119 120 121 122 127 129 130 137 140 144 146 147 149 156 162 164 168 169 170 172 173 177 178 179 181 186 187 227 234 2 2 2 1 2 1 3 0 1 3 2 1 2 1 1 1 1 2 2 2 1 2 3 0 1 0 3 3 1 1 1 3 1 1 1 2 2 2 1 2 1 2 1 2 1 2 1 3 2 1 1 2 2 0 2 2 1 1 3 1 2 0 2 2 1 2 1 2 2 2 1 1 1 1 3 2 1 2 2 2 0 1 1 3 2 1 1 2 2 1
670642 56 0 2 3 5 9 12 13 18 20 21 22 23 27 29 38 45 47 56 59 65 67 68 74 76 77 81 83 84 86 90 93 94 96 97 108 110 119 123 124 137 140 146 148 149 162 164 168 173 177 178 180 182 186 187 227 236 2 2 2 1 2 1 3 0 1 3 1 2 2 2 0 1 1 2 2 3 0 2 2 1 1 0 3 2 2 1 2 2 1 1 1 2 2 1 2 2 2 1 1 2 1 2 2 2 2 0 2 2 2 0 3 1 1 2 2 1 0 2 2 2 1 2 1 2 2 2 1 1 2 0 3 1 2 1 2 2 1 2 0 3 2 1 2 1 3 0
670643 71 0 2 3 6 7 8 9 15 16 18 20 21 22 27 29 31 32 33 34 38 39 40 42 43 45 47 48 49 54 56 57 58 59 63 65 67 72 74 75 77 81 83 84 86 90 93 94 108 110 112 113 119 120 121 122 137 139 140 144 146 148 149 164 169 170 173 178 179 182 227 236 2 2 2 1 2 1 3 0 1 3 1 2 2 2 0 1 1 2 2 2 1 2 3 0 1 0 3 3 1 1 2 2 1 0 2 2 2 1 2 2 2 1 1 2 1 2 1 3 2 1 1 2 2 0 3 1 1 1 3 1 1 1 2 2 1 2 1 1 3 2 2 0 1 1 3 1 2 1 3 1 1 2 0 3 1 2 1 2 2 1
670660 68 0 1 3 12 13 14 18 19 22 27 28 29 45 46 54 55 56 57 58 59 67 68 72 75 76 81 82 83 86 88 94 95 96 97 98 108 109 110 115 116 123 124 125 136 137 139 140 147 148 149 165 167 168 169 174 175 176 177 178 179 184 186 187 219 221 228 229 237 2 2 2 1 2 1 3 0 1 2 1 3 2 2 0 2 1 1 2 3 0 3 1 1 0 1 3 2 1 2 1 3 1 2 1 1 1 3 1 2 1 2 2 1 1 3 1 2 2 0 2 1 3 0 2 2 1 2 1 2 1 2 1 3 1 1 0 2 2 2 1 2 2 1 2 1 2 2 2 2 0 2 1 2 2 1 2 1 2 1
671046 82 0 1 2 3 5 6 7 8 9 10 12 14 15 17 18 19 21 24 27 28 29 30 34 35 37 39 41 43 44 45 46 48 54 55 56 57 63 64 66 81 82 84 86 88 89 91 95 98 102 105 106 111 115 116 118 119 120 122 123 124 125 126 127 129 132 133 136 137 140 144 145 146 147 149 162 164 168 170 180 186 216 218 3 2 1 1 2 1 2 0 2 3 2 1 1 2 1 2 0 2 2 2 1 1 3 1 2 0 2 2 2 1 1 3 1 2 0 2 2 1 2 1 2 2 2 2 0 2 2 2 1 1 2 3 1 0 2 1 2 1 2 2 2 1 1 2 1 2 1 2 2 2 1 1 2 2 2 1 1 2 3 1 0 2 3 1 3 0 1 1 1 2
671048 44 0 8 9 12 14 17 18 21 27 28 34 35 44 45 46 52 54 55 63 66 68 81 89 90 93 95 98 102 108 109 115 116 125 126 127 133 136 144 147 149 162 170 180 216 3 2 1 1 2 1 2 0 2 3 2 1 1 2 1 2 0 2 1 3 1 2 2 1 2 0 2 1 3 1 2 2 1 2 0 2 2 1 2 1 2 2 2 2 0 2 2 2 2 0 2 2 2 0 3 0 2 1 2 2 1 2 1 3 0 2 1 2 2 1 2 1 2 2 2 2 0 2 2 2 0 2 3 0 3 0 2 0 2 2
671051 48 0 1 2 3 5 6 7 8 12 14 15 16 17 18 19 21 24 28 29 32 34 35 41 43 44 46 54 55 56 57 66 81 82 84 93 102 109 127 136 147 162 164 168 170 180 186 216 218 3 2 1 1 2 1 2 0 2 3 2 1 1 2 1 2 0 2 2 2 1 2 3 0 1 0 3 2 2 1 2 3 0 1 0 3 2 1 2 1 2 2 2 2 0 1 2 3 2 1 1 3 1 0 3 1 1 0 2 3 2 1 1 3 1 1 0 2 3 2 1 1 1 2 3 2 1 1 3 1 0 2 2 1 2 0 2 1 2 2
671052 53 0 1 2 6 8 12 13 15 17 20 21 27 28 29 33 35 39 40 42 44 45 47 48 54 55 66 67 72 75 82 83 89 94 98 109 110 116 121 125 128 136 148 162 163 164 168 170 177 179 182 216 217 234 3 2 1 1 2 1 2 0 2 2 2 2 2 1 1 2 1 1 2 2 1 1 3 1 2 0 2 3 1 1 0 3 2 2 1 1 2 2 1 2 1 2 1 2 1 2 2 2 1 1 2 3 1 0 1 1 3 2 1 2 2 2 0 3 0 2 0 2 3 2 2 0 2 2 1 1 3 1 2 0 2 1 3 2 3 1 0 2 0 2
671054 75 0 3 5 6 8 9 12 14 15 17 20 21 23 27 28 33 35 37 42 44 45 46 47 57 58 63 64 66 67 73 76 83 84 86 89 92 93 95 96 98 104 108 109 110 115 116 118 119 123 124 125 127 128 136 139 144 145 147 148 154 156 157 162 164 168 170 173 177 179 182 216 217 226 234 235 3 2 1 1 2 1 2 0 2 2 2 2 2 1 1 2 1 1 1 3 1 2 2 1 2 0 2 2 2 1 1 2 2 2 1 1 2 2 1 2 1 2 1 2 1 2 2 2 2 0 2 2 2 0 2 0 3 2 1 2 1 3 0 2 1 2 1 1 3 2 2 0 2 2 1 2 2 1 1 1 2 1 3 1 3 1 1 1 1 2
671057 74 0 1 2 6 7 8 9 10 12 13 15 16 20 21 23 24 26 27 28 29 33 35 37 39 40 42 45 47 48 50 51 53 54 55 63 64 66 67 72 75 82 83 91 93 94 104 108 109 110 118 120 121 128 129 131 136 144 145 147 148 156 162 164 168 169 170 177 178 186 188 216 217 226 234 3 2 1 1 2 1 2 0 2 2 2 2 2 1 1 2 1 1 2 2 1 2 3 0 1 0 3 3 1 1 1 3 1 1 1 2 2 2 1 2 1 2 1 2 1 1 2 3 2 1 1 3 1 0 2 1 2 1 1 3 2 2 0 3 0 2 1 2 2 1 2 1 1 2 2 2 3 0 2 0 2 1 2 2 2 1 1 2 1 2
671058 76 0 1 2 6 8 10 13 14 17 18 19 21 22 23 24 26 27 28 29 33 35 37 40 41 44 45 46 47 48 50 51 53 54 55 64 67 72 74 75 81 82 89 91 94 95 98 108 109 110 116 118 119 121 122 125 136 137 145 146 148 149 162 163 164 168 170 180 181 186 188 216 217 218 234 235 236 3 2 1 1 2 1 2 0 2 2 2 2 2 2 0 2 0 2 2 2 1 1 3 1 2 0 2 3 1 1 1 3 1 1 1 2 2 1 2 2 2 1 1 2 1 2 2 2 1 1 2 3 1 0 2 1 2 2 1 2 1 2 1 3 0 2 1 2 2 1 2 1 2 2 1 0 2 2 3 1 1 2 3 1 2 1 1 2 0 2
671060 62 0 3 5 6 8 9 12 14 15 17 18 21 23 26 27 28 33 35 37 42 44 45 46 53 58 64 67 68 73 76 77 81 84 86 89 90 93 95 96 98 108 109 115 116 118 123 124 125 136 139 140 145 148 149 162 168 170 180 186 188 217 235 3 2 1 1 2 1 2 0 2 2 2 2 2 2 0 2 0 2 1 3 1 2 2 1 2 0 2 2 2 1 2 2 1 1 1 2 2 1 2 2 2 1 1 2 1 2 2 2 2 0 2 2 2 0 3 0 2 2 1 2 0 3 1 2 1 2 1 2 2 2 1 1 2 2 1 1 1 2 2 2 1 2 3 0 2 1 2 1 1 2
671064 59 0 1 3 6 12 15 16 19 21 24 27 28 30 33 34 39 42 43 45 46 48 51 54 55 57 66 82 83 86 89 95 97 98 104 106 109 110 115 116 122 124 125 127 128 131 133 136 137 140 149 162 164 177 179 182 186 188 216 218 3 2 1 1 2 1 2 0 2 3 2 1 2 1 1 1 1 2 2 2 1 1 3 1 2 0 2 3 2 0 0 3 2 2 0 2 1 2 2 2 1 2 2 2 0 2 2 2 1 1 2 3 1 0 1 1 3 2 2 1 2 1 1 3 1 1 0 2 3 2 1 1 2 1 2 1 2 2 2 1 1 1 3 2 3 0 1 2 1 1
671066 66 0 3 6 9 12 15 21 27 28 33 34 37 42 43 45 46 52 54 55 57 63 64 66 83 84 86 89 92 93 95 96 98 104 108 109 110 115 116 118 119 123 124 125 127 128 132 133 136 137 140 144 145 146 147 149 162 164 173 177 179 182 186 188 216 218 227 3 2 1 1 2 1 2 0 2 3 2 1 2 1 1 1 1 2 1 3 1 2 2 1 2 0 2 2 3 0 1 2 2 2 0 2 1 2 2 2 1 2 2 2 0 2 2 2 2 0 2 2 2 0 2 0 3 2 2 1 1 2 1 3 1 1 1 1 3 1 2 1 2 1 2 2 1 2 1 2 1 1 3 1 3 0 2 1 2 1
671069 67 0 3 6 7 9 10 12 15 16 19 21 24 27 28 33 34 37 39 42 43 45 46 48 51 54 55 57 63 64 66 83 84 86 91 93 104 108 109 110 113 118 119 120 122 127 128 129 131 136 137 140 144 145 146 147 149 168 170 173 177 179 182 186 188 216 218 227 3 2 1 1 2 1 2 0 2 3 2 1 2 1 1 1 1 2 2 2 1 2 3 0 1 0 3 3 2 0 1 3 1 1 0 3 1 2 2 2 1 2 2 2 0 1 2 3 2 1 1 3 1 0 2 1 2 1 2 2 2 1 1 2 1 2 1 2 2 2 1 1 1 1 3 2 2 1 2 1 1 1 2 2 2 0 2 2 2 1
671070 68 0 3 6 18 21 24 27 28 30 31 33 34 37 40 43 45 48 51 54 55 57 58 64 72 75 81 83 84 86 89 92 95 98 108 109 110 111 112 115 116 118 119 121 122 124 125 136 137 139 140 145 146 148 162 164 173 179 180 182 186 188 216 217 218 226 227 234 236 3 2 1 1 2 1 2 0 2 3 1 2 2 2 0 1 1 2 2 2 1 1 3 1 2 0 2 3 2 0 1 2 2 1 1 2 1 2 2 2 2 1 2 1 1 2 2 2 1 1 2 3 1 0 2 0 3 2 2 1 1 2 1 3 1 1 1 1 3 1 2 1 2 1 2 0 3 1 3 0 2 2 2 2 2 1 1 2 1 1
671082 65 0 1 2 3 6 7 8 12 15 17 18 19 24 25 27 28 29 30 31 34 35 39 44 45 46 52 54 55 56 57 58 66 72 73 81 82 83 84 88 89 93 96 98 111 112 115 116 120 123 125 136 137 139 147 162 164 165 168 170 180 186 216 218 219 234 3 2 1 1 2 1 2 0 2 3 1 2 1 3 0 2 0 2 2 2 1 2 2 1 1 1 2 2 2 1 1 3 1 2 0 2 2 2 1 1 2 2 2 1 1 3 1 2 1 1 2 2 2 0 2 1 2 1 2 2 2 1 1 2 1 2 0 3 1 3 0 2 2 2 2 2 0 2 2 2 0 2 2 2 3 1 0 1 1 2
671093 61 0 1 2 6 7 8 12 13 14 15 17 27 28 29 33 35 39 40 41 42 44 45 46 47 48 50 51 53 54 55 66 72 73 75 76 81 82 83 94 95 108 109 110 120 121 122 136 147 148 168 169 170 174 175 176 177 178 179 228 229 237 3 2 1 1 2 1 2 0 2 2 1 3 2 2 0 2 1 1 2 2 1 3 2 0 0 1 3 3 1 1 1 3 1 1 1 2 2 3 0 2 1 2 1 1 2 2 1 3 2 1 1 2 2 0 2 1 2 1 1 3 2 2 0 3 0 2 0 3 1 2 1 2 1 2 2 2 2 1 2 1 1 2 2 1 1 1 2 2 1 2
671102 64 0 3 6 12 18 24 27 28 33 34 43 45 46 51 52 54 55 57 58 67 75 76 81 83 86 89 95 96 98 108 109 110 115 116 123 124 125 136 137 139 140 147 148 149 162 164 165 174 176 177 179 180 182 185 186 188 216 218 219 228 230 234 237 239 3 2 1 1 2 1 2 0 2 3 1 2 2 2 0 1 1 2 1 3 1 3 1 1 1 1 2 2 3 0 1 2 2 2 0 2 1 3 1 2 1 2 2 1 1 3 1 2 2 0 2 1 3 0 2 0 3 2 2 1 1 2 1 3 1 1 0 2 2 2 1 2 2 1 2 1 2 2 2 1 1 2 2 1 2 1 2 1 2 1
671105 61 0 3 6 7 12 13 15 18 19 24 25 27 28 31 33 34 39 40 42 45 46 51 52 54 55 57 58 66 72 73 81 83 86 94 95 108 109 110 112 113 120 121 122 136 137 139 140 147 148 149 167 168 170 174 176 177 179 186 221 228 230 3 2 1 1 2 1 2 0 2 3 1 2 2 2 0 1 1 2 2 2 1 3 2 0 0 1 3 3 2 0 1 3 1 1 0 3 1 3 1 2 1 2 2 1 1 2 1 3 2 1 1 2 2 0 2 1 2 1 2 2 2 1 1 2 1 2 0 3 1 3 0 2 1 1 3 2 1 2 2 2 0 2 1 2 1 1 2 2 2 1
671270 79 0 3 5 6 8 9 12 14 15 17 20 23 30 31 33 37 39 40 41 42 44 46 49 50 54 55 57 58 59 63 64 66 67 73 74 76 77 83 84 86 87 89 92 93 95 96 98 104 108 109 111 112 114 116 118 119 120 121 122 123 125 127 128 130 131 162 164 168 170 173 177 179 182 216 217 218 226 235 236 3 1 2 1 3 0 2 0 2 2 2 2 2 1 1 2 1 1 1 3 1 2 2 1 2 0 2 2 2 1 2 1 2 1 2 1 2 2 1 1 2 2 2 1 1 2 2 2 1 1 2 3 1 0 2 0 3 1 2 1 2 2 1 2 1 2 1 1 3 2 2 0 3 1 1 2 2 1 0 2 2 1 3 1 2 2 1 2 0 2
671272 71 0 2 3 5 9 10 12 13 20 22 23 27 30 37 39 40 46 47 49 50 54 56 57 59 63 64 66 67 73 74 76 77 83 84 86 87 89 91 93 94 96 97 103 104 106 108 110 111 113 114 118 120 121 123 124 127 128 130 131 133 162 164 168 170 177 178 188 216 218 226 236 3 1 2 1 3 0 2 0 2 2 2 2 2 1 1 2 1 1 2 3 0 2 2 1 1 0 3 2 2 1 2 2 1 1 1 2 2 2 1 1 2 2 2 1 1 1 2 3 2 1 1 3 1 0 2 1 2 1 1 2 2 2 1 3 1 1 1 1 3 1 2 1 3 0 2 2 3 0 0 2 2 1 2 2 2 1 2 2 1 1
671308 62 0 2 3 5 12 13 14 27 30 39 40 41 45 46 47 49 50 54 56 57 59 72 73 74 75 76 77 81 83 86 87 89 94 95 96 97 98 108 110 111 113 114 120 121 122 123 124 125 165 167 168 170 174 175 176 177 178 179 219 221 238 239 3 1 2 1 3 0 2 0 2 2 1 3 2 2 0 2 1 1 2 3 0 3 1 1 0 1 3 2 2 1 2 2 1 1 1 2 2 3 0 1 2 2 2 0 2 2 1 3 2 1 1 2 2 0 2 1 2 1 1 2 2 2 1 3 1 1 0 2 2 2 1 2 3 0 2 1 3 1 1 2 1 2 2 1 1 1 3 2 1 1
671318 55 0 3 6 12 18 24 27 30 33 39 40 43 49 51 52 54 57 72 73 75 76 81 83 86 87 89 95 96 98 108 111 114 120 121 123 124 162 164 165 174 176 177 179 180 182 185 186 188 216 218 219 234 236 238 239 3 1 2 1 3 0 2 0 2 3 1 2 2 2 0 1 1 2 1 3 1 3 1 1 1 1 2 2 3 0 2 1 2 1 1 2 1 3 1 2 2 1 2 0 2 3 1 2 1 1 2 2 2 0 2 0 3 1 3 0 2 1 2 3 1 1 0 2 2 2 1 2 3 0 2 1 2 2 1 2 1 2 2 1 1 2 2 2 1 1
671859 72 1 3 12 15 21 24 25 28 30 33 34 46 48 51 52 55 57 60 61 66 69 73 78 79 82 83 84 86 87 88 92 93 95 96 106 109 110 111 113 114 115 127 129 132 133 140 142 146 147 149 150 154 163 164 165 167 168 169 173 174 176 177 181 186 187 190 191 192 194 195 196 208 1 2 3 2 1 1 3 1 0 2 2 2 2 1 1 2 1 1 2 1 2 1 3 1 2 1 1 3 2 0 1 2 2 1 1 2 1 3 1 3 0 2 1 2 1 1 2 2 2 2 1 2 1 1 2 2 1 2 2 1 1 1 2 2 1 2 2 2 1 1 2 1 2 1 2 2 0 3 1 3 0 0 3 2 2 0 2 3 2 0
671861 72 2 10 11 15 17 19 24 33 46 51 52 56 60 62 64 65 69 71 73 78 79 83 84 86 87 89 91 92 93 94 95 96 97 98 103 106 111 114 127 129 130 132 133 140 145 146 147 148 149 150 154 157 164 165 167 168 170 172 173 174 175 176 177 179 181 184 186 187 192 195 208 211 1 2 3 2 1 1 3 1 0 2 2 2 2 1 1 2 1 1 3 0 2 1 3 1 1 2 1 3 1 1 1 3 1 1 1 2 1 3 1 3 0 2 1 2 1 2 1 2 2 2 1 1 2 1 2 1 2 2 3 0 1 1 2 1 2 2 2 2 1 2 1 1 2 0 3 2 1 2 1 3 0 0 2 3 2 1 1 3 1 1
671865 67 0 1 3 12 15 16 18 21 27 28 30 33 34 37 39 42 43 45 46 48 55 61 64 70 73 83 84 86 87 88 90 93 95 96 97 109 110 111 113 114 115 119 120 122 123 140 142 145 146 149 151 163 164 167 169 172 176 178 182 185 190 191 194 196 203 205 208 1 2 3 2 1 1 3 1 0 2 1 3 2 2 0 2 1 1 2 1 2 1 3 1 2 1 1 3 2 0 2 1 2 0 2 2 1 2 2 3 1 1 1 2 1 1 2 2 2 2 1 2 1 1 3 1 1 2 2 1 0 2 2 2 1 2 1 2 2 2 2 0 2 1 2 1 1 2 2 2 1 1 2 2 2 0 2 2 3 0
671895 69 0 1 3 9 10 12 15 16 21 27 28 30 33 34 37 39 42 43 45 46 48 55 57 60 61 63 69 70 72 73 75 82 83 84 86 90 91 92 93 95 109 110 111 113 118 119 120 122 140 146 149 162 163 164 165 167 168 169 180 181 183 190 191 192 194 195 196 208 210 1 2 3 2 1 1 3 1 0 2 2 2 2 2 0 2 0 2 2 1 2 2 3 0 1 1 2 3 2 0 1 2 2 1 1 2 1 3 1 3 1 1 1 1 2 2 2 1 2 2 1 1 1 2 2 2 1 2 2 1 1 1 2 2 1 2 1 1 2 2 3 0 2 1 2 1 1 3 2 2 0 1 2 2 2 0 2 2 3 0
671934 61 0 2 3 6 18 20 21 27 28 29 30 31 32 33 34 37 38 43 45 46 47 48 49 50 64 65 70 72 73 74 75 76 77 84 86 87 111 112 113 114 115 124 151 162 164 165 168 173 180 182 183 185 190 191 192 193 195 205 208 210 211 1 2 3 2 1 1 3 1 0 3 1 2 2 2 0 1 1 2 3 1 1 0 3 2 2 1 1 3 1 1 1 2 2 1 2 1 2 2 1 3 1 1 0 2 2 2 1 2 1 3 1 2 1 1 3 0 2 1 3 1 1 2 1 2 1 2 2 0 3 1 3 0 2 1 2 0 2 2 3 1 1 1 2 3 2 1 1 3 1 0
671936 93 0 1 3 5 7 12 16 22 23 27 28 29 30 31 32 33 34 37 39 41 42 43 45 46 47 48 49 50 63 64 68 69 70 72 73 74 75 76 77 83 84 86 87 88 90 93 94 95 96 97 109 110 111 112 113 114 115 119 120 122 123 145 146 148 149 150 151 162 163 164 165 168 172 175 176 177 178 180 182 183 184 185 190 191 192 193 195 202 203 205 208 210 211 1 2 3 2 1 1 3 1 0 3 1 2 2 2 0 1 1 2 2 2 1 1 2 2 2 1 1 2 2 1 2 1 2 1 2 1 2 2 1 3 1 1 0 2 2 1 2 2 2 2 1 2 1 1 2 1 2 2 2 1 1 2 1 2 1 2 1 1 3 2 2 0 2 1 2 1 1 2 2 2 1 1 2 2 2 1 2 2 2 0
672072 50 0 2 9 10 11 15 17 19 24 29 35 37 38 44 46 54 60 63 64 69 72 73 78 84 87 89 93 94 96 98 103 116 121 125 130 162 164 165 172 173 174 175 181 183 184 216 219 228 234 235 1 2 3 2 2 0 3 0 1 2 2 2 2 1 1 2 1 1 3 0 2 0 3 2 2 2 0 3 1 1 1 3 1 1 1 2 1 3 1 2 1 2 2 1 1 2 1 2 2 2 1 1 2 1 2 1 2 0 2 2 3 2 0 2 2 1 1 2 2 2 1 1 3 0 2 1 1 3 1 3 0 1 3 2 3 1 0 2 0 2
672075 67 0 1 3 9 12 15 25 27 28 30 33 34 39 42 46 52 54 55 57 63 66 73 82 84 86 87 88 92 93 95 96 98 104 106 108 109 111 113 114 115 116 119 120 122 123 125 127 128 131 133 163 164 167 169 173 176 179 181 185 187 188 217 221 227 230 235 236 1 2 3 2 2 0 3 0 1 2 2 2 2 1 1 2 1 1 2 1 2 1 3 1 2 1 1 3 2 0 2 2 1 0 1 3 1 3 1 2 1 2 2 1 1 1 2 2 2 1 2 2 2 0 2 2 1 1 1 2 2 2 1 2 1 2 2 2 1 1 2 1 3 1 1 2 0 3 0 3 1 1 3 1 2 0 2 2 2 1
672077 65 0 2 9 10 11 15 17 19 27 29 33 35 37 38 42 43 44 46 47 52 53 54 63 64 65 73 74 84 87 91 93 94 96 97 103 106 108 111 114 118 120 121 123 124 127 130 133 164 167 170 172 173 175 176 179 181 182 184 187 188 221 227 230 235 236 1 2 3 2 2 0 3 0 1 2 2 2 2 1 1 2 1 1 3 0 2 1 3 1 1 2 1 3 1 1 2 3 0 0 1 3 1 3 1 2 1 2 2 1 1 2 1 2 1 2 2 2 2 0 2 1 2 1 2 1 2 2 1 1 2 2 2 2 1 2 1 1 3 0 2 2 1 2 0 3 1 1 2 2 2 1 1 2 1 2
672137 66 0 6 9 11 12 15 17 20 21 27 29 33 35 38 39 41 42 44 45 47 48 50 54 60 63 66 69 72 75 82 87 88 91 93 94 96 97 103 108 109 114 115 118 120 121 123 124 129 130 163 164 169 170 172 173 175 178 179 182 184 185 217 223 226 232 238 1 2 3 2 2 0 3 0 1 2 2 2 2 1 1 2 1 1 3 1 1 1 3 1 1 1 2 3 0 2 2 3 0 0 2 2 1 3 1 3 1 1 1 1 2 2 1 2 1 3 1 2 1 1 2 1 2 1 1 2 2 3 0 2 0 3 2 1 2 1 3 0 2 2 1 2 2 1 1 1 2 1 2 2 2 1 1 2 1 2
672144 66 0 1 2 3 6 8 9 10 11 12 15 17 28 29 32 37 38 41 46 47 54 55 57 60 61 63 64 66 69 70 72 73 75 84 86 87 88 89 93 95 96 97 98 113 122 131 162 163 164 165 168 170 172 173 174 176 177 178 179 216 217 222 231 234 235 237 1 2 3 2 2 0 3 0 1 3 2 1 2 1 1 1 1 2 3 1 1 0 3 2 2 1 1 3 1 1 1 3 1 1 1 2 2 3 0 2 1 2 1 1 2 2 1 2 2 3 0 1 1 2 2 1 2 0 2 2 3 2 0 2 1 2 1 1 3 2 2 0 3 1 1 1 1 3 1 2 1 1 3 2 3 0 1 2 1 1
672149 80 0 1 2 3 6 8 9 10 11 12 15 17 27 29 30 32 33 34 37 38 39 41 42 43 45 46 47 48 54 55 59 60 61 62 63 64 65 66 68 69 70 71 72 73 74 75 82 84 87 88 91 93 96 97 108 111 114 115 118 120 123 124 127 129 164 167 169 170 172 173 176 178 179 223 224 227 233 235 236 239 1 2 3 2 2 0 3 0 1 3 2 1 2 1 1 1 1 2 3 1 1 1 3 1 1 1 2 3 1 1 2 3 0 0 1 3 2 3 0 2 1 2 1 1 2 2 1 2 1 3 1 2 1 1 2 1 2 1 2 1 2 2 1 1 1 3 2 1 2 2 2 0 2 1 2 2 1 2 1 2 1 1 2 2 2 0 2 2 2 1
672152 71 0 1 3 5 7 8 12 16 22 23 27 28 29 30 31 32 37 39 41 45 46 47 48 49 50 54 55 60 61 63 64 69 70 72 73 81 84 86 87 88 89 90 93 94 95 96 97 98 108 109 111 112 113 119 120 122 163 164 170 172 175 176 178 179 182 184 185 217 226 232 235 1 2 3 2 2 0 3 0 1 3 1 2 2 2 0 1 1 2 2 2 1 1 2 2 2 1 1 2 2 1 3 1 1 0 2 2 2 2 1 2 1 2 1 2 1 1 2 2 2 3 0 2 0 2 2 1 2 1 1 2 2 3 0 2 1 2 1 1 3 2 2 0 3 1 1 1 1 2 1 2 2 2 2 1 2 1 2 1 2 1
672172 61 0 1 3 10 11 14 18 19 20 23 27 28 29 30 32 37 38 39 41 54 55 57 63 64 66 72 73 75 81 82 87 88 90 91 97 108 109 111 114 115 118 120 123 124 165 167 168 169 174 176 178 179 185 187 188 222 228 231 232 237 241 1 2 3 2 2 0 3 0 1 2 1 3 2 2 0 2 1 1 3 2 0 2 1 2 0 2 2 2 1 2 2 3 0 1 1 2 1 2 2 3 2 0 1 1 2 3 1 1 1 3 1 1 1 2 1 2 2 1 1 2 3 2 0 2 1 2 1 1 2 2 2 1 3 1 1 1 2 2 1 2 1 2 2 1 2 0 3 1 2 1
672180 49 0 1 2 6 8 19 28 29 31 32 41 46 47 49 57 58 60 61 66 69 76 79 81 82 87 88 89 96 98 109 112 113 122 162 163 164 168 170 177 179 181 182 187 188 222 228 231 238 241 1 2 3 2 2 0 3 0 1 3 1 2 2 2 0 1 1 2 3 1 1 1 2 2 1 2 1 3 1 1 1 3 1 1 1 2 2 2 1 2 2 1 1 1 2 3 0 2 2 3 0 0 2 2 2 1 2 0 2 2 3 2 0 2 1 2 0 2 2 3 1 1 3 1 1 2 0 3 0 3 1 2 2 2 2 1 1 2 1 1
672182 89 0 1 3 5 7 8 10 14 22 25 27 28 29 30 31 32 37 38 39 41 45 46 48 49 50 54 55 57 58 60 61 63 66 70 72 73 75 76 78 79 81 82 86 87 88 89 90 91 92 94 95 97 98 108 109 111 112 113 118 119 120 121 122 162 163 164 165 168 170 173 174 175 176 178 179 180 181 184 185 187 188 216 222 228 231 234 237 238 241 1 2 3 2 2 0 3 0 1 3 1 2 2 2 0 1 1 2 2 2 1 2 1 2 1 2 1 2 2 1 2 2 1 1 1 2 2 2 1 2 2 1 1 1 2 2 1 2 2 3 0 1 1 2 1 2 2 1 1 2 3 2 0 2 1 2 1 1 2 2 2 1 3 1 1 1 1 3 1 2 1 2 2 1 2 1 2 1 2 1
672183 68 0 1 6 7 9 10 12 24 25 27 28 33 34 37 39 42 43 45 46 48 52 54 55 60 61 63 66 69 70 72 73 75 78 79 81 82 87 88 90 91 92 95 96 97 108 109 114 115 118 119 120 122 123 124 163 164 169 173 176 178 181 185 187 223 230 236 239 241 1 2 3 2 2 0 3 0 1 3 1 2 2 2 0 1 1 2 2 2 1 2 2 1 1 1 2 3 2 0 2 2 1 0 1 3 2 2 1 2 2 1 1 1 2 2 1 2 2 2 1 1 2 1 2 2 1 1 1 2 2 2 1 2 0 3 1 2 1 2 2 1 2 1 2 2 1 2 1 2 1 2 2 1 1 0 3 2 3 0
672185 68 0 1 2 6 8 9 11 18 19 24 27 29 30 31 32 33 34 38 39 41 42 45 46 48 49 52 54 55 58 59 60 61 62 63 65 66 68 69 71 72 73 75 76 78 79 81 82 87 88 90 96 108 111 112 114 115 120 123 169 170 179 187 223 224 230 233 238 241 1 2 3 2 2 0 3 0 1 3 1 2 2 2 0 1 1 2 3 1 1 2 2 1 0 2 2 3 1 1 2 3 0 0 1 3 2 2 1 2 2 1 1 1 2 3 0 2 1 3 1 1 2 1 2 1 2 1 2 1 2 2 1 1 1 3 1 2 1 3 1 1 2 1 2 2 0 3 1 3 0 2 1 2 1 1 2 2 2 1
672356 81 0 1 3 5 8 9 10 11 12 13 17 19 22 23 27 30 32 33 35 38 39 42 44 45 47 48 50 63 64 67 69 72 73 75 76 82 84 86 87 89 90 91 93 94 95 96 98 110 111 113 114 116 119 120 122 123 125 145 148 150 162 163 164 165 168 170 180 181 183 184 185 191 192 195 197 209 210 212 234 235 238 2 2 2 2 1 1 2 1 1 2 2 2 2 2 0 2 0 2 2 2 1 1 2 2 2 1 1 2 2 1 2 2 1 1 1 2 2 2 1 3 1 1 0 2 2 2 2 1 2 2 1 1 1 2 2 1 2 2 0 3 1 3 0 1 1 3 2 1 2 2 2 0 2 2 1 1 1 2 2 2 1 1 3 1 2 2 1 2 0 2
672358 81 0 1 2 3 5 9 11 12 13 19 22 23 27 28 29 30 31 32 37 38 39 40 45 46 47 48 49 50 63 64 65 67 72 73 74 75 76 77 82 84 87 88 90 93 94 96 97 109 111 112 114 115 118 120 121 123 124 145 148 150 151 162 164 165 167 168 170 180 183 185 191 192 194 195 197 209 210 212 234 236 239 2 2 2 2 1 1 2 1 1 2 2 2 2 2 0 2 0 2 3 2 0 1 2 2 1 1 2 2 2 1 2 3 0 1 0 3 2 2 1 3 1 1 0 2 2 1 2 2 2 2 1 2 1 1 2 1 2 2 1 2 1 2 1 2 1 2 1 1 3 2 2 0 2 1 2 1 2 1 2 2 1 1 2 2 2 1 2 2 1 1
672362 76 1 3 10 16 19 22 28 30 31 33 34 46 48 49 55 57 58 60 61 64 69 70 75 76 82 83 84 86 87 89 91 92 96 97 98 103 104 109 110 111 112 113 114 115 116 127 128 129 130 131 139 142 145 150 151 154 156 157 164 165 173 177 179 182 183 185 191 192 195 197 209 210 212 222 231 237 2 2 2 2 1 1 2 1 1 3 2 1 2 1 1 1 1 2 2 2 1 1 2 2 2 1 1 2 3 0 1 2 2 2 0 2 1 3 1 3 0 2 1 2 1 2 2 1 2 2 1 1 1 2 1 1 3 2 1 2 2 2 0 2 1 2 2 0 3 1 3 0 2 1 2 2 1 2 1 2 1 0 3 2 3 1 1 2 1 1
672368 91 0 3 9 12 27 28 30 31 33 34 37 39 40 42 43 45 46 48 49 55 57 58 60 61 67 69 70 72 73 75 76 83 84 86 87 89 90 92 93 95 96 98 109 110 111 112 113 114 115 116 119 120 122 123 125 139 142 145 148 150 151 162 164 165 173 176 177 179 180 182 183 185 190 191 192 193 195 197 202 203 206 209 210 212 217 222 226 232 234 235 238 2 2 2 2 1 1 2 1 1 3 1 2 2 2 0 1 1 2 2 2 1 1 2 2 2 1 1 2 3 0 2 1 2 1 1 2 1 3 1 3 1 1 1 1 2 2 2 1 2 2 1 1 1 2 2 0 3 2 1 2 1 3 0 2 1 2 1 1 3 2 2 0 2 1 2 1 2 1 2 1 2 1 2 2 2 2 1 2 1 1
672385 44 0 1 18 19 27 28 30 39 45 46 48 66 72 73 75 82 83 88 97 109 110 113 115 124 151 162 164 168 177 180 182 186 191 192 194 195 209 210 212 228 231 234 237 240 2 2 2 2 1 1 2 1 1 2 1 3 2 2 0 2 1 1 3 2 0 1 2 2 1 1 2 3 2 0 0 3 2 2 0 2 2 2 1 3 1 1 0 2 2 3 0 2 1 3 1 1 2 1 2 1 2 1 1 3 2 2 0 2 1 2 0 2 2 3 1 1 2 1 2 2 3 0 1 1 2 1 3 2 2 0 2 3 1 0
672388 89 0 1 2 3 5 10 11 13 18 20 22 23 27 28 29 30 31 32 37 38 39 40 45 46 47 48 49 50 63 64 66 67 72 73 75 76 82 83 86 87 88 89 90 91 92 94 95 97 98 109 110 111 112 113 114 115 116 118 119 123 124 125 145 147 148 150 151 165 167 168 170 174 176 179 185 186 188 192 194 195 197 203 206 210 212 228 231 237 240 2 2 2 2 1 1 2 1 1 2 1 3 2 2 0 2 1 1 3 2 0 2 1 2 0 2 2 2 2 1 1 3 1 2 0 2 2 2 1 3 1 1 0 2 2 2 1 2 2 2 1 1 2 1 1 1 3 2 1 2 2 2 0 2 1 2 1 1 2 2 2 1 2 1 2 1 3 1 2 1 1 1 2 2 2 1 2 2 1 1
672389 71 0 2 6 8 9 11 12 18 20 23 24 26 27 28 29 37 38 39 40 45 46 47 48 49 50 63 64 66 67 69 72 73 75 76 78 83 87 89 90 92 95 96 98 109 110 118 119 120 121 122 145 147 148 150 168 170 174 176 177 179 185 186 188 202 203 210 212 229 231 238 240 2 2 2 2 1 1 2 1 1 2 1 3 2 2 0 2 1 1 3 1 1 2 2 1 0 2 2 3 1 1 1 3 1 1 1 2 2 2 1 3 1 1 0 2 2 2 1 2 2 3 0 1 1 2 2 0 3 2 1 2 1 3 0 2 0 3 1 2 1 2 2 1 1 2 2 2 2 1 2 1 1 1 2 2 1 2 1 3 0 2
672396 63 0 3 6 12 18 24 27 28 30 31 33 39 40 42 45 46 48 49 51 55 57 58 60 66 67 69 72 73 78 83 89 98 109 110 112 116 121 125 139 148 162 164 165 174 177 179 180 182 186 188 191 192 195 197 206 209 210 222 228 231 234 237 240 2 2 2 2 1 1 2 1 1 3 1 2 2 2 0 1 1 2 3 1 1 1 2 2 1 2 1 3 2 0 0 3 2 2 0 2 1 2 2 3 1 1 1 2 1 3 1 1 1 3 1 1 1 2 2 0 3 1 2 2 2 2 0 2 1 2 0 2 2 3 1 1 2 1 2 2 1 2 1 2 1 1 2 3 2 2 0 3 0 1
672398 92 0 1 3 10 13 18 19 22 25 27 28 30 31 33 34 37 39 40 43 45 46 48 49 51 57 58 60 61 66 67 70 75 76 78 79 82 83 86 87 89 90 91 92 94 95 97 98 109 110 111 112 113 114 115 116 118 119 123 124 125 139 142 147 148 150 151 162 164 165 173 174 176 179 180 182 185 186 188 191 192 195 197 203 206 209 210 212 222 228 231 237 240 2 2 2 2 1 1 2 1 1 3 1 2 2 2 0 1 1 2 2 2 1 2 1 2 1 2 1 2 3 0 1 2 2 2 0 2 1 2 2 3 1 1 1 2 1 3 1 1 2 2 1 0 2 2 1 1 3 2 1 2 2 2 0 2 1 2 1 1 2 2 2 1 2 1 2 1 2 2 2 1 1 1 2 2 2 2 1 2 1 1
672572 83 0 1 3 5 7 8 9 10 11 12 13 17 19 22 23 30 31 33 37 39 40 42 44 45 46 48 49 50 54 60 61 62 63 64 65 69 70 71 72 73 74 81 84 86 87 88 89 90 91 93 94 95 96 98 108 111 112 113 114 115 116 119 120 122 123 125 163 164 170 181 184 185 190 193 196 197 208 209 211 212 223 235 236 2 1 3 2 2 0 2 1 1 2 2 2 2 2 0 2 0 2 2 2 1 1 2 2 2 1 1 2 2 1 3 1 1 0 2 2 2 2 1 2 1 2 1 2 1 2 2 1 1 3 1 2 0 2 2 1 2 1 1 2 2 2 1 1 1 3 2 1 2 2 2 0 3 1 1 1 1 2 1 3 1 2 2 1 2 2 1 1 1 2
672574 59 0 2 3 5 9 11 12 13 19 22 23 27 30 37 38 39 40 45 46 47 48 49 50 54 56 63 64 65 72 73 74 81 84 87 90 93 94 96 97 108 111 118 120 121 164 167 170 184 185 191 194 208 209 211 212 218 224 235 236 2 1 3 2 2 0 2 1 1 2 2 2 2 2 0 2 0 2 3 2 0 1 2 2 1 1 2 2 2 1 3 2 0 0 1 3 2 2 1 2 1 2 1 2 1 1 2 2 2 3 0 2 0 2 2 1 2 1 2 1 2 1 2 2 1 2 1 1 3 2 2 0 3 0 2 1 2 1 1 3 1 2 1 2 2 1 2 1 2 1
672584 55 0 3 9 12 27 30 33 45 46 48 49 54 60 63 64 69 70 72 73 81 83 84 86 87 89 90 92 93 95 96 98 108 110 111 113 114 116 164 173 176 179 182 185 191 197 208 209 211 212 226 227 232 233 235 236 2 1 3 2 2 0 2 1 1 3 1 2 2 2 0 1 1 2 2 2 1 1 2 2 2 1 1 2 3 0 3 0 2 0 2 2 1 3 1 3 0 2 1 2 1 2 2 1 1 3 1 2 0 2 2 0 3 1 2 1 2 2 1 2 1 2 1 1 3 2 2 0 3 0 2 1 2 1 1 2 2 2 1 2 2 2 1 1 2 1
672600 48 0 2 6 8 12 20 28 40 44 46 47 49 60 66 67 69 76 81 83 87 89 96 98 110 116 121 125 162 164 168 170 174 177 179 182 190 191 197 202 206 208 209 211 222 228 229 231 238 2 1 3 2 2 0 2 1 1 2 1 3 2 2 0 2 1 1 3 1 1 1 2 2 1 2 1 3 1 1 1 2 2 1 2 1 2 2 1 2 2 1 1 1 2 3 1 1 2 2 1 0 2 2 2 0 3 0 2 2 3 2 0 2 0 3 0 2 2 3 2 0 3 1 1 2 2 1 0 2 2 2 2 2 2 2 0 2 0 2
672602 106 0 1 3 5 7 8 10 11 13 18 19 20 22 23 30 31 33 37 39 40 44 45 46 48 49 50 54 57 58 60 61 63 64 66 67 70 72 73 75 76 81 83 86 87 88 89 90 91 92 94 95 97 98 108 111 112 113 114 115 116 118 119 120 121 122 123 124 125 162 163 164 165 168 170 172 174 175 176 179 180 182 185 190 192 193 196 197 202 203 205 206 208 209 211 212 216 222 223 228 229 231 232 234 235 237 238 2 1 3 2 2 0 2 1 1 2 1 3 2 2 0 2 1 1 2 2 1 2 1 2 1 2 1 2 2 1 2 1 2 1 2 1 2 2 1 2 2 1 1 1 2 3 1 1 1 3 1 1 1 2 1 1 3 1 1 2 3 2 0 1 1 3 1 1 2 3 2 0 3 1 1 1 3 1 1 1 2 2 2 1 2 2 1 1 1 2
672603 83 0 1 6 7 9 10 18 19 24 25 30 31 33 37 39 40 42 45 46 48 49 54 58 60 61 63 64 66 67 69 70 72 73 75 76 78 79 81 83 87 88 89 90 91 96 97 108 111 112 113 114 115 116 118 120 121 123 124 163 164 169 170 172 178 182 188 190 193 194 196 197 202 205 208 209 212 223 224 229 232 235 239 241 2 1 3 2 2 0 2 1 1 2 1 3 2 2 0 2 1 1 2 2 1 2 2 1 1 1 2 3 2 0 2 1 2 0 2 2 2 2 1 2 2 1 1 1 2 3 0 2 1 3 1 1 2 1 2 1 2 1 1 2 2 2 1 1 1 3 1 2 1 3 1 1 2 1 2 2 3 0 1 1 2 2 2 1 1 1 2 2 2 1
672605 88 0 2 6 8 9 11 12 18 20 23 24 26 27 28 33 37 38 39 40 42 44 45 46 47 48 49 53 54 56 60 61 62 63 64 66 67 69 71 72 73 74 75 76 77 78 79 81 83 87 89 90 92 95 96 98 108 110 114 115 116 118 119 120 121 122 123 124 125 170 176 179 185 188 196 197 202 203 205 206 211 212 223 224 229 232 238 239 241 2 1 3 2 2 0 2 1 1 2 1 3 2 2 0 2 1 1 3 1 1 2 2 1 0 2 2 3 1 1 2 2 1 0 2 2 2 2 1 2 2 1 1 1 2 2 1 2 2 2 1 1 2 1 2 0 3 1 2 1 2 2 1 2 0 3 1 2 1 2 2 1 2 1 2 2 2 1 1 2 1 2 1 2 1 2 1 2 1 2
672614 85 0 3 10 13 18 19 22 25 27 30 33 37 39 40 43 54 57 60 63 66 67 70 72 73 75 76 78 79 81 83 86 87 89 90 91 92 94 95 97 98 108 110 111 113 114 116 118 119 120 121 122 123 124 125 162 164 165 173 174 175 176 179 180 181 182 184 185 188 191 192 197 202 203 205 206 216 222 228 231 233 234 236 237 238 241 2 1 3 2 2 0 2 1 1 3 1 2 2 2 0 1 1 2 2 2 1 2 1 2 1 2 1 2 3 0 2 1 2 1 1 2 1 2 2 3 2 0 1 1 2 3 1 1 1 3 1 1 1 2 1 1 3 1 2 1 3 1 1 2 1 2 1 1 2 2 2 1 3 0 2 1 2 2 1 2 1 2 1 2 2 2 1 1 2 1
673650 38 0 2 6 8 11 17 21 33 35 40 44 48 49 51 53 55 64 65 67 71 76 81 89 98 116 121 125 162 164 168 170 183 186 188 217 218 224 238 2 2 2 2 2 0 2 0 2 2 2 2 2 2 0 2 0 2 3 1 1 1 3 1 1 1 2 3 1 1 1 3 1 1 1 2 2 2 1 2 2 1 1 1 2 2 2 1 0 2 2 3 1 1 3 0 2 2 1 2 0 3 1 3 0 2 2 1 2 0 3 1 2 2 1 0 2 2 3 1 1 2 2 2 2 2 0 2 0 2
673652 98 0 1 3 5 7 8 9 10 11 12 13 17 19 22 23 27 28 30 31 33 35 37 38 39 40 42 44 45 47 48 49 50 53 57 58 61 63 64 67 69 70 71 72 73 75 76 77 79 81 82 84 86 88 89 90 91 93 94 95 96 98 108 109 110 111 112 115 116 118 119 120 121 122 123 124 125 162 163 164 165 168 170 180 183 184 185 188 216 217 220 223 224 234 236 238 239 240 241 2 2 2 2 2 0 2 0 2 2 2 2 2 2 0 2 0 2 2 2 1 2 2 1 1 1 2 2 2 1 2 2 1 1 1 2 2 2 1 2 2 1 1 1 2 2 2 1 1 1 2 2 2 1 2 1 2 2 1 2 1 2 1 2 1 2 2 1 2 1 2 1 2 2 1 1 1 2 2 2 1 2 2 1 2 2 1 1 1 2
673656 65 0 3 6 9 12 15 21 30 31 33 34 39 40 42 43 48 49 51 54 55 57 58 61 63 64 66 69 70 72 73 78 83 89 92 98 112 115 116 121 124 125 130 133 162 164 165 173 174 177 179 182 183 186 188 216 218 219 224 227 231 233 234 236 237 240 2 2 2 2 2 0 2 0 2 3 2 1 2 1 1 1 1 2 3 1 1 1 3 1 1 1 2 3 2 0 0 3 2 2 0 2 1 3 1 2 1 2 2 1 1 2 2 1 0 2 2 3 1 1 2 0 3 2 2 1 1 2 1 3 1 1 1 1 3 1 2 1 2 1 2 1 2 2 2 1 1 1 2 3 3 1 0 2 1 1
673658 80 0 1 3 9 10 16 22 27 28 30 31 33 34 37 42 43 48 49 52 54 55 57 58 61 63 64 69 70 75 76 79 82 83 84 86 89 91 92 96 97 98 103 104 106 108 109 110 111 112 115 116 118 119 123 124 125 129 130 131 132 133 162 164 165 173 177 179 183 185 188 216 218 219 224 227 231 233 237 239 240 2 2 2 2 2 0 2 0 2 3 2 1 2 1 1 1 1 2 2 2 1 2 2 1 1 1 2 2 3 0 1 2 2 2 0 2 1 3 1 2 1 2 2 1 1 2 2 1 1 1 2 2 2 1 1 1 3 2 2 1 2 1 1 3 1 1 2 0 3 0 3 1 2 1 2 2 1 2 1 2 1 1 2 2 3 1 1 1 2 1
673664 78 0 3 9 12 27 28 30 31 33 34 37 39 40 42 43 45 48 49 52 54 55 57 58 61 72 73 75 76 79 81 83 84 86 89 90 92 93 95 96 98 108 109 110 111 112 115 116 118 119 120 121 122 123 124 125 162 164 165 173 176 177 179 180 182 183 185 188 216 217 218 220 224 234 236 238 239 240 241 2 2 2 2 2 0 2 0 2 3 1 2 2 2 0 1 1 2 2 2 1 2 2 1 1 1 2 2 3 0 2 1 2 1 1 2 1 3 1 2 2 1 2 0 2 2 2 1 1 1 2 2 2 1 2 0 3 2 2 1 1 2 1 3 1 1 1 1 3 1 2 1 2 1 2 1 2 1 2 1 2 2 1 2 2 2 1 1 2 1
673694 70 0 1 3 10 13 18 19 22 25 27 28 30 31 33 34 37 39 40 43 45 48 49 51 52 54 55 57 58 61 63 66 67 70 81 82 83 86 89 90 91 92 94 95 97 98 108 109 110 111 112 115 116 118 119 123 124 125 165 174 176 179 185 186 188 219 224 228 230 231 233 2 2 2 2 2 0 2 0 2 3 1 2 2 2 0 1 1 2 2 2 1 3 1 1 0 2 2 2 3 0 1 2 2 2 0 2 1 2 2 2 1 2 2 2 0 3 1 1 1 1 2 1 3 1 1 1 3 2 2 1 2 1 1 3 1 1 1 1 2 1 2 2 2 1 2 1 2 2 2 1 1 2 1 2 2 2 1 1 2 1
674960 60 9 12 18 21 27 28 30 31 37 39 40 45 46 48 55 58 67 73 76 90 92 93 95 96 109 110 111 112 113 114 115 119 120 122 123 139 140 142 145 148 149 151 173 177 180 182 186 190 191 195 205 209 213 217 218 226 232 235 236 241 3 2 1 2 1 1 1 1 2 3 1 2 2 2 0 1 1 2 2 3 0 1 2 2 2 0 2 2 3 0 2 1 2 1 1 2 0 3 2 3 1 1 2 1 1 2 1 2 2 1 2 1 2 1 3 0 2 2 1 2 0 3 1 2 1 2 1 2 2 2 1 1 2 1 2 1 2 1 2 1 2 1 2 2 2 1 2 2 2 0
676997 45 9 11 12 15 17 18 20 21 27 30 45 47 48 50 54 57 60 63 65 68 69 71 90 92 93 94 95 108 111 112 135 139 144 146 148 149 180 182 183 184 185 216 220 222 223 2 2 2 1 2 1 3 0 1 2 2 2 2 2 0 2 0 2 1 2 2 3 2 0 1 1 2 3 0 2 1 3 1 1 2 1 0 3 2 2 0 2 3 2 0 3 1 2 2 2 0 1 1 2 2 2 1 2 2 1 1 1 2 3 1 2 1 1 2 2 2 0 3 2 0 1 2 2 1 1 2 2 0 3 1 2 1 2 2 1
677006 50 3 5 6 8 15 16 17 22 30 32 49 50 57 60 69 70 76 81 83 84 86 89 90 91 92 97 98 108 110 111 113 114 135 141 144 145 150 151 162 164 165 167 168 181 184 185 216 219 235 238 2 2 2 1 2 1 3 0 1 3 2 1 2 2 0 1 0 3 0 3 2 3 1 1 2 1 1 2 2 1 1 2 2 2 1 1 1 3 1 2 0 2 2 2 1 2 2 2 2 1 1 2 1 1 2 1 2 1 2 2 2 2 0 3 2 1 1 0 3 2 2 0 3 0 2 2 1 2 0 3 1 2 2 1 2 1 2 1 2 1
677009 82 0 1 2 3 6 7 8 9 11 12 13 15 16 17 18 19 27 28 29 30 31 32 45 47 48 54 57 58 59 60 61 62 63 67 68 69 70 71 72 73 76 81 82 84 90 91 92 93 94 95 108 109 110 111 112 113 135 137 139 140 144 145 146 148 149 162 164 165 167 168 169 180 181 182 183 184 221 222 234 236 238 239 2 2 2 1 2 1 3 0 1 3 2 1 2 2 0 1 0 3 1 2 2 3 2 0 1 1 2 3 1 1 1 3 1 1 1 2 1 3 1 2 0 2 2 2 1 3 1 2 2 2 0 1 1 2 2 2 1 2 1 2 1 2 1 2 2 2 1 1 2 3 1 0 3 1 1 1 1 3 1 2 1 2 1 2 1 1 2 2 2 1
677044 75 0 1 2 3 5 7 9 11 12 13 14 15 16 19 21 22 28 29 31 32 45 46 47 48 49 50 54 56 61 63 65 69 70 82 83 84 86 87 88 91 93 94 96 97 108 109 110 111 112 113 135 137 141 142 144 145 146 150 151 162 164 165 167 168 173 174 176 177 182 183 185 186 222 227 231 2 2 2 1 2 1 3 0 1 2 2 2 3 1 0 1 1 2 2 2 1 2 1 2 1 2 1 2 2 1 1 3 1 2 0 2 2 2 1 1 0 3 2 3 0 2 2 2 2 2 0 2 0 2 2 2 1 1 2 2 2 1 1 2 2 1 1 2 2 2 1 1 2 1 2 2 1 2 1 2 1 1 1 3 2 1 2 2 2 0
677094 84 0 1 2 3 6 7 8 9 11 12 15 17 18 19 24 27 28 29 30 31 32 33 38 39 41 42 44 45 48 54 55 56 57 58 63 65 66 68 72 73 76 81 82 84 86 87 88 89 95 98 111 112 113 114 115 119 120 122 123 125 135 136 137 139 144 146 149 162 163 164 165 168 169 180 181 183 184 186 187 216 217 234 235 238 2 2 2 1 2 1 3 0 1 3 2 1 2 2 0 1 0 3 2 2 1 1 2 2 2 1 1 2 1 2 1 3 1 2 1 1 2 2 1 1 1 2 2 2 1 2 1 3 1 2 1 3 1 0 2 2 1 2 1 2 1 2 1 2 1 2 1 2 2 2 1 1 3 2 1 1 0 3 2 2 0 2 2 2 2 1 1 2 1 1
677104 80 0 1 3 9 11 12 13 14 19 20 22 23 27 28 29 30 31 32 46 47 49 50 54 56 57 59 63 65 66 68 82 83 84 86 87 88 91 93 94 96 97 108 109 110 111 112 113 114 115 135 137 140 141 144 146 149 150 162 163 164 165 167 168 169 172 173 174 175 177 178 182 184 185 187 216 218 222 227 228 231 2 2 2 1 2 1 3 0 1 2 2 2 3 1 0 1 1 2 2 3 0 2 1 2 1 1 2 2 1 2 1 3 1 2 1 1 1 2 2 2 0 2 2 3 0 2 2 2 2 1 1 2 1 1 2 2 1 1 3 1 2 0 2 3 1 1 1 1 3 1 2 1 3 1 1 2 2 1 0 2 2 1 1 3 2 1 2 2 2 0
677105 78 0 6 9 11 12 15 17 20 21 24 26 27 29 45 47 48 50 54 56 60 62 63 65 66 68 69 71 82 83 87 88 89 91 93 94 96 97 108 109 110 135 136 137 141 142 144 145 146 148 149 150 151 162 163 164 168 169 172 173 174 175 177 178 179 182 183 184 185 186 187 188 218 223 227 229 231 232 233 2 2 2 1 2 1 3 0 1 2 2 2 3 1 0 1 1 2 2 2 1 2 2 1 1 1 2 3 0 2 1 3 1 1 2 1 1 2 2 2 0 2 2 3 0 2 1 3 2 2 0 2 1 1 2 2 1 2 2 1 1 1 2 3 0 2 1 2 2 1 2 1 2 2 1 2 2 1 1 1 2 1 1 3 1 2 1 3 1 1
677112 60 0 1 2 3 6 7 12 13 15 16 19 24 27 28 29 30 31 32 33 45 47 48 54 55 57 58 66 67 72 73 76 82 83 86 88 94 95 97 109 110 112 113 115 136 139 148 174 176 177 178 181 182 183 184 186 187 228 234 235 238 2 2 2 1 2 1 3 0 1 3 2 1 3 1 0 0 1 3 2 2 1 1 2 2 2 1 1 3 1 1 0 3 2 2 1 1 2 2 1 2 0 2 1 3 1 2 1 3 1 2 1 3 1 0 1 2 2 2 1 2 2 2 0 3 1 1 0 2 3 2 1 1 3 1 1 1 1 3 1 2 1 1 2 3 2 1 1 3 1 0
677114 63 0 1 3 5 6 7 9 12 14 15 22 25 27 28 29 30 31 32 34 46 49 50 54 55 57 58 63 66 73 76 82 83 84 86 87 88 92 93 95 96 108 109 110 111 112 113 114 115 135 136 139 144 173 174 176 177 181 184 185 187 228 235 238 2 2 2 1 2 1 3 0 1 3 2 1 3 1 0 0 1 3 1 3 1 2 1 2 2 1 1 2 2 1 1 2 2 2 1 1 2 2 1 2 0 2 1 3 1 1 2 3 2 1 1 3 1 0 2 1 2 1 2 2 2 2 0 3 1 1 1 1 3 1 2 1 3 1 1 2 0 3 0 3 1 1 2 2 2 1 2 2 2 0
677117 93 0 1 2 3 6 7 9 11 12 13 15 16 19 24 27 28 29 30 31 32 45 47 48 54 56 58 59 60 61 63 65 66 67 68 69 70 72 73 74 76 78 82 83 84 86 87 88 91 93 94 96 97 108 109 110 111 112 113 135 137 139 140 141 142 144 145 146 148 149 150 151 172 173 174 176 177 178 181 182 183 184 186 187 227 230 231 232 234 236 238 239 240 241 2 2 2 1 2 1 3 0 1 3 2 1 3 1 0 0 1 3 2 2 1 2 2 1 1 1 2 3 1 1 1 3 1 1 1 2 2 2 1 2 0 2 1 3 1 2 1 3 2 2 0 2 1 1 2 2 1 2 1 2 1 2 1 2 1 2 1 2 2 2 1 1 2 1 2 2 1 2 1 2 1 1 1 3 1 1 2 3 2 0
677428 77 0 1 2 3 5 6 7 9 10 15 16 17 20 22 23 27 28 29 30 31 32 46 47 49 50 54 57 58 63 69 70 74 76 77 81 82 84 88 90 91 92 97 98 108 109 110 111 112 113 114 116 135 136 137 139 140 141 142 144 145 146 150 151 162 164 165 167 168 170 185 216 218 219 221 222 236 239 3 2 1 1 2 1 2 0 2 2 2 2 2 2 0 2 0 2 1 3 1 3 1 1 1 1 2 2 2 1 1 3 1 2 0 2 1 3 1 2 0 2 2 2 1 2 2 2 2 1 1 2 1 1 2 1 2 1 2 2 2 1 1 3 2 1 1 0 3 2 2 0 3 1 1 2 2 1 0 2 2 2 1 2 2 1 2 1 2 1
677429 74 0 1 2 3 6 7 8 9 10 12 13 14 15 16 17 18 20 21 22 23 27 28 29 30 31 45 47 48 50 54 60 61 63 69 70 71 72 74 81 82 84 90 91 92 93 94 95 108 109 110 111 112 113 135 136 137 144 145 146 162 164 165 167 168 170 183 185 216 217 218 222 224 234 236 3 2 1 1 2 1 2 0 2 2 2 2 2 2 0 2 0 2 1 2 2 3 2 0 1 1 2 3 1 1 1 3 1 1 1 2 1 3 1 2 0 2 2 2 1 2 2 2 2 2 0 2 0 2 2 1 2 2 1 2 1 2 1 3 1 2 1 1 2 2 2 0 3 1 1 1 3 1 1 1 2 2 1 2 1 2 1 2 1 2
677462 64 0 3 5 8 9 12 14 15 17 20 21 23 24 26 28 31 32 45 46 47 48 49 50 61 63 64 69 70 83 84 86 87 89 92 93 95 96 98 108 109 110 111 112 113 135 136 141 142 144 145 150 151 162 164 165 167 173 174 176 182 183 216 217 226 3 2 1 1 2 1 2 0 2 1 2 3 3 1 0 2 1 1 1 2 2 2 1 2 2 2 0 2 2 1 1 2 2 2 1 1 2 2 1 1 0 3 2 3 0 2 2 2 2 2 0 2 0 2 2 0 3 1 2 2 2 2 0 2 2 1 1 2 2 2 1 1 2 1 2 2 2 1 1 2 1 1 3 1 2 1 2 2 1 1
677464 61 0 1 2 3 5 9 10 12 15 16 20 21 23 24 25 28 29 32 45 46 47 48 50 54 55 63 64 69 70 82 83 84 86 91 93 96 97 108 109 110 111 113 135 136 137 144 145 150 151 162 164 165 167 174 177 183 185 186 216 218 231 3 2 1 1 2 1 2 0 2 1 2 3 3 1 0 2 1 1 2 2 1 2 1 2 1 2 1 2 2 1 1 3 1 2 0 2 2 2 1 1 0 3 2 3 0 1 2 3 2 2 0 3 0 1 2 1 2 1 2 2 2 1 1 3 2 0 1 2 2 1 1 2 2 1 2 2 3 0 1 1 2 1 2 2 2 0 3 2 2 0
677534 78 0 3 5 6 8 9 12 14 15 17 20 23 27 28 30 31 32 35 46 47 49 50 57 58 60 63 64 66 67 69 73 76 83 84 86 87 89 92 93 95 96 98 108 109 110 111 112 113 114 116 135 136 139 141 144 145 148 150 162 164 165 168 170 173 174 177 179 182 185 216 217 222 226 228 229 231 235 238 3 2 1 1 2 1 2 0 2 2 2 2 3 1 0 1 1 2 1 3 1 2 1 2 2 1 1 2 2 1 1 2 2 2 1 1 2 2 1 2 0 2 1 3 1 2 2 2 2 1 1 2 1 1 2 0 3 1 2 2 2 2 0 2 1 2 1 1 3 2 2 0 3 1 1 2 2 1 0 2 2 1 3 1 2 2 1 2 0 2
677535 78 0 3 6 9 12 15 21 24 27 28 30 31 45 46 48 49 58 60 63 64 66 67 69 72 73 76 78 83 84 86 87 89 92 93 95 96 98 108 109 110 111 112 113 135 136 139 140 141 142 144 145 146 148 149 150 151 162 164 168 170 173 177 179 182 186 188 217 224 226 227 231 232 233 234 235 236 240 241 3 2 1 1 2 1 2 0 2 2 2 2 3 1 0 1 1 2 1 3 1 2 2 1 2 0 2 3 2 0 1 2 2 1 1 2 2 2 1 2 0 2 1 3 1 2 1 3 2 2 0 2 1 1 2 0 3 2 2 1 1 2 1 2 1 2 1 2 2 2 1 1 2 1 2 2 2 1 1 2 1 1 3 1 1 1 2 3 1 1
677536 66 0 2 3 5 9 10 12 13 20 22 23 27 29 30 32 46 47 49 50 54 57 63 64 66 67 73 74 76 77 83 84 86 87 89 91 93 94 96 97 108 110 111 113 114 116 135 137 140 144 145 148 162 164 165 167 168 170 174 177 185 188 216 218 228 236 239 3 2 1 1 2 1 2 0 2 2 2 2 3 1 0 1 1 2 2 3 0 2 1 2 1 1 2 2 2 1 1 3 1 2 0 2 2 2 1 2 0 2 1 3 1 1 2 3 2 1 1 3 1 0 2 1 2 1 2 2 2 1 1 3 1 1 1 1 3 1 2 1 3 0 2 2 3 0 0 2 2 1 2 2 2 1 2 2 1 1
677537 70 0 1 2 6 8 9 10 12 13 15 20 21 22 23 24 26 27 28 29 45 47 48 50 54 55 60 63 64 69 72 73 74 78 82 83 87 89 91 93 94 96 108 109 110 135 136 137 141 144 145 150 162 164 168 170 174 175 177 183 185 186 188 217 218 224 226 231 234 236 240 3 2 1 1 2 1 2 0 2 2 2 2 3 1 0 1 1 2 2 2 1 2 2 1 1 1 2 3 1 1 1 3 1 1 1 2 2 2 1 2 0 2 1 3 1 1 2 3 2 2 0 3 0 1 2 1 2 2 1 2 1 2 1 3 0 2 1 2 2 1 2 1 2 1 2 2 3 0 1 1 2 1 2 2 1 2 1 3 0 2
677693 58 0 3 6 9 10 12 13 15 16 19 24 25 27 30 37 39 40 45 46 54 60 63 64 69 70 83 84 86 87 89 91 93 94 96 97 108 110 111 113 118 119 120 121 122 167 170 173 175 176 179 182 187 188 218 224 226 227 233 3 1 2 1 3 0 2 0 2 2 2 2 3 1 0 1 1 2 2 1 2 2 2 1 1 2 1 3 2 0 2 2 1 0 1 3 1 2 2 1 1 2 3 2 0 1 2 3 2 2 0 3 0 1 2 1 2 1 1 2 2 2 1 2 2 1 1 3 1 2 0 2 2 0 3 2 2 1 1 2 1 1 2 2 2 1 1 2 1 2
677748 65 0 1 2 6 8 12 13 15 17 20 21 27 28 39 40 42 44 45 47 48 54 55 56 60 62 66 67 69 71 72 74 75 82 83 87 89 94 98 108 109 110 116 120 121 123 125 162 163 164 170 174 175 177 179 182 183 216 217 228 229 231 233 234 236 237 3 1 2 1 3 0 2 0 2 2 2 2 3 1 0 1 1 2 2 2 1 1 2 2 2 1 1 3 1 1 1 2 2 1 2 1 2 2 1 1 1 2 2 2 1 2 2 2 2 1 1 2 1 1 1 1 3 1 2 1 3 1 1 3 0 2 0 2 3 2 2 0 2 2 1 1 3 1 2 0 2 1 3 2 3 1 0 2 0 2
677750 75 0 3 5 6 8 9 12 14 15 17 20 21 23 31 34 37 40 43 44 46 49 50 54 55 60 62 63 64 69 71 72 73 74 83 84 86 87 89 92 93 95 96 98 109 112 113 115 116 118 119 121 124 125 162 164 165 170 173 174 177 179 182 183 185 216 217 223 226 227 231 232 233 234 235 236 3 1 2 1 3 0 2 0 2 2 2 2 3 1 0 1 1 2 1 3 1 2 1 2 2 1 1 2 2 1 2 1 2 1 2 1 2 2 1 1 1 2 2 2 1 2 2 2 1 2 1 3 0 1 2 0 3 0 3 1 3 1 1 2 1 2 1 1 3 2 2 0 2 2 1 2 2 1 1 1 2 1 3 1 3 1 1 1 1 2
677753 70 0 1 2 6 7 8 9 10 12 13 15 16 20 21 23 24 26 27 28 37 39 40 42 45 47 48 54 55 56 63 64 66 67 72 74 75 77 82 83 87 88 89 91 93 94 96 97 108 109 110 115 116 118 120 121 123 124 164 169 170 175 178 185 188 217 218 226 229 236 239 3 1 2 1 3 0 2 0 2 2 2 2 3 1 0 1 1 2 2 2 1 2 2 1 1 1 2 3 1 1 2 2 1 0 2 2 2 2 1 1 1 2 2 2 1 1 2 3 2 1 1 3 1 0 2 1 2 1 2 1 2 1 2 3 0 2 1 2 2 1 2 1 1 2 2 2 3 0 2 0 2 1 2 2 2 1 1 2 1 2
677760 67 0 1 3 6 12 15 16 19 21 24 27 28 30 39 42 45 54 55 57 60 61 66 69 70 72 73 75 78 82 83 84 86 87 89 95 97 98 108 109 110 111 113 115 116 120 122 123 124 125 174 176 177 179 181 182 183 185 186 188 228 231 232 234 235 237 240 241 3 1 2 1 3 0 2 0 2 3 2 1 3 1 0 0 1 3 2 2 1 1 2 2 2 1 1 3 2 0 1 2 2 1 1 2 1 2 2 2 1 1 2 2 1 2 2 2 2 1 1 2 1 1 1 1 3 1 1 2 3 2 0 3 1 1 0 2 3 2 1 1 2 1 2 1 2 2 2 1 1 1 3 2 3 0 1 2 1 1
680021 60 0 2 3 6 8 9 11 15 17 27 28 29 30 31 33 35 45 46 47 48 49 54 60 61 63 65 69 70 71 74 75 76 81 83 84 90 92 108 109 111 112 136 137 138 139 145 146 162 164 165 168 170 216 217 218 220 222 224 236 238 2 3 1 2 1 1 2 0 2 2 2 2 2 2 0 2 0 2 2 1 2 2 3 0 1 1 2 3 1 1 1 3 1 1 1 2 2 3 0 1 0 3 2 2 1 2 2 1 2 2 1 1 1 2 2 0 3 2 2 1 1 2 1 3 1 2 2 0 2 1 3 0 3 1 1 1 3 1 1 1 2 1 1 3 2 2 0 2 1 2
680249 54 0 3 6 9 15 18 21 27 28 30 31 34 37 42 43 45 46 54 55 57 58 60 61 63 64 69 70 72 75 76 81 83 84 86 90 92 108 109 111 112 118 119 167 170 182 185 218 220 221 223 224 236 238 239 2 2 2 2 2 0 2 0 2 3 2 1 2 2 0 1 0 3 2 1 2 2 3 0 1 1 2 3 2 0 2 2 1 0 1 3 1 3 1 1 1 2 3 1 1 2 2 1 2 1 2 1 2 1 2 0 3 1 2 1 2 2 1 2 2 2 2 0 2 2 2 0 2 1 2 1 2 2 2 1 1 2 1 2 2 1 1 1 2 2
680271 63 0 1 3 9 10 12 15 16 19 21 24 25 30 34 45 46 48 51 52 54 55 57 60 61 63 64 66 69 70 82 83 84 86 87 88 91 92 93 95 96 97 108 109 111 113 115 163 164 167 169 172 173 176 178 182 217 218 221 223 226 227 230 232 2 2 2 2 2 0 2 0 2 1 2 3 3 1 0 2 1 1 2 1 2 1 3 1 2 1 1 3 2 0 2 1 2 0 2 2 1 3 1 1 0 3 3 2 0 2 1 2 1 3 1 2 1 1 2 1 2 1 2 1 2 1 2 2 2 1 2 2 1 1 1 2 2 2 1 2 2 1 1 1 2 1 2 2 2 0 2 2 3 0
680342 70 0 1 3 7 8 9 10 11 16 17 30 31 34 45 46 48 49 54 55 57 58 60 62 63 64 65 69 71 72 74 75 76 82 83 84 87 88 89 91 92 96 97 98 108 109 111 112 115 116 162 163 164 165 170 172 173 177 179 216 217 223 226 227 231 232 233 234 236 237 238 2 2 2 2 2 0 2 0 2 2 2 2 3 1 0 1 1 2 2 2 1 1 2 2 2 1 1 2 2 1 2 1 2 1 2 1 2 3 0 1 0 3 2 2 1 2 2 1 1 2 2 2 1 1 1 1 3 1 2 1 3 1 1 2 1 2 2 0 3 1 3 0 2 2 1 2 2 1 1 1 2 1 2 2 3 2 0 1 1 2
680343 65 0 1 3 6 7 9 10 12 13 15 16 30 31 34 45 46 48 49 51 52 54 55 58 63 64 66 67 72 75 76 82 83 84 86 87 88 89 91 92 93 94 95 96 97 98 108 109 111 112 113 115 116 163 164 169 170 172 173 178 179 217 218 226 227 236 2 2 2 2 2 0 2 0 2 2 2 2 3 1 0 1 1 2 2 2 1 1 3 1 2 0 2 3 2 0 2 1 2 0 2 2 2 3 0 1 0 3 2 2 1 2 1 2 1 2 2 2 2 0 2 1 2 1 2 1 2 1 2 2 1 2 2 1 2 1 2 1 1 2 2 2 2 1 2 1 1 1 2 2 2 1 1 2 2 1
680354 62 0 1 3 9 10 16 22 27 28 30 31 34 48 49 52 54 55 57 58 60 61 63 64 69 70 75 76 79 82 83 84 86 87 89 91 92 96 97 98 108 109 110 111 112 113 115 116 172 173 177 179 183 184 185 188 226 231 232 237 238 240 241 2 2 2 2 2 0 2 0 2 3 2 1 3 1 0 0 1 3 2 2 1 1 2 2 2 1 1 2 3 0 2 1 2 1 1 2 1 3 1 2 0 2 2 2 1 2 2 1 1 2 2 2 1 1 1 1 3 1 1 2 3 2 0 3 1 1 2 0 3 0 3 1 2 1 2 2 1 2 1 2 1 1 2 2 3 1 1 1 2 1
682860 57 0 1 2 6 9 10 11 12 13 14 15 16 28 46 47 49 52 54 56 63 65 66 68 69 72 74 75 77 78 87 88 93 94 95 96 97 115 162 163 164 168 172 173 174 175 177 216 218 222 227 228 230 231 234 236 237 240 3 2 1 2 2 0 1 0 3 1 2 3 3 1 0 2 1 1 3 1 1 0 3 2 2 1 1 3 1 1 1 2 2 1 2 1 2 3 0 1 0 3 2 2 1 2 1 2 2 1 2 1 2 1 2 1 2 0 3 1 3 0 2 3 0 2 1 3 1 1 2 1 2 1 2 1 3 1 2 1 1 1 2 3 2 1 1 3 1 0
682862 81 0 1 3 5 7 9 10 11 12 13 14 15 16 31 34 45 46 48 49 50 51 52 55 59 63 64 65 66 68 70 72 74 75 77 79 82 83 84 86 87 88 91 92 93 94 95 96 97 108 109 112 113 114 115 162 163 164 168 172 173 174 175 177 216 217 218 220 221 223 226 227 228 229 230 231 232 234 236 237 238 240 3 2 1 2 2 0 1 0 3 1 2 3 3 1 0 2 1 1 2 2 1 1 2 2 2 1 1 2 2 1 2 1 2 1 2 1 2 3 0 1 0 3 2 2 1 2 1 2 1 2 2 2 1 1 2 1 2 1 2 1 2 1 2 2 1 2 2 2 1 1 2 1 1 2 2 2 2 1 2 1 1 1 2 2 2 1 2 2 2 0
682874 79 0 1 3 9 10 12 13 15 16 21 22 24 25 27 28 31 34 48 49 51 52 55 58 63 64 66 67 70 75 76 79 82 83 84 86 87 89 91 92 93 94 95 96 97 98 108 109 110 112 113 114 115 116 162 164 172 173 174 175 177 179 186 216 217 218 220 221 224 226 227 228 229 230 231 233 237 238 240 241 3 2 1 2 2 0 1 0 3 2 2 2 3 1 0 1 1 2 2 2 1 1 2 2 2 1 1 2 3 0 2 1 2 1 1 2 1 3 1 2 0 2 2 2 1 2 1 2 1 2 2 2 1 1 2 1 2 1 1 2 2 2 1 3 1 1 2 2 1 0 2 2 1 1 3 2 1 2 2 2 0 1 2 2 2 2 1 2 1 1
692519 47 11 17 18 20 21 24 26 27 30 38 41 45 47 48 54 57 60 65 68 71 72 74 77 78 94 97 108 111 112 121 135 139 141 142 151 182 184 185 187 188 193 209 211 220 223 236 241 2 2 2 2 1 1 2 1 1 2 2 2 2 2 0 2 0 2 1 2 2 3 1 1 1 2 1 3 0 2 2 3 0 0 2 2 0 2 3 2 1 1 3 1 1 3 1 2 2 2 0 1 1 2 2 2 1 2 2 1 1 1 2 3 1 2 1 2 1 2 1 1 3 2 0 0 1 3 2 2 1 2 0 3 1 2 1 2 2 1
692522 52 3 5 6 8 14 17 21 24 32 49 52 57 60 67 70 75 76 78 79 81 83 87 89 92 98 99 105 110 127 133 135 141 145 151 153 154 162 164 165 167 173 176 180 183 208 211 216 219 226 229 234 235 2 2 2 2 1 1 2 1 1 3 2 1 2 1 1 1 1 2 0 3 2 3 0 2 2 2 0 2 2 1 1 2 2 2 1 1 1 2 2 2 0 2 2 2 1 2 2 2 2 1 1 2 1 1 3 0 2 0 3 2 2 2 0 3 2 1 2 1 1 1 1 2 3 0 2 0 2 3 2 2 0 2 2 1 1 2 2 2 1 1
692524 86 0 1 2 3 5 6 7 10 11 13 14 18 21 22 28 29 31 32 34 47 49 50 52 54 57 58 59 60 61 64 67 68 70 72 75 77 78 79 81 82 87 88 91 92 99 100 101 105 106 109 110 115 127 128 133 135 137 141 142 145 146 151 153 154 162 164 165 167 168 173 176 180 182 183 185 186 209 212 219 221 222 227 230 234 236 240 2 2 2 2 1 1 2 1 1 3 2 1 2 1 1 1 1 2 1 3 1 3 0 2 1 2 1 2 2 1 1 3 1 2 0 2 1 2 2 2 0 2 2 2 1 3 2 1 2 1 1 1 1 2 3 1 1 0 3 2 2 1 1 2 2 2 2 1 1 2 1 1 3 1 1 0 2 3 2 1 1 2 1 2 1 1 3 2 2 0
692525 85 0 1 2 6 7 8 9 10 11 13 18 24 25 27 28 29 31 32 45 47 54 58 59 60 61 62 63 64 67 68 72 78 79 81 82 87 88 90 91 92 94 95 99 100 101 105 106 108 109 110 112 113 127 128 135 137 139 140 141 142 145 146 153 154 162 164 167 168 173 176 180 181 182 186 188 193 208 209 221 222 227 229 230 236 241 2 2 2 2 1 1 2 1 1 3 2 1 2 1 1 1 1 2 1 2 2 3 1 1 1 2 1 3 1 1 1 3 1 1 1 2 1 2 2 2 0 2 2 2 1 3 1 2 2 2 0 1 1 2 3 1 1 1 2 2 1 2 1 2 2 2 2 2 0 2 0 2 3 1 1 1 1 3 1 2 1 2 1 2 0 2 2 3 1 1
692531 94 0 1 2 3 6 7 8 10 18 20 21 22 24 25 26 27 28 29 30 31 32 38 45 47 48 50 54 57 58 59 60 61 62 64 67 71 72 76 77 78 79 81 82 84 87 88 91 92 94 97 98 108 109 110 111 113 118 119 122 135 137 139 140 141 142 145 146 151 164 167 169 172 173 175 181 182 184 185 187 188 193 202 203 208 209 212 221 227 229 230 232 233 236 241 2 2 2 2 1 1 2 1 1 3 1 2 2 2 0 1 1 2 1 2 2 3 1 1 1 2 1 3 1 1 2 2 1 0 2 2 1 1 3 2 1 1 2 2 1 3 1 2 2 2 0 1 1 2 2 2 1 2 1 2 1 2 1 2 2 2 2 1 1 2 1 1 3 1 1 0 2 2 2 1 2 2 1 2 1 1 2 2 2 1
692570 64 0 1 3 5 7 18 21 23 24 37 39 40 41 43 45 47 48 50 54 55 56 61 63 64 69 70 81 82 83 84 86 87 88 99 101 102 104 105 119 121 122 123 124 129 131 132 135 136 137 141 142 145 146 151 162 163 165 180 183 202 210 216 217 226 2 2 2 2 1 1 2 1 1 2 2 2 2 1 1 2 1 1 1 2 2 2 1 2 2 2 0 1 2 2 2 1 2 2 2 0 2 0 3 0 2 2 3 2 0 2 2 2 1 2 1 3 0 1 3 1 1 1 2 2 1 2 1 3 1 1 1 2 2 1 2 1 2 2 2 1 2 1 3 0 1 2 1 2 1 2 2 2 2 0
692573 18 0 24 40 50 56 70 81 105 121 131 137 151 162 186 202 212 218 232 2 2 2 2 1 1 2 1 1 2 2 2 2 1 1 2 1 1 2 1 2 2 2 1 1 2 1 2 1 2 2 2 1 1 2 1 2 0 3 0 2 2 3 2 0 3 1 2 1 3 0 2 0 2 3 2 0 2 1 2 0 2 2 3 2 0 2 1 2 0 2 2 3 1 2 1 3 0 2 0 2 2 0 3 0 2 2 3 2 0
692578 82 0 1 2 3 5 7 9 10 11 12 13 14 15 18 21 22 37 38 39 40 41 43 45 48 49 52 54 55 56 61 63 65 69 70 72 78 79 81 82 84 87 88 90 91 94 96 99 100 102 103 105 106 118 121 123 124 129 130 132 133 135 136 141 142 151 153 154 162 164 165 167 168 180 183 186 210 213 216 218 222 234 240 2 2 2 2 1 1 2 1 1 2 3 1 2 1 1 2 0 2 2 2 1 2 1 2 1 2 1 1 2 2 2 3 0 2 0 2 2 1 2 0 2 2 3 1 1 3 2 1 1 2 1 2 0 2 3 1 1 1 3 1 1 1 2 3 1 1 1 2 2 1 2 1 2 2 2 1 1 2 3 1 0 2 1 2 1 1 3 2 2 0
692579 53 0 1 2 9 10 11 13 15 17 18 24 25 37 38 40 41 45 49 55 56 65 70 71 79 81 82 90 91 94 96 99 100 103 105 106 118 121 130 136 151 154 162 163 164 167 180 181 184 186 208 211 218 241 2 2 2 2 1 1 2 1 1 2 3 1 2 1 1 2 0 2 2 1 2 2 2 1 1 2 1 2 1 2 2 3 0 1 1 2 2 1 2 0 2 2 3 1 1 3 1 2 1 3 0 2 0 2 3 1 1 2 2 1 0 2 2 3 2 0 1 2 2 1 1 2 3 1 2 1 1 2 2 2 0 2 1 2 0 2 2 3 1 1
692585 67 0 6 9 12 15 21 24 27 29 30 38 39 41 48 50 54 56 60 63 65 69 81 82 84 87 88 102 103 105 106 109 110 111 112 113 130 131 135 136 137 141 142 162 163 165 168 169 172 174 175 184 186 187 190 192 193 202 203 211 212 216 218 222 223 227 231 232 2 2 2 2 1 1 2 1 1 1 3 2 3 0 1 2 1 1 2 1 2 2 2 1 1 2 1 3 0 2 1 3 1 1 2 1 1 1 3 1 1 2 3 2 0 3 1 2 1 3 0 2 0 2 3 2 0 1 2 2 1 1 2 3 1 1 2 2 1 0 2 2 3 1 1 1 3 1 1 1 2 1 1 3 1 1 2 3 2 0
692590 64 0 1 3 10 11 14 16 18 20 21 23 24 25 28 29 32 37 38 41 43 45 48 50 52 54 56 65 72 74 78 81 82 84 91 97 108 109 111 118 124 135 162 163 164 165 167 180 181 182 183 185 187 190 192 208 210 212 213 214 216 218 234 236 240 2 2 2 2 1 1 2 1 1 1 3 2 3 1 0 2 0 2 2 2 1 2 1 2 1 2 1 2 1 2 2 3 0 1 1 2 1 1 3 1 2 1 3 1 1 3 2 1 1 2 1 2 0 2 2 2 1 1 3 1 2 0 2 3 2 0 1 2 2 1 1 2 2 2 1 0 2 2 3 1 1 2 1 2 2 0 3 1 3 0
692591 63 0 6 11 17 18 20 21 24 26 27 29 30 38 41 45 48 50 54 56 60 62 65 71 72 74 78 81 82 84 87 88 91 94 97 108 109 111 112 118 121 135 136 141 142 151 163 164 169 181 182 184 185 187 188 190 193 208 211 212 218 223 236 241 2 2 2 2 1 1 2 1 1 1 3 2 3 1 0 2 0 2 2 1 2 2 2 1 1 2 1 3 0 2 2 3 0 0 2 2 1 1 3 1 2 1 3 1 1 3 1 2 1 3 0 2 0 2 2 2 1 2 2 1 1 1 2 3 1 1 1 2 2 1 2 1 3 1 1 0 2 2 2 2 1 2 1 2 1 1 2 2 2 1
692594 59 0 3 5 9 12 14 15 17 21 24 28 29 31 32 37 38 40 41 43 44 49 52 54 55 63 64 69 70 78 79 81 83 84 86 102 105 109 110 112 113 130 133 135 136 162 164 165 167 173 174 176 183 190 193 202 203 211 216 226 2 2 2 2 1 1 2 1 1 2 3 1 3 0 1 1 1 2 1 2 2 2 1 2 2 2 0 2 2 1 1 2 2 2 1 1 2 1 2 1 1 2 2 2 1 2 2 2 1 2 1 3 0 1 3 0 2 0 3 2 2 2 0 3 2 0 2 1 2 0 2 2 2 1 2 1 1 3 2 2 0 1 2 2 2 2 1 2 1 1
692596 90 0 1 2 3 5 7 9 10 11 12 13 14 15 18 21 22 28 29 31 32 37 38 40 41 43 47 49 50 52 54 56 61 63 64 65 69 70 72 74 78 79 81 82 83 84 86 87 88 100 101 102 103 104 105 106 109 110 112 113 115 130 131 133 135 137 141 142 154 162 164 165 167 168 173 174 176 180 182 183 185 186 203 209 212 222 227 231 234 236 240 2 2 2 2 1 1 2 1 1 2 3 1 3 0 1 1 1 2 2 2 1 2 1 2 1 2 1 2 2 1 1 3 1 2 0 2 2 1 2 1 1 2 2 2 1 3 2 1 1 2 1 2 0 2 3 1 1 0 3 2 2 1 1 2 2 1 2 1 2 1 2 1 2 1 2 1 2 2 2 1 1 1 1 3 2 1 2 2 2 0
692597 89 0 2 3 6 8 9 10 11 12 13 15 17 18 24 25 27 29 30 32 37 38 39 40 41 47 48 49 54 56 60 62 63 64 65 69 70 71 72 74 78 79 81 83 84 86 87 89 100 101 102 103 105 106 110 111 113 130 131 135 137 141 154 162 164 165 167 168 173 174 176 180 181 182 184 186 188 192 202 203 208 209 211 212 222 227 231 233 236 241 2 2 2 2 1 1 2 1 1 2 3 1 3 0 1 1 1 2 2 1 2 2 2 1 1 2 1 3 1 1 1 3 1 1 1 2 2 1 2 1 1 2 2 2 1 3 1 2 1 3 0 2 0 2 3 1 1 1 2 2 1 2 1 2 2 1 2 2 1 1 1 2 3 0 2 1 2 2 1 2 1 1 1 3 1 2 1 3 1 1
692600 75 0 1 3 5 18 21 22 23 24 25 26 28 29 31 32 37 40 41 43 44 45 47 48 49 50 52 53 54 55 64 70 72 78 79 81 82 83 84 86 108 110 111 112 113 119 121 122 124 125 135 136 145 151 162 163 164 165 167 180 181 182 183 184 190 192 193 202 203 209 210 211 216 226 234 235 2 2 2 2 1 1 2 1 1 2 2 2 3 1 0 1 1 2 1 2 2 2 1 2 2 2 0 2 2 1 2 1 2 1 2 1 2 0 3 1 2 1 2 2 1 2 2 2 1 2 1 3 0 1 2 1 2 1 2 2 2 2 0 3 2 0 1 2 2 1 1 2 2 1 2 0 2 2 3 1 1 2 1 2 2 2 1 1 2 1
692602 75 0 2 3 5 7 18 20 21 23 24 29 31 32 38 40 41 43 45 47 48 50 54 56 61 65 70 72 74 78 81 83 84 86 87 88 108 110 111 112 113 115 119 121 122 124 135 137 141 142 146 151 162 164 165 167 169 180 182 183 185 192 193 202 203 205 209 210 212 213 222 227 232 234 236 240 2 2 2 2 1 1 2 1 1 2 2 2 3 1 0 1 1 2 2 2 1 2 1 2 1 2 1 2 2 1 2 2 1 1 1 2 2 0 3 1 2 1 2 2 1 3 2 1 1 2 1 2 0 2 2 2 1 1 2 2 2 1 1 2 2 1 2 2 1 1 1 2 2 1 2 0 3 1 3 0 2 2 0 3 2 1 2 1 3 0
692603 69 0 2 3 6 8 18 20 21 22 24 25 26 27 29 30 32 38 40 45 47 48 49 50 54 56 60 62 65 70 71 72 74 78 79 81 83 84 86 87 89 108 110 111 113 119 121 122 135 137 141 146 151 164 167 182 184 185 187 188 202 203 209 211 212 227 232 233 236 241 2 2 2 2 1 1 2 1 1 2 2 2 3 1 0 1 1 2 2 1 2 2 2 1 1 2 1 3 1 1 2 2 1 0 2 2 2 0 3 1 2 1 2 2 1 3 1 2 1 3 0 2 0 2 2 2 1 2 1 2 1 2 1 2 2 1 2 1 2 1 2 1 3 0 2 0 3 1 2 1 2 2 0 3 1 2 1 2 2 1
692608 64 0 1 3 7 9 10 12 13 18 21 24 37 38 39 40 41 45 47 48 50 54 55 56 61 63 64 65 69 70 72 74 78 81 82 84 87 88 90 91 94 96 97 118 119 121 122 135 136 137 141 142 145 146 151 165 168 169 183 186 210 212 222 223 240 2 2 2 2 1 1 2 1 1 2 2 2 2 2 0 2 0 2 2 2 1 3 1 1 0 2 2 1 2 2 2 2 1 2 1 1 2 1 2 0 2 2 3 1 1 2 2 2 2 2 0 2 0 2 3 2 0 1 2 2 1 1 2 3 1 1 1 1 2 1 3 1 2 2 2 1 2 1 3 0 1 2 1 2 1 1 3 2 2 0
692620 47 0 1 3 9 10 15 16 18 21 24 25 28 29 32 37 38 47 50 54 56 63 65 69 72 74 78 81 82 84 90 91 96 97 109 110 113 118 119 135 137 146 165 183 186 187 212 240 2 2 2 2 1 1 2 1 1 1 3 2 3 1 0 2 0 2 2 2 1 3 1 1 0 2 2 2 1 2 1 3 1 2 1 1 1 2 2 1 1 2 3 1 1 2 2 2 2 2 0 2 0 2 3 2 0 0 3 2 2 0 2 3 2 0 1 0 3 1 3 1 2 2 1 1 2 2 2 1 1 2 1 2 2 0 3 1 3 0
692630 62 0 3 5 9 15 17 21 24 28 29 31 32 37 38 49 50 54 55 63 64 69 70 72 78 79 81 83 84 86 90 92 96 98 109 110 112 113 118 119 135 136 145 151 162 164 165 167 180 183 185 186 188 190 193 208 209 211 212 216 234 235 240 2 2 2 2 1 1 2 1 1 2 3 1 3 1 0 1 0 3 1 2 2 3 1 1 1 2 1 2 2 1 1 2 2 2 1 1 2 2 1 1 1 2 2 1 2 1 2 3 2 2 0 3 0 1 3 0 2 0 3 2 2 2 0 3 2 0 1 0 3 1 3 1 2 1 2 1 2 2 2 1 1 2 1 2 2 2 1 1 2 1
692642 75 0 1 6 7 8 18 21 23 27 28 29 34 37 39 40 41 43 44 47 50 54 55 56 63 64 67 68 72 74 75 77 81 82 83 87 88 89 99 101 102 104 108 110 114 115 119 121 122 123 124 125 129 131 135 136 137 145 146 153 162 163 168 169 180 183 190 202 205 210 216 217 226 229 234 237 2 2 2 2 1 1 2 1 1 3 2 1 2 1 1 1 1 2 1 3 1 2 1 2 2 1 1 1 2 2 2 1 2 2 2 0 2 0 3 1 2 1 2 2 1 2 1 3 1 2 1 3 1 0 3 1 1 1 2 2 1 2 1 3 0 2 1 1 3 1 3 0 3 2 1 1 2 1 2 0 2 2 1 2 2 2 1 1 2 1
692643 73 0 1 3 5 6 7 18 21 23 24 27 28 29 30 31 32 37 39 40 41 45 48 55 56 61 64 70 74 81 82 83 84 86 87 88 99 101 102 104 105 108 110 111 112 113 119 121 122 129 131 136 137 142 145 146 151 162 163 164 168 169 180 182 186 190 209 217 218 223 226 227 232 236 2 2 2 2 1 1 2 1 1 3 2 1 2 1 1 1 1 2 1 3 1 2 2 1 2 0 2 2 2 1 2 1 2 1 2 1 2 0 3 1 2 1 2 2 1 2 1 3 1 3 0 3 0 1 3 1 1 2 2 1 0 2 2 3 1 1 1 1 3 1 2 1 2 2 2 1 2 1 3 0 1 2 1 2 1 1 2 2 3 0
692644 49 0 21 27 29 39 40 50 54 56 63 67 75 77 81 87 88 102 105 108 110 114 115 121 123 124 129 131 135 137 141 142 151 162 168 169 183 186 202 205 210 212 216 218 222 231 232 237 239 240 2 2 2 2 1 1 2 1 1 3 2 1 2 1 1 1 1 2 2 3 0 2 1 2 1 1 2 1 2 2 2 2 1 2 1 1 2 0 3 1 2 1 2 2 1 3 1 2 1 2 1 2 1 1 3 2 0 1 2 2 1 1 2 3 0 2 2 1 2 0 3 1 3 1 2 1 3 0 2 0 2 2 0 3 2 1 2 1 3 0
692646 81 0 1 2 6 7 8 10 11 16 17 30 31 32 33 40 41 44 54 55 56 57 58 64 65 67 68 81 82 83 87 88 89 91 92 97 98 99 100 105 106 111 112 113 114 115 121 122 124 125 129 130 132 135 136 137 139 145 146 153 154 157 162 163 164 168 169 180 181 186 187 192 193 210 211 213 216 217 234 235 237 238 2 2 2 2 1 1 2 1 1 3 3 0 2 1 1 1 0 3 2 2 1 1 2 2 2 1 1 2 1 2 1 3 1 2 1 1 2 1 2 1 2 1 2 1 2 3 0 3 0 3 1 3 1 0 2 1 2 2 2 1 1 2 1 2 1 2 2 1 2 1 2 1 3 2 1 0 1 3 3 1 0 2 2 2 2 1 1 2 1 1
692651 78 0 1 2 6 7 8 9 10 11 15 16 17 27 28 29 30 31 32 37 38 39 40 41 55 56 58 59 61 62 65 67 68 70 71 81 82 87 88 90 91 96 97 99 100 105 106 108 109 111 112 118 121 129 130 136 139 142 151 154 157 162 163 164 168 169 180 181 186 187 190 193 208 210 211 218 223 238 241 2 2 2 2 1 1 2 1 1 3 3 0 2 1 1 1 0 3 2 2 1 2 2 1 1 1 2 2 1 2 2 3 0 1 1 2 2 1 2 1 2 1 2 1 2 3 0 3 1 3 0 2 1 1 3 1 1 2 2 1 0 2 2 3 1 1 1 1 3 1 2 1 2 2 2 1 1 2 3 1 0 2 1 2 1 1 2 2 2 1
692656 69 0 1 3 9 10 21 22 28 29 31 32 37 38 49 50 54 56 57 59 63 65 75 77 81 82 84 87 88 102 103 105 106 109 110 112 113 115 130 131 133 135 137 140 141 162 163 165 168 169 172 177 178 183 184 186 187 190 205 211 212 214 216 218 222 227 231 237 239 240 2 2 2 2 1 1 2 1 1 2 3 1 3 0 1 1 1 2 2 3 0 2 1 2 1 1 2 2 1 2 1 3 1 2 1 1 1 1 3 2 1 1 2 2 1 3 1 2 1 2 1 2 1 1 3 2 0 0 3 2 2 0 2 3 1 1 2 0 3 0 3 1 3 1 1 1 3 1 1 1 2 1 1 3 2 1 2 2 2 0
692662 74 0 1 3 10 11 13 14 18 20 21 22 23 27 28 29 30 31 32 37 38 40 41 54 56 57 59 65 68 72 74 75 77 81 82 84 87 88 91 94 97 108 109 111 112 114 115 118 121 124 135 141 162 163 164 167 168 169 180 181 182 184 185 186 187 190 192 216 218 222 234 236 237 239 240 2 2 2 2 1 1 2 1 1 2 3 1 3 1 0 1 0 3 2 3 0 2 1 2 1 1 2 2 1 2 2 3 0 1 1 2 1 1 3 2 2 0 2 1 2 3 1 2 1 2 1 2 1 1 2 2 1 1 3 1 2 0 2 3 1 1 1 1 3 1 2 1 3 1 1 0 2 2 2 2 1 2 1 2 1 1 3 2 2 0
692669 81 0 1 2 6 7 9 10 11 15 16 27 28 29 30 31 32 37 38 39 40 41 54 56 58 59 60 61 63 64 65 67 68 69 70 81 82 83 87 88 100 101 105 106 109 110 111 112 113 130 131 135 137 139 140 141 142 154 157 173 177 180 181 182 186 187 203 208 209 210 211 212 227 230 231 232 234 236 238 239 240 241 2 2 2 2 1 1 2 1 1 3 3 0 3 0 1 0 1 3 2 2 1 2 2 1 1 1 2 3 1 1 1 3 1 1 1 2 2 1 2 2 1 1 1 2 2 3 0 3 1 3 0 2 1 1 3 1 1 1 2 2 1 2 1 2 1 2 2 1 2 1 2 1 2 1 2 1 2 2 2 1 1 1 1 3 1 1 2 3 2 0
692672 69 0 1 3 5 6 7 18 21 22 23 25 27 28 29 30 31 32 34 37 40 41 43 54 55 57 58 64 67 72 75 76 81 82 83 84 86 87 88 108 110 111 112 113 114 115 119 121 122 124 135 136 139 145 180 181 182 184 185 186 187 202 203 205 226 229 234 235 237 238 2 2 2 2 1 1 2 1 1 3 2 1 3 1 0 0 1 3 1 3 1 2 1 2 2 1 1 2 2 1 2 1 2 1 2 1 2 0 3 2 2 0 1 2 2 2 1 3 1 2 1 3 1 0 2 1 2 1 2 2 2 2 0 3 1 1 1 1 3 1 2 1 3 1 1 0 2 2 2 1 2 2 1 2 1 2 2 2 2 0
692676 96 0 1 2 3 6 7 8 9 10 15 18 20 21 24 26 27 28 29 30 31 32 33 38 39 45 47 48 50 51 53 54 55 56 57 58 63 64 65 67 72 74 75 77 81 82 83 84 86 87 88 89 90 91 94 96 97 98 111 113 114 115 118 119 122 123 125 135 136 137 139 145 146 162 163 165 168 169 174 175 177 178 180 183 186 190 192 193 202 210 213 216 217 226 229 234 237 2 2 2 2 1 1 2 1 1 3 1 2 2 2 0 1 1 2 2 2 1 2 1 2 1 2 1 2 1 2 1 2 2 2 2 0 2 1 2 1 1 2 2 2 1 2 1 3 1 2 1 3 1 0 2 2 1 2 1 2 1 2 1 2 1 2 1 1 2 2 2 1 3 2 1 1 2 1 2 0 2 2 2 2 2 1 1 2 1 1
692680 63 0 1 10 18 21 27 28 29 37 38 41 45 47 48 50 54 55 56 64 65 68 72 74 75 77 81 82 87 88 91 97 108 109 110 114 115 118 119 124 135 136 137 141 142 145 146 151 168 169 178 183 186 203 205 210 212 213 222 230 232 237 239 240 2 2 2 2 1 1 2 1 1 3 1 2 2 2 0 1 1 2 2 3 0 3 0 2 0 2 2 1 2 2 2 2 1 2 1 1 2 1 2 1 1 2 2 2 1 2 2 2 2 1 1 2 1 1 3 2 0 1 2 2 1 1 2 3 0 2 1 2 1 1 2 2 3 1 2 0 3 1 3 0 1 2 1 2 2 0 3 1 3 0
692681 80 0 1 3 6 7 9 10 15 18 21 24 27 28 29 30 31 32 38 39 45 47 48 50 55 56 58 59 61 62 64 65 67 71 74 77 81 82 84 87 88 90 91 94 96 97 108 109 110 111 113 118 119 122 136 137 139 140 142 145 146 151 168 169 174 175 177 178 183 186 193 202 203 210 212 223 229 230 232 233 239 2 2 2 2 1 1 2 1 1 3 1 2 2 2 0 1 1 2 2 2 1 3 1 1 0 2 2 2 1 2 2 2 1 1 2 1 2 1 2 1 1 2 2 2 1 2 1 3 2 2 0 2 1 1 3 2 0 2 1 2 0 2 2 3 1 1 1 1 2 1 2 2 2 2 2 1 2 1 3 0 1 2 1 2 1 1 2 2 2 1
692688 49 0 6 12 15 17 18 20 21 24 26 27 33 45 47 50 51 53 54 68 72 74 75 77 82 94 95 98 109 136 162 163 168 174 175 177 180 181 183 184 186 190 208 211 213 216 217 229 234 237 2 2 2 2 1 1 2 1 1 2 2 2 3 1 0 1 1 2 2 2 1 2 1 2 1 2 1 3 0 2 0 3 2 2 2 0 1 2 2 2 0 2 2 2 1 2 1 3 1 2 1 3 1 0 2 2 1 1 2 2 2 1 1 3 0 2 0 2 2 2 2 1 3 2 0 1 2 2 1 1 2 2 2 2 1 2 1 3 0 1
692692 55 0 1 3 10 13 18 21 22 28 29 31 32 47 49 50 54 56 57 59 65 68 72 74 75 77 81 82 87 88 91 97 109 110 115 135 137 141 146 165 168 169 175 178 183 184 186 187 211 212 214 222 230 237 239 240 2 2 2 2 1 1 2 1 1 2 2 2 3 1 0 1 1 2 2 3 0 3 0 2 0 2 2 2 1 2 1 3 1 2 1 1 1 2 2 2 0 2 2 2 1 2 2 2 2 1 1 2 1 1 3 2 0 0 3 2 2 0 2 3 1 1 1 1 2 1 2 2 3 1 1 0 3 2 2 1 1 2 1 2 1 1 3 2 2 0
692693 62 0 6 9 15 18 24 27 29 45 47 50 54 56 60 62 63 65 68 69 71 72 74 77 78 81 82 87 88 90 91 94 96 97 108 109 110 135 136 137 141 142 145 146 151 168 169 175 177 178 184 186 187 211 212 223 229 230 231 232 233 239 240 2 2 2 2 1 1 2 1 1 2 2 2 3 1 0 1 1 2 2 2 1 3 1 1 0 2 2 3 0 2 1 3 1 1 2 1 1 2 2 2 0 2 2 2 1 2 1 3 2 2 0 2 1 1 3 2 0 1 2 2 1 1 2 3 0 2 1 2 1 1 2 2 2 2 1 1 2 2 2 1 1 2 1 2 0 2 2 3 1 1
692700 65 0 1 2 3 6 7 12 13 15 18 24 25 27 28 29 30 31 32 33 45 47 49 51 54 55 57 58 67 72 75 76 82 83 86 88 94 95 97 109 110 112 113 115 136 139 174 176 177 180 182 183 184 186 187 208 209 211 212 213 214 229 234 235 237 238 2 2 2 2 1 1 2 1 1 3 2 1 3 1 0 0 1 3 2 2 1 2 1 2 1 2 1 3 1 1 0 3 2 2 1 1 2 2 1 2 0 2 1 2 2 2 1 3 1 2 1 3 1 0 2 1 2 1 2 2 2 2 0 3 1 1 0 2 2 2 1 2 3 1 1 1 1 3 1 2 1 2 1 3 1 2 1 3 1 0
692705 68 0 2 6 7 9 11 13 15 18 24 25 27 29 31 32 45 49 54 56 58 59 60 61 63 65 67 68 69 72 76 78 79 81 83 86 87 88 90 92 94 95 96 97 108 110 112 113 135 137 139 140 141 142 146 151 176 177 184 186 187 211 229 230 231 232 238 240 241 2 2 2 2 1 1 2 1 1 3 2 1 3 1 0 0 1 3 2 2 1 3 1 1 0 2 2 3 1 1 1 3 1 1 1 2 2 2 1 2 0 2 1 2 2 2 1 3 2 2 0 2 1 1 3 1 1 1 2 2 1 2 1 2 1 2 1 2 1 2 1 2 2 1 2 1 1 3 2 2 0 2 0 3 0 2 2 3 2 0
692791 74 0 1 2 3 5 6 7 9 10 11 12 14 15 18 21 27 28 30 37 38 39 41 42 43 45 48 51 52 54 55 56 60 61 63 64 65 69 70 72 78 79 81 82 84 87 88 91 99 100 102 105 106 108 109 111 115 118 120 123 124 129 132 133 162 164 165 167 180 183 186 216 218 234 240 2 2 2 2 2 0 2 0 2 2 3 1 2 1 1 2 0 2 2 2 1 1 2 2 2 1 1 2 2 1 2 3 0 1 0 3 2 1 2 1 1 2 2 2 1 3 2 1 1 2 1 2 0 2 2 1 2 1 2 1 2 2 1 2 2 1 2 1 2 1 2 1 2 2 2 1 1 2 3 1 0 2 2 2 2 0 2 2 2 0
692793 53 0 3 5 9 12 14 15 17 21 24 27 28 30 31 38 39 41 42 48 49 51 52 54 55 56 63 65 69 71 78 79 81 84 90 93 96 102 105 108 109 111 112 120 123 129 130 132 133 164 167 217 218 241 2 2 2 2 2 0 2 0 2 2 3 1 2 1 1 2 0 2 1 2 2 2 2 1 2 1 1 2 2 1 3 2 0 0 1 3 2 1 2 1 1 2 2 2 1 2 2 2 1 2 1 3 0 1 3 0 2 1 2 1 1 3 1 3 2 0 2 1 2 0 2 2 2 2 2 2 0 2 2 2 0 2 2 1 1 1 2 2 2 1
692821 71 0 1 2 3 5 6 7 9 10 12 18 20 21 23 24 27 28 30 37 39 45 47 48 50 54 55 56 60 61 63 64 69 70 72 74 78 81 82 83 84 86 87 88 90 91 93 96 97 108 109 110 111 113 118 120 162 163 165 167 169 180 183 185 186 216 217 218 223 234 236 240 2 2 2 2 2 0 2 0 2 2 2 2 2 2 0 2 0 2 2 2 1 2 2 1 1 1 2 2 2 1 2 2 1 1 1 2 2 1 2 1 2 1 2 1 2 2 2 2 2 2 0 2 0 2 2 2 1 1 1 2 2 2 1 2 2 1 1 1 2 2 2 1 2 2 2 2 2 0 2 0 2 2 2 2 2 0 2 2 2 0
692859 70 0 1 3 5 6 7 8 18 21 23 24 27 28 29 30 31 32 34 37 39 40 42 43 54 55 56 58 59 63 64 66 67 72 74 75 77 81 82 83 84 86 87 88 89 99 101 102 104 105 108 110 111 112 113 115 116 120 121 123 124 163 164 169 170 182 188 217 218 226 236 2 2 2 2 2 0 2 0 2 3 2 1 2 1 1 1 1 2 1 3 1 2 2 1 2 0 2 2 2 1 3 1 1 0 2 2 2 0 3 2 2 0 1 2 2 2 1 3 1 2 1 3 1 0 3 1 1 1 1 2 1 3 1 3 1 1 1 1 3 1 2 1 1 2 3 2 2 0 3 0 1 2 1 2 2 1 1 1 3 1
692862 68 0 1 2 6 7 8 9 10 11 15 16 17 27 28 29 30 31 37 38 39 40 54 55 57 58 61 63 64 66 67 70 81 82 87 88 91 97 99 100 105 106 108 109 111 112 118 120 121 129 130 162 163 164 169 170 180 181 186 187 216 217 223 234 235 237 238 240 241 2 2 2 2 2 0 2 0 2 3 3 0 2 1 1 1 0 3 2 2 1 1 2 2 2 1 1 2 1 2 2 3 0 1 1 2 2 1 2 2 1 1 1 2 2 3 0 3 1 3 0 2 1 1 2 1 2 1 1 2 2 3 0 2 1 2 2 1 2 1 2 1 2 2 2 1 1 2 3 1 0 2 2 2 3 1 0 1 1 2
693014 71 0 3 5 8 9 11 12 14 15 18 21 24 28 31 32 37 38 40 41 43 44 46 49 52 61 63 64 69 70 72 73 78 79 81 83 84 86 87 89 102 105 109 110 112 113 116 130 133 135 136 141 142 154 162 164 165 167 174 180 183 191 194 202 203 208 211 216 217 226 234 235 3 2 1 2 1 1 1 1 2 1 3 2 3 0 1 2 1 1 1 2 2 2 1 2 2 2 0 2 2 1 1 2 2 2 1 1 2 1 2 1 1 2 2 2 1 3 2 1 1 2 1 2 0 2 3 0 2 0 2 3 2 2 0 2 2 1 2 1 2 1 2 1 2 1 2 1 2 2 2 2 0 1 3 1 2 1 2 2 1 1
693015 71 0 3 6 9 12 15 18 21 24 27 28 30 37 39 46 48 60 61 63 64 69 70 72 73 78 79 81 83 84 86 87 101 102 104 105 109 110 111 113 131 135 136 141 142 154 162 164 165 167 168 174 180 182 186 191 192 194 203 208 209 212 216 217 222 226 227 231 232 235 236 241 3 2 1 2 1 1 1 1 2 1 3 2 3 0 1 2 1 1 1 2 2 2 2 1 2 1 1 3 2 0 1 2 2 1 1 2 2 1 2 1 1 2 2 2 1 3 1 2 1 3 0 2 0 2 3 0 2 1 2 2 1 2 1 2 2 1 2 2 1 1 1 2 3 1 1 1 2 2 1 2 1 1 3 1 1 0 3 3 2 0
693016 68 0 1 2 3 5 9 10 11 12 14 15 16 21 23 24 25 28 29 32 37 38 41 43 50 52 54 55 63 64 65 69 70 78 79 81 82 83 84 86 102 104 105 106 109 110 113 131 133 135 136 137 162 164 165 167 174 183 185 186 191 194 203 212 216 218 227 231 240 3 2 1 2 1 1 1 1 2 1 3 2 3 0 1 2 1 1 2 2 1 2 1 2 1 2 1 2 2 1 1 3 1 2 0 2 2 1 2 1 1 2 2 2 1 2 2 2 1 2 1 3 0 1 3 1 1 0 2 3 2 1 1 3 2 0 2 1 2 0 2 2 2 1 2 1 3 1 2 1 1 1 2 2 2 0 3 2 2 0
693022 58 0 1 2 3 5 18 19 21 24 25 28 29 32 37 38 41 43 44 45 46 48 52 54 55 64 65 70 72 73 78 79 81 82 84 108 109 111 118 124 135 136 145 151 162 164 165 167 180 183 191 192 194 210 213 216 218 234 240 3 2 1 2 1 1 1 1 2 1 3 2 3 1 0 2 0 2 2 2 1 2 1 2 1 2 1 2 2 1 2 3 0 1 0 3 2 0 3 1 2 1 2 2 1 2 2 2 1 2 1 3 0 1 2 1 2 1 2 2 2 1 1 3 2 0 1 2 2 1 1 2 2 1 2 0 2 2 3 2 0 2 2 1 2 0 3 1 2 1
693050 59 0 3 5 8 9 15 17 18 21 23 28 31 32 37 46 49 50 61 63 64 69 70 72 73 81 84 86 87 89 90 96 98 109 112 113 118 135 136 141 142 145 151 162 165 167 168 170 180 183 185 194 208 211 212 216 217 222 234 235 3 2 1 2 1 1 1 1 2 1 3 2 3 1 0 2 0 2 1 2 2 3 1 1 1 2 1 2 2 1 1 2 2 2 1 1 2 2 1 1 1 2 2 1 2 2 2 2 2 2 0 2 0 2 3 0 2 0 2 3 2 2 0 2 2 1 1 0 3 2 3 0 2 1 2 1 3 1 2 1 1 2 3 0 2 1 2 1 1 2
693074 90 0 2 6 8 9 12 15 17 18 21 23 27 28 29 35 37 39 40 41 43 44 49 50 54 55 61 67 70 72 73 75 76 81 83 87 89 90 92 96 98 99 101 102 104 108 110 114 116 119 121 122 123 124 125 129 131 135 136 141 142 145 151 153 157 162 164 168 170 177 180 182 183 191 202 206 209 210 211 212 216 217 222 226 229 231 232 234 235 237 238 3 2 1 2 1 1 1 1 2 3 2 1 2 1 1 1 1 2 1 3 1 2 1 2 2 1 1 1 3 1 2 1 2 2 1 1 2 1 2 1 2 1 2 1 2 3 1 2 1 2 1 2 1 1 3 0 2 1 1 3 1 3 0 3 0 2 1 1 3 1 3 0 3 1 2 1 2 1 2 1 1 2 2 1 2 2 1 1 1 2
693075 67 0 6 9 15 18 24 27 28 30 31 37 39 40 45 48 49 55 58 61 67 70 73 76 79 81 83 87 89 90 92 96 98 99 105 108 110 111 112 113 119 121 122 129 136 137 139 140 142 145 151 157 162 164 168 170 177 180 186 191 217 218 224 226 232 233 235 241 3 2 1 2 1 1 1 1 2 3 2 1 2 1 1 1 1 2 1 3 1 2 2 1 2 0 2 2 3 0 2 1 2 1 1 2 2 1 2 1 2 1 2 1 2 3 0 3 1 3 0 2 1 1 3 0 2 2 1 2 0 3 1 3 1 1 1 1 3 1 2 1 2 1 3 1 2 1 3 1 0 2 2 1 1 1 2 2 2 1
693086 78 0 3 5 6 8 9 11 15 17 18 21 23 28 31 32 35 37 38 44 46 49 50 57 58 60 63 64 69 72 73 75 76 81 83 84 86 87 89 101 102 104 109 110 112 113 116 130 131 135 136 139 141 154 157 162 164 165 168 170 177 180 182 183 191 206 208 209 211 212 216 217 222 226 231 234 235 237 238 3 2 1 2 1 1 1 1 2 2 3 1 3 0 1 1 1 2 1 3 1 2 1 2 2 1 1 2 2 1 1 2 2 2 1 1 2 1 2 2 1 1 1 2 2 3 1 2 1 2 1 2 1 1 3 0 2 0 2 3 2 2 0 2 1 2 2 0 3 1 3 0 3 1 1 1 2 2 1 2 1 1 3 1 2 2 1 2 0 2
693087 66 0 6 9 15 18 24 27 28 30 31 37 39 40 46 48 49 58 60 63 64 67 69 72 73 75 76 78 81 83 87 89 105 109 110 111 112 113 130 135 136 139 140 141 142 154 157 162 164 168 170 177 180 186 191 208 217 224 226 227 231 232 233 234 235 240 241 3 2 1 2 1 1 1 1 2 2 3 1 3 0 1 1 1 2 1 3 1 2 2 1 2 0 2 3 2 0 1 2 2 1 1 2 2 1 2 2 1 1 1 2 2 3 0 3 1 3 0 2 1 1 3 0 2 1 2 2 1 2 1 2 1 2 2 1 2 1 2 1 2 1 2 1 2 2 2 2 0 1 3 1 1 1 2 3 1 1
693088 64 0 2 3 5 9 10 11 21 22 23 29 32 37 38 49 50 54 57 63 64 65 75 76 77 81 83 84 86 87 89 102 103 104 105 106 110 113 116 130 131 133 135 137 140 157 162 164 165 168 170 177 183 186 188 191 194 206 212 215 216 218 227 237 239 3 2 1 2 1 1 1 1 2 2 3 1 3 0 1 1 1 2 2 3 0 2 1 2 1 1 2 2 2 1 1 3 1 2 0 2 2 1 2 2 1 1 1 2 2 2 1 3 1 2 1 3 1 0 3 1 1 0 2 3 2 1 1 3 1 1 2 0 3 0 3 1 3 0 2 1 3 1 1 2 1 1 2 2 2 1 2 2 1 1
693089 74 0 1 2 6 8 9 10 11 12 13 15 17 21 22 23 24 26 27 28 29 37 38 39 40 41 48 50 54 55 60 63 64 65 69 71 78 81 82 83 87 89 102 103 104 105 109 110 130 131 135 136 137 141 162 164 168 170 177 183 186 188 191 202 210 211 212 217 218 224 226 227 231 233 240 3 2 1 2 1 1 1 1 2 2 3 1 3 0 1 1 1 2 2 2 1 2 2 1 1 1 2 3 1 1 1 3 1 1 1 2 2 1 2 2 1 1 1 2 2 2 1 3 1 3 0 3 0 1 3 1 1 1 1 3 1 2 1 3 0 2 2 1 2 0 3 1 2 1 2 1 3 1 2 1 1 1 2 2 1 2 1 3 0 2
693108 92 0 1 2 3 5 6 8 9 10 12 13 15 17 18 19 21 22 23 24 26 27 29 30 32 33 35 38 39 45 48 50 51 53 54 55 63 64 72 73 81 82 83 84 86 87 89 90 91 94 95 96 98 111 113 114 116 119 122 123 125 135 136 141 145 162 163 165 168 170 174 175 177 180 183 185 191 192 203 206 209 210 212 213 215 216 217 222 226 231 234 235 240 3 2 1 2 1 1 1 1 2 3 1 2 2 2 0 1 1 2 2 2 1 2 1 2 1 2 1 2 2 1 1 2 2 2 1 1 2 2 1 1 1 2 2 1 2 2 2 2 1 2 1 3 0 1 2 1 2 2 0 3 1 3 0 2 1 2 1 1 2 2 2 1 3 1 2 1 2 1 2 1 1 2 3 1 2 1 1 2 0 2
693113 77 0 1 2 3 5 6 7 8 9 10 12 13 15 17 18 21 22 24 25 27 29 30 32 38 39 45 48 55 56 61 62 64 73 79 81 82 83 84 86 87 88 89 90 91 94 95 96 97 98 108 110 111 113 119 122 136 137 142 145 146 151 167 168 170 174 175 177 178 183 186 194 203 210 224 232 233 241 3 2 1 2 1 1 1 1 2 3 1 2 2 2 0 1 1 2 2 2 1 3 1 1 0 2 2 2 2 1 2 2 1 1 1 2 2 2 1 1 1 2 2 1 2 1 2 3 2 2 0 3 0 1 3 1 1 2 0 3 0 3 1 3 1 1 1 1 2 1 2 2 2 1 3 1 2 1 3 1 0 2 2 1 1 1 2 2 1 2
693122 61 0 3 5 6 8 14 17 18 21 23 24 26 28 31 32 35 46 49 50 53 57 58 60 64 67 72 73 75 76 78 81 87 89 98 109 116 135 136 141 145 162 165 168 170 180 183 185 208 211 212 215 216 217 222 226 229 234 235 237 238 240 3 2 1 2 1 1 1 1 2 2 2 2 3 1 0 1 1 2 1 3 1 3 0 2 1 2 1 2 2 1 1 2 2 2 1 1 2 2 1 2 0 2 1 2 2 2 2 2 2 1 1 2 1 1 3 0 2 0 2 3 2 2 0 2 1 2 1 1 2 2 2 1 3 1 1 0 3 2 2 1 1 2 3 0 1 2 2 2 0 2
693124 46 0 2 3 5 10 13 14 18 21 22 29 32 46 49 54 57 64 65 67 68 72 73 75 76 81 83 87 89 91 97 98 110 116 135 137 145 146 165 167 168 170 183 186 194 230 237 3 2 1 2 1 1 1 1 2 2 2 2 3 1 0 1 1 2 2 3 0 3 0 2 0 2 2 2 2 1 1 3 1 2 0 2 2 2 1 2 0 2 1 2 2 1 2 3 2 1 1 3 1 0 3 1 1 0 2 3 2 1 1 3 1 1 1 1 2 1 2 2 3 0 2 0 3 2 2 2 0 2 2 1 1 1 3 2 1 1
693125 61 0 1 2 6 8 9 10 13 14 15 17 18 22 24 27 28 29 45 46 49 54 55 60 63 64 65 69 71 72 73 78 81 82 83 87 89 90 91 94 95 96 98 108 109 110 135 136 137 141 145 146 168 170 175 177 186 211 224 231 233 240 3 2 1 2 1 1 1 1 2 2 2 2 3 1 0 1 1 2 2 2 1 3 1 1 0 2 2 3 1 1 1 3 1 1 1 2 2 2 1 2 0 2 1 2 2 1 2 3 2 2 0 3 0 1 3 1 1 1 1 3 1 2 1 3 0 2 1 2 1 1 2 2 2 1 2 1 2 2 2 2 0 2 2 1 0 2 2 3 0 2
693197 69 0 1 2 3 6 7 8 9 10 11 15 16 17 18 21 22 23 28 37 38 54 56 57 58 60 61 62 72 75 76 77 81 82 84 90 91 92 99 101 102 103 104 109 110 112 118 119 127 128 130 131 164 169 170 190 191 193 209 211 212 217 218 220 221 223 224 236 238 239 3 1 2 2 2 0 1 1 2 2 3 1 2 1 1 2 0 2 1 2 2 3 2 0 1 1 2 3 1 1 2 2 1 0 2 2 1 2 2 1 2 1 3 0 2 2 1 3 2 2 0 2 1 1 3 1 1 0 2 2 2 1 2 3 1 2 2 0 2 1 3 0 2 2 1 1 2 2 2 1 1 2 1 2 2 1 1 1 2 2
693228 66 0 1 2 3 6 8 9 10 11 12 14 15 16 18 19 21 24 37 38 44 46 54 55 56 60 62 63 64 65 69 70 71 72 73 78 79 81 82 83 84 86 87 88 89 100 102 105 133 162 163 164 165 167 172 174 180 183 203 208 216 217 218 226 227 234 235 3 1 2 2 2 0 1 1 2 1 3 2 3 0 1 2 1 1 2 1 2 1 2 2 2 2 0 3 1 1 1 2 2 1 2 1 2 1 2 0 2 2 3 1 1 3 2 1 1 2 1 2 0 2 2 1 2 0 2 2 3 1 1 3 1 1 1 2 2 1 2 1 2 1 2 1 2 2 2 2 0 1 3 2 3 0 1 2 1 1
693233 66 0 1 2 3 6 8 9 10 11 12 14 15 16 21 23 24 25 26 37 38 44 53 54 55 56 60 62 63 64 65 69 70 71 78 79 81 82 83 84 86 87 88 89 102 104 105 106 131 133 164 167 169 185 203 205 212 214 215 217 218 223 224 226 227 232 241 3 1 2 2 2 0 1 1 2 1 3 2 3 0 1 2 1 1 2 1 2 2 2 1 1 2 1 3 1 1 2 2 1 0 2 2 2 1 2 0 2 2 3 1 1 2 2 2 1 2 1 3 0 1 3 1 1 0 2 2 2 1 2 3 1 1 2 2 1 0 2 2 2 1 2 2 2 1 1 2 1 1 2 2 2 0 2 2 2 1
693305 71 0 1 2 6 7 8 9 10 11 12 13 15 16 17 21 22 23 24 26 28 37 38 40 44 54 55 56 63 64 65 66 68 75 76 77 81 82 83 87 88 89 102 103 104 105 106 109 110 115 116 130 131 164 169 170 178 188 190 191 202 205 206 211 212 215 217 218 226 227 238 239 3 1 2 2 2 0 1 1 2 2 3 1 3 0 1 1 1 2 2 2 1 2 2 1 1 1 2 3 1 1 2 2 1 0 2 2 2 1 2 1 2 1 2 1 2 2 1 3 1 2 1 3 1 0 3 1 1 0 2 2 2 1 2 3 0 2 2 1 2 0 3 1 1 2 2 2 2 1 2 1 1 1 2 2 2 1 1 2 1 2
693873 67 0 3 5 6 9 12 14 15 17 21 24 27 28 29 30 31 33 34 38 39 41 42 44 49 51 52 54 55 58 63 65 68 76 81 83 84 86 90 92 93 95 102 108 109 111 112 120 122 130 135 136 137 138 139 140 146 149 156 157 162 164 168 170 186 216 217 218 2 3 1 2 1 1 2 0 2 2 3 1 2 1 1 2 0 2 1 2 2 2 3 0 2 0 2 2 2 1 2 2 1 1 1 2 2 1 2 1 2 1 2 1 2 2 2 2 1 1 2 3 1 0 3 0 2 1 3 1 1 2 1 3 1 1 2 2 1 0 2 2 3 2 1 1 0 3 2 2 0 2 2 1 1 1 2 2 2 1
693875 88 0 1 2 3 6 8 9 10 11 12 13 15 17 18 24 25 27 28 29 30 31 33 35 37 38 39 40 41 42 43 44 45 49 51 52 54 56 59 63 65 67 68 72 76 81 82 84 90 91 93 94 99 100 102 103 108 109 111 112 118 120 121 130 135 136 138 139 148 153 154 156 157 162 163 164 165 168 170 180 181 184 186 216 218 219 220 234 238 2 3 1 2 1 1 2 0 2 2 3 1 2 1 1 2 0 2 2 1 2 2 3 0 1 1 2 2 1 2 2 3 0 1 1 2 2 1 2 1 2 1 2 1 2 3 1 2 1 1 2 2 2 0 3 1 1 1 3 1 1 1 2 3 1 1 1 3 1 1 1 2 3 1 2 1 1 2 2 2 0 2 1 2 1 2 1 2 1 2
693880 63 0 1 3 9 10 12 15 16 21 24 27 28 29 34 37 38 42 43 51 55 56 59 63 64 65 66 68 75 77 81 82 84 87 88 102 105 109 110 114 115 135 136 137 138 140 156 162 163 165 168 169 172 174 183 186 216 218 219 227 228 230 237 239 2 3 1 2 1 1 2 0 2 1 3 2 3 0 1 2 1 1 2 2 1 2 2 1 1 1 2 2 1 2 1 3 1 2 1 1 1 1 3 2 1 1 2 2 1 3 2 1 1 0 3 2 2 0 3 2 0 1 2 2 1 1 2 3 1 1 2 2 1 0 2 2 2 2 1 1 3 1 2 0 2 1 1 3 3 0 2 1 3 0
693886 62 0 1 3 10 11 14 16 18 20 21 23 25 27 28 29 34 37 38 43 44 55 56 59 65 68 72 74 75 77 81 82 84 88 91 97 108 109 115 118 124 135 136 138 162 163 164 165 169 180 181 182 183 185 187 188 216 218 219 234 236 237 239 2 3 1 2 1 1 2 0 2 1 3 2 3 1 0 2 0 2 2 2 1 2 2 1 1 1 2 2 1 2 2 3 0 1 1 2 1 1 3 2 2 0 2 1 2 3 2 1 1 0 3 2 2 0 2 2 1 2 2 1 1 1 2 3 1 1 1 3 1 1 1 2 2 2 1 0 2 2 3 1 1 2 1 2 3 0 2 0 3 1
693892 90 0 1 2 3 5 7 9 10 11 12 13 14 15 18 21 22 27 28 29 34 35 37 38 42 43 44 47 51 52 56 58 63 64 65 66 67 72 74 75 76 81 82 83 84 86 87 88 89 100 101 102 103 104 105 106 109 110 114 115 116 133 135 137 138 139 140 154 156 157 162 164 165 168 170 173 174 176 180 182 183 185 186 219 227 228 230 234 236 237 239 2 3 1 2 1 1 2 0 2 2 3 1 3 0 1 1 1 2 2 2 1 2 2 1 1 1 2 2 2 1 1 3 1 2 0 2 2 1 2 2 1 1 1 2 2 3 2 1 1 0 3 2 2 0 3 1 1 1 2 2 1 2 1 2 1 2 2 2 1 1 2 1 2 1 2 1 2 2 2 1 1 1 1 3 3 1 1 1 2 1
693893 69 0 2 3 6 8 9 10 11 12 13 18 24 25 29 35 37 38 40 47 49 52 53 54 56 57 63 64 65 66 67 72 74 75 76 81 83 84 100 101 102 103 110 130 135 137 138 154 156 157 162 164 165 168 170 173 174 180 181 182 184 186 188 219 227 228 229 234 236 238 2 3 1 2 1 1 2 0 2 2 3 1 3 0 1 1 1 2 2 1 2 2 3 0 1 1 2 3 1 1 1 3 1 1 1 2 2 1 2 2 1 1 1 2 2 3 1 2 1 1 2 2 2 0 3 1 1 0 3 2 2 1 1 2 1 2 2 3 0 1 1 2 3 0 2 1 2 2 1 2 1 1 1 3 2 2 0 2 1 2
693897 45 0 1 6 7 18 21 22 24 25 27 28 33 34 37 40 43 54 55 64 67 72 75 76 81 82 83 108 110 119 121 122 135 136 145 148 163 164 169 170 181 182 187 188 226 235 2 3 1 2 1 1 2 0 2 2 2 2 3 1 0 1 1 2 1 2 2 2 3 0 2 0 2 3 2 0 2 1 2 0 2 2 2 0 3 2 2 0 1 2 2 2 2 2 1 1 2 3 1 0 2 1 2 1 2 2 2 2 0 3 0 2 1 3 1 1 2 1 3 1 1 0 2 2 2 1 2 2 1 2 2 1 1 1 3 1
693899 53 0 2 3 6 8 18 20 21 22 24 25 26 27 29 30 33 35 38 40 43 44 54 56 57 65 67 72 74 75 76 81 83 84 108 110 111 119 121 135 137 138 146 148 164 170 182 184 187 188 227 229 236 238 2 3 1 2 1 1 2 0 2 2 2 2 3 1 0 1 1 2 2 1 2 2 3 0 1 1 2 3 1 1 2 2 1 0 2 2 2 0 3 2 2 0 1 2 2 3 1 2 1 1 2 2 2 0 2 2 1 1 2 2 2 1 1 2 1 2 2 2 1 1 2 1 3 0 2 0 3 1 2 1 2 2 0 3 2 2 0 1 2 2
694310 63 0 3 5 8 9 11 12 14 15 18 21 24 27 28 34 35 37 38 42 43 44 46 51 52 81 83 84 86 87 89 102 105 109 110 114 115 116 133 135 136 138 140 154 156 162 164 165 167 168 174 180 183 216 217 219 221 226 227 228 230 234 235 237 3 3 0 2 1 1 1 0 3 1 3 2 3 0 1 2 1 1 1 2 2 2 2 1 2 1 1 2 2 1 1 2 2 2 1 1 2 1 2 2 1 1 1 2 2 3 2 1 1 0 3 2 2 0 3 0 2 1 2 2 1 2 1 2 1 2 2 2 1 1 2 1 2 1 2 1 2 2 2 2 0 1 3 1 3 0 2 1 2 1
695193 62 0 1 3 16 18 19 21 24 25 27 28 30 33 34 43 45 48 51 52 54 55 60 61 70 72 73 78 79 81 82 83 84 86 87 88 95 97 136 137 141 142 151 163 164 167 169 176 181 182 185 187 190 203 205 209 212 214 218 232 235 236 241 1 3 2 3 0 1 2 1 1 2 2 2 3 1 0 1 1 2 2 1 2 1 3 1 2 1 1 3 2 0 2 1 2 0 2 2 1 1 3 2 1 1 2 2 1 2 2 1 1 3 1 2 0 2 2 2 1 2 1 2 1 2 1 3 1 1 0 3 2 2 1 1 3 1 1 0 2 2 2 1 2 1 2 2 2 0 2 2 3 0
695195 77 0 2 10 18 19 20 24 26 27 29 33 37 38 43 44 45 47 51 52 53 54 56 60 62 64 65 70 71 72 73 74 78 79 81 83 84 86 87 89 91 92 94 97 98 137 138 140 141 148 149 151 164 167 172 173 175 181 182 184 185 187 188 202 203 205 209 211 212 214 221 227 229 230 232 233 236 241 1 3 2 3 0 1 2 1 1 2 2 2 3 1 0 1 1 2 3 0 2 1 3 1 1 2 1 3 1 1 2 2 1 0 2 2 1 1 3 2 1 1 2 2 1 3 1 1 1 3 1 1 1 2 2 1 2 2 2 1 1 2 1 2 2 1 1 2 2 2 1 1 3 0 2 0 3 1 2 1 2 1 1 3 2 1 1 2 2 1
695264 68 0 1 3 5 7 13 16 19 23 27 28 29 30 31 32 33 34 40 41 43 45 47 48 50 52 54 55 57 58 67 72 73 75 81 82 83 84 86 87 88 94 95 97 136 138 139 148 178 180 181 182 184 185 187 202 203 205 209 210 211 212 213 214 229 234 235 237 238 1 3 2 3 0 1 2 1 1 3 2 1 3 1 0 0 1 3 2 2 1 1 2 2 2 1 1 2 2 1 2 1 2 1 2 1 2 1 2 2 1 1 1 2 2 2 1 2 1 2 2 2 2 0 1 2 2 2 1 2 2 2 0 3 1 1 0 2 3 2 1 1 3 1 1 0 2 2 2 1 2 1 2 2 2 1 2 2 2 0
695500 55 0 1 3 14 18 19 20 21 23 28 29 32 41 54 55 56 57 59 66 68 72 73 74 75 77 81 82 84 87 88 93 97 109 115 124 165 167 169 174 178 183 185 186 187 188 224 228 230 231 232 233 237 239 240 241 1 3 2 3 1 0 2 0 2 2 2 2 3 1 0 1 1 2 3 2 0 2 1 2 0 2 2 2 1 2 2 3 0 1 1 2 1 1 3 2 2 0 2 1 2 2 2 1 1 2 2 2 1 1 2 2 1 0 2 2 3 1 1 3 1 1 0 2 2 2 1 2 2 1 2 1 3 1 2 1 1 2 2 1 2 0 3 1 2 1
695684 76 0 1 3 5 8 10 11 13 14 17 19 22 27 28 30 31 32 33 35 37 38 40 41 44 45 46 48 49 57 58 60 64 67 72 73 75 76 81 82 83 84 86 87 89 91 92 94 95 98 136 138 139 141 148 162 163 164 168 170 180 181 184 191 192 208 210 211 213 216 217 222 234 235 237 238 240 2 3 1 3 0 1 1 1 2 2 3 1 3 1 0 1 0 3 2 2 1 1 2 2 2 1 1 2 2 1 2 2 1 1 1 2 2 1 2 2 1 1 1 2 2 3 1 1 1 2 2 1 2 1 1 1 3 2 1 2 2 2 0 2 1 2 1 2 2 2 1 1 3 1 1 0 1 3 2 3 0 1 3 1 2 2 1 2 0 2
695714 82 0 1 3 5 8 13 14 18 19 20 21 22 26 27 28 30 31 32 33 35 40 41 44 45 46 47 49 51 53 57 58 60 67 72 73 75 76 78 81 82 83 84 86 87 89 94 95 98 136 138 139 141 148 162 163 165 168 170 175 180 183 185 191 192 202 203 206 208 209 211 212 213 215 216 217 222 229 234 235 237 238 240 2 3 1 3 0 1 1 1 2 2 2 2 3 1 0 1 1 2 2 2 1 2 1 2 1 2 1 2 2 1 1 2 2 2 1 1 2 1 2 2 1 1 1 2 2 2 2 1 2 1 2 1 2 1 2 1 2 1 1 3 2 2 0 2 1 2 0 2 2 3 1 1 3 1 1 0 3 2 2 1 1 1 3 1 2 2 1 2 0 2
695715 85 0 1 3 6 7 12 13 18 19 24 25 27 28 30 31 33 39 40 42 43 45 46 51 52 58 60 66 67 69 72 73 78 81 82 83 84 86 87 88 89 93 94 95 96 97 136 139 140 141 142 148 149 151 162 163 167 168 170 174 177 178 180 186 188 191 194 202 203 206 208 209 213 215 217 224 229 230 231 232 233 234 235 236 240 241 2 3 1 3 0 1 1 1 2 2 2 2 3 1 0 1 1 2 2 2 1 2 2 1 1 1 2 3 2 0 1 2 2 1 1 2 2 1 2 2 1 1 1 2 2 2 1 2 2 2 1 1 2 1 3 1 1 1 1 3 1 2 1 2 1 2 0 3 1 3 0 2 2 1 2 1 3 1 2 1 1 1 3 1 1 1 2 3 1 1
695716 54 0 2 3 5 13 14 18 21 22 27 29 30 32 40 41 45 46 49 54 57 67 68 72 73 75 76 81 83 84 86 87 89 94 95 97 98 137 138 140 148 149 165 167 168 170 183 186 192 194 203 206 213 230 237 2 3 1 3 0 1 1 1 2 2 2 2 3 1 0 1 1 2 3 2 0 2 1 2 0 2 2 2 2 1 1 3 1 2 0 2 2 1 2 2 1 1 1 2 2 1 2 2 2 1 2 2 2 0 2 1 2 1 2 2 2 1 1 3 1 1 0 2 2 2 1 2 3 0 2 0 3 2 2 2 0 1 2 2 2 1 2 2 1 1
695717 66 0 2 6 8 12 14 18 21 24 27 28 29 33 35 39 40 41 42 44 45 46 49 51 54 55 60 66 67 69 71 72 73 75 76 78 81 83 87 89 93 95 96 98 136 137 141 148 149 168 170 174 177 183 186 202 203 206 211 213 224 229 230 231 233 238 240 2 3 1 3 0 1 1 1 2 2 2 2 3 1 0 1 1 2 3 1 1 2 2 1 0 2 2 3 1 1 1 3 1 1 1 2 2 1 2 2 1 1 1 2 2 1 2 2 2 2 1 2 1 1 3 0 2 1 2 2 1 2 1 3 0 2 0 3 1 2 1 2 2 1 2 1 2 2 2 2 0 1 2 2 1 2 1 3 0 2
695930 96 0 1 3 5 7 8 13 14 18 19 20 21 22 26 31 34 40 41 43 44 46 49 52 53 54 55 57 58 60 62 66 67 68 71 72 73 74 75 76 78 81 82 83 84 86 87 88 89 93 94 95 97 98 109 112 113 115 116 121 122 124 125 162 163 165 170 174 175 180 183 185 190 193 202 203 205 206 208 209 211 212 215 216 217 223 228 229 231 232 233 234 235 236 237 238 240 2 2 2 3 1 0 1 1 2 2 2 2 3 1 0 1 1 2 2 2 1 2 1 2 1 2 1 2 2 1 2 1 2 1 2 1 2 1 2 1 2 1 2 1 2 2 2 1 1 2 2 2 1 1 2 1 2 0 2 2 3 1 1 2 1 2 0 2 2 3 1 1 2 2 1 1 2 2 2 1 1 2 2 1 2 2 1 1 1 2
695931 69 0 1 3 6 7 12 13 18 19 24 25 31 34 40 43 46 52 54 55 58 66 67 72 73 81 82 83 84 86 87 88 89 93 94 95 96 97 109 112 113 115 116 121 122 124 125 163 167 169 170 178 188 190 193 194 202 203 205 206 208 209 214 215 217 218 229 230 235 236 2 2 2 3 1 0 1 1 2 2 2 2 3 1 0 1 1 2 2 2 1 2 2 1 1 1 2 3 2 0 2 1 2 0 2 2 2 1 2 1 2 1 2 1 2 2 1 2 1 2 2 2 2 0 3 1 1 0 2 2 2 1 2 2 1 2 0 3 1 3 0 2 1 2 2 2 2 1 2 1 1 2 2 1 1 1 2 2 2 1
695933 52 0 2 6 8 12 14 18 21 24 28 34 40 44 46 49 52 54 55 56 66 67 68 72 73 75 76 81 83 87 89 93 95 96 98 109 110 115 116 121 122 124 125 170 202 203 205 206 211 214 229 230 238 2 2 2 3 1 0 1 1 2 2 2 2 3 1 0 1 1 2 3 1 1 2 2 1 0 2 2 3 1 1 2 2 1 0 2 2 2 1 2 1 2 1 2 1 2 1 2 2 2 1 2 2 2 0 3 0 2 0 3 1 2 1 2 3 0 2 0 3 1 2 1 2 1 2 2 2 1 2 2 2 0 2 1 2 1 2 1 2 1 2
696980 70 0 1 3 5 7 8 10 11 13 14 17 19 22 30 31 33 34 35 40 41 43 44 48 49 52 57 58 64 67 68 72 73 75 76 81 82 83 84 86 87 88 89 91 92 94 95 98 111 112 114 115 116 121 122 124 125 162 164 168 170 180 181 184 216 219 220 234 235 237 238 2 3 1 3 1 0 1 0 3 2 3 1 3 1 0 1 0 3 2 2 1 2 2 1 1 1 2 2 2 1 2 2 1 1 1 2 2 1 2 1 2 1 2 1 2 3 1 1 0 1 3 2 3 0 1 1 3 2 2 1 2 1 1 1 1 3 2 2 1 2 1 1 3 1 1 0 1 3 2 3 0 2 2 1 2 2 1 1 1 2
703254 72 27 29 33 35 36 37 39 40 42 43 45 47 48 49 50 54 56 60 62 63 64 67 69 70 72 73 74 75 76 77 81 83 87 89 90 91 93 94 96 97 99 101 102 103 104 135 143 148 151 157 158 162 164 168 170 171 172 175 177 178 180 181 182 183 184 185 189 197 202 205 211 212 0 3 3 3 0 1 3 1 0 2 2 2 2 1 1 2 1 1 3 1 1 1 3 1 1 1 2 3 1 1 1 1 2 1 3 1 2 2 2 2 1 1 2 1 1 3 1 1 1 3 1 1 1 2 3 1 1 1 1 2 1 3 1 3 0 2 1 1 3 1 3 0 3 0 2 1 3 0 1 1 3 3 2 1 2 1 1 1 1 2
703256 20 27 35 39 50 54 62 70 73 81 89 93 104 135 143 162 170 178 181 189 197 0 3 3 3 0 1 3 1 0 2 2 2 2 1 1 2 1 1 2 2 1 1 3 1 2 0 2 2 2 1 2 0 2 1 3 1 2 2 2 2 1 1 2 1 1 2 2 1 1 3 1 2 0 2 2 2 1 2 0 2 1 3 1 3 0 2 0 2 3 2 2 0 3 0 2 2 2 0 0 2 3 3 2 0 2 1 2 0 2 2
716128 69 0 1 3 9 12 16 19 20 23 25 28 29 32 36 39 43 47 50 52 53 54 55 56 61 63 70 73 74 79 80 82 83 84 88 91 93 97 108 110 111 115 116 117 120 124 135 136 142 144 145 151 162 163 164 165 167 169 181 182 185 187 188 189 190 192 194 196 197 212 2 1 3 1 2 1 3 1 0 1 2 3 2 2 0 3 0 1 2 2 1 1 2 2 2 1 1 2 1 2 1 2 1 2 2 1 1 2 2 2 2 1 2 1 1 2 2 2 1 2 1 3 0 1 2 2 1 1 1 2 2 2 1 3 1 1 1 2 2 1 2 1 2 2 1 3 2 0 0 1 3 2 1 2 3 0 2 0 3 1
716140 81 0 1 2 3 5 7 9 11 12 13 14 16 19 22 29 31 36 39 40 43 44 46 47 49 54 55 56 61 62 63 65 71 73 74 83 84 88 89 91 93 94 97 103 104 111 116 117 120 121 122 124 125 128 130 131 135 142 144 145 146 152 154 155 162 163 164 165 167 169 170 181 182 185 189 192 193 194 196 197 208 212 2 1 3 1 2 1 3 1 0 2 2 2 1 2 1 3 0 1 2 2 1 1 2 2 2 1 1 2 2 1 1 2 1 2 1 2 2 2 1 1 2 2 2 1 1 2 2 2 1 2 1 3 0 1 2 2 1 1 2 1 2 1 2 2 1 2 1 2 2 2 2 0 2 1 2 3 1 1 0 2 2 2 1 2 3 1 1 0 2 2
716157 72 0 1 3 5 6 7 12 14 15 17 27 28 31 41 42 45 46 49 50 54 55 56 57 58 60 61 68 69 71 72 73 75 76 77 81 82 83 84 87 88 93 95 96 108 109 110 111 114 115 123 125 135 136 142 152 162 163 164 165 167 168 169 170 189 190 192 193 194 196 208 211 212 2 1 3 1 2 1 3 1 0 2 2 2 2 2 0 2 0 2 1 2 2 3 1 1 1 2 1 2 2 1 2 1 1 1 2 2 2 3 0 2 1 2 1 1 2 2 2 2 2 1 1 2 1 1 3 1 1 1 2 1 1 2 2 3 1 1 0 1 3 2 3 0 3 2 1 2 0 2 1 2 1 3 1 1 1 1 2 1 3 1
716182 73 0 1 2 3 5 7 12 13 18 19 20 21 22 23 29 31 39 40 43 45 46 47 48 49 54 55 56 61 62 70 72 73 74 81 83 84 89 93 94 95 111 116 120 121 122 124 125 135 142 151 152 162 163 164 165 167 169 170 180 181 182 183 184 185 189 192 193 194 196 197 208 211 212 2 1 3 1 2 1 3 1 0 2 1 3 1 3 0 3 0 1 2 2 1 2 2 1 1 1 2 2 2 1 2 1 1 1 2 2 2 2 1 1 2 2 2 1 1 3 2 1 1 2 1 2 0 2 3 1 1 1 2 1 1 2 2 2 1 2 0 2 2 3 2 0 2 1 2 2 1 1 1 2 2 2 1 2 3 1 1 0 2 2
716255 52 0 1 2 6 7 8 18 19 20 27 29 45 46 47 48 49 50 55 56 61 62 73 74 76 77 81 83 87 88 89 96 97 98 120 121 122 142 148 151 152 163 164 169 170 178 179 181 182 202 208 211 212 2 1 3 1 2 1 3 1 0 3 0 3 1 3 0 2 1 1 2 2 1 2 1 2 1 2 1 3 1 1 2 1 1 0 3 2 2 2 1 2 1 2 1 2 1 3 0 3 1 3 0 2 1 1 3 1 1 2 1 1 0 3 2 2 0 3 0 2 2 3 2 0 2 1 2 2 1 1 1 2 2 2 1 2 2 1 1 1 2 2
717498 64 0 6 9 11 12 15 17 18 21 24 26 27 33 36 39 41 42 44 45 47 50 51 53 54 63 65 68 81 82 91 94 95 102 103 108 109 117 120 122 126 127 130 131 135 136 144 145 146 148 149 162 163 168 171 172 177 179 180 181 186 188 216 217 226 2 2 2 1 2 1 3 0 1 2 2 2 2 1 1 2 1 1 2 2 1 2 3 0 1 0 3 3 0 2 1 2 1 1 3 1 1 2 2 2 1 2 2 2 0 2 1 3 2 1 1 2 2 0 2 2 1 2 1 1 1 2 2 3 0 2 1 2 2 1 2 1 3 2 0 1 1 2 1 2 2 3 2 1 1 2 1 2 0 2
717510 84 0 1 2 3 6 7 8 9 15 16 18 20 21 22 24 26 27 28 30 31 33 36 39 40 42 43 45 46 49 51 54 55 56 57 58 59 63 65 67 81 83 84 86 92 94 102 104 108 111 117 118 120 121 126 130 135 136 138 139 144 145 146 148 149 162 163 164 168 169 170 171 172 177 178 179 180 182 186 187 188 216 217 218 226 2 2 2 1 2 1 3 0 1 3 1 2 1 2 1 2 1 1 2 2 1 2 3 0 1 0 3 3 1 1 1 1 2 1 3 1 2 1 2 1 2 2 2 2 0 2 1 3 2 1 1 2 2 0 2 1 2 2 2 0 1 2 2 3 1 1 1 1 3 1 2 1 3 1 1 1 2 1 1 1 3 3 1 2 1 2 1 2 1 1
717524 53 0 1 7 8 12 14 17 27 28 29 34 35 39 41 44 45 46 49 50 52 53 54 55 56 68 72 73 75 76 77 81 82 83 93 108 109 110 120 122 135 136 147 149 162 163 164 169 170 179 216 218 234 236 2 2 2 1 2 1 3 0 1 3 1 2 2 2 0 1 1 2 1 3 1 3 2 0 1 0 3 1 2 2 2 1 1 2 2 1 2 3 0 2 1 2 1 1 2 2 1 3 2 1 1 2 2 0 3 1 1 1 2 1 1 2 2 3 0 2 0 3 1 2 1 2 3 2 1 2 0 2 1 2 1 3 1 1 2 2 1 0 2 2
717535 50 0 1 3 12 14 19 20 27 29 47 54 55 56 57 59 66 73 74 77 81 82 83 84 87 88 93 96 97 108 110 114 123 135 136 138 147 149 165 167 168 169 174 176 177 178 187 219 221 230 239 2 2 2 1 2 1 3 0 1 2 1 3 2 2 0 2 1 1 2 3 0 3 1 1 0 1 3 3 1 1 1 2 1 1 2 2 1 3 1 2 1 2 2 1 1 3 1 2 2 0 2 1 3 0 2 2 1 2 0 2 1 3 1 3 1 1 0 2 2 2 1 2 3 1 1 2 1 1 0 3 2 2 2 2 2 0 2 2 2 0
718578 61 0 6 9 11 12 15 17 18 21 27 29 33 35 36 39 41 42 44 45 47 48 50 56 62 65 68 71 74 77 82 89 91 94 95 98 103 109 110 116 118 121 122 125 127 130 131 162 163 168 171 172 175 177 180 181 183 184 217 226 235 238 1 2 3 2 2 0 3 0 1 2 2 2 2 1 1 2 1 1 3 1 1 1 3 1 1 1 2 3 0 2 0 2 2 2 3 0 1 3 1 3 1 1 1 1 2 2 1 2 1 3 1 2 1 1 3 1 1 2 2 1 0 2 2 2 0 3 2 1 2 1 3 0 2 2 1 1 1 2 2 2 1 2 3 1 2 1 1 2 0 2
718582 62 0 1 3 9 10 11 12 14 19 23 27 28 30 36 37 39 45 46 48 55 56 59 65 68 73 74 77 84 86 87 88 93 95 96 97 98 102 111 114 115 120 123 124 129 162 163 164 168 169 171 172 177 178 179 180 181 218 224 232 233 235 236 1 2 3 2 2 0 3 0 1 2 2 2 2 1 1 2 1 1 3 2 0 0 3 2 2 0 2 2 1 2 1 2 1 2 2 1 1 3 1 3 1 1 1 1 2 2 2 1 2 2 1 1 1 2 2 2 1 3 2 0 0 1 3 2 1 2 1 1 3 2 2 0 2 1 2 2 1 1 1 3 1 2 2 1 2 0 3 1 2 1
718592 64 0 1 3 5 7 8 12 16 22 23 27 28 30 31 33 34 36 37 39 42 43 45 46 48 49 64 68 70 71 73 74 76 77 83 84 86 87 89 90 93 95 96 98 102 104 111 114 117 120 123 126 129 162 163 168 169 171 172 177 178 180 226 232 235 1 2 3 2 2 0 3 0 1 3 1 2 1 2 1 2 1 1 2 2 1 1 3 1 2 0 2 2 2 1 1 0 3 2 3 0 2 2 1 3 1 1 0 2 2 1 2 2 2 2 1 2 1 1 2 1 2 3 2 0 0 2 2 2 1 2 1 1 3 2 2 0 2 1 2 2 1 1 1 2 2 2 2 1 2 1 2 1 2 1
718604 68 0 1 7 8 14 21 22 25 27 28 29 34 35 36 39 41 44 45 46 48 49 52 55 56 61 62 63 65 66 68 71 72 73 75 76 79 82 83 88 89 90 92 93 98 109 110 115 116 117 120 122 125 162 163 169 171 174 180 181 183 184 187 223 228 234 237 238 241 1 2 3 2 2 0 3 0 1 3 1 2 2 2 0 1 1 2 2 2 1 2 2 1 1 1 2 1 2 2 1 1 2 3 2 0 2 2 1 2 2 1 1 1 2 2 1 2 2 2 1 1 2 1 2 2 1 2 2 1 1 1 2 2 0 3 1 2 1 2 2 1 2 2 2 2 0 2 2 2 0 2 2 1 3 1 1 0 2 2
718605 62 0 1 3 6 7 9 12 21 24 25 27 28 29 30 32 36 39 41 45 46 48 55 56 59 61 62 65 68 73 79 82 84 87 88 90 93 96 109 110 111 113 117 120 122 162 163 168 169 171 174 177 180 181 183 186 187 218 223 224 230 233 241 1 2 3 2 2 0 3 0 1 3 1 2 2 2 0 1 1 2 2 2 1 2 1 2 1 2 1 2 2 1 1 1 2 2 2 1 2 2 1 2 2 1 1 1 2 2 1 2 2 3 0 1 1 2 3 2 0 2 2 1 0 1 3 2 1 2 1 1 2 2 2 1 1 2 3 3 0 1 2 2 0 2 2 1 2 0 2 1 3 1
718628 49 0 1 3 5 7 8 18 19 21 23 25 26 27 28 30 33 34 73 74 77 79 80 83 84 86 87 89 93 95 98 111 114 120 123 162 163 165 168 169 174 178 180 181 183 186 187 232 235 241 1 2 3 2 2 0 3 0 1 3 0 3 1 3 0 2 1 1 2 2 1 2 2 1 1 1 2 2 2 1 1 0 3 2 3 0 2 1 2 3 2 0 0 2 2 2 1 2 2 2 1 1 2 1 2 1 2 3 2 0 0 2 2 2 1 2 0 2 2 3 1 1 2 1 2 1 2 1 2 1 2 1 3 1 3 0 2 1 2 1
718728 63 0 2 9 10 11 15 17 19 27 29 33 35 36 37 42 44 46 47 53 54 60 62 63 64 65 69 71 73 74 80 89 91 92 94 98 103 107 118 121 125 127 128 130 134 145 148 152 154 157 162 164 165 168 170 181 182 184 188 189 192 197 208 211 1 2 3 2 1 1 3 1 0 2 2 2 1 2 1 3 0 1 3 0 2 1 3 1 1 2 1 3 1 1 0 2 2 2 2 1 1 3 1 2 1 2 2 1 1 2 1 2 2 2 1 1 2 1 2 1 2 1 2 1 2 2 1 2 2 1 1 2 2 2 1 1 3 0 2 2 1 2 0 3 1 2 3 1 3 1 0 1 0 3
718749 67 0 1 3 9 15 21 27 28 32 33 34 36 42 44 45 46 50 54 55 57 59 60 61 63 69 71 72 73 75 77 81 82 84 87 88 90 96 108 109 111 113 114 115 116 117 123 125 138 142 144 152 162 163 165 168 169 180 181 183 189 190 192 194 196 197 208 212 1 2 3 2 1 1 3 1 0 2 2 2 2 2 0 2 0 2 2 1 2 2 2 1 1 2 1 2 2 1 2 1 1 1 2 2 1 3 1 3 1 1 1 1 2 2 2 1 2 1 2 1 2 1 3 2 0 1 1 2 1 2 2 2 2 1 1 0 3 2 3 0 3 2 1 2 0 2 1 2 1 3 2 0 1 0 3 1 3 1
718793 57 0 6 9 12 15 20 27 29 33 35 36 39 42 47 50 54 60 62 63 66 69 74 77 87 88 89 93 94 96 97 114 115 116 120 121 123 124 142 147 148 151 162 163 164 168 169 170 181 182 184 185 189 190 196 197 211 212 1 2 3 2 1 1 3 1 0 2 2 2 2 2 0 2 0 2 3 1 1 0 3 2 2 1 1 3 0 2 1 2 1 1 3 1 1 3 1 3 1 1 1 1 2 2 1 2 1 3 1 2 1 1 2 1 2 2 1 1 1 3 1 2 0 3 2 1 2 1 3 0 2 2 1 3 2 0 0 1 3 2 2 1 2 1 1 1 1 3
718800 71 0 1 2 3 6 8 9 10 11 12 15 17 27 28 29 30 32 36 37 39 41 46 47 54 55 57 60 61 62 63 64 65 66 68 69 70 71 73 74 82 86 89 91 92 95 97 98 113 118 122 127 128 131 145 149 151 152 154 158 162 163 164 165 168 169 170 189 190 192 208 212 1 2 3 2 1 1 3 1 0 3 2 1 1 2 1 2 0 2 3 1 1 1 3 1 1 1 2 3 1 1 0 2 2 2 2 1 2 3 0 2 1 2 1 1 2 2 1 2 2 3 0 1 1 2 2 1 2 1 2 1 2 2 1 2 1 2 1 1 3 2 2 0 3 1 1 2 1 2 0 2 2 2 3 1 3 0 1 1 1 2
718805 69 0 1 2 3 6 8 9 10 11 12 15 17 27 30 33 34 36 37 39 42 43 46 54 55 59 60 61 62 63 64 65 66 68 69 70 71 73 74 84 86 87 88 89 93 95 96 97 98 111 114 120 123 124 142 147 149 151 152 158 162 163 164 167 168 169 170 189 196 208 1 2 3 2 1 1 3 1 0 3 2 1 1 2 1 2 0 2 3 1 1 0 3 2 2 1 1 3 1 1 1 2 1 1 2 2 2 3 0 2 1 2 1 1 2 2 1 2 1 3 1 2 1 1 2 1 2 2 2 0 1 2 2 1 1 3 2 1 2 2 2 0 2 1 2 3 1 1 0 2 2 2 2 1 2 0 2 1 2 2
718806 90 0 2 3 6 8 9 15 18 20 21 27 28 29 30 31 32 36 37 45 46 47 48 49 50 54 55 57 58 60 61 62 63 64 65 69 70 71 72 73 74 75 76 77 81 84 86 87 89 90 92 96 98 102 104 108 111 113 118 126 128 129 130 131 138 139 144 145 151 152 157 158 162 164 165 168 170 171 177 179 180 182 183 185 189 190 192 193 208 211 212 1 2 3 2 1 1 3 1 0 3 1 2 1 2 1 2 1 1 3 1 1 1 3 1 1 1 2 3 1 1 1 1 2 1 3 1 2 2 1 2 1 2 1 2 1 2 1 2 2 3 0 1 1 2 3 0 2 1 2 1 1 3 1 2 1 2 2 0 3 1 3 0 3 1 1 1 2 1 1 1 3 3 2 1 2 1 1 1 1 2
718808 60 0 1 3 5 7 8 12 16 22 23 27 28 30 31 32 36 37 39 41 46 49 50 54 55 61 62 63 64 70 71 73 81 84 86 89 90 93 95 98 104 108 111 113 117 120 122 131 144 152 162 163 169 170 171 172 178 179 189 190 208 1 2 3 2 1 1 3 1 0 3 1 2 1 2 1 2 1 1 2 2 1 1 3 1 2 0 2 2 2 1 2 0 2 1 3 1 2 2 1 2 1 2 1 2 1 1 2 2 2 3 0 2 0 2 2 1 2 2 1 1 1 3 1 2 1 2 1 1 3 2 2 0 3 1 1 2 1 1 0 2 3 3 2 0 2 1 2 0 2 2
718821 67 0 1 3 7 9 12 21 25 27 28 30 32 34 35 36 39 41 45 46 48 50 52 53 63 66 68 72 73 75 77 79 80 81 82 84 88 90 93 108 109 111 113 115 116 117 125 144 147 149 152 162 163 169 171 174 180 181 183 187 189 190 194 196 197 201 208 212 1 2 3 2 1 1 3 1 0 3 1 2 2 2 0 1 1 2 2 2 1 2 1 2 1 2 1 2 2 1 2 1 1 1 2 2 2 2 1 3 1 1 0 2 2 2 1 2 2 2 1 1 2 1 3 2 0 1 1 2 1 2 2 2 1 2 1 1 2 2 2 1 2 2 2 3 0 1 1 2 1 3 2 0 2 0 2 0 3 2
718834 71 0 1 3 14 18 19 20 21 27 28 29 30 32 39 41 45 46 47 48 50 54 55 57 59 66 68 72 73 74 75 77 81 82 84 88 93 97 108 111 115 120 138 142 147 151 162 163 164 165 167 169 174 176 178 179 180 181 182 183 187 188 189 190 192 194 196 197 201 205 208 212 1 2 3 2 1 1 3 1 0 2 1 3 2 2 0 2 1 1 3 2 0 1 2 2 1 1 2 2 1 2 2 2 0 1 2 2 1 2 2 3 1 1 1 2 1 3 1 1 1 3 1 1 1 2 2 2 1 2 1 1 1 2 2 2 1 2 0 2 2 3 1 1 3 1 1 1 1 2 1 3 1 2 2 1 3 0 2 0 2 2
718838 81 0 1 3 5 7 8 10 14 22 25 27 28 30 31 32 36 37 39 41 46 49 50 54 55 57 58 61 62 63 66 68 70 71 73 76 77 79 80 81 82 86 89 90 91 94 95 97 98 108 111 113 117 118 120 121 122 138 139 144 147 148 149 151 152 162 163 165 169 170 181 184 185 187 188 189 190 192 193 208 211 212 1 2 3 2 1 1 3 1 0 3 1 2 1 3 0 2 0 2 2 2 1 2 2 1 1 1 2 2 2 1 1 1 2 2 2 1 2 2 1 2 2 1 1 1 2 2 1 2 2 3 0 1 1 2 1 2 2 2 1 1 2 2 1 2 1 2 1 1 2 2 2 1 3 1 1 2 1 2 0 2 2 3 2 0 2 1 2 0 2 2
718839 70 0 1 6 7 9 10 12 25 27 28 33 34 36 37 39 42 43 46 52 54 55 60 61 63 66 69 70 73 79 81 82 87 88 89 90 91 95 96 97 108 114 116 117 118 120 122 123 124 125 142 144 147 149 151 152 162 163 168 169 170 181 185 187 188 189 190 196 197 208 212 1 2 3 2 1 1 3 1 0 3 1 2 1 3 0 2 0 2 2 2 1 2 1 2 1 2 1 3 2 0 1 1 2 1 2 2 2 2 1 2 2 1 1 1 2 2 1 2 2 2 1 1 2 1 2 2 1 2 1 1 1 2 2 2 0 3 1 2 1 2 2 1 2 1 2 3 1 1 0 2 2 3 2 0 1 0 3 1 3 1
718841 71 0 1 2 6 8 9 11 19 27 30 31 33 34 36 39 42 46 49 52 54 55 58 59 60 61 62 63 65 66 68 69 71 73 74 76 79 80 81 87 88 89 90 92 96 98 111 114 117 120 123 139 142 144 147 149 152 162 163 164 168 169 170 181 182 187 188 189 193 196 208 211 1 2 3 2 1 1 3 1 0 3 1 2 1 3 0 2 0 2 3 1 1 1 2 2 1 2 1 3 1 1 1 2 1 1 2 2 2 2 1 2 2 1 1 1 2 3 0 2 1 3 1 1 2 1 2 1 2 2 2 0 1 2 2 1 1 3 1 2 1 3 1 1 2 1 2 3 0 2 0 3 1 3 1 1 1 1 2 1 2 2
718844 68 0 1 3 5 7 8 18 19 21 23 25 26 27 28 30 32 45 46 48 50 54 55 57 61 62 72 73 75 77 79 80 81 84 86 89 93 95 98 108 111 113 120 122 138 147 149 152 162 163 165 169 170 174 176 178 179 180 181 183 185 187 188 189 190 192 201 208 212 1 2 3 2 1 1 3 1 0 3 0 3 1 3 0 2 1 1 2 2 1 2 2 1 1 1 2 2 2 1 2 0 2 1 3 1 2 1 2 2 2 1 1 2 1 2 1 2 2 3 0 1 1 2 2 1 2 2 1 1 1 3 1 2 1 2 0 2 2 3 1 1 3 1 1 1 2 1 1 1 3 2 3 0 3 0 2 0 2 2
718965 74 0 1 3 9 10 15 16 18 19 21 22 27 28 31 33 34 36 37 42 43 45 46 49 58 61 70 76 82 83 84 86 87 88 90 92 96 109 110 111 112 113 114 115 116 117 118 123 124 125 139 140 142 143 151 152 162 163 164 165 167 168 169 180 181 182 183 184 185 220 221 223 224 238 239 2 2 2 1 2 1 3 0 1 2 2 2 2 2 0 2 0 2 2 1 2 2 2 1 1 2 1 2 3 0 1 1 2 2 1 2 1 2 2 2 2 1 2 1 1 3 1 1 2 2 1 0 2 2 3 1 1 2 1 2 0 2 2 2 2 1 1 0 3 2 3 0 2 2 2 2 1 1 2 1 1 2 2 1 1 1 2 2 2 1
718967 64 0 2 15 17 18 27 28 29 33 35 42 43 44 45 46 55 56 62 70 71 73 83 84 86 87 93 95 96 109 110 111 112 113 114 115 116 120 121 122 123 124 125 139 140 142 143 148 149 151 152 162 164 165 167 168 170 180 183 218 220 221 223 224 238 2 2 2 1 2 1 3 0 1 2 2 2 2 2 0 2 0 2 3 0 2 1 3 1 1 2 1 2 2 1 1 2 1 2 1 2 1 2 2 2 2 1 2 1 1 2 2 1 2 2 1 1 1 2 3 0 2 2 2 1 0 2 2 2 2 1 0 1 3 3 2 0 2 1 3 2 1 1 2 2 0 2 1 2 1 2 1 2 1 2
719011 62 0 1 3 9 10 18 19 21 27 28 30 36 37 45 46 48 64 73 82 86 88 89 98 109 110 113 115 116 118 124 125 127 131 145 146 151 152 154 158 162 163 164 165 167 168 169 170 171 172 177 178 179 180 181 183 185 226 232 233 235 236 239 2 2 2 1 2 1 3 0 1 2 2 2 2 1 1 2 1 1 3 2 0 1 2 2 1 1 2 3 2 0 0 2 2 2 1 2 2 2 1 3 1 1 0 2 2 2 1 2 1 3 1 2 1 1 3 1 1 2 1 2 0 2 2 2 1 2 2 0 3 1 3 0 2 1 2 1 2 1 2 2 1 2 3 1 2 0 2 2 1 1
719012 73 0 1 3 5 8 9 10 12 13 17 19 22 23 27 30 32 33 35 36 39 42 44 45 48 50 64 67 71 73 76 77 82 84 86 87 89 90 93 95 102 103 111 113 114 116 117 120 122 123 125 126 129 131 145 148 149 152 154 157 158 162 163 168 170 171 172 177 179 180 181 226 233 235 2 2 2 1 2 1 3 0 1 2 2 2 2 1 1 2 1 1 2 2 1 1 3 1 2 0 2 2 2 1 1 1 2 2 2 1 2 2 1 3 1 1 0 2 2 2 2 1 2 2 1 1 1 2 2 1 2 3 0 2 0 3 1 1 1 3 2 1 2 2 2 0 2 2 1 2 1 1 1 2 2 2 3 0 2 2 1 1 0 3
719014 74 0 1 2 3 5 9 12 13 19 22 23 27 28 29 30 31 32 36 37 39 40 45 46 47 48 49 50 64 67 73 74 76 77 84 86 87 88 89 93 96 102 103 111 112 113 114 115 116 120 121 123 124 129 130 131 148 151 157 158 162 163 164 168 169 170 171 177 178 180 181 226 232 235 236 2 2 2 1 2 1 3 0 1 2 2 2 2 1 1 2 1 1 3 2 0 0 3 2 2 0 2 2 2 1 1 2 1 2 1 2 2 2 1 3 1 1 0 2 2 1 2 2 2 2 1 2 1 1 2 1 2 3 1 1 0 2 2 2 1 2 1 1 3 2 2 0 2 1 2 2 2 0 1 2 2 2 2 1 2 1 2 1 1 2
719036 80 0 1 2 7 8 10 11 13 18 19 21 22 25 26 27 28 29 34 35 36 37 39 40 43 44 45 46 48 49 53 61 62 66 67 70 71 75 76 79 82 83 89 90 92 93 109 110 115 116 117 118 120 121 125 142 143 147 148 152 162 163 164 169 170 171 174 175 179 180 181 182 183 184 188 223 228 233 237 238 242 2 2 2 1 2 1 3 0 1 3 1 2 2 2 0 1 1 2 2 2 1 2 2 1 1 1 2 1 3 1 1 1 2 3 1 1 2 1 2 2 2 1 1 2 1 3 1 1 2 2 1 0 2 2 2 1 2 2 1 2 1 2 1 2 0 3 1 2 1 2 2 1 2 2 2 2 1 1 2 1 1 2 2 1 3 2 0 0 1 3
719038 61 0 1 2 13 18 19 21 22 27 28 29 39 40 45 46 48 49 55 56 66 67 72 73 75 76 83 88 89 93 98 109 110 115 116 120 121 122 124 125 142 143 147 148 149 151 152 162 164 170 174 176 179 180 183 218 224 228 230 233 234 237 2 2 2 1 2 1 3 0 1 3 1 2 2 2 0 1 1 2 3 2 0 1 2 2 1 1 2 1 3 1 1 2 1 3 0 2 2 1 2 2 2 1 1 2 1 2 1 2 2 2 1 1 2 1 2 1 2 2 2 1 1 1 2 2 0 3 0 2 2 3 2 0 2 1 3 2 1 1 2 2 0 2 1 2 3 1 1 0 2 2
719039 58 0 2 3 6 8 12 18 21 24 27 28 29 30 31 39 45 46 48 49 55 56 58 61 62 71 73 79 83 84 87 89 93 96 98 109 110 111 112 120 139 142 143 152 162 164 168 170 174 177 179 180 183 186 218 223 224 233 238 2 2 2 1 2 1 3 0 1 3 1 2 2 2 0 1 1 2 3 1 1 1 2 2 1 2 1 2 2 1 1 2 1 2 1 2 2 1 2 2 2 1 1 2 1 2 1 2 2 3 0 1 1 2 3 0 2 2 2 1 0 2 2 2 1 2 0 2 2 3 1 1 1 2 3 3 0 1 2 2 0 2 1 2 2 2 0 1 1 3
719047 37 0 1 9 10 18 19 27 28 30 36 37 39 64 73 82 83 88 89 109 110 113 115 116 118 124 145 151 168 169 170 177 178 186 188 232 239 242 2 2 2 1 2 1 3 0 1 2 1 3 2 2 0 2 1 1 3 2 0 2 1 2 0 2 2 3 2 0 0 2 2 2 1 2 2 1 2 3 2 0 0 2 2 3 0 2 1 3 1 1 2 1 3 1 1 2 1 2 0 2 2 2 1 2 1 1 2 2 2 1 2 1 2 2 2 0 1 2 2 1 3 2 3 0 1 2 1 1
719050 76 0 1 2 3 5 13 18 19 20 21 22 27 28 29 30 31 32 39 40 67 73 74 76 77 83 84 87 88 89 93 98 109 110 111 112 113 114 115 116 120 121 122 123 124 125 148 149 151 152 162 163 164 165 167 168 169 170 174 175 176 178 179 180 181 182 183 184 186 188 230 232 233 235 236 239 242 2 2 2 1 2 1 3 0 1 2 1 3 2 2 0 2 1 1 3 2 0 1 2 2 1 1 2 2 2 1 1 2 1 2 1 2 2 1 2 3 2 0 0 2 2 2 1 2 2 2 1 1 2 1 2 1 2 3 1 1 0 2 2 2 1 2 0 2 2 3 1 1 2 1 2 1 2 1 2 2 1 1 2 2 3 1 1 1 1 2
719054 76 0 1 3 10 13 18 19 22 25 27 28 30 31 33 34 36 37 39 40 43 45 46 48 49 51 57 58 60 61 66 67 70 75 76 79 83 86 91 92 94 95 98 109 110 112 113 116 118 121 122 124 125 139 143 148 149 151 152 162 163 164 165 168 170 180 181 182 184 185 186 188 222 223 237 238 242 2 2 2 1 2 1 3 0 1 3 1 2 1 3 0 2 0 2 2 2 1 2 2 1 1 1 2 2 3 0 0 1 3 3 1 1 1 2 2 3 1 1 1 2 1 3 1 1 2 2 1 0 2 2 1 1 3 3 1 1 1 2 1 2 1 2 1 1 2 2 2 1 2 1 2 2 2 1 1 1 2 2 2 1 2 2 1 1 1 2
719181 75 0 1 3 9 10 15 16 18 19 21 22 27 28 31 33 34 36 37 42 43 54 57 58 60 61 63 69 70 72 73 75 76 81 83 84 86 87 90 92 96 108 110 111 113 114 116 117 123 125 138 140 143 144 146 152 162 163 164 165 167 168 169 180 181 182 183 184 185 189 190 192 193 194 196 197 2 1 3 1 2 1 3 1 0 2 2 2 2 2 0 2 0 2 2 1 2 2 2 1 1 2 1 2 3 0 2 0 2 1 2 2 1 2 2 3 2 0 1 1 2 3 1 1 1 2 2 1 2 1 3 1 1 1 2 1 1 1 3 2 2 1 1 0 3 2 3 0 3 1 2 2 1 1 1 2 1 3 1 1 1 1 2 1 3 1
719226 78 0 2 6 8 9 11 12 15 17 18 21 27 28 33 36 37 39 40 42 44 45 46 47 48 49 54 56 60 62 63 64 65 67 69 71 72 73 74 75 76 81 87 89 90 93 102 108 110 114 116 118 121 125 126 127 129 130 143 144 146 148 152 157 162 164 168 170 171 177 179 180 183 189 190 197 202 208 211 2 1 3 1 2 1 3 1 0 2 2 2 2 1 1 2 1 1 3 1 1 1 3 1 1 1 2 3 1 1 1 1 2 1 3 1 2 2 1 2 1 2 1 2 1 2 2 1 2 2 1 1 1 2 3 0 2 1 2 1 1 2 2 2 0 3 2 1 2 1 3 0 3 1 1 1 2 1 1 2 2 3 2 1 2 2 0 1 0 3
719227 67 0 3 9 10 18 19 21 27 30 36 37 45 46 48 54 57 63 64 72 73 75 81 84 86 87 89 90 96 98 102 108 110 111 113 118 126 127 129 131 138 140 143 144 146 151 152 158 162 164 165 167 168 170 171 172 177 178 179 180 181 183 185 189 192 194 208 212 2 1 3 1 2 1 3 1 0 2 2 2 2 1 1 2 1 1 3 2 0 1 2 2 1 1 2 3 2 0 1 1 2 1 2 2 2 2 1 2 1 2 1 2 1 2 1 2 2 3 0 1 1 2 3 1 1 1 2 1 1 1 3 2 1 2 2 0 3 1 3 0 3 0 2 1 2 1 1 3 1 3 2 1 2 0 2 1 2 1
719228 65 0 1 3 5 7 8 9 10 12 13 17 19 22 23 30 31 36 37 39 40 44 46 49 50 54 61 62 63 64 70 71 73 81 84 86 89 90 93 95 108 111 113 116 117 120 122 125 131 143 144 152 162 163 169 170 171 172 179 181 189 190 196 197 205 208 2 1 3 1 2 1 3 1 0 2 2 2 2 1 1 2 1 1 2 2 1 1 3 1 2 0 2 2 2 1 2 0 2 1 3 1 2 2 1 2 1 2 1 2 1 2 2 1 1 3 1 2 0 2 2 1 2 2 1 1 1 2 2 1 1 3 2 1 2 2 2 0 3 1 1 2 1 1 0 3 2 3 2 0 2 2 1 0 1 3
719230 43 0 2 3 5 9 12 13 19 22 23 27 30 36 37 39 40 46 49 54 56 63 64 73 74 84 86 89 93 103 111 120 121 130 143 151 162 164 170 171 178 181 189 208 2 1 3 1 2 1 3 1 0 2 2 2 2 1 1 2 1 1 3 2 0 0 3 2 2 0 2 2 2 1 2 1 1 1 2 2 2 2 1 2 1 2 1 2 1 1 2 2 2 3 0 2 0 2 2 1 2 2 2 0 1 1 3 2 1 2 1 1 3 2 2 0 3 0 2 2 2 0 0 3 2 3 1 1 2 1 2 0 2 2
719264 91 0 1 3 7 8 10 11 13 18 19 20 21 22 25 26 30 31 36 37 39 40 44 45 46 48 49 53 54 57 58 61 62 64 65 66 67 70 71 72 73 74 75 76 79 80 81 83 84 89 90 92 93 108 111 116 117 120 125 138 143 146 147 152 162 163 164 165 169 170 172 174 175 179 180 181 182 183 184 187 188 189 190 192 193 196 197 201 202 205 208 211 2 1 3 1 2 1 3 1 0 2 1 3 2 2 0 2 1 1 2 2 1 2 2 1 1 1 2 2 2 1 2 0 2 1 3 1 2 1 2 2 2 1 1 2 1 3 1 1 1 3 1 1 1 2 2 1 2 2 1 1 1 2 2 1 1 3 1 2 1 3 1 1 3 1 1 1 2 1 1 2 2 2 2 1 3 2 0 0 1 3
719265 61 0 1 6 7 9 10 18 19 30 31 33 36 37 39 40 42 45 46 48 49 58 61 64 67 70 73 76 81 83 87 89 90 96 108 111 113 114 116 117 120 123 140 143 163 164 169 170 172 178 181 182 190 193 194 196 197 202 205 208 211 212 2 1 3 1 2 1 3 1 0 2 1 3 2 2 0 2 1 1 2 2 1 2 1 2 1 2 1 3 2 0 2 0 2 0 3 2 2 1 2 2 2 1 1 2 1 3 0 2 1 3 1 1 2 1 3 1 1 2 1 1 0 2 3 1 1 3 1 1 2 3 2 0 2 1 2 2 2 0 1 2 2 2 2 1 2 1 1 1 2 2
719266 71 0 2 3 5 13 18 19 20 21 22 27 30 39 40 45 46 48 49 54 56 57 59 66 67 72 73 74 75 76 77 81 83 84 89 93 98 108 111 120 121 138 140 143 147 148 149 151 152 162 164 165 167 170 174 175 176 178 179 180 181 182 183 184 187 188 189 192 201 202 208 211 2 1 3 1 2 1 3 1 0 2 1 3 2 2 0 2 1 1 3 2 0 1 2 2 1 1 2 2 2 1 2 1 1 1 2 2 2 1 2 2 2 1 1 2 1 2 1 2 2 3 0 1 1 2 2 1 2 2 2 0 1 1 3 2 1 2 0 2 2 3 1 1 3 0 2 1 2 1 1 3 1 2 1 2 3 1 1 0 2 2
719267 54 0 2 6 8 12 18 20 21 27 28 33 39 40 42 45 46 48 49 56 61 62 67 71 73 74 76 81 83 87 89 93 96 98 108 114 115 120 121 123 124 143 148 151 152 164 170 179 182 190 196 202 205 208 211 2 1 3 1 2 1 3 1 0 2 1 3 2 2 0 2 1 1 3 1 1 1 2 2 1 2 1 3 1 1 2 1 1 0 3 2 2 1 2 2 2 1 1 2 1 2 1 2 2 2 1 1 2 1 3 0 2 2 2 0 0 2 3 2 0 3 0 2 2 3 2 0 2 1 2 2 1 1 1 3 1 2 1 2 2 2 0 1 1 3
719655 88 0 1 3 5 6 7 9 10 11 13 14 15 16 19 21 22 27 32 33 35 36 41 42 44 45 47 48 50 51 57 58 60 61 63 64 67 69 70 72 73 75 76 79 82 83 84 86 87 88 91 92 93 94 95 96 97 98 108 110 113 114 117 120 122 123 125 162 163 164 167 168 169 170 182 183 184 185 186 187 216 217 220 222 223 234 237 238 241 2 2 2 2 2 0 2 0 2 2 2 2 2 2 0 2 0 2 2 2 1 2 2 1 1 1 2 2 2 1 1 1 2 2 2 1 2 2 1 2 2 1 1 1 2 2 2 1 1 1 2 2 2 1 2 2 2 2 0 2 2 2 0 2 1 2 2 1 2 1 2 1 2 2 1 2 2 1 1 1 2 2 2 1 1 1 2 2 2 1
719661 71 0 1 5 6 7 9 10 15 16 27 32 33 35 36 42 44 45 50 58 60 61 63 64 69 70 71 72 73 76 77 81 82 86 87 88 90 91 96 97 98 108 113 114 117 123 125 126 131 162 163 167 168 169 170 171 172 177 178 179 216 217 220 221 222 223 226 232 233 234 238 239 2 2 2 2 2 0 2 0 2 2 2 2 2 1 1 2 1 1 2 2 1 2 2 1 1 1 2 2 2 1 2 1 1 1 2 2 2 3 0 2 1 2 1 1 2 2 2 1 1 1 2 2 2 1 3 2 1 2 0 2 1 2 1 2 1 2 2 0 3 1 3 0 2 2 1 1 1 2 2 2 1 3 2 0 0 1 3 2 2 1
719663 61 0 1 2 6 8 9 10 11 13 14 15 17 33 35 41 42 44 50 54 55 60 61 63 64 67 69 70 72 73 76 81 82 87 88 90 94 96 97 114 123 162 163 164 168 169 170 171 172 175 176 177 178 179 216 217 222 223 226 232 234 238 2 2 2 2 2 0 2 0 2 2 2 2 2 1 1 2 1 1 3 1 1 1 3 1 1 1 2 2 1 2 2 2 0 1 2 2 2 3 0 2 1 2 1 1 2 2 2 1 0 2 2 3 1 1 3 1 2 2 0 2 1 3 0 3 0 2 1 1 3 1 3 0 2 2 1 1 2 1 2 1 2 3 1 1 0 2 2 2 1 2
719669 88 0 1 2 3 5 6 8 9 10 11 13 14 15 17 20 21 31 32 33 34 40 41 42 43 48 49 51 54 55 57 58 60 61 63 64 69 70 72 73 83 84 86 87 88 91 92 93 94 95 96 97 98 103 104 107 113 114 120 121 122 123 124 125 129 130 131 133 134 162 163 164 167 168 169 170 182 183 184 185 186 188 216 217 222 223 234 237 241 2 2 2 2 2 0 2 0 2 3 2 1 1 2 1 2 0 2 3 1 1 1 3 1 1 1 2 2 2 1 1 2 1 2 1 2 2 2 1 1 2 2 2 1 1 2 2 1 0 2 2 3 1 1 2 1 3 2 1 1 2 2 0 2 1 2 2 1 2 1 2 1 2 1 2 2 2 1 1 1 2 2 1 2 1 1 2 2 2 1
719673 63 0 1 6 7 9 10 13 15 16 27 28 33 34 36 37 40 42 43 45 49 54 55 60 61 72 73 76 81 83 87 90 92 95 96 108 110 114 117 122 123 126 128 131 162 163 164 168 169 171 172 175 176 177 178 216 217 218 222 223 234 236 238 239 2 2 2 2 2 0 2 0 2 3 1 2 1 2 1 2 1 1 2 2 1 2 2 1 1 1 2 2 3 0 2 0 2 1 2 2 2 3 0 1 2 2 2 0 2 2 2 1 1 1 2 2 2 1 3 1 2 2 1 1 1 2 1 3 0 2 1 1 3 1 3 0 2 1 2 1 2 1 2 1 2 3 1 1 0 1 3 2 3 0
719711 68 0 2 3 5 6 8 18 20 21 23 24 26 31 32 33 34 48 49 50 51 52 54 55 57 58 60 61 72 73 75 76 79 81 83 84 86 87 90 92 93 95 96 98 113 114 120 121 122 123 124 125 167 168 170 174 176 177 179 183 185 220 222 223 229 232 237 238 241 2 2 2 2 2 0 2 0 2 3 0 3 1 3 0 2 1 1 3 1 1 2 2 1 0 2 2 2 2 1 2 1 1 1 2 2 2 2 1 1 2 2 2 1 1 3 1 1 0 2 2 2 2 1 3 0 3 2 1 1 1 3 0 2 1 2 1 1 2 2 2 1 2 1 2 1 2 1 2 1 2 2 1 2 1 1 2 2 2 1
720094 66 0 1 3 9 10 11 12 14 19 23 30 32 39 41 50 54 55 56 57 59 63 64 65 68 73 74 77 81 82 84 87 88 90 93 96 97 106 111 114 120 123 162 163 164 168 169 171 172 177 178 179 181 187 188 216 217 218 222 223 226 232 233 235 236 241 242 1 2 3 2 2 0 3 0 1 2 2 2 2 1 1 2 1 1 3 2 0 1 3 1 1 0 3 2 1 2 2 2 0 1 2 2 1 3 1 2 1 2 2 1 1 2 2 1 0 2 2 3 1 1 2 2 1 2 0 2 1 3 1 3 1 1 1 1 3 1 2 1 3 1 1 2 1 1 0 3 2 2 2 1 2 0 3 1 2 1
720095 62 0 6 9 11 12 15 17 18 21 33 35 39 41 42 44 48 50 54 56 63 65 68 72 74 75 77 81 82 87 88 90 93 94 96 97 102 103 114 115 120 123 129 130 163 164 169 170 172 175 176 178 179 181 184 185 217 218 226 235 236 238 239 1 2 3 2 2 0 3 0 1 2 2 2 2 1 1 2 1 1 3 1 1 1 3 1 1 1 2 3 0 2 2 2 0 0 3 2 1 3 1 2 1 2 2 1 1 2 1 2 0 2 2 3 2 0 3 1 1 1 1 2 1 3 1 3 0 2 1 1 3 1 3 0 2 2 1 2 1 1 1 2 2 2 2 1 1 1 2 2 1 2
720101 62 0 1 2 3 6 8 9 10 11 12 15 17 32 33 34 39 41 42 43 54 55 56 57 59 73 74 83 84 86 87 88 91 92 93 95 96 97 98 113 114 120 122 123 124 125 131 133 134 162 163 164 167 168 169 170 216 217 218 221 235 236 239 1 2 3 2 2 0 3 0 1 3 2 1 1 2 1 2 0 2 3 1 1 1 3 1 1 1 2 3 1 1 1 2 1 1 2 2 2 3 0 1 2 2 2 0 2 2 1 2 0 2 2 3 2 0 2 1 2 1 2 1 2 2 1 2 1 2 2 1 2 1 2 1 2 1 2 3 1 1 0 2 2 1 2 2 2 0 2 2 2 1
720102 63 0 2 3 6 8 9 15 21 27 28 30 31 33 36 37 42 43 48 49 51 55 56 58 59 61 64 65 70 71 76 77 80 81 83 84 86 90 92 102 104 108 111 117 118 129 130 165 168 170 177 179 183 185 186 188 220 223 232 233 238 239 241 242 1 2 3 2 2 0 3 0 1 3 1 2 1 2 1 2 1 1 3 1 1 2 3 0 0 1 3 3 1 1 1 1 2 1 3 1 2 2 1 1 2 2 2 1 1 2 1 2 1 2 1 2 2 1 3 0 2 2 2 0 0 3 2 3 1 1 2 0 3 0 3 1 3 1 1 1 2 1 1 1 3 2 2 2 2 1 1 2 1 1
720104 81 0 1 3 5 7 8 12 16 22 23 27 28 30 31 33 36 37 39 42 43 46 49 52 54 55 56 57 58 59 60 61 63 64 68 69 70 71 73 74 76 77 79 80 81 83 84 86 90 93 95 104 108 111 117 120 162 163 164 168 169 170 171 172 177 178 179 182 187 188 216 217 218 222 223 226 232 233 235 236 241 242 1 2 3 2 2 0 3 0 1 3 1 2 1 2 1 2 1 1 2 2 1 2 3 0 1 0 3 2 2 1 2 0 2 1 3 1 2 2 1 1 2 2 2 1 1 1 2 2 1 2 1 3 1 1 2 1 2 2 2 0 1 2 2 3 1 1 1 1 3 1 2 1 3 1 1 2 1 1 0 2 3 2 2 1 2 1 2 1 2 1
720105 60 0 1 6 7 12 15 16 18 21 27 28 33 34 36 37 39 42 43 46 48 54 55 63 64 72 73 75 81 83 87 90 93 95 96 102 104 108 110 114 117 120 122 123 128 129 131 163 164 169 172 176 178 182 185 217 218 226 235 236 239 1 2 3 2 2 0 3 0 1 3 1 2 1 2 1 2 1 1 2 2 1 2 2 1 1 1 2 3 2 0 2 0 2 0 3 2 2 2 1 1 2 2 2 1 1 1 2 2 1 1 2 3 2 0 3 1 1 1 2 1 1 2 2 3 0 2 1 1 3 1 3 0 2 1 2 2 1 1 1 2 2 2 2 1 1 0 3 2 3 0
720106 57 0 2 3 5 9 10 12 20 23 30 32 39 50 54 56 57 59 63 64 73 74 77 81 83 84 86 87 90 93 96 97 104 111 113 114 120 123 124 131 133 162 164 168 171 172 177 178 182 187 216 218 222 226 232 235 236 241 1 2 3 2 2 0 3 0 1 3 1 2 1 2 1 2 1 1 3 2 0 1 3 1 1 0 3 2 2 1 2 1 1 1 2 2 2 2 1 1 2 2 2 1 1 2 2 1 0 2 2 3 1 1 2 1 2 2 1 1 1 3 1 2 1 2 2 1 2 1 2 1 3 0 2 2 2 0 0 2 3 2 1 2 2 0 3 1 3 0
720107 63 0 2 3 6 8 9 15 18 20 21 31 32 33 34 42 43 48 49 50 54 55 56 57 58 59 63 64 72 73 74 75 76 77 81 83 84 86 87 90 96 102 104 113 114 123 124 129 130 131 164 167 170 182 185 217 218 220 221 226 235 236 238 239 1 2 3 2 2 0 3 0 1 3 1 2 1 2 1 2 1 1 3 1 1 1 3 1 1 1 2 3 1 1 2 1 1 0 3 2 2 2 1 1 2 2 2 1 1 2 1 2 0 2 2 3 2 0 3 0 2 1 2 1 1 3 1 2 1 2 2 0 3 1 3 0 2 1 2 2 2 0 1 1 3 2 1 2 1 1 2 2 2 1
720116 69 0 1 7 8 14 21 22 25 27 28 29 34 35 36 39 41 44 46 48 49 50 52 53 54 55 56 61 63 65 66 68 71 72 73 75 76 77 79 80 81 82 83 90 92 93 108 109 110 117 120 122 169 170 174 176 179 183 184 187 188 223 228 230 233 237 238 239 241 242 1 2 3 2 2 0 3 0 1 3 1 2 2 2 0 1 1 2 2 2 1 3 2 0 0 1 3 1 2 2 2 1 1 2 2 1 2 2 1 2 1 2 1 2 1 2 1 2 1 2 1 2 2 1 2 2 1 1 2 1 2 1 2 3 0 2 1 2 1 1 2 2 3 2 1 2 0 2 1 2 1 2 2 1 3 1 1 0 2 2
720134 72 0 1 3 5 7 8 10 14 22 25 27 28 30 31 33 36 37 39 43 46 49 52 54 55 56 57 58 59 60 61 63 65 66 68 70 71 73 76 77 79 80 81 82 83 86 90 91 92 94 95 108 111 117 118 120 121 165 168 169 170 184 185 187 188 219 220 222 223 238 239 241 242 1 2 3 2 2 0 3 0 1 3 1 2 1 3 0 2 0 2 2 2 1 3 2 0 0 1 3 2 2 1 1 1 2 2 2 1 2 2 1 1 2 2 2 1 1 2 1 2 1 2 1 2 2 1 1 2 2 2 2 0 2 1 2 3 1 1 1 1 2 1 2 2 3 1 1 2 1 2 0 2 2 2 2 1 2 1 2 1 2 1
720135 49 0 1 6 7 9 10 12 25 27 28 33 34 36 37 39 42 43 46 52 54 55 63 66 73 81 82 83 87 88 90 91 92 95 96 97 108 110 114 117 118 120 122 123 124 168 169 185 187 239 1 2 3 2 2 0 3 0 1 3 1 2 1 3 0 2 0 2 2 2 1 3 1 1 0 2 2 3 2 0 1 1 2 1 2 2 2 2 1 1 2 2 2 1 1 2 1 2 1 1 2 2 3 0 2 2 1 1 2 1 2 1 2 3 0 2 1 2 1 1 2 2 2 1 2 3 1 1 0 2 2 2 2 1 1 0 3 2 3 0
720136 50 0 2 3 5 10 11 14 19 30 32 39 41 50 54 56 57 59 63 65 66 68 73 74 77 81 83 86 87 90 91 92 95 97 111 113 114 120 122 123 124 165 167 168 185 187 219 221 222 239 241 1 2 3 2 2 0 3 0 1 3 1 2 1 3 0 2 0 2 3 2 0 2 2 1 0 1 3 2 2 1 1 2 1 2 1 2 2 2 1 1 2 2 2 1 1 3 1 1 0 2 2 2 2 1 1 2 2 2 1 1 2 2 1 2 1 2 1 1 2 2 2 1 3 0 2 2 1 2 0 3 1 2 1 2 2 0 3 1 3 0
720525 61 0 1 3 6 7 9 10 15 16 18 19 21 22 31 33 42 48 49 54 55 57 58 63 64 72 73 75 76 81 84 86 87 89 90 96 98 102 113 114 116 123 125 129 131 163 167 169 170 172 178 179 181 184 185 217 220 221 226 235 238 239 2 1 3 1 3 0 3 0 1 2 2 2 2 1 1 2 1 1 2 2 1 2 2 1 1 1 2 3 2 0 2 0 2 0 3 2 2 2 1 1 2 2 2 1 1 2 1 2 0 2 2 3 2 0 3 1 1 1 2 1 1 1 3 2 1 2 2 0 3 1 3 0 2 1 2 2 1 1 1 3 1 2 3 0 1 1 2 2 1 2
720526 75 0 2 3 5 9 12 13 19 22 23 27 30 36 37 39 40 46 47 49 50 54 56 57 59 63 64 67 73 74 76 77 81 84 86 87 89 93 96 103 106 108 110 111 113 114 117 120 121 123 124 127 130 131 133 134 162 164 168 170 171 177 178 181 187 188 216 218 222 224 226 232 235 236 241 242 2 1 3 1 3 0 3 0 1 2 2 2 2 1 1 2 1 1 3 2 0 1 3 1 1 0 3 2 2 1 2 1 1 1 2 2 2 2 1 1 2 2 2 1 1 1 2 2 1 2 1 3 1 1 2 1 2 2 1 1 1 2 2 3 1 1 1 1 3 1 2 1 3 0 2 2 2 0 0 3 2 2 2 1 2 1 2 1 1 2
720527 63 0 2 6 8 9 12 15 18 21 23 27 28 33 36 37 39 40 42 46 47 48 49 54 55 56 63 64 67 72 73 74 75 76 77 81 87 89 93 96 102 108 109 110 114 116 117 120 121 123 127 129 130 131 164 170 185 217 218 226 235 236 238 239 2 1 3 1 3 0 3 0 1 2 2 2 2 1 1 2 1 1 3 1 1 1 3 1 1 1 2 3 1 1 2 1 1 0 3 2 2 2 1 1 2 2 2 1 1 1 2 2 1 1 2 3 2 0 3 0 2 1 2 1 1 2 2 3 0 2 1 1 3 1 3 0 2 1 2 2 2 0 1 2 2 2 2 1 1 2 1 2 0 3
720550 51 0 2 13 18 19 21 22 27 29 39 40 46 48 49 54 56 66 67 72 73 75 76 81 83 89 93 98 108 110 116 120 121 122 124 125 170 174 175 176 178 179 183 184 187 224 228 230 233 237 238 241 2 1 3 1 3 0 3 0 1 3 1 2 2 2 0 1 1 2 3 2 0 2 2 1 0 1 3 1 3 1 2 1 1 2 1 2 2 1 2 2 2 1 1 2 1 2 1 2 1 2 1 2 2 1 2 1 2 1 2 1 2 1 2 3 0 2 0 2 2 2 2 1 3 0 3 2 1 1 1 3 0 2 1 2 3 1 1 0 2 2
720551 51 0 2 3 6 8 12 18 21 24 28 29 31 34 35 44 46 52 54 55 56 57 58 66 72 73 75 76 81 83 84 87 89 93 96 98 109 110 112 116 125 168 170 174 177 179 183 186 220 228 237 238 2 1 3 1 3 0 3 0 1 3 1 2 2 2 0 1 1 2 3 1 1 2 2 1 0 2 2 2 2 1 2 1 1 1 2 2 2 1 2 2 2 1 1 2 1 2 1 2 1 1 2 2 3 0 3 0 2 0 3 1 2 1 2 3 1 1 0 2 2 2 1 2 2 1 3 3 0 1 1 3 0 2 1 2 2 2 0 1 1 3
720562 65 0 2 3 5 13 18 19 20 21 22 27 30 39 40 46 47 48 49 50 54 56 57 59 66 67 81 83 84 87 89 93 98 108 110 111 113 114 120 121 122 123 124 125 165 167 168 170 174 175 176 178 179 183 184 186 187 188 219 221 222 224 229 230 232 233 2 1 3 1 3 0 3 0 1 2 1 3 2 2 0 2 1 1 3 2 0 2 2 1 0 1 3 2 2 1 2 1 1 1 2 2 2 1 2 1 2 2 2 2 0 2 1 2 1 2 1 2 2 1 2 1 2 2 1 1 1 2 2 3 1 1 0 2 2 2 1 2 3 0 2 1 2 1 1 3 1 1 2 2 3 1 1 1 1 2
721392 74 0 1 2 9 10 11 19 27 28 29 30 31 32 36 37 39 40 41 46 47 49 54 55 57 58 59 63 64 65 66 68 74 82 89 91 92 98 107 113 118 121 122 125 127 128 130 131 134 139 145 149 152 154 157 158 162 163 168 181 182 188 189 190 195 197 208 215 216 217 222 224 235 236 242 2 2 2 2 1 1 2 1 1 3 2 1 1 2 1 2 0 2 3 2 0 1 3 1 1 0 3 3 1 1 0 2 2 2 2 1 1 3 1 2 1 2 2 1 1 2 0 3 2 2 1 1 2 1 2 2 1 1 2 1 2 1 2 2 1 2 1 2 2 2 1 1 3 1 1 2 1 2 0 2 2 2 3 1 2 1 1 2 0 2
721397 66 0 1 2 9 10 11 19 27 30 31 36 37 39 40 46 49 54 55 57 58 59 63 64 65 66 68 74 87 88 89 96 97 98 106 107 111 114 120 121 123 124 130 133 138 139 147 149 157 158 163 164 169 170 181 182 187 188 189 195 196 208 214 216 217 235 236 2 2 2 2 1 1 2 1 1 3 2 1 1 2 1 2 0 2 3 2 0 0 3 2 2 0 2 3 1 1 1 2 1 1 2 2 1 3 1 2 1 2 2 1 1 2 0 3 1 2 2 2 2 0 1 2 2 2 2 0 2 1 2 1 1 3 2 2 1 2 1 1 2 1 2 3 1 1 0 2 2 2 2 1 1 1 2 2 1 2
721398 82 0 1 2 9 10 18 20 27 28 29 30 31 32 36 37 39 40 45 46 47 49 50 54 55 57 58 59 63 64 65 67 81 87 89 90 92 96 98 107 108 111 113 118 121 122 125 126 128 130 131 134 138 139 144 145 148 149 152 162 163 168 171 172 177 179 180 182 186 188 189 190 195 197 204 208 215 216 217 222 224 226 233 2 2 2 2 1 1 2 1 1 3 1 2 1 2 1 2 1 1 3 2 0 1 3 1 1 0 3 3 1 1 1 1 2 1 3 1 1 2 2 2 1 2 2 2 0 2 0 3 2 2 1 1 2 1 3 1 1 1 2 1 1 2 2 2 1 2 2 1 2 1 2 1 3 1 1 1 2 1 1 1 3 3 2 1 1 2 1 2 0 2
721403 46 0 1 2 9 10 18 20 27 31 36 37 40 45 46 49 54 55 58 59 63 64 67 87 88 89 96 97 114 121 123 124 130 139 148 163 164 169 170 172 178 182 196 205 208 217 226 2 2 2 2 1 1 2 1 1 3 1 2 1 2 1 2 1 1 3 2 0 0 3 2 2 0 2 3 1 1 2 1 1 0 3 2 1 2 2 2 1 2 2 2 0 2 0 3 1 2 2 2 2 0 2 1 2 2 2 0 1 2 2 1 1 3 2 1 2 2 2 0 2 1 2 2 2 0 1 1 3 3 1 1 0 2 2 2 1 2
721430 66 0 1 9 10 27 28 30 31 32 36 37 39 40 41 46 49 50 54 55 57 58 59 73 76 77 81 82 87 89 90 91 96 97 98 108 111 113 117 118 120 121 122 123 125 138 139 162 163 168 169 181 187 188 189 190 195 197 208 214 215 216 222 223 224 241 242 2 2 2 2 1 1 2 1 1 3 1 2 1 3 0 2 0 2 2 3 0 2 2 1 1 0 3 2 2 1 1 1 2 2 2 1 1 3 1 2 2 1 2 0 2 2 0 3 2 2 1 1 2 1 2 2 1 2 1 1 1 2 2 2 1 2 1 2 1 2 1 2 3 1 1 2 1 2 0 2 2 3 2 0 1 2 2 1 1 2
721643 63 0 1 2 18 19 20 27 28 29 39 40 41 55 73 74 76 83 87 88 89 96 98 109 110 114 115 116 120 121 122 123 124 125 142 143 148 149 152 163 164 169 170 177 178 179 180 181 182 186 187 188 217 218 223 224 229 230 233 235 236 239 241 242 3 2 1 1 2 1 2 0 2 2 1 3 2 2 0 2 1 1 3 2 0 1 2 2 1 1 2 3 1 1 1 2 1 1 2 2 1 2 2 3 2 0 1 1 2 2 0 3 2 2 1 1 2 1 2 1 2 3 1 1 0 2 2 2 0 3 0 3 1 3 1 1 1 2 2 2 1 1 2 2 1 1 2 2 2 1 1 2 1 2
721844 62 0 1 2 9 10 11 18 19 27 28 36 37 39 40 41 54 56 65 67 68 72 73 75 76 77 81 83 89 90 92 108 110 116 117 120 122 143 144 146 147 149 162 163 169 171 180 181 182 187 188 189 190 196 197 216 218 223 224 234 236 241 242 3 1 2 1 2 1 2 1 1 3 1 2 2 2 0 1 1 2 2 3 0 2 2 1 1 0 3 1 3 1 2 0 2 2 2 1 1 2 2 3 2 0 1 1 2 3 0 2 1 2 2 1 2 1 3 1 1 1 2 1 1 1 3 2 0 3 1 3 0 2 1 2 3 1 2 2 1 1 1 2 1 3 1 1 2 2 1 0 2 2
721856 69 0 1 9 10 11 18 19 20 30 31 36 37 39 40 41 45 46 58 59 64 65 67 68 73 74 81 83 87 89 90 92 108 111 113 114 116 117 120 122 140 143 146 149 162 163 168 169 172 180 181 182 186 187 188 189 190 195 196 197 208 214 215 218 223 224 235 236 241 242 3 1 2 1 2 1 2 1 1 2 1 3 2 2 0 2 1 1 2 3 0 2 2 1 1 0 3 2 2 1 2 0 2 1 3 1 1 2 2 2 2 1 2 1 1 3 0 2 1 2 2 1 2 1 3 1 1 2 1 1 0 2 3 1 1 3 1 3 0 3 0 2 3 1 1 1 2 1 1 2 2 2 2 1 2 2 1 1 1 2
721859 63 0 1 2 18 19 20 27 28 39 40 45 46 49 54 56 66 68 72 73 74 75 76 77 81 83 87 88 89 96 98 108 114 115 120 121 123 124 147 148 149 163 164 169 170 178 179 181 182 187 188 190 196 202 205 208 214 218 229 230 235 236 238 239 3 1 2 1 2 1 2 1 1 2 1 3 2 2 0 2 1 1 3 2 0 1 2 2 1 1 2 3 1 1 2 1 1 0 3 2 1 2 2 2 2 1 2 1 1 2 0 3 2 1 2 1 3 0 2 1 2 2 2 0 1 1 3 2 0 3 0 3 1 3 1 1 2 1 2 2 1 1 1 3 1 2 1 2 1 2 1 2 1 2
722726 55 0 1 9 10 27 28 29 37 40 41 46 49 50 54 55 56 63 65 66 67 68 73 76 77 81 82 83 87 89 90 91 92 96 97 98 108 110 117 118 120 121 122 168 169 187 188 211 212 222 223 224 238 239 241 242 2 1 3 2 2 0 2 1 1 3 1 2 1 3 0 2 0 2 2 3 0 3 1 1 0 1 3 2 2 1 1 1 2 2 2 1 1 3 1 2 1 2 2 1 1 2 0 3 1 3 0 2 1 2 2 2 1 1 2 1 2 1 2 3 0 2 1 2 1 1 2 2 3 1 1 2 1 2 0 2 2 2 2 1 2 2 1 1 1 2
725925 48 0 1 5 6 7 9 10 15 16 31 33 34 45 46 49 54 59 60 62 63 69 71 72 77 81 86 87 89 90 96 98 108 114 162 163 167 168 169 171 172 177 178 179 225 231 233 234 239 2 2 2 2 2 0 2 0 2 2 2 2 3 1 0 1 1 2 2 2 1 1 2 2 2 1 1 2 2 1 2 0 2 1 3 1 2 3 0 1 0 3 2 2 1 2 2 1 1 2 2 2 1 1 3 2 1 2 2 0 1 0 3 2 1 2 2 0 3 1 3 0 2 2 1 1 1 2 2 2 1 3 2 0 0 1 3 2 2 1
726478 49 0 1 3 5 9 10 19 23 36 37 43 45 46 48 50 54 55 57 59 61 62 63 64 70 81 84 86 90 91 117 124 125 135 138 140 142 143 144 145 151 152 162 163 180 181 216 217 223 224 1 3 2 2 1 1 3 0 1 3 1 2 1 3 0 2 0 2 2 2 1 1 3 1 2 0 2 2 2 1 2 1 1 1 2 2 2 2 1 0 1 3 3 2 0 3 2 0 1 2 2 1 1 2 2 1 2 1 2 1 2 2 1 2 2 2 2 0 2 2 2 0 2 1 2 2 1 1 1 2 2 3 2 0 2 0 3 0 2 2
726582 63 0 2 3 6 8 9 15 21 28 29 31 32 35 49 50 53 54 55 57 58 60 61 63 64 69 70 81 83 84 86 87 89 90 92 96 98 110 113 135 136 138 139 144 145 151 162 164 165 170 171 177 179 183 185 186 188 216 217 223 225 226 231 232 1 3 2 2 1 1 3 0 1 3 1 2 2 2 0 1 1 2 3 1 1 1 3 1 1 1 2 3 1 1 1 1 2 1 3 1 2 2 1 1 0 3 2 3 0 2 1 2 2 2 1 1 2 1 3 0 2 0 2 2 2 3 0 3 1 1 2 0 3 0 3 1 2 1 2 1 2 1 2 1 2 3 2 1 2 1 1 1 1 2
726584 64 0 1 3 5 7 8 12 16 22 23 27 28 30 31 32 35 45 46 48 49 50 52 53 54 55 57 58 61 63 64 66 70 81 84 86 89 90 93 95 98 108 111 113 135 138 144 147 162 163 169 170 171 172 178 179 180 187 188 216 217 223 225 226 232 1 3 2 2 1 1 3 0 1 3 1 2 2 2 0 1 1 2 2 2 1 1 3 1 2 0 2 2 2 1 2 0 2 1 3 1 2 2 1 1 0 3 2 3 0 1 2 2 2 2 1 2 1 1 2 1 2 1 1 2 2 3 0 3 1 1 1 1 3 1 2 1 2 1 2 2 1 1 1 2 2 3 2 0 2 1 2 0 2 2
726586 54 0 2 3 5 9 10 12 20 23 27 29 30 32 45 46 47 48 50 54 56 57 59 63 64 66 84 86 89 93 97 111 113 116 138 140 143 147 151 162 164 170 171 172 178 180 182 187 188 216 218 224 225 226 232 1 3 2 2 1 1 3 0 1 3 1 2 2 2 0 1 1 2 3 2 0 0 3 2 2 0 2 2 2 1 2 1 1 1 2 2 2 2 1 1 0 3 2 3 0 2 2 1 1 2 2 2 1 1 2 1 2 1 2 1 2 2 1 2 1 2 2 1 2 1 2 1 2 0 3 2 2 0 1 2 2 3 1 1 2 0 3 0 3 1
726587 48 0 2 3 6 8 9 15 18 20 21 27 29 30 31 32 34 35 45 46 47 48 49 50 54 55 56 58 59 63 64 84 86 87 89 96 111 113 116 139 140 164 167 170 182 185 217 218 226 1 3 2 2 1 1 3 0 1 3 1 2 2 2 0 1 1 2 3 1 1 0 3 2 2 1 1 3 1 1 2 1 1 0 3 2 2 2 1 1 0 3 2 3 0 2 1 2 1 2 2 2 2 0 3 0 2 1 2 1 1 3 1 2 1 2 2 0 3 1 3 0 1 1 3 2 2 0 2 1 2 3 1 1 1 1 2 1 2 2
727004 70 0 1 3 5 7 8 9 10 12 13 17 19 22 23 30 31 34 45 46 48 49 50 52 53 54 55 57 58 62 63 64 66 67 71 81 84 86 89 90 93 95 108 111 113 116 135 138 143 144 147 149 152 162 163 169 170 171 172 179 180 181 187 188 216 217 223 225 226 232 233 2 2 2 1 2 1 3 0 1 2 2 2 3 1 0 1 1 2 2 2 1 1 3 1 2 0 2 2 2 1 2 0 2 1 3 1 2 2 1 1 0 3 2 3 0 2 2 1 1 2 2 2 1 1 2 1 2 1 2 1 2 1 2 2 1 2 2 1 2 1 2 1 2 2 1 2 1 1 1 2 2 3 2 0 2 2 1 0 1 3
727005 52 0 1 3 6 7 9 10 15 16 18 19 21 22 30 31 34 45 46 48 49 54 55 58 63 64 81 84 86 87 89 90 96 98 108 111 113 116 135 140 144 163 167 169 170 172 178 179 181 184 185 217 226 2 2 2 1 2 1 3 0 1 2 2 2 3 1 0 1 1 2 2 2 1 1 2 2 2 1 1 3 2 0 2 0 2 0 3 2 2 2 1 1 0 3 2 3 0 2 1 2 1 2 2 2 2 0 3 1 1 1 2 1 1 1 3 2 1 2 2 0 3 1 3 0 1 2 2 2 1 1 2 2 1 3 2 0 1 1 2 1 2 2
727008 61 0 3 6 9 12 15 21 27 28 30 31 34 45 46 51 54 55 57 58 60 61 63 64 66 67 69 70 72 75 76 83 92 98 109 110 112 116 137 139 143 146 148 151 152 162 164 165 170 182 183 186 188 216 217 223 234 236 237 238 241 242 2 2 2 1 2 1 3 0 1 3 2 1 2 2 0 1 0 3 3 1 1 1 3 1 1 1 2 3 2 0 0 1 3 2 2 1 1 3 1 2 0 2 2 2 1 2 2 1 2 1 2 1 2 1 2 0 3 1 2 1 2 2 1 3 1 1 1 1 3 1 2 1 2 1 2 2 2 1 1 1 2 2 2 2 3 1 0 1 1 2
727013 53 0 3 6 9 12 15 21 27 28 30 31 34 45 46 51 54 55 58 63 64 66 67 72 75 76 84 86 87 89 93 96 111 112 115 139 140 147 148 162 164 167 170 182 183 185 186 188 217 218 234 236 238 239 2 2 2 1 2 1 3 0 1 3 2 1 2 2 0 1 0 3 3 1 1 0 3 2 2 1 1 3 2 0 1 1 2 1 2 2 1 3 1 2 0 2 2 2 1 1 2 2 2 1 2 2 2 0 2 0 3 2 2 0 1 2 2 2 1 2 2 1 2 1 2 1 1 1 3 3 2 0 1 1 2 2 1 2 2 1 1 1 2 2
729097 47 0 1 9 10 12 27 28 45 46 48 54 55 63 64 66 72 73 75 82 83 88 89 91 92 95 97 98 110 116 136 142 145 151 162 163 164 168 169 170 216 217 222 223 234 235 237 241 2 3 1 2 1 1 2 0 2 2 2 2 2 2 0 2 0 2 3 2 0 1 2 2 1 1 2 3 2 0 0 2 2 2 1 2 2 3 0 1 0 3 2 2 1 2 1 2 2 1 2 1 2 1 2 1 2 1 1 2 2 3 0 3 0 2 1 3 1 1 2 1 2 1 2 2 1 2 1 2 1 2 3 1 2 0 2 2 1 1
729100 72 0 1 2 3 5 9 10 11 12 13 14 27 29 31 32 45 46 47 48 49 50 55 56 58 63 64 65 66 67 72 73 75 76 84 86 87 88 89 93 94 95 96 97 98 113 114 116 138 139 140 142 143 147 148 149 151 152 162 163 164 168 169 170 216 217 218 223 224 234 235 241 242 2 3 1 2 1 1 2 0 2 2 2 2 2 2 0 2 0 2 3 2 0 0 3 2 2 0 2 2 2 1 1 2 1 2 1 2 2 3 0 1 0 3 2 2 1 2 1 2 1 2 2 2 1 1 2 1 2 2 1 1 1 3 1 2 1 2 2 2 1 1 2 1 1 1 3 3 1 1 1 2 1 2 2 1 2 1 2 1 1 2
729104 68 0 1 3 5 7 8 12 13 18 21 22 25 26 27 28 31 32 35 45 46 48 49 50 52 53 55 58 63 64 66 67 71 81 84 86 89 90 93 95 98 108 113 135 138 140 143 144 147 149 152 162 163 169 170 171 172 178 179 180 187 216 217 223 224 225 226 232 233 2 3 1 2 1 1 2 0 2 2 1 3 2 2 0 2 1 1 2 2 1 1 3 1 2 0 2 2 2 1 2 0 2 1 3 1 2 2 1 1 0 3 2 3 0 1 1 3 2 2 1 2 1 1 3 1 1 1 1 2 1 3 1 3 1 1 1 3 1 1 1 2 1 1 3 2 1 1 2 2 1 3 2 0 2 2 1 0 1 3
729105 54 0 1 6 7 12 13 15 18 22 24 25 27 28 33 34 45 46 48 49 51 52 54 55 63 64 66 67 81 87 89 90 93 95 96 98 108 114 116 135 144 147 163 169 170 172 175 176 178 179 187 188 217 226 229 2 3 1 2 1 1 2 0 2 2 1 3 2 2 0 2 1 1 2 2 1 1 2 2 2 1 1 3 2 0 2 0 2 0 3 2 2 2 1 1 0 3 2 3 0 1 1 3 2 1 2 2 2 0 2 1 2 1 1 2 2 3 0 3 0 2 1 3 1 1 2 1 2 1 2 2 1 1 1 2 2 3 2 0 1 1 2 1 2 2
729107 55 0 2 6 8 9 10 15 18 20 24 25 26 27 29 32 33 35 45 46 47 48 49 50 51 52 53 54 56 57 63 64 66 67 87 89 96 97 113 114 116 138 140 147 148 164 170 172 178 182 187 188 218 221 226 229 2 3 1 2 1 1 2 0 2 2 1 3 2 2 0 2 1 1 3 1 1 0 3 2 2 1 1 3 1 1 2 1 1 0 3 2 2 2 1 1 0 3 2 3 0 2 0 3 1 2 2 2 2 0 2 1 2 1 2 1 2 2 1 2 1 2 2 2 1 1 2 1 2 0 3 2 2 0 1 2 2 3 1 1 1 2 1 1 1 3
729528 54 0 3 6 9 10 12 13 15 19 21 22 24 27 33 45 46 51 54 57 63 64 66 67 69 72 75 76 83 91 92 94 98 110 116 137 143 146 148 152 162 164 168 170 181 186 216 218 222 224 234 236 237 238 242 3 2 1 1 2 1 2 0 2 2 2 2 2 2 0 2 0 2 3 1 1 1 3 1 1 1 2 3 2 0 0 1 3 2 2 1 1 3 1 2 0 2 2 2 1 2 1 2 2 1 2 1 2 1 2 1 2 1 2 1 2 1 2 3 1 1 1 3 1 1 1 2 2 0 3 2 2 1 1 2 1 2 2 2 2 2 0 2 0 2
729530 68 0 1 3 9 10 12 13 15 16 21 22 24 25 27 28 31 34 48 49 51 52 55 58 63 64 66 67 70 75 76 79 83 84 86 92 93 95 96 98 108 110 113 114 116 135 137 138 140 143 144 146 147 149 152 162 163 164 168 170 186 187 216 217 218 223 224 241 242 3 2 1 1 2 1 2 0 2 2 2 2 2 2 0 2 0 2 2 2 1 1 3 1 2 0 2 2 3 0 1 0 3 2 2 1 1 3 1 2 0 2 2 2 1 2 1 2 1 2 2 2 1 1 2 1 2 2 1 1 1 2 2 3 1 1 2 2 1 0 2 2 1 1 3 3 1 1 1 2 1 2 2 1 2 2 1 1 1 2
729532 54 0 3 9 12 21 27 28 31 45 46 48 49 55 58 63 64 66 67 72 75 76 84 86 87 89 93 96 112 114 115 138 139 140 142 143 147 148 151 162 164 168 170 182 186 188 216 217 218 223 224 234 236 241 242 3 2 1 1 2 1 2 0 2 2 2 2 2 2 0 2 0 2 3 2 0 0 3 2 2 0 2 2 3 0 1 1 2 2 1 2 1 3 1 2 0 2 2 2 1 1 1 3 2 2 1 2 1 1 2 0 3 2 2 0 1 2 2 2 1 2 2 2 1 1 2 1 1 1 3 3 2 0 1 1 2 2 1 2 2 1 2 1 2 1
730393 47 0 1 3 9 10 12 36 37 39 45 46 48 54 55 57 63 64 66 72 73 75 82 83 86 88 89 91 92 95 97 98 118 122 125 165 167 168 169 170 219 221 222 223 224 237 241 242 2 2 2 2 2 0 2 0 2 2 2 2 2 2 0 2 0 2 3 2 0 2 1 2 0 2 2 3 2 0 0 2 2 2 1 2 2 3 0 0 1 3 3 1 1 2 1 2 1 2 1 2 1 2 2 1 2 2 1 1 1 3 1 2 1 2 1 3 1 2 1 1 2 1 2 2 1 2 1 2 1 1 3 2 3 0 1 2 1 1
730466 63 0 1 3 9 12 14 22 28 29 30 31 32 36 39 41 46 49 50 54 55 56 57 58 59 63 65 66 68 73 76 82 83 84 87 89 92 93 95 96 98 110 111 113 117 120 122 123 125 163 168 169 181 187 188 217 218 222 223 224 235 236 241 242 2 2 2 2 2 0 2 0 2 3 2 1 2 2 0 1 0 3 2 3 0 2 2 1 1 0 3 2 2 1 1 1 2 2 2 1 1 3 1 1 1 2 3 1 1 1 1 3 1 2 1 3 1 1 2 2 1 1 1 2 2 2 1 2 1 2 2 1 2 1 2 1 2 1 2 3 0 2 0 3 1 1 3 1 3 1 1 1 1 2
730896 44 9 10 12 19 21 28 30 36 37 39 45 54 55 57 63 64 66 72 73 75 91 92 95 98 109 110 113 116 118 122 124 125 183 186 187 188 219 222 223 224 237 239 241 242 3 1 2 1 3 0 2 0 2 3 2 1 2 2 0 1 0 3 3 2 0 2 2 1 0 1 3 3 2 0 0 1 3 2 2 1 0 3 2 2 1 1 3 1 1 2 1 2 1 1 2 2 2 1 2 1 2 2 1 1 1 2 2 2 1 2 1 2 2 2 1 1 2 1 2 2 2 1 1 1 2 1 3 2 3 0 1 2 1 1
4031020 28 30 33 34 36 45 46 57 59 60 63 65 72 84 87 88 90 99 100 150 156 165 167 168 171 173 180 204 210 0 3 3 3 0 1 3 1 0 3 1 1 1 2 2 1 2 1 3 1 1 1 2 2 1 2 1 1 2 2 2 3 0 2 0 2 3 1 1 1 2 2 1 2 1 3 1 1 1 2 2 1 2 1 1 2 2 2 3 0 2 0 2 0 3 3 3 0 1 3 1 0 1 2 2 2 0 3 2 2 0 1 2 2 2 0 3 2 2 0
4031333 42 28 29 30 33 35 36 37 38 42 43 44 54 55 57 60 72 73 75 81 82 84 87 90 91 96 97 99 100 102 109 111 114 115 117 118 123 124 170 178 179 185 223 0 3 3 3 1 0 3 0 1 1 2 2 2 2 1 2 1 1 3 1 1 2 2 1 0 2 2 2 1 2 3 2 0 0 2 2 1 2 2 2 3 0 2 0 2 3 1 1 1 2 2 1 2 1 2 1 2 1 1 2 2 3 0 1 2 2 2 0 2 2 3 0 2 2 1 2 1 2 1 2 1 2 2 1 2 0 2 1 2 2
4031343 55 28 29 30 32 33 34 36 38 42 44 45 46 48 50 54 55 57 59 60 61 72 73 75 77 81 82 84 87 88 90 96 99 100 102 109 111 114 115 117 123 126 129 163 164 167 169 173 179 181 185 221 223 224 236 239 0 3 3 3 1 0 3 0 1 2 2 1 2 2 1 1 1 2 2 2 1 2 2 1 1 1 2 2 2 1 3 2 0 0 1 3 2 2 1 1 3 1 2 0 2 2 2 1 2 1 2 1 2 1 2 2 1 1 1 2 2 2 1 1 2 2 2 0 2 2 3 0 2 2 1 2 0 3 1 2 1 2 2 1 2 0 2 1 3 1
4031404 55 28 29 30 32 33 34 36 37 38 43 44 54 55 57 60 61 63 64 70 72 73 78 79 81 82 84 87 88 90 91 97 99 100 105 106 109 111 114 117 118 123 165 167 168 169 178 179 185 187 188 222 231 232 237 241 0 3 3 3 1 0 3 0 1 2 1 2 2 2 1 1 2 1 3 1 1 2 2 1 0 2 2 1 2 2 3 2 0 1 1 2 2 1 2 2 3 0 1 1 2 3 1 1 1 3 1 1 1 2 1 2 2 1 1 2 3 2 0 1 2 2 2 0 2 2 2 1 2 2 1 2 1 2 1 2 1 2 2 1 2 0 3 1 2 1
4031440 59 0 1 2 4 5 7 10 11 20 28 29 30 31 32 33 34 36 37 38 43 45 47 50 51 55 57 58 63 64 72 82 83 84 85 86 87 88 90 91 92 97 99 101 104 105 139 145 156 164 165 167 168 171 173 194 200 204 219 225 1 3 2 3 0 1 2 1 1 2 1 2 1 2 2 2 2 0 3 1 1 1 2 2 1 2 1 1 3 1 2 2 1 2 0 2 3 1 1 1 2 2 1 2 1 2 1 2 1 2 2 2 2 0 1 1 3 2 1 2 2 2 0 1 3 2 3 0 1 2 1 1 1 3 1 2 2 1 2 0 2 1 1 3 2 1 2 2 2 0
4031441 74 0 2 6 8 9 11 20 26 28 29 33 34 35 36 37 38 45 46 47 51 53 55 60 61 63 64 72 73 78 79 83 84 86 87 89 90 92 93 95 99 101 104 105 139 142 145 147 148 154 157 164 165 167 168 170 171 173 174 176 193 194 197 199 200 201 202 203 217 220 222 223 225 226 229 1 3 2 3 0 1 2 1 1 2 1 2 1 2 2 2 2 0 3 0 2 1 3 1 1 2 1 2 2 1 2 2 1 1 1 2 3 1 1 1 2 2 1 2 1 2 1 2 1 3 1 2 1 1 2 0 3 2 1 2 1 3 0 1 2 3 3 1 0 2 1 1 1 3 1 3 1 1 1 1 2 1 1 3 1 2 1 3 1 1
4031499 71 0 3 9 12 15 21 24 28 30 31 33 34 36 37 39 40 42 43 45 48 51 55 57 58 60 61 66 67 69 70 72 78 83 84 86 87 90 93 96 99 101 102 104 105 139 142 145 147 148 150 151 164 165 167 168 171 174 177 193 194 199 201 202 204 217 220 222 223 225 226 229 1 3 2 3 0 1 2 1 1 2 1 2 1 2 2 2 2 0 1 2 2 2 2 1 2 1 1 3 2 0 1 2 2 1 1 2 2 2 1 1 2 2 2 1 1 2 1 2 2 2 1 1 2 1 3 0 2 1 1 3 1 3 0 1 3 1 2 1 2 2 1 1 1 3 2 3 1 0 2 0 2 1 2 2 1 1 2 3 2 0
4031519 74 0 3 9 12 15 21 28 30 31 33 36 37 39 40 42 43 45 46 48 49 55 64 67 70 73 76 83 84 86 87 89 90 92 93 95 96 98 99 102 104 139 142 145 146 148 149 151 154 157 164 167 170 176 179 185 193 194 197 200 202 203 206 209 212 217 218 220 223 224 227 229 230 235 236 1 3 2 3 0 1 2 1 1 1 2 2 2 2 1 2 1 1 2 1 2 2 2 1 1 2 1 3 2 0 2 2 1 0 1 3 2 1 2 2 2 1 1 2 1 1 2 2 2 2 1 2 1 1 3 0 2 2 1 2 0 3 1 1 2 2 2 1 2 2 2 0 1 2 2 2 1 1 2 2 1 1 2 2 2 1 1 2 1 2
4031549 77 0 2 3 9 11 17 20 23 28 29 30 31 33 35 36 37 38 42 43 44 45 46 47 48 49 50 55 60 63 64 69 70 72 73 75 76 83 84 86 87 89 90 92 96 98 99 101 102 104 139 142 145 150 151 154 156 157 165 167 168 170 177 179 183 185 193 194 197 204 206 210 212 220 222 223 232 238 1 3 2 3 0 1 2 1 1 1 2 2 2 2 1 2 1 1 3 1 1 2 2 1 0 2 2 2 2 1 2 2 1 1 1 2 2 2 1 2 2 1 1 1 2 2 2 1 2 2 1 1 1 2 2 0 3 2 1 2 1 3 0 1 2 2 2 0 2 2 3 0 1 2 2 2 2 1 2 1 1 1 2 2 2 1 1 2 1 2
4031608 66 0 2 3 5 8 18 20 26 28 29 30 32 33 34 35 45 47 48 50 51 53 55 57 60 61 72 75 78 83 84 86 87 89 90 93 99 101 102 104 105 142 145 147 150 151 156 165 167 168 170 174 183 185 186 188 194 197 201 204 210 212 222 228 231 237 240 1 3 2 3 0 1 2 1 1 3 0 2 1 3 1 1 2 1 3 1 1 2 2 1 0 2 2 2 2 1 1 3 1 2 0 2 3 1 1 1 3 1 1 1 2 2 1 2 2 2 1 1 2 1 2 0 3 1 2 2 2 2 0 1 1 3 2 1 1 2 2 1 1 2 3 2 2 0 3 0 1 1 2 2 3 0 2 1 2 1
4031620 80 0 1 2 4 5 7 10 11 20 25 26 28 29 30 31 32 33 34 36 37 38 43 44 45 46 47 49 50 51 53 63 64 70 72 73 76 78 79 82 83 84 85 86 87 88 89 90 91 92 97 98 99 101 103 104 105 106 145 150 151 154 156 157 165 167 168 170 179 185 186 188 194 197 204 206 210 212 231 237 240 1 3 2 3 0 1 2 1 1 2 1 2 2 2 1 1 2 1 3 1 1 2 2 1 0 2 2 1 3 1 2 2 1 2 0 2 3 1 1 2 2 1 0 2 2 2 1 2 2 2 1 1 2 1 1 1 3 2 1 2 2 2 0 1 2 2 2 0 2 2 2 1 1 2 2 2 2 1 2 1 1 1 2 2 2 1 2 2 1 1
4031657 51 0 2 6 8 9 11 20 26 36 38 47 52 53 54 56 63 65 74 81 83 84 86 87 89 90 92 93 95 101 104 117 119 120 121 122 128 130 131 133 164 167 170 173 176 200 202 203 218 220 221 229 1 2 3 3 1 0 2 1 1 2 1 2 1 2 2 2 2 0 3 0 2 1 3 1 1 2 1 2 2 1 3 1 1 0 2 2 3 1 1 0 3 2 2 1 1 2 1 2 1 2 2 2 2 0 2 0 3 1 2 1 2 2 1 1 2 3 3 1 0 2 1 1 2 2 1 3 1 1 0 2 2 2 0 3 1 2 1 2 2 1
4031715 58 0 3 9 12 15 21 24 28 31 34 40 43 49 52 54 57 58 63 64 66 67 72 76 81 83 84 86 87 90 93 96 99 101 102 104 105 110 112 113 115 127 128 130 131 133 164 167 193 194 196 199 202 205 218 220 221 226 229 1 2 3 3 1 0 2 1 1 2 1 2 1 2 2 2 2 0 1 2 2 2 2 1 2 1 1 3 2 0 2 1 2 0 2 2 2 2 1 2 1 2 1 2 1 2 1 2 1 2 2 2 2 0 3 0 2 0 2 2 2 2 1 1 3 1 2 1 2 2 1 1 2 2 2 3 1 0 1 1 2 2 1 2 1 1 2 2 3 0
4031723 62 0 3 9 12 15 21 24 28 31 46 52 54 57 58 63 66 72 73 76 81 83 84 86 87 89 90 92 93 95 96 98 99 102 105 110 112 113 115 116 127 130 133 164 167 170 176 179 193 194 196 197 200 203 206 208 211 218 220 221 227 230 235 1 2 3 3 1 0 2 1 1 2 2 1 1 2 2 2 1 1 2 1 2 2 2 1 1 2 1 3 2 0 2 2 1 0 1 3 2 1 2 2 2 1 1 2 1 1 2 2 2 1 2 2 2 0 3 0 2 0 3 1 2 1 2 1 3 1 2 1 2 2 1 1 2 1 3 3 0 1 1 3 0 2 1 2 1 2 1 2 1 2
4031751 58 0 3 9 15 18 21 28 31 34 43 54 57 58 60 61 63 64 69 70 72 75 81 83 84 86 87 90 96 99 101 102 104 110 112 113 115 116 118 124 128 131 164 167 182 193 194 196 197 199 205 209 212 220 221 223 224 232 239 1 2 3 3 1 0 2 1 1 2 1 2 1 3 1 2 1 1 2 2 1 2 2 1 1 1 2 3 2 0 2 1 2 0 2 2 2 2 1 2 2 1 1 1 2 3 1 1 1 2 2 1 2 1 3 0 2 0 2 2 2 2 1 1 3 1 1 0 3 3 2 0 2 2 2 2 2 0 2 0 2 2 2 1 1 1 2 2 2 1
4031763 64 3 9 10 16 19 30 33 34 36 37 42 43 45 46 48 57 60 61 72 73 75 84 86 87 90 92 96 98 99 101 102 104 111 113 114 116 117 119 123 125 126 128 129 131 167 169 172 178 179 182 194 196 197 199 205 206 208 209 212 221 223 224 235 239 1 2 3 3 1 0 2 1 1 1 2 2 2 2 1 2 1 1 2 2 1 2 2 1 1 1 2 2 3 0 3 0 2 0 2 2 2 2 1 1 3 1 2 0 2 3 1 1 1 2 2 1 2 1 2 1 2 1 1 2 2 2 1 0 3 2 2 0 2 3 2 0 2 2 1 2 2 1 1 1 2 2 2 1 2 0 2 1 3 1
4031765 78 0 2 3 9 11 17 20 23 28 33 36 37 38 42 43 44 45 46 47 48 49 54 56 57 58 60 62 72 73 74 75 76 77 81 83 84 86 87 89 90 92 96 98 99 101 102 104 110 111 114 115 116 117 118 119 123 124 125 126 127 129 167 170 179 185 193 196 197 205 206 211 212 220 221 223 224 238 239 1 2 3 3 1 0 2 1 1 1 2 2 2 2 1 2 1 1 3 1 1 2 2 1 0 2 2 2 2 1 3 1 1 0 2 2 2 2 1 1 3 1 2 0 2 2 2 1 2 1 2 1 2 1 2 0 3 1 2 1 2 2 1 1 2 2 2 0 2 2 3 0 2 1 2 2 2 1 1 2 1 2 1 2 2 1 1 1 2 2
4031766 41 0 3 9 18 21 28 37 43 46 49 57 58 60 69 70 75 76 81 83 84 90 92 110 115 116 118 119 124 125 164 182 193 196 197 208 209 211 220 223 224 238 1 2 3 3 1 0 2 1 1 1 2 2 2 3 0 2 0 2 3 1 1 1 2 2 1 2 1 3 2 0 2 1 2 0 2 2 2 1 2 1 3 1 2 1 1 3 2 0 2 1 2 0 2 2 3 0 2 0 2 2 2 2 1 1 2 2 2 0 2 2 3 0 2 1 2 2 1 1 1 3 1 1 2 3 3 1 0 2 1 1
4031775 76 0 1 3 9 10 16 19 22 28 30 31 33 34 36 37 42 43 54 57 58 60 61 72 73 75 76 81 83 84 86 87 88 90 91 92 96 97 98 99 100 101 102 103 104 110 111 112 114 115 116 117 118 119 123 124 125 164 173 178 179 181 182 185 194 196 197 200 205 206 218 221 223 224 236 238 239 1 2 3 3 1 0 2 1 1 2 2 1 2 2 1 1 1 2 2 2 1 2 2 1 1 1 2 2 3 0 3 1 1 0 1 3 1 2 2 2 3 0 2 0 2 3 1 1 1 2 2 1 2 1 2 1 2 1 2 1 2 1 2 1 2 2 2 0 2 2 3 0 2 1 2 2 1 2 1 2 1 2 1 2 2 1 1 1 3 1
4031779 38 0 3 9 18 21 28 37 46 57 75 81 83 84 86 87 90 92 96 110 115 118 119 124 164 173 182 185 194 196 199 200 205 208 209 212 221 223 239 1 2 3 3 1 0 2 1 1 2 1 2 2 3 0 1 1 2 3 2 0 1 2 2 1 1 2 3 2 0 2 2 1 0 1 3 1 2 2 2 2 1 2 1 1 3 1 1 2 2 1 0 2 2 3 0 2 0 3 1 2 1 2 1 2 2 2 0 2 2 3 0 2 1 2 2 1 1 1 2 2 1 2 3 3 0 1 2 2 0
4031822 58 0 2 3 5 8 18 20 28 31 32 34 35 50 72 75 81 83 84 86 89 90 93 99 101 102 104 110 112 113 115 116 118 121 124 128 131 164 165 170 171 174 180 182 183 185 193 196 197 199 202 205 209 212 228 229 232 234 237 1 2 3 3 1 0 2 1 1 3 0 2 1 3 1 1 2 1 2 1 2 2 2 1 1 2 1 2 2 1 2 1 2 1 2 1 3 1 1 2 2 1 0 2 2 3 1 1 1 3 1 1 1 2 2 0 3 0 2 2 3 2 0 1 1 3 1 1 2 3 2 0 2 2 2 2 2 0 2 0 2 2 2 1 3 1 1 0 2 2
4031828 55 0 1 3 4 7 18 19 25 28 31 34 63 66 72 73 75 76 79 81 83 84 85 88 89 99 100 102 103 106 110 112 115 116 119 125 163 164 165 166 170 180 181 183 184 193 196 197 200 206 228 233 234 237 238 241 1 2 3 3 1 0 2 1 1 3 1 1 1 3 1 1 1 2 2 1 2 2 2 1 1 2 1 2 3 0 2 1 2 1 1 2 3 0 2 2 3 0 0 2 2 3 1 1 1 3 1 1 1 2 2 1 2 0 2 2 3 1 1 1 1 3 2 1 1 2 2 1 2 2 2 2 0 2 2 2 0 2 1 2 3 2 0 0 2 2
4031834 80 4 5 7 8 10 11 19 20 30 31 33 34 36 37 43 44 45 46 49 50 57 58 60 61 63 64 70 72 73 76 84 86 87 89 90 92 98 99 101 104 111 113 114 116 117 119 123 125 126 128 129 131 165 166 168 170 171 172 179 180 182 185 193 196 197 199 205 206 208 209 211 212 222 223 231 232 234 235 237 238 1 2 3 3 1 0 2 1 1 2 1 2 2 2 1 1 2 1 2 1 2 2 2 1 1 2 1 1 3 1 3 0 2 1 2 1 3 1 1 1 3 1 1 1 2 3 1 1 1 3 1 1 1 2 1 1 3 1 1 2 3 2 0 0 2 3 2 0 2 3 2 0 2 2 1 2 2 1 1 1 2 2 2 1 2 2 1 1 1 2
4031835 68 6 7 9 10 19 25 30 31 33 34 36 37 39 40 42 43 45 46 49 52 58 60 61 63 64 66 67 69 70 72 73 76 78 79 90 99 101 111 113 117 120 126 128 129 131 169 170 172 178 182 188 193 194 196 197 199 202 205 208 209 212 223 224 229 232 235 239 241 1 2 3 3 1 0 2 1 1 2 1 2 2 2 1 1 2 1 2 1 2 2 3 0 1 1 2 2 3 0 3 0 2 0 2 2 3 1 1 1 3 1 1 1 2 3 0 2 1 3 1 1 2 1 2 1 2 1 1 2 2 2 1 0 2 3 2 1 1 3 1 1 1 2 2 3 2 0 1 1 2 2 2 1 1 1 2 2 2 1
4031836 88 0 1 2 4 5 7 10 11 20 25 26 28 30 31 36 37 38 45 46 47 49 50 54 56 57 59 60 61 63 64 70 71 72 73 74 76 77 78 79 81 83 84 85 86 87 88 89 90 91 92 97 98 99 101 103 104 105 106 110 111 112 113 117 118 119 126 127 129 130 165 167 168 169 170 178 179 185 188 194 211 212 222 224 231 232 237 239 241 1 2 3 3 1 0 2 1 1 2 1 2 2 2 1 1 2 1 3 1 1 2 2 1 0 2 2 1 3 1 3 1 1 1 1 2 3 1 1 1 3 1 1 1 2 2 1 2 2 3 0 1 1 2 1 1 3 1 2 1 3 1 1 1 2 2 2 0 2 2 2 1 2 1 2 2 2 1 1 2 1 2 1 2 2 1 2 1 2 1
4031837 81 0 2 6 8 9 11 20 26 28 33 34 36 37 38 42 44 45 46 47 52 53 54 56 60 61 62 63 64 69 71 72 73 74 78 79 81 83 84 86 90 92 93 95 99 101 104 110 111 112 117 118 119 120 121 122 126 127 129 130 167 170 176 179 185 188 193 196 197 202 203 205 206 211 212 223 224 229 232 238 239 241 1 2 3 3 1 0 2 1 1 2 1 2 2 2 1 1 2 1 3 0 2 2 3 0 0 2 2 2 2 1 3 1 1 0 2 2 3 1 1 1 3 1 1 1 2 2 1 2 2 2 1 1 2 1 2 0 3 1 2 1 2 2 1 1 1 3 2 1 1 2 2 1 1 2 2 3 1 1 1 2 1 2 1 2 1 2 1 2 1 2
4032746 73 0 1 2 4 5 8 10 11 19 25 30 31 32 33 34 35 43 44 49 51 52 54 55 57 58 59 63 64 76 81 82 83 84 85 86 89 90 91 92 97 98 99 100 103 105 106 111 112 113 115 116 123 124 125 129 130 132 133 164 165 167 171 173 179 180 186 218 219 221 225 227 234 237 1 3 2 3 1 0 2 0 2 3 1 1 1 2 2 1 2 1 2 1 2 2 2 1 1 2 1 1 3 1 2 2 1 2 0 2 2 1 2 2 2 1 1 2 1 3 1 1 0 1 3 2 3 0 1 1 3 2 2 1 2 1 1 2 3 1 3 0 1 1 1 2 1 1 3 2 1 2 2 2 0 2 2 1 2 2 1 1 1 2
4032747 61 0 1 6 7 9 10 19 25 30 31 33 34 39 40 49 51 52 54 55 57 58 63 64 66 67 76 81 82 83 90 91 92 99 100 101 111 112 113 120 121 122 130 131 164 168 170 171 173 180 182 186 188 218 219 221 225 227 228 230 234 239 1 3 2 3 1 0 2 0 2 3 1 1 1 2 2 1 2 1 2 1 2 2 3 0 1 1 2 2 3 0 2 2 1 1 0 3 2 1 2 2 2 1 1 2 1 3 0 2 0 2 2 2 3 0 2 1 2 1 2 2 2 1 1 2 2 2 3 1 0 1 1 2 1 1 3 3 1 1 1 2 1 2 2 1 1 1 2 2 2 1
4032752 63 0 2 3 5 8 18 20 26 30 31 32 34 35 54 55 57 58 59 72 73 81 83 84 86 89 90 92 93 95 98 99 101 111 112 113 115 116 120 121 122 124 125 164 165 167 171 173 174 176 179 180 182 188 217 218 219 220 221 226 229 230 234 236 1 3 2 3 1 0 2 0 2 3 0 2 1 3 1 1 2 1 2 1 2 2 2 1 1 2 1 2 2 1 2 2 1 1 1 2 2 1 2 2 3 0 1 1 2 3 1 1 0 1 3 2 3 0 2 0 3 2 2 1 1 2 1 2 3 1 2 1 1 2 0 2 1 1 3 1 2 1 3 1 1 2 2 1 3 1 1 0 2 2
4032815 56 0 3 9 12 15 21 24 28 30 31 33 36 37 39 40 42 43 54 55 63 64 66 67 72 73 75 76 81 83 84 86 90 92 93 95 99 102 104 109 110 111 113 117 118 119 120 122 167 170 176 179 185 188 220 229 238 1 3 2 3 1 0 2 0 2 1 2 2 2 2 1 2 1 1 2 1 2 3 2 0 0 2 2 3 2 0 2 2 1 0 1 3 2 1 2 2 3 0 1 1 2 1 2 2 1 1 2 3 2 0 3 0 2 1 1 3 1 3 0 2 2 1 2 1 2 1 2 1 1 2 2 2 1 1 2 2 1 2 1 2 2 1 1 1 2 2
4032825 59 0 3 9 12 15 21 24 28 30 31 33 34 36 37 39 40 42 43 54 55 57 58 72 75 76 81 83 84 86 90 92 93 95 99 101 102 104 109 110 111 112 117 118 119 120 121 164 173 176 179 182 185 188 217 218 221 236 238 239 1 3 2 3 1 0 2 0 2 2 1 2 2 2 1 1 2 1 1 2 2 3 2 0 1 1 2 3 2 0 2 2 1 0 1 3 1 2 2 2 3 0 2 0 2 2 1 2 1 1 2 2 3 0 3 0 2 1 2 2 1 2 1 2 2 1 2 1 2 1 2 1 1 2 2 2 1 1 2 1 2 2 1 2 2 1 1 1 3 1
4032840 45 0 2 3 9 20 30 31 33 35 42 43 48 49 54 55 63 64 69 70 72 73 75 76 81 83 84 90 99 101 102 111 115 116 123 124 129 165 183 219 220 223 231 232 237 238 1 3 2 3 1 0 2 0 2 1 2 2 2 2 1 2 1 1 3 1 1 2 2 1 0 2 2 2 2 1 1 2 2 2 1 1 2 2 1 2 1 2 1 2 1 3 2 0 0 1 3 2 2 1 2 0 3 2 1 2 1 3 0 2 2 1 1 0 3 2 3 0 1 2 2 3 2 0 1 1 2 2 2 2 3 1 0 1 1 2
4032843 61 0 1 3 9 10 16 28 30 33 34 36 37 42 43 45 48 57 61 63 64 69 70 72 75 81 82 83 84 86 90 91 92 99 101 102 104 109 110 111 113 117 118 119 126 128 129 131 165 167 168 169 177 178 179 188 219 223 231 232 237 240 1 3 2 3 1 0 2 0 2 1 2 2 2 2 1 2 1 1 2 2 1 3 2 0 0 1 3 2 3 0 2 1 2 1 1 2 2 2 1 2 1 2 1 2 1 3 1 1 1 1 2 1 3 1 2 1 2 1 1 3 2 2 0 1 3 1 2 0 2 2 2 1 1 3 1 2 2 1 2 0 2 2 2 1 2 0 2 1 3 1
4032855 65 0 1 3 9 10 16 19 22 28 30 31 33 34 36 37 42 43 45 48 49 52 54 55 57 58 61 63 69 70 81 82 83 84 86 90 91 92 99 100 101 102 103 104 109 110 111 112 117 118 119 126 128 129 130 168 177 179 183 185 188 219 221 224 231 233 1 3 2 3 1 0 2 0 2 2 2 1 2 2 1 1 1 2 2 2 1 3 2 0 0 1 3 2 3 0 2 2 1 1 0 3 1 2 2 2 1 2 2 2 0 3 1 1 1 1 2 1 3 1 2 1 2 1 2 2 2 1 1 2 2 1 2 0 2 1 3 1 1 2 2 2 1 2 2 1 1 2 1 2 2 1 1 1 3 1
4032882 43 0 3 6 9 15 21 30 31 33 42 48 49 51 55 64 76 81 83 84 90 92 102 111 112 129 130 164 165 168 170 171 173 183 186 188 217 218 220 224 226 227 233 238 1 3 2 3 1 0 2 0 2 2 2 1 2 2 1 1 1 2 2 1 2 2 3 0 1 1 2 3 2 0 1 2 2 1 1 2 3 1 1 1 3 1 1 1 2 2 2 1 0 2 2 3 1 1 3 0 2 2 1 2 0 3 1 2 1 2 3 0 2 0 3 1 1 3 1 1 1 2 3 1 1 2 2 2 2 2 0 2 0 2
4032884 74 0 1 3 4 7 9 22 28 30 31 33 34 36 42 45 48 49 52 57 58 61 63 69 72 73 75 76 79 81 82 83 84 85 86 90 92 99 100 102 103 104 109 110 111 112 117 119 126 128 163 164 165 166 168 170 171 173 180 183 184 185 188 217 220 223 224 227 233 234 236 238 239 240 241 1 3 2 3 1 0 2 0 2 2 2 1 2 2 1 1 1 2 1 2 2 3 2 0 1 1 2 2 3 0 2 1 2 1 1 2 3 1 1 1 3 1 1 1 2 2 2 1 1 1 2 2 2 1 2 1 2 2 1 2 1 2 1 1 2 2 3 0 2 1 2 1 1 3 1 2 0 2 2 2 1 2 2 1 2 2 1 1 1 2
4032896 73 0 2 3 5 8 9 17 23 28 29 30 31 33 34 35 36 37 42 43 44 45 47 48 49 50 52 53 54 55 57 58 59 61 62 72 75 76 77 79 81 83 84 86 90 92 99 101 102 104 109 110 111 112 117 118 119 126 128 171 173 177 179 180 182 183 185 188 234 236 238 239 240 241 1 3 2 3 1 0 2 0 2 3 1 1 2 2 1 0 2 2 1 2 2 3 2 0 1 1 2 2 2 1 2 2 1 1 1 2 2 2 1 1 3 1 2 0 2 2 2 1 1 1 2 2 2 1 2 0 3 2 2 1 1 2 1 2 2 1 2 0 3 1 2 1 1 2 2 2 1 1 2 1 2 2 1 2 2 2 1 1 2 1
4032908 43 0 1 3 4 7 18 19 25 36 39 45 48 49 52 54 55 57 58 61 63 66 81 82 83 84 85 99 100 102 103 117 119 120 126 129 130 165 170 183 219 224 228 233 1 3 2 3 1 0 2 0 2 3 1 1 1 3 1 1 1 2 2 1 2 3 2 0 0 2 2 2 3 0 1 2 2 2 0 2 3 0 2 0 3 2 2 2 0 3 1 1 1 1 2 1 3 1 2 1 2 1 2 2 2 1 1 2 1 2 2 1 1 1 2 2 1 3 2 2 0 2 3 1 0 2 1 2 3 2 0 0 2 2
4032912 50 0 2 6 8 9 11 20 26 33 35 42 44 51 53 54 55 63 64 69 72 73 78 81 83 84 90 92 93 99 101 111 112 120 121 129 130 165 168 170 174 177 179 219 220 228 229 231 237 238 240 1 3 2 3 1 0 2 0 2 2 1 2 2 2 1 1 2 1 3 0 2 2 3 0 0 2 2 2 2 1 1 2 2 2 1 1 3 1 1 1 2 2 1 2 1 3 1 1 0 2 2 2 2 1 2 0 3 2 1 2 1 3 0 2 1 2 1 1 2 2 2 1 1 3 1 3 1 1 1 1 2 2 2 2 2 2 0 2 0 2
4032914 70 0 1 4 5 7 8 10 11 20 26 28 30 31 33 34 35 36 37 38 43 44 45 47 50 51 53 57 58 61 63 64 70 72 78 81 82 83 84 85 86 90 91 92 99 101 104 109 110 111 112 117 118 119 126 128 129 131 165 166 168 170 179 185 219 220 223 231 232 237 240 1 3 2 3 1 0 2 0 2 2 1 2 2 2 1 1 2 1 2 1 2 3 2 0 0 2 2 1 3 1 2 1 2 2 1 1 3 1 1 1 2 2 1 2 1 3 1 1 1 1 2 1 3 1 1 1 3 2 1 2 2 2 0 1 2 2 2 0 2 2 2 1 1 3 1 2 2 1 2 0 2 2 2 1 2 2 1 1 1 2
4032920 68 0 1 3 4 7 18 19 25 28 30 31 33 34 36 37 39 40 43 45 48 49 51 52 57 58 61 64 66 67 70 72 73 75 76 78 79 81 82 83 84 85 109 110 111 112 117 118 119 120 121 165 166 168 170 183 184 186 188 219 220 223 224 229 233 237 238 240 241 1 3 2 3 1 0 2 0 2 2 1 2 2 3 0 1 1 2 2 1 2 3 2 0 0 2 2 2 3 0 2 1 2 1 1 2 3 0 2 1 3 1 1 2 1 3 1 1 1 1 2 1 3 1 2 1 2 2 1 2 1 2 1 1 2 2 2 1 1 2 1 2 1 3 1 1 1 2 3 1 1 1 2 2 3 2 0 1 1 2
4032926 71 0 1 2 4 5 8 10 11 19 25 26 28 29 30 31 33 34 35 36 37 38 43 44 45 49 50 51 52 53 54 55 57 58 59 61 62 63 70 71 81 82 83 84 85 86 90 91 92 99 100 101 103 104 109 110 111 112 117 118 119 126 128 129 130 131 179 185 186 188 231 233 1 3 2 3 1 0 2 0 2 3 1 1 2 2 1 0 2 2 2 1 2 3 2 0 0 2 2 1 3 1 2 2 1 2 0 2 2 1 2 1 2 2 2 2 0 3 1 1 1 1 2 1 3 1 1 1 3 2 2 1 2 1 1 2 2 1 2 0 2 1 2 2 1 2 2 2 1 2 2 1 1 2 1 2 2 2 1 1 2 1
4032932 64 0 2 3 5 8 18 20 26 28 29 30 31 33 34 35 45 47 48 50 51 53 54 55 57 58 59 61 62 72 75 77 78 81 83 84 86 90 92 93 95 109 110 111 112 117 118 119 120 121 122 174 176 179 183 185 186 188 229 230 232 233 237 239 240 1 3 2 3 1 0 2 0 2 3 0 2 2 3 0 0 2 2 2 1 2 3 2 0 0 2 2 2 2 1 2 2 1 1 1 2 2 1 2 1 3 1 2 1 1 3 1 1 1 1 2 1 3 1 2 0 3 2 2 1 1 2 1 2 2 1 1 1 2 2 1 2 1 2 2 1 2 1 3 0 2 1 2 2 3 1 1 1 2 1
4034039 62 0 1 6 7 9 18 19 24 25 28 30 31 33 34 36 39 45 46 51 52 55 63 66 72 73 82 83 87 88 89 90 92 99 100 101 105 106 139 146 147 149 154 164 169 170 182 187 188 194 196 197 200 203 209 215 217 218 220 227 230 235 236 2 3 1 3 0 1 1 1 2 2 1 2 1 3 1 2 1 1 3 1 1 1 3 1 1 1 2 3 2 0 2 2 1 0 1 3 3 1 1 1 3 1 1 1 2 2 0 3 1 2 2 2 2 0 2 1 2 2 1 2 1 2 1 1 2 3 2 2 0 3 0 1 1 3 1 2 0 2 2 2 1 1 1 3 2 1 1 2 2 1
4034106 75 0 1 3 6 9 10 12 21 24 25 28 30 33 36 37 39 45 46 48 51 52 63 64 66 72 73 75 82 83 84 86 87 88 89 90 91 92 93 95 99 100 102 105 106 145 146 147 149 154 156 163 164 165 168 170 171 173 174 180 181 186 194 196 197 199 200 201 203 213 226 227 230 234 235 237 2 3 1 3 0 1 1 1 2 1 2 2 2 2 1 2 1 1 2 2 1 1 2 2 2 1 1 3 2 0 1 2 2 1 1 2 3 1 1 2 2 1 0 2 2 2 1 2 1 1 3 2 2 0 3 1 1 1 1 3 1 2 1 1 2 2 3 2 0 1 1 2 1 2 2 1 1 2 3 2 0 1 3 2 3 0 1 2 1 1
4034111 76 0 1 3 6 9 12 15 16 24 25 28 30 33 36 37 39 42 43 45 46 48 51 52 63 64 66 72 73 75 82 83 84 86 87 88 89 90 92 93 95 96 97 98 99 100 104 105 106 145 146 147 149 154 156 164 167 169 170 176 179 187 188 194 196 197 200 203 205 206 209 215 227 230 235 236 239 2 3 1 3 0 1 1 1 2 1 2 2 2 2 1 2 1 1 2 2 1 2 2 1 1 1 2 3 2 0 2 2 1 0 1 3 3 1 1 2 2 1 0 2 2 1 1 3 2 1 2 2 2 0 2 1 2 2 1 2 1 2 1 1 2 2 2 2 1 2 1 1 1 2 2 2 1 1 2 2 1 1 2 2 2 0 2 2 2 1
4034118 88 0 2 3 6 8 9 11 12 15 21 24 26 28 29 30 31 33 35 36 37 38 39 40 42 43 45 47 48 51 52 53 56 57 63 64 72 74 75 76 83 84 87 89 90 92 93 96 98 99 101 102 105 139 145 146 147 148 154 156 157 164 165 171 173 174 179 180 186 197 199 200 201 205 206 209 213 215 217 218 219 220 226 227 229 234 235 236 237 2 3 1 3 0 1 1 1 2 2 1 2 2 2 1 1 2 1 2 2 1 1 2 2 2 1 1 3 1 1 1 3 1 1 1 2 2 2 1 2 2 1 1 1 2 2 1 2 1 1 3 2 2 0 3 0 2 1 2 2 1 2 1 1 3 1 3 1 1 1 1 2 1 1 3 1 2 1 3 1 1 1 2 3 3 1 0 2 1 1
4034154 44 2 3 20 21 28 29 30 31 37 56 57 64 73 74 75 76 83 84 87 89 96 139 145 150 164 165 177 182 183 186 188 197 199 204 217 218 219 220 222 224 235 236 237 240 2 3 1 3 0 1 1 1 2 2 1 2 2 3 0 1 1 2 3 2 0 1 2 2 1 1 2 3 1 1 1 3 1 1 1 2 2 1 2 2 3 0 1 1 2 3 1 1 1 1 3 1 2 1 3 0 2 1 2 2 1 2 1 1 3 1 2 0 2 2 2 1 1 1 3 2 2 0 2 1 2 0 3 3 3 1 0 3 0 1
4034300 47 0 2 3 5 9 18 20 21 23 30 32 49 50 54 56 57 59 63 64 81 83 84 86 87 89 90 96 99 101 102 104 111 113 114 116 123 124 130 131 164 182 197 205 218 224 226 232 2 2 2 3 1 0 1 1 2 3 1 1 1 3 1 1 1 2 2 3 0 1 2 2 2 0 2 2 2 1 3 1 1 0 2 2 2 1 2 1 2 2 2 2 0 3 1 1 0 2 3 2 1 1 3 0 2 1 2 1 1 2 2 1 3 2 2 0 2 3 1 0 2 0 3 2 2 0 1 2 2 2 2 1 1 2 2 2 1 1
4034322 73 0 1 3 4 6 9 10 12 21 22 24 25 28 37 46 52 54 57 63 64 66 67 72 73 75 76 81 83 84 85 86 87 88 89 90 91 92 93 95 99 100 102 103 105 106 110 115 116 118 119 127 133 163 164 166 170 173 181 196 197 199 200 208 214 218 220 221 226 227 229 230 235 238 2 2 2 3 1 0 1 1 2 1 2 2 2 2 1 2 1 1 2 2 1 1 2 2 2 1 1 3 2 0 2 1 2 0 2 2 3 1 1 1 2 2 1 2 1 2 1 2 2 0 3 1 3 0 3 1 1 0 2 2 2 1 2 1 2 2 3 2 0 1 1 2 2 1 2 1 1 2 2 3 0 2 2 2 2 1 1 2 1 1
4034324 58 3 4 7 9 12 24 25 30 31 34 36 39 45 46 51 52 58 63 66 72 73 84 86 87 89 90 92 93 95 99 105 111 113 114 116 117 119 120 122 126 132 166 170 173 181 193 194 196 197 200 203 208 214 220 221 227 230 235 2 2 2 3 1 0 1 1 2 1 2 2 2 2 1 2 1 1 1 3 1 2 1 2 2 1 1 2 3 0 3 0 2 0 2 2 3 1 1 1 2 2 1 2 1 2 1 2 1 1 3 2 2 0 3 1 1 1 1 2 1 2 2 0 3 2 3 2 0 2 0 2 1 2 2 2 0 2 2 3 0 2 2 1 2 1 2 1 2 1
4034334 73 0 2 3 6 8 9 11 12 15 21 24 26 29 35 37 43 47 52 53 54 56 57 63 64 65 66 67 72 74 75 76 81 83 84 87 89 90 92 93 96 98 99 101 102 105 110 116 118 119 124 125 127 128 133 164 173 179 197 199 200 205 206 208 209 214 215 218 226 227 229 235 236 238 2 2 2 3 1 0 1 1 2 2 1 2 2 2 1 1 2 1 2 2 1 1 2 2 2 1 1 3 1 1 2 2 1 0 2 2 2 2 1 2 1 2 1 2 1 2 1 2 2 0 3 1 3 0 3 0 2 0 3 1 2 1 2 1 3 1 3 1 1 1 1 2 2 0 3 1 2 1 2 2 1 2 1 3 2 2 0 2 1 1
4034336 89 0 2 3 5 8 9 12 14 15 24 26 28 30 31 32 34 35 39 40 42 43 45 51 52 53 56 58 59 63 64 66 67 68 72 74 81 83 84 86 87 89 90 92 93 95 96 98 99 101 105 110 111 112 114 115 116 117 120 123 125 126 127 128 132 133 164 173 179 193 194 197 199 202 203 205 206 208 209 214 215 218 220 221 226 227 229 230 235 236 2 2 2 3 1 0 1 1 2 2 1 2 2 2 1 1 2 1 1 3 1 2 1 2 2 1 1 2 2 1 3 1 1 0 2 2 2 2 1 2 1 2 1 2 1 2 1 2 1 1 3 2 2 0 3 0 2 1 2 1 1 2 2 1 3 1 2 2 1 2 0 2 1 1 3 2 1 1 2 2 1 2 1 2 2 2 1 1 2 1
4034352 72 0 1 2 3 4 9 10 12 19 20 22 23 28 37 46 47 57 66 67 76 77 81 83 84 85 86 87 88 89 90 91 93 96 97 100 101 103 104 110 115 116 118 124 127 128 163 164 165 166 168 170 171 172 177 182 196 197 199 205 208 209 219 220 221 222 224 228 229 231 232 238 239 2 2 2 3 1 0 1 1 2 1 2 2 2 2 1 2 1 1 3 2 0 1 2 2 1 1 2 2 2 1 2 1 2 1 2 1 3 1 1 1 3 1 1 1 2 3 1 1 2 0 3 0 3 1 2 1 2 0 2 2 3 1 1 1 2 2 1 1 2 3 2 0 2 1 2 3 2 0 0 2 2 2 2 2 2 1 1 2 1 1
4034354 75 3 4 5 9 10 19 20 22 23 30 31 36 37 45 46 49 50 58 59 63 64 72 73 74 75 76 77 84 86 87 89 90 96 99 101 102 104 111 113 114 116 117 123 126 128 131 165 166 168 170 171 172 177 180 182 193 194 196 197 199 204 205 208 209 219 220 221 223 224 231 232 234 235 238 239 2 2 2 3 1 0 1 1 2 1 2 2 2 2 1 2 1 1 2 3 0 2 1 2 1 1 2 1 3 1 3 0 2 1 2 1 3 1 1 1 3 1 1 1 2 3 1 1 1 1 3 1 2 1 2 1 2 1 1 2 2 2 1 0 3 2 2 0 2 3 2 0 1 2 2 3 2 0 1 1 2 2 2 1 2 1 2 1 2 1
4034357 87 0 1 2 3 4 9 10 11 14 20 22 23 28 36 37 38 45 46 47 54 56 57 63 64 66 67 68 72 73 74 75 76 77 81 83 84 85 86 87 88 89 90 91 92 95 96 97 98 99 101 102 103 104 106 110 114 115 116 117 118 119 123 124 125 126 127 132 133 166 167 169 170 178 179 185 188 196 197 205 206 214 215 220 221 229 238 239 2 2 2 3 1 0 1 1 2 1 2 2 2 2 1 2 1 1 3 2 0 2 2 1 0 1 3 2 2 1 3 1 1 0 2 2 3 1 1 1 3 1 1 1 2 2 1 2 2 0 3 1 3 0 1 1 3 1 2 1 3 1 1 1 2 2 2 1 1 2 2 1 2 1 2 2 2 1 1 2 1 2 1 2 1 1 2 2 2 1
4034366 89 0 1 2 3 4 5 9 10 11 19 22 23 28 30 31 32 36 37 56 58 59 63 65 72 73 75 76 77 81 83 84 85 86 87 89 90 91 92 96 97 98 99 100 101 102 103 104 106 110 111 112 114 115 116 117 118 119 123 124 125 164 165 171 177 180 181 182 184 188 193 194 197 200 204 205 206 218 219 220 221 224 231 233 234 236 238 239 240 241 2 2 2 3 1 0 1 1 2 2 2 1 2 2 1 1 1 2 2 3 0 2 1 2 1 1 2 1 3 1 3 1 1 1 1 2 2 1 2 2 3 0 1 1 2 3 1 1 1 1 3 1 2 1 2 1 2 1 2 1 2 1 2 1 3 1 2 0 2 2 2 1 1 1 3 3 1 1 1 2 1 2 1 2 2 2 1 1 2 1
4034372 77 0 2 3 5 9 12 18 20 21 23 28 30 31 32 39 40 45 46 49 50 56 58 59 64 66 67 72 73 74 75 76 77 81 83 84 86 87 89 90 93 96 110 111 112 114 115 116 117 118 120 121 123 124 164 182 188 193 194 197 199 202 205 208 209 214 215 218 220 221 224 229 232 235 236 238 239 241 2 2 2 3 1 0 1 1 2 2 1 2 2 3 0 1 1 2 2 3 0 2 1 2 1 1 2 2 2 1 3 1 1 0 2 2 2 1 2 2 2 1 1 2 1 3 1 1 1 1 3 1 2 1 3 0 2 1 2 1 1 2 2 1 3 1 1 1 2 3 1 1 1 1 3 2 2 0 2 1 2 1 2 2 2 2 1 2 1 1
4034378 77 0 2 3 6 8 9 12 15 21 23 28 31 32 34 35 40 43 49 50 54 56 57 58 59 61 62 63 64 66 67 70 74 76 77 81 83 84 87 89 90 93 96 99 101 102 104 110 112 113 115 116 127 128 130 131 168 171 177 180 182 196 197 199 205 208 209 218 222 223 224 225 226 231 232 234 235 236 2 2 2 3 1 0 1 1 2 3 1 1 1 2 2 1 2 1 1 3 1 2 2 1 2 0 2 2 2 1 2 1 2 1 2 1 2 2 1 2 1 2 1 2 1 2 1 2 1 2 2 2 1 1 3 0 2 0 2 2 2 2 1 1 1 3 2 1 2 2 2 0 2 2 2 3 1 0 1 1 2 2 1 2 2 2 1 1 2 1
4034394 72 0 1 3 4 6 9 10 12 15 21 22 24 28 37 40 46 49 54 57 58 60 63 64 67 69 81 83 84 85 87 89 90 91 92 93 95 96 98 99 100 102 103 104 105 110 112 116 118 119 121 122 125 127 128 130 131 163 173 181 188 197 199 200 206 208 209 215 218 224 226 227 233 2 2 2 3 1 0 1 1 2 2 2 1 2 2 1 1 1 2 2 2 1 1 3 1 2 0 2 3 2 0 2 1 2 0 2 2 2 1 2 1 2 2 2 2 0 2 1 2 2 1 2 1 2 1 3 1 1 0 2 2 2 1 2 1 1 3 3 1 1 1 2 1 2 2 1 1 1 2 2 2 1 2 2 2 1 2 1 3 0 1
4034396 67 3 4 6 7 9 12 15 21 22 25 30 31 33 34 36 39 42 45 46 49 52 57 58 61 63 84 87 89 90 92 93 95 96 98 99 102 104 105 111 113 114 116 117 119 120 122 123 125 126 128 131 132 173 181 188 196 197 200 206 208 209 214 215 223 224 227 233 2 2 2 3 1 0 1 1 2 2 2 1 2 2 1 1 1 2 1 3 1 2 2 1 2 0 2 2 3 0 3 0 2 0 2 2 2 1 2 1 2 2 2 2 0 2 1 2 1 2 2 2 1 1 3 1 1 1 1 2 1 2 2 0 2 3 3 1 1 2 1 1 2 2 1 2 0 2 1 3 1 2 2 1 1 2 2 2 1 1
4034406 63 0 2 3 6 9 11 15 21 23 24 28 29 31 34 37 43 47 49 54 56 57 58 59 60 63 64 65 69 81 83 84 87 90 92 96 99 101 102 104 105 110 112 113 115 118 119 124 127 128 130 131 133 173 182 199 200 205 208 209 214 226 227 232 2 2 2 3 1 0 1 1 2 3 1 1 2 2 1 0 2 2 2 2 1 1 3 1 2 0 2 3 1 1 2 2 1 0 2 2 1 2 2 2 1 2 2 2 0 2 1 2 2 1 2 1 2 1 3 0 2 0 3 1 2 1 2 1 2 2 3 0 2 1 2 1 2 1 2 1 2 1 2 1 2 2 1 3 1 2 1 3 1 0
4034408 76 0 2 3 6 9 12 14 15 21 23 28 30 31 32 33 34 39 40 42 43 45 49 50 52 54 56 57 58 59 61 63 64 67 68 70 81 83 84 87 90 92 93 95 96 99 101 102 104 105 110 111 112 113 114 115 117 120 122 123 126 127 128 130 131 132 133 173 182 199 205 208 209 214 226 227 232 2 2 2 3 1 0 1 1 2 3 1 1 2 2 1 0 2 2 1 3 1 2 2 1 2 0 2 2 2 1 3 1 1 0 2 2 1 2 2 2 1 2 2 2 0 2 1 2 1 2 2 2 1 1 3 0 2 1 2 1 1 2 2 1 2 2 2 1 2 2 1 1 2 1 2 2 1 1 1 2 2 2 1 2 1 2 2 2 2 0
4034414 69 0 2 6 8 18 20 24 26 28 31 32 34 35 50 53 54 56 57 58 59 61 62 72 74 75 77 81 83 87 89 90 96 99 101 105 110 112 113 115 116 118 121 124 128 131 168 171 177 180 182 193 196 197 199 202 205 209 215 219 220 222 223 224 228 229 232 234 239 240 2 2 2 3 1 0 1 1 2 3 0 2 1 3 1 1 2 1 2 2 1 2 2 1 1 1 2 2 2 1 2 1 2 1 2 1 2 2 1 2 2 1 1 1 2 3 0 2 1 2 2 1 2 1 3 0 2 0 2 2 2 2 1 1 1 3 1 2 1 3 1 1 2 2 2 2 2 0 2 0 2 2 2 1 2 1 2 1 2 1
4034420 63 0 1 6 7 9 18 19 24 25 28 31 34 54 57 58 61 72 73 75 76 79 81 83 87 88 89 90 92 99 100 105 106 110 112 113 115 116 119 122 163 168 171 173 180 181 186 193 196 197 200 203 218 219 220 222 223 224 228 230 234 238 240 241 2 2 2 3 1 0 1 1 2 3 1 1 1 3 1 1 1 2 2 2 1 2 2 1 1 1 2 2 3 0 2 1 2 1 1 2 2 1 2 2 3 0 1 1 2 3 0 2 1 2 2 1 2 1 3 1 1 0 2 2 2 1 2 1 1 3 2 2 0 2 1 2 2 2 2 2 0 2 2 2 0 2 1 2 2 2 1 1 2 1
4034424 71 0 1 2 6 8 9 10 11 15 19 20 26 28 37 38 40 46 47 49 53 57 58 60 62 76 77 81 83 87 89 90 91 92 96 98 100 101 110 112 116 118 119 121 122 125 127 128 130 131 163 168 171 172 177 179 182 193 197 199 202 203 206 208 209 215 219 220 222 224 238 239 2 2 2 3 1 0 1 1 2 2 1 2 2 2 1 1 2 1 3 1 1 1 3 1 1 1 2 2 2 1 2 1 2 1 2 1 2 2 1 1 3 1 2 0 2 3 0 2 2 1 2 0 3 1 2 1 2 0 2 2 3 1 1 1 1 3 1 2 1 3 1 1 2 2 1 3 1 1 0 2 2 2 2 2 1 2 1 3 0 1
4034426 90 6 7 8 9 10 11 16 19 20 26 30 31 33 34 36 37 39 40 41 43 45 46 49 50 51 52 53 57 58 59 61 62 72 73 74 76 77 79 87 89 90 92 96 98 99 101 105 111 113 114 116 117 119 120 122 123 125 126 128 131 132 168 171 172 177 179 180 182 193 196 197 199 202 203 204 205 206 208 209 215 219 220 222 223 224 234 235 238 239 240 2 2 2 3 1 0 1 1 2 2 1 2 2 2 1 1 2 1 2 2 1 2 2 1 1 1 2 1 3 1 3 0 2 1 2 1 2 2 1 1 3 1 2 0 2 3 0 2 1 2 2 1 2 1 2 1 2 1 1 2 2 2 1 0 2 3 2 1 1 3 1 1 2 2 1 2 2 1 1 1 2 2 2 1 1 2 2 2 1 1
4034428 72 0 2 9 11 20 28 30 31 36 37 38 39 40 41 45 46 47 49 50 54 56 57 58 59 72 73 74 76 77 81 83 87 90 92 96 99 101 105 110 111 112 113 114 117 118 119 120 121 122 123 126 127 130 132 168 177 186 194 196 202 203 204 205 214 219 221 222 223 238 239 240 241 2 2 2 3 1 0 1 1 2 2 1 2 2 2 1 1 2 1 3 2 0 2 2 1 0 1 3 1 3 1 3 1 1 1 1 2 2 2 1 1 3 1 2 0 2 2 0 3 2 2 1 1 2 1 2 0 3 1 2 1 2 2 1 1 2 2 2 1 1 2 1 2 2 1 2 2 2 1 1 2 1 2 1 2 1 1 3 2 2 0
4034430 41 0 1 6 9 18 19 24 28 46 49 57 58 60 66 75 76 78 81 83 87 89 90 92 110 112 116 119 163 173 181 182 188 193 197 200 208 209 215 220 224 238 2 2 2 3 1 0 1 1 2 2 1 2 2 3 0 1 1 2 3 1 1 1 3 1 1 1 2 3 2 0 2 1 2 0 2 2 2 1 2 1 3 1 2 1 1 3 0 2 2 1 2 0 3 1 3 1 1 0 2 2 2 1 2 1 1 3 2 2 0 2 1 2 2 2 1 2 0 2 1 3 1 1 2 3 2 2 0 3 0 1
4034432 63 6 7 9 10 18 19 24 25 30 31 33 34 36 37 39 40 45 46 51 52 57 58 61 64 67 72 73 79 87 89 90 92 111 113 114 116 117 119 120 122 173 181 182 188 193 196 197 199 200 202 203 208 209 214 215 220 223 224 229 230 235 236 241 2 2 2 3 1 0 1 1 2 2 1 2 2 3 0 1 1 2 2 2 1 2 2 1 1 1 2 2 3 0 3 0 2 0 2 2 2 1 2 1 3 1 2 1 1 3 0 2 1 2 2 1 2 1 3 1 1 1 1 2 1 2 2 0 2 3 2 2 0 3 0 2 2 2 1 1 1 2 2 2 1 1 2 2 2 2 1 2 1 1
4034438 78 0 1 2 6 9 10 11 16 19 25 28 30 31 32 33 34 36 37 39 40 41 43 54 56 57 58 59 61 72 73 76 77 79 81 83 87 90 91 92 96 97 99 100 101 105 106 110 111 112 113 114 115 117 118 119 120 121 122 123 124 171 173 177 180 181 182 186 200 202 203 204 205 234 236 238 239 240 241 2 2 2 3 1 0 1 1 2 3 1 1 2 2 1 0 2 2 2 2 1 2 2 1 1 1 2 1 3 1 3 1 1 1 1 2 1 2 2 2 3 0 2 0 2 3 0 2 1 2 2 1 2 1 2 1 2 1 2 1 2 1 2 1 2 2 2 1 1 2 1 2 2 1 2 2 1 2 1 2 1 2 1 2 1 2 2 2 2 0
4034442 48 0 2 6 18 20 24 28 29 31 34 46 47 52 57 58 59 60 75 77 78 81 83 87 90 92 96 110 112 113 115 118 119 121 124 173 182 199 200 202 205 208 209 214 229 230 238 239 241 2 2 2 3 1 0 1 1 2 3 0 2 2 3 0 0 2 2 3 1 1 1 3 1 1 1 2 3 1 1 2 2 1 0 2 2 1 2 2 2 2 1 2 1 1 3 0 2 2 1 2 0 3 1 3 0 2 0 3 1 2 1 2 1 2 2 2 1 1 2 1 2 2 1 2 2 1 1 1 2 2 1 2 3 2 1 1 3 1 0
4034444 60 0 2 6 18 20 24 28 30 31 32 33 34 45 46 51 52 54 56 57 58 59 61 72 73 74 79 81 83 87 90 92 96 110 111 112 113 114 115 117 118 120 121 122 123 124 173 182 199 202 203 205 208 209 214 229 230 232 235 236 241 2 2 2 3 1 0 1 1 2 3 0 2 2 3 0 0 2 2 2 2 1 2 2 1 1 1 2 2 2 1 3 1 1 0 2 2 1 2 2 2 2 1 2 1 1 3 0 2 1 2 2 1 2 1 3 0 2 1 2 1 1 2 2 1 2 2 1 2 1 3 0 2 2 1 2 1 2 1 2 1 2 1 2 2 2 1 2 2 2 0
4041815 55 0 1 6 7 9 18 19 24 25 36 39 45 46 48 49 51 52 54 55 60 63 66 73 75 76 78 81 82 83 87 88 89 90 92 117 119 120 122 164 169 170 182 187 188 217 218 223 224 227 230 235 236 238 239 241 2 3 1 3 1 0 1 0 3 2 1 2 2 3 0 1 1 2 3 1 1 1 3 1 1 1 2 3 2 0 2 2 1 0 1 3 3 1 1 0 2 2 2 2 1 2 0 3 2 2 1 1 2 1 2 1 2 1 2 2 2 1 1 2 1 3 2 2 0 2 1 1 2 2 1 2 0 2 1 3 1 1 1 3 2 1 1 2 2 1
4041882 62 0 1 3 6 9 10 12 21 24 25 28 37 52 54 63 64 66 75 78 81 82 83 84 86 87 88 89 90 91 92 93 95 109 110 113 115 116 118 119 122 163 164 165 168 170 171 173 174 186 217 218 219 222 224 225 226 227 228 230 237 240 241 2 3 1 3 1 0 1 0 3 1 2 2 3 2 0 1 1 2 2 2 1 1 2 2 2 1 1 3 2 0 1 2 2 1 1 2 3 1 1 1 1 2 1 3 1 2 1 2 1 2 2 2 1 1 3 1 1 0 2 3 2 1 1 2 1 2 3 2 0 0 2 2 2 1 2 1 1 2 2 3 0 1 3 2 3 0 1 2 1 1
4041884 71 0 1 3 7 9 12 21 24 25 28 30 34 36 39 45 46 48 51 52 63 66 73 75 79 81 82 83 84 86 87 88 89 90 92 93 95 109 110 111 113 114 115 116 117 119 120 122 163 164 165 168 170 171 173 174 180 181 186 217 219 221 223 224 225 227 228 230 235 237 240 241 2 3 1 3 1 0 1 0 3 1 2 2 3 2 0 1 1 2 1 3 1 2 1 2 2 1 1 2 3 0 2 1 2 1 1 2 3 1 1 1 1 2 1 3 1 2 1 2 2 1 2 1 2 1 3 1 1 1 1 3 1 2 1 1 2 2 3 2 0 1 1 2 1 2 2 2 0 2 2 3 0 1 3 1 3 0 2 1 2 1
4041887 75 0 1 3 6 9 12 15 16 24 25 28 30 33 36 37 39 43 45 46 48 51 52 54 63 64 66 69 73 75 78 81 82 83 84 86 87 88 89 90 92 93 95 96 97 98 109 110 111 113 114 115 116 117 118 120 124 164 167 169 170 176 179 187 188 217 218 224 227 230 232 233 235 236 239 241 2 3 1 3 1 0 1 0 3 1 2 2 3 2 0 1 1 2 2 2 1 2 2 1 1 1 2 3 2 0 2 2 1 0 1 3 3 1 1 1 1 2 1 3 1 1 1 3 2 2 1 2 1 1 2 1 2 1 2 2 2 1 1 2 1 2 2 2 1 1 2 1 2 1 2 2 1 1 1 3 1 1 2 2 2 0 2 2 2 1
4041894 60 0 2 3 6 8 9 11 12 15 21 24 26 29 35 37 38 40 43 49 52 53 54 57 63 64 69 75 76 78 81 83 84 87 89 90 92 93 96 98 110 116 118 119 121 124 125 171 173 174 179 186 225 226 228 229 232 237 238 240 241 2 3 1 3 1 0 1 0 3 2 1 2 3 2 0 0 2 2 2 2 1 1 2 2 2 1 1 3 1 1 1 3 1 1 1 2 2 2 1 1 1 2 2 2 1 2 1 2 1 2 2 2 1 1 3 0 2 0 2 3 2 2 0 2 2 1 3 1 1 0 2 2 2 0 3 1 2 1 2 2 1 1 2 3 3 1 0 2 1 1
4041896 80 0 2 3 5 8 9 12 14 15 21 24 26 28 29 30 32 34 35 36 37 39 40 41 43 45 47 48 49 50 51 52 53 55 58 66 67 70 75 76 79 81 83 84 86 87 89 90 92 93 95 96 98 109 110 111 113 114 115 116 117 119 120 122 125 171 173 174 179 180 186 225 226 228 229 232 235 237 238 240 241 2 3 1 3 1 0 1 0 3 2 1 2 3 2 0 0 2 2 1 3 1 2 1 2 2 1 1 2 2 1 2 2 1 1 1 2 2 2 1 1 1 2 2 2 1 2 1 2 2 1 2 1 2 1 3 0 2 1 1 3 1 3 0 2 2 1 2 2 1 1 1 2 1 1 3 2 1 1 2 2 1 1 2 2 3 1 1 1 2 1
4049585 81 0 1 2 3 4 6 7 9 11 12 14 18 20 22 23 24 25 28 29 30 31 33 34 36 38 39 41 45 46 47 49 50 51 52 82 83 84 85 86 87 88 90 92 93 95 99 101 103 104 105 106 139 142 146 147 149 154 157 194 196 200 209 212 213 214 217 218 219 220 222 223 225 227 228 230 234 236 238 239 240 241 3 3 0 3 0 1 0 1 3 2 2 1 1 2 2 2 1 1 3 1 1 1 3 1 1 1 2 2 2 1 2 2 1 1 1 2 3 1 1 1 1 3 1 2 1 2 1 2 1 2 2 2 1 1 2 1 2 2 1 2 1 2 1 1 2 3 3 1 0 2 1 1 1 3 1 3 0 2 1 2 1 1 1 3 1 1 2 3 2 0
4049801 68 0 2 4 6 7 9 11 14 18 20 22 23 24 25 36 38 40 45 47 49 51 52 54 56 58 63 65 68 74 81 83 85 86 87 88 90 92 95 99 101 103 104 105 106 117 119 121 122 126 128 130 131 132 133 200 209 211 212 214 218 220 221 227 229 230 236 238 239 3 2 1 3 1 0 0 1 3 2 2 1 1 2 2 2 1 1 3 1 1 1 3 1 1 1 2 2 2 1 3 1 1 0 2 2 3 1 1 0 2 3 2 1 1 2 1 2 1 1 3 2 2 0 2 1 2 1 2 1 2 1 2 1 2 3 3 1 0 2 1 1 2 2 1 2 1 2 1 2 1 2 0 3 0 2 2 3 2 0
4049858 66 0 1 2 3 4 5 7 9 10 12 14 15 16 18 21 22 28 31 32 34 49 63 66 67 68 70 75 81 83 84 85 86 87 88 90 91 92 93 95 96 97 99 100 102 103 110 112 113 115 127 130 193 194 196 208 211 225 226 227 229 230 231 232 234 237 238 3 2 1 3 1 0 0 1 3 2 2 1 1 2 2 2 1 1 1 3 1 2 1 2 2 1 1 2 2 1 2 1 2 1 2 1 3 1 1 2 0 3 0 3 1 3 1 1 1 1 3 1 2 1 3 1 1 0 2 2 2 1 2 1 2 2 2 1 2 2 2 0 1 2 3 2 1 1 3 1 0 2 1 2 1 2 2 2 2 0
4049873 86 0 1 2 3 4 6 9 10 11 12 14 15 16 20 22 23 24 25 28 33 36 37 38 42 43 46 47 51 52 56 57 64 65 66 67 68 76 77 81 83 84 85 86 87 88 90 91 92 93 95 96 97 99 101 103 104 105 106 110 114 115 117 118 123 124 126 127 128 132 133 196 199 200 205 209 214 218 220 221 226 227 229 230 236 238 239 3 2 1 3 1 0 0 1 3 1 3 1 2 1 2 2 1 1 2 2 1 2 2 1 1 1 2 2 2 1 3 1 1 0 2 2 3 1 1 1 1 3 1 2 1 2 1 2 2 0 3 1 3 0 2 1 2 1 2 1 2 1 2 1 2 2 3 1 1 1 2 1 2 1 2 2 2 1 1 2 1 1 1 3 1 1 2 3 2 0
4049966 90 0 1 2 3 4 6 7 8 9 10 12 14 16 17 18 20 21 23 28 31 32 34 35 40 43 50 54 56 57 59 61 62 64 68 72 74 81 83 84 85 87 88 89 90 91 93 95 96 97 98 99 101 102 104 110 112 113 115 116 118 121 122 124 125 128 131 193 196 197 199 205 206 209 212 218 219 220 222 223 224 225 226 229 230 232 233 234 236 237 239 3 2 1 3 1 0 0 1 3 3 1 1 1 3 1 1 1 2 2 2 1 2 2 1 1 1 2 2 2 1 2 1 2 1 2 1 2 1 2 2 1 2 1 2 1 2 1 2 1 2 2 2 1 1 3 1 1 0 2 2 2 1 2 1 1 3 1 1 2 3 2 0 2 2 2 1 2 1 3 0 1 2 2 1 2 1 2 1 2 1
4049978 80 3 4 6 7 8 9 10 16 17 18 19 20 22 23 30 31 33 34 36 37 43 44 45 46 49 50 58 59 61 62 64 65 73 74 84 87 89 90 96 98 99 101 102 104 111 113 114 116 117 119 123 125 126 128 129 131 193 196 197 199 205 206 208 209 211 212 219 220 222 223 224 225 226 232 233 234 235 236 238 239 3 2 1 3 1 0 0 1 3 2 2 1 2 2 1 1 1 2 2 2 1 2 2 1 1 1 2 1 3 1 3 0 2 1 2 1 2 1 2 1 2 2 2 1 1 2 1 2 1 2 2 2 1 1 3 1 1 1 1 2 1 2 2 0 2 3 2 0 2 3 2 0 2 2 1 1 2 2 2 1 1 2 2 1 1 2 2 2 1 1
4077989 28 27 28 30 36 37 43 44 54 55 57 73 77 81 82 84 90 91 97 98 138 142 162 163 165 181 185 192 196 0 3 3 3 0 1 3 1 0 1 2 2 2 3 0 2 0 2 3 1 1 1 2 2 1 2 1 2 1 2 2 1 1 1 3 1 1 2 2 2 3 0 2 0 2 3 1 1 1 2 2 1 2 1 2 1 2 2 1 1 1 3 1 1 2 2 2 0 2 2 3 0 3 2 0 2 1 2 0 2 2 3 2 0 2 0 2 0 2 3
4077999 36 27 28 30 34 36 44 46 50 54 55 57 61 73 77 81 82 84 88 90 98 100 104 138 142 154 158 162 163 165 169 181 185 192 196 208 212 0 3 3 3 0 1 3 1 0 2 2 1 1 3 1 2 0 2 2 2 1 2 1 2 1 2 1 2 2 1 2 1 1 1 2 2 2 2 1 1 3 1 2 0 2 2 2 1 2 1 2 1 2 1 2 2 1 2 1 1 1 2 2 1 2 2 2 0 2 2 3 0 3 2 0 2 0 3 0 2 2 3 2 0 2 0 2 0 3 2
4078066 72 27 28 30 34 36 38 39 41 44 45 46 47 48 52 53 54 55 57 61 65 66 68 71 72 73 74 75 79 80 81 82 84 88 90 92 93 95 98 99 100 101 102 106 107 138 142 147 149 152 154 158 162 163 165 169 173 174 176 179 180 181 182 183 187 188 192 196 201 203 206 208 212 0 3 3 3 0 1 3 1 0 2 1 2 2 2 1 1 2 1 3 1 1 1 3 1 1 1 2 2 2 1 2 1 1 1 2 2 2 1 2 2 2 1 1 2 1 3 1 1 1 3 1 1 1 2 2 2 1 2 1 1 1 2 2 1 2 2 1 1 2 3 1 1 3 2 0 1 0 3 1 3 1 2 2 1 3 0 2 0 2 2
4078421 49 0 2 3 9 11 17 20 23 27 28 36 37 43 46 49 54 56 57 58 62 73 74 76 77 81 83 84 86 89 90 92 98 108 111 117 138 140 143 162 165 167 170 182 185 192 193 196 208 211 1 2 3 2 1 1 3 1 0 1 2 2 2 3 0 2 0 2 3 1 1 1 2 2 1 2 1 2 2 1 2 0 2 1 3 1 2 2 1 1 3 1 2 0 2 2 2 1 2 1 2 1 2 1 2 0 3 2 2 0 1 2 2 1 2 2 2 0 2 2 3 0 3 1 1 2 2 1 0 2 2 3 1 1 2 1 1 0 2 3
4078492 70 0 1 2 4 5 7 10 11 20 25 26 27 28 30 31 36 37 46 49 54 56 57 59 61 63 64 70 71 73 74 76 77 79 80 81 83 84 86 89 90 92 98 108 111 117 138 140 143 144 152 162 163 165 167 169 170 171 172 178 179 182 184 185 187 188 192 198 199 208 211 1 2 3 2 1 1 3 1 0 2 1 2 2 3 0 1 1 2 3 1 1 1 3 1 1 1 2 1 3 1 2 0 2 2 2 1 3 1 1 1 3 1 1 1 2 2 1 2 2 3 0 1 1 2 1 1 3 2 2 0 2 1 2 1 2 2 2 0 2 2 2 1 3 1 1 2 2 1 0 2 2 3 1 1 2 1 2 0 2 2
4078493 75 0 2 6 8 9 11 20 26 27 28 33 34 36 37 42 46 52 54 56 60 61 62 63 64 69 71 73 74 79 80 81 83 84 86 87 89 90 92 93 95 96 98 108 111 114 117 120 123 140 143 144 147 149 152 162 167 168 170 171 174 176 177 179 182 185 188 193 196 198 199 201 202 205 208 211 1 2 3 2 1 1 3 1 0 2 1 2 2 3 0 1 1 2 3 0 2 1 3 1 1 2 1 2 2 1 2 0 2 1 3 1 3 1 1 1 3 1 1 1 2 2 1 2 2 2 1 1 2 1 2 0 3 2 2 0 1 2 2 1 1 3 2 1 1 2 2 1 2 2 1 3 1 1 0 2 2 3 1 1 1 2 1 1 1 3
4079285 36 30 33 42 43 44 50 52 53 54 55 57 63 64 73 81 82 84 87 90 91 92 96 97 98 111 114 115 123 124 125 165 168 185 187 188 219 0 3 3 3 1 0 3 0 1 1 2 2 2 3 0 2 0 2 3 1 1 2 2 1 0 2 2 2 1 2 2 1 1 1 3 1 1 2 2 2 2 1 2 1 1 3 1 1 0 1 3 2 3 0 2 1 2 1 1 2 2 3 0 2 2 1 2 0 2 1 3 1 3 2 0 2 1 2 0 2 2 2 2 1 2 0 2 1 2 2
4079295 49 27 28 33 34 36 38 42 44 46 52 53 54 55 57 63 65 73 77 81 82 84 87 88 90 92 96 98 100 104 106 107 108 114 117 119 123 125 127 128 133 134 165 168 169 185 187 188 219 239 0 3 3 3 1 0 3 0 1 2 2 1 1 3 1 2 0 2 2 2 1 3 1 1 0 2 2 2 2 1 2 1 1 1 2 2 2 2 1 1 2 2 2 1 1 2 2 1 1 0 3 2 3 0 2 2 1 1 2 1 2 1 2 2 2 1 2 0 2 1 3 1 3 2 0 2 0 3 0 2 2 2 2 1 2 0 2 1 3 1
4079297 48 30 31 32 33 35 42 44 49 52 53 54 55 56 57 58 59 63 65 73 74 76 81 84 85 87 90 96 100 103 106 111 114 123 130 133 165 166 167 168 170 184 187 188 219 220 221 238 239 0 3 3 3 1 0 3 0 1 2 2 1 1 3 1 2 0 2 3 1 1 2 2 1 0 2 2 2 1 2 2 2 0 1 2 2 2 2 1 1 2 2 2 1 1 3 1 1 0 1 3 2 3 0 2 1 2 1 2 1 2 2 1 1 3 1 2 0 2 2 2 1 3 1 1 2 0 3 0 3 1 2 1 2 2 1 1 1 2 2
4079327 49 31 33 34 42 44 48 49 50 54 55 57 58 63 65 72 73 75 76 77 81 82 84 85 90 92 99 100 102 103 104 112 129 130 131 163 166 169 173 179 181 184 185 217 220 227 235 236 238 239 0 3 3 3 1 0 3 0 1 2 2 1 2 1 2 1 2 1 2 1 2 2 3 0 1 1 2 3 1 1 2 1 1 0 3 2 2 2 1 1 2 2 2 1 1 2 1 2 0 2 2 3 2 0 3 1 1 1 1 2 1 3 1 2 1 2 2 0 3 1 3 0 2 3 0 2 0 2 1 2 2 2 2 1 1 1 2 2 1 2
4079711 42 0 3 9 15 18 21 28 46 52 54 55 57 58 63 72 73 75 76 81 83 84 86 96 98 99 102 109 119 125 127 133 165 167 177 179 183 186 219 220 221 237 238 1 2 3 2 2 0 3 0 1 2 2 1 2 2 1 1 1 2 3 1 1 2 2 1 0 2 2 3 2 0 1 1 2 1 2 2 2 1 2 2 2 1 1 2 1 2 2 1 1 0 3 2 3 0 3 0 2 0 3 1 2 1 2 2 3 0 1 0 3 2 2 1 3 1 2 2 0 2 1 3 0 2 1 2 1 2 1 2 1 2
4079717 60 0 2 3 9 11 17 20 23 27 28 33 36 37 38 42 43 44 46 47 52 53 54 55 56 57 58 63 64 73 74 76 77 81 83 84 86 87 89 90 92 96 98 108 114 116 117 119 123 125 165 167 168 170 185 188 219 220 221 238 239 1 2 3 2 2 0 3 0 1 1 2 2 2 3 0 2 0 2 3 1 1 2 2 1 0 2 2 2 2 1 2 0 2 1 3 1 2 2 1 1 2 2 2 1 1 2 2 1 1 0 3 2 3 0 2 0 3 1 2 1 2 2 1 2 2 1 2 0 2 1 3 1 3 1 1 2 2 1 0 2 2 2 2 1 2 1 1 1 1 3
4079729 46 0 2 3 9 11 17 20 27 33 36 37 42 43 46 52 54 56 57 63 65 73 74 76 84 87 89 90 92 96 98 101 107 108 114 117 118 123 124 127 133 165 168 170 188 219 238 1 2 3 2 2 0 3 0 1 2 2 1 1 3 1 2 0 2 3 1 1 2 2 1 0 2 2 2 2 1 2 1 1 1 2 2 1 2 2 2 2 1 2 1 1 2 2 1 1 0 3 2 3 0 2 0 3 1 3 0 2 1 2 1 3 1 2 0 2 2 2 1 3 0 2 2 1 2 0 3 1 2 1 2 2 2 0 1 1 3
4079758 61 0 1 3 4 7 9 16 22 36 37 42 43 46 49 52 54 55 57 58 60 63 64 69 70 73 76 79 81 83 84 86 104 117 119 128 131 162 163 168 169 170 171 173 177 178 179 181 187 188 216 217 222 224 226 227 232 233 235 236 241 242 1 2 3 2 2 0 3 0 1 2 2 1 2 1 2 1 2 1 2 2 1 2 3 0 1 0 3 2 3 0 2 0 2 1 2 2 3 1 1 0 3 2 2 1 1 1 2 2 1 2 1 3 1 1 2 1 2 2 1 1 1 2 2 2 2 1 2 0 3 1 2 1 3 1 1 2 1 1 0 3 2 2 2 1 2 1 2 1 1 2
4079759 48 0 3 6 9 15 21 36 37 42 46 48 49 54 55 57 58 63 64 72 73 75 76 81 83 84 86 99 102 104 117 119 128 129 131 167 170 173 179 185 217 220 221 226 227 235 236 238 239 1 2 3 2 2 0 3 0 1 2 2 1 2 1 2 1 2 1 2 1 2 2 3 0 1 1 2 3 2 0 2 0 2 0 3 2 3 1 1 0 3 2 2 1 1 1 2 2 1 1 2 3 2 0 3 0 2 1 2 1 1 2 2 2 1 2 2 0 3 1 3 0 2 2 1 2 1 1 1 2 2 2 2 1 1 2 1 2 0 3
4079770 56 0 2 3 5 8 9 23 27 30 33 36 37 49 52 54 56 57 59 60 62 63 64 69 70 74 76 77 79 80 84 86 90 101 104 108 111 117 118 127 130 162 168 170 171 177 182 188 216 222 224 226 232 235 236 241 242 1 2 3 2 2 0 3 0 1 3 1 1 1 2 2 1 2 1 2 2 1 2 3 0 1 0 3 2 2 1 2 1 1 1 2 2 2 2 1 1 2 2 2 1 1 1 2 2 1 2 1 3 1 1 2 0 3 2 2 0 1 2 2 1 2 2 3 0 2 1 2 1 3 0 2 2 2 0 0 2 3 2 1 2 2 1 2 1 2 1
4079776 54 0 2 3 5 8 18 20 26 27 28 30 32 34 46 47 48 50 52 54 55 56 57 59 62 72 73 74 75 77 79 80 81 83 84 86 90 93 108 109 111 113 117 118 120 174 183 185 188 228 232 237 239 241 242 1 2 3 2 2 0 3 0 1 3 0 2 2 3 0 0 2 2 3 1 1 2 3 0 0 1 3 2 2 1 1 1 2 2 2 1 3 1 1 1 2 2 1 2 1 2 1 2 1 2 1 2 2 1 2 0 3 1 2 1 2 2 1 2 1 2 2 1 1 1 2 2 3 1 2 2 2 0 1 1 2 2 2 1 3 0 2 0 2 2
4079782 56 0 1 3 4 7 18 19 25 27 28 30 34 36 39 46 48 49 54 55 57 58 63 66 72 73 75 76 79 81 83 84 85 86 99 102 103 108 109 111 113 117 119 120 122 127 129 130 183 184 187 228 230 233 237 238 241 1 2 3 2 2 0 3 0 1 3 1 1 2 2 1 0 2 2 3 1 1 2 3 0 0 1 3 2 3 0 1 1 2 2 1 2 3 0 2 1 3 1 1 2 1 2 1 2 1 2 1 2 2 1 2 1 2 1 2 1 2 1 2 2 1 2 1 1 2 2 2 1 3 1 2 2 0 2 1 3 0 2 1 2 3 1 1 0 2 2
4079788 66 0 1 2 4 5 7 10 11 20 25 26 36 37 38 43 46 47 49 50 52 54 55 56 57 58 59 60 63 64 70 71 73 74 76 77 79 80 81 83 84 86 90 92 117 119 165 167 168 169 170 178 179 184 185 187 188 219 221 222 224 231 232 238 239 241 242 1 2 3 2 2 0 3 0 1 2 1 2 2 3 0 1 1 2 3 1 1 2 3 0 0 1 3 1 3 1 2 0 2 2 2 1 3 1 1 0 3 2 2 1 1 2 1 2 1 2 1 2 2 1 1 1 3 2 1 1 2 2 1 2 2 1 2 0 2 1 2 2 3 1 1 2 2 1 0 2 2 2 2 1 2 1 2 1 1 2
4079789 50 0 2 6 8 9 11 20 26 36 37 38 42 44 46 47 53 54 55 56 63 64 73 74 81 83 84 86 90 92 93 95 117 119 120 122 167 168 170 174 176 177 179 185 188 220 221 228 229 238 239 1 2 3 2 2 0 3 0 1 2 1 2 2 3 0 1 1 2 3 0 2 2 3 0 0 2 2 2 2 1 2 0 2 1 3 1 3 1 1 0 3 2 2 1 1 2 1 2 1 1 2 2 3 0 2 0 3 1 2 1 2 2 1 2 1 2 2 1 1 1 2 2 2 2 1 3 1 1 0 2 2 2 2 1 1 2 1 2 0 3
4079794 59 0 1 3 4 7 18 19 25 36 37 39 40 43 46 48 49 51 52 54 55 57 58 60 64 66 67 70 81 83 84 86 99 101 102 117 119 120 122 128 129 131 165 167 168 169 170 183 184 186 187 188 219 221 222 224 229 230 232 233 1 2 3 2 2 0 3 0 1 2 1 2 2 2 1 1 2 1 3 1 1 2 3 0 0 1 3 2 3 0 2 0 2 1 2 2 3 0 2 0 3 2 2 2 0 2 1 2 1 2 1 2 2 1 2 1 2 2 1 1 1 2 2 2 2 1 1 1 2 2 1 2 3 1 1 1 1 2 1 3 1 1 2 2 3 1 1 1 1 2
4079800 65 0 2 5 8 10 11 19 20 25 27 30 33 36 37 43 46 49 54 56 57 59 60 62 63 65 70 71 73 74 76 77 79 84 86 90 92 101 103 104 108 111 117 118 127 130 165 167 168 170 178 179 184 185 187 188 219 221 222 224 231 233 238 239 241 242 1 2 3 2 2 0 3 0 1 3 1 1 1 3 1 1 1 2 3 1 1 2 3 0 0 1 3 1 3 1 2 1 1 2 1 2 2 1 2 1 3 1 2 1 1 2 1 2 1 2 1 2 2 1 1 1 3 2 2 0 2 1 2 1 2 2 2 0 2 2 2 1 3 0 2 2 1 2 0 3 1 2 1 2 2 1 2 1 2 1
4079801 52 0 2 6 8 9 11 20 26 27 28 33 34 36 42 46 52 54 55 56 63 65 73 74 84 86 90 92 93 95 101 104 108 112 117 120 127 130 167 168 170 174 176 177 179 185 188 220 221 228 230 238 239 1 2 3 2 2 0 3 0 1 3 1 1 1 3 1 1 1 2 3 0 2 2 3 0 0 2 2 2 2 1 2 1 1 1 2 2 2 1 2 1 3 1 2 1 1 2 1 2 1 1 2 2 3 0 2 0 3 1 3 0 2 1 2 1 2 2 2 1 1 2 1 2 2 1 2 3 0 2 0 3 1 2 1 2 1 2 1 2 1 2
4079806 56 0 2 3 5 8 18 20 26 27 30 33 46 48 51 52 54 56 57 59 60 62 84 86 90 92 93 95 99 101 102 104 108 111 117 118 120 127 129 165 167 168 170 174 176 179 183 185 186 188 219 221 222 224 230 232 233 1 2 3 2 2 0 3 0 1 3 0 2 1 3 1 1 2 1 3 1 1 2 3 0 0 1 3 2 2 1 2 1 1 1 2 2 2 1 2 1 2 2 2 2 0 2 1 2 1 2 1 2 2 1 2 0 3 2 2 0 1 2 2 1 2 2 2 1 1 2 1 2 3 0 2 1 2 1 1 2 2 1 2 2 3 0 2 1 2 1
4080550 40 0 1 3 9 12 14 27 28 30 36 39 41 45 46 55 68 73 81 82 84 88 90 93 95 98 99 100 106 107 149 154 162 163 169 171 179 196 198 206 217 1 3 2 3 0 1 2 1 1 1 2 2 2 1 2 2 2 0 2 3 0 1 2 2 2 0 2 2 2 1 2 1 1 1 2 2 2 2 1 2 1 2 1 2 1 2 1 2 1 1 3 2 2 0 3 1 1 2 1 1 0 3 2 1 3 1 2 2 1 2 0 2 2 3 0 2 0 2 1 2 2 3 2 0 2 0 3 0 2 2
4080558 70 0 2 6 8 9 15 24 26 27 30 33 35 36 38 39 42 44 45 47 51 53 54 57 63 65 66 72 74 75 81 82 87 89 90 91 92 96 98 99 101 107 138 139 144 145 147 148 154 157 162 163 168 170 171 172 173 179 193 195 198 199 202 206 216 217 219 220 226 227 229 1 3 2 3 0 1 2 1 1 2 1 2 1 2 2 2 2 0 2 2 1 2 2 1 1 1 2 3 0 2 1 2 1 1 3 1 3 1 1 1 2 2 1 2 1 2 0 3 2 1 2 1 3 0 3 1 1 1 2 1 1 2 2 1 3 1 3 1 1 1 1 2 3 1 1 1 1 2 1 2 2 3 2 1 2 2 0 1 0 3
4080559 61 0 3 9 12 21 23 27 28 36 37 38 45 47 54 55 57 63 64 65 66 68 72 74 75 77 81 84 87 90 92 93 95 99 101 102 104 107 138 144 145 147 149 154 158 162 165 168 171 173 174 176 195 196 198 199 216 217 219 226 227 230 1 3 2 3 0 1 2 1 1 2 1 2 1 2 2 2 2 0 2 3 0 2 1 2 1 1 2 3 1 1 1 2 1 1 2 2 3 1 1 1 2 2 1 2 1 2 1 2 2 0 3 1 3 0 3 0 2 1 2 1 1 3 1 1 2 2 3 2 0 1 1 2 3 2 0 1 1 2 1 1 3 3 2 1 2 0 2 1 2 1
4080560 50 0 3 4 5 7 8 12 26 27 28 30 31 32 35 36 39 41 44 45 52 53 55 58 59 68 81 82 84 85 86 89 90 93 95 98 99 106 107 139 149 154 162 163 169 170 171 179 198 206 217 1 3 2 3 0 1 2 1 1 2 1 2 1 2 2 2 2 0 1 3 1 2 2 1 2 0 2 2 1 2 2 1 1 1 3 1 3 1 1 1 2 2 1 2 1 1 1 3 2 1 2 2 2 0 3 1 1 2 1 1 0 3 2 1 3 1 2 2 1 2 0 2 2 2 1 2 0 2 1 2 2 3 2 0 2 2 1 0 1 3
4080581 57 0 1 9 10 19 27 28 30 31 36 37 39 40 41 54 57 63 64 66 67 68 73 76 77 81 82 87 88 90 91 96 97 98 138 139 144 145 147 148 149 162 163 168 169 181 187 188 193 195 196 216 217 219 220 235 238 239 1 3 2 3 0 1 2 1 1 1 2 2 2 3 0 2 0 2 3 2 0 1 2 2 1 1 2 2 1 2 2 1 1 1 3 1 2 1 2 2 3 0 1 1 2 3 0 2 1 1 3 1 3 0 1 2 2 2 1 1 2 2 1 1 2 2 2 1 1 2 2 1 3 2 0 2 1 2 0 2 2 3 2 0 1 1 2 1 1 3
4080587 66 0 1 9 11 18 19 27 28 30 31 36 38 39 41 45 46 47 49 50 54 57 65 66 68 72 73 74 75 76 77 81 82 87 88 90 92 96 98 99 100 101 138 139 147 149 154 157 158 163 169 173 179 181 182 193 196 203 206 208 217 220 230 235 236 238 239 1 3 2 3 0 1 2 1 1 1 2 2 2 2 1 2 1 1 3 2 0 1 2 2 1 1 2 3 1 1 2 1 1 0 3 2 2 1 2 2 2 1 1 2 1 3 0 2 1 1 3 1 3 0 2 2 1 2 1 1 1 2 2 1 2 2 1 1 2 3 2 0 3 2 0 1 0 3 1 3 1 2 2 1 1 1 2 2 1 2
4080591 62 0 1 3 4 9 14 22 27 28 36 46 54 55 57 58 63 66 68 73 76 77 81 82 84 87 88 90 95 96 98 100 103 104 106 107 138 144 147 149 154 157 158 162 163 166 168 169 181 184 185 187 188 195 196 208 214 215 216 219 220 238 239 1 3 2 3 0 1 2 1 1 2 2 1 1 3 1 2 0 2 2 3 0 2 1 2 1 1 2 2 2 1 2 1 1 1 2 2 3 1 1 1 3 1 1 1 2 2 1 2 2 0 3 1 3 0 1 2 2 2 1 1 2 2 1 1 2 2 2 1 1 2 2 1 3 2 0 2 0 3 0 2 2 3 2 0 1 1 2 1 2 2
4080596 71 0 1 3 4 5 18 21 23 27 28 30 31 32 36 37 39 40 41 45 46 49 50 55 58 59 64 67 68 73 76 77 81 82 84 85 86 87 89 99 100 102 103 104 107 139 145 148 149 152 154 157 158 162 163 168 170 180 181 186 188 195 199 204 206 208 215 217 224 233 235 242 1 3 2 3 0 1 2 1 1 2 1 2 1 3 1 2 1 1 2 3 0 2 2 1 1 0 3 2 1 2 2 1 1 1 3 1 3 0 2 1 3 1 1 2 1 2 1 2 2 1 2 1 2 1 3 1 1 2 1 1 0 3 2 1 3 1 1 1 2 3 1 1 2 2 1 2 1 1 1 1 3 2 3 0 2 2 1 1 0 3
4080597 62 0 1 3 4 18 21 23 27 28 36 37 45 46 54 55 57 58 64 66 67 68 72 73 75 76 77 81 82 84 87 88 99 100 102 103 104 138 145 147 148 149 154 157 158 163 166 169 181 184 185 196 199 205 206 208 217 220 229 230 235 238 239 1 3 2 3 0 1 2 1 1 2 1 2 1 3 1 2 1 1 2 3 0 2 1 2 1 1 2 3 1 1 2 1 1 0 3 2 3 0 2 1 3 1 1 2 1 2 1 2 2 0 3 1 3 0 2 1 2 2 1 1 1 3 1 1 2 2 1 1 2 3 2 0 3 2 0 1 1 2 1 1 3 2 3 0 1 1 2 2 1 2
4080978 82 0 1 3 4 6 9 10 12 21 22 24 25 27 28 33 36 37 45 46 51 52 54 57 63 64 66 67 72 73 75 76 81 83 84 86 87 89 90 92 93 95 99 102 107 108 114 116 119 126 128 134 138 140 144 146 147 149 155 158 162 163 165 166 168 169 170 171 172 173 174 195 196 198 199 216 219 220 221 226 227 229 230 2 2 2 2 1 1 2 1 1 1 2 2 2 1 2 2 2 0 2 2 1 2 2 1 1 1 2 3 2 0 1 0 3 1 3 1 3 1 1 1 2 2 1 2 1 2 1 2 2 0 3 1 3 0 3 1 1 1 2 1 1 1 3 1 2 2 3 2 0 1 1 2 3 1 1 1 1 2 1 3 1 3 2 1 2 1 1 1 1 2
4080990 76 0 2 3 6 8 9 11 12 15 21 24 26 27 33 36 37 42 43 45 51 52 54 56 57 63 64 65 66 67 72 74 75 76 81 83 84 90 92 93 96 98 99 101 102 107 108 114 118 124 126 127 133 138 144 146 147 148 155 157 162 165 168 170 171 173 174 179 195 198 199 205 216 219 226 227 229 2 2 2 2 1 1 2 1 1 2 1 2 1 2 2 2 2 0 2 2 1 2 2 1 1 1 2 3 1 1 1 1 2 1 3 1 2 2 1 2 1 2 1 2 1 2 1 2 2 0 3 1 3 0 3 0 2 1 3 0 1 1 3 1 3 1 3 1 1 1 1 2 3 0 2 1 2 1 1 2 2 3 1 2 2 2 0 1 1 2
4080992 58 0 2 3 5 8 9 12 14 26 27 28 30 31 34 39 40 43 45 52 56 58 59 64 67 68 74 81 83 84 86 90 92 93 95 98 99 101 107 108 111 117 120 126 140 146 149 155 162 170 171 173 179 196 198 199 205 226 227 2 2 2 2 1 1 2 1 1 2 1 2 1 2 2 2 2 0 1 3 1 2 2 1 2 0 2 2 2 1 2 0 2 1 3 1 2 2 1 2 1 2 1 2 1 2 1 2 1 1 3 2 2 0 3 0 2 2 2 0 0 2 3 1 3 1 2 2 1 2 0 2 2 1 2 2 1 1 1 2 2 3 1 1 2 2 1 0 2 2
4081004 67 0 1 3 4 18 19 21 22 27 28 30 31 36 39 63 66 72 73 75 76 81 83 84 86 87 89 99 101 102 104 108 113 114 116 117 119 122 123 125 144 146 147 149 152 155 158 162 163 168 169 170 180 181 182 186 187 195 196 198 204 206 231 233 234 236 241 242 2 2 2 2 1 1 2 1 1 2 2 1 2 2 1 1 1 2 2 3 0 2 2 1 1 0 3 2 3 0 1 0 3 2 2 1 3 0 2 2 3 0 0 2 2 3 1 1 1 1 3 1 2 1 3 1 1 1 2 1 1 1 3 1 2 2 2 1 1 2 2 1 2 2 2 3 0 1 1 2 1 3 1 1 1 2 2 1 2 1
4081013 72 0 1 2 3 4 9 10 11 14 20 22 23 27 28 36 37 46 54 56 57 63 64 66 67 68 73 74 76 77 81 83 84 86 87 89 90 92 95 96 98 108 114 117 123 138 140 144 147 149 162 163 166 167 168 169 170 182 184 185 187 188 195 196 208 214 216 219 220 221 235 238 239 2 2 2 2 1 1 2 1 1 1 2 2 2 3 0 2 0 2 3 2 0 1 2 2 1 1 2 2 2 1 2 0 2 1 3 1 3 1 1 1 3 1 1 1 2 2 1 2 2 0 3 1 3 0 1 1 3 2 2 0 2 1 2 1 2 2 2 1 1 2 2 1 3 1 1 2 2 1 0 2 2 3 1 1 1 1 2 1 2 2
4081014 65 0 1 3 4 19 22 27 28 36 37 46 57 66 67 76 81 83 84 86 87 89 101 104 108 114 116 117 119 123 125 128 134 138 140 143 147 149 152 158 165 166 168 169 170 184 187 195 196 204 205 206 214 215 219 220 221 222 224 229 232 233 238 239 241 242 2 2 2 2 1 1 2 1 1 1 2 2 2 2 1 2 1 1 3 2 0 2 2 1 0 1 3 3 2 0 1 0 3 1 3 1 3 0 2 1 3 1 1 2 1 3 1 1 2 0 3 0 3 1 3 1 1 1 2 1 1 1 3 1 2 2 2 1 1 2 2 1 3 1 1 2 1 1 0 3 2 2 2 2 2 1 1 2 1 1
4081019 66 0 1 3 4 18 19 21 22 27 28 36 37 45 46 54 57 64 66 67 72 73 75 76 81 83 84 86 87 89 99 101 102 104 108 114 117 123 126 138 140 146 147 149 155 158 163 166 167 169 170 181 182 184 185 196 199 205 208 220 221 229 230 235 236 238 239 2 2 2 2 1 1 2 1 1 1 2 2 2 2 1 2 1 1 3 2 0 1 2 2 1 1 2 3 2 0 2 0 2 0 3 2 3 0 2 1 3 1 1 2 1 2 1 2 2 0 3 1 3 0 2 1 2 2 2 0 1 1 3 1 2 2 1 1 2 3 2 0 3 1 1 1 1 2 1 3 1 2 1 2 1 1 2 2 2 1
4081023 64 0 1 9 10 19 27 28 30 31 36 37 39 40 54 57 58 63 66 67 73 76 81 83 87 89 90 92 96 98 101 107 108 111 114 117 120 123 138 140 144 146 147 149 155 158 162 163 168 169 170 181 182 187 188 193 195 196 216 219 220 221 236 238 239 2 2 2 2 1 1 2 1 1 2 2 1 1 3 1 2 0 2 2 3 0 2 1 2 1 1 2 2 3 0 2 0 2 1 2 2 2 1 2 2 3 0 1 1 2 3 0 2 1 1 3 1 3 0 1 1 3 2 2 0 2 1 2 1 2 2 2 1 1 2 2 1 3 1 1 2 1 2 0 2 2 3 1 1 1 1 2 1 3 1
4081028 73 0 2 3 5 9 12 18 20 21 23 27 28 30 31 39 40 45 46 49 56 58 59 64 67 73 74 76 77 81 83 84 86 90 93 96 99 101 102 104 107 108 111 114 117 120 123 126 140 143 155 158 162 168 170 177 180 182 186 188 195 196 199 204 205 208 214 223 224 232 235 236 241 242 2 2 2 2 1 1 2 1 1 2 1 2 1 3 1 2 1 1 2 3 0 2 2 1 1 0 3 2 2 1 2 0 2 1 3 1 2 1 2 2 2 1 1 2 1 3 1 1 1 1 3 1 2 1 3 0 2 2 2 0 0 2 3 1 3 1 1 1 2 3 1 1 2 1 2 2 2 0 1 1 3 2 2 1 2 2 1 1 1 2
4081029 64 0 9 18 27 28 30 31 39 40 45 46 49 54 57 58 64 66 67 72 73 75 76 81 83 87 89 90 92 96 98 99 101 108 111 114 117 120 123 126 138 140 146 147 149 155 158 170 173 179 182 193 196 199 202 205 208 220 221 229 230 235 236 238 239 2 2 2 2 1 1 2 1 1 2 1 2 1 3 1 2 1 1 2 3 0 2 1 2 1 1 2 3 2 0 2 0 2 0 3 2 2 1 2 2 2 1 1 2 1 3 0 2 1 1 3 1 3 0 2 0 3 2 2 0 1 2 2 1 2 2 1 1 2 3 2 0 3 1 1 1 2 1 1 1 3 2 2 1 1 1 2 2 2 1
4081846 66 0 1 3 9 12 14 21 39 41 48 50 54 55 57 63 65 66 68 72 73 75 77 81 82 84 88 90 92 93 95 98 99 100 102 104 106 107 111 115 120 122 125 129 131 133 134 162 163 165 169 171 173 174 176 179 192 196 201 203 206 216 217 219 223 227 230 1 2 3 3 1 0 2 1 1 1 2 2 2 1 2 2 2 0 2 3 0 2 1 2 1 1 2 2 2 1 2 1 1 1 2 2 2 2 1 1 2 2 2 1 1 2 1 2 0 2 2 3 1 1 3 1 1 1 1 2 1 3 1 2 2 1 2 2 1 1 1 2 2 3 0 2 0 2 1 2 2 2 2 1 3 0 2 0 2 2
4081847 54 0 1 6 9 15 17 25 30 39 41 42 44 50 53 54 55 57 58 63 65 66 68 73 76 77 81 82 87 88 90 92 96 98 100 106 107 111 114 120 122 123 125 131 134 163 169 173 179 203 206 217 220 227 230 1 2 3 3 1 0 2 1 1 1 2 2 2 1 2 2 2 0 2 2 1 2 1 2 1 2 1 3 1 1 2 1 1 0 3 2 2 2 1 1 2 2 2 1 1 2 0 3 0 2 2 3 2 0 2 2 1 2 0 2 1 3 1 2 1 2 2 2 1 1 2 1 3 2 0 2 0 2 0 3 2 2 2 1 2 1 1 1 1 3
4081856 74 0 3 4 7 8 12 21 26 36 39 44 47 48 49 52 53 54 55 56 57 58 61 62 63 66 71 72 74 75 76 79 80 81 82 83 84 85 89 90 93 98 99 101 102 103 106 107 117 119 120 125 127 128 129 130 134 162 163 165 166 169 170 171 174 179 201 206 216 217 219 220 223 224 227 1 2 3 3 1 0 2 1 1 2 1 2 1 2 2 2 2 0 1 3 1 3 1 1 1 1 2 2 1 2 2 1 1 1 3 1 3 1 1 0 3 2 2 1 1 1 1 3 1 2 1 3 1 1 3 1 1 1 2 1 1 2 2 2 2 1 2 2 1 1 1 2 2 2 1 2 0 2 1 2 2 2 2 1 3 2 0 0 1 3
4081857 47 0 3 4 6 7 12 15 23 26 36 39 42 49 52 54 55 57 58 63 66 68 74 76 77 81 82 87 88 90 96 98 101 106 107 117 123 127 133 163 166 169 176 179 217 220 227 230 1 2 3 3 1 0 2 1 1 2 1 2 1 2 2 2 2 0 1 3 1 3 0 2 1 2 1 3 1 1 2 1 1 0 3 2 3 1 1 0 3 2 2 1 1 1 1 3 1 1 2 3 2 0 2 1 2 2 2 0 1 2 2 2 1 2 2 2 1 1 2 1 3 2 0 2 0 2 0 2 3 2 2 1 2 1 1 1 2 2
4081858 62 0 2 3 5 9 12 21 23 39 40 41 48 49 50 54 55 56 57 58 63 64 65 66 67 68 72 74 75 76 77 81 84 90 93 99 102 120 121 129 130 133 162 165 167 170 171 173 174 176 201 202 203 216 217 219 220 223 224 226 227 229 230 1 2 3 3 1 0 2 1 1 2 1 2 1 2 2 2 2 0 2 3 0 2 1 2 1 1 2 2 1 2 2 2 0 1 2 2 3 1 1 0 3 2 2 1 1 2 1 2 0 2 2 3 1 1 3 0 2 1 2 1 1 3 1 1 2 2 3 2 0 1 1 2 2 2 1 2 1 1 1 1 3 2 1 2 3 1 1 0 2 2
4081877 51 0 1 9 10 11 19 20 30 39 41 50 54 55 57 58 63 64 66 67 73 76 81 82 87 88 90 91 92 96 97 98 111 114 120 122 123 125 168 169 187 188 192 195 212 215 219 220 222 223 238 241 1 2 3 3 1 0 2 1 1 1 2 2 2 3 0 2 0 2 3 2 0 2 1 2 0 2 2 2 1 2 2 1 1 1 3 1 2 1 2 1 3 1 2 1 1 3 0 2 0 2 2 2 2 1 1 2 2 2 0 2 2 3 0 2 1 2 2 1 1 1 3 1 3 2 0 2 1 2 0 2 2 2 2 1 2 1 1 1 1 3
4081883 46 0 1 9 11 18 19 30 39 41 48 50 54 55 57 58 65 66 68 81 82 87 88 90 92 96 98 99 100 101 111 114 120 122 123 125 129 131 169 179 203 206 212 220 223 230 233 1 2 3 3 1 0 2 1 1 1 2 2 2 2 1 2 1 1 3 2 0 2 1 2 0 2 2 3 1 1 2 1 1 0 3 2 2 1 2 1 2 2 2 2 0 3 0 2 0 2 2 2 2 1 2 2 1 2 0 2 1 3 1 2 1 2 1 1 2 2 3 0 3 2 0 1 0 3 1 3 1 1 2 2 2 1 1 2 1 2
4081892 67 0 1 3 4 18 21 36 37 39 40 46 47 48 49 54 55 56 57 58 64 66 67 81 82 83 84 85 87 89 99 100 101 102 103 107 117 118 119 120 121 123 125 127 128 129 130 134 165 166 168 170 183 184 186 188 201 202 204 206 211 215 219 220 222 224 229 233 1 2 3 3 1 0 2 1 1 2 1 2 1 3 1 2 1 1 2 3 0 3 1 1 0 1 3 2 1 2 2 1 1 1 3 1 3 0 2 0 3 2 2 2 0 2 1 2 1 2 1 2 1 2 3 1 1 1 2 1 1 2 2 2 2 1 1 1 2 2 2 1 2 2 1 2 1 1 1 1 3 1 3 1 3 2 0 1 0 3
4081918 69 0 1 3 9 12 14 22 30 31 39 41 49 50 54 55 63 65 73 81 82 84 87 88 90 92 93 95 96 98 100 103 104 106 107 111 112 114 120 122 123 125 130 131 134 162 168 171 173 177 179 181 187 188 195 196 204 206 214 215 216 217 222 223 227 233 235 236 241 242 1 2 3 3 1 0 2 1 1 2 2 1 2 1 2 1 2 1 2 3 0 2 2 1 1 0 3 2 2 1 2 1 1 1 2 2 1 2 2 2 2 1 2 1 1 2 1 2 0 3 1 3 0 2 3 1 1 1 1 2 1 3 1 2 1 2 2 1 2 1 2 1 3 2 0 2 0 2 0 3 2 2 2 1 2 1 2 1 1 2
4081928 69 0 3 4 6 7 12 15 23 26 27 28 30 31 36 39 41 47 49 50 54 55 60 61 63 69 71 74 79 80 81 82 84 85 90 93 95 101 103 104 108 111 117 119 120 122 127 128 130 131 162 163 168 169 171 177 179 182 187 188 216 217 222 223 227 233 235 236 241 242 1 2 3 3 1 0 2 1 1 3 1 1 1 2 2 1 2 1 1 3 1 3 2 0 1 0 3 2 1 2 2 1 1 1 3 1 2 1 2 1 3 1 2 1 1 1 1 3 1 3 0 3 0 2 3 1 1 1 2 1 1 2 2 2 1 2 2 1 2 1 2 1 3 2 0 2 0 2 0 2 3 2 2 1 2 2 1 1 1 2
4081930 64 0 2 3 5 9 12 23 30 31 32 39 40 41 49 50 54 55 56 63 64 65 74 81 84 87 90 93 96 111 114 120 121 123 124 130 133 162 168 170 171 173 177 182 188 195 196 204 205 206 214 215 216 217 222 223 224 226 227 232 233 235 236 241 242 1 2 3 3 1 0 2 1 1 3 1 1 1 2 2 1 2 1 2 3 0 2 2 1 1 0 3 2 1 2 2 2 0 1 2 2 2 1 2 1 3 1 2 1 1 2 1 2 0 3 1 3 0 2 3 0 2 1 2 1 1 3 1 1 1 3 3 1 1 1 2 1 3 1 1 2 1 1 0 2 3 2 1 2 2 1 2 1 2 1
4081948 65 0 1 9 10 11 19 20 30 31 40 41 49 50 54 55 57 58 63 64 66 67 73 76 81 82 87 88 90 91 92 96 97 98 111 112 114 120 121 122 125 168 177 178 179 187 188 192 195 196 201 202 203 205 206 211 212 214 215 219 222 223 231 232 238 241 1 2 3 3 1 0 2 1 1 2 1 2 2 3 0 1 1 2 3 2 0 2 2 1 0 1 3 1 2 2 2 1 1 2 2 1 1 2 2 2 2 1 2 1 1 3 0 2 0 3 1 2 1 2 2 1 2 1 1 2 2 3 0 2 1 2 2 1 1 1 2 2 3 2 0 2 1 2 0 2 2 2 2 1 2 1 2 1 1 2
4081954 62 0 1 9 11 18 19 30 31 41 48 49 54 55 57 58 65 66 68 81 82 87 88 90 92 96 98 99 100 101 106 107 111 112 114 120 122 125 129 130 131 134 168 177 179 186 187 188 192 195 196 201 203 206 211 212 214 215 219 222 223 230 233 1 2 3 3 1 0 2 1 1 2 1 2 2 2 1 1 2 1 3 2 0 2 2 1 0 1 3 2 2 1 2 1 1 1 2 2 1 2 2 2 1 2 2 2 0 3 0 2 0 3 1 2 1 2 3 1 1 1 1 2 1 3 1 2 1 2 1 2 1 2 1 2 3 2 0 1 0 3 1 3 1 1 2 2 3 1 1 1 1 2
4082000 38 0 8 18 26 30 31 32 34 35 52 53 55 58 59 61 62 73 79 80 90 99 107 120 121 122 133 134 162 170 171 217 220 221 223 224 226 229 230 2 2 2 2 2 0 2 0 2 3 0 2 0 3 2 2 2 0 2 2 1 2 2 1 1 1 2 2 2 1 1 1 2 2 2 1 2 2 1 2 2 1 1 1 2 3 0 2 0 2 2 2 2 1 3 0 2 2 2 1 0 2 2 2 2 2 2 2 0 2 0 2 2 1 2 1 2 1 2 1 2 3 2 0 2 1 2 0 2 2
4082036 34 0 3 5 9 18 21 23 30 31 32 55 58 59 73 76 77 90 96 99 102 104 123 124 162 168 170 171 177 180 217 223 224 226 232 2 2 2 2 2 0 2 0 2 3 1 1 0 3 2 2 1 1 2 3 0 2 2 1 1 0 3 2 2 1 1 1 2 2 2 1 2 1 2 2 3 0 1 1 2 3 1 1 0 2 2 2 1 2 3 0 2 2 2 1 0 2 2 2 2 2 2 0 2 2 2 0 2 1 2 2 2 0 1 1 3 3 2 0 1 2 2 1 1 2
4082063 78 0 1 3 4 6 9 12 15 16 22 24 25 27 30 36 39 42 45 48 51 55 64 67 70 73 76 79 81 83 85 86 87 88 89 93 95 96 98 99 103 104 106 107 108 113 114 116 117 119 120 122 123 125 126 128 129 131 134 162 163 166 167 168 169 170 171 173 176 178 179 217 220 223 224 226 227 229 230 2 2 2 2 2 0 2 0 2 1 2 2 2 1 2 2 2 0 2 2 1 2 1 2 1 2 1 3 2 0 1 1 2 1 2 2 3 1 1 1 3 1 1 1 2 1 1 3 1 2 1 3 1 1 2 1 2 3 0 2 0 3 1 2 1 2 2 2 1 1 2 1 2 2 1 2 1 1 1 2 2 3 1 1 1 1 2 1 2 2
4082072 76 0 2 3 5 8 9 12 14 21 26 28 31 32 36 37 39 40 41 43 45 47 48 49 50 52 53 55 58 59 61 62 76 77 79 80 81 83 86 90 92 93 95 98 99 101 102 107 108 109 112 116 117 118 119 120 121 124 125 126 128 129 130 133 134 162 165 170 171 173 174 179 217 220 221 223 224 2 2 2 2 2 0 2 0 2 2 1 2 1 2 2 2 2 0 1 3 1 3 1 1 1 1 2 2 2 1 1 1 2 2 2 1 2 2 1 1 3 1 2 0 2 2 1 2 1 1 2 2 2 1 3 0 2 2 2 1 0 2 2 2 2 1 2 2 1 1 1 2 1 2 2 2 1 1 2 1 2 3 1 1 2 2 1 0 2 2
4082073 57 0 6 9 15 24 27 28 30 31 36 37 39 40 42 43 45 48 49 51 52 55 58 61 76 79 81 83 87 89 90 92 96 98 99 101 107 108 109 114 115 117 118 123 124 126 133 162 168 170 171 173 179 217 220 221 223 224 2 2 2 2 2 0 2 0 2 2 1 2 1 2 2 2 2 0 1 3 1 3 0 2 1 2 1 3 2 0 1 1 2 1 2 2 2 2 1 1 3 1 2 0 2 2 0 3 1 2 1 2 2 1 2 0 3 3 2 0 0 2 2 2 1 2 2 2 1 1 2 1 2 2 1 2 1 1 1 1 3 3 1 1 1 1 2 1 3 1
4082093 70 0 1 2 3 4 9 10 11 14 20 22 23 27 30 36 38 39 41 45 47 48 50 54 55 63 64 66 67 72 73 75 76 81 83 85 86 87 88 89 90 92 95 96 97 98 108 113 114 116 117 119 120 122 123 125 166 167 168 169 170 184 185 187 188 220 222 223 237 238 241 2 2 2 2 2 0 2 0 2 1 2 2 2 3 0 2 0 2 3 2 0 2 1 2 0 2 2 2 2 1 1 1 2 2 2 1 3 1 1 1 2 2 1 2 1 2 1 2 1 2 1 2 1 2 1 1 3 3 0 2 1 3 0 2 1 2 2 1 1 1 3 1 2 2 1 2 2 1 1 1 2 3 1 1 1 1 2 1 2 2
4082096 65 0 1 3 4 18 19 21 22 28 31 36 37 39 40 45 48 49 58 64 67 73 76 81 83 86 87 89 99 101 102 104 108 113 116 117 119 120 122 123 125 126 128 129 131 134 165 166 168 169 170 183 184 186 187 220 221 223 224 229 232 233 238 239 241 242 2 2 2 2 2 0 2 0 2 1 2 2 2 2 1 2 1 1 2 3 0 3 1 1 0 1 3 2 3 0 1 0 3 2 2 1 3 0 2 1 3 1 1 2 1 3 1 1 1 1 2 1 2 2 3 1 1 2 1 2 0 2 2 1 2 2 2 1 1 2 2 1 1 3 1 2 1 1 2 1 2 2 2 1 2 1 2 1 2 1
4082099 61 0 1 3 4 18 19 21 22 27 30 36 39 45 48 55 64 67 73 76 81 83 85 86 87 88 89 99 101 102 103 104 108 113 114 116 117 119 120 122 123 125 126 128 129 131 166 167 168 169 170 184 185 220 223 224 229 230 232 233 238 239 2 2 2 2 2 0 2 0 2 1 2 2 2 2 1 2 1 1 3 2 0 2 1 2 0 2 2 3 2 0 1 1 2 1 2 2 3 0 2 1 3 1 1 2 1 2 1 2 1 2 1 2 1 2 2 1 2 3 0 2 0 3 1 2 1 2 1 1 2 2 3 0 2 2 1 1 1 2 2 2 1 2 1 2 1 1 2 2 2 1
4082108 66 0 2 3 5 9 12 18 20 21 23 28 31 32 36 37 39 40 45 47 48 50 55 58 59 67 77 81 83 86 90 93 96 99 101 102 104 107 108 109 112 116 117 118 120 121 123 124 126 128 129 134 165 168 170 177 183 186 188 220 221 223 224 229 232 239 242 2 2 2 2 2 0 2 0 2 2 1 2 1 3 1 2 1 1 2 3 0 3 1 1 0 1 3 2 2 1 1 1 2 2 2 1 2 1 2 1 3 1 2 1 1 3 1 1 1 1 2 1 2 2 3 0 2 2 2 1 0 2 2 2 2 1 1 1 2 2 2 1 1 2 2 2 2 0 2 0 3 2 2 1 2 2 1 1 1 2
4082109 47 0 9 18 27 28 30 31 36 37 39 40 45 48 55 58 67 81 83 87 89 90 92 96 98 99 101 108 109 114 115 117 118 123 124 126 168 170 179 220 221 223 224 229 230 232 233 239 2 2 2 2 2 0 2 0 2 2 1 2 1 3 1 2 1 1 2 3 0 3 0 2 0 2 2 3 2 0 1 1 2 1 2 2 2 1 2 1 3 1 2 1 1 3 0 2 1 2 1 1 2 2 2 0 3 3 2 0 0 2 2 2 1 2 1 1 2 2 3 0 2 2 1 1 2 1 2 0 3 2 2 1 1 1 2 2 2 1
4082134 64 0 3 9 12 21 27 28 30 31 36 37 39 40 55 58 64 67 73 76 81 83 86 87 89 93 95 96 98 99 102 104 107 108 109 112 113 114 116 117 119 120 121 122 123 125 162 168 170 171 173 177 179 180 186 188 217 223 226 227 232 233 236 241 242 2 2 2 2 2 0 2 0 2 2 2 1 2 1 2 1 2 1 2 3 0 2 2 1 1 0 3 2 3 0 1 1 2 2 1 2 2 1 2 2 3 0 1 1 2 1 1 3 1 2 1 3 1 1 3 0 2 2 1 2 0 3 1 2 1 2 2 1 2 1 2 1 2 2 1 2 1 1 1 2 2 3 1 1 1 1 3 1 2 1
4082170 61 0 9 18 27 28 30 31 37 40 45 48 49 55 58 64 67 73 76 81 83 87 89 96 98 99 101 107 108 109 112 113 114 116 117 119 120 121 122 125 126 128 129 130 131 134 168 170 177 179 186 188 221 223 229 230 232 233 238 239 241 242 2 2 2 2 2 0 2 0 2 2 1 2 2 2 1 1 2 1 3 2 0 2 2 1 0 1 3 2 3 0 1 1 2 2 1 2 2 1 2 2 2 1 1 2 1 2 0 3 1 2 1 2 2 1 3 0 2 2 1 2 0 3 1 2 1 2 1 2 1 2 1 2 2 2 1 1 1 2 2 2 1 2 1 2 2 1 2 1 2 1
4082207 36 0 1 6 7 9 19 25 33 39 49 54 55 57 63 66 73 76 81 87 101 107 111 114 120 122 131 134 163 169 173 193 196 203 217 227 230 2 1 3 2 2 0 2 1 1 2 1 2 1 2 2 2 2 0 3 1 1 1 2 2 1 2 1 3 2 0 2 0 2 0 3 2 3 1 1 1 2 2 1 2 1 2 0 3 0 2 2 3 2 0 2 1 2 2 1 1 1 2 2 2 1 3 2 2 0 2 1 1 3 2 0 2 0 2 0 3 2 2 1 2 2 1 1 1 2 2
4082279 59 0 1 3 6 9 12 15 16 25 36 37 39 42 46 54 55 57 63 64 66 73 81 83 84 86 87 89 93 95 96 98 104 107 117 119 120 122 123 125 128 131 134 163 167 169 170 173 176 178 179 199 203 205 206 217 221 226 227 230 2 1 3 2 2 0 2 1 1 1 2 2 2 1 2 2 2 0 2 2 1 2 1 2 1 2 1 3 2 0 2 0 2 0 3 2 3 1 1 0 3 2 2 1 1 1 1 3 1 1 2 3 2 0 2 1 2 2 1 1 1 2 2 2 1 2 2 2 1 1 2 1 3 1 1 2 1 1 0 3 2 2 2 1 2 0 2 1 2 2
4082286 63 0 2 3 6 8 9 11 12 15 21 24 26 27 30 36 37 42 48 49 51 56 62 64 65 67 70 76 79 80 81 83 84 90 92 93 96 98 102 107 108 111 114 117 118 120 121 123 124 129 130 133 165 168 170 174 179 192 195 201 202 205 224 229 2 1 3 2 2 0 2 1 1 2 1 2 1 2 2 2 2 0 2 2 1 3 1 1 0 2 2 3 1 1 1 1 2 1 3 1 2 2 1 1 2 2 2 1 1 2 1 2 1 1 2 2 2 1 3 0 2 2 2 0 0 2 3 2 2 1 3 1 1 0 2 2 3 0 2 1 2 1 1 2 2 2 2 2 3 1 0 1 1 2
4082288 76 0 2 3 5 8 9 12 14 21 26 31 39 40 43 48 49 52 54 55 56 57 59 61 62 63 64 66 67 68 70 72 74 75 76 77 79 80 81 83 84 86 90 92 93 95 98 99 101 102 107 111 120 129 162 165 170 171 173 174 179 192 193 196 201 202 205 216 217 219 221 223 224 226 227 229 230 2 1 3 2 2 0 2 1 1 2 1 2 1 2 2 2 2 0 1 3 1 3 1 1 1 1 2 2 2 1 2 0 2 1 3 1 2 2 1 1 2 2 2 1 1 2 1 2 0 2 2 3 1 1 3 0 2 1 3 0 1 1 3 2 2 1 2 2 1 1 1 2 2 1 2 2 1 1 1 2 2 2 2 1 3 1 1 0 2 2
4082291 58 0 2 3 5 6 8 9 12 15 23 26 27 30 36 37 42 49 54 56 57 59 63 64 66 67 74 76 77 84 86 87 89 90 93 96 101 104 107 108 111 114 117 118 120 121 123 124 127 130 133 167 170 199 202 205 221 226 229 2 1 3 2 2 0 2 1 1 2 1 2 1 2 2 2 2 0 2 2 1 2 1 2 1 2 1 3 1 1 2 1 1 0 3 2 2 2 1 1 2 2 2 1 1 1 1 3 1 1 2 3 2 0 2 0 3 2 2 0 1 2 2 1 2 2 3 1 1 1 2 1 3 0 2 2 2 0 0 2 3 2 1 2 2 1 1 1 2 2
4082297 71 0 2 3 5 9 18 20 21 23 27 30 36 37 46 47 48 49 54 55 56 57 59 63 64 72 73 74 75 76 77 81 83 84 86 87 89 90 96 108 109 113 114 116 117 118 123 124 167 168 170 185 186 188 192 193 195 204 205 211 212 214 215 219 221 231 232 237 238 239 241 242 2 1 3 2 2 0 2 1 1 2 1 2 2 3 0 1 1 2 3 2 0 2 1 2 0 2 2 3 1 1 1 1 2 1 3 1 3 1 1 1 2 2 1 2 1 2 1 2 1 1 2 2 2 1 2 0 3 1 2 1 2 2 1 2 2 1 2 0 2 1 3 1 3 1 2 2 2 0 1 1 2 2 2 1 1 1 2 2 1 2
4082303 70 0 1 3 4 18 19 21 22 27 30 36 39 46 54 55 57 63 66 72 73 75 76 81 83 84 86 87 88 89 99 102 103 106 108 109 113 114 116 117 119 122 123 125 127 130 133 166 167 168 169 170 184 186 187 192 193 195 203 204 206 211 214 219 221 230 231 233 237 238 241 2 1 3 2 2 0 2 1 1 2 2 1 2 2 1 1 1 2 3 2 0 2 1 2 0 2 2 3 2 0 1 1 2 1 2 2 3 0 2 1 3 1 1 2 1 2 1 2 1 1 2 2 2 1 2 1 2 1 2 1 2 1 2 2 2 1 1 1 2 2 2 1 3 1 2 2 0 2 1 3 0 2 1 2 1 1 2 2 2 1
4082309 62 0 1 2 3 9 10 11 14 20 23 36 37 38 39 46 47 54 55 56 57 63 64 66 68 73 74 77 81 83 84 86 87 89 90 92 95 96 98 117 119 120 122 123 125 167 168 169 170 185 187 188 212 214 215 219 221 222 223 224 239 241 242 2 1 3 2 2 0 2 1 1 1 2 2 2 3 0 2 0 2 3 2 0 2 1 2 0 2 2 2 2 1 2 0 2 1 3 1 3 1 1 0 3 2 2 1 1 2 1 2 1 1 2 2 2 1 1 1 3 2 1 1 2 2 1 2 1 2 2 1 1 1 3 1 3 1 1 2 2 1 0 2 2 2 2 1 2 0 2 1 2 2
4082315 49 0 1 3 18 19 21 36 37 39 46 48 54 55 57 64 66 81 83 84 86 87 89 99 101 102 104 117 119 120 122 123 125 128 129 131 167 169 170 185 203 205 206 212 221 223 224 230 232 233 2 1 3 2 2 0 2 1 1 1 2 2 2 2 1 2 1 1 3 2 0 2 1 2 0 2 2 3 2 0 2 0 2 0 3 2 3 0 2 0 3 2 2 2 0 2 1 2 1 1 2 2 2 1 2 1 2 2 1 1 1 2 2 2 1 2 1 1 2 2 3 0 3 1 1 1 1 2 1 3 1 1 2 2 2 0 2 2 2 1
4082321 76 0 2 3 5 9 10 11 14 19 20 22 27 30 36 37 39 40 46 54 56 57 59 63 65 66 67 68 73 74 76 84 86 87 89 90 92 95 96 97 98 101 103 104 106 107 108 111 114 117 118 120 121 123 124 127 130 133 167 168 170 184 185 187 188 192 195 211 214 219 221 222 224 238 239 241 242 2 1 3 2 2 0 2 1 1 2 2 1 1 3 1 2 0 2 3 2 0 2 1 2 0 2 2 2 2 1 2 1 1 1 2 2 2 1 2 1 3 1 2 1 1 2 1 2 1 1 2 2 2 1 1 1 3 2 2 0 2 1 2 1 2 2 2 1 1 2 2 1 3 0 2 2 1 2 0 3 1 2 1 2 2 1 1 1 2 2
4082327 55 0 2 3 5 9 11 18 20 21 23 27 30 36 37 46 48 49 54 56 57 59 64 65 84 86 87 89 90 92 96 98 99 101 102 104 108 111 114 117 118 123 124 127 129 130 167 170 179 185 205 211 221 224 232 233 2 1 3 2 2 0 2 1 1 2 1 2 1 3 1 2 1 1 3 2 0 2 1 2 0 2 2 3 1 1 2 1 1 0 3 2 2 1 2 1 2 2 2 2 0 2 1 2 1 1 2 2 2 1 2 0 3 2 2 0 1 2 2 1 2 2 2 0 2 2 3 0 3 0 2 1 2 1 1 2 2 1 2 2 2 1 1 2 1 2
4082351 84 0 1 6 7 9 12 15 16 21 22 27 28 33 36 37 39 40 42 48 54 55 60 61 63 64 67 69 70 72 73 75 76 81 83 87 89 93 95 96 98 99 102 104 108 114 116 117 119 120 122 123 125 128 129 131 163 169 170 173 176 178 179 181 184 185 196 199 202 203 205 206 211 212 217 223 224 226 227 232 233 235 236 238 239 2 1 3 2 2 0 2 1 1 2 2 1 2 1 2 1 2 1 2 2 1 2 2 1 1 1 2 3 2 0 2 0 2 0 3 2 2 1 2 1 3 1 2 1 1 1 1 3 1 2 1 3 1 1 2 1 2 2 1 1 1 2 2 2 0 3 2 1 2 1 3 0 2 2 1 2 1 1 1 2 2 2 2 1 1 1 2 2 1 2
4082363 73 0 2 5 6 8 9 15 21 23 27 28 30 31 33 36 37 42 48 54 55 56 57 59 60 61 62 63 64 69 70 72 74 75 76 77 86 87 89 90 96 99 101 102 104 108 111 114 115 117 118 123 124 127 129 130 170 182 185 193 196 199 205 211 217 221 223 224 226 232 235 236 238 239 2 1 3 2 2 0 2 1 1 3 1 1 1 2 2 1 2 1 2 2 1 2 2 1 1 1 2 3 1 1 2 1 1 0 3 2 1 2 2 2 2 1 2 1 1 1 1 3 1 2 1 3 1 1 2 0 3 2 2 0 1 2 2 1 1 3 3 0 2 1 3 0 2 1 2 2 2 0 1 1 3 2 1 2 1 1 2 2 2 1
4082380 60 0 2 9 11 20 27 28 30 37 38 41 46 47 50 54 55 56 57 59 63 64 66 68 73 74 77 81 83 87 89 90 92 96 98 108 111 113 117 119 120 122 168 170 177 179 188 192 201 203 212 219 221 222 223 224 231 232 239 241 242 2 1 3 2 2 0 2 1 1 2 1 2 2 3 0 1 1 2 3 2 0 2 2 1 0 1 3 1 3 1 2 0 2 2 2 1 2 2 1 1 2 2 2 1 1 2 0 3 1 3 0 2 1 2 2 0 3 1 2 1 2 2 1 2 1 2 2 1 1 1 2 2 3 1 1 2 2 1 0 2 2 2 2 1 2 0 3 1 2 1
4082381 74 0 1 2 6 7 8 9 10 11 20 25 26 27 28 33 36 38 39 46 47 49 53 54 55 56 60 61 62 63 64 66 67 68 73 74 76 77 79 80 81 83 87 89 90 92 108 114 116 117 119 120 122 169 170 187 188 195 196 201 202 203 211 212 214 215 222 223 224 228 229 238 239 241 242 2 1 3 2 2 0 2 1 1 2 1 2 2 3 0 1 1 2 3 1 1 2 2 1 0 2 2 2 2 1 2 0 2 1 3 1 2 2 1 1 2 2 2 1 1 2 0 3 1 2 1 2 2 1 1 1 3 2 1 1 2 2 1 2 0 3 2 2 0 1 2 2 2 2 1 3 1 1 0 2 2 2 2 1 1 1 2 2 1 2
4082386 51 0 9 18 27 28 30 37 46 48 54 55 57 64 66 81 83 87 89 96 98 99 101 107 108 111 113 117 119 120 122 128 129 131 168 170 177 179 186 188 192 201 203 212 219 221 222 223 224 230 232 233 2 1 3 2 2 0 2 1 1 2 1 2 2 2 1 1 2 1 3 2 0 2 2 1 0 1 3 2 3 0 2 0 2 1 2 2 2 1 2 1 2 2 2 2 0 2 0 3 1 3 0 2 1 2 3 0 2 1 2 1 1 2 2 2 1 2 1 2 1 2 1 2 3 1 1 1 1 2 1 3 1 1 2 2 3 0 2 1 2 1
4082387 63 0 1 6 7 9 15 18 19 24 25 27 28 33 36 39 46 48 49 51 54 55 60 61 66 69 81 83 87 89 96 98 99 101 107 108 114 116 117 119 120 122 123 125 128 129 131 134 169 170 179 187 188 196 203 206 211 212 214 215 223 224 230 233 2 1 3 2 2 0 2 1 1 2 1 2 2 2 1 1 2 1 3 1 1 2 2 1 0 2 2 3 2 0 2 0 2 0 3 2 2 1 2 1 2 2 2 2 0 2 0 3 1 2 1 2 2 1 2 1 2 2 1 1 1 2 2 2 0 3 1 2 1 2 2 1 2 2 1 2 0 2 1 3 1 1 2 2 2 1 1 2 1 2
4082390 59 0 1 2 6 8 9 10 11 16 19 25 26 30 31 34 40 49 52 54 56 57 59 60 62 63 65 66 68 77 80 81 83 90 92 101 111 120 168 177 178 179 187 188 192 193 195 196 201 202 205 211 214 219 222 224 231 233 239 242 2 1 3 2 2 0 2 1 1 3 1 1 1 3 1 1 1 2 2 2 1 3 2 0 0 1 3 1 3 1 2 0 2 2 2 1 1 2 2 2 2 1 2 1 1 3 0 2 0 3 1 2 1 2 2 1 2 1 3 0 2 0 3 2 1 2 2 1 1 1 2 2 3 1 1 2 1 2 0 2 2 2 2 1 2 1 2 1 2 1
4082393 72 0 2 6 7 8 9 11 19 20 25 26 27 28 30 31 33 36 39 46 54 55 56 57 59 60 61 62 63 65 66 68 73 74 76 79 80 87 89 90 92 101 106 107 108 111 114 115 117 120 127 130 133 169 170 187 188 193 195 196 201 211 214 221 222 223 224 228 230 238 239 241 242 2 1 3 2 2 0 2 1 1 3 1 1 1 3 1 1 1 2 3 1 1 2 2 1 0 2 2 2 2 1 2 1 1 1 2 2 1 2 2 2 2 1 2 1 1 2 0 3 1 2 1 2 2 1 1 1 3 2 2 0 2 1 2 1 1 3 2 2 0 2 1 2 2 1 2 3 0 2 0 3 1 2 1 2 1 1 2 2 2 1
4088754 56 0 1 3 4 6 9 10 12 21 22 24 25 37 40 49 52 54 57 63 66 81 83 84 86 87 89 90 92 93 95 102 107 119 122 131 134 162 163 166 168 169 170 171 172 173 174 186 187 216 221 222 224 225 227 228 230 2 2 2 2 2 0 2 0 2 1 2 2 3 1 1 1 2 1 2 2 1 2 2 1 1 1 2 3 2 0 1 0 3 1 3 1 3 1 1 0 1 3 2 3 0 2 1 2 2 1 2 1 2 1 3 1 1 0 3 1 2 0 3 2 1 2 3 2 0 0 2 2 2 2 1 1 1 2 2 2 1 3 2 1 2 1 1 1 1 2
4088759 59 0 1 3 4 6 9 12 15 16 22 24 25 36 37 39 40 43 45 46 48 49 51 52 54 57 63 66 81 83 84 86 87 89 93 95 96 98 99 104 107 117 120 126 129 163 166 167 169 170 173 176 178 179 181 187 188 221 227 230 2 2 2 2 2 0 2 0 2 1 2 2 3 1 1 1 2 1 2 2 1 1 2 2 2 1 1 3 2 0 2 0 2 0 3 2 3 1 1 0 1 3 2 3 0 1 1 3 2 1 2 2 2 0 2 1 2 1 3 0 2 0 3 2 1 2 2 2 1 1 2 1 2 2 1 2 1 1 1 2 2 3 1 1 1 1 2 1 2 2
4088766 63 0 2 3 6 8 9 11 12 15 21 24 26 28 31 35 49 52 53 54 56 57 63 64 65 66 67 69 81 83 84 90 92 93 96 98 102 107 109 112 116 130 133 134 162 168 170 171 173 174 179 186 216 217 220 222 224 225 226 227 228 229 232 233 2 2 2 2 2 0 2 0 2 2 1 2 2 2 1 1 2 1 2 2 1 2 2 1 1 1 2 3 1 1 1 1 2 1 3 1 2 2 1 1 0 3 2 3 0 2 1 2 2 1 2 1 2 1 3 0 2 0 3 1 2 1 2 2 2 1 3 1 1 0 2 2 2 1 2 1 2 1 2 1 2 3 1 2 2 2 0 1 1 2
4088768 68 0 2 3 5 8 9 12 14 21 26 27 28 31 32 34 35 45 48 49 50 52 53 55 56 58 59 63 64 66 67 68 70 81 83 84 86 90 92 93 95 98 99 101 102 107 108 113 116 126 128 129 131 134 162 170 171 173 179 180 216 217 223 224 225 226 227 232 233 2 2 2 2 2 0 2 0 2 2 1 2 2 2 1 1 2 1 1 3 1 2 2 1 2 0 2 2 2 1 2 0 2 1 3 1 2 2 1 1 0 3 2 3 0 2 1 2 1 2 2 2 1 1 3 0 2 1 2 1 1 2 2 2 2 1 2 2 1 1 1 2 1 2 2 2 1 1 2 1 2 3 1 1 2 2 1 0 2 2
4088769 55 0 6 9 15 24 27 28 31 33 34 45 48 49 51 52 54 55 57 58 63 64 66 67 81 83 87 89 90 92 96 98 99 101 107 108 113 114 116 126 128 129 131 134 170 173 179 182 188 217 220 221 226 227 229 230 2 2 2 2 2 0 2 0 2 2 1 2 2 2 1 1 2 1 1 3 1 2 1 2 2 1 1 3 2 0 2 0 2 0 3 2 2 2 1 1 0 3 2 3 0 2 0 3 1 2 2 2 2 0 2 0 3 1 2 1 2 2 1 2 1 2 2 2 1 1 2 1 2 2 1 2 1 1 1 1 3 3 1 1 1 1 2 1 3 1
4088771 53 0 2 3 5 6 8 9 12 15 23 24 26 27 31 33 45 48 49 51 52 54 56 57 59 63 66 67 84 86 87 89 90 93 96 99 101 104 107 108 112 114 115 126 129 130 133 167 170 182 188 220 221 229 2 2 2 2 2 0 2 0 2 2 1 2 2 2 1 1 2 1 2 2 1 1 2 2 2 1 1 3 1 1 2 1 1 0 3 2 2 2 1 1 0 3 2 3 0 1 1 3 2 1 2 2 2 0 2 0 3 1 3 0 2 1 2 1 2 2 3 1 1 1 2 1 2 1 2 2 2 0 1 1 3 3 0 2 1 2 1 1 2 2
4088802 37 0 2 3 9 18 20 21 28 31 37 46 47 49 54 56 57 63 64 81 83 84 90 96 109 112 116 118 168 170 177 183 186 188 220 222 224 231 2 2 2 2 2 0 2 0 2 2 1 2 2 3 0 1 1 2 3 2 0 2 2 1 0 1 3 3 1 1 1 1 2 1 3 1 2 1 2 1 1 2 2 3 0 3 1 1 1 1 3 1 2 1 3 0 2 0 3 1 2 1 2 2 2 1 2 0 2 1 3 1 2 1 2 2 2 0 1 1 3 2 2 2 2 2 0 2 0 2
4088804 51 0 2 3 5 9 12 18 20 21 23 31 32 39 40 48 50 55 56 58 59 63 64 66 67 81 83 84 86 90 93 96 113 114 116 120 123 162 168 170 177 180 182 186 188 216 217 223 224 226 231 232 2 2 2 2 2 0 2 0 2 2 1 2 2 3 0 1 1 2 2 3 0 2 2 1 1 0 3 2 2 1 2 0 2 1 3 1 2 1 2 1 1 2 2 3 0 3 1 1 0 2 3 2 1 1 3 0 2 1 2 1 1 2 2 2 2 1 1 1 2 2 2 1 1 2 2 2 2 0 2 0 3 2 2 1 2 2 1 1 1 2
4096097 79 0 1 6 9 10 11 15 16 19 20 26 27 28 30 31 33 36 37 38 40 41 42 43 44 47 49 50 53 57 64 65 66 67 68 76 77 81 82 87 88 90 91 92 96 97 101 106 107 138 139 144 145 147 148 149 157 158 162 163 168 169 181 182 187 193 195 196 211 212 214 215 216 217 219 220 235 236 238 239 2 3 1 3 0 1 1 1 2 1 3 1 2 2 1 2 0 2 2 2 1 1 2 2 2 1 1 2 1 2 2 1 1 1 3 1 2 1 2 2 1 2 1 2 1 3 0 2 1 1 3 1 3 0 2 2 1 2 1 1 1 2 2 1 2 2 3 1 1 1 2 1 3 2 0 2 2 1 0 1 3 2 2 1 1 1 2 2 1 2
4096102 63 0 1 3 9 10 12 14 18 19 21 23 27 28 30 45 46 48 50 55 63 64 66 68 81 82 84 88 90 93 95 97 98 99 100 102 104 106 107 138 142 144 147 149 151 152 162 163 169 172 180 188 196 207 208 214 215 216 217 223 225 226 232 233 2 3 1 3 0 1 1 1 2 1 3 1 2 1 2 2 1 1 2 3 0 1 2 2 2 0 2 2 2 1 2 1 1 1 2 2 2 1 2 2 0 3 1 3 0 3 1 1 1 1 3 1 2 1 2 1 2 2 1 1 1 3 1 1 3 1 2 1 2 2 1 1 2 3 0 1 1 2 2 1 2 3 2 0 2 0 3 0 2 2
4096529 81 0 1 2 3 4 6 8 9 10 11 12 14 15 16 20 22 23 25 27 28 33 36 37 42 43 46 52 56 57 64 65 66 67 68 76 77 81 83 84 86 87 89 90 92 93 95 96 104 107 108 114 117 123 138 140 144 146 147 149 155 158 162 163 166 167 168 169 182 187 195 196 208 214 216 219 220 221 235 236 238 239 3 2 1 2 1 1 1 1 2 1 3 1 2 2 1 2 0 2 2 2 1 1 2 2 2 1 1 2 2 1 2 0 2 1 3 1 3 1 1 1 1 3 1 2 1 2 1 2 2 0 3 1 3 0 2 1 2 2 2 0 1 1 3 1 2 2 3 1 1 1 2 1 3 1 1 2 2 1 0 2 2 2 1 2 1 1 2 2 2 1
4096535 60 0 1 3 4 6 18 19 22 27 28 33 36 37 42 43 45 46 54 57 63 64 66 67 81 83 84 86 87 89 99 101 104 108 114 117 123 126 138 140 144 146 147 149 163 166 167 169 170 181 182 196 199 205 208 220 221 226 227 229 230 3 2 1 2 1 1 1 1 2 1 3 1 2 1 2 2 1 1 2 2 1 1 2 2 2 1 1 3 2 0 2 0 2 0 3 2 3 0 2 1 1 3 1 3 0 2 1 2 2 0 3 1 3 0 1 1 3 2 2 0 2 1 2 1 2 2 2 1 2 2 2 0 3 1 1 1 1 2 1 3 1 3 1 1 1 1 2 1 2 2
4097609 82 0 1 2 3 4 6 8 9 10 11 12 14 15 16 20 22 23 25 27 30 36 38 39 41 42 44 47 50 55 64 65 67 70 71 76 79 81 83 85 86 87 88 89 90 92 93 95 96 97 104 107 108 113 114 116 117 119 120 122 123 125 128 131 134 162 163 166 167 168 169 182 187 217 220 223 224 235 236 238 239 241 242 3 2 1 2 2 0 1 0 3 1 3 1 2 2 1 2 0 2 2 2 1 2 1 2 1 2 1 2 2 1 1 1 2 2 2 1 3 1 1 1 1 3 1 2 1 2 1 2 1 2 1 2 1 2 2 1 2 3 0 2 0 3 1 2 1 2 2 2 1 1 2 1 2 2 1 3 1 1 0 2 2 2 1 2 1 1 2 2 2 1
4097615 66 0 1 3 4 6 18 19 22 27 30 36 39 42 45 48 54 55 60 63 66 69 75 76 81 83 85 86 87 88 89 99 101 103 104 108 113 114 116 117 119 120 122 123 125 126 128 129 131 162 163 166 167 169 170 181 182 216 217 220 222 223 225 228 234 235 238 3 2 1 2 2 0 1 0 3 1 3 1 2 1 2 2 1 1 2 2 1 2 1 2 1 2 1 3 2 0 1 1 2 1 2 2 3 0 2 1 2 2 1 2 1 2 1 2 1 2 1 2 1 2 1 1 3 3 0 2 1 3 0 2 1 2 1 2 2 2 2 0 2 2 1 2 0 2 1 3 1 3 1 1 1 1 2 1 2 2
4097622 60 0 1 2 3 4 6 8 9 10 11 12 16 17 18 20 21 22 24 25 30 39 40 42 44 48 49 51 56 58 62 70 83 91 92 98 100 101 103 107 112 116 121 124 125 130 133 134 165 166 170 187 220 223 224 229 232 233 238 241 242 3 2 1 2 2 0 1 0 3 2 2 1 1 2 2 2 1 1 2 2 1 3 1 1 0 2 2 3 1 1 0 2 2 2 2 1 2 1 2 1 2 2 2 1 1 3 1 1 0 2 2 2 1 2 2 1 2 3 1 1 0 2 2 2 2 1 2 1 2 1 2 1 2 1 2 1 1 2 2 2 1 3 1 2 2 2 0 1 1 2
4097623 18 0 9 18 30 39 48 83 92 101 115 124 133 221 223 230 232 239 241 3 2 1 2 2 0 1 0 3 2 2 1 1 2 2 2 1 1 2 3 0 3 0 2 0 2 2 3 2 0 0 2 2 2 1 2 2 1 2 1 2 2 2 1 1 3 0 2 0 2 2 2 2 1 2 0 3 3 2 0 0 2 2 2 1 2 2 2 1 1 2 1 2 2 1 1 1 2 2 1 2 3 1 2 2 0 2 1 3 0
4097624 91 0 1 2 3 4 5 8 9 12 14 17 18 20 21 22 25 28 31 32 36 39 41 44 45 47 48 49 50 52 54 58 59 61 62 66 75 77 81 83 86 90 92 93 95 98 99 100 101 102 103 107 108 109 112 116 117 119 120 125 126 127 128 129 130 133 134 162 163 165 166 170 173 180 181 187 216 217 220 221 223 224 225 228 230 233 234 236 237 238 241 242 3 2 1 2 2 0 1 0 3 2 2 1 1 2 2 2 1 1 1 3 1 3 1 1 1 1 2 2 2 1 1 1 2 2 2 1 2 1 2 1 2 2 2 1 1 3 1 1 1 1 2 1 2 2 2 1 2 2 2 1 1 1 2 2 2 1 1 2 2 2 1 1 1 2 2 2 0 2 2 2 1 3 1 1 2 2 1 0 2 2
4097625 63 0 1 6 7 9 18 27 28 30 31 36 39 42 45 48 49 54 58 60 61 66 69 75 81 83 87 89 90 92 98 99 100 101 108 109 114 115 117 123 126 127 162 163 169 170 173 181 182 216 217 220 221 222 223 224 225 228 230 233 234 236 238 239 3 2 1 2 2 0 1 0 3 2 2 1 1 2 2 2 1 1 1 3 1 3 0 2 1 2 1 3 2 0 1 1 2 1 2 2 2 1 2 1 2 2 2 1 1 3 0 2 1 2 1 1 2 2 1 1 3 3 2 0 1 1 2 2 1 2 1 2 2 2 2 0 2 2 1 2 0 2 1 2 2 3 1 1 1 1 2 1 3 1
4097626 87 0 2 3 5 9 11 12 14 18 20 21 23 31 32 36 38 39 40 41 45 47 48 49 50 54 56 58 59 63 66 67 75 77 86 89 90 92 93 95 98 99 101 102 104 107 108 112 115 116 117 119 120 121 124 125 126 128 129 130 133 134 162 165 167 170 173 176 180 182 188 216 220 221 223 224 225 227 228 229 230 232 234 236 237 239 241 242 3 2 1 2 2 0 1 0 3 2 2 1 1 2 2 2 1 1 2 3 0 2 1 2 1 1 2 2 2 1 1 2 1 2 1 2 2 1 2 1 2 2 2 1 1 2 1 2 1 1 2 2 2 1 2 0 3 2 2 1 1 2 1 1 2 2 2 2 1 2 1 1 1 2 2 2 1 1 2 1 2 3 0 2 2 1 2 0 3 1
4097681 55 0 1 2 6 7 8 9 10 11 15 16 17 27 36 38 39 41 55 61 64 65 67 70 71 81 83 87 88 89 90 92 96 97 98 108 117 119 120 122 126 128 129 131 163 169 170 180 182 217 223 224 235 236 238 239 3 2 1 2 2 0 1 0 3 2 3 0 2 2 1 1 0 3 2 2 1 2 2 1 1 1 2 2 2 1 1 1 2 2 2 1 2 1 2 2 1 2 1 2 1 2 0 3 1 3 0 2 1 2 2 1 2 3 0 2 0 3 1 2 0 3 2 1 2 1 3 0 1 3 1 3 1 1 1 1 2 2 1 2 1 2 1 2 1 2
4097813 104 0 1 2 3 4 5 6 8 9 10 12 15 16 18 20 22 23 24 25 27 30 37 42 45 47 48 49 51 54 56 57 59 60 62 63 66 67 69 70 75 77 81 83 84 86 87 88 89 90 93 96 97 104 107 108 109 113 114 116 118 121 123 124 126 128 130 131 133 134 162 163 166 167 168 169 172 182 187 192 193 195 202 205 208 211 212 213 214 215 216 217 219 221 226 228 229 231 232 234 236 238 239 241 242 3 1 2 2 2 0 1 1 2 2 2 1 2 2 1 1 1 2 2 2 1 2 1 2 1 2 1 3 1 1 1 1 2 1 3 1 3 1 1 1 1 3 1 2 1 2 1 2 1 1 2 2 2 1 2 1 2 1 2 1 2 1 2 2 2 1 2 1 2 1 2 1 3 1 2 2 2 0 1 1 2 2 1 2 1 1 2 2 2 1
4097825 81 0 1 2 3 6 8 9 10 11 12 14 15 16 20 23 25 37 38 39 42 44 46 47 55 56 57 60 62 64 65 66 68 69 70 71 77 79 81 83 84 86 87 89 90 92 93 95 96 104 107 119 120 122 123 125 128 131 134 162 163 167 168 169 182 187 208 212 214 215 216 217 219 221 222 223 224 235 236 239 241 242 3 1 2 2 2 0 1 1 2 1 3 1 2 2 1 2 0 2 2 2 1 2 1 2 1 2 1 2 2 1 2 0 2 1 3 1 3 1 1 0 2 3 2 1 1 2 1 2 1 1 2 2 2 1 2 1 2 2 1 1 1 2 2 2 1 2 2 2 1 1 2 1 3 1 1 2 2 1 0 2 2 1 2 2 2 0 2 2 2 1
4097831 59 0 1 3 6 18 19 37 39 42 45 46 48 54 55 57 60 63 64 66 69 70 81 83 84 86 87 89 99 101 104 119 120 122 123 125 126 128 129 131 163 167 169 170 181 182 203 205 206 208 212 217 221 223 224 226 227 230 232 233 3 1 2 2 2 0 1 1 2 1 3 1 2 1 2 2 1 1 2 2 1 2 1 2 1 2 1 3 2 0 2 0 2 0 3 2 3 0 2 0 2 3 2 2 0 2 1 2 1 1 2 2 2 1 1 1 3 2 1 1 2 2 1 2 1 2 1 2 2 2 2 0 3 1 1 1 1 2 1 3 1 2 2 1 2 0 2 1 2 2
4097837 77 0 2 3 5 6 8 9 11 12 14 15 17 27 30 37 39 40 42 56 57 59 60 62 64 65 66 67 68 69 70 71 84 86 87 89 90 92 93 95 96 98 101 104 107 108 111 114 118 120 121 123 124 127 130 133 162 167 168 170 182 188 192 195 208 211 214 216 219 221 222 224 235 236 238 239 241 242 3 1 2 2 2 0 1 1 2 2 3 0 1 2 2 2 0 2 2 2 1 2 1 2 1 2 1 2 2 1 2 1 1 1 2 2 2 1 2 1 2 2 2 1 1 2 1 2 1 1 2 2 2 1 2 0 3 2 2 0 1 2 2 1 2 2 2 2 1 2 1 1 3 0 2 2 1 2 0 3 1 1 2 2 2 1 1 2 1 2
4097840 76 0 1 2 3 4 5 8 9 10 12 14 16 17 18 20 21 22 25 31 39 40 43 48 49 52 54 56 57 59 62 63 66 68 71 81 83 84 86 90 92 93 95 98 99 101 102 107 111 120 129 162 163 165 166 170 172 173 180 181 187 192 193 196 202 205 210 211 214 216 219 221 224 227 228 230 233 3 1 2 2 2 0 1 1 2 2 2 1 1 2 2 2 1 1 1 3 1 3 1 1 1 1 2 2 2 1 2 0 2 1 3 1 2 1 2 1 1 3 2 2 0 3 1 1 0 2 2 2 1 2 2 1 2 1 3 0 2 0 3 2 2 1 1 2 2 2 1 1 2 1 2 1 1 2 2 2 1 2 2 1 3 1 1 0 2 2
4097842 75 0 2 3 5 9 11 12 14 18 20 21 23 28 37 39 45 48 54 56 57 59 63 65 66 68 84 86 89 90 92 93 95 98 99 101 102 104 107 108 111 115 118 120 124 126 127 129 133 162 165 167 170 173 176 180 182 188 192 196 205 208 210 214 216 217 219 221 223 224 226 227 228 230 232 233 3 1 2 2 2 0 1 1 2 2 2 1 1 2 2 2 1 1 2 3 0 2 1 2 1 1 2 2 2 1 2 1 1 1 2 2 2 1 2 1 1 3 2 2 0 2 1 2 1 2 1 2 1 2 2 0 3 1 3 0 2 1 2 1 2 2 2 2 1 2 1 1 2 1 2 1 2 1 2 1 2 2 1 2 3 0 2 0 3 1
4097912 55 0 1 2 6 8 9 10 15 16 17 30 31 34 39 40 43 54 56 57 59 60 62 63 66 68 69 71 81 83 90 92 99 101 111 120 129 162 163 168 172 173 178 179 180 181 182 195 196 205 216 222 224 227 231 233 3 1 2 2 2 0 1 1 2 3 2 0 1 2 2 1 1 2 1 3 1 3 2 0 1 0 3 2 2 1 2 0 2 1 3 1 1 1 3 2 1 2 2 2 0 3 0 2 0 3 1 2 1 2 2 1 2 1 3 0 2 0 3 2 1 2 1 1 3 2 2 0 3 1 1 1 1 2 1 2 2 2 2 1 2 1 2 1 2 1
24233813 53 9 10 11 17 20 22 23 36 37 38 43 44 46 47 74 76 77 81 84 85 86 89 90 92 97 98 108 109 110 115 116 117 118 119 124 125 135 137 138 139 140 142 143 165 166 184 185 189 190 196 197 208 209 1 2 2 2 1 2 2 2 0 0 3 2 3 2 0 2 0 2 2 2 1 2 1 2 1 2 1 2 1 2 2 1 1 1 3 1 1 3 1 2 2 1 2 0 2 1 3 1 3 0 2 1 2 1 2 1 2 2 1 1 1 2 2 1 2 2 2 0 2 2 3 0 3 1 1 2 2 1 0 2 2 3 1 1 2 1 1 0 2 3
24233884 78 0 4 5 7 10 11 20 25 26 27 30 31 36 37 38 46 47 49 50 57 59 63 70 71 74 76 77 79 80 81 84 85 86 88 89 90 92 97 98 108 109 110 111 112 113 117 118 119 135 137 138 140 142 143 144 145 151 152 165 169 171 172 178 179 184 185 187 188 189 190 192 194 198 199 208 209 211 212 1 2 2 2 1 2 2 2 0 1 2 2 3 2 0 1 1 2 2 2 1 2 2 1 1 1 2 1 2 2 2 1 1 2 2 1 2 2 1 2 2 1 1 1 2 1 2 2 3 2 0 1 1 2 1 2 2 2 1 1 2 1 2 1 2 2 2 0 2 2 2 1 3 1 1 2 2 1 0 2 2 3 1 1 2 1 2 0 2 2
24233885 103 0 4 6 8 9 11 14 20 26 27 33 34 36 37 38 39 42 44 46 47 49 52 53 60 62 63 66 67 68 69 71 74 76 77 79 80 81 84 85 86 87 88 89 90 92 93 94 96 98 108 109 110 111 112 114 116 117 118 119 120 123 125 135 137 139 140 142 143 144 145 147 148 151 152 166 168 169 171 172 174 175 176 177 179 184 185 187 188 189 190 193 196 197 198 199 201 203 205 206 208 209 211 212 1 2 2 2 1 2 2 2 0 1 2 2 3 2 0 1 1 2 2 1 2 2 2 1 1 2 1 2 1 2 2 1 1 1 3 1 2 2 1 2 2 1 1 1 2 1 2 2 3 1 1 1 2 1 2 1 2 2 1 1 1 2 2 1 1 3 2 1 1 2 2 1 2 2 1 3 1 1 0 2 2 3 1 1 1 2 1 1 1 3
24233891 80 0 3 4 6 8 9 11 12 18 19 27 33 34 36 38 39 42 44 45 46 47 48 49 62 65 71 74 76 81 84 85 87 88 89 93 96 98 99 101 102 103 108 109 110 111 112 114 116 117 119 120 123 125 126 127 129 130 137 139 142 143 146 152 154 155 157 166 169 179 181 184 190 193 196 197 200 206 208 209 211 1 2 2 2 1 2 2 2 0 1 2 2 3 1 1 1 2 1 2 1 2 2 2 1 1 2 1 3 1 1 2 1 1 0 3 2 2 1 2 2 2 1 1 2 1 1 2 2 3 1 1 1 2 1 3 1 1 2 1 1 0 2 3 1 1 3 1 1 2 3 2 0 2 2 1 2 0 2 1 3 1 2 1 2 2 2 0 1 1 3
24234764 72 27 28 30 33 36 37 39 41 43 44 46 47 48 50 51 52 53 54 55 57 64 66 68 70 81 84 90 93 95 99 101 102 104 108 111 117 119 120 122 128 129 131 135 138 146 147 149 165 168 169 174 176 178 179 183 185 186 187 188 195 201 204 205 206 214 215 219 222 223 230 232 233 0 3 2 3 1 1 2 1 1 2 1 2 2 2 1 1 2 1 2 2 1 3 2 0 0 1 3 2 2 1 2 0 2 1 3 1 2 1 2 1 2 2 2 2 0 1 2 2 2 1 1 2 2 1 2 2 1 2 1 1 1 2 2 2 2 1 1 1 2 2 1 2 3 2 0 1 1 2 1 1 3 1 3 1 3 0 2 1 2 1
24234935 70 3 4 8 15 17 21 27 29 35 36 38 42 44 45 48 50 55 64 65 70 71 73 76 84 85 86 87 88 89 102 103 104 108 110 113 114 116 126 128 129 131 136 137 139 142 143 154 155 157 158 166 168 169 177 178 179 183 184 185 217 220 223 224 226 227 232 233 236 238 239 1 3 1 2 2 1 2 0 2 1 3 1 3 0 2 1 2 1 2 2 1 2 2 1 1 1 2 2 2 1 2 1 1 1 2 2 2 2 1 2 2 1 1 1 2 0 3 2 2 1 1 3 1 1 3 1 1 2 0 3 0 3 1 2 1 2 2 0 3 1 3 0 1 3 1 2 1 1 2 1 2 3 1 1 1 2 1 1 1 3
24234944 69 0 3 4 5 8 9 16 17 23 27 28 29 34 35 36 37 43 44 45 47 52 53 55 58 59 76 77 79 80 81 84 86 90 91 92 99 101 102 103 104 108 109 110 117 118 119 126 128 136 137 139 140 154 155 157 158 171 172 178 179 180 187 188 217 223 224 236 241 242 1 3 1 2 2 1 2 0 2 2 2 1 2 1 2 1 2 1 1 3 1 3 2 0 1 0 3 1 2 2 2 1 1 2 2 1 1 3 1 2 2 1 2 0 2 1 3 1 2 0 2 2 2 1 2 1 2 3 1 1 0 2 2 2 2 1 2 0 3 1 2 1 2 2 1 2 1 1 1 1 3 3 1 1 2 2 1 0 2 2
24234945 87 0 3 5 7 9 15 16 21 27 28 29 31 32 34 35 36 37 42 43 44 45 47 48 49 50 55 58 59 76 77 81 87 89 90 91 92 96 97 98 99 101 102 104 108 109 110 113 114 115 117 118 119 123 124 126 128 129 130 131 136 137 140 142 143 154 155 157 158 168 169 171 172 177 178 179 180 183 184 185 217 220 221 223 224 236 238 239 1 3 1 2 2 1 2 0 2 2 2 1 2 1 2 1 2 1 1 3 1 3 1 1 1 1 2 2 2 1 2 1 1 1 2 2 1 3 1 2 2 1 2 0 2 1 2 2 2 1 1 2 2 1 3 1 1 2 1 2 0 2 2 2 1 2 2 0 3 1 3 0 1 2 2 2 1 1 2 1 2 3 1 1 1 1 2 1 3 1
24234968 60 0 1 3 4 7 10 11 13 18 19 25 27 36 38 44 45 47 53 58 64 67 70 71 73 76 79 80 81 84 90 92 93 99 101 102 108 117 119 126 128 146 155 165 166 169 174 175 179 183 184 187 188 220 223 229 232 233 238 241 242 1 3 1 2 2 1 2 0 2 1 2 2 3 1 1 1 2 1 2 2 1 3 2 0 0 1 3 1 3 1 2 0 2 2 2 1 2 1 2 2 2 1 1 2 1 2 2 1 2 0 2 1 3 1 2 2 1 3 0 2 0 2 2 1 2 2 2 1 1 2 1 2 2 3 0 1 1 2 2 1 2 2 2 1 3 2 0 0 1 3
24234969 69 0 1 3 4 7 9 10 18 19 24 25 27 36 42 45 48 51 58 64 70 73 76 79 81 84 87 90 96 99 102 108 110 113 114 116 117 119 123 125 126 128 129 131 134 140 143 146 152 155 158 166 168 169 177 178 183 184 186 187 220 221 223 224 232 233 238 239 241 242 1 3 1 2 2 1 2 0 2 1 2 2 3 1 1 1 2 1 2 2 1 3 1 1 0 2 2 2 3 0 2 0 2 1 2 2 2 1 2 2 2 1 1 2 1 2 1 2 2 1 1 1 3 1 3 2 0 2 0 3 0 2 2 1 2 2 2 0 2 2 2 1 1 3 1 2 1 1 2 1 2 2 2 1 2 1 1 1 2 2
24234971 87 0 1 3 4 8 9 11 12 18 19 24 27 29 35 36 38 39 42 44 45 47 48 51 53 55 65 71 73 74 76 79 80 81 84 85 87 88 89 93 96 98 99 101 102 103 106 107 108 110 114 116 117 119 120 123 125 126 128 129 134 136 137 139 142 143 146 152 154 157 166 168 169 174 177 179 183 184 186 187 188 220 223 224 233 238 241 242 1 3 1 2 2 1 2 0 2 1 2 2 3 1 1 1 2 1 3 1 1 2 2 1 0 2 2 2 2 1 2 1 1 1 2 2 2 1 2 2 2 1 1 2 1 1 2 2 2 1 1 2 2 1 3 1 1 2 0 3 0 3 1 2 1 2 1 1 2 2 2 1 1 3 1 2 0 2 2 2 1 2 1 2 2 2 0 1 1 3
24234980 76 0 1 3 5 8 10 14 18 20 26 27 28 29 34 35 36 37 43 44 45 47 53 55 58 59 67 70 77 80 81 84 86 90 91 92 93 94 99 101 102 104 108 109 110 117 118 119 126 128 136 137 139 140 145 148 155 158 165 166 174 175 176 178 179 183 185 188 220 223 224 229 230 232 233 239 242 1 3 1 2 2 1 2 0 2 2 1 2 2 2 1 1 2 1 2 2 1 3 2 0 0 1 3 1 2 2 2 1 1 2 2 1 1 2 2 2 2 1 2 1 1 2 2 1 2 0 2 1 3 1 2 1 2 3 1 1 0 2 2 2 2 1 1 1 2 2 1 2 2 2 1 1 2 1 2 0 3 2 2 1 3 1 1 0 2 2
24234981 85 0 1 3 5 7 9 10 12 18 20 24 27 28 29 32 34 35 36 37 39 42 43 45 47 48 50 51 53 55 59 70 77 80 81 87 89 90 91 93 96 97 99 101 102 104 107 108 109 110 113 114 115 117 118 120 123 124 126 128 129 131 136 137 140 142 143 145 151 155 158 168 169 174 177 178 183 185 186 188 221 223 224 232 239 242 1 3 1 2 2 1 2 0 2 2 1 2 2 2 1 1 2 1 2 2 1 3 1 1 0 2 2 2 2 1 2 1 1 1 2 2 1 2 2 2 2 1 2 1 1 2 1 2 2 1 1 1 3 1 3 1 1 2 1 2 0 2 2 2 1 2 1 1 2 2 2 1 1 2 2 2 2 0 2 0 3 2 2 1 2 0 2 1 3 1
24234983 78 0 3 5 8 9 11 18 20 24 26 27 28 29 31 32 34 35 36 37 38 42 44 45 47 48 50 51 52 53 55 56 58 64 73 74 79 80 84 87 90 96 99 102 108 112 114 115 117 118 123 124 126 129 130 133 139 142 145 151 154 157 168 177 179 183 185 186 188 220 221 223 224 232 233 238 239 241 242 1 3 1 2 2 1 2 0 2 2 1 2 2 2 1 1 2 1 3 1 1 2 2 1 0 2 2 2 1 2 2 2 0 1 2 2 1 2 2 2 2 1 2 1 1 1 2 2 2 1 1 2 2 1 3 0 2 2 1 2 0 3 1 1 2 2 2 0 2 2 2 1 1 2 2 2 1 1 2 1 2 2 1 2 2 1 1 1 2 2
24235151 70 3 4 6 8 15 17 21 27 28 33 36 37 38 42 44 46 54 56 57 63 64 65 72 73 75 76 77 84 85 86 87 89 102 103 104 108 109 110 114 116 127 128 135 136 137 138 139 140 154 155 157 158 166 179 184 185 190 197 199 200 206 217 220 221 226 227 235 236 238 239 1 2 2 2 2 1 2 1 1 1 3 1 3 0 2 1 2 1 2 2 1 2 2 1 1 1 2 3 1 1 2 1 1 0 3 2 2 2 1 1 2 2 2 1 1 0 3 2 2 0 2 3 2 0 3 1 1 1 1 2 1 2 2 2 1 2 2 0 3 1 3 0 2 2 1 2 1 1 1 2 2 2 2 1 1 2 1 2 0 3
24235160 86 0 3 4 5 8 9 16 17 23 27 28 30 31 33 42 43 49 52 54 56 57 59 63 64 69 71 74 76 77 80 81 84 86 90 91 92 101 103 104 108 109 111 112 117 118 127 130 135 136 137 138 139 140 144 146 154 155 157 158 168 171 172 177 178 179 187 188 190 195 196 199 204 205 214 216 217 222 224 226 227 232 233 235 236 241 242 1 2 2 2 2 1 2 1 1 2 2 1 2 1 2 1 2 1 1 3 1 3 2 0 1 0 3 2 1 2 2 1 1 1 3 1 1 3 1 2 1 2 2 1 1 1 3 1 1 1 2 3 1 1 2 1 2 2 2 0 1 1 3 2 2 1 2 0 3 1 2 1 3 1 1 2 1 1 0 2 3 2 2 1 2 2 1 1 1 2
24235161 92 0 3 5 6 9 15 16 21 27 28 31 32 33 35 42 43 48 49 50 54 56 57 59 63 64 72 74 75 76 77 81 87 89 90 91 92 96 97 98 99 101 102 104 108 109 110 113 114 115 117 118 123 124 127 128 129 130 131 135 136 137 138 140 144 146 154 155 157 158 169 172 178 179 184 185 190 196 197 199 205 206 211 212 217 220 221 226 227 235 236 238 239 1 2 2 2 2 1 2 1 1 2 2 1 2 1 2 1 2 1 1 3 1 3 1 1 1 1 2 3 1 1 2 1 1 0 3 2 1 3 1 2 1 2 2 1 1 1 2 2 1 1 2 3 2 0 3 1 1 1 2 1 1 1 3 2 1 2 2 0 3 1 3 0 2 1 2 2 1 1 1 2 2 2 2 1 1 1 2 2 2 1
24235186 94 0 1 3 4 11 13 18 19 27 30 36 38 39 41 47 48 54 56 57 59 64 65 66 67 68 81 84 85 86 87 88 89 93 98 99 101 102 103 106 107 108 110 111 113 114 117 119 120 123 125 128 129 131 134 135 136 137 138 139 140 143 146 147 148 151 152 165 168 169 174 175 176 178 179 183 184 186 187 188 195 201 203 204 206 212 215 219 221 222 224 229 230 232 233 1 2 2 2 2 1 2 1 1 1 2 2 3 1 1 1 2 1 3 2 0 2 2 1 0 1 3 2 2 1 2 1 1 1 2 2 2 1 2 1 2 2 2 2 0 1 2 2 2 1 1 2 2 1 2 2 1 2 0 2 1 2 2 2 2 1 1 1 2 2 1 2 3 1 1 1 1 2 1 3 1 1 2 2 3 1 1 1 1 2
24235187 68 0 1 3 4 6 8 9 11 12 18 19 24 27 28 33 36 38 42 44 46 47 51 53 54 56 57 65 66 81 84 85 87 89 93 96 98 99 101 102 103 107 108 109 110 114 116 117 119 123 125 127 128 134 135 136 137 138 139 146 147 166 179 184 188 197 206 215 220 1 2 2 2 2 1 2 1 1 1 2 2 3 1 1 1 2 1 3 1 1 2 2 1 0 2 2 3 1 1 2 1 1 0 3 2 2 1 2 1 2 2 2 2 0 1 2 2 2 0 2 2 3 0 3 1 1 1 1 2 1 2 2 2 1 2 1 1 2 2 2 1 2 2 1 2 0 2 1 3 1 1 2 2 2 2 0 2 0 3
24235190 77 0 1 4 5 8 10 11 19 25 26 27 28 30 31 33 36 37 43 49 52 54 56 57 59 63 65 71 77 80 81 84 86 90 91 92 100 101 103 104 108 109 111 112 117 118 127 130 135 137 138 140 144 146 155 158 165 166 168 178 179 184 185 187 188 195 196 204 205 211 214 219 222 224 231 233 239 242 1 2 2 2 2 1 2 1 1 2 2 1 2 2 1 1 1 2 2 2 1 3 2 0 0 1 3 1 2 2 2 1 1 2 2 1 1 2 2 2 2 1 2 1 1 2 2 1 1 1 2 2 2 1 1 2 2 2 2 0 2 0 3 2 2 1 2 0 2 1 2 2 3 1 1 2 1 2 0 2 2 2 2 1 2 2 1 1 1 2
24235191 96 0 1 5 6 9 10 13 19 25 27 28 31 32 33 35 36 37 39 41 42 43 49 52 54 56 57 59 63 65 66 68 77 81 87 89 90 91 92 93 96 97 100 101 104 106 107 108 109 110 113 114 115 117 118 119 120 123 124 127 130 131 133 135 137 138 140 144 146 147 155 158 168 169 174 175 176 177 178 184 185 187 188 196 197 203 204 205 206 211 212 214 215 221 228 230 239 1 2 2 2 2 1 2 1 1 2 2 1 2 2 1 1 1 2 2 2 1 3 1 1 0 2 2 2 2 1 2 1 1 1 2 2 1 2 2 2 2 1 2 1 1 2 1 2 1 1 2 2 3 0 2 2 1 1 2 1 2 0 3 2 1 2 2 1 1 1 2 2 2 1 2 3 1 1 0 2 2 2 2 1 1 1 2 2 2 1
24235192 72 0 5 10 11 19 20 27 29 30 32 36 37 38 46 49 54 56 57 59 63 65 73 74 76 77 84 87 90 97 103 106 108 111 114 117 118 123 124 127 130 133 135 138 144 151 154 157 165 168 178 179 184 185 187 188 195 197 204 205 206 212 214 219 221 222 224 231 233 238 239 241 242 1 2 2 2 2 1 2 1 1 2 2 1 2 2 1 1 1 2 3 2 0 2 2 1 0 1 3 1 2 2 2 2 0 2 1 2 1 2 2 2 2 1 2 1 1 1 2 2 2 1 1 2 2 1 1 2 2 2 1 1 2 1 2 1 2 2 2 0 2 2 2 1 3 0 2 2 1 2 0 3 1 2 1 2 2 1 2 1 2 1
24235196 91 0 1 3 5 8 10 14 18 20 26 27 28 30 31 33 39 43 46 48 51 52 54 56 57 59 64 66 67 68 71 81 84 86 90 91 92 93 94 99 100 101 102 104 108 109 111 112 117 118 120 127 129 130 135 136 137 138 139 140 145 146 147 148 165 166 168 174 175 176 178 179 183 185 186 187 188 195 196 201 204 205 211 214 219 220 222 224 229 230 232 233 1 2 2 2 2 1 2 1 1 2 1 2 2 2 1 1 2 1 2 2 1 3 2 0 0 1 3 2 1 2 2 1 1 1 3 1 1 2 2 2 1 2 2 2 0 2 2 1 1 1 2 2 2 1 2 1 2 2 2 0 1 1 3 2 2 1 1 1 2 2 1 2 3 1 1 1 2 1 1 1 3 1 3 1 3 1 1 1 1 2
24235197 81 0 1 3 5 6 9 10 12 18 20 24 27 28 32 33 35 39 42 43 46 48 50 51 52 53 54 56 57 59 64 66 81 87 89 90 91 93 96 97 99 100 101 102 104 106 107 108 109 110 113 114 115 117 118 120 123 124 127 128 129 131 133 135 136 137 138 140 145 147 169 178 185 187 188 196 197 205 212 214 215 221 1 2 2 2 2 1 2 1 1 2 1 2 2 2 1 1 2 1 2 2 1 3 1 1 0 2 2 3 1 1 2 1 1 0 3 2 1 2 2 2 1 2 2 2 0 2 1 2 1 1 2 2 3 0 3 1 1 1 2 1 1 1 3 2 1 2 1 1 2 2 2 1 2 1 2 2 2 0 1 1 3 1 3 1 2 0 2 2 2 1
24235199 55 0 3 5 6 8 9 11 18 20 24 26 27 29 33 35 36 42 47 51 53 54 56 57 59 65 84 87 90 96 99 102 108 114 115 117 118 123 124 127 133 135 138 139 145 179 185 188 196 197 205 206 214 215 220 221 1 2 2 2 2 1 2 1 1 2 1 2 2 2 1 1 2 1 3 1 1 2 2 1 0 2 2 3 0 2 2 2 0 0 3 2 1 2 2 2 1 2 2 2 0 1 2 2 2 0 2 2 3 0 3 0 2 1 2 1 1 2 2 1 2 2 2 0 2 2 2 1 2 1 2 2 1 1 1 2 2 1 2 2 2 1 1 2 1 2
24237351 70 0 1 6 7 9 25 27 28 33 34 36 39 46 49 52 54 55 60 61 63 66 73 76 79 81 90 92 93 95 104 108 110 117 119 120 122 128 131 135 137 144 146 147 149 155 158 169 176 184 185 187 188 195 196 197 201 203 211 212 214 215 222 223 224 228 230 238 239 241 242 1 2 2 3 1 1 1 2 1 2 2 1 2 2 1 1 1 2 2 1 2 3 2 0 0 2 2 2 3 0 2 0 2 1 2 2 1 3 1 2 1 2 2 1 1 1 1 3 2 1 1 2 2 1 1 3 1 2 1 1 2 1 2 2 0 3 2 2 0 1 2 2 2 2 1 3 0 2 0 2 2 2 2 1 1 1 2 2 2 1
24237352 92 0 1 6 7 9 11 14 19 27 29 30 31 34 35 38 41 46 47 49 50 52 54 55 60 61 63 65 66 71 73 74 76 79 81 84 86 90 92 93 95 100 101 103 104 111 113 117 119 120 122 128 130 131 135 137 138 139 144 146 147 149 154 157 168 174 176 177 179 185 187 192 194 195 196 197 201 203 206 211 212 214 215 219 222 223 224 231 233 238 239 241 242 1 2 2 3 1 1 1 2 1 2 2 1 2 2 1 1 1 2 3 1 1 2 3 0 0 1 3 1 3 1 2 1 1 2 1 2 1 3 1 2 1 2 2 1 1 2 1 2 1 2 1 2 1 2 2 2 1 1 1 2 2 2 1 1 1 3 2 1 1 2 2 1 3 1 1 2 0 3 0 3 1 2 1 2 2 1 2 1 2 1
24237358 84 0 1 3 6 7 9 10 12 18 20 24 27 29 30 34 35 37 38 41 46 47 48 50 52 53 54 55 60 61 64 65 66 81 84 86 90 91 92 93 95 99 100 101 102 104 111 113 117 119 120 122 128 129 131 135 137 138 145 146 147 149 168 174 176 183 185 186 187 188 192 194 195 196 197 201 203 212 214 215 219 222 223 224 230 1 2 2 3 1 1 1 2 1 2 1 2 2 2 1 1 2 1 3 1 1 2 3 0 0 1 3 2 2 1 2 1 1 1 2 2 1 2 2 2 1 2 2 2 0 2 1 2 1 2 1 2 1 2 3 1 1 1 1 2 1 3 1 1 1 3 2 2 0 2 1 2 3 1 1 1 1 2 1 2 2 1 2 2 3 0 2 1 2 1
24243551 82 0 1 3 4 6 8 9 10 15 20 21 27 28 29 30 31 33 35 37 38 42 44 46 47 48 49 56 57 64 65 69 71 76 81 84 85 87 89 90 91 92 96 98 99 100 101 102 103 108 110 111 112 114 116 118 119 123 125 126 127 129 130 166 168 172 179 180 181 184 216 219 220 222 224 226 227 231 233 235 236 237 238 1 3 1 3 2 0 1 0 3 2 2 1 2 2 1 1 1 2 2 2 1 2 2 1 1 1 2 2 1 2 2 1 1 1 3 1 2 1 2 2 1 1 1 3 1 2 1 2 2 1 2 1 2 1 2 2 1 2 2 1 1 1 2 1 2 2 2 0 2 2 3 0 3 1 1 1 1 2 1 2 2 1 2 2 2 2 0 2 0 3
24243761 80 0 1 3 4 8 9 11 17 27 29 32 33 35 36 38 39 41 42 44 54 57 59 63 66 68 81 84 85 86 87 88 89 90 92 95 96 98 99 100 102 103 106 113 114 116 117 119 120 122 123 125 126 129 135 137 138 139 144 146 147 154 157 166 168 169 180 181 184 187 197 207 213 216 217 220 221 234 235 237 238 1 3 1 3 1 1 1 1 2 2 3 0 2 2 1 1 0 3 2 2 1 2 2 1 1 1 2 2 2 1 2 1 1 1 2 2 2 2 1 1 1 2 2 2 1 2 1 2 1 1 3 2 2 0 1 3 1 2 0 2 2 2 1 1 2 2 2 1 1 2 2 1 2 1 2 2 0 3 1 3 0 3 1 1 1 2 1 1 1 3
24243767 81 0 1 3 4 6 8 9 10 15 18 21 27 29 31 32 33 35 37 38 42 44 45 46 48 49 50 54 57 59 63 64 81 84 85 86 87 89 90 91 92 96 98 99 100 101 102 103 104 113 114 116 119 123 125 126 129 130 135 137 138 139 144 145 146 166 172 179 181 184 185 197 206 208 209 211 212 217 220 221 226 227 1 3 1 3 1 1 1 1 2 2 2 1 2 2 1 1 1 2 2 2 1 2 2 1 1 1 2 3 1 1 2 1 1 0 3 2 2 1 2 1 1 2 2 3 0 2 1 2 1 1 3 2 2 0 2 2 1 1 1 2 2 2 1 1 2 2 2 0 2 2 3 0 2 1 2 1 1 2 2 2 1 2 2 1 1 2 1 2 0 3
24244035 37 0 1 6 7 8 9 10 19 25 26 27 30 32 33 35 50 53 81 90 108 111 113 135 138 140 144 147 171 172 181 187 188 225 226 228 235 239 2 3 0 2 2 1 1 0 3 2 2 1 3 2 0 0 1 3 1 2 2 3 2 0 1 1 2 1 3 1 2 0 2 2 2 1 1 3 1 2 0 2 2 2 1 2 0 3 2 1 2 1 3 0 1 2 2 3 0 2 1 2 1 1 1 3 2 2 0 2 1 2 2 2 1 3 2 0 0 1 3 2 3 0 1 0 3 2 2 1
24244199 61 0 3 5 6 8 9 11 15 17 18 20 21 23 27 29 33 35 45 47 54 56 57 59 63 65 84 87 90 96 97 99 102 103 108 114 115 126 127 135 138 139 144 145 166 169 172 178 179 181 184 185 190 196 197 208 209 217 220 221 226 227 2 2 1 2 2 1 1 1 2 2 2 1 2 2 1 1 1 2 2 2 1 2 2 1 1 1 2 3 0 2 2 2 0 0 3 2 1 2 2 2 0 2 2 3 0 1 2 2 2 0 3 2 2 0 2 1 2 1 2 1 2 1 2 1 2 2 2 0 2 2 3 0 2 1 2 1 2 1 2 1 2 2 1 2 1 2 1 2 1 2
24244258 85 0 1 3 6 7 9 11 12 13 16 17 18 24 25 27 28 31 37 38 39 41 43 45 47 48 49 51 52 54 56 57 58 59 65 67 68 81 84 86 93 95 99 101 102 103 108 109 110 112 113 119 120 122 126 127 129 130 135 136 137 138 139 140 144 146 147 148 149 177 178 179 180 181 186 187 188 205 206 208 209 213 214 215 226 227 2 2 1 2 2 1 1 1 2 2 2 1 3 1 1 0 2 2 2 2 1 2 3 0 1 0 3 2 2 1 2 1 1 1 2 2 1 2 2 1 1 2 3 2 0 1 1 3 2 1 2 2 2 0 3 1 1 1 2 1 1 1 3 2 1 2 1 2 1 2 1 2 2 2 1 1 1 2 2 2 1 2 1 2 2 1 2 1 2 1
24521603 84 0 1 2 3 4 6 9 11 12 18 24 27 28 34 38 39 42 44 45 47 48 49 51 52 53 54 56 58 60 61 62 63 65 66 69 71 81 83 85 87 88 93 96 98 101 102 103 105 106 107 108 109 110 112 115 116 119 120 123 125 127 128 129 130 132 133 134 162 163 165 166 173 174 180 181 182 183 184 216 217 218 220 227 228 1 2 2 2 3 0 2 0 2 2 2 1 2 1 2 1 2 1 2 1 2 1 1 2 2 3 0 3 1 1 1 1 2 1 3 1 2 1 2 1 1 2 2 3 0 2 2 1 2 1 2 1 2 1 3 1 1 1 2 1 1 1 3 3 1 1 1 1 2 1 2 2 1 3 1 2 0 2 2 2 1 1 1 3 2 2 0 2 1 2
24521613 61 0 1 2 3 5 6 7 9 10 12 18 20 24 27 28 30 32 34 45 48 50 51 54 56 59 60 61 63 66 69 70 81 83 87 90 91 96 97 101 105 108 109 110 115 128 132 162 163 165 172 174 180 182 183 185 216 217 218 221 226 228 1 2 2 2 3 0 2 0 2 3 1 1 1 2 2 1 2 1 1 2 2 2 0 2 2 3 0 3 1 1 1 2 1 1 2 2 1 2 2 2 0 2 2 3 0 3 1 1 1 2 2 1 2 1 3 1 1 1 1 2 1 2 2 3 1 1 1 1 2 1 2 2 1 2 2 2 2 0 2 0 3 1 2 2 2 0 2 2 3 0
24522683 93 0 1 2 3 4 6 9 11 12 18 19 27 29 31 33 34 35 38 39 42 44 45 46 47 48 49 52 53 54 55 61 63 65 66 71 81 83 85 87 88 93 96 98 101 102 103 105 106 107 110 115 116 119 123 125 127 128 130 132 133 134 136 137 139 141 143 146 147 150 152 162 165 166 173 174 177 180 181 182 183 184 186 187 216 218 219 220 222 223 227 228 231 233 1 3 1 2 2 1 2 0 2 2 2 1 2 1 2 1 2 1 3 1 1 1 1 2 1 3 1 2 2 1 1 1 2 2 2 1 2 1 2 1 1 2 2 3 0 2 2 1 1 1 2 2 2 1 3 1 1 1 1 3 1 2 1 2 1 2 1 1 2 2 2 1 2 2 1 2 0 2 1 3 1 1 1 3 2 2 0 2 1 2
24524123 82 0 1 2 3 4 6 9 11 13 14 15 16 18 21 22 27 28 33 37 38 42 43 45 47 51 52 54 56 57 63 65 66 68 69 81 83 85 86 87 88 101 103 104 105 106 108 109 110 114 115 127 128 132 133 137 138 140 141 162 163 166 173 175 176 177 178 180 181 182 183 184 185 186 187 216 218 221 222 227 228 230 231 2 2 1 1 3 1 2 0 2 1 3 1 3 0 2 1 2 1 2 2 1 1 1 2 2 2 1 3 1 1 1 1 2 1 3 1 2 1 2 1 1 2 2 3 0 2 2 1 2 0 3 1 2 1 2 2 1 1 2 1 2 0 3 3 1 1 1 1 2 1 3 1 2 2 1 1 1 2 2 2 1 1 1 3 1 1 2 3 2 0
24538199 118 0 1 2 3 4 6 9 11 13 14 17 18 21 23 27 31 33 34 35 36 37 39 41 43 44 48 49 51 54 55 61 64 65 67 73 75 76 80 81 83 85 86 87 88 95 96 98 101 102 103 105 107 110 115 116 117 119 122 123 124 125 127 130 132 133 134 136 137 139 141 143 146 147 148 149 152 157 161 162 166 173 178 180 181 182 184 185 186 194 195 198 200 203 204 205 206 207 210 211 212 216 218 219 220 222 223 225 226 229 232 235 236 237 238 239 240 241 242 2 2 1 2 2 1 1 1 2 2 2 1 2 2 1 1 1 2 2 2 1 1 1 2 2 2 1 2 2 1 1 1 2 2 2 1 2 1 2 1 2 1 2 1 2 2 2 1 1 1 2 2 2 1 2 1 2 2 1 2 1 2 1 2 1 2 2 1 2 1 2 1 2 2 1 1 1 2 2 2 1 2 1 2 1 2 1 2 1 2
