ℹ [8575/8722] Replayed Proofs.Erdos85FinFivePermutationCodes
info: Proofs/Erdos85FinFivePermutationCodes.lean:40:0: 'Erdos85.finFivePermutationRank_code' depends on axioms: [propext, Classical.choice, Quot.sound]
info: Proofs/Erdos85FinFivePermutationCodes.lean:41:0: 'Erdos85.finFivePermutationCode_injective' depends on axioms: [propext, Classical.choice, Quot.sound]
info: Proofs/Erdos85FinFivePermutationCodes.lean:42:0: 'Erdos85.finFivePermutationCode_surjective' depends on axioms: [propext, Classical.choice, Quot.sound]
⚠ [8577/8722] Replayed Proofs.Erdos85Problem
warning: Proofs/Erdos85Problem.lean:1834:12: `Finset.filter_card_add_filter_neg_card_eq_card` has been deprecated: Use `Finset.card_filter_add_card_filter_not` instead
warning: Proofs/Erdos85Problem.lean:1904:12: `Finset.filter_card_add_filter_neg_card_eq_card` has been deprecated: Use `Finset.card_filter_add_card_filter_not` instead
warning: Proofs/Erdos85Problem.lean:2033:75: This simp argument is unused:
  true_and

Hint: Omit it from the simp argument list.
  simp only [Finset.mem_filter, Finset.mem_erase, Finset.mem_univ, t̵r̵u̵e̵_̵and_̲t̲r̲u̲e̲,
              a̵n̵d̵_̵t̵r̵u̵e̵,̵ ̵SimpleGraph.mem_neighborFinset]

Note: This linter can be disabled with `set_option linter.unusedSimpArgs false`
warning: Proofs/Erdos85Problem.lean:2474:8: automatically included section variable(s) unused in theorem `Erdos85.surgery_adj_some_some`:
  [Fintype V]
  [DecidableEq V]
consider restructuring your `variable` declarations so that the variables are not in scope or explicitly omit them:
  omit [Fintype V] [DecidableEq V] in theorem ...

Note: This linter can be disabled with `set_option linter.unusedSectionVars false`
warning: Proofs/Erdos85Problem.lean:2478:8: automatically included section variable(s) unused in theorem `Erdos85.surgery_adj_some_none`:
  [Fintype V]
  [DecidableEq V]
consider restructuring your `variable` declarations so that the variables are not in scope or explicitly omit them:
  omit [Fintype V] [DecidableEq V] in theorem ...

Note: This linter can be disabled with `set_option linter.unusedSectionVars false`
warning: Proofs/Erdos85Problem.lean:2481:8: automatically included section variable(s) unused in theorem `Erdos85.surgery_adj_none_some`:
  [Fintype V]
  [DecidableEq V]
consider restructuring your `variable` declarations so that the variables are not in scope or explicitly omit them:
  omit [Fintype V] [DecidableEq V] in theorem ...

Note: This linter can be disabled with `set_option linter.unusedSectionVars false`
warning: Proofs/Erdos85Problem.lean:2484:8: automatically included section variable(s) unused in theorem `Erdos85.surgery_adj_none_none`:
  [Fintype V]
  [DecidableEq V]
consider restructuring your `variable` declarations so that the variables are not in scope or explicitly omit them:
  omit [Fintype V] [DecidableEq V] in theorem ...

Note: This linter can be disabled with `set_option linter.unusedSectionVars false`
⚠ [8579/8722] Replayed Proofs.Erdos85ConflictRegular
warning: Proofs/Erdos85ConflictRegular.lean:85:4: try 'simp' instead of 'simpa'

Note: This linter can be disabled with `set_option linter.unnecessarySimpa false`
warning: Proofs/Erdos85ConflictRegular.lean:108:12: This simp argument is unused:
  nsmul_eq_mul

Hint: Omit it from the simp argument list.
  simp ̵[̵n̵s̵m̵u̵l̵_̵e̵q̵_̵m̵u̵l̵]̵

Note: This linter can be disabled with `set_option linter.unusedSimpArgs false`
⚠ [8585/8722] Replayed Proofs.Erdos85DeletePair
warning: Proofs/Erdos85DeletePair.lean:28:19: This simp argument is unused:
  if_neg

Hint: Omit it from the simp argument list.
  simp only [hx, i̵f̵_̵n̵e̵g̵,̵ ̵Nat.add_zero]

Note: This linter can be disabled with `set_option linter.unusedSimpArgs false`
warning: Proofs/Erdos85DeletePair.lean:28:27: This simp argument is unused:
  Nat.add_zero

Hint: Omit it from the simp argument list.
  simp only [hx, if_neg,̵ ̵N̵a̵t̵.̵a̵d̵d̵_̵z̵e̵r̵o̵]

Note: This linter can be disabled with `set_option linter.unusedSimpArgs false`
warning: Proofs/Erdos85DeletePair.lean:57:10: This simp argument is unused:
  T

Hint: Omit it from the simp argument list.
  simp [T̵,̵ ̵SimpleGraph.card_neighborFinset_eq_degree]

Note: This linter can be disabled with `set_option linter.unusedSimpArgs false`
warning: Proofs/Erdos85DeletePair.lean:58:19: This simp argument is unused:
  if_neg

Hint: Omit it from the simp argument list.
  simp only [hx, i̵f̵_̵n̵e̵g̵,̵ ̵Nat.sub_zero]

Note: This linter can be disabled with `set_option linter.unusedSimpArgs false`
warning: Proofs/Erdos85DeletePair.lean:58:27: This simp argument is unused:
  Nat.sub_zero

Hint: Omit it from the simp argument list.
  simp only [hx, if_neg,̵ ̵N̵a̵t̵.̵s̵u̵b̵_̵z̵e̵r̵o̵]

Note: This linter can be disabled with `set_option linter.unusedSimpArgs false`
warning: Proofs/Erdos85DeletePair.lean:61:10: This simp argument is unused:
  T

Hint: Omit it from the simp argument list.
  simp [T̵,̵ ̵SimpleGraph.card_neighborFinset_eq_degree]

Note: This linter can be disabled with `set_option linter.unusedSimpArgs false`
⚠ [8586/8722] Replayed Proofs.Erdos85RepairSet
warning: Proofs/Erdos85RepairSet.lean:259:23: Used `tac1 <;> tac2` where `(tac1; tac2)` would suffice

Note: This linter can be disabled with `set_option linter.unnecessarySeqFocus false`
⚠ [8588/8722] Replayed Proofs.FriendshipTheoremOQ01
warning: Proofs/FriendshipTheoremOQ01.lean:152:19: Variable name `huw` is not explicitly referenced.

The binding can be removed (if unused) or named `_` (if used implicitly).

Note: This linter can be disabled with `set_option linter.unusedVariables false`
warning: Proofs/FriendshipTheoremOQ01.lean:152:33: Variable name `hvw` is not explicitly referenced.

The binding can be removed (if unused) or named `_` (if used implicitly).

Note: This linter can be disabled with `set_option linter.unusedVariables false`
warning: Proofs/FriendshipTheoremOQ01.lean:153:5: Variable name `hadj_uv` is not explicitly referenced.

The binding can be removed (if unused) or named `_` (if used implicitly).

Note: This linter can be disabled with `set_option linter.unusedVariables false`
warning: Proofs/FriendshipTheoremOQ01.lean:315:19: `push_neg` has been deprecated. Prefer using `push Not` instead.
If you'd rather continue using `push_neg` in your project, you can implement it as follows:
```
open Lean.Parser.Tactic in
macro "push_neg" cfg:optConfig loc:(location)? : tactic =>
  `(tactic| push $cfg:optConfig Not $[$loc]?)
```
warning: Proofs/FriendshipTheoremOQ01.lean:317:21: `push_neg` has been deprecated. Prefer using `push Not` instead.
If you'd rather continue using `push_neg` in your project, you can implement it as follows:
```
open Lean.Parser.Tactic in
macro "push_neg" cfg:optConfig loc:(location)? : tactic =>
  `(tactic| push $cfg:optConfig Not $[$loc]?)
```
warning: Proofs/FriendshipTheoremOQ01.lean:313:47: 'push_cast at hc ⊢' tactic does nothing

Note: This linter can be disabled with `set_option linter.unusedTactic false`
warning: Proofs/FriendshipTheoremOQ01.lean:404:37: This simp argument is unused:
  G.loopless.irrefl v

Hint: Omit it from the simp argument list.
  simp [SimpleGraph.adjMatrix_apply,̵ ̵G̵.̵l̵o̵o̵p̵l̵e̵s̵s̵.̵i̵r̵r̵e̵f̵l̵ ̵v̵]

Note: This linter can be disabled with `set_option linter.unusedSimpArgs false`
warning: Proofs/FriendshipTheoremOQ01.lean:414:64: This simp argument is unused:
  SimpleGraph.loopless

Hint: Omit it from the simp argument list.
  simp [Matrix.trace, Matrix.diag, SimpleGraph.adjMatrix_apply,̵ ̵S̵i̵m̵p̵l̵e̵G̵r̵a̵p̵h̵.̵l̵o̵o̵p̵l̵e̵s̵s̵]

Note: This linter can be disabled with `set_option linter.unusedSimpArgs false`
info: Proofs/FriendshipTheoremOQ01.lean:481:0: FriendshipTheoremOQ01.ucn.{u_1} {V : Type u_1} (G : SimpleGraph V) (hF : IsFriendshipGraph G) (u v : V) (huv : u ≠ v) :
  V
info: Proofs/FriendshipTheoremOQ01.lean:482:0: FriendshipTheoremOQ01.ucn_ne_left.{u_1} {V : Type u_1} [Fintype V] [DecidableEq V] (G : SimpleGraph V)
  [DecidableRel G.Adj] (hF : IsFriendshipGraph G) (u v : V) (huv : u ≠ v) : ucn G hF u v huv ≠ u
info: Proofs/FriendshipTheoremOQ01.lean:483:0: FriendshipTheoremOQ01.friendship_separation.{u_1} {V : Type u_1} [Fintype V] [DecidableEq V] (G : SimpleGraph V)
  [DecidableRel G.Adj] (hF : IsFriendshipGraph G) (u v x : V) (hxv : x ≠ v) (hadj_uv : G.Adj u v)
  (hadj_ux : G.Adj u x) : ucn G hF x v hxv = u
info: Proofs/FriendshipTheoremOQ01.lean:484:0: FriendshipTheoremOQ01.ucn_involutive.{u_1} {V : Type u_1} [Fintype V] [DecidableEq V] (G : SimpleGraph V)
  [DecidableRel G.Adj] (hF : IsFriendshipGraph G) (u v : V) (huv : u ≠ v) (hadj : G.Adj u v) :
  ucn G hF u (ucn G hF u v huv) ⋯ = v
info: Proofs/FriendshipTheoremOQ01.lean:485:0: FriendshipTheoremOQ01.ucn_unique_in_neighborhood.{u_1} {V : Type u_1} [Fintype V] [DecidableEq V] (G : SimpleGraph V)
  [DecidableRel G.Adj] (hF : IsFriendshipGraph G) (u v w : V) (huv : u ≠ v) (huw : u ≠ w) (hvw : v ≠ w)
  (hadj_uv : G.Adj u v) (hadj_uw : G.Adj u w) (hadj_vw : G.Adj v w) : w = ucn G hF u v huv
info: Proofs/FriendshipTheoremOQ01.lean:486:0: FriendshipTheoremOQ01.common_neighbor_finset_card.{u_1} {V : Type u_1} [Fintype V] [DecidableEq V] (G : SimpleGraph V)
  [DecidableRel G.Adj] (hF : IsFriendshipGraph G) (u v : V) (huv : u ≠ v) :
  #(G.neighborFinset u ∩ G.neighborFinset v) = 1
info: Proofs/FriendshipTheoremOQ01.lean:487:0: FriendshipTheoremOQ01.counting_identity.{u_1} {V : Type u_1} [Fintype V] [DecidableEq V] (G : SimpleGraph V)
  [DecidableRel G.Adj] (hF : IsFriendshipGraph G) (u : V) :
  #(univ.erase u) = ∑ v ∈ G.neighborFinset u, #((G.neighborFinset v).erase u)
info: Proofs/FriendshipTheoremOQ01.lean:488:0: FriendshipTheoremOQ01.regular_friendship_card.{u_1} {V : Type u_1} [Fintype V] [DecidableEq V] (G : SimpleGraph V)
  [DecidableRel G.Adj] (hF : IsFriendshipGraph G) (u : V) (k : ℕ) (hreg : ∀ (v : V), G.degree v = k) (hk : k ≥ 1) :
  Fintype.card V = k * (k - 1) + 1
info: Proofs/FriendshipTheoremOQ01.lean:489:0: FriendshipTheoremOQ01.dvd_sq_add_one_imp_one (s : ℕ) (hs : s ≥ 1) (h : s ∣ s * s + 1) : s = 1
warning: Proofs/FriendshipTheoremOQ01.lean:552:28: Variable name `hF` is not explicitly referenced.

The binding can be removed (if unused) or named `_` (if used implicitly).

Note: This linter can be disabled with `set_option linter.unusedVariables false`
warning: Proofs/FriendshipTheoremOQ01.lean:593:17: `push_neg` has been deprecated. Prefer using `push Not` instead.
If you'd rather continue using `push_neg` in your project, you can implement it as follows:
```
open Lean.Parser.Tactic in
macro "push_neg" cfg:optConfig loc:(location)? : tactic =>
  `(tactic| push $cfg:optConfig Not $[$loc]?)
```
warning: Proofs/FriendshipTheoremOQ01.lean:604:30: Variable name `hF` is not explicitly referenced.

The binding can be removed (if unused) or named `_` (if used implicitly).

Note: This linter can be disabled with `set_option linter.unusedVariables false`
warning: Proofs/FriendshipTheoremOQ01.lean:624:60: Variable name `hn` is not explicitly referenced.

The binding can be removed (if unused) or named `_` (if used implicitly).

Note: This linter can be disabled with `set_option linter.unusedVariables false`
warning: Proofs/FriendshipTheoremOQ01.lean:655:60: Variable name `hk` is not explicitly referenced.

The binding can be removed (if unused) or named `_` (if used implicitly).

Note: This linter can be disabled with `set_option linter.unusedVariables false`
warning: Proofs/FriendshipTheoremOQ01.lean:688:8: This simp argument is unused:
  smul_eq_mul

Hint: Omit it from the simp argument list.
  simp ̵[̵s̵m̵u̵l̵_̵e̵q̵_̵m̵u̵l̵]̵

Note: This linter can be disabled with `set_option linter.unusedSimpArgs false`
warning: Proofs/FriendshipTheoremOQ01.lean:828:17: `push_neg` has been deprecated. Prefer using `push Not` instead.
If you'd rather continue using `push_neg` in your project, you can implement it as follows:
```
open Lean.Parser.Tactic in
macro "push_neg" cfg:optConfig loc:(location)? : tactic =>
  `(tactic| push $cfg:optConfig Not $[$loc]?)
```
warning: Proofs/FriendshipTheoremOQ01.lean:821:18: This simp argument is unused:
  Matrix.smul_mulVec

Hint: Omit it from the simp argument list.
  simp [Matrix.s̵m̵u̵l̵_̵m̵u̵l̵V̵e̵c̵,̵ ̵M̵a̵t̵r̵i̵x̵.̵one_mulVec]

Note: This linter can be disabled with `set_option linter.unusedSimpArgs false`
warning: Proofs/FriendshipTheoremOQ01.lean:821:38: This simp argument is unused:
  Matrix.one_mulVec

Hint: Omit it from the simp argument list.
  simp [Matrix.smul_mulVec,̵ ̵M̵a̵t̵r̵i̵x̵.̵o̵n̵e̵_̵m̵u̵l̵V̵e̵c̵]

Note: This linter can be disabled with `set_option linter.unusedSimpArgs false`
warning: Proofs/FriendshipTheoremOQ01.lean:848:50: This simp argument is unused:
  smul_eq_mul

Hint: Omit it from the simp argument list.
  simp only [Matrix.sub_mulVec, Matrix.smul_mulVec, Matrix.one_mulVec, Pi.sub_apply,
  ̲  ̲ ̲ ̲ ̲ ̲Pi.smul_apply, P̵i̵.̵z̵e̵r̵o̵_̵a̵p̵p̵l̵y̵,̵ ̵s̵m̵u̵l̵_̵e̵q̵_̵m̵u̵l̵]̵P̲i̲.̲z̲e̲r̲o̲_̲a̲p̲p̲l̲y̲]̲

Note: This linter can be disabled with `set_option linter.unusedSimpArgs false`
warning: Proofs/FriendshipTheoremOQ01.lean:879:43: This simp argument is unused:
  Polynomial.eval_sub

Hint: Omit it from the simp argument list.
  simp_all [Matrix.diagonal, P̵o̵l̵y̵n̵o̵m̵i̵a̵l̵.̵e̵v̵a̵l̵_̵s̵u̵b̵,̵ ̵Polynomial.eval_one, Polynomial.eval_zero]

Note: This linter can be disabled with `set_option linter.unusedSimpArgs false`
warning: Proofs/FriendshipTheoremOQ01.lean:984:17: `push_neg` has been deprecated. Prefer using `push Not` instead.
If you'd rather continue using `push_neg` in your project, you can implement it as follows:
```
open Lean.Parser.Tactic in
macro "push_neg" cfg:optConfig loc:(location)? : tactic =>
  `(tactic| push $cfg:optConfig Not $[$loc]?)
```
warning: Proofs/FriendshipTheoremOQ01.lean:978:16: This simp argument is unused:
  Matrix.smul_mulVec

Hint: Omit it from the simp argument list.
  simp [Matrix.s̵m̵u̵l̵_̵m̵u̵l̵V̵e̵c̵,̵ ̵M̵a̵t̵r̵i̵x̵.̵one_mulVec]

Note: This linter can be disabled with `set_option linter.unusedSimpArgs false`
warning: Proofs/FriendshipTheoremOQ01.lean:978:36: This simp argument is unused:
  Matrix.one_mulVec

Hint: Omit it from the simp argument list.
  simp [Matrix.smul_mulVec,̵ ̵M̵a̵t̵r̵i̵x̵.̵o̵n̵e̵_̵m̵u̵l̵V̵e̵c̵]

Note: This linter can be disabled with `set_option linter.unusedSimpArgs false`
warning: Proofs/FriendshipTheoremOQ01.lean:1004:33: Variable name `hF` is not explicitly referenced.

The binding can be removed (if unused) or named `_` (if used implicitly).

Note: This linter can be disabled with `set_option linter.unusedVariables false`
warning: Proofs/FriendshipTheoremOQ01.lean:1004:68: Variable name `hk` is not explicitly referenced.

The binding can be removed (if unused) or named `_` (if used implicitly).

Note: This linter can be disabled with `set_option linter.unusedVariables false`
warning: Proofs/FriendshipTheoremOQ01.lean:1053:57: This simp argument is unused:
  mul_one

Hint: Omit it from the simp argument list.
  simp only [Matrix.sub_apply, Matrix.one_apply_eq, B, A, Matrix.mul_apply, Matrix.of_apply,
  ̲  ̲ ̲ ̲Finset.sum_const, F̵i̵n̵s̵e̵t̵.̵c̵a̵r̵d̵_̵u̵n̵i̵v̵,̵ ̵m̵u̵l̵_̵o̵n̵e̵]̵F̲i̲n̲s̲e̲t̲.̲c̲a̲r̲d̲_̲u̲n̲i̲v̲]̲

Note: This linter can be disabled with `set_option linter.unusedSimpArgs false`
warning: Proofs/FriendshipTheoremOQ01.lean:1070:22: This simp argument is unused:
  mul_one

Hint: Omit it from the simp argument list.
  simp only [Matrix.det_fin_one, Matrix.sub_apply, Matrix.one_apply_eq, B, A, Matrix.mul_apply,
  ̲  ̲ ̲ ̲Matrix.of_apply, Finset.sum_const, Finset.card_univ, m̵u̵l̵_̵o̵n̵e̵,̵ ̵hA_def, hB_def]

Note: This linter can be disabled with `set_option linter.unusedSimpArgs false`
warning: Proofs/FriendshipTheoremOQ01.lean:1070:31: This simp argument is unused:
  hA_def

Hint: Omit it from the simp argument list.
  simp only [Matrix.det_fin_one, Matrix.sub_apply, Matrix.one_apply_eq, B, A, Matrix.mul_apply,
  ̲  ̲ ̲ ̲Matrix.of_apply, Finset.sum_const, Finset.card_univ, mul_one, h̵A̵_̵d̵e̵f̵,̵ ̵hB_def]

Note: This linter can be disabled with `set_option linter.unusedSimpArgs false`
warning: Proofs/FriendshipTheoremOQ01.lean:1070:39: This simp argument is unused:
  hB_def

Hint: Omit it from the simp argument list.
  simp only [Matrix.det_fin_one, Matrix.sub_apply, Matrix.one_apply_eq,
  ̵  ̵ ̵ ̵B, A, Matrix.mul_apply,
  ̲  ̲ ̲ ̲Matrix.of_apply, Finset.sum_const,
  ̵  ̵ ̵ ̵Finset.card_univ, mul_one, hA_def,̵ ̵h̵B̵_̵d̵e̵f̵]

Note: This linter can be disabled with `set_option linter.unusedSimpArgs false`
warning: Proofs/FriendshipTheoremOQ01.lean:1071:2: 'push_cast' tactic does nothing

Note: This linter can be disabled with `set_option linter.unusedTactic false`
warning: Proofs/FriendshipTheoremOQ01.lean:1078:17: `push_neg` has been deprecated. Prefer using `push Not` instead.
If you'd rather continue using `push_neg` in your project, you can implement it as follows:
```
open Lean.Parser.Tactic in
macro "push_neg" cfg:optConfig loc:(location)? : tactic =>
  `(tactic| push $cfg:optConfig Not $[$loc]?)
```
warning: Proofs/FriendshipTheoremOQ01.lean:1088:17: `push_neg` has been deprecated. Prefer using `push Not` instead.
If you'd rather continue using `push_neg` in your project, you can implement it as follows:
```
open Lean.Parser.Tactic in
macro "push_neg" cfg:optConfig loc:(location)? : tactic =>
  `(tactic| push $cfg:optConfig Not $[$loc]?)
```
warning: Proofs/FriendshipTheoremOQ01.lean:1107:46: This simp argument is unused:
  zero_pow

Hint: Omit it from the simp argument list.
  simp only [zero_smul, zero_sub, z̵e̵r̵o̵_̵p̵o̵w̵,̵ ̵Int.cast_zero]

Note: This linter can be disabled with `set_option linter.unusedSimpArgs false`
warning: Proofs/FriendshipTheoremOQ01.lean:1107:56: This simp argument is unused:
  Int.cast_zero

Hint: Omit it from the simp argument list.
  simp only [zero_smul, zero_sub, zero_pow,̵ ̵I̵n̵t̵.̵c̵a̵s̵t̵_̵z̵e̵r̵o̵]

Note: This linter can be disabled with `set_option linter.unusedSimpArgs false`
warning: Proofs/FriendshipTheoremOQ01.lean:1130:47: This simp argument is unused:
  map_mul

Hint: Omit it from the simp argument list.
  simp only [hM_def, RingHom.mapMatrix_apply, Matrix.map_apply, Matrix.sub_apply,
  ̲  ̲ ̲ ̲ ̲ ̲ ̲ ̲Matrix.smul_apply, Matrix.one_apply, onesMatrix, Matrix.of_apply, smul_eq_mul, map_sub,
  ̲  ̲ ̲ ̲ ̲ ̲ ̲ ̲m̵a̵p̵_̵m̵u̵l̵,̵ ̵Int.coe_castRingHom]

Note: This linter can be disabled with `set_option linter.unusedSimpArgs false`
warning: Proofs/FriendshipTheoremOQ01.lean:1165:6: This simp argument is unused:
  Polynomial.eval_sub

Hint: Omit it from the simp argument list.
  simp only [RingHom.mapMatrix_apply, Matrix.map_apply, Matrix.charmatrix_apply, Matrix.sub_apply,
  ̲  ̲ ̲ ̲ ̲ ̲Matrix.diagonal_apply, P̵o̵l̵y̵n̵o̵m̵i̵a̵l̵.̵e̵v̵a̵l̵_̵s̵u̵b̵,̵ ̵Polynomial.eval_X, Polynomial.eval_C, onesMatrix, Matrix.of_apply,
  ̲  ̲ ̲ ̲ ̲ ̲Matrix.smul_apply, Matrix.one_apply, smul_eq_mul]

Note: This linter can be disabled with `set_option linter.unusedSimpArgs false`
warning: Proofs/FriendshipTheoremOQ01.lean:1165:27: This simp argument is unused:
  Polynomial.eval_X

Hint: Omit it from the simp argument list.
  simp only [RingHom.mapMatrix_apply, Matrix.map_apply, Matrix.charmatrix_apply, Matrix.sub_apply,
  ̲  ̲ ̲ ̲ ̲ ̲Matrix.diagonal_apply, Polynomial.eval_sub, P̵o̵l̵y̵n̵o̵m̵i̵a̵l̵.̵e̵v̵a̵l̵_̵X̵,̵ ̵Polynomial.eval_C, onesMatrix, Matrix.of_apply,
  ̲  ̲ ̲ ̲ ̲ ̲Matrix.smul_apply, Matrix.one_apply, smul_eq_mul]

Note: This linter can be disabled with `set_option linter.unusedSimpArgs false`
warning: Proofs/FriendshipTheoremOQ01.lean:1165:46: This simp argument is unused:
  Polynomial.eval_C

Hint: Omit it from the simp argument list.
  simp only [RingHom.mapMatrix_apply, Matrix.map_apply,
  ̵  ̵ ̵ ̵ ̵ ̵Matrix.charmatrix_apply, Matrix.sub_apply,
  ̲  ̲ ̲ ̲ ̲ ̲Matrix.diagonal_apply,
  ̵  ̵ ̵ ̵ ̵ ̵Polynomial.eval_sub, Polynomial.eval_X, P̵ol̵y̵no̵m̵i̵a̵l̵.̵ev̵a̵l̵_̵C̵,̵
  ̵ ̵ ̵ ̵ ̵ ̵ ̵o̵n̵e̵sMatrix, Matrix.of_apply,
  ̲  ̲ ̲ ̲ ̲ ̲Matrix.smul_apply, Matrix.one_apply, smul_eq_mul]

Note: This linter can be disabled with `set_option linter.unusedSimpArgs false`
warning: Proofs/FriendshipTheoremOQ01.lean:1173:25: This simp argument is unused:
  Polynomial.eval_C

Hint: Omit it from the simp argument list.
  simp [Polynomial.eval_mul, Polynomial.eval_pow, Polynomial.eval_sub, P̵o̵l̵y̵n̵o̵m̵i̵a̵l̵.̵e̵v̵a̵l̵_̵X̵,̵ ̵P̵o̵l̵y̵n̵o̵m̵i̵a̵l̵.̵e̵v̵a̵l̵_̵C̵]̵P̲o̲l̲y̲n̲o̲m̲i̲a̲l̲.̲e̲v̲a̲l̲_̲X̲]̲

Note: This linter can be disabled with `set_option linter.unusedSimpArgs false`
warning: Proofs/FriendshipTheoremOQ01.lean:1191:46: This simp argument is unused:
  zero_pow

Hint: Omit it from the simp argument list.
  simp only [zero_smul, zero_sub, z̵e̵r̵o̵_̵p̵o̵w̵,̵ ̵Int.cast_zero]

Note: This linter can be disabled with `set_option linter.unusedSimpArgs false`
warning: Proofs/FriendshipTheoremOQ01.lean:1191:56: This simp argument is unused:
  Int.cast_zero

Hint: Omit it from the simp argument list.
  simp only [zero_smul, zero_sub, zero_pow,̵ ̵I̵n̵t̵.̵c̵a̵s̵t̵_̵z̵e̵r̵o̵]

Note: This linter can be disabled with `set_option linter.unusedSimpArgs false`
warning: Proofs/FriendshipTheoremOQ01.lean:1220:47: This simp argument is unused:
  map_mul

Hint: Omit it from the simp argument list.
  simp only [hM_def, RingHom.mapMatrix_apply, Matrix.map_apply, Matrix.sub_apply,
  ̲  ̲ ̲ ̲ ̲ ̲ ̲ ̲Matrix.smul_apply, Matrix.one_apply, onesMatrix, Matrix.of_apply, smul_eq_mul, map_sub,
  ̲  ̲ ̲ ̲ ̲ ̲ ̲ ̲m̵a̵p̵_̵m̵u̵l̵,̵ ̵Int.coe_castRingHom]

Note: This linter can be disabled with `set_option linter.unusedSimpArgs false`
warning: Proofs/FriendshipTheoremOQ01.lean:1322:21: This simp argument is unused:
  Matrix.smul_apply

Hint: Omit it from the simp argument list.
  simp [̵M̵a̵t̵r̵i̵x̵.̵s̵m̵u̵l̵_̵a̵p̵p̵l̵y̵,̵ ̵M̵a̵t̵r̵i̵x̵.̵s̵u̵b̵_̵a̵p̵p̵l̵y̵,̵[̲M̲a̲t̲r̲i̲x̲.̲s̲u̲b̲_̲a̲p̲p̲l̲y̲,̲ Matrix.add_apply, Matrix.neg_apply, Matrix.one_apply,
  ̲  ̲ ̲ ̲ ̲ ̲ ̲ ̲smul_eq_mul]

Note: This linter can be disabled with `set_option linter.unusedSimpArgs false`
warning: Proofs/FriendshipTheoremOQ01.lean:1323:26: This simp argument is unused:
  Matrix.one_apply

Hint: Omit it from the simp argument list.
  simp [Matrix.smul_apply, Matrix.sub_apply, Matrix.add_apply, Matrix.neg_apply,
  ̲  ̲ ̲ ̲ ̲ ̲ ̲ ̲M̵a̵t̵r̵i̵x̵.̵o̵n̵e̵_̵a̵p̵p̵l̵y̵,̵ ̵smul_eq_mul]

Note: This linter can be disabled with `set_option linter.unusedSimpArgs false`
warning: Proofs/FriendshipTheoremOQ01.lean:1323:44: This simp argument is unused:
  smul_eq_mul

Hint: Omit it from the simp argument list.
  simp [Matrix.smul_apply, Matrix.sub_apply, Matrix.add_apply, Matrix.neg_apply,
  ̲  ̲ ̲ ̲ ̲ ̲ ̲ ̲M̵a̵t̵r̵i̵x̵.̵o̵n̵e̵_̵a̵p̵p̵l̵y̵,̵ ̵s̵m̵u̵l̵_̵e̵q̵_̵m̵u̵l̵]̵M̲a̲t̲r̲i̲x̲.̲o̲n̲e̲_̲a̲p̲p̲l̲y̲]̲

Note: This linter can be disabled with `set_option linter.unusedSimpArgs false`
warning: Proofs/FriendshipTheoremOQ01.lean:1332:32: This simp argument is unused:
  Matrix.smul_apply

Hint: Omit it from the simp argument list.
  simp [̵M̵a̵t̵r̵i̵x̵.̵s̵m̵u̵l̵_̵a̵p̵p̵l̵y̵,̵ ̵M̵a̵t̵r̵i̵x̵.̵s̵u̵b̵_̵a̵p̵p̵l̵y̵,̵[̲M̲a̲t̲r̲i̲x̲.̲s̲u̲b̲_̲a̲p̲p̲l̲y̲,̲ Matrix.add_apply, Matrix.one_apply, onesMatrix,
  ̲  ̲ ̲ ̲ ̲ ̲ ̲ ̲Matrix.of_apply, smul_eq_mul]

Note: This linter can be disabled with `set_option linter.unusedSimpArgs false`
warning: Proofs/FriendshipTheoremOQ01.lean:1333:55: This simp argument is unused:
  smul_eq_mul

Hint: Omit it from the simp argument list.
  simp [Matrix.smul_apply, Matrix.sub_apply, Matrix.add_apply,
          Matrix.one_apply, onesMatrix, Matrix.of_apply,̵ ̵s̵m̵u̵l̵_̵e̵q̵_̵m̵u̵l̵]

Note: This linter can be disabled with `set_option linter.unusedSimpArgs false`
warning: Proofs/FriendshipTheoremOQ01.lean:1370:38: This simp argument is unused:
  ite_false

Hint: Omit it from the simp argument list.
  simp only [Polynomial.coeff_sub, Polynomial.coeff_X_pow, Polynomial.coeff_C,
        Polynomial.coeff_zero, if_true,̵ ̵i̵t̵e̵_̵f̵a̵l̵s̵e̵] at this

Note: This linter can be disabled with `set_option linter.unusedSimpArgs false`
warning: Proofs/FriendshipTheoremOQ01.lean:1458:48: Variable name `hd` is not explicitly referenced.

The binding can be removed (if unused) or named `_` (if used implicitly).

Note: This linter can be disabled with `set_option linter.unusedVariables false`
warning: Proofs/FriendshipTheoremOQ01.lean:1479:52: This simp argument is unused:
  degree_X_pow

Hint: Omit it from the simp argument list.
  simp ̵[̵d̵e̵g̵r̵e̵e̵_̵X̵_̵p̵o̵w̵]̵

Note: This linter can be disabled with `set_option linter.unusedSimpArgs false`
warning: Proofs/FriendshipTheoremOQ01.lean:1483:12: This simp argument is unused:
  natDegree_C

Hint: Omit it from the simp argument list.
  simp [natDegree_C̵,̵ ̵n̵a̵t̵D̵e̵g̵r̵e̵e̵_̵X_pow]

Note: This linter can be disabled with `set_option linter.unusedSimpArgs false`
warning: Proofs/FriendshipTheoremOQ01.lean:1483:25: This simp argument is unused:
  natDegree_X_pow

Hint: Omit it from the simp argument list.
  simp [natDegree_C,̵ ̵n̵a̵t̵D̵e̵g̵r̵e̵e̵_̵X̵_̵p̵o̵w̵]

Note: This linter can be disabled with `set_option linter.unusedSimpArgs false`
warning: Proofs/FriendshipTheoremOQ01.lean:1530:44: This simp argument is unused:
  Finset.sum_range_one

Hint: Omit it from the simp argument list.
  simp only [Finset.sum_range_succ, F̵i̵n̵s̵e̵t̵.̵s̵u̵m̵_̵r̵a̵n̵g̵e̵_̵o̵n̵e̵,̵
  ̵ ̵ ̵ ̵ ̵ ̵ ̵ ̵ ̵ ̵ ̵ ̵ ̵pow_zero, mul_one, pow_one]

Note: This linter can be disabled with `set_option linter.unusedSimpArgs false`
warning: Proofs/FriendshipTheoremOQ01.lean:1552:2: 'change f = p ^ ((k + k) / 2)' tactic does nothing

Note: This linter can be disabled with `set_option linter.unusedTactic false`
warning: Proofs/FriendshipTheoremOQ01.lean:1634:2: `push_neg` has been deprecated. Prefer using `push Not` instead.
If you'd rather continue using `push_neg` in your project, you can implement it as follows:
```
open Lean.Parser.Tactic in
macro "push_neg" cfg:optConfig loc:(location)? : tactic =>
  `(tactic| push $cfg:optConfig Not $[$loc]?)
```
warning: Proofs/FriendshipTheoremOQ01.lean:1697:52: This simp argument is unused:
  degree_X_pow

Hint: Omit it from the simp argument list.
  simp ̵[̵d̵e̵g̵r̵e̵e̵_̵X̵_̵p̵o̵w̵]̵

Note: This linter can be disabled with `set_option linter.unusedSimpArgs false`
warning: Proofs/FriendshipTheoremOQ01.lean:1702:6: This simp argument is unused:
  Polynomial.C_comp

Hint: Omit it from the simp argument list.
  simp [Polynomial.sub_comp, Polynomial.pow_comp, Polynomial.X_comp, P̵o̵l̵y̵n̵o̵m̵i̵a̵l̵.̵C̵_̵c̵o̵m̵p̵,̵ ̵neg_sq]

Note: This linter can be disabled with `set_option linter.unusedSimpArgs false`
warning: Proofs/FriendshipTheoremOQ01.lean:1702:25: This simp argument is unused:
  neg_sq

Hint: Omit it from the simp argument list.
  simp [Polynomial.sub_comp, Polynomial.pow_comp, Polynomial.X_comp,
  ̵  ̵ ̵ ̵ ̵ ̵Polynomial.C_comp,̵ ̵n̵e̵g̵_̵s̵q̵]

Note: This linter can be disabled with `set_option linter.unusedSimpArgs false`
warning: Proofs/FriendshipTheoremOQ01.lean:1768:17: `push_neg` has been deprecated. Prefer using `push Not` instead.
If you'd rather continue using `push_neg` in your project, you can implement it as follows:
```
open Lean.Parser.Tactic in
macro "push_neg" cfg:optConfig loc:(location)? : tactic =>
  `(tactic| push $cfg:optConfig Not $[$loc]?)
```
warning: Proofs/FriendshipTheoremOQ01.lean:1837:17: `push_neg` has been deprecated. Prefer using `push Not` instead.
If you'd rather continue using `push_neg` in your project, you can implement it as follows:
```
open Lean.Parser.Tactic in
macro "push_neg" cfg:optConfig loc:(location)? : tactic =>
  `(tactic| push $cfg:optConfig Not $[$loc]?)
```
warning: Proofs/FriendshipTheoremOQ01.lean:1947:23: This simp argument is unused:
  smul_eq_mul

Hint: Omit it from the simp argument list.
  simp only [Matrix.mul_apply, onesMatrix, Matrix.of_apply, one_mul,
  ̵  ̵ ̵ ̵Matrix.smul_apply, s̵mul_o̲n̲eq̵_̵m̵u̵l̵,
  ̲ m̵u̵l̵_̵o̵n̵e̵,̵  ̲ ̲SimpleGraph.adjMatrix_apply]

Note: This linter can be disabled with `set_option linter.unusedSimpArgs false`
warning: Proofs/FriendshipTheoremOQ01.lean:1947:36: This simp argument is unused:
  mul_one

Hint: Omit it from the simp argument list.
  simp only [Matrix.mul_apply, onesMatrix, Matrix.of_apply, one_mul,
  ̵  ̵ ̵ ̵Matrix.smul_apply, smul_eq_mul,
  ̲ m̵u̵l̵_̵o̵n̵e̵,̵  ̲ ̲SimpleGraph.adjMatrix_apply]

Note: This linter can be disabled with `set_option linter.unusedSimpArgs false`
warning: Proofs/FriendshipTheoremOQ01.lean:2007:22: This simp argument is unused:
  Finset.filter_congr_decidable

Hint: Omit it from the simp argument list.
  simp [SimpleGraph.adjMatrix_apply, SimpleGraph.degree, SimpleGraph.neighborFinset,
      Finset.sum_boole,̵ ̵F̵i̵n̵s̵e̵t̵.̵f̵i̵l̵t̵e̵r̵_̵c̵o̵n̵g̵r̵_̵d̵e̵c̵i̵d̵a̵b̵l̵e̵]

Note: This linter can be disabled with `set_option linter.unusedSimpArgs false`
warning: Proofs/FriendshipTheoremOQ01.lean:2018:60: Variable name `hij` is not explicitly referenced.

The binding can be removed (if unused) or named `_` (if used implicitly).

Note: This linter can be disabled with `set_option linter.unusedVariables false`
warning: Proofs/FriendshipTheoremOQ01.lean:2054:60: Variable name `hij` is not explicitly referenced.

The binding can be removed (if unused) or named `_` (if used implicitly).

Note: This linter can be disabled with `set_option linter.unusedVariables false`
warning: Proofs/FriendshipTheoremOQ01.lean:2227:4: `push_neg` has been deprecated. Prefer using `push Not` instead.
If you'd rather continue using `push_neg` in your project, you can implement it as follows:
```
open Lean.Parser.Tactic in
macro "push_neg" cfg:optConfig loc:(location)? : tactic =>
  `(tactic| push $cfg:optConfig Not $[$loc]?)
```
warning: Proofs/FriendshipTheoremOQ01.lean:2243:17: `push_neg` has been deprecated. Prefer using `push Not` instead.
If you'd rather continue using `push_neg` in your project, you can implement it as follows:
```
open Lean.Parser.Tactic in
macro "push_neg" cfg:optConfig loc:(location)? : tactic =>
  `(tactic| push $cfg:optConfig Not $[$loc]?)
```
⚠ [8589/8722] Replayed Proofs.Erdos85MooreFriendship
warning: Proofs/Erdos85MooreFriendship.lean:145:43: This simp argument is unused:
  SimpleGraph.mem_neighborFinset

Hint: Omit it from the simp argument list.
  simp [SimpleGraph.mem_commonNeighbors,̵ ̵S̵i̵m̵p̵l̵e̵G̵r̵a̵p̵h̵.̵m̵e̵m̵_̵n̵e̵i̵g̵h̵b̵o̵r̵F̵i̵n̵s̵e̵t̵]

Note: This linter can be disabled with `set_option linter.unusedSimpArgs false`
⚠ [8590/8722] Replayed Proofs.Erdos85OddFirstOrderSpectral
warning: Proofs/Erdos85OddFirstOrderSpectral.lean:75:20: This simp argument is unused:
  add_smul

Hint: Omit it from the simp argument list.
  simp [sub_smul, a̵d̵d̵_̵s̵m̵u̵l̵,̵ ̵smul_smul]

Note: This linter can be disabled with `set_option linter.unusedSimpArgs false`
warning: Proofs/Erdos85OddFirstOrderSpectral.lean:75:30: This simp argument is unused:
  smul_smul

Hint: Omit it from the simp argument list.
  simp [sub_smul, add_smul,̵ ̵s̵m̵u̵l̵_̵s̵m̵u̵l̵]

Note: This linter can be disabled with `set_option linter.unusedSimpArgs false`
warning: Proofs/Erdos85OddFirstOrderSpectral.lean:429:40: This simp argument is unused:
  hx

Hint: Omit it from the simp argument list.
  simp ̵[̵h̵x̵]̵

Note: This linter can be disabled with `set_option linter.unusedSimpArgs false`
⚠ [8591/8722] Replayed Proofs.Erdos85Problem14
warning: Proofs/Erdos85Problem14.lean:49:6: `push_neg` has been deprecated. Prefer using `push Not` instead.
If you'd rather continue using `push_neg` in your project, you can implement it as follows:
```
open Lean.Parser.Tactic in
macro "push_neg" cfg:optConfig loc:(location)? : tactic =>
  `(tactic| push $cfg:optConfig Not $[$loc]?)
```
warning: Proofs/Erdos85Problem14.lean:41:6: 'norm_num at hv6 ⊢' tactic does nothing

Note: This linter can be disabled with `set_option linter.unusedTactic false`
warning: Proofs/Erdos85Problem14.lean:71:6: 'norm_num at hu5 ⊢' tactic does nothing

Note: This linter can be disabled with `set_option linter.unusedTactic false`
warning: Proofs/Erdos85Problem14.lean:289:52: This simp argument is unused:
  Ne

Hint: Omit it from the simp argument list.
  simp only [*, adj_comm, true_and, N̵e̵,̵ ̵not_true] at *

Note: This linter can be disabled with `set_option linter.unusedSimpArgs false`
⚠ [8601/8722] Replayed Proofs.Erdos85EvenFirstOrderAntipodal
warning: Proofs/Erdos85EvenFirstOrderAntipodal.lean:243:5: Variable name `hfree` is not explicitly referenced.

The binding can be removed (if unused) or named `_` (if used implicitly).

Note: This linter can be disabled with `set_option linter.unusedVariables false`
warning: Proofs/Erdos85EvenFirstOrderAntipodal.lean:243:40: Variable name `hd` is not explicitly referenced.

The binding can be removed (if unused) or named `_` (if used implicitly).

Note: This linter can be disabled with `set_option linter.unusedVariables false`
warning: Proofs/Erdos85EvenFirstOrderAntipodal.lean:243:53: Variable name `hdeven` is not explicitly referenced.

The binding can be removed (if unused) or named `_` (if used implicitly).

Note: This linter can be disabled with `set_option linter.unusedVariables false`
warning: Proofs/Erdos85EvenFirstOrderAntipodal.lean:244:5: Variable name `hmin` is not explicitly referenced.

The binding can be removed (if unused) or named `_` (if used implicitly).

Note: This linter can be disabled with `set_option linter.unusedVariables false`
warning: Proofs/Erdos85EvenFirstOrderAntipodal.lean:245:5: Variable name `hcard` is not explicitly referenced.

The binding can be removed (if unused) or named `_` (if used implicitly).

Note: This linter can be disabled with `set_option linter.unusedVariables false`
⚠ [8602/8722] Replayed Proofs.Erdos85EvenAntipodalQuotient
warning: Proofs/Erdos85EvenAntipodalQuotient.lean:688:17: This simp argument is unused:
  map_mul

Hint: Omit it from the simp argument list.
  simp only [M, RingHom.mapMatrix_apply, Matrix.map_apply, Matrix.sub_apply, Matrix.smul_apply,
  ̲  ̲ ̲ ̲ ̲ ̲ ̲ ̲Matrix.one_apply, FriendshipTheoremOQ01.onesMatrix, Matrix.of_apply, smul_eq_mul, map_sub,
  ̲  ̲ ̲ ̲ ̲ ̲ ̲ ̲m̵a̵p̵_̵m̵u̵l̵,̵ ̵Int.coe_castRingHom]

Note: This linter can be disabled with `set_option linter.unusedSimpArgs false`
warning: Proofs/Erdos85EvenAntipodalQuotient.lean:700:55: This simp argument is unused:
  if_neg

Hint: Omit it from the simp argument list.
  simp only [hij, if_pos,̵ ̵i̵f̵_̵n̵e̵g̵]

Note: This linter can be disabled with `set_option linter.unusedSimpArgs false`
warning: Proofs/Erdos85EvenAntipodalQuotient.lean:770:12: This simp argument is unused:
  Matrix.smul_apply

Hint: Omit it from the simp argument list.
  simp [̵M̵a̵t̵r̵i̵x̵.̵s̵m̵u̵l̵_̵a̵p̵p̵l̵y̵,̵ ̵M̵a̵t̵r̵i̵x̵.̵s̵u̵b̵_̵a̵p̵p̵l̵y̵,̵[̲M̲a̲t̲r̲i̲x̲.̲s̲u̲b̲_̲a̲p̲p̲l̲y̲,̲ Matrix.add_apply, Matrix.neg_apply, Matrix.one_apply, smul_eq_mul]

Note: This linter can be disabled with `set_option linter.unusedSimpArgs false`
warning: Proofs/Erdos85EvenAntipodalQuotient.lean:771:26: This simp argument is unused:
  Matrix.one_apply

Hint: Omit it from the simp argument list.
  simp [Matrix.smul_apply, Matrix.sub_apply, Matrix.add_apply, Matrix.neg_apply, M̵a̵t̵r̵i̵x̵.̵o̵n̵e̵_̵a̵p̵p̵l̵y̵,̵ ̵smul_eq_mul]

Note: This linter can be disabled with `set_option linter.unusedSimpArgs false`
warning: Proofs/Erdos85EvenAntipodalQuotient.lean:771:44: This simp argument is unused:
  smul_eq_mul

Hint: Omit it from the simp argument list.
  simp [Matrix.smul_apply, Matrix.sub_apply, Matrix.add_apply, Matrix.neg_apply,
  ̲  ̲ ̲ ̲ ̲ ̲ ̲ ̲M̵a̵t̵r̵i̵x̵.̵o̵n̵e̵_̵a̵p̵p̵l̵y̵,̵ ̵s̵m̵u̵l̵_̵e̵q̵_̵m̵u̵l̵]̵M̲a̲t̲r̲i̲x̲.̲o̲n̲e̲_̲a̲p̲p̲l̲y̲]̲

Note: This linter can be disabled with `set_option linter.unusedSimpArgs false`
warning: Proofs/Erdos85EvenAntipodalQuotient.lean:784:12: This simp argument is unused:
  Matrix.smul_apply

Hint: Omit it from the simp argument list.
  simp [̵M̵a̵t̵r̵i̵x̵.̵s̵m̵u̵l̵_̵a̵p̵p̵l̵y̵,̵ ̵M̵a̵t̵r̵i̵x̵.̵s̵u̵b̵_̵a̵p̵p̵l̵y̵,̵[̲M̲a̲t̲r̲i̲x̲.̲s̲u̲b̲_̲a̲p̲p̲l̲y̲,̲ Matrix.add_apply, Matrix.one_apply, FriendshipTheoremOQ01.onesMatrix,
          Matrix.of_apply, smul_eq_mul]

Note: This linter can be disabled with `set_option linter.unusedSimpArgs false`
warning: Proofs/Erdos85EvenAntipodalQuotient.lean:785:8: This simp argument is unused:
  Matrix.one_apply

Hint: Omit it from the simp argument list.
  simp [Matrix.smul_apply, Matrix.sub_apply, Matrix.add_apply,
  ̵  ̵ ̵ ̵ ̵ ̵ ̵ ̵M̵a̵t̵r̵i̵x̵.̵o̵n̵e̵_̵a̵p̵p̵l̵y̵,̵ ̵FriendshipTheoremOQ01.onesMatrix,
          Matrix.of_apply, smul_eq_mul]

Note: This linter can be disabled with `set_option linter.unusedSimpArgs false`
warning: Proofs/Erdos85EvenAntipodalQuotient.lean:786:25: This simp argument is unused:
  smul_eq_mul

Hint: Omit it from the simp argument list.
  simp [Matrix.smul_apply, Matrix.sub_apply, Matrix.add_apply, Matrix.one_apply,
  ̲  ̲ ̲ ̲ ̲ ̲ ̲ ̲FriendshipTheoremOQ01.onesMatrix, M̵a̵t̵r̵i̵x̵.̵o̵f̵_̵a̵p̵p̵l̵y̵,̵ ̵s̵m̵u̵l̵_̵e̵q̵_̵m̵u̵l̵]̵M̲a̲t̲r̲i̲x̲.̲o̲f̲_̲a̲p̲p̲l̲y̲]̲

Note: This linter can be disabled with `set_option linter.unusedSimpArgs false`
warning: Proofs/Erdos85EvenAntipodalQuotient.lean:828:58: This simp argument is unused:
  ite_false

Hint: Omit it from the simp argument list.
  simp only [Polynomial.coeff_sub, Polynomial.coeff_X_pow,
  ̵  ̵ ̵ ̵ ̵ ̵Polynomial.coeff_C,
  ̲  ̲ ̲ ̲ ̲ ̲Polynomial.coeff_zero, if_true,̵ ̵i̵t̵e̵_̵f̵a̵l̵s̵e̵] at hc

Note: This linter can be disabled with `set_option linter.unusedSimpArgs false`
⚠ [8604/8722] Replayed Proofs.Erdos85SecondOrderEvenDefect
warning: Proofs/Erdos85SecondOrderEvenDefect.lean:288:40: Variable name `hd` is not explicitly referenced.

The binding can be removed (if unused) or named `_` (if used implicitly).

Note: This linter can be disabled with `set_option linter.unusedVariables false`
warning: Proofs/Erdos85SecondOrderEvenDefect.lean:288:53: Variable name `heven` is not explicitly referenced.

The binding can be removed (if unused) or named `_` (if used implicitly).

Note: This linter can be disabled with `set_option linter.unusedVariables false`
warning: Proofs/Erdos85SecondOrderEvenDefect.lean:289:5: Variable name `hmin` is not explicitly referenced.

The binding can be removed (if unused) or named `_` (if used implicitly).

Note: This linter can be disabled with `set_option linter.unusedVariables false`
warning: Proofs/Erdos85SecondOrderEvenDefect.lean:290:5: Variable name `hcard` is not explicitly referenced.

The binding can be removed (if unused) or named `_` (if used implicitly).

Note: This linter can be disabled with `set_option linter.unusedVariables false`
warning: Proofs/Erdos85SecondOrderEvenDefect.lean:458:8: try 'simp' instead of 'simpa'

Note: This linter can be disabled with `set_option linter.unnecessarySimpa false`
warning: Proofs/Erdos85SecondOrderEvenDefect.lean:553:17: This simp argument is unused:
  Pi.smul_apply

Hint: Omit it from the simp argument list.
  simp only [Matrix.add_apply, Matrix.one_apply, Matrix.of_apply, if_pos, u, P̵i̵.̵s̵m̵u̵l̵_̵a̵p̵p̵l̵y̵,̵ ̵smul_eq_mul, one_mul]

Note: This linter can be disabled with `set_option linter.unusedSimpArgs false`
warning: Proofs/Erdos85SecondOrderEvenDefect.lean:553:32: This simp argument is unused:
  smul_eq_mul

Hint: Omit it from the simp argument list.
  simp only [Matrix.add_apply, Matrix.one_apply, Matrix.of_apply, if_pos, u, Pi.smul_apply,
  ̲  ̲ ̲ ̲ ̲ ̲s̵m̵u̵l̵_̵e̵q̵_̵m̵u̵l̵,̵ ̵one_mul]

Note: This linter can be disabled with `set_option linter.unusedSimpArgs false`
warning: Proofs/Erdos85SecondOrderEvenDefect.lean:553:45: This simp argument is unused:
  one_mul

Hint: Omit it from the simp argument list.
  simp only [Matrix.add_apply, Matrix.one_apply, Matrix.of_apply,
  ̵  ̵ ̵ ̵ ̵ ̵if_pos, u, Pi.smul_apply,
  ̲  ̲ ̲ ̲ ̲ ̲smul_eq_mul,̵ ̵o̵n̵e̵_̵m̵u̵l̵]

Note: This linter can be disabled with `set_option linter.unusedSimpArgs false`
⚠ [8610/8722] Replayed Proofs.Erdos85CycleResolvent
warning: Proofs/Erdos85CycleResolvent.lean:80:2: 'norm_num at ha ⊢' tactic does nothing

Note: This linter can be disabled with `set_option linter.unusedTactic false`
warning: Proofs/Erdos85CycleResolvent.lean:162:29: This simp argument is unused:
  he

Hint: Omit it from the simp argument list.
  simp [oddCycleCount, he̵,̵ ̵h̵o, ih, Nat.odd_add]

Note: This linter can be disabled with `set_option linter.unusedSimpArgs false`
warning: Proofs/Erdos85CycleResolvent.lean:164:29: This simp argument is unused:
  he

Hint: Omit it from the simp argument list.
  simp [oddCycleCount, he̵,̵ ̵h̵o, ih, Nat.odd_add]

Note: This linter can be disabled with `set_option linter.unusedSimpArgs false`
⚠ [8611/8722] Replayed Proofs.Erdos85CycleGraphIso
warning: Proofs/Erdos85CycleGraphIso.lean:28:5: Variable name `hp` is not explicitly referenced.

The binding can be removed (if unused) or named `_` (if used implicitly).

Note: This linter can be disabled with `set_option linter.unusedVariables false`
warning: Proofs/Erdos85CycleGraphIso.lean:96:10: 'change (j - i).val = 1' tactic does nothing

Note: This linter can be disabled with `set_option linter.unusedTactic false`
warning: Proofs/Erdos85CycleGraphIso.lean:106:10: 'change (j - i).val = 1' tactic does nothing

Note: This linter can be disabled with `set_option linter.unusedTactic false`
warning: Proofs/Erdos85CycleGraphIso.lean:121:10: 'change (i - j).val = 1' tactic does nothing

Note: This linter can be disabled with `set_option linter.unusedTactic false`
warning: Proofs/Erdos85CycleGraphIso.lean:131:10: 'change (i - j).val = 1' tactic does nothing

Note: This linter can be disabled with `set_option linter.unusedTactic false`
⚠ [8613/8722] Replayed Proofs.Erdos85ComponentFactorization
warning: Proofs/Erdos85ComponentFactorization.lean:44:6: This simp argument is unused:
  hcc

Hint: Omit it from the simp argument list.
  simp [Matrix.reindex_apply, vertexConnectedComponentEquiv,
        Matrix.blockDiagonal'_apply_ne _ _ _ hcc, SimpleGraph.adjMatrix_apply,
  ̵  ̵ ̵ ̵ ̵ ̵hc̵c̵,̵ ̵h̵nadj]

Note: This linter can be disabled with `set_option linter.unusedSimpArgs false`
warning: Proofs/Erdos85ComponentFactorization.lean:74:71: This simp argument is unused:
  hcc

Hint: Omit it from the simp argument list.
  simp [Matrix.reindex_apply, e, vertexConnectedComponentEquiv,
          Matrix.blockDiagonal'_apply_ne _ _ _ hcc, Matrix.scalar_apply, hc̵c̵,̵ ̵h̵val]

Note: This linter can be disabled with `set_option linter.unusedSimpArgs false`
⚠ [8614/8722] Replayed Proofs.Erdos85PathCharpoly
warning: Proofs/Erdos85PathCharpoly.lean:21:48: This simp argument is unused:
  Matrix.diagonal_apply

Hint: Omit it from the simp argument list.
  simp [Matrix.charmatrix, Matrix.scalar_apply, M̵a̵t̵r̵i̵x̵.̵d̵i̵a̵g̵o̵n̵a̵l̵_̵a̵p̵p̵l̵y̵,̵SimpleGraph.adjMatrix_apply, pathGraph_adj,
  ̲  ̲ ̲ ̲Matrix.submatrix_apply]

Note: This linter can be disabled with `set_option linter.unusedSimpArgs false`
warning: Proofs/Erdos85PathCharpoly.lean:25:8: This simp argument is unused:
  Matrix.charmatrix

Hint: Omit it from the simp argument list.
  s̵i̵m̵p̵ ̵[̵M̵a̵t̵r̵i̵x̵.̵c̵h̵a̵r̵m̵a̵t̵r̵i̵x̵,̵ ̵M̵a̵t̵r̵i̵x̵.̵s̵c̵a̵l̵a̵r̵_̵a̵p̵p̵l̵y̵,̵ ̵M̵a̵t̵r̵i̵x̵.̵d̵i̵a̵g̵o̵n̵a̵l̵_̵a̵p̵p̵l̵y̵,̵
  ̵ ̵ ̵ ̵ ̵S̵i̵m̵p̵l̵e̵G̵r̵a̵p̵h̵.̵a̵d̵j̵M̵a̵t̵r̵i̵x̵_̵a̵p̵p̵l̵y̵,̵ ̵p̵a̵t̵h̵G̵r̵a̵p̵h̵_̵a̵d̵j̵,̵ ̵M̵a̵t̵r̵i̵x̵.̵s̵u̵b̵m̵a̵t̵r̵i̵x̵_̵a̵p̵p̵l̵y̵]̵s̲i̲m̲p̲ ̲[̲M̲a̲t̲r̲i̲x̲.̲s̲c̲a̲l̲a̲r̲_̲a̲p̲p̲l̲y̲,̲ ̲M̲a̲t̲r̲i̲x̲.̲d̲i̲a̲g̲o̲n̲a̲l̲_̲a̲p̲p̲l̲y̲,̲ ̲S̲i̲m̲p̲l̲e̲G̲r̲a̲p̲h̲.̲a̲d̲j̲M̲a̲t̲r̲i̲x̲_̲a̲p̲p̲l̲y̲,̲ ̲p̲a̲t̲h̲G̲r̲a̲p̲h̲_̲a̲d̲j̲,̲
  ̲ ̲ ̲ ̲ ̲M̲a̲t̲r̲i̲x̲.̲s̲u̲b̲m̲a̲t̲r̲i̲x̲_̲a̲p̲p̲l̲y̲]̲

Note: This linter can be disabled with `set_option linter.unusedSimpArgs false`
warning: Proofs/Erdos85PathCharpoly.lean:25:27: This simp argument is unused:
  Matrix.scalar_apply

Hint: Omit it from the simp argument list.
  simp [Matrix.charmatrix, M̵a̵t̵r̵i̵x̵.̵s̵c̵a̵l̵a̵r̵_̵a̵p̵p̵l̵y̵,̵ ̵Matrix.diagonal_apply, SimpleGraph.adjMatrix_apply, pathGraph_adj,
  ̲  ̲ ̲ ̲Matrix.submatrix_apply]

Note: This linter can be disabled with `set_option linter.unusedSimpArgs false`
warning: Proofs/Erdos85PathCharpoly.lean:43:48: This simp argument is unused:
  Matrix.diagonal_apply

Hint: Omit it from the simp argument list.
  simp [Matrix.charmatrix, Matrix.scalar_apply, M̵a̵t̵r̵i̵x̵.̵d̵i̵a̵g̵o̵n̵a̵l̵_̵a̵p̵p̵l̵y̵,̵SimpleGraph.adjMatrix_apply, pathGraph_adj,
  ̲  ̲ ̲ ̲Matrix.submatrix_apply, Matrix.charpoly, hz]

Note: This linter can be disabled with `set_option linter.unusedSimpArgs false`
warning: Proofs/Erdos85PathCharpoly.lean:44:48: This simp argument is unused:
  Matrix.submatrix_apply

Hint: Omit it from the simp argument list.
  simp [Matrix.charmatrix, Matrix.scalar_apply, Matrix.diagonal_apply, SimpleGraph.adjMatrix_apply,
  ̲  ̲ ̲ ̲pathGraph_adj, M̵a̵t̵r̵i̵x̵.̵s̵u̵b̵m̵a̵t̵r̵i̵x̵_̵a̵p̵p̵l̵y̵,̵Matrix.charpoly, hz]

Note: This linter can be disabled with `set_option linter.unusedSimpArgs false`
warning: Proofs/Erdos85PathCharpoly.lean:58:6: try 'simp' instead of 'simpa'

Note: This linter can be disabled with `set_option linter.unnecessarySimpa false`
warning: Proofs/Erdos85PathCharpoly.lean:53:29: This simp argument is unused:
  Matrix.det_fin_one

Hint: Omit it from the simp argument list.
  simp [Matrix.charpoly, M̵a̵t̵r̵i̵x̵.̵d̵e̵t̵_̵f̵i̵n̵_̵o̵n̵e̵,̵ ̵Matrix.charmatrix, Matrix.scalar_apply, Matrix.diagonal_apply,
  ̲  ̲ ̲ ̲ ̲ ̲ ̲ ̲SimpleGraph.adjMatrix_apply, pathGraph_adj, S_one]

Note: This linter can be disabled with `set_option linter.unusedSimpArgs false`
warning: Proofs/Erdos85PathCharpoly.lean:54:29: This simp argument is unused:
  Matrix.diagonal_apply

Hint: Omit it from the simp argument list.
  simp [Matrix.charpoly, Matrix.det_fin_one, Matrix.charmatrix, Matrix.scalar_apply,
  ̲  ̲ ̲ ̲ ̲ ̲ ̲ ̲M̵a̵t̵r̵i̵x̵.̵d̵i̵a̵g̵o̵n̵a̵l̵_̵a̵p̵p̵l̵y̵,̵ ̵SimpleGraph.adjMatrix_apply, pathGraph_adj, S_one]

Note: This linter can be disabled with `set_option linter.unusedSimpArgs false`
warning: Proofs/Erdos85PathCharpoly.lean:55:8: This simp argument is unused:
  pathGraph_adj

Hint: Omit it from the simp argument list.
  simp [Matrix.charpoly, Matrix.det_fin_one, Matrix.charmatrix, Matrix.scalar_apply,
  ̲  ̲ ̲ ̲ ̲ ̲ ̲ ̲Matrix.diagonal_apply, SimpleGraph.adjMatrix_apply, p̵a̵t̵h̵G̵r̵a̵p̵h̵_̵a̵d̵j̵,̵ ̵S_one]

Note: This linter can be disabled with `set_option linter.unusedSimpArgs false`
⚠ [8615/8722] Replayed Proofs.Erdos85CycleCharpoly
warning: Proofs/Erdos85CycleCharpoly.lean:75:51: This simp argument is unused:
  Matrix.diagonal_apply

Hint: Omit it from the simp argument list.
  simp [Q, Matrix.charmatrix, Matrix.scalar_apply, M̵a̵t̵r̵i̵x̵.̵d̵i̵a̵g̵o̵n̵a̵l̵_̵a̵p̵p̵l̵y̵,̵SimpleGraph.adjMatrix_apply, cycleGraph_adj',
  ̲  ̲ ̲ ̲Matrix.submatrix_apply, Fin.ext_iff, cycle_succ_sub_val_eq_one]

Note: This linter can be disabled with `set_option linter.unusedSimpArgs false`
warning: Proofs/Erdos85CycleCharpoly.lean:85:41: This simp argument is unused:
  Fin.zero_succAbove

Hint: Omit it from the simp argument list.
  simp only [Matrix.submatrix_submatrix,̵ ̵F̵i̵n̵.̵z̵e̵r̵o̵_̵s̵u̵c̵c̵A̵b̵o̵v̵e̵]

Note: This linter can be disabled with `set_option linter.unusedSimpArgs false`
warning: Proofs/Erdos85CycleCharpoly.lean:88:48: This simp argument is unused:
  Matrix.diagonal_apply

Hint: Omit it from the simp argument list.
  simp [Matrix.charmatrix, Matrix.scalar_apply, M̵a̵t̵r̵i̵x̵.̵d̵i̵a̵g̵o̵n̵a̵l̵_̵a̵p̵p̵l̵y̵,̵
  ̵ ̵ ̵ ̵ ̵SimpleGraph.adjMatrix_apply, cycleGraph_adj',
  ̲  ̲ ̲ ̲Matrix.submatrix_apply,
  ̵  ̵ ̵ ̵Matrix.charpoly, Fin.ext_iff, cycle_middle_not_adj_zero]

Note: This linter can be disabled with `set_option linter.unusedSimpArgs false`
warning: Proofs/Erdos85CycleCharpoly.lean:113:51: This simp argument is unused:
  Matrix.diagonal_apply

Hint: Omit it from the simp argument list.
  simp [Q, Matrix.charmatrix, Matrix.scalar_apply, M̵a̵t̵r̵i̵x̵.̵d̵i̵a̵g̵o̵n̵a̵l̵_̵a̵p̵p̵l̵y̵,̵SimpleGraph.adjMatrix_apply, cycleGraph_adj',
  ̲  ̲ ̲ ̲Matrix.submatrix_apply, Fin.ext_iff, cycle_succ_sub_val_eq_one]

Note: This linter can be disabled with `set_option linter.unusedSimpArgs false`
warning: Proofs/Erdos85CycleCharpoly.lean:136:48: This simp argument is unused:
  Matrix.diagonal_apply

Hint: Omit it from the simp argument list.
  simp [Matrix.charmatrix, Matrix.scalar_apply, M̵a̵t̵r̵i̵x̵.̵d̵i̵a̵g̵o̵n̵a̵l̵_̵a̵p̵p̵l̵y̵,̵
  ̵ ̵ ̵ ̵ ̵SimpleGraph.adjMatrix_apply, cycleGraph_adj',
  ̲  ̲ ̲ ̲Matrix.submatrix_apply,
  ̵  ̵ ̵ ̵Matrix.charpoly, Fin.ext_iff, cycle_middle_not_adj_zero]

Note: This linter can be disabled with `set_option linter.unusedSimpArgs false`
warning: Proofs/Erdos85CycleCharpoly.lean:170:48: This simp argument is unused:
  Matrix.diagonal_apply

Hint: Omit it from the simp argument list.
  simp [Matrix.charmatrix, Matrix.scalar_apply, M̵a̵t̵r̵i̵x̵.̵d̵i̵a̵g̵o̵n̵a̵l̵_̵a̵p̵p̵l̵y̵,̵
  ̵ ̵ ̵ ̵ ̵SimpleGraph.adjMatrix_apply, cycleGraph_adj',
  ̲  ̲ ̲ ̲Matrix.submatrix_apply,
  ̵  ̵ ̵ ̵Matrix.charpoly, Fin.ext_iff, cycle_middle_not_adj_zero]

Note: This linter can be disabled with `set_option linter.unusedSimpArgs false`
warning: Proofs/Erdos85CycleCharpoly.lean:171:50: This simp argument is unused:
  Matrix.submatrix_apply

Hint: Omit it from the simp argument list.
  simp [Matrix.charmatrix, Matrix.scalar_apply, Matrix.diagonal_apply, SimpleGraph.adjMatrix_apply,
  ̲  ̲ ̲ ̲cycleGraph_adj', M̵a̵t̵r̵i̵x̵.̵s̵u̵b̵m̵a̵t̵r̵i̵x̵_̵a̵p̵p̵l̵y̵,̵Matrix.charpoly, Fin.ext_iff, cycle_middle_not_adj_zero]

Note: This linter can be disabled with `set_option linter.unusedSimpArgs false`
info: Proofs/Erdos85CycleCharpoly.lean:192:64: Try this:
  [apply] ring_nf
  
  The `ring` tactic failed to close the goal. Use `ring_nf` to obtain a normal form.
    
  Note that `ring` works primarily in *commutative* rings. If you have a noncommutative ring, abelian group or module, consider using `noncomm_ring`, `abel` or `module` instead.
info: Proofs/Erdos85CycleCharpoly.lean:192:64: Try this:
  [apply] ring_nf
  
  The `ring` tactic failed to close the goal. Use `ring_nf` to obtain a normal form.
    
  Note that `ring` works primarily in *commutative* rings. If you have a noncommutative ring, abelian group or module, consider using `noncomm_ring`, `abel` or `module` instead.
⚠ [8617/8722] Replayed Proofs.Erdos85GlobalCycleFactorization
warning: Proofs/Erdos85GlobalCycleFactorization.lean:72:6: try 'simp' instead of 'simpa'

Note: This linter can be disabled with `set_option linter.unnecessarySimpa false`
warning: Proofs/Erdos85GlobalCycleFactorization.lean:141:33: This simp argument is unused:
  Matrix.diagonal_apply

Hint: Omit it from the simp argument list.
  simp [Matrix.scalar_apply,̵ ̵M̵a̵t̵r̵i̵x̵.̵d̵i̵a̵g̵o̵n̵a̵l̵_̵a̵p̵p̵l̵y̵]

Note: This linter can be disabled with `set_option linter.unusedSimpArgs false`
warning: Proofs/Erdos85GlobalCycleFactorization.lean:142:33: This simp argument is unused:
  Matrix.diagonal_apply

Hint: Omit it from the simp argument list.
  simp [Matrix.scalar_apply, M̵a̵t̵r̵i̵x̵.̵d̵i̵a̵g̵o̵n̵a̵l̵_̵a̵p̵p̵l̵y̵,̵ ̵Matrix.one_apply, hxy]

Note: This linter can be disabled with `set_option linter.unusedSimpArgs false`
warning: Proofs/Erdos85GlobalCycleFactorization.lean:142:56: This simp argument is unused:
  Matrix.one_apply

Hint: Omit it from the simp argument list.
  simp [Matrix.scalar_apply, Matrix.diagonal_apply, M̵a̵t̵r̵i̵x̵.̵o̵n̵e̵_̵a̵p̵p̵l̵y̵,̵ ̵hxy]

Note: This linter can be disabled with `set_option linter.unusedSimpArgs false`
warning: Proofs/Erdos85GlobalCycleFactorization.lean:148:4: 'change
  (Int.castRingHom ℚ) (((Matrix.scalar V ((d : ℤ) - 1) - D.adjMatrix ℤ) x y)) =
    (Matrix.scalar V ((d : ℚ) - 1) - D.adjMatrix ℚ) x y' tactic does nothing

Note: This linter can be disabled with `set_option linter.unusedTactic false`
⚠ [8618/8722] Replayed Proofs.Erdos85SecondOrderColorTrace
warning: Proofs/Erdos85SecondOrderColorTrace.lean:42:50: This simp argument is unused:
  Ne

Hint: Omit it from the simp argument list.
  simp only [*, adj_comm, true_and, N̵e̵,̵ ̵not_true] at *

Note: This linter can be disabled with `set_option linter.unusedSimpArgs false`
warning: Proofs/Erdos85SecondOrderColorTrace.lean:134:53: This simp argument is unused:
  Nat.mul_mod

Hint: Omit it from the simp argument list.
  simp [Nat.add_mod,̵ ̵N̵a̵t̵.̵m̵u̵l̵_̵m̵o̵d̵]

Note: This linter can be disabled with `set_option linter.unusedSimpArgs false`
⚠ [8620/8722] Replayed Proofs.Erdos85PositiveExcessOne
warning: Proofs/Erdos85PositiveExcessOne.lean:32:2: `push_neg` has been deprecated. Prefer using `push Not` instead.
If you'd rather continue using `push_neg` in your project, you can implement it as follows:
```
open Lean.Parser.Tactic in
macro "push_neg" cfg:optConfig loc:(location)? : tactic =>
  `(tactic| push $cfg:optConfig Not $[$loc]?)
```
warning: Proofs/Erdos85PositiveExcessOne.lean:236:2: `push_neg` has been deprecated. Prefer using `push Not` instead.
If you'd rather continue using `push_neg` in your project, you can implement it as follows:
```
open Lean.Parser.Tactic in
macro "push_neg" cfg:optConfig loc:(location)? : tactic =>
  `(tactic| push $cfg:optConfig Not $[$loc]?)
```
warning: Proofs/Erdos85PositiveExcessOne.lean:449:8: try 'simp' instead of 'simpa'

Note: This linter can be disabled with `set_option linter.unnecessarySimpa false`
warning: Proofs/Erdos85PositiveExcessOne.lean:502:6: `push_neg` has been deprecated. Prefer using `push Not` instead.
If you'd rather continue using `push_neg` in your project, you can implement it as follows:
```
open Lean.Parser.Tactic in
macro "push_neg" cfg:optConfig loc:(location)? : tactic =>
  `(tactic| push $cfg:optConfig Not $[$loc]?)
```
warning: Proofs/Erdos85PositiveExcessOne.lean:535:2: `push_neg` has been deprecated. Prefer using `push Not` instead.
If you'd rather continue using `push_neg` in your project, you can implement it as follows:
```
open Lean.Parser.Tactic in
macro "push_neg" cfg:optConfig loc:(location)? : tactic =>
  `(tactic| push $cfg:optConfig Not $[$loc]?)
```
⚠ [8622/8722] Replayed Proofs.Erdos85OrderFortyNineStratification
warning: Proofs/Erdos85OrderFortyNineStratification.lean:108:2: `push_neg` has been deprecated. Prefer using `push Not` instead.
If you'd rather continue using `push_neg` in your project, you can implement it as follows:
```
open Lean.Parser.Tactic in
macro "push_neg" cfg:optConfig loc:(location)? : tactic =>
  `(tactic| push $cfg:optConfig Not $[$loc]?)
```
⚠ [8624/8722] Replayed Proofs.Erdos85NonregularDefectOperator
warning: Proofs/Erdos85NonregularDefectOperator.lean:63:41: This simp argument is unused:
  hxy

Hint: Omit it from the simp argument list.
  simp [SimpleGraph.adjMatrix_apply, hx̵y̵,̵ ̵h̵adj, hcommon]

Note: This linter can be disabled with `set_option linter.unusedSimpArgs false`
warning: Proofs/Erdos85NonregularDefectOperator.lean:69:41: This simp argument is unused:
  hxy

Hint: Omit it from the simp argument list.
  simp [SimpleGraph.adjMatrix_apply, hx̵y̵,̵ ̵h̵adj, hcommon]

Note: This linter can be disabled with `set_option linter.unusedSimpArgs false`
info: Proofs/Erdos85NonregularDefectOperator.lean:367:0: 'Erdos85.degreePredDiagonal_mulVec_of_support_degree' depends on axioms: [propext, Classical.choice, Quot.sound]
info: Proofs/Erdos85NonregularDefectOperator.lean:368:0: 'Erdos85.c4Free_secondOrderDefect_mulVec_of_adj_degreeEigenvector' depends on axioms: [propext,
 Classical.choice,
 Quot.sound]
info: Proofs/Erdos85NonregularDefectOperator.lean:369:0: 'Erdos85.c4Free_secondOrderDefect_mulVec_of_adj_eigenvector_supported_on_degree' depends on axioms: [propext,
 Classical.choice,
 Quot.sound]
⚠ [8625/8722] Replayed Proofs.Erdos85ExcessThreeSectorCount
warning: Proofs/Erdos85ExcessThreeSectorCount.lean:160:2: `push_neg` has been deprecated. Prefer using `push Not` instead.
If you'd rather continue using `push_neg` in your project, you can implement it as follows:
```
open Lean.Parser.Tactic in
macro "push_neg" cfg:optConfig loc:(location)? : tactic =>
  `(tactic| push $cfg:optConfig Not $[$loc]?)
```
⚠ [8629/8722] Replayed Proofs.Erdos85OrderFortyNineDefectEigenvectors
warning: Proofs/Erdos85OrderFortyNineDefectEigenvectors.lean:67:4: `push_neg` has been deprecated. Prefer using `push Not` instead.
If you'd rather continue using `push_neg` in your project, you can implement it as follows:
```
open Lean.Parser.Tactic in
macro "push_neg" cfg:optConfig loc:(location)? : tactic =>
  `(tactic| push $cfg:optConfig Not $[$loc]?)
```
⚠ [8633/8722] Replayed Proofs.Erdos85Ramsey
warning: Proofs/Erdos85Ramsey.lean:36:28: Variable name `hs` is not explicitly referenced.

The binding can be removed (if unused) or named `_` (if used implicitly).

Note: This linter can be disabled with `set_option linter.unusedVariables false`
⚠ [8635/8722] Replayed Proofs.Erdos85RamseyPlateau
warning: Proofs/Erdos85RamseyPlateau.lean:310:23: Used `tac1 <;> tac2` where `(tac1; tac2)` would suffice

Note: This linter can be disabled with `set_option linter.unnecessarySeqFocus false`
⚠ [8637/8722] Replayed Proofs.Erdos85DifferenceSidonCayley
warning: Proofs/Erdos85DifferenceSidonCayley.lean:37:28: Try `simp at huv` instead of `simpa using huv`

Note: This linter can be disabled with `set_option linter.unnecessarySimpa false`
warning: Proofs/Erdos85DifferenceSidonCayley.lean:37:28: Try `simp at huv` instead of `simpa using huv`

Note: This linter can be disabled with `set_option linter.unnecessarySimpa false`
⚠ [8638/8722] Replayed Proofs.Erdos85SidonNoWrap
warning: Proofs/Erdos85SidonNoWrap.lean:88:21: try 'simp' instead of 'simpa'

Note: This linter can be disabled with `set_option linter.unnecessarySimpa false`
warning: Proofs/Erdos85SidonNoWrap.lean:89:21: try 'simp' instead of 'simpa'

Note: This linter can be disabled with `set_option linter.unnecessarySimpa false`
warning: Proofs/Erdos85SidonNoWrap.lean:89:41: try 'simp' instead of 'simpa'

Note: This linter can be disabled with `set_option linter.unnecessarySimpa false`
⚠ [8639/8722] Replayed Proofs.Erdos85ParabolaSidonRuler
warning: Proofs/Erdos85ParabolaSidonRuler.lean:56:45: Variable name `hq` is not explicitly referenced.

The binding can be removed (if unused) or named `_` (if used implicitly).

Note: This linter can be disabled with `set_option linter.unusedVariables false`
warning: Proofs/Erdos85ParabolaSidonRuler.lean:91:4: 'push_cast' tactic does nothing

Note: This linter can be disabled with `set_option linter.unusedTactic false`
warning: Proofs/Erdos85ParabolaSidonRuler.lean:104:13: Variable name `hq` is not explicitly referenced.

The binding can be removed (if unused) or named `_` (if used implicitly).

Note: This linter can be disabled with `set_option linter.unusedVariables false`
warning: Proofs/Erdos85ParabolaSidonRuler.lean:116:4: 'push_cast at hmark ⊢' tactic does nothing

Note: This linter can be disabled with `set_option linter.unusedTactic false`
⚠ [8642/8722] Replayed Proofs.Erdos85PolarityDegree
warning: Proofs/Erdos85PolarityDegree.lean:27:0: automatically included section variable(s) unused in theorem `Erdos85.Polarity.neighborFinset_eq_erase_incidentFinset`:
  [DecidableEq K]
consider restructuring your `variable` declarations so that the variables are not in scope or explicitly omit them:
  omit [DecidableEq K] in theorem ...

Note: This linter can be disabled with `set_option linter.unusedSectionVars false`
⚠ [8643/8722] Replayed Proofs.Erdos85PolarityFamily
warning: Proofs/Erdos85PolarityFamily.lean:19:0: automatically included section variable(s) unused in theorem `Erdos85.Polarity.card_points_eq`:
  [DecidableEq K]
consider restructuring your `variable` declarations so that the variables are not in scope or explicitly omit them:
  omit [DecidableEq K] in theorem ...

Note: This linter can be disabled with `set_option linter.unusedSectionVars false`
⚠ [8644/8722] Replayed Proofs.Erdos85PolarityDeletion
warning: Proofs/Erdos85PolarityDeletion.lean:27:0: automatically included section variable(s) unused in theorem `Erdos85.Polarity.not_selfOrthogonal_of_adj_selfOrthogonal`:
  [Finite K]
  [DecidableEq K]
consider restructuring your `variable` declarations so that the variables are not in scope or explicitly omit them:
  omit [Finite K] [DecidableEq K] in theorem ...

Note: This linter can be disabled with `set_option linter.unusedSectionVars false`
warning: Proofs/Erdos85PolarityDeletion.lean:72:0: automatically included section variable(s) unused in theorem `Erdos85.Polarity.deletePointGraph_degree`:
  [DecidableEq K]
consider restructuring your `variable` declarations so that the variables are not in scope or explicitly omit them:
  omit [DecidableEq K] in theorem ...

Note: This linter can be disabled with `set_option linter.unusedSectionVars false`
warning: Proofs/Erdos85PolarityDeletion.lean:110:0: automatically included section variable(s) unused in theorem `Erdos85.Polarity.deletePointGraph_not_containsC4`:
  [DecidableEq K]
consider restructuring your `variable` declarations so that the variables are not in scope or explicitly omit them:
  omit [DecidableEq K] in theorem ...

Note: This linter can be disabled with `set_option linter.unusedSectionVars false`
warning: Proofs/Erdos85PolarityDeletion.lean:124:4: 'change Fintype.card { y : P K // y ≠ x } = (q K + 1) * q K' tactic does nothing

Note: This linter can be disabled with `set_option linter.unusedTactic false`
⚠ [8645/8722] Replayed Proofs.Erdos85PolarityAbsolute
warning: Proofs/Erdos85PolarityAbsolute.lean:27:8: automatically included section variable(s) unused in theorem `_private.Proofs.Erdos85PolarityAbsolute.0.Erdos85.Polarity.isotropicPolynomial_totalDegree_lt`:
  [Finite K]
  [DecidableEq K]
consider restructuring your `variable` declarations so that the variables are not in scope or explicitly omit them:
  omit [Finite K] [DecidableEq K] in theorem ...

Note: This linter can be disabled with `set_option linter.unusedSectionVars false`
warning: Proofs/Erdos85PolarityAbsolute.lean:35:8: automatically included section variable(s) unused in theorem `_private.Proofs.Erdos85PolarityAbsolute.0.Erdos85.Polarity.eval_isotropicPolynomial`:
  [Finite K]
  [DecidableEq K]
consider restructuring your `variable` declarations so that the variables are not in scope or explicitly omit them:
  omit [Finite K] [DecidableEq K] in theorem ...

Note: This linter can be disabled with `set_option linter.unusedSectionVars false`
⚠ [8653/8722] Replayed Proofs.Erdos85OrderFortyNineDefectPerfectCodes
warning: Proofs/Erdos85OrderFortyNineDefectPerfectCodes.lean:37:10: This simp argument is unused:
  Finset.insert_inter

Hint: Omit it from the simp argument list.
  simp [F̵i̵n̵s̵e̵t̵.̵i̵n̵s̵e̵r̵t̵_̵i̵n̵t̵e̵r̵,̵ ̵SimpleGraph.mem_neighborFinset, hvx, hempty]

Note: This linter can be disabled with `set_option linter.unusedSimpArgs false`
⚠ [8655/8722] Replayed Proofs.Erdos85OrderFortyNineLowTriangles
warning: Proofs/Erdos85OrderFortyNineLowTriangles.lean:149:4: `push_neg` has been deprecated. Prefer using `push Not` instead.
If you'd rather continue using `push_neg` in your project, you can implement it as follows:
```
open Lean.Parser.Tactic in
macro "push_neg" cfg:optConfig loc:(location)? : tactic =>
  `(tactic| push $cfg:optConfig Not $[$loc]?)
```
⚠ [8656/8722] Replayed Proofs.Erdos85OrderFortyNineLowTriangleIncidence
warning: Proofs/Erdos85OrderFortyNineLowTriangleIncidence.lean:23:17: Variable name `hx` is not explicitly referenced.

The binding can be removed (if unused) or named `_` (if used implicitly).

Note: This linter can be disabled with `set_option linter.unusedVariables false`
warning: Proofs/Erdos85OrderFortyNineLowTriangleIncidence.lean:23:39: Variable name `hy` is not explicitly referenced.

The binding can be removed (if unused) or named `_` (if used implicitly).

Note: This linter can be disabled with `set_option linter.unusedVariables false`
⚠ [8658/8722] Replayed Proofs.Erdos85HighRootZeroSlack
warning: Proofs/Erdos85HighRootZeroSlack.lean:23:13: Variable name `hd` is not explicitly referenced.

The binding can be removed (if unused) or named `_` (if used implicitly).

Note: This linter can be disabled with `set_option linter.unusedVariables false`
⚠ [8661/8722] Replayed Proofs.Erdos85BranchDeficitSymmetry
warning: Proofs/Erdos85BranchDeficitSymmetry.lean:62:48: Used `tac1 <;> tac2` where `(tac1; tac2)` would suffice

Note: This linter can be disabled with `set_option linter.unnecessarySeqFocus false`
warning: Proofs/Erdos85BranchDeficitSymmetry.lean:517:16: This simp argument is unused:
  hone

Hint: Omit it from the simp argument list.
  simp [ho̵n̵e̵,̵ ̵h̵zero]

Note: This linter can be disabled with `set_option linter.unusedSimpArgs false`
⚠ [8662/8722] Replayed Proofs.Erdos85LocalTriangleParity
warning: Proofs/Erdos85LocalTriangleParity.lean:52:57: Used `tac1 <;> tac2` where `(tac1; tac2)` would suffice

Note: This linter can be disabled with `set_option linter.unnecessarySeqFocus false`
warning: Proofs/Erdos85LocalTriangleParity.lean:187:8: try 'simp' instead of 'simpa'

Note: This linter can be disabled with `set_option linter.unnecessarySimpa false`
warning: Proofs/Erdos85LocalTriangleParity.lean:168:4: 'change (G.induce (G.neighborSet x)).degree y ≤ 1' tactic does nothing

Note: This linter can be disabled with `set_option linter.unusedTactic false`
⚠ [8663/8722] Replayed Proofs.Erdos85OrderFortyNineLocalEdgePartition
warning: Proofs/Erdos85OrderFortyNineLocalEdgePartition.lean:29:43: Variable name `hx` is not explicitly referenced.

The binding can be removed (if unused) or named `_` (if used implicitly).

Note: This linter can be disabled with `set_option linter.unusedVariables false`
warning: Proofs/Erdos85OrderFortyNineLocalEdgePartition.lean:125:43: Variable name `hx` is not explicitly referenced.

The binding can be removed (if unused) or named `_` (if used implicitly).

Note: This linter can be disabled with `set_option linter.unusedVariables false`
⚠ [8664/8722] Replayed Proofs.Erdos85OrderFortyNineHighIncidenceCensus
warning: Proofs/Erdos85OrderFortyNineHighIncidenceCensus.lean:46:39: This simp argument is unused:
  hfx

Hint: Omit it from the simp argument list.
  simp ̵[̵h̵f̵x̵]̵

Note: This linter can be disabled with `set_option linter.unusedSimpArgs false`
warning: Proofs/Erdos85OrderFortyNineHighIncidenceCensus.lean:304:14: This simp argument is unused:
  hxw

Hint: Omit it from the simp argument list.
  simp ̵[̵h̵x̵w̵]̵

Note: This linter can be disabled with `set_option linter.unusedSimpArgs false`
warning: Proofs/Erdos85OrderFortyNineHighIncidenceCensus.lean:629:4: 'change (∑ x ∈ (Finset.univ : Finset V), D.degree x) = _' tactic does nothing

Note: This linter can be disabled with `set_option linter.unusedTactic false`
ℹ [8672/8722] Replayed Proofs.Erdos85OrderFortyNineThreeHighLargeSupportNeighbors
info: Proofs/Erdos85OrderFortyNineThreeHighLargeSupportNeighbors.lean:62:0: 'Erdos85.threeHigh_large_support_neighbors_eq' depends on axioms: [propext, Classical.choice, Quot.sound]
info: Proofs/Erdos85OrderFortyNineThreeHighLargeSupportNeighbors.lean:63:0: 'Erdos85.threeHigh_large_support_neighbor_count_le_one' depends on axioms: [propext, Classical.choice, Quot.sound]
info: Proofs/Erdos85OrderFortyNineThreeHighLargeSupportNeighbors.lean:64:0: 'Erdos85.threeHigh_large_support_low_neighborhoods_disjoint' depends on axioms: [propext, Classical.choice, Quot.sound]
ℹ [8673/8722] Replayed Proofs.Erdos85OrderFortyNineThreeHighSupportDegreeLedger
info: Proofs/Erdos85OrderFortyNineThreeHighSupportDegreeLedger.lean:107:0: 'Erdos85.threeHigh_zero_support_neighbor_ledger' depends on axioms: [propext, Classical.choice, Quot.sound]
info: Proofs/Erdos85OrderFortyNineThreeHighSupportDegreeLedger.lean:108:0: 'Erdos85.threeHigh_empty_support_neighbor_ledger' depends on axioms: [propext, Classical.choice, Quot.sound]
info: Proofs/Erdos85OrderFortyNineThreeHighSupportDegreeLedger.lean:110:0: 'Erdos85.threeHigh_empty_vertex_empty_degree_bounds' depends on axioms: [propext, Classical.choice, Quot.sound]
⚠ [8676/8722] Replayed Proofs.Erdos85SequentialCounter
warning: Proofs/Erdos85SequentialCounter.lean:80:2: `push_neg` has been deprecated. Prefer using `push Not` instead.
If you'd rather continue using `push_neg` in your project, you can implement it as follows:
```
open Lean.Parser.Tactic in
macro "push_neg" cfg:optConfig loc:(location)? : tactic =>
  `(tactic| push $cfg:optConfig Not $[$loc]?)
```
⚠ [8679/8722] Replayed Proofs.Erdos85SequentialCounterReification
warning: Proofs/Erdos85SequentialCounterReification.lean:1384:23: try 'simp' instead of 'simpa'

Note: This linter can be disabled with `set_option linter.unnecessarySimpa false`
⚠ [8687/8722] Replayed Proofs.Erdos85DimacsSatBridge
warning: Proofs/Erdos85DimacsSatBridge.lean:109:37: Used `tac1 <;> tac2` where `(tac1; tac2)` would suffice

Note: This linter can be disabled with `set_option linter.unnecessarySeqFocus false`
warning: Proofs/Erdos85DimacsSatBridge.lean:143:35: Used `tac1 <;> tac2` where `(tac1; tac2)` would suffice

Note: This linter can be disabled with `set_option linter.unnecessarySeqFocus false`
⚠ [8710/8722] Replayed Proofs.Erdos85OrderFortyNinePrefixNormalization
warning: Proofs/Erdos85OrderFortyNinePrefixNormalization.lean:148:43: try 'simp' instead of 'simpa'

Note: This linter can be disabled with `set_option linter.unnecessarySimpa false`
warning: Proofs/Erdos85OrderFortyNinePrefixNormalization.lean:176:53: try 'simp' instead of 'simpa'

Note: This linter can be disabled with `set_option linter.unnecessarySimpa false`
warning: Proofs/Erdos85OrderFortyNinePrefixNormalization.lean:177:53: try 'simp' instead of 'simpa'

Note: This linter can be disabled with `set_option linter.unnecessarySimpa false`
warning: Proofs/Erdos85OrderFortyNinePrefixNormalization.lean:444:58: Used `tac1 <;> tac2` where `(tac1; tac2)` would suffice

Note: This linter can be disabled with `set_option linter.unnecessarySeqFocus false`
⚠ [8711/8722] Replayed Proofs.Erdos85OrderFortyNineGraphPrefixNormalization
warning: Proofs/Erdos85OrderFortyNineGraphPrefixNormalization.lean:782:8: Try `simp at this` instead of `simpa using this`

Note: This linter can be disabled with `set_option linter.unnecessarySimpa false`
warning: Proofs/Erdos85OrderFortyNineGraphPrefixNormalization.lean:786:8: Try `simp at this` instead of `simpa using this`

Note: This linter can be disabled with `set_option linter.unnecessarySimpa false`
warning: Proofs/Erdos85OrderFortyNineGraphPrefixNormalization.lean:795:10: Try `simp at this` instead of `simpa using this`

Note: This linter can be disabled with `set_option linter.unnecessarySimpa false`
warning: Proofs/Erdos85OrderFortyNineGraphPrefixNormalization.lean:799:10: Try `simp at this` instead of `simpa using this`

Note: This linter can be disabled with `set_option linter.unnecessarySimpa false`
warning: Proofs/Erdos85OrderFortyNineGraphPrefixNormalization.lean:803:8: Try `simp at this` instead of `simpa using this`

Note: This linter can be disabled with `set_option linter.unnecessarySimpa false`
⚠ [8712/8722] Replayed Proofs.Erdos85OrderFortyNineRowSemantics
warning: Proofs/Erdos85OrderFortyNineRowSemantics.lean:86:8: try 'simp' instead of 'simpa'

Note: This linter can be disabled with `set_option linter.unnecessarySimpa false`
warning: Proofs/Erdos85OrderFortyNineRowSemantics.lean:91:46: try 'simp' instead of 'simpa'

Note: This linter can be disabled with `set_option linter.unnecessarySimpa false`
warning: Proofs/Erdos85OrderFortyNineRowSemantics.lean:92:46: try 'simp' instead of 'simpa'

Note: This linter can be disabled with `set_option linter.unnecessarySimpa false`
⚠ [8719/8981] Replayed Proofs.Erdos85OrderFortyNineFullCanonicalLabeling
warning: Proofs/Erdos85OrderFortyNineFullCanonicalLabeling.lean:234:56: This simp argument is unused:
  h0

Hint: Omit it from the simp argument list.
  simp [orderFortyNineCanonicalSupportMultiplicity, h0̵,̵ ̵h̵1, h2, h3,
  ̵  ̵ ̵ ̵ ̵ ̵ ̵ ̵hmem]

Note: This linter can be disabled with `set_option linter.unusedSimpArgs false`
warning: Proofs/Erdos85OrderFortyNineFullCanonicalLabeling.lean:234:60: This simp argument is unused:
  h1

Hint: Omit it from the simp argument list.
  simp [orderFortyNineCanonicalSupportMultiplicity, h0, h1̵,̵ ̵h̵2, h3,
  ̵  ̵ ̵ ̵ ̵ ̵ ̵ ̵hmem]

Note: This linter can be disabled with `set_option linter.unusedSimpArgs false`
warning: Proofs/Erdos85OrderFortyNineFullCanonicalLabeling.lean:234:64: This simp argument is unused:
  h2

Hint: Omit it from the simp argument list.
  simp [orderFortyNineCanonicalSupportMultiplicity, h0, h1, h2̵,̵ ̵h̵3,
  ̵  ̵ ̵ ̵ ̵ ̵ ̵ ̵hmem]

Note: This linter can be disabled with `set_option linter.unusedSimpArgs false`
warning: Proofs/Erdos85OrderFortyNineFullCanonicalLabeling.lean:243:56: This simp argument is unused:
  h0

Hint: Omit it from the simp argument list.
  simp [orderFortyNineCanonicalSupportMultiplicity, h0̵,̵ ̵h̵1, h2, h3,
  ̵  ̵ ̵ ̵ ̵ ̵ ̵ ̵hnotmem]

Note: This linter can be disabled with `set_option linter.unusedSimpArgs false`
warning: Proofs/Erdos85OrderFortyNineFullCanonicalLabeling.lean:243:60: This simp argument is unused:
  h1

Hint: Omit it from the simp argument list.
  simp [orderFortyNineCanonicalSupportMultiplicity, h0, h1̵,̵ ̵h̵2, h3,
  ̵  ̵ ̵ ̵ ̵ ̵ ̵ ̵hnotmem]

Note: This linter can be disabled with `set_option linter.unusedSimpArgs false`
warning: Proofs/Erdos85OrderFortyNineFullCanonicalLabeling.lean:243:64: This simp argument is unused:
  h2

Hint: Omit it from the simp argument list.
  simp [orderFortyNineCanonicalSupportMultiplicity, h0, h1, h2̵,̵ ̵h̵3,
  ̵  ̵ ̵ ̵ ̵ ̵ ̵ ̵hnotmem]

Note: This linter can be disabled with `set_option linter.unusedSimpArgs false`
warning: Proofs/Erdos85OrderFortyNineFullCanonicalLabeling.lean:451:14: try 'simp' instead of 'simpa'

Note: This linter can be disabled with `set_option linter.unnecessarySimpa false`
⚠ [8720/8981] Replayed Proofs.Erdos85OrderFortyNineAlignedBooleanBridge
warning: Proofs/Erdos85OrderFortyNineAlignedBooleanBridge.lean:229:6: try 'simp' instead of 'simpa'

Note: This linter can be disabled with `set_option linter.unnecessarySimpa false`
⚠ [8725/8981] Replayed Proofs.Erdos85PairedBlockRigidity
warning: Proofs/Erdos85PairedBlockRigidity.lean:1597:2: `push_neg` has been deprecated. Prefer using `push Not` instead.
If you'd rather continue using `push_neg` in your project, you can implement it as follows:
```
open Lean.Parser.Tactic in
macro "push_neg" cfg:optConfig loc:(location)? : tactic =>
  `(tactic| push $cfg:optConfig Not $[$loc]?)
```
warning: Proofs/Erdos85PairedBlockRigidity.lean:1699:5: Variable name `hmateInv` is not explicitly referenced.

The binding can be removed (if unused) or named `_` (if used implicitly).

Note: This linter can be disabled with `set_option linter.unusedVariables false`
⚠ [8727/8981] Replayed Proofs.Erdos85OrderFortyNineDistTwoPinning
warning: Proofs/Erdos85OrderFortyNineDistTwoPinning.lean:131:37: try 'simp' instead of 'simpa'

Note: This linter can be disabled with `set_option linter.unnecessarySimpa false`
warning: Proofs/Erdos85OrderFortyNineDistTwoPinning.lean:438:36: This simp argument is unused:
  or_assoc

Hint: Omit it from the simp argument list.
  simp [K, or_comm, or_left_comm,̵ ̵o̵r̵_̵a̵s̵s̵o̵c̵]

Note: This linter can be disabled with `set_option linter.unusedSimpArgs false`
⚠ [8728/8981] Replayed Proofs.Erdos85OrderFortyNineDistOnePinning
warning: Proofs/Erdos85OrderFortyNineDistOnePinning.lean:180:8: Variable name `v2` is not explicitly referenced.

The binding can be removed (if unused) or named `_` (if used implicitly).

Note: This linter can be disabled with `set_option linter.unusedVariables false`
warning: Proofs/Erdos85OrderFortyNineDistOnePinning.lean:180:11: Variable name `v3` is not explicitly referenced.

The binding can be removed (if unused) or named `_` (if used implicitly).

Note: This linter can be disabled with `set_option linter.unusedVariables false`
warning: Proofs/Erdos85OrderFortyNineDistOnePinning.lean:296:29: Variable name `hu23_3` is not explicitly referenced.

The binding can be removed (if unused) or named `_` (if used implicitly).

Note: This linter can be disabled with `set_option linter.unusedVariables false`
warning: Proofs/Erdos85OrderFortyNineDistOnePinning.lean:424:37: Variable name `hs` is not explicitly referenced.

The binding can be removed (if unused) or named `_` (if used implicitly).

Note: This linter can be disabled with `set_option linter.unusedVariables false`
⚠ [8731/8981] Replayed Proofs.Erdos85CycleIntertwinerPeriodicity
warning: Proofs/Erdos85CycleIntertwinerPeriodicity.lean:284:53: This simp argument is unused:
  G.adj_comm

Hint: Omit it from the simp argument list.
  simp [SimpleGraph.mem_neighborFinset, hxy, hx'y,̵ ̵G̵.̵a̵d̵j̵_̵c̵o̵m̵m̵]

Note: This linter can be disabled with `set_option linter.unusedSimpArgs false`
⚠ [8732/8981] Replayed Proofs.Erdos85DefectCycleBlock
warning: Proofs/Erdos85DefectCycleBlock.lean:102:6: 'change (iz - (iz - io)).val = 1' tactic does nothing

Note: This linter can be disabled with `set_option linter.unusedTactic false`
warning: Proofs/Erdos85DefectCycleBlock.lean:119:6: 'change (iz + io - iz).val = 1' tactic does nothing

Note: This linter can be disabled with `set_option linter.unusedTactic false`
⚠ [8734/8981] Replayed Proofs.Erdos85BoundaryQuotientDivisibility
warning: Proofs/Erdos85BoundaryQuotientDivisibility.lean:113:2: `push_neg` has been deprecated. Prefer using `push Not` instead.
If you'd rather continue using `push_neg` in your project, you can implement it as follows:
```
open Lean.Parser.Tactic in
macro "push_neg" cfg:optConfig loc:(location)? : tactic =>
  `(tactic| push $cfg:optConfig Not $[$loc]?)
```
⚠ [8735/8981] Replayed Proofs.Erdos85MinimumSectorAssemblyInterface
warning: Proofs/Erdos85MinimumSectorAssemblyInterface.lean:97:6: try 'simp' instead of 'simpa'

Note: This linter can be disabled with `set_option linter.unnecessarySimpa false`
⚠ [8738/8981] Replayed Proofs.Erdos85OrderFortyNineSquareRoot
warning: Proofs/Erdos85OrderFortyNineSquareRoot.lean:125:4: try 'simp' instead of 'simpa'

Note: This linter can be disabled with `set_option linter.unnecessarySimpa false`
⚠ [8739/8981] Replayed Proofs.Erdos85OrderFortyNineOneHighOverlap
warning: Proofs/Erdos85OrderFortyNineOneHighOverlap.lean:1218:5: Variable name `hfree` is not explicitly referenced.

The binding can be removed (if unused) or named `_` (if used implicitly).

Note: This linter can be disabled with `set_option linter.unusedVariables false`
warning: Proofs/Erdos85OrderFortyNineOneHighOverlap.lean:1219:5: Variable name `hmin` is not explicitly referenced.

The binding can be removed (if unused) or named `_` (if used implicitly).

Note: This linter can be disabled with `set_option linter.unusedVariables false`
warning: Proofs/Erdos85OrderFortyNineOneHighOverlap.lean:1220:5: Variable name `hcard` is not explicitly referenced.

The binding can be removed (if unused) or named `_` (if used implicitly).

Note: This linter can be disabled with `set_option linter.unusedVariables false`
warning: Proofs/Erdos85OrderFortyNineOneHighOverlap.lean:1221:13: Variable name `hv` is not explicitly referenced.

The binding can be removed (if unused) or named `_` (if used implicitly).

Note: This linter can be disabled with `set_option linter.unusedVariables false`
warning: Proofs/Erdos85OrderFortyNineOneHighOverlap.lean:1377:2: Try this: intro x hx y hy hxy hadj
warning: Proofs/Erdos85OrderFortyNineOneHighOverlap.lean:1669:14: This simp argument is unused:
  SimpleGraph.mem_neighborFinset

Hint: Omit it from the simp argument list.
  simp [̵S̵i̵m̵p̵l̵e̵G̵r̵a̵p̵h̵.̵m̵e̵m̵_̵n̵e̵i̵g̵h̵b̵o̵r̵F̵i̵n̵s̵e̵t̵,̵ ̵h̵q̵v̵,̵[̲h̲q̲v̲,̲ hqNotNv]

Note: This linter can be disabled with `set_option linter.unusedSimpArgs false`
warning: Proofs/Erdos85OrderFortyNineOneHighOverlap.lean:3017:10: This simp argument is unused:
  S

Hint: Omit it from the simp argument list.
  simp [S̵,̵ ̵hx]

Note: This linter can be disabled with `set_option linter.unusedSimpArgs false`
warning: Proofs/Erdos85OrderFortyNineOneHighOverlap.lean:3017:13: This simp argument is unused:
  hx

Hint: Omit it from the simp argument list.
  simp [S,̵ ̵h̵x̵]

Note: This linter can be disabled with `set_option linter.unusedSimpArgs false`
⚠ [8740/8981] Replayed Proofs.Erdos85OneHighCanonicalMate
warning: Proofs/Erdos85OneHighCanonicalMate.lean:80:57: try 'simp' instead of 'simpa'

Note: This linter can be disabled with `set_option linter.unnecessarySimpa false`
warning: Proofs/Erdos85OneHighCanonicalMate.lean:106:23: This simp argument is unused:
  hpr

Hint: Omit it from the simp argument list.
  simp [rep, hp̵r̵,̵ ̵h̵npr, hinv]

Note: This linter can be disabled with `set_option linter.unusedSimpArgs false`
warning: Proofs/Erdos85OneHighCanonicalMate.lean:108:18: This simp argument is unused:
  hpr

Hint: Omit it from the simp argument list.
  simp [hp̵r̵,̵ ̵h̵npr, hinv]

Note: This linter can be disabled with `set_option linter.unusedSimpArgs false`
warning: Proofs/Erdos85OneHighCanonicalMate.lean:130:21: This simp argument is unused:
  hpi

Hint: Omit it from the simp argument list.
  simp [rep, hi, hp̵i̵,̵ ̵h̵npi, hinv]

Note: This linter can be disabled with `set_option linter.unusedSimpArgs false`
warning: Proofs/Erdos85OneHighCanonicalMate.lean:137:21: This simp argument is unused:
  hpp

Hint: Omit it from the simp argument list.
  simp [rep, hi, hp̵p̵,̵ ̵h̵nle, hinv]

Note: This linter can be disabled with `set_option linter.unusedSimpArgs false`
warning: Proofs/Erdos85OneHighCanonicalMate.lean:1944:17: try 'simp' instead of 'simpa'

Note: This linter can be disabled with `set_option linter.unnecessarySimpa false`
⚠ [8747/8981] Replayed Proofs.Erdos85OrderFortyNineThreeHighOneFiber
warning: Proofs/Erdos85OrderFortyNineThreeHighOneFiber.lean:135:4: try 'simp' instead of 'simpa'

Note: This linter can be disabled with `set_option linter.unnecessarySimpa false`
ℹ [8748/8981] Replayed Proofs.Erdos85OrderFortyNineThreeHighTripleEmptyDegrees
info: Proofs/Erdos85OrderFortyNineThreeHighTripleEmptyDegrees.lean:144:0: 'Erdos85.threeHigh_triple_empty_neighbor_degree' depends on axioms: [propext, Classical.choice, Quot.sound]
info: Proofs/Erdos85OrderFortyNineThreeHighTripleEmptyDegrees.lean:145:0: 'Erdos85.threeHigh_triple_root_empty_neighbor_count' depends on axioms: [propext, Classical.choice, Quot.sound]
info: Proofs/Erdos85OrderFortyNineThreeHighTripleEmptyDegrees.lean:147:0: 'Erdos85.threeHigh_triple_empty_degree_histogram' depends on axioms: [propext, Classical.choice, Quot.sound]
⚠ [8749/8981] Replayed Proofs.Erdos85OrderFortyNineThreeHighTripleSpecialBlocks
warning: Proofs/Erdos85OrderFortyNineThreeHighTripleSpecialBlocks.lean:16:0: automatically included section variable(s) unused in theorem `Erdos85.threeHigh_triple_other_support_le_one`:
  [DecidableRel (antipodalGraph G).Adj]
  [DecidableRel (triangleFreeEdgeGraph G).Adj]
  hmin
consider restructuring your `variable` declarations so that the variables are not in scope or explicitly omit them:
  omit [DecidableRel (antipodalGraph G).Adj] [DecidableRel (triangleFreeEdgeGraph G).Adj] hmin in theorem ...

Note: This linter can be disabled with `set_option linter.unusedSectionVars false`
warning: Proofs/Erdos85OrderFortyNineThreeHighTripleSpecialBlocks.lean:32:8: automatically included section variable(s) unused in theorem `_private.Proofs.Erdos85OrderFortyNineThreeHighTripleSpecialBlocks.0.Erdos85.support_three_degree_seven`:
  hHigh
consider restructuring your `variable` declarations so that the variables are not in scope or explicitly omit them:
  omit hHigh in theorem ...

Note: This linter can be disabled with `set_option linter.unusedSectionVars false`
warning: Proofs/Erdos85OrderFortyNineThreeHighTripleSpecialBlocks.lean:80:0: automatically included section variable(s) unused in theorem `Erdos85.threeHigh_triple_special_empty_blocks_disjoint`:
  [DecidableRel (antipodalGraph G).Adj]
  [DecidableRel (triangleFreeEdgeGraph G).Adj]
  hmin
  hHigh
consider restructuring your `variable` declarations so that the variables are not in scope or explicitly omit them:
  omit [DecidableRel (antipodalGraph G).Adj] [DecidableRel (triangleFreeEdgeGraph G).Adj] hmin hHigh in theorem ...

Note: This linter can be disabled with `set_option linter.unusedSectionVars false`
info: Proofs/Erdos85OrderFortyNineThreeHighTripleSpecialBlocks.lean:129:0: 'Erdos85.threeHigh_triple_other_support_le_one' depends on axioms: [propext, Classical.choice, Quot.sound]
info: Proofs/Erdos85OrderFortyNineThreeHighTripleSpecialBlocks.lean:130:0: 'Erdos85.threeHigh_triple_special_singleton_count' depends on axioms: [propext, Classical.choice, Quot.sound]
info: Proofs/Erdos85OrderFortyNineThreeHighTripleSpecialBlocks.lean:131:0: 'Erdos85.threeHigh_triple_special_empty_count' depends on axioms: [propext, Classical.choice, Quot.sound]
info: Proofs/Erdos85OrderFortyNineThreeHighTripleSpecialBlocks.lean:132:0: 'Erdos85.threeHigh_triple_special_empty_blocks_disjoint' depends on axioms: [propext, Classical.choice, Quot.sound]
info: Proofs/Erdos85OrderFortyNineThreeHighTripleSpecialBlocks.lean:134:0: 'Erdos85.threeHigh_triple_special_empty_union_card' depends on axioms: [propext, Classical.choice, Quot.sound]
ℹ [8750/8981] Replayed Proofs.Erdos85OrderFortyNineThreeHighTripleBlockCapacity
info: Proofs/Erdos85OrderFortyNineThreeHighTripleBlockCapacity.lean:121:0: 'Erdos85.neighbor_block_inter_card_le_one' depends on axioms: [propext, Classical.choice, Quot.sound]
info: Proofs/Erdos85OrderFortyNineThreeHighTripleBlockCapacity.lean:122:0: 'Erdos85.neighbor_block_incidence_le_card' depends on axioms: [propext, Classical.choice, Quot.sound]
info: Proofs/Erdos85OrderFortyNineThreeHighTripleBlockCapacity.lean:123:0: 'Erdos85.neighbor_block_induce_degree_le_one' depends on axioms: [propext, Classical.choice, Quot.sound]
info: Proofs/Erdos85OrderFortyNineThreeHighTripleBlockCapacity.lean:124:0: 'Erdos85.neighbor_block_twice_edges_le_card' depends on axioms: [propext, Classical.choice, Quot.sound]
info: Proofs/Erdos85OrderFortyNineThreeHighTripleBlockCapacity.lean:125:0: 'Erdos85.threeHigh_triple_special_internal_edges_le_two' depends on axioms: [propext, Classical.choice, Quot.sound]
info: Proofs/Erdos85OrderFortyNineThreeHighTripleBlockCapacity.lean:127:0: 'Erdos85.threeHigh_triple_special_cross_incidence_le_five' depends on axioms: [propext, Classical.choice, Quot.sound]
ℹ [8751/8981] Replayed Proofs.Erdos85EncodedC4Filter
info: Proofs/Erdos85EncodedC4Filter.lean:36:0: 'Erdos85.encodedC4Free_of_injective_graph' depends on axioms: [propext, Classical.choice, Quot.sound]
ℹ [8752/8981] Replayed Proofs.Erdos85ThreeBlockLabels
info: Proofs/Erdos85ThreeBlockLabels.lean:92:0: 'Erdos85.three_disjoint_block_labels' depends on axioms: [propext, Classical.choice, Quot.sound]
ℹ [8753/8981] Replayed Proofs.Erdos85FinFiveMatchingKernel
info: Proofs/Erdos85FinFiveMatchingKernel.lean:184:0: 'Erdos85.exists_equiv_finFive_canonical_matching_kernel' depends on axioms: [propext, Classical.choice, Quot.sound]
info: Proofs/Erdos85FinFiveMatchingKernel.lean:186:0: 'Erdos85.exists_equiv_finFive_two_edge_matching' depends on axioms: [propext, Classical.choice, Quot.sound]
ℹ [8754/8981] Replayed Proofs.Erdos85FinFiveMatchingDomain
info: Proofs/Erdos85FinFiveMatchingDomain.lean:67:0: 'Erdos85.finFiveTwoEdgeMatchingMasks_card' depends on axioms: [propext, Quot.sound]
info: Proofs/Erdos85FinFiveMatchingDomain.lean:68:0: 'Erdos85.finFiveTwoEdgeMatchingMasks_mem_iff' depends on axioms: [propext, Classical.choice, Quot.sound]
info: Proofs/Erdos85FinFiveMatchingDomain.lean:69:0: 'Erdos85.finFive_two_edge_graph_mem_matching_masks' depends on axioms: [propext, Classical.choice, Quot.sound]
info: Proofs/Erdos85FinFiveMatchingDomain.lean:71:0: 'Erdos85.relabeled_two_edge_graph_mem_matching_masks' depends on axioms: [propext, Classical.choice, Quot.sound]
⚠ [8755/8981] Replayed Proofs.Erdos85ThreeBlockMatchingTemplate
warning: Proofs/Erdos85ThreeBlockMatchingTemplate.lean:41:38: This simp argument is unused:
  if_pos rfl

Hint: Omit it from the simp argument list.
  simp only [threeBlockMatchingAdj,̵ ̵i̵f̵_̵p̵o̵s̵ ̵r̵f̵l̵]

Note: This linter can be disabled with `set_option linter.unusedSimpArgs false`
warning: Proofs/Erdos85ThreeBlockMatchingTemplate.lean:47:38: This simp argument is unused:
  if_pos rfl

Hint: Omit it from the simp argument list.
  simp only [threeBlockMatchingAdj,̵ ̵i̵f̵_̵p̵o̵s̵ ̵r̵f̵l̵]

Note: This linter can be disabled with `set_option linter.unusedSimpArgs false`
warning: Proofs/Erdos85ThreeBlockMatchingTemplate.lean:53:38: This simp argument is unused:
  if_pos rfl

Hint: Omit it from the simp argument list.
  simp only [threeBlockMatchingAdj,̵ ̵i̵f̵_̵p̵o̵s̵ ̵r̵f̵l̵]

Note: This linter can be disabled with `set_option linter.unusedSimpArgs false`
info: Proofs/Erdos85ThreeBlockMatchingTemplate.lean:66:0: 'Erdos85.threeBlockMatchingAdj_eq_graph' depends on axioms: [propext, Classical.choice, Quot.sound]
info: Proofs/Erdos85ThreeBlockMatchingTemplate.lean:67:0: 'Erdos85.threeBlockMatchingAdj_row_masks_mem' depends on axioms: [propext, Classical.choice, Quot.sound]
⚠ [8756/8981] Replayed Proofs.Erdos85OrderFortyNineThreeHighTripleSecondaryPartition
warning: Proofs/Erdos85OrderFortyNineThreeHighTripleSecondaryPartition.lean:27:8: automatically included section variable(s) unused in theorem `_private.Proofs.Erdos85OrderFortyNineThreeHighTripleSecondaryPartition.0.Erdos85.empty_member_degree_seven`:
  hHigh
  hone
consider restructuring your `variable` declarations so that the variables are not in scope or explicitly omit them:
  omit hHigh hone in theorem ...

Note: This linter can be disabled with `set_option linter.unusedSectionVars false`
warning: Proofs/Erdos85OrderFortyNineThreeHighTripleSecondaryPartition.lean:57:0: automatically included section variable(s) unused in theorem `Erdos85.threeHigh_triple_root_empty_no_special_union_edge`:
  [DecidableRel (antipodalGraph G).Adj]
  [DecidableRel (triangleFreeEdgeGraph G).Adj]
  hmin
  hHigh
  hone
consider restructuring your `variable` declarations so that the variables are not in scope or explicitly omit them:
  omit [DecidableRel (antipodalGraph G).Adj] [DecidableRel (triangleFreeEdgeGraph G).Adj] hmin hHigh hone in theorem ...

Note: This linter can be disabled with `set_option linter.unusedSectionVars false`
info: Proofs/Erdos85OrderFortyNineThreeHighTripleSecondaryPartition.lean:125:0: 'Erdos85.threeHigh_triple_root_empty_outside_special_union' depends on axioms: [propext, Classical.choice, Quot.sound]
info: Proofs/Erdos85OrderFortyNineThreeHighTripleSecondaryPartition.lean:126:0: 'Erdos85.threeHigh_triple_root_empty_no_special_union_edge' depends on axioms: [propext, Classical.choice, Quot.sound]
info: Proofs/Erdos85OrderFortyNineThreeHighTripleSecondaryPartition.lean:127:0: 'Erdos85.threeHigh_triple_secondary_partition' depends on axioms: [propext, Classical.choice, Quot.sound]
ℹ [8757/8981] Replayed Proofs.Erdos85OrderFortyNineThreeHighTripleSecondaryCapacity
info: Proofs/Erdos85OrderFortyNineThreeHighTripleSecondaryCapacity.lean:82:0: 'Erdos85.neighbor_block_secondary_incidence_bound' depends on axioms: [propext, Classical.choice, Quot.sound]
info: Proofs/Erdos85OrderFortyNineThreeHighTripleSecondaryCapacity.lean:83:0: 'Erdos85.threeHigh_triple_special_secondary_incidence_le_seven' depends on axioms: [propext,
 Classical.choice,
 Quot.sound]
ℹ [8763/8981] Replayed Proofs.Erdos85OrderFortyNineThreeHighTripleBlockTwoEdges
info: Proofs/Erdos85OrderFortyNineThreeHighTripleBlockTwoEdges.lean:216:0: 'Erdos85.threeHigh_triple_special_incidence_decomposition' depends on axioms: [propext, Classical.choice, Quot.sound]
info: Proofs/Erdos85OrderFortyNineThreeHighTripleBlockTwoEdges.lean:217:0: 'Erdos85.threeHigh_triple_special_internal_edges_eq_two' depends on axioms: [propext, Classical.choice, Quot.sound]
info: Proofs/Erdos85OrderFortyNineThreeHighTripleBlockTwoEdges.lean:218:0: 'Erdos85.threeHigh_triple_special_cross_mass_bounds' depends on axioms: [propext, Classical.choice, Quot.sound]
ℹ [8764/8981] Replayed Proofs.Erdos85OrderFortyNineThreeHighTripleInternalDomain
info: Proofs/Erdos85OrderFortyNineThreeHighTripleInternalDomain.lean:35:0: 'Erdos85.threeHigh_triple_special_internal_matching_domain' depends on axioms: [propext, Classical.choice, Quot.sound]
ℹ [8765/8981] Replayed Proofs.Erdos85SaturatedNeighborBijection
info: Proofs/Erdos85SaturatedNeighborBijection.lean:66:0: 'Erdos85.saturated_neighbor_blocks_equiv' depends on axioms: [propext, Classical.choice, Quot.sound]
ℹ [8766/8981] Replayed Proofs.Erdos85OrderFortyNineThreeHighTripleCrossCounts
info: Proofs/Erdos85OrderFortyNineThreeHighTripleCrossCounts.lean:81:0: 'Erdos85.threeHighTripleBlockCrossCount_comm' depends on axioms: [propext, Classical.choice, Quot.sound]
info: Proofs/Erdos85OrderFortyNineThreeHighTripleCrossCounts.lean:82:0: 'Erdos85.threeHigh_triple_cross_count_patterns' depends on axioms: [propext, Classical.choice, Quot.sound]
ℹ [8767/8981] Replayed Proofs.Erdos85OrderFortyNineThreeHighTripleCrossBijection
info: Proofs/Erdos85OrderFortyNineThreeHighTripleCrossBijection.lean:58:0: 'Erdos85.threeHigh_triple_cross_count_five_equiv' depends on axioms: [propext, Classical.choice, Quot.sound]
⚠ [8769/8981] Replayed Proofs.Erdos85AdjacencyCharpolySquareModTwo
warning: Proofs/Erdos85AdjacencyCharpolySquareModTwo.lean:58:8: This simp argument is unused:
  G.loopless.irrefl

Hint: Omit it from the simp argument list.
  simp [Matrix.submatrix_apply, SimpleGraph.adjMatrix_apply,̵
  ̵ ̵ ̵ ̵ ̵ ̵ ̵ ̵ ̵G̵.̵l̵o̵o̵p̵l̵e̵s̵s̵.̵i̵r̵r̵e̵f̵l̵]

Note: This linter can be disabled with `set_option linter.unusedSimpArgs false`
⚠ [8774/8981] Replayed Proofs.Erdos85FrequencyPairProjector
warning: Proofs/Erdos85FrequencyPairProjector.lean:83:0: automatically included section variable(s) unused in theorem `Erdos85.cyclePow_one`:
  [NeZero r]
consider restructuring your `variable` declarations so that the variables are not in scope or explicitly omit them:
  omit [NeZero r] in theorem ...

Note: This linter can be disabled with `set_option linter.unusedSectionVars false`
warning: Proofs/Erdos85FrequencyPairProjector.lean:284:0: automatically included section variable(s) unused in theorem `Erdos85.blockDiagonal_const_smul`:
  [Fintype C]
  [NeZero r]
consider restructuring your `variable` declarations so that the variables are not in scope or explicitly omit them:
  omit [Fintype C] [NeZero r] in theorem ...

Note: This linter can be disabled with `set_option linter.unusedSectionVars false`
warning: Proofs/Erdos85FrequencyPairProjector.lean:679:0: automatically included section variable(s) unused in theorem `Erdos85.diag_block_apply_eq_zero_row`:
  [Field K]
  [Fintype C]
  [DecidableEq C]
consider restructuring your `variable` declarations so that the variables are not in scope or explicitly omit them:
  omit [Field K] [Fintype C] [DecidableEq C] in theorem ...

Note: This linter can be disabled with `set_option linter.unusedSectionVars false`
⚠ [8775/8981] Replayed Proofs.Erdos85CycleCoverRigidity
warning: Proofs/Erdos85CycleCoverRigidity.lean:24:5: Variable name `hr` is not explicitly referenced.

The binding can be removed (if unused) or named `_` (if used implicitly).

Note: This linter can be disabled with `set_option linter.unusedVariables false`
warning: Proofs/Erdos85CycleCoverRigidity.lean:139:5: Variable name `hsymm` is not explicitly referenced.

The binding can be removed (if unused) or named `_` (if used implicitly).

Note: This linter can be disabled with `set_option linter.unusedVariables false`
⚠ [8776/8981] Replayed Proofs.Erdos85BinaryCycleIntertwiner
warning: Proofs/Erdos85BinaryCycleIntertwiner.lean:102:4: `push_neg` has been deprecated. Prefer using `push Not` instead.
If you'd rather continue using `push_neg` in your project, you can implement it as follows:
```
open Lean.Parser.Tactic in
macro "push_neg" cfg:optConfig loc:(location)? : tactic =>
  `(tactic| push $cfg:optConfig Not $[$loc]?)
```
info: Proofs/Erdos85BinaryCycleIntertwiner.lean:146:4: Try this:
  [apply] ring_nf
  
  The `ring` tactic failed to close the goal. Use `ring_nf` to obtain a normal form.
    
  Note that `ring` works primarily in *commutative* rings. If you have a noncommutative ring, abelian group or module, consider using `noncomm_ring`, `abel` or `module` instead.
info: Proofs/Erdos85BinaryCycleIntertwiner.lean:151:4: Try this:
  [apply] ring_nf
  
  The `ring` tactic failed to close the goal. Use `ring_nf` to obtain a normal form.
    
  Note that `ring` works primarily in *commutative* rings. If you have a noncommutative ring, abelian group or module, consider using `noncomm_ring`, `abel` or `module` instead.
⚠ [8777/8981] Replayed Proofs.Erdos85UniqueSidonFactor
warning: Proofs/Erdos85UniqueSidonFactor.lean:50:0: automatically included section variable(s) unused in theorem `Erdos85.mem_orderedDistinctPairs_iff`:
  [Fintype Z]
  [AddCommGroup Z]
consider restructuring your `variable` declarations so that the variables are not in scope or explicitly omit them:
  omit [Fintype Z] [AddCommGroup Z] in theorem ...

Note: This linter can be disabled with `set_option linter.unusedSectionVars false`
warning: Proofs/Erdos85UniqueSidonFactor.lean:66:0: automatically included section variable(s) unused in theorem `Erdos85.card_orderedDistinctPairs`:
  [Fintype Z]
  [AddCommGroup Z]
consider restructuring your `variable` declarations so that the variables are not in scope or explicitly omit them:
  omit [Fintype Z] [AddCommGroup Z] in theorem ...

Note: This linter can be disabled with `set_option linter.unusedSectionVars false`
warning: Proofs/Erdos85UniqueSidonFactor.lean:91:61: This simp argument is unused:
  not_not

Hint: Omit it from the simp argument list.
  simp only [Finset.mem_filter, Finset.mem_sdiff, not_and,̵ ̵n̵o̵t̵_̵n̵o̵t̵]

Note: This linter can be disabled with `set_option linter.unusedSimpArgs false`
warning: Proofs/Erdos85UniqueSidonFactor.lean:251:0: automatically included section variable(s) unused in theorem `Erdos85.unique_pair_sums_of_convolution_card_eq_one`:
  [Fintype Z]
consider restructuring your `variable` declarations so that the variables are not in scope or explicitly omit them:
  omit [Fintype Z] in theorem ...

Note: This linter can be disabled with `set_option linter.unusedSectionVars false`
warning: Proofs/Erdos85UniqueSidonFactor.lean:328:6: try 'simp' instead of 'simpa'

Note: This linter can be disabled with `set_option linter.unnecessarySimpa false`
⚠ [8778/8981] Replayed Proofs.Erdos85DifferencePacking
warning: Proofs/Erdos85DifferencePacking.lean:103:4: Try this: intro h p hp q hq heq
warning: Proofs/Erdos85DifferencePacking.lean:159:0: automatically included section variable(s) unused in theorem `Erdos85.neg_mem_unusedOrderedDifferences_iff`:
  [DecidableEq K]
consider restructuring your `variable` declarations so that the variables are not in scope or explicitly omit them:
  omit [DecidableEq K] in theorem ...

Note: This linter can be disabled with `set_option linter.unusedSectionVars false`
warning: Proofs/Erdos85DifferencePacking.lean:178:0: automatically included section variable(s) unused in theorem `Erdos85.card_unusedOrderedDifferences_eq_two_of_packing`:
  [DecidableEq K]
consider restructuring your `variable` declarations so that the variables are not in scope or explicitly omit them:
  omit [DecidableEq K] in theorem ...

Note: This linter can be disabled with `set_option linter.unusedSectionVars false`
warning: Proofs/Erdos85DifferencePacking.lean:250:21: This simp argument is unused:
  hminus

Hint: Omit it from the simp argument list.
  simp [hdistinct,̵ ̵h̵m̵i̵n̵u̵s̵]

Note: This linter can be disabled with `set_option linter.unusedSimpArgs false`
warning: Proofs/Erdos85DifferencePacking.lean:274:8: This simp argument is unused:
  hba

Hint: Omit it from the simp argument list.
  simp [hba̵,̵ ̵h̵b̵neg]

Note: This linter can be disabled with `set_option linter.unusedSimpArgs false`
warning: Proofs/Erdos85DifferencePacking.lean:299:0: automatically included section variable(s) unused in theorem `Erdos85.orderedDifferenceSet_disjoint_of_c4Free_circulantBlocks`:
  [Fintype K]
  [DecidableEq K]
  [Fintype V]
  [DecidableEq V]
consider restructuring your `variable` declarations so that the variables are not in scope or explicitly omit them:
  omit [Fintype K] [DecidableEq K] [Fintype V] [DecidableEq V] in theorem ...

Note: This linter can be disabled with `set_option linter.unusedSectionVars false`
warning: Proofs/Erdos85DifferencePacking.lean:349:0: automatically included section variable(s) unused in theorem `Erdos85.orderedDifferenceSet_disjoint_of_c4Free_two_circulantBlocks`:
  [Fintype V]
  [DecidableEq V]
consider restructuring your `variable` declarations so that the variables are not in scope or explicitly omit them:
  omit [Fintype V] [DecidableEq V] in theorem ...

Note: This linter can be disabled with `set_option linter.unusedSectionVars false`
warning: Proofs/Erdos85DifferencePacking.lean:602:21: This simp argument is unused:
  hminus

Hint: Omit it from the simp argument list.
  simp [hdistinct,̵ ̵h̵m̵i̵n̵u̵s̵]

Note: This linter can be disabled with `set_option linter.unusedSimpArgs false`
⚠ [8779/8981] Replayed Proofs.Erdos85TaggedFactorization
warning: Proofs/Erdos85TaggedFactorization.lean:31:0: automatically included section variable(s) unused in theorem `Erdos85.taggedPairSum_bijective`:
  [Fintype Z]
  [DecidableEq Z]
  [Fintype K]
  [DecidableEq K]
consider restructuring your `variable` declarations so that the variables are not in scope or explicitly omit them:
  omit [Fintype Z] [DecidableEq Z] [Fintype K] [DecidableEq K] in theorem ...

Note: This linter can be disabled with `set_option linter.unusedSectionVars false`
warning: Proofs/Erdos85TaggedFactorization.lean:54:0: automatically included section variable(s) unused in theorem `Erdos85.orderedDifferenceSet_disjoint_of_uniqueTaggedSums`:
  [Fintype K]
  [DecidableEq K]
consider restructuring your `variable` declarations so that the variables are not in scope or explicitly omit them:
  omit [Fintype K] [DecidableEq K] in theorem ...

Note: This linter can be disabled with `set_option linter.unusedSectionVars false`
warning: Proofs/Erdos85TaggedFactorization.lean:78:0: automatically included section variable(s) unused in theorem `Erdos85.channel_add_injective_of_uniqueTaggedSums`:
  [Fintype Z]
  [DecidableEq Z]
  [Fintype K]
  [DecidableEq K]
consider restructuring your `variable` declarations so that the variables are not in scope or explicitly omit them:
  omit [Fintype Z] [DecidableEq Z] [Fintype K] [DecidableEq K] in theorem ...

Note: This linter can be disabled with `set_option linter.unusedSectionVars false`
warning: Proofs/Erdos85TaggedFactorization.lean:91:0: automatically included section variable(s) unused in theorem `Erdos85.channel_sums_ne_of_uniqueTaggedSums`:
  [Fintype Z]
  [DecidableEq Z]
  [Fintype K]
  [DecidableEq K]
consider restructuring your `variable` declarations so that the variables are not in scope or explicitly omit them:
  omit [Fintype Z] [DecidableEq Z] [Fintype K] [DecidableEq K] in theorem ...

Note: This linter can be disabled with `set_option linter.unusedSectionVars false`
warning: Proofs/Erdos85TaggedFactorization.lean:123:21: This simp argument is unused:
  hone0

Hint: Omit it from the simp argument list.
  simp [forbidden, hone0,̵ ̵h̵o̵n̵e̵0̵.symm, hnegone0, hnegone0.symm,
  ̵  ̵ ̵ ̵ ̵ ̵hminus, hminus.symm]

Note: This linter can be disabled with `set_option linter.unusedSimpArgs false`
warning: Proofs/Erdos85TaggedFactorization.lean:123:40: This simp argument is unused:
  hnegone0

Hint: Omit it from the simp argument list.
  simp [forbidden, hone0, hone0.symm, h̵n̵e̵g̵o̵n̵e̵0̵,̵ ̵hnegone0.symm, hminus, hminus.symm]

Note: This linter can be disabled with `set_option linter.unusedSimpArgs false`
warning: Proofs/Erdos85TaggedFactorization.lean:124:6: This simp argument is unused:
  hminus

Hint: Omit it from the simp argument list.
  simp [forbidden, hone0, hone0.symm, hnegone0, hnegone0.symm,
  ̵  ̵ ̵ ̵ ̵ ̵hminus,̵ ̵h̵m̵i̵n̵u̵s̵.symm]

Note: This linter can be disabled with `set_option linter.unusedSimpArgs false`
⚠ [8780/8981] Replayed Proofs.Erdos85DifferenceArray
warning: Proofs/Erdos85DifferenceArray.lean:28:0: automatically included section variable(s) unused in theorem `Erdos85.everyInvolutionHasFixedPoint_of_odd`:
  [DecidableEq I]
consider restructuring your `variable` declarations so that the variables are not in scope or explicitly omit them:
  omit [DecidableEq I] in theorem ...

Note: This linter can be disabled with `set_option linter.unusedSectionVars false`
warning: Proofs/Erdos85DifferenceArray.lean:48:0: automatically included section variable(s) unused in theorem `Erdos85.subset_diagonal_biUnion_of_symmetric_unique_rows`:
  [DecidableEq I]
  [Fintype Z]
consider restructuring your `variable` declarations so that the variables are not in scope or explicitly omit them:
  omit [DecidableEq I] [Fintype Z] in theorem ...

Note: This linter can be disabled with `set_option linter.unusedSectionVars false`
warning: Proofs/Erdos85DifferenceArray.lean:95:24: Variable name `hr3` is not explicitly referenced.

The binding can be removed (if unused) or named `_` (if used implicitly).

Note: This linter can be disabled with `set_option linter.unusedVariables false`
warning: Proofs/Erdos85DifferenceArray.lean:134:10: This simp argument is unused:
  hone0

Hint: Omit it from the simp argument list.
  simp [̵h̵o̵n̵e̵0̵,̵ ̵h̵o̵n̵e̵0̵.̵s̵y̵m̵m̵,̵[̲h̲o̲n̲e̲0̲.̲s̲y̲m̲m̲,̲ hnegone0, hnegone0.symm, hminus, hminus.symm]

Note: This linter can be disabled with `set_option linter.unusedSimpArgs false`
warning: Proofs/Erdos85DifferenceArray.lean:134:29: This simp argument is unused:
  hnegone0

Hint: Omit it from the simp argument list.
  simp [hone0, hone0.symm, h̵n̵e̵g̵o̵n̵e̵0̵,̵ ̵hnegone0.symm, hminus, hminus.symm]

Note: This linter can be disabled with `set_option linter.unusedSimpArgs false`
warning: Proofs/Erdos85DifferenceArray.lean:135:6: This simp argument is unused:
  hminus

Hint: Omit it from the simp argument list.
  simp [hone0, hone0.symm, hnegone0, hnegone0.symm, h̵m̵i̵n̵u̵s̵,̵ ̵hminus.symm]

Note: This linter can be disabled with `set_option linter.unusedSimpArgs false`
warning: Proofs/Erdos85DifferenceArray.lean:199:0: automatically included section variable(s) unused in theorem `Erdos85.sum_diagonal_orderedDifference_card_eq_of_trace`:
  [DecidableEq I]
consider restructuring your `variable` declarations so that the variables are not in scope or explicitly omit them:
  omit [DecidableEq I] in theorem ...

Note: This linter can be disabled with `set_option linter.unusedSectionVars false`
⚠ [8781/8981] Replayed Proofs.Erdos85ZeroRowDifference
info: Proofs/Erdos85ZeroRowDifference.lean:71:24: Try this:
  [apply] ring_nf
  
  The `ring` tactic failed to close the goal. Use `ring_nf` to obtain a normal form.
    
  Note that `ring` works primarily in *commutative* rings. If you have a noncommutative ring, abelian group or module, consider using `noncomm_ring`, `abel` or `module` instead.
warning: Proofs/Erdos85ZeroRowDifference.lean:71:20: Used `tac1 <;> tac2` where `(tac1; tac2)` would suffice

Note: This linter can be disabled with `set_option linter.unnecessarySeqFocus false`
⚠ [8783/8981] Replayed Proofs.Erdos85InvariantDecomposition
warning: Proofs/Erdos85InvariantDecomposition.lean:23:8: automatically included section variable(s) unused in theorem `_private.Proofs.Erdos85InvariantDecomposition.0.Erdos85.invariant_prodMap_eq_conj`:
  [FiniteDimensional K E]
consider restructuring your `variable` declarations so that the variables are not in scope or explicitly omit them:
  omit [FiniteDimensional K E] in theorem ...

Note: This linter can be disabled with `set_option linter.unusedSectionVars false`
warning: Proofs/Erdos85InvariantDecomposition.lean:40:4: This simp argument is unused:
  hU

Hint: Omit it from the simp argument list.
  simp only [Basis.prod_apply, LinearMap.coe_inl, LinearMap.coe_inr,
  ̵  ̵ ̵ ̵LinearMap.prodMap_apply,
  ̲  ̲ ̲ ̲LinearEquiv.conj_apply, LinearEquiv.symm_symm,
  ̵  ̵ ̵ ̵Submodule.coe_prodEquivOfIsCompl,
  ̲  ̲ ̲ ̲LinearMap.coe_comp,
  ̵  ̵ ̵ ̵LinearEquiv.coe_coe, Function.comp_apply, LinearMap.coprod_apply,
      Submodule.coe_subtype, map_add, Sum.forall, Sum.elim_inl, map_zero,
  ̵  ̵ ̵ ̵ZeroMemClass.coe_zero,
  ̲  ̲ ̲ ̲add_zero, LinearEquiv.eq_symm_apply, and_self,
  ̵  ̵ ̵ ̵Submodule.coe_prodEquivOfIsCompl', ̵L̵i̵n̵e̵a̵r̵M̵a̵p̵.̵c̵o̵e̵_̵r̵e̵s̵t̵r̵i̵c̵t̵_̵a̵p̵p̵l̵y̵,̵
      h̵U̵L̲i̲n̲e̲a̲r̲M̲a̲p̲.̲c̲o̲e̲_̲r̲e̲s̲t̲r̲i̲c̲t̲_̲a̲p̲p̲l̲y̲, hW, implies_true, Sum.elim_inr, zero_add, e, b]

Note: This linter can be disabled with `set_option linter.unusedSimpArgs false`
warning: Proofs/Erdos85InvariantDecomposition.lean:40:8: This simp argument is unused:
  hW

Hint: Omit it from the simp argument list.
  simp only [Basis.prod_apply, LinearMap.coe_inl, LinearMap.coe_inr,
  ̵  ̵ ̵ ̵LinearMap.prodMap_apply,
  ̲  ̲ ̲ ̲LinearEquiv.conj_apply, LinearEquiv.symm_symm,
  ̵  ̵ ̵ ̵Submodule.coe_prodEquivOfIsCompl,
  ̲  ̲ ̲ ̲LinearMap.coe_comp,
  ̵  ̵ ̵ ̵LinearEquiv.coe_coe, Function.comp_apply, LinearMap.coprod_apply,
      Submodule.coe_subtype, map_add, Sum.forall, Sum.elim_inl, map_zero,
  ̵  ̵ ̵ ̵ZeroMemClass.coe_zero,
  ̲  ̲ ̲ ̲add_zero, LinearEquiv.eq_symm_apply, and_self,
  ̵  ̵ ̵ ̵Submodule.coe_prodEquivOfIsCompl', ̵L̵i̵n̵e̵a̵r̵M̵a̵p̵.̵c̵o̵e̵_̵r̵e̵s̵t̵r̵i̵c̵t̵_̵a̵p̵p̵l̵y̵,̵
      h̵U̵L̲i̲n̲e̲a̲r̲M̲a̲p̲.̲c̲o̲e̲_̲r̲e̲s̲t̲r̲i̲c̲t̲_̲a̲p̲p̲l̲y̲, hW̵U̲, implies_true, Sum.elim_inr, zero_add, e, b]

Note: This linter can be disabled with `set_option linter.unusedSimpArgs false`
warning: Proofs/Erdos85InvariantDecomposition.lean:40:50: This simp argument is unused:
  e

Hint: Omit it from the simp argument list.
  simp only [Basis.prod_apply, LinearMap.coe_inl, LinearMap.coe_inr,
  ̵  ̵ ̵ ̵LinearMap.prodMap_apply,
  ̲  ̲ ̲ ̲LinearEquiv.conj_apply, LinearEquiv.symm_symm,
  ̵  ̵ ̵ ̵Submodule.coe_prodEquivOfIsCompl,
  ̲  ̲ ̲ ̲LinearMap.coe_comp,
  ̵  ̵ ̵ ̵LinearEquiv.coe_coe, Function.comp_apply, LinearMap.coprod_apply,
      Submodule.coe_subtype, map_add, Sum.forall, Sum.elim_inl, map_zero,
  ̵  ̵ ̵ ̵ZeroMemClass.coe_zero,
  ̲  ̲ ̲ ̲add_zero, LinearEquiv.eq_symm_apply, and_self,
  ̵  ̵ ̵ ̵Submodule.coe_prodEquivOfIsCompl', ̵L̵i̵n̵e̵a̵r̵M̵a̵p̵.̵c̵o̵e̵_̵r̵e̵s̵t̵r̵i̵c̵t̵_̵a̵p̵p̵l̵y̵,̵
      L̲i̲n̲e̲a̲r̲M̲a̲p̲.̲c̲o̲e̲_̲r̲e̲s̲t̲r̲i̲c̲t̲_̲a̲p̲p̲l̲y̲,̲ ̲hU, hW, implies_true, Sum.elim_inr, zero_add, e̵,̵ ̵b]

Note: This linter can be disabled with `set_option linter.unusedSimpArgs false`
⚠ [8785/8981] Replayed Proofs.Erdos85QuadraticTrace
warning: Proofs/Erdos85QuadraticTrace.lean:88:17: Used `tac1 <;> tac2` where `(tac1; tac2)` would suffice

Note: This linter can be disabled with `set_option linter.unnecessarySeqFocus false`
warning: Proofs/Erdos85QuadraticTrace.lean:155:2: try 'simp' instead of 'simpa'

Note: This linter can be disabled with `set_option linter.unnecessarySimpa false`
⚠ [8786/8981] Replayed Proofs.Erdos85TriangleTerminal
warning: Proofs/Erdos85TriangleTerminal.lean:57:40: This simp argument is unused:
  mul_one

Hint: Omit it from the simp argument list.
  simp only [Matrix.mul_apply, normalizedOnesProjection,
  ̵  ̵ ̵ ̵Matrix.smul_apply, Matrix.of_apply,̵ ̵m̵u̵l̵_̵o̵n̵e̵]

Note: This linter can be disabled with `set_option linter.unusedSimpArgs false`
warning: Proofs/Erdos85TriangleTerminal.lean:75:40: This simp argument is unused:
  one_mul

Hint: Omit it from the simp argument list.
  simp only [Matrix.mul_apply, normalizedOnesProjection,
  ̵  ̵ ̵ ̵Matrix.smul_apply, Matrix.of_apply,̵ ̵o̵n̵e̵_̵m̵u̵l̵]

Note: This linter can be disabled with `set_option linter.unusedSimpArgs false`
warning: Proofs/Erdos85TriangleTerminal.lean:108:6: This simp argument is unused:
  one_mul

Hint: Omit it from the simp argument list.
  simp only [normalizedOnesProjection, Matrix.toLin'_apply, Matrix.mulVec,
  ̵  ̵ ̵ ̵ ̵ ̵dotProduct,
  ̲  ̲ ̲ ̲ ̲ ̲Matrix.smul_apply, Matrix.of_apply, v, Pi.sub_apply,
  ̵  ̵ ̵ ̵ ̵ ̵o̵n̵e̵_̵m̵u̵l̵,̵ ̵smul_eq_mul]

Note: This linter can be disabled with `set_option linter.unusedSimpArgs false`
warning: Proofs/Erdos85TriangleTerminal.lean:110:34: This simp argument is unused:
  hab

Hint: Omit it from the simp argument list.
  simp [Finset.sum_sub_distrib,̵ ̵h̵a̵b̵]

Note: This linter can be disabled with `set_option linter.unusedSimpArgs false`
warning: Proofs/Erdos85TriangleTerminal.lean:547:6: This simp argument is unused:
  one_mul

Hint: Omit it from the simp argument list.
  simp only [P, normalizedOnesProjection, Matrix.toLin'_apply,
  ̵  ̵ ̵ ̵ ̵ ̵Matrix.mulVec, dotProduct,
  ̲  ̲ ̲ ̲ ̲ ̲Matrix.smul_apply, Matrix.of_apply,
  ̵  ̵ ̵ ̵ ̵ ̵o̵n̵e̵_̵m̵u̵l̵,̵ ̵Pi.zero_apply, smul_eq_mul] at hi

Note: This linter can be disabled with `set_option linter.unusedSimpArgs false`
⚠ [8787/8981] Replayed Proofs.Erdos85EqualCycleTerminal
warning: Proofs/Erdos85EqualCycleTerminal.lean:80:5: Variable name `hdiagNonneg` is not explicitly referenced.

The binding can be removed (if unused) or named `_` (if used implicitly).

Note: This linter can be disabled with `set_option linter.unusedVariables false`
⚠ [8788/8981] Replayed Proofs.Erdos85DifferenceArrayBoundary
warning: Proofs/Erdos85DifferenceArrayBoundary.lean:58:6: try 'simp' instead of 'simpa'

Note: This linter can be disabled with `set_option linter.unnecessarySimpa false`
⚠ [8790/8981] Replayed Proofs.Erdos85PrimeFourier
warning: Proofs/Erdos85PrimeFourier.lean:80:15: Variable name `hp` is not explicitly referenced.

The binding can be removed (if unused) or named `_` (if used implicitly).

Note: This linter can be disabled with `set_option linter.unusedVariables false`
⚠ [8791/8981] Replayed Proofs.Erdos85CyclicConvolutionParity
warning: Proofs/Erdos85CyclicConvolutionParity.lean:25:0: automatically included section variable(s) unused in theorem `Erdos85.cyclicConvolution_comm`:
  [DecidableEq Z]
consider restructuring your `variable` declarations so that the variables are not in scope or explicitly omit them:
  omit [DecidableEq Z] in theorem ...

Note: This linter can be disabled with `set_option linter.unusedSectionVars false`
⚠ [8792/8981] Replayed Proofs.Erdos85PrimeConvolutionObstruction
warning: Proofs/Erdos85PrimeConvolutionObstruction.lean:24:0: automatically included section variable(s) unused in theorem `Erdos85.sum_integerIndicator`:
  [AddCommGroup Z]
consider restructuring your `variable` declarations so that the variables are not in scope or explicitly omit them:
  omit [AddCommGroup Z] in theorem ...

Note: This linter can be disabled with `set_option linter.unusedSectionVars false`
warning: Proofs/Erdos85PrimeConvolutionObstruction.lean:62:48: This simp argument is unused:
  mul_one

Hint: Omit it from the simp argument list.
  simp only [Finset.sum_add_distrib, Finset.sum_sub_distrib, Finset.sum_const,
  ̲  ̲ ̲ ̲ ̲ ̲ ̲ ̲ ̲ ̲ ̲ ̲F̵i̵n̵s̵e̵t̵.̵c̵a̵r̵d̵_̵u̵n̵i̵v̵,̵ ̵m̵u̵l̵_̵o̵n̵e̵]̵F̲i̲n̲s̲e̲t̲.̲c̲a̲r̲d̲_̲u̲n̲i̲v̲]̲

Note: This linter can be disabled with `set_option linter.unusedSimpArgs false`
warning: Proofs/Erdos85PrimeConvolutionObstruction.lean:174:4: `push_neg` has been deprecated. Prefer using `push Not` instead.
If you'd rather continue using `push_neg` in your project, you can implement it as follows:
```
open Lean.Parser.Tactic in
macro "push_neg" cfg:optConfig loc:(location)? : tactic =>
  `(tactic| push $cfg:optConfig Not $[$loc]?)
```
warning: Proofs/Erdos85PrimeConvolutionObstruction.lean:195:18: This simp argument is unused:
  F

Hint: Omit it from the simp argument list.
  simp ̵[̵F̵]̵

Note: This linter can be disabled with `set_option linter.unusedSimpArgs false`
warning: Proofs/Erdos85PrimeConvolutionObstruction.lean:226:4: Try `simp at this` instead of `simpa using this`

Note: This linter can be disabled with `set_option linter.unnecessarySimpa false`
warning: Proofs/Erdos85PrimeConvolutionObstruction.lean:253:0: automatically included section variable(s) unused in theorem `Erdos85.threePoint_card_of_modulus_ge_four`:
  [NeZero p]
consider restructuring your `variable` declarations so that the variables are not in scope or explicitly omit them:
  omit [NeZero p] in theorem ...

Note: This linter can be disabled with `set_option linter.unusedSectionVars false`
warning: Proofs/Erdos85PrimeConvolutionObstruction.lean:296:36: try 'simp' instead of 'simpa'

Note: This linter can be disabled with `set_option linter.unnecessarySimpa false`
warning: Proofs/Erdos85PrimeConvolutionObstruction.lean:297:36: try 'simp' instead of 'simpa'

Note: This linter can be disabled with `set_option linter.unnecessarySimpa false`
warning: Proofs/Erdos85PrimeConvolutionObstruction.lean:298:39: try 'simp' instead of 'simpa'

Note: This linter can be disabled with `set_option linter.unnecessarySimpa false`
⚠ [8793/8981] Replayed Proofs.Erdos85ProjectedMultiplicityParity
warning: Proofs/Erdos85ProjectedMultiplicityParity.lean:27:0: automatically included section variable(s) unused in theorem `Erdos85.card_projectionFiber_inter_eq_indicator_of_image_injective`:
  [Fintype Y]
consider restructuring your `variable` declarations so that the variables are not in scope or explicitly omit them:
  omit [Fintype Y] in theorem ...

Note: This linter can be disabled with `set_option linter.unusedSectionVars false`
warning: Proofs/Erdos85ProjectedMultiplicityParity.lean:60:0: automatically included section variable(s) unused in theorem `Erdos85.odd_projectedMultiplicity_iff`:
  [DecidableEq X]
  [Fintype Y]
consider restructuring your `variable` declarations so that the variables are not in scope or explicitly omit them:
  omit [DecidableEq X] [Fintype Y] in theorem ...

Note: This linter can be disabled with `set_option linter.unusedSectionVars false`
warning: Proofs/Erdos85ProjectedMultiplicityParity.lean:93:0: automatically included section variable(s) unused in theorem `Erdos85.odd_projectedMultiplicity_iff_of_exception_bijection`:
  [Fintype Y]
consider restructuring your `variable` declarations so that the variables are not in scope or explicitly omit them:
  omit [Fintype Y] in theorem ...

Note: This linter can be disabled with `set_option linter.unusedSectionVars false`
warning: Proofs/Erdos85ProjectedMultiplicityParity.lean:128:0: automatically included section variable(s) unused in theorem `Erdos85.exists_integer_error_of_odd_iff`:
  [Fintype Y]
consider restructuring your `variable` declarations so that the variables are not in scope or explicitly omit them:
  omit [Fintype Y] in theorem ...

Note: This linter can be disabled with `set_option linter.unusedSectionVars false`
⚠ [8794/8981] Replayed Proofs.Erdos85DifferenceArrayEquality
warning: Proofs/Erdos85DifferenceArrayEquality.lean:24:0: automatically included section variable(s) unused in theorem `Erdos85.existsUnique_mem_of_subset_biUnion_of_sum_card_eq`:
  [DecidableEq I]
  [Fintype Z]
consider restructuring your `variable` declarations so that the variables are not in scope or explicitly omit them:
  omit [DecidableEq I] [Fintype Z] in theorem ...

Note: This linter can be disabled with `set_option linter.unusedSectionVars false`
⚠ [8795/8981] Replayed Proofs.Erdos85DiagonalAnchorParity
warning: Proofs/Erdos85DiagonalAnchorParity.lean:23:0: automatically included section variable(s) unused in theorem `Erdos85.anchorMultiplicity_neg_eq`:
  [DecidableEq I]
consider restructuring your `variable` declarations so that the variables are not in scope or explicitly omit them:
  omit [DecidableEq I] in theorem ...

Note: This linter can be disabled with `set_option linter.unusedSectionVars false`
warning: Proofs/Erdos85DiagonalAnchorParity.lean:41:0: automatically included section variable(s) unused in theorem `Erdos85.anchorMultiplicity_eq_one_iff`:
  [DecidableEq I]
  [Fintype Z]
consider restructuring your `variable` declarations so that the variables are not in scope or explicitly omit them:
  omit [DecidableEq I] [Fintype Z] in theorem ...

Note: This linter can be disabled with `set_option linter.unusedSectionVars false`
⚠ [8797/8981] Replayed Proofs.Erdos85DifferenceArrayParity
warning: Proofs/Erdos85DifferenceArrayParity.lean:64:0: automatically included section variable(s) unused in theorem `Erdos85.odd_card_diagonal_occurrences_of_symmetric_unique_rows`:
  [Fintype Z]
consider restructuring your `variable` declarations so that the variables are not in scope or explicitly omit them:
  omit [Fintype Z] in theorem ...

Note: This linter can be disabled with `set_option linter.unusedSectionVars false`
⚠ [8799/8981] Replayed Proofs.Erdos85ZModProjectionFiber
warning: Proofs/Erdos85ZModProjectionFiber.lean:87:40: Variable name `hr3` is not explicitly referenced.

The binding can be removed (if unused) or named `_` (if used implicitly).

Note: This linter can be disabled with `set_option linter.unusedVariables false`
⚠ [8803/8981] Replayed Proofs.Erdos85FrequencyPairInterface
warning: Proofs/Erdos85FrequencyPairInterface.lean:38:0: automatically included section variable(s) unused in theorem `Erdos85.pow_eq_one_of_dvd_of_pow_eq_one`:
  [NeZero p]
consider restructuring your `variable` declarations so that the variables are not in scope or explicitly omit them:
  omit [NeZero p] in theorem ...

Note: This linter can be disabled with `set_option linter.unusedSectionVars false`
⚠ [8805/8981] Replayed Proofs.Erdos85FrequencyPairTransport
warning: Proofs/Erdos85FrequencyPairTransport.lean:54:8: automatically included section variable(s) unused in theorem `Erdos85.labeledAdjMatrix_apply`:
  [Fintype V]
  [DecidableEq V]
  [Fintype C]
  [DecidableEq C]
  [NeZero r]
consider restructuring your `variable` declarations so that the variables are not in scope or explicitly omit them:
  omit [Fintype V] [DecidableEq V] [Fintype C] [DecidableEq C] [NeZero r] in theorem ...

Note: This linter can be disabled with `set_option linter.unusedSectionVars false`
warning: Proofs/Erdos85FrequencyPairTransport.lean:59:0: automatically included section variable(s) unused in theorem `Erdos85.adjMatrix_map_intCast`:
  [Fintype V]
  [DecidableEq V]
consider restructuring your `variable` declarations so that the variables are not in scope or explicitly omit them:
  omit [Fintype V] [DecidableEq V] in theorem ...

Note: This linter can be disabled with `set_option linter.unusedSectionVars false`
warning: Proofs/Erdos85FrequencyPairTransport.lean:68:0: automatically included section variable(s) unused in theorem `Erdos85.submatrix_defect_eq_cycleDefectMatrix`:
  [Fintype C]
consider restructuring your `variable` declarations so that the variables are not in scope or explicitly omit them:
  omit [Fintype C] in theorem ...

Note: This linter can be disabled with `set_option linter.unusedSectionVars false`
warning: Proofs/Erdos85FrequencyPairTransport.lean:174:0: automatically included section variable(s) unused in theorem `Erdos85.labeledAdjMatrix_isSymm`:
  [Fintype V]
  [DecidableEq V]
  [Fintype C]
  [DecidableEq C]
  [NeZero r]
consider restructuring your `variable` declarations so that the variables are not in scope or explicitly omit them:
  omit [Fintype V] [DecidableEq V] [Fintype C] [DecidableEq C] [NeZero r] in theorem ...

Note: This linter can be disabled with `set_option linter.unusedSectionVars false`
warning: Proofs/Erdos85FrequencyPairTransport.lean:182:0: automatically included section variable(s) unused in theorem `Erdos85.labeledAdjMatrix_diag_translationInvariant`:
  [Fintype C]
  [DecidableEq C]
consider restructuring your `variable` declarations so that the variables are not in scope or explicitly omit them:
  omit [Fintype C] [DecidableEq C] in theorem ...

Note: This linter can be disabled with `set_option linter.unusedSectionVars false`
warning: Proofs/Erdos85FrequencyPairTransport.lean:204:0: automatically included section variable(s) unused in theorem `Erdos85.sum_labeledAdjMatrix_diag_eq_anchorMultiplicity`:
  [DecidableEq C]
consider restructuring your `variable` declarations so that the variables are not in scope or explicitly omit them:
  omit [DecidableEq C] in theorem ...

Note: This linter can be disabled with `set_option linter.unusedSectionVars false`
⚠ [8806/8981] Replayed Proofs.Erdos85PositiveExcessDeterminant
warning: Proofs/Erdos85PositiveExcessDeterminant.lean:55:8: try 'simp' instead of 'simpa'

Note: This linter can be disabled with `set_option linter.unnecessarySimpa false`
warning: Proofs/Erdos85PositiveExcessDeterminant.lean:58:8: 'congr 1' tactic does nothing

Note: This linter can be disabled with `set_option linter.unusedTactic false`
warning: Proofs/Erdos85PositiveExcessDeterminant.lean:145:19: This simp argument is unused:
  Pi.smul_apply

Hint: Omit it from the simp argument list.
  simp only [Matrix.add_apply, Matrix.one_apply, Matrix.of_apply, if_pos, u, P̵i̵.̵s̵m̵u̵l̵_̵a̵p̵p̵l̵y̵,̵ ̵smul_eq_mul,
  ̲  ̲ ̲ ̲ ̲ ̲ ̲ ̲one_mul]

Note: This linter can be disabled with `set_option linter.unusedSimpArgs false`
warning: Proofs/Erdos85PositiveExcessDeterminant.lean:145:34: This simp argument is unused:
  smul_eq_mul

Hint: Omit it from the simp argument list.
  simp only [Matrix.add_apply, Matrix.one_apply, Matrix.of_apply, if_pos, u, Pi.smul_apply,
  ̲  ̲ ̲ ̲ ̲ ̲ ̲ ̲s̵m̵u̵l̵_̵e̵q̵_̵m̵u̵l̵,̵ ̵one_mul]

Note: This linter can be disabled with `set_option linter.unusedSimpArgs false`
warning: Proofs/Erdos85PositiveExcessDeterminant.lean:145:47: This simp argument is unused:
  one_mul

Hint: Omit it from the simp argument list.
  simp only [Matrix.add_apply, Matrix.one_apply, Matrix.of_apply, if_pos, u, Pi.smul_apply,
  ̲  ̲ ̲ ̲ ̲ ̲ ̲ ̲s̵m̵u̵l̵_̵e̵q̵_̵m̵u̵l̵,̵ ̵o̵n̵e̵_̵m̵u̵l̵]̵s̲m̲u̲l̲_̲e̲q̲_̲m̲u̲l̲]̲

Note: This linter can be disabled with `set_option linter.unusedSimpArgs false`
⚠ [8807/8981] Replayed Proofs.Erdos85FrequencyPairMixed
warning: Proofs/Erdos85FrequencyPairMixed.lean:164:0: automatically included section variable(s) unused in theorem `Erdos85.cycle_recurrence_nat`:
  [NeZero n]
consider restructuring your `variable` declarations so that the variables are not in scope or explicitly omit them:
  omit [NeZero n] in theorem ...

Note: This linter can be disabled with `set_option linter.unusedSectionVars false`
warning: Proofs/Erdos85FrequencyPairMixed.lean:310:0: automatically included section variable(s) unused in theorem `Erdos85.blockDiagonal'_smul_blocks`:
  [Fintype C]
  [∀ (c : C), NeZero (ℓ c)]
consider restructuring your `variable` declarations so that the variables are not in scope or explicitly omit them:
  omit [Fintype C] [∀ (c : C), NeZero (ℓ c)] in theorem ...

Note: This linter can be disabled with `set_option linter.unusedSectionVars false`
warning: Proofs/Erdos85FrequencyPairMixed.lean:491:5: Variable name `hp` is not explicitly referenced.

The binding can be removed (if unused) or named `_` (if used implicitly).

Note: This linter can be disabled with `set_option linter.unusedVariables false`
warning: Proofs/Erdos85FrequencyPairMixed.lean:597:0: automatically included section variable(s) unused in theorem `Erdos85.mixed_diag_block_apply_eq_zero_row`:
  [Field K]
  [Fintype C]
  [DecidableEq C]
consider restructuring your `variable` declarations so that the variables are not in scope or explicitly omit them:
  omit [Field K] [Fintype C] [DecidableEq C] in theorem ...

Note: This linter can be disabled with `set_option linter.unusedSectionVars false`
⚠ [8808/8981] Replayed Proofs.Erdos85EqualCycleLabeling
warning: Proofs/Erdos85EqualCycleLabeling.lean:196:4: `push_neg` has been deprecated. Prefer using `push Not` instead.
If you'd rather continue using `push_neg` in your project, you can implement it as follows:
```
open Lean.Parser.Tactic in
macro "push_neg" cfg:optConfig loc:(location)? : tactic =>
  `(tactic| push $cfg:optConfig Not $[$loc]?)
```
⚠ [8809/8981] Replayed Proofs.Erdos85FrequencyPairMixedTransport
warning: Proofs/Erdos85FrequencyPairMixedTransport.lean:56:8: automatically included section variable(s) unused in theorem `Erdos85.mixedLabeledAdjMatrix_apply`:
  [Fintype V]
  [DecidableEq V]
  [Fintype C]
  [DecidableEq C]
  [∀ (c : C), NeZero (ℓ c)]
consider restructuring your `variable` declarations so that the variables are not in scope or explicitly omit them:
  omit [Fintype V] [DecidableEq V] [Fintype C] [DecidableEq C] [∀ (c : C), NeZero (ℓ c)] in theorem ...

Note: This linter can be disabled with `set_option linter.unusedSectionVars false`
warning: Proofs/Erdos85FrequencyPairMixedTransport.lean:64:0: automatically included section variable(s) unused in theorem `Erdos85.mixedCycleLabeling_bijective`:
  [Fintype V]
  [DecidableEq V]
  [Fintype C]
  [∀ (c : C), NeZero (ℓ c)]
consider restructuring your `variable` declarations so that the variables are not in scope or explicitly omit them:
  omit [Fintype V] [DecidableEq V] [Fintype C] [∀ (c : C), NeZero (ℓ c)] in theorem ...

Note: This linter can be disabled with `set_option linter.unusedSectionVars false`
warning: Proofs/Erdos85FrequencyPairMixedTransport.lean:81:0: automatically included section variable(s) unused in theorem `Erdos85.submatrix_defect_eq_mixedDefectMatrix`:
  [Fintype C]
consider restructuring your `variable` declarations so that the variables are not in scope or explicitly omit them:
  omit [Fintype C] in theorem ...

Note: This linter can be disabled with `set_option linter.unusedSectionVars false`
warning: Proofs/Erdos85FrequencyPairMixedTransport.lean:197:0: automatically included section variable(s) unused in theorem `Erdos85.mixedLabeledAdjMatrix_isSymm`:
  [Fintype V]
  [DecidableEq V]
  [Fintype C]
  [DecidableEq C]
  [∀ (c : C), NeZero (ℓ c)]
consider restructuring your `variable` declarations so that the variables are not in scope or explicitly omit them:
  omit [Fintype V] [DecidableEq V] [Fintype C] [DecidableEq C] [∀ (c : C), NeZero (ℓ c)] in theorem ...

Note: This linter can be disabled with `set_option linter.unusedSectionVars false`
warning: Proofs/Erdos85FrequencyPairMixedTransport.lean:205:0: automatically included section variable(s) unused in theorem `Erdos85.mixedLabeledAdjMatrix_diag_translationInvariant`:
  [Fintype C]
  [DecidableEq C]
consider restructuring your `variable` declarations so that the variables are not in scope or explicitly omit them:
  omit [Fintype C] [DecidableEq C] in theorem ...

Note: This linter can be disabled with `set_option linter.unusedSectionVars false`
warning: Proofs/Erdos85FrequencyPairMixedTransport.lean:237:0: automatically included section variable(s) unused in theorem `Erdos85.sum_mixedLabeled_diag_eq_mixedProjectedAnchor`:
  [DecidableEq C]
consider restructuring your `variable` declarations so that the variables are not in scope or explicitly omit them:
  omit [DecidableEq C] in theorem ...

Note: This linter can be disabled with `set_option linter.unusedSectionVars false`
⚠ [8810/8981] Replayed Proofs.Erdos85QuadraticTraceField
warning: Proofs/Erdos85QuadraticTraceField.lean:24:23: This simp argument is unused:
  pow_two

Hint: Omit it from the simp argument list.
  simp ̵[̵p̵o̵w̵_̵t̵w̵o̵]̵

Note: This linter can be disabled with `set_option linter.unusedSimpArgs false`
warning: Proofs/Erdos85QuadraticTraceField.lean:37:17: Used `tac1 <;> tac2` where `(tac1; tac2)` would suffice

Note: This linter can be disabled with `set_option linter.unnecessarySeqFocus false`
warning: Proofs/Erdos85QuadraticTraceField.lean:100:2: try 'simp' instead of 'simpa'

Note: This linter can be disabled with `set_option linter.unnecessarySimpa false`
⚠ [8812/8981] Replayed Proofs.Erdos85PrimeFourierNonsquare
warning: Proofs/Erdos85PrimeFourierNonsquare.lean:62:4: `push_neg` has been deprecated. Prefer using `push Not` instead.
If you'd rather continue using `push_neg` in your project, you can implement it as follows:
```
open Lean.Parser.Tactic in
macro "push_neg" cfg:optConfig loc:(location)? : tactic =>
  `(tactic| push $cfg:optConfig Not $[$loc]?)
```
warning: Proofs/Erdos85PrimeFourierNonsquare.lean:76:10: This simp argument is unused:
  exceptional

Hint: Omit it from the simp argument list.
  simp ̵[̵e̵x̵c̵e̵p̵t̵i̵o̵n̵a̵l̵]̵

Note: This linter can be disabled with `set_option linter.unusedSimpArgs false`
⚠ [8813/8981] Replayed Proofs.Erdos85MixedNonsquareMass
warning: Proofs/Erdos85MixedNonsquareMass.lean:39:0: automatically included section variable(s) unused in theorem `Erdos85.sum_mixedProjectedAnchor_eq_mass`:
  [DecidableEq C]
consider restructuring your `variable` declarations so that the variables are not in scope or explicitly omit them:
  omit [DecidableEq C] in theorem ...

Note: This linter can be disabled with `set_option linter.unusedSectionVars false`
ℹ [8824/8981] Replayed Proofs.Erdos85BinarySquareAdjacencySquareAction
info: Proofs/Erdos85BinarySquareAdjacencySquareAction.lean:40:0: 'Erdos85.binarySquare_regular_adjMatrix_sq_mulVec_apply' depends on axioms: [propext, Classical.choice, Quot.sound]
ℹ [8825/8981] Replayed Proofs.Erdos85ThreeLevelSupportBalance
info: Proofs/Erdos85ThreeLevelSupportBalance.lean:83:0: 'Erdos85.threeLevel_zeroSum_support_balance' depends on axioms: [propext, Classical.choice, Quot.sound]
info: Proofs/Erdos85ThreeLevelSupportBalance.lean:84:0: 'Erdos85.threeLevel_sum_eq_two_mul_card_pos_sub_two_mul_card_neg' depends on axioms: [propext,
 Classical.choice,
 Quot.sound]
ℹ [8826/8981] Replayed Proofs.Erdos85BinarySquareSignedEigenvectorSupport
info: Proofs/Erdos85BinarySquareSignedEigenvectorSupport.lean:249:0: 'Erdos85.binarySquare_regular_signedEigenvector_outsideSupport' depends on axioms: [propext,
 Classical.choice,
 Quot.sound]
info: Proofs/Erdos85BinarySquareSignedEigenvectorSupport.lean:250:0: 'Erdos85.sum_adjMatrix_mulVec_of_regular_int' depends on axioms: [propext, Classical.choice, Quot.sound]
info: Proofs/Erdos85BinarySquareSignedEigenvectorSupport.lean:251:0: 'Erdos85.binarySquare_regular_signedEigenvector_outsideSupport_balance' depends on axioms: [propext,
 Classical.choice,
 Quot.sound]
ℹ [8827/8981] Replayed Proofs.Erdos85ThreeLevelEigenSupportMinDegree
info: Proofs/Erdos85ThreeLevelEigenSupportMinDegree.lean:152:0: 'Erdos85.threeLevel_eigenvalue_two_extreme_support_minDegree' depends on axioms: [propext, Classical.choice, Quot.sound]
info: Proofs/Erdos85ThreeLevelEigenSupportMinDegree.lean:153:0: 'Erdos85.orderSixtyFour_sizeTwo_jointEigenvector_extremeSupport_minDegree' depends on axioms: [propext,
 Classical.choice,
 Quot.sound]
ℹ [8829/8981] Replayed Proofs.Erdos85SignedRegularEigenvalueRange
info: Proofs/Erdos85SignedRegularEigenvalueRange.lean:224:0: 'Erdos85.sum_eq_card_sub_two_mul_filter_neg_one' depends on axioms: [propext, Classical.choice, Quot.sound]
info: Proofs/Erdos85SignedRegularEigenvalueRange.lean:225:0: 'Erdos85.signed_regular_eigenvalue_range_parity' depends on axioms: [propext, Classical.choice, Quot.sound]
info: Proofs/Erdos85SignedRegularEigenvalueRange.lean:226:0: 'Erdos85.signed_regular_eigenvalue_range_parity_on' depends on axioms: [propext, Classical.choice, Quot.sound]
info: Proofs/Erdos85SignedRegularEigenvalueRange.lean:227:0: 'Erdos85.signed_negativeDegree_eigenvector_flips_on_edges_on' depends on axioms: [propext, Classical.choice, Quot.sound]
info: Proofs/Erdos85SignedRegularEigenvalueRange.lean:228:0: 'Erdos85.exists_boolColor_of_signed_negativeDegree_eigenvector_on' depends on axioms: [propext,
 Classical.choice,
 Quot.sound]
info: Proofs/Erdos85SignedRegularEigenvalueRange.lean:229:0: 'Erdos85.orderSixtyFour_signed_sizeTwo_eigenvalue_candidates' depends on axioms: [propext, Classical.choice, Quot.sound]
info: Proofs/Erdos85SignedRegularEigenvalueRange.lean:230:0: 'Erdos85.orderSixtyFour_sizeTwo_jointEigenvalue_candidates' depends on axioms: [propext, Classical.choice, Quot.sound]
ℹ [8830/8981] Replayed Proofs.Erdos85BinarySquareSizeTwoSignedJointPackage
info: Proofs/Erdos85BinarySquareSizeTwoSignedJointPackage.lean:228:0: 'Erdos85.orderSixtyFour_sizeTwo_signedJoint_derived' depends on axioms: [propext, Classical.choice, Quot.sound]
info: Proofs/Erdos85BinarySquareSizeTwoSignedJointPackage.lean:229:0: 'Erdos85.orderSixtyFour_sizeTwo_signedJoint_candidates_of_local' depends on axioms: [propext,
 Classical.choice,
 Quot.sound]
ℹ [8831/8981] Replayed Proofs.Erdos85ThreeLevelEigenSupportDegreeBalance
info: Proofs/Erdos85ThreeLevelEigenSupportDegreeBalance.lean:176:0: 'Erdos85.threeLevel_sum_eq_two_mul_pos_sub_neg' depends on axioms: [propext, Classical.choice, Quot.sound]
info: Proofs/Erdos85ThreeLevelEigenSupportDegreeBalance.lean:177:0: 'Erdos85.threeLevel_eigenvalue_two_extreme_degreeBalance' depends on axioms: [propext, Classical.choice, Quot.sound]
info: Proofs/Erdos85ThreeLevelEigenSupportDegreeBalance.lean:178:0: 'Erdos85.orderSixtyFour_sizeTwo_signedJoint_extreme_degreeBalance_of_local' depends on axioms: [propext,
 Classical.choice,
 Quot.sound]
ℹ [8832/8981] Replayed Proofs.Erdos85ThreeLevelEigenSupportIncidenceBalance
info: Proofs/Erdos85ThreeLevelEigenSupportIncidenceBalance.lean:130:0: 'Erdos85.extreme_support_incidenceBalance_of_degreeBalance' depends on axioms: [propext, Classical.choice, Quot.sound]
info: Proofs/Erdos85ThreeLevelEigenSupportIncidenceBalance.lean:131:0: 'Erdos85.orderSixtyFour_sizeTwo_signedJoint_extreme_incidenceBalance_of_local' depends on axioms: [propext,
 Classical.choice,
 Quot.sound]
ℹ [8833/8981] Replayed Proofs.Erdos85BinarySquareSizeTwoNegativeSupportProfiles
info: Proofs/Erdos85BinarySquareSizeTwoNegativeSupportProfiles.lean:120:0: 'Erdos85.orderSixtyFour_sizeTwo_signedJoint_supportProfile_of_local' depends on axioms: [propext,
 Classical.choice,
 Quot.sound]
info: Proofs/Erdos85BinarySquareSizeTwoNegativeSupportProfiles.lean:121:0: 'Erdos85.negative_sizeTwo_support_sizes' depends on axioms: [propext, Classical.choice, Quot.sound]
ℹ [8834/8981] Replayed Proofs.Erdos85ThreeLevelEigenSupportEdgeCensus
info: Proofs/Erdos85ThreeLevelEigenSupportEdgeCensus.lean:174:0: 'Erdos85.extreme_support_edgeCensus_of_degreeBalance' depends on axioms: [propext, Classical.choice, Quot.sound]
info: Proofs/Erdos85ThreeLevelEigenSupportEdgeCensus.lean:175:0: 'Erdos85.orderSixtyFour_sizeTwo_signedJoint_extreme_edgeCensus_of_local' depends on axioms: [propext,
 Classical.choice,
 Quot.sound]
ℹ [8835/8981] Replayed Proofs.Erdos85OrderFortyNineThreeHighTripleUnionEdges
info: Proofs/Erdos85OrderFortyNineThreeHighTripleUnionEdges.lean:92:0: 'Erdos85.threeHigh_triple_special_union_incidence' depends on axioms: [propext, Classical.choice, Quot.sound]
info: Proofs/Erdos85OrderFortyNineThreeHighTripleUnionEdges.lean:93:0: 'Erdos85.threeHigh_triple_special_union_edges_twenty_or_twentyOne' depends on axioms: [propext,
 Classical.choice,
 Quot.sound]
⚠ [8836/8981] Replayed Proofs.Erdos85OrderFortyNineThreeHighTripleNeighborEdge
warning: Proofs/Erdos85OrderFortyNineThreeHighTripleNeighborEdge.lean:17:8: automatically included section variable(s) unused in theorem `_private.Proofs.Erdos85OrderFortyNineThreeHighTripleNeighborEdge.0.Erdos85.distinguished_degree_seven`:
  hHigh
  hone
consider restructuring your `variable` declarations so that the variables are not in scope or explicitly omit them:
  omit hHigh hone in theorem ...

Note: This linter can be disabled with `set_option linter.unusedSectionVars false`
info: Proofs/Erdos85OrderFortyNineThreeHighTripleNeighborEdge.lean:96:0: 'Erdos85.threeHigh_triple_distinguished_other_neighbor_empty' depends on axioms: [propext, Classical.choice, Quot.sound]
info: Proofs/Erdos85OrderFortyNineThreeHighTripleNeighborEdge.lean:97:0: 'Erdos85.threeHigh_triple_distinguished_root_edge_no_triangle' depends on axioms: [propext,
 Classical.choice,
 Quot.sound]
info: Proofs/Erdos85OrderFortyNineThreeHighTripleNeighborEdge.lean:98:0: 'Erdos85.threeHigh_triple_distinguished_empty_neighbors_have_edge' depends on axioms: [propext,
 Classical.choice,
 Quot.sound]
⚠ [8837/8981] Replayed Proofs.Erdos85OrderFortyNineThreeHighTripleSecondaryMatching
warning: Proofs/Erdos85OrderFortyNineThreeHighTripleSecondaryMatching.lean:41:0: automatically included section variable(s) unused in theorem `Erdos85.threeHigh_triple_secondary_matching_degree_le_one`:
  [DecidableRel (antipodalGraph G).Adj]
  [DecidableRel (triangleFreeEdgeGraph G).Adj]
  hmin
  hHigh
  hone
consider restructuring your `variable` declarations so that the variables are not in scope or explicitly omit them:
  omit [DecidableRel (antipodalGraph G).Adj] [DecidableRel (triangleFreeEdgeGraph G).Adj] hmin hHigh hone in theorem ...

Note: This linter can be disabled with `set_option linter.unusedSectionVars false`
warning: Proofs/Erdos85OrderFortyNineThreeHighTripleSecondaryMatching.lean:46:0: automatically included section variable(s) unused in theorem `Erdos85.threeHigh_triple_secondary_vertex_neighbor_bound`:
  [DecidableRel (antipodalGraph G).Adj]
  [DecidableRel (triangleFreeEdgeGraph G).Adj]
  hmin
  hHigh
  hone
consider restructuring your `variable` declarations so that the variables are not in scope or explicitly omit them:
  omit [DecidableRel (antipodalGraph G).Adj] [DecidableRel (triangleFreeEdgeGraph G).Adj] hmin hHigh hone in theorem ...

Note: This linter can be disabled with `set_option linter.unusedSectionVars false`
info: Proofs/Erdos85OrderFortyNineThreeHighTripleSecondaryMatching.lean:59:0: 'Erdos85.threeHigh_triple_secondary_matching_edge_bounds' depends on axioms: [propext, Classical.choice, Quot.sound]
info: Proofs/Erdos85OrderFortyNineThreeHighTripleSecondaryMatching.lean:60:0: 'Erdos85.threeHigh_triple_secondary_matching_degree_le_one' depends on axioms: [propext, Classical.choice, Quot.sound]
info: Proofs/Erdos85OrderFortyNineThreeHighTripleSecondaryMatching.lean:61:0: 'Erdos85.threeHigh_triple_secondary_vertex_neighbor_bound' depends on axioms: [propext, Classical.choice, Quot.sound]
⚠ [8838/8981] Replayed Proofs.Erdos85OrderFortyNineThreeHighTripleFarVertex
warning: Proofs/Erdos85OrderFortyNineThreeHighTripleFarVertex.lean:16:0: automatically included section variable(s) unused in theorem `Erdos85.threeHigh_triple_empty_special_union_neighbor_bound`:
  hone
consider restructuring your `variable` declarations so that the variables are not in scope or explicitly omit them:
  omit hone in theorem ...

Note: This linter can be disabled with `set_option linter.unusedSectionVars false`
info: Proofs/Erdos85OrderFortyNineThreeHighTripleFarVertex.lean:135:0: 'Erdos85.threeHigh_triple_empty_special_union_neighbor_bound' depends on axioms: [propext, Classical.choice, Quot.sound]
info: Proofs/Erdos85OrderFortyNineThreeHighTripleFarVertex.lean:136:0: 'Erdos85.threeHigh_triple_far_vertex_has_secondary_neighbor' depends on axioms: [propext, Classical.choice, Quot.sound]
info: Proofs/Erdos85OrderFortyNineThreeHighTripleFarVertex.lean:138:0: 'Erdos85.threeHigh_triple_far_parameter_lower_bound' depends on axioms: [propext, Classical.choice, Quot.sound]
ℹ [8839/8981] Replayed Proofs.Erdos85OrderFortyNineThreeHighTripleEdgeLedger
info: Proofs/Erdos85OrderFortyNineThreeHighTripleEdgeLedger.lean:133:0: 'Erdos85.threeHigh_triple_union_secondary_edge_ledger' depends on axioms: [propext, Classical.choice, Quot.sound]
ℹ [8840/8981] Replayed Proofs.Erdos85OrderFortyNineThreeHighTripleCrossEdgeSum
info: Proofs/Erdos85OrderFortyNineThreeHighTripleCrossEdgeSum.lean:98:0: 'Erdos85.threeHigh_triple_union_edges_eq_six_add_cross_counts' depends on axioms: [propext,
 Classical.choice,
 Quot.sound]
info: Proofs/Erdos85OrderFortyNineThreeHighTripleCrossEdgeSum.lean:99:0: 'Erdos85.threeHigh_triple_four_secondary_edges_all_cross_five' depends on axioms: [propext,
 Classical.choice,
 Quot.sound]
ℹ [8841/8981] Replayed Proofs.Erdos85OrderFortyNineThreeHighTripleCrossNormalization
info: Proofs/Erdos85OrderFortyNineThreeHighTripleCrossNormalization.lean:71:0: 'Erdos85.threeHigh_triple_four_secondary_edges_cross_normalization' depends on axioms: [propext,
 Classical.choice,
 Quot.sound]
ℹ [8842/8981] Replayed Proofs.Erdos85OrderFortyNineThreeHighTripleUnionTemplate
info: Proofs/Erdos85OrderFortyNineThreeHighTripleUnionTemplate.lean:117:0: 'Erdos85.threeHigh_triple_four_secondary_edges_union_template' depends on axioms: [propext,
 Classical.choice,
 Quot.sound]
⚠ [8843/8981] Replayed Proofs.Erdos85ThreeBlockDeficientMatchingTemplate
warning: Proofs/Erdos85ThreeBlockDeficientMatchingTemplate.lean:33:47: This simp argument is unused:
  if_pos rfl

Hint: Omit it from the simp argument list.
  simp only [threeBlockDeficientMatchingAdj,̵ ̵i̵f̵_̵p̵o̵s̵ ̵r̵f̵l̵]

Note: This linter can be disabled with `set_option linter.unusedSimpArgs false`
warning: Proofs/Erdos85ThreeBlockDeficientMatchingTemplate.lean:39:47: This simp argument is unused:
  if_pos rfl

Hint: Omit it from the simp argument list.
  simp only [threeBlockDeficientMatchingAdj,̵ ̵i̵f̵_̵p̵o̵s̵ ̵r̵f̵l̵]

Note: This linter can be disabled with `set_option linter.unusedSimpArgs false`
warning: Proofs/Erdos85ThreeBlockDeficientMatchingTemplate.lean:47:47: This simp argument is unused:
  if_pos rfl

Hint: Omit it from the simp argument list.
  simp only [threeBlockDeficientMatchingAdj,̵ ̵i̵f̵_̵p̵o̵s̵ ̵r̵f̵l̵]

Note: This linter can be disabled with `set_option linter.unusedSimpArgs false`
info: Proofs/Erdos85ThreeBlockDeficientMatchingTemplate.lean:52:0: 'Erdos85.threeBlockDeficientMatchingAdj_eq_graph' depends on axioms: [propext, Classical.choice, Quot.sound]
ℹ [8844/8981] Replayed Proofs.Erdos85OrderFortyNineThreeHighTripleDeficientLabels
info: Proofs/Erdos85OrderFortyNineThreeHighTripleDeficientLabels.lean:53:0: 'Erdos85.threeHigh_triple_three_secondary_edges_deficient_labels' depends on axioms: [propext,
 Classical.choice,
 Quot.sound]
ℹ [8845/8981] Replayed Proofs.Erdos85DeficientNeighborBijection
info: Proofs/Erdos85DeficientNeighborBijection.lean:91:0: 'Erdos85.deficient_neighbor_blocks_equiv' depends on axioms: [propext, Classical.choice, Quot.sound]
⚠ [8846/8981] Replayed Proofs.Erdos85DeficientNeighborCompletion
warning: Proofs/Erdos85DeficientNeighborCompletion.lean:39:13: This simp argument is unused:
  Equiv.optionSubtypeNe_symm_self

Hint: Omit it from the simp argument list.
  simp [f,̵ ̵E̵q̵u̵i̵v̵.̵o̵p̵t̵i̵o̵n̵S̵u̵b̵t̵y̵p̵e̵N̵e̵_̵s̵y̵m̵m̵_̵s̵e̵l̵f̵]

Note: This linter can be disabled with `set_option linter.unusedSimpArgs false`
info: Proofs/Erdos85DeficientNeighborCompletion.lean:76:0: 'Erdos85.deficient_neighbor_blocks_completion' depends on axioms: [propext, Classical.choice, Quot.sound]
ℹ [8847/8981] Replayed Proofs.Erdos85OrderFortyNineThreeHighTripleCrossCompletion
info: Proofs/Erdos85OrderFortyNineThreeHighTripleCrossCompletion.lean:62:0: 'Erdos85.threeHigh_triple_cross_count_four_completion' depends on axioms: [propext, Classical.choice, Quot.sound]
ℹ [8848/8981] Replayed Proofs.Erdos85OrderFortyNineThreeHighTripleDeficientCrossNormalization
info: Proofs/Erdos85OrderFortyNineThreeHighTripleDeficientCrossNormalization.lean:79:0: 'Erdos85.threeHigh_triple_deficient_cross_normalization' depends on axioms: [propext, Classical.choice, Quot.sound]
ℹ [8849/8981] Replayed Proofs.Erdos85OrderFortyNineThreeHighTripleDeficientUnionTemplate
info: Proofs/Erdos85OrderFortyNineThreeHighTripleDeficientUnionTemplate.lean:122:0: 'Erdos85.threeHigh_triple_three_secondary_edges_union_template' depends on axioms: [propext,
 Classical.choice,
 Quot.sound]
ℹ [8850/8981] Replayed Proofs.Erdos85OrderFortyNineThreeHighTripleTemplateAdmissible
info: Proofs/Erdos85OrderFortyNineThreeHighTripleTemplateAdmissible.lean:62:0: 'Erdos85.threeHigh_triple_four_secondary_edges_union_template_admissible' depends on axioms: [propext,
 Classical.choice,
 Quot.sound]
info: Proofs/Erdos85OrderFortyNineThreeHighTripleTemplateAdmissible.lean:63:0: 'Erdos85.threeHigh_triple_three_secondary_edges_union_template_admissible' depends on axioms: [propext,
 Classical.choice,
 Quot.sound]
ℹ [8851/8981] Replayed Proofs.Erdos85ThreeBlockCandidateDomains
info: Proofs/Erdos85ThreeBlockCandidateDomains.lean:44:0: 'Erdos85.threeBlockFullParameters_card' depends on axioms: [propext, Classical.choice, Quot.sound]
info: Proofs/Erdos85ThreeBlockCandidateDomains.lean:45:0: 'Erdos85.threeBlockDeficientParameters_card' depends on axioms: [propext, Classical.choice, Quot.sound]
info: Proofs/Erdos85ThreeBlockCandidateDomains.lean:46:0: 'Erdos85.threeBlockFullCandidates_mem_iff' depends on axioms: [propext, Classical.choice, Quot.sound]
info: Proofs/Erdos85ThreeBlockCandidateDomains.lean:47:0: 'Erdos85.threeBlockDeficientCandidates_mem_iff' depends on axioms: [propext, Classical.choice, Quot.sound]
ℹ [8852/8981] Replayed Proofs.Erdos85FinFiveMatchingMaskCodes
info: Proofs/Erdos85FinFiveMatchingMaskCodes.lean:29:0: 'Erdos85.finFiveMatchingMaskBits_mem' depends on axioms: [propext, Quot.sound]
info: Proofs/Erdos85FinFiveMatchingMaskCodes.lean:30:0: 'Erdos85.finFiveMatchingMaskCode_injective' depends on axioms: [propext, Classical.choice, Quot.sound]
info: Proofs/Erdos85FinFiveMatchingMaskCodes.lean:31:0: 'Erdos85.finFiveMatchingMaskCode_surjective' depends on axioms: [propext, Classical.choice, Quot.sound]
ℹ [8853/8981] Replayed Proofs.Erdos85ThreeBlockMaskRelabeling
info: Proofs/Erdos85ThreeBlockMaskRelabeling.lean:68:0: 'Erdos85.threeBlockMask_relabel' depends on axioms: [propext, Classical.choice, Quot.sound]
info: Proofs/Erdos85ThreeBlockMaskRelabeling.lean:69:0: 'Erdos85.threeBlockMask_to_canonical' depends on axioms: [propext, Classical.choice, Quot.sound]
⚠ [8854/8981] Replayed Proofs.Erdos85ThreeBlockDiagonalRelabeling
warning: Proofs/Erdos85ThreeBlockDiagonalRelabeling.lean:16:28: This simp argument is unused:
  ne_eq

Hint: Omit it from the simp argument list.
  simp only [threeBlockMatchingAdj, hmask, threeBlockConjugate, Equiv.trans_apply,
      Equiv.symm_apply_apply, n̵e̵_̵e̵q̵,̵ ̵σ.injective.eq_iff]

Note: This linter can be disabled with `set_option linter.unusedSimpArgs false`
info: Proofs/Erdos85ThreeBlockDiagonalRelabeling.lean:30:0: 'Erdos85.threeBlockMatchingAdj_diagonal_relabel' depends on axioms: [propext, Quot.sound]
info: Proofs/Erdos85ThreeBlockDiagonalRelabeling.lean:31:0: 'Erdos85.threeBlockDeficientMatchingAdj_diagonal_relabel' depends on axioms: [propext, Quot.sound]
ℹ [8855/8981] Replayed Proofs.Erdos85ThreeHighEmptyTemplate
info: Proofs/Erdos85ThreeHighEmptyTemplate.lean:85:0: 'Erdos85.threeHighEmptyAdj_eq_graph' depends on axioms: [propext, Quot.sound]
ℹ [8856/8981] Replayed Proofs.Erdos85EncodedDegreeFilter
info: Proofs/Erdos85EncodedDegreeFilter.lean:27:0: 'Erdos85.encodedDegreeProfile_of_graph' depends on axioms: [propext, Classical.choice, Quot.sound]
ℹ [8857/8981] Replayed Proofs.Erdos85InsertTwoBlockLabels
info: Proofs/Erdos85InsertTwoBlockLabels.lean:39:0: 'Erdos85.insert_two_block_labels' depends on axioms: [propext, Classical.choice, Quot.sound]
ℹ [8858/8981] Replayed Proofs.Erdos85OrderFortyNineThreeHighTripleEmptyCoordinates
info: Proofs/Erdos85OrderFortyNineThreeHighTripleEmptyCoordinates.lean:54:0: 'Erdos85.threeHigh_triple_empty_coordinates' depends on axioms: [propext, Classical.choice, Quot.sound]
ℹ [8859/8981] Replayed Proofs.Erdos85OrderFortyNineThreeHighTripleEmptyCoordinateDegrees
info: Proofs/Erdos85OrderFortyNineThreeHighTripleEmptyCoordinateDegrees.lean:66:0: 'Erdos85.threeHigh_triple_empty_coordinate_degrees' depends on axioms: [propext, Classical.choice, Quot.sound]
ℹ [8860/8981] Replayed Proofs.Erdos85OrderFortyNineThreeHighTripleEmptyAdmissibility
info: Proofs/Erdos85OrderFortyNineThreeHighTripleEmptyAdmissibility.lean:37:0: 'Erdos85.threeHigh_triple_empty_encoding_admissible' depends on axioms: [propext, Classical.choice, Quot.sound]
ℹ [8861/8981] Replayed Proofs.Erdos85ThreeHighCrossDomain
info: Proofs/Erdos85ThreeHighCrossDomain.lean:51:0: 'Erdos85.mem_threeHighCrossDomain_iff' depends on axioms: [propext, Classical.choice, Quot.sound]
info: Proofs/Erdos85ThreeHighCrossDomain.lean:52:0: 'Erdos85.threeHigh_triple_cross_domain_mem' depends on axioms: [propext, Classical.choice, Quot.sound]
ℹ [8862/8981] Replayed Proofs.Erdos85ThreeHighCrossMargins
info: Proofs/Erdos85ThreeHighCrossMargins.lean:69:0: 'Erdos85.threeHighEmptyAdj_u_degree' depends on axioms: [propext, Classical.choice, Quot.sound]
info: Proofs/Erdos85ThreeHighCrossMargins.lean:70:0: 'Erdos85.threeHighEmptyAdj_r_degree' depends on axioms: [propext, Classical.choice, Quot.sound]
info: Proofs/Erdos85ThreeHighCrossMargins.lean:71:0: 'Erdos85.threeHighCrossDomain_margins' depends on axioms: [propext, Classical.choice, Quot.sound]
ℹ [8863/8981] Replayed Proofs.Erdos85EncodedRelabeling
info: Proofs/Erdos85EncodedRelabeling.lean:64:0: 'Erdos85.encodedC4Free_comap_injective' depends on axioms: [propext, Classical.choice, Quot.sound]
info: Proofs/Erdos85EncodedRelabeling.lean:65:0: 'Erdos85.encodedC4Free_relabel' depends on axioms: [propext, Classical.choice, Quot.sound]
info: Proofs/Erdos85EncodedRelabeling.lean:66:0: 'Erdos85.encodedRowDegree_relabel' depends on axioms: [propext, Classical.choice, Quot.sound]
info: Proofs/Erdos85EncodedRelabeling.lean:67:0: 'Erdos85.encodedDegreeProfile_relabel' depends on axioms: [propext, Classical.choice, Quot.sound]
ℹ [8864/8981] Replayed Proofs.Erdos85ThreeBlockFirstRowNormalization
info: Proofs/Erdos85ThreeBlockFirstRowNormalization.lean:73:0: 'Erdos85.threeBlockMasks_first_row' depends on axioms: [propext, Classical.choice, Quot.sound]
info: Proofs/Erdos85ThreeBlockFirstRowNormalization.lean:74:0: 'Erdos85.threeBlockFullCandidates_first_row' depends on axioms: [propext, Classical.choice, Quot.sound]
info: Proofs/Erdos85ThreeBlockFirstRowNormalization.lean:75:0: 'Erdos85.threeBlockDeficientCandidates_first_row' depends on axioms: [propext, Classical.choice, Quot.sound]
ℹ [8865/8981] Replayed Proofs.Erdos85ThreeBlockFirstRowDomain
info: Proofs/Erdos85ThreeBlockFirstRowDomain.lean:40:0: 'Erdos85.threeBlockFirstRowParameters_card' depends on axioms: [propext, Classical.choice, Quot.sound]
info: Proofs/Erdos85ThreeBlockFirstRowDomain.lean:41:0: 'Erdos85.threeBlockDeficientFirstRowParameters_card' depends on axioms: [propext, Classical.choice, Quot.sound]
info: Proofs/Erdos85ThreeBlockFirstRowDomain.lean:42:0: 'Erdos85.threeBlockFirstRowEmbed_cover' depends on axioms: [propext, Quot.sound]
info: Proofs/Erdos85ThreeBlockFirstRowDomain.lean:43:0: 'Erdos85.threeBlockDeficientFirstRowEmbed_cover' depends on axioms: [propext, Quot.sound]
ℹ [8866/8981] Replayed Proofs.Erdos85ThreeBlockCompactCodes
info: Proofs/Erdos85ThreeBlockCompactCodes.lean:32:0: 'Erdos85.threeBlockCompactCode_covers' depends on axioms: [propext, Classical.choice, Quot.sound]
info: Proofs/Erdos85ThreeBlockCompactCodes.lean:33:0: 'Erdos85.threeBlockDeficientCompactCode_covers' depends on axioms: [propext, Classical.choice, Quot.sound]
ℹ [8867/8981] Replayed Proofs.Erdos85OrderFortyNineThreeHighTripleSecondaryEdgeCases
info: Proofs/Erdos85OrderFortyNineThreeHighTripleSecondaryEdgeCases.lean:90:0: 'Erdos85.threeHigh_triple_secondary_edges_three_or_four' depends on axioms: [propext, Classical.choice, Quot.sound]
info: Proofs/Erdos85OrderFortyNineThreeHighTripleSecondaryEdgeCases.lean:91:0: 'Erdos85.threeHigh_triple_secondary_edge_cut_cases' depends on axioms: [propext, Classical.choice, Quot.sound]
info: Proofs/Erdos85OrderFortyNineThreeHighTripleSecondaryEdgeCases.lean:93:0: 'Erdos85.threeHigh_triple_matching_edges_lt_secondary_edges' depends on axioms: [propext, Classical.choice, Quot.sound]
info: Proofs/Erdos85OrderFortyNineThreeHighTripleSecondaryEdgeCases.lean:94:0: 'Erdos85.threeHigh_triple_matching_secondary_five_cases' depends on axioms: [propext, Classical.choice, Quot.sound]
ℹ [8868/8981] Replayed Proofs.Erdos85OrderFortyNineThreeHighTripleFarEdgeDecomposition
info: Proofs/Erdos85OrderFortyNineThreeHighTripleFarEdgeDecomposition.lean:136:0: 'Erdos85.induced_edges_insert_vertex' depends on axioms: [propext, Classical.choice, Quot.sound]
info: Proofs/Erdos85OrderFortyNineThreeHighTripleFarEdgeDecomposition.lean:137:0: 'Erdos85.induced_edges_insert_two_vertices' depends on axioms: [propext, Classical.choice, Quot.sound]
info: Proofs/Erdos85OrderFortyNineThreeHighTripleFarEdgeDecomposition.lean:138:0: 'Erdos85.threeHigh_triple_far_edge_decomposition' depends on axioms: [propext, Classical.choice, Quot.sound]
info: Proofs/Erdos85OrderFortyNineThreeHighTripleFarEdgeDecomposition.lean:139:0: 'Erdos85.threeHigh_triple_three_matching_edges_far_rigidity' depends on axioms: [propext, Classical.choice, Quot.sound]
ℹ [8869/8981] Replayed Proofs.Erdos85MatchingEdgeDeletion
info: Proofs/Erdos85MatchingEdgeDeletion.lean:82:0: 'Erdos85.matching_edge_neighbor_iff' depends on axioms: [propext, Classical.choice, Quot.sound]
info: Proofs/Erdos85MatchingEdgeDeletion.lean:83:0: 'Erdos85.matching_edge_deletion' depends on axioms: [propext, Classical.choice, Quot.sound]
ℹ [8870/8981] Replayed Proofs.Erdos85MatchingEdgeSplit
info: Proofs/Erdos85MatchingEdgeSplit.lean:69:0: 'Erdos85.matching_edge_split' depends on axioms: [propext, Classical.choice, Quot.sound]
ℹ [8871/8981] Replayed Proofs.Erdos85MatchingNestedNormalForm
info: Proofs/Erdos85MatchingNestedNormalForm.lean:96:0: 'Erdos85.finite_matching_nested_normal_form' depends on axioms: [propext, Classical.choice, Quot.sound]
info: Proofs/Erdos85MatchingNestedNormalForm.lean:98:0: 'Erdos85.matchingNestedVertices_card' depends on axioms: [propext, Classical.choice, Quot.sound]
info: Proofs/Erdos85MatchingNestedNormalForm.lean:99:0: 'Erdos85.finite_matching_nested_normal_form_with_card' depends on axioms: [propext, Classical.choice, Quot.sound]
ℹ [8872/8981] Replayed Proofs.Erdos85MatchingFinSixCoordinates
info: Proofs/Erdos85MatchingFinSixCoordinates.lean:58:0: 'Erdos85.matching_nested_six_coordinates' depends on axioms: [propext, Classical.choice, Quot.sound]
ℹ [8873/8981] Replayed Proofs.Erdos85OrderFortyNineThreeHighTripleNeighborNormalForm
info: Proofs/Erdos85OrderFortyNineThreeHighTripleNeighborNormalForm.lean:42:0: 'Erdos85.threeHigh_triple_neighbor_matching_normal_form' depends on axioms: [propext, Classical.choice, Quot.sound]
ℹ [8874/8981] Replayed Proofs.Erdos85OrderFortyNineThreeHighTripleNeighborCoordinates
info: Proofs/Erdos85OrderFortyNineThreeHighTripleNeighborCoordinates.lean:38:0: 'Erdos85.threeHigh_triple_neighbor_matching_coordinates' depends on axioms: [propext, Classical.choice, Quot.sound]
ℹ [8875/8981] Replayed Proofs.Erdos85OrderFortyNineThreeHighTripleSecondaryCoordinates
info: Proofs/Erdos85OrderFortyNineThreeHighTripleSecondaryCoordinates.lean:68:0: 'Erdos85.threeHigh_triple_secondary_coordinates' depends on axioms: [propext, Classical.choice, Quot.sound]
ℹ [8876/8981] Replayed Proofs.Erdos85OrderFortyNineThreeHighTripleSecondaryParameters
info: Proofs/Erdos85OrderFortyNineThreeHighTripleSecondaryParameters.lean:94:0: 'Erdos85.threeHigh_triple_secondary_parameterization' depends on axioms: [propext, Classical.choice, Quot.sound]
ℹ [8877/8981] Replayed Proofs.Erdos85OrderFortyNineThreeHighTripleSecondaryAdmissibility
info: Proofs/Erdos85OrderFortyNineThreeHighTripleSecondaryAdmissibility.lean:91:0: 'Erdos85.threeHigh_triple_secondary_admissible_parameters' depends on axioms: [propext, Classical.choice, Quot.sound]
ℹ [8878/8981] Replayed Proofs.Erdos85ThreeHighSecondaryDomain
info: Proofs/Erdos85ThreeHighSecondaryDomain.lean:70:0: 'Erdos85.threeHighSecondaryDomain_card' depends on axioms: [propext, Classical.choice, Quot.sound]
info: Proofs/Erdos85ThreeHighSecondaryDomain.lean:71:0: 'Erdos85.threeHigh_triple_secondary_domain_cover' depends on axioms: [propext, Classical.choice, Quot.sound]
ℹ [8879/8981] Replayed Proofs.Erdos85ThreeHighSecondaryOrbitTable
info: Proofs/Erdos85ThreeHighSecondaryOrbitTable.lean:345:0: 'Erdos85.threeHighSecondaryCode_orbit_certificate' depends on axioms: [propext, Classical.choice, Quot.sound]
ℹ [8880/8981] Replayed Proofs.Erdos85EncodedExternalBlockCap
info: Proofs/Erdos85EncodedExternalBlockCap.lean:34:0: 'Erdos85.encodedExternalBlockCap_of_injective_graph' depends on axioms: [propext, Classical.choice, Quot.sound]
ℹ [8881/8981] Replayed Proofs.Erdos85FinsetCoordinates
info: Proofs/Erdos85FinsetCoordinates.lean:42:0: 'Erdos85.finsetCoordinates_card' depends on axioms: [propext, Classical.choice, Quot.sound]
info: Proofs/Erdos85FinsetCoordinates.lean:43:0: 'Erdos85.finsetCoordinates_inter' depends on axioms: [propext, Classical.choice, Quot.sound]
info: Proofs/Erdos85FinsetCoordinates.lean:44:0: 'Erdos85.finsetCoordinates_biUnion' depends on axioms: [propext, Classical.choice, Quot.sound]
ℹ [8882/8981] Replayed Proofs.Erdos85OrderFortyNineEmptyNeighborhoodCompatibility
info: Proofs/Erdos85OrderFortyNineEmptyNeighborhoodCompatibility.lean:81:0: 'Erdos85.adjacent_outside_empty_neighborhoods_compatible' depends on axioms: [propext, Classical.choice, Quot.sound]
info: Proofs/Erdos85OrderFortyNineEmptyNeighborhoodCompatibility.lean:82:0: 'Erdos85.orderFortyNine_exists_compatible_high_color_neighbor' depends on axioms: [propext,
 Classical.choice,
 Quot.sound]
ℹ [8883/8981] Replayed Proofs.Erdos85OrderFortyNineThreeHighTripleOrdinaryColorNeighbor
info: Proofs/Erdos85OrderFortyNineThreeHighTripleOrdinaryColorNeighbor.lean:111:0: 'Erdos85.threeHigh_triple_positive_support_no_special_neighbor' depends on axioms: [propext,
 Classical.choice,
 Quot.sound]
info: Proofs/Erdos85OrderFortyNineThreeHighTripleOrdinaryColorNeighbor.lean:112:0: 'Erdos85.threeHigh_triple_ordinary_empty_degree_three' depends on axioms: [propext, Classical.choice, Quot.sound]
info: Proofs/Erdos85OrderFortyNineThreeHighTripleOrdinaryColorNeighbor.lean:113:0: 'Erdos85.threeHigh_triple_ordinary_exists_compatible_color_neighbor' depends on axioms: [propext,
 Classical.choice,
 Quot.sound]
ℹ [8884/8981] Replayed Proofs.Erdos85OrderFortyNineThreeHighTripleOrdinaryEligibility
info: Proofs/Erdos85OrderFortyNineThreeHighTripleOrdinaryEligibility.lean:60:0: 'Erdos85.threeHigh_triple_ordinary_special_block_inter_le_one' depends on axioms: [propext,
 Classical.choice,
 Quot.sound]
info: Proofs/Erdos85OrderFortyNineThreeHighTripleOrdinaryEligibility.lean:61:0: 'Erdos85.threeHigh_triple_singleton_pair_no_common_empty_neighbor' depends on axioms: [propext,
 Classical.choice,
 Quot.sound]
info: Proofs/Erdos85OrderFortyNineThreeHighTripleOrdinaryEligibility.lean:62:0: 'Erdos85.threeHigh_triple_distinct_singleton_blocks_inter_le_one' depends on axioms: [propext,
 Classical.choice,
 Quot.sound]
ℹ [8885/8981] Replayed Proofs.Erdos85OrderFortyNineThreeHighTripleSingletonCoordinates
info: Proofs/Erdos85OrderFortyNineThreeHighTripleSingletonCoordinates.lean:52:0: 'Erdos85.threeHigh_triple_ordinary_coordinates_card' depends on axioms: [propext, Classical.choice, Quot.sound]
info: Proofs/Erdos85OrderFortyNineThreeHighTripleSingletonCoordinates.lean:53:0: 'Erdos85.threeHigh_triple_singleton_coordinates_no_common_neighbor' depends on axioms: [propext,
 Classical.choice,
 Quot.sound]
info: Proofs/Erdos85OrderFortyNineThreeHighTripleSingletonCoordinates.lean:54:0: 'Erdos85.threeHigh_triple_singleton_coordinates_inter_le_one' depends on axioms: [propext, Classical.choice, Quot.sound]
⚠ [8886/8981] Replayed Proofs.Erdos85OrderFortyNineThreeHighTripleCanonicalColorResiduals
warning: Proofs/Erdos85OrderFortyNineThreeHighTripleCanonicalColorResiduals.lean:52:18: Variable name `hu` is not explicitly referenced.

The binding can be removed (if unused) or named `_` (if used implicitly).

Note: This linter can be disabled with `set_option linter.unusedVariables false`
info: Proofs/Erdos85OrderFortyNineThreeHighTripleCanonicalColorResiduals.lean:69:0: 'Erdos85.threeHighCanonicalRow_card' depends on axioms: [propext, Classical.choice, Quot.sound]
info: Proofs/Erdos85OrderFortyNineThreeHighTripleCanonicalColorResiduals.lean:70:0: 'Erdos85.threeHigh_triple_special_coordinates_eq_row' depends on axioms: [propext, Classical.choice, Quot.sound]
info: Proofs/Erdos85OrderFortyNineThreeHighTripleCanonicalColorResiduals.lean:71:0: 'Erdos85.threeHigh_triple_root_coordinates_eq_singleton' depends on axioms: [propext, Classical.choice, Quot.sound]
ℹ [8887/8981] Replayed Proofs.Erdos85ThreeHighExternalBlockFactorization
info: Proofs/Erdos85ThreeHighExternalBlockFactorization.lean:68:0: 'Erdos85.threeHighExternalBlockCap_factor' depends on axioms: [propext, Classical.choice, Quot.sound]
ℹ [8888/8981] Replayed Proofs.Erdos85FiniteRowDFS
info: Proofs/Erdos85FiniteRowDFS.lean:68:0: 'Erdos85.finiteRowDFS_witness' depends on axioms: [propext, Classical.choice, Quot.sound]
ℹ [8889/8981] Replayed Proofs.Erdos85ThreeHighCrossRows
info: Proofs/Erdos85ThreeHighCrossRows.lean:49:0: 'Erdos85.threeHighCrossOfRows_rows' depends on axioms: [propext, Classical.choice, Quot.sound]
info: Proofs/Erdos85ThreeHighCrossRows.lean:50:0: 'Erdos85.threeHighCrossDomain_rows' depends on axioms: [propext, Classical.choice, Quot.sound]
info: Proofs/Erdos85ThreeHighCrossRows.lean:51:0: 'Erdos85.threeHighCrossDomain_row_cover' depends on axioms: [propext, Classical.choice, Quot.sound]
ℹ [8890/8981] Replayed Proofs.Erdos85EncodedC4Pruning
info: Proofs/Erdos85EncodedC4Pruning.lean:32:0: 'Erdos85.encodedC4Free_of_subgraph' depends on axioms: [propext, Quot.sound]
info: Proofs/Erdos85EncodedC4Pruning.lean:33:0: 'Erdos85.encodedC4Free_reject_extension' depends on axioms: [propext, Quot.sound]
ℹ [8891/8981] Replayed Proofs.Erdos85ThreeHighCrossPruning
info: Proofs/Erdos85ThreeHighCrossPruning.lean:51:0: 'Erdos85.threeHighEmptyAdj_subgraph' depends on axioms: [propext, Quot.sound]
info: Proofs/Erdos85ThreeHighCrossPruning.lean:52:0: 'Erdos85.threeHighCrossDomain_prefix_c4' depends on axioms: [propext, Classical.choice, Quot.sound]
info: Proofs/Erdos85ThreeHighCrossPruning.lean:53:0: 'Erdos85.threeHighCrossPrefix_reject' depends on axioms: [propext, Classical.choice, Quot.sound]
ℹ [8892/8981] Replayed Proofs.Erdos85ThreeHighCrossCapacity
info: Proofs/Erdos85ThreeHighCrossCapacity.lean:57:0: 'Erdos85.encodedRowDegree_mono' depends on axioms: [propext, Quot.sound]
info: Proofs/Erdos85ThreeHighCrossCapacity.lean:58:0: 'Erdos85.threeHighCrossDomain_partial_capacity' depends on axioms: [propext, Classical.choice, Quot.sound]
info: Proofs/Erdos85ThreeHighCrossCapacity.lean:59:0: 'Erdos85.threeHighCrossDomain_prefix_capacity' depends on axioms: [propext, Classical.choice, Quot.sound]
info: Proofs/Erdos85ThreeHighCrossCapacity.lean:60:0: 'Erdos85.threeHighCrossCapacity_reject_extension' depends on axioms: [propext, Classical.choice, Quot.sound]
ℹ [8893/8981] Replayed Proofs.Erdos85ThreeHighCrossDFS
info: Proofs/Erdos85ThreeHighCrossDFS.lean:71:0: 'Erdos85.threeHighCrossRowList_complete' depends on axioms: [propext, Classical.choice, Quot.sound]
info: Proofs/Erdos85ThreeHighCrossDFS.lean:72:0: 'Erdos85.threeHighCrossDFS_witness' depends on axioms: [propext, Classical.choice, Quot.sound]
info: Proofs/Erdos85ThreeHighCrossDFS.lean:73:0: 'Erdos85.threeHighCrossDFS_reject' depends on axioms: [propext, Classical.choice, Quot.sound]
ℹ [8894/8981] Replayed Proofs.Erdos85ThreeHighCrossDeficit
info: Proofs/Erdos85ThreeHighCrossDeficit.lean:57:0: 'Erdos85.threeHighCrossPrefix_column_bound' depends on axioms: [propext, Classical.choice, Quot.sound]
info: Proofs/Erdos85ThreeHighCrossDeficit.lean:58:0: 'Erdos85.threeHighCrossDomain_prefix_canFill' depends on axioms: [propext, Classical.choice, Quot.sound]
info: Proofs/Erdos85ThreeHighCrossDeficit.lean:59:0: 'Erdos85.threeHighCrossCanFill_reject' depends on axioms: [propext, Classical.choice, Quot.sound]
ℹ [8895/8981] Replayed Proofs.Erdos85ThreeHighCrossPrunedDFS
info: Proofs/Erdos85ThreeHighCrossPrunedDFS.lean:62:0: 'Erdos85.threeHighCrossPrunedDFS_witness' depends on axioms: [propext, Classical.choice, Quot.sound]
info: Proofs/Erdos85ThreeHighCrossPrunedDFS.lean:63:0: 'Erdos85.threeHighCrossPrunedDFS_reject' depends on axioms: [propext, Classical.choice, Quot.sound]
ℹ [8896/8981] Replayed Proofs.Erdos85EncodedC4CachedRows
info: Proofs/Erdos85EncodedC4CachedRows.lean:34:0: 'Erdos85.encodedC4FreeCachedRows_eq' depends on axioms: [propext, Classical.choice, Quot.sound]
ℹ [8897/8981] Replayed Proofs.Erdos85ThreeHighCachedCrossDFS
info: Proofs/Erdos85ThreeHighCachedCrossDFS.lean:27:0: 'Erdos85.threeHighCachedCrossDFS_eq' depends on axioms: [propext, Classical.choice, Quot.sound]
ℹ [8898/8981] Replayed Proofs.Erdos85ThreeHighDegreeFirstDFS
info: Proofs/Erdos85ThreeHighDegreeFirstDFS.lean:32:0: 'Erdos85.threeHighDegreeFirstDFS_eq' depends on axioms: [propext, Classical.choice, Quot.sound]
ℹ [8899/8981] Replayed Proofs.Erdos85ThreeHighRootRowPruning
info: Proofs/Erdos85ThreeHighRootRowPruning.lean:99:0: 'Erdos85.threeHighRootRowGate_of_c4' depends on axioms: [propext, Classical.choice, Quot.sound]
info: Proofs/Erdos85ThreeHighRootRowPruning.lean:100:0: 'Erdos85.threeHighRootPrunedRowList_complete' depends on axioms: [propext, Classical.choice, Quot.sound]
info: Proofs/Erdos85ThreeHighRootRowPruning.lean:102:0: 'Erdos85.threeHighRootPrunedDFS_witness' depends on axioms: [propext, Classical.choice, Quot.sound]
ℹ [8900/8981] Replayed Proofs.Erdos85ThreeHighExternalPrefixPruning
info: Proofs/Erdos85ThreeHighExternalPrefixPruning.lean:80:0: 'Erdos85.encodedExternalBlockCap_mono' depends on axioms: [propext, Quot.sound]
info: Proofs/Erdos85ThreeHighExternalPrefixPruning.lean:81:0: 'Erdos85.threeHighExternalBlockCap_prefix' depends on axioms: [propext, Classical.choice, Quot.sound]
info: Proofs/Erdos85ThreeHighExternalPrefixPruning.lean:83:0: 'Erdos85.threeHighExternalPrunedDFS_witness' depends on axioms: [propext, Classical.choice, Quot.sound]
ℹ [8901/8981] Replayed Proofs.Erdos85ThreeHighCrossColumns
info: Proofs/Erdos85ThreeHighCrossColumns.lean:55:0: 'Erdos85.threeHighCrossOfColumns_columns' depends on axioms: [propext, Classical.choice, Quot.sound]
info: Proofs/Erdos85ThreeHighCrossColumns.lean:56:0: 'Erdos85.threeHighCrossColumnDomain_complete' depends on axioms: [propext, Classical.choice, Quot.sound]
ℹ [8902/8981] Replayed Proofs.Erdos85OrderFortyNineThreeHighTripleExternalBlockCap
info: Proofs/Erdos85OrderFortyNineThreeHighTripleExternalBlockCap.lean:31:0: 'Erdos85.threeHigh_triple_actual_external_block_cap' depends on axioms: [propext, Classical.choice, Quot.sound]
ℹ [8903/8981] Replayed Proofs.Erdos85OrderFortyNineThreeHighTripleCandidates
info: Proofs/Erdos85OrderFortyNineThreeHighTripleCandidates.lean:69:0: 'Erdos85.threeHigh_triple_four_secondary_edges_candidate' depends on axioms: [propext, Classical.choice, Quot.sound]
info: Proofs/Erdos85OrderFortyNineThreeHighTripleCandidates.lean:70:0: 'Erdos85.threeHigh_triple_three_secondary_edges_candidate' depends on axioms: [propext, Classical.choice, Quot.sound]
ℹ [8904/8981] Replayed Proofs.Erdos85OrderFortyNineThreeHighTripleEmptyLabelTemplate
info: Proofs/Erdos85OrderFortyNineThreeHighTripleEmptyLabelTemplate.lean:82:0: 'Erdos85.threeHigh_triple_empty_template_of_labelings' depends on axioms: [propext, Classical.choice, Quot.sound]
ℹ [8905/8981] Replayed Proofs.Erdos85OrderFortyNineThreeHighTripleEmptyCandidates
info: Proofs/Erdos85OrderFortyNineThreeHighTripleEmptyCandidates.lean:99:0: 'Erdos85.threeHigh_triple_four_secondary_edges_empty_candidate' depends on axioms: [propext,
 Classical.choice,
 Quot.sound]
info: Proofs/Erdos85OrderFortyNineThreeHighTripleEmptyCandidates.lean:100:0: 'Erdos85.threeHigh_triple_three_secondary_edges_empty_candidate' depends on axioms: [propext,
 Classical.choice,
 Quot.sound]
ℹ [8906/8981] Replayed Proofs.Erdos85OrderFortyNineThreeHighTripleUnionTemplateRows
info: Proofs/Erdos85OrderFortyNineThreeHighTripleUnionTemplateRows.lean:239:0: 'Erdos85.threeHigh_triple_four_secondary_edges_union_template_rows' depends on axioms: [propext,
 Classical.choice,
 Quot.sound]
info: Proofs/Erdos85OrderFortyNineThreeHighTripleUnionTemplateRows.lean:240:0: 'Erdos85.threeHigh_triple_three_secondary_edges_union_template_rows' depends on axioms: [propext,
 Classical.choice,
 Quot.sound]
ℹ [8907/8981] Replayed Proofs.Erdos85OrderFortyNineThreeHighTripleEmptyCandidateRows
info: Proofs/Erdos85OrderFortyNineThreeHighTripleEmptyCandidateRows.lean:144:0: 'Erdos85.threeHigh_triple_four_secondary_edges_empty_candidate_rows' depends on axioms: [propext,
 Classical.choice,
 Quot.sound]
info: Proofs/Erdos85OrderFortyNineThreeHighTripleEmptyCandidateRows.lean:145:0: 'Erdos85.threeHigh_triple_three_secondary_edges_empty_candidate_rows' depends on axioms: [propext,
 Classical.choice,
 Quot.sound]
ℹ [8908/8981] Replayed Proofs.Erdos85ThreeHighSecondaryOrbitCover
info: Proofs/Erdos85ThreeHighSecondaryOrbitCover.lean:49:0: 'Erdos85.threeHighSecondaryDomain_orbit_cover' depends on axioms: [propext, Classical.choice, Quot.sound]
ℹ [8909/8981] Replayed Proofs.Erdos85OrderFortyNineThreeHighTripleSecondaryOrbitCoordinates
info: Proofs/Erdos85OrderFortyNineThreeHighTripleSecondaryOrbitCoordinates.lean:60:0: 'Erdos85.threeHigh_triple_secondary_orbit_coordinates' depends on axioms: [propext, Classical.choice, Quot.sound]
ℹ [8910/8981] Replayed Proofs.Erdos85OrderFortyNineThreeHighTripleOrbitEmptyCandidateRows
info: Proofs/Erdos85OrderFortyNineThreeHighTripleOrbitEmptyCandidateRows.lean:185:0: 'Erdos85.threeHigh_triple_four_secondary_edges_orbit_empty_candidate_rows' depends on axioms: [propext,
 Classical.choice,
 Quot.sound]
info: Proofs/Erdos85OrderFortyNineThreeHighTripleOrbitEmptyCandidateRows.lean:186:0: 'Erdos85.threeHigh_triple_three_secondary_edges_orbit_empty_candidate_rows' depends on axioms: [propext,
 Classical.choice,
 Quot.sound]
ℹ [8911/8981] Replayed Proofs.Erdos85OrderFortyNineThreeHighTripleSpecialColors
info: Proofs/Erdos85OrderFortyNineThreeHighTripleSpecialColors.lean:44:0: 'Erdos85.threeHigh_triple_special_color_equiv' depends on axioms: [propext, Classical.choice, Quot.sound]
ℹ [8912/8981] Replayed Proofs.Erdos85ThreeHighResolutionDomain
info: Proofs/Erdos85ThreeHighResolutionDomain.lean:33:0: 'Erdos85.mem_threeHighEligibleTriples' depends on axioms: [propext, Classical.choice, Quot.sound]
info: Proofs/Erdos85ThreeHighResolutionDomain.lean:34:0: 'Erdos85.mem_threeHighResolutionDomain' depends on axioms: [propext, Classical.choice, Quot.sound]
ℹ [8913/8981] Replayed Proofs.Erdos85OrderFortyNineHighNeighborLowPartition
info: Proofs/Erdos85OrderFortyNineHighNeighborLowPartition.lean:74:0: 'Erdos85.orderFortyNine_high_neighbor_low_partition' depends on axioms: [propext, Classical.choice, Quot.sound]
info: Proofs/Erdos85OrderFortyNineHighNeighborLowPartition.lean:76:0: 'Erdos85.orderFortyNine_high_neighbor_low_incidence_sum' depends on axioms: [propext, Classical.choice, Quot.sound]
ℹ [8914/8981] Replayed Proofs.Erdos85OrderFortyNineThreeHighTripleOrdinaryColorCover
info: Proofs/Erdos85OrderFortyNineThreeHighTripleOrdinaryColorCover.lean:125:0: 'Erdos85.threeHigh_triple_ordinary_color_cover' depends on axioms: [propext, Classical.choice, Quot.sound]
ℹ [8915/8981] Replayed Proofs.Erdos85OrderFortyNineThreeHighTripleCoordinateCover
info: Proofs/Erdos85OrderFortyNineThreeHighTripleCoordinateCover.lean:70:0: 'Erdos85.threeHigh_triple_coordinate_color_cover' depends on axioms: [propext, Classical.choice, Quot.sound]
ℹ [8916/8981] Replayed Proofs.Erdos85OrderFortyNineThreeHighTripleResolution
info: Proofs/Erdos85OrderFortyNineThreeHighTripleResolution.lean:68:0: 'Erdos85.threeHigh_triple_coordinate_resolution_mem' depends on axioms: [propext, Classical.choice, Quot.sound]
ℹ [8917/8981] Replayed Proofs.Erdos85OrderFortyNineThreeHighTripleCanonicalResolution
info: Proofs/Erdos85OrderFortyNineThreeHighTripleCanonicalResolution.lean:44:0: 'Erdos85.threeHigh_triple_canonical_resolution' depends on axioms: [propext, Classical.choice, Quot.sound]
⚠ [8918/8981] Replayed Proofs.Erdos85OrderFortyNineThreeHighTripleOrdinaryCoordinateColorNeighbor
warning: Proofs/Erdos85OrderFortyNineThreeHighTripleOrdinaryCoordinateColorNeighbor.lean:59:18: Variable name `hs` is not explicitly referenced.

The binding can be removed (if unused) or named `_` (if used implicitly).

Note: This linter can be disabled with `set_option linter.unusedVariables false`
info: Proofs/Erdos85OrderFortyNineThreeHighTripleOrdinaryCoordinateColorNeighbor.lean:80:0: 'Erdos85.threeHigh_triple_ordinary_coordinate_color_neighbor' depends on axioms: [propext, Classical.choice, Quot.sound]
info: Proofs/Erdos85OrderFortyNineThreeHighTripleOrdinaryCoordinateColorNeighbor.lean:82:0: 'Erdos85.threeHigh_triple_coordinate_color_compatibility' depends on axioms: [propext, Classical.choice, Quot.sound]
ℹ [8919/8981] Replayed Proofs.Erdos85OrderFortyNineThreeHighTripleColorFamilyCompatibility
info: Proofs/Erdos85OrderFortyNineThreeHighTripleColorFamilyCompatibility.lean:52:0: 'Erdos85.threeHigh_triple_color_family_compatibility' depends on axioms: [propext, Classical.choice, Quot.sound]
⚠ [8920/8981] Replayed Proofs.Erdos85OrderFortyNineThreeHighTripleColorFamilyIntersection
warning: Proofs/Erdos85OrderFortyNineThreeHighTripleColorFamilyIntersection.lean:20:38: Variable name `hs₂` is not explicitly referenced.

The binding can be removed (if unused) or named `_` (if used implicitly).

Note: This linter can be disabled with `set_option linter.unusedVariables false`
warning: Proofs/Erdos85OrderFortyNineThreeHighTripleColorFamilyIntersection.lean:21:25: Variable name `hsz₂` is not explicitly referenced.

The binding can be removed (if unused) or named `_` (if used implicitly).

Note: This linter can be disabled with `set_option linter.unusedVariables false`
info: Proofs/Erdos85OrderFortyNineThreeHighTripleColorFamilyIntersection.lean:48:0: 'Erdos85.threeHigh_triple_color_family_intersection_cap' depends on axioms: [propext, Classical.choice, Quot.sound]
ℹ [8921/8981] Replayed Proofs.Erdos85OrderFortyNineThreeHighTripleJointColorFamilies
info: Proofs/Erdos85OrderFortyNineThreeHighTripleJointColorFamilies.lean:65:0: 'Erdos85.threeHigh_triple_joint_color_families' depends on axioms: [propext, Classical.choice, Quot.sound]
ℹ [8922/8981] Replayed Proofs.Erdos85FiniteExactCoverSearch
info: Proofs/Erdos85FiniteExactCoverSearch.lean:65:0: 'Erdos85.disjoint_family_erase_union' depends on axioms: [propext, Classical.choice, Quot.sound]
info: Proofs/Erdos85FiniteExactCoverSearch.lean:66:0: 'Erdos85.finiteExactCoverSearch_of_family' depends on axioms: [propext, Classical.choice, Quot.sound]
ℹ [8923/8981] Replayed Proofs.Erdos85FinitePivotCoverSearch
info: Proofs/Erdos85FinitePivotCoverSearch.lean:59:0: 'Erdos85.finitePivotCoverSearch_of_family' depends on axioms: [propext, Classical.choice, Quot.sound]
ℹ [8924/8981] Replayed Proofs.Erdos85ThreeHighTripleList
info: Proofs/Erdos85ThreeHighTripleList.lean:51:0: 'Erdos85.threeHighTripleList_length' depends on axioms: [propext, Classical.choice, Quot.sound]
info: Proofs/Erdos85ThreeHighTripleList.lean:52:0: 'Erdos85.threeHighTripleList_complete' depends on axioms: [propext, Classical.choice, Quot.sound]
info: Proofs/Erdos85ThreeHighTripleList.lean:53:0: 'Erdos85.mem_threeHighEligibleTripleList' depends on axioms: [propext, Classical.choice, Quot.sound]
info: Proofs/Erdos85ThreeHighTripleList.lean:54:0: 'Erdos85.threeHighResolutionSearch_of_mem' depends on axioms: [propext, Classical.choice, Quot.sound]
ℹ [8925/8981] Replayed Proofs.Erdos85ThreeHighPivotResolution
info: Proofs/Erdos85ThreeHighPivotResolution.lean:43:0: 'Erdos85.threeHighPivotResolutionSearch_of_mem' depends on axioms: [propext, Classical.choice, Quot.sound]
info: Proofs/Erdos85ThreeHighPivotResolution.lean:44:0: 'Erdos85.threeHigh_triple_actual_pivot_resolution_search' depends on axioms: [propext, Classical.choice, Quot.sound]
ℹ [8926/8981] Replayed Proofs.Erdos85ThreeHighDirectEligibility
info: Proofs/Erdos85ThreeHighDirectEligibility.lean:46:0: 'Erdos85.threeHighTripleEligible_eq' depends on axioms: [propext, Classical.choice, Quot.sound]
info: Proofs/Erdos85ThreeHighDirectEligibility.lean:47:0: 'Erdos85.threeHighDirectTripleList_eq' depends on axioms: [propext, Classical.choice, Quot.sound]
info: Proofs/Erdos85ThreeHighDirectEligibility.lean:48:0: 'Erdos85.threeHighDirectResolutionSearch_eq' depends on axioms: [propext, Classical.choice, Quot.sound]
info: Proofs/Erdos85ThreeHighDirectEligibility.lean:49:0: 'Erdos85.threeHighDirectResolutionSearch_of_mem' depends on axioms: [propext, Classical.choice, Quot.sound]
ℹ [8927/8981] Replayed Proofs.Erdos85OrderFortyNineThreeHighTripleCoordinateBlockCap
info: Proofs/Erdos85OrderFortyNineThreeHighTripleCoordinateBlockCap.lean:37:0: 'Erdos85.threeHigh_triple_coordinate_special_block_cap' depends on axioms: [propext, Classical.choice, Quot.sound]
info: Proofs/Erdos85OrderFortyNineThreeHighTripleCoordinateBlockCap.lean:38:0: 'Erdos85.threeHigh_triple_coordinate_block_gate' depends on axioms: [propext, Classical.choice, Quot.sound]
ℹ [8928/8981] Replayed Proofs.Erdos85ThreeHighBlockResolution
info: Proofs/Erdos85ThreeHighBlockResolution.lean:32:0: 'Erdos85.threeHighBlockResolutionSearch_of_mem' depends on axioms: [propext, Classical.choice, Quot.sound]
ℹ [8929/8981] Replayed Proofs.Erdos85OrderFortyNineThreeHighTripleBlockSearch
info: Proofs/Erdos85OrderFortyNineThreeHighTripleBlockSearch.lean:71:0: 'Erdos85.threeHigh_triple_actual_block_search' depends on axioms: [propext, Classical.choice, Quot.sound]
info: Proofs/Erdos85OrderFortyNineThreeHighTripleBlockSearch.lean:72:0: 'Erdos85.threeHigh_triple_actual_canonical_block_search' depends on axioms: [propext, Classical.choice, Quot.sound]
ℹ [8930/8981] Replayed Proofs.Erdos85OrderFortyNineThreeHighTripleBlockFamily
info: Proofs/Erdos85OrderFortyNineThreeHighTripleBlockFamily.lean:46:0: 'Erdos85.threeHigh_triple_actual_block_family' depends on axioms: [propext, Classical.choice, Quot.sound]
ℹ [8931/8981] Replayed Proofs.Erdos85OrderFortyNineThreeHighTripleJointBlockFamilies
info: Proofs/Erdos85OrderFortyNineThreeHighTripleJointBlockFamilies.lean:49:0: 'Erdos85.threeHigh_triple_joint_block_families' depends on axioms: [propext, Classical.choice, Quot.sound]
ℹ [8932/8981] Replayed Proofs.Erdos85ThreeDistinctLabels
info: Proofs/Erdos85ThreeDistinctLabels.lean:17:0: 'Erdos85.three_distinct_labels' depends on axioms: [propext, Classical.choice, Quot.sound]
ℹ [8933/8981] Replayed Proofs.Erdos85OrderFortyNineThreeHighTripleOrbitExternalCandidates
info: Proofs/Erdos85OrderFortyNineThreeHighTripleOrbitExternalCandidates.lean:98:0: 'Erdos85.threeHigh_triple_four_secondary_edges_orbit_external_candidate' depends on axioms: [propext,
 Classical.choice,
 Quot.sound]
info: Proofs/Erdos85OrderFortyNineThreeHighTripleOrbitExternalCandidates.lean:99:0: 'Erdos85.threeHigh_triple_three_secondary_edges_orbit_external_candidate' depends on axioms: [propext,
 Classical.choice,
 Quot.sound]
ℹ [8934/8981] Replayed Proofs.Erdos85OrderFortyNineThreeHighTripleCompactEmptyCandidateRows
info: Proofs/Erdos85OrderFortyNineThreeHighTripleCompactEmptyCandidateRows.lean:184:0: 'Erdos85.threeHigh_triple_four_secondary_edges_compact_empty_candidate_rows' depends on axioms: [propext,
 Classical.choice,
 Quot.sound]
info: Proofs/Erdos85OrderFortyNineThreeHighTripleCompactEmptyCandidateRows.lean:185:0: 'Erdos85.threeHigh_triple_three_secondary_edges_compact_empty_candidate_rows' depends on axioms: [propext,
 Classical.choice,
 Quot.sound]
ℹ [8935/8981] Replayed Proofs.Erdos85OrderFortyNineThreeHighTripleCompactJointCandidates
info: Proofs/Erdos85OrderFortyNineThreeHighTripleCompactJointCandidates.lean:91:0: 'Erdos85.threeHigh_triple_four_secondary_edges_compact_joint_candidate' depends on axioms: [propext,
 Classical.choice,
 Quot.sound]
info: Proofs/Erdos85OrderFortyNineThreeHighTripleCompactJointCandidates.lean:92:0: 'Erdos85.threeHigh_triple_three_secondary_edges_compact_joint_candidate' depends on axioms: [propext,
 Classical.choice,
 Quot.sound]
ℹ [8936/8981] Replayed Proofs.Erdos85OrderFortyNineThreeHighTripleTerminalCertificate
info: Proofs/Erdos85OrderFortyNineThreeHighTripleTerminalCertificate.lean:185:0: 'Erdos85.threeHigh_triple_four_secondary_edges_terminal_search_witness' depends on axioms: [propext,
 Classical.choice,
 Quot.sound]
info: Proofs/Erdos85OrderFortyNineThreeHighTripleTerminalCertificate.lean:186:0: 'Erdos85.threeHigh_triple_four_secondary_edges_excluded_of_terminal_dfs' depends on axioms: [propext,
 Classical.choice,
 Quot.sound]
info: Proofs/Erdos85OrderFortyNineThreeHighTripleTerminalCertificate.lean:187:0: 'Erdos85.threeHigh_triple_three_secondary_edges_terminal_search_witness' depends on axioms: [propext,
 Classical.choice,
 Quot.sound]
info: Proofs/Erdos85OrderFortyNineThreeHighTripleTerminalCertificate.lean:188:0: 'Erdos85.threeHigh_triple_three_secondary_edges_excluded_of_terminal_dfs' depends on axioms: [propext,
 Classical.choice,
 Quot.sound]
info: Proofs/Erdos85OrderFortyNineThreeHighTripleTerminalCertificate.lean:190:0: 'Erdos85.threeHigh_triple_excluded_of_terminal_certificates' depends on axioms: [propext, Classical.choice, Quot.sound]
ℹ [8937/8981] Replayed Proofs.Erdos85OrderFortyNineThreeHighTripleOrbitExternalCertificate
info: Proofs/Erdos85OrderFortyNineThreeHighTripleOrbitExternalCertificate.lean:177:0: 'Erdos85.threeHigh_triple_four_secondary_edges_orbit_external_search_witness' depends on axioms: [propext,
 Classical.choice,
 Quot.sound]
info: Proofs/Erdos85OrderFortyNineThreeHighTripleOrbitExternalCertificate.lean:178:0: 'Erdos85.threeHigh_triple_four_secondary_edges_excluded_of_orbit_external_dfs' depends on axioms: [propext,
 Classical.choice,
 Quot.sound]
info: Proofs/Erdos85OrderFortyNineThreeHighTripleOrbitExternalCertificate.lean:179:0: 'Erdos85.threeHigh_triple_three_secondary_edges_orbit_external_search_witness' depends on axioms: [propext,
 Classical.choice,
 Quot.sound]
info: Proofs/Erdos85OrderFortyNineThreeHighTripleOrbitExternalCertificate.lean:180:0: 'Erdos85.threeHigh_triple_three_secondary_edges_excluded_of_orbit_external_dfs' depends on axioms: [propext,
 Classical.choice,
 Quot.sound]
info: Proofs/Erdos85OrderFortyNineThreeHighTripleOrbitExternalCertificate.lean:182:0: 'Erdos85.threeHigh_triple_excluded_of_orbit_external_certificates' depends on axioms: [propext,
 Classical.choice,
 Quot.sound]
ℹ [8938/8981] Replayed Proofs.Erdos85BlockDeficitBound
info: Proofs/Erdos85BlockDeficitBound.lean:71:0: 'Erdos85.card_le_assigned_add_unfinished_blocks' depends on axioms: [propext, Classical.choice, Quot.sound]
info: Proofs/Erdos85BlockDeficitBound.lean:73:0: 'Erdos85.threeHighCrossPrefix_block_bound' depends on axioms: [propext, Classical.choice, Quot.sound]
info: Proofs/Erdos85BlockDeficitBound.lean:74:0: 'Erdos85.threeHighCrossDomain_prefix_blockCanFill' depends on axioms: [propext, Classical.choice, Quot.sound]
ℹ [8939/8981] Replayed Proofs.Erdos85AvailableBlockDeficit
info: Proofs/Erdos85AvailableBlockDeficit.lean:78:0: 'Erdos85.card_le_assigned_add_available_blocks' depends on axioms: [propext, Classical.choice, Quot.sound]
info: Proofs/Erdos85AvailableBlockDeficit.lean:80:0: 'Erdos85.threeHighCrossPrefix_available_block_bound' depends on axioms: [propext, Classical.choice, Quot.sound]
info: Proofs/Erdos85AvailableBlockDeficit.lean:81:0: 'Erdos85.threeHighCrossDomain_prefix_availableCanFill' depends on axioms: [propext, Classical.choice, Quot.sound]
ℹ [8940/8981] Replayed Proofs.Erdos85ThreeHighFactoredExternalDFS
info: Proofs/Erdos85ThreeHighFactoredExternalDFS.lean:43:0: 'Erdos85.threeHighFactoredExternalDFS_eq' depends on axioms: [propext, Classical.choice, Quot.sound]
info: Proofs/Erdos85ThreeHighFactoredExternalDFS.lean:44:0: 'Erdos85.threeHighFactoredExternalDFS_witness' depends on axioms: [propext, Classical.choice, Quot.sound]
ℹ [8941/8981] Replayed Proofs.Erdos85ThreeHighBlockDeficit
info: Proofs/Erdos85ThreeHighBlockDeficit.lean:99:0: 'Erdos85.threeHighCrossBlockCap_fibers' depends on axioms: [propext, Classical.choice, Quot.sound]
info: Proofs/Erdos85ThreeHighBlockDeficit.lean:100:0: 'Erdos85.threeHighExternalCap_prefix_blockCanFill' depends on axioms: [propext, Classical.choice, Quot.sound]
info: Proofs/Erdos85ThreeHighBlockDeficit.lean:102:0: 'Erdos85.threeHighBlockDeficitDFS_witness' depends on axioms: [propext, Classical.choice, Quot.sound]
ℹ [8942/8981] Replayed Proofs.Erdos85ThreeHighAvailableBlockDFS
info: Proofs/Erdos85ThreeHighAvailableBlockDFS.lean:66:0: 'Erdos85.threeHighExternalCap_prefix_availableCanFill' depends on axioms: [propext, Classical.choice, Quot.sound]
info: Proofs/Erdos85ThreeHighAvailableBlockDFS.lean:67:0: 'Erdos85.threeHighAvailableBlockDFS_witness' depends on axioms: [propext, Classical.choice, Quot.sound]
ℹ [8943/8981] Replayed Proofs.Erdos85ThreeHighExternalSearchCertificate
info: Proofs/Erdos85ThreeHighExternalSearchCertificate.lean:76:0: 'Erdos85.threeHighAvailableBlockDFS_sound' depends on axioms: [propext, Classical.choice, Quot.sound]
info: Proofs/Erdos85ThreeHighExternalSearchCertificate.lean:77:0: 'Erdos85.threeHigh_triple_excluded_of_external_search_certificates' depends on axioms: [propext,
 Classical.choice,
 Quot.sound]
ℹ [8944/8981] Replayed Proofs.Erdos85ThreeHighColumnDFS
info: Proofs/Erdos85ThreeHighColumnDFS.lean:79:0: 'Erdos85.threeHighCrossColumnList_complete' depends on axioms: [propext, Classical.choice, Quot.sound]
info: Proofs/Erdos85ThreeHighColumnDFS.lean:80:0: 'Erdos85.threeHighCrossColumnPrefix_subgraph' depends on axioms: [propext, Quot.sound]
info: Proofs/Erdos85ThreeHighColumnDFS.lean:81:0: 'Erdos85.threeHighColumnDFS_sound' depends on axioms: [propext, Classical.choice, Quot.sound]
ℹ [8945/8981] Replayed Proofs.Erdos85ThreeHighColumnRowCapacity
info: Proofs/Erdos85ThreeHighColumnRowCapacity.lean:66:0: 'Erdos85.encodedRowDegree_column_prefix_bounds' depends on axioms: [propext, Classical.choice, Quot.sound]
info: Proofs/Erdos85ThreeHighColumnRowCapacity.lean:67:0: 'Erdos85.threeHighCrossDomain_column_prefix_capacity' depends on axioms: [propext, Classical.choice, Quot.sound]
ℹ [8946/8981] Replayed Proofs.Erdos85ThreeHighCompactColumns
info: Proofs/Erdos85ThreeHighCompactColumns.lean:73:0: 'Erdos85.threeHighColumnChoice_covers' depends on axioms: [propext, Classical.choice, Quot.sound]
info: Proofs/Erdos85ThreeHighCompactColumns.lean:74:0: 'Erdos85.threeHighCompactColumnCandidates_length' depends on axioms: [propext, Classical.choice, Quot.sound]
info: Proofs/Erdos85ThreeHighCompactColumns.lean:75:0: 'Erdos85.threeHighCompactColumnCandidates_complete' depends on axioms: [propext, Classical.choice, Quot.sound]
ℹ [8947/8981] Replayed Proofs.Erdos85ThreeHighCompactColumnDFS
info: Proofs/Erdos85ThreeHighCompactColumnDFS.lean:61:0: 'Erdos85.threeHighCompactColumnList_complete' depends on axioms: [propext, Classical.choice, Quot.sound]
info: Proofs/Erdos85ThreeHighCompactColumnDFS.lean:62:0: 'Erdos85.threeHighCompactColumnDFS_sound' depends on axioms: [propext, Classical.choice, Quot.sound]
ℹ [8948/8981] Replayed Proofs.Erdos85ThreeHighCapacityColumnDFS
info: Proofs/Erdos85ThreeHighCapacityColumnDFS.lean:69:0: 'Erdos85.threeHighCapacityColumnDFSWith_witness' depends on axioms: [propext, Classical.choice, Quot.sound]
info: Proofs/Erdos85ThreeHighCapacityColumnDFS.lean:70:0: 'Erdos85.threeHighCapacityColumnDFS_sound' depends on axioms: [propext, Classical.choice, Quot.sound]
ℹ [8949/8981] Replayed Proofs.Erdos85ThreeHighStaticColumnPruning
info: Proofs/Erdos85ThreeHighStaticColumnPruning.lean:43:0: 'Erdos85.threeHighSingleColumn_subgraph' depends on axioms: [propext, Classical.choice, Quot.sound]
info: Proofs/Erdos85ThreeHighStaticColumnPruning.lean:44:0: 'Erdos85.threeHighStaticPrunedColumnList_complete' depends on axioms: [propext, Classical.choice, Quot.sound]
ℹ [8950/8981] Replayed Proofs.Erdos85ThreeHighStaticCapacityColumnDFS
info: Proofs/Erdos85ThreeHighStaticCapacityColumnDFS.lean:21:0: 'Erdos85.threeHighStaticCapacityColumnDFS_sound' depends on axioms: [propext, Classical.choice, Quot.sound]
ℹ [8951/8981] Replayed Proofs.Erdos85ColorCompatibilityRelabeling
info: Proofs/Erdos85ColorCompatibilityRelabeling.lean:40:0: 'Erdos85.encodedCrossIndependent_relabel' depends on axioms: [propext, Classical.choice, Quot.sound]
info: Proofs/Erdos85ColorCompatibilityRelabeling.lean:41:0: 'Erdos85.encodedFamilyCompatibility_relabel' depends on axioms: [propext, Classical.choice, Quot.sound]
⚠ [8952/8981] Replayed Proofs.Erdos85OrderFortyNineThreeHighTripleDistinctColorNeighbor
warning: Proofs/Erdos85OrderFortyNineThreeHighTripleDistinctColorNeighbor.lean:68:18: Variable name `hs` is not explicitly referenced.

The binding can be removed (if unused) or named `_` (if used implicitly).

Note: This linter can be disabled with `set_option linter.unusedVariables false`
info: Proofs/Erdos85OrderFortyNineThreeHighTripleDistinctColorNeighbor.lean:136:0: 'Erdos85.encodedDistinctFamilyCompatibility_forget' depends on axioms: [propext, Classical.choice, Quot.sound]
info: Proofs/Erdos85OrderFortyNineThreeHighTripleDistinctColorNeighbor.lean:137:0: 'Erdos85.encodedDistinctFamilyCompatibility_relabel' depends on axioms: [propext, Classical.choice, Quot.sound]
info: Proofs/Erdos85OrderFortyNineThreeHighTripleDistinctColorNeighbor.lean:138:0: 'Erdos85.threeHigh_triple_distinct_coordinate_color_compatibility' depends on axioms: [propext,
 Classical.choice,
 Quot.sound]
info: Proofs/Erdos85OrderFortyNineThreeHighTripleDistinctColorNeighbor.lean:139:0: 'Erdos85.threeHigh_triple_distinct_color_family_compatibility' depends on axioms: [propext,
 Classical.choice,
 Quot.sound]
ℹ [8953/8981] Replayed Proofs.Erdos85ThreeHighResolutionRelabeling
info: Proofs/Erdos85ThreeHighResolutionRelabeling.lean:55:0: 'Erdos85.threeHighEligibleTriples_relabel' depends on axioms: [propext, Classical.choice, Quot.sound]
info: Proofs/Erdos85ThreeHighResolutionRelabeling.lean:56:0: 'Erdos85.threeHighResolutionDomain_relabel' depends on axioms: [propext, Classical.choice, Quot.sound]
ℹ [8954/8981] Replayed Proofs.Erdos85BlockCapRelabeling
info: Proofs/Erdos85BlockCapRelabeling.lean:38:0: 'Erdos85.finset_inter_card_relabel' depends on axioms: [propext, Classical.choice, Quot.sound]
info: Proofs/Erdos85BlockCapRelabeling.lean:39:0: 'Erdos85.encodedTripleBlockCap_relabel' depends on axioms: [propext, Classical.choice, Quot.sound]
info: Proofs/Erdos85BlockCapRelabeling.lean:40:0: 'Erdos85.family_inter_cap_relabel' depends on axioms: [propext, Classical.choice, Quot.sound]
ℹ [8955/8981] Replayed Proofs.Erdos85ThreeHighJointRelabeling
info: Proofs/Erdos85ThreeHighJointRelabeling.lean:53:0: 'Erdos85.threeHighCanonicalResidual_relabel' depends on axioms: [propext, Classical.choice, Quot.sound]
info: Proofs/Erdos85ThreeHighJointRelabeling.lean:54:0: 'Erdos85.ThreeHighJointWitness.relabel' depends on axioms: [propext, Classical.choice, Quot.sound]
ℹ [8956/8981] Replayed Proofs.Erdos85ThreeHighDistinctJointWitness
info: Proofs/Erdos85ThreeHighDistinctJointWitness.lean:107:0: 'Erdos85.ThreeHighDistinctJointWitness.forget' depends on axioms: [propext, Classical.choice, Quot.sound]
info: Proofs/Erdos85ThreeHighDistinctJointWitness.lean:108:0: 'Erdos85.ThreeHighDistinctJointWitness.relabel' depends on axioms: [propext, Classical.choice, Quot.sound]
info: Proofs/Erdos85ThreeHighDistinctJointWitness.lean:109:0: 'Erdos85.threeHigh_triple_distinct_joint_block_families' depends on axioms: [propext, Classical.choice, Quot.sound]
ℹ [8957/8981] Replayed Proofs.Erdos85ColorTripleSupportPruning
info: Proofs/Erdos85ColorTripleSupportPruning.lean:47:0: 'Erdos85.threeHighTripleSupportPass_preserves' depends on axioms: [propext, Classical.choice, Quot.sound]
info: Proofs/Erdos85ColorTripleSupportPruning.lean:48:0: 'Erdos85.threeHighTripleSupportRounds_preserves' depends on axioms: [propext, Classical.choice, Quot.sound]
ℹ [8958/8981] Replayed Proofs.Erdos85ColorTripleSupportStabilization
info: Proofs/Erdos85ColorTripleSupportStabilization.lean:86:0: 'Erdos85.threeHighTripleSupportPass_sublist' depends on axioms: [propext, Quot.sound]
info: Proofs/Erdos85ColorTripleSupportStabilization.lean:87:0: 'Erdos85.threeHighTripleSupportRounds_stable' depends on axioms: [propext, Classical.choice, Quot.sound]
info: Proofs/Erdos85ColorTripleSupportStabilization.lean:89:0: 'Erdos85.threeHighTripleSupportRounds_add_stable' depends on axioms: [propext, Classical.choice, Quot.sound]
ℹ [8959/8981] Replayed Proofs.Erdos85ColorTripleSupportClosure
info: Proofs/Erdos85ColorTripleSupportClosure.lean:63:0: 'Erdos85.threeHighTripleSupportUntilStable_eq_rounds' depends on axioms: [propext, Classical.choice, Quot.sound]
info: Proofs/Erdos85ColorTripleSupportClosure.lean:64:0: 'Erdos85.threeHighTripleSupportClosure_fixed' depends on axioms: [propext, Classical.choice, Quot.sound]
info: Proofs/Erdos85ColorTripleSupportClosure.lean:65:0: 'Erdos85.threeHighTripleSupportClosure_preserves' depends on axioms: [propext, Classical.choice, Quot.sound]
ℹ [8960/8981] Replayed Proofs.Erdos85FinitePivotFamilySearch
info: Proofs/Erdos85FinitePivotFamilySearch.lean:65:0: 'Erdos85.finitePivotFamilySearch_of_family' depends on axioms: [propext, Classical.choice, Quot.sound]
ℹ [8961/8981] Replayed Proofs.Erdos85ThreeHighBlockFamilySearch
info: Proofs/Erdos85ThreeHighBlockFamilySearch.lean:31:0: 'Erdos85.threeHighBlockFamilySearch_of_mem' depends on axioms: [propext, Classical.choice, Quot.sound]
ℹ [8962/8981] Replayed Proofs.Erdos85ThreeHighJointResolutionSearch
info: Proofs/Erdos85ThreeHighJointResolutionSearch.lean:61:0: 'Erdos85.threeHighJointFamilySearch_witness' depends on axioms: [propext, Classical.choice, Quot.sound]
info: Proofs/Erdos85ThreeHighJointResolutionSearch.lean:62:0: 'Erdos85.threeHighJointResolutionSearch_of_families' depends on axioms: [propext, Classical.choice, Quot.sound]
ℹ [8963/8981] Replayed Proofs.Erdos85FinitePrunedFamilySearch
info: Proofs/Erdos85FinitePrunedFamilySearch.lean:72:0: 'Erdos85.finitePrunedFamilySearch_of_family' depends on axioms: [propext, Classical.choice, Quot.sound]
ℹ [8964/8981] Replayed Proofs.Erdos85FamilyIntersectionPruning
info: Proofs/Erdos85FamilyIntersectionPruning.lean:25:0: 'Erdos85.encodedFamilyIntersectionCap_mono' depends on axioms: [propext, Classical.choice, Quot.sound]
info: Proofs/Erdos85FamilyIntersectionPruning.lean:26:0: 'Erdos85.encodedFamilyIntersectionCap_reject_extensions' depends on axioms: [propext, Classical.choice, Quot.sound]
ℹ [8965/8981] Replayed Proofs.Erdos85ThreeHighPrunedBlockFamilySearch
info: Proofs/Erdos85ThreeHighPrunedBlockFamilySearch.lean:50:0: 'Erdos85.threeHighPrunedBlockFamilySearch_of_mem' depends on axioms: [propext, Classical.choice, Quot.sound]
info: Proofs/Erdos85ThreeHighPrunedBlockFamilySearch.lean:51:0: 'Erdos85.encodedFamilyIntersectionCap_union_right' depends on axioms: [propext, Classical.choice, Quot.sound]
ℹ [8966/8981] Replayed Proofs.Erdos85ThreeHighPrunedJointResolution
info: Proofs/Erdos85ThreeHighPrunedJointResolution.lean:39:0: 'Erdos85.threeHighPrunedJointResolutionSearch_of_families' depends on axioms: [propext, Classical.choice, Quot.sound]
ℹ [8967/8981] Replayed Proofs.Erdos85ThreeHighCanonicalTripleShapes
info: Proofs/Erdos85ThreeHighCanonicalTripleShapes.lean:33:0: 'Erdos85.threeHighCanonicalTripleShapes_filter' depends on axioms: [propext, Classical.choice, Quot.sound]
info: Proofs/Erdos85ThreeHighCanonicalTripleShapes.lean:35:0: 'Erdos85.threeHighCanonicalTripleShapes_length' depends on axioms: [propext, Classical.choice, Quot.sound]
ℹ [8968/8981] Replayed Proofs.Erdos85ThreeHighListedJointSearch
info: Proofs/Erdos85ThreeHighListedJointSearch.lean:98:0: 'Erdos85.threeHighListedJointSearch_of_families' depends on axioms: [propext, Classical.choice, Quot.sound]
info: Proofs/Erdos85ThreeHighListedJointSearch.lean:100:0: 'Erdos85.threeHighSupportedJointSearch_of_families' depends on axioms: [propext, Classical.choice, Quot.sound]
ℹ [8969/8981] Replayed Proofs.Erdos85ThreeHighSupportedSearchStabilization
info: Proofs/Erdos85ThreeHighSupportedSearchStabilization.lean:36:0: 'Erdos85.threeHighCanonicalSupportSize_le' depends on axioms: [propext, Classical.choice, Quot.sound]
info: Proofs/Erdos85ThreeHighSupportedSearchStabilization.lean:37:0: 'Erdos85.threeHighCanonicalSupportRounds_stable' depends on axioms: [propext, Classical.choice, Quot.sound]
info: Proofs/Erdos85ThreeHighSupportedSearchStabilization.lean:38:0: 'Erdos85.threeHighSupportedJointSearch_stable' depends on axioms: [propext, Classical.choice, Quot.sound]
ℹ [8970/8981] Replayed Proofs.Erdos85OrderFortyNineThreeHighTripleCompactCandidateSearch
info: Proofs/Erdos85OrderFortyNineThreeHighTripleCompactCandidateSearch.lean:172:0: 'Erdos85.threeHigh_triple_four_secondary_edges_compact_search_witness' depends on axioms: [propext,
 Classical.choice,
 Quot.sound]
info: Proofs/Erdos85OrderFortyNineThreeHighTripleCompactCandidateSearch.lean:173:0: 'Erdos85.threeHigh_triple_four_secondary_edges_excluded_of_compact_dfs' depends on axioms: [propext,
 Classical.choice,
 Quot.sound]
info: Proofs/Erdos85OrderFortyNineThreeHighTripleCompactCandidateSearch.lean:174:0: 'Erdos85.threeHigh_triple_three_secondary_edges_compact_search_witness' depends on axioms: [propext,
 Classical.choice,
 Quot.sound]
info: Proofs/Erdos85OrderFortyNineThreeHighTripleCompactCandidateSearch.lean:175:0: 'Erdos85.threeHigh_triple_three_secondary_edges_excluded_of_compact_dfs' depends on axioms: [propext,
 Classical.choice,
 Quot.sound]
info: Proofs/Erdos85OrderFortyNineThreeHighTripleCompactCandidateSearch.lean:177:0: 'Erdos85.threeHigh_triple_excluded_of_compact_search_certificates' depends on axioms: [propext,
 Classical.choice,
 Quot.sound]
ℹ [8971/8981] Replayed Proofs.Erdos85OrderFortyNineThreeHighTripleSupportedCandidateSearch
info: Proofs/Erdos85OrderFortyNineThreeHighTripleSupportedCandidateSearch.lean:72:0: 'Erdos85.threeHighSupportedJointSearch_zero' depends on axioms: [propext, Classical.choice, Quot.sound]
info: Proofs/Erdos85OrderFortyNineThreeHighTripleSupportedCandidateSearch.lean:73:0: 'Erdos85.threeHighFullSupportedCandidateSearch_zero' depends on axioms: [propext, Classical.choice, Quot.sound]
info: Proofs/Erdos85OrderFortyNineThreeHighTripleSupportedCandidateSearch.lean:74:0: 'Erdos85.threeHighDeficientSupportedCandidateSearch_zero' depends on axioms: [propext, Classical.choice, Quot.sound]
info: Proofs/Erdos85OrderFortyNineThreeHighTripleSupportedCandidateSearch.lean:76:0: 'Erdos85.threeHighSupportedJointSearch_sound' depends on axioms: [propext, Classical.choice, Quot.sound]
info: Proofs/Erdos85OrderFortyNineThreeHighTripleSupportedCandidateSearch.lean:77:0: 'Erdos85.threeHigh_triple_excluded_of_supported_search_certificates' depends on axioms: [propext,
 Classical.choice,
 Quot.sound]
ℹ [8972/8981] Replayed Proofs.Erdos85ThreeHighClosedJointSearch
info: Proofs/Erdos85ThreeHighClosedJointSearch.lean:47:0: 'Erdos85.threeHighClosedJointSearch_eq' depends on axioms: [propext, Classical.choice, Quot.sound]
info: Proofs/Erdos85ThreeHighClosedJointSearch.lean:48:0: 'Erdos85.threeHighClosedJointSearch_sound' depends on axioms: [propext, Classical.choice, Quot.sound]
info: Proofs/Erdos85ThreeHighClosedJointSearch.lean:49:0: 'Erdos85.threeHighFullClosedCandidateSearch_eq' depends on axioms: [propext, Classical.choice, Quot.sound]
info: Proofs/Erdos85ThreeHighClosedJointSearch.lean:50:0: 'Erdos85.threeHighDeficientClosedCandidateSearch_eq' depends on axioms: [propext, Classical.choice, Quot.sound]
ℹ [8973/8981] Replayed Proofs.Erdos85ThreeHighClosedCoverGate
info: Proofs/Erdos85ThreeHighClosedCoverGate.lean:58:0: 'Erdos85.threeHighListedCoverGate_of_families' depends on axioms: [propext, Classical.choice, Quot.sound]
info: Proofs/Erdos85ThreeHighClosedCoverGate.lean:59:0: 'Erdos85.threeHighClosedCoverSearch_sound' depends on axioms: [propext, Classical.choice, Quot.sound]
ℹ [8974/8981] Replayed Proofs.Erdos85ResolutionSeparatedBound
info: Proofs/Erdos85ResolutionSeparatedBound.lean:22:0: 'Erdos85.card_le_covering_family_of_inter_card_le_one' depends on axioms: [propext, Classical.choice, Quot.sound]
ℹ [8975/8981] Replayed Proofs.Erdos85GreedySeparatedSet
info: Proofs/Erdos85GreedySeparatedSet.lean:46:0: 'Erdos85.greedySeparatedSet_cap' depends on axioms: [propext, Quot.sound]
info: Proofs/Erdos85GreedySeparatedSet.lean:47:0: 'Erdos85.greedySeparatedSet_subset' depends on axioms: [propext, Classical.choice, Quot.sound]
ℹ [8976/8981] Replayed Proofs.Erdos85ThreeHighSeparatedGate
info: Proofs/Erdos85ThreeHighSeparatedGate.lean:36:0: 'Erdos85.threeHighSeparatedGate_of_resolution' depends on axioms: [propext, Classical.choice, Quot.sound]
ℹ [8977/8981] Replayed Proofs.Erdos85ThreeHighSeparatedJointSearch
info: Proofs/Erdos85ThreeHighSeparatedJointSearch.lean:39:0: 'Erdos85.threeHighSeparatedJointSearch_sound' depends on axioms: [propext, Classical.choice, Quot.sound]
ℹ [8978/8981] Replayed Proofs.Erdos85ThreeHighCachedSupportClosure
info: Proofs/Erdos85ThreeHighCachedSupportClosure.lean:70:0: 'Erdos85.threeHighSupportTableUntilStable_eq' depends on axioms: [propext, Classical.choice, Quot.sound]
info: Proofs/Erdos85ThreeHighCachedSupportClosure.lean:71:0: 'Erdos85.threeHighSupportTableClosure_eq' depends on axioms: [propext, Classical.choice, Quot.sound]
info: Proofs/Erdos85ThreeHighCachedSupportClosure.lean:72:0: 'Erdos85.threeHighCachedSeparatedJointSearch_eq' depends on axioms: [propext, Classical.choice, Quot.sound]
info: Proofs/Erdos85ThreeHighCachedSupportClosure.lean:73:0: 'Erdos85.threeHighCachedSeparatedJointSearch_sound' depends on axioms: [propext, Classical.choice, Quot.sound]
ℹ [8979/8981] Replayed Proofs.Erdos85ThreeHighDistinctJointSearch
info: Proofs/Erdos85ThreeHighDistinctJointSearch.lean:86:0: 'Erdos85.threeHighListedDistinctJointSearch_of_families' depends on axioms: [propext, Classical.choice, Quot.sound]
info: Proofs/Erdos85ThreeHighDistinctJointSearch.lean:87:0: 'Erdos85.threeHighDistinctJointSearch_sound' depends on axioms: [propext, Classical.choice, Quot.sound]
info: Proofs/Erdos85ThreeHighDistinctJointSearch.lean:88:0: 'Erdos85.threeHighCachedDistinctJointSearch_eq' depends on axioms: [propext, Classical.choice, Quot.sound]
info: Proofs/Erdos85ThreeHighDistinctJointSearch.lean:89:0: 'Erdos85.threeHighCachedDistinctJointSearch_sound' depends on axioms: [propext, Classical.choice, Quot.sound]
ℹ [8980/8981] Replayed Proofs.Erdos85ThreeHighNativePairSearch
info: Proofs/Erdos85ThreeHighNativePairSearch.lean:79:0: 'Erdos85.threeHighFactoredCapacityColumnDFS_eq' depends on axioms: [propext, Classical.choice, Quot.sound]
info: Proofs/Erdos85ThreeHighNativePairSearch.lean:80:0: 'Erdos85.threeHighNativePairSearch_eq' depends on axioms: [propext, Classical.choice, Quot.sound]
info: Proofs/Erdos85ThreeHighNativePairSearch.lean:81:0: 'Erdos85.threeHighNativePairSearch_no_joint' depends on axioms: [propext, Classical.choice, Quot.sound]
Build completed successfully (8981 jobs).
